candidate_relevant_findings,classification,control_legal,endpoint,explicit_categories,hand_object_findings,hand_object_native_material,hand_table_findings,hand_table_native_material,joint_legal,joint_min_margin,native_material_interference,native_unknown,other_true_self_findings,palm_thumb_native_material,palm_thumb_semantics,probe_family,runtime_proxy_interference,runtime_self_min_distance_m,runtime_target_min_distance_m,scene_monitor_findings,state,structural_overlap_findings,true_self_collision_native_material,unknown_semantics
"{""left_hand_object"": [[""left_ring_link2_visual"", ""left_object_visual""], [""left_pinky_link1_visual"", ""left_object_visual""], [""left_pinky_link2_visual"", ""left_object_visual""]], ""left_hand_table"": [""left_hand_link_visual"", ""left_thumb_rota1_visual"", ""left_thumb_rota2_visual"", ""left_middle_link2_visual""], ""left_omitted_nonadjacent"": [[""left_hand_link_visual"", ""left_thumb_rota1_visual""]], ""left_unclassified_omitted_nonadjacent"": []}",PROXY_AND_NATIVE_AGREE_INTERFERENCE,True,0,"[""HAND_OBJECT_NATIVE_MATERIAL"", ""HAND_TABLE_NATIVE_MATERIAL"", ""TRUE_SELF_COLLISION_NATIVE_MATERIAL"", ""RUNTIME_PROXY_INTERFERENCE""]","[[""left_ring_link2_visual"", ""left_object_visual""], [""left_pinky_link1_visual"", ""left_object_visual""], [""left_pinky_link2_visual"", ""left_object_visual""]]",True,"[""left_hand_link_visual"", ""left_thumb_rota1_visual"", ""left_thumb_rota2_visual"", ""left_middle_link2_visual""]",True,True,-3.2529835819510784e-17,True,False,[],True,TRUE_SELF_COLLISION,,True,-2.401717323794335e-07,-0.015241865107152402,"{""object_table"": [], ""right_or_other_hand_object"": [], ""right_or_other_hand_table"": [""right_thumb_rota1_visual"", ""right_thumb_rota2_visual"", ""right_index_rota2_visual"", ""right_ring_link2_visual"", ""right_pinky_link2_visual""]}",OLD_MINK_REFERENCE,[],True,False
"{""left_hand_object"": [[""left_ring_link2_visual"", ""left_object_visual""], [""left_pinky_link1_visual"", ""left_object_visual""], [""left_pinky_link2_visual"", ""left_object_visual""]], ""left_hand_table"": [""left_hand_link_visual"", ""left_thumb_rota1_visual"", ""left_thumb_rota2_visual"", ""left_middle_link2_visual"", ""left_pinky_link2_visual""], ""left_omitted_nonadjacent"": [[""left_hand_link_visual"", ""left_thumb_rota1_visual""]], ""left_unclassified_omitted_nonadjacent"": []}",PROXY_AND_NATIVE_AGREE_INTERFERENCE,True,1,"[""HAND_OBJECT_NATIVE_MATERIAL"", ""HAND_TABLE_NATIVE_MATERIAL"", ""TRUE_SELF_COLLISION_NATIVE_MATERIAL"", ""RUNTIME_PROXY_INTERFERENCE""]","[[""left_ring_link2_visual"", ""left_object_visual""], [""left_pinky_link1_visual"", ""left_object_visual""], [""left_pinky_link2_visual"", ""left_object_visual""]]",True,"[""left_hand_link_visual"", ""left_thumb_rota1_visual"", ""left_thumb_rota2_visual"", ""left_middle_link2_visual"", ""left_pinky_link2_visual""]",True,True,-4.0513295778417536e-17,True,False,[],True,TRUE_SELF_COLLISION,,True,-2.3342439720455234e-07,-0.01582055220606506,"{""object_table"": [""left_object_visual""], ""right_or_other_hand_object"": [], ""right_or_other_hand_table"": [""right_thumb_rota1_visual"", ""right_thumb_rota2_visual"", ""right_index_rota2_visual"", ""right_ring_link2_visual"", ""right_pinky_link2_visual""]}",OLD_MINK_REFERENCE,[],True,False
"{""left_hand_object"": [[""left_ring_link2_visual"", ""left_object_visual""], [""left_pinky_link1_visual"", ""left_object_visual""], [""left_pinky_link2_visual"", ""left_object_visual""]], ""left_hand_table"": [""left_hand_link_visual"", ""left_thumb_rota1_visual"", ""left_thumb_rota2_visual"", ""left_middle_link2_visual"", ""left_pinky_link2_visual""], ""left_omitted_nonadjacent"": [[""left_hand_link_visual"", ""left_thumb_rota1_visual""]], ""left_unclassified_omitted_nonadjacent"": []}",PROXY_AND_NATIVE_AGREE_INTERFERENCE,True,2,"[""HAND_OBJECT_NATIVE_MATERIAL"", ""HAND_TABLE_NATIVE_MATERIAL"", ""TRUE_SELF_COLLISION_NATIVE_MATERIAL"", ""RUNTIME_PROXY_INTERFERENCE""]","[[""left_ring_link2_visual"", ""left_object_visual""], [""left_pinky_link1_visual"", ""left_object_visual""], [""left_pinky_link2_visual"", ""left_object_visual""]]",True,"[""left_hand_link_visual"", ""left_thumb_rota1_visual"", ""left_thumb_rota2_visual"", ""left_middle_link2_visual"", ""left_pinky_link2_visual""]",True,True,-6.704413990774788e-18,True,False,[],True,TRUE_SELF_COLLISION,,True,-5.201807149206283e-09,-0.015772558947915537,"{""object_table"": [], ""right_or_other_hand_object"": [], ""right_or_other_hand_table"": [""right_thumb_rota1_visual"", ""right_thumb_rota2_visual"", ""right_index_rota2_visual"", ""right_ring_link2_visual"", ""right_pinky_link2_visual""]}",OLD_MINK_REFERENCE,[],True,False
"{""left_hand_object"": [[""left_ring_link2_visual"", ""left_object_visual""], [""left_pinky_link1_visual"", ""left_object_visual""], [""left_pinky_link2_visual"", ""left_object_visual""]], ""left_hand_table"": [""left_hand_link_visual"", ""left_thumb_rota1_visual"", ""left_thumb_rota2_visual"", ""left_middle_link2_visual"", ""left_pinky_link2_visual""], ""left_omitted_nonadjacent"": [[""left_hand_link_visual"", ""left_thumb_rota1_visual""]], ""left_unclassified_omitted_nonadjacent"": []}",PROXY_AND_NATIVE_AGREE_INTERFERENCE,True,3,"[""HAND_OBJECT_NATIVE_MATERIAL"", ""HAND_TABLE_NATIVE_MATERIAL"", ""TRUE_SELF_COLLISION_NATIVE_MATERIAL"", ""RUNTIME_PROXY_INTERFERENCE""]","[[""left_ring_link2_visual"", ""left_object_visual""], [""left_pinky_link1_visual"", ""left_object_visual""], [""left_pinky_link2_visual"", ""left_object_visual""]]",True,"[""left_hand_link_visual"", ""left_thumb_rota1_visual"", ""left_thumb_rota2_visual"", ""left_middle_link2_visual"", ""left_pinky_link2_visual""]",True,True,-1.1000762567967644e-17,True,False,[],True,TRUE_SELF_COLLISION,,True,-1.7952482825208246e-07,-0.015746010949578677,"{""object_table"": [], ""right_or_other_hand_object"": [], ""right_or_other_hand_table"": [""right_thumb_rota1_visual"", ""right_thumb_rota2_visual"", ""right_index_rota2_visual"", ""right_pinky_link2_visual""]}",OLD_MINK_REFERENCE,[],True,False
"{""left_hand_object"": [[""left_ring_link2_visual"", ""left_object_visual""], [""left_pinky_link1_visual"", ""left_object_visual""], [""left_pinky_link2_visual"", ""left_object_visual""]], ""left_hand_table"": [""left_hand_link_visual"", ""left_thumb_rota1_visual"", ""left_thumb_rota2_visual"", ""left_index_rota2_visual"", ""left_middle_link2_visual"", ""left_pinky_link2_visual""], ""left_omitted_nonadjacent"": [[""left_hand_link_visual"", ""left_thumb_rota1_visual""]], ""left_unclassified_omitted_nonadjacent"": []}",PROXY_AND_NATIVE_AGREE_INTERFERENCE,True,4,"[""HAND_OBJECT_NATIVE_MATERIAL"", ""HAND_TABLE_NATIVE_MATERIAL"", ""TRUE_SELF_COLLISION_NATIVE_MATERIAL"", ""RUNTIME_PROXY_INTERFERENCE""]","[[""left_ring_link2_visual"", ""left_object_visual""], [""left_pinky_link1_visual"", ""left_object_visual""], [""left_pinky_link2_visual"", ""left_object_visual""]]",True,"[""left_hand_link_visual"", ""left_thumb_rota1_visual"", ""left_thumb_rota2_visual"", ""left_index_rota2_visual"", ""left_middle_link2_visual"", ""left_pinky_link2_visual""]",True,True,-2.7755575615628914e-17,True,False,[],True,TRUE_SELF_COLLISION,,True,-1.2668448285207657e-09,-0.015758723191409953,"{""object_table"": [], ""right_or_other_hand_object"": [], ""right_or_other_hand_table"": [""right_thumb_rota1_visual"", ""right_thumb_rota2_visual"", ""right_middle_link2_visual"", ""right_pinky_link2_visual""]}",OLD_MINK_REFERENCE,[],True,False
"{""left_hand_object"": [[""left_ring_link2_visual"", ""left_object_visual""], [""left_pinky_link1_visual"", ""left_object_visual""], [""left_pinky_link2_visual"", ""left_object_visual""]], ""left_hand_table"": [""left_hand_link_visual"", ""left_thumb_rota1_visual"", ""left_thumb_rota2_visual"", ""left_index_rota2_visual"", ""left_middle_link2_visual""], ""left_omitted_nonadjacent"": [[""left_hand_link_visual"", ""left_thumb_rota1_visual""]], ""left_unclassified_omitted_nonadjacent"": []}",PROXY_AND_NATIVE_AGREE_INTERFERENCE,True,5,"[""HAND_OBJECT_NATIVE_MATERIAL"", ""HAND_TABLE_NATIVE_MATERIAL"", ""TRUE_SELF_COLLISION_NATIVE_MATERIAL"", ""RUNTIME_PROXY_INTERFERENCE""]","[[""left_ring_link2_visual"", ""left_object_visual""], [""left_pinky_link1_visual"", ""left_object_visual""], [""left_pinky_link2_visual"", ""left_object_visual""]]",True,"[""left_hand_link_visual"", ""left_thumb_rota1_visual"", ""left_thumb_rota2_visual"", ""left_index_rota2_visual"", ""left_middle_link2_visual""]",True,True,-3.9499537086595314e-17,True,False,[],True,TRUE_SELF_COLLISION,,True,-1.2965453318056212e-09,-0.01559892371616479,"{""object_table"": [], ""right_or_other_hand_object"": [], ""right_or_other_hand_table"": [""right_thumb_rota1_visual"", ""right_thumb_rota2_visual"", ""right_pinky_link2_visual""]}",OLD_MINK_REFERENCE,[],True,False
"{""left_hand_object"": [[""left_ring_link2_visual"", ""left_object_visual""], [""left_pinky_link1_visual"", ""left_object_visual""], [""left_pinky_link2_visual"", ""left_object_visual""]], ""left_hand_table"": [""left_hand_link_visual"", ""left_thumb_rota1_visual"", ""left_thumb_rota2_visual"", ""left_index_rota2_visual""], ""left_omitted_nonadjacent"": [[""left_hand_link_visual"", ""left_thumb_rota1_visual""]], ""left_unclassified_omitted_nonadjacent"": []}",PROXY_AND_NATIVE_AGREE_INTERFERENCE,True,6,"[""HAND_OBJECT_NATIVE_MATERIAL"", ""HAND_TABLE_NATIVE_MATERIAL"", ""TRUE_SELF_COLLISION_NATIVE_MATERIAL"", ""RUNTIME_PROXY_INTERFERENCE""]","[[""left_ring_link2_visual"", ""left_object_visual""], [""left_pinky_link1_visual"", ""left_object_visual""], [""left_pinky_link2_visual"", ""left_object_visual""]]",True,"[""left_hand_link_visual"", ""left_thumb_rota1_visual"", ""left_thumb_rota2_visual"", ""left_index_rota2_visual""]",True,True,-5.5082717797412724e-17,True,False,[],True,TRUE_SELF_COLLISION,,True,-1.5764097964244022e-07,-0.015630133746259385,"{""object_table"": [], ""right_or_other_hand_object"": [], ""right_or_other_hand_table"": [""right_thumb_rota1_visual"", ""right_thumb_rota2_visual"", ""right_middle_link2_visual"", ""right_pinky_link2_visual""]}",OLD_MINK_REFERENCE,[],True,False
"{""left_hand_object"": [[""left_ring_link2_visual"", ""left_object_visual""], [""left_pinky_link1_visual"", ""left_object_visual""], [""left_pinky_link2_visual"", ""left_object_visual""]], ""left_hand_table"": [""left_hand_link_visual"", ""left_thumb_rota2_visual"", ""left_index_rota2_visual"", ""left_middle_link2_visual"", ""left_ring_link2_visual""], ""left_omitted_nonadjacent"": [[""left_hand_link_visual"", ""left_thumb_rota1_visual""], [""left_index_rota2_visual"", ""left_middle_link2_visual""]], ""left_unclassified_omitted_nonadjacent"": []}",PROXY_AND_NATIVE_AGREE_INTERFERENCE,True,7,"[""HAND_OBJECT_NATIVE_MATERIAL"", ""HAND_TABLE_NATIVE_MATERIAL"", ""TRUE_SELF_COLLISION_NATIVE_MATERIAL"", ""OTHER_TRUE_SELF_COLLISION_NATIVE_MATERIAL"", ""RUNTIME_PROXY_INTERFERENCE""]","[[""left_ring_link2_visual"", ""left_object_visual""], [""left_pinky_link1_visual"", ""left_object_visual""], [""left_pinky_link2_visual"", ""left_object_visual""]]",True,"[""left_hand_link_visual"", ""left_thumb_rota2_visual"", ""left_index_rota2_visual"", ""left_middle_link2_visual"", ""left_ring_link2_visual""]",True,True,-8.255753444972766e-18,True,False,"[[""left_index_rota2_visual"", ""left_middle_link2_visual""]]",True,TRUE_SELF_COLLISION,,True,-6.650150539051039e-07,-0.014548313188650495,"{""object_table"": [""left_object_visual""], ""right_or_other_hand_object"": [], ""right_or_other_hand_table"": [""right_thumb_rota1_visual"", ""right_thumb_rota2_visual"", ""right_index_rota2_visual"", ""right_middle_link2_visual"", ""right_ring_link2_visual"", ""right_pinky_link2_visual""]}",OLD_MINK_REFERENCE,[],True,False
"{""left_hand_object"": [[""left_pinky_link1_visual"", ""left_object_visual""], [""left_pinky_link2_visual"", ""left_object_visual""]], ""left_hand_table"": [""left_hand_link_visual"", ""left_index_rota2_visual"", ""left_ring_link2_visual""], ""left_omitted_nonadjacent"": [[""left_hand_link_visual"", ""left_thumb_rota1_visual""]], ""left_unclassified_omitted_nonadjacent"": []}",PROXY_AND_NATIVE_AGREE_INTERFERENCE,True,8,"[""HAND_OBJECT_NATIVE_MATERIAL"", ""HAND_TABLE_NATIVE_MATERIAL"", ""TRUE_SELF_COLLISION_NATIVE_MATERIAL"", ""RUNTIME_PROXY_INTERFERENCE""]","[[""left_pinky_link1_visual"", ""left_object_visual""], [""left_pinky_link2_visual"", ""left_object_visual""]]",True,"[""left_hand_link_visual"", ""left_index_rota2_visual"", ""left_ring_link2_visual""]",True,True,0.0,True,False,[],True,TRUE_SELF_COLLISION,,True,-2.7584778312986158e-12,-0.011488378082768059,"{""object_table"": [""left_object_visual""], ""right_or_other_hand_object"": [], ""right_or_other_hand_table"": [""right_thumb_rota1_visual"", ""right_thumb_rota2_visual"", ""right_index_rota2_visual"", ""right_middle_link2_visual"", ""right_ring_link2_visual"", ""right_pinky_link2_visual""]}",OLD_MINK_REFERENCE,[],True,False
"{""left_hand_object"": [[""left_pinky_link1_visual"", ""left_object_visual""], [""left_pinky_link2_visual"", ""left_object_visual""]], ""left_hand_table"": [""left_ring_link2_visual""], ""left_omitted_nonadjacent"": [[""left_hand_link_visual"", ""left_thumb_rota1_visual""]], ""left_unclassified_omitted_nonadjacent"": []}",PROXY_AND_NATIVE_AGREE_INTERFERENCE,True,9,"[""HAND_OBJECT_NATIVE_MATERIAL"", ""HAND_TABLE_NATIVE_MATERIAL"", ""TRUE_SELF_COLLISION_NATIVE_MATERIAL"", ""RUNTIME_PROXY_INTERFERENCE""]","[[""left_pinky_link1_visual"", ""left_object_visual""], [""left_pinky_link2_visual"", ""left_object_visual""]]",True,"[""left_ring_link2_visual""]",True,True,-1.0708455285455398e-17,True,False,[],True,TRUE_SELF_COLLISION,,True,2.3099604024631043e-07,-0.006678678253717168,"{""object_table"": [], ""right_or_other_hand_object"": [], ""right_or_other_hand_table"": [""right_thumb_rota1_visual"", ""right_thumb_rota2_visual"", ""right_index_rota2_visual"", ""right_middle_link2_visual"", ""right_ring_link2_visual"", ""right_pinky_link2_visual""]}",OLD_MINK_REFERENCE,[],True,False
"{""left_hand_object"": [[""left_pinky_link1_visual"", ""left_object_visual""], [""left_pinky_link2_visual"", ""left_object_visual""]], ""left_hand_table"": [""left_ring_link2_visual""], ""left_omitted_nonadjacent"": [[""left_hand_link_visual"", ""left_thumb_rota1_visual""]], ""left_unclassified_omitted_nonadjacent"": []}",PROXY_AND_NATIVE_AGREE_INTERFERENCE,True,10,"[""HAND_OBJECT_NATIVE_MATERIAL"", ""HAND_TABLE_NATIVE_MATERIAL"", ""TRUE_SELF_COLLISION_NATIVE_MATERIAL"", ""RUNTIME_PROXY_INTERFERENCE""]","[[""left_pinky_link1_visual"", ""left_object_visual""], [""left_pinky_link2_visual"", ""left_object_visual""]]",True,"[""left_ring_link2_visual""]",True,True,-2.7755575615628914e-17,True,False,[],True,TRUE_SELF_COLLISION,,True,3.0442831870647336e-07,-0.003468637825365784,"{""object_table"": [""left_object_visual""], ""right_or_other_hand_object"": [], ""right_or_other_hand_table"": [""right_thumb_rota1_visual"", ""right_thumb_rota2_visual"", ""right_index_rota2_visual"", ""right_middle_link2_visual"", ""right_ring_link2_visual"", ""right_pinky_link2_visual""]}",OLD_MINK_REFERENCE,[],True,False
"{""left_hand_object"": [[""left_pinky_link1_visual"", ""left_object_visual""], [""left_pinky_link2_visual"", ""left_object_visual""]], ""left_hand_table"": [""left_ring_link2_visual"", ""left_pinky_link2_visual""], ""left_omitted_nonadjacent"": [[""left_hand_link_visual"", ""left_thumb_rota1_visual""]], ""left_unclassified_omitted_nonadjacent"": []}",PROXY_AND_NATIVE_AGREE_INTERFERENCE,True,11,"[""HAND_OBJECT_NATIVE_MATERIAL"", ""HAND_TABLE_NATIVE_MATERIAL"", ""TRUE_SELF_COLLISION_NATIVE_MATERIAL"", ""RUNTIME_PROXY_INTERFERENCE""]","[[""left_pinky_link1_visual"", ""left_object_visual""], [""left_pinky_link2_visual"", ""left_object_visual""]]",True,"[""left_ring_link2_visual"", ""left_pinky_link2_visual""]",True,True,0.0,True,False,[],True,TRUE_SELF_COLLISION,,True,2.0228701079873582e-07,-0.0037352567248532557,"{""object_table"": [""left_object_visual""], ""right_or_other_hand_object"": [], ""right_or_other_hand_table"": [""right_thumb_rota2_visual"", ""right_index_rota2_visual"", ""right_middle_link2_visual"", ""right_ring_link2_visual"", ""right_pinky_link2_visual""]}",OLD_MINK_REFERENCE,[],True,False
"{""left_hand_object"": [[""left_pinky_link1_visual"", ""left_object_visual""], [""left_pinky_link2_visual"", ""left_object_visual""]], ""left_hand_table"": [], ""left_omitted_nonadjacent"": [[""left_hand_link_visual"", ""left_thumb_rota1_visual""]], ""left_unclassified_omitted_nonadjacent"": []}",PROXY_AND_NATIVE_AGREE_INTERFERENCE,True,12,"[""HAND_OBJECT_NATIVE_MATERIAL"", ""TRUE_SELF_COLLISION_NATIVE_MATERIAL"", ""RUNTIME_PROXY_INTERFERENCE""]","[[""left_pinky_link1_visual"", ""left_object_visual""], [""left_pinky_link2_visual"", ""left_object_visual""]]",True,[],False,True,-2.7755575615628914e-17,True,False,[],True,TRUE_SELF_COLLISION,,True,3.0399712185047445e-07,-0.0047041912774063825,"{""object_table"": [""left_object_visual""], ""right_or_other_hand_object"": [], ""right_or_other_hand_table"": [""right_middle_link2_visual"", ""right_ring_link2_visual"", ""right_pinky_link2_visual""]}",OLD_MINK_REFERENCE,[],True,False
"{""left_hand_object"": [[""left_pinky_link1_visual"", ""left_object_visual""], [""left_pinky_link2_visual"", ""left_object_visual""]], ""left_hand_table"": [], ""left_omitted_nonadjacent"": [[""left_hand_link_visual"", ""left_thumb_rota1_visual""]], ""left_unclassified_omitted_nonadjacent"": []}",PROXY_AND_NATIVE_AGREE_INTERFERENCE,True,13,"[""HAND_OBJECT_NATIVE_MATERIAL"", ""TRUE_SELF_COLLISION_NATIVE_MATERIAL"", ""RUNTIME_PROXY_INTERFERENCE""]","[[""left_pinky_link1_visual"", ""left_object_visual""], [""left_pinky_link2_visual"", ""left_object_visual""]]",True,[],False,True,-8.326672684688674e-17,True,False,[],True,TRUE_SELF_COLLISION,,True,-3.0981322133119775e-09,-0.005804747487507824,"{""object_table"": [], ""right_or_other_hand_object"": [], ""right_or_other_hand_table"": [""right_ring_link2_visual"", ""right_pinky_link2_visual""]}",OLD_MINK_REFERENCE,[],True,False
"{""left_hand_object"": [[""left_pinky_link2_visual"", ""left_object_visual""]], ""left_hand_table"": [], ""left_omitted_nonadjacent"": [[""left_hand_link_visual"", ""left_thumb_rota1_visual""]], ""left_unclassified_omitted_nonadjacent"": []}",PROXY_AND_NATIVE_AGREE_INTERFERENCE,True,14,"[""HAND_OBJECT_NATIVE_MATERIAL"", ""TRUE_SELF_COLLISION_NATIVE_MATERIAL"", ""RUNTIME_PROXY_INTERFERENCE""]","[[""left_pinky_link2_visual"", ""left_object_visual""]]",True,[],False,True,0.0,True,False,[],True,TRUE_SELF_COLLISION,,True,-5.358146970313533e-12,-0.007962672392576508,"{""object_table"": [""left_object_visual""], ""right_or_other_hand_object"": [], ""right_or_other_hand_table"": [""right_ring_link2_visual"", ""right_pinky_link2_visual""]}",OLD_MINK_REFERENCE,[],True,False
"{""left_hand_object"": [[""left_ring_link2_visual"", ""left_object_visual""], [""left_pinky_link2_visual"", ""left_object_visual""]], ""left_hand_table"": [], ""left_omitted_nonadjacent"": [[""left_hand_link_visual"", ""left_thumb_rota1_visual""]], ""left_unclassified_omitted_nonadjacent"": []}",PROXY_AND_NATIVE_AGREE_INTERFERENCE,True,15,"[""HAND_OBJECT_NATIVE_MATERIAL"", ""TRUE_SELF_COLLISION_NATIVE_MATERIAL"", ""RUNTIME_PROXY_INTERFERENCE""]","[[""left_ring_link2_visual"", ""left_object_visual""], [""left_pinky_link2_visual"", ""left_object_visual""]]",True,[],False,True,0.0,True,False,[],True,TRUE_SELF_COLLISION,,True,-9.599943367577539e-12,-0.0013721581667013746,"{""object_table"": [""left_object_visual""], ""right_or_other_hand_object"": [], ""right_or_other_hand_table"": [""right_pinky_link2_visual""]}",OLD_MINK_REFERENCE,[],True,False
"{""left_hand_object"": [[""left_middle_link2_visual"", ""left_object_visual""]], ""left_hand_table"": [], ""left_omitted_nonadjacent"": [[""left_hand_link_visual"", ""left_thumb_rota1_visual""]], ""left_unclassified_omitted_nonadjacent"": []}",PROXY_AND_NATIVE_AGREE_INTERFERENCE,True,16,"[""HAND_OBJECT_NATIVE_MATERIAL"", ""TRUE_SELF_COLLISION_NATIVE_MATERIAL"", ""RUNTIME_PROXY_INTERFERENCE""]","[[""left_middle_link2_visual"", ""left_object_visual""]]",True,[],False,True,-8.326672684688674e-17,True,False,[],True,TRUE_SELF_COLLISION,,True,-3.817734551588935e-11,-0.0067774492969689395,"{""object_table"": [""left_object_visual""], ""right_or_other_hand_object"": [[""right_index_rota2_visual"", ""right_object_visual""]], ""right_or_other_hand_table"": [""right_pinky_link2_visual""]}",OLD_MINK_REFERENCE,[],True,False
"{""left_hand_object"": [[""left_middle_link2_visual"", ""left_object_visual""]], ""left_hand_table"": [], ""left_omitted_nonadjacent"": [[""left_hand_link_visual"", ""left_thumb_rota1_visual""]], ""left_unclassified_omitted_nonadjacent"": []}",PROXY_AND_NATIVE_AGREE_INTERFERENCE,True,17,"[""HAND_OBJECT_NATIVE_MATERIAL"", ""TRUE_SELF_COLLISION_NATIVE_MATERIAL"", ""RUNTIME_PROXY_INTERFERENCE""]","[[""left_middle_link2_visual"", ""left_object_visual""]]",True,[],False,True,-8.326672684688674e-17,True,False,[],True,TRUE_SELF_COLLISION,,True,-1.3721075602678523e-10,-0.009101128962853162,"{""object_table"": [], ""right_or_other_hand_object"": [[""right_index_rota2_visual"", ""right_object_visual""]], ""right_or_other_hand_table"": [""right_pinky_link2_visual""]}",OLD_MINK_REFERENCE,[],True,False
"{""left_hand_object"": [[""left_index_rota2_visual"", ""left_object_visual""], [""left_middle_link2_visual"", ""left_object_visual""]], ""left_hand_table"": [], ""left_omitted_nonadjacent"": [[""left_hand_link_visual"", ""left_thumb_rota1_visual""]], ""left_unclassified_omitted_nonadjacent"": []}",PROXY_AND_NATIVE_AGREE_INTERFERENCE,True,18,"[""HAND_OBJECT_NATIVE_MATERIAL"", ""TRUE_SELF_COLLISION_NATIVE_MATERIAL"", ""RUNTIME_PROXY_INTERFERENCE""]","[[""left_index_rota2_visual"", ""left_object_visual""], [""left_middle_link2_visual"", ""left_object_visual""]]",True,[],False,True,-2.7755575615628914e-16,True,False,[],True,TRUE_SELF_COLLISION,,True,-5.312456342611941e-10,-0.002915038835618621,"{""object_table"": [""left_object_visual""], ""right_or_other_hand_object"": [[""right_index_rota2_visual"", ""right_object_visual""]], ""right_or_other_hand_table"": [""right_pinky_link2_visual""]}",OLD_MINK_REFERENCE,[],True,False
"{""left_hand_object"": [], ""left_hand_table"": [""left_pinky_link2_visual""], ""left_omitted_nonadjacent"": [[""left_hand_link_visual"", ""left_thumb_rota1_visual""]], ""left_unclassified_omitted_nonadjacent"": []}",PROXY_AND_NATIVE_AGREE_INTERFERENCE,True,19,"[""HAND_TABLE_NATIVE_MATERIAL"", ""TRUE_SELF_COLLISION_NATIVE_MATERIAL"", ""RUNTIME_PROXY_INTERFERENCE""]",[],False,"[""left_pinky_link2_visual""]",True,True,-2.7755575615628914e-17,True,False,[],True,TRUE_SELF_COLLISION,,True,-1.465382723525815e-09,-7.103882910433507e-05,"{""object_table"": [], ""right_or_other_hand_object"": [[""right_index_rota2_visual"", ""right_object_visual""]], ""right_or_other_hand_table"": [""right_pinky_link1_visual"", ""right_pinky_link2_visual""]}",OLD_MINK_REFERENCE,[],True,False
"{""left_hand_object"": [], ""left_hand_table"": [""left_ring_link2_visual"", ""left_pinky_link2_visual""], ""left_omitted_nonadjacent"": [[""left_hand_link_visual"", ""left_thumb_rota1_visual""]], ""left_unclassified_omitted_nonadjacent"": []}",NATIVE_STRICTER_THAN_PROXY,True,20,"[""HAND_TABLE_NATIVE_MATERIAL"", ""TRUE_SELF_COLLISION_NATIVE_MATERIAL""]",[],False,"[""left_ring_link2_visual"", ""left_pinky_link2_visual""]",True,True,-5.551115123125783e-17,True,False,[],True,TRUE_SELF_COLLISION,,False,-6.5324014336517065e-09,0.001921155239505791,"{""object_table"": [], ""right_or_other_hand_object"": [[""right_index_rota2_visual"", ""right_object_visual""]], ""right_or_other_hand_table"": [""right_ring_link2_visual"", ""right_pinky_link1_visual"", ""right_pinky_link2_visual""]}",OLD_MINK_REFERENCE,[],True,False
"{""left_hand_object"": [], ""left_hand_table"": [], ""left_omitted_nonadjacent"": [], ""left_unclassified_omitted_nonadjacent"": []}",PROXY_AND_NATIVE_AGREE_LEGAL,True,0,[],[],False,[],False,True,-3.2529837118158375e-17,False,False,[],False,TRUE_SELF_COLLISION,,False,1.9994679309259256e-06,1.97584582058608e-06,"{""object_table"": [], ""right_or_other_hand_object"": [], ""right_or_other_hand_table"": []}",ACCEPTED_A_REPLAY,[],False,False
"{""left_hand_object"": [], ""left_hand_table"": [], ""left_omitted_nonadjacent"": [], ""left_unclassified_omitted_nonadjacent"": []}",PROXY_AND_NATIVE_AGREE_LEGAL,True,1,[],[],False,[],False,True,1.3909030940340017e-06,False,False,[],False,TRUE_SELF_COLLISION,,False,1.7394929838431585e-06,0.00025735778300220967,"{""object_table"": [""right_object_visual"", ""left_object_visual""], ""right_or_other_hand_object"": [], ""right_or_other_hand_table"": [""right_thumb_rota2_visual""]}",ACCEPTED_A_REPLAY,[],False,False
"{""left_hand_object"": [], ""left_hand_table"": [], ""left_omitted_nonadjacent"": [], ""left_unclassified_omitted_nonadjacent"": []}",PROXY_AND_NATIVE_AGREE_LEGAL,True,2,[],[],False,[],False,True,3.971570549765602e-06,False,False,[],False,TRUE_SELF_COLLISION,,False,1.3364351447390058e-06,0.00016575994540371855,"{""object_table"": [""right_object_visual"", ""left_object_visual""], ""right_or_other_hand_object"": [], ""right_or_other_hand_table"": [""right_thumb_rota2_visual""]}",ACCEPTED_A_REPLAY,[],False,False
"{""left_hand_object"": [], ""left_hand_table"": [], ""left_omitted_nonadjacent"": [], ""left_unclassified_omitted_nonadjacent"": []}",PROXY_AND_NATIVE_AGREE_LEGAL,True,3,[],[],False,[],False,True,6.261482212721603e-06,False,False,[],False,TRUE_SELF_COLLISION,,False,8.201255679444591e-07,0.0004517907787992947,"{""object_table"": [""left_object_visual""], ""right_or_other_hand_object"": [], ""right_or_other_hand_table"": [""right_thumb_rota2_visual""]}",ACCEPTED_A_REPLAY,[],False,False
"{""left_hand_object"": [], ""left_hand_table"": [], ""left_omitted_nonadjacent"": [[""left_hand_link_visual"", ""left_thumb_rota1_visual""]], ""left_unclassified_omitted_nonadjacent"": []}",NATIVE_STRICTER_THAN_PROXY,True,4,"[""TRUE_SELF_COLLISION_NATIVE_MATERIAL""]",[],False,[],False,True,8.028961019590497e-06,True,False,[],True,TRUE_SELF_COLLISION,,False,2.619998887394043e-07,0.0014285005147856439,"{""object_table"": [""left_object_visual""], ""right_or_other_hand_object"": [], ""right_or_other_hand_table"": [""right_thumb_rota2_visual""]}",ACCEPTED_A_REPLAY,[],True,False
"{""left_hand_object"": [], ""left_hand_table"": [], ""left_omitted_nonadjacent"": [[""left_hand_link_visual"", ""left_thumb_rota1_visual""]], ""left_unclassified_omitted_nonadjacent"": []}",NATIVE_STRICTER_THAN_PROXY,True,5,"[""TRUE_SELF_COLLISION_NATIVE_MATERIAL""]",[],False,[],False,True,9.282470273319632e-06,True,False,[],True,TRUE_SELF_COLLISION,,False,-1.6967636771899163e-07,0.0023145783212538125,"{""object_table"": [""left_object_visual""], ""right_or_other_hand_object"": [], ""right_or_other_hand_table"": []}",ACCEPTED_A_REPLAY,[],True,False
"{""left_hand_object"": [], ""left_hand_table"": [], ""left_omitted_nonadjacent"": [[""left_hand_link_visual"", ""left_thumb_rota1_visual""]], ""left_unclassified_omitted_nonadjacent"": []}",NATIVE_STRICTER_THAN_PROXY,True,6,"[""TRUE_SELF_COLLISION_NATIVE_MATERIAL""]",[],False,[],False,True,1.0093109267472755e-05,True,False,[],True,TRUE_SELF_COLLISION,,False,2.1843399947916732e-08,0.003330220837115054,"{""object_table"": [""left_object_visual""], ""right_or_other_hand_object"": [], ""right_or_other_hand_table"": []}",ACCEPTED_A_REPLAY,[],True,False
"{""left_hand_object"": [], ""left_hand_table"": [], ""left_omitted_nonadjacent"": [[""left_hand_link_visual"", ""left_thumb_rota1_visual""]], ""left_unclassified_omitted_nonadjacent"": []}",PROXY_AND_NATIVE_AGREE_INTERFERENCE,True,7,"[""TRUE_SELF_COLLISION_NATIVE_MATERIAL"", ""RUNTIME_PROXY_INTERFERENCE""]",[],False,[],False,True,1.0557036148384213e-05,True,False,[],True,TRUE_SELF_COLLISION,,True,-0.00010174126547892046,0.00430161097607161,"{""object_table"": [""left_object_visual""], ""right_or_other_hand_object"": [], ""right_or_other_hand_table"": []}",ACCEPTED_A_REPLAY,[],True,False
"{""left_hand_object"": [], ""left_hand_table"": [], ""left_omitted_nonadjacent"": [[""left_hand_link_visual"", ""left_thumb_rota1_visual""]], ""left_unclassified_omitted_nonadjacent"": []}",PROXY_AND_NATIVE_AGREE_INTERFERENCE,True,8,"[""TRUE_SELF_COLLISION_NATIVE_MATERIAL"", ""RUNTIME_PROXY_INTERFERENCE""]",[],False,[],False,True,1.0755177754617762e-05,True,False,[],True,TRUE_SELF_COLLISION,,True,-0.00018056430852214525,0.006626527102269858,"{""object_table"": [""left_object_visual""], ""right_or_other_hand_object"": [], ""right_or_other_hand_table"": []}",ACCEPTED_A_REPLAY,[],True,False
"{""left_hand_object"": [], ""left_hand_table"": [], ""left_omitted_nonadjacent"": [[""left_hand_link_visual"", ""left_thumb_rota1_visual""]], ""left_unclassified_omitted_nonadjacent"": []}",PROXY_AND_NATIVE_AGREE_INTERFERENCE,True,9,"[""TRUE_SELF_COLLISION_NATIVE_MATERIAL"", ""RUNTIME_PROXY_INTERFERENCE""]",[],False,[],False,True,1.072948089131387e-05,True,False,[],True,TRUE_SELF_COLLISION,,True,-0.00031019523773095106,0.011978306461148534,"{""object_table"": [""left_object_visual""], ""right_or_other_hand_object"": [], ""right_or_other_hand_table"": []}",ACCEPTED_A_REPLAY,[],True,False
"{""left_hand_object"": [], ""left_hand_table"": [], ""left_omitted_nonadjacent"": [[""left_hand_link_visual"", ""left_thumb_rota1_visual""]], ""left_unclassified_omitted_nonadjacent"": []}",PROXY_AND_NATIVE_AGREE_INTERFERENCE,True,10,"[""TRUE_SELF_COLLISION_NATIVE_MATERIAL"", ""RUNTIME_PROXY_INTERFERENCE""]",[],False,[],False,True,1.1645701306406409e-05,True,False,[],True,TRUE_SELF_COLLISION,,True,-0.00023809504055087558,0.007614664998353412,"{""object_table"": [""left_object_visual""], ""right_or_other_hand_object"": [], ""right_or_other_hand_table"": []}",ACCEPTED_A_REPLAY,[],True,False
"{""left_hand_object"": [], ""left_hand_table"": [], ""left_omitted_nonadjacent"": [[""left_hand_link_visual"", ""left_thumb_rota1_visual""]], ""left_unclassified_omitted_nonadjacent"": []}",PROXY_AND_NATIVE_AGREE_INTERFERENCE,True,11,"[""TRUE_SELF_COLLISION_NATIVE_MATERIAL"", ""RUNTIME_PROXY_INTERFERENCE""]",[],False,[],False,True,1.1147051736770663e-05,True,False,[],True,TRUE_SELF_COLLISION,,True,-1.0415719519785007e-05,0.011014215401795929,"{""object_table"": [""left_object_visual""], ""right_or_other_hand_object"": [], ""right_or_other_hand_table"": []}",ACCEPTED_A_REPLAY,[],True,False
"{""left_hand_object"": [], ""left_hand_table"": [], ""left_omitted_nonadjacent"": [[""left_hand_link_visual"", ""left_thumb_rota1_visual""]], ""left_unclassified_omitted_nonadjacent"": []}",NATIVE_STRICTER_THAN_PROXY,True,12,"[""TRUE_SELF_COLLISION_NATIVE_MATERIAL""]",[],False,[],False,True,1.0742292943177745e-05,True,False,[],True,TRUE_SELF_COLLISION,,False,4.934805325191097e-05,0.010091062633367577,"{""object_table"": [""left_object_visual""], ""right_or_other_hand_object"": [], ""right_or_other_hand_table"": []}",ACCEPTED_A_REPLAY,[],True,False
"{""left_hand_object"": [], ""left_hand_table"": [], ""left_omitted_nonadjacent"": [[""left_hand_link_visual"", ""left_thumb_rota1_visual""]], ""left_unclassified_omitted_nonadjacent"": []}",PROXY_AND_NATIVE_AGREE_INTERFERENCE,False,13,"[""TRUE_SELF_COLLISION_NATIVE_MATERIAL"", ""RUNTIME_PROXY_INTERFERENCE""]",[],False,[],False,False,-0.00011636957060545683,True,False,[],True,TRUE_SELF_COLLISION,,True,-0.000873446580004357,0.009553794336797709,"{""object_table"": [""left_object_visual""], ""right_or_other_hand_object"": [], ""right_or_other_hand_table"": [""right_pinky_link2_visual""]}",ACCEPTED_A_REPLAY,[],True,False
"{""left_hand_object"": [], ""left_hand_table"": [], ""left_omitted_nonadjacent"": [[""left_hand_link_visual"", ""left_thumb_rota1_visual""]], ""left_unclassified_omitted_nonadjacent"": []}",PROXY_AND_NATIVE_AGREE_INTERFERENCE,False,14,"[""TRUE_SELF_COLLISION_NATIVE_MATERIAL"", ""RUNTIME_PROXY_INTERFERENCE""]",[],False,[],False,False,-6.24480817350559e-05,True,False,[],True,TRUE_SELF_COLLISION,,True,-0.001415172726104131,0.010446709359361393,"{""object_table"": [""left_object_visual""], ""right_or_other_hand_object"": [], ""right_or_other_hand_table"": []}",ACCEPTED_A_REPLAY,[],True,False
"{""left_hand_object"": [], ""left_hand_table"": [], ""left_omitted_nonadjacent"": [[""left_hand_link_visual"", ""left_thumb_rota1_visual""]], ""left_unclassified_omitted_nonadjacent"": []}",PROXY_AND_NATIVE_AGREE_INTERFERENCE,False,15,"[""TRUE_SELF_COLLISION_NATIVE_MATERIAL"", ""RUNTIME_PROXY_INTERFERENCE""]",[],False,[],False,False,-3.1395702535519376e-05,True,False,[],True,TRUE_SELF_COLLISION,,True,-0.000952398803873454,0.01281641510763523,"{""object_table"": [""left_object_visual""], ""right_or_other_hand_object"": [], ""right_or_other_hand_table"": []}",ACCEPTED_A_REPLAY,[],True,False
"{""left_hand_object"": [], ""left_hand_table"": [], ""left_omitted_nonadjacent"": [[""left_hand_link_visual"", ""left_thumb_rota1_visual""]], ""left_unclassified_omitted_nonadjacent"": []}",PROXY_AND_NATIVE_AGREE_INTERFERENCE,False,16,"[""TRUE_SELF_COLLISION_NATIVE_MATERIAL"", ""RUNTIME_PROXY_INTERFERENCE""]",[],False,[],False,False,-1.770394555933308e-05,True,False,[],True,TRUE_SELF_COLLISION,,True,-0.0007451233990227422,0.011415096388934252,"{""object_table"": [""left_object_visual""], ""right_or_other_hand_object"": [], ""right_or_other_hand_table"": []}",ACCEPTED_A_REPLAY,[],True,False
"{""left_hand_object"": [], ""left_hand_table"": [], ""left_omitted_nonadjacent"": [[""left_hand_link_visual"", ""left_thumb_rota1_visual""]], ""left_unclassified_omitted_nonadjacent"": []}",PROXY_AND_NATIVE_AGREE_INTERFERENCE,False,17,"[""TRUE_SELF_COLLISION_NATIVE_MATERIAL"", ""RUNTIME_PROXY_INTERFERENCE""]",[],False,[],False,False,-9.750910976435989e-06,True,False,[],True,TRUE_SELF_COLLISION,,True,-0.0004314175857937502,0.011373316604850971,"{""object_table"": [""right_object_visual"", ""left_object_visual""], ""right_or_other_hand_object"": [], ""right_or_other_hand_table"": []}",ACCEPTED_A_REPLAY,[],True,False
"{""left_hand_object"": [], ""left_hand_table"": [], ""left_omitted_nonadjacent"": [[""left_hand_link_visual"", ""left_thumb_rota1_visual""]], ""left_unclassified_omitted_nonadjacent"": []}",PROXY_AND_NATIVE_AGREE_INTERFERENCE,False,18,"[""TRUE_SELF_COLLISION_NATIVE_MATERIAL"", ""RUNTIME_PROXY_INTERFERENCE""]",[],False,[],False,False,-8.701336810190696e-06,True,False,[],True,TRUE_SELF_COLLISION,,True,-0.00010424304297938433,0.015368965073760645,"{""object_table"": [""left_object_visual""], ""right_or_other_hand_object"": [], ""right_or_other_hand_table"": []}",ACCEPTED_A_REPLAY,[],True,False
"{""left_hand_object"": [], ""left_hand_table"": [], ""left_omitted_nonadjacent"": [[""left_hand_link_visual"", ""left_thumb_rota1_visual""]], ""left_unclassified_omitted_nonadjacent"": []}",NATIVE_STRICTER_THAN_PROXY,False,19,"[""TRUE_SELF_COLLISION_NATIVE_MATERIAL""]",[],False,[],False,False,-5.218029400566593e-06,True,False,[],True,TRUE_SELF_COLLISION,,False,1.722349076244134e-05,0.01584656946943723,"{""object_table"": [""left_object_visual""], ""right_or_other_hand_object"": [], ""right_or_other_hand_table"": []}",ACCEPTED_A_REPLAY,[],True,False
"{""left_hand_object"": [], ""left_hand_table"": [], ""left_omitted_nonadjacent"": [[""left_hand_link_visual"", ""left_thumb_rota1_visual""]], ""left_unclassified_omitted_nonadjacent"": []}",NATIVE_STRICTER_THAN_PROXY,True,20,"[""TRUE_SELF_COLLISION_NATIVE_MATERIAL""]",[],False,[],False,True,7.483363151539191e-06,True,False,[],True,TRUE_SELF_COLLISION,,False,1.9809437859442253e-05,0.013885140906189862,"{""object_table"": [""left_object_visual""], ""right_or_other_hand_object"": [], ""right_or_other_hand_table"": []}",ACCEPTED_A_REPLAY,[],True,False
"{""left_hand_object"": [], ""left_hand_table"": [], ""left_omitted_nonadjacent"": [], ""left_unclassified_omitted_nonadjacent"": []}",PROXY_AND_NATIVE_AGREE_LEGAL,True,0,[],[],False,[],False,True,-3.2529835819510784e-17,False,False,[],False,TRUE_SELF_COLLISION,,False,1.9999999999790223e-06,-1.0000000000546482e-06,"{""object_table"": [], ""right_or_other_hand_object"": [], ""right_or_other_hand_table"": []}",SHAPE_AWARE_NEGATIVE,[],False,False
"{""left_hand_object"": [], ""left_hand_table"": [], ""left_omitted_nonadjacent"": [], ""left_unclassified_omitted_nonadjacent"": []}",PROXY_AND_NATIVE_AGREE_LEGAL,True,0,[],[],False,[],False,True,-3.2529835819510784e-17,False,False,[],False,TRUE_SELF_COLLISION,,False,5.431862442761837e-05,-1.0000000323210129e-06,"{""object_table"": [], ""right_or_other_hand_object"": [], ""right_or_other_hand_table"": [""right_thumb_rota1_visual"", ""right_thumb_rota2_visual"", ""right_index_rota2_visual"", ""right_ring_link2_visual"", ""right_pinky_link2_visual""]}",INTERACTION_V1_NEGATIVE,[],False,False
"{""left_hand_object"": [], ""left_hand_table"": [], ""left_omitted_nonadjacent"": [[""left_hand_link_visual"", ""left_thumb_rota1_visual""]], ""left_unclassified_omitted_nonadjacent"": []}",NATIVE_STRICTER_THAN_PROXY,True,1,"[""TRUE_SELF_COLLISION_NATIVE_MATERIAL""]",[],False,[],False,True,-4.0513295778417536e-17,True,False,[],True,TRUE_SELF_COLLISION,,False,-1.0000000050094187e-06,-9.999999947467416e-07,"{""object_table"": [""left_object_visual""], ""right_or_other_hand_object"": [], ""right_or_other_hand_table"": [""right_thumb_rota1_visual"", ""right_thumb_rota2_visual"", ""right_index_rota2_visual"", ""right_ring_link2_visual"", ""right_pinky_link2_visual""]}",INTERACTION_V1_NEGATIVE,[],True,False
"{""left_hand_object"": [], ""left_hand_table"": [], ""left_omitted_nonadjacent"": [[""left_hand_link_visual"", ""left_thumb_rota1_visual""]], ""left_unclassified_omitted_nonadjacent"": []}",NATIVE_STRICTER_THAN_PROXY,True,2,"[""TRUE_SELF_COLLISION_NATIVE_MATERIAL""]",[],False,[],False,True,-6.704413990774788e-18,True,False,[],True,TRUE_SELF_COLLISION,,False,-9.99999940105858e-07,-9.999997043427844e-07,"{""object_table"": [], ""right_or_other_hand_object"": [], ""right_or_other_hand_table"": [""right_thumb_rota1_visual"", ""right_thumb_rota2_visual"", ""right_index_rota2_visual"", ""right_ring_link2_visual"", ""right_pinky_link2_visual""]}",INTERACTION_V1_NEGATIVE,[],True,False
"{""left_hand_object"": [], ""left_hand_table"": [], ""left_omitted_nonadjacent"": [[""left_hand_link_visual"", ""left_thumb_rota1_visual""]], ""left_unclassified_omitted_nonadjacent"": []}",NATIVE_STRICTER_THAN_PROXY,True,3,"[""TRUE_SELF_COLLISION_NATIVE_MATERIAL""]",[],False,[],False,True,-1.1000762567967644e-17,True,False,[],True,TRUE_SELF_COLLISION,,False,-1.0000000061791618e-06,-9.999998370364805e-07,"{""object_table"": [], ""right_or_other_hand_object"": [], ""right_or_other_hand_table"": [""right_thumb_rota1_visual"", ""right_thumb_rota2_visual"", ""right_index_rota2_visual"", ""right_pinky_link2_visual""]}",INTERACTION_V1_NEGATIVE,[],True,False
"{""left_hand_object"": [], ""left_hand_table"": [], ""left_omitted_nonadjacent"": [[""left_hand_link_visual"", ""left_thumb_rota1_visual""]], ""left_unclassified_omitted_nonadjacent"": []}",NATIVE_STRICTER_THAN_PROXY,True,4,"[""TRUE_SELF_COLLISION_NATIVE_MATERIAL""]",[],False,[],False,True,-2.7755575615628914e-17,True,False,[],True,TRUE_SELF_COLLISION,,False,-9.999997651370883e-07,-9.999954674863336e-07,"{""object_table"": [], ""right_or_other_hand_object"": [], ""right_or_other_hand_table"": [""right_thumb_rota1_visual"", ""right_thumb_rota2_visual"", ""right_middle_link2_visual"", ""right_pinky_link2_visual""]}",INTERACTION_V1_NEGATIVE,[],True,False
"{""left_hand_object"": [], ""left_hand_table"": [], ""left_omitted_nonadjacent"": [], ""left_unclassified_omitted_nonadjacent"": []}",PROXY_AND_NATIVE_AGREE_LEGAL,True,5,[],[],False,[],False,True,-3.9499537086595314e-17,False,False,[],False,TRUE_SELF_COLLISION,,False,4.811889247266499e-07,-9.999978780943829e-07,"{""object_table"": [], ""right_or_other_hand_object"": [], ""right_or_other_hand_table"": [""right_thumb_rota1_visual"", ""right_thumb_rota2_visual"", ""right_pinky_link2_visual""]}",INTERACTION_V1_NEGATIVE,[],False,False
"{""left_hand_object"": [], ""left_hand_table"": [], ""left_omitted_nonadjacent"": [], ""left_unclassified_omitted_nonadjacent"": []}",PROXY_AND_NATIVE_AGREE_LEGAL,True,6,[],[],False,[],False,True,-5.5082717797412724e-17,False,False,[],False,TRUE_SELF_COLLISION,,False,-9.99999088827086e-07,-9.999992023640476e-07,"{""object_table"": [], ""right_or_other_hand_object"": [], ""right_or_other_hand_table"": [""right_thumb_rota1_visual"", ""right_thumb_rota2_visual"", ""right_middle_link2_visual"", ""right_pinky_link2_visual""]}",INTERACTION_V1_NEGATIVE,[],False,False
"{""left_hand_object"": [], ""left_hand_table"": [], ""left_omitted_nonadjacent"": [[""left_hand_link_visual"", ""left_thumb_rota1_visual""]], ""left_unclassified_omitted_nonadjacent"": []}",NATIVE_STRICTER_THAN_PROXY,True,7,"[""TRUE_SELF_COLLISION_NATIVE_MATERIAL""]",[],False,[],False,True,-2.714598583908097e-18,True,False,[],True,TRUE_SELF_COLLISION,,False,-1.0000000145496162e-06,-9.999998916292371e-07,"{""object_table"": [""left_object_visual""], ""right_or_other_hand_object"": [], ""right_or_other_hand_table"": [""right_thumb_rota1_visual"", ""right_thumb_rota2_visual"", ""right_index_rota2_visual"", ""right_middle_link2_visual"", ""right_ring_link2_visual"", ""right_pinky_link2_visual""]}",INTERACTION_V1_NEGATIVE,[],True,False
"{""left_hand_object"": [], ""left_hand_table"": [], ""left_omitted_nonadjacent"": [[""left_hand_link_visual"", ""left_thumb_rota1_visual""]], ""left_unclassified_omitted_nonadjacent"": []}",NATIVE_STRICTER_THAN_PROXY,True,8,"[""TRUE_SELF_COLLISION_NATIVE_MATERIAL""]",[],False,[],False,True,0.0,True,False,[],True,TRUE_SELF_COLLISION,,False,-1.000000002354882e-06,-9.999994771341616e-07,"{""object_table"": [""left_object_visual""], ""right_or_other_hand_object"": [], ""right_or_other_hand_table"": [""right_thumb_rota1_visual"", ""right_thumb_rota2_visual"", ""right_index_rota2_visual"", ""right_middle_link2_visual"", ""right_ring_link2_visual"", ""right_pinky_link2_visual""]}",INTERACTION_V1_NEGATIVE,[],True,False
"{""left_hand_object"": [], ""left_hand_table"": [], ""left_omitted_nonadjacent"": [[""left_hand_link_visual"", ""left_thumb_rota1_visual""]], ""left_unclassified_omitted_nonadjacent"": []}",NATIVE_STRICTER_THAN_PROXY,True,9,"[""TRUE_SELF_COLLISION_NATIVE_MATERIAL""]",[],False,[],False,True,-1.0708455285455398e-17,True,False,[],True,TRUE_SELF_COLLISION,,False,-1.000000027173314e-06,-9.999995495900755e-07,"{""object_table"": [], ""right_or_other_hand_object"": [], ""right_or_other_hand_table"": [""right_thumb_rota1_visual"", ""right_thumb_rota2_visual"", ""right_index_rota2_visual"", ""right_middle_link2_visual"", ""right_ring_link2_visual"", ""right_pinky_link2_visual""]}",INTERACTION_V1_NEGATIVE,[],True,False
"{""left_hand_object"": [], ""left_hand_table"": [], ""left_omitted_nonadjacent"": [[""left_hand_link_visual"", ""left_thumb_rota1_visual""]], ""left_unclassified_omitted_nonadjacent"": []}",NATIVE_STRICTER_THAN_PROXY,True,10,"[""TRUE_SELF_COLLISION_NATIVE_MATERIAL""]",[],False,[],False,True,0.0,True,False,[],True,TRUE_SELF_COLLISION,,False,-9.999999921830696e-07,-1.0000004971711548e-06,"{""object_table"": [""left_object_visual""], ""right_or_other_hand_object"": [], ""right_or_other_hand_table"": [""right_thumb_rota1_visual"", ""right_thumb_rota2_visual"", ""right_index_rota2_visual"", ""right_middle_link2_visual"", ""right_ring_link2_visual"", ""right_pinky_link2_visual""]}",INTERACTION_V1_NEGATIVE,[],True,False
"{""left_hand_object"": [], ""left_hand_table"": [], ""left_omitted_nonadjacent"": [[""left_hand_link_visual"", ""left_thumb_rota1_visual""]], ""left_unclassified_omitted_nonadjacent"": []}",NATIVE_STRICTER_THAN_PROXY,True,11,"[""TRUE_SELF_COLLISION_NATIVE_MATERIAL""]",[],False,[],False,True,5.40638943263686e-18,True,False,[],True,TRUE_SELF_COLLISION,,False,-1.0000000342745438e-06,-9.99999626544114e-07,"{""object_table"": [""left_object_visual""], ""right_or_other_hand_object"": [], ""right_or_other_hand_table"": [""right_thumb_rota2_visual"", ""right_index_rota2_visual"", ""right_middle_link2_visual"", ""right_ring_link2_visual"", ""right_pinky_link2_visual""]}",INTERACTION_V1_NEGATIVE,[],True,False
"{""left_hand_object"": [], ""left_hand_table"": [], ""left_omitted_nonadjacent"": [[""left_hand_link_visual"", ""left_thumb_rota1_visual""]], ""left_unclassified_omitted_nonadjacent"": []}",NATIVE_STRICTER_THAN_PROXY,True,12,"[""TRUE_SELF_COLLISION_NATIVE_MATERIAL""]",[],False,[],False,True,-2.7755575615628914e-17,True,False,[],True,TRUE_SELF_COLLISION,,False,-1.0000000130689734e-06,-9.999996933372165e-07,"{""object_table"": [""left_object_visual""], ""right_or_other_hand_object"": [], ""right_or_other_hand_table"": [""right_middle_link2_visual"", ""right_ring_link2_visual"", ""right_pinky_link2_visual""]}",INTERACTION_V1_NEGATIVE,[],True,False
"{""left_hand_object"": [], ""left_hand_table"": [], ""left_omitted_nonadjacent"": [[""left_hand_link_visual"", ""left_thumb_rota1_visual""]], ""left_unclassified_omitted_nonadjacent"": []}",NATIVE_STRICTER_THAN_PROXY,True,13,"[""TRUE_SELF_COLLISION_NATIVE_MATERIAL""]",[],False,[],False,True,0.0,True,False,[],True,TRUE_SELF_COLLISION,,False,-1.0000007596154822e-06,-9.999995067159242e-07,"{""object_table"": [], ""right_or_other_hand_object"": [], ""right_or_other_hand_table"": [""right_ring_link2_visual"", ""right_pinky_link2_visual""]}",INTERACTION_V1_NEGATIVE,[],True,False
"{""left_hand_object"": [], ""left_hand_table"": [], ""left_omitted_nonadjacent"": [[""left_hand_link_visual"", ""left_thumb_rota1_visual""]], ""left_unclassified_omitted_nonadjacent"": []}",NATIVE_STRICTER_THAN_PROXY,True,14,"[""TRUE_SELF_COLLISION_NATIVE_MATERIAL""]",[],False,[],False,True,0.0,True,False,[],True,TRUE_SELF_COLLISION,,False,-1.0000000761444763e-06,0.0024707810163772104,"{""object_table"": [""left_object_visual""], ""right_or_other_hand_object"": [], ""right_or_other_hand_table"": [""right_ring_link2_visual"", ""right_pinky_link2_visual""]}",INTERACTION_V1_NEGATIVE,[],True,False
"{""left_hand_object"": [], ""left_hand_table"": [], ""left_omitted_nonadjacent"": [[""left_hand_link_visual"", ""left_thumb_rota1_visual""]], ""left_unclassified_omitted_nonadjacent"": []}",NATIVE_STRICTER_THAN_PROXY,True,15,"[""TRUE_SELF_COLLISION_NATIVE_MATERIAL""]",[],False,[],False,True,0.0,True,False,[],True,TRUE_SELF_COLLISION,,False,-1.0000002205332827e-06,0.001594681997195162,"{""object_table"": [""left_object_visual""], ""right_or_other_hand_object"": [], ""right_or_other_hand_table"": [""right_pinky_link2_visual""]}",INTERACTION_V1_NEGATIVE,[],True,False
"{""left_hand_object"": [], ""left_hand_table"": [], ""left_omitted_nonadjacent"": [[""left_hand_link_visual"", ""left_thumb_rota1_visual""]], ""left_unclassified_omitted_nonadjacent"": []}",NATIVE_STRICTER_THAN_PROXY,True,16,"[""TRUE_SELF_COLLISION_NATIVE_MATERIAL""]",[],False,[],False,True,0.0,True,False,[],True,TRUE_SELF_COLLISION,,False,-1.0000000238211365e-06,-9.999991303965213e-07,"{""object_table"": [""left_object_visual""], ""right_or_other_hand_object"": [[""right_index_rota2_visual"", ""right_object_visual""]], ""right_or_other_hand_table"": [""right_pinky_link2_visual""]}",INTERACTION_V1_NEGATIVE,[],True,False
"{""left_hand_object"": [], ""left_hand_table"": [], ""left_omitted_nonadjacent"": [[""left_hand_link_visual"", ""left_thumb_rota1_visual""]], ""left_unclassified_omitted_nonadjacent"": []}",NATIVE_STRICTER_THAN_PROXY,True,17,"[""TRUE_SELF_COLLISION_NATIVE_MATERIAL""]",[],False,[],False,True,-5.551115123125783e-17,True,False,[],True,TRUE_SELF_COLLISION,,False,-1.0000069062578165e-06,0.008275650016286148,"{""object_table"": [], ""right_or_other_hand_object"": [[""right_index_rota2_visual"", ""right_object_visual""]], ""right_or_other_hand_table"": [""right_pinky_link2_visual""]}",INTERACTION_V1_NEGATIVE,[],True,False
"{""left_hand_object"": [], ""left_hand_table"": [], ""left_omitted_nonadjacent"": [[""left_hand_link_visual"", ""left_thumb_rota1_visual""]], ""left_unclassified_omitted_nonadjacent"": []}",NATIVE_STRICTER_THAN_PROXY,True,18,"[""TRUE_SELF_COLLISION_NATIVE_MATERIAL""]",[],False,[],False,True,0.0,True,False,[],True,TRUE_SELF_COLLISION,,False,-1.0000000465762716e-06,0.007752647524041556,"{""object_table"": [""left_object_visual""], ""right_or_other_hand_object"": [[""right_index_rota2_visual"", ""right_object_visual""]], ""right_or_other_hand_table"": [""right_pinky_link2_visual""]}",INTERACTION_V1_NEGATIVE,[],True,False
"{""left_hand_object"": [], ""left_hand_table"": [], ""left_omitted_nonadjacent"": [[""left_hand_link_visual"", ""left_thumb_rota1_visual""]], ""left_unclassified_omitted_nonadjacent"": []}",NATIVE_STRICTER_THAN_PROXY,True,19,"[""TRUE_SELF_COLLISION_NATIVE_MATERIAL""]",[],False,[],False,True,-2.7755575615628914e-17,True,False,[],True,TRUE_SELF_COLLISION,,False,-1.0000051483859182e-06,0.010049663447847718,"{""object_table"": [], ""right_or_other_hand_object"": [[""right_index_rota2_visual"", ""right_object_visual""]], ""right_or_other_hand_table"": [""right_pinky_link1_visual"", ""right_pinky_link2_visual""]}",INTERACTION_V1_NEGATIVE,[],True,False
"{""left_hand_object"": [], ""left_hand_table"": [], ""left_omitted_nonadjacent"": [[""left_hand_link_visual"", ""left_thumb_rota1_visual""]], ""left_unclassified_omitted_nonadjacent"": []}",NATIVE_STRICTER_THAN_PROXY,True,20,"[""TRUE_SELF_COLLISION_NATIVE_MATERIAL""]",[],False,[],False,True,-5.551115123125783e-17,True,False,[],True,TRUE_SELF_COLLISION,,False,-1.0000000668596169e-06,0.010207574783374139,"{""object_table"": [], ""right_or_other_hand_object"": [[""right_index_rota2_visual"", ""right_object_visual""]], ""right_or_other_hand_table"": [""right_ring_link2_visual"", ""right_pinky_link1_visual"", ""right_pinky_link2_visual""]}",INTERACTION_V1_NEGATIVE,[],True,False
"{""left_hand_object"": [[""left_ring_link2_visual"", ""left_object_visual""], [""left_pinky_link2_visual"", ""left_object_visual""]], ""left_hand_table"": [], ""left_omitted_nonadjacent"": [[""left_hand_link_visual"", ""left_thumb_rota1_visual""]], ""left_unclassified_omitted_nonadjacent"": []}",PROXY_AND_NATIVE_AGREE_INTERFERENCE,True,15,"[""HAND_OBJECT_NATIVE_MATERIAL"", ""TRUE_SELF_COLLISION_NATIVE_MATERIAL"", ""RUNTIME_PROXY_INTERFERENCE""]","[[""left_ring_link2_visual"", ""left_object_visual""], [""left_pinky_link2_visual"", ""left_object_visual""]]",True,[],False,True,0.0,True,False,[],True,TRUE_SELF_COLLISION,finger_joint,True,-9.599943367577539e-12,-0.0023560488343682814,"{""object_table"": [""left_object_visual""], ""right_or_other_hand_object"": [], ""right_or_other_hand_table"": [""right_pinky_link2_visual""]}",finger_e15_ring_j1_m0d050,[],True,False
"{""left_hand_object"": [[""left_ring_link2_visual"", ""left_object_visual""], [""left_pinky_link2_visual"", ""left_object_visual""]], ""left_hand_table"": [], ""left_omitted_nonadjacent"": [[""left_hand_link_visual"", ""left_thumb_rota1_visual""]], ""left_unclassified_omitted_nonadjacent"": []}",PROXY_AND_NATIVE_AGREE_INTERFERENCE,True,15,"[""HAND_OBJECT_NATIVE_MATERIAL"", ""TRUE_SELF_COLLISION_NATIVE_MATERIAL"", ""RUNTIME_PROXY_INTERFERENCE""]","[[""left_ring_link2_visual"", ""left_object_visual""], [""left_pinky_link2_visual"", ""left_object_visual""]]",True,[],False,True,0.0,True,False,[],True,TRUE_SELF_COLLISION,finger_joint,True,-9.599943367577539e-12,-0.0013766346845422999,"{""object_table"": [""left_object_visual""], ""right_or_other_hand_object"": [], ""right_or_other_hand_table"": [""right_pinky_link2_visual""]}",finger_e15_ring_j1_m0d025,[],True,False
"{""left_hand_object"": [[""left_ring_link2_visual"", ""left_object_visual""], [""left_pinky_link2_visual"", ""left_object_visual""]], ""left_hand_table"": [], ""left_omitted_nonadjacent"": [[""left_hand_link_visual"", ""left_thumb_rota1_visual""]], ""left_unclassified_omitted_nonadjacent"": []}",PROXY_AND_NATIVE_AGREE_INTERFERENCE,True,15,"[""HAND_OBJECT_NATIVE_MATERIAL"", ""TRUE_SELF_COLLISION_NATIVE_MATERIAL"", ""RUNTIME_PROXY_INTERFERENCE""]","[[""left_ring_link2_visual"", ""left_object_visual""], [""left_pinky_link2_visual"", ""left_object_visual""]]",True,[],False,True,0.0,True,False,[],True,TRUE_SELF_COLLISION,finger_joint,True,-9.599943367577539e-12,-0.0013721581667013746,"{""object_table"": [""left_object_visual""], ""right_or_other_hand_object"": [], ""right_or_other_hand_table"": [""right_pinky_link2_visual""]}",finger_e15_ring_j1_p0d000,[],True,False
"{""left_hand_object"": [[""left_pinky_link2_visual"", ""left_object_visual""]], ""left_hand_table"": [], ""left_omitted_nonadjacent"": [[""left_hand_link_visual"", ""left_thumb_rota1_visual""]], ""left_unclassified_omitted_nonadjacent"": []}",PROXY_AND_NATIVE_AGREE_INTERFERENCE,True,15,"[""HAND_OBJECT_NATIVE_MATERIAL"", ""TRUE_SELF_COLLISION_NATIVE_MATERIAL"", ""RUNTIME_PROXY_INTERFERENCE""]","[[""left_pinky_link2_visual"", ""left_object_visual""]]",True,[],False,True,0.0,True,False,[],True,TRUE_SELF_COLLISION,finger_joint,True,-9.599943367577539e-12,-0.0013721581667013746,"{""object_table"": [""left_object_visual""], ""right_or_other_hand_object"": [], ""right_or_other_hand_table"": [""right_pinky_link2_visual""]}",finger_e15_ring_j1_p0d025,[],True,False
"{""left_hand_object"": [[""left_pinky_link2_visual"", ""left_object_visual""]], ""left_hand_table"": [], ""left_omitted_nonadjacent"": [[""left_hand_link_visual"", ""left_thumb_rota1_visual""]], ""left_unclassified_omitted_nonadjacent"": []}",PROXY_AND_NATIVE_AGREE_INTERFERENCE,True,15,"[""HAND_OBJECT_NATIVE_MATERIAL"", ""TRUE_SELF_COLLISION_NATIVE_MATERIAL"", ""RUNTIME_PROXY_INTERFERENCE""]","[[""left_pinky_link2_visual"", ""left_object_visual""]]",True,[],False,True,0.0,True,False,[],True,TRUE_SELF_COLLISION,finger_joint,True,-9.599943367577539e-12,-0.0013721581667013746,"{""object_table"": [""left_object_visual""], ""right_or_other_hand_object"": [], ""right_or_other_hand_table"": [""right_pinky_link2_visual""]}",finger_e15_ring_j1_p0d050,[],True,False
"{""left_hand_object"": [[""left_ring_link2_visual"", ""left_object_visual""], [""left_pinky_link2_visual"", ""left_object_visual""]], ""left_hand_table"": [], ""left_omitted_nonadjacent"": [[""left_hand_link_visual"", ""left_thumb_rota1_visual""]], ""left_unclassified_omitted_nonadjacent"": []}",PROXY_AND_NATIVE_AGREE_INTERFERENCE,True,15,"[""HAND_OBJECT_NATIVE_MATERIAL"", ""TRUE_SELF_COLLISION_NATIVE_MATERIAL"", ""RUNTIME_PROXY_INTERFERENCE""]","[[""left_ring_link2_visual"", ""left_object_visual""], [""left_pinky_link2_visual"", ""left_object_visual""]]",True,[],False,True,0.0,True,False,[],True,TRUE_SELF_COLLISION,finger_joint,True,-9.599943367577539e-12,-0.0021775160754250564,"{""object_table"": [""left_object_visual""], ""right_or_other_hand_object"": [], ""right_or_other_hand_table"": [""right_pinky_link2_visual""]}",finger_e15_ring_j2_m0d050,[],True,False
"{""left_hand_object"": [[""left_ring_link2_visual"", ""left_object_visual""], [""left_pinky_link2_visual"", ""left_object_visual""]], ""left_hand_table"": [], ""left_omitted_nonadjacent"": [[""left_hand_link_visual"", ""left_thumb_rota1_visual""]], ""left_unclassified_omitted_nonadjacent"": []}",PROXY_AND_NATIVE_AGREE_INTERFERENCE,True,15,"[""HAND_OBJECT_NATIVE_MATERIAL"", ""TRUE_SELF_COLLISION_NATIVE_MATERIAL"", ""RUNTIME_PROXY_INTERFERENCE""]","[[""left_ring_link2_visual"", ""left_object_visual""], [""left_pinky_link2_visual"", ""left_object_visual""]]",True,[],False,True,0.0,True,False,[],True,TRUE_SELF_COLLISION,finger_joint,True,-9.599943367577539e-12,-0.0013721581667013746,"{""object_table"": [""left_object_visual""], ""right_or_other_hand_object"": [], ""right_or_other_hand_table"": [""right_pinky_link2_visual""]}",finger_e15_ring_j2_m0d025,[],True,False
"{""left_hand_object"": [[""left_ring_link2_visual"", ""left_object_visual""], [""left_pinky_link2_visual"", ""left_object_visual""]], ""left_hand_table"": [], ""left_omitted_nonadjacent"": [[""left_hand_link_visual"", ""left_thumb_rota1_visual""]], ""left_unclassified_omitted_nonadjacent"": []}",PROXY_AND_NATIVE_AGREE_INTERFERENCE,True,15,"[""HAND_OBJECT_NATIVE_MATERIAL"", ""TRUE_SELF_COLLISION_NATIVE_MATERIAL"", ""RUNTIME_PROXY_INTERFERENCE""]","[[""left_ring_link2_visual"", ""left_object_visual""], [""left_pinky_link2_visual"", ""left_object_visual""]]",True,[],False,True,0.0,True,False,[],True,TRUE_SELF_COLLISION,finger_joint,True,-9.599943367577539e-12,-0.0013721581667013746,"{""object_table"": [""left_object_visual""], ""right_or_other_hand_object"": [], ""right_or_other_hand_table"": [""right_pinky_link2_visual""]}",finger_e15_ring_j2_p0d000,[],True,False
"{""left_hand_object"": [[""left_pinky_link2_visual"", ""left_object_visual""]], ""left_hand_table"": [], ""left_omitted_nonadjacent"": [[""left_hand_link_visual"", ""left_thumb_rota1_visual""]], ""left_unclassified_omitted_nonadjacent"": []}",PROXY_AND_NATIVE_AGREE_INTERFERENCE,True,15,"[""HAND_OBJECT_NATIVE_MATERIAL"", ""TRUE_SELF_COLLISION_NATIVE_MATERIAL"", ""RUNTIME_PROXY_INTERFERENCE""]","[[""left_pinky_link2_visual"", ""left_object_visual""]]",True,[],False,True,0.0,True,False,[],True,TRUE_SELF_COLLISION,finger_joint,True,-9.599943367577539e-12,-0.0013721581667013746,"{""object_table"": [""left_object_visual""], ""right_or_other_hand_object"": [], ""right_or_other_hand_table"": [""right_pinky_link2_visual""]}",finger_e15_ring_j2_p0d025,[],True,False
"{""left_hand_object"": [[""left_pinky_link2_visual"", ""left_object_visual""]], ""left_hand_table"": [], ""left_omitted_nonadjacent"": [[""left_hand_link_visual"", ""left_thumb_rota1_visual""]], ""left_unclassified_omitted_nonadjacent"": []}",PROXY_AND_NATIVE_AGREE_INTERFERENCE,True,15,"[""HAND_OBJECT_NATIVE_MATERIAL"", ""TRUE_SELF_COLLISION_NATIVE_MATERIAL"", ""RUNTIME_PROXY_INTERFERENCE""]","[[""left_pinky_link2_visual"", ""left_object_visual""]]",True,[],False,True,0.0,True,False,[],True,TRUE_SELF_COLLISION,finger_joint,True,-9.599943367577539e-12,-0.0013721581667013746,"{""object_table"": [""left_object_visual""], ""right_or_other_hand_object"": [], ""right_or_other_hand_table"": [""right_pinky_link2_visual""]}",finger_e15_ring_j2_p0d050,[],True,False
"{""left_hand_object"": [[""left_ring_link2_visual"", ""left_object_visual""]], ""left_hand_table"": [], ""left_omitted_nonadjacent"": [[""left_hand_link_visual"", ""left_thumb_rota1_visual""]], ""left_unclassified_omitted_nonadjacent"": []}",PROXY_AND_NATIVE_AGREE_INTERFERENCE,True,15,"[""HAND_OBJECT_NATIVE_MATERIAL"", ""TRUE_SELF_COLLISION_NATIVE_MATERIAL"", ""RUNTIME_PROXY_INTERFERENCE""]","[[""left_ring_link2_visual"", ""left_object_visual""]]",True,[],False,True,0.0,True,False,[],True,TRUE_SELF_COLLISION,finger_joint,True,-9.599943367577539e-12,-0.0005868666355901125,"{""object_table"": [""left_object_visual""], ""right_or_other_hand_object"": [], ""right_or_other_hand_table"": [""right_pinky_link2_visual""]}",finger_e15_pinky_j1_m0d050,[],True,False
"{""left_hand_object"": [[""left_ring_link2_visual"", ""left_object_visual""]], ""left_hand_table"": [], ""left_omitted_nonadjacent"": [[""left_hand_link_visual"", ""left_thumb_rota1_visual""]], ""left_unclassified_omitted_nonadjacent"": []}",PROXY_AND_NATIVE_AGREE_INTERFERENCE,True,15,"[""HAND_OBJECT_NATIVE_MATERIAL"", ""TRUE_SELF_COLLISION_NATIVE_MATERIAL"", ""RUNTIME_PROXY_INTERFERENCE""]","[[""left_ring_link2_visual"", ""left_object_visual""]]",True,[],False,True,0.0,True,False,[],True,TRUE_SELF_COLLISION,finger_joint,True,-9.599943367577539e-12,-0.0007821207567810168,"{""object_table"": [""left_object_visual""], ""right_or_other_hand_object"": [], ""right_or_other_hand_table"": [""right_pinky_link2_visual""]}",finger_e15_pinky_j1_m0d025,[],True,False
"{""left_hand_object"": [[""left_ring_link2_visual"", ""left_object_visual""], [""left_pinky_link2_visual"", ""left_object_visual""]], ""left_hand_table"": [], ""left_omitted_nonadjacent"": [[""left_hand_link_visual"", ""left_thumb_rota1_visual""]], ""left_unclassified_omitted_nonadjacent"": []}",PROXY_AND_NATIVE_AGREE_INTERFERENCE,True,15,"[""HAND_OBJECT_NATIVE_MATERIAL"", ""TRUE_SELF_COLLISION_NATIVE_MATERIAL"", ""RUNTIME_PROXY_INTERFERENCE""]","[[""left_ring_link2_visual"", ""left_object_visual""], [""left_pinky_link2_visual"", ""left_object_visual""]]",True,[],False,True,0.0,True,False,[],True,TRUE_SELF_COLLISION,finger_joint,True,-9.599943367577539e-12,-0.0013721581667013746,"{""object_table"": [""left_object_visual""], ""right_or_other_hand_object"": [], ""right_or_other_hand_table"": [""right_pinky_link2_visual""]}",finger_e15_pinky_j1_p0d000,[],True,False
"{""left_hand_object"": [[""left_ring_link2_visual"", ""left_object_visual""], [""left_pinky_link2_visual"", ""left_object_visual""]], ""left_hand_table"": [], ""left_omitted_nonadjacent"": [[""left_hand_link_visual"", ""left_thumb_rota1_visual""]], ""left_unclassified_omitted_nonadjacent"": []}",PROXY_AND_NATIVE_AGREE_INTERFERENCE,True,15,"[""HAND_OBJECT_NATIVE_MATERIAL"", ""TRUE_SELF_COLLISION_NATIVE_MATERIAL"", ""RUNTIME_PROXY_INTERFERENCE""]","[[""left_ring_link2_visual"", ""left_object_visual""], [""left_pinky_link2_visual"", ""left_object_visual""]]",True,[],False,True,0.0,True,False,[],True,TRUE_SELF_COLLISION,finger_joint,True,-9.599943367577539e-12,-0.0014683510094968902,"{""object_table"": [""left_object_visual""], ""right_or_other_hand_object"": [], ""right_or_other_hand_table"": [""right_pinky_link2_visual""]}",finger_e15_pinky_j1_p0d025,[],True,False
"{""left_hand_object"": [[""left_ring_link2_visual"", ""left_object_visual""], [""left_pinky_link2_visual"", ""left_object_visual""]], ""left_hand_table"": [], ""left_omitted_nonadjacent"": [[""left_hand_link_visual"", ""left_thumb_rota1_visual""]], ""left_unclassified_omitted_nonadjacent"": []}",PROXY_AND_NATIVE_AGREE_INTERFERENCE,True,15,"[""HAND_OBJECT_NATIVE_MATERIAL"", ""TRUE_SELF_COLLISION_NATIVE_MATERIAL"", ""RUNTIME_PROXY_INTERFERENCE""]","[[""left_ring_link2_visual"", ""left_object_visual""], [""left_pinky_link2_visual"", ""left_object_visual""]]",True,[],False,True,0.0,True,False,[],True,TRUE_SELF_COLLISION,finger_joint,True,-9.599943367577539e-12,-0.0010903153539388092,"{""object_table"": [""left_object_visual""], ""right_or_other_hand_object"": [], ""right_or_other_hand_table"": [""right_pinky_link2_visual""]}",finger_e15_pinky_j1_p0d050,[],True,False
"{""left_hand_object"": [[""left_ring_link2_visual"", ""left_object_visual""], [""left_pinky_link2_visual"", ""left_object_visual""]], ""left_hand_table"": [], ""left_omitted_nonadjacent"": [[""left_hand_link_visual"", ""left_thumb_rota1_visual""]], ""left_unclassified_omitted_nonadjacent"": []}",PROXY_AND_NATIVE_AGREE_INTERFERENCE,True,15,"[""HAND_OBJECT_NATIVE_MATERIAL"", ""TRUE_SELF_COLLISION_NATIVE_MATERIAL"", ""RUNTIME_PROXY_INTERFERENCE""]","[[""left_ring_link2_visual"", ""left_object_visual""], [""left_pinky_link2_visual"", ""left_object_visual""]]",True,[],False,True,0.0,True,False,[],True,TRUE_SELF_COLLISION,finger_joint,True,-9.599943367577539e-12,-0.0025725022495062086,"{""object_table"": [""left_object_visual""], ""right_or_other_hand_object"": [], ""right_or_other_hand_table"": [""right_pinky_link2_visual""]}",finger_e15_pinky_j2_m0d050,[],True,False
"{""left_hand_object"": [[""left_ring_link2_visual"", ""left_object_visual""], [""left_pinky_link2_visual"", ""left_object_visual""]], ""left_hand_table"": [], ""left_omitted_nonadjacent"": [[""left_hand_link_visual"", ""left_thumb_rota1_visual""]], ""left_unclassified_omitted_nonadjacent"": []}",PROXY_AND_NATIVE_AGREE_INTERFERENCE,True,15,"[""HAND_OBJECT_NATIVE_MATERIAL"", ""TRUE_SELF_COLLISION_NATIVE_MATERIAL"", ""RUNTIME_PROXY_INTERFERENCE""]","[[""left_ring_link2_visual"", ""left_object_visual""], [""left_pinky_link2_visual"", ""left_object_visual""]]",True,[],False,True,0.0,True,False,[],True,TRUE_SELF_COLLISION,finger_joint,True,-9.599943367577539e-12,-0.002065818841186918,"{""object_table"": [""left_object_visual""], ""right_or_other_hand_object"": [], ""right_or_other_hand_table"": [""right_pinky_link2_visual""]}",finger_e15_pinky_j2_m0d025,[],True,False
"{""left_hand_object"": [[""left_ring_link2_visual"", ""left_object_visual""], [""left_pinky_link2_visual"", ""left_object_visual""]], ""left_hand_table"": [], ""left_omitted_nonadjacent"": [[""left_hand_link_visual"", ""left_thumb_rota1_visual""]], ""left_unclassified_omitted_nonadjacent"": []}",PROXY_AND_NATIVE_AGREE_INTERFERENCE,True,15,"[""HAND_OBJECT_NATIVE_MATERIAL"", ""TRUE_SELF_COLLISION_NATIVE_MATERIAL"", ""RUNTIME_PROXY_INTERFERENCE""]","[[""left_ring_link2_visual"", ""left_object_visual""], [""left_pinky_link2_visual"", ""left_object_visual""]]",True,[],False,True,0.0,True,False,[],True,TRUE_SELF_COLLISION,finger_joint,True,-9.599943367577539e-12,-0.0013721581667013746,"{""object_table"": [""left_object_visual""], ""right_or_other_hand_object"": [], ""right_or_other_hand_table"": [""right_pinky_link2_visual""]}",finger_e15_pinky_j2_p0d000,[],True,False
"{""left_hand_object"": [[""left_ring_link2_visual"", ""left_object_visual""]], ""left_hand_table"": [], ""left_omitted_nonadjacent"": [[""left_hand_link_visual"", ""left_thumb_rota1_visual""]], ""left_unclassified_omitted_nonadjacent"": []}",PROXY_AND_NATIVE_AGREE_INTERFERENCE,True,15,"[""HAND_OBJECT_NATIVE_MATERIAL"", ""TRUE_SELF_COLLISION_NATIVE_MATERIAL"", ""RUNTIME_PROXY_INTERFERENCE""]","[[""left_ring_link2_visual"", ""left_object_visual""]]",True,[],False,True,0.0,True,False,[],True,TRUE_SELF_COLLISION,finger_joint,True,-9.599943367577539e-12,-0.0005868666355901125,"{""object_table"": [""left_object_visual""], ""right_or_other_hand_object"": [], ""right_or_other_hand_table"": [""right_pinky_link2_visual""]}",finger_e15_pinky_j2_p0d025,[],True,False
"{""left_hand_object"": [[""left_ring_link2_visual"", ""left_object_visual""]], ""left_hand_table"": [], ""left_omitted_nonadjacent"": [[""left_hand_link_visual"", ""left_thumb_rota1_visual""]], ""left_unclassified_omitted_nonadjacent"": []}",PROXY_AND_NATIVE_AGREE_INTERFERENCE,True,15,"[""HAND_OBJECT_NATIVE_MATERIAL"", ""TRUE_SELF_COLLISION_NATIVE_MATERIAL"", ""RUNTIME_PROXY_INTERFERENCE""]","[[""left_ring_link2_visual"", ""left_object_visual""]]",True,[],False,True,0.0,True,False,[],True,TRUE_SELF_COLLISION,finger_joint,True,-9.599943367577539e-12,-0.0005868666355901125,"{""object_table"": [""left_object_visual""], ""right_or_other_hand_object"": [], ""right_or_other_hand_table"": [""right_pinky_link2_visual""]}",finger_e15_pinky_j2_p0d050,[],True,False
"{""left_hand_object"": [[""left_middle_link2_visual"", ""left_object_visual""]], ""left_hand_table"": [], ""left_omitted_nonadjacent"": [[""left_hand_link_visual"", ""left_thumb_rota1_visual""]], ""left_unclassified_omitted_nonadjacent"": []}",PROXY_AND_NATIVE_AGREE_INTERFERENCE,True,16,"[""HAND_OBJECT_NATIVE_MATERIAL"", ""TRUE_SELF_COLLISION_NATIVE_MATERIAL"", ""RUNTIME_PROXY_INTERFERENCE""]","[[""left_middle_link2_visual"", ""left_object_visual""]]",True,[],False,True,-8.326672684688674e-17,True,False,[],True,TRUE_SELF_COLLISION,finger_joint,True,-3.817734551588935e-11,-0.0067774492969689395,"{""object_table"": [""left_object_visual""], ""right_or_other_hand_object"": [[""right_index_rota2_visual"", ""right_object_visual""]], ""right_or_other_hand_table"": [""right_pinky_link2_visual""]}",finger_e16_ring_j1_m0d050,[],True,False
"{""left_hand_object"": [[""left_middle_link2_visual"", ""left_object_visual""]], ""left_hand_table"": [], ""left_omitted_nonadjacent"": [[""left_hand_link_visual"", ""left_thumb_rota1_visual""]], ""left_unclassified_omitted_nonadjacent"": []}",PROXY_AND_NATIVE_AGREE_INTERFERENCE,True,16,"[""HAND_OBJECT_NATIVE_MATERIAL"", ""TRUE_SELF_COLLISION_NATIVE_MATERIAL"", ""RUNTIME_PROXY_INTERFERENCE""]","[[""left_middle_link2_visual"", ""left_object_visual""]]",True,[],False,True,-8.326672684688674e-17,True,False,[],True,TRUE_SELF_COLLISION,finger_joint,True,-3.817734551588935e-11,-0.0067774492969689395,"{""object_table"": [""left_object_visual""], ""right_or_other_hand_object"": [[""right_index_rota2_visual"", ""right_object_visual""]], ""right_or_other_hand_table"": [""right_pinky_link2_visual""]}",finger_e16_ring_j1_m0d025,[],True,False
"{""left_hand_object"": [[""left_middle_link2_visual"", ""left_object_visual""]], ""left_hand_table"": [], ""left_omitted_nonadjacent"": [[""left_hand_link_visual"", ""left_thumb_rota1_visual""]], ""left_unclassified_omitted_nonadjacent"": []}",PROXY_AND_NATIVE_AGREE_INTERFERENCE,True,16,"[""HAND_OBJECT_NATIVE_MATERIAL"", ""TRUE_SELF_COLLISION_NATIVE_MATERIAL"", ""RUNTIME_PROXY_INTERFERENCE""]","[[""left_middle_link2_visual"", ""left_object_visual""]]",True,[],False,True,-8.326672684688674e-17,True,False,[],True,TRUE_SELF_COLLISION,finger_joint,True,-3.817734551588935e-11,-0.0067774492969689395,"{""object_table"": [""left_object_visual""], ""right_or_other_hand_object"": [[""right_index_rota2_visual"", ""right_object_visual""]], ""right_or_other_hand_table"": [""right_pinky_link2_visual""]}",finger_e16_ring_j1_p0d000,[],True,False
"{""left_hand_object"": [[""left_middle_link2_visual"", ""left_object_visual""]], ""left_hand_table"": [], ""left_omitted_nonadjacent"": [[""left_hand_link_visual"", ""left_thumb_rota1_visual""]], ""left_unclassified_omitted_nonadjacent"": []}",PROXY_AND_NATIVE_AGREE_INTERFERENCE,True,16,"[""HAND_OBJECT_NATIVE_MATERIAL"", ""TRUE_SELF_COLLISION_NATIVE_MATERIAL"", ""RUNTIME_PROXY_INTERFERENCE""]","[[""left_middle_link2_visual"", ""left_object_visual""]]",True,[],False,True,-8.326672684688674e-17,True,False,[],True,TRUE_SELF_COLLISION,finger_joint,True,-3.817734551588935e-11,-0.0067774492969689395,"{""object_table"": [""left_object_visual""], ""right_or_other_hand_object"": [[""right_index_rota2_visual"", ""right_object_visual""]], ""right_or_other_hand_table"": [""right_pinky_link2_visual""]}",finger_e16_ring_j1_p0d025,[],True,False
"{""left_hand_object"": [[""left_middle_link2_visual"", ""left_object_visual""]], ""left_hand_table"": [], ""left_omitted_nonadjacent"": [[""left_hand_link_visual"", ""left_thumb_rota1_visual""]], ""left_unclassified_omitted_nonadjacent"": []}",PROXY_AND_NATIVE_AGREE_INTERFERENCE,True,16,"[""HAND_OBJECT_NATIVE_MATERIAL"", ""TRUE_SELF_COLLISION_NATIVE_MATERIAL"", ""RUNTIME_PROXY_INTERFERENCE""]","[[""left_middle_link2_visual"", ""left_object_visual""]]",True,[],False,True,-8.326672684688674e-17,True,False,[],True,TRUE_SELF_COLLISION,finger_joint,True,-3.817734551588935e-11,-0.0067774492969689395,"{""object_table"": [""left_object_visual""], ""right_or_other_hand_object"": [[""right_index_rota2_visual"", ""right_object_visual""]], ""right_or_other_hand_table"": [""right_pinky_link2_visual""]}",finger_e16_ring_j1_p0d050,[],True,False
"{""left_hand_object"": [[""left_middle_link2_visual"", ""left_object_visual""]], ""left_hand_table"": [], ""left_omitted_nonadjacent"": [[""left_hand_link_visual"", ""left_thumb_rota1_visual""]], ""left_unclassified_omitted_nonadjacent"": []}",PROXY_AND_NATIVE_AGREE_INTERFERENCE,True,16,"[""HAND_OBJECT_NATIVE_MATERIAL"", ""TRUE_SELF_COLLISION_NATIVE_MATERIAL"", ""RUNTIME_PROXY_INTERFERENCE""]","[[""left_middle_link2_visual"", ""left_object_visual""]]",True,[],False,True,-8.326672684688674e-17,True,False,[],True,TRUE_SELF_COLLISION,finger_joint,True,-3.817734551588935e-11,-0.0067774492969689395,"{""object_table"": [""left_object_visual""], ""right_or_other_hand_object"": [[""right_index_rota2_visual"", ""right_object_visual""]], ""right_or_other_hand_table"": [""right_pinky_link2_visual""]}",finger_e16_ring_j2_m0d050,[],True,False
"{""left_hand_object"": [[""left_middle_link2_visual"", ""left_object_visual""]], ""left_hand_table"": [], ""left_omitted_nonadjacent"": [[""left_hand_link_visual"", ""left_thumb_rota1_visual""]], ""left_unclassified_omitted_nonadjacent"": []}",PROXY_AND_NATIVE_AGREE_INTERFERENCE,True,16,"[""HAND_OBJECT_NATIVE_MATERIAL"", ""TRUE_SELF_COLLISION_NATIVE_MATERIAL"", ""RUNTIME_PROXY_INTERFERENCE""]","[[""left_middle_link2_visual"", ""left_object_visual""]]",True,[],False,True,-8.326672684688674e-17,True,False,[],True,TRUE_SELF_COLLISION,finger_joint,True,-3.817734551588935e-11,-0.0067774492969689395,"{""object_table"": [""left_object_visual""], ""right_or_other_hand_object"": [[""right_index_rota2_visual"", ""right_object_visual""]], ""right_or_other_hand_table"": [""right_pinky_link2_visual""]}",finger_e16_ring_j2_m0d025,[],True,False
"{""left_hand_object"": [[""left_middle_link2_visual"", ""left_object_visual""]], ""left_hand_table"": [], ""left_omitted_nonadjacent"": [[""left_hand_link_visual"", ""left_thumb_rota1_visual""]], ""left_unclassified_omitted_nonadjacent"": []}",PROXY_AND_NATIVE_AGREE_INTERFERENCE,True,16,"[""HAND_OBJECT_NATIVE_MATERIAL"", ""TRUE_SELF_COLLISION_NATIVE_MATERIAL"", ""RUNTIME_PROXY_INTERFERENCE""]","[[""left_middle_link2_visual"", ""left_object_visual""]]",True,[],False,True,-8.326672684688674e-17,True,False,[],True,TRUE_SELF_COLLISION,finger_joint,True,-3.817734551588935e-11,-0.0067774492969689395,"{""object_table"": [""left_object_visual""], ""right_or_other_hand_object"": [[""right_index_rota2_visual"", ""right_object_visual""]], ""right_or_other_hand_table"": [""right_pinky_link2_visual""]}",finger_e16_ring_j2_p0d000,[],True,False
"{""left_hand_object"": [[""left_middle_link2_visual"", ""left_object_visual""]], ""left_hand_table"": [], ""left_omitted_nonadjacent"": [[""left_hand_link_visual"", ""left_thumb_rota1_visual""]], ""left_unclassified_omitted_nonadjacent"": []}",PROXY_AND_NATIVE_AGREE_INTERFERENCE,True,16,"[""HAND_OBJECT_NATIVE_MATERIAL"", ""TRUE_SELF_COLLISION_NATIVE_MATERIAL"", ""RUNTIME_PROXY_INTERFERENCE""]","[[""left_middle_link2_visual"", ""left_object_visual""]]",True,[],False,True,-8.326672684688674e-17,True,False,[],True,TRUE_SELF_COLLISION,finger_joint,True,-3.817734551588935e-11,-0.0067774492969689395,"{""object_table"": [""left_object_visual""], ""right_or_other_hand_object"": [[""right_index_rota2_visual"", ""right_object_visual""]], ""right_or_other_hand_table"": [""right_pinky_link2_visual""]}",finger_e16_ring_j2_p0d025,[],True,False
"{""left_hand_object"": [[""left_middle_link2_visual"", ""left_object_visual""]], ""left_hand_table"": [], ""left_omitted_nonadjacent"": [[""left_hand_link_visual"", ""left_thumb_rota1_visual""]], ""left_unclassified_omitted_nonadjacent"": []}",PROXY_AND_NATIVE_AGREE_INTERFERENCE,True,16,"[""HAND_OBJECT_NATIVE_MATERIAL"", ""TRUE_SELF_COLLISION_NATIVE_MATERIAL"", ""RUNTIME_PROXY_INTERFERENCE""]","[[""left_middle_link2_visual"", ""left_object_visual""]]",True,[],False,True,-8.326672684688674e-17,True,False,[],True,TRUE_SELF_COLLISION,finger_joint,True,-3.817734551588935e-11,-0.0067774492969689395,"{""object_table"": [""left_object_visual""], ""right_or_other_hand_object"": [[""right_index_rota2_visual"", ""right_object_visual""]], ""right_or_other_hand_table"": [""right_pinky_link2_visual""]}",finger_e16_ring_j2_p0d050,[],True,False
"{""left_hand_object"": [[""left_middle_link2_visual"", ""left_object_visual""]], ""left_hand_table"": [], ""left_omitted_nonadjacent"": [[""left_hand_link_visual"", ""left_thumb_rota1_visual""]], ""left_unclassified_omitted_nonadjacent"": []}",PROXY_AND_NATIVE_AGREE_INTERFERENCE,True,16,"[""HAND_OBJECT_NATIVE_MATERIAL"", ""TRUE_SELF_COLLISION_NATIVE_MATERIAL"", ""RUNTIME_PROXY_INTERFERENCE""]","[[""left_middle_link2_visual"", ""left_object_visual""]]",True,[],False,True,-8.326672684688674e-17,True,False,[],True,TRUE_SELF_COLLISION,finger_joint,True,-3.817734551588935e-11,-0.0067774492969689395,"{""object_table"": [""left_object_visual""], ""right_or_other_hand_object"": [[""right_index_rota2_visual"", ""right_object_visual""]], ""right_or_other_hand_table"": [""right_pinky_link2_visual""]}",finger_e16_pinky_j1_m0d050,[],True,False
"{""left_hand_object"": [[""left_middle_link2_visual"", ""left_object_visual""]], ""left_hand_table"": [], ""left_omitted_nonadjacent"": [[""left_hand_link_visual"", ""left_thumb_rota1_visual""]], ""left_unclassified_omitted_nonadjacent"": []}",PROXY_AND_NATIVE_AGREE_INTERFERENCE,True,16,"[""HAND_OBJECT_NATIVE_MATERIAL"", ""TRUE_SELF_COLLISION_NATIVE_MATERIAL"", ""RUNTIME_PROXY_INTERFERENCE""]","[[""left_middle_link2_visual"", ""left_object_visual""]]",True,[],False,True,-8.326672684688674e-17,True,False,[],True,TRUE_SELF_COLLISION,finger_joint,True,-3.817734551588935e-11,-0.0067774492969689395,"{""object_table"": [""left_object_visual""], ""right_or_other_hand_object"": [[""right_index_rota2_visual"", ""right_object_visual""]], ""right_or_other_hand_table"": [""right_pinky_link2_visual""]}",finger_e16_pinky_j1_m0d025,[],True,False
"{""left_hand_object"": [[""left_middle_link2_visual"", ""left_object_visual""]], ""left_hand_table"": [], ""left_omitted_nonadjacent"": [[""left_hand_link_visual"", ""left_thumb_rota1_visual""]], ""left_unclassified_omitted_nonadjacent"": []}",PROXY_AND_NATIVE_AGREE_INTERFERENCE,True,16,"[""HAND_OBJECT_NATIVE_MATERIAL"", ""TRUE_SELF_COLLISION_NATIVE_MATERIAL"", ""RUNTIME_PROXY_INTERFERENCE""]","[[""left_middle_link2_visual"", ""left_object_visual""]]",True,[],False,True,-8.326672684688674e-17,True,False,[],True,TRUE_SELF_COLLISION,finger_joint,True,-3.817734551588935e-11,-0.0067774492969689395,"{""object_table"": [""left_object_visual""], ""right_or_other_hand_object"": [[""right_index_rota2_visual"", ""right_object_visual""]], ""right_or_other_hand_table"": [""right_pinky_link2_visual""]}",finger_e16_pinky_j1_p0d000,[],True,False
"{""left_hand_object"": [[""left_middle_link2_visual"", ""left_object_visual""]], ""left_hand_table"": [], ""left_omitted_nonadjacent"": [[""left_hand_link_visual"", ""left_thumb_rota1_visual""]], ""left_unclassified_omitted_nonadjacent"": []}",PROXY_AND_NATIVE_AGREE_INTERFERENCE,True,16,"[""HAND_OBJECT_NATIVE_MATERIAL"", ""TRUE_SELF_COLLISION_NATIVE_MATERIAL"", ""RUNTIME_PROXY_INTERFERENCE""]","[[""left_middle_link2_visual"", ""left_object_visual""]]",True,[],False,True,-8.326672684688674e-17,True,False,[],True,TRUE_SELF_COLLISION,finger_joint,True,-3.817734551588935e-11,-0.0067774492969689395,"{""object_table"": [""left_object_visual""], ""right_or_other_hand_object"": [[""right_index_rota2_visual"", ""right_object_visual""]], ""right_or_other_hand_table"": [""right_pinky_link2_visual""]}",finger_e16_pinky_j1_p0d025,[],True,False
"{""left_hand_object"": [[""left_middle_link2_visual"", ""left_object_visual""]], ""left_hand_table"": [], ""left_omitted_nonadjacent"": [[""left_hand_link_visual"", ""left_thumb_rota1_visual""]], ""left_unclassified_omitted_nonadjacent"": []}",PROXY_AND_NATIVE_AGREE_INTERFERENCE,True,16,"[""HAND_OBJECT_NATIVE_MATERIAL"", ""TRUE_SELF_COLLISION_NATIVE_MATERIAL"", ""RUNTIME_PROXY_INTERFERENCE""]","[[""left_middle_link2_visual"", ""left_object_visual""]]",True,[],False,True,-8.326672684688674e-17,True,False,[],True,TRUE_SELF_COLLISION,finger_joint,True,-3.817734551588935e-11,-0.0067774492969689395,"{""object_table"": [""left_object_visual""], ""right_or_other_hand_object"": [[""right_index_rota2_visual"", ""right_object_visual""]], ""right_or_other_hand_table"": [""right_pinky_link2_visual""]}",finger_e16_pinky_j1_p0d050,[],True,False
"{""left_hand_object"": [[""left_middle_link2_visual"", ""left_object_visual""]], ""left_hand_table"": [], ""left_omitted_nonadjacent"": [[""left_hand_link_visual"", ""left_thumb_rota1_visual""]], ""left_unclassified_omitted_nonadjacent"": []}",PROXY_AND_NATIVE_AGREE_INTERFERENCE,True,16,"[""HAND_OBJECT_NATIVE_MATERIAL"", ""TRUE_SELF_COLLISION_NATIVE_MATERIAL"", ""RUNTIME_PROXY_INTERFERENCE""]","[[""left_middle_link2_visual"", ""left_object_visual""]]",True,[],False,True,-8.326672684688674e-17,True,False,[],True,TRUE_SELF_COLLISION,finger_joint,True,-3.817734551588935e-11,-0.0067774492969689395,"{""object_table"": [""left_object_visual""], ""right_or_other_hand_object"": [[""right_index_rota2_visual"", ""right_object_visual""]], ""right_or_other_hand_table"": [""right_pinky_link2_visual""]}",finger_e16_pinky_j2_m0d050,[],True,False
"{""left_hand_object"": [[""left_middle_link2_visual"", ""left_object_visual""]], ""left_hand_table"": [], ""left_omitted_nonadjacent"": [[""left_hand_link_visual"", ""left_thumb_rota1_visual""]], ""left_unclassified_omitted_nonadjacent"": []}",PROXY_AND_NATIVE_AGREE_INTERFERENCE,True,16,"[""HAND_OBJECT_NATIVE_MATERIAL"", ""TRUE_SELF_COLLISION_NATIVE_MATERIAL"", ""RUNTIME_PROXY_INTERFERENCE""]","[[""left_middle_link2_visual"", ""left_object_visual""]]",True,[],False,True,-8.326672684688674e-17,True,False,[],True,TRUE_SELF_COLLISION,finger_joint,True,-3.817734551588935e-11,-0.0067774492969689395,"{""object_table"": [""left_object_visual""], ""right_or_other_hand_object"": [[""right_index_rota2_visual"", ""right_object_visual""]], ""right_or_other_hand_table"": [""right_pinky_link2_visual""]}",finger_e16_pinky_j2_m0d025,[],True,False
"{""left_hand_object"": [[""left_middle_link2_visual"", ""left_object_visual""]], ""left_hand_table"": [], ""left_omitted_nonadjacent"": [[""left_hand_link_visual"", ""left_thumb_rota1_visual""]], ""left_unclassified_omitted_nonadjacent"": []}",PROXY_AND_NATIVE_AGREE_INTERFERENCE,True,16,"[""HAND_OBJECT_NATIVE_MATERIAL"", ""TRUE_SELF_COLLISION_NATIVE_MATERIAL"", ""RUNTIME_PROXY_INTERFERENCE""]","[[""left_middle_link2_visual"", ""left_object_visual""]]",True,[],False,True,-8.326672684688674e-17,True,False,[],True,TRUE_SELF_COLLISION,finger_joint,True,-3.817734551588935e-11,-0.0067774492969689395,"{""object_table"": [""left_object_visual""], ""right_or_other_hand_object"": [[""right_index_rota2_visual"", ""right_object_visual""]], ""right_or_other_hand_table"": [""right_pinky_link2_visual""]}",finger_e16_pinky_j2_p0d000,[],True,False
"{""left_hand_object"": [[""left_middle_link2_visual"", ""left_object_visual""]], ""left_hand_table"": [], ""left_omitted_nonadjacent"": [[""left_hand_link_visual"", ""left_thumb_rota1_visual""]], ""left_unclassified_omitted_nonadjacent"": []}",PROXY_AND_NATIVE_AGREE_INTERFERENCE,True,16,"[""HAND_OBJECT_NATIVE_MATERIAL"", ""TRUE_SELF_COLLISION_NATIVE_MATERIAL"", ""RUNTIME_PROXY_INTERFERENCE""]","[[""left_middle_link2_visual"", ""left_object_visual""]]",True,[],False,True,-8.326672684688674e-17,True,False,[],True,TRUE_SELF_COLLISION,finger_joint,True,-3.817734551588935e-11,-0.0067774492969689395,"{""object_table"": [""left_object_visual""], ""right_or_other_hand_object"": [[""right_index_rota2_visual"", ""right_object_visual""]], ""right_or_other_hand_table"": [""right_pinky_link2_visual""]}",finger_e16_pinky_j2_p0d025,[],True,False
"{""left_hand_object"": [[""left_middle_link2_visual"", ""left_object_visual""]], ""left_hand_table"": [], ""left_omitted_nonadjacent"": [[""left_hand_link_visual"", ""left_thumb_rota1_visual""]], ""left_unclassified_omitted_nonadjacent"": []}",PROXY_AND_NATIVE_AGREE_INTERFERENCE,True,16,"[""HAND_OBJECT_NATIVE_MATERIAL"", ""TRUE_SELF_COLLISION_NATIVE_MATERIAL"", ""RUNTIME_PROXY_INTERFERENCE""]","[[""left_middle_link2_visual"", ""left_object_visual""]]",True,[],False,True,-8.326672684688674e-17,True,False,[],True,TRUE_SELF_COLLISION,finger_joint,True,-3.817734551588935e-11,-0.0067774492969689395,"{""object_table"": [""left_object_visual""], ""right_or_other_hand_object"": [[""right_index_rota2_visual"", ""right_object_visual""]], ""right_or_other_hand_table"": [""right_pinky_link2_visual""]}",finger_e16_pinky_j2_p0d050,[],True,False
"{""left_hand_object"": [[""left_middle_link2_visual"", ""left_object_visual""]], ""left_hand_table"": [], ""left_omitted_nonadjacent"": [[""left_hand_link_visual"", ""left_thumb_rota1_visual""]], ""left_unclassified_omitted_nonadjacent"": []}",PROXY_AND_NATIVE_AGREE_INTERFERENCE,True,17,"[""HAND_OBJECT_NATIVE_MATERIAL"", ""TRUE_SELF_COLLISION_NATIVE_MATERIAL"", ""RUNTIME_PROXY_INTERFERENCE""]","[[""left_middle_link2_visual"", ""left_object_visual""]]",True,[],False,True,-8.326672684688674e-17,True,False,[],True,TRUE_SELF_COLLISION,finger_joint,True,-1.3721075602678523e-10,-0.009101128962853162,"{""object_table"": [], ""right_or_other_hand_object"": [[""right_index_rota2_visual"", ""right_object_visual""]], ""right_or_other_hand_table"": [""right_pinky_link2_visual""]}",finger_e17_ring_j1_m0d050,[],True,False
"{""left_hand_object"": [[""left_middle_link2_visual"", ""left_object_visual""]], ""left_hand_table"": [], ""left_omitted_nonadjacent"": [[""left_hand_link_visual"", ""left_thumb_rota1_visual""]], ""left_unclassified_omitted_nonadjacent"": []}",PROXY_AND_NATIVE_AGREE_INTERFERENCE,True,17,"[""HAND_OBJECT_NATIVE_MATERIAL"", ""TRUE_SELF_COLLISION_NATIVE_MATERIAL"", ""RUNTIME_PROXY_INTERFERENCE""]","[[""left_middle_link2_visual"", ""left_object_visual""]]",True,[],False,True,-8.326672684688674e-17,True,False,[],True,TRUE_SELF_COLLISION,finger_joint,True,-1.3721075602678523e-10,-0.009101128962853162,"{""object_table"": [], ""right_or_other_hand_object"": [[""right_index_rota2_visual"", ""right_object_visual""]], ""right_or_other_hand_table"": [""right_pinky_link2_visual""]}",finger_e17_ring_j1_m0d025,[],True,False
"{""left_hand_object"": [[""left_middle_link2_visual"", ""left_object_visual""]], ""left_hand_table"": [], ""left_omitted_nonadjacent"": [[""left_hand_link_visual"", ""left_thumb_rota1_visual""]], ""left_unclassified_omitted_nonadjacent"": []}",PROXY_AND_NATIVE_AGREE_INTERFERENCE,True,17,"[""HAND_OBJECT_NATIVE_MATERIAL"", ""TRUE_SELF_COLLISION_NATIVE_MATERIAL"", ""RUNTIME_PROXY_INTERFERENCE""]","[[""left_middle_link2_visual"", ""left_object_visual""]]",True,[],False,True,-8.326672684688674e-17,True,False,[],True,TRUE_SELF_COLLISION,finger_joint,True,-1.3721075602678523e-10,-0.009101128962853162,"{""object_table"": [], ""right_or_other_hand_object"": [[""right_index_rota2_visual"", ""right_object_visual""]], ""right_or_other_hand_table"": [""right_pinky_link2_visual""]}",finger_e17_ring_j1_p0d000,[],True,False
"{""left_hand_object"": [[""left_middle_link2_visual"", ""left_object_visual""]], ""left_hand_table"": [], ""left_omitted_nonadjacent"": [[""left_hand_link_visual"", ""left_thumb_rota1_visual""]], ""left_unclassified_omitted_nonadjacent"": []}",PROXY_AND_NATIVE_AGREE_INTERFERENCE,True,17,"[""HAND_OBJECT_NATIVE_MATERIAL"", ""TRUE_SELF_COLLISION_NATIVE_MATERIAL"", ""RUNTIME_PROXY_INTERFERENCE""]","[[""left_middle_link2_visual"", ""left_object_visual""]]",True,[],False,True,-8.326672684688674e-17,True,False,[],True,TRUE_SELF_COLLISION,finger_joint,True,-1.3721075602678523e-10,-0.009101128962853162,"{""object_table"": [], ""right_or_other_hand_object"": [[""right_index_rota2_visual"", ""right_object_visual""]], ""right_or_other_hand_table"": [""right_pinky_link2_visual""]}",finger_e17_ring_j1_p0d025,[],True,False
"{""left_hand_object"": [[""left_middle_link2_visual"", ""left_object_visual""]], ""left_hand_table"": [], ""left_omitted_nonadjacent"": [[""left_hand_link_visual"", ""left_thumb_rota1_visual""]], ""left_unclassified_omitted_nonadjacent"": []}",PROXY_AND_NATIVE_AGREE_INTERFERENCE,True,17,"[""HAND_OBJECT_NATIVE_MATERIAL"", ""TRUE_SELF_COLLISION_NATIVE_MATERIAL"", ""RUNTIME_PROXY_INTERFERENCE""]","[[""left_middle_link2_visual"", ""left_object_visual""]]",True,[],False,True,-8.326672684688674e-17,True,False,[],True,TRUE_SELF_COLLISION,finger_joint,True,-1.3721075602678523e-10,-0.009101128962853162,"{""object_table"": [], ""right_or_other_hand_object"": [[""right_index_rota2_visual"", ""right_object_visual""]], ""right_or_other_hand_table"": [""right_pinky_link2_visual""]}",finger_e17_ring_j1_p0d050,[],True,False
"{""left_hand_object"": [[""left_middle_link2_visual"", ""left_object_visual""]], ""left_hand_table"": [], ""left_omitted_nonadjacent"": [[""left_hand_link_visual"", ""left_thumb_rota1_visual""]], ""left_unclassified_omitted_nonadjacent"": []}",PROXY_AND_NATIVE_AGREE_INTERFERENCE,True,17,"[""HAND_OBJECT_NATIVE_MATERIAL"", ""TRUE_SELF_COLLISION_NATIVE_MATERIAL"", ""RUNTIME_PROXY_INTERFERENCE""]","[[""left_middle_link2_visual"", ""left_object_visual""]]",True,[],False,True,-8.326672684688674e-17,True,False,[],True,TRUE_SELF_COLLISION,finger_joint,True,-1.3721075602678523e-10,-0.009101128962853162,"{""object_table"": [], ""right_or_other_hand_object"": [[""right_index_rota2_visual"", ""right_object_visual""]], ""right_or_other_hand_table"": [""right_pinky_link2_visual""]}",finger_e17_ring_j2_m0d050,[],True,False
"{""left_hand_object"": [[""left_middle_link2_visual"", ""left_object_visual""]], ""left_hand_table"": [], ""left_omitted_nonadjacent"": [[""left_hand_link_visual"", ""left_thumb_rota1_visual""]], ""left_unclassified_omitted_nonadjacent"": []}",PROXY_AND_NATIVE_AGREE_INTERFERENCE,True,17,"[""HAND_OBJECT_NATIVE_MATERIAL"", ""TRUE_SELF_COLLISION_NATIVE_MATERIAL"", ""RUNTIME_PROXY_INTERFERENCE""]","[[""left_middle_link2_visual"", ""left_object_visual""]]",True,[],False,True,-8.326672684688674e-17,True,False,[],True,TRUE_SELF_COLLISION,finger_joint,True,-1.3721075602678523e-10,-0.009101128962853162,"{""object_table"": [], ""right_or_other_hand_object"": [[""right_index_rota2_visual"", ""right_object_visual""]], ""right_or_other_hand_table"": [""right_pinky_link2_visual""]}",finger_e17_ring_j2_m0d025,[],True,False
"{""left_hand_object"": [[""left_middle_link2_visual"", ""left_object_visual""]], ""left_hand_table"": [], ""left_omitted_nonadjacent"": [[""left_hand_link_visual"", ""left_thumb_rota1_visual""]], ""left_unclassified_omitted_nonadjacent"": []}",PROXY_AND_NATIVE_AGREE_INTERFERENCE,True,17,"[""HAND_OBJECT_NATIVE_MATERIAL"", ""TRUE_SELF_COLLISION_NATIVE_MATERIAL"", ""RUNTIME_PROXY_INTERFERENCE""]","[[""left_middle_link2_visual"", ""left_object_visual""]]",True,[],False,True,-8.326672684688674e-17,True,False,[],True,TRUE_SELF_COLLISION,finger_joint,True,-1.3721075602678523e-10,-0.009101128962853162,"{""object_table"": [], ""right_or_other_hand_object"": [[""right_index_rota2_visual"", ""right_object_visual""]], ""right_or_other_hand_table"": [""right_pinky_link2_visual""]}",finger_e17_ring_j2_p0d000,[],True,False
"{""left_hand_object"": [[""left_middle_link2_visual"", ""left_object_visual""]], ""left_hand_table"": [], ""left_omitted_nonadjacent"": [[""left_hand_link_visual"", ""left_thumb_rota1_visual""]], ""left_unclassified_omitted_nonadjacent"": []}",PROXY_AND_NATIVE_AGREE_INTERFERENCE,True,17,"[""HAND_OBJECT_NATIVE_MATERIAL"", ""TRUE_SELF_COLLISION_NATIVE_MATERIAL"", ""RUNTIME_PROXY_INTERFERENCE""]","[[""left_middle_link2_visual"", ""left_object_visual""]]",True,[],False,True,-8.326672684688674e-17,True,False,[],True,TRUE_SELF_COLLISION,finger_joint,True,-1.3721075602678523e-10,-0.009101128962853162,"{""object_table"": [], ""right_or_other_hand_object"": [[""right_index_rota2_visual"", ""right_object_visual""]], ""right_or_other_hand_table"": [""right_pinky_link2_visual""]}",finger_e17_ring_j2_p0d025,[],True,False
"{""left_hand_object"": [[""left_middle_link2_visual"", ""left_object_visual""]], ""left_hand_table"": [], ""left_omitted_nonadjacent"": [[""left_hand_link_visual"", ""left_thumb_rota1_visual""]], ""left_unclassified_omitted_nonadjacent"": []}",PROXY_AND_NATIVE_AGREE_INTERFERENCE,True,17,"[""HAND_OBJECT_NATIVE_MATERIAL"", ""TRUE_SELF_COLLISION_NATIVE_MATERIAL"", ""RUNTIME_PROXY_INTERFERENCE""]","[[""left_middle_link2_visual"", ""left_object_visual""]]",True,[],False,True,-8.326672684688674e-17,True,False,[],True,TRUE_SELF_COLLISION,finger_joint,True,-1.3721075602678523e-10,-0.009101128962853162,"{""object_table"": [], ""right_or_other_hand_object"": [[""right_index_rota2_visual"", ""right_object_visual""]], ""right_or_other_hand_table"": [""right_pinky_link2_visual""]}",finger_e17_ring_j2_p0d050,[],True,False
"{""left_hand_object"": [[""left_middle_link2_visual"", ""left_object_visual""]], ""left_hand_table"": [], ""left_omitted_nonadjacent"": [[""left_hand_link_visual"", ""left_thumb_rota1_visual""]], ""left_unclassified_omitted_nonadjacent"": []}",PROXY_AND_NATIVE_AGREE_INTERFERENCE,True,17,"[""HAND_OBJECT_NATIVE_MATERIAL"", ""TRUE_SELF_COLLISION_NATIVE_MATERIAL"", ""RUNTIME_PROXY_INTERFERENCE""]","[[""left_middle_link2_visual"", ""left_object_visual""]]",True,[],False,True,-8.326672684688674e-17,True,False,[],True,TRUE_SELF_COLLISION,finger_joint,True,-1.3721075602678523e-10,-0.009101128962853162,"{""object_table"": [], ""right_or_other_hand_object"": [[""right_index_rota2_visual"", ""right_object_visual""]], ""right_or_other_hand_table"": [""right_pinky_link2_visual""]}",finger_e17_pinky_j1_m0d050,[],True,False
"{""left_hand_object"": [[""left_middle_link2_visual"", ""left_object_visual""]], ""left_hand_table"": [], ""left_omitted_nonadjacent"": [[""left_hand_link_visual"", ""left_thumb_rota1_visual""]], ""left_unclassified_omitted_nonadjacent"": []}",PROXY_AND_NATIVE_AGREE_INTERFERENCE,True,17,"[""HAND_OBJECT_NATIVE_MATERIAL"", ""TRUE_SELF_COLLISION_NATIVE_MATERIAL"", ""RUNTIME_PROXY_INTERFERENCE""]","[[""left_middle_link2_visual"", ""left_object_visual""]]",True,[],False,True,-8.326672684688674e-17,True,False,[],True,TRUE_SELF_COLLISION,finger_joint,True,-1.3721075602678523e-10,-0.009101128962853162,"{""object_table"": [], ""right_or_other_hand_object"": [[""right_index_rota2_visual"", ""right_object_visual""]], ""right_or_other_hand_table"": [""right_pinky_link2_visual""]}",finger_e17_pinky_j1_m0d025,[],True,False
"{""left_hand_object"": [[""left_middle_link2_visual"", ""left_object_visual""]], ""left_hand_table"": [], ""left_omitted_nonadjacent"": [[""left_hand_link_visual"", ""left_thumb_rota1_visual""]], ""left_unclassified_omitted_nonadjacent"": []}",PROXY_AND_NATIVE_AGREE_INTERFERENCE,True,17,"[""HAND_OBJECT_NATIVE_MATERIAL"", ""TRUE_SELF_COLLISION_NATIVE_MATERIAL"", ""RUNTIME_PROXY_INTERFERENCE""]","[[""left_middle_link2_visual"", ""left_object_visual""]]",True,[],False,True,-8.326672684688674e-17,True,False,[],True,TRUE_SELF_COLLISION,finger_joint,True,-1.3721075602678523e-10,-0.009101128962853162,"{""object_table"": [], ""right_or_other_hand_object"": [[""right_index_rota2_visual"", ""right_object_visual""]], ""right_or_other_hand_table"": [""right_pinky_link2_visual""]}",finger_e17_pinky_j1_p0d000,[],True,False
"{""left_hand_object"": [[""left_middle_link2_visual"", ""left_object_visual""]], ""left_hand_table"": [], ""left_omitted_nonadjacent"": [[""left_hand_link_visual"", ""left_thumb_rota1_visual""]], ""left_unclassified_omitted_nonadjacent"": []}",PROXY_AND_NATIVE_AGREE_INTERFERENCE,True,17,"[""HAND_OBJECT_NATIVE_MATERIAL"", ""TRUE_SELF_COLLISION_NATIVE_MATERIAL"", ""RUNTIME_PROXY_INTERFERENCE""]","[[""left_middle_link2_visual"", ""left_object_visual""]]",True,[],False,True,-8.326672684688674e-17,True,False,[],True,TRUE_SELF_COLLISION,finger_joint,True,-1.3721075602678523e-10,-0.009101128962853162,"{""object_table"": [], ""right_or_other_hand_object"": [[""right_index_rota2_visual"", ""right_object_visual""]], ""right_or_other_hand_table"": [""right_pinky_link2_visual""]}",finger_e17_pinky_j1_p0d025,[],True,False
"{""left_hand_object"": [[""left_middle_link2_visual"", ""left_object_visual""]], ""left_hand_table"": [], ""left_omitted_nonadjacent"": [[""left_hand_link_visual"", ""left_thumb_rota1_visual""]], ""left_unclassified_omitted_nonadjacent"": []}",PROXY_AND_NATIVE_AGREE_INTERFERENCE,True,17,"[""HAND_OBJECT_NATIVE_MATERIAL"", ""TRUE_SELF_COLLISION_NATIVE_MATERIAL"", ""RUNTIME_PROXY_INTERFERENCE""]","[[""left_middle_link2_visual"", ""left_object_visual""]]",True,[],False,True,-8.326672684688674e-17,True,False,[],True,TRUE_SELF_COLLISION,finger_joint,True,-1.3721075602678523e-10,-0.009101128962853162,"{""object_table"": [], ""right_or_other_hand_object"": [[""right_index_rota2_visual"", ""right_object_visual""]], ""right_or_other_hand_table"": [""right_pinky_link2_visual""]}",finger_e17_pinky_j1_p0d050,[],True,False
"{""left_hand_object"": [[""left_middle_link2_visual"", ""left_object_visual""]], ""left_hand_table"": [], ""left_omitted_nonadjacent"": [[""left_hand_link_visual"", ""left_thumb_rota1_visual""]], ""left_unclassified_omitted_nonadjacent"": []}",PROXY_AND_NATIVE_AGREE_INTERFERENCE,True,17,"[""HAND_OBJECT_NATIVE_MATERIAL"", ""TRUE_SELF_COLLISION_NATIVE_MATERIAL"", ""RUNTIME_PROXY_INTERFERENCE""]","[[""left_middle_link2_visual"", ""left_object_visual""]]",True,[],False,True,-8.326672684688674e-17,True,False,[],True,TRUE_SELF_COLLISION,finger_joint,True,-1.3721075602678523e-10,-0.009101128962853162,"{""object_table"": [], ""right_or_other_hand_object"": [[""right_index_rota2_visual"", ""right_object_visual""]], ""right_or_other_hand_table"": [""right_pinky_link2_visual""]}",finger_e17_pinky_j2_m0d050,[],True,False
"{""left_hand_object"": [[""left_middle_link2_visual"", ""left_object_visual""]], ""left_hand_table"": [], ""left_omitted_nonadjacent"": [[""left_hand_link_visual"", ""left_thumb_rota1_visual""]], ""left_unclassified_omitted_nonadjacent"": []}",PROXY_AND_NATIVE_AGREE_INTERFERENCE,True,17,"[""HAND_OBJECT_NATIVE_MATERIAL"", ""TRUE_SELF_COLLISION_NATIVE_MATERIAL"", ""RUNTIME_PROXY_INTERFERENCE""]","[[""left_middle_link2_visual"", ""left_object_visual""]]",True,[],False,True,-8.326672684688674e-17,True,False,[],True,TRUE_SELF_COLLISION,finger_joint,True,-1.3721075602678523e-10,-0.009101128962853162,"{""object_table"": [], ""right_or_other_hand_object"": [[""right_index_rota2_visual"", ""right_object_visual""]], ""right_or_other_hand_table"": [""right_pinky_link2_visual""]}",finger_e17_pinky_j2_m0d025,[],True,False
"{""left_hand_object"": [[""left_middle_link2_visual"", ""left_object_visual""]], ""left_hand_table"": [], ""left_omitted_nonadjacent"": [[""left_hand_link_visual"", ""left_thumb_rota1_visual""]], ""left_unclassified_omitted_nonadjacent"": []}",PROXY_AND_NATIVE_AGREE_INTERFERENCE,True,17,"[""HAND_OBJECT_NATIVE_MATERIAL"", ""TRUE_SELF_COLLISION_NATIVE_MATERIAL"", ""RUNTIME_PROXY_INTERFERENCE""]","[[""left_middle_link2_visual"", ""left_object_visual""]]",True,[],False,True,-8.326672684688674e-17,True,False,[],True,TRUE_SELF_COLLISION,finger_joint,True,-1.3721075602678523e-10,-0.009101128962853162,"{""object_table"": [], ""right_or_other_hand_object"": [[""right_index_rota2_visual"", ""right_object_visual""]], ""right_or_other_hand_table"": [""right_pinky_link2_visual""]}",finger_e17_pinky_j2_p0d000,[],True,False
"{""left_hand_object"": [[""left_middle_link2_visual"", ""left_object_visual""]], ""left_hand_table"": [], ""left_omitted_nonadjacent"": [[""left_hand_link_visual"", ""left_thumb_rota1_visual""]], ""left_unclassified_omitted_nonadjacent"": []}",PROXY_AND_NATIVE_AGREE_INTERFERENCE,True,17,"[""HAND_OBJECT_NATIVE_MATERIAL"", ""TRUE_SELF_COLLISION_NATIVE_MATERIAL"", ""RUNTIME_PROXY_INTERFERENCE""]","[[""left_middle_link2_visual"", ""left_object_visual""]]",True,[],False,True,-8.326672684688674e-17,True,False,[],True,TRUE_SELF_COLLISION,finger_joint,True,-1.3721075602678523e-10,-0.009101128962853162,"{""object_table"": [], ""right_or_other_hand_object"": [[""right_index_rota2_visual"", ""right_object_visual""]], ""right_or_other_hand_table"": [""right_pinky_link2_visual""]}",finger_e17_pinky_j2_p0d025,[],True,False
"{""left_hand_object"": [[""left_middle_link2_visual"", ""left_object_visual""]], ""left_hand_table"": [], ""left_omitted_nonadjacent"": [[""left_hand_link_visual"", ""left_thumb_rota1_visual""]], ""left_unclassified_omitted_nonadjacent"": []}",PROXY_AND_NATIVE_AGREE_INTERFERENCE,True,17,"[""HAND_OBJECT_NATIVE_MATERIAL"", ""TRUE_SELF_COLLISION_NATIVE_MATERIAL"", ""RUNTIME_PROXY_INTERFERENCE""]","[[""left_middle_link2_visual"", ""left_object_visual""]]",True,[],False,True,-8.326672684688674e-17,True,False,[],True,TRUE_SELF_COLLISION,finger_joint,True,-1.3721075602678523e-10,-0.009101128962853162,"{""object_table"": [], ""right_or_other_hand_object"": [[""right_index_rota2_visual"", ""right_object_visual""]], ""right_or_other_hand_table"": [""right_pinky_link2_visual""]}",finger_e17_pinky_j2_p0d050,[],True,False
"{""left_hand_object"": [[""left_ring_link2_visual"", ""left_object_visual""], [""left_pinky_link1_visual"", ""left_object_visual""], [""left_pinky_link2_visual"", ""left_object_visual""]], ""left_hand_table"": [""left_hand_link_visual"", ""left_thumb_rota1_visual"", ""left_thumb_rota2_visual"", ""left_middle_link2_visual""], ""left_omitted_nonadjacent"": [[""left_hand_link_visual"", ""left_thumb_rota1_visual""]], ""left_unclassified_omitted_nonadjacent"": []}",PROXY_AND_NATIVE_AGREE_INTERFERENCE,True,0,"[""HAND_OBJECT_NATIVE_MATERIAL"", ""HAND_TABLE_NATIVE_MATERIAL"", ""TRUE_SELF_COLLISION_NATIVE_MATERIAL"", ""RUNTIME_PROXY_INTERFERENCE""]","[[""left_ring_link2_visual"", ""left_object_visual""], [""left_pinky_link1_visual"", ""left_object_visual""], [""left_pinky_link2_visual"", ""left_object_visual""]]",True,"[""left_hand_link_visual"", ""left_thumb_rota1_visual"", ""left_thumb_rota2_visual"", ""left_middle_link2_visual""]",True,True,-3.2529835819510784e-17,True,False,[],True,TRUE_SELF_COLLISION,wrist_z,True,-2.401717323794335e-07,-0.015241865107152402,"{""object_table"": [], ""right_or_other_hand_object"": [], ""right_or_other_hand_table"": [""right_thumb_rota1_visual"", ""right_thumb_rota2_visual"", ""right_index_rota2_visual"", ""right_ring_link2_visual"", ""right_pinky_link2_visual""]}",wrist_z_old_fixed_0d00,[],True,False
"{""left_hand_object"": [[""left_ring_link2_visual"", ""left_object_visual""], [""left_pinky_link1_visual"", ""left_object_visual""], [""left_pinky_link2_visual"", ""left_object_visual""]], ""left_hand_table"": [""left_thumb_rota2_visual""], ""left_omitted_nonadjacent"": [[""left_hand_link_visual"", ""left_thumb_rota1_visual""]], ""left_unclassified_omitted_nonadjacent"": []}",PROXY_AND_NATIVE_AGREE_INTERFERENCE,True,0,"[""HAND_OBJECT_NATIVE_MATERIAL"", ""HAND_TABLE_NATIVE_MATERIAL"", ""TRUE_SELF_COLLISION_NATIVE_MATERIAL"", ""RUNTIME_PROXY_INTERFERENCE""]","[[""left_ring_link2_visual"", ""left_object_visual""], [""left_pinky_link1_visual"", ""left_object_visual""], [""left_pinky_link2_visual"", ""left_object_visual""]]",True,"[""left_thumb_rota2_visual""]",True,True,-3.2529835819510784e-17,True,False,[],True,TRUE_SELF_COLLISION,wrist_z,True,-2.401717323794335e-07,-0.01375702377538829,"{""object_table"": [], ""right_or_other_hand_object"": [], ""right_or_other_hand_table"": [""right_thumb_rota1_visual"", ""right_thumb_rota2_visual"", ""right_index_rota2_visual"", ""right_ring_link2_visual"", ""right_pinky_link2_visual""]}",wrist_z_old_fixed_0d25,[],True,False
"{""left_hand_object"": [[""left_ring_link2_visual"", ""left_object_visual""], [""left_pinky_link1_visual"", ""left_object_visual""], [""left_pinky_link2_visual"", ""left_object_visual""]], ""left_hand_table"": [], ""left_omitted_nonadjacent"": [[""left_hand_link_visual"", ""left_thumb_rota1_visual""]], ""left_unclassified_omitted_nonadjacent"": []}",PROXY_AND_NATIVE_AGREE_INTERFERENCE,True,0,"[""HAND_OBJECT_NATIVE_MATERIAL"", ""TRUE_SELF_COLLISION_NATIVE_MATERIAL"", ""RUNTIME_PROXY_INTERFERENCE""]","[[""left_ring_link2_visual"", ""left_object_visual""], [""left_pinky_link1_visual"", ""left_object_visual""], [""left_pinky_link2_visual"", ""left_object_visual""]]",True,[],False,True,-3.2529835819510784e-17,True,False,[],True,TRUE_SELF_COLLISION,wrist_z,True,-2.401717323794335e-07,-0.015204418433284725,"{""object_table"": [], ""right_or_other_hand_object"": [], ""right_or_other_hand_table"": [""right_thumb_rota1_visual"", ""right_thumb_rota2_visual"", ""right_index_rota2_visual"", ""right_ring_link2_visual"", ""right_pinky_link2_visual""]}",wrist_z_old_fixed_0d50,[],True,False
"{""left_hand_object"": [[""left_ring_link2_visual"", ""left_object_visual""], [""left_pinky_link1_visual"", ""left_object_visual""], [""left_pinky_link2_visual"", ""left_object_visual""]], ""left_hand_table"": [], ""left_omitted_nonadjacent"": [[""left_hand_link_visual"", ""left_thumb_rota1_visual""]], ""left_unclassified_omitted_nonadjacent"": []}",PROXY_AND_NATIVE_AGREE_INTERFERENCE,True,0,"[""HAND_OBJECT_NATIVE_MATERIAL"", ""TRUE_SELF_COLLISION_NATIVE_MATERIAL"", ""RUNTIME_PROXY_INTERFERENCE""]","[[""left_ring_link2_visual"", ""left_object_visual""], [""left_pinky_link1_visual"", ""left_object_visual""], [""left_pinky_link2_visual"", ""left_object_visual""]]",True,[],False,True,-3.2529835819510784e-17,True,False,[],True,TRUE_SELF_COLLISION,wrist_z,True,-2.401717323794335e-07,-0.012345332577812685,"{""object_table"": [], ""right_or_other_hand_object"": [], ""right_or_other_hand_table"": [""right_thumb_rota1_visual"", ""right_thumb_rota2_visual"", ""right_index_rota2_visual"", ""right_ring_link2_visual"", ""right_pinky_link2_visual""]}",wrist_z_old_fixed_0d75,[],True,False
"{""left_hand_object"": [[""left_ring_link2_visual"", ""left_object_visual""], [""left_pinky_link2_visual"", ""left_object_visual""]], ""left_hand_table"": [], ""left_omitted_nonadjacent"": [[""left_hand_link_visual"", ""left_thumb_rota1_visual""]], ""left_unclassified_omitted_nonadjacent"": []}",PROXY_AND_NATIVE_AGREE_INTERFERENCE,True,0,"[""HAND_OBJECT_NATIVE_MATERIAL"", ""TRUE_SELF_COLLISION_NATIVE_MATERIAL"", ""RUNTIME_PROXY_INTERFERENCE""]","[[""left_ring_link2_visual"", ""left_object_visual""], [""left_pinky_link2_visual"", ""left_object_visual""]]",True,[],False,True,-3.2529835819510784e-17,True,False,[],True,TRUE_SELF_COLLISION,wrist_z,True,-2.401717323794335e-07,-0.006910712018291437,"{""object_table"": [], ""right_or_other_hand_object"": [], ""right_or_other_hand_table"": [""right_thumb_rota1_visual"", ""right_thumb_rota2_visual"", ""right_index_rota2_visual"", ""right_ring_link2_visual"", ""right_pinky_link2_visual""]}",wrist_z_old_fixed_1d00,[],True,False
"{""left_hand_object"": [[""left_ring_link2_visual"", ""left_object_visual""], [""left_pinky_link1_visual"", ""left_object_visual""], [""left_pinky_link2_visual"", ""left_object_visual""]], ""left_hand_table"": [""left_hand_link_visual"", ""left_thumb_rota1_visual"", ""left_thumb_rota2_visual"", ""left_middle_link2_visual""], ""left_omitted_nonadjacent"": [], ""left_unclassified_omitted_nonadjacent"": []}",PROXY_AND_NATIVE_AGREE_INTERFERENCE,True,0,"[""HAND_OBJECT_NATIVE_MATERIAL"", ""HAND_TABLE_NATIVE_MATERIAL"", ""RUNTIME_PROXY_INTERFERENCE""]","[[""left_ring_link2_visual"", ""left_object_visual""], [""left_pinky_link1_visual"", ""left_object_visual""], [""left_pinky_link2_visual"", ""left_object_visual""]]",True,"[""left_hand_link_visual"", ""left_thumb_rota1_visual"", ""left_thumb_rota2_visual"", ""left_middle_link2_visual""]",True,True,-3.2529837118158375e-17,True,False,[],False,TRUE_SELF_COLLISION,wrist_z,True,1.9994679309259256e-06,-0.012949798391096086,"{""object_table"": [], ""right_or_other_hand_object"": [], ""right_or_other_hand_table"": []}",wrist_z_accepted_a_fixed_0d00,[],False,False
"{""left_hand_object"": [[""left_ring_link1_visual"", ""left_object_visual""], [""left_ring_link2_visual"", ""left_object_visual""], [""left_pinky_link1_visual"", ""left_object_visual""], [""left_pinky_link2_visual"", ""left_object_visual""]], ""left_hand_table"": [""left_thumb_rota2_visual""], ""left_omitted_nonadjacent"": [], ""left_unclassified_omitted_nonadjacent"": []}",PROXY_AND_NATIVE_AGREE_INTERFERENCE,True,0,"[""HAND_OBJECT_NATIVE_MATERIAL"", ""HAND_TABLE_NATIVE_MATERIAL"", ""RUNTIME_PROXY_INTERFERENCE""]","[[""left_ring_link1_visual"", ""left_object_visual""], [""left_ring_link2_visual"", ""left_object_visual""], [""left_pinky_link1_visual"", ""left_object_visual""], [""left_pinky_link2_visual"", ""left_object_visual""]]",True,"[""left_thumb_rota2_visual""]",True,True,-3.2529837118158375e-17,True,False,[],False,TRUE_SELF_COLLISION,wrist_z,True,1.9994679309259256e-06,-0.015697282049282692,"{""object_table"": [], ""right_or_other_hand_object"": [], ""right_or_other_hand_table"": []}",wrist_z_accepted_a_fixed_0d25,[],False,False
"{""left_hand_object"": [[""left_ring_link2_visual"", ""left_object_visual""], [""left_pinky_link1_visual"", ""left_object_visual""], [""left_pinky_link2_visual"", ""left_object_visual""]], ""left_hand_table"": [], ""left_omitted_nonadjacent"": [], ""left_unclassified_omitted_nonadjacent"": []}",PROXY_AND_NATIVE_AGREE_INTERFERENCE,True,0,"[""HAND_OBJECT_NATIVE_MATERIAL"", ""RUNTIME_PROXY_INTERFERENCE""]","[[""left_ring_link2_visual"", ""left_object_visual""], [""left_pinky_link1_visual"", ""left_object_visual""], [""left_pinky_link2_visual"", ""left_object_visual""]]",True,[],False,True,-3.2529837118158375e-17,True,False,[],False,TRUE_SELF_COLLISION,wrist_z,True,1.9994679309259256e-06,-0.013622216045397189,"{""object_table"": [], ""right_or_other_hand_object"": [], ""right_or_other_hand_table"": []}",wrist_z_accepted_a_fixed_0d50,[],False,False
"{""left_hand_object"": [[""left_middle_link2_visual"", ""left_object_visual""], [""left_ring_link2_visual"", ""left_object_visual""], [""left_pinky_link1_visual"", ""left_object_visual""], [""left_pinky_link2_visual"", ""left_object_visual""]], ""left_hand_table"": [], ""left_omitted_nonadjacent"": [], ""left_unclassified_omitted_nonadjacent"": []}",PROXY_AND_NATIVE_AGREE_INTERFERENCE,True,0,"[""HAND_OBJECT_NATIVE_MATERIAL"", ""RUNTIME_PROXY_INTERFERENCE""]","[[""left_middle_link2_visual"", ""left_object_visual""], [""left_ring_link2_visual"", ""left_object_visual""], [""left_pinky_link1_visual"", ""left_object_visual""], [""left_pinky_link2_visual"", ""left_object_visual""]]",True,[],False,True,-3.2529837118158375e-17,True,False,[],False,TRUE_SELF_COLLISION,wrist_z,True,1.9994679309259256e-06,-0.00673063617196091,"{""object_table"": [], ""right_or_other_hand_object"": [], ""right_or_other_hand_table"": []}",wrist_z_accepted_a_fixed_0d75,[],False,False
"{""left_hand_object"": [], ""left_hand_table"": [], ""left_omitted_nonadjacent"": [], ""left_unclassified_omitted_nonadjacent"": []}",PROXY_AND_NATIVE_AGREE_LEGAL,True,0,[],[],False,[],False,True,-3.2529837118158375e-17,False,False,[],False,TRUE_SELF_COLLISION,wrist_z,False,1.9994679309259256e-06,1.97584582058608e-06,"{""object_table"": [], ""right_or_other_hand_object"": [], ""right_or_other_hand_table"": []}",wrist_z_accepted_a_fixed_1d00,[],False,False
"{""left_hand_object"": [], ""left_hand_table"": [], ""left_omitted_nonadjacent"": [], ""left_unclassified_omitted_nonadjacent"": []}",PROXY_AND_NATIVE_AGREE_LEGAL,True,0,[],[],False,[],False,True,-3.2529835819510784e-17,False,False,[],False,TRUE_SELF_COLLISION,historical_negative,False,1.9999999999790223e-06,-1.0000000000546482e-06,"{""object_table"": [], ""right_or_other_hand_object"": [], ""right_or_other_hand_table"": []}",historical_shape_aware_e00,[],False,False
"{""left_hand_object"": [], ""left_hand_table"": [], ""left_omitted_nonadjacent"": [], ""left_unclassified_omitted_nonadjacent"": []}",PROXY_AND_NATIVE_AGREE_LEGAL,True,0,[],[],False,[],False,True,-3.2529835819510784e-17,False,False,[],False,TRUE_SELF_COLLISION,historical_negative,False,5.431862442761837e-05,-1.0000000323210129e-06,"{""object_table"": [], ""right_or_other_hand_object"": [], ""right_or_other_hand_table"": [""right_thumb_rota1_visual"", ""right_thumb_rota2_visual"", ""right_index_rota2_visual"", ""right_ring_link2_visual"", ""right_pinky_link2_visual""]}",historical_interaction_v1_e00,[],False,False
"{""left_hand_object"": [], ""left_hand_table"": [], ""left_omitted_nonadjacent"": [[""left_hand_link_visual"", ""left_thumb_rota1_visual""]], ""left_unclassified_omitted_nonadjacent"": []}",NATIVE_STRICTER_THAN_PROXY,True,15,"[""TRUE_SELF_COLLISION_NATIVE_MATERIAL""]",[],False,[],False,True,0.0,True,False,[],True,TRUE_SELF_COLLISION,historical_negative,False,-1.0000002205332827e-06,0.001594681997195162,"{""object_table"": [""left_object_visual""], ""right_or_other_hand_object"": [], ""right_or_other_hand_table"": [""right_pinky_link2_visual""]}",historical_interaction_v1_e15,[],True,False
"{""left_hand_object"": [], ""left_hand_table"": [], ""left_omitted_nonadjacent"": [[""left_hand_link_visual"", ""left_thumb_rota1_visual""]], ""left_unclassified_omitted_nonadjacent"": []}",NATIVE_STRICTER_THAN_PROXY,True,16,"[""TRUE_SELF_COLLISION_NATIVE_MATERIAL""]",[],False,[],False,True,0.0,True,False,[],True,TRUE_SELF_COLLISION,historical_negative,False,-1.0000000238211365e-06,-9.999991303965213e-07,"{""object_table"": [""left_object_visual""], ""right_or_other_hand_object"": [[""right_index_rota2_visual"", ""right_object_visual""]], ""right_or_other_hand_table"": [""right_pinky_link2_visual""]}",historical_interaction_v1_e16,[],True,False
"{""left_hand_object"": [], ""left_hand_table"": [], ""left_omitted_nonadjacent"": [[""left_hand_link_visual"", ""left_thumb_rota1_visual""]], ""left_unclassified_omitted_nonadjacent"": []}",NATIVE_STRICTER_THAN_PROXY,True,17,"[""TRUE_SELF_COLLISION_NATIVE_MATERIAL""]",[],False,[],False,True,-5.551115123125783e-17,True,False,[],True,TRUE_SELF_COLLISION,historical_negative,False,-1.0000069062578165e-06,0.008275650016286148,"{""object_table"": [], ""right_or_other_hand_object"": [[""right_index_rota2_visual"", ""right_object_visual""]], ""right_or_other_hand_table"": [""right_pinky_link2_visual""]}",historical_interaction_v1_e17,[],True,False
"{""left_hand_object"": [], ""left_hand_table"": [], ""left_omitted_nonadjacent"": [[""left_hand_link_visual"", ""left_thumb_rota1_visual""]], ""left_unclassified_omitted_nonadjacent"": []}",NATIVE_STRICTER_THAN_PROXY,True,20,"[""TRUE_SELF_COLLISION_NATIVE_MATERIAL""]",[],False,[],False,True,-5.551115123125783e-17,True,False,[],True,TRUE_SELF_COLLISION,historical_negative,False,-1.0000000668596169e-06,0.010207574783374139,"{""object_table"": [], ""right_or_other_hand_object"": [[""right_index_rota2_visual"", ""right_object_visual""]], ""right_or_other_hand_table"": [""right_ring_link2_visual"", ""right_pinky_link1_visual"", ""right_pinky_link2_visual""]}",historical_interaction_v1_e20,[],True,False
