seed,epoch,epoch_bin,samples,source60_attempts,source60_pass61,source60_terminate61,source60_boundary_censored,ratio_min,ratio_mean,ratio_median,ratio_p95,ratio_max,ratio_outside_0p8_1p2_fraction,true_clip_active_fraction,direction_consistent_fraction,direction_opposed_fraction,direction_ambiguous_fraction,reported_ratio_max_scalar_error,exact_KL_mean,exact_KL_max,gradient_norm_before_clip,gradient_norm_after_clip,parameter_delta_l2,sigma_post_mean,support_minimum_mass,bounded_mu_outside_support_count,normalization_version_used,normalization_version_after_commit
0,1,1-10,160,2,1,1,0,0.046572454273700714,1.1265258495230228,0.5400083363056183,4.377717208862302,9.877687454223633,0.86875,0.60625,0.6625,0.3375,0.0,0.0,0.5216911746223187,0.6472267181688823,83.77706909179688,1.0,0.2570386647227788,0.2500026867621475,0.49996716557824866,0,125,126
0,2,1-10,160,4,1,3,0,0.047372885048389435,1.316576541494578,0.7234411537647247,4.254347681999201,17.38257598876953,0.84375,0.59375,0.7,0.3,0.0,0.0,0.3865940085460567,0.6077421715074984,46.001678466796875,1.0,0.17458276654894112,0.2500026731027497,0.4999671477298405,0,126,127
0,3,1-10,160,2,0,2,0,0.18279792368412018,1.0251808658242225,0.9045060873031616,2.283367180824279,3.420926094055176,0.7,0.41875,0.5875,0.4125,0.0,0.0,0.16358107275488334,0.24096153271405119,99.74730682373047,1.0,0.10383945057281643,0.2500017339156734,0.49996712017841033,0,127,128
0,4,1-10,160,1,0,1,0,0.24606555700302124,0.9465675638988614,0.8530251085758209,1.7285542130470268,2.355936050415039,0.70625,0.45,0.6375,0.3625,0.0,0.0,0.11288224069122554,0.14126854922224003,74.08605194091797,1.0,0.12034751620031793,0.25000212838252384,0.49996710511179626,0,128,129
0,5,1-10,160,2,0,2,0,0.233737513422966,0.9714529238641262,0.8442191779613495,2.0411152124404905,4.686443328857422,0.7125,0.525,0.64375,0.35625,0.0,0.0,0.11730095568871834,0.14138491409405007,60.91712188720703,1.0,0.13124521078869084,0.25000136759546066,0.49996710228392643,0,129,130
0,6,1-10,160,2,0,2,0,0.2277156561613083,1.006348433624953,0.8954554200172424,2.2055566310882564,4.260227203369141,0.66875,0.45,0.6375,0.3625,0.0,0.0,0.11420152211371648,0.17560272826322998,49.2176513671875,1.0,0.1093132703744501,0.2499998514023092,0.49996710725358595,0,130,131
0,7,1-10,160,2,1,1,0,0.26045307517051697,1.0469053307548166,0.9562587141990662,1.8719628036022185,4.885095119476318,0.64375,0.45,0.6,0.4,0.0,0.0,0.08131443946793641,0.11559376951595912,68.38297271728516,1.0,0.09917285939090874,0.24999810175763237,0.49996712010611183,0,131,132
0,8,1-10,160,3,0,3,0,0.2660177946090698,0.9688569482415914,0.8939709365367889,1.7026103079318995,2.7756028175354004,0.7,0.46875,0.63125,0.36875,0.0,0.0,0.08231095193158358,0.11015912803306654,74.1228256225586,1.0,0.09806509773356224,0.24999664682481024,0.49996712172058055,0,132,133
0,9,1-10,160,0,0,0,0,0.2846774756908417,0.9777269070968032,0.9117092490196228,1.9249795138835897,2.4486570358276367,0.6125,0.36875,0.55,0.45,0.0,0.0,0.07865435494826695,0.13957763513051724,58.60614013671875,1.0,0.0958422140325453,0.24999489593836996,0.4999671201185182,0,133,134
0,10,1-10,160,1,0,1,0,0.33593952655792236,1.0350943345576524,0.9242309927940369,1.9682460665702797,4.2764058113098145,0.65,0.425,0.64375,0.35625,0.0,0.0,0.08197243720048955,0.11660433833985978,53.14726257324219,1.0,0.09349409077358387,0.24999326260553467,0.49996713709528023,0,134,135
0,11,11-62,160,2,0,2,0,0.3083605170249939,1.0115212665870785,0.9122088551521301,1.793219041824339,3.1336607933044434,0.60625,0.40625,0.63125,0.36875,0.0,0.0,0.07457967392110043,0.13000999370993083,56.68776321411133,1.0,0.08536871596542006,0.2499920026295715,0.4999671529420041,0,135,136
0,12,11-62,160,2,0,2,0,0.2330632358789444,0.9961935863830149,0.920892596244812,1.6339261472225186,2.595041036605835,0.55625,0.33125,0.60625,0.39375,0.0,0.0,0.059958257120871106,0.10155529129494612,50.20519256591797,1.0,0.08214204795079803,0.24999133290516007,0.49996718319234457,0,136,137
0,13,11-62,160,1,0,1,0,0.2900475263595581,1.0188475500792264,0.9680217206478119,1.56751559972763,2.384971857070923,0.5125,0.33125,0.6125,0.3875,0.0,0.0,0.055803468852943475,0.10877697690996324,52.44061279296875,1.0,0.08139292217935279,0.24998998476399314,0.49996720819690316,0,137,138
0,14,11-62,160,1,0,1,0,0.4313075840473175,1.0286230010911823,0.9703519940376282,1.6065862834453581,2.825162410736084,0.38125,0.24375,0.54375,0.45625,0.0,0.0,0.046392987950899564,0.07368942567926273,51.080230712890625,1.0,0.07770407013360506,0.24998948184980285,0.4999672288399817,0,138,139
0,15,11-62,160,1,0,1,0,0.23571231961250305,0.9997123261913657,0.9365030229091644,1.6921324253082253,2.4291346073150635,0.53125,0.4,0.63125,0.36875,0.0,0.0,0.05221768780171028,0.12267654268437761,51.530723571777344,1.0,0.07794969068475108,0.24998903108967674,0.49996724126085157,0,139,140
0,16,11-62,160,2,1,1,0,0.34144309163093567,1.0165846474468707,0.9639585912227631,1.8142534434795374,3.047247886657715,0.5125,0.3625,0.63125,0.36875,0.0,0.0,0.0671019396163011,0.17978895419360158,48.83525085449219,1.0,0.08045567156259767,0.24998946280943024,0.49996725638153694,0,140,141
0,17,11-62,160,3,1,2,0,0.315874308347702,0.9808874398469924,0.9278554618358612,1.6033030867576592,2.6085548400878906,0.63125,0.43125,0.65625,0.34375,0.0,0.0,0.07332943996995955,0.17645794622366995,47.32567596435547,1.0,0.06895051134839085,0.24999032210972574,0.49996726865145164,0,141,142
0,18,11-62,160,3,1,2,0,0.19631798565387726,1.0378567474894225,0.9199528396129608,1.9435864746570586,5.860690116882324,0.7,0.45625,0.65,0.35,0.0,0.0,0.0934626088322592,0.24246017259853025,40.46033477783203,1.0,0.056888931098449724,0.24999031921227774,0.499967271090206,0,142,143
0,19,11-62,160,3,0,3,0,0.18154774606227875,1.0061049446463586,0.9484815895557404,1.7624260842800137,2.850240468978882,0.55625,0.35,0.54375,0.45625,0.0,0.0,0.08764949436181997,0.21885500499337535,44.70450973510742,1.0,0.05197653795086692,0.24999012466933992,0.4999672885953305,0,143,144
0,20,11-62,160,2,0,2,0,0.3060792088508606,0.9530431484803558,0.8920240998268127,1.6333527028560626,2.1370606422424316,0.55,0.35625,0.6125,0.3875,0.0,0.0,0.06054903570932498,0.13034802984930804,50.913875579833984,1.0,0.04853263838023427,0.24998987755841678,0.49996730162931685,0,144,145
0,21,11-62,160,3,0,3,0,0.26662132143974304,0.9903536669909954,0.9524229764938354,1.7042780935764308,2.440293312072754,0.53125,0.3125,0.55625,0.44375,0.0,0.0,0.05508591555053086,0.08347232557725376,43.65542221069336,1.0,0.05441406260482357,0.24998994709716904,0.49996731449006543,0,145,146
0,22,11-62,160,3,0,3,0,0.4979013204574585,0.9999338272958994,0.9618255496025085,1.570245760679244,1.8696753978729248,0.50625,0.31875,0.55,0.45,0.0,0.0,0.04888662899899702,0.07302820453602388,42.81623840332031,1.0,0.059099945957071,0.2499891502989663,0.49996733289910955,0,146,147
0,23,11-62,160,3,0,3,0,0.44993242621421814,1.0276923088356853,0.9695239961147308,1.6267108261585235,2.2017464637756348,0.475,0.30625,0.5375,0.4625,0.0,0.0,0.04777504682844941,0.0618479909084404,43.61860275268555,1.0,0.058229554774377947,0.24998778932624394,0.4999673490535642,0,147,148
0,24,11-62,160,3,0,3,0,0.36622267961502075,0.9817514812573791,0.8694284856319427,1.8079849004745467,2.4896254539489746,0.63125,0.41875,0.625,0.375,0.0,0.0,0.05467761629132656,0.08090967791285508,52.04420852661133,1.0,0.051058942691252454,0.24998645525839594,0.49996735321627844,0,148,149
0,25,11-62,160,2,0,2,0,0.28273770213127136,0.9590673733502626,0.9334465861320496,1.645673769712448,2.0098977088928223,0.525,0.3125,0.60625,0.39375,0.0,0.0,0.0585503255874273,0.12197399778539031,44.72240447998047,1.0,0.043718689204841336,0.2499854415655136,0.4999673597184684,0,149,150
0,26,11-62,160,4,0,4,0,0.3554370403289795,0.9781854564324022,0.923354834318161,1.51175981760025,2.6297779083251953,0.55625,0.31875,0.5375,0.4625,0.0,0.0,0.04550593961003198,0.11483341417334059,41.18148422241211,1.0,0.04129415352579647,0.24998500694831213,0.4999673636946403,0,150,151
0,27,11-62,160,1,0,1,0,0.2566321790218353,0.9746193833649158,0.9197852611541748,1.5682408392429323,2.764751434326172,0.53125,0.38125,0.65625,0.34375,0.0,0.0,0.06304454966737792,0.20005017447981688,42.83921813964844,1.0,0.047762681776331355,0.24998488442765343,0.49996736130392055,0,151,152
0,28,11-62,160,0,0,0,0,0.23062077164649963,1.0032877523452044,0.9533786177635193,1.6583120107650742,2.4512856006622314,0.575,0.39375,0.625,0.375,0.0,0.0,0.07110826485282672,0.18024350780971915,40.94351577758789,1.0,0.050514249617289834,0.249984174552891,0.4999673627618275,0,152,153
0,29,11-62,160,4,0,4,0,0.3697425127029419,0.9973857572302223,0.9478213787078857,1.547307407855987,2.5157763957977295,0.59375,0.38125,0.60625,0.39375,0.0,0.0,0.04905385525184226,0.11690447992755615,43.21229553222656,1.0,0.044425518880356306,0.24998348289065891,0.4999673564877947,0,153,154
0,30,11-62,160,4,0,4,0,0.308222234249115,0.9845542950555682,0.9714379608631134,1.53182463645935,2.014681577682495,0.49375,0.2875,0.63125,0.36875,0.0,0.0,0.04148680249749256,0.09735963529509684,44.83393096923828,1.0,0.042078650154368326,0.24998189219170147,0.49996734507347657,0,154,155
0,31,11-62,160,3,0,3,0,0.5411806106567383,1.0173706099390984,0.9883442223072052,1.4953930258750914,1.7758105993270874,0.4625,0.33125,0.58125,0.41875,0.0,0.0,0.03899066732084257,0.05920095744311887,42.91150665283203,1.0,0.03823236583477461,0.24998057468069923,0.49996734374149054,0,155,156
0,32,11-62,160,0,0,0,0,0.4823646545410156,1.0185584876686335,0.9963744580745697,1.4585954785346984,1.9566608667373657,0.41875,0.26875,0.54375,0.45625,0.0,0.0,0.038099841489396026,0.05598092552898465,45.04256057739258,1.0,0.03769062346893349,0.24997972945372263,0.49996733975580926,0,156,157
0,33,11-62,160,2,0,2,0,0.4771490693092346,1.0366319971159101,1.016197383403778,1.5402467072010038,1.87295401096344,0.4375,0.29375,0.65,0.35,0.0,0.0,0.03630561616547906,0.05507287034536945,44.95703887939453,1.0,0.03339544697371062,0.2499781863556968,0.49996734139250487,0,157,158
0,34,11-62,160,1,0,1,0,0.34120115637779236,0.9898255925625563,0.973340779542923,1.522674036026,1.738276481628418,0.48125,0.3,0.625,0.36875,0.00625,0.0,0.03566650121470392,0.04755935891172908,45.905757904052734,1.0,0.030305380234829628,0.24997665567530525,0.4999673388013075,0,158,159
0,35,11-62,160,1,0,1,0,0.3579234182834625,1.0552880179136992,0.9744016826152802,1.7763779044151307,2.8528170585632324,0.56875,0.4,0.63125,0.36875,0.0,0.0,0.048168340916001,0.06394035364314044,41.29352569580078,1.0,0.04000729834954463,0.24997487747006947,0.49996733256880144,0,159,160
0,36,11-62,160,2,0,2,0,0.4776981770992279,1.0368667924776673,1.0186150074005127,1.6477020084857934,2.257754325866699,0.48125,0.33125,0.5625,0.4375,0.0,0.0,0.05050940026738324,0.09000898086551878,39.376888275146484,1.0,0.0475113598254668,0.24997323585881126,0.4999673386232245,0,160,161
0,37,11-62,160,4,0,4,0,0.27325209975242615,0.9882354021072388,0.9413804411888123,1.7268637657165526,2.2835936546325684,0.575,0.36875,0.55625,0.4375,0.00625,0.0,0.0590278555846673,0.11383933581789096,46.316810607910156,1.0,0.05061161733515274,0.2499716252916389,0.49996735121163377,0,161,162
0,38,11-62,160,3,0,3,0,0.3123200535774231,0.9847832266241312,0.9487696290016174,1.6007959604263295,2.343372106552124,0.55625,0.38125,0.64375,0.35625,0.0,0.0,0.058863643211085705,0.07605867488872697,40.767913818359375,1.0,0.052012213451454285,0.24997012689709663,0.49996736151854515,0,162,163
0,39,11-62,160,3,0,3,0,0.3729921281337738,1.0056996200233699,0.9450898766517639,1.6514148235321042,2.7090067863464355,0.58125,0.39375,0.6,0.4,0.0,0.0,0.058680711521437424,0.08602835721835173,46.6553955078125,1.0,0.049501473227779196,0.24996887230210835,0.4999673769178453,0,163,164
0,40,11-62,160,3,0,3,0,0.2889713943004608,0.9942888149991631,0.9041503071784973,1.5981924295425414,2.3824303150177,0.56875,0.34375,0.51875,0.48125,0.0,0.0,0.051595452559716294,0.07841872926951665,43.59247589111328,1.0,0.047869481430950184,0.2499680005841785,0.4999673967471043,0,164,165
0,41,11-62,160,0,0,0,0,0.2254830002784729,1.0336213564500212,0.9940352141857147,1.66786715388298,2.762908697128296,0.5625,0.38125,0.65625,0.34375,0.0,0.0,0.06013863688439619,0.1008124105646862,40.0670166015625,1.0,0.049121874795254324,0.24996808667977652,0.4999674063720918,0,165,166
0,42,11-62,160,3,0,3,0,0.23863022029399872,1.022655317094177,0.9729312062263489,1.7395829975604977,2.659179925918579,0.63125,0.4125,0.6125,0.3875,0.0,0.0,0.06742239615649412,0.12183175201712271,48.14213562011719,1.0,0.05030121944987836,0.24996792069739765,0.49996741488186613,0,166,167
0,43,11-62,160,3,1,2,0,0.36008119583129883,1.0374412013217806,0.9496330916881561,1.7343792021274564,3.365452289581299,0.55625,0.3125,0.55,0.45,0.0,0.0,0.061157222282493616,0.09699776534626342,39.98614501953125,1.0,0.04382920314205067,0.24996868603759342,0.4999674124195209,0,167,168
0,44,11-62,160,3,0,3,0,0.43007802963256836,1.0088263722136617,0.959619015455246,1.6473214626312256,2.282395124435425,0.64375,0.44375,0.59375,0.40625,0.0,0.0,0.05555310322065068,0.09292811258053818,54.78459167480469,1.0,0.04420184814835784,0.24996907057033646,0.49996740983214716,0,168,169
0,45,11-62,160,3,0,3,0,0.4396494925022125,1.0177382649853826,0.982307106256485,1.531545752286911,1.7734206914901733,0.425,0.26875,0.525,0.475,0.0,0.0,0.033560761965150177,0.05310414459232282,45.05607986450195,1.0,0.03727210219495268,0.24996934748358196,0.49996740044082544,0,169,170
0,46,11-62,160,3,2,1,0,0.348725825548172,0.9894923154264689,0.9601244926452637,1.5447417557239531,2.3021888732910156,0.4875,0.325,0.59375,0.40625,0.0,0.0,0.04718229004107342,0.07216775748718873,45.01022720336914,1.0,0.0404289262113275,0.2499696041146914,0.49996739388238104,0,170,171
0,47,11-62,160,3,0,3,0,0.3054525554180145,0.976031087897718,0.9138416349887848,1.5412720263004303,2.302222967147827,0.5125,0.3375,0.59375,0.40625,0.0,0.0,0.046414889270747724,0.09427518044427052,52.729007720947266,1.0,0.04593223022026135,0.24996979244881207,0.4999673836678156,0,171,172
0,48,11-62,160,3,0,3,0,0.5044401288032532,0.97054900303483,0.953227162361145,1.4428212702274321,1.747444748878479,0.45,0.25,0.55,0.45,0.0,0.0,0.03442346268623091,0.05229213690647311,44.42967987060547,1.0,0.04560762593955454,0.24996923241350386,0.49996737918721773,0,172,173
0,49,11-62,160,4,0,4,0,0.5027088522911072,0.9702941734343767,0.9720434546470642,1.3650442957878106,1.6889756917953491,0.4,0.2625,0.5625,0.4375,0.0,0.0,0.0336122038450848,0.047170534194347635,39.6082763671875,1.0,0.0490898247489428,0.24996856393085587,0.49996737809450176,0,173,174
0,50,11-62,160,2,0,2,0,0.4894971251487732,1.0162762612104417,0.9878563284873962,1.5704796493053432,1.899391531944275,0.45625,0.33125,0.6625,0.3375,0.0,0.0,0.03450304125049659,0.053544510101272424,47.28919982910156,1.0,0.03530891576013569,0.24996780190202925,0.4999673731871199,0,174,175
0,51,11-62,160,2,0,2,0,0.40931734442710876,0.9962953692302108,0.9355685114860535,1.5842044830322264,2.397800922393799,0.45625,0.3,0.61875,0.38125,0.0,0.0,0.04022686623050864,0.05928909814653727,45.57855987548828,1.0,0.03552350754482301,0.24996765909923446,0.4999673633071446,0,175,176
0,52,11-62,160,3,0,3,0,0.45944252610206604,1.034209975786507,0.9680834412574768,1.5794729292392726,2.664102554321289,0.5,0.30625,0.54375,0.45625,0.0,0.0,0.04216096889568122,0.05580211789367251,44.897647857666016,1.0,0.049201383808028604,0.24996733334329393,0.4999673584801511,0,176,177
0,53,11-62,160,1,0,1,0,0.5137389898300171,0.9828531675040721,0.9387441575527191,1.5066852152347563,2.0832321643829346,0.50625,0.3375,0.61875,0.38125,0.0,0.0,0.043043165655179474,0.09933943132959666,47.947818756103516,1.0,0.05416967466170647,0.2499670282834106,0.49996734982743196,0,177,178
0,54,11-62,160,3,0,3,0,0.41652777791023254,0.9836222415789961,0.9348398149013519,1.6231803834438323,2.864217519760132,0.5625,0.39375,0.61875,0.38125,0.0,0.0,0.05628410557580772,0.143163498492827,43.601226806640625,1.0,0.04986290674435572,0.24996697695718872,0.4999673477840329,0,178,179
0,55,11-62,160,4,0,4,0,0.32670554518699646,0.9465299321338534,0.9257017970085144,1.4827759861946104,1.8830513954162598,0.5875,0.3875,0.625,0.375,0.0,0.0,0.04343311652934281,0.07326948989898319,46.74793243408203,1.0,0.03612865328447409,0.2499665924244457,0.49996735046585755,0,179,180
0,56,11-62,160,2,0,2,0,0.3919847905635834,1.0097854165360332,0.9627941846847534,1.6019519269466396,2.0415072441101074,0.50625,0.3125,0.55625,0.44375,0.0,0.0,0.040687739853956545,0.05731677409614688,43.462867736816406,1.0,0.037121344388905714,0.2499669355650743,0.4999673400302596,0,180,181
0,57,11-62,160,4,0,4,0,0.3822624087333679,1.0185638306662441,0.9653144776821136,1.6569949984550474,2.263054132461548,0.51875,0.40625,0.6375,0.3625,0.0,0.0,0.04909342495977901,0.0792222774387561,41.515289306640625,1.0,0.04733323947950692,0.249967649165127,0.4999673219354342,0,181,182
0,58,11-62,160,3,0,3,0,0.3522266447544098,0.9976146770641208,0.931517094373703,1.6091773331165302,2.250227451324463,0.6125,0.375,0.58125,0.41875,0.0,0.0,0.05333400986306515,0.08278180892395731,48.00904846191406,1.0,0.048391401798629594,0.2499682725303703,0.499967314360845,0,182,183
0,59,11-62,160,3,0,3,0,0.3192071318626404,0.9773306984454393,0.9239882528781891,1.6822326064109792,2.7384443283081055,0.58125,0.33125,0.5375,0.4625,0.0,0.0,0.05451500378104146,0.11608978791958668,41.813724517822266,1.0,0.047694138499923405,0.2499692841536469,0.4999672969717484,0,183,184
0,60,11-62,160,3,0,3,0,0.2296588271856308,1.0150919882580638,0.9306333065032959,1.925790804624556,2.3534889221191406,0.60625,0.4125,0.625,0.375,0.0,0.0,0.056462778979108855,0.11516586898302056,42.04855728149414,1.0,0.048445618634674545,0.2499698284599516,0.4999672843207596,0,184,185
0,61,11-62,160,1,0,1,0,0.26582276821136475,1.0116317631676792,0.9520164728164673,1.694648241996765,2.5642924308776855,0.59375,0.4,0.65625,0.34375,0.0,0.0,0.060443032400834616,0.11761863940217382,40.97307205200195,1.0,0.04548897208693478,0.24996992987063196,0.49996727658722995,0,185,186
0,62,11-62,160,1,0,1,0,0.33743998408317566,1.089721217006445,1.0006446242332458,1.914060056209564,3.616872549057007,0.59375,0.3875,0.6375,0.3625,0.0,0.0,0.06064014141040804,0.08242526979705483,47.36697006225586,1.0,0.03966360731267529,0.24997003293699688,0.4999672764043723,0,186,187
0,63,63-125,160,3,1,2,0,0.3250090181827545,1.0343801628798246,0.9744352996349335,1.6436236202716825,3.434718132019043,0.55625,0.3,0.4875,0.5125,0.0,0.0,0.05591132023358751,0.0919474531498714,43.921424865722656,1.0,0.04177999328307665,0.24997069603867,0.4999672775988491,0,187,188
0,64,63-125,160,3,0,3,0,0.23573794960975647,1.0370635136961937,0.9355999529361725,1.6344362437725062,5.478889465332031,0.60625,0.325,0.53125,0.46875,0.0,0.0,0.05949682298575408,0.15611951887143904,43.939395904541016,1.0,0.045510761500039174,0.24997184839513567,0.4999672786562925,0,188,189
0,65,63-125,160,4,0,4,0,0.3970833718776703,0.9848003996536135,0.9577271044254303,1.4850271046161647,2.0072181224823,0.49375,0.30625,0.6,0.4,0.0,0.0,0.04659576151113681,0.08811980175580342,41.541263580322266,1.0,0.04377968245450199,0.24997313362028864,0.4999672766250234,0,189,190
0,66,63-125,160,3,0,3,0,0.2613213062286377,0.9650423787534237,0.9163371920585632,1.6066378772258756,2.2218594551086426,0.55,0.33125,0.61875,0.38125,0.0,0.0,0.053089411711111235,0.11977929950709448,37.71634292602539,1.0,0.04056290508418399,0.2499745628899998,0.49996727594851836,0,190,191
0,67,63-125,160,3,0,3,0,0.36367589235305786,0.9589587604627013,0.9389266967773438,1.4949806213378904,1.7772793769836426,0.50625,0.30625,0.54375,0.45625,0.0,0.0,0.047965744266821875,0.0671355344732325,45.364540100097656,1.0,0.03689809690454631,0.24997497722506523,0.49996728510590394,0,191,192
0,68,63-125,160,1,0,1,0,0.42731308937072754,1.0145774804055692,0.9820467531681061,1.5651414394378635,1.988498568534851,0.5375,0.325,0.6125,0.3875,0.0,0.0,0.04332151549770509,0.06027485808191241,39.99005889892578,1.0,0.03487145995134696,0.24997433523337045,0.49996728985334227,0,192,193
0,69,63-125,160,3,0,3,0,0.479921817779541,0.9971886808052659,0.9262090623378754,1.589156776666641,2.0855846405029297,0.49375,0.3125,0.5875,0.4125,0.0,0.0,0.04247040115638899,0.061165916904441675,41.66917037963867,1.0,0.03651341990849364,0.24997324951820904,0.49996729307539467,0,193,194
0,70,63-125,160,3,0,3,0,0.3822537362575531,1.03898432161659,1.020373523235321,1.5350939929485317,2.3911454677581787,0.5,0.33125,0.63125,0.36875,0.0,0.0,0.039874612056050036,0.04772291400331319,40.543575286865234,1.0,0.036175290168342,0.249972738739517,0.499967304618649,0,194,195
0,71,63-125,160,3,0,3,0,0.4319775402545929,0.9797331186011433,0.9289059042930603,1.52655690908432,2.1775994300842285,0.54375,0.3375,0.6625,0.3375,0.0,0.0,0.04420961697653386,0.07762794268306905,48.39439010620117,1.0,0.03416532954730517,0.2499721021287971,0.49996731379882087,0,195,196
0,72,63-125,160,3,0,3,0,0.43504247069358826,1.038290979154408,0.9926201403141022,1.5076679825782764,2.259282350540161,0.50625,0.3,0.6125,0.3875,0.0,0.0,0.04363266984576366,0.08287835730830595,40.91217803955078,1.0,0.03275425713925314,0.2499724386466874,0.49996731246384657,0,196,197
0,73,63-125,160,4,0,4,0,0.35465726256370544,1.0251950273290276,0.9858087599277496,1.602484059333801,2.6617095470428467,0.55,0.3625,0.625,0.375,0.0,0.0,0.052206934630497984,0.09670493239305245,39.64607238769531,1.0,0.04034361218046195,0.24997257275713813,0.49996730840217346,0,197,198
0,74,63-125,160,2,0,2,0,0.48775410652160645,1.0173502277582884,0.9953073263168335,1.5101712882518763,2.4037015438079834,0.46875,0.3125,0.625,0.375,0.0,0.0,0.04088996126597442,0.05307558903081677,48.66773986816406,1.0,0.03974102192547105,0.24997268658545282,0.4999672975900199,0,198,199
0,75,63-125,160,2,1,1,0,0.33307045698165894,1.0138715537264944,1.0023788809776306,1.4742724239826202,1.8761895895004272,0.4875,0.3125,0.575,0.425,0.0,0.0,0.03963696629224521,0.056040115377973265,38.7350959777832,1.0,0.034119248136530285,0.24997318825787967,0.4999672774670447,0,199,200
0,76,63-125,160,3,0,3,0,0.3930314779281616,0.9753319434821606,0.9466139376163483,1.4259074985980988,1.8397165536880493,0.45625,0.26875,0.6,0.4,0.0,0.0,0.03852828059326045,0.053070157237380566,36.15410614013672,1.0,0.03977708235179817,0.24997391468948787,0.49996725523646746,0,200,201
0,77,63-125,160,4,1,3,0,0.41707655787467957,1.0152530167251825,1.0065009593963623,1.4737630069255816,2.0460457801818848,0.475,0.3375,0.6,0.39375,0.00625,0.0,0.039228424628987166,0.07239698421971918,41.07710266113281,1.0,0.045548844192641234,0.2499745608203941,0.49996723516069336,0,201,202
0,78,63-125,160,3,1,2,0,0.3696284890174866,0.939487442560494,0.8872067928314209,1.4140903115272518,1.9195339679718018,0.4875,0.325,0.625,0.375,0.0,0.0,0.04642166353630228,0.0750700721034942,36.49208068847656,1.0,0.04022336238536727,0.24997528973552915,0.4999672192958392,0,202,203
0,79,63-125,160,4,0,4,0,0.33445051312446594,1.0304560301825405,0.9563780128955841,1.7786787271499633,2.351752281188965,0.49375,0.3,0.58125,0.41875,0.0,0.0,0.04462322515027523,0.07539837280264405,45.022605895996094,1.0,0.0343455238960639,0.24997640525301298,0.49996720394312694,0,203,204
0,80,63-125,160,2,0,2,0,0.33865436911582947,1.0292313432320952,0.9333736300468445,1.7691178798675535,2.4587297439575195,0.53125,0.3125,0.575,0.425,0.0,0.0,0.058577503815735656,0.09665236140993344,38.184112548828125,1.0,0.04037666516864911,0.24997756423221695,0.4999671988980489,0,204,205
0,81,63-125,160,3,0,3,0,0.3847547471523285,1.0075623771175741,0.9297892451286316,1.689477562904358,3.008915424346924,0.5875,0.36875,0.59375,0.40625,0.0,0.0,0.05361588776190853,0.10187276432135633,38.511295318603516,1.0,0.04343335228626385,0.24997887843185002,0.4999671852144336,0,205,206
0,82,63-125,160,2,0,2,0,0.3494834303855896,1.0478270292282104,0.9949292242527008,1.659494072198867,2.701242446899414,0.54375,0.35625,0.60625,0.3875,0.00625,0.0,0.060595857071458294,0.18063617339155275,36.898780822753906,1.0,0.04634123953104756,0.2499803722732597,0.49996718430663756,0,206,207
0,83,63-125,160,4,0,4,0,0.23466363549232483,0.9910255631431937,0.877688467502594,1.7199289977550503,2.5721378326416016,0.59375,0.35625,0.58125,0.41875,0.0,0.0,0.0664689022506116,0.23088436757046077,37.527076721191406,1.0,0.05138815235524967,0.24998070009880596,0.49996718788854405,0,207,208
0,84,63-125,160,3,0,3,0,0.3577255308628082,0.993695923499763,0.9296351969242096,1.697953563928604,2.1464040279388428,0.54375,0.34375,0.5375,0.4625,0.0,0.0,0.04896833881834161,0.1366188515222445,37.13600158691406,1.0,0.04604208484058991,0.24998193772302735,0.4999671876414012,0,208,209
0,85,63-125,160,3,1,2,0,0.19270765781402588,1.0313634159043432,0.9764696061611176,1.6487761020660379,2.2712972164154053,0.5125,0.29375,0.59375,0.40625,0.0,0.0,0.05364261888197178,0.17709836294040449,37.78187561035156,1.0,0.043923231831305795,0.24998224154114723,0.4999671863460681,0,209,210
0,86,63-125,160,3,1,2,1,0.25609517097473145,1.015914486721158,0.9700307250022888,1.5732270777225492,2.3475639820098877,0.56875,0.40625,0.6375,0.3625,0.0,0.0,0.051687395507283115,0.20209770020731005,42.10280227661133,1.0,0.04327770169598871,0.24998248037364748,0.49996718314602073,0,210,211
0,87,63-125,160,4,0,4,0,0.3557916581630707,1.0021674819290638,0.9764559268951416,1.5282540798187254,2.317777156829834,0.50625,0.3125,0.54375,0.45625,0.0,0.0,0.04989366713262576,0.16774911875581433,37.07697677612305,1.0,0.04646946743965623,0.2499819869796435,0.49996718436330306,0,211,212
0,88,63-125,160,3,1,2,0,0.3814067542552948,0.9919998178258538,0.9434438943862915,1.5528001070022581,1.898850440979004,0.4625,0.3,0.61875,0.38125,0.0,0.0,0.04022693908609839,0.12493682776924708,46.07883071899414,1.0,0.04607629273828467,0.24998156602183977,0.49996718303969684,0,212,213
0,89,63-125,160,2,0,2,0,0.5285539031028748,1.0386553194373846,0.9887951016426086,1.5471227407455426,2.1247384548187256,0.3875,0.26875,0.5875,0.4125,0.0,0.0,0.034715967413964065,0.06388910472299564,41.71193313598633,1.0,0.042111443818748755,0.24998099067144924,0.4999671802292962,0,213,214
0,90,63-125,160,2,0,2,0,0.3297107517719269,0.9705580027773977,0.9593751728534698,1.5560432136058806,2.064995765686035,0.5,0.3625,0.625,0.375,0.0,0.0,0.04717540237109661,0.10683861258639182,40.04012680053711,1.0,0.04785394361177963,0.2499794198407067,0.4999671749772474,0,214,215
0,91,63-125,160,4,1,3,0,0.41149771213531494,1.0071483358740807,0.9440309107303619,1.686590301990508,2.5525999069213867,0.55,0.35,0.59375,0.40625,0.0,0.0,0.05128250697591822,0.10645547366343588,42.12308120727539,1.0,0.046782494207403255,0.24997813006242117,0.49996717155021425,0,215,216
0,92,63-125,160,4,0,4,0,0.3893652856349945,0.9948649507015943,0.9082699716091156,1.7118269801139825,2.9540045261383057,0.48125,0.275,0.55625,0.44375,0.0,0.0,0.04648002291224476,0.11629118803643923,40.85724639892578,1.0,0.050946961549082584,0.24997659607066047,0.49996717083258624,0,216,217
0,93,63-125,160,2,1,1,0,0.30807602405548096,0.9895487695932388,0.9208926260471344,1.6307620882987968,2.9668960571289062,0.54375,0.36875,0.6375,0.3625,0.0,0.0,0.05654270973682388,0.212976064958038,37.51359939575195,1.0,0.05525837195668827,0.24997497060232693,0.4999671669794367,0,217,218
0,94,63-125,160,4,1,3,0,0.3971957564353943,1.0028630822896958,0.9419506192207336,1.738973367214202,3.3498153686523438,0.49375,0.325,0.5625,0.4375,0.0,0.0,0.04418715628982876,0.12449113909229503,40.51457214355469,1.0,0.05162184086623142,0.24997329215208688,0.49996717305748767,0,218,219
0,95,63-125,160,1,0,1,0,0.496035635471344,1.011545643955469,0.9696322977542877,1.5306662559509272,2.1351895332336426,0.4625,0.2875,0.56875,0.43125,0.0,0.0,0.040543953875832844,0.07099778842654852,34.57843017578125,1.0,0.04348815166977295,0.24997237738635805,0.49996718449828037,0,219,220
0,96,63-125,160,3,0,3,0,0.536979079246521,0.9974307596683503,0.9361436367034912,1.5287481188774108,1.757604956626892,0.43125,0.26875,0.6125,0.3875,0.0,0.0,0.03257319342663244,0.06327284148148266,30.61017608642578,1.0,0.04196051823805462,0.2499718599849277,0.4999672068727005,0,220,221
0,97,63-125,160,3,0,3,0,0.41995885968208313,1.013465603813529,0.9764431118965149,1.5479988515377034,2.673661708831787,0.5125,0.35625,0.60625,0.39375,0.0,0.0,0.04304300142996589,0.07583051167888305,34.731990814208984,1.0,0.04594621321541446,0.24997038642565408,0.4999672313802542,0,221,222
0,98,63-125,160,2,0,2,0,0.20643538236618042,1.006980482302606,0.9497155547142029,1.6115896880626674,2.9475157260894775,0.53125,0.3875,0.6625,0.3375,0.0,0.0,0.052275082683769236,0.14132057391243041,39.708309173583984,1.0,0.044361428515569255,0.24996826011273596,0.49996725700168376,0,222,223
0,99,63-125,160,4,0,4,0,0.3401138186454773,0.9888540148735047,0.9303138256072998,1.7654385328292832,2.318364143371582,0.63125,0.3625,0.575,0.425,0.0,0.0,0.0602396783487521,0.16690948093355673,40.93927001953125,1.0,0.04804101934853138,0.24996552409397232,0.499967278483898,0,223,224
0,100,63-125,160,4,0,4,0,0.12844833731651306,1.0091549269855022,0.8751846849918365,1.8708639740943904,9.312954902648926,0.6625,0.4375,0.60625,0.39375,0.0,0.0,0.09009987803943643,0.41631470498745804,43.63083267211914,1.0,0.05349356313956832,0.24996308237314224,0.499967293856921,0,224,225
0,101,63-125,160,3,1,2,0,0.22185631096363068,0.9630057780072093,0.9216466546058655,1.5075103223323818,3.076136350631714,0.5875,0.3375,0.58125,0.41875,0.0,0.0,0.07562074931681703,0.6285673575974005,38.72923278808594,1.0,0.04774449650911873,0.2499608997669485,0.4999673058184025,0,225,226
0,102,63-125,160,4,0,4,0,0.09972032159566879,0.9399548926856369,0.9534716308116913,1.399029612541198,3.6346421241760254,0.53125,0.3375,0.625,0.375,0.0,0.0,0.09702685398086743,0.7926490481926449,38.50493621826172,1.0,0.0556740937163941,0.2499592329065005,0.49996731338284356,0,226,227
0,103,63-125,160,1,0,1,0,0.1339973658323288,1.0290206016041339,0.9792310297489166,1.6347468256950364,5.035312652587891,0.49375,0.34375,0.6,0.39375,0.00625,0.0,0.12385895519921455,1.258005161644734,29.934818267822266,1.0,0.057451869620240466,0.2499572162826856,0.4999673200520618,0,227,228
0,104,63-125,160,3,0,3,0,0.07511278986930847,0.9517743265256285,0.9099483489990234,1.5785722553730006,1.8613746166229248,0.575,0.3375,0.56875,0.43125,0.0,0.0,0.11336531861436416,1.0653915820178024,36.358516693115234,1.0,0.0630507932207222,0.2499552257359028,0.4999673238360895,0,228,229
0,105,63-125,160,3,0,3,0,0.15875251591205597,1.0229625901207329,0.9458038806915283,1.709427887201308,2.6964659690856934,0.4875,0.30625,0.59375,0.40625,0.0,0.0,0.08489326985368462,0.6334415003827063,41.049842834472656,1.0,0.05502407944633957,0.2499530112577809,0.49996733315120445,0,229,230
0,106,63-125,160,4,0,4,0,0.14369605481624603,1.0802605734206736,0.996998131275177,1.6815499544143582,4.807285308837891,0.43125,0.28125,0.5875,0.4125,0.0,0.0,0.10397253144579999,0.9477878909173381,36.27449035644531,1.0,0.05489587837293475,0.2499515505300628,0.4999673336188659,0,230,231
0,107,63-125,160,3,0,3,0,0.1517166942358017,0.9750233318656683,0.9986627399921417,1.415852081775665,2.4029951095581055,0.4125,0.26875,0.575,0.425,0.0,0.0,0.05859767356603559,0.49218537977609,32.678993225097656,1.0,0.04968419881502931,0.2499509561392996,0.49996731881964007,0,231,232
0,108,63-125,160,3,1,2,0,0.04635704308748245,0.9997699881438166,0.9545554220676422,1.5379087924957273,2.753976345062256,0.51875,0.325,0.5875,0.4125,0.0,0.0,0.06658040656721538,0.5288709239904099,40.20063781738281,1.0,0.058066009636665666,0.2499505765736103,0.4999673116144694,0,232,233
0,109,63-125,160,4,2,2,0,0.20812968909740448,0.9686376365832985,0.9400522708892822,1.4931615352630607,2.394005060195923,0.5125,0.29375,0.5625,0.4375,0.0,0.0,0.07599475421262367,0.9644218785382377,31.09784507751465,1.0,0.06285480158218533,0.24994882817069689,0.4999673051286918,0,233,234
0,110,63-125,160,4,1,3,0,0.45573920011520386,0.9931624138727784,0.9656505584716797,1.4786083936691283,1.93558931350708,0.4375,0.24375,0.56875,0.425,0.00625,0.0,0.04314425623599657,0.32072083504838156,37.08000946044922,1.0,0.055435113825067446,0.24994793037573496,0.49996729759337044,0,234,235
0,111,63-125,160,4,3,1,0,0.09759790450334549,1.0802732119802385,1.0154220461845398,1.570800113677976,6.98345947265625,0.3875,0.2375,0.5375,0.4625,0.0,0.0,0.05774353693618124,0.6609601037723993,40.162254333496094,1.0,0.05646138595148102,0.24994691378540462,0.499967296741461,0,235,236
0,112,63-125,160,3,0,3,0,0.0014753881841897964,0.9216045413166285,0.9335708916187286,1.4067265272140501,2.9051260948181152,0.4375,0.325,0.63125,0.36875,0.0,0.0,0.10781396779664706,1.593620871530313,43.73883819580078,1.0,0.06718549553304438,0.2499457345240646,0.49996729608613366,0,236,237
0,113,63-125,160,4,0,4,0,0.045310139656066895,0.9927708836272359,0.9736275970935822,1.4603278160095206,2.7100558280944824,0.41875,0.29375,0.5875,0.4125,0.0,0.0,0.07485526897051278,0.9132791414466415,42.400291442871094,1.0,0.06360408470895713,0.24994433050354323,0.4999672989039643,0,237,238
0,114,63-125,160,4,0,4,0,0.07718843966722488,1.0185582802630961,0.9766283929347992,1.739624065160751,3.195854902267456,0.5125,0.34375,0.59375,0.40625,0.0,0.0,0.0832907994319485,0.6990684204735215,37.73618698120117,1.0,0.06403008591716958,0.24994362062878078,0.49996730067319717,0,238,239
0,115,63-125,160,2,1,1,0,0.25641077756881714,0.9945137809962035,0.9366151094436646,1.6140125572681396,3.4988596439361572,0.5125,0.33125,0.6125,0.3875,0.0,0.0,0.08130200588413383,0.6441100158823942,37.69929122924805,1.0,0.06572298331080065,0.2499427083465788,0.4999672983142025,0,239,240
0,116,63-125,160,2,1,1,0,0.20525194704532623,0.9838407556526363,0.9195241034030914,1.6982032299041747,2.744955062866211,0.63125,0.38125,0.575,0.425,0.0,0.0,0.08741492028508238,0.39867460574731794,46.01004409790039,1.0,0.06700600801239626,0.24994149969683754,0.49996729438223153,0,240,241
0,117,63-125,160,1,0,1,0,0.2429928183555603,0.9621871534734965,0.9305397570133209,1.5526566684246064,2.602029323577881,0.525,0.31875,0.5625,0.4375,0.0,0.0,0.05234500228114384,0.19623906843923472,38.144718170166016,1.0,0.05188577416865716,0.24993976040018928,0.4999672819939657,0,241,242
0,118,63-125,160,1,0,1,0,0.2044534981250763,0.9451976438984275,0.9019177854061127,1.475977200269699,2.0779452323913574,0.5,0.33125,0.59375,0.40625,0.0,0.0,0.05436377628550768,0.36532694033529417,46.271583557128906,1.0,0.050182750980793916,0.24993792217638758,0.49996726842140893,0,242,243
0,119,63-125,160,2,0,2,0,0.06344885379076004,1.0691393069457262,1.0078516006469727,1.7720349133014677,3.907742500305176,0.48125,0.3375,0.58125,0.41875,0.0,0.0,0.0944776200797793,1.1027006375306412,39.629451751708984,1.0,0.06492318680086659,0.24993566340870327,0.49996725484419247,0,243,244
0,120,63-125,160,4,0,4,0,0.08522127568721771,0.9988795750774443,0.9938116669654846,1.4954689919948576,3.7588107585906982,0.48125,0.33125,0.61875,0.38125,0.0,0.0,0.08590348223281519,0.8288212891181119,36.13393783569336,1.0,0.06662845800606385,0.2499336318837272,0.49996723246769603,0,244,245
0,121,63-125,160,3,0,3,0,0.17626933753490448,0.9358185953460634,0.92833411693573,1.4878700375556944,2.1562397480010986,0.475,0.3,0.59375,0.40625,0.0,0.0,0.07203113079012649,0.46975111579102213,41.27748107910156,1.0,0.049774722106758075,0.24993120258053145,0.49996721112934583,0,245,246
0,122,63-125,160,2,2,0,0,0.46429428458213806,1.0057258548215031,1.004879891872406,1.508340787887573,2.048421859741211,0.45625,0.30625,0.6,0.4,0.0,0.0,0.05762634576864782,0.44457905280705157,43.12229537963867,1.0,0.05210723244746363,0.24992777076032427,0.4999671919478522,0,246,247
0,123,63-125,160,3,2,1,0,0.4039197862148285,1.0036747299134732,0.9761861562728882,1.5070936799049375,2.0459072589874268,0.4625,0.28125,0.56875,0.43125,0.0,0.0,0.03988323248235916,0.1812225085610234,40.08135223388672,1.0,0.07125510021428172,0.24992425450020367,0.49996717525502854,0,247,248
0,124,63-125,160,3,0,3,0,0.23797349631786346,1.0068012065254153,1.004929780960083,1.4190439760684959,2.335035800933838,0.36875,0.21875,0.5625,0.4375,0.0,0.0,0.03415681407071018,0.15110803531412714,34.08729553222656,1.0,0.0694465633869694,0.24992013681266043,0.4999671553327423,0,248,249
0,125,63-125,160,2,0,2,0,0.17552413046360016,1.0469961012713611,1.0201537013053894,1.4957840979099268,5.033670425415039,0.38125,0.275,0.60625,0.39375,0.0,0.0,0.05887874405808935,0.49847931556998637,41.49640655517578,1.0,0.05473291074780927,0.2499158676299784,0.4999671394798195,0,249,250
0,126,126-188,160,4,2,2,0,0.1897711455821991,0.9769100937992334,0.9461710453033447,1.4481796860694869,2.3538143634796143,0.4375,0.24375,0.525,0.475,0.0,0.0,0.0450390960413158,0.29545861668269424,48.67200469970703,1.0,0.051510788471525584,0.2499117549094889,0.49996712506856034,0,250,251
0,127,126-188,160,3,0,3,0,0.39441177248954773,1.0528049875050782,1.0114442110061646,1.5547431588172909,5.350139141082764,0.48125,0.3125,0.61875,0.38125,0.0,0.0,0.05582119644058957,0.2278561356754505,43.08110809326172,1.0,0.06414194386673745,0.24990768482287726,0.49996711058623045,0,251,252
0,128,126-188,160,3,0,3,0,0.17725317180156708,1.0128277965821326,0.987101674079895,1.5641868412494653,2.398763656616211,0.375,0.225,0.5375,0.4625,0.0,0.0,0.03832905707829069,0.16485307742721822,37.41560363769531,1.0,0.06441868793461433,0.24990391110380492,0.4999670986672641,0,252,253
0,129,126-188,160,4,0,4,0,0.006735967937856913,0.9571727002185071,0.9716617166996002,1.3940402805805197,2.497591972351074,0.40625,0.275,0.61875,0.38125,0.0,0.0,0.10500562409779657,0.9962209961641981,38.170387268066406,1.0,0.06755390869317605,0.24989979217449823,0.4999670916195643,0,253,254
0,130,126-188,160,4,0,4,0,0.07616379112005234,1.0247494267765433,0.9722992777824402,1.6083881318569182,4.274453639984131,0.5,0.3125,0.55,0.45,0.0,0.0,0.09583678301722172,0.7990374900246736,51.19761657714844,1.0,0.05912348835712468,0.24989596754312515,0.49996708667884315,0,254,255
0,131,126-188,160,4,1,3,0,0.017680589109659195,0.9655119559029117,0.9705620110034943,1.4869377434253683,3.1518850326538086,0.50625,0.275,0.5875,0.4125,0.0,0.0,0.08513819564517482,0.7834075770385325,44.60801315307617,1.0,0.06979541100207695,0.24989207999573815,0.4999670826599373,0,255,256
0,132,126-188,160,2,0,2,0,0.18113014101982117,1.000562092848122,0.9572404325008392,1.481822830438611,2.1738944053649902,0.53125,0.325,0.53125,0.46875,0.0,0.0,0.0618632547437475,0.47468349041448826,50.10251235961914,1.0,0.07823291668160189,0.24988872557878494,0.4999670805514964,0,256,257
0,133,126-188,160,3,0,3,0,0.34759321808815,1.0018353009596468,0.9616339802742004,1.591853868961333,2.1744470596313477,0.475,0.3125,0.5875,0.40625,0.00625,0.0,0.04279925154018777,0.1792005275969552,35.01010513305664,1.0,0.0719962897471516,0.24988655828767353,0.4999670775204168,0,257,258
0,134,126-188,160,4,1,3,0,0.38549214601516724,1.0237841995432972,1.0101121664047241,1.5612069964408875,2.2079708576202393,0.48125,0.33125,0.61875,0.38125,0.0,0.0,0.04335051770600628,0.1667627810642286,46.117576599121094,1.0,0.062096478683040066,0.24988487073116833,0.4999670796290183,0,258,259
0,135,126-188,160,4,4,0,0,0.2583613991737366,1.0083473375067116,0.9453160762786865,1.604668021202087,1.9637327194213867,0.5625,0.35625,0.54375,0.45625,0.0,0.0,0.04292186915499545,0.1682944682419612,48.68910217285156,1.0,0.066125694253415,0.2498832514716519,0.4999670843070789,0,259,260
0,136,126-188,160,3,1,2,0,0.283589243888855,1.0099753763526678,0.9675517082214355,1.7147200644016243,2.4921278953552246,0.5,0.3,0.53125,0.46875,0.0,0.0,0.046394512994893645,0.11537448752044493,45.420570373535156,1.0,0.07956292286809195,0.24988229076067606,0.4999670812103961,0,260,261
0,137,126-188,160,3,0,3,0,0.3120573163032532,1.0482033509761095,0.9877276718616486,1.7769443869590735,2.659384250640869,0.575,0.36875,0.6375,0.3625,0.0,0.0,0.06207932564462067,0.20135147454123015,46.4770622253418,1.0,0.0830544790538916,0.24988083044687906,0.4999670763342793,0,261,262
0,138,126-188,160,3,0,3,0,0.3808865547180176,1.0039992911741138,0.9657925367355347,1.6808977305889128,2.00221848487854,0.525,0.3,0.59375,0.40625,0.0,0.0,0.06537417738395829,0.22928518061618552,38.908565521240234,1.0,0.06883767899494625,0.24988000591595969,0.49996707653197126,0,262,263
0,139,126-188,160,4,0,4,0,0.2968742847442627,0.9558141889050603,0.9046958386898041,1.5755555927753448,3.2331392765045166,0.55,0.33125,0.60625,0.39375,0.0,0.0,0.06969231671582823,0.3320120253517459,48.380043029785156,1.0,0.06447583437556735,0.2498783970044719,0.49996708944572266,0,263,264
0,140,126-188,160,4,2,2,0,0.27030065655708313,0.9789238464087248,0.9189915955066681,1.5938795387744893,4.443575382232666,0.5625,0.35,0.55625,0.44375,0.0,0.0,0.06353217552141514,0.21831534565242489,44.329071044921875,1.0,0.06865506764260502,0.249877178006702,0.4999671038699044,0,264,265
0,141,126-188,160,3,0,3,0,0.3433774411678314,0.9805993743240833,0.9209466278553009,1.7322867155075068,2.2774972915649414,0.56875,0.3625,0.575,0.425,0.0,0.0,0.0639360999719594,0.14118676978457229,40.89046859741211,1.0,0.06464633690627404,0.24987524333927366,0.4999671159848068,0,265,266
0,142,126-188,160,4,2,2,0,0.41770607233047485,1.004433747753501,0.9511353671550751,1.5616985023021697,2.115469455718994,0.525,0.3125,0.525,0.475,0.0,0.0,0.05444632562439648,0.18293365126624006,35.93450164794922,1.0,0.0565228337308604,0.24987373956375653,0.49996712645068864,0,266,267
0,143,126-188,160,3,2,1,0,0.18172751367092133,0.9642155452631413,0.9054540693759918,1.7152551531791684,2.163201332092285,0.59375,0.38125,0.60625,0.39375,0.0,0.0,0.07009650109268509,0.4336008362378992,40.567283630371094,1.0,0.056156650471888205,0.24987216169635454,0.4999671325051598,0,267,268
0,144,126-188,160,3,0,3,0,0.1734493523836136,0.983650457020849,0.9745610058307648,1.6120859682559965,2.061055898666382,0.53125,0.3125,0.5625,0.4375,0.0,0.0,0.06688700553490637,0.569963115619225,39.64514923095703,1.0,0.05863396202941471,0.2498708280424277,0.4999671449402545,0,268,269
0,145,126-188,160,4,0,4,0,0.27011293172836304,0.9931682558730245,0.9307940602302551,1.5166090846061704,2.654743194580078,0.48125,0.2875,0.525,0.475,0.0,0.0,0.0459091946421155,0.36531706511748646,45.577980041503906,1.0,0.04884513204774309,0.2498684823513031,0.4999671654595108,0,269,270
0,146,126-188,160,3,0,3,0,0.42219600081443787,1.0021862799301744,0.9612196087837219,1.5184463202953338,1.780512809753418,0.40625,0.26875,0.59375,0.40625,0.0,0.0,0.039828215678214304,0.2488640054046392,38.21630859375,1.0,0.048908196790997435,0.2498660505645805,0.4999671862967381,0,270,271
0,147,126-188,160,3,1,2,0,0.4768698513507843,0.9782072411850095,0.968133270740509,1.435823786258697,2.069936752319336,0.48125,0.31875,0.59375,0.40625,0.0,0.0,0.03743560838647032,0.0901016392960185,38.56692886352539,1.0,0.04615664693644641,0.24986353723539245,0.4999672131651922,0,271,272
0,148,126-188,160,3,0,3,0,0.26554450392723083,1.0059484392404556,0.9723530113697052,1.6060707092285154,2.5334997177124023,0.50625,0.325,0.58125,0.41875,0.0,0.0,0.051063334304361475,0.19689868319912102,37.233978271484375,1.0,0.055289654965699236,0.24986164437399971,0.4999672253780736,0,272,273
0,149,126-188,160,2,0,2,0,0.25056278705596924,1.00629755333066,0.9806821644306183,1.5999479293823227,3.777860403060913,0.54375,0.35,0.5625,0.4375,0.0,0.0,0.06017980349638843,0.14134276836742526,33.77806091308594,1.0,0.06004954947489369,0.24985956855946118,0.49996723830911605,0,273,274
0,150,126-188,160,4,0,4,0,0.34165817499160767,1.0488044504076242,0.9938418865203857,1.5889610648155204,3.158435583114624,0.425,0.25,0.5625,0.4375,0.0,0.0,0.04834694910696365,0.11209871154933415,39.88861083984375,1.0,0.04903227378672832,0.24985798655284774,0.4999672545161826,0,274,275
0,151,126-188,160,4,1,3,0,0.17230023443698883,1.0081313314847649,0.9336133897304535,1.809094530344009,2.079472541809082,0.5625,0.33125,0.55625,0.44375,0.0,0.0,0.04952248686343077,0.1603319654986013,31.016807556152344,1.0,0.0554218073938669,0.24985646001166767,0.49996726074790265,0,275,276
0,152,126-188,160,3,0,3,0,0.21161697804927826,0.9581386339850724,0.9053725898265839,1.5671183884143824,2.0875988006591797,0.45,0.275,0.56875,0.43125,0.0,0.0,0.04937143947210937,0.19854825589529335,41.70195007324219,1.0,0.0618601007192498,0.2498552654352453,0.49996726842140893,0,276,277
0,153,126-188,160,4,1,3,0,0.24742980301380157,1.030652381386608,0.9554541110992432,1.63473346829414,4.3056721687316895,0.50625,0.35625,0.6375,0.3625,0.0,0.0,0.0636271834740149,0.244449576530061,37.54121780395508,1.0,0.06904586475056798,0.24985503777861595,0.49996727910936767,0,277,278
0,154,126-188,160,3,0,3,0,0.341469407081604,1.063389500975609,0.9069061577320099,1.8865852296352366,7.5557026863098145,0.6,0.3375,0.54375,0.45625,0.0,0.0,0.06172456456075085,0.22337451647705503,32.90755844116211,1.0,0.058518477075690564,0.2498554608060254,0.499967279896097,0,278,279
0,155,126-188,160,3,1,2,0,0.34026482701301575,0.9952789245173335,0.9589002132415771,1.5418528378009764,2.5764925479888916,0.425,0.2625,0.55625,0.44375,0.0,0.0,0.04251386416038552,0.170100895485298,37.06949234008789,1.0,0.05071671581486055,0.24985533414615524,0.4999672850750083,0,279,280
0,156,126-188,160,2,1,1,0,0.3335939347743988,0.9667480953037739,0.9236155450344086,1.418559992313385,2.8070878982543945,0.48125,0.2625,0.5375,0.4625,0.0,0.0,0.05822249389882348,0.29039551292426247,31.7508487701416,1.0,0.05526130543849046,0.2498549943168958,0.4999672910397488,0,280,281
0,157,126-188,160,1,0,1,0,0.3794578015804291,0.9866748245432972,0.9492689669132233,1.5299500703811626,2.079983949661255,0.44375,0.275,0.53125,0.46875,0.0,0.0,0.04338154718454781,0.185877125950126,41.54301452636719,1.0,0.04898988736339431,0.24985403774513137,0.4999672961516669,0,281,282
0,158,126-188,160,3,0,3,0,0.38662123680114746,1.017497893050313,0.9955288171768188,1.5602912068367003,2.5742292404174805,0.51875,0.35625,0.64375,0.35625,0.0,0.0,0.044561432281335016,0.09447219723967532,38.600582122802734,1.0,0.044320688104362835,0.249853551801708,0.49996728841799576,0,282,283
0,159,126-188,160,3,1,2,0,0.4033566117286682,1.0291747225448489,0.9723628759384155,1.7048686921596512,2.43387508392334,0.5625,0.3625,0.61875,0.38125,0.0,0.0,0.052125333462235024,0.09219459585139578,36.01778030395508,1.0,0.04543674553291522,0.24985345204671225,0.49996727943717345,0,283,284
0,160,126-188,160,3,0,3,0,0.32666146755218506,1.0118909629061819,0.9474890828132629,1.7181829273700713,2.068168878555298,0.5125,0.29375,0.5875,0.4125,0.0,0.0,0.046056910106232044,0.0945437040539368,35.2384033203125,1.0,0.046337554455999595,0.2498537273042732,0.49996727832262255,0,284,285
0,161,126-188,160,3,0,3,0,0.46594759821891785,1.0117359349504114,0.9556005597114563,1.70484755039215,2.2191593647003174,0.5125,0.31875,0.58125,0.41875,0.0,0.0,0.04159644386788899,0.08234893519023773,37.07301712036133,1.0,0.05086449061109771,0.24985410107506645,0.4999672881558108,0,285,286
0,162,126-188,160,3,0,3,0,0.35176369547843933,1.023245812393725,1.0032334327697754,1.568035352230071,2.0809078216552734,0.525,0.35,0.6,0.4,0.0,0.0,0.04144336353343422,0.06538742536573666,40.933563232421875,1.0,0.050562346927081996,0.24985358119010925,0.499967302180259,0,286,287
0,163,126-188,160,4,0,4,0,0.4364229142665863,1.0025566961616277,0.9654843807220459,1.535139328241348,2.3858683109283447,0.56875,0.38125,0.59375,0.40625,0.0,0.0,0.045243982533819324,0.0775037139081382,42.318870544433594,1.0,0.05162054342110048,0.24985347936550775,0.49996731482420786,0,287,288
0,164,126-188,160,4,1,3,1,0.46822860836982727,1.0038959296420216,0.963456779718399,1.5335955560207355,2.107551336288452,0.45,0.25625,0.5375,0.4625,0.0,0.0,0.037887865429788996,0.06467494420795378,38.658302307128906,1.0,0.049085653164224426,0.24985291229354012,0.4999673327022609,0,288,289
0,165,126-188,160,3,0,3,0,0.3845597207546234,1.0328084267675877,0.9661969542503357,1.7331057786941506,2.3719894886016846,0.4875,0.3125,0.58125,0.41875,0.0,0.0,0.041963758638282514,0.1124927360709832,33.776676177978516,1.0,0.049918723536122894,0.24985182988974783,0.49996735364791567,0,289,290
0,166,126-188,160,3,2,1,0,0.31429094076156616,1.0269246755167842,0.9141465723514557,1.8406356871128082,3.612131118774414,0.56875,0.3875,0.66875,0.33125,0.0,0.0,0.06340503977098148,0.16510882402303217,36.69643020629883,1.0,0.05571268923989743,0.24985158029529783,0.499967378768027,0,290,291
0,167,126-188,160,3,0,3,0,0.2642773389816284,0.9966288430616259,0.9282370507717133,1.5459365904331195,2.7506356239318848,0.6125,0.3625,0.55,0.45,0.0,0.0,0.059339665296718025,0.19302261358843154,39.650821685791016,1.0,0.05029763146720386,0.249851087315215,0.4999673947214498,0,291,292
0,168,126-188,160,2,0,2,0,0.12148137390613556,1.0268341752700507,0.9574969708919525,1.7103474676609025,3.0193865299224854,0.5375,0.36875,0.5625,0.4375,0.0,0.0,0.07501237519943757,0.23035838991382457,41.57455062866211,1.0,0.05718153333267289,0.24985102522704336,0.49996740596342404,0,292,293
0,169,126-188,160,3,1,2,0,0.23236724734306335,0.9659449340775609,0.9271880686283112,1.5877602040767669,2.9209084510803223,0.55,0.36875,0.6125,0.38125,0.00625,0.0,0.060116925179192246,0.22268310176381978,37.147804260253906,1.0,0.06021997241643317,0.24985073258479437,0.4999674161568586,0,293,294
0,170,126-188,160,1,0,1,0,0.2675030827522278,1.0141159920021892,0.9701065421104431,1.6554463148117058,3.169447660446167,0.5625,0.33125,0.5875,0.4125,0.0,0.0,0.059684987229212796,0.15270237121119912,42.48127746582031,1.0,0.06008014804616927,0.24985063241587746,0.49996742255907667,0,294,295
0,171,126-188,160,4,0,4,0,0.3469502925872803,0.9987050237134099,0.9357278645038605,1.6982406735420226,1.9790977239608765,0.56875,0.35625,0.575,0.425,0.0,0.0,0.06307680890303062,0.15606884802390558,37.63853454589844,1.0,0.05654380281312898,0.24985023256805208,0.4999674375153027,0,295,296
0,172,126-188,160,3,2,1,0,0.27896803617477417,0.9910331770777703,0.9174925684928894,1.6960922241210916,2.6626954078674316,0.525,0.31875,0.51875,0.48125,0.0,0.0,0.06472020163665358,0.1977990792625876,40.45838928222656,1.0,0.05666097524108186,0.2498496849503782,0.4999674368637194,0,296,297
0,173,126-188,160,3,0,3,0,0.3620496094226837,1.046025674790144,0.9785787463188171,1.746188873052597,2.33345365524292,0.6,0.40625,0.56875,0.43125,0.0,0.0,0.0679063142146344,0.23192002634061615,40.45703887939453,1.0,0.05665037290152501,0.2498495371805297,0.4999674334855019,0,297,298
0,174,126-188,160,3,0,3,0,0.40063539147377014,0.9647135160863399,0.9234889447689056,1.5512956857681273,1.9372143745422363,0.55,0.33125,0.51875,0.48125,0.0,0.0,0.059068904457099655,0.15202243729605464,41.16270065307617,1.0,0.05308455872558723,0.24984930455684662,0.4999674282985295,0,298,299
0,175,126-188,160,2,1,1,0,0.3428058624267578,1.0306945506483316,0.9652571380138397,1.7156522214412688,2.8891000747680664,0.5625,0.35,0.59375,0.40625,0.0,0.0,0.05662887867904666,0.10505466500667615,42.165016174316406,1.0,0.05862561504051794,0.24984873996840584,0.4999674236176958,0,299,300
0,176,126-188,160,4,3,1,0,0.37096813321113586,1.038240304030478,0.9940924346446991,1.7330995559692377,3.03349232673645,0.49375,0.28125,0.5625,0.4375,0.0,0.0,0.06034703696748073,0.1693975636740378,36.917823791503906,1.0,0.05231050913440276,0.24984781526856953,0.49996743373762365,0,300,301
0,177,126-188,160,4,1,3,0,0.31436821818351746,0.993548191525042,0.8966046273708344,1.5987416326999664,2.6780166625976562,0.575,0.29375,0.53125,0.46875,0.0,0.0,0.055583832250727626,0.15071900237660552,36.547367095947266,1.0,0.04784376299568757,0.2498464642299546,0.4999674554773409,0,301,302
0,178,126-188,160,2,0,2,0,0.25881341099739075,1.0157932430505752,0.960252583026886,1.6391522586345666,3.986178398132324,0.475,0.26875,0.525,0.475,0.0,0.0,0.05589326000045662,0.2608324988099805,38.50343704223633,1.0,0.04474356131727253,0.2498448756006029,0.4999674745736982,0,302,303
0,179,126-188,160,4,1,3,0,0.45794644951820374,0.9917564308270812,0.9592744708061218,1.4415345549583427,1.8815727233886719,0.425,0.28125,0.50625,0.49375,0.0,0.0,0.0307851595652819,0.061960060542999296,33.441654205322266,1.0,0.05493340739579425,0.2498435407049126,0.4999674928729754,0,303,304
0,180,126-188,160,3,0,3,0,0.5325097441673279,1.0279175877571105,0.9957371950149536,1.4656373381614676,2.0688316822052,0.3875,0.25,0.60625,0.39375,0.0,0.0,0.027181729263595755,0.041396842835171976,35.8701286315918,1.0,0.05207170249668641,0.24984170662032235,0.49996751059379724,0,304,305
0,181,126-188,160,3,1,2,0,0.4731510579586029,0.9885823974385858,0.9648274779319763,1.3966495513916015,1.9082313776016235,0.375,0.25625,0.59375,0.40625,0.0,0.0,0.02774986799915994,0.06617887991016419,37.21195602416992,1.0,0.04342313141476508,0.24983955381645095,0.4999675288536367,0,305,306
0,182,126-188,160,3,1,2,0,0.4580971300601959,1.0014480339363216,0.9606288373470306,1.443419176340103,2.357783079147339,0.425,0.2875,0.65,0.34375,0.00625,0.0,0.030563979160926985,0.0533012050925008,35.963809967041016,1.0,0.041206143834136,0.24983733726872337,0.4999675472470169,0,306,307
0,183,126-188,160,3,1,2,0,0.45091933012008667,0.9817113706842064,0.968659520149231,1.4385195672512048,2.0609567165374756,0.425,0.26875,0.59375,0.40625,0.0,0.0,0.030719909217841325,0.05700135272659762,36.2641716003418,1.0,0.042067677758057295,0.2498356488843759,0.49996756818665006,0,307,308
0,184,126-188,160,3,1,2,0,0.4978102743625641,0.969892636872828,0.9479174315929413,1.421514356136322,2.00602388381958,0.4625,0.30625,0.61875,0.38125,0.0,0.0,0.028685456035027694,0.045236218596990674,34.796512603759766,1.0,0.04099123732128561,0.2498333743876881,0.4999675816995608,0,308,309
0,185,126-188,160,3,1,2,0,0.42679929733276367,1.0136896813288332,1.0019013285636902,1.462116825580597,1.9921053647994995,0.475,0.31875,0.58125,0.41875,0.0,0.0,0.03538908964192481,0.06508530375578003,34.441280364990234,1.0,0.04547819930618865,0.24983091776569685,0.499967590270933,0,309,310
0,186,126-188,160,2,0,2,0,0.36090201139450073,0.9656619245186449,0.9075762629508972,1.5991744637489316,2.2331292629241943,0.525,0.35625,0.6125,0.3875,0.0,0.0,0.04888246958675613,0.08696070863261218,36.00782775878906,1.0,0.04817426305017809,0.24982893011636204,0.49996758410067815,0,310,311
0,187,126-188,160,3,1,2,0,0.2974768877029419,0.9908076323568821,0.9541514217853546,1.578344517946243,2.0617642402648926,0.625,0.35625,0.55,0.45,0.0,0.0,0.06491530285144678,0.1782288115109153,35.09182357788086,1.0,0.05094889580087509,0.24982701945636007,0.49996757810372444,0,311,312
0,188,126-188,160,4,1,3,0,0.42515990138053894,1.0042526314035058,0.9613536298274994,1.6007619738578795,2.5183937549591064,0.45625,0.275,0.59375,0.40625,0.0,0.0,0.049711412969670785,0.14769538718255593,43.70878219604492,1.0,0.04184725046835507,0.24982505953974193,0.49996757179846757,0,312,313
0,189,189-250,160,4,3,1,0,0.28939008712768555,1.0183976823464036,0.9485450088977814,1.600161761045455,2.89176344871521,0.48125,0.26875,0.55625,0.44375,0.0,0.0,0.04557041783058282,0.17912764232400574,34.33235168457031,1.0,0.04376415321576811,0.24982331527603996,0.4999675707847754,0,313,314
0,190,189-250,160,3,1,2,0,0.23597440123558044,0.9814041864126921,0.8973896205425262,1.6847074091434475,3.437223196029663,0.59375,0.38125,0.55625,0.44375,0.0,0.0,0.05427459506061787,0.2538932490316361,37.763771057128906,1.0,0.052080425024720434,0.24982049150599372,0.4999675717852849,0,314,315
0,191,189-250,160,3,0,3,0,0.22842937707901,1.00925495903939,0.9174945950508118,1.834829467535018,3.1620583534240723,0.59375,0.3625,0.575,0.425,0.0,0.0,0.06461120343699973,0.2080774769166263,37.02688217163086,1.0,0.05396352111954402,0.24981748395495945,0.49996565053205466,0,315,316
0,192,189-250,160,3,0,3,0,0.40106895565986633,0.9879161786288023,0.927487701177597,1.5917332172393797,2.5524256229400635,0.50625,0.33125,0.60625,0.39375,0.0,0.0,0.05752297018691517,0.10636333142540588,34.23992156982422,1.0,0.049805835446951684,0.24981477401322788,0.49996565230649914,0,316,317
0,193,189-250,160,4,0,4,0,0.3604336977005005,1.0277490105479956,0.9393502175807953,1.8498877823352813,2.6162049770355225,0.53125,0.275,0.525,0.475,0.0,0.0,0.05273652071972616,0.09740617251488232,37.191593170166016,1.0,0.042691440667098214,0.2498126414914926,0.4999656501225568,0,317,318
0,194,189-250,160,2,0,2,0,0.42887651920318604,0.9988970384001732,0.9197099506855011,1.7172000110149377,2.504574775695801,0.55,0.3375,0.55,0.45,0.0,0.0,0.05836880550118445,0.2958021063640921,36.58949661254883,1.0,0.046535435761576135,0.24981064142452347,0.4999656583117488,0,318,319
0,195,189-250,160,1,1,0,0,0.08426567912101746,0.9816753784194588,0.955628365278244,1.7149665474891662,2.692737102508545,0.49375,0.3,0.55,0.45,0.0,0.0,0.09075120983591059,0.7893843831826006,34.1278190612793,1.0,0.05407029372049955,0.2498084203236633,0.499965660836424,0,319,320
0,196,189-250,160,3,1,2,0,0.3365750014781952,1.007962922565639,0.9398467838764191,1.7005718946456907,3.4204318523406982,0.54375,0.33125,0.6125,0.3875,0.0,0.0,0.07264324407252043,0.4185798188175409,31.271360397338867,1.0,0.05501547495836191,0.24980620543162027,0.49996567263895086,0,320,321
0,197,189-250,160,4,1,3,0,0.24869485199451447,0.9605425235815346,0.8989041149616241,1.6061869442462915,3.3230764865875244,0.64375,0.35625,0.54375,0.45625,0.0,0.0,0.09422549748325455,0.7209040195287646,40.38861083984375,1.0,0.05618743771245252,0.24980386056833798,0.4999656887340993,0,321,322
0,198,189-250,160,3,1,2,0,0.03978876397013664,0.9977233026875183,0.9557738900184631,1.5974018275737754,2.037027359008789,0.53125,0.35,0.5125,0.4875,0.0,0.0,0.07894089828079145,0.571491174444043,36.93364715576172,1.0,0.04940824549099945,0.2498016022145748,0.499965701960184,0,322,323
0,199,189-250,160,2,1,1,0,0.3819316029548645,1.004876788146794,0.935242086648941,1.6390156626701353,2.4038562774658203,0.51875,0.3375,0.59375,0.40625,0.0,0.0,0.058894951093922246,0.30884960871508477,38.813262939453125,1.0,0.04668509718403022,0.24979910916752285,0.4999657119792038,0,323,324
0,200,189-250,160,4,0,4,0,0.38019225001335144,1.0360611388459802,0.97629114985466,1.678276610374449,2.9250688552856445,0.59375,0.3625,0.55,0.45,0.0,0.0,0.06656326679663274,0.5620162258620232,33.32793045043945,1.0,0.05003601654514433,0.24979641122950447,0.49996572553851126,0,324,325
0,201,189-250,160,3,1,2,0,0.06551352143287659,1.0547783077694475,0.9788857400417328,1.7697104215621933,11.437301635742188,0.54375,0.3125,0.55,0.45,0.0,0.0,0.08626433821017214,0.803830838313122,35.79311752319336,1.0,0.06635061236551924,0.2497936019466983,0.49996575768155405,0,325,326
0,202,189-250,160,3,1,2,0,0.025749491527676582,1.0174973745713942,0.9857726097106934,1.5264836370944974,5.282060146331787,0.49375,0.31875,0.55,0.45,0.0,0.0,0.10148268817988222,1.1793470048903845,34.94715118408203,1.0,0.06967783094789705,0.24979080508152643,0.49996578769098143,0,326,327
0,203,189-250,160,4,0,4,0,0.20089012384414673,0.9870418200269342,0.9561885893344879,1.49989606142044,2.662029504776001,0.46875,0.275,0.54375,0.45625,0.0,0.0,0.06564094154339499,0.5152689753899095,34.356117248535156,1.0,0.04843207973719303,0.2497880177365409,0.4999658183584008,0,327,328
0,204,189-250,160,3,0,3,0,0.06666547060012817,0.9955297889653594,0.9313510358333588,1.4715709149837488,11.112886428833008,0.44375,0.275,0.5875,0.4125,0.0,0.0,0.09947677053138297,0.9984672946280138,39.627750396728516,1.0,0.0568369398931979,0.24978553420967525,0.4999658439764709,0,328,329
0,205,189-250,160,4,0,4,0,0.08649789541959763,1.0606313932221383,0.9588088691234589,1.6940031766891441,7.218713283538818,0.4875,0.25625,0.5125,0.4875,0.0,0.0,0.10126912578991583,0.9123203549317831,30.68337631225586,1.0,0.06418476075572138,0.24978392778171432,0.49996586788139674,0,329,330
0,206,189-250,160,4,0,4,0,0.47712790966033936,1.005608820170164,0.9550966620445251,1.517571061849594,2.3376760482788086,0.5125,0.30625,0.59375,0.40625,0.0,0.0,0.04085089704616711,0.1369314161202299,32.64221954345703,1.0,0.051078646690497775,0.24978303867909643,0.4999658914332217,0,330,331
0,207,189-250,160,3,0,3,0,0.10937236994504929,0.9906925858464092,0.9737945199012756,1.467844802141189,2.223975658416748,0.4375,0.275,0.55625,0.44375,0.0,0.0,0.03949731578303915,0.19857649517619136,29.641307830810547,1.0,0.04864405313159516,0.24978171206182903,0.49996591422563985,0,331,332
0,208,189-250,160,4,2,2,0,0.40505659580230713,0.9887241244316101,0.9541707932949066,1.5425689935684204,1.7850931882858276,0.43125,0.275,0.59375,0.40625,0.0,0.0,0.041295097533723124,0.18348706112065438,37.473785400390625,1.0,0.048489233332547836,0.24978022277355194,0.4999659411397346,0,332,333
0,209,189-250,160,3,0,3,0,0.2694759964942932,1.0134716799482704,0.9679099321365356,1.8918652176856987,2.553255796432495,0.50625,0.3375,0.5625,0.43125,0.00625,0.0,0.06098231486206731,0.2971325227937114,30.30257225036621,1.0,0.049533838757773965,0.24977880840500197,0.49996594283398854,0,333,334
0,210,189-250,160,4,0,4,0,0.13815262913703918,1.0369524795562028,0.9672295153141022,1.8425329625606535,2.585908889770508,0.5875,0.4,0.61875,0.38125,0.0,0.0,0.09163688031924269,0.5658774480055606,33.3469123840332,1.0,0.05208346156516504,0.24977806748615372,0.4999659481196128,0,334,335
0,211,189-250,160,4,2,2,0,0.03460974246263504,1.0259575204458087,0.9852685928344727,1.682642394304275,2.5408871173858643,0.48125,0.275,0.575,0.425,0.0,0.0,0.1191483113134963,1.2358101337967422,36.625701904296875,1.0,0.05726685303042106,0.24977676404847038,0.49996595943398914,0,335,336
0,212,189-250,160,3,0,3,0,0.1405707597732544,1.108198370784521,0.9619884192943573,1.8136701405048365,9.00905990600586,0.5,0.2875,0.55625,0.44375,0.0,0.0,0.10000039758715258,0.6839608635998686,42.6330451965332,1.0,0.05421564524510969,0.24977563983864254,0.49996597223513184,0,336,337
0,213,189-250,160,1,0,1,0,0.1425461769104004,0.9928668476641178,0.9341104626655579,1.7608929753303515,2.9735400676727295,0.5625,0.3125,0.51875,0.48125,0.0,0.0,0.08740285607454282,0.6107491713368678,35.44858932495117,1.0,0.056648061525330314,0.24977440925108063,0.49996598415219307,0,337,338
0,214,189-250,160,3,0,3,0,0.3801683187484741,0.9942512057721615,0.920882523059845,1.6782760322093961,2.054379940032959,0.56875,0.35625,0.5625,0.4375,0.0,0.0,0.07463066464388754,0.28784876492707784,36.25681686401367,1.0,0.06242886805375651,0.24977405245105425,0.4999659904478826,0,338,339
0,215,189-250,160,4,3,1,0,0.3348800539970398,1.010329001583159,0.9716515839099884,1.6669975936412755,2.662158966064453,0.5125,0.2875,0.56875,0.43125,0.0,0.0,0.06204332983431652,0.13076022388709752,37.46197509765625,1.0,0.054193568910423574,0.24977360955542988,0.49996599417068655,0,339,340
0,216,189-250,160,3,1,2,0,0.4059402346611023,0.9874758804216981,0.9595999121665955,1.540870600938797,2.2326266765594482,0.475,0.26875,0.51875,0.48125,0.0,0.0,0.05638334638869552,0.14925185969163057,31.618602752685547,1.0,0.05437402672054741,0.24977338934938112,0.4999659986376064,0,340,341
0,217,189-250,160,4,1,3,0,0.2684043049812317,1.001468576490879,0.9445933103561401,1.6287855386733996,2.4330599308013916,0.44375,0.25625,0.51875,0.48125,0.0,0.0,0.04722128728706799,0.19509583161830563,33.429725646972656,1.0,0.05296743986907346,0.2497729423145453,0.49996600357772525,0,341,342
0,218,189-250,160,4,2,2,0,0.5069706439971924,1.0302147958427668,0.9563095271587372,1.5775180041790007,2.229875326156616,0.46875,0.2875,0.56875,0.43125,0.0,0.0,0.046894149273454776,0.21456228569344887,30.99333953857422,1.0,0.052984767263259354,0.2497715912759304,0.4999660126443439,0,342,343
0,219,189-250,160,4,1,3,0,0.3474743962287903,1.022152590751648,0.9720652997493744,1.6253892123699187,2.364213705062866,0.4375,0.26875,0.575,0.425,0.0,0.0,0.041101056557504165,0.11906444593867138,35.630401611328125,1.0,0.0496218131975151,0.2497705337074068,0.49996602387335254,0,343,344
0,220,189-250,160,2,0,2,0,0.2430325597524643,0.958909088652581,0.9302678406238556,1.4762400209903717,1.888458251953125,0.475,0.2625,0.59375,0.40625,0.0,0.0,0.04659616906354784,0.23847959834805293,35.97175979614258,1.0,0.058136434560461824,0.24976937803957197,0.4999660341526453,0,344,345
0,221,189-250,160,2,0,2,0,0.5192009806632996,1.0067667040973902,0.951541393995285,1.506572979688644,3.132277488708496,0.39375,0.28125,0.59375,0.40625,0.0,0.0,0.03754260805474871,0.11369353233714358,41.8797721862793,1.0,0.0593251689991569,0.24976789951324463,0.4999660401026391,0,345,346
0,222,189-250,160,4,1,3,0,0.4674225449562073,1.0190774835646152,0.9699224829673767,1.5258923470973962,2.2385239601135254,0.51875,0.33125,0.60625,0.39375,0.0,0.0,0.03720422147261276,0.10687884707293316,42.256710052490234,1.0,0.04893216332293806,0.24976723516980806,0.49996604361813946,0,346,347
0,223,189-250,160,2,0,2,0,0.4135749936103821,1.0140926644206048,0.9639052748680115,1.5622747421264647,2.7277233600616455,0.525,0.3375,0.575,0.425,0.0,0.0,0.044905971488493256,0.16655555547563,39.2371826171875,1.0,0.05681527327057408,0.2497663013637066,0.49996605389249194,0,347,348
0,224,189-250,160,3,1,2,0,0.37035679817199707,1.0065236184746027,0.9565272331237793,1.534969252347945,2.090636730194092,0.46875,0.2375,0.5125,0.4875,0.0,0.0,0.042181216875428536,0.13080935026989726,39.058231353759766,1.0,0.05435702193961855,0.24976529139611456,0.4999660652453639,0,348,349
0,225,189-250,160,4,1,3,0,0.23426146805286407,1.0302356415428222,0.9640070199966431,1.575698029994964,2.697436571121216,0.4375,0.25625,0.51875,0.48125,0.0,0.0,0.05341597853415013,0.2659376462470344,26.59912872314453,1.0,0.06444624234501697,0.24976360673705736,0.4999660779460452,0,349,350
0,226,189-250,160,3,0,3,0,0.45691877603530884,1.024218075722456,0.9669897854328156,1.5646193087100981,2.2717814445495605,0.5625,0.3125,0.54375,0.45625,0.0,0.0,0.049221475054458085,0.10398607102619839,37.54528045654297,1.0,0.07111413374673188,0.24976228757037056,0.49996608949484656,0,350,351
0,227,189-250,160,2,1,1,0,0.3828914165496826,1.0244503073394298,0.9401514828205109,1.786230885982513,3.091433525085449,0.56875,0.36875,0.6375,0.3625,0.0,0.0,0.0637929151961217,0.10624794250874048,34.17906951904297,1.0,0.06872349542109417,0.24976071384218004,0.49996611312260564,0,351,352
0,228,189-250,160,3,1,2,0,0.46027621626853943,0.9854127690196037,0.9129075407981873,1.5883622229099268,2.4244086742401123,0.5875,0.31875,0.55,0.45,0.0,0.0,0.05463712756616203,0.08533331219895385,41.40632247924805,1.0,0.04850534059971586,0.24975926925738653,0.4999661281022978,0,352,353
0,229,189-250,160,1,0,1,0,0.35476937890052795,1.0009114012122153,0.9229883551597595,1.7287629008293146,1.931807041168213,0.6625,0.4125,0.575,0.425,0.0,0.0,0.059054853588410186,0.0879060174713342,38.47034454345703,1.0,0.05037644030144669,0.24975828785035345,0.4999661394346404,0,353,354
0,230,189-250,160,4,1,3,0,0.2599527835845947,1.0049074705690146,0.9703676700592041,1.5430999457836139,2.0067145824432373,0.5375,0.30625,0.5375,0.4625,0.0,0.0,0.053409378232860384,0.08480618703570125,42.61472702026367,1.0,0.06825665918259498,0.2497575676275624,0.49996614125561734,0,354,355
0,231,189-250,160,2,0,2,0,0.2983391284942627,0.9944815654307604,0.9387175738811493,1.8538792908191672,3.0686120986938477,0.6,0.38125,0.625,0.375,0.0,0.0,0.06218747602976369,0.0954493491855245,38.65827941894531,1.0,0.06014491682502926,0.24975723110967213,0.4999661436834604,0,355,356
0,232,189-250,160,3,2,1,0,0.4545363485813141,1.04266919195652,0.9992518424987793,1.7808359980583182,2.233551025390625,0.55625,0.30625,0.55,0.45,0.0,0.0,0.050150650244404085,0.09701840729883016,30.73265266418457,1.0,0.04610510357731298,0.2497568122214741,0.49996615143810597,0,356,357
0,233,189-250,160,3,3,0,0,0.1557629257440567,0.984279992710799,0.9506090581417084,1.601759624481201,2.3059287071228027,0.55,0.28125,0.55,0.45,0.0,0.0,0.06794943252984469,0.423540433356402,36.189613342285156,1.0,0.05027454292342784,0.24975653034117487,0.4999661624269567,0,357,358
0,234,189-250,160,4,1,3,0,0.36079221963882446,1.0276495968922972,0.9768733978271484,1.6884275257587424,2.305849552154541,0.46875,0.30625,0.5875,0.4125,0.0,0.0,0.0441301870732337,0.12398131356090247,30.44552230834961,1.0,0.05287545609346161,0.24975652744372687,0.49996616303361696,0,358,359
0,235,189-250,160,3,1,2,0,0.43017053604125977,1.012700712122023,0.9513686001300812,1.747822135686874,2.9848477840423584,0.6,0.38125,0.55625,0.44375,0.0,0.0,0.053103976082776796,0.1322338062553557,28.91981315612793,1.0,0.06222476337137742,0.249756111866898,0.49996617887101025,0,359,360
0,236,189-250,160,3,0,3,0,0.28208649158477783,1.0807117447257042,0.9921740889549255,1.8326070487499195,5.10277795791626,0.4875,0.34375,0.59375,0.40625,0.0,0.0,0.06956763050891654,0.26268406006391093,29.71778678894043,1.0,0.07743913002308359,0.24975576458705795,0.4999661908629124,0,360,361
0,237,189-250,160,3,1,2,0,0.37100404500961304,1.0023298025131226,0.9547132849693298,1.6665056049823759,1.9106696844100952,0.5875,0.36875,0.575,0.425,0.0,0.0,0.05659575332336677,0.1564832267746008,37.24613571166992,1.0,0.06192710908042881,0.2497548440264331,0.49996620702620176,0,361,362
0,238,189-250,160,4,1,3,0,0.3597707152366638,0.9568265974521637,0.921945720911026,1.492185348272323,2.1707403659820557,0.48125,0.275,0.54375,0.45625,0.0,0.0,0.059428009218785695,0.21556626329212203,44.11723709106445,1.0,0.055716756698979235,0.24975357121891445,0.4999662169230601,0,362,363
0,239,189-250,160,4,2,2,0,0.40237152576446533,1.0279558895155787,0.974679172039032,1.650460374355316,2.554476261138916,0.49375,0.275,0.5125,0.4875,0.0,0.0,0.05096907372486479,0.12167628394942837,35.26814270019531,1.0,0.062299437506308626,0.24975265562534332,0.4999662183367013,0,363,364
0,240,189-250,160,4,1,3,0,0.41342827677726746,0.9909186631441116,0.9329826831817627,1.4522880971431718,4.765079021453857,0.44375,0.23125,0.55625,0.44375,0.0,0.0,0.05207999581589058,0.394853989254478,36.44538497924805,1.0,0.05896560433536845,0.24975224253204134,0.4999662079015308,0,364,365
0,241,189-250,160,2,2,0,0,0.3283796012401581,1.006063211709261,0.9489386975765228,1.5508234441280364,2.66519832611084,0.4,0.25625,0.5875,0.4125,0.0,0.0,0.056056726404905145,0.14474272730188242,33.29932403564453,1.0,0.05658604042811447,0.24975181991855303,0.4999662002922747,0,365,366
0,242,189-250,160,1,1,0,0,0.28517988324165344,0.987613134086132,0.8985249400138855,1.8726884782314297,2.574915647506714,0.54375,0.375,0.60625,0.39375,0.0,0.0,0.06288037996911196,0.12325670695797786,37.72970962524414,1.0,0.05223036352320911,0.24975107734402022,0.4999661859453106,0,366,367
0,243,189-250,160,3,2,1,0,0.25144731998443604,0.9559816939756274,0.9106500148773193,1.6012013912200922,2.2613000869750977,0.6,0.39375,0.5875,0.4125,0.0,0.0,0.0606854932732405,0.1073329234248605,41.339271545410156,1.0,0.05335799419408945,0.24975039271844757,0.4999661703802343,0,367,368
0,244,189-250,160,3,0,3,0,0.3241651952266693,1.053009206801653,0.9761584103107452,1.6791346669197063,2.7776598930358887,0.46875,0.25625,0.575,0.425,0.0,0.0,0.055447787242678,0.09503235291399009,36.159950256347656,1.0,0.05436764622088261,0.2497499618265364,0.49996615932610744,0,368,369
0,245,189-250,160,3,0,3,0,0.43072059750556946,0.9886345978826284,0.9213643372058868,1.6204225480556478,2.654391288757324,0.5625,0.3125,0.53125,0.46875,0.0,0.0,0.0585287956908704,0.11043423406824338,35.43510055541992,1.0,0.050676115500990146,0.2497488231294685,0.4999661508312737,0,369,370
0,246,189-250,160,4,3,1,0,0.351280152797699,1.0100068271160125,0.9610278904438019,1.7101275324821466,2.432380199432373,0.49375,0.2875,0.525,0.475,0.0,0.0,0.05103186363564731,0.11589259070525526,30.051958084106445,1.0,0.04037765259125919,0.24974783716930282,0.49996613666929846,0,370,371
0,247,189-250,160,3,1,2,0,0.3815329074859619,0.9776189431548119,0.9154943227767944,1.6642627656459807,2.2085673809051514,0.625,0.4,0.625,0.375,0.0,0.0,0.0582281382187362,0.18923139027800112,36.82022476196289,1.0,0.0417568193882107,0.24974677421980435,0.49996612418921305,0,371,372
0,248,189-250,160,3,1,2,0,0.4196045696735382,0.9820060234516859,0.9375730752944946,1.4873192548751826,2.069812059402466,0.49375,0.29375,0.54375,0.45625,0.0,0.0,0.0425545422022731,0.07568924383124143,37.59271240234375,1.0,0.04276456406435283,0.24974583213527998,0.49996611332507035,0,372,373
0,249,189-250,160,4,1,3,0,0.49475979804992676,1.0196991302073002,0.977960079908371,1.5486083328723887,2.555671215057373,0.50625,0.4,0.65625,0.34375,0.0,0.0,0.04041596033855345,0.0601184584083172,39.20277786254883,1.0,0.04688483802429796,0.2497449740767479,0.49996610779067296,0,373,374
0,250,189-250,160,4,3,1,0,0.40819379687309265,0.9852124756202102,0.9515477120876312,1.561258369684219,1.9570984840393066,0.5125,0.325,0.55625,0.44375,0.0,0.0,0.04789343788919538,0.0813691503989229,37.515193939208984,1.0,0.04680195720590155,0.24974361600147355,0.49996609915011936,0,374,375
1,1,1-10,160,0,0,0,0,0.022076871246099472,1.252899572008755,0.5096921324729919,4.574559736251807,13.194488525390625,0.8875,0.6375,0.69375,0.30625,0.0,0.0,0.5095753388344878,0.6657518992539125,127.91500091552734,1.0,0.2568440606980985,0.2500026900735166,0.499967054658216,0,125,126
1,2,1-10,160,0,0,0,0,0.0827636793255806,0.9995969501789659,0.6386296451091766,2.534122908115382,8.030214309692383,0.84375,0.61875,0.66875,0.33125,0.0,0.0,0.3273696300652515,0.4239061260394556,53.87824249267578,1.0,0.17866613793622413,0.25000546334518325,0.4999670757628083,0,126,127
1,3,1-10,160,2,0,2,0,0.05314719304442406,0.9536097811767832,0.7250851094722748,2.307741260528563,6.353144645690918,0.7875,0.54375,0.6125,0.3875,0.0,0.0,0.28009751643889347,0.3897564423247653,57.337989807128906,1.0,0.11894441207734094,0.25000379441512954,0.49996710868158856,0,127,128
1,4,1-10,160,0,0,0,0,0.11403647065162659,0.9754768575541675,0.7823613286018372,2.151371490955351,4.893756866455078,0.7875,0.46875,0.60625,0.39375,0.0,0.0,0.1992328147108473,0.2813996302803722,74.33927154541016,1.0,0.1248712422051203,0.2500014325810803,0.4999671424946539,0,128,129
1,5,1-10,160,1,0,1,0,0.12742623686790466,1.0188896513544023,0.8181035816669464,2.3706048369407613,4.075364112854004,0.78125,0.5375,0.65625,0.34375,0.0,0.0,0.19706850855506314,0.2922223701498795,50.71645736694336,1.0,0.11047015786119725,0.25000115980704624,0.49996718408583607,0,129,130
1,6,1-10,160,0,0,0,0,0.12192552536725998,0.9200727537740022,0.7314197421073914,1.9059382915496792,3.994657278060913,0.81875,0.51875,0.60625,0.39375,0.0,0.0,0.16088776596158985,0.24315030612897076,60.179019927978516,1.0,0.08904151869590192,0.25000016805198455,0.49996722637316504,0,130,131
1,7,1-10,160,3,1,2,0,0.1918945461511612,0.9714077642187476,0.8387404084205627,1.8803977429866783,4.04355525970459,0.7125,0.4875,0.625,0.375,0.0,0.0,0.1276162077857633,0.158031094569003,67.7048568725586,1.0,0.08628513819106315,0.24999992880556318,0.49996727154041254,0,131,132
1,8,1-10,160,1,0,1,0,0.38254937529563904,1.0153538035228848,0.9200773537158966,1.7799933314323417,4.51528263092041,0.60625,0.38125,0.60625,0.39375,0.0,0.0,0.09083502823301343,0.12231281664536914,70.42691802978516,1.0,0.08755192861290885,0.2500005786617597,0.49996730768833736,0,132,133
1,9,1-10,160,2,0,2,0,0.2965937852859497,1.0265595501288771,0.8651285469532013,1.9669712066650376,4.369268894195557,0.70625,0.46875,0.625,0.375,0.0,0.0,0.09333166353265762,0.13266793419469897,53.81816482543945,1.0,0.09124702343200976,0.2500015902850363,0.4999673372122674,0,133,134
1,10,1-10,160,2,0,2,0,0.25223737955093384,1.054322013631463,0.9635316133499146,2.0417364954948396,2.734544277191162,0.64375,0.425,0.625,0.375,0.0,0.0,0.10001105183011902,0.13421937271215112,50.43507766723633,1.0,0.0956689312469035,0.2500014611416393,0.49996734978918794,0,134,135
1,11,11-62,160,4,0,4,0,0.2142191380262375,0.9120145081542432,0.8460203111171722,1.7215701997280115,2.964872360229492,0.6625,0.4375,0.61875,0.38125,0.0,0.0,0.1062570852992522,0.1638836672047893,51.33920669555664,1.0,0.08916369717491839,0.25000198351012337,0.49996735105779583,0,135,136
1,12,11-62,160,2,0,2,0,0.18473921716213226,1.0596633154898882,0.9239342510700226,2.2985271930694577,3.6069271564483643,0.6875,0.41875,0.60625,0.39375,0.0,0.0,0.11598044082138337,0.2059422566232903,44.0013427734375,1.0,0.08318400048587751,0.2500029115213288,0.4999673496867126,0,136,137
1,13,11-62,160,3,0,3,0,0.258775919675827,0.9785285089164972,0.8826846778392792,1.892978096008299,2.8758158683776855,0.60625,0.39375,0.6375,0.3625,0.0,0.0,0.10127738983780517,0.19301801648271566,54.49119567871094,1.0,0.0709233281427438,0.2500034045014117,0.4999673531556873,0,137,138
1,14,11-62,160,3,0,3,0,0.2756463289260864,0.9870779115706683,0.8759410083293915,2.006928586959837,3.1728885173797607,0.66875,0.41875,0.55625,0.44375,0.0,0.0,0.08853155536149533,0.13199737866058375,48.840087890625,1.0,0.06344043235875564,0.25000404980447555,0.4999673571051671,0,138,139
1,15,11-62,160,3,0,3,0,0.32035157084465027,0.9858460215851664,0.9281208217144012,1.8215870559215543,2.2320494651794434,0.61875,0.3875,0.5625,0.4375,0.0,0.0,0.07336756508891862,0.1346695294047977,60.33457946777344,1.0,0.07239866465200569,0.25000544347696835,0.4999673479559344,0,139,140
1,16,11-62,160,1,0,1,0,0.45122551918029785,0.9900782281532884,0.8805786967277527,1.8113366723060602,2.6622557640075684,0.64375,0.45,0.675,0.325,0.0,0.0,0.06722036902944936,0.12727145600637135,46.991477966308594,1.0,0.0792195018737851,0.250005720804135,0.4999673406688453,0,140,141
1,17,11-62,160,1,0,1,0,0.41480758786201477,1.041766397282481,0.9854835271835327,1.6007221996784198,2.400763750076294,0.44375,0.2875,0.60625,0.39375,0.0,0.0,0.04707473632409948,0.0798886560615466,49.657615661621094,1.0,0.07724081180440047,0.2500059161749151,0.4999673299051208,0,141,142
1,18,11-62,160,2,0,2,0,0.3864081799983978,0.97702367734164,0.9729247391223907,1.5860600709915151,1.8642032146453857,0.50625,0.34375,0.5875,0.4125,0.0,0.0,0.05008193984349191,0.07820505529898608,50.76942443847656,1.0,0.06712698945552474,0.25000756772028077,0.49996731496844754,0,142,143
1,19,11-62,160,1,0,1,0,0.2883402407169342,0.9992986105382442,0.9552284479141235,1.5706904470920557,2.7156994342803955,0.5,0.35,0.61875,0.38125,0.0,0.0,0.05273320039771624,0.0989682717533183,50.861270904541016,1.0,0.05947244611734223,0.2500093773835235,0.4999672935055453,0,143,144
1,20,11-62,160,1,0,1,0,0.3360801935195923,0.9928542632609606,0.9273060262203217,1.5639543056488034,2.3972623348236084,0.5625,0.34375,0.51875,0.48125,0.0,0.0,0.05184318148670255,0.09629525791743793,52.37858963012695,1.0,0.055951917397983136,0.25001095690661007,0.4999672653192231,0,144,145
1,21,11-62,160,2,0,2,0,0.28835079073905945,1.0061693044379354,0.9472842514514923,1.8250593006610862,3.158935070037842,0.58125,0.375,0.5625,0.4375,0.0,0.0,0.06689348961516475,0.12848946524375127,54.99409103393555,1.0,0.05732816406674201,0.25001293503575855,0.49996725216034016,0,145,146
1,22,11-62,160,2,0,2,0,0.23798768222332,1.0060013850219547,0.9030911922454834,1.8596863329410547,2.8463757038116455,0.6375,0.4,0.59375,0.40625,0.0,0.0,0.07212585253799894,0.12011166130937306,53.83494567871094,1.0,0.06015341916946951,0.2500145576066441,0.49996724989566305,0,146,147
1,23,11-62,160,2,1,1,0,0.42166441679000854,1.016664293035865,0.9594426155090332,1.6552730083465574,2.0708963871002197,0.53125,0.325,0.59375,0.40625,0.0,0.0,0.05756810083003132,0.08777713506754192,39.05514907836914,1.0,0.05507723643365555,0.2500167389710744,0.49996725318881735,0,147,148
1,24,11-62,160,3,0,3,0,0.4039609134197235,1.006379167176783,0.9558476805686951,1.6338170349597925,3.4130702018737793,0.61875,0.4375,0.64375,0.35625,0.0,0.0,0.07114982308234566,0.12038855893125072,45.63084411621094,1.0,0.05457859500084615,0.25001833132571644,0.499967252630403,0,148,149
1,25,11-62,160,3,1,2,0,0.3630125820636749,0.9851232877001166,0.9079699218273163,1.785479211807248,2.1574337482452393,0.59375,0.3875,0.59375,0.40625,0.0,0.0,0.06254559706474014,0.09112780986285429,50.95450210571289,1.0,0.04996711893696651,0.25001974776387215,0.499967251764396,0,149,150
1,26,11-62,160,3,0,3,0,0.358619749546051,1.0166356155648828,0.9657147526741028,1.726866805553435,2.0530333518981934,0.5375,0.3625,0.6375,0.3625,0.0,0.0,0.06636952417330133,0.10096883390890887,53.40686798095703,1.0,0.045933891032835086,0.2500217254790995,0.49996725766811884,0,150,151
1,27,11-62,160,4,0,4,0,0.357514888048172,1.09258099719882,1.0094276070594788,2.0001437604427337,3.9227471351623535,0.54375,0.31875,0.55,0.45,0.0,0.0,0.06989879817025627,0.1368890851292876,54.052215576171875,1.0,0.045584070258280415,0.2500236924323771,0.49996725264791547,0,151,152
1,28,11-62,160,3,0,3,0,0.2978605031967163,1.0061423871666193,0.9412160217761993,1.7462753474712367,2.79514741897583,0.6,0.4125,0.6625,0.3375,0.0,0.0,0.07917242274316454,0.12096803005112777,50.375770568847656,1.0,0.04756925501037499,0.25002583571606213,0.4999672419348143,0,152,153
1,29,11-62,160,2,0,2,0,0.4314153492450714,0.9834336901083589,0.9413988590240479,1.5197937607765197,2.071906805038452,0.50625,0.325,0.575,0.425,0.0,0.0,0.044985028114548006,0.05738442487057577,44.25156784057617,1.0,0.042896432100862796,0.25002780639463,0.49996723722227737,0,153,154
1,30,11-62,160,4,1,3,0,0.43604156374931335,1.0240884466096758,0.977580189704895,1.5716854333877555,2.2892062664031982,0.46875,0.28125,0.6125,0.3875,0.0,0.0,0.041367710549539846,0.05667328530168925,40.3130989074707,1.0,0.03908309511494635,0.25003092363476753,0.4999672208331439,0,154,155
1,31,11-62,160,4,0,4,0,0.46879875659942627,0.9798459447920322,0.9366539120674133,1.4929515063762664,2.2646138668060303,0.51875,0.35625,0.5875,0.4125,0.0,0.0,0.04692995896158964,0.0739038825932607,44.11293411254883,1.0,0.03822785291365975,0.2500337113936742,0.4999672124949131,0,155,156
1,32,11-62,160,1,0,1,0,0.3750438690185547,0.9899763930588961,0.9749613404273987,1.487808346748352,1.8879252672195435,0.48125,0.34375,0.63125,0.36875,0.0,0.0,0.041460445990043435,0.06680575424231877,52.698036193847656,1.0,0.0431454815111945,0.2500356410940488,0.49996721170623526,0,156,157
1,33,11-62,160,2,0,2,0,0.3889891505241394,1.0098079457879066,0.9616972506046295,1.5749909222126002,2.388929605484009,0.40625,0.29375,0.6125,0.3875,0.0,0.0,0.04358586657078411,0.06382688648486762,44.49656295776367,1.0,0.040787965217694,0.25003738494382965,0.4999672214639586,0,157,158
1,34,11-62,160,3,0,3,0,0.31687837839126587,1.0255419285967946,0.9884639382362366,1.683451634645461,2.5019869804382324,0.525,0.31875,0.5625,0.4375,0.0,0.0,0.04816316192065331,0.07656490546486872,48.25089645385742,1.0,0.037876408754243834,0.2500389450126224,0.4999672326112782,0,158,159
1,35,11-62,160,1,1,0,0,0.4762818515300751,1.035862392000854,0.9803819060325623,1.6622311949729913,2.4628584384918213,0.4875,0.325,0.6,0.4,0.0,0.0,0.04544662263584899,0.05754004228060405,47.22777557373047,1.0,0.03807389238979281,0.2500406052503321,0.49996722301458396,0,159,160
1,36,11-62,160,3,0,3,0,0.5078941583633423,1.0286244686692954,0.958771288394928,1.6091728448867795,2.0348429679870605,0.45,0.3125,0.61875,0.38125,0.0,0.0,0.03791319021755706,0.04523378786893317,48.058326721191406,1.0,0.03898310777561873,0.2500419281423092,0.499967202393721,0,160,161
1,37,11-62,160,3,0,3,0,0.2617616057395935,1.0518577255308628,0.9806157946586609,1.7205156922340374,2.366641044616699,0.5625,0.3625,0.59375,0.40625,0.0,0.0,0.044091152879585996,0.05151910343243499,43.76860809326172,1.0,0.03844799640943696,0.25004278909828925,0.49996718899097436,0,161,162
1,38,11-62,160,3,0,3,0,0.39839568734169006,0.9829330014064908,0.9504740834236145,1.5152576744556427,2.0199625492095947,0.58125,0.44375,0.675,0.325,0.0,0.0,0.04850111928072949,0.05523470617265469,48.40904998779297,1.0,0.03681167271305916,0.2500433553424146,0.49996717308576,0,162,163
1,39,11-62,160,3,0,3,0,0.29663604497909546,1.048794284835458,1.005492091178894,1.639170575141906,2.2366113662719727,0.51875,0.325,0.58125,0.41875,0.0,0.0,0.04355013728616508,0.05877587946658669,45.998111724853516,1.0,0.03470875206907648,0.25004462690816986,0.49996716177734857,0,163,164
1,40,11-62,160,4,0,4,0,0.5037302374839783,1.0106651932001114,0.952324777841568,1.5531154096126554,2.0487563610076904,0.55,0.35625,0.6125,0.3875,0.0,0.0,0.039945194611433046,0.053940214063126546,42.48583221435547,1.0,0.0351570714390002,0.2500448545647992,0.49996714408505527,0,164,165
1,41,11-62,160,3,0,3,0,0.47448205947875977,1.0237453008070587,0.968705028295517,1.679996681213378,2.169285535812378,0.48125,0.2875,0.58125,0.41875,0.0,0.0,0.03713284992861325,0.056453973158760884,51.58308410644531,1.0,0.03824697576718205,0.25004562528596985,0.49996712684557354,0,165,166
1,42,11-62,160,3,1,2,0,0.39121460914611816,1.0139212809503078,0.9742189645767212,1.5062886655330652,2.128004312515259,0.425,0.2875,0.5875,0.4125,0.0,0.0,0.032933972604500164,0.041607300430868355,45.170654296875,1.0,0.03387007141681355,0.25004635006189346,0.4999671170381021,0,166,167
1,43,11-62,160,1,0,1,0,0.39697518944740295,1.0484960844740272,0.9947929978370667,1.6585137486457815,2.4340317249298096,0.5,0.375,0.60625,0.39375,0.0,0.0,0.0435406893409742,0.06429676147663915,51.488651275634766,1.0,0.035716093009368864,0.25004694735010463,0.49996711091543283,0,167,168
1,44,11-62,160,1,1,0,0,0.4858626127243042,0.9904856733977795,0.9551887214183807,1.43985167145729,2.016096591949463,0.44375,0.3125,0.59375,0.40625,0.0,0.0,0.041681263607073,0.06669359600641339,46.23548889160156,1.0,0.036963997366494555,0.2500474179784457,0.4999671083475811,0,168,169
1,45,11-62,160,2,0,2,0,0.46820294857025146,1.0280466523021459,0.9901104271411896,1.5242194116115566,2.2775652408599854,0.49375,0.3125,0.5625,0.4375,0.0,0.0,0.03948861658251764,0.051905157404284696,38.140445709228516,1.0,0.03214424657071944,0.2500476659172111,0.499967092080667,0,169,170
1,46,11-62,160,1,0,1,0,0.3337979018688202,0.9923885440453887,0.9454724490642548,1.6425987541675557,2.4332275390625,0.49375,0.34375,0.63125,0.36875,0.0,0.0,0.04900703100078632,0.06454534317530436,50.27793502807617,1.0,0.03496465393679249,0.25004713361461955,0.49996707158937564,0,170,171
1,47,11-62,160,3,0,3,0,0.34129196405410767,0.9538177229464054,0.9511997997760773,1.4155496299266814,1.8173574209213257,0.44375,0.26875,0.58125,0.41875,0.0,0.0,0.04200067873472341,0.05569493436645562,45.952049255371094,1.0,0.03382514809945943,0.2500462821788258,0.4999670515490989,0,171,172
1,48,11-62,160,2,0,2,0,0.4489668309688568,0.9880378004163504,0.9641108512878418,1.5365836799144743,2.018909215927124,0.5125,0.3625,0.6125,0.3875,0.0,0.0,0.03729846138447242,0.053784409809048805,49.151363372802734,1.0,0.039760632421047264,0.2500445710288154,0.4999670342034805,0,172,173
1,49,11-62,160,3,0,3,0,0.6064282655715942,1.0676534235477448,1.0360522866249084,1.5534670114517208,1.9883387088775635,0.43125,0.3125,0.59375,0.40625,0.0,0.0,0.02660389239618255,0.047565651457759484,51.61225128173828,1.0,0.030406948199454165,0.2500435813433594,0.49996700820388995,0,173,174
1,50,11-62,160,2,0,2,0,0.3698068857192993,0.9638063805177808,0.9258762896060944,1.481631821393966,2.086792469024658,0.43125,0.325,0.68125,0.31875,0.0,0.0,0.036930280351285136,0.06283845694117934,41.16987228393555,1.0,0.03282885492746822,0.2500423987706502,0.4999669992914987,0,174,175
1,51,11-62,160,1,0,1,0,0.4647165536880493,1.0029860779643058,0.9432833194732666,1.54565845131874,2.29598069190979,0.4375,0.2625,0.54375,0.45625,0.0,0.0,0.034563590305109713,0.055570626089712805,43.670982360839844,1.0,0.03464058871683833,0.25004058455427486,0.4999670155963621,0,175,176
1,52,11-62,160,2,0,2,0,0.44494521617889404,0.9612673876807094,0.9380915462970734,1.4391802489757526,2.0001673698425293,0.49375,0.3375,0.6125,0.3875,0.0,0.0,0.03799749504785802,0.05117838663853719,43.378021240234375,1.0,0.02983725989519889,0.25003931961125797,0.49996703519297747,0,176,177
1,53,11-62,160,2,0,2,0,0.41242456436157227,0.998835358209908,0.9786229431629181,1.5646470904350274,1.9878311157226562,0.475,0.33125,0.59375,0.40625,0.0,0.0,0.04190456637056434,0.061836192975934345,45.412384033203125,1.0,0.03365697815587253,0.25003838497731423,0.4999670392826376,0,177,178
1,54,11-62,160,4,1,3,0,0.42085203528404236,0.9764445386826992,0.9014611542224884,1.6614138662815083,2.170955181121826,0.5375,0.31875,0.5875,0.4125,0.0,0.0,0.046719385435027294,0.06425114062276538,55.80137252807617,1.0,0.032749063152523517,0.25003744951552814,0.4999670447568479,0,178,179
1,55,11-62,160,0,0,0,0,0.42356717586517334,0.9900560464709998,0.9314046502113342,1.635124552249908,2.065960645675659,0.56875,0.35625,0.55625,0.44375,0.0,0.0,0.04449002957318783,0.0672436824380831,43.91355895996094,1.0,0.03442121999643112,0.25003615187274086,0.4999670481860903,0,179,180
1,56,11-62,160,1,1,0,0,0.3364892601966858,1.0334226205945014,0.984599232673645,1.5603699088096616,2.4787678718566895,0.45,0.2875,0.575,0.425,0.0,0.0,0.03707391076190083,0.051321709604559895,42.260929107666016,1.0,0.03536233392906738,0.2500343666308456,0.4999670529997207,0,180,181
1,57,11-62,160,4,0,4,0,0.4571972191333771,1.0109126180410386,0.9843798875808716,1.5213554382324217,2.290463924407959,0.43125,0.3,0.59375,0.40625,0.0,0.0,0.03711749119766942,0.05701269833887124,45.231414794921875,1.0,0.0384860988241695,0.2500329522622956,0.49996704831797834,0,181,182
1,58,11-62,160,1,0,1,0,0.3453640639781952,1.0248779449611902,0.9806131422519684,1.6287086248397824,2.725607395172119,0.5125,0.38125,0.64375,0.35625,0.0,0.0,0.03779733862312973,0.06411009988228322,38.32378387451172,1.0,0.03622559770521145,0.2500313487317827,0.4999670442292459,0,182,183
1,59,11-62,160,3,1,2,0,0.42741659283638,1.0154879679903388,0.9800105690956116,1.5617073893547055,2.6639955043792725,0.49375,0.30625,0.575,0.425,0.0,0.0,0.04154123029142607,0.08224484508053143,41.22896957397461,1.0,0.03465840447634125,0.25003070218695533,0.4999670374357463,0,183,184
1,60,11-62,160,2,0,2,0,0.5254005789756775,1.016257332265377,0.9652552008628845,1.4982953369617458,2.8060619831085205,0.4875,0.30625,0.54375,0.45625,0.0,0.0,0.03539701175467739,0.05838491253997263,44.96834182739258,1.0,0.03492671514769762,0.25003007012936806,0.4999670309709524,0,184,185
1,61,11-62,160,1,0,1,0,0.5367822051048279,1.022728654742241,0.9955912828445435,1.4820907711982727,1.8009461164474487,0.4375,0.29375,0.625,0.375,0.0,0.0,0.034016314453220335,0.06747490496183944,41.346168518066406,1.0,0.04662445407823316,0.2500295870833927,0.49996703499508005,0,185,186
1,62,11-62,160,3,0,3,0,0.5839276909828186,0.9744837168604136,0.9152105152606964,1.4779275357723236,1.974107027053833,0.4,0.25625,0.575,0.425,0.0,0.0,0.03260848785132582,0.053169505557341235,44.215816497802734,1.0,0.046015116724804114,0.25002946042352253,0.49996703525894304,0,186,187
1,63,63-125,160,2,0,2,0,0.3071989417076111,1.0128642931580543,0.9763778746128082,1.5938076436519615,2.2254478931427,0.48125,0.3125,0.63125,0.36875,0.0,0.0,0.03931821271373888,0.06716129195826376,40.76010513305664,1.0,0.04615059442877874,0.2500286346508397,0.4999670373038222,0,187,188
1,64,63-125,160,2,1,1,0,0.4042239785194397,0.9965219235047698,0.9412133395671844,1.6311682581901543,2.2014901638031006,0.4375,0.3125,0.6125,0.3875,0.0,0.0,0.044560911455182865,0.07667667735189193,50.50886154174805,1.0,0.03999963893380886,0.2500273684660594,0.49996703044316776,0,188,189
1,65,63-125,160,1,1,0,0,0.46413135528564453,0.9626834005117416,0.9281681180000305,1.4708418846130367,2.1289448738098145,0.46875,0.31875,0.5875,0.4125,0.0,0.0,0.04503438481257833,0.09256806501442993,42.12725830078125,1.0,0.04412922963394376,0.2500262132121457,0.4999670198200164,0,189,190
1,66,63-125,160,0,0,0,0,0.42086803913116455,1.036700327694416,0.9958517849445343,1.58644481897354,2.0787642002105713,0.56875,0.3625,0.51875,0.48125,0.0,0.0,0.03770554510930193,0.05628825699639439,42.399574279785156,1.0,0.04455716238838455,0.2500254089633624,0.4999669934148326,0,190,191
1,67,63-125,160,2,1,1,0,0.46058204770088196,0.9765594219788909,0.9307243227958679,1.4161801934242249,2.1461806297302246,0.45,0.24375,0.5625,0.4375,0.0,0.0,0.03222692700678621,0.06232305103141189,37.693450927734375,1.0,0.05074558091846647,0.25002504429883426,0.4999669689744646,0,191,192
1,68,63-125,160,2,1,1,0,0.5632354021072388,0.9743572235107422,0.9442872107028961,1.3456348299980163,2.087050676345825,0.375,0.24375,0.54375,0.45625,0.0,0.0,0.02745605235657441,0.05135807955435595,33.62390899658203,1.0,0.04694327042540833,0.25002604764368797,0.49996695238612354,0,192,193
1,69,63-125,160,3,0,3,0,0.47400838136672974,0.9996592566370964,0.9549948275089264,1.4816693663597107,2.3692402839660645,0.4875,0.3,0.625,0.375,0.0,0.0,0.03616172801600308,0.06805627920391744,41.11342239379883,1.0,0.04598000416353456,0.2500264056854778,0.49996777610000026,0,193,194
1,70,63-125,160,0,0,0,0,0.46507832407951355,0.9739548271521926,0.9342762231826782,1.4464392840862268,2.6680428981781006,0.45625,0.3125,0.63125,0.36875,0.0,0.0,0.03742444619203904,0.06663642574435491,53.43043518066406,1.0,0.042618820930592397,0.2500266267193688,0.4999677773130577,0,194,195
1,71,63-125,160,1,0,1,0,0.2863979935646057,1.0224901765584946,0.9408768117427826,1.6563804447650898,3.2158455848693848,0.50625,0.35,0.59375,0.40625,0.0,0.0,0.04540428743814223,0.07179801299170885,42.50365447998047,1.0,0.044608089456021564,0.2500271615054872,0.4999677776004881,0,195,196
1,72,63-125,160,4,0,4,0,0.3202362060546875,0.964207225292921,0.9225658178329468,1.5478749752044667,2.21020245552063,0.4625,0.31875,0.6375,0.3625,0.0,0.0,0.048895372057267246,0.09943987927172021,40.12675476074219,1.0,0.04312489080267056,0.2500273527370559,0.49996778249250146,0,196,197
1,73,63-125,160,3,1,2,0,0.4640897512435913,1.035188796184957,1.0056223273277283,1.6780692338943477,2.1980419158935547,0.5625,0.375,0.6,0.4,0.0,0.0,0.048692763660315774,0.0895547846903536,41.14656448364258,1.0,0.04380069255141914,0.2500274595287111,0.49996779177654865,0,197,198
1,74,63-125,160,3,0,3,0,0.30565154552459717,0.9364202510565519,0.9195680022239685,1.4028063058853149,2.034724473953247,0.5375,0.31875,0.53125,0.46875,0.0,0.0,0.052328060487206195,0.0906303714199797,45.29607009887695,1.0,0.042323742867861947,0.2500276093681653,0.4999677971169811,0,198,199
1,75,63-125,160,0,0,0,0,0.28278911113739014,0.994884823448956,0.935213029384613,1.4554114937782288,1.9595338106155396,0.4625,0.2375,0.51875,0.48125,0.0,0.0,0.039361556239862164,0.054765681151273116,46.5936279296875,1.0,0.04032866228440929,0.2500273717774285,0.4999677968225676,0,199,200
1,76,63-125,160,2,0,2,0,0.35743486881256104,0.9960038382560015,0.9496287703514099,1.5662810862064345,1.987837791442871,0.5625,0.375,0.61875,0.38125,0.0,0.0,0.047324987831435794,0.07193527551897883,43.61520767211914,1.0,0.04370887887024475,0.2500266498989529,0.4999677988118905,0,200,201
1,77,63-125,160,2,0,2,0,0.46974414587020874,0.9891490347683429,0.9577385783195496,1.4156462311744686,2.1697282791137695,0.40625,0.2875,0.625,0.375,0.0,0.0,0.041262733152527445,0.061201077762522704,39.0145378112793,1.0,0.042308618862354916,0.25002599217825466,0.49996778962383304,0,201,202
1,78,63-125,160,4,0,4,0,0.507548987865448,1.0203081019222737,0.9889993965625763,1.588889533281326,2.2915568351745605,0.4125,0.2875,0.5875,0.4125,0.0,0.0,0.04336988989252807,0.07025890452035483,48.102691650390625,1.0,0.03898118590879128,0.25002534066637355,0.499967779884253,0,202,203
1,79,63-125,160,2,0,2,0,0.40814220905303955,1.0508262680843472,0.9803609251976013,1.7902141869068136,2.4353034496307373,0.5625,0.3375,0.58125,0.41875,0.0,0.0,0.05234360333971586,0.09126179128961476,41.27977752685547,1.0,0.04303019235539801,0.2500246932937039,0.4999677751994908,0,203,204
1,80,63-125,160,3,0,3,0,0.36267924308776855,0.9996505189687014,0.9316525757312775,1.7528181374073022,2.613457441329956,0.5875,0.4125,0.64375,0.35625,0.0,0.0,0.06233223971704962,0.1177359032773782,39.58409881591797,1.0,0.042830244353176804,0.25002375576231217,0.4999677687009998,0,204,205
1,81,63-125,160,2,0,2,0,0.2952604293823242,0.9839224772527814,0.8951220512390137,1.7090517878532407,2.132230758666992,0.54375,0.35,0.60625,0.39375,0.0,0.0,0.05686704037894865,0.14422693521105018,47.174766540527344,1.0,0.04103548092605379,0.25002354714605546,0.499967764034734,0,205,206
1,82,63-125,160,1,0,1,0,0.3020012080669403,0.9563066596165299,0.8899217247962952,1.566706323623657,2.9571475982666016,0.5875,0.33125,0.54375,0.45625,0.0,0.0,0.0585488437020953,0.1187146889694698,45.800960540771484,1.0,0.04517530183410638,0.25002343042029274,0.4999677553604424,0,206,207
1,83,63-125,160,4,0,4,0,0.37857571244239807,0.988788895495236,0.9188518226146698,1.465629643201826,2.107058048248291,0.51875,0.2875,0.55,0.45,0.0,0.0,0.04254483542200612,0.10420458408373157,42.33542251586914,1.0,0.04222061495150347,0.2500229279200236,0.4999677477680599,0,207,208
1,84,63-125,160,3,0,3,0,0.3885260820388794,1.0387360770255327,0.988012433052063,1.5740750074386582,2.6678974628448486,0.44375,0.31875,0.63125,0.36875,0.0,0.0,0.043962796641892725,0.11760903757609037,47.75078582763672,1.0,0.04352847773389322,0.25002284058266216,0.49996763903109964,0,208,209
1,85,63-125,160,2,0,2,0,0.4457351267337799,0.9714687913656235,0.9172725677490234,1.4522817850112908,1.9792033433914185,0.475,0.3125,0.58125,0.41875,0.0,0.0,0.04553791737639998,0.1101034495742636,44.29572296142578,1.0,0.04286993893939636,0.2500226932267348,0.49996771830022685,0,209,210
1,86,63-125,160,2,0,2,0,0.35321325063705444,1.0065670158714055,0.9242987036705017,1.642694896459579,2.961625814437866,0.5375,0.375,0.60625,0.39375,0.0,0.0,0.05669873957311862,0.11444001998087977,41.004764556884766,1.0,0.046175510694532684,0.2500225864350796,0.4999677065696528,0,210,211
1,87,63-125,160,3,0,3,0,0.41484934091567993,1.0121269153431058,0.9574926197528839,1.5599275887012476,2.8504021167755127,0.45625,0.25625,0.54375,0.45625,0.0,0.0,0.04150702704978065,0.06563794283423774,39.12983322143555,1.0,0.03818984322223618,0.2500225164824062,0.49996769165748717,0,211,212
1,88,63-125,160,2,0,2,0,0.4477062523365021,1.0207146292552352,1.0047575235366821,1.621702080965042,1.8714468479156494,0.53125,0.26875,0.53125,0.46875,0.0,0.0,0.03203082600517295,0.054850226126863744,37.256446838378906,1.0,0.036618792554021375,0.2500225251747502,0.4999676777915884,0,212,213
1,89,63-125,160,2,1,1,1,0.538912832736969,0.9903667282313109,0.9426299929618835,1.4875352025032043,2.092010021209717,0.51875,0.34375,0.63125,0.36875,0.0,0.0,0.03478166806734182,0.053316205735034594,39.203697204589844,1.0,0.04429583930776153,0.2500235016147296,0.4999676573336577,0,213,214
1,90,63-125,160,2,0,2,0,0.16166192293167114,0.9903725320473313,0.9442415237426758,1.4999591112136819,1.9134632349014282,0.475,0.275,0.525,0.475,0.0,0.0,0.04604092611788067,0.1239227461032621,32.529991149902344,1.0,0.050821092281668354,0.25002390725745094,0.4999676420136,0,214,215
1,91,63-125,160,3,0,3,0,0.2297307848930359,0.960365894716233,0.8980580568313599,1.6383636951446516,3.173402786254883,0.51875,0.3625,0.625,0.375,0.0,0.0,0.07879319253148429,0.3456451623262103,40.57474136352539,1.0,0.05823963946667562,0.250023675047689,0.4999676197302142,0,215,216
1,92,63-125,160,4,0,4,0,0.3542286455631256,1.043500092625618,0.9576205611228943,1.7304442465305325,2.3400521278381348,0.51875,0.325,0.65,0.35,0.0,0.0,0.05561872836998568,0.1542052635390478,49.497314453125,1.0,0.04762696552774944,0.250022711025344,0.49996760266389073,0,216,217
1,93,63-125,160,2,1,1,0,0.33647868037223816,0.9921541284769774,0.956189751625061,1.6351584613323211,2.1877119541168213,0.5,0.34375,0.58125,0.41875,0.0,0.0,0.05181803405345857,0.10801038196166668,41.15243911743164,1.0,0.051505124043143544,0.2500217387245761,0.49996758313960066,0,217,218
1,94,63-125,160,0,0,0,0,0.33017706871032715,0.9753945346921682,0.9151086211204529,1.70430668592453,2.1890645027160645,0.56875,0.3625,0.5875,0.4125,0.0,0.0,0.05287970564344395,0.09027279709745739,36.27568054199219,1.0,0.052114120123012045,0.25002150071991813,0.499967562932478,0,218,219
1,95,63-125,160,3,0,3,0,0.36860936880111694,0.9854135034605861,0.9168211221694946,1.7950612843036649,2.3062477111816406,0.59375,0.4125,0.60625,0.39375,0.0,0.0,0.05659149659301679,0.0792553012532024,45.67038345336914,1.0,0.04571486583309977,0.25002171595891315,0.49996753738807437,0,219,220
1,96,63-125,160,2,0,2,0,0.3691558837890625,1.0018070321530104,0.9126608669757843,1.6573459029197677,2.7197675704956055,0.55,0.28125,0.55625,0.44375,0.0,0.0,0.05424885746491768,0.0797870863182556,35.87761306762695,1.0,0.04871008944560583,0.2500215296943982,0.49996750551196373,0,220,221
1,97,63-125,160,4,0,4,0,0.38052481412887573,0.9886413147673011,0.9251240193843842,1.5513856530189507,2.8753318786621094,0.5125,0.3,0.50625,0.49375,0.0,0.0,0.051561653679614725,0.078318471169246,33.145904541015625,1.0,0.052545431431764565,0.2500210603078206,0.49996749990468503,0,221,222
1,98,63-125,160,4,0,4,0,0.3627512454986572,0.9957440245896578,0.9738953411579132,1.533939892053603,1.9071260690689087,0.5375,0.29375,0.55,0.45,0.0,0.0,0.04624163851888453,0.06269451213534238,39.2847900390625,1.0,0.04064801172839125,0.25002095889714027,0.49996748584913114,0,222,223
1,99,63-125,160,2,1,1,0,0.34631624817848206,1.0206891339272262,0.9773114621639252,1.7186120212078093,3.4641809463500977,0.50625,0.3125,0.61875,0.38125,0.0,0.0,0.0590798858467824,0.09953698622497509,47.91718673706055,1.0,0.045545808840048434,0.2500215715004338,0.49996748300701893,0,223,224
1,100,63-125,160,2,0,2,0,0.2889644205570221,1.003023019246757,0.957139641046524,1.7176455318927764,2.861056089401245,0.58125,0.4,0.625,0.375,0.0,0.0,0.08121961496817794,0.18263991809896946,42.03740692138672,1.0,0.054966171970618934,0.25002194361554253,0.49996678220676005,0,224,225
1,101,63-125,160,1,0,1,0,0.12561067938804626,0.9782349624671042,0.8806513845920563,1.8327026784420002,5.490962505340576,0.625,0.4,0.58125,0.41875,0.0,0.0,0.10188609188773637,0.27011143180721986,36.83317947387695,1.0,0.06195608834272851,0.25002145601643455,0.4999667896411097,0,225,226
1,102,63-125,160,3,0,3,0,0.2181791514158249,1.0151822361163796,0.9409252405166626,1.7643227934837336,3.524691104888916,0.5875,0.40625,0.625,0.375,0.0,0.0,0.0966364691302869,0.22993586609514816,44.19167709350586,1.0,0.05887613703015859,0.2500201285713249,0.4999667896411097,0,226,227
1,103,63-125,160,3,0,3,0,0.23721493780612946,0.9838556566275656,0.9067785143852234,1.693270164728164,4.440392017364502,0.59375,0.3,0.5125,0.4875,0.0,0.0,0.09485343008511897,0.21271742995568765,42.19123077392578,1.0,0.05494193368962785,0.25001870054337716,0.4999667886455177,0,227,228
1,104,63-125,160,4,0,4,0,0.22724910080432892,0.9875544267706573,0.8957445323467255,1.7027273178100568,2.334251642227173,0.56875,0.3625,0.60625,0.39375,0.0,0.0,0.06382404825659117,0.16238664779330336,40.347068786621094,1.0,0.04780918117911874,0.2500176429748535,0.499966788247274,0,228,229
1,105,63-125,160,1,0,1,0,0.27862119674682617,0.9788971729576588,0.9672298729419708,1.5082247912883755,2.205927610397339,0.475,0.275,0.58125,0.41875,0.0,0.0,0.04089053603710181,0.10563984382449354,35.7164421081543,1.0,0.04314681422941298,0.25001608290606075,0.49996679860032633,0,229,230
1,106,63-125,160,2,0,2,0,0.479629784822464,0.9864364637061953,0.9638833403587341,1.5263695418834686,1.9791797399520874,0.48125,0.3125,0.575,0.425,0.0,0.0,0.040181425330132456,0.065226260345357,45.40397262573242,1.0,0.04459723399555401,0.250014072491063,0.49996679720680176,0,230,231
1,107,63-125,160,3,0,3,0,0.44643884897232056,1.0111767880618572,0.9867552220821381,1.4789392769336698,2.006619930267334,0.43125,0.29375,0.59375,0.40625,0.0,0.0,0.035916606343640224,0.06626296304766227,32.31026840209961,1.0,0.045158737178533984,0.25001274214850533,0.499966791433113,0,231,232
1,108,63-125,160,1,1,0,0,0.26025691628456116,1.0233300840482116,0.9686682820320129,1.6819134831428522,2.3228671550750732,0.5625,0.3625,0.58125,0.41875,0.0,0.0,0.05288011013724194,0.129334015705101,41.58792495727539,1.0,0.05235931445387145,0.2500103712081909,0.49996679189769344,0,232,233
1,109,63-125,160,3,0,3,0,0.31683871150016785,1.0476630207151174,0.9890254437923431,1.6135215520858763,4.5306782722473145,0.475,0.275,0.5875,0.4125,0.0,0.0,0.06096239204944111,0.2280579630893721,35.45601272583008,1.0,0.04717740141317791,0.2500082043310006,0.4999667946186992,0,233,234
1,110,63-125,160,2,0,2,0,0.2145419716835022,1.027747392654419,0.9506993889808655,1.7050613105297088,3.254502534866333,0.5125,0.3625,0.625,0.375,0.0,0.0,0.06975695387171404,0.2173541938039681,44.41267013549805,1.0,0.04802407054440922,0.2500055498547024,0.49996679110126657,0,234,235
1,111,63-125,160,2,0,2,0,0.1958996057510376,0.9889497254043818,0.9499728083610535,1.7510045826435088,3.1494662761688232,0.56875,0.3125,0.54375,0.45625,0.0,0.0,0.06846612386092078,0.2792013005785424,41.87147521972656,1.0,0.055598351432769116,0.25000350508424973,0.4999667813437553,0,235,236
1,112,63-125,160,3,0,3,0,0.3224143981933594,0.980558842048049,0.9448527991771698,1.6180762946605673,2.551104784011841,0.53125,0.34375,0.59375,0.40625,0.0,0.0,0.07516941210735914,0.21420887628047708,40.48921585083008,1.0,0.05981694484523719,0.250001161876652,0.49996676925974065,0,236,237
1,113,63-125,160,2,1,1,0,0.3021763563156128,1.0053757997229695,0.9848050475120544,1.6872787177562707,2.337113380432129,0.575,0.38125,0.625,0.375,0.0,0.0,0.06854585021087747,0.11593338739426134,43.16518020629883,1.0,0.05193294734153793,0.2499993025428719,0.4999667623529566,0,237,238
1,114,63-125,160,3,0,3,0,0.28604164719581604,0.969243055395782,0.9095365703105927,1.654869323968887,2.3396053314208984,0.58125,0.3375,0.5625,0.4375,0.0,0.0,0.07414896678235966,0.11069193577780473,31.172239303588867,1.0,0.05252184593831184,0.24999712076452044,0.4999667537842377,0,238,239
1,115,63-125,160,4,2,2,0,0.3646528124809265,0.9683561481535434,0.916059136390686,1.5879849553108205,2.2394442558288574,0.5625,0.35625,0.63125,0.36875,0.0,0.0,0.05430853006817138,0.09037761538201455,37.80230712890625,1.0,0.05368668467992471,0.24999481191237768,0.4999667531863519,0,239,240
1,116,63-125,160,3,0,3,0,0.29723843932151794,0.9525878749787807,0.8935319185256958,1.6990749180316924,2.170214891433716,0.65,0.45625,0.6125,0.3875,0.0,0.0,0.07289430103371615,0.14092999836579223,38.49198913574219,1.0,0.05896238744232364,0.24999239957994884,0.4999667465425779,0,240,241
1,117,63-125,160,3,0,3,0,0.18688441812992096,0.9560991534031927,0.9227705001831055,1.5919194579124447,2.2529072761535645,0.56875,0.325,0.5625,0.4375,0.0,0.0,0.06040480083278506,0.11970949929075125,34.95302200317383,1.0,0.05432984891622045,0.24999062551392448,0.4999667496652885,0,241,242
1,118,63-125,160,3,0,3,0,0.30717596411705017,1.0700827708467842,1.035463571548462,1.7125647306442244,2.2836415767669678,0.56875,0.31875,0.5625,0.4375,0.0,0.0,0.06399706206735849,0.27106296853969847,34.0037727355957,1.0,0.055632165447509596,0.24998985272314814,0.4999667527877565,0,242,243
1,119,63-125,160,3,0,3,0,0.3093239665031433,0.9648903016000986,0.910378098487854,1.6785232603549947,2.134441375732422,0.58125,0.41875,0.60625,0.39375,0.0,0.0,0.07731937053414054,0.4426841928504915,40.10490798950195,1.0,0.06226244378402993,0.24998868380983671,0.49996675338564817,0,243,244
1,120,63-125,160,3,1,2,0,0.2591826915740967,0.9916832869872451,0.9207451045513153,1.6336679339408866,3.2572860717773438,0.475,0.3,0.575,0.425,0.0,0.0,0.05275853364730869,0.15817849205084106,38.62297439575195,1.0,0.0540719422770055,0.24998771730396482,0.4999667538506689,0,244,245
1,121,63-125,160,0,0,0,0,0.3869430720806122,1.019461308978498,0.9587971866130829,1.788335400819778,2.1197595596313477,0.53125,0.3375,0.5875,0.4125,0.0,0.0,0.05487089373764982,0.140148207996515,37.475704193115234,1.0,0.05482580902476,0.2499861874514156,0.4999667658729084,0,245,246
1,122,63-125,160,3,0,3,0,0.28330308198928833,1.019955588504672,0.986666738986969,1.663577151298522,2.47236967086792,0.525,0.3375,0.56875,0.43125,0.0,0.0,0.05855494671006274,0.1328307372894767,36.040523529052734,1.0,0.055998322021402334,0.24998427803317705,0.49996676527520245,0,246,247
1,123,63-125,160,2,1,1,1,0.4307408332824707,0.9870747931301593,0.9563348889350891,1.4948885619640349,1.8982303142547607,0.54375,0.3,0.55625,0.44375,0.0,0.0,0.04797851968195625,0.11603818377058384,48.123016357421875,1.0,0.05519749009380057,0.24998249900009897,0.49996675265489043,0,247,248
1,124,63-125,160,3,1,2,1,0.36772650480270386,1.008388855867088,0.935960203409195,1.7118084073066704,2.123249053955078,0.525,0.3625,0.6,0.4,0.0,0.0,0.05372930974594624,0.14439265527292783,40.26091766357422,1.0,0.0622174918417355,0.24998109166820845,0.49996673969834227,0,248,249
1,125,63-125,160,1,0,1,0,0.3315088748931885,1.0080942833796143,0.9823697507381439,1.535292237997053,2.2409791946411133,0.475,0.30625,0.575,0.425,0.0,0.0,0.04438025923746499,0.11542188183637503,39.06501388549805,1.0,0.06438163812668211,0.24997950635022587,0.4999667293965678,0,249,250
1,126,126-188,160,1,1,0,0,0.41930314898490906,1.0624118277803063,1.0248684883117676,1.6395490109920499,2.4300737380981445,0.45625,0.26875,0.60625,0.39375,0.0,0.0,0.044043997833998795,0.13950105012077052,43.51400375366211,1.0,0.0499801132827085,0.2499774963491493,0.4999667213527027,0,250,251
1,127,126-188,160,2,0,2,0,0.44312015175819397,0.9767568035051226,0.9114113450050354,1.628326094150543,2.529526472091675,0.525,0.35,0.59375,0.40625,0.0,0.0,0.0495596870599279,0.08012159910574745,44.66273880004883,1.0,0.05492384711026414,0.24997545820143488,0.4999667057922338,0,251,252
1,128,126-188,160,3,0,3,0,0.3143613934516907,1.0032455958425999,0.9462958872318268,1.492996174097061,2.757578134536743,0.55,0.35625,0.59375,0.40625,0.0,0.0,0.048572281455203745,0.09204547948726544,35.3737678527832,1.0,0.06378275000512931,0.24997341218921873,0.49996668916115067,0,252,253
1,129,126-188,160,1,0,1,0,0.19025246798992157,1.037884173821658,1.0040941834449768,1.6367379605770107,3.603424549102783,0.5,0.34375,0.6125,0.3875,0.0,0.0,0.05242501547552063,0.11469888274081047,42.854068756103516,1.0,0.058254475588992535,0.2499714551700486,0.49996667172440024,0,253,254
1,130,126-188,160,1,0,1,0,0.26538577675819397,1.0415146104991435,1.0094480514526367,1.5777653992176055,2.169997215270996,0.44375,0.28125,0.625,0.375,0.0,0.0,0.05199861194355049,0.134377372799087,39.7431526184082,1.0,0.050774753094035695,0.24996981314486927,0.4999666508835748,0,254,255
1,131,126-188,160,0,0,0,0,0.46410679817199707,1.036817072145641,1.0102283954620361,1.5749282062053673,2.129300594329834,0.46875,0.2875,0.55,0.45,0.0,0.0,0.03780520277350384,0.10441176567422772,38.19552993774414,1.0,0.055127541562892554,0.24996817857027054,0.49996664262416435,0,255,256
1,132,126-188,160,0,0,0,0,0.2999776601791382,1.0006103925406933,0.9489824175834656,1.5193161368370054,2.3793787956237793,0.425,0.275,0.56875,0.43125,0.0,0.0,0.03725875025287996,0.11267029802035233,38.01310348510742,1.0,0.057306218798142496,0.24996699020266533,0.499966636428496,0,256,257
1,133,126-188,160,2,0,2,0,0.2850171625614166,1.0088747249916197,0.9533827304840088,1.520616608858108,2.2513115406036377,0.35625,0.2125,0.525,0.475,0.0,0.0,0.03716889231999741,0.1282796712767426,36.886680603027344,1.0,0.05087266105833963,0.24996562343504694,0.4999666375611086,0,257,258
1,134,126-188,160,3,0,3,0,0.3936559855937958,1.0006102224811912,0.9946557879447937,1.4120976984500881,1.8011380434036255,0.3875,0.2875,0.5875,0.4125,0.0,0.0,0.036369974984464995,0.10807247931531394,42.53995895385742,1.0,0.048580280587927044,0.2499642868836721,0.49996663736123814,0,258,259
1,135,126-188,160,1,0,1,0,0.3584466576576233,0.9627620110288262,0.92283034324646,1.4052352428436279,1.8829257488250732,0.34375,0.20625,0.5375,0.4625,0.0,0.0,0.029986690370603652,0.08207654124133246,31.28783416748047,1.0,0.05288535349664329,0.2499628576139609,0.4999666408921379,0,259,260
1,136,126-188,160,0,0,0,0,0.45854735374450684,1.0145471051335335,0.9820052087306976,1.5086683332920066,1.9028658866882324,0.35625,0.25,0.575,0.425,0.0,0.0,0.0287712994204126,0.07522283405554642,38.53829574584961,1.0,0.05711828317455947,0.24996171767512956,0.4999666579426971,0,260,261
1,137,126-188,160,1,0,1,0,0.38228699564933777,0.9888941619545222,0.9719439148902893,1.3969994902610776,2.146763324737549,0.25,0.16875,0.56875,0.43125,0.0,0.0,0.02522711174269705,0.10804299039711462,40.979007720947266,1.0,0.047045822609910706,0.24996031779381964,0.49996667065931594,0,261,262
1,138,126-188,160,2,0,2,0,0.378885418176651,1.021272531710565,0.9746952950954437,1.5886822640895841,3.097703456878662,0.4125,0.3125,0.65,0.35,0.0,0.0,0.032302238179187745,0.08314195155951032,40.96308517456055,1.0,0.05258977202831085,0.24995923704571194,0.49996667252319504,0,262,263
1,139,126-188,160,2,0,2,0,0.3990050256252289,0.9807626577094197,0.9620899558067322,1.3341823875904075,2.0247528553009033,0.33125,0.21875,0.5625,0.4375,0.0,0.0,0.032255069912531284,0.0777579229870834,32.503055572509766,1.0,0.054964494572531365,0.2499571099049515,0.499966670792453,0,263,264
1,140,126-188,160,1,0,1,0,0.37054991722106934,0.9814179062843322,0.9208735227584839,1.5997572124004351,3.490506172180176,0.49375,0.3125,0.59375,0.40625,0.0,0.0,0.041487175476989976,0.09422519292501774,37.577720642089844,1.0,0.056522697981949,0.2499554372496075,0.499966666398697,0,264,265
1,141,126-188,160,3,0,3,0,0.5293421149253845,1.0304860945791006,0.9728143513202667,1.5601663351058948,3.225027084350586,0.43125,0.2375,0.53125,0.46875,0.0,0.0,0.03151555542884386,0.07378078576692154,39.043392181396484,1.0,0.046479240643282564,0.2499544322490692,0.4999666606061956,0,265,266
1,142,126-188,160,2,0,2,0,0.23818056285381317,0.954364559147507,0.9130377769470215,1.5039837360382071,2.319051742553711,0.48125,0.3125,0.59375,0.40625,0.0,0.0,0.04592423531175857,0.1428096466996429,42.90428161621094,1.0,0.04806763724092938,0.24995331466197968,0.49996666573293463,0,266,267
1,143,126-188,160,2,0,2,0,0.35043245553970337,0.99967603366822,0.9860308468341827,1.5626260459423058,2.4757261276245117,0.54375,0.31875,0.6,0.4,0.0,0.0,0.04563705259078425,0.18618371962374436,41.08702850341797,1.0,0.04982295626515845,0.2499522566795349,0.49996668150854473,0,267,268
1,144,126-188,160,2,0,2,0,0.40206754207611084,0.9906821871176362,0.95660001039505,1.5461504817008973,3.580519676208496,0.46875,0.325,0.6125,0.3875,0.0,0.0,0.043248073064852656,0.12878726125974155,34.93275451660156,1.0,0.05341039544570153,0.24995069081584612,0.49996667531885197,0,268,269
1,145,126-188,160,3,0,3,0,0.4935113489627838,1.0155385164543986,0.972623735666275,1.6405438542366026,1.843112826347351,0.4,0.25625,0.56875,0.43125,0.0,0.0,0.03184655279465012,0.09863228154795534,32.02848815917969,1.0,0.05610882751928714,0.24994999377263916,0.499966663069775,0,269,270
1,146,126-188,160,3,0,3,0,0.32129719853401184,0.9862097842618823,0.9411047697067261,1.4899592876434318,2.3260931968688965,0.5375,0.4,0.65,0.35,0.0,0.0,0.04266995468626726,0.11127835905661554,40.911834716796875,1.0,0.05951090830699982,0.24994882982638147,0.49996664009271596,0,270,271
1,147,126-188,160,4,0,4,0,0.35785362124443054,1.0021807566285132,0.9499818086624146,1.571772867441175,2.2351768016815186,0.4,0.2625,0.53125,0.46875,0.0,0.0,0.04323415002656139,0.13632540148747474,33.78606033325195,1.0,0.05301496560116536,0.24994849579201806,0.4999666193688357,0,271,272
1,148,126-188,160,4,0,4,0,0.5260206460952759,0.9791524052619934,0.9337850511074066,1.4839785456657408,2.593991994857788,0.45625,0.31875,0.65625,0.34375,0.0,0.0,0.04229967737800551,0.08479335249264752,35.13905715942383,1.0,0.04424555519659625,0.24994820853074393,0.4999666014350896,0,272,273
1,149,126-188,160,3,0,3,0,0.444085031747818,0.9998504208400846,1.002235233783722,1.4347087681293487,2.019301414489746,0.45,0.29375,0.61875,0.38125,0.0,0.0,0.03661629537730766,0.060611789679133166,39.563201904296875,1.0,0.0428383638104483,0.24994771058360735,0.4999665849610251,0,273,274
1,150,126-188,160,2,0,2,0,0.39493945240974426,0.9558499965816736,0.9049411416053772,1.5062933027744294,1.9744337797164917,0.5125,0.3125,0.51875,0.475,0.00625,0.0,0.037558175123323115,0.1074839938788979,32.73415756225586,1.0,0.05956966331814101,0.24994772051771483,0.49996657108291515,0,274,275
1,151,126-188,160,2,0,2,0,0.3742026388645172,0.9922795120626688,0.9559389352798462,1.5495932042598712,2.307356357574463,0.4875,0.3125,0.5875,0.4125,0.0,0.0,0.04367554972812225,0.11195662828641145,36.56859588623047,1.0,0.06513759381284082,0.24994721594783995,0.49996656314089083,0,275,276
1,152,126-188,160,2,1,1,0,0.3271750211715698,1.0042610727250576,0.9715516865253448,1.4204348742961876,2.5215561389923096,0.375,0.25,0.61875,0.38125,0.0,0.0,0.030609782427989108,0.07850893081962523,33.732234954833984,1.0,0.04433471639573785,0.2499468367960718,0.49996655079094676,0,276,277
1,153,126-188,160,3,0,3,0,0.3758472800254822,0.9968152187764645,0.9780803024768829,1.472370147705078,1.9143329858779907,0.40625,0.2875,0.6125,0.3875,0.0,0.0,0.03031850604924491,0.05320107363709842,43.4238166809082,1.0,0.04302960481032096,0.24994600315888724,0.4999665368343085,0,277,278
1,154,126-188,160,2,1,1,0,0.3930431604385376,0.9949468927457928,0.9600536525249481,1.4328678786754596,2.0514090061187744,0.41875,0.2875,0.63125,0.36875,0.0,0.0,0.027727012454522037,0.05173848817248372,34.506980895996094,1.0,0.046213812184508866,0.249944390108188,0.4999665131170163,0,278,279
1,155,126-188,160,4,0,4,0,0.5531960129737854,0.991904492303729,0.9501629769802094,1.4400438606739043,1.756226658821106,0.425,0.30625,0.59375,0.40625,0.0,0.0,0.029431266980457782,0.06138028173029614,34.707923889160156,1.0,0.04927007504978788,0.24994294800692135,0.4999664995484856,0,279,280
1,156,126-188,160,2,1,1,1,0.3538094758987427,1.0030170910060405,0.9279734194278717,1.547667092084884,1.9949604272842407,0.46875,0.325,0.64375,0.35625,0.0,0.0,0.036403488023849476,0.07391763342809421,35.322269439697266,1.0,0.048822925702898395,0.24994269261757532,0.4999664706584451,0,280,281
1,157,126-188,160,2,0,2,0,0.5027850866317749,1.0173345740884543,0.9907154440879822,1.3823222219943998,1.877252221107483,0.43125,0.275,0.5875,0.4125,0.0,0.0,0.029617146553219044,0.058481173707381706,39.203678131103516,1.0,0.04484598276538913,0.2499423370593124,0.4999664422164224,0,281,282
1,158,126-188,160,2,1,1,0,0.48989561200141907,1.0005900776013732,0.980843722820282,1.458405941724777,2.007888078689575,0.4625,0.3125,0.5625,0.4375,0.0,0.0,0.034151022376746665,0.05088565978089604,33.98606491088867,1.0,0.044340531126395216,0.24994130515389973,0.49996640893067423,0,282,283
1,159,126-188,160,4,1,3,1,0.4567570388317108,1.0070387847721576,0.9707598388195038,1.5370974719524382,2.351234197616577,0.3625,0.21875,0.5625,0.4375,0.0,0.0,0.03274188623637637,0.04838429378273712,39.516510009765625,1.0,0.044683283127748136,0.24994032871392038,0.49996637152701395,0,283,284
1,160,126-188,160,4,0,4,0,0.5135851502418518,1.030681522935629,0.9937755465507507,1.554754757881164,2.2985570430755615,0.45,0.3125,0.6,0.4,0.0,0.0,0.0388434277432672,0.06957768569294603,38.25743865966797,1.0,0.042048898793726114,0.24994023599558407,0.4999663355656171,0,284,285
1,161,126-188,160,3,0,3,0,0.4097273349761963,1.0021113300696016,0.9889115691184998,1.473644113540649,2.201521158218384,0.5125,0.3625,0.63125,0.36875,0.0,0.0,0.039992008347009535,0.0683048526737311,40.15904235839844,1.0,0.046668357598824387,0.2499401494860649,0.4999662998411417,0,285,286
1,162,126-188,160,2,0,2,0,0.3853009343147278,0.9798527548089624,0.9584423899650574,1.5689794003963462,2.456536054611206,0.54375,0.35,0.64375,0.35625,0.0,0.0,0.0527828145464674,0.10344728075357706,34.7520866394043,1.0,0.05191947635405948,0.24994079603089225,0.4999662702708971,0,286,287
1,163,126-188,160,1,0,1,0,0.4592796564102173,1.018843016959727,0.9715689420700073,1.533805060386656,2.081916332244873,0.475,0.2875,0.59375,0.40625,0.0,0.0,0.04050500606198624,0.07733955052166497,38.207244873046875,1.0,0.048546995434265834,0.2499412525859144,0.4999662523166751,0,287,288
1,164,126-188,160,3,0,3,0,0.5257226228713989,1.0335969664156437,1.0063021183013916,1.4482697904109951,1.9019206762313843,0.3875,0.26875,0.56875,0.425,0.00625,0.0,0.029762905283612185,0.045930809814446805,36.473472595214844,1.0,0.043492914213835464,0.2499417078991731,0.49996624054463884,0,288,289
1,165,126-188,160,2,0,2,0,0.5051735639572144,1.036507099121809,1.0324302315711975,1.4923320710659025,2.058750629425049,0.40625,0.24375,0.6,0.4,0.0,0.0,0.02876241534697172,0.046943507965730935,34.77070617675781,1.0,0.049520503774390205,0.24994215865929922,0.4999662280289231,0,289,290
1,166,126-188,160,3,0,3,0,0.3390926420688629,1.0062286030501126,0.9703105092048645,1.5187741816043852,2.0683414936065674,0.475,0.31875,0.58125,0.41875,0.0,0.0,0.03457264504630904,0.09880429607994312,41.882041931152344,1.0,0.042517934646195674,0.2499421921869119,0.49996621281649156,0,290,291
1,167,126-188,160,2,0,2,0,0.38880082964897156,1.0126787979155778,0.98243647813797,1.525783574581146,2.5013785362243652,0.36875,0.28125,0.6,0.4,0.0,0.0,0.03483233406317897,0.08365125406904822,42.813751220703125,1.0,0.0382022127111792,0.24994259369042185,0.49996619705959555,0,291,292
1,168,126-188,160,2,0,2,0,0.29524388909339905,0.9874903794378043,0.9873969554901123,1.4275419175624846,2.2566158771514893,0.41875,0.25,0.525,0.475,0.0,0.0,0.03887521164621928,0.10757219768841003,36.65409851074219,1.0,0.040881657699284944,0.24994350266125467,0.4999661829809908,0,292,293
1,169,126-188,160,1,0,1,0,0.43637943267822266,0.9895585997030139,0.9367994368076324,1.448348027467727,2.3520708084106445,0.48125,0.29375,0.625,0.375,0.0,0.0,0.03294852825989839,0.057565812876462674,35.08754348754883,1.0,0.0449250931272124,0.249944063110484,0.499966167819178,0,293,294
1,170,126-188,160,4,0,4,0,0.2888652980327606,0.9842553164809942,0.9438093900680542,1.4632004439830761,3.768491268157959,0.3625,0.25,0.5875,0.4125,0.0,0.0,0.042298486437551096,0.09359986328074443,36.55059051513672,1.0,0.04864949222014445,0.24994479616483053,0.49996615400018773,0,294,295
1,171,126-188,160,2,0,2,0,0.4778348505496979,0.9980899384245276,0.9751108288764954,1.4866963922977445,1.8511013984680176,0.46875,0.29375,0.56875,0.43125,0.0,0.0,0.03662818570329297,0.051323534016516015,48.74929428100586,1.0,0.03787681268555361,0.24994614803128773,0.4999675052140612,0,295,296
1,172,126-188,160,3,0,3,0,0.3878217935562134,0.9698925018310547,0.901663213968277,1.6168247163295737,2.2682483196258545,0.5375,0.35625,0.575,0.41875,0.00625,0.0,0.0466952622672878,0.15357118115369084,42.0532341003418,1.0,0.04047490410118953,0.24994702637195587,0.49996749468225976,0,296,297
1,173,126-188,160,3,0,3,0,0.3912496864795685,1.0109278183430432,0.9813723266124725,1.7498085200786588,2.2240562438964844,0.51875,0.35625,0.5625,0.4375,0.0,0.0,0.0603486978702578,0.17246419506850214,35.76356506347656,1.0,0.04842202225297093,0.24994763649172252,0.49996748313474376,0,297,298
1,174,126-188,160,3,1,2,0,0.3741978108882904,0.9781403683125973,0.9014759659767151,1.5781531333923318,4.143127918243408,0.55625,0.3375,0.5875,0.4125,0.0,0.0,0.07406172872639553,0.2206512716452178,39.321388244628906,1.0,0.048972312235680014,0.24994761745134988,0.49996747280933546,0,298,299
1,175,126-188,160,3,0,3,0,0.4592299461364746,1.0254118334501983,0.9496934115886688,1.7063488185405717,5.234486103057861,0.45625,0.3,0.58125,0.41875,0.0,0.0,0.05333462891434815,0.11672415478012854,46.011444091796875,1.0,0.039752987884770094,0.24994752473301357,0.49996746244049933,0,299,300
1,176,126-188,160,2,0,2,0,0.3569517433643341,0.996911744773388,0.9665957093238831,1.637058490514754,2.0640900135040283,0.5,0.34375,0.61875,0.38125,0.0,0.0,0.05161028085712458,0.10697670659920899,43.30168533325195,1.0,0.04142297669377797,0.2499480586912897,0.49996744917634023,0,300,301
1,177,126-188,160,4,0,4,0,0.17147326469421387,0.9994911262765527,0.9466686546802521,1.5484900176525114,2.376068115234375,0.45,0.3125,0.60625,0.39375,0.0,0.0,0.0527058664470794,0.11443110206831014,38.51853561401367,1.0,0.047210091823351376,0.24994808145695263,0.4999674325687805,0,301,302
1,178,126-188,160,2,0,2,0,0.34463661909103394,1.0189482754096388,0.9695918560028076,1.867108720541,2.0903537273406982,0.5125,0.35625,0.6,0.4,0.0,0.0,0.057937211379282275,0.13535997223530777,44.425262451171875,1.0,0.045644687739185695,0.24994807028108174,0.4999674098101004,0,302,303
1,179,126-188,160,4,0,4,0,0.24040396511554718,1.0503193032927811,0.9746169745922089,1.6481573402881615,5.717780590057373,0.5375,0.3,0.54375,0.45625,0.0,0.0,0.07250771012234017,0.2390651794831502,39.03921890258789,1.0,0.04518267139722389,0.24994798832469517,0.4999673914145892,0,303,304
1,180,126-188,160,3,0,3,0,0.12516097724437714,0.96340985102579,0.9143844842910767,1.4178079962730408,3.6921839714050293,0.46875,0.24375,0.51875,0.48125,0.0,0.0,0.06532660103855785,0.25529810034252726,34.61933517456055,1.0,0.051371230354802934,0.24994846764538023,0.49996737731756025,0,304,305
1,181,126-188,160,3,0,3,0,0.3634236454963684,0.9921614283695817,0.9514462053775787,1.6130220174789427,3.046736001968384,0.48125,0.2625,0.525,0.475,0.0,0.0,0.04912548812415912,0.15690489396707796,28.71392250061035,1.0,0.05228650721894466,0.24994867336418894,0.49996737421695553,0,305,306
1,182,126-188,160,4,1,3,0,0.21403740346431732,1.0123865594156087,1.0033652186393738,1.667931854724884,2.3076469898223877,0.65625,0.425,0.6125,0.3875,0.0,0.0,0.06315079213135892,0.13762051854182972,41.40771484375,1.0,0.05007642795556107,0.24994879961013794,0.4999673783932793,0,306,307
1,183,126-188,160,2,0,2,0,0.3971652090549469,0.9996484098955989,0.9241232872009277,1.6384998977184293,2.763338088989258,0.5125,0.33125,0.55,0.45,0.0,0.0,0.0515091751195849,0.11810492092484165,32.26892852783203,1.0,0.04252986947132882,0.24994914399253,0.4999673746761618,0,307,308
1,184,126-188,160,3,1,2,1,0.15571804344654083,0.981036436650902,0.9267829954624176,1.7468479216098785,2.438378095626831,0.5375,0.35,0.60625,0.39375,0.0,0.0,0.06936158835404327,0.21484198696768542,34.81489944458008,1.0,0.047778472384216994,0.24994977729188073,0.4999673751183142,0,308,309
1,185,126-188,160,4,1,3,0,0.2557458281517029,0.9983587872236968,0.9338707327842712,1.6385178864002223,2.836087942123413,0.59375,0.36875,0.58125,0.41875,0.0,0.0,0.06871323612512446,0.20797043928468806,34.02716827392578,1.0,0.048215137981629755,0.24995032077034315,0.49996736994906427,0,309,310
1,186,126-188,160,2,0,2,0,0.1963975876569748,0.9768627112731337,0.9198246896266937,1.6647318542003602,2.6857290267944336,0.59375,0.34375,0.53125,0.46875,0.0,0.0,0.0816281871934959,0.2499903063165867,32.34443283081055,1.0,0.052208913150415336,0.2499503286348449,0.49996736712355255,0,310,311
1,187,126-188,160,3,0,3,0,0.3728286325931549,1.0591689748689532,1.003162443637848,1.7360763907432535,3.182926893234253,0.5,0.30625,0.56875,0.43125,0.0,0.0,0.06260796169098522,0.16656200654750836,37.365997314453125,1.0,0.04396618539103103,0.24995008897450235,0.49996735935780895,0,311,312
1,188,126-188,160,3,0,3,0,0.35916000604629517,1.0095951976254582,0.9441203474998474,1.5331273317337035,2.718783378601074,0.51875,0.28125,0.5625,0.4375,0.0,0.0,0.05201846306569917,0.17940256074020583,36.792789459228516,1.0,0.04815071706892209,0.24994920980599192,0.4999673491257698,0,312,313
1,189,189-250,160,3,1,2,0,0.18582604825496674,1.0066144630312919,0.9342410862445831,1.7293909549713133,3.2264606952667236,0.51875,0.3125,0.55625,0.44375,0.0,0.0,0.06577563523948846,0.3709721885379532,39.06975173950195,1.0,0.05480324895631371,0.24994921932617822,0.4999673401104987,0,313,314
1,190,189-250,160,4,0,4,0,0.1834467500448227,1.025617879536003,0.9689007699489594,1.7729729473590847,4.136848449707031,0.5625,0.325,0.525,0.475,0.0,0.0,0.07065983426555182,0.29419424363864266,37.49909210205078,1.0,0.06143457070970954,0.2499489022625817,0.4999673349606972,0,314,315
1,191,189-250,160,2,0,2,0,0.1938386857509613,0.9869141776114703,0.9233224987983704,1.6263449192047108,2.420943021774292,0.5,0.31875,0.56875,0.43125,0.0,0.0,0.08530497866682148,0.40686420726268413,34.360382080078125,1.0,0.0686996090748789,0.24994870233866903,0.4999673397553347,0,315,316
1,192,189-250,160,2,1,1,0,0.19264155626296997,1.0206072222441436,0.9252130687236786,1.5300055980682363,7.533419609069824,0.56875,0.325,0.5375,0.4625,0.0,0.0,0.08519366015065892,0.4885661854055907,38.66141128540039,1.0,0.057970014792210416,0.24994808145695263,0.4999673483369716,0,316,317
1,193,189-250,160,2,0,2,0,0.26979830861091614,0.9834804991260171,0.9544312357902527,1.6155788600444791,2.647981882095337,0.475,0.25,0.4875,0.5125,0.0,0.0,0.061642267007257986,0.24852379123635016,28.364870071411133,1.0,0.05941288480178159,0.24994877808623844,0.4999673539182069,0,317,318
1,194,189-250,160,3,0,3,0,0.4386109709739685,0.9929731400683522,0.9644366502761841,1.5316535413265224,2.294569730758667,0.41875,0.275,0.5375,0.4625,0.0,0.0,0.04094200608664364,0.08334969122436181,39.478458404541016,1.0,0.0524118983116386,0.24994892668392923,0.49996736841449363,0,318,319
1,195,189-250,160,3,0,3,0,0.3984586000442505,1.0252603523433208,0.9616771936416626,1.7016812264919277,3.7225921154022217,0.55625,0.3375,0.55625,0.44375,0.0,0.0,0.055741424556397766,0.08154646662370435,35.77009963989258,1.0,0.05063487428293811,0.24994974417818916,0.4999673729613678,0,319,320
1,196,189-250,160,3,1,2,0,0.2970162332057953,0.951548925973475,0.9302876889705658,1.533201628923416,2.13856840133667,0.46875,0.2875,0.59375,0.40625,0.0,0.0,0.05011300345870116,0.09167412005542352,41.73569869995117,1.0,0.04845332094991506,0.24995024502277374,0.4999673845298131,0,320,321
1,197,189-250,160,1,0,1,0,0.3633071184158325,1.0866388525813817,1.0337117314338684,1.7695587873458845,2.8911244869232178,0.575,0.35625,0.5625,0.4375,0.0,0.0,0.05103372147005587,0.0907331608947497,33.689083099365234,1.0,0.05475999962052318,0.24995027441117498,0.4999673967200631,0,321,322
1,198,189-250,160,3,0,3,0,0.33920568227767944,0.987805856205523,0.9595248103141785,1.5541905224323271,2.7249600887298584,0.49375,0.2875,0.59375,0.40625,0.0,0.0,0.05158636747386269,0.0937708923596921,33.89282989501953,1.0,0.05474008188175427,0.24995016058286032,0.49996741528894023,0,322,323
1,199,189-250,160,1,0,1,0,0.42719757556915283,0.9694160727784038,0.9007856249809265,1.60137676000595,2.018197774887085,0.50625,0.3375,0.59375,0.40625,0.0,0.0,0.05375262046903995,0.12473901705508805,33.991920471191406,1.0,0.04721726481604993,0.2499496282802688,0.49996742944047107,0,323,324
1,200,189-250,160,4,0,4,0,0.3476047217845917,0.9908786360174417,0.9519360661506653,1.682672953605651,2.534374713897705,0.5,0.33125,0.60625,0.39375,0.0,0.0,0.0595903954672821,0.17597461414644155,35.05082321166992,1.0,0.05181285198106918,0.24994886790712675,0.49996745097886486,0,324,325
1,201,189-250,160,3,1,2,0,0.18448776006698608,1.036133662518114,0.9269731044769287,1.7778529584407792,2.8629817962646484,0.575,0.34375,0.60625,0.39375,0.0,0.0,0.07160286621019125,0.25661343256547287,31.248456954956055,1.0,0.05339073542119283,0.24994794320729044,0.49996747950916226,0,325,326
1,202,189-250,160,2,0,2,0,0.07182008028030396,1.0105309365317225,0.9249124228954315,1.7483983814716317,3.759795904159546,0.59375,0.375,0.58125,0.41875,0.0,0.0,0.10787302773689719,0.4660782024046455,40.459659576416016,1.0,0.060901233018558855,0.24994715261790487,0.49996749819992103,0,326,327
1,203,189-250,160,3,0,3,0,0.07311775535345078,1.066903881682083,0.9425652623176575,2.0342286944389336,5.419584274291992,0.6125,0.35,0.54375,0.45625,0.0,0.0,0.09920618892972974,0.5296012127542302,37.58696365356445,1.0,0.0636194364317634,0.24994626392920813,0.4999675118412776,0,327,328
1,204,189-250,160,3,0,3,0,0.3725998103618622,1.031112148053944,0.9738227725028992,1.8282237291336054,2.425583600997925,0.5125,0.28125,0.53125,0.46875,0.0,0.0,0.06980538958375623,0.25111161551409117,32.936946868896484,1.0,0.051643271344364784,0.2499451297852728,0.49996750740619134,0,328,329
1,205,189-250,160,1,0,1,0,0.3747749328613281,0.960887073725462,0.9340293705463409,1.5166633069515225,2.105097770690918,0.49375,0.3125,0.56875,0.425,0.00625,0.0,0.06852056529555169,0.21279213270988628,38.294498443603516,1.0,0.05197358893957757,0.24994357840882409,0.4999675128235558,0,329,330
1,206,189-250,160,2,1,1,0,0.24881312251091003,1.0026571147143841,0.9525863826274872,1.4606048047542561,2.586550235748291,0.48125,0.26875,0.58125,0.41875,0.0,0.0,0.05485525492172951,0.1986556491680277,37.32010269165039,1.0,0.05156244635418091,0.2499424885544512,0.4999675245699168,0,330,331
1,207,189-250,160,2,0,2,0,0.3323894143104553,0.9996809281408787,0.9737710058689117,1.4986725330352768,2.1555304527282715,0.5125,0.31875,0.5875,0.4125,0.0,0.0,0.059611312991571005,0.16676840767449358,38.83031463623047,1.0,0.05416062666648301,0.24994180517064202,0.49996753648100184,0,331,332
1,208,189-250,160,3,0,3,0,0.3649653196334839,1.045206824503839,0.997290164232254,1.790787702798843,2.7300193309783936,0.45625,0.28125,0.5625,0.4375,0.0,0.0,0.04834953472673901,0.11645982776979674,36.75878143310547,1.0,0.05275718107701371,0.24994109281235272,0.4999675455475303,0,332,333
1,209,189-250,160,2,0,2,0,0.34270158410072327,0.9719611743465066,0.974517285823822,1.4881011009216303,2.0176141262054443,0.51875,0.31875,0.61875,0.38125,0.0,0.0,0.04756481995346056,0.13024796798900806,41.50053405761719,1.0,0.05001253899276104,0.249939799722698,0.49996755413890226,0,333,334
1,210,189-250,160,3,0,3,0,0.35387900471687317,1.0028459312394262,0.9116306602954865,1.690907871723174,2.9145641326904297,0.53125,0.33125,0.58125,0.41875,0.0,0.0,0.06556829688356645,0.17673439355042242,34.806396484375,1.0,0.05476822592924753,0.24993831333186892,0.49996756519325775,0,334,335
1,211,189-250,160,2,0,2,0,0.1770010143518448,0.9522196556441486,0.8807387053966522,1.6424180209636687,2.4793593883514404,0.59375,0.3875,0.5875,0.4125,0.0,0.0,0.08474921827218151,0.23869961252632826,33.02809524536133,1.0,0.05903996441745724,0.2499370529419846,0.499967580002246,0,335,336
1,212,189-250,160,3,0,3,0,0.29018184542655945,0.9915912443771958,0.935608446598053,1.8491227507591246,2.257880210876465,0.56875,0.3375,0.5375,0.4625,0.0,0.0,0.08073112201314277,0.17995198257581552,34.654083251953125,1.0,0.06063284151466263,0.24993508930007616,0.49996759310164257,0,336,337
1,213,189-250,160,3,0,3,0,0.3377419710159302,0.9809955596923828,0.9550949931144714,1.618725210428238,2.2605185508728027,0.60625,0.375,0.56875,0.43125,0.0,0.0,0.0696415481080811,0.12543999885432355,43.98991012573242,1.0,0.06153224481919706,0.24993349777327645,0.49996761006700813,0,337,338
1,214,189-250,160,3,0,3,0,0.37136706709861755,0.9814291089773178,0.9054169356822968,1.6515288054943082,2.3243026733398438,0.5625,0.38125,0.625,0.375,0.0,0.0,0.07066602754227388,0.15552341732873737,34.77913284301758,1.0,0.06879050308096367,0.24993147494064438,0.49996762260073985,0,338,339
1,215,189-250,160,1,0,1,0,0.2854210138320923,1.0370847202837468,0.9968547523021698,1.6778664708137507,2.628340005874634,0.48125,0.3,0.55,0.45,0.0,0.0,0.07496629716970714,0.19061066816103217,35.07368469238281,1.0,0.06816965467720713,0.24992902411354911,0.49996763615086703,0,339,340
1,216,189-250,160,4,0,4,0,0.3758922815322876,0.965469191968441,0.9286827743053436,1.6811690747737882,2.5855586528778076,0.6,0.35625,0.55625,0.44375,0.0,0.0,0.06138047758873144,0.13347861852853793,37.74677658081055,1.0,0.06709822947386959,0.24992643213934368,0.499967647533648,0,340,341
1,217,189-250,160,4,0,4,0,0.22743196785449982,0.9803858789615333,0.9392068088054657,1.7345795869827259,2.73868989944458,0.49375,0.2625,0.54375,0.45625,0.0,0.0,0.06115490440667567,0.12599728094056584,32.684757232666016,1.0,0.0631758836550035,0.24992387369275093,0.49996766513958557,0,341,342
1,218,189-250,160,3,0,3,0,0.2615288197994232,0.9876479214057327,0.9242604672908783,1.6719792425632474,3.1248281002044678,0.5625,0.36875,0.6375,0.3625,0.0,0.0,0.07073701717083862,0.2139935396206994,43.01333236694336,1.0,0.06154814553464451,0.24992110166284773,0.49996768955287324,0,342,343
1,219,189-250,160,3,1,2,0,0.35472390055656433,1.0477642860263585,0.9511842131614685,2.0578776240348806,3.631404399871826,0.58125,0.3625,0.5375,0.4625,0.0,0.0,0.06542326613014807,0.19702180467211805,36.82929229736328,1.0,0.06172991087633976,0.24991796041528383,0.49996768266247815,0,343,344
1,220,189-250,160,4,0,4,0,0.22084641456604004,1.0132706636562943,0.9324178695678711,1.7270841479301444,3.3898448944091797,0.65625,0.40625,0.5875,0.4125,0.0,0.0,0.0699633950750084,0.19235348057356144,35.739959716796875,1.0,0.07501945192367049,0.249915505035056,0.49996765961923617,0,344,345
1,221,189-250,160,4,0,4,0,0.259957492351532,0.9954034078866243,0.9056714773178101,1.7349084198474878,2.5950918197631836,0.5875,0.425,0.63125,0.36875,0.0,0.0,0.08317439544276146,0.19021107666880643,39.142826080322266,1.0,0.06808717024126161,0.24991315313511425,0.4999676393559179,0,345,346
1,222,189-250,160,4,0,4,0,0.3688889443874359,0.9845205046236515,0.9045212864875793,1.6622735202312466,2.955897092819214,0.63125,0.38125,0.58125,0.41875,0.0,0.0,0.08219394721721647,0.16479083894185137,37.535308837890625,1.0,0.06823956001821053,0.24991123750805855,0.4999676325991431,0,346,347
1,223,189-250,160,3,1,2,0,0.2886780798435211,1.0534571612253785,0.8621559143066406,2.114391827583312,4.389928340911865,0.7125,0.44375,0.58125,0.41875,0.0,0.0,0.10728025585775396,0.2442721864297529,42.559661865234375,1.0,0.06998818003480192,0.24990971800353792,0.49996763220929363,0,347,348
1,224,189-250,160,2,0,2,0,0.23830865323543549,1.0315956593491138,0.9562920928001404,1.92544623017311,3.0001158714294434,0.675,0.4125,0.55625,0.44375,0.0,0.0,0.10944935613066557,0.24346572462978816,37.20460510253906,1.0,0.06955471487252522,0.24990737976299393,0.49996763240421893,0,348,349
1,225,189-250,160,4,0,4,0,0.3295900225639343,0.9820327641442418,0.88191157579422,1.6104186177253712,3.1450421810150146,0.61875,0.33125,0.55,0.45,0.0,0.0,0.08742841549496465,0.15385601814601407,34.361263275146484,1.0,0.06333519845483761,0.2499049132068952,0.49996763402855837,0,349,350
1,226,189-250,160,3,0,3,0,0.2754177749156952,1.0494330910965801,0.9542198777198792,1.9775351583957663,2.3384320735931396,0.59375,0.38125,0.6125,0.3875,0.0,0.0,0.08100091857199596,0.1965516170591295,38.42599868774414,1.0,0.06358467422725132,0.24990284567077956,0.49996763916102727,0,350,351
1,227,189-250,160,3,0,3,0,0.2379453480243683,0.9920407831668854,0.9277305006980896,1.772402578592299,2.3875889778137207,0.6,0.4125,0.58125,0.41875,0.0,0.0,0.081939111509356,0.19486594131486462,32.7171745300293,1.0,0.06241378132846197,0.2499012371732129,0.49996764396804527,0,351,352
1,228,189-250,160,2,0,2,0,0.23908621072769165,1.0701162403449416,1.0208907723426819,1.7114857077598569,2.3829281330108643,0.53125,0.325,0.5875,0.4125,0.0,0.0,0.06325293683616869,0.10839681003340595,36.342655181884766,1.0,0.059167793441738184,0.24989986336893505,0.499967647280646,0,352,353
1,229,189-250,160,3,0,3,0,0.2661832571029663,0.9566748213022948,0.9310128390789032,1.4465216934680913,2.311936855316162,0.475,0.2125,0.45,0.55,0.0,0.0,0.05579367987402328,0.12499839056829054,33.843162536621094,1.0,0.060118755753509716,0.24989786081843907,0.4999676471507454,0,353,354
1,230,189-250,160,2,1,1,0,0.2561533451080322,0.9655075613409281,0.9251475632190704,1.4900985181331634,2.226670742034912,0.51875,0.33125,0.5625,0.4375,0.0,0.0,0.06377410564257549,0.14906553864820327,38.452484130859375,1.0,0.06004394492171407,0.24989606647027862,0.4999676455919042,0,354,355
1,231,189-250,160,4,0,4,0,0.20170225203037262,1.0241603589616717,0.9453423321247101,1.8619449436664557,2.9307565689086914,0.6625,0.4125,0.65,0.35,0.0,0.0,0.06580666288197053,0.1339430655651948,39.43134307861328,1.0,0.061883341040214895,0.24989373857776323,0.49996764565685714,0,355,356
1,232,189-250,160,3,0,3,0,0.19415093958377838,0.9691703413613141,0.9370285272598267,1.591656595468521,2.3462045192718506,0.58125,0.3375,0.56875,0.43125,0.0,0.0,0.07461239809957688,0.17586883276685178,39.33568572998047,1.0,0.06138149076913223,0.24989076662394735,0.49996764234411883,0,356,357
1,233,189-250,160,2,0,2,0,0.2726055681705475,0.9877192836254836,0.9562337100505829,1.6229765892028802,2.3219070434570312,0.56875,0.375,0.625,0.375,0.0,0.0,0.06555564189570882,0.17011384537973634,37.9693717956543,1.0,0.06235127042478619,0.24988802812165684,0.49996764033035634,0,357,358
1,234,189-250,160,2,0,2,0,0.3432708978652954,1.011775709502399,0.9542913436889648,1.622293478250503,2.2443745136260986,0.45,0.28125,0.5625,0.4375,0.0,0.0,0.048463051630760014,0.11305857937359254,39.71016311645508,1.0,0.05729182064955161,0.24988674455218846,0.49996763246919373,0,358,359
1,235,189-250,160,3,1,2,0,0.4367818236351013,1.0006254710257054,0.9706190824508667,1.4798673212528217,1.847641944885254,0.475,0.33125,0.5875,0.4125,0.0,0.0,0.04247098912013568,0.0876513567162539,35.124324798583984,1.0,0.05808722550009843,0.24988533680637678,0.49996762681597584,0,359,360
1,236,189-250,160,4,2,2,0,0.23557141423225403,0.990119968354702,0.9725934267044067,1.4508860766887666,2.8310563564300537,0.48125,0.28125,0.575,0.425,0.0,0.0,0.04053976064648002,0.11670412584144874,34.028594970703125,1.0,0.05773377993739092,0.24988511121935314,0.49996762057699384,0,360,361
1,237,189-250,160,4,1,3,0,0.3489552438259125,1.0510370582342148,1.0211811661720276,1.7640194177627555,3.1099936962127686,0.56875,0.375,0.60625,0.39375,0.0,0.0,0.04912851243582829,0.11077309812604896,32.508304595947266,1.0,0.05530697105189181,0.24988608848717478,0.4999676119967682,0,361,362
1,238,189-250,160,3,0,3,0,0.3785065710544586,0.9342271825298667,0.9315531253814697,1.3168840110301971,1.5265711545944214,0.425,0.21875,0.50625,0.49375,0.0,0.0,0.03796119458819268,0.07241777664626209,36.04296112060547,1.0,0.053291684883104894,0.24988669819302028,0.49996761102162335,0,362,363
1,239,189-250,160,4,0,4,0,0.38897013664245605,0.9750966351479292,0.953942060470581,1.545276516675948,2.2813732624053955,0.4875,0.3125,0.5875,0.4125,0.0,0.0,0.046036614975692135,0.11900164167445165,41.8126106262207,1.0,0.060471483454952964,0.24988692709141308,0.4999676245414624,0,363,364
1,240,189-250,160,2,0,2,0,0.4409617781639099,0.9688511863350868,0.9526587128639221,1.4576979219913477,2.118476390838623,0.4875,0.31875,0.5875,0.4125,0.0,0.0,0.04283162901249741,0.06098445258520219,37.17481231689453,1.0,0.06473302937201551,0.24988712039258745,0.4999676430586548,0,364,365
1,241,189-250,160,3,1,2,0,0.3930406868457794,1.0511291554197668,1.0036281943321228,1.6363129198551178,2.9821889400482178,0.46875,0.29375,0.5875,0.4125,0.0,0.0,0.05277265031154595,0.10429621417669394,27.400665283203125,1.0,0.07410623962309423,0.2498880877263016,0.4999676568271594,0,365,366
1,242,189-250,160,2,0,2,0,0.2867063879966736,1.0000240184366702,0.9870584905147552,1.4754565894603726,1.8380802869796753,0.475,0.28125,0.5625,0.4375,0.0,0.0,0.043387365662147945,0.09932817577272879,31.425752639770508,1.0,0.05916708358252828,0.2498892636762725,0.499967659878954,0,366,367
1,243,189-250,160,3,0,3,0,0.4557036757469177,1.0196295745670796,0.9671760201454163,1.558576393127441,2.320913553237915,0.375,0.2375,0.6,0.4,0.0,0.0,0.04352414693722125,0.09705999990775871,37.663387298583984,1.0,0.06638729127747532,0.24989032331440184,0.49996766742899473,0,367,368
1,244,189-250,160,1,0,1,0,0.3403315246105194,0.9622789725661278,0.9089374542236328,1.434265828132629,2.0116889476776123,0.46875,0.2875,0.5625,0.4375,0.0,0.0,0.04555777955733696,0.07758815334048796,36.15094757080078,1.0,0.0720072726727603,0.24989104767640433,0.49996764894855084,0,368,369
1,245,189-250,160,4,0,4,0,0.31787359714508057,0.9967669347301126,0.9504213333129883,1.5376655817031852,2.4275460243225098,0.44375,0.31875,0.625,0.375,0.0,0.0,0.04870736531245005,0.10165042025379034,36.37931442260742,1.0,0.07861267147570493,0.24989240575167868,0.4999676388031152,0,369,370
1,246,189-250,160,2,0,2,0,0.4051585793495178,1.010420593060553,0.9758178293704987,1.736807912588119,2.297978401184082,0.525,0.31875,0.5875,0.4125,0.0,0.0,0.0512560550585522,0.10511343023538289,41.3379020690918,1.0,0.07382135329141443,0.24989338053597343,0.4999676304562627,0,370,371
1,247,189-250,160,4,0,4,0,0.41398900747299194,0.9874944303184747,0.9391985833644867,1.4941781401634184,2.6267764568328857,0.51875,0.3125,0.51875,0.48125,0.0,0.0,0.04828332200522602,0.08982181078855617,35.357627868652344,1.0,0.07274891717211637,0.2498936682111687,0.49996761517836463,0,371,372
1,248,189-250,160,2,0,2,0,0.3850155472755432,1.0016931669786573,0.9376031756401062,1.6457890868186946,2.5378308296203613,0.51875,0.29375,0.5625,0.4375,0.0,0.0,0.047375343378112895,0.0850740281722227,38.813655853271484,1.0,0.06185315267909935,0.24989348525802293,0.4999675946094108,0,372,373
1,249,189-250,160,4,0,4,0,0.2851058542728424,0.9754547707736492,0.9591352641582489,1.5336288332939143,1.9639359712600708,0.475,0.325,0.60625,0.39375,0.0,0.0,0.04945199798617698,0.0836168665885686,38.09706115722656,1.0,0.05060421586508125,0.24989288010531002,0.49996757723980295,0,373,374
1,250,189-250,160,4,1,3,0,0.37066179513931274,0.9506805265322328,0.9011818468570709,1.4416307091712943,2.0008671283721924,0.4875,0.28125,0.5625,0.4375,0.0,0.0,0.05085456799093976,0.08710099839427798,36.98777389526367,1.0,0.06496902908151257,0.2498919785850578,0.4999675587768246,0,374,375
2,1,1-10,160,0,0,0,0,0.009669961407780647,1.0473551107919774,0.47644132375717163,3.8457333564758294,10.825377464294434,0.89375,0.6375,0.6875,0.3125,0.0,0.0,0.6055442985682259,0.7387480113481459,109.97847747802734,1.0,0.25712518091828096,0.24999990438421568,0.49996716504113936,0,125,126
2,2,1-10,160,2,0,2,0,0.04457046091556549,1.0469575855880975,0.6385764479637146,3.2760550379753113,9.006959915161133,0.88125,0.65625,0.7375,0.2625,0.0,0.0,0.37855607612386977,0.5106152464665032,42.9761848449707,1.0,0.17522666076461546,0.2499993700120184,0.4999671274257834,0,126,127
2,3,1-10,160,2,0,2,0,0.06148427724838257,1.024674453912303,0.7282459437847137,3.001606500148773,5.501438140869141,0.775,0.54375,0.64375,0.35,0.00625,0.0,0.2658893050733483,0.3364378565550204,60.67715072631836,1.0,0.11308449356384782,0.25000185809201664,0.49996708846198795,0,127,128
2,4,1-10,160,2,1,1,0,0.09695308655500412,1.0189894087146967,0.7698118984699249,2.4982070207595815,11.607831001281738,0.79375,0.54375,0.65,0.35,0.0,0.0,0.19977327390927516,0.280186045261927,56.87984848022461,1.0,0.11716310244131992,0.2500028842025333,0.4999670646399119,0,128,129
2,5,1-10,160,2,0,2,0,0.1518172174692154,0.9403255042620003,0.7037833034992218,2.3463358521461486,3.4280595779418945,0.78125,0.51875,0.6125,0.3875,0.0,0.0,0.18770077539448962,0.2329763734435214,54.16563034057617,1.0,0.11617994251073745,0.2500060734649499,0.4999670409934362,0,129,130
2,6,1-10,160,3,1,2,0,0.2482936978340149,1.0115271143615245,0.837615579366684,2.403552973270415,5.477520942687988,0.7125,0.48125,0.63125,0.36875,0.0,0.0,0.14209508089850412,0.21724692218395414,63.17984390258789,1.0,0.09254502692469554,0.25000858058532077,0.4999670272216435,0,130,131
2,7,1-10,160,2,0,2,0,0.1970854103565216,0.9868082110770047,0.9265660643577576,1.7760237872600553,2.824500322341919,0.6375,0.40625,0.5875,0.4125,0.0,0.0,0.10570724419602248,0.14163390094585043,72.03553009033203,1.0,0.09025107907784242,0.2500101120935546,0.4999670060767288,0,131,132
2,8,1-10,160,2,0,2,0,0.1512354463338852,0.9663836704567075,0.8168781399726868,1.8773976564407346,4.267819404602051,0.73125,0.4625,0.61875,0.38125,0.0,0.0,0.11107221574951176,0.16584813906706986,61.104087829589844,1.0,0.08495343363395261,0.25001147016882896,0.4999669864348108,0,132,133
2,9,1-10,160,1,0,1,0,0.2581137418746948,0.9716630714014173,0.8941371738910675,1.867852115631102,2.8137006759643555,0.6375,0.45,0.64375,0.35625,0.0,0.0,0.09443423757859205,0.13405440068020746,62.89888000488281,1.0,0.08687389827231969,0.25001241059766877,0.49996698521250016,0,133,134
2,10,1-10,160,2,0,2,0,0.3449677526950836,1.077496981061995,0.9647053480148315,2.0147039890289307,3.195882797241211,0.69375,0.3875,0.55,0.45,0.0,0.0,0.08209664668174602,0.11678521487559723,52.52572250366211,1.0,0.0923004273044354,0.25001278354061973,0.4999669920479865,0,134,135
2,11,11-62,160,2,0,2,0,0.3324800729751587,0.9644829260185361,0.8711130023002625,1.9268260002136222,2.753225803375244,0.6125,0.4,0.6125,0.3875,0.0,0.0,0.08125675393931794,0.12083682992614048,54.091209411621094,1.0,0.09593257683846798,0.25001268047425484,0.4999670070413382,0,135,136
2,12,11-62,160,3,0,3,0,0.2860122323036194,0.9934560345485807,0.9193257689476013,1.6630825698375697,2.2346129417419434,0.6625,0.4,0.55,0.45,0.0,0.0,0.07248989721136516,0.09079303235549646,48.467769622802734,1.0,0.07871909979994113,0.2500132823155986,0.49996703202405807,0,136,137
2,13,11-62,160,3,0,3,0,0.2785743176937103,1.0018977677449583,0.9050210118293762,1.9383004009723641,2.570497512817383,0.6375,0.41875,0.65,0.35,0.0,0.0,0.07290749719770244,0.08447452711283615,59.544212341308594,1.0,0.06045424522456196,0.25001463666558266,0.4999670519673394,0,137,138
2,14,11-62,160,3,0,3,0,0.3168083727359772,1.0255507171154021,0.93915656208992,1.801613968610762,2.817378044128418,0.5875,0.3625,0.56875,0.43125,0.0,0.0,0.06651295506317205,0.08385750129646735,53.552024841308594,1.0,0.05591984675786497,0.25001538089580005,0.4999670727868668,0,138,139
2,15,11-62,160,3,0,3,0,0.398739755153656,0.9843293562531471,0.9412436485290527,1.5889501929283139,2.085675001144409,0.5625,0.39375,0.5875,0.4125,0.0,0.0,0.0550210728705046,0.06998858888904541,53.77161407470703,1.0,0.062233056521069405,0.2500162095659309,0.49996709722768284,0,139,140
2,16,11-62,160,0,0,0,0,0.31888142228126526,1.0285223415121436,1.00408536195755,1.6228111863136292,2.643778085708618,0.525,0.375,0.6,0.39375,0.00625,0.0,0.050556186856183925,0.061270132084199735,51.20280075073242,1.0,0.06647180679779008,0.2500173950360881,0.4999671132596833,0,140,141
2,17,11-62,160,2,1,1,0,0.4117807447910309,1.0056247126311064,0.9418753385543823,1.6216061592102047,2.7811098098754883,0.50625,0.3625,0.6,0.4,0.0,0.0,0.05144058390858171,0.06720665008548371,45.55408477783203,1.0,0.06635879550743387,0.2500181400941478,0.49996713085830397,0,141,142
2,18,11-62,160,2,0,2,0,0.35542094707489014,1.0159236419945956,0.9416206181049347,1.7252270638942715,3.773388385772705,0.60625,0.4,0.5875,0.4125,0.0,0.0,0.06372003260039469,0.08414394006092357,53.07183074951172,1.0,0.06087786647908238,0.25001835574706394,0.4999671503684162,0,142,143
2,19,11-62,160,3,0,3,0,0.37887439131736755,1.0302972892299294,0.9556457698345184,1.696688771247862,2.6466217041015625,0.5,0.33125,0.60625,0.39375,0.0,0.0,0.057729638196957714,0.08065113046699096,47.465911865234375,1.0,0.05564795486782635,0.250017825100157,0.49996717382784334,0,143,144
2,20,11-62,160,2,0,2,0,0.4372742176055908,1.0152685604989529,0.9090304374694824,1.9240230798721303,3.1375572681427,0.6,0.40625,0.6375,0.3625,0.0,0.0,0.059848924456412066,0.08082976138973869,50.0880012512207,1.0,0.055995910707476594,0.2500181115335888,0.49996719284538255,0,144,145
2,21,11-62,160,2,0,2,0,0.36219310760498047,0.9916856357827782,0.9472688734531403,1.6004056692123374,2.5094120502471924,0.50625,0.35625,0.65,0.35,0.0,0.0,0.05832863092274343,0.07028647875834432,42.70320129394531,1.0,0.04983651216917209,0.2500178635948234,0.4999672018682085,0,145,146
2,22,11-62,160,4,0,4,0,0.5115671753883362,1.0015208430588245,0.959476888179779,1.5442168593406669,2.1027591228485107,0.53125,0.34375,0.61875,0.38125,0.0,0.0,0.04954080582793623,0.06826431179674886,47.62344741821289,1.0,0.04496687307079276,0.2500178772542212,0.4999672000288597,0,146,147
2,23,11-62,160,3,1,2,0,0.2837359309196472,0.9982945216819644,0.9199632406234741,1.8041988670825952,2.5783071517944336,0.625,0.4,0.625,0.375,0.0,0.0,0.05662737696653329,0.07689404127369054,43.56337356567383,1.0,0.04047812332149335,0.25001732508341473,0.4999672014083793,0,147,148
2,24,11-62,160,2,1,1,0,0.40444156527519226,1.015698866918683,0.9566234052181244,1.6585234224796288,2.259514570236206,0.5125,0.34375,0.575,0.425,0.0,0.0,0.05340861520919976,0.0940602027709041,39.5622444152832,1.0,0.04433323184972748,0.2500172058741252,0.4999671908965431,0,148,149
2,25,11-62,160,2,0,2,0,0.37358352541923523,1.020557463914156,0.9445762932300568,1.6874508202075944,2.5497262477874756,0.5625,0.35625,0.5375,0.4625,0.0,0.0,0.06138651718311301,0.0921881076584144,37.09495162963867,1.0,0.052194174151180765,0.2500176665683587,0.4999671723626441,0,149,150
2,26,11-62,160,3,0,3,0,0.3560524582862854,0.9872440923005342,0.8982914090156555,1.697152918577194,3.533406972885132,0.61875,0.3875,0.59375,0.40625,0.0,0.0,0.06565825835039804,0.12494027774807481,47.13206481933594,1.0,0.052727320214042084,0.25001883713735473,0.49996715881822057,0,150,151
2,27,11-62,160,3,0,3,0,0.41160014271736145,0.991008049622178,0.9419135451316833,1.5992504656314839,2.8455986976623535,0.575,0.3625,0.575,0.425,0.0,0.0,0.05795021164142702,0.14724197884760076,43.22800827026367,1.0,0.0465731819164601,0.2500196128255791,0.49996714408505527,0,151,152
2,28,11-62,160,2,0,2,0,0.34143179655075073,1.0151329476386308,0.9800526201725006,1.5235642731189716,2.011240005493164,0.45625,0.28125,0.5875,0.4125,0.0,0.0,0.048269111527364496,0.0925474155822048,48.99997329711914,1.0,0.04169193334651289,0.25002095889714027,0.4999671280302049,0,152,153
2,29,11-62,160,4,1,3,0,0.3098818063735962,0.9771919703111053,0.927088052034378,1.755856359004974,2.5231592655181885,0.56875,0.3625,0.59375,0.40625,0.0,0.0,0.05910843035367469,0.08333819334939291,53.60285186767578,1.0,0.03995018587704584,0.2500219837658935,0.49996711249556686,0,153,154
2,30,11-62,160,2,0,2,0,0.37376394867897034,0.9934870477765798,0.9585894644260406,1.556173306703567,2.607842445373535,0.5375,0.35,0.6,0.4,0.0,0.0,0.05902863756123433,0.09245220767101453,43.154144287109375,1.0,0.04439729922039942,0.25002239271998405,0.49996710617465395,0,154,155
2,31,11-62,160,2,0,2,0,0.39116033911705017,0.9978001851588487,0.9664488434791565,1.6086457669734953,2.866399049758911,0.51875,0.29375,0.53125,0.46875,0.0,0.0,0.05618347132379573,0.08209005958831084,47.80194854736328,1.0,0.04737980147478875,0.2500223277343644,0.49996710400160793,0,155,156
2,32,11-62,160,2,0,2,0,0.3586953282356262,1.0125407064333558,0.9717365801334381,1.6051463067531586,2.277398109436035,0.525,0.3125,0.55625,0.44375,0.0,0.0,0.04717014135758428,0.0687823409612302,42.84352493286133,1.0,0.042196953952536864,0.250021744105551,0.4999671022894274,0,156,157
2,33,11-62,160,3,0,3,0,0.3404219150543213,1.0202489329501987,0.9563276469707489,1.6541705310344683,2.27897047996521,0.5625,0.38125,0.6375,0.3625,0.0,0.0,0.04714004513257218,0.07792329183272129,55.1773567199707,1.0,0.04568472275265275,0.2500213620563348,0.49996710498937086,0,157,158
2,34,11-62,160,2,0,2,0,0.2617015838623047,0.9668246161192655,0.9465174674987793,1.6319919407367705,2.238786458969116,0.63125,0.44375,0.6125,0.3875,0.0,0.0,0.05408701622008496,0.08435472946198713,40.71917724609375,1.0,0.04857042925271384,0.250020366989904,0.4999671014333095,0,158,159
2,35,11-62,160,4,0,4,0,0.27062222361564636,1.0209182921797038,0.9559341967105865,1.8204722225666041,2.485495090484619,0.5375,0.375,0.625,0.375,0.0,0.0,0.05978885829487788,0.08890885697080331,45.62066650390625,1.0,0.04862260452274046,0.2500189099874761,0.4999670999844526,0,159,160
2,36,11-62,160,2,1,1,0,0.3658674657344818,0.9989448245614767,0.9344093203544617,1.6665198802947994,2.556529998779297,0.55625,0.33125,0.55,0.45,0.0,0.0,0.05650395195023037,0.10907096998944166,42.100685119628906,1.0,0.04633138811378817,0.25001650924483937,0.49996709899656533,0,160,161
2,37,11-62,160,3,0,3,0,0.3489818572998047,1.0709475431591273,1.031804621219635,1.8227236270904537,2.3376963138580322,0.6625,0.41875,0.58125,0.41875,0.0,0.0,0.05773082514392287,0.10663705991165051,42.83827209472656,1.0,0.0413391797510852,0.25001440693934757,0.49996709807451506,0,161,162
2,38,11-62,160,3,1,2,0,0.3477698266506195,1.0303274163976313,0.9771573841571808,1.6799480617046356,2.3663251399993896,0.525,0.34375,0.6,0.4,0.0,0.0,0.0520917877234995,0.08294521461863757,44.95561981201172,1.0,0.040965837054159876,0.25001296980513465,0.49996710051131577,0,162,163
2,39,11-62,160,2,0,2,0,0.32230761647224426,1.0124295158311725,0.9211994409561157,1.8382674694061272,2.413844108581543,0.525,0.35625,0.6,0.4,0.0,0.0,0.0595691578241397,0.0969826824613409,42.834049224853516,1.0,0.04581667196939131,0.250011605107122,0.4999671018942984,0,163,164
2,40,11-62,160,1,1,0,0,0.32681548595428467,1.004386306554079,0.9306306540966034,1.6881728649139403,2.716963529586792,0.61875,0.45,0.65625,0.34375,0.0,0.0,0.06163477995297301,0.08891443248168851,49.02427673339844,1.0,0.04601169273845626,0.25001006780399215,0.49996710775497644,0,164,165
2,41,11-62,160,2,0,2,0,0.32570669054985046,0.9746616901829839,0.9449384212493896,1.6668921351432797,2.0043869018554688,0.525,0.33125,0.53125,0.46875,0.0,0.0,0.062095194865307235,0.10366691889109636,49.77771759033203,1.0,0.043730810232102645,0.25000868406560683,0.49996711032286645,0,165,166
2,42,11-62,160,1,1,0,0,0.28142714500427246,0.9906135074794292,0.9118436872959137,1.7765563488006588,2.8019907474517822,0.6125,0.35,0.55,0.45,0.0,0.0,0.08255840546277901,0.16578923692985942,44.63690948486328,1.0,0.05246519644540869,0.2500070167912377,0.49996711341728267,0,166,167
2,43,11-62,160,3,0,3,0,0.2769627869129181,1.0319538066163658,0.9675625264644623,1.7567832052707648,3.0203518867492676,0.59375,0.3625,0.56875,0.43125,0.0,0.0,0.07216489933544845,0.12057825397739613,40.4838752746582,1.0,0.04801676826183485,0.25000517070293427,0.4999671170381021,0,167,168
2,44,11-62,160,1,0,1,0,0.30248308181762695,1.014746093377471,0.9799936413764954,1.8632329046726226,2.8929033279418945,0.4875,0.3375,0.6,0.4,0.0,0.0,0.0686872610017146,0.12152477078683677,42.87324905395508,1.0,0.04341669000574778,0.2500029135909345,0.49996712704301455,0,168,169
2,45,11-62,160,3,0,3,0,0.41480857133865356,1.0585665512830018,0.9667660295963287,1.8131425023078906,3.749528169631958,0.6125,0.4,0.625,0.375,0.0,0.0,0.06578115859709661,0.10699196478825823,43.5417366027832,1.0,0.04211736189964997,0.2500009963081943,0.4999671289515603,0,169,170
2,46,11-62,160,3,3,0,1,0.2901214063167572,1.0153085565194488,0.9442575871944427,1.802667969465255,4.805478096008301,0.63125,0.38125,0.5375,0.4625,0.0,0.0,0.06699216733901336,0.11066242383748931,46.11061096191406,1.0,0.044636212632932805,0.2499994064370791,0.4999671400061592,0,170,171
2,47,11-62,160,2,0,2,0,0.2397543042898178,1.0023348863236605,0.9372792840003967,1.5873558044433593,2.562723398208618,0.56875,0.39375,0.60625,0.39375,0.0,0.0,0.05974247086808748,0.08824138548927091,43.63331985473633,1.0,0.04510374358116317,0.24999800696969032,0.4999671390850602,0,171,172
2,48,11-62,160,3,1,2,0,0.3279291093349457,1.0109086252748967,0.9700770080089569,1.6648357570171355,3.3055784702301025,0.55,0.2875,0.51875,0.48125,0.0,0.0,0.0647615515807151,0.09455116256837737,40.021270751953125,1.0,0.04424523170883602,0.24999630285633934,0.4999671369138136,0,172,173
2,49,11-62,160,3,0,3,0,0.3841286599636078,1.0242815101519227,0.9727178812026978,1.722972947359085,2.008692502975464,0.40625,0.2375,0.55,0.45,0.0,0.0,0.0514203556853146,0.07925271828088537,38.32181167602539,1.0,0.04039744244791677,0.24999432803856003,0.49996714428241057,0,173,174
2,50,11-62,160,3,0,3,0,0.3192253112792969,1.0089151168242096,0.9220394492149353,1.7887577891349788,2.7027063369750977,0.60625,0.3875,0.59375,0.40625,0.0,0.0,0.05441746327178267,0.08405988003825521,52.80522918701172,1.0,0.042017006469165036,0.2499923552903864,0.49996769055138657,0,174,175
2,51,11-62,160,2,0,2,0,0.3157210648059845,1.0057275898754596,0.9444398880004883,1.6057687938213348,2.1988935470581055,0.50625,0.3125,0.60625,0.39375,0.0,0.0,0.05197607845611738,0.10333725379858083,40.1672477722168,1.0,0.043321423023153956,0.24999086724387276,0.4999676961429768,0,175,176
2,52,11-62,160,2,0,2,0,0.26025158166885376,0.9794895466417074,0.9318911731243134,1.7316546142101277,2.5809051990509033,0.54375,0.35625,0.58125,0.41875,0.0,0.0,0.05553007379662463,0.12261695994261373,42.30023193359375,1.0,0.04593150061354729,0.2499894868168566,0.4999677014258178,0,176,177
2,53,11-62,160,3,0,3,0,0.34880098700523376,0.9920308513566851,0.9350088536739349,1.6326783180236812,2.1459455490112305,0.58125,0.38125,0.63125,0.36875,0.0,0.0,0.05891037801118483,0.10616391226602095,51.67366027832031,1.0,0.04168365320017056,0.2499883903397454,0.49996770679709746,0,177,178
2,54,11-62,160,3,1,2,0,0.3714584410190582,1.0056691218167544,0.9479222297668457,1.6919333934783936,2.088425874710083,0.51875,0.35,0.60625,0.39375,0.0,0.0,0.05813551533056262,0.1029027862362929,35.05101776123047,1.0,0.04123353390130806,0.24998707489834893,0.4999677091946302,0,178,179
2,55,11-62,160,3,0,3,0,0.2555239796638489,0.9771874858066439,0.9417587518692017,1.5105771422386165,1.922707200050354,0.5625,0.31875,0.55,0.45,0.0,0.0,0.05335332850509854,0.08916193050233262,39.32841491699219,1.0,0.03877203746512376,0.24998581409454346,0.4999677039362727,0,179,180
2,56,11-62,160,4,1,3,0,0.2879643738269806,1.0021197935566306,0.9575383067131042,1.5523774981498715,2.459947347640991,0.525,0.3625,0.5875,0.4125,0.0,0.0,0.049845695167839515,0.07080417625250351,45.607845306396484,1.0,0.04033154651378114,0.24998463152183426,0.4999677035646225,0,180,181
2,57,11-62,160,2,0,2,0,0.3318020701408386,1.0464468074962496,0.9985699355602264,1.764596116542816,2.17457914352417,0.5875,0.425,0.68125,0.31875,0.0,0.0,0.05701598686971086,0.08621746370101718,41.23102569580078,1.0,0.042704107583449946,0.2499846261408594,0.4999676956520334,0,181,182
2,58,11-62,160,3,0,3,0,0.32746222615242004,1.0129293007776141,1.0062847137451172,1.5704464077949511,2.7779195308685303,0.56875,0.34375,0.6,0.4,0.0,0.0,0.05409766540953483,0.07115583877634757,42.35050964355469,1.0,0.03785932881172474,0.2499842515422238,0.49996768949837656,0,182,183
2,59,11-62,160,3,2,1,0,0.2752252519130707,0.9734952146187424,0.9350318908691406,1.6228813171386707,2.229104518890381,0.51875,0.35625,0.575,0.425,0.0,0.0,0.06061486828900862,0.0828626515590209,45.90373229980469,1.0,0.040665302633127745,0.24998374780019125,0.4999676797399953,0,183,184
2,60,11-62,160,4,1,3,0,0.3116651773452759,0.9849896924570203,0.9454751908779144,1.6245530188083621,2.3026468753814697,0.55625,0.31875,0.54375,0.45625,0.0,0.0,0.05444402481829924,0.08098637851267815,39.92768859863281,1.0,0.04169347088486755,0.24998347709576288,0.4999676664959842,0,184,185
2,61,11-62,160,3,1,2,0,0.3357940912246704,0.9962060153484344,0.9610552191734314,1.695748621225357,2.0643599033355713,0.49375,0.325,0.5875,0.4125,0.0,0.0,0.05079270485113663,0.06765222796865367,43.59667205810547,1.0,0.04014339050404328,0.24998320970270368,0.49996765956003797,0,185,186
2,62,11-62,160,3,0,3,0,0.3763038218021393,1.0469124611467122,1.0123443603515625,1.7126258373260497,2.8657612800598145,0.5625,0.3625,0.625,0.375,0.0,0.0,0.05063207755049252,0.06667484153358544,49.234642028808594,1.0,0.04157951583375006,0.2499835387700134,0.49996765062550785,0,186,187
2,63,63-125,160,3,0,3,0,0.348667174577713,0.9881915152072906,0.923849880695343,1.7184241175651542,2.3437211513519287,0.5375,0.34375,0.59375,0.40625,0.0,0.0,0.06099878194181281,0.128604545466513,33.71095657348633,1.0,0.04402184210100364,0.24998357022802034,0.49996764957163004,0,187,188
2,64,63-125,160,2,0,2,0,0.36154618859291077,0.9826786706224084,0.9471604824066162,1.4684364855289436,1.9575837850570679,0.5375,0.2875,0.58125,0.41875,0.0,0.0,0.046938209580089554,0.08306860761775725,39.51178741455078,1.0,0.04355463977673823,0.2499835135208236,0.49996766298469236,0,188,189
2,65,63-125,160,2,0,2,0,0.32425177097320557,0.9877937689423562,0.9389461874961853,1.6405877768993375,3.1547510623931885,0.54375,0.30625,0.5625,0.4375,0.0,0.0,0.053364633463553315,0.10066768145274207,37.45296096801758,1.0,0.04943926577096724,0.24998346633381313,0.4999676707290443,0,189,190
2,66,63-125,160,2,0,2,0,0.3584440052509308,0.99113933686167,0.9807114005088806,1.5085001766681672,2.3919010162353516,0.475,0.3,0.55,0.45,0.0,0.0,0.05042860560115973,0.08373894619612715,44.24208450317383,1.0,0.04599092619481256,0.24998324571384323,0.49996767746664594,0,190,191
2,67,63-125,160,3,0,3,0,0.3684171438217163,0.9883412526920438,0.9195884764194489,1.7094865679740896,2.733135938644409,0.53125,0.35,0.58125,0.41875,0.0,0.0,0.05439634353409869,0.09003528651232912,43.04117202758789,1.0,0.04136886226207449,0.24998238103257286,0.4999676742924127,0,191,192
2,68,63-125,160,4,0,4,0,0.22612158954143524,1.0285625378601253,0.9076991677284241,1.8785009264945984,3.372960090637207,0.68125,0.475,0.6125,0.3875,0.0,0.0,0.09403261743009858,0.216308261503381,41.290775299072266,1.0,0.05348472901733113,0.24998222001724774,0.4999676798750257,0,192,193
2,69,63-125,160,4,0,4,0,0.17051950097084045,0.9925934262573719,0.9178525805473328,1.815859621763228,2.61958909034729,0.5875,0.31875,0.55,0.45,0.0,0.0,0.07726799823012709,0.18368554925245723,36.6343994140625,1.0,0.053018767393810125,0.24998269809616935,0.49996766343141374,0,193,194
2,70,63-125,160,2,0,2,0,0.4402233064174652,1.0182859072461725,0.9600309133529663,1.732693338394165,2.263597249984741,0.54375,0.3375,0.55625,0.44375,0.0,0.0,0.05452519495042292,0.08966961227996684,38.469383239746094,1.0,0.048418474437825036,0.24998342783914673,0.4999676454020983,0,194,195
2,71,63-125,160,2,0,2,0,0.39998912811279297,0.9620149856433272,0.9127303957939148,1.565779638290405,2.1542181968688965,0.58125,0.3875,0.5625,0.4375,0.0,0.0,0.053481058170980256,0.07385450302097907,39.733917236328125,1.0,0.04505759905120211,0.24998370558023453,0.49996762819258583,0,195,196
2,72,63-125,160,2,0,2,0,0.3378174304962158,1.0225511150434614,0.9864243268966675,1.57088369131088,2.3768811225891113,0.425,0.2625,0.55,0.45,0.0,0.0,0.04585170596460836,0.0718939909873299,39.66578674316406,1.0,0.03954543199077772,0.24998400318953726,0.49996760505217896,0,196,197
2,73,63-125,160,1,0,1,0,0.4694250822067261,1.0139260271564126,0.9832336604595184,1.6165676593780507,2.163647174835205,0.575,0.33125,0.58125,0.41875,0.0,0.0,0.044659929349409884,0.0648889510086948,37.41794967651367,1.0,0.0393920404641967,0.24998499494459894,0.4999675818385898,0,197,198
2,74,63-125,160,1,0,1,0,0.4087449908256531,1.039942580088973,1.0095469951629639,1.6173712551593757,2.4351747035980225,0.48125,0.28125,0.55,0.45,0.0,0.0,0.04505028842485838,0.06619039126391646,42.05754470825195,1.0,0.03834601051888721,0.24998633563518524,0.4999675588070025,0,198,199
2,75,63-125,160,0,0,0,0,0.4388856589794159,1.0082716384902597,0.9419936537742615,1.5247702836990356,2.1761298179626465,0.5125,0.35625,0.6375,0.3625,0.0,0.0,0.044976211246298435,0.06762087032731623,48.474266052246094,1.0,0.03847979797341775,0.24998782119817203,0.4999675342508117,0,199,200
2,76,63-125,160,3,0,3,0,0.18057279288768768,0.9929736276157201,0.9340603351593018,1.7937342464923853,2.791247844696045,0.54375,0.35,0.64375,0.35625,0.0,0.0,0.05858965528890396,0.146998686278613,44.72860336303711,1.0,0.042332785744549,0.24998824588126606,0.4999675117767506,0,200,201
2,77,63-125,160,0,0,0,0,0.46696215867996216,1.0351404258981347,0.9975603818893433,1.5582776248455048,2.413041591644287,0.49375,0.25,0.5,0.5,0.0,0.0,0.042921030001404174,0.09578680488681324,37.28957748413086,1.0,0.03635367090749775,0.24998895451426506,0.49996748548244085,0,201,202
2,78,63-125,160,1,0,1,0,0.4005943834781647,0.9887122796848417,0.9528750479221344,1.68746018409729,2.0849900245666504,0.5,0.31875,0.54375,0.45625,0.0,0.0,0.03437440312310767,0.08006555079567534,40.89955139160156,1.0,0.03889776109334919,0.24998975627952152,0.49996745308939583,0,202,203
2,79,63-125,160,1,0,1,0,0.47280946373939514,1.0133698333054781,0.991679310798645,1.4324462831020353,1.6636303663253784,0.45,0.28125,0.50625,0.49375,0.0,0.0,0.029975730661857415,0.04833400872679189,38.641876220703125,1.0,0.036726593948113444,0.24998980636397997,0.499967430608837,0,203,204
2,80,63-125,160,1,0,1,0,0.3935527503490448,1.0101702721789478,0.9811815619468689,1.4551884770393366,1.9912179708480835,0.35625,0.20625,0.56875,0.43125,0.0,0.0,0.030777459904458432,0.09082607640383461,33.87068176269531,1.0,0.04187157181333756,0.2499903134173817,0.4999674062939464,0,204,205
2,81,63-125,160,0,0,0,0,0.2893373668193817,1.0054059462621807,0.9945996999740601,1.5132144987583154,2.204061985015869,0.50625,0.33125,0.55625,0.44375,0.0,0.0,0.04829376921808799,0.1730028633618218,36.59215545654297,1.0,0.04337073933923175,0.2499911809961001,0.4999673939957537,0,205,206
2,82,63-125,160,0,0,0,0,0.42927098274230957,0.9926405237987638,0.9447413086891174,1.5247062146663664,2.828852653503418,0.48125,0.3125,0.6,0.4,0.0,0.0,0.04560133857974695,0.1256892531745603,43.721961975097656,1.0,0.0439670024961407,0.24999219468898243,0.49996738351822256,0,206,207
2,83,63-125,160,0,0,0,0,0.42987319827079773,1.008946093916893,1.0074620842933655,1.517830568552016,2.0549211502075195,0.5,0.34375,0.6375,0.3625,0.0,0.0,0.03965485011028418,0.1372477818354319,43.676734924316406,1.0,0.042855367769346224,0.24999306226770082,0.4999673735071835,0,207,208
2,84,63-125,160,0,0,0,0,0.32289230823516846,1.004932370595634,0.9818258285522461,1.4585148334503168,2.5530331134796143,0.45625,0.28125,0.55,0.45,0.0,0.0,0.03762852156181254,0.09725647225630246,41.4539680480957,1.0,0.04877216657694633,0.24999383630024063,0.4999673600234241,0,208,209
2,85,63-125,160,1,1,0,0,0.4336349666118622,0.9955631159245968,0.9784592390060425,1.6068491518497454,2.1596262454986572,0.4625,0.275,0.55,0.45,0.0,0.0,0.04220277116178133,0.07099483832888909,37.639225006103516,1.0,0.04263284847452088,0.24999426553646723,0.49996735490141064,0,209,210
2,86,63-125,160,0,0,0,0,0.5423032641410828,1.0255611252039671,0.9848491847515106,1.5481884717941279,2.256244421005249,0.44375,0.29375,0.5875,0.4125,0.0,0.0,0.032173349287775,0.044339851537826436,39.81963348388672,1.0,0.041318973443101176,0.24999454907245106,0.49996734759661277,0,210,211
2,87,63-125,160,3,0,3,0,0.4269055426120758,1.0222721582278609,0.9968623518943787,1.4195092558860773,2.246032953262329,0.4375,0.2875,0.58125,0.41875,0.0,0.0,0.03220603359046866,0.058078328882489594,41.5304069519043,1.0,0.04538701007399972,0.2499940921035078,0.4999673306772437,0,211,212
2,88,63-125,160,0,0,0,0,0.3772190511226654,1.0195694634690882,0.984480082988739,1.6221470892429348,2.359203577041626,0.48125,0.31875,0.625,0.36875,0.00625,0.0,0.0483633466192171,0.11016394049352007,44.00059509277344,1.0,0.04968597737375749,0.24999371336566079,0.49996731712420983,0,212,213
2,89,63-125,160,2,0,2,0,0.347249299287796,1.00834139008075,0.9580910205841064,1.5751187324523923,2.36984920501709,0.48125,0.3125,0.5875,0.4125,0.0,0.0,0.038777528765851124,0.08219187483241802,43.14745330810547,1.0,0.04340163443322244,0.24999393108818266,0.4999673064046773,0,213,214
2,90,63-125,160,2,0,2,0,0.46609926223754883,1.0036020481958985,0.9627276957035065,1.4786743521690362,2.1658148765563965,0.5125,0.28125,0.54375,0.45625,0.0,0.0,0.041477356528115905,0.10293160757088454,38.76858901977539,1.0,0.042829846092528316,0.24999424318472543,0.49996730541637013,0,214,215
2,91,63-125,160,2,0,2,0,0.45115137100219727,0.9730875497683883,0.9544984400272369,1.434962099790573,1.8200407028198242,0.51875,0.325,0.5875,0.4125,0.0,0.0,0.03237734448388542,0.0768481001865336,37.78977584838867,1.0,0.04790398292596485,0.2499947730037901,0.4999673160944004,0,215,216
2,92,63-125,160,1,0,1,0,0.44417473673820496,1.00958950240165,0.9526852071285248,1.57058765888214,2.301919937133789,0.46875,0.28125,0.575,0.425,0.0,0.0,0.03643561554940842,0.0721063023105028,40.902099609375,1.0,0.03958160170892944,0.2499950420525339,0.49996732489325824,0,216,217
2,93,63-125,160,3,0,3,0,0.3388661742210388,1.0067046670243145,0.9536522328853607,1.4806836426258088,2.1858866214752197,0.4375,0.28125,0.58125,0.41875,0.0,0.0,0.0384575718131837,0.0678462030156543,39.25712203979492,1.0,0.03572963505004229,0.249994950575961,0.499967331631221,0,217,218
2,94,63-125,160,1,0,1,0,0.3100729286670685,0.9724413011223078,0.9175615310668945,1.526321268081665,1.8952375650405884,0.525,0.3,0.61875,0.38125,0.0,0.0,0.041186409624103124,0.07355364991840191,43.59436798095703,1.0,0.04157787101676688,0.24999503708548015,0.49996734613057886,0,218,219
2,95,63-125,160,2,0,2,0,0.39295026659965515,0.9737294256687165,0.9549497961997986,1.4760602831840506,1.8768151998519897,0.4875,0.2875,0.59375,0.40625,0.0,0.0,0.038317865958882785,0.06485442045996265,45.48094177246094,1.0,0.04300948510730943,0.2499952291448911,0.49996735417408567,0,219,220
2,96,63-125,160,4,0,4,0,0.4975399374961853,0.9966689709573984,0.9524250626564026,1.4226248919963835,1.9827030897140503,0.475,0.2875,0.5,0.5,0.0,0.0,0.03098953869108151,0.05116770842614199,39.75458526611328,1.0,0.037532176442409554,0.24999572171105278,0.499967360044322,0,220,221
2,97,63-125,160,2,1,1,0,0.5531508922576904,1.0184034377336502,0.9825068116188049,1.4104253768920894,2.228356122970581,0.40625,0.2875,0.6375,0.35625,0.00625,0.0,0.02820359225318577,0.04631877844492566,46.57243347167969,1.0,0.03475664837355482,0.2499970876508289,0.4999673549353561,0,221,222
2,98,63-125,160,1,0,1,0,0.5469635725021362,0.9749709609895945,0.9612608551979065,1.4054791212081905,2.0537290573120117,0.3375,0.2,0.53125,0.46875,0.0,0.0,0.025209972658040834,0.05527444719106561,41.591827392578125,1.0,0.03392780572143917,0.2499987528555923,0.49996735558627764,0,222,223
2,99,63-125,160,3,1,2,0,0.2864454984664917,1.0176186392083764,0.9789612591266632,1.5972196340560898,2.897818088531494,0.50625,0.4,0.6625,0.3375,0.0,0.0,0.04874034265879413,0.11751588908509991,46.408348083496094,1.0,0.04349023898230554,0.25000030712948906,0.49996735483219157,0,223,224
2,100,63-125,160,2,0,2,0,0.23261535167694092,1.0057443672791124,0.9448061883449554,1.6115649104118337,2.9554603099823,0.51875,0.31875,0.59375,0.40625,0.0,0.0,0.05447586027219058,0.11914874588918645,49.20100784301758,1.0,0.046422266025987494,0.2500019404623244,0.4999673568813494,0,224,225
2,101,63-125,160,2,0,2,0,0.2514946758747101,1.0249147411435842,0.9412539601325989,1.7341410756111144,2.6306169033050537,0.5625,0.3625,0.58125,0.41875,0.0,0.0,0.05338594909375409,0.09172086963774978,46.16008377075195,1.0,0.04657089419591729,0.25000346038076615,0.49996735640802864,0,225,226
2,102,63-125,160,3,0,3,0,0.374138742685318,0.9778225224465131,0.9219424426555634,1.5278883278369901,2.9145891666412354,0.55625,0.35625,0.575,0.425,0.0,0.0,0.053360563076635545,0.09433203756004721,33.91508483886719,1.0,0.04289535864512947,0.2500051044755512,0.4999673665117179,0,226,227
2,103,63-125,160,3,1,2,0,0.43243783712387085,1.073320729471743,1.0068922638893127,1.8125300943851468,2.883263349533081,0.5375,0.35,0.5875,0.4125,0.0,0.0,0.05545046361489914,0.10376772241579979,33.26372146606445,1.0,0.049561400285971315,0.25000586526261437,0.49996737531213314,0,227,228
2,104,63-125,160,2,0,2,0,0.38370731472969055,1.0554594090208411,1.0036479234695435,1.8113732278347014,2.2920680046081543,0.6125,0.39375,0.59375,0.40625,0.0,0.0,0.06295690271560386,0.11873237786477048,37.15945816040039,1.0,0.05281749182668821,0.2500065176023377,0.49996738694168796,0,228,229
2,105,63-125,160,2,0,2,0,0.3399559557437897,0.9898975679650903,0.933127224445343,1.754138034582138,2.9771180152893066,0.5875,0.35,0.575,0.425,0.0,0.0,0.06738698424155996,0.13260606836279332,42.942169189453125,1.0,0.05133189527430084,0.2500065130492051,0.49996740200817513,0,229,230
2,106,63-125,160,3,0,3,0,0.22826403379440308,0.981267199665308,0.9620001316070557,1.7634789884090423,2.0577378273010254,0.54375,0.3375,0.61875,0.38125,0.0,0.0,0.053814473836170794,0.09432007508941981,42.2102165222168,1.0,0.04683274427442344,0.25000603165891433,0.4999674176785624,0,230,231
2,107,63-125,160,3,0,3,0,0.39158788323402405,1.015336057730019,0.9590493440628052,1.7260496735572812,2.9238696098327637,0.6,0.38125,0.6,0.4,0.0,0.0,0.05617570369564745,0.10498269206570227,39.46853256225586,1.0,0.05514494237738647,0.2500050353507201,0.4999674426733316,0,231,232
2,108,63-125,160,0,0,0,0,0.3829595148563385,0.9941070262342692,0.9221096932888031,1.593801063299178,2.7396955490112305,0.51875,0.34375,0.6,0.4,0.0,0.0,0.055689046461457704,0.13672117207971768,44.748573303222656,1.0,0.05086397024061422,0.2500045974221494,0.4999674823056953,0,232,233
2,109,63-125,160,1,0,1,0,0.3952540457248688,1.0133570704609156,0.9662143886089325,1.6110764980316152,2.6386899948120117,0.5,0.3125,0.55625,0.44375,0.0,0.0,0.052520306254297155,0.15899126584855494,42.788814544677734,1.0,0.047427368791926924,0.2500038180086348,0.4999675175888229,0,233,234
2,110,63-125,160,4,0,4,0,0.3399907350540161,1.0069881074130536,0.9663313329219818,1.727659088373184,2.0468409061431885,0.56875,0.375,0.6,0.4,0.0,0.0,0.05730389523123476,0.13040938069303204,39.64043426513672,1.0,0.05800921382092199,0.25000284363826114,0.49996754627639794,0,234,235
2,111,63-125,160,1,0,1,0,0.29658040404319763,1.0099959945306183,0.9993108808994293,1.4430058360099791,2.85469126701355,0.45,0.29375,0.5875,0.4125,0.0,0.0,0.05389070322801075,0.13893622542996287,41.00135803222656,1.0,0.05851717714097602,0.2500022426247597,0.4999675674405943,0,235,236
2,112,63-125,160,1,0,1,0,0.41834118962287903,0.999633627384901,0.9371325075626373,1.56111301779747,2.548767328262329,0.48125,0.3125,0.6,0.4,0.0,0.0,0.04996972484450411,0.13659657522306234,48.01620864868164,1.0,0.05430193866587447,0.25000110641121864,0.4999675930481482,0,236,237
2,113,63-125,160,0,0,0,0,0.2915697693824768,1.0220032377168535,0.9821329712867737,1.6717179656028744,1.9871293306350708,0.525,0.35625,0.6375,0.3625,0.0,0.0,0.0492622961345827,0.120717297278231,45.12006378173828,1.0,0.047869027255366826,0.2500000980993112,0.49996761604883294,0,237,238
2,114,63-125,160,0,0,0,0,0.4845588505268097,0.9970004698261619,0.9690112471580505,1.5605786859989166,1.9364811182022095,0.41875,0.275,0.6,0.4,0.0,0.0,0.04001323818547829,0.0712038061032727,47.320594787597656,1.0,0.049262914854695125,0.24999943499763808,0.4999676350281861,0,238,239
2,115,63-125,160,2,0,2,0,0.22083446383476257,1.0231219390407205,0.9505785703659058,1.6874615132808655,3.756784200668335,0.475,0.35,0.59375,0.40625,0.0,0.0,0.049852561208243884,0.09925282746269687,46.269264221191406,1.0,0.047079888540178215,0.24999899913867316,0.49996765731525034,0,239,240
2,116,63-125,160,0,0,0,0,0.35141560435295105,1.0210703551769256,0.9933398962020874,1.5879218339920043,2.087202310562134,0.49375,0.30625,0.5875,0.4125,0.0,0.0,0.04654093397392464,0.08638183156930002,39.92810821533203,1.0,0.04276563768971505,0.24999838777714306,0.49996767890273835,0,240,241
2,117,63-125,160,0,0,0,0,0.3609710931777954,0.9835947776213289,0.9449464976787567,1.5202591598033892,2.361806869506836,0.5875,0.33125,0.54375,0.45625,0.0,0.0,0.05002560818844619,0.1028479461340367,42.91946029663086,1.0,0.045797653305512685,0.24999777972698212,0.49996768875470865,0,241,242
2,118,63-125,160,0,0,0,0,0.29740121960639954,1.0113574773073197,0.9594097435474396,1.6020247280597675,2.1528637409210205,0.525,0.31875,0.56875,0.43125,0.0,0.0,0.05072723569841484,0.09401917067750976,41.639915466308594,1.0,0.04672312033862577,0.24999749205178684,0.4999676931318251,0,242,243
2,119,63-125,160,0,0,0,0,0.19295164942741394,0.9720249259844422,0.9406457841396332,1.589932310581205,3.5608508586883545,0.54375,0.3875,0.6375,0.3625,0.0,0.0,0.08081428131830386,0.19768821507673662,43.455509185791016,1.0,0.05649420578477909,0.2499971700211366,0.49996769615900805,0,243,244
2,120,63-125,160,0,0,0,0,0.36461716890335083,1.0254376742988824,0.9865173995494843,1.5942279458045958,2.098440647125244,0.53125,0.3,0.56875,0.43125,0.0,0.0,0.06317311033535494,0.13036429452999093,35.86643600463867,1.0,0.04870130437875883,0.24999613356259134,0.499967687719847,0,244,245
2,121,63-125,160,1,0,1,0,0.30583587288856506,1.034693651460111,0.9512079358100891,1.7366697132587432,2.8678321838378906,0.48125,0.3,0.53125,0.46875,0.0,0.0,0.059170620179860786,0.12723111649112412,34.88673400878906,1.0,0.04982091697224481,0.2499946914613247,0.499967678617655,0,245,246
2,122,63-125,160,0,0,0,0,0.4743926525115967,1.0105491936206819,0.9532162845134735,1.648898434638977,2.290212869644165,0.45,0.2375,0.55,0.45,0.0,0.0,0.045928259684869716,0.10739714434884512,44.882015228271484,1.0,0.0445153180574784,0.2499932311475277,0.4999676684870679,0,246,247
2,123,63-125,160,0,0,0,0,0.32538631558418274,0.9408495871350169,0.9139699637889862,1.3590598106384266,2.6489202976226807,0.40625,0.25625,0.5625,0.4375,0.0,0.0,0.05026916023943769,0.13201232031380367,44.55673599243164,1.0,0.04478772253339265,0.24999215039942,0.499967664730326,0,247,248
2,124,63-125,160,1,0,1,0,0.3722112774848938,1.0247076792642473,0.9439752101898193,1.961920285224914,3.1525373458862305,0.525,0.38125,0.63125,0.3625,0.00625,0.0,0.05948553728279036,0.17288765204370565,36.43367385864258,1.0,0.04729063693291671,0.24999108579423693,0.4999676624286276,0,248,249
2,125,63-125,160,1,0,1,0,0.13484713435173035,0.903168851044029,0.8496856391429901,1.5442334353923794,2.1236071586608887,0.6125,0.39375,0.60625,0.39375,0.0,0.0,0.07933099896799733,0.22500342637949888,46.34740447998047,1.0,0.05210253413298857,0.24999016026655832,0.49996766362486555,0,249,250
2,126,126-188,160,0,0,0,0,0.2917884588241577,1.0167064245790243,0.9599081575870514,1.9517086386680598,2.644688367843628,0.56875,0.325,0.5375,0.4625,0.0,0.0,0.08062963773898753,0.17860496593528002,35.71467590332031,1.0,0.05141237033725269,0.24998806541164717,0.4999676758884865,0,250,251
2,127,126-188,160,0,0,0,0,0.28496596217155457,1.1048973578959704,0.9734974205493927,2.0368750333785974,5.085745334625244,0.64375,0.375,0.55625,0.44375,0.0,0.0,0.08602283640215973,0.174567035232934,37.47492218017578,1.0,0.05372311971398813,0.2499864213168621,0.49996768742645414,0,251,252
2,128,126-188,160,0,0,0,0,0.15785740315914154,1.0060919995419682,0.9349786043167114,1.7564109683036795,2.932882070541382,0.58125,0.35625,0.56875,0.425,0.00625,0.0,0.08808375556841577,0.15153958357864256,43.29336166381836,1.0,0.05032368692244896,0.24998530166016686,0.4999677055044584,0,252,253
2,129,126-188,160,1,0,1,0,0.3294075131416321,0.9585956117138267,0.9048184156417847,1.5070666909217834,2.6373515129089355,0.5,0.24375,0.55625,0.44375,0.0,0.0,0.05963272818013689,0.09907534669983142,47.78078842163086,1.0,0.04658032741480904,0.24998329621222284,0.4999677332066701,0,253,254
2,130,126-188,160,0,0,0,0,0.35121434926986694,0.9830272799357772,0.9446738064289093,1.536782646179199,2.131911516189575,0.4625,0.28125,0.53125,0.46875,0.0,0.0,0.041945021506523336,0.06192555785742526,39.836570739746094,1.0,0.04499163364909382,0.24998177794946563,0.49996773434297487,0,254,255
2,131,126-188,160,0,0,0,0,0.39444515109062195,0.9901896080002188,0.9647639989852905,1.6259966492652878,2.0931220054626465,0.575,0.375,0.65,0.35,0.0,0.0,0.047163469398283066,0.06945280643097723,43.748600006103516,1.0,0.0446506122042896,0.2499803693758117,0.4999677325674719,0,255,256
2,132,126-188,160,0,0,0,0,0.3555241823196411,0.9855262679979205,0.9162184596061707,1.5572507083415978,2.4824628829956055,0.575,0.38125,0.59375,0.40625,0.0,0.0,0.05780245873623495,0.09377003862898187,41.8189697265625,1.0,0.04501769716112531,0.24997871079378658,0.49996773140718487,0,256,257
2,133,126-188,160,0,0,0,0,0.36059704422950745,0.9998147159814834,0.9559639692306519,1.545220333337783,1.737437129020691,0.4875,0.28125,0.56875,0.43125,0.0,0.0,0.04438997022168878,0.06629203756377655,39.48097229003906,1.0,0.04630399605123234,0.24997736720575225,0.49996772844130094,0,257,258
2,134,126-188,160,0,0,0,0,0.24809302389621735,1.0243074716068805,0.912461906671524,1.7357902050018275,2.7322566509246826,0.55625,0.3875,0.5875,0.4125,0.0,0.0,0.051226636625715936,0.08075244913838697,45.90928268432617,1.0,0.04407658372021528,0.24997593255506623,0.49996773227631225,0,258,259
2,135,126-188,160,1,0,1,0,0.3972715437412262,1.005248162522912,0.9450552761554718,1.587788254022598,2.0884835720062256,0.53125,0.3625,0.6125,0.3875,0.0,0.0,0.05113127802599633,0.0775701314642529,40.57902145385742,1.0,0.04745862631430654,0.24997550083531273,0.499967734239803,0,259,260
2,136,126-188,160,1,0,1,0,0.29220157861709595,0.9678152158856392,0.9457666575908661,1.5637028574943543,1.7844362258911133,0.5,0.3,0.61875,0.38125,0.0,0.0,0.04847234518361075,0.08511735179747193,38.08702087402344,1.0,0.05462811854792792,0.24997499502367443,0.4999677333635373,0,260,261
2,137,126-188,160,2,0,2,0,0.4268571734428406,1.0295907638967037,0.9489196836948395,1.7078423202037807,2.465240478515625,0.55625,0.3875,0.625,0.375,0.0,0.0,0.054470576971456054,0.13901401995116258,41.250640869140625,1.0,0.056538609042512275,0.24997431453731325,0.49996772925266364,0,261,262
2,138,126-188,160,1,0,1,0,0.29982438683509827,0.9966748356819153,0.9626293480396271,1.619293928146362,1.9511443376541138,0.5375,0.36875,0.625,0.375,0.0,0.0,0.06343853031867548,0.14267080756077044,34.650291442871094,1.0,0.061212050624912265,0.24997370152009857,0.4999677271701005,0,262,263
2,139,126-188,160,0,0,0,0,0.3957027196884155,0.9966222170740366,0.9466798305511475,1.5906077086925505,1.8711336851119995,0.58125,0.35,0.59375,0.40625,0.0,0.0,0.046294856570374285,0.09615156976565892,36.5505256652832,1.0,0.05365974332882196,0.2499738149344921,0.4999677288914054,0,263,264
2,140,126-188,160,0,0,0,0,0.36592942476272583,0.9586031205952168,0.9368398189544678,1.4821523785591124,2.002657651901245,0.45,0.2625,0.5375,0.4625,0.0,0.0,0.0424920400250494,0.08291309580168532,41.3985710144043,1.0,0.05644673763004315,0.24997326731681824,0.49996773543744555,0,264,265
2,141,126-188,160,1,0,1,0,0.5092189908027649,1.0287387557327747,0.9895362555980682,1.4662133395671844,2.975863456726074,0.3625,0.26875,0.54375,0.45625,0.0,0.0,0.034021987960721284,0.05334902408152553,33.405174255371094,1.0,0.0572073044290972,0.249972532192866,0.4999677481752074,0,265,266
2,142,126-188,160,1,0,1,0,0.365083247423172,0.967582555860281,0.9668788015842438,1.3142891228199,1.588882327079773,0.48125,0.3375,0.64375,0.35625,0.0,0.0,0.03269406541129487,0.06551318699560899,36.87430953979492,1.0,0.056397415405101736,0.24997110292315483,0.49996776524602704,0,266,267
2,143,126-188,160,1,0,1,0,0.4189373254776001,0.9860644098371267,0.9097248911857605,1.4826743543148035,2.243337631225586,0.48125,0.3125,0.575,0.425,0.0,0.0,0.036707904848164344,0.06577738136339617,41.542701721191406,1.0,0.050252588300393156,0.24997002507249513,0.4999677782227803,0,267,268
2,144,126-188,160,1,0,1,0,0.49004021286964417,0.9900269756093621,0.9723092615604401,1.3671921491622923,2.570643901824951,0.43125,0.25,0.53125,0.46875,0.0,0.0,0.034571838917525737,0.07672240715099793,42.54996871948242,1.0,0.04840579202896777,0.24996971587340036,0.49996779288944343,0,268,269
2,145,126-188,160,2,0,2,0,0.3286902606487274,0.9646198151633143,0.9810255169868469,1.4490809559822078,1.9043617248535156,0.55625,0.31875,0.5375,0.4625,0.0,0.0,0.041364207211857296,0.09899075319447176,42.6546516418457,1.0,0.04921093971818968,0.2499693756302198,0.49996781059757933,0,269,270
2,146,126-188,160,0,0,0,0,0.46038442850112915,0.9887356141582131,0.9369665086269379,1.5377136945724479,2.27197527885437,0.51875,0.3375,0.58125,0.41875,0.0,0.0,0.04547028514974616,0.10823839233994037,34.6266975402832,1.0,0.047971412813038905,0.24996926676895884,0.4999678322566657,0,270,271
2,147,126-188,160,2,0,2,0,0.29928702116012573,0.9920960610732437,0.9293832778930664,1.5599068224430084,2.9758365154266357,0.56875,0.38125,0.58125,0.41875,0.0,0.0,0.05554557356152621,0.1367582995461777,35.27473068237305,1.0,0.04697849797691857,0.24996866037448248,0.4999678423358819,0,271,272
2,148,126-188,160,1,0,1,0,0.2527235150337219,1.0081746127456426,0.9298831224441528,1.8021813869476315,2.8939781188964844,0.6375,0.41875,0.61875,0.38125,0.0,0.0,0.07171281439211703,0.16941445183389164,41.67670822143555,1.0,0.05672939646791404,0.24996813014149666,0.49996785577538533,0,272,273
2,149,126-188,160,1,1,0,0,0.3328966796398163,0.9655264304950834,0.9125063121318817,1.5467123568058012,1.869011402130127,0.5375,0.33125,0.575,0.425,0.0,0.0,0.054208444422239356,0.11029026475270953,35.60548782348633,1.0,0.059381579458154234,0.24996777375539145,0.49996786446197644,0,273,274
2,150,126-188,160,2,0,2,0,0.26748234033584595,1.008470288105309,0.9348256886005402,1.7836653053760527,3.9481539726257324,0.61875,0.40625,0.5875,0.4125,0.0,0.0,0.06019363550051108,0.11442605463636751,42.46045684814453,1.0,0.058143039556939,0.2499670572578907,0.49996786608177257,0,274,275
2,151,126-188,160,0,0,0,0,0.2748633325099945,0.9865163706243039,0.902715802192688,1.70924218893051,4.00430154800415,0.6,0.34375,0.5375,0.4625,0.0,0.0,0.07086766604626213,0.1647610018530945,38.60405731201172,1.0,0.057923705202200214,0.24996568428145516,0.49996786902539725,0,275,276
2,152,126-188,160,1,0,1,0,0.3058414161205292,0.9920184817165136,0.9238296449184418,1.5111099720001204,3.2207977771759033,0.50625,0.2875,0.55,0.45,0.0,0.0,0.06075908854938923,0.2022226591721209,34.316200256347656,1.0,0.057047698809856176,0.24996486637327406,0.499967862241105,0,276,277
2,153,126-188,160,1,1,0,0,0.15977050364017487,1.023762081656605,0.913846492767334,1.8684949755668638,3.2446537017822266,0.61875,0.43125,0.68125,0.31875,0.0,0.0,0.06811094672008379,0.23775842533689362,45.78921127319336,1.0,0.06432755326707401,0.2499637814859549,0.4999678585002434,0,277,278
2,154,126-188,160,3,0,3,0,0.3890705704689026,1.0376793971285223,1.0166977047920227,1.626283866167068,2.1866226196289062,0.49375,0.31875,0.56875,0.43125,0.0,0.0,0.056392130677760256,0.16107173945783393,32.49012756347656,1.0,0.0639461165691135,0.2499630745086405,0.499967861573892,0,278,279
2,155,126-188,160,4,0,4,0,0.2858908176422119,0.9813410019502044,0.944092869758606,1.6068903088569642,2.1342062950134277,0.51875,0.31875,0.525,0.475,0.0,0.0,0.054971008721940606,0.16698673010166332,38.14608383178711,1.0,0.0560997307791761,0.2499628286394808,0.4999678705907082,0,279,280
2,156,126-188,160,4,0,4,0,0.31720253825187683,0.9591801980510354,0.9491238594055176,1.4502855658531189,1.8798826932907104,0.51875,0.3125,0.55625,0.44375,0.0,0.0,0.050089142900423725,0.10367299653865641,41.9381103515625,1.0,0.05526739920944756,0.24996301159262657,0.49996786967948253,0,280,281
2,157,126-188,160,1,0,1,0,0.36455875635147095,0.990259507112205,0.9741970598697662,1.4388504981994614,2.737240791320801,0.425,0.2625,0.55,0.45,0.0,0.0,0.04105982602327174,0.08933274477149139,35.10011291503906,1.0,0.057731685092527255,0.24996393587854174,0.4999678648008803,0,281,282
2,158,126-188,160,2,0,2,0,0.2634589970111847,0.997612775862217,0.9508393704891205,1.6768954932689664,2.1965560913085938,0.525,0.325,0.58125,0.41875,0.0,0.0,0.06123120506634407,0.16664574818081335,40.66542434692383,1.0,0.05782627259837657,0.2499637102915181,0.4999678727530442,0,282,283
2,159,126-188,160,3,1,2,0,0.3563424050807953,1.024730641208589,0.9712022244930267,1.7217125177383423,3.875615119934082,0.5875,0.4,0.58125,0.41875,0.0,0.0,0.05425632912156201,0.11758055654265565,33.54813766479492,1.0,0.056388019356441804,0.24996347021725443,0.49996786037741486,0,283,284
2,160,126-188,160,2,0,2,0,0.3782529830932617,0.9814437340945006,0.9044405221939087,1.598086184263229,3.1457831859588623,0.58125,0.35625,0.55,0.45,0.0,0.0,0.0640446197111276,0.14142547591000681,31.90361213684082,1.0,0.0654018426022191,0.249963090237644,0.49996784138066835,0,284,285
2,161,126-188,160,4,0,4,0,0.31015297770500183,1.0497221458703279,0.9798736572265625,1.6331877231597878,4.4399261474609375,0.51875,0.35625,0.5625,0.4375,0.0,0.0,0.0649272449926362,0.15944988653483966,38.51570129394531,1.0,0.06076693769863164,0.24996241844362682,0.49996782624027797,0,285,286
2,162,126-188,160,1,0,1,0,0.36042749881744385,1.0531350450590253,1.01271253824234,1.8745477437972997,2.9263341426849365,0.6125,0.40625,0.6125,0.3875,0.0,0.0,0.07458980547869402,0.14528351782001964,44.28165817260742,1.0,0.06039645361149466,0.24996167545517287,0.49996781395814466,0,286,287
2,163,126-188,160,3,0,3,0,0.3752196431159973,0.9676288459450006,0.9470575153827667,1.5338347077369687,2.4053261280059814,0.575,0.325,0.53125,0.46875,0.0,0.0,0.0661417276425397,0.13674404364486975,34.978729248046875,1.0,0.05935738712845273,0.24996115763982138,0.4999677987844799,0,287,288
2,164,126-188,160,2,1,1,0,0.09143906831741333,1.0030699402093888,0.9249444007873535,1.8733903408050532,2.7363064289093018,0.6625,0.3875,0.5375,0.4625,0.0,0.0,0.07773728617924937,0.21005923258061443,40.86687469482422,1.0,0.060987636320036835,0.24996061416135895,0.49996778749253445,0,288,289
2,165,126-188,160,4,0,4,0,0.15439477562904358,1.0686824904754757,0.9498668313026428,2.0848482489585876,5.321451187133789,0.5625,0.35,0.59375,0.40625,0.0,0.0,0.07975065995924811,0.24562374187986347,35.47768020629883,1.0,0.06595108709126686,0.24996013401283157,0.4999677749188756,0,289,290
2,166,126-188,160,2,0,2,0,0.3892064094543457,0.9688146686181426,0.9376696348190308,1.5804549276828765,2.3131179809570312,0.525,0.29375,0.59375,0.40625,0.0,0.0,0.0551539791596163,0.167300385984681,35.66387176513672,1.0,0.05732852850753475,0.24995931113759676,0.49996777071090664,0,290,291
2,167,126-188,160,3,0,3,0,0.42365121841430664,0.9870491396635771,0.9202689528465271,1.5714005768299102,3.1947734355926514,0.49375,0.25625,0.5875,0.4125,0.0,0.0,0.04926321707335761,0.2015158976799395,40.43790817260742,1.0,0.053561196693664694,0.2499579687913259,0.49996776678923444,0,291,292
2,168,126-188,160,2,0,2,0,0.21834416687488556,0.9955149167217314,0.9668503105640411,1.4751489639282225,3.1509804725646973,0.45,0.24375,0.53125,0.46875,0.0,0.0,0.05473532165495203,0.19078225950283018,37.764793395996094,1.0,0.053618542205406836,0.24995693481630749,0.49996776521572656,0,292,293
2,169,126-188,160,3,0,3,0,0.1672830730676651,1.0700716169551014,0.927025556564331,1.7045940995216367,9.361617088317871,0.56875,0.30625,0.55,0.45,0.0,0.0,0.08459272968241109,0.38028432865793094,30.690324783325195,1.0,0.0696533467524665,0.24995639009608162,0.49996775847891445,0,293,294
2,170,126-188,160,2,0,2,0,0.28336140513420105,0.9974494349211455,0.947702556848526,1.704399627447128,2.9594666957855225,0.51875,0.3125,0.54375,0.45625,0.0,0.0,0.07184359197286865,0.3221656013204453,31.900283813476562,1.0,0.05591389215037008,0.24995631393459108,0.49996775191157394,0,294,295
2,171,126-188,160,3,0,3,0,0.3424624800682068,0.9755984352901578,0.9493331611156464,1.5162016212940197,1.895582914352417,0.4875,0.30625,0.55625,0.44375,0.0,0.0,0.05766887442937228,0.2057441964068651,39.71282958984375,1.0,0.04370923367886983,0.24995563386215103,0.4999677467475231,0,295,296
2,172,126-188,160,3,0,3,0,0.07364881038665771,0.9901041585952044,0.9090620577335358,2.097337889671325,3.731454849243164,0.5625,0.34375,0.54375,0.45625,0.0,0.0,0.09110273468822946,0.432161287930012,44.1578254699707,1.0,0.05696583611558604,0.24995567235681745,0.49996774785987974,0,296,297
2,173,126-188,160,4,1,3,0,0.20473162829875946,1.0327822132967412,0.960047036409378,1.7261386156082146,2.5889298915863037,0.58125,0.35,0.5375,0.4625,0.0,0.0,0.0732385910456663,0.45738000011381996,39.09907913208008,1.0,0.05203439169401019,0.24995648198657566,0.4999677476060228,0,297,298
2,174,126-188,160,1,0,1,0,0.33392974734306335,0.9262993831187487,0.8810552656650543,1.545563560724258,2.2091867923736572,0.525,0.28125,0.49375,0.50625,0.0,0.0,0.0523749354123601,0.20667305542443837,34.07257843017578,1.0,0.04688045761817081,0.24995726264185375,0.49996774241198694,0,298,299
2,175,126-188,160,2,0,2,0,0.278309166431427,1.0284051397815346,0.9741261899471283,1.7429877698421474,2.718277931213379,0.55,0.375,0.59375,0.40625,0.0,0.0,0.05769615325400233,0.16103562052592685,40.66108703613281,1.0,0.04973813449621199,0.2499575697713428,0.4999677445204593,0,299,300
2,176,126-188,160,2,0,2,0,0.06553985178470612,0.9886210444383323,0.9072878658771515,1.8589568495750413,3.239851713180542,0.59375,0.35,0.53125,0.46875,0.0,0.0,0.11396741854362105,0.5131921898452444,34.41500473022461,1.0,0.052483986464335976,0.24995810124609205,0.4999677473280978,0,300,301
2,177,126-188,160,3,0,3,0,0.14485996961593628,0.9199860145337879,0.9235129952430725,1.491917079687117,2.302213191986084,0.5125,0.35,0.6,0.4,0.0,0.0,0.10902103417965128,0.39633245500056824,35.10931396484375,1.0,0.054595360900773236,0.24995881153477562,0.499967750122457,0,301,302
2,178,126-188,160,4,0,4,0,0.17296907305717468,1.0562312679365278,0.9700372219085693,1.9461482763290399,7.696629047393799,0.525,0.275,0.5375,0.4625,0.0,0.0,0.09780322143043738,0.45902568582108905,35.00301742553711,1.0,0.05877827553157735,0.249959294580751,0.4999677465674379,0,302,303
2,179,126-188,160,4,0,4,0,0.17086608707904816,0.9970011449418962,0.950249969959259,1.7676697134971615,3.3826048374176025,0.49375,0.31875,0.575,0.425,0.0,0.0,0.07486524971291397,0.26309185403111385,43.35505676269531,1.0,0.05250797825656876,0.2499595909482903,0.49996775380020453,0,303,304
2,180,126-188,160,3,2,1,0,0.1870085448026657,1.06515179509297,0.9853923618793488,1.9980966746807072,3.3781559467315674,0.55,0.35,0.58125,0.41875,0.0,0.0,0.12025774426195672,0.5271937533887356,38.529937744140625,1.0,0.05432947871305417,0.24995977638496292,0.4999677661273477,0,304,305
2,181,126-188,160,3,2,1,0,0.3696300685405731,1.016360797174275,0.9532173573970795,1.7841042459011065,2.446737051010132,0.4625,0.26875,0.56875,0.43125,0.0,0.0,0.0687644444667225,0.26172287032365643,42.56991958618164,1.0,0.05083195674493119,0.24995970270699924,0.4999677804450826,0,305,306
2,182,126-188,160,3,0,3,0,0.1680108606815338,0.9557905847206711,0.9111772775650024,1.5233647644519797,2.639734983444214,0.575,0.33125,0.5125,0.4875,0.0,0.0,0.0728998971043239,0.26773508049785616,33.64017868041992,1.0,0.04938130117424713,0.24996004750331244,0.4999677872127053,0,306,307
2,183,126-188,160,4,0,4,0,0.38899433612823486,0.9861539348959922,0.9432437717914581,1.4994214475154874,1.7949209213256836,0.50625,0.3,0.6,0.4,0.0,0.0,0.0499319993830661,0.14851776804899053,28.538883209228516,1.0,0.04677625666424619,0.24996095937159327,0.49996778622982657,0,307,308
2,184,126-188,160,4,0,4,0,0.39179128408432007,0.9835380423814059,0.9349556863307953,1.4979596138000484,2.017620086669922,0.5,0.2625,0.55,0.45,0.0,0.0,0.04139674554438068,0.09401560466219311,32.51012420654297,1.0,0.050625061403465316,0.24996179342269897,0.4999677900004179,0,308,309
2,185,126-188,160,3,1,2,0,0.2733999192714691,0.9713895685970784,0.9290865361690521,1.5230468571186064,3.3024778366088867,0.51875,0.34375,0.59375,0.40625,0.0,0.0,0.053590764831363435,0.20982689041512786,38.8154411315918,1.0,0.05250085060339425,0.2499618749651644,0.49996778278367743,0,309,310
2,186,126-188,160,3,0,3,0,0.45344188809394836,1.001390058733523,0.9694433510303497,1.4257196009159088,2.505807638168335,0.4375,0.2,0.51875,0.48125,0.0,0.0,0.030308901064560273,0.08513992475347137,33.38297653198242,1.0,0.03904421757773693,0.2499614010254542,0.49996777501576006,0,310,311
2,187,126-188,160,4,0,4,0,0.3566659092903137,1.0052020223811269,0.9390324652194977,1.5841036021709436,3.2646238803863525,0.45625,0.29375,0.5125,0.4875,0.0,0.0,0.04460856857412226,0.23708876836649556,29.7375545501709,1.0,0.04860383602003517,0.2499609821372562,0.4999677786172208,0,311,312
2,188,126-188,160,3,1,2,0,0.044253040105104446,0.9557157789589837,0.9326701462268829,1.5138390421867363,2.1334328651428223,0.51875,0.33125,0.5625,0.4375,0.0,0.0,0.054758123970169104,0.4725192463390754,34.6998291015625,1.0,0.045754637052112204,0.2499597705900669,0.4999677930035132,0,312,313
2,189,189-250,160,3,2,1,0,0.40485867857933044,1.0277987999841571,0.987265944480896,1.5082071006298061,2.108745574951172,0.5,0.34375,0.56875,0.43125,0.0,0.0,0.04053969102701427,0.25699998151156717,41.17086410522461,1.0,0.03637578941912056,0.24995829951432016,0.49996780521345524,0,313,314
2,190,189-250,160,4,0,4,0,0.43638378381729126,1.0122528344392776,0.9293648600578308,1.5990405321121213,3.547232151031494,0.54375,0.35,0.55,0.45,0.0,0.0,0.04109453040038371,0.08170627521898977,36.755226135253906,1.0,0.0488903704446595,0.24995731314023337,0.4999678207556307,0,314,315
2,191,189-250,160,3,0,3,0,0.3101370334625244,0.9968756310641765,0.9463473558425903,1.604111939668654,2.4389734268188477,0.39375,0.25,0.60625,0.39375,0.0,0.0,0.04341364092140487,0.1023206841864453,32.64870071411133,1.0,0.055227543554221985,0.2499561400877105,0.49996783601614825,0,315,316
2,192,189-250,160,3,1,2,0,0.42049065232276917,1.0061523446813225,0.9614257216453552,1.5025867938995348,2.14674711227417,0.43125,0.25625,0.55,0.45,0.0,0.0,0.03685239156808894,0.06181366534319038,30.818998336791992,1.0,0.040634795292780905,0.24995484120315975,0.499967850917843,0,316,317
2,193,189-250,160,2,1,1,0,0.4614875614643097,0.9990252560004592,0.9690551459789276,1.6002290725708006,1.9789297580718994,0.45625,0.275,0.65,0.34375,0.00625,0.0,0.03829200520315505,0.08700168471243191,41.58469772338867,1.0,0.046604092033782935,0.2499536457988951,0.499967860434324,0,317,318
2,194,189-250,160,4,2,2,0,0.3906460702419281,1.0068304911255836,0.9785832762718201,1.6332366943359364,2.013509750366211,0.425,0.30625,0.6125,0.3875,0.0,0.0,0.04326632804931588,0.06357301181315606,31.358186721801758,1.0,0.06009248518757117,0.24995303981833988,0.4999678697339274,0,318,319
2,195,189-250,160,3,1,2,0,0.5787583589553833,1.0083031576126813,0.9591417014598846,1.5126474440097797,2.1457676887512207,0.54375,0.3625,0.55,0.45,0.0,0.0,0.039761130382780355,0.05323622472519984,33.35528564453125,1.0,0.0567756572450873,0.24995167553424835,0.4999678733364366,0,319,320
2,196,189-250,160,4,0,4,0,0.444409042596817,0.9994952576234937,0.9543723165988922,1.5623782098293297,2.5499281883239746,0.55,0.34375,0.625,0.375,0.0,0.0,0.044631857693441246,0.06008482177519597,39.457759857177734,1.0,0.04990246392500904,0.24994971147841877,0.4999678671653649,0,320,321
2,197,189-250,160,2,1,1,0,0.42733895778656006,1.0049979984760284,0.9678759872913361,1.5589542269706724,2.267120599746704,0.55,0.3375,0.6,0.4,0.0,0.0,0.05119091910540212,0.07683378877622826,44.38776779174805,1.0,0.05378606279039159,0.24994750610656208,0.49996783763902,0,321,322
2,198,189-250,160,2,0,2,0,0.4445275068283081,1.0028848538175226,0.9700518846511841,1.4255828261375414,1.978697657585144,0.4375,0.2625,0.53125,0.46875,0.0,0.0,0.04592170618841886,0.07357504495925571,37.854496002197266,1.0,0.06892475733434875,0.24994594189855787,0.4999678168214119,0,322,323
2,199,189-250,160,3,0,3,0,0.3667651116847992,1.0055718975141645,0.9548010230064392,1.5798827588558195,2.7381832599639893,0.5375,0.3,0.55,0.45,0.0,0.0,0.046406045533726036,0.09691292563677123,34.60403823852539,1.0,0.05756570826675949,0.24994536199503475,0.4999677938573931,0,323,324
2,200,189-250,160,2,0,2,0,0.44236016273498535,0.9912601161748171,0.9567934572696686,1.4707493841648098,1.8673641681671143,0.4,0.2875,0.59375,0.40625,0.0,0.0,0.03439651246836177,0.0655999915765394,42.30709457397461,1.0,0.04259512320090323,0.24994496380289397,0.49996776628266393,0,324,325
2,201,189-250,160,3,0,3,0,0.49398893117904663,1.0142878524959087,1.0148570537567139,1.3907173097133634,1.7362395524978638,0.45,0.25625,0.55625,0.44375,0.0,0.0,0.0296800825281488,0.047202475266815425,36.107757568359375,1.0,0.04732536873811766,0.24994468440612158,0.49996774613947514,0,325,326
2,202,189-250,160,3,0,3,0,0.3672521412372589,1.0008284574374557,0.9860870540142059,1.466443884372711,2.4396049976348877,0.3875,0.23125,0.65,0.35,0.0,0.0,0.032264813458675004,0.062264255924594114,41.02351760864258,1.0,0.048988913092236165,0.24994463101029396,0.49996772870818385,0,326,327
2,203,189-250,160,2,0,2,0,0.36045965552330017,0.9840072367340327,0.9859316349029541,1.3563714504241944,2.4070231914520264,0.4,0.25,0.5625,0.4375,0.0,0.0,0.03762813869326483,0.1230575361967231,37.53204345703125,1.0,0.045304842752002014,0.24994507431983948,0.4999677009575614,0,327,328
2,204,189-250,160,1,0,1,0,0.5041811466217041,0.9779980573803186,0.9642728865146637,1.3138482213020322,1.838085651397705,0.36875,0.225,0.525,0.475,0.0,0.0,0.028321197238450013,0.07209444106039631,38.16735076904297,1.0,0.044850504083715305,0.24994561738438076,0.4999676818837737,0,328,329
2,205,189-250,160,4,0,4,0,0.29217565059661865,0.9635458935052157,0.9221751987934113,1.3931683123111722,2.284480094909668,0.43125,0.26875,0.5875,0.4125,0.0,0.0,0.030652896355029907,0.08406273094545508,37.50229263305664,1.0,0.05152491440296219,0.24994571465584967,0.4999676764973092,0,329,330
2,206,189-250,160,2,0,2,0,0.36929550766944885,1.006140374019742,0.9586890637874603,1.4982935249805451,2.0400660037994385,0.33125,0.21875,0.54375,0.45625,0.0,0.0,0.029349221494603905,0.07321876249768933,36.99116516113281,1.0,0.049269988344534325,0.2499452419579029,0.4999676597490952,0,330,331
2,207,189-250,160,2,0,2,0,0.48156923055648804,1.0193636801093817,1.0151612162590027,1.4376473069190976,2.215207815170288,0.40625,0.2875,0.63125,0.36875,0.0,0.0,0.033839514502525966,0.07625091765345282,33.71072769165039,1.0,0.04465147384769299,0.24994489467806286,0.49996764221420187,0,331,332
2,208,189-250,160,3,0,3,0,0.47571712732315063,1.0179207477718593,0.9907006025314331,1.4623113274574269,1.8159524202346802,0.28125,0.175,0.53125,0.46875,0.0,0.0,0.02162925558871572,0.07245026396914844,29.660615921020508,1.0,0.04457229246749175,0.24994463680518997,0.49996762792069194,0,332,333
2,209,189-250,160,2,0,2,0,0.5706790089607239,1.0279493376612663,1.0008345246315002,1.4727771103382103,2.3061575889587402,0.3375,0.21875,0.6125,0.3875,0.0,0.0,0.022987422514602895,0.05452577890072985,30.36811637878418,1.0,0.05066420097055447,0.24994480692678028,0.49996760874619117,0,333,334
2,210,189-250,160,3,0,3,0,0.48335468769073486,0.9913825988769531,0.9742092788219452,1.395332223176956,1.5348204374313354,0.28125,0.2,0.55,0.44375,0.00625,0.0,0.018263381154873765,0.0326387849052438,39.46929168701172,1.0,0.045804550799042776,0.24994494683212704,0.49996759840756133,0,334,335
2,211,189-250,160,1,0,1,0,0.5586455464363098,1.0261722665280104,0.9907698333263397,1.5138087213039397,2.377504587173462,0.43125,0.28125,0.575,0.41875,0.00625,0.0,0.027051716239779228,0.05531681353727674,35.74311447143555,1.0,0.047995235993579514,0.2499452411300606,0.4999675825366783,0,335,336
2,212,189-250,160,2,0,2,0,0.2453433722257614,0.9917420196346939,0.9846380949020386,1.548833793401717,2.1072328090667725,0.45625,0.3,0.58125,0.41875,0.0,0.0,0.0448551110841038,0.12691828842797248,39.33052444458008,1.0,0.055040388770090244,0.2499458355208238,0.4999675673752796,0,336,337
2,213,189-250,160,3,1,2,0,0.46097511053085327,1.004166535101831,0.9487226009368896,1.514952790737152,2.1601955890655518,0.44375,0.275,0.5625,0.4375,0.0,0.0,0.045030601956561694,0.12594232372795872,33.1915168762207,1.0,0.04784072031201993,0.24994572500387827,0.4999675449152178,0,337,338
2,214,189-250,160,3,0,3,0,0.37661996483802795,0.9981830393895507,0.9635294377803802,1.4303793013095845,1.8725662231445312,0.30625,0.1875,0.475,0.525,0.0,0.0,0.03282348186176136,0.07340142011798145,35.514095306396484,1.0,0.044272110683601755,0.24994500229756036,0.4999675234196337,0,338,339
2,215,189-250,160,3,0,3,0,0.3561466336250305,0.999624821357429,0.9558094441890717,1.6032743692398068,2.129316806793213,0.46875,0.29375,0.5,0.5,0.0,0.0,0.03478204788096942,0.13660729840297997,32.92168426513672,1.0,0.04549933239726496,0.24994439507524172,0.49996751136392426,0,339,340
2,216,189-250,160,3,0,3,0,0.35749971866607666,0.9582593720406294,0.9348586797714233,1.4348378777503952,1.933181881904602,0.4375,0.2875,0.56875,0.43125,0.0,0.0,0.041515187087556624,0.1557561453688091,35.805908203125,1.0,0.04908648018858159,0.24994326175914872,0.4999675006736034,0,340,341
2,217,189-250,160,3,0,3,0,0.4611241817474365,0.9740537637844682,0.9133285582065582,1.5694279193878173,2.4244418144226074,0.5,0.31875,0.60625,0.39375,0.0,0.0,0.046805100339535805,0.20028073937540913,29.638442993164062,1.0,0.05047715146858514,0.2499415245321062,0.4999674857413936,0,341,342
2,218,189-250,160,3,1,2,0,0.4561767578125,0.9925912540405989,0.9786481559276581,1.3124628484249115,1.7201275825500488,0.33125,0.20625,0.50625,0.49375,0.0,0.0,0.02758913351292257,0.09322630836334489,39.84353256225586,1.0,0.04496922676261233,0.24994020039836565,0.4999674730869559,0,342,343
2,219,189-250,160,4,0,4,0,0.5750967860221863,0.9905854117125272,0.9570852518081665,1.377476567029953,1.8888698816299438,0.36875,0.25625,0.55625,0.44375,0.0,0.0,0.029191543358859075,0.06799621246545545,33.453697204589844,1.0,0.05127603580833213,0.24993857617179552,0.49996745788319674,0,343,344
2,220,189-250,160,4,2,2,0,0.4959580600261688,1.0384416257962585,1.0335102081298828,1.4456914663314817,1.8354545831680298,0.3625,0.225,0.54375,0.45625,0.0,0.0,0.026794182209007318,0.0444684382571795,34.27302551269531,1.0,0.04335223123922499,0.2499366891052988,0.49996745018119504,0,344,345
2,221,189-250,160,4,0,4,0,0.48015061020851135,1.0205668387934566,1.0004422068595886,1.4894172728061674,1.8139411211013794,0.40625,0.3,0.625,0.36875,0.00625,0.0,0.03648416531247071,0.08424449416052099,35.42195510864258,1.0,0.04294227157161496,0.24993502721190453,0.49996744084539124,0,345,346
2,222,189-250,160,2,0,2,0,0.29981979727745056,1.024852609448135,0.9856546819210052,1.415855002403259,3.308072090148926,0.425,0.2625,0.625,0.375,0.0,0.0,0.04676887965879198,0.1779020994461143,39.608154296875,1.0,0.049488915208602366,0.2499334253370762,0.4999674344461479,0,346,347
2,223,189-250,160,3,1,2,0,0.4510977268218994,1.0546010557562113,1.0019972622394562,1.5517185449600215,3.232567310333252,0.3875,0.2625,0.6,0.4,0.0,0.0,0.03336506528266894,0.10023640445676435,30.53998374938965,1.0,0.04742471597314433,0.2499322775337431,0.4999674307236601,0,347,348
2,224,189-250,160,3,0,3,0,0.2531648576259613,1.0427901891991496,1.0133079290390015,1.5489593327045432,3.6957807540893555,0.4,0.2375,0.5625,0.4375,0.0,0.0,0.04385588887312039,0.19551491039459962,38.492515563964844,1.0,0.059007497892196864,0.24993078038096428,0.49996742863368815,0,348,349
2,225,189-250,160,2,0,2,0,0.34799131751060486,1.0015592796728015,0.9781552851200104,1.5757042586803434,2.4418745040893555,0.4,0.24375,0.5625,0.4375,0.0,0.0,0.040136141958728166,0.1390013802557225,32.34250259399414,1.0,0.05496218496212717,0.2499292708105511,0.4999674190967819,0,349,350
2,226,189-250,160,3,0,3,0,0.3939472734928131,1.0238566813990473,0.9652499258518219,1.6465645730495453,1.846645712852478,0.48125,0.3375,0.6375,0.3625,0.0,0.0,0.0463371503613905,0.14971408792400875,36.234901428222656,1.0,0.05030463550232939,0.24992803732554117,0.49996740890410873,0,350,351
2,227,189-250,160,3,0,3,0,0.47515445947647095,0.9849619178101421,0.9371199607849121,1.511689931154251,1.7885174751281738,0.43125,0.21875,0.45,0.55,0.0,0.0,0.029749104416935918,0.0647868600647808,33.359893798828125,1.0,0.04816381880818028,0.24992658611800936,0.49996739648639066,0,351,352
2,228,189-250,160,4,1,3,0,0.48226460814476013,1.0014845991507173,0.9788073003292084,1.4181130111217493,2.023219347000122,0.33125,0.20625,0.5375,0.4625,0.0,0.0,0.027339955303162765,0.04892885877334402,27.591093063354492,1.0,0.052969738416562925,0.24992580380704668,0.49996737870263086,0,352,353
2,229,189-250,160,3,0,3,0,0.4855809509754181,1.0034689558669925,0.9842587411403656,1.429374885559082,1.762304425239563,0.34375,0.225,0.56875,0.43125,0.0,0.0,0.023466075375523133,0.04082720519214228,35.197044372558594,1.0,0.059057458073709074,0.24992488945523897,0.4999673603220064,0,353,354
2,230,189-250,160,4,1,3,0,0.4166592061519623,0.9708268875256181,0.9656572043895721,1.3378065824508658,1.7216620445251465,0.34375,0.24375,0.58125,0.41875,0.0,0.0,0.025776252140400142,0.05434833608260514,34.406036376953125,1.0,0.04583255783361092,0.2499241613679462,0.4999673406891034,0,354,355
2,231,189-250,160,4,1,3,0,0.4642437994480133,1.0038464909419418,0.9918044209480286,1.4175013482570646,1.7578721046447754,0.375,0.24375,0.5875,0.4125,0.0,0.0,0.025312792358704837,0.057174065885885805,36.46296691894531,1.0,0.03606017730821853,0.2499244101345539,0.4999673179681885,0,355,356
2,232,189-250,160,3,1,2,0,0.2602252662181854,0.9649435624480247,0.9226174652576447,1.4541265964508052,1.8473573923110962,0.3875,0.225,0.55625,0.44375,0.0,0.0,0.03581201969350081,0.09561354663550914,32.36388397216797,1.0,0.051224852505277786,0.24992361375027233,0.4999672939234763,0,356,357
2,233,189-250,160,3,2,1,0,0.4132044017314911,1.0090025212615727,0.9627592265605927,1.456895905733107,2.8921916484832764,0.4625,0.33125,0.59375,0.40625,0.0,0.0,0.048982564243778594,0.10712292541717022,36.95378112792969,1.0,0.061258139743172776,0.2499229953520828,0.4999672729461122,0,357,358
2,234,189-250,160,3,0,3,0,0.2940032482147217,0.9687162466347218,0.9303776025772095,1.4969825029373167,2.2021820545196533,0.45,0.25625,0.55,0.45,0.0,0.0,0.04553501132835841,0.09536519415701605,40.89468002319336,1.0,0.0654700090500553,0.24992259426249397,0.49996724972693085,0,358,359
2,235,189-250,160,4,1,3,0,0.3874038755893707,1.0006075423210858,0.9591003358364105,1.5840437352657315,2.2447116374969482,0.51875,0.3125,0.5875,0.4125,0.0,0.0,0.05237510137803365,0.09204732806386234,34.61511993408203,1.0,0.05040421995146208,0.24992212073670494,0.49996722603457333,0,359,360
2,236,189-250,160,4,1,3,1,0.37747830152511597,1.0308719793334604,0.9967527389526367,1.5725481569766997,2.573012590408325,0.3875,0.2125,0.48125,0.51875,0.0,0.0,0.031018495119255113,0.08762873692328044,34.780208587646484,1.0,0.04088172529323227,0.2499214762614833,0.49996720265647465,0,360,361
2,237,189-250,160,4,0,4,0,0.36103513836860657,0.9973797364160418,0.9571424424648285,1.5613164246082303,2.8930370807647705,0.48125,0.30625,0.6125,0.3875,0.0,0.0,0.040427689132645356,0.07592462588496512,38.215084075927734,1.0,0.04815901895215667,0.24992094313104948,0.49996718754530933,0,361,362
2,238,189-250,160,4,0,4,0,0.41294291615486145,1.0588151909410954,1.0239725708961487,1.780141085386276,2.924412727355957,0.4875,0.31875,0.575,0.425,0.0,0.0,0.049451347007838,0.06982123112804517,37.48878860473633,1.0,0.052302317145934155,0.24992060412963232,0.49996717052192596,0,362,363
2,239,189-250,160,3,0,3,0,0.23762628436088562,0.9719801153987646,0.9214094877243042,1.5392108678817746,2.132936477661133,0.5,0.31875,0.575,0.425,0.0,0.0,0.05017100094773661,0.08702452430897123,30.636037826538086,1.0,0.0468671999920938,0.24992001677552858,0.4999671554642753,0,363,364
2,240,189-250,160,2,0,2,0,0.36077630519866943,1.0149535253643989,0.9787424504756927,1.6010481774806975,1.9047986268997192,0.4625,0.26875,0.5875,0.4125,0.0,0.0,0.04417855159835128,0.07648836245483953,34.84971237182617,1.0,0.03814806481916469,0.2499197560052077,0.4999671533596943,0,364,365
2,241,189-250,160,3,1,2,0,0.4567762017250061,1.0127852626144886,0.9785879850387573,1.5837134063243863,2.154907703399658,0.50625,0.28125,0.5375,0.4625,0.0,0.0,0.04260238567947704,0.06099998310073462,32.64202117919922,1.0,0.0423356945800041,0.2499194410112169,0.4999671600018982,0,365,366
2,242,189-250,160,4,0,4,0,0.48210594058036804,1.03411943372339,1.0146364569664001,1.5528683543205253,2.3148093223571777,0.41875,0.25625,0.525,0.475,0.0,0.0,0.03391354884665119,0.061789742513633394,37.479896545410156,1.0,0.05104981710676305,0.24991965956158108,0.49996716716897005,0,366,367
2,243,189-250,160,3,0,3,0,0.4675949513912201,0.9964584823697805,0.9714952409267426,1.4972031354904172,2.2048819065093994,0.45,0.275,0.5875,0.4125,0.0,0.0,0.03782884232597831,0.056693229063787764,38.65160369873047,1.0,0.04139974096464741,0.2499196090632015,0.4999671749263591,0,367,368
2,244,189-250,160,4,1,3,0,0.35861989855766296,0.979321507178247,0.9467469155788422,1.375680750608444,2.1714069843292236,0.4375,0.31875,0.58125,0.41875,0.0,0.0,0.037053802260759626,0.0781210093098435,33.8924674987793,1.0,0.040002326873521815,0.24991917610168457,0.49996718320799816,0,368,369
2,245,189-250,160,3,1,2,0,0.4302653968334198,1.0664031976833939,1.0169650316238403,1.7120775640010828,2.5578205585479736,0.5125,0.33125,0.625,0.375,0.0,0.0,0.038370876425130096,0.09787521474197985,28.462512969970703,1.0,0.04897347197123261,0.2499195569091373,0.4999671903708782,0,369,370
2,246,189-250,160,4,0,4,0,0.40795716643333435,0.9866880930960178,0.9434197843074799,1.5342909872531887,2.413973808288574,0.44375,0.25,0.5125,0.4875,0.0,0.0,0.03458114520247622,0.06685746973379769,31.52627182006836,1.0,0.0471605362375638,0.24992019600338405,0.49996719543011436,0,370,371
2,247,189-250,160,3,1,2,0,0.4803968071937561,0.999723800085485,0.9482431411743164,1.5052228033542618,1.7848974466323853,0.53125,0.35,0.575,0.425,0.0,0.0,0.044172003537300775,0.07262392234034099,34.430721282958984,1.0,0.043987386537979845,0.24992065214448506,0.4999671854424299,0,371,372
2,248,189-250,160,3,1,2,0,0.41054049134254456,0.986344507150352,0.9453170895576477,1.485046780109404,1.8643978834152222,0.48125,0.30625,0.53125,0.46875,0.0,0.0,0.040281650773402275,0.05678285959063001,36.05966567993164,1.0,0.03870125266226412,0.24992060951060718,0.4999671737431266,0,372,373
2,249,189-250,160,3,1,2,0,0.32162243127822876,1.0131798300892114,0.9530812203884125,1.6157256543636314,2.082667350769043,0.425,0.25625,0.575,0.425,0.0,0.0,0.032126711304584464,0.049519393244419285,40.9545783996582,1.0,0.04383525502897826,0.24991995096206665,0.4999671638157306,0,373,374
2,250,189-250,160,4,0,4,0,0.5693292617797852,1.02067756280303,0.9671849310398102,1.550611090660095,1.9488717317581177,0.4375,0.23125,0.54375,0.45625,0.0,0.0,0.028988073072885652,0.0335681476754377,44.646305084228516,1.0,0.04442103043332865,0.24991919183068806,0.49996715039993855,0,374,375
