run_id,seed,epoch,rollout_step,world_index,episode_serial,row_index,visit_sha256,score,tracking_terminated,time_out,raw_advantage,normalized_advantage,delta_logp,ratio,pass61,classification,successor_source,successor_outcome,successor_score,successor_tracking_terminated
candidate_G_seed_0,0,1,35,3,1,143,2f2e15c45e009409eae492e4ee26e6e86aa53e0d3b781a06d93c28754a8806da,0.9813344478607178,False,False,-0.26795530319213867,-1.266867995262146,-2.164407730102539,0.11481791734695435,True,continued_then_tracking_terminated_at62,61,62,1.0410341024398804,True
candidate_G_seed_0,0,1,37,1,1,149,2f2e15c45e009409eae492e4ee26e6e86aa53e0d3b781a06d93c28754a8806da,1.0431411266326904,True,False,-0.3829127252101898,-1.3554826974868774,-1.3418591022491455,0.2613593339920044,False,tracking_terminated_at61,,,,
candidate_G_seed_0,0,2,20,0,0,80,e1a4ac84aadf7475c1a4681de0b72a4a045f0ded73482fce2bbe647e24e482cf,0.9973515272140503,False,False,-0.5852948427200317,-1.2949070930480957,-0.7046642303466797,0.4942744970321655,True,continued_then_tracking_terminated_at62,61,62,1.0520132780075073,True
candidate_G_seed_0,0,2,20,1,0,81,e1a4ac84aadf7475c1a4681de0b72a4a045f0ded73482fce2bbe647e24e482cf,1.0737735033035278,True,False,-0.7638599276542664,-1.444799542427063,-0.6075725555419922,0.5446714162826538,False,tracking_terminated_at61,,,,
candidate_G_seed_0,0,2,33,2,1,134,e1a4ac84aadf7475c1a4681de0b72a4a045f0ded73482fce2bbe647e24e482cf,1.0048075914382935,True,False,-0.6713776588439941,-1.367167353630066,-2.4257330894470215,0.0884132832288742,False,tracking_terminated_at61,,,,
candidate_G_seed_0,0,2,36,3,1,147,e1a4ac84aadf7475c1a4681de0b72a4a045f0ded73482fce2bbe647e24e482cf,1.0313173532485962,True,False,-0.609035313129425,-1.3148354291915894,-0.9425368309020996,0.38963812589645386,False,tracking_terminated_at61,,,,
candidate_G_seed_0,0,3,20,1,0,81,00add95e2ac66eff9697be441529f28c1b4910633a6ace503c5211dc7f678e74,1.0277212858200073,True,False,-0.5616915822029114,-1.2330044507980347,-1.6993739604949951,0.18279792368412018,False,tracking_terminated_at61,,,,
candidate_G_seed_0,0,3,20,2,0,82,00add95e2ac66eff9697be441529f28c1b4910633a6ace503c5211dc7f678e74,1.0289480686187744,True,False,-0.7605913877487183,-1.439380407333374,-0.08581185340881348,0.9177668690681458,False,tracking_terminated_at61,,,,
candidate_G_seed_0,0,4,33,2,1,134,4a514948353ef80e92f55fa3675dbd854837d809bd9f5ae5dc3abf0eb7c0ceb1,1.0251020193099976,True,False,-0.6863813400268555,-1.6202588081359863,-1.4021573066711426,0.24606555700302124,False,tracking_terminated_at61,,,,
candidate_G_seed_0,0,5,20,0,0,80,f8a75b70f58500d8a4e00e044e235dce15f54462af6bfa05c764c84abe030db1,1.0843170881271362,True,False,-0.4544816315174103,-1.5186032056808472,-0.948725700378418,0.3872341513633728,False,tracking_terminated_at61,,,,
candidate_G_seed_0,0,5,20,3,0,83,f8a75b70f58500d8a4e00e044e235dce15f54462af6bfa05c764c84abe030db1,1.0256545543670654,True,False,-0.38211944699287415,-1.397027611732483,-0.6289005279541016,0.5331776738166809,False,tracking_terminated_at61,,,,
candidate_G_seed_0,0,6,20,1,0,81,e1a59d89e716ab026c4fe59be3796f6e143519d2c2c994779863e042959ccee2,1.0371198654174805,True,False,-0.12015224993228912,-1.236290454864502,-1.479657530784607,0.2277156561613083,False,tracking_terminated_at61,,,,
candidate_G_seed_0,0,6,34,2,1,138,e1a59d89e716ab026c4fe59be3796f6e143519d2c2c994779863e042959ccee2,1.0186585187911987,True,False,-0.22665807604789734,-1.4990861415863037,-0.29179930686950684,0.7469184398651123,False,tracking_terminated_at61,,,,
candidate_G_seed_0,0,7,20,0,0,80,74e7dcf9f0419276e61b65127ce082c5c41ff527d7a4ba0b92f97ed9a93989b8,1.0023741722106934,True,False,-0.17208747565746307,-1.1488386392593384,-0.698836088180542,0.4971636235713959,False,tracking_terminated_at61,,,,
candidate_G_seed_0,0,7,34,3,1,139,74e7dcf9f0419276e61b65127ce082c5c41ff527d7a4ba0b92f97ed9a93989b8,0.9866094589233398,False,False,-0.09543859958648682,-0.9784536361694336,-0.5001029968261719,0.6064682006835938,True,continued_then_tracking_terminated_at62,61,62,1.039463758468628,True
candidate_G_seed_0,0,8,20,1,0,81,f509018313f2212867185b795cc001ec287345a58f40c5b54878d9af41350d40,1.0087201595306396,True,False,0.04643753916025162,-0.9972217679023743,0.06957578659057617,1.07205331325531,False,tracking_terminated_at61,,,,
candidate_G_seed_0,0,8,20,3,0,83,f509018313f2212867185b795cc001ec287345a58f40c5b54878d9af41350d40,1.028838872909546,True,False,-0.19278238713741302,-1.5036277770996094,-0.24785053730010986,0.7804765701293945,False,tracking_terminated_at61,,,,
candidate_G_seed_0,0,8,33,0,1,132,f509018313f2212867185b795cc001ec287345a58f40c5b54878d9af41350d40,1.035064697265625,True,False,-0.11565013974905014,-1.3403459787368774,-1.0157575607299805,0.36212798953056335,False,tracking_terminated_at61,,,,
candidate_G_seed_0,0,10,20,2,0,82,1516aeb53f28c833c303b12c1a425adcfb487895b1fad532dc608c6e9ae7ec16,1.0129127502441406,True,False,-0.4038495719432831,-1.3517756462097168,-0.2278604507446289,0.7962353825569153,False,tracking_terminated_at61,,,,
candidate_G_seed_0,0,11,20,0,0,80,013429e7e8910c967c984847017e276e71d2b65fd6dbc2fd8ec66151fef234c7,1.0154428482055664,True,False,-0.2395601123571396,-0.9837988018989563,-0.7512974739074707,0.4717540740966797,False,tracking_terminated_at61,,,,
candidate_G_seed_0,0,11,36,3,1,147,013429e7e8910c967c984847017e276e71d2b65fd6dbc2fd8ec66151fef234c7,1.0442461967468262,True,False,-0.25350770354270935,-1.0254853963851929,-0.42404651641845703,0.6543934345245361,False,tracking_terminated_at61,,,,
candidate_G_seed_0,0,12,20,1,0,81,b3adbb794b4806ae97ae656eb8b331f0edd51758153048b0fca65b8086a19eb7,1.0326849222183228,True,False,-0.598577082157135,-2.0837159156799316,-0.10130691528320312,0.9036556482315063,False,tracking_terminated_at61,,,,
candidate_G_seed_0,0,12,34,0,1,136,b3adbb794b4806ae97ae656eb8b331f0edd51758153048b0fca65b8086a19eb7,1.0508604049682617,True,False,0.08238653838634491,-0.2340637743473053,-0.26864194869995117,0.7644169330596924,False,tracking_terminated_at61,,,,
candidate_G_seed_0,0,13,20,2,0,82,a201e3fb74f2848847a99994de302adc64dcd1abf4fcaae57c3fb3a87a9c99c4,1.048328161239624,True,False,-0.044422753155231476,-0.37426432967185974,0.036042213439941406,1.036699652671814,False,tracking_terminated_at61,,,,
candidate_G_seed_0,0,14,20,2,0,82,c7ec26ba0c61302c5e3ebbfb6599ef5ac0896177c6be04eb1ac10304e80e7bd8,1.0508174896240234,True,False,0.18011724948883057,0.5127472281455994,-0.002368927001953125,0.9976338744163513,False,tracking_terminated_at61,,,,
candidate_G_seed_0,0,15,33,3,1,135,71e89c4e260bba557d60dc83109dbea8a6f75e7672413409cfafa63b7561f154,1.036400318145752,True,False,0.046847276389598846,-0.15027831494808197,-0.20865464210510254,0.811675488948822,False,tracking_terminated_at61,,,,
candidate_G_seed_0,0,16,20,2,0,82,7a2421075d996dd2946e664e8bbaf3d58c52a0f748638eacb744eac2166b95ec,0.9892057776451111,False,False,-0.5130426287651062,-1.4247393608093262,0.5740423202514648,1.775429368019104,True,continued_then_tracking_terminated_at62,61,62,1.025150179862976,True
candidate_G_seed_0,0,16,20,3,0,83,7a2421075d996dd2946e664e8bbaf3d58c52a0f748638eacb744eac2166b95ec,1.0584039688110352,True,False,-0.20177409052848816,-0.5570495128631592,-0.5547728538513184,0.5742026567459106,False,tracking_terminated_at61,,,,
candidate_G_seed_0,0,17,20,0,0,80,8fdccfc36dbd970e0e5a22aa4e222c5aa5c05a4ad73e596fe6e4f445d51fc217,0.9975588917732239,False,False,-0.7799710035324097,-2.367229461669922,-0.550593376159668,0.5766075849533081,True,continued_then_tracking_terminated_at62,61,62,1.0287224054336548,True
candidate_G_seed_0,0,17,20,1,0,81,8fdccfc36dbd970e0e5a22aa4e222c5aa5c05a4ad73e596fe6e4f445d51fc217,1.0135060548782349,True,False,-0.47289010882377625,-1.637671947479248,-0.06688880920410156,0.9352992177009583,False,tracking_terminated_at61,,,,
candidate_G_seed_0,0,17,20,3,0,83,8fdccfc36dbd970e0e5a22aa4e222c5aa5c05a4ad73e596fe6e4f445d51fc217,1.039520502090454,True,False,-0.43140485882759094,-1.5391120910644531,-0.1619129180908203,0.8505152463912964,False,tracking_terminated_at61,,,,
candidate_G_seed_0,0,18,20,0,0,80,719011d890c8500e3269321ae201dd65ec96c64e8799295cab3f0a40c558ea7b,1.0213255882263184,True,False,-0.06784913688898087,-0.3725256323814392,0.27611827850341797,1.31800377368927,False,tracking_terminated_at61,,,,
candidate_G_seed_0,0,18,20,2,0,82,719011d890c8500e3269321ae201dd65ec96c64e8799295cab3f0a40c558ea7b,0.9898858666419983,False,False,-0.48612672090530396,-1.5684967041015625,-0.6261172294616699,0.534663736820221,True,continued_then_tracking_terminated_at62,61,62,1.026574969291687,True
candidate_G_seed_0,0,18,37,3,1,151,719011d890c8500e3269321ae201dd65ec96c64e8799295cab3f0a40c558ea7b,1.0123857259750366,True,False,-0.14880512654781342,-0.6040011644363403,-0.30478906631469727,0.7372788786888123,False,tracking_terminated_at61,,,,
candidate_G_seed_0,0,19,20,0,0,80,61067d3e918d575950d5ad8bc125497135cde5fce24d423ed57c35f6757c456a,1.0433802604675293,True,False,0.06468819081783295,-0.1083388552069664,-0.0725628137588501,0.9300073385238647,False,tracking_terminated_at61,,,,
candidate_G_seed_0,0,19,20,1,0,81,61067d3e918d575950d5ad8bc125497135cde5fce24d423ed57c35f6757c456a,1.0254433155059814,True,False,-0.6269277334213257,-1.835688829421997,-0.8270525932312012,0.43733638525009155,False,tracking_terminated_at61,,,,
candidate_G_seed_0,0,19,20,2,0,82,61067d3e918d575950d5ad8bc125497135cde5fce24d423ed57c35f6757c456a,1.0355687141418457,True,False,-0.5487008094787598,-1.640312671661377,-0.14745807647705078,0.862898588180542,False,tracking_terminated_at61,,,,
candidate_G_seed_0,0,20,20,0,0,80,cad983be8e0ba826babc2228f5a94dad360a9cdedc167b09ed0f6d9c27e2fb21,1.0259207487106323,True,False,-0.7380825281143188,-2.019681930541992,-0.2664155960083008,0.7661206722259521,False,tracking_terminated_at61,,,,
candidate_G_seed_0,0,20,20,1,0,81,cad983be8e0ba826babc2228f5a94dad360a9cdedc167b09ed0f6d9c27e2fb21,1.011668086051941,True,False,-0.2704777717590332,-0.6039426922798157,0.0735774040222168,1.0763518810272217,False,tracking_terminated_at61,,,,
candidate_G_seed_0,0,21,20,1,0,81,0f52bc3d6d1c5013711b95ed4e7f82e1ff30eb0e7067fd9af3f463b49da1fde7,1.0443049669265747,True,False,-0.9409518837928772,-2.4645307064056396,-0.6276506185531616,0.533844530582428,False,tracking_terminated_at61,,,,
candidate_G_seed_0,0,21,35,0,1,140,0f52bc3d6d1c5013711b95ed4e7f82e1ff30eb0e7067fd9af3f463b49da1fde7,1.0564076900482178,True,False,-0.4553343653678894,-1.1567703485488892,-0.4411602020263672,0.6432896256446838,False,tracking_terminated_at61,,,,
candidate_G_seed_0,0,21,38,3,1,155,0f52bc3d6d1c5013711b95ed4e7f82e1ff30eb0e7067fd9af3f463b49da1fde7,1.031197190284729,True,False,-0.07198069244623184,-0.12440506368875504,0.18767547607421875,1.206441879272461,False,tracking_terminated_at61,,,,
candidate_G_seed_0,0,22,20,1,0,81,74e0b1541923aca7b1feab73f6a61af0a49a21dcb0fb7e7df8adec1def357117,1.0366066694259644,True,False,-0.02023943141102791,-0.2360803484916687,0.08621716499328613,1.090043067932129,False,tracking_terminated_at61,,,,
candidate_G_seed_0,0,22,20,2,0,82,74e0b1541923aca7b1feab73f6a61af0a49a21dcb0fb7e7df8adec1def357117,1.0362993478775024,True,False,-0.32213398814201355,-1.064444899559021,-0.029832839965820312,0.9706077575683594,False,tracking_terminated_at61,,,,
candidate_G_seed_0,0,22,20,3,0,83,74e0b1541923aca7b1feab73f6a61af0a49a21dcb0fb7e7df8adec1def357117,1.0373055934906006,True,False,-0.5301763415336609,-1.6352897882461548,-0.3188600540161133,0.7269772887229919,False,tracking_terminated_at61,,,,
candidate_G_seed_0,0,23,20,0,0,80,8bdb43b02904863a0685109559fab80669f9ad5ebb295bf168486c1d50f283bf,1.0291483402252197,True,False,-0.3099963366985321,-1.4720546007156372,-0.22630786895751953,0.7974725365638733,False,tracking_terminated_at61,,,,
candidate_G_seed_0,0,23,20,2,0,82,8bdb43b02904863a0685109559fab80669f9ad5ebb295bf168486c1d50f283bf,1.025207757949829,True,False,-0.4998668134212494,-2.220194101333618,-0.30301952362060547,0.7385846972465515,False,tracking_terminated_at61,,,,
candidate_G_seed_0,0,23,20,3,0,83,8bdb43b02904863a0685109559fab80669f9ad5ebb295bf168486c1d50f283bf,1.025131344795227,True,False,-0.26600295305252075,-1.2987090349197388,-0.7710976600646973,0.4625051021575928,False,tracking_terminated_at61,,,,
candidate_G_seed_0,0,24,20,0,0,80,df0f35fbcd929d3b786fa59567f66d0226c25ed37860a131274c27d4d7dbac38,1.0442603826522827,True,False,-0.22431567311286926,-0.5232398509979248,0.04614686965942383,1.047228217124939,False,tracking_terminated_at61,,,,
candidate_G_seed_0,0,24,20,3,0,83,df0f35fbcd929d3b786fa59567f66d0226c25ed37860a131274c27d4d7dbac38,1.0294691324234009,True,False,-0.4473663568496704,-0.9923239350318909,-0.22779083251953125,0.7962908148765564,False,tracking_terminated_at61,,,,
candidate_G_seed_0,0,24,39,1,1,157,df0f35fbcd929d3b786fa59567f66d0226c25ed37860a131274c27d4d7dbac38,1.029823660850525,True,False,-0.5754729509353638,-1.2617369890213013,-0.36008548736572266,0.697616696357727,False,tracking_terminated_at61,,,,
candidate_G_seed_0,0,25,20,0,0,80,b443e3ce5d1de2362a61e9f4e65832f1002b9b63232b8742b9a6e97cb13e71eb,1.0226843357086182,True,False,-0.421129435300827,-0.7892107367515564,-0.2516636848449707,0.7775061726570129,False,tracking_terminated_at61,,,,
candidate_G_seed_0,0,25,20,1,0,81,b443e3ce5d1de2362a61e9f4e65832f1002b9b63232b8742b9a6e97cb13e71eb,1.0180929899215698,True,False,-0.36862677335739136,-0.655316174030304,-0.5948758125305176,0.5516310930252075,False,tracking_terminated_at61,,,,
candidate_G_seed_0,0,26,20,0,0,80,cf511789d0ef59c1ddd8c84920599d70dbb5a2417c43855a5825582648453428,1.0333372354507446,True,False,-0.21641527116298676,-0.9015562534332275,-0.010970592498779297,0.9890893697738647,False,tracking_terminated_at61,,,,
candidate_G_seed_0,0,26,20,1,0,81,cf511789d0ef59c1ddd8c84920599d70dbb5a2417c43855a5825582648453428,1.0246624946594238,True,False,-0.3890438675880432,-1.4842193126678467,-0.17861318588256836,0.8364293575286865,False,tracking_terminated_at61,,,,
candidate_G_seed_0,0,26,20,3,0,83,cf511789d0ef59c1ddd8c84920599d70dbb5a2417c43855a5825582648453428,1.0182102918624878,True,False,-0.2581697702407837,-1.0424877405166626,-0.32318115234375,0.7238427400588989,False,tracking_terminated_at61,,,,
candidate_G_seed_0,0,26,38,2,1,154,cf511789d0ef59c1ddd8c84920599d70dbb5a2417c43855a5825582648453428,1.0303817987442017,True,False,-0.18185189366340637,-0.7848964929580688,-0.11156272888183594,0.8944352865219116,False,tracking_terminated_at61,,,,
candidate_G_seed_0,0,27,20,1,0,81,8e8eef3e8e2c0576e73677ead477b5eb114c6b85ca2765746eff9e9047fd9dfd,1.0259166955947876,True,False,-0.674019992351532,-1.863793134689331,0.03942108154296875,1.0402084589004517,False,tracking_terminated_at61,,,,
candidate_G_seed_0,0,29,20,1,0,81,cc4c01ab6b1561e49b9b8bc0a0f597e63e3c49b155281600ca7c9f825809e9a7,1.029179573059082,True,False,-0.4692213535308838,-1.2601370811462402,-0.3520054817199707,0.7032762765884399,False,tracking_terminated_at61,,,,
candidate_G_seed_0,0,29,20,2,0,82,cc4c01ab6b1561e49b9b8bc0a0f597e63e3c49b155281600ca7c9f825809e9a7,1.0725589990615845,True,False,-0.36119672656059265,-0.9570557475090027,-0.372326135635376,0.6891294717788696,False,tracking_terminated_at61,,,,
candidate_G_seed_0,0,29,20,3,0,83,cc4c01ab6b1561e49b9b8bc0a0f597e63e3c49b155281600ca7c9f825809e9a7,1.038888931274414,True,False,-0.5592833161354065,-1.512821078300476,-0.41968536376953125,0.6572535634040833,False,tracking_terminated_at61,,,,
candidate_G_seed_0,0,29,38,0,1,152,cc4c01ab6b1561e49b9b8bc0a0f597e63e3c49b155281600ca7c9f825809e9a7,1.054113507270813,True,False,-0.42762523889541626,-1.1434321403503418,-0.08671855926513672,0.91693514585495,False,tracking_terminated_at61,,,,
candidate_G_seed_0,0,30,20,0,0,80,752d81377ff6be0ad34f6f079350c1127d4baa48f9ae439ac9d07e00cc129e7b,1.0277600288391113,True,False,-0.520349383354187,-1.424572467803955,-0.11168956756591797,0.894321858882904,False,tracking_terminated_at61,,,,
candidate_G_seed_0,0,30,20,2,0,82,752d81377ff6be0ad34f6f079350c1127d4baa48f9ae439ac9d07e00cc129e7b,1.0342209339141846,True,False,-0.3039364218711853,-0.7227668166160583,-0.0063419342041015625,0.9936781525611877,False,tracking_terminated_at61,,,,
candidate_G_seed_0,0,30,37,1,1,149,752d81377ff6be0ad34f6f079350c1127d4baa48f9ae439ac9d07e00cc129e7b,1.028456211090088,True,False,-0.5380932092666626,-1.4821139574050903,0.18645143508911133,1.2049660682678223,False,tracking_terminated_at61,,,,
candidate_G_seed_0,0,30,37,3,1,151,752d81377ff6be0ad34f6f079350c1127d4baa48f9ae439ac9d07e00cc129e7b,1.0282503366470337,True,False,-0.3917369246482849,-1.0074950456619263,-0.255770206451416,0.7743198871612549,False,tracking_terminated_at61,,,,
candidate_G_seed_0,0,31,20,0,0,80,aa60f3f9cc8bae4700164220c8d6d13aca277349421c89e027ccbec5d20906cd,1.0327345132827759,True,False,-0.5275014638900757,-1.4003287553787231,-0.46971750259399414,0.625178873538971,False,tracking_terminated_at61,,,,
candidate_G_seed_0,0,31,35,3,1,143,aa60f3f9cc8bae4700164220c8d6d13aca277349421c89e027ccbec5d20906cd,1.0376416444778442,True,False,-0.2582913935184479,-0.709321916103363,-0.03790569305419922,0.9628037214279175,False,tracking_terminated_at61,,,,
candidate_G_seed_0,0,31,38,2,1,154,aa60f3f9cc8bae4700164220c8d6d13aca277349421c89e027ccbec5d20906cd,1.048600196838379,True,False,-0.44527536630630493,-1.189271330833435,0.1270759105682373,1.1355031728744507,False,tracking_terminated_at61,,,,
candidate_G_seed_0,0,33,20,0,0,80,92a9a0eae404a6569d55e430f11b54eae57c54ab7f4401f0e5b911a1e10adc70,1.060680866241455,True,False,-0.3318118751049042,-0.7489693760871887,-0.00014209747314453125,0.9998579025268555,False,tracking_terminated_at61,,,,
candidate_G_seed_0,0,33,20,3,0,83,92a9a0eae404a6569d55e430f11b54eae57c54ab7f4401f0e5b911a1e10adc70,1.0493100881576538,True,False,-0.12894132733345032,-0.27204886078834534,-0.12811279296875,0.8797541260719299,False,tracking_terminated_at61,,,,
candidate_G_seed_0,0,34,20,2,0,82,2b4d380db6b1011a491219a56cca0b721ab3915094e806f8008257b1745cf06b,1.024959683418274,True,False,-0.6432268619537354,-1.0290536880493164,-0.5662627220153809,0.5676429271697998,False,tracking_terminated_at61,,,,
candidate_G_seed_0,0,35,20,1,0,81,3357613730d62717ca16063efee5ffd73faf22cf324842ef922368d384f64ce2,1.028568148612976,True,False,-0.4114725589752197,-1.47581148147583,0.4717698097229004,1.6028283834457397,False,tracking_terminated_at61,,,,
candidate_G_seed_0,0,36,20,1,0,81,3b3a5f8ae4bc594bc7566276d54a66b48052c04f927545974868459d84945865,1.037858009338379,True,False,-0.6886600852012634,-1.7767808437347412,-0.2504005432128906,0.7784888744354248,False,tracking_terminated_at61,,,,
candidate_G_seed_0,0,36,20,2,0,82,3b3a5f8ae4bc594bc7566276d54a66b48052c04f927545974868459d84945865,1.031293272972107,True,False,-0.7018677592277527,-1.8047080039978027,-0.5299601554870605,0.5886284112930298,False,tracking_terminated_at61,,,,
candidate_G_seed_0,0,37,20,0,0,80,48902dbea548d0b280a1631198af7f76106dc066eb34f9649e09c8e21ce8cd2d,1.0170410871505737,True,False,-0.5496659278869629,-2.103389024734497,-0.4448065757751465,0.6409482359886169,False,tracking_terminated_at61,,,,
candidate_G_seed_0,0,37,20,1,0,81,48902dbea548d0b280a1631198af7f76106dc066eb34f9649e09c8e21ce8cd2d,1.032089114189148,True,False,-0.34930068254470825,-1.5973210334777832,-0.33909082412719727,0.712417721748352,False,tracking_terminated_at61,,,,
candidate_G_seed_0,0,37,20,2,0,82,48902dbea548d0b280a1631198af7f76106dc066eb34f9649e09c8e21ce8cd2d,1.027276635169983,True,False,-0.24332988262176514,-1.3296676874160767,0.26158300042152405,1.2989847660064697,False,tracking_terminated_at61,,,,
candidate_G_seed_0,0,37,20,3,0,83,48902dbea548d0b280a1631198af7f76106dc066eb34f9649e09c8e21ce8cd2d,1.032358169555664,True,False,-0.25723427534103394,-1.3647863864898682,-0.0025415420532226562,0.9974616765975952,False,tracking_terminated_at61,,,,
candidate_G_seed_0,0,38,20,0,0,80,62f004e70aa9ae895cacedc97e1546a6b642705c0789d88654e0806cfcf47b62,1.0247808694839478,True,False,-0.3471183180809021,-1.4916071891784668,-0.33861422538757324,0.7127573490142822,False,tracking_terminated_at61,,,,
candidate_G_seed_0,0,38,20,1,0,81,62f004e70aa9ae895cacedc97e1546a6b642705c0789d88654e0806cfcf47b62,1.0604842901229858,True,False,-0.8643577694892883,-2.9109785556793213,-0.5624532699584961,0.5698094367980957,False,tracking_terminated_at61,,,,
candidate_G_seed_0,0,38,20,2,0,82,62f004e70aa9ae895cacedc97e1546a6b642705c0789d88654e0806cfcf47b62,1.0447163581848145,True,False,-0.38955891132354736,-1.608069658279419,0.08306598663330078,1.0866135358810425,False,tracking_terminated_at61,,,,
candidate_G_seed_0,0,39,20,2,0,82,8ca8f28305c66bab52a4f837ed4fa9cd400ee8a0b3164c525dd109d3ef7fdda4,1.030768871307373,True,False,-0.19370046257972717,-0.48110005259513855,-0.4190025329589844,0.6577025055885315,False,tracking_terminated_at61,,,,
candidate_G_seed_0,0,39,20,3,0,83,8ca8f28305c66bab52a4f837ed4fa9cd400ee8a0b3164c525dd109d3ef7fdda4,1.0151623487472534,True,False,-0.31636616587638855,-0.7625464200973511,-0.5544824600219727,0.5743694305419922,False,tracking_terminated_at61,,,,
candidate_G_seed_0,0,39,36,0,1,144,8ca8f28305c66bab52a4f837ed4fa9cd400ee8a0b3164c525dd109d3ef7fdda4,1.022358775138855,True,False,0.0028295814990997314,-0.030177995562553406,-0.5285241603851318,0.5894743204116821,False,tracking_terminated_at61,,,,
candidate_G_seed_0,0,40,20,0,0,80,ba844559c17810d3caba1e4114caa3d797e065515712722461a7d9c9c6784c47,1.0062674283981323,True,False,-0.9147464036941528,-1.8895955085754395,-0.3770866394042969,0.6858566403388977,False,tracking_terminated_at61,,,,
candidate_G_seed_0,0,40,20,2,0,82,ba844559c17810d3caba1e4114caa3d797e065515712722461a7d9c9c6784c47,1.0317217111587524,True,False,-0.34536728262901306,-0.46949633955955505,0.7123136520385742,2.0387027263641357,False,tracking_terminated_at61,,,,
candidate_G_seed_0,0,40,20,3,0,83,ba844559c17810d3caba1e4114caa3d797e065515712722461a7d9c9c6784c47,1.03306245803833,True,False,-0.4626544713973999,-0.7620245218276978,-0.2519698143005371,0.7772681713104248,False,tracking_terminated_at61,,,,
candidate_G_seed_0,0,42,20,1,0,81,98e1c708ee3e127796846f7f53e3393774d6440db3338867370d4832c0748fc3,1.0229021310806274,True,False,-0.6726778745651245,-1.5775678157806396,-1.0785064697265625,0.3401030898094177,False,tracking_terminated_at61,,,,
candidate_G_seed_0,0,42,20,3,0,83,98e1c708ee3e127796846f7f53e3393774d6440db3338867370d4832c0748fc3,1.043122410774231,True,False,-0.08338595926761627,-0.15905515849590302,0.49030113220214844,1.6328078508377075,False,tracking_terminated_at61,,,,
candidate_G_seed_0,0,42,38,2,1,154,98e1c708ee3e127796846f7f53e3393774d6440db3338867370d4832c0748fc3,1.0428311824798584,True,False,-0.5754250288009644,-1.3434659242630005,-0.5764656066894531,0.5618807673454285,False,tracking_terminated_at61,,,,
candidate_G_seed_0,0,43,20,0,0,80,7c86348c17f32cc49bf84db10482ceb566b1f42fdf0638d4cc373827148b23cb,1.0201268196105957,True,False,-0.6381810307502747,-2.1689701080322266,0.062007904052734375,1.0639708042144775,False,tracking_terminated_at61,,,,
candidate_G_seed_0,0,43,20,1,0,81,7c86348c17f32cc49bf84db10482ceb566b1f42fdf0638d4cc373827148b23cb,0.996863603591919,False,False,-0.31631121039390564,-1.2115851640701294,-0.4543874263763428,0.634836733341217,True,continued_then_tracking_terminated_at62,61,62,1.0477752685546875,True
candidate_G_seed_0,0,43,20,3,0,83,7c86348c17f32cc49bf84db10482ceb566b1f42fdf0638d4cc373827148b23cb,1.0424928665161133,True,False,-0.6472296118736267,-2.1958847045898438,0.20473289489746094,1.227197289466858,False,tracking_terminated_at61,,,,
candidate_G_seed_0,0,44,38,1,1,153,887671de312c4c204ea3af74739b4a5475dc63cf5a5751f897a1cf1792bfb864,1.0533185005187988,True,False,-0.07443912327289581,0.14626170694828033,0.09929084777832031,1.1043874025344849,False,tracking_terminated_at61,,,,
candidate_G_seed_0,0,44,38,2,1,154,887671de312c4c204ea3af74739b4a5475dc63cf5a5751f897a1cf1792bfb864,1.007071852684021,True,False,-0.6211509108543396,-1.156541347503662,-0.36456298828125,0.6945000886917114,False,tracking_terminated_at61,,,,
candidate_G_seed_0,0,44,39,3,1,159,887671de312c4c204ea3af74739b4a5475dc63cf5a5751f897a1cf1792bfb864,1.0077991485595703,True,False,-0.6073771119117737,-1.1237186193466187,-0.024548053741455078,0.9757508039474487,False,tracking_terminated_at61,,,,
candidate_G_seed_0,0,45,20,0,0,80,e5f7cee619f49bbf0b4b05ac8307d7bf5bd51cc109ad9257c3f85c892cd55aa8,1.0342234373092651,True,False,-0.6524738669395447,-2.114363431930542,0.07850480079650879,1.081668496131897,False,tracking_terminated_at61,,,,
candidate_G_seed_0,0,45,20,1,0,81,e5f7cee619f49bbf0b4b05ac8307d7bf5bd51cc109ad9257c3f85c892cd55aa8,1.0331642627716064,True,False,-0.9801181554794312,-3.0265605449676514,0.00555419921875,1.0055696964263916,False,tracking_terminated_at61,,,,
candidate_G_seed_0,0,45,20,3,0,83,e5f7cee619f49bbf0b4b05ac8307d7bf5bd51cc109ad9257c3f85c892cd55aa8,1.0170724391937256,True,False,-0.29495635628700256,-1.118996024131775,0.08075332641601562,1.0841034650802612,False,tracking_terminated_at61,,,,
candidate_G_seed_0,0,46,20,1,0,81,f649e186f6463566fc350cd4115b900ac0dd4aa8d478fcfd223b80a46a1d61c3,1.0541456937789917,True,False,-0.5573701858520508,-1.7779567241668701,-0.11966419219970703,0.8872182965278625,False,tracking_terminated_at61,,,,
candidate_G_seed_0,0,46,20,2,0,82,f649e186f6463566fc350cd4115b900ac0dd4aa8d478fcfd223b80a46a1d61c3,0.9991230964660645,False,False,-1.0354642868041992,-3.0557875633239746,-0.6240129470825195,0.5357900261878967,True,continued_then_tracking_terminated_at62,61,62,1.064824104309082,True
candidate_G_seed_0,0,46,20,3,0,83,f649e186f6463566fc350cd4115b900ac0dd4aa8d478fcfd223b80a46a1d61c3,0.9960171580314636,False,False,-0.6907740831375122,-2.1345133781433105,0.054512977600097656,1.0560262203216553,True,continued_then_tracking_terminated_at62,61,62,1.0532028675079346,True
candidate_G_seed_0,0,47,20,0,0,80,a387467d4c2fb887b32ef4f5135c8a9de86520f25f05ded97ff88757bc439c3e,1.0394121408462524,True,False,-0.4164814352989197,-1.5344048738479614,-0.44515854120254517,0.6407226920127869,False,tracking_terminated_at61,,,,
candidate_G_seed_0,0,47,20,3,0,83,a387467d4c2fb887b32ef4f5135c8a9de86520f25f05ded97ff88757bc439c3e,1.033370018005371,True,False,-0.8892503380775452,-2.753739595413208,-0.4040694236755371,0.667597770690918,False,tracking_terminated_at61,,,,
candidate_G_seed_0,0,47,38,2,1,154,a387467d4c2fb887b32ef4f5135c8a9de86520f25f05ded97ff88757bc439c3e,1.017820954322815,True,False,-0.18143752217292786,-0.9281948208808899,-0.18416595458984375,0.8317977786064148,False,tracking_terminated_at61,,,,
candidate_G_seed_0,0,48,20,0,0,80,1a521c0edec4a71afc6d69ba31a5fb50e80e0a8238e7a4fed883572b42c9f2c4,1.028918743133545,True,False,-0.06372715532779694,-0.15544740855693817,-0.1991109848022461,0.8194589614868164,False,tracking_terminated_at61,,,,
candidate_G_seed_0,0,48,20,1,0,81,1a521c0edec4a71afc6d69ba31a5fb50e80e0a8238e7a4fed883572b42c9f2c4,1.0396877527236938,True,False,-0.7376306056976318,-2.5211737155914307,-0.29047489166259766,0.7479082942008972,False,tracking_terminated_at61,,,,
candidate_G_seed_0,0,48,20,3,0,83,1a521c0edec4a71afc6d69ba31a5fb50e80e0a8238e7a4fed883572b42c9f2c4,1.0237957239151,True,False,-0.16612344980239868,-0.5149078369140625,-0.12788105010986328,0.8799580335617065,False,tracking_terminated_at61,,,,
candidate_G_seed_0,0,49,20,0,0,80,068c7e78a205b9a6d8f1dcb04f95a36cd71cbb390fbc18faf528d685ff6525a9,1.0192745923995972,True,False,-0.24395492672920227,-1.3843636512756348,0.40996837615966797,1.506770133972168,False,tracking_terminated_at61,,,,
candidate_G_seed_0,0,49,20,1,0,81,068c7e78a205b9a6d8f1dcb04f95a36cd71cbb390fbc18faf528d685ff6525a9,1.004532814025879,True,False,-0.2537176012992859,-1.4172009229660034,-0.0471043586730957,0.9539878368377686,False,tracking_terminated_at61,,,,
candidate_G_seed_0,0,49,20,2,0,82,068c7e78a205b9a6d8f1dcb04f95a36cd71cbb390fbc18faf528d685ff6525a9,1.0971647500991821,True,False,-0.8754176497459412,-3.508326292037964,-0.1420884132385254,0.8675445318222046,False,tracking_terminated_at61,,,,
candidate_G_seed_0,0,49,20,3,0,83,068c7e78a205b9a6d8f1dcb04f95a36cd71cbb390fbc18faf528d685ff6525a9,1.0166833400726318,True,False,-0.34991270303726196,-1.740759015083313,0.04835700988769531,1.0495452880859375,False,tracking_terminated_at61,,,,
candidate_G_seed_0,0,50,20,0,0,80,54d8ca78f3a81b8b30fe56f017b2b5beb4bdc339b778d2c50d9cc20aa2bc9637,1.0464928150177002,True,False,-0.6369306445121765,-1.1919431686401367,-0.3127298355102539,0.7314475178718567,False,tracking_terminated_at61,,,,
candidate_G_seed_0,0,50,39,1,1,157,54d8ca78f3a81b8b30fe56f017b2b5beb4bdc339b778d2c50d9cc20aa2bc9637,1.0399161577224731,True,False,-0.37815794348716736,-0.49838951230049133,-0.044715166091918945,0.9562698006629944,False,tracking_terminated_at61,,,,
candidate_G_seed_0,0,51,20,0,0,80,b9f1fa3e63e20c6f081e5c4d60fd20be8b1013f1f558f4b5a9ec1d6964bde67e,1.0873664617538452,True,False,-1.187469720840454,-3.1478042602539062,-0.3179140090942383,0.727665364742279,False,tracking_terminated_at61,,,,
candidate_G_seed_0,0,51,20,2,0,82,b9f1fa3e63e20c6f081e5c4d60fd20be8b1013f1f558f4b5a9ec1d6964bde67e,1.00811767578125,True,False,-0.41654953360557556,-1.0211519002914429,-0.15023303031921387,0.8605074286460876,False,tracking_terminated_at61,,,,
candidate_G_seed_0,0,52,20,1,0,81,6dc169521cf85c19e24a5c0a1653d72b849b542a3a44e505bd7178d6e14356ef,1.039601445198059,True,False,-0.8512434959411621,-1.2439018487930298,-0.13557052612304688,0.8732175827026367,False,tracking_terminated_at61,,,,
candidate_G_seed_0,0,52,36,3,1,147,6dc169521cf85c19e24a5c0a1653d72b849b542a3a44e505bd7178d6e14356ef,1.0052934885025024,True,False,-0.7491680979728699,-1.0414438247680664,-0.19777679443359375,0.8205530047416687,False,tracking_terminated_at61,,,,
candidate_G_seed_0,0,52,39,2,1,158,6dc169521cf85c19e24a5c0a1653d72b849b542a3a44e505bd7178d6e14356ef,1.0485289096832275,True,False,-0.27515825629234314,-0.10128551721572876,0.0015544891357421875,1.0015556812286377,False,tracking_terminated_at61,,,,
candidate_G_seed_0,0,53,20,0,0,80,f1de1dc5ab07020f82e4d3d6afe89f1faee576096e135bdbef11ab9e0722a2f0,1.0365722179412842,True,False,-0.5070171356201172,-1.2628473043441772,-0.06727123260498047,0.9349415898323059,False,tracking_terminated_at61,,,,
candidate_G_seed_0,0,54,20,0,0,80,9389bd28727ffa84e639994ac6c06dc253d51abcabaa5a772750022b6764b59f,1.028791904449463,True,False,-0.6332184672355652,-2.129014253616333,-0.6168856620788574,0.5396223664283752,False,tracking_terminated_at61,,,,
candidate_G_seed_0,0,54,20,1,0,81,9389bd28727ffa84e639994ac6c06dc253d51abcabaa5a772750022b6764b59f,1.0096267461776733,True,False,-0.6867455244064331,-2.2756052017211914,-0.13709068298339844,0.8718911409378052,False,tracking_terminated_at61,,,,
candidate_G_seed_0,0,54,20,3,0,83,9389bd28727ffa84e639994ac6c06dc253d51abcabaa5a772750022b6764b59f,1.0421534776687622,True,False,-0.39520496129989624,-1.477182388305664,-0.052659034729003906,0.948703408241272,False,tracking_terminated_at61,,,,
candidate_G_seed_0,0,55,20,0,0,80,6954bc7a8018d7d709473f9987aa33bb2b9296edfbb5b3f42ddf12769dc804b2,1.010381817817688,True,False,-0.5646780729293823,-1.4429652690887451,0.09903478622436523,1.10410475730896,False,tracking_terminated_at61,,,,
candidate_G_seed_0,0,55,20,1,0,81,6954bc7a8018d7d709473f9987aa33bb2b9296edfbb5b3f42ddf12769dc804b2,1.0238436460494995,True,False,-0.7545652985572815,-1.9240599870681763,-0.6596479415893555,0.5170333385467529,False,tracking_terminated_at61,,,,
candidate_G_seed_0,0,55,20,2,0,82,6954bc7a8018d7d709473f9987aa33bb2b9296edfbb5b3f42ddf12769dc804b2,1.030502438545227,True,False,-0.3555999994277954,-0.9132490158081055,-0.061183929443359375,0.940650224685669,False,tracking_terminated_at61,,,,
candidate_G_seed_0,0,55,20,3,0,83,6954bc7a8018d7d709473f9987aa33bb2b9296edfbb5b3f42ddf12769dc804b2,1.0312860012054443,True,False,-0.21504387259483337,-0.5571386814117432,-0.15904617309570312,0.8529569506645203,False,tracking_terminated_at61,,,,
candidate_G_seed_0,0,56,20,0,0,80,755f61b3c5d8008050b6af4e829e0656d3248f1d87baf72cdc0c421783d5bcad,1.039745807647705,True,False,-1.0872278213500977,-2.8059661388397217,-0.581761360168457,0.5589130520820618,False,tracking_terminated_at61,,,,
candidate_G_seed_0,0,56,20,3,0,83,755f61b3c5d8008050b6af4e829e0656d3248f1d87baf72cdc0c421783d5bcad,1.0648975372314453,True,False,-0.3639412224292755,-0.9319602251052856,0.050803184509277344,1.052115797996521,False,tracking_terminated_at61,,,,
candidate_G_seed_0,0,57,20,0,0,80,fb4fcaa381e41d92c912855762658cbce27aaeaa40695fa46a41bcb0ae8d8f2b,1.0081980228424072,True,False,-0.5773484706878662,-1.9062764644622803,-0.06362557411193848,0.9383562803268433,False,tracking_terminated_at61,,,,
candidate_G_seed_0,0,57,20,1,0,81,fb4fcaa381e41d92c912855762658cbce27aaeaa40695fa46a41bcb0ae8d8f2b,1.0506170988082886,True,False,-1.0790542364120483,-3.3854918479919434,-0.4700164794921875,0.6249919533729553,False,tracking_terminated_at61,,,,
candidate_G_seed_0,0,57,39,2,1,158,fb4fcaa381e41d92c912855762658cbce27aaeaa40695fa46a41bcb0ae8d8f2b,1.0448825359344482,True,False,-0.4784528315067291,-1.614695429801941,-0.3210906982421875,0.7253574728965759,False,tracking_terminated_at61,,,,
candidate_G_seed_0,0,57,39,3,1,159,fb4fcaa381e41d92c912855762658cbce27aaeaa40695fa46a41bcb0ae8d8f2b,1.0430501699447632,True,False,-0.2277882993221283,-0.8756431341171265,0.1535506248474121,1.1659668684005737,False,tracking_terminated_at61,,,,
candidate_G_seed_0,0,58,20,1,0,81,2a23c73a9f73a506d718168e3d8439c1d3aeab5201dc180d659cbd12ccb4da7c,1.008144736289978,True,False,-0.8570235371589661,-1.7396708726882935,0.012151718139648438,1.012225866317749,False,tracking_terminated_at61,,,,
candidate_G_seed_0,0,58,20,3,0,83,2a23c73a9f73a506d718168e3d8439c1d3aeab5201dc180d659cbd12ccb4da7c,1.0482317209243774,True,False,0.2485889196395874,0.7245880365371704,-0.1948685646057129,0.8229427933692932,False,tracking_terminated_at61,,,,
candidate_G_seed_0,0,58,37,2,1,150,2a23c73a9f73a506d718168e3d8439c1d3aeab5201dc180d659cbd12ccb4da7c,1.0098086595535278,True,False,-0.8859840035438538,-1.8042198419570923,0.26268625259399414,1.3004186153411865,False,tracking_terminated_at61,,,,
candidate_G_seed_0,0,59,20,0,0,80,2c4defed0bd793dcea28ad84a57ceb3af6bb01cfb7035b0be99ea624cd979ac3,1.0185284614562988,True,False,-0.5740247368812561,-1.7246372699737549,-0.49039173126220703,0.6123864650726318,False,tracking_terminated_at61,,,,
candidate_G_seed_0,0,59,20,1,0,81,2c4defed0bd793dcea28ad84a57ceb3af6bb01cfb7035b0be99ea624cd979ac3,1.030407190322876,True,False,-0.19229060411453247,-0.706318736076355,0.010581016540527344,1.0106371641159058,False,tracking_terminated_at61,,,,
candidate_G_seed_0,0,59,20,3,0,83,2c4defed0bd793dcea28ad84a57ceb3af6bb01cfb7035b0be99ea624cd979ac3,1.052639365196228,True,False,-0.4028569459915161,-1.2680280208587646,-0.06944465637207031,0.93291175365448,False,tracking_terminated_at61,,,,
candidate_G_seed_0,0,60,20,0,0,80,54be238e7c5545647c0067c3cec6c456d0da2a523cbbd077208df4a9be359e7c,1.0567848682403564,True,False,-0.7834559679031372,-2.706388473510742,-0.544518232345581,0.5801212191581726,False,tracking_terminated_at61,,,,
candidate_G_seed_0,0,60,20,1,0,81,54be238e7c5545647c0067c3cec6c456d0da2a523cbbd077208df4a9be359e7c,1.0071793794631958,True,False,-0.2752610743045807,-1.1449980735778809,0.39484310150146484,1.4841513633728027,False,tracking_terminated_at61,,,,
candidate_G_seed_0,0,60,20,3,0,83,54be238e7c5545647c0067c3cec6c456d0da2a523cbbd077208df4a9be359e7c,1.0095542669296265,True,False,-0.9588600397109985,-3.2453038692474365,-0.9030237197875977,0.405342161655426,False,tracking_terminated_at61,,,,
candidate_G_seed_0,0,61,20,2,0,82,5baf1e09c61c7c16dbdd9cc8addf122780e3ca22077231b849400c39418505b6,1.0273981094360352,True,False,-0.3061586916446686,-0.9975036978721619,-0.44665002822875977,0.6397677659988403,False,tracking_terminated_at61,,,,
candidate_G_seed_0,0,62,20,1,0,81,5c6db1cf76fb6207a517c2a373230eb8403ad69e157d4c888a46924e925d6908,1.0315439701080322,True,False,-0.4073543846607208,-1.563185214996338,-0.16651654243469238,0.8466088175773621,False,tracking_terminated_at61,,,,
candidate_G_seed_0,0,63,20,0,0,80,aada2fad1ee3535861b092c7212522dfe12cd203dcd86b121d4ec9485f911db6,1.0108613967895508,True,False,-0.24083243310451508,-0.25006163120269775,-0.29315185546875,0.7459088563919067,False,tracking_terminated_at61,,,,
candidate_G_seed_0,0,63,20,1,0,81,aada2fad1ee3535861b092c7212522dfe12cd203dcd86b121d4ec9485f911db6,0.9990526437759399,False,False,-0.34207239747047424,-0.5702500343322754,0.12935876846313477,1.1380983591079712,True,continued_then_tracking_terminated_at62,61,62,1.0571786165237427,True
candidate_G_seed_0,0,63,20,3,0,83,aada2fad1ee3535861b092c7212522dfe12cd203dcd86b121d4ec9485f911db6,1.0279922485351562,True,False,-0.18636223673820496,-0.0777905061841011,0.3694190979003906,1.4468938112258911,False,tracking_terminated_at61,,,,
candidate_G_seed_0,0,64,20,1,0,81,59afe371081dee50bf58fda53fcf5bf83e864a9e01a648ec8ab4edeb509fd277,1.024218201637268,True,False,-0.14851826429367065,-0.3014794588088989,-0.5278263092041016,0.5898858308792114,False,tracking_terminated_at61,,,,
candidate_G_seed_0,0,64,20,3,0,83,59afe371081dee50bf58fda53fcf5bf83e864a9e01a648ec8ab4edeb509fd277,1.0058881044387817,True,False,-0.29668527841567993,-0.6524515151977539,-0.5243196487426758,0.5919579863548279,False,tracking_terminated_at61,,,,
candidate_G_seed_0,0,64,39,0,1,156,59afe371081dee50bf58fda53fcf5bf83e864a9e01a648ec8ab4edeb509fd277,1.0174973011016846,True,False,-0.3082689046859741,-0.6798903942108154,-0.09403228759765625,0.9102533459663391,False,tracking_terminated_at61,,,,
candidate_G_seed_0,0,65,20,0,0,80,7a32cb02e86e92ad4985efea3a31080e3ca217a95a99fc4501581e16b14716dd,1.0201761722564697,True,False,-0.5191587209701538,-1.58914053440094,0.09114742279052734,1.0954304933547974,False,tracking_terminated_at61,,,,
candidate_G_seed_0,0,65,20,1,0,81,7a32cb02e86e92ad4985efea3a31080e3ca217a95a99fc4501581e16b14716dd,1.0191411972045898,True,False,-0.48974737524986267,-1.482954978942871,0.32794189453125,1.3881083726882935,False,tracking_terminated_at61,,,,
candidate_G_seed_0,0,65,20,2,0,82,7a32cb02e86e92ad4985efea3a31080e3ca217a95a99fc4501581e16b14716dd,1.0314515829086304,True,False,-0.3302152752876282,-0.906987190246582,-0.4101576805114746,0.6635456085205078,False,tracking_terminated_at61,,,,
candidate_G_seed_0,0,65,20,3,0,83,7a32cb02e86e92ad4985efea3a31080e3ca217a95a99fc4501581e16b14716dd,1.0489355325698853,True,False,-0.40928974747657776,-1.1924742460250854,-0.39728403091430664,0.6721431016921997,False,tracking_terminated_at61,,,,
candidate_G_seed_0,0,66,20,0,0,80,8123c551c5781098658e06ebe42ca8795ddfdd07e82ecd6b894d06c3ef536a47,1.023538589477539,True,False,-0.48150187730789185,-1.1964542865753174,-0.3038654327392578,0.737960159778595,False,tracking_terminated_at61,,,,
candidate_G_seed_0,0,66,20,1,0,81,8123c551c5781098658e06ebe42ca8795ddfdd07e82ecd6b894d06c3ef536a47,1.0181981325149536,True,False,-0.48956355452537537,-1.216475486755371,-0.07377767562866211,0.9288781881332397,False,tracking_terminated_at61,,,,
candidate_G_seed_0,0,66,20,3,0,83,8123c551c5781098658e06ebe42ca8795ddfdd07e82ecd6b894d06c3ef536a47,1.017753005027771,True,False,-0.30589139461517334,-0.7603247165679932,-0.08393192291259766,0.9194938540458679,False,tracking_terminated_at61,,,,
candidate_G_seed_0,0,67,20,1,0,81,9d6990298d9bee17afe6131fbeee84893e0b2f36d832eea6e1131ae7ebb98fa6,1.0033109188079834,True,False,-0.38462066650390625,-0.8830074667930603,0.07078385353088379,1.0733492374420166,False,tracking_terminated_at61,,,,
candidate_G_seed_0,0,67,20,2,0,82,9d6990298d9bee17afe6131fbeee84893e0b2f36d832eea6e1131ae7ebb98fa6,1.0334831476211548,True,False,-1.0352107286453247,-2.7785379886627197,-0.1988520622253418,0.8196711540222168,False,tracking_terminated_at61,,,,
candidate_G_seed_0,0,67,20,3,0,83,9d6990298d9bee17afe6131fbeee84893e0b2f36d832eea6e1131ae7ebb98fa6,1.0449061393737793,True,False,-0.5258482694625854,-1.2944819927215576,-0.46286463737487793,0.629477858543396,False,tracking_terminated_at61,,,,
candidate_G_seed_0,0,68,36,3,1,147,09a297aff3e77c750fbcf1a46fa37d182abb0122dde5ee304dc467a7452c4000,1.0066365003585815,True,False,-0.269279807806015,-0.6597210764884949,0.35938358306884766,1.4324461221694946,False,tracking_terminated_at61,,,,
candidate_G_seed_0,0,69,20,0,0,80,3a3ec2571faa8b26e458020399e5b051acbe9d902b9535e162c9efbbe1ac60b5,1.01054048538208,True,False,-0.5219227075576782,-1.3578574657440186,-0.13991069793701172,0.8694358468055725,False,tracking_terminated_at61,,,,
candidate_G_seed_0,0,69,20,2,0,82,3a3ec2571faa8b26e458020399e5b051acbe9d902b9535e162c9efbbe1ac60b5,1.044350266456604,True,False,-0.38267427682876587,-0.983414351940155,-0.09304237365722656,0.9111548662185669,False,tracking_terminated_at61,,,,
candidate_G_seed_0,0,69,37,1,1,149,3a3ec2571faa8b26e458020399e5b051acbe9d902b9535e162c9efbbe1ac60b5,1.0142431259155273,True,False,-0.4653807282447815,-1.2058144807815552,0.22790145874023438,1.255961537361145,False,tracking_terminated_at61,,,,
candidate_G_seed_0,0,70,20,1,0,81,c4217ebf2e1eab90161a1440324182e844d731cf1f58d75790d0e5f8963c487e,1.0097674131393433,True,False,-0.5062943696975708,-1.2487033605575562,-0.38559889793395996,0.6800432205200195,False,tracking_terminated_at61,,,,
candidate_G_seed_0,0,70,20,2,0,82,c4217ebf2e1eab90161a1440324182e844d731cf1f58d75790d0e5f8963c487e,1.0224368572235107,True,False,-0.3349449634552002,-0.7711658477783203,-0.22864532470703125,0.7956106662750244,False,tracking_terminated_at61,,,,
candidate_G_seed_0,0,70,20,3,0,83,c4217ebf2e1eab90161a1440324182e844d731cf1f58d75790d0e5f8963c487e,1.0339218378067017,True,False,-0.4660209119319916,-1.1364643573760986,-0.7137656211853027,0.48979634046554565,False,tracking_terminated_at61,,,,
candidate_G_seed_0,0,71,20,0,0,80,9dc6db4c16c60d6817ba211db49ffeb476b2496e0c178f3f8f62127e85be9b34,1.0337334871292114,True,False,-0.22799763083457947,-0.197616845369339,0.3784465789794922,1.460014820098877,False,tracking_terminated_at61,,,,
candidate_G_seed_0,0,71,20,1,0,81,9dc6db4c16c60d6817ba211db49ffeb476b2496e0c178f3f8f62127e85be9b34,1.0416908264160156,True,False,-0.09138637036085129,0.05503189563751221,-0.03217887878417969,0.96833336353302,False,tracking_terminated_at61,,,,
candidate_G_seed_0,0,71,33,3,1,135,9dc6db4c16c60d6817ba211db49ffeb476b2496e0c178f3f8f62127e85be9b34,1.0384371280670166,True,False,-0.15633641183376312,-0.06508665531873703,0.26115894317626953,1.2984340190887451,False,tracking_terminated_at61,,,,
candidate_G_seed_0,0,72,20,0,0,80,1546a330a19f26bf40b12e274a85a3bf86bde3e822d3668fb0662c91afbccf6e,1.015601634979248,True,False,-0.4102189242839813,-1.1312205791473389,0.19275569915771484,1.212586522102356,False,tracking_terminated_at61,,,,
candidate_G_seed_0,0,72,20,2,0,82,1546a330a19f26bf40b12e274a85a3bf86bde3e822d3668fb0662c91afbccf6e,1.0307255983352661,True,False,-0.7866590619087219,-2.392199993133545,-0.1347503662109375,0.8739340305328369,False,tracking_terminated_at61,,,,
candidate_G_seed_0,0,72,20,3,0,83,1546a330a19f26bf40b12e274a85a3bf86bde3e822d3668fb0662c91afbccf6e,1.0173331499099731,True,False,-0.36327460408210754,-0.9739689826965332,-0.36916542053222656,0.6913110613822937,False,tracking_terminated_at61,,,,
candidate_G_seed_0,0,73,20,0,0,80,f346211756415320179adb93bcf618b8672993e94abaa05a97a57974b0757ad3,1.0360147953033447,True,False,-0.49593931436538696,-1.2232381105422974,0.14734935760498047,1.1587587594985962,False,tracking_terminated_at61,,,,
candidate_G_seed_0,0,73,20,1,0,81,f346211756415320179adb93bcf618b8672993e94abaa05a97a57974b0757ad3,1.0148911476135254,True,False,-0.7369099855422974,-1.836756706237793,-0.45697784423828125,0.6331943869590759,False,tracking_terminated_at61,,,,
candidate_G_seed_0,0,73,20,2,0,82,f346211756415320179adb93bcf618b8672993e94abaa05a97a57974b0757ad3,1.0314940214157104,True,False,-0.2774323523044586,-0.6669126152992249,0.16519784927368164,1.17962646484375,False,tracking_terminated_at61,,,,
candidate_G_seed_0,0,73,20,3,0,83,f346211756415320179adb93bcf618b8672993e94abaa05a97a57974b0757ad3,1.023443341255188,True,False,-0.4033178389072418,-0.987420916557312,-0.2643165588378906,0.7677304744720459,False,tracking_terminated_at61,,,,
candidate_G_seed_0,0,74,20,1,0,81,976cfc54a81a2ff4f6847e754a0f1017ba0e6930c202f7c994ae660caa06e27d,1.0286171436309814,True,False,-0.48859986662864685,-0.8629080057144165,0.4113583564758301,1.5088659524917603,False,tracking_terminated_at61,,,,
candidate_G_seed_0,0,74,20,3,0,83,976cfc54a81a2ff4f6847e754a0f1017ba0e6930c202f7c994ae660caa06e27d,1.031218409538269,True,False,-0.04131186008453369,0.6503003239631653,0.4415149688720703,1.5550613403320312,False,tracking_terminated_at61,,,,
candidate_G_seed_0,0,75,20,0,0,80,0edbabe94d05b0a27146b782c571f0b4973a00e0095d3039b3bf6ee302b3342a,0.9993503093719482,False,False,-0.6066508293151855,-1.6604118347167969,-0.30837202072143555,0.734641969203949,True,continued_then_tracking_terminated_at62,61,62,1.0442310571670532,True
candidate_G_seed_0,0,75,20,3,0,83,0edbabe94d05b0a27146b782c571f0b4973a00e0095d3039b3bf6ee302b3342a,1.0288496017456055,True,False,-0.28524237871170044,-0.89407879114151,-0.885887861251831,0.4123479127883911,False,tracking_terminated_at61,,,,
candidate_G_seed_0,0,76,20,2,0,82,2f91f33b5330c2451481368a80122b6e44244e00a052789cfeeb13b08f4acf6d,1.0313117504119873,True,False,-0.06799975782632828,-0.3849475681781769,0.07587242126464844,1.0788248777389526,False,tracking_terminated_at61,,,,
candidate_G_seed_0,0,76,20,3,0,83,2f91f33b5330c2451481368a80122b6e44244e00a052789cfeeb13b08f4acf6d,1.0033470392227173,True,False,-0.7623891234397888,-2.192784070968628,-0.48524999618530273,0.6155433058738708,False,tracking_terminated_at61,,,,
candidate_G_seed_0,0,76,38,1,1,153,2f91f33b5330c2451481368a80122b6e44244e00a052789cfeeb13b08f4acf6d,1.0333080291748047,True,False,-0.39371445775032043,-1.232942819595337,-0.0068225860595703125,0.9932006597518921,False,tracking_terminated_at61,,,,
candidate_G_seed_0,0,77,20,0,0,80,79c6e1333b085773eee3822d5865e6a2b7a8ab5deb11a39bda0f3297762b8d32,1.0278288125991821,True,False,-0.23564249277114868,-0.8964969515800476,0.16607952117919922,1.1806670427322388,False,tracking_terminated_at61,,,,
candidate_G_seed_0,0,77,20,1,0,81,79c6e1333b085773eee3822d5865e6a2b7a8ab5deb11a39bda0f3297762b8d32,1.0241996049880981,True,False,-0.2305886596441269,-0.8814464807510376,-0.18319988250732422,0.8326017260551453,False,tracking_terminated_at61,,,,
candidate_G_seed_0,0,77,20,2,0,82,79c6e1333b085773eee3822d5865e6a2b7a8ab5deb11a39bda0f3297762b8d32,0.986225962638855,False,False,-0.190100759267807,-0.7608724236488342,-0.38178110122680664,0.6826444864273071,True,continued_then_tracking_terminated_at62,61,62,1.038230299949646,True
candidate_G_seed_0,0,77,20,3,0,83,79c6e1333b085773eee3822d5865e6a2b7a8ab5deb11a39bda0f3297762b8d32,1.0367131233215332,True,False,-0.20864221453666687,-0.816089391708374,0.5380606651306152,1.7126821279525757,False,tracking_terminated_at61,,,,
candidate_G_seed_0,0,78,20,0,0,80,53e016d9a1e77798589d5962e111defd732a67ae16b8a67b8172c4978003285f,1.002009391784668,True,False,0.010302471928298473,0.4083656072616577,-0.2886390686035156,0.7492825984954834,False,tracking_terminated_at61,,,,
candidate_G_seed_0,0,78,20,2,0,82,53e016d9a1e77798589d5962e111defd732a67ae16b8a67b8172c4978003285f,1.034752607345581,True,False,-0.2792298197746277,-0.21078112721443176,-0.6557464599609375,0.5190544724464417,False,tracking_terminated_at61,,,,
candidate_G_seed_0,0,78,37,1,1,149,53e016d9a1e77798589d5962e111defd732a67ae16b8a67b8172c4978003285f,0.992933452129364,False,False,-0.5638460516929626,-0.8194151520729065,-0.4865837097167969,0.6147229075431824,True,continued_then_tracking_terminated_at62,61,62,1.0323593616485596,True
candidate_G_seed_0,0,79,20,1,0,81,9c05d9e8edeb7ef02ce93d58b349d11c02f8bb78a254e64395053bfcdfaa2bf0,1.0264893770217896,True,False,-0.4486287236213684,-1.123071312904358,0.09891796112060547,1.103975772857666,False,tracking_terminated_at61,,,,
candidate_G_seed_0,0,79,20,2,0,82,9c05d9e8edeb7ef02ce93d58b349d11c02f8bb78a254e64395053bfcdfaa2bf0,1.0111926794052124,True,False,-0.8874083757400513,-2.093013048171997,-0.5197892189025879,0.5946458578109741,False,tracking_terminated_at61,,,,
candidate_G_seed_0,0,79,20,3,0,83,9c05d9e8edeb7ef02ce93d58b349d11c02f8bb78a254e64395053bfcdfaa2bf0,1.026919960975647,True,False,-0.6053383350372314,-1.469484806060791,0.12380766868591309,1.1317981481552124,False,tracking_terminated_at61,,,,
candidate_G_seed_0,0,79,39,0,1,156,9c05d9e8edeb7ef02ce93d58b349d11c02f8bb78a254e64395053bfcdfaa2bf0,1.0043787956237793,True,False,-0.5825835466384888,-1.4191843271255493,0.2925434112548828,1.3398308753967285,False,tracking_terminated_at61,,,,
candidate_G_seed_0,0,80,20,0,0,80,cbd5ef190f5a328d2725b1cd1563fac5f85b8cd35b8dfe696899ca88e1aa462c,1.0005031824111938,True,False,-0.42900514602661133,-0.5523453950881958,-0.09752845764160156,0.9070765376091003,False,tracking_terminated_at61,,,,
candidate_G_seed_0,0,80,20,3,0,83,cbd5ef190f5a328d2725b1cd1563fac5f85b8cd35b8dfe696899ca88e1aa462c,1.0159598588943481,True,False,-0.25373244285583496,-0.17208854854106903,-0.05499267578125,0.946492075920105,False,tracking_terminated_at61,,,,
candidate_G_seed_0,0,81,20,0,0,80,98f29440d454ec2cd5a4cfa252c5121adc6f3c12c3f4b3c36eb3b6995b342081,1.025357723236084,True,False,-0.2283705472946167,-0.16812072694301605,-0.5116838216781616,0.5994852781295776,False,tracking_terminated_at61,,,,
candidate_G_seed_0,0,81,20,2,0,82,98f29440d454ec2cd5a4cfa252c5121adc6f3c12c3f4b3c36eb3b6995b342081,1.0464253425598145,True,False,0.08724396675825119,0.6485368013381958,0.052939653396606445,1.0543659925460815,False,tracking_terminated_at61,,,,
candidate_G_seed_0,0,81,20,3,0,83,98f29440d454ec2cd5a4cfa252c5121adc6f3c12c3f4b3c36eb3b6995b342081,1.0285738706588745,True,False,-0.23283877968788147,-0.17968234419822693,0.26793670654296875,1.3072644472122192,False,tracking_terminated_at61,,,,
candidate_G_seed_0,0,82,20,1,0,81,ff4e5e0d40e9737a11c3add59fdb0f48dea02393b063267c38fb8145a7ee9f02,1.0165966749191284,True,False,-0.21995866298675537,-0.9015923142433167,0.050262451171875,1.0515470504760742,False,tracking_terminated_at61,,,,
candidate_G_seed_0,0,82,20,2,0,82,ff4e5e0d40e9737a11c3add59fdb0f48dea02393b063267c38fb8145a7ee9f02,1.0253887176513672,True,False,-0.4804677367210388,-1.5524883270263672,-0.146270751953125,0.8639237880706787,False,tracking_terminated_at61,,,,
candidate_G_seed_0,0,83,20,0,0,80,f2bf1f2c114e96691936519efd7b241cb7d1d7c1b29e1021d6bb53fa6e35d25c,1.00827157497406,True,False,0.029170077294111252,-0.13054752349853516,-0.45674705505371094,0.6333405375480652,False,tracking_terminated_at61,,,,
candidate_G_seed_0,0,83,20,1,0,81,f2bf1f2c114e96691936519efd7b241cb7d1d7c1b29e1021d6bb53fa6e35d25c,1.0151350498199463,True,False,-0.019726699218153954,-0.2453129142522812,-0.13020038604736328,0.8779194951057434,False,tracking_terminated_at61,,,,
candidate_G_seed_0,0,83,20,2,0,82,f2bf1f2c114e96691936519efd7b241cb7d1d7c1b29e1021d6bb53fa6e35d25c,1.0018047094345093,True,False,-0.47928673028945923,-1.3239439725875854,-0.16634178161621094,0.8467567563056946,False,tracking_terminated_at61,,,,
candidate_G_seed_0,0,83,20,3,0,83,f2bf1f2c114e96691936519efd7b241cb7d1d7c1b29e1021d6bb53fa6e35d25c,1.0305511951446533,True,False,-0.5199352502822876,-1.4193499088287354,-0.6261162757873535,0.5346642732620239,False,tracking_terminated_at61,,,,
candidate_G_seed_0,0,84,20,2,0,82,b78e3af49e21b43184e956eaab90fce230b12bf505044b566e89954ceb524f69,1.0307109355926514,True,False,-0.20425663888454437,-0.061316583305597305,-0.04661846160888672,0.9544515013694763,False,tracking_terminated_at61,,,,
candidate_G_seed_0,0,84,37,0,1,148,b78e3af49e21b43184e956eaab90fce230b12bf505044b566e89954ceb524f69,1.0291469097137451,True,False,-0.29720792174339294,-0.3038311004638672,-0.5815620422363281,0.559024453163147,False,tracking_terminated_at61,,,,
candidate_G_seed_0,0,84,38,1,1,153,b78e3af49e21b43184e956eaab90fce230b12bf505044b566e89954ceb524f69,1.0245281457901,True,False,-0.2656495273113251,-0.2214936763048172,-0.14937686920166016,0.8612444996833801,False,tracking_terminated_at61,,,,
candidate_G_seed_0,0,85,20,0,0,80,0fad9d4da5a1ad168cb52a9171e0833680b7ce439f4e3cb49efff4235a89e479,0.9929401278495789,False,False,-0.9816872477531433,-1.9611817598342896,-0.44219064712524414,0.6426271200180054,True,continued_then_tracking_terminated_at62,61,62,1.0453879833221436,True
candidate_G_seed_0,0,85,20,3,0,83,0fad9d4da5a1ad168cb52a9171e0833680b7ce439f4e3cb49efff4235a89e479,1.006440281867981,True,False,-1.0291638374328613,-2.0489540100097656,-0.4467439651489258,0.6397076845169067,False,tracking_terminated_at61,,,,
candidate_G_seed_0,0,85,36,2,1,146,0fad9d4da5a1ad168cb52a9171e0833680b7ce439f4e3cb49efff4235a89e479,1.0152430534362793,True,False,-0.7051293849945068,-1.4498956203460693,-0.34226226806640625,0.7101619243621826,False,tracking_terminated_at61,,,,
candidate_G_seed_0,0,86,20,2,0,82,aba76bbb9cb1ac762b8a73974ff05e80e07f7ae6dbdce9b0e5348d55c71e4fc4,1.0292755365371704,True,False,-0.2511628568172455,-0.030547402799129486,-0.15400218963623047,0.8572701215744019,False,tracking_terminated_at61,,,,
candidate_G_seed_0,0,86,20,3,0,83,aba76bbb9cb1ac762b8a73974ff05e80e07f7ae6dbdce9b0e5348d55c71e4fc4,1.0597776174545288,True,False,-0.4854932129383087,-0.6642900705337524,0.32030749320983887,1.3775513172149658,False,tracking_terminated_at61,,,,
candidate_G_seed_0,0,86,39,1,1,157,aba76bbb9cb1ac762b8a73974ff05e80e07f7ae6dbdce9b0e5348d55c71e4fc4,0.9885684251785278,False,False,-0.10639795660972595,0.3609669506549835,0.4525728225708008,1.572352409362793,True,right_censored_at_rollout_boundary,,,,
candidate_G_seed_0,0,87,20,0,0,80,c64a13639aa34455717f1d06ba0b843fc7e9bb9e2e1077a7f8344f21c392b4ed,1.0073906183242798,True,False,-0.316947340965271,-1.3729621171951294,0.43009185791015625,1.5373986959457397,False,tracking_terminated_at61,,,,
candidate_G_seed_0,0,87,20,1,0,81,c64a13639aa34455717f1d06ba0b843fc7e9bb9e2e1077a7f8344f21c392b4ed,1.0151726007461548,True,False,-0.15244841575622559,-0.9016498327255249,-0.1483139991760254,0.8621603846549988,False,tracking_terminated_at61,,,,
candidate_G_seed_0,0,87,20,2,0,82,c64a13639aa34455717f1d06ba0b843fc7e9bb9e2e1077a7f8344f21c392b4ed,1.0035196542739868,True,False,0.08531995862722397,-0.2204102873802185,-0.6029047966003418,0.5472197532653809,False,tracking_terminated_at61,,,,
candidate_G_seed_0,0,87,39,3,1,159,c64a13639aa34455717f1d06ba0b843fc7e9bb9e2e1077a7f8344f21c392b4ed,1.0197255611419678,True,False,-0.16157546639442444,-0.9278000593185425,-0.4411888122558594,0.643271267414093,False,tracking_terminated_at61,,,,
candidate_G_seed_0,0,88,20,0,0,80,112afd22992890b4ce768a07d1a0ee4fdbcd90122036e6793706f56985ff8a30,1.037011981010437,True,False,-0.23322080075740814,-0.14906615018844604,0.27243179082870483,1.313153862953186,False,tracking_terminated_at61,,,,
candidate_G_seed_0,0,88,20,2,0,82,112afd22992890b4ce768a07d1a0ee4fdbcd90122036e6793706f56985ff8a30,0.987316370010376,False,False,-0.7727324366569519,-1.1596758365631104,-0.11695170402526855,0.8896281719207764,True,continued_then_tracking_terminated_at62,61,62,1.0241999626159668,True
candidate_G_seed_0,0,88,20,3,0,83,112afd22992890b4ce768a07d1a0ee4fdbcd90122036e6793706f56985ff8a30,1.0166411399841309,True,False,-0.7523689866065979,-1.1215311288833618,0.012112617492675781,1.0121862888336182,False,tracking_terminated_at61,,,,
candidate_G_seed_0,0,89,20,2,0,82,6cc5504db0fa862d7344feb6f2d679515cd10da938dfda6d348012ab00b5ecee,1.03009831905365,True,False,-0.14667075872421265,-0.43992865085601807,-0.1853933334350586,0.8307774662971497,False,tracking_terminated_at61,,,,
candidate_G_seed_0,0,89,20,3,0,83,6cc5504db0fa862d7344feb6f2d679515cd10da938dfda6d348012ab00b5ecee,1.00985848903656,True,False,-0.45788806676864624,-1.177695393562317,0.20281362533569336,1.224844217300415,False,tracking_terminated_at61,,,,
candidate_G_seed_0,0,90,20,0,0,80,4a6a48630d1c5b4c1a3341baa859f7ade6ad2c194c7902ae755ff5a497860ac7,1.0310226678848267,True,False,-0.0518781952559948,0.13367345929145813,-0.07193851470947266,0.9305881261825562,False,tracking_terminated_at61,,,,
candidate_G_seed_0,0,90,38,2,1,154,4a6a48630d1c5b4c1a3341baa859f7ade6ad2c194c7902ae755ff5a497860ac7,1.0035974979400635,True,False,-0.11946505308151245,-0.0009678478818386793,-0.43929553031921387,0.6444903016090393,False,tracking_terminated_at61,,,,
candidate_G_seed_0,0,91,20,0,0,80,d0baf4c4237bcc5aa444a2f96770e2ded92f50839e10d7216333700a937af34f,0.9921412467956543,False,False,-0.22007489204406738,-0.6029899716377258,-0.0983586311340332,0.9063237905502319,True,continued_then_tracking_terminated_at62,61,62,1.0428110361099243,True
candidate_G_seed_0,0,91,20,1,0,81,d0baf4c4237bcc5aa444a2f96770e2ded92f50839e10d7216333700a937af34f,1.012967824935913,True,False,0.15957076847553253,0.1539427489042282,0.20786476135253906,1.2310466766357422,False,tracking_terminated_at61,,,,
candidate_G_seed_0,0,91,35,2,1,142,d0baf4c4237bcc5aa444a2f96770e2ded92f50839e10d7216333700a937af34f,1.0039809942245483,True,False,-0.10858157277107239,-0.38069599866867065,-0.058849334716796875,0.942848801612854,False,tracking_terminated_at61,,,,
candidate_G_seed_0,0,91,39,3,1,159,d0baf4c4237bcc5aa444a2f96770e2ded92f50839e10d7216333700a937af34f,1.0304208993911743,True,False,-0.24927152693271637,-0.6612018346786499,-0.2679862976074219,0.7649182677268982,False,tracking_terminated_at61,,,,
candidate_G_seed_0,0,92,20,0,0,80,e353aa8b4a722144e58ddd215de1511cd9c1d3ad5ca6890e37bd630ce0941930,1.0226023197174072,True,False,-0.3505822718143463,-1.151096224784851,-0.09505367279052734,0.9093241095542908,False,tracking_terminated_at61,,,,
candidate_G_seed_0,0,92,20,1,0,81,e353aa8b4a722144e58ddd215de1511cd9c1d3ad5ca6890e37bd630ce0941930,1.037644624710083,True,False,-0.36039334535598755,-1.17164945602417,-0.20621109008789062,0.8136612772941589,False,tracking_terminated_at61,,,,
candidate_G_seed_0,0,92,20,2,0,82,e353aa8b4a722144e58ddd215de1511cd9c1d3ad5ca6890e37bd630ce0941930,1.0114794969558716,True,False,-0.1888631135225296,-0.8123083114624023,-0.16456222534179688,0.8482649922370911,False,tracking_terminated_at61,,,,
candidate_G_seed_0,0,92,20,3,0,83,e353aa8b4a722144e58ddd215de1511cd9c1d3ad5ca6890e37bd630ce0941930,1.020469069480896,True,False,-0.2622915506362915,-0.9661346077919006,0.04312705993652344,1.0440706014633179,False,tracking_terminated_at61,,,,
candidate_G_seed_0,0,93,20,0,0,80,646d3a5b7fedc6ad65e50fe2e3d6ea186887ec98883cf24691e11642d801ac90,1.0023424625396729,True,False,-0.27803173661231995,-1.115143060684204,-0.14663314819335938,0.8636107444763184,False,tracking_terminated_at61,,,,
candidate_G_seed_0,0,93,20,2,0,82,646d3a5b7fedc6ad65e50fe2e3d6ea186887ec98883cf24691e11642d801ac90,0.9999499320983887,False,False,-0.47010529041290283,-1.643906593322754,-0.018309950828552246,0.981856644153595,True,continued_then_tracking_terminated_at62,61,62,1.0461153984069824,True
candidate_G_seed_0,0,94,20,0,0,80,59cf4e50c0a1d9d438000b0d6b8cc44671d4150279f8ec10a014bbdc2581820b,1.0100104808807373,True,False,-0.2565189003944397,-0.8370363116264343,0.3081374168395996,1.3608880043029785,False,tracking_terminated_at61,,,,
candidate_G_seed_0,0,94,20,2,0,82,59cf4e50c0a1d9d438000b0d6b8cc44671d4150279f8ec10a014bbdc2581820b,0.9895344972610474,False,False,-0.429837703704834,-1.3690321445465088,-0.23282837867736816,0.7922895550727844,True,continued_then_tracking_terminated_at62,61,62,1.0535072088241577,True
candidate_G_seed_0,0,94,20,3,0,83,59cf4e50c0a1d9d438000b0d6b8cc44671d4150279f8ec10a014bbdc2581820b,1.0076851844787598,True,False,-0.580083966255188,-1.8302075862884521,-0.20480060577392578,0.8148097395896912,False,tracking_terminated_at61,,,,
candidate_G_seed_0,0,94,38,1,1,153,59cf4e50c0a1d9d438000b0d6b8cc44671d4150279f8ec10a014bbdc2581820b,1.0283348560333252,True,False,0.20145538449287415,0.568699300289154,0.08480596542358398,1.0885058641433716,False,tracking_terminated_at61,,,,
candidate_G_seed_0,0,95,20,0,0,80,63b99d3760712c23ced655b861b32d74b5c6837c95d286d02d8026b2b305d398,1.0361756086349487,True,False,-0.31481802463531494,-0.5562763810157776,0.5390806198120117,1.7144299745559692,False,tracking_terminated_at61,,,,
candidate_G_seed_0,0,96,20,0,0,80,42b0eb5353174b916a5807011401d790416e032a3b2684468cc4a607cf2e1b3b,1.0391651391983032,True,False,-0.27639153599739075,-1.0760771036148071,0.17741107940673828,1.1941218376159668,False,tracking_terminated_at61,,,,
candidate_G_seed_0,0,96,20,1,0,81,42b0eb5353174b916a5807011401d790416e032a3b2684468cc4a607cf2e1b3b,1.0305960178375244,True,False,-0.27895939350128174,-1.0836734771728516,-0.0829629898071289,0.9203851819038391,False,tracking_terminated_at61,,,,
candidate_G_seed_0,0,96,20,3,0,83,42b0eb5353174b916a5807011401d790416e032a3b2684468cc4a607cf2e1b3b,1.0169663429260254,True,False,-0.2615804076194763,-1.0322628021240234,-0.11137819290161133,0.8946003317832947,False,tracking_terminated_at61,,,,
candidate_G_seed_0,0,97,20,0,0,80,752e78eb58488a18ff51790fd9581cef41101541e885caec49063349805846bb,1.0293121337890625,True,False,-0.8557934165000916,-2.9796645641326904,-0.8675985336303711,0.41995885968208313,False,tracking_terminated_at61,,,,
candidate_G_seed_0,0,97,20,1,0,81,752e78eb58488a18ff51790fd9581cef41101541e885caec49063349805846bb,1.0190269947052002,True,False,-0.5421999096870422,-1.960632085800171,-0.3780655860900879,0.6851855516433716,False,tracking_terminated_at61,,,,
candidate_G_seed_0,0,97,20,3,0,83,752e78eb58488a18ff51790fd9581cef41101541e885caec49063349805846bb,1.0083433389663696,True,False,-0.2920035719871521,-1.1476109027862549,0.3666071891784668,1.442831039428711,False,tracking_terminated_at61,,,,
candidate_G_seed_0,0,98,20,0,0,80,5a9ea11046631525a622c97b823a5a8b33b9b609c3ea48d0edf597df96291354,1.0175052881240845,True,False,-0.2109874039888382,-0.5275858640670776,-0.21544933319091797,0.8061791062355042,False,tracking_terminated_at61,,,,
candidate_G_seed_0,0,98,20,2,0,82,5a9ea11046631525a622c97b823a5a8b33b9b609c3ea48d0edf597df96291354,1.016377568244934,True,False,-0.2673458456993103,-0.6549148559570312,-0.20941448211669922,0.8110589981079102,False,tracking_terminated_at61,,,,
candidate_G_seed_0,0,99,20,0,0,80,41b9800bb838830708be7519b44e05dde76da6eae1b1cb27e752325b1698ccb6,1.0433481931686401,True,False,-0.3024875819683075,-0.7918076515197754,-0.6126796007156372,0.5418968796730042,False,tracking_terminated_at61,,,,
candidate_G_seed_0,0,99,20,2,0,82,41b9800bb838830708be7519b44e05dde76da6eae1b1cb27e752325b1698ccb6,1.0083954334259033,True,False,-0.03515646606683731,-0.1167205423116684,-0.6419286727905273,0.5262764096260071,False,tracking_terminated_at61,,,,
candidate_G_seed_0,0,99,20,3,0,83,41b9800bb838830708be7519b44e05dde76da6eae1b1cb27e752325b1698ccb6,1.014011025428772,True,False,-0.21315866708755493,-0.5662267804145813,-0.19072437286376953,0.8263603448867798,False,tracking_terminated_at61,,,,
candidate_G_seed_0,0,99,36,1,1,145,41b9800bb838830708be7519b44e05dde76da6eae1b1cb27e752325b1698ccb6,1.034198522567749,True,False,-0.23595589399337769,-0.6237962245941162,0.2075948715209961,1.2307144403457642,False,tracking_terminated_at61,,,,
candidate_G_seed_0,0,100,20,0,0,80,4055bdde8aa7831891ffc3b422278d7dc8125692a7e18ae3f007ba738f70b782,1.046111822128296,True,False,-0.25023549795150757,-0.926455557346344,-0.46466922760009766,0.6283429265022278,False,tracking_terminated_at61,,,,
candidate_G_seed_0,0,100,20,1,0,81,4055bdde8aa7831891ffc3b422278d7dc8125692a7e18ae3f007ba738f70b782,1.0511186122894287,True,False,-0.09303499758243561,-0.501513659954071,0.4576759338378906,1.5803967714309692,False,tracking_terminated_at61,,,,
candidate_G_seed_0,0,100,20,2,0,82,4055bdde8aa7831891ffc3b422278d7dc8125692a7e18ae3f007ba738f70b782,1.0413693189620972,True,False,-0.3806198239326477,-1.278908371925354,-0.170562744140625,0.8431901931762695,False,tracking_terminated_at61,,,,
candidate_G_seed_0,0,100,20,3,0,83,4055bdde8aa7831891ffc3b422278d7dc8125692a7e18ae3f007ba738f70b782,1.0384185314178467,True,False,-0.17620143294334412,-0.7263278961181641,-0.26824069023132324,0.7647237181663513,False,tracking_terminated_at61,,,,
candidate_G_seed_0,0,101,20,0,0,80,a7b66d0f5db114bc738900a8887ff8249fb9993d92e704e9de469c6ec9368f6d,1.01255464553833,True,False,-0.7838569283485413,-2.465395927429199,0.07571697235107422,1.0786572694778442,False,tracking_terminated_at61,,,,
candidate_G_seed_0,0,101,20,1,0,81,a7b66d0f5db114bc738900a8887ff8249fb9993d92e704e9de469c6ec9368f6d,0.9965460896492004,False,False,-0.43925541639328003,-1.4468239545822144,0.04410076141357422,1.0450876951217651,True,continued_then_tracking_terminated_at62,61,62,1.0579800605773926,True
candidate_G_seed_0,0,101,20,3,0,83,a7b66d0f5db114bc738900a8887ff8249fb9993d92e704e9de469c6ec9368f6d,1.014223337173462,True,False,-0.23133215308189392,-0.8322451710700989,-0.24958133697509766,0.7791268825531006,False,tracking_terminated_at61,,,,
candidate_G_seed_0,0,102,20,0,0,80,1a5e53fcf5d581b51b508afb3f6c0bf0c2de8160ec5614d1cc47f290d77434cf,1.034159541130066,True,False,-0.7836452722549438,-1.0260252952575684,-0.022130966186523438,0.9781121015548706,False,tracking_terminated_at61,,,,
candidate_G_seed_0,0,102,20,2,0,82,1a5e53fcf5d581b51b508afb3f6c0bf0c2de8160ec5614d1cc47f290d77434cf,1.0399490594863892,True,False,-0.45249640941619873,-0.46648702025413513,0.21247196197509766,1.2367314100265503,False,tracking_terminated_at61,,,,
candidate_G_seed_0,0,102,20,3,0,83,1a5e53fcf5d581b51b508afb3f6c0bf0c2de8160ec5614d1cc47f290d77434cf,1.0209487676620483,True,False,-0.36079177260398865,-0.31153473258018494,-0.05609321594238281,0.945451021194458,False,tracking_terminated_at61,,,,
candidate_G_seed_0,0,102,32,1,1,129,1a5e53fcf5d581b51b508afb3f6c0bf0c2de8160ec5614d1cc47f290d77434cf,1.02154541015625,True,False,-0.36361128091812134,-0.31629884243011475,-0.22193622589111328,0.8009664416313171,False,tracking_terminated_at61,,,,
candidate_G_seed_0,0,103,20,2,0,82,3b8da352c94d5d4ef86725a1a94d7360491c4416d06c2ed35166c4f445fc0a4c,1.0074495077133179,True,False,-0.38366279006004333,-0.6638177633285522,0.07726192474365234,1.0803250074386597,False,tracking_terminated_at61,,,,
candidate_G_seed_0,0,104,20,1,0,81,07e3d83079e8a262a08a49b4a92b47501be57b68d63eaec4dfac0dbe1b814b0b,1.0405864715576172,True,False,-0.42029616236686707,-0.7416399121284485,-0.10677862167358398,0.8987246155738831,False,tracking_terminated_at61,,,,
candidate_G_seed_0,0,104,20,2,0,82,07e3d83079e8a262a08a49b4a92b47501be57b68d63eaec4dfac0dbe1b814b0b,1.0233768224716187,True,False,-0.4121641516685486,-0.7223098278045654,-0.10739898681640625,0.8981672525405884,False,tracking_terminated_at61,,,,
candidate_G_seed_0,0,104,35,3,1,143,07e3d83079e8a262a08a49b4a92b47501be57b68d63eaec4dfac0dbe1b814b0b,1.0072476863861084,True,False,-0.36486345529556274,-0.6098744869232178,-0.18565654754638672,0.8305587768554688,False,tracking_terminated_at61,,,,
candidate_G_seed_0,0,105,20,0,0,80,a8cb40a38a45cc0293cefd80a71742477453fd5150648a9478e34eda8a98d33e,1.0142971277236938,True,False,-0.18957825005054474,-0.861094057559967,-0.05341339111328125,0.9479880332946777,False,tracking_terminated_at61,,,,
candidate_G_seed_0,0,105,20,2,0,82,a8cb40a38a45cc0293cefd80a71742477453fd5150648a9478e34eda8a98d33e,1.0171422958374023,True,False,-0.3407326340675354,-1.2693798542022705,-0.34127330780029297,0.7108646035194397,False,tracking_terminated_at61,,,,
candidate_G_seed_0,0,105,20,3,0,83,a8cb40a38a45cc0293cefd80a71742477453fd5150648a9478e34eda8a98d33e,1.0126917362213135,True,False,-0.37610191106796265,-1.364916443824768,-0.104156494140625,0.9010842442512512,False,tracking_terminated_at61,,,,
candidate_G_seed_0,0,106,20,0,0,80,abff2d2d3c25ae781bbc6620f7f7ac9acd5f6a1f4450215af6abc6366b7fe12f,1.013257622718811,True,False,-0.09372849762439728,-0.24227066338062286,0.08430671691894531,1.0879625082015991,False,tracking_terminated_at61,,,,
candidate_G_seed_0,0,106,20,2,0,82,abff2d2d3c25ae781bbc6620f7f7ac9acd5f6a1f4450215af6abc6366b7fe12f,1.005027413368225,True,False,-0.5741869807243347,-1.396537184715271,-0.09214210510253906,0.9119755625724792,False,tracking_terminated_at61,,,,
candidate_G_seed_0,0,106,39,1,1,157,abff2d2d3c25ae781bbc6620f7f7ac9acd5f6a1f4450215af6abc6366b7fe12f,1.0357483625411987,True,False,-0.08213181793689728,-0.21441048383712769,0.10065078735351562,1.1058903932571411,False,tracking_terminated_at61,,,,
candidate_G_seed_0,0,106,39,3,1,159,abff2d2d3c25ae781bbc6620f7f7ac9acd5f6a1f4450215af6abc6366b7fe12f,1.020957112312317,True,False,-0.7653049826622009,-1.8556842803955078,-0.30329370498657227,0.7383822202682495,False,tracking_terminated_at61,,,,
candidate_G_seed_0,0,107,20,0,0,80,3754a00e36311af19147a923c30a3f962a1bf10886d66e28dabc09027bf5f28d,1.0333375930786133,True,False,-0.21561823785305023,0.021150825545191765,0.31228065490722656,1.366538166999817,False,tracking_terminated_at61,,,,
candidate_G_seed_0,0,107,20,2,0,82,3754a00e36311af19147a923c30a3f962a1bf10886d66e28dabc09027bf5f28d,1.020362377166748,True,False,-0.5652214884757996,-0.832630455493927,0.045522212982177734,1.0465742349624634,False,tracking_terminated_at61,,,,
candidate_G_seed_0,0,107,20,3,0,83,3754a00e36311af19147a923c30a3f962a1bf10886d66e28dabc09027bf5f28d,1.0464614629745483,True,False,-0.3478139042854309,-0.3016899526119232,0.04514122009277344,1.0461755990982056,False,tracking_terminated_at61,,,,
candidate_G_seed_0,0,108,20,1,0,81,a0bd55bc0374dedf042fbfa8e9da07046bef033ac1d26a5e42dc4f970b0401f0,1.0181154012680054,True,False,-0.5223304033279419,-0.8135090470314026,0.14779090881347656,1.1592705249786377,False,tracking_terminated_at61,,,,
candidate_G_seed_0,0,108,34,0,1,136,a0bd55bc0374dedf042fbfa8e9da07046bef033ac1d26a5e42dc4f970b0401f0,1.0054898262023926,True,False,-0.38441014289855957,-0.5447977185249329,0.053165435791015625,1.0546040534973145,False,tracking_terminated_at61,,,,
candidate_G_seed_0,0,108,36,3,1,147,a0bd55bc0374dedf042fbfa8e9da07046bef033ac1d26a5e42dc4f970b0401f0,0.9921241998672485,False,False,-0.26622775197029114,-0.31454184651374817,-0.2184915542602539,0.8037302494049072,True,continued_then_tracking_terminated_at62,61,62,1.0445376634597778,True
candidate_G_seed_0,0,109,20,0,0,80,837b6bd7c6f414c8b19af9de479eb08b2255b964c5cb19327d0b0db55cc7c499,0.9944284558296204,False,False,-0.5738879442214966,-0.6949535012245178,-0.30724775791168213,0.7354683876037598,True,continued_then_tracking_terminated_at62,61,62,1.0237518548965454,True
candidate_G_seed_0,0,109,20,1,0,81,837b6bd7c6f414c8b19af9de479eb08b2255b964c5cb19327d0b0db55cc7c499,1.0103744268417358,True,False,-0.41046780347824097,-0.43432381749153137,0.015916824340820312,1.0160441398620605,False,tracking_terminated_at61,,,,
candidate_G_seed_0,0,109,20,2,0,82,837b6bd7c6f414c8b19af9de479eb08b2255b964c5cb19327d0b0db55cc7c499,1.011801838874817,True,False,-0.38412293791770935,-0.392307847738266,0.04597759246826172,1.047050952911377,False,tracking_terminated_at61,,,,
candidate_G_seed_0,0,109,20,3,0,83,837b6bd7c6f414c8b19af9de479eb08b2255b964c5cb19327d0b0db55cc7c499,0.987126886844635,False,False,-0.6288442611694336,-0.7826002836227417,0.35788917541503906,1.430307149887085,True,continued_then_tracking_terminated_at62,61,62,1.0236414670944214,True
candidate_G_seed_0,0,110,20,0,0,80,9956fbcc6bc612d2aa4ec71fcd4f1afef095c763b72f3be496f9bd3b614b91f3,0.9903035759925842,False,False,-0.29546740651130676,-0.836408257484436,0.05169391632080078,1.053053379058838,True,continued_then_tracking_terminated_at62,61,62,1.0289195775985718,True
candidate_G_seed_0,0,110,20,1,0,81,9956fbcc6bc612d2aa4ec71fcd4f1afef095c763b72f3be496f9bd3b614b91f3,1.0111610889434814,True,False,-0.09797703474760056,-0.34334370493888855,0.064605712890625,1.0667383670806885,False,tracking_terminated_at61,,,,
candidate_G_seed_0,0,110,20,2,0,82,9956fbcc6bc612d2aa4ec71fcd4f1afef095c763b72f3be496f9bd3b614b91f3,1.0232962369918823,True,False,0.04003787785768509,0.001231419388204813,-0.507227897644043,0.6021625399589539,False,tracking_terminated_at61,,,,
candidate_G_seed_0,0,110,20,3,0,83,9956fbcc6bc612d2aa4ec71fcd4f1afef095c763b72f3be496f9bd3b614b91f3,1.0436081886291504,True,False,-0.358290433883667,-0.9932554960250854,-0.31158924102783203,0.732282280921936,False,tracking_terminated_at61,,,,
candidate_G_seed_0,0,111,20,0,0,80,2cff124f36a96f400d2b7a9ee798f55b596f284096bb9e46ca0fd88aca2b15d5,0.9746996164321899,False,False,-0.4064836800098419,-0.8663102984428406,-0.3980751037597656,0.6716116070747375,True,continued_then_tracking_terminated_at62,61,62,1.0292304754257202,True
candidate_G_seed_0,0,111,20,2,0,82,2cff124f36a96f400d2b7a9ee798f55b596f284096bb9e46ca0fd88aca2b15d5,0.9853184223175049,False,False,-0.23456966876983643,-0.5049554109573364,-0.010005950927734375,0.9900439381599426,True,continued_then_tracking_terminated_at62,61,62,1.0500950813293457,True
candidate_G_seed_0,0,111,20,3,0,83,2cff124f36a96f400d2b7a9ee798f55b596f284096bb9e46ca0fd88aca2b15d5,0.9755576252937317,False,False,-0.3235822319984436,-0.6920554637908936,0.08407402038574219,1.0877094268798828,True,continued_then_tracking_terminated_at62,61,62,1.0172090530395508,True
candidate_G_seed_0,0,111,34,1,1,137,2cff124f36a96f400d2b7a9ee798f55b596f284096bb9e46ca0fd88aca2b15d5,1.0076091289520264,True,False,-0.4160759747028351,-0.8864728212356567,-0.34718799591064453,0.7066724896430969,False,tracking_terminated_at61,,,,
candidate_G_seed_0,0,112,20,0,0,80,9bcfe2c8dff78e36ab3150897539f6cbeb5111e87e391dc34755cdc0159d083d,1.0150039196014404,True,False,-0.05742126703262329,-0.00400735205039382,-0.19195079803466797,0.8253474831581116,False,tracking_terminated_at61,,,,
candidate_G_seed_0,0,112,20,3,0,83,9bcfe2c8dff78e36ab3150897539f6cbeb5111e87e391dc34755cdc0159d083d,1.0059293508529663,True,False,-0.3452546298503876,-0.5713189840316772,0.2122039794921875,1.2364000082015991,False,tracking_terminated_at61,,,,
candidate_G_seed_0,0,112,37,2,1,150,9bcfe2c8dff78e36ab3150897539f6cbeb5111e87e391dc34755cdc0159d083d,1.0245529413223267,True,False,-0.3048323392868042,-0.49164777994155884,-0.24416446685791016,0.7833588123321533,False,tracking_terminated_at61,,,,
candidate_G_seed_0,0,113,20,0,0,80,e00db2c7765b581ba03bd2dee000729ee9d720db9591ea9fd86269336c2dfdce,1.0275903940200806,True,False,-0.08715315163135529,-0.9988146424293518,-0.542109489440918,0.5815202593803406,False,tracking_terminated_at61,,,,
candidate_G_seed_0,0,113,20,1,0,81,e00db2c7765b581ba03bd2dee000729ee9d720db9591ea9fd86269336c2dfdce,1.0412997007369995,True,False,-0.19250907003879547,-1.3705132007598877,-0.11532306671142578,0.8910782337188721,False,tracking_terminated_at61,,,,
candidate_G_seed_0,0,113,20,2,0,82,e00db2c7765b581ba03bd2dee000729ee9d720db9591ea9fd86269336c2dfdce,1.026188850402832,True,False,-0.09874247014522552,-1.03970205783844,0.06240653991699219,1.0643949508666992,False,tracking_terminated_at61,,,,
candidate_G_seed_0,0,113,20,3,0,83,e00db2c7765b581ba03bd2dee000729ee9d720db9591ea9fd86269336c2dfdce,1.0195456743240356,True,False,-0.08836406469345093,-1.0030866861343384,0.1524038314819336,1.16463041305542,False,tracking_terminated_at61,,,,
candidate_G_seed_0,0,114,20,0,0,80,1070566c829632c08d75abdf69eae79d8837a98c0b585bf36a49ce94b4f8099d,1.048024296760559,True,False,-0.01879781484603882,-0.05544741824269295,0.016983985900878906,1.0171290636062622,False,tracking_terminated_at61,,,,
candidate_G_seed_0,0,114,20,1,0,81,1070566c829632c08d75abdf69eae79d8837a98c0b585bf36a49ce94b4f8099d,1.0300610065460205,True,False,-0.5363988876342773,-1.2592377662658691,-0.046479225158691406,0.9545843601226807,False,tracking_terminated_at61,,,,
candidate_G_seed_0,0,114,20,2,0,82,1070566c829632c08d75abdf69eae79d8837a98c0b585bf36a49ce94b4f8099d,1.0190986394882202,True,False,-0.22067755460739136,-0.5249612927436829,0.032215118408203125,1.0327396392822266,False,tracking_terminated_at61,,,,
candidate_G_seed_0,0,114,20,3,0,83,1070566c829632c08d75abdf69eae79d8837a98c0b585bf36a49ce94b4f8099d,1.0307658910751343,True,False,-0.5892552137374878,-1.3821662664413452,0.0056896209716796875,1.0057058334350586,False,tracking_terminated_at61,,,,
candidate_G_seed_0,0,115,20,1,0,81,8cffc0e2527c956bd18ef4fb5e85b23d27797f94d82868b3a428a50f4b2c3737,0.9901667833328247,False,False,-0.3360779583454132,-0.4345915913581848,-0.5514402389526367,0.5761194825172424,True,continued_then_tracking_terminated_at62,61,62,1.053816795349121,True
candidate_G_seed_0,0,115,20,2,0,82,8cffc0e2527c956bd18ef4fb5e85b23d27797f94d82868b3a428a50f4b2c3737,1.0128382444381714,True,False,-0.3855923116207123,-0.5587489604949951,-0.25367307662963867,0.7759454250335693,False,tracking_terminated_at61,,,,
candidate_G_seed_0,0,116,20,1,0,81,0275f92b25c9191f87180a39b091ffd63d0eef87dfdadb2cb86ffeab65437d52,0.994234025478363,False,False,-0.33616137504577637,-0.4587293565273285,-0.13007855415344238,0.8780264258384705,True,continued_then_tracking_terminated_at62,61,62,1.0438588857650757,True
candidate_G_seed_0,0,116,20,2,0,82,0275f92b25c9191f87180a39b091ffd63d0eef87dfdadb2cb86ffeab65437d52,1.0163650512695312,True,False,-0.24074816703796387,-0.28827816247940063,0.09395170211791992,1.0985066890716553,False,tracking_terminated_at61,,,,
candidate_G_seed_0,0,117,20,1,0,81,e9b68278143589f02566fb422b7216b30580d1ed042b58b699d5c5957f519c30,1.036903977394104,True,False,-0.7899508476257324,-2.153308629989624,-0.15108680725097656,0.8597730398178101,False,tracking_terminated_at61,,,,
candidate_G_seed_0,0,118,20,0,0,80,00b6f2e7b2cb1930b8fc0895b37e898ff02e7988089a5b5f6c1452bf62733780,1.0181611776351929,True,False,-0.2657924294471741,-1.1751668453216553,-0.20185375213623047,0.8172144293785095,False,tracking_terminated_at61,,,,
candidate_G_seed_0,0,119,20,1,0,81,8d86f67d8b117c6ca45ef1c4e903950f39e6a3ebd92ca52d557c521d8f2dbf05,1.024776577949524,True,False,-0.5984967350959778,-1.4414833784103394,0.18726491928100586,1.205946683883667,False,tracking_terminated_at61,,,,
candidate_G_seed_0,0,119,20,3,0,83,8d86f67d8b117c6ca45ef1c4e903950f39e6a3ebd92ca52d557c521d8f2dbf05,1.0156456232070923,True,False,-0.5443283915519714,-1.2994579076766968,-0.26140785217285156,0.7699668407440186,False,tracking_terminated_at61,,,,
candidate_G_seed_0,0,120,20,0,0,80,fd8a54b95b338d528496c15abc24634b4856549f19d9cb01807bb6743eb83d05,1.0168277025222778,True,False,-0.38283684849739075,-1.5665417909622192,-0.008112907409667969,0.9919199347496033,False,tracking_terminated_at61,,,,
candidate_G_seed_0,0,120,20,1,0,81,fd8a54b95b338d528496c15abc24634b4856549f19d9cb01807bb6743eb83d05,1.0204635858535767,True,False,-0.21815933287143707,-1.0427056550979614,0.2702169418334961,1.310248613357544,False,tracking_terminated_at61,,,,
candidate_G_seed_0,0,120,20,2,0,82,fd8a54b95b338d528496c15abc24634b4856549f19d9cb01807bb6743eb83d05,1.0237400531768799,True,False,-0.05095943808555603,-0.5108460187911987,0.05411863327026367,1.0556098222732544,False,tracking_terminated_at61,,,,
candidate_G_seed_0,0,120,20,3,0,83,fd8a54b95b338d528496c15abc24634b4856549f19d9cb01807bb6743eb83d05,1.0106215476989746,True,False,-0.8010074496269226,-2.8967347145080566,-0.4899578094482422,0.6126522421836853,False,tracking_terminated_at61,,,,
candidate_G_seed_0,0,121,20,0,0,80,5bcea93cfb2a0258426768a5caa378e06375c853ac5979b2db9a579d09badcec,1.0333236455917358,True,False,-0.11914785206317902,-0.16966544091701508,-0.0670328140258789,0.9351645112037659,False,tracking_terminated_at61,,,,
candidate_G_seed_0,0,121,20,1,0,81,5bcea93cfb2a0258426768a5caa378e06375c853ac5979b2db9a579d09badcec,1.0074801445007324,True,False,-0.21079286932945251,-0.4903859794139862,-0.14101839065551758,0.8684733510017395,False,tracking_terminated_at61,,,,
candidate_G_seed_0,0,121,20,3,0,83,5bcea93cfb2a0258426768a5caa378e06375c853ac5979b2db9a579d09badcec,1.053612470626831,True,False,-0.43904751539230347,-1.2891850471496582,-0.5476608276367188,0.578300952911377,False,tracking_terminated_at61,,,,
candidate_G_seed_0,0,122,20,1,0,81,495352d26ce01ea73b5872389fb3ca579abe52f3fcf05828191cf352215f6671,0.9896583557128906,False,False,-0.13848012685775757,-0.09620264172554016,0.00106048583984375,1.0010610818862915,True,continued_then_tracking_terminated_at62,61,62,1.0404176712036133,True
candidate_G_seed_0,0,122,20,3,0,83,495352d26ce01ea73b5872389fb3ca579abe52f3fcf05828191cf352215f6671,0.9911224842071533,False,False,-0.8316406607627869,-1.9174033403396606,0.1002645492553711,1.1054633855819702,True,continued_then_tracking_terminated_at62,61,62,1.0330495834350586,True
candidate_G_seed_0,0,123,20,0,0,80,3e5c3a040408bf4f553fcbb178cae35fff71b3f9dd90c406f6ac3f1230ce8bd8,0.9933111667633057,False,False,-0.8253808617591858,-1.7588744163513184,0.10544395446777344,1.1112037897109985,True,continued_then_tracking_terminated_at62,61,62,1.0580646991729736,True
candidate_G_seed_0,0,123,20,2,0,82,3e5c3a040408bf4f553fcbb178cae35fff71b3f9dd90c406f6ac3f1230ce8bd8,0.99671870470047,False,False,-0.3674968481063843,-0.7016683220863342,0.3979625701904297,1.4887882471084595,True,continued_then_tracking_terminated_at62,61,62,1.079348087310791,True
candidate_G_seed_0,0,123,38,1,1,153,3e5c3a040408bf4f553fcbb178cae35fff71b3f9dd90c406f6ac3f1230ce8bd8,1.0309101343154907,True,False,-0.41595372557640076,-0.8135501146316528,-0.3610067367553711,0.6969742774963379,False,tracking_terminated_at61,,,,
candidate_G_seed_0,0,124,20,0,0,80,c95cadd5ff5c8bb5db5a7cf7d9dbd63ea8d3821d4fc8c6001c00dbda1e9af681,1.0111041069030762,True,False,-0.6092138290405273,-1.7971580028533936,-0.12790203094482422,0.8799395561218262,False,tracking_terminated_at61,,,,
candidate_G_seed_0,0,124,20,2,0,82,c95cadd5ff5c8bb5db5a7cf7d9dbd63ea8d3821d4fc8c6001c00dbda1e9af681,1.0292878150939941,True,False,-0.6393343806266785,-1.8768922090530396,-0.1262187957763672,0.8814219832420349,False,tracking_terminated_at61,,,,
candidate_G_seed_0,0,124,20,3,0,83,c95cadd5ff5c8bb5db5a7cf7d9dbd63ea8d3821d4fc8c6001c00dbda1e9af681,1.0182750225067139,True,False,-0.6438707113265991,-1.888900637626648,-0.29773151874542236,0.7425006628036499,False,tracking_terminated_at61,,,,
candidate_G_seed_0,0,125,20,0,0,80,8b5c646410cfb8dd0fb3e995a19ab83cd15e7f1af4cfbc3e1fc1d8c089e540fd,1.046069860458374,True,False,-0.2508651614189148,-0.6655325889587402,0.2150707244873047,1.2399495840072632,False,tracking_terminated_at61,,,,
candidate_G_seed_0,0,125,20,1,0,81,8b5c646410cfb8dd0fb3e995a19ab83cd15e7f1af4cfbc3e1fc1d8c089e540fd,1.0118128061294556,True,False,-0.11361154168844223,-0.32486823201179504,-0.47054290771484375,0.6246630549430847,False,tracking_terminated_at61,,,,
candidate_G_seed_0,0,126,20,0,0,80,927b1247a1480fe41a4cd99fe9b8050a821c6214358342669b33a8ca486006f3,0.9948256611824036,False,False,-0.40887314081192017,-1.4528471231460571,-0.42812156677246094,0.6517322063446045,True,continued_then_tracking_terminated_at62,61,62,1.0526028871536255,True
candidate_G_seed_0,0,126,20,2,0,82,927b1247a1480fe41a4cd99fe9b8050a821c6214358342669b33a8ca486006f3,0.9896111488342285,False,False,-0.3385482430458069,-1.2049834728240967,-0.23444843292236328,0.7910070419311523,True,continued_then_tracking_terminated_at62,61,62,1.0335487127304077,True
candidate_G_seed_0,0,126,20,3,0,83,927b1247a1480fe41a4cd99fe9b8050a821c6214358342669b33a8ca486006f3,1.0291577577590942,True,False,-0.09643431007862091,-0.35164064168930054,-0.12181305885314941,0.885313868522644,False,tracking_terminated_at61,,,,
candidate_G_seed_0,0,126,39,1,1,157,927b1247a1480fe41a4cd99fe9b8050a821c6214358342669b33a8ca486006f3,1.0477689504623413,True,False,-0.05346349999308586,-0.20018787682056427,0.04204893112182617,1.0429455041885376,False,tracking_terminated_at61,,,,
candidate_G_seed_0,0,127,20,0,0,80,c1a4a9b294c7ad3398de5cd2e8a9a01564d3c13890cbf1b00cf9a7d44271c70c,1.0448317527770996,True,False,0.10744492709636688,0.3077455461025238,-0.1182098388671875,0.8885095715522766,False,tracking_terminated_at61,,,,
candidate_G_seed_0,0,127,20,1,0,81,c1a4a9b294c7ad3398de5cd2e8a9a01564d3c13890cbf1b00cf9a7d44271c70c,1.012911081314087,True,False,-0.14204689860343933,-0.41022709012031555,-0.032187461853027344,0.9683250188827515,False,tracking_terminated_at61,,,,
candidate_G_seed_0,0,127,20,3,0,83,c1a4a9b294c7ad3398de5cd2e8a9a01564d3c13890cbf1b00cf9a7d44271c70c,1.0141276121139526,True,False,-0.9734925627708435,-2.8029115200042725,-0.5507392883300781,0.5765234231948853,False,tracking_terminated_at61,,,,
candidate_G_seed_0,0,128,20,0,0,80,3b6d9b8765460e80d61bd747d0e5cc5ebdf501d9a25d7ad882a5b84a57c1fd4e,1.0099116563796997,True,False,-0.25177472829818726,-0.5699315071105957,0.1683807373046875,1.183387041091919,False,tracking_terminated_at61,,,,
candidate_G_seed_0,0,128,20,2,0,82,3b6d9b8765460e80d61bd747d0e5cc5ebdf501d9a25d7ad882a5b84a57c1fd4e,1.0082286596298218,True,False,-0.13475026190280914,-0.26081839203834534,0.13318920135498047,1.1424661874771118,False,tracking_terminated_at61,,,,
candidate_G_seed_0,0,128,20,3,0,83,3b6d9b8765460e80d61bd747d0e5cc5ebdf501d9a25d7ad882a5b84a57c1fd4e,1.0289524793624878,True,False,-0.7861648201942444,-1.9814908504486084,-0.2837533950805664,0.7529522776603699,False,tracking_terminated_at61,,,,
candidate_G_seed_0,0,129,20,0,0,80,411c4303cafda2cf5512fa56a804e3a430c74bffcebcb038d8f816e3259ef01b,1.0310609340667725,True,False,-0.31023868918418884,-1.3281854391098022,0.04584026336669922,1.0469071865081787,False,tracking_terminated_at61,,,,
candidate_G_seed_0,0,129,20,1,0,81,411c4303cafda2cf5512fa56a804e3a430c74bffcebcb038d8f816e3259ef01b,1.0491275787353516,True,False,-0.20799504220485687,-0.9983381628990173,-0.06716537475585938,0.9350405335426331,False,tracking_terminated_at61,,,,
candidate_G_seed_0,0,129,20,2,0,82,411c4303cafda2cf5512fa56a804e3a430c74bffcebcb038d8f816e3259ef01b,1.014168381690979,True,False,-0.46737679839134216,-1.8351272344589233,-0.4341592788696289,0.6478090882301331,False,tracking_terminated_at61,,,,
candidate_G_seed_0,0,129,20,3,0,83,411c4303cafda2cf5512fa56a804e3a430c74bffcebcb038d8f816e3259ef01b,1.0168319940567017,True,False,-0.22928768396377563,-1.0670301914215088,-0.2946205139160156,0.7448141574859619,False,tracking_terminated_at61,,,,
candidate_G_seed_0,0,130,20,0,0,80,674f184c3239968d7ba75c6cc29120502db62df08d8fb6aa42a17e4c4c05c83f,1.0065877437591553,True,False,-0.336135596036911,-0.3998531103134155,-0.09760665893554688,0.9070056080818176,False,tracking_terminated_at61,,,,
candidate_G_seed_0,0,130,20,1,0,81,674f184c3239968d7ba75c6cc29120502db62df08d8fb6aa42a17e4c4c05c83f,1.0005735158920288,True,False,-0.2536388039588928,-0.24896937608718872,-0.026829242706298828,0.9735274910926819,False,tracking_terminated_at61,,,,
candidate_G_seed_0,0,130,20,2,0,82,674f184c3239968d7ba75c6cc29120502db62df08d8fb6aa42a17e4c4c05c83f,1.0226199626922607,True,False,-0.07689221203327179,0.07429393380880356,0.2769632339477539,1.3191179037094116,False,tracking_terminated_at61,,,,
candidate_G_seed_0,0,130,20,3,0,83,674f184c3239968d7ba75c6cc29120502db62df08d8fb6aa42a17e4c4c05c83f,1.0176602602005005,True,False,-0.0012226998805999756,0.2126908153295517,0.06881999969482422,1.071243405342102,False,tracking_terminated_at61,,,,
candidate_G_seed_0,0,131,20,1,0,81,aa1060c0cd52dd68704206daf35757104927524c51c39d9489048bd6ff885f8d,1.000429630279541,True,False,-0.8063774108886719,-1.5352216958999634,-0.19661998748779297,0.8215027451515198,False,tracking_terminated_at61,,,,
candidate_G_seed_0,0,131,20,2,0,82,aa1060c0cd52dd68704206daf35757104927524c51c39d9489048bd6ff885f8d,1.003561019897461,True,False,-0.28898441791534424,-0.5210493803024292,-0.08510208129882812,0.9184185266494751,False,tracking_terminated_at61,,,,
candidate_G_seed_0,0,131,34,3,1,139,aa1060c0cd52dd68704206daf35757104927524c51c39d9489048bd6ff885f8d,0.9961956739425659,False,False,-0.4269031882286072,-0.7913920879364014,-0.15886402130126953,0.8531123399734497,True,continued_then_tracking_terminated_at62,61,62,1.0548235177993774,True
candidate_G_seed_0,0,131,36,0,1,144,aa1060c0cd52dd68704206daf35757104927524c51c39d9489048bd6ff885f8d,1.0121185779571533,True,False,-0.15464484691619873,-0.25772249698638916,0.4322376251220703,1.540701150894165,False,tracking_terminated_at61,,,,
candidate_G_seed_0,0,132,20,2,0,82,e9f2efb8386f387db745a4f6111dcca94b5e1a4a1e0a84c4ec6cb7a533fdb826,1.0126235485076904,True,False,-0.776642918586731,-2.2173688411712646,-0.5223665237426758,0.5931152701377869,False,tracking_terminated_at61,,,,
candidate_G_seed_0,0,132,20,3,0,83,e9f2efb8386f387db745a4f6111dcca94b5e1a4a1e0a84c4ec6cb7a533fdb826,1.0152643918991089,True,False,-0.4305788278579712,-1.2264729738235474,0.14550018310546875,1.1566179990768433,False,tracking_terminated_at61,,,,
candidate_G_seed_0,0,133,20,0,0,80,7f77d84d00bbfd258a58074ed8e8c5f2e2453da0f1bd56deb8209299c13efbd2,1.0398871898651123,True,False,-0.793871283531189,-1.8170099258422852,0.19025230407714844,1.2095547914505005,False,tracking_terminated_at61,,,,
candidate_G_seed_0,0,133,20,2,0,82,7f77d84d00bbfd258a58074ed8e8c5f2e2453da0f1bd56deb8209299c13efbd2,1.0171109437942505,True,False,-0.5027881860733032,-1.1300073862075806,-0.01916790008544922,0.981014609336853,False,tracking_terminated_at61,,,,
candidate_G_seed_0,0,133,20,3,0,83,7f77d84d00bbfd258a58074ed8e8c5f2e2453da0f1bd56deb8209299c13efbd2,1.0176358222961426,True,False,-0.5184706449508667,-1.1670204401016235,-0.26674365997314453,0.7658693790435791,False,tracking_terminated_at61,,,,
candidate_G_seed_0,0,134,20,0,0,80,26386ec0c91e7ca46bd06e0d2a96748df683e3a6267badd60f7acfe67e4a21b2,1.0061150789260864,True,False,0.15892314910888672,0.237297922372818,0.14330673217773438,1.1540837287902832,False,tracking_terminated_at61,,,,
candidate_G_seed_0,0,134,20,2,0,82,26386ec0c91e7ca46bd06e0d2a96748df683e3a6267badd60f7acfe67e4a21b2,1.0251928567886353,True,False,-0.2517957389354706,-0.6463376879692078,0.04515647888183594,1.0461915731430054,False,tracking_terminated_at61,,,,
candidate_G_seed_0,0,134,20,3,0,83,26386ec0c91e7ca46bd06e0d2a96748df683e3a6267badd60f7acfe67e4a21b2,0.9988685846328735,False,False,-0.21370327472686768,-0.5643841624259949,0.18844032287597656,1.2073650360107422,True,continued_then_tracking_terminated_at62,61,62,1.0680263042449951,True
candidate_G_seed_0,0,134,36,1,1,145,26386ec0c91e7ca46bd06e0d2a96748df683e3a6267badd60f7acfe67e4a21b2,1.0088094472885132,True,False,-0.9532515406608582,-2.155475616455078,-0.35942935943603516,0.6980745792388916,False,tracking_terminated_at61,,,,
candidate_G_seed_0,0,135,20,0,0,80,b7fb5d8d9a01cd40377e63c29856b8a7435f3ac60e99fd157b336e47b1bccbe2,0.9804074764251709,False,False,-0.2727494239807129,-1.1291395425796509,-0.1772451400756836,0.8375744223594666,True,continued_then_tracking_terminated_at62,61,62,1.0201959609985352,True
candidate_G_seed_0,0,135,20,1,0,81,b7fb5d8d9a01cd40377e63c29856b8a7435f3ac60e99fd157b336e47b1bccbe2,0.9990074634552002,False,False,-0.3650079369544983,-1.3890565633773804,0.11339092254638672,1.1200697422027588,True,continued_then_tracking_terminated_at62,61,62,1.0637634992599487,True
candidate_G_seed_0,0,135,20,2,0,82,b7fb5d8d9a01cd40377e63c29856b8a7435f3ac60e99fd157b336e47b1bccbe2,0.99608314037323,False,False,-0.4078698754310608,-1.509810209274292,-0.35923290252685547,0.6982117295265198,True,continued_then_tracking_terminated_at62,61,62,1.0589466094970703,True
candidate_G_seed_0,0,135,20,3,0,83,b7fb5d8d9a01cd40377e63c29856b8a7435f3ac60e99fd157b336e47b1bccbe2,0.9962087869644165,False,False,-0.45649707317352295,-1.6468061208724976,-0.38436031341552734,0.6808860301971436,True,continued_then_tracking_terminated_at62,61,62,1.0731241703033447,True
candidate_G_seed_0,0,136,20,0,0,80,ae5f4afaa4f1ea443cb2cdebf94bf9c35d5b17ee95b916fd8921c6942e56033d,1.0134761333465576,True,False,0.10024973005056381,0.5195402503013611,-0.3709421157836914,0.6900838613510132,False,tracking_terminated_at61,,,,
candidate_G_seed_0,0,136,20,3,0,83,ae5f4afaa4f1ea443cb2cdebf94bf9c35d5b17ee95b916fd8921c6942e56033d,0.9931034445762634,False,False,-0.2527315020561218,-0.3304290771484375,-0.2120838165283203,0.8088968992233276,True,continued_then_tracking_terminated_at62,61,62,1.0541068315505981,True
candidate_G_seed_0,0,136,37,2,1,150,ae5f4afaa4f1ea443cb2cdebf94bf9c35d5b17ee95b916fd8921c6942e56033d,1.0455402135849,True,False,-0.20774173736572266,-0.22209492325782776,-0.23331356048583984,0.7919052243232727,False,tracking_terminated_at61,,,,
candidate_G_seed_0,0,137,20,1,0,81,1181278ceea6ad61d7297b944f3655af6ede6f6c8e7eb16452df98fe62d17a21,1.006616234779358,True,False,-0.5074713826179504,-1.1403305530548096,-0.7483396530151367,0.4731515049934387,False,tracking_terminated_at61,,,,
candidate_G_seed_0,0,137,20,2,0,82,1181278ceea6ad61d7297b944f3655af6ede6f6c8e7eb16452df98fe62d17a21,1.0290138721466064,True,False,-0.013595396652817726,0.06394758820533752,0.18069076538085938,1.1980446577072144,False,tracking_terminated_at61,,,,
candidate_G_seed_0,0,137,20,3,0,83,1181278ceea6ad61d7297b944f3655af6ede6f6c8e7eb16452df98fe62d17a21,1.0140552520751953,True,False,-0.11670475453138351,-0.18747656047344208,-0.042632102966308594,0.9582638740539551,False,tracking_terminated_at61,,,,
candidate_G_seed_0,0,138,20,0,0,80,1d8e908dab24177ab264e66d82361780c640563851e18eaacf9beebc4e37d1fb,1.0153511762619019,True,False,-0.48102328181266785,-1.244890570640564,0.005545616149902344,1.0055609941482544,False,tracking_terminated_at61,,,,
candidate_G_seed_0,0,138,20,1,0,81,1d8e908dab24177ab264e66d82361780c640563851e18eaacf9beebc4e37d1fb,1.0099743604660034,True,False,-0.09483454376459122,-0.3083730638027191,-0.3713188171386719,0.6898239850997925,False,tracking_terminated_at61,,,,
candidate_G_seed_0,0,138,20,3,0,83,1d8e908dab24177ab264e66d82361780c640563851e18eaacf9beebc4e37d1fb,1.0051122903823853,True,False,-0.39168480038642883,-1.0282424688339233,-0.09683418273925781,0.9077064990997314,False,tracking_terminated_at61,,,,
candidate_G_seed_0,0,139,20,0,0,80,0b7a055ec22939e7bb51291d11f7cd42c7efd3ba0d2e63e24085cdf7a23ca94e,1.0205731391906738,True,False,-0.7185552716255188,-1.0002185106277466,0.45632171630859375,1.5782580375671387,False,tracking_terminated_at61,,,,
candidate_G_seed_0,0,139,20,1,0,81,0b7a055ec22939e7bb51291d11f7cd42c7efd3ba0d2e63e24085cdf7a23ca94e,1.0319846868515015,True,False,-0.41424113512039185,-0.4235367476940155,0.18168067932128906,1.1992311477661133,False,tracking_terminated_at61,,,,
candidate_G_seed_0,0,139,20,2,0,82,0b7a055ec22939e7bb51291d11f7cd42c7efd3ba0d2e63e24085cdf7a23ca94e,1.017189860343933,True,False,-0.2246467024087906,-0.06425118446350098,0.2069234848022461,1.2298884391784668,False,tracking_terminated_at61,,,,
candidate_G_seed_0,0,139,20,3,0,83,0b7a055ec22939e7bb51291d11f7cd42c7efd3ba0d2e63e24085cdf7a23ca94e,1.0140893459320068,True,False,-0.11137057095766068,0.150409534573555,-0.26079654693603516,0.7704376578330994,False,tracking_terminated_at61,,,,
candidate_G_seed_0,0,140,20,0,0,80,e61fef3f0f4ad5e3c662d558e91e2e24b2940d50a9c6f57b5a8da373c7a45027,1.0059093236923218,True,False,-0.18209034204483032,-0.8314568996429443,-0.1795196533203125,0.8356715440750122,False,tracking_terminated_at61,,,,
candidate_G_seed_0,0,140,20,1,0,81,e61fef3f0f4ad5e3c662d558e91e2e24b2940d50a9c6f57b5a8da373c7a45027,0.9943872094154358,False,False,-0.3783501386642456,-1.3039088249206543,-0.3342905044555664,0.7158458232879639,True,continued_then_tracking_terminated_at62,61,62,1.0447702407836914,True
candidate_G_seed_0,0,140,20,2,0,82,e61fef3f0f4ad5e3c662d558e91e2e24b2940d50a9c6f57b5a8da373c7a45027,0.9904349446296692,False,False,-0.511341392993927,-1.6240557432174683,-0.018108367919921875,0.982054591178894,True,continued_then_tracking_terminated_at62,61,62,1.0326298475265503,True
candidate_G_seed_0,0,140,20,3,0,83,e61fef3f0f4ad5e3c662d558e91e2e24b2940d50a9c6f57b5a8da373c7a45027,1.0230779647827148,True,False,-0.4594154357910156,-1.4990555047988892,-0.20072078704833984,0.8181408643722534,False,tracking_terminated_at61,,,,
candidate_G_seed_0,0,141,20,1,0,81,cc4b7ef3879b354fc9648b24846d897d16d9bbe9024bbb1c5c7ae29264525d76,1.0044770240783691,True,False,-0.012984687462449074,-0.12423428893089294,-0.2710762023925781,0.7625584006309509,False,tracking_terminated_at61,,,,
candidate_G_seed_0,0,141,20,3,0,83,cc4b7ef3879b354fc9648b24846d897d16d9bbe9024bbb1c5c7ae29264525d76,1.0324947834014893,True,False,-0.258194237947464,-0.933635413646698,-0.17224597930908203,0.8417720794677734,False,tracking_terminated_at61,,,,
candidate_G_seed_0,0,141,36,2,1,146,cc4b7ef3879b354fc9648b24846d897d16d9bbe9024bbb1c5c7ae29264525d76,1.012224555015564,True,False,0.040265072137117386,0.05153545364737511,0.5855121612548828,1.7959105968475342,False,tracking_terminated_at61,,,,
candidate_G_seed_0,0,142,20,0,0,80,4b3a9a74a6050b04c8f3970ec1751a83a87f917a096d00245b21d5fa0d12ae03,0.9708941578865051,False,False,-0.1654815971851349,-0.3485770523548126,-0.2718048095703125,0.7620030045509338,True,continued_then_tracking_terminated_at62,61,62,1.0243107080459595,True
candidate_G_seed_0,0,142,20,1,0,81,4b3a9a74a6050b04c8f3970ec1751a83a87f917a096d00245b21d5fa0d12ae03,0.9863647222518921,False,False,-0.21797281503677368,-0.5020713806152344,-0.21273040771484375,0.8083740472793579,True,continued_then_tracking_terminated_at62,61,62,1.0347039699554443,True
candidate_G_seed_0,0,142,20,2,0,82,4b3a9a74a6050b04c8f3970ec1751a83a87f917a096d00245b21d5fa0d12ae03,1.0113332271575928,True,False,0.037829555571079254,0.2459433376789093,-0.1940774917602539,0.8235940933227539,False,tracking_terminated_at61,,,,
candidate_G_seed_0,0,142,20,3,0,83,4b3a9a74a6050b04c8f3970ec1751a83a87f917a096d00245b21d5fa0d12ae03,1.0092873573303223,True,False,-0.14543171226978302,-0.28994739055633545,-0.1331014633178711,0.875376284122467,False,tracking_terminated_at61,,,,
candidate_G_seed_0,0,143,20,1,0,81,7ff958cb391f2dd7f64184a9692732bc11e6893637ac1116af0685ce09af6a60,0.9939707517623901,False,False,-0.0032202154397964478,0.05246889218688011,-0.48297119140625,0.616947591304779,True,continued_then_tracking_terminated_at62,61,62,1.0465067625045776,True
candidate_G_seed_0,0,143,20,2,0,82,7ff958cb391f2dd7f64184a9692732bc11e6893637ac1116af0685ce09af6a60,1.004839301109314,True,False,-0.3611055612564087,-0.7599703073501587,-0.5124883651733398,0.5990031957626343,False,tracking_terminated_at61,,,,
candidate_G_seed_0,0,143,20,3,0,83,7ff958cb391f2dd7f64184a9692732bc11e6893637ac1116af0685ce09af6a60,0.9900394082069397,False,False,-0.15060046315193176,-0.28210052847862244,0.5389597415924072,1.7142226696014404,True,continued_then_tracking_terminated_at62,61,62,1.0297032594680786,True
candidate_G_seed_0,0,144,20,0,0,80,8e27e6d4c7b91367e84eef931c1e236d60b315c4a17dacade5d2dd0aaf7b22ff,1.0187615156173706,True,False,-0.19331926107406616,-0.558018147945404,-0.5339779853820801,0.5862681865692139,False,tracking_terminated_at61,,,,
candidate_G_seed_0,0,144,20,3,0,83,8e27e6d4c7b91367e84eef931c1e236d60b315c4a17dacade5d2dd0aaf7b22ff,1.0504851341247559,True,False,-0.005366094410419464,0.03734201565384865,-0.13992977142333984,0.869419276714325,False,tracking_terminated_at61,,,,
candidate_G_seed_0,0,144,39,1,1,157,8e27e6d4c7b91367e84eef931c1e236d60b315c4a17dacade5d2dd0aaf7b22ff,1.0146061182022095,True,False,-0.8983296155929565,-2.791208028793335,-0.1906290054321289,0.8264391422271729,False,tracking_terminated_at61,,,,
candidate_G_seed_0,0,145,20,1,0,81,af1010682f47ad8937a6193078561da987b97315625bc642ad310a02e1f330e2,1.050490379333496,True,False,-0.79189532995224,-1.8341513872146606,-0.09952545166015625,0.9052668809890747,False,tracking_terminated_at61,,,,
candidate_G_seed_0,0,145,20,3,0,83,af1010682f47ad8937a6193078561da987b97315625bc642ad310a02e1f330e2,1.0064175128936768,True,False,-0.5758461952209473,-1.256892204284668,-0.09418201446533203,0.9101170897483826,False,tracking_terminated_at61,,,,
candidate_G_seed_0,0,145,37,0,1,148,af1010682f47ad8937a6193078561da987b97315625bc642ad310a02e1f330e2,1.0067431926727295,True,False,-0.2072409987449646,-0.2720201313495636,-0.12654495239257812,0.881134569644928,False,tracking_terminated_at61,,,,
candidate_G_seed_0,0,145,39,2,1,158,af1010682f47ad8937a6193078561da987b97315625bc642ad310a02e1f330e2,1.0061707496643066,True,False,-0.6075507402420044,-1.34160315990448,-0.019788742065429688,0.9804057478904724,False,tracking_terminated_at61,,,,
candidate_G_seed_0,0,146,20,0,0,80,1a004191c5016f8328f5f25c682c39b5e712a7a4eb9b76f27aca9af94c98a4a1,1.0040594339370728,True,False,-0.49753743410110474,-1.3037631511688232,0.21552753448486328,1.240516185760498,False,tracking_terminated_at61,,,,
candidate_G_seed_0,0,146,20,3,0,83,1a004191c5016f8328f5f25c682c39b5e712a7a4eb9b76f27aca9af94c98a4a1,1.077805519104004,True,False,-0.7585287690162659,-1.907588005065918,-0.20627832412719727,0.8136066198348999,False,tracking_terminated_at61,,,,
candidate_G_seed_0,0,146,39,1,1,157,1a004191c5016f8328f5f25c682c39b5e712a7a4eb9b76f27aca9af94c98a4a1,1.007197380065918,True,False,-0.08502011001110077,-0.3493705093860626,-0.02254009246826172,0.9777120351791382,False,tracking_terminated_at61,,,,
candidate_G_seed_0,0,147,20,1,0,81,6242ac64fdf5327758e5be9ffa80389c2bc5a4eaa78a113fa22224c016861f1b,1.0334006547927856,True,False,0.2141207754611969,0.7615960240364075,0.2665987014770508,1.3055164813995361,False,tracking_terminated_at61,,,,
candidate_G_seed_0,0,147,20,2,0,82,6242ac64fdf5327758e5be9ffa80389c2bc5a4eaa78a113fa22224c016861f1b,0.9996059536933899,False,False,-0.10639697313308716,-0.03167983144521713,0.15401458740234375,1.1665079593658447,True,continued_then_tracking_terminated_at62,61,62,1.0449540615081787,True
candidate_G_seed_0,0,147,20,3,0,83,6242ac64fdf5327758e5be9ffa80389c2bc5a4eaa78a113fa22224c016861f1b,1.0171139240264893,True,False,-0.39215049147605896,-0.7389147877693176,-0.3602752685546875,0.6974843144416809,False,tracking_terminated_at61,,,,
candidate_G_seed_0,0,148,20,2,0,82,485efcb4222aba40c9320f280736faf0bd71a1287f1bc41bf84f7cb6c795b523,1.0121270418167114,True,False,-0.15969258546829224,-0.2756456732749939,0.23213481903076172,1.2612897157669067,False,tracking_terminated_at61,,,,
candidate_G_seed_0,0,148,20,3,0,83,485efcb4222aba40c9320f280736faf0bd71a1287f1bc41bf84f7cb6c795b523,1.008940577507019,True,False,-0.5045361518859863,-1.1355420351028442,-0.3449230194091797,0.7082749009132385,False,tracking_terminated_at61,,,,
candidate_G_seed_0,0,148,35,1,1,141,485efcb4222aba40c9320f280736faf0bd71a1287f1bc41bf84f7cb6c795b523,1.0267829895019531,True,False,-0.06922252476215363,-0.05005102977156639,-0.30278968811035156,0.7387544512748718,False,tracking_terminated_at61,,,,
candidate_G_seed_0,0,149,20,0,0,80,007fd9a5c9d3a0506731b59e94428dfac4546a17bf0f79537a657c20b7ea712b,1.034416913986206,True,False,-0.3559250235557556,-0.6557320356369019,0.12723255157470703,1.1356810331344604,False,tracking_terminated_at61,,,,
candidate_G_seed_0,0,149,38,1,1,153,007fd9a5c9d3a0506731b59e94428dfac4546a17bf0f79537a657c20b7ea712b,1.0057941675186157,True,False,-0.3855957090854645,-0.7179279923439026,0.030498504638671875,1.0309683084487915,False,tracking_terminated_at61,,,,
candidate_G_seed_0,0,150,20,0,0,80,f0ca79d9824f9320d9683e074571ff86e689a8b203d5b4996dba329dc2c7bb3c,1.0089027881622314,True,False,-0.4408731460571289,-1.8352395296096802,-0.023773193359375,0.9765071868896484,False,tracking_terminated_at61,,,,
candidate_G_seed_0,0,150,20,1,0,81,f0ca79d9824f9320d9683e074571ff86e689a8b203d5b4996dba329dc2c7bb3c,1.00392484664917,True,False,-0.13672912120819092,-0.9382593035697937,-0.21700000762939453,0.8049299716949463,False,tracking_terminated_at61,,,,
candidate_G_seed_0,0,150,20,2,0,82,f0ca79d9824f9320d9683e074571ff86e689a8b203d5b4996dba329dc2c7bb3c,1.0142508745193481,True,False,-0.5132128596305847,-2.048583507537842,-0.3189525604248047,0.7269100546836853,False,tracking_terminated_at61,,,,
candidate_G_seed_0,0,150,20,3,0,83,f0ca79d9824f9320d9683e074571ff86e689a8b203d5b4996dba329dc2c7bb3c,1.0009565353393555,True,False,-0.29417359828948975,-1.4025938510894775,-0.12528610229492188,0.8822444677352905,False,tracking_terminated_at61,,,,
candidate_G_seed_0,0,151,20,0,0,80,0a39e86cf25838ee127041673803c3c97ec37719c909d266c767baafe56e93ce,1.0136897563934326,True,False,0.22603857517242432,0.4994727373123169,0.46877384185791016,1.5980335474014282,False,tracking_terminated_at61,,,,
candidate_G_seed_0,0,151,20,2,0,82,0a39e86cf25838ee127041673803c3c97ec37719c909d266c767baafe56e93ce,0.9960349202156067,False,False,0.14867402613162994,0.30821436643600464,-0.3230423927307129,0.7239431738853455,True,continued_then_tracking_terminated_at62,61,62,1.0445119142532349,True
candidate_G_seed_0,0,151,20,3,0,83,0a39e86cf25838ee127041673803c3c97ec37719c909d266c767baafe56e93ce,1.0147650241851807,True,False,0.05633995682001114,0.07994882017374039,-0.015710830688476562,0.9844119548797607,False,tracking_terminated_at61,,,,
candidate_G_seed_0,0,151,37,1,1,149,0a39e86cf25838ee127041673803c3c97ec37719c909d266c767baafe56e93ce,1.0562801361083984,True,False,-0.3472006320953369,-0.9176722764968872,-0.4863872528076172,0.6148436665534973,False,tracking_terminated_at61,,,,
candidate_G_seed_0,0,152,20,0,0,80,284bfd580884578caa777445c86306f5b40b0c2cf209c84f1ceb1b80ef3198c1,1.0193129777908325,True,False,-0.4980521500110626,-1.399869680404663,-0.1531052589416504,0.858039379119873,False,tracking_terminated_at61,,,,
candidate_G_seed_0,0,152,20,1,0,81,284bfd580884578caa777445c86306f5b40b0c2cf209c84f1ceb1b80ef3198c1,1.0028094053268433,True,False,-0.3727083206176758,-1.0477325916290283,0.09221839904785156,1.096604347229004,False,tracking_terminated_at61,,,,
candidate_G_seed_0,0,152,20,3,0,83,284bfd580884578caa777445c86306f5b40b0c2cf209c84f1ceb1b80ef3198c1,1.0236175060272217,True,False,0.006680583581328392,0.01811113953590393,-0.1305255889892578,0.8776340484619141,False,tracking_terminated_at61,,,,
candidate_G_seed_0,0,153,20,1,0,81,a00ada8e482c36b1856944a43cb9708a286d4afe6e64f3669913af91ba526813,1.0269827842712402,True,False,-0.24147441983222961,-0.8815825581550598,-0.1967000961303711,0.8214369416236877,False,tracking_terminated_at61,,,,
candidate_G_seed_0,0,153,20,2,0,82,a00ada8e482c36b1856944a43cb9708a286d4afe6e64f3669913af91ba526813,1.0452523231506348,True,False,-0.03024773672223091,-0.34173309803009033,0.1259784698486328,1.1342577934265137,False,tracking_terminated_at61,,,,
candidate_G_seed_0,0,153,20,3,0,83,a00ada8e482c36b1856944a43cb9708a286d4afe6e64f3669913af91ba526813,0.9843603372573853,False,False,-0.07254621386528015,-0.4498388171195984,-0.09714365005493164,0.9074256420135498,True,continued_then_tracking_terminated_at62,61,62,1.0398920774459839,True
candidate_G_seed_0,0,153,39,0,1,156,a00ada8e482c36b1856944a43cb9708a286d4afe6e64f3669913af91ba526813,1.0008819103240967,True,False,-0.47534194588661194,-1.479297161102295,-0.6832822561264038,0.5049569010734558,False,tracking_terminated_at61,,,,
candidate_G_seed_0,0,154,20,0,0,80,8981e5348a930a14da21848146140e9e00cff61445ace832a71081a06cf84705,1.0284616947174072,True,False,-0.40742385387420654,-0.4408999979496002,-0.19812488555908203,0.820267379283905,False,tracking_terminated_at61,,,,
candidate_G_seed_0,0,154,20,2,0,82,8981e5348a930a14da21848146140e9e00cff61445ace832a71081a06cf84705,1.0201489925384521,True,False,0.15514273941516876,0.8890037536621094,0.19266510009765625,1.2124766111373901,False,tracking_terminated_at61,,,,
candidate_G_seed_0,0,154,38,1,1,153,8981e5348a930a14da21848146140e9e00cff61445ace832a71081a06cf84705,1.0089131593704224,True,False,0.11262790858745575,0.7884989976882935,-0.0930328369140625,0.9111635684967041,False,tracking_terminated_at61,,,,
candidate_G_seed_0,0,155,20,1,0,81,5d65681277c7325f8555e148b02cd23db03559bae00349db1fcca8cbdad500bf,0.9991447925567627,False,False,-0.46820855140686035,-1.0251489877700806,-0.03140735626220703,0.9690807461738586,True,continued_then_tracking_terminated_at62,61,62,1.0530471801757812,True
candidate_G_seed_0,0,155,20,2,0,82,5d65681277c7325f8555e148b02cd23db03559bae00349db1fcca8cbdad500bf,1.0189591646194458,True,False,-0.34427130222320557,-0.6966218948364258,-0.3151226043701172,0.729699432849884,False,tracking_terminated_at61,,,,
candidate_G_seed_0,0,155,20,3,0,83,5d65681277c7325f8555e148b02cd23db03559bae00349db1fcca8cbdad500bf,1.0181795358657837,True,False,-0.2515442669391632,-0.4508253335952759,-0.3627157211303711,0.6957842111587524,False,tracking_terminated_at61,,,,
candidate_G_seed_0,0,156,20,2,0,82,99ac2783e66dd3c930593075f49356d4f2a4bcbe5199c7d15e362dc0596ea635,1.0020686388015747,True,False,-0.2907281517982483,-0.673291027545929,0.20923233032226562,1.2327313423156738,False,tracking_terminated_at61,,,,
candidate_G_seed_0,0,156,20,3,0,83,99ac2783e66dd3c930593075f49356d4f2a4bcbe5199c7d15e362dc0596ea635,0.9983574151992798,False,False,-0.5498850345611572,-1.1856857538223267,0.10599517822265625,1.1118165254592896,True,continued_then_tracking_terminated_at62,61,62,1.0473772287368774,True
candidate_G_seed_0,0,157,36,2,1,146,7daaa659df9a926ef4b3af51edaec358b5a42971f705630d3d8a2cfbe43332c7,1.0027562379837036,True,False,-0.0894380658864975,-0.3617982864379883,0.09329843521118164,1.0977892875671387,False,tracking_terminated_at61,,,,
candidate_G_seed_0,0,158,20,0,0,80,cc178caf36d45ae1a66b07bde46a6c822edea2ef366425c15e93b2ca630c20e7,1.046324610710144,True,False,-0.11977900564670563,-0.8751515746116638,-0.29685497283935547,0.7431517839431763,False,tracking_terminated_at61,,,,
candidate_G_seed_0,0,158,20,2,0,82,cc178caf36d45ae1a66b07bde46a6c822edea2ef366425c15e93b2ca630c20e7,1.0053030252456665,True,False,-0.1345633715391159,-0.9226234555244446,-0.05594921112060547,0.945587158203125,False,tracking_terminated_at61,,,,
candidate_G_seed_0,0,158,20,3,0,83,cc178caf36d45ae1a66b07bde46a6c822edea2ef366425c15e93b2ca630c20e7,1.0348944664001465,True,False,-0.22702111303806305,-1.2195006608963013,0.1489877700805664,1.160658836364746,False,tracking_terminated_at61,,,,
candidate_G_seed_0,0,159,20,0,0,80,86216d864f8c96d3eaf756c1bdd53152ca9aafbdcc85e9ff69584833289ea05f,0.9898767471313477,False,False,-0.5366485118865967,-1.436517357826233,-0.059819698333740234,0.94193434715271,True,continued_then_tracking_terminated_at62,61,62,1.0414495468139648,True
candidate_G_seed_0,0,159,20,1,0,81,86216d864f8c96d3eaf756c1bdd53152ca9aafbdcc85e9ff69584833289ea05f,1.0059959888458252,True,False,-0.2688194215297699,-0.7226120233535767,-0.6729764938354492,0.5101877450942993,False,tracking_terminated_at61,,,,
candidate_G_seed_0,0,159,39,2,1,158,86216d864f8c96d3eaf756c1bdd53152ca9aafbdcc85e9ff69584833289ea05f,1.009770393371582,True,False,-0.3413647413253784,-0.9159833788871765,-0.36179256439208984,0.6964268088340759,False,tracking_terminated_at61,,,,
candidate_G_seed_0,0,160,20,0,0,80,5726f401b4a637001ae9637b9d6110622a5ef26a9d0a3785291001ef90261b66,1.0177277326583862,True,False,-0.28750258684158325,-0.7987164855003357,-0.9481115341186523,0.3874720633029938,False,tracking_terminated_at61,,,,
candidate_G_seed_0,0,160,20,1,0,81,5726f401b4a637001ae9637b9d6110622a5ef26a9d0a3785291001ef90261b66,1.0007959604263306,True,False,-0.5677549242973328,-1.380391240119934,-0.028771400451660156,0.971638560295105,False,tracking_terminated_at61,,,,
candidate_G_seed_0,0,160,20,3,0,83,5726f401b4a637001ae9637b9d6110622a5ef26a9d0a3785291001ef90261b66,1.0437670946121216,True,False,0.323196679353714,0.468813955783844,0.3526132106781006,1.4227807521820068,False,tracking_terminated_at61,,,,
candidate_G_seed_0,0,161,20,0,0,80,a8d7acca0be43396e772a4d083e1046cc6050ba0a506a2617a177f4efd5d85a3,1.0109591484069824,True,False,-0.04893627017736435,-0.5466476678848267,0.08550262451171875,1.0892643928527832,False,tracking_terminated_at61,,,,
candidate_G_seed_0,0,161,20,1,0,81,a8d7acca0be43396e772a4d083e1046cc6050ba0a506a2617a177f4efd5d85a3,1.0337786674499512,True,False,-0.556281328201294,-2.259709119796753,-0.06502914428710938,0.9370401501655579,False,tracking_terminated_at61,,,,
candidate_G_seed_0,0,161,20,3,0,83,a8d7acca0be43396e772a4d083e1046cc6050ba0a506a2617a177f4efd5d85a3,1.0011794567108154,True,False,-0.27218103408813477,-1.300438404083252,0.04673194885253906,1.0478410720825195,False,tracking_terminated_at61,,,,
candidate_G_seed_0,0,162,20,0,0,80,fde0c061436550a6660a028efc823883e1005bd86420e53e871cd706403dd1cd,1.0303922891616821,True,False,-0.5553051829338074,-1.876214623451233,-0.23924791812896729,0.7872197031974792,False,tracking_terminated_at61,,,,
candidate_G_seed_0,0,162,20,1,0,81,fde0c061436550a6660a028efc823883e1005bd86420e53e871cd706403dd1cd,1.0308001041412354,True,False,-0.46331512928009033,-1.598247766494751,-0.7279081344604492,0.4829181432723999,False,tracking_terminated_at61,,,,
candidate_G_seed_0,0,162,20,3,0,83,fde0c061436550a6660a028efc823883e1005bd86420e53e871cd706403dd1cd,1.0203322172164917,True,False,-0.2900402247905731,-1.0746619701385498,-0.3541550636291504,0.7017661333084106,False,tracking_terminated_at61,,,,
candidate_G_seed_0,0,163,20,0,0,80,98140f3ce65a6138cd7355f757cec90b872f582db7bd641b3b1ba3af18be1e0c,1.0182312726974487,True,False,0.07555447518825531,0.259276807308197,-0.2931537628173828,0.7459074258804321,False,tracking_terminated_at61,,,,
candidate_G_seed_0,0,163,20,1,0,81,98140f3ce65a6138cd7355f757cec90b872f582db7bd641b3b1ba3af18be1e0c,1.0005123615264893,True,False,-0.3411951959133148,-0.6436747908592224,-0.3978891372680664,0.671736478805542,False,tracking_terminated_at61,,,,
candidate_G_seed_0,0,163,20,2,0,82,98140f3ce65a6138cd7355f757cec90b872f582db7bd641b3b1ba3af18be1e0c,1.0126240253448486,True,False,-0.16778820753097534,-0.26796218752861023,-0.15460681915283203,0.8567519783973694,False,tracking_terminated_at61,,,,
candidate_G_seed_0,0,163,20,3,0,83,98140f3ce65a6138cd7355f757cec90b872f582db7bd641b3b1ba3af18be1e0c,1.0180282592773438,True,False,0.03236912563443184,0.16570915281772614,0.00017833709716796875,1.000178337097168,False,tracking_terminated_at61,,,,
candidate_G_seed_0,0,164,20,1,0,81,c9648885e54450c603dd20dfb95b169f199343f1bf18759ca21c4d61e8385787,1.0408978462219238,True,False,-0.12225541472434998,-0.2391255646944046,-0.30162882804870605,0.7396125197410583,False,tracking_terminated_at61,,,,
candidate_G_seed_0,0,164,20,2,0,82,c9648885e54450c603dd20dfb95b169f199343f1bf18759ca21c4d61e8385787,1.0101304054260254,True,False,-0.8262137174606323,-2.0011370182037354,-0.03816032409667969,0.9625586271286011,False,tracking_terminated_at61,,,,
candidate_G_seed_0,0,164,20,3,0,83,c9648885e54450c603dd20dfb95b169f199343f1bf18759ca21c4d61e8385787,1.0008307695388794,True,False,-0.23471958935260773,-0.5206239819526672,-0.06508255004882812,0.9369900822639465,False,tracking_terminated_at61,,,,
candidate_G_seed_0,0,164,39,0,1,156,c9648885e54450c603dd20dfb95b169f199343f1bf18759ca21c4d61e8385787,0.9666013717651367,False,False,0.1429443359375,0.42467087507247925,-0.4010190963745117,0.6696372628211975,True,right_censored_at_rollout_boundary,,,,
candidate_G_seed_0,0,165,20,0,0,80,77c54c3902290e6038e58c59628a52ee35fd721b4a46a56eb0cbd3e7d9d06dff,1.0118297338485718,True,False,-0.07243967801332474,-0.32600918412208557,0.15090179443359375,1.1628824472427368,False,tracking_terminated_at61,,,,
candidate_G_seed_0,0,165,20,1,0,81,77c54c3902290e6038e58c59628a52ee35fd721b4a46a56eb0cbd3e7d9d06dff,1.014936923980713,True,False,-0.2371968775987625,-0.6949963569641113,0.6938377618789673,2.0013816356658936,False,tracking_terminated_at61,,,,
candidate_G_seed_0,0,165,20,3,0,83,77c54c3902290e6038e58c59628a52ee35fd721b4a46a56eb0cbd3e7d9d06dff,1.0387037992477417,True,False,-0.6796681880950928,-1.685947060585022,-0.9556561708450317,0.3845597207546234,False,tracking_terminated_at61,,,,
candidate_G_seed_0,0,166,20,0,0,80,adb2ae0831b6681e4ccfd61c136936d440f5519cccfd2c251298925671fc270b,0.9844477772712708,False,False,-0.4758242964744568,-0.9067143201828003,-0.407318115234375,0.6654324531555176,True,continued_then_tracking_terminated_at62,61,62,1.0287845134735107,True
candidate_G_seed_0,0,166,20,2,0,82,adb2ae0831b6681e4ccfd61c136936d440f5519cccfd2c251298925671fc270b,0.9894563555717468,False,False,-0.2983381152153015,-0.4305552542209625,-0.2693204879760742,0.7638983726501465,True,continued_then_tracking_terminated_at62,61,62,1.0372027158737183,True
candidate_G_seed_0,0,166,38,3,1,155,adb2ae0831b6681e4ccfd61c136936d440f5519cccfd2c251298925671fc270b,1.0100359916687012,True,False,-0.21825939416885376,-0.21572044491767883,-0.4414811134338379,0.6430832147598267,False,tracking_terminated_at61,,,,
candidate_G_seed_0,0,167,20,0,0,80,6c099212dd1d816280947ce651e18734d635a32cdcc5adf744a3a01049a12dba,1.0599803924560547,True,False,-0.4710276424884796,-1.614656925201416,0.10859107971191406,1.1147063970565796,False,tracking_terminated_at61,,,,
candidate_G_seed_0,0,167,20,1,0,81,6c099212dd1d816280947ce651e18734d635a32cdcc5adf744a3a01049a12dba,1.0037102699279785,True,False,-0.38240689039230347,-1.3262165784835815,0.12586307525634766,1.134126901626587,False,tracking_terminated_at61,,,,
candidate_G_seed_0,0,167,20,2,0,82,6c099212dd1d816280947ce651e18734d635a32cdcc5adf744a3a01049a12dba,1.0181609392166138,True,False,-0.4774181544780731,-1.6354566812515259,-0.2419724464416504,0.7850778102874756,False,tracking_terminated_at61,,,,
candidate_G_seed_0,0,168,20,1,0,81,dff15c29116d3bfc2260d99bba7d1549994ac4fbd24789f3a5eec30159a4d9f4,1.0372569561004639,True,False,-0.4302065372467041,-1.2442976236343384,0.2734489440917969,1.3144901990890503,False,tracking_terminated_at61,,,,
candidate_G_seed_0,0,168,20,2,0,82,dff15c29116d3bfc2260d99bba7d1549994ac4fbd24789f3a5eec30159a4d9f4,1.0210391283035278,True,False,-0.44480007886886597,-1.2914214134216309,-0.2691459655761719,0.764031708240509,False,tracking_terminated_at61,,,,
candidate_G_seed_0,0,169,20,0,0,80,c70f8b11dac35e57f4bfa6c6502fd51ed7cc71284ca9831ca8f79ef8885449e8,1.0244746208190918,True,False,0.04964370280504227,-0.09193290770053864,-0.14780139923095703,0.8626024127006531,False,tracking_terminated_at61,,,,
candidate_G_seed_0,0,169,20,2,0,82,c70f8b11dac35e57f4bfa6c6502fd51ed7cc71284ca9831ca8f79ef8885449e8,1.0004258155822754,True,False,-0.09356236457824707,-0.6966674327850342,-0.3409137725830078,0.7111202478408813,False,tracking_terminated_at61,,,,
candidate_G_seed_0,0,169,20,3,0,83,c70f8b11dac35e57f4bfa6c6502fd51ed7cc71284ca9831ca8f79ef8885449e8,0.9940435290336609,False,False,-0.43169498443603516,-2.1245431900024414,-0.03399848937988281,0.9665729403495789,True,continued_then_tracking_terminated_at62,61,62,1.0475049018859863,True
candidate_G_seed_0,0,170,20,1,0,81,e59d41acee5d1c61cd42283043be500b62ffb7d6f131c01e72c57ef7490fc943,1.0245083570480347,True,False,-0.02605002000927925,0.32714352011680603,0.39801931381225586,1.488872766494751,False,tracking_terminated_at61,,,,
candidate_G_seed_0,0,171,20,0,0,80,f2de0512f4ccf35604e631f397b229d573ccf4d0d17d016efa53395b64857ceb,1.005462408065796,True,False,-0.5705694556236267,-2.055619955062866,-0.703880786895752,0.4946618974208832,False,tracking_terminated_at61,,,,
candidate_G_seed_0,0,171,20,1,0,81,f2de0512f4ccf35604e631f397b229d573ccf4d0d17d016efa53395b64857ceb,1.007509708404541,True,False,-0.5475267767906189,-1.9938483238220215,0.0906829833984375,1.0949218273162842,False,tracking_terminated_at61,,,,
candidate_G_seed_0,0,171,20,2,0,82,f2de0512f4ccf35604e631f397b229d573ccf4d0d17d016efa53395b64857ceb,1.0482304096221924,True,False,-0.23757989704608917,-1.1629574298858643,-0.2461690902709961,0.781790018081665,False,tracking_terminated_at61,,,,
candidate_G_seed_0,0,171,20,3,0,83,f2de0512f4ccf35604e631f397b229d573ccf4d0d17d016efa53395b64857ceb,1.0114190578460693,True,False,-0.45897358655929565,-1.75645911693573,-0.5518801212310791,0.5758661031723022,False,tracking_terminated_at61,,,,
candidate_G_seed_0,0,172,20,0,0,80,082a259be6554331baf93d78d9df040a796be9db6675c66fae8eecf752f95dde,0.9966812133789062,False,False,-0.33718711137771606,-1.4745869636535645,-0.6119930744171143,0.5422689914703369,True,continued_then_tracking_terminated_at62,61,62,1.0535149574279785,True
candidate_G_seed_0,0,172,20,2,0,82,082a259be6554331baf93d78d9df040a796be9db6675c66fae8eecf752f95dde,0.9892095923423767,False,False,-0.32413434982299805,-1.4296021461486816,-0.02646923065185547,0.973878026008606,True,continued_then_tracking_terminated_at62,61,62,1.033406376838684,True
candidate_G_seed_0,0,172,20,3,0,83,082a259be6554331baf93d78d9df040a796be9db6675c66fae8eecf752f95dde,1.0557736158370972,True,False,-0.5103188753128052,-2.07126522064209,-0.08880329132080078,0.915025532245636,False,tracking_terminated_at61,,,,
candidate_G_seed_0,0,173,20,1,0,81,50cfea47d7ad099841bc7d8540240a60981f8282bbb8e4aafe636aa6cf5461ac,1.063684105873108,True,False,-0.1697222739458084,0.17029230296611786,-0.11203765869140625,0.894010603427887,False,tracking_terminated_at61,,,,
candidate_G_seed_0,0,173,35,0,1,140,50cfea47d7ad099841bc7d8540240a60981f8282bbb8e4aafe636aa6cf5461ac,1.017529845237732,True,False,-0.1108672022819519,0.278604120016098,0.5172100067138672,1.677341341972351,False,tracking_terminated_at61,,,,
candidate_G_seed_0,0,173,37,2,1,150,50cfea47d7ad099841bc7d8540240a60981f8282bbb8e4aafe636aa6cf5461ac,1.0147053003311157,True,False,-0.14883333444595337,0.20873451232910156,-0.7425700426101685,0.47588929533958435,False,tracking_terminated_at61,,,,
candidate_G_seed_0,0,174,20,1,0,81,400d4ce7b1e16eb9edf57a4fd254098ff107ea6a02337832539e2ec8463a43a2,1.000447154045105,True,False,-0.057262323796749115,-0.4057229161262512,-0.5517363548278809,0.5759488940238953,False,tracking_terminated_at61,,,,
candidate_G_seed_0,0,174,20,2,0,82,400d4ce7b1e16eb9edf57a4fd254098ff107ea6a02337832539e2ec8463a43a2,1.0200670957565308,True,False,-0.12805402278900146,-0.6538353562355042,0.07112979888916016,1.0737205743789673,False,tracking_terminated_at61,,,,
candidate_G_seed_0,0,174,20,3,0,83,400d4ce7b1e16eb9edf57a4fd254098ff107ea6a02337832539e2ec8463a43a2,1.0071499347686768,True,False,-0.5553485751152039,-2.151427745819092,-0.14584970474243164,0.8642876148223877,False,tracking_terminated_at61,,,,
candidate_G_seed_0,0,175,20,1,0,81,58df5739ee272b76efaaa87b5cd24cfd78f06569553717aeee2eea00998a9dd5,0.9574992060661316,False,False,-0.5721180438995361,-0.9459402561187744,0.17195606231689453,1.1876256465911865,True,continued_then_tracking_terminated_at62,61,62,1.007900357246399,True
candidate_G_seed_0,0,175,36,0,1,144,58df5739ee272b76efaaa87b5cd24cfd78f06569553717aeee2eea00998a9dd5,1.0296968221664429,True,False,-0.33742421865463257,-0.2860930562019348,0.20714950561523438,1.2301664352416992,False,tracking_terminated_at61,,,,
candidate_G_seed_0,0,176,20,0,0,80,5d1cc74ca6ddf889407cc04bad92c3b9ee5af5f12d05efa2051de621578e61a1,1.0112760066986084,True,False,-0.42301660776138306,-1.1250303983688354,0.23505210876464844,1.2649747133255005,False,tracking_terminated_at61,,,,
candidate_G_seed_0,0,176,20,1,0,81,5d1cc74ca6ddf889407cc04bad92c3b9ee5af5f12d05efa2051de621578e61a1,0.9675852656364441,False,False,-0.2797279953956604,-0.7568596005439758,0.0967721939086914,1.1016093492507935,True,continued_then_tracking_terminated_at62,61,62,1.0228580236434937,True
candidate_G_seed_0,0,176,20,2,0,82,5d1cc74ca6ddf889407cc04bad92c3b9ee5af5f12d05efa2051de621578e61a1,0.9656904935836792,False,False,-0.5164190530776978,-1.36502206325531,0.19247722625732422,1.2122489213943481,True,continued_then_tracking_terminated_at62,61,62,1.0308897495269775,True
candidate_G_seed_0,0,176,20,3,0,83,5d1cc74ca6ddf889407cc04bad92c3b9ee5af5f12d05efa2051de621578e61a1,0.977708637714386,False,False,-0.46938514709472656,-1.244171380996704,-0.058630943298339844,0.943054735660553,True,continued_then_tracking_terminated_at62,61,62,1.0496559143066406,True
candidate_G_seed_0,0,177,20,1,0,81,b8332b9b5d243c563be09895a630798841eba1c07eb3b9343ffc96a9dc565ac6,1.0161575078964233,True,False,-0.17198562622070312,-0.5490335822105408,-0.2879297733306885,0.7498142719268799,False,tracking_terminated_at61,,,,
candidate_G_seed_0,0,177,20,2,0,82,b8332b9b5d243c563be09895a630798841eba1c07eb3b9343ffc96a9dc565ac6,0.9996849298477173,False,False,-0.45555973052978516,-1.2487432956695557,-0.1303567886352539,0.8777821660041809,True,continued_then_tracking_terminated_at62,61,62,1.0393308401107788,True
candidate_G_seed_0,0,177,20,3,0,83,b8332b9b5d243c563be09895a630798841eba1c07eb3b9343ffc96a9dc565ac6,1.033945083618164,True,False,-0.2682553231716156,-0.7865758538246155,-0.33888721466064453,0.7125627994537354,False,tracking_terminated_at61,,,,
candidate_G_seed_0,0,177,37,0,1,148,b8332b9b5d243c563be09895a630798841eba1c07eb3b9343ffc96a9dc565ac6,1.0123411417007446,True,False,-0.320543110370636,-0.915594220161438,-0.38550758361816406,0.6801053285598755,False,tracking_terminated_at61,,,,
candidate_G_seed_0,0,178,20,2,0,82,1d72e346c22194f4f8848d0ce98bf9549dd45c8b99dd5e07a9b85792847c352f,1.0551409721374512,True,False,-0.12282787263393402,0.0737004429101944,-0.32343006134033203,0.7236625552177429,False,tracking_terminated_at61,,,,
candidate_G_seed_0,0,178,20,3,0,83,1d72e346c22194f4f8848d0ce98bf9549dd45c8b99dd5e07a9b85792847c352f,1.0321552753448486,True,False,-0.13705046474933624,0.038538187742233276,0.27090024948120117,1.311144232749939,False,tracking_terminated_at61,,,,
candidate_G_seed_0,0,179,20,0,0,80,2a726f011cc2c5b2df1163ebdd997c3314825a876bb4a64a65350b758e35c178,1.042265772819519,True,False,-0.07957737892866135,0.4021344780921936,-0.05786323547363281,0.9437789916992188,False,tracking_terminated_at61,,,,
candidate_G_seed_0,0,179,20,1,0,81,2a726f011cc2c5b2df1163ebdd997c3314825a876bb4a64a65350b758e35c178,1.0368778705596924,True,False,-0.45489174127578735,-0.29249951243400574,0.0009288787841796875,1.000929355621338,False,tracking_terminated_at61,,,,
candidate_G_seed_0,0,179,35,2,1,142,2a726f011cc2c5b2df1163ebdd997c3314825a876bb4a64a65350b758e35c178,0.9898921847343445,False,False,-0.304185152053833,-0.0135708749294281,0.3030533790588379,1.3539867401123047,True,continued_then_tracking_terminated_at62,61,62,1.0313820838928223,True
candidate_G_seed_0,0,179,39,3,1,159,2a726f011cc2c5b2df1163ebdd997c3314825a876bb4a64a65350b758e35c178,1.0531712770462036,True,False,-0.16879712045192719,0.2370060831308365,0.15280818939208984,1.1651015281677246,False,tracking_terminated_at61,,,,
candidate_G_seed_0,0,180,20,1,0,81,a68be0a07ca73a58df2b394084fb034b22392efe9fd7ec5049c75087c3ddc552,1.0068789720535278,True,False,-0.27476269006729126,-0.7445279955863953,-0.18278980255126953,0.8329432010650635,False,tracking_terminated_at61,,,,
candidate_G_seed_0,0,180,20,3,0,83,a68be0a07ca73a58df2b394084fb034b22392efe9fd7ec5049c75087c3ddc552,1.0190603733062744,True,False,-0.2316153347492218,-0.6166253685951233,-0.15938663482666016,0.8526666164398193,False,tracking_terminated_at61,,,,
candidate_G_seed_0,0,180,37,0,1,148,a68be0a07ca73a58df2b394084fb034b22392efe9fd7ec5049c75087c3ddc552,1.0570366382598877,True,False,-0.3015041947364807,-0.8237983584403992,-0.2455759048461914,0.7822539210319519,False,tracking_terminated_at61,,,,
candidate_G_seed_0,0,181,20,1,0,81,edbe132c99a03c866300fdaffbe2a8d309cdb9230e3b8127e05c727ddf0095b5,0.9842466711997986,False,False,-0.5776370763778687,-2.0543107986450195,-0.3230857849121094,0.7239117622375488,True,continued_then_tracking_terminated_at62,61,62,1.0260785818099976,True
candidate_G_seed_0,0,181,20,2,0,82,edbe132c99a03c866300fdaffbe2a8d309cdb9230e3b8127e05c727ddf0095b5,1.0482635498046875,True,False,-0.4257485568523407,-1.6601282358169556,-0.08903694152832031,0.9148117899894714,False,tracking_terminated_at61,,,,
candidate_G_seed_0,0,181,39,0,1,156,edbe132c99a03c866300fdaffbe2a8d309cdb9230e3b8127e05c727ddf0095b5,1.0127217769622803,True,False,-0.3774479031562805,-1.5347778797149658,0.060932159423828125,1.0628267526626587,False,tracking_terminated_at61,,,,
candidate_G_seed_0,0,182,20,1,0,81,edbc0cfed4d234afcccf3fb22a19ad548c5035af62110fd87b2f01e2361068b3,1.0224844217300415,True,False,0.07164274156093597,0.1933823674917221,-0.2656564712524414,0.7667024731636047,False,tracking_terminated_at61,,,,
candidate_G_seed_0,0,182,20,2,0,82,edbc0cfed4d234afcccf3fb22a19ad548c5035af62110fd87b2f01e2361068b3,1.0142264366149902,True,False,0.1328422874212265,0.3566042482852936,-0.0835123062133789,0.9198797941207886,False,tracking_terminated_at61,,,,
candidate_G_seed_0,0,182,20,3,0,83,edbc0cfed4d234afcccf3fb22a19ad548c5035af62110fd87b2f01e2361068b3,0.9820948243141174,False,False,-0.5311051607131958,-1.414172649383545,-0.5199832916259766,0.594530463218689,True,continued_then_tracking_terminated_at62,61,62,1.0463863611221313,True
candidate_G_seed_0,0,183,20,0,0,80,71b096291c31a8e754364af6a042bfe2a6d01f0c0a61c7f8d833e68ca94f3a12,0.9684075713157654,False,False,-0.08805125951766968,-0.31917816400527954,-0.005130767822265625,0.994882345199585,True,continued_then_tracking_terminated_at62,61,62,1.035400390625,True
candidate_G_seed_0,0,183,20,1,0,81,71b096291c31a8e754364af6a042bfe2a6d01f0c0a61c7f8d833e68ca94f3a12,1.0289959907531738,True,False,0.24803106486797333,0.6892375349998474,0.5891628265380859,1.8024787902832031,False,tracking_terminated_at61,,,,
candidate_G_seed_0,0,183,20,3,0,83,71b096291c31a8e754364af6a042bfe2a6d01f0c0a61c7f8d833e68ca94f3a12,1.003735899925232,True,False,0.023895233869552612,0.01671752519905567,-0.20215988159179688,0.816964328289032,False,tracking_terminated_at61,,,,
candidate_G_seed_0,0,184,20,2,0,82,0c4252ea4aaa8ffb15bc726bf9ddc5d0c4f3375ffe75b9a350c3fce503ecb36e,1.0103121995925903,True,False,0.0627933144569397,0.298333078622818,-0.2952232360839844,0.744365394115448,False,tracking_terminated_at61,,,,
candidate_G_seed_0,0,184,20,3,0,83,0c4252ea4aaa8ffb15bc726bf9ddc5d0c4f3375ffe75b9a350c3fce503ecb36e,1.0168890953063965,True,False,-0.15648090839385986,-0.07874522358179092,-0.3205862045288086,0.7257235050201416,False,tracking_terminated_at61,,,,
candidate_G_seed_0,0,184,32,1,1,129,0c4252ea4aaa8ffb15bc726bf9ddc5d0c4f3375ffe75b9a350c3fce503ecb36e,0.9850142002105713,False,False,-0.276281476020813,-0.28476211428642273,-0.5739107131958008,0.563318133354187,True,continued_then_tracking_terminated_at62,61,62,1.0281200408935547,True
candidate_G_seed_0,0,185,20,0,0,80,c719c3b7b9eeba5aadeb9e879059222db949f11a814164c3f1c59deb4a94b4c5,1.0278369188308716,True,False,-0.4314744472503662,-0.7800891995429993,-0.17538738250732422,0.8391318917274475,False,tracking_terminated_at61,,,,
candidate_G_seed_0,0,185,20,2,0,82,c719c3b7b9eeba5aadeb9e879059222db949f11a814164c3f1c59deb4a94b4c5,0.9955351948738098,False,False,-0.8387574553489685,-1.8001339435577393,-0.2991976737976074,0.7414128184318542,True,continued_then_tracking_terminated_at62,61,62,1.0486671924591064,True
candidate_G_seed_0,0,185,34,1,1,137,c719c3b7b9eeba5aadeb9e879059222db949f11a814164c3f1c59deb4a94b4c5,1.0075746774673462,True,False,-0.6594870686531067,-1.351149320602417,-0.16032791137695312,0.8518643975257874,False,tracking_terminated_at61,,,,
candidate_G_seed_0,0,186,20,0,0,80,6386a599fc25a7c2880088a725fcacb7a7bfc0c640cbc71cdd42da0c0fa8656a,1.0154091119766235,True,False,-0.5569325685501099,-1.2404916286468506,-0.48624420166015625,0.6149316430091858,False,tracking_terminated_at61,,,,
candidate_G_seed_0,0,186,20,1,0,81,6386a599fc25a7c2880088a725fcacb7a7bfc0c640cbc71cdd42da0c0fa8656a,1.023016333580017,True,False,-0.38682785630226135,-0.8359620571136475,-0.7441070079803467,0.4751584231853485,False,tracking_terminated_at61,,,,
candidate_G_seed_0,0,187,20,0,0,80,1af97ea2d0ef63998e68d597aba7edb342622fe2dd8e7da3ba2af5249400e1d4,1.0330218076705933,True,False,-0.33833131194114685,-0.7040640711784363,0.20921993255615234,1.2327160835266113,False,tracking_terminated_at61,,,,
candidate_G_seed_0,0,187,20,2,0,82,1af97ea2d0ef63998e68d597aba7edb342622fe2dd8e7da3ba2af5249400e1d4,0.9897435903549194,False,False,-0.5100424289703369,-1.1075986623764038,0.33905792236328125,1.4036246538162231,True,continued_then_tracking_terminated_at62,61,62,1.0317132472991943,True
candidate_G_seed_0,0,187,20,3,0,83,1af97ea2d0ef63998e68d597aba7edb342622fe2dd8e7da3ba2af5249400e1d4,1.0109882354736328,True,False,-0.3196828067302704,-0.6602386236190796,-0.31279563903808594,0.7313993573188782,False,tracking_terminated_at61,,,,
candidate_G_seed_0,0,188,20,0,0,80,518c01fcd33375a3e1a90c4da7bc330f43fe0d598b60bcf86116cee85b6c1c11,1.0278162956237793,True,False,0.0035840515047311783,0.009887385182082653,0.20201587677001953,1.223867416381836,False,tracking_terminated_at61,,,,
candidate_G_seed_0,0,188,20,1,0,81,518c01fcd33375a3e1a90c4da7bc330f43fe0d598b60bcf86116cee85b6c1c11,1.0398024320602417,True,False,-0.17268937826156616,-0.41808193922042847,-0.02248859405517578,0.9777624011039734,False,tracking_terminated_at61,,,,
candidate_G_seed_0,0,188,20,2,0,82,518c01fcd33375a3e1a90c4da7bc330f43fe0d598b60bcf86116cee85b6c1c11,1.011691689491272,True,False,-0.2592078447341919,-0.6281377077102661,0.1876087188720703,1.2063614130020142,False,tracking_terminated_at61,,,,
candidate_G_seed_0,0,188,35,3,1,143,518c01fcd33375a3e1a90c4da7bc330f43fe0d598b60bcf86116cee85b6c1c11,0.9968708157539368,False,False,0.039878785610198975,0.09800635278224945,-0.29155731201171875,0.7470992207527161,True,continued_then_tracking_terminated_at62,61,62,1.0569132566452026,True
candidate_G_seed_0,0,189,20,0,0,80,4f426d00fb78869947f81aa851ee528c6f053e17c7b2205792df8a96b1db7e08,0.9896692633628845,False,False,-0.05157935619354248,-0.07861272245645523,-0.13117599487304688,0.8770633935928345,True,continued_then_tracking_terminated_at62,61,62,1.0289585590362549,True
candidate_G_seed_0,0,189,20,1,0,81,4f426d00fb78869947f81aa851ee528c6f053e17c7b2205792df8a96b1db7e08,1.0343124866485596,True,False,-0.2494679093360901,-0.5508878827095032,0.09368896484375,1.0982180833816528,False,tracking_terminated_at61,,,,
candidate_G_seed_0,0,189,20,2,0,82,4f426d00fb78869947f81aa851ee528c6f053e17c7b2205792df8a96b1db7e08,0.9993358850479126,False,False,-0.5369923114776611,-1.2370853424072266,-0.009152412414550781,0.9908893704414368,True,continued_then_tracking_terminated_at62,61,62,1.054134488105774,True
candidate_G_seed_0,0,189,20,3,0,83,4f426d00fb78869947f81aa851ee528c6f053e17c7b2205792df8a96b1db7e08,0.988719642162323,False,False,-0.36769992113113403,-0.8330570459365845,0.034399986267089844,1.0349985361099243,True,continued_then_tracking_terminated_at62,61,62,1.0474646091461182,True
candidate_G_seed_0,0,190,20,0,0,80,245fb6cfab68d83fbd8f781948ef9ac5cd7e05dccbba0633f2cb828bad8b0eac,1.017048716545105,True,False,-0.3350698947906494,-0.6979618668556213,-0.25351524353027344,0.7760679125785828,False,tracking_terminated_at61,,,,
candidate_G_seed_0,0,190,20,1,0,81,245fb6cfab68d83fbd8f781948ef9ac5cd7e05dccbba0633f2cb828bad8b0eac,1.0276472568511963,True,False,-0.23016126453876495,-0.4940706789493561,0.07928943634033203,1.0825176239013672,False,tracking_terminated_at61,,,,
candidate_G_seed_0,0,190,31,2,1,126,245fb6cfab68d83fbd8f781948ef9ac5cd7e05dccbba0633f2cb828bad8b0eac,0.9961712956428528,False,False,0.16717529296875,0.2781579792499542,-0.040874481201171875,0.9599496126174927,True,continued_then_tracking_terminated_at62,61,62,1.0406142473220825,True
candidate_G_seed_0,0,191,20,0,0,80,286280622050e61010ac08e145798fd70476893c3e1ffe1c5dc2b3705b65cb5a,1.0194926261901855,True,False,-0.5052826404571533,-1.1171165704727173,0.013754844665527344,1.0138498544692993,False,tracking_terminated_at61,,,,
candidate_G_seed_0,0,191,20,3,0,83,286280622050e61010ac08e145798fd70476893c3e1ffe1c5dc2b3705b65cb5a,1.0107115507125854,True,False,-0.40355247259140015,-0.8580514788627625,0.2430400848388672,1.2751197814941406,False,tracking_terminated_at61,,,,
candidate_G_seed_0,0,191,35,2,1,142,286280622050e61010ac08e145798fd70476893c3e1ffe1c5dc2b3705b65cb5a,1.018125057220459,True,False,-0.1852065920829773,-0.30201399326324463,-0.09118843078613281,0.9128456711769104,False,tracking_terminated_at61,,,,
candidate_G_seed_0,0,192,20,1,0,81,97c0e0e5d1fc031d2761002eba4befeaf9745747f44846805b5131afd8f64935,1.0164424180984497,True,False,-0.427196741104126,-1.2018680572509766,0.16181373596191406,1.1756412982940674,False,tracking_terminated_at61,,,,
candidate_G_seed_0,0,192,20,2,0,82,97c0e0e5d1fc031d2761002eba4befeaf9745747f44846805b5131afd8f64935,1.0316100120544434,True,False,-0.44682934880256653,-1.2641844749450684,-0.0696401596069336,0.9327293634414673,False,tracking_terminated_at61,,,,
candidate_G_seed_0,0,192,20,3,0,83,97c0e0e5d1fc031d2761002eba4befeaf9745747f44846805b5131afd8f64935,1.0200157165527344,True,False,-0.0783434510231018,-0.09456539899110794,-0.15462255477905273,0.8567385077476501,False,tracking_terminated_at61,,,,
candidate_G_seed_0,0,193,20,1,0,81,f1aa418e0dbebca8bd17b20054434fadcf3672aafcb5c85f273c7f4da2f752bc,1.0162702798843384,True,False,-0.2931661903858185,-1.1667156219482422,-0.09071731567382812,0.9132758378982544,False,tracking_terminated_at61,,,,
candidate_G_seed_0,0,193,20,2,0,82,f1aa418e0dbebca8bd17b20054434fadcf3672aafcb5c85f273c7f4da2f752bc,1.016432762145996,True,False,-0.5553502440452576,-1.860917568206787,-0.47262001037597656,0.6233668923377991,False,tracking_terminated_at61,,,,
candidate_G_seed_0,0,193,20,3,0,83,f1aa418e0dbebca8bd17b20054434fadcf3672aafcb5c85f273c7f4da2f752bc,1.0423054695129395,True,False,-0.21906954050064087,-0.9705250859260559,-0.07730579376220703,0.9256067872047424,False,tracking_terminated_at61,,,,
candidate_G_seed_0,0,193,38,0,1,152,f1aa418e0dbebca8bd17b20054434fadcf3672aafcb5c85f273c7f4da2f752bc,1.034472942352295,True,False,-0.2025757133960724,-0.9268532395362854,-0.5502262115478516,0.5768193006515503,False,tracking_terminated_at61,,,,
candidate_G_seed_0,0,194,20,2,0,82,3fec99630b3b3605b9cd1b449e58efbfd4728e0ef48686887fe528f2073e142f,1.0016582012176514,True,False,-0.3783155083656311,-1.3638476133346558,0.014711380004882812,1.0148200988769531,False,tracking_terminated_at61,,,,
candidate_G_seed_0,0,194,20,3,0,83,3fec99630b3b3605b9cd1b449e58efbfd4728e0ef48686887fe528f2073e142f,1.0239216089248657,True,False,-0.18981580436229706,-0.7619916200637817,0.1262044906616211,1.1345140933990479,False,tracking_terminated_at61,,,,
candidate_G_seed_0,0,195,20,2,0,82,70f41a3af79d7439273b45546210a9ce5909a5a087fa35f76f974f7d6bf8288b,0.9716570377349854,False,False,-0.18274974822998047,-0.29344668984413147,-0.33180856704711914,0.7176246643066406,True,continued_then_tracking_terminated_at62,61,62,1.0313973426818848,True
candidate_G_seed_0,0,196,20,0,0,80,ac823fac54169810ad87fe0a4a1fd51cceb9143887a747fcaa061376617301b0,0.9900628924369812,False,False,-0.4249422550201416,-0.8330029845237732,0.14480352401733398,1.1558125019073486,True,continued_then_tracking_terminated_at62,61,62,1.028734564781189,True
candidate_G_seed_0,0,196,20,1,0,81,ac823fac54169810ad87fe0a4a1fd51cceb9143887a747fcaa061376617301b0,1.0054038763046265,True,False,-0.0036244154907763004,0.07908272743225098,-0.27433156967163086,0.7600800395011902,False,tracking_terminated_at61,,,,
candidate_G_seed_0,0,196,20,2,0,82,ac823fac54169810ad87fe0a4a1fd51cceb9143887a747fcaa061376617301b0,1.0265597105026245,True,False,-0.07649844884872437,-0.07867790013551712,-0.08461570739746094,0.9188653230667114,False,tracking_terminated_at61,,,,
candidate_G_seed_0,0,197,20,0,0,80,6d9855616093773020c736e8bb0fc2dabd6d1bbd38c1deae106241ecd6443a30,1.0192828178405762,True,False,-0.26994913816452026,-0.9635866284370422,-0.4823579788208008,0.617326021194458,False,tracking_terminated_at61,,,,
candidate_G_seed_0,0,197,20,1,0,81,6d9855616093773020c736e8bb0fc2dabd6d1bbd38c1deae106241ecd6443a30,0.995753288269043,False,False,-0.22477632761001587,-0.8600757718086243,0.31100475788116455,1.3647956848144531,True,continued_then_tracking_terminated_at62,61,62,1.0482215881347656,True
candidate_G_seed_0,0,197,20,2,0,82,6d9855616093773020c736e8bb0fc2dabd6d1bbd38c1deae106241ecd6443a30,1.0305440425872803,True,False,-0.06122276186943054,-0.4853023290634155,-0.036054015159606934,0.9645881652832031,False,tracking_terminated_at61,,,,
candidate_G_seed_0,0,197,20,3,0,83,6d9855616093773020c736e8bb0fc2dabd6d1bbd38c1deae106241ecd6443a30,1.0386402606964111,True,False,-0.4990702271461487,-1.488604187965393,0.46224355697631836,1.5876319408416748,False,tracking_terminated_at61,,,,
candidate_G_seed_0,0,198,20,1,0,81,5ec0cf34b99d7cf0d0d27ec7f1810228cbb2be5c993604bee8dbf6e79fe4caab,1.0370004177093506,True,False,-0.3828154504299164,-0.3972424268722534,0.0702066421508789,1.0727298259735107,False,tracking_terminated_at61,,,,
candidate_G_seed_0,0,198,20,2,0,82,5ec0cf34b99d7cf0d0d27ec7f1810228cbb2be5c993604bee8dbf6e79fe4caab,1.0262428522109985,True,False,-0.13661450147628784,0.019132737070322037,-0.34202003479003906,0.7103340029716492,False,tracking_terminated_at61,,,,
candidate_G_seed_0,0,198,20,3,0,83,5ec0cf34b99d7cf0d0d27ec7f1810228cbb2be5c993604bee8dbf6e79fe4caab,0.9902690052986145,False,False,-0.5234214663505554,-0.6350353956222534,-0.06475639343261719,0.9372957944869995,True,continued_then_tracking_terminated_at62,61,62,1.0448552370071411,True
candidate_G_seed_0,0,199,20,1,0,81,caf5c1c4a1a7438b17969917556463203854786bc226520c39f6cee55d0542a3,1.039509892463684,True,False,-0.38616040349006653,-1.188159704208374,-0.007205963134765625,0.9928199648857117,False,tracking_terminated_at61,,,,
candidate_G_seed_0,0,199,20,2,0,82,caf5c1c4a1a7438b17969917556463203854786bc226520c39f6cee55d0542a3,0.9993638396263123,False,False,-0.5152479410171509,-1.5114457607269287,0.14940929412841797,1.161148190498352,True,continued_then_tracking_terminated_at62,61,62,1.0423272848129272,True
candidate_G_seed_0,0,200,20,1,0,81,15084c409694a0c091dcf6a9ee3a05af3635c401f977f9c00ace607fdb36a4cf,1.0464099645614624,True,False,-0.3250957727432251,-0.8895496726036072,-0.16695213317871094,0.8462401032447815,False,tracking_terminated_at61,,,,
candidate_G_seed_0,0,200,20,2,0,82,15084c409694a0c091dcf6a9ee3a05af3635c401f977f9c00ace607fdb36a4cf,1.007827639579773,True,False,-0.28957244753837585,-0.7912030816078186,-0.2178630828857422,0.804235577583313,False,tracking_terminated_at61,,,,
candidate_G_seed_0,0,200,20,3,0,83,15084c409694a0c091dcf6a9ee3a05af3635c401f977f9c00ace607fdb36a4cf,1.051587462425232,True,False,-0.163974329829216,-0.44348374009132385,0.09365558624267578,1.0981814861297607,False,tracking_terminated_at61,,,,
candidate_G_seed_0,0,200,38,0,1,152,15084c409694a0c091dcf6a9ee3a05af3635c401f977f9c00ace607fdb36a4cf,1.0015456676483154,True,False,-0.38927555084228516,-1.0672318935394287,-0.1752462387084961,0.8392503261566162,False,tracking_terminated_at61,,,,
candidate_G_seed_0,0,201,20,0,0,80,c854d25d81d11b2b4382a5e5bf39efa8b5b84d9430974bdb932b722b06e36a91,1.005808711051941,True,False,-0.17351950705051422,-1.152688980102539,0.05870819091796875,1.060465693473816,False,tracking_terminated_at61,,,,
candidate_G_seed_0,0,201,20,2,0,82,c854d25d81d11b2b4382a5e5bf39efa8b5b84d9430974bdb932b722b06e36a91,0.9800668358802795,False,False,-0.6983575820922852,-2.6268723011016846,-0.20295429229736328,0.8163155317306519,True,continued_then_tracking_terminated_at62,61,62,1.0243302583694458,True
candidate_G_seed_0,0,201,20,3,0,83,c854d25d81d11b2b4382a5e5bf39efa8b5b84d9430974bdb932b722b06e36a91,1.0107808113098145,True,False,-0.4537033140659332,-1.9396789073944092,-0.23906278610229492,0.7873654365539551,False,tracking_terminated_at61,,,,
candidate_G_seed_0,0,202,20,0,0,80,e4172276ff65f0748e9593c5ad19e7e2e00aeee6300b70cb8c43ccc97e7fa6ca,0.9933447241783142,False,False,-0.503343403339386,-2.0801033973693848,-0.32682323455810547,0.7212111949920654,True,continued_then_tracking_terminated_at62,61,62,1.0493042469024658,True
candidate_G_seed_0,0,202,20,1,0,81,e4172276ff65f0748e9593c5ad19e7e2e00aeee6300b70cb8c43ccc97e7fa6ca,1.0437655448913574,True,False,-0.01735527440905571,-0.6706059575080872,-0.3268136978149414,0.7212181091308594,False,tracking_terminated_at61,,,,
candidate_G_seed_0,0,202,20,3,0,83,e4172276ff65f0748e9593c5ad19e7e2e00aeee6300b70cb8c43ccc97e7fa6ca,1.0043976306915283,True,False,-0.35342541337013245,-1.6453005075454712,-0.23227691650390625,0.7927265763282776,False,tracking_terminated_at61,,,,
candidate_G_seed_0,0,203,20,0,0,80,eeb6b93548a246f1920b85330e4b54292a578b6032e8003f8bc5bcdde1985790,1.0334123373031616,True,False,-0.03028935194015503,0.0034400038421154022,0.13571643829345703,1.1453570127487183,False,tracking_terminated_at61,,,,
candidate_G_seed_0,0,203,20,1,0,81,eeb6b93548a246f1920b85330e4b54292a578b6032e8003f8bc5bcdde1985790,1.041564702987671,True,False,-0.1282331794500351,-0.27988380193710327,0.17513084411621094,1.1914020776748657,False,tracking_terminated_at61,,,,
candidate_G_seed_0,0,203,20,2,0,82,eeb6b93548a246f1920b85330e4b54292a578b6032e8003f8bc5bcdde1985790,1.0035268068313599,True,False,-0.43107929825782776,-1.1559319496154785,-0.08760356903076172,0.9161239862442017,False,tracking_terminated_at61,,,,
candidate_G_seed_0,0,203,20,3,0,83,eeb6b93548a246f1920b85330e4b54292a578b6032e8003f8bc5bcdde1985790,1.0087021589279175,True,False,0.2789992690086365,0.8981245160102844,0.36098766326904297,1.4347457885742188,False,tracking_terminated_at61,,,,
candidate_G_seed_0,0,204,20,1,0,81,df6a2d2f942a14d0f5aa990f1d6b3cf77c712caad500de89ce53d0fb35a8b650,1.0474003553390503,True,False,-0.40654316544532776,-0.37238195538520813,-0.10230827331542969,0.9027512073516846,False,tracking_terminated_at61,,,,
candidate_G_seed_0,0,204,20,3,0,83,df6a2d2f942a14d0f5aa990f1d6b3cf77c712caad500de89ce53d0fb35a8b650,1.0476847887039185,True,False,-0.3704278767108917,-0.29590699076652527,0.0014281272888183594,1.0014292001724243,False,tracking_terminated_at61,,,,
candidate_G_seed_0,0,204,35,2,1,142,df6a2d2f942a14d0f5aa990f1d6b3cf77c712caad500de89ce53d0fb35a8b650,1.023908019065857,True,False,-0.5400654077529907,-0.6551183462142944,-0.10889625549316406,0.8968234658241272,False,tracking_terminated_at61,,,,
candidate_G_seed_0,0,205,20,0,0,80,9cd17010036b0a1ff915d68596f61aa332ae50a3ee582ff300f4b0fab3e1a69c,1.0269181728363037,True,False,-0.2866540849208832,-0.9944884777069092,-0.11859607696533203,0.8881664872169495,False,tracking_terminated_at61,,,,
candidate_G_seed_0,0,205,20,1,0,81,9cd17010036b0a1ff915d68596f61aa332ae50a3ee582ff300f4b0fab3e1a69c,1.0277838706970215,True,False,-0.4783019721508026,-1.619757890701294,-0.0887298583984375,0.9150927662849426,False,tracking_terminated_at61,,,,
candidate_G_seed_0,0,205,20,2,0,82,9cd17010036b0a1ff915d68596f61aa332ae50a3ee582ff300f4b0fab3e1a69c,1.0133086442947388,True,False,-0.379199743270874,-1.2964273691177368,-0.47133541107177734,0.6241682171821594,False,tracking_terminated_at61,,,,
candidate_G_seed_0,0,205,20,3,0,83,9cd17010036b0a1ff915d68596f61aa332ae50a3ee582ff300f4b0fab3e1a69c,1.0085371732711792,True,False,-0.486943781375885,-1.6479525566101074,0.19220447540283203,1.2119183540344238,False,tracking_terminated_at61,,,,
candidate_G_seed_0,0,206,20,0,0,80,89eb4ae5648ac509ba0bc1dc8815e69708d18a8da8c5806b1f2177e57d14456f,1.0304489135742188,True,False,-0.3723289668560028,-1.1381843090057373,-0.25510597229003906,0.774834394454956,False,tracking_terminated_at61,,,,
candidate_G_seed_0,0,206,20,1,0,81,89eb4ae5648ac509ba0bc1dc8815e69708d18a8da8c5806b1f2177e57d14456f,1.0116149187088013,True,False,-0.32080474495887756,-1.0184271335601807,-0.2606830596923828,0.7705250978469849,False,tracking_terminated_at61,,,,
candidate_G_seed_0,0,206,37,2,1,150,89eb4ae5648ac509ba0bc1dc8815e69708d18a8da8c5806b1f2177e57d14456f,1.0279231071472168,True,False,-0.5194253921508789,-1.4800788164138794,-0.1595010757446289,0.852569043636322,False,tracking_terminated_at61,,,,
candidate_G_seed_0,0,206,37,3,1,151,89eb4ae5648ac509ba0bc1dc8815e69708d18a8da8c5806b1f2177e57d14456f,1.0231159925460815,True,False,-0.6023713946342468,-1.672869324684143,-0.19241809844970703,0.8249619007110596,False,tracking_terminated_at61,,,,
candidate_G_seed_0,0,207,20,0,0,80,26de13092651b15b2d03b52643b4d946a311558e8890883b189d6d302d77a301,1.0195128917694092,True,False,-0.27236878871917725,-0.5570949912071228,-0.30617713928222656,0.7362561821937561,False,tracking_terminated_at61,,,,
candidate_G_seed_0,0,207,20,2,0,82,26de13092651b15b2d03b52643b4d946a311558e8890883b189d6d302d77a301,1.0323200225830078,True,False,-0.3201066851615906,-0.6674583554267883,-0.23465538024902344,0.7908433675765991,False,tracking_terminated_at61,,,,
candidate_G_seed_0,0,207,20,3,0,83,26de13092651b15b2d03b52643b4d946a311558e8890883b189d6d302d77a301,1.0202099084854126,True,False,-0.39681297540664673,-0.8447926640510559,-0.3158869743347168,0.7291418313980103,False,tracking_terminated_at61,,,,
candidate_G_seed_0,0,208,20,0,0,80,8852c684d3619064fcbf22038aec33f68d44853185587ca47a21e8c41b8887c1,0.9936481714248657,False,False,-0.1029110848903656,0.19704623520374298,-0.6041512489318848,0.5465381145477295,True,continued_then_tracking_terminated_at62,61,62,1.0636824369430542,True
candidate_G_seed_0,0,208,20,1,0,81,8852c684d3619064fcbf22038aec33f68d44853185587ca47a21e8c41b8887c1,1.0150806903839111,True,False,-0.42948418855667114,-0.5342779755592346,-0.7193737030029297,0.4870572090148926,False,tracking_terminated_at61,,,,
candidate_G_seed_0,0,208,20,2,0,82,8852c684d3619064fcbf22038aec33f68d44853185587ca47a21e8c41b8887c1,1.004613995552063,True,False,0.29639747738838196,1.091253399848938,0.07519721984863281,1.0780967473983765,False,tracking_terminated_at61,,,,
candidate_G_seed_0,0,208,20,3,0,83,8852c684d3619064fcbf22038aec33f68d44853185587ca47a21e8c41b8887c1,0.9821823239326477,False,False,-0.29641833901405334,-0.236291766166687,-0.1189413070678711,0.8878598809242249,True,continued_then_tracking_terminated_at62,61,62,1.0259217023849487,True
candidate_G_seed_0,0,209,20,0,0,80,7857550ccd98b98b5c8f130f809ea3ae19df43cce00d872bef76cad3f4c74f82,1.0175549983978271,True,False,-0.06170494481921196,-0.055976349860429764,0.01893901824951172,1.0191195011138916,False,tracking_terminated_at61,,,,
candidate_G_seed_0,0,209,20,3,0,83,7857550ccd98b98b5c8f130f809ea3ae19df43cce00d872bef76cad3f4c74f82,1.0165189504623413,True,False,-0.34859248995780945,-0.6319173574447632,0.048015594482421875,1.0491870641708374,False,tracking_terminated_at61,,,,
candidate_G_seed_0,0,209,39,1,1,157,7857550ccd98b98b5c8f130f809ea3ae19df43cce00d872bef76cad3f4c74f82,1.0473488569259644,True,False,-0.13899347186088562,-0.21113690733909607,0.061308860778808594,1.0632272958755493,False,tracking_terminated_at61,,,,
candidate_G_seed_0,0,210,20,0,0,80,0d07ad0c9adc80bc6a582460f9c709f26a7e7b3a2e574c2d835ad760d9e1a9ef,1.0207476615905762,True,False,-0.17231422662734985,-0.30585217475891113,-0.11965274810791016,0.8872284889221191,False,tracking_terminated_at61,,,,
candidate_G_seed_0,0,210,20,2,0,82,0d07ad0c9adc80bc6a582460f9c709f26a7e7b3a2e574c2d835ad760d9e1a9ef,1.0373318195343018,True,False,0.022471439093351364,0.17975717782974243,0.41642189025878906,1.5165255069732666,False,tracking_terminated_at61,,,,
candidate_G_seed_0,0,210,37,1,1,149,0d07ad0c9adc80bc6a582460f9c709f26a7e7b3a2e574c2d835ad760d9e1a9ef,1.004578709602356,True,False,-0.2902878522872925,-0.5999656915664673,-0.5243573188781738,0.5919356942176819,False,tracking_terminated_at61,,,,
candidate_G_seed_0,0,210,39,3,1,159,0d07ad0c9adc80bc6a582460f9c709f26a7e7b3a2e574c2d835ad760d9e1a9ef,1.0087841749191284,True,False,-0.30368945002555847,-0.6333764791488647,0.3304634094238281,1.3916128873825073,False,tracking_terminated_at61,,,,
candidate_G_seed_0,0,211,20,1,0,81,73f1709999df3bdf34833b06b7bc9ee08dc4479a3fc02006b201116088b526e8,0.9890392422676086,False,False,-0.09524798393249512,-0.21905197203159332,-0.3238253593444824,0.7233765721321106,True,continued_then_tracking_terminated_at62,61,62,1.056868553161621,True
candidate_G_seed_0,0,211,20,2,0,82,73f1709999df3bdf34833b06b7bc9ee08dc4479a3fc02006b201116088b526e8,1.0352815389633179,True,False,-0.3530918061733246,-0.7865751385688782,-0.03298664093017578,0.9675514698028564,False,tracking_terminated_at61,,,,
candidate_G_seed_0,0,211,20,3,0,83,73f1709999df3bdf34833b06b7bc9ee08dc4479a3fc02006b201116088b526e8,1.0376181602478027,True,False,-0.18243741989135742,-0.4109589159488678,-0.2501678466796875,0.778670072555542,False,tracking_terminated_at61,,,,
candidate_G_seed_0,0,211,33,0,1,132,73f1709999df3bdf34833b06b7bc9ee08dc4479a3fc02006b201116088b526e8,0.9842981696128845,False,False,-0.14227822422981262,-0.3225671350955963,-0.002914905548095703,0.9970893263816833,True,continued_then_tracking_terminated_at62,61,62,1.0305429697036743,True
candidate_G_seed_0,0,212,20,2,0,82,1cc05aa4f0a8da664cbeea57f15421b28127cdfb112bae2fe94bb216c96dce4c,1.0313321352005005,True,False,-0.26580724120140076,-0.6209781169891357,-0.1620349884033203,0.8504114747047424,False,tracking_terminated_at61,,,,
candidate_G_seed_0,0,212,20,3,0,83,1cc05aa4f0a8da664cbeea57f15421b28127cdfb112bae2fe94bb216c96dce4c,1.0325616598129272,True,False,0.0367862693965435,0.20174892246723175,0.18118572235107422,1.1986377239227295,False,tracking_terminated_at61,,,,
candidate_G_seed_0,0,212,39,0,1,156,1cc05aa4f0a8da664cbeea57f15421b28127cdfb112bae2fe94bb216c96dce4c,1.0350699424743652,True,False,0.05483546853065491,0.2508232295513153,0.24315834045410156,1.2752705812454224,False,tracking_terminated_at61,,,,
candidate_G_seed_0,0,213,20,0,0,80,9f1cd01d9759bd20bbd5c77204732b83d0f160447666a084dc789aac03f46552,1.0307756662368774,True,False,-0.37216681241989136,-1.3512592315673828,0.10996055603027344,1.1162340641021729,False,tracking_terminated_at61,,,,
candidate_G_seed_0,0,214,20,0,0,80,ea5e0dd80cd165203e462efbb853d0c4cd8748283806d25d84bc025dd8ccf0b9,1.001207947731018,True,False,-0.541914165019989,-1.7375093698501587,-0.1344304084777832,0.874213695526123,False,tracking_terminated_at61,,,,
candidate_G_seed_0,0,214,20,2,0,82,ea5e0dd80cd165203e462efbb853d0c4cd8748283806d25d84bc025dd8ccf0b9,1.01249361038208,True,False,-0.11621582508087158,-0.5862323641777039,-0.24774837493896484,0.780556321144104,False,tracking_terminated_at61,,,,
candidate_G_seed_0,0,214,20,3,0,83,ea5e0dd80cd165203e462efbb853d0c4cd8748283806d25d84bc025dd8ccf0b9,1.0029610395431519,True,False,0.17645588517189026,0.20528161525726318,-0.34769248962402344,0.7063160538673401,False,tracking_terminated_at61,,,,
candidate_G_seed_0,0,215,20,1,0,81,c2617a3b4a70619ae75a39e1bbd9d4609531bccad69a2fdbcc66767871f3b536,0.9991570711135864,False,False,-0.2715514004230499,-0.07300649583339691,-0.040795326232910156,0.9600256085395813,True,continued_then_tracking_terminated_at62,61,62,1.0618518590927124,True
candidate_G_seed_0,0,215,20,2,0,82,c2617a3b4a70619ae75a39e1bbd9d4609531bccad69a2fdbcc66767871f3b536,1.0251909494400024,True,False,-0.16276219487190247,0.16200707852840424,-0.4665975570678711,0.6271324157714844,False,tracking_terminated_at61,,,,
candidate_G_seed_0,0,215,20,3,0,83,c2617a3b4a70619ae75a39e1bbd9d4609531bccad69a2fdbcc66767871f3b536,0.9847618937492371,False,False,-0.48084956407546997,-0.5251461267471313,0.15192031860351562,1.1640675067901611,True,continued_then_tracking_terminated_at62,61,62,1.027920126914978,True
candidate_G_seed_0,0,215,35,0,1,140,c2617a3b4a70619ae75a39e1bbd9d4609531bccad69a2fdbcc66767871f3b536,0.9904273152351379,False,False,-0.12369528412818909,0.24640199542045593,-0.31662464141845703,0.7286041975021362,True,continued_then_tracking_terminated_at62,61,62,1.0494930744171143,True
candidate_G_seed_0,0,216,20,0,0,80,d7853e53ed825183643e1d11674ebc0723639206340ea280ff733308d00d35de,1.0185874700546265,True,False,-0.3124951422214508,-0.8028002381324768,-0.514930248260498,0.5975422859191895,False,tracking_terminated_at61,,,,
candidate_G_seed_0,0,216,20,2,0,82,d7853e53ed825183643e1d11674ebc0723639206340ea280ff733308d00d35de,1.0143975019454956,True,False,-0.36096400022506714,-0.9213106632232666,-0.07802009582519531,0.9249458312988281,False,tracking_terminated_at61,,,,
candidate_G_seed_0,0,216,38,1,1,153,d7853e53ed825183643e1d11674ebc0723639206340ea280ff733308d00d35de,0.9973565936088562,False,False,-0.4076586961746216,-1.0354830026626587,0.22561264038085938,1.2530901432037354,True,continued_then_tracking_terminated_at62,61,62,1.0567207336425781,True
candidate_G_seed_0,0,217,20,0,0,80,23761a7c790325773e4edfe339f5d7b7879c33b9011542f3bbdd3957e9a4f8f9,1.0334147214889526,True,False,-0.2329506278038025,-1.559773564338684,-0.40212154388427734,0.668899416923523,False,tracking_terminated_at61,,,,
candidate_G_seed_0,0,217,20,1,0,81,23761a7c790325773e4edfe339f5d7b7879c33b9011542f3bbdd3957e9a4f8f9,0.968511700630188,False,False,-0.775784969329834,-3.388423442840576,-0.1620779037475586,0.8503749370574951,True,continued_then_tracking_terminated_at62,61,62,1.0245417356491089,True
candidate_G_seed_0,0,217,20,2,0,82,23761a7c790325773e4edfe339f5d7b7879c33b9011542f3bbdd3957e9a4f8f9,1.0109103918075562,True,False,-0.17672021687030792,-1.3703497648239136,-0.8724231719970703,0.41793757677078247,False,tracking_terminated_at61,,,,
candidate_G_seed_0,0,217,20,3,0,83,23761a7c790325773e4edfe339f5d7b7879c33b9011542f3bbdd3957e9a4f8f9,1.0127873420715332,True,False,-0.2434668242931366,-1.595199465751648,-0.04616355895996094,0.9548857808113098,False,tracking_terminated_at61,,,,
candidate_G_seed_0,0,218,20,0,0,80,899a39577607de7822f9399c6c88e898b9b9013688ddec294fb0cae3b174735f,1.0462892055511475,True,False,-0.1541292667388916,-0.25250542163848877,0.13985633850097656,1.1501085758209229,False,tracking_terminated_at61,,,,
candidate_G_seed_0,0,218,20,1,0,81,899a39577607de7822f9399c6c88e898b9b9013688ddec294fb0cae3b174735f,0.9732333421707153,False,False,0.01321268081665039,0.2638355493545532,-0.10435295104980469,0.9009072780609131,True,continued_then_tracking_terminated_at62,61,62,1.0275777578353882,True
candidate_G_seed_0,0,218,20,2,0,82,899a39577607de7822f9399c6c88e898b9b9013688ddec294fb0cae3b174735f,1.0293539762496948,True,False,0.06955340504646301,0.4376773536205292,0.00855255126953125,1.008589267730713,False,tracking_terminated_at61,,,,
candidate_G_seed_0,0,218,20,3,0,83,899a39577607de7822f9399c6c88e898b9b9013688ddec294fb0cae3b174735f,0.9715055823326111,False,False,0.06811171770095825,0.4332289397716522,0.2286853790283203,1.2569465637207031,True,continued_then_tracking_terminated_at62,61,62,1.033889889717102,True
candidate_G_seed_0,0,219,20,0,0,80,ca10801550d3e197ea53250e4ec65637da37e06df0367c40b0d91cbdcba10b78,1.0098059177398682,True,False,0.004475956782698631,0.2650628983974457,-0.0725412368774414,0.930027425289154,False,tracking_terminated_at61,,,,
candidate_G_seed_0,0,219,20,1,0,81,ca10801550d3e197ea53250e4ec65637da37e06df0367c40b0d91cbdcba10b78,0.9795219302177429,False,False,-0.5943336486816406,-1.1766713857650757,-0.2599201202392578,0.7711131572723389,True,continued_then_tracking_terminated_at62,61,62,1.0228067636489868,True
candidate_G_seed_0,0,219,20,2,0,82,ca10801550d3e197ea53250e4ec65637da37e06df0367c40b0d91cbdcba10b78,1.0363794565200806,True,False,-0.17653925716876984,-0.17076149582862854,-0.2144489288330078,0.8069860339164734,False,tracking_terminated_at61,,,,
candidate_G_seed_0,0,219,20,3,0,83,ca10801550d3e197ea53250e4ec65637da37e06df0367c40b0d91cbdcba10b78,1.0207465887069702,True,False,-0.14306952059268951,-0.0901775062084198,-0.06362533569335938,0.9383565187454224,False,tracking_terminated_at61,,,,
candidate_G_seed_0,0,220,20,0,0,80,b62b4c49aed74032aad5fe4dd58eff311466e84c19b8829b073ce3afc02c8ee0,1.0336647033691406,True,False,-0.504879891872406,-0.6588516235351562,-0.22548389434814453,0.7981299161911011,False,tracking_terminated_at61,,,,
candidate_G_seed_0,0,220,20,3,0,83,b62b4c49aed74032aad5fe4dd58eff311466e84c19b8829b073ce3afc02c8ee0,1.0427557229995728,True,False,-0.37031859159469604,-0.3822672665119171,-0.4504261016845703,0.6373565196990967,False,tracking_terminated_at61,,,,
candidate_G_seed_0,0,221,20,1,0,81,1aecc2fa014600c83c600a950d3bd197193015d9a74e3207ce6f4c1251c17e81,1.028967022895813,True,False,-0.36862313747406006,-0.4641859233379364,-0.26529884338378906,0.7669767141342163,False,tracking_terminated_at61,,,,
candidate_G_seed_0,0,221,20,3,0,83,1aecc2fa014600c83c600a950d3bd197193015d9a74e3207ce6f4c1251c17e81,1.0056262016296387,True,False,-0.2652612030506134,-0.2636662721633911,-0.23035812377929688,0.7942491173744202,False,tracking_terminated_at61,,,,
candidate_G_seed_0,0,222,20,0,0,80,3a7c31163272da6e6b1c81405e17718eb9c446527020019eba4b771df620e8c7,1.0220333337783813,True,False,-0.40530335903167725,-1.4928646087646484,0.17457866668701172,1.190744400024414,False,tracking_terminated_at61,,,,
candidate_G_seed_0,0,222,20,2,0,82,3a7c31163272da6e6b1c81405e17718eb9c446527020019eba4b771df620e8c7,1.0050349235534668,True,False,-0.4031982421875,-1.4873638153076172,-0.19618606567382812,0.8218593001365662,False,tracking_terminated_at61,,,,
candidate_G_seed_0,0,222,20,3,0,83,3a7c31163272da6e6b1c81405e17718eb9c446527020019eba4b771df620e8c7,0.9683037996292114,False,False,-0.8587695956230164,-2.677798271179199,-0.16074085235595703,0.8515127301216125,True,continued_then_tracking_terminated_at62,61,62,1.0234317779541016,True
candidate_G_seed_0,0,222,39,1,1,157,3a7c31163272da6e6b1c81405e17718eb9c446527020019eba4b771df620e8c7,1.027260422706604,True,False,-0.3729524314403534,-1.408329725265503,-0.024552345275878906,0.9757466316223145,False,tracking_terminated_at61,,,,
candidate_G_seed_0,0,223,20,0,0,80,fb0dd01154632639b4e11c5ba02ba4b0be3d5548288f08c4be5e7664564bf816,1.0234178304672241,True,False,-0.32108330726623535,-0.030255742371082306,0.2663736343383789,1.3052226305007935,False,tracking_terminated_at61,,,,
candidate_G_seed_0,0,223,20,2,0,82,fb0dd01154632639b4e11c5ba02ba4b0be3d5548288f08c4be5e7664564bf816,1.0163347721099854,True,False,-0.4641346037387848,-0.23933741450309753,-0.03125572204589844,0.96922767162323,False,tracking_terminated_at61,,,,
candidate_G_seed_0,0,224,20,0,0,80,b3559f397340e33f7b127023c9d0d79658414f31cfeacb4e119e7f8276b7f067,1.0002360343933105,True,False,-0.23815008997917175,-0.8242682814598083,0.051859378814697266,1.0532276630401611,False,tracking_terminated_at61,,,,
candidate_G_seed_0,0,224,20,2,0,82,b3559f397340e33f7b127023c9d0d79658414f31cfeacb4e119e7f8276b7f067,0.995900571346283,False,False,-0.2768467664718628,-0.9066688418388367,0.2668132781982422,1.3057966232299805,True,continued_then_tracking_terminated_at62,61,62,1.0540680885314941,True
candidate_G_seed_0,0,224,20,3,0,83,b3559f397340e33f7b127023c9d0d79658414f31cfeacb4e119e7f8276b7f067,1.0312939882278442,True,False,-0.23969495296478271,-0.8275579810142517,-0.026762008666992188,0.9735929369926453,False,tracking_terminated_at61,,,,
candidate_G_seed_0,0,225,20,1,0,81,ec9a06001e61b8e373c6095885adbcdcd68f545f06aa5b5c40ecfe345a9d2cb3,1.0108752250671387,True,False,-0.12499970942735672,-0.2152816504240036,0.09877777099609375,1.1038209199905396,False,tracking_terminated_at61,,,,
candidate_G_seed_0,0,225,20,3,0,83,ec9a06001e61b8e373c6095885adbcdcd68f545f06aa5b5c40ecfe345a9d2cb3,1.0124796628952026,True,False,-0.11712829768657684,-0.20064318180084229,0.22509479522705078,1.25244140625,False,tracking_terminated_at61,,,,
candidate_G_seed_0,0,225,30,0,1,120,ec9a06001e61b8e373c6095885adbcdcd68f545f06aa5b5c40ecfe345a9d2cb3,0.9687322378158569,False,False,-0.34854555130004883,-0.6310102343559265,0.0969533920288086,1.101809024810791,True,continued_then_tracking_terminated_at62,61,62,1.0204110145568848,True
candidate_G_seed_0,0,225,39,2,1,158,ec9a06001e61b8e373c6095885adbcdcd68f545f06aa5b5c40ecfe345a9d2cb3,1.0158977508544922,True,False,-0.3813881278038025,-0.6920875906944275,-0.031045913696289062,0.9694310426712036,False,tracking_terminated_at61,,,,
candidate_G_seed_0,0,226,20,1,0,81,6db2573b15e5af00fb72a853161966f167fa0bc6ca464dc9a46d9e2e7597a4df,1.0120761394500732,True,False,-0.13775044679641724,-1.026694655418396,-0.4291343688964844,0.6510724425315857,False,tracking_terminated_at61,,,,
candidate_G_seed_0,0,226,20,2,0,82,6db2573b15e5af00fb72a853161966f167fa0bc6ca464dc9a46d9e2e7597a4df,1.004435420036316,True,False,-0.07024306058883667,-0.8280956149101257,-0.04911231994628906,0.9520741701126099,False,tracking_terminated_at61,,,,
candidate_G_seed_0,0,226,20,3,0,83,6db2573b15e5af00fb72a853161966f167fa0bc6ca464dc9a46d9e2e7597a4df,1.033093810081482,True,False,-0.19275827705860138,-1.1885215044021606,-0.3319721221923828,0.7175073027610779,False,tracking_terminated_at61,,,,
candidate_G_seed_0,0,227,20,0,0,80,2c39400db5a3c5aa10772270d6494eb5002691c5479481a7ef188926a293aa19,0.97214275598526,False,False,-0.4073815941810608,-1.3431451320648193,-0.46751880645751953,0.6265549659729004,True,continued_then_tracking_terminated_at62,61,62,1.0158957242965698,True
candidate_G_seed_0,0,227,38,3,1,155,2c39400db5a3c5aa10772270d6494eb5002691c5479481a7ef188926a293aa19,1.010033369064331,True,False,-0.3871634602546692,-1.284183382987976,0.3280162811279297,1.3882116079330444,False,tracking_terminated_at61,,,,
candidate_G_seed_0,0,228,20,1,0,81,1d2b07b6ae2ebfe4a860fcec63226cd5502846c3cd0f5b01c163767356c5235e,1.0313050746917725,True,False,0.14356185495853424,0.5134965777397156,0.10855484008789062,1.1146659851074219,False,tracking_terminated_at61,,,,
candidate_G_seed_0,0,228,20,2,0,82,1d2b07b6ae2ebfe4a860fcec63226cd5502846c3cd0f5b01c163767356c5235e,0.9813502430915833,False,False,-0.0859590470790863,0.07398103922605515,0.23784446716308594,1.2685118913650513,True,continued_then_tracking_terminated_at62,61,62,1.0455974340438843,True
candidate_G_seed_0,0,228,20,3,0,83,1d2b07b6ae2ebfe4a860fcec63226cd5502846c3cd0f5b01c163767356c5235e,1.0101686716079712,True,False,-0.28004077076911926,-0.2976711094379425,-0.26406192779541016,0.7679259777069092,False,tracking_terminated_at61,,,,
candidate_G_seed_0,0,229,20,3,0,83,7d0a5ef9a7b6703924bb3477915941559a6465384ca718c5c7165ff812e8f4ff,1.0100711584091187,True,False,-0.5180670619010925,-1.1581147909164429,-0.9372091293334961,0.3917195498943329,False,tracking_terminated_at61,,,,
candidate_G_seed_0,0,230,20,0,0,80,89505f08d3ccf846372211b50b6012de86515289478eecd3361224054dbee352,0.9742450714111328,False,False,-0.36807912588119507,-0.35312917828559875,-0.5019407272338867,0.6053546667098999,True,continued_then_tracking_terminated_at62,61,62,1.0285497903823853,True
candidate_G_seed_0,0,230,20,1,0,81,89505f08d3ccf846372211b50b6012de86515289478eecd3361224054dbee352,1.005250096321106,True,False,0.10781639814376831,0.4168364107608795,0.3670692443847656,1.443497896194458,False,tracking_terminated_at61,,,,
candidate_G_seed_0,0,230,20,2,0,82,89505f08d3ccf846372211b50b6012de86515289478eecd3361224054dbee352,1.0251110792160034,True,False,-0.49406367540359497,-0.556963324546814,0.04431915283203125,1.0453158617019653,False,tracking_terminated_at61,,,,
candidate_G_seed_0,0,230,20,3,0,83,89505f08d3ccf846372211b50b6012de86515289478eecd3361224054dbee352,1.000076413154602,True,False,-0.1664360761642456,-0.02688485197722912,0.41228771209716797,1.5102689266204834,False,tracking_terminated_at61,,,,
candidate_G_seed_0,0,231,20,1,0,81,c4aba81e2ca88ecc57f1155a967ae1afeaa396c6b38fa2f2c60bfe8f867c0d5a,1.0347843170166016,True,False,-0.04201335459947586,-0.42609259486198425,-0.48400020599365234,0.616313099861145,False,tracking_terminated_at61,,,,
candidate_G_seed_0,0,231,20,3,0,83,c4aba81e2ca88ecc57f1155a967ae1afeaa396c6b38fa2f2c60bfe8f867c0d5a,1.0387955904006958,True,False,-0.2533741295337677,-0.9700517654418945,-0.42386627197265625,0.6545113921165466,False,tracking_terminated_at61,,,,
candidate_G_seed_0,0,232,20,1,0,81,4f55cfb29240a6d2fcfdd65974e38490e5f0ac88b1447d12690cf399cff661e9,1.01344895362854,True,False,-0.14106206595897675,-0.19219474494457245,0.1397838592529297,1.1500252485275269,False,tracking_terminated_at61,,,,
candidate_G_seed_0,0,232,20,3,0,83,4f55cfb29240a6d2fcfdd65974e38490e5f0ac88b1447d12690cf399cff661e9,0.9908666014671326,False,False,0.06650197505950928,0.21163074672222137,-0.07499980926513672,0.927743673324585,True,continued_then_tracking_terminated_at62,61,62,1.044546365737915,True
candidate_G_seed_0,0,232,37,2,1,150,4f55cfb29240a6d2fcfdd65974e38490e5f0ac88b1447d12690cf399cff661e9,0.9645503163337708,False,False,-0.10914230346679688,-0.13009336590766907,0.08577919006347656,1.0895657539367676,True,continued_then_tracking_terminated_at62,61,62,1.0210847854614258,True
candidate_G_seed_0,0,233,20,2,0,82,b95f41eb4c3952160889042735d6ff9b226bdb2ae04f4afffa993042f5a54c23,0.9985955953598022,False,False,-0.2113267332315445,-0.3798701763153076,-0.1602640151977539,0.8519188165664673,True,continued_then_tracking_terminated_at62,61,62,1.065717339515686,True
candidate_G_seed_0,0,233,20,3,0,83,b95f41eb4c3952160889042735d6ff9b226bdb2ae04f4afffa993042f5a54c23,0.978132426738739,False,False,0.19177541136741638,0.6148406267166138,-0.13333892822265625,0.8751684427261353,True,continued_then_tracking_terminated_at62,61,62,1.0321283340454102,True
candidate_G_seed_0,0,233,35,0,1,140,b95f41eb4c3952160889042735d6ff9b226bdb2ae04f4afffa993042f5a54c23,0.9965416789054871,False,False,-0.19455116987228394,-0.3384741246700287,-0.41892528533935547,0.6577533483505249,True,continued_then_tracking_terminated_at62,61,62,1.041998028755188,True
candidate_G_seed_0,0,234,20,0,0,80,743cf2b2fc5d78bafd119532dfc8d60b9a66e3946a64f81d9825b7639d9c6b57,1.000758171081543,True,False,-0.20443986356258392,-0.48723310232162476,0.030974388122558594,1.031459093093872,False,tracking_terminated_at61,,,,
candidate_G_seed_0,0,234,20,1,0,81,743cf2b2fc5d78bafd119532dfc8d60b9a66e3946a64f81d9825b7639d9c6b57,1.0137144327163696,True,False,-0.8750730156898499,-1.943068265914917,0.048132896423339844,1.0493100881576538,False,tracking_terminated_at61,,,,
candidate_G_seed_0,0,234,20,2,0,82,743cf2b2fc5d78bafd119532dfc8d60b9a66e3946a64f81d9825b7639d9c6b57,0.9769654870033264,False,False,-0.24733448028564453,-0.5803502798080444,-0.2906360626220703,0.7477877736091614,True,continued_then_tracking_terminated_at62,61,62,1.0451395511627197,True
candidate_G_seed_0,0,234,20,3,0,83,743cf2b2fc5d78bafd119532dfc8d60b9a66e3946a64f81d9825b7639d9c6b57,1.0032330751419067,True,False,-0.2608826160430908,-0.6097610592842102,0.27184486389160156,1.3123834133148193,False,tracking_terminated_at61,,,,
candidate_G_seed_0,0,235,20,0,0,80,5f59e459f735bf3a559eb7b2919d7a90f943abece848e8248af59af4713fbd99,1.0078519582748413,True,False,-0.5999763011932373,-1.183583378791809,-0.5109758377075195,0.5999099016189575,False,tracking_terminated_at61,,,,
candidate_G_seed_0,0,235,20,1,0,81,5f59e459f735bf3a559eb7b2919d7a90f943abece848e8248af59af4713fbd99,1.0073859691619873,True,False,-0.3619677722454071,-0.7745142579078674,0.07359886169433594,1.076374888420105,False,tracking_terminated_at61,,,,
candidate_G_seed_0,0,235,35,3,1,143,5f59e459f735bf3a559eb7b2919d7a90f943abece848e8248af59af4713fbd99,0.9970533847808838,False,False,-0.4230932891368866,-0.8795716166496277,-0.2136688232421875,0.8076158165931702,True,continued_then_tracking_terminated_at62,61,62,1.0572588443756104,True
candidate_G_seed_0,0,236,20,0,0,80,5ce013a9d80397214c333fbcb9f2c7de8485c1d97c81a16b107242c85b1c1570,1.0149811506271362,True,False,-0.20772409439086914,-1.5082542896270752,-0.21257972717285156,0.8084958791732788,False,tracking_terminated_at61,,,,
candidate_G_seed_0,0,236,20,2,0,82,5ce013a9d80397214c333fbcb9f2c7de8485c1d97c81a16b107242c85b1c1570,1.012397289276123,True,False,-0.046008575707674026,-1.0202223062515259,0.017084121704101562,1.0172308683395386,False,tracking_terminated_at61,,,,
candidate_G_seed_0,0,236,20,3,0,83,5ce013a9d80397214c333fbcb9f2c7de8485c1d97c81a16b107242c85b1c1570,1.0080336332321167,True,False,-0.4353942573070526,-2.195327043533325,-0.06696224212646484,0.9352304935455322,False,tracking_terminated_at61,,,,
candidate_G_seed_0,0,237,20,0,0,80,10e3f63ed0e7af37e928013c66c5b6a73ee0fc5d60ff4bf6363bb38a578f1fe4,1.0245671272277832,True,False,0.1945372372865677,0.5623274445533752,0.38352441787719727,1.4674474000930786,False,tracking_terminated_at61,,,,
candidate_G_seed_0,0,237,20,1,0,81,10e3f63ed0e7af37e928013c66c5b6a73ee0fc5d60ff4bf6363bb38a578f1fe4,1.01010262966156,True,False,-0.012806296348571777,-0.08327800780534744,0.49333953857421875,1.637776494026184,False,tracking_terminated_at61,,,,
candidate_G_seed_0,0,237,20,3,0,83,10e3f63ed0e7af37e928013c66c5b6a73ee0fc5d60ff4bf6363bb38a578f1fe4,0.979907214641571,False,False,-0.2990773618221283,-0.9746400117874146,-0.5216503143310547,0.5935401916503906,True,continued_then_tracking_terminated_at62,61,62,1.0229381322860718,True
candidate_G_seed_0,0,238,20,0,0,80,e91e994398e25274ae037620521a41d28bc98dda830f4dd086db1e40adb35a5b,1.0054926872253418,True,False,-0.2971474230289459,-0.05053324997425079,-0.060817718505859375,0.9409947395324707,False,tracking_terminated_at61,,,,
candidate_G_seed_0,0,238,20,1,0,81,e91e994398e25274ae037620521a41d28bc98dda830f4dd086db1e40adb35a5b,1.0460401773452759,True,False,-0.02561093494296074,0.4569370448589325,0.1860809326171875,1.2045197486877441,False,tracking_terminated_at61,,,,
candidate_G_seed_0,0,238,20,2,0,82,e91e994398e25274ae037620521a41d28bc98dda830f4dd086db1e40adb35a5b,1.0459448099136353,True,False,-0.4339529275894165,-0.30620691180229187,-0.2924346923828125,0.7464439868927002,False,tracking_terminated_at61,,,,
candidate_G_seed_0,0,238,20,3,0,83,e91e994398e25274ae037620521a41d28bc98dda830f4dd086db1e40adb35a5b,0.9728766679763794,False,False,-0.07353943586349487,0.36736422777175903,0.31395530700683594,1.368828535079956,True,continued_then_tracking_terminated_at62,61,62,1.0242315530776978,True
candidate_G_seed_0,0,239,20,0,0,80,ef43ebe1c2d961c911a52b6c96c9a22a45d59674c5f98cbc01650f9b4a27f055,1.0174552202224731,True,False,-0.3935498893260956,-0.8637687563896179,-0.02994680404663086,0.9704971313476562,False,tracking_terminated_at61,,,,
candidate_G_seed_0,0,239,20,1,0,81,ef43ebe1c2d961c911a52b6c96c9a22a45d59674c5f98cbc01650f9b4a27f055,0.9701896905899048,False,False,-0.5959375500679016,-1.3313934803009033,-0.27635955810546875,0.758540153503418,True,continued_then_tracking_terminated_at62,61,62,1.0375237464904785,True
candidate_G_seed_0,0,239,20,2,0,82,ef43ebe1c2d961c911a52b6c96c9a22a45d59674c5f98cbc01650f9b4a27f055,0.9895002245903015,False,False,-0.5432931184768677,-1.2097564935684204,-0.0034637451171875,0.9965422749519348,True,continued_then_tracking_terminated_at62,61,62,1.0499436855316162,True
candidate_G_seed_0,0,239,35,3,1,143,ef43ebe1c2d961c911a52b6c96c9a22a45d59674c5f98cbc01650f9b4a27f055,1.0437147617340088,True,False,-0.27302464842796326,-0.5852904915809631,-0.17392730712890625,0.8403579592704773,False,tracking_terminated_at61,,,,
candidate_G_seed_0,0,240,20,0,0,80,7f3a1ac1b276c5b8d4889f79d93f19c1ffde864b6a661fb23886324b73e8afb6,0.9695255756378174,False,False,-0.32389336824417114,-1.0772380828857422,-0.19706964492797852,0.8211334347724915,True,continued_then_tracking_terminated_at62,61,62,1.0347015857696533,True
candidate_G_seed_0,0,240,20,1,0,81,7f3a1ac1b276c5b8d4889f79d93f19c1ffde864b6a661fb23886324b73e8afb6,1.0181872844696045,True,False,-0.1451369822025299,-0.6467364430427551,0.049164772033691406,1.0503934621810913,False,tracking_terminated_at61,,,,
candidate_G_seed_0,0,240,20,2,0,82,7f3a1ac1b276c5b8d4889f79d93f19c1ffde864b6a661fb23886324b73e8afb6,1.0007249116897583,True,False,-0.23998093605041504,-0.8751505613327026,-0.08878517150878906,0.9150421023368835,False,tracking_terminated_at61,,,,
candidate_G_seed_0,0,240,20,3,0,83,7f3a1ac1b276c5b8d4889f79d93f19c1ffde864b6a661fb23886324b73e8afb6,1.0041719675064087,True,False,-0.38237327337265015,-1.218076229095459,-0.14020919799804688,0.8691763877868652,False,tracking_terminated_at61,,,,
candidate_G_seed_0,0,241,20,0,0,80,01226b92a24742bfdd1edb2f368f7995a77c11fe3400984115be29a876e6e198,0.9936786890029907,False,False,0.0215456485748291,0.1778073012828827,-0.007132530212402344,0.992892861366272,True,continued_then_tracking_terminated_at62,61,62,1.0589529275894165,True
candidate_G_seed_0,0,241,20,3,0,83,01226b92a24742bfdd1edb2f368f7995a77c11fe3400984115be29a876e6e198,0.9677322506904602,False,False,-0.200526162981987,-0.2669948935508728,-0.14336156845092773,0.8664407134056091,True,continued_then_tracking_terminated_at62,61,62,1.0308129787445068,True
candidate_G_seed_0,0,242,20,2,0,82,cf31232fbdcd7e863799f5ec7e3fee1e0c3d3d56ebac306ce1bb0cff8f231085,0.9892618656158447,False,False,-0.11143231391906738,-0.3263196051120758,-0.44950246810913086,0.6379454731941223,True,continued_then_tracking_terminated_at62,61,62,1.0445469617843628,True
candidate_G_seed_0,0,243,20,0,0,80,9d5379564d610895eee3384c7408363244963090404589d534eb73a98dc4390c,0.9695107936859131,False,False,-0.6436488032341003,-2.5732505321502686,0.024880409240722656,1.0251924991607666,True,continued_then_tracking_terminated_at62,61,62,1.0372716188430786,True
candidate_G_seed_0,0,243,20,1,0,81,9d5379564d610895eee3384c7408363244963090404589d534eb73a98dc4390c,1.0330055952072144,True,False,-0.1642249971628189,-1.1727172136306763,-0.29683780670166016,0.7431645393371582,False,tracking_terminated_at61,,,,
candidate_G_seed_0,0,243,20,2,0,82,9d5379564d610895eee3384c7408363244963090404589d534eb73a98dc4390c,0.9929901957511902,False,False,-0.03020554780960083,-0.781208336353302,0.007457733154296875,1.0074856281280518,True,continued_then_tracking_terminated_at62,61,62,1.0620081424713135,True
candidate_G_seed_0,0,244,20,0,0,80,3e3b4bd4d9ca81de0c0e77490a8bd18fe92507cd8859104cf41e9d1a71f8f41c,1.0130290985107422,True,False,-0.07777146995067596,0.10773345082998276,0.11476898193359375,1.1216143369674683,False,tracking_terminated_at61,,,,
candidate_G_seed_0,0,244,20,3,0,83,3e3b4bd4d9ca81de0c0e77490a8bd18fe92507cd8859104cf41e9d1a71f8f41c,1.0059367418289185,True,False,-0.10335833579301834,0.05241457372903824,0.2509431838989258,1.2852370738983154,False,tracking_terminated_at61,,,,
candidate_G_seed_0,0,244,36,2,1,146,3e3b4bd4d9ca81de0c0e77490a8bd18fe92507cd8859104cf41e9d1a71f8f41c,1.0188342332839966,True,False,0.051943421363830566,0.38817742466926575,-0.25472259521484375,0.7751314640045166,False,tracking_terminated_at61,,,,
candidate_G_seed_0,0,245,20,0,0,80,6aa530babe3009a819ec80ea57e294938172e84f5c4c154c1450ffda3c2a3848,1.027208685874939,True,False,0.08449243009090424,0.26490655541419983,0.01493072509765625,1.015042781829834,False,tracking_terminated_at61,,,,
candidate_G_seed_0,0,245,20,1,0,81,6aa530babe3009a819ec80ea57e294938172e84f5c4c154c1450ffda3c2a3848,1.0094120502471924,True,False,-0.03652546554803848,0.03669176623225212,-0.21905136108398438,0.8032804727554321,False,tracking_terminated_at61,,,,
candidate_G_seed_0,0,245,33,3,1,135,6aa530babe3009a819ec80ea57e294938172e84f5c4c154c1450ffda3c2a3848,1.0284819602966309,True,False,-0.09402704238891602,-0.07174435257911682,-0.562772274017334,0.5696277022361755,False,tracking_terminated_at61,,,,
candidate_G_seed_0,0,246,20,0,0,80,20ad91dc4db98e7aed5bc2220df06d87dfb3f4adea44929a0a0275245be36dc0,0.9640061855316162,False,False,-0.4376015365123749,-0.7879144549369812,0.12060260772705078,1.1281764507293701,True,continued_then_tracking_terminated_at62,61,62,1.0243825912475586,True
candidate_G_seed_0,0,246,20,1,0,81,20ad91dc4db98e7aed5bc2220df06d87dfb3f4adea44929a0a0275245be36dc0,0.9804748892784119,False,False,-0.4088113307952881,-0.7299665212631226,-0.20954036712646484,0.8109568953514099,True,continued_then_tracking_terminated_at62,61,62,1.0400512218475342,True
candidate_G_seed_0,0,246,20,2,0,82,20ad91dc4db98e7aed5bc2220df06d87dfb3f4adea44929a0a0275245be36dc0,1.0135680437088013,True,False,-0.4910527467727661,-0.8954992890357971,-0.04930591583251953,0.9518898725509644,False,tracking_terminated_at61,,,,
candidate_G_seed_0,0,246,20,3,0,83,20ad91dc4db98e7aed5bc2220df06d87dfb3f4adea44929a0a0275245be36dc0,0.9688395857810974,False,False,-0.5397490859031677,-0.9935136437416077,-0.2209005355834961,0.8017964363098145,True,continued_then_tracking_terminated_at62,61,62,1.024349331855774,True
candidate_G_seed_0,0,247,20,1,0,81,546041fb9550b54d42313b48d41f66ca2e5c02263662c57c47d17492d6684c59,0.9653910398483276,False,False,-0.014164447784423828,-0.001169924857094884,-0.01691436767578125,0.9832278490066528,True,continued_then_tracking_terminated_at62,61,62,1.022188663482666,True
candidate_G_seed_0,0,247,36,2,1,146,546041fb9550b54d42313b48d41f66ca2e5c02263662c57c47d17492d6684c59,1.01499605178833,True,False,-0.012250686064362526,0.0034901672042906284,-0.08797073364257812,0.9157876968383789,False,tracking_terminated_at61,,,,
candidate_G_seed_0,0,247,36,3,1,147,546041fb9550b54d42313b48d41f66ca2e5c02263662c57c47d17492d6684c59,1.000915288925171,True,False,-0.5755689740180969,-1.3682141304016113,-0.4985809326171875,0.6073919534683228,False,tracking_terminated_at61,,,,
candidate_G_seed_0,0,248,20,0,0,80,b5d71a683f8508270a80c26bd0056fb46ae27676ea65c53624b7d5ad8ec51eec,1.0104707479476929,True,False,-0.04907235503196716,-0.2524378001689911,-0.06626129150390625,0.9358862638473511,False,tracking_terminated_at61,,,,
candidate_G_seed_0,0,248,20,2,0,82,b5d71a683f8508270a80c26bd0056fb46ae27676ea65c53624b7d5ad8ec51eec,1.0211573839187622,True,False,-0.21453791856765747,-0.6453675627708435,-0.04248523712158203,0.9584046006202698,False,tracking_terminated_at61,,,,
candidate_G_seed_0,0,248,37,1,1,149,b5d71a683f8508270a80c26bd0056fb46ae27676ea65c53624b7d5ad8ec51eec,0.9621366858482361,False,False,-0.6474021673202515,-1.6732869148254395,-0.1252593994140625,0.8822680115699768,True,continued_then_tracking_terminated_at62,61,62,1.016465187072754,True
candidate_G_seed_0,0,249,20,0,0,80,02585117513cd726d498fae01b3b1874424a8bad971eedb8d98114462818576b,1.0124880075454712,True,False,-0.4333975315093994,-1.0712926387786865,-0.2706117630004883,0.7629126310348511,False,tracking_terminated_at61,,,,
candidate_G_seed_0,0,249,20,1,0,81,02585117513cd726d498fae01b3b1874424a8bad971eedb8d98114462818576b,1.0174450874328613,True,False,-0.13047856092453003,-0.3986639082431793,0.20441055297851562,1.2268017530441284,False,tracking_terminated_at61,,,,
candidate_G_seed_0,0,249,20,2,0,82,02585117513cd726d498fae01b3b1874424a8bad971eedb8d98114462818576b,1.0091850757598877,True,False,-0.0635538324713707,-0.25005820393562317,-0.44061756134033203,0.6436387896537781,False,tracking_terminated_at61,,,,
candidate_G_seed_0,0,249,20,3,0,83,02585117513cd726d498fae01b3b1874424a8bad971eedb8d98114462818576b,0.9985868334770203,False,False,-0.4951707124710083,-1.2084593772888184,-0.26093292236328125,0.7703325748443604,True,continued_then_tracking_terminated_at62,61,62,1.0504446029663086,True
candidate_G_seed_0,0,250,20,0,0,80,49544bbfbd21c9f8ff643786f2a923e874ec9deb38cb9208a303d1a99f84425d,0.9719864130020142,False,False,-0.6220083236694336,-1.9617880582809448,-0.5701932907104492,0.565416157245636,True,continued_then_tracking_terminated_at62,61,62,1.0336028337478638,True
candidate_G_seed_0,0,250,20,1,0,81,49544bbfbd21c9f8ff643786f2a923e874ec9deb38cb9208a303d1a99f84425d,0.9964737892150879,False,False,0.004587680101394653,-0.246255025267601,-0.08279037475585938,0.9205440878868103,True,continued_then_tracking_terminated_at62,61,62,1.0512850284576416,True
candidate_G_seed_0,0,250,20,3,0,83,49544bbfbd21c9f8ff643786f2a923e874ec9deb38cb9208a303d1a99f84425d,1.0430546998977661,True,False,-0.09397923201322556,-0.5161175727844238,-0.35189342498779297,0.703355073928833,False,tracking_terminated_at61,,,,
candidate_G_seed_0,0,250,35,2,1,142,49544bbfbd21c9f8ff643786f2a923e874ec9deb38cb9208a303d1a99f84425d,0.9780566692352295,False,False,-0.04231591522693634,-0.3746705651283264,0.1203622817993164,1.1279053688049316,True,continued_then_tracking_terminated_at62,61,62,1.0426898002624512,True
candidate_G_seed_1,1,3,20,1,0,81,8d7152fd3ffd5fdf1e1119c8693c3e0fe5ed144977d91ce8bdf391de8c7316c9,1.052834153175354,True,False,-0.43359339237213135,-1.4763884544372559,-0.4057755470275879,0.6664597392082214,False,tracking_terminated_at61,,,,
candidate_G_seed_1,1,3,37,3,1,151,8d7152fd3ffd5fdf1e1119c8693c3e0fe5ed144977d91ce8bdf391de8c7316c9,1.039886474609375,True,False,-0.5266013741493225,-1.6141481399536133,-0.9797112941741943,0.3754194676876068,False,tracking_terminated_at61,,,,
candidate_G_seed_1,1,5,20,1,0,81,735661a63299942006fef8bba86109914feff38ce714c735e8af7e418d3488a3,1.0273966789245605,True,False,-0.04915376752614975,-1.343094825744629,-0.701052188873291,0.49606308341026306,False,tracking_terminated_at61,,,,
candidate_G_seed_1,1,7,20,1,0,81,36509d747a2b3378beea6a52de7a112d31f7389981e4f95e24ef5d108d2b60e7,1.0501476526260376,True,False,-0.15576109290122986,-1.2992230653762817,0.28404808044433594,1.3284968137741089,False,tracking_terminated_at61,,,,
candidate_G_seed_1,1,7,20,3,0,83,36509d747a2b3378beea6a52de7a112d31f7389981e4f95e24ef5d108d2b60e7,0.9808418154716492,False,False,0.15041518211364746,-0.5899925231933594,-0.03203892707824707,0.9684689044952393,True,continued_then_tracking_terminated_at62,61,62,1.0435982942581177,True
candidate_G_seed_1,1,7,35,2,1,142,36509d747a2b3378beea6a52de7a112d31f7389981e4f95e24ef5d108d2b60e7,1.0481398105621338,True,False,-0.19576042890548706,-1.3918780088424683,-0.46107351779937744,0.6306062936782837,False,tracking_terminated_at61,,,,
candidate_G_seed_1,1,8,20,1,0,81,2f7f2a0d51b6dbd4a64e605b6cefb8aa852d7427df9ae903ff8352fa6cd215bc,1.040481686592102,True,False,-0.3418582081794739,-1.7361130714416504,0.27260303497314453,1.3133788108825684,False,tracking_terminated_at61,,,,
candidate_G_seed_1,1,9,20,1,0,81,d2e0d190340d2e41cdf4c38c9d91c0aad4946a129d3a7d4ea7f8019b1fe936e0,1.0111788511276245,True,False,-0.20302052795886993,-1.1567555665969849,-0.3339118957519531,0.7161168456077576,False,tracking_terminated_at61,,,,
candidate_G_seed_1,1,9,35,2,1,142,d2e0d190340d2e41cdf4c38c9d91c0aad4946a129d3a7d4ea7f8019b1fe936e0,1.0528860092163086,True,False,-0.07811294496059418,-0.8979316353797913,-0.1117790937423706,0.8942417502403259,False,tracking_terminated_at61,,,,
candidate_G_seed_1,1,10,20,1,0,81,674095ff9e2b61e84aaded5de3851fb116b2afcaf3fecbb5d8c3bf5af061fe16,1.0670157670974731,True,False,-0.28452786803245544,-1.1962722539901733,-0.02799522876739502,0.9723930358886719,False,tracking_terminated_at61,,,,
candidate_G_seed_1,1,10,34,0,1,136,674095ff9e2b61e84aaded5de3851fb116b2afcaf3fecbb5d8c3bf5af061fe16,1.0436687469482422,True,False,-0.13775360584259033,-0.9289312958717346,-0.45630979537963867,0.6336175203323364,False,tracking_terminated_at61,,,,
candidate_G_seed_1,1,11,20,2,0,82,f23007d249d21bfdecd3c63c671374019cd1519bedb99f4272b4988d93208bd3,1.0322304964065552,True,False,-0.03976323455572128,-0.5787356495857239,-0.18598461151123047,0.8302863836288452,False,tracking_terminated_at61,,,,
candidate_G_seed_1,1,11,33,0,1,132,f23007d249d21bfdecd3c63c671374019cd1519bedb99f4272b4988d93208bd3,1.0455505847930908,True,False,-0.3599507808685303,-1.2700494527816772,-0.939568042755127,0.39079660177230835,False,tracking_terminated_at61,,,,
candidate_G_seed_1,1,11,33,1,1,133,f23007d249d21bfdecd3c63c671374019cd1519bedb99f4272b4988d93208bd3,1.0490152835845947,True,False,-0.31440889835357666,-1.1717203855514526,-0.3238821029663086,0.7233355045318604,False,tracking_terminated_at61,,,,
candidate_G_seed_1,1,11,34,3,1,139,f23007d249d21bfdecd3c63c671374019cd1519bedb99f4272b4988d93208bd3,1.0490055084228516,True,False,-0.4522106945514679,-1.4692468643188477,-1.099123477935791,0.33316299319267273,False,tracking_terminated_at61,,,,
candidate_G_seed_1,1,12,20,3,0,83,d28b374e972d35e42436ca4a6405d472828a1e1da8d3e933d7fed1f2dc56afe8,1.0522836446762085,True,False,0.03280564025044441,-0.6286070942878723,0.580512285232544,1.7869535684585571,False,tracking_terminated_at61,,,,
candidate_G_seed_1,1,12,38,2,1,154,d28b374e972d35e42436ca4a6405d472828a1e1da8d3e933d7fed1f2dc56afe8,1.0356327295303345,True,False,-0.43856680393218994,-1.6259229183197021,-0.62109375,0.5373563766479492,False,tracking_terminated_at61,,,,
candidate_G_seed_1,1,13,20,0,0,80,c5a380d0816e40d7022f81b2756ee3e78076a2f2ffe61f0295bb395171eb7993,1.0404824018478394,True,False,-0.2621612846851349,-0.6003491282463074,0.31136465072631836,1.365286946296692,False,tracking_terminated_at61,,,,
candidate_G_seed_1,1,13,34,2,1,138,c5a380d0816e40d7022f81b2756ee3e78076a2f2ffe61f0295bb395171eb7993,1.0490819215774536,True,False,-0.3973976671695709,-0.8918502926826477,-0.5321903228759766,0.587317168712616,False,tracking_terminated_at61,,,,
candidate_G_seed_1,1,13,39,1,1,157,c5a380d0816e40d7022f81b2756ee3e78076a2f2ffe61f0295bb395171eb7993,1.0308977365493774,True,False,-0.34136539697647095,-0.771073043346405,-0.5284452438354492,0.5895208120346069,False,tracking_terminated_at61,,,,
candidate_G_seed_1,1,14,20,3,0,83,91acb1c14d3dae6440b31765eea3a93fa9051f86753b4b6a87477152216b25c2,1.0425105094909668,True,False,-0.6253191828727722,-1.7872099876403809,0.22116374969482422,1.2475277185440063,False,tracking_terminated_at61,,,,
candidate_G_seed_1,1,14,37,0,1,148,91acb1c14d3dae6440b31765eea3a93fa9051f86753b4b6a87477152216b25c2,1.0047389268875122,True,False,-0.6342900395393372,-1.8111603260040283,-1.1331093311309814,0.3220303952693939,False,tracking_terminated_at61,,,,
candidate_G_seed_1,1,14,37,2,1,150,91acb1c14d3dae6440b31765eea3a93fa9051f86753b4b6a87477152216b25c2,1.0047695636749268,True,False,-0.5236530303955078,-1.5157829523086548,-0.45034217834472656,0.6374099850654602,False,tracking_terminated_at61,,,,
candidate_G_seed_1,1,15,20,1,0,81,ca322cdc6c1d8d07aa1f95ecc405daa338e4672dbae44600730ecc7fef99b083,1.0425074100494385,True,False,-0.4483650326728821,-0.5389636754989624,-0.09986436367034912,0.9049601554870605,False,tracking_terminated_at61,,,,
candidate_G_seed_1,1,15,20,2,0,82,ca322cdc6c1d8d07aa1f95ecc405daa338e4672dbae44600730ecc7fef99b083,1.0158051252365112,True,False,-0.5945868492126465,-0.9000828266143799,-0.25550270080566406,0.7745270729064941,False,tracking_terminated_at61,,,,
candidate_G_seed_1,1,15,35,0,1,140,ca322cdc6c1d8d07aa1f95ecc405daa338e4672dbae44600730ecc7fef99b083,1.042851209640503,True,False,-0.2600031793117523,-0.07377267628908157,0.08536273241043091,1.0891120433807373,False,tracking_terminated_at61,,,,
candidate_G_seed_1,1,16,20,0,0,80,6c5647560b0663594c7b10cff1203030a79ebbca3193659f6272430bbe80d0fe,1.0140866041183472,True,False,-0.037807613611221313,0.33615610003471375,0.3158748149871826,1.3714585304260254,False,tracking_terminated_at61,,,,
candidate_G_seed_1,1,17,20,0,0,80,d5787d08c13fd4a5fd2cc301e66e6aeb0621db008558e48b00e77d361ac584a5,1.0192654132843018,True,False,-0.8360278010368347,-1.5133479833602905,-0.14950799942016602,0.8611315488815308,False,tracking_terminated_at61,,,,
candidate_G_seed_1,1,18,20,0,0,80,1c59ca4e258f4b5c1b78661a20defbf885853bb172bda41c4616353af7f2380f,1.0308902263641357,True,False,-0.6577574610710144,-2.0400307178497314,0.005124092102050781,1.0051372051239014,False,tracking_terminated_at61,,,,
candidate_G_seed_1,1,18,39,2,1,158,1c59ca4e258f4b5c1b78661a20defbf885853bb172bda41c4616353af7f2380f,1.0277667045593262,True,False,-0.6341511011123657,-1.9757057428359985,-0.5799572467803955,0.5599222779273987,False,tracking_terminated_at61,,,,
candidate_G_seed_1,1,19,20,2,0,82,4cb4082d80d232d37da2e876d0ab5b98d4085c035e65c9cb2481ae557aac6f9d,1.0458132028579712,True,False,0.00636657327413559,0.2572728395462036,0.41333866119384766,1.5118569135665894,False,tracking_terminated_at61,,,,
candidate_G_seed_1,1,20,20,3,0,83,f51439462e259ceb86c29f7d62645f73bd32f6c18a4930d96984914dbce2ef56,1.0171765089035034,True,False,-0.3765292465686798,-0.7688842415809631,-0.3854508399963379,0.6801439523696899,False,tracking_terminated_at61,,,,
candidate_G_seed_1,1,21,20,1,0,81,4df85a412916d05cf422b031ce9637139e468f5a159be933b3cf15e4a2dccb86,1.019999384880066,True,False,-0.7484492063522339,-2.4088642597198486,0.43931007385253906,1.5516363382339478,False,tracking_terminated_at61,,,,
candidate_G_seed_1,1,21,20,3,0,83,4df85a412916d05cf422b031ce9637139e468f5a159be933b3cf15e4a2dccb86,1.0362509489059448,True,False,-0.4270350933074951,-1.4065520763397217,-0.3438009023666382,0.709070086479187,False,tracking_terminated_at61,,,,
candidate_G_seed_1,1,22,20,0,0,80,6232f39660e8a4872605ece8e04e9c96cc2aeb2ec5b23b0b1045fc43ea45abfe,1.0253679752349854,True,False,-0.13966211676597595,-0.9086543321609497,-0.08635520935058594,0.9172683358192444,False,tracking_terminated_at61,,,,
candidate_G_seed_1,1,22,20,1,0,81,6232f39660e8a4872605ece8e04e9c96cc2aeb2ec5b23b0b1045fc43ea45abfe,1.0485728979110718,True,False,-0.41756558418273926,-1.9096338748931885,-0.3424491882324219,0.7100291848182678,False,tracking_terminated_at61,,,,
candidate_G_seed_1,1,23,35,3,1,143,266daddf8f2085ff269d26df3411ec5c6fe20b207e3974d80dbec9c3fc74845f,0.9902546405792236,False,False,-0.39207005500793457,-0.5021600723266602,0.512264609336853,1.6690666675567627,True,continued_then_tracking_terminated_at62,61,62,1.0423219203948975,True
candidate_G_seed_1,1,23,37,1,1,149,266daddf8f2085ff269d26df3411ec5c6fe20b207e3974d80dbec9c3fc74845f,1.0565869808197021,True,False,0.18123656511306763,1.2147969007492065,-0.00040912628173828125,0.9995909333229065,False,tracking_terminated_at61,,,,
candidate_G_seed_1,1,24,20,0,0,80,ba758f769052dfde74589fffc408a93f7c943a062bfd9fc2970f76613417d8d9,1.0143544673919678,True,False,-0.04783650115132332,0.08555352687835693,-0.14850330352783203,0.8619971871376038,False,tracking_terminated_at61,,,,
candidate_G_seed_1,1,24,20,1,0,81,ba758f769052dfde74589fffc408a93f7c943a062bfd9fc2970f76613417d8d9,1.020519733428955,True,False,-0.5747042894363403,-1.1027772426605225,-0.04579818248748779,0.955234706401825,False,tracking_terminated_at61,,,,
candidate_G_seed_1,1,24,34,3,1,139,ba758f769052dfde74589fffc408a93f7c943a062bfd9fc2970f76613417d8d9,1.0332497358322144,True,False,-0.2860614061355591,-0.4517539143562317,-0.27927494049072266,0.7563319206237793,False,tracking_terminated_at61,,,,
candidate_G_seed_1,1,25,20,1,0,81,4baf7e77ff79d691806cdec233c5a94bea23f7f05041b5ab8145803afa96044d,0.9835817217826843,False,False,-0.182176411151886,-1.1012258529663086,-0.6143914461135864,0.5409700274467468,True,continued_then_tracking_terminated_at62,61,62,1.0381191968917847,True
candidate_G_seed_1,1,25,20,2,0,82,4baf7e77ff79d691806cdec233c5a94bea23f7f05041b5ab8145803afa96044d,1.0258678197860718,True,False,-0.24691170454025269,-1.30232834815979,-0.6907268762588501,0.5012116432189941,False,tracking_terminated_at61,,,,
candidate_G_seed_1,1,25,20,3,0,83,4baf7e77ff79d691806cdec233c5a94bea23f7f05041b5ab8145803afa96044d,1.0091381072998047,True,False,-0.10346588492393494,-0.8567087054252625,-0.5445585250854492,0.5800977945327759,False,tracking_terminated_at61,,,,
candidate_G_seed_1,1,26,20,0,0,80,2c4e66ef69ee6dbb58d68823ab0075813e29a90f12b0eea89f63e2ac4158373b,1.0422109365463257,True,False,-0.3248380422592163,-1.0686675310134888,-0.2879161834716797,0.7498244643211365,False,tracking_terminated_at61,,,,
candidate_G_seed_1,1,26,34,3,1,139,2c4e66ef69ee6dbb58d68823ab0075813e29a90f12b0eea89f63e2ac4158373b,1.0665626525878906,True,False,-0.12431059777736664,-0.5285020470619202,-0.2723064422607422,0.761620819568634,False,tracking_terminated_at61,,,,
candidate_G_seed_1,1,26,39,1,1,157,2c4e66ef69ee6dbb58d68823ab0075813e29a90f12b0eea89f63e2ac4158373b,1.0298142433166504,True,False,-0.44994938373565674,-1.405682921409607,-0.38611507415771484,0.6796923279762268,False,tracking_terminated_at61,,,,
candidate_G_seed_1,1,27,20,1,0,81,f88b4d4e04c4c124de5cd6cf81f3ce6b8c752315e321c14fd6f2f7635202fe4e,1.0113158226013184,True,False,0.0025381864979863167,0.013651777990162373,-0.41382813453674316,0.6611145734786987,False,tracking_terminated_at61,,,,
candidate_G_seed_1,1,27,20,3,0,83,f88b4d4e04c4c124de5cd6cf81f3ce6b8c752315e321c14fd6f2f7635202fe4e,1.0313441753387451,True,False,-0.18189343810081482,-0.5208998322486877,-0.17621994018554688,0.838433563709259,False,tracking_terminated_at61,,,,
candidate_G_seed_1,1,27,37,2,1,150,f88b4d4e04c4c124de5cd6cf81f3ce6b8c752315e321c14fd6f2f7635202fe4e,1.0152733325958252,True,False,-0.5370129942893982,-1.550168514251709,-0.9551756381988525,0.3847445547580719,False,tracking_terminated_at61,,,,
candidate_G_seed_1,1,27,38,0,1,152,f88b4d4e04c4c124de5cd6cf81f3ce6b8c752315e321c14fd6f2f7635202fe4e,1.0324456691741943,True,False,-0.15809383988380432,-0.45191970467567444,-0.002327442169189453,0.9976752400398254,False,tracking_terminated_at61,,,,
candidate_G_seed_1,1,28,20,0,0,80,e14ea88303d9197736c7d717da09b6e5571b417b9a6c8a19cc602b226cb5b2c0,1.0354349613189697,True,False,-0.20585060119628906,-0.7686374187469482,-0.8770637512207031,0.4160026013851166,False,tracking_terminated_at61,,,,
candidate_G_seed_1,1,28,20,2,0,82,e14ea88303d9197736c7d717da09b6e5571b417b9a6c8a19cc602b226cb5b2c0,1.0351808071136475,True,False,-0.003365814685821533,-0.26324746012687683,-0.3427553176879883,0.7098118662834167,False,tracking_terminated_at61,,,,
candidate_G_seed_1,1,28,20,3,0,83,e14ea88303d9197736c7d717da09b6e5571b417b9a6c8a19cc602b226cb5b2c0,1.0513204336166382,True,False,-0.17117950320243835,-0.6821004748344421,-0.5099649429321289,0.6005166172981262,False,tracking_terminated_at61,,,,
candidate_G_seed_1,1,29,20,0,0,80,1244e94a550447a53697378eaec8611f5f656098c18970f2257278ab92a090e9,1.0201048851013184,True,False,-0.42828983068466187,-1.750043272972107,0.18668556213378906,1.205248236656189,False,tracking_terminated_at61,,,,
candidate_G_seed_1,1,29,20,1,0,81,1244e94a550447a53697378eaec8611f5f656098c18970f2257278ab92a090e9,1.0351916551589966,True,False,-0.4004833698272705,-1.6490541696548462,0.08178853988647461,1.08522629737854,False,tracking_terminated_at61,,,,
candidate_G_seed_1,1,30,20,0,0,80,d3fc3fdc50b5559b4a25d2be4ef096ac83e8ffa50e07a38c16beb2e2637b1654,1.0206230878829956,True,False,-0.2810715436935425,-1.4968656301498413,-0.25275588035583496,0.7766574621200562,False,tracking_terminated_at61,,,,
candidate_G_seed_1,1,30,20,1,0,81,d3fc3fdc50b5559b4a25d2be4ef096ac83e8ffa50e07a38c16beb2e2637b1654,1.045445203781128,True,False,-0.17413584887981415,-1.1078321933746338,-0.018197059631347656,0.9819675087928772,False,tracking_terminated_at61,,,,
candidate_G_seed_1,1,30,20,2,0,82,d3fc3fdc50b5559b4a25d2be4ef096ac83e8ffa50e07a38c16beb2e2637b1654,0.9844035506248474,False,False,-0.29888027906417847,-1.5616540908813477,-0.36078548431396484,0.6971285343170166,True,continued_then_tracking_terminated_at62,61,62,1.0407469272613525,True
candidate_G_seed_1,1,30,20,3,0,83,d3fc3fdc50b5559b4a25d2be4ef096ac83e8ffa50e07a38c16beb2e2637b1654,1.025546908378601,True,False,-0.058378636837005615,-0.6867059469223022,-0.05191802978515625,0.9494066834449768,False,tracking_terminated_at61,,,,
candidate_G_seed_1,1,31,20,0,0,80,daf0e5e56eed8a188e7d9bbe1d54f6bf6feb9e269c21af828abc7af6f7a73cec,1.0339477062225342,True,False,-0.5617713928222656,-1.8902665376663208,-0.3482704162597656,0.705907940864563,False,tracking_terminated_at61,,,,
candidate_G_seed_1,1,31,20,1,0,81,daf0e5e56eed8a188e7d9bbe1d54f6bf6feb9e269c21af828abc7af6f7a73cec,1.0230200290679932,True,False,-0.3693535029888153,-1.2409361600875854,-0.3715057373046875,0.6896950602531433,False,tracking_terminated_at61,,,,
candidate_G_seed_1,1,31,20,2,0,82,daf0e5e56eed8a188e7d9bbe1d54f6bf6feb9e269c21af828abc7af6f7a73cec,1.054073452949524,True,False,-0.4985819160938263,-1.6770284175872803,-0.2841644287109375,0.7526428699493408,False,tracking_terminated_at61,,,,
candidate_G_seed_1,1,31,20,3,0,83,daf0e5e56eed8a188e7d9bbe1d54f6bf6feb9e269c21af828abc7af6f7a73cec,1.0291175842285156,True,False,-0.5014094710350037,-1.686570167541504,-0.2594575881958008,0.7714699506759644,False,tracking_terminated_at61,,,,
candidate_G_seed_1,1,32,20,3,0,83,df69c510654ef66c923e483a323a7e74d4e53e567393cec5a45c8dd138acfbca,1.0206882953643799,True,False,-0.3364431858062744,0.009158861823379993,-0.3853340148925781,0.6802234053611755,False,tracking_terminated_at61,,,,
candidate_G_seed_1,1,33,20,1,0,81,d07d2517d52b048e5766dcfaa3db46f456136393f6b602bd24ac8168f52d1120,1.0385092496871948,True,False,-0.40546202659606934,-1.1699715852737427,-0.31028079986572266,0.7332410216331482,False,tracking_terminated_at61,,,,
candidate_G_seed_1,1,33,20,2,0,82,d07d2517d52b048e5766dcfaa3db46f456136393f6b602bd24ac8168f52d1120,1.0013507604599,True,False,-0.691929817199707,-2.149113178253174,-0.6213383674621582,0.5372249484062195,False,tracking_terminated_at61,,,,
candidate_G_seed_1,1,34,20,0,0,80,7b346b446367ad06f0045c28c70cf3810c91a2456b6d30d1fa7f086275962183,1.0314770936965942,True,False,-0.4160650074481964,-1.6600890159606934,-0.8418949842453003,0.430893212556839,False,tracking_terminated_at61,,,,
candidate_G_seed_1,1,34,20,2,0,82,7b346b446367ad06f0045c28c70cf3810c91a2456b6d30d1fa7f086275962183,1.0145536661148071,True,False,-0.38436925411224365,-1.5642197132110596,-0.6340162754058838,0.530457079410553,False,tracking_terminated_at61,,,,
candidate_G_seed_1,1,34,20,3,0,83,7b346b446367ad06f0045c28c70cf3810c91a2456b6d30d1fa7f086275962183,1.0086809396743774,True,False,-0.6837953925132751,-2.4698867797851562,-1.032442569732666,0.3561360239982605,False,tracking_terminated_at61,,,,
candidate_G_seed_1,1,35,20,3,0,83,205cd151c36d9d7e7dbaf56bd47e4618f06f099a5bb625db9debd0276fb2f66c,0.9966713786125183,False,False,-0.6246203780174255,-0.7768375873565674,-0.28313684463500977,0.7534166574478149,True,continued_then_tracking_terminated_at62,61,62,1.067388892173767,True
candidate_G_seed_1,1,36,20,0,0,80,7973e8840a5a2726a92f1d63075485aa1e908f81a1eea7171141d6c33523ff28,1.0425463914871216,True,False,-0.2144077718257904,-0.47797778248786926,0.16778850555419922,1.182686448097229,False,tracking_terminated_at61,,,,
candidate_G_seed_1,1,36,20,3,0,83,7973e8840a5a2726a92f1d63075485aa1e908f81a1eea7171141d6c33523ff28,1.0084114074707031,True,False,-0.5006030797958374,-1.0948889255523682,0.17272257804870605,1.188536286354065,False,tracking_terminated_at61,,,,
candidate_G_seed_1,1,36,36,2,1,146,7973e8840a5a2726a92f1d63075485aa1e908f81a1eea7171141d6c33523ff28,1.0105630159378052,True,False,-0.5807015895843506,-1.2675460577011108,-0.012587547302246094,0.9874913692474365,False,tracking_terminated_at61,,,,
candidate_G_seed_1,1,37,20,0,0,80,eb746d0b6a678e8cbfede42956d506c82f694d188c362671f5024d1e5497fc7c,1.0358847379684448,True,False,-0.41814106702804565,-1.02326238155365,-0.38594627380371094,0.6798070669174194,False,tracking_terminated_at61,,,,
candidate_G_seed_1,1,37,20,2,0,82,eb746d0b6a678e8cbfede42956d506c82f694d188c362671f5024d1e5497fc7c,1.0301036834716797,True,False,-0.3915894627571106,-0.9317611455917358,-0.0048160552978515625,0.9951955080032349,False,tracking_terminated_at61,,,,
candidate_G_seed_1,1,37,20,3,0,83,eb746d0b6a678e8cbfede42956d506c82f694d188c362671f5024d1e5497fc7c,1.0423654317855835,True,False,-0.5301733613014221,-1.4093445539474487,0.20096111297607422,1.2225772142410278,False,tracking_terminated_at61,,,,
candidate_G_seed_1,1,38,20,1,0,81,470115608211434715ea6cf4e5e38a5b064355242e919edaf6e9780921864622,1.0253889560699463,True,False,-0.4022107720375061,-1.3552522659301758,0.04280710220336914,1.0437365770339966,False,tracking_terminated_at61,,,,
candidate_G_seed_1,1,38,20,3,0,83,470115608211434715ea6cf4e5e38a5b064355242e919edaf6e9780921864622,1.0320982933044434,True,False,-0.3177739679813385,-1.102393388748169,-0.19881916046142578,0.8196980953216553,False,tracking_terminated_at61,,,,
candidate_G_seed_1,1,38,37,0,1,148,470115608211434715ea6cf4e5e38a5b064355242e919edaf6e9780921864622,1.0070877075195312,True,False,-0.32316431403160095,-1.1185356378555298,-0.3027108907699585,0.7388126850128174,False,tracking_terminated_at61,,,,
candidate_G_seed_1,1,39,20,0,0,80,31b09b518974f9c094ec2beb3c2020e744f7939b9731fc08900da2135717953b,1.003519058227539,True,False,-0.3004572093486786,-1.1035484075546265,-0.14802849292755127,0.8624065518379211,False,tracking_terminated_at61,,,,
candidate_G_seed_1,1,39,20,1,0,81,31b09b518974f9c094ec2beb3c2020e744f7939b9731fc08900da2135717953b,1.0203744173049927,True,False,-0.7809938192367554,-2.4759581089019775,-0.23813533782958984,0.788096010684967,False,tracking_terminated_at61,,,,
candidate_G_seed_1,1,39,39,3,1,159,31b09b518974f9c094ec2beb3c2020e744f7939b9731fc08900da2135717953b,1.0113743543624878,True,False,-0.28107887506484985,-1.048203945159912,0.30696535110473633,1.359293818473816,False,tracking_terminated_at61,,,,
candidate_G_seed_1,1,40,20,0,0,80,d2b8729a93032a0b52f528a283ef581c7233f04c23d2069495cd24d22bb398f0,1.0106091499328613,True,False,-0.5463056564331055,-1.2044827938079834,0.1369185447692871,1.1467347145080566,False,tracking_terminated_at61,,,,
candidate_G_seed_1,1,40,20,2,0,82,d2b8729a93032a0b52f528a283ef581c7233f04c23d2069495cd24d22bb398f0,1.029805064201355,True,False,-0.40436050295829773,-0.8125916123390198,0.11905908584594727,1.126436471939087,False,tracking_terminated_at61,,,,
candidate_G_seed_1,1,40,36,1,1,145,d2b8729a93032a0b52f528a283ef581c7233f04c23d2069495cd24d22bb398f0,1.0281825065612793,True,False,-0.26098519563674927,-0.41675204038619995,-0.06222963333129883,0.9396671056747437,False,tracking_terminated_at61,,,,
candidate_G_seed_1,1,40,36,3,1,147,d2b8729a93032a0b52f528a283ef581c7233f04c23d2069495cd24d22bb398f0,1.0118260383605957,True,False,-0.27830156683921814,-0.4645601809024811,-0.28956007957458496,0.7485927939414978,False,tracking_terminated_at61,,,,
candidate_G_seed_1,1,41,20,0,0,80,c915f9a812c99360c535035fccf31957185a11f56afb1041e571f13b8dfe8213,1.0543471574783325,True,False,-0.33328723907470703,-0.2880944609642029,-0.3346831798553467,0.7155647277832031,False,tracking_terminated_at61,,,,
candidate_G_seed_1,1,41,20,2,0,82,c915f9a812c99360c535035fccf31957185a11f56afb1041e571f13b8dfe8213,1.0328998565673828,True,False,-0.5452085733413696,-0.688044548034668,0.1452786922454834,1.1563618183135986,False,tracking_terminated_at61,,,,
candidate_G_seed_1,1,41,20,3,0,83,c915f9a812c99360c535035fccf31957185a11f56afb1041e571f13b8dfe8213,1.0365880727767944,True,False,-0.3240371346473694,-0.2706371545791626,0.36681270599365234,1.4431276321411133,False,tracking_terminated_at61,,,,
candidate_G_seed_1,1,42,20,1,0,81,4a191abb656e9433fbf95cf6a6032ffb2607e60a3c45d91c5dada94784bc8724,0.9800180196762085,False,False,-0.34522879123687744,-0.9864246249198914,0.2584906220436096,1.2949739694595337,True,continued_then_tracking_terminated_at62,61,62,1.0426336526870728,True
candidate_G_seed_1,1,42,39,0,1,156,4a191abb656e9433fbf95cf6a6032ffb2607e60a3c45d91c5dada94784bc8724,1.0450481176376343,True,False,-0.7961946129798889,-2.170897960662842,-0.22956252098083496,0.794881284236908,False,tracking_terminated_at61,,,,
candidate_G_seed_1,1,42,39,2,1,158,4a191abb656e9433fbf95cf6a6032ffb2607e60a3c45d91c5dada94784bc8724,1.0464633703231812,True,False,-0.0597168430685997,-0.23652023077011108,-0.19257211685180664,0.8248348236083984,False,tracking_terminated_at61,,,,
candidate_G_seed_1,1,43,20,1,0,81,67e2bc599667241426b079b7c345febf19673f3fd515c5bb1deaff0af3031397,1.0127484798431396,True,False,-0.4255293011665344,-1.7709898948669434,-0.111114501953125,0.8948363065719604,False,tracking_terminated_at61,,,,
candidate_G_seed_1,1,44,20,0,0,80,0f3fcca9f5043bd97e97b588697b005bdf035faf8614eeca0061460e157f033d,0.9885812997817993,False,False,-0.5945969820022583,-2.938188076019287,-0.7218294143676758,0.4858626127243042,True,continued_then_tracking_terminated_at62,61,62,1.037789225578308,True
candidate_G_seed_1,1,45,20,2,0,82,33c0c4ce27c93509fb5c20f4227e66d207b4cad6172e04c78966b3aa81e4f7e7,1.0427846908569336,True,False,-0.11529167741537094,-0.23535095155239105,0.09369468688964844,1.098224401473999,False,tracking_terminated_at61,,,,
candidate_G_seed_1,1,45,20,3,0,83,33c0c4ce27c93509fb5c20f4227e66d207b4cad6172e04c78966b3aa81e4f7e7,1.002149224281311,True,False,-0.35730627179145813,-0.8497706651687622,0.4983799457550049,1.646052360534668,False,tracking_terminated_at61,,,,
candidate_G_seed_1,1,46,20,1,0,81,8ca645192a33f1faa7ff0ba21a4f2ef03d5bc0ce3265672f9231ad31ab6867fb,1.0016483068466187,True,False,-0.9258477091789246,-3.5138840675354004,-0.5526386499404907,0.5754294395446777,False,tracking_terminated_at61,,,,
candidate_G_seed_1,1,47,20,3,0,83,3448d4ca476ab46daef8a460872937ffb6f9b6d5417131af76486cfadc52bc3d,1.0066618919372559,True,False,-0.637609601020813,-1.6138004064559937,-0.5926568508148193,0.5528565049171448,False,tracking_terminated_at61,,,,
candidate_G_seed_1,1,47,38,0,1,152,3448d4ca476ab46daef8a460872937ffb6f9b6d5417131af76486cfadc52bc3d,1.054580569267273,True,False,-0.6195884943008423,-1.558623194694519,-0.42598819732666016,0.6531240344047546,False,tracking_terminated_at61,,,,
candidate_G_seed_1,1,47,38,2,1,154,3448d4ca476ab46daef8a460872937ffb6f9b6d5417131af76486cfadc52bc3d,1.0215400457382202,True,False,-0.4593158960342407,-1.067897915840149,0.3392977714538574,1.4039613008499146,False,tracking_terminated_at61,,,,
candidate_G_seed_1,1,48,20,1,0,81,f9af1e4cb4d199977f3c5b98562af2718ef616bdf1a7ec6016598690bf4e6bd8,1.0085078477859497,True,False,-0.5547544956207275,-1.0632210969924927,0.16353178024291992,1.17766273021698,False,tracking_terminated_at61,,,,
candidate_G_seed_1,1,48,20,2,0,82,f9af1e4cb4d199977f3c5b98562af2718ef616bdf1a7ec6016598690bf4e6bd8,1.0151889324188232,True,False,-0.6451032757759094,-1.3011250495910645,-0.38584375381469727,0.6798767447471619,False,tracking_terminated_at61,,,,
candidate_G_seed_1,1,49,20,0,0,80,3d0523fec9e9fdd2bea94d2838851bf4ab415712042f7440d19d6334e584f3cb,1.022718906402588,True,False,-0.38961294293403625,-1.0588597059249878,0.015772342681884766,1.0158973932266235,False,tracking_terminated_at61,,,,
candidate_G_seed_1,1,49,20,2,0,82,3d0523fec9e9fdd2bea94d2838851bf4ab415712042f7440d19d6334e584f3cb,1.0359175205230713,True,False,-0.37244877219200134,-1.0176713466644287,0.2413468360900879,1.2729624509811401,False,tracking_terminated_at61,,,,
candidate_G_seed_1,1,49,20,3,0,83,3d0523fec9e9fdd2bea94d2838851bf4ab415712042f7440d19d6334e584f3cb,1.032317042350769,True,False,-0.4243844747543335,-1.1423001289367676,0.1436176300048828,1.154442548751831,False,tracking_terminated_at61,,,,
candidate_G_seed_1,1,50,20,0,0,80,c01f082db51eece4f32a97ffde3a491ce335710698d272b741f72640a738c79e,1.0423766374588013,True,False,-0.20086213946342468,-0.5709052085876465,0.41139817237854004,1.5089260339736938,False,tracking_terminated_at61,,,,
candidate_G_seed_1,1,50,20,1,0,81,c01f082db51eece4f32a97ffde3a491ce335710698d272b741f72640a738c79e,1.0097402334213257,True,False,-0.4913354516029358,-1.3679313659667969,-0.10098743438720703,0.9039443731307983,False,tracking_terminated_at61,,,,
candidate_G_seed_1,1,51,20,1,0,81,6aa4ac03bb1f751e57afa6ed2d9017bfb1456aa75efba6ebfc709408746c6173,1.0439273118972778,True,False,-0.2399059236049652,-0.11824020743370056,-0.14377069473266602,0.8660863041877747,False,tracking_terminated_at61,,,,
candidate_G_seed_1,1,52,20,1,0,81,662b76277aed4fa90826e2e54a719c369f3f0578d13a27d830186d59746a27bf,1.0179197788238525,True,False,-0.6171072721481323,-1.333579421043396,-0.7116928100585938,0.49081262946128845,False,tracking_terminated_at61,,,,
candidate_G_seed_1,1,52,20,3,0,83,662b76277aed4fa90826e2e54a719c369f3f0578d13a27d830186d59746a27bf,1.0417906045913696,True,False,-0.41510623693466187,-0.8198172450065613,-0.3045198619365692,0.7374773621559143,False,tracking_terminated_at61,,,,
candidate_G_seed_1,1,53,20,3,0,83,277418db09dcb5612eef30f306dc09f6c8d634cb9ec4fa25ea38cf7aaa1fd61f,1.027238130569458,True,False,-0.6599464416503906,-1.4476027488708496,-0.21803760528564453,0.8040952086448669,False,tracking_terminated_at61,,,,
candidate_G_seed_1,1,53,39,1,1,157,277418db09dcb5612eef30f306dc09f6c8d634cb9ec4fa25ea38cf7aaa1fd61f,1.0261483192443848,True,False,-0.3137817680835724,-0.5156815052032471,0.09747695922851562,1.1023859977722168,False,tracking_terminated_at61,,,,
candidate_G_seed_1,1,54,20,0,0,80,c935d700352bedcf700501c32608064ab86736079a7f56ddf13e0408cd5081c0,1.0288734436035156,True,False,-0.27749818563461304,-1.2805392742156982,-0.2266545295715332,0.7971961498260498,False,tracking_terminated_at61,,,,
candidate_G_seed_1,1,54,20,1,0,81,c935d700352bedcf700501c32608064ab86736079a7f56ddf13e0408cd5081c0,0.9995326995849609,False,False,-0.7843308448791504,-2.6064934730529785,-0.37876224517822266,0.6847083568572998,True,continued_then_tracking_terminated_at62,61,62,1.06463623046875,True
candidate_G_seed_1,1,54,20,2,0,82,c935d700352bedcf700501c32608064ab86736079a7f56ddf13e0408cd5081c0,1.0185304880142212,True,False,-0.6994122862815857,-2.384333372116089,-0.5405285358428955,0.5824403166770935,False,tracking_terminated_at61,,,,
candidate_G_seed_1,1,54,39,3,1,159,c935d700352bedcf700501c32608064ab86736079a7f56ddf13e0408cd5081c0,1.0194835662841797,True,False,-0.7160321474075317,-2.4278132915496826,-0.6363072395324707,0.5292431712150574,False,tracking_terminated_at61,,,,
candidate_G_seed_1,1,56,20,1,0,81,70f156f3359967cb6a20c7362da988920cced91a93011e66d5b98247f9a77416,0.9910310506820679,False,False,-0.7251336574554443,-2.3343935012817383,-0.4738483428955078,0.6226016879081726,True,continued_then_tracking_terminated_at62,61,62,1.0593082904815674,True
candidate_G_seed_1,1,57,20,0,0,80,1021f6bc7e1030161e697c369295d5e5f4d25c363fff0e8ce4bbe3ce14d2874e,1.0154005289077759,True,False,-0.40398356318473816,-1.3527883291244507,0.1811847686767578,1.1986366510391235,False,tracking_terminated_at61,,,,
candidate_G_seed_1,1,57,20,1,0,81,1021f6bc7e1030161e697c369295d5e5f4d25c363fff0e8ce4bbe3ce14d2874e,1.021756887435913,True,False,-0.5128847360610962,-1.5993609428405762,-0.27385950088500977,0.7604389190673828,False,tracking_terminated_at61,,,,
candidate_G_seed_1,1,57,20,2,0,82,1021f6bc7e1030161e697c369295d5e5f4d25c363fff0e8ce4bbe3ce14d2874e,1.0301910638809204,True,False,-0.33228325843811035,-1.1904455423355103,0.07928752899169922,1.0825154781341553,False,tracking_terminated_at61,,,,
candidate_G_seed_1,1,57,20,3,0,83,1021f6bc7e1030161e697c369295d5e5f4d25c363fff0e8ce4bbe3ce14d2874e,1.04928719997406,True,False,-0.42421481013298035,-1.3985956907272339,0.0164337158203125,1.0165694952011108,False,tracking_terminated_at61,,,,
candidate_G_seed_1,1,58,35,2,1,142,79efb32542770b5e28d3364272b8128b19b5a07c576423f9fe295bb88dbecd26,1.0349568128585815,True,False,-0.2885397970676422,-0.8020311594009399,0.0013742446899414062,1.0013751983642578,False,tracking_terminated_at61,,,,
candidate_G_seed_1,1,59,20,0,0,80,bfab2850824522e05584e8669d10608d13f35063d3de00065109e3e40d6b46b4,0.9717161059379578,False,False,-0.367337703704834,-1.0162171125411987,-0.17665910720825195,0.8380654454231262,True,continued_then_tracking_terminated_at62,61,62,1.0255223512649536,True
candidate_G_seed_1,1,59,20,1,0,81,bfab2850824522e05584e8669d10608d13f35063d3de00065109e3e40d6b46b4,1.0449506044387817,True,False,-0.19547753036022186,-0.535375714302063,0.18439388275146484,1.2024893760681152,False,tracking_terminated_at61,,,,
candidate_G_seed_1,1,59,20,3,0,83,bfab2850824522e05584e8669d10608d13f35063d3de00065109e3e40d6b46b4,1.003163456916809,True,False,-0.28917843103408813,-0.7975381016731262,-0.229897141456604,0.7946153283119202,False,tracking_terminated_at61,,,,
candidate_G_seed_1,1,60,20,2,0,82,e972158b59b3266722b8da16ea069a372cbbab906743e948c71227077ae86a0a,1.0480756759643555,True,False,-0.22003193199634552,-0.5378519892692566,-0.0115203857421875,0.9885457158088684,False,tracking_terminated_at61,,,,
candidate_G_seed_1,1,60,20,3,0,83,e972158b59b3266722b8da16ea069a372cbbab906743e948c71227077ae86a0a,1.04376220703125,True,False,-0.5339651107788086,-1.4324132204055786,-0.04431009292602539,0.9566572308540344,False,tracking_terminated_at61,,,,
candidate_G_seed_1,1,61,34,3,1,139,97212377a78c32fa585d69946d1952e465e1a18be91f60e1ccf72066d1af0a3e,1.035559892654419,True,False,-0.5695753693580627,-0.9890678524971008,0.10291528701782227,1.1083974838256836,False,tracking_terminated_at61,,,,
candidate_G_seed_1,1,62,33,3,1,135,c4dcfbf6a9ddc126a954ccf414738eb12a4b8e2332855fe16cbb40af268513ab,1.033218502998352,True,False,-0.2800181806087494,-0.657863974571228,-0.0923757553100586,0.9117624759674072,False,tracking_terminated_at61,,,,
candidate_G_seed_1,1,62,39,0,1,156,c4dcfbf6a9ddc126a954ccf414738eb12a4b8e2332855fe16cbb40af268513ab,1.0233625173568726,True,False,-0.8555653095245361,-2.044358968734741,-0.22385454177856445,0.7994313836097717,False,tracking_terminated_at61,,,,
candidate_G_seed_1,1,62,39,2,1,158,c4dcfbf6a9ddc126a954ccf414738eb12a4b8e2332855fe16cbb40af268513ab,1.0696858167648315,True,False,-0.16780945658683777,-0.38755273818969727,-0.23576688766479492,0.7899647951126099,False,tracking_terminated_at61,,,,
candidate_G_seed_1,1,63,20,2,0,82,734feef3900ff9be0224e025c0150b7cd42716db1aa90c89d7a0dd74e5a231be,1.0316259860992432,True,False,-0.483215868473053,-0.7793048024177551,0.17645883560180664,1.1929852962493896,False,tracking_terminated_at61,,,,
candidate_G_seed_1,1,63,20,3,0,83,734feef3900ff9be0224e025c0150b7cd42716db1aa90c89d7a0dd74e5a231be,1.0392109155654907,True,False,-0.36649537086486816,-0.49736636877059937,-0.2065873146057129,0.8133552670478821,False,tracking_terminated_at61,,,,
candidate_G_seed_1,1,64,20,0,0,80,42c8c8f0ccefae707730b5c6c7240ac4d558b5d32fad3ab661dc40b4ff7e6294,1.008103847503662,True,False,-0.5402628779411316,-1.1377462148666382,-0.5203227996826172,0.5943286418914795,False,tracking_terminated_at61,,,,
candidate_G_seed_1,1,64,20,1,0,81,42c8c8f0ccefae707730b5c6c7240ac4d558b5d32fad3ab661dc40b4ff7e6294,0.9979541301727295,False,False,-0.7149209976196289,-1.5049967765808105,-0.5260410308837891,0.5909398794174194,True,continued_then_tracking_terminated_at62,61,62,1.0605627298355103,True
candidate_G_seed_1,1,65,34,2,1,138,bdfac00c712a7d29f25939456b7634aa23ae04455ddc6cb61e97cc53b32811e9,0.9978771805763245,False,False,-0.717659056186676,-1.414537787437439,-0.13544988632202148,0.8733229041099548,True,continued_then_tracking_terminated_at62,61,62,1.0487074851989746,True
candidate_G_seed_1,1,67,20,1,0,81,88c28571bdf3be1581bbea4ee80e9fd82b9d9f81c4d35a10b18b7ef1ed75fa1f,0.9922857284545898,False,False,-0.43505167961120605,-1.1137768030166626,-0.3799571990966797,0.683890700340271,True,continued_then_tracking_terminated_at62,61,62,1.0458418130874634,True
candidate_G_seed_1,1,67,38,0,1,152,88c28571bdf3be1581bbea4ee80e9fd82b9d9f81c4d35a10b18b7ef1ed75fa1f,1.033572793006897,True,False,-0.3297034204006195,-0.9137672781944275,-0.18877601623535156,0.8279719352722168,False,tracking_terminated_at61,,,,
candidate_G_seed_1,1,68,20,2,0,82,7d19e8d06222050fe877788c381d3fa2be2dd4e69aa1b79e4740ae189bbec0d6,0.9915679097175598,False,False,-0.4510921239852905,-0.9941380023956299,-0.4925670623779297,0.6110557317733765,True,continued_then_tracking_terminated_at62,61,62,1.0487555265426636,True
candidate_G_seed_1,1,68,20,3,0,83,7d19e8d06222050fe877788c381d3fa2be2dd4e69aa1b79e4740ae189bbec0d6,1.0367568731307983,True,False,-0.4968646764755249,-1.0937135219573975,-0.4628257751464844,0.6295022964477539,False,tracking_terminated_at61,,,,
candidate_G_seed_1,1,69,20,1,0,81,8e19a7cc3eee2dff91a39dbcf490b9a90de69723082e7370fb5c617aa695ec5a,1.0379337072372437,True,False,0.20832674205303192,0.28263330459594727,-0.08056926727294922,0.922590970993042,False,tracking_terminated_at61,,,,
candidate_G_seed_1,1,69,20,2,0,82,8e19a7cc3eee2dff91a39dbcf490b9a90de69723082e7370fb5c617aa695ec5a,1.0422585010528564,True,False,-0.11138957738876343,-0.4296104907989502,0.0894317626953125,1.0935527086257935,False,tracking_terminated_at61,,,,
candidate_G_seed_1,1,69,20,3,0,83,8e19a7cc3eee2dff91a39dbcf490b9a90de69723082e7370fb5c617aa695ec5a,1.0017298460006714,True,False,-0.34466996788978577,-0.9492977857589722,0.39870214462280273,1.4898897409439087,False,tracking_terminated_at61,,,,
candidate_G_seed_1,1,71,20,0,0,80,1d0b46cee37c511fee0b86d50ad62f2fc2cad36638a586e48d9de375b3e60e45,1.0479447841644287,True,False,-0.18441064655780792,-0.7706854343414307,0.04437065124511719,1.0453697443008423,False,tracking_terminated_at61,,,,
candidate_G_seed_1,1,72,20,0,0,80,835c6d419df0463aea4c85afd06b4e088e437c230405c8c93ce933ab6f95d555,1.0597153902053833,True,False,-0.15772636234760284,-0.846528172492981,-0.03505754470825195,0.9655498266220093,False,tracking_terminated_at61,,,,
candidate_G_seed_1,1,72,20,1,0,81,835c6d419df0463aea4c85afd06b4e088e437c230405c8c93ce933ab6f95d555,1.030529499053955,True,False,-0.8337869644165039,-2.153792142868042,-0.6817238330841064,0.5057443976402283,False,tracking_terminated_at61,,,,
candidate_G_seed_1,1,72,20,2,0,82,835c6d419df0463aea4c85afd06b4e088e437c230405c8c93ce933ab6f95d555,1.0245839357376099,True,False,-0.5413467288017273,-1.5883153676986694,-0.38100117444992065,0.68317711353302,False,tracking_terminated_at61,,,,
candidate_G_seed_1,1,72,20,3,0,83,835c6d419df0463aea4c85afd06b4e088e437c230405c8c93ce933ab6f95d555,1.0264334678649902,True,False,-0.1494883894920349,-0.8305988907814026,-0.7542736530303955,0.4703521430492401,False,tracking_terminated_at61,,,,
candidate_G_seed_1,1,73,20,1,0,81,bcc71f290418bff8bfc5f8da5ab5b89c4b0372b983b150fb85b596a456d4eeda,0.9838247895240784,False,False,-0.9514232277870178,-2.3819477558135986,-0.353055477142334,0.7025381922721863,True,continued_then_tracking_terminated_at62,61,62,1.0538064241409302,True
candidate_G_seed_1,1,73,20,3,0,83,bcc71f290418bff8bfc5f8da5ab5b89c4b0372b983b150fb85b596a456d4eeda,1.0479605197906494,True,False,-0.19410213828086853,-0.40452146530151367,-0.25126171112060547,0.7778187990188599,False,tracking_terminated_at61,,,,
candidate_G_seed_1,1,73,39,0,1,156,bcc71f290418bff8bfc5f8da5ab5b89c4b0372b983b150fb85b596a456d4eeda,1.022681474685669,True,False,-0.41248267889022827,-0.9747306704521179,0.009894132614135742,1.0099432468414307,False,tracking_terminated_at61,,,,
candidate_G_seed_1,1,74,20,1,0,81,7aa61e16b5a771f5890423112d2accebb19acdb4945d36519af32cd4d8cc26b2,1.0262223482131958,True,False,-0.2853301465511322,-0.8770889043807983,-0.5282824039459229,0.5896168351173401,False,tracking_terminated_at61,,,,
candidate_G_seed_1,1,74,36,2,1,146,7aa61e16b5a771f5890423112d2accebb19acdb4945d36519af32cd4d8cc26b2,1.0488940477371216,True,False,-0.24022527039051056,-0.7509358525276184,-0.1852412223815918,0.8309038281440735,False,tracking_terminated_at61,,,,
candidate_G_seed_1,1,74,39,0,1,156,7aa61e16b5a771f5890423112d2accebb19acdb4945d36519af32cd4d8cc26b2,1.0380841493606567,True,False,-0.23351243138313293,-0.7321608066558838,-0.10930728912353516,0.896454930305481,False,tracking_terminated_at61,,,,
candidate_G_seed_1,1,76,20,0,0,80,f346c932c5f4c774c3cf58231253aa57cc7296c06411358e6dcbeeddb2161dcb,1.0215104818344116,True,False,-1.1857969760894775,-3.8751845359802246,-0.35447216033935547,0.7015436291694641,False,tracking_terminated_at61,,,,
candidate_G_seed_1,1,76,20,2,0,82,f346c932c5f4c774c3cf58231253aa57cc7296c06411358e6dcbeeddb2161dcb,1.0471726655960083,True,False,-0.16626062989234924,-0.5417655110359192,0.24718761444091797,1.2804193496704102,False,tracking_terminated_at61,,,,
candidate_G_seed_1,1,77,20,0,0,80,9d5bde2ca97e6826f2ebae8382815023e22889a7c0d1a6e71a940d172bc91864,1.0404893159866333,True,False,-0.4035671055316925,-1.3472737073898315,-0.39415574073791504,0.6742490530014038,False,tracking_terminated_at61,,,,
candidate_G_seed_1,1,77,20,1,0,81,9d5bde2ca97e6826f2ebae8382815023e22889a7c0d1a6e71a940d172bc91864,1.0530649423599243,True,False,-0.4555467665195465,-1.4901708364486694,-0.37011241912841797,0.6906566619873047,False,tracking_terminated_at61,,,,
candidate_G_seed_1,1,78,20,0,0,80,8d3afe0347044c19fe8edf2739975191bd31bf6c8b3a86f45af2fbf230a54198,1.045200228691101,True,False,-0.7887455821037292,-1.5260261297225952,-0.5253543853759766,0.5913457870483398,False,tracking_terminated_at61,,,,
candidate_G_seed_1,1,78,20,1,0,81,8d3afe0347044c19fe8edf2739975191bd31bf6c8b3a86f45af2fbf230a54198,1.0108259916305542,True,False,-0.8937729001045227,-1.7641490697860718,-0.5794057846069336,0.5602311491966248,False,tracking_terminated_at61,,,,
candidate_G_seed_1,1,78,20,3,0,83,8d3afe0347044c19fe8edf2739975191bd31bf6c8b3a86f45af2fbf230a54198,1.0140581130981445,True,False,-0.4839206337928772,-0.8349127173423767,-0.35777807235717773,0.6992282271385193,False,tracking_terminated_at61,,,,
candidate_G_seed_1,1,78,39,2,1,158,8d3afe0347044c19fe8edf2739975191bd31bf6c8b3a86f45af2fbf230a54198,1.0152608156204224,True,False,-0.1028524860739708,0.029062962159514427,0.4981861114501953,1.64573335647583,False,tracking_terminated_at61,,,,
candidate_G_seed_1,1,79,37,0,1,148,2773d2d6891881afa92315b38d9429f86a3d3ee23d96f3a119cb776be8d5236e,1.0342010259628296,True,False,-0.32378292083740234,-0.4487021863460541,0.1599440574645996,1.173445224761963,False,tracking_terminated_at61,,,,
candidate_G_seed_1,1,79,39,3,1,159,2773d2d6891881afa92315b38d9429f86a3d3ee23d96f3a119cb776be8d5236e,1.0008476972579956,True,False,-0.622725784778595,-1.1145703792572021,0.041404902935028076,1.042273998260498,False,tracking_terminated_at61,,,,
candidate_G_seed_1,1,80,20,1,0,81,2f28edee54653ffd9a33a27243858c398161302937681f13a5f0b1e7cbdcd948,1.0519517660140991,True,False,-0.602052628993988,-2.069488525390625,-0.2965576648712158,0.7433727383613586,False,tracking_terminated_at61,,,,
candidate_G_seed_1,1,80,20,3,0,83,2f28edee54653ffd9a33a27243858c398161302937681f13a5f0b1e7cbdcd948,1.0181152820587158,True,False,-0.6032507419586182,-2.0736382007598877,-0.029674053192138672,0.9707618951797485,False,tracking_terminated_at61,,,,
candidate_G_seed_1,1,80,39,2,1,158,2f28edee54653ffd9a33a27243858c398161302937681f13a5f0b1e7cbdcd948,1.0267415046691895,True,False,-0.3471148610115051,-1.186497688293457,-0.2398815155029297,0.7867210507392883,False,tracking_terminated_at61,,,,
candidate_G_seed_1,1,81,20,0,0,80,63205b5f3324894ffc2b82b0ce38472914b25dcb3b2ad65bba3382f7e60ee96a,1.044191837310791,True,False,-0.3394937515258789,-0.745234489440918,-0.11524534225463867,0.8911474943161011,False,tracking_terminated_at61,,,,
candidate_G_seed_1,1,81,20,1,0,81,63205b5f3324894ffc2b82b0ce38472914b25dcb3b2ad65bba3382f7e60ee96a,1.0446447134017944,True,False,-0.8092733025550842,-1.7869170904159546,-0.5360636711120605,0.585046648979187,False,tracking_terminated_at61,,,,
candidate_G_seed_1,1,82,20,0,0,80,f329316ec619e5c38e4c7f6f062f6e8ce945b7550067fabe4160ecd57931da70,1.0413599014282227,True,False,-0.49813613295555115,-1.0777374505996704,-0.3871774673461914,0.6789705753326416,False,tracking_terminated_at61,,,,
candidate_G_seed_1,1,83,20,0,0,80,2773573f784964fe45521ae4b8529f0588edaa82576e1baa41af87de83fe3b35,1.0106271505355835,True,False,-0.4676431119441986,-1.4809603691101074,0.23143482208251953,1.2604072093963623,False,tracking_terminated_at61,,,,
candidate_G_seed_1,1,83,20,2,0,82,2773573f784964fe45521ae4b8529f0588edaa82576e1baa41af87de83fe3b35,1.0455466508865356,True,False,-0.32470759749412537,-1.1008014678955078,0.009812921285629272,1.0098612308502197,False,tracking_terminated_at61,,,,
candidate_G_seed_1,1,83,20,3,0,83,2773573f784964fe45521ae4b8529f0588edaa82576e1baa41af87de83fe3b35,1.0455502271652222,True,False,-0.3713938295841217,-1.2249705791473389,-0.5727767944335938,0.5639572739601135,False,tracking_terminated_at61,,,,
candidate_G_seed_1,1,83,39,1,1,157,2773573f784964fe45521ae4b8529f0588edaa82576e1baa41af87de83fe3b35,1.0217375755310059,True,False,-0.3966043293476105,-1.2920217514038086,-0.17899131774902344,0.8361131548881531,False,tracking_terminated_at61,,,,
candidate_G_seed_1,1,84,20,1,0,81,8b804b34664718a3ac305df9657970ac4cc37a098ab41a2f1ea481df0dfcb845,1.0487476587295532,True,False,-0.2281980961561203,-0.3924389183521271,-0.15401458740234375,0.8572595119476318,False,tracking_terminated_at61,,,,
candidate_G_seed_1,1,84,20,2,0,82,8b804b34664718a3ac305df9657970ac4cc37a098ab41a2f1ea481df0dfcb845,1.0529292821884155,True,False,-0.43227455019950867,-0.7932842969894409,-0.4310636520385742,0.6498175263404846,False,tracking_terminated_at61,,,,
candidate_G_seed_1,1,84,20,3,0,83,8b804b34664718a3ac305df9657970ac4cc37a098ab41a2f1ea481df0dfcb845,1.0524373054504395,True,False,-0.7673748135566711,-1.4514856338500977,-0.25034332275390625,0.7785334587097168,False,tracking_terminated_at61,,,,
candidate_G_seed_1,1,85,20,2,0,82,474bf2b53fc28fcf471e636ed0ec1889bb7ae939f9f6ac8e873843003ffbe67b,1.0182948112487793,True,False,-0.459451824426651,-1.0484015941619873,-0.4124312400817871,0.6620387434959412,False,tracking_terminated_at61,,,,
candidate_G_seed_1,1,85,35,3,1,143,474bf2b53fc28fcf471e636ed0ec1889bb7ae939f9f6ac8e873843003ffbe67b,1.031269907951355,True,False,-0.4033149778842926,-0.8982352018356323,-0.25278139114379883,0.776637613773346,False,tracking_terminated_at61,,,,
candidate_G_seed_1,1,86,20,0,0,80,61201a90cc6307ad41aba69edc44fa2bf545dc16c8f9d44aabe999c290787e6b,1.0209285020828247,True,False,-0.2737967073917389,-0.982174277305603,-0.38701295852661133,0.6790822744369507,False,tracking_terminated_at61,,,,
candidate_G_seed_1,1,86,20,1,0,81,61201a90cc6307ad41aba69edc44fa2bf545dc16c8f9d44aabe999c290787e6b,1.0375465154647827,True,False,-0.5792996883392334,-1.8914892673492432,-0.3690260648727417,0.6914073824882507,False,tracking_terminated_at61,,,,
candidate_G_seed_1,1,87,20,0,0,80,dc004cda3c5b3d5f1925c804d43e2e1cf52f07dbcd112fe6538a60d98e753e3b,1.0321308374404907,True,False,-0.10220830142498016,-0.15739931166172028,0.11015534400939941,1.1164515018463135,False,tracking_terminated_at61,,,,
candidate_G_seed_1,1,87,20,1,0,81,dc004cda3c5b3d5f1925c804d43e2e1cf52f07dbcd112fe6538a60d98e753e3b,1.0583125352859497,True,False,0.13286928832530975,0.41491904854774475,0.0022897720336914062,1.0022923946380615,False,tracking_terminated_at61,,,,
candidate_G_seed_1,1,87,20,2,0,82,dc004cda3c5b3d5f1925c804d43e2e1cf52f07dbcd112fe6538a60d98e753e3b,1.0502986907958984,True,False,-0.2162398099899292,-0.43501967191696167,-0.042794227600097656,0.9581085443496704,False,tracking_terminated_at61,,,,
candidate_G_seed_1,1,88,20,0,0,80,ce11a22276b87e702d2c9ef845812e717cc7dcf2fc7a6c9e8743043b1c94ee40,1.0294089317321777,True,False,-0.12293250113725662,-0.45722490549087524,-0.1287137269973755,0.8792256116867065,False,tracking_terminated_at61,,,,
candidate_G_seed_1,1,88,20,1,0,81,ce11a22276b87e702d2c9ef845812e717cc7dcf2fc7a6c9e8743043b1c94ee40,1.0632857084274292,True,False,-0.2614309787750244,-0.8138659596443176,-0.31499791145324707,0.7297903895378113,False,tracking_terminated_at61,,,,
candidate_G_seed_1,1,89,20,1,0,81,5bd74bf7d25063f69b599168f8f8a5ff8b80aa4b542af3732a9811cc91fa6003,1.0474531650543213,True,False,-0.22149105370044708,-0.4792374074459076,0.09205171465873718,1.096421480178833,False,tracking_terminated_at61,,,,
candidate_G_seed_1,1,89,39,0,1,156,5bd74bf7d25063f69b599168f8f8a5ff8b80aa4b542af3732a9811cc91fa6003,0.9988687038421631,False,False,0.28471630811691284,0.7758790254592896,-0.2193167805671692,0.8030672669410706,True,right_censored_at_rollout_boundary,,,,
candidate_G_seed_1,1,90,20,0,0,80,5468e2418212edb315d8334fea4d81b93f936f265f3d5c1181d0bd2873395a58,1.0257847309112549,True,False,-0.2590431272983551,-0.9612220525741577,0.14670324325561523,1.1580102443695068,False,tracking_terminated_at61,,,,
candidate_G_seed_1,1,90,20,2,0,82,5468e2418212edb315d8334fea4d81b93f936f265f3d5c1181d0bd2873395a58,1.0244449377059937,True,False,-0.9447484016418457,-2.913072109222412,-1.8222479820251465,0.16166192293167114,False,tracking_terminated_at61,,,,
candidate_G_seed_1,1,91,20,1,0,81,b83d75d95ca577dbe367b634de806e2a8c7f2d25c7eca5bb7fdad01cbd938b11,1.0242838859558105,True,False,-0.5584374666213989,-1.1547043323516846,-0.8755016326904297,0.41665294766426086,False,tracking_terminated_at61,,,,
candidate_G_seed_1,1,91,20,3,0,83,b83d75d95ca577dbe367b634de806e2a8c7f2d25c7eca5bb7fdad01cbd938b11,1.044118881225586,True,False,-0.3948904871940613,-0.7697009444236755,-0.8536880016326904,0.4258415400981903,False,tracking_terminated_at61,,,,
candidate_G_seed_1,1,91,35,2,1,142,b83d75d95ca577dbe367b634de806e2a8c7f2d25c7eca5bb7fdad01cbd938b11,1.043607473373413,True,False,-0.8108117580413818,-1.748814582824707,-1.4375057220458984,0.23751945793628693,False,tracking_terminated_at61,,,,
candidate_G_seed_1,1,92,20,1,0,81,e8f09e0a1e5a461816cda7e64f933ccfa9e722e37d30d08a83ba19b454d08e66,1.0202306509017944,True,False,-0.5988590717315674,-1.4618175029754639,0.2931251525878906,1.3406105041503906,False,tracking_terminated_at61,,,,
candidate_G_seed_1,1,92,20,2,0,82,e8f09e0a1e5a461816cda7e64f933ccfa9e722e37d30d08a83ba19b454d08e66,1.02606201171875,True,False,-0.9067841172218323,-2.1660513877868652,-0.36423349380493164,0.6947289705276489,False,tracking_terminated_at61,,,,
candidate_G_seed_1,1,92,20,3,0,83,e8f09e0a1e5a461816cda7e64f933ccfa9e722e37d30d08a83ba19b454d08e66,1.0358717441558838,True,False,-0.9866365194320679,-2.3486762046813965,-0.5978822708129883,0.5499750971794128,False,tracking_terminated_at61,,,,
candidate_G_seed_1,1,92,36,0,1,144,e8f09e0a1e5a461816cda7e64f933ccfa9e722e37d30d08a83ba19b454d08e66,1.0508314371109009,True,False,-0.9463861584663391,-2.256622314453125,-0.507023811340332,0.6022854447364807,False,tracking_terminated_at61,,,,
candidate_G_seed_1,1,93,20,0,0,80,43760dc50b5531a8bfcd4904e7d4f9e4d72f29024340e569b8e4019c4a2cf23b,0.9983307123184204,False,False,-0.7016791701316833,-1.7889442443847656,-0.5694534778594971,0.5658345818519592,True,continued_then_tracking_terminated_at62,61,62,1.0421359539031982,True
candidate_G_seed_1,1,93,20,2,0,82,43760dc50b5531a8bfcd4904e7d4f9e4d72f29024340e569b8e4019c4a2cf23b,1.0459789037704468,True,False,-0.26528114080429077,-0.6641330718994141,0.45960330963134766,1.58344566822052,False,tracking_terminated_at61,,,,
candidate_G_seed_1,1,95,20,2,0,82,73b43082b0eb05a01fce11f26ff9864afabb5b41cc8bfa099b8606bf1d9bffbf,1.053911566734314,True,False,-0.3642180562019348,-1.5292820930480957,-0.40012216567993164,0.6702381372451782,False,tracking_terminated_at61,,,,
candidate_G_seed_1,1,95,20,3,0,83,73b43082b0eb05a01fce11f26ff9864afabb5b41cc8bfa099b8606bf1d9bffbf,1.0304640531539917,True,False,-0.4800109565258026,-1.9009947776794434,0.12946128845214844,1.1382150650024414,False,tracking_terminated_at61,,,,
candidate_G_seed_1,1,95,39,1,1,157,73b43082b0eb05a01fce11f26ff9864afabb5b41cc8bfa099b8606bf1d9bffbf,1.0122278928756714,True,False,-0.3236656188964844,-1.3991026878356934,0.025285720825195312,1.0256080627441406,False,tracking_terminated_at61,,,,
candidate_G_seed_1,1,96,20,2,0,82,38be30fbf92916214d1be189de1bea5523bd54ac7ac5f6564241b9f318b6e5b9,1.001821517944336,True,False,-0.5518885850906372,-1.5383256673812866,-0.38965749740600586,0.677288830280304,False,tracking_terminated_at61,,,,
candidate_G_seed_1,1,96,20,3,0,83,38be30fbf92916214d1be189de1bea5523bd54ac7ac5f6564241b9f318b6e5b9,1.0554865598678589,True,False,-0.5113933682441711,-1.4169827699661255,-0.13719701766967773,0.8717984557151794,False,tracking_terminated_at61,,,,
candidate_G_seed_1,1,97,20,0,0,80,743c84eca335d92afd9df0e41e8b22d55646be95d124379ba66dab512412522d,1.0199565887451172,True,False,-0.2879772484302521,-0.8446303009986877,-0.4917869567871094,0.6115326285362244,False,tracking_terminated_at61,,,,
candidate_G_seed_1,1,97,20,1,0,81,743c84eca335d92afd9df0e41e8b22d55646be95d124379ba66dab512412522d,1.0037825107574463,True,False,-0.6240569353103638,-1.643540382385254,-0.4943969249725342,0.6099386215209961,False,tracking_terminated_at61,,,,
candidate_G_seed_1,1,97,20,3,0,83,743c84eca335d92afd9df0e41e8b22d55646be95d124379ba66dab512412522d,1.0173652172088623,True,False,-0.5959957242012024,-1.576834797859192,-0.21938180923461914,0.8030150532722473,False,tracking_terminated_at61,,,,
candidate_G_seed_1,1,97,34,2,1,138,743c84eca335d92afd9df0e41e8b22d55646be95d124379ba66dab512412522d,1.0048315525054932,True,False,-0.6847045421600342,-1.7877084016799927,0.06847572326660156,1.070874571800232,False,tracking_terminated_at61,,,,
candidate_G_seed_1,1,98,20,0,0,80,df1692bcb2d65591cdb5e913460c00e58c197609f0d1b52f6ff8b930f0564f60,1.0253281593322754,True,False,-0.6789160966873169,-1.873059630393982,-0.6098966598510742,0.5434070229530334,False,tracking_terminated_at61,,,,
candidate_G_seed_1,1,98,20,1,0,81,df1692bcb2d65591cdb5e913460c00e58c197609f0d1b52f6ff8b930f0564f60,1.0486233234405518,True,False,-0.6267907023429871,-1.7418458461761475,-1.0140379667282104,0.3627512454986572,False,tracking_terminated_at61,,,,
candidate_G_seed_1,1,98,20,2,0,82,df1692bcb2d65591cdb5e913460c00e58c197609f0d1b52f6ff8b930f0564f60,1.0584245920181274,True,False,-0.3211510479450226,-0.9724680185317993,-0.20065021514892578,0.818198561668396,False,tracking_terminated_at61,,,,
candidate_G_seed_1,1,98,20,3,0,83,df1692bcb2d65591cdb5e913460c00e58c197609f0d1b52f6ff8b930f0564f60,1.0388357639312744,True,False,-0.22018754482269287,-0.718315601348877,-0.27657198905944824,0.7583790421485901,False,tracking_terminated_at61,,,,
candidate_G_seed_1,1,99,20,2,0,82,facf95d022ae52e28ff132d348197deb99a87666063a953181c55727e5aab30d,1.0407941341400146,True,False,-0.3594443202018738,-0.7495179176330566,0.642301082611084,1.9008498191833496,False,tracking_terminated_at61,,,,
candidate_G_seed_1,1,99,20,3,0,83,facf95d022ae52e28ff132d348197deb99a87666063a953181c55727e5aab30d,0.9999008178710938,False,False,-0.509259819984436,-1.161348581314087,0.4431614875793457,1.5576238632202148,True,continued_then_tracking_terminated_at62,61,62,1.0460567474365234,True
candidate_G_seed_1,1,100,20,3,0,83,ce34c3b0aacdd5e83a94d08ecf78c94ed057394b2c42645ba0c4a0b4f38316c0,1.0280805826187134,True,False,-0.17413702607154846,-0.3409446179866791,0.2822709083557129,1.326137900352478,False,tracking_terminated_at61,,,,
candidate_G_seed_1,1,100,39,2,1,158,ce34c3b0aacdd5e83a94d08ecf78c94ed057394b2c42645ba0c4a0b4f38316c0,1.0416637659072876,True,False,-0.6439456343650818,-1.7242680788040161,-0.7587323188781738,0.46825966238975525,False,tracking_terminated_at61,,,,
candidate_G_seed_1,1,101,20,3,0,83,f1db65f4365fd0c0c521d03f06209616e4c03ba6aa8774dba0fb075f6ee713a1,1.0528723001480103,True,False,-0.8757452964782715,-2.9286911487579346,-1.1717205047607422,0.3098334074020386,False,tracking_terminated_at61,,,,
candidate_G_seed_1,1,102,20,1,0,81,0c3ce0cd301257850d6f9091a97c527d7b1c746ea27435156bcd680763eaa4ed,1.0284096002578735,True,False,-0.5273802876472473,-1.474080204963684,-0.5262031555175781,0.5908440351486206,False,tracking_terminated_at61,,,,
candidate_G_seed_1,1,102,20,2,0,82,0c3ce0cd301257850d6f9091a97c527d7b1c746ea27435156bcd680763eaa4ed,1.0153955221176147,True,False,-0.5242865085601807,-1.4666452407836914,0.8056387901306152,2.238125801086426,False,tracking_terminated_at61,,,,
candidate_G_seed_1,1,102,37,0,1,148,0c3ce0cd301257850d6f9091a97c527d7b1c746ea27435156bcd680763eaa4ed,1.0520912408828735,True,False,-0.6096572875976562,-1.6718076467514038,-0.32985973358154297,0.7190245985984802,False,tracking_terminated_at61,,,,
candidate_G_seed_1,1,103,20,0,0,80,83e2939072c71c31ae1e6eee16fd7aad1fd92e8f0bbc5fd9da6b5d9bf0e60fef,1.0333083868026733,True,False,-0.648613691329956,-1.9841188192367554,-0.3662281036376953,0.6933446526527405,False,tracking_terminated_at61,,,,
candidate_G_seed_1,1,103,20,2,0,82,83e2939072c71c31ae1e6eee16fd7aad1fd92e8f0bbc5fd9da6b5d9bf0e60fef,1.0240273475646973,True,False,-0.6365273594856262,-1.9508394002914429,-0.1742105484008789,0.8401200175285339,False,tracking_terminated_at61,,,,
candidate_G_seed_1,1,103,20,3,0,83,83e2939072c71c31ae1e6eee16fd7aad1fd92e8f0bbc5fd9da6b5d9bf0e60fef,1.0438717603683472,True,False,-0.29908329248428345,-1.02169668674469,0.44275760650634766,1.556994915008545,False,tracking_terminated_at61,,,,
candidate_G_seed_1,1,104,20,0,0,80,ac1aa3efc84d7e1e26eef5f5e454f57afed6adf08159f123e65a3dfe4658f164,1.0003801584243774,True,False,-0.7112463712692261,-1.3641185760498047,-0.1809835433959961,0.8344491124153137,False,tracking_terminated_at61,,,,
candidate_G_seed_1,1,104,20,1,0,81,ac1aa3efc84d7e1e26eef5f5e454f57afed6adf08159f123e65a3dfe4658f164,1.0413305759429932,True,False,-0.5625295042991638,-1.0191597938537598,-0.2056903839111328,0.814085066318512,False,tracking_terminated_at61,,,,
candidate_G_seed_1,1,104,20,2,0,82,ac1aa3efc84d7e1e26eef5f5e454f57afed6adf08159f123e65a3dfe4658f164,1.0183697938919067,True,False,-0.5010113716125488,-0.8764643669128418,0.23115777969360352,1.260058045387268,False,tracking_terminated_at61,,,,
candidate_G_seed_1,1,104,20,3,0,83,ac1aa3efc84d7e1e26eef5f5e454f57afed6adf08159f123e65a3dfe4658f164,1.0381566286087036,True,False,-0.228572279214859,-0.2445235401391983,-0.1400623321533203,0.8693040609359741,False,tracking_terminated_at61,,,,
candidate_G_seed_1,1,105,39,1,1,157,fe4bffd0d7e518269e771ff07de8192afc2f0785c0b4460a3c4e5d75dd6b9fa0,1.0397260189056396,True,False,-0.42166659235954285,-0.8170182704925537,-0.27885913848876953,0.756646454334259,False,tracking_terminated_at61,,,,
candidate_G_seed_1,1,106,20,0,0,80,5defa6b7284b6a92dd40ea09f68c55698d1d6d5650ede26f868c1ba66e765701,1.0286368131637573,True,False,-0.6432967185974121,-1.015586018562317,-0.6403591632843018,0.527103066444397,False,tracking_terminated_at61,,,,
candidate_G_seed_1,1,106,20,1,0,81,5defa6b7284b6a92dd40ea09f68c55698d1d6d5650ede26f868c1ba66e765701,1.0398582220077515,True,False,-0.7951852083206177,-1.3445087671279907,-0.2974526882171631,0.7427077293395996,False,tracking_terminated_at61,,,,
candidate_G_seed_1,1,107,20,0,0,80,ac68382ecf8c503320f12a7d3a4c78bdedb13a8d07aec0d389e6aabcd189d23e,1.0412601232528687,True,False,-0.40409642457962036,-1.9426518678665161,-0.4252796173095703,0.6535869836807251,False,tracking_terminated_at61,,,,
candidate_G_seed_1,1,107,20,1,0,81,ac68382ecf8c503320f12a7d3a4c78bdedb13a8d07aec0d389e6aabcd189d23e,1.035909652709961,True,False,-0.6690935492515564,-2.8517727851867676,0.00016689300537109375,1.000166893005371,False,tracking_terminated_at61,,,,
candidate_G_seed_1,1,107,20,2,0,82,ac68382ecf8c503320f12a7d3a4c78bdedb13a8d07aec0d389e6aabcd189d23e,1.0391291379928589,True,False,-0.5431176424026489,-2.4195895195007324,-0.3850032091140747,0.6804484724998474,False,tracking_terminated_at61,,,,
candidate_G_seed_1,1,108,20,0,0,80,4799b67c5be5b7723ff702bea20dcaf90363ee5ff38088496c0a4d081a255753,0.9922322034835815,False,False,-0.4691638946533203,-0.6498755216598511,-0.25498199462890625,0.774930477142334,True,continued_then_tracking_terminated_at62,61,62,1.0341395139694214,True
candidate_G_seed_1,1,109,20,3,0,83,65d84d229da3c0a00146edf8bc7924ad5359b36e7e6e96a83da09990b3e702e7,1.0350748300552368,True,False,-0.33752912282943726,-1.1977027654647827,-0.13210201263427734,0.8762515783309937,False,tracking_terminated_at61,,,,
candidate_G_seed_1,1,109,38,0,1,152,65d84d229da3c0a00146edf8bc7924ad5359b36e7e6e96a83da09990b3e702e7,1.0429562330245972,True,False,-0.5574170351028442,-2.000009775161743,0.05903482437133789,1.06081223487854,False,tracking_terminated_at61,,,,
candidate_G_seed_1,1,109,39,1,1,157,65d84d229da3c0a00146edf8bc7924ad5359b36e7e6e96a83da09990b3e702e7,1.0400980710983276,True,False,-0.38301578164100647,-1.3636703491210938,0.32868003845214844,1.389133334159851,False,tracking_terminated_at61,,,,
candidate_G_seed_1,1,110,20,0,0,80,820c2014bfbf916365a6a0de2cb00d2c607973da5e2d7c578e0040211abc9cd7,1.0357630252838135,True,False,-0.2818991541862488,-1.68942129611969,-0.12481975555419922,0.8826559782028198,False,tracking_terminated_at61,,,,
candidate_G_seed_1,1,110,20,1,0,81,820c2014bfbf916365a6a0de2cb00d2c607973da5e2d7c578e0040211abc9cd7,1.0352760553359985,True,False,-0.219160795211792,-1.4725416898727417,0.15326595306396484,1.1656349897384644,False,tracking_terminated_at61,,,,
candidate_G_seed_1,1,111,20,0,0,80,206b86a58f796bc9bd3b8dc2864ec0507e48a17fe68b097fa5595203f5e85162,1.0346283912658691,True,False,-0.3545169234275818,-1.7073670625686646,0.20393943786621094,1.2262239456176758,False,tracking_terminated_at61,,,,
candidate_G_seed_1,1,111,20,1,0,81,206b86a58f796bc9bd3b8dc2864ec0507e48a17fe68b097fa5595203f5e85162,1.0499036312103271,True,False,-0.43294182419776917,-1.9670109748840332,-0.06065082550048828,0.9411517977714539,False,tracking_terminated_at61,,,,
candidate_G_seed_1,1,112,20,0,0,80,549fad908de5042528dd8baa4b53ab2ba8ce7dc3abb9cf3528d08410b3815930,1.0045403242111206,True,False,-0.36992624402046204,-0.8531247973442078,0.08391189575195312,1.0875331163406372,False,tracking_terminated_at61,,,,
candidate_G_seed_1,1,112,20,3,0,83,549fad908de5042528dd8baa4b53ab2ba8ce7dc3abb9cf3528d08410b3815930,1.0258914232254028,True,False,-0.512641966342926,-1.1458935737609863,-0.012369155883789062,0.9877070188522339,False,tracking_terminated_at61,,,,
candidate_G_seed_1,1,112,39,2,1,158,549fad908de5042528dd8baa4b53ab2ba8ce7dc3abb9cf3528d08410b3815930,1.028695821762085,True,False,-0.6119823455810547,-1.3496818542480469,-0.19769763946533203,0.8206179141998291,False,tracking_terminated_at61,,,,
candidate_G_seed_1,1,113,20,1,0,81,acb1f38c7ccb191cfe25af6e78b78d8b60fc5bc74b9e890c88775b16b75cb7a3,1.0090700387954712,True,False,-0.5331718325614929,-1.1722078323364258,0.3097200393676758,1.3630434274673462,False,tracking_terminated_at61,,,,
candidate_G_seed_1,1,113,20,3,0,83,acb1f38c7ccb191cfe25af6e78b78d8b60fc5bc74b9e890c88775b16b75cb7a3,0.9995000958442688,False,False,-0.24461054801940918,-0.39848458766937256,0.08016395568847656,1.0834647417068481,True,continued_then_tracking_terminated_at62,61,62,1.0636941194534302,True
candidate_G_seed_1,1,114,20,0,0,80,eed32ed9c4782a72e9b7148e50eba59a1c2aff617472057248ae346ca82e34c2,1.0268176794052124,True,False,-0.35968711972236633,-1.0495316982269287,-0.536860466003418,0.584580659866333,False,tracking_terminated_at61,,,,
candidate_G_seed_1,1,114,20,2,0,82,eed32ed9c4782a72e9b7148e50eba59a1c2aff617472057248ae346ca82e34c2,1.055997610092163,True,False,-0.5441333055496216,-1.6799702644348145,-0.31663036346435547,0.728600025177002,False,tracking_terminated_at61,,,,
candidate_G_seed_1,1,114,20,3,0,83,eed32ed9c4782a72e9b7148e50eba59a1c2aff617472057248ae346ca82e34c2,1.0414197444915771,True,False,-0.1493149697780609,-0.33047783374786377,-0.1705341339111328,0.8432143330574036,False,tracking_terminated_at61,,,,
candidate_G_seed_1,1,115,20,1,0,81,9e81831632c22f9db8e16300f0871f58e3b418b52136f4ea42c7322a5491b444,0.9870584011077881,False,False,-0.6854690909385681,-1.1606539487838745,-0.33568859100341797,0.7148456573486328,True,continued_then_tracking_terminated_at62,61,62,1.0515403747558594,True
candidate_G_seed_1,1,115,35,0,1,140,9e81831632c22f9db8e16300f0871f58e3b418b52136f4ea42c7322a5491b444,0.9994644522666931,False,False,-0.3627805709838867,-0.4610948860645294,-0.8839249610900879,0.4131580889225006,True,continued_then_tracking_terminated_at62,61,62,1.0508220195770264,True
candidate_G_seed_1,1,115,36,3,1,147,9e81831632c22f9db8e16300f0871f58e3b418b52136f4ea42c7322a5491b444,1.035707950592041,True,False,-0.36459630727767944,-0.465031236410141,-0.0633692741394043,0.938596785068512,False,tracking_terminated_at61,,,,
candidate_G_seed_1,1,115,37,2,1,150,9e81831632c22f9db8e16300f0871f58e3b418b52136f4ea42c7322a5491b444,1.0400128364562988,True,False,-0.3975885510444641,-0.5365554094314575,0.26287078857421875,1.3006587028503418,False,tracking_terminated_at61,,,,
candidate_G_seed_1,1,116,20,0,0,80,1ec0e23b504b242f876220d26737ce43e1599a9e05b814972b29401f1f331c18,1.0406136512756348,True,False,-0.5616949200630188,-2.146359920501709,-0.6779923439025879,0.5076351165771484,False,tracking_terminated_at61,,,,
candidate_G_seed_1,1,116,20,1,0,81,1ec0e23b504b242f876220d26737ce43e1599a9e05b814972b29401f1f331c18,1.028630256652832,True,False,-0.27534162998199463,-1.1911442279815674,-0.6030154228210449,0.5471592545509338,False,tracking_terminated_at61,,,,
candidate_G_seed_1,1,116,20,3,0,83,1ec0e23b504b242f876220d26737ce43e1599a9e05b814972b29401f1f331c18,1.0107303857803345,True,False,-0.48078665137290955,-1.8764665126800537,-0.4070448875427246,0.6656143069267273,False,tracking_terminated_at61,,,,
candidate_G_seed_1,1,117,20,0,0,80,4eee61baea14b3614c1d964695fde0b8f71a06f38df9e8897f7dee569e10dfdc,1.032270073890686,True,False,-0.17467835545539856,-0.8995598554611206,0.0833444595336914,1.0869160890579224,False,tracking_terminated_at61,,,,
candidate_G_seed_1,1,117,20,1,0,81,4eee61baea14b3614c1d964695fde0b8f71a06f38df9e8897f7dee569e10dfdc,1.0024405717849731,True,False,-0.3277944326400757,-1.4966254234313965,-0.3735814094543457,0.6882649660110474,False,tracking_terminated_at61,,,,
candidate_G_seed_1,1,117,20,2,0,82,4eee61baea14b3614c1d964695fde0b8f71a06f38df9e8897f7dee569e10dfdc,1.0314258337020874,True,False,-0.3785303831100464,-1.6944668292999268,0.04163074493408203,1.0425094366073608,False,tracking_terminated_at61,,,,
candidate_G_seed_1,1,118,20,0,0,80,de230d8092da2c28bf7fb738f72200cbc1e491af68770a5ac2feb775d5b95a4e,1.0318106412887573,True,False,0.0588713213801384,0.1865859478712082,0.48454761505126953,1.6234403848648071,False,tracking_terminated_at61,,,,
candidate_G_seed_1,1,118,20,1,0,81,de230d8092da2c28bf7fb738f72200cbc1e491af68770a5ac2feb775d5b95a4e,1.059112310409546,True,False,-0.37344789505004883,-0.8585017323493958,-0.09202098846435547,0.912086009979248,False,tracking_terminated_at61,,,,
candidate_G_seed_1,1,118,20,3,0,83,de230d8092da2c28bf7fb738f72200cbc1e491af68770a5ac2feb775d5b95a4e,1.041539192199707,True,False,-0.3045276999473572,-0.6918941736221313,-0.015375137329101562,0.9847424626350403,False,tracking_terminated_at61,,,,
candidate_G_seed_1,1,119,20,0,0,80,23aac7e21014bf0fbf40728344ae6937146c1f36dd6940a0ae05ae83c221d2ce,1.0237650871276855,True,False,-0.18051517009735107,-0.6788046360015869,0.0089874267578125,1.0090279579162598,False,tracking_terminated_at61,,,,
candidate_G_seed_1,1,119,20,1,0,81,23aac7e21014bf0fbf40728344ae6937146c1f36dd6940a0ae05ae83c221d2ce,1.0316563844680786,True,False,-0.2864777743816376,-1.0384020805358887,0.0008401870727539062,1.0008405447006226,False,tracking_terminated_at61,,,,
candidate_G_seed_1,1,119,20,2,0,82,23aac7e21014bf0fbf40728344ae6937146c1f36dd6940a0ae05ae83c221d2ce,1.0543891191482544,True,False,-0.23724327981472015,-0.8713186383247375,-0.430866003036499,0.6499459743499756,False,tracking_terminated_at61,,,,
candidate_G_seed_1,1,120,20,1,0,81,ca28ba77491c91f8f9f8a36145c7371d0743f561de430a2fd9078cfe3284fa0a,1.0376192331314087,True,False,-0.49242231249809265,-1.0717891454696655,-0.3270986080169678,0.7210126519203186,False,tracking_terminated_at61,,,,
candidate_G_seed_1,1,120,20,3,0,83,ca28ba77491c91f8f9f8a36145c7371d0743f561de430a2fd9078cfe3284fa0a,0.9973304271697998,False,False,-0.2828548550605774,-0.43375974893569946,0.14509868621826172,1.156153678894043,True,continued_then_tracking_terminated_at62,61,62,1.0663516521453857,True
candidate_G_seed_1,1,120,34,2,1,138,ca28ba77491c91f8f9f8a36145c7371d0743f561de430a2fd9078cfe3284fa0a,1.0243483781814575,True,False,-0.21649637818336487,-0.23173098266124725,0.030157089233398438,1.0306164026260376,False,tracking_terminated_at61,,,,
candidate_G_seed_1,1,122,20,0,0,80,dead89eacc5c56aef713de227de0ec6aa2db2bf13c1fc751b46e72aa7fb5b41e,1.041908621788025,True,False,-0.42369574308395386,-1.2634921073913574,0.42616748809814453,1.5313771963119507,False,tracking_terminated_at61,,,,
candidate_G_seed_1,1,122,20,2,0,82,dead89eacc5c56aef713de227de0ec6aa2db2bf13c1fc751b46e72aa7fb5b41e,1.0297616720199585,True,False,-0.003818279132246971,-0.27000975608825684,-0.010183334350585938,0.9898683428764343,False,tracking_terminated_at61,,,,
candidate_G_seed_1,1,122,35,1,1,141,dead89eacc5c56aef713de227de0ec6aa2db2bf13c1fc751b46e72aa7fb5b41e,1.0202540159225464,True,False,-0.5563309788703918,-1.5773236751556396,-0.5411021709442139,0.5821062922477722,False,tracking_terminated_at61,,,,
candidate_G_seed_1,1,123,20,0,0,80,ce08c2e844f42093ec6a4792ff6ed3b2b61d991fcc20b6355c5881bfa2e50fa6,1.015991449356079,True,False,-0.48495563864707947,-1.5299012660980225,0.0053937435150146484,1.0054082870483398,False,tracking_terminated_at61,,,,
candidate_G_seed_1,1,123,39,3,1,159,ce08c2e844f42093ec6a4792ff6ed3b2b61d991fcc20b6355c5881bfa2e50fa6,0.9840075969696045,False,False,0.011343657970428467,0.10245392471551895,0.29370594024658203,1.3413894176483154,True,right_censored_at_rollout_boundary,,,,
candidate_G_seed_1,1,124,20,2,0,82,daea03a9a138410000ccf70fc4459e9ca9ee1193a939802646f4ec7302619346,1.033755898475647,True,False,-0.31702107191085815,-0.5168816447257996,-0.03702116012573242,0.9636557698249817,False,tracking_terminated_at61,,,,
candidate_G_seed_1,1,124,33,0,1,132,daea03a9a138410000ccf70fc4459e9ca9ee1193a939802646f4ec7302619346,1.0385081768035889,True,False,-0.530458390712738,-0.8738299012184143,-0.03208351135253906,0.9684256911277771,False,tracking_terminated_at61,,,,
candidate_G_seed_1,1,124,39,1,1,157,daea03a9a138410000ccf70fc4459e9ca9ee1193a939802646f4ec7302619346,0.9997482895851135,False,False,0.3483932614326477,0.5959439873695374,0.13028907775878906,1.1391576528549194,True,right_censored_at_rollout_boundary,,,,
candidate_G_seed_1,1,125,20,3,0,83,52486f602e128084f55fd0332145cf787e308b3dd259c8813c3baca7ab924d96,1.048471212387085,True,False,-0.6306509375572205,-0.8200809359550476,-0.1571521759033203,0.8545740246772766,False,tracking_terminated_at61,,,,
candidate_G_seed_1,1,126,20,2,0,82,8fc14c7703fbfcd2902f4a23d39c42b9f224b6e43dfdf7a6bb3dd2eddec364e3,0.995111346244812,False,False,-0.3948483467102051,-0.7878498435020447,-0.13163471221923828,0.8766611814498901,True,continued_then_tracking_terminated_at62,61,62,1.046328067779541,True
candidate_G_seed_1,1,127,20,3,0,83,442fc922b1cdc029f23107ee62bacff00bec2a7724d2f01f10c6e0abdfb85406,1.0430296659469604,True,False,-0.19892942905426025,-0.7896108031272888,-0.24196195602416992,0.7850860357284546,False,tracking_terminated_at61,,,,
candidate_G_seed_1,1,127,39,1,1,157,442fc922b1cdc029f23107ee62bacff00bec2a7724d2f01f10c6e0abdfb85406,1.045354962348938,True,False,-0.5536115169525146,-1.6718581914901733,-0.3451652526855469,0.7081032991409302,False,tracking_terminated_at61,,,,
candidate_G_seed_1,1,128,34,3,1,139,eeb3776ef5d3c1e645bbae0cf6ae726804521d9d00ff5a83029a0d134b1bce7a,1.0409648418426514,True,False,-0.4646024703979492,-1.2706729173660278,-0.16056513786315918,0.8516623377799988,False,tracking_terminated_at61,,,,
candidate_G_seed_1,1,128,35,0,1,140,eeb3776ef5d3c1e645bbae0cf6ae726804521d9d00ff5a83029a0d134b1bce7a,1.02451753616333,True,False,-0.035767026245594025,-0.2644340395927429,-0.12834548950195312,0.8795494437217712,False,tracking_terminated_at61,,,,
candidate_G_seed_1,1,128,39,1,1,157,eeb3776ef5d3c1e645bbae0cf6ae726804521d9d00ff5a83029a0d134b1bce7a,1.0074704885482788,True,False,0.011411130428314209,-0.15373308956623077,-0.06459999084472656,0.9374423623085022,False,tracking_terminated_at61,,,,
candidate_G_seed_1,1,129,20,1,0,81,2f958b58d7e634d7e64addf121e2eeba71ec1151f36e637e127d6fd83bc194ea,1.026187777519226,True,False,-0.006414990872144699,-0.08813279122114182,0.26369810104370117,1.3017351627349854,False,tracking_terminated_at61,,,,
candidate_G_seed_1,1,130,20,1,0,81,03b1aec6d3e373d49c065a3f64fcea59627dcbfe8fedbbc5fe34a9672c8fb215,1.0283926725387573,True,False,-0.3792095482349396,-0.5948784947395325,-0.47205066680908203,0.6237218976020813,False,tracking_terminated_at61,,,,
candidate_G_seed_1,1,133,20,0,0,80,5e076607f1b6ec22f5290d5b3694030ddb8f699ea747b86f6d1771f95c39a75a,1.0367335081100464,True,False,-0.7584704756736755,-2.0290496349334717,-0.1840038299560547,0.8319326043128967,False,tracking_terminated_at61,,,,
candidate_G_seed_1,1,133,20,3,0,83,5e076607f1b6ec22f5290d5b3694030ddb8f699ea747b86f6d1771f95c39a75a,1.0396772623062134,True,False,-0.5827560424804688,-1.5813347101211548,0.18731021881103516,1.2060014009475708,False,tracking_terminated_at61,,,,
candidate_G_seed_1,1,134,20,1,0,81,ae2b7c032f5c388ec98f6e6facb9f08000a1f7d0d213d156a15012422d21afdc,1.0064786672592163,True,False,-0.43803834915161133,-1.586313009262085,-0.26403093338012695,0.7679497599601746,False,tracking_terminated_at61,,,,
candidate_G_seed_1,1,134,20,2,0,82,ae2b7c032f5c388ec98f6e6facb9f08000a1f7d0d213d156a15012422d21afdc,1.0116896629333496,True,False,-0.23746982216835022,-1.0614104270935059,0.09226846694946289,1.0966591835021973,False,tracking_terminated_at61,,,,
candidate_G_seed_1,1,134,20,3,0,83,ae2b7c032f5c388ec98f6e6facb9f08000a1f7d0d213d156a15012422d21afdc,1.0432225465774536,True,False,-0.3818957209587097,-1.439383625984192,-0.06144285202026367,0.9404066801071167,False,tracking_terminated_at61,,,,
candidate_G_seed_1,1,135,36,1,1,145,faf1ca8305f2e7c39a9c652ef098725b51ea548e7a01d9e3fa2d6a667ec8238a,1.0397440195083618,True,False,-0.4751514494419098,-0.9712196588516235,0.02768230438232422,1.028069019317627,False,tracking_terminated_at61,,,,
candidate_G_seed_1,1,137,20,3,0,83,8ca84ec81f85032a0b5212e17790204dd4cf19011bc04a5398cb434552fa07b0,1.0341302156448364,True,False,-0.41692858934402466,-0.9255444407463074,-0.304567813873291,0.7374420166015625,False,tracking_terminated_at61,,,,
candidate_G_seed_1,1,138,20,1,0,81,1a02fc544ead4ac345180af90ad6e7e00c88a9400c514e1695f907a0627f14ec,1.037484884262085,True,False,-0.6220887899398804,-2.247810125350952,-0.6807994842529297,0.5062121152877808,False,tracking_terminated_at61,,,,
candidate_G_seed_1,1,138,20,2,0,82,1a02fc544ead4ac345180af90ad6e7e00c88a9400c514e1695f907a0627f14ec,1.025046706199646,True,False,-0.6509153246879578,-2.329974412918091,-0.24647903442382812,0.7815477252006531,False,tracking_terminated_at61,,,,
candidate_G_seed_1,1,139,20,2,0,82,f544c4a384a856cce2d1b96f64a68cb184d3be9005edf8ed442a0621f5edaf05,1.0368949174880981,True,False,-0.25305432081222534,-0.6055365800857544,-0.08297991752624512,0.9203696250915527,False,tracking_terminated_at61,,,,
candidate_G_seed_1,1,139,35,3,1,143,f544c4a384a856cce2d1b96f64a68cb184d3be9005edf8ed442a0621f5edaf05,1.0255179405212402,True,False,-0.2926871180534363,-0.6860825419425964,-0.14902853965759277,0.8615445494651794,False,tracking_terminated_at61,,,,
candidate_G_seed_1,1,140,36,1,1,145,c9c494948048f1a638b7812a3211141eb51506db64e034c6ba7b3f135ec23bb2,1.0261117219924927,True,False,-0.6439222693443298,-1.3425712585449219,-0.11435222625732422,0.8919437527656555,False,tracking_terminated_at61,,,,
candidate_G_seed_1,1,141,20,0,0,80,6ba8330637280486d20be452eedcf86dc1a11e5104450bee04b74e22d3e0f0ba,1.0165766477584839,True,False,-0.2796211838722229,-0.6243258118629456,-0.22245311737060547,0.8005525469779968,False,tracking_terminated_at61,,,,
candidate_G_seed_1,1,141,20,1,0,81,6ba8330637280486d20be452eedcf86dc1a11e5104450bee04b74e22d3e0f0ba,1.0258866548538208,True,False,-0.35099586844444275,-0.7815897464752197,-0.2291889190673828,0.7951782941818237,False,tracking_terminated_at61,,,,
candidate_G_seed_1,1,141,20,2,0,82,6ba8330637280486d20be452eedcf86dc1a11e5104450bee04b74e22d3e0f0ba,1.048923134803772,True,False,-0.33715465664863586,-0.7510926127433777,-0.31716156005859375,0.7282130718231201,False,tracking_terminated_at61,,,,
candidate_G_seed_1,1,142,20,0,0,80,4233159411703616a0237abd1d289c05ec1bc269b8fbdd6146f40582353275e2,1.0099676847457886,True,False,-0.6627060174942017,-1.9992094039916992,-0.40891122817993164,0.6643732190132141,False,tracking_terminated_at61,,,,
candidate_G_seed_1,1,142,20,1,0,81,4233159411703616a0237abd1d289c05ec1bc269b8fbdd6146f40582353275e2,1.024877905845642,True,False,-0.30980533361434937,-1.0963873863220215,-0.1261448860168457,0.8814871311187744,False,tracking_terminated_at61,,,,
candidate_G_seed_1,1,143,20,2,0,82,5ce5a91cc44af8346a28b65bf4cd8e31b2353d4f9517e46bf7a06871ab8309f3,1.0313174724578857,True,False,-0.28947576880455017,-0.8935979008674622,-0.4408581256866455,0.6434839963912964,False,tracking_terminated_at61,,,,
candidate_G_seed_1,1,143,20,3,0,83,5ce5a91cc44af8346a28b65bf4cd8e31b2353d4f9517e46bf7a06871ab8309f3,1.0306071043014526,True,False,-0.07655932009220123,-0.3177802264690399,0.3963651657104492,1.4864120483398438,False,tracking_terminated_at61,,,,
candidate_G_seed_1,1,144,20,0,0,80,ff78b2d1594a4b796367053c203c7e7f12bf30538d47b8eb7f827cd31e93dbed,1.0286999940872192,True,False,-0.5778899788856506,-1.5523436069488525,-0.5097765922546387,0.6006297469139099,False,tracking_terminated_at61,,,,
candidate_G_seed_1,1,144,20,1,0,81,ff78b2d1594a4b796367053c203c7e7f12bf30538d47b8eb7f827cd31e93dbed,1.043799638748169,True,False,-0.363352507352829,-0.9871982932090759,0.23653125762939453,1.2668471336364746,False,tracking_terminated_at61,,,,
candidate_G_seed_1,1,145,20,0,0,80,484f3f897b0d1aa150e1e9db49f128384a3da9c0a0e718622539bfc704b34ce2,1.0169730186462402,True,False,-0.27466997504234314,-0.7659683227539062,0.1427440643310547,1.1534345149993896,False,tracking_terminated_at61,,,,
candidate_G_seed_1,1,145,20,2,0,82,484f3f897b0d1aa150e1e9db49f128384a3da9c0a0e718622539bfc704b34ce2,1.0308951139450073,True,False,-0.4090801179409027,-1.0523916482925415,-0.29052257537841797,0.7478726506233215,False,tracking_terminated_at61,,,,
candidate_G_seed_1,1,145,34,1,1,137,484f3f897b0d1aa150e1e9db49f128384a3da9c0a0e718622539bfc704b34ce2,1.0170366764068604,True,False,-0.33329206705093384,-0.8908900022506714,0.04698753356933594,1.0481089353561401,False,tracking_terminated_at61,,,,
candidate_G_seed_1,1,146,20,0,0,80,3e05fff8f64f20edc58848672d2f6180c692c74c8013ed5da4ab890694168e73,1.0435656309127808,True,False,-0.518761157989502,-1.643263578414917,0.046881675720214844,1.0479979515075684,False,tracking_terminated_at61,,,,
candidate_G_seed_1,1,146,20,1,0,81,3e05fff8f64f20edc58848672d2f6180c692c74c8013ed5da4ab890694168e73,1.023668646812439,True,False,-0.12352969497442245,-0.5084526538848877,0.27657032012939453,1.3185997009277344,False,tracking_terminated_at61,,,,
candidate_G_seed_1,1,146,20,3,0,83,3e05fff8f64f20edc58848672d2f6180c692c74c8013ed5da4ab890694168e73,1.0244981050491333,True,False,-0.40331417322158813,-1.3117858171463013,-0.07089090347290039,0.9315634965896606,False,tracking_terminated_at61,,,,
candidate_G_seed_1,1,147,20,1,0,81,c600a5d39c10da869dce536826399a079e72c5f332e27ef4274c73d4c75632bb,1.0481293201446533,True,False,-0.3848469853401184,-1.0629005432128906,0.042937278747558594,1.0438724756240845,False,tracking_terminated_at61,,,,
candidate_G_seed_1,1,147,20,3,0,83,c600a5d39c10da869dce536826399a079e72c5f332e27ef4274c73d4c75632bb,1.0474802255630493,True,False,-0.6980995535850525,-1.900913953781128,-0.04781532287597656,0.9533098340034485,False,tracking_terminated_at61,,,,
candidate_G_seed_1,1,147,37,2,1,150,c600a5d39c10da869dce536826399a079e72c5f332e27ef4274c73d4c75632bb,1.0485807657241821,True,False,-0.3992637097835541,-1.1014682054519653,0.1865394115447998,1.2050721645355225,False,tracking_terminated_at61,,,,
candidate_G_seed_1,1,147,39,0,1,156,c600a5d39c10da869dce536826399a079e72c5f332e27ef4274c73d4c75632bb,1.0528783798217773,True,False,-0.5071254372596741,-1.3900198936462402,-0.5469131469726562,0.578733503818512,False,tracking_terminated_at61,,,,
candidate_G_seed_1,1,148,20,1,0,81,bd0b39fd579954716a2673d2b9229b5f1d8cf6160b9fb4ef3b0e10e521a1a291,1.004713535308838,True,False,-0.8710145354270935,-2.341606855392456,-0.4338057041168213,0.6480381488800049,False,tracking_terminated_at61,,,,
candidate_G_seed_1,1,148,20,2,0,82,bd0b39fd579954716a2673d2b9229b5f1d8cf6160b9fb4ef3b0e10e521a1a291,1.0249354839324951,True,False,-0.5168349742889404,-1.3800684213638306,-0.3871617317199707,0.6789813041687012,False,tracking_terminated_at61,,,,
candidate_G_seed_1,1,148,20,3,0,83,bd0b39fd579954716a2673d2b9229b5f1d8cf6160b9fb4ef3b0e10e521a1a291,1.0287635326385498,True,False,-0.41542330384254456,-1.104752779006958,-0.6011004447937012,0.5482080578804016,False,tracking_terminated_at61,,,,
candidate_G_seed_1,1,148,38,0,1,152,bd0b39fd579954716a2673d2b9229b5f1d8cf6160b9fb4ef3b0e10e521a1a291,1.026051640510559,True,False,-0.17447267472743988,-0.4506120979785919,-0.11797046661376953,0.88872230052948,False,tracking_terminated_at61,,,,
candidate_G_seed_1,1,149,20,0,0,80,c292d2b44be8b30a5e1ef61b42ed057365825ec47203808ee6a9a9e1a4802a9a,1.0362235307693481,True,False,-0.305325448513031,-0.7485575675964355,-0.15704584121704102,0.8546648621559143,False,tracking_terminated_at61,,,,
candidate_G_seed_1,1,149,20,1,0,81,c292d2b44be8b30a5e1ef61b42ed057365825ec47203808ee6a9a9e1a4802a9a,1.0089894533157349,True,False,-0.24101051688194275,-0.5634017586708069,0.018749237060546875,1.0189261436462402,False,tracking_terminated_at61,,,,
candidate_G_seed_1,1,149,20,3,0,83,c292d2b44be8b30a5e1ef61b42ed057365825ec47203808ee6a9a9e1a4802a9a,1.0440959930419922,True,False,-0.09337176382541656,-0.13836552202701569,0.2526893615722656,1.2874832153320312,False,tracking_terminated_at61,,,,
candidate_G_seed_1,1,150,20,0,0,80,7cd341cafb052cdcc77ca27fb2ac1285d7e8b07cc43c226d9f0d743293d62c56,1.0428791046142578,True,False,-0.09694330394268036,0.38909322023391724,-0.2031106948852539,0.816187858581543,False,tracking_terminated_at61,,,,
candidate_G_seed_1,1,150,38,1,1,153,7cd341cafb052cdcc77ca27fb2ac1285d7e8b07cc43c226d9f0d743293d62c56,1.0221651792526245,True,False,-0.2963293492794037,-0.29614710807800293,-0.576336145401001,0.5619535446166992,False,tracking_terminated_at61,,,,
candidate_G_seed_1,1,151,20,1,0,81,610c4d188c417edebc3b97bbfd0a0f6988b0b7d338e0ac11d498916209e16d7f,1.0303577184677124,True,False,-0.22074469923973083,-0.16008950769901276,0.05226612091064453,1.0536561012268066,False,tracking_terminated_at61,,,,
candidate_G_seed_1,1,151,20,3,0,83,610c4d188c417edebc3b97bbfd0a0f6988b0b7d338e0ac11d498916209e16d7f,1.0249541997909546,True,False,-0.27617543935775757,-0.2875233590602875,-0.1134939193725586,0.8927096128463745,False,tracking_terminated_at61,,,,
candidate_G_seed_1,1,152,20,1,0,81,625bf73072a9153d2ada304c22b81d46fc354d94952368fc48907cfce535642c,0.9975363612174988,False,False,-0.5580193996429443,-1.7693681716918945,0.18613719940185547,1.204587459564209,True,continued_then_tracking_terminated_at62,61,62,1.042002558708191,True
candidate_G_seed_1,1,152,20,3,0,83,625bf73072a9153d2ada304c22b81d46fc354d94952368fc48907cfce535642c,1.0321156978607178,True,False,-0.6367590427398682,-1.9716310501098633,-0.19392633438110352,0.8237186074256897,False,tracking_terminated_at61,,,,
candidate_G_seed_1,1,153,20,0,0,80,dbecb639bf1d67f4aa5241a355385e161f6fe2cdc2b741bca0aa9d259904386e,1.0408616065979004,True,False,-0.47550371289253235,-1.5549993515014648,-0.559990406036377,0.5712145566940308,False,tracking_terminated_at61,,,,
candidate_G_seed_1,1,153,20,2,0,82,dbecb639bf1d67f4aa5241a355385e161f6fe2cdc2b741bca0aa9d259904386e,1.022111177444458,True,False,-0.6033579707145691,-1.8668724298477173,-0.21860742568969727,0.8036371469497681,False,tracking_terminated_at61,,,,
candidate_G_seed_1,1,153,39,1,1,157,dbecb639bf1d67f4aa5241a355385e161f6fe2cdc2b741bca0aa9d259904386e,1.0206565856933594,True,False,-0.4794897139072418,-1.5647222995758057,0.11283338069915771,1.1194454431533813,False,tracking_terminated_at61,,,,
candidate_G_seed_1,1,154,20,0,0,80,d51c2e2cbf3baf068c9116f3b4984eb6457da9662905624eba1e83d403476347,0.9955954551696777,False,False,-0.5329774618148804,-1.1711182594299316,-0.49014997482299805,0.6125345230102539,True,continued_then_tracking_terminated_at62,61,62,1.0620026588439941,True
candidate_G_seed_1,1,154,36,3,1,147,d51c2e2cbf3baf068c9116f3b4984eb6457da9662905624eba1e83d403476347,1.0236494541168213,True,False,-0.4349656403064728,-0.946993350982666,0.046105384826660156,1.0471848249435425,False,tracking_terminated_at61,,,,
candidate_G_seed_1,1,155,20,0,0,80,2d83589b14dbfc6864b5675a0b271e7d4b24be9e675d7ab414e2e598c652f0cb,1.0421702861785889,True,False,-0.15129415690898895,-0.7464695572853088,-0.1906290054321289,0.8264391422271729,False,tracking_terminated_at61,,,,
candidate_G_seed_1,1,155,20,1,0,81,2d83589b14dbfc6864b5675a0b271e7d4b24be9e675d7ab414e2e598c652f0cb,1.0344544649124146,True,False,-0.09490378201007843,-0.5461933016777039,0.06059837341308594,1.0624721050262451,False,tracking_terminated_at61,,,,
candidate_G_seed_1,1,155,20,2,0,82,2d83589b14dbfc6864b5675a0b271e7d4b24be9e675d7ab414e2e598c652f0cb,1.0519198179244995,True,False,0.06178203970193863,0.010292734950780869,0.3175811767578125,1.3738007545471191,False,tracking_terminated_at61,,,,
candidate_G_seed_1,1,155,20,3,0,83,2d83589b14dbfc6864b5675a0b271e7d4b24be9e675d7ab414e2e598c652f0cb,1.0432970523834229,True,False,-0.13640236854553223,-0.693579912185669,-0.061713218688964844,0.9401524662971497,False,tracking_terminated_at61,,,,
candidate_G_seed_1,1,156,20,1,0,81,f0fec89f43cb29046b14f899384a942dc25fa866382653038e20a7d2164442ba,1.032994270324707,True,False,-0.15031945705413818,-0.4957856237888336,0.016345977783203125,1.0164803266525269,False,tracking_terminated_at61,,,,
candidate_G_seed_1,1,156,39,0,1,156,f0fec89f43cb29046b14f899384a942dc25fa866382653038e20a7d2164442ba,0.9991432428359985,False,False,0.11467456817626953,0.2111326903104782,0.07666397094726562,1.079679250717163,True,right_censored_at_rollout_boundary,,,,
candidate_G_seed_1,1,157,20,1,0,81,2c9c1bdb051d0d875a1c1f41bdc430929b7df9099422f6cf54792062da944141,1.0202281475067139,True,False,-0.28924989700317383,-0.4129358232021332,0.24803590774536133,1.2815059423446655,False,tracking_terminated_at61,,,,
candidate_G_seed_1,1,157,20,2,0,82,2c9c1bdb051d0d875a1c1f41bdc430929b7df9099422f6cf54792062da944141,1.0263780355453491,True,False,-0.37810102105140686,-0.6331343054771423,0.256439208984375,1.2923202514648438,False,tracking_terminated_at61,,,,
candidate_G_seed_1,1,158,20,1,0,81,f6fb1d5fac7ccb40ba61ddd93ce0e9b56fe57cc3bbac7fb39b45ea9b35b0db0b,0.9849503040313721,False,False,-0.6058580279350281,-1.924846887588501,-0.1343240737915039,0.8743066787719727,True,continued_then_tracking_terminated_at62,61,62,1.0487968921661377,True
candidate_G_seed_1,1,158,37,2,1,150,f6fb1d5fac7ccb40ba61ddd93ce0e9b56fe57cc3bbac7fb39b45ea9b35b0db0b,1.018653392791748,True,False,-0.3847752511501312,-1.4027382135391235,0.01396942138671875,1.0140674114227295,False,tracking_terminated_at61,,,,
candidate_G_seed_1,1,159,20,3,0,83,ef8de77a775692885793826251ec93372123b47f7c2eea02d71c5a5443fd5833,1.0198465585708618,True,False,-0.3020468056201935,-0.6040369272232056,-0.20183753967285156,0.8172276616096497,False,tracking_terminated_at61,,,,
candidate_G_seed_1,1,159,38,2,1,154,ef8de77a775692885793826251ec93372123b47f7c2eea02d71c5a5443fd5833,1.021730899810791,True,False,-0.03847993537783623,0.011573031544685364,-0.04595184326171875,0.9550879597663879,False,tracking_terminated_at61,,,,
candidate_G_seed_1,1,159,39,0,1,156,ef8de77a775692885793826251ec93372123b47f7c2eea02d71c5a5443fd5833,0.9892570972442627,False,False,0.029405713081359863,0.17013272643089294,-0.33808469772338867,0.7131348848342896,True,right_censored_at_rollout_boundary,,,,
candidate_G_seed_1,1,159,39,1,1,157,ef8de77a775692885793826251ec93372123b47f7c2eea02d71c5a5443fd5833,1.0278041362762451,True,False,-0.1322660744190216,-0.20748211443424225,0.24539470672607422,1.2781256437301636,False,tracking_terminated_at61,,,,
candidate_G_seed_1,1,160,20,0,0,80,556f90fb9d7ef90238bd98ce5d8853643fa488b806f3b76934627b1270ab0510,1.0256088972091675,True,False,-0.13998320698738098,-0.5832135677337646,0.12807846069335938,1.1366422176361084,False,tracking_terminated_at61,,,,
candidate_G_seed_1,1,160,20,1,0,81,556f90fb9d7ef90238bd98ce5d8853643fa488b806f3b76934627b1270ab0510,1.0473394393920898,True,False,-0.5685845613479614,-1.8268043994903564,0.08460426330566406,1.088286280632019,False,tracking_terminated_at61,,,,
candidate_G_seed_1,1,160,20,2,0,82,556f90fb9d7ef90238bd98ce5d8853643fa488b806f3b76934627b1270ab0510,1.0333950519561768,True,False,-0.24737215042114258,-0.8948035836219788,0.014591217041015625,1.0146981477737427,False,tracking_terminated_at61,,,,
candidate_G_seed_1,1,160,20,3,0,83,556f90fb9d7ef90238bd98ce5d8853643fa488b806f3b76934627b1270ab0510,1.0248501300811768,True,False,-0.20502476394176483,-0.7719321846961975,-0.009203910827636719,0.9908382892608643,False,tracking_terminated_at61,,,,
candidate_G_seed_1,1,161,20,0,0,80,1acd74378e1cdedad0ebfad5f3691e17e32e99c4e9a111da35839f2b6ecf1f30,1.0391526222229004,True,False,0.07872146368026733,0.03801823407411575,0.20168304443359375,1.2234601974487305,False,tracking_terminated_at61,,,,
candidate_G_seed_1,1,161,20,2,0,82,1acd74378e1cdedad0ebfad5f3691e17e32e99c4e9a111da35839f2b6ecf1f30,1.0489096641540527,True,False,-0.17186303436756134,-0.690098226070404,0.141326904296875,1.1518011093139648,False,tracking_terminated_at61,,,,
candidate_G_seed_1,1,161,20,3,0,83,1acd74378e1cdedad0ebfad5f3691e17e32e99c4e9a111da35839f2b6ecf1f30,1.0297553539276123,True,False,-0.37589672207832336,-1.2829532623291016,-0.3393430709838867,0.712238073348999,False,tracking_terminated_at61,,,,
candidate_G_seed_1,1,162,20,0,0,80,6dfa93ad7b32301c0d579a85cf23fbf719c8c5f2c879bb1d9474a04d93c729d0,1.0057876110076904,True,False,-0.4723450839519501,-2.035109519958496,-0.23839569091796875,0.7878908514976501,False,tracking_terminated_at61,,,,
candidate_G_seed_1,1,162,20,2,0,82,6dfa93ad7b32301c0d579a85cf23fbf719c8c5f2c879bb1d9474a04d93c729d0,1.0070053339004517,True,False,-0.18358047306537628,-0.8719326257705688,0.4866447448730469,1.626848578453064,False,tracking_terminated_at61,,,,
candidate_G_seed_1,1,163,20,2,0,82,e126d7947cb5505adb9ef9f655eca757ab11616a18de8d4d95253560aa985b37,1.0240155458450317,True,False,-0.5006828904151917,-0.8708485960960388,-0.43609619140625,0.6465555429458618,False,tracking_terminated_at61,,,,
candidate_G_seed_1,1,164,20,0,0,80,cd86fe89c6035f40e3b2408d685333a00297a2dd812949aa98cdf753f89f3300,1.0348527431488037,True,False,-0.4136306643486023,-1.0419421195983887,-0.08673954010009766,0.9169158935546875,False,tracking_terminated_at61,,,,
candidate_G_seed_1,1,164,20,2,0,82,cd86fe89c6035f40e3b2408d685333a00297a2dd812949aa98cdf753f89f3300,1.0410782098770142,True,False,-0.38778260350227356,-0.9628515243530273,-0.3379068374633789,0.7132617235183716,False,tracking_terminated_at61,,,,
candidate_G_seed_1,1,164,20,3,0,83,cd86fe89c6035f40e3b2408d685333a00297a2dd812949aa98cdf753f89f3300,1.0270497798919678,True,False,-0.16120247542858124,-0.26955553889274597,-0.07441997528076172,0.9282817840576172,False,tracking_terminated_at61,,,,
candidate_G_seed_1,1,165,20,0,0,80,dae6ddee87242d91e1a5b7706399593aa96660f4a9ae412189f04396b2d4f565,1.0185798406600952,True,False,-0.576950192451477,-0.9667163491249084,0.04554176330566406,1.0465947389602661,False,tracking_terminated_at61,,,,
candidate_G_seed_1,1,165,20,3,0,83,dae6ddee87242d91e1a5b7706399593aa96660f4a9ae412189f04396b2d4f565,1.0456150770187378,True,False,-0.49800631403923035,-0.7923372387886047,-0.15759038925170898,0.8541995882987976,False,tracking_terminated_at61,,,,
candidate_G_seed_1,1,166,20,0,0,80,b533cc0e367473b43aab0c6e09fdadaa53f085d5f6d1bf81fe62ca882ab046d2,1.0340297222137451,True,False,-0.7680506110191345,-2.0235707759857178,-0.18562793731689453,0.8305825591087341,False,tracking_terminated_at61,,,,
candidate_G_seed_1,1,166,20,2,0,82,b533cc0e367473b43aab0c6e09fdadaa53f085d5f6d1bf81fe62ca882ab046d2,1.0042613744735718,True,False,-0.39270445704460144,-1.0886651277542114,-0.327467679977417,0.7207465767860413,False,tracking_terminated_at61,,,,
candidate_G_seed_1,1,166,20,3,0,83,b533cc0e367473b43aab0c6e09fdadaa53f085d5f6d1bf81fe62ca882ab046d2,1.010421633720398,True,False,-0.7148967385292053,-1.8911759853363037,-0.2273273468017578,0.7966599464416504,False,tracking_terminated_at61,,,,
candidate_G_seed_1,1,167,20,1,0,81,c9a5bf866a83e1bfa8612b78eafbf42ed1d216c1c4bbb42337ea89374d851275,1.0359548330307007,True,False,-0.42975878715515137,-0.42998698353767395,-0.06996726989746094,0.9324243664741516,False,tracking_terminated_at61,,,,
candidate_G_seed_1,1,167,20,3,0,83,c9a5bf866a83e1bfa8612b78eafbf42ed1d216c1c4bbb42337ea89374d851275,1.0222660303115845,True,False,-0.43543845415115356,-0.4400576949119568,-0.20674896240234375,0.8132237792015076,False,tracking_terminated_at61,,,,
candidate_G_seed_1,1,168,20,0,0,80,65a733bf446ed294b15a2d09e03cddfb672a8bba455a55859be5bca31cd479d0,1.0218380689620972,True,False,-0.5371403098106384,-1.798467755317688,-0.09303665161132812,0.9111601114273071,False,tracking_terminated_at61,,,,
candidate_G_seed_1,1,168,20,2,0,82,65a733bf446ed294b15a2d09e03cddfb672a8bba455a55859be5bca31cd479d0,1.025123119354248,True,False,-0.5014971494674683,-1.6881040334701538,0.13737201690673828,1.1472548246383667,False,tracking_terminated_at61,,,,
candidate_G_seed_1,1,169,20,1,0,81,9e3fa56ea06b8241bb6059d6eb797a93bb98b4852b5a711d9206b7cff8db7a5c,1.0294643640518188,True,False,-0.39705532789230347,-1.0253173112869263,0.3689398765563965,1.4462006092071533,False,tracking_terminated_at61,,,,
candidate_G_seed_1,1,170,20,0,0,80,d3eb8d794c718639f852856daa6b92e69c85acc62a40097981bf6dc96a1334e1,1.0327153205871582,True,False,-0.7684473991394043,-1.7859508991241455,-0.4958829879760742,0.609032928943634,False,tracking_terminated_at61,,,,
candidate_G_seed_1,1,170,20,1,0,81,d3eb8d794c718639f852856daa6b92e69c85acc62a40097981bf6dc96a1334e1,1.0353771448135376,True,False,-0.19548016786575317,-0.5840281844139099,-0.18851089477539062,0.8281914591789246,False,tracking_terminated_at61,,,,
candidate_G_seed_1,1,170,20,3,0,83,d3eb8d794c718639f852856daa6b92e69c85acc62a40097981bf6dc96a1334e1,1.0223536491394043,True,False,-0.5503013134002686,-1.328342318534851,0.13214612007141113,1.1412750482559204,False,tracking_terminated_at61,,,,
candidate_G_seed_1,1,170,35,2,1,142,d3eb8d794c718639f852856daa6b92e69c85acc62a40097981bf6dc96a1334e1,1.016922116279602,True,False,-0.1742647886276245,-0.5395243167877197,-0.42013120651245117,0.6569606065750122,False,tracking_terminated_at61,,,,
candidate_G_seed_1,1,171,20,2,0,82,b59f462ac145355d309487b18256ecdd49c9915efab58ffa53e3b1e735e20884,1.0351970195770264,True,False,-0.3648219704627991,-1.0274187326431274,-0.24121475219726562,0.7856729030609131,False,tracking_terminated_at61,,,,
candidate_G_seed_1,1,171,20,3,0,83,b59f462ac145355d309487b18256ecdd49c9915efab58ffa53e3b1e735e20884,1.0204135179519653,True,False,-0.27708113193511963,-0.7632194757461548,-0.21993350982666016,0.8025721311569214,False,tracking_terminated_at61,,,,
candidate_G_seed_1,1,172,20,0,0,80,029af5582acbe2703e75bd2713ba1b4089989f68fef59d40ee3bf2213b11c40c,1.0279295444488525,True,False,-0.3076384365558624,-0.481943815946579,0.0960540771484375,1.1008186340332031,False,tracking_terminated_at61,,,,
candidate_G_seed_1,1,172,20,3,0,83,029af5582acbe2703e75bd2713ba1b4089989f68fef59d40ee3bf2213b11c40c,1.0140159130096436,True,False,-0.646162748336792,-1.4526361227035522,-0.3872365951538086,0.6789304614067078,False,tracking_terminated_at61,,,,
candidate_G_seed_1,1,172,37,2,1,150,029af5582acbe2703e75bd2713ba1b4089989f68fef59d40ee3bf2213b11c40c,1.028372883796692,True,False,-0.11730388551950455,0.0638258084654808,0.0799856185913086,1.0832715034484863,False,tracking_terminated_at61,,,,
candidate_G_seed_1,1,173,20,3,0,83,c60a4e79dec652185ebeeacadf1c9df9ebe4539e5e6ce9c9ecd330b5f5bba5cd,1.037169337272644,True,False,-0.3008618652820587,-0.6269258856773376,-0.6375093460083008,0.5286073684692383,False,tracking_terminated_at61,,,,
candidate_G_seed_1,1,173,36,2,1,146,c60a4e79dec652185ebeeacadf1c9df9ebe4539e5e6ce9c9ecd330b5f5bba5cd,1.0388013124465942,True,False,-0.17478781938552856,-0.3173607289791107,0.0864100456237793,1.090253233909607,False,tracking_terminated_at61,,,,
candidate_G_seed_1,1,173,39,0,1,156,c60a4e79dec652185ebeeacadf1c9df9ebe4539e5e6ce9c9ecd330b5f5bba5cd,1.026082158088684,True,False,-0.02730712853372097,0.04476679489016533,0.23149776458740234,1.2604864835739136,False,tracking_terminated_at61,,,,
candidate_G_seed_1,1,174,20,0,0,80,0003ef68fa254718ba7d927357278ce99f7e0e8c87e6a43a1b2c39b00ce7c7ae,0.9927273392677307,False,False,-0.5222326517105103,-1.961706519126892,-0.9038844108581543,0.4049934446811676,True,continued_then_tracking_terminated_at62,61,62,1.0326100587844849,True
candidate_G_seed_1,1,174,20,1,0,81,0003ef68fa254718ba7d927357278ce99f7e0e8c87e6a43a1b2c39b00ce7c7ae,1.0461105108261108,True,False,-0.31017425656318665,-1.267214059829712,-0.30180931091308594,0.7394790649414062,False,tracking_terminated_at61,,,,
candidate_G_seed_1,1,174,39,2,1,158,0003ef68fa254718ba7d927357278ce99f7e0e8c87e6a43a1b2c39b00ce7c7ae,1.0500472784042358,True,False,-0.3084682822227478,-1.261626958847046,-0.46218109130859375,0.6299082636833191,False,tracking_terminated_at61,,,,
candidate_G_seed_1,1,175,20,0,0,80,9b824bb72ac377bb83c58281ed5874ea0a61b7f09e8cdadbbb1b0d96645929ca,1.050639271736145,True,False,-0.6145355701446533,-1.427026391029358,-0.283236026763916,0.7533419728279114,False,tracking_terminated_at61,,,,
candidate_G_seed_1,1,175,20,2,0,82,9b824bb72ac377bb83c58281ed5874ea0a61b7f09e8cdadbbb1b0d96645929ca,1.016021728515625,True,False,-0.21062976121902466,-0.5487478375434875,-0.24231719970703125,0.7848072052001953,False,tracking_terminated_at61,,,,
candidate_G_seed_1,1,175,39,1,1,157,9b824bb72ac377bb83c58281ed5874ea0a61b7f09e8cdadbbb1b0d96645929ca,1.0044496059417725,True,False,-0.30475035309791565,-0.7534096837043762,0.25002479553222656,1.2840572595596313,False,tracking_terminated_at61,,,,
candidate_G_seed_1,1,176,20,1,0,81,ce4baddeb474a397dc93a9269b41e7a2e24577e893b989b465c406fcc9276667,1.0126051902770996,True,False,-0.47339436411857605,-1.1887223720550537,0.05151557922363281,1.0528656244277954,False,tracking_terminated_at61,,,,
candidate_G_seed_1,1,176,37,0,1,148,ce4baddeb474a397dc93a9269b41e7a2e24577e893b989b465c406fcc9276667,1.0206483602523804,True,False,-0.36665135622024536,-0.9120013117790222,-0.190582275390625,0.8264777660369873,False,tracking_terminated_at61,,,,
candidate_G_seed_1,1,177,20,0,0,80,e70f99aecfcffabaf146a6e7e1283d3b201f212398eb5329982c18c53bc93ce5,1.0356078147888184,True,False,-0.014964915812015533,-0.2978176474571228,-0.09440231323242188,0.9099166393280029,False,tracking_terminated_at61,,,,
candidate_G_seed_1,1,177,20,1,0,81,e70f99aecfcffabaf146a6e7e1283d3b201f212398eb5329982c18c53bc93ce5,1.0149227380752563,True,False,-0.3675093948841095,-1.2110459804534912,-0.050418853759765625,0.9508310556411743,False,tracking_terminated_at61,,,,
candidate_G_seed_1,1,177,20,2,0,82,e70f99aecfcffabaf146a6e7e1283d3b201f212398eb5329982c18c53bc93ce5,1.055504560470581,True,False,-0.24116306006908417,-0.8837594985961914,-0.1267871856689453,0.8809211254119873,False,tracking_terminated_at61,,,,
candidate_G_seed_1,1,177,20,3,0,83,e70f99aecfcffabaf146a6e7e1283d3b201f212398eb5329982c18c53bc93ce5,1.007522463798523,True,False,-0.31242048740386963,-1.068344235420227,-0.25193023681640625,0.7772989869117737,False,tracking_terminated_at61,,,,
candidate_G_seed_1,1,178,20,0,0,80,9706513a71454bedd0b2714975ae6ec5b470471999cd0f9702de0668f2083c77,1.0178120136260986,True,False,-0.6721814274787903,-1.3490804433822632,-0.7316975593566895,0.48109161853790283,False,tracking_terminated_at61,,,,
candidate_G_seed_1,1,178,20,3,0,83,9706513a71454bedd0b2714975ae6ec5b470471999cd0f9702de0668f2083c77,1.0316863059997559,True,False,-0.3631703853607178,-0.67976313829422,-0.28603506088256836,0.7512362599372864,False,tracking_terminated_at61,,,,
candidate_G_seed_1,1,179,20,0,0,80,fd80976fc5d8fc26c01f1f692cf7c83e26206e1830a26b86c040f39f7f447789,1.023255467414856,True,False,-0.4082539975643158,-0.9548096656799316,-0.00839853286743164,0.9916366338729858,False,tracking_terminated_at61,,,,
candidate_G_seed_1,1,179,20,1,0,81,fd80976fc5d8fc26c01f1f692cf7c83e26206e1830a26b86c040f39f7f447789,1.0163389444351196,True,False,-0.5886572599411011,-1.3056446313858032,0.1946115493774414,1.214838981628418,False,tracking_terminated_at61,,,,
candidate_G_seed_1,1,179,20,2,0,82,fd80976fc5d8fc26c01f1f692cf7c83e26206e1830a26b86c040f39f7f447789,1.015263557434082,True,False,-0.18650341033935547,-0.523565411567688,-0.29004764556884766,0.7482278943061829,False,tracking_terminated_at61,,,,
candidate_G_seed_1,1,179,20,3,0,83,fd80976fc5d8fc26c01f1f692cf7c83e26206e1830a26b86c040f39f7f447789,1.0252747535705566,True,False,-0.3579707145690918,-0.8570224046707153,-0.20356178283691406,0.8158197999000549,False,tracking_terminated_at61,,,,
candidate_G_seed_1,1,180,20,0,0,80,1787dc4a464c5c1cf8739acf014a82198c060bc73a53c4c29683444f33f69de0,1.0124071836471558,True,False,-0.08584994077682495,-0.282945841550827,-0.061598777770996094,0.9402600526809692,False,tracking_terminated_at61,,,,
candidate_G_seed_1,1,180,20,1,0,81,1787dc4a464c5c1cf8739acf014a82198c060bc73a53c4c29683444f33f69de0,1.0301220417022705,True,False,-0.4002373218536377,-0.9186256527900696,-0.5960063934326172,0.5510077476501465,False,tracking_terminated_at61,,,,
candidate_G_seed_1,1,180,20,3,0,83,1787dc4a464c5c1cf8739acf014a82198c060bc73a53c4c29683444f33f69de0,1.049123764038086,True,False,-0.44791144132614136,-1.0150210857391357,-0.2799978256225586,0.7557854056358337,False,tracking_terminated_at61,,,,
candidate_G_seed_1,1,181,20,0,0,80,ffc2025ac51b8aaefffe664f070192f7a663c835ea743478f478abcdb16b40e0,1.0125855207443237,True,False,-0.2745019197463989,-1.619903326034546,-0.09400653839111328,0.9102768301963806,False,tracking_terminated_at61,,,,
candidate_G_seed_1,1,181,20,2,0,82,ffc2025ac51b8aaefffe664f070192f7a663c835ea743478f478abcdb16b40e0,1.0119071006774902,True,False,-0.2503167390823364,-1.5436431169509888,-0.17452430725097656,0.8398564457893372,False,tracking_terminated_at61,,,,
candidate_G_seed_1,1,181,20,3,0,83,ffc2025ac51b8aaefffe664f070192f7a663c835ea743478f478abcdb16b40e0,1.0393620729446411,True,False,-0.39752060174942017,-2.007802963256836,0.04538774490356445,1.0464335680007935,False,tracking_terminated_at61,,,,
candidate_G_seed_1,1,182,20,0,0,80,1cd373a8719759886b0015461db96cdbf676942184e7539f1cc0e4f8cceff8c5,1.0283578634262085,True,False,-0.49611955881118774,-1.4440921545028687,-0.2164602279663086,0.8053645491600037,False,tracking_terminated_at61,,,,
candidate_G_seed_1,1,182,20,1,0,81,1cd373a8719759886b0015461db96cdbf676942184e7539f1cc0e4f8cceff8c5,1.0120213031768799,True,False,-0.32578763365745544,-0.9330898523330688,-0.32136058807373047,0.7251617312431335,False,tracking_terminated_at61,,,,
candidate_G_seed_1,1,182,20,2,0,82,1cd373a8719759886b0015461db96cdbf676942184e7539f1cc0e4f8cceff8c5,0.999994695186615,False,False,-0.3035568296909332,-0.8663965463638306,0.26036930084228516,1.297409176826477,True,continued_then_tracking_terminated_at62,61,62,1.095697283744812,True
candidate_G_seed_1,1,182,20,3,0,83,1cd373a8719759886b0015461db96cdbf676942184e7539f1cc0e4f8cceff8c5,1.0507168769836426,True,False,-0.5668851137161255,-1.6563916206359863,-0.6604290008544922,0.5166296362876892,False,tracking_terminated_at61,,,,
candidate_G_seed_1,1,183,20,2,0,82,78effb3a87d82b2536af994e22c0ea9cdb63dbff9cb70ede7ae22709779e0bc8,1.03817617893219,True,False,-0.3909447193145752,-0.9398980736732483,-0.06571626663208008,0.9363965392112732,False,tracking_terminated_at61,,,,
candidate_G_seed_1,1,183,20,3,0,83,78effb3a87d82b2536af994e22c0ea9cdb63dbff9cb70ede7ae22709779e0bc8,1.0274890661239624,True,False,-0.27463120222091675,-0.6635202765464783,0.054386138916015625,1.0558922290802002,False,tracking_terminated_at61,,,,
candidate_G_seed_1,1,184,20,2,0,82,0c67d4e2a7559e98d4ee574317402bf6ff12e45a6b75354786235d207850ef65,1.0200802087783813,True,False,-0.02176465466618538,-0.2040107101202011,0.4387645721435547,1.5507901906967163,False,tracking_terminated_at61,,,,
candidate_G_seed_1,1,184,37,1,1,149,0c67d4e2a7559e98d4ee574317402bf6ff12e45a6b75354786235d207850ef65,1.021539330482483,True,False,-0.22904294729232788,-0.8264148831367493,0.057023048400878906,1.0586801767349243,False,tracking_terminated_at61,,,,
candidate_G_seed_1,1,184,39,3,1,159,0c67d4e2a7559e98d4ee574317402bf6ff12e45a6b75354786235d207850ef65,0.9864185452461243,False,False,-0.15034502744674683,-0.5901049971580505,-0.30224037170410156,0.7391603589057922,True,right_censored_at_rollout_boundary,,,,
candidate_G_seed_1,1,185,20,0,0,80,069c0581836e13164ed94f397b65c5c39bebcbb3b894d4904f3aea860dd13f76,1.0168180465698242,True,False,-0.28793472051620483,-1.0109896659851074,-0.23077774047851562,0.7939159274101257,False,tracking_terminated_at61,,,,
candidate_G_seed_1,1,185,20,1,0,81,069c0581836e13164ed94f397b65c5c39bebcbb3b894d4904f3aea860dd13f76,1.0171788930892944,True,False,-0.3305757939815521,-1.1236138343811035,-0.5843048095703125,0.557493269443512,False,tracking_terminated_at61,,,,
candidate_G_seed_1,1,185,20,2,0,82,069c0581836e13164ed94f397b65c5c39bebcbb3b894d4904f3aea860dd13f76,0.9865126013755798,False,False,-0.5426177382469177,-1.6836614608764648,-0.01248931884765625,0.9875883460044861,True,continued_then_tracking_terminated_at62,61,62,1.0528755187988281,True
candidate_G_seed_1,1,185,20,3,0,83,069c0581836e13164ed94f397b65c5c39bebcbb3b894d4904f3aea860dd13f76,1.0459537506103516,True,False,-0.2839859426021576,-1.0005601644515991,0.010400772094726562,1.0104550123214722,False,tracking_terminated_at61,,,,
candidate_G_seed_1,1,186,20,0,0,80,234aa7a7801c008f16f75f9ff1d41f027610035ebb2165e585a54af3d8241903,1.0078545808792114,True,False,-0.35339856147766113,-0.5554515719413757,-0.29914093017578125,0.7414548993110657,False,tracking_terminated_at61,,,,
candidate_G_seed_1,1,186,20,3,0,83,234aa7a7801c008f16f75f9ff1d41f027610035ebb2165e585a54af3d8241903,1.044816017150879,True,False,-0.32575708627700806,-0.49083489179611206,0.15255975723266602,1.1648120880126953,False,tracking_terminated_at61,,,,
candidate_G_seed_1,1,187,20,0,0,80,6e710f707d8f19ad31e1f1120b8063a9ca5409c5dcfcc9aec5668943b3a662f8,1.0066399574279785,True,False,-0.2593066096305847,-1.5782216787338257,-0.22728729248046875,0.79669189453125,False,tracking_terminated_at61,,,,
candidate_G_seed_1,1,187,20,2,0,82,6e710f707d8f19ad31e1f1120b8063a9ca5409c5dcfcc9aec5668943b3a662f8,1.0216376781463623,True,False,-0.4190253019332886,-2.104067325592041,-0.7683372497558594,0.4637835919857025,False,tracking_terminated_at61,,,,
candidate_G_seed_1,1,187,20,3,0,83,6e710f707d8f19ad31e1f1120b8063a9ca5409c5dcfcc9aec5668943b3a662f8,1.0373852252960205,True,False,-0.30430710315704346,-1.7263778448104858,-0.04268503189086914,0.9582131505012512,False,tracking_terminated_at61,,,,
candidate_G_seed_1,1,188,20,0,0,80,1a281c715ecf6508f6631bc57b198edd85df282377fff90411c0d16bea5c0ba4,1.0590649843215942,True,False,-0.37606677412986755,-1.7798763513565063,-0.34209156036376953,0.7102831602096558,False,tracking_terminated_at61,,,,
candidate_G_seed_1,1,188,20,1,0,81,1a281c715ecf6508f6631bc57b198edd85df282377fff90411c0d16bea5c0ba4,1.0581246614456177,True,False,-0.40435612201690674,-1.877610206604004,-0.13744544982910156,0.8715819120407104,False,tracking_terminated_at61,,,,
candidate_G_seed_1,1,188,20,3,0,83,1a281c715ecf6508f6631bc57b198edd85df282377fff90411c0d16bea5c0ba4,1.0060559511184692,True,False,-0.20379823446273804,-1.184725046157837,0.2052145004272461,1.2277884483337402,False,tracking_terminated_at61,,,,
candidate_G_seed_1,1,189,20,0,0,80,e57363fd7838eaa50829ae6a712ead48ebac5c9673480f6a95d7e773a21f06b0,1.0288454294204712,True,False,-0.025134969502687454,-0.26787662506103516,0.24919509887695312,1.2829923629760742,False,tracking_terminated_at61,,,,
candidate_G_seed_1,1,189,20,2,0,82,e57363fd7838eaa50829ae6a712ead48ebac5c9673480f6a95d7e773a21f06b0,0.988860547542572,False,False,-0.30631062388420105,-1.1666276454925537,-0.042156219482421875,0.9587199687957764,True,continued_then_tracking_terminated_at62,61,62,1.0379254817962646,True
candidate_G_seed_1,1,189,20,3,0,83,e57363fd7838eaa50829ae6a712ead48ebac5c9673480f6a95d7e773a21f06b0,1.0376485586166382,True,False,-0.41105949878692627,-1.501447319984436,-0.2543525695800781,0.7754183411598206,False,tracking_terminated_at61,,,,
candidate_G_seed_1,1,190,20,0,0,80,8c2c2770ee4746347122759a059bafa3c401968968c987721a37e68790f1a0e9,1.041167140007019,True,False,-0.7417863011360168,-1.9787763357162476,-0.10024261474609375,0.9046179056167603,False,tracking_terminated_at61,,,,
candidate_G_seed_1,1,190,20,1,0,81,8c2c2770ee4746347122759a059bafa3c401968968c987721a37e68790f1a0e9,1.0115138292312622,True,False,-0.20778119564056396,-0.5772193074226379,-0.28937530517578125,0.7487311363220215,False,tracking_terminated_at61,,,,
candidate_G_seed_1,1,190,20,2,0,82,8c2c2770ee4746347122759a059bafa3c401968968c987721a37e68790f1a0e9,1.0509999990463257,True,False,-0.3539144694805145,-0.9607627391815186,0.013873100280761719,1.0139697790145874,False,tracking_terminated_at61,,,,
candidate_G_seed_1,1,190,35,3,1,143,8c2c2770ee4746347122759a059bafa3c401968968c987721a37e68790f1a0e9,1.0220084190368652,True,False,-0.396891325712204,-1.073560357093811,0.09452176094055176,1.0991331338882446,False,tracking_terminated_at61,,,,
candidate_G_seed_1,1,191,20,1,0,81,6bddb3642b15731489a571a5348f10f8e35f67d60e69d50f1cdd98af6996ee3e,1.0212106704711914,True,False,-0.40656158328056335,-0.8103960156440735,0.15388822555541992,1.1663604974746704,False,tracking_terminated_at61,,,,
candidate_G_seed_1,1,191,20,3,0,83,6bddb3642b15731489a571a5348f10f8e35f67d60e69d50f1cdd98af6996ee3e,1.014757513999939,True,False,-0.23168545961380005,-0.3243478238582611,0.24255847930908203,1.2745057344436646,False,tracking_terminated_at61,,,,
candidate_G_seed_1,1,192,20,0,0,80,88b604377078c8188c8762fd7179b543cc7f2a8d94cfb791d12c7fe9f67dcf29,1.0229095220565796,True,False,-0.430578351020813,-0.6088736057281494,0.37535810470581055,1.455512523651123,False,tracking_terminated_at61,,,,
candidate_G_seed_1,1,192,20,1,0,81,88b604377078c8188c8762fd7179b543cc7f2a8d94cfb791d12c7fe9f67dcf29,0.9866445064544678,False,False,-0.2920984625816345,-0.31169408559799194,-0.4125528335571289,0.6619582176208496,True,continued_then_tracking_terminated_at62,61,62,1.0505924224853516,True
candidate_G_seed_1,1,193,20,1,0,81,8ab111746900e5685e10e0af8556c7bb7b2a78e65e4ab27b9202257f2e4d30a8,1.021030068397522,True,False,-0.38421788811683655,-0.817569375038147,-0.15385723114013672,0.8573943972587585,False,tracking_terminated_at61,,,,
candidate_G_seed_1,1,193,20,2,0,82,8ab111746900e5685e10e0af8556c7bb7b2a78e65e4ab27b9202257f2e4d30a8,1.0325766801834106,True,False,-0.25540560483932495,-0.4917604327201843,0.11919498443603516,1.1265895366668701,False,tracking_terminated_at61,,,,
candidate_G_seed_1,1,194,20,1,0,81,891f13c53b0087066cff8f14c317360b07bb4042588c342c6f0bfc94f4f8c260,1.016162633895874,True,False,-0.5401398539543152,-1.4441955089569092,-0.4398078918457031,0.6441601514816284,False,tracking_terminated_at61,,,,
candidate_G_seed_1,1,194,20,2,0,82,891f13c53b0087066cff8f14c317360b07bb4042588c342c6f0bfc94f4f8c260,1.0310734510421753,True,False,-0.27018287777900696,-0.671599268913269,-0.20705890655517578,0.8129717707633972,False,tracking_terminated_at61,,,,
candidate_G_seed_1,1,194,20,3,0,83,891f13c53b0087066cff8f14c317360b07bb4042588c342c6f0bfc94f4f8c260,1.0379668474197388,True,False,-0.6092597842216492,-1.6420115232467651,-0.017770767211914062,0.9823862314224243,False,tracking_terminated_at61,,,,
candidate_G_seed_1,1,195,20,1,0,81,47b6ff7c63224d8dbbb0d2bb73ef3ec9f62a51a1a357b8c2715732ff21264628,1.0266367197036743,True,False,-0.3990863263607025,-0.6806255578994751,0.18732070922851562,1.2060140371322632,False,tracking_terminated_at61,,,,
candidate_G_seed_1,1,195,20,2,0,82,47b6ff7c63224d8dbbb0d2bb73ef3ec9f62a51a1a357b8c2715732ff21264628,1.014169454574585,True,False,-0.3398357629776001,-0.5626745820045471,0.16077709197998047,1.174423098564148,False,tracking_terminated_at61,,,,
candidate_G_seed_1,1,195,37,3,1,151,47b6ff7c63224d8dbbb0d2bb73ef3ec9f62a51a1a357b8c2715732ff21264628,1.023619532585144,True,False,-0.4088759422302246,-0.7001138925552368,-0.42987728118896484,0.6505889296531677,False,tracking_terminated_at61,,,,
candidate_G_seed_1,1,196,20,0,0,80,015acb49c267e30126aab633d67a92b69fad9414cc9e273c4e203441ecec50c3,1.0104695558547974,True,False,-0.29276761412620544,-0.33643949031829834,-0.3557395935058594,0.7006550431251526,False,tracking_terminated_at61,,,,
candidate_G_seed_1,1,196,20,2,0,82,015acb49c267e30126aab633d67a92b69fad9414cc9e273c4e203441ecec50c3,0.9829502701759338,False,False,-0.2544946074485779,-0.2423565834760666,0.0700383186340332,1.0725492238998413,True,continued_then_tracking_terminated_at62,61,62,1.0489767789840698,True
candidate_G_seed_1,1,196,39,1,1,157,015acb49c267e30126aab633d67a92b69fad9414cc9e273c4e203441ecec50c3,1.048723578453064,True,False,-0.5945738554000854,-1.0783411264419556,-0.17305946350097656,0.8410875797271729,False,tracking_terminated_at61,,,,
candidate_G_seed_1,1,197,20,3,0,83,6e91476776f39ce02db3aa0428ed90b4b7bfeb4178dce7ae815c674acc146a18,1.0157443284988403,True,False,-0.395160049200058,-1.2127649784088135,-0.12237167358398438,0.8848194479942322,False,tracking_terminated_at61,,,,
candidate_G_seed_1,1,198,20,1,0,81,242e8b1b9a45c5fe63f2ba2744b796cfb63d3f76bd523fb7c1e7d17a698f39e0,1.0336768627166748,True,False,-0.18681469559669495,-0.9249740242958069,0.3831768035888672,1.4669374227523804,False,tracking_terminated_at61,,,,
candidate_G_seed_1,1,198,20,2,0,82,242e8b1b9a45c5fe63f2ba2744b796cfb63d3f76bd523fb7c1e7d17a698f39e0,1.0260132551193237,True,False,-0.4619179666042328,-1.822091817855835,-0.4167642593383789,0.6591762900352478,False,tracking_terminated_at61,,,,
candidate_G_seed_1,1,198,38,3,1,155,242e8b1b9a45c5fe63f2ba2744b796cfb63d3f76bd523fb7c1e7d17a698f39e0,1.019114375114441,True,False,-0.4990863800048828,-1.9432986974716187,-0.5471372604370117,0.5786038041114807,False,tracking_terminated_at61,,,,
candidate_G_seed_1,1,199,20,1,0,81,59f95688b7d1a2f6ba3d715094598ab3a79bbd8cb52d3ce9a73c956f01b55a21,1.0532840490341187,True,False,-0.3204277455806732,-0.9810780882835388,-0.3322334289550781,0.7173198461532593,False,tracking_terminated_at61,,,,
candidate_G_seed_1,1,200,20,0,0,80,5903db1033a158bb38902a7e8b5be03998c8aa0f0eb669d9d21014f4aa19dd2b,1.0017777681350708,True,False,-0.2956188917160034,-1.156862735748291,-0.5502853393554688,0.5767852067947388,False,tracking_terminated_at61,,,,
candidate_G_seed_1,1,200,20,1,0,81,5903db1033a158bb38902a7e8b5be03998c8aa0f0eb669d9d21014f4aa19dd2b,1.035776972770691,True,False,-0.3364051580429077,-1.3181664943695068,-0.253875732421875,0.7757881879806519,False,tracking_terminated_at61,,,,
candidate_G_seed_1,1,200,20,2,0,82,5903db1033a158bb38902a7e8b5be03998c8aa0f0eb669d9d21014f4aa19dd2b,1.0120649337768555,True,False,-0.38469836115837097,-1.5091590881347656,-0.5755386352539062,0.5624018311500549,False,tracking_terminated_at61,,,,
candidate_G_seed_1,1,200,20,3,0,83,5903db1033a158bb38902a7e8b5be03998c8aa0f0eb669d9d21014f4aa19dd2b,1.0445352792739868,True,False,-0.011096995323896408,-0.03162013739347458,-0.051606178283691406,0.949702799320221,False,tracking_terminated_at61,,,,
candidate_G_seed_1,1,201,20,1,0,81,339f5d6a0c095f631515223290b69c62286cc016d85cd01d03dbb2650f62a200,0.9864547848701477,False,False,-0.22450906038284302,-1.4956483840942383,-0.5437183380126953,0.5805854201316833,True,continued_then_tracking_terminated_at62,61,62,1.061938762664795,True
candidate_G_seed_1,1,201,20,2,0,82,339f5d6a0c095f631515223290b69c62286cc016d85cd01d03dbb2650f62a200,1.0279439687728882,True,False,-0.045101605355739594,-0.7736769318580627,-0.10907363891601562,0.8966643810272217,False,tracking_terminated_at61,,,,
candidate_G_seed_1,1,201,20,3,0,83,339f5d6a0c095f631515223290b69c62286cc016d85cd01d03dbb2650f62a200,1.0357170104980469,True,False,-0.29247215390205383,-1.7691454887390137,-0.5710477828979492,0.564933180809021,False,tracking_terminated_at61,,,,
candidate_G_seed_1,1,202,20,0,0,80,77d673037dffb68ce4ba8b6bd459f808c9e74fd349895905c281880391b1481b,1.050744652748108,True,False,-0.02514680102467537,0.13790780305862427,0.10971260070800781,1.115957260131836,False,tracking_terminated_at61,,,,
candidate_G_seed_1,1,202,20,2,0,82,77d673037dffb68ce4ba8b6bd459f808c9e74fd349895905c281880391b1481b,1.039028286933899,True,False,-0.16324469447135925,-0.20073740184307098,-0.08651542663574219,0.917121410369873,False,tracking_terminated_at61,,,,
candidate_G_seed_1,1,203,20,1,0,81,c883c51e73fccd2769627915ea78742506528c89450430366ca3271d556f86f0,1.018228530883789,True,False,-0.6550309658050537,-2.127161741256714,-0.39928627014160156,0.670798659324646,False,tracking_terminated_at61,,,,
candidate_G_seed_1,1,203,20,2,0,82,c883c51e73fccd2769627915ea78742506528c89450430366ca3271d556f86f0,1.0250365734100342,True,False,-0.3753092288970947,-1.3004120588302612,-0.43523597717285156,0.6471119523048401,False,tracking_terminated_at61,,,,
candidate_G_seed_1,1,203,20,3,0,83,c883c51e73fccd2769627915ea78742506528c89450430366ca3271d556f86f0,1.0259042978286743,True,False,-0.7814062833786011,-2.500678300857544,0.2762184143066406,1.3181357383728027,False,tracking_terminated_at61,,,,
candidate_G_seed_1,1,204,20,2,0,82,3c2117950f50bab944f8fbe9f1b54eb9f5d58466514f124c90fbfed87c06259e,1.0233105421066284,True,False,-0.036632828414440155,0.02092074602842331,0.17772579193115234,1.1944977045059204,False,tracking_terminated_at61,,,,
candidate_G_seed_1,1,204,20,3,0,83,3c2117950f50bab944f8fbe9f1b54eb9f5d58466514f124c90fbfed87c06259e,1.0317978858947754,True,False,-0.3517027795314789,-0.9577560424804688,-0.20470428466796875,0.8148882389068604,False,tracking_terminated_at61,,,,
candidate_G_seed_1,1,204,38,1,1,153,3c2117950f50bab944f8fbe9f1b54eb9f5d58466514f124c90fbfed87c06259e,1.0213103294372559,True,False,0.018849020823836327,0.1932596117258072,-0.144256591796875,0.86566561460495,False,tracking_terminated_at61,,,,
candidate_G_seed_1,1,205,20,1,0,81,b50146a60c19c828984e102e415b3c6760a9545a78d235b79daa836a515f719a,1.0453290939331055,True,False,-0.27451491355895996,-0.42996737360954285,-0.7781572341918945,0.4592515230178833,False,tracking_terminated_at61,,,,
candidate_G_seed_1,1,206,20,2,0,82,9a37acec65843a346c99d72917c0299d55937cfa3c77dfff6eb20b8205ce4682,1.0150032043457031,True,False,-0.4417887330055237,-1.7686543464660645,-0.1329655647277832,0.8754952549934387,False,tracking_terminated_at61,,,,
candidate_G_seed_1,1,206,36,0,1,144,9a37acec65843a346c99d72917c0299d55937cfa3c77dfff6eb20b8205ce4682,0.9991794228553772,False,False,-0.34426558017730713,-1.3991845846176147,-0.4660158157348633,0.6274973750114441,True,continued_then_tracking_terminated_at62,61,62,1.050919532775879,True
candidate_G_seed_1,1,207,20,1,0,81,8715130eafc5f6974b0ec3aa67fac31058d239e5c6ba7d5d48a84cbe76839c2d,1.0173965692520142,True,False,-0.058762140572071075,-0.5039475560188293,-0.6162357330322266,0.5399731993675232,False,tracking_terminated_at61,,,,
candidate_G_seed_1,1,207,20,2,0,82,8715130eafc5f6974b0ec3aa67fac31058d239e5c6ba7d5d48a84cbe76839c2d,1.0346990823745728,True,False,-0.30509254336357117,-1.5482711791992188,-0.39638185501098633,0.6727497577667236,False,tracking_terminated_at61,,,,
candidate_G_seed_1,1,208,20,0,0,80,d7e23f6b3552b7824966dece0c06396042db364077ddeaec8c89fffb4b225265,1.028607726097107,True,False,-0.46925196051597595,-1.1945757865905762,-0.47130870819091797,0.6241848468780518,False,tracking_terminated_at61,,,,
candidate_G_seed_1,1,208,20,2,0,82,d7e23f6b3552b7824966dece0c06396042db364077ddeaec8c89fffb4b225265,1.0190751552581787,True,False,-0.2848271429538727,-0.6385536789894104,0.34865856170654297,1.4171652793884277,False,tracking_terminated_at61,,,,
candidate_G_seed_1,1,208,20,3,0,83,d7e23f6b3552b7824966dece0c06396042db364077ddeaec8c89fffb4b225265,1.0367519855499268,True,False,-0.5370491147041321,-1.398977518081665,-0.9765715599060059,0.3766000270843506,False,tracking_terminated_at61,,,,
candidate_G_seed_1,1,209,20,1,0,81,712c1014e8eab8748312b72b9daa531bbfe63abba4816e3b1dd0d1c49e47f64f,1.0356526374816895,True,False,-0.5426769852638245,-2.4614553451538086,-0.7326183319091797,0.48064884543418884,False,tracking_terminated_at61,,,,
candidate_G_seed_1,1,209,20,2,0,82,712c1014e8eab8748312b72b9daa531bbfe63abba4816e3b1dd0d1c49e47f64f,1.0150196552276611,True,False,-0.3665054142475128,-1.7478774785995483,-0.4122939109802246,0.6621296405792236,False,tracking_terminated_at61,,,,
candidate_G_seed_1,1,210,20,0,0,80,6f12deef0fdf17e502ab913ab8ea0e0a29771595d118cd8592a5c4fb98ee9cb1,1.068066954612732,True,False,-0.7514421939849854,-1.281907558441162,-0.7013645172119141,0.4959081709384918,False,tracking_terminated_at61,,,,
candidate_G_seed_1,1,210,20,3,0,83,6f12deef0fdf17e502ab913ab8ea0e0a29771595d118cd8592a5c4fb98ee9cb1,1.045042634010315,True,False,-0.3225519061088562,-0.12012339383363724,0.2492809295654297,1.2831023931503296,False,tracking_terminated_at61,,,,
candidate_G_seed_1,1,210,38,1,1,153,6f12deef0fdf17e502ab913ab8ea0e0a29771595d118cd8592a5c4fb98ee9cb1,1.031643033027649,True,False,-0.14677971601486206,0.3560108244419098,0.9055356979370117,2.4732565879821777,False,tracking_terminated_at61,,,,
candidate_G_seed_1,1,211,20,3,0,83,078180ae3386f23d4be8bd7970cfab35e1c65393ad280240de0c5716eb39361f,1.040799856185913,True,False,-0.462726891040802,-1.717356562614441,0.14823150634765625,1.1597813367843628,False,tracking_terminated_at61,,,,
candidate_G_seed_1,1,211,39,2,1,158,078180ae3386f23d4be8bd7970cfab35e1c65393ad280240de0c5716eb39361f,1.0282151699066162,True,False,-0.49577394127845764,-1.8240351676940918,-0.46190834045410156,0.6300801038742065,False,tracking_terminated_at61,,,,
candidate_G_seed_1,1,212,20,1,0,81,fb55c8b5c48efc2f89b7105c761b465e2b2a4eb3480ecf822d150aae722946e6,1.0247712135314941,True,False,-0.5823009610176086,-1.961905598640442,-0.6921119689941406,0.5005178451538086,False,tracking_terminated_at61,,,,
candidate_G_seed_1,1,212,20,2,0,82,fb55c8b5c48efc2f89b7105c761b465e2b2a4eb3480ecf822d150aae722946e6,1.0267459154129028,True,False,0.020954037085175514,0.03289531543850899,0.007940292358398438,1.0079718828201294,False,tracking_terminated_at61,,,,
candidate_G_seed_1,1,212,39,3,1,159,fb55c8b5c48efc2f89b7105c761b465e2b2a4eb3480ecf822d150aae722946e6,1.0650767087936401,True,False,-0.28576698899269104,-0.9813480973243713,-0.5364351272583008,0.5848293900489807,False,tracking_terminated_at61,,,,
candidate_G_seed_1,1,213,20,0,0,80,e97235699466c4bfe0b414d09ecce5511a1dd93fc6951d58a0990e9030f1eabe,1.0406181812286377,True,False,-0.27597931027412415,-1.3735027313232422,0.41826534271240234,1.519323706626892,False,tracking_terminated_at61,,,,
candidate_G_seed_1,1,213,20,2,0,82,e97235699466c4bfe0b414d09ecce5511a1dd93fc6951d58a0990e9030f1eabe,1.0309878587722778,True,False,-0.2148260921239853,-1.1865479946136475,-0.8431434631347656,0.43035557866096497,False,tracking_terminated_at61,,,,
candidate_G_seed_1,1,213,20,3,0,83,e97235699466c4bfe0b414d09ecce5511a1dd93fc6951d58a0990e9030f1eabe,1.0290409326553345,True,False,-0.2975972294807434,-1.439591884613037,-0.7781190872192383,0.45926904678344727,False,tracking_terminated_at61,,,,
candidate_G_seed_1,1,214,20,0,0,80,1c1013b674ad3f267fe2343459e1f22914a97a52db118bbf6cac2181d43a3460,1.0274847745895386,True,False,0.0354638509452343,-0.6747623682022095,-0.668968915939331,0.512236475944519,False,tracking_terminated_at61,,,,
candidate_G_seed_1,1,214,20,2,0,82,1c1013b674ad3f267fe2343459e1f22914a97a52db118bbf6cac2181d43a3460,1.0354456901550293,True,False,-0.13125139474868774,-1.3303970098495483,-0.37603759765625,0.6865765452384949,False,tracking_terminated_at61,,,,
candidate_G_seed_1,1,214,20,3,0,83,1c1013b674ad3f267fe2343459e1f22914a97a52db118bbf6cac2181d43a3460,1.0052944421768188,True,False,0.11134973913431168,-0.37632882595062256,-0.021146774291992188,0.9790752530097961,False,tracking_terminated_at61,,,,
candidate_G_seed_1,1,215,38,1,1,153,978911204e50fadba31029a6ad316e1de794b25a361ac45a392cfc3af2488bc1,1.033890724182129,True,False,-0.19182677567005157,-0.3182450830936432,0.10913658142089844,1.1153147220611572,False,tracking_terminated_at61,,,,
candidate_G_seed_1,1,216,20,0,0,80,85d344341ea5d0124f9fc05de6b4cdd242dbd05daefbddb4210e4a084dd39747,1.0187171697616577,True,False,-0.19490841031074524,-0.7667383551597595,-0.26915836334228516,0.7640222311019897,False,tracking_terminated_at61,,,,
candidate_G_seed_1,1,216,20,1,0,81,85d344341ea5d0124f9fc05de6b4cdd242dbd05daefbddb4210e4a084dd39747,1.0231572389602661,True,False,-0.07803423702716827,-0.3569280207157135,-0.778162956237793,0.4592489004135132,False,tracking_terminated_at61,,,,
candidate_G_seed_1,1,216,20,2,0,82,85d344341ea5d0124f9fc05de6b4cdd242dbd05daefbddb4210e4a084dd39747,1.0091578960418701,True,False,-0.435551255941391,-1.6105340719223022,0.39990901947021484,1.4916889667510986,False,tracking_terminated_at61,,,,
candidate_G_seed_1,1,216,20,3,0,83,85d344341ea5d0124f9fc05de6b4cdd242dbd05daefbddb4210e4a084dd39747,1.034229040145874,True,False,-0.45854905247688293,-1.6911741495132446,-0.40920066833496094,0.6641809344291687,False,tracking_terminated_at61,,,,
candidate_G_seed_1,1,217,20,0,0,80,402281a75e20b201d8ebb3e73bb31e089b89a0d40007925129c5b16bf8fb2c34,1.0090413093566895,True,False,-0.3803013861179352,-1.5595526695251465,-1.101302146911621,0.3324379324913025,False,tracking_terminated_at61,,,,
candidate_G_seed_1,1,217,20,1,0,81,402281a75e20b201d8ebb3e73bb31e089b89a0d40007925129c5b16bf8fb2c34,1.0312656164169312,True,False,-0.09958650171756744,-0.7075473070144653,0.12815237045288086,1.1367261409759521,False,tracking_terminated_at61,,,,
candidate_G_seed_1,1,217,20,2,0,82,402281a75e20b201d8ebb3e73bb31e089b89a0d40007925129c5b16bf8fb2c34,1.0080748796463013,True,False,-0.472491979598999,-1.8393627405166626,0.06198406219482422,1.0639454126358032,False,tracking_terminated_at61,,,,
candidate_G_seed_1,1,217,20,3,0,83,402281a75e20b201d8ebb3e73bb31e089b89a0d40007925129c5b16bf8fb2c34,1.0201205015182495,True,False,-0.48776182532310486,-1.8857086896896362,-0.8250799179077148,0.4381999671459198,False,tracking_terminated_at61,,,,
candidate_G_seed_1,1,218,20,0,0,80,d9962a06895b764cf1ae430c59b4bc6c8e2103cb1e404f6d918c317369fdb1d3,1.0249954462051392,True,False,0.08170725405216217,0.10667993873357773,-0.3570404052734375,0.6997442245483398,False,tracking_terminated_at61,,,,
candidate_G_seed_1,1,218,20,1,0,81,d9962a06895b764cf1ae430c59b4bc6c8e2103cb1e404f6d918c317369fdb1d3,1.014979362487793,True,False,-0.1290212720632553,-0.5146791934967041,-0.7719740867614746,0.46209993958473206,False,tracking_terminated_at61,,,,
candidate_G_seed_1,1,218,20,2,0,82,d9962a06895b764cf1ae430c59b4bc6c8e2103cb1e404f6d918c317369fdb1d3,1.0364338159561157,True,False,0.042770542204380035,-0.008129778318107128,1.024099349975586,2.7845864295959473,False,tracking_terminated_at61,,,,
candidate_G_seed_1,1,219,20,2,0,82,29c3f48ab398eebc99c8ed111e6c184e76702ca9fd0d24b2fed919c7b92b9385,1.0155845880508423,True,False,-0.12643897533416748,-0.2477787584066391,-0.49230384826660156,0.6112166047096252,False,tracking_terminated_at61,,,,
candidate_G_seed_1,1,219,20,3,0,83,29c3f48ab398eebc99c8ed111e6c184e76702ca9fd0d24b2fed919c7b92b9385,0.9953137040138245,False,False,-0.16874265670776367,-0.352383017539978,-0.6264047622680664,0.5345100164413452,True,continued_then_tracking_terminated_at62,61,62,1.0610426664352417,True
candidate_G_seed_1,1,219,38,1,1,153,29c3f48ab398eebc99c8ed111e6c184e76702ca9fd0d24b2fed919c7b92b9385,1.0198931694030762,True,False,-0.2589189410209656,-0.5753617882728577,-0.5944023132324219,0.5518923401832581,False,tracking_terminated_at61,,,,
candidate_G_seed_1,1,220,20,0,0,80,f1a946fb7090fc999d4a7a38c638b73aa28404edda31c30b9f3fa97e0d53a38a,1.0536116361618042,True,False,-0.18362227082252502,-0.35648682713508606,-0.2903728485107422,0.7479846477508545,False,tracking_terminated_at61,,,,
candidate_G_seed_1,1,220,20,1,0,81,f1a946fb7090fc999d4a7a38c638b73aa28404edda31c30b9f3fa97e0d53a38a,1.0427576303482056,True,False,-0.15487049520015717,-0.27446380257606506,-0.7118606567382812,0.49073025584220886,False,tracking_terminated_at61,,,,
candidate_G_seed_1,1,220,20,2,0,82,f1a946fb7090fc999d4a7a38c638b73aa28404edda31c30b9f3fa97e0d53a38a,1.0111573934555054,True,False,-0.5876686573028564,-1.5091495513916016,-0.11489462852478027,0.8914600610733032,False,tracking_terminated_at61,,,,
candidate_G_seed_1,1,220,20,3,0,83,f1a946fb7090fc999d4a7a38c638b73aa28404edda31c30b9f3fa97e0d53a38a,1.0170376300811768,True,False,-0.2977237403392792,-0.6819952726364136,0.5719213485717773,1.771667718887329,False,tracking_terminated_at61,,,,
candidate_G_seed_1,1,221,20,0,0,80,a5907cfef6dc0db72d06a1bac7ec83a8741ebe606eb3325abdcc273a42c02bfa,1.0161035060882568,True,False,-0.08805926889181137,-0.5258557200431824,0.2240276336669922,1.251105546951294,False,tracking_terminated_at61,,,,
candidate_G_seed_1,1,221,20,1,0,81,a5907cfef6dc0db72d06a1bac7ec83a8741ebe606eb3325abdcc273a42c02bfa,1.053324818611145,True,False,-0.2309727668762207,-1.0740700960159302,-0.06957817077636719,0.9327872395515442,False,tracking_terminated_at61,,,,
candidate_G_seed_1,1,221,20,2,0,82,a5907cfef6dc0db72d06a1bac7ec83a8741ebe606eb3325abdcc273a42c02bfa,1.0386008024215698,True,False,-0.1987617462873459,-0.9505089521408081,0.5141801834106445,1.672266960144043,False,tracking_terminated_at61,,,,
candidate_G_seed_1,1,221,20,3,0,83,a5907cfef6dc0db72d06a1bac7ec83a8741ebe606eb3325abdcc273a42c02bfa,1.0321390628814697,True,False,-0.40802907943725586,-1.753255844116211,0.01863574981689453,1.018810510635376,False,tracking_terminated_at61,,,,
candidate_G_seed_1,1,222,20,0,0,80,b14dd7bae45b5e7b135d73bbe87d7fe65238c37ce82db0262de4c9a5afe6fdea,1.0475941896438599,True,False,-0.35431748628616333,-1.5979533195495605,-0.5366735458374023,0.5846899747848511,False,tracking_terminated_at61,,,,
candidate_G_seed_1,1,222,20,1,0,81,b14dd7bae45b5e7b135d73bbe87d7fe65238c37ce82db0262de4c9a5afe6fdea,1.0248136520385742,True,False,-0.5343291759490967,-2.316028594970703,-0.39066123962402344,0.6766093373298645,False,tracking_terminated_at61,,,,
candidate_G_seed_1,1,222,20,2,0,82,b14dd7bae45b5e7b135d73bbe87d7fe65238c37ce82db0262de4c9a5afe6fdea,1.0555119514465332,True,False,-0.30546244978904724,-1.4030681848526,-0.6989860534667969,0.49708905816078186,False,tracking_terminated_at61,,,,
candidate_G_seed_1,1,222,20,3,0,83,b14dd7bae45b5e7b135d73bbe87d7fe65238c37ce82db0262de4c9a5afe6fdea,1.0546808242797852,True,False,-0.01746567338705063,-0.25423508882522583,-0.11605548858642578,0.8904258012771606,False,tracking_terminated_at61,,,,
candidate_G_seed_1,1,223,20,0,0,80,ffc5389ba0743ef0684bf242a8a1cba016464e523573c8c2cbcf8a4ea8140245,1.0291612148284912,True,False,-0.7267356514930725,-2.6513874530792236,-0.10873842239379883,0.8969650268554688,False,tracking_terminated_at61,,,,
candidate_G_seed_1,1,223,20,2,0,82,ffc5389ba0743ef0684bf242a8a1cba016464e523573c8c2cbcf8a4ea8140245,1.0241903066635132,True,False,-0.14892026782035828,-0.7109360694885254,-1.2424430847167969,0.2886780798435211,False,tracking_terminated_at61,,,,
candidate_G_seed_1,1,223,20,3,0,83,ffc5389ba0743ef0684bf242a8a1cba016464e523573c8c2cbcf8a4ea8140245,0.9912562370300293,False,False,-0.3302222192287445,-1.3197941780090332,-0.1845407485961914,0.8314860463142395,True,continued_then_tracking_terminated_at62,61,62,1.0462335348129272,True
candidate_G_seed_1,1,224,20,0,0,80,ddf44f41156e28b8ee0b407b13685816ed12cdeee9402833a1b2445cf079cc96,1.0294524431228638,True,False,-0.2694779932498932,-0.034493934363126755,-0.920100212097168,0.3984791040420532,False,tracking_terminated_at61,,,,
candidate_G_seed_1,1,224,20,2,0,82,ddf44f41156e28b8ee0b407b13685816ed12cdeee9402833a1b2445cf079cc96,1.0218626260757446,True,False,-0.3346841335296631,-0.22755484282970428,-0.16356754302978516,0.8491091728210449,False,tracking_terminated_at61,,,,
candidate_G_seed_1,1,225,20,0,0,80,503c3ddd66fca6905deab76ff0417aaa4a1df37590a373f57d3db138ca870974,1.0361621379852295,True,False,-0.042223162949085236,-0.6865121126174927,-0.4090728759765625,0.6642658114433289,False,tracking_terminated_at61,,,,
candidate_G_seed_1,1,225,20,1,0,81,503c3ddd66fca6905deab76ff0417aaa4a1df37590a373f57d3db138ca870974,1.023758053779602,True,False,-0.5515705347061157,-2.3205416202545166,-0.7006015777587891,0.49628666043281555,False,tracking_terminated_at61,,,,
candidate_G_seed_1,1,225,20,2,0,82,503c3ddd66fca6905deab76ff0417aaa4a1df37590a373f57d3db138ca870974,1.0210503339767456,True,False,-0.3875406086444855,-1.7943196296691895,-0.19604802131652832,0.8219727873802185,False,tracking_terminated_at61,,,,
candidate_G_seed_1,1,225,20,3,0,83,503c3ddd66fca6905deab76ff0417aaa4a1df37590a373f57d3db138ca870974,1.047620415687561,True,False,-0.25966978073120117,-1.3840992450714111,0.44259166717529297,1.5567365884780884,False,tracking_terminated_at61,,,,
candidate_G_seed_1,1,226,20,2,0,82,d01670f7610934d4c51546b48ef593ac7300a33a49767e1914f2fd1c503ea9da,1.0483219623565674,True,False,-0.2394304871559143,-0.3699548840522766,-0.7420060634613037,0.4761577546596527,False,tracking_terminated_at61,,,,
candidate_G_seed_1,1,226,38,0,1,152,d01670f7610934d4c51546b48ef593ac7300a33a49767e1914f2fd1c503ea9da,1.0367480516433716,True,False,-0.44122061133384705,-0.8566631078720093,-1.0032615661621094,0.3666815459728241,False,tracking_terminated_at61,,,,
candidate_G_seed_1,1,226,39,1,1,157,d01670f7610934d4c51546b48ef593ac7300a33a49767e1914f2fd1c503ea9da,1.025673508644104,True,False,-0.379482626914978,-0.7077540159225464,-0.1576399803161621,0.8541572690010071,False,tracking_terminated_at61,,,,
candidate_G_seed_1,1,227,20,0,0,80,8f8adfd1bee4309fade20ee8b8e590bc2f4fd9990b78c84cc92ebfe6dbd232c6,1.0751924514770508,True,False,-0.3773025870323181,-1.2134778499603271,-0.17161273956298828,0.8423053026199341,False,tracking_terminated_at61,,,,
candidate_G_seed_1,1,227,20,3,0,83,8f8adfd1bee4309fade20ee8b8e590bc2f4fd9990b78c84cc92ebfe6dbd232c6,1.0131275653839111,True,False,-0.23345273733139038,-0.8040785789489746,-0.31946563720703125,0.7265371680259705,False,tracking_terminated_at61,,,,
candidate_G_seed_1,1,227,39,2,1,158,8f8adfd1bee4309fade20ee8b8e590bc2f4fd9990b78c84cc92ebfe6dbd232c6,1.0055283308029175,True,False,-0.37685272097587585,-1.2121975421905518,0.1616835594177246,1.1754882335662842,False,tracking_terminated_at61,,,,
candidate_G_seed_1,1,228,20,0,0,80,b2cd65d0222a4b39f5d91ae706b500bfed3cb01413c6adcd9422d2ee7b35fe06,1.0149680376052856,True,False,-0.5150704979896545,-1.1919796466827393,-0.4293689727783203,0.6509197354316711,False,tracking_terminated_at61,,,,
candidate_G_seed_1,1,228,39,1,1,157,b2cd65d0222a4b39f5d91ae706b500bfed3cb01413c6adcd9422d2ee7b35fe06,1.0720913410186768,True,False,-0.4182348847389221,-0.8839389681816101,0.18624019622802734,1.2047115564346313,False,tracking_terminated_at61,,,,
candidate_G_seed_1,1,229,20,1,0,81,eab71ee46490239e1bed85ef15e602c0e8f2e9504e4689a0d0bab63b1a87d24d,1.0300374031066895,True,False,-0.24610812962055206,-1.0959515571594238,-0.34303855895996094,0.7096108794212341,False,tracking_terminated_at61,,,,
candidate_G_seed_1,1,229,20,2,0,82,eab71ee46490239e1bed85ef15e602c0e8f2e9504e4689a0d0bab63b1a87d24d,1.010941743850708,True,False,-0.1793559491634369,-0.8695113658905029,0.040238380432128906,1.041058897972107,False,tracking_terminated_at61,,,,
candidate_G_seed_1,1,229,20,3,0,83,eab71ee46490239e1bed85ef15e602c0e8f2e9504e4689a0d0bab63b1a87d24d,1.04653799533844,True,False,-0.07356403768062592,-0.510638415813446,-0.061720848083496094,0.9401453137397766,False,tracking_terminated_at61,,,,
candidate_G_seed_1,1,230,20,2,0,82,7d3cb75820d0e4e86f7ae7ead34c1f5f24ecf7ddb1da0b00c84c4b636c9bf032,0.9886472225189209,False,False,-0.5612784624099731,-2.4586243629455566,-0.56878662109375,0.5662120580673218,True,continued_then_tracking_terminated_at62,61,62,1.0849876403808594,True
candidate_G_seed_1,1,230,20,3,0,83,7d3cb75820d0e4e86f7ae7ead34c1f5f24ecf7ddb1da0b00c84c4b636c9bf032,1.004023551940918,True,False,-0.2043878585100174,-1.1322031021118164,-0.30066394805908203,0.7403265237808228,False,tracking_terminated_at61,,,,
candidate_G_seed_1,1,231,20,0,0,80,984c723a644000bc69a6767fee5d0bb4ecdd24105f32b9905eec4a6b1d0d10ee,1.0296739339828491,True,False,-0.2740868031978607,-0.9135348796844482,-0.37592363357543945,0.6866547465324402,False,tracking_terminated_at61,,,,
candidate_G_seed_1,1,231,20,1,0,81,984c723a644000bc69a6767fee5d0bb4ecdd24105f32b9905eec4a6b1d0d10ee,1.044160008430481,True,False,-0.20401431620121002,-0.654617428779602,-0.8279609680175781,0.4369392991065979,False,tracking_terminated_at61,,,,
candidate_G_seed_1,1,231,20,2,0,82,984c723a644000bc69a6767fee5d0bb4ecdd24105f32b9905eec4a6b1d0d10ee,1.0849782228469849,True,False,-0.1901027411222458,-0.6032142043113708,0.10051345825195312,1.1057385206222534,False,tracking_terminated_at61,,,,
candidate_G_seed_1,1,231,39,3,1,159,984c723a644000bc69a6767fee5d0bb4ecdd24105f32b9905eec4a6b1d0d10ee,1.0551122426986694,True,False,-0.1833643913269043,-0.5783160328865051,-0.1226806640625,0.8845461010932922,False,tracking_terminated_at61,,,,
candidate_G_seed_1,1,232,20,1,0,81,a7f49333a1dbf21360509057c37702762be4dfc5dc52f2ce52d4eb76c31b8e5d,1.035400629043579,True,False,-0.36664801836013794,-0.9477676153182983,-1.2049999237060547,0.2996920347213745,False,tracking_terminated_at61,,,,
candidate_G_seed_1,1,232,20,2,0,82,a7f49333a1dbf21360509057c37702762be4dfc5dc52f2ce52d4eb76c31b8e5d,1.053817629814148,True,False,0.0331854410469532,0.2581692337989807,0.2823805809020996,1.32628333568573,False,tracking_terminated_at61,,,,
candidate_G_seed_1,1,232,20,3,0,83,a7f49333a1dbf21360509057c37702762be4dfc5dc52f2ce52d4eb76c31b8e5d,1.037670612335205,True,False,-0.01055748388171196,0.12623627483844757,-0.6650948524475098,0.5142247676849365,False,tracking_terminated_at61,,,,
candidate_G_seed_1,1,233,20,1,0,81,056ebc1ab7bc221458018f176499f4c3737357e4f6995ae84e5c5d0e9dd9750d,1.0536504983901978,True,False,-0.5667439103126526,-1.6289782524108887,-0.6235628128051758,0.5360312461853027,False,tracking_terminated_at61,,,,
candidate_G_seed_1,1,233,20,3,0,83,056ebc1ab7bc221458018f176499f4c3737357e4f6995ae84e5c5d0e9dd9750d,1.0075998306274414,True,False,-0.2205948531627655,-0.7384918928146362,-0.3589653968811035,0.6983985304832458,False,tracking_terminated_at61,,,,
candidate_G_seed_1,1,234,20,1,0,81,1a766c2d46705ccbe3e1de4d20b47463be2195a6e192f631a1ecf238a46130be,1.0215489864349365,True,False,-0.3782616853713989,-0.8650205135345459,-1.032869815826416,0.3559838831424713,False,tracking_terminated_at61,,,,
candidate_G_seed_1,1,234,20,3,0,83,1a766c2d46705ccbe3e1de4d20b47463be2195a6e192f631a1ecf238a46130be,1.0336476564407349,True,False,-0.6548478603363037,-1.6795849800109863,-0.12368392944335938,0.8836591243743896,False,tracking_terminated_at61,,,,
candidate_G_seed_1,1,235,20,0,0,80,3381d473a0965302113e9147441112d7fe46e539f1a9feae90029eae03dd0e8d,1.0155601501464844,True,False,-0.4455847442150116,-1.6995059251785278,-0.1000509262084961,0.9047913551330566,False,tracking_terminated_at61,,,,
candidate_G_seed_1,1,235,20,1,0,81,3381d473a0965302113e9147441112d7fe46e539f1a9feae90029eae03dd0e8d,0.980860710144043,False,False,-0.5224212408065796,-1.98797607421875,0.010494232177734375,1.010549545288086,True,continued_then_tracking_terminated_at62,61,62,1.042690634727478,True
candidate_G_seed_1,1,235,20,2,0,82,3381d473a0965302113e9147441112d7fe46e539f1a9feae90029eae03dd0e8d,1.0306938886642456,True,False,-0.31858670711517334,-1.222712516784668,-0.14222049713134766,0.8674299716949463,False,tracking_terminated_at61,,,,
candidate_G_seed_1,1,236,20,0,0,80,a94934cc0a94c4e3f14bf9eb497c1f6cc3cb32c4e92f506b1a396c7d17b78855,1.0169929265975952,True,False,-0.39318758249282837,-1.7257049083709717,-0.675633430480957,0.5088340044021606,False,tracking_terminated_at61,,,,
candidate_G_seed_1,1,236,20,1,0,81,a94934cc0a94c4e3f14bf9eb497c1f6cc3cb32c4e92f506b1a396c7d17b78855,1.0034542083740234,True,False,-0.18724539875984192,-1.048547387123108,-0.20336627960205078,0.8159793019294739,False,tracking_terminated_at61,,,,
candidate_G_seed_1,1,236,20,2,0,82,a94934cc0a94c4e3f14bf9eb497c1f6cc3cb32c4e92f506b1a396c7d17b78855,0.9996347427368164,False,False,-0.328386127948761,-1.5126315355300903,-1.4457411766052246,0.23557141423225403,True,continued_then_tracking_terminated_at62,61,62,1.0726927518844604,True
candidate_G_seed_1,1,236,20,3,0,83,a94934cc0a94c4e3f14bf9eb497c1f6cc3cb32c4e92f506b1a396c7d17b78855,0.9906720519065857,False,False,-0.48195695877075195,-2.017587184906006,0.19629955291748047,1.2168914079666138,True,continued_then_tracking_terminated_at62,61,62,1.0560208559036255,True
candidate_G_seed_1,1,237,20,0,0,80,23d9b6166e5a11d67426cfff26cddec0f7d273c66f7eca66ba3800a8223ab2fa,0.999810516834259,False,False,-0.516242504119873,-1.7597620487213135,-0.7905821800231934,0.4535806477069855,True,continued_then_tracking_terminated_at62,61,62,1.0683954954147339,True
candidate_G_seed_1,1,237,20,1,0,81,23d9b6166e5a11d67426cfff26cddec0f7d273c66f7eca66ba3800a8223ab2fa,1.0115447044372559,True,False,-0.03160039335489273,-0.19651204347610474,-1.052811622619629,0.3489552438259125,False,tracking_terminated_at61,,,,
candidate_G_seed_1,1,237,20,2,0,82,23d9b6166e5a11d67426cfff26cddec0f7d273c66f7eca66ba3800a8223ab2fa,1.0155398845672607,True,False,-0.34716010093688965,-1.2143738269805908,-0.5830578804016113,0.5581888556480408,False,tracking_terminated_at61,,,,
candidate_G_seed_1,1,237,20,3,0,83,23d9b6166e5a11d67426cfff26cddec0f7d273c66f7eca66ba3800a8223ab2fa,1.0219064950942993,True,False,0.08405835926532745,0.17655405402183533,0.5092859268188477,1.6641024351119995,False,tracking_terminated_at61,,,,
candidate_G_seed_1,1,238,20,0,0,80,fef891b0e8b244e1505dc5f6a6b19ddeabdcbbfd17175b89e9a0163e8939bb07,1.0675435066223145,True,False,-0.06942028552293777,0.12363161891698837,-0.9373712539672852,0.3916560411453247,False,tracking_terminated_at61,,,,
candidate_G_seed_1,1,238,20,1,0,81,fef891b0e8b244e1505dc5f6a6b19ddeabdcbbfd17175b89e9a0163e8939bb07,1.008271336555481,True,False,-0.22486378252506256,-0.19332553446292877,-0.27579212188720703,0.7589706778526306,False,tracking_terminated_at61,,,,
candidate_G_seed_1,1,238,20,2,0,82,fef891b0e8b244e1505dc5f6a6b19ddeabdcbbfd17175b89e9a0163e8939bb07,1.0192902088165283,True,False,-0.13014067709445953,-0.0001803303457563743,0.08013057708740234,1.0834285020828247,False,tracking_terminated_at61,,,,
candidate_G_seed_1,1,239,20,0,0,80,9b2e339d34460f7e0c0174bb26ca1f10cb6a3d1cbcab95bb2f29afcadb0498fe,1.0340262651443481,True,False,0.22359518706798553,0.6118138432502747,0.3891162872314453,1.47567617893219,False,tracking_terminated_at61,,,,
candidate_G_seed_1,1,239,20,1,0,81,9b2e339d34460f7e0c0174bb26ca1f10cb6a3d1cbcab95bb2f29afcadb0498fe,1.0082526206970215,True,False,-0.09292273223400116,-0.1898616999387741,0.125701904296875,1.133944034576416,False,tracking_terminated_at61,,,,
candidate_G_seed_1,1,239,20,2,0,82,9b2e339d34460f7e0c0174bb26ca1f10cb6a3d1cbcab95bb2f29afcadb0498fe,1.0134621858596802,True,False,-0.6054714918136597,-1.4880436658859253,0.08005714416503906,1.0833489894866943,False,tracking_terminated_at61,,,,
candidate_G_seed_1,1,239,20,3,0,83,9b2e339d34460f7e0c0174bb26ca1f10cb6a3d1cbcab95bb2f29afcadb0498fe,1.015710711479187,True,False,-0.39434918761253357,-0.9533137083053589,0.07544136047363281,1.0783599615097046,False,tracking_terminated_at61,,,,
candidate_G_seed_1,1,240,20,2,0,82,f448b19323c8b6206a04f3452ed37f4d6bfe6b017446bd1df0fffe2ac33ac527,1.0273240804672241,True,False,-0.2719869017601013,-0.20407336950302124,-0.3813753128051758,0.6829215288162231,False,tracking_terminated_at61,,,,
candidate_G_seed_1,1,240,39,0,1,156,f448b19323c8b6206a04f3452ed37f4d6bfe6b017446bd1df0fffe2ac33ac527,1.0140891075134277,True,False,-0.169944167137146,0.052281949669122696,-0.4112262725830078,0.6628369092941284,False,tracking_terminated_at61,,,,
candidate_G_seed_1,1,241,20,0,0,80,9e5e05d5400dd4ede88d4c0339c19edfabafc6e914f8ddab77bc51ecf5db74a7,1.0561878681182861,True,False,-0.12906929850578308,-0.1351635605096817,0.14257240295410156,1.1532366275787354,False,tracking_terminated_at61,,,,
candidate_G_seed_1,1,241,20,2,0,82,9e5e05d5400dd4ede88d4c0339c19edfabafc6e914f8ddab77bc51ecf5db74a7,0.9959530234336853,False,False,-0.4401150345802307,-0.9620319604873657,-0.04291534423828125,0.9579924941062927,True,continued_then_tracking_terminated_at62,61,62,1.0586459636688232,True
candidate_G_seed_1,1,241,38,1,1,153,9e5e05d5400dd4ede88d4c0339c19edfabafc6e914f8ddab77bc51ecf5db74a7,1.0128891468048096,True,False,-0.5412259697914124,-1.2308201789855957,-0.6366977691650391,0.5290365219116211,False,tracking_terminated_at61,,,,
candidate_G_seed_1,1,242,20,3,0,83,ecfe3167559727ce2220f0676aafd8c041f51137787f246dac3b8b7cd425ace1,1.0543113946914673,True,False,-0.5341994166374207,-1.908870816230774,-0.7599177360534668,0.4677048921585083,False,tracking_terminated_at61,,,,
candidate_G_seed_1,1,242,37,1,1,149,ecfe3167559727ce2220f0676aafd8c041f51137787f246dac3b8b7cd425ace1,1.0207563638687134,True,False,-0.34855562448501587,-1.295446515083313,-0.020689964294433594,0.9795225858688354,False,tracking_terminated_at61,,,,
candidate_G_seed_1,1,243,20,0,0,80,6700ac1c57595bee7e68a7ad23fa633b80d3b4003c8d934783f8b06a5dd4c57f,1.0441439151763916,True,False,-0.17724519968032837,-1.0215773582458496,0.2574033737182617,1.2935668230056763,False,tracking_terminated_at61,,,,
candidate_G_seed_1,1,243,20,1,0,81,6700ac1c57595bee7e68a7ad23fa633b80d3b4003c8d934783f8b06a5dd4c57f,1.0508607625961304,True,False,-0.20133076608181,-1.1009377241134644,-0.20637130737304688,0.8135309219360352,False,tracking_terminated_at61,,,,
candidate_G_seed_1,1,243,20,2,0,82,6700ac1c57595bee7e68a7ad23fa633b80d3b4003c8d934783f8b06a5dd4c57f,1.0209084749221802,True,False,-0.36871781945228577,-1.6524672508239746,-0.30565834045410156,0.7366382479667664,False,tracking_terminated_at61,,,,
candidate_G_seed_1,1,244,20,1,0,81,e3546c8ae5727949a72b7d9dd8a2fbf3340e6530e227f8cac469ccea48022af5,1.0083941221237183,True,False,-0.17399272322654724,-0.5714429020881653,0.01786327362060547,1.0180237293243408,False,tracking_terminated_at61,,,,
candidate_G_seed_1,1,245,20,0,0,80,5bd63074582ed41b55e3437d91a705d792be06db1c17d85b1d39c5222660ddfb,1.0313974618911743,True,False,-0.5880281925201416,-2.586101770401001,-0.16000652313232422,0.8521382212638855,False,tracking_terminated_at61,,,,
candidate_G_seed_1,1,245,20,1,0,81,5bd63074582ed41b55e3437d91a705d792be06db1c17d85b1d39c5222660ddfb,1.020421028137207,True,False,-0.4632742702960968,-2.1794562339782715,-0.3287239074707031,0.719841718673706,False,tracking_terminated_at61,,,,
candidate_G_seed_1,1,245,20,2,0,82,5bd63074582ed41b55e3437d91a705d792be06db1c17d85b1d39c5222660ddfb,1.0408488512039185,True,False,-0.3498813509941101,-1.809842586517334,-0.30979347229003906,0.7335984706878662,False,tracking_terminated_at61,,,,
candidate_G_seed_1,1,245,20,3,0,83,5bd63074582ed41b55e3437d91a705d792be06db1c17d85b1d39c5222660ddfb,1.0469539165496826,True,False,-0.23335698246955872,-1.4300220012664795,-0.40639829635620117,0.6660448312759399,False,tracking_terminated_at61,,,,
candidate_G_seed_1,1,246,20,2,0,82,8c285df1162e27d23567741f43449fa870fc3e6ad4bffe6d41104e5d31a0431e,1.0273469686508179,True,False,-0.47409114241600037,-1.270509123802185,-0.1260366439819336,0.8815825581550598,False,tracking_terminated_at61,,,,
candidate_G_seed_1,1,246,38,1,1,153,8c285df1162e27d23567741f43449fa870fc3e6ad4bffe6d41104e5d31a0431e,1.010939121246338,True,False,-0.5005563497543335,-1.3338395357131958,-0.7547793388366699,0.4701143503189087,False,tracking_terminated_at61,,,,
candidate_G_seed_1,1,247,20,0,0,80,c76eccd7150763b38b188cbb129735ac62efef12b759f784bf6923528948c381,1.0718539953231812,True,False,-0.7272180318832397,-2.0494184494018555,-0.4480705261230469,0.6388596296310425,False,tracking_terminated_at61,,,,
candidate_G_seed_1,1,247,20,2,0,82,c76eccd7150763b38b188cbb129735ac62efef12b759f784bf6923528948c381,1.0152229070663452,True,False,-0.5843515396118164,-1.6221779584884644,-0.14980220794677734,0.8608782291412354,False,tracking_terminated_at61,,,,
candidate_G_seed_1,1,247,20,3,0,83,c76eccd7150763b38b188cbb129735ac62efef12b759f784bf6923528948c381,1.0307823419570923,True,False,-0.3178686201572418,-0.8252641558647156,0.022539615631103516,1.022795557975769,False,tracking_terminated_at61,,,,
candidate_G_seed_1,1,247,39,1,1,157,c76eccd7150763b38b188cbb129735ac62efef12b759f784bf6923528948c381,1.0386544466018677,True,False,-0.29054349660873413,-0.7435486912727356,-0.39690089225769043,0.6724006533622742,False,tracking_terminated_at61,,,,
candidate_G_seed_1,1,248,20,0,0,80,d0fbceb5a7b025e862420514c2f5584b318e34d92af4023f81cc713ba206a252,1.0357677936553955,True,False,-0.18196964263916016,0.1108826994895935,-0.26210975646972656,0.7694265842437744,False,tracking_terminated_at61,,,,
candidate_G_seed_1,1,248,20,2,0,82,d0fbceb5a7b025e862420514c2f5584b318e34d92af4023f81cc713ba206a252,1.02494215965271,True,False,-0.5539054870605469,-0.8608058094978333,0.1380481719970703,1.1480308771133423,False,tracking_terminated_at61,,,,
candidate_G_seed_1,1,249,20,0,0,80,706f1dd6e1408340a6131cb45acefab9b5a3f61845d2b810f09c949627e16f5c,1.0254980325698853,True,False,-0.819315493106842,-2.1961286067962646,-1.254894733428955,0.2851058542728424,False,tracking_terminated_at61,,,,
candidate_G_seed_1,1,249,20,1,0,81,706f1dd6e1408340a6131cb45acefab9b5a3f61845d2b810f09c949627e16f5c,1.009298324584961,True,False,-0.4813048541545868,-1.3507072925567627,-0.3653287887573242,0.6939684748649597,False,tracking_terminated_at61,,,,
candidate_G_seed_1,1,249,20,2,0,82,706f1dd6e1408340a6131cb45acefab9b5a3f61845d2b810f09c949627e16f5c,1.004488468170166,True,False,-0.6203516125679016,-1.698486566543579,-0.07432365417480469,0.9283711910247803,False,tracking_terminated_at61,,,,
candidate_G_seed_1,1,249,20,3,0,83,706f1dd6e1408340a6131cb45acefab9b5a3f61845d2b810f09c949627e16f5c,1.0283087491989136,True,False,-0.10941382497549057,-0.42054566740989685,-0.47243595123291016,0.6234816312789917,False,tracking_terminated_at61,,,,
candidate_G_seed_1,1,250,20,0,0,80,271791fa037802a15d9197c0b2d62ce3eb9f351cca5c9f4acab9939f385fd549,1.0389127731323242,True,False,-0.38416025042533875,-0.8422622084617615,-0.07002544403076172,0.9323700666427612,False,tracking_terminated_at61,,,,
candidate_G_seed_1,1,250,20,1,0,81,271791fa037802a15d9197c0b2d62ce3eb9f351cca5c9f4acab9939f385fd549,0.9785380363464355,False,False,-0.15398430824279785,-0.24865272641181946,-0.5818891525268555,0.5588416457176208,True,continued_then_tracking_terminated_at62,61,62,1.0397999286651611,True
candidate_G_seed_1,1,250,20,3,0,83,271791fa037802a15d9197c0b2d62ce3eb9f351cca5c9f4acab9939f385fd549,1.029239296913147,True,False,-0.09032703936100006,-0.08448460698127747,-0.07901191711425781,0.9240289330482483,False,tracking_terminated_at61,,,,
candidate_G_seed_1,1,250,39,2,1,158,271791fa037802a15d9197c0b2d62ce3eb9f351cca5c9f4acab9939f385fd549,1.0172122716903687,True,False,-0.1954987347126007,-0.3557158410549164,-0.28848934173583984,0.7493947744369507,False,tracking_terminated_at61,,,,
candidate_G_seed_2,2,2,20,1,0,81,b008f189b0ab385077660079cfb710a189dc40ee8b3b6524e4b956a47d4fb208,1.011753797531128,True,False,-0.573438823223114,-1.3582966327667236,-1.5532822608947754,0.2115524560213089,False,tracking_terminated_at61,,,,
candidate_G_seed_2,2,2,35,3,1,143,b008f189b0ab385077660079cfb710a189dc40ee8b3b6524e4b956a47d4fb208,1.0342128276824951,True,False,-0.6837073564529419,-1.4737615585327148,-1.078106164932251,0.3402392864227295,False,tracking_terminated_at61,,,,
candidate_G_seed_2,2,3,20,3,0,83,90b1fb936d492afe77fafef08570c4938834c7224d399894cc30fb1e0b8abf57,1.014605164527893,True,False,-0.651878833770752,-1.5829817056655884,-1.9542689323425293,0.14166800677776337,False,tracking_terminated_at61,,,,
candidate_G_seed_2,2,3,37,0,1,148,90b1fb936d492afe77fafef08570c4938834c7224d399894cc30fb1e0b8abf57,1.0511894226074219,True,False,-0.5467456579208374,-1.4514901638031006,-0.9340395927429199,0.39296308159828186,False,tracking_terminated_at61,,,,
candidate_G_seed_2,2,4,35,0,1,140,3b939c26506b1a262cc45a15c60553ae7a6b7d03ebaf3a4806693b69cfa0c287,0.9955382943153381,False,False,-0.3002684414386749,-1.1912750005722046,0.017996549606323242,1.0181595087051392,True,continued_then_tracking_terminated_at62,61,62,1.0537683963775635,True
candidate_G_seed_2,2,4,39,3,1,159,3b939c26506b1a262cc45a15c60553ae7a6b7d03ebaf3a4806693b69cfa0c287,1.0314645767211914,True,False,-0.37406688928604126,-1.3058891296386719,-0.43995094299316406,0.6440680027008057,False,tracking_terminated_at61,,,,
candidate_G_seed_2,2,5,20,0,0,80,ef22ff5da85af60c46b8d45167ed7c1f7e2e377f834ed69604e460e31f4af165,1.051477074623108,True,False,-0.1766532063484192,-0.8442148566246033,-0.42968201637268066,0.6507160067558289,False,tracking_terminated_at61,,,,
candidate_G_seed_2,2,5,20,2,0,82,ef22ff5da85af60c46b8d45167ed7c1f7e2e377f834ed69604e460e31f4af165,1.0254244804382324,True,False,-0.04032192751765251,-0.5942402482032776,-0.4194304943084717,0.6574211120605469,False,tracking_terminated_at61,,,,
candidate_G_seed_2,2,6,20,0,0,80,24182ed103fcc69200f53da787eb4a76e8bd5e3b696fc7d7a572e0b9106c450a,1.0340853929519653,True,False,-0.04035186767578125,-1.1557762622833252,0.16644287109375,1.181096076965332,False,tracking_terminated_at61,,,,
candidate_G_seed_2,2,6,20,2,0,82,24182ed103fcc69200f53da787eb4a76e8bd5e3b696fc7d7a572e0b9106c450a,1.039222240447998,True,False,-0.002074040472507477,-1.0552093982696533,-0.14373397827148438,0.8661181330680847,False,tracking_terminated_at61,,,,
candidate_G_seed_2,2,6,20,3,0,83,24182ed103fcc69200f53da787eb4a76e8bd5e3b696fc7d7a572e0b9106c450a,0.9864623546600342,False,False,-0.17360618710517883,-1.5058737993240356,-0.5798275470733643,0.5599949359893799,True,continued_then_tracking_terminated_at62,61,62,1.0305911302566528,True
candidate_G_seed_2,2,7,20,1,0,81,68442a6787bf23f521dd8b4efd7a2dc0a5b3c58523cfe5cda890f1e6d549309f,1.0321424007415771,True,False,-0.209365114569664,-1.3449504375457764,-0.5373258590698242,0.5843086838722229,False,tracking_terminated_at61,,,,
candidate_G_seed_2,2,7,20,3,0,83,68442a6787bf23f521dd8b4efd7a2dc0a5b3c58523cfe5cda890f1e6d549309f,1.00492525100708,True,False,-0.13035407662391663,-1.175938367843628,-0.42690467834472656,0.6525257229804993,False,tracking_terminated_at61,,,,
candidate_G_seed_2,2,8,20,2,0,82,f0b1bc8079b5346f2b1d5dfb9b44c4dd647a0d4ca44c34420424b936817bc812,1.005678415298462,True,False,-0.377407968044281,-1.2153302431106567,0.14023637771606445,1.1505457162857056,False,tracking_terminated_at61,,,,
candidate_G_seed_2,2,8,36,1,1,145,f0b1bc8079b5346f2b1d5dfb9b44c4dd647a0d4ca44c34420424b936817bc812,1.021559715270996,True,False,-0.5870449542999268,-1.7003841400146484,-0.6959280967712402,0.4986114799976349,False,tracking_terminated_at61,,,,
candidate_G_seed_2,2,9,20,0,0,80,ed36c23cfacdb02be07cb5f29015ef1750c26c06e6e4c56cd8e632d607f54405,1.0267271995544434,True,False,-0.3424801826477051,-1.2678465843200684,-0.36962890625,0.690990686416626,False,tracking_terminated_at61,,,,
candidate_G_seed_2,2,10,20,0,0,80,379797f1c24eedc740af87308f5fa86a0f945704fc45f584f0968943481948f7,1.0394541025161743,True,False,-0.24028120934963226,-1.210780143737793,-0.4084501266479492,0.6646796464920044,False,tracking_terminated_at61,,,,
candidate_G_seed_2,2,10,20,1,0,81,379797f1c24eedc740af87308f5fa86a0f945704fc45f584f0968943481948f7,1.034782886505127,True,False,-0.3028543293476105,-1.3657840490341187,-0.7337393760681152,0.4801103174686432,False,tracking_terminated_at61,,,,
candidate_G_seed_2,2,11,20,2,0,82,d5e08d2aedfffc1adea4975b55240b207097dfe5f479b7a7751a8909215180cb,1.0633529424667358,True,False,-0.6634081602096558,-2.106597423553467,-0.2675595283508301,0.7652447819709778,False,tracking_terminated_at61,,,,
candidate_G_seed_2,2,11,39,3,1,159,d5e08d2aedfffc1adea4975b55240b207097dfe5f479b7a7751a8909215180cb,1.0413384437561035,True,False,-0.3398992121219635,-1.382248878479004,-0.424346923828125,0.6541968584060669,False,tracking_terminated_at61,,,,
candidate_G_seed_2,2,12,20,0,0,80,f522dfa8a27e188c77c9c1306912d949c9b5e95d8d5a4686e2de6cb51314d8cb,1.0081239938735962,True,False,-0.7383123636245728,-1.965345859527588,-0.3799175024032593,0.6839178204536438,False,tracking_terminated_at61,,,,
candidate_G_seed_2,2,12,20,1,0,81,f522dfa8a27e188c77c9c1306912d949c9b5e95d8d5a4686e2de6cb51314d8cb,1.0425280332565308,True,False,-0.7995076775550842,-2.114105463027954,-0.5396432876586914,0.5829561352729797,False,tracking_terminated_at61,,,,
candidate_G_seed_2,2,12,20,2,0,82,f522dfa8a27e188c77c9c1306912d949c9b5e95d8d5a4686e2de6cb51314d8cb,1.0542258024215698,True,False,-0.4598838686943054,-1.2885143756866455,0.06028461456298828,1.0621387958526611,False,tracking_terminated_at61,,,,
candidate_G_seed_2,2,13,20,0,0,80,0eec4acca0a2caf2091611220d9a05db5a7757af29d2e61d9127be5a749da299,1.053615927696228,True,False,-0.2619584798812866,-0.560046374797821,-0.0034475326538085938,0.996558427810669,False,tracking_terminated_at61,,,,
candidate_G_seed_2,2,13,20,3,0,83,0eec4acca0a2caf2091611220d9a05db5a7757af29d2e61d9127be5a749da299,1.0339168310165405,True,False,-0.5433779954910278,-1.1950676441192627,-0.5490803718566895,0.5774806141853333,False,tracking_terminated_at61,,,,
candidate_G_seed_2,2,13,35,1,1,141,0eec4acca0a2caf2091611220d9a05db5a7757af29d2e61d9127be5a749da299,1.0402836799621582,True,False,-0.1862112134695053,-0.38912317156791687,-0.396975040435791,0.6723508238792419,False,tracking_terminated_at61,,,,
candidate_G_seed_2,2,14,20,1,0,81,780574a06af1060dd4d03b6f782da98fb1b0d83bd4bc344215c6f863fd547cfe,1.0070667266845703,True,False,-0.5357277393341064,-1.5162208080291748,-0.3441488742828369,0.7088233828544617,False,tracking_terminated_at61,,,,
candidate_G_seed_2,2,14,20,3,0,83,780574a06af1060dd4d03b6f782da98fb1b0d83bd4bc344215c6f863fd547cfe,1.0510077476501465,True,False,-0.12838482856750488,-0.5476866364479065,-0.0008254051208496094,0.999174952507019,False,tracking_terminated_at61,,,,
candidate_G_seed_2,2,14,35,0,1,140,780574a06af1060dd4d03b6f782da98fb1b0d83bd4bc344215c6f863fd547cfe,1.04530668258667,True,False,-0.3314379155635834,-1.030483365058899,-0.6487607955932617,0.5226930975914001,False,tracking_terminated_at61,,,,
candidate_G_seed_2,2,15,20,0,0,80,cb3f00243dd4c78068bbb42fe230e9cbc7ed948ee05f0bf4eb1a3820494a09ef,1.0250279903411865,True,False,-0.4308396279811859,-1.6760849952697754,-0.39467859268188477,0.6738966107368469,False,tracking_terminated_at61,,,,
candidate_G_seed_2,2,15,20,1,0,81,cb3f00243dd4c78068bbb42fe230e9cbc7ed948ee05f0bf4eb1a3820494a09ef,1.0307015180587769,True,False,-0.30017924308776855,-1.3646190166473389,-0.40323925018310547,0.6681522130966187,False,tracking_terminated_at61,,,,
candidate_G_seed_2,2,15,37,2,1,150,cb3f00243dd4c78068bbb42fe230e9cbc7ed948ee05f0bf4eb1a3820494a09ef,1.0605804920196533,True,False,-0.06868098676204681,-0.812777578830719,0.10673141479492188,1.1126353740692139,False,tracking_terminated_at61,,,,
candidate_G_seed_2,2,17,20,0,0,80,ed0c77b882c04265aa9f8b468cf89937725604f6d98a854bc3d04582fb73ce27,0.9825603365898132,False,False,-0.7135900259017944,-1.2350610494613647,-0.2600522041320801,0.7710113525390625,True,continued_then_tracking_terminated_at62,61,62,1.032933235168457,True
candidate_G_seed_2,2,17,20,1,0,81,ed0c77b882c04265aa9f8b468cf89937725604f6d98a854bc3d04582fb73ce27,1.0390890836715698,True,False,-0.2995680272579193,-0.48087644577026367,-0.0822145938873291,0.9210742712020874,False,tracking_terminated_at61,,,,
candidate_G_seed_2,2,18,20,0,0,80,a108e49a805533e5f3c1a9ee41dab433bc665f6daa5d89e4f73fcbb4f51ff6ca,1.0593761205673218,True,False,-0.49262478947639465,-0.9278553128242493,-0.2791481018066406,0.7564278841018677,False,tracking_terminated_at61,,,,
candidate_G_seed_2,2,18,36,3,1,147,a108e49a805533e5f3c1a9ee41dab433bc665f6daa5d89e4f73fcbb4f51ff6ca,1.0522425174713135,True,False,-0.2594374120235443,-0.423573762178421,0.14922189712524414,1.1609305143356323,False,tracking_terminated_at61,,,,
candidate_G_seed_2,2,19,20,0,0,80,d0ab207b1881596139a80be2c16f33ab94415dc8425c87b346fccce28eddbaf4,1.032354712486267,True,False,-0.24136005342006683,-0.4769270420074463,-0.5791549682617188,0.5603716969490051,False,tracking_terminated_at61,,,,
candidate_G_seed_2,2,19,20,2,0,82,d0ab207b1881596139a80be2c16f33ab94415dc8425c87b346fccce28eddbaf4,1.0245558023452759,True,False,-0.41072219610214233,-0.8162838816642761,0.07706212997436523,1.0801092386245728,False,tracking_terminated_at61,,,,
candidate_G_seed_2,2,19,36,3,1,147,d0ab207b1881596139a80be2c16f33ab94415dc8425c87b346fccce28eddbaf4,1.010032296180725,True,False,-0.7031497359275818,-1.4022310972213745,-0.5335159301757812,0.586539089679718,False,tracking_terminated_at61,,,,
candidate_G_seed_2,2,20,20,3,0,83,2df901cb4c711c28c625326cf92b6d654df49a031283f973b62503f1db5ebef1,1.0299614667892456,True,False,-0.7804725170135498,-1.358593225479126,-0.20081686973571777,0.8180622458457947,False,tracking_terminated_at61,,,,
candidate_G_seed_2,2,20,36,2,1,146,2df901cb4c711c28c625326cf92b6d654df49a031283f973b62503f1db5ebef1,1.0447808504104614,True,False,-0.455741822719574,-0.6699254512786865,-0.0006589889526367188,0.9993412494659424,False,tracking_terminated_at61,,,,
candidate_G_seed_2,2,21,20,0,0,80,5db14e37a824533009e77097424c4e926026fad9c3a3d2e3c7c8af5348fb66e4,1.0542014837265015,True,False,0.020476054400205612,0.27134811878204346,-0.1172783374786377,0.8893375992774963,False,tracking_terminated_at61,,,,
candidate_G_seed_2,2,21,20,3,0,83,5db14e37a824533009e77097424c4e926026fad9c3a3d2e3c7c8af5348fb66e4,1.03739333152771,True,False,-0.2833541929721832,-0.28148162364959717,-0.23780393600463867,0.7883572578430176,False,tracking_terminated_at61,,,,
candidate_G_seed_2,2,22,20,2,0,82,759bbe62b89070a5bca796d13aec1c17480083df989a59619240530098a2f217,1.033984899520874,True,False,-0.2412501722574234,-0.4759562909603119,-0.2723679542541504,0.7615739703178406,False,tracking_terminated_at61,,,,
candidate_G_seed_2,2,22,20,3,0,83,759bbe62b89070a5bca796d13aec1c17480083df989a59619240530098a2f217,1.0664557218551636,True,False,-0.9774079918861389,-2.350489854812622,-0.10390949249267578,0.9013068675994873,False,tracking_terminated_at61,,,,
candidate_G_seed_2,2,22,38,0,1,152,759bbe62b89070a5bca796d13aec1c17480083df989a59619240530098a2f217,1.0448400974273682,True,False,-0.3615719974040985,-0.7823407649993896,-0.019810199737548828,0.9803847074508667,False,tracking_terminated_at61,,,,
candidate_G_seed_2,2,22,39,1,1,157,759bbe62b89070a5bca796d13aec1c17480083df989a59619240530098a2f217,1.0271286964416504,True,False,-0.6702186465263367,-1.5682706832885742,-0.3877420425415039,0.6785873770713806,False,tracking_terminated_at61,,,,
candidate_G_seed_2,2,23,20,0,0,80,6b5454bcd88d92c5882f3f1aefb1f734ba90751f8e28a06f6b5fcc0d63319383,1.0423952341079712,True,False,-0.38728567957878113,-0.7525727152824402,-0.006815433502197266,0.9932077527046204,False,tracking_terminated_at61,,,,
candidate_G_seed_2,2,23,20,2,0,82,6b5454bcd88d92c5882f3f1aefb1f734ba90751f8e28a06f6b5fcc0d63319383,0.9957987666130066,False,False,-0.15349683165550232,-0.14317229390144348,-0.30000782012939453,0.7408124208450317,True,continued_then_tracking_terminated_at62,61,62,1.0683099031448364,True
candidate_G_seed_2,2,23,20,3,0,83,6b5454bcd88d92c5882f3f1aefb1f734ba90751f8e28a06f6b5fcc0d63319383,1.050329566001892,True,False,0.169922336935997,0.6998609304428101,0.19848060607910156,1.2195483446121216,False,tracking_terminated_at61,,,,
candidate_G_seed_2,2,24,20,0,0,80,c032f709fd59b42b7d9b09e91463a1f42f93192d02ec638918414c2db37141f8,1.0329943895339966,True,False,-0.03432805463671684,-0.0016788189532235265,-0.09650707244873047,0.9080034494400024,False,tracking_terminated_at61,,,,
candidate_G_seed_2,2,24,20,2,0,82,c032f709fd59b42b7d9b09e91463a1f42f93192d02ec638918414c2db37141f8,0.9931434392929077,False,False,-0.45056474208831787,-0.9732884168624878,-0.7489118576049805,0.47288084030151367,True,continued_then_tracking_terminated_at62,61,62,1.0381358861923218,True
candidate_G_seed_2,2,25,20,0,0,80,9c79ffe9b9c9cab0a5fee826ec35516455eea3faa0d8e8aa8628d96847fb37b4,1.016982913017273,True,False,-0.18148013949394226,-0.7297544479370117,-0.6756391525268555,0.5088310837745667,False,tracking_terminated_at61,,,,
candidate_G_seed_2,2,25,37,1,1,149,9c79ffe9b9c9cab0a5fee826ec35516455eea3faa0d8e8aa8628d96847fb37b4,1.044362187385559,True,False,-0.239046111702919,-0.8642436265945435,0.1725541353225708,1.1883361339569092,False,tracking_terminated_at61,,,,
candidate_G_seed_2,2,26,20,0,0,80,e3c4091c6a2b36e1f6f81fba2eea32daa2a56c58d7827b7955a9ce45abe5b7c0,1.02431058883667,True,False,-0.4799903333187103,-1.4247320890426636,-0.03661823272705078,0.9640440940856934,False,tracking_terminated_at61,,,,
candidate_G_seed_2,2,26,20,1,0,81,e3c4091c6a2b36e1f6f81fba2eea32daa2a56c58d7827b7955a9ce45abe5b7c0,1.0574284791946411,True,False,-0.5664994120597839,-1.6608487367630005,-0.43067264556884766,0.6500716805458069,False,tracking_terminated_at61,,,,
candidate_G_seed_2,2,26,20,2,0,82,e3c4091c6a2b36e1f6f81fba2eea32daa2a56c58d7827b7955a9ce45abe5b7c0,1.0515773296356201,True,False,-0.3594648241996765,-1.095771312713623,-0.18532752990722656,0.8308321237564087,False,tracking_terminated_at61,,,,
candidate_G_seed_2,2,27,20,1,0,81,a04b186fb9f119bb04c304f06c04b857221bf672b45527494d4c757f462c3d51,1.0388494729995728,True,False,-0.3841008245944977,-1.23399817943573,0.0760807991027832,1.0790497064590454,False,tracking_terminated_at61,,,,
candidate_G_seed_2,2,27,20,2,0,82,a04b186fb9f119bb04c304f06c04b857221bf672b45527494d4c757f462c3d51,1.0388778448104858,True,False,-0.4791240692138672,-1.4904590845108032,-0.055027008056640625,0.9464595913887024,False,tracking_terminated_at61,,,,
candidate_G_seed_2,2,27,38,0,1,152,a04b186fb9f119bb04c304f06c04b857221bf672b45527494d4c757f462c3d51,1.0531498193740845,True,False,0.0017174780368804932,-0.19270260632038116,0.2543191909790039,1.2895833253860474,False,tracking_terminated_at61,,,,
candidate_G_seed_2,2,28,20,1,0,81,0a71baea13a80ba051d7865a6afa922ca9588dc26b5a0b3ef354abd5bb9aad7f,1.024507999420166,True,False,-0.2290814220905304,-0.3617682456970215,-0.1652536392211914,0.8476786613464355,False,tracking_terminated_at61,,,,
candidate_G_seed_2,2,28,35,3,1,143,0a71baea13a80ba051d7865a6afa922ca9588dc26b5a0b3ef354abd5bb9aad7f,1.0409295558929443,True,False,-0.1439281702041626,-0.18084199726581573,0.6927490234375,1.9992038011550903,False,tracking_terminated_at61,,,,
candidate_G_seed_2,2,29,20,0,0,80,3d4b50f4a0a01b5c8c35c6a9c86a449c0f55848944431051799b1de6ee9d7894,1.0308588743209839,True,False,-0.6185377836227417,-2.7111639976501465,-0.6254539489746094,0.5350185036659241,False,tracking_terminated_at61,,,,
candidate_G_seed_2,2,29,20,1,0,81,3d4b50f4a0a01b5c8c35c6a9c86a449c0f55848944431051799b1de6ee9d7894,1.0110468864440918,True,False,-0.5785486698150635,-2.5846211910247803,-0.7379555702209473,0.4780903458595276,False,tracking_terminated_at61,,,,
candidate_G_seed_2,2,29,20,2,0,82,3d4b50f4a0a01b5c8c35c6a9c86a449c0f55848944431051799b1de6ee9d7894,0.9765937924385071,False,False,-0.5533410310745239,-2.5048534870147705,-0.6898298263549805,0.5016614198684692,True,continued_then_tracking_terminated_at62,61,62,1.0307562351226807,True
candidate_G_seed_2,2,29,20,3,0,83,3d4b50f4a0a01b5c8c35c6a9c86a449c0f55848944431051799b1de6ee9d7894,1.0369641780853271,True,False,-0.443798303604126,-2.1582131385803223,-0.8660879135131836,0.4205937385559082,False,tracking_terminated_at61,,,,
candidate_G_seed_2,2,30,20,1,0,81,cddb202b4c177757bece4c4747be3e5f917ef569b2d71dda789b2f2c96e53d9b,1.041179895401001,True,False,-0.5271027684211731,-1.2234022617340088,-0.46329641342163086,0.629206120967865,False,tracking_terminated_at61,,,,
candidate_G_seed_2,2,30,20,3,0,83,cddb202b4c177757bece4c4747be3e5f917ef569b2d71dda789b2f2c96e53d9b,1.0446457862854004,True,False,-1.0118008852005005,-2.232492208480835,-0.518373966217041,0.5954880714416504,False,tracking_terminated_at61,,,,
candidate_G_seed_2,2,31,20,0,0,80,3a71ad6da412f32a042f34eac871ce277aa3a1e8240f192e1f6fabe245e2d8a8,1.0289853811264038,True,False,-0.220455601811409,-0.09251785278320312,-0.37824535369873047,0.6850624084472656,False,tracking_terminated_at61,,,,
candidate_G_seed_2,2,31,37,2,1,150,3a71ad6da412f32a042f34eac871ce277aa3a1e8240f192e1f6fabe245e2d8a8,1.003321886062622,True,False,-0.38478171825408936,-0.4188667833805084,-0.1913304328918457,0.8258596658706665,False,tracking_terminated_at61,,,,
candidate_G_seed_2,2,32,20,0,0,80,4a2204a6e684b0d4c856816f37da487271e555bdea4018c644458917b48251f1,1.0099914073944092,True,False,-0.7915198802947998,-2.773942232131958,-0.3347744941711426,0.7154994010925293,False,tracking_terminated_at61,,,,
candidate_G_seed_2,2,32,20,2,0,82,4a2204a6e684b0d4c856816f37da487271e555bdea4018c644458917b48251f1,1.0293980836868286,True,False,-0.5993652939796448,-2.2588539123535156,-0.09595298767089844,0.9085067510604858,False,tracking_terminated_at61,,,,
candidate_G_seed_2,2,33,20,0,0,80,b9a2e93f41b0c89e8d702bb22b1127f409bc085eb746860e9496ef1127a6ea50,1.0359002351760864,True,False,-1.0005728006362915,-2.4354944229125977,-0.3907012939453125,0.6765822172164917,False,tracking_terminated_at61,,,,
candidate_G_seed_2,2,33,20,2,0,82,b9a2e93f41b0c89e8d702bb22b1127f409bc085eb746860e9496ef1127a6ea50,1.0039650201797485,True,False,-0.6429711580276489,-1.5242924690246582,-0.18077325820922852,0.8346245884895325,False,tracking_terminated_at61,,,,
candidate_G_seed_2,2,33,20,3,0,83,b9a2e93f41b0c89e8d702bb22b1127f409bc085eb746860e9496ef1127a6ea50,1.0082356929779053,True,False,-0.48489901423454285,-1.1215100288391113,-0.07265901565551758,0.9299178719520569,False,tracking_terminated_at61,,,,
candidate_G_seed_2,2,34,20,1,0,81,a68f2cb1bd4e196c50bbd437928fd8e3afb4af47301f16d5e562791205617f24,1.0069888830184937,True,False,-0.2174321711063385,-0.2844569683074951,-0.42415952682495117,0.6543194651603699,False,tracking_terminated_at61,,,,
candidate_G_seed_2,2,34,20,2,0,82,a68f2cb1bd4e196c50bbd437928fd8e3afb4af47301f16d5e562791205617f24,1.0194321870803833,True,False,-0.2912411689758301,-0.4826275110244751,-0.27784204483032227,0.7574164271354675,False,tracking_terminated_at61,,,,
candidate_G_seed_2,2,35,20,0,0,80,08ffdc52c0d9857d742f360c831fb1f07c77f07b2680d721b5905172770e9e20,1.0049561262130737,True,False,-0.3282053470611572,-0.5368555188179016,-0.12717580795288086,0.880578875541687,False,tracking_terminated_at61,,,,
candidate_G_seed_2,2,35,20,1,0,81,08ffdc52c0d9857d742f360c831fb1f07c77f07b2680d721b5905172770e9e20,1.0064581632614136,True,False,-0.43727627396583557,-0.8021988868713379,-0.0853118896484375,0.9182258248329163,False,tracking_terminated_at61,,,,
candidate_G_seed_2,2,35,20,2,0,82,08ffdc52c0d9857d742f360c831fb1f07c77f07b2680d721b5905172770e9e20,1.0348705053329468,True,False,-0.4104650020599365,-0.7369735240936279,-0.37551450729370117,0.6869357824325562,False,tracking_terminated_at61,,,,
candidate_G_seed_2,2,35,20,3,0,83,08ffdc52c0d9857d742f360c831fb1f07c77f07b2680d721b5905172770e9e20,1.053331971168518,True,False,-0.6571096181869507,-1.3370007276535034,-0.3579831123352051,0.6990848779678345,False,tracking_terminated_at61,,,,
candidate_G_seed_2,2,36,20,1,0,81,11ef44006f9dd3b9f0f3c0dc8f3e55fe1416c487a6ac998e1498d8ad77d2b258,0.9991738796234131,False,False,-0.8325753808021545,-1.557286024093628,-0.4640312194824219,0.6287439465522766,True,continued_then_tracking_terminated_at62,61,62,1.0600274801254272,True
candidate_G_seed_2,2,36,20,2,0,82,11ef44006f9dd3b9f0f3c0dc8f3e55fe1416c487a6ac998e1498d8ad77d2b258,1.0266108512878418,True,False,-0.14459377527236938,-0.03885279968380928,0.22611141204833984,1.2537153959274292,False,tracking_terminated_at61,,,,
candidate_G_seed_2,2,37,20,0,0,80,75e6f0f8915e9e5f06f6df27ae7b5e12759d20e26b4ca3e86ab0e96cb6f8d423,1.0329383611679077,True,False,-0.44764479994773865,-1.0019135475158691,-0.2490406036376953,0.7795483469963074,False,tracking_terminated_at61,,,,
candidate_G_seed_2,2,37,20,2,0,82,75e6f0f8915e9e5f06f6df27ae7b5e12759d20e26b4ca3e86ab0e96cb6f8d423,1.0548357963562012,True,False,-0.9123644232749939,-2.0495150089263916,-0.11999893188476562,0.8869214057922363,False,tracking_terminated_at61,,,,
candidate_G_seed_2,2,37,20,3,0,83,75e6f0f8915e9e5f06f6df27ae7b5e12759d20e26b4ca3e86ab0e96cb6f8d423,1.0356141328811646,True,False,-0.08788803964853287,-0.19092607498168945,0.2962992191314697,1.3448724746704102,False,tracking_terminated_at61,,,,
candidate_G_seed_2,2,38,20,0,0,80,d1012cacf6c52635285dd9bb4c3cf54c3aae876dc46992d25b9696837e4b1af7,1.0284924507141113,True,False,-0.5588090419769287,-1.8330410718917847,-0.42559194564819336,0.6533828973770142,False,tracking_terminated_at61,,,,
candidate_G_seed_2,2,38,20,1,0,81,d1012cacf6c52635285dd9bb4c3cf54c3aae876dc46992d25b9696837e4b1af7,0.9942919015884399,False,False,-0.38443273305892944,-1.3152141571044922,0.5185723304748535,1.6796280145645142,True,continued_then_tracking_terminated_at62,61,62,1.0537714958190918,True
candidate_G_seed_2,2,38,20,3,0,83,d1012cacf6c52635285dd9bb4c3cf54c3aae876dc46992d25b9696837e4b1af7,1.0285271406173706,True,False,-0.17487245798110962,-0.6929052472114563,0.18588709831237793,1.2042863368988037,False,tracking_terminated_at61,,,,
candidate_G_seed_2,2,39,20,0,0,80,314f2e279e93432c7b4a28654a4846376e7b70a6b37d53aed2174027af5c35dc,1.0488570928573608,True,False,-0.08969096839427948,-0.030863119289278984,-0.2598690986633301,0.7711524963378906,False,tracking_terminated_at61,,,,
candidate_G_seed_2,2,39,20,1,0,81,314f2e279e93432c7b4a28654a4846376e7b70a6b37d53aed2174027af5c35dc,1.0569137334823608,True,False,-0.26749131083488464,-0.6302658915519714,-0.2812037467956543,0.7548745274543762,False,tracking_terminated_at61,,,,
candidate_G_seed_2,2,40,20,3,0,83,322a7ffb48fae4a6f939ebe5e01ac67e7401dc614d744fe7a82c7b06e09c0cd8,0.9980043768882751,False,False,-0.49347829818725586,-0.7700384259223938,-0.7813801765441895,0.45777377486228943,True,continued_then_tracking_terminated_at62,61,62,1.0588254928588867,True
candidate_G_seed_2,2,41,20,1,0,81,fddab5a772a42f75a746e3a52edf0df6e17dcb79a7f1af2b0a0d6f355109c6f4,1.049284815788269,True,False,-0.7800406217575073,-1.8759899139404297,0.3981924057006836,1.4891304969787598,False,tracking_terminated_at61,,,,
candidate_G_seed_2,2,41,39,0,1,156,fddab5a772a42f75a746e3a52edf0df6e17dcb79a7f1af2b0a0d6f355109c6f4,1.0364129543304443,True,False,-0.48641955852508545,-1.1555887460708618,-0.5578866004943848,0.5724175572395325,False,tracking_terminated_at61,,,,
candidate_G_seed_2,2,42,20,0,0,80,6f2b55123845f567a5af4107feff725ca3d7382d0c989f54d3f9b98e231c783f,0.9811339974403381,False,False,-0.34848809242248535,-0.6253499388694763,-0.3345222473144531,0.715679943561554,True,continued_then_tracking_terminated_at62,61,62,1.0355777740478516,True
candidate_G_seed_2,2,43,20,1,0,81,216f230bc1745988d887096e0382c2232d8f2ea61ad39fb9418591dfd998f238,1.010229468345642,True,False,-0.5505392551422119,-2.1294667720794678,-0.6131305694580078,0.5416525602340698,False,tracking_terminated_at61,,,,
candidate_G_seed_2,2,43,20,2,0,82,216f230bc1745988d887096e0382c2232d8f2ea61ad39fb9418591dfd998f238,1.0602693557739258,True,False,-0.5795973539352417,-2.2107720375061035,-0.17598199844360352,0.8386330604553223,False,tracking_terminated_at61,,,,
candidate_G_seed_2,2,43,20,3,0,83,216f230bc1745988d887096e0382c2232d8f2ea61ad39fb9418591dfd998f238,1.0487620830535889,True,False,-0.3808603882789612,-1.654701828956604,-0.37865209579467773,0.6847838163375854,False,tracking_terminated_at61,,,,
candidate_G_seed_2,2,44,20,0,0,80,cc2eb85912563dca9db40efad8b549c5470c1ca9321cb0a73a1dc00625fcc381,1.048115849494934,True,False,-0.5404376983642578,-1.559515118598938,0.08372211456298828,1.0873266458511353,False,tracking_terminated_at61,,,,
candidate_G_seed_2,2,45,20,0,0,80,294d333641595ccc1b26fef783fcd72eae4164d58118612ce11afa7cbe86e564,1.0515624284744263,True,False,-0.14531086385250092,-0.6038979291915894,-0.6365518569946289,0.52911376953125,False,tracking_terminated_at61,,,,
candidate_G_seed_2,2,45,20,1,0,81,294d333641595ccc1b26fef783fcd72eae4164d58118612ce11afa7cbe86e564,1.0350041389465332,True,False,-0.25079408288002014,-0.9820693135261536,-0.059975385665893555,0.9417877197265625,False,tracking_terminated_at61,,,,
candidate_G_seed_2,2,45,20,3,0,83,294d333641595ccc1b26fef783fcd72eae4164d58118612ce11afa7cbe86e564,1.0200815200805664,True,False,-0.25998181104660034,-1.015008568763733,-0.2989082336425781,0.7416274547576904,False,tracking_terminated_at61,,,,
candidate_G_seed_2,2,46,20,1,0,81,10e83803104c6b7b8a08de39ce8fa799241c948574cd8646e421ec706985041f,0.9832954406738281,False,False,-0.5013381242752075,-1.5189999341964722,-0.5548901557922363,0.5741353034973145,True,continued_then_tracking_terminated_at62,61,62,1.0525435209274292,True
candidate_G_seed_2,2,46,20,2,0,82,10e83803104c6b7b8a08de39ce8fa799241c948574cd8646e421ec706985041f,0.9942620992660522,False,False,-0.34715259075164795,-1.0738463401794434,-0.7747020721435547,0.4608410596847534,True,continued_then_tracking_terminated_at62,61,62,1.0534254312515259,True
candidate_G_seed_2,2,46,39,3,1,159,10e83803104c6b7b8a08de39ce8fa799241c948574cd8646e421ec706985041f,0.9892957806587219,False,False,0.3671497702598572,0.9884377717971802,0.6114354133605957,1.8430750370025635,True,right_censored_at_rollout_boundary,,,,
candidate_G_seed_2,2,47,20,1,0,81,236fa04510911d77c128f96e7a0a9fe726c0f62dc12db134294855e9ef987d8a,1.0395622253417969,True,False,-0.592913031578064,-1.6934555768966675,-0.6823115348815918,0.505447268486023,False,tracking_terminated_at61,,,,
candidate_G_seed_2,2,47,20,3,0,83,236fa04510911d77c128f96e7a0a9fe726c0f62dc12db134294855e9ef987d8a,1.002180576324463,True,False,-0.36484748125076294,-0.9754904508590698,-0.03393840789794922,0.9666310548782349,False,tracking_terminated_at61,,,,
candidate_G_seed_2,2,48,20,1,0,81,ec21e14eddfd98245b30123bf37e0aa728adb488b28ef9a9f23816f137be928e,1.030050277709961,True,False,-0.5045409798622131,-1.2261412143707275,-0.1490645408630371,0.8615134954452515,False,tracking_terminated_at61,,,,
candidate_G_seed_2,2,48,20,2,0,82,ec21e14eddfd98245b30123bf37e0aa728adb488b28ef9a9f23816f137be928e,1.0334150791168213,True,False,-0.553693950176239,-1.3379912376403809,0.23862481117248535,1.2695021629333496,False,tracking_terminated_at61,,,,
candidate_G_seed_2,2,48,20,3,0,83,ec21e14eddfd98245b30123bf37e0aa728adb488b28ef9a9f23816f137be928e,0.9923397302627563,False,False,-0.46589964628219604,-1.1382110118865967,-0.2221212387084961,0.8008182644844055,True,continued_then_tracking_terminated_at62,61,62,1.0641961097717285,True
candidate_G_seed_2,2,49,20,1,0,81,74aeab652045e0fcecbd912c03280ecfe80eb62a6fa3c77d2dfdf12824bd91e8,1.0022294521331787,True,False,-0.32081669569015503,-0.9291720390319824,-0.2612142562866211,0.7701159119606018,False,tracking_terminated_at61,,,,
candidate_G_seed_2,2,49,20,2,0,82,74aeab652045e0fcecbd912c03280ecfe80eb62a6fa3c77d2dfdf12824bd91e8,1.0326180458068848,True,False,-0.2655263841152191,-0.7301347255706787,0.5331020355224609,1.704210638999939,False,tracking_terminated_at61,,,,
candidate_G_seed_2,2,49,20,3,0,83,74aeab652045e0fcecbd912c03280ecfe80eb62a6fa3c77d2dfdf12824bd91e8,1.0432322025299072,True,False,-0.5050738453865051,-1.5924718379974365,-0.6206526756286621,0.537593424320221,False,tracking_terminated_at61,,,,
candidate_G_seed_2,2,50,20,1,0,81,3e7f3f842630d84d3b6704c8ec12138467a2a6e7ceb8fd7d600ac23739431c5b,1.0417234897613525,True,False,-0.7695565819740295,-2.33687162399292,-0.3189758062362671,0.7268931269645691,False,tracking_terminated_at61,,,,
candidate_G_seed_2,2,50,20,3,0,83,3e7f3f842630d84d3b6704c8ec12138467a2a6e7ceb8fd7d600ac23739431c5b,1.021718144416809,True,False,-0.6762506365776062,-2.0239548683166504,-0.2638821601867676,0.768064022064209,False,tracking_terminated_at61,,,,
candidate_G_seed_2,2,50,39,0,1,156,3e7f3f842630d84d3b6704c8ec12138467a2a6e7ceb8fd7d600ac23739431c5b,1.0470904111862183,True,False,-0.28862613439559937,-0.7239930033683777,-0.056427001953125,0.9451354742050171,False,tracking_terminated_at61,,,,
candidate_G_seed_2,2,51,35,1,1,141,93e5620cc828cb927dad57a5579702ff045db7f97b1fee64bde68fb686290129,1.0219987630844116,True,False,-0.6470528841018677,-1.14982271194458,-0.13411903381347656,0.874485969543457,False,tracking_terminated_at61,,,,
candidate_G_seed_2,2,51,39,2,1,158,93e5620cc828cb927dad57a5579702ff045db7f97b1fee64bde68fb686290129,1.015185832977295,True,False,-0.5075339674949646,-0.8732753396034241,-0.168060302734375,0.8453028798103333,False,tracking_terminated_at61,,,,
candidate_G_seed_2,2,52,20,3,0,83,b927531168ea089ebe44eca1be391c15f1d5f2600cdae1023f6c84875c60ba74,1.027551293373108,True,False,-0.40799498558044434,-0.7875447273254395,-0.6351423263549805,0.5298600792884827,False,tracking_terminated_at61,,,,
candidate_G_seed_2,2,52,38,1,1,153,b927531168ea089ebe44eca1be391c15f1d5f2600cdae1023f6c84875c60ba74,1.0353777408599854,True,False,-0.5740684270858765,-1.2086379528045654,-0.17748963832855225,0.8373696804046631,False,tracking_terminated_at61,,,,
candidate_G_seed_2,2,53,20,1,0,81,0436f0beab8882b2d9b85aa1064455fdc0a571eab6b2c556ab6fe71381d253db,1.0121541023254395,True,False,-0.32101690769195557,-1.5525527000427246,-0.17962408065795898,0.835584282875061,False,tracking_terminated_at61,,,,
candidate_G_seed_2,2,53,20,2,0,82,0436f0beab8882b2d9b85aa1064455fdc0a571eab6b2c556ab6fe71381d253db,1.019797682762146,True,False,-0.5858457684516907,-2.311119556427002,-0.34053516387939453,0.7113894820213318,False,tracking_terminated_at61,,,,
candidate_G_seed_2,2,53,20,3,0,83,0436f0beab8882b2d9b85aa1064455fdc0a571eab6b2c556ab6fe71381d253db,1.0168983936309814,True,False,-0.6237854361534119,-2.419792652130127,-0.5734977722167969,0.5635508298873901,False,tracking_terminated_at61,,,,
candidate_G_seed_2,2,54,20,1,0,81,fc83f27589f4c0fbcb4b0d98df33378156a260c0cb7332fe0a622c23fc30f174,0.9877287745475769,False,False,-0.6825058460235596,-1.0798470973968506,-0.3397092819213867,0.7119773030281067,True,continued_then_tracking_terminated_at62,61,62,1.0594192743301392,True
candidate_G_seed_2,2,54,20,3,0,83,fc83f27589f4c0fbcb4b0d98df33378156a260c0cb7332fe0a622c23fc30f174,1.0232504606246948,True,False,-0.5612698197364807,-0.8191961050033569,0.0034961700439453125,1.0035022497177124,False,tracking_terminated_at61,,,,
candidate_G_seed_2,2,54,37,2,1,150,fc83f27589f4c0fbcb4b0d98df33378156a260c0cb7332fe0a622c23fc30f174,1.037611961364746,True,False,-0.6440611481666565,-0.9971930980682373,-0.23197078704833984,0.792969286441803,False,tracking_terminated_at61,,,,
candidate_G_seed_2,2,55,20,0,0,80,474dbe5de9ad66b18fd5f967d1942c5a4c036d9369d669ed41b569d123054d11,1.0340588092803955,True,False,-0.9785565137863159,-1.892800211906433,-0.25451087951660156,0.775295615196228,False,tracking_terminated_at61,,,,
candidate_G_seed_2,2,55,20,1,0,81,474dbe5de9ad66b18fd5f967d1942c5a4c036d9369d669ed41b569d123054d11,1.0145702362060547,True,False,-0.6944366097450256,-1.3266735076904297,-0.22397613525390625,0.7993342280387878,False,tracking_terminated_at61,,,,
candidate_G_seed_2,2,55,39,2,1,158,474dbe5de9ad66b18fd5f967d1942c5a4c036d9369d669ed41b569d123054d11,1.0244287252426147,True,False,-0.41251441836357117,-0.7649258971214294,-0.40628719329833984,0.666118860244751,False,tracking_terminated_at61,,,,
candidate_G_seed_2,2,56,20,0,0,80,9a34337c538d742938a7492f6f59b153fa1ac0b0eeab32d84c26bf4989fdb115,0.9791212677955627,False,False,-0.38097530603408813,-1.6571086645126343,-0.1437206268310547,0.8661296963691711,True,continued_then_tracking_terminated_at62,61,62,1.0340741872787476,True
candidate_G_seed_2,2,56,20,1,0,81,9a34337c538d742938a7492f6f59b153fa1ac0b0eeab32d84c26bf4989fdb115,1.0143893957138062,True,False,-0.6950849890708923,-2.596998929977417,0.11268186569213867,1.1192758083343506,False,tracking_terminated_at61,,,,
candidate_G_seed_2,2,56,20,2,0,82,9a34337c538d742938a7492f6f59b153fa1ac0b0eeab32d84c26bf4989fdb115,1.0112359523773193,True,False,-0.5960612893104553,-2.300696611404419,-0.0921635627746582,0.9119559526443481,False,tracking_terminated_at61,,,,
candidate_G_seed_2,2,56,20,3,0,83,9a34337c538d742938a7492f6f59b153fa1ac0b0eeab32d84c26bf4989fdb115,1.0297837257385254,True,False,-0.5309141874313354,-2.1057612895965576,-0.1927194595336914,0.8247132897377014,False,tracking_terminated_at61,,,,
candidate_G_seed_2,2,57,20,1,0,81,d49bea163f87985e2f7404ea623fd602a6fa214781c906bbfd0c15908d1c556d,1.0529037714004517,True,False,-0.10036076605319977,-0.27601704001426697,-0.015384674072265625,0.9847330451011658,False,tracking_terminated_at61,,,,
candidate_G_seed_2,2,57,20,3,0,83,d49bea163f87985e2f7404ea623fd602a6fa214781c906bbfd0c15908d1c556d,1.0245239734649658,True,False,-0.35304319858551025,-1.0030821561813354,-0.22318410873413086,0.7999675273895264,False,tracking_terminated_at61,,,,
candidate_G_seed_2,2,58,20,1,0,81,69f9bccc71dccfbf953c52611521e9c6cb57139f2df2baf8fa0372381b25f382,1.0589706897735596,True,False,-0.32284191250801086,-0.4684564769268036,-0.14999771118164062,0.8607099652290344,False,tracking_terminated_at61,,,,
candidate_G_seed_2,2,58,20,2,0,82,69f9bccc71dccfbf953c52611521e9c6cb57139f2df2baf8fa0372381b25f382,1.0213477611541748,True,False,-0.24916590750217438,-0.3184257745742798,0.0463104248046875,1.0473995208740234,False,tracking_terminated_at61,,,,
candidate_G_seed_2,2,58,20,3,0,83,69f9bccc71dccfbf953c52611521e9c6cb57139f2df2baf8fa0372381b25f382,1.0379276275634766,True,False,-0.5725479125976562,-0.9769473671913147,-0.38889002799987793,0.6778088212013245,False,tracking_terminated_at61,,,,
candidate_G_seed_2,2,59,20,0,0,80,f25d13a50504f49826b29bb056040889c9999e0153d64bd92f0293214c0858e7,0.9955452680587769,False,False,-0.6941868662834167,-0.8575628399848938,-0.24348020553588867,0.7838950157165527,True,continued_then_tracking_terminated_at62,61,62,1.044348955154419,True
candidate_G_seed_2,2,59,20,1,0,81,f25d13a50504f49826b29bb056040889c9999e0153d64bd92f0293214c0858e7,1.0077694654464722,True,False,-0.4484134018421173,-0.30901381373405457,-0.6383727788925171,0.5281511545181274,False,tracking_terminated_at61,,,,
candidate_G_seed_2,2,59,20,3,0,83,f25d13a50504f49826b29bb056040889c9999e0153d64bd92f0293214c0858e7,0.9766795039176941,False,False,-0.5943824052810669,-0.6348063349723816,0.017848968505859375,1.0180091857910156,True,continued_then_tracking_terminated_at62,61,62,1.0330865383148193,True
candidate_G_seed_2,2,60,20,2,0,82,94ea43422d86c9a5004a7df208a97ce682673cc23b6eed008c05adc508c65408,1.019835352897644,True,False,-0.4851689636707306,-0.9935608506202698,0.03537321090698242,1.0360063314437866,False,tracking_terminated_at61,,,,
candidate_G_seed_2,2,60,20,3,0,83,94ea43422d86c9a5004a7df208a97ce682673cc23b6eed008c05adc508c65408,0.9979762434959412,False,False,-0.16437673568725586,-0.3216452896595001,-0.13219082355499268,0.8761737942695618,True,continued_then_tracking_terminated_at62,61,62,1.0804697275161743,True
candidate_G_seed_2,2,60,35,1,1,141,94ea43422d86c9a5004a7df208a97ce682673cc23b6eed008c05adc508c65408,1.0002139806747437,True,False,-0.4683097302913666,-0.9582483768463135,-1.1658258438110352,0.3116651773452759,False,tracking_terminated_at61,,,,
candidate_G_seed_2,2,60,39,0,1,156,94ea43422d86c9a5004a7df208a97ce682673cc23b6eed008c05adc508c65408,1.0269579887390137,True,False,-0.5845305919647217,-1.2016788721084595,-0.34040212631225586,0.7114841341972351,False,tracking_terminated_at61,,,,
candidate_G_seed_2,2,61,20,0,0,80,6e7a9cd2fad08b7d19d78a4bd62b8116616326f627d04cd60543d4af5eabbe5b,1.0317164659500122,True,False,-0.5784868001937866,-1.847630262374878,0.15804100036621094,1.17121422290802,False,tracking_terminated_at61,,,,
candidate_G_seed_2,2,61,20,1,0,81,6e7a9cd2fad08b7d19d78a4bd62b8116616326f627d04cd60543d4af5eabbe5b,0.9916496276855469,False,False,-0.2775369882583618,-1.014110803604126,-0.08028125762939453,0.9228567481040955,True,continued_then_tracking_terminated_at62,61,62,1.0798944234848022,True
candidate_G_seed_2,2,61,20,3,0,83,6e7a9cd2fad08b7d19d78a4bd62b8116616326f627d04cd60543d4af5eabbe5b,1.018688678741455,True,False,-0.12470907717943192,-0.5908340811729431,0.08539938926696777,1.0891519784927368,False,tracking_terminated_at61,,,,
candidate_G_seed_2,2,62,20,2,0,82,f0af8194b02a7d1bfcc6c2e63489ea91738366289d38f9ea291b4ce78981111f,1.02285897731781,True,False,-0.17486071586608887,-0.17033062875270844,-0.5377349853515625,0.5840696692466736,False,tracking_terminated_at61,,,,
candidate_G_seed_2,2,62,20,3,0,83,f0af8194b02a7d1bfcc6c2e63489ea91738366289d38f9ea291b4ce78981111f,1.0516703128814697,True,False,-0.28912174701690674,-0.4101177155971527,0.037158966064453125,1.037858009338379,False,tracking_terminated_at61,,,,
candidate_G_seed_2,2,62,36,1,1,145,f0af8194b02a7d1bfcc6c2e63489ea91738366289d38f9ea291b4ce78981111f,1.0377000570297241,True,False,-0.2683451473712921,-0.3665161430835724,-0.633981466293335,0.5304754972457886,False,tracking_terminated_at61,,,,
candidate_G_seed_2,2,63,20,0,0,80,1656fd87adcfecc2f5867183f2c2b926b905d753fc594ef9b1c4d5b0e36ad953,1.0249171257019043,True,False,0.07709803432226181,-0.005445315036922693,0.3090224266052246,1.3620929718017578,False,tracking_terminated_at61,,,,
candidate_G_seed_2,2,63,20,1,0,81,1656fd87adcfecc2f5867183f2c2b926b905d753fc594ef9b1c4d5b0e36ad953,1.0346834659576416,True,False,-0.122526153922081,-0.6550828814506531,-0.5121240615844727,0.5992214679718018,False,tracking_terminated_at61,,,,
candidate_G_seed_2,2,63,20,3,0,83,1656fd87adcfecc2f5867183f2c2b926b905d753fc594ef9b1c4d5b0e36ad953,1.0254484415054321,True,False,-0.07180053740739822,-0.49000635743141174,0.21538114547729492,1.2403345108032227,False,tracking_terminated_at61,,,,
candidate_G_seed_2,2,64,20,0,0,80,bb0c36fce3f27e4a1e8c239e5d219a562228ab54a6fbe8b6672cd35f09f8a062,1.0174729824066162,True,False,-0.02561570331454277,0.033974986523389816,-0.691643238067627,0.5007525086402893,False,tracking_terminated_at61,,,,
candidate_G_seed_2,2,64,20,2,0,82,bb0c36fce3f27e4a1e8c239e5d219a562228ab54a6fbe8b6672cd35f09f8a062,1.0034782886505127,True,False,-0.045056480914354324,-0.026180818676948547,-0.25818634033203125,0.7724512815475464,False,tracking_terminated_at61,,,,
candidate_G_seed_2,2,65,20,1,0,81,53cc13cac7342c0ff8015c4ebcfe70215ee659691aa584b68d3ed3e113c749fe,1.0145344734191895,True,False,-0.6988367438316345,-1.8049906492233276,-0.0062313079833984375,0.9937880635261536,False,tracking_terminated_at61,,,,
candidate_G_seed_2,2,65,20,2,0,82,53cc13cac7342c0ff8015c4ebcfe70215ee659691aa584b68d3ed3e113c749fe,1.0111116170883179,True,False,-0.5151408910751343,-1.3613842725753784,-0.8218783736228943,0.43960514664649963,False,tracking_terminated_at61,,,,
candidate_G_seed_2,2,66,20,0,0,80,e7ff32a969369383bbf3122241dde6869083ab227cfe05f33b2211212d07efe3,1.0296052694320679,True,False,-0.3780295252799988,-1.052437663078308,0.21867990493774414,1.2444329261779785,False,tracking_terminated_at61,,,,
candidate_G_seed_2,2,66,20,2,0,82,e7ff32a969369383bbf3122241dde6869083ab227cfe05f33b2211212d07efe3,1.019041895866394,True,False,-0.027457743883132935,0.006279939319938421,-0.3973205089569092,0.6721185445785522,False,tracking_terminated_at61,,,,
candidate_G_seed_2,2,67,20,1,0,81,abf6192ecef0d7b1ccb346b888980bd77cc276f4802556099500c8f828f213d2,1.0321482419967651,True,False,-0.5262223482131958,-1.017562985420227,0.053427696228027344,1.0548807382583618,False,tracking_terminated_at61,,,,
candidate_G_seed_2,2,67,20,3,0,83,abf6192ecef0d7b1ccb346b888980bd77cc276f4802556099500c8f828f213d2,1.044030785560608,True,False,-0.5512944459915161,-1.06548011302948,-0.14427614212036133,0.8656486868858337,False,tracking_terminated_at61,,,,
candidate_G_seed_2,2,67,31,2,1,126,abf6192ecef0d7b1ccb346b888980bd77cc276f4802556099500c8f828f213d2,1.0411497354507446,True,False,-0.4993395209312439,-0.9661853313446045,-0.08293819427490234,0.9204080104827881,False,tracking_terminated_at61,,,,
candidate_G_seed_2,2,68,20,1,0,81,5085e98325be0973a2c9b3afdd42720dd6925e85c9792b60d4f0cbbcf68f5db3,1.0284258127212524,True,False,-0.478461891412735,-0.9756573438644409,-0.4366884231567383,0.6461727023124695,False,tracking_terminated_at61,,,,
candidate_G_seed_2,2,68,20,2,0,82,5085e98325be0973a2c9b3afdd42720dd6925e85c9792b60d4f0cbbcf68f5db3,1.0351817607879639,True,False,-0.6457592248916626,-1.3023489713668823,-1.247623085975647,0.2871865928173065,False,tracking_terminated_at61,,,,
candidate_G_seed_2,2,68,20,3,0,83,5085e98325be0973a2c9b3afdd42720dd6925e85c9792b60d4f0cbbcf68f5db3,1.0095548629760742,True,False,-0.38538408279418945,-0.7938987016677856,-0.35153675079345703,0.7036060094833374,False,tracking_terminated_at61,,,,
candidate_G_seed_2,2,68,39,0,1,156,5085e98325be0973a2c9b3afdd42720dd6925e85c9792b60d4f0cbbcf68f5db3,1.0580946207046509,True,False,-0.04860655218362808,-0.1362530142068863,-0.4718465805053711,0.6238492131233215,False,tracking_terminated_at61,,,,
candidate_G_seed_2,2,69,20,0,0,80,51892b7ecea800911e7ee96340f866c994bd04d05d61e6a9e654a526d787b5e9,1.0297380685806274,True,False,-0.24843908846378326,-0.7660921216011047,-0.7953803539276123,0.4514095187187195,False,tracking_terminated_at61,,,,
candidate_G_seed_2,2,69,20,1,0,81,51892b7ecea800911e7ee96340f866c994bd04d05d61e6a9e654a526d787b5e9,1.0404314994812012,True,False,-0.2740464210510254,-0.840595006942749,-0.08849048614501953,0.9153118133544922,False,tracking_terminated_at61,,,,
candidate_G_seed_2,2,69,20,2,0,82,51892b7ecea800911e7ee96340f866c994bd04d05d61e6a9e654a526d787b5e9,1.0022177696228027,True,False,-0.44901254773139954,-1.3496471643447876,-0.11981785297393799,0.8870819807052612,False,tracking_terminated_at61,,,,
candidate_G_seed_2,2,69,20,3,0,83,51892b7ecea800911e7ee96340f866c994bd04d05d61e6a9e654a526d787b5e9,1.0100640058517456,True,False,-0.43788036704063416,-1.3172588348388672,-0.08368682861328125,0.9197192192077637,False,tracking_terminated_at61,,,,
candidate_G_seed_2,2,70,20,2,0,82,4acea94775ffa506d7763ff775cc3ab1699e71c6b4fa3b586a43f9a955664c62,1.0395514965057373,True,False,-0.12095589935779572,-0.2176564484834671,0.30071544647216797,1.3508249521255493,False,tracking_terminated_at61,,,,
candidate_G_seed_2,2,70,39,1,1,157,4acea94775ffa506d7763ff775cc3ab1699e71c6b4fa3b586a43f9a955664c62,1.0562273263931274,True,False,-0.21627429127693176,-0.45913147926330566,-0.5237817764282227,0.5922764539718628,False,tracking_terminated_at61,,,,
candidate_G_seed_2,2,71,20,2,0,82,936fb739575f801fe7655f3e7ff51738e985793e76df165f2986a65d54b1dcad,1.0414509773254395,True,False,-0.2029195874929428,-0.28757721185684204,-0.24643707275390625,0.7815805673599243,False,tracking_terminated_at61,,,,
candidate_G_seed_2,2,71,20,3,0,83,936fb739575f801fe7655f3e7ff51738e985793e76df165f2986a65d54b1dcad,1.0365400314331055,True,False,-0.4859137237071991,-0.8439311385154724,-0.9163179397583008,0.39998912811279297,False,tracking_terminated_at61,,,,
candidate_G_seed_2,2,72,20,3,0,83,822dd9c8749f7d0f8598070b98efdeced82d895300bb69e234984243e4191ed6,1.0424692630767822,True,False,-0.4502620995044708,-1.2585363388061523,-0.39339542388916016,0.6747618913650513,False,tracking_terminated_at61,,,,
candidate_G_seed_2,2,72,39,1,1,157,822dd9c8749f7d0f8598070b98efdeced82d895300bb69e234984243e4191ed6,1.0371702909469604,True,False,-0.5675135254859924,-1.5749863386154175,0.07937240600585938,1.082607388496399,False,tracking_terminated_at61,,,,
candidate_G_seed_2,2,73,20,1,0,81,132d61835640d6dcc4c0293f27bf3d1696b0ec369c180f5a6d26998f93c22745,1.0359196662902832,True,False,-0.43743428587913513,-0.9515313506126404,-0.23607826232910156,0.7897188663482666,False,tracking_terminated_at61,,,,
candidate_G_seed_2,2,74,39,0,1,156,74711d63bc6a3456359305b1c2a187fe58fe7d9c094bd11584e7ddca14282424,1.0478341579437256,True,False,-0.13625311851501465,0.04679125174880028,0.09767746925354004,1.1026071310043335,False,tracking_terminated_at61,,,,
candidate_G_seed_2,2,76,20,0,0,80,082c404d4acd0ee7fd3128a69779733103e870ada7b8d1c69d9a1e0deaa8beb4,1.0479381084442139,True,False,-1.0555775165557861,-2.9423434734344482,-1.1429883241653442,0.31886473298072815,False,tracking_terminated_at61,,,,
candidate_G_seed_2,2,76,20,1,0,81,082c404d4acd0ee7fd3128a69779733103e870ada7b8d1c69d9a1e0deaa8beb4,1.0406442880630493,True,False,-0.7211922407150269,-2.086740493774414,-0.7764468193054199,0.4600377082824707,False,tracking_terminated_at61,,,,
candidate_G_seed_2,2,76,20,2,0,82,082c404d4acd0ee7fd3128a69779733103e870ada7b8d1c69d9a1e0deaa8beb4,1.04242742061615,True,False,-0.4446576237678528,-1.3791615962982178,-0.5975246429443359,0.5501718521118164,False,tracking_terminated_at61,,,,
candidate_G_seed_2,2,78,20,2,0,82,bc2f418e63f6a6c2e6c42cd3e0bd3776e4051afb4f1381097b65e0ed6fb528b1,1.0505964756011963,True,False,-0.6430040597915649,-2.3279054164886475,-0.5716123580932617,0.5646143555641174,False,tracking_terminated_at61,,,,
candidate_G_seed_2,2,79,20,2,0,82,fef875a67e749d7f7ef026063c21ee45b8851d0c27d4cb7461bff7655d1873bb,1.0618319511413574,True,False,-0.32890281081199646,-0.32502007484436035,0.06420421600341797,1.066310167312622,False,tracking_terminated_at61,,,,
candidate_G_seed_2,2,80,20,1,0,81,49087c320c9727a5070f2f43fa5be558606bcea7349fe29d9d84c3419714c28f,1.0504716634750366,True,False,-0.5098738074302673,-1.6675746440887451,-0.48876142501831055,0.6133856773376465,False,tracking_terminated_at61,,,,
candidate_G_seed_2,2,85,20,1,0,81,1c8f7df201dd1337d02dff7ed5c5da7e4bcabeac6910caf4586ffa832fb85d82,0.9996296167373657,False,False,-0.8634428977966309,-1.825477957725525,-0.5404047966003418,0.582512378692627,True,continued_then_tracking_terminated_at62,61,62,1.0743674039840698,True
candidate_G_seed_2,2,87,20,0,0,80,cc7195d8f673fa50d64e56bb467cab35389de7b60d08ab00622add518c693976,1.041437029838562,True,False,-0.47283804416656494,-0.6625027656555176,0.0052623748779296875,1.0052762031555176,False,tracking_terminated_at61,,,,
candidate_G_seed_2,2,87,20,1,0,81,cc7195d8f673fa50d64e56bb467cab35389de7b60d08ab00622add518c693976,1.0504175424575806,True,False,-0.3278358280658722,-0.3896081745624542,-0.4232754707336426,0.6548982262611389,False,tracking_terminated_at61,,,,
candidate_G_seed_2,2,87,20,3,0,83,cc7195d8f673fa50d64e56bb467cab35389de7b60d08ab00622add518c693976,1.0570694208145142,True,False,-0.5236607789993286,-0.7581512928009033,-0.15774774551391602,0.8540651798248291,False,tracking_terminated_at61,,,,
candidate_G_seed_2,2,89,20,2,0,82,c8cba60a4b80769bb651b62aff595fafa6a32ce5d714daa87b95ccf2da6f1143,1.0421656370162964,True,False,-0.7612555623054504,-1.130491018295288,-0.34821414947509766,0.7059476971626282,False,tracking_terminated_at61,,,,
candidate_G_seed_2,2,89,37,3,1,151,c8cba60a4b80769bb651b62aff595fafa6a32ce5d714daa87b95ccf2da6f1143,1.0427948236465454,True,False,-0.5225780606269836,-0.6850940585136414,0.0453031063079834,1.0463449954986572,False,tracking_terminated_at61,,,,
candidate_G_seed_2,2,90,20,0,0,80,ca2d1198e9e9ef17a1e2500f7c55bba57eeff29ff0df986cc8a6aae948bb411a,1.025143027305603,True,False,-1.0109965801239014,-2.783010482788086,-0.22471237182617188,0.7987459301948547,False,tracking_terminated_at61,,,,
candidate_G_seed_2,2,90,20,1,0,81,ca2d1198e9e9ef17a1e2500f7c55bba57eeff29ff0df986cc8a6aae948bb411a,1.053532600402832,True,False,-0.6263152956962585,-1.8496896028518677,-0.6129570007324219,0.5417465567588806,False,tracking_terminated_at61,,,,
candidate_G_seed_2,2,91,20,0,0,80,69da7e7045862f7c069921209f75b560ab669fe45ea7e8f5fca25e5d5b3211e1,1.0332880020141602,True,False,-0.4722599983215332,-1.153862714767456,0.21317195892333984,1.2375974655151367,False,tracking_terminated_at61,,,,
candidate_G_seed_2,2,91,20,1,0,81,69da7e7045862f7c069921209f75b560ab669fe45ea7e8f5fca25e5d5b3211e1,1.050794005393982,True,False,-0.34759631752967834,-0.8525787591934204,-0.5167651176452637,0.5964468717575073,False,tracking_terminated_at61,,,,
candidate_G_seed_2,2,92,35,0,1,140,cb9bd96472d1bba0668ef1cbdaddf6ea8ce7083bc6d2d11c43012d6d0929bda9,1.0633500814437866,True,False,0.046869657933712006,0.004758148919790983,0.14599227905273438,1.1571872234344482,False,tracking_terminated_at61,,,,
candidate_G_seed_2,2,93,20,0,0,80,0012e9f17c17ba93a38a403fd2832e794222266e9da91a98311f2f316fee7f8e,1.0401498079299927,True,False,-0.5487333536148071,-1.3412909507751465,-1.0821499824523926,0.3388661742210388,False,tracking_terminated_at61,,,,
candidate_G_seed_2,2,93,20,1,0,81,0012e9f17c17ba93a38a403fd2832e794222266e9da91a98311f2f316fee7f8e,1.0405354499816895,True,False,-0.16430994868278503,-0.38114237785339355,-0.5908517837524414,0.553855299949646,False,tracking_terminated_at61,,,,
candidate_G_seed_2,2,93,20,2,0,82,0012e9f17c17ba93a38a403fd2832e794222266e9da91a98311f2f316fee7f8e,1.066163182258606,True,False,-0.37226757407188416,-0.900544285774231,0.09436225891113281,1.0989577770233154,False,tracking_terminated_at61,,,,
candidate_G_seed_2,2,94,20,3,0,83,820a5b5b124ce89da282bb6e4be2a521f72cc74a7eeff89f29d5636144accdd0,1.0229967832565308,True,False,-0.20571324229240417,-1.501479148864746,0.22380733489990234,1.250830054283142,False,tracking_terminated_at61,,,,
candidate_G_seed_2,2,95,20,1,0,81,3ac96cd2e1692008d60b86626de025a08486c1d18babbfa9703851889f4856f9,1.0314236879348755,True,False,-0.18591316044330597,-0.8465917706489563,-0.22395038604736328,0.7993547916412354,False,tracking_terminated_at61,,,,
candidate_G_seed_2,2,95,20,3,0,83,3ac96cd2e1692008d60b86626de025a08486c1d18babbfa9703851889f4856f9,1.0470839738845825,True,False,-0.3912145793437958,-1.4155553579330444,-0.05095624923706055,0.9503202438354492,False,tracking_terminated_at61,,,,
candidate_G_seed_2,2,96,20,1,0,81,0950945a8a106951003f7d4663c69fb6beba05d3013a1d4f0355d94851a86f3c,1.0520977973937988,True,False,-0.11846823990345001,-0.16638730466365814,-0.05912971496582031,0.9425845146179199,False,tracking_terminated_at61,,,,
candidate_G_seed_2,2,96,20,2,0,82,0950945a8a106951003f7d4663c69fb6beba05d3013a1d4f0355d94851a86f3c,1.0470693111419678,True,False,-0.6570647358894348,-1.814328670501709,0.1891927719116211,1.2082738876342773,False,tracking_terminated_at61,,,,
candidate_G_seed_2,2,96,20,3,0,83,0950945a8a106951003f7d4663c69fb6beba05d3013a1d4f0355d94851a86f3c,1.0139845609664917,True,False,-0.41293761134147644,-1.0673738718032837,-0.49524784088134766,0.6094198226928711,False,tracking_terminated_at61,,,,
candidate_G_seed_2,2,96,39,0,1,156,0950945a8a106951003f7d4663c69fb6beba05d3013a1d4f0355d94851a86f3c,1.0139950513839722,True,False,-0.5116636157035828,-1.3694454431533813,-0.4499039649963379,0.6376894116401672,False,tracking_terminated_at61,,,,
candidate_G_seed_2,2,97,20,0,0,80,78b824256e0ac04c815c8fc843599119d9030fe2a91fa63d0b5a6bc41ca824bf,0.9944674968719482,False,False,-0.39161446690559387,-1.3412325382232666,0.009493827819824219,1.009539008140564,True,continued_then_tracking_terminated_at62,61,62,1.0451915264129639,True
candidate_G_seed_2,2,97,38,1,1,153,78b824256e0ac04c815c8fc843599119d9030fe2a91fa63d0b5a6bc41ca824bf,1.0572186708450317,True,False,-0.5743688941001892,-1.9672353267669678,-0.2743110656738281,0.7600955963134766,False,tracking_terminated_at61,,,,
candidate_G_seed_2,2,98,20,1,0,81,05bfb35156b81c125927bf76e717dc02391cb5d9eb868286f3b1c6c141b7e421,1.0290499925613403,True,False,-0.43319034576416016,-0.8495741486549377,0.0057201385498046875,1.0057364702224731,False,tracking_terminated_at61,,,,
candidate_G_seed_2,2,99,20,2,0,82,48fe12f34803544ce9877379a47173cefda9e11cbf93194ae0f59c5a0ea590ae,1.0353940725326538,True,False,-0.3982387185096741,-0.8020621538162231,-0.08884584903717041,0.9149866104125977,False,tracking_terminated_at61,,,,
candidate_G_seed_2,2,99,38,1,1,153,48fe12f34803544ce9877379a47173cefda9e11cbf93194ae0f59c5a0ea590ae,0.9941915273666382,False,False,-0.3170267939567566,-0.6041133403778076,-0.06274032592773438,0.9391873478889465,True,continued_then_tracking_terminated_at62,61,62,1.0638787746429443,True
candidate_G_seed_2,2,99,39,0,1,156,48fe12f34803544ce9877379a47173cefda9e11cbf93194ae0f59c5a0ea590ae,1.0457696914672852,True,False,-0.5321910381317139,-1.1285622119903564,-0.29103565216064453,0.7474890351295471,False,tracking_terminated_at61,,,,
candidate_G_seed_2,2,100,20,0,0,80,32e25a773fca6207dcb01ea5f897a24cf85d6e21e8efee93016578c3d3899d19,1.0122771263122559,True,False,-0.7397902011871338,-2.4851343631744385,-0.19662141799926758,0.8215015530586243,False,tracking_terminated_at61,,,,
candidate_G_seed_2,2,100,20,1,0,81,32e25a773fca6207dcb01ea5f897a24cf85d6e21e8efee93016578c3d3899d19,1.0397661924362183,True,False,-0.6226598620414734,-2.1583361625671387,-0.21361030638217926,0.807663083076477,False,tracking_terminated_at61,,,,
candidate_G_seed_2,2,101,20,0,0,80,ca2905ada5d81fd6d0eb10562dc4847a5d2eae547bf975d65bb51937a6323118,1.0484092235565186,True,False,-0.2793145775794983,-1.0458614826202393,-0.413277268409729,0.6614788770675659,False,tracking_terminated_at61,,,,
candidate_G_seed_2,2,101,20,2,0,82,ca2905ada5d81fd6d0eb10562dc4847a5d2eae547bf975d65bb51937a6323118,1.0327529907226562,True,False,-0.6618569493293762,-2.0455572605133057,-0.33141040802001953,0.7179104685783386,False,tracking_terminated_at61,,,,
candidate_G_seed_2,2,102,20,1,0,81,da810d52bde412f65ae4c547d94866ca8f9b065682e325f63db641eb44bff7de,1.040565013885498,True,False,-0.21554870903491974,-1.0999881029129028,0.10109901428222656,1.1063861846923828,False,tracking_terminated_at61,,,,
candidate_G_seed_2,2,102,20,2,0,82,da810d52bde412f65ae4c547d94866ca8f9b065682e325f63db641eb44bff7de,1.0287526845932007,True,False,-0.3166372776031494,-1.4751266241073608,-0.34010887145996094,0.7116928100585938,False,tracking_terminated_at61,,,,
candidate_G_seed_2,2,102,39,3,1,159,da810d52bde412f65ae4c547d94866ca8f9b065682e325f63db641eb44bff7de,1.0262857675552368,True,False,-0.645416259765625,-2.6952219009399414,-0.44532299041748047,0.640617311000824,False,tracking_terminated_at61,,,,
candidate_G_seed_2,2,103,20,1,0,81,b3ba9acc7fa9470a7e480b949cbc49f0851368e2bd075aafba9849d13f41c8c3,1.023584246635437,True,False,-0.10758145153522491,-0.08634556084871292,0.3463621139526367,1.4139145612716675,False,tracking_terminated_at61,,,,
candidate_G_seed_2,2,103,20,2,0,82,b3ba9acc7fa9470a7e480b949cbc49f0851368e2bd075aafba9849d13f41c8c3,0.9957372546195984,False,False,-0.4700990915298462,-0.9022523760795593,0.16773605346679688,1.1826244592666626,True,continued_then_tracking_terminated_at62,61,62,1.067491888999939,True
candidate_G_seed_2,2,103,20,3,0,83,b3ba9acc7fa9470a7e480b949cbc49f0851368e2bd075aafba9849d13f41c8c3,1.0318410396575928,True,False,-0.2782442569732666,-0.47045084834098816,0.654871940612793,1.924896001815796,False,tracking_terminated_at61,,,,
candidate_G_seed_2,2,104,20,0,0,80,19362005f0a3ad0698291ab3d9c876d7c81008eb835d5f7f26ead627d2372af2,1.0372939109802246,True,False,-0.3219674229621887,-0.8843599557876587,-0.2780160903930664,0.7572846412658691,False,tracking_terminated_at61,,,,
candidate_G_seed_2,2,104,20,1,0,81,19362005f0a3ad0698291ab3d9c876d7c81008eb835d5f7f26ead627d2372af2,1.046815276145935,True,False,-0.1621512621641159,-0.463930606842041,-0.09229612350463867,0.9118350744247437,False,tracking_terminated_at61,,,,
candidate_G_seed_2,2,105,20,1,0,81,e6cb2f71ed3ed060bc1c8c83b1cda06f9e10eefa564a7b6b1b2b093118d870bb,1.0323162078857422,True,False,-0.38138529658317566,-1.406424880027771,0.20293951034545898,1.2249983549118042,False,tracking_terminated_at61,,,,
candidate_G_seed_2,2,105,20,2,0,82,e6cb2f71ed3ed060bc1c8c83b1cda06f9e10eefa564a7b6b1b2b093118d870bb,1.0406500101089478,True,False,-0.5326393246650696,-1.8484035730361938,-0.3652520179748535,0.6940217018127441,False,tracking_terminated_at61,,,,
candidate_G_seed_2,2,106,20,0,0,80,362e0dbafb14190f08cd724e771b679155a1c3f6e153e68415c98dd2ef290e96,1.0479315519332886,True,False,-0.3787744343280792,-0.6984573602676392,-0.505195140838623,0.6033878326416016,False,tracking_terminated_at61,,,,
candidate_G_seed_2,2,106,20,2,0,82,362e0dbafb14190f08cd724e771b679155a1c3f6e153e68415c98dd2ef290e96,1.042883276939392,True,False,-0.24355483055114746,-0.37268754839897156,0.011332511901855469,1.0113970041275024,False,tracking_terminated_at61,,,,
candidate_G_seed_2,2,106,38,3,1,155,362e0dbafb14190f08cd724e771b679155a1c3f6e153e68415c98dd2ef290e96,1.0308624505996704,True,False,-0.40066590905189514,-0.7511981129646301,-0.14627361297607422,0.8639212846755981,False,tracking_terminated_at61,,,,
candidate_G_seed_2,2,107,20,0,0,80,adb581c1eaec5f8287e25d6683c25f07da0c7974258cc8bc5ae59e348957822d,1.0268014669418335,True,False,-0.35673439502716064,-1.384011149406433,-0.42436695098876953,0.6541838049888611,False,tracking_terminated_at61,,,,
candidate_G_seed_2,2,107,20,1,0,81,adb581c1eaec5f8287e25d6683c25f07da0c7974258cc8bc5ae59e348957822d,1.0403718948364258,True,False,-0.35879233479499817,-1.3893532752990723,-0.5371675491333008,0.5844011902809143,False,tracking_terminated_at61,,,,
candidate_G_seed_2,2,107,39,2,1,158,adb581c1eaec5f8287e25d6683c25f07da0c7974258cc8bc5ae59e348957822d,1.0582194328308105,True,False,-0.3773038983345032,-1.4374078512191772,-0.43003082275390625,0.6504890322685242,False,tracking_terminated_at61,,,,
candidate_G_seed_2,2,109,20,2,0,82,57e8c7c888350b01277ea899d55e27bbfa245babaf5dcc27ea8163037a4cd8a1,1.0398846864700317,True,False,-0.7775193452835083,-2.1684365272521973,-0.3208284378051758,0.725547730922699,False,tracking_terminated_at61,,,,
candidate_G_seed_2,2,110,20,0,0,80,6e3f6333614e6ee786fd60d2acdff4bc74c5b1ec2d3832b252cd39e272cf75bf,1.0534374713897705,True,False,-1.2394883632659912,-2.3551700115203857,-0.5186078548431396,0.5953487753868103,False,tracking_terminated_at61,,,,
candidate_G_seed_2,2,110,20,1,0,81,6e3f6333614e6ee786fd60d2acdff4bc74c5b1ec2d3832b252cd39e272cf75bf,1.0540310144424438,True,False,-0.47700852155685425,-0.8376081585884094,-0.03864002227783203,0.9620969891548157,False,tracking_terminated_at61,,,,
candidate_G_seed_2,2,110,20,2,0,82,6e3f6333614e6ee786fd60d2acdff4bc74c5b1ec2d3832b252cd39e272cf75bf,1.0860099792480469,True,False,-0.5452128648757935,-0.9733551144599915,0.1197662353515625,1.1272332668304443,False,tracking_terminated_at61,,,,
candidate_G_seed_2,2,110,33,3,1,135,6e3f6333614e6ee786fd60d2acdff4bc74c5b1ec2d3832b252cd39e272cf75bf,1.040527582168579,True,False,-0.4803103804588318,-0.8441798686981201,-0.45253896713256836,0.6360113024711609,False,tracking_terminated_at61,,,,
candidate_G_seed_2,2,111,20,3,0,83,b781abafcde98417f3ba5e40f114a77a06fcd40d0d0e2637e7363b6f6975a84a,1.0436192750930786,True,False,-0.49413222074508667,-0.9581758379936218,-0.12612438201904297,0.8815051913261414,False,tracking_terminated_at61,,,,
candidate_G_seed_2,2,112,20,2,0,82,cab99d9a2cf6f53d72cd3484ea6e9c76b86bdc1255c33edaf4e4c6ce99748fbb,1.0503580570220947,True,False,-0.48176509141921997,-1.3492900133132935,0.2771139144897461,1.3193166255950928,False,tracking_terminated_at61,,,,
candidate_G_seed_2,2,115,20,1,0,81,cc41755a15794d65de1072e57c2c9e529555d1e0fdea173986f4a4c89f414c15,1.0229008197784424,True,False,-0.6371173858642578,-2.263061761856079,-0.4041938781738281,0.6675146818161011,False,tracking_terminated_at61,,,,
candidate_G_seed_2,2,115,37,3,1,151,cc41755a15794d65de1072e57c2c9e529555d1e0fdea173986f4a4c89f414c15,1.0501868724822998,True,False,-0.6352307200431824,-2.2571802139282227,-0.700087308883667,0.49654194712638855,False,tracking_terminated_at61,,,,
candidate_G_seed_2,2,121,20,3,0,83,dc9fbcaac4eb1f4e3e9878dfdb4e4907931cee471d4a54413fe57b23baa8420a,1.0603097677230835,True,False,-0.1949692815542221,-0.46309739351272583,0.6128225326538086,1.8456333875656128,False,tracking_terminated_at61,,,,
candidate_G_seed_2,2,124,20,2,0,82,92efa0a96d0aad012ea616197f473bd29d9f50308b35fbe6d83e190f9ed94735,1.0201867818832397,True,False,-0.09871046990156174,-0.5531835556030273,-0.021559715270996094,0.9786710143089294,False,tracking_terminated_at61,,,,
candidate_G_seed_2,2,125,20,1,0,81,1fbb3828104c690d82c55c99f210a60afa59c26730e8279d3b9598aeb149d09c,1.058699607849121,True,False,-0.608527421951294,-2.297109365463257,-0.18227481842041016,0.8333722949028015,False,tracking_terminated_at61,,,,
candidate_G_seed_2,2,129,20,1,0,81,6fefd1efb48c90ece13ce3e0dba63c95842aadfdac0590fcd55c4b5cf48cc9a0,1.029466986656189,True,False,-0.17986322939395905,-1.0089263916015625,0.20968055725097656,1.2332839965820312,False,tracking_terminated_at61,,,,
candidate_G_seed_2,2,135,20,1,0,81,f35544065e069cb99d654e0cb403a4e4074b4c12a79adba58f8f199142ab73b0,1.0357260704040527,True,False,-0.6363827586174011,-1.3803495168685913,-0.2967386245727539,0.7432382702827454,False,tracking_terminated_at61,,,,
candidate_G_seed_2,2,136,20,3,0,83,249ff8c01b3bfccd81ea382c109a761711267fcae0e54d6ad38f1a4fe654b9ae,1.0198100805282593,True,False,-0.4724753201007843,-2.0694069862365723,-0.2429800033569336,0.7842872142791748,False,tracking_terminated_at61,,,,
candidate_G_seed_2,2,137,20,0,0,80,8f499f6d21fa695c191b8286f0d04796e07944aa7e4e0a6825a6ed147f30c85a,1.0191113948822021,True,False,-0.2606840133666992,-1.155694603919983,0.06295204162597656,1.0649757385253906,False,tracking_terminated_at61,,,,
candidate_G_seed_2,2,137,20,2,0,82,8f499f6d21fa695c191b8286f0d04796e07944aa7e4e0a6825a6ed147f30c85a,1.0259463787078857,True,False,-0.18428097665309906,-0.9140344858169556,-0.8303730487823486,0.4358866512775421,False,tracking_terminated_at61,,,,
candidate_G_seed_2,2,138,36,3,1,147,59c5616eb4b08f3a9927b2549f49422982dd9093e2e83733fcf5088be2830a6f,1.0336073637008667,True,False,-0.08569402247667313,-0.22679772973060608,-0.732048511505127,0.4809228181838989,False,tracking_terminated_at61,,,,
candidate_G_seed_2,2,141,38,2,1,154,d82dd3d4879c2bc3872f39af144af29ccd81dbb703cbeb40be9d9c45996dae2c,1.0156116485595703,True,False,-0.6628623604774475,-2.7607040405273438,-0.40149927139282227,0.6693158149719238,False,tracking_terminated_at61,,,,
candidate_G_seed_2,2,142,20,2,0,82,becfd1a8deaf5302aa8e0193bed735e14291de2545bd6e4ecb1f6940c4480aa6,1.0449206829071045,True,False,-0.3003266453742981,-1.1319806575775146,-0.983335018157959,0.3740615248680115,False,tracking_terminated_at61,,,,
candidate_G_seed_2,2,143,20,2,0,82,4a44d9818a5198191e9c811651ef833837212e29a4a3589cf21c78750dfcda2b,1.0156686305999756,True,False,-0.6461641192436218,-1.4418290853500366,-0.22304773330688477,0.8000766634941101,False,tracking_terminated_at61,,,,
candidate_G_seed_2,2,144,39,3,1,159,188f091c65f6541b68168dd7d773123bdd3c87588551887931f33f4eeed9268a,1.0129634141921997,True,False,-0.4974755644798279,-1.0524420738220215,0.006411552429199219,1.0064321756362915,False,tracking_terminated_at61,,,,
candidate_G_seed_2,2,145,20,0,0,80,a89726e92dfd9565f46aca3cb378dc4358d93db7ed96e4658252f6bb5c5619cb,1.0052212476730347,True,False,-0.5366365909576416,-0.8567812442779541,-0.1810755729675293,0.8343722820281982,False,tracking_terminated_at61,,,,
candidate_G_seed_2,2,145,39,3,1,159,a89726e92dfd9565f46aca3cb378dc4358d93db7ed96e4658252f6bb5c5619cb,1.038619041442871,True,False,-0.35916468501091003,-0.42066890001296997,0.0035333633422851562,1.0035395622253418,False,tracking_terminated_at61,,,,
candidate_G_seed_2,2,147,20,0,0,80,1fd4c777d7e8945d53327c10f01e51d6edc6378cbb0e1db62fac47ac1338e339,1.0036002397537231,True,False,-0.6035469174385071,-1.656779408454895,-0.2783946990966797,0.7569980025291443,False,tracking_terminated_at61,,,,
candidate_G_seed_2,2,147,20,2,0,82,1fd4c777d7e8945d53327c10f01e51d6edc6378cbb0e1db62fac47ac1338e339,1.0156967639923096,True,False,-0.45829588174819946,-1.3527477979660034,-0.35004711151123047,0.70465487241745,False,tracking_terminated_at61,,,,
candidate_G_seed_2,2,148,39,2,1,158,1309709adc374168791b0122b33300f339ff599f58e13a2378f59c7a9f9968f8,1.0082892179489136,True,False,-0.6242907643318176,-2.4933433532714844,-0.9863722324371338,0.37292712926864624,False,tracking_terminated_at61,,,,
candidate_G_seed_2,2,149,20,2,0,82,0f5779ae2658dc396d3f2075fbeec8849b483a105e971e1ab451bfa96a04c4af,0.9995126724243164,False,False,-0.22462090849876404,-0.37815937399864197,0.18520116806030273,1.203460454940796,True,continued_then_tracking_terminated_at62,61,62,1.043943166732788,True
candidate_G_seed_2,2,150,20,3,0,83,908254bed114ed6a07af407025cc5320aec676c8522968b0d91a448ca281fdaf,1.0296374559402466,True,False,-0.2691859006881714,-0.5288389921188354,-0.20511484146118164,0.8145537376403809,False,tracking_terminated_at61,,,,
candidate_G_seed_2,2,150,38,2,1,154,908254bed114ed6a07af407025cc5320aec676c8522968b0d91a448ca281fdaf,1.0060609579086304,True,False,-0.1836320161819458,-0.32940006256103516,-0.29924964904785156,0.7413743138313293,False,tracking_terminated_at61,,,,
candidate_G_seed_2,2,152,20,1,0,81,bd28de36c052a39cd5e737d223949e95090ab64a16385febb2f0df129ccd8e63,1.0302623510360718,True,False,-0.5355989336967468,-2.1997668743133545,-0.36535489559173584,0.693950355052948,False,tracking_terminated_at61,,,,
candidate_G_seed_2,2,153,20,0,0,80,a31b6e8970c03a5dc16195b5745c9ca694d6a4055fccbd09936fb705b21f4972,0.9958106279373169,False,False,-0.6279292106628418,-1.7282389402389526,-0.17130565643310547,0.8425639867782593,True,continued_then_tracking_terminated_at62,61,62,1.0321013927459717,True
candidate_G_seed_2,2,154,20,2,0,82,0b879e426d915b3b5baa9206dcc5cc0cef8045e8f8adaa9d3392b8f23c6621c8,1.0058152675628662,True,False,-0.4901140332221985,-1.3812077045440674,-0.6945037841796875,0.49932214617729187,False,tracking_terminated_at61,,,,
candidate_G_seed_2,2,154,20,3,0,83,0b879e426d915b3b5baa9206dcc5cc0cef8045e8f8adaa9d3392b8f23c6621c8,1.020375370979309,True,False,-0.28096383810043335,-0.8649336695671082,-0.2151479721069336,0.8064221143722534,False,tracking_terminated_at61,,,,
candidate_G_seed_2,2,154,39,0,1,156,0b879e426d915b3b5baa9206dcc5cc0cef8045e8f8adaa9d3392b8f23c6621c8,1.0217472314834595,True,False,-0.7548137903213501,-2.034602165222168,-0.21377086639404297,0.8075333833694458,False,tracking_terminated_at61,,,,
candidate_G_seed_2,2,155,20,1,0,81,f617d77393d82e2856381c70f718e4abb5b23a068b01fe4a6243403b15ef7021,1.0170247554779053,True,False,-0.4519648849964142,-1.1453807353973389,0.021402359008789062,1.0216330289840698,False,tracking_terminated_at61,,,,
candidate_G_seed_2,2,155,20,3,0,83,f617d77393d82e2856381c70f718e4abb5b23a068b01fe4a6243403b15ef7021,1.0095093250274658,True,False,-0.31156688928604126,-0.8241816163063049,0.013090133666992188,1.0131762027740479,False,tracking_terminated_at61,,,,
candidate_G_seed_2,2,155,35,2,1,142,f617d77393d82e2856381c70f718e4abb5b23a068b01fe4a6243403b15ef7021,1.0842143297195435,True,False,-0.6119070649147034,-1.5112924575805664,-0.5236358642578125,0.5923628807067871,False,tracking_terminated_at61,,,,
candidate_G_seed_2,2,155,36,0,1,144,f617d77393d82e2856381c70f718e4abb5b23a068b01fe4a6243403b15ef7021,1.0375730991363525,True,False,-0.5192379355430603,-1.2992863655090332,-0.3112335205078125,0.7325428128242493,False,tracking_terminated_at61,,,,
candidate_G_seed_2,2,156,20,0,0,80,3d9fdadfb1b6509e98af1f22cc0b5a34406c0ad8fd8108a41b76515cb7ff8314,1.0163861513137817,True,False,-0.5599934458732605,-1.4265633821487427,-0.26434326171875,0.7677099704742432,False,tracking_terminated_at61,,,,
candidate_G_seed_2,2,156,20,2,0,82,3d9fdadfb1b6509e98af1f22cc0b5a34406c0ad8fd8108a41b76515cb7ff8314,1.0205403566360474,True,False,-0.4189901649951935,-1.1013251543045044,-0.39075374603271484,0.6765467524528503,False,tracking_terminated_at61,,,,
candidate_G_seed_2,2,156,20,3,0,83,3d9fdadfb1b6509e98af1f22cc0b5a34406c0ad8fd8108a41b76515cb7ff8314,1.0030945539474487,True,False,-0.29942944645881653,-0.8255463242530823,-0.22461605072021484,0.7988228797912598,False,tracking_terminated_at61,,,,
candidate_G_seed_2,2,156,39,1,1,157,3d9fdadfb1b6509e98af1f22cc0b5a34406c0ad8fd8108a41b76515cb7ff8314,1.0483636856079102,True,False,-0.2163732945919037,-0.6339690089225769,-0.6721515655517578,0.5106087923049927,False,tracking_terminated_at61,,,,
candidate_G_seed_2,2,157,20,2,0,82,e3b52440cdac84c9da3217e54d908b43315db9eeef43d9add81aa9325d6ae2c1,1.0097103118896484,True,False,-0.09846121072769165,-0.575262188911438,0.1563739776611328,1.1692633628845215,False,tracking_terminated_at61,,,,
candidate_G_seed_2,2,158,20,0,0,80,81bb892f6f3da88ceb26e18ff8b9158455d1d1bb9cecc1f1fc3e7a0145abeeb8,1.0102440118789673,True,False,-0.4047650694847107,-0.5495784282684326,0.015164375305175781,1.0152798891067505,False,tracking_terminated_at61,,,,
candidate_G_seed_2,2,158,20,1,0,81,81bb892f6f3da88ceb26e18ff8b9158455d1d1bb9cecc1f1fc3e7a0145abeeb8,1.0405597686767578,True,False,-0.5815286040306091,-0.9399093985557556,-0.12176895141601562,0.8853529095649719,False,tracking_terminated_at61,,,,
candidate_G_seed_2,2,159,20,2,0,82,8e09558f0408849eeef0ea19bce3602a2b06e5183e427c2e8ebcddca22503315,1.026654839515686,True,False,-0.28863516449928284,-0.8500843048095703,-0.27393341064453125,0.7603827118873596,False,tracking_terminated_at61,,,,
candidate_G_seed_2,2,159,20,3,0,83,8e09558f0408849eeef0ea19bce3602a2b06e5183e427c2e8ebcddca22503315,0.9879320859909058,False,False,-0.5912767052650452,-1.7313767671585083,-0.2395915985107422,0.7869491577148438,True,continued_then_tracking_terminated_at62,61,62,1.0269148349761963,True
candidate_G_seed_2,2,159,39,0,1,156,8e09558f0408849eeef0ea19bce3602a2b06e5183e427c2e8ebcddca22503315,1.0643463134765625,True,False,-0.5212021470069885,-1.5273195505142212,0.03419208526611328,1.0347833633422852,False,tracking_terminated_at61,,,,
candidate_G_seed_2,2,160,20,1,0,81,1c054ff43169839c4ac3634ce16aea42f07492be06ca81a6d2e868b518cf63f3,1.0469692945480347,True,False,-0.4460453391075134,-0.9595214128494263,0.01636791229248047,1.0165026187896729,False,tracking_terminated_at61,,,,
candidate_G_seed_2,2,160,20,2,0,82,1c054ff43169839c4ac3634ce16aea42f07492be06ca81a6d2e868b518cf63f3,1.0391418933868408,True,False,-0.5881458520889282,-1.2866265773773193,-0.45780038833618164,0.6326737403869629,False,tracking_terminated_at61,,,,
candidate_G_seed_2,2,161,20,0,0,80,7c45b19ac818ab9e216bf19ac48dbc1074b397c82c8e9628c7b8f2bbb9357e69,1.0543776750564575,True,False,-0.5520458221435547,-1.4608879089355469,-0.1213064193725586,0.8857625126838684,False,tracking_terminated_at61,,,,
candidate_G_seed_2,2,161,20,1,0,81,7c45b19ac818ab9e216bf19ac48dbc1074b397c82c8e9628c7b8f2bbb9357e69,1.0433928966522217,True,False,-0.433555543422699,-1.1727073192596436,-0.40427398681640625,0.6674612164497375,False,tracking_terminated_at61,,,,
candidate_G_seed_2,2,161,20,2,0,82,7c45b19ac818ab9e216bf19ac48dbc1074b397c82c8e9628c7b8f2bbb9357e69,1.0498234033584595,True,False,-0.4779919981956482,-1.2807812690734863,0.07422733306884766,1.0770516395568848,False,tracking_terminated_at61,,,,
candidate_G_seed_2,2,161,20,3,0,83,7c45b19ac818ab9e216bf19ac48dbc1074b397c82c8e9628c7b8f2bbb9357e69,1.025608777999878,True,False,-0.30681195855140686,-0.8644537329673767,-0.7051905989646912,0.4940144121646881,False,tracking_terminated_at61,,,,
candidate_G_seed_2,2,162,20,2,0,82,cf531f7bf762f98e03773ababe5404d734522e9397d78d26aa36fafec9f26ae9,1.002677321434021,True,False,-0.5809207558631897,-2.4880154132843018,-0.5532193183898926,0.5750954151153564,False,tracking_terminated_at61,,,,
candidate_G_seed_2,2,163,20,0,0,80,f9f235275b17fddb035691c7e0d453cc61011aeed26a61bd1285a3ecb9805700,1.024251937866211,True,False,-0.30820876359939575,-0.7575224041938782,-0.3350048065185547,0.7153346538543701,False,tracking_terminated_at61,,,,
candidate_G_seed_2,2,163,20,1,0,81,f9f235275b17fddb035691c7e0d453cc61011aeed26a61bd1285a3ecb9805700,1.0025339126586914,True,False,-0.3239925801753998,-0.7976416349411011,-0.5071725845336914,0.6021958589553833,False,tracking_terminated_at61,,,,
candidate_G_seed_2,2,163,20,3,0,83,f9f235275b17fddb035691c7e0d453cc61011aeed26a61bd1285a3ecb9805700,1.0009808540344238,True,False,-0.25094902515411377,-0.6119799017906189,0.13632488250732422,1.1460541486740112,False,tracking_terminated_at61,,,,
candidate_G_seed_2,2,164,20,1,0,81,294d146bc083a5ccb1eccf084d5a0289f2631a430c3966a02316b2a773662cb9,1.0260019302368164,True,False,-0.21858564019203186,-0.5332223176956177,-0.3017411231994629,0.7395294904708862,False,tracking_terminated_at61,,,,
candidate_G_seed_2,2,164,20,2,0,82,294d146bc083a5ccb1eccf084d5a0289f2631a430c3966a02316b2a773662cb9,0.9767810702323914,False,False,-0.39209049940109253,-1.015933632850647,-0.6447200775146484,0.5248094201087952,True,continued_then_tracking_terminated_at62,61,62,1.0208261013031006,True
candidate_G_seed_2,2,165,20,0,0,80,86fabdc798a9686dfe1e13da489437697c86c39b1c5e30bddfe33a991c76e875,1.0290354490280151,True,False,-0.14629876613616943,-0.6635795831680298,-0.3793468475341797,0.6843082308769226,False,tracking_terminated_at61,,,,
candidate_G_seed_2,2,165,20,1,0,81,86fabdc798a9686dfe1e13da489437697c86c39b1c5e30bddfe33a991c76e875,1.020207166671753,True,False,-0.7974562048912048,-2.5946924686431885,-0.6889829635620117,0.5020864605903625,False,tracking_terminated_at61,,,,
candidate_G_seed_2,2,165,20,2,0,82,86fabdc798a9686dfe1e13da489437697c86c39b1c5e30bddfe33a991c76e875,1.0202858448028564,True,False,-0.6188006401062012,-2.0648605823516846,-0.26325082778930664,0.7685490846633911,False,tracking_terminated_at61,,,,
candidate_G_seed_2,2,165,39,3,1,159,86fabdc798a9686dfe1e13da489437697c86c39b1c5e30bddfe33a991c76e875,1.0136463642120361,True,False,-0.3465248942375183,-1.2573826313018799,0.09313297271728516,1.0976077318191528,False,tracking_terminated_at61,,,,
candidate_G_seed_2,2,166,20,0,0,80,2792794ebf2ed11b75cdbbe229e9cc67f165747da171265118adf9317c7c5981,1.0534731149673462,True,False,-0.37555480003356934,-1.9149162769317627,0.26187705993652344,1.29936683177948,False,tracking_terminated_at61,,,,
candidate_G_seed_2,2,166,20,1,0,81,2792794ebf2ed11b75cdbbe229e9cc67f165747da171265118adf9317c7c5981,1.0275421142578125,True,False,-0.10730092227458954,-0.9353681206703186,-0.18499088287353516,0.8311118483543396,False,tracking_terminated_at61,,,,
candidate_G_seed_2,2,167,20,0,0,80,f9c5834c1b2382303b25811a00f68ddb41b0f0f7892fb2921fdcdd69c6811d95,1.0503374338150024,True,False,-0.37899675965309143,-0.5491042733192444,-0.22657012939453125,0.7972634434700012,False,tracking_terminated_at61,,,,
candidate_G_seed_2,2,167,20,2,0,82,f9c5834c1b2382303b25811a00f68ddb41b0f0f7892fb2921fdcdd69c6811d95,1.0456068515777588,True,False,-0.5063648819923401,-0.8638651371002197,-0.1615772247314453,0.8508008122444153,False,tracking_terminated_at61,,,,
candidate_G_seed_2,2,167,36,3,1,147,f9c5834c1b2382303b25811a00f68ddb41b0f0f7892fb2921fdcdd69c6811d95,1.038106083869934,True,False,-0.12735620141029358,0.07276719063520432,0.44254016876220703,1.5566563606262207,False,tracking_terminated_at61,,,,
candidate_G_seed_2,2,168,20,0,0,80,bc39a4380e530a79a0dc8f2d427793879affa88d4b676d2b96b8aecac461aeaa,1.0380780696868896,True,False,-0.2779131531715393,-1.316611647605896,0.046917080879211426,1.0480351448059082,False,tracking_terminated_at61,,,,
candidate_G_seed_2,2,168,20,1,0,81,bc39a4380e530a79a0dc8f2d427793879affa88d4b676d2b96b8aecac461aeaa,1.0182266235351562,True,False,-0.44202855229377747,-1.8321009874343872,-0.010731697082519531,0.9893257021903992,False,tracking_terminated_at61,,,,
candidate_G_seed_2,2,169,20,0,0,80,53040bf46eb6c3359efed57d5bee47574c18e6268241f575f369d2292d8a1c75,1.0145854949951172,True,False,-0.1939862221479416,0.022051556035876274,-0.25872135162353516,0.7720381021499634,False,tracking_terminated_at61,,,,
candidate_G_seed_2,2,169,20,1,0,81,53040bf46eb6c3359efed57d5bee47574c18e6268241f575f369d2292d8a1c75,1.0479319095611572,True,False,-0.0929822102189064,0.29722514748573303,0.0825510025024414,1.0860540866851807,False,tracking_terminated_at61,,,,
candidate_G_seed_2,2,169,20,2,0,82,53040bf46eb6c3359efed57d5bee47574c18e6268241f575f369d2292d8a1c75,1.0453057289123535,True,False,-0.32712069153785706,-0.34065771102905273,-0.5742063522338867,0.5631516575813293,False,tracking_terminated_at61,,,,
candidate_G_seed_2,2,170,20,0,0,80,c1dab13aa7d25eb8a16aca0df4f94f8313f9dbe545cc974a4a0b4f0d3c3e9b1e,1.014242172241211,True,False,-0.10701639950275421,-0.036826908588409424,-0.3273749351501465,0.7208134531974792,False,tracking_terminated_at61,,,,
candidate_G_seed_2,2,170,20,3,0,83,c1dab13aa7d25eb8a16aca0df4f94f8313f9dbe545cc974a4a0b4f0d3c3e9b1e,1.0272374153137207,True,False,-0.4514126777648926,-0.9529330134391785,-0.9484796524047852,0.38732945919036865,False,tracking_terminated_at61,,,,
candidate_G_seed_2,2,171,20,0,0,80,ec2877fa4c9b859a47694e7c69250963702861d3032d8c964eb3d064ab9ea385,1.0377463102340698,True,False,-0.5216683149337769,-1.5611106157302856,0.04144763946533203,1.04231858253479,False,tracking_terminated_at61,,,,
candidate_G_seed_2,2,171,20,1,0,81,ec2877fa4c9b859a47694e7c69250963702861d3032d8c964eb3d064ab9ea385,1.0235825777053833,True,False,-0.30555352568626404,-1.0492498874664307,-0.006255626678466797,0.9937639236450195,False,tracking_terminated_at61,,,,
candidate_G_seed_2,2,171,20,2,0,82,ec2877fa4c9b859a47694e7c69250963702861d3032d8c964eb3d064ab9ea385,1.0241278409957886,True,False,-0.2776167094707489,-0.9830824136734009,-0.2611961364746094,0.7701298594474792,False,tracking_terminated_at61,,,,
candidate_G_seed_2,2,172,20,0,0,80,228e348eee7acf704accb8ce3c320264169effbcafc3e922583f791a3d115c65,1.0147392749786377,True,False,-0.46162495017051697,-2.1154839992523193,0.08518171310424805,1.0889148712158203,False,tracking_terminated_at61,,,,
candidate_G_seed_2,2,172,20,2,0,82,228e348eee7acf704accb8ce3c320264169effbcafc3e922583f791a3d115c65,1.0173903703689575,True,False,-0.1906421184539795,-1.2102490663528442,-0.0017328262329101562,0.9982686638832092,False,tracking_terminated_at61,,,,
candidate_G_seed_2,2,172,20,3,0,83,228e348eee7acf704accb8ce3c320264169effbcafc3e922583f791a3d115c65,1.0085810422897339,True,False,-0.06265945732593536,-0.7827150821685791,0.0055599212646484375,1.00557541847229,False,tracking_terminated_at61,,,,
candidate_G_seed_2,2,173,20,0,0,80,49ade1bdf0af47491c99bc8378be41b3fed4ab299e0c457a899d514b51e983d5,1.0604580640792847,True,False,-0.5538092851638794,-0.9817155599594116,-0.17142772674560547,0.8424611687660217,False,tracking_terminated_at61,,,,
candidate_G_seed_2,2,173,20,1,0,81,49ade1bdf0af47491c99bc8378be41b3fed4ab299e0c457a899d514b51e983d5,1.0216679573059082,True,False,0.14559070765972137,0.6712316870689392,0.3404742479324341,1.4056140184402466,False,tracking_terminated_at61,,,,
candidate_G_seed_2,2,173,37,3,1,151,49ade1bdf0af47491c99bc8378be41b3fed4ab299e0c457a899d514b51e983d5,1.0925049781799316,True,False,-0.10648621618747711,0.07547836005687714,-0.2926597595214844,0.7462760210037231,False,tracking_terminated_at61,,,,
candidate_G_seed_2,2,173,38,2,1,154,49ade1bdf0af47491c99bc8378be41b3fed4ab299e0c457a899d514b51e983d5,0.9796141982078552,False,False,-0.4536910355091095,-0.7450982332229614,0.723365306854248,2.061358690261841,True,continued_then_tracking_terminated_at62,61,62,1.0550763607025146,True
candidate_G_seed_2,2,174,20,3,0,83,a609c4b28b921f5f786edba96fe3bd616fb98425a2f60ef7f45ae9c65adbdda3,1.0009466409683228,True,False,-0.4535682201385498,-0.44355508685112,0.03812885284423828,1.038865089416504,False,tracking_terminated_at61,,,,
candidate_G_seed_2,2,175,20,0,0,80,2ca982a30e274fd4ee273af2784233341a400ba534fd7d036ab6ae7a2d659c7d,1.0216394662857056,True,False,-0.46201133728027344,-0.966575562953949,-0.06874752044677734,0.9335623383522034,False,tracking_terminated_at61,,,,
candidate_G_seed_2,2,175,33,2,1,134,2ca982a30e274fd4ee273af2784233341a400ba534fd7d036ab6ae7a2d659c7d,1.0117908716201782,True,False,-0.5546778440475464,-1.1345807313919067,0.09929656982421875,1.104393720626831,False,tracking_terminated_at61,,,,
candidate_G_seed_2,2,176,20,1,0,81,7fe6c62347a255d6f86001ec2dd86308da5bfc2453e056ba503763c78ea5cee0,1.0264736413955688,True,False,-0.9135807752609253,-2.780818462371826,-0.5703659057617188,0.5653185248374939,False,tracking_terminated_at61,,,,
candidate_G_seed_2,2,176,20,3,0,83,7fe6c62347a255d6f86001ec2dd86308da5bfc2453e056ba503763c78ea5cee0,1.0084952116012573,True,False,-0.6186971068382263,-2.0207953453063965,-0.5630550384521484,0.5694666504859924,False,tracking_terminated_at61,,,,
candidate_G_seed_2,2,177,20,1,0,81,593d9e23451576c47dc6d7cde4c7665d0de854554a10244a13548d4aa4180dfb,1.0037050247192383,True,False,-0.627587616443634,-2.1844708919525146,-0.49912357330322266,0.6070624589920044,False,tracking_terminated_at61,,,,
candidate_G_seed_2,2,177,20,2,0,82,593d9e23451576c47dc6d7cde4c7665d0de854554a10244a13548d4aa4180dfb,1.0330910682678223,True,False,-0.5934907793998718,-2.0922298431396484,0.035308837890625,1.0359395742416382,False,tracking_terminated_at61,,,,
candidate_G_seed_2,2,177,20,3,0,83,593d9e23451576c47dc6d7cde4c7665d0de854554a10244a13548d4aa4180dfb,1.0595053434371948,True,False,-0.6208171844482422,-2.1661550998687744,-0.43867969512939453,0.6448873281478882,False,tracking_terminated_at61,,,,
candidate_G_seed_2,2,178,20,0,0,80,4e5488f63f333193aaa599d546c46b37220049625ee3fec1eb326660878a3ff6,1.0037128925323486,True,False,0.13244593143463135,0.7995268702507019,0.13011550903320312,1.1389598846435547,False,tracking_terminated_at61,,,,
candidate_G_seed_2,2,178,20,1,0,81,4e5488f63f333193aaa599d546c46b37220049625ee3fec1eb326660878a3ff6,1.0436400175094604,True,False,-0.0009695775806903839,0.43312087655067444,0.3363633155822754,1.3998475074768066,False,tracking_terminated_at61,,,,
candidate_G_seed_2,2,178,20,2,0,82,4e5488f63f333193aaa599d546c46b37220049625ee3fec1eb326660878a3ff6,1.053058385848999,True,False,-0.43314328789711,-0.7537804841995239,-0.2765378952026367,0.7584048509597778,False,tracking_terminated_at61,,,,
candidate_G_seed_2,2,178,20,3,0,83,4e5488f63f333193aaa599d546c46b37220049625ee3fec1eb326660878a3ff6,1.030422568321228,True,False,-0.15069974958896637,0.02190902829170227,0.6648187637329102,1.9441381692886353,False,tracking_terminated_at61,,,,
candidate_G_seed_2,2,179,20,0,0,80,962b2f0e18a295234c8408aa47518c9e26085d47d08a18afaa85e309508b10ad,1.0211812257766724,True,False,0.04531952738761902,0.6604859232902527,0.5853614807128906,1.795639991760254,False,tracking_terminated_at61,,,,
candidate_G_seed_2,2,179,20,1,0,81,962b2f0e18a295234c8408aa47518c9e26085d47d08a18afaa85e309508b10ad,1.000796914100647,True,False,-0.2567579746246338,-0.08564340323209763,0.1409473419189453,1.1513639688491821,False,tracking_terminated_at61,,,,
candidate_G_seed_2,2,179,20,2,0,82,962b2f0e18a295234c8408aa47518c9e26085d47d08a18afaa85e309508b10ad,1.016185998916626,True,False,0.13158035278320312,0.8735495209693909,0.44485950469970703,1.5602710247039795,False,tracking_terminated_at61,,,,
candidate_G_seed_2,2,179,20,3,0,83,962b2f0e18a295234c8408aa47518c9e26085d47d08a18afaa85e309508b10ad,1.0543519258499146,True,False,-0.21703532338142395,0.012471265159547329,-0.24677467346191406,0.7813166975975037,False,tracking_terminated_at61,,,,
candidate_G_seed_2,2,180,20,0,0,80,b50379b0ed159548f6474bbd7961c23e2397848eddcf59faf568e17395bc64d2,0.986443817615509,False,False,-0.1940581202507019,-0.40446195006370544,-0.6486377716064453,0.5227574110031128,True,continued_then_tracking_terminated_at62,61,62,1.0640321969985962,True
candidate_G_seed_2,2,180,20,1,0,81,b50379b0ed159548f6474bbd7961c23e2397848eddcf59faf568e17395bc64d2,0.9724758863449097,False,False,-0.22445246577262878,-0.4676055312156677,0.39427661895751953,1.4833108186721802,True,continued_then_tracking_terminated_at62,61,62,1.04338800907135,True
candidate_G_seed_2,2,180,20,3,0,83,b50379b0ed159548f6474bbd7961c23e2397848eddcf59faf568e17395bc64d2,1.0329877138137817,True,False,-0.6606797575950623,-1.3738582134246826,-0.8749632835388184,0.4168773293495178,False,tracking_terminated_at61,,,,
candidate_G_seed_2,2,181,20,1,0,81,d6d3683d9ef05ac6c3e40074db06160e5d8ebd08723ce5d5c7d5f72a1db77392,1.0176602602005005,True,False,-0.5247307419776917,-0.9200020432472229,0.043028831481933594,1.0439679622650146,False,tracking_terminated_at61,,,,
candidate_G_seed_2,2,181,20,2,0,82,d6d3683d9ef05ac6c3e40074db06160e5d8ebd08723ce5d5c7d5f72a1db77392,0.9971568584442139,False,False,-0.3755083680152893,-0.6345038414001465,-0.19990921020507812,0.8188050985336304,True,continued_then_tracking_terminated_at62,61,62,1.0879615545272827,True
candidate_G_seed_2,2,181,36,0,1,144,d6d3683d9ef05ac6c3e40074db06160e5d8ebd08723ce5d5c7d5f72a1db77392,0.9718741774559021,False,False,-0.45596545934677124,-0.78843754529953,0.1893472671508789,1.2084605693817139,True,continued_then_tracking_terminated_at62,61,62,1.0304687023162842,True
candidate_G_seed_2,2,182,20,0,0,80,aac617b6e0aa413b38ac7d61b8e3b042059bec7954574534410acceb697c6363,1.0179520845413208,True,False,-0.2706042528152466,-0.8814485669136047,0.3295021057128906,1.3902757167816162,False,tracking_terminated_at61,,,,
candidate_G_seed_2,2,182,20,1,0,81,aac617b6e0aa413b38ac7d61b8e3b042059bec7954574534410acceb697c6363,1.0064585208892822,True,False,-0.22341866791248322,-0.784997820854187,0.2528567314147949,1.287698745727539,False,tracking_terminated_at61,,,,
candidate_G_seed_2,2,182,20,3,0,83,aac617b6e0aa413b38ac7d61b8e3b042059bec7954574534410acceb697c6363,1.0082134008407593,True,False,-0.4816996157169342,-1.312942624092102,-0.26805949211120605,0.7648622989654541,False,tracking_terminated_at61,,,,
candidate_G_seed_2,2,183,20,0,0,80,d6a25d8b2cb4e71e92cb8f2cb898118c058510efa14c93fb1bf05262f6658644,1.0164343118667603,True,False,-0.3083397448062897,-0.7174185514450073,0.2190999984741211,1.2449557781219482,False,tracking_terminated_at61,,,,
candidate_G_seed_2,2,183,20,1,0,81,d6a25d8b2cb4e71e92cb8f2cb898118c058510efa14c93fb1bf05262f6658644,1.0444304943084717,True,False,-0.04031844064593315,0.08197113871574402,0.14230728149414062,1.1529308557510376,False,tracking_terminated_at61,,,,
candidate_G_seed_2,2,183,20,2,0,82,d6a25d8b2cb4e71e92cb8f2cb898118c058510efa14c93fb1bf05262f6658644,1.0101852416992188,True,False,-0.055591046810150146,0.03641967102885246,0.3179187774658203,1.3742645978927612,False,tracking_terminated_at61,,,,
candidate_G_seed_2,2,183,20,3,0,83,d6a25d8b2cb4e71e92cb8f2cb898118c058510efa14c93fb1bf05262f6658644,1.0162986516952515,True,False,-0.35707738995552063,-0.8627815246582031,-0.35677337646484375,0.6999310851097107,False,tracking_terminated_at61,,,,
candidate_G_seed_2,2,184,20,0,0,80,c4a8664d29d958e5ca2a60f33383d3181fecce32326964d53baedbef7e9cb837,1.0100902318954468,True,False,-0.1943037360906601,-0.3746798634529114,0.1519012451171875,1.1640453338623047,False,tracking_terminated_at61,,,,
candidate_G_seed_2,2,184,20,1,0,81,c4a8664d29d958e5ca2a60f33383d3181fecce32326964d53baedbef7e9cb837,1.0420329570770264,True,False,-0.6700085401535034,-1.3342952728271484,-0.3863334655761719,0.6795439124107361,False,tracking_terminated_at61,,,,
candidate_G_seed_2,2,184,35,2,1,142,c4a8664d29d958e5ca2a60f33383d3181fecce32326964d53baedbef7e9cb837,1.005715012550354,True,False,-0.41309797763824463,-0.8160424828529358,0.3717217445373535,1.4502294063568115,False,tracking_terminated_at61,,,,
candidate_G_seed_2,2,184,39,3,1,159,c4a8664d29d958e5ca2a60f33383d3181fecce32326964d53baedbef7e9cb837,1.046215295791626,True,False,0.03795551136136055,0.09384499490261078,-0.2462787628173828,0.781704306602478,False,tracking_terminated_at61,,,,
candidate_G_seed_2,2,185,20,1,0,81,7e496fd5bad9ff150dd1c910c6821d972d72811ac970e93e8329f4bc014ecb79,1.00238037109375,True,False,-0.08584216982126236,-0.41681769490242004,0.4520835876464844,1.5715832710266113,False,tracking_terminated_at61,,,,
candidate_G_seed_2,2,185,20,2,0,82,7e496fd5bad9ff150dd1c910c6821d972d72811ac970e93e8329f4bc014ecb79,0.9883134365081787,False,False,0.2830313444137573,0.7301324009895325,0.0011548995971679688,1.0011556148529053,True,continued_then_tracking_terminated_at62,61,62,1.0599586963653564,True
candidate_G_seed_2,2,185,20,3,0,83,7e496fd5bad9ff150dd1c910c6821d972d72811ac970e93e8329f4bc014ecb79,1.003049612045288,True,False,-0.27573361992836,-1.0072531700134277,0.06810188293457031,1.07047438621521,False,tracking_terminated_at61,,,,
candidate_G_seed_2,2,186,20,0,0,80,65254ccd0809072892c32f8196a5e83e08bf3180f2b8d68d74c68a73b0eb815c,1.0063246488571167,True,False,-0.286960631608963,-0.4509989321231842,-0.15250110626220703,0.858557939529419,False,tracking_terminated_at61,,,,
candidate_G_seed_2,2,186,20,1,0,81,65254ccd0809072892c32f8196a5e83e08bf3180f2b8d68d74c68a73b0eb815c,1.0172359943389893,True,False,-0.02198820188641548,0.10797259956598282,-0.25656890869140625,0.7737016677856445,False,tracking_terminated_at61,,,,
candidate_G_seed_2,2,186,20,3,0,83,65254ccd0809072892c32f8196a5e83e08bf3180f2b8d68d74c68a73b0eb815c,1.0728200674057007,True,False,-0.5501658320426941,-1.0062423944473267,-0.4700223207473755,0.624988317489624,False,tracking_terminated_at61,,,,
candidate_G_seed_2,2,187,20,0,0,80,e985a85f881137b97cf1eb45f27f59474c339ff08dcef95e23395ca5e0194ee3,1.0051661729812622,True,False,-0.17694634199142456,-0.30901238322257996,-0.7044744491577148,0.494368314743042,False,tracking_terminated_at61,,,,
candidate_G_seed_2,2,187,20,1,0,81,e985a85f881137b97cf1eb45f27f59474c339ff08dcef95e23395ca5e0194ee3,1.025449514389038,True,False,-0.2414167821407318,-0.44201377034187317,0.031599998474121094,1.0321046113967896,False,tracking_terminated_at61,,,,
candidate_G_seed_2,2,187,20,2,0,82,e985a85f881137b97cf1eb45f27f59474c339ff08dcef95e23395ca5e0194ee3,1.0218915939331055,True,False,-0.5020172595977783,-0.9796279668807983,0.013539314270019531,1.0136313438415527,False,tracking_terminated_at61,,,,
candidate_G_seed_2,2,187,20,3,0,83,e985a85f881137b97cf1eb45f27f59474c339ff08dcef95e23395ca5e0194ee3,1.0002288818359375,True,False,-0.5340209007263184,-1.0456509590148926,0.4042043685913086,1.498110055923462,False,tracking_terminated_at61,,,,
candidate_G_seed_2,2,188,20,0,0,80,b13397b2f903a9f895002a1360c767c1e2ccc9579cb7623a14e1bd0338a898fc,1.0331956148147583,True,False,-0.1372278928756714,-0.6430604457855225,-0.46033573150634766,0.6310717463493347,False,tracking_terminated_at61,,,,
candidate_G_seed_2,2,188,20,1,0,81,b13397b2f903a9f895002a1360c767c1e2ccc9579cb7623a14e1bd0338a898fc,0.9946701526641846,False,False,-0.6049224734306335,-1.8161721229553223,-0.9152541160583496,0.4004148542881012,True,continued_then_tracking_terminated_at62,61,62,1.0611635446548462,True
candidate_G_seed_2,2,188,20,3,0,83,b13397b2f903a9f895002a1360c767c1e2ccc9579cb7623a14e1bd0338a898fc,1.0189855098724365,True,False,-0.06208682060241699,-0.45458513498306274,-0.5348098278045654,0.585780680179596,False,tracking_terminated_at61,,,,
candidate_G_seed_2,2,189,20,0,0,80,91480afab9b97c35ecb0bf66c486213aa23f58a7de41b2c2dff150ebc5ed1db2,0.9772368669509888,False,False,0.14157551527023315,0.09497483819723129,-0.40986108779907227,0.6637424230575562,True,continued_then_tracking_terminated_at62,61,62,1.0338388681411743,True
candidate_G_seed_2,2,189,20,2,0,82,91480afab9b97c35ecb0bf66c486213aa23f58a7de41b2c2dff150ebc5ed1db2,1.0570883750915527,True,False,-0.1425146460533142,-0.6384389400482178,0.10848045349121094,1.114583134651184,False,tracking_terminated_at61,,,,
candidate_G_seed_2,2,189,20,3,0,83,91480afab9b97c35ecb0bf66c486213aa23f58a7de41b2c2dff150ebc5ed1db2,0.9989256858825684,False,False,-0.33419471979141235,-1.1332846879959106,-0.02216625213623047,0.9780775904655457,True,continued_then_tracking_terminated_at62,61,62,1.0645911693572998,True
candidate_G_seed_2,2,190,20,0,0,80,28fe2d4551138f1a5767e95653bd02d377cb91fb6ca087361a477fbbd9fc9ed0,1.034080147743225,True,False,-0.25842973589897156,-0.26773571968078613,-0.2139739990234375,0.8073693513870239,False,tracking_terminated_at61,,,,
candidate_G_seed_2,2,190,20,1,0,81,28fe2d4551138f1a5767e95653bd02d377cb91fb6ca087361a477fbbd9fc9ed0,1.0488449335098267,True,False,-0.10740311443805695,0.034485895186662674,0.40006542205810547,1.4919222593307495,False,tracking_terminated_at61,,,,
candidate_G_seed_2,2,190,20,2,0,82,28fe2d4551138f1a5767e95653bd02d377cb91fb6ca087361a477fbbd9fc9ed0,1.049726963043213,True,False,-0.617840588092804,-0.9869580864906311,-0.29956817626953125,0.741138219833374,False,tracking_terminated_at61,,,,
candidate_G_seed_2,2,190,20,3,0,83,28fe2d4551138f1a5767e95653bd02d377cb91fb6ca087361a477fbbd9fc9ed0,1.0122270584106445,True,False,-0.38223347067832947,-0.5154812335968018,0.45519161224365234,1.5764753818511963,False,tracking_terminated_at61,,,,
candidate_G_seed_2,2,191,20,1,0,81,f7317e918ef643c40ba573fcdfdc8b5293f86063c611270d3603fe82dd766fc5,1.0138249397277832,True,False,-0.39657649397850037,-0.8452030420303345,-0.10983848571777344,0.8959788084030151,False,tracking_terminated_at61,,,,
candidate_G_seed_2,2,191,20,2,0,82,f7317e918ef643c40ba573fcdfdc8b5293f86063c611270d3603fe82dd766fc5,1.0269149541854858,True,False,0.1018676906824112,0.4356223940849304,-0.044887542724609375,0.9561049938201904,False,tracking_terminated_at61,,,,
candidate_G_seed_2,2,191,20,3,0,83,f7317e918ef643c40ba573fcdfdc8b5293f86063c611270d3603fe82dd766fc5,1.004038691520691,True,False,-0.3264608085155487,-0.6650304794311523,-0.07917118072509766,0.9238817691802979,False,tracking_terminated_at61,,,,
candidate_G_seed_2,2,192,20,0,0,80,4ae1ebd88d82b4e061da9092b76e885e013a4dfbdcc2d81941c387d649c09f8a,1.0277100801467896,True,False,-0.4017133116722107,-0.9417738318443298,0.000789642333984375,1.000789999961853,False,tracking_terminated_at61,,,,
candidate_G_seed_2,2,192,20,1,0,81,4ae1ebd88d82b4e061da9092b76e885e013a4dfbdcc2d81941c387d649c09f8a,0.982564389705658,False,False,-0.7849443554878235,-1.9112235307693481,-0.2752852439880371,0.7593554854393005,True,continued_then_tracking_terminated_at62,61,62,1.0372991561889648,True
candidate_G_seed_2,2,192,20,2,0,82,4ae1ebd88d82b4e061da9092b76e885e013a4dfbdcc2d81941c387d649c09f8a,1.012579083442688,True,False,-0.5561904907226562,-1.3325507640838623,0.23457813262939453,1.2643752098083496,False,tracking_terminated_at61,,,,
candidate_G_seed_2,2,193,20,0,0,80,4160ecd1ee1459c1941da7e3664e2f7fa89ab56030d60f4071bc1b87ff74505c,0.9839610457420349,False,False,-0.5499297380447388,-2.1897265911102295,-0.44534921646118164,0.6406005024909973,True,continued_then_tracking_terminated_at62,61,62,1.0416195392608643,True
candidate_G_seed_2,2,193,20,1,0,81,4160ecd1ee1459c1941da7e3664e2f7fa89ab56030d60f4071bc1b87ff74505c,1.0135295391082764,True,False,-0.2732117772102356,-1.3453279733657837,-0.16832637786865234,0.8450779914855957,False,tracking_terminated_at61,,,,
candidate_G_seed_2,2,194,20,0,0,80,18d52dd8576b42f4e48a44b3162651093e10fcca003f549f05b4a8d496075a04,0.9780842065811157,False,False,0.02333826944231987,0.2375824749469757,0.18525075912475586,1.2035201787948608,True,continued_then_tracking_terminated_at62,61,62,1.0523395538330078,True
candidate_G_seed_2,2,194,20,1,0,81,18d52dd8576b42f4e48a44b3162651093e10fcca003f549f05b4a8d496075a04,1.0012860298156738,True,False,-0.30193281173706055,-0.44118359684944153,-0.3108348846435547,0.7328348755836487,False,tracking_terminated_at61,,,,
candidate_G_seed_2,2,194,20,2,0,82,18d52dd8576b42f4e48a44b3162651093e10fcca003f549f05b4a8d496075a04,0.9947209358215332,False,False,-0.6871064305305481,-1.2449525594711304,0.16206645965576172,1.175938367843628,True,continued_then_tracking_terminated_at62,61,62,1.0704957246780396,True
candidate_G_seed_2,2,194,20,3,0,83,18d52dd8576b42f4e48a44b3162651093e10fcca003f549f05b4a8d496075a04,1.0214577913284302,True,False,-0.21714052557945251,-0.2642415761947632,-0.15724945068359375,0.8544908761978149,False,tracking_terminated_at61,,,,
candidate_G_seed_2,2,195,20,1,0,81,6f78405e7e5a5d2cf29416ced159c85ce099ed5ef8feb2113f63bfa35df7024d,1.0060384273529053,True,False,-0.10670411586761475,-0.23557434976100922,-0.15376901626586914,0.8574700355529785,False,tracking_terminated_at61,,,,
candidate_G_seed_2,2,195,20,3,0,83,6f78405e7e5a5d2cf29416ced159c85ce099ed5ef8feb2113f63bfa35df7024d,1.0073437690734863,True,False,-0.46760571002960205,-1.002689242362976,0.21578407287597656,1.2408344745635986,False,tracking_terminated_at61,,,,
candidate_G_seed_2,2,195,36,0,1,144,6f78405e7e5a5d2cf29416ced159c85ce099ed5ef8feb2113f63bfa35df7024d,0.990131139755249,False,False,-0.1828387975692749,-0.3974025547504425,-0.2274484634399414,0.796563446521759,True,continued_then_tracking_terminated_at62,61,62,1.0726923942565918,True
candidate_G_seed_2,2,196,20,0,0,80,c9c0ac7b4c6d73a63ab13f9def73e5c562b290c51052b3b5c5c447e2f4c4d51e,1.090083360671997,True,False,-0.3932909667491913,-1.4449323415756226,-0.37143421173095703,0.6897443532943726,False,tracking_terminated_at61,,,,
candidate_G_seed_2,2,196,20,1,0,81,c9c0ac7b4c6d73a63ab13f9def73e5c562b290c51052b3b5c5c447e2f4c4d51e,1.0825233459472656,True,False,-0.47728753089904785,-1.7300506830215454,-0.2943081855773926,0.745046854019165,False,tracking_terminated_at61,,,,
candidate_G_seed_2,2,196,20,2,0,82,c9c0ac7b4c6d73a63ab13f9def73e5c562b290c51052b3b5c5c447e2f4c4d51e,1.02714204788208,True,False,-0.41948577761650085,-1.5338481664657593,-0.05568885803222656,0.9458333849906921,False,tracking_terminated_at61,,,,
candidate_G_seed_2,2,196,20,3,0,83,c9c0ac7b4c6d73a63ab13f9def73e5c562b290c51052b3b5c5c447e2f4c4d51e,1.0076518058776855,True,False,-0.2780195474624634,-1.053654670715332,0.19945240020751953,1.2207341194152832,False,tracking_terminated_at61,,,,
candidate_G_seed_2,2,197,20,0,0,80,ec5357a66baea659d450615a4302bfce0429a247edfb21764edfa2706506c6ba,1.0352199077606201,True,False,-0.4226721227169037,-0.6176902055740356,-0.34372663497924805,0.7091227769851685,False,tracking_terminated_at61,,,,
candidate_G_seed_2,2,197,20,1,0,81,ec5357a66baea659d450615a4302bfce0429a247edfb21764edfa2706506c6ba,0.9981090426445007,False,False,-0.18041568994522095,-0.07510068267583847,0.42336082458496094,1.5270851850509644,True,continued_then_tracking_terminated_at62,61,62,1.0714666843414307,True
candidate_G_seed_2,2,198,20,1,0,81,151cda7a20b866c64337f596b8226672e748dc9aadd73d43a7891e8078cb83bf,1.0835533142089844,True,False,-0.39486750960350037,-0.4282986521720886,-0.07840347290039062,0.9245913028717041,False,tracking_terminated_at61,,,,
candidate_G_seed_2,2,198,20,3,0,83,151cda7a20b866c64337f596b8226672e748dc9aadd73d43a7891e8078cb83bf,1.0686225891113281,True,False,-0.6491544246673584,-0.9667798280715942,-0.29299306869506836,0.7460272908210754,False,tracking_terminated_at61,,,,
candidate_G_seed_2,2,199,20,1,0,81,fd898bd1ebde108f614294a25e52027174aec169d2769a771eb11d39f728eb71,1.026595115661621,True,False,-0.5064376592636108,-0.8656302094459534,0.12238597869873047,1.1301902532577515,False,tracking_terminated_at61,,,,
candidate_G_seed_2,2,199,20,3,0,83,fd898bd1ebde108f614294a25e52027174aec169d2769a771eb11d39f728eb71,1.0547049045562744,True,False,-0.5802108645439148,-1.0073093175888062,0.11477851867675781,1.1216249465942383,False,tracking_terminated_at61,,,,
candidate_G_seed_2,2,199,35,0,1,140,fd898bd1ebde108f614294a25e52027174aec169d2769a771eb11d39f728eb71,1.050144076347351,True,False,-0.40373098850250244,-0.6683853268623352,-0.20965862274169922,0.8108609914779663,False,tracking_terminated_at61,,,,
candidate_G_seed_2,2,200,20,0,0,80,06fd1e62e3f776a889f3c8c10131c0bb437dca131f911ed8b26822f4ab7cceb4,1.0259867906570435,True,False,-0.30492815375328064,-0.9357360005378723,-0.044066429138183594,0.9568904042243958,False,tracking_terminated_at61,,,,
candidate_G_seed_2,2,200,20,3,0,83,06fd1e62e3f776a889f3c8c10131c0bb437dca131f911ed8b26822f4ab7cceb4,1.0334720611572266,True,False,-0.7110365629196167,-2.09867262840271,-0.22147321701049805,0.8013373613357544,False,tracking_terminated_at61,,,,
candidate_G_seed_2,2,201,20,1,0,81,766855f5745139318119a68e6c8dae315a4a32aab6dd1ad6a2e135af0fdf4d21,1.0301663875579834,True,False,0.09443827718496323,0.7855244278907776,0.5517215728759766,1.7362395524978638,False,tracking_terminated_at61,,,,
candidate_G_seed_2,2,201,20,2,0,82,766855f5745139318119a68e6c8dae315a4a32aab6dd1ad6a2e135af0fdf4d21,1.0387177467346191,True,False,-0.3412508964538574,-0.2795811593532562,0.3049907684326172,1.3566124439239502,False,tracking_terminated_at61,,,,
candidate_G_seed_2,2,201,20,3,0,83,766855f5745139318119a68e6c8dae315a4a32aab6dd1ad6a2e135af0fdf4d21,1.024646282196045,True,False,0.04836791008710861,0.6728987097740173,0.10324382781982422,1.1087616682052612,False,tracking_terminated_at61,,,,
candidate_G_seed_2,2,202,20,1,0,81,53960c4a784eef190095bbca1995f2c859a5b18ce2ee4736c09a006f3f2f5866,1.0418503284454346,True,False,-0.5458858013153076,-1.1655302047729492,0.011374473571777344,1.0114394426345825,False,tracking_terminated_at61,,,,
candidate_G_seed_2,2,202,20,2,0,82,53960c4a784eef190095bbca1995f2c859a5b18ce2ee4736c09a006f3f2f5866,1.012637734413147,True,False,-0.16212958097457886,-0.418674111366272,-0.37938594818115234,0.6842814683914185,False,tracking_terminated_at61,,,,
candidate_G_seed_2,2,202,20,3,0,83,53960c4a784eef190095bbca1995f2c859a5b18ce2ee4736c09a006f3f2f5866,1.020637035369873,True,False,-0.7092710137367249,-1.483506202697754,-0.1432352066040039,0.8665502071380615,False,tracking_terminated_at61,,,,
candidate_G_seed_2,2,203,20,0,0,80,7f017128e67a23d6886625409e73fcbcacc152177fda24bd1df2cb0cdcb3f98c,1.0341753959655762,True,False,-0.6974285840988159,-1.3956793546676636,0.053801536560058594,1.0552752017974854,False,tracking_terminated_at61,,,,
candidate_G_seed_2,2,203,20,1,0,81,7f017128e67a23d6886625409e73fcbcacc152177fda24bd1df2cb0cdcb3f98c,1.0078988075256348,True,False,-0.629181981086731,-1.2333800792694092,0.10638999938964844,1.112255573272705,False,tracking_terminated_at61,,,,
candidate_G_seed_2,2,204,20,0,0,80,001e3d93f77402111d3031461af1a477fa6df538529ffd56b43c2d3291a61a03,1.0427507162094116,True,False,-0.3393493592739105,-0.5913605690002441,0.11986875534057617,1.1273488998413086,False,tracking_terminated_at61,,,,
candidate_G_seed_2,2,205,20,0,0,80,c0111776ef7a953e7c9ff139ab2ffc48a96f245953c72aa163fc8dd761602b73,1.0098371505737305,True,False,-0.5699746012687683,-1.9405027627944946,-0.26548004150390625,0.7668377757072449,False,tracking_terminated_at61,,,,
candidate_G_seed_2,2,205,20,1,0,81,c0111776ef7a953e7c9ff139ab2ffc48a96f245953c72aa163fc8dd761602b73,1.04261314868927,True,False,-0.697918176651001,-2.293553113937378,-0.08317852020263672,0.9201868772506714,False,tracking_terminated_at61,,,,
candidate_G_seed_2,2,205,20,2,0,82,c0111776ef7a953e7c9ff139ab2ffc48a96f245953c72aa163fc8dd761602b73,1.032625675201416,True,False,-0.2372981309890747,-1.0225080251693726,0.04796934127807617,1.0491385459899902,False,tracking_terminated_at61,,,,
candidate_G_seed_2,2,205,20,3,0,83,c0111776ef7a953e7c9ff139ab2ffc48a96f245953c72aa163fc8dd761602b73,1.0441253185272217,True,False,-0.4297734498977661,-1.5536285638809204,0.036591529846191406,1.0372692346572876,False,tracking_terminated_at61,,,,
candidate_G_seed_2,2,206,35,1,1,141,5be57f0a7768559927280f5369968046a92c51f9e8b6e59e9d860a23334c0202,1.0173760652542114,True,False,-0.07001608610153198,-0.004813792649656534,0.0977630615234375,1.1027014255523682,False,tracking_terminated_at61,,,,
candidate_G_seed_2,2,206,36,0,1,144,5be57f0a7768559927280f5369968046a92c51f9e8b6e59e9d860a23334c0202,1.0175037384033203,True,False,-0.6950659155845642,-1.2900437116622925,-0.19476938247680664,0.8230244517326355,False,tracking_terminated_at61,,,,
candidate_G_seed_2,2,207,20,1,0,81,6b13273834637ab33759a857f1d6de398920b606c10363b6eab2bcec23514273,1.0265161991119385,True,False,-0.2033926099538803,-0.9143704771995544,0.11746788024902344,1.124645471572876,False,tracking_terminated_at61,,,,
candidate_G_seed_2,2,207,38,3,1,155,6b13273834637ab33759a857f1d6de398920b606c10363b6eab2bcec23514273,1.0567700862884521,True,False,-0.6513740420341492,-2.10911226272583,-0.523895263671875,0.5922092199325562,False,tracking_terminated_at61,,,,
candidate_G_seed_2,2,208,20,1,0,81,f9c43b9b257d294ae346ec58aea74b372dbf49c8454e497c88e0d8ebbed6b9c7,1.0459766387939453,True,False,-0.3835875391960144,-0.786668598651886,-0.10608673095703125,0.899346649646759,False,tracking_terminated_at61,,,,
candidate_G_seed_2,2,208,20,2,0,82,f9c43b9b257d294ae346ec58aea74b372dbf49c8454e497c88e0d8ebbed6b9c7,1.015535831451416,True,False,-0.1957443207502365,-0.39106741547584534,-0.07499313354492188,0.9277498722076416,False,tracking_terminated_at61,,,,
candidate_G_seed_2,2,208,39,0,1,156,f9c43b9b257d294ae346ec58aea74b372dbf49c8454e497c88e0d8ebbed6b9c7,1.0311998128890991,True,False,-0.18484683334827423,-0.3681171238422394,-0.2897682189941406,0.7484370470046997,False,tracking_terminated_at61,,,,
candidate_G_seed_2,2,209,20,3,0,83,e76e1fa211d43619d02c80b7e94cdbfb40234ae3886cbafdeac472999fe85fd4,1.0690010786056519,True,False,-0.7465251088142395,-2.5474603176116943,-0.2771883010864258,0.757911741733551,False,tracking_terminated_at61,,,,
candidate_G_seed_2,2,209,39,0,1,156,e76e1fa211d43619d02c80b7e94cdbfb40234ae3886cbafdeac472999fe85fd4,1.0309710502624512,True,False,-0.3874726891517639,-1.5553427934646606,-0.0055713653564453125,0.9944441318511963,False,tracking_terminated_at61,,,,
candidate_G_seed_2,2,210,20,0,0,80,845c5b34f4b10db4001e3ef1e6ba9649b3862b75cbdc505cc1502caaa5904dba,1.0290427207946777,True,False,-0.24654735624790192,-1.180908203125,-0.3261113166809082,0.7217248678207397,False,tracking_terminated_at61,,,,
candidate_G_seed_2,2,210,20,2,0,82,845c5b34f4b10db4001e3ef1e6ba9649b3862b75cbdc505cc1502caaa5904dba,1.0101460218429565,True,False,-0.3735945522785187,-1.5746338367462158,-0.10874462127685547,0.8969594240188599,False,tracking_terminated_at61,,,,
candidate_G_seed_2,2,210,20,3,0,83,845c5b34f4b10db4001e3ef1e6ba9649b3862b75cbdc505cc1502caaa5904dba,1.0255544185638428,True,False,-0.6264051795005798,-2.358106851577759,0.049057960510253906,1.0502811670303345,False,tracking_terminated_at61,,,,
candidate_G_seed_2,2,211,20,1,0,81,5861b10aa2b44cd37434fd3b96a6e66a4a4f3c90379dade14981a2feadcd8ce0,1.0417461395263672,True,False,-0.11620067059993744,-0.20925933122634888,0.14052391052246094,1.1508766412734985,False,tracking_terminated_at61,,,,
candidate_G_seed_2,2,212,20,0,0,80,d372784f2bed80ad4e8644de503e3b0122771f61ba946c09540325814fb01e30,1.052528738975525,True,False,-0.2728414535522461,-0.7829727530479431,0.10367202758789062,1.1092365980148315,False,tracking_terminated_at61,,,,
candidate_G_seed_2,2,212,20,2,0,82,d372784f2bed80ad4e8644de503e3b0122771f61ba946c09540325814fb01e30,1.0055540800094604,True,False,-0.5931322574615479,-1.7083944082260132,-0.26875782012939453,0.7643283605575562,False,tracking_terminated_at61,,,,
candidate_G_seed_2,2,213,20,0,0,80,feed6f6e6e6c236be88227bbf7cf97de7b78ad6b9bacb06132f587bb9a5b2913,0.9810345768928528,False,False,-0.3242923617362976,-0.5551977753639221,0.1353778839111328,1.1449693441390991,True,continued_then_tracking_terminated_at62,61,62,1.0376925468444824,True
candidate_G_seed_2,2,213,20,1,0,81,feed6f6e6e6c236be88227bbf7cf97de7b78ad6b9bacb06132f587bb9a5b2913,1.0053398609161377,True,False,-0.3997800946235657,-0.6826889514923096,0.045821189880371094,1.0468871593475342,False,tracking_terminated_at61,,,,
candidate_G_seed_2,2,213,20,3,0,83,feed6f6e6e6c236be88227bbf7cf97de7b78ad6b9bacb06132f587bb9a5b2913,1.0775762796401978,True,False,-0.25208988785743713,-0.43325504660606384,0.2129511833190918,1.2373242378234863,False,tracking_terminated_at61,,,,
candidate_G_seed_2,2,214,36,0,1,144,1d46b542d654f954eacba95378c673aec95337cc45380d16ab7e632a5207512a,1.0325915813446045,True,False,-0.31861311197280884,-0.26160377264022827,0.00897979736328125,1.009020209312439,False,tracking_terminated_at61,,,,
candidate_G_seed_2,2,214,37,1,1,149,1d46b542d654f954eacba95378c673aec95337cc45380d16ab7e632a5207512a,1.014518141746521,True,False,-0.23113031685352325,-0.04060408100485802,-0.14641618728637695,0.8637981414794922,False,tracking_terminated_at61,,,,
candidate_G_seed_2,2,214,38,2,1,154,1d46b542d654f954eacba95378c673aec95337cc45380d16ab7e632a5207512a,1.0224535465240479,True,False,-0.008077193051576614,0.5228744149208069,-0.04263019561767578,0.9582657217979431,False,tracking_terminated_at61,,,,
candidate_G_seed_2,2,215,20,0,0,80,b9ef2dc9809f28acd81df69b5dc87e4ae0a96ee679d43b6d1de849e1ac06962a,1.0272209644317627,True,False,-0.30520397424697876,-0.8640702366828918,-1.0324127674102783,0.3561466336250305,False,tracking_terminated_at61,,,,
candidate_G_seed_2,2,215,20,3,0,83,b9ef2dc9809f28acd81df69b5dc87e4ae0a96ee679d43b6d1de849e1ac06962a,1.009008765220642,True,False,-0.26784032583236694,-0.7761302590370178,-0.5123705863952637,0.5990737080574036,False,tracking_terminated_at61,,,,
candidate_G_seed_2,2,215,38,2,1,154,b9ef2dc9809f28acd81df69b5dc87e4ae0a96ee679d43b6d1de849e1ac06962a,1.0146278142929077,True,False,-0.6814228892326355,-1.7495478391647339,-0.958186149597168,0.3835880160331726,False,tracking_terminated_at61,,,,
candidate_G_seed_2,2,216,20,2,0,82,f0a505df93fad4c4d0ace6bb0d95b3f7912527585257a202eb0c528fc36d17c7,1.0161699056625366,True,False,-0.5140385031700134,-1.5187182426452637,0.045074462890625,1.0461057424545288,False,tracking_terminated_at61,,,,
candidate_G_seed_2,2,216,20,3,0,83,f0a505df93fad4c4d0ace6bb0d95b3f7912527585257a202eb0c528fc36d17c7,1.0217233896255493,True,False,-0.3624153733253479,-1.0885276794433594,0.3062763214111328,1.358357548713684,False,tracking_terminated_at61,,,,
candidate_G_seed_2,2,216,39,0,1,156,f0a505df93fad4c4d0ace6bb0d95b3f7912527585257a202eb0c528fc36d17c7,1.0408928394317627,True,False,-0.5319584012031555,-1.569561243057251,-0.2735309600830078,0.7606887817382812,False,tracking_terminated_at61,,,,
candidate_G_seed_2,2,217,20,0,0,80,a11adcfdf5f1a4a33b7f588aa01bbd13ceaff68af1f33788c502f4f3754377c7,1.0102133750915527,True,False,0.22419804334640503,0.2723741829395294,0.20888614654541016,1.2323046922683716,False,tracking_terminated_at61,,,,
candidate_G_seed_2,2,217,20,3,0,83,a11adcfdf5f1a4a33b7f588aa01bbd13ceaff68af1f33788c502f4f3754377c7,1.0116493701934814,True,False,-0.18927200138568878,-0.8436800837516785,-0.47097015380859375,0.6243962049484253,False,tracking_terminated_at61,,,,
candidate_G_seed_2,2,217,39,2,1,158,a11adcfdf5f1a4a33b7f588aa01bbd13ceaff68af1f33788c502f4f3754377c7,1.0249992609024048,True,False,-0.33707016706466675,-1.2426226139068604,-0.7248153686523438,0.4844140112400055,False,tracking_terminated_at61,,,,
candidate_G_seed_2,2,218,20,2,0,82,1da3a5dc2eac09335eb2f5cbe4407c4ed1bcff1730056e9c29a22a92d3ac0a0f,1.0104830265045166,True,False,-0.15553885698318481,-0.22012092173099518,-0.1341991424560547,0.874415934085846,False,tracking_terminated_at61,,,,
candidate_G_seed_2,2,218,20,3,0,83,1da3a5dc2eac09335eb2f5cbe4407c4ed1bcff1730056e9c29a22a92d3ac0a0f,0.9865297079086304,False,False,-0.2700057029724121,-0.5162442922592163,0.49507129192352295,1.6406152248382568,True,continued_then_tracking_terminated_at62,61,62,1.0604307651519775,True
candidate_G_seed_2,2,218,39,1,1,157,1da3a5dc2eac09335eb2f5cbe4407c4ed1bcff1730056e9c29a22a92d3ac0a0f,1.0275925397872925,True,False,-0.3526048958301544,-0.7299267053604126,-0.4478001594543457,0.6390323638916016,False,tracking_terminated_at61,,,,
candidate_G_seed_2,2,219,20,0,0,80,961ba39ca9058aad9b2ae61aebe1c64f025faa6afbcf288010d92a9a6f695f2c,1.04684579372406,True,False,-0.4115431606769562,-2.040802240371704,-0.0594024658203125,0.9423274397850037,False,tracking_terminated_at61,,,,
candidate_G_seed_2,2,219,20,1,0,81,961ba39ca9058aad9b2ae61aebe1c64f025faa6afbcf288010d92a9a6f695f2c,1.0079349279403687,True,False,-0.6115832328796387,-2.6715190410614014,-0.5532169342041016,0.5750967860221863,False,tracking_terminated_at61,,,,
candidate_G_seed_2,2,219,20,2,0,82,961ba39ca9058aad9b2ae61aebe1c64f025faa6afbcf288010d92a9a6f695f2c,1.0116790533065796,True,False,-0.2929691672325134,-1.666944146156311,-0.04520702362060547,0.9557995796203613,False,tracking_terminated_at61,,,,
candidate_G_seed_2,2,219,20,3,0,83,961ba39ca9058aad9b2ae61aebe1c64f025faa6afbcf288010d92a9a6f695f2c,1.013310432434082,True,False,-0.4472838044166565,-2.1534907817840576,-0.13892459869384766,0.8702936172485352,False,tracking_terminated_at61,,,,
candidate_G_seed_2,2,220,20,0,0,80,5c150a94f3818009e15c7fe20f1122d59d018e14ff1234d7d2676ed8274499a2,1.0319156646728516,True,False,-0.12408462166786194,-0.39303964376449585,-0.046233177185058594,0.9548192620277405,False,tracking_terminated_at61,,,,
candidate_G_seed_2,2,220,20,1,0,81,5c150a94f3818009e15c7fe20f1122d59d018e14ff1234d7d2676ed8274499a2,0.9965398907661438,False,False,-0.14985957741737366,-0.4631071388721466,0.10527706146240234,1.111018419265747,True,continued_then_tracking_terminated_at62,61,62,1.0621309280395508,True
candidate_G_seed_2,2,220,20,2,0,82,5c150a94f3818009e15c7fe20f1122d59d018e14ff1234d7d2676ed8274499a2,0.9958680272102356,False,False,-0.4366685152053833,-1.2427783012390137,-0.15344524383544922,0.8577477335929871,True,continued_then_tracking_terminated_at62,61,62,1.0577642917633057,True
candidate_G_seed_2,2,220,20,3,0,83,5c150a94f3818009e15c7fe20f1122d59d018e14ff1234d7d2676ed8274499a2,1.0456862449645996,True,False,-0.5176880955696106,-1.463024616241455,-0.47109556198120117,0.6243179440498352,False,tracking_terminated_at61,,,,
candidate_G_seed_2,2,221,20,1,0,81,340cd6d9f9d63f3c7a3a9d2dff410620967436932f559815b5e7825be0ac554f,1.032632827758789,True,False,-0.29087743163108826,-0.5643197298049927,-0.020263671875,0.9799402356147766,False,tracking_terminated_at61,,,,
candidate_G_seed_2,2,221,20,2,0,82,340cd6d9f9d63f3c7a3a9d2dff410620967436932f559815b5e7825be0ac554f,1.04839289188385,True,False,-0.4511028528213501,-0.9086567759513855,-0.0063190460205078125,0.9937008619308472,False,tracking_terminated_at61,,,,
candidate_G_seed_2,2,221,35,3,1,143,340cd6d9f9d63f3c7a3a9d2dff410620967436932f559815b5e7825be0ac554f,1.010370135307312,True,False,-0.1432391107082367,-0.24703331291675568,0.19704818725585938,1.2178027629852295,False,tracking_terminated_at61,,,,
candidate_G_seed_2,2,221,37,0,1,148,340cd6d9f9d63f3c7a3a9d2dff410620967436932f559815b5e7825be0ac554f,1.018173336982727,True,False,-0.177073672413826,-0.3197464346885681,-0.23469209671020508,0.7908142805099487,False,tracking_terminated_at61,,,,
candidate_G_seed_2,2,222,20,2,0,82,b6deba642a84cc74b6ce359445460600f2834c213699c2cd69eadc05e24d051c,1.0617570877075195,True,False,-0.33776938915252686,-0.7059239745140076,-0.3786649703979492,0.6847749948501587,False,tracking_terminated_at61,,,,
candidate_G_seed_2,2,222,20,3,0,83,b6deba642a84cc74b6ce359445460600f2834c213699c2cd69eadc05e24d051c,1.0556155443191528,True,False,-0.15621158480644226,-0.22921817004680634,-0.19626617431640625,0.8217934370040894,False,tracking_terminated_at61,,,,
candidate_G_seed_2,2,223,20,2,0,82,2fe39398f1294f13669c126d15afcbededfcbccd4a6a7117288863524c42cdcd,1.0100458860397339,True,False,-0.4289633631706238,-1.2795205116271973,-0.4267613887786865,0.6526192426681519,False,tracking_terminated_at61,,,,
candidate_G_seed_2,2,223,20,3,0,83,2fe39398f1294f13669c126d15afcbededfcbccd4a6a7117288863524c42cdcd,1.0217984914779663,True,False,-0.4090368151664734,-1.2259935140609741,-0.10394096374511719,0.9012784957885742,False,tracking_terminated_at61,,,,
candidate_G_seed_2,2,223,38,1,1,153,2fe39398f1294f13669c126d15afcbededfcbccd4a6a7117288863524c42cdcd,0.980745792388916,False,False,-0.27768293023109436,-0.873149037361145,0.062277793884277344,1.0642579793930054,True,continued_then_tracking_terminated_at62,61,62,1.0183247327804565,True
candidate_G_seed_2,2,224,20,0,0,80,7c9873ec8ac40a8b4df5ca2c51c92631ff027a110760564d66d8da03b2d58bf1,1.0797479152679443,True,False,-0.3611958622932434,-1.1378202438354492,-0.2730083465576172,0.7610864639282227,False,tracking_terminated_at61,,,,
candidate_G_seed_2,2,224,20,1,0,81,7c9873ec8ac40a8b4df5ca2c51c92631ff027a110760564d66d8da03b2d58bf1,1.0062974691390991,True,False,-0.5543609261512756,-1.6968005895614624,-0.1068716049194336,0.898641049861908,False,tracking_terminated_at61,,,,
candidate_G_seed_2,2,224,20,3,0,83,7c9873ec8ac40a8b4df5ca2c51c92631ff027a110760564d66d8da03b2d58bf1,1.0778785943984985,True,False,-0.3201022446155548,-1.0189037322998047,-0.2863445281982422,0.7510038018226624,False,tracking_terminated_at61,,,,
candidate_G_seed_2,2,225,20,0,0,80,00a39803c393ad43d6bbe90e5a46a909a31c5ba03ce2d60e4ff8d6edc2377047,1.0201529264450073,True,False,-0.147111177444458,-0.36913228034973145,-0.02418231964111328,0.9761077165603638,False,tracking_terminated_at61,,,,
candidate_G_seed_2,2,225,20,3,0,83,00a39803c393ad43d6bbe90e5a46a909a31c5ba03ce2d60e4ff8d6edc2377047,1.0157908201217651,True,False,-0.5272106528282166,-1.5698553323745728,-0.44405078887939453,0.6414328217506409,False,tracking_terminated_at61,,,,
candidate_G_seed_2,2,226,20,0,0,80,432e59a1dce416557cda52ffa8546001442deb8f5f0f49d2573f7c836eeceffd,1.005104660987854,True,False,-0.2919463515281677,-1.8436414003372192,-0.24616146087646484,0.7817959785461426,False,tracking_terminated_at61,,,,
candidate_G_seed_2,2,226,20,1,0,81,432e59a1dce416557cda52ffa8546001442deb8f5f0f49d2573f7c836eeceffd,1.022428274154663,True,False,-0.25603801012039185,-1.6991407871246338,0.02426743507385254,1.024564266204834,False,tracking_terminated_at61,,,,
candidate_G_seed_2,2,226,20,3,0,83,432e59a1dce416557cda52ffa8546001442deb8f5f0f49d2573f7c836eeceffd,1.015945553779602,True,False,-0.13702352344989777,-1.2202085256576538,-0.1841583251953125,0.831804096698761,False,tracking_terminated_at61,,,,
candidate_G_seed_2,2,227,20,0,0,80,e1263044c9c4ca6f6a1787188810972aab3c786df63bf8102b8dd447e816d90f,1.016950249671936,True,False,-0.36842232942581177,-1.368628740310669,-0.2552947998046875,0.7746880650520325,False,tracking_terminated_at61,,,,
candidate_G_seed_2,2,227,20,2,0,82,e1263044c9c4ca6f6a1787188810972aab3c786df63bf8102b8dd447e816d90f,1.0219467878341675,True,False,-0.37408268451690674,-1.3858975172042847,-0.28352832794189453,0.7531217932701111,False,tracking_terminated_at61,,,,
candidate_G_seed_2,2,227,20,3,0,83,e1263044c9c4ca6f6a1787188810972aab3c786df63bf8102b8dd447e816d90f,1.0278873443603516,True,False,-0.30746233463287354,-1.1826509237289429,-0.019178390502929688,0.9810043573379517,False,tracking_terminated_at61,,,,
candidate_G_seed_2,2,228,20,0,0,80,3ff60356f17f737b8055ac59bf900b6e106b1f38765c0ee6b4bccda6f1d35074,1.0020071268081665,True,False,-0.16287392377853394,-0.33196720480918884,-0.004702329635620117,0.9953086972236633,False,tracking_terminated_at61,,,,
candidate_G_seed_2,2,228,20,1,0,81,3ff60356f17f737b8055ac59bf900b6e106b1f38765c0ee6b4bccda6f1d35074,0.9942433834075928,False,False,-0.28077495098114014,-0.7118806838989258,-0.48866868019104004,0.6134425401687622,True,continued_then_tracking_terminated_at62,61,62,1.0568748712539673,True
candidate_G_seed_2,2,228,20,2,0,82,3ff60356f17f737b8055ac59bf900b6e106b1f38765c0ee6b4bccda6f1d35074,1.0284874439239502,True,False,-0.24258095026016235,-0.5888078808784485,0.0011725425720214844,1.0011732578277588,False,tracking_terminated_at61,,,,
candidate_G_seed_2,2,228,20,3,0,83,3ff60356f17f737b8055ac59bf900b6e106b1f38765c0ee6b4bccda6f1d35074,1.0198349952697754,True,False,-0.22423423826694489,-0.5296890735626221,0.16263103485107422,1.1766024827957153,False,tracking_terminated_at61,,,,
candidate_G_seed_2,2,229,20,1,0,81,457b6f5a89b17ac39cc55bdc95f0ed0bf3b40b1909134783de9df897de940b6a,1.0431182384490967,True,False,0.3444461524486542,0.9648584127426147,-0.2708754539489746,0.7627114653587341,False,tracking_terminated_at61,,,,
candidate_G_seed_2,2,229,20,2,0,82,457b6f5a89b17ac39cc55bdc95f0ed0bf3b40b1909134783de9df897de940b6a,1.0406272411346436,True,False,-0.4254898428916931,-1.856373906135559,-0.0622401237487793,0.9396572113037109,False,tracking_terminated_at61,,,,
candidate_G_seed_2,2,229,20,3,0,83,457b6f5a89b17ac39cc55bdc95f0ed0bf3b40b1909134783de9df897de940b6a,1.0387694835662842,True,False,0.08764134347438812,0.023863298818469048,-0.033333778381347656,0.9672156572341919,False,tracking_terminated_at61,,,,
candidate_G_seed_2,2,230,20,0,0,80,9c030c6888242b4f7a6bbb0635be948b993b161e5cd3e0d9d44668145c343980,1.0264586210250854,True,False,-0.2437179535627365,-0.8644067645072937,0.05906105041503906,1.0608400106430054,False,tracking_terminated_at61,,,,
candidate_G_seed_2,2,230,20,1,0,81,9c030c6888242b4f7a6bbb0635be948b993b161e5cd3e0d9d44668145c343980,1.0924525260925293,True,False,-0.04223717749118805,-0.24323445558547974,0.0828695297241211,1.086400032043457,False,tracking_terminated_at61,,,,
candidate_G_seed_2,2,230,20,2,0,82,9c030c6888242b4f7a6bbb0635be948b993b161e5cd3e0d9d44668145c343980,0.9838135242462158,False,False,-0.22346986830234528,-0.8019812107086182,0.032817840576171875,1.0333622694015503,True,continued_then_tracking_terminated_at62,61,62,1.0248595476150513,True
candidate_G_seed_2,2,230,20,3,0,83,9c030c6888242b4f7a6bbb0635be948b993b161e5cd3e0d9d44668145c343980,1.0130139589309692,True,False,0.06992650032043457,0.1025700718164444,-0.05397439002990723,0.9474563598632812,False,tracking_terminated_at61,,,,
candidate_G_seed_2,2,231,20,0,0,80,4b19a67f3b2db370585c14c0d614a5a2074fad0ea6115c6534dae1c2f277422b,1.059033751487732,True,False,-0.21713092923164368,-0.39716023206710815,-0.4124784469604492,0.6620074510574341,False,tracking_terminated_at61,,,,
candidate_G_seed_2,2,231,20,1,0,81,4b19a67f3b2db370585c14c0d614a5a2074fad0ea6115c6534dae1c2f277422b,1.0169281959533691,True,False,-0.2585483193397522,-0.5072181820869446,-0.0037736892700195312,0.9962334036827087,False,tracking_terminated_at61,,,,
candidate_G_seed_2,2,231,20,2,0,82,4b19a67f3b2db370585c14c0d614a5a2074fad0ea6115c6534dae1c2f277422b,0.978651762008667,False,False,-0.1509656310081482,-0.22134003043174744,0.05425834655761719,1.0557572841644287,True,continued_then_tracking_terminated_at62,61,62,1.0324681997299194,True
candidate_G_seed_2,2,231,20,3,0,83,4b19a67f3b2db370585c14c0d614a5a2074fad0ea6115c6534dae1c2f277422b,1.0164425373077393,True,False,-0.3097699284553528,-0.6433286666870117,-0.15314197540283203,0.8580079078674316,False,tracking_terminated_at61,,,,
candidate_G_seed_2,2,232,20,0,0,80,98199a4cf1a9c416376c4de79e0bf2a0ac3929a2f39c4a60410be28bab6f4e82,1.0648990869522095,True,False,-0.5223714113235474,-1.7543556690216064,-0.28896284103393555,0.7490400671958923,False,tracking_terminated_at61,,,,
candidate_G_seed_2,2,232,20,1,0,81,98199a4cf1a9c416376c4de79e0bf2a0ac3929a2f39c4a60410be28bab6f4e82,0.9826144576072693,False,False,-0.16147851943969727,-0.6610012054443359,0.10629081726074219,1.1121453046798706,True,continued_then_tracking_terminated_at62,61,62,1.05548095703125,True
candidate_G_seed_2,2,232,20,2,0,82,98199a4cf1a9c416376c4de79e0bf2a0ac3929a2f39c4a60410be28bab6f4e82,1.022064208984375,True,False,-0.5158658027648926,-1.7346464395523071,-0.12359237670898438,0.8837400078773499,False,tracking_terminated_at61,,,,
candidate_G_seed_2,2,233,20,0,0,80,62871e8cccafa2a56acba7a8c8ba9d9ed87a615181b7479a9496242929e14d48,0.9932540059089661,False,False,-0.12791895866394043,-0.4991401433944702,-0.3151435852050781,0.7296841144561768,True,continued_then_tracking_terminated_at62,61,62,1.071998953819275,True
candidate_G_seed_2,2,233,20,1,0,81,62871e8cccafa2a56acba7a8c8ba9d9ed87a615181b7479a9496242929e14d48,0.9836553931236267,False,False,-0.20990198850631714,-0.7224814295768738,0.3547859191894531,1.4258754253387451,True,continued_then_tracking_terminated_at62,61,62,1.0419119596481323,True
candidate_G_seed_2,2,233,20,2,0,82,62871e8cccafa2a56acba7a8c8ba9d9ed87a615181b7479a9496242929e14d48,1.0654298067092896,True,False,-0.6132633090019226,-1.821333408355713,-0.5903854370117188,0.5541136860847473,False,tracking_terminated_at61,,,,
candidate_G_seed_2,2,234,20,0,0,80,8d203b6d89e806baab8e44f2be5ab29621e6652579f58c398a7b955368b30795,1.0333133935928345,True,False,-0.5713255405426025,-1.328858494758606,-0.2617373466491699,0.7697131633758545,False,tracking_terminated_at61,,,,
candidate_G_seed_2,2,234,20,1,0,81,8d203b6d89e806baab8e44f2be5ab29621e6652579f58c398a7b955368b30795,1.0220775604248047,True,False,-0.46202757954597473,-1.0515724420547485,-0.2570457458496094,0.7733328342437744,False,tracking_terminated_at61,,,,
candidate_G_seed_2,2,234,20,2,0,82,8d203b6d89e806baab8e44f2be5ab29621e6652579f58c398a7b955368b30795,1.0324612855911255,True,False,-0.29974979162216187,-0.6398780345916748,-0.1980447769165039,0.8203331232070923,False,tracking_terminated_at61,,,,
candidate_G_seed_2,2,235,20,0,0,80,0cc5ea4354d0cc653ab627b5357b4430d442c73f5db7286db89ce38be6a4c4a8,1.005727767944336,True,False,-0.49717235565185547,-2.123756170272827,-0.28481435775756836,0.7521538734436035,False,tracking_terminated_at61,,,,
candidate_G_seed_2,2,235,20,1,0,81,0cc5ea4354d0cc653ab627b5357b4430d442c73f5db7286db89ce38be6a4c4a8,1.0483485460281372,True,False,-0.3570674955844879,-1.6933186054229736,-0.049979209899902344,0.9512491822242737,False,tracking_terminated_at61,,,,
candidate_G_seed_2,2,235,20,2,0,82,0cc5ea4354d0cc653ab627b5357b4430d442c73f5db7286db89ce38be6a4c4a8,1.03286874294281,True,False,-0.5776383280754089,-2.3709678649902344,-0.4438018798828125,0.6415925025939941,False,tracking_terminated_at61,,,,
candidate_G_seed_2,2,235,20,3,0,83,0cc5ea4354d0cc653ab627b5357b4430d442c73f5db7286db89ce38be6a4c4a8,0.9976051449775696,False,False,-0.3349507749080658,-1.625370740890503,-0.06296348571777344,0.9389777779579163,True,continued_then_tracking_terminated_at62,61,62,1.0568586587905884,True
candidate_G_seed_2,2,236,20,0,0,80,46c75717e0b7e1f94023ecb9e14d6215910f3f881e18ce1d7dd12ff176936cae,1.013536810874939,True,False,-0.3087204098701477,-1.157440185546875,0.6258773803710938,1.869885802268982,False,tracking_terminated_at61,,,,
candidate_G_seed_2,2,236,20,1,0,81,46c75717e0b7e1f94023ecb9e14d6215910f3f881e18ce1d7dd12ff176936cae,1.0053967237472534,True,False,-0.11290647834539413,-0.6324142217636108,-0.04067230224609375,0.9601436853408813,False,tracking_terminated_at61,,,,
candidate_G_seed_2,2,236,20,3,0,83,46c75717e0b7e1f94023ecb9e14d6215910f3f881e18ce1d7dd12ff176936cae,1.0120025873184204,True,False,-0.18746072053909302,-0.8323127627372742,0.4126017093658447,1.5107431411743164,False,tracking_terminated_at61,,,,
candidate_G_seed_2,2,236,39,2,1,158,46c75717e0b7e1f94023ecb9e14d6215910f3f881e18ce1d7dd12ff176936cae,0.9983362555503845,False,False,-0.0756765604019165,-0.5325915813446045,-0.09262847900390625,0.9115321040153503,True,right_censored_at_rollout_boundary,,,,
candidate_G_seed_2,2,237,20,0,0,80,8efb0451e29603e216a7d764ef5f90f462847611eaac756b8e61537af50b56c5,1.0345640182495117,True,False,-0.4110005497932434,-0.4032762050628662,-0.04098224639892578,0.9598461389541626,False,tracking_terminated_at61,,,,
candidate_G_seed_2,2,237,20,1,0,81,8efb0451e29603e216a7d764ef5f90f462847611eaac756b8e61537af50b56c5,1.0873996019363403,True,False,-0.15760591626167297,0.1453964114189148,-0.07266998291015625,0.9299076795578003,False,tracking_terminated_at61,,,,
candidate_G_seed_2,2,237,20,2,0,82,8efb0451e29603e216a7d764ef5f90f462847611eaac756b8e61537af50b56c5,1.0370550155639648,True,False,-0.22141166031360626,0.007238531019538641,-0.15394973754882812,0.8573151230812073,False,tracking_terminated_at61,,,,
candidate_G_seed_2,2,237,20,3,0,83,8efb0451e29603e216a7d764ef5f90f462847611eaac756b8e61537af50b56c5,1.0022220611572266,True,False,-0.33747005462646484,-0.2440614402294159,0.07388567924499512,1.076683759689331,False,tracking_terminated_at61,,,,
candidate_G_seed_2,2,238,20,0,0,80,78a0b28076c8dddb67b525c5250a11969a79d9327f502775b56e64dbd5b6e9a5,1.0646995306015015,True,False,-0.2512480914592743,-0.506525993347168,-0.1058206558227539,0.8995859622955322,False,tracking_terminated_at61,,,,
candidate_G_seed_2,2,238,20,1,0,81,78a0b28076c8dddb67b525c5250a11969a79d9327f502775b56e64dbd5b6e9a5,1.0350675582885742,True,False,-0.5314146876335144,-1.4057676792144775,-0.4763917922973633,0.6210201382637024,False,tracking_terminated_at61,,,,
candidate_G_seed_2,2,238,20,3,0,83,78a0b28076c8dddb67b525c5250a11969a79d9327f502775b56e64dbd5b6e9a5,1.0186750888824463,True,False,-0.22079679369926453,-0.40878745913505554,0.2794990539550781,1.3224672079086304,False,tracking_terminated_at61,,,,
candidate_G_seed_2,2,238,37,2,1,150,78a0b28076c8dddb67b525c5250a11969a79d9327f502775b56e64dbd5b6e9a5,1.0053582191467285,True,False,-0.43168479204177856,-1.0856678485870361,-0.6052083969116211,0.5459606647491455,False,tracking_terminated_at61,,,,
candidate_G_seed_2,2,239,20,0,0,80,a97a2da15b9b37bff8a815641a5e72b18ad4ae6f1219f29690e821ff2fdd47db,1.0169907808303833,True,False,-0.5387330651283264,-1.3866430521011353,-0.017034530639648438,0.983109712600708,False,tracking_terminated_at61,,,,
candidate_G_seed_2,2,239,20,2,0,82,a97a2da15b9b37bff8a815641a5e72b18ad4ae6f1219f29690e821ff2fdd47db,1.027897596359253,True,False,-0.28055307269096375,-0.6178078055381775,-0.7944245338439941,0.45184117555618286,False,tracking_terminated_at61,,,,
candidate_G_seed_2,2,239,20,3,0,83,a97a2da15b9b37bff8a815641a5e72b18ad4ae6f1219f29690e821ff2fdd47db,1.0049159526824951,True,False,-0.41388171911239624,-1.014847755432129,-0.14100265502929688,0.8684870004653931,False,tracking_terminated_at61,,,,
candidate_G_seed_2,2,240,20,1,0,81,3bb39afd1dc2b976d6bac914c8795857de46697b6ddd41870cc5166c53828de9,1.0216879844665527,True,False,-0.4618483781814575,-0.9410330057144165,0.08167839050292969,1.0851067304611206,False,tracking_terminated_at61,,,,
candidate_G_seed_2,2,240,20,2,0,82,3bb39afd1dc2b976d6bac914c8795857de46697b6ddd41870cc5166c53828de9,1.0088270902633667,True,False,-0.41338393092155457,-0.8374136686325073,0.00826120376586914,1.0082954168319702,False,tracking_terminated_at61,,,,
candidate_G_seed_2,2,241,20,2,0,82,4751ba11e4467ad81bbda7cca7f3eea123bf15515ef9d91ef36c96c7c5d63983,0.997004508972168,False,False,-0.3188551068305969,-0.7087182998657227,0.015317916870117188,1.015435814857483,True,continued_then_tracking_terminated_at62,61,62,1.0838987827301025,True
candidate_G_seed_2,2,241,20,3,0,83,4751ba11e4467ad81bbda7cca7f3eea123bf15515ef9d91ef36c96c7c5d63983,1.0372068881988525,True,False,-0.37126946449279785,-0.8247332572937012,0.21285438537597656,1.2372044324874878,False,tracking_terminated_at61,,,,
candidate_G_seed_2,2,241,39,0,1,156,4751ba11e4467ad81bbda7cca7f3eea123bf15515ef9d91ef36c96c7c5d63983,1.0449424982070923,True,False,-0.629464864730835,-1.3962279558181763,0.08390426635742188,1.0875247716903687,False,tracking_terminated_at61,,,,
candidate_G_seed_2,2,242,20,0,0,80,c872bc7dd120f728e948e0e6c1177f9276cf9b40ef2552a28bd5147da7a2ba21,1.0235711336135864,True,False,-0.22639532387256622,-0.09207462519407272,-0.2304401397705078,0.7941839694976807,False,tracking_terminated_at61,,,,
candidate_G_seed_2,2,242,20,1,0,81,c872bc7dd120f728e948e0e6c1177f9276cf9b40ef2552a28bd5147da7a2ba21,1.0476926565170288,True,False,-0.35169094800949097,-0.49447792768478394,0.18959903717041016,1.2087647914886475,False,tracking_terminated_at61,,,,
candidate_G_seed_2,2,242,20,2,0,82,c872bc7dd120f728e948e0e6c1177f9276cf9b40ef2552a28bd5147da7a2ba21,1.0048229694366455,True,False,-0.4182543158531189,-0.708254873752594,-0.20738601684570312,0.8127058744430542,False,tracking_terminated_at61,,,,
candidate_G_seed_2,2,242,20,3,0,83,c872bc7dd120f728e948e0e6c1177f9276cf9b40ef2552a28bd5147da7a2ba21,1.0578405857086182,True,False,-0.5070070028305054,-0.9932957887649536,0.1600360870361328,1.173553228378296,False,tracking_terminated_at61,,,,
candidate_G_seed_2,2,243,20,0,0,80,5e3ddc003825aad307de5e42465d205b654996268f1a5a0a7b306287cb3248d0,1.0333184003829956,True,False,-0.3078821301460266,-1.7950539588928223,-0.38782644271850586,0.6785300970077515,False,tracking_terminated_at61,,,,
candidate_G_seed_2,2,243,20,1,0,81,5e3ddc003825aad307de5e42465d205b654996268f1a5a0a7b306287cb3248d0,1.0241717100143433,True,False,-0.18507584929466248,-1.267534613609314,-0.5341238975524902,0.5861825942993164,False,tracking_terminated_at61,,,,
candidate_G_seed_2,2,243,20,3,0,83,5e3ddc003825aad307de5e42465d205b654996268f1a5a0a7b306287cb3248d0,1.0107111930847168,True,False,-0.457440584897995,-2.437488555908203,0.1477363109588623,1.1592072248458862,False,tracking_terminated_at61,,,,
candidate_G_seed_2,2,244,20,0,0,80,cb50277eb2b154af8b3cd4b0b3f2db4b02312e799bc439a831e8c312e2ba1c13,1.0191926956176758,True,False,-0.3501209318637848,-1.4487842321395874,-0.07602596282958984,0.9267921447753906,False,tracking_terminated_at61,,,,
candidate_G_seed_2,2,244,20,1,0,81,cb50277eb2b154af8b3cd4b0b3f2db4b02312e799bc439a831e8c312e2ba1c13,0.9884153008460999,False,False,-0.12040431797504425,-0.6806209087371826,0.1552414894104004,1.1679400205612183,True,continued_then_tracking_terminated_at62,61,62,1.0612105131149292,True
candidate_G_seed_2,2,244,20,2,0,82,cb50277eb2b154af8b3cd4b0b3f2db4b02312e799bc439a831e8c312e2ba1c13,1.0266884565353394,True,False,-0.13182592391967773,-0.7188143134117126,0.043526649475097656,1.0444878339767456,False,tracking_terminated_at61,,,,
candidate_G_seed_2,2,244,20,3,0,83,cb50277eb2b154af8b3cd4b0b3f2db4b02312e799bc439a831e8c312e2ba1c13,1.0202034711837769,True,False,-0.13751819729804993,-0.7378490567207336,-0.3523540496826172,0.7030311822891235,False,tracking_terminated_at61,,,,
candidate_G_seed_2,2,245,20,0,0,80,eb6f07bf2f4639954df9f3015d303321a6c7f5b12dacdf917c6f4ae61f474f83,1.0123363733291626,True,False,-0.07660044729709625,-0.43622222542762756,-0.16324281692504883,0.8493849039077759,False,tracking_terminated_at61,,,,
candidate_G_seed_2,2,245,20,1,0,81,eb6f07bf2f4639954df9f3015d303321a6c7f5b12dacdf917c6f4ae61f474f83,0.9965143203735352,False,False,-0.30970948934555054,-1.139573335647583,-0.15598583221435547,0.8555713295936584,True,continued_then_tracking_terminated_at62,61,62,1.0444753170013428,True
candidate_G_seed_2,2,245,20,3,0,83,eb6f07bf2f4639954df9f3015d303321a6c7f5b12dacdf917c6f4ae61f474f83,1.0225729942321777,True,False,-0.47454962134361267,-1.6369394063949585,-0.8433530330657959,0.4302653968334198,False,tracking_terminated_at61,,,,
candidate_G_seed_2,2,246,20,0,0,80,033b9c12034f2767ea044985268d8af39653b203f65b5b4066430cc068328f1f,1.0044254064559937,True,False,-0.33302822709083557,-1.0172053575515747,0.039078474044799805,1.0398520231246948,False,tracking_terminated_at61,,,,
candidate_G_seed_2,2,246,20,1,0,81,033b9c12034f2767ea044985268d8af39653b203f65b5b4066430cc068328f1f,1.0249384641647339,True,False,-0.1141587346792221,-0.40455272793769836,0.32954978942871094,1.3903419971466064,False,tracking_terminated_at61,,,,
candidate_G_seed_2,2,246,20,2,0,82,033b9c12034f2767ea044985268d8af39653b203f65b5b4066430cc068328f1f,1.0057182312011719,True,False,0.046705156564712524,0.04573242738842964,-0.5761623382568359,0.5620511770248413,False,tracking_terminated_at61,,,,
candidate_G_seed_2,2,246,20,3,0,83,033b9c12034f2767ea044985268d8af39653b203f65b5b4066430cc068328f1f,1.0557446479797363,True,False,-0.39268699288368225,-1.1842002868652344,-0.14181256294250488,0.8677839040756226,False,tracking_terminated_at61,,,,
candidate_G_seed_2,2,247,20,1,0,81,9308c0574291511cc09d0cc24a0c2ebf83dc9be9bf6a518e2c5c7100dd752c67,1.0382435321807861,True,False,-0.4198499023914337,-0.9064580202102661,0.0796668529510498,1.0829262733459473,False,tracking_terminated_at61,,,,
candidate_G_seed_2,2,247,20,2,0,82,9308c0574291511cc09d0cc24a0c2ebf83dc9be9bf6a518e2c5c7100dd752c67,1.0132311582565308,True,False,0.0483219139277935,0.5771680474281311,0.23342466354370117,1.2629176378250122,False,tracking_terminated_at61,,,,
candidate_G_seed_2,2,247,20,3,0,83,9308c0574291511cc09d0cc24a0c2ebf83dc9be9bf6a518e2c5c7100dd752c67,0.9911730885505676,False,False,-0.4753038287162781,-1.0821902751922607,0.04266166687011719,1.0435847043991089,True,continued_then_tracking_terminated_at62,61,62,1.055572271347046,True
candidate_G_seed_2,2,248,20,0,0,80,75edf55b5b4c0f7d4523c6377cca118d07ad27583dcbc7f142bf233bda7307c5,1.0545384883880615,True,False,-0.6802234053611755,-1.7384597063064575,-0.5202445983886719,0.5943751335144043,False,tracking_terminated_at61,,,,
candidate_G_seed_2,2,248,20,2,0,82,75edf55b5b4c0f7d4523c6377cca118d07ad27583dcbc7f142bf233bda7307c5,1.0068564414978027,True,False,-0.8231602311134338,-2.076435089111328,-0.04471778869628906,0.9562672972679138,False,tracking_terminated_at61,,,,
candidate_G_seed_2,2,248,20,3,0,83,75edf55b5b4c0f7d4523c6377cca118d07ad27583dcbc7f142bf233bda7307c5,0.9939122796058655,False,False,-0.41223442554473877,-1.10479736328125,-0.2850513458251953,0.7519756555557251,True,continued_then_tracking_terminated_at62,61,62,1.0576515197753906,True
candidate_G_seed_2,2,249,20,1,0,81,330811b88a03abade26eeaa19c376fa1047d329beed0a446be214a6bb3b1e343,0.9937746524810791,False,False,-0.3503352999687195,-0.29446545243263245,-0.3277463912963867,0.7205457091331482,True,continued_then_tracking_terminated_at62,61,62,1.0718393325805664,True
candidate_G_seed_2,2,249,20,2,0,82,330811b88a03abade26eeaa19c376fa1047d329beed0a446be214a6bb3b1e343,1.0060980319976807,True,False,-0.38019660115242004,-0.3589077293872833,-0.2059917449951172,0.8138397932052612,False,tracking_terminated_at61,,,,
candidate_G_seed_2,2,249,20,3,0,83,330811b88a03abade26eeaa19c376fa1047d329beed0a446be214a6bb3b1e343,1.0354171991348267,True,False,-0.3924795091152191,-0.38541486859321594,0.11655807495117188,1.1236227750778198,False,tracking_terminated_at61,,,,
candidate_G_seed_2,2,250,20,0,0,80,77a03fd538ab0193c70de1103b7f44fff53e3d7309e959f2156486527b12b374,1.046858549118042,True,False,-0.32095828652381897,-1.0803165435791016,-0.2245321273803711,0.7988899350166321,False,tracking_terminated_at61,,,,
candidate_G_seed_2,2,250,20,1,0,81,77a03fd538ab0193c70de1103b7f44fff53e3d7309e959f2156486527b12b374,1.0161644220352173,True,False,-0.05202741548418999,-0.26748228073120117,0.25115156173706055,1.285504937171936,False,tracking_terminated_at61,,,,
candidate_G_seed_2,2,250,20,2,0,82,77a03fd538ab0193c70de1103b7f44fff53e3d7309e959f2156486527b12b374,1.0419918298721313,True,False,-0.6524791121482849,-2.082326650619507,-0.2843203544616699,0.7525255084037781,False,tracking_terminated_at61,,,,
candidate_G_seed_2,2,250,20,3,0,83,77a03fd538ab0193c70de1103b7f44fff53e3d7309e959f2156486527b12b374,1.0263419151306152,True,False,-0.2805241644382477,-0.9581058025360107,-0.28234100341796875,0.7540165185928345,False,tracking_terminated_at61,,,,
