# https://github.com/mikedh/trimesh
v -0.00432043 -0.01009799 -0.02152851
v -0.00470507 -0.00995473 -0.02152851
v -0.00432043 -0.01009167 -0.02164500
v -0.00432043 -0.00707887 -0.02152851
v -0.00575892 0.00585301 -0.01021644
v -0.00575892 0.00535158 -0.01022589
v -0.00578394 0.00007812 -0.01042738
v -0.00579285 -0.00042542 -0.01042738
v -0.00622456 -0.00496569 -0.00942935
v -0.00575934 -0.00866954 -0.01374576
v -0.00575934 -0.00900032 -0.01395040
v -0.00575934 -0.00932056 -0.01416134
v -0.00575934 -0.00951229 -0.01449507
v -0.00575934 -0.00961763 -0.01497047
v -0.00575934 -0.00961763 -0.01497362
v -0.00576189 -0.00961552 -0.01547421
v -0.00575934 -0.00960077 -0.01698857
v -0.00503671 -0.00980514 -0.02152851
v -0.00501084 -0.00979039 -0.02203224
v -0.00470507 -0.00992523 -0.02203224
v -0.00432043 -0.01006639 -0.02203224
v -0.00458463 0.01094107 -0.01975598
v -0.00575892 0.00763541 -0.01021644
v -0.00432043 -0.00523748 -0.02319084
v -0.00621142 0.00007812 -0.00942935
v -0.00621184 -0.00041067 -0.00942935
v -0.00588021 0.00007812 -0.01006847
v -0.00588911 -0.00042542 -0.01008106
v -0.00634500 -0.00534282 -0.00942935
v -0.00634840 -0.00535335 -0.00942935
v -0.00672201 -0.00547976 -0.00942935
v -0.00673474 -0.00547976 -0.00942935
v -0.00723855 -0.00547134 -0.00942935
v -0.00773048 -0.00543131 -0.00942935
v -0.00773981 -0.00542920 -0.00942935
v -0.00599768 -0.00927210 -0.01419597
v -0.00606638 -0.00932478 -0.01446673
v -0.00631829 -0.00915201 -0.01446673
v -0.00611812 -0.00936902 -0.01497047
v -0.00610667 -0.00936059 -0.01698857
v -0.00608038 -0.00933952 -0.01799604
v -0.00605239 -0.00931846 -0.01900667
v -0.00575934 -0.00957760 -0.01754268
v -0.00575934 -0.00953335 -0.01850293
v -0.00529158 -0.00965977 -0.02152851
v -0.00596884 -0.00925525 -0.02180241
v -0.00575850 -0.00936270 -0.02199761
v -0.00575934 -0.00933320 -0.02241320
v -0.00567113 -0.00937534 -0.02253598
v -0.00497776 -0.00977143 -0.02253598
v -0.00495867 -0.00976089 -0.02280044
v -0.00470507 -0.00988941 -0.02253598
v -0.00454774 -0.00980093 -0.02455408
v -0.00432043 -0.00994208 -0.02369773
v -0.00432043 -0.00523748 -0.03949936
v -0.00458463 0.01093264 -0.01988821
v -0.00575934 0.01140247 -0.01194174
v -0.00575934 0.01142565 -0.01143801
v -0.00575934 0.01141511 -0.01130577
v -0.00575934 0.01120864 -0.01094056
v -0.00575934 0.01118968 -0.01092797
v -0.00575934 0.01066507 -0.01068240
v -0.00621142 0.00763541 -0.00942935
v -0.00812276 -0.00530700 -0.00942935
v -0.00657401 -0.00883599 -0.01410782
v -0.00663338 -0.00890340 -0.01446673
v -0.00637002 -0.00917308 -0.01497047
v -0.00635900 -0.00915833 -0.01698857
v -0.00634628 -0.00914780 -0.01749545
v -0.00628309 -0.00910145 -0.01974968
v -0.00626019 -0.00908459 -0.02052103
v -0.00597732 -0.00926157 -0.02153165
v -0.00575934 -0.00938798 -0.02157888
v -0.00622965 -0.00905931 -0.02153165
v -0.00616943 -0.00908249 -0.02199446
v -0.00621863 -0.00900243 -0.02253913
v -0.00594976 -0.00924261 -0.02213929
v -0.00575850 -0.00932478 -0.02253598
v -0.00553161 -0.00929528 -0.02455408
v -0.00549429 -0.00927421 -0.02505782
v -0.00520931 -0.00943223 -0.02505782
v -0.00479964 -0.00968716 -0.02455408
v -0.00432043 -0.00990205 -0.02422350
v -0.00474706 -0.00966609 -0.02505782
v -0.00449515 -0.00977564 -0.02505782
v -0.00446122 -0.00976300 -0.02534432
v -0.00432043 -0.00530279 -0.03947102
v -0.00454265 -0.00333498 -0.04045646
v -0.00454265 -0.00329074 -0.04047535
v -0.00454265 -0.00295364 -0.04060758
v -0.00454265 -0.00248171 -0.04077759
v -0.00454265 -0.00228156 -0.04084371
v -0.00454265 -0.00212776 -0.04088779
v -0.00454265 -0.00187072 -0.04095075
v -0.00454265 -0.00162843 -0.04100113
v -0.00454265 -0.00043806 -0.04124670
v -0.00454265 0.00007391 -0.04132856
v -0.00454265 0.00159084 -0.04149542
v -0.00454265 0.00208596 -0.04154265
v -0.00454265 0.00259160 -0.04157098
v -0.00454265 0.00284864 -0.04158043
v -0.00454265 0.00360079 -0.04159302
v -0.00454265 0.00410643 -0.04158672
v -0.00454265 0.00432765 -0.04156154
v -0.00458463 0.00796408 -0.03937028
v -0.00458463 0.00802518 -0.03927897
v -0.00458463 0.00808839 -0.03917823
v -0.00458463 0.00833910 -0.03877524
v -0.00458463 0.00846341 -0.03854855
v -0.00458463 0.00884264 -0.03776461
v -0.00458463 0.00892692 -0.03755997
v -0.00458463 0.00895641 -0.03748126
v -0.00458463 0.00916078 -0.03676973
v -0.00458463 0.00919027 -0.03664379
v -0.00458463 0.00927666 -0.03626284
v -0.00458463 0.00938200 -0.03579059
v -0.00458463 0.00942835 -0.03555761
v -0.00458463 0.00943467 -0.03552298
v -0.00458463 0.00952526 -0.03474848
v -0.00458463 0.01001827 -0.03009205
v -0.00458463 0.01042700 -0.02555841
v -0.00458463 0.01088629 -0.02041084
v -0.00462959 0.01093896 -0.01975598
v -0.00575977 0.01138140 -0.01223139
v -0.00583780 0.01137719 -0.01194174
v -0.00587766 0.01139826 -0.01143801
v -0.00659648 0.01098742 -0.01102557
v -0.00621820 0.01109066 -0.01094056
v -0.00621820 0.01066507 -0.01068555
v -0.00722582 0.00825694 -0.00942935
v -0.00721353 0.00825694 -0.00942935
v -0.00672201 0.00825062 -0.00942935
v -0.00670971 0.00824851 -0.00942935
v -0.00634034 0.00805889 -0.00942935
v -0.00837509 -0.00502890 -0.00942935
v -0.00750445 -0.00777202 -0.01367019
v -0.00705958 -0.00833455 -0.01396299
v -0.00688529 -0.00865480 -0.01446673
v -0.00664144 -0.00892026 -0.01497047
v -0.00664059 -0.00891815 -0.01547421
v -0.00663550 -0.00890762 -0.01698857
v -0.00660454 -0.00887391 -0.01850293
v -0.00655959 -0.00883177 -0.02052103
v -0.00653669 -0.00880860 -0.02153165
v -0.00652185 -0.00879385 -0.02203539
v -0.00650064 -0.00877489 -0.02253913
v -0.00648283 -0.00875803 -0.02289804
v -0.00613847 -0.00889076 -0.02455723
v -0.00592389 -0.00922786 -0.02253913
v -0.00575850 -0.00915833 -0.02459816
v -0.00575850 -0.00919415 -0.02415739
v -0.00575850 -0.00911620 -0.02505782
v -0.00566817 -0.00912252 -0.02553637
v -0.00546969 -0.00925946 -0.02535062
v -0.00524451 -0.00936481 -0.02553637
v -0.00514654 -0.00936059 -0.02606215
v -0.00432043 -0.00985570 -0.02475873
v -0.00493450 -0.00924261 -0.02822193
v -0.00474197 -0.00935427 -0.02806451
v -0.00465970 -0.00965766 -0.02552693
v -0.00432043 -0.00981778 -0.02519005
v -0.00463637 -0.00934374 -0.02858399
v -0.00432043 -0.00950175 -0.02822193
v -0.00440355 -0.00974615 -0.02567805
v -0.00432043 -0.00543973 -0.03939861
v -0.00454265 -0.00356885 -0.04033997
v -0.00496079 -0.00371211 -0.03992754
v -0.00503119 -0.00345297 -0.03999365
v -0.00485605 -0.00298314 -0.04035257
v -0.00461517 -0.00294943 -0.04055721
v -0.00493789 -0.00265236 -0.04041553
v -0.00469786 -0.00242904 -0.04067685
v -0.00500702 -0.00231737 -0.04047220
v -0.00474960 -0.00194025 -0.04077445
v -0.00494086 -0.00062135 -0.04092242
v -0.00474578 -0.00044438 -0.04110187
v -0.00464400 -0.00093106 -0.04107354
v -0.00498369 -0.00028636 -0.04095705
v -0.00470507 0.00007391 -0.04121207
v -0.00456894 0.00208596 -0.04152690
v -0.00501296 0.00007391 -0.04098224
v -0.00458548 0.00259160 -0.04154579
v -0.00460329 0.00360079 -0.04154894
v -0.00485817 0.00410643 -0.04136319
v -0.00460584 0.00410643 -0.04154265
v -0.00484841 0.00432976 -0.04135374
v -0.00459057 0.00432765 -0.04153320
v -0.00484841 0.00511561 -0.04124040
v -0.00484841 0.00523781 -0.04120577
v -0.00484841 0.00557491 -0.04110502
v -0.00458463 0.00695911 -0.04047535
v -0.00458463 0.00698229 -0.04045646
v -0.00458463 0.00744369 -0.04002513
v -0.00458463 0.00748372 -0.03998106
v -0.00458463 0.00769862 -0.03971660
v -0.00458463 0.00783978 -0.03953399
v -0.00486198 0.00783557 -0.03935453
v -0.00469913 0.00803782 -0.03917823
v -0.00505240 0.00795776 -0.03901766
v -0.00474239 0.00830961 -0.03869023
v -0.00493493 0.00838124 -0.03839113
v -0.00474239 0.00857086 -0.03819909
v -0.00544722 0.00838335 -0.03788740
v -0.00472076 0.00881525 -0.03767961
v -0.00489845 0.00887003 -0.03732699
v -0.00502780 0.00893113 -0.03699011
v -0.00472076 0.00900908 -0.03715068
v -0.00470634 0.00916078 -0.03664379
v -0.00470634 0.00927244 -0.03614320
v -0.00472840 0.00936304 -0.03568354
v -0.00491118 0.00938621 -0.03528055
v -0.00472840 0.00945574 -0.03511999
v -0.00502313 0.00992135 -0.03040059
v -0.00470634 0.01000352 -0.03009205
v -0.00470634 0.01072407 -0.02203539
v -0.00521016 0.01062504 -0.02224633
v -0.00519362 0.01084837 -0.01975598
v -0.00575977 0.01135191 -0.01260290
v -0.00575977 0.01136455 -0.01244863
v -0.00581151 0.01136455 -0.01222824
v -0.00604899 0.01095582 -0.01597794
v -0.00621820 0.01120232 -0.01194174
v -0.00621820 0.01124024 -0.01143801
v -0.00664229 0.01101270 -0.01143801
v -0.00689462 0.01086101 -0.01143801
v -0.00711217 0.01055130 -0.01101927
v -0.00674746 0.01069668 -0.01088704
v -0.00772709 0.00806732 -0.00942935
v -0.00850910 -0.00477397 -0.00942935
v -0.00803710 -0.00684501 -0.01346240
v -0.00774109 -0.00748760 -0.01396299
v -0.00753413 -0.00781837 -0.01396299
v -0.00731107 -0.00807120 -0.01396299
v -0.00711938 -0.00840619 -0.01446673
v -0.00689377 -0.00865480 -0.01497047
v -0.00688741 -0.00865480 -0.01698857
v -0.00685645 -0.00862741 -0.01850293
v -0.00682846 -0.00860002 -0.01974968
v -0.00678775 -0.00855999 -0.02153165
v -0.00677290 -0.00854945 -0.02203539
v -0.00675212 -0.00852838 -0.02253913
v -0.00696289 -0.00823342 -0.02354976
v -0.00694169 -0.00820814 -0.02404720
v -0.00646375 -0.00874328 -0.02323492
v -0.00691624 -0.00818286 -0.02455723
v -0.00666434 -0.00842304 -0.02455723
v -0.00610964 -0.00886759 -0.02505782
v -0.00581956 -0.00916676 -0.02404720
v -0.00605069 -0.00881702 -0.02606530
v -0.00601719 -0.00878963 -0.02656274
v -0.00598920 -0.00876646 -0.02697202
v -0.00575850 -0.00881281 -0.02788820
v -0.00564484 -0.00886127 -0.02808025
v -0.00524960 -0.00914148 -0.02757651
v -0.00516520 -0.00913516 -0.02806451
v -0.00520931 -0.00904456 -0.02858399
v -0.00488828 -0.00921943 -0.02858399
v -0.00432043 -0.00972929 -0.02608104
v -0.00456725 -0.00931214 -0.02909087
v -0.00432043 -0.00946172 -0.02858399
v -0.00432043 -0.00557036 -0.03931361
v -0.00458166 -0.00585268 -0.03901136
v -0.00454265 -0.00426832 -0.03996532
v -0.00469235 -0.00391016 -0.04004088
v -0.00485138 -0.00404921 -0.03983309
v -0.00491796 -0.00565885 -0.03888543
v -0.00506809 -0.00380481 -0.03978271
v -0.00547818 -0.00374161 -0.03943954
v -0.00528310 -0.00345297 -0.03975752
v -0.00506809 -0.00329285 -0.04003143
v -0.00514739 -0.00294732 -0.04010699
v -0.00506809 -0.00236583 -0.04039664
v -0.00506809 -0.00194235 -0.04051943
v -0.00531575 -0.00194235 -0.04028960
v -0.00512534 -0.00143671 -0.04058239
v -0.00506809 -0.00017891 -0.04089408
v -0.00506809 0.00007391 -0.04093186
v -0.00537767 -0.00143671 -0.04034942
v -0.00543068 -0.00093317 -0.04040294
v -0.00478946 0.00158242 -0.04130652
v -0.00482085 0.00208596 -0.04133171
v -0.00506809 0.00057745 -0.04098539
v -0.00504307 0.00057534 -0.04100742
v -0.00483739 0.00259160 -0.04134115
v -0.00485562 0.00360079 -0.04135689
v -0.00506809 0.00410643 -0.04119003
v -0.00498200 0.00432976 -0.04124670
v -0.00513933 0.00461208 -0.04109558
v -0.00484841 0.00461208 -0.04132226
v -0.00484841 0.00466053 -0.04131596
v -0.00508844 0.00511561 -0.04104835
v -0.00502695 0.00550960 -0.04099483
v -0.00494086 0.00584669 -0.04092557
v -0.00484841 0.00575821 -0.04102631
v -0.00484841 0.00594150 -0.04093186
v -0.00490566 0.00594150 -0.04089408
v -0.00482509 0.00695911 -0.04030534
v -0.00473476 0.00714662 -0.04019829
v -0.00490990 0.00734678 -0.03988346
v -0.00507827 0.00749847 -0.03954658
v -0.00523348 0.00766070 -0.03919397
v -0.00538827 0.00782292 -0.03882246
v -0.00511092 0.00846552 -0.03805111
v -0.00575977 0.00817056 -0.03773313
v -0.00590014 0.00833068 -0.03714438
v -0.00596587 0.00838967 -0.03689251
v -0.00554221 0.00844866 -0.03755052
v -0.00520083 0.00878576 -0.03715068
v -0.00525129 0.00855611 -0.03769535
v -0.00551507 0.00794091 -0.03848244
v -0.00562703 0.00804836 -0.03816131
v -0.00596587 0.00788613 -0.03790314
v -0.00538106 0.00885739 -0.03664379
v -0.00512916 0.00898170 -0.03664379
v -0.00521016 0.00919027 -0.03563632
v -0.00517284 0.00930404 -0.03511999
v -0.00528098 0.00933143 -0.03462569
v -0.00497861 0.00940728 -0.03494053
v -0.00543068 0.00990028 -0.02978666
v -0.00536113 0.00988132 -0.03009205
v -0.00510880 0.00993399 -0.03009205
v -0.00544255 0.01040593 -0.02426758
v -0.00575977 0.01114333 -0.01497047
v -0.00599768 0.01093054 -0.01648168
v -0.00579157 0.01135402 -0.01244863
v -0.00599217 0.01042278 -0.02191576
v -0.00630132 0.01082730 -0.01597794
v -0.00634203 0.01084837 -0.01547421
v -0.00660793 0.01099164 -0.01194174
v -0.00647605 0.01091790 -0.01373946
v -0.00709521 0.01051970 -0.01345925
v -0.00717197 0.01060819 -0.01143801
v -0.00672159 0.01062083 -0.01547421
v -0.00676781 0.01054709 -0.01599369
v -0.00694635 0.01039118 -0.01648168
v -0.00696671 0.01040382 -0.01616999
v -0.00698537 0.01041857 -0.01583627
v -0.00702820 0.01045649 -0.01497047
v -0.00707443 0.01049863 -0.01395984
v -0.00760199 0.01004355 -0.01101927
v -0.00797985 0.00787981 -0.00942935
v -0.00742387 0.01035537 -0.01143801
v -0.00854388 -0.00447058 -0.00942935
v -0.00859689 -0.00446005 -0.01346240
v -0.00852691 -0.00492987 -0.01346240
v -0.00847984 -0.00515741 -0.01222824
v -0.00847814 -0.00514477 -0.01194174
v -0.00843192 -0.00547134 -0.01295237
v -0.00832632 -0.00597277 -0.01346240
v -0.00830766 -0.00597277 -0.01295237
v -0.00817874 -0.00648052 -0.01346240
v -0.00804897 -0.00688504 -0.01396299
v -0.00793659 -0.00713997 -0.01396299
v -0.00775381 -0.00748760 -0.01446673
v -0.00755025 -0.00784787 -0.01446673
v -0.00737086 -0.00809859 -0.01446673
v -0.00711217 -0.00840408 -0.01698857
v -0.00710411 -0.00839355 -0.01749545
v -0.00707740 -0.00836405 -0.01900667
v -0.00703117 -0.00830927 -0.02153165
v -0.00701887 -0.00829452 -0.02203539
v -0.00700191 -0.00827556 -0.02253913
v -0.00697392 -0.00824396 -0.02329159
v -0.00711853 -0.00793004 -0.02455723
v -0.00709945 -0.00790265 -0.02505782
v -0.00633355 -0.00862530 -0.02555841
v -0.00707697 -0.00787315 -0.02555841
v -0.00705280 -0.00784155 -0.02606530
v -0.00688868 -0.00815547 -0.02505782
v -0.00647732 -0.00825239 -0.02787560
v -0.00663592 -0.00839776 -0.02505782
v -0.00608122 -0.00884231 -0.02555841
v -0.00625934 -0.00841251 -0.02805821
v -0.00596460 -0.00874539 -0.02730575
v -0.00589759 -0.00870115 -0.02807710
v -0.00575850 -0.00878963 -0.02808025
v -0.00575850 -0.00876014 -0.02831008
v -0.00559183 -0.00882966 -0.02858399
v -0.00544383 -0.00874118 -0.02978351
v -0.00526444 -0.00864637 -0.03110582
v -0.00445953 -0.00925736 -0.02986852
v -0.00432043 -0.00944276 -0.02875085
v -0.00432043 -0.00591588 -0.03908063
v -0.00432043 -0.00608865 -0.03892321
v -0.00457573 -0.00631619 -0.03854226
v -0.00469235 -0.00611603 -0.03865875
v -0.00474663 -0.00601912 -0.03871227
v -0.00508166 -0.00585268 -0.03854855
v -0.00541796 -0.00565463 -0.03835650
v -0.00521609 -0.00548819 -0.03868393
v -0.00538361 -0.00407660 -0.03934824
v -0.00554349 -0.00434838 -0.03901451
v -0.00561388 -0.00392912 -0.03917823
v -0.00550277 -0.00372475 -0.03942065
v -0.00553712 -0.00345297 -0.03950565
v -0.00550277 -0.00345297 -0.03954029
v -0.00539930 -0.00294732 -0.03986142
v -0.00545188 -0.00266922 -0.03991809
v -0.00550362 -0.00233212 -0.03997791
v -0.00555833 -0.00194235 -0.04003773
v -0.00548454 -0.00032007 -0.04045961
v -0.00526486 0.00007391 -0.04074296
v -0.00529540 0.00057745 -0.04077759
v -0.00561685 -0.00143671 -0.04010070
v -0.00565926 -0.00093317 -0.04015107
v -0.00512279 0.00208806 -0.04107984
v -0.00514697 0.00259160 -0.04108928
v -0.00539887 0.00259160 -0.04087834
v -0.00515842 0.00410643 -0.04111447
v -0.00526105 0.00432976 -0.04100742
v -0.00539166 0.00461208 -0.04086890
v -0.00534035 0.00511561 -0.04081852
v -0.00550277 0.00562126 -0.04050998
v -0.00550277 0.00571818 -0.04047535
v -0.00547309 0.00589094 -0.04044072
v -0.00540099 0.00594150 -0.04047535
v -0.00504307 0.00594150 -0.04078074
v -0.00504731 0.00695911 -0.04013848
v -0.00509989 0.00701179 -0.04005032
v -0.00537512 0.00695911 -0.03983623
v -0.00541456 0.00733835 -0.03937028
v -0.00556639 0.00748583 -0.03903025
v -0.00590396 0.00731307 -0.03883191
v -0.00570888 0.00763120 -0.03865875
v -0.00605620 0.00797462 -0.03756626
v -0.00622244 0.00804414 -0.03710031
v -0.00647435 0.00789034 -0.03689881
v -0.00652227 0.00794091 -0.03665009
v -0.00602949 0.00844866 -0.03655564
v -0.00575977 0.00860246 -0.03668787
v -0.00564696 0.00852661 -0.03714753
v -0.00602100 0.00743948 -0.03849188
v -0.00575977 0.00791984 -0.03816131
v -0.00612321 0.00755114 -0.03815501
v -0.00645866 0.00736152 -0.03787795
v -0.00625722 0.00767755 -0.03772368
v -0.00639292 0.00780186 -0.03723569
v -0.00570888 0.00879629 -0.03618098
v -0.00545231 0.00889321 -0.03637618
v -0.00525468 0.00903647 -0.03618098
v -0.00553712 0.00893534 -0.03603931
v -0.00561982 0.00898802 -0.03563632
v -0.00574662 0.00901751 -0.03511369
v -0.00571481 0.00911443 -0.03462569
v -0.00535901 0.00936514 -0.03412510
v -0.00571481 0.00974438 -0.03009205
v -0.00548581 0.00991714 -0.02944979
v -0.00549684 0.01042068 -0.02393386
v -0.00586282 0.01037011 -0.02304602
v -0.00600022 0.00992346 -0.02707277
v -0.00610200 0.00997402 -0.02606530
v -0.00669402 0.01054920 -0.01648168
v -0.00635391 0.00984551 -0.02606530
v -0.00650064 0.00992135 -0.02447223
v -0.00653669 0.00994032 -0.02405349
v -0.00661726 0.00998877 -0.02304602
v -0.00665458 0.01001405 -0.02253913
v -0.00734711 0.01027741 -0.01345925
v -0.00730428 0.01023738 -0.01446358
v -0.00739376 0.01032587 -0.01222824
v -0.00696459 0.00990028 -0.02170796
v -0.00748239 0.00991293 -0.01626445
v -0.00749512 0.00992557 -0.01597794
v -0.00765754 0.01010254 -0.01143801
v -0.00790987 0.00978441 -0.01143801
v -0.00802904 0.00949155 -0.01105391
v -0.00805660 0.00762909 -0.00942935
v -0.00850104 0.00844234 -0.01113261
v -0.00763294 0.01007515 -0.01222824
v -0.00764270 0.01008569 -0.01194174
v -0.00854472 -0.00446005 -0.00942935
v -0.00862615 -0.00395861 -0.01295237
v -0.00862615 -0.00395861 -0.01396299
v -0.00859392 -0.00446005 -0.01396299
v -0.00852437 -0.00492777 -0.01396299
v -0.00848026 -0.00514688 -0.01553717
v -0.00848026 -0.00514899 -0.01547421
v -0.00848069 -0.00515952 -0.01497047
v -0.00842004 -0.00547134 -0.01648483
v -0.00843065 -0.00547134 -0.01346240
v -0.00848069 -0.00516374 -0.01244863
v -0.00832250 -0.00597277 -0.01648483
v -0.00818595 -0.00648052 -0.01396299
v -0.00818128 -0.00648052 -0.01597794
v -0.00817959 -0.00648052 -0.01648483
v -0.00804897 -0.00687450 -0.01497047
v -0.00793659 -0.00712522 -0.01648483
v -0.00754940 -0.00784787 -0.01497047
v -0.00774363 -0.00748970 -0.01648483
v -0.00754898 -0.00784366 -0.01547421
v -0.00736408 -0.00808384 -0.01698857
v -0.00730131 -0.00801220 -0.02052103
v -0.00729198 -0.00800167 -0.02102477
v -0.00731955 -0.00794479 -0.02151591
v -0.00725551 -0.00799324 -0.02203539
v -0.00746331 -0.00771724 -0.02203539
v -0.00737001 -0.00757398 -0.02455723
v -0.00735093 -0.00754238 -0.02505782
v -0.00712998 -0.00745810 -0.02807710
v -0.00696756 -0.00772989 -0.02775912
v -0.00732845 -0.00750867 -0.02555841
v -0.00686026 -0.00812597 -0.02555841
v -0.00683100 -0.00809437 -0.02606530
v -0.00694975 -0.00770882 -0.02807710
v -0.00665586 -0.00803327 -0.02805821
v -0.00645484 -0.00822921 -0.02820933
v -0.00616986 -0.00841461 -0.02858084
v -0.00584501 -0.00866533 -0.02858084
v -0.00575850 -0.00870325 -0.02872251
v -0.00566901 -0.00839355 -0.03110582
v -0.00561219 -0.00835141 -0.03160641
v -0.00554518 -0.00830506 -0.03211015
v -0.00516690 -0.00862109 -0.03158123
v -0.00497140 -0.00875803 -0.03139547
v -0.00470507 -0.00894343 -0.03110582
v -0.00438616 -0.00923418 -0.03020854
v -0.00432043 -0.00932056 -0.02972369
v -0.00432043 -0.00937534 -0.02929237
v -0.00473094 -0.00885495 -0.03158123
v -0.00432043 -0.00615817 -0.03885080
v -0.00484035 -0.00611603 -0.03851707
v -0.00432043 -0.00636254 -0.03860522
v -0.00432043 -0.00693349 -0.03776776
v -0.00448794 -0.00675441 -0.03794407
v -0.00482424 -0.00664907 -0.03778035
v -0.00498539 -0.00676073 -0.03744663
v -0.00491245 -0.00618977 -0.03836280
v -0.00523518 -0.00600226 -0.03819279
v -0.00538827 -0.00615396 -0.03781498
v -0.00552864 -0.00581686 -0.03801963
v -0.00561346 -0.00547976 -0.03818020
v -0.00550786 -0.00531754 -0.03847929
v -0.00575850 -0.00352882 -0.03920971
v -0.00595315 -0.00367419 -0.03889487
v -0.00575850 -0.00347825 -0.03923490
v -0.00588318 -0.00295154 -0.03932305
v -0.00575934 -0.00295154 -0.03946473
v -0.00550277 -0.00294943 -0.03975123
v -0.00593958 -0.00259548 -0.03938917
v -0.00598241 -0.00226049 -0.03944584
v -0.00575850 -0.00194235 -0.03980160
v -0.00587003 -0.00143671 -0.03980475
v -0.00551422 0.00007391 -0.04049109
v -0.00550277 0.00007391 -0.04050369
v -0.00591244 -0.00093106 -0.03985512
v -0.00554433 0.00057745 -0.04052572
v -0.00541075 0.00410643 -0.04088779
v -0.00550277 0.00208806 -0.04072092
v -0.00563339 0.00259371 -0.04062962
v -0.00550277 0.00281071 -0.04077445
v -0.00550277 0.00432344 -0.04077445
v -0.00562576 0.00460997 -0.04061703
v -0.00550277 0.00461208 -0.04074926
v -0.00550277 0.00490282 -0.04069574
v -0.00550277 0.00511561 -0.04065166
v -0.00575977 0.00558334 -0.04024867
v -0.00597223 0.00588251 -0.03993068
v -0.00575977 0.00600892 -0.04008495
v -0.00550277 0.00594150 -0.04038090
v -0.00575977 0.00656513 -0.03970715
v -0.00575977 0.00666626 -0.03962844
v -0.00553373 0.00695911 -0.03965363
v -0.00603161 0.00697597 -0.03901136
v -0.00678393 0.00759328 -0.03659972
v -0.00686069 0.00771548 -0.03614006
v -0.00652863 0.00746476 -0.03754423
v -0.00657952 0.00763541 -0.03710031
v -0.00692685 0.00781660 -0.03572447
v -0.00661090 0.00803150 -0.03614006
v -0.00635688 0.00828011 -0.03614006
v -0.00610582 0.00852029 -0.03614006
v -0.00696756 0.00634602 -0.03789369
v -0.00689928 0.00665151 -0.03769535
v -0.00694932 0.00683481 -0.03733643
v -0.00686451 0.00712977 -0.03716013
v -0.00645908 0.00685588 -0.03839113
v -0.00654644 0.00702653 -0.03805111
v -0.00587300 0.00883843 -0.03563632
v -0.00575977 0.00890585 -0.03563632
v -0.00593619 0.00887635 -0.03527111
v -0.00598241 0.00890585 -0.03493423
v -0.00602355 0.00893113 -0.03462569
v -0.00643957 0.00938200 -0.03008890
v -0.00618682 0.00951473 -0.03008890
v -0.00667918 0.00954212 -0.02707277
v -0.00686875 0.00983287 -0.02304602
v -0.00690691 0.00985815 -0.02253913
v -0.00751547 0.00994664 -0.01547421
v -0.00698155 0.00940939 -0.02637698
v -0.00717663 0.00960532 -0.02253913
v -0.00746967 0.00939253 -0.02170167
v -0.00759520 0.00902173 -0.02405349
v -0.00761598 0.00904701 -0.02355290
v -0.00765415 0.00909757 -0.02253913
v -0.00771225 0.00965168 -0.01597794
v -0.00788527 0.00975280 -0.01222824
v -0.00799214 0.00941781 -0.01446358
v -0.00800402 0.00943678 -0.01395984
v -0.00804812 0.00953159 -0.01143801
v -0.00824108 0.00915024 -0.01143801
v -0.00817662 0.00713188 -0.00942935
v -0.00852140 0.00814317 -0.01106650
v -0.00848069 0.00528627 -0.00942935
v -0.00844082 0.00561915 -0.00942935
v -0.00836364 0.00611005 -0.00942935
v -0.00842810 0.00871413 -0.01143801
v -0.00850613 0.00845920 -0.01143801
v -0.00855236 0.00814317 -0.01143801
v -0.00782336 0.00968960 -0.01395984
v -0.00857229 -0.00397126 -0.00942935
v -0.00859349 -0.00345297 -0.00942935
v -0.00860028 -0.00295996 -0.00942935
v -0.00862615 -0.00345508 -0.01244863
v -0.00865032 0.00309935 -0.01597794
v -0.00863802 0.00309935 -0.01946318
v -0.00862530 0.00309935 -0.02304602
v -0.00861894 0.00259371 -0.02355290
v -0.00861300 0.00259371 -0.02405349
v -0.00860537 0.00259371 -0.02455723
v -0.00851631 -0.00244589 -0.02203539
v -0.00849892 -0.00289254 -0.02203539
v -0.00848705 -0.00320225 -0.02177723
v -0.00861427 -0.00395861 -0.01446673
v -0.00848408 -0.00466652 -0.01814087
v -0.00848832 -0.00472340 -0.01780714
v -0.00850147 -0.00484139 -0.01648483
v -0.00847263 -0.00509632 -0.01648483
v -0.00847772 -0.00512792 -0.01597794
v -0.00843658 -0.00496569 -0.01900667
v -0.00838654 -0.00547134 -0.01799604
v -0.00831360 -0.00597277 -0.01698857
v -0.00803879 -0.00687450 -0.01648483
v -0.00804812 -0.00687029 -0.01547421
v -0.00817026 -0.00648052 -0.01698857
v -0.00793447 -0.00711679 -0.01698857
v -0.00774109 -0.00748970 -0.01698857
v -0.00753625 -0.00782891 -0.01698857
v -0.00750233 -0.00777624 -0.01974968
v -0.00749215 -0.00776149 -0.02052103
v -0.00748494 -0.00774885 -0.02102477
v -0.00747434 -0.00773199 -0.02167333
v -0.00761768 -0.00746653 -0.02203539
v -0.00760623 -0.00743493 -0.02253913
v -0.00753371 -0.00732326 -0.02455723
v -0.00747900 -0.00723899 -0.02582602
v -0.00738146 -0.00707676 -0.02807710
v -0.00710326 -0.00741386 -0.02858084
v -0.00691497 -0.00766457 -0.02858084
v -0.00666264 -0.00794689 -0.02858084
v -0.00657867 -0.00785630 -0.02958831
v -0.00642176 -0.00819761 -0.02858084
v -0.00607274 -0.00833245 -0.02958831
v -0.00595442 -0.00823553 -0.03078784
v -0.00575850 -0.00834509 -0.03100508
v -0.00575850 -0.00828399 -0.03137029
v -0.00575850 -0.00824396 -0.03160641
v -0.00575850 -0.00821025 -0.03177643
v -0.00549260 -0.00826924 -0.03247221
v -0.00520931 -0.00849889 -0.03211015
v -0.00491669 -0.00872854 -0.03173235
v -0.00432043 -0.00921311 -0.03049189
v -0.00459354 -0.00882545 -0.03211015
v -0.00432043 -0.00900032 -0.03176068
v -0.00432043 -0.00720739 -0.03734588
v -0.00436453 -0.00719685 -0.03732699
v -0.00467539 -0.00683658 -0.03763238
v -0.00550362 -0.00627405 -0.03747811
v -0.00518683 -0.00646156 -0.03762923
v -0.00505197 -0.00631197 -0.03802592
v -0.00470719 -0.00709994 -0.03715698
v -0.00487683 -0.00719264 -0.03681695
v -0.00508293 -0.00684501 -0.03715698
v -0.00533526 -0.00662379 -0.03715698
v -0.00562067 -0.00598120 -0.03764812
v -0.00575850 -0.00598962 -0.03738996
v -0.00586409 -0.00599594 -0.03718846
v -0.00595442 -0.00569256 -0.03738051
v -0.00575850 -0.00549451 -0.03790944
v -0.00575850 -0.00533439 -0.03803537
v -0.00575850 -0.00523748 -0.03811093
v -0.00572414 -0.00523748 -0.03817075
v -0.00589208 -0.00396072 -0.03880042
v -0.00598496 -0.00425357 -0.03844781
v -0.00581744 -0.00348457 -0.03915934
v -0.00603500 -0.00396072 -0.03854855
v -0.00611261 -0.00348457 -0.03870282
v -0.00601295 -0.00333498 -0.03898618
v -0.00606553 -0.00295154 -0.03906803
v -0.00609903 -0.00243536 -0.03920026
v -0.00620887 -0.00194025 -0.03917193
v -0.00601422 -0.00194025 -0.03948362
v -0.00581151 -0.00194025 -0.03973863
v -0.00605790 -0.00143671 -0.03954973
v -0.00575934 0.00004863 -0.04019515
v -0.00575934 0.00058166 -0.04027386
v -0.00609352 -0.00093106 -0.03960325
v -0.00596290 -0.00014310 -0.03992124
v -0.00561473 0.00208806 -0.04060128
v -0.00575977 0.00209017 -0.04043442
v -0.00564060 0.00309725 -0.04063277
v -0.00564187 0.00410643 -0.04063592
v -0.00586791 0.00209017 -0.04030534
v -0.00575977 0.00259582 -0.04047850
v -0.00575850 0.00283600 -0.04048794
v -0.00563466 0.00432765 -0.04062962
v -0.00558505 0.00511561 -0.04056350
v -0.00587936 0.00460997 -0.04032108
v -0.00575977 0.00492810 -0.04040609
v -0.00600616 0.00562126 -0.03996846
v -0.00620845 0.00562126 -0.03967252
v -0.00642134 0.00562126 -0.03933250
v -0.00651761 0.00599839 -0.03900192
v -0.00635009 0.00614797 -0.03917193
v -0.00601464 0.00597732 -0.03980160
v -0.00588614 0.00621750 -0.03980475
v -0.00591074 0.00678003 -0.03935139
v -0.00611600 0.00661991 -0.03917508
v -0.00645272 0.00632916 -0.03888228
v -0.00638953 0.00666415 -0.03869338
v -0.00692600 0.00729410 -0.03674769
v -0.00697816 0.00739313 -0.03641081
v -0.00705577 0.00764384 -0.03558909
v -0.00697349 0.00788824 -0.03538445
v -0.00701421 0.00746265 -0.03614006
v -0.00670335 0.00811788 -0.03556705
v -0.00648283 0.00840020 -0.03541593
v -0.00642600 0.00834542 -0.03574966
v -0.00624237 0.00855400 -0.03560798
v -0.00692642 0.00562126 -0.03829668
v -0.00700064 0.00597732 -0.03797240
v -0.00707061 0.00615640 -0.03769535
v -0.00725933 0.00612480 -0.03714438
v -0.00702863 0.00649561 -0.03755682
v -0.00665543 0.00666415 -0.03819594
v -0.00654475 0.00651878 -0.03854855
v -0.00651930 0.00597732 -0.03900821
v -0.00675933 0.00562126 -0.03866189
v -0.00701378 0.00695911 -0.03699956
v -0.00617791 0.00871834 -0.03511369
v -0.00627630 0.00874573 -0.03462569
v -0.00633610 0.00879629 -0.03412510
v -0.00698198 0.00890585 -0.03036911
v -0.00672074 0.00915656 -0.03008890
v -0.00780512 0.00966853 -0.01446358
v -0.00700064 0.00892270 -0.03008890
v -0.00725212 0.00866988 -0.03008890
v -0.00748409 0.00890374 -0.02637069
v -0.00755025 0.00897116 -0.02506097
v -0.00788824 0.00873519 -0.02304602
v -0.00792471 0.00879419 -0.02203539
v -0.00771098 0.00864460 -0.02606530
v -0.00793362 0.00931879 -0.01648168
v -0.00798451 0.00940307 -0.01475323
v -0.00793998 0.00881947 -0.02153165
v -0.00809138 0.00909125 -0.01597794
v -0.00813082 0.00914814 -0.01446358
v -0.00815202 0.00914814 -0.01395984
v -0.00821394 0.00915024 -0.01222824
v -0.00832887 0.00864460 -0.01547421
v -0.00834541 0.00864460 -0.01497047
v -0.00837806 0.00864460 -0.01395984
v -0.00855448 0.00410643 -0.00942935
v -0.00852903 0.00460997 -0.00942935
v -0.00850147 0.00502502 -0.00942935
v -0.00848917 0.00840020 -0.01333962
v -0.00849935 0.00843602 -0.01222824
v -0.00840987 0.00860035 -0.01348759
v -0.00848578 0.00838756 -0.01367649
v -0.00852564 0.00804625 -0.01547421
v -0.00858756 0.00763541 -0.01597794
v -0.00859604 0.00257896 -0.00942935
v -0.00858713 0.00309725 -0.00942935
v -0.00857229 0.00358604 -0.00942935
v -0.00863590 0.00712977 -0.01597794
v -0.00865244 0.00662623 -0.01597794
v -0.00860155 -0.00245643 -0.00942935
v -0.00862615 0.00309935 -0.01244863
v -0.00865244 0.00511561 -0.01597794
v -0.00863845 0.00607845 -0.02153165
v -0.00863760 0.00562126 -0.02153165
v -0.00862869 0.00360079 -0.02253913
v -0.00862615 0.00360079 -0.02304602
v -0.00862148 0.00309935 -0.02355290
v -0.00860706 0.00309935 -0.02455723
v -0.00859689 0.00309935 -0.02505782
v -0.00859307 0.00259371 -0.02505782
v -0.00850486 -0.00244589 -0.02253913
v -0.00849256 -0.00277877 -0.02253913
v -0.00840223 -0.00446215 -0.02203539
v -0.00841835 -0.00496569 -0.01974968
v -0.00836406 -0.00547134 -0.01900667
v -0.00830130 -0.00597277 -0.01749545
v -0.00809138 -0.00648052 -0.02052103
v -0.00803243 -0.00686607 -0.01698857
v -0.00799257 -0.00675863 -0.02102477
v -0.00799808 -0.00677548 -0.02052103
v -0.00789630 -0.00702620 -0.02052103
v -0.00767663 -0.00748970 -0.01974968
v -0.00765881 -0.00748760 -0.02052103
v -0.00764439 -0.00748760 -0.02102477
v -0.00759944 -0.00753606 -0.02151591
v -0.00783820 -0.00698195 -0.02253913
v -0.00781360 -0.00698195 -0.02304602
v -0.00775890 -0.00698195 -0.02404720
v -0.00788952 -0.00701145 -0.02102477
v -0.00772582 -0.00698195 -0.02455723
v -0.00759732 -0.00693349 -0.02656274
v -0.00755576 -0.00686186 -0.02757336
v -0.00753032 -0.00682394 -0.02807710
v -0.00735432 -0.00702409 -0.02858084
v -0.00706510 -0.00736119 -0.02908458
v -0.00699597 -0.00726638 -0.02998186
v -0.00691073 -0.00714418 -0.03109953
v -0.00662108 -0.00752131 -0.03105230
v -0.00644212 -0.00770882 -0.03118768
v -0.00625213 -0.00791318 -0.03105230
v -0.00592219 -0.00820814 -0.03109953
v -0.00586536 -0.00816179 -0.03160327
v -0.00575850 -0.00812597 -0.03215738
v -0.00543831 -0.00823342 -0.03280909
v -0.00444384 -0.00874750 -0.03285002
v -0.00432043 -0.00890551 -0.03226757
v -0.00432043 -0.00723899 -0.03728291
v -0.00454053 -0.00727902 -0.03699011
v -0.00543280 -0.00671017 -0.03685473
v -0.00559480 -0.00637096 -0.03715698
v -0.00575850 -0.00627826 -0.03699956
v -0.00593449 -0.00617713 -0.03682640
v -0.00570930 -0.00611603 -0.03731440
v -0.00470719 -0.00735908 -0.03665009
v -0.00500575 -0.00727691 -0.03648008
v -0.00521906 -0.00699459 -0.03666898
v -0.00603161 -0.00584004 -0.03704678
v -0.00611430 -0.00550505 -0.03718846
v -0.00633143 -0.00443476 -0.03762923
v -0.00609734 -0.00497833 -0.03767331
v -0.00601040 -0.00481821 -0.03798814
v -0.00593831 -0.00515320 -0.03785591
v -0.00588190 -0.00550505 -0.03767331
v -0.00584289 -0.00497833 -0.03815816
v -0.00606850 -0.00443898 -0.03815816
v -0.00622541 -0.00396072 -0.03816131
v -0.00648495 -0.00424936 -0.03743718
v -0.00628012 -0.00295154 -0.03866504
v -0.00638826 -0.00247960 -0.03865560
v -0.00628309 -0.00143671 -0.03917193
v -0.00641328 -0.00194025 -0.03878783
v -0.00600192 0.00058166 -0.03997161
v -0.00602482 0.00112312 -0.04000624
v -0.00612194 -0.00042963 -0.03964733
v -0.00637427 -0.00042963 -0.03923490
v -0.00575977 0.00410854 -0.04050054
v -0.00575977 0.00310146 -0.04049109
v -0.00589632 0.00360079 -0.04033682
v -0.00588742 0.00259582 -0.04032423
v -0.00606172 0.00209017 -0.04005347
v -0.00589463 0.00310146 -0.04033053
v -0.00583907 0.00511351 -0.04028015
v -0.00589632 0.00410854 -0.04033682
v -0.00607995 0.00460997 -0.04006921
v -0.00605366 0.00511351 -0.04002513
v -0.00632889 0.00510719 -0.03963789
v -0.00648325 0.00493021 -0.03944269
v -0.00655662 0.00562126 -0.03908377
v -0.00705492 0.00712977 -0.03659972
v -0.00718511 0.00713188 -0.03614006
v -0.00733863 0.00708974 -0.03560483
v -0.00738486 0.00720562 -0.03513258
v -0.00716094 0.00763752 -0.03513258
v -0.00726951 0.00763752 -0.03462569
v -0.00700191 0.00792616 -0.03513258
v -0.00676739 0.00817477 -0.03513258
v -0.00651803 0.00843813 -0.03513258
v -0.00695568 0.00524203 -0.03836595
v -0.00702778 0.00562126 -0.03803852
v -0.00717239 0.00562126 -0.03765757
v -0.00723388 0.00597732 -0.03730180
v -0.00728350 0.00597732 -0.03714753
v -0.00742218 0.00597732 -0.03666898
v -0.00741157 0.00611216 -0.03661861
v -0.00746119 0.00627439 -0.03632266
v -0.00726738 0.00662834 -0.03665009
v -0.00709563 0.00665151 -0.03716013
v -0.00686026 0.00509033 -0.03862411
v -0.00657528 0.00849501 -0.03462569
v -0.00745398 0.00836439 -0.03071858
v -0.00748282 0.00840020 -0.03037855
v -0.00687468 0.00829275 -0.03412510
v -0.00764779 0.00860878 -0.02707277
v -0.00749978 0.00841917 -0.03008890
v -0.00793956 0.00830961 -0.02606530
v -0.00805703 0.00853926 -0.02203539
v -0.00807102 0.00856875 -0.02153165
v -0.00831105 0.00864460 -0.01597794
v -0.00826059 0.00814106 -0.02203539
v -0.00828561 0.00814106 -0.02153165
v -0.00845355 0.00827169 -0.01597794
v -0.00852098 0.00802097 -0.01597794
v -0.00845779 0.00773233 -0.02102792
v -0.00849595 0.00744580 -0.02153165
v -0.00854600 0.00713188 -0.02153165
v -0.00860282 0.00662834 -0.02203539
v -0.00861173 0.00662834 -0.02153165
v -0.00862996 0.00712977 -0.01648168
v -0.00859986 0.00158874 -0.00942935
v -0.00861809 0.00662834 -0.02102792
v -0.00863293 0.00662623 -0.01946318
v -0.00864184 0.00662623 -0.01849978
v -0.00864566 0.00662623 -0.01799604
v -0.00864862 0.00662623 -0.01749545
v -0.00865117 0.00662623 -0.01698542
v -0.00865244 0.00662623 -0.01648168
v -0.00860155 0.00108309 -0.00942935
v -0.00863802 0.00612480 -0.02153165
v -0.00863293 0.00607845 -0.02207947
v -0.00863421 0.00562126 -0.02203539
v -0.00863039 0.00460997 -0.02253913
v -0.00862827 0.00562126 -0.02253913
v -0.00862021 0.00360079 -0.02355290
v -0.00860325 0.00460997 -0.02455723
v -0.00859731 0.00410854 -0.02505782
v -0.00859773 0.00360079 -0.02505782
v -0.00857399 0.00562126 -0.02606530
v -0.00858501 0.00410854 -0.02555841
v -0.00858332 0.00360079 -0.02555841
v -0.00858035 0.00309935 -0.02555841
v -0.00857441 0.00259371 -0.02555841
v -0.00842895 -0.00194025 -0.02555841
v -0.00843065 -0.00244589 -0.02505782
v -0.00844676 -0.00244589 -0.02455723
v -0.00849214 -0.00242482 -0.02302398
v -0.00848790 -0.00271557 -0.02283823
v -0.00842004 -0.00295154 -0.02455723
v -0.00840266 -0.00295154 -0.02505782
v -0.00838400 -0.00446215 -0.02253913
v -0.00835855 -0.00496569 -0.02203539
v -0.00829960 -0.00547134 -0.02153165
v -0.00832590 -0.00547134 -0.02052103
v -0.00834541 -0.00547134 -0.01974968
v -0.00827628 -0.00597277 -0.01850293
v -0.00807908 -0.00648052 -0.02102477
v -0.00804939 -0.00652266 -0.02152851
v -0.00798621 -0.00674177 -0.02135849
v -0.00794507 -0.00660272 -0.02354976
v -0.00793574 -0.00656479 -0.02404720
v -0.00792217 -0.00652687 -0.02455723
v -0.00783354 -0.00648052 -0.02606530
v -0.00757781 -0.00689557 -0.02706648
v -0.00779537 -0.00648052 -0.02656274
v -0.00775593 -0.00648052 -0.02706648
v -0.00771394 -0.00648052 -0.02757336
v -0.00766730 -0.00648052 -0.02807710
v -0.00750021 -0.00677337 -0.02858084
v -0.00707527 -0.00688925 -0.03109953
v -0.00703371 -0.00682605 -0.03160327
v -0.00686535 -0.00707676 -0.03160327
v -0.00661430 -0.00741175 -0.03160327
v -0.00639886 -0.00766036 -0.03160327
v -0.00614653 -0.00790897 -0.03160327
v -0.00608292 -0.00785208 -0.03211015
v -0.00579836 -0.00810280 -0.03211015
v -0.00575850 -0.00809437 -0.03228646
v -0.00568174 -0.00807330 -0.03262963
v -0.00575850 -0.00789422 -0.03307040
v -0.00561134 -0.00787315 -0.03362451
v -0.00552907 -0.00779941 -0.03412825
v -0.00537300 -0.00819339 -0.03312078
v -0.00512067 -0.00833245 -0.03312078
v -0.00470507 -0.00855156 -0.03312078
v -0.00435987 -0.00871800 -0.03312078
v -0.00432043 -0.00873275 -0.03312078
v -0.00432043 -0.00877067 -0.03294762
v -0.00432043 -0.00881702 -0.03273038
v -0.00432043 -0.00732748 -0.03710031
v -0.00432043 -0.00748760 -0.03676973
v -0.00553161 -0.00679655 -0.03651786
v -0.00575850 -0.00683237 -0.03605190
v -0.00596375 -0.00672702 -0.03588189
v -0.00600531 -0.00628458 -0.03649267
v -0.00610667 -0.00599594 -0.03665639
v -0.00432043 -0.00770460 -0.03630692
v -0.00468556 -0.00760137 -0.03613061
v -0.00484035 -0.00768564 -0.03573707
v -0.00496376 -0.00774674 -0.03540019
v -0.00510201 -0.00735065 -0.03614635
v -0.00543789 -0.00721581 -0.03584726
v -0.00535434 -0.00714207 -0.03614635
v -0.00649725 -0.00577051 -0.03596375
v -0.00643321 -0.00560407 -0.03630062
v -0.00642303 -0.00458435 -0.03728921
v -0.00649174 -0.00477186 -0.03695548
v -0.00634882 -0.00494884 -0.03713809
v -0.00652354 -0.00396072 -0.03751904
v -0.00649767 -0.00329706 -0.03797555
v -0.00653711 -0.00443476 -0.03713809
v -0.00666646 -0.00396072 -0.03715383
v -0.00643321 -0.00295154 -0.03832187
v -0.00646502 -0.00267132 -0.03839743
v -0.00649767 -0.00233212 -0.03847614
v -0.00648453 -0.00078990 -0.03894839
v -0.00636663 -0.00094581 -0.03913415
v -0.00652524 -0.00194025 -0.03853911
v -0.00611812 0.00004441 -0.03972289
v -0.00619912 0.00058166 -0.03967252
v -0.00648665 0.00222501 -0.03944584
v -0.00650107 -0.00042963 -0.03898618
v -0.00608462 0.00360079 -0.04008495
v -0.00608758 0.00410854 -0.04008810
v -0.00607486 0.00259582 -0.04006921
v -0.00608038 0.00310146 -0.04007866
v -0.00632719 0.00259582 -0.03971345
v -0.00633186 0.00460997 -0.03971030
v -0.00649343 0.00460997 -0.03945843
v -0.00663889 0.00460997 -0.03916878
v -0.00697986 0.00490493 -0.03842577
v -0.00657655 0.00510719 -0.03920026
v -0.00744550 0.00678846 -0.03574966
v -0.00748282 0.00689380 -0.03541278
v -0.00751378 0.00695279 -0.03513258
v -0.00743956 0.00731307 -0.03462569
v -0.00747010 0.00736995 -0.03433604
v -0.00737468 0.00761013 -0.03415344
v -0.00739885 0.00774076 -0.03361822
v -0.00744168 0.00782292 -0.03311448
v -0.00746755 0.00787349 -0.03280594
v -0.00705534 0.00799147 -0.03462569
v -0.00682549 0.00824219 -0.03462569
v -0.00723049 0.00511351 -0.03765757
v -0.00734075 0.00562126 -0.03714753
v -0.00744847 0.00562126 -0.03678547
v -0.00751293 0.00562126 -0.03653360
v -0.00748791 0.00593729 -0.03643600
v -0.00749639 0.00597732 -0.03637618
v -0.00754898 0.00597732 -0.03614950
v -0.00752608 0.00611216 -0.03614950
v -0.00763337 0.00612480 -0.03563632
v -0.00749851 0.00645136 -0.03598264
v -0.00740267 0.00662412 -0.03614950
v -0.00710411 0.00804625 -0.03412510
v -0.00749469 0.00791984 -0.03247221
v -0.00751802 0.00796198 -0.03211015
v -0.00758587 0.00817477 -0.03057060
v -0.00766221 0.00814106 -0.03008890
v -0.00771607 0.00814106 -0.02959146
v -0.00792090 0.00827379 -0.02655959
v -0.00789927 0.00823165 -0.02707277
v -0.00804897 0.00802518 -0.02655959
v -0.00806721 0.00805889 -0.02606530
v -0.00830681 0.00814106 -0.02102792
v -0.00826610 0.00763752 -0.02606530
v -0.00844973 0.00769862 -0.02153165
v -0.00848620 0.00738891 -0.02230615
v -0.00848959 0.00740998 -0.02203539
v -0.00853370 0.00713188 -0.02203539
v -0.00857059 0.00662834 -0.02355290
v -0.00859265 0.00662834 -0.02253913
v -0.00860113 0.00612480 -0.02405349
v -0.00861088 0.00612480 -0.02355290
v -0.00861936 0.00612480 -0.02304602
v -0.00863293 0.00612480 -0.02203539
v -0.00862615 0.00607845 -0.02258636
v -0.00858586 0.00562126 -0.02555841
v -0.00858671 0.00511351 -0.02555841
v -0.00848620 0.00587619 -0.02833841
v -0.00855617 0.00562126 -0.02655959
v -0.00857271 0.00511351 -0.02606530
v -0.00857229 0.00607845 -0.02555841
v -0.00855914 0.00607845 -0.02606530
v -0.00856975 0.00460997 -0.02606530
v -0.00842428 0.00314360 -0.02954739
v -0.00848747 0.00276647 -0.02785671
v -0.00848450 0.00242937 -0.02779375
v -0.00841071 -0.00244589 -0.02555841
v -0.00839757 -0.00042963 -0.02757336
v -0.00840817 -0.00194025 -0.02606530
v -0.00848281 -0.00257862 -0.02317195
v -0.00838654 -0.00244589 -0.02606530
v -0.00837764 -0.00295154 -0.02555841
v -0.00828306 -0.00446215 -0.02505782
v -0.00833904 -0.00496569 -0.02253913
v -0.00828434 -0.00547134 -0.02203539
v -0.00819952 -0.00597488 -0.02153165
v -0.00818298 -0.00597488 -0.02203539
v -0.00805448 -0.00644470 -0.02203539
v -0.00804303 -0.00641521 -0.02253913
v -0.00803031 -0.00638571 -0.02304602
v -0.00799554 -0.00627405 -0.02455723
v -0.00798790 -0.00624455 -0.02489725
v -0.00791666 -0.00644049 -0.02505782
v -0.00786958 -0.00648052 -0.02555841
v -0.00797730 -0.00620663 -0.02522783
v -0.00796585 -0.00615817 -0.02555841
v -0.00794719 -0.00608232 -0.02606530
v -0.00781572 -0.00597488 -0.02807710
v -0.00776696 -0.00597488 -0.02858084
v -0.00750318 -0.00629301 -0.03008890
v -0.00761174 -0.00648052 -0.02858084
v -0.00748155 -0.00673756 -0.02885789
v -0.00728774 -0.00648052 -0.03109953
v -0.00721183 -0.00648052 -0.03160327
v -0.00699852 -0.00677127 -0.03196848
v -0.00683482 -0.00695667 -0.03212589
v -0.00646926 -0.00723478 -0.03285946
v -0.00655789 -0.00734222 -0.03211015
v -0.00633525 -0.00759505 -0.03211015
v -0.00597435 -0.00774674 -0.03289095
v -0.00592431 -0.00770039 -0.03322782
v -0.00575850 -0.00779309 -0.03343876
v -0.00575850 -0.00774042 -0.03362451
v -0.00575934 -0.00758662 -0.03415029
v -0.00547733 -0.00775517 -0.03441790
v -0.00520252 -0.00814283 -0.03365600
v -0.00503034 -0.00828399 -0.03350803
v -0.00520931 -0.00800588 -0.03412825
v -0.00474536 -0.00839355 -0.03365600
v -0.00451466 -0.00827767 -0.03448716
v -0.00432043 -0.00833245 -0.03459421
v -0.00432043 -0.00870325 -0.03323097
v -0.00602397 -0.00679655 -0.03554816
v -0.00647053 -0.00672913 -0.03437697
v -0.00643109 -0.00666803 -0.03462884
v -0.00636706 -0.00648052 -0.03516721
v -0.00646120 -0.00621084 -0.03535926
v -0.00641201 -0.00612657 -0.03563947
v -0.00606977 -0.00639414 -0.03614635
v -0.00575850 -0.00698827 -0.03571503
v -0.00586494 -0.00713997 -0.03513573
v -0.00593831 -0.00720739 -0.03480515
v -0.00632846 -0.00595381 -0.03613691
v -0.00432043 -0.00772567 -0.03625655
v -0.00450406 -0.00776570 -0.03595115
v -0.00432043 -0.00792582 -0.03576540
v -0.00432043 -0.00820604 -0.03500664
v -0.00441415 -0.00822710 -0.03482404
v -0.00504010 -0.00779309 -0.03513573
v -0.00539760 -0.00769828 -0.03475478
v -0.00529243 -0.00762244 -0.03513573
v -0.00469150 -0.00814072 -0.03464773
v -0.00552270 -0.00729166 -0.03551038
v -0.00651888 -0.00631408 -0.03502239
v -0.00654856 -0.00587164 -0.03563947
v -0.00679835 -0.00597488 -0.03462884
v -0.00693957 -0.00559985 -0.03462884
v -0.00686493 -0.00542709 -0.03508850
v -0.00668978 -0.00547134 -0.03563947
v -0.00669784 -0.00446215 -0.03665009
v -0.00670463 -0.00295154 -0.03766072
v -0.00653839 -0.00295154 -0.03807315
v -0.00683270 -0.00396072 -0.03665009
v -0.00678223 -0.00345508 -0.03715383
v -0.00657867 -0.00247960 -0.03820223
v -0.00679368 -0.00244589 -0.03766072
v -0.00667324 -0.00194025 -0.03816131
v -0.00656892 -0.00094581 -0.03870597
v -0.00664186 -0.00042963 -0.03866504
v -0.00684373 -0.00042963 -0.03816131
v -0.00664059 0.00259582 -0.03916878
v -0.00649640 0.00259582 -0.03945843
v -0.00668342 0.00007812 -0.03866504
v -0.00633271 0.00310146 -0.03971974
v -0.00633991 0.00410854 -0.03971974
v -0.00649852 0.00410854 -0.03946787
v -0.00664737 0.00410854 -0.03916878
v -0.00686917 0.00460997 -0.03867764
v -0.00698028 0.00460997 -0.03842891
v -0.00707400 0.00460997 -0.03816131
v -0.00724873 0.00460997 -0.03765757
v -0.00752650 0.00662412 -0.03560483
v -0.00772327 0.00662834 -0.03462569
v -0.00756848 0.00706024 -0.03462569
v -0.00760029 0.00717401 -0.03415344
v -0.00757103 0.00757221 -0.03311448
v -0.00759520 0.00767755 -0.03262963
v -0.00739376 0.00511351 -0.03714753
v -0.00747264 0.00511351 -0.03687677
v -0.00753498 0.00511351 -0.03663120
v -0.00760708 0.00562126 -0.03614320
v -0.00762574 0.00597732 -0.03579059
v -0.00765669 0.00597732 -0.03563632
v -0.00772540 0.00597732 -0.03528370
v -0.00782760 0.00612480 -0.03462569
v -0.00768850 0.00763752 -0.03211015
v -0.00789121 0.00771126 -0.03008890
v -0.00791920 0.00776815 -0.02959146
v -0.00794253 0.00781450 -0.02908772
v -0.00781106 0.00814106 -0.02858084
v -0.00802819 0.00798094 -0.02707277
v -0.00807102 0.00756167 -0.02908772
v -0.00815711 0.00763752 -0.02757651
v -0.00819655 0.00763752 -0.02707277
v -0.00823514 0.00763752 -0.02655959
v -0.00836534 0.00713188 -0.02707277
v -0.00839630 0.00713188 -0.02655959
v -0.00841920 0.00713188 -0.02606530
v -0.00828900 0.00763752 -0.02555841
v -0.00843531 0.00713188 -0.02555841
v -0.00846203 0.00723300 -0.02405349
v -0.00854388 0.00662834 -0.02455723
v -0.00851249 0.00655038 -0.02606530
v -0.00857017 0.00612480 -0.02555841
v -0.00859180 0.00607845 -0.02460131
v -0.00861215 0.00607845 -0.02355290
v -0.00848620 0.00578560 -0.02833841
v -0.00855745 0.00607845 -0.02611252
v -0.00855660 0.00612480 -0.02606530
v -0.00853751 0.00612480 -0.02655959
v -0.00850189 0.00647875 -0.02655959
v -0.00849171 0.00641344 -0.02693110
v -0.00841920 0.00612480 -0.02908772
v -0.00839121 0.00612480 -0.02959146
v -0.00839799 0.00607845 -0.02954739
v -0.00843107 0.00566129 -0.02954739
v -0.00843404 0.00562126 -0.02954739
v -0.00845609 0.00562126 -0.02908458
v -0.00849468 0.00561915 -0.02812118
v -0.00843022 0.00415067 -0.02954739
v -0.00840011 0.00309935 -0.03009205
v -0.00842386 0.00309935 -0.02954739
v -0.00841707 0.00259371 -0.02954739
v -0.00837636 -0.00042963 -0.02807710
v -0.00837933 -0.00093106 -0.02757336
v -0.00835516 -0.00093106 -0.02807710
v -0.00835728 -0.00143671 -0.02757336
v -0.00828179 -0.00244589 -0.02807710
v -0.00824405 -0.00295154 -0.02807710
v -0.00825465 -0.00446215 -0.02555841
v -0.00823005 -0.00496569 -0.02505782
v -0.00825380 -0.00496569 -0.02455723
v -0.00827543 -0.00496569 -0.02404720
v -0.00826483 -0.00547134 -0.02253913
v -0.00824320 -0.00547134 -0.02304602
v -0.00816135 -0.00597488 -0.02253913
v -0.00803286 -0.00601280 -0.02505782
v -0.00806805 -0.00597488 -0.02455723
v -0.00802565 -0.00590535 -0.02555841
v -0.00800741 -0.00582950 -0.02606530
v -0.00785601 -0.00597488 -0.02757336
v -0.00793786 -0.00544184 -0.02808340
v -0.00788527 -0.00547134 -0.02858084
v -0.00795058 -0.00556825 -0.02757336
v -0.00771055 -0.00597488 -0.02908458
v -0.00748367 -0.00624245 -0.03039115
v -0.00739843 -0.00654583 -0.03008890
v -0.00743193 -0.00662589 -0.02958831
v -0.00753371 -0.00637307 -0.02958831
v -0.00746289 -0.00616449 -0.03072487
v -0.00743914 -0.00607390 -0.03109953
v -0.00731955 -0.00597488 -0.03211015
v -0.00723346 -0.00597488 -0.03261389
v -0.00706679 -0.00640046 -0.03261389
v -0.00709945 -0.00651634 -0.03212589
v -0.00701463 -0.00630144 -0.03311763
v -0.00692642 -0.00665328 -0.03261389
v -0.00633313 -0.00696720 -0.03417548
v -0.00604687 -0.00732116 -0.03412510
v -0.00586494 -0.00764351 -0.03362137
v -0.00599725 -0.00726638 -0.03446827
v -0.00575850 -0.00744546 -0.03458791
v -0.00570718 -0.00748338 -0.03461310
v -0.00522118 -0.00785840 -0.03460680
v -0.00486453 -0.00819972 -0.03412825
v -0.00432043 -0.00824817 -0.03488701
v -0.00609607 -0.00688504 -0.03513573
v -0.00686832 -0.00655426 -0.03311763
v -0.00663677 -0.00652898 -0.03417548
v -0.00658249 -0.00641521 -0.03462884
v -0.00615459 -0.00701566 -0.03463199
v -0.00575934 -0.00723688 -0.03513573
v -0.00575850 -0.00729798 -0.03498775
v -0.00432043 -0.00780784 -0.03605505
v -0.00561219 -0.00736961 -0.03513573
v -0.00662023 -0.00601491 -0.03516721
v -0.00694508 -0.00614974 -0.03374100
v -0.00691455 -0.00597909 -0.03416603
v -0.00697095 -0.00570941 -0.03436438
v -0.00701124 -0.00534703 -0.03462884
v -0.00697774 -0.00523115 -0.03489645
v -0.00687002 -0.00442844 -0.03611172
v -0.00698155 -0.00423672 -0.03591652
v -0.00689377 -0.00293047 -0.03712235
v -0.00692769 -0.00348879 -0.03665324
v -0.00694169 -0.00396072 -0.03627858
v -0.00695399 -0.00308638 -0.03682640
v -0.00688147 -0.00190022 -0.03760719
v -0.00693066 -0.00244589 -0.03725772
v -0.00695780 -0.00204348 -0.03734903
v -0.00690140 0.00006337 -0.03812352
v -0.00697562 -0.00170849 -0.03740885
v -0.00695399 -0.00042963 -0.03785591
v -0.00696968 -0.00011360 -0.03789684
v -0.00664822 0.00310146 -0.03916878
v -0.00682507 0.00209017 -0.03866189
v -0.00685687 0.00259582 -0.03866189
v -0.00686578 0.00310146 -0.03866189
v -0.00649810 0.00310146 -0.03946787
v -0.00690267 0.00058166 -0.03821483
v -0.00695272 0.00209017 -0.03835335
v -0.00664822 0.00360079 -0.03916878
v -0.00696289 0.00259582 -0.03838169
v -0.00723049 0.00259582 -0.03765757
v -0.00723727 0.00310146 -0.03765757
v -0.00724152 0.00360079 -0.03765757
v -0.00740224 0.00360079 -0.03714753
v -0.00740436 0.00410854 -0.03714753
v -0.00740564 0.00460997 -0.03714753
v -0.00781148 0.00662834 -0.03412510
v -0.00797264 0.00683692 -0.03280594
v -0.00770886 0.00713188 -0.03361822
v -0.00779070 0.00713188 -0.03311448
v -0.00788273 0.00710027 -0.03262334
v -0.00747646 0.00460997 -0.03689566
v -0.00753541 0.00460997 -0.03664379
v -0.00764652 0.00511351 -0.03614320
v -0.00771225 0.00562126 -0.03563632
v -0.00782166 0.00597732 -0.03477996
v -0.00784923 0.00597732 -0.03462569
v -0.00796458 0.00562126 -0.03425419
v -0.00793320 0.00597732 -0.03412196
v -0.00792302 0.00608266 -0.03408103
v -0.00799596 0.00691487 -0.03246907
v -0.00789884 0.00721194 -0.03211015
v -0.00801971 0.00746055 -0.03008890
v -0.00804727 0.00751532 -0.02959146
v -0.00819274 0.00713188 -0.02959146
v -0.00823133 0.00713188 -0.02908772
v -0.00826610 0.00713188 -0.02858084
v -0.00833353 0.00713188 -0.02757651
v -0.00831148 0.00662834 -0.02959146
v -0.00834201 0.00662834 -0.02908772
v -0.00846203 0.00673157 -0.02655959
v -0.00847305 0.00680110 -0.02606530
v -0.00852055 0.00659673 -0.02555841
v -0.00835389 0.00612480 -0.03008890
v -0.00840011 0.00561494 -0.03009205
v -0.00840393 0.00511351 -0.03009205
v -0.00840393 0.00460997 -0.03009205
v -0.00843361 0.00515986 -0.02954739
v -0.00843234 0.00465843 -0.02954739
v -0.00840181 0.00360079 -0.03009205
v -0.00836661 0.00309935 -0.03059264
v -0.00836152 0.00259582 -0.03059264
v -0.00839417 0.00259582 -0.03009205
v -0.00830639 -0.00194025 -0.02807710
v -0.00824744 -0.00244589 -0.02858084
v -0.00820758 -0.00295154 -0.02858084
v -0.00809265 -0.00446215 -0.02807710
v -0.00820037 -0.00496569 -0.02555841
v -0.00814948 -0.00547134 -0.02505782
v -0.00817535 -0.00547134 -0.02455723
v -0.00811725 -0.00547134 -0.02555841
v -0.00808163 -0.00547134 -0.02606530
v -0.00797985 -0.00570941 -0.02678312
v -0.00797688 -0.00518902 -0.02825656
v -0.00799002 -0.00525433 -0.02791968
v -0.00782336 -0.00496569 -0.03008890
v -0.00776780 -0.00496569 -0.03059264
v -0.00771140 -0.00496569 -0.03109953
v -0.00782887 -0.00547134 -0.02908458
v -0.00800275 -0.00531754 -0.02757336
v -0.00777120 -0.00547134 -0.02958831
v -0.00771267 -0.00547134 -0.03008890
v -0.00765118 -0.00597488 -0.02958831
v -0.00759181 -0.00547134 -0.03109953
v -0.00748452 -0.00574733 -0.03139862
v -0.00740903 -0.00593906 -0.03157808
v -0.00746077 -0.00565674 -0.03173550
v -0.00743278 -0.00554718 -0.03211015
v -0.00739461 -0.00542077 -0.03256352
v -0.00728562 -0.00547134 -0.03311763
v -0.00713634 -0.00597488 -0.03311763
v -0.00698240 -0.00624245 -0.03340728
v -0.00700657 -0.00581475 -0.03403065
v -0.00706722 -0.00551558 -0.03416603
v -0.00722837 -0.00496569 -0.03412510
v -0.00711811 -0.00496569 -0.03462884
v -0.00710242 -0.00396072 -0.03563947
v -0.00700827 -0.00396072 -0.03602357
v -0.00711811 -0.00446215 -0.03513573
v -0.00723940 -0.00446215 -0.03462884
v -0.00722243 -0.00396072 -0.03513573
v -0.00698325 -0.00274928 -0.03693029
v -0.00696883 -0.00368051 -0.03637618
v -0.00700021 -0.00334341 -0.03649267
v -0.00702947 -0.00293047 -0.03665324
v -0.00700530 -0.00244589 -0.03700900
v -0.00710793 -0.00244589 -0.03665009
v -0.00702523 -0.00190022 -0.03716957
v -0.00707867 -0.00143671 -0.03715383
v -0.00698113 0.00022139 -0.03793147
v -0.00704262 -0.00042963 -0.03760090
v -0.00712829 -0.00093106 -0.03715383
v -0.00704983 0.00006337 -0.03769850
v -0.00720080 0.00209017 -0.03765757
v -0.00738994 0.00259582 -0.03714753
v -0.00739758 0.00310146 -0.03714753
v -0.00747434 0.00360079 -0.03688307
v -0.00747603 0.00410854 -0.03688937
v -0.00797857 0.00636077 -0.03334746
v -0.00802649 0.00665151 -0.03262334
v -0.00764058 0.00460997 -0.03614320
v -0.00797603 0.00310146 -0.03434549
v -0.00774490 0.00511351 -0.03563632
v -0.00747179 0.00310146 -0.03686733
v -0.00780682 0.00562126 -0.03513258
v -0.00789969 0.00562126 -0.03462569
v -0.00797985 0.00511351 -0.03436438
v -0.00799850 0.00562126 -0.03400232
v -0.00798324 0.00588251 -0.03388583
v -0.00795525 0.00597732 -0.03398028
v -0.00808756 0.00662834 -0.03211015
v -0.00827161 0.00662834 -0.03008890
v -0.00801462 0.00695911 -0.03211015
v -0.00830936 0.00612480 -0.03059264
v -0.00827119 0.00562126 -0.03160641
v -0.00836025 0.00562337 -0.03059264
v -0.00836788 0.00511351 -0.03059264
v -0.00836788 0.00360079 -0.03059264
v -0.00840308 0.00410854 -0.03009205
v -0.00832632 0.00410854 -0.03110268
v -0.00828434 0.00460997 -0.03160641
v -0.00831911 0.00360079 -0.03115305
v -0.00831742 0.00259582 -0.03110268
v -0.00814821 0.00007812 -0.03160327
v -0.00816262 -0.00042963 -0.03109953
v -0.00812149 -0.00042963 -0.03160327
v -0.00808883 -0.00093106 -0.03160327
v -0.00803243 -0.00244589 -0.03109953
v -0.00798663 -0.00273453 -0.03139547
v -0.00805236 -0.00446215 -0.02858084
v -0.00800444 -0.00484139 -0.02858084
v -0.00802098 -0.00499729 -0.02808340
v -0.00806212 -0.00496569 -0.02757336
v -0.00809732 -0.00496569 -0.02706648
v -0.00816602 -0.00496569 -0.02606530
v -0.00796034 -0.00509632 -0.02858084
v -0.00798833 -0.00474868 -0.02889253
v -0.00774236 -0.00446215 -0.03160327
v -0.00765033 -0.00496569 -0.03160327
v -0.00765330 -0.00547134 -0.03059264
v -0.00752692 -0.00547976 -0.03157808
v -0.00757951 -0.00496569 -0.03211015
v -0.00749724 -0.00529436 -0.03211015
v -0.00747815 -0.00521851 -0.03236202
v -0.00745229 -0.00511738 -0.03269575
v -0.00749554 -0.00478239 -0.03296966
v -0.00742218 -0.00495726 -0.03313022
v -0.00732718 -0.00496569 -0.03362137
v -0.00718851 -0.00547134 -0.03362137
v -0.00734245 -0.00446215 -0.03412510
v -0.00746713 -0.00464966 -0.03330338
v -0.00716221 -0.00295154 -0.03614635
v -0.00733185 -0.00396072 -0.03462884
v -0.00748239 -0.00272610 -0.03489960
v -0.00728011 -0.00295154 -0.03563947
v -0.00716688 -0.00194025 -0.03665009
v -0.00724024 -0.00244589 -0.03614635
v -0.00709818 0.00058166 -0.03766072
v -0.00717409 -0.00042963 -0.03715383
v -0.00721353 0.00007812 -0.03715383
v -0.00735687 0.00209017 -0.03714753
v -0.00746628 0.00259582 -0.03684529
v -0.00799808 0.00597732 -0.03366544
v -0.00811301 0.00612480 -0.03260759
v -0.00791454 0.00259582 -0.03462569
v -0.00797348 0.00259582 -0.03432345
v -0.00801250 0.00310146 -0.03408732
v -0.00797942 0.00460997 -0.03436123
v -0.00801250 0.00460997 -0.03410936
v -0.00801250 0.00511351 -0.03411251
v -0.00811004 0.00562126 -0.03311763
v -0.00811216 0.00597732 -0.03275871
v -0.00816856 0.00612480 -0.03211015
v -0.00818595 0.00597732 -0.03211015
v -0.00822624 0.00562126 -0.03211015
v -0.00824108 0.00511351 -0.03211015
v -0.00828561 0.00511351 -0.03160641
v -0.00832293 0.00511351 -0.03115305
v -0.00823769 0.00460997 -0.03211015
v -0.00818213 0.00410854 -0.03261389
v -0.00811979 0.00310146 -0.03311763
v -0.00806890 0.00310146 -0.03362137
v -0.00806169 0.00259582 -0.03362137
v -0.00824405 0.00209017 -0.03160641
v -0.00812149 0.00058166 -0.03211015
v -0.00809520 0.00007812 -0.03211015
v -0.00806551 -0.00042963 -0.03211015
v -0.00798197 -0.00219307 -0.03185199
v -0.00799723 -0.00244589 -0.03150882
v -0.00801377 -0.00199081 -0.03165679
v -0.00779579 -0.00446215 -0.03109953
v -0.00797306 -0.00244589 -0.03176068
v -0.00793192 -0.00244589 -0.03211015
v -0.00787722 -0.00295154 -0.03211015
v -0.00794295 -0.00291993 -0.03157808
v -0.00781276 -0.00295154 -0.03261389
v -0.00767578 -0.00446215 -0.03211015
v -0.00751378 -0.00495726 -0.03256352
v -0.00760199 -0.00446215 -0.03261389
v -0.00752268 -0.00447269 -0.03313022
v -0.00743702 -0.00447269 -0.03362451
v -0.00749469 -0.00431257 -0.03346080
v -0.00749893 -0.00244589 -0.03498146
v -0.00735602 -0.00244589 -0.03563947
v -0.00750614 -0.00291572 -0.03460680
v -0.00758333 -0.00295154 -0.03412510
v -0.00764991 -0.00244589 -0.03412510
v -0.00756424 -0.00244589 -0.03462884
v -0.00721268 -0.00143671 -0.03665009
v -0.00729410 -0.00194025 -0.03614635
v -0.00725509 -0.00093106 -0.03665009
v -0.00729410 -0.00042963 -0.03665009
v -0.00737001 0.00058166 -0.03665009
v -0.00744974 0.00209017 -0.03677917
v -0.00756127 0.00158663 -0.03614320
v -0.00759138 0.00209017 -0.03614320
v -0.00769571 0.00209017 -0.03563632
v -0.00817238 0.00562126 -0.03261389
v -0.00779367 0.00209017 -0.03513258
v -0.00776823 0.00158663 -0.03513258
v -0.00774151 0.00107888 -0.03513573
v -0.00776992 0.00007812 -0.03462884
v -0.00799766 0.00218709 -0.03399917
v -0.00800868 0.00259582 -0.03407158
v -0.00807187 0.00360079 -0.03362137
v -0.00807357 0.00410854 -0.03362137
v -0.00807357 0.00511351 -0.03362137
v -0.00819019 0.00511351 -0.03261389
v -0.00818680 0.00460997 -0.03261389
v -0.00815160 0.00429815 -0.03292558
v -0.00814524 0.00107888 -0.03211015
v -0.00803328 -0.00093106 -0.03211015
v -0.00800275 -0.00139668 -0.03211330
v -0.00796373 -0.00199081 -0.03211330
v -0.00790478 -0.00194025 -0.03261389
v -0.00786874 -0.00244589 -0.03261389
v -0.00780385 -0.00244589 -0.03311763
v -0.00774617 -0.00295154 -0.03311763
v -0.00760071 -0.00396072 -0.03311763
v -0.00766814 -0.00295154 -0.03362137
v -0.00761386 -0.00194025 -0.03462884
v -0.00751590 -0.00190443 -0.03515147
v -0.00746501 -0.00204770 -0.03533093
v -0.00773176 -0.00244589 -0.03362137
v -0.00769783 -0.00194025 -0.03412510
v -0.00742006 -0.00190443 -0.03559539
v -0.00743490 -0.00143671 -0.03570243
v -0.00733354 -0.00143671 -0.03614635
v -0.00752268 0.00112312 -0.03616524
v -0.00747391 0.00112312 -0.03637618
v -0.00763846 0.00107888 -0.03563947
v -0.00767154 0.00158663 -0.03563632
v -0.00813336 0.00511351 -0.03311763
v -0.00771055 0.00058166 -0.03513573
v -0.00773685 -0.00042963 -0.03462884
v -0.00780852 -0.00042963 -0.03412510
v -0.00780894 -0.00143671 -0.03362137
v -0.00784159 -0.00194025 -0.03311763
v -0.00813209 0.00460997 -0.03311763
v -0.00777416 -0.00194025 -0.03362137
v -0.00765669 -0.00143671 -0.03462884
v -0.00755873 -0.00143671 -0.03513573
v -0.00747985 -0.00171271 -0.03539389
v -0.00773812 -0.00143671 -0.03412510
v -0.00769868 -0.00093106 -0.03462884
v -0.00760029 -0.00093106 -0.03513573
v -0.00764015 -0.00042963 -0.03513573
v -0.00760156 0.00058166 -0.03563947
v -0.00767705 0.00007812 -0.03513573
v -0.00777501 -0.00093106 -0.03412510
f 1 2 3
f 1 3 21
f 1 21 54
f 1 54 83
f 1 83 157
f 1 157 161
f 1 161 258
f 1 258 163
f 1 163 260
f 1 260 382
f 1 382 518
f 1 518 517
f 1 517 661
f 1 661 663
f 1 663 822
f 1 822 973
f 1 973 972
f 1 972 971
f 1 971 1118
f 1 1118 1117
f 1 1117 1262
f 1 1262 1133
f 1 1133 1132
f 1 1132 1270
f 1 1270 1130
f 1 1130 981
f 1 981 975
f 1 975 974
f 1 974 823
f 1 823 664
f 1 664 523
f 1 523 522
f 1 522 520
f 1 520 384
f 1 384 383
f 1 383 261
f 1 261 165
f 1 165 87
f 1 87 55
f 1 55 24
f 1 24 4
f 1 4 23
f 1 23 5
f 1 5 6
f 1 6 7
f 1 7 8
f 1 8 9
f 1 9 10
f 1 10 11
f 1 11 12
f 1 12 13
f 1 13 14
f 1 14 15
f 1 15 16
f 1 16 2
f 2 16 17
f 2 17 18
f 2 18 19
f 2 19 20
f 2 20 3
f 3 20 21
f 4 22 23
f 4 24 22
f 5 23 63
f 5 63 25
f 5 25 26
f 5 26 9
f 5 9 6
f 6 9 27
f 6 27 7
f 7 27 8
f 8 27 28
f 8 28 9
f 9 28 27
f 9 26 25
f 9 25 63
f 9 63 134
f 9 134 133
f 9 133 132
f 9 132 131
f 9 131 130
f 9 130 228
f 9 228 341
f 9 341 467
f 9 467 601
f 9 601 605
f 9 605 604
f 9 604 603
f 9 603 764
f 9 764 763
f 9 763 762
f 9 762 773
f 9 773 772
f 9 772 771
f 9 771 905
f 9 905 913
f 9 913 776
f 9 776 612
f 9 612 611
f 9 611 610
f 9 610 471
f 9 471 343
f 9 343 229
f 9 229 135
f 9 135 64
f 9 64 35
f 9 35 34
f 9 34 33
f 9 33 32
f 9 32 31
f 9 31 30
f 9 30 29
f 9 29 12
f 9 12 11
f 9 11 10
f 12 29 30
f 12 30 31
f 12 31 32
f 12 32 33
f 12 33 34
f 12 34 35
f 12 35 36
f 12 36 13
f 13 36 37
f 13 37 14
f 14 37 38
f 14 38 39
f 14 39 15
f 15 39 16
f 16 39 40
f 16 40 17
f 17 40 41
f 17 41 42
f 17 42 43
f 17 43 18
f 18 43 44
f 18 44 45
f 18 45 19
f 19 45 46
f 19 46 47
f 19 47 48
f 19 48 49
f 19 49 50
f 19 50 20
f 20 50 51
f 20 51 52
f 20 52 21
f 21 52 53
f 21 53 54
f 22 24 55
f 22 55 56
f 22 56 57
f 22 57 58
f 22 58 59
f 22 59 60
f 22 60 61
f 22 61 62
f 22 62 23
f 23 62 63
f 35 64 36
f 36 65 38
f 36 38 37
f 36 64 65
f 38 66 67
f 38 67 39
f 38 65 66
f 39 67 40
f 40 67 68
f 40 68 69
f 40 69 41
f 41 69 70
f 41 70 42
f 42 70 71
f 42 71 72
f 42 72 43
f 43 72 46
f 43 46 44
f 44 46 73
f 44 73 45
f 45 73 46
f 46 72 71
f 46 71 74
f 46 74 75
f 46 75 76
f 46 76 77
f 46 77 48
f 46 48 47
f 48 78 49
f 48 77 78
f 49 78 79
f 49 79 50
f 50 79 51
f 51 79 80
f 51 80 81
f 51 81 82
f 51 82 53
f 51 53 52
f 53 83 54
f 53 82 84
f 53 84 85
f 53 85 86
f 53 86 83
f 55 87 88
f 55 88 89
f 55 89 90
f 55 90 91
f 55 91 92
f 55 92 93
f 55 93 94
f 55 94 95
f 55 95 96
f 55 96 97
f 55 97 98
f 55 98 99
f 55 99 100
f 55 100 101
f 55 101 102
f 55 102 103
f 55 103 104
f 55 104 105
f 55 105 106
f 55 106 107
f 55 107 108
f 55 108 109
f 55 109 110
f 55 110 111
f 55 111 112
f 55 112 113
f 55 113 114
f 55 114 115
f 55 115 116
f 55 116 117
f 55 117 118
f 55 118 119
f 55 119 120
f 55 120 121
f 55 121 122
f 55 122 56
f 56 122 123
f 56 123 57
f 57 123 124
f 57 124 125
f 57 125 126
f 57 126 58
f 58 126 59
f 59 126 127
f 59 127 128
f 59 128 60
f 60 128 61
f 61 128 129
f 61 129 130
f 61 130 131
f 61 131 132
f 61 132 133
f 61 133 62
f 62 133 134
f 62 134 63
f 64 135 136
f 64 136 137
f 64 137 65
f 65 137 66
f 66 138 139
f 66 139 67
f 66 137 138
f 67 139 140
f 67 140 141
f 67 141 68
f 68 141 142
f 68 142 143
f 68 143 69
f 69 143 144
f 69 144 70
f 70 144 71
f 71 144 74
f 74 144 145
f 74 145 75
f 75 145 146
f 75 146 76
f 76 146 147
f 76 147 148
f 76 148 77
f 77 148 149
f 77 149 78
f 78 149 79
f 79 150 80
f 79 149 151
f 79 151 150
f 80 152 153
f 80 153 154
f 80 154 81
f 80 150 152
f 81 154 155
f 81 155 156
f 81 156 84
f 81 84 82
f 83 86 157
f 84 156 158
f 84 158 159
f 84 159 160
f 84 160 86
f 84 86 85
f 86 161 157
f 86 160 159
f 86 159 162
f 86 162 163
f 86 163 164
f 86 164 161
f 87 165 166
f 87 166 88
f 88 166 167
f 88 167 168
f 88 168 169
f 88 169 89
f 89 169 170
f 89 170 90
f 90 170 91
f 91 170 171
f 91 171 172
f 91 172 92
f 92 172 173
f 92 173 93
f 93 173 174
f 93 174 94
f 94 174 175
f 94 175 176
f 94 176 95
f 95 176 177
f 95 177 96
f 96 177 176
f 96 176 97
f 97 176 178
f 97 178 179
f 97 179 98
f 98 180 99
f 98 179 181
f 98 181 180
f 99 180 182
f 99 182 100
f 100 182 101
f 101 182 102
f 102 182 183
f 102 183 184
f 102 184 185
f 102 185 103
f 103 185 186
f 103 186 187
f 103 187 104
f 104 187 188
f 104 188 189
f 104 189 190
f 104 190 191
f 104 191 192
f 104 192 193
f 104 193 194
f 104 194 195
f 104 195 196
f 104 196 105
f 105 196 197
f 105 197 198
f 105 198 106
f 106 198 107
f 107 198 108
f 108 198 199
f 108 199 200
f 108 200 201
f 108 201 109
f 109 201 202
f 109 202 110
f 110 202 203
f 110 203 204
f 110 204 111
f 111 204 205
f 111 205 112
f 112 205 206
f 112 206 207
f 112 207 208
f 112 208 113
f 113 208 114
f 114 208 115
f 115 208 209
f 115 209 116
f 116 209 210
f 116 210 117
f 117 210 211
f 117 211 118
f 118 211 212
f 118 212 119
f 119 212 213
f 119 213 214
f 119 214 120
f 120 214 121
f 121 214 215
f 121 215 123
f 121 123 122
f 123 215 216
f 123 216 217
f 123 217 218
f 123 218 219
f 123 219 124
f 124 219 220
f 124 220 125
f 125 220 221
f 125 221 222
f 125 222 126
f 126 223 127
f 126 222 223
f 127 223 224
f 127 224 225
f 127 225 226
f 127 226 227
f 127 227 228
f 127 228 128
f 128 228 130
f 128 130 129
f 135 229 230
f 135 230 231
f 135 231 232
f 135 232 136
f 136 232 233
f 136 233 137
f 137 233 138
f 138 234 235
f 138 235 139
f 138 233 234
f 139 235 236
f 139 236 140
f 140 236 141
f 141 236 237
f 141 237 142
f 142 237 143
f 143 237 238
f 143 238 239
f 143 239 144
f 144 239 240
f 144 240 145
f 145 240 146
f 146 240 241
f 146 241 242
f 146 242 243
f 146 243 147
f 147 244 148
f 147 243 245
f 147 245 246
f 147 246 244
f 148 247 149
f 148 244 247
f 149 248 150
f 149 150 151
f 149 247 248
f 150 248 152
f 152 249 250
f 152 250 251
f 152 251 153
f 152 248 249
f 153 251 252
f 153 252 253
f 153 253 154
f 154 253 254
f 154 254 155
f 155 254 255
f 155 255 158
f 155 158 156
f 158 255 256
f 158 256 257
f 158 257 162
f 158 162 159
f 161 164 258
f 162 257 259
f 162 259 260
f 162 260 163
f 163 258 164
f 165 261 262
f 165 262 263
f 165 263 166
f 166 263 264
f 166 264 167
f 167 265 266
f 167 266 267
f 167 267 268
f 167 268 168
f 167 264 265
f 168 269 270
f 168 270 169
f 168 268 269
f 169 270 271
f 169 271 171
f 169 171 170
f 171 271 272
f 171 272 173
f 171 173 172
f 173 273 174
f 173 272 274
f 173 274 273
f 174 273 175
f 175 178 176
f 175 273 275
f 175 275 178
f 178 276 277
f 178 277 181
f 178 181 179
f 178 275 278
f 178 278 279
f 178 279 276
f 180 181 280
f 180 280 281
f 180 281 182
f 181 277 282
f 181 282 283
f 181 283 281
f 181 281 280
f 182 281 284
f 182 284 285
f 182 285 183
f 183 285 184
f 184 285 286
f 184 286 287
f 184 287 186
f 184 186 185
f 186 287 288
f 186 288 289
f 186 289 187
f 187 289 290
f 187 290 188
f 188 290 288
f 188 288 291
f 188 291 292
f 188 292 189
f 189 292 190
f 190 292 293
f 190 293 294
f 190 294 191
f 191 294 295
f 191 295 296
f 191 296 297
f 191 297 192
f 192 297 298
f 192 298 193
f 193 298 299
f 193 299 194
f 194 299 197
f 194 197 195
f 195 197 196
f 197 199 198
f 197 299 300
f 197 300 199
f 199 300 301
f 199 301 302
f 199 302 203
f 199 203 201
f 199 201 200
f 201 203 303
f 201 303 202
f 202 303 203
f 203 304 305
f 203 305 306
f 203 306 307
f 203 307 308
f 203 308 309
f 203 309 204
f 203 302 310
f 203 310 311
f 203 311 312
f 203 312 304
f 204 309 205
f 205 308 206
f 205 309 308
f 206 313 314
f 206 314 208
f 206 208 207
f 206 308 313
f 208 314 315
f 208 315 211
f 208 211 209
f 209 211 210
f 211 315 316
f 211 316 317
f 211 317 318
f 211 318 319
f 211 319 212
f 212 319 320
f 212 320 213
f 213 320 319
f 213 319 321
f 213 321 322
f 213 322 214
f 214 322 216
f 214 216 215
f 216 322 217
f 217 322 218
f 218 323 324
f 218 324 325
f 218 325 219
f 218 322 323
f 219 325 220
f 220 325 221
f 221 324 326
f 221 326 327
f 221 327 328
f 221 328 222
f 221 325 324
f 222 329 224
f 222 224 223
f 222 328 330
f 222 330 329
f 224 329 225
f 225 331 332
f 225 332 226
f 225 329 330
f 225 330 333
f 225 333 334
f 225 334 335
f 225 335 336
f 225 336 337
f 225 337 338
f 225 338 339
f 225 339 331
f 226 340 341
f 226 341 227
f 226 332 342
f 226 342 340
f 227 341 228
f 229 343 344
f 229 344 345
f 229 345 346
f 229 346 347
f 229 347 348
f 229 348 349
f 229 349 350
f 229 350 351
f 229 351 230
f 230 351 352
f 230 352 353
f 230 353 231
f 231 353 354
f 231 354 355
f 231 355 232
f 232 355 356
f 232 356 234
f 232 234 233
f 234 356 357
f 234 357 236
f 234 236 235
f 236 357 358
f 236 358 359
f 236 359 237
f 237 359 360
f 237 360 238
f 238 360 239
f 239 360 240
f 240 361 362
f 240 362 363
f 240 363 241
f 240 360 361
f 241 363 242
f 242 363 364
f 242 364 365
f 242 365 243
f 243 365 245
f 244 246 366
f 244 366 247
f 245 365 367
f 245 367 368
f 245 368 369
f 245 369 370
f 245 370 371
f 245 371 246
f 246 371 366
f 247 366 372
f 247 372 248
f 248 372 249
f 249 370 250
f 249 372 366
f 249 366 370
f 250 370 251
f 251 370 373
f 251 373 374
f 251 374 252
f 252 374 375
f 252 375 376
f 252 376 253
f 253 255 254
f 253 376 377
f 253 377 378
f 253 378 255
f 255 378 256
f 256 378 379
f 256 379 380
f 256 380 257
f 257 380 381
f 257 381 259
f 259 382 260
f 259 381 382
f 261 383 262
f 262 383 384
f 262 384 385
f 262 385 386
f 262 386 387
f 262 387 266
f 262 266 263
f 263 265 264
f 263 266 265
f 266 387 388
f 266 388 389
f 266 389 390
f 266 390 391
f 266 391 267
f 267 391 268
f 268 391 392
f 268 392 393
f 268 393 394
f 268 394 395
f 268 395 396
f 268 396 269
f 269 396 397
f 269 397 271
f 269 271 270
f 271 397 398
f 271 398 272
f 272 398 399
f 272 399 274
f 273 274 278
f 273 278 275
f 274 400 278
f 274 399 400
f 276 279 401
f 276 401 402
f 276 402 277
f 277 402 403
f 277 403 282
f 278 400 404
f 278 404 279
f 279 404 405
f 279 405 401
f 281 283 406
f 281 406 407
f 281 407 284
f 282 403 408
f 282 408 406
f 282 406 283
f 284 407 285
f 285 407 408
f 285 408 409
f 285 409 286
f 286 409 287
f 287 409 288
f 288 290 289
f 288 409 410
f 288 410 411
f 288 411 291
f 291 411 412
f 291 412 292
f 292 412 413
f 292 413 414
f 292 414 415
f 292 415 293
f 293 296 295
f 293 295 294
f 293 415 416
f 293 416 417
f 293 417 418
f 293 418 296
f 296 418 297
f 297 418 419
f 297 419 299
f 297 299 298
f 299 419 420
f 299 420 300
f 300 420 421
f 300 421 301
f 301 421 422
f 301 422 302
f 302 422 423
f 302 423 424
f 302 424 310
f 304 312 425
f 304 425 305
f 305 426 306
f 305 425 426
f 306 427 428
f 306 428 429
f 306 429 430
f 306 430 431
f 306 431 307
f 306 426 427
f 307 431 313
f 307 313 308
f 310 424 432
f 310 432 433
f 310 433 311
f 311 433 312
f 312 434 435
f 312 435 436
f 312 436 437
f 312 437 425
f 312 433 432
f 312 432 434
f 313 431 430
f 313 430 438
f 313 438 439
f 313 439 314
f 314 439 440
f 314 440 315
f 315 440 441
f 315 441 442
f 315 442 316
f 316 443 444
f 316 444 317
f 316 442 443
f 317 444 445
f 317 445 319
f 317 319 318
f 319 445 446
f 319 446 447
f 319 447 322
f 319 322 321
f 322 447 448
f 322 448 323
f 323 448 324
f 324 448 447
f 324 447 449
f 324 449 326
f 326 449 450
f 326 450 451
f 326 451 327
f 327 452 328
f 327 451 453
f 327 453 454
f 327 454 455
f 327 455 456
f 327 456 457
f 327 457 452
f 328 452 333
f 328 333 330
f 331 458 332
f 331 339 459
f 331 459 458
f 332 458 460
f 332 460 342
f 333 452 334
f 334 452 335
f 335 452 461
f 335 461 336
f 336 461 337
f 337 461 462
f 337 462 338
f 338 462 463
f 338 463 459
f 338 459 339
f 340 342 464
f 340 464 465
f 340 465 466
f 340 466 341
f 341 466 468
f 341 468 467
f 342 460 469
f 342 469 470
f 342 470 464
f 343 471 344
f 344 471 472
f 344 472 473
f 344 473 474
f 344 474 475
f 344 475 345
f 345 475 476
f 345 476 477
f 345 477 478
f 345 478 479
f 345 479 480
f 345 480 348
f 345 348 481
f 345 481 346
f 346 481 348
f 346 348 347
f 348 480 482
f 348 482 349
f 349 482 483
f 349 483 351
f 349 351 350
f 351 483 352
f 352 483 484
f 352 484 485
f 352 485 486
f 352 486 487
f 352 487 353
f 353 487 354
f 354 488 355
f 354 487 489
f 354 489 488
f 355 488 356
f 356 488 490
f 356 490 491
f 356 491 357
f 357 491 358
f 358 491 359
f 359 491 492
f 359 492 493
f 359 493 494
f 359 494 360
f 360 494 361
f 361 495 362
f 361 494 495
f 362 495 363
f 363 495 364
f 364 495 496
f 364 496 365
f 365 496 497
f 365 497 498
f 365 498 367
f 366 371 370
f 367 498 368
f 368 499 500
f 368 500 369
f 368 498 501
f 368 501 499
f 369 500 502
f 369 502 370
f 370 503 500
f 370 500 504
f 370 504 505
f 370 505 506
f 370 506 373
f 370 502 503
f 373 506 507
f 373 507 375
f 373 375 374
f 375 377 376
f 375 507 508
f 375 508 509
f 375 509 377
f 377 509 378
f 378 509 379
f 379 509 510
f 379 510 511
f 379 511 380
f 380 511 512
f 380 512 513
f 380 513 514
f 380 514 515
f 380 515 381
f 381 516 517
f 381 517 518
f 381 518 382
f 381 515 519
f 381 519 516
f 384 520 385
f 385 521 386
f 385 520 522
f 385 522 523
f 385 523 524
f 385 524 525
f 385 525 526
f 385 526 527
f 385 527 521
f 386 521 387
f 387 521 388
f 388 521 527
f 388 527 528
f 388 528 389
f 389 528 529
f 389 529 530
f 389 530 531
f 389 531 532
f 389 532 390
f 390 532 391
f 391 532 392
f 392 532 393
f 393 533 394
f 393 532 534
f 393 534 533
f 394 533 535
f 394 535 395
f 395 535 536
f 395 536 537
f 395 537 538
f 395 538 397
f 395 397 396
f 397 538 398
f 398 538 537
f 398 537 539
f 398 539 399
f 399 539 540
f 399 540 400
f 400 541 542
f 400 542 404
f 400 540 541
f 401 543 544
f 401 544 402
f 401 405 545
f 401 545 543
f 402 544 403
f 403 544 546
f 403 546 408
f 404 542 405
f 405 542 545
f 406 408 407
f 408 547 409
f 408 546 548
f 408 548 549
f 408 549 550
f 408 550 547
f 409 547 410
f 410 547 411
f 411 551 552
f 411 552 553
f 411 553 554
f 411 554 412
f 411 547 551
f 412 554 555
f 412 555 413
f 413 555 556
f 413 556 557
f 413 557 414
f 414 557 415
f 415 557 558
f 415 558 559
f 415 559 416
f 416 559 420
f 416 420 418
f 416 418 417
f 418 420 419
f 420 560 561
f 420 561 562
f 420 562 421
f 420 559 558
f 420 558 560
f 421 423 422
f 421 562 423
f 423 563 435
f 423 435 432
f 423 432 424
f 423 562 563
f 425 437 426
f 426 437 427
f 427 564 565
f 427 565 428
f 427 437 566
f 427 566 567
f 427 567 564
f 428 565 568
f 428 568 569
f 428 569 570
f 428 570 429
f 429 570 571
f 429 571 438
f 429 438 430
f 432 435 434
f 435 572 573
f 435 573 574
f 435 574 575
f 435 575 566
f 435 566 437
f 435 437 436
f 435 563 576
f 435 576 577
f 435 577 572
f 438 571 578
f 438 578 441
f 438 441 439
f 439 441 440
f 441 578 579
f 441 579 442
f 442 579 580
f 442 580 443
f 443 581 582
f 443 582 444
f 443 580 581
f 444 582 583
f 444 583 584
f 444 584 445
f 445 584 446
f 446 584 450
f 446 450 447
f 447 450 449
f 450 453 451
f 450 584 453
f 452 457 461
f 453 584 583
f 453 583 454
f 454 583 585
f 454 585 586
f 454 586 455
f 455 586 456
f 456 586 587
f 456 587 457
f 457 587 461
f 458 459 463
f 458 463 588
f 458 588 460
f 460 588 469
f 461 587 589
f 461 589 590
f 461 590 591
f 461 591 462
f 462 591 592
f 462 592 593
f 462 593 463
f 463 593 594
f 463 594 595
f 463 595 588
f 464 470 465
f 465 470 596
f 465 596 597
f 465 597 598
f 465 598 599
f 465 599 466
f 466 599 600
f 466 600 468
f 467 468 601
f 468 602 603
f 468 603 604
f 468 604 605
f 468 605 601
f 468 600 606
f 468 606 607
f 468 607 608
f 468 608 602
f 469 596 470
f 469 588 609
f 469 609 596
f 471 610 472
f 472 610 611
f 472 611 612
f 472 612 613
f 472 613 614
f 472 614 473
f 473 614 615
f 473 615 616
f 473 616 617
f 473 617 618
f 473 618 619
f 473 619 620
f 473 620 621
f 473 621 622
f 473 622 623
f 473 623 624
f 473 624 625
f 473 625 474
f 474 626 627
f 474 627 628
f 474 628 476
f 474 476 475
f 474 625 626
f 476 628 479
f 476 479 477
f 477 479 478
f 479 627 629
f 479 629 630
f 479 630 631
f 479 631 482
f 479 482 480
f 479 628 627
f 482 631 485
f 482 485 484
f 482 484 483
f 485 632 633
f 485 633 486
f 485 631 634
f 485 634 632
f 486 633 487
f 487 633 632
f 487 632 635
f 487 635 636
f 487 636 489
f 488 489 636
f 488 636 490
f 490 636 637
f 490 637 491
f 491 637 638
f 491 638 639
f 491 639 492
f 492 639 494
f 492 494 493
f 494 639 640
f 494 640 641
f 494 641 495
f 495 641 496
f 496 641 642
f 496 642 643
f 496 643 644
f 496 644 497
f 497 644 498
f 498 644 645
f 498 645 501
f 499 504 500
f 499 501 646
f 499 646 647
f 499 647 504
f 500 503 502
f 501 645 646
f 504 647 648
f 504 648 649
f 504 649 505
f 505 649 506
f 506 649 650
f 506 650 651
f 506 651 507
f 507 651 652
f 507 652 508
f 508 652 653
f 508 653 654
f 508 654 510
f 508 510 509
f 510 654 511
f 511 654 655
f 511 655 656
f 511 656 512
f 512 657 658
f 512 658 513
f 512 656 657
f 513 519 514
f 513 658 659
f 513 659 660
f 513 660 519
f 514 519 515
f 516 661 517
f 516 519 662
f 516 662 663
f 516 663 661
f 519 660 662
f 523 664 524
f 524 664 665
f 524 665 666
f 524 666 525
f 525 666 526
f 526 667 668
f 526 668 669
f 526 669 527
f 526 666 670
f 526 670 671
f 526 671 672
f 526 672 673
f 526 673 667
f 527 669 529
f 527 529 528
f 529 668 667
f 529 667 530
f 529 669 668
f 530 667 674
f 530 674 675
f 530 675 676
f 530 676 677
f 530 677 531
f 531 677 678
f 531 678 679
f 531 679 680
f 531 680 681
f 531 681 532
f 532 682 534
f 532 681 683
f 532 683 682
f 533 534 684
f 533 684 535
f 534 682 683
f 534 683 685
f 534 685 686
f 534 686 687
f 534 687 684
f 535 684 536
f 536 539 537
f 536 684 687
f 536 687 539
f 539 687 688
f 539 688 540
f 540 688 689
f 540 689 690
f 540 690 691
f 540 691 542
f 540 542 692
f 540 692 541
f 541 692 542
f 542 691 693
f 542 693 545
f 543 546 544
f 543 545 694
f 543 694 695
f 543 695 546
f 545 693 696
f 545 696 697
f 545 697 694
f 546 698 548
f 546 695 699
f 546 699 698
f 547 550 700
f 547 700 701
f 547 701 551
f 548 698 549
f 549 698 699
f 549 699 702
f 549 702 703
f 549 703 704
f 549 704 700
f 549 700 550
f 551 701 705
f 551 705 552
f 552 706 554
f 552 554 553
f 552 705 707
f 552 707 708
f 552 708 706
f 554 706 555
f 555 706 556
f 556 709 557
f 556 706 709
f 557 709 710
f 557 710 711
f 557 711 712
f 557 712 713
f 557 713 714
f 557 714 715
f 557 715 558
f 558 715 560
f 560 715 716
f 560 716 561
f 561 716 562
f 562 716 563
f 563 716 717
f 563 717 718
f 563 718 719
f 563 719 576
f 564 567 720
f 564 720 721
f 564 721 565
f 565 721 568
f 566 575 720
f 566 720 567
f 568 722 723
f 568 723 569
f 568 721 724
f 568 724 722
f 569 723 725
f 569 725 726
f 569 726 727
f 569 727 570
f 570 727 571
f 571 727 726
f 571 726 728
f 571 728 578
f 572 729 730
f 572 730 731
f 572 731 732
f 572 732 733
f 572 733 573
f 572 577 734
f 572 734 735
f 572 735 718
f 572 718 712
f 572 712 736
f 572 736 737
f 572 737 729
f 573 733 574
f 574 738 575
f 574 733 738
f 575 738 720
f 576 734 577
f 576 719 735
f 576 735 734
f 578 728 580
f 578 580 579
f 580 728 739
f 580 739 740
f 580 740 741
f 580 741 581
f 581 741 582
f 582 741 583
f 583 742 743
f 583 743 589
f 583 589 585
f 583 741 742
f 585 589 586
f 586 589 587
f 588 595 744
f 588 744 609
f 589 743 742
f 589 742 745
f 589 745 746
f 589 746 747
f 589 747 748
f 589 748 590
f 590 748 591
f 591 748 592
f 592 749 750
f 592 750 593
f 592 748 751
f 592 751 749
f 593 750 594
f 594 750 752
f 594 752 595
f 595 752 744
f 596 609 597
f 597 753 754
f 597 754 755
f 597 755 756
f 597 756 598
f 597 609 753
f 598 756 757
f 598 757 599
f 599 758 600
f 599 757 758
f 600 758 759
f 600 759 760
f 600 760 761
f 600 761 606
f 602 608 762
f 602 762 763
f 602 763 764
f 602 764 603
f 606 765 766
f 606 766 607
f 606 761 767
f 606 767 768
f 606 768 765
f 607 766 769
f 607 769 770
f 607 770 608
f 608 771 772
f 608 772 773
f 608 773 762
f 608 770 774
f 608 774 775
f 608 775 771
f 609 744 752
f 609 752 753
f 612 776 613
f 613 777 775
f 613 775 778
f 613 778 614
f 613 776 913
f 613 913 777
f 614 778 779
f 614 779 780
f 614 780 781
f 614 781 615
f 615 781 616
f 616 781 780
f 616 780 779
f 616 779 782
f 616 782 783
f 616 783 617
f 617 783 618
f 618 783 784
f 618 784 619
f 619 784 785
f 619 785 786
f 619 786 787
f 619 787 620
f 620 787 788
f 620 788 621
f 621 788 622
f 622 788 789
f 622 789 624
f 622 624 623
f 624 789 625
f 625 789 790
f 625 790 629
f 625 629 627
f 625 627 626
f 629 791 630
f 629 790 791
f 630 791 631
f 631 791 792
f 631 792 793
f 631 793 634
f 632 634 794
f 632 794 635
f 634 793 795
f 634 795 796
f 634 796 794
f 635 794 796
f 635 796 797
f 635 797 798
f 635 798 636
f 636 798 637
f 637 798 638
f 638 798 799
f 638 799 639
f 639 799 800
f 639 800 640
f 640 800 801
f 640 801 641
f 641 801 642
f 642 802 803
f 642 803 804
f 642 804 643
f 642 801 800
f 642 800 805
f 642 805 802
f 643 804 806
f 643 806 644
f 644 806 807
f 644 807 645
f 645 807 808
f 645 808 646
f 646 808 809
f 646 809 810
f 646 810 647
f 647 810 811
f 647 811 648
f 648 811 812
f 648 812 813
f 648 813 814
f 648 814 815
f 648 815 650
f 648 650 649
f 650 815 651
f 651 815 816
f 651 816 653
f 651 653 652
f 653 816 817
f 653 817 654
f 654 817 655
f 655 817 656
f 656 817 818
f 656 818 657
f 657 819 658
f 657 818 819
f 658 819 820
f 658 820 659
f 659 820 662
f 659 662 660
f 662 820 821
f 662 821 663
f 663 821 822
f 664 823 665
f 665 823 824
f 665 824 671
f 665 671 670
f 665 670 666
f 667 673 825
f 667 825 826
f 667 826 827
f 667 827 828
f 667 828 829
f 667 829 674
f 671 830 831
f 671 831 672
f 671 824 830
f 672 831 832
f 672 832 825
f 672 825 673
f 674 829 675
f 675 829 828
f 675 828 676
f 676 828 833
f 676 833 677
f 677 833 834
f 677 834 835
f 677 835 836
f 677 836 837
f 677 837 838
f 677 838 839
f 677 839 678
f 678 839 838
f 678 838 679
f 679 838 680
f 680 838 837
f 680 837 681
f 681 837 840
f 681 840 683
f 683 840 837
f 683 837 841
f 683 841 685
f 685 841 835
f 685 835 842
f 685 842 686
f 686 842 843
f 686 843 844
f 686 844 687
f 687 844 688
f 688 844 845
f 688 845 689
f 689 845 690
f 690 846 693
f 690 693 691
f 690 845 847
f 690 847 846
f 693 846 696
f 694 697 695
f 695 697 848
f 695 848 849
f 695 849 702
f 695 702 699
f 696 850 697
f 696 846 851
f 696 851 850
f 697 850 848
f 700 852 701
f 700 704 853
f 700 853 854
f 700 854 852
f 701 852 705
f 702 855 703
f 702 849 856
f 702 856 855
f 703 855 704
f 704 855 857
f 704 857 853
f 705 852 707
f 706 708 858
f 706 858 709
f 707 859 860
f 707 860 861
f 707 861 858
f 707 858 708
f 707 852 859
f 709 858 861
f 709 861 862
f 709 862 710
f 710 862 711
f 711 863 864
f 711 864 736
f 711 736 712
f 711 862 863
f 712 718 713
f 713 718 717
f 713 717 714
f 714 717 716
f 714 716 715
f 718 735 719
f 720 865 721
f 720 738 865
f 721 866 724
f 721 865 866
f 722 724 867
f 722 867 868
f 722 868 869
f 722 869 723
f 723 726 725
f 723 869 870
f 723 870 871
f 723 871 726
f 724 866 867
f 726 871 872
f 726 872 873
f 726 873 728
f 728 873 739
f 729 874 875
f 729 875 730
f 729 737 874
f 730 875 876
f 730 876 731
f 731 876 877
f 731 877 732
f 732 877 878
f 732 878 879
f 732 879 880
f 732 880 881
f 732 881 882
f 732 882 733
f 733 882 883
f 733 883 738
f 736 864 737
f 737 864 884
f 737 884 874
f 738 883 882
f 738 882 865
f 739 873 740
f 740 873 885
f 740 885 741
f 741 885 742
f 742 886 887
f 742 887 746
f 742 746 745
f 742 885 888
f 742 888 886
f 746 887 747
f 747 889 748
f 747 887 890
f 747 890 889
f 748 889 751
f 749 751 891
f 749 891 750
f 750 891 892
f 750 892 893
f 750 893 754
f 750 754 752
f 751 889 891
f 752 754 753
f 754 893 755
f 755 894 756
f 755 893 895
f 755 895 896
f 755 896 894
f 756 894 757
f 757 894 758
f 758 894 759
f 759 894 897
f 759 897 768
f 759 768 760
f 760 768 761
f 761 768 767
f 765 768 769
f 765 769 766
f 768 897 898
f 768 898 769
f 769 898 770
f 770 898 899
f 770 899 900
f 770 900 901
f 770 901 902
f 770 902 903
f 770 903 904
f 770 904 774
f 771 775 905
f 774 904 906
f 774 906 907
f 774 907 908
f 774 908 909
f 774 909 910
f 774 910 911
f 774 911 912
f 774 912 775
f 775 912 778
f 775 777 913
f 775 913 905
f 778 912 911
f 778 911 779
f 779 914 915
f 779 915 916
f 779 916 917
f 779 917 782
f 779 911 914
f 782 917 783
f 783 917 915
f 783 915 918
f 783 918 919
f 783 919 920
f 783 920 784
f 784 920 921
f 784 921 922
f 784 922 785
f 785 922 923
f 785 923 924
f 785 924 925
f 785 925 926
f 785 926 786
f 786 926 927
f 786 927 928
f 786 928 929
f 786 929 930
f 786 930 931
f 786 931 787
f 787 931 932
f 787 932 788
f 788 932 789
f 789 932 933
f 789 933 934
f 789 934 935
f 789 935 936
f 789 936 790
f 790 937 938
f 790 938 939
f 790 939 791
f 790 936 937
f 791 940 792
f 791 939 940
f 792 940 941
f 792 941 793
f 793 941 795
f 795 805 797
f 795 797 796
f 795 941 942
f 795 942 943
f 795 943 805
f 797 805 799
f 797 799 798
f 799 805 800
f 802 944 803
f 802 805 943
f 802 943 944
f 803 944 945
f 803 945 804
f 804 945 946
f 804 946 806
f 806 946 947
f 806 947 808
f 806 808 948
f 806 948 807
f 807 948 808
f 808 947 949
f 808 949 950
f 808 950 809
f 809 950 951
f 809 951 952
f 809 952 953
f 809 953 810
f 810 812 811
f 810 953 954
f 810 954 812
f 812 954 813
f 813 954 955
f 813 955 956
f 813 956 957
f 813 957 814
f 814 957 815
f 815 957 958
f 815 958 959
f 815 959 816
f 816 959 817
f 817 959 818
f 818 959 960
f 818 960 961
f 818 961 819
f 819 961 962
f 819 962 820
f 820 963 964
f 820 964 965
f 820 965 966
f 820 966 967
f 820 967 968
f 820 968 969
f 820 969 821
f 820 962 963
f 821 969 970
f 821 970 971
f 821 971 972
f 821 972 973
f 821 973 822
f 823 974 824
f 824 974 975
f 824 975 830
f 825 832 976
f 825 976 977
f 825 977 978
f 825 978 826
f 826 978 827
f 827 978 828
f 828 979 980
f 828 980 833
f 828 978 979
f 830 975 981
f 830 981 982
f 830 982 831
f 831 982 983
f 831 983 984
f 831 984 985
f 831 985 986
f 831 986 987
f 831 987 832
f 832 987 976
f 833 980 988
f 833 988 989
f 833 989 834
f 834 990 835
f 834 989 991
f 834 991 992
f 834 992 990
f 835 990 843
f 835 843 842
f 835 841 837
f 835 837 836
f 843 993 994
f 843 994 844
f 843 990 991
f 843 991 995
f 843 995 996
f 843 996 993
f 844 994 997
f 844 997 998
f 844 998 845
f 845 998 999
f 845 999 847
f 846 847 1000
f 846 1000 1001
f 846 1001 851
f 847 999 1002
f 847 1002 1000
f 848 850 1003
f 848 1003 1004
f 848 1004 849
f 849 1004 1005
f 849 1005 856
f 850 851 1004
f 850 1004 1003
f 851 1001 1000
f 851 1000 1006
f 851 1006 1005
f 851 1005 1004
f 852 854 859
f 853 857 854
f 854 857 1007
f 854 1007 1008
f 854 1008 859
f 855 856 1009
f 855 1009 1010
f 855 1010 857
f 856 1005 1011
f 856 1011 1009
f 857 1010 1007
f 859 1008 860
f 860 1008 1012
f 860 1012 862
f 860 862 861
f 862 1012 863
f 863 1013 1014
f 863 1014 1015
f 863 1015 884
f 863 884 1016
f 863 1016 864
f 863 1012 1013
f 864 1016 884
f 865 882 866
f 866 1017 1018
f 866 1018 867
f 866 882 1017
f 867 1018 868
f 868 1019 1170
f 868 1170 1020
f 868 1020 869
f 868 1018 1019
f 869 1020 870
f 870 1020 1021
f 870 1021 1022
f 870 1022 1023
f 870 1023 871
f 871 1023 1024
f 871 1024 1025
f 871 1025 1026
f 871 1026 1027
f 871 1027 872
f 872 1027 873
f 873 1027 885
f 874 1015 875
f 874 884 1015
f 875 1015 876
f 876 1015 1028
f 876 1028 1029
f 876 1029 877
f 877 1029 878
f 878 1029 1030
f 878 1030 879
f 879 1030 1031
f 879 1031 1032
f 879 1032 881
f 879 881 880
f 881 1033 1034
f 881 1034 1035
f 881 1035 1036
f 881 1036 1037
f 881 1037 1038
f 881 1038 882
f 881 1032 1033
f 882 1038 1017
f 885 1027 888
f 886 888 1039
f 886 1039 1040
f 886 1040 887
f 887 1040 1041
f 887 1041 1042
f 887 1042 1043
f 887 1043 1044
f 887 1044 890
f 888 1027 1039
f 889 1045 891
f 889 890 1045
f 890 1044 1046
f 890 1046 1045
f 891 1045 1047
f 891 1047 1048
f 891 1048 895
f 891 895 892
f 892 895 893
f 894 896 1049
f 894 1049 897
f 895 1048 1050
f 895 1050 896
f 896 1050 1051
f 896 1051 1049
f 897 1049 899
f 897 899 898
f 899 1049 1051
f 899 1051 1052
f 899 1052 1053
f 899 1053 900
f 900 1053 901
f 901 1053 1054
f 901 1054 1055
f 901 1055 1056
f 901 1056 902
f 902 1056 1057
f 902 1057 1058
f 902 1058 903
f 903 1058 1059
f 903 1059 1060
f 903 1060 906
f 903 906 904
f 906 1060 914
f 906 914 907
f 907 914 908
f 908 914 909
f 909 914 910
f 910 914 911
f 914 1060 915
f 915 917 916
f 915 1060 1061
f 915 1061 918
f 918 1061 920
f 918 920 919
f 920 1062 921
f 920 1061 1062
f 921 1062 1063
f 921 1063 922
f 922 1063 923
f 923 1064 1065
f 923 1065 1066
f 923 1066 924
f 923 1063 1062
f 923 1062 1067
f 923 1067 1068
f 923 1068 1064
f 924 1066 925
f 925 1066 1069
f 925 1069 926
f 926 1069 1070
f 926 1070 1071
f 926 1071 927
f 927 1071 1072
f 927 1072 928
f 928 1073 929
f 928 1072 1074
f 928 1074 1075
f 928 1075 1073
f 929 1073 934
f 929 934 933
f 929 933 932
f 929 932 930
f 930 932 1076
f 930 1076 931
f 931 1076 932
f 934 1073 1077
f 934 1077 1078
f 934 1078 1079
f 934 1079 935
f 935 1080 936
f 935 1079 1080
f 936 1080 1230
f 936 1230 1081
f 936 1081 937
f 937 1082 938
f 937 1081 1082
f 938 1082 939
f 939 1082 940
f 940 1082 941
f 941 1082 1083
f 941 1083 1084
f 941 1084 942
f 942 1084 943
f 943 1084 944
f 944 1084 1085
f 944 1085 945
f 945 1085 1086
f 945 1086 1087
f 945 1087 1088
f 945 1088 946
f 946 1088 1089
f 946 1089 1090
f 946 1090 947
f 947 1090 1091
f 947 1091 949
f 949 1091 1092
f 949 1092 950
f 950 1092 1093
f 950 1093 1094
f 950 1094 951
f 951 1094 952
f 952 1094 1095
f 952 1095 1096
f 952 1096 1097
f 952 1097 953
f 953 1097 1098
f 953 1098 954
f 954 1099 955
f 954 1098 1099
f 955 1099 1100
f 955 1100 1101
f 955 1101 956
f 956 1101 1102
f 956 1102 1103
f 956 1103 1104
f 956 1104 957
f 957 1104 958
f 958 1104 1105
f 958 1105 960
f 958 960 959
f 960 1105 1106
f 960 1106 964
f 960 964 962
f 960 962 961
f 962 964 963
f 964 1106 1107
f 964 1107 1108
f 964 1108 965
f 965 1108 1109
f 965 1109 1110
f 965 1110 966
f 966 1110 1111
f 966 1111 967
f 967 1112 1113
f 967 1113 968
f 967 1111 1114
f 967 1114 1112
f 968 1113 969
f 969 1113 1115
f 969 1115 970
f 970 1115 1116
f 970 1116 1117
f 970 1117 1118
f 970 1118 971
f 976 987 977
f 977 987 986
f 977 986 978
f 978 1119 1120
f 978 1120 1121
f 978 1121 1122
f 978 1122 1123
f 978 1123 1124
f 978 1124 1125
f 978 1125 979
f 978 986 1126
f 978 1126 1127
f 978 1127 1128
f 978 1128 1119
f 979 1125 1129
f 979 1129 980
f 980 1129 988
f 981 1130 1131
f 981 1131 982
f 982 1131 983
f 983 1131 1132
f 983 1132 1133
f 983 1133 1134
f 983 1134 984
f 984 1135 1136
f 984 1136 1137
f 984 1137 985
f 984 1134 1138
f 984 1138 1135
f 985 1137 1139
f 985 1139 986
f 986 1139 1126
f 988 1129 1124
f 988 1124 1123
f 988 1123 1140
f 988 1140 1141
f 988 1141 1142
f 988 1142 1143
f 988 1143 1144
f 988 1144 1145
f 988 1145 1146
f 988 1146 991
f 988 991 989
f 990 992 991
f 991 1146 995
f 993 996 1147
f 993 1147 994
f 994 1148 997
f 994 1147 1148
f 995 1146 996
f 996 1146 1149
f 996 1149 1150
f 996 1150 1147
f 997 1148 998
f 998 1148 1147
f 998 1147 1151
f 998 1151 999
f 999 1151 1152
f 999 1152 1153
f 999 1153 1002
f 1000 1002 1154
f 1000 1154 1155
f 1000 1155 1006
f 1002 1153 1156
f 1002 1156 1154
f 1005 1006 1157
f 1005 1157 1158
f 1005 1158 1011
f 1006 1155 1159
f 1006 1159 1157
f 1007 1010 1160
f 1007 1160 1008
f 1008 1160 1161
f 1008 1161 1012
f 1009 1011 1010
f 1010 1011 1160
f 1011 1158 1160
f 1012 1161 1013
f 1013 1162 1014
f 1013 1161 1162
f 1014 1162 1163
f 1014 1163 1164
f 1014 1164 1015
f 1015 1165 1166
f 1015 1166 1167
f 1015 1167 1028
f 1015 1164 1165
f 1017 1168 1018
f 1017 1038 1037
f 1017 1037 1168
f 1018 1168 1169
f 1018 1169 1019
f 1019 1169 1170
f 1020 1170 1021
f 1021 1171 1172
f 1021 1172 1025
f 1021 1025 1024
f 1021 1024 1023
f 1021 1023 1022
f 1021 1170 1171
f 1025 1172 1173
f 1025 1173 1040
f 1025 1040 1026
f 1026 1040 1039
f 1026 1039 1027
f 1028 1167 1174
f 1028 1174 1029
f 1029 1174 1030
f 1030 1175 1031
f 1030 1174 1175
f 1031 1175 1176
f 1031 1176 1177
f 1031 1177 1033
f 1031 1033 1032
f 1033 1177 1034
f 1034 1177 1178
f 1034 1178 1035
f 1035 1178 1036
f 1036 1178 1179
f 1036 1179 1180
f 1036 1180 1181
f 1036 1181 1169
f 1036 1169 1037
f 1037 1169 1168
f 1040 1182 1041
f 1040 1173 1182
f 1041 1182 1183
f 1041 1183 1043
f 1041 1043 1042
f 1043 1183 1184
f 1043 1184 1044
f 1044 1184 1185
f 1044 1185 1186
f 1044 1186 1046
f 1045 1046 1047
f 1046 1186 1185
f 1046 1185 1187
f 1046 1187 1047
f 1047 1187 1188
f 1047 1188 1189
f 1047 1189 1190
f 1047 1190 1191
f 1047 1191 1048
f 1048 1191 1050
f 1050 1191 1192
f 1050 1192 1193
f 1050 1193 1194
f 1050 1194 1195
f 1050 1195 1051
f 1051 1195 1194
f 1051 1194 1196
f 1051 1196 1052
f 1052 1054 1053
f 1052 1196 1197
f 1052 1197 1198
f 1052 1198 1054
f 1054 1198 1055
f 1055 1198 1199
f 1055 1199 1200
f 1055 1200 1056
f 1056 1200 1057
f 1057 1200 1067
f 1057 1067 1201
f 1057 1201 1058
f 1058 1201 1062
f 1058 1062 1202
f 1058 1202 1059
f 1059 1061 1060
f 1059 1202 1062
f 1059 1062 1061
f 1062 1201 1067
f 1064 1203 1065
f 1064 1068 1204
f 1064 1204 1205
f 1064 1205 1206
f 1064 1206 1207
f 1064 1207 1208
f 1064 1208 1209
f 1064 1209 1210
f 1064 1210 1211
f 1064 1211 1212
f 1064 1212 1213
f 1064 1213 1214
f 1064 1214 1203
f 1065 1203 1215
f 1065 1215 1216
f 1065 1216 1066
f 1066 1216 1070
f 1066 1070 1069
f 1067 1200 1068
f 1068 1200 1205
f 1068 1205 1204
f 1070 1216 1217
f 1070 1217 1218
f 1070 1218 1071
f 1071 1218 1219
f 1071 1219 1072
f 1072 1219 1074
f 1073 1075 1077
f 1074 1219 1220
f 1074 1220 1075
f 1075 1220 1221
f 1075 1221 1077
f 1077 1221 1222
f 1077 1222 1223
f 1077 1223 1224
f 1077 1224 1078
f 1078 1224 1225
f 1078 1225 1079
f 1079 1225 1226
f 1079 1226 1227
f 1079 1227 1228
f 1079 1228 1229
f 1079 1229 1080
f 1080 1229 1230
f 1081 1230 1083
f 1081 1083 1082
f 1083 1230 1231
f 1083 1231 1232
f 1083 1232 1087
f 1083 1087 1086
f 1083 1086 1085
f 1083 1085 1084
f 1087 1232 1088
f 1088 1233 1091
f 1088 1091 1089
f 1088 1232 1234
f 1088 1234 1233
f 1089 1091 1090
f 1091 1235 1092
f 1091 1233 1235
f 1092 1235 1236
f 1092 1236 1093
f 1093 1236 1237
f 1093 1237 1094
f 1094 1238 1239
f 1094 1239 1095
f 1094 1237 1240
f 1094 1240 1238
f 1095 1239 1358
f 1095 1358 1241
f 1095 1241 1096
f 1096 1242 1243
f 1096 1243 1244
f 1096 1244 1098
f 1096 1098 1245
f 1096 1245 1097
f 1096 1241 1242
f 1097 1245 1098
f 1098 1244 1099
f 1099 1244 1243
f 1099 1243 1242
f 1099 1242 1246
f 1099 1246 1100
f 1100 1246 1247
f 1100 1247 1248
f 1100 1248 1249
f 1100 1249 1250
f 1100 1250 1251
f 1100 1251 1101
f 1101 1251 1250
f 1101 1250 1252
f 1101 1252 1253
f 1101 1253 1120
f 1101 1120 1102
f 1102 1120 1103
f 1103 1120 1254
f 1103 1254 1255
f 1103 1255 1105
f 1103 1105 1104
f 1105 1255 1106
f 1106 1255 1107
f 1107 1256 1108
f 1107 1255 1256
f 1108 1256 1109
f 1109 1256 1110
f 1110 1257 1258
f 1110 1258 1111
f 1110 1256 1257
f 1111 1258 1259
f 1111 1259 1136
f 1111 1136 1260
f 1111 1260 1114
f 1112 1114 1113
f 1113 1114 1261
f 1113 1261 1115
f 1114 1260 1261
f 1115 1261 1116
f 1116 1261 1138
f 1116 1138 1134
f 1116 1134 1117
f 1117 1134 1262
f 1119 1128 1263
f 1119 1263 1120
f 1120 1257 1254
f 1120 1253 1264
f 1120 1264 1265
f 1120 1265 1266
f 1120 1266 1121
f 1120 1263 1267
f 1120 1267 1257
f 1121 1266 1140
f 1121 1140 1122
f 1122 1140 1123
f 1124 1129 1125
f 1126 1139 1268
f 1126 1268 1127
f 1127 1268 1269
f 1127 1269 1128
f 1128 1267 1263
f 1128 1269 1259
f 1128 1259 1258
f 1128 1258 1257
f 1128 1257 1267
f 1130 1270 1131
f 1131 1270 1132
f 1133 1262 1134
f 1135 1138 1260
f 1135 1260 1136
f 1136 1259 1271
f 1136 1271 1139
f 1136 1139 1137
f 1138 1261 1260
f 1139 1271 1268
f 1140 1266 1142
f 1140 1142 1272
f 1140 1272 1141
f 1141 1272 1142
f 1142 1266 1273
f 1142 1273 1274
f 1142 1274 1275
f 1142 1275 1143
f 1143 1275 1276
f 1143 1276 1277
f 1143 1277 1144
f 1144 1277 1278
f 1144 1278 1145
f 1145 1278 1146
f 1146 1278 1279
f 1146 1279 1149
f 1147 1152 1151
f 1147 1150 1280
f 1147 1280 1152
f 1149 1281 1150
f 1149 1279 1282
f 1149 1282 1281
f 1150 1281 1283
f 1150 1283 1280
f 1152 1284 1153
f 1152 1280 1285
f 1152 1285 1286
f 1152 1286 1284
f 1153 1284 1156
f 1154 1156 1155
f 1155 1156 1287
f 1155 1287 1159
f 1156 1284 1288
f 1156 1288 1289
f 1156 1289 1290
f 1156 1290 1287
f 1157 1291 1158
f 1157 1159 1292
f 1157 1292 1293
f 1157 1293 1294
f 1157 1294 1291
f 1158 1291 1295
f 1158 1295 1160
f 1159 1287 1296
f 1159 1296 1297
f 1159 1297 1292
f 1160 1295 1161
f 1161 1295 1162
f 1162 1295 1291
f 1162 1291 1298
f 1162 1298 1163
f 1163 1298 1164
f 1164 1298 1291
f 1164 1291 1165
f 1165 1299 1300
f 1165 1300 1301
f 1165 1301 1166
f 1165 1291 1294
f 1165 1294 1299
f 1166 1301 1302
f 1166 1302 1167
f 1167 1302 1303
f 1167 1303 1304
f 1167 1304 1305
f 1167 1305 1174
f 1169 1181 1306
f 1169 1306 1307
f 1169 1307 1170
f 1170 1307 1171
f 1171 1307 1308
f 1171 1308 1172
f 1172 1308 1309
f 1172 1309 1173
f 1173 1309 1310
f 1173 1310 1182
f 1174 1305 1175
f 1175 1311 1176
f 1175 1305 1311
f 1176 1312 1313
f 1176 1313 1177
f 1176 1311 1312
f 1177 1313 1314
f 1177 1314 1178
f 1178 1314 1179
f 1179 1314 1180
f 1180 1314 1315
f 1180 1315 1181
f 1181 1316 1317
f 1181 1317 1318
f 1181 1318 1319
f 1181 1319 1306
f 1181 1315 1316
f 1182 1310 1320
f 1182 1320 1321
f 1182 1321 1322
f 1182 1322 1183
f 1183 1322 1184
f 1184 1322 1323
f 1184 1323 1188
f 1184 1188 1185
f 1185 1188 1187
f 1188 1323 1324
f 1188 1324 1325
f 1188 1325 1190
f 1188 1190 1189
f 1190 1325 1191
f 1191 1325 1326
f 1191 1326 1327
f 1191 1327 1192
f 1192 1327 1328
f 1192 1328 1329
f 1192 1329 1193
f 1193 1329 1330
f 1193 1330 1194
f 1194 1330 1331
f 1194 1331 1196
f 1196 1331 1332
f 1196 1332 1197
f 1197 1332 1198
f 1198 1332 1199
f 1199 1331 1207
f 1199 1207 1205
f 1199 1205 1200
f 1199 1332 1331
f 1203 1214 1215
f 1205 1207 1206
f 1207 1330 1329
f 1207 1329 1209
f 1207 1209 1208
f 1207 1331 1330
f 1209 1329 1210
f 1210 1329 1328
f 1210 1328 1333
f 1210 1333 1334
f 1210 1334 1211
f 1211 1334 1212
f 1212 1334 1213
f 1213 1334 1335
f 1213 1335 1336
f 1213 1336 1337
f 1213 1337 1214
f 1214 1337 1338
f 1214 1338 1216
f 1214 1216 1215
f 1216 1338 1217
f 1217 1339 1340
f 1217 1340 1341
f 1217 1341 1342
f 1217 1342 1218
f 1217 1338 1339
f 1218 1342 1219
f 1219 1342 1220
f 1220 1222 1221
f 1220 1342 1222
f 1222 1343 1223
f 1222 1342 1343
f 1223 1343 1224
f 1224 1343 1341
f 1224 1341 1344
f 1224 1344 1225
f 1225 1344 1345
f 1225 1345 1346
f 1225 1346 1226
f 1226 1347 1227
f 1226 1346 1347
f 1227 1347 1348
f 1227 1348 1349
f 1227 1349 1228
f 1228 1349 1231
f 1228 1231 1230
f 1228 1230 1229
f 1231 1349 1232
f 1232 1349 1234
f 1233 1234 1348
f 1233 1348 1235
f 1234 1349 1348
f 1235 1348 1350
f 1235 1350 1236
f 1236 1350 1351
f 1236 1351 1352
f 1236 1352 1237
f 1237 1352 1240
f 1238 1353 1239
f 1238 1240 1354
f 1238 1354 1353
f 1239 1353 1355
f 1239 1355 1356
f 1239 1356 1357
f 1239 1357 1358
f 1240 1359 1354
f 1240 1352 1359
f 1241 1358 1360
f 1241 1360 1361
f 1241 1361 1439
f 1241 1439 1362
f 1241 1362 1242
f 1242 1362 1246
f 1246 1362 1363
f 1246 1363 1247
f 1247 1363 1364
f 1247 1364 1365
f 1247 1365 1248
f 1248 1365 1366
f 1248 1366 1367
f 1248 1367 1368
f 1248 1368 1249
f 1249 1368 1369
f 1249 1369 1448
f 1249 1448 1370
f 1249 1370 1371
f 1249 1371 1252
f 1249 1252 1250
f 1252 1264 1253
f 1252 1371 1264
f 1254 1257 1255
f 1255 1257 1256
f 1259 1269 1271
f 1264 1371 1265
f 1265 1371 1266
f 1266 1371 1273
f 1268 1271 1269
f 1273 1371 1372
f 1273 1372 1274
f 1274 1372 1275
f 1275 1372 1373
f 1275 1373 1374
f 1275 1374 1375
f 1275 1375 1276
f 1276 1375 1277
f 1277 1375 1279
f 1277 1279 1278
f 1279 1376 1377
f 1279 1377 1282
f 1279 1375 1378
f 1279 1378 1379
f 1279 1379 1380
f 1279 1380 1376
f 1280 1283 1381
f 1280 1381 1285
f 1281 1282 1382
f 1281 1382 1383
f 1281 1383 1283
f 1282 1377 1382
f 1283 1383 1384
f 1283 1384 1381
f 1284 1286 1288
f 1285 1381 1385
f 1285 1385 1286
f 1286 1385 1386
f 1286 1386 1387
f 1286 1387 1388
f 1286 1388 1288
f 1287 1290 1389
f 1287 1389 1297
f 1287 1297 1296
f 1288 1390 1289
f 1288 1388 1391
f 1288 1391 1390
f 1289 1390 1290
f 1290 1390 1392
f 1290 1392 1389
f 1292 1297 1293
f 1293 1297 1299
f 1293 1299 1294
f 1297 1389 1393
f 1297 1393 1300
f 1297 1300 1299
f 1300 1393 1394
f 1300 1394 1395
f 1300 1395 1301
f 1301 1395 1303
f 1301 1303 1302
f 1303 1395 1396
f 1303 1396 1397
f 1303 1397 1311
f 1303 1311 1304
f 1304 1311 1305
f 1306 1319 1307
f 1307 1319 1398
f 1307 1398 1399
f 1307 1399 1320
f 1307 1320 1308
f 1308 1320 1309
f 1309 1320 1310
f 1311 1397 1312
f 1312 1397 1396
f 1312 1396 1313
f 1313 1400 1401
f 1313 1401 1402
f 1313 1402 1314
f 1313 1396 1403
f 1313 1403 1400
f 1314 1402 1404
f 1314 1404 1315
f 1315 1404 1405
f 1315 1405 1316
f 1316 1405 1317
f 1317 1405 1406
f 1317 1406 1407
f 1317 1407 1408
f 1317 1408 1409
f 1317 1409 1318
f 1318 1409 1319
f 1319 1409 1398
f 1320 1410 1411
f 1320 1411 1324
f 1320 1324 1412
f 1320 1412 1322
f 1320 1322 1321
f 1320 1399 1410
f 1322 1412 1323
f 1323 1412 1324
f 1324 1411 1328
f 1324 1328 1325
f 1325 1328 1326
f 1326 1328 1327
f 1328 1411 1333
f 1333 1411 1413
f 1333 1413 1414
f 1333 1414 1415
f 1333 1415 1334
f 1334 1415 1416
f 1334 1416 1335
f 1335 1416 1417
f 1335 1417 1336
f 1336 1417 1418
f 1336 1418 1337
f 1337 1418 1339
f 1337 1339 1338
f 1339 1418 1417
f 1339 1417 1340
f 1340 1417 1419
f 1340 1419 1420
f 1340 1420 1421
f 1340 1421 1422
f 1340 1422 1341
f 1341 1422 1423
f 1341 1423 1424
f 1341 1424 1344
f 1341 1343 1342
f 1344 1424 1425
f 1344 1425 1426
f 1344 1426 1427
f 1344 1427 1428
f 1344 1428 1345
f 1345 1428 1429
f 1345 1429 1346
f 1346 1429 1430
f 1346 1430 1431
f 1346 1431 1432
f 1346 1432 1433
f 1346 1433 1434
f 1346 1434 1347
f 1347 1350 1348
f 1347 1434 1350
f 1350 1434 1433
f 1350 1433 1354
f 1350 1354 1351
f 1351 1354 1359
f 1351 1359 1352
f 1353 1354 1431
f 1353 1431 1430
f 1353 1430 1435
f 1353 1435 1355
f 1354 1433 1432
f 1354 1432 1431
f 1355 1436 1437
f 1355 1437 1356
f 1355 1435 1436
f 1356 1437 1357
f 1357 1437 1438
f 1357 1438 1439
f 1357 1439 1361
f 1357 1361 1360
f 1357 1360 1358
f 1362 1439 1363
f 1363 1438 1440
f 1363 1440 1364
f 1363 1439 1438
f 1364 1440 1366
f 1364 1366 1365
f 1366 1441 1442
f 1366 1442 1367
f 1366 1440 1441
f 1367 1442 1443
f 1367 1443 1444
f 1367 1444 1368
f 1368 1444 1445
f 1368 1445 1446
f 1368 1446 1369
f 1369 1446 1447
f 1369 1447 1448
f 1370 1448 1372
f 1370 1372 1371
f 1372 1448 1373
f 1373 1448 1374
f 1374 1449 1379
f 1374 1379 1375
f 1374 1448 1447
f 1374 1447 1450
f 1374 1450 1449
f 1375 1379 1378
f 1376 1451 1377
f 1376 1380 1451
f 1377 1451 1382
f 1379 1449 1452
f 1379 1452 1380
f 1380 1452 1453
f 1380 1453 1454
f 1380 1454 1451
f 1381 1384 1386
f 1381 1386 1385
f 1382 1451 1383
f 1383 1451 1384
f 1384 1451 1386
f 1386 1455 1387
f 1386 1451 1456
f 1386 1456 1455
f 1387 1455 1388
f 1388 1455 1391
f 1389 1392 1457
f 1389 1457 1393
f 1390 1391 1458
f 1390 1458 1459
f 1390 1459 1392
f 1391 1455 1458
f 1392 1459 1457
f 1393 1457 1460
f 1393 1460 1394
f 1394 1460 1461
f 1394 1461 1403
f 1394 1403 1395
f 1395 1403 1396
f 1398 1409 1462
f 1398 1462 1463
f 1398 1463 1399
f 1399 1463 1410
f 1400 1403 1464
f 1400 1464 1401
f 1401 1465 1466
f 1401 1466 1467
f 1401 1467 1402
f 1401 1464 1465
f 1402 1467 1406
f 1402 1406 1404
f 1403 1461 1464
f 1404 1406 1405
f 1406 1467 1468
f 1406 1468 1469
f 1406 1469 1407
f 1407 1469 1470
f 1407 1470 1408
f 1408 1470 1471
f 1408 1471 1463
f 1408 1463 1462
f 1408 1462 1409
f 1410 1463 1472
f 1410 1472 1413
f 1410 1413 1411
f 1413 1472 1473
f 1413 1473 1474
f 1413 1474 1414
f 1414 1474 1475
f 1414 1475 1476
f 1414 1476 1415
f 1415 1476 1477
f 1415 1477 1416
f 1416 1477 1417
f 1417 1477 1419
f 1419 1477 1476
f 1419 1476 1420
f 1420 1422 1421
f 1420 1476 1475
f 1420 1475 1478
f 1420 1478 1422
f 1422 1478 1479
f 1422 1479 1480
f 1422 1480 1481
f 1422 1481 1482
f 1422 1482 1483
f 1422 1483 1423
f 1423 1483 1484
f 1423 1484 1485
f 1423 1485 1425
f 1423 1425 1424
f 1425 1485 1486
f 1425 1486 1487
f 1425 1487 1426
f 1426 1488 1427
f 1426 1487 1489
f 1426 1489 1488
f 1427 1488 1428
f 1428 1490 1436
f 1428 1436 1429
f 1428 1488 1491
f 1428 1491 1492
f 1428 1492 1493
f 1428 1493 1494
f 1428 1494 1437
f 1428 1437 1490
f 1429 1436 1430
f 1430 1436 1435
f 1436 1490 1437
f 1437 1494 1493
f 1437 1493 1495
f 1437 1495 1496
f 1437 1496 1438
f 1438 1496 1445
f 1438 1445 1441
f 1438 1441 1440
f 1441 1445 1497
f 1441 1497 1442
f 1442 1497 1443
f 1443 1497 1444
f 1444 1497 1445
f 1445 1496 1498
f 1445 1498 1499
f 1445 1499 1450
f 1445 1450 1446
f 1446 1450 1447
f 1449 1450 1500
f 1449 1500 1452
f 1450 1499 1501
f 1450 1501 1500
f 1451 1454 1456
f 1452 1500 1501
f 1452 1501 1453
f 1453 1502 1503
f 1453 1503 1454
f 1453 1501 1504
f 1453 1504 1505
f 1453 1505 1506
f 1453 1506 1507
f 1453 1507 1502
f 1454 1503 1456
f 1455 1508 1458
f 1455 1456 1509
f 1455 1509 1508
f 1456 1503 1509
f 1457 1459 1460
f 1458 1508 1509
f 1458 1509 1510
f 1458 1510 1511
f 1458 1511 1459
f 1459 1511 1512
f 1459 1512 1513
f 1459 1513 1460
f 1460 1513 1461
f 1461 1513 1514
f 1461 1514 1515
f 1461 1515 1516
f 1461 1516 1464
f 1463 1471 1517
f 1463 1517 1472
f 1464 1516 1465
f 1465 1516 1518
f 1465 1518 1519
f 1465 1519 1520
f 1465 1520 1521
f 1465 1521 1522
f 1465 1522 1523
f 1465 1523 1466
f 1466 1523 1481
f 1466 1481 1524
f 1466 1524 1525
f 1466 1525 1468
f 1466 1468 1467
f 1468 1525 1469
f 1469 1525 1526
f 1469 1526 1470
f 1470 1517 1471
f 1470 1526 1517
f 1472 1517 1473
f 1473 1517 1474
f 1474 1517 1527
f 1474 1527 1475
f 1475 1527 1528
f 1475 1528 1478
f 1478 1528 1479
f 1479 1528 1481
f 1479 1481 1480
f 1481 1523 1482
f 1481 1528 1529
f 1481 1529 1524
f 1482 1523 1522
f 1482 1522 1485
f 1482 1485 1484
f 1482 1484 1530
f 1482 1530 1483
f 1483 1530 1484
f 1485 1522 1486
f 1486 1531 1487
f 1486 1522 1531
f 1487 1492 1491
f 1487 1491 1488
f 1487 1488 1489
f 1487 1531 1532
f 1487 1532 1533
f 1487 1533 1492
f 1492 1533 1534
f 1492 1534 1557
f 1492 1557 1535
f 1492 1535 1493
f 1493 1535 1495
f 1495 1535 1536
f 1495 1536 1537
f 1495 1537 1496
f 1496 1537 1538
f 1496 1538 1498
f 1498 1538 1499
f 1499 1538 1501
f 1501 1538 1539
f 1501 1539 1505
f 1501 1505 1504
f 1502 1507 1540
f 1502 1540 1541
f 1502 1541 1542
f 1502 1542 1503
f 1503 1542 1509
f 1505 1539 1506
f 1506 1540 1507
f 1506 1539 1543
f 1506 1543 1544
f 1506 1544 1540
f 1509 1542 1545
f 1509 1545 1546
f 1509 1546 1547
f 1509 1547 1510
f 1510 1547 1511
f 1511 1547 1548
f 1511 1548 1512
f 1512 1548 1549
f 1512 1549 1513
f 1513 1549 1514
f 1514 1549 1548
f 1514 1548 1550
f 1514 1550 1551
f 1514 1551 1515
f 1515 1551 1516
f 1516 1551 1518
f 1517 1526 1552
f 1517 1552 1527
f 1518 1551 1519
f 1519 1551 1520
f 1520 1553 1521
f 1520 1551 1553
f 1521 1554 1522
f 1521 1553 1554
f 1522 1554 1555
f 1522 1555 1556
f 1522 1556 1557
f 1522 1557 1531
f 1524 1529 1527
f 1524 1527 1558
f 1524 1558 1525
f 1525 1558 1552
f 1525 1552 1526
f 1527 1552 1558
f 1527 1529 1528
f 1531 1557 1534
f 1531 1534 1532
f 1532 1534 1533
f 1535 1557 1536
f 1536 1557 1559
f 1536 1559 1543
f 1536 1543 1537
f 1537 1543 1539
f 1537 1539 1538
f 1540 1560 1561
f 1540 1561 1541
f 1540 1544 1560
f 1541 1562 1542
f 1541 1561 1562
f 1542 1562 1545
f 1543 1559 1544
f 1544 1559 1563
f 1544 1563 1564
f 1544 1564 1560
f 1545 1562 1546
f 1546 1548 1547
f 1546 1562 1565
f 1546 1565 1566
f 1546 1566 1548
f 1548 1566 1567
f 1548 1567 1550
f 1550 1567 1566
f 1550 1566 1568
f 1550 1568 1553
f 1550 1553 1551
f 1553 1568 1554
f 1554 1568 1566
f 1554 1566 1564
f 1554 1564 1563
f 1554 1563 1569
f 1554 1569 1555
f 1555 1569 1556
f 1556 1569 1559
f 1556 1559 1557
f 1559 1569 1563
f 1560 1564 1561
f 1561 1564 1565
f 1561 1565 1562
f 1564 1566 1565

