# https://github.com/mikedh/trimesh

o tool_058_meters.ply
v 0.09725500 0.00156034 -0.01188713
v -0.05499716 0.01279472 -0.00750608
v -0.05610496 0.01258264 -0.00836567
v -0.05760502 0.01237312 -0.00916181
v -0.05875595 0.01216421 -0.00970091
v -0.05802054 0.00696213 -0.01359393
v 0.09467872 0.00206272 -0.01157288
v 0.09733820 0.00051843 -0.01174282
v 0.09833302 0.00063605 -0.01069552
v -0.03137063 -0.00461112 0.00716621
v 0.09644958 0.00239806 -0.01133595
v -0.05747052 0.01112952 -0.01078145
v -0.05872528 0.00812975 -0.01308527
v -0.05947886 0.00925768 -0.01250029
v -0.05794539 0.00970066 -0.01207970
v -0.05077944 -0.00571774 -0.01303512
v -0.05240838 -0.00466981 -0.01357988
v -0.05593707 -0.00116081 -0.01455613
v -0.03253882 -0.00615818 0.00619644
v -0.05602161 0.00033069 -0.01465345
v 0.09737970 0.00274584 -0.01053905
v 0.09850569 0.00284462 -0.00923328
v -0.05885523 0.01074775 -0.01135054
v 0.09310023 0.00292594 -0.00936685
v 0.09526002 0.00359271 -0.00762350
v -0.05621322 0.00176511 -0.01464127
v 0.09348421 0.00182857 -0.01168263
v 0.09465254 0.00317629 -0.00927921
v -0.05407618 -0.00209753 -0.01426245
v 0.09511376 0.00045821 -0.01175217
v 0.09629992 0.00047827 -0.01070714
v 0.09736628 0.00074416 -0.00964348
v 0.09794047 0.00100179 -0.00877169
v 0.09535246 0.00290621 -0.01029651
v 0.09640906 0.00338994 -0.00888712
v 0.09710096 0.00357385 -0.00807412
v 0.09880434 0.00168720 -0.00761935
v -0.05920045 0.00518733 -0.01423212
v 0.09865807 0.00272643 -0.00710253
v -0.05873670 0.00388991 -0.01449542
v 0.09345942 0.00027413 -0.01177763
v 0.09451885 -0.00005127 -0.01076317
v -0.03116639 0.00140189 0.00826960
v -0.03079355 -0.00829293 0.00321780
v -0.03278319 -0.00857605 0.00318374
v 0.09525710 0.00022772 -0.00975871
v -0.03205554 -0.00778046 0.00433363
v -0.04459510 0.01219609 0.00016153
v -0.03158665 -0.00889207 0.00210676
v 0.09622993 0.00056839 -0.00880908
v -0.04568507 0.01243692 -0.00078266
v -0.03242067 -0.00936002 0.00101638
v -0.04672757 0.01261538 -0.00174758
v -0.03045279 0.00007969 0.00830353
v -0.04774827 0.01271563 -0.00272843
v -0.03101447 -0.00310230 0.00782663
v -0.02953863 -0.00117658 0.00815270
v 0.09333702 0.00262317 -0.01044820
v 0.09701529 0.00101024 -0.00758698
v -0.03128055 -0.00147491 0.00829031
v -0.04331378 -0.00974869 -0.00799193
v 0.09767123 0.00154469 -0.00642728
v -0.03149962 -0.00049227 0.00836919
v 0.09602348 0.00374559 -0.00707955
v -0.04875752 0.01276510 -0.00371575
v 0.09697012 0.00372681 -0.00603745
v -0.02918854 -0.00249674 0.00787099
v -0.04223516 -0.01000396 -0.00704727
v -0.09272659 -0.00209893 0.01220213
v -0.03212150 0.00076835 0.00843744
v -0.09233309 -0.00331242 0.01204570
v -0.04974483 0.01275009 -0.00471852
v -0.09185326 -0.00469491 0.01168352
v -0.05072682 0.01263201 -0.00570800
v -0.09432308 -0.00139380 0.01150696
v -0.09549307 0.00042047 0.01065727
v -0.09553596 -0.00096766 0.01063128
v -0.04345108 0.01138258 0.00301441
v -0.04219481 0.01064228 0.00387232
v -0.03330196 -0.00968621 -0.00004760
v -0.04931856 -0.00664685 -0.01237664
v -0.03421843 -0.00992067 -0.00108266
v -0.09377707 -0.00258996 0.01164172
v -0.09255344 -0.00622937 0.01062853
v -0.09192152 -0.00736668 0.01009885
v -0.09364676 -0.00374791 0.01137718
v -0.09497301 -0.00266613 0.01082306
v -0.09370851 -0.00647903 0.00983466
v -0.09433657 -0.00394456 0.01086087
v -0.09312815 -0.00777230 0.00911391
v -0.09314851 -0.00501234 0.01104202
v -0.09425452 -0.00547435 0.01013877
v -0.09470716 -0.00677293 0.00892092
v -0.09429065 -0.00804657 0.00807652
v -0.09591701 -0.00271412 0.00996920
v -0.09546175 -0.00413189 0.00993149
v -0.09548766 -0.00752734 0.00762888
v -0.02903154 -0.00385354 0.00733619
v -0.09487947 -0.00835441 0.00728787
v -0.03517120 -0.01003563 -0.00210447
v -0.09538064 -0.00545684 0.00929695
v -0.09602873 -0.00774413 0.00674901
v -0.09594083 -0.00615335 0.00832179
v -0.03616397 -0.01003058 -0.00309656
v -0.03959310 0.00878595 0.00550381
v -0.03728471 0.00811889 0.00534989
v -0.03718819 -0.00994844 -0.00407546
v -0.04234391 0.01137745 0.00199779
v -0.04118000 -0.01018607 -0.00608268
v -0.03384807 0.00505225 0.00716286
v -0.04089656 0.00976857 0.00470787
v -0.03822595 -0.00983327 -0.00505885
v -0.05390916 0.01295918 -0.00662071
v -0.05295262 0.01313687 -0.00561718
v -0.04348811 0.01185002 0.00109342
v -0.03613075 0.00576246 0.00737500
v -0.04801891 -0.00756072 -0.01156753
v -0.05199012 0.01322976 -0.00460098
v 0.09303646 -0.00034442 -0.00988396
v -0.03926721 -0.00967617 -0.00602010
v -0.05101039 0.01325117 -0.00359518
v -0.04014841 -0.01030164 -0.00511309
v -0.05000594 0.01320346 -0.00260443
v 0.09423780 0.00004628 -0.00880874
v -0.03913948 -0.01035829 -0.00413327
v -0.04898300 0.01309158 -0.00162766
v -0.04677215 -0.00831999 -0.01071209
v -0.03815207 -0.01035694 -0.00313267
v -0.03717680 -0.01028537 -0.00212389
v -0.04792250 0.01291528 -0.00066995
v 0.09040726 0.00074033 -0.01168511
v 0.09043901 0.00147914 -0.01135582
v 0.09218784 -0.00022996 -0.01069819
v 0.09172313 0.00225382 -0.01050994
v 0.09231183 0.00280248 -0.00924968
v 0.09508970 0.00046802 -0.00774783
v 0.09317287 0.00319086 -0.00817575
v -0.04442513 -0.00939513 -0.00891474
v -0.04557377 -0.00893441 -0.00983247
v -0.09019086 -0.00907362 0.00881594
v -0.09115492 -0.00950361 0.00763046
v 0.09427065 0.00354821 -0.00698955
v -0.09203530 -0.00985491 0.00667629
v -0.03621385 -0.01017536 -0.00111361
v 0.09585622 0.00122206 -0.00639435
v -0.03248198 0.00374749 0.00761509
v 0.09691944 0.00180791 -0.00567437
v 0.09504311 0.00375174 -0.00617984
v -0.03528953 -0.00997889 -0.00008288
v 0.09624763 0.00350462 -0.00533785
v -0.03402910 0.00331640 0.00818924
v -0.03441273 -0.00963555 0.00098341
v -0.03185975 0.00271285 0.00795946
v -0.03283684 0.00206683 0.00835391
v -0.09583906 -0.01023317 0.00306118
v -0.03357302 -0.00918128 0.00206677
v -0.09584001 -0.01029620 0.00217986
v -0.09594921 -0.00989454 0.00158500
v -0.04140136 -0.00923194 -0.00791757
v 0.09277118 0.00062923 -0.00595213
v -0.04032013 -0.00949283 -0.00697155
v -0.04251420 -0.00887532 -0.00885038
v -0.04613879 -0.00694777 -0.01147006
v -0.04683866 0.01267477 0.00027740
v -0.03504355 0.00626113 0.00661317
v -0.03502831 0.00454754 0.00783976
v -0.04366925 -0.00839154 -0.00975217
v -0.03593305 0.00705456 0.00614375
v -0.04487351 -0.00776120 -0.01062930
v -0.04746537 -0.00594908 -0.01228746
v -0.09342284 0.00262239 0.01177216
v -0.04575839 0.01236059 0.00121604
v -0.09145595 -0.00027491 0.01270486
v -0.09319470 0.00055046 0.01214990
v -0.09325023 -0.00055978 0.01216350
v -0.03986957 0.00993896 0.00371535
v -0.09120356 -0.00167788 0.01266353
v -0.09085772 -0.00302760 0.01249107
v -0.04461535 0.01195097 0.00213263
v -0.09037013 -0.00432068 0.01225414
v -0.08975893 -0.00555032 0.01184201
v -0.09122586 -0.00591713 0.01127953
v -0.09468840 0.00179555 0.01110542
v -0.08907105 -0.00671588 0.01131832
v -0.09562942 0.00367206 0.00954726
v -0.09588889 0.00172651 0.01001958
v -0.09051641 -0.00707116 0.01074679
v -0.09446882 0.00023964 0.01146295
v -0.08979368 -0.00823890 0.01003722
v -0.09682477 0.00275928 0.00837548
v -0.03858442 0.00906291 0.00454357
v -0.09105566 -0.00843774 0.00950344
v -0.04114474 0.01075079 0.00287032
v -0.09198912 -0.00863880 0.00879063
v -0.03007404 -0.00747462 0.00437104
v -0.09329269 -0.00903869 0.00754331
v -0.09385657 -0.00925389 0.00689319
v -0.05740428 0.00574193 -0.01400162
v -0.03824107 0.00771870 0.00629478
v 0.08953482 0.00037331 -0.01131833
v -0.09306767 -0.00978047 0.00633087
v -0.09541847 -0.00889436 0.00613117
v -0.09465962 -0.00944514 0.00602781
v 0.09031384 -0.00056582 -0.01088161
v -0.03736602 0.00697343 0.00678503
v -0.09596389 -0.00935034 0.00452858
v -0.09533985 -0.00999659 0.00431402
v -0.09406292 -0.01039219 0.00444148
v -0.05510289 0.01043388 -0.01096852
v -0.05992360 0.01170273 -0.01045444
v -0.09651348 -0.00899533 0.00347549
v 0.08968104 0.00147914 -0.01057585
v 0.09148623 -0.00055485 -0.00977825
v -0.09644280 -0.00789134 0.00588824
v -0.05691041 0.00446640 -0.01430247
v -0.05648885 0.01009523 -0.01156997
v -0.05976351 0.00643088 -0.01385480
v 0.09171065 -0.00030493 -0.00897578
v 0.09051043 0.00202921 -0.00934569
v 0.09127264 0.00265541 -0.00825589
v 0.09319684 0.00007308 -0.00757759
v 0.09402782 0.00043448 -0.00685855
v 0.09449603 0.00094760 -0.00613964
v 0.09192479 0.00305318 -0.00719674
v 0.09290615 0.00333827 -0.00616939
v 0.09760332 0.00166641 -0.01147636
v -0.09647945 0.00446399 0.00790385
v 0.09457351 0.00140990 -0.00557142
v 0.09406763 0.00354802 -0.00516734
v -0.06039452 0.00762595 -0.01338211
v -0.09601581 -0.00943252 0.00074117
v 0.09503154 0.00236743 -0.00433310
v -0.05556951 0.00902944 -0.01228132
v 0.08749647 -0.00173443 -0.01174609
v 0.08673188 -0.00071096 -0.01099028
v 0.08853819 -0.00152214 -0.01060088
v -0.09554363 -0.01014796 0.00124611
v -0.05650086 0.00314720 -0.01452594
v -0.06110154 0.00877547 -0.01283432
v 0.08788589 -0.00027562 -0.01053222
v -0.09164884 -0.01079779 0.00448833
v -0.09214204 -0.01101449 0.00368275
v 0.08939013 -0.00148991 -0.00809232
v 0.09139970 0.00017960 -0.00648624
v -0.05710531 0.00860016 -0.01272382
v 0.09077498 0.00277024 -0.00588990
v -0.06175064 0.01010573 -0.01203836
v -0.06069817 0.01037938 -0.01180406
v 0.09213721 0.00148700 -0.00486363
v -0.05634867 0.00745300 -0.01327648
v 0.08978092 -0.00084292 -0.01004920
v 0.08868370 0.00092026 -0.00966343
v 0.09041965 -0.00056919 -0.00929861
v -0.06174166 0.01115383 -0.01109344
v 0.08933701 0.00134557 -0.00853402
v -0.05573757 0.00624728 -0.01371724
v 0.09097808 -0.00016084 -0.00763660
v 0.09027142 0.00230750 -0.00720054
v -0.05522988 0.00497879 -0.01403728
v -0.05480516 0.00366946 -0.01430083
v -0.03382312 -0.00694918 0.00567847
v -0.05259884 0.01215185 -0.00774677
v 0.09112001 0.00292423 -0.00615404
v -0.05444865 0.00231749 -0.01445759
v 0.09174237 0.00303670 -0.00518877
v 0.09238462 0.00013556 -0.01164897
v -0.05373850 0.01193742 -0.00858157
v 0.09376891 0.00192845 -0.00441514
v -0.05420788 0.00090765 -0.01449105
v -0.05492798 0.01170866 -0.00937346
v -0.05409951 -0.00057320 -0.01443126
v -0.05615661 0.01143219 -0.01011337
v 0.08381931 -0.00012518 -0.01067729
v 0.08564305 0.00039628 -0.01018571
v 0.08690320 -0.00233545 -0.00941277
v 0.08922859 -0.00169073 -0.00783354
v 0.08711726 -0.00309303 -0.01126446
v -0.03042170 -0.00560845 0.00635572
v 0.08784164 -0.00299020 -0.01034914
v -0.08889930 -0.00973635 0.00752783
v -0.08982062 -0.00974977 0.00664427
v -0.09069347 -0.01010080 0.00564716
v 0.08834423 -0.00185354 -0.00916641
v -0.09618627 -0.01086700 0.00282708
v 0.08902013 -0.00173854 -0.00859891
v 0.08660888 0.00086727 -0.00961196
v -0.04895451 -0.00514055 -0.01289814
v 0.08825303 0.00093325 -0.00876496
v -0.09381833 0.00564779 0.01042847
v -0.09463041 -0.01060647 0.00325548
v -0.09527617 0.00501859 0.00926593
v 0.09005258 -0.00041148 -0.00657120
v -0.05594558 -0.00270326 -0.01436844
v -0.03089439 -0.00702204 0.00506018
v -0.08989169 0.00172971 0.01301719
v -0.08978579 0.00024608 0.01311575
v 0.08855737 0.00132158 -0.00744015
v -0.09186809 0.00265259 0.01235890
v -0.09612284 -0.01075540 0.00284532
v -0.05223263 -0.00150201 -0.01411814
v -0.09588052 -0.01064268 0.00257822
v -0.09295444 0.00363408 0.01175846
v 0.08909830 0.00203801 -0.00628902
v -0.09173170 0.00125949 0.01258635
v -0.05228289 -0.00306978 -0.01390101
v -0.09449042 -0.01075729 0.00196440
v -0.05055394 -0.00407165 -0.01346255
v -0.08812252 -0.00081343 0.01346865
v -0.03062562 0.00313024 0.00764957
v -0.08787123 -0.00221136 0.01342703
v -0.08956391 -0.00118149 0.01311321
v -0.08932607 -0.00260148 0.01298941
v -0.08748277 -0.00353966 0.01324278
v -0.04550219 0.01223202 -0.00284483
v -0.08697078 -0.00479922 0.01291630
v -0.08892333 -0.00392660 0.01275338
v -0.08838344 -0.00517022 0.01237427
v -0.04650323 0.01225257 -0.00383759
v 0.09054475 0.00101251 -0.00510147
v -0.09425568 0.00352376 0.01100803
v 0.09021688 0.00269071 -0.00512573
v 0.09092155 0.00259798 -0.00452079
v -0.08632680 -0.00599594 0.01246524
v -0.08771104 -0.00636157 0.01190915
v -0.08689672 -0.00748156 0.01129300
v -0.08828755 -0.00781933 0.01069323
v -0.08737079 -0.00883596 0.00993291
v -0.08825465 -0.00926058 0.00920608
v 0.08728860 0.00097612 -0.00516176
v 0.08294785 -0.00177973 -0.01141761
v -0.09610461 -0.01075277 0.00282499
v -0.09602822 -0.01064949 0.00269790
v -0.04747787 0.01221510 -0.00484891
v -0.08644842 0.00120917 0.01375985
v 0.08242293 -0.00052066 -0.01092587
v -0.04829042 0.01192280 -0.00608827
v -0.08571478 -0.00005821 0.01388214
v 0.08522268 -0.00251681 -0.00994658
v 0.08891396 0.00181497 -0.00409730
v -0.02863419 0.00066065 0.00794508
v 0.08427711 -0.00149223 -0.01099022
v -0.06057047 0.00330199 -0.01461789
v 0.08468616 0.00091982 -0.00956027
v -0.09639318 0.00636316 0.00661785
v 0.08680923 -0.00146991 -0.00878100
v 0.08737830 -0.00128224 -0.00799434
v 0.08548915 0.00111095 -0.00857984
v 0.08678328 0.00118531 -0.00714190
v 0.08839773 -0.00121438 -0.00662476
v -0.09053089 -0.01036929 0.00337101
v 0.08882448 -0.00087500 -0.00614138
v 0.08737837 0.00140996 -0.00654387
v -0.09155407 -0.01113559 0.00231411
v -0.09231881 -0.01125000 0.00083581
v 0.08809116 0.00221134 -0.00528865
v -0.09335071 -0.01096577 0.00064052
v -0.09246634 0.00678406 0.01054870
v 0.08963773 0.00097431 -0.00462519
v -0.09329415 0.00700122 0.00996943
v -0.02934011 0.00192579 0.00790962
v -0.06096338 0.00462525 -0.01438371
v -0.06149261 0.00587911 -0.01403883
v -0.09391713 0.00736058 0.00912910
v -0.04415843 -0.01048986 -0.00711749
v -0.04122785 0.01129736 0.00096366
v -0.04233434 0.01168060 0.00003681
v -0.09530552 0.00664991 0.00800649
v -0.09571161 -0.00896067 -0.00087001
v -0.09473860 -0.01019883 -0.00035403
v 0.08370368 -0.00210685 -0.01001094
v 0.08428061 -0.00169712 -0.00904405
v 0.08272569 0.00051987 -0.00962790
v 0.08351401 0.00086954 -0.00848854
v -0.08733505 0.00244870 0.01348672
v 0.08528953 -0.00141430 -0.00795849
v 0.08611363 -0.00114633 -0.00682398
v 0.08451272 0.00097886 -0.00751907
v -0.09100569 0.00574933 0.01157642
v 0.08587234 0.00097800 -0.00632086
v -0.02806088 -0.00062305 0.00783154
v -0.02879144 -0.00803765 0.00323435
v 0.08737265 -0.00105023 -0.00590118
v 0.08653729 0.00110277 -0.00564318
v 0.08762842 0.00001166 -0.00479397
v 0.08743931 0.00125093 -0.00470192
v -0.04343465 0.01194625 -0.00090182
v -0.05704982 0.01314960 -0.00755231
v -0.05613209 0.01341698 -0.00652750
v -0.05518817 0.01358298 -0.00550506
v -0.05423078 0.01366784 -0.00448471
v -0.05324284 0.01368833 -0.00348570
v 0.08778952 0.00014128 -0.00467920
v -0.05223314 0.01364688 -0.00249968
v 0.07948911 -0.00003469 -0.01027611
v 0.08598920 -0.00070274 -0.00478318
v 0.08031665 -0.00135783 -0.01094662
v 0.08059271 -0.00204475 -0.01105044
v 0.08167086 -0.00227299 -0.01004317
v 0.08070412 0.00007947 -0.00994248
v 0.08239796 -0.00192123 -0.00904870
v 0.08354022 -0.00162030 -0.00793841
v 0.08154548 0.00056399 -0.00854573
v 0.08233219 0.00085447 -0.00743128
v 0.08437572 -0.00151471 -0.00707679
v 0.08520862 -0.00129936 -0.00586823
v -0.08794483 -0.01010519 0.00659806
v -0.05122440 0.01354745 -0.00151383
v 0.08331081 0.00113776 -0.00641327
v 0.08432806 0.00126445 -0.00529943
v -0.09353181 -0.01092891 0.00192544
v -0.03475614 -0.00890801 0.00314011
v 0.08533149 0.00090207 -0.00448003
v 0.08299976 -0.00014851 -0.00420323
v -0.05016269 0.01338574 -0.00055668
v 0.07792845 -0.00064622 -0.01042740
v 0.07946364 -0.00200877 -0.01003830
v -0.08619844 -0.00170810 0.01374950
v 0.08040521 -0.00192663 -0.00906467
v 0.07864100 0.00046299 -0.00955984
v -0.08581567 -0.00304645 0.01358232
v -0.08533862 -0.00433085 0.01328693
v 0.07938318 0.00060012 -0.00865219
v -0.08476296 -0.00556747 0.01290414
v -0.08406749 -0.00673456 0.01239176
v 0.08117546 -0.00165713 -0.00791905
v 0.08066198 0.00075615 -0.00746480
v 0.08206147 -0.00135595 -0.00686162
v -0.09261591 0.00537471 0.01126152
v 0.08129567 0.00098926 -0.00643662
v 0.08304326 -0.00126524 -0.00587549
v 0.08218185 0.00117792 -0.00548405
v -0.04448018 0.01214283 -0.00186569
v 0.08422438 -0.00086674 -0.00485192
v -0.08981195 0.00332540 0.01276817
v -0.08831793 0.00215083 0.01332943
v 0.08344476 0.00105130 -0.00444609
v -0.08827635 0.00063597 0.01344056
v -0.09136608 0.00436107 0.01205535
v 0.08124914 -0.00056793 -0.00427274
v -0.03402486 -0.00812220 0.00427650
v -0.08554028 -0.00712311 0.01187973
v -0.08462530 -0.00818237 0.01115934
v -0.08597901 -0.00853064 0.01055550
v -0.08499013 -0.00949575 0.00971479
v -0.08652580 -0.00972697 0.00908913
v -0.08698635 -0.01012243 0.00814142
v -0.08968373 -0.00722358 0.00615193
v 0.07617091 -0.00112657 -0.01024327
v -0.02957655 -0.00866169 0.00212231
v -0.02758635 -0.00192304 0.00764569
v -0.02704048 -0.00320625 0.00735051
v -0.03948838 -0.00871592 -0.00784238
v -0.08914131 0.00639618 0.01173975
v 0.07714508 -0.00182581 -0.00982304
v 0.07607192 0.00041917 -0.00947137
v -0.08461624 0.00181331 0.01380926
v -0.03041378 -0.00912084 0.00103136
v 0.07815512 -0.00194744 -0.00904949
v -0.09573101 0.00834311 0.00575857
v -0.04310395 -0.01067670 -0.00616347
v -0.08555822 0.00305980 0.01354120
v -0.09680311 0.00778519 0.00408750
v 0.07932120 -0.00188371 -0.00790118
v -0.04060698 -0.00834354 -0.00877539
v -0.09760450 0.00666932 0.00320407
v 0.07981007 -0.00167341 -0.00688995
v 0.08103539 -0.00147219 -0.00589785
v 0.07731340 0.00073424 -0.00845727
v 0.07827888 0.00085404 -0.00745246
v 0.07915883 0.00102836 -0.00631253
v 0.08028035 0.00104413 -0.00545151
v 0.08208262 -0.00132252 -0.00492423
v 0.08140562 0.00061962 -0.00447253
v 0.07239423 0.00032862 -0.00950529
v 0.07921033 -0.00119261 -0.00470292
v 0.07476735 -0.00151611 -0.00990714
v 0.07581445 -0.00188918 -0.00894861
v 0.07439057 -0.00056492 -0.01007647
v 0.07431429 0.00056290 -0.00938974
v 0.07528106 0.00072452 -0.00863065
v 0.07714637 -0.00201415 -0.00796323
v 0.07811762 -0.00188583 -0.00697795
v 0.07910775 -0.00157304 -0.00597565
v 0.07590753 0.00089103 -0.00740452
v -0.08409113 -0.01128233 0.00725931
v 0.07707437 0.00112649 -0.00635795
v -0.08535887 -0.01114369 0.00629991
v 0.07821797 0.00107877 -0.00543021
v -0.09042333 0.00726543 0.01086940
v -0.08791012 -0.00521589 0.00638765
v 0.07904649 0.00056250 -0.00448918
v 0.07402794 -0.00190380 -0.00891583
v -0.08694945 -0.00679535 0.00680534
v 0.07476724 -0.00197900 -0.00785798
v -0.08928799 -0.00451895 0.00550794
v 0.07287908 -0.00101504 -0.00980302
v -0.08656919 -0.00777693 0.00666180
v 0.07308057 0.00092109 -0.00837407
v 0.07409245 0.00089939 -0.00739050
v 0.07521031 -0.00193530 -0.00677986
v -0.09011436 -0.00510940 0.00428235
v 0.07673808 -0.00166851 -0.00593481
v -0.09199464 0.00801505 0.00986411
v 0.07540574 0.00101638 -0.00617932
v -0.09272218 0.00846428 0.00917038
v -0.09354159 0.00879221 0.00816302
v -0.08604237 -0.01059495 0.00585762
v -0.09507779 0.00844976 0.00664561
v 0.07573995 0.00103531 -0.00538322
v 0.07806095 -0.00033158 -0.00424999
v 0.06933945 0.00077253 -0.00880983
v 0.07582572 -0.00110073 -0.00460269
v -0.09048676 -0.01003816 0.00195050
v -0.08656721 0.00427873 0.01312603
v 0.09434303 0.00270764 -0.00445342
v -0.09128928 -0.01108755 0.00057575
v -0.09226760 -0.01114852 -0.00047837
v -0.09344440 -0.01062013 -0.00127511
v -0.04206298 -0.01081613 -0.00518929
v 0.07199770 -0.00159199 -0.00892204
v 0.07315558 -0.00202088 -0.00784294
v 0.07368390 -0.00193702 -0.00692170
v -0.09449583 -0.00955857 -0.00236121
v -0.03129302 -0.00946497 -0.00002728
v 0.07059577 -0.00051786 -0.00961216
v 0.07050346 0.00100524 -0.00835887
v -0.08956037 0.00498342 0.01229650
v -0.04104658 -0.01087973 -0.00420210
v 0.07186531 0.00114849 -0.00741197
v 0.07292751 0.00106876 -0.00632817
v 0.07475999 -0.00169631 -0.00600851
v -0.08454459 0.00032039 0.01391970
v -0.08323380 -0.00782637 0.01173788
v -0.08434472 -0.00111417 0.01391886
v -0.08403681 -0.00248627 0.01377009
v -0.08228162 -0.00884729 0.01096330
v -0.08361254 -0.00380231 0.01355057
v -0.08360085 -0.00921185 0.01035141
v -0.08308941 -0.00506405 0.01320631
v -0.08244988 -0.00626138 0.01274517
v -0.08358400 -0.01055767 0.00869017
v -0.08170560 -0.00741635 0.01220270
v -0.08526230 -0.01059255 0.00817559
v -0.08610308 -0.01074523 0.00717031
v -0.08860314 -0.00592692 0.00684464
v -0.08845400 -0.00692938 0.00684835
v -0.08988498 -0.00624057 0.00620938
v 0.07416914 0.00090560 -0.00536558
v -0.08783640 -0.00837661 0.00646858
v -0.08702291 -0.00924629 0.00593415
v 0.07551812 0.00028632 -0.00445529
v -0.08917453 -0.00868682 0.00572989
v 0.06787286 0.00034214 -0.00932982
v -0.09034858 -0.00748771 0.00452761
v -0.09061041 -0.00708465 0.00350093
v -0.08784995 0.00545519 0.01248496
v -0.09007665 -0.00865048 0.00446397
v -0.08819058 0.00375070 0.01302052
v -0.09041606 -0.00841725 0.00318351
v 0.07316750 -0.00052142 -0.00432351
v -0.09727426 0.00606038 0.00515601
v 0.06868316 -0.00088372 -0.00933999
v -0.03221304 -0.00967153 -0.00106537
v 0.07177691 -0.00199381 -0.00681247
v -0.04006609 -0.01084439 -0.00320240
v -0.04176635 -0.00784607 -0.00967300
v 0.06981762 -0.00172657 -0.00875578
v 0.07057600 -0.00195669 -0.00793933
v -0.03912657 -0.01068927 -0.00217390
v 0.06979414 0.00124445 -0.00726663
v -0.03317769 -0.00526615 0.00701714
v 0.07333524 -0.00162451 -0.00574155
v -0.04297924 -0.00718953 -0.01054388
v -0.03286749 -0.00373948 0.00781804
v -0.03629301 0.00846363 0.00440765
v -0.03821046 -0.01046363 -0.00113359
v -0.03305752 -0.00238628 0.00831948
v -0.03345279 -0.00106803 0.00861291
v -0.03392968 0.00023826 0.00879813
v -0.05119248 -0.00727924 -0.01246093
v -0.03316797 -0.00980249 -0.00207769
v -0.04908632 0.01314860 0.00039382
v -0.03729606 -0.01021970 -0.00010081
v -0.03416205 -0.00980184 -0.00307616
v -0.04322074 0.01046670 0.00486420
v -0.03271438 0.00559202 0.00648642
v -0.03639734 -0.00992951 0.00094532
v -0.08489130 0.00488007 0.01305263
v -0.05350377 -0.00503345 -0.01361917
v 0.07114774 0.00108962 -0.00622998
v -0.08840194 -0.00328584 0.00476214
v 0.07207517 0.00087595 -0.00532781
v -0.08954437 -0.00374826 0.00361571
v -0.08379614 0.00365640 0.01351083
v -0.05456018 -0.00380560 -0.01402727
v 0.07333805 -0.00121426 -0.00475601
v 0.07312059 0.00045051 -0.00458295
v -0.08277319 0.00241940 0.01384389
v -0.09493443 0.00942951 0.00550431
v -0.09599710 0.00898920 0.00398625
v 0.07146483 -0.00102644 -0.00455913
v 0.06789043 -0.00171117 -0.00876961
v -0.04799603 0.01284414 0.00133270
v 0.06619614 -0.00022276 -0.00926142
v -0.09672116 0.00835727 0.00304874
v 0.06718221 0.00115137 -0.00822231
v -0.09773398 0.00681069 0.00179286
v -0.03361971 0.00642037 0.00601504
v 0.06878225 -0.00196764 -0.00816183
v 0.06983800 -0.00212365 -0.00689700
v 0.06780240 0.00122872 -0.00742699
v 0.06875068 0.00109458 -0.00627738
v -0.04056325 0.00844680 0.00646453
v -0.03967690 0.00768118 0.00695864
v 0.07078144 -0.00195292 -0.00588795
v 0.07086128 0.00021114 -0.00441164
v 0.06969562 0.00076159 -0.00530985
v 0.06362236 0.00023730 -0.00894147
v -0.08530732 -0.00735028 0.00619849
v 0.06489617 -0.00077933 -0.00919653
v 0.06545838 -0.00166080 -0.00870565
v 0.06619018 -0.00207188 -0.00780935
v 0.06488058 0.00099964 -0.00829696
v 0.06563560 0.00121088 -0.00722551
v 0.06751445 -0.00221487 -0.00684906
v 0.06792613 -0.00207938 -0.00586272
v 0.06668929 0.00103368 -0.00626417
v -0.08499904 -0.00905828 0.00575239
v 0.06796257 0.00079491 -0.00520417
v 0.06970574 -0.00148823 -0.00479243
v 0.06922993 -0.00024857 -0.00412844
v 0.06064307 0.00070638 -0.00848025
v 0.06641084 -0.00118540 -0.00400773
v 0.06329431 -0.00136811 -0.00870950
v -0.08119452 -0.01105723 0.00829355
v -0.08854236 0.00788117 0.01097218
v -0.08255825 -0.01158872 0.00721943
v 0.06258325 -0.00013236 -0.00902315
v -0.08977122 0.00858226 0.01010275
v 0.06246903 0.00100620 -0.00823747
v -0.09139869 0.00920801 0.00906141
v -0.08295413 -0.01193217 0.00633221
v 0.06494461 -0.00202529 -0.00783936
v -0.09204312 0.00970955 0.00824389
v -0.09313930 0.00976697 0.00732093
v 0.06592814 -0.00221123 -0.00683220
v -0.09423995 0.00954360 0.00637106
v -0.08689987 -0.00467692 0.00573229
v 0.06273427 0.00132446 -0.00705118
v -0.08606586 0.00608566 0.01249457
v -0.08729514 0.00712459 0.01176493
v -0.08588827 -0.00633125 0.00620694
v -0.09022896 -0.00473349 0.00250863
v -0.08479623 -0.00996727 0.00523934
v -0.08401726 -0.01148207 0.00516924
v -0.09056804 -0.00543190 0.00203012
v 0.06455267 0.00117953 -0.00621138
v 0.06677843 -0.00217837 -0.00601276
v -0.09066257 -0.00794102 0.00043345
v -0.09048650 -0.00971424 0.00018372
v 0.06738722 -0.00178706 -0.00477329
v -0.09112503 -0.01082690 -0.00164162
v -0.09230748 -0.01073205 -0.00254827
v -0.09391099 -0.00939682 -0.00377043
v 0.06565589 0.00083576 -0.00514373
v -0.09336158 -0.01013147 -0.00296672
v -0.03175003 0.00422796 0.00724201
v -0.09475065 -0.00836279 -0.00387960
v 0.06786299 -0.00068852 -0.00405193
v 0.06693562 0.00048931 -0.00440510
v 0.05895188 0.00032223 -0.00872029
v 0.06507542 -0.00160317 -0.00443657
v 0.06410733 -0.00049334 -0.00367824
v 0.06107828 -0.00077531 -0.00894914
v 0.06274987 -0.00205628 -0.00775477
v -0.05237799 -0.00623791 -0.01309378
v 0.06101729 -0.00151998 -0.00865822
v -0.08267914 0.00092336 0.01401239
v -0.08250360 -0.00052136 0.01403295
v 0.06391391 -0.00221236 -0.00690257
v -0.08014702 -0.00273007 0.01400051
v -0.08225222 -0.00192482 0.01394894
v 0.06448311 -0.00214178 -0.00600984
v -0.08188121 -0.00326448 0.01376518
v 0.06116402 0.00149471 -0.00709060
v 0.06267743 0.00141775 -0.00613105
v 0.06320131 0.00114159 -0.00514958
v -0.08115894 -0.00981504 0.01005054
v -0.07970485 -0.00403607 0.01376642
v -0.08139404 -0.00454814 0.01348512
v -0.08263461 -0.01016446 0.00939518
v -0.08080297 -0.00577606 0.01308180
v 0.06439208 0.00080445 -0.00427287
v -0.08010514 -0.00695981 0.01258431
v -0.07930142 -0.00805762 0.01194765
v 0.06550179 -0.00010871 -0.00363644
v -0.03518713 -0.00969664 -0.00405168
v -0.08084780 -0.00846521 0.01148844
v 0.06243293 -0.00115171 -0.00416870
v -0.04866960 -0.00888144 -0.01079940
v -0.07978961 -0.00944577 0.01063055
v 0.05690658 0.00083584 -0.00840123
v -0.04688144 0.01247456 0.00225769
v 0.05900752 -0.00118203 -0.00871360
v -0.03624604 -0.00948751 -0.00500132
v -0.04193615 0.00953442 0.00566718
v 0.06017454 -0.00205065 -0.00775696
v -0.09056807 -0.00557542 0.00293648
v 0.06154023 -0.00219999 -0.00676304
v 0.06268650 -0.00208160 -0.00578364
v -0.09076726 -0.00700575 0.00123318
v -0.09063513 -0.00820860 0.00155881
v 0.06304167 -0.00170104 -0.00471577
v 0.05850536 0.00093823 -0.00826798
v 0.05908993 0.00148115 -0.00713632
v 0.06023946 0.00155833 -0.00613933
v 0.06165987 0.00133306 -0.00520301
v 0.06228042 0.00098101 -0.00438504
v -0.09770299 0.00684339 0.00002062
v -0.08958593 -0.00357573 0.00159082
v 0.05943093 -0.00048237 -0.00355453
v -0.09002623 -0.00460624 0.00061102
v -0.09796292 0.00598578 -0.00084702
v 0.08814420 -0.00086306 -0.00575960
v 0.05836060 -0.00204798 -0.00777493
v 0.05969754 -0.00224221 -0.00677144
v 0.06093440 -0.00207558 -0.00575101
v 0.06150469 -0.00168981 -0.00471373
v -0.09054790 -0.00657835 -0.00090137
v -0.08198558 0.00424994 0.01348449
v 0.05678292 -0.00063766 -0.00888648
v -0.09045835 -0.00791435 -0.00135134
v -0.08665439 0.00846686 0.01101017
v -0.08094715 0.00302548 0.01388856
v -0.08316594 0.00547041 0.01296563
v 0.05710379 0.00158671 -0.00687909
v 0.05844037 0.00158680 -0.00616701
v 0.06014866 0.00133404 -0.00498725
v -0.08785464 0.00909211 0.01017961
v -0.08439815 0.00667127 0.01236403
v -0.08534191 0.00751590 0.01185649
v 0.06000957 0.00117178 -0.00430212
v 0.06132875 0.00003094 -0.00355758
v 0.05800056 -0.00096673 -0.00379479
v -0.09022648 0.01023732 0.00838566
v -0.08005023 0.00178021 0.01413929
v 0.05603985 -0.00208217 -0.00768340
v 0.05766826 -0.00224529 -0.00679314
v 0.05865862 -0.00218714 -0.00577919
v -0.05724259 -0.00006139 -0.01470360
v -0.09015010 -0.00895353 -0.00153876
v -0.08905693 0.00971225 0.00928349
v 0.05935539 -0.00187185 -0.00486194
v 0.05399745 0.00011761 -0.00853520
v -0.04989398 -0.00819029 -0.01166063
v 0.05521605 -0.00115496 -0.00852083
v 0.05584107 0.00141453 -0.00707952
v -0.03496878 0.00751502 0.00523741
v -0.09024819 -0.01056569 -0.00240285
v -0.09116553 -0.01068618 -0.00357807
v -0.05852203 0.00250110 -0.01469098
v -0.09147353 0.01053437 0.00736402
v 0.05634803 0.00161619 -0.00608880
v -0.09228148 0.01066855 0.00663688
v -0.09303393 0.01076661 0.00567174
v 0.05708663 0.00153546 -0.00505056
v -0.09428319 0.01043000 0.00435167
v 0.05836613 0.00122256 -0.00414204
v -0.03732420 -0.00925414 -0.00596238
v 0.05009418 0.00031337 -0.00835133
v -0.03756446 0.00929519 0.00357000
v 0.05215327 0.00063319 -0.00809491
v -0.09462731 -0.00776028 -0.00482248
v 0.05431390 -0.00204496 -0.00745580
v -0.03882221 0.01005520 0.00271415
v -0.05792213 0.00121213 -0.01475010
v 0.05550551 -0.00223282 -0.00674595
v -0.03625818 0.00402315 0.00844835
v -0.08666840 -0.00366430 0.00503669
v 0.05600472 -0.00220243 -0.00568982
v 0.05693564 -0.00186730 -0.00469837
v -0.08812218 -0.00229838 0.00413827
v -0.08435230 -0.00697229 0.00522732
v -0.09370113 -0.00870489 -0.00509747
v 0.05240084 -0.00054833 -0.00848957
v 0.05358735 0.00147410 -0.00699264
v -0.08403866 -0.00826684 0.00484664
v 0.05365796 0.00168508 -0.00599088
v -0.09266140 -0.00968298 -0.00461675
v 0.05471474 0.00154006 -0.00501322
v -0.07989199 -0.01177923 0.00719507
v 0.05757177 0.00005776 -0.00338910
v -0.08880923 -0.00234361 0.00272809
v -0.08069667 -0.01223957 0.00605627
v 0.05619958 0.00132945 -0.00411061
v 0.04889402 -0.00033205 -0.00853456
v 0.05382285 -0.00107775 -0.00353465
v -0.08155183 -0.01258198 0.00497301
v 0.05348429 -0.00224355 -0.00673870
v 0.05440755 -0.00222397 -0.00570550
v -0.09530088 0.00989658 0.00338221
v -0.09623724 0.00912073 0.00243746
v -0.08595491 -0.00422580 0.00511313
v -0.08501659 -0.00564677 0.00532784
v 0.05491289 -0.00199309 -0.00485046
v 0.05096689 -0.00094204 -0.00849048
v -0.09674488 0.00852533 0.00110298
v 0.05231262 -0.00191831 -0.00763808
v -0.08397056 -0.00963500 0.00426935
v -0.08374808 -0.01085176 0.00344053
v 0.05082438 0.00140206 -0.00703911
v -0.07858318 -0.01037974 0.00963834
v -0.07862861 -0.00077362 0.01431277
v -0.08835159 -0.00123126 0.00098960
v -0.07840756 -0.00219250 0.01423124
v -0.07987965 -0.01070849 0.00897861
v 0.05211003 0.00180836 -0.00593396
v -0.03840089 -0.00899547 -0.00690265
v 0.05262977 0.00156797 -0.00487236
v 0.05404222 0.00121838 -0.00405200
v 0.05535154 0.00061628 -0.00323381
v 0.05580463 -0.00048365 -0.00332195
v 0.04624419 0.00041771 -0.00814415
v -0.03728532 0.00525106 0.00806830
v 0.04794353 0.00067480 -0.00805153
v 0.05239780 -0.00154017 -0.00397258
v 0.04967399 -0.00176769 -0.00761253
v 0.04888395 0.00150994 -0.00681289
v 0.05077169 -0.00223708 -0.00660837
v 0.05262920 -0.00223517 -0.00567448
v 0.04977790 0.00172610 -0.00594185
v 0.05110201 0.00159646 -0.00487061
v 0.05281122 -0.00199833 -0.00474717
v -0.08067487 0.00006265 0.01416790
v 0.05342942 0.00024044 -0.00324206
v 0.05168483 0.00120783 -0.00424972
v -0.08044812 -0.00135487 0.01413680
v 0.04670128 -0.00081151 -0.00838315
v 0.04808164 -0.00179963 -0.00755227
v 0.04887617 -0.00218723 -0.00669010
v -0.07802342 -0.00352649 0.01404664
v -0.07751189 -0.00479964 0.01373404
v 0.04678936 0.00142683 -0.00695422
v 0.04770118 0.00167022 -0.00591935
v -0.07689918 -0.00600290 0.01328626
v 0.05032681 -0.00224527 -0.00572089
v 0.05055320 -0.00197579 -0.00459176
v -0.07915035 -0.00528439 0.01341044
v 0.04871872 0.00161206 -0.00493928
v -0.07850373 -0.00647968 0.01293814
v 0.04966786 0.00122540 -0.00397084
v -0.07773704 -0.00761090 0.01235251
v -0.08302219 -0.01220436 0.00433284
v -0.07832702 -0.00906301 0.01114280
v 0.05142261 -0.00096937 -0.00346665
v 0.05129114 -0.00039889 -0.00325088
v 0.04343276 0.00065265 -0.00790727
v 0.04574680 -0.00167330 -0.00756527
v -0.07768633 -0.01208372 0.00707672
v -0.08038077 -0.01290740 0.00392473
v -0.09640115 0.00863643 -0.00099256
v 0.04417902 -0.00034096 -0.00825366
v 0.04662577 -0.00225184 -0.00651367
v -0.08468262 0.00881279 0.01108625
v -0.09739321 0.00667570 -0.00210657
v -0.07820180 0.00238681 0.01419656
v -0.08592087 0.00953420 0.01020600
v 0.04816236 -0.00227131 -0.00583498
v -0.07734150 0.00113562 0.01438263
v -0.04748764 -0.00944704 -0.00990465
v 0.04413610 0.00131593 -0.00701476
v -0.04424991 -0.00636080 -0.01137879
v 0.04563673 0.00161444 -0.00591124
v 0.04666582 0.00151960 -0.00493183
v -0.03452527 0.00151388 0.00882061
v 0.04877266 -0.00204558 -0.00450774
v 0.04804111 0.00124848 -0.00391624
v -0.08709297 0.01008403 0.00935083
v -0.08855896 -0.00195657 0.00041990
v 0.04980301 -0.00097533 -0.00330904
v 0.04904828 0.00026539 -0.00303812
v -0.08884705 -0.00294976 0.00013619
v -0.08828173 0.01066036 0.00844785
v 0.04213817 0.00041163 -0.00804934
v -0.08958045 0.01080094 0.00749147
v -0.09736909 0.00547179 -0.00364778
v -0.04527986 -0.00558319 -0.01199942
v -0.08146078 0.00605766 0.01286951
v 0.04306193 -0.00073506 -0.00813286
v -0.09009887 0.01084644 0.00654303
v 0.04505413 -0.00206403 -0.00676188
v -0.03533131 0.00277648 0.00872670
v -0.08022748 0.00484993 0.01346065
v 0.04383723 -0.00166268 -0.00744218
v -0.04634735 -0.00988324 -0.00898711
v -0.09141178 0.01114226 0.00570333
v -0.07912193 0.00362572 0.01390306
v -0.09283301 0.01124671 0.00453738
v -0.04006136 0.01074996 0.00184960
v -0.08274008 0.00724625 0.01219577
v -0.09322058 0.01134528 0.00354914
v 0.04611704 -0.00236165 -0.00583504
v -0.04523679 -0.01023418 -0.00806170
v -0.02807860 -0.00719410 0.00438206
v -0.03841202 0.00647714 0.00758012
v 0.04663484 -0.00220684 -0.00456725
v -0.08445508 -0.00399673 0.00463985
v 0.08906526 -0.00040335 -0.00562412
v 0.04262552 0.00127401 -0.00697798
v 0.04345917 0.00152253 -0.00607209
v 0.04459544 0.00145091 -0.00491934
v -0.08623864 -0.00199902 0.00382241
v 0.04599697 0.00113452 -0.00391087
v 0.04781499 -0.00173285 -0.00359495
v 0.04680764 0.00079707 -0.00318946
v -0.07858448 -0.01240435 0.00603853
v -0.08691836 -0.00163623 0.00310468
v 0.04778008 -0.00025901 -0.00255917
v 0.03951994 0.00087422 -0.00763858
v -0.04572774 0.01195811 0.00315124
v 0.04099055 -0.00145571 -0.00751393
v -0.07950732 -0.01266984 0.00501230
v 0.04045838 -0.00028047 -0.00819496
v 0.04035066 0.00138566 -0.00674602
v -0.08434746 -0.00505098 0.00406590
v -0.04449108 0.01128003 0.00401879
v -0.08391971 -0.00658587 0.00379711
v 0.04290967 -0.00217076 -0.00649567
v -0.08370507 -0.00787745 0.00312407
v 0.04375597 -0.00231804 -0.00560353
v -0.08363596 -0.00926379 0.00263534
v 0.04500210 -0.00221764 -0.00451143
v 0.04570741 -0.00214350 -0.00379243
v 0.04125662 0.00147709 -0.00598404
v -0.08209208 -0.01305297 0.00166827
v -0.09426463 0.01087247 0.00249284
v -0.09528472 0.01016716 0.00137923
v 0.04229646 0.00140829 -0.00486344
v 0.04360338 0.00115974 -0.00395668
v -0.09613651 0.00922266 0.00001175
v -0.08141785 -0.01299647 0.00310452
v -0.08937981 -0.00426142 -0.00048993
v 0.04517250 0.00065272 -0.00305793
v 0.04663616 -0.00168421 -0.00266738
v -0.09004290 -0.00623312 -0.00183338
v -0.08972023 -0.00728656 -0.00252254
v -0.08871899 -0.00876113 -0.00244614
v -0.08833702 -0.00950476 -0.00245142
v -0.08873481 -0.01098582 -0.00385642
v -0.08987182 -0.01068118 -0.00453613
v -0.09284760 -0.00905973 -0.00540419
v 0.04648696 -0.00066480 -0.00217892
v -0.09492635 -0.00547363 -0.00626289
v -0.09440551 -0.00717936 -0.00572498
v -0.09337637 -0.00783971 -0.00624437
v 0.03765224 0.00032872 -0.00775119
v 0.04325334 -0.00163820 -0.00328223
v -0.09167101 -0.00982722 -0.00506843
v 0.04421913 -0.00145508 -0.00254166
v 0.04218546 -0.00054662 -0.00259765
v 0.03935106 -0.00149330 -0.00742953
v 0.04057837 -0.00211656 -0.00646877
v 0.03858792 -0.00093759 -0.00776677
v -0.07722119 -0.01003915 0.01024672
v 0.03903568 0.00126039 -0.00698132
v -0.07608234 -0.01095420 0.00928190
v 0.03970258 0.00147751 -0.00597649
v -0.07737962 -0.01126200 0.00860998
v -0.08828555 -0.00129827 0.00065937
v -0.07882461 0.00065935 0.01429258
v -0.08860505 -0.00140063 0.00092074
v -0.07858556 -0.01154081 0.00785523
v -0.08849690 -0.00153140 0.00060156
v -0.07684222 -0.00021204 0.01446109
v -0.07663219 -0.00163792 0.01443872
v 0.04206276 -0.00233033 -0.00525843
v -0.08887836 -0.00217202 0.00118467
v 0.04256548 -0.00221111 -0.00474026
v 0.04042227 0.00145622 -0.00486596
v 0.04101125 0.00122384 -0.00376787
v 0.04222223 0.00076878 -0.00305993
v 0.04369349 -0.00019347 -0.00257768
v 0.03510782 0.00094720 -0.00726442
v 0.04076802 -0.00107779 -0.00288055
v 0.03754731 -0.00143230 -0.00746235
v -0.08854574 -0.00145266 0.00145184
v 0.03870397 -0.00201848 -0.00659787
v 0.03999000 -0.00227051 -0.00523520
v -0.07630256 -0.00299983 0.01429911
v -0.07584330 -0.00429544 0.01403244
v 0.03594708 -0.00024770 -0.00795007
v -0.07526374 -0.00552444 0.01363525
v 0.03622983 0.00132570 -0.00681117
v -0.07454842 -0.00668689 0.01311080
v 0.03728880 0.00166082 -0.00569680
v -0.07615979 -0.00715207 0.01274190
v -0.07529572 -0.00824318 0.01208071
v -0.07679775 -0.00866639 0.01162076
v -0.07579683 -0.00967652 0.01080326
v 0.03834985 0.00156097 -0.00485784
v -0.08319615 -0.01214111 0.00263717
v 0.04079701 -0.00217839 -0.00468667
v -0.08557945 -0.00236999 0.00236654
v -0.08496290 -0.00328903 0.00213603
v 0.04118235 -0.00165580 -0.00345945
v 0.03910011 0.00132301 -0.00381306
v 0.04068691 0.00089711 -0.00305678
v 0.03305803 0.00032017 -0.00767935
v 0.03932010 -0.00150498 -0.00327681
v 0.03784827 -0.00048198 -0.00237875
v 0.03439299 -0.00073386 -0.00800231
v 0.03645536 -0.00210353 -0.00649561
v 0.03780482 -0.00231394 -0.00552673
v 0.03819007 -0.00214673 -0.00454515
v 0.03546113 -0.00173337 -0.00741169
v 0.03545249 0.00169302 -0.00574321
v 0.03561736 0.00179237 -0.00479507
v -0.05024563 0.01149797 -0.00794827
v 0.03725315 0.00145498 -0.00382381
v -0.05139957 0.01126223 -0.00876493
v 0.03889658 0.00099446 -0.00291330
v 0.03932836 -0.00002787 -0.00234576
v 0.03178220 -0.00011165 -0.00794721
v 0.03064499 0.00098178 -0.00708197
v -0.08266642 0.00902626 0.01111194
v 0.03593220 -0.00110382 -0.00261746
v -0.08393907 0.00984584 0.01024730
v -0.08511008 -0.01038063 -0.00174544
v -0.07847122 0.00544337 0.01341283
v 0.03274572 -0.00124382 -0.00787925
v 0.03321197 -0.00161382 -0.00737348
v -0.07737972 0.00423117 0.01388794
v 0.03274060 0.00122345 -0.00666666
v -0.07473237 0.00047911 0.01456649
v 0.03516154 -0.00227771 -0.00550469
v -0.07401522 -0.00079083 0.01459240
v 0.03618823 -0.00219234 -0.00445818
v -0.07639546 0.00299185 0.01421640
v -0.07549201 -0.01242435 0.00699745
v 0.03481040 -0.00205632 -0.00647238
v -0.07550457 0.00174152 0.01443925
v 0.03283049 0.00168399 -0.00581388
v -0.07636189 -0.01275900 0.00592251
v -0.08661941 -0.00158827 0.00103182
v -0.07727885 -0.01296722 0.00488162
v -0.07975274 0.00664322 0.01276741
v -0.07824856 -0.01308221 0.00387840
v 0.03359533 0.00182794 -0.00505305
v -0.08511973 0.01041736 0.00937989
v -0.07923014 -0.01316407 0.00288227
v 0.03755280 -0.00177774 -0.00352295
v -0.08018161 -0.01323385 0.00185791
v 0.03482100 0.00161998 -0.00377601
v 0.03608425 0.00108801 -0.00285741
v -0.08133742 -0.01324212 0.00059077
v -0.08629263 0.01095017 0.00848012
v -0.09268960 0.01174283 0.00258475
v -0.09321659 0.01161478 0.00157595
v -0.08220363 -0.01313371 0.00001407
v 0.07538202 -0.00177184 -0.00944134
v -0.08725554 0.01137926 0.00752420
v -0.09424191 0.01096157 0.00055989
v 0.03398442 -0.00034009 -0.00213266
v -0.08785610 -0.00288127 -0.00100039
v -0.09515944 0.01006949 -0.00065975
v 0.02993021 -0.00122495 -0.00814884
v 0.02963408 -0.00066634 -0.00818634
v -0.09578287 0.00922364 -0.00155612
v 0.03052238 -0.00152254 -0.00752810
v -0.08830361 0.01079557 0.00638785
v -0.09613438 0.00823783 -0.00293371
v -0.09654299 0.00691689 -0.00411793
v -0.08847692 -0.00411309 -0.00168567
v 0.03192732 -0.00197949 -0.00643937
v 0.03042326 0.00188064 -0.00567461
v 0.03362974 -0.00223453 -0.00534142
v -0.08840348 -0.00656424 -0.00274520
v 0.03353061 -0.00219788 -0.00442243
v 0.03201423 0.00191261 -0.00473144
v -0.03555158 -0.00949669 0.00202785
v 0.03292331 0.00175613 -0.00394713
v -0.08801027 -0.00177005 0.00010079
v 0.03442500 -0.00179616 -0.00337243
v -0.08783462 0.00818625 0.00537642
v 0.03274748 0.00124913 -0.00282793
v -0.08853249 -0.00518203 -0.00254496
v 0.03581992 -0.00005239 -0.00211731
v -0.09145268 0.01164768 0.00341615
v -0.09681402 0.00541795 -0.00498375
v -0.08655247 -0.00915873 -0.00228224
v 0.02610575 0.00076115 -0.00701995
v 0.02778166 0.00140286 -0.00644818
v -0.09670554 0.00435963 -0.00567036
v 0.02914063 -0.00139116 -0.00738173
v 0.02764277 0.00008360 -0.00744744
v -0.09045080 0.00837125 0.00246364
v -0.09692388 0.00309998 -0.00557934
v 0.03015325 -0.00195302 -0.00630373
v -0.05257272 0.01102041 -0.00956270
v -0.08132309 0.00797356 0.01189662
v -0.05379474 0.01074050 -0.01030393
v -0.08754045 0.00709618 0.00527834
v 0.03123609 -0.00221291 -0.00519119
v -0.05277820 0.00973425 -0.01112494
v 0.02843591 0.00187672 -0.00548651
v -0.05413315 0.00940387 -0.01174757
v 0.02981790 0.00197682 -0.00464432
v -0.05333178 0.00830263 -0.01237219
v 0.03184715 -0.00216460 -0.00429861
v -0.07343070 -0.00208229 0.01455596
v 0.03284282 -0.00185517 -0.00341349
v 0.03088105 0.00157831 -0.00345927
v 0.03351578 -0.00080854 -0.00240984
v 0.03282923 0.00070068 -0.00230770
v 0.02417933 0.00029155 -0.00716478
v -0.08689272 -0.01162869 -0.00374608
v 0.03049263 -0.00155696 -0.00274160
v -0.08910983 -0.01030578 -0.00554779
v -0.08781943 -0.01115007 -0.00459678
v -0.09208439 -0.00828256 -0.00664798
v 0.02609765 -0.00044273 -0.00735656
v -0.09411000 -0.00459229 -0.00760081
v -0.09366378 -0.00634469 -0.00706052
v -0.09284593 -0.00730996 -0.00698951
v 0.02814857 -0.00198183 -0.00588679
v 0.02940954 -0.00218742 -0.00545135
v -0.09045897 -0.00927148 -0.00635439
v 0.02943162 -0.00221504 -0.00426033
v 0.02699759 0.00180560 -0.00559516
v -0.08873003 0.00544854 0.00367963
v 0.02721107 0.00204492 -0.00473451
v -0.08550982 -0.00255499 0.00331317
v -0.08491613 -0.00377502 0.00333303
v -0.08434990 -0.00501916 0.00256195
v 0.02834515 0.00180592 -0.00360011
v -0.08382180 -0.00678834 0.00258485
v 0.03013637 -0.00195607 -0.00348567
v -0.08792685 -0.00137326 0.00134796
v 0.03029653 0.00126541 -0.00281152
v 0.03189883 -0.00097550 -0.00225636
v 0.03156743 0.00011632 -0.00193475
v -0.08368940 -0.00895484 0.00087419
v -0.08369746 -0.01024966 0.00100895
v 0.02196796 0.00086273 -0.00686730
v 0.02441275 -0.00086255 -0.00712796
v 0.02733658 -0.00220711 -0.00544191
v 0.02614574 -0.00176357 -0.00630250
v -0.08344989 -0.01193365 0.00060974
v 0.02780958 -0.00229218 -0.00442778
v -0.07292020 -0.00621432 0.01347111
v -0.07377142 -0.00781801 0.01252634
v -0.07295062 -0.00890642 0.01187201
v -0.08312370 0.01264704 0.00462777
v -0.07439327 -0.00929573 0.01135430
v -0.08388615 -0.01160452 -0.00049565
v 0.02415768 0.00097977 -0.00680836
v -0.08456186 -0.01167387 -0.00156714
v -0.07338979 -0.01031445 0.01054867
v 0.02486703 0.00165427 -0.00548405
v 0.02573582 0.00204262 -0.00461494
v 0.02647215 0.00205595 -0.00388606
v -0.07474399 -0.01064157 0.00992547
v 0.02849710 0.00138765 -0.00287386
v -0.07482003 -0.01184981 0.00822549
v 0.02878101 0.00084419 -0.00224222
v 0.02949689 -0.00109581 -0.00218449
v 0.02938392 -0.00047939 -0.00195994
v -0.07452737 -0.00244150 0.01447124
v -0.07412759 -0.00376839 0.01427836
v 0.02632994 -0.00158669 -0.00263144
v -0.07359568 -0.00502183 0.01393160
v 0.02761880 -0.00115048 -0.00214498
v -0.08635485 -0.01076886 -0.00211865
v 0.02041054 0.00035931 -0.00702056
v 0.02414407 -0.00176752 -0.00625824
v -0.08784839 -0.01097480 -0.00297185
v -0.08576452 -0.01188070 -0.00288754
v 0.02475799 -0.00227586 -0.00538309
v 0.09786377 0.00274088 -0.00634443
v -0.09042719 0.01062455 0.00448125
v -0.08883456 0.00963292 0.00544260
v -0.08881639 0.00780361 0.00539817
v -0.09006749 0.00897332 0.00444993
v -0.09009384 0.00768300 0.00459952
v 0.02743618 -0.00204646 -0.00339901
v -0.08839079 0.00667524 0.00525213
v -0.08730238 0.00546903 0.00442163
v -0.08947614 0.00644269 0.00432817
v -0.09010022 0.00658344 0.00272418
v 0.02279462 -0.00026497 -0.00714679
v 0.02237763 0.00151056 -0.00552292
v 0.02369671 0.00168901 -0.00450465
v -0.05149326 0.01234729 -0.00687787
v 0.02433293 0.00197072 -0.00371279
v -0.05479820 0.00789902 -0.01286912
v 0.02551900 0.00170885 -0.00257213
v 0.02701282 0.00028638 -0.00164712
v 0.01956310 0.00145459 -0.00630622
v -0.08193207 0.01009095 0.01028452
v -0.09149319 0.01177812 0.00180522
v 0.02355547 -0.00105066 -0.00219842
v -0.08382694 -0.01246755 -0.00301502
v 0.02158216 -0.00177714 -0.00619592
v 0.02258060 -0.00229358 -0.00529400
v -0.08313523 0.01071239 0.00940155
v 0.02474311 -0.00237640 -0.00436620
v 0.02488328 -0.00201808 -0.00330556
v 0.02066873 -0.00081885 -0.00695830
v -0.07561712 0.00481613 0.01381980
v 0.02045941 0.00167165 -0.00560525
v 0.02194157 0.00155992 -0.00455859
v -0.07246653 -0.01225387 0.00799477
v 0.02258459 0.00155385 -0.00350935
v -0.07675257 0.00603253 0.01332487
v -0.07797167 0.00715536 0.01269717
v -0.07330687 -0.01271458 0.00691443
v 0.02357398 0.00195198 -0.00270645
v -0.07419224 -0.01306061 0.00586116
v -0.07461174 0.00358632 0.01418303
v 0.02490803 0.00073773 -0.00171306
v 0.02533296 -0.00028728 -0.00174651
v -0.07372132 0.00234137 0.01443032
v 0.01738394 0.00084084 -0.00634921
v -0.07509881 -0.01330180 0.00481094
v -0.07291276 0.00108311 0.01457704
v 0.02160073 -0.00151411 -0.00256811
v -0.09274657 0.01177130 0.00046273
v -0.07217587 -0.00018430 0.01463579
v -0.09320802 0.01145427 -0.00062218
v -0.08450871 0.01114649 0.00854285
v -0.07604066 -0.01343790 0.00378406
v -0.08544325 0.01167688 0.00759892
v -0.07701820 -0.01349081 0.00278117
v 0.09826304 0.00152829 -0.01044095
v 0.01949801 -0.00162334 -0.00628163
v -0.07932813 0.00824649 0.01192925
v -0.08647520 0.01156823 0.00649361
v 0.02103176 -0.00225960 -0.00530998
v -0.08065137 0.00923496 0.01112396
v 0.02216055 -0.00241313 -0.00437338
v -0.07802244 -0.01346612 0.00179041
v 0.02271802 -0.00203227 -0.00329925
v 0.01840933 -0.00050944 -0.00700831
v -0.08668683 0.01022641 0.00538506
v -0.08673389 0.00913021 0.00521193
v -0.09049700 0.00827143 0.00099575
v -0.07906879 -0.01341284 0.00082309
v 0.01854514 0.00164763 -0.00539748
v -0.09384830 0.01087877 -0.00152377
v -0.08007795 -0.01331585 -0.00016802
v 0.01924821 0.00174941 -0.00472942
v 0.02048494 0.00160109 -0.00351220
v -0.09465989 0.00984909 -0.00266891
v -0.08124936 -0.01320788 -0.00088975
v -0.08212049 -0.01296405 -0.00209761
v 0.02159284 0.00141875 -0.00281716
v -0.08597442 0.00739504 0.00493718
v -0.09512734 0.00872483 -0.00405897
v 0.02279535 0.00084912 -0.00171226
v -0.08558229 0.00624190 0.00461736
v -0.08722436 -0.00395715 -0.00227177
v 0.02372804 0.00023813 -0.00150850
v 0.01559707 0.00035066 -0.00671427
v 0.01508659 0.00139246 -0.00599088
v -0.09586430 0.00753088 -0.00461491
v 0.02100329 -0.00040266 -0.00169391
v 0.01675096 -0.00100618 -0.00658360
v 0.01898513 -0.00219771 -0.00528177
v 0.01989239 -0.00240411 -0.00448013
v -0.08461277 -0.01210269 -0.00384650
v 0.02066056 -0.00207350 -0.00327919
v -0.08563548 -0.01150061 -0.00480854
v 0.01730450 -0.00169975 -0.00613325
v 0.01669944 0.00161066 -0.00550599
v 0.01773492 0.00169577 -0.00490650
v -0.08844831 -0.00979801 -0.00647019
v 0.01850118 0.00161414 -0.00358206
v -0.08740949 -0.01058573 -0.00577119
v 0.01973801 0.00144653 -0.00263976
v 0.02053990 0.00082577 -0.00172537
v 0.01304317 0.00089906 -0.00643808
v 0.01918671 -0.00104375 -0.00193786
v 0.01556872 -0.00147577 -0.00618297
v 0.01381911 -0.00009541 -0.00680723
v 0.01626769 -0.00216710 -0.00526472
v -0.09060863 -0.00807266 -0.00749011
v 0.01798061 -0.00240886 -0.00435504
v -0.09597128 0.00664869 -0.00537913
v 0.01501677 0.00192944 -0.00436314
v -0.09579104 0.00539887 -0.00648585
v 0.01608750 0.00177838 -0.00335248
v -0.05415832 0.00669893 -0.01332052
v -0.09340880 -0.00381393 -0.00841921
v 0.01839935 -0.00217430 -0.00328194
v 0.01739693 0.00135182 -0.00248908
v -0.09597414 0.00410822 -0.00678902
v -0.09298867 -0.00506931 -0.00819717
v -0.09546802 0.00237299 -0.00758020
v -0.09199243 -0.00668244 -0.00788860
v 0.01884076 0.00044772 -0.00149446
v -0.09547733 0.00058776 -0.00751952
v -0.09461401 -0.00015781 -0.00823945
v 0.01170262 0.00046338 -0.00667143
v -0.09430545 -0.00157461 -0.00832912
v -0.08912619 -0.00889860 -0.00725655
v -0.07221020 -0.00737836 0.01294233
v -0.08794394 0.00447538 0.00290552
v -0.07145793 -0.00850057 0.01235350
v -0.08943896 0.00518352 0.00207589
v -0.07054760 -0.00956214 0.01164027
v 0.01642629 -0.00059636 -0.00133162
v -0.08861667 0.00429885 0.00175207
v 0.01218879 -0.00080034 -0.00657870
v -0.07199704 -0.00995499 0.01112537
v 0.01305408 -0.00155713 -0.00602830
v 0.01468433 -0.00220225 -0.00514781
v -0.08479273 -0.00340178 0.00080275
v -0.07225926 -0.01124292 0.00959760
v 0.01239432 0.00175664 -0.00547745
v 0.01287396 0.00204273 -0.00442240
v -0.08448281 -0.00445292 0.00089099
v 0.01535244 -0.00235727 -0.00434052
v 0.01637170 -0.00218480 -0.00331455
v -0.07357160 -0.01155095 0.00893551
v -0.08406043 -0.00609632 0.00098189
v -0.08379039 -0.00754190 0.00080907
v 0.01379459 0.00204417 -0.00358503
v -0.08602408 -0.00196577 0.00030404
v 0.01555870 0.00152647 -0.00244114
v 0.01747210 -0.00141786 -0.00212704
v -0.08994056 0.00575388 0.00126509
v 0.01647699 0.00109479 -0.00176205
v -0.08899600 0.00424381 0.00054585
v 0.01752435 -0.00010345 -0.00134513
v -0.06215396 0.00708029 -0.01359941
v -0.07233842 -0.00320416 0.01445798
v -0.08659980 -0.00244801 -0.00090186
v -0.07189469 -0.00450433 0.01419844
v -0.07127189 -0.00571841 0.01378209
v -0.05361163 0.00545198 -0.01368524
v 0.00923600 0.00097122 -0.00629491
v -0.05312361 0.00416843 -0.01396333
v -0.07059610 -0.00690813 0.01330904
v 0.01501559 -0.00105301 -0.00166795
v -0.08402622 -0.00877050 -0.00076591
v 0.01094583 -0.00144781 -0.00605315
v -0.08677051 -0.00167926 0.00019754
v -0.06991062 -0.00806847 0.01277854
v -0.08405349 -0.01043693 -0.00062948
v -0.09054805 0.01088849 0.00296762
v 0.01000414 -0.00008635 -0.00675743
v -0.09042772 0.00936957 0.00273753
v -0.08493340 -0.00891412 -0.00189299
v 0.01244747 -0.00203401 -0.00530464
v 0.01348667 -0.00236914 -0.00428848
v -0.09031244 0.00661576 0.00105114
v 0.01351564 -0.00237456 -0.00425522
v -0.08668968 0.00473476 0.00382350
v -0.08319601 -0.01278396 -0.00132588
v -0.06285885 0.00823084 -0.01305420
v 0.01022262 0.00177922 -0.00539673
v 0.01101825 0.00209076 -0.00440115
v 0.01231155 0.00207073 -0.00345665
v 0.01449053 -0.00219229 -0.00335869
v 0.01511627 -0.00153729 -0.00213067
v 0.01451802 0.00113664 -0.00158628
v -0.08678392 -0.00610893 -0.00250245
v -0.08667107 -0.00797888 -0.00240428
v 0.01464889 0.00054750 -0.00118142
v -0.06366455 0.00933080 -0.01241689
v -0.05271767 0.00284804 -0.01417799
v -0.08224235 -0.01237330 -0.00399386
v 0.01341818 0.00170689 -0.00245111
v 0.00748383 0.00045697 -0.00649929
v 0.00648176 0.00146605 -0.00567395
v -0.00230389 0.00313282 -0.01325564
v -0.00263379 0.00452273 -0.01306446
v -0.07483353 -0.01379414 0.00269919
v -0.00336609 0.00561945 -0.01277297
v -0.07037434 0.00041774 0.01466346
v -0.00174674 0.00474492 -0.01174775
v 0.01281063 -0.00149295 -0.00195031
v -0.00200857 0.00607372 -0.01158973
v -0.07582309 -0.01379485 0.00170100
v 0.01177567 -0.00051138 -0.00112047
v -0.07385856 -0.01372494 0.00370304
v -0.08468667 0.00398505 0.00222154
v -0.07991972 0.01030794 0.01029873
v -0.00261443 0.00718258 -0.01119829
v -0.07683017 -0.01373817 0.00071289
v -0.08113790 0.01096944 0.00942067
v -0.07787277 -0.01358345 -0.00025187
v -0.08731498 0.00335978 -0.00004911
v 0.00950348 -0.00202659 -0.00513174
v -0.08228329 0.01143756 0.00852581
v 0.00888516 -0.00143989 -0.00597334
v -0.07895757 -0.01337217 -0.00120391
v -0.07393522 0.00540810 0.01371705
v 0.01138477 -0.00233766 -0.00435411
v 0.01218435 -0.00229408 -0.00327133
v -0.08004258 -0.01310247 -0.00214820
v -0.07030829 -0.01248276 0.00793386
v -0.07642338 0.00781158 0.01249000
v -0.07734025 0.00853119 0.01194193
v -0.08111531 -0.01279251 -0.00308223
v -0.07509532 0.00661919 0.01319447
v 0.00782237 0.00174153 -0.00540189
v -0.07114203 -0.01294475 0.00684038
v -0.07201711 -0.01330002 0.00577891
v -0.08343035 -0.01185254 -0.00489724
v 0.00869800 0.00205155 -0.00461897
v -0.08465224 -0.01119975 -0.00577789
v -0.07292276 -0.01356064 0.00473204
v 0.00900872 0.00209938 -0.00435970
v -0.07290125 0.00417807 0.01410338
v -0.08715573 -0.00934008 -0.00745223
v 0.00994552 0.00207118 -0.00338668
v 0.01106272 0.00172063 -0.00244007
v -0.08418328 0.01242865 0.00657616
v -0.07197108 0.00293603 0.01438131
v -0.07112919 0.00168170 0.01455999
v 0.01346790 -0.00003502 -0.00114978
v -0.08587538 -0.01039382 -0.00658382
v -0.08343207 0.01189823 0.00761618
v 0.01220303 0.00122193 -0.00155768
v -0.07864542 0.00947371 0.01114189
v -0.00311009 -0.00167945 -0.01395601
v -0.09022273 -0.00706709 -0.00838660
v -0.00307574 -0.00013143 -0.01408439
v -0.08543608 0.01186066 0.00572124
v -0.09177199 -0.00492408 -0.00889672
v -0.06966145 -0.00085362 0.01470301
v -0.00190749 -0.00140522 -0.01296944
v -0.08561258 0.00329226 0.00090819
v -0.05055104 0.00053989 -0.01401833
v -0.06275046 0.01087142 -0.01129061
v -0.00191436 0.00018925 -0.01314553
v -0.09049757 -0.00582092 -0.00900147
v -0.00328031 0.00125841 -0.01407629
v -0.08537043 0.01059093 0.00493096
v -0.08894681 -0.00802584 -0.00814054
v -0.08654464 0.00313428 0.00010855
v -0.08508933 0.00958385 0.00468043
v -0.05246049 0.00144902 -0.01427065
v -0.00373564 0.00279995 -0.01391171
v -0.08446718 0.00802071 0.00430140
v -0.00206389 0.00160717 -0.01328245
v -0.00146335 -0.00003558 -0.01154875
v -0.00152657 0.00138755 -0.01191077
v -0.09259048 0.01144239 -0.00142895
v -0.08426817 0.00665299 0.00399164
v -0.00159929 0.00320159 -0.01190293
v -0.00129521 0.00288683 -0.01051500
v -0.08418218 0.00554923 0.00339193
v -0.00411893 0.00377839 -0.01368977
v -0.00441076 0.00530318 -0.01306552
v -0.09048132 0.00862871 -0.00108183
v -0.00523766 0.00630944 -0.01257583
v -0.09301819 0.01107520 -0.00226642
v -0.09372158 0.00998387 -0.00378885
v 0.00464908 0.00098059 -0.00601295
v -0.00373563 0.00670110 -0.01214475
v -0.09444861 0.00834278 -0.00541807
v -0.09039242 0.00726812 -0.00198867
v -0.00470353 0.00785560 -0.01112469
v -0.00136333 0.00463001 -0.01048988
v -0.08855452 0.00357465 -0.00191545
v -0.00161812 0.00586779 -0.01078301
v -0.00113490 0.00573034 -0.00869967
v -0.09475661 0.00645969 -0.00687206
v -0.09505752 0.00537414 -0.00726786
v -0.00355859 0.00793725 -0.01080273
v -0.09501591 0.00375133 -0.00781873
v -0.09442853 0.00307821 -0.00838730
v -0.09430833 0.00160789 -0.00856486
v -0.09337976 -0.00015304 -0.00909667
v -0.05230149 -0.00000418 -0.01424627
v -0.08517503 0.00520523 0.00416140
v 0.00987491 -0.00108261 -0.00130936
v -0.08557804 0.00365549 0.00265120
v -0.00207026 0.00706551 -0.01069795
v -0.07074408 -0.00120868 0.01466058
v -0.08662704 0.00346489 0.00193445
v -0.07049981 -0.00261830 0.01460194
v -0.00139742 0.00695411 -0.00905162
v -0.00246748 0.00791651 -0.01011566
v -0.07012709 -0.00395592 0.01441812
v -0.00187487 0.00831928 -0.00835218
v -0.06959198 -0.00521442 0.01408060
v 0.00701470 -0.00131248 -0.00598935
v -0.09070021 0.01116861 0.00087038
v 0.00529645 -0.00002040 -0.00646478
v -0.06895872 -0.00641824 0.01363443
v -0.09047402 0.00973261 0.00106661
v -0.08526373 -0.00305868 -0.00038263
v -0.06829870 -0.00759984 0.01314473
v -0.08473171 -0.00434695 -0.00072457
v 0.00907500 -0.00231860 -0.00417548
v -0.08610762 -0.00339231 -0.00154559
v -0.06905832 -0.00915631 0.01212421
v -0.08560946 -0.00445550 -0.00185954
v -0.08848619 0.00357630 -0.00132168
v -0.08436054 -0.00575677 -0.00085125
v -0.06948800 -0.01054259 0.01077229
v -0.08412671 -0.00711726 -0.00089785
v 0.00971425 -0.00228494 -0.00310887
v -0.07089865 -0.01090649 0.01021229
v -0.08526480 -0.00577055 -0.00200250
v -0.08514354 -0.00718405 -0.00204938
v -0.06963864 -0.01179472 0.00915075
v 0.01005574 -0.00163402 -0.00203491
v 0.00712740 0.00209064 -0.00428336
v -0.09046793 0.00720223 -0.00032875
v 0.00779280 0.00215514 -0.00336477
v -0.09012512 0.00576619 -0.00039693
v 0.00859592 0.00177855 -0.00234101
v -0.08953370 0.00453092 -0.00074250
v 0.01012676 0.00119698 -0.00153647
v 0.01120521 0.00062938 -0.00100097
v -0.00495723 0.00229453 -0.01415453
v -0.00125543 -0.00025611 -0.00993954
v -0.08705137 -0.00505424 -0.00250636
v -0.00126117 0.00128670 -0.01013592
v -0.00108994 0.00230239 -0.00852350
v -0.00325174 -0.00291952 -0.01368103
v -0.08125144 -0.01214065 -0.00497859
v -0.07024237 0.00352984 0.01431852
v -0.00204329 -0.00308380 -0.01275543
v -0.08379789 0.00730213 0.00267161
v -0.06856183 0.00101947 0.01466834
v -0.00547974 0.00348362 -0.01383253
v -0.07265623 -0.01403143 0.00261974
v -0.07364801 -0.01406628 0.00162508
v -0.00650903 0.00465966 -0.01337119
v -0.07466188 -0.01402594 0.00064112
v -0.06937757 0.00227894 0.01453146
v -0.00152764 -0.00291047 -0.01132529
v -0.00150191 -0.00134857 -0.01160940
v -0.07911195 0.01113828 0.00942268
v -0.00712292 0.00611486 -0.01270137
v -0.08026886 0.01161847 0.00852026
v -0.00665650 0.00724126 -0.01200599
v -0.00110515 0.00409810 -0.00875468
v -0.08138534 0.01203142 0.00762525
v -0.07567869 -0.01392007 -0.00033982
v -0.07672810 -0.01374354 -0.00130250
v -0.00102093 0.00549541 -0.00725220
v -0.00106576 0.00670909 -0.00745974
v -0.07229267 0.00599667 0.01357428
v -0.00137160 0.00810166 -0.00732282
v -0.08477283 0.00420017 0.00001447
v -0.07347030 0.00719414 0.01300042
v 0.00790462 -0.00053763 -0.00096771
v -0.08555108 0.00367127 -0.00103293
v -0.00484893 0.00882547 -0.00972236
v -0.00478687 -0.00077816 -0.01439137
v -0.00267015 0.00937647 -0.00773528
v -0.07532891 0.00874359 0.01194461
v -0.08641365 0.00344745 -0.00210111
v -0.00496835 0.00096439 -0.01434971
v -0.07662906 0.00966596 0.01113895
v -0.00196144 0.00937310 -0.00649079
v -0.07120054 0.00476721 0.01400462
v -0.00096575 0.00796711 -0.00536066
v -0.09013487 0.00894937 -0.00269000
v -0.07788852 0.01046025 0.01029264
v -0.09200084 0.01075254 -0.00343992
v -0.00152540 0.00924456 -0.00514412
v -0.07781471 -0.01346095 -0.00224027
v -0.09254792 0.01012543 -0.00464531
v -0.07895613 -0.01304785 -0.00315829
v 0.00479691 -0.00133671 -0.00589837
v 0.00614340 -0.00195712 -0.00510964
v 0.00409225 -0.00071556 -0.00632555
v 0.00344528 0.00062685 -0.00621411
v -0.08011890 -0.01261267 -0.00407592
v -0.08241446 -0.01158807 -0.00586061
v -0.08377518 -0.01097116 -0.00645990
v 0.00372498 0.00159687 -0.00536293
v -0.08583105 -0.00870806 -0.00848846
v -0.08763808 -0.00138372 0.00062675
v -0.08493136 -0.01011596 -0.00726791
v -0.08869498 -0.00668299 -0.00914056
v 0.00723053 -0.00230233 -0.00424835
v 0.00852594 -0.00229738 -0.00317843
v -0.04713548 -0.00456725 -0.01275642
v -0.04640622 -0.00417313 0.01157221
v -0.09063105 -0.00448953 -0.00951662
v -0.04872727 -0.00348552 -0.01330980
v -0.00353387 0.00912708 -0.00890661
v -0.08928004 -0.00498875 -0.00977969
v -0.08746142 -0.00799757 -0.00861733
v -0.06816008 -0.01266254 0.00787081
v -0.06900037 -0.01312265 0.00678797
v 0.00573797 0.00217343 -0.00340634
v -0.06986793 -0.01347758 0.00571429
v -0.07077179 -0.01375735 0.00467173
v -0.07170569 -0.01393112 0.00364140
v 0.00645215 0.00196584 -0.00232351
v -0.08339465 0.01280014 0.00565869
v -0.08255173 0.01252068 0.00671129
v -0.06783003 -0.00024767 0.01474552
v 0.00910085 -0.00000128 -0.00083616
v -0.06714659 -0.00152146 0.01473358
v -0.06657136 -0.00281089 0.01466493
v 0.00756926 0.00126572 -0.00142818
v -0.08419441 0.01124005 0.00423644
v -0.00126715 -0.00332133 -0.00957774
v -0.08391334 0.00994254 0.00365697
v -0.09332458 0.00834966 -0.00639936
v -0.08374895 0.00880014 0.00344079
v -0.00125245 -0.00177963 -0.00977473
v -0.00101773 -0.00053155 -0.00817377
v -0.00108437 0.00120798 -0.00837289
v -0.00827892 0.00409939 -0.01355680
v 0.00557459 -0.00098155 -0.00117799
v -0.08812537 0.00394288 -0.00344357
v -0.00920574 0.00546420 -0.01285839
v -0.00853462 0.00707249 -0.01199770
v -0.00719542 0.00150465 -0.01432434
v -0.08993526 0.00787133 -0.00320863
v -0.08969170 0.00628717 -0.00367560
v -0.08931991 0.00545879 -0.00374190
v -0.08729212 0.00337760 -0.00282391
v -0.09356413 0.00739228 -0.00712353
v -0.00736455 0.00278747 -0.01401614
v -0.09390123 0.00586527 -0.00789998
v -0.09386138 0.00459296 -0.00844744
v -0.00090170 0.00495333 -0.00514680
v -0.09334551 0.00347158 -0.00899588
v -0.09295177 0.00162556 -0.00937651
v -0.09202412 0.00081925 -0.00983905
v -0.05044924 -0.00094371 -0.01394182
v -0.00223705 -0.00464922 -0.01232655
v -0.00161103 -0.00480546 -0.01085737
v -0.00083428 0.00653746 -0.00542194
v -0.00062949 0.00660540 -0.00368241
v -0.00073700 0.00775367 -0.00368983
v -0.00120407 0.00902835 -0.00342635
v -0.00258750 0.01026320 -0.00409768
v 0.00396558 -0.00188832 -0.00505326
v -0.06750207 -0.00872962 0.01255287
v 0.00546855 -0.00231872 -0.00410627
v -0.06654888 -0.00976960 0.01179690
v -0.06803310 -0.01016036 0.01129220
v 0.00202244 0.00017748 -0.00616680
v -0.06689740 -0.01109555 0.01034345
v 0.00290102 -0.00101744 -0.00595455
v -0.09114777 0.01136609 -0.00035292
v -0.06828803 -0.01145032 0.00976248
v 0.00208686 0.00135300 -0.00545065
v 0.00325084 0.00205226 -0.00413868
v -0.09050930 0.01011927 -0.00077636
v 0.00344511 0.00213835 -0.00338515
v 0.00615519 -0.00226967 -0.00303179
v 0.00700467 -0.00188908 -0.00216719
v 0.00587066 0.00157334 -0.00149199
v 0.00634744 0.00086174 -0.00100302
v 0.00447543 0.00205112 -0.00240312
v -0.00753693 0.00802242 -0.01109067
v -0.00632841 0.00862093 -0.01016858
v -0.00104788 0.00379702 -0.00709525
v -0.00571008 0.00934018 -0.00888806
v -0.09024138 0.00605500 -0.00248905
v -0.08975928 0.00520575 -0.00310824
v -0.06609342 -0.00412232 0.01450092
v -0.00467674 0.00972798 -0.00800701
v -0.06861562 -0.00200270 0.01468970
v -0.06829061 -0.00336914 0.01456871
v -0.06787856 -0.00468675 0.01433032
v -0.00379419 0.01010178 -0.00670804
v -0.06729088 -0.00592053 0.01394540
v -0.00315447 0.01024091 -0.00557822
v -0.06665708 -0.00711241 0.01347341
v -0.06593205 -0.00826548 0.01293601
v -0.09087216 0.00144813 -0.01026800
v -0.00503460 -0.00222225 -0.01421789
v -0.06678451 0.00161941 0.01466128
v -0.00579467 -0.00120893 -0.01445400
v -0.08352520 0.00998108 0.00289345
v -0.06851884 0.00412250 0.01424458
v -0.09087993 -0.00003440 -0.01025643
v -0.00681016 0.00030111 -0.01448297
v -0.05045771 -0.00248741 -0.01375644
v -0.06949821 0.00535701 0.01390572
v -0.02861036 -0.00506625 0.00655670
v -0.00142896 -0.00625631 -0.00908964
v -0.00134855 -0.00501986 -0.00942175
v -0.07150516 -0.01425725 0.00156944
v -0.06761244 0.00287538 0.01448974
v -0.00099809 -0.00357879 -0.00784680
v -0.08353827 0.00880770 0.00188840
v -0.08373700 0.00736376 0.00077991
v -0.07249196 -0.01425416 0.00056945
v -0.00091354 -0.00200175 -0.00771030
v -0.00063085 -0.00220381 -0.00672227
v -0.00063046 -0.00096824 -0.00692594
v -0.00097266 0.00086812 -0.00653103
v -0.07704509 0.01122682 0.00944133
v -0.00099191 0.00198670 -0.00459627
v -0.07822829 0.01178510 0.00854457
v -0.08500806 0.00483042 -0.00188406
v -0.07935042 0.01216889 0.00762157
v 0.00309000 -0.00186561 -0.00231704
v -0.07351165 -0.01417518 -0.00041194
v 0.00476095 -0.00149185 -0.00167595
v -0.08046285 0.01253327 0.00669765
v -0.08565918 0.00456688 -0.00264915
v -0.07456090 -0.01402493 -0.00137688
v 0.00335827 -0.00038748 -0.00081172
v -0.08957977 0.00947519 -0.00392514
v -0.09068181 0.01024881 -0.00471572
v -0.07187613 0.00776247 0.01277703
v -0.00066913 0.00441965 -0.00321238
v -0.00061972 0.00742260 -0.00219431
v -0.07563083 -0.01379059 -0.00232860
v -0.07061971 0.00657300 0.01342209
v -0.00107158 0.00342023 -0.00467443
v -0.07785928 -0.01298486 -0.00415976
v -0.00217104 0.01006519 -0.00252217
v -0.07671839 -0.01345587 -0.00325891
v -0.00105035 0.00881270 -0.00190597
v -0.07328792 0.00889459 0.01198005
v -0.07907239 -0.01244014 -0.00506198
v -0.00196962 0.00975522 -0.00078668
v -0.00185765 -0.00620979 -0.01062270
v -0.08022897 -0.01189079 -0.00594470
v -0.07458047 0.00979694 0.01116551
v 0.00173041 -0.00166027 -0.00508977
v -0.07583237 0.01057318 0.01031909
v 0.00287277 -0.00217509 -0.00409763
v -0.08275284 -0.01065295 -0.00729310
v 0.00405930 -0.00220401 -0.00300665
v 0.00056335 0.00183976 -0.00430758
v 0.00192129 0.00218297 -0.00336601
v -0.09165435 0.00985282 -0.00567266
v -0.08389909 -0.00932164 -0.00842399
v -0.09189605 0.00907718 -0.00657467
v -0.06603231 0.00035335 0.01476582
v -0.06531163 -0.00091544 0.01478052
v -0.08871264 0.00803339 -0.00401936
v -0.02711080 -0.00596079 0.00561396
v -0.06410823 -0.00348630 0.01464457
v 0.00250138 0.00198375 -0.00229692
v 0.00549137 -0.00044163 -0.00082184
v -0.02920331 -0.00652171 0.00535076
v -0.06470830 -0.00220212 0.01474532
v -0.02759868 -0.00832880 0.00215027
v -0.04008261 0.01108688 -0.00009378
v 0.00511715 0.00015874 -0.00066064
v 0.00357299 0.00164673 -0.00153992
v 0.00018296 -0.00068855 -0.00598391
v 0.00015359 0.00085212 -0.00553037
v -0.02842671 -0.00881780 0.00105606
v -0.00118803 0.00169947 -0.00657402
v -0.08842700 0.00702202 -0.00398880
v -0.00981893 0.00384475 -0.01353150
v -0.00965442 0.00661393 -0.01212555
v -0.00972077 0.00742281 -0.01145922
v -0.00871857 0.00854276 -0.01024614
v -0.06602279 -0.01281868 0.00781494
v -0.08141362 -0.01126782 -0.00680496
v -0.06686294 -0.01327466 0.00673197
v -0.00781665 0.00941632 -0.00886039
v -0.00691070 -0.00247704 -0.01427182
v -0.06774194 -0.01362086 0.00567227
v -0.09256742 0.00806052 -0.00717681
v -0.09263855 0.00625945 -0.00833482
v -0.06863735 -0.01390491 0.00461792
v -0.06955859 -0.01410190 0.00357984
v -0.00775101 -0.00171540 -0.01440066
v -0.07052748 -0.01420949 0.00257402
v -0.09297571 0.00505112 -0.00875455
v -0.09193851 0.00401587 -0.00950167
v -0.09175653 0.00255868 -0.00985072
v -0.08217599 0.01298276 0.00560289
v -0.08286925 0.01299863 0.00518915
v -0.00844932 -0.00018293 -0.01445754
v -0.08347949 0.01174590 0.00331852
v -0.00910934 0.00075654 -0.01435917
v -0.00938412 0.00209682 -0.01411441
v -0.00714562 0.01003726 -0.00759564
v -0.06495511 -0.00661174 0.01378274
v -0.06429809 -0.00779006 0.01327950
v -0.00615658 0.01036599 -0.00666986
v -0.06350427 -0.00890280 0.01267123
v -0.00529727 -0.00396415 -0.01364599
v -0.06558413 -0.00539549 0.01420895
v -0.00501782 0.01055532 -0.00577791
v -0.00437239 0.01073564 -0.00447922
v -0.00318520 0.01061640 -0.00344604
v -0.06506285 -0.00934272 0.01225644
v -0.00391624 -0.00555692 -0.01266256
v -0.00266162 -0.00614898 -0.01179998
v -0.00119445 -0.00672761 -0.00731524
v -0.08398588 0.00622562 0.00065874
v -0.06402867 -0.01033678 0.01141653
v -0.00107487 -0.00513929 -0.00760674
v -0.00089500 -0.00541885 -0.00581958
v -0.06548286 -0.01072534 0.01090089
v -0.00066143 -0.00350094 -0.00597457
v 0.00208889 -0.00074244 -0.00114292
v -0.06562084 -0.01198335 0.00926867
v 0.00114746 0.00026970 -0.00083184
v -0.06697626 -0.01229736 0.00864248
v -0.09084467 0.01042234 -0.00265618
v -0.00077330 0.00299826 -0.00295468
v -0.00048300 0.00422264 -0.00191117
v 0.00086393 -0.00205395 -0.00395834
v 0.00213642 -0.00196257 -0.00278471
v -0.04818615 0.00762747 0.01026715
v 0.00041500 0.00205423 -0.00233814
v 0.00204753 0.00149968 -0.00145053
v 0.00254312 0.00078641 -0.00079137
v -0.00051218 0.00584748 -0.00131968
v -0.00065502 0.00712229 -0.00069126
v -0.00004800 -0.00222515 -0.00509170
v -0.01148707 0.00289104 -0.01357462
v -0.06383059 -0.00484314 0.01440498
v -0.00922640 -0.00192612 -0.01427196
v -0.01126576 0.00455353 -0.01293430
v -0.08690673 0.00443009 -0.00354123
v -0.00822451 -0.00325431 -0.01399891
v -0.01139069 0.00601525 -0.01205733
v -0.00963778 -0.00074407 -0.01431947
v -0.01039262 0.00053124 -0.01418279
v -0.01067316 0.00158671 -0.01403188
v -0.01080022 0.00709716 -0.01142354
v -0.01040896 0.00843279 -0.01007061
v -0.02889342 0.00372509 0.00722967
v -0.00564770 -0.00562687 -0.01281908
v -0.02928593 -0.00921197 -0.00001552
v -0.00742282 -0.00431202 -0.01355311
v -0.06897500 0.00713678 0.01322677
v -0.06990749 0.00798132 0.01275197
v -0.01020477 0.00923903 -0.00896396
v -0.06588665 0.00346365 0.01440376
v -0.00933233 0.01008716 -0.00750922
v -0.00470534 -0.00681939 -0.01198833
v -0.06502360 0.00221414 0.01461098
v -0.07035056 -0.01442749 0.00051220
v -0.00323717 -0.00761416 -0.01089255
v -0.07136456 -0.01437201 -0.00047203
v -0.00247958 -0.00766807 -0.01013242
v -0.06781497 0.00592906 0.01374911
v -0.00827817 0.01046090 -0.00662033
v -0.00334392 0.01054564 -0.00173858
v -0.00737066 0.01075565 -0.00559263
v -0.00673186 0.01096636 -0.00448673
v -0.00105550 0.00851856 -0.00016756
v -0.07239763 -0.01424814 -0.00144502
v -0.06683383 0.00470897 0.01412559
v -0.07344790 -0.01404846 -0.00240406
v -0.00546256 0.01097823 -0.00354949
v -0.00438699 0.01087541 -0.00256525
v -0.06311832 -0.01229961 0.00888861
v 0.00053168 -0.00118473 -0.00175271
v -0.07620867 0.01198516 0.00856048
v -0.00102634 -0.00702389 -0.00540540
v -0.00081535 -0.00573744 -0.00395566
v -0.00074005 0.00509445 0.00232089
v -0.07734791 0.01241625 0.00764293
v -0.07455841 -0.01375648 -0.00334381
v -0.06389183 -0.01293280 0.00775588
v -0.07843844 0.01272107 0.00671056
v -0.06472832 -0.01341034 0.00667596
v -0.00148167 -0.00843209 -0.00685622
v -0.06560001 -0.01377248 0.00561135
v -0.06650455 -0.01403867 0.00456565
v -0.00628108 -0.00722170 -0.01183607
v -0.00731857 -0.00631922 -0.01242387
v -0.07951166 0.01297315 0.00576641
v -0.06742866 -0.01424774 0.00353197
v -0.06837380 -0.01438867 0.00250844
v -0.00551692 -0.00792942 -0.01122764
v -0.07683500 -0.01281666 -0.00514593
v -0.06935274 -0.01443931 0.00150477
v -0.00383583 -0.00858276 -0.01005930
v -0.00062383 -0.00396843 -0.00460184
v -0.08062416 0.01327028 0.00481252
v -0.01240252 0.00252795 -0.01327909
v -0.07257290 0.01002566 0.01118033
v -0.08183785 0.01334372 0.00423188
v -0.07568072 -0.01335071 -0.00426427
v -0.00034672 -0.00264486 -0.00347996
v -0.08247911 0.01317501 0.00260797
v -0.08820664 0.01019815 -0.00486470
v -0.08312019 0.01217838 0.00149134
v -0.00022083 -0.00192729 -0.00292622
v -0.07126442 0.00908172 0.01199413
v -0.07806661 -0.01218319 -0.00603615
v -0.01273397 0.00386930 -0.01270306
v -0.08971025 0.01020440 -0.00558755
v -0.01272064 0.00538251 -0.01187385
v -0.00009244 0.00135479 -0.00089854
v -0.01248246 0.00651841 -0.01115951
v -0.01228872 0.00779012 -0.00998402
v -0.07383066 0.01080769 0.01032121
v -0.07925559 -0.01155804 -0.00690333
v -0.07503557 0.01145316 0.00946116
v -0.00055141 0.00289144 -0.00115688
v -0.01164988 0.00891860 -0.00890547
v -0.08182989 -0.00978865 -0.00849484
v -0.03018968 -0.00948820 -0.00105197
v -0.00054431 0.00411901 -0.00008324
v -0.06223505 -0.00287450 0.01471835
v -0.08302514 -0.00822229 -0.00951911
v -0.09033782 0.00947222 -0.00680922
v -0.00865965 -0.00479047 -0.01327783
v -0.01097828 0.00982683 -0.00765592
v -0.00061442 0.00546436 0.00046430
v -0.06172821 -0.00416707 0.01453148
v -0.01018928 0.01045232 -0.00639500
v -0.09084579 0.00844039 -0.00757320
v -0.01159395 0.00006805 -0.01371580
v -0.01224691 0.00123299 -0.01335484
v -0.02792661 0.00248057 0.00750219
v -0.09067450 0.00708500 -0.00855716
v -0.02726432 0.00120939 0.00750385
v -0.09106891 0.00531174 -0.00934543
v -0.04118317 0.01142182 -0.00102211
v -0.00079137 0.00681009 0.00102034
v -0.09093422 0.00383506 -0.00989937
v -0.00971865 -0.00398426 -0.01359387
v -0.09020981 0.00274143 -0.01034662
v -0.02672995 -0.00008398 0.00739037
v -0.08054506 -0.01084442 -0.00766596
v -0.06422484 0.00095454 0.01474079
v -0.01087241 -0.00300391 -0.01371765
v -0.06352139 -0.00031559 0.01479503
v -0.06286446 -0.00159455 0.01478591
v -0.00967592 0.01078543 -0.00534665
v -0.00877673 0.01100412 -0.00449923
v -0.06081540 0.01227789 -0.00970627
v -0.01126687 -0.00159557 -0.01373740
v -0.06321165 -0.00606934 0.01401842
v -0.08349253 0.00950769 0.00044405
v -0.00417372 0.01057392 -0.00065736
v -0.00788590 0.01112166 -0.00363534
v -0.00658092 0.01107549 -0.00251219
v -0.00331013 0.01011650 0.00025487
v -0.06256980 -0.00725968 0.01353167
v -0.06150815 -0.00843746 0.01290280
v -0.08405333 0.00632495 -0.00055611
v -0.08442972 0.00667627 -0.00224230
v -0.06251657 -0.00991283 0.01187024
v -0.08543080 0.00637531 -0.00324685
v -0.06279445 -0.01124100 0.01038519
v -0.00212504 0.00937584 0.00090963
v -0.00310199 -0.00874783 -0.00937050
v -0.06423841 -0.01162118 0.00985554
v -0.00222647 -0.00854109 -0.00844924
v -0.00113534 0.00790050 0.00174001
v -0.00554170 0.01091118 -0.00154575
v -0.00083167 -0.00242810 -0.00045990
v -0.00058032 -0.00059845 0.00080474
v -0.00143507 -0.00901484 -0.00509397
v -0.00722277 -0.00811071 -0.01115343
v -0.00615217 -0.00881459 -0.01037646
v -0.00073199 -0.00420341 -0.00235935
v -0.00097243 -0.00736253 -0.00417803
v -0.00077654 -0.00301771 -0.00194284
v -0.01408161 0.00203017 -0.01222892
v -0.08704663 0.00758631 -0.00386782
v -0.00064155 -0.00158246 -0.00081967
v -0.08698955 0.00603754 -0.00383155
v -0.01015491 -0.00561402 -0.01261621
v -0.00047002 -0.00008960 0.00015706
v -0.00051458 0.00082781 0.00040311
v -0.00885866 -0.00708961 -0.01179914
v -0.01414150 0.00333945 -0.01211220
v -0.06746346 0.00771844 0.01296373
v -0.06720854 -0.01462019 0.00144764
v -0.05959826 -0.00488805 0.01419096
v -0.08967116 0.00434676 -0.01011119
v -0.02619376 -0.00137801 0.00720722
v -0.05936568 -0.00622997 0.01374343
v -0.06005273 0.01292393 -0.00856135
v -0.05942208 -0.00776802 0.01307218
v -0.05893124 0.01325702 -0.00774243
v -0.06820363 -0.01460971 0.00045256
v -0.05832010 0.01369827 -0.00643660
v -0.01158258 -0.00316166 -0.01334632
v -0.06333430 0.00280287 0.01451569
v -0.06921696 -0.01454794 -0.00053177
v -0.01236391 -0.00187769 -0.01301640
v -0.07024799 -0.01444585 -0.00150845
v -0.01447000 0.00468429 -0.01131131
v -0.01283311 -0.00057374 -0.01281643
v -0.07857570 0.01343366 0.00482869
v -0.01329911 0.00072936 -0.01257425
v -0.07960874 0.01358895 0.00385844
v -0.01431999 0.00603558 -0.01042745
v -0.06923016 0.00924259 0.01201563
v -0.00058636 0.00230309 0.00074309
v -0.07129936 -0.01425894 -0.00246795
v -0.00065439 0.00372792 0.00163874
v -0.06623975 0.00650885 0.01353986
v -0.01359934 0.00787225 -0.00893953
v -0.07238017 -0.01399722 -0.00341332
v -0.06518687 0.00529059 0.01396832
v -0.07348940 -0.01363444 -0.00433746
v -0.06423530 0.00405220 0.01427792
v -0.01102138 -0.00418841 -0.01323290
v -0.01275437 0.00902758 -0.00786944
v -0.07465700 -0.01314242 -0.00524238
v -0.00549826 0.01047705 0.00038632
v -0.07584755 -0.01252205 -0.00611290
v -0.01213603 0.00965705 -0.00693821
v -0.08075643 0.01364385 0.00265337
v -0.06103086 -0.01230568 0.00886487
v -0.00419527 0.00999704 0.00129490
v -0.08179743 0.01360169 0.00177290
v -0.07534775 0.01266516 0.00766217
v -0.08243929 0.01335855 0.00067999
v -0.06179650 -0.01297339 0.00772968
v -0.00312124 0.00913993 0.00263576
v -0.00433082 -0.00925781 -0.00921485
v -0.07646044 0.01300769 0.00672562
v -0.07710441 -0.01181590 -0.00699948
v -0.01129110 0.01023739 -0.00576210
v -0.00355364 -0.00945144 -0.00849826
v -0.07832376 -0.01108213 -0.00783824
v -0.06262391 -0.01348051 0.00664482
v -0.01028922 0.01073723 -0.00478396
v -0.00281786 -0.00949732 -0.00763883
v -0.00944635 0.01100524 -0.00397867
v -0.08089208 -0.00896633 -0.00941622
v -0.06348682 -0.01387009 0.00557401
v -0.00186225 -0.00930400 -0.00616445
v -0.05739616 0.01392035 -0.00540548
v -0.00875859 0.01112973 -0.00268550
v -0.06437283 -0.01416724 0.00451211
v -0.00097667 0.00647569 0.00319504
v -0.06038868 0.00188736 -0.01476151
v -0.00659897 0.01083501 -0.00053936
v -0.05643743 0.01403531 -0.00439150
v -0.06529553 -0.01439236 0.00348032
v -0.00153427 0.00783307 0.00286228
v -0.07753111 0.01323876 0.00577764
v -0.00767595 0.01105280 -0.00149330
v -0.06623981 -0.01454208 0.00245751
v -0.00074899 -0.00480745 0.00039578
v -0.07057975 0.01028590 0.01117944
v -0.07184346 0.01109575 0.01034273
v -0.00081146 -0.00335029 0.00003062
v -0.08657079 0.01081420 -0.00453412
v -0.00062369 -0.00344304 0.00149265
v -0.07305166 0.01173311 0.00946384
v -0.05545718 0.01407346 -0.00338767
v -0.07421998 0.01224666 0.00856361
v -0.07997687 -0.01018495 -0.00851522
v -0.00065288 -0.00228914 0.00136140
v -0.08821039 0.01010704 -0.00680814
v -0.06251646 0.00154646 0.01467962
v -0.08876869 0.00907077 -0.00772188
v -0.06176246 0.00027939 0.01474469
v -0.06111412 -0.00099933 0.01475306
v -0.06049424 -0.00228012 0.01465763
v -0.00092489 -0.00751080 -0.00219733
v -0.05996758 -0.00357070 0.01448939
v -0.00082645 -0.00634664 -0.00146301
v -0.00064194 0.00063950 0.00217422
v -0.08902602 0.00765265 -0.00870149
v -0.00649285 0.01020755 0.00135737
v -0.08931468 0.00604676 -0.00952418
v -0.00386914 0.00902521 0.00329971
v -0.00509719 0.00966252 0.00233587
v -0.00069290 0.00199503 0.00282983
v -0.00338426 -0.01011633 -0.00670605
v -0.06140912 -0.00549245 0.01416400
v -0.00076873 0.00360811 0.00377311
v -0.00289484 -0.01020568 -0.00556754
v -0.06075319 -0.00668338 0.01369087
v -0.00177797 -0.00966502 -0.00452529
v -0.00776476 -0.00882124 -0.01038989
v -0.00683538 -0.00932162 -0.00958917
v -0.00129747 -0.00902366 -0.00318281
v -0.01510120 0.00179490 -0.01163960
v -0.01585437 0.00296143 -0.01136906
v -0.01579482 0.00405222 -0.01104324
v -0.01558659 0.00512397 -0.01049507
v -0.01564190 0.00683807 -0.00888862
v -0.01489076 0.00779674 -0.00805500
v -0.01437787 0.00841329 -0.00702440
v -0.00911976 -0.00775999 -0.01124168
v -0.01319963 0.00914690 -0.00596508
v -0.08338151 0.01070273 0.00015070
v -0.06063976 -0.00956084 0.01207922
v -0.06012891 -0.01032576 0.01136217
v -0.01146838 -0.00613576 -0.01190886
v -0.06095363 -0.01077649 0.01092653
v -0.08367062 0.00980793 -0.00151816
v -0.01229765 0.00973014 -0.00471757
v -0.08386387 0.00780884 -0.00138087
v -0.01290194 -0.00367948 -0.01238148
v -0.08438979 0.00959958 -0.00273762
v -0.01339748 -0.00237701 -0.01218704
v -0.01385974 -0.00107569 -0.01198440
v -0.01145718 0.01020751 -0.00362368
v -0.08441037 0.00798749 -0.00255765
v -0.01042365 0.01075620 -0.00250708
v -0.08577012 0.00927883 -0.00360214
v -0.08557450 0.00781125 -0.00338299
v -0.01436917 0.00022187 -0.01180262
v -0.01000703 0.01086957 -0.00120184
v -0.01227894 -0.00517988 -0.01221385
v -0.00762388 0.01062389 0.00043899
v -0.00084195 0.00470430 0.00429206
v -0.00122034 0.00606886 0.00429890
v -0.00872256 0.01090837 -0.00050465
v -0.00575465 -0.00979830 -0.00844577
v -0.08681286 0.00894324 -0.00392719
v -0.00304759 0.00840720 0.00382889
v -0.00437173 -0.00999562 -0.00759198
v -0.06605922 -0.01478130 0.00039378
v -0.06258246 0.00463580 0.01412868
v -0.05788641 -0.00430141 0.01410724
v -0.08793651 0.00487325 -0.01040119
v -0.05900146 -0.00066180 -0.01473418
v -0.00204526 0.00729288 0.00436028
v -0.05756450 -0.00562299 0.01373824
v -0.06707460 -0.01472363 -0.00058907
v -0.06166458 0.00338542 0.01436896
v -0.06810063 -0.01462369 -0.00156647
v -0.05741329 -0.00697348 0.01319319
v -0.02563867 -0.00253791 0.00710707
v -0.06594357 0.00829307 0.01268703
v -0.06719526 0.00938594 0.01200081
v -0.07760975 0.01376445 0.00386896
v -0.07859391 0.01381475 0.00287677
v -0.00061017 -0.00530104 0.00129599
v -0.05446064 0.01404681 -0.00239361
v -0.06854670 0.01045575 0.01120793
v -0.05972205 0.00060990 -0.01479503
v -0.00005826 -0.00533763 0.00313392
v -0.07959088 0.01381681 0.00187826
v -0.06355449 0.00586931 0.01379005
v -0.00028586 -0.00368428 0.00290711
v -0.08075260 0.01375110 0.00108232
v -0.06464246 0.00707731 0.01331463
v -0.08142333 0.01369384 -0.00025862
v -0.00047764 -0.00246827 0.00268289
v -0.05739857 -0.00833007 0.01248131
v -0.08249464 0.01332775 -0.00095320
v -0.02633346 0.00816790 -0.00585363
v -0.05782620 -0.00986083 0.01143056
v -0.01806639 0.00448295 -0.01038256
v -0.01882239 0.00568046 -0.00940201
v -0.07132833 -0.01387151 -0.00440909
v -0.07246235 -0.01343695 -0.00531929
v -0.01741691 0.00636486 -0.00893410
v -0.07333695 0.01288080 0.00767857
v -0.00142663 -0.00918136 -0.00133520
v -0.06914611 -0.01445647 -0.00252973
v -0.05829103 -0.01127779 0.01000936
v -0.07443275 0.01321172 0.00675549
v -0.07022450 -0.01420439 -0.00347802
v -0.05898092 -0.01219014 0.00885507
v -0.07552160 0.01347015 0.00580040
v -0.00457596 -0.01064926 -0.00559944
v -0.07364007 -0.01289302 -0.00620946
v -0.07658143 0.01366281 0.00484198
v -0.00342986 -0.01054084 -0.00495924
v -0.00250359 -0.01025343 -0.00352735
v -0.05973830 -0.01289670 0.00772422
v -0.07486721 -0.01218510 -0.00706780
v -0.00101462 -0.00791078 -0.00089306
v -0.06054277 -0.01344968 0.00661566
v -0.00174107 -0.00973120 -0.00211565
v -0.07615933 -0.01136226 -0.00792414
v -0.06983921 0.01133226 0.01035813
v -0.00077956 -0.00639556 0.00055488
v -0.07741305 -0.01048663 -0.00872057
v -0.00899316 -0.00934809 -0.00933820
v -0.06139205 -0.01389052 0.00554368
v -0.07104191 0.01196561 0.00949374
v -0.00782115 -0.00987388 -0.00843886
v -0.07901358 -0.00956962 -0.00932373
v -0.06227289 -0.01421013 0.00447910
v -0.08010795 -0.00825158 -0.01013354
v -0.00057593 -0.00140927 0.00325348
v -0.07220485 0.01248218 0.00860863
v -0.06318298 -0.01446113 0.00343736
v -0.06411933 -0.01464003 0.00241193
v -0.05343720 0.01397399 -0.00141523
v -0.00073081 0.00026181 0.00401679
v -0.06008345 0.00086364 0.01460309
v -0.06507416 -0.01475331 0.00139434
v -0.04223228 0.01164343 -0.00198268
v -0.01632908 0.00129371 -0.01114852
v -0.06084289 0.00213104 0.01453639
v -0.04326061 0.01175509 -0.00295846
v -0.05943920 -0.00041283 0.01459992
v -0.05885275 -0.00169989 0.01450309
v -0.05837635 -0.00301001 0.01435374
v -0.08310868 0.01264511 -0.00200597
v -0.08391818 0.01204480 -0.00328252
v -0.08478645 0.01185056 -0.00441670
v -0.08589922 0.01140447 -0.00558664
v -0.01643850 0.00232197 -0.01122358
v -0.08657812 0.01080587 -0.00638269
v -0.08695312 0.00979337 -0.00758264
v -0.01702071 0.00384042 -0.01086352
v -0.08738673 0.00819434 -0.00883192
v -0.00746291 0.00985179 0.00231350
v -0.08760555 0.00665857 -0.00972492
v -0.00501784 0.00883048 0.00402486
v -0.00630810 0.00937105 0.00321836
v -0.01040456 -0.00863574 -0.00998073
v -0.00082419 0.00155042 0.00491604
v -0.01204842 -0.00656733 -0.01132747
v -0.00090646 0.00348860 0.00527062
v -0.01610660 0.00713650 -0.00837563
v -0.01091315 -0.00798759 -0.01048624
v -0.08297118 0.01276046 -0.00077451
v -0.05913268 -0.00887746 0.01240686
v -0.00119670 0.00407039 0.00582169
v -0.01399552 -0.00430996 -0.01149007
v -0.08358003 0.01096454 -0.00172937
v -0.08441493 0.01100234 -0.00309929
v -0.01447356 -0.00289056 -0.01142890
v -0.08549331 0.01081056 -0.00381620
v -0.05999924 -0.01167194 0.00973905
v -0.01554799 0.00780547 -0.00751076
v -0.01498211 -0.00158869 -0.01125226
v -0.01509721 0.00818925 -0.00600416
v -0.01557072 -0.00030311 -0.01117958
v -0.00200448 0.00569438 0.00575352
v -0.01296684 -0.00547851 -0.01163734
v -0.01403938 0.00869227 -0.00489598
v -0.00272504 0.00660430 0.00560392
v -0.01320283 0.00913477 -0.00381520
v -0.00362008 0.00819199 0.00451949
v -0.01238226 0.00964927 -0.00272076
v -0.01154971 0.01018977 -0.00160737
v -0.01053089 0.01062705 -0.00033153
v -0.00671269 -0.01022459 -0.00751395
v -0.00994228 0.01058266 0.00044119
v -0.00861081 0.01027913 0.00139044
v -0.00563006 -0.01047433 -0.00656118
v -0.01929119 0.00410552 -0.01050980
v -0.04426309 0.01174221 -0.00394506
v -0.02047828 0.00511036 -0.00980257
v -0.02005928 0.00672341 -0.00832736
v -0.01845170 0.00709464 -0.00798741
v -0.03752290 -0.00985329 0.00200413
v -0.05239135 0.01382360 -0.00044862
v -0.05785680 0.00015960 0.01437855
v -0.00196802 -0.00966740 -0.00066408
v -0.00145592 -0.00862945 0.00054106
v -0.07030600 -0.01366432 -0.00538887
v -0.06297523 -0.01480896 0.00136388
v -0.07146915 -0.01316626 -0.00629148
v -0.06394403 -0.01487483 0.00035290
v -0.06493631 -0.01486279 -0.00064316
v -0.06699886 -0.01462846 -0.00258915
v -0.05726623 -0.00112726 0.01430570
v -0.06595742 -0.01478168 -0.00162259
v -0.06009040 0.00395538 0.01412468
v -0.00092290 -0.00722699 0.00189628
v -0.06807331 -0.01438536 -0.00353632
v -0.05926129 0.00269897 0.01428997
v -0.06918068 -0.01406486 -0.00447111
v -0.05852832 0.00143560 0.01437692
v -0.00014178 -0.00616406 0.00335841
v -0.07758759 0.01399037 0.00190050
v -0.07659704 0.01400887 0.00289732
v -0.05671590 -0.00241892 0.01416776
v -0.07855083 0.01393560 0.00088769
v -0.05620283 -0.00371331 0.01398240
v 0.00033682 -0.00525281 0.00416852
v -0.07948486 0.01380521 -0.00015054
v -0.07267006 -0.01254219 -0.00716678
v -0.07391501 -0.01175148 -0.00799830
v -0.08058645 0.01359291 -0.00135219
v 0.00039828 -0.00399217 0.00480824
v -0.08147390 0.01342656 -0.00235351
v -0.05581019 -0.00502237 0.01368186
v -0.00072856 -0.00148457 0.00514847
v -0.05560995 -0.00635801 0.01318126
v -0.08210737 0.01313126 -0.00330539
v -0.07524720 -0.01082745 -0.00884924
v -0.08314386 0.01255468 -0.00446419
v -0.00023975 -0.00297096 0.00494393
v -0.07654342 -0.00982552 -0.00961087
v -0.08420206 0.01187806 -0.00550631
v -0.02709504 0.00779163 -0.00690979
v -0.06193036 0.00643960 0.01358596
v -0.00091776 -0.00004909 0.00564101
v -0.07775972 -0.00908961 -0.01001726
v -0.01771720 0.00041345 -0.01084107
v -0.01828118 0.00189703 -0.01091129
v -0.05558450 -0.00772673 0.01250435
v -0.05578728 -0.00913291 0.01158099
v -0.01899178 0.00280006 -0.01086332
v -0.08436624 0.01112615 -0.00665478
v -0.01285140 -0.00721801 -0.01022807
v -0.00841250 0.00942220 0.00325420
v -0.01725953 0.00752274 -0.00741679
v -0.08524440 0.00999279 -0.00780870
v -0.06097471 0.00521310 0.01392661
v -0.08561904 0.00880345 -0.00887212
v -0.05636312 -0.01081525 0.01008459
v -0.01514059 -0.00465098 -0.01073848
v -0.06440674 0.00886984 0.01242378
v -0.08592791 0.00737333 -0.00982189
v -0.01698733 -0.00085754 -0.01080344
v -0.08593258 0.00555738 -0.01068932
v -0.00632185 0.00824140 0.00513405
v -0.06779562 0.01148322 0.01039077
v -0.00516388 0.00739983 0.00575215
v -0.05699464 -0.01189001 0.00887697
v -0.06575964 0.01003337 0.01165298
v -0.06653276 0.01064204 0.01118053
v -0.03672339 -0.00926604 0.00309892
v -0.05132719 0.01359898 0.00050508
v -0.06306890 0.00764930 0.01308125
v -0.01569586 -0.00341852 -0.01082559
v -0.07894793 -0.00806954 -0.01051136
v -0.01669553 0.00787862 -0.00586236
v -0.01632489 -0.00213703 -0.01081151
v -0.07240220 0.01336633 0.00675542
v -0.03534790 0.00884844 0.00344855
v -0.07347568 0.01361452 0.00580853
v -0.04517560 0.01153898 -0.00521472
v -0.07453522 0.01381708 0.00485062
v -0.00726144 0.00891796 0.00413966
v -0.03597663 -0.00851972 0.00421814
v -0.07558111 0.01394817 0.00387919
v -0.05772106 -0.01269324 0.00774074
v -0.06900557 0.01213733 0.00951699
v -0.05850550 -0.01331586 0.00662503
v -0.01601371 0.00798209 -0.00523410
v -0.01429247 -0.00575750 -0.01056237
v -0.07018445 0.01264741 0.00859469
v -0.05933303 -0.01381322 0.00553506
v -0.07130287 0.01306050 0.00769772
v -0.06019747 -0.01419406 0.00446308
v -0.06109890 -0.01447043 0.00341721
v -0.06202471 -0.01467265 0.00238365
v -0.01496875 0.00821371 -0.00395701
v -0.01411179 0.00861518 -0.00289017
v -0.00117246 0.00125739 0.00666279
v -0.00129346 0.00274089 0.00655352
v -0.01327786 0.00909740 -0.00179753
v -0.00768231 -0.01058613 -0.00655894
v -0.00178638 0.00373525 0.00661548
v -0.00661204 -0.01081001 -0.00560580
v -0.01244910 0.00962162 -0.00069061
v -0.00557400 -0.01093953 -0.00463491
v -0.01159896 0.01003498 0.00037555
v -0.00445637 -0.01091735 -0.00342709
v -0.00273973 0.00525874 0.00649899
v -0.00387323 -0.01079281 -0.00254598
v -0.01060411 0.01022234 0.00115084
v -0.00955945 0.00984610 0.00232244
v -0.01141938 -0.00912223 -0.00875583
v -0.01020874 -0.00963143 -0.00851968
v -0.00877944 -0.01024099 -0.00748338
v -0.00241795 -0.01015499 -0.00145053
v -0.00357772 0.00626921 0.00617661
v -0.02131097 0.00366068 -0.01065065
v -0.02292705 0.00471116 -0.01000632
v -0.02177543 0.00616554 -0.00886428
v -0.00300461 -0.00999488 0.00049272
v -0.00231124 -0.00907696 0.00192244
v -0.00180053 -0.00821608 0.00291379
v -0.00104782 -0.00707075 0.00404746
v -0.00081792 -0.00587781 0.00487420
v -0.00089621 -0.00459167 0.00574604
v -0.00077770 -0.00336082 0.00644114
v -0.00105782 -0.00186740 0.00667750
v -0.00133614 -0.00036403 0.00714030
v -0.05563124 -0.00055956 0.01409726
v -0.01936407 -0.00016733 -0.01067241
v -0.02010676 0.00109976 -0.01074869
v -0.06185658 -0.01488927 0.00032794
v -0.06156363 0.00822142 0.01279286
v -0.05698436 0.00200462 0.01411354
v -0.05624168 0.00073042 0.01414848
v -0.02059741 0.00240540 -0.01079180
v -0.07048767 -0.01283014 -0.00724495
v -0.00930903 0.00883339 0.00416018
v -0.06037744 0.00698933 0.01328668
v -0.00617944 0.00712290 0.00603790
v -0.05947288 0.00576672 0.01358582
v -0.05863615 0.00452011 0.01379143
v -0.06703976 -0.01425603 -0.00453295
v -0.00775856 0.00819597 0.00516461
v -0.06593564 -0.01455817 -0.00359305
v -0.06815534 -0.01386484 -0.00545314
v -0.05508362 -0.00186280 0.01400362
v -0.06289089 0.00943708 0.01212654
v -0.06931222 -0.01340071 -0.00636635
v -0.01410393 -0.00751749 -0.00899992
v -0.00229204 0.00161988 0.00790186
v -0.00312485 0.00332428 0.00769018
v -0.07172695 -0.01211644 -0.00811203
v -0.07300966 -0.01123245 -0.00893348
v -0.00377684 0.00434455 0.00738165
v -0.06448143 0.01074673 0.01118356
v -0.07437320 -0.01017932 -0.00975896
v -0.01229705 -0.00887826 -0.00844965
v -0.01926901 0.00757420 -0.00713949
v -0.01609486 -0.00521447 -0.01010982
v -0.06696781 0.01226720 0.00950963
v -0.04473740 -0.00377388 -0.01258708
v -0.06575713 0.01160904 0.01037795
v -0.01892822 0.00782827 -0.00597094
v -0.07630790 -0.00870140 -0.01059794
v -0.01712653 -0.00382400 -0.01041495
v -0.07763929 -0.00758012 -0.01107402
v -0.05458904 -0.00317157 0.01383141
v -0.01786780 -0.00269805 -0.01049244
v -0.05024200 0.01332162 0.00144836
v -0.07249778 0.01393443 0.00484656
v -0.03528558 -0.00735152 0.00558689
v -0.07353265 0.01407486 0.00387849
v -0.05418524 -0.00448525 0.01355043
v -0.05391277 -0.00579850 0.01310463
v -0.07455228 0.01416827 0.00289877
v -0.07555539 0.01417755 0.00190709
v -0.06813396 0.01277362 0.00860449
v -0.01861643 -0.00143296 -0.01058372
v -0.01771779 0.00790469 -0.00511869
v -0.06927148 0.01319086 0.00768596
v -0.05381585 -0.00713283 0.01247547
v -0.05392570 -0.00848543 0.01161846
v -0.07036872 0.01351968 0.00675939
v -0.01694814 0.00794491 -0.00399129
v -0.07144044 0.01376221 0.00581021
v -0.01498157 -0.00659345 -0.00942273
v -0.05448509 -0.01019676 0.01020021
v -0.01598445 0.00801337 -0.00298071
v -0.05779635 0.00326912 0.01399309
v -0.05507960 -0.01138708 0.00895936
v -0.05575703 -0.01232818 0.00778003
v -0.01507455 0.00823713 -0.00193434
v -0.05651022 -0.01304610 0.00664968
v -0.05731778 -0.01359941 0.00554744
v -0.05816116 -0.01404164 0.00446488
v -0.05904212 -0.01437627 0.00340648
v -0.05995349 -0.01462021 0.00236388
v -0.06089133 -0.01479388 0.00133923
v -0.06284014 -0.01491803 -0.00067506
v -0.06384223 -0.01487787 -0.00166474
v -0.06487054 -0.01476120 -0.00263860
v -0.07653509 0.01413518 0.00090462
v -0.07749023 0.01401718 -0.00011258
v -0.07840693 0.01379157 -0.00115162
v -0.07929121 0.01350389 -0.00222373
v -0.08018317 0.01319821 -0.00327254
v -0.08163679 0.01279811 -0.00431386
v -0.08191272 0.01240152 -0.00524778
v -0.00762478 -0.01105792 -0.00463243
v -0.08237038 0.01174155 -0.00637259
v -0.01429281 0.00862472 -0.00069872
v -0.08313200 0.01057016 -0.00775797
v -0.00660806 -0.01112750 -0.00364752
v -0.00562950 -0.01107946 -0.00264080
v -0.08427578 0.00805068 -0.00978688
v -0.01354517 0.00897100 0.00030372
v -0.08453045 0.00672571 -0.01049437
v -0.03269232 0.00714065 0.00508513
v -0.03009817 0.00492647 0.00664330
v -0.03755278 -0.00826439 -0.00777853
v -0.00450361 -0.01089318 -0.00178608
v -0.03443416 -0.00573344 0.00694085
v -0.03868576 -0.00785164 -0.00869995
v -0.03452800 -0.00428953 0.00790088
v -0.03986033 -0.00731098 -0.00960429
v -0.01239154 0.00945255 0.00117273
v -0.01149778 0.00942940 0.00226582
v -0.01125936 -0.00992069 -0.00739405
v -0.01064425 0.00907004 0.00340942
v -0.00999382 -0.01060105 -0.00631688
v -0.00866654 -0.01086753 -0.00559085
v -0.00387026 -0.01054495 -0.00048281
v -0.00183291 0.00067053 0.00773744
v -0.00494921 0.00608743 0.00657004
v -0.02409266 0.00419801 -0.01023680
v -0.02503813 0.00506860 -0.00969436
v -0.02353156 0.00565992 -0.00927021
v -0.02466481 0.00676037 -0.00823720
v -0.02273834 0.00710113 -0.00785492
v -0.01465714 -0.00816228 -0.00767783
v -0.01739109 -0.00573638 -0.00940934
v -0.01858385 -0.00453238 -0.01006344
v -0.01599542 -0.00686237 -0.00865487
v -0.00403300 -0.00989466 0.00148198
v -0.01167478 -0.01019079 -0.00620436
v -0.00321937 -0.00887600 0.00313092
v -0.01361562 -0.00904618 -0.00686447
v -0.00290464 -0.00851454 0.00352624
v -0.08402602 0.00933181 -0.00881216
v -0.01112567 -0.01058112 -0.00553109
v -0.01001681 -0.01099794 -0.00466329
v -0.00227610 -0.00636844 0.00554996
v -0.00198047 -0.00472532 0.00669973
v -0.00148051 -0.00377728 0.00702065
v -0.02233480 0.00764390 -0.00699498
v -0.00201112 -0.00248356 0.00768297
v -0.02103389 0.00787794 -0.00594184
v -0.00234666 -0.00069842 0.00805257
v -0.03463523 -0.00294320 0.00850442
v -0.03494082 -0.00161967 0.00888596
v -0.03538445 -0.00031815 0.00912970
v -0.04236286 -0.00576767 -0.01129079
v -0.04502471 -0.01116616 -0.00623017
v -0.06489422 -0.01440233 -0.00458451
v -0.06600419 -0.01404668 -0.00551134
v -0.05543269 0.00256758 0.01384403
v -0.05715831 0.00507574 0.01343941
v -0.02005678 0.00794567 -0.00493957
v -0.00866447 -0.01117758 -0.00363763
v -0.05899881 0.00754167 0.01286108
v -0.00767075 -0.01120333 -0.00264546
v -0.06715293 -0.01360646 -0.00642628
v -0.06014876 0.00879002 0.01241592
v -0.00672023 -0.01107566 -0.00162389
v -0.00548359 -0.01080891 -0.00057096
v -0.06831173 -0.01308212 -0.00731659
v -0.05811706 0.00633660 0.01318362
v -0.05623522 0.00382348 0.01367474
v -0.06141534 0.00998030 0.01176118
v -0.06242017 0.01082075 0.01117497
v -0.01905687 0.00795983 -0.00395112
v -0.01045099 0.00804918 0.00489939
v -0.05470050 0.00128961 0.01390378
v -0.00476727 -0.01038519 0.00063793
v -0.05408019 -0.00000664 0.01387894
v -0.07079033 -0.01161696 -0.00902635
v -0.05351918 -0.00131824 0.01378855
v -0.06952561 -0.01243082 -0.00818868
v -0.05301607 -0.00263108 0.01361784
v -0.07449282 0.01428555 0.00090244
v -0.05259988 -0.00394518 0.01334080
v -0.07545910 0.01419159 -0.00010846
v -0.01805049 0.00794750 -0.00296338
v -0.07640643 0.01403852 -0.00112733
v -0.07223483 -0.01051402 -0.00989539
v -0.07731994 0.01379851 -0.00216410
v -0.00891916 0.00734981 0.00588039
v -0.07819286 0.01343457 -0.00322533
v -0.06369337 0.01167561 0.01036653
v -0.01706293 0.00798083 -0.00196631
v -0.07487535 -0.00811183 -0.01126169
v -0.07360624 -0.00932299 -0.01064208
v -0.07901796 0.01298281 -0.00434531
v -0.01611276 0.00810184 -0.00094395
v -0.06492074 0.01238240 0.00951631
v -0.05230170 -0.00526331 0.01294260
v -0.08013957 0.01240708 -0.00547913
v -0.06608498 0.01289406 0.00860892
v -0.04425763 0.01025422 0.00583264
v -0.03143418 0.00606751 0.00589707
v -0.08094260 0.01187958 -0.00635473
v -0.05215575 -0.00658799 0.01236197
v -0.00805644 0.00609647 0.00683071
v -0.01527008 0.00830851 0.00028022
v -0.04107970 -0.00663387 -0.01045604
v -0.05217683 -0.00790485 0.01158163
v -0.02107281 -0.00075532 -0.01056476
v -0.04398674 -0.01129973 -0.00525759
v -0.02180166 0.00051133 -0.01064706
v -0.07149364 0.01421289 0.00388036
v -0.05261259 -0.00955788 0.01026792
v -0.07251720 0.01429564 0.00290048
v -0.08136668 0.01101944 -0.00760469
v -0.05319960 -0.01077394 0.00906940
v -0.07352273 0.01432652 0.00191196
v -0.03413522 0.00805000 0.00428045
v -0.00641571 0.00523584 0.00727718
v -0.01461593 0.00829569 0.00145160
v -0.04296482 -0.01138701 -0.00427842
v -0.05384855 -0.01180095 0.00785988
v -0.00264315 0.00046355 0.00819435
v -0.06722580 0.01329959 0.00767858
v -0.01350529 0.00851363 0.00220366
v -0.00316449 0.00145149 0.00826543
v -0.02255711 0.00177749 -0.01071916
v -0.07741071 -0.00584008 -0.01196773
v -0.01121143 0.00838174 0.00415072
v -0.07619530 -0.00702066 -0.01164616
v -0.01232385 0.00843642 0.00340628
v -0.00513153 0.00369499 0.00797375
v -0.06832490 0.01365436 0.00676354
v -0.02318263 0.00307810 -0.01070163
v -0.05456718 -0.01261949 0.00670500
v -0.05534563 -0.01325908 0.00558686
v -0.06940872 0.01391394 0.00581435
v -0.08250303 0.00708817 -0.01069893
v -0.07046635 0.01408777 0.00485109
v -0.05617037 -0.01376025 0.00449400
v -0.02577416 -0.00677934 0.00453621
v -0.04066266 0.00718076 0.00781224
v -0.01958816 -0.00358993 -0.01021462
v -0.03656298 0.00953651 0.00258991
v -0.05703434 -0.01415137 0.00342759
v -0.05793138 -0.01444510 0.00237892
v -0.05884651 -0.01467384 0.00133820
v -0.05978656 -0.01482661 0.00031098
v -0.06075780 -0.01489401 -0.00069691
v -0.06175398 -0.01490250 -0.00169128
v -0.06276413 -0.01482967 -0.00267665
v -0.02029848 -0.00201461 -0.01043385
v -0.06381433 -0.01466638 -0.00363971
v -0.00393484 0.00303778 0.00804660
v -0.02590016 0.00362216 -0.01050518
v -0.02650114 0.00473812 -0.00991133
v -0.01317856 -0.00969375 -0.00378171
v -0.02601644 0.00623591 -0.00876927
v -0.02537317 0.00081840 -0.01067203
v -0.00500736 -0.00948672 0.00272165
v -0.00400398 -0.00863151 0.00389184
v -0.00374700 -0.00793175 0.00479106
v -0.00384053 -0.00692047 0.00596749
v -0.02391816 0.00762708 -0.00695921
v -0.02317032 0.00788735 -0.00606546
v -0.00281134 -0.00569549 0.00647726
v -0.01583373 -0.00811968 -0.00693659
v -0.00300376 -0.00432590 0.00738881
v -0.08217114 0.00993206 -0.00869436
v -0.02216326 0.00800091 -0.00490264
v -0.08284595 0.00872889 -0.00958941
v -0.02115904 0.00801569 -0.00391751
v -0.01805107 -0.00635856 -0.00874858
v -0.00364620 -0.00314457 0.00796754
v -0.01701771 -0.00751876 -0.00750372
v -0.02014900 0.00797214 -0.00293124
v -0.01915302 0.00797442 -0.00193744
v -0.01290152 -0.00980732 -0.00539026
v -0.01817595 0.00799277 -0.00093035
v -0.01480716 -0.00876789 -0.00618579
v -0.01720447 0.00807183 0.00007833
v -0.00382627 -0.00160450 0.00834408
v -0.01577393 0.00809043 0.00126134
v -0.01185033 -0.01037282 -0.00473115
v -0.01527004 0.00797780 0.00181859
v -0.02680273 -0.00774093 0.00325891
v -0.06388474 -0.01417514 -0.00556315
v -0.07343268 0.01434245 -0.00009514
v -0.06500001 -0.01377103 -0.00647576
v -0.07436371 0.01418718 -0.00113020
v -0.07148344 0.01447363 0.00191494
v -0.01074110 -0.01088461 -0.00376998
v -0.01110083 0.00677848 0.00593696
v -0.01395107 0.00794671 0.00286345
v -0.06616293 -0.01328505 -0.00738101
v -0.07528787 0.01397948 -0.00216617
v -0.00998837 0.00584371 0.00695558
v -0.06736300 -0.01268455 -0.00826693
v -0.04292404 0.00924725 0.00663711
v -0.05476997 0.00438319 0.01335369
v -0.04192153 0.00838632 0.00719011
v -0.01007947 -0.01108750 -0.00265277
v -0.04197400 -0.01137928 -0.00328032
v -0.01287068 0.00776923 0.00391072
v -0.04101670 -0.01126421 -0.00226608
v -0.05395442 0.00311970 0.01351826
v -0.03668738 0.00224337 0.00920425
v -0.07619814 0.01371402 -0.00320387
v -0.05568262 0.00563685 0.01310311
v -0.07109178 -0.01000112 -0.01059842
v -0.07706383 0.01331613 -0.00425681
v -0.05054246 -0.00604064 0.01218430
v -0.00876743 -0.01113629 -0.00162664
v -0.07786398 0.01277194 -0.00538726
v -0.00805011 0.00465490 0.00779232
v -0.00812894 -0.01096296 -0.00045554
v -0.00696044 -0.01064807 0.00046745
v -0.06990316 -0.01100011 -0.00992165
v -0.07857481 0.01199576 -0.00663460
v -0.05053455 -0.00736736 0.01144875
v -0.06858833 -0.01194684 -0.00910672
v -0.05076330 -0.00871317 0.01045588
v -0.06004172 0.01057025 0.01126623
v -0.00516700 0.00103934 0.00864092
v -0.00612105 -0.01020266 0.00155581
v -0.07238537 -0.00879565 -0.01125036
v -0.05663786 0.00686935 0.01277951
v -0.00431942 -0.00051291 0.00854198
v -0.01181773 0.00752864 0.00486841
v -0.02351224 -0.00007322 -0.01050839
v -0.05133383 -0.01011562 0.00915657
v -0.05878201 0.00932109 0.01193433
v -0.07356440 -0.00758422 -0.01179132
v -0.00574887 0.00250853 0.00851341
v -0.02428040 0.00118652 -0.01064712
v -0.05766976 0.00810072 0.01240057
v -0.05196568 -0.01119716 0.00795724
v -0.04010064 -0.01103681 -0.00123112
v -0.02543289 0.00238703 -0.01072818
v -0.02015750 -0.00491849 -0.00974484
v -0.02192896 -0.00259872 -0.01029073
v -0.05312415 -0.00773837 -0.01255717
v -0.03774431 0.01010038 0.00170580
v -0.06164564 0.01175598 0.01033504
v -0.03921563 -0.01071839 -0.00016269
v -0.03845945 0.00472715 0.00872877
v -0.06284567 0.01243976 0.00951326
v -0.05266001 -0.01208947 0.00678578
v -0.00629667 0.00329526 0.00834438
v -0.06402961 0.01297870 0.00859946
v -0.06516897 0.01340657 0.00768188
v -0.05341551 -0.01279898 0.00565426
v -0.02084752 -0.00384609 -0.01007823
v -0.07591357 -0.00547964 -0.01235652
v -0.02275833 -0.00133617 -0.01040455
v -0.05421861 -0.01336437 0.00454699
v -0.07246570 0.01445152 0.00091252
v -0.05505884 -0.01382306 0.00346579
v -0.06627956 0.01377023 0.00675973
v -0.05593351 -0.01418268 0.00240688
v -0.07663456 -0.00370611 -0.01278159
v -0.05683862 -0.01444220 0.00135805
v -0.07473735 -0.00640293 -0.01218897
v -0.05776212 -0.01464535 0.00032079
v -0.00623653 -0.00672811 0.00665877
v -0.05870769 -0.01479297 -0.00070030
v -0.05967794 -0.01485525 -0.00170959
v -0.03889730 0.01063774 0.00081130
v -0.06737060 0.01404330 0.00581294
v -0.06067966 -0.01483253 -0.00270058
v -0.06171207 -0.01471527 -0.00367363
v -0.06842444 0.01423888 0.00485659
v -0.06945677 0.01436018 0.00388390
v -0.02890460 0.00156770 -0.01118997
v -0.02957019 0.00247221 -0.01103967
v -0.00954257 0.00267722 0.00863895
v -0.07047621 0.01443399 0.00290228
v -0.02540174 -0.00227643 -0.01027949
v -0.06277843 -0.01449287 -0.00462594
v -0.02711319 -0.00125681 -0.01069583
v -0.08013194 0.00786296 -0.01062223
v -0.08031493 0.00607361 -0.01158248
v -0.03836098 -0.01030959 0.00092282
v -0.02713131 0.00027111 -0.01086840
v -0.03752935 0.00349065 0.00900921
v -0.02536955 -0.00072065 -0.01049384
v -0.02719934 0.00206161 -0.01090682
v -0.01051759 0.00348629 0.00816679
v -0.01241423 -0.00994096 -0.00220370
v -0.02751412 0.00281149 -0.01082325
v -0.01189183 -0.01002491 -0.00074513
v -0.02830201 0.00426171 -0.01024392
v -0.02915776 0.00534643 -0.00957823
v -0.02757044 0.00579560 -0.00918296
v -0.02901322 0.00681063 -0.00827017
v -0.02691429 0.00715493 -0.00779810
v -0.00659407 -0.00906907 0.00377529
v -0.00595003 -0.00808923 0.00508153
v -0.00504764 -0.00726904 0.00597605
v -0.00476620 -0.00602676 0.00694776
v -0.00518850 -0.00508783 0.00746380
v -0.00513120 -0.00360205 0.00805502
v -0.02270888 -0.00441024 -0.00985861
v -0.02154501 -0.00552152 -0.00938099
v -0.01676533 -0.00825648 -0.00600701
v -0.02040533 -0.00639911 -0.00866545
v -0.01884245 -0.00713709 -0.00777328
v -0.01750032 -0.00773554 -0.00699724
v -0.01561923 -0.00863695 -0.00533071
v -0.08042068 0.01041892 -0.00841902
v -0.01463692 -0.00900133 -0.00422546
v -0.08117194 0.00900402 -0.00966907
v -0.01075359 -0.01073603 -0.00143366
v -0.01003527 -0.01081521 -0.00026656
v -0.00925569 -0.01075718 0.00029858
v -0.00842453 -0.01035214 0.00154762
v -0.00767927 -0.00980284 0.00267970
v -0.02556871 0.00763671 -0.00702331
v -0.02525830 0.00803249 -0.00585662
v -0.02358369 -0.00317283 -0.01009577
v -0.02438826 0.00812371 -0.00494868
v -0.02430586 -0.00192394 -0.01029188
v -0.02327673 0.00809843 -0.00387516
v -0.03114752 -0.00960885 -0.00206552
v -0.00551764 -0.00220186 0.00850161
v -0.07233993 0.01437212 -0.00112129
v -0.06520650 -0.01287973 -0.00832409
v -0.07326470 0.01415726 -0.00215299
v -0.06644139 -0.01218898 -0.00920036
v -0.03214505 -0.00960831 -0.00306247
v -0.06843815 0.01457519 0.00290465
v -0.07416603 0.01388347 -0.00320112
v -0.06944105 0.01461151 0.00191501
v -0.03596235 0.00096604 0.00923540
v -0.07043354 0.01459380 0.00091887
v -0.07504791 0.01356221 -0.00426413
v -0.05179630 -0.00873767 -0.01174075
v -0.02225994 0.00805051 -0.00289238
v -0.07590926 0.01314798 -0.00532441
v -0.03317667 -0.00947592 -0.00403566
v -0.07139637 0.01451828 -0.00009554
v -0.02124026 0.00798882 -0.00191155
v -0.03424048 -0.00925852 -0.00498736
v -0.03533139 -0.00897199 -0.00592781
v -0.06987096 -0.00948748 -0.01121840
v -0.00737007 0.00167031 0.00883302
v -0.02024928 0.00798894 -0.00091507
v -0.06855186 -0.01065485 -0.01050156
v -0.07672590 0.01256023 -0.00633102
v -0.00779214 0.00270046 0.00869923
v -0.01928131 0.00800867 0.00009430
v -0.06771153 -0.01131416 -0.01000669
v -0.05426898 0.00619421 0.01270659
v -0.01145753 0.00543264 0.00686728
v -0.05338330 0.00494352 0.01295492
v -0.05534594 -0.00563562 -0.01365299
v -0.07754609 0.01129590 -0.00789641
v -0.07110366 -0.00826152 -0.01179902
v -0.07792617 0.01029198 -0.00892229
v -0.01827278 0.00798835 0.00108337
v -0.01033755 0.00481121 0.00759163
v -0.04910233 -0.00815885 0.01033418
v -0.00930750 0.00404047 0.00819196
v -0.04949944 -0.00936496 0.00927291
v -0.07221241 -0.00704416 -0.01226739
v -0.01705951 0.00772015 0.00196891
v -0.01595911 0.00714182 0.00312915
v -0.05010201 -0.01053179 0.00805839
v -0.05823236 -0.00192294 -0.01459853
v -0.07856378 0.00845916 -0.01043122
v -0.01276821 0.00601039 0.00586170
v -0.05077200 -0.01149707 0.00687174
v -0.03644392 -0.00861988 -0.00686198
v -0.07866356 0.00694503 -0.01144297
v -0.05150406 -0.01227536 0.00572339
v -0.01516862 0.00682022 0.00385721
v -0.01394031 0.00638625 0.00491358
v -0.05415100 -0.00684387 -0.01309663
v -0.05229049 -0.01289246 0.00461050
v -0.04891695 -0.00681508 0.01128018
v -0.05311763 -0.01339061 0.00352395
v -0.07567721 -0.00184793 -0.01327732
v -0.00596059 -0.00089212 0.00873672
v -0.07842463 0.00537409 -0.01220549
v -0.05874548 0.01103679 0.01074011
v -0.07657156 -0.00061160 -0.01329835
v -0.05950782 0.01163388 0.01030875
v -0.05641151 -0.00441180 -0.01407992
v -0.05397074 -0.01381053 0.00245029
v -0.07480494 -0.00285740 -0.01321846
v -0.05485360 -0.01413190 0.00138637
v -0.07448054 -0.00444596 -0.01289216
v -0.07321168 -0.00581778 -0.01263415
v -0.00673164 0.00065578 0.00886255
v -0.05576176 -0.01438646 0.00034388
v -0.01241421 -0.00919550 0.00212403
v -0.05629015 0.00863616 0.01194187
v -0.00742754 -0.00818946 0.00516446
v -0.05669456 -0.01456775 -0.00068497
v -0.01116278 -0.00891915 0.00375997
v -0.05521006 0.00741337 0.01237171
v -0.00958889 -0.00855914 0.00467801
v -0.05764763 -0.01469517 -0.00170281
v -0.05752676 0.00988830 0.01139751
v -0.00909740 -0.00746435 0.00603980
v -0.05862455 -0.01473952 -0.00270820
v -0.05963420 -0.01467113 -0.00369055
v -0.00738416 -0.00706515 0.00642433
v -0.06068861 -0.01451054 -0.00465469
v -0.06288946 -0.01388466 -0.00652773
v -0.06403206 -0.01343292 -0.00743765
v -0.06075661 0.01242433 0.00947281
v -0.00866408 -0.00603404 0.00721141
v -0.02876428 -0.00173041 -0.01096792
v -0.06195837 0.01301742 0.00857803
v -0.06176826 -0.01424065 -0.00559725
v -0.00667055 -0.00558337 0.00741990
v -0.06310144 0.01348096 0.00767752
v -0.06422495 0.01386075 0.00675107
v -0.06531739 0.01414917 0.00580936
v -0.02874728 -0.00018798 -0.01115146
v -0.06637355 0.01435060 0.00485381
v -0.06741868 0.01448865 0.00388392
v -0.03175555 0.00321391 -0.01077356
v -0.01227188 0.00167308 0.00778035
v -0.02978834 0.00351185 -0.01065795
v -0.03076486 0.00486628 -0.00992200
v -0.00943285 -0.00069818 0.00899956
v -0.01081100 0.00066195 0.00855383
v -0.01073235 0.00228460 0.00837860
v -0.02719804 -0.00284620 -0.01045015
v -0.01368484 -0.00912916 -0.00114842
v -0.01374628 0.00306075 0.00679305
v -0.01315375 -0.00920896 0.00030236
v -0.01192347 0.00336295 0.00760321
v -0.01507689 0.00453333 0.00594914
v -0.07905346 0.01093383 -0.00797608
v -0.01296337 0.00488088 0.00653434
v -0.07932384 0.00953476 -0.00940361
v -0.02992517 0.00631230 -0.00878594
v -0.02423119 -0.00514100 -0.00957792
v -0.02247290 -0.00644668 -0.00864224
v -0.01743576 -0.00833599 -0.00518992
v -0.02110891 -0.00720872 -0.00769080
v -0.02006995 -0.00766515 -0.00686682
v -0.02136000 0.00804551 0.00011612
v -0.02036620 0.00798666 0.00110642
v -0.01893292 -0.00808958 -0.00595242
v -0.04913867 0.01297367 0.00237776
v -0.05056971 0.00900582 -0.01119030
v -0.06427567 -0.01239043 -0.00924980
v -0.06740228 0.01473309 0.00191552
v -0.07124314 0.01434035 -0.00213816
v -0.05192153 0.00866157 -0.01180676
v -0.07214388 0.01407692 -0.00319094
v -0.05056220 -0.00945896 -0.01087843
v -0.06554854 -0.01157199 -0.01009731
v -0.06838820 0.01472711 0.00091689
v -0.01097882 -0.01026141 0.00063016
v -0.06935876 0.01466676 -0.00009284
v -0.07303421 0.01374690 -0.00423535
v -0.04799486 0.01250984 0.00328206
v -0.07031578 0.01453598 -0.00110670
v -0.01061700 -0.01011061 0.00152575
v -0.06978164 -0.00772299 -0.01230715
v -0.00918893 -0.00979321 0.00274857
v -0.07388631 0.01334853 -0.00532194
v -0.02824695 0.00783235 -0.00688652
v -0.06861138 -0.00894000 -0.01177984
v -0.07470650 0.01284811 -0.00643810
v -0.05291841 0.00674719 0.01222729
v -0.07546285 0.01211516 -0.00754191
v -0.04939464 -0.00997792 -0.00997272
v -0.00854548 -0.00934846 0.00354790
v -0.02719397 0.00824529 -0.00589471
v -0.00727187 -0.00435714 0.00800066
v -0.02645590 0.00842705 -0.00481830
v -0.05118539 0.00750931 -0.01235236
v -0.07604304 0.01073404 -0.00899569
v -0.00743954 -0.00285342 0.00853370
v -0.04771019 -0.00849213 0.00942511
v -0.02541203 0.00835506 -0.00382125
v -0.06691269 -0.01048574 -0.01090217
v -0.02439492 0.00822637 -0.00283834
v -0.04825937 -0.00980648 0.00816853
v -0.05738397 -0.00317309 -0.01438901
v -0.07689351 0.00769643 -0.01129329
v -0.07081428 -0.00649844 -0.01269668
v -0.00764915 -0.00148114 0.00884633
v -0.02337892 0.00812711 -0.00185712
v -0.03950295 0.00594610 0.00832277
v -0.07580530 0.00421898 -0.01294023
v -0.04889548 -0.01087328 0.00696706
v -0.07535512 0.00292466 -0.01325506
v -0.04960521 -0.01172084 0.00581283
v -0.07688643 0.00624338 -0.01208346
v -0.07552731 0.00099097 -0.01341640
v -0.00819591 -0.00019102 0.00899239
v -0.07679336 0.00498317 -0.01258365
v -0.07500113 -0.00053996 -0.01346381
v -0.05037153 -0.01239682 0.00468063
v -0.07383543 -0.00151052 -0.01351399
v -0.04825604 -0.01040995 -0.00906182
v -0.05118362 -0.01293474 0.00358339
v -0.02236084 0.00806727 -0.00087534
v -0.05202863 -0.01338265 0.00250932
v -0.04678112 0.01189183 0.00415965
v -0.01928582 0.00779108 0.00204790
v -0.04715738 -0.01072715 -0.00813251
v -0.05290269 -0.01374201 0.00144542
v -0.07345020 -0.00293588 -0.01336060
v -0.01812319 0.00725352 0.00294709
v -0.05379921 -0.01402690 0.00039122
v -0.07266103 -0.00400822 -0.01322490
v -0.04747910 -0.00759067 0.01016204
v -0.02530723 -0.00401911 -0.00994266
v -0.07176903 -0.00525805 -0.01299851
v -0.05746537 0.01142938 0.00999684
v -0.05863088 0.01219705 0.00936728
v -0.05471442 -0.01425548 -0.00064869
v -0.05499533 0.00919769 0.01142684
v -0.05578788 0.01020068 0.01078964
v -0.05565588 -0.01442036 -0.00167241
v -0.06192133 -0.01351691 -0.00748190
v -0.05390449 0.00797308 0.01187671
v -0.06307828 -0.01301681 -0.00838095
v -0.00867227 0.00127559 0.00889766
v -0.04552252 0.01111290 0.00501115
v -0.01665435 0.00657293 0.00389156
v -0.05661482 -0.01451776 -0.00268921
v -0.05760081 -0.01452170 -0.00368660
v -0.01465165 0.00534923 0.00557243
v -0.01663629 -0.00842223 -0.00409354
v -0.05863336 -0.01443222 -0.00466406
v -0.01585702 -0.00850628 -0.00303610
v -0.05984328 0.01292902 0.00853866
v -0.05969221 -0.01422197 -0.00561954
v -0.06101463 0.01348102 0.00765283
v -0.01614493 0.00567199 0.00489547
v -0.01476557 -0.00879192 -0.00241066
v -0.06216372 0.01389426 0.00672571
v -0.06079018 -0.01391811 -0.00655896
v -0.06325365 0.01421710 0.00579860
v -0.06432537 0.01443838 0.00484474
v -0.06536332 0.01459274 0.00387962
v -0.04608044 -0.01097670 -0.00718383
v -0.06638961 0.01468588 0.00290132
v -0.01170755 -0.00825922 0.00447202
v -0.01511274 0.00078035 0.00664421
v -0.02897413 -0.00338297 -0.01059879
v -0.01515630 0.00277077 0.00635993
v -0.03269689 0.00130107 -0.01131241
v -0.03331568 0.00259590 -0.01107948
v -0.01060378 -0.00778636 0.00542551
v -0.01134083 -0.00670741 0.00623032
v -0.01438177 -0.00837254 0.00159635
v -0.03404706 0.00392276 -0.01063043
v -0.01042162 -0.00623555 0.00692096
v -0.03244803 0.00438154 -0.01025079
v -0.01073479 -0.00537094 0.00737885
v -0.00958062 -0.00499585 0.00776542
v -0.03328656 0.00547599 -0.00959606
v -0.00995917 -0.00356727 0.00841430
v -0.03168537 0.00591066 -0.00918895
v -0.03269473 0.00690882 -0.00836717
v -0.03046740 0.00725729 -0.00785105
v -0.01210587 -0.00168946 0.00815208
v -0.03221884 0.00817783 -0.00675905
v -0.01356238 -0.00014981 0.00730744
v -0.01358649 0.00136368 0.00711734
v -0.01225254 0.00015062 0.00795337
v -0.01427583 -0.00815716 0.00274838
v -0.01067728 -0.00246408 0.00865524
v -0.01157998 -0.00918432 0.00301880
v -0.01259190 -0.00834777 0.00380297
v -0.01056679 -0.00110464 0.00879547
v -0.03113173 0.00795422 -0.00697621
v -0.02955715 0.00850175 -0.00574703
v -0.02870995 0.00886755 -0.00465541
v -0.05166797 0.00729824 0.01166217
v -0.02773732 0.00897457 -0.00365456
v -0.02662895 0.00875529 -0.00272823
v -0.06732213 0.01477319 -0.00008632
v -0.05053867 0.00631235 -0.01280739
v -0.02555763 0.00851513 -0.00177222
v -0.07347081 0.01240903 -0.00752933
v -0.02600694 -0.00553118 -0.00937983
v -0.07420762 0.01131480 -0.00886714
v -0.06633140 0.01482687 0.00090949
v -0.06827124 0.01466815 -0.00110907
v -0.06938613 -0.00594172 -0.01308152
v -0.04998092 0.00507239 -0.01318774
v -0.02330388 -0.00719977 -0.00773960
v -0.02474406 -0.00653927 -0.00850494
v -0.02646447 -0.00453536 0.00669504
v -0.06920500 0.01448949 -0.00213857
v -0.07385182 0.00321741 -0.01337220
v -0.07012125 0.01425861 -0.00317786
v -0.04912271 0.01167152 -0.00708504
v -0.04643835 -0.00876915 0.00856590
v -0.04913511 0.00244331 -0.01365902
v -0.02023040 0.00735337 0.00300462
v -0.02546277 -0.00548921 0.00587548
v -0.04704143 -0.01018122 0.00707973
v -0.02212525 -0.00776548 -0.00686081
v -0.04771564 -0.01113459 0.00589883
v -0.02101701 -0.00814399 -0.00595046
v -0.01904034 0.00668224 0.00382909
v -0.04885747 0.00105276 -0.01374514
v -0.01995788 -0.00833828 -0.00498156
v -0.04846008 -0.01188158 0.00476547
v -0.07480445 0.00969857 -0.01026256
v -0.04925779 -0.01245688 0.00364922
v -0.07501238 0.00832985 -0.01122526
v -0.05264772 0.00712221 -0.01286960
v -0.05205088 0.00589705 -0.01327387
v -0.04587269 -0.00701678 0.00995329
v -0.07507989 0.00695150 -0.01201232
v -0.01709031 0.00570284 0.00484390
v -0.07502993 0.00539637 -0.01269003
v -0.01896128 -0.00831348 -0.00398779
v -0.07421278 0.00407099 -0.01317313
v -0.05010099 -0.01291838 0.00258188
v -0.05153142 0.00463271 -0.01360332
v -0.05096273 -0.01330263 0.00150160
v -0.07373672 0.00219739 -0.01351773
v -0.05185059 -0.01361711 0.00044437
v -0.07327369 0.00029996 -0.01365962
v -0.05276407 -0.01385352 -0.00059610
v -0.07261661 -0.00091243 -0.01368528
v -0.05369308 -0.01404927 -0.00162808
v -0.07112582 -0.00344531 -0.01352001
v -0.05463851 -0.01418912 -0.00265132
v -0.01635742 0.00504564 0.00538649
v -0.05765358 0.01259354 0.00844292
v -0.05560917 -0.01425702 -0.00365998
v -0.05380651 0.00971162 0.01078277
v -0.05661312 -0.01422119 -0.00464835
v -0.05565725 0.01072705 0.01024776
v -0.05765475 -0.01408202 -0.00561884
v -0.05269080 0.00852419 0.01127669
v -0.05110393 0.00332175 -0.01385312
v -0.05872428 -0.01384207 -0.00656474
v -0.02247117 0.00807415 0.00114446
v -0.05983005 -0.01351149 -0.00749988
v -0.06097391 -0.01305542 -0.00840479
v -0.02138043 0.00783666 0.00209680
v -0.05657824 0.01172623 0.00931019
v -0.07101325 0.01394626 -0.00422636
v -0.05077808 0.00195627 -0.01397828
v -0.07187344 0.01355859 -0.00530067
v -0.05889066 0.01332433 0.00758929
v -0.07269295 0.01306120 -0.00640907
v -0.06004745 0.01383928 0.00669764
v -0.01513630 -0.00831539 0.00001984
v -0.01800491 -0.00823891 -0.00297181
v -0.07190157 -0.00218441 -0.01363930
v -0.07028084 -0.00469894 -0.01333106
v -0.00928634 -0.00326289 0.00853719
v -0.06225067 0.01447598 0.00482953
v -0.06581740 -0.00971395 -0.01165679
v -0.03045394 -0.00067402 -0.01134583
v -0.06115944 0.01421504 0.00577448
v -0.01703580 -0.00818268 -0.00195942
v -0.03104937 0.00056472 -0.01138907
v -0.06329612 0.01464503 0.00386488
v -0.06432761 0.01475262 0.00289000
v -0.06215315 -0.01250223 -0.00929473
v -0.06534223 0.01480463 0.00190602
v -0.01604401 -0.00822974 -0.00096449
v -0.06348418 -0.01176124 -0.01016504
v -0.06470431 -0.01081001 -0.01095911
v -0.06731099 -0.00839022 -0.01229067
v -0.03119421 0.00193800 -0.01118296
v -0.06841989 -0.00717415 -0.01275567
v -0.02351218 0.00818117 0.00017589
v -0.02451814 0.00833991 -0.00080439
v -0.00946645 -0.00160266 0.00896541
v -0.02688004 -0.00426047 -0.01002199
v -0.01507834 -0.00733808 0.00363095
v -0.01404253 -0.00715213 0.00443380
v -0.01268393 -0.00701072 0.00537298
v -0.01444363 -0.00621890 0.00514928
v -0.01376208 -0.00577819 0.00589867
v -0.01388508 -0.00465095 0.00659554
v -0.01472325 -0.00323692 0.00691361
v -0.07624114 0.00922628 -0.01030459
v -0.01518937 -0.00226191 0.00686479
v -0.01508696 -0.00045397 0.00676516
v -0.04795705 0.01079107 -0.00807817
v -0.03450435 -0.00055964 -0.01156634
v -0.04687685 -0.00135634 -0.01338639
v -0.03469619 0.00087814 -0.01156722
v -0.03503990 0.00222384 -0.01137450
v -0.01224450 -0.00559765 0.00669946
v -0.03553825 0.00348161 -0.01103426
v -0.04868876 -0.00039409 -0.01372318
v -0.01299520 -0.00414225 0.00730455
v -0.01178256 -0.00421931 0.00772109
v -0.03622720 0.00467404 -0.01059126
v -0.03477470 0.00507348 -0.01008969
v -0.03563944 0.00615802 -0.00940745
v -0.01346242 -0.00321273 0.00738548
v -0.03422386 0.00653753 -0.00886100
v -0.01338974 -0.00197709 0.00751748
v -0.03526301 0.00750674 -0.00799284
v -0.01212018 -0.00279777 0.00810308
v -0.03383371 0.00785295 -0.00742648
v -0.07220222 0.01187256 -0.00864189
v -0.04864751 -0.00190819 -0.01357743
v -0.04692028 -0.00291678 -0.01315572
v -0.02792147 -0.00560663 -0.00944396
v -0.06525491 0.01485677 -0.00010240
v -0.06621562 0.01476800 -0.00111815
v -0.02632080 -0.00644471 -0.00860740
v -0.06715888 0.01461716 -0.00214163
v -0.07319870 0.00892453 -0.01119468
v -0.06808152 0.01439317 -0.00317474
v -0.02406226 -0.00773978 -0.00697902
v -0.06897869 0.01411861 -0.00422957
v -0.07325962 0.00755938 -0.01198832
v -0.07321741 0.00618843 -0.01263978
v -0.02528825 -0.00734121 -0.00752320
v -0.02087973 0.00676668 0.00388488
v -0.07299023 0.00486147 -0.01312939
v -0.04520506 -0.00943734 0.00719298
v -0.04909213 0.01056611 -0.00891258
v -0.04584463 -0.01049359 0.00599465
v -0.02306173 -0.00826871 -0.00592755
v -0.07263038 0.00354453 -0.01346197
v -0.04655458 -0.01134034 0.00483948
v -0.07217281 0.00224082 -0.01369299
v -0.01706504 0.00369748 0.00598492
v -0.07102173 -0.00033645 -0.01389694
v -0.03097628 -0.00267908 -0.01103022
v -0.06462775 0.01028505 -0.01161685
v -0.07165431 0.00094425 -0.01383751
v -0.01992441 0.00576780 0.00492414
v -0.04733305 -0.01197930 0.00371579
v -0.03213093 -0.00130399 -0.01135401
v -0.06877905 -0.00413672 -0.01364954
v -0.04383657 -0.00512511 -0.01192772
v -0.05026887 0.01029072 -0.00968964
v -0.01758311 0.00468152 0.00561486
v -0.05149338 0.01002362 -0.01043407
v -0.06791955 -0.00538666 -0.01343755
v -0.04816200 -0.01246646 0.00262493
v -0.02200380 -0.00841622 -0.00497662
v -0.07033778 -0.00161143 -0.01387754
v -0.04902223 -0.01286818 0.00155743
v -0.04435705 -0.00625121 0.00987337
v -0.04990922 -0.01318315 0.00050173
v -0.04454123 -0.00779838 0.00871667
v -0.05081318 -0.01344757 -0.00054518
v -0.03033182 -0.00373395 -0.01058011
v -0.05173963 -0.01364525 -0.00157934
v -0.01636171 0.00211036 0.00627376
v -0.06958657 -0.00287883 -0.01379695
v -0.05268416 -0.01380077 -0.00259948
v -0.05364372 -0.01389615 -0.00361517
v -0.02102310 -0.00837577 -0.00397853
v -0.05463504 -0.01390204 -0.00461140
v -0.05566230 -0.01379883 -0.00558671
v -0.06347911 -0.01026651 -0.01156224
v -0.02875367 -0.00494191 -0.00989086
v -0.05671655 -0.01360587 -0.00654088
v -0.02008015 -0.00823466 -0.00295461
v -0.05779918 -0.01334816 -0.00748967
v -0.06476653 -0.00906523 -0.01221975
v -0.05669654 0.01294755 0.00747778
v -0.03273811 0.00005175 -0.01145678
v -0.06006451 -0.01250131 -0.00931043
v -0.05272153 0.01020898 0.01001837
v -0.02739266 0.00433497 0.00670109
v -0.05890914 -0.01299260 -0.00841720
v -0.03244259 0.00879296 -0.00565751
v -0.05419173 0.01132133 0.00912785
v -0.02333875 0.00799801 0.00203713
v -0.05159777 0.00909019 0.01058741
v -0.06128188 -0.01185095 -0.01019516
v -0.05534199 0.01209990 0.00837363
v -0.02230896 0.00744877 0.00305711
v -0.06228590 -0.01113803 -0.01092358
v -0.05789004 0.01363431 0.00663476
v -0.01913805 -0.00807682 -0.00192961
v -0.05904451 0.01409608 0.00572735
v -0.06699167 -0.00662536 -0.01315359
v -0.02650886 -0.00832775 0.00113818
v -0.01816506 -0.00797332 -0.00092438
v -0.06120513 0.01463777 0.00383845
v -0.06014565 0.01441885 0.00479252
v -0.06985373 0.01375954 -0.00529092
v -0.06596002 -0.00784212 -0.01274918
v -0.03095895 0.00913061 -0.00445663
v -0.06224707 0.01477393 0.00286886
v -0.07069689 0.01329059 -0.00635832
v -0.06326684 0.01485953 0.00188866
v -0.07148075 0.01268310 -0.00748538
v -0.06426877 0.01488513 0.00089741
v -0.03995778 0.01103828 -0.00211640
v -0.02736404 -0.00873580 0.00005808
v -0.02994353 0.00934202 -0.00356281
v -0.04100855 0.01119514 -0.00307767
v -0.01720865 -0.00791976 0.00009704
v -0.01623598 -0.00789671 0.00110565
v -0.02822570 -0.00912473 -0.00101497
v -0.02900963 0.00939823 -0.00253655
v -0.02789979 0.00914580 -0.00162801
v -0.03885072 0.01078570 -0.00118034
v -0.01535759 -0.00783967 0.00240001
v -0.02679769 0.00885406 -0.00067019
v -0.02572449 0.00855344 0.00027041
v -0.02458209 0.00825463 0.00131013
v -0.01811337 -0.00709326 0.00321834
v -0.01708879 -0.00681283 0.00373646
v -0.01598822 -0.00654626 0.00428096
v -0.01688129 -0.00540986 0.00526417
v -0.01877536 -0.00023400 0.00640246
v -0.01547670 -0.00509983 0.00577134
v -0.01649686 -0.00244522 0.00665348
v -0.01622942 -0.00385545 0.00637201
v -0.03844532 0.00543325 -0.01054631
v -0.03701326 0.00579974 -0.00999553
v -0.03789166 0.00684842 -0.00928183
v -0.03660875 0.00718089 -0.00862062
v -0.03627540 -0.00111165 -0.01175302
v -0.03641055 0.00843518 -0.00703021
v -0.03639706 0.00035749 -0.01182838
v -0.03508355 0.00873654 -0.00637675
v -0.03873633 0.00257148 -0.01181442
v -0.02913161 -0.00937514 -0.00205584
v -0.03011130 -0.00943874 -0.00305440
v -0.04198969 0.01121783 -0.00408172
v -0.04269938 0.01096539 -0.00525086
v -0.06214421 0.01296181 -0.00853957
v -0.06132041 0.01348981 -0.00745979
v -0.06015320 0.01473218 0.00283748
v -0.06640863 -0.00482710 -0.01375965
v -0.06549851 -0.00607347 -0.01350175
v -0.06118326 0.01485605 0.00186478
v -0.03669933 0.00173924 -0.01172765
v -0.03714537 0.00303660 -0.01145919
v -0.03773134 0.00426274 -0.01105835
v -0.02135421 0.00358013 0.00617276
v -0.06220068 0.01491193 0.00088224
v -0.06318784 0.01491055 -0.00011654
v -0.02904785 0.00937987 -0.00055551
v -0.06415321 0.01483087 -0.00112859
v -0.07140149 0.00950603 -0.01117015
v -0.06509991 0.01469766 -0.00215269
v -0.07147521 0.00814710 -0.01198096
v -0.06603503 0.01450055 -0.00317543
v -0.02794512 0.00904244 0.00037738
v -0.06693889 0.01425944 -0.00423037
v -0.07143413 0.00679022 -0.01265665
v -0.02683447 0.00863192 0.00129869
v -0.07126272 0.00545168 -0.01319453
v -0.06783000 0.01392462 -0.00527171
v -0.07094488 0.00412882 -0.01356839
v -0.04398783 -0.00981017 0.00610487
v -0.07052268 0.00282267 -0.01384414
v -0.02182542 0.00586532 0.00495561
v -0.07002918 0.00152133 -0.01401099
v -0.04466810 -0.01074747 0.00493797
v -0.06941743 0.00023891 -0.01410155
v -0.04541728 -0.01147365 0.00379000
v -0.06877049 -0.00103912 -0.01410612
v -0.01725464 0.00024999 0.00639304
v -0.01934654 -0.00779940 0.00015466
v -0.04622983 -0.01201361 0.00269211
v -0.06804690 -0.00230804 -0.01405416
v -0.04708280 -0.01243216 0.00161861
v -0.01630079 -0.00160327 0.00662784
v -0.04796015 -0.01278119 0.00055852
v -0.06725688 -0.00357153 -0.01393990
v -0.04886501 -0.01303920 -0.00049166
v -0.04979009 -0.01325006 -0.00152153
v -0.02925996 0.00584417 0.00585855
v -0.06450922 -0.00729901 -0.01313841
v -0.01814849 0.00150715 0.00626035
v -0.05073310 -0.01340189 -0.00254658
v -0.06046616 0.01387047 -0.00637483
v -0.06211758 -0.00971713 -0.01202039
v -0.05169051 -0.01350070 -0.00356406
v -0.05954236 0.01412184 -0.00535091
v -0.05267805 -0.01352379 -0.00456401
v -0.01888184 0.00290343 0.00611005
v -0.05860802 0.01429262 -0.00431939
v -0.06338375 -0.00851948 -0.01266010
v -0.05764854 0.01438354 -0.00330287
v -0.05370114 -0.01343515 -0.00554446
v -0.05941383 -0.01172394 -0.01021804
v -0.05475079 -0.01326494 -0.00650779
v -0.05665756 0.01439062 -0.00230561
v -0.03114878 -0.00931673 -0.00403089
v -0.06047199 -0.01098925 -0.01103127
v -0.05582342 -0.01303357 -0.00746394
v -0.02072300 0.00513802 0.00551978
v -0.01817847 -0.00763225 0.00130093
v -0.05565524 0.01434863 -0.00131527
v -0.01699942 -0.00745031 0.00258085
v -0.05461771 0.01424071 -0.00034364
v -0.05692165 -0.01271493 -0.00839389
v -0.05356466 0.01404618 0.00061572
v -0.01963446 0.00400704 0.00599107
v -0.05805309 -0.01228465 -0.00929449
v -0.01644866 -0.00728279 0.00321446
v -0.04267702 -0.00585009 0.00950971
v -0.04287301 -0.00720910 0.00857399
v -0.06867521 0.01348491 -0.00635038
v -0.06947621 0.01293683 -0.00747052
v -0.02569728 0.00820426 0.00220487
v -0.07022069 0.01219351 -0.00861446
v -0.02450316 0.00769161 0.00310714
v -0.02327914 0.00693184 0.00395537
v -0.04337870 -0.00866388 0.00731005
v -0.03359874 0.00900537 -0.00558215
v -0.05569921 0.01324881 0.00652331
v -0.05173170 0.01065437 0.00915380
v -0.03021600 -0.00570407 -0.00945408
v -0.05321378 0.01175343 0.00822362
v -0.05065850 0.00968197 0.00972451
v -0.03311753 0.00930030 -0.00466681
v -0.05443213 0.01252988 0.00740033
v -0.05687568 0.01384068 0.00565219
v -0.03209137 0.00953721 -0.00350818
v -0.05800088 0.01425818 0.00473791
v -0.05909659 0.01454616 0.00379664
v -0.03111360 0.00960978 -0.00250311
v -0.02867893 -0.00660393 -0.00859053
v -0.03126375 -0.00435010 -0.01033090
v -0.03010148 0.00956060 -0.00150995
v -0.07254070 0.01053628 -0.01008731
v -0.02745795 -0.00725832 -0.00770495
v -0.03393171 -0.00186670 -0.01136144
v -0.02630893 -0.00773382 -0.00697575
v -0.02513438 -0.00829459 -0.00593032
v -0.03240825 -0.00316948 -0.01090909
v -0.02406483 -0.00850661 -0.00497324
v -0.05247568 0.01377914 0.00155935
v -0.02308099 -0.00845074 -0.00396952
v -0.02213495 -0.00832856 -0.00294789
v -0.02120544 -0.00813399 -0.00191611
v -0.02030233 -0.00795678 -0.00085322
v -0.04141685 0.00461804 -0.01151009
v -0.03991695 0.00502839 -0.01103408
v -0.04063423 0.00619653 -0.01051223
v -0.04145236 0.00729260 -0.00987788
v -0.01831308 -0.00587026 0.00480145
v -0.03924168 0.00654251 -0.00992678
v -0.04013762 0.00758969 -0.00920346
v -0.03888083 0.00787468 -0.00849393
v -0.03768539 0.00816790 -0.00774774
v -0.05907338 0.01476364 0.00182465
v -0.01776987 -0.00436056 0.00602210
v -0.06009500 0.01487109 0.00084687
v -0.06891440 0.01154405 -0.00974727
v -0.06109960 0.01491803 -0.00014194
v -0.01843252 -0.00314216 0.00646355
v -0.06208986 0.01487036 -0.00113781
v -0.06490234 -0.00425618 -0.01403906
v -0.06303497 0.01476451 -0.00216492
v -0.02078306 -0.00091406 0.00646880
v -0.04833894 0.00880287 0.00944504
v -0.06397484 0.01458531 -0.00318793
v -0.04939627 0.00984777 0.00894886
v -0.06489406 0.01435937 -0.00422477
v -0.03996368 0.00886840 -0.00761639
v -0.06578482 0.01406250 -0.00527970
v -0.06965146 0.00875365 -0.01195198
v -0.06664672 0.01366260 -0.00634679
v -0.03855012 0.00906266 -0.00673191
v -0.03221608 -0.00908184 -0.00498115
v -0.06961914 0.00740346 -0.01265120
v -0.06951623 0.00604074 -0.01323364
v -0.04279222 -0.01011882 0.00502503
v -0.03759031 0.00935696 -0.00584796
v -0.04351130 -0.01093895 0.00387481
v -0.05137694 0.01347035 0.00249867
v -0.06924501 0.00471813 -0.01367151
v -0.04002229 0.00074043 -0.01234179
v -0.06885359 0.00340932 -0.01398340
v -0.04430556 -0.01153606 0.00276533
v -0.06837237 0.00210540 -0.01417633
v -0.04514675 -0.01198490 0.00167966
v -0.04037037 0.00209448 -0.01217870
v -0.04601513 -0.01235077 0.00060532
v -0.06780420 0.00081612 -0.01428104
v -0.05025992 0.01305075 0.00341320
v -0.04691252 -0.01264783 -0.00043508
v -0.06716994 -0.00046444 -0.01432305
v -0.02538604 0.00045829 0.00693126
v -0.06646292 -0.00173605 -0.01429263
v -0.04086417 0.00338078 -0.01189871
v -0.06571211 -0.00300143 -0.01420179
v -0.04783445 -0.01286202 -0.00147382
v -0.03808774 -0.00168965 -0.01193212
v -0.04877922 -0.01299942 -0.00249826
v -0.04907498 0.01249452 0.00429762
v -0.04974271 -0.01309476 -0.00351078
v -0.04783179 0.01176771 0.00515906
v -0.05072585 -0.01311815 -0.00451056
v -0.03812533 -0.00017350 -0.01207821
v -0.05174518 -0.01304190 -0.00549158
v -0.06063286 -0.00916203 -0.01236516
v -0.04110324 -0.00390619 0.00997254
v -0.03837224 0.00123542 -0.01204168
v -0.05278895 -0.01289589 -0.00646242
v -0.05385256 -0.01268319 -0.00741642
v -0.04108154 -0.00528341 0.00930905
v -0.03925964 0.00382834 -0.01147985
v -0.03013567 0.00929146 0.00045401
v -0.06398710 -0.00550921 -0.01380810
v -0.06301559 -0.00674063 -0.01346835
v -0.04123492 -0.00664365 0.00841629
v -0.06191116 -0.00795707 -0.01299761
v -0.02900705 0.00891878 0.00137744
v -0.04156958 -0.00783698 0.00745461
v -0.02784159 0.00841648 0.00228219
v -0.02046129 -0.00764321 0.00117206
v -0.04214303 -0.00909104 0.00621825
v -0.05494364 -0.01239491 -0.00835931
v -0.01955631 -0.00742802 0.00222627
v -0.05975655 -0.00989508 -0.01187776
v -0.05606887 -0.01200240 -0.00928294
v -0.05845997 -0.01079437 -0.01104806
v -0.02258020 0.00470298 0.00583197
v -0.03611495 0.00934817 -0.00548782
v -0.05723300 -0.01148558 -0.01017392
v -0.05466362 0.01345438 0.00555062
v -0.06746143 0.01313844 -0.00744792
v -0.03523388 0.00968461 -0.00443220
v -0.05102047 0.01117553 0.00805039
v -0.03429152 0.00988206 -0.00341995
v -0.05221212 0.01204315 0.00726677
v -0.06823059 0.01246526 -0.00856877
v -0.03072002 -0.00671880 -0.00857600
v -0.01853126 -0.00181635 0.00649610
v -0.05343361 0.01280224 0.00642785
v -0.05581636 0.01395810 0.00465526
v -0.05693808 0.01432490 0.00372973
v -0.03577252 -0.00251654 -0.01143582
v -0.05801455 0.01458917 0.00278420
v -0.01985904 0.00091572 0.00632644
v -0.03331997 -0.00874822 -0.00591104
v -0.03941773 -0.01040267 0.00189718
v -0.03864108 -0.00976853 0.00305716
v -0.02950527 -0.00738179 -0.00770990
v -0.02833366 -0.00791660 -0.00681900
v -0.07064539 0.01104787 -0.00999375
v -0.02719092 -0.00836338 -0.00591052
v -0.02060633 0.00218381 0.00627297
v -0.02611084 -0.00865586 -0.00496988
v -0.02512651 -0.00859898 -0.00396664
v -0.02418710 -0.00843565 -0.00294238
v -0.02324970 -0.00826864 -0.00191447
v -0.02641239 0.00787711 0.00307096
v -0.02232576 -0.00806394 -0.00087825
v -0.03328395 0.00988267 -0.00242606
v -0.02139463 -0.00786790 0.00015048
v -0.03224536 0.00974665 -0.00145565
v -0.02542234 0.00712374 0.00402539
v -0.03334519 -0.00482456 -0.01022734
v -0.03120712 0.00955253 -0.00048895
v -0.02434250 0.00604152 0.00499890
v -0.03460485 -0.00372152 -0.01089041
v -0.03167321 -0.00577928 -0.00945829
v -0.03824184 -0.00330751 -0.01159269
v -0.03987696 -0.00225756 -0.01212243
v -0.03985186 -0.00070607 -0.01232804
v -0.04205064 0.00581970 -0.01106228
v -0.04278475 0.00696599 -0.01050936
v -0.04156125 -0.00122885 -0.01259047
v -0.02172998 -0.00548118 0.00556378
v -0.04362412 0.00805740 -0.00985966
v -0.04236473 0.00834297 -0.00914752
v -0.04167540 0.00024981 -0.01266190
v -0.04196965 0.00162829 -0.01253689
v -0.03445204 -0.00833838 -0.00682999
v -0.03791080 -0.00898374 0.00419901
v -0.04113845 0.00861538 -0.00840853
v -0.04991179 0.01137207 0.00712172
v -0.04855793 0.01036851 0.00793955
v -0.05083457 -0.01249857 -0.00640767
v -0.05908954 -0.00859942 -0.01264113
v -0.05188772 -0.01231897 -0.00736877
v -0.02308856 -0.00021223 0.00658079
v -0.04731765 0.00927421 0.00859942
v -0.04223608 0.00958401 -0.00750194
v -0.05240557 0.01295919 0.00543534
v -0.05115700 0.01223541 0.00629709
v -0.05296190 -0.01207021 -0.00831118
v -0.04389802 0.00252145 -0.01273015
v -0.06035234 -0.00738434 -0.01324424
v -0.05360809 0.01354893 0.00454995
v -0.03723188 -0.00803884 0.00534372
v -0.04242487 0.00293861 -0.01234523
v -0.04106906 0.00980207 -0.00668641
v -0.05406983 -0.01172087 -0.00923206
v -0.04436936 0.00381375 -0.01248987
v -0.05522155 -0.01125792 -0.01014939
v -0.03560273 -0.00787275 -0.00774483
v -0.04289271 0.00421975 -0.01200827
v -0.03674737 -0.00740714 -0.00863478
v -0.05642766 -0.01063147 -0.01103474
v -0.03623346 -0.00644671 0.00679178
v -0.03998509 0.00998405 -0.00580065
v -0.05770365 -0.00977307 -0.01184793
v -0.03793236 -0.00683918 -0.00952723
v -0.04347310 0.00544739 -0.01160635
v -0.06082170 -0.00126246 -0.01471616
v -0.06543600 0.01331476 -0.00743692
v -0.03620654 -0.00487771 0.00802958
v -0.01952034 -0.00492133 0.00577900
v -0.03902832 0.01022178 -0.00470964
v -0.06621279 0.01268118 -0.00856413
v -0.06224140 0.00127716 -0.01478288
v -0.02009259 -0.00372648 0.00636713
v -0.06147182 -0.00616795 -0.01372394
v -0.04415462 0.00662811 -0.01111841
v -0.06334062 -0.00368760 -0.01429595
v -0.06692103 0.01182437 -0.00972234
v -0.06245293 -0.00493527 -0.01406368
v -0.05472764 0.01398944 0.00364121
v -0.02049012 -0.00242391 0.00649089
v -0.03982120 -0.00200504 0.01012853
v -0.05583029 0.01431314 0.00270578
v -0.03957281 -0.00334211 0.00970971
v -0.03549814 0.01016819 -0.00233080
v -0.03446635 0.01004437 -0.00136098
v -0.03643315 -0.00432300 -0.01091735
v -0.03337510 0.00982075 -0.00041414
v -0.05692205 0.01454036 0.00175951
v -0.06778408 0.00802001 -0.01262220
v -0.05794672 0.01471265 0.00078880
v -0.06772338 0.00664279 -0.01324265
v -0.03948731 -0.00470095 0.00909789
v -0.03228391 0.00950835 0.00052192
v -0.03116052 0.00911455 0.00143981
v -0.04588248 -0.01245018 -0.00142519
v -0.03276881 -0.00683217 -0.00857373
v -0.05898877 0.01480229 -0.00018191
v -0.03154226 -0.00751717 -0.00770481
v -0.03957694 -0.00605221 0.00826605
v -0.03529438 -0.00522231 -0.01024871
v -0.03993503 -0.00744517 0.00715922
v -0.04682479 -0.01261563 -0.00244652
v -0.04031507 -0.00832190 0.00633236
v -0.05998786 0.01482321 -0.00117282
v -0.06752083 0.00530138 -0.01372486
v -0.04778834 -0.01269084 -0.00345888
v -0.06094341 0.01476736 -0.00219459
v -0.06715951 0.00399250 -0.01407350
v -0.06190516 0.01462978 -0.00320267
v -0.06669533 0.00269409 -0.01431730
v -0.04877879 -0.01270047 -0.00445341
v -0.06616191 0.00139752 -0.01445842
v -0.06283458 0.01443640 -0.00423436
v -0.02999485 0.00864278 0.00234849
v -0.06373313 0.01416522 -0.00528548
v -0.03401996 -0.00607398 -0.00944455
v -0.06460694 0.01380315 -0.00634711
v -0.06555336 0.00011302 -0.01451782
v -0.02880358 0.00801821 0.00322133
v -0.04093688 -0.00943158 0.00512375
v -0.06487143 -0.00116311 -0.01452768
v -0.04161925 -0.01035938 0.00394823
v -0.03037620 -0.00804299 -0.00681790
v -0.06414395 -0.00243078 -0.01444433
v -0.04238279 -0.01104615 0.00283172
v -0.04321249 -0.01153011 0.00173665
v -0.04407601 -0.01191787 0.00066762
v -0.04496852 -0.01222789 -0.00037646
v -0.04979768 -0.01263243 -0.00543861
v -0.02924139 -0.00847279 -0.00590764
v -0.02158615 0.00032490 0.00642489
v -0.02222306 0.00160213 0.00639817
v -0.02527961 -0.00846259 -0.00191233
v -0.02371811 0.00393336 0.00627400
v -0.02436548 -0.00822555 -0.00087366
v -0.02343450 -0.00801582 0.00015137
v -0.02289313 0.00287452 0.00638732
v -0.02813752 -0.00881788 -0.00498318
v -0.02250709 -0.00779546 0.00117797
v -0.02161713 -0.00751910 0.00223997
v -0.02074643 -0.00712310 0.00329017
v -0.01997360 -0.00627203 0.00450658
v -0.02715692 0.00731785 0.00399519
v -0.03739687 0.00995712 -0.00437315
v -0.03647296 0.01013258 -0.00333808
v -0.06765327 0.01072071 -0.01083775
v -0.06939250 0.01016249 -0.01104739
v -0.02710938 -0.00890304 -0.00399899
v -0.06832855 0.00917852 -0.01190430
v -0.02635881 0.00639206 0.00494065
v -0.02618286 -0.00871122 -0.00296724
v -0.02417302 0.00533411 0.00555521
v -0.04329515 -0.00175427 -0.01280033
v -0.04011425 -0.00391967 -0.01169879
v -0.04524499 0.00066258 -0.01322222
v -0.04337225 -0.00026749 -0.01295371
v -0.04355897 0.00117111 -0.01290743
v -0.04164729 -0.00280553 -0.01230747
v -0.04553263 0.00204829 -0.01313459
v -0.04591373 0.00338177 -0.01292210
v -0.02407576 -0.00582108 0.00545923
v -0.04640351 0.00465794 -0.01261683
v -0.04699321 0.00588745 -0.01222649
v -0.04458024 0.00908168 -0.00908749
v -0.04492739 0.00506567 -0.01213890
v -0.02263355 -0.00446623 0.00639841
v -0.04340550 0.00935247 -0.00831032
v -0.04452447 0.01029527 -0.00737214
v -0.05981831 -0.00559370 -0.01389964
v -0.04367916 0.01081393 -0.00605474
v -0.04994404 -0.01189585 -0.00731206
v -0.05728857 -0.00816256 -0.01279502
v -0.04555833 0.00626929 -0.01169729
v -0.05101172 -0.01167336 -0.00826674
v -0.05872629 -0.00681593 -0.01344925
v -0.04887326 0.01158328 0.00613815
v -0.06170995 -0.00310922 -0.01447366
v -0.04127254 0.01082147 -0.00470197
v -0.06082760 -0.00435463 -0.01423442
v -0.05210692 -0.01136824 -0.00919931
v -0.04760703 0.01069964 0.00694959
v -0.04627073 0.00743504 -0.01116825
v -0.05323701 -0.01095996 -0.01011689
v -0.04492579 0.00775386 -0.01053110
v -0.03624030 -0.00352642 0.00872144
v -0.05442372 -0.01037957 -0.01100167
v -0.04580935 0.00881657 -0.00983024
v -0.03663132 0.01034803 -0.00128559
v -0.03917193 -0.00610336 -0.01039405
v -0.05580116 -0.00936842 -0.01199436
v -0.02720882 -0.00890507 -0.00198609
v -0.03882455 -0.00014780 0.01002501
v -0.04302620 -0.01179653 -0.00032252
v -0.02633158 -0.00856625 -0.00091490
v -0.05011700 0.01237678 0.00530174
v -0.04394414 -0.01201692 -0.00136313
v -0.05134885 0.01303965 0.00442754
v -0.03723824 -0.00564943 -0.01032157
v -0.03558739 0.01014523 -0.00032540
v -0.03940398 0.00112570 0.01009052
v -0.05249837 0.01354960 0.00353150
v -0.04488255 -0.01218791 -0.00238866
v -0.04584139 -0.01228313 -0.00340567
v -0.06157425 0.00000295 -0.01479478
v -0.03447346 0.00982305 0.00060590
v -0.02544772 -0.00824541 0.00014201
v -0.03647718 -0.00219555 0.00919292
v -0.06418671 0.01284958 -0.00855025
v -0.06493556 0.01191052 -0.00988025
v -0.05472345 0.01421635 0.00167155
v -0.03855911 -0.00467133 -0.01111768
v -0.05576528 0.01442097 0.00070913
v -0.02454660 -0.00795267 0.00118080
v -0.04683239 -0.01228536 -0.00439960
v -0.03216881 0.00887072 0.00241305
v -0.02364426 -0.00766618 0.00222127
v -0.03096144 0.00826568 0.00330234
v -0.02276404 -0.00727460 0.00323431
v -0.06595857 0.00861081 -0.01256422
v -0.03688496 -0.00088402 0.00948759
v -0.06587930 0.00726016 -0.01321030
v -0.04508420 0.00858252 0.00836007
v -0.04624757 0.00963633 0.00774424
v -0.05681340 0.01457211 -0.00025671
v -0.06573059 0.00590321 -0.01373639
v -0.03598597 -0.00642281 -0.00947256
v -0.05362596 0.01392147 0.00260776
v -0.06449782 0.00198226 -0.01459624
v -0.03834885 -0.00143726 0.00980451
v -0.05783779 0.01465007 -0.00123551
v -0.03802278 -0.00276430 0.00946086
v -0.05882779 0.01465292 -0.00223246
v -0.02973068 0.00752273 0.00414707
v -0.05980568 0.01457515 -0.00323474
v -0.06074121 0.01442134 -0.00426504
v -0.06165784 0.01420694 -0.00530789
v -0.06255204 0.01388985 -0.00635276
v -0.06338657 0.01344794 -0.00745458
v -0.03478545 -0.00705078 -0.00860555
v -0.03786188 -0.00411031 0.00891305
v -0.03332746 0.00939830 0.00152362
v -0.03790428 -0.00547196 0.00813897
v -0.04049376 -0.01045609 0.00289596
v -0.04128936 -0.01104444 0.00179893
v -0.06393924 0.00069034 -0.01469198
v -0.04213588 -0.01148944 0.00073542
v -0.02168618 -0.00648493 0.00447883
v -0.04785598 -0.01221282 -0.00538400
v -0.06328581 -0.00058635 -0.01471103
v -0.02128603 -0.00417161 0.00637574
v -0.02180052 -0.00279617 0.00659104
v -0.03829650 -0.00718053 0.00677438
v -0.06252689 -0.00185211 -0.01463435
v -0.03359493 -0.00763585 -0.00771535
v -0.03910085 -0.00868459 0.00525883
v -0.06542726 0.00458457 -0.01413889
v -0.04889503 -0.01206661 -0.00635240
v -0.06499850 0.00327867 -0.01440287
v -0.03976830 -0.00965731 0.00406287
v -0.02252614 -0.00152850 0.00663717
v -0.03241718 -0.00817199 -0.00681295
v -0.02386124 0.00102364 0.00660903
v -0.02448133 0.00230825 0.00666308
v -0.03128116 -0.00861236 -0.00591371
v -0.03017974 -0.00894149 -0.00497957
v -0.02910937 -0.00916718 -0.00402274
v -0.02526994 0.00363517 0.00661826
v -0.03858324 0.01053942 -0.00314611
v -0.02811113 -0.00916480 -0.00303121
v -0.02844383 0.00664571 0.00497368
v -0.06594072 0.01122555 -0.01055929
v -0.06648305 0.00976772 -0.01177662
v -0.02726449 0.00557375 0.00581081
v -0.02619354 0.00478245 0.00622706
v -0.03762969 0.01046124 -0.00227996
v -0.02445173 -0.00491525 0.00624029
v -0.04708459 0.00853356 -0.01053543
v -0.02532212 -0.00376913 0.00697833
v -0.04801751 0.00956457 -0.00978196
v -0.04696460 0.00013568 -0.01348301
v -0.04197656 -0.00452220 -0.01180994
v -0.04511362 -0.00234590 -0.01299605
v -0.04343162 -0.00336104 -0.01248921
v -0.04511382 -0.00080597 -0.01317387
v -0.04682604 0.00982603 -0.00901046
v -0.04566853 0.01007717 -0.00820590
v -0.04691706 0.01110551 -0.00706761
v -0.04718173 0.00155801 -0.01344813
v -0.04749891 0.00292792 -0.01331327
v -0.04570554 0.01115257 -0.00636520
v -0.04950525 0.00378493 -0.01347488
v -0.04792527 0.00423543 -0.01306375
v -0.04846343 0.00549399 -0.01272692
v -0.04907700 0.00670523 -0.01230113
v -0.04765526 0.00707532 -0.01174792
v -0.04695702 -0.01162500 -0.00629136
v -0.04801019 -0.01144593 -0.00725532
v -0.04977332 0.00788200 -0.01179955
v -0.05910285 -0.00376924 -0.01433856
v -0.04840712 0.00822091 -0.01118891
v -0.04656351 0.01092982 0.00598952
v -0.05816118 -0.00500363 -0.01402105
v -0.04907793 -0.01122156 -0.00820734
v -0.05709709 -0.00622810 -0.01360170
v -0.04061901 0.00542269 0.00904287
v -0.05017172 -0.01091846 -0.00913929
v -0.04926930 0.00929382 -0.01050784
v -0.03775896 0.01050360 -0.00023415
v -0.05130108 -0.01051484 -0.01005952
v -0.03667704 0.01015954 0.00069571
v -0.05591166 -0.00743298 -0.01304293
v -0.05997968 -0.00251967 -0.01456148
v -0.03554204 0.00972601 0.00160539
v -0.05373009 -0.00919212 -0.01180139
v -0.03315387 0.00853193 0.00336409
v -0.05247547 -0.00997408 -0.01095311
v -0.03190306 0.00776923 0.00421331
v -0.03881149 0.00294141 0.00952945
v -0.03061208 0.00688076 0.00503790
v -0.03435641 0.00918655 0.00250468
v -0.05506427 -0.00817160 -0.01259386
v -0.03965881 0.00419123 0.00933720
v -0.04023259 -0.01093697 0.00079397
v -0.03805742 0.00168530 0.00965159
v -0.04109688 -0.01132326 -0.00026460
v -0.06288689 0.01222327 -0.00968382
v -0.04200846 -0.01156896 -0.00130270
v -0.03741647 0.00040745 0.00963573
v -0.04294484 -0.01174330 -0.00232886
v -0.04288405 0.00787911 0.00807516
v -0.02345250 -0.00342446 0.00679001
v -0.02418259 -0.00228330 0.00686589
v -0.04170446 0.00665414 0.00860947
v -0.02593762 0.00175202 0.00704249
v -0.02655635 0.00302660 0.00705487
v -0.04390467 -0.01184334 -0.00334371
v -0.02481107 -0.00082700 0.00687643
v -0.04489229 -0.01185764 -0.00434365
v -0.02565157 -0.00790984 0.00220420
v -0.02481679 -0.00744913 0.00328960
v -0.04591450 -0.01176702 -0.00531948
v -0.06401010 0.00787642 -0.01313792
v -0.02379052 -0.00677441 0.00428422
v -0.04414919 0.00908308 0.00743658
v -0.04527114 0.00999221 0.00679564
v -0.06387269 0.00652686 -0.01370815
v -0.04046916 -0.00519501 -0.01120356
v -0.06363858 0.00518640 -0.01415412
v -0.06325220 0.00387328 -0.01445730
v -0.06278284 0.00257001 -0.01467068
v -0.04804334 -0.00470829 0.01195538
v -0.04625106 -0.00535244 0.01107544
v -0.05119925 -0.00378521 0.01306262
v -0.04325618 -0.00497387 0.01019602
v -0.04459307 -0.00290348 0.01136363
v -0.04560671 -0.00150558 0.01188190
v -0.05069655 -0.00185404 0.01320258
v -0.04893256 -0.00011605 0.01284053
v -0.05230284 0.00101074 0.01351116
v -0.04886240 0.00306277 0.01238501
v -0.05127706 0.00514773 0.01243568
v -0.04351398 0.00421781 0.01053080
v -0.05252018 0.00562349 0.01256378
v -0.04524485 0.00564428 0.01044601
v -0.04618903 0.00652633 0.01026138
v -0.04981342 0.00766240 0.01086819
v -0.04748634 0.00813548 0.00965209
v -0.04991171 -0.00487098 0.01245981
v -0.04634144 -0.00316837 0.01184260
v -0.04333281 -0.00214602 0.01112807
v -0.04918113 -0.00225760 0.01281329
v -0.05062937 -0.00032166 0.01323369
v -0.05057768 0.00125677 0.01311705
v -0.05136020 0.00248434 0.01311787
v -0.04994973 0.00533671 0.01200619
v -0.04584852 0.00433045 0.01119177
v -0.04192865 0.00546407 0.00944620
v -0.04437272 0.00628817 0.00979434
v -0.04893783 -0.00549065 0.01195816
v -0.04744566 -0.00655951 0.01091508
v -0.04460983 -0.00436255 0.01091464
v -0.04140714 -0.00269095 0.01044630
v -0.04276208 -0.00083765 0.01109354
v -0.04389218 0.00064550 0.01141824
v -0.04804070 -0.00182580 0.01254202
v -0.04776336 0.00047970 0.01250817
v -0.05161058 -0.00116863 0.01343069
v -0.05364613 0.00181503 0.01367950
v -0.04506254 0.00117095 0.01169593
v -0.04053826 0.00313018 0.00997114
v -0.04693337 0.00468517 0.01138366
v -0.04519730 0.00716699 0.00952466
v -0.04894268 0.00664106 0.01111211
v -0.05101720 0.00803847 0.01106931
v -0.04712015 -0.00096277 0.01236707
v -0.04743602 -0.00324613 0.01215132
v -0.05046624 0.00679081 0.01154843
v -0.04264706 -0.00329427 0.01065688
v -0.04097078 0.00117071 0.01051826
v -0.04664127 0.00023370 0.01221390
v -0.04413009 0.00203250 0.01130985
v -0.05288976 0.00353140 0.01323901
v -0.04326262 0.00533911 0.00995165
v -0.04959195 0.00875135 0.01005663
v -0.04902491 -0.00397171 0.01247549
v -0.04944267 0.00140710 0.01283445
v -0.05048947 0.00357525 0.01267965
v -0.04857109 0.00436981 0.01195538
v -0.04208344 0.00429778 0.01004196
v -0.04297669 0.00695962 0.00885583
v -0.04715091 -0.00549277 0.01136548
v -0.04004443 0.00009046 0.01034310
v -0.04253146 0.00032534 0.01104033
v -0.04407970 -0.00057119 0.01148506
v -0.04657355 0.00287008 0.01181598
v -0.04233844 0.00318638 0.01050682
v -0.04724690 0.00592854 0.01092843
v -0.04448442 0.00354299 0.01105564
v -0.04772189 0.00214773 0.01227549
v -0.04138860 -0.00114606 0.01068523
v -0.04298459 0.00185557 0.01100845
v -0.09675268 -0.00198518 0.00916060
v -0.09693494 -0.00435272 0.00812215
v -0.09801997 -0.00237930 0.00636833
v -0.09731738 0.00479691 0.00619399
v -0.09859296 -0.00171664 0.00339110
v -0.09752359 -0.00624294 0.00476612
v -0.09793931 -0.00493598 0.00151954
v -0.09681583 -0.00820037 0.00131056
v -0.09767677 -0.00505134 -0.00009279
v -0.09781160 -0.00378417 -0.00099468
v -0.09740666 -0.00358172 -0.00254359
v -0.09587623 -0.00734976 -0.00280786
v -0.09578780 -0.00374020 -0.00601497
v -0.09551423 -0.00268043 -0.00687825
v -0.09551021 -0.00676453 -0.00425387
v -0.09417673 -0.00309216 -0.00810044
v -0.09293491 -0.00228524 -0.00908062
v -0.09210706 -0.00068054 -0.00971206
v -0.09258018 -0.00392877 -0.00886445
v -0.08744127 0.00153176 -0.01124527
v -0.08491306 0.00421210 -0.01138689
v -0.08518964 -0.00097045 -0.01177519
v -0.08393456 0.00541701 -0.01119521
v -0.07765656 0.00360148 -0.01284330
v -0.08424881 -0.00224440 -0.01177405
v -0.07692869 0.00205925 -0.01319230
v -0.08818698 -0.00408895 -0.01038836
v -0.08095835 -0.00467088 -0.01176549
v -0.08597197 -0.00592095 -0.01024067
v -0.08333951 -0.00671063 -0.01039744
v -0.08161222 -0.00728884 -0.01043783
v -0.08647488 -0.00716148 -0.00945628
v -0.09625455 -0.00486151 0.00879092
v -0.09738521 -0.00321940 0.00778184
v -0.09818516 0.00369690 0.00473099
v -0.09821255 0.00202274 0.00559659
v -0.09856635 0.00417702 0.00114349
v -0.09795218 -0.00490542 0.00436218
v -0.09830055 0.00542196 0.00057680
v -0.09730658 -0.00722817 0.00233472
v -0.09741079 -0.00654469 0.00099397
v -0.09631098 -0.00947302 0.00219960
v -0.09822431 -0.00335932 0.00066604
v -0.09745822 -0.00189285 -0.00350541
v -0.09635230 -0.00597358 -0.00322355
v -0.09593140 -0.00497608 -0.00492488
v -0.09543437 -0.00126499 -0.00733594
v -0.09493087 -0.00246830 -0.00760439
v -0.09499152 -0.00368127 -0.00714031
v -0.08951702 -0.00111038 -0.01061594
v -0.08647869 0.00338253 -0.01121166
v -0.08591402 0.00169875 -0.01161606
v -0.07946953 0.00128672 -0.01296131
v -0.08136936 -0.00144160 -0.01250424
v -0.08635911 -0.00428019 -0.01079202
v -0.08438437 -0.00384530 -0.01134931
v -0.08459876 -0.00553959 -0.01070155
v -0.09721676 -0.00063790 0.00859185
v -0.09653781 -0.00355192 0.00903266
v -0.09746460 0.00325747 0.00689228
v -0.09651909 -0.00683883 0.00698428
v -0.09822580 0.00547910 0.00203995
v -0.09779777 -0.00378219 0.00645090
v -0.09808727 0.00483141 0.00403219
v -0.09857599 -0.00051266 0.00001922
v -0.09827929 -0.00373216 0.00306723
v -0.09693855 -0.00782217 0.00445379
v -0.09701025 -0.00696755 0.00574157
v -0.09810575 0.00323588 -0.00258174
v -0.09752278 0.00248019 -0.00434522
v -0.09687615 -0.00162570 -0.00498407
v -0.09732333 -0.00491273 -0.00158320
v -0.09636351 -0.00792193 -0.00087147
v -0.09117176 -0.00180319 -0.00996332
v -0.08936613 0.00105802 -0.01074578
v -0.08114871 0.00174500 -0.01263609
v -0.08201442 0.00476276 -0.01180652
v -0.07853590 -0.00261801 -0.01276196
v -0.08661632 -0.00117896 -0.01141332
v -0.07988507 0.00431877 -0.01231686
v -0.08249257 -0.00306950 -0.01194963
v -0.07939011 -0.00006494 -0.01299763
v -0.08978105 -0.00320181 -0.01017073
v -0.07899837 -0.00461515 -0.01214327
v -0.08753950 -0.00554080 -0.01003190
v -0.09671002 0.00050586 0.00930828
v -0.09680567 -0.00546867 0.00767935
v -0.09842689 -0.00111076 0.00510264
v -0.09869773 -0.00002137 0.00368654
v -0.09880434 0.00092682 0.00239105
v -0.09836178 -0.00254223 0.00463567
v -0.09682181 -0.00759751 0.00006817
v -0.09873362 -0.00061090 0.00180495
v -0.09812977 -0.00184655 -0.00133765
v -0.09667071 -0.00343649 -0.00450032
v -0.09153481 -0.00345841 -0.00948538
v -0.08258586 0.00295484 -0.01217740
v -0.08853765 0.00301677 -0.01074988
v -0.07778576 0.00067731 -0.01319371
v -0.07975597 -0.00143002 -0.01280152
v -0.08472869 -0.00697549 -0.00996862
v -0.09753808 -0.00175244 0.00782338
v -0.09779640 0.00160982 0.00695766
v -0.09853096 -0.00223652 0.00191720
v -0.09694180 -0.00818687 0.00288626
v -0.09787463 -0.00048669 -0.00292765
v -0.09732202 -0.00031228 -0.00448379
v -0.09693730 -0.00652325 -0.00104248
v -0.09619826 -0.00218447 -0.00604355
v -0.08045996 0.00053022 -0.01283772
v -0.08777262 -0.00238708 -0.01092342
v -0.08037185 -0.00298503 -0.01237390
v -0.08579268 -0.00249211 -0.01139833
v -0.08002878 -0.00581207 -0.01151252
v -0.08108940 -0.00606446 -0.01118896
v -0.09795446 -0.00050999 0.00692465
v -0.09855257 0.00219208 -0.00079656
v -0.09776787 -0.00585436 0.00294960
v -0.09726013 -0.00586729 0.00638422
v -0.09811914 0.00528576 -0.00121979
v -0.08787104 -0.00030132 -0.01115528
v -0.08631938 0.00024764 -0.01158100
v -0.08472634 0.00067080 -0.01195227
v -0.07830475 0.00207670 -0.01303162
v -0.08165539 0.00013187 -0.01259966
v -0.08266120 -0.00535006 -0.01117703
v -0.09645042 -0.00061564 0.00970854
v -0.09734851 -0.00711007 0.00349603
v -0.09800876 0.00434922 -0.00254926
v -0.09757878 0.00408390 -0.00393670
v -0.09621336 0.00130378 -0.00669841
v -0.09643938 -0.00029540 -0.00616840
v -0.08361223 0.00400309 -0.01172572
v -0.08107598 0.00331040 -0.01238399
v -0.07961327 0.00273163 -0.01275013
v -0.07821303 -0.00100088 -0.01307713
v -0.09861160 0.00223981 0.00382541
v -0.09875835 0.00108816 0.00059425
v -0.09836026 0.00066604 -0.00157149
v -0.08448925 0.00260730 -0.01183345
v -0.09740366 0.00052823 0.00811557
v -0.09811042 -0.00372152 0.00513376
v -0.08326894 -0.00081831 -0.01219367
v -0.08012370 -0.00704263 -0.01089131
v -0.08481653 -0.00810426 -0.00920951
v -0.09702958 0.00140026 -0.00541040
v -0.09840525 0.00415964 -0.00088668
v -0.09638203 -0.00849304 0.00005141
v -0.07713953 -0.00195178 -0.01308034
v -0.07888640 -0.00652926 -0.01139982
v -0.09739756 -0.00461381 0.00707705
v -0.09877669 0.00234000 0.00193540
v -0.09870803 0.00267344 0.00042553
v -0.09850475 -0.00173042 0.00061458
v -0.08300660 0.00122245 -0.01230207
v -0.08054372 -0.00045431 -0.01278703
v -0.09839302 0.00058182 0.00540420
v -0.09778399 0.00106850 -0.00360241
v -0.09774513 -0.00487917 0.00573552
v -0.09638606 0.00240762 -0.00649408
v -0.09845144 0.00392499 0.00330567
v -0.00016551 -0.00243232 -0.00424335
v -0.01751766 0.00782384 -0.00613727
v 0.00022970 -0.00205655 -0.00367614
v -0.08885833 0.00392485 -0.00048868
v -0.08815833 0.00370298 0.00007928
v -0.08733770 0.00351181 0.00098854
v 0.00084507 -0.00191404 -0.00298819
v -0.08762017 0.00327103 -0.00109676
v -0.08661568 0.00321170 0.00083720
v -0.08772649 0.00384220 0.00180587
v 0.09824357 0.00081578 -0.00975414
v 0.09846987 0.00202004 -0.00978776
v 0.09803126 0.00227493 -0.01051016
v -0.00011514 0.00245156 -0.00264208
v 0.00207157 -0.00147546 -0.00193170
v 0.09791012 0.00107918 -0.01125355
v 0.00116870 -0.00159121 -0.00227280
v 0.09861585 0.00139041 -0.00900649
v 0.09868179 0.00222722 -0.00873131
v 0.09877883 0.00216207 -0.00743200
v 0.09834287 0.00208750 -0.00678736
v -0.06456762 0.01124966 -0.01069924
v 0.00117127 -0.00113296 -0.00167041
v -0.01995279 0.00336233 -0.01074172
v 0.09758197 0.00224677 -0.00604553
v 0.09723289 0.00314572 -0.00592177
v 0.09689110 0.00269789 -0.00547774
v 0.08661763 -0.00211947 -0.01117254
v 0.08596418 -0.00166890 -0.01059098
v 0.08496626 -0.00215330 -0.01046863
v 0.00216206 0.00007418 -0.00079633
v 0.09109024 0.00182964 -0.00476121
v -0.00396724 0.00851801 -0.01005191
v 0.09027813 0.00165760 -0.00453239
v 0.08983434 0.00211739 -0.00421933
v 0.08924517 0.00140726 -0.00429242
v 0.00151047 -0.00025950 -0.00099111
v 0.00052027 0.00076374 -0.00082992
v 0.00079206 0.00138622 -0.00128246
v 0.08832132 0.00101311 -0.00433730
v -0.00050306 0.00242000 -0.00201688
v 0.00014523 0.00177256 -0.00169625
v 0.00171892 0.00078096 -0.00090549
v -0.00084885 0.00782793 0.00015616
v -0.00331889 0.01038131 -0.00069828
v -0.00248060 0.00994121 -0.00023092
v -0.00150154 0.00910057 0.00020855
v 0.08803192 0.00152381 -0.00429903
v 0.08167973 -0.00191961 -0.01123277
v 0.04537282 -0.00104445 -0.00222437
v -0.00103175 0.00134926 -0.00573913
v -0.00476087 -0.00862013 -0.01034043
v -0.08722193 0.01068750 -0.00562631
v -0.08769557 -0.00143023 0.00039766
v -0.08736673 -0.00142077 0.00086434
v -0.01351534 0.00426325 -0.01207674
v -0.01329181 0.00564996 -0.01137770
v -0.01318031 0.00710574 -0.01015280
v -0.01621592 0.00770213 0.00208327
v -0.01528885 0.00739028 0.00295535
v -0.00805952 -0.00498663 0.00777027
v -0.00995502 0.00142437 0.00874523
v -0.00132935 0.00599102 -0.00962735
v -0.01532616 -0.00770490 0.00286794
v -0.09356700 0.00482816 0.01101433
v -0.09475698 0.00428517 0.01024920
v -0.09450580 0.00785875 0.00797974
v -0.09410638 -0.01013909 -0.00168878
v -0.08874767 -0.00220007 0.00056303
v -0.08928845 -0.00316380 0.00101431
v -0.09272957 -0.01094462 -0.00110373
v -0.09171801 -0.01113723 -0.00010910
v -0.09076293 -0.01043792 0.00132909
v -0.09093972 -0.01082627 0.00210277
v -0.09413857 -0.01061000 0.00020719
v -0.08224469 -0.01255854 0.00461440
v -0.08209352 -0.01277012 0.00341136
v -0.08559527 -0.00350018 0.00456685
v -0.08610233 -0.00265216 0.00434171
v -0.08504324 -0.00440083 0.00494150
v -0.08455292 -0.00526428 0.00472783
v -0.08434045 -0.00598883 0.00478261
v -0.08391021 -0.00752183 0.00444921
v -0.08382346 -0.00809487 0.00412770
v -0.08379367 -0.00877623 0.00396796
v -0.08370127 -0.00925648 0.00338845
v -0.08375011 -0.01022065 0.00330600
v -0.08364901 -0.01066818 0.00230749
v -0.08353005 -0.01153721 0.00319743
v -0.08275594 -0.01263810 0.00215170
v -0.08225045 -0.01277961 0.00278978
v -0.08358367 -0.01142770 0.00217458
v -0.08287780 -0.01257635 0.00147459
v -0.08490440 -0.00316758 0.00022745
v -0.08530086 -0.00254257 0.00045356
v -0.08463947 -0.00388661 0.00008014
v -0.08589252 -0.00263316 -0.00064253
v -0.08565466 -0.00318438 -0.00097431
v -0.08535801 -0.00376489 -0.00121798
v -0.08503610 -0.00458866 -0.00141293
v -0.08480417 -0.00538366 -0.00153372
v -0.00305298 0.00636837 -0.01214273
v -0.08456436 -0.00669937 -0.00156407
v -0.08444409 0.01181450 0.00753241
v -0.08699557 -0.00302752 -0.00158355
v -0.08665778 -0.00355223 -0.00193359
v -0.08617237 -0.00469398 -0.00222851
v -0.08632745 -0.00398001 -0.00208708
v -0.08606613 -0.00527142 -0.00228501
v -0.08584083 -0.00619346 -0.00225410
v -0.08589992 -0.00723638 -0.00228676
v -0.09038740 -0.00922241 0.00250196
v -0.08587368 -0.01078961 0.00587991
v -0.08681393 -0.01052383 0.00679431
v -0.08636902 -0.01074800 0.00636055
v -0.08743992 -0.00973161 0.00613081
v -0.08688679 -0.01034127 0.00620077
v -0.08708403 0.00388160 -0.00328572
v -0.08662572 0.00373185 -0.00288903
v -0.08877147 0.00591521 -0.00389820
v -0.08898209 0.00689243 -0.00392994
v -0.08947696 0.00735181 -0.00383147
v -0.08951350 0.00806443 -0.00380989
v -0.08775329 0.00493732 -0.00380753
v -0.08760372 0.00407361 -0.00352735
v -0.08807424 0.00552488 -0.00387093
v -0.08977303 0.00873297 -0.00341272
v -0.09244134 0.00943367 -0.00580014
v -0.09050146 0.01011763 -0.00366179
v -0.09127160 0.01058054 -0.00330429
v -0.08998913 0.00945346 -0.00337003
v -0.09033521 0.00980767 -0.00278902
v -0.08608328 0.00389620 -0.00241864
v -0.08564940 0.00401364 -0.00194558
v -0.08518726 0.00421093 -0.00135562
v -0.08476082 0.00448558 -0.00071091
v -0.08433490 0.00489731 0.00070104
v -0.08425778 0.00538201 -0.00019855
v -0.08392116 0.00641880 0.00196756
v -0.08370750 0.00753449 0.00166312
v -0.08359301 0.00877753 0.00272083
v -0.09042686 0.00742708 0.00207162
v -0.08665657 0.00404230 0.00299770
v -0.08753862 0.00483460 0.00364774
v -0.08591656 0.00414475 0.00332535
v -0.08600491 0.00531020 0.00437856
v -0.08600532 0.00479660 0.00399305
v -0.08647060 0.00581437 0.00463666
v -0.08655643 0.00669487 0.00497493
v -0.08691182 0.00797199 0.00520207
v -0.09045423 0.01024431 0.00291001
v -0.09086616 0.01122476 0.00329535
v -0.08743887 0.00919913 0.00531929
v -0.08794790 0.00992064 0.00550435
v -0.08765093 0.01055825 0.00590690
v -0.08729582 0.01119974 0.00643430
v -0.08347429 -0.01178826 0.00419038
v -0.08398814 -0.01113861 0.00449947
v -0.08415111 -0.01037289 0.00443968
v -0.08434549 -0.00938076 0.00505901
v -0.08958855 -0.00365387 0.00298975
v -0.08588402 -0.00543362 0.00572874
v -0.08445868 -0.00799870 0.00558635
v -0.08475786 -0.00719261 0.00575763
v -0.08513880 -0.00637901 0.00577317
v -0.08628392 -0.00999630 0.00581347
v -0.09028258 -0.00966203 0.00392537
v -0.09018704 -0.00926063 0.00345207
v -0.09032353 -0.00802966 0.00407829
v -0.08976009 -0.00821383 0.00530910
v -0.09062793 -0.00653086 0.00371201
v -0.09016700 -0.00658070 0.00567807
v -0.09034134 -0.00624694 0.00482784
v -0.08980426 -0.00483129 0.00504793
v -0.09012844 -0.00580590 0.00542732
v -0.08850371 -0.00941049 0.00615701
v -0.08782527 -0.00909085 0.00580523
v -0.08175718 0.01346024 0.00304212
v -0.08289987 0.01280818 0.00104050
v -0.08287491 0.01270023 0.00215403
v -0.08859684 -0.00786586 0.00643369
v -0.08851698 -0.00855932 0.00603801
v -0.08327141 0.01145764 0.00100307
v -0.08323298 0.01185976 -0.00006385
v -0.08346809 0.01090897 -0.00108706
v -0.08334153 0.01179634 -0.00117049
v -0.08355485 0.00961863 -0.00066694
v -0.09034519 0.00723009 0.00259122
v -0.08401066 0.01047061 -0.00253108
v -0.08396866 0.00851831 -0.00199265
v -0.08567275 0.00997798 -0.00369752
v -0.08492958 0.00891301 -0.00309713
v -0.08491491 0.00690714 -0.00291246
v -0.08654590 -0.00875381 0.00622917
v -0.09338360 -0.01086782 0.00320441
v -0.08760118 0.01042337 -0.00468721
v -0.08721889 -0.00831471 0.00653010
v -0.08808242 0.01046926 -0.00603084
v -0.09339398 -0.01068197 0.00408507
v -0.09291826 -0.01052424 0.00475279
v -0.08885864 0.01023764 -0.00530068
v -0.08992630 0.00990662 -0.00626768
v -0.08622441 0.01012630 -0.00406031
v -0.08700709 0.00994585 -0.00431056
v -0.08633684 0.00835355 -0.00371595
v -0.00271976 -0.01030207 -0.00448296
v -0.08791636 0.00959720 -0.00439802
v -0.01656415 0.00442507 -0.01065201
v -0.01679727 0.00514112 -0.01010706
v -0.01638306 0.00600336 -0.00948185
v -0.02077705 0.00722470 -0.00771947
v -0.08748884 -0.00747494 0.00683194
v -0.08922389 -0.00654283 0.00672667
v -0.08857347 -0.00459069 0.00588533
v -0.08886412 -0.00508625 0.00634058
v -0.08970515 -0.00537442 0.00597871
v -0.08934237 -0.00581559 0.00655854
v -0.08778079 -0.00686200 0.00691334
v -0.08740463 -0.00601709 0.00671701
v -0.08796625 -0.00621487 0.00692446
v -0.08489849 -0.01116265 0.00685194
v -0.08625134 0.00458698 -0.00330583
v -0.08924288 0.00897989 -0.00401229
v -0.08754772 0.00650368 -0.00391903
v -0.08614738 0.00535038 -0.00352749
v -0.08671415 0.00507897 -0.00368141
v -0.08620330 0.00706301 -0.00367983
v -0.08611489 0.00608228 -0.00361139
v -0.08774413 0.00785266 -0.00397575
v -0.08809391 0.00871872 -0.00411397
v -0.08859110 0.00910996 -0.00424466
v -0.09119119 0.01016461 -0.00512529
v -0.09061048 0.00990842 -0.00592451
v -0.09001884 0.00993233 -0.00409442
v -0.08901696 0.00972328 -0.00441322
v -0.08963414 0.01010382 -0.00485999
v -0.08563814 0.00524474 -0.00312796
v -0.08507078 0.00546123 -0.00264421
v -0.08462448 0.00566956 -0.00197949
v -0.08444484 0.00537944 -0.00116087
v -0.09578433 0.00554509 0.00821403
v -0.08238130 0.01259333 -0.00471755
v -0.08417024 0.00658289 -0.00157641
v -0.08374717 0.00770749 -0.00037954
v -0.08344005 0.00964461 0.00138858
v -0.08335659 0.01060764 0.00111910
v -0.08960917 0.00507788 0.00101990
v -0.09182582 -0.01025346 -0.00414677
v -0.08957983 -0.01066397 -0.00306401
v -0.08940536 -0.01016516 -0.00250441
v -0.08929460 -0.00948101 -0.00224680
v -0.08963282 -0.00883235 -0.00211453
v -0.08995154 -0.00824762 -0.00211678
v -0.09031499 -0.00666229 -0.00168419
v -0.09019197 -0.00753477 -0.00201469
v -0.09014194 -0.00555969 -0.00086278
v -0.08957620 -0.00403030 0.00024634
v -0.09513699 0.00984474 0.00409984
v -0.08883466 -0.00282370 0.00382262
v -0.08779816 -0.00313214 0.00481228
v -0.09140200 0.00992404 0.00828194
v -0.00166034 -0.00048615 -0.01245971
v -0.00114804 0.00212375 -0.00919472
v -0.09225509 -0.01106761 0.00236026
v -0.00618149 0.00809685 -0.01098666
v -0.00411189 -0.00280885 -0.01393083
v -0.00389753 -0.00182034 -0.01414993
v -0.00246862 -0.00249652 -0.01341850
v -0.00170947 -0.00203216 -0.01234388
v 0.00213699 -0.00134575 -0.00549475
v 0.00279234 -0.00173999 -0.00507068
v 0.00155725 -0.00086923 -0.00590812
v 0.00088205 -0.00029774 -0.00605362
v 0.00087133 0.00044364 -0.00587055
v 0.00092564 0.00106897 -0.00545223
v 0.00116010 0.00156786 -0.00487946
v 0.00181149 0.00198647 -0.00418946
v 0.00474966 -0.00202409 -0.00249656
v -0.01412557 0.00378376 0.00646168
v -0.00137347 0.00877867 -0.00607675
v 0.00685089 0.00014327 -0.00089623
v -0.01049605 -0.00439639 0.00796381
v -0.00069609 0.00713735 -0.00433971
v -0.00102689 0.00858263 -0.00444042
v -0.00080798 0.00832361 -0.00279414
v -0.00177563 0.00969394 -0.00393555
v -0.00163202 0.00957488 -0.00303686
v -0.00340314 -0.01064962 -0.00361254
v -0.00277052 -0.01039703 -0.00264322
v -0.01917291 0.00492602 -0.00998887
v -0.01785352 0.00540783 -0.00974183
v -0.01864023 0.00642201 -0.00872477
v -0.01347502 -0.00836419 -0.00830027
v -0.01704141 -0.00487578 -0.01012907
v -0.01616574 -0.00597628 -0.00949248
v -0.01206882 -0.00949851 -0.00755143
v -0.01566635 -0.00847837 -0.00608808
v -0.01812626 -0.00745068 0.00219667
v -0.00939573 -0.01033721 0.00147613
v -0.00340839 0.00974512 -0.00746168
v -0.00304387 0.00994451 -0.00662066
v -0.00244854 0.00976859 -0.00636637
v -0.00217637 0.00983248 -0.00552426
v -0.02395104 -0.00417704 0.00666283
v -0.09636046 0.00732912 0.00574822
v -0.00967072 0.01100035 -0.00255186
v -0.01585637 -0.00305308 0.00669964
v -0.01756772 -0.00223121 0.00656203
v -0.01724916 -0.00350730 0.00645730
v -0.02262145 0.00557664 0.00525436
v -0.01324738 0.00907844 -0.00684299
v -0.01124636 -0.00551069 -0.01242598
v -0.01014844 -0.00709267 -0.01156521
v -0.08533458 0.01124555 -0.00617482
v -0.01414861 0.00686897 -0.00972828
v -0.08432672 0.01201776 -0.00485515
v -0.08346711 0.01245932 -0.00375762
v -0.01541709 0.00617979 -0.00969123
v -0.08267141 0.01299994 -0.00264408
v -0.08163236 0.01353418 -0.00133406
v -0.00570680 -0.00926559 -0.00956366
v -0.08400187 0.00615177 0.00317174
v -0.08393689 0.00719352 0.00354272
v -0.08424398 0.00876648 0.00411426
v -0.08459802 0.01038706 0.00439397
v -0.08471068 0.01151955 0.00484852
v -0.08466669 0.01221793 0.00568052
v -0.01079177 -0.00960488 0.00264952
v -0.09504227 0.01029509 0.00250288
v -0.09426457 0.01070229 0.00345420
v -0.08910872 -0.00276635 0.00203142
v -0.08873603 -0.00195719 0.00188106
v -0.09532725 0.00691962 -0.00592408
v -0.08837687 -0.00197099 0.00336958
v -0.08795974 -0.00156588 0.00246913
v -0.08839456 -0.00169532 0.00262036
v -0.08720141 -0.00245819 0.00447088
v -0.08677569 -0.00196515 0.00397117
v -0.08763177 -0.00167709 0.00335354
v -0.09344318 0.01096505 0.00444434
v -0.01180738 0.00459369 0.00722806
v -0.01506287 -0.00814486 0.00127407
v -0.09208914 0.01095392 0.00605161
v -0.09066710 0.01071476 0.00705311
v -0.00999724 -0.00637336 -0.01214203
v -0.09103491 -0.01058950 0.00407991
v -0.00607419 -0.00734654 0.00605020
v -0.09078565 -0.00993313 0.00461182
v -0.00699231 -0.00773823 0.00567467
v -0.08979218 -0.00918551 0.00566050
v -0.09031172 -0.00941954 0.00505692
v -0.09001695 -0.00743080 0.00554295
v -0.08930227 -0.00931576 0.00615367
v -0.08882399 -0.00980598 0.00654225
v -0.08921886 -0.00803984 0.00599023
v -0.08754976 -0.01006628 0.00754102
v -0.08845888 -0.00990953 0.00710546
v -0.08907025 -0.00737567 0.00648497
v 0.09281824 0.00019202 -0.00680143
v -0.00922533 0.00497300 0.00764879
v -0.00854317 0.00562557 0.00718790
v -0.00253842 -0.00981185 -0.00630687
v -0.00485133 -0.00795651 0.00508956
v -0.00286318 0.00319225 -0.01355853
v 0.09424369 0.00163065 -0.00510454
v -0.00189215 0.00310462 -0.01268553
v -0.00334538 0.00437246 -0.01337790
v -0.00213242 0.00458451 -0.01257502
v -0.00254633 0.00572226 -0.01235765
v -0.00362280 0.00047945 0.00843607
v -0.00327329 -0.00042454 0.00834401
v -0.00265937 -0.00231950 0.00794094
v 0.09477966 0.00320912 -0.00481056
v -0.00237291 -0.00404899 0.00733258
v -0.00252812 -0.00318715 0.00769885
v -0.00292602 -0.00706073 0.00532988
v -0.00231575 -0.00734126 0.00463012
v 0.07938131 0.00083132 -0.00743549
v -0.00308047 0.00239383 0.00803794
v -0.00777445 0.00734888 0.00589865
v -0.00179417 -0.00093577 0.00768327
v 0.08176957 -0.00098922 -0.00454877
v -0.00135222 -0.00264613 0.00715771
v -0.08269252 -0.01090367 0.00835595
v -0.00139763 -0.00569661 0.00547366
v -0.00147778 -0.00664808 0.00476882
v -0.00181827 -0.00772632 0.00385978
v -0.00319708 -0.00968504 0.00150546
v -0.00381116 -0.01024545 0.00054758
v -0.00268098 0.00408576 0.00713310
v -0.00379186 0.00543491 0.00673742
v -0.00209072 0.00293599 0.00728243
v -0.00142111 0.00143035 0.00714350
v -0.00109796 -0.00052841 0.00648265
v 0.04601420 0.00104679 -0.00749851
v -0.00053846 -0.00286781 0.00575752
v -0.01079505 -0.00073458 -0.01403478
v -0.00019432 -0.00406219 0.00541369
v -0.00034488 -0.00501219 0.00498651
v -0.00018235 -0.00553055 0.00462038
v -0.00052876 -0.00666237 0.00370344
v -0.00019378 -0.00607922 0.00414581
v -0.00118708 -0.00769153 0.00231372
v -0.00084266 -0.00713582 0.00311362
v -0.00157866 -0.00838511 0.00184811
v -0.00212131 -0.00944938 0.00055882
v -0.00359643 0.00721506 0.00550774
v -0.00185491 0.00466707 0.00626394
v -0.00498668 0.00821221 0.00495694
v -0.00074516 -0.00067633 0.00460765
v -0.00042317 -0.00235640 0.00391574
v -0.01042847 -0.00180787 -0.01407679
v -0.00010774 -0.00340565 0.00389022
v 0.00056716 -0.00430357 0.00426331
v 0.00026591 -0.00452981 0.00347545
v -0.00031393 -0.00464294 0.00244234
v -0.00065889 -0.00624542 0.00159426
v -0.00050812 -0.00641510 0.00260736
v -0.00098699 -0.00747427 0.00081025
v -0.00281794 0.00753967 0.00480144
v -0.00177112 0.00636064 0.00498626
v -0.00110943 0.00515129 0.00496097
v -0.01521907 -0.00738059 -0.00845286
v -0.01592295 -0.00756744 -0.00779127
v -0.00057440 -0.00115001 0.00214113
v -0.00215603 0.00791353 0.00371255
v -0.00118736 0.00693601 0.00348499
v -0.08366925 0.01094911 0.00339555
v -0.08391070 0.01218561 0.00519379
v -0.08364928 0.01204390 0.00426034
v -0.00241356 0.00864441 0.00276483
v -0.00063331 -0.00134829 0.00035160
v 0.04435151 -0.00114614 -0.00788080
v -0.00084047 -0.00385208 -0.00138361
v -0.00206919 0.00882411 0.00197702
v -0.00159735 0.00866449 0.00142728
v -0.00275549 0.00973778 0.00091413
v -0.01900120 -0.00580601 -0.00922506
v -0.08868629 -0.01052467 -0.00309061
v -0.00035106 0.00110048 -0.00020813
v -0.00037535 0.00216849 -0.00106633
v -0.00009431 0.00057660 -0.00056877
v 0.00040653 0.00012113 -0.00071554
v -0.08800209 -0.01048674 -0.00268852
v -0.00002194 -0.00115120 -0.00140661
v 0.00084725 -0.00050398 -0.00115129
v 0.00019136 -0.00050398 -0.00091965
v -0.08731542 -0.01143032 -0.00335519
v -0.08676335 -0.01139932 -0.00276581
v -0.08618906 -0.01138400 -0.00234122
v -0.00043433 -0.00172630 -0.00198400
v -0.00057449 -0.00248548 -0.00237454
v -0.08551167 -0.01115637 -0.00193765
v 0.00027305 -0.00160398 -0.00236111
v -0.08718484 -0.01087457 -0.00251450
v -0.08749475 -0.01024923 -0.00238299
v -0.08747675 -0.00890004 -0.00242809
v -0.08761590 -0.00947728 -0.00240308
v -0.00044030 -0.00318145 -0.00406943
v -0.00061798 -0.00362065 -0.00327942
v -0.08668857 -0.01010290 -0.00216567
v -0.08875938 -0.00774203 -0.00262417
v -0.08909817 -0.00701300 -0.00270423
v -0.08935534 -0.00634906 -0.00260938
v -0.08932805 -0.00564476 -0.00228578
v -0.00138281 0.00919103 -0.00087534
v -0.00836570 0.00178368 -0.01423104
v -0.08789553 -0.00801113 -0.00254394
v -0.08948215 -0.00496942 -0.00124519
v -0.08909050 -0.00483178 -0.00171855
v -0.00250133 0.01017191 -0.00139314
v -0.00276084 0.01043158 -0.00238457
v -0.08866836 -0.00367588 -0.00089139
v -0.00149716 0.00945792 -0.00204669
v -0.00076540 0.00806964 -0.00120331
v -0.08391786 -0.01227800 -0.00146062
v -0.08441727 -0.01103330 -0.00119523
v -0.08313860 -0.01249650 -0.00033376
v -0.08360192 -0.01218232 -0.00073846
v -0.08382135 -0.01117144 0.00003119
v -0.08383106 -0.01014138 0.00013190
v -0.08289082 -0.01262048 0.00054970
v -0.08366317 -0.01113877 0.00114024
v -0.08363108 -0.00987393 0.00159405
v 0.00321259 0.00124933 -0.00108950
v -0.08362183 -0.00845379 0.00183205
v -0.00724797 -0.00045950 -0.01448453
v -0.08367349 -0.00765304 0.00221492
v 0.00446283 0.00082958 -0.00083989
v 0.04206189 -0.00179056 -0.00715459
v 0.00368196 -0.00089012 -0.00113699
v 0.00175584 0.00193540 -0.00229617
v -0.08502721 -0.00324493 0.00407918
v 0.00100856 0.00173140 -0.00189087
v 0.00097582 0.00208718 -0.00269932
v 0.00355388 0.00024997 -0.00068362
v 0.00292561 -0.00120797 -0.00145319
v 0.00047555 0.00248236 -0.00317767
v 0.00004117 0.00232271 -0.00377670
v 0.00097361 0.00210857 -0.00378183
v -0.00038029 0.00203209 -0.00420503
v -0.00106669 0.00257997 -0.00450068
v 0.00028389 0.00143078 -0.00484809
v -0.00041047 0.00136962 -0.00504679
v 0.00146219 -0.00206659 -0.00359767
v -0.00088665 0.00020751 -0.00735529
v 0.00084814 -0.00122888 -0.00555538
v 0.00080843 -0.00171867 -0.00504894
v 0.00019084 -0.00144920 -0.00558293
v 0.00016775 0.00018401 -0.00594116
v 0.00047768 -0.00207074 -0.00445434
v 0.04145680 -0.00229007 -0.00597910
v -0.00106369 0.00180161 -0.00748897
v 0.00253322 -0.00213165 -0.00341545
v 0.03937636 -0.00222727 -0.00595997
v 0.00248898 -0.00197799 -0.00456277
v 0.00191504 -0.00207899 -0.00405267
v 0.00137377 -0.00198835 -0.00447205
v -0.00100686 0.00094008 -0.00727595
v 0.00844214 0.00064511 -0.00110852
v 0.02104096 -0.00135562 -0.00658641
v 0.00834826 -0.00124144 -0.00156032
v 0.02021004 -0.00196948 -0.00580992
v -0.00394781 0.01044805 -0.00562741
v -0.00197526 0.00976606 -0.00468864
v 0.02201005 0.00115153 -0.00233067
v -0.02095659 -0.00329202 0.00649076
v -0.00337443 0.01051595 -0.00466427
v 0.00465874 0.00183510 -0.00495677
v -0.02457093 0.00334486 -0.01058743
v 0.00247994 0.00176436 -0.00486541
v 0.00309528 0.00109322 -0.00582120
v 0.01106257 -0.00207161 -0.00269590
v -0.02349001 0.00496208 -0.00981727
v 0.00369625 0.00008803 -0.00631708
v 0.00293907 -0.00041726 -0.00630035
v 0.00198104 0.00073394 -0.00593106
v 0.00210544 -0.00052121 -0.00621977
v -0.02314492 0.00642837 -0.00858954
v 0.00352762 -0.00144072 -0.00556473
v 0.00862694 -0.00168008 -0.00564275
v 0.01165222 0.00011009 -0.00105921
v -0.02473505 0.00597451 -0.00899591
v 0.00582227 0.00201137 -0.00443003
v -0.00103562 0.00430124 -0.00597032
v 0.00662024 -0.00071411 -0.00627037
v -0.00188966 0.00885224 -0.00760358
v 0.01264293 -0.00097587 -0.00155992
v -0.00678233 0.00935335 -0.00892804
v 0.01110907 0.00116055 -0.00167276
v -0.00080164 0.00307611 -0.00307146
v -0.08504118 -0.01180844 -0.00212267
v 0.01278634 -0.00190082 -0.00251921
v -0.00041483 0.00184243 -0.00014742
v 0.00672830 0.00183771 -0.00504238
v 0.00698973 0.00096225 -0.00609895
v 0.00797261 -0.00021206 -0.00649663
v 0.01418095 -0.00052479 -0.00136827
v -0.09199158 -0.00914787 -0.00580700
v 0.01426227 -0.00181650 -0.00254666
v -0.00109670 -0.00827195 -0.00357053
v -0.02480717 0.00452515 0.00616480
v 0.00940410 0.00136246 -0.00588640
v 0.00973095 -0.00080198 -0.00639800
v -0.00080587 -0.00461412 -0.00139292
v 0.01710276 0.00045294 -0.00147858
v 0.01695492 -0.00096817 -0.00167727
v 0.01543420 -0.00000668 -0.00122404
v 0.01656193 -0.00184712 -0.00268417
v -0.00413545 0.00962087 0.00215064
v 0.01561120 -0.00210725 -0.00330818
v -0.00109582 -0.00837229 -0.00208912
v -0.00091770 0.00164803 0.00561234
v -0.00634446 0.00627043 0.00661211
v 0.01215077 0.00123554 -0.00607856
v -0.02106644 -0.00475147 -0.00978785
v 0.01853037 0.00092194 -0.00203597
v 0.01884386 -0.00034370 -0.00165760
v 0.01845018 -0.00183101 -0.00276743
v -0.00459823 0.00208829 0.00842381
v 0.01465994 0.00178848 -0.00477936
v 0.01381167 0.00177477 -0.00522440
v -0.00351447 0.00486176 -0.01320004
v 0.01514316 -0.00188904 -0.00570583
v 0.01496482 -0.00086758 -0.00651263
v 0.02134777 0.00037965 -0.00147168
v 0.02109104 -0.00097997 -0.00207796
v -0.00402452 -0.00549223 0.00704693
v 0.02073669 0.00112262 -0.00219031
v 0.02009479 0.00002174 -0.00158102
v 0.02013376 -0.00155113 -0.00254413
v 0.01741580 0.00159686 -0.00355601
v 0.01522707 0.00173128 -0.00522934
v 0.01555012 0.00086246 -0.00639783
v 0.01614046 -0.00027247 -0.00669477
v 0.02311273 -0.00036191 -0.00182506
v -0.00402206 -0.00401347 0.00773228
v -0.00769176 -0.00909953 0.00387800
v -0.08763798 -0.00212510 0.00412965
v -0.09718739 0.00774283 0.00022334
v 0.01776974 0.00120210 -0.00602354
v 0.01794089 0.00028793 -0.00669130
v 0.01857817 -0.00115109 -0.00661576
v -0.00983416 -0.00927272 0.00357540
v 0.02378504 -0.00154681 -0.00267694
v 0.02412187 0.00141859 -0.00212707
v 0.02290362 0.00149788 -0.00219634
v 0.02029073 0.00169183 -0.00461167
v 0.01941826 -0.00010217 -0.00701968
v 0.02553518 -0.00100871 -0.00216788
v -0.01808053 0.00368216 0.00599257
v 0.02539478 0.00132950 -0.00222633
v 0.02646387 0.00087918 -0.00202638
v 0.02514559 0.00198456 -0.00302489
v -0.01880008 -0.00540352 -0.00953025
v 0.02157834 0.00132298 -0.00624966
v 0.01972639 0.00091855 -0.00668727
v 0.02759372 -0.00044011 -0.00185136
v 0.02665002 -0.00068620 -0.00209500
v -0.01891297 0.00522410 0.00533019
v 0.02288721 -0.00119072 -0.00665712
v -0.02204942 0.00680761 0.00394211
v 0.02702548 0.00135469 -0.00245056
v 0.02702006 0.00178732 -0.00310092
v -0.01710488 -0.00645162 -0.00876398
v 0.02372782 0.00143172 -0.00558579
v 0.02319330 0.00126909 -0.00626768
v 0.02446163 0.00132423 -0.00623226
v -0.08607316 0.01033927 -0.00720432
v -0.05847373 0.01271568 -0.00874865
v -0.03478896 -0.00643195 0.00642642
v 0.02931914 0.00015231 -0.00205091
v 0.02846261 -0.00165788 -0.00277701
v -0.01583109 0.00796232 -0.00641217
v 0.02505578 -0.00134770 -0.00671238
v 0.03121392 -0.00041220 -0.00205478
v 0.03102257 0.00072201 -0.00236525
v -0.01770947 0.00240754 -0.01099213
v -0.00487145 0.00703513 -0.01205103
v 0.02581834 0.00157266 -0.00565786
v 0.02539789 0.00121126 -0.00642416
v -0.00572534 0.00570900 -0.01289367
v -0.09286327 -0.01100122 0.00264672
v 0.02704651 -0.00121320 -0.00677948
v -0.09408185 0.01005805 0.00566730
v -0.09436514 0.00616581 0.00958484
v 0.03340822 -0.00135588 -0.00288377
v -0.01357050 0.00881643 0.00116111
v -0.01429264 0.00863697 0.00033841
v 0.02672283 0.00136166 -0.00633271
v -0.06027379 -0.00848352 0.01278754
v -0.08407771 -0.00673393 0.00454927
v -0.08336151 0.01133492 0.00232350
v 0.02776172 0.00068491 -0.00706047
v -0.08312076 0.01229013 0.00300449
v -0.08255851 0.01289618 0.00362737
v -0.08321708 0.01238593 0.00408541
v 0.02746822 -0.00090001 -0.00734184
v 0.02936591 -0.00166927 -0.00679922
v 0.03597334 0.00057605 -0.00246330
v -0.09712358 0.00738190 -0.00154856
v -0.03027379 -0.00479454 -0.01005405
v -0.01465814 -0.00684385 0.00442004
v 0.03008669 0.00139650 -0.00644354
v -0.00853204 -0.00244093 0.00874149
v 0.02942406 0.00055551 -0.00730197
v 0.02859386 0.00096500 -0.00664489
v 0.03002329 0.00003319 -0.00775950
v 0.02829186 -0.00080670 -0.00785669
v -0.01273349 0.00691854 0.00501505
v -0.09404499 0.00125751 0.01163140
v -0.09529024 0.00250653 0.01041036
v -0.02409145 0.00796435 -0.00593532
v 0.03132470 0.00040234 -0.00758802
v 0.03189891 -0.00075975 -0.00794409
v 0.03080045 -0.00059454 -0.00810580
v 0.03879578 -0.00098809 -0.00286520
v 0.03431851 0.00151034 -0.00602473
v -0.09250889 0.00204766 0.01228974
v -0.01132705 0.01007932 -0.00668433
v 0.03861527 -0.00186386 -0.00388892
v -0.00121921 -0.00784196 -0.00604660
v -0.00114866 -0.00803695 -0.00501871
v 0.03258386 0.00084918 -0.00721240
v 0.03364459 -0.00016214 -0.00796863
v 0.03516919 -0.00119296 -0.00772491
v 0.03983420 0.00041877 -0.00264236
v 0.04029798 -0.00055239 -0.00260667
v 0.04191123 -0.00139156 -0.00312061
v 0.04001876 -0.00185730 -0.00391462
v 0.09616247 0.00268076 -0.00495928
v -0.08822892 0.00395200 0.00132546
v 0.03513615 0.00126550 -0.00671462
v 0.03567168 0.00038611 -0.00767193
v 0.03685465 -0.00077121 -0.00767526
v -0.09522151 -0.00864857 -0.00242905
v 0.03949656 -0.00202060 -0.00450520
v 0.04179026 0.00008703 -0.00277347
v -0.01681498 0.00724758 0.00286862
v -0.08944171 -0.00406674 0.00457876
v 0.04428486 -0.00069637 -0.00235111
v 0.04351769 -0.00095983 -0.00248317
v 0.04268465 -0.00106957 -0.00291199
v 0.04231387 -0.00192226 -0.00397100
v -0.00282268 -0.01020846 -0.00053637
v -0.02021583 0.00592869 -0.00912958
v -0.00266448 0.00864583 -0.00919931
v 0.03732792 0.00084970 -0.00729270
v -0.00168909 0.00746419 -0.00943889
v -0.00147161 0.00345044 -0.01130122
v 0.03823099 -0.00018065 -0.00784435
v 0.04638801 -0.00127025 -0.00232269
v 0.04396125 0.00024423 -0.00282362
v 0.04235668 0.00109930 -0.00387582
v -0.09256250 -0.00950656 0.00718315
v -0.00176059 0.00176012 -0.01271595
v -0.00269646 0.00206548 -0.01371332
v -0.00231151 0.00007264 -0.01364936
v 0.04516035 -0.00045806 -0.00233664
v -0.09130765 -0.00904104 0.00853513
v 0.04550187 0.00004983 -0.00264718
v 0.04629275 -0.00192670 -0.00309512
v 0.04553563 -0.00162215 -0.00248463
v 0.04487143 -0.00176699 -0.00294354
v -0.00260702 0.00090777 -0.01382784
v 0.04417401 -0.00200560 -0.00389947
v 0.04454439 -0.00191260 -0.00341587
v 0.04348862 -0.00210494 -0.00459459
v 0.03953606 0.00032719 -0.00790374
v 0.04049060 -0.00088153 -0.00783528
v -0.00239498 -0.00093756 -0.01366589
v 0.04648223 -0.00007996 -0.00253323
v 0.04749702 0.00030389 -0.00286622
v 0.04761950 -0.00103806 -0.00291108
v -0.00415371 0.00171902 -0.01419304
v 0.04738176 -0.00192963 -0.00397749
v -0.00388371 0.00056898 -0.01427821
v 0.04138299 0.00085118 -0.00751237
v -0.00452887 -0.00358985 -0.01372400
v -0.00379764 -0.00029395 -0.01427603
v -0.00295810 -0.00533914 -0.01248343
v -0.00199808 -0.00552741 -0.01148277
v -0.00260391 -0.00374442 -0.01306927
v -0.00365171 -0.00428185 -0.01324905
v -0.00182790 -0.00389768 -0.01195525
v 0.04972797 -0.00035425 -0.00296370
v 0.04856536 -0.00065560 -0.00293865
v 0.04881677 -0.00135343 -0.00344554
v -0.00951706 0.00037069 -0.01435660
v 0.04791264 -0.00207135 -0.00469250
v -0.00480021 -0.00588606 -0.01261544
v 0.04476855 -0.00102103 -0.00791573
v -0.00473973 -0.00457157 -0.01331574
v 0.04333385 0.00004712 -0.00822073
v -0.00344516 -0.00660369 -0.01187000
v 0.04934983 0.00085267 -0.00358572
v -0.00237924 -0.00677689 -0.01105107
v 0.05069530 0.00055967 -0.00370723
v 0.05035240 0.00004429 -0.00325734
v 0.05054355 -0.00151623 -0.00398315
v -0.00361328 -0.00102259 -0.01420208
v -0.00949361 -0.00278158 -0.01404853
v 0.09620234 0.00355861 -0.00816867
v -0.00411675 -0.00774066 -0.01111629
v 0.04574975 0.00087818 -0.00761223
v -0.01321783 -0.00634496 -0.01082561
v -0.01220766 -0.00788973 -0.00993467
v 0.04765337 -0.00135230 -0.00796118
v -0.08896599 0.01090200 0.00695281
v 0.05327691 0.00075823 -0.00362647
v 0.05177654 0.00029804 -0.00361697
v 0.05264014 -0.00032244 -0.00332464
v -0.08777346 0.01117011 0.00713898
v 0.04857951 0.00114082 -0.00746216
v -0.09031732 0.01067734 0.00569127
v 0.04906164 -0.00098772 -0.00810707
v 0.04653009 -0.00017881 -0.00831920
v 0.05529787 0.00003347 -0.00324778
v -0.09083783 0.01116761 0.00518278
v 0.05350307 -0.00068610 -0.00336659
v 0.05419129 -0.00161715 -0.00418254
v 0.05588738 -0.00106449 -0.00386639
v -0.08932535 0.01072141 0.00641146
v 0.05000290 0.00080290 -0.00777121
v 0.05123342 -0.00149759 -0.00804967
v 0.05602279 0.00094193 -0.00363684
v -0.08866569 0.01028665 0.00586978
v -0.08466843 0.00507953 0.00383177
v 0.05220304 0.00112356 -0.00748367
v -0.08940093 0.01018793 0.00575778
v 0.05333269 -0.00120234 -0.00811125
v -0.08466943 0.00579674 0.00420783
v 0.05169382 -0.00006751 -0.00853903
v -0.08482137 0.00648914 0.00441910
v 0.05746286 -0.00147520 -0.00425853
v -0.08504042 0.00734304 0.00465861
v 0.05772451 0.00068397 -0.00373128
v 0.05781033 0.00137817 -0.00455480
v 0.05519639 0.00114239 -0.00776771
v 0.05394966 0.00079405 -0.00784808
v 0.05453881 -0.00051948 -0.00852330
v 0.05989826 -0.00133880 -0.00427932
v -0.08544844 0.00852669 0.00486073
v 0.05530941 -0.00161741 -0.00810920
v -0.08895724 0.00878122 0.00526883
v 0.06134379 0.00054330 -0.00387075
v -0.09053675 0.01058542 0.00076509
v 0.05929763 0.00031893 -0.00381116
v -0.09046792 0.01022974 0.00194227
v -0.08835445 0.00903705 0.00536601
v 0.05561206 0.00056832 -0.00842699
v 0.06079833 -0.00109020 -0.00413550
v 0.05765655 -0.00180280 -0.00817580
v -0.09109282 0.01155655 0.00118467
v -0.09102363 0.01146935 0.00244589
v -0.08593312 0.00980649 0.00505607
v -0.08676891 0.01101177 0.00601314
v 0.05754834 0.00126931 -0.00768249
v -0.08613624 0.01117386 0.00578551
v 0.05784239 -0.00038373 -0.00886557
v 0.05676476 0.00011884 -0.00867149
v 0.06220480 -0.00051450 -0.00378046
v -0.08955738 0.00929807 0.00513041
v 0.05736488 -0.00128202 -0.00837476
v 0.05895239 -0.00167673 -0.00823363
v 0.06359681 0.00011900 -0.00391594
v 0.06532021 0.00034283 -0.00395226
v 0.06465953 -0.00106040 -0.00397818
v -0.08556579 0.01119765 0.00532080
v 0.06464288 -0.00187673 -0.00511222
v -0.09000923 0.01005736 0.00521459
v 0.06216772 -0.00177096 -0.00826605
v 0.05971080 -0.00027279 -0.00888753
v 0.06738949 -0.00013455 -0.00386182
v 0.06598944 -0.00064657 -0.00379969
v 0.06748647 -0.00134377 -0.00439388
v 0.06664009 -0.00192524 -0.00514864
v -0.09012201 0.00994406 0.00468283
v -0.08956421 0.00817038 0.00508348
v -0.09086563 0.01109447 0.00433431
v 0.06089729 0.00115009 -0.00777296
v 0.06555048 -0.00198159 -0.00572070
v 0.06319313 0.00120515 -0.00768681
v -0.09203487 0.01157264 0.00395380
v 0.06289346 -0.00084009 -0.00883775
v 0.06363456 -0.00171661 -0.00827842
v -0.08507421 0.01219394 0.00618255
v 0.06087543 0.00006054 -0.00873589
v 0.06919837 -0.00089944 -0.00445370
v 0.06814902 0.00015668 -0.00427568
v 0.06988066 0.00039298 -0.00483103
v -0.08562076 0.01198926 0.00676441
v 0.06894408 -0.00183579 -0.00529388
v -0.09026849 0.00937200 0.00373229
v -0.09037162 0.01021663 0.00383029
v -0.01768059 -0.00814361 -0.00600540
v 0.06367068 0.00061077 -0.00861365
v -0.09034616 0.00857042 0.00347657
v 0.06501091 -0.00122181 -0.00897356
v -0.09032198 0.00791010 0.00375156
v 0.07056747 -0.00046174 -0.00437468
v -0.08819593 0.00730977 0.00541736
v 0.07133484 -0.00156851 -0.00528266
v 0.06776998 0.00106637 -0.00628872
v -0.08625123 0.01119922 -0.00498804
v -0.08477577 0.01027710 -0.00319339
v -0.08544114 0.01140918 -0.00411585
v 0.06577965 0.00045048 -0.00879134
v -0.08762300 0.00636348 0.00503428
v -0.08460754 0.01155646 -0.00358438
v 0.06707295 -0.00122189 -0.00908419
v -0.08379129 0.01161486 -0.00267823
v -0.08334954 0.01202330 -0.00193223
v 0.07374524 -0.00007153 -0.00437842
v 0.07162756 0.00060049 -0.00488658
v 0.07075762 0.00076848 -0.00544521
v 0.07196932 -0.00030282 -0.00448732
v -0.08176691 0.01358234 0.00072091
v 0.06870548 0.00106670 -0.00794395
v 0.06762838 0.00079850 -0.00877782
v 0.06863169 -0.00026925 -0.00938582
v 0.06948756 -0.00130680 -0.00908627
v 0.07579275 -0.00047590 -0.00429938
v 0.07497806 0.00057364 -0.00484706
v -0.08935554 0.00710132 0.00512324
v -0.08904758 0.00650109 0.00487965
v 0.07452616 -0.00142288 -0.00525906
v -0.08816047 0.00549277 0.00414927
v -0.08865678 0.00600739 0.00457628
v -0.08982405 0.00648639 0.00370977
v 0.06994962 0.00021442 -0.00924061
v 0.07083535 -0.00102201 -0.00925133
v -0.09012053 0.00713181 0.00406650
v -0.08937536 0.00577765 0.00343875
v -0.08868358 0.00487392 0.00283302
v 0.07236561 -0.00184176 -0.00837542
v -0.09069300 -0.01021037 -0.00002576
v -0.09052420 -0.00890896 0.00048029
v -0.09048850 -0.00922122 0.00148444
v -0.08714940 0.00387444 0.00246270
v -0.09068652 -0.00750859 0.00239589
v -0.09077381 -0.00644072 0.00241165
v 0.07803298 0.00079914 -0.00488743
v 0.07865836 -0.00141227 -0.00524480
v -0.08457136 -0.01077281 0.00512362
v 0.07637733 -0.00139324 -0.00519384
v -0.08497895 -0.01112101 0.00560095
v 0.07586076 -0.00149201 -0.00571598
v -0.08545794 -0.00970683 0.00579783
v 0.07186045 0.00069135 -0.00893804
v -0.08548202 -0.01036468 0.00555304
v 0.07126358 -0.00002834 -0.00956217
v -0.09018556 -0.00493597 0.00367755
v -0.00177492 -0.00686317 -0.00973445
v 0.07225427 -0.00137960 -0.00923759
v -0.00154370 -0.00565719 -0.01016402
v -0.08594148 -0.00916397 0.00590926
v -0.08768455 -0.00426942 0.00554760
v -0.09201879 0.01184873 0.00198028
v -0.09339578 0.01147126 0.00051044
v 0.07836658 0.00010563 -0.00436306
v -0.08671794 -0.00587674 0.00638753
v -0.08351004 -0.01183166 0.00565199
v -0.09403420 0.01098664 -0.00040849
v -0.08432775 -0.01134256 0.00609098
v 0.07819143 -0.00088833 -0.00441696
v -0.09484973 0.01006873 -0.00165559
v -0.08567857 -0.00844683 0.00622968
v -0.08621347 -0.00690939 0.00661050
v -0.08584931 -0.00765057 0.00651128
v -0.00053605 -0.00316224 -0.00568437
v 0.07498762 -0.00005229 -0.00981213
v 0.07269343 -0.00036193 -0.00969682
v -0.09569256 0.00889379 -0.00267721
v 0.07569450 -0.00179629 -0.00945028
v 0.08056848 -0.00014445 -0.00434916
v 0.08011422 0.00081536 -0.00492240
v -0.00025430 -0.00206511 -0.00578822
v -0.00027955 -0.00131448 -0.00628288
v 0.07965817 -0.00144209 -0.00576013
v -0.00052051 0.00002346 -0.00643799
v -0.08971976 0.00491924 -0.00017453
v 0.07632426 -0.00049452 -0.01024718
v 0.08265946 0.00040232 -0.00433889
v 0.08332351 -0.00067706 -0.00439964
v -0.00046793 0.00076639 -0.00590647
v 0.08193858 0.00096874 -0.00493607
v 0.08031805 0.00091932 -0.00639272
v -0.00208132 -0.00906129 -0.00735016
v -0.01088436 -0.00720040 -0.01127752
v 0.07943686 -0.00196348 -0.00905194
v 0.07994505 -0.00197396 -0.00955618
v 0.07848335 0.00001896 -0.01000591
v 0.07710258 -0.00010943 -0.00998437
v 0.07853763 -0.00118250 -0.01025922
v 0.07773933 -0.00155160 -0.01014303
v -0.01071398 -0.00858724 0.00442019
v 0.08558548 -0.00001913 -0.00452439
v 0.08464449 0.00113512 -0.00490165
v 0.08451419 0.00047669 -0.00437095
v 0.08456849 -0.00044348 -0.00442622
v 0.08515936 -0.00104535 -0.00525816
v -0.01037113 0.00271070 -0.01385457
v 0.08436256 -0.00130255 -0.00582832
v 0.08228026 0.00103800 -0.00636519
v 0.08055826 0.00048594 -0.00860193
v 0.07966106 -0.00071417 -0.01065920
v 0.08100853 -0.00043662 -0.01075517
v 0.08084455 -0.00221012 -0.01046473
v 0.07983962 -0.00174497 -0.01054772
v 0.08693880 0.00063010 -0.00509753
v 0.08636778 0.00050780 -0.00462098
v 0.08604589 0.00096497 -0.00500993
v 0.08755586 0.00078905 -0.00458939
v 0.08706910 -0.00064871 -0.00524530
v -0.08748405 -0.00174633 -0.00004400
v 0.08554873 0.00085564 -0.00567538
v 0.08251622 0.00068749 -0.00856781
v 0.08359791 -0.00183758 -0.00911162
v 0.08147483 -0.00010440 -0.01026264
v 0.08128098 -0.00090837 -0.01096981
v 0.08216713 -0.00207580 -0.01076926
v 0.08130857 -0.00144340 -0.01104854
v 0.08859378 0.00213065 -0.00468031
v 0.08765759 0.00173075 -0.00490746
v 0.08871881 0.00046204 -0.00468022
v 0.08731931 0.00137990 -0.00580576
v -0.08733921 -0.00205490 -0.00046604
v 0.08741187 0.00035527 -0.00505224
v -0.01023295 0.00466813 -0.01310831
v -0.01042285 0.00554528 -0.01261735
v -0.02464507 -0.00579206 -0.00918527
v 0.08946240 0.00041020 -0.00505361
v 0.08845682 -0.00020659 -0.00515276
v -0.01899393 -0.00401614 0.00625018
v -0.01592226 0.00300718 0.00616696
v -0.01913358 -0.00275332 0.00647071
v 0.08741943 -0.00116203 -0.00680544
v 0.08267235 0.00010909 -0.01027183
v 0.08544391 -0.00197540 -0.00928437
v 0.08619066 -0.00238082 -0.00955166
v -0.01619242 0.00384290 0.00597090
v 0.08264354 -0.00126155 -0.01124615
v 0.08382113 -0.00076165 -0.01096025
v 0.08411457 -0.00209873 -0.01073176
v 0.08326022 -0.00198727 -0.01061807
v 0.08955143 0.00232505 -0.00471818
v 0.08949205 0.00246305 -0.00566807
v 0.08897179 0.00245090 -0.00517220
v 0.08852317 0.00216677 -0.00578686
v 0.08985703 0.00005777 -0.00573138
v -0.01111537 -0.00328286 0.00831314
v 0.09057206 0.00025278 -0.00602271
v 0.08785230 0.00125470 -0.00719707
v 0.08681860 0.00107404 -0.00850020
v 0.08825686 -0.00161805 -0.00821537
v 0.08766520 -0.00192160 -0.00923869
v 0.08761506 -0.00260974 -0.00982525
v 0.08443628 0.00057621 -0.01002225
v 0.08574257 -0.00013995 -0.01061032
v 0.08683804 -0.00006945 -0.01046240
v 0.08538883 -0.00102838 -0.01099821
v 0.08505709 -0.00049075 -0.01087036
v -0.00989704 -0.00010736 0.00890764
v 0.08748238 -0.00314727 -0.01081511
v 0.08684845 -0.00288589 -0.01021596
v 0.08629573 -0.00285531 -0.01064596
v 0.09328057 0.00258483 -0.00438130
v 0.09219698 0.00226383 -0.00439363
v 0.09221742 0.00101497 -0.00538752
v 0.09336039 0.00130454 -0.00510705
v -0.09410357 0.00775324 -0.00636816
v 0.09153593 0.00061278 -0.00577271
v 0.09024828 -0.00056100 -0.00783085
v 0.08816347 0.00049773 -0.01000272
v 0.08817061 -0.00083937 -0.01067498
v 0.08881649 -0.00153018 -0.00963815
v 0.08837241 -0.00188346 -0.01007012
v 0.08817233 -0.00238684 -0.01045367
v 0.08742929 0.00046358 -0.00997158
v 0.08757478 -0.00092927 -0.01119660
v 0.08789905 -0.00152684 -0.01142938
v 0.08696682 -0.00129553 -0.01142963
v 0.08776532 -0.00243058 -0.01132772
v 0.08725733 -0.00243948 -0.01155117
v 0.09361697 0.00299918 -0.00467390
v 0.09239374 0.00294042 -0.00466153
v 0.09493405 0.00182659 -0.00484542
v 0.09358899 0.00346871 -0.00550191
v 0.09229031 0.00318067 -0.00613412
v -0.08790606 0.00329325 -0.00233329
v 0.09041528 0.00214614 -0.00836977
v 0.09194122 0.00000196 -0.00758818
v 0.08945743 0.00126743 -0.00938084
v 0.09074284 -0.00062294 -0.01030876
v 0.08889987 0.00076581 -0.01051330
v 0.08939364 0.00068337 -0.01107877
v 0.08896779 -0.00046083 -0.01070685
v 0.09004068 -0.00006648 -0.01120644
v 0.09542142 0.00307480 -0.00471566
v 0.09500368 0.00347540 -0.00500872
v 0.09531577 0.00369731 -0.00555397
v 0.09612814 0.00209218 -0.00500693
v 0.09577326 0.00165799 -0.00539382
v 0.09607006 0.00145360 -0.00599785
v 0.09409881 0.00354813 -0.00625219
v 0.09136803 0.00246762 -0.00938681
v 0.09093286 0.00189693 -0.01088480
v -0.01258263 -0.00897967 0.00264104
v 0.09170631 -0.00018599 -0.01134791
v 0.09105142 0.00012735 -0.01149173
v -0.01851675 -0.00648339 0.00412356
v -0.01816257 -0.00509124 0.00552507
v -0.08959485 0.00457611 -0.00208150
v -0.08996445 0.00522347 -0.00197482
v -0.08889010 0.00378077 -0.00156733
v 0.09611700 0.00376154 -0.00599219
v 0.09662310 0.00376251 -0.00659907
v 0.09694197 0.00140515 -0.00647331
v 0.09743403 0.00124674 -0.00707227
v 0.09624732 0.00081302 -0.00766399
v -0.09021512 0.00587526 -0.00168185
v -0.09038323 0.00650173 -0.00148965
v 0.09248407 0.00205883 -0.01105826
v 0.09199716 0.00170797 -0.01157689
v -0.09465103 0.00941712 -0.00359806
v -0.09375267 0.01051590 -0.00263822
v 0.09185813 0.00122403 -0.01182661
v 0.09214440 0.00063752 -0.01182153
v 0.09302109 0.00092377 -0.01181235
v -0.09049063 0.00939638 -0.00035250
v -0.09189137 0.01178522 0.00046012
v -0.08604774 0.00330469 0.00169964
v -0.08529015 0.00349059 0.00180364
v -0.08524623 0.00438475 0.00356220
v -0.08473564 0.00438266 0.00313575
v -0.08714093 0.00314904 -0.00179957
v -0.09234232 -0.01032679 -0.00360300
v 0.09400364 0.00006102 -0.01138021
v 0.09795661 0.00322090 -0.00684972
v -0.09052630 -0.01073191 -0.00314318
v -0.09158426 -0.01091775 -0.00222685
v 0.09835692 0.00154215 -0.00718479
v 0.09728152 0.00361725 -0.00715659
v -0.09006919 0.00630770 -0.00307925
v 0.09789552 0.00120058 -0.00775840
v -0.09060787 -0.01061303 -0.00131473
v -0.09035235 -0.00999447 -0.00110308
v -0.09027397 -0.00934491 -0.00090730
v -0.09006903 -0.00998913 -0.00202645
v -0.09044848 -0.00871545 -0.00075037
v -0.09060104 -0.00781814 -0.00064158
v -0.09069874 -0.00712732 -0.00014993
v -0.09073199 -0.00662249 0.00046441
v 0.09388673 0.00238962 -0.01096428
v -0.09047523 -0.00571379 -0.00002666
v -0.09065624 -0.00584730 0.00091306
v 0.09463505 0.00110750 -0.01180489
v -0.09018087 -0.00464703 0.00148286
v -0.00206939 -0.00783441 -0.00922876
v 0.09857452 0.00133206 -0.00821660
v -0.00165958 -0.00762670 -0.00855871
v -0.00143620 -0.00738536 -0.00815939
v 0.09730189 0.00087744 -0.00854672
v 0.09645411 0.00054987 -0.00973619
v -0.00034737 -0.00297647 -0.00475223
v 0.09499033 0.00021048 -0.01128203
v -0.01225008 0.00474390 -0.01249586
v 0.09785534 0.00335239 -0.00773561
v 0.09850099 0.00293343 -0.00796215
v 0.09800827 0.00324030 -0.00866973
v 0.09748200 0.00324147 -0.00922688
v 0.09697665 0.00311601 -0.00978298
v 0.09810662 0.00287728 -0.00978416
v -0.00946499 0.01038761 -0.00682699
v 0.09642049 0.00298683 -0.01015822
v 0.09620474 0.00262226 -0.01094782
v 0.09509244 0.00252216 -0.01096176
v 0.09606660 0.00115512 -0.01184244
v -0.08859003 0.00461777 -0.00365792
v 0.09560770 0.00173218 -0.01182940
v 0.09783808 0.00065376 -0.01022625
v 0.09663568 0.00049416 -0.01127435
v 0.09743372 0.00060555 -0.01076390
v 0.09636525 0.00050797 -0.01175692
v 0.09753244 0.00220020 -0.01111616
v 0.09684964 0.00188631 -0.01173466
v 0.09722611 0.00107843 -0.01183367
v -0.01492436 0.00379119 -0.01154230
v -0.01380080 0.00839550 -0.00798689
v -0.02005341 -0.00565530 0.00515828
v -0.01423372 -0.00681153 -0.00971483
v -0.08901386 0.00434189 -0.00321985
v -0.01263062 -0.00816357 -0.00928481
v -0.01526821 -0.00557153 -0.01018135
v -0.01616068 -0.00450747 -0.01045551
v -0.08858457 0.00376117 -0.00283273
v -0.08956017 -0.00942758 0.00817516
v -0.08858047 -0.00953038 0.00843701
v -0.09016850 -0.00944993 0.00786767
v -0.09125443 -0.01007486 0.00608873
v -0.08917065 0.00412854 -0.00251485
v -0.09030804 -0.00966180 0.00713434
v -0.09228573 -0.01051263 0.00501729
v -0.09179485 -0.01014497 0.00578144
v -0.00356624 -0.01064675 -0.00148555
v -0.09026021 0.00740441 -0.00261436
v -0.08628766 -0.00179651 0.00274825
v -0.08590954 -0.00207927 0.00308854
v -0.08686107 -0.00155822 0.00186393
v -0.08746741 -0.00146702 0.00185839
v -0.08616195 -0.00184843 0.00181522
v -0.09347011 0.01137929 0.00247657
v -0.09415876 0.01103829 0.00160656
v -0.09504580 0.01033777 0.00041075
v -0.09691449 0.00739588 -0.00230878
v -0.08830545 -0.00269802 -0.00039145
v -0.09030335 0.00841642 -0.00221730
v -0.01713480 -0.00607218 0.00461649
v -0.01594884 -0.00572026 0.00515767
v -0.08520737 -0.00268313 0.00131050
v -0.01661310 -0.00462922 0.00590381
v -0.08388265 -0.00670243 0.00149310
v -0.01536214 -0.00424133 0.00634948
v -0.08576797 -0.00209074 0.00098395
v -0.08439692 -0.00502038 -0.00010724
v -0.08636477 -0.00210617 -0.00034992
v -0.09425081 0.00902800 -0.00474956
v -0.08411870 -0.00632855 -0.00020819
v -0.09351370 0.00952587 -0.00476475
v -0.08390032 -0.00770437 -0.00021095
v -0.09295140 0.00940256 -0.00542128
v -0.08383313 -0.00934938 -0.00002454
v -0.09265281 0.01045751 -0.00381452
v -0.08442343 -0.00813298 -0.00151104
v -0.09039598 0.00948610 -0.00172738
v -0.08448200 -0.00988938 -0.00135814
v -0.08442363 -0.01227963 -0.00296220
v -0.08282360 -0.01289213 -0.00167158
v -0.08724512 -0.00268422 -0.00116660
v -0.08775431 -0.00368756 -0.00191426
v -0.08772141 -0.00500721 -0.00259432
v -0.08811048 -0.00459927 -0.00240258
v -0.09099667 0.01083536 -0.00170070
v -0.08785743 -0.00575180 -0.00267431
v -0.08744459 -0.00630140 -0.00263807
v -0.08744046 -0.00727810 -0.00257930
v -0.09158394 0.01104480 -0.00219936
v -0.08566367 -0.00858453 -0.00216562
v -0.09061378 0.01026911 -0.00187732
v -0.08545766 -0.01012631 -0.00189891
v -0.08447143 -0.01230834 -0.00214844
v -0.09076131 0.01079909 -0.00057124
v -0.09167393 0.01138948 -0.00113096
v -0.08411660 0.00547927 0.00240671
v -0.08429388 0.00485624 0.00178008
v -0.08437531 0.00470554 0.00270930
v -0.08467283 0.00404406 0.00138782
v -0.08508053 0.00367014 0.00058565
v -0.08548027 0.00340001 0.00003360
v -0.08596698 0.00326368 -0.00052747
v -0.08647611 0.00313857 -0.00101981
f 5208 4083 4541
f 5244 5156 5158
f 1 226 4098
f 4087 4086 1333
f 1333 1312 4774
f 1312 4092 4774
f 4593 4083 1817
f 4536 4089 4099
f 5304 5179 4090
f 5176 5175 1480
f 1809 4587 4089
f 4123 4096 1807
f 1312 1307 4092
f 30 5221 5227
f 4108 66 150
f 9 5224 5226
f 5200 27 7
f 5226 5224 32
f 5203 4100 4101
f 39 4101 5212
f 5186 66 5182
f 5203 37 5185
f 226 5228 1234
f 4105 4097 1802
f 5171 266 5153
f 1802 4119 4528
f 4100 4094 4101
f 1704 1706 4097
f 4578 4113 1710
f 1965 4527 4529
f 4125 4120 1804
f 4125 1804 4113
f 1807 1901 4123
f 1895 4121 4124
f 188 75 175
f 1807 1808 1901
f 188 77 75
f 188 76 77
f 1901 1808 1905
f 1815 1911 1905
f 1808 1815 1905
f 4455 229 5128
f 4107 4103 39
f 1816 1911 1815
f 1922 1911 1816
f 5109 4110 277
f 4126 1850 1953
f 1953 1922 4126
f 69 175 83
f 175 75 83
f 71 69 83
f 83 86 71
f 87 75 77
f 83 75 87
f 89 83 87
f 86 83 89
f 73 71 86
f 86 91 73
f 182 73 84
f 73 91 84
f 1855 1938 1847
f 91 86 89
f 89 92 91
f 84 91 92
f 92 88 84
f 4111 4110 5109
f 4112 4111 338
f 96 87 95
f 89 87 96
f 397 4131 5051
f 338 371 5061
f 263 246 265
f 322 321 5089
f 92 89 96
f 96 101 92
f 93 92 101
f 88 92 93
f 232 5145 4773
f 5153 266 5152
f 93 101 103
f 103 97 93
f 4127 1847 1938
f 4116 4114 322
f 5067 5069 329
f 322 265 321
f 5089 5066 339
f 1938 1941 4127
f 1855 1954 1938
f 4129 1725 1949
f 4519 4128 1941
f 4518 4129 1949
f 1871 1870 1958
f 5076 392 384
f 5069 352 379
f 1871 1958 1970
f 5051 416 5052
f 5086 5104 341
f 1875 1959 1958
f 4816 944 914
f 982 4783 4801
f 5028 4133 4586
f 1870 1875 1958
f 4592 4355 1752
f 2202 2054 4280
f 4134 1878 2018
f 4952 4949 2223
f 229 4455 5143
f 2018 1959 4134
f 986 4417 4418
f 1347 1044 4137
f 3523 3586 3711
f 1867 1795 4764
f 3586 3600 3698
f 3600 3726 3698
f 1957 1867 4764
f 1799 1859 1795
f 4455 515 5142
f 1860 1961 1859
f 1799 1860 1859
f 3586 3698 3711
f 1879 1860 1799
f 1881 1916 1991
f 1991 1963 1881
f 1881 1963 1971
f 4761 171 4753
f 1881 1971 1892
f 304 174 173
f 174 175 173
f 4138 1892 1971
f 173 177 311
f 4138 1971 5231
f 311 178 312
f 177 178 311
f 175 69 173
f 69 177 173
f 4139 1894 1988
f 177 69 71
f 71 178 177
f 178 180 316
f 316 312 178
f 180 181 317
f 317 316 180
f 180 71 73
f 178 71 180
f 1988 1993 4139
f 73 181 180
f 73 182 181
f 4397 4140 1993
f 183 171 320
f 1999 1897 4140
f 183 320 4754
f 4754 186 183
f 1902 1897 1999
f 4753 174 4761
f 4753 188 174
f 1902 1999 2005
f 188 175 174
f 1902 2005 1910
f 186 76 183
f 76 188 4753
f 1910 2005 2009
f 4762 2009 2021
f 2021 1913 4762
f 1913 2021 2025
f 186 185 190
f 3452 3523 3524
f 1932 1913 2025
f 1932 2025 2027
f 3523 3654 3524
f 3528 3525 3524
f 3528 3524 3658
f 3523 3711 3654
f 3525 3528 3532
f 2027 1933 1932
f 3436 3525 3532
f 3525 3452 3524
f 2032 1939 2027
f 2027 1939 1933
f 3524 3654 3658
f 2884 3031 5106
f 3441 3436 3532
f 1939 2041 1940
f 3532 3533 3441
f 3533 3552 3441
f 2032 2041 1939
f 1954 1940 2041
f 1954 2041 2036
f 3441 3552 3449
f 2694 2742 2745
f 3616 3739 3726
f 3616 3726 3600
f 3031 3028 3133
f 3133 2883 3031
f 2880 3026 2884
f 3596 3739 3616
f 3552 3558 3449
f 2745 2610 2694
f 3449 3558 3400
f 3526 3400 3558
f 3526 3558 3565
f 2888 3025 2880
f 2747 2611 2745
f 2880 3025 3026
f 2745 2611 2610
f 3565 3575 3527
f 3527 3526 3565
f 3025 3024 3026
f 2610 2611 2483
f 2747 2749 2611
f 3575 3530 3527
f 2611 2749 2613
f 2884 3026 3031
f 2483 2611 2613
f 3026 3022 3031
f 2749 2751 2613
f 3526 3527 3403
f 3527 3530 3531
f 4625 2613 2485
f 2485 2613 2751
f 3403 3527 3531
f 3022 3162 3031
f 2485 2751 2288
f 2773 2619 2485
f 2625 2793 2627
f 2631 2627 2793
f 3531 3536 3403
f 2631 2793 2797
f 2774 2619 2773
f 4755 2774 2776
f 2776 2620 4755
f 2778 2625 2776
f 2776 2625 2620
f 2778 2793 2625
f 2797 2802 2631
f 2631 2802 2632
f 2802 2806 2632
f 295 296 437
f 2632 2806 2634
f 438 298 434
f 428 302 438
f 438 302 298
f 302 171 4761
f 2636 2634 2806
f 2806 2815 2636
f 2638 2636 2815
f 295 298 304
f 295 434 298
f 2815 2821 2638
f 304 296 295
f 304 173 296
f 4761 298 302
f 4141 2821 4781
f 2822 2640 4141
f 4142 2822 2831
f 308 310 417
f 2831 2649 4142
f 437 311 308
f 437 296 311
f 2659 2649 2831
f 312 308 311
f 310 308 312
f 310 313 420
f 420 417 310
f 2831 2832 2659
f 315 420 313
f 313 310 312
f 312 316 313
f 317 313 316
f 315 313 317
f 296 173 311
f 4752 2832 2826
f 4752 2826 2648
f 2901 2960 3131
f 3131 3099 2901
f 2902 2901 3099
f 3099 3102 2902
f 2963 2902 3102
f 320 302 4147
f 4147 289 320
f 3102 3057 2963
f 171 302 320
f 2853 2857 2929
f 320 289 4148
f 4148 185 320
f 2857 2853 2860
f 2853 2863 2860
f 185 291 4323
f 227 190 185
f 3162 3028 3031
f 2860 2863 2868
f 3024 3160 3026
f 2863 2872 2868
f 4143 2872 2931
f 514 374 461
f 2931 3016 4143
f 2931 3114 3016
f 456 461 334
f 461 374 334
f 2931 2935 3114
f 4747 2944 3133
f 532 534 679
f 3133 3114 4747
f 456 334 337
f 337 532 456
f 532 337 534
f 2888 2880 2890
f 679 535 682
f 534 535 679
f 682 537 684
f 535 537 682
f 2880 2884 2885
f 2890 2880 2885
f 2743 2890 2885
f 2982 4144 5106
f 537 539 690
f 690 684 537
f 539 540 692
f 692 690 539
f 2883 3133 2953
f 2953 3133 2944
f 540 539 424
f 2982 2883 2953
f 4144 2731 2885
f 542 692 540
f 5142 515 232
f 2743 2885 2731
f 424 542 540
f 424 533 542
f 2890 2893 2888
f 536 542 533
f 4146 3135 3362
f 4146 3362 3356
f 489 378 453
f 3135 3271 3362
f 489 357 378
f 3027 3030 3136
f 489 503 357
f 3136 3135 3027
f 4745 3136 3138
f 503 505 359
f 357 503 359
f 3138 3271 4745
f 5262 3138 3274
f 505 363 359
f 505 506 363
f 3137 3136 3030
f 367 363 4149
f 4149 508 367
f 344 367 508
f 508 459 4387
f 3137 3139 3136
f 556 558 514
f 3136 3139 3138
f 3010 3150 3139
f 556 453 527
f 527 558 556
f 3010 3139 3137
f 3274 3138 3139
f 514 558 374
f 3139 3140 3274
f 5266 3140 3141
f 3150 3153 3139
f 3139 3153 3140
f 3153 3158 3140
f 3140 3158 3141
f 865 719 4743
f 865 723 719
f 3283 3148 3146
f 3148 3283 3296
f 3296 3149 3148
f 3160 3022 3026
f 3133 3018 3114
f 3297 3151 3296
f 3296 3151 3149
f 882 973 4151
f 3667 3531 3530
f 3531 3667 3544
f 3297 3155 3151
f 3028 3018 3133
f 969 814 971
f 814 1138 986
f 3393 3190 3210
f 4152 882 4151
f 882 879 973
f 3195 3393 3390
f 3226 3195 3390
f 3531 3544 3536
f 3226 3390 3146
f 3016 3114 3018
f 3190 3393 3195
f 3423 3536 3544
f 4744 3220 3375
f 4744 3375 3522
f 3423 3544 3553
f 3210 3386 3393
f 3162 3154 5094
f 5094 3028 3162
f 3007 3226 3146
f 3016 3018 4364
f 3146 3148 3007
f 3008 3007 3148
f 3148 3149 3008
f 3553 3562 3423
f 3149 3151 3008
f 3008 3151 3012
f 3423 3562 3427
f 4364 3015 3016
f 3678 3562 3553
f 3562 3570 3427
f 3427 3570 3432
f 2868 3016 3013
f 3678 3570 3562
f 382 724 5057
f 3151 3155 3156
f 3012 3151 3156
f 3012 3156 3017
f 3278 3157 3156
f 3155 3278 3156
f 3017 3156 3157
f 3159 3017 3157
f 972 791 916
f 916 859 972
f 3157 3161 3159
f 922 916 794
f 916 791 794
f 3159 3161 3163
f 3284 3163 3161
f 3163 3284 3372
f 860 922 798
f 922 794 798
f 4158 642 5005
f 860 798 941
f 5251 1132 912
f 5057 724 5076
f 1132 1133 4575
f 4164 783 804
f 5076 908 5075
f 3023 3163 3372
f 3449 3400 3401
f 4163 907 925
f 783 4164 4734
f 4734 4165 783
f 4165 787 783
f 3401 3466 3449
f 3526 3402 3401
f 787 4166 4167
f 809 4167 4168
f 3400 3526 3401
f 809 4168 4169
f 3526 3403 3402
f 810 4169 4170
f 3405 3401 3402
f 4240 4239 655
f 3402 3403 3406
f 935 941 4173
f 4173 4159 853
f 3406 3405 3402
f 1143 4562 4565
f 1001 4171 4174
f 4172 4175 1059
f 1199 1025 1239
f 3536 3406 3403
f 3407 3405 3406
f 1199 1027 1025
f 1199 1205 1027
f 3406 3536 3423
f 1214 1032 1209
f 1215 1029 1214
f 3406 3423 3407
f 3407 3423 3427
f 3427 3408 3407
f 1214 1029 1032
f 3282 3408 3427
f 1219 1041 1222
f 3282 3427 3432
f 3432 3483 3282
f 3644 3483 3432
f 3483 3644 3645
f 3645 3487 3483
f 3514 3587 3516
f 1225 1222 1034
f 1222 1041 1034
f 1225 1034 1036
f 1036 1228 1225
f 3519 3516 3587
f 3519 3587 3593
f 1219 1209 1038
f 1209 1032 1038
f 1219 1038 1041
f 3584 3489 3645
f 3645 3489 3487
f 3585 3514 3584
f 1236 1046 1215
f 3584 3514 3489
f 1239 1100 1236
f 3585 3587 3514
f 1100 1046 1236
f 162 61 138
f 1046 1029 1215
f 162 138 167
f 1025 1100 1239
f 68 61 159
f 1228 1110 1482
f 159 61 162
f 1482 1336 1484
f 1110 1336 1482
f 1228 1036 1110
f 161 68 159
f 108 115 78
f 15 12 216
f 1484 1338 1487
f 1336 1338 1484
f 1338 1339 1489
f 1489 1487 1338
f 216 12 272
f 216 272 209
f 1339 1338 1150
f 209 272 270
f 1101 209 270
f 1343 1489 1339
f 3 270 272
f 270 267 1101
f 1306 1343 1150
f 1343 1339 1150
f 270 3 2
f 1308 1343 1306
f 1348 1343 1308
f 2 267 270
f 267 2 113
f 1310 1348 1308
f 113 262 267
f 262 113 114
f 4177 1328 1495
f 1317 4176 4178
f 1193 262 114
f 1347 1328 1044
f 4179 1495 1328
f 1495 4180 4181
f 1501 1508 4183
f 114 118 1193
f 1193 118 74
f 72 74 118
f 118 121 72
f 4181 1497 1495
f 1508 1509 4185
f 4183 1503 1497
f 1509 1353 5277
f 65 72 121
f 121 123 65
f 65 123 126
f 65 126 55
f 1378 1386 1231
f 1386 1224 1231
f 1378 1233 1384
f 1231 1233 1378
f 130 53 126
f 1384 1241 1390
f 1233 1241 1384
f 126 53 55
f 53 164 51
f 1392 1241 1247
f 1392 1390 1241
f 130 164 53
f 51 164 172
f 1392 1250 1397
f 1247 1250 1392
f 48 51 172
f 1401 1250 1254
f 48 172 179
f 1397 1250 1401
f 1401 1255 1405
f 1254 1255 1401
f 1255 1202 1372
f 1372 1405 1255
f 4190 4189 1501
f 115 48 179
f 1086 5284 5285
f 4188 4187 1261
f 179 78 115
f 364 903 61
f 1501 4189 4191
f 4191 1508 1501
f 4192 1509 1508
f 61 903 138
f 61 68 364
f 14 248 23
f 1202 1270 1410
f 14 23 15
f 1410 1272 1412
f 1270 1272 1410
f 1278 1276 1416
f 248 210 23
f 1272 1278 1423
f 1423 1412 1272
f 12 15 23
f 210 5 12
f 1423 1278 1416
f 23 210 12
f 1428 1299 1438
f 1286 1299 1428
f 3768 3644 3570
f 3016 3015 3013
f 2868 3013 2860
f 12 5 4
f 3645 3644 3768
f 272 12 4
f 3768 3775 3645
f 4 3 272
f 1431 1438 1299
f 387 3 4
f 3 387 388
f 388 2 3
f 2 388 389
f 389 113 2
f 1416 1305 1441
f 1276 1305 1416
f 1441 1286 1428
f 1305 1286 1441
f 390 114 389
f 389 114 113
f 1527 1421 1536
f 391 118 390
f 1536 1380 1530
f 1536 1421 1380
f 390 118 114
f 393 121 391
f 1539 1388 1566
f 391 121 118
f 1391 1388 1539
f 1539 1541 1391
f 1544 1395 1541
f 407 123 393
f 1395 1391 1541
f 393 123 121
f 123 414 126
f 130 126 414
f 130 414 582
f 1549 1552 1398
f 407 414 123
f 164 130 582
f 582 603 164
f 164 703 172
f 1558 1561 1403
f 1561 1404 1403
f 164 603 703
f 179 172 703
f 179 703 920
f 1558 1403 1552
f 1403 1406 1552
f 179 920 926
f 1406 1398 1552
f 78 179 926
f 2510 3796 3001
f 1563 1549 1415
f 2738 3501 3823
f 1563 1420 1527
f 3826 1934 254
f 1563 1415 1420
f 1398 1415 1549
f 1527 1420 1421
f 3290 1934 3826
f 1978 1934 3290
f 1978 3290 3291
f 1566 1426 1561
f 1426 1404 1561
f 1978 3291 3337
f 1388 1426 1566
f 1980 1978 3337
f 3337 3340 1980
f 1530 1432 1602
f 1980 3340 1982
f 1602 1668 1604
f 1432 1668 1602
f 1530 1380 1432
f 3340 3343 1982
f 1982 3343 2031
f 3343 3345 2031
f 1604 1669 1605
f 1668 1669 1604
f 2031 3345 2037
f 1666 1669 1670
f 1666 1605 1669
f 2050 2037 3345
f 3345 3349 2050
f 2050 3349 3355
f 2133 2050 3355
f 2186 2133 3355
f 3355 3357 2186
f 1788 1670 1672
f 1788 1666 1670
f 1672 1674 1783
f 1783 1788 1672
f 2186 3357 3359
f 2248 2186 3359
f 1674 1672 1496
f 2248 3395 2317
f 3359 3395 2248
f 1675 1783 1674
f 2416 2317 3395
f 1642 1675 1496
f 1675 1674 1496
f 2416 3395 3434
f 2904 3454 2917
f 1792 1675 1644
f 1675 1642 1644
f 1792 1644 1800
f 2904 2416 3434
f 3434 3444 2904
f 1717 1563 1685
f 3444 3454 2904
f 1681 1685 1527
f 1685 1563 1527
f 2962 2917 3454
f 1681 1536 1690
f 3454 3456 2962
f 3456 3801 2962
f 1536 1530 1678
f 2962 3801 2983
f 1678 1690 1536
f 1681 1527 1536
f 3823 3744 3746
f 3823 3501 3743
f 3743 3744 3823
f 3290 3826 3708
f 1701 1566 1699
f 1701 1539 1566
f 1541 1539 1701
f 1701 1703 1541
f 1707 1541 1703
f 1544 1541 1707
f 3290 3708 3738
f 3738 3291 3290
f 3737 3291 3738
f 3337 3291 3737
f 1717 1713 1549
f 3337 3737 3736
f 3340 3337 3736
f 1723 1552 1713
f 3736 3735 3340
f 1552 1549 1713
f 1728 1558 1723
f 3735 3734 3340
f 1730 1561 1728
f 3340 3734 3343
f 1561 1558 1728
f 3345 3343 3734
f 1558 1552 1723
f 3734 3732 3345
f 1717 1549 1563
f 3732 3730 3345
f 3345 3730 3349
f 3355 3349 3730
f 1730 1566 1561
f 1730 1699 1566
f 3355 3730 3724
f 3357 3710 3359
f 3359 3710 3727
f 3395 3359 3727
f 1739 1604 1740
f 3395 3727 3701
f 3434 3395 3701
f 1740 1605 1747
f 1604 1605 1740
f 3712 3357 3724
f 3724 3357 3355
f 1743 1747 1666
f 1747 1605 1666
f 1678 1530 1602
f 1602 1739 1678
f 1739 1602 1604
f 3712 3710 3357
f 3444 3434 3697
f 3701 3697 3434
f 3444 3697 3695
f 3444 3695 3454
f 3456 3454 3695
f 3456 3695 3676
f 1788 1743 1666
f 1788 1819 1743
f 3456 3681 3801
f 3676 3681 3456
f 1936 1788 1783
f 1936 1819 1788
f 1835 1717 1834
f 1852 1690 1837
f 3368 3412 3505
f 1840 1837 1678
f 1837 1690 1678
f 1834 1685 1845
f 1852 1845 1681
f 3491 3412 3368
f 1845 1685 1681
f 3491 3368 3366
f 3491 3366 3486
f 1834 1717 1685
f 3486 3366 3365
f 3365 3313 3486
f 1852 1681 1690
f 3486 3313 3426
f 3361 3347 3484
f 3358 3361 3480
f 3480 3361 3484
f 3484 3347 3481
f 1701 1699 1858
f 1858 1862 1701
f 1703 1701 1862
f 1862 1865 1703
f 1872 1703 1865
f 1707 1703 1872
f 3480 3477 3352
f 3480 3352 3358
f 1882 1723 1890
f 1890 1713 1835
f 3477 3464 3348
f 3477 3348 3352
f 1835 1713 1717
f 3346 3348 3463
f 1890 1723 1713
f 3463 3348 3464
f 3341 3346 3459
f 3459 3346 3463
f 1882 1728 1723
f 3339 3341 3457
f 1882 1898 1728
f 3457 3341 3459
f 3336 3339 3455
f 1900 1730 1898
f 1730 1728 1898
f 3455 3339 3457
f 3332 3336 3453
f 3453 3336 3455
f 1699 1730 1900
f 1900 1858 1699
f 3453 3451 3331
f 3331 3332 3453
f 3451 3445 3329
f 3329 3331 3451
f 3445 3442 3327
f 1928 1740 1930
f 3327 3329 3445
f 1840 1678 1928
f 1678 1739 1928
f 3442 3440 3325
f 1928 1739 1740
f 3325 3327 3442
f 1930 1747 1931
f 1740 1747 1930
f 3440 3438 3321
f 3440 3321 3325
f 1906 1931 1743
f 1931 1747 1743
f 3433 3321 3438
f 3433 3319 3321
f 3431 3315 3319
f 1906 1743 1819
f 1819 1912 1906
f 3433 3431 3319
f 3426 3313 3309
f 2071 1912 1936
f 1912 1819 1936
f 3424 3426 3309
f 1973 1877 1981
f 1874 1877 1973
f 3309 3307 3424
f 1877 1985 1981
f 1880 1872 1990
f 1990 1992 1880
f 1883 1880 1992
f 1992 2010 1883
f 4260 1886 4738
f 4260 2013 1886
f 2013 2015 1886
f 2216 1888 4261
f 3424 3307 3422
f 3307 3305 3422
f 4261 2015 2216
f 3422 3305 3420
f 1888 2216 4266
f 3305 3303 3420
f 3420 3303 3417
f 2088 4266 4267
f 3303 3301 3417
f 3417 3301 3415
f 2088 4267 4269
f 4269 1937 2088
f 3413 3415 3301
f 4269 2095 4326
f 3301 3300 3413
f 3413 3300 3295
f 4271 2097 4272
f 3411 3413 3295
f 2095 2093 4272
f 1945 2095 4272
f 3409 3411 3295
f 4948 2103 4274
f 2101 2097 4274
f 4274 2104 4275
f 4272 2101 1945
f 3295 3292 3409
f 1945 2101 4275
f 4275 1947 4320
f 3010 3013 3015
f 2860 3013 3009
f 3711 3689 3847
f 3654 3847 3781
f 3013 3010 3009
f 2860 3009 2857
f 1887 4135 4283
f 1893 4315 4314
f 3654 3781 3658
f 4273 4285 2113
f 2113 2103 4273
f 3237 3179 3057
f 2104 2103 4287
f 3057 3102 3237
f 4286 4278 4289
f 3654 3711 3847
f 3233 3237 3102
f 3102 3099 3233
f 3268 3233 3131
f 3099 3131 3233
f 1873 1874 2042
f 2056 1908 2054
f 2042 1874 1973
f 2042 2038 1869
f 1914 1908 2056
f 1869 1873 2042
f 2056 2064 1914
f 2064 1918 1914
f 1985 1877 1841
f 2038 2033 1868
f 2066 1918 2064
f 2066 1920 1918
f 1868 1869 2038
f 2029 1868 2033
f 2066 1975 1920
f 1975 1923 1920
f 2029 1866 1868
f 1866 2029 2024
f 2117 1984 2124
f 2024 1864 1866
f 2129 1972 2128
f 2016 1856 1864
f 2134 1994 2129
f 2024 2016 1864
f 1994 1972 2129
f 2011 1856 2016
f 2141 2001 2138
f 2128 1998 2141
f 2011 1948 1856
f 2141 1998 2001
f 2092 1948 2011
f 2224 2092 2011
f 2090 2092 2224
f 2117 2138 2003
f 2138 2001 2003
f 2092 2090 2089
f 2117 2003 1984
f 2090 2217 2089
f 4733 1943 2089
f 1972 1998 2128
f 2089 2217 4733
f 1979 2074 1943
f 2153 2157 2051
f 2157 2014 2051
f 2055 1928 1930
f 2019 2014 2157
f 2157 2160 2019
f 1984 1840 1928
f 2160 2163 2019
f 2163 2040 2019
f 2055 1984 1928
f 1979 1977 2074
f 2130 1990 2163
f 1990 2040 2163
f 1977 1974 2071
f 2172 2044 2134
f 2071 2074 1977
f 1631 1775 1632
f 2172 2045 2044
f 1632 1775 1676
f 2172 2177 2045
f 2044 1994 2134
f 1631 1630 1775
f 2177 2183 2045
f 2183 2049 2045
f 1775 1630 1774
f 1773 1774 1630
f 2183 2153 2049
f 2153 2051 2049
f 1773 1630 1628
f 1773 1628 1627
f 1768 1773 1627
f 1627 1625 1768
f 2192 2124 2055
f 2124 1984 2055
f 2192 2055 2188
f 2055 2057 2188
f 1767 1768 1625
f 2188 2058 2194
f 1767 1625 1610
f 2058 2059 2195
f 2195 2194 2058
f 2188 2057 2058
f 1738 1767 1610
f 4201 4200 1624
f 4207 4206 1617
f 1624 4200 4207
f 2196 2195 2061
f 2195 2059 2061
f 1756 1741 4203
f 2118 2196 1974
f 2196 2061 1974
f 4209 1565 1621
f 1741 4305 4205
f 2158 2150 2252
f 1622 1623 4202
f 2252 2151 2254
f 2150 2151 2252
f 2257 2155 2262
f 2125 2155 2257
f 2262 2158 2264
f 2155 2158 2262
f 2264 2158 2252
f 5222 4206 4208
f 5239 1617 5235
f 4208 4306 1756
f 2254 2162 2274
f 2151 2162 2254
f 2274 2167 2275
f 2162 2167 2274
f 2167 2171 2283
f 2283 2275 2167
f 2283 2174 2286
f 1621 1622 4204
f 2171 2174 2283
f 4210 1738 1610
f 5274 4210 1610
f 1570 5276 4314
f 1736 4314 4315
f 1567 1450 5290
f 2891 3006 4361
f 4313 4305 1741
f 2179 2181 2320
f 2320 2291 2179
f 5292 4214 1806
f 3698 3564 3689
f 3698 3689 3711
f 4216 4215 1559
f 5084 3089 3199
f 5078 3006 2891
f 1559 1554 4216
f 1554 1551 4218
f 5078 3212 3006
f 4220 4218 1551
f 2174 2179 2291
f 2291 2286 2174
f 1796 1944 4220
f 1944 1796 1693
f 2385 2379 2289
f 4222 4221 1529
f 2385 2302 2387
f 1529 1692 4222
f 2388 2387 2260
f 2387 2302 2260
f 4223 1529 1611
f 2385 2289 2302
f 1611 1680 4223
f 4510 1609 1607
f 1331 1356 1189
f 1331 1189 1309
f 1189 4224 4270
f 1189 1356 4224
f 2402 2306 2394
f 2402 2314 2306
f 2407 2311 2409
f 4225 1307 4226
f 4227 4225 1358
f 2409 2315 2402
f 2315 2314 2402
f 4971 1186 1187
f 2311 2315 2409
f 1187 1358 4226
f 1260 1478 4228
f 2394 2318 2379
f 2394 2306 2318
f 4230 4228 1187
f 2318 2289 2379
f 4229 1478 5177
f 4231 1102 4232
f 4231 1257 1260
f 2417 2325 2432
f 2325 2323 2432
f 2327 2325 2417
f 2417 2419 2327
f 2330 2327 2419
f 2419 2422 2330
f 2268 2330 2422
f 2422 2423 2268
f 2332 2311 2407
f 2407 2424 2332
f 2427 2332 2424
f 2336 2332 2427
f 4232 1102 1084
f 4232 1084 4235
f 2338 2336 2427
f 2427 2430 2338
f 2430 2323 2338
f 2430 2432 2323
f 1246 1494 1352
f 1246 1352 1096
f 1350 4233 4891
f 2436 2265 2380
f 1350 1180 4937
f 3726 3559 3564
f 3726 3564 3698
f 3074 3199 3089
f 4702 3074 3193
f 3074 3063 3193
f 3739 3557 3559
f 5001 1227 1057
f 3726 3739 3559
f 3199 3188 5084
f 3575 3684 3530
f 3530 3684 3687
f 2524 2388 2514
f 4897 4234 1350
f 2526 2379 2520
f 1088 4234 4897
f 2517 2520 2385
f 2520 2379 2385
f 4892 4235 1084
f 2524 2517 2387
f 2517 2385 2387
f 1245 1244 4898
f 2524 2387 2388
f 4865 4872 4857
f 1244 4901 4911
f 4855 4238 1070
f 2527 2394 2526
f 4934 1419 1600
f 2546 2402 2527
f 1232 1419 1061
f 2402 2394 2527
f 1230 1232 1056
f 1056 1049 1230
f 1230 1049 1027
f 2555 2407 2552
f 2407 2409 2552
f 2546 2552 2402
f 2552 2409 2402
f 1230 1027 1205
f 1043 1224 1218
f 2394 2379 2526
f 1218 1039 1043
f 2417 2432 2567
f 1039 1218 1216
f 2419 2417 2567
f 2567 2569 2419
f 2422 2419 2569
f 2569 2572 2422
f 2423 2422 2572
f 2572 2537 2423
f 1216 1164 1039
f 2555 2424 2407
f 1216 1212 1324
f 2555 2579 2424
f 2579 2588 2424
f 2588 2427 2424
f 1216 1324 1164
f 1318 1324 1212
f 2430 2427 2588
f 2588 2592 2430
f 2432 2430 2592
f 2592 2594 2432
f 2567 2432 2594
f 1318 1158 1324
f 1314 1158 1318
f 3530 3687 3664
f 1507 1314 1318
f 2888 3004 3025
f 3687 3785 3786
f 3786 3664 3687
f 3664 3667 3530
f 2888 3006 3004
f 3004 3144 3025
f 3786 3668 3667
f 3664 3786 3667
f 1314 1152 1158
f 3144 3024 3025
f 1310 1314 1507
f 1314 1310 1308
f 2691 2524 2682
f 2664 2682 2514
f 2682 2524 2514
f 1152 1314 1308
f 1308 1306 1152
f 1001 853 4239
f 2691 2687 2517
f 487 4196 4197
f 4987 4240 655
f 2678 2520 2687
f 2678 2526 2520
f 4242 654 628
f 2520 2517 2687
f 2691 2517 2524
f 4245 628 619
f 4243 593 4995
f 5000 4342 779
f 4244 804 4247
f 4244 652 5004
f 2699 2527 2678
f 2527 2526 2678
f 803 648 779
f 4158 798 642
f 2702 2527 2699
f 2702 2546 2527
f 5005 655 4239
f 794 642 798
f 794 637 642
f 2555 2552 2705
f 2705 2706 2555
f 2552 2546 2702
f 2702 2705 2552
f 791 635 637
f 791 637 794
f 2569 2567 2646
f 791 972 816
f 791 816 635
f 2646 2572 2569
f 2646 2712 2572
f 2643 2572 2712
f 2537 2572 2643
f 4242 628 4245
f 2706 2714 2555
f 2714 2579 2555
f 4246 4245 619
f 4247 4246 619
f 2724 2588 2714
f 2588 2579 2714
f 619 652 4247
f 2592 2588 2724
f 2724 2727 2592
f 2594 2592 2727
f 2727 2728 2594
f 2728 2567 2594
f 3006 3212 3004
f 2728 2732 2567
f 2646 2567 2732
f 3544 3667 3668
f 3544 3668 3670
f 3144 3160 3024
f 3670 3289 3544
f 3544 3289 3553
f 3179 3193 3063
f 3063 3057 3179
f 2831 2994 2832
f 2826 2987 2893
f 3289 3678 3553
f 2826 2832 2987
f 2994 2987 2832
f 3678 3258 3570
f 2984 2994 2831
f 3288 3678 3289
f 2831 2822 2984
f 3288 3258 3678
f 3768 3570 3258
f 3258 3255 3768
f 3768 3255 3264
f 3775 3768 3264
f 2984 2822 4781
f 4781 2967 2984
f 2963 2967 2821
f 2821 2815 2963
f 2815 2806 2963
f 411 2329 2316
f 2835 2667 2675
f 1080 411 2316
f 2797 2945 2960
f 2835 2675 2817
f 2842 2678 2840
f 2797 2793 2945
f 440 2329 411
f 2856 2664 2808
f 2856 2852 2682
f 2939 2945 2793
f 2852 2691 2682
f 2856 2682 2664
f 440 2418 2329
f 2793 2778 2939
f 2937 2939 2778
f 2778 2776 2937
f 440 261 2418
f 2859 2691 2852
f 2859 2687 2691
f 2678 2687 2859
f 2859 2840 2678
f 2776 2932 2937
f 2776 2774 2932
f 4713 261 19
f 2699 2678 2842
f 2842 2867 2699
f 2702 2699 2867
f 2867 2870 2702
f 2932 2774 2146
f 2146 2930 2932
f 2706 2705 2873
f 2873 2874 2706
f 2705 2702 2870
f 2870 2873 2705
f 19 2469 4713
f 2930 2773 2288
f 2288 2923 2930
f 2714 2706 2874
f 2874 2875 2714
f 2724 2714 2875
f 2875 2877 2724
f 571 2471 2469
f 237 157 158
f 2727 2724 2877
f 2877 2878 2727
f 2728 2727 2878
f 2878 2786 2728
f 2910 2781 2908
f 2783 2781 2910
f 2916 2783 2910
f 2787 2783 2916
f 2923 2751 2750
f 2916 2791 2787
f 2916 2922 2791
f 571 574 2471
f 2791 2922 2794
f 4787 2479 5248
f 4787 2366 2479
f 2794 2922 2925
f 574 577 2506
f 2925 2804 2794
f 2925 2927 2804
f 574 2506 2471
f 2356 2476 2357
f 2927 2812 2804
f 237 369 306
f 2934 2812 2927
f 332 301 284
f 158 231 237
f 306 410 290
f 2934 2814 2812
f 290 207 155
f 3142 2814 2934
f 5075 908 5093
f 3142 2825 2814
f 306 290 155
f 577 578 2507
f 2507 2506 577
f 2942 2825 3142
f 2508 2507 579
f 332 157 301
f 155 211 3963
f 2829 2825 2942
f 157 306 301
f 492 1060 477
f 579 2507 578
f 2942 2951 2829
f 2951 2839 2829
f 579 875 2789
f 2954 2839 2951
f 2789 2508 579
f 299 331 155
f 284 301 331
f 2983 2556 926
f 301 306 155
f 926 2556 585
f 2474 2476 2356
f 332 284 299
f 299 284 331
f 2966 2969 2847
f 2943 2820 2972
f 585 2654 706
f 2969 2848 2847
f 2969 2972 2848
f 2473 2474 2356
f 2972 2820 2848
f 290 4277 4281
f 2912 2807 2938
f 2784 2807 2912
f 2979 2866 2981
f 2865 2866 2979
f 290 410 4277
f 290 208 207
f 2981 2782 2906
f 2866 2782 2981
f 201 4282 5246
f 4282 201 208
f 2556 2654 585
f 2356 2352 2473
f 2115 2070 2161
f 2350 2473 2352
f 2161 2241 2115
f 2463 2473 2350
f 2597 2946 614
f 2070 2073 2164
f 2656 2597 613
f 613 2597 614
f 613 706 2654
f 2164 2161 2070
f 4288 2165 4370
f 2654 2656 613
f 2164 2073 4288
f 2458 2463 2350
f 2075 2078 2170
f 2350 2346 2458
f 2343 2458 2346
f 2075 2170 2165
f 2175 2210 2076
f 778 2740 2662
f 2076 2210 2086
f 2178 2175 2077
f 2439 2458 2343
f 3055 2970 2936
f 2077 2175 2076
f 3055 3072 2970
f 2238 2178 2077
f 2079 2105 2228
f 2974 2973 3103
f 3103 3090 2974
f 3094 2976 3092
f 2977 2976 3094
f 3092 2980 3096
f 2228 2191 2079
f 3035 2980 2926
f 2079 2191 2201
f 3035 3096 2980
f 2976 2980 3092
f 2080 2079 2201
f 477 1060 5017
f 3094 2973 2977
f 2201 2204 2080
f 2080 2204 2081
f 4290 2081 2204
f 2204 2148 4290
f 4373 2152 4292
f 4292 2152 2214
f 3107 2974 3090
f 2991 2974 3107
f 2993 2991 3107
f 3107 3109 2993
f 2214 2083 4292
f 2084 2083 2214
f 3115 2996 3118
f 3115 2998 2996
f 3109 2996 2993
f 3109 3118 2996
f 2084 2214 2225
f 2084 2225 2085
f 2999 2998 3115
f 3115 3121 2999
f 3000 2999 3121
f 3121 3122 3000
f 2085 2225 4716
f 2227 2231 2085
f 3122 3002 3000
f 3122 3124 3002
f 2907 3002 3044
f 2085 2231 2087
f 3044 3002 3124
f 2231 2233 2087
f 824 905 2946
f 2342 2439 2343
f 824 2946 2701
f 2087 2233 2094
f 2435 2439 2342
f 824 2701 2740
f 2233 2235 2100
f 2094 2233 2100
f 778 824 2740
f 2334 2435 2342
f 2431 2435 2334
f 892 2662 2789
f 875 892 2789
f 2100 2235 2236
f 778 2662 892
f 2426 2431 2334
f 2102 2100 2236
f 614 2946 905
f 2106 2102 2236
f 2236 2237 2106
f 2334 2321 2426
f 2237 2239 2106
f 2106 2239 2111
f 2239 2240 2108
f 2426 2321 4084
f 4084 2410 2426
f 2111 2239 2108
f 2376 2425 2607
f 3364 3363 3206
f 2376 2607 2564
f 3364 3206 3208
f 2376 2564 2566
f 2377 2376 2566
f 2582 2382 2566
f 3371 3364 3208
f 2382 2582 2589
f 2589 2363 2382
f 2382 2377 2566
f 3371 3208 3181
f 2482 2364 2589
f 3315 3371 3181
f 2589 2364 2363
f 4616 2364 2482
f 2363 2364 2244
f 2364 2484 2365
f 2244 2364 2365
f 4621 2365 2484
f 3374 3232 3228
f 4788 2365 2245
f 3374 3376 3232
f 3228 3234 3377
f 3377 3374 3228
f 2245 2365 2486
f 4293 2486 2502
f 3376 3379 3232
f 3379 3236 3232
f 2502 2405 4293
f 2504 2405 2502
f 3373 3236 3379
f 3225 3236 3373
f 3239 3225 3373
f 3373 3380 3239
f 3241 3239 3382
f 2405 2504 2515
f 3382 3239 3380
f 2515 2410 2405
f 2528 2426 2515
f 3246 3241 3382
f 3382 3383 3246
f 3383 3245 3246
f 3383 3292 3245
f 2515 2426 2410
f 3250 3245 3295
f 2426 2540 2431
f 2528 2540 2426
f 3295 3252 3250
f 3295 3300 3252
f 3566 2120 3812
f 2120 3566 3704
f 2435 2431 2540
f 2540 2547 2435
f 3704 2135 2120
f 2300 2405 2410
f 2547 2551 2435
f 2300 2246 2405
f 2435 2551 2439
f 2405 2246 4293
f 2035 2135 3704
f 2551 2458 2439
f 2035 3704 3572
f 2561 2458 2551
f 4374 2245 2246
f 4788 2245 4374
f 4731 2561 2575
f 4731 2575 4730
f 4730 2575 2580
f 2580 2473 4730
f 2474 2473 2580
f 3572 3850 2035
f 2035 3850 342
f 2120 2824 3812
f 4372 2244 2149
f 2580 2586 2474
f 2586 2584 2476
f 2376 2293 2292
f 2474 2586 2476
f 3231 3372 3378
f 2292 2308 2376
f 3470 3363 3364
f 1026 1113 4729
f 3470 3465 3363
f 3470 3364 3473
f 2308 2425 2376
f 3364 3371 3473
f 3378 3381 3231
f 3473 3371 3476
f 3231 3381 3249
f 3381 3384 3249
f 3249 3384 3257
f 3476 3371 3315
f 3476 3315 3431
f 3262 3257 3384
f 3384 3387 3262
f 2363 2244 2242
f 4106 2242 2204
f 3376 3374 3488
f 3488 3490 3376
f 3488 3377 3421
f 3374 3377 3488
f 4106 2363 2242
f 2382 2296 2293
f 3379 3376 3490
f 3490 3494 3379
f 3850 3849 342
f 342 3849 361
f 3485 3379 3494
f 3373 3379 3485
f 3380 3373 3485
f 3485 3495 3380
f 3849 3848 361
f 3495 3382 3380
f 3495 3496 3382
f 3262 3387 3302
f 3263 3262 3302
f 3383 3382 3496
f 3496 3498 3383
f 3263 3302 3308
f 3409 3383 3498
f 3292 3383 3409
f 3266 3263 3308
f 3266 3311 3267
f 361 3848 362
f 2293 2377 2382
f 362 3848 3846
f 3267 3311 3367
f 1335 362 3846
f 2377 2293 2376
f 4789 1488 4791
f 3842 1360 3846
f 3846 1360 1335
f 4789 1557 4629
f 3268 3267 3367
f 4791 1485 1468
f 4791 1488 1550
f 1472 1590 4789
f 3308 3311 3266
f 3796 3841 3714
f 3714 3748 3796
f 3703 3714 3838
f 3838 3714 3841
f 3549 3540 3460
f 3702 3703 3836
f 3574 3469 3578
f 3576 3468 3416
f 3576 3578 3468
f 3836 3703 3838
f 3836 3829 3696
f 3578 3469 3468
f 3696 3702 3836
f 3574 3471 3469
f 3829 3827 3693
f 3574 3549 3471
f 3693 3696 3829
f 3549 3460 3471
f 3825 3746 3693
f 3827 3825 3693
f 3540 3563 3479
f 3823 3746 3825
f 3481 3479 3563
f 3812 3679 3677
f 3540 3479 3460
f 3802 3675 3669
f 3804 3811 3672
f 3595 3451 3602
f 3804 3672 3675
f 3451 3453 3606
f 3606 3602 3451
f 3804 3675 3802
f 3453 3611 3606
f 3799 3802 3669
f 3538 3543 3723
f 3723 3681 3538
f 3842 1370 1360
f 1555 1590 4115
f 1481 1389 1486
f 3799 3669 3679
f 3799 3679 3812
f 1360 1370 247
f 1389 1472 1486
f 1468 1485 4145
f 1468 1481 4791
f 3457 3459 3629
f 247 1370 1436
f 1436 254 248
f 3629 3459 3539
f 3611 3455 3457
f 1466 1469 1543
f 4145 1466 1468
f 254 1436 3826
f 1468 1466 1381
f 4115 1465 1555
f 1389 1462 1472
f 3629 3611 3457
f 3611 3453 3455
f 3595 3445 3451
f 3442 3445 3595
f 2833 3821 3811
f 3628 3442 3595
f 3628 3627 3440
f 3440 3442 3628
f 3627 3626 3438
f 3438 3440 3627
f 3625 3433 3438
f 3626 3625 3438
f 2697 3814 3821
f 3581 3729 3692
f 3731 3581 3583
f 3729 3581 3731
f 3622 3433 3625
f 3740 3583 3592
f 3740 3731 3583
f 3622 3431 3433
f 3426 3617 3567
f 3740 3592 3742
f 3424 3617 3426
f 3617 3424 3422
f 3742 3592 3599
f 3752 3599 3601
f 3615 3617 3422
f 3752 3742 3599
f 3422 3420 3615
f 3615 3420 3613
f 3420 3417 3613
f 3613 3417 3609
f 3752 3603 3755
f 3752 3601 3603
f 3417 3415 3609
f 3609 3415 3607
f 3755 3603 3620
f 3759 3755 3620
f 3604 3607 3415
f 3415 3413 3604
f 3759 3620 3622
f 3597 3604 3413
f 3413 3411 3597
f 3759 3622 3743
f 3546 3537 3695
f 3590 3597 3411
f 3801 3845 2983
f 3590 3411 3409
f 3579 3485 3550
f 3590 3498 3588
f 3409 3498 3590
f 2701 3818 2740
f 3582 3588 3498
f 2946 3822 2701
f 3805 3822 2946
f 3822 3818 2701
f 3582 3498 3496
f 2740 3824 2662
f 3818 3824 2740
f 2662 3824 2789
f 3824 3828 2789
f 3579 3582 3496
f 3844 3830 2656
f 2656 2654 3844
f 2656 3833 2597
f 3830 3833 2656
f 3833 3805 2946
f 2946 2597 3833
f 3496 3495 3579
f 3579 3495 3485
f 3845 3844 2654
f 2654 2556 3845
f 3550 3485 3494
f 3545 3550 3494
f 2983 3845 2556
f 3545 3490 3546
f 2789 3720 2508
f 3494 3490 3545
f 3720 3707 2507
f 2507 2508 3720
f 3537 3488 3421
f 2506 2507 3707
f 3538 3537 3421
f 2789 3828 3720
f 3164 3368 3505
f 3253 3368 3164
f 3366 3368 3253
f 2506 3707 3685
f 3366 3253 3251
f 3366 3251 3247
f 2471 3685 3568
f 2471 2506 3685
f 3365 3366 3247
f 2471 3568 2469
f 3247 3313 3365
f 3175 3313 3247
f 2469 3568 3561
f 3347 3361 3230
f 3230 3227 3347
f 2469 3561 4713
f 3223 3230 3358
f 3358 3230 3361
f 2418 3561 3551
f 2329 2418 3551
f 3221 3223 3352
f 3352 3223 3358
f 2329 3551 3535
f 3218 3221 3348
f 3348 3221 3352
f 2329 3535 2316
f 3217 3218 3346
f 2247 2316 3502
f 2316 3535 3502
f 3346 3218 3348
f 3215 3217 3341
f 2738 2247 3501
f 2247 3502 3501
f 3341 3217 3346
f 199 905 205
f 614 905 199
f 3214 3215 3339
f 3339 3215 3341
f 151 778 892
f 3339 3336 3211
f 151 166 778
f 3211 3214 3339
f 892 875 154
f 154 151 892
f 205 824 116
f 3336 3332 3209
f 166 116 778
f 116 824 778
f 3209 3211 3336
f 905 824 205
f 3332 3331 3207
f 3207 3209 3332
f 706 613 111
f 3331 3329 3205
f 613 614 199
f 199 105 613
f 3205 3207 3331
f 3329 3327 3202
f 111 613 105
f 3202 3205 3329
f 3327 3325 3194
f 3327 3194 3202
f 79 706 111
f 585 706 79
f 79 926 585
f 3321 3194 3325
f 79 78 926
f 154 579 70
f 3321 3186 3194
f 70 578 63
f 579 578 70
f 154 875 579
f 3319 3183 3186
f 3321 3319 3186
f 3315 3183 3319
f 63 577 60
f 578 577 63
f 577 574 56
f 56 60 577
f 3315 3181 3183
f 3309 3313 3175
f 3309 3175 3173
f 3173 3171 3309
f 3309 3171 3307
f 10 56 574
f 3171 3169 3307
f 10 574 571
f 3307 3169 3305
f 278 10 19
f 10 571 19
f 3303 3305 3169
f 3169 3168 3303
f 278 19 294
f 19 571 2469
f 3301 3303 3168
f 3168 3254 3301
f 47 19 261
f 47 294 19
f 3300 3301 3254
f 47 261 440
f 3254 3252 3300
f 45 47 440
f 3295 3245 3292
f 45 411 156
f 45 440 411
f 2448 2391 2608
f 156 411 1080
f 2608 2391 2511
f 2606 2447 2448
f 54 43 70
f 2608 2606 2448
f 54 60 57
f 63 60 54
f 60 56 67
f 67 57 60
f 2446 2606 2605
f 98 67 56
f 2378 2446 2604
f 199 205 168
f 168 106 199
f 165 166 110
f 2604 2446 2605
f 2606 2446 2447
f 2445 2378 2603
f 153 146 154
f 2603 2378 2604
f 2603 2602 2444
f 110 151 146
f 110 166 151
f 151 154 146
f 168 116 165
f 205 116 168
f 116 166 165
f 2444 2445 2603
f 2602 2601 2443
f 2443 2444 2602
f 2600 2443 2601
f 2600 2442 2443
f 105 199 191
f 2595 2441 2442
f 191 199 106
f 2595 2442 2600
f 176 105 191
f 111 105 176
f 2595 2591 2440
f 176 193 111
f 193 79 111
f 2440 2441 2595
f 2591 2590 2440
f 108 78 193
f 78 79 193
f 2590 2438 2440
f 2577 2437 2438
f 43 153 154
f 154 70 43
f 70 63 54
f 2590 2577 2438
f 2571 2437 2577
f 2434 2437 2571
f 2571 2568 2434
f 2568 2429 2434
f 98 56 10
f 2568 2563 2429
f 2563 2428 2429
f 1686 10 278
f 1686 98 10
f 2559 2428 2563
f 2559 2553 2421
f 1686 278 1746
f 1746 278 294
f 2559 2421 2428
f 2553 2538 2420
f 2420 2421 2553
f 1746 294 195
f 2538 2536 2414
f 2414 2420 2538
f 44 195 47
f 2393 2414 2534
f 195 294 47
f 44 47 45
f 2534 2414 2536
f 2375 2393 2532
f 2532 2393 2534
f 2513 2380 2381
f 360 309 43
f 2532 2530 2381
f 2532 2381 2375
f 340 43 54
f 340 360 43
f 2513 2381 2530
f 2525 2436 2380
f 2525 2380 2513
f 2514 2388 2436
f 340 54 57
f 57 380 340
f 450 57 67
f 380 57 450
f 2525 2514 2436
f 2286 2291 2411
f 1462 1465 1472
f 451 67 98
f 450 67 451
f 4721 1462 1458
f 2697 3821 2833
f 3050 98 1686
f 3050 451 98
f 2291 2320 2413
f 1742 3050 1686
f 1379 1462 4184
f 106 168 758
f 758 575 106
f 608 110 586
f 165 110 608
f 586 146 667
f 1379 1456 1462
f 2411 2291 2413
f 309 667 146
f 146 153 309
f 110 146 586
f 1456 1458 1462
f 168 165 608
f 608 758 168
f 2283 2286 2403
f 2403 2286 2411
f 2275 2283 2400
f 2400 2283 2403
f 2274 2275 2399
f 2399 2275 2400
f 2254 2274 2383
f 771 106 575
f 191 106 771
f 771 775 191
f 775 176 191
f 2383 2274 2399
f 2392 2264 2252
f 899 193 775
f 193 176 775
f 108 193 365
f 2395 2392 2252
f 365 193 899
f 2262 2264 2389
f 2389 2264 2392
f 153 43 309
f 2391 2257 2389
f 2389 2257 2262
f 2383 2395 2252
f 1746 1742 1686
f 1742 1746 904
f 2383 2252 2254
f 4665 1456 1379
f 904 195 381
f 904 1746 195
f 1676 1775 1925
f 1923 1925 1775
f 381 195 44
f 2466 309 1830
f 1775 1774 1923
f 1830 360 1917
f 1774 1773 1920
f 1919 360 340
f 1919 1917 360
f 1830 309 360
f 1923 1774 1920
f 1773 1768 1920
f 1918 1920 1768
f 340 380 1926
f 1926 1919 340
f 1926 450 1976
f 380 450 1926
f 1976 451 2127
f 450 451 1976
f 1918 1768 1767
f 4729 1113 1140
f 3778 451 3050
f 1918 1767 1914
f 1767 1738 1914
f 3050 3776 4386
f 1914 1738 1908
f 3058 3050 1742
f 1887 4283 4318
f 1966 1964 4306
f 4319 4304 1708
f 2596 3058 1742
f 4310 4307 1947
f 575 758 2573
f 2573 2324 575
f 2465 586 2557
f 608 586 2465
f 2557 667 2466
f 586 667 2557
f 667 309 2466
f 4309 1964 1966
f 1947 4309 4310
f 4311 1756 4306
f 2573 608 2465
f 758 608 2573
f 1964 2113 4311
f 1712 4316 4318
f 4287 1964 4309
f 1738 1736 1908
f 4314 1736 1570
f 2324 771 575
f 2324 2599 771
f 4284 2054 1908
f 1712 4211 4316
f 2599 2698 771
f 2698 775 771
f 4312 4289 4313
f 899 775 2723
f 1708 1702 4320
f 4321 4320 1702
f 2723 1749 899
f 1749 365 899
f 4322 1944 4325
f 2723 775 2698
f 1944 2095 4325
f 2596 1742 904
f 4326 1944 1693
f 1693 1937 4326
f 1693 1692 4327
f 4327 1692 1680
f 4328 4327 1680
f 3333 2466 3229
f 2466 1830 3229
f 4735 4265 4328
f 789 951 4641
f 4330 950 760
f 4511 1153 4512
f 3835 3229 1917
f 3229 1830 1917
f 951 784 955
f 1917 1919 3834
f 3834 3835 1917
f 784 773 954
f 3834 1926 3447
f 3834 1919 1926
f 955 784 954
f 3447 1926 1976
f 1976 3837 3447
f 3837 2127 3832
f 2911 3809 3816
f 3832 3778 3831
f 2127 3778 3832
f 1531 1456 1455
f 3831 3778 4386
f 2792 3816 3814
f 3837 1976 2127
f 2792 3814 2697
f 789 784 951
f 949 4331 5183
f 4512 1153 4739
f 949 760 950
f 4521 4331 949
f 3058 3661 3529
f 751 4334 4335
f 4107 1179 4109
f 3661 2596 3843
f 2324 2573 3820
f 5192 5190 5189
f 729 732 4336
f 3819 2465 2557
f 751 4333 4334
f 3819 3817 2465
f 3333 2557 2466
f 4336 945 4338
f 4335 732 751
f 3333 3819 2557
f 4338 4339 722
f 4545 4544 1077
f 3815 2465 3817
f 2573 2465 3815
f 4339 4152 722
f 722 5198 4338
f 3820 2573 3815
f 1453 1466 1543
f 2599 2324 3820
f 3820 3813 2599
f 2698 2599 3810
f 4682 607 807
f 3810 2599 3813
f 807 607 605
f 807 605 802
f 1749 2723 3264
f 605 600 802
f 3810 3808 2698
f 3808 2723 2698
f 801 802 600
f 3264 2723 3808
f 4340 801 600
f 600 599 4340
f 4243 793 593
f 3766 3350 3765
f 3287 3350 3766
f 3765 3428 3764
f 3350 3428 3765
f 4341 782 591
f 3761 3428 3500
f 4109 1179 4108
f 3761 3764 3428
f 3754 3761 3534
f 3761 3500 3534
f 986 971 814
f 741 651 650
f 4727 767 599
f 3754 3534 3739
f 3534 3557 3739
f 599 647 4727
f 3370 3520 3317
f 647 645 765
f 765 645 764
f 645 644 764
f 3517 3520 3370
f 3370 3369 3517
f 3512 3517 3369
f 3369 3367 3512
f 3353 3299 3360
f 764 644 762
f 4343 644 641
f 641 745 4343
f 752 745 641
f 3342 3299 3507
f 3342 3360 3299
f 752 641 639
f 3342 3507 3499
f 3499 3335 3342
f 639 636 739
f 3328 3275 3143
f 752 639 739
f 3276 3141 4389
f 4389 3275 4391
f 3335 3273 3323
f 733 739 636
f 733 636 651
f 733 651 741
f 3328 3273 3493
f 3328 3323 3273
f 3335 3499 3273
f 812 816 972
f 651 453 556
f 3328 3493 4390
f 4390 3275 3328
f 4391 3414 5077
f 4391 3275 3414
f 3482 3353 4392
f 650 556 514
f 3353 3482 3299
f 651 556 650
f 599 459 508
f 1234 4098 226
f 508 647 599
f 508 506 647
f 1453 1452 4792
f 647 506 645
f 505 644 506
f 641 644 505
f 3472 3474 3311
f 3311 3308 3472
f 3311 3512 3367
f 3474 3512 3311
f 641 505 503
f 3308 3467 3472
f 506 644 645
f 3308 3302 3467
f 3387 3519 3467
f 503 489 639
f 641 503 639
f 3387 3467 3302
f 636 639 489
f 636 489 453
f 636 453 651
f 3162 3022 3160
f 3160 3158 3162
f 701 688 816
f 688 701 698
f 688 698 536
f 3153 3162 3158
f 3154 3162 3153
f 3015 3153 3150
f 3015 3154 3153
f 701 695 698
f 3015 3150 3010
f 3317 3179 4704
f 4704 3370 3317
f 698 542 536
f 3237 3369 3370
f 3237 3233 3369
f 698 695 694
f 542 698 694
f 3268 3369 3233
f 3268 3367 3369
f 694 692 542
f 695 850 694
f 850 848 692
f 692 694 850
f 689 690 692
f 3193 3353 4702
f 3353 3360 3199
f 848 689 692
f 689 681 690
f 3342 3188 4693
f 690 681 684
f 3188 3335 3212
f 3188 3342 3335
f 678 532 679
f 4693 3360 3342
f 598 456 532
f 3212 3323 3004
f 598 532 678
f 682 684 681
f 837 682 681
f 3144 3004 3328
f 3004 3323 3328
f 679 682 834
f 3160 3144 3143
f 834 682 837
f 3158 3160 3143
f 3143 3141 3158
f 3144 3328 3143
f 678 679 834
f 461 456 594
f 588 514 461
f 3212 3335 3323
f 588 461 594
f 598 594 456
f 3353 3193 3317
f 4098 1234 9
f 650 514 588
f 369 237 231
f 368 369 231
f 2911 3816 2792
f 2748 2895 2750
f 4792 1466 1453
f 2733 2886 2735
f 2733 3134 2886
f 2733 2971 3134
f 2811 2833 3811
f 1449 1453 1523
f 3019 3021 2895
f 2748 2882 2895
f 2882 3019 2895
f 2811 3811 3804
f 2811 3804 2843
f 2881 2882 2748
f 1449 1452 1453
f 3014 3019 2882
f 1448 1449 1523
f 2879 3014 2881
f 3014 2882 2881
f 2911 2928 3806
f 1452 1449 4798
f 2881 3129 2879
f 2881 2730 3129
f 2729 3129 2730
f 3120 3129 2729
f 356 354 410
f 410 4346 4725
f 410 354 4346
f 241 242 353
f 4430 4428 350
f 4157 306 369
f 306 157 237
f 2876 2735 2869
f 356 410 306
f 2729 3117 3120
f 2729 2876 3117
f 2911 3806 3809
f 3117 2876 2869
f 1447 4807 4799
f 1437 1449 4344
f 2735 2886 2869
f 2886 3005 2869
f 2958 3803 3806
f 2886 3134 3005
f 2958 3806 2928
f 3797 3803 2964
f 2964 3803 2958
f 3796 3797 3001
f 2855 2921 4686
f 4686 2857 2855
f 3001 3797 2964
f 2919 2921 4410
f 4410 3029 2919
f 4798 1447 4448
f 4088 1393 4087
f 197 99 202
f 202 99 97
f 202 97 102
f 2914 2919 2851
f 2919 3029 5151
f 2889 2851 3011
f 197 196 94
f 2746 2914 2889
f 2914 2851 2889
f 94 99 197
f 97 99 94
f 94 93 97
f 196 194 90
f 90 94 196
f 93 94 90
f 90 88 93
f 2816 2743 2818
f 85 90 194
f 88 90 85
f 85 84 88
f 2890 2743 4423
f 4087 1393 4090
f 85 182 84
f 2809 2826 2893
f 1447 1437 4800
f 4423 2893 2890
f 2818 2731 2805
f 2801 2805 2982
f 1467 1502 4090
f 2805 2731 2982
f 3479 3351 3338
f 3460 3479 3338
f 2818 2743 2731
f 3479 3481 3347
f 4350 1433 1528
f 2801 2982 2849
f 2982 2953 2849
f 3479 3347 3351
f 2849 2953 2944
f 2944 2838 2849
f 4349 4348 1677
f 4350 1528 4825
f 1437 1433 4813
f 4825 1528 1634
f 1634 1528 4827
f 4351 1537 4827
f 2780 2944 2935
f 2838 2944 2780
f 2757 2935 2931
f 2780 2935 2757
f 1528 1433 4351
f 2756 2931 2872
f 2756 2757 2931
f 2755 2872 2720
f 2755 2756 2872
f 1679 1556 1677
f 2720 2872 2863
f 2755 2720 2754
f 4429 2753 4445
f 2753 4429 4431
f 1556 1679 1683
f 1683 1560 1556
f 1677 1556 4349
f 4431 2853 2753
f 4598 4353 1641
f 2752 2753 2853
f 4622 4352 1648
f 2772 2752 4680
f 4680 2929 2772
f 1643 1733 1731
f 1641 1643 1731
f 2902 2963 2806
f 2901 2806 2802
f 2902 2806 2901
f 2960 2802 2797
f 2901 2802 2960
f 1733 1643 1655
f 2689 2704 2805
f 4360 1733 1655
f 4354 4352 4589
f 2679 2689 2801
f 2801 2849 2679
f 1646 4617 4618
f 2679 2838 2683
f 2679 2849 2838
f 1698 1755 4133
f 4619 4357 1651
f 4585 4357 1753
f 2816 2818 4442
f 4359 4358 1734
f 4582 4359 1734
f 4442 2652 2816
f 1654 1652 1735
f 1735 1744 1654
f 2648 2684 4752
f 2652 2809 2816
f 1659 1654 1744
f 2652 2648 2809
f 1744 1751 1659
f 1656 4360 1655
f 2809 2648 2826
f 1502 4086 4087
f 4604 1656 1511
f 2670 2805 2704
f 2670 2818 2805
f 1657 1659 1751
f 2805 2801 2689
f 1606 1599 1657
f 4363 1750 1745
f 1745 1553 4363
f 1745 1616 1553
f 4136 1581 814
f 1629 1714 1718
f 1629 1636 1637
f 2683 2838 2780
f 2780 2637 2683
f 2629 2780 2757
f 2637 2780 2629
f 1629 1637 1714
f 4365 1638 1715
f 1637 1636 4365
f 2757 2756 4679
f 4679 2629 2757
f 4366 1639 4367
f 4670 2623 4679
f 1638 1564 4366
f 1715 1637 4365
f 2756 2755 4670
f 4367 1722 4557
f 2618 2755 2754
f 1715 1638 4367
f 4369 4368 1720
f 2618 2621 4670
f 2618 2754 2617
f 1639 1568 4368
f 1640 1791 4554
f 4445 2754 4429
f 4445 2617 2754
f 4556 4369 1720
f 2351 2349 2161
f 2616 2753 2752
f 2161 2349 2241
f 2353 2351 2164
f 2616 2752 2615
f 2164 2351 2161
f 4370 2355 2353
f 2680 2615 2772
f 2615 2752 2772
f 2353 2164 4370
f 4371 2361 2355
f 4371 2355 4370
f 2574 2704 2587
f 2210 2175 2359
f 2359 2358 2210
f 2609 2587 2689
f 2587 2704 2689
f 4662 2581 2609
f 2360 2359 2178
f 4452 2683 4453
f 4452 2679 2683
f 2178 2359 2175
f 2609 2689 4662
f 2178 2238 2347
f 2347 2360 2178
f 2560 2670 2574
f 2292 2191 2308
f 2544 2652 2560
f 2191 2292 2293
f 4443 2560 2652
f 2191 2293 4720
f 2529 2648 2544
f 2191 2228 2308
f 2529 2584 2684
f 2684 2648 2529
f 2648 2652 2544
f 4720 2201 2191
f 2670 2704 2574
f 2293 2296 4720
f 2683 2637 4453
f 4453 2578 4452
f 814 1581 4137
f 4454 2637 2629
f 2204 2296 4106
f 2623 4456 4457
f 4457 4454 2629
f 2623 2500 4456
f 2204 2242 2148
f 4372 2149 4373
f 2500 2623 2621
f 4373 2149 2152
f 4374 2246 2214
f 2500 2621 2499
f 2621 2618 4458
f 2214 2152 4374
f 2214 2246 2300
f 2214 2300 2225
f 2617 2495 4458
f 4458 2618 2617
f 2300 2321 4716
f 2495 2617 2616
f 4716 2321 2334
f 2334 2227 4716
f 2493 2495 2616
f 2334 2342 2227
f 2493 2616 2615
f 2227 2342 2231
f 2342 2343 2231
f 2493 2615 2491
f 2231 2343 2233
f 2343 2346 2233
f 2531 2615 2680
f 2531 2491 2615
f 2233 2346 2235
f 2346 2350 2235
f 2235 2350 2236
f 2350 2352 2236
f 2398 2401 2609
f 2236 2352 2237
f 2352 2356 2237
f 2481 2587 2401
f 2237 2356 2239
f 2481 2574 2587
f 2587 2609 2401
f 2609 2581 4461
f 4461 2398 2609
f 2397 2578 2480
f 2397 2581 2578
f 2356 2357 2239
f 2239 2357 2240
f 2607 2425 2598
f 4505 2396 2487
f 2481 2386 4656
f 4656 2574 2481
f 4505 2433 5234
f 2560 2386 4462
f 4462 2544 2560
f 4375 2487 2396
f 4375 2396 5236
f 2488 2489 4376
f 4377 2433 2490
f 2384 2529 2390
f 2529 2544 2390
f 4377 2490 4707
f 2384 2476 2529
f 2476 2584 2529
f 4376 2406 2488
f 2412 2489 2598
f 2415 2412 2598
f 2425 2415 2598
f 2480 2505 4463
f 2480 2578 2505
f 2518 2456 2460
f 2503 2501 4465
f 4463 2374 2480
f 2501 2372 4465
f 4465 4463 2503
f 2501 2500 2371
f 2501 2371 2372
f 2521 2518 2461
f 2461 2518 2460
f 2500 2499 4467
f 4467 2371 2500
f 2369 2370 4468
f 2461 2468 2522
f 4468 4459 4469
f 2522 2521 2461
f 2495 2368 4469
f 2479 2522 2468
f 2367 2495 2493
f 4378 2475 2492
f 2367 2368 2495
f 2492 2494 4378
f 2477 2497 2475
f 4470 2491 4471
f 4470 2493 2491
f 2475 2497 2492
f 2531 2479 4471
f 4471 2491 2531
f 2477 2478 2498
f 2312 2481 2362
f 2498 2497 2477
f 2456 2516 2498
f 2478 2456 2498
f 2456 2518 2516
f 2401 2398 4472
f 4472 2354 2401
f 2481 2401 4473
f 4473 2362 2481
f 2398 2397 4474
f 4474 2348 4472
f 2397 2480 4475
f 4475 2345 4474
f 2479 2531 2522
f 2328 2390 2310
f 2760 2763 2622
f 2310 2386 2312
f 2622 2763 2630
f 2386 2481 2312
f 4379 2764 2760
f 2390 2386 2310
f 2760 2622 4379
f 2384 2390 2328
f 2328 2299 2384
f 2762 2761 2628
f 4520 2761 2695
f 2476 2384 2299
f 2299 2357 2476
f 2763 2762 2630
f 2290 2344 4476
f 2374 2344 4475
f 2630 2762 2628
f 2612 2633 2639
f 2373 2280 4476
f 3911 1587 3896
f 2635 2633 2766
f 2373 2372 4478
f 2373 4478 2280
f 3896 1587 3869
f 2285 4478 4480
f 2635 2766 2764
f 4480 2277 2285
f 2633 2612 2766
f 2647 2744 2612
f 4480 2272 2277
f 2639 2647 2612
f 4482 4481 2370
f 2647 2657 2768
f 2266 2272 4484
f 2370 2369 4484
f 2266 4483 4486
f 2647 2768 2744
f 2368 2367 4487
f 2657 2668 2769
f 4487 2367 4488
f 2368 4485 4486
f 2769 2768 2657
f 2770 2769 2671
f 4488 2366 4787
f 4488 2367 2366
f 2671 2769 2668
f 2671 2672 2771
f 2771 2770 2671
f 2362 2232 4489
f 4489 2312 2362
f 2680 2771 2672
f 2232 2354 2229
f 2680 2772 2771
f 4490 2354 4472
f 4490 2229 2354
f 2362 2354 2232
f 2777 2710 2775
f 2218 2345 2213
f 2348 2345 2218
f 2211 2213 4655
f 2345 2344 2213
f 2328 2310 2209
f 2685 2710 2777
f 2685 2777 2741
f 2234 2208 4491
f 4491 2312 2234
f 2742 2694 2614
f 2209 2310 2208
f 2690 2685 2741
f 2206 2328 2209
f 2299 2328 2206
f 2690 2741 2614
f 2694 2690 2614
f 2240 2299 2206
f 2357 2299 2240
f 4655 2290 2211
f 2775 2710 2696
f 3866 1811 3419
f 3032 2750 3021
f 2211 2290 2187
f 3032 2923 2750
f 2290 2280 4492
f 4492 2187 2290
f 3033 2923 3032
f 2277 4496 4495
f 2930 2923 3033
f 2930 3033 3034
f 2143 2182 4493
f 4493 2280 2285
f 3419 1811 3867
f 4495 2285 2277
f 2143 4493 4495
f 2930 2146 2773
f 4497 2136 4498
f 2932 2930 3034
f 4497 4496 2272
f 4500 2266 4486
f 3034 3036 2932
f 2143 2139 2048
f 2932 3036 3037
f 2932 3037 2937
f 2136 2132 4498
f 4498 2139 4497
f 2937 3040 2939
f 2261 4499 4500
f 2136 2272 2266
f 3037 3040 2937
f 4499 2261 4501
f 2945 2939 3040
f 3040 3132 2945
f 4501 2173 4499
f 2960 2945 3132
f 2960 3132 3131
f 2967 2963 3057
f 3057 3063 2967
f 4501 2168 2173
f 2154 2251 2250
f 3063 3074 2984
f 2154 2168 2251
f 2967 3063 2984
f 3074 3089 2994
f 2250 2361 2170
f 2170 2154 2250
f 2984 3074 2994
f 4502 2234 4489
f 2987 2994 3089
f 4502 2114 2234
f 2232 2229 4503
f 4504 2229 4490
f 4504 2110 4503
f 2987 3089 2891
f 4503 2121 2232
f 4361 2893 2891
f 2893 2987 2891
f 3032 3023 3231
f 2773 2146 2774
f 2213 2109 4504
f 3231 3033 3032
f 3249 3033 3231
f 2109 2213 2072
f 3033 3249 3257
f 2213 2211 2069
f 2069 2072 2213
f 3257 3034 3033
f 3262 3036 3257
f 2114 2067 2234
f 2067 2208 2234
f 3257 3036 3034
f 4800 4813 1429
f 2068 2208 2067
f 2209 2208 2068
f 2065 2209 2068
f 2206 2209 2065
f 1520 1455 1445
f 2065 2240 2206
f 2065 2108 2240
f 3036 3263 3037
f 3040 3037 3263
f 2069 2187 2063
f 3040 3263 3266
f 2069 2211 2187
f 3262 3263 3036
f 3132 3040 3266
f 2187 2182 2063
f 3266 3267 3132
f 3132 3267 3268
f 1956 2063 4507
f 3132 3268 3131
f 2641 904 381
f 2143 2053 4507
f 1748 2641 381
f 4507 2053 1956
f 2596 904 2641
f 2143 2048 2053
f 1633 3152 3165
f 3152 1633 1435
f 2046 2053 2048
f 1435 3064 3152
f 2408 887 1586
f 2509 573 872
f 3197 872 887
f 2043 2048 2132
f 2043 2046 2048
f 3197 887 2408
f 2173 2043 2132
f 3197 2509 872
f 3165 3147 3166
f 2408 1586 3166
f 2043 2173 2062
f 3782 2408 3166
f 2062 2168 2060
f 2062 2173 2168
f 3147 3782 3166
f 3147 3165 3152
f 4654 2168 2154
f 3780 3147 3152
f 3064 3780 3152
f 2154 2078 4654
f 3105 3056 3064
f 1435 3105 3064
f 2078 2154 2170
f 4508 2114 4502
f 3791 3056 3105
f 4509 2121 4503
f 1953 2039 4509
f 2034 2109 1861
f 2034 2110 4504
f 1861 2109 1997
f 2109 2072 1997
f 3791 3105 3097
f 3047 3791 3097
f 2069 1997 2072
f 3047 3097 3079
f 2067 2114 2017
f 3079 3071 3039
f 2114 4508 4513
f 3039 3047 3079
f 2068 2067 4652
f 4652 2012 2068
f 3071 3070 2933
f 2933 3039 3071
f 2007 2068 2012
f 2007 2065 2068
f 2108 2065 2007
f 2007 2036 2108
f 1108 2909 2933
f 3070 1108 2933
f 1997 2069 1995
f 1108 1104 2909
f 3039 2933 3798
f 1995 2063 1969
f 1995 2069 2063
f 3798 2933 2909
f 3798 2909 2905
f 3798 2905 3807
f 2063 1956 1969
f 903 364 2510
f 1969 1956 1968
f 903 2510 3001
f 248 254 210
f 2923 2288 2751
f 2053 1955 4514
f 1934 210 254
f 4514 1956 2053
f 1955 2053 2046
f 5 210 1934
f 5 1934 1978
f 1955 2046 4516
f 1965 1968 4514
f 1960 4516 4647
f 4516 2046 2043
f 4712 1978 1980
f 1980 4 4712
f 4647 2062 1960
f 1980 387 4
f 1960 2062 1860
f 1982 387 1980
f 387 1982 2031
f 1860 2060 1961
f 1860 2062 2060
f 2031 388 387
f 2037 389 2031
f 1961 2060 4643
f 2031 389 388
f 2050 390 2037
f 2037 390 389
f 2133 391 2050
f 2050 391 390
f 391 2186 393
f 2133 2186 391
f 407 393 2186
f 2017 4513 4517
f 4517 1949 2017
f 407 2186 2248
f 414 407 2248
f 1941 2017 4519
f 1941 2012 2017
f 2248 2317 414
f 2007 2012 1938
f 582 414 2317
f 2036 2007 1938
f 1938 1954 2036
f 1938 2012 1941
f 582 2317 2416
f 1953 2034 1922
f 4509 2039 2121
f 2034 1861 1911
f 1911 1922 2034
f 1911 1997 1905
f 1911 1861 1997
f 582 2904 603
f 603 2904 2917
f 703 603 2917
f 1997 1995 1905
f 2416 2904 582
f 1905 1995 1901
f 703 2962 920
f 703 2917 2962
f 1995 4522 4636
f 1901 1995 4523
f 920 2962 2983
f 1968 1965 4529
f 4524 4522 1968
f 926 920 2983
f 4533 4527 1965
f 4525 4120 4524
f 1080 2316 2247
f 3502 3759 3743
f 4534 1962 4542
f 3501 3502 3743
f 1802 4113 4119
f 3535 3759 3502
f 1965 1962 4534
f 3535 3755 3759
f 3535 3551 3755
f 4542 1960 1879
f 4542 1962 1960
f 3551 3752 3755
f 3551 3561 3752
f 1960 1860 1879
f 3561 3742 3752
f 3561 3568 3742
f 1850 1722 4548
f 3568 3740 3742
f 3568 3685 3740
f 1725 1720 4553
f 3685 3707 3731
f 3685 3731 3740
f 1725 4548 4556
f 3707 3720 3729
f 3729 3731 3707
f 4554 1791 1847
f 1791 1855 1847
f 3692 3729 3828
f 3828 3729 3720
f 4557 1850 4126
f 4557 1722 1850
f 3844 3845 3723
f 1815 1715 1816
f 3723 3722 3844
f 1531 1455 1520
f 3469 3344 3334
f 1715 1815 1637
f 1520 1445 4817
f 1637 1815 1714
f 1815 1808 1714
f 3471 3460 3338
f 1560 1520 4817
f 1714 1808 4633
f 4817 4819 1560
f 3471 3338 3344
f 3824 3700 3692
f 4633 1718 1714
f 3828 3824 3692
f 3818 3700 3824
f 3471 3344 3469
f 1556 1560 4819
f 3468 3469 3334
f 4578 1750 4571
f 4571 1814 4578
f 2288 2773 2485
f 1706 1616 4573
f 1750 1710 1745
f 4822 4843 1556
f 1751 1744 1813
f 4567 1813 1814
f 3845 3801 3681
f 3681 3723 3845
f 1813 4574 4576
f 3468 3334 3294
f 4577 1812 4576
f 3416 3468 3294
f 3416 3294 3293
f 1706 4573 4579
f 3238 3219 3338
f 3235 3238 3351
f 3351 3238 3338
f 4582 1734 4581
f 3227 3235 3347
f 4580 4096 1812
f 3347 3235 3351
f 1700 4583 4586
f 1807 1700 4584
f 3219 3224 3344
f 3224 3248 3334
f 4583 4581 1734
f 3344 3224 3334
f 4600 4590 1729
f 5020 1696 5021
f 3338 3219 3344
f 1706 1704 4360
f 3326 3196 3213
f 2410 4084 2300
f 4596 1733 1810
f 1733 1704 1810
f 4600 4599 4587
f 4587 1809 4600
f 3326 3213 3204
f 3204 3322 3326
f 3320 3322 3204
f 3320 3204 3189
f 3330 3293 3201
f 3330 3201 3196
f 3330 3196 3326
f 1553 1603 4363
f 3318 3320 3189
f 3318 3189 3192
f 3316 3318 3192
f 1657 1658 1606
f 1657 1751 4567
f 1606 1658 4602
f 3192 3187 3316
f 1599 1659 1657
f 1599 1595 1659
f 3314 3316 3187
f 4604 1511 1382
f 1553 1479 1385
f 3187 3185 3314
f 2300 4084 2321
f 3185 3180 3314
f 3314 3180 3312
f 1656 1585 1506
f 3312 3180 3177
f 3310 3312 3177
f 3771 4104 3191
f 1655 1585 1656
f 3310 3177 3176
f 1654 1595 4626
f 1659 1595 1654
f 3191 4104 1436
f 2363 4106 2382
f 3310 3176 3306
f 3176 3172 3306
f 3304 3306 3172
f 3304 3172 3388
f 4613 1652 4611
f 3304 3388 3505
f 3505 3388 3164
f 4614 1461 1575
f 2938 2924 3128
f 3116 2938 3128
f 4617 1492 1574
f 3130 3128 2924
f 4619 1575 1646
f 1575 1461 1492
f 1584 1643 1573
f 1655 1643 1584
f 1573 1641 1572
f 1643 1641 1573
f 3130 2924 2920
f 3130 2920 3046
f 1572 1574 4628
f 1648 1574 1572
f 1519 1518 1606
f 2906 2912 3126
f 3126 2912 3127
f 4602 1519 1606
f 3126 3123 2981
f 1518 1516 1606
f 1599 1606 1516
f 1516 1514 1599
f 1595 1599 1514
f 1514 1512 1595
f 1385 1603 1553
f 1519 1603 4624
f 4630 1479 1382
f 2981 2906 3126
f 3123 3101 2979
f 3123 2979 2981
f 2382 4106 2296
f 2912 2938 3116
f 1465 4115 1472
f 3127 2912 3116
f 1656 1506 4615
f 1585 1498 1506
f 1394 1498 1584
f 1498 1585 1584
f 2969 3087 2972
f 3113 3046 2943
f 3113 2943 2972
f 3087 3113 2972
f 1595 1512 4626
f 4626 1652 1654
f 4611 1375 1579
f 3112 3087 2969
f 1472 4115 1590
f 1374 1492 1461
f 3112 2969 2966
f 1579 1375 1461
f 4355 4354 4589
f 4355 4620 4354
f 1394 1573 4623
f 1584 1573 1394
f 3112 2966 2957
f 1648 1572 4622
f 1490 1573 1572
f 3085 3112 2957
f 3083 3085 2957
f 4628 1490 1572
f 1550 1488 4629
f 1550 1548 1485
f 1550 1485 4791
f 2954 3075 2947
f 1548 1469 4145
f 2947 3075 3077
f 2954 2951 3075
f 4624 1422 1369
f 3075 2951 3073
f 3073 2951 2942
f 1382 1344 4630
f 3069 3073 2942
f 2942 3142 3069
f 1519 1425 4632
f 4632 1518 1519
f 3069 3142 3067
f 1418 1516 1518
f 3067 3142 2934
f 1418 1417 1516
f 1466 4145 1469
f 3067 2934 3043
f 3043 2934 2927
f 1514 1417 1414
f 1411 1514 1414
f 1514 1411 1512
f 4145 1485 1548
f 2927 3041 3043
f 1369 1366 1519
f 2925 3041 2927
f 2847 2718 2709
f 28 25 35
f 1382 1479 4604
f 2847 2709 2716
f 1400 4635 4615
f 2845 2847 2716
f 2716 2837 2845
f 1399 1400 1506
f 4615 1506 1400
f 4451 4184 1389
f 1389 4184 1462
f 1399 1498 1394
f 1506 1498 1399
f 36 35 4845
f 4845 64 36
f 1512 1407 4637
f 3450 3293 3330
f 3450 3330 3326
f 1375 1407 4645
f 3448 3450 3326
f 64 25 148
f 4638 1461 1375
f 148 25 142
f 3416 3293 3450
f 4639 4646 4628
f 1346 1396 4646
f 2681 2688 2820
f 1232 4186 1419
f 4628 4646 1490
f 2665 2681 2813
f 2813 2681 2820
f 2800 2803 2673
f 2673 2665 2800
f 1366 1425 1519
f 4640 1311 4650
f 1332 1369 4648
f 2803 2807 2676
f 1369 1519 4624
f 1366 1373 1425
f 1419 4186 1424
f 2676 2673 2803
f 4942 4270 1096
f 1365 1382 4642
f 2800 2665 2813
f 1365 1344 1382
f 1418 1425 1373
f 1373 1363 1418
f 1417 1418 1363
f 1363 1362 1417
f 2653 2676 2784
f 1362 1414 1417
f 1362 1361 1414
f 2650 2653 2782
f 2782 2653 2784
f 1414 1361 1411
f 1407 1411 1361
f 142 25 137
f 4645 1341 1375
f 137 25 28
f 1364 1400 1357
f 4635 1382 1511
f 3446 3448 3326
f 1399 1354 1355
f 1355 1400 1399
f 1355 1316 1357
f 3326 3322 3446
f 2119 2207 2309
f 2309 2207 2307
f 2307 2207 2205
f 1490 4646 1396
f 1346 1394 1396
f 1354 1394 1346
f 1399 1394 1354
f 2307 2205 2303
f 2205 2203 2303
f 1375 1341 4638
f 1303 1374 1341
f 1341 4645 4657
f 4623 1396 1394
f 2301 2303 2203
f 4650 1334 4648
f 1330 1282 4649
f 1332 1329 1366
f 1366 1369 1332
f 1369 1422 4650
f 4711 2203 2054
f 2202 2297 4711
f 1329 1373 1366
f 4396 2202 2200
f 1329 1327 1373
f 4649 1344 1330
f 2200 2199 4398
f 2287 4396 2200
f 4398 2199 4399
f 1096 4270 4224
f 4399 2199 2198
f 5024 4329 1333
f 4642 4653 4651
f 1323 4651 4653
f 1327 1363 1373
f 2198 2197 4399
f 1327 1320 1363
f 1333 4329 1309
f 1320 1362 1363
f 2197 2145 4401
f 1362 1319 1361
f 4402 2282 4401
f 4402 2278 2282
f 2145 2142 4402
f 2273 2276 2142
f 2142 2140 2273
f 2270 2273 2140
f 1364 1357 1322
f 2893 4361 2888
f 2888 4361 3006
f 1354 1316 1355
f 2140 2137 2270
f 1357 1400 1355
f 2267 2270 2137
f 1361 1319 4657
f 2137 2131 2267
f 2268 2267 2131
f 1284 1313 1351
f 4639 1351 4646
f 1374 1303 1351
f 1351 1303 1284
f 2268 2131 2130
f 1315 1354 1346
f 2259 2123 2125
f 1346 1313 1315
f 2257 2259 2125
f 2116 2259 2256
f 2259 2116 2123
f 1295 1332 4659
f 4648 1300 4659
f 2189 2116 2255
f 2255 2116 2256
f 2185 2189 2253
f 2253 2189 2255
f 4660 1311 4649
f 1282 1266 4660
f 1330 4661 4673
f 2042 1973 2189
f 1329 1332 1295
f 1295 1291 1329
f 2189 1973 2116
f 2189 2185 2038
f 1327 1329 1291
f 1291 1289 1327
f 2038 2042 2189
f 1287 1294 1323
f 1330 4651 4661
f 2185 2184 2033
f 1287 1322 1285
f 1323 1322 1287
f 2033 2038 2185
f 2184 2180 2029
f 2029 2033 2184
f 1289 4663 1320
f 1320 1327 1289
f 4664 1319 1320
f 1319 1264 4657
f 2180 2176 2024
f 2024 2029 2180
f 2176 2169 2016
f 2176 2016 2024
f 1315 1283 4666
f 1322 1316 1285
f 2166 2016 2169
f 1283 1313 4667
f 4666 1316 1354
f 2166 2011 2016
f 2166 2159 2224
f 3015 4364 3154
f 1264 1274 4683
f 4646 1313 1346
f 1283 1315 1313
f 2166 2224 2011
f 2156 2224 2159
f 1300 1280 4659
f 2156 2090 2224
f 4659 1279 1295
f 1279 1277 1295
f 1259 1280 4668
f 4660 1334 1311
f 2156 2147 2090
f 4669 1282 4673
f 4673 1271 1242
f 2147 2217 2090
f 2147 2144 2217
f 4673 4661 1271
f 2144 2126 1979
f 1275 1291 4674
f 2144 1979 2217
f 4674 1277 1275
f 2126 1977 1979
f 1275 1274 4675
f 1291 1275 1289
f 1977 2126 2122
f 2122 2118 1974
f 1974 1977 2122
f 4405 1451 1446
f 1273 1268 1285
f 1268 1287 1285
f 4405 1611 1529
f 1446 4406 4405
f 1271 1294 1269
f 4406 1446 1443
f 1269 1287 1268
f 1294 1287 1269
f 4406 1443 4407
f 1275 4675 4663
f 4407 1443 1440
f 1440 1607 4407
f 1281 1264 4676
f 4238 4237 1070
f 1430 4409 4511
f 1263 1284 1303
f 4676 1263 1281
f 4929 4934 1600
f 4677 1267 4667
f 1273 1285 4666
f 1776 1600 1419
f 1283 1267 4685
f 4667 1267 1283
f 1419 1424 1601
f 1424 1395 1601
f 1601 1395 1544
f 1532 1598 1413
f 1262 1220 1259
f 4668 1280 1300
f 1266 4668 4672
f 3154 4364 3018
f 1413 1386 1532
f 4669 1226 1201
f 1597 1409 1413
f 4671 1256 1279
f 1256 1252 1279
f 1276 1278 1118
f 1252 1277 1279
f 1598 1597 1413
f 1597 1596 1408
f 1408 1409 1597
f 1275 1277 1251
f 1251 1248 1275
f 4683 1223 1264
f 1274 1275 1248
f 1594 1408 1596
f 1594 1402 1408
f 3356 4380 3354
f 1268 1273 1235
f 1201 1226 4687
f 1240 1242 1271
f 1242 1226 4673
f 1402 1594 1593
f 1240 1269 1238
f 1271 1269 1240
f 1238 1268 4605
f 1269 1268 1238
f 1593 1510 1402
f 1593 1805 1650
f 1303 1281 1263
f 4699 1223 4683
f 4698 1198 1210
f 1593 1650 1510
f 3354 4380 3478
f 4685 1267 1243
f 1647 1650 1805
f 2921 4381 2771
f 1259 4688 4689
f 1220 1197 4695
f 4678 1221 1262
f 1650 1647 1645
f 1647 1800 1644
f 1217 1213 1256
f 4608 4689 1256
f 1647 1644 1645
f 1645 1644 1642
f 1210 1251 4690
f 807 861 4682
f 940 861 807
f 1213 1252 1256
f 1213 1211 1252
f 4690 1211 1210
f 807 802 940
f 1248 1251 1210
f 1210 1198 1248
f 4683 1198 4699
f 940 802 937
f 4411 937 802
f 802 801 4411
f 4412 936 4411
f 4684 1263 1223
f 4677 1243 1267
f 801 767 4412
f 2771 4381 2770
f 1156 1115 1144
f 4685 1208 1235
f 720 977 4413
f 986 4414 977
f 973 1082 969
f 4687 1170 4692
f 4678 4692 4701
f 4418 793 4414
f 561 4387 462
f 917 4420 4421
f 1347 4137 1581
f 1207 1242 1206
f 1082 5070 5058
f 971 973 969
f 28 24 137
f 1206 1240 1204
f 1242 1240 1206
f 1203 1204 1238
f 1204 1240 1238
f 3446 3322 3320
f 591 782 4342
f 4161 4419 4420
f 1203 1235 4603
f 4605 1203 1238
f 4421 4417 917
f 4422 901 4412
f 767 765 4422
f 765 764 898
f 4425 764 762
f 762 896 4425
f 1220 1262 1197
f 1262 1221 1197
f 4426 896 762
f 1161 1194 4696
f 4696 1196 4706
f 762 885 4426
f 762 745 885
f 1213 1217 1194
f 1194 1192 1213
f 1211 1213 1192
f 1192 1191 1211
f 1210 1211 1191
f 462 4387 459
f 4684 1223 4699
f 4699 1198 4698
f 745 752 883
f 2027 4388 2032
f 4691 1190 1243
f 878 883 752
f 878 752 739
f 885 745 883
f 739 733 867
f 878 739 867
f 864 867 733
f 4701 1221 4678
f 1166 4700 4701
f 864 733 741
f 1170 1207 1185
f 968 972 859
f 968 812 972
f 968 966 964
f 1206 1185 1207
f 2032 4388 2106
f 2085 4393 2005
f 2005 4393 2009
f 1178 1204 1175
f 1206 1204 1178
f 4603 4703 1203
f 1204 1203 1175
f 968 964 812
f 3443 3446 3320
f 4140 4397 1999
f 406 4438 4439
f 282 241 4428
f 241 353 4428
f 1165 1163 4705
f 4252 552 4432
f 281 282 4432
f 4437 4252 447
f 4705 4695 1165
f 4706 1161 4696
f 4688 1196 1217
f 1161 1160 1194
f 1192 1194 1160
f 1160 1159 1192
f 546 4263 4440
f 1192 1159 4708
f 4708 1191 1192
f 281 4436 4439
f 1191 4709 4698
f 281 4432 4435
f 4440 4295 546
f 1999 4397 2083
f 1190 1208 1243
f 406 4196 4438
f 4298 4297 4299
f 446 543 445
f 4292 4400 2082
f 4701 1172 1166
f 1165 1197 4714
f 444 445 543
f 4715 1117 1166
f 328 445 327
f 1166 1167 4700
f 1172 1170 4715
f 1185 1149 1128
f 445 444 443
f 445 443 327
f 443 325 327
f 1185 1206 1149
f 2082 4400 1993
f 1147 1146 1178
f 1146 1206 1178
f 444 442 443
f 443 442 441
f 443 441 325
f 533 424 441
f 533 441 442
f 441 323 325
f 1147 1178 1175
f 1147 1175 4717
f 323 441 424
f 1121 1145 1190
f 4703 1145 4717
f 323 424 423
f 421 315 423
f 423 315 323
f 137 24 135
f 3318 3439 3320
f 3439 3318 3316
f 3316 3437 3439
f 1139 1165 4719
f 1117 1140 1166
f 4643 4765 1961
f 4718 1167 1166
f 3314 3435 3316
f 1117 1137 1111
f 1165 1139 1163
f 2112 4403 2018
f 3316 3435 3437
f 4706 1135 1161
f 135 24 134
f 1135 1131 1161
f 3314 3312 3435
f 3439 3443 3320
f 1160 1161 1131
f 1160 1131 1105
f 134 24 58
f 58 24 28
f 1160 1129 4722
f 4722 1159 1160
f 1306 1150 1151
f 1150 994 1151
f 1156 4710 4723
f 1156 1091 1115
f 1152 1306 1151
f 1151 994 997
f 4714 1141 4719
f 3435 3312 3430
f 1166 1172 4715
f 1154 1151 997
f 2018 4403 1959
f 4415 1470 1290
f 1128 1137 1185
f 1470 4415 1463
f 4726 4717 1145
f 1146 1147 1125
f 1126 1146 1125
f 1149 1146 1126
f 1154 1152 1151
f 1158 1152 1154
f 1115 1091 1095
f 1190 1115 1121
f 3312 3310 3430
f 1125 1147 4726
f 3430 3310 3429
f 999 1162 1154
f 1141 1114 4719
f 1162 1158 1154
f 4718 1063 1141
f 1087 1114 1141
f 3429 3310 3306
f 4719 1085 1139
f 1085 1112 1139
f 3429 3306 3425
f 1111 1083 4729
f 1111 1137 1109
f 1140 1117 4729
f 1158 1162 1324
f 1162 999 966
f 3306 3304 3425
f 1112 1135 1163
f 1112 1107 1135
f 1131 1135 1107
f 1075 1105 1131
f 3011 4424 3110
f 1105 1129 1160
f 1164 1162 966
f 1129 1092 4732
f 1164 1324 1162
f 3425 3304 3647
f 1164 966 968
f 3647 3304 3505
f 1137 1128 1109
f 3110 4424 3260
f 968 1039 1164
f 1039 968 859
f 222 4441 221
f 1126 1103 1128
f 1039 859 1043
f 3505 3412 3647
f 4799 4446 1376
f 1445 1455 4449
f 1091 1092 4749
f 1095 1121 1115
f 4449 4446 1445
f 4758 1067 1095
f 4726 1094 4741
f 1098 1125 4741
f 1126 1125 1098
f 4448 1447 1376
f 4450 1377 4451
f 4448 1376 4450
f 1379 4449 4665
f 4451 1377 1379
f 1141 1063 1087
f 1083 1026 4729
f 1010 1022 1087
f 1383 1381 4450
f 221 4441 244
f 5113 4447 268
f 1085 1114 4742
f 4184 4451 1379
f 1381 1383 1468
f 1112 1085 1081
f 1081 1079 1112
f 268 4447 5130
f 1481 1468 1383
f 1383 1389 1481
f 1083 1111 1078
f 2761 2759 2695
f 4658 2758 2708
f 1111 1109 1078
f 515 4455 5128
f 2696 2708 2758
f 1075 1107 1079
f 1131 1107 1075
f 2696 2758 2775
f 2708 2695 4658
f 3754 3739 3596
f 3512 3643 3517
f 3761 3754 3598
f 3598 3754 3596
f 4746 1105 1075
f 1076 1103 1074
f 1109 1103 1076
f 469 4460 422
f 3598 3623 3764
f 1098 1074 1103
f 3764 3761 3598
f 4746 4749 1092
f 1092 1105 4746
f 3765 3764 3630
f 3630 3764 3623
f 4750 1023 4758
f 3638 3766 3765
f 1095 4751 4740
f 3630 3638 3765
f 3648 3769 3766
f 1098 4741 1069
f 422 4460 426
f 4740 1121 1095
f 3638 3648 3766
f 4742 1021 1054
f 4742 1054 1085
f 3648 3651 3691
f 1054 1053 1085
f 1063 1026 1010
f 1022 4742 1087
f 1026 1051 1009
f 3648 3691 3769
f 3769 3286 3287
f 3766 3769 3287
f 1037 1051 1083
f 1051 1026 1083
f 3261 3286 3769
f 1081 1085 1053
f 1081 1053 1017
f 3691 3261 3769
f 3691 3694 3256
f 1079 1081 1048
f 1048 1042 1079
f 1037 1083 1078
f 1078 1035 1037
f 433 4464 472
f 1076 1035 1078
f 3256 3261 3691
f 3694 3706 3243
f 3243 3256 3694
f 3706 3713 3839
f 3839 3243 3706
f 472 4464 475
f 1042 1075 1079
f 3713 3716 3840
f 3713 3840 3839
f 4746 1075 1042
f 3718 3840 3716
f 3718 3843 3840
f 4756 1024 4766
f 3843 3747 3661
f 1040 1074 1031
f 1076 1074 1040
f 635 4466 637
f 4757 1011 1030
f 3529 3661 3747
f 1015 1031 1030
f 1074 1069 1031
f 3658 3781 3783
f 3784 3656 3653
f 4766 1024 4746
f 3528 3658 3783
f 3528 3783 3653
f 4757 1030 1069
f 1095 1067 4751
f 3656 3528 3653
f 1021 1007 980
f 3655 3657 3656
f 4770 1022 1010
f 3784 3655 3656
f 637 4466 541
f 1021 1019 1054
f 1053 1054 1019
f 1019 1017 1053
f 1087 1063 1010
f 3657 3655 3659
f 3548 3657 3659
f 3789 3660 3659
f 4759 1026 1009
f 3792 3662 3789
f 3789 3662 3660
f 3792 3663 3662
f 3555 3548 3659
f 1017 1048 1081
f 1017 1016 1048
f 3659 3660 3555
f 3555 3660 3662
f 1048 1016 4760
f 4760 1042 1048
f 4847 4477 825
f 3555 3662 3665
f 1009 1051 4763
f 3662 3663 3673
f 3673 3665 3662
f 1051 1037 1014
f 825 4477 843
f 1013 1035 1012
f 1037 1035 1013
f 1040 1012 1035
f 3795 3682 3673
f 3663 3795 3673
f 4479 1825 4494
f 3665 3673 3575
f 1825 4479 1826
f 3575 3673 3682
f 1095 4748 4750
f 3575 3682 3684
f 3795 3777 3682
f 3682 3777 3687
f 1031 1069 1030
f 1015 1030 4768
f 4776 983 4790
f 1069 1066 4758
f 1015 1040 1031
f 3682 3687 3684
f 4770 960 4780
f 4780 1022 4770
f 1021 4742 4769
f 3777 3785 3687
f 4769 4742 1022
f 4759 1009 984
f 68 460 364
f 4785 957 959
f 109 519 460
f 1005 984 1009
f 4772 1005 1009
f 1006 1019 1021
f 109 460 68
f 1017 1019 1000
f 1000 995 1017
f 1929 4494 1820
f 528 519 122
f 1017 995 1016
f 1820 4494 1825
f 1016 993 4775
f 122 519 109
f 565 528 125
f 4767 1008 4776
f 125 528 122
f 569 565 128
f 4768 985 1015
f 128 565 125
f 4763 4779 4772
f 4772 1009 4763
f 988 1013 4597
f 1014 1013 988
f 1015 985 987
f 1013 1012 987
f 987 1012 1015
f 576 569 129
f 129 569 128
f 4790 983 993
f 991 1011 4767
f 4768 4777 985
f 960 982 4780
f 980 1006 1021
f 129 144 583
f 894 4515 858
f 583 576 129
f 144 149 587
f 1007 981 4796
f 980 979 1006
f 587 583 144
f 152 1080 587
f 149 152 587
f 943 4795 4803
f 4771 1005 957
f 156 1080 152
f 750 20 18
f 4132 952 4801
f 20 750 776
f 776 26 20
f 858 4515 4834
f 238 26 776
f 238 776 761
f 215 238 761
f 1781 4549 1780
f 978 4786 1002
f 761 40 215
f 3624 3416 3450
f 3621 3624 3450
f 1006 979 1000
f 1780 4549 1620
f 3621 3450 3448
f 995 1000 967
f 967 965 995
f 3443 3612 3446
f 3618 3621 3448
f 3448 3446 3618
f 1771 4569 1679
f 993 995 965
f 3612 3618 3446
f 3612 3443 3439
f 963 4777 4793
f 4776 1008 983
f 3439 3610 3612
f 1679 4569 1683
f 3610 3439 3437
f 3437 3608 3610
f 3435 3605 3437
f 976 988 4594
f 1002 988 976
f 987 961 921
f 4597 962 4594
f 3437 3605 3608
f 3430 3591 3435
f 4812 963 923
f 3435 3591 3605
f 985 963 961
f 3576 3416 3624
f 3430 3429 3591
f 1049 867 1027
f 3591 3429 3589
f 3589 3429 3425
f 943 981 4795
f 943 939 981
f 938 980 4796
f 3589 3425 3649
f 4796 939 938
f 3425 3647 3649
f 3646 3649 3647
f 894 4572 921
f 938 979 980
f 3412 3646 3647
f 1027 867 864
f 1049 878 867
f 3646 3412 3577
f 3412 3491 3577
f 4805 959 4806
f 1049 1056 878
f 3571 3577 3491
f 4785 4771 957
f 932 933 4808
f 4809 4806 957
f 4786 4810 4808
f 932 4808 4810
f 930 976 4594
f 978 976 930
f 967 979 934
f 934 924 967
f 965 967 924
f 965 924 4820
f 3571 3491 3486
f 4811 919 884
f 3486 3426 3571
f 4790 919 956
f 4793 923 963
f 4820 919 965
f 928 962 4572
f 4594 928 930
f 3571 3426 3567
f 961 987 985
f 987 921 4572
f 3560 3556 3480
f 3560 3480 3484
f 921 961 4812
f 918 881 4815
f 3560 3484 3481
f 3563 3560 3481
f 880 4816 4830
f 952 4794 4816
f 3477 3480 3554
f 3554 3480 3556
f 3464 3477 3547
f 939 943 913
f 913 911 939
f 938 939 911
f 911 910 938
f 3547 3477 3554
f 3463 3464 3541
f 910 934 938
f 910 909 934
f 4803 915 943
f 915 913 943
f 4804 914 944
f 3541 3464 3547
f 3459 3463 3539
f 3539 3463 3541
f 4818 914 4804
f 3254 3168 3044
f 906 932 902
f 933 932 906
f 4572 962 987
f 3044 3124 3254
f 891 928 4572
f 891 930 928
f 3252 3254 3124
f 3124 3122 3252
f 930 902 932
f 3250 3252 3122
f 3122 3121 3250
f 3245 3250 3121
f 909 924 934
f 909 857 4820
f 3121 3115 3245
f 3245 3118 3246
f 884 923 4811
f 3241 3246 3118
f 3118 3109 3241
f 862 889 923
f 4515 894 921
f 4572 894 891
f 3115 3118 3245
f 4836 823 4859
f 3241 3109 3107
f 3241 3107 3239
f 3225 3239 3107
f 3225 3107 3090
f 3225 3103 3236
f 3236 3103 3094
f 851 877 915
f 4838 915 4815
f 952 4132 4794
f 881 4841 4840
f 3232 3236 3094
f 3096 3035 3234
f 847 914 4818
f 3234 3228 3092
f 3234 3092 3096
f 3228 3232 3094
f 911 913 874
f 874 873 911
f 910 911 873
f 873 871 910
f 871 857 909
f 909 910 871
f 3228 3094 3092
f 913 915 877
f 877 874 913
f 4818 4832 876
f 4818 876 847
f 868 902 863
f 906 902 868
f 3090 3103 3225
f 3208 3055 3181
f 3208 3072 3055
f 921 889 4515
f 858 891 894
f 863 891 858
f 902 891 863
f 3208 3206 3072
f 1061 883 1056
f 4820 924 909
f 4812 889 921
f 884 857 823
f 889 4834 4515
f 885 4855 4851
f 3116 3128 3248
f 3242 3128 3130
f 885 883 1061
f 3201 3242 3130
f 4841 881 918
f 4828 880 856
f 952 918 4814
f 832 849 877
f 883 878 1056
f 4842 855 880
f 3201 3130 3046
f 856 880 855
f 890 885 4851
f 880 4830 4842
f 876 846 847
f 3248 3128 3242
f 4861 890 4857
f 4869 1070 4237
f 873 844 843
f 874 844 873
f 873 843 871
f 1182 1084 4944
f 3219 3238 3126
f 849 874 877
f 849 844 874
f 4872 4913 4857
f 2871 2865 2997
f 2997 2865 2979
f 928 4594 962
f 868 846 876
f 2864 2871 2992
f 2992 2871 2997
f 839 840 863
f 2862 2864 2989
f 840 868 863
f 2989 2864 2992
f 2986 2861 2989
f 4477 4847 871
f 2989 2861 2862
f 4847 857 871
f 4836 884 823
f 2858 2861 2985
f 4859 823 770
f 770 796 4859
f 2985 2861 2986
f 2978 2854 2858
f 839 858 4850
f 839 863 858
f 2985 2978 2858
f 2978 2975 2850
f 2978 2850 2854
f 4853 4854 835
f 2975 2968 2846
f 2846 2850 2975
f 855 826 797
f 4862 797 822
f 4854 856 855
f 2965 2846 2968
f 833 805 4863
f 832 851 836
f 2965 2844 2846
f 836 851 4838
f 2961 2836 2844
f 877 851 832
f 832 831 849
f 4842 826 855
f 2965 2961 2844
f 826 847 833
f 4594 988 4597
f 830 846 829
f 847 846 830
f 844 849 831
f 831 828 844
f 828 843 844
f 825 843 4856
f 2961 2959 2834
f 2834 2836 2961
f 829 840 827
f 846 840 829
f 4850 827 839
f 840 839 827
f 2959 2956 2830
f 2959 2830 2834
f 871 843 4477
f 2950 2830 2956
f 2950 2827 2830
f 825 4856 4866
f 4859 862 4836
f 2950 2948 2827
f 2948 2823 2827
f 2940 2819 2823
f 827 4850 4858
f 2940 2823 2948
f 2936 2819 2940
f 2936 2817 2819
f 835 821 4852
f 2926 2808 2810
f 4852 820 836
f 820 819 836
f 2781 2796 2908
f 822 4854 4862
f 821 835 4860
f 2908 2796 2918
f 2915 2918 2796
f 4863 781 4877
f 2796 2790 2915
f 2913 2915 2790
f 797 826 4863
f 2790 2788 2913
f 833 800 805
f 832 836 819
f 819 817 832
f 2907 2913 2788
f 2788 2786 2907
f 817 811 831
f 1680 1611 1609
f 831 832 817
f 1607 1779 4510
f 962 4597 987
f 830 800 833
f 808 799 829
f 4511 1600 1777
f 799 830 829
f 831 811 828
f 1153 4511 1777
f 1776 1883 1777
f 811 4866 4856
f 1419 1601 1776
f 4850 4834 838
f 823 825 770
f 1707 1776 1601
f 1601 1544 1707
f 1772 1598 1689
f 1689 1598 1532
f 808 829 827
f 808 827 4867
f 1598 1772 1770
f 772 754 4875
f 785 806 796
f 1770 1597 1598
f 1597 1770 1769
f 1769 1596 1597
f 1596 1769 1766
f 1766 1594 1596
f 1763 1593 1594
f 1763 1594 1766
f 1761 1805 1593
f 1763 1761 1593
f 1803 1805 1761
f 1803 1647 1805
f 4860 792 821
f 987 4597 1013
f 1951 1800 1647
f 744 4864 4877
f 721 792 822
f 1951 1647 1803
f 1797 1800 1951
f 4868 820 4852
f 795 790 820
f 819 820 790
f 790 788 819
f 1800 1797 1792
f 797 4863 4864
f 1797 1786 1792
f 1792 1786 1784
f 788 786 817
f 817 819 788
f 1792 1784 1675
f 786 811 817
f 4703 4603 1208
f 1784 1783 1675
f 1786 1942 1784
f 1942 1936 1783
f 4873 4867 806
f 799 808 774
f 811 4871 4866
f 1783 1784 1942
f 1372 1410 1526
f 1526 1410 1577
f 4875 770 772
f 1372 1202 1410
f 754 785 4875
f 774 808 4873
f 4641 1127 958
f 4641 958 789
f 950 958 1118
f 1118 958 1127
f 780 781 805
f 951 955 1120
f 1208 4603 1235
f 800 780 805
f 774 777 799
f 800 799 777
f 1120 955 1124
f 1123 1124 955
f 955 954 1123
f 954 953 1123
f 822 744 721
f 792 721 4890
f 4879 4868 821
f 1123 953 1122
f 3219 3126 3127
f 738 766 4880
f 1180 4857 4913
f 4530 1116 1177
f 790 795 766
f 1116 949 1119
f 788 763 757
f 790 763 788
f 766 763 790
f 1119 949 950
f 1118 1119 950
f 949 1176 4521
f 788 757 786
f 4559 1028 4535
f 1157 4535 4634
f 1173 4532 4535
f 4893 754 4882
f 5279 1349 1345
f 772 4871 4882
f 4538 4526 4537
f 5293 1173 4535
f 4858 806 4867
f 947 948 4540
f 756 785 4883
f 4883 731 756
f 4540 4539 947
f 5293 4543 1173
f 945 4546 4547
f 4894 721 744
f 1077 1086 4546
f 781 749 753
f 945 4547 4552
f 4877 753 744
f 4550 5289 1077
f 749 781 780
f 780 748 749
f 4552 4551 945
f 4338 942 4339
f 1203 4605 1235
f 777 748 780
f 5259 4555 1064
f 882 942 4555
f 1059 1055 935
f 747 774 4886
f 747 777 774
f 1052 941 935
f 742 768 4879
f 738 768 742
f 1055 1052 935
f 718 717 742
f 1052 1050 860
f 860 941 1052
f 4880 768 738
f 738 737 766
f 763 766 737
f 737 736 763
f 763 736 757
f 1235 4605 1268
f 4689 4608 1259
f 1050 1047 922
f 1050 922 860
f 731 754 4902
f 4886 4873 756
f 1047 1045 916
f 916 922 1047
f 1045 1043 859
f 859 916 1045
f 743 721 4904
f 1157 4558 4561
f 4884 753 728
f 1176 949 4530
f 1157 1155 4559
f 728 753 727
f 1148 1155 4561
f 4561 4560 1148
f 810 4170 4174
f 726 727 749
f 727 753 749
f 725 707 726
f 749 748 726
f 725 748 747
f 725 747 4895
f 4563 4562 1143
f 1143 1142 5275
f 756 731 4906
f 4886 756 4906
f 1059 935 4172
f 4888 718 742
f 4890 721 743
f 4568 4566 931
f 1259 4608 4671
f 931 929 4568
f 738 717 716
f 4570 4568 929
f 929 1136 4570
f 3770 3650 3643
f 716 737 738
f 929 927 1136
f 927 925 1136
f 3573 4609 3750
f 715 736 737
f 1136 925 1134
f 3750 4609 3751
f 1134 1133 1004
f 1133 1132 1004
f 4923 714 4900
f 754 4893 4903
f 1004 1132 1003
f 1133 1134 925
f 804 803 4162
f 4908 743 4904
f 4904 673 4908
f 699 713 672
f 4894 699 721
f 4162 907 4163
f 1133 925 907
f 713 728 727
f 713 699 4894
f 4615 1511 1656
f 727 710 713
f 709 726 707
f 727 726 709
f 4907 677 725
f 726 748 725
f 704 731 4902
f 4906 4895 4886
f 704 4902 4915
f 4998 1635 1688
f 1608 1688 1635
f 1537 1608 1635
f 4909 696 4916
f 1612 1608 1537
f 699 672 4910
f 1608 1612 1695
f 1613 1695 1612
f 1521 1613 1612
f 718 693 687
f 687 686 717
f 716 717 686
f 716 686 649
f 1614 1613 1521
f 1613 1697 1695
f 685 715 716
f 4923 715 685
f 4588 1698 5023
f 1697 1613 4588
f 671 702 714
f 714 632 671
f 5023 1698 5028
f 1755 1698 4601
f 4909 4908 696
f 1614 4595 4601
f 687 717 718
f 4916 669 631
f 1662 1755 1524
f 1755 1662 1718
f 1757 1615 1781
f 1781 1615 1626
f 672 713 4912
f 1757 1618 1615
f 1511 4615 4635
f 710 683 4912
f 1615 1618 1540
f 1619 1540 1618
f 675 707 4914
f 675 709 707
f 1619 1618 1758
f 680 709 675
f 710 709 680
f 1758 1759 1619
f 638 674 4915
f 731 704 4906
f 704 674 677
f 1619 1759 1660
f 677 707 725
f 1760 1660 1759
f 1661 1660 1760
f 1661 1760 1764
f 4631 1764 1782
f 4910 673 4904
f 1782 1663 4631
f 4627 1629 1718
f 693 718 4908
f 670 665 693
f 4917 673 4910
f 4932 670 4909
f 669 4918 4931
f 658 625 626
f 1718 1662 4627
f 669 633 4918
f 1636 1629 1547
f 1396 4623 1490
f 1782 1667 1663
f 1490 4623 1573
f 649 685 716
f 685 649 4925
f 1785 1667 1782
f 1667 1785 1789
f 665 687 693
f 1789 1671 1667
f 665 657 687
f 686 657 649
f 4606 1790 4610
f 4912 4924 4919
f 658 4919 4924
f 680 643 622
f 683 680 646
f 1673 1671 4606
f 1568 4385 4607
f 4610 1791 1640
f 618 638 4930
f 1640 1673 4610
f 4612 2610 2482
f 643 675 4928
f 4928 4914 634
f 4927 634 677
f 680 675 643
f 2482 2589 4612
f 2610 2483 2482
f 671 632 4930
f 2482 2483 4616
f 2613 4625 2483
f 2485 2484 4625
f 2484 2485 4621
f 2619 2486 2485
f 2502 2619 2620
f 633 669 4917
f 2483 4625 2484
f 670 4932 4933
f 616 4933 4932
f 2620 2625 2502
f 629 627 665
f 2502 2625 2504
f 1629 4627 1547
f 672 661 4918
f 2515 2504 2625
f 2625 2627 2515
f 630 661 4935
f 2528 2515 2627
f 2627 2631 2528
f 1547 4627 1662
f 1764 4631 1661
f 657 665 627
f 627 624 657
f 649 657 624
f 606 623 4925
f 1661 4631 1663
f 2631 2632 2528
f 2528 2632 2540
f 646 625 658
f 621 622 643
f 2632 2634 2540
f 622 646 680
f 2540 2634 2547
f 4925 623 640
f 1718 4633 1807
f 2551 2547 2634
f 618 4939 4950
f 638 618 604
f 4939 632 640
f 604 620 638
f 2634 2636 2551
f 4973 553 511
f 2561 2551 2636
f 620 604 562
f 2636 2638 2561
f 629 665 670
f 2575 2561 2638
f 2638 2640 2575
f 2575 2640 2649
f 1807 4633 1808
f 4943 4931 601
f 2580 2575 2649
f 2659 2586 2649
f 630 615 4945
f 2586 2580 2649
f 670 617 629
f 617 612 629
f 4946 627 629
f 629 612 4946
f 2659 2684 2584
f 2584 2586 2659
f 3587 3741 3593
f 610 615 626
f 4935 615 630
f 3584 3645 3775
f 610 625 609
f 626 625 610
f 606 624 611
f 624 627 611
f 3775 3688 3584
f 3585 3584 3688
f 3585 3688 3699
f 649 624 606
f 3587 3585 3699
f 4962 4950 623
f 3699 3705 3587
f 622 621 602
f 625 622 609
f 3587 3705 3741
f 4963 525 562
f 602 609 622
f 3593 3741 3715
f 3594 3593 3715
f 3614 3594 3715
f 4927 620 4941
f 3715 3717 3614
f 4928 621 643
f 3733 3770 3643
f 3619 3614 3717
f 3717 3733 3619
f 4957 4958 4933
f 617 4933 4958
f 3619 3733 3643
f 4956 551 597
f 4959 4943 601
f 3569 3573 3750
f 616 597 4957
f 596 601 4945
f 560 601 596
f 3529 3569 3750
f 4609 3573 3580
f 572 615 564
f 4945 601 630
f 3580 3751 4609
f 612 617 590
f 590 570 612
f 611 612 570
f 5294 4634 1177
f 3418 3760 3751
f 568 564 610
f 564 615 610
f 567 520 568
f 610 609 568
f 3418 3751 3580
f 3631 3542 3760
f 3418 3631 3760
f 4961 606 611
f 4644 3774 3767
f 1177 4634 4535
f 3637 3763 3762
f 3762 3542 3632
f 606 511 4962
f 3632 3542 3631
f 3637 3762 3632
f 4953 602 621
f 567 609 602
f 3634 3767 3763
f 567 602 4964
f 4941 634 4927
f 3634 3763 3637
f 3767 3634 4644
f 3650 3770 3773
f 4523 4636 1895
f 3773 3774 3650
f 3650 3774 3652
f 4959 601 560
f 1895 4636 4522
f 566 162 167
f 596 512 560
f 4966 509 548
f 573 566 167
f 531 500 502
f 464 159 162
f 566 464 162
f 1127 4641 1120
f 464 452 161
f 4966 592 4957
f 464 161 159
f 548 530 592
f 432 48 386
f 366 386 48
f 590 530 529
f 366 48 115
f 365 366 115
f 570 529 526
f 590 529 570
f 611 570 4961
f 115 108 365
f 267 1099 1101
f 1099 267 262
f 262 1020 1099
f 262 1193 1018
f 511 474 4973
f 567 4974 4997
f 568 609 567
f 1020 262 1018
f 1120 4641 951
f 531 4969 572
f 572 564 522
f 1957 4643 2078
f 3054 1018 1193
f 520 492 4978
f 521 564 568
f 3054 1193 74
f 74 72 3054
f 3054 72 336
f 562 604 4963
f 620 562 4953
f 333 336 72
f 4643 2060 4654
f 4974 4964 562
f 72 65 333
f 318 333 65
f 318 65 55
f 314 318 55
f 4985 4966 551
f 2062 4647 2043
f 4956 4965 551
f 509 504 548
f 55 53 314
f 475 512 4988
f 432 314 53
f 432 53 51
f 2043 4647 4516
f 4990 502 4986
f 530 548 504
f 504 499 530
f 529 530 499
f 499 498 529
f 526 529 498
f 498 479 526
f 4992 511 526
f 51 48 432
f 287 81 16
f 2012 4652 2017
f 4997 520 567
f 525 4994 5015
f 531 522 500
f 2017 4652 2067
f 494 521 492
f 522 521 494
f 448 476 496
f 4978 568 520
f 29 300 305
f 300 29 271
f 1477 300 271
f 307 16 17
f 307 17 305
f 1684 307 305
f 560 512 4965
f 287 16 307
f 300 1684 305
f 491 551 5003
f 488 486 509
f 170 117 81
f 509 486 504
f 2168 4654 2060
f 170 81 287
f 163 127 117
f 170 163 117
f 169 139 127
f 163 169 127
f 167 138 139
f 512 475 5008
f 5008 510 4965
f 169 167 139
f 20 269 271
f 4654 2078 4643
f 269 20 26
f 483 502 482
f 26 264 269
f 1444 1477 271
f 271 269 1444
f 482 500 481
f 502 500 482
f 2290 4655 2344
f 484 499 504
f 264 1444 269
f 238 260 264
f 498 480 479
f 499 480 498
f 238 264 26
f 259 260 215
f 526 479 4992
f 215 260 238
f 215 198 256
f 2344 4655 2213
f 5015 474 5014
f 256 259 215
f 198 6 250
f 198 250 256
f 256 250 1195
f 6 245 250
f 481 494 477
f 500 494 481
f 1195 250 245
f 494 492 477
f 233 1195 245
f 2574 4656 2560
f 496 478 448
f 245 15 216
f 4997 476 520
f 245 216 233
f 209 233 216
f 364 460 2565
f 2560 4656 2386
f 364 2565 2510
f 4985 471 488
f 471 470 488
f 486 488 470
f 470 469 486
f 484 486 469
f 469 468 484
f 2576 2565 519
f 2758 4658 2759
f 5018 5003 510
f 519 2565 460
f 4464 433 439
f 439 475 4464
f 475 4986 5022
f 5022 467 475
f 483 482 463
f 463 466 483
f 463 481 458
f 482 481 463
f 484 468 480
f 2759 4658 2695
f 2658 2576 528
f 5014 478 5015
f 479 480 455
f 528 2576 519
f 458 477 454
f 481 477 458
f 415 448 5025
f 476 492 520
f 2660 2658 565
f 5052 5037 396
f 476 448 5038
f 565 2658 528
f 565 569 2693
f 2693 2660 565
f 436 5026 5042
f 439 413 5018
f 431 429 471
f 430 433 472
f 433 395 5043
f 413 5027 5043
f 409 431 5029
f 471 429 5030
f 5030 470 471
f 470 426 4460
f 4460 469 470
f 468 422 419
f 469 422 468
f 569 576 2700
f 5029 436 5041
f 2700 2693 569
f 430 467 427
f 472 467 430
f 576 583 2738
f 2738 2700 576
f 583 587 2247
f 425 467 466
f 425 427 467
f 583 2247 2738
f 1080 2247 587
f 2941 293 2843
f 425 466 463
f 463 418 425
f 293 2941 2824
f 18 293 2824
f 463 458 5033
f 5034 416 5051
f 2120 750 2824
f 750 2120 2135
f 2135 776 750
f 2824 750 18
f 468 419 455
f 776 2135 2035
f 761 776 2035
f 40 761 2035
f 455 5035 5036
f 2035 342 40
f 3606 3611 3748
f 5049 415 394
f 454 416 458
f 3714 3606 3748
f 5025 5014 5036
f 3602 3606 3703
f 448 5037 5038
f 3703 3606 3714
f 3595 3602 3702
f 3702 3602 3703
f 3696 3628 3595
f 3702 3696 3595
f 3696 3693 3627
f 436 473 5026
f 5041 409 5029
f 3627 3628 3696
f 475 467 472
f 5055 412 5054
f 471 5019 5029
f 409 408 431
f 3746 3627 3693
f 3672 3563 3540
f 2581 4662 2679
f 3669 3549 3574
f 433 430 5046
f 405 5044 5046
f 431 408 5047
f 5047 429 431
f 3576 3677 3578
f 3679 3669 3574
f 426 429 403
f 403 402 426
f 3679 3574 3578
f 430 427 401
f 401 404 430
f 3677 3679 3578
f 400 427 425
f 400 401 427
f 426 402 5048
f 5048 422 426
f 3540 3549 3675
f 399 419 422
f 399 394 5035
f 5050 335 5063
f 400 418 398
f 425 418 400
f 5088 5087 370
f 5033 418 463
f 5035 394 415
f 396 5063 5065
f 5017 454 477
f 3675 3549 3669
f 5038 454 476
f 3672 3540 3675
f 2955 3083 2957
f 3238 3235 3123
f 3083 2955 2952
f 2952 3081 3083
f 5042 5040 5054
f 5043 5040 413
f 3081 2952 2949
f 3052 3081 2949
f 4122 4118 339
f 3077 3052 2949
f 409 5041 5059
f 3077 2949 2947
f 5059 5055 383
f 2920 2943 3046
f 408 379 377
f 409 379 408
f 2644 2650 2866
f 2866 2650 2782
f 382 405 376
f 5057 5044 382
f 376 404 375
f 405 404 376
f 2642 2644 2865
f 377 403 408
f 377 373 403
f 2865 2644 2866
f 2784 2676 2807
f 403 373 5060
f 5060 402 403
f 2848 2820 2688
f 404 401 371
f 371 375 404
f 2848 2688 2718
f 5061 370 338
f 5061 400 370
f 2848 2718 2847
f 402 372 399
f 3123 3126 3238
f 1182 4967 4921
f 2679 4662 2689
f 4920 4937 1180
f 4861 896 890
f 3227 3101 3123
f 5062 5050 394
f 2829 2839 2737
f 370 400 398
f 2737 2736 2829
f 5088 370 398
f 2829 2736 2825
f 396 397 5052
f 3235 3227 3123
f 3224 3219 3127
f 2825 2736 2894
f 898 896 4926
f 2825 2894 2814
f 2894 2765 2892
f 2814 2894 2892
f 3224 3127 3116
f 2814 2892 2812
f 4926 1057 898
f 3224 3116 3248
f 901 898 1057
f 2812 2892 2674
f 4887 4905 1181
f 2812 2674 2804
f 4130 4122 339
f 2674 2669 2804
f 329 385 5067
f 5071 5056 329
f 2794 2804 2669
f 1456 4665 1455
f 392 5056 5071
f 383 5053 329
f 2794 2669 2666
f 2666 2663 2794
f 4117 4116 322
f 2794 2663 2791
f 384 5057 5076
f 2663 2651 2791
f 5076 5068 392
f 349 292 351
f 2791 2651 2787
f 379 383 5069
f 352 348 379
f 377 379 348
f 348 347 377
f 2783 2787 2651
f 382 376 5080
f 2783 2651 2645
f 5080 349 351
f 2645 2643 2783
f 376 375 345
f 5099 5098 346
f 2783 2643 2781
f 2523 2535 2676
f 2688 2548 2718
f 347 373 377
f 347 343 373
f 3113 3196 3046
f 1096 1352 4940
f 343 372 373
f 372 343 5101
f 345 375 371
f 3213 3196 3113
f 5120 5099 5100
f 5082 345 371
f 3213 3113 3087
f 3204 3087 3112
f 3204 3112 3085
f 3085 3189 3204
f 4940 4942 1096
f 3213 3087 3204
f 399 372 5081
f 2737 2593 2736
f 2593 2626 2767
f 2736 2593 2767
f 5065 4131 397
f 341 330 5085
f 341 5087 5088
f 2626 2624 2767
f 1084 1182 4892
f 1187 1186 4951
f 2736 2767 2894
f 2765 2894 2767
f 2767 2624 2765
f 2624 2570 2765
f 4921 1183 4905
f 3196 3201 3046
f 2765 2570 2558
f 1184 1188 4975
f 4967 4968 1188
f 2892 2765 2558
f 5092 355 5091
f 5066 4130 339
f 2558 2674 2892
f 2554 2674 2558
f 2669 2674 2554
f 5092 352 5069
f 2669 2554 2550
f 2666 2669 2550
f 303 297 5096
f 2666 2550 2545
f 5075 5093 319
f 319 358 5075
f 2663 2666 2545
f 2543 2663 2545
f 2663 2543 2541
f 2541 2651 2663
f 251 285 5119
f 292 349 276
f 351 382 5080
f 2651 2541 2539
f 297 288 5096
f 5096 352 303
f 348 288 5097
f 5097 347 348
f 2645 2651 2539
f 2539 2537 2645
f 349 346 5098
f 2645 2537 2643
f 5123 5118 5124
f 5098 276 349
f 2253 2341 2184
f 2184 2185 2253
f 5099 283 5098
f 2341 2340 2180
f 346 376 345
f 2180 2184 2341
f 276 285 243
f 5108 5107 279
f 2340 2339 2176
f 343 347 286
f 286 274 5101
f 5101 343 286
f 2176 2180 2340
f 240 5138 5139
f 2337 2176 2339
f 5085 5086 341
f 5102 273 274
f 2337 2169 2176
f 1187 4226 4970
f 3189 3085 3083
f 2337 2333 2166
f 2337 2166 2169
f 2331 2159 2166
f 2333 2331 2166
f 2313 2159 2331
f 5108 279 5100
f 371 338 5082
f 2313 2156 2159
f 3192 3189 3083
f 3187 3192 3083
f 2313 2304 2156
f 2304 2147 2156
f 2304 2295 2147
f 2295 2144 2147
f 5111 4114 249
f 3083 3081 3187
f 4944 1186 1182
f 265 246 321
f 1186 4971 4968
f 3185 3187 3081
f 3185 3081 3052
f 3185 3052 3077
f 3180 3185 3077
f 4942 4975 1189
f 2295 2294 2144
f 5113 268 249
f 228 5130 4447
f 2294 2281 2126
f 5115 244 160
f 1455 4665 4449
f 2294 2126 2144
f 2281 2122 2126
f 2281 2279 2122
f 2279 2271 2118
f 5090 246 303
f 263 258 246
f 258 303 246
f 2118 2122 2279
f 297 303 258
f 255 288 297
f 5115 5095 244
f 2271 2269 2196
f 257 244 292
f 2196 2118 2271
f 2195 2196 2258
f 2258 2196 2269
f 2249 2194 2195
f 292 243 5116
f 5116 257 292
f 2265 2188 2194
f 2265 2194 2249
f 2260 2124 2192
f 297 258 255
f 2263 2192 2188
f 288 255 5136
f 285 253 243
f 251 253 285
f 243 292 276
f 288 252 5117
f 240 5103 5122
f 2265 2263 2188
f 2260 2192 2263
f 251 236 5118
f 285 276 283
f 2249 2195 2258
f 4735 1680 4510
f 4737 4262 1888
f 4737 1779 4739
f 1777 4738 4739
f 251 5119 5120
f 1777 1600 1776
f 1883 1776 1880
f 5122 5117 240
f 1872 1880 1776
f 235 5123 5125
f 5126 5107 277
f 1776 1707 1872
f 3180 3077 3075
f 1772 1689 1877
f 5120 283 5099
f 236 5121 5126
f 3177 3180 3075
f 1877 1689 1841
f 1770 1772 1874
f 4773 5142 232
f 1874 1772 1877
f 1874 1873 1769
f 5130 232 268
f 2623 4670 2621
f 1769 1770 1874
f 1873 1869 1766
f 515 5110 268
f 1766 1769 1873
f 225 265 5131
f 1869 1868 1763
f 265 225 5132
f 5132 263 265
f 1869 1763 1766
f 1868 1866 1761
f 4670 2755 2618
f 4447 5113 228
f 223 160 222
f 4976 1130 4977
f 1761 1763 1868
f 160 244 4441
f 1864 1761 1866
f 4441 222 160
f 1864 1803 1761
f 258 263 224
f 224 220 258
f 255 258 5134
f 1856 1951 1803
f 5134 219 255
f 244 257 5135
f 5135 221 244
f 1856 1803 1864
f 218 253 213
f 257 253 218
f 255 219 5136
f 5136 252 288
f 1948 1951 1856
f 1948 1797 1951
f 251 204 5137
f 213 253 5137
f 240 5117 5138
f 5103 240 235
f 131 5153 5141
f 5140 5118 240
f 4976 1188 1130
f 3075 3073 3177
f 1130 1307 4977
f 4977 1309 4976
f 3177 3073 3176
f 1946 1797 1948
f 3176 3073 3069
f 3172 3176 3069
f 1309 1312 1333
f 1331 1309 4329
f 3069 3067 3172
f 2092 1946 1948
f 3172 3067 3388
f 1946 1786 1797
f 3388 3067 3043
f 2089 1946 2092
f 5129 265 322
f 229 5143 5144
f 1943 1786 1946
f 3388 3043 3164
f 2089 1943 1946
f 1943 1942 1786
f 2629 4679 2623
f 5161 5147 145
f 1943 2074 1942
f 1936 1942 2071
f 148 5148 5131
f 225 5131 5148
f 137 225 142
f 224 225 137
f 145 228 223
f 136 223 222
f 136 145 223
f 2071 1942 2074
f 1583 1592 1441
f 124 136 221
f 136 222 221
f 135 224 137
f 220 224 135
f 220 135 5149
f 5149 219 220
f 1441 1428 1583
f 124 221 218
f 218 119 124
f 1592 1580 1416
f 1416 1441 1592
f 133 119 213
f 119 218 213
f 212 219 134
f 3164 3043 3041
f 132 212 5150
f 1438 1431 1588
f 5140 240 5139
f 5137 133 213
f 5139 200 5140
f 131 200 5139
f 41 133 5152
f 5267 5254 1044
f 2845 2966 2847
f 2957 2966 2845
f 2957 2845 2837
f 1337 4179 5269
f 5269 1347 1337
f 5001 1057 4926
f 2955 2957 2837
f 2955 2837 2841
f 2952 2955 2841
f 1058 1057 1227
f 1428 1438 1583
f 1062 1058 5002
f 5002 1229 5006
f 1065 1062 5006
f 5006 1249 1065
f 1068 1065 5009
f 5009 1253 1068
f 5016 1071 861
f 2943 2920 2813
f 2943 2813 2820
f 5016 1258 1071
f 1583 1438 1591
f 1423 1416 1582
f 1582 1416 1580
f 1265 1071 1258
f 2803 2800 2924
f 1582 1578 1412
f 1412 1423 1582
f 1410 1412 1577
f 1072 1071 1265
f 2807 2803 2938
f 1577 1412 1578
f 1246 1356 1513
f 2938 2803 2924
f 2924 2800 2813
f 2924 2813 2920
f 1405 1372 1576
f 1576 1372 1526
f 1571 1401 1576
f 1356 1331 1515
f 1515 1513 1356
f 1576 1401 1405
f 148 5144 5159
f 5159 64 148
f 4329 5024 1331
f 2782 2784 2906
f 2906 2784 2912
f 1571 1569 1397
f 268 232 515
f 5147 5146 228
f 1571 1397 1401
f 145 136 5163
f 5163 59 145
f 50 136 124
f 1569 1546 1392
f 1569 1392 1397
f 134 58 5166
f 1390 1546 1545
f 1384 1390 1535
f 132 5150 5166
f 1535 1390 1545
f 132 5167 5170
f 1546 1390 1392
f 131 5170 5171
f 5153 5152 204
f 1378 1384 1533
f 1533 1384 1535
f 1533 1532 1386
f 2464 2309 2307
f 1533 1386 1378
f 2464 2307 2462
f 2307 2303 2462
f 2462 2303 2496
f 1064 5282 5070
f 2303 2301 2496
f 4136 814 969
f 1288 1072 1265
f 1089 1072 1288
f 2459 2496 2301
f 1290 1089 1288
f 2301 2297 2459
f 1093 1089 1290
f 46 50 124
f 1296 1093 1290
f 4679 2756 4670
f 2287 2457 2297
f 1097 1093 1296
f 2457 2287 2455
f 4324 2287 2284
f 4324 2284 2282
f 2282 2454 4324
f 2454 2282 2278
f 2453 2454 2278
f 2278 2276 2453
f 46 119 42
f 124 119 46
f 2453 2276 2452
f 2276 2273 2452
f 2452 2273 2451
f 2273 2270 2451
f 5209 5181 30
f 31 46 42
f 2451 2270 2450
f 1994 1834 1972
f 2449 2450 2270
f 2270 2267 2449
f 1994 1835 1834
f 605 607 465
f 605 465 462
f 1998 1852 2001
f 2449 2267 2268
f 600 605 462
f 462 459 600
f 600 459 599
f 2423 2449 2268
f 64 5160 5186
f 2003 1840 1984
f 2001 1837 2003
f 2391 2448 2259
f 2391 2259 2257
f 2001 1852 1837
f 2003 1837 1840
f 4103 4102 39
f 2256 2259 2447
f 2447 2259 2448
f 145 59 5161
f 2255 2256 2446
f 2446 2256 2447
f 2253 2255 2378
f 2378 2255 2446
f 2338 2323 2153
f 28 35 34
f 155 207 206
f 34 58 28
f 58 34 5197
f 155 206 211
f 5197 27 5166
f 2153 2183 2338
f 2929 4680 2853
f 41 5172 5200
f 2336 2338 2183
f 2183 2177 2336
f 1972 1845 1998
f 207 208 203
f 5185 5188 5203
f 203 208 201
f 201 197 203
f 203 202 207
f 1972 1834 1845
f 2177 2172 2332
f 207 202 206
f 1998 1845 1852
f 2336 2177 2332
f 5206 59 5163
f 5206 33 5188
f 202 214 206
f 2311 2332 2172
f 50 46 5207
f 5207 32 50
f 2014 1858 2051
f 2311 2172 2134
f 1862 1858 2014
f 2330 2268 2163
f 203 197 202
f 4797 201 143
f 2014 2019 1862
f 2130 2163 2268
f 2327 2330 2163
f 2163 2160 2327
f 2325 2327 2160
f 2160 2157 2325
f 42 133 5181
f 5209 30 5225
f 2853 4680 2752
f 42 119 133
f 4797 194 196
f 143 141 4797
f 2323 2325 2157
f 2157 2153 2323
f 4802 140 192
f 192 194 4802
f 189 192 140
f 192 85 194
f 192 189 187
f 85 192 187
f 5182 5211 5186
f 187 182 85
f 189 184 187
f 2019 1865 1862
f 2019 2040 1865
f 184 181 187
f 35 5214 5215
f 5214 5213 5216
f 187 181 182
f 181 184 317
f 35 5215 5218
f 5218 34 35
f 2040 1990 1865
f 2138 2117 2289
f 34 5219 5220
f 1990 1872 1865
f 2045 1882 2044
f 5216 4095 21
f 7 5223 5200
f 1882 1890 2044
f 2306 2128 2141
f 2044 1890 1994
f 1890 1835 1994
f 2318 2141 2138
f 2289 2318 2138
f 2049 1898 2045
f 5226 32 31
f 5224 4093 32
f 2306 2141 2318
f 1771 1679 1765
f 4569 1771 1778
f 1778 1683 4569
f 1683 1778 1780
f 1780 1620 1683
f 5228 11 21
f 4549 1781 1626
f 5227 5225 30
f 1626 1620 4549
f 1677 1787 1765
f 4835 4821 4826
f 1898 1882 2045
f 2315 2311 2134
f 1900 1898 2049
f 2049 2051 1900
f 4094 9 1234
f 1677 4348 4821
f 1634 1794 4823
f 2315 2134 2129
f 4824 1635 1726
f 1858 1900 2051
f 2055 1930 2057
f 4824 1726 4839
f 1634 4823 4825
f 4827 1635 4824
f 2314 2129 2128
f 1679 1677 1765
f 1833 1823 1765
f 2057 1931 2058
f 1825 1778 1820
f 1771 1765 1823
f 1771 1823 1820
f 2315 2129 2314
f 1778 1771 1820
f 1930 1931 2057
f 2314 2128 2306
f 4831 1825 1826
f 2302 2117 2124
f 2260 2302 2124
f 2059 2058 1906
f 2058 1931 1906
f 2302 2289 2117
f 2061 1906 1912
f 2061 2059 1906
f 4831 1826 1827
f 1827 1780 4831
f 1974 1912 2071
f 1974 2061 1912
f 1171 992 1150
f 1150 992 994
f 1827 1781 1780
f 2381 2380 2249
f 4833 1839 1831
f 1171 1169 992
f 2380 2265 2249
f 2381 2258 2375
f 1787 1831 1833
f 2381 2249 2258
f 1787 1833 1765
f 1036 975 1168
f 1150 1338 1171
f 1831 1787 4835
f 2436 2260 2263
f 4837 1842 4846
f 1839 1793 4837
f 1338 1336 1169
f 4839 1794 4824
f 1169 1171 1338
f 1726 1844 4839
f 1833 1871 1909
f 1168 1169 1110
f 1823 1833 1909
f 1110 1169 1336
f 1909 1924 1823
f 2436 2388 2260
f 1036 1168 1110
f 4844 1924 1929
f 2436 2263 2265
f 864 900 1025
f 1929 1820 4844
f 4494 1929 1935
f 4494 1935 4479
f 900 888 1100
f 2375 2258 2269
f 2269 2393 2375
f 1025 900 1100
f 4479 1935 1915
f 1915 1826 4479
f 1827 1826 1915
f 1915 1916 1827
f 2393 2269 2271
f 1870 1871 1831
f 888 893 1046
f 1839 1875 1870
f 1831 1839 1870
f 1831 1871 1833
f 324 315 317
f 323 315 324
f 4846 1878 4134
f 325 323 324
f 1875 1839 4846
f 1842 1844 1950
f 324 317 184
f 1842 1950 1878
f 2210 2358 2215
f 184 326 324
f 326 325 324
f 326 184 189
f 4848 2212 2298
f 327 325 326
f 4848 2298 5234
f 4849 2215 2358
f 4419 4681 4420
f 328 326 189
f 328 327 326
f 4420 4681 4421
f 2219 2230 2335
f 328 189 140
f 2335 2305 2219
f 5241 328 140
f 5241 446 328
f 2222 2219 2305
f 2305 2319 2222
f 141 5243 5245
f 280 5240 5242
f 2226 2222 2319
f 141 143 5243
f 281 5245 5243
f 2319 2322 2226
f 2226 2322 2308
f 201 5246 5247
f 5247 5243 143
f 2228 2226 2308
f 2271 2414 2393
f 1029 893 897
f 2349 2347 2241
f 2241 2347 2238
f 1589 287 307
f 1589 307 1684
f 453 378 527
f 3165 1589 1684
f 300 1633 1684
f 1477 1435 1633
f 1477 1633 300
f 4387 344 508
f 4387 561 344
f 1633 3165 1684
f 465 561 462
f 1586 170 287
f 2420 2271 2279
f 887 163 170
f 1586 887 170
f 872 169 163
f 573 167 169
f 872 573 169
f 1029 1046 893
f 887 872 163
f 1586 287 1589
f 3166 1586 1589
f 2414 2271 2420
f 3166 1589 3165
f 2421 2279 2281
f 2420 2279 2421
f 264 1371 1444
f 1371 264 260
f 1046 1100 888
f 2428 2421 2294
f 2421 2281 2294
f 260 1342 1371
f 259 1340 260
f 2429 2428 2294
f 260 1340 1342
f 2429 2294 2295
f 2434 2429 2295
f 975 1036 1034
f 1034 974 975
f 1435 1477 1444
f 1041 869 974
f 1034 1041 974
f 3105 1435 1444
f 2434 2295 2304
f 2437 2434 2304
f 3097 3105 1444
f 1444 1371 3097
f 3079 3097 1371
f 1371 1342 3079
f 2437 2304 2313
f 1038 866 869
f 2437 2313 2438
f 1038 1032 897
f 1038 897 866
f 2440 2438 2331
f 1342 1340 3079
f 2438 2313 2331
f 1038 869 1041
f 2440 2331 2333
f 2440 2333 2441
f 2442 2441 2337
f 2441 2333 2337
f 3079 1340 3071
f 2337 2339 2443
f 1029 897 1032
f 2443 2442 2337
f 2339 2340 2444
f 256 1292 259
f 259 1292 1340
f 256 1195 1292
f 1340 1292 3071
f 3071 1292 3070
f 1027 864 1025
f 3070 1292 1195
f 2444 2443 2339
f 2340 2341 2445
f 2445 2444 2340
f 2445 2253 2378
f 3070 1195 1108
f 2341 2253 2445
f 1195 233 1106
f 966 999 964
f 964 999 998
f 1154 997 998
f 1154 998 999
f 1195 1106 1108
f 998 997 996
f 997 994 996
f 2512 2511 2389
f 233 209 1106
f 1104 1108 1106
f 1106 209 1101
f 4161 912 1132
f 1106 1101 1104
f 1003 5250 5254
f 1104 1101 1099
f 3200 1104 1099
f 996 994 992
f 1099 1020 3200
f 845 996 992
f 2511 2391 2389
f 109 68 161
f 122 109 120
f 990 842 992
f 5253 1138 4137
f 120 109 161
f 803 779 4160
f 125 122 112
f 936 901 5255
f 5255 1058 5256
f 937 936 5256
f 5256 1062 937
f 940 937 5257
f 112 122 120
f 5257 1065 940
f 128 125 107
f 107 125 112
f 1065 1068 940
f 1068 861 940
f 129 128 104
f 861 1068 5016
f 104 128 107
f 4743 5258 865
f 144 129 100
f 5258 1072 865
f 100 129 104
f 992 842 845
f 2519 2512 2392
f 2512 2389 2392
f 100 82 149
f 992 1169 990
f 2519 2395 2523
f 5259 879 882
f 149 144 100
f 607 4682 719
f 1082 973 879
f 989 841 990
f 82 80 152
f 886 865 1072
f 152 149 82
f 1089 886 1072
f 80 52 156
f 990 841 842
f 841 989 975
f 975 815 841
f 156 152 80
f 1169 1168 989
f 52 49 45
f 989 990 1169
f 2392 2395 2519
f 975 989 1168
f 2535 2399 2533
f 2383 2399 2535
f 2533 2400 2542
f 866 746 970
f 2399 2400 2533
f 2542 2403 2549
f 897 734 746
f 52 45 156
f 44 45 49
f 3629 3539 3757
f 3757 3539 3671
f 3748 3611 3629
f 3757 3748 3629
f 3746 3626 3627
f 1317 1004 5263
f 1321 1004 1317
f 1134 1004 1321
f 1325 1134 1321
f 1136 1134 1325
f 1136 1325 5265
f 3746 3744 3625
f 3625 3626 3746
f 1328 4177 5267
f 3743 3622 3625
f 3744 3743 3625
f 4178 1321 1317
f 3738 3708 3567
f 3738 3567 3617
f 5268 1325 1321
f 1325 5268 5271
f 4682 861 4743
f 5271 1326 1325
f 3737 3738 3617
f 3737 3617 3615
f 2857 4686 2929
f 5273 1142 1326
f 3615 3613 3737
f 2929 4686 2921
f 3737 3613 3736
f 1353 1028 5279
f 4185 1505 1503
f 3360 4693 3199
f 4535 1028 5293
f 3613 3735 3736
f 3609 3735 3613
f 3735 3609 3607
f 3607 3734 3735
f 5294 5280 1359
f 3604 3732 3607
f 1224 1043 1045
f 3607 3732 3734
f 1224 1045 1231
f 3732 3597 3730
f 1233 1045 1047
f 3604 3597 3732
f 3724 3730 3597
f 1045 1233 1231
f 1241 1047 1050
f 1233 1047 1241
f 3724 3597 3590
f 3710 3579 3727
f 3701 3727 3579
f 1247 1241 1052
f 1241 1050 1052
f 3701 3579 3550
f 1247 1055 1250
f 1052 1055 1247
f 1055 1059 1254
f 1254 1250 1055
f 3590 3588 3724
f 1202 1255 5281
f 1255 1254 1059
f 3724 3588 3712
f 5281 1359 5280
f 3710 3712 3588
f 5283 4187 5282
f 1073 1086 5285
f 3588 3582 3710
f 3710 3582 3579
f 3550 3545 3697
f 3701 3550 3697
f 4190 1501 1499
f 5283 1064 1073
f 3697 3545 3546
f 3695 3697 3546
f 3199 4693 3188
f 3695 3537 3676
f 1522 5287 5288
f 5288 1367 1522
f 3681 3676 3537
f 3537 3538 3681
f 1367 5288 5289
f 3546 3490 3488
f 3537 3546 3488
f 3620 3476 3431
f 5291 1353 1509
f 3074 4702 3199
f 3622 3620 3431
f 3603 3473 3476
f 1353 5291 5293
f 3620 3603 3476
f 3601 3473 3603
f 3601 3470 3473
f 3199 4702 3353
f 4634 5294 1157
f 3599 3470 3601
f 5280 1116 1270
f 3599 3592 3465
f 1116 1272 1270
f 3599 3465 3470
f 1119 1118 1278
f 3370 4704 3237
f 3237 4704 3179
f 1119 1272 1116
f 3592 3461 3465
f 3592 3583 3461
f 897 746 866
f 3583 3581 3461
f 1286 1120 1299
f 735 730 888
f 2400 2403 2542
f 900 864 741
f 1297 1122 1293
f 1123 1122 1297
f 1299 1123 1297
f 1124 1123 1299
f 1120 1124 1299
f 2549 2403 2548
f 900 741 740
f 2403 2411 2548
f 900 740 735
f 900 735 888
f 1276 1127 1305
f 1118 1127 1276
f 1127 1120 1286
f 1286 1305 1127
f 893 730 734
f 5297 4404 1529
f 1454 5297 5299
f 893 888 730
f 893 734 897
f 815 975 974
f 5298 4219 5300
f 974 813 815
f 1551 1554 5302
f 974 869 970
f 974 970 813
f 5300 1434 5176
f 5302 1442 1434
f 1442 5303 5304
f 2585 2413 2583
f 2585 2411 2413
f 2585 2548 2411
f 866 970 869
f 2642 2512 2644
f 2511 2512 2642
f 3421 3419 3538
f 2512 2519 2650
f 5295 1491 4889
f 1649 5286 5290
f 2726 2606 2734
f 5278 1653 5173
f 4213 1711 4316
f 2734 2608 2511
f 4211 1806 4214
f 1567 1459 1450
f 2642 2734 2511
f 5276 1460 5169
f 5276 1570 1460
f 2734 2606 2608
f 2605 2606 2725
f 2725 2606 2726
f 2604 2605 2722
f 5272 1460 1570
f 1460 5272 5270
f 2722 2605 2725
f 2722 2721 2603
f 2603 2604 2722
f 1464 1664 5249
f 5260 1457 1464
f 2721 2719 2602
f 1621 1565 5260
f 2602 2603 2721
f 2719 2717 2601
f 4090 1442 5304
f 2601 2602 2719
f 1617 5239 5133
f 2717 2715 2600
f 1623 1622 1665
f 2600 2601 2717
f 1623 5235 5222
f 5187 1621 5249
f 2715 2713 2595
f 812 701 816
f 1624 1559 4201
f 1664 1665 5187
f 2715 2595 2600
f 1470 1463 5114
f 5114 1625 1470
f 2711 2595 2713
f 2711 2591 2595
f 2707 2590 2591
f 2711 2707 2591
f 1627 1470 1625
f 1627 1471 1470
f 2707 2703 2590
f 1627 1628 1471
f 2703 2577 2590
f 2692 2571 2577
f 1473 1471 1628
f 2703 2692 2577
f 1628 1474 1473
f 1628 1630 1474
f 1475 1474 1630
f 1630 1631 1475
f 1476 1475 1631
f 812 964 854
f 2644 2512 2650
f 854 701 812
f 2650 2523 2653
f 854 695 701
f 2686 2571 2692
f 2686 2568 2571
f 2686 2677 2568
f 998 854 964
f 1632 1676 1682
f 2519 2523 2650
f 852 695 854
f 2677 2563 2568
f 1694 1532 1533
f 1689 1532 1694
f 2677 2675 2563
f 2675 2667 2559
f 2675 2559 2563
f 1705 1533 1535
f 1705 1694 1533
f 2667 2553 2559
f 1705 1545 1709
f 1535 1545 1705
f 1709 1546 1716
f 1545 1546 1709
f 1721 1546 1569
f 1719 1721 1571
f 998 852 854
f 1721 1569 1571
f 2661 2513 2530
f 1716 1546 1721
f 2653 2523 2676
f 2664 2514 2525
f 2655 2525 2513
f 2661 2655 2513
f 1719 1571 1724
f 1571 1576 1724
f 1727 1724 1526
f 1724 1576 1526
f 2664 2525 2655
f 1975 2066 2119
f 2119 2066 2207
f 1732 1577 1578
f 2207 2066 2064
f 1732 1762 1577
f 996 852 998
f 2207 2064 2205
f 1732 1582 1737
f 1578 1582 1732
f 2064 2056 2205
f 2205 2056 2203
f 1582 1580 1737
f 2056 2054 2203
f 2535 2533 2673
f 852 850 695
f 2673 2676 2535
f 2054 2202 4711
f 2665 2673 2542
f 2673 2533 2542
f 996 845 850
f 996 850 852
f 845 842 850
f 850 842 848
f 2047 4135 4278
f 2681 2542 2549
f 2199 4949 4952
f 4947 2199 2200
f 2681 2665 2542
f 4948 2097 4271
f 848 842 841
f 4271 2221 4948
f 848 841 689
f 2200 2202 4135
f 1762 1727 1577
f 1727 1526 1577
f 4954 2221 4271
f 2223 2221 4952
f 689 841 815
f 815 681 689
f 4955 4268 2216
f 2688 2549 2548
f 2688 2681 2549
f 1841 1694 1843
f 1689 1694 1841
f 2197 4954 4955
f 2145 2197 2216
f 1851 1843 1705
f 1843 1694 1705
f 1853 1705 1709
f 2216 2015 2145
f 2145 2015 4960
f 1705 1853 1851
f 1863 1853 1716
f 4960 2142 2145
f 1853 1709 1716
f 2015 2013 4960
f 1721 1719 1876
f 2013 2010 2140
f 1863 1721 1884
f 1716 1721 1863
f 1884 1721 1876
f 2140 2010 2137
f 1876 1724 1891
f 1719 1724 1876
f 1724 1727 1899
f 2131 2137 2010
f 1891 1724 1899
f 2010 1992 2131
f 1927 1732 1903
f 1762 1732 1927
f 2130 2131 1992
f 1992 1990 2130
f 837 681 815
f 837 815 813
f 1903 1737 1907
f 1732 1737 1903
f 1981 1985 2123
f 2123 1985 2125
f 1973 1981 2116
f 2116 1981 2123
f 1496 1672 1493
f 813 970 834
f 813 834 837
f 746 678 834
f 1672 1670 1489
f 1489 1493 1672
f 2718 2585 2709
f 1670 1669 1487
f 2585 2583 2709
f 734 598 678
f 1487 1489 1670
f 734 678 746
f 1484 1487 1668
f 2548 2585 2718
f 1668 1487 1669
f 1482 1484 1432
f 1432 1484 1668
f 1380 1482 1432
f 746 834 970
f 1426 1388 1239
f 730 594 598
f 1426 1239 1236
f 1404 1236 1215
f 1426 1236 1404
f 1899 1762 1927
f 1727 1762 1899
f 1209 1219 1398
f 1421 1225 1228
f 1421 1228 1380
f 3294 3242 3293
f 1420 1222 1225
f 3294 3248 3242
f 3294 3334 3248
f 1421 1420 1225
f 3293 3242 3201
f 1415 1219 1222
f 3671 3541 3674
f 3539 3541 3671
f 1415 1398 1219
f 1415 1222 1420
f 3674 3541 3680
f 3541 3547 3680
f 3683 3547 3554
f 3683 3680 3547
f 1403 1215 1214
f 1406 1214 1209
f 3683 3556 3686
f 3554 3556 3683
f 3686 3560 3690
f 1398 1406 1209
f 3690 3563 3672
f 3690 3560 3563
f 1403 1214 1406
f 1404 1215 1403
f 3556 3560 3686
f 1391 1395 1205
f 3567 3708 3571
f 1205 1199 1391
f 1199 1239 1388
f 1391 1199 1388
f 3571 3708 3709
f 3709 3577 3571
f 3709 3771 3577
f 663 518 666
f 730 735 588
f 730 588 594
f 3646 3577 3771
f 740 650 588
f 3772 3646 3771
f 741 650 740
f 740 588 735
f 3649 3646 3772
f 664 666 523
f 3719 3589 3772
f 3589 3649 3772
f 730 598 734
f 4150 666 518
f 3721 3589 3719
f 5184 663 760
f 4153 663 5184
f 3591 3589 3721
f 5189 662 759
f 5189 759 5192
f 4154 662 516
f 4980 659 712
f 559 4194 4981
f 711 712 659
f 4981 513 660
f 4983 555 559
f 3745 3749 3621
f 559 712 4983
f 3753 3621 3749
f 3624 3621 3753
f 4984 656 708
f 3753 3576 3624
f 3753 3677 3576
f 4984 708 4253
f 3605 3721 3725
f 3591 3721 3605
f 3756 3605 3725
f 3756 3608 3605
f 653 708 656
f 3610 3608 3756
f 3756 3758 3610
f 3758 3728 3610
f 3728 3612 3610
f 4989 655 5007
f 3612 3728 3745
f 3745 3618 3612
f 3618 3745 3621
f 487 4195 4989
f 4259 4198 4258
f 628 654 4991
f 4253 708 4995
f 4995 593 501
f 3264 1921 1749
f 3264 3255 1921
f 4995 501 4253
f 3255 2190 1921
f 3255 3258 2190
f 593 4341 4782
f 4302 4300 546
f 550 4276 4999
f 5011 652 619
f 2193 2190 3258
f 3258 3288 2193
f 648 490 5000
f 493 4301 5004
f 2243 2193 3288
f 3288 3289 2243
f 490 545 4297
f 490 648 5004
f 3670 2243 3289
f 2326 2243 3670
f 5005 853 4158
f 637 485 642
f 3668 2326 3670
f 3790 2326 3668
f 485 4303 5007
f 637 541 485
f 3668 3786 3790
f 3786 3787 3790
f 4466 635 691
f 691 541 4466
f 3785 3787 3786
f 3785 3145 3787
f 635 816 688
f 635 688 691
f 688 536 691
f 5012 5011 619
f 3557 2467 3559
f 619 5010 5012
f 3559 2470 3564
f 2467 2470 3559
f 3564 2472 3689
f 3564 2470 2472
f 2970 2835 2817
f 2970 2817 2936
f 4150 518 4157
f 2974 2840 2973
f 523 369 368
f 2842 2840 2974
f 3781 3847 2509
f 2977 2852 2976
f 1924 1967 2004
f 3847 3689 2562
f 3689 2472 2562
f 1909 1871 1970
f 1909 1970 1967
f 3847 2562 2509
f 3145 3785 3779
f 3779 3182 3145
f 3182 3779 3807
f 1909 1967 1924
f 1986 1935 1983
f 3785 3777 3779
f 1935 1986 1989
f 1915 1935 1989
f 3779 3777 3800
f 3800 3807 3779
f 1916 1915 1989
f 3777 3795 3800
f 1989 1991 1916
f 1929 1924 2004
f 1929 2004 1983
f 1983 1935 1929
f 2022 2018 1878
f 1950 2022 1878
f 3515 3636 3513
f 3639 3636 3515
f 3513 3635 3511
f 3636 3635 3513
f 1950 1952 2026
f 3510 3635 3633
f 3510 3511 3635
f 2026 2022 1950
f 3633 3651 3509
f 3509 3510 3633
f 3509 3648 3508
f 3651 3648 3509
f 3508 3638 3506
f 3648 3638 3508
f 3638 3630 3504
f 3504 3506 3638
f 3504 3623 3503
f 3630 3623 3504
f 5031 2030 4444
f 2026 1952 5031
f 3503 3598 3492
f 1867 1957 2030
f 3623 3598 3503
f 2210 2215 2086
f 2212 2230 2091
f 3492 3598 3522
f 3598 3596 3522
f 2091 2230 2107
f 5032 2215 2212
f 2091 4395 5032
f 2096 2107 2230
f 2230 2219 2096
f 3516 3519 3387
f 3387 3384 3516
f 3514 3516 3384
f 3384 3381 3514
f 3489 3514 3381
f 3381 3378 3489
f 3372 3489 3378
f 3487 3489 3372
f 2098 2096 2219
f 3372 3483 3487
f 3372 3284 3483
f 2219 2222 2098
f 3483 3284 3282
f 2099 2098 2222
f 2222 2226 2099
f 3282 3284 3161
f 2105 2099 2226
f 2226 2228 2105
f 3161 3280 3282
f 3280 3408 3282
f 2112 2238 2077
f 3408 3280 3279
f 3279 3407 3408
f 3157 3280 3161
f 3157 3279 3280
f 3157 3278 3279
f 2241 2238 2115
f 2115 2238 2112
f 3405 3407 3279
f 3277 3279 3278
f 3277 3405 3279
f 3030 3029 2855
f 3155 3277 3278
f 3155 3298 3277
f 2855 3003 3030
f 3401 3405 3277
f 3466 3277 3298
f 3401 3277 3466
f 5039 3009 3003
f 3003 2855 5039
f 3011 3027 3265
f 2988 3119 3111
f 3003 3137 3030
f 2887 3011 3110
f 2889 3011 2887
f 3003 3009 3010
f 2889 2887 2746
f 2995 3110 3125
f 2995 2887 3110
f 3137 3003 3010
f 3195 3117 3190
f 3117 3195 3226
f 2995 3119 2990
f 3125 3119 2995
f 3120 3117 3226
f 3119 2988 2990
f 3005 3220 3210
f 3005 3210 3190
f 2926 2980 2808
f 2980 2856 2808
f 2869 3005 3190
f 517 356 4153
f 2980 2852 2856
f 3005 3134 3220
f 3117 2869 3190
f 3129 3120 3226
f 2898 3111 3076
f 2988 3111 2898
f 4156 350 4428
f 354 356 517
f 2903 2898 3065
f 2898 3076 3065
f 3226 3007 3129
f 516 354 4154
f 3007 3008 3129
f 513 350 4155
f 2980 2976 2852
f 3129 3008 2879
f 3008 3012 3014
f 2903 3062 2900
f 3065 3062 2903
f 2879 3008 3014
f 3012 3017 3014
f 3062 3060 2899
f 2899 2900 3062
f 3019 3014 3017
f 3017 3159 3020
f 3017 3020 3019
f 5074 2897 3049
f 3159 3163 3020
f 2899 3048 2897
f 3060 3048 2899
f 3048 3049 2897
f 3021 3019 3020
f 3163 3023 3021
f 2896 3042 2971
f 3020 3163 3021
f 5074 3049 3170
f 3492 3522 3375
f 2971 3042 3134
f 2607 2708 2696
f 2607 2598 2708
f 3385 3503 3492
f 3375 3385 3492
f 2598 2695 2708
f 2598 2489 2695
f 3504 3503 3385
f 3389 3504 3385
f 3506 3504 3391
f 3391 3504 3389
f 3508 3506 3392
f 3392 3506 3391
f 1790 1855 1791
f 1854 1855 1790
f 1849 1854 1790
f 1790 1789 1849
f 3509 3508 3394
f 3394 3508 3392
f 3510 3509 3396
f 3396 3509 3394
f 1785 1849 1789
f 1848 1849 1785
f 1782 1848 1785
f 1846 1848 1782
f 3396 3397 3511
f 3511 3510 3396
f 1782 1838 1846
f 1782 1764 1838
f 3397 3398 3513
f 1764 1836 1838
f 3513 3511 3397
f 1764 1760 1836
f 3515 3513 3399
f 1829 1836 1760
f 3399 3513 3398
f 1760 1759 1829
f 3467 3519 3593
f 1759 1828 1829
f 3593 3594 3467
f 3467 3614 3472
f 1758 1828 1759
f 3594 3614 3467
f 3474 3643 3512
f 3474 3472 3614
f 1824 1828 1758
f 3614 3619 3474
f 3619 3643 3474
f 3507 3632 3631
f 1824 1758 5073
f 5073 1821 1824
f 3299 3637 3632
f 5072 1757 1821
f 3299 3632 3507
f 2203 4711 2301
f 3482 4392 3652
f 1818 1821 1757
f 3299 3482 3634
f 1757 1781 5045
f 5045 1818 1757
f 4584 1718 1807
f 3299 3634 3637
f 353 354 516
f 2973 2859 2977
f 5077 3414 3573
f 4157 369 4150
f 3573 3569 5077
f 2859 2852 2977
f 5079 3414 4390
f 3493 3580 5079
f 1696 1697 5021
f 5023 1697 4588
f 3493 3273 3418
f 4590 4589 1729
f 3493 3418 3580
f 3273 3499 3631
f 3631 3418 3273
f 3507 3631 3499
f 1695 1697 1696
f 2301 4711 2297
f 3650 3517 3643
f 1696 5020 5013
f 3520 3517 3650
f 1691 1696 1801
f 1691 1695 1696
f 1691 1801 1798
f 1695 1691 1608
f 3520 3650 3652
f 2467 818 452
f 1691 1798 1688
f 2828 769 818
f 1688 1608 1691
f 2828 818 2467
f 705 769 2799
f 1687 1688 1798
f 2799 769 2828
f 2799 2798 697
f 1688 1687 4998
f 2799 697 705
f 1844 1726 4996
f 2795 584 697
f 1380 1228 1482
f 2798 2795 697
f 581 584 2785
f 2785 584 2795
f 563 581 2779
f 2779 581 2785
f 2779 1904 524
f 524 563 2779
f 1493 1489 1343
f 1904 1832 457
f 1496 1343 1348
f 1493 1343 1496
f 457 524 1904
f 1642 1496 1500
f 1496 1348 1500
f 1832 1754 449
f 1642 1500 1645
f 1500 1348 1310
f 1645 1500 1504
f 1500 1310 1504
f 1832 449 457
f 1748 449 1754
f 1504 1310 1507
f 1748 381 449
f 2535 2523 2395
f 1645 1504 1650
f 2395 2383 2535
f 1510 1504 1507
f 1510 1650 1504
f 2840 2859 2973
f 1318 1510 1507
f 2867 2842 2974
f 1318 1402 1510
f 2974 2991 2867
f 2870 2867 2991
f 1402 1318 1212
f 559 557 4250
f 1402 1212 1408
f 2991 2993 2870
f 2874 2873 2996
f 2996 2998 2874
f 1409 1408 1216
f 1408 1212 1216
f 2593 2464 2462
f 1413 1409 1218
f 1409 1216 1218
f 1413 1218 1224
f 1224 1386 1413
f 2593 2462 2626
f 2462 2496 2626
f 2626 2496 2624
f 2496 2459 2624
f 1230 1205 1395
f 1395 1424 1230
f 1230 1424 4186
f 4186 1232 1230
f 2570 2624 2459
f 1430 1237 4409
f 2459 2457 2570
f 2558 2570 2457
f 2558 2457 2455
f 2554 2558 2455
f 2455 2454 2554
f 2454 2550 2554
f 1061 1056 1232
f 2453 2550 2454
f 1430 4408 4911
f 2550 2453 2452
f 1430 4911 4901
f 4236 4235 4892
f 4898 1443 4885
f 1350 1491 4897
f 2545 2550 2452
f 1350 4891 4889
f 2452 2451 2545
f 1257 1245 4885
f 4885 1446 4878
f 4878 1257 4885
f 4874 1478 1260
f 4878 1260 1257
f 4870 1454 5178
f 2545 2451 2543
f 2451 2450 2543
f 2732 2728 2786
f 2786 2788 2732
f 2646 2732 2788
f 2788 2790 2646
f 2543 2450 2541
f 2790 2712 2646
f 2790 2796 2712
f 2643 2712 2796
f 2796 2781 2643
f 2810 2808 2655
f 2808 2664 2655
f 2539 2541 2450
f 2810 2655 2661
f 2450 2449 2539
f 2537 2539 2449
f 2449 2423 2537
f 2179 2174 2023
f 2179 2023 2052
f 2996 2870 2993
f 2817 2675 2677
f 2873 2870 2996
f 2817 2677 2819
f 4241 809 4169
f 2819 2677 2686
f 2875 2874 2998
f 4989 4987 655
f 550 4999 4991
f 2819 2686 2823
f 2827 2823 2692
f 2179 2052 2028
f 2823 2686 2692
f 2181 2179 2028
f 2174 2171 2020
f 2020 2023 2174
f 2171 2167 2008
f 2830 2692 2703
f 2830 2827 2692
f 2830 2703 2834
f 2703 2707 2834
f 2008 2020 2171
f 2834 2707 2711
f 2006 2008 2162
f 2162 2008 2167
f 2836 2834 2711
f 2151 2002 2162
f 2711 2713 2844
f 2844 2836 2711
f 2713 2715 2846
f 2846 2844 2713
f 2715 2717 2850
f 2850 2846 2715
f 2002 2006 2162
f 2854 2717 2719
f 2854 2850 2717
f 1987 2158 2155
f 2155 2125 1985
f 2858 2719 2721
f 2858 2854 2719
f 2155 1985 1987
f 2858 2722 2861
f 2721 2722 2858
f 2861 2725 2862
f 2722 2725 2861
f 2862 2726 2864
f 2725 2726 2862
f 2734 2642 2865
f 2000 2002 2150
f 2864 2734 2871
f 2726 2734 2864
f 2871 2734 2865
f 2150 2002 2151
f 2158 1996 2000
f 2150 2158 2000
f 2158 1987 1996
f 2998 2999 2875
f 3168 3038 3044
f 3168 3169 3038
f 2877 2875 3000
f 350 513 4249
f 2999 3000 2875
f 3171 3038 3169
f 3045 3038 3171
f 4435 4258 4436
f 557 559 4251
f 3171 3173 3045
f 3173 3051 3045
f 3175 3051 3173
f 3053 3051 3175
f 3181 3055 3059
f 2878 2877 3000
f 3183 3181 3059
f 3000 3002 2878
f 3183 3059 3061
f 1899 1927 2023
f 2023 1927 2052
f 3183 3061 3186
f 2786 2878 3002
f 3194 3186 3066
f 3186 3061 3066
f 4251 554 557
f 3002 2907 2786
f 3202 3066 3068
f 3202 3194 3066
f 3038 2907 3044
f 3202 3068 3078
f 4255 4253 501
f 3202 3078 3205
f 3038 2913 2907
f 1927 1903 2052
f 3207 3078 3080
f 3207 3205 3078
f 2052 1903 2028
f 3080 3082 3209
f 3209 3207 3080
f 3082 3084 3211
f 3211 3209 3082
f 3084 3086 3214
f 3214 3211 3084
f 3086 3088 3215
f 3215 3214 3086
f 3215 3091 3217
f 3088 3091 3215
f 3217 3093 3218
f 3091 3093 3217
f 3218 3095 3221
f 3093 3095 3218
f 3095 3098 3223
f 3223 3221 3095
f 1891 1899 2020
f 2020 1899 2023
f 2008 1876 1891
f 3223 3100 3230
f 3098 3100 3223
f 2020 2008 1891
f 3230 3100 3227
f 3100 3101 3227
f 3247 3053 3175
f 3104 3053 3247
f 3247 3106 3104
f 3247 3251 3106
f 1884 1876 2008
f 2006 1884 2008
f 3106 3251 3108
f 2002 1863 1884
f 2006 2002 1884
f 2000 1853 2002
f 3108 3251 3253
f 3253 3041 3108
f 3253 3164 3041
f 2002 1853 1863
f 3796 3757 3797
f 3748 3757 3796
f 3797 3671 3803
f 3757 3671 3797
f 3803 3674 3806
f 3671 3674 3803
f 3806 3680 3809
f 1851 1853 1996
f 3674 3680 3806
f 1996 1853 2000
f 1843 1851 1987
f 3816 3686 3814
f 3809 3683 3816
f 3680 3683 3809
f 3816 3683 3686
f 1987 1851 1996
f 1985 1841 1843
f 1987 1985 1843
f 3821 3814 3690
f 2915 2913 3038
f 3814 3686 3690
f 3038 3045 2915
f 4255 501 4257
f 3690 3672 3811
f 3045 2918 2915
f 3811 3821 3690
f 501 593 4782
f 3045 3051 2918
f 2918 3051 3053
f 3826 3709 3708
f 1925 1923 1975
f 1436 3709 3826
f 4248 4198 550
f 546 549 4263
f 3709 1436 4104
f 4104 3771 3709
f 3053 2908 2918
f 1370 3191 1436
f 3772 3771 3191
f 1370 3719 3191
f 3719 3772 3191
f 1304 1302 1476
f 1475 1476 1302
f 3842 3719 1370
f 1302 1301 1475
f 1301 1298 1475
f 3721 3719 3842
f 1475 1298 1474
f 1473 1474 1298
f 1298 1296 1473
f 1471 1473 1296
f 3725 3842 3846
f 3721 3842 3725
f 1296 1290 1471
f 3846 3756 3725
f 3846 3848 3756
f 1470 1471 1290
f 3849 3756 3848
f 3758 3756 3849
f 3849 3728 3758
f 3849 3850 3728
f 1290 1288 4415
f 4415 1288 1265
f 3745 3728 3850
f 3850 3572 3745
f 1265 1463 4415
f 3572 3749 3745
f 3572 3704 3749
f 549 4259 4264
f 3704 3566 3753
f 3566 3677 3753
f 3566 3812 3677
f 3055 2940 3059
f 3749 3704 3753
f 4086 1517 1333
f 5157 1515 1517
f 1665 1664 5157
f 3055 2936 2940
f 550 549 4279
f 1333 1517 5024
f 5165 1513 1515
f 1664 1464 5165
f 15 13 14
f 15 245 13
f 6 13 245
f 1457 1513 1464
f 1246 1513 1457
f 1265 1258 1463
f 1258 5168 5270
f 5168 1258 5016
f 5169 1249 1459
f 20 271 18
f 5169 1459 5276
f 1459 1249 1229
f 138 903 139
f 903 895 139
f 1450 1459 1229
f 127 139 870
f 5173 1494 1246
f 139 895 870
f 127 700 117
f 1246 1457 5173
f 5292 1806 5286
f 81 117 755
f 117 700 755
f 4889 1491 1350
f 127 870 700
f 5174 1450 1227
f 1450 1229 1227
f 4896 1649 5174
f 5174 1227 5001
f 4294 4279 549
f 4295 545 546
f 17 16 676
f 3059 2940 2948
f 3061 3059 2948
f 1434 4091 5175
f 5178 1387 1480
f 29 305 595
f 1480 1387 5176
f 271 293 18
f 271 29 293
f 4870 4874 1454
f 293 29 595
f 760 663 4330
f 663 666 5180
f 784 664 668
f 305 589 595
f 305 17 589
f 17 676 589
f 554 4254 4434
f 4257 4256 4298
f 495 4296 4297
f 16 81 580
f 549 546 4294
f 81 755 580
f 16 580 676
f 4302 545 490
f 230 14 13
f 789 666 664
f 217 13 6
f 230 13 217
f 198 217 6
f 784 789 664
f 198 38 217
f 759 662 5183
f 215 38 198
f 40 38 215
f 1978 4712 5
f 513 4155 4979
f 751 732 5193
f 759 4332 5192
f 5194 5193 732
f 449 381 44
f 659 5195 5196
f 732 729 5194
f 457 449 49
f 449 44 49
f 5198 722 5199
f 457 49 52
f 52 524 457
f 5199 722 5201
f 5201 656 5199
f 524 52 80
f 722 720 5201
f 524 80 563
f 5202 1952 1950
f 1950 1844 5202
f 5205 1795 1867
f 80 82 581
f 581 563 80
f 1867 5204 5205
f 1798 1795 1687
f 581 100 584
f 82 100 581
f 1795 1798 1799
f 697 100 104
f 1798 1801 1799
f 584 100 697
f 697 107 705
f 104 107 697
f 705 112 769
f 107 112 705
f 769 120 818
f 112 120 769
f 452 120 161
f 1879 1799 1801
f 452 818 120
f 1879 1801 5013
f 1916 1881 1827
f 1827 1881 1818
f 1818 1881 1892
f 1821 1818 1892
f 5210 1821 1892
f 5210 1892 4138
f 1894 1896 1824
f 1828 1824 1896
f 1896 1897 1828
f 1829 1828 1897
f 366 365 1921
f 1897 1902 1829
f 1921 365 1749
f 1836 1829 1902
f 2190 366 1921
f 2190 386 366
f 1836 1902 1910
f 1838 1836 1910
f 432 386 2190
f 2190 2193 432
f 1910 1913 5217
f 2193 2243 432
f 2243 314 432
f 318 314 2243
f 2243 2326 318
f 333 318 2326
f 2326 3790 333
f 3787 333 3790
f 336 333 3787
f 3787 3145 336
f 3145 3054 336
f 5217 1913 1932
f 1932 1846 5217
f 1932 1933 1846
f 1846 1933 1848
f 2470 2467 452
f 1849 1848 1933
f 2470 464 2472
f 452 464 2470
f 1933 1939 1849
f 2472 566 2562
f 1854 1849 1939
f 464 566 2472
f 1939 1940 1854
f 1855 1854 1940
f 2562 573 2509
f 2562 566 573
f 3182 3054 3145
f 3182 1018 3054
f 1940 1954 1855
f 2076 2086 1958
f 1958 2086 1970
f 1018 3182 3198
f 3198 1020 1018
f 2077 2076 1959
f 3198 3182 3807
f 1020 3198 3200
f 1959 2076 1958
f 2077 1959 4403
f 3807 2905 3198
f 2905 3200 3198
f 4765 4643 1957
f 2909 1104 2905
f 1104 3200 2905
f 1963 1991 2105
f 2105 2079 1963
f 3798 3807 3800
f 2079 2080 1963
f 3800 3795 3794
f 3794 3798 3800
f 1963 2080 1971
f 3039 3798 3794
f 5231 2081 1988
f 5231 1988 4138
f 2081 2082 1988
f 3795 3793 3794
f 3795 3663 3793
f 3792 3793 3663
f 1993 1988 2082
f 3047 3794 3793
f 3039 3794 3047
f 3791 3047 3792
f 3047 3793 3792
f 4400 2083 4397
f 4397 1993 4400
f 2083 2084 1999
f 5232 2084 2085
f 3789 3659 3788
f 3791 3789 3056
f 3791 3792 3789
f 2085 2005 5232
f 3056 3789 3788
f 3788 3064 3056
f 4393 2085 2087
f 2087 2009 4393
f 2087 2094 2009
f 2009 2094 2021
f 2025 2021 2094
f 3784 3653 3782
f 3653 3783 3782
f 3783 2408 3782
f 2094 2100 2025
f 2027 2025 2100
f 3780 3788 3659
f 3659 3655 3780
f 3655 3784 3780
f 3784 3147 3780
f 2100 2102 2027
f 4388 2027 2102
f 3064 3788 3780
f 2102 2106 4388
f 2106 2111 2032
f 3147 3784 3782
f 2032 2111 2041
f 2041 2108 2036
f 2111 2108 2041
f 5234 2298 2396
f 3783 3781 3197
f 5234 2396 4505
f 3781 2509 3197
f 3783 3197 2408
f 2358 2404 5236
f 5236 2404 4375
f 3840 3843 2596
f 5237 2335 2433
f 3840 2641 3839
f 3840 2596 2641
f 5237 2433 4377
f 5238 2406 4376
f 3839 2641 1748
f 2412 2319 5238
f 3839 1748 3243
f 2415 2322 2412
f 2308 2322 2415
f 3665 3575 3565
f 2308 2415 2425
f 2322 2319 2412
f 3555 3665 3558
f 3665 3565 3558
f 3555 3552 3548
f 3558 3552 3555
f 2349 2456 2347
f 2460 2456 2351
f 2351 2456 2349
f 2461 2460 2353
f 3657 3552 3533
f 3657 3548 3552
f 3657 3533 3532
f 3532 3656 3657
f 2353 2460 2351
f 3656 3532 3528
f 2353 2355 2468
f 2468 2461 2353
f 5248 2479 2468
f 2468 2355 5248
f 3569 3529 5233
f 2358 2359 2475
f 2358 2475 4378
f 3747 3642 3529
f 2359 2360 2477
f 2477 2475 2359
f 3642 3747 3641
f 2347 2478 2477
f 2360 2347 2477
f 2347 2456 2478
f 3640 3641 3718
f 3641 3747 3718
f 3718 3716 3639
f 3639 3640 3718
f 3716 3713 3636
f 3636 3639 3716
f 3713 3706 3635
f 3635 3636 3713
f 3635 3694 3633
f 3635 3706 3694
f 2768 2769 2914
f 3633 3694 3691
f 2768 2914 2746
f 2769 2770 2919
f 3633 3691 3651
f 2919 2914 2769
f 4381 2921 2919
f 2919 2770 4381
f 2772 2921 2771
f 2772 2929 2921
f 2876 2739 2735
f 2729 2742 2739
f 2729 2739 2876
f 3522 3616 3518
f 3522 3596 3616
f 2745 2742 2730
f 2730 2742 2729
f 3521 3518 3600
f 2730 2881 2747
f 3518 3616 3600
f 2730 2747 2745
f 2881 2748 2747
f 2735 2741 2733
f 2775 2971 2733
f 2777 2775 2733
f 3458 3281 3452
f 2741 2777 2733
f 3466 3441 3449
f 3466 3285 3441
f 3285 3462 3441
f 3462 3436 3441
f 2741 2735 2739
f 2614 2741 2739
f 2742 2614 2739
f 2749 2747 2748
f 2748 2750 2749
f 2751 2749 2750
f 3525 3436 3458
f 3436 3462 3458
f 3525 3458 3452
f 3167 3385 3375
f 3220 3167 3375
f 3389 3385 3170
f 3170 3385 3167
f 3170 3178 3391
f 3497 3521 3586
f 3170 3391 3389
f 3392 3391 3178
f 3281 3523 3452
f 3281 3497 3523
f 3174 3392 3178
f 3497 3586 3523
f 3521 3600 3586
f 3394 3392 3184
f 3184 3392 3174
f 3404 3272 5155
f 3203 3396 3184
f 5155 3569 5233
f 3184 3396 3394
f 3397 3396 3216
f 5233 3404 5155
f 3216 3396 3203
f 3404 3642 5154
f 3216 3222 3398
f 3269 3641 3478
f 3269 3642 3641
f 3398 3397 3216
f 3240 3398 3222
f 3478 3641 3640
f 3240 3399 3398
f 3324 3240 3244
f 3240 3324 3399
f 3478 3640 3475
f 3354 3324 3259
f 3640 3639 3515
f 3515 3475 3640
f 3259 3324 3244
f 3030 3027 5151
f 5151 3029 3030
f 3061 2948 2950
f 3356 3354 3260
f 3027 3011 2851
f 3265 3260 4424
f 4424 3011 3265
f 3125 3110 3259
f 3110 3260 3259
f 3260 3354 3259
f 3125 3244 3119
f 3259 3244 3125
f 3119 3240 3111
f 3244 3240 3119
f 3356 3265 4146
f 3265 3356 3260
f 3399 3324 3475
f 3475 3515 3399
f 3324 3354 3478
f 3478 3475 3324
f 543 544 485
f 4380 3356 3269
f 485 544 4303
f 3061 2950 3066
f 3068 2950 2956
f 3068 3066 2950
f 3269 3478 4380
f 3240 3222 3076
f 3076 3111 3240
f 3362 3270 3269
f 3269 3356 3362
f 3076 3216 3065
f 3222 3216 3076
f 541 543 485
f 5154 3270 5261
f 3271 3270 3362
f 5261 3271 5262
f 2956 2959 3078
f 3272 3404 5261
f 3065 3203 3062
f 3216 3203 3065
f 3274 3272 5262
f 5264 3274 5266
f 3062 3184 3060
f 3203 3184 3062
f 3276 3410 5264
f 3141 3276 5266
f 3060 3174 3048
f 3184 3174 3060
f 3174 3178 3049
f 3049 3048 3174
f 3390 3521 3497
f 3390 3497 3281
f 3170 3042 5074
f 3049 3178 3170
f 3146 3390 3281
f 3170 3167 3042
f 5 4712 4
f 3458 3283 3281
f 3283 3458 3462
f 3134 3167 3220
f 2744 2746 2887
f 3462 3296 3283
f 3283 3146 3281
f 2612 2744 2995
f 2744 2887 2995
f 3462 3285 3297
f 3462 3297 3296
f 3466 3298 3297
f 2744 2768 2746
f 3285 3466 3297
f 2766 2995 2990
f 3297 3298 3155
f 3393 3518 3521
f 2995 2766 2612
f 2764 2766 2988
f 2766 2990 2988
f 3522 3518 3386
f 3386 3518 3393
f 3390 3393 3521
f 3522 3386 4744
f 3688 3775 3264
f 541 444 543
f 3078 3068 2956
f 3264 3808 3688
f 3808 3810 3699
f 3688 3808 3699
f 2898 2903 4938
f 3705 3699 3810
f 3705 3810 3813
f 3741 3705 3813
f 3813 3820 3741
f 3820 3815 3741
f 2763 2900 2762
f 2903 2900 2763
f 2762 2899 2761
f 3741 3815 3715
f 2900 2899 2762
f 3717 3715 3815
f 2764 2898 2760
f 2988 2898 2764
f 4938 2760 2898
f 3815 3817 3717
f 3770 3733 3819
f 2758 2896 2775
f 2758 2759 2896
f 2759 2897 2896
f 3819 3333 3770
f 3733 3717 3817
f 3817 3819 3733
f 2761 2897 2759
f 2761 2899 2897
f 3529 3776 3058
f 3023 3032 3021
f 2775 2896 2971
f 4386 3666 3831
f 3750 3666 3529
f 3750 3751 3831
f 3831 3666 3750
f 3760 3832 3831
f 2685 2582 2566
f 3542 3837 3832
f 3542 3832 3760
f 2564 2607 2696
f 3760 3831 3751
f 2566 2710 2685
f 2566 2564 2710
f 3767 3774 3229
f 2710 2564 2696
f 3767 3229 3835
f 2694 2589 2582
f 2582 2690 2694
f 2690 2582 2685
f 3447 3837 3762
f 3762 3837 3542
f 2680 2672 2522
f 2522 2531 2680
f 2672 2671 2521
f 2521 2522 2672
f 2671 2668 2518
f 2518 2521 2671
f 2668 2657 2516
f 2516 2518 2668
f 2657 2647 2498
f 2498 2516 2657
f 3762 3763 3834
f 2497 2647 2639
f 2497 2498 2647
f 3762 3834 3447
f 2633 2635 2494
f 3835 3834 3767
f 2633 2492 2497
f 3767 3834 3763
f 2497 2639 2633
f 3333 3229 3773
f 2492 2633 2494
f 3770 3333 3773
f 3773 3229 3774
f 2828 2467 3557
f 2799 2828 3534
f 3534 2828 3557
f 2798 2799 3500
f 4707 2488 4377
f 4707 2628 2488
f 3500 2799 3534
f 2695 2489 4697
f 4697 4520 2695
f 2795 2798 3428
f 3428 2798 3500
f 2622 2487 2494
f 2785 2795 3350
f 2494 2635 2622
f 3350 2795 3428
f 4506 2630 2490
f 4506 2622 2630
f 1957 2078 2075
f 2075 2073 4444
f 2030 1957 2075
f 2779 2785 3287
f 2070 2026 4444
f 4444 2073 2070
f 2070 2115 2022
f 2022 2026 2070
f 2115 2112 2018
f 2018 2022 2115
f 4403 2112 2077
f 3287 2785 3350
f 2004 2107 1983
f 1904 2779 3286
f 2099 2105 1991
f 1991 1989 2099
f 2098 2099 1989
f 1989 1986 2098
f 2096 2098 1986
f 1986 1983 2096
f 2107 2096 1983
f 3286 2779 3287
f 2091 1967 4427
f 4427 4395 2091
f 2107 2004 4394
f 4394 2091 2107
f 1832 1904 3261
f 3261 1904 3286
f 3261 3256 1754
f 1754 1832 3261
f 4385 1568 1562
f 3243 1748 1754
f 1557 4383 4384
f 4384 4383 1673
f 4382 1590 1671
f 1590 1667 1671
f 1667 1590 1555
f 1555 1663 1667
f 1564 1550 4362
f 4362 1568 4366
f 3256 3243 1754
f 1548 1564 1636
f 1548 1550 1564
f 38 40 342
f 4629 1562 4362
f 342 361 38
f 217 38 361
f 217 361 362
f 362 1335 230
f 1547 1548 1636
f 362 230 217
f 1548 1547 1469
f 1360 239 1335
f 1335 239 230
f 230 239 14
f 1543 1547 1662
f 1543 1469 1547
f 1360 247 239
f 239 247 248
f 14 239 248
f 248 247 1436
f 676 2697 2833
f 1663 1555 1661
f 580 2792 2697
f 676 580 2697
f 755 2911 2792
f 1555 1465 1661
f 755 2792 580
f 589 2833 2811
f 1661 1465 4347
f 4347 1660 1661
f 1458 1542 4721
f 1619 1660 1542
f 1458 1540 1542
f 1540 1619 1542
f 595 589 2811
f 595 2811 2843
f 589 676 2833
f 1540 1458 4724
f 4724 1534 1540
f 1531 1534 1456
f 293 595 2843
f 1615 1540 1534
f 700 2928 2911
f 1626 1534 1531
f 1615 1534 1626
f 700 870 2958
f 1662 1524 1543
f 700 2958 2928
f 1543 1524 1453
f 700 2911 755
f 1614 1523 4345
f 870 895 2964
f 4345 1524 1614
f 2964 2958 870
f 3001 2964 903
f 903 2964 895
f 1614 1521 1523
f 3841 3796 2510
f 1523 1521 1448
f 3838 3841 2565
f 1448 1521 1538
f 1521 1612 1538
f 2565 3841 2510
f 3836 3838 2576
f 2576 3838 2565
f 1612 1537 1538
f 3829 3836 2658
f 1448 1538 4344
f 2658 3836 2576
f 3827 3829 2660
f 2660 3829 2658
f 2660 2693 3825
f 1620 1531 1520
f 1626 1531 1620
f 1620 1520 1560
f 1560 1683 1620
f 3825 3827 2660
f 3078 2959 3080
f 3823 3825 2700
f 2700 3825 2693
f 2700 2738 3823
f 337 417 534
f 2843 3804 3802
f 534 420 535
f 417 420 534
f 420 421 537
f 537 535 420
f 421 423 539
f 539 537 421
f 3799 2941 3802
f 424 539 423
f 2824 2941 3799
f 357 428 378
f 357 289 428
f 357 359 289
f 2824 3799 3812
f 3802 2941 2843
f 3108 3041 2925
f 291 289 4728
f 4728 363 291
f 3108 2925 2922
f 3108 2922 2916
f 291 363 367
f 4323 227 185
f 3106 3108 2916
f 2916 2910 3106
f 2959 2961 3080
f 538 444 541
f 527 434 558
f 558 435 374
f 3106 2910 3104
f 334 435 437
f 334 374 435
f 3053 3104 2910
f 558 434 435
f 434 295 435
f 2908 3053 2910
f 435 295 437
f 3100 2997 2979
f 378 438 527
f 3101 3100 2979
f 527 438 434
f 2992 2997 3098
f 3098 2997 3100
f 3095 2989 2992
f 3098 3095 2992
f 378 428 438
f 3093 2986 2989
f 3095 3093 2989
f 2985 2986 3091
f 3091 2986 3093
f 437 337 334
f 437 308 337
f 337 308 417
f 2978 2985 3088
f 3088 2985 3091
f 2975 2978 3086
f 3086 2978 3088
f 421 420 315
f 3086 3084 2968
f 2968 2975 3086
f 691 538 541
f 3080 2961 2965
f 536 538 691
f 538 442 444
f 3084 3082 2965
f 2965 2968 3084
f 442 538 533
f 538 536 533
f 3082 3080 2965
f 2553 2667 3868
f 3868 3853 2553
f 3879 3880 3911
f 3853 3868 3905
f 3206 3854 3881
f 3895 3886 3858
f 3206 3363 3854
f 3465 3461 3854
f 3581 3912 3920
f 3072 3206 3852
f 3692 3700 3912
f 3896 3885 3871
f 3072 3852 3880
f 3859 2534 3887
f 3872 3858 3906
f 3873 3906 3907
f 2532 3859 3888
f 3897 3035 3861
f 3864 3865 3917
f 3863 3861 3035
f 3818 3822 3890
f 3910 3903 3877
f 3864 3862 3903
f 3893 3867 1811
f 1811 3866 3893
f 3867 3722 3543
f 3234 3894 3904
f 3722 3892 3910
f 3543 3419 3867
f 3421 3377 3904
f 3830 3844 3722
f 3722 3723 3543
f 3543 3538 3419
f 3879 3868 2667
f 3869 3852 3881
f 3880 2970 3072
f 3881 3854 3898
f 2538 3853 2536
f 3853 2538 2553
f 3854 3363 3465
f 3461 3882 3898
f 3898 3854 3461
f 3870 3882 3920
f 3916 3921 3899
f 3896 3871 3905
f 2536 3857 3887
f 3857 2536 3853
f 3900 3895 3856
f 3887 3872 3859
f 3888 2530 2532
f 3859 2532 2534
f 3918 3876 3915
f 3888 3874 3902
f 3035 2926 3863
f 3902 3874 3907
f 3890 3700 3818
f 3805 3877 3909
f 2810 3863 2926
f 3863 2810 3902
f 3903 3878 3864
f 3891 3876 3864
f 3892 3878 3910
f 3893 3875 3908
f 3035 3894 3234
f 3861 3875 3897
f 3867 3865 3892
f 3904 3377 3234
f 2667 2835 3879
f 3905 3871 3853
f 3852 3869 1587
f 3856 3869 3855
f 3855 3870 3914
f 3898 3855 3881
f 3871 3858 3872
f 3871 3857 3853
f 3872 3857 3871
f 3906 3873 3872
f 3907 3874 3873
f 3872 3873 3859
f 3902 3861 3863
f 3873 3874 3859
f 3875 3861 3907
f 3908 3891 3917
f 3900 3915 3919
f 3864 3876 3918
f 3909 3890 3805
f 3833 3877 3805
f 3910 3830 3722
f 3864 3878 3892
f 3879 2835 3880
f 3879 3851 3905
f 3911 3851 3879
f 2970 3880 2835
f 3881 3855 3869
f 3881 3852 3206
f 3581 3882 3461
f 3899 3913 3920
f 3899 3890 3916
f 3870 3883 3914
f 3915 3901 3918
f 3914 3856 3855
f 3869 3856 3895
f 3871 3885 3858
f 3906 3886 3919
f 3858 3885 3895
f 3887 2534 2536
f 3872 3887 3857
f 3888 3859 3874
f 2530 3888 2661
f 3919 3886 3900
f 3889 3856 3914
f 3890 3822 3805
f 3916 3909 3862
f 3917 3893 3908
f 3915 3891 3908
f 3892 3722 3867
f 3892 3865 3864
f 3867 3893 3917
f 3893 3866 3897
f 3894 3035 3897
f 3894 3866 3904
f 3895 3885 3896
f 3856 3889 3900
f 3896 3851 3911
f 3896 3869 3895
f 3897 3875 3893
f 3897 3866 3894
f 3870 3898 3882
f 3898 3870 3855
f 3920 3882 3581
f 3890 3899 3700
f 3900 3889 3915
f 3895 3900 3886
f 3884 3901 3889
f 3921 3901 3884
f 2661 3902 2810
f 3902 2661 3888
f 3903 3862 3909
f 3877 3833 3910
f 3419 3904 3866
f 3904 3419 3421
f 3905 3868 3879
f 3905 3851 3896
f 3906 3858 3886
f 3906 3860 3907
f 3907 3860 3908
f 3907 3861 3902
f 3908 3875 3907
f 3908 3860 3919
f 3909 3877 3903
f 3916 3862 3918
f 3910 3878 3903
f 3830 3910 3833
f 3852 3911 3880
f 1587 3911 3852
f 3912 3581 3692
f 3899 3912 3700
f 3913 3884 3914
f 3913 3883 3920
f 3914 3883 3913
f 3914 3884 3889
f 3915 3889 3901
f 3915 3876 3891
f 3884 3913 3921
f 3909 3916 3890
f 3917 3891 3864
f 3917 3865 3867
f 3918 3901 3921
f 3918 3862 3864
f 3919 3915 3908
f 3919 3860 3906
f 3920 3912 3899
f 3920 3883 3870
f 3921 3913 3899
f 3921 3916 3918
f 77 76 4048
f 76 186 4007
f 95 87 77
f 4007 3979 4048
f 3922 95 77
f 3980 96 95
f 95 3922 3980
f 103 4008 3982
f 97 103 3982
f 101 96 3954
f 3922 3979 4023
f 214 202 102
f 3957 3956 4058
f 4009 4037 4078
f 344 561 3925
f 4082 3983 3958
f 3987 3959 4063
f 227 344 3925
f 3960 3958 3983
f 3929 3963 4026
f 206 214 3988
f 4323 344 227
f 3962 3961 4039
f 3963 3929 231
f 3994 368 4069
f 3963 157 155
f 4059 4038 4060
f 865 886 4050
f 4060 4038 3990
f 1097 3991 4051
f 3933 3966 3936
f 1089 1093 4051
f 3966 3932 4016
f 523 368 4778
f 3935 3934 4030
f 953 3936 3967
f 668 664 523
f 4016 3992 4030
f 3969 3937 3970
f 954 773 3936
f 773 784 668
f 1298 1301 4052
f 3937 1122 3970
f 1296 1298 4081
f 3970 3935 3969
f 3938 1293 3937
f 3938 1304 1476
f 3938 3939 3995
f 1476 1632 3939
f 4017 3995 4004
f 3940 1431 1297
f 1476 1631 1632
f 3941 3996 4019
f 4061 4054 4018
f 1297 1293 3940
f 4019 3972 3941
f 2309 3944 3942
f 4020 4003 3974
f 4021 4003 4057
f 1431 1299 1297
f 1676 1925 3996
f 2119 3972 4019
f 3944 2464 2593
f 3945 2839 2954
f 2949 3947 3945
f 2716 3999 4070
f 3976 3950 4006
f 2593 2737 3998
f 2954 2947 3945
f 2952 2841 4020
f 3976 3977 3978
f 1591 1438 1588
f 2716 2709 2583
f 3978 3977 4047
f 3950 3978 4022
f 4047 4036 3952
f 4022 3978 3951
f 3952 4036 4065
f 3953 4022 4066
f 3952 2181 2028
f 1580 1592 3953
f 2028 1907 3952
f 2028 1903 1907
f 4023 3955 3922
f 3980 3955 3923
f 4062 4007 190
f 102 3982 214
f 3958 4073 4082
f 3927 4040 4080
f 227 3925 3981
f 3985 3956 3925
f 4014 3986 4075
f 4063 4012 3987
f 3988 211 206
f 3989 3988 214
f 3964 3928 3987
f 4026 3963 211
f 158 157 3963
f 3963 231 158
f 4015 3986 4060
f 3929 4013 4069
f 4028 4027 4079
f 3931 3932 3993
f 4067 1097 4081
f 3966 3933 4029
f 4778 668 523
f 4029 3993 3966
f 4030 3934 4016
f 3936 953 954
f 3968 1304 3969
f 3934 3935 3970
f 668 3936 773
f 3936 668 3933
f 3937 1304 3938
f 1122 3937 1293
f 1476 3939 3938
f 3995 3971 4004
f 1682 3939 1632
f 3939 1682 3995
f 1431 3940 4017
f 3938 3940 1293
f 1925 1975 4019
f 3975 4064 4046
f 2309 3942 3972
f 3998 3944 2593
f 4033 4021 3999
f 4032 4004 3971
f 3944 2309 2464
f 2737 4001 3998
f 2839 3945 4001
f 3945 2947 2949
f 4033 4005 3949
f 4034 4000 3943
f 3947 2949 2952
f 4003 4021 4077
f 1591 1588 4004
f 4032 3971 4042
f 4005 3999 2716
f 4065 2181 3952
f 1591 3948 4006
f 4006 1583 1591
f 4071 2320 4065
f 4066 4022 1907
f 4065 4035 4071
f 3951 3952 1907
f 1583 3953 1592
f 3953 1583 4006
f 3954 3923 4008
f 3954 103 101
f 3955 3924 3984
f 3923 3954 3980
f 3925 561 3985
f 465 607 3983
f 4024 3957 4078
f 3956 3957 3981
f 607 719 3960
f 3960 4041 4068
f 4039 3961 4049
f 4040 3982 4008
f 723 3960 719
f 3990 4038 4068
f 3927 3959 4039
f 3928 3930 3962
f 4029 4013 3962
f 3961 3962 3929
f 157 332 155
f 211 3988 4026
f 3930 3964 3931
f 3964 3930 3928
f 4067 3991 1097
f 3932 3931 4015
f 3933 3994 4029
f 4016 3967 3966
f 3967 3934 953
f 3966 3967 3936
f 1302 3968 1301
f 3968 1302 1304
f 3969 3935 3968
f 3937 3969 1304
f 953 3970 1122
f 3970 953 3934
f 3971 1682 3996
f 4042 4000 4032
f 3972 2119 2309
f 3972 3942 4061
f 4043 4000 4042
f 3973 3941 3972
f 3997 4046 4076
f 3947 4045 3945
f 3946 3943 4064
f 4046 4031 4077
f 3976 3948 4032
f 3977 3976 4034
f 3977 3946 4002
f 4047 3951 3978
f 3951 1907 4022
f 3978 3950 3976
f 4048 76 4007
f 190 4024 4062
f 3980 3954 96
f 3955 3980 3922
f 3981 190 227
f 3981 3925 3956
f 3982 102 97
f 4008 3923 4072
f 3985 3983 4082
f 3983 607 3960
f 3955 3984 4072
f 3924 4012 4063
f 465 3985 561
f 3985 465 3983
f 4068 3958 3960
f 4015 3964 4075
f 3987 3926 4025
f 3987 3928 4039
f 214 3982 3989
f 4049 4026 3988
f 3989 3982 4040
f 3988 3989 3927
f 4041 723 865
f 3990 4050 4051
f 4051 1093 1097
f 4053 4028 4067
f 4053 4052 1301
f 3965 3992 4016
f 3993 3930 3931
f 3966 3993 3932
f 368 3994 3933
f 4069 231 3929
f 3938 3995 4017
f 3971 3995 1682
f 3996 3941 4042
f 3996 1682 1676
f 4061 4018 4076
f 4056 4045 3974
f 4001 3945 4056
f 3944 3998 4054
f 4070 4057 2841
f 2716 2583 4005
f 3941 3973 4043
f 3943 3946 4034
f 4001 2737 2839
f 4056 4055 4001
f 4002 3949 4047
f 4002 3946 4064
f 4020 3974 4045
f 4057 4020 2841
f 4004 3948 1591
f 4004 1588 4017
f 4071 4035 4005
f 3949 4002 4033
f 4006 3948 3976
f 4006 3950 3953
f 190 4007 186
f 190 3981 4024
f 4008 103 3954
f 4072 4040 4008
f 4009 3926 4012
f 3924 4023 4037
f 4058 3956 4082
f 4009 4010 3926
f 4074 4059 4073
f 4010 4011 4014
f 4012 3924 4009
f 3987 4012 3926
f 3962 4013 3929
f 3962 3930 4029
f 4075 4025 4014
f 4014 3926 4010
f 4015 3965 3932
f 4015 3931 3964
f 4016 3934 3967
f 4016 3932 3965
f 4017 1588 1431
f 4017 3940 3938
f 4018 3998 4055
f 4076 4018 3997
f 4019 3996 1925
f 4019 1975 2119
f 4020 3947 2952
f 2841 2837 4070
f 3999 4005 4033
f 4077 4031 4003
f 1907 1737 4066
f 4022 3953 3950
f 4023 3979 4037
f 3955 4023 3924
f 3957 4024 3981
f 4078 4010 4009
f 4025 3964 3987
f 4014 4025 3926
f 3988 3927 4049
f 4026 3961 3929
f 4079 3991 4067
f 4015 4027 3965
f 3965 4028 3992
f 4028 3965 4027
f 4029 3994 4013
f 3993 4029 3930
f 4030 3992 4053
f 4030 3968 3935
f 3974 4031 3997
f 4031 3974 4003
f 4032 4000 4034
f 4004 4032 3948
f 3975 4033 4002
f 4033 3975 4021
f 4034 3946 3977
f 4034 3976 4032
f 4005 4035 3949
f 4005 2583 4071
f 3952 3951 4047
f 4035 4036 3949
f 4037 4009 3924
f 4037 3979 4062
f 4060 3990 4079
f 3986 4014 4059
f 4039 3959 3987
f 4039 3928 3962
f 4080 3959 3927
f 4040 3927 3989
f 723 4041 3960
f 865 4050 4041
f 4042 3971 3996
f 4042 3941 4043
f 4043 3973 4044
f 4000 4043 3943
f 4044 3943 4043
f 4044 3973 4061
f 4045 3947 4020
f 3974 3997 4056
f 4064 4044 4076
f 4031 4046 3997
f 4047 3977 4002
f 4047 3949 4036
f 3922 4048 3979
f 4048 3922 77
f 4049 3927 4039
f 4026 4049 3961
f 4050 886 4051
f 4050 3990 4068
f 4051 3991 3990
f 4051 886 1089
f 4052 4081 1298
f 1301 3968 4053
f 4053 3968 4030
f 4053 3992 4028
f 4054 3942 3944
f 4018 4054 3998
f 4055 3997 4018
f 4001 4055 3998
f 4056 3945 4045
f 4055 4056 3997
f 4057 3999 4021
f 4020 4057 4003
f 4010 4058 4011
f 4058 4010 4078
f 4011 4059 4014
f 4059 4011 4073
f 4060 4027 4015
f 4060 3986 4059
f 4061 3973 3972
f 4054 4061 3942
f 4062 4024 4037
f 4007 4062 3979
f 4063 3959 4080
f 4063 3984 3924
f 4064 3975 4002
f 4064 3943 4044
f 4065 4036 4035
f 2181 4065 2320
f 1580 4066 1737
f 4066 1580 3953
f 4067 4052 4053
f 4067 4028 4079
f 4068 4041 4050
f 4068 4038 4074
f 4069 4013 3994
f 231 4069 368
f 4070 2837 2716
f 4057 4070 3999
f 2413 4071 2583
f 4071 2413 2320
f 4072 3923 3955
f 4072 3984 4080
f 4073 3958 4074
f 4058 4073 4011
f 4074 3958 4068
f 4059 4074 4038
f 4075 3986 4015
f 4025 4075 3964
f 4076 4046 4064
f 4076 4044 4061
f 3975 4077 4021
f 4077 3975 4046
f 4078 4037 4024
f 4078 3957 4058
f 4079 4027 4060
f 3991 4079 3990
f 4080 4040 4072
f 4080 3984 4063
f 4081 4052 4067
f 4081 1097 1296
f 4082 4073 4058
f 4082 3956 3985
f 1347 5058 5070
f 5252 5250 917
f 4151 977 4152
f 331 301 155
f 155 332 299
f 1885 4083 4085
f 4541 4083 1885
f 4085 4083 4593
f 2895 3021 2750
f 1889 4085 4089
f 4085 1889 1885
f 4087 4090 1502
f 5158 4086 1502
f 4774 4087 1333
f 1442 4090 1393
f 4091 4088 1483
f 1393 4088 1442
f 4089 4085 1809
f 4099 4089 1810
f 5133 4090 5179
f 1502 1467 5158
f 1442 4091 1434
f 4088 4091 1442
f 1483 4092 4982
f 4088 4092 1483
f 4100 5203 33
f 32 4093 33
f 4094 4095 5216
f 4101 4094 22
f 1234 4095 4094
f 21 4095 5228
f 4123 4124 1812
f 1812 4577 4580
f 4099 4097 4105
f 1704 4097 1810
f 5230 4098 8
f 226 1 5229
f 261 4713 2418
f 4097 4099 1810
f 4093 9 4094
f 4094 4100 4093
f 4102 4101 39
f 4101 37 5203
f 4103 5185 37
f 4101 4102 37
f 62 4103 4107
f 4103 62 5185
f 2418 4713 3561
f 4099 1857 4536
f 1857 4105 4528
f 4105 1857 4099
f 4579 4097 1706
f 4716 2225 2300
f 147 4107 4109
f 4107 147 62
f 4109 4108 150
f 66 4108 5182
f 1179 4107 39
f 1179 39 5182
f 5125 4110 4111
f 5127 4110 234
f 5104 4111 341
f 4111 235 5125
f 341 4112 5087
f 4111 4112 341
f 1710 4113 1802
f 1710 1750 4578
f 249 4114 319
f 249 268 5111
f 319 4114 4116
f 4716 2227 2085
f 4118 4116 4117
f 4116 358 319
f 339 4117 5089
f 4117 339 4118
f 5068 4118 4122
f 4116 4118 358
f 1804 4119 4113
f 4119 1804 4528
f 1895 4120 4121
f 4524 1968 4525
f 4121 4120 4125
f 4576 4121 1813
f 392 4122 5056
f 4122 392 5068
f 4523 4123 1901
f 4124 4123 4523
f 4124 4121 4576
f 1812 4096 4123
f 1813 4125 1814
f 4125 1813 4121
f 1816 4126 1922
f 4126 1816 4557
f 4128 4127 1941
f 4553 4127 4128
f 1725 4128 1949
f 4128 1725 4553
f 1850 4129 1953
f 4548 4129 1850
f 385 4130 5067
f 4130 385 5056
f 330 4131 5085
f 5064 4131 330
f 4783 4784 959
f 4805 4132 959
f 1700 4133 1755
f 4586 4133 1700
f 1875 4134 1959
f 4134 1875 4846
f 4135 2047 4947
f 4280 4135 2202
f 1347 4136 5058
f 1581 4136 1347
f 4137 1044 5252
f 814 4137 1138
f 1894 4138 1988
f 4138 1894 5210
f 1896 4139 1993
f 1894 4139 1896
f 1896 4140 1897
f 1993 4140 1896
f 2638 4141 2640
f 2821 4141 2638
f 2640 4142 2649
f 2822 4142 2640
f 2868 4143 3016
f 2872 4143 2868
f 2884 4144 2885
f 5106 4144 2884
f 2201 4720 2204
f 2731 4144 2982
f 3027 4146 3265
f 3135 4146 3027
f 428 4147 302
f 289 4147 428
f 291 4148 289
f 185 4148 291
f 506 4149 363
f 508 4149 506
f 523 4150 369
f 666 4150 523
f 971 4151 973
f 977 4151 971
f 720 4152 977
f 722 4152 720
f 4153 356 4157
f 663 4153 518
f 517 4154 354
f 662 4154 517
f 4156 4155 350
f 4979 4155 516
f 516 4156 353
f 4155 4156 516
f 4157 518 4153
f 306 4157 356
f 941 4158 4159
f 798 4158 941
f 853 4159 4158
f 853 1001 4172
f 1132 4160 4161
f 4160 1132 4575
f 779 4161 4160
f 4161 779 4419
f 4162 803 4160
f 907 4162 4160
f 804 4163 4164
f 4163 804 4162
f 925 4164 4163
f 927 4164 925
f 929 4165 927
f 787 4165 4166
f 929 4166 4165
f 4167 809 787
f 929 4167 4166
f 929 931 4168
f 4168 4167 929
f 4169 810 4241
f 931 4169 4168
f 931 4566 4170
f 4170 4169 931
f 4565 4170 1143
f 810 4171 4239
f 4174 4171 810
f 4172 4173 853
f 1001 1148 4175
f 4173 4172 935
f 4159 4173 941
f 4174 4170 4565
f 4174 1148 1001
f 4175 4172 1001
f 1059 4175 4564
f 1495 4176 4177
f 1495 1497 4178
f 1317 4177 4176
f 5263 4177 1317
f 4178 4176 1495
f 1321 4178 5268
f 1499 4179 1337
f 1495 4179 4180
f 1499 4180 4179
f 1499 1501 4181
f 4181 4180 1499
f 4182 4181 1501
f 1497 4182 4183
f 4181 4182 1497
f 4183 4182 1501
f 2204 4720 2296
f 1503 4183 4185
f 1462 4721 1465
f 4185 4183 1508
f 1465 4721 1542
f 5277 4185 1509
f 1534 4724 1456
f 1337 4187 1499
f 5282 1064 5283
f 1499 4188 4190
f 4187 4188 1499
f 1522 4189 4190
f 1522 1367 4191
f 1261 4190 4188
f 4190 1261 1522
f 4191 4189 1522
f 1508 4191 4192
f 1367 4192 4191
f 1509 4192 4193
f 1367 4193 4192
f 1368 4193 1367
f 513 4194 4250
f 4981 4194 513
f 4197 4195 487
f 4197 4199 507
f 544 4196 487
f 544 446 4438
f 4196 406 4199
f 4199 4197 4196
f 406 4198 4199
f 4258 552 4264
f 4199 4198 4248
f 507 4195 4197
f 4201 4304 1822
f 4207 1617 1624
f 4215 4201 1559
f 4201 1708 4304
f 4203 4202 1756
f 4208 1966 4306
f 4203 4204 1622
f 4202 4203 1622
f 4204 4203 1741
f 4204 4205 1621
f 4205 4204 1741
f 1621 4205 4209
f 4308 4206 1822
f 4208 4206 1966
f 1822 4207 4200
f 4206 4207 1822
f 1623 4208 4202
f 4208 1623 5222
f 4209 4205 4305
f 4213 4209 1711
f 1736 4210 1570
f 1738 4210 1736
f 1712 1567 4212
f 4212 4211 1712
f 5290 4212 1567
f 4211 4212 1806
f 4214 4213 4211
f 4209 4213 1565
f 5278 4214 5292
f 4213 4214 1565
f 1708 4215 4216
f 4201 4215 1708
f 4217 4216 1554
f 4216 1702 1708
f 4218 4217 1554
f 4216 4217 1702
f 4322 4218 4220
f 4217 4218 1702
f 1551 4219 4220
f 5300 1387 5298
f 4220 4219 1796
f 4220 1944 4322
f 1796 4221 4222
f 5297 1454 4404
f 1693 4222 1692
f 4222 1693 1796
f 1692 4223 1680
f 1529 4223 1692
f 1246 4224 1356
f 1096 4224 1246
f 1483 4225 1480
f 4982 4225 1483
f 4226 1358 4225
f 1187 4970 4971
f 5177 4227 4229
f 4225 4227 1480
f 4229 4228 1478
f 1187 4228 4229
f 1358 4229 4227
f 4229 1358 1187
f 1260 4230 4231
f 4228 4230 1260
f 4230 1187 4951
f 4951 4231 4230
f 1257 4232 1245
f 4232 1257 4231
f 4937 4233 1350
f 1352 1494 4891
f 4922 4234 1088
f 1350 4234 1180
f 1245 4235 1244
f 4235 1245 4232
f 4237 4236 4869
f 4235 4236 1244
f 1244 4237 4899
f 4236 4237 1244
f 1237 4238 4855
f 4238 1237 4899
f 4239 4171 1001
f 4239 853 5005
f 810 4240 4241
f 4239 4240 810
f 4241 4240 4987
f 4241 654 4242
f 809 4242 787
f 4242 809 4241
f 720 4243 653
f 4413 4243 720
f 803 4244 648
f 804 4244 803
f 787 4245 783
f 4245 787 4242
f 783 4246 4247
f 4245 4246 783
f 4247 652 4244
f 4247 804 783
f 4991 4248 550
f 4248 507 4199
f 4250 4249 513
f 4428 4430 282
f 4250 4194 559
f 4249 4250 557
f 555 4251 559
f 554 4251 555
f 554 4252 557
f 4434 4252 554
f 555 4253 554
f 4253 555 4984
f 547 4254 4257
f 447 4254 547
f 554 4255 4254
f 4253 4255 554
f 495 4256 4782
f 4298 547 4257
f 4257 4254 4255
f 4256 4257 501
f 406 4258 4198
f 4436 281 4435
f 550 4259 549
f 4198 4259 550
f 2010 4260 1883
f 2013 4260 2010
f 1886 4261 4262
f 2015 4261 1886
f 1888 4262 4261
f 1888 1779 4737
f 4264 4263 549
f 4437 447 4440
f 4264 4259 4258
f 4264 552 4437
f 2088 4265 4266
f 4328 1680 4735
f 4266 4265 1888
f 4268 2220 4267
f 4267 4266 4268
f 2093 4267 2220
f 2216 4268 4266
f 2216 2197 4955
f 2093 4269 4267
f 1456 4724 1458
f 4277 4725 242
f 2095 4269 2093
f 2220 4271 2093
f 4271 2220 4954
f 4272 2093 4271
f 2101 4272 2097
f 4948 4273 2103
f 2223 2047 4285
f 4274 2097 4948
f 2104 4274 2103
f 4275 2101 4274
f 1947 4275 2104
f 4279 4276 550
f 5010 4276 497
f 4725 4277 410
f 4281 4277 242
f 1887 4278 4135
f 4289 2113 4286
f 497 4279 4294
f 4276 4279 497
f 1893 4280 2054
f 4280 1893 4283
f 208 4281 4282
f 4281 208 290
f 242 4282 4281
f 242 241 5246
f 4283 4135 4280
f 4318 4283 1893
f 1893 4284 4315
f 2054 4284 1893
f 4285 4273 2223
f 2113 4285 4286
f 2047 4286 4285
f 4278 4286 2047
f 2113 4287 2103
f 1964 4287 2113
f 2075 4288 2073
f 2165 4288 2075
f 1887 4289 4278
f 4313 1741 4312
f 4291 4290 2148
f 2081 4290 2082
f 4292 4291 4373
f 4290 4291 2082
f 4400 4292 2083
f 4291 4292 2082
f 242 4725 4346
f 2486 4293 2245
f 493 4294 4300
f 4294 493 497
f 547 4295 447
f 545 4295 4299
f 591 4296 495
f 767 4727 765
f 4297 4296 490
f 4299 4297 545
f 495 4298 4256
f 4297 4298 495
f 547 4299 4295
f 4299 547 4298
f 546 4300 4294
f 546 545 4302
f 490 4301 4302
f 5004 4301 490
f 493 4302 4301
f 4300 4302 493
f 487 4303 544
f 5007 487 4989
f 4307 4304 4319
f 1822 4200 4201
f 4317 4305 4313
f 4305 1711 4209
f 4306 1964 4311
f 1756 4202 4208
f 4308 1822 4304
f 4304 4307 4308
f 1966 4308 4307
f 4206 4308 1966
f 2104 4309 1947
f 4309 2104 4287
f 1966 4310 4309
f 4307 4310 1966
f 1741 4311 4312
f 1756 4311 1741
f 2113 4312 4311
f 4289 4312 2113
f 4289 1887 4317
f 4317 4313 4289
f 1712 4314 1567
f 4314 1712 1893
f 1908 4315 4284
f 4315 1908 1736
f 4316 4211 4213
f 4318 1893 1712
f 4318 4317 1887
f 4305 4317 1711
f 4316 1711 4317
f 4317 4318 4316
f 4320 4319 1708
f 4319 1947 4307
f 4320 1945 4275
f 4319 4320 1947
f 4325 4321 4322
f 4320 4321 1945
f 1702 4322 4321
f 4218 4322 1702
f 367 4323 291
f 344 4323 367
f 2455 4324 2454
f 2287 4324 2455
f 1945 4325 2095
f 4321 4325 1945
f 4326 1937 4269
f 1944 4326 2095
f 1937 4327 4328
f 4327 1937 1693
f 2088 4328 4265
f 4328 2088 1937
f 2459 2297 2457
f 765 4727 647
f 958 4330 789
f 950 4330 958
f 759 4331 4332
f 5183 4331 759
f 4332 4331 4521
f 4333 751 5192
f 948 4333 4332
f 947 4333 948
f 947 4334 4333
f 947 946 4335
f 4335 4334 947
f 732 4335 4337
f 4337 4336 732
f 945 4336 946
f 946 4337 4335
f 4336 4337 946
f 4338 729 4336
f 4551 4338 945
f 882 4339 942
f 4152 4339 882
f 767 4340 599
f 801 4340 767
f 793 4341 593
f 4416 4341 793
f 779 4342 4419
f 779 648 5000
f 762 4343 745
f 644 4343 762
f 4344 1538 4351
f 1437 4344 1433
f 1453 4345 1523
f 1524 4345 1453
f 353 4346 354
f 242 4346 353
f 1542 4347 1465
f 1660 4347 1542
f 1525 4348 4349
f 4821 1787 1677
f 4843 4349 1556
f 4349 1427 1525
f 1427 4350 1525
f 1433 4350 4813
f 4351 1433 4344
f 1537 4351 1538
f 1729 4352 4353
f 4589 4352 1729
f 4353 4352 4622
f 1641 1731 4598
f 1648 4354 4620
f 4352 4354 1648
f 4356 4355 4592
f 1646 4618 4620
f 1646 4356 4619
f 4355 4356 1646
f 4358 4357 4585
f 1651 4614 4619
f 4613 4358 4359
f 4357 4358 1651
f 1652 4359 1735
f 4359 1652 4613
f 1706 4360 1656
f 2973 3094 3103
f 363 4728 359
f 1706 1656 4604
f 4362 1550 4629
f 1568 4362 1562
f 359 4728 289
f 1750 4363 1658
f 4571 1658 1657
f 3372 3231 3023
f 1564 4365 1636
f 1638 4365 1564
f 4366 1564 4362
f 1639 4366 1568
f 4367 1638 4366
f 1722 4367 1639
f 4607 4368 1568
f 1720 4368 1640
f 1639 4369 4556
f 4368 4369 1639
f 4370 2164 4288
f 4370 2165 4371
f 2170 4371 2165
f 2361 4371 2170
f 2242 4372 2148
f 2244 4372 2242
f 2148 4373 4291
f 4373 2148 4372
f 2149 4374 2152
f 4374 2149 4788
f 2494 4375 2404
f 2487 4375 2494
f 2412 4376 2489
f 4376 2412 5238
f 2406 4377 2488
f 4377 2406 5237
f 2404 4378 2494
f 4378 2404 2358
f 2635 4379 2622
f 2764 4379 2635
f 4730 2463 4731
f 451 3778 2127
f 3058 3776 3050
f 2463 4730 2473
f 1557 4382 4383
f 1590 4382 1557
f 1671 4383 4382
f 1673 4383 1671
f 1562 4384 4385
f 4384 1562 1557
f 1673 4385 4384
f 1640 4385 1673
f 4386 3778 3050
f 3666 4386 3776
f 2561 4731 2458
f 2458 4731 2463
f 1943 4733 1979
f 2596 3661 3058
f 3143 4389 3141
f 3275 4389 3143
f 4390 3493 5079
f 3275 4390 3414
f 3276 4391 3410
f 4391 3276 4389
f 3317 4392 3353
f 3520 4392 3317
f 1979 4733 2217
f 3482 3652 4644
f 1967 4394 2004
f 2091 4394 1967
f 2086 4395 1970
f 5032 2212 2091
f 2200 4398 2287
f 2202 4396 2297
f 4165 4734 927
f 4396 2287 2297
f 2287 4398 2284
f 927 4734 4164
f 2284 4399 2282
f 4399 2284 4398
f 4401 4399 2197
f 5258 4743 861
f 4401 2145 4402
f 4399 4401 2282
f 2276 4402 2142
f 2278 4402 2276
f 3179 3317 3193
f 4743 719 4682
f 1529 4404 4405
f 1529 4221 5297
f 4404 1454 1451
f 1451 4405 4404
f 1611 4406 1609
f 4406 1611 4405
f 1609 4407 1607
f 4407 1609 4406
f 4511 4408 1430
f 1440 4408 1607
f 1600 4409 4929
f 4409 1600 4511
f 2855 4410 2921
f 3029 4410 2855
f 4411 801 4412
f 937 4411 936
f 4412 767 4422
f 936 4412 901
f 793 4413 4414
f 4243 4413 793
f 977 4414 4413
f 977 971 986
f 4414 986 4418
f 3220 4744 3210
f 4418 4416 793
f 4341 4416 782
f 1138 4417 986
f 5253 4417 1138
f 4416 4417 4421
f 4416 4418 4417
f 782 4419 4342
f 4681 4419 782
f 912 4420 917
f 4420 912 4161
f 782 4421 4681
f 4421 782 4416
f 898 4422 765
f 901 4422 898
f 2816 4423 2743
f 2809 4423 2816
f 3210 4744 3386
f 2893 4423 2809
f 898 4425 896
f 764 4425 898
f 890 4426 885
f 896 4426 890
f 1970 4427 1967
f 4395 4427 1970
f 4428 353 4156
f 350 4249 4430
f 2720 4429 2754
f 2863 4429 2720
f 4249 557 4433
f 4433 4430 4249
f 2863 4431 4429
f 2853 4431 2863
f 557 4432 4433
f 4432 557 4252
f 282 4433 4432
f 4430 4433 282
f 447 4434 4254
f 4252 4434 447
f 552 4435 4432
f 4258 4435 552
f 406 4436 4258
f 4439 4436 406
f 4437 4263 4264
f 4252 4437 552
f 4438 4196 544
f 4438 446 5241
f 280 4439 4438
f 4439 280 281
f 4440 4263 4437
f 4295 4440 447
f 3136 4745 3135
f 543 446 544
f 2670 4442 2818
f 2652 4442 4443
f 2670 4443 4442
f 2560 4443 2670
f 4444 2026 5031
f 4444 2030 2075
f 2616 4445 2753
f 2617 4445 2616
f 3135 4745 3271
f 1376 1447 4799
f 1376 4446 1377
f 2944 4747 2935
f 1452 4448 1381
f 4448 1452 4798
f 1377 4449 1379
f 4446 4449 1377
f 4450 1381 4448
f 1377 4450 1376
f 1383 4451 1389
f 4451 1383 4450
f 2581 4452 2578
f 2679 4452 2581
f 2505 4453 2637
f 2578 4453 2505
f 2505 4454 2503
f 2637 4454 2505
f 2935 4747 3114
f 2629 2623 4457
f 2501 4456 2500
f 2501 2503 4457
f 4457 4456 2501
f 4454 4457 2503
f 2499 4458 4459
f 4458 2499 2621
f 2495 4459 4458
f 4469 4459 2495
f 2832 4752 2659
f 3747 3843 3718
f 2397 4461 2581
f 2398 4461 2397
f 2390 4462 2386
f 2544 4462 2390
f 2503 4463 2505
f 2659 4752 2684
f 2374 4463 2373
f 4753 183 76
f 183 4753 171
f 4463 4465 2373
f 2373 4465 2372
f 186 4754 185
f 4467 2499 4468
f 2371 4467 2370
f 4468 2370 4467
f 4459 4468 2499
f 2369 4469 2368
f 4469 2369 4468
f 2367 4470 2366
f 2493 4470 2367
f 2366 4471 2479
f 4471 2366 4470
f 4472 2398 4474
f 4472 2348 4490
f 2354 4473 2401
f 2362 4473 2354
f 4474 2397 4475
f 2348 4474 2345
f 4475 2480 2374
f 2345 4475 2344
f 2374 4476 2344
f 2373 4476 2374
f 2290 4476 2280
f 185 4754 320
f 2774 4755 2619
f 2280 4478 2285
f 2619 4755 2620
f 4478 2372 4480
f 2371 4480 2372
f 2272 4480 4481
f 2371 4481 4480
f 2370 4481 2371
f 4484 4482 2370
f 4481 4482 2272
f 2369 4483 4484
f 4486 4483 2369
f 4484 4483 2266
f 4482 4484 2272
f 4487 4485 2368
f 4486 2369 2368
f 2261 4486 4485
f 4486 2261 4500
f 2251 2261 4485
f 4485 4487 2251
f 2251 4488 2250
f 4488 2251 4487
f 4489 2232 4502
f 2312 4489 2234
f 2218 4490 2348
f 4490 2218 4504
f 2310 4491 2208
f 2312 4491 2310
f 2182 4492 2280
f 2187 4492 2182
f 298 4761 304
f 4495 4493 2285
f 304 4761 174
f 2280 4493 2182
f 2009 4762 1910
f 4495 2139 2143
f 2272 4496 2277
f 2272 2136 4497
f 4497 2139 4495
f 4496 4497 4495
f 2048 4498 2132
f 2139 4498 2048
f 2132 4499 2173
f 2136 4499 2132
f 2136 4500 4499
f 2266 4500 2136
f 2251 4501 2261
f 2168 4501 2251
f 2121 4502 2232
f 4502 2121 4508
f 4503 2229 4504
f 4503 2110 4509
f 4504 2218 2213
f 4504 2109 2034
f 2490 4505 4506
f 4505 2490 2433
f 2487 4506 4505
f 2622 4506 2487
f 2182 4507 2063
f 4507 2182 2143
f 2039 4508 2121
f 4513 2017 2114
f 2034 4509 2110
f 4509 2034 1953
f 4510 1779 4735
f 1609 4510 1680
f 1607 4511 4512
f 4408 4511 1607
f 1777 4739 1153
f 4512 1779 1607
f 2039 4513 4508
f 2039 1953 4518
f 4514 1955 1965
f 1956 4514 1968
f 1965 1955 1962
f 1910 4762 1913
f 1962 4516 1960
f 4516 1962 1955
f 4517 4513 2039
f 1949 4517 4518
f 4518 4517 2039
f 4129 4518 1953
f 1949 4519 2017
f 4128 4519 1949
f 2628 4520 2488
f 2761 4520 2628
f 948 4521 4526
f 4521 948 4332
f 1969 4522 1995
f 1968 4522 1969
f 4636 4523 1995
f 4523 1895 4124
f 1895 4524 4120
f 4522 4524 1895
f 4529 4525 1968
f 4120 4525 1804
f 1176 4526 4521
f 4537 1173 4538
f 1857 4527 4536
f 1857 4528 4529
f 4528 4105 1802
f 4528 1804 4525
f 4529 4527 1857
f 4525 4529 4528
f 4530 4531 1176
f 1116 4530 949
f 4531 4530 1177
f 4532 4531 1177
f 4537 4532 1173
f 4531 4532 4537
f 4534 4533 1965
f 4533 1889 4536
f 1889 4534 1885
f 4533 4534 1889
f 4535 4532 1177
f 4535 1157 4559
f 4536 4527 4533
f 4089 4536 1889
f 1176 4537 4526
f 4537 1176 4531
f 4543 4538 1173
f 4526 4538 948
f 1368 4539 1090
f 4550 4539 1368
f 4543 5293 1090
f 4539 4540 1090
f 1879 4541 4542
f 4541 1879 5208
f 1885 4542 4541
f 4542 1885 4534
f 4540 948 4538
f 4538 4543 4540
f 947 4544 946
f 4550 1368 5289
f 4546 4545 1077
f 4544 4545 946
f 946 4546 945
f 4545 4546 946
f 1086 4547 4546
f 1086 1073 4552
f 4765 4764 1859
f 4129 4548 1725
f 1859 4764 1795
f 4556 1720 1725
f 947 4550 4544
f 4539 4550 947
f 4555 4551 4552
f 4338 4551 942
f 4552 4547 1086
f 4552 1073 4555
f 1847 4553 4554
f 4127 4553 1847
f 1720 4554 4553
f 4554 1720 1640
f 4555 942 4551
f 1064 4555 1073
f 1722 4556 4548
f 4556 1722 1639
f 1715 4557 1816
f 4557 1715 4367
f 1359 4558 5294
f 4561 1155 1157
f 1349 4559 1155
f 4559 1349 5279
f 1059 4560 1359
f 4564 4560 1059
f 1359 4561 4558
f 4560 4561 1359
f 1155 4562 1349
f 1148 4562 1155
f 5275 4563 1143
f 4562 4563 1349
f 1148 4564 4175
f 4560 4564 1148
f 1148 4565 4562
f 4565 1148 4174
f 1143 4566 1142
f 4566 1143 4170
f 4567 4571 1657
f 1813 4567 1751
f 1961 4765 1859
f 4566 4568 1142
f 1142 4568 1326
f 4764 4765 1957
f 5265 4570 1136
f 4568 4570 1326
f 4571 4567 1814
f 1658 4571 1750
f 4773 4109 150
f 1710 1616 1745
f 1710 4573 1616
f 1802 4573 1710
f 1744 4574 1813
f 1735 4574 1744
f 907 4575 1133
f 4160 4575 907
f 4576 4574 4577
f 4576 1812 4124
f 1735 4577 4574
f 4577 1735 4580
f 4113 1814 4125
f 4113 4578 1814
f 1802 4579 4573
f 4097 4579 1802
f 1807 4580 4581
f 4096 4580 1807
f 4581 4580 4582
f 4585 1753 4586
f 1735 4582 4580
f 4359 4582 1735
f 1807 4583 1700
f 4581 4583 1807
f 1755 4584 1700
f 1718 4584 1755
f 1734 4585 4583
f 4585 1734 4358
f 4586 4583 4585
f 4586 1753 5028
f 4596 4587 4599
f 4587 1810 4089
f 1614 4588 1613
f 4601 4588 1614
f 4591 4589 4590
f 4589 1752 4355
f 1817 4590 4593
f 4590 1817 4591
f 5021 4591 5020
f 4589 4591 1752
f 1753 4592 5028
f 4592 1753 4356
f 4593 4590 4600
f 4593 1809 4085
f 1733 4360 1704
f 4109 4773 5145
f 1524 4595 1614
f 1755 4595 1524
f 4087 4774 4088
f 1733 4596 1731
f 4088 4774 4092
f 4587 4596 1810
f 1729 4598 4600
f 4353 4598 1729
f 1731 4599 4598
f 4599 1731 4596
f 4600 4598 4599
f 4600 1809 4593
f 4601 4595 1755
f 4588 4601 1698
f 4602 1658 4363
f 1519 4602 1603
f 4363 1603 4602
f 668 4778 3933
f 1553 4604 1479
f 1616 4604 1553
f 3933 4778 368
f 4604 1616 1706
f 1789 4606 1671
f 1790 4606 1789
f 1640 4607 4385
f 4368 4607 1640
f 2967 4781 2821
f 1585 1655 1584
f 4611 1579 4613
f 4781 2822 4141
f 4610 1673 4606
f 1791 4610 1790
f 4787 2250 4488
f 2250 4787 2361
f 2694 4612 2589
f 2610 4612 2694
f 1651 4613 1579
f 4358 4613 1651
f 1579 4614 1651
f 1461 4614 1579
f 2245 4293 2246
f 4614 1575 4619
f 2484 4616 2483
f 2364 4616 2484
f 1575 4617 1646
f 1492 4617 1575
f 1574 4618 4617
f 4618 1574 1648
f 4356 1753 4357
f 4357 4619 4356
f 4620 4355 1646
f 1648 4620 4618
f 2486 4621 2485
f 2365 4621 2486
f 1641 4622 1572
f 4622 1641 4353
f 2365 4788 2244
f 2619 2502 2486
f 1385 4624 1603
f 1422 4624 1385
f 2244 4788 2149
f 1557 4789 1590
f 4637 4626 1512
f 1652 4626 4611
f 4611 4626 4637
f 4789 1486 1472
f 1492 4628 1574
f 4628 1492 4639
f 4629 1488 4789
f 1562 4629 1557
f 1385 4630 4640
f 1479 4630 1385
f 4640 1422 1385
f 4791 1486 4789
f 1418 4632 1425
f 1518 4632 1418
f 1486 4791 1481
f 1417 1514 1516
f 1407 1512 1411
f 1466 4792 1381
f 1364 4635 1400
f 4642 4635 1364
f 1381 4792 1452
f 1447 4798 1437
f 1375 4637 1407
f 4637 1375 4611
f 1374 4638 1341
f 1461 4638 1374
f 1374 4639 1492
f 1351 4639 1374
f 1344 4640 4630
f 1311 4640 1344
f 1437 4798 1449
f 1330 1344 1365
f 4446 4799 1445
f 1364 1322 4653
f 1445 4799 1439
f 4635 4642 1382
f 4644 3634 3482
f 3774 4644 3652
f 1361 4645 1407
f 4657 4645 1361
f 1439 4799 4807
f 1313 4646 1351
f 1448 4344 1449
f 4813 4800 1437
f 4648 1369 4650
f 1300 4648 1334
f 4649 1282 4660
f 1344 4649 1311
f 4650 1422 4640
f 1334 4650 1311
f 1365 4651 1330
f 4651 1365 4642
f 4800 4807 1447
f 1294 4651 1323
f 4653 4642 1364
f 4653 1322 1323
f 1439 4807 1429
f 1362 1320 1319
f 1316 1322 1357
f 1429 4807 4800
f 1427 4813 4350
f 1354 1315 4666
f 1429 4813 1427
f 1281 1303 1341
f 1439 4817 1445
f 1341 4657 1281
f 4659 1332 4648
f 4819 4817 1439
f 4672 4660 1266
f 1334 4660 1300
f 4822 4819 1429
f 1271 4661 1294
f 1294 4661 4651
f 1429 4819 1439
f 4663 1289 1275
f 1320 4663 4664
f 4664 4663 4675
f 1319 4664 1264
f 1281 4657 1264
f 4843 4822 1429
f 4666 1283 1273
f 1316 4666 1285
f 1284 4667 1313
f 4667 1284 4677
f 1262 4668 1266
f 4668 1262 1259
f 1266 4669 4678
f 1282 4669 1266
f 1279 4659 4671
f 4819 4822 1556
f 1280 4671 4659
f 4349 4843 1427
f 1300 4672 4668
f 4660 4672 1300
f 4673 1226 4669
f 4673 1282 1330
f 1295 4674 1291
f 1277 4674 1295
f 1264 4675 1274
f 4675 1264 4664
f 1223 4676 1264
f 1263 4676 1223
f 1263 4677 1284
f 4677 1263 4684
f 1201 4678 4669
f 4678 1201 4692
f 1427 4843 1429
f 1280 1259 4671
f 1256 4671 4608
f 64 4845 25
f 25 4845 35
f 4678 1262 1266
f 4865 4851 1070
f 1277 1252 1251
f 1248 4683 1274
f 1198 4683 1248
f 4684 1174 4691
f 4684 1243 4677
f 1273 4685 1235
f 4685 1273 1283
f 1070 4851 4855
f 1208 4685 1243
f 1242 4687 1226
f 1207 4687 1242
f 1220 4688 1259
f 4694 4688 1220
f 1217 4689 4688
f 1256 4689 1217
f 1252 4690 1251
f 1211 4690 1252
f 4691 1243 4684
f 1190 4691 1174
f 4692 1201 4687
f 1221 4701 4700
f 4855 1061 1237
f 1170 4687 1207
f 4694 4695 4705
f 4688 4694 1196
f 4695 4694 1220
f 1165 4695 1197
f 1217 4696 1194
f 1196 4696 1217
f 2488 4697 2489
f 4520 4697 2488
f 1144 4698 4709
f 4698 1144 4699
f 1174 4699 1144
f 4699 1174 4684
f 4700 1167 4714
f 4700 1197 1221
f 4692 1170 1172
f 1172 4701 4692
f 1061 4855 885
f 1185 1137 4715
f 1208 1190 1145
f 1145 4703 1208
f 4857 890 4865
f 1203 4703 1175
f 1196 4705 1163
f 4705 1196 4694
f 1163 4706 1196
f 1135 4706 1163
f 2630 4707 2490
f 2628 4707 2630
f 4710 1156 4709
f 1191 4708 4709
f 4709 4708 4710
f 4698 1210 1191
f 1159 4710 4708
f 4723 4710 1159
f 4709 1156 1144
f 4857 4922 4861
f 896 4861 1088
f 1174 1115 1190
f 1174 1144 1115
f 1088 4861 4922
f 4714 1197 4700
f 4714 1167 4718
f 4715 1170 1185
f 1117 4715 1137
f 1146 1149 1206
f 4865 1070 4869
f 4717 1175 4703
f 1145 1121 4740
f 1140 4718 1166
f 1063 4718 1140
f 4719 1165 4714
f 4851 4865 890
f 4872 4869 1181
f 4718 1141 4714
f 1163 1139 1112
f 1181 4869 4236
f 4732 4722 1129
f 1159 4722 4723
f 4723 4722 4732
f 4723 1091 1156
f 4874 4870 1478
f 1478 4870 5177
f 1126 1128 1149
f 4872 1181 4905
f 4869 4872 4865
f 4740 4726 1145
f 1454 4874 1451
f 4717 4726 1147
f 1085 4719 1114
f 1451 4874 4876
f 4878 4876 1260
f 1063 1140 1113
f 1111 4729 1117
f 1260 4876 4874
f 4876 4878 1451
f 1129 1105 1092
f 1091 4732 1092
f 4732 1091 4723
f 1103 1109 1128
f 1451 4878 1446
f 1446 4885 1443
f 1103 1126 1098
f 1888 4735 1779
f 4265 4735 1888
f 4749 4736 1091
f 1091 4736 1095
f 1886 4737 4738
f 4262 4737 1886
f 1883 4738 1777
f 4738 1883 4260
f 4739 4738 4737
f 4512 4739 1779
f 1094 4740 1066
f 4726 4740 1094
f 4741 1125 4726
f 1094 1066 1069
f 1087 4742 1114
f 4885 1245 4898
f 1113 1026 1063
f 4887 1182 4921
f 1076 1078 1109
f 1182 4887 4892
f 1112 1079 1107
f 4889 1653 5295
f 4746 1033 4766
f 4748 1095 4736
f 4889 4891 1494
f 1074 1098 1069
f 1024 4748 4749
f 1095 4750 4758
f 4749 4746 1024
f 4736 4749 4748
f 4748 1024 4756
f 4756 4750 4748
f 1066 4751 1067
f 4740 4751 1066
f 1069 4741 1094
f 1494 1653 4889
f 4891 4233 1352
f 4892 1181 4236
f 1181 4892 4887
f 1035 1076 1040
f 1649 4896 1491
f 1042 1033 4746
f 1023 4756 1008
f 4750 4756 1023
f 1023 4757 4758
f 4757 1023 4767
f 4758 4757 1069
f 1067 4758 1066
f 1010 4759 4770
f 1026 4759 1010
f 4775 4760 1016
f 1042 4760 1033
f 1033 4760 4775
f 983 1008 4766
f 1491 4896 4897
f 1012 1040 1015
f 1014 4763 1051
f 1014 988 4779
f 1013 1014 1037
f 4897 1200 1088
f 1200 4897 4896
f 1443 4898 1440
f 4766 1033 983
f 4766 1008 4756
f 4767 1011 4757
f 1008 4767 1023
f 1011 4768 1030
f 1440 4898 1244
f 4780 4769 1022
f 4769 1007 1021
f 984 4770 4759
f 960 4770 984
f 984 4771 4785
f 1005 4771 984
f 1002 4772 4779
f 4772 1002 4786
f 4901 4899 1237
f 1019 1006 1000
f 993 1016 995
f 4899 4237 4238
f 983 4775 993
f 4775 983 1033
f 991 4776 956
f 4776 991 4767
f 991 4777 1011
f 991 956 4793
f 4901 1237 1430
f 4777 4768 1011
f 4779 4763 1014
f 4779 988 1002
f 4780 982 4795
f 1007 4780 981
f 4899 4901 1244
f 4769 4780 1007
f 591 4782 4341
f 495 4782 591
f 960 4783 982
f 4783 960 4784
f 959 4784 4785
f 959 4132 4783
f 960 4785 4784
f 4785 960 984
f 1005 4786 957
f 4786 1005 4772
f 4905 1183 4920
f 978 930 4810
f 4921 4905 4887
f 1002 976 978
f 967 1000 979
f 4911 1440 1244
f 965 4790 993
f 919 4790 965
f 1440 4911 4408
f 4790 956 4776
f 985 4777 963
f 4920 4913 4905
f 4793 4777 991
f 4793 956 4811
f 4794 4132 4805
f 4816 918 952
f 4795 981 4780
f 982 4801 4803
f 4796 980 1007
f 939 4796 981
f 196 197 201
f 201 4797 196
f 4905 4913 4872
f 4937 4920 1183
f 4913 4920 1180
f 4802 4797 141
f 1183 4921 1184
f 979 938 934
f 4801 4783 4132
f 4801 952 4803
f 1184 4921 4967
f 140 4802 141
f 4803 4795 982
f 4814 4803 952
f 933 4804 4806
f 4804 933 4818
f 944 4805 4804
f 4805 944 4794
f 4806 4804 4805
f 957 4806 959
f 4234 4922 1180
f 4797 4802 194
f 957 4808 4809
f 4808 957 4786
f 933 4809 4808
f 4806 4809 933
f 4810 4786 978
f 4810 930 932
f 4811 923 4793
f 919 4811 956
f 1180 4922 4857
f 889 4812 923
f 4926 1088 5001
f 963 4812 961
f 4815 4814 918
f 4803 4814 915
f 4815 881 4838
f 4814 4815 915
f 918 4816 4829
f 1088 4926 896
f 944 4816 4794
f 4934 4929 1237
f 906 4818 933
f 906 868 4832
f 1237 4929 4409
f 902 930 891
f 884 4820 857
f 1419 4934 1061
f 1525 4821 4348
f 4826 4821 1525
f 1061 4934 1237
f 919 4820 884
f 4823 1794 4837
f 4826 1525 4825
f 1634 4824 1794
f 4824 1634 4827
f 4825 4823 4826
f 4825 1525 4350
f 1793 4826 4823
f 4826 1793 4835
f 4827 1528 4351
f 1635 4827 1537
f 918 4828 4841
f 4829 4828 918
f 880 4829 4816
f 4828 4829 880
f 914 4830 4816
f 914 847 4842
f 1778 4831 1780
f 1825 4831 1778
f 4832 4818 906
f 876 4832 868
f 1793 4833 4835
f 1839 4833 1793
f 862 4834 889
f 838 4834 862
f 4835 4833 1831
f 4821 4835 1787
f 923 4836 862
f 884 4836 923
f 4837 1793 4823
f 1842 4837 1794
f 4838 4840 836
f 915 4838 851
f 1842 4839 1844
f 1794 4839 1842
f 4840 4838 881
f 4853 4840 4841
f 856 4841 4828
f 4841 856 4853
f 4842 4830 914
f 4940 4936 1183
f 1183 4936 4937
f 826 4842 847
f 1823 4844 1820
f 1924 4844 1823
f 4233 4937 1352
f 846 868 840
f 4846 1839 4837
f 1878 4846 1842
f 823 4847 825
f 857 4847 823
f 2230 4848 2335
f 2212 4848 2230
f 2212 4849 2298
f 2215 4849 2212
f 1352 4937 4936
f 4942 4940 1183
f 4936 4940 1352
f 4834 4850 858
f 4975 4942 1184
f 4853 856 4854
f 836 4853 4852
f 4840 4853 836
f 4854 822 4860
f 835 4852 4853
f 830 833 847
f 1184 4942 1183
f 828 4856 843
f 4856 828 811
f 1186 4944 1102
f 838 796 4858
f 4858 4850 838
f 806 4858 796
f 838 4859 796
f 862 4859 838
f 4860 835 4854
f 792 4860 822
f 1102 4944 1084
f 4852 821 4868
f 855 4862 4854
f 797 4862 855
f 4863 826 833
f 4863 805 781
f 4231 4951 1102
f 4864 822 797
f 1102 4951 1186
f 800 830 799
f 4968 4967 1186
f 4866 770 825
f 4867 827 4858
f 806 785 4873
f 795 4868 768
f 820 4868 795
f 1186 4967 1182
f 821 792 4879
f 822 4864 744
f 1188 1184 4967
f 786 4871 811
f 4882 4871 786
f 1188 4968 4971
f 772 770 4866
f 1130 4970 4226
f 756 4873 785
f 4866 4871 772
f 4226 1307 1130
f 796 4875 785
f 770 4875 796
f 1188 4971 1130
f 4867 4873 808
f 4877 4864 4863
f 753 4877 781
f 1130 4971 4970
f 780 800 777
f 4890 4879 792
f 4868 4879 768
f 795 4880 766
f 768 4880 795
f 786 4881 4882
f 757 4881 786
f 4882 4881 702
f 4882 754 772
f 754 4883 785
f 731 4883 754
f 744 4884 4894
f 753 4884 744
f 4976 4972 1188
f 748 777 747
f 1188 4972 4975
f 4270 4942 1189
f 1189 4975 4972
f 4873 4886 774
f 743 4888 4890
f 4972 4976 1189
f 1189 4976 1309
f 1309 4977 1312
f 4890 4888 742
f 4879 4890 742
f 4900 757 736
f 1312 4977 1307
f 4881 757 4900
f 4225 4982 1307
f 702 4893 4882
f 671 4893 702
f 728 4894 4884
f 4894 728 713
f 4895 747 4886
f 1307 4982 4092
f 4908 4888 743
f 4996 1687 5204
f 4996 1726 4998
f 717 738 742
f 1635 4998 1726
f 737 716 715
f 4998 1687 4996
f 736 715 4900
f 4900 715 4923
f 714 702 4881
f 5001 1200 5174
f 4881 4900 714
f 4903 4902 754
f 4915 4902 671
f 671 4903 4893
f 4902 4903 671
f 699 4904 721
f 4904 699 4910
f 1200 5001 1088
f 710 727 709
f 4907 725 4895
f 4895 4906 4907
f 704 4907 4906
f 677 4907 704
f 1229 5002 1227
f 696 4908 673
f 693 4909 670
f 4908 4909 693
f 633 4910 672
f 4910 633 4917
f 1227 5002 1058
f 4888 4908 718
f 4912 713 710
f 683 646 4924
f 1249 5006 1229
f 683 710 680
f 677 4914 707
f 634 4914 677
f 4915 4930 638
f 4915 674 704
f 4909 4916 4932
f 4916 696 4917
f 4917 669 4916
f 673 4917 696
f 4918 633 672
f 4918 661 630
f 4919 626 4935
f 672 4919 661
f 5006 1062 5002
f 4919 672 4912
f 1253 5009 1249
f 657 686 687
f 4925 640 4923
f 4925 4923 685
f 632 4923 640
f 4923 632 714
f 4924 4912 683
f 4924 646 658
f 1249 5009 1065
f 4925 649 606
f 677 674 4927
f 5208 5013 1817
f 638 4927 674
f 620 4927 638
f 1817 5013 5020
f 621 4928 634
f 5016 1253 5168
f 4914 4928 675
f 4930 4915 671
f 4930 632 618
f 630 4931 4918
f 601 4931 630
f 631 4932 4916
f 4932 631 616
f 1253 5016 1068
f 4933 617 670
f 5013 1801 1696
f 4931 631 669
f 4935 661 4919
f 615 4935 626
f 626 4919 658
f 1817 5020 4591
f 4591 5021 1752
f 625 646 622
f 2763 4938 2903
f 2760 4938 2763
f 623 4939 640
f 4950 4939 623
f 1752 5021 1697
f 632 4939 618
f 621 4941 4953
f 634 4941 621
f 1697 5023 1752
f 4933 616 4957
f 616 4943 4959
f 631 4943 616
f 1752 5023 4592
f 4931 4943 631
f 572 4945 615
f 4945 572 4969
f 611 4946 612
f 627 4946 611
f 4135 4947 2200
f 4947 2047 4949
f 2223 4948 2221
f 4273 4948 2223
f 4949 2199 4947
f 2223 4949 2047
f 604 4950 553
f 4950 604 618
f 1331 5024 1515
f 623 606 4962
f 2198 4952 2221
f 4952 2198 2199
f 4953 4941 620
f 602 4953 562
f 2198 4954 2197
f 2221 4954 2198
f 2220 4955 4954
f 4268 4955 2220
f 560 4956 4959
f 1515 5024 1517
f 4957 597 4966
f 592 590 4958
f 4958 4957 592
f 4958 590 617
f 4956 597 616
f 616 4959 4956
f 2140 4960 2013
f 2142 4960 2140
f 511 4961 526
f 606 4961 511
f 553 4962 511
f 4950 4962 553
f 553 4963 604
f 4963 553 4973
f 562 4964 602
f 562 525 4974
f 4965 512 5008
f 551 4965 510
f 551 4966 597
f 4133 5028 1698
f 5028 4592 5023
f 4965 4956 560
f 1818 5045 1827
f 592 4966 548
f 596 4969 512
f 4969 596 4945
f 4969 4990 4988
f 1827 5045 1781
f 1082 5058 4136
f 530 590 592
f 526 4961 570
f 4136 969 1082
f 4973 474 4994
f 4973 525 4963
f 5070 1337 1347
f 496 4974 525
f 1337 5070 5282
f 4964 4974 567
f 1757 5072 1618
f 572 522 531
f 521 522 564
f 1618 5072 5073
f 521 4978 492
f 568 4978 521
f 5190 4979 5189
f 4979 660 513
f 660 4980 4981
f 4980 660 5193
f 712 4981 4980
f 4981 712 559
f 1821 5073 5072
f 551 491 4985
f 711 4983 712
f 4983 711 4984
f 4984 555 4983
f 4984 711 5199
f 509 4985 488
f 4966 4985 509
f 4986 4988 4990
f 483 4986 502
f 4993 4987 4989
f 4987 654 4241
f 4988 4986 475
f 4988 512 4969
f 4195 507 4993
f 4993 4989 4195
f 4990 4969 531
f 502 4990 531
f 4993 507 4248
f 4248 4991 4993
f 474 4992 479
f 511 4992 474
f 654 4993 4991
f 4987 4993 654
f 4994 525 4973
f 5015 4994 474
f 653 4995 708
f 4995 653 4243
f 494 500 522
f 1618 5073 1758
f 496 4997 4974
f 476 4997 496
f 4782 4256 501
f 2897 5074 2896
f 4999 4276 5010
f 4999 628 4991
f 4296 5000 490
f 4342 5000 591
f 2896 5074 3042
f 5000 4296 591
f 3212 5078 3188
f 5019 4985 491
f 510 5003 551
f 510 439 5018
f 5004 648 4244
f 5004 652 5011
f 485 5005 642
f 5007 5005 485
f 484 504 486
f 3188 5078 5084
f 5007 4303 487
f 5005 5007 655
f 439 5008 475
f 510 5008 439
f 3089 5084 2891
f 483 466 5022
f 628 5010 619
f 5010 628 4999
f 493 5011 497
f 5011 493 5004
f 497 5012 5010
f 5011 5012 497
f 2891 5084 5078
f 499 484 480
f 479 5014 474
f 455 5014 479
f 496 5015 478
f 5015 496 525
f 1060 492 476
f 3028 5094 3018
f 476 5017 1060
f 454 5017 476
f 5026 5018 413
f 491 5018 473
f 473 5019 491
f 5029 431 471
f 3018 5094 3154
f 4985 5019 471
f 5106 2883 2982
f 5003 5018 491
f 5022 4986 483
f 467 5022 466
f 455 480 468
f 2883 5106 3031
f 1625 5114 1610
f 5036 5014 455
f 478 5025 448
f 5014 5025 478
f 1610 5114 1463
f 5042 412 5041
f 439 5027 413
f 433 5027 439
f 4090 5133 1467
f 5018 5026 473
f 473 5029 5019
f 436 5029 473
f 426 5030 429
f 470 5030 426
f 1867 5031 1952
f 2030 5031 1867
f 2086 5032 4395
f 2215 5032 2086
f 416 5033 458
f 5034 5033 416
f 418 5034 398
f 5033 5034 418
f 419 5035 455
f 5035 419 399
f 415 5036 5035
f 5036 415 5025
f 415 5037 448
f 5037 415 5049
f 416 5038 5037
f 454 5038 416
f 2857 5039 2855
f 3009 5039 2857
f 384 5040 395
f 5054 412 5042
f 5041 436 5042
f 5059 379 409
f 413 5042 5026
f 5040 5042 413
f 5043 5027 433
f 5040 5043 395
f 433 5044 395
f 5046 5044 433
f 1467 5133 5239
f 382 5044 405
f 404 5046 430
f 5046 404 405
f 403 5047 408
f 429 5047 403
f 399 5048 402
f 422 5048 399
f 396 5049 5063
f 5049 396 5037
f 394 5050 5049
f 394 399 5062
f 5051 4131 5064
f 5051 398 5034
f 5052 397 5051
f 5037 5052 416
f 5054 5053 5055
f 5071 5053 5054
f 5040 384 5071
f 5071 5054 5040
f 383 5055 5053
f 383 379 5059
f 5056 4122 4130
f 5179 1624 5133
f 395 5057 384
f 5044 5057 395
f 5179 5304 1559
f 1621 5187 1622
f 5041 412 5055
f 5055 5059 5041
f 372 5060 373
f 402 5060 372
f 401 5061 371
f 400 5061 401
f 335 5062 5081
f 5050 5062 335
f 5063 5049 5050
f 5065 397 396
f 398 5064 5088
f 5064 398 5051
f 5063 335 5085
f 5085 5065 5063
f 5091 5066 5089
f 5066 355 5067
f 5067 4130 5066
f 5069 355 5092
f 358 5068 5075
f 4118 5068 358
f 5069 5067 355
f 1622 5187 1665
f 4206 5222 1617
f 329 5056 385
f 5053 5071 329
f 5071 384 392
f 1617 5222 5235
f 5244 5235 1665
f 329 5069 383
f 1665 5235 1623
f 3520 3652 4392
f 5133 1624 1617
f 5075 5068 5076
f 351 292 5093
f 724 351 908
f 908 5076 724
f 3410 5077 3569
f 5077 3410 4391
f 1467 5239 5244
f 724 382 351
f 3573 5079 3580
f 3414 5079 3573
f 346 5080 376
f 349 5080 346
f 5101 5081 372
f 335 5081 273
f 5083 5082 338
f 345 5082 5083
f 275 5083 5108
f 5083 275 345
f 5081 5062 399
f 5156 5244 1665
f 5085 4131 5065
f 335 273 5086
f 5086 5085 335
f 5235 5244 5239
f 4112 338 370
f 370 5087 4112
f 330 5088 5064
f 5088 330 341
f 5089 4117 322
f 5089 321 5091
f 321 5090 5091
f 246 5090 321
f 5091 5090 5092
f 5066 5091 355
f 303 5092 5090
f 352 5092 303
f 351 5093 908
f 319 5093 5095
f 3134 3042 3167
f 5249 1664 5187
f 292 5095 5093
f 244 5095 292
f 348 5096 288
f 352 5096 348
f 286 5097 288
f 347 5097 286
f 346 345 5099
f 276 5098 283
f 275 5099 345
f 5100 5099 275
f 5108 5100 275
f 5100 279 5121
f 273 5101 274
f 5081 5101 273
f 235 5102 5103
f 5105 5102 235
f 274 5103 5102
f 274 286 5122
f 235 5104 5105
f 4111 5104 235
f 5105 5104 5086
f 5102 5105 273
f 5249 5260 1464
f 5086 273 5105
f 277 5107 5109
f 5127 234 5126
f 338 5108 5083
f 5108 338 5109
f 5109 5107 5108
f 5109 338 4111
f 5142 5143 4455
f 268 5110 5111
f 5110 5128 5129
f 4114 5111 322
f 249 5112 5113
f 319 5112 249
f 160 5113 5112
f 160 223 228
f 160 5112 5115
f 5260 1565 5278
f 319 5115 5112
f 5095 5115 319
f 253 5116 243
f 257 5116 253
f 288 5117 5122
f 252 212 5138
f 251 5118 5140
f 5124 5118 236
f 283 5119 285
f 5120 5119 283
f 236 5120 5121
f 5120 236 251
f 5121 5120 5100
f 5126 234 5124
f 5122 5103 274
f 5122 286 288
f 235 240 5118
f 5118 5123 235
f 5126 5124 236
f 5124 234 5125
f 5125 5123 5124
f 4110 5125 234
f 5121 279 5107
f 5107 5126 5121
f 277 5127 5126
f 4110 5127 277
f 5129 322 5111
f 5129 5111 5110
f 229 5129 5128
f 265 5129 229
f 5146 147 5145
f 5145 5130 5146
f 229 5131 265
f 5131 229 148
f 224 5132 225
f 263 5132 224
f 5260 5249 1621
f 228 5113 160
f 220 5134 258
f 219 5134 220
f 218 5135 257
f 221 5135 218
f 212 5136 219
f 252 5136 212
f 5137 253 251
f 133 5137 204
f 5138 5117 252
f 132 5138 212
f 132 5139 5138
f 5139 132 131
f 204 5140 5141
f 5140 204 251
f 200 5141 5140
f 5141 200 131
f 150 5142 4773
f 5142 150 5143
f 5128 5110 515
f 5144 148 229
f 150 5144 5143
f 150 66 5159
f 4109 5145 147
f 5130 5145 232
f 228 5146 5130
f 228 145 5147
f 147 5147 5161
f 5146 5147 147
f 142 5148 148
f 5148 142 225
f 134 5149 135
f 219 5149 134
f 134 5150 212
f 5166 5150 134
f 2851 5151 3027
f 5151 2851 2919
f 204 5152 133
f 204 5141 5153
f 5171 5153 131
f 41 5152 266
f 3269 5154 3642
f 3270 5154 3269
f 5155 3272 5264
f 3569 5155 3410
f 1517 5156 5157
f 5158 1467 5244
f 5157 5156 1665
f 5164 5157 1664
f 1517 5158 5156
f 4086 5158 1517
f 5159 5144 150
f 64 5159 5160
f 66 5160 5159
f 5186 5160 66
f 5162 5161 59
f 5161 62 147
f 62 5162 5188
f 5161 5162 62
f 50 5163 136
f 5163 50 5206
f 1515 5164 5165
f 5157 5164 1515
f 5165 5164 1664
f 1513 5165 1464
f 5166 58 5197
f 5166 27 5167
f 5166 5167 132
f 5170 131 132
f 1460 5168 1253
f 5270 5168 1460
f 1253 5169 1460
f 1249 5169 1253
f 27 5170 5167
f 5172 41 5171
f 5171 5170 5172
f 266 5171 41
f 27 5172 5170
f 5200 5172 27
f 5173 1457 5278
f 1494 5173 1653
f 5174 1200 4896
f 5296 5174 1649
f 1483 5175 4091
f 1480 5175 1483
f 5176 1387 5300
f 5175 5176 1434
f 1480 5177 5178
f 4227 5177 1480
f 5178 5177 4870
f 5299 5178 1454
f 5180 4330 663
f 5270 1463 1258
f 789 5180 666
f 4330 5180 789
f 41 5181 133
f 30 5181 41
f 5182 4108 1179
f 5212 5182 39
f 5184 5183 662
f 5183 760 949
f 517 5184 662
f 5184 517 4153
f 5188 5185 62
f 37 4102 4103
f 36 5186 5211
f 5186 36 64
f 5270 5272 1610
f 5183 5184 760
f 59 5188 5162
f 5188 59 5206
f 516 5189 4979
f 662 5189 516
f 5191 5190 751
f 4979 5190 660
f 5193 5191 751
f 5190 5191 660
f 5192 4332 4333
f 5190 5192 751
f 5193 659 4980
f 5191 5193 660
f 659 5194 5195
f 5193 5194 659
f 729 5195 5194
f 5196 5195 729
f 5199 5196 5198
f 5196 711 659
f 5220 5197 34
f 27 5197 7
f 729 5198 5196
f 4338 5198 729
f 5199 656 4984
f 5196 5199 711
f 30 5200 5221
f 5200 30 41
f 653 5201 720
f 656 5201 653
f 4996 5202 1844
f 5204 5202 4996
f 33 5203 5188
f 33 4093 4100
f 1952 5204 1867
f 5202 5204 1952
f 1687 5205 5204
f 1795 5205 1687
f 32 5206 50
f 33 5206 32
f 31 5207 46
f 32 5207 31
f 5013 5208 1879
f 4083 5208 1817
f 42 5209 31
f 5181 5209 42
f 1824 5210 1894
f 1821 5210 1824
f 5211 5182 5212
f 5213 5211 5212
f 22 5212 4101
f 5212 22 5213
f 5211 5213 36
f 5216 21 5214
f 36 5214 35
f 5213 5214 36
f 21 5215 5214
f 21 11 5219
f 22 5216 5213
f 5216 22 4094
f 1838 5217 1846
f 5217 1838 1910
f 5218 5215 21
f 34 5218 5219
f 5219 5218 21
f 7 5219 11
f 7 5220 5219
f 5197 5220 7
f 5221 5200 5223
f 8 5221 5230
f 1610 1463 5270
f 11 5229 5223
f 5223 7 11
f 5221 5223 5229
f 5226 4098 9
f 4093 5224 9
f 31 5225 5226
f 5225 31 5209
f 8 5226 5225
f 5226 8 4098
f 8 5227 5221
f 5225 5227 8
f 5228 4095 1234
f 11 5228 5229
f 5229 5228 226
f 5229 1 5221
f 1 5230 5221
f 4098 5230 1
f 2080 5231 1971
f 2081 5231 2080
f 1999 5232 2005
f 2084 5232 1999
f 3642 5233 3529
f 3404 5233 3642
f 2335 5234 2433
f 5234 2335 4848
f 5236 4849 2358
f 1610 5272 5274
f 2298 5236 2396
f 4849 5236 2298
f 2305 5237 2406
f 2335 5237 2305
f 2305 5238 2319
f 2406 5238 2305
f 4210 5274 1570
f 445 328 446
f 140 5240 5241
f 5242 5240 140
f 280 5241 5240
f 5241 280 4438
f 5245 281 280
f 280 5242 5245
f 1570 5274 5272
f 5243 282 281
f 5276 1567 4314
f 143 201 5247
f 5242 140 141
f 141 5245 5242
f 5246 4282 242
f 241 282 5243
f 5247 5246 241
f 5243 5247 241
f 2361 5248 2355
f 5248 2361 4787
f 3432 3570 3644
f 1567 5276 1459
f 912 5250 5251
f 917 5250 912
f 1003 5251 5250
f 1132 5251 1003
f 5252 5253 4137
f 5252 1044 5254
f 917 5253 5252
f 4417 5253 917
f 5254 5250 5252
f 1044 1328 5267
f 1057 5255 901
f 1058 5255 1057
f 5256 936 5255
f 1062 5256 1058
f 1062 5257 937
f 1065 5257 1062
f 1071 5258 861
f 1072 5258 1071
f 1082 5259 1064
f 879 5259 1082
f 4214 5278 1565
f 4555 5259 882
f 5261 3404 5154
f 3271 5261 3270
f 5262 3272 5261
f 3138 5262 3271
f 1003 5263 1004
f 5263 1003 5267
f 5264 3410 5155
f 3274 5264 3272
f 1326 5265 1325
f 4570 5265 1326
f 5266 3276 5264
f 3140 5266 3274
f 5267 4177 5263
f 5254 5267 1003
f 1497 5268 4178
f 5278 1457 5260
f 1328 5269 4179
f 1347 5269 1328
f 5286 1806 5290
f 1503 5268 1497
f 1503 5271 5268
f 1505 5271 1503
f 5286 5295 5292
f 1326 5271 5273
f 1505 5273 5271
f 1345 5273 1505
f 4212 5290 1806
f 1142 5273 5275
f 1345 5275 5273
f 1349 5275 1345
f 5290 5296 1649
f 4563 5275 1349
f 1345 5277 5279
f 1505 5277 1345
f 5292 1653 5278
f 4185 5277 1505
f 5279 5277 1353
f 5279 1028 4559
f 1202 5280 1270
f 5280 1202 5281
f 1059 5281 1255
f 1359 5281 1059
f 1337 5282 4187
f 5070 1082 1064
f 5285 5283 1073
f 5283 1261 4187
f 1522 5284 5287
f 1261 5284 1522
f 1261 5285 5284
f 5283 5285 1261
f 1653 5292 5295
f 3776 3529 3666
f 1086 5287 5284
f 1077 5287 1086
f 1077 5288 5287
f 5289 1368 1367
f 1077 5289 5288
f 1077 4544 4550
f 1509 4193 5291
f 1491 5295 1649
f 1368 5291 4193
f 1090 5291 1368
f 1649 5295 5286
f 5293 1028 1353
f 1090 5293 5291
f 1090 4540 4543
f 5294 4558 1157
f 5280 5294 1177
f 5174 5296 1450
f 1116 5280 1177
f 1450 5296 5290
f 1272 1119 1278
f 1796 5297 4221
f 5298 1387 5299
f 1796 5298 5297
f 4219 5298 1796
f 5299 5297 5298
f 5178 5299 1387
f 1551 5300 4219
f 5301 5300 1551
f 1434 5301 5302
f 5300 5301 1434
f 5302 5301 1551
f 1442 5302 5303
f 1554 5303 5302
f 1554 1559 5304
f 5304 5303 1554
f 1559 1624 5179

