# https://github.com/mikedh/trimesh
v -0.00225515 -0.04004862 -0.02000899
v -0.00169381 -0.04004862 -0.02000899
v -0.00169381 -0.04193822 -0.01888896
v -0.00347043 -0.04171605 -0.01900047
v -0.00388130 -0.04004862 -0.01998669
v -0.02427478 -0.04004633 -0.01756079
v -0.00169381 -0.04004862 -0.01538020
v -0.00169381 -0.04271925 -0.01840824
v -0.00225515 -0.04241691 -0.01859409
v -0.00457575 -0.04202067 -0.01880224
v -0.00727829 -0.04186034 -0.01883693
v -0.00723778 -0.04004862 -0.01988510
v -0.02427478 -0.04004633 -0.01341023
v -0.00823894 -0.04004862 -0.01984545
v -0.00866717 -0.04004862 -0.01982067
v -0.01024703 -0.04004862 -0.01972651
v -0.01136393 -0.04004862 -0.01963730
v -0.01206416 -0.04004862 -0.01957535
v -0.01288592 -0.04004862 -0.01949606
v -0.01347619 -0.04004862 -0.01943907
v -0.01412434 -0.04004862 -0.01936968
v -0.01444841 -0.04004862 -0.01933252
v -0.01557688 -0.04004862 -0.01920118
v -0.01575049 -0.04004862 -0.01917888
v -0.01726669 -0.04004862 -0.01896578
v -0.01773544 -0.04004862 -0.01889640
v -0.01881183 -0.04004862 -0.01872542
v -0.02029909 -0.04004862 -0.01845780
v -0.02125395 -0.04004862 -0.01826452
v -0.02152016 -0.04004862 -0.01821001
v -0.02180951 -0.04004862 -0.01814806
v -0.02336043 -0.04004862 -0.01779371
v -0.02492293 -0.04004633 -0.01739724
v -0.00169381 -0.05918507 0.00530567
v -0.05455828 -0.04004633 0.00530071
v -0.00169381 -0.04332163 -0.01802416
v -0.00297274 -0.04287271 -0.01829921
v -0.00490561 -0.04276506 -0.01833390
v -0.00712783 -0.04234133 -0.01855444
v -0.00834310 -0.04255663 -0.01838346
v -0.00900282 -0.04214664 -0.01860400
v -0.00849935 -0.04156717 -0.01896578
v -0.00851671 -0.04080217 -0.01940438
v -0.01038592 -0.04136561 -0.01898313
v -0.01042643 -0.04027766 -0.01958774
v -0.01179795 -0.04057313 -0.01931765
v -0.01304217 -0.04049754 -0.01924579
v -0.01370767 -0.04034867 -0.01925818
v -0.01436161 -0.04088921 -0.01889888
v -0.01563475 -0.04011504 -0.01915906
v -0.01628290 -0.04063726 -0.01879232
v -0.01808845 -0.04044257 -0.01863374
v -0.01934423 -0.04060061 -0.01833143
v -0.02007340 -0.04018146 -0.01842807
v -0.02152016 -0.04021811 -0.01811832
v -0.02220303 -0.04071742 -0.01767477
v -0.02392177 -0.04060519 -0.01732538
v -0.02426899 -0.04043112 -0.01734025
v -0.02426899 -0.04004862 -0.01756326
v -0.02575047 -0.04043570 -0.01694378
v -0.02639283 -0.04004633 -0.01699334
v -0.00169381 -0.06344067 0.00530567
v -0.05455249 -0.04005320 0.00530319
v -0.02426899 -0.05619836 0.00530567
v -0.05500967 -0.04004633 0.00530319
v -0.00169381 -0.04361022 -0.01783584
v -0.00202367 -0.04344531 -0.01793991
v -0.00389867 -0.04327582 -0.01802664
v -0.00576209 -0.04309488 -0.01810346
v -0.00763130 -0.04291393 -0.01817779
v -0.00883500 -0.04310633 -0.01800434
v -0.00951787 -0.04272612 -0.01821992
v -0.01020652 -0.04233904 -0.01841816
v -0.00968569 -0.04175956 -0.01879728
v -0.01086624 -0.04196570 -0.01860152
v -0.01159541 -0.04155571 -0.01878737
v -0.01109194 -0.04097395 -0.01915163
v -0.01230721 -0.04115947 -0.01895339
v -0.01349934 -0.04133355 -0.01874277
v -0.01473198 -0.04151220 -0.01850240
v -0.01544378 -0.04110909 -0.01864860
v -0.01737086 -0.04085714 -0.01851480
v -0.01861507 -0.04101518 -0.01822240
v -0.02013127 -0.04107931 -0.01790522
v -0.02116715 -0.04131751 -0.01754840
v -0.02246344 -0.04145723 -0.01716184
v -0.02319261 -0.04103350 -0.01724609
v -0.02427478 -0.04093959 -0.01703051
v -0.02616714 -0.04104037 -0.01645810
v -0.02728982 -0.04041738 -0.01651014
v -0.02450047 -0.04116177 -0.01683475
v -0.02507339 -0.04171834 -0.01633668
v -0.02714514 -0.04004633 -0.01677528
v -0.00332575 -0.06344296 0.00530567
v -0.00169381 -0.06332157 0.00505044
v -0.02426899 -0.06080669 0.00530567
v -0.06080827 -0.04004633 0.00530319
v -0.00188478 -0.04440271 -0.01729565
v -0.00254450 -0.04402250 -0.01754840
v -0.00322159 -0.04364916 -0.01779124
v -0.00169381 -0.04451036 -0.01722379
v -0.00509658 -0.04347738 -0.01787053
v -0.00666486 -0.04345677 -0.01784823
v -0.00816949 -0.04355067 -0.01773424
v -0.00895074 -0.04396753 -0.01740715
v -0.00992875 -0.04326208 -0.01783584
v -0.01081416 -0.04291852 -0.01800682
v -0.01142759 -0.04252456 -0.01821249
v -0.01216254 -0.04213061 -0.01839833
v -0.01279911 -0.04173208 -0.01858170
v -0.01393337 -0.04192447 -0.01835125
v -0.01527017 -0.04208480 -0.01808363
v -0.01596461 -0.04167711 -0.01824222
v -0.01666484 -0.04126941 -0.01838346
v -0.01793220 -0.04141371 -0.01810098
v -0.01916484 -0.04158320 -0.01778380
v -0.01984192 -0.04209855 -0.01733282
v -0.02101668 -0.04229781 -0.01695617
v -0.02173428 -0.04187867 -0.01706768
v -0.02304793 -0.04202067 -0.01666129
v -0.02377131 -0.04159465 -0.01675050
v -0.02427478 -0.04129690 -0.01680997
v -0.02668797 -0.04169772 -0.01590056
v -0.02832570 -0.04129232 -0.01567755
v -0.02815209 -0.04011275 -0.01643828
v -0.02589515 -0.04256579 -0.01557100
v -0.02426899 -0.04209167 -0.01630943
v -0.02427478 -0.04232301 -0.01616075
v -0.02457570 -0.04239630 -0.01603437
v -0.02815787 -0.04004633 -0.01647545
v -0.00400283 -0.06344296 0.00530567
v -0.00387552 -0.06335592 0.00511982
v -0.00169381 -0.06324598 0.00489185
v -0.06016591 -0.04072887 0.00530319
v -0.05902586 -0.04189241 0.00530319
v -0.05814623 -0.04276277 0.00530319
v -0.05750387 -0.04338576 0.00530319
v -0.05735341 -0.04352548 0.00530319
v -0.05636962 -0.04443706 0.00530319
v -0.05610341 -0.04467985 0.00530319
v -0.05521800 -0.04546775 0.00530319
v -0.05472031 -0.04590064 0.00530319
v -0.05377124 -0.04670687 0.00530319
v -0.05273536 -0.04755204 0.00530319
v -0.05175157 -0.04831474 0.00530319
v -0.05060574 -0.04916678 0.00530319
v -0.05035111 -0.04934772 0.00530319
v -0.04988236 -0.04967983 0.00530319
v -0.04875968 -0.05044712 0.00530319
v -0.04773538 -0.05112509 0.00530319
v -0.04683260 -0.05170227 0.00530319
v -0.04638700 -0.05197941 0.00530319
v -0.04555367 -0.05249017 0.00530319
v -0.04507335 -0.05277419 0.00530319
v -0.04467404 -0.05300781 0.00530319
v -0.04393330 -0.05343612 0.00530319
v -0.04313469 -0.05387817 0.00530319
v -0.04233608 -0.05431106 0.00530319
v -0.04157798 -0.05469585 0.00530319
v -0.04078516 -0.05508522 0.00530319
v -0.03962197 -0.05563492 0.00530319
v -0.03825623 -0.05624646 0.00530319
v -0.03810577 -0.05631288 0.00530319
v -0.03686156 -0.05683739 0.00530319
v -0.03674582 -0.05688549 0.00530319
v -0.03581411 -0.05726570 0.00530319
v -0.03514860 -0.05752681 0.00530319
v -0.03426318 -0.05786121 0.00530319
v -0.03352823 -0.05812919 0.00530319
v -0.03274120 -0.05840404 0.00530319
v -0.03134652 -0.05887587 0.00530319
v -0.02993449 -0.05931334 0.00530319
v -0.02947731 -0.05945076 0.00530319
v -0.02857454 -0.05971187 0.00530319
v -0.02753287 -0.05999817 0.00530319
v -0.02689051 -0.06017224 0.00530319
v -0.02625394 -0.06033486 0.00530319
v -0.02539746 -0.06054787 0.00530319
v -0.02378288 -0.06091892 0.00530567
v -0.06072146 -0.04004633 0.00517682
v -0.00308270 -0.04459968 -0.01713954
v -0.00374820 -0.04422635 -0.01738733
v -0.00442529 -0.04385530 -0.01763017
v -0.00169381 -0.04489744 -0.01694378
v -0.00224358 -0.04503716 -0.01684218
v -0.00562899 -0.04405685 -0.01746910
v -0.00667065 -0.04433399 -0.01724113
v -0.00758500 -0.04467069 -0.01696360
v -0.00884657 -0.04492951 -0.01670590
v -0.00993453 -0.04425612 -0.01713706
v -0.01060004 -0.04386904 -0.01736751
v -0.01127712 -0.04348196 -0.01758804
v -0.01195420 -0.04309488 -0.01779867
v -0.01264286 -0.04270322 -0.01799195
v -0.01331994 -0.04230697 -0.01817779
v -0.01435582 -0.04248563 -0.01794487
v -0.01580836 -0.04265054 -0.01764999
v -0.01650281 -0.04224513 -0.01780858
v -0.01720304 -0.04183973 -0.01795726
v -0.01844725 -0.04199319 -0.01765495
v -0.01901438 -0.04255892 -0.01718910
v -0.01960465 -0.04312695 -0.01669846
v -0.02031067 -0.04271467 -0.01683227
v -0.02158381 -0.04285210 -0.01646801
v -0.02231876 -0.04243982 -0.01656713
v -0.02426899 -0.04267115 -0.01593526
v -0.02743449 -0.04207335 -0.01544958
v -0.02939051 -0.04187179 -0.01499612
v -0.02997500 -0.04116864 -0.01525382
v -0.02990555 -0.04011962 -0.01589809
v -0.02550742 -0.04325292 -0.01522409
v -0.02677477 -0.04335828 -0.01480284
v -0.02783380 -0.04275819 -0.01489452
v -0.02992292 -0.04004633 -0.01593278
v -0.00469728 -0.06342921 0.00530567
v -0.00466255 -0.06313833 0.00470105
v -0.00323316 -0.06294365 0.00426246
v -0.00169381 -0.06308336 0.00455981
v -0.06055942 -0.04004633 0.00495132
v -0.05985919 -0.04044028 0.00450282
v -0.05891591 -0.04195425 0.00523381
v -0.05794369 -0.04271009 0.00495628
v -0.05724346 -0.04293684 0.00435166
v -0.05630017 -0.04435003 0.00508513
v -0.05570411 -0.04451723 0.00456229
v -0.05506175 -0.04539446 0.00499593
v -0.05456986 -0.04535323 0.00433927
v -0.05365550 -0.04665190 0.00508265
v -0.05318097 -0.04644347 0.00423768
v -0.05197148 -0.04732070 0.00409891
v -0.05125967 -0.04820251 0.00458707
v -0.05078514 -0.04805363 0.00384616
v -0.05004440 -0.04898812 0.00442352
v -0.04954671 -0.04957905 0.00478282
v -0.04839510 -0.05014937 0.00444830
v -0.04727820 -0.05069907 0.00416334
v -0.04621339 -0.05182367 0.00487203
v -0.04520066 -0.05216264 0.00442352
v -0.04397960 -0.05277419 0.00424015
v -0.04343562 -0.05329411 0.00459202
v -0.04289742 -0.05380030 0.00494141
v -0.04235923 -0.05429503 0.00529080
v -0.04130021 -0.05459965 0.00488442
v -0.04073308 -0.05506919 0.00522885
v -0.03940206 -0.05554559 0.00494885
v -0.03858030 -0.05560744 0.00438635
v -0.03785114 -0.05617546 0.00483982
v -0.03631179 -0.05671829 0.00464654
v -0.03570994 -0.05713973 0.00498106
v -0.03459883 -0.05735045 0.00456724
v -0.03399698 -0.05775814 0.00491663
v -0.03339513 -0.05815438 0.00525363
v -0.03265439 -0.05804902 0.00454494
v -0.03086041 -0.05865140 0.00454246
v -0.02987083 -0.05922400 0.00507522
v -0.02833148 -0.05954237 0.00480513
v -0.02645649 -0.06004856 0.00480017
v -0.02494607 -0.06030280 0.00456229
v -0.02427478 -0.06060742 0.00487451
v -0.02427478 -0.06080669 0.00530319
v -0.02373659 -0.06084562 0.00512478
v -0.02335464 -0.06101512 0.00530567
v -0.00466834 -0.04458136 -0.01712467
v -0.00169381 -0.04537155 -0.01659934
v -0.00231302 -0.04592354 -0.01618057
v -0.00296695 -0.04554792 -0.01645067
v -0.00362089 -0.04517458 -0.01671581
v -0.00169381 -0.04582506 -0.01626234
v -0.00499820 -0.04527078 -0.01661173
v -0.00671695 -0.04520207 -0.01660430
v -0.00773546 -0.04549752 -0.01633421
v -0.00834889 -0.04601745 -0.01589809
v -0.01005606 -0.04509899 -0.01649775
v -0.01135235 -0.04431109 -0.01699086
v -0.01250976 -0.04366519 -0.01735264
v -0.01318684 -0.04327353 -0.01755583
v -0.01394494 -0.04282461 -0.01777389
v -0.01511392 -0.04304907 -0.01747901
v -0.01636970 -0.04321856 -0.01719157
v -0.01706415 -0.04281316 -0.01735512
v -0.01775859 -0.04240546 -0.01751123
v -0.01831414 -0.04296890 -0.01704290
v -0.01890442 -0.04353464 -0.01654731
v -0.01948891 -0.04409808 -0.01604429
v -0.02018914 -0.04368810 -0.01619048
v -0.02088358 -0.04327124 -0.01633421
v -0.02242293 -0.04360106 -0.01576428
v -0.02313474 -0.04322543 -0.01585101
v -0.02146229 -0.04382781 -0.01582375
v -0.02397964 -0.04293455 -0.01583366
v -0.02427478 -0.04320711 -0.01557843
v -0.02985926 -0.04237798 -0.01452779
v -0.03102245 -0.04172750 -0.01457982
v -0.03177476 -0.04128545 -0.01460708
v -0.03157222 -0.04054335 -0.01511754
v -0.03139282 -0.04004633 -0.01546445
v -0.02533959 -0.04421489 -0.01461699
v -0.02605718 -0.04378659 -0.01471115
v -0.02477246 -0.04367206 -0.01513736
v -0.02725510 -0.04393775 -0.01427751
v -0.02820995 -0.04337431 -0.01437911
v -0.00544380 -0.06341318 0.00530567
v -0.00516602 -0.06274438 0.00394280
v -0.00404334 -0.06275583 0.00390811
v -0.00242297 -0.06261383 0.00359589
v -0.00169381 -0.06273980 0.00386103
v -0.06021220 -0.04004633 0.00447556
v -0.06007910 -0.04004633 0.00429715
v -0.05937309 -0.04029370 0.00367766
v -0.05850503 -0.04183286 0.00451768
v -0.05818096 -0.04137706 0.00352403
v -0.05700619 -0.04244898 0.00342987
v -0.05645064 -0.04330560 0.00385855
v -0.05566360 -0.04371100 0.00344474
v -0.05522379 -0.04438209 0.00380899
v -0.05406059 -0.04521581 0.00356863
v -0.05267750 -0.04635873 0.00354385
v -0.05148537 -0.04716037 0.00334314
v -0.05098768 -0.04699775 0.00259976
v -0.05024116 -0.04796202 0.00315482
v -0.04955250 -0.04883009 0.00367518
v -0.04906061 -0.04941873 0.00403201
v -0.04776431 -0.04980122 0.00328862
v -0.04706408 -0.05022953 0.00323907
v -0.04638700 -0.05096705 0.00369996
v -0.04535112 -0.05131519 0.00324154
v -0.04450043 -0.05224739 0.00389076
v -0.04399696 -0.05205500 0.00312756
v -0.04346455 -0.05258637 0.00348190
v -0.04293215 -0.05310630 0.00382882
v -0.04240553 -0.05361706 0.00418068
v -0.04186155 -0.05411637 0.00453751
v -0.04080252 -0.05441642 0.00413360
v -0.04023539 -0.05488825 0.00447556
v -0.03915322 -0.05515164 0.00404192
v -0.03825623 -0.05548146 0.00391307
v -0.03731295 -0.05601055 0.00412121
v -0.03639281 -0.05608614 0.00356863
v -0.03579675 -0.05651215 0.00389572
v -0.03520068 -0.05693588 0.00422281
v -0.03445415 -0.05688549 0.00360828
v -0.03349351 -0.05755200 0.00416829
v -0.03237083 -0.05773524 0.00376687
v -0.03174583 -0.05811545 0.00407661
v -0.03038009 -0.05839945 0.00376687
v -0.02935579 -0.05900184 0.00432193
v -0.02777593 -0.05932020 0.00405183
v -0.02595880 -0.05976455 0.00396510
v -0.02427478 -0.06012185 0.00387342
v -0.02320418 -0.06060055 0.00436405
v -0.02282802 -0.06112964 0.00530567
v -0.00286279 -0.04649615 -0.01572711
v -0.00375399 -0.04594416 -0.01613845
v -0.00169381 -0.04631062 -0.01588570
v -0.00547852 -0.04592125 -0.01610376
v -0.00638709 -0.04624879 -0.01581384
v -0.00943685 -0.04628085 -0.01562056
v -0.01080837 -0.04555708 -0.01609384
v -0.00693107 -0.04687636 -0.01528851
v -0.01200629 -0.04490431 -0.01649032
v -0.01306531 -0.04423093 -0.01688679
v -0.01374240 -0.04384156 -0.01709741
v -0.01442526 -0.04344760 -0.01729813
v -0.01568105 -0.04361709 -0.01701068
v -0.01672850 -0.04397211 -0.01660926
v -0.01763128 -0.04337660 -0.01688183
v -0.01820419 -0.04394004 -0.01638872
v -0.01965095 -0.04531658 -0.01512249
v -0.02005604 -0.04464549 -0.01553383
v -0.02076206 -0.04424009 -0.01568498
v -0.01878868 -0.04450349 -0.01588074
v -0.02238242 -0.04459968 -0.01507541
v -0.02331992 -0.04450806 -0.01491930
v -0.02403751 -0.04409121 -0.01503824
v -0.02133497 -0.04478750 -0.01517205
v -0.02426899 -0.04395836 -0.01507045
v -0.03062893 -0.04282919 -0.01399007
v -0.02936157 -0.04356900 -0.01389839
v -0.03156643 -0.04225888 -0.01405945
v -0.03230717 -0.04181682 -0.01410158
v -0.03355717 -0.04109992 -0.01413379
v -0.03304212 -0.04056625 -0.01462938
v -0.03279907 -0.04004633 -0.01501098
v -0.02589515 -0.04474856 -0.01409415
v -0.02426899 -0.04431109 -0.01482514
v -0.02461043 -0.04463175 -0.01451292
v -0.02717987 -0.04485392 -0.01365555
v -0.02789746 -0.04442561 -0.01374971
v -0.02863241 -0.04400188 -0.01382653
v -0.00566950 -0.06340402 0.00530567
v -0.00488246 -0.06197938 0.00248825
v -0.00378871 -0.06231378 0.00304579
v -0.00609773 -0.06337883 0.00530567
v -0.00732459 -0.06287494 0.00445821
v -0.00687898 -0.06252450 0.00371483
v -0.00549589 -0.06236875 0.00326137
v -0.00169381 -0.06220613 0.00281038
v -0.05960456 -0.04004633 0.00367518
v -0.05906058 -0.04004633 0.00298136
v -0.05762540 -0.04142745 0.00290702
v -0.05707564 -0.04145036 0.00229001
v -0.05628281 -0.04277651 0.00298384
v -0.05494023 -0.04384613 0.00278312
v -0.05355712 -0.04509213 0.00283516
v -0.05216245 -0.04618007 0.00274843
v -0.05145064 -0.04636102 0.00223550
v -0.05048421 -0.04681452 0.00184398
v -0.04977241 -0.04769404 0.00230488
v -0.04881176 -0.04886215 0.00297640
v -0.04829672 -0.04880718 0.00238913
v -0.04706408 -0.04945537 0.00211656
v -0.04632913 -0.05031657 0.00266914
v -0.04503284 -0.05096476 0.00242878
v -0.04451779 -0.05151446 0.00278312
v -0.04348192 -0.05184886 0.00236435
v -0.04269488 -0.05271234 0.00299871
v -0.04189048 -0.05342009 0.00342243
v -0.04134650 -0.05392856 0.00377926
v -0.04027590 -0.05420570 0.00335553
v -0.03972035 -0.05468440 0.00369748
v -0.03863817 -0.05494322 0.00329110
v -0.03825623 -0.05526387 0.00353890
v -0.03825044 -0.05536923 0.00371483
v -0.03807105 -0.05541046 0.00365040
v -0.03697730 -0.05564866 0.00323907
v -0.03626549 -0.05551582 0.00251055
v -0.03528170 -0.05629685 0.00314738
v -0.03415323 -0.05649154 0.00271870
v -0.03356295 -0.05691297 0.00306065
v -0.03297268 -0.05732983 0.00341748
v -0.03183842 -0.05749703 0.00300366
v -0.03122500 -0.05788640 0.00332579
v -0.02980718 -0.05819332 0.00305074
v -0.02882338 -0.05876821 0.00356615
v -0.02731297 -0.05908658 0.00334562
v -0.02584306 -0.05932020 0.00305570
v -0.02518913 -0.05965231 0.00338031
v -0.02427478 -0.05979203 0.00323411
v -0.02363242 -0.05989052 0.00313499
v -0.02267177 -0.06034631 0.00361076
v -0.02161275 -0.06082043 0.00412617
v -0.02172270 -0.06125332 0.00506779
v -0.02214515 -0.06127393 0.00530567
v -0.00169381 -0.04653738 -0.01570729
v -0.00273547 -0.04687178 -0.01542728
v -0.00419959 -0.04656715 -0.01564038
v -0.00446579 -0.04735964 -0.01499364
v -0.00897389 -0.04710311 -0.01498373
v -0.01073314 -0.04651676 -0.01533559
v -0.01186740 -0.04615259 -0.01553383
v -0.01274703 -0.04528910 -0.01612358
v -0.00581996 -0.04791850 -0.01448070
v -0.00775282 -0.04775588 -0.01452531
v -0.01364402 -0.04480124 -0.01640359
v -0.01432110 -0.04441187 -0.01661173
v -0.01499818 -0.04401562 -0.01681740
v -0.01556531 -0.04457907 -0.01633668
v -0.01683267 -0.04474398 -0.01602694
v -0.01751554 -0.04434545 -0.01621774
v -0.01826206 -0.04503028 -0.01558587
v -0.01946576 -0.04624191 -0.01445097
v -0.02050164 -0.04613885 -0.01433698
v -0.02062317 -0.04519519 -0.01502090
v -0.02189631 -0.04532804 -0.01465664
v -0.02316367 -0.04545401 -0.01427256
v -0.02387548 -0.04504402 -0.01440141
v -0.02427478 -0.04482185 -0.01446088
v -0.03065787 -0.04366061 -0.01341767
v -0.03193680 -0.04290477 -0.01351183
v -0.02991713 -0.04409121 -0.01335820
v -0.03285115 -0.04234362 -0.01357130
v -0.03396226 -0.04169543 -0.01360847
v -0.03382916 -0.04004633 -0.01466655
v -0.03561156 -0.04069910 -0.01363573
v -0.03518332 -0.04009901 -0.01416600
v -0.02517756 -0.04516542 -0.01398016
v -0.02645649 -0.04527536 -0.01355395
v -0.02426899 -0.04540820 -0.01403715
v -0.02774700 -0.04537384 -0.01310297
v -0.02846459 -0.04495012 -0.01319713
v -0.02919375 -0.04452181 -0.01328138
v -0.00598200 -0.06165643 0.00200505
v -0.00523547 -0.06129912 0.00130627
v -0.00424589 -0.06157168 0.00171265
v -0.00332575 -0.06186028 0.00218346
v -0.00709311 -0.06330553 0.00530567
v -0.00819264 -0.06317956 0.00522885
v -0.00987666 -0.06262528 0.00443839
v -0.00950051 -0.06221758 0.00356368
v -0.00855143 -0.06198625 0.00296154
v -0.00649125 -0.06204810 0.00277321
v -0.00169381 -0.06216719 0.00273852
v -0.05839507 -0.04004633 0.00218346
v -0.05661846 -0.04105412 0.00130875
v -0.05584300 -0.04238256 0.00199762
v -0.05774114 -0.04004633 0.00142521
v -0.05447147 -0.04373391 0.00212895
v -0.05511383 -0.04267573 0.00154167
v -0.05307101 -0.04491118 0.00207939
v -0.05190782 -0.04571054 0.00186876
v -0.05094718 -0.04617549 0.00148220
v -0.04996917 -0.04660151 0.00106591
v -0.04950042 -0.04723596 0.00143265
v -0.04903167 -0.04786353 0.00180434
v -0.04780482 -0.04852775 0.00153424
v -0.04703514 -0.04865372 0.00099653
v -0.04653746 -0.04924465 0.00134592
v -0.04603978 -0.04982871 0.00170274
v -0.04553631 -0.05040589 0.00206948
v -0.04451200 -0.05075633 0.00166805
v -0.04399696 -0.05130603 0.00201248
v -0.04322150 -0.05131290 0.00136326
v -0.04219141 -0.05235504 0.00203231
v -0.04137544 -0.05321624 0.00267905
v -0.04083724 -0.05372013 0.00302348
v -0.03976086 -0.05399269 0.00260223
v -0.03919952 -0.05447139 0.00293923
v -0.03825623 -0.05489511 0.00291693
v -0.03789744 -0.05484931 0.00257250
v -0.03701202 -0.05495237 0.00210912
v -0.03590091 -0.05516310 0.00169779
v -0.03532800 -0.05561889 0.00204470
v -0.03474351 -0.05605865 0.00237179
v -0.03362082 -0.05624646 0.00197036
v -0.03303055 -0.05667248 0.00231479
v -0.03244027 -0.05708934 0.00265923
v -0.03128865 -0.05724051 0.00223054
v -0.03068680 -0.05763675 0.00256259
v -0.02919375 -0.05797115 0.00231479
v -0.02828519 -0.05851627 0.00280047
v -0.02710463 -0.05861476 0.00237674
v -0.02647385 -0.05897206 0.00271622
v -0.02592408 -0.05869263 0.00195301
v -0.02509654 -0.05912781 0.00235940
v -0.02427478 -0.05955841 0.00279799
v -0.02315210 -0.05958360 0.00236435
v -0.02211043 -0.06006688 0.00283516
v -0.02107455 -0.06051809 0.00329854
v -0.02032224 -0.06138387 0.00476052
v -0.02124238 -0.06145946 0.00530567
v -0.02163011 -0.06138158 0.00530567
v -0.00169381 -0.04751539 -0.01491682
v -0.00182691 -0.04756119 -0.01487717
v -0.00473200 -0.04866289 -0.01389095
v -0.00300747 -0.04817503 -0.01434690
v -0.01016023 -0.04818648 -0.01400494
v -0.01147967 -0.04730925 -0.01462690
v -0.01292064 -0.04726573 -0.01452531
v -0.01363823 -0.04652592 -0.01505063
v -0.01323892 -0.04595332 -0.01555365
v -0.00663593 -0.04875450 -0.01373732
v -0.00849356 -0.04860333 -0.01376706
v -0.01422272 -0.04536698 -0.01590056
v -0.01489401 -0.04497531 -0.01612358
v -0.01614980 -0.04582277 -0.01530090
v -0.01796114 -0.04579299 -0.01505063
v -0.01874817 -0.04662441 -0.01427503
v -0.02036275 -0.04706646 -0.01363325
v -0.02105141 -0.04666793 -0.01381414
v -0.02175742 -0.04626940 -0.01397768
v -0.02119029 -0.04573344 -0.01450053
v -0.02245765 -0.04586171 -0.01413131
v -0.02373080 -0.04598539 -0.01373732
v -0.02427478 -0.04568076 -0.01383396
v -0.03143333 -0.04404311 -0.01288243
v -0.03322731 -0.04304907 -0.01295429
v -0.03022384 -0.04481269 -0.01272632
v -0.03474351 -0.04207564 -0.01305836
v -0.03520647 -0.04004633 -0.01418831
v -0.03617869 -0.04124651 -0.01305341
v -0.03669373 -0.04004633 -0.01363325
v -0.03601087 -0.04004633 -0.01388848
v -0.02573311 -0.04568992 -0.01344245
v -0.02445418 -0.04557540 -0.01386617
v -0.02702362 -0.04579070 -0.01299889
v -0.02832570 -0.04588919 -0.01252313
v -0.02903750 -0.04546088 -0.01262720
v -0.00706417 -0.06130371 0.00151194
v -0.00480144 -0.06068530 0.00024323
v -0.00362089 -0.06114796 0.00095192
v -0.00706417 -0.06065781 0.00039687
v -0.00273547 -0.06144571 0.00143017
v -0.00169381 -0.06167934 0.00185142
v -0.00803060 -0.06322995 0.00530567
v -0.00827366 -0.06320933 0.00530567
v -0.01066948 -0.06286119 0.00508513
v -0.01213360 -0.06186715 0.00341748
v -0.01160120 -0.06149152 0.00258241
v -0.01064634 -0.06125103 0.00195549
v -0.00788014 -0.06160833 0.00216612
v -0.05718559 -0.04004633 0.00080820
v -0.05635225 -0.04051816 0.00043156
v -0.05573883 -0.04162214 0.00099653
v -0.05396800 -0.04351174 0.00132114
v -0.05459879 -0.04247417 0.00076608
v -0.05256175 -0.04473024 0.00133105
v -0.05139278 -0.04551127 0.00110556
v -0.05042634 -0.04595561 0.00070661
v -0.04944255 -0.04638163 0.00030270
v -0.04897959 -0.04702066 0.00066448
v -0.04851084 -0.04764823 0.00102874
v -0.04750968 -0.04804447 0.00062979
v -0.04677473 -0.04802615 -0.00003678
v -0.04601084 -0.04902019 0.00058767
v -0.04551316 -0.04960883 0.00094201
v -0.04502126 -0.05019289 0.00131123
v -0.04398539 -0.05053187 0.00090732
v -0.04344141 -0.05027992 0.00013173
v -0.04261386 -0.05125793 0.00080820
v -0.04164164 -0.05229091 0.00150451
v -0.04084882 -0.05299636 0.00192080
v -0.04031641 -0.05350483 0.00227515
v -0.03923424 -0.05376365 0.00184646
v -0.03866711 -0.05424464 0.00218098
v -0.03825623 -0.05456988 0.00239161
v -0.03757336 -0.05448055 0.00176469
v -0.03646804 -0.05469814 0.00134840
v -0.03491712 -0.05527304 0.00123937
v -0.03420531 -0.05580670 0.00162345
v -0.03272384 -0.05623959 0.00141778
v -0.03188472 -0.05682823 0.00188611
v -0.03073310 -0.05695878 0.00145495
v -0.03013125 -0.05736190 0.00179195
v -0.02860347 -0.05774211 0.00162840
v -0.02772963 -0.05824600 0.00203479
v -0.02654329 -0.05832616 0.00160362
v -0.02533959 -0.05838571 0.00117742
v -0.02444260 -0.05889418 0.00166557
v -0.02427478 -0.05932020 0.00235940
v -0.02264863 -0.05921714 0.00151937
v -0.02153173 -0.05976684 0.00206204
v -0.02087201 -0.06007604 0.00238665
v -0.02020071 -0.06037838 0.00271374
v -0.01928058 -0.06082272 0.00325146
v -0.01975511 -0.06114338 0.00405431
v -0.02027595 -0.06164727 0.00530567
v -0.01875396 -0.06152817 0.00448795
v -0.01930373 -0.06179615 0.00524868
v -0.00169381 -0.04840636 -0.01416848
v -0.00183270 -0.04844071 -0.01413875
v -0.00565214 -0.04975084 -0.01291712
v -0.00349357 -0.04880947 -0.01379927
v -0.00322159 -0.04943934 -0.01326403
v -0.01097620 -0.04893774 -0.01330120
v -0.01235930 -0.04819564 -0.01380670
v -0.00893338 -0.04918281 -0.01324173
v -0.01419378 -0.04848423 -0.01337059
v -0.01460466 -0.04712831 -0.01445097
v -0.01529332 -0.04639995 -0.01495399
v -0.00706996 -0.04935688 -0.01319713
v -0.01658382 -0.04710540 -0.01421061
v -0.01729563 -0.04624191 -0.01480036
v -0.01966831 -0.04745584 -0.01344245
v -0.01829100 -0.04717411 -0.01390582
v -0.02023544 -0.04798492 -0.01290225
v -0.02091831 -0.04758868 -0.01309801
v -0.02161275 -0.04719244 -0.01327395
v -0.02255025 -0.04670000 -0.01346723
v -0.02426899 -0.04653051 -0.01318226
v -0.02427478 -0.04603577 -0.01356386
v -0.02502131 -0.04610449 -0.01331855
v -0.03208147 -0.04452639 -0.01228525
v -0.03367291 -0.04359419 -0.01238189
v -0.03091828 -0.04522039 -0.01216878
v -0.03528749 -0.04261160 -0.01245127
v -0.03672267 -0.04172979 -0.01247853
v -0.03766596 -0.04042654 -0.01298898
v -0.03738818 -0.04004633 -0.01335324
v -0.03698309 -0.04004633 -0.01351678
v -0.02630603 -0.04620527 -0.01288243
v -0.02760811 -0.04630604 -0.01241162
v -0.02821574 -0.04681452 -0.01179214
v -0.02893333 -0.04639766 -0.01190117
v -0.02967407 -0.04596248 -0.01201019
v -0.01024703 -0.06080669 0.00109069
v -0.00888129 -0.06069675 0.00070165
v -0.00439056 -0.06014934 -0.00063396
v -0.00349357 -0.06052497 -0.00008138
v -0.00641602 -0.06022034 -0.00037378
v -0.00208154 -0.06092350 0.00052572
v -0.00885815 -0.06003481 -0.00038121
v -0.00169381 -0.06102427 0.00070165
v -0.00169381 -0.06142281 0.00139548
v -0.01020652 -0.06301465 0.00530567
v -0.01078523 -0.06295281 0.00530567
v -0.01250397 -0.06275354 0.00530567
v -0.01440212 -0.06213971 0.00449290
v -0.01352249 -0.06194273 0.00387590
v -0.01405489 -0.06119148 0.00251798
v -0.01307110 -0.06097618 0.00191089
v -0.01175166 -0.06085936 0.00144504
v -0.05660688 -0.04004633 0.00019120
v -0.05617286 -0.04004633 -0.00026722
v -0.05583721 -0.04030057 -0.00034652
v -0.05520642 -0.04142974 0.00022341
v -0.05344138 -0.04331247 0.00054306
v -0.05408374 -0.04225888 -0.00000456
v -0.05204671 -0.04451723 0.00055545
v -0.05087195 -0.04529597 0.00034235
v -0.05010227 -0.04541049 -0.00024244
v -0.04891014 -0.04613885 -0.00046546
v -0.04844718 -0.04678932 -0.00009625
v -0.04797843 -0.04742148 0.00026306
v -0.04744602 -0.04718785 -0.00048528
v -0.04642751 -0.04755661 -0.00088919
v -0.04595297 -0.04817045 -0.00053732
v -0.04546686 -0.04876824 -0.00018793
v -0.04498075 -0.04936605 0.00017137
v -0.04448885 -0.04996155 0.00055050
v -0.04393330 -0.04969358 -0.00024244
v -0.04288006 -0.05000507 -0.00065130
v -0.04217983 -0.05076091 -0.00020528
v -0.04113817 -0.05187176 0.00052572
v -0.04031062 -0.05274899 0.00115016
v -0.03977822 -0.05326434 0.00150946
v -0.03868447 -0.05350941 0.00107334
v -0.03825623 -0.05389191 0.00134096
v -0.03825623 -0.05405453 0.00158628
v -0.03812892 -0.05399956 0.00141282
v -0.03591249 -0.05442787 0.00059262
v -0.03702359 -0.05422173 0.00100396
v -0.03478402 -0.05460423 0.00016146
v -0.03421689 -0.05507377 0.00051828
v -0.03364976 -0.05553185 0.00086767
v -0.03278171 -0.05543565 0.00022837
v -0.03191365 -0.05611591 0.00077351
v -0.03131759 -0.05654421 0.00111051
v -0.02981875 -0.05692443 0.00092219
v -0.02838935 -0.05717408 0.00060253
v -0.02777593 -0.05756574 0.00093458
v -0.02716250 -0.05795053 0.00126910
v -0.02595880 -0.05801466 0.00083546
v -0.02536274 -0.05767798 0.00005243
v -0.02445996 -0.05824142 0.00058767
v -0.02427478 -0.05834448 0.00068183
v -0.02348196 -0.05877050 0.00107582
v -0.02210464 -0.05888732 0.00075617
v -0.02095303 -0.05944388 0.00129388
v -0.02029331 -0.05976225 0.00162345
v -0.01962780 -0.06006688 0.00194558
v -0.01881762 -0.06042190 0.00233709
v -0.01762549 -0.06093953 0.00295162
v -0.01819262 -0.06123958 0.00371979
v -0.01928637 -0.06182592 0.00530567
v -0.01700049 -0.06170911 0.00430210
v -0.01772387 -0.06188776 0.00489929
v -0.00169381 -0.04851401 -0.01407680
v -0.00592991 -0.05079985 -0.01196807
v -0.00678639 -0.05037383 -0.01231498
v -0.00407228 -0.05022724 -0.01255039
v -0.00169381 -0.04997529 -0.01281057
v -0.00224936 -0.05034634 -0.01247357
v -0.00950051 -0.04967525 -0.01277340
v -0.01122504 -0.04963861 -0.01267428
v -0.01288592 -0.04923091 -0.01287252
v -0.00791486 -0.04974625 -0.01281057
v -0.01470304 -0.04941643 -0.01250826
v -0.01591832 -0.04872473 -0.01295429
v -0.01560003 -0.04808799 -0.01353413
v -0.01738243 -0.04793683 -0.01341767
v -0.01855720 -0.04813380 -0.01307323
v -0.02013706 -0.04889422 -0.01213657
v -0.02135812 -0.04820251 -0.01249092
v -0.01955257 -0.04837200 -0.01269906
v -0.02219145 -0.04771695 -0.01271889
v -0.02332571 -0.04700691 -0.01303359
v -0.02417061 -0.04742835 -0.01247357
v -0.02426899 -0.04737338 -0.01249339
v -0.02488242 -0.04702753 -0.01261729
v -0.02560001 -0.04661983 -0.01275110
v -0.03243448 -0.04519290 -0.01161620
v -0.03352244 -0.04455617 -0.01168806
v -0.03495763 -0.04373162 -0.01173019
v -0.03141018 -0.04577467 -0.01153195
v -0.03607452 -0.04294371 -0.01184913
v -0.03737660 -0.04228865 -0.01175497
v -0.03777012 -0.04104495 -0.01250083
v -0.03854558 -0.04057771 -0.01247357
v -0.03820415 -0.04004633 -0.01300633
v -0.03794373 -0.04004633 -0.01312031
v -0.02690209 -0.04672061 -0.01228773
v -0.02837778 -0.04757036 -0.01106610
v -0.02956412 -0.04690155 -0.01124451
v -0.02750973 -0.04722908 -0.01166328
v -0.03027014 -0.04647783 -0.01135850
v -0.01113823 -0.06047457 0.00067687
v -0.01020652 -0.06016537 0.00001526
v -0.00532227 -0.05967522 -0.00129309
v -0.00356302 -0.05966148 -0.00141203
v -0.00266603 -0.06004856 -0.00084954
v -0.00176326 -0.06055932 -0.00006155
v -0.00808847 -0.05977142 -0.00088423
v -0.00691371 -0.05950573 -0.00141203
v -0.00169381 -0.06081814 0.00036217
v -0.01037435 -0.05928585 -0.00133274
v -0.01413591 -0.06255428 0.00530567
v -0.01477249 -0.06247411 0.00530567
v -0.01585466 -0.06210307 0.00480760
v -0.01650281 -0.06134035 0.00341500
v -0.01561160 -0.06119148 0.00288968
v -0.01378290 -0.06072423 0.00160858
v -0.01532225 -0.06071278 0.00192576
v -0.01271230 -0.06051580 0.00102874
v -0.05531638 -0.04004633 -0.00111716
v -0.05529902 -0.04007382 -0.00110725
v -0.05467981 -0.04117322 -0.00057449
v -0.05291476 -0.04311320 -0.00020280
v -0.05375388 -0.04167253 -0.00095361
v -0.05152588 -0.04425841 -0.00024244
v -0.05097611 -0.04409121 -0.00094122
v -0.04979556 -0.04480353 -0.00119893
v -0.04934996 -0.04547462 -0.00083467
v -0.04879440 -0.04519519 -0.00161770
v -0.04812311 -0.04621443 -0.00104778
v -0.04689047 -0.04691759 -0.00125840
v -0.04586617 -0.04726802 -0.00166726
v -0.04539163 -0.04788872 -0.00131787
v -0.04465089 -0.04885757 -0.00073060
v -0.04352821 -0.04918968 -0.00117415
v -0.04232451 -0.04970732 -0.00142442
v -0.04182104 -0.05028680 -0.00107008
v -0.04131757 -0.05084565 -0.00071325
v -0.04080252 -0.05140452 -0.00035147
v -0.04028169 -0.05194735 0.00000535
v -0.03975507 -0.05247872 0.00036465
v -0.03922845 -0.05300323 0.00072891
v -0.03825044 -0.05321395 0.00035970
v -0.03825044 -0.05359874 0.00090980
v -0.03757915 -0.05373387 0.00065457
v -0.03646804 -0.05394688 0.00024819
v -0.03534536 -0.05412782 -0.00018545
v -0.03407221 -0.05436603 -0.00057944
v -0.03211041 -0.05525700 -0.00038864
v -0.03133495 -0.05580670 0.00000039
v -0.03076203 -0.05624417 0.00035474
v -0.02937894 -0.05653276 0.00010695
v -0.02779329 -0.05683510 -0.00018050
v -0.02718565 -0.05724051 0.00015898
v -0.02657802 -0.05763446 0.00049846
v -0.02509654 -0.05710766 -0.00090653
v -0.02427478 -0.05760697 -0.00046546
v -0.02426899 -0.05782227 -0.00014333
v -0.02427478 -0.05813606 0.00034483
v -0.02598195 -0.05729548 -0.00028209
v -0.02288589 -0.05843382 0.00029775
v -0.02157802 -0.05850939 -0.00003925
v -0.02005604 -0.05925378 0.00068431
v -0.01869030 -0.05989281 0.00135335
v -0.01732456 -0.06050664 0.00205956
v -0.01793220 -0.06204351 0.00530567
v -0.01591832 -0.06232524 0.00530567
v -0.01745188 -0.06211222 0.00530567
v -0.00639287 -0.05144574 -0.01134363
v -0.00749241 -0.05078153 -0.01191356
v -0.00452945 -0.05073571 -0.01207710
v -0.00483038 -0.05143658 -0.01141797
v -0.00270654 -0.05091437 -0.01195320
v -0.00169381 -0.05065326 -0.01219852
v -0.01021231 -0.05019289 -0.01226295
v -0.01194263 -0.05007837 -0.01221834
v -0.01367874 -0.04996155 -0.01214153
v -0.01525860 -0.04994781 -0.01196807
v -0.01663012 -0.04917136 -0.01246861
v -0.01762549 -0.04861479 -0.01280809
v -0.01888127 -0.04876138 -0.01247853
v -0.02024701 -0.04969128 -0.01138328
v -0.02141020 -0.04902248 -0.01175001
v -0.01932687 -0.04935459 -0.01187143
v -0.02231298 -0.04853691 -0.01198046
v -0.02347617 -0.04783146 -0.01231003
v -0.02477246 -0.04794140 -0.01187143
v -0.02545533 -0.04753142 -0.01203497
v -0.02618450 -0.04712831 -0.01216383
v -0.03293796 -0.04561434 -0.01104875
v -0.03415323 -0.04508525 -0.01096946
v -0.03568679 -0.04416908 -0.01103636
v -0.03684420 -0.04348196 -0.01105619
v -0.03182106 -0.04643431 -0.01079105
v -0.03759651 -0.04302616 -0.01105123
v -0.03834882 -0.04256579 -0.01103636
v -0.03845878 -0.04161756 -0.01173514
v -0.03934998 -0.04017459 -0.01236702
v -0.03880600 -0.04004633 -0.01272632
v -0.02877130 -0.04822083 -0.01031033
v -0.02988819 -0.04757723 -0.01050113
v -0.02713357 -0.04829642 -0.01082326
v -0.03091828 -0.04697256 -0.01066467
v -0.02634075 -0.04793224 -0.01141301
v -0.01243453 -0.06005772 0.00021102
v -0.01167064 -0.05963170 -0.00059927
v -0.00660121 -0.05887128 -0.00236604
v -0.00462204 -0.05907055 -0.00222975
v -0.00291487 -0.05918278 -0.00213807
v -0.00196001 -0.05967522 -0.00142442
v -0.00169381 -0.05980577 -0.00122619
v -0.00169381 -0.06007375 -0.00081485
v -0.00169381 -0.06055474 -0.00006651
v -0.00964518 -0.05889418 -0.00201417
v -0.00821579 -0.05882776 -0.00226940
v -0.01257920 -0.05906139 -0.00133522
v -0.01185004 -0.05848420 -0.00232144
v -0.01478985 -0.06030050 0.00107830
v -0.01643336 -0.06026386 0.00139548
v -0.01419957 -0.05997527 0.00041173
v -0.05472610 -0.04004633 -0.00168461
v -0.05458721 -0.04018146 -0.00168461
v -0.05279902 -0.04217871 -0.00131292
v -0.05217981 -0.04324834 -0.00075042
v -0.05341824 -0.04106786 -0.00188036
v -0.05043213 -0.04378429 -0.00174903
v -0.05163583 -0.04298952 -0.00152354
v -0.04923421 -0.04451494 -0.00198444
v -0.04840089 -0.04499822 -0.00215294
v -0.04755598 -0.04593728 -0.00182585
v -0.04632913 -0.04663129 -0.00202409
v -0.04550737 -0.04707791 -0.00215294
v -0.04482450 -0.04759326 -0.00209347
v -0.04434418 -0.04820709 -0.00173664
v -0.04293215 -0.04898583 -0.00184320
v -0.04222613 -0.04880260 -0.00255436
v -0.04146803 -0.04975313 -0.00196461
v -0.04074465 -0.05055019 -0.00148142
v -0.03978979 -0.05155797 -0.00085945
v -0.03897382 -0.05237337 -0.00031678
v -0.03825044 -0.05311546 0.00022341
v -0.03702359 -0.05345215 -0.00010616
v -0.03610924 -0.05349338 -0.00060670
v -0.03474351 -0.05380030 -0.00097839
v -0.03359189 -0.05394230 -0.00142195
v -0.03303055 -0.05442100 -0.00106512
v -0.03187314 -0.05455155 -0.00149628
v -0.03131180 -0.05501422 -0.00113698
v -0.03045532 -0.05568073 -0.00062653
v -0.02878287 -0.05609300 -0.00081980
v -0.02717987 -0.05647550 -0.00097839
v -0.02657802 -0.05689007 -0.00063148
v -0.02630024 -0.05624876 -0.00166478
v -0.02472617 -0.05652590 -0.00187045
v -0.02426899 -0.05686029 -0.00156071
v -0.02426899 -0.05711911 -0.00119150
v -0.02382339 -0.05787953 -0.00022262
v -0.02271228 -0.05787495 -0.00062653
v -0.02102247 -0.05804673 -0.00092636
v -0.02038011 -0.05839030 -0.00058936
v -0.01974354 -0.05872927 -0.00025236
v -0.01908961 -0.05905452 0.00007721
v -0.01812896 -0.05951947 0.00057032
v -0.01709887 -0.05997527 0.00106343
v -0.00540329 -0.05196567 -0.01088521
v -0.00663593 -0.05215119 -0.01064485
v -0.00760815 -0.05165646 -0.01107849
v -0.00954680 -0.05137932 -0.01120982
v -0.00881185 -0.05096247 -0.01165337
v -0.01086624 -0.05071052 -0.01174010
v -0.00362089 -0.05125793 -0.01161868
v -0.00385816 -0.05191299 -0.01098680
v -0.00169381 -0.05099682 -0.01188382
v -0.00169381 -0.05145949 -0.01145514
v -0.00296695 -0.05160149 -0.01130646
v -0.01286855 -0.05038528 -0.01184417
v -0.01395652 -0.05065784 -0.01147496
v -0.01616716 -0.05026160 -0.01155425
v -0.01728405 -0.04961341 -0.01197798
v -0.01819840 -0.04914158 -0.01225799
v -0.01937317 -0.05017227 -0.01109336
v -0.02023544 -0.05051583 -0.01058042
v -0.02132340 -0.04991116 -0.01092981
v -0.02200048 -0.04952637 -0.01114787
v -0.01783382 -0.05019976 -0.01135106
v -0.02312895 -0.04884841 -0.01149478
v -0.02408381 -0.04834681 -0.01170045
v -0.02426899 -0.04823687 -0.01174753
v -0.02539746 -0.04845217 -0.01122964
v -0.03374814 -0.04617549 -0.01018395
v -0.03469142 -0.04561663 -0.01024838
v -0.03591827 -0.04482643 -0.01035741
v -0.03711619 -0.04415076 -0.01034502
v -0.03233032 -0.04688781 -0.01015174
v -0.03849928 -0.04333766 -0.01030785
v -0.03956410 -0.04187179 -0.01093972
v -0.03942521 -0.04101976 -0.01168806
v -0.04081988 -0.04021353 -0.01154682
v -0.03957567 -0.04004633 -0.01234224
v -0.02810579 -0.04866059 -0.01012696
v -0.02943681 -0.04870870 -0.00957190
v -0.03033958 -0.04820709 -0.00970819
v -0.02735348 -0.04903164 -0.01003280
v -0.02602825 -0.04895377 -0.01055812
v -0.03156643 -0.04745584 -0.00992624
v -0.01337781 -0.05944388 -0.00060175
v -0.00556533 -0.05862850 -0.00279225
v -0.00959310 -0.05813835 -0.00311934
v -0.00891023 -0.05768484 -0.00382307
v -0.00783384 -0.05740313 -0.00431123
v -0.00374242 -0.05881173 -0.00264109
v -0.00229566 -0.05870866 -0.00281703
v -0.00169381 -0.05901558 -0.00238339
v -0.00169381 -0.05917133 -0.00216037
v -0.00169381 -0.05943702 -0.00177134
v -0.01125976 -0.05805589 -0.00303013
v -0.01455258 -0.05908429 -0.00093875
v -0.01356878 -0.05843152 -0.00211825
v -0.01291485 -0.05797802 -0.00288641
v -0.01620188 -0.05972103 0.00042164
v -0.01529332 -0.05940953 -0.00027714
v -0.05421684 -0.04004633 -0.00215294
v -0.05370759 -0.04052045 -0.00215294
v -0.05224347 -0.04184431 -0.00215294
v -0.05285689 -0.04078843 -0.00264853
v -0.05132912 -0.04234133 -0.00244781
v -0.05013699 -0.04363313 -0.00215294
v -0.04910690 -0.04445309 -0.00215294
v -0.04881176 -0.04468214 -0.00215294
v -0.04943098 -0.04419657 -0.00215294
v -0.04823306 -0.04491118 -0.00238339
v -0.04722033 -0.04528681 -0.00278481
v -0.04711616 -0.04595561 -0.00215294
v -0.04678052 -0.04596935 -0.00239825
v -0.04601663 -0.04583193 -0.00311686
v -0.04601084 -0.04673206 -0.00215294
v -0.04528747 -0.04696111 -0.00244534
v -0.04435575 -0.04708937 -0.00298801
v -0.04375969 -0.04789560 -0.00250976
v -0.04403168 -0.04803989 -0.00215294
v -0.04331988 -0.04847965 -0.00215294
v -0.04270067 -0.04818877 -0.00292358
v -0.04163585 -0.04846362 -0.00332501
v -0.04088354 -0.04936376 -0.00280464
v -0.04024118 -0.05027763 -0.00215294
v -0.03831410 -0.05219929 -0.00097592
v -0.03928632 -0.05124877 -0.00157310
v -0.03825044 -0.05219471 -0.00102300
v -0.03755600 -0.05294368 -0.00046298
v -0.03697151 -0.05262302 -0.00124849
v -0.03552476 -0.05297116 -0.00163753
v -0.03482452 -0.05287955 -0.00215294
v -0.03414744 -0.05345444 -0.00177134
v -0.03294374 -0.05365142 -0.00215294
v -0.03136388 -0.05424693 -0.00215294
v -0.03101088 -0.05437519 -0.00215294
v -0.03041481 -0.05483098 -0.00182089
v -0.02955833 -0.05555247 -0.00122867
v -0.02797848 -0.05596016 -0.00136743
v -0.02720880 -0.05563263 -0.00215294
v -0.02711621 -0.05566012 -0.00215294
v -0.02561158 -0.05590290 -0.00241312
v -0.02427478 -0.05643886 -0.00215294
v -0.02426899 -0.05655109 -0.00199683
v -0.02331992 -0.05660148 -0.00225949
v -0.02391020 -0.05712140 -0.00131539
v -0.02213937 -0.05734586 -0.00159540
v -0.02126553 -0.05703895 -0.00230657
v -0.01962201 -0.05743061 -0.00222480
v -0.02022965 -0.05793221 -0.00132283
v -0.01910697 -0.05833303 -0.00104282
v -0.01807109 -0.05882318 -0.00056210
v -0.01714517 -0.05929501 -0.00004669
v -0.00598778 -0.05249705 -0.01033263
v -0.00476093 -0.05231610 -0.01056308
v -0.00722042 -0.05267341 -0.01007988
v -0.00827366 -0.05211226 -0.01058290
v -0.01039171 -0.05177785 -0.01075636
v -0.01149124 -0.05121670 -0.01120486
v -0.00411857 -0.05266654 -0.01023599
v -0.00202367 -0.05218326 -0.01075140
v -0.00261395 -0.05254973 -0.01037971
v -0.00169381 -0.05219700 -0.01073653
v -0.01293800 -0.05121670 -0.01105371
v -0.01376554 -0.05159233 -0.01059033
v -0.01505026 -0.05087085 -0.01112805
v -0.01580258 -0.05129000 -0.01061511
v -0.01675165 -0.05077465 -0.01097442
v -0.01897965 -0.05123274 -0.01011457
v -0.01819840 -0.05081130 -0.01068697
v -0.02058845 -0.05116632 -0.00981969
v -0.02156645 -0.05063036 -0.01014926
v -0.02264284 -0.05006692 -0.01045157
v -0.02368450 -0.04940727 -0.01082326
v -0.02427478 -0.04908203 -0.01096698
v -0.02469723 -0.04884841 -0.01106858
v -0.03336041 -0.04685346 -0.00971562
v -0.03452360 -0.04672519 -0.00928694
v -0.03500392 -0.04611365 -0.00963385
v -0.03658378 -0.04527764 -0.00961402
v -0.03770068 -0.04506922 -0.00921260
v -0.03818679 -0.04443019 -0.00951738
v -0.03224930 -0.04793453 -0.00915560
v -0.03298425 -0.04736651 -0.00939101
v -0.03942521 -0.04400188 -0.00919525
v -0.04010808 -0.04279713 -0.00985438
v -0.04051896 -0.04206877 -0.01023351
v -0.04068099 -0.04116177 -0.01087778
v -0.04175159 -0.04059832 -0.01069689
v -0.04166479 -0.04004633 -0.01117761
v -0.04109766 -0.04004633 -0.01151213
v -0.04085461 -0.04004633 -0.01165089
v -0.04058261 -0.04004633 -0.01179957
v -0.02852824 -0.04934543 -0.00927702
v -0.03010810 -0.04918281 -0.00880374
v -0.03067523 -0.04867205 -0.00908870
v -0.02666482 -0.04944163 -0.00985934
v -0.02733033 -0.04992720 -0.00911844
v -0.02532802 -0.04935001 -0.01039210
v -0.00515445 -0.05796657 -0.00373139
v -0.01060583 -0.05757033 -0.00379829
v -0.00989981 -0.05710995 -0.00451194
v -0.00924009 -0.05661522 -0.00524293
v -0.00722042 -0.05690610 -0.00502983
v -0.00455839 -0.05748787 -0.00441530
v -0.00323895 -0.05820248 -0.00349598
v -0.00269497 -0.05766881 -0.00422945
v -0.00169381 -0.05792992 -0.00388254
v -0.00169381 -0.05840633 -0.00323084
v -0.00169381 -0.05866973 -0.00286906
v -0.01275281 -0.05726112 -0.00391228
v -0.01650281 -0.05888732 -0.00084458
v -0.01533383 -0.05847275 -0.00172673
v -0.01485350 -0.05800550 -0.00250481
v -0.01381763 -0.05752452 -0.00337209
v -0.05385805 -0.04004633 -0.00247755
v -0.05207565 -0.04091440 -0.00318872
v -0.05320411 -0.04004633 -0.00304252
v -0.05074463 -0.04186263 -0.00338695
v -0.04986500 -0.04349570 -0.00252215
v -0.04866709 -0.04422176 -0.00274764
v -0.04766015 -0.04461571 -0.00313420
v -0.04663584 -0.04497531 -0.00354306
v -0.04559417 -0.04530742 -0.00395936
v -0.04515436 -0.04597851 -0.00359015
v -0.04380020 -0.04674580 -0.00373634
v -0.04317520 -0.04756578 -0.00328536
v -0.04210460 -0.04784063 -0.00370661
v -0.04079095 -0.04845904 -0.00387511
v -0.03970299 -0.04868808 -0.00430379
v -0.03974928 -0.04961799 -0.00323332
v -0.03840669 -0.05028908 -0.00328288
v -0.03891595 -0.05057997 -0.00262375
v -0.03908377 -0.05088001 -0.00215294
v -0.03825623 -0.05150988 -0.00189275
v -0.03750392 -0.05209852 -0.00161027
v -0.03636966 -0.05227717 -0.00204391
v -0.03628864 -0.05222907 -0.00215294
v -0.03490554 -0.05177099 -0.00349103
v -0.03388124 -0.05285664 -0.00268817
v -0.03576202 -0.05192444 -0.00283437
v -0.03223194 -0.05331244 -0.00294588
v -0.03125393 -0.05418050 -0.00229418
v -0.03062893 -0.05379571 -0.00308960
v -0.02970879 -0.05459049 -0.00247011
v -0.02888704 -0.05510125 -0.00215294
v -0.02893333 -0.05518142 -0.00202161
v -0.02857454 -0.05520203 -0.00215294
v -0.02779908 -0.05544940 -0.00215294
v -0.02772963 -0.05524555 -0.00246020
v -0.02650857 -0.05528219 -0.00291119
v -0.02596459 -0.05493405 -0.00358519
v -0.02476089 -0.05526387 -0.00359015
v -0.02427478 -0.05586396 -0.00294588
v -0.02426899 -0.05626250 -0.00239825
v -0.02356298 -0.05584564 -0.00322341
v -0.02194261 -0.05620065 -0.00327297
v -0.02014863 -0.05674119 -0.00305491
v -0.01875975 -0.05679387 -0.00333987
v -0.01772966 -0.05769859 -0.00232144
v -0.01848197 -0.05811774 -0.00153345
v -0.01715674 -0.05856895 -0.00118158
v -0.00533964 -0.05284290 -0.01000802
v -0.00657806 -0.05302384 -0.00975774
v -0.00845305 -0.05284061 -0.00982465
v -0.00935004 -0.05230694 -0.01030785
v -0.01099356 -0.05230923 -0.01016661
v -0.01212203 -0.05165646 -0.01071671
v -0.00470885 -0.05319104 -0.00967349
v -0.00315214 -0.05325518 -0.00964624
v -0.00169381 -0.05236420 -0.01056803
v -0.00169381 -0.05313607 -0.00978500
v -0.01452943 -0.05199773 -0.01007244
v -0.01288592 -0.05209622 -0.01018147
v -0.01603984 -0.05202293 -0.00981969
v -0.01671114 -0.05166791 -0.01008483
v -0.01735929 -0.05129229 -0.01035989
v -0.01948891 -0.05181679 -0.00938358
v -0.01771808 -0.05197712 -0.00957933
v -0.02124238 -0.05167250 -0.00911596
v -0.02235349 -0.05106783 -0.00948022
v -0.02362085 -0.05030740 -0.00993616
v -0.02427478 -0.04961570 -0.01044909
v -0.03368448 -0.04771923 -0.00869718
v -0.03517753 -0.04716037 -0.00851630
v -0.03565786 -0.04655570 -0.00887312
v -0.03612660 -0.04592354 -0.00924481
v -0.03733031 -0.04578841 -0.00873188
v -0.03809419 -0.04533720 -0.00872692
v -0.03880600 -0.04484934 -0.00877648
v -0.03184999 -0.04857814 -0.00867241
v -0.03303055 -0.04846591 -0.00823381
v -0.04005021 -0.04429735 -0.00855594
v -0.04076201 -0.04323459 -0.00908374
v -0.04117868 -0.04251311 -0.00946287
v -0.04158956 -0.04178705 -0.00983208
v -0.04198886 -0.04104266 -0.01018891
v -0.04288585 -0.04095334 -0.00970323
v -0.04339511 -0.04004633 -0.01010961
v -0.04218562 -0.04004633 -0.01086539
v -0.02867292 -0.04998904 -0.00853364
v -0.03088935 -0.04957676 -0.00803557
v -0.02954097 -0.04987910 -0.00829328
v -0.02666482 -0.05034405 -0.00891524
v -0.02597616 -0.04984016 -0.00968341
v -0.02730718 -0.05079985 -0.00817930
v -0.02799584 -0.05039902 -0.00835523
v -0.02462779 -0.04974167 -0.01021616
v -0.01160120 -0.05702979 -0.00440043
v -0.01123661 -0.05645031 -0.00523550
v -0.00881185 -0.05626937 -0.00573604
v -0.00832574 -0.05630143 -0.00573604
v -0.01016601 -0.05616172 -0.00573852
v -0.00652019 -0.05641367 -0.00573604
v -0.00403755 -0.05696566 -0.00513638
v -0.00251557 -0.05653047 -0.00573852
v -0.00169381 -0.05695878 -0.00518594
v -0.01252133 -0.05655796 -0.00490098
v -0.01385814 -0.05666103 -0.00454911
v -0.01638706 -0.05801237 -0.00218267
v -0.01588359 -0.05721302 -0.00341173
v -0.01503869 -0.05681678 -0.00412290
v -0.05249810 -0.04004633 -0.00362979
v -0.05216245 -0.04004633 -0.00390732
v -0.05148537 -0.04049983 -0.00404609
v -0.05016593 -0.04166566 -0.00403370
v -0.04926315 -0.04320711 -0.00328288
v -0.04808260 -0.04391485 -0.00350590
v -0.04706987 -0.04429506 -0.00389493
v -0.04603399 -0.04462717 -0.00432362
v -0.04473770 -0.04477605 -0.00508682
v -0.04455251 -0.04562808 -0.00437070
v -0.04348192 -0.04590064 -0.00482416
v -0.04303053 -0.04657173 -0.00443265
v -0.04257335 -0.04721305 -0.00407087
v -0.04148539 -0.04746729 -0.00450451
v -0.04039164 -0.04770778 -0.00494062
v -0.03848192 -0.04829871 -0.00547586
v -0.03894489 -0.04951950 -0.00384537
v -0.03764281 -0.04987681 -0.00420468
v -0.03680947 -0.05084565 -0.00355545
v -0.03741711 -0.05120983 -0.00276499
v -0.03788586 -0.05148239 -0.00215294
v -0.03825623 -0.05131748 -0.00212816
v -0.03755021 -0.05164501 -0.00215294
v -0.03689628 -0.05174808 -0.00241064
v -0.03399698 -0.05170685 -0.00405352
v -0.03628864 -0.05139306 -0.00319615
v -0.03535693 -0.05085253 -0.00435831
v -0.03327360 -0.05233901 -0.00365209
v -0.03228981 -0.05233901 -0.00414025
v -0.03135231 -0.05322769 -0.00348112
v -0.03057685 -0.05293910 -0.00420715
v -0.02965671 -0.05373617 -0.00360501
v -0.02859769 -0.05453552 -0.00303509
v -0.02709885 -0.05484931 -0.00324819
v -0.02645070 -0.05443474 -0.00405352
v -0.02521806 -0.05444619 -0.00450203
v -0.02427478 -0.05506919 -0.00401635
v -0.02427478 -0.05550208 -0.00343899
v -0.02343566 -0.05473708 -0.00474487
v -0.02243451 -0.05545856 -0.00411795
v -0.02160117 -0.05511728 -0.00482912
v -0.02069840 -0.05599451 -0.00392219
v -0.01882919 -0.05586396 -0.00458876
v -0.01799007 -0.05631288 -0.00418237
v -0.01690790 -0.05746955 -0.00283685
v -0.00717991 -0.05354606 -0.00915808
v -0.00781070 -0.05319333 -0.00949756
v -0.00593570 -0.05336512 -0.00943066
v -0.00906069 -0.05336512 -0.00922003
v -0.00989981 -0.05285435 -0.00969827
v -0.01141022 -0.05296429 -0.00943313
v -0.01223777 -0.05245811 -0.00987916
v -0.00378293 -0.05369265 -0.00915808
v -0.00530491 -0.05371326 -0.00908127
v -0.00187321 -0.05391482 -0.00893507
v -0.00169381 -0.05383007 -0.00902675
v -0.01319842 -0.05273754 -0.00946535
v -0.01504448 -0.05259095 -0.00936623
v -0.01643915 -0.05267570 -0.00905153
v -0.01862086 -0.05230465 -0.00903914
v -0.02000396 -0.05233901 -0.00868232
v -0.01753290 -0.05288871 -0.00860302
v -0.02189631 -0.05215349 -0.00839240
v -0.02294377 -0.05156485 -0.00876409
v -0.02422270 -0.05085940 -0.00916304
v -0.02426899 -0.04994323 -0.01011952
v -0.02426899 -0.05083191 -0.00917791
v -0.02528751 -0.05023411 -0.00949756
v -0.03436156 -0.04808112 -0.00797858
v -0.03601087 -0.04725199 -0.00797610
v -0.03505022 -0.04845446 -0.00722033
v -0.03678054 -0.04636559 -0.00846178
v -0.03742868 -0.04679391 -0.00766636
v -0.03820415 -0.04627856 -0.00774070
v -0.03900276 -0.04593958 -0.00760937
v -0.03944836 -0.04527994 -0.00798354
v -0.03251550 -0.04902935 -0.00788442
v -0.03313471 -0.04942559 -0.00714599
v -0.04071572 -0.04467069 -0.00779769
v -0.04171108 -0.04385759 -0.00793398
v -0.04183261 -0.04294600 -0.00868232
v -0.04223770 -0.04221307 -0.00906392
v -0.04381177 -0.04160382 -0.00856833
v -0.04416478 -0.04006007 -0.00960907
v -0.04418214 -0.04004633 -0.00960659
v -0.02857454 -0.05080214 -0.00766636
v -0.03017754 -0.05038070 -0.00745326
v -0.03080833 -0.05068304 -0.00682882
v -0.03200046 -0.04978519 -0.00729467
v -0.02595880 -0.05072197 -0.00874179
v -0.02661853 -0.05119151 -0.00798602
v -0.02797269 -0.05125793 -0.00738883
v -0.01089518 -0.05609988 -0.00573604
v -0.01224934 -0.05595787 -0.00573604
v -0.01221462 -0.05587542 -0.00585003
v -0.00863824 -0.05612736 -0.00593676
v -0.00998083 -0.05541504 -0.00672226
v -0.01070421 -0.05589603 -0.00602348
v -0.00586626 -0.05589832 -0.00644721
v -0.00487667 -0.05647550 -0.00573852
v -0.00816949 -0.05556392 -0.00669996
v -0.00423431 -0.05649841 -0.00573852
v -0.00335469 -0.05652131 -0.00573604
v -0.00299589 -0.05628082 -0.00605818
v -0.00169381 -0.05619608 -0.00617216
v -0.01367874 -0.05590061 -0.00558737
v -0.01395652 -0.05575173 -0.00573604
v -0.01537434 -0.05581128 -0.00540648
v -0.01645072 -0.05618920 -0.00469531
v -0.05172264 -0.04004633 -0.00425176
v -0.05061732 -0.04004633 -0.00511656
v -0.05070412 -0.04057771 -0.00458876
v -0.04931523 -0.04173666 -0.00461601
v -0.04869603 -0.04284751 -0.00406591
v -0.04748653 -0.04357357 -0.00428149
v -0.04645644 -0.04392401 -0.00469531
v -0.04516015 -0.04408434 -0.00545851
v -0.04298423 -0.04463404 -0.00639270
v -0.04392752 -0.04524329 -0.00517851
v -0.04286270 -0.04553417 -0.00559728
v -0.04241131 -0.04618694 -0.00523798
v -0.04169951 -0.04659235 -0.00529001
v -0.04053053 -0.04679391 -0.00581534
v -0.03942521 -0.04709853 -0.00617960
v -0.03904905 -0.04786811 -0.00559232
v -0.03832567 -0.04914617 -0.00462840
v -0.03805947 -0.04718785 -0.00689572
v -0.03715091 -0.04750852 -0.00708157
v -0.03738239 -0.04849568 -0.00589463
v -0.03702359 -0.04957905 -0.00489850
v -0.03587198 -0.05023640 -0.00478947
v -0.03336619 -0.05131519 -0.00484894
v -0.03282800 -0.05182825 -0.00450203
v -0.03429212 -0.05105866 -0.00467796
v -0.03464513 -0.04964776 -0.00612012
v -0.03402592 -0.04997301 -0.00607800
v -0.03165902 -0.05194276 -0.00493071
v -0.03112662 -0.05244666 -0.00457141
v -0.02994028 -0.05253598 -0.00500505
v -0.02910116 -0.05322998 -0.00449707
v -0.02805949 -0.05403850 -0.00390484
v -0.02720880 -0.05387817 -0.00446486
v -0.02665903 -0.05343841 -0.00524293
v -0.02580255 -0.05400873 -0.00484894
v -0.02456413 -0.05401330 -0.00529745
v -0.02274701 -0.05442787 -0.00537179
v -0.02121923 -0.05454926 -0.00568648
v -0.02012548 -0.05524784 -0.00507443
v -0.01851090 -0.05505545 -0.00573852
v -0.00611510 -0.05417364 -0.00852125
v -0.00779912 -0.05407056 -0.00853116
v -0.00842412 -0.05371784 -0.00887808
v -0.00934426 -0.05407056 -0.00840727
v -0.01029333 -0.05351857 -0.00894250
v -0.01219147 -0.05331931 -0.00895241
v -0.00437899 -0.05418509 -0.00858320
v -0.00251557 -0.05437290 -0.00840727
v -0.00169381 -0.05400414 -0.00883347
v -0.01373661 -0.05333534 -0.00873435
v -0.01538591 -0.05327121 -0.00855594
v -0.01647966 -0.05353003 -0.00805788
v -0.01909539 -0.05287955 -0.00827593
v -0.02068104 -0.05285893 -0.00790177
v -0.01796114 -0.05353232 -0.00775805
v -0.02176321 -0.05323227 -0.00716086
v -0.02269492 -0.05250621 -0.00775309
v -0.02427478 -0.05159462 -0.00832302
v -0.02427478 -0.05087543 -0.00912835
v -0.03645068 -0.04798721 -0.00696015
v -0.03573887 -0.04889422 -0.00637288
v -0.03962197 -0.04631750 -0.00686103
v -0.04042058 -0.04597393 -0.00671483
v -0.04116710 -0.04541278 -0.00680404
v -0.03225509 -0.05044712 -0.00641996
v -0.03327939 -0.05040360 -0.00596154
v -0.04161849 -0.04475314 -0.00716086
v -0.04248076 -0.04336744 -0.00789433
v -0.04331988 -0.04252914 -0.00809257
v -0.04533376 -0.04221078 -0.00703696
v -0.04590668 -0.04104037 -0.00764654
v -0.04473770 -0.04084340 -0.00859311
v -0.04523538 -0.04004633 -0.00890781
v -0.02922269 -0.05123274 -0.00690068
v -0.03128287 -0.05128542 -0.00590207
v -0.02555371 -0.05131290 -0.00822142
v -0.02711621 -0.05200919 -0.00683129
v -0.02525857 -0.05197025 -0.00755981
v -0.02622501 -0.05178244 -0.00743591
v -0.02866713 -0.05171830 -0.00655872
v -0.01157805 -0.05539214 -0.00655872
v -0.01368453 -0.05578609 -0.00573604
v -0.01372503 -0.05498444 -0.00675696
v -0.01109194 -0.05476456 -0.00739874
v -0.00934426 -0.05489511 -0.00742600
v -0.00568107 -0.05522952 -0.00729963
v -0.00448316 -0.05590290 -0.00650173
v -0.00759657 -0.05506002 -0.00737644
v -0.00205261 -0.05552498 -0.00702705
v -0.00169381 -0.05569447 -0.00681395
v -0.00375978 -0.05540130 -0.00715095
v -0.01475512 -0.05531197 -0.00616968
v -0.01510813 -0.05559598 -0.00573852
v -0.01603406 -0.05545856 -0.00573852
v -0.01661276 -0.05514706 -0.00602596
v -0.01830836 -0.05508980 -0.00573852
v -0.04948885 -0.04004633 -0.00594667
v -0.04863236 -0.04077239 -0.00596154
v -0.04923421 -0.04115947 -0.00518594
v -0.04778746 -0.04230468 -0.00523550
v -0.04789741 -0.04284751 -0.00465814
v -0.04686732 -0.04319107 -0.00508930
v -0.04583145 -0.04353235 -0.00550559
v -0.04494024 -0.04293913 -0.00665784
v -0.04386386 -0.04323689 -0.00711130
v -0.04346455 -0.04403624 -0.00663554
v -0.04224928 -0.04515396 -0.00637288
v -0.04179210 -0.04580674 -0.00602101
v -0.03636387 -0.04916678 -0.00573109
v -0.03274120 -0.05092124 -0.00563197
v -0.03219722 -0.05143200 -0.00529249
v -0.03048426 -0.05203896 -0.00536683
v -0.02985347 -0.05163814 -0.00613251
v -0.02930370 -0.05213287 -0.00577569
v -0.02835463 -0.05295284 -0.00516364
v -0.02760232 -0.05243063 -0.00612508
v -0.02595880 -0.05297804 -0.00608543
v -0.02515441 -0.05358271 -0.00563197
v -0.02426899 -0.05332160 -0.00627128
v -0.02341251 -0.05396750 -0.00573604
v -0.02245187 -0.05421257 -0.00573852
v -0.02127710 -0.05449429 -0.00573852
v -0.02058845 -0.05376823 -0.00683873
v -0.02112085 -0.05453094 -0.00573604
v -0.01991715 -0.05477601 -0.00573852
v -0.01869609 -0.05501880 -0.00573852
v -0.01969724 -0.05425380 -0.00646704
v -0.01775859 -0.05451949 -0.00659589
v -0.00700630 -0.05448513 -0.00810743
v -0.00529334 -0.05457904 -0.00809257
v -0.00841833 -0.05457904 -0.00788690
v -0.01070421 -0.05413928 -0.00819168
v -0.01155490 -0.05367661 -0.00862285
v -0.01235351 -0.05410950 -0.00802566
v -0.00314635 -0.05491115 -0.00776300
v -0.00169381 -0.05485160 -0.00784725
v -0.01433267 -0.05382549 -0.00807274
v -0.01495188 -0.05439352 -0.00729219
v -0.01719725 -0.05393772 -0.00742600
v -0.01926900 -0.05364226 -0.00733184
v -0.02199469 -0.05388046 -0.00629606
v -0.02325626 -0.05312920 -0.00683873
v -0.02402015 -0.05250621 -0.00733679
v -0.02426899 -0.05249705 -0.00726741
v -0.04601663 -0.04167253 -0.00702953
v -0.04624232 -0.04279483 -0.00589215
v -0.04713931 -0.04193593 -0.00602348
v -0.04704093 -0.04131293 -0.00662315
v -0.04802473 -0.04035554 -0.00673713
v -0.04641015 -0.04004633 -0.00811239
v -0.02538010 -0.05244437 -0.00695271
v -0.01298429 -0.05463859 -0.00730458
v -0.00467992 -0.05492031 -0.00770353
v -0.00169381 -0.05516310 -0.00747060
v -0.01598776 -0.05464088 -0.00679413
v -0.04815204 -0.04004633 -0.00690068
v -0.02426899 -0.05317272 -0.00645217
v -0.04785690 -0.04004633 -0.00710635
f 1 2 3
f 1 3 4
f 1 4 5
f 1 5 6
f 1 6 2
f 2 6 13
f 2 13 7
f 2 7 34
f 2 34 62
f 2 62 95
f 2 95 133
f 2 133 218
f 2 218 306
f 2 306 397
f 2 397 492
f 2 492 583
f 2 583 683
f 2 683 682
f 2 682 794
f 2 794 897
f 2 897 896
f 2 896 895
f 2 895 999
f 2 999 998
f 2 998 997
f 2 997 1114
f 2 1114 1113
f 2 1113 1112
f 2 1112 1221
f 2 1221 1331
f 2 1331 1425
f 2 1425 1489
f 2 1489 1471
f 2 1471 1384
f 2 1384 1282
f 2 1282 1176
f 2 1176 1175
f 2 1175 1067
f 2 1067 958
f 2 958 957
f 2 957 858
f 2 858 751
f 2 751 747
f 2 747 639
f 2 639 542
f 2 542 444
f 2 444 354
f 2 354 268
f 2 268 264
f 2 264 184
f 2 184 101
f 2 101 66
f 2 66 36
f 2 36 8
f 2 8 3
f 3 8 9
f 3 9 4
f 4 9 10
f 4 10 5
f 5 10 11
f 5 11 12
f 5 12 6
f 6 12 14
f 6 14 15
f 6 15 16
f 6 16 17
f 6 17 18
f 6 18 19
f 6 19 20
f 6 20 21
f 6 21 22
f 6 22 23
f 6 23 24
f 6 24 25
f 6 25 26
f 6 26 27
f 6 27 28
f 6 28 29
f 6 29 30
f 6 30 31
f 6 31 32
f 6 32 33
f 6 33 61
f 6 61 93
f 6 93 130
f 6 130 214
f 6 214 296
f 6 296 383
f 6 383 473
f 6 473 569
f 6 569 572
f 6 572 571
f 6 571 669
f 6 669 668
f 6 668 780
f 6 780 779
f 6 779 883
f 6 883 983
f 6 983 1097
f 6 1097 1096
f 6 1096 1095
f 6 1095 1094
f 6 1094 1204
f 6 1204 1203
f 6 1203 1311
f 6 1311 1408
f 6 1408 1485
f 6 1485 1493
f 6 1493 1491
f 6 1491 1432
f 6 1432 1337
f 6 1337 1336
f 6 1336 1228
f 6 1228 1227
f 6 1227 1122
f 6 1122 1120
f 6 1120 1006
f 6 1006 905
f 6 905 804
f 6 804 693
f 6 693 692
f 6 692 591
f 6 591 496
f 6 496 493
f 6 493 399
f 6 399 398
f 6 398 308
f 6 308 307
f 6 307 219
f 6 219 180
f 6 180 97
f 6 97 65
f 6 65 35
f 6 35 13
f 7 13 35
f 7 35 34
f 8 36 37
f 8 37 9
f 9 37 10
f 10 38 39
f 10 39 11
f 10 37 38
f 11 39 40
f 11 40 41
f 11 41 42
f 11 42 12
f 12 42 43
f 12 43 14
f 14 43 44
f 14 44 15
f 15 44 16
f 16 44 45
f 16 45 17
f 17 46 18
f 17 45 46
f 18 46 47
f 18 47 19
f 19 47 20
f 20 48 21
f 20 47 48
f 21 49 22
f 21 48 49
f 22 49 23
f 23 50 24
f 23 49 50
f 24 50 51
f 24 51 25
f 25 52 26
f 25 51 52
f 26 52 27
f 27 53 54
f 27 54 28
f 27 52 53
f 28 55 29
f 28 54 55
f 29 55 30
f 30 55 31
f 31 55 32
f 32 55 56
f 32 56 57
f 32 57 58
f 32 58 59
f 32 59 33
f 33 60 61
f 33 59 58
f 33 58 60
f 34 35 63
f 34 63 64
f 34 64 96
f 34 96 179
f 34 179 262
f 34 262 351
f 34 351 443
f 34 443 541
f 34 541 540
f 34 540 636
f 34 636 744
f 34 744 850
f 34 850 852
f 34 852 851
f 34 851 797
f 34 797 796
f 34 796 686
f 34 686 685
f 34 685 684
f 34 684 585
f 34 585 584
f 34 584 486
f 34 486 393
f 34 393 390
f 34 390 302
f 34 302 215
f 34 215 131
f 34 131 94
f 34 94 62
f 35 65 63
f 36 66 67
f 36 67 68
f 36 68 37
f 37 68 38
f 38 68 69
f 38 69 70
f 38 70 39
f 39 70 40
f 40 70 71
f 40 71 72
f 40 72 41
f 41 72 73
f 41 73 74
f 41 74 42
f 42 74 43
f 43 74 44
f 44 74 75
f 44 75 76
f 44 76 77
f 44 77 45
f 45 77 46
f 46 78 47
f 46 77 78
f 47 78 79
f 47 79 49
f 47 49 48
f 49 80 81
f 49 81 50
f 49 79 80
f 50 81 51
f 51 81 82
f 51 82 52
f 52 82 83
f 52 83 53
f 53 83 84
f 53 84 54
f 54 84 55
f 55 84 85
f 55 85 56
f 56 86 87
f 56 87 57
f 56 85 86
f 57 87 88
f 57 88 58
f 58 88 60
f 60 89 90
f 60 90 61
f 60 88 91
f 60 91 92
f 60 92 89
f 61 90 93
f 62 94 95
f 63 65 64
f 64 65 97
f 64 97 96
f 66 98 99
f 66 99 100
f 66 100 67
f 66 101 98
f 67 100 68
f 68 102 69
f 68 100 102
f 69 102 103
f 69 103 70
f 70 104 71
f 70 103 104
f 71 104 105
f 71 105 106
f 71 106 72
f 72 106 107
f 72 107 73
f 73 107 108
f 73 108 75
f 73 75 74
f 75 108 109
f 75 109 76
f 76 109 110
f 76 110 78
f 76 78 77
f 78 110 79
f 79 111 80
f 79 110 111
f 80 111 112
f 80 112 113
f 80 113 81
f 81 113 114
f 81 114 82
f 82 114 115
f 82 115 83
f 83 116 84
f 83 115 116
f 84 116 117
f 84 117 85
f 85 117 118
f 85 118 119
f 85 119 86
f 86 120 121
f 86 121 87
f 86 119 120
f 87 121 122
f 87 122 88
f 88 122 91
f 89 92 123
f 89 123 124
f 89 124 90
f 90 124 125
f 90 125 93
f 91 122 92
f 92 126 123
f 92 122 127
f 92 127 128
f 92 128 129
f 92 129 126
f 93 125 130
f 94 131 132
f 94 132 95
f 95 132 133
f 96 97 134
f 96 134 135
f 96 135 136
f 96 136 137
f 96 137 138
f 96 138 139
f 96 139 140
f 96 140 141
f 96 141 142
f 96 142 143
f 96 143 144
f 96 144 145
f 96 145 146
f 96 146 147
f 96 147 148
f 96 148 149
f 96 149 150
f 96 150 151
f 96 151 152
f 96 152 153
f 96 153 154
f 96 154 155
f 96 155 156
f 96 156 157
f 96 157 158
f 96 158 159
f 96 159 160
f 96 160 161
f 96 161 162
f 96 162 163
f 96 163 164
f 96 164 165
f 96 165 166
f 96 166 167
f 96 167 168
f 96 168 169
f 96 169 170
f 96 170 171
f 96 171 172
f 96 172 173
f 96 173 174
f 96 174 175
f 96 175 176
f 96 176 177
f 96 177 178
f 96 178 179
f 97 180 134
f 98 181 99
f 98 101 181
f 99 181 182
f 99 182 183
f 99 183 100
f 100 183 102
f 101 184 185
f 101 185 181
f 102 183 186
f 102 186 103
f 103 186 104
f 104 186 187
f 104 187 105
f 105 187 188
f 105 188 189
f 105 189 190
f 105 190 191
f 105 191 106
f 106 191 192
f 106 192 107
f 107 192 193
f 107 193 108
f 108 193 194
f 108 194 109
f 109 194 195
f 109 195 110
f 110 195 111
f 111 195 196
f 111 196 112
f 112 197 198
f 112 198 113
f 112 196 197
f 113 198 199
f 113 199 114
f 114 199 115
f 115 199 200
f 115 200 116
f 116 200 117
f 117 200 201
f 117 201 202
f 117 202 203
f 117 203 118
f 118 203 204
f 118 204 119
f 119 204 205
f 119 205 120
f 120 205 206
f 120 206 128
f 120 128 127
f 120 127 121
f 121 127 122
f 123 126 207
f 123 207 124
f 124 208 209
f 124 209 125
f 124 207 208
f 125 209 210
f 125 210 130
f 126 129 211
f 126 211 212
f 126 212 213
f 126 213 207
f 128 206 129
f 129 206 211
f 130 210 214
f 131 215 132
f 132 215 216
f 132 216 217
f 132 217 133
f 133 217 218
f 134 180 219
f 134 219 220
f 134 220 221
f 134 221 135
f 135 221 136
f 136 221 222
f 136 222 137
f 137 222 223
f 137 223 224
f 137 224 138
f 138 224 139
f 139 224 140
f 140 224 225
f 140 225 226
f 140 226 141
f 141 226 142
f 142 226 227
f 142 227 228
f 142 228 143
f 143 228 144
f 144 228 229
f 144 229 230
f 144 230 145
f 145 230 231
f 145 231 146
f 146 231 232
f 146 232 233
f 146 233 234
f 146 234 147
f 147 234 148
f 148 234 149
f 149 234 235
f 149 235 150
f 150 235 236
f 150 236 151
f 151 236 237
f 151 237 152
f 152 237 153
f 153 237 238
f 153 238 239
f 153 239 154
f 154 239 155
f 155 239 156
f 156 239 240
f 156 240 241
f 156 241 157
f 157 241 242
f 157 242 158
f 158 242 159
f 159 242 243
f 159 243 160
f 160 243 244
f 160 244 245
f 160 245 161
f 161 245 162
f 162 245 246
f 162 246 247
f 162 247 163
f 163 247 164
f 164 247 248
f 164 248 165
f 165 248 249
f 165 249 166
f 166 249 167
f 167 249 250
f 167 250 168
f 168 250 251
f 168 251 252
f 168 252 169
f 169 252 170
f 170 252 253
f 170 253 171
f 171 253 254
f 171 254 255
f 171 255 172
f 172 255 173
f 173 255 256
f 173 256 174
f 174 256 175
f 175 256 257
f 175 257 176
f 176 257 177
f 177 257 178
f 178 257 258
f 178 258 259
f 178 259 260
f 178 260 179
f 179 261 262
f 179 260 261
f 181 185 263
f 181 263 182
f 182 263 186
f 182 186 183
f 184 264 185
f 185 265 266
f 185 266 267
f 185 267 263
f 185 264 268
f 185 268 265
f 186 263 187
f 187 263 269
f 187 269 270
f 187 270 188
f 188 271 189
f 188 270 271
f 189 271 272
f 189 272 273
f 189 273 190
f 190 273 274
f 190 274 191
f 191 274 192
f 192 274 275
f 192 275 193
f 193 275 276
f 193 276 194
f 194 276 277
f 194 277 195
f 195 277 196
f 196 277 278
f 196 278 197
f 197 279 280
f 197 280 198
f 197 278 279
f 198 280 281
f 198 281 199
f 199 281 200
f 200 281 201
f 201 281 282
f 201 282 202
f 202 282 283
f 202 283 284
f 202 284 285
f 202 285 286
f 202 286 203
f 203 286 204
f 204 287 288
f 204 288 205
f 204 286 289
f 204 289 287
f 205 288 206
f 206 288 290
f 206 290 291
f 206 291 211
f 207 213 208
f 208 292 293
f 208 293 209
f 208 213 292
f 209 293 294
f 209 294 295
f 209 295 210
f 210 295 296
f 210 296 214
f 211 297 298
f 211 298 212
f 211 291 299
f 211 299 297
f 212 300 301
f 212 301 213
f 212 298 300
f 213 301 292
f 215 302 216
f 216 302 303
f 216 303 304
f 216 304 217
f 217 305 218
f 217 304 305
f 218 305 306
f 219 307 220
f 220 307 308
f 220 308 309
f 220 309 310
f 220 310 221
f 221 310 222
f 222 310 223
f 223 310 311
f 223 311 312
f 223 312 313
f 223 313 225
f 223 225 224
f 225 314 315
f 225 315 227
f 225 227 226
f 225 313 314
f 227 316 317
f 227 317 229
f 227 229 228
f 227 315 316
f 229 317 230
f 230 318 232
f 230 232 231
f 230 317 318
f 232 318 319
f 232 319 320
f 232 320 321
f 232 321 233
f 233 321 322
f 233 322 234
f 234 322 235
f 235 323 236
f 235 322 323
f 236 323 324
f 236 324 325
f 236 325 237
f 237 325 326
f 237 326 238
f 238 326 327
f 238 327 239
f 239 327 328
f 239 328 329
f 239 329 330
f 239 330 331
f 239 331 240
f 240 331 241
f 241 331 242
f 242 331 332
f 242 332 243
f 243 333 334
f 243 334 244
f 243 332 333
f 244 334 245
f 245 335 246
f 245 334 335
f 246 335 336
f 246 336 337
f 246 337 247
f 247 337 248
f 248 338 339
f 248 339 340
f 248 340 249
f 248 337 338
f 249 340 250
f 250 341 342
f 250 342 251
f 250 340 341
f 251 342 252
f 252 342 253
f 253 342 343
f 253 343 344
f 253 344 254
f 254 345 346
f 254 346 255
f 254 344 345
f 255 346 256
f 256 346 347
f 256 347 257
f 257 347 348
f 257 348 258
f 258 348 349
f 258 349 259
f 259 349 350
f 259 350 261
f 259 261 260
f 261 350 262
f 262 350 351
f 263 267 269
f 265 352 353
f 265 353 266
f 265 268 354
f 265 354 352
f 266 353 267
f 267 353 269
f 269 353 355
f 269 355 270
f 270 355 356
f 270 356 271
f 271 356 272
f 272 357 358
f 272 358 273
f 272 356 359
f 272 359 357
f 273 358 274
f 274 358 360
f 274 360 361
f 274 361 275
f 275 361 362
f 275 362 276
f 276 362 363
f 276 363 277
f 277 363 278
f 278 363 364
f 278 364 279
f 279 364 365
f 279 365 366
f 279 366 280
f 280 366 282
f 280 282 281
f 282 366 283
f 283 366 367
f 283 367 284
f 284 368 369
f 284 369 370
f 284 370 285
f 284 367 371
f 284 371 368
f 285 370 286
f 286 370 289
f 287 372 373
f 287 373 374
f 287 374 288
f 287 289 372
f 288 374 291
f 288 291 290
f 289 370 375
f 289 375 372
f 291 376 299
f 291 374 376
f 292 377 293
f 292 301 378
f 292 378 377
f 293 377 379
f 293 379 380
f 293 380 294
f 294 380 381
f 294 381 382
f 294 382 295
f 295 382 383
f 295 383 296
f 297 384 300
f 297 300 298
f 297 299 376
f 297 376 374
f 297 374 385
f 297 385 386
f 297 386 384
f 300 384 387
f 300 387 388
f 300 388 389
f 300 389 301
f 301 389 378
f 302 390 303
f 303 391 392
f 303 392 304
f 303 390 393
f 303 393 394
f 303 394 395
f 303 395 396
f 303 396 391
f 304 392 305
f 305 397 306
f 305 392 397
f 308 398 309
f 309 398 399
f 309 399 311
f 309 311 310
f 311 400 312
f 311 399 400
f 312 401 402
f 312 402 313
f 312 400 401
f 313 402 314
f 314 402 403
f 314 403 315
f 315 403 316
f 316 403 404
f 316 404 317
f 317 405 318
f 317 404 405
f 318 405 406
f 318 406 319
f 319 406 407
f 319 407 408
f 319 408 320
f 320 408 321
f 321 408 409
f 321 409 322
f 322 409 323
f 323 409 410
f 323 410 411
f 323 411 324
f 324 411 412
f 324 412 325
f 325 412 326
f 326 413 414
f 326 414 328
f 326 328 327
f 326 412 413
f 328 414 415
f 328 415 416
f 328 416 329
f 329 416 330
f 330 416 331
f 331 416 417
f 331 417 418
f 331 418 332
f 332 418 333
f 333 419 420
f 333 420 334
f 333 418 419
f 334 420 335
f 335 420 421
f 335 421 422
f 335 422 423
f 335 423 336
f 336 423 424
f 336 424 425
f 336 425 337
f 337 425 338
f 338 426 427
f 338 427 339
f 338 425 426
f 339 427 340
f 340 427 341
f 341 428 429
f 341 429 430
f 341 430 342
f 341 427 428
f 342 430 343
f 343 430 431
f 343 431 432
f 343 432 344
f 344 432 345
f 345 432 433
f 345 433 434
f 345 434 346
f 346 434 347
f 347 435 348
f 347 434 435
f 348 436 437
f 348 437 349
f 348 435 436
f 349 438 439
f 349 439 440
f 349 440 350
f 349 437 438
f 350 440 441
f 350 441 442
f 350 442 351
f 351 442 443
f 352 354 444
f 352 444 445
f 352 445 446
f 352 446 353
f 353 446 355
f 355 446 356
f 356 446 447
f 356 447 359
f 357 359 448
f 357 448 449
f 357 449 358
f 358 449 450
f 358 450 451
f 358 451 360
f 359 447 452
f 359 452 453
f 359 453 448
f 360 451 454
f 360 454 361
f 361 454 362
f 362 454 455
f 362 455 456
f 362 456 363
f 363 456 364
f 364 456 457
f 364 457 365
f 365 458 459
f 365 459 366
f 365 457 458
f 366 459 367
f 367 459 371
f 368 371 460
f 368 460 461
f 368 461 462
f 368 462 463
f 368 463 369
f 369 463 370
f 370 463 375
f 371 459 460
f 372 464 465
f 372 465 466
f 372 466 373
f 372 375 464
f 373 466 467
f 373 467 385
f 373 385 374
f 375 463 464
f 377 468 469
f 377 469 379
f 377 378 468
f 378 389 470
f 378 470 468
f 379 469 380
f 380 469 471
f 380 471 472
f 380 472 381
f 381 473 382
f 381 472 474
f 381 474 475
f 381 475 473
f 382 473 383
f 384 386 476
f 384 476 477
f 384 477 387
f 385 467 386
f 386 467 478
f 386 478 476
f 387 479 480
f 387 480 388
f 387 477 479
f 388 480 481
f 388 481 389
f 389 481 470
f 391 396 482
f 391 482 483
f 391 483 484
f 391 484 485
f 391 485 392
f 392 485 397
f 393 486 394
f 394 486 487
f 394 487 488
f 394 488 489
f 394 489 490
f 394 490 395
f 395 491 396
f 395 490 491
f 396 491 482
f 397 485 492
f 399 493 400
f 400 493 401
f 401 494 495
f 401 495 402
f 401 493 496
f 401 496 494
f 402 495 403
f 403 497 404
f 403 495 498
f 403 498 497
f 404 497 499
f 404 499 405
f 405 500 406
f 405 499 500
f 406 501 407
f 406 500 501
f 407 501 502
f 407 502 503
f 407 503 408
f 408 503 504
f 408 504 409
f 409 504 410
f 410 505 411
f 410 504 505
f 411 506 507
f 411 507 508
f 411 508 412
f 411 505 506
f 412 508 509
f 412 509 413
f 413 510 511
f 413 511 414
f 413 509 510
f 414 511 415
f 415 512 513
f 415 513 416
f 415 511 512
f 416 513 514
f 416 514 417
f 417 514 515
f 417 515 418
f 418 515 419
f 419 515 516
f 419 516 517
f 419 517 420
f 420 517 421
f 421 518 422
f 421 517 518
f 422 518 519
f 422 519 425
f 422 425 424
f 422 424 423
f 425 519 520
f 425 520 426
f 426 521 522
f 426 522 523
f 426 523 427
f 426 520 521
f 427 523 428
f 428 523 524
f 428 524 525
f 428 525 429
f 429 525 526
f 429 526 430
f 430 526 431
f 431 526 527
f 431 527 528
f 431 528 432
f 432 528 433
f 433 529 530
f 433 530 434
f 433 528 529
f 434 530 435
f 435 531 532
f 435 532 436
f 435 530 531
f 436 532 533
f 436 533 534
f 436 534 437
f 437 534 438
f 438 535 439
f 438 534 535
f 439 536 537
f 439 537 440
f 439 535 536
f 440 537 538
f 440 538 441
f 441 538 539
f 441 539 442
f 442 539 540
f 442 540 541
f 442 541 443
f 444 542 445
f 445 542 543
f 445 543 447
f 445 447 446
f 447 544 452
f 447 543 545
f 447 545 544
f 448 453 546
f 448 546 449
f 449 546 547
f 449 547 450
f 450 547 548
f 450 548 549
f 450 549 550
f 450 550 451
f 451 550 454
f 452 551 453
f 452 544 551
f 453 552 546
f 453 551 552
f 454 550 553
f 454 553 554
f 454 554 455
f 455 554 457
f 455 457 456
f 457 554 555
f 457 555 458
f 458 556 460
f 458 460 459
f 458 555 556
f 460 556 461
f 461 557 558
f 461 558 462
f 461 556 557
f 462 558 559
f 462 559 560
f 462 560 561
f 462 561 463
f 463 561 464
f 464 560 562
f 464 562 465
f 464 561 560
f 465 562 563
f 465 563 564
f 465 564 478
f 465 478 466
f 466 478 467
f 468 470 565
f 468 565 469
f 469 565 566
f 469 566 471
f 470 567 565
f 470 481 567
f 471 566 472
f 472 566 568
f 472 568 474
f 473 475 569
f 474 570 571
f 474 571 475
f 474 568 570
f 475 571 572
f 475 572 569
f 476 573 477
f 476 478 574
f 476 574 573
f 477 575 479
f 477 573 575
f 478 564 574
f 479 575 576
f 479 576 577
f 479 577 480
f 480 577 481
f 481 577 567
f 482 491 578
f 482 578 483
f 483 579 580
f 483 580 484
f 483 578 581
f 483 581 579
f 484 580 582
f 484 582 485
f 485 582 583
f 485 583 492
f 486 584 487
f 487 584 585
f 487 585 488
f 488 585 586
f 488 586 587
f 488 587 489
f 489 587 588
f 489 588 589
f 489 589 490
f 490 589 590
f 490 590 491
f 491 590 578
f 494 496 591
f 494 591 592
f 494 592 593
f 494 593 495
f 495 593 498
f 497 594 499
f 497 498 594
f 498 593 595
f 498 595 594
f 499 596 500
f 499 594 596
f 500 596 597
f 500 597 501
f 501 597 598
f 501 598 502
f 502 598 599
f 502 599 600
f 502 600 503
f 503 600 601
f 503 601 504
f 504 601 505
f 505 601 602
f 505 602 506
f 506 603 604
f 506 604 507
f 506 602 603
f 507 604 605
f 507 605 508
f 508 605 606
f 508 606 509
f 509 606 510
f 510 607 512
f 510 512 511
f 510 606 607
f 512 608 609
f 512 609 610
f 512 610 513
f 512 607 608
f 513 610 611
f 513 611 514
f 514 611 612
f 514 612 515
f 515 612 516
f 516 613 614
f 516 614 517
f 516 612 613
f 517 614 615
f 517 615 519
f 517 519 518
f 519 616 520
f 519 615 616
f 520 616 617
f 520 617 521
f 521 617 618
f 521 618 522
f 522 618 619
f 522 619 523
f 523 619 524
f 524 619 620
f 524 620 525
f 525 620 621
f 525 621 526
f 526 621 527
f 527 622 623
f 527 623 528
f 527 621 622
f 528 623 529
f 529 624 625
f 529 625 530
f 529 623 624
f 530 625 531
f 531 626 533
f 531 533 532
f 531 625 626
f 533 627 628
f 533 628 534
f 533 626 627
f 534 628 629
f 534 629 535
f 535 629 536
f 536 630 631
f 536 631 537
f 536 629 628
f 536 628 630
f 537 631 632
f 537 632 538
f 538 632 633
f 538 633 634
f 538 634 635
f 538 635 539
f 539 636 540
f 539 635 637
f 539 637 638
f 539 638 636
f 542 639 640
f 542 640 543
f 543 640 545
f 544 641 551
f 544 545 642
f 544 642 643
f 544 643 641
f 545 640 642
f 546 644 645
f 546 645 547
f 546 552 646
f 546 646 644
f 547 645 548
f 548 645 647
f 548 647 648
f 548 648 549
f 549 648 649
f 549 649 550
f 550 649 553
f 551 641 650
f 551 650 552
f 552 650 646
f 553 649 555
f 553 555 554
f 555 649 651
f 555 651 652
f 555 652 556
f 556 652 557
f 557 653 558
f 557 652 654
f 557 654 653
f 558 655 656
f 558 656 559
f 558 653 655
f 559 656 657
f 559 657 658
f 559 658 560
f 560 658 562
f 562 658 563
f 563 658 659
f 563 659 660
f 563 660 564
f 564 660 661
f 564 661 574
f 565 662 566
f 565 567 662
f 566 662 663
f 566 663 568
f 567 577 664
f 567 664 662
f 568 663 665
f 568 665 570
f 570 666 667
f 570 667 668
f 570 668 669
f 570 669 571
f 570 665 666
f 573 574 661
f 573 661 670
f 573 670 575
f 575 671 576
f 575 670 671
f 576 672 673
f 576 673 674
f 576 674 577
f 576 671 672
f 577 674 664
f 578 590 675
f 578 675 676
f 578 676 581
f 579 677 678
f 579 678 580
f 579 581 679
f 579 679 677
f 580 678 680
f 580 680 582
f 581 676 681
f 581 681 679
f 582 680 682
f 582 682 683
f 582 683 583
f 585 684 586
f 586 684 685
f 586 685 686
f 586 686 687
f 586 687 688
f 586 688 587
f 587 688 689
f 587 689 588
f 588 689 690
f 588 690 589
f 589 675 590
f 589 690 691
f 589 691 675
f 591 692 592
f 592 692 693
f 592 693 694
f 592 694 695
f 592 695 593
f 593 695 595
f 594 595 696
f 594 696 596
f 595 697 696
f 595 695 697
f 596 698 597
f 596 696 698
f 597 699 598
f 597 698 699
f 598 700 599
f 598 699 700
f 599 701 702
f 599 702 600
f 599 700 701
f 600 702 703
f 600 703 601
f 601 703 602
f 602 703 603
f 603 703 704
f 603 704 705
f 603 705 706
f 603 706 707
f 603 707 604
f 604 707 708
f 604 708 605
f 605 708 709
f 605 709 606
f 606 709 607
f 607 709 608
f 608 709 710
f 608 710 711
f 608 711 712
f 608 712 609
f 609 712 713
f 609 713 610
f 610 713 714
f 610 714 611
f 611 714 715
f 611 715 612
f 612 715 613
f 613 716 717
f 613 717 718
f 613 718 614
f 613 715 716
f 614 718 615
f 615 718 616
f 616 718 719
f 616 719 617
f 617 720 618
f 617 719 721
f 617 721 720
f 618 722 723
f 618 723 724
f 618 724 619
f 618 720 722
f 619 724 620
f 620 724 725
f 620 725 726
f 620 726 727
f 620 727 621
f 621 727 622
f 622 727 728
f 622 728 623
f 623 728 624
f 624 728 729
f 624 729 730
f 624 730 731
f 624 731 625
f 625 731 626
f 626 731 732
f 626 732 627
f 627 732 733
f 627 733 734
f 627 734 735
f 627 735 628
f 628 735 736
f 628 736 630
f 630 736 737
f 630 737 738
f 630 738 631
f 631 738 739
f 631 739 632
f 632 739 740
f 632 740 633
f 633 740 741
f 633 741 634
f 634 741 742
f 634 742 743
f 634 743 635
f 635 743 637
f 636 638 744
f 637 744 638
f 637 743 745
f 637 745 746
f 637 746 744
f 639 747 640
f 640 643 642
f 640 747 643
f 641 748 749
f 641 749 650
f 641 643 750
f 641 750 748
f 643 747 751
f 643 751 752
f 643 752 750
f 644 646 753
f 644 753 754
f 644 754 755
f 644 755 645
f 645 755 647
f 646 650 756
f 646 756 753
f 647 757 758
f 647 758 759
f 647 759 648
f 647 755 757
f 648 759 651
f 648 651 649
f 650 749 756
f 651 759 760
f 651 760 654
f 651 654 652
f 653 654 761
f 653 761 655
f 654 760 761
f 655 762 763
f 655 763 656
f 655 761 764
f 655 764 762
f 656 763 765
f 656 765 657
f 657 765 658
f 658 765 766
f 658 766 659
f 659 766 767
f 659 767 768
f 659 768 769
f 659 769 770
f 659 770 661
f 659 661 660
f 661 770 670
f 662 771 772
f 662 772 663
f 662 664 771
f 663 772 773
f 663 773 665
f 664 674 774
f 664 774 771
f 665 775 666
f 665 773 775
f 666 775 776
f 666 776 777
f 666 777 667
f 667 777 778
f 667 778 779
f 667 779 780
f 667 780 668
f 670 770 781
f 670 781 671
f 671 781 672
f 672 782 783
f 672 783 673
f 672 781 784
f 672 784 782
f 673 783 785
f 673 785 674
f 674 785 774
f 675 691 786
f 675 786 787
f 675 787 676
f 676 787 681
f 677 679 788
f 677 788 789
f 677 789 790
f 677 790 678
f 678 790 791
f 678 791 680
f 679 681 792
f 679 792 793
f 679 793 788
f 680 791 794
f 680 794 682
f 681 787 795
f 681 795 792
f 686 796 687
f 687 796 797
f 687 797 798
f 687 798 745
f 687 745 799
f 687 799 800
f 687 800 688
f 688 800 689
f 689 801 690
f 689 800 802
f 689 802 801
f 690 801 803
f 690 803 691
f 691 803 786
f 693 804 805
f 693 805 694
f 694 805 806
f 694 806 695
f 695 806 697
f 696 697 807
f 696 807 698
f 697 808 807
f 697 806 808
f 698 807 809
f 698 809 699
f 699 809 700
f 700 809 810
f 700 810 811
f 700 811 812
f 700 812 701
f 701 812 813
f 701 813 814
f 701 814 704
f 701 704 702
f 702 704 703
f 704 814 815
f 704 815 705
f 705 815 816
f 705 816 817
f 705 817 706
f 706 817 818
f 706 818 707
f 707 818 708
f 708 818 710
f 708 710 709
f 710 819 711
f 710 818 819
f 711 820 821
f 711 821 712
f 711 819 820
f 712 821 822
f 712 822 823
f 712 823 713
f 713 823 824
f 713 824 825
f 713 825 714
f 714 825 826
f 714 826 715
f 715 826 716
f 716 826 827
f 716 827 828
f 716 828 717
f 717 828 829
f 717 829 719
f 717 719 718
f 719 829 721
f 720 721 830
f 720 830 831
f 720 831 722
f 721 829 830
f 722 832 725
f 722 725 723
f 722 831 832
f 723 725 724
f 725 833 834
f 725 834 726
f 725 832 833
f 726 834 835
f 726 835 727
f 727 835 728
f 728 835 836
f 728 836 729
f 729 836 837
f 729 837 838
f 729 838 730
f 730 838 839
f 730 839 731
f 731 839 732
f 732 839 733
f 733 840 841
f 733 841 842
f 733 842 843
f 733 843 734
f 733 839 844
f 733 844 840
f 734 843 735
f 735 843 845
f 735 845 736
f 736 845 737
f 737 845 846
f 737 846 847
f 737 847 738
f 738 847 739
f 739 847 848
f 739 848 740
f 740 848 741
f 741 848 849
f 741 849 742
f 742 849 800
f 742 800 799
f 742 799 743
f 743 799 745
f 744 746 850
f 745 798 746
f 746 798 851
f 746 851 852
f 746 852 850
f 748 853 854
f 748 854 749
f 748 750 855
f 748 855 856
f 748 856 853
f 749 854 756
f 750 752 857
f 750 857 855
f 751 858 752
f 752 858 857
f 753 859 754
f 753 756 854
f 753 854 859
f 754 859 860
f 754 860 755
f 755 860 861
f 755 861 757
f 757 861 862
f 757 862 863
f 757 863 758
f 758 863 864
f 758 864 760
f 758 760 759
f 760 864 761
f 761 865 764
f 761 864 865
f 762 866 867
f 762 867 763
f 762 764 865
f 762 865 868
f 762 868 866
f 763 867 869
f 763 869 765
f 765 869 870
f 765 870 766
f 766 870 767
f 767 870 871
f 767 871 872
f 767 872 768
f 768 872 769
f 769 872 873
f 769 873 770
f 770 873 781
f 771 774 874
f 771 874 772
f 772 875 773
f 772 874 875
f 773 875 876
f 773 876 877
f 773 877 775
f 774 878 874
f 774 785 878
f 775 877 776
f 776 879 880
f 776 880 881
f 776 881 777
f 776 877 879
f 777 881 778
f 778 881 882
f 778 882 883
f 778 883 779
f 781 873 784
f 782 884 885
f 782 885 783
f 782 784 886
f 782 886 884
f 783 885 887
f 783 887 785
f 784 873 888
f 784 888 886
f 785 887 878
f 786 803 889
f 786 889 787
f 787 889 890
f 787 890 795
f 788 793 891
f 788 891 892
f 788 892 789
f 789 892 893
f 789 893 894
f 789 894 790
f 790 894 895
f 790 895 896
f 790 896 791
f 791 896 897
f 791 897 794
f 792 795 898
f 792 898 793
f 793 898 899
f 793 899 891
f 795 890 900
f 795 900 901
f 795 901 898
f 797 851 798
f 800 849 802
f 801 802 902
f 801 902 803
f 802 849 903
f 802 903 902
f 803 902 904
f 803 904 889
f 804 905 805
f 805 905 906
f 805 906 806
f 806 906 808
f 807 907 908
f 807 908 809
f 807 808 907
f 808 906 909
f 808 909 907
f 809 908 810
f 810 910 811
f 810 908 911
f 810 911 910
f 811 912 813
f 811 813 812
f 811 910 912
f 813 912 913
f 813 913 914
f 813 914 814
f 814 914 815
f 815 915 816
f 815 914 915
f 816 916 917
f 816 917 817
f 816 915 916
f 817 917 918
f 817 918 818
f 818 918 819
f 819 919 820
f 819 918 919
f 820 920 921
f 820 921 821
f 820 919 920
f 821 921 922
f 821 922 822
f 822 922 923
f 822 923 823
f 823 923 824
f 824 923 924
f 824 924 825
f 825 924 826
f 826 924 827
f 827 925 926
f 827 926 829
f 827 829 828
f 827 924 925
f 829 926 830
f 830 926 831
f 831 926 927
f 831 927 928
f 831 928 832
f 832 928 929
f 832 929 930
f 832 930 833
f 833 930 931
f 833 931 932
f 833 932 933
f 833 933 834
f 834 933 835
f 835 933 836
f 836 934 837
f 836 933 934
f 837 935 936
f 837 936 838
f 837 934 935
f 838 936 844
f 838 844 839
f 840 844 936
f 840 936 937
f 840 937 938
f 840 938 939
f 840 939 940
f 840 940 841
f 841 940 941
f 841 941 842
f 842 941 843
f 843 941 845
f 845 941 942
f 845 942 846
f 846 942 943
f 846 943 944
f 846 944 945
f 846 945 847
f 847 945 946
f 847 946 947
f 847 947 848
f 848 947 948
f 848 948 849
f 849 948 903
f 853 856 949
f 853 949 950
f 853 950 951
f 853 951 854
f 854 951 952
f 854 952 953
f 854 953 954
f 854 954 859
f 855 857 955
f 855 955 856
f 856 955 956
f 856 956 949
f 857 858 957
f 857 957 958
f 857 958 959
f 857 959 955
f 859 954 860
f 860 960 861
f 860 954 960
f 861 961 862
f 861 960 961
f 862 962 963
f 862 963 863
f 862 961 962
f 863 963 964
f 863 964 864
f 864 964 865
f 865 964 868
f 866 868 965
f 866 965 966
f 866 966 967
f 866 967 968
f 866 968 867
f 867 968 869
f 868 964 969
f 868 969 965
f 869 968 970
f 869 970 971
f 869 971 870
f 870 971 972
f 870 972 871
f 871 972 973
f 871 973 872
f 872 973 888
f 872 888 873
f 874 878 974
f 874 974 875
f 875 975 976
f 875 976 876
f 875 974 975
f 876 976 877
f 877 976 977
f 877 977 879
f 878 978 974
f 878 887 978
f 879 977 979
f 879 979 880
f 880 979 980
f 880 980 881
f 881 980 981
f 881 981 882
f 882 981 982
f 882 982 983
f 882 983 883
f 884 886 984
f 884 984 985
f 884 985 986
f 884 986 885
f 885 986 887
f 886 987 984
f 886 888 973
f 886 973 988
f 886 988 987
f 887 986 989
f 887 989 978
f 889 904 990
f 889 990 890
f 890 990 900
f 891 991 892
f 891 899 992
f 891 992 993
f 891 993 994
f 891 994 991
f 892 995 893
f 892 991 995
f 893 996 997
f 893 997 998
f 893 998 894
f 893 995 996
f 894 998 999
f 894 999 895
f 898 901 1000
f 898 1000 992
f 898 992 899
f 900 990 1001
f 900 1001 1002
f 900 1002 901
f 901 1002 1003
f 901 1003 1000
f 902 903 1004
f 902 1004 904
f 903 948 1004
f 904 1004 1005
f 904 1005 990
f 905 1006 906
f 906 1006 1007
f 906 1007 909
f 907 1008 911
f 907 911 908
f 907 909 1008
f 909 1007 1009
f 909 1009 1008
f 910 911 1010
f 910 1010 1011
f 910 1011 912
f 911 1008 1010
f 912 1012 1013
f 912 1013 913
f 912 1011 1014
f 912 1014 1012
f 913 1015 914
f 913 1013 1015
f 914 1015 1016
f 914 1016 1017
f 914 1017 915
f 915 1017 1018
f 915 1018 1019
f 915 1019 1020
f 915 1020 916
f 916 1020 1021
f 916 1021 917
f 917 1022 1023
f 917 1023 1024
f 917 1024 918
f 917 1021 1022
f 918 1024 1025
f 918 1025 919
f 919 1025 920
f 920 1025 1026
f 920 1026 1027
f 920 1027 1028
f 920 1028 921
f 921 1028 1029
f 921 1029 922
f 922 1029 923
f 923 1030 924
f 923 1029 1031
f 923 1031 1032
f 923 1032 1030
f 924 1030 1033
f 924 1033 925
f 925 1033 926
f 926 1033 1034
f 926 1034 927
f 927 1034 1035
f 927 1035 928
f 928 1036 1037
f 928 1037 929
f 928 1035 1036
f 929 1037 1038
f 929 1038 931
f 929 931 930
f 931 1038 1039
f 931 1039 1040
f 931 1040 1041
f 931 1041 932
f 932 1041 933
f 933 1041 1042
f 933 1042 934
f 934 1042 1043
f 934 1043 935
f 935 1044 1045
f 935 1045 937
f 935 937 936
f 935 1043 1044
f 937 1046 938
f 937 1045 1046
f 938 1047 1048
f 938 1048 939
f 938 1046 1047
f 939 1048 1049
f 939 1049 1050
f 939 1050 940
f 940 1050 942
f 940 942 941
f 942 1051 943
f 942 1050 1051
f 943 1052 1053
f 943 1053 1054
f 943 1054 1055
f 943 1055 944
f 943 1051 1052
f 944 1055 945
f 945 1055 1056
f 945 1056 946
f 946 1056 947
f 947 1056 1057
f 947 1057 948
f 948 1057 1004
f 949 1058 950
f 949 956 1059
f 949 1059 1058
f 950 1060 1061
f 950 1061 951
f 950 1058 1060
f 951 1061 952
f 952 1062 1063
f 952 1063 954
f 952 954 953
f 952 1061 1062
f 954 1063 960
f 955 959 956
f 956 1064 1059
f 956 959 1065
f 956 1065 1066
f 956 1066 1064
f 958 1067 1065
f 958 1065 959
f 960 1063 961
f 961 1063 1068
f 961 1068 1069
f 961 1069 1070
f 961 1070 962
f 962 1070 1071
f 962 1071 1072
f 962 1072 969
f 962 969 963
f 963 969 964
f 965 1073 966
f 965 969 1074
f 965 1074 1073
f 966 1075 1076
f 966 1076 967
f 966 1073 1075
f 967 1076 1077
f 967 1077 968
f 968 1077 1078
f 968 1078 970
f 969 1072 1074
f 970 1078 1079
f 970 1079 971
f 971 1079 1080
f 971 1080 973
f 971 973 972
f 973 1080 988
f 974 1081 1082
f 974 1082 1083
f 974 1083 975
f 974 978 1081
f 975 1083 1084
f 975 1084 976
f 976 1084 977
f 977 1085 1086
f 977 1086 979
f 977 1084 1085
f 978 989 1087
f 978 1087 1088
f 978 1088 1081
f 979 1089 1090
f 979 1090 980
f 979 1086 1089
f 980 1090 1091
f 980 1091 1092
f 980 1092 981
f 981 1092 982
f 982 1093 1094
f 982 1094 1095
f 982 1095 1096
f 982 1096 1097
f 982 1097 983
f 982 1092 1093
f 984 1098 985
f 984 987 1098
f 985 1098 1099
f 985 1099 986
f 986 1099 1100
f 986 1100 1087
f 986 1087 989
f 987 988 1101
f 987 1101 1102
f 987 1102 1098
f 988 1080 1103
f 988 1103 1101
f 990 1005 1001
f 991 1104 995
f 991 994 1104
f 992 1000 1105
f 992 1105 993
f 993 1105 1106
f 993 1106 994
f 994 1106 1107
f 994 1107 1108
f 994 1108 1104
f 995 1104 1109
f 995 1109 1110
f 995 1110 996
f 996 1110 1111
f 996 1111 1112
f 996 1112 1113
f 996 1113 1114
f 996 1114 997
f 1000 1003 1115
f 1000 1115 1105
f 1001 1005 1116
f 1001 1116 1117
f 1001 1117 1002
f 1002 1117 1118
f 1002 1118 1003
f 1003 1118 1119
f 1003 1119 1115
f 1004 1057 1116
f 1004 1116 1005
f 1006 1120 1007
f 1007 1120 1009
f 1008 1009 1121
f 1008 1121 1010
f 1009 1120 1122
f 1009 1122 1121
f 1010 1123 1124
f 1010 1124 1011
f 1010 1121 1123
f 1011 1124 1014
f 1012 1125 1015
f 1012 1015 1013
f 1012 1014 1124
f 1012 1124 1125
f 1015 1126 1016
f 1015 1125 1126
f 1016 1127 1019
f 1016 1019 1018
f 1016 1018 1017
f 1016 1126 1127
f 1019 1128 1129
f 1019 1129 1021
f 1019 1021 1020
f 1019 1127 1128
f 1021 1129 1022
f 1022 1129 1130
f 1022 1130 1131
f 1022 1131 1023
f 1023 1131 1026
f 1023 1026 1024
f 1024 1026 1025
f 1026 1132 1027
f 1026 1131 1132
f 1027 1133 1028
f 1027 1132 1133
f 1028 1133 1134
f 1028 1134 1135
f 1028 1135 1029
f 1029 1135 1136
f 1029 1136 1137
f 1029 1137 1138
f 1029 1138 1031
f 1030 1032 1033
f 1031 1138 1139
f 1031 1139 1032
f 1032 1140 1034
f 1032 1034 1033
f 1032 1139 1140
f 1034 1141 1035
f 1034 1140 1141
f 1035 1141 1142
f 1035 1142 1036
f 1036 1143 1144
f 1036 1144 1037
f 1036 1142 1145
f 1036 1145 1143
f 1037 1144 1038
f 1038 1146 1147
f 1038 1147 1039
f 1038 1144 1146
f 1039 1147 1040
f 1040 1147 1148
f 1040 1148 1149
f 1040 1149 1041
f 1041 1149 1150
f 1041 1150 1042
f 1042 1150 1151
f 1042 1151 1152
f 1042 1152 1043
f 1043 1152 1153
f 1043 1153 1044
f 1044 1153 1154
f 1044 1154 1155
f 1044 1155 1045
f 1045 1155 1046
f 1046 1155 1156
f 1046 1156 1157
f 1046 1157 1158
f 1046 1158 1047
f 1047 1158 1159
f 1047 1159 1160
f 1047 1160 1049
f 1047 1049 1048
f 1049 1160 1161
f 1049 1161 1051
f 1049 1051 1050
f 1051 1161 1052
f 1052 1162 1053
f 1052 1161 1162
f 1053 1163 1164
f 1053 1164 1165
f 1053 1165 1054
f 1053 1162 1163
f 1054 1165 1055
f 1055 1165 1056
f 1056 1166 1116
f 1056 1116 1057
f 1056 1165 1166
f 1058 1059 1064
f 1058 1064 1167
f 1058 1167 1168
f 1058 1168 1060
f 1060 1168 1169
f 1060 1169 1061
f 1061 1169 1170
f 1061 1170 1062
f 1062 1170 1171
f 1062 1171 1172
f 1062 1172 1063
f 1063 1172 1068
f 1064 1173 1167
f 1064 1066 1174
f 1064 1174 1173
f 1065 1067 1175
f 1065 1175 1066
f 1066 1175 1176
f 1066 1176 1174
f 1068 1172 1069
f 1069 1177 1071
f 1069 1071 1070
f 1069 1172 1178
f 1069 1178 1177
f 1071 1179 1180
f 1071 1180 1181
f 1071 1181 1072
f 1071 1177 1179
f 1072 1181 1074
f 1073 1182 1075
f 1073 1074 1181
f 1073 1181 1183
f 1073 1183 1182
f 1075 1184 1076
f 1075 1182 1184
f 1076 1184 1185
f 1076 1185 1077
f 1077 1185 1186
f 1077 1186 1187
f 1077 1187 1078
f 1078 1187 1079
f 1079 1187 1080
f 1080 1187 1103
f 1081 1088 1082
f 1082 1088 1188
f 1082 1188 1189
f 1082 1189 1190
f 1082 1190 1083
f 1083 1190 1191
f 1083 1191 1084
f 1084 1191 1192
f 1084 1192 1085
f 1085 1192 1193
f 1085 1193 1194
f 1085 1194 1086
f 1086 1194 1089
f 1087 1100 1195
f 1087 1195 1196
f 1087 1196 1188
f 1087 1188 1088
f 1089 1194 1197
f 1089 1197 1198
f 1089 1198 1090
f 1090 1198 1199
f 1090 1199 1091
f 1091 1199 1200
f 1091 1200 1092
f 1092 1200 1093
f 1093 1200 1201
f 1093 1201 1202
f 1093 1202 1203
f 1093 1203 1204
f 1093 1204 1094
f 1098 1205 1099
f 1098 1102 1205
f 1099 1206 1195
f 1099 1195 1100
f 1099 1205 1207
f 1099 1207 1206
f 1101 1208 1102
f 1101 1103 1209
f 1101 1209 1208
f 1102 1208 1210
f 1102 1210 1211
f 1102 1211 1205
f 1103 1187 1212
f 1103 1212 1209
f 1104 1108 1109
f 1105 1115 1213
f 1105 1213 1214
f 1105 1214 1106
f 1106 1214 1107
f 1107 1215 1216
f 1107 1216 1108
f 1107 1214 1217
f 1107 1217 1215
f 1108 1218 1109
f 1108 1216 1218
f 1109 1219 1110
f 1109 1218 1219
f 1110 1219 1111
f 1111 1220 1221
f 1111 1221 1112
f 1111 1219 1220
f 1115 1222 1213
f 1115 1119 1223
f 1115 1223 1222
f 1116 1166 1117
f 1117 1166 1224
f 1117 1224 1118
f 1118 1224 1225
f 1118 1225 1119
f 1119 1225 1226
f 1119 1226 1223
f 1121 1122 1227
f 1121 1227 1228
f 1121 1228 1229
f 1121 1229 1123
f 1123 1230 1231
f 1123 1231 1124
f 1123 1229 1230
f 1124 1231 1125
f 1125 1231 1232
f 1125 1232 1126
f 1126 1232 1233
f 1126 1233 1127
f 1127 1233 1234
f 1127 1234 1128
f 1128 1234 1235
f 1128 1235 1236
f 1128 1236 1129
f 1129 1236 1130
f 1130 1237 1238
f 1130 1238 1239
f 1130 1239 1131
f 1130 1236 1237
f 1131 1239 1132
f 1132 1239 1240
f 1132 1240 1133
f 1133 1240 1241
f 1133 1241 1134
f 1134 1242 1243
f 1134 1243 1135
f 1134 1241 1242
f 1135 1243 1136
f 1136 1243 1244
f 1136 1244 1245
f 1136 1245 1246
f 1136 1246 1247
f 1136 1247 1137
f 1137 1247 1248
f 1137 1248 1139
f 1137 1139 1138
f 1139 1248 1247
f 1139 1247 1249
f 1139 1249 1140
f 1140 1249 1250
f 1140 1250 1142
f 1140 1142 1141
f 1142 1250 1145
f 1143 1251 1144
f 1143 1145 1252
f 1143 1252 1253
f 1143 1253 1251
f 1144 1251 1254
f 1144 1254 1146
f 1145 1250 1252
f 1146 1254 1255
f 1146 1255 1256
f 1146 1256 1147
f 1147 1256 1148
f 1148 1256 1257
f 1148 1257 1258
f 1148 1258 1149
f 1149 1258 1259
f 1149 1259 1150
f 1150 1259 1154
f 1150 1154 1152
f 1150 1152 1151
f 1152 1154 1153
f 1154 1260 1155
f 1154 1259 1260
f 1155 1260 1261
f 1155 1261 1156
f 1156 1262 1157
f 1156 1261 1262
f 1157 1263 1264
f 1157 1264 1158
f 1157 1262 1263
f 1158 1264 1160
f 1158 1160 1159
f 1160 1265 1266
f 1160 1266 1161
f 1160 1264 1263
f 1160 1263 1265
f 1161 1266 1267
f 1161 1267 1268
f 1161 1268 1162
f 1162 1268 1269
f 1162 1269 1163
f 1163 1269 1270
f 1163 1270 1271
f 1163 1271 1164
f 1164 1271 1224
f 1164 1224 1165
f 1165 1224 1166
f 1167 1173 1168
f 1168 1272 1273
f 1168 1273 1169
f 1168 1173 1274
f 1168 1274 1272
f 1169 1275 1276
f 1169 1276 1170
f 1169 1273 1275
f 1170 1276 1171
f 1171 1276 1277
f 1171 1277 1278
f 1171 1278 1172
f 1172 1278 1178
f 1173 1174 1279
f 1173 1279 1280
f 1173 1280 1274
f 1174 1176 1281
f 1174 1281 1279
f 1176 1282 1281
f 1177 1178 1283
f 1177 1283 1284
f 1177 1284 1179
f 1178 1278 1283
f 1179 1284 1285
f 1179 1285 1180
f 1180 1183 1181
f 1180 1285 1183
f 1182 1183 1286
f 1182 1286 1287
f 1182 1287 1184
f 1183 1285 1288
f 1183 1288 1286
f 1184 1287 1289
f 1184 1289 1290
f 1184 1290 1185
f 1185 1290 1291
f 1185 1291 1186
f 1186 1292 1187
f 1186 1291 1293
f 1186 1293 1294
f 1186 1294 1292
f 1187 1292 1212
f 1188 1295 1189
f 1188 1196 1295
f 1189 1296 1190
f 1189 1295 1297
f 1189 1297 1296
f 1190 1296 1298
f 1190 1298 1191
f 1191 1298 1192
f 1192 1299 1300
f 1192 1300 1301
f 1192 1301 1193
f 1192 1298 1299
f 1193 1301 1302
f 1193 1302 1194
f 1194 1302 1197
f 1195 1303 1196
f 1195 1206 1303
f 1196 1303 1304
f 1196 1304 1295
f 1197 1305 1306
f 1197 1306 1198
f 1197 1302 1305
f 1198 1306 1307
f 1198 1307 1199
f 1199 1307 1308
f 1199 1308 1200
f 1200 1308 1202
f 1200 1202 1201
f 1202 1308 1309
f 1202 1309 1310
f 1202 1310 1203
f 1203 1310 1311
f 1205 1211 1312
f 1205 1312 1207
f 1206 1207 1313
f 1206 1313 1314
f 1206 1314 1315
f 1206 1315 1303
f 1207 1312 1313
f 1208 1209 1294
f 1208 1294 1316
f 1208 1316 1317
f 1208 1317 1210
f 1209 1212 1294
f 1210 1318 1312
f 1210 1312 1211
f 1210 1317 1318
f 1212 1292 1294
f 1213 1222 1214
f 1214 1319 1217
f 1214 1222 1320
f 1214 1320 1321
f 1214 1321 1319
f 1215 1322 1216
f 1215 1217 1323
f 1215 1323 1322
f 1216 1322 1218
f 1217 1319 1324
f 1217 1324 1323
f 1218 1325 1326
f 1218 1326 1219
f 1218 1322 1327
f 1218 1327 1325
f 1219 1326 1328
f 1219 1328 1329
f 1219 1329 1220
f 1220 1329 1330
f 1220 1330 1331
f 1220 1331 1221
f 1222 1223 1332
f 1222 1332 1320
f 1223 1333 1332
f 1223 1226 1334
f 1223 1334 1333
f 1224 1271 1225
f 1225 1271 1335
f 1225 1335 1226
f 1226 1335 1334
f 1228 1336 1229
f 1229 1336 1337
f 1229 1337 1338
f 1229 1338 1230
f 1230 1338 1339
f 1230 1339 1340
f 1230 1340 1231
f 1231 1340 1232
f 1232 1341 1233
f 1232 1340 1341
f 1233 1342 1234
f 1233 1341 1342
f 1234 1343 1235
f 1234 1342 1343
f 1235 1343 1344
f 1235 1344 1345
f 1235 1345 1236
f 1236 1345 1237
f 1237 1345 1346
f 1237 1346 1347
f 1237 1347 1238
f 1238 1347 1348
f 1238 1348 1239
f 1239 1348 1240
f 1240 1348 1349
f 1240 1349 1241
f 1241 1349 1350
f 1241 1350 1351
f 1241 1351 1242
f 1242 1352 1243
f 1242 1351 1350
f 1242 1350 1353
f 1242 1353 1354
f 1242 1354 1355
f 1242 1355 1352
f 1243 1352 1244
f 1244 1356 1357
f 1244 1357 1245
f 1244 1352 1356
f 1245 1357 1253
f 1245 1253 1252
f 1245 1252 1246
f 1246 1252 1250
f 1246 1250 1249
f 1246 1249 1247
f 1251 1358 1359
f 1251 1359 1254
f 1251 1253 1360
f 1251 1360 1358
f 1253 1357 1361
f 1253 1361 1362
f 1253 1362 1360
f 1254 1359 1255
f 1255 1363 1364
f 1255 1364 1256
f 1255 1359 1446
f 1255 1446 1363
f 1256 1364 1257
f 1257 1365 1258
f 1257 1364 1365
f 1258 1366 1259
f 1258 1365 1366
f 1259 1366 1367
f 1259 1367 1260
f 1260 1367 1368
f 1260 1368 1261
f 1261 1368 1369
f 1261 1369 1370
f 1261 1370 1262
f 1262 1370 1371
f 1262 1371 1265
f 1262 1265 1263
f 1265 1372 1266
f 1265 1371 1372
f 1266 1372 1267
f 1267 1372 1373
f 1267 1373 1374
f 1267 1374 1268
f 1268 1374 1269
f 1269 1375 1270
f 1269 1374 1375
f 1270 1335 1271
f 1270 1375 1335
f 1272 1274 1280
f 1272 1280 1376
f 1272 1376 1377
f 1272 1377 1378
f 1272 1378 1275
f 1272 1275 1273
f 1275 1378 1379
f 1275 1379 1380
f 1275 1380 1276
f 1276 1380 1277
f 1277 1381 1283
f 1277 1283 1278
f 1277 1380 1381
f 1279 1382 1280
f 1279 1281 1383
f 1279 1383 1382
f 1280 1382 1376
f 1281 1282 1384
f 1281 1384 1383
f 1283 1385 1284
f 1283 1381 1385
f 1284 1386 1285
f 1284 1385 1386
f 1285 1386 1387
f 1285 1387 1288
f 1286 1388 1287
f 1286 1288 1388
f 1287 1388 1389
f 1287 1389 1289
f 1288 1390 1388
f 1288 1387 1390
f 1289 1391 1392
f 1289 1392 1290
f 1289 1389 1391
f 1290 1392 1393
f 1290 1393 1291
f 1291 1393 1394
f 1291 1394 1294
f 1291 1294 1293
f 1294 1394 1316
f 1295 1304 1297
f 1296 1297 1395
f 1296 1395 1354
f 1296 1354 1299
f 1296 1299 1298
f 1297 1304 1361
f 1297 1361 1396
f 1297 1396 1395
f 1299 1354 1353
f 1299 1353 1300
f 1300 1353 1350
f 1300 1350 1397
f 1300 1397 1301
f 1301 1397 1398
f 1301 1398 1302
f 1302 1398 1399
f 1302 1399 1305
f 1303 1315 1304
f 1304 1315 1400
f 1304 1400 1401
f 1304 1401 1362
f 1304 1362 1361
f 1305 1399 1402
f 1305 1402 1306
f 1306 1402 1344
f 1306 1344 1403
f 1306 1403 1307
f 1307 1403 1404
f 1307 1404 1308
f 1308 1404 1309
f 1309 1404 1405
f 1309 1405 1406
f 1309 1406 1407
f 1309 1407 1310
f 1310 1407 1408
f 1310 1408 1311
f 1312 1409 1313
f 1312 1318 1409
f 1313 1409 1314
f 1314 1410 1400
f 1314 1400 1315
f 1314 1409 1410
f 1316 1394 1411
f 1316 1411 1317
f 1317 1412 1318
f 1317 1411 1413
f 1317 1413 1414
f 1317 1414 1412
f 1318 1412 1415
f 1318 1415 1409
f 1319 1321 1416
f 1319 1416 1324
f 1320 1332 1321
f 1321 1332 1417
f 1321 1417 1418
f 1321 1418 1416
f 1322 1323 1327
f 1323 1324 1416
f 1323 1416 1419
f 1323 1419 1420
f 1323 1420 1327
f 1325 1421 1422
f 1325 1422 1328
f 1325 1328 1326
f 1325 1327 1423
f 1325 1423 1421
f 1327 1420 1423
f 1328 1422 1329
f 1329 1422 1330
f 1330 1424 1425
f 1330 1425 1331
f 1330 1422 1426
f 1330 1426 1424
f 1332 1333 1417
f 1333 1427 1418
f 1333 1418 1417
f 1333 1334 1428
f 1333 1428 1427
f 1334 1335 1429
f 1334 1429 1428
f 1335 1430 1429
f 1335 1375 1431
f 1335 1431 1430
f 1337 1432 1433
f 1337 1433 1434
f 1337 1434 1338
f 1338 1434 1339
f 1339 1434 1435
f 1339 1435 1340
f 1340 1435 1436
f 1340 1436 1341
f 1341 1436 1437
f 1341 1437 1342
f 1342 1437 1438
f 1342 1438 1343
f 1343 1438 1439
f 1343 1439 1440
f 1343 1440 1441
f 1343 1441 1344
f 1344 1441 1403
f 1344 1402 1442
f 1344 1442 1345
f 1345 1442 1346
f 1346 1442 1443
f 1346 1443 1347
f 1347 1443 1348
f 1348 1443 1398
f 1348 1398 1349
f 1349 1398 1397
f 1349 1397 1350
f 1352 1355 1356
f 1354 1395 1355
f 1355 1395 1396
f 1355 1396 1444
f 1355 1444 1356
f 1356 1444 1357
f 1357 1444 1361
f 1358 1360 1445
f 1358 1445 1446
f 1358 1446 1359
f 1360 1362 1401
f 1360 1401 1445
f 1361 1444 1396
f 1363 1446 1410
f 1363 1410 1447
f 1363 1447 1364
f 1364 1447 1365
f 1365 1447 1448
f 1365 1448 1449
f 1365 1449 1450
f 1365 1450 1366
f 1366 1450 1367
f 1367 1450 1368
f 1368 1450 1369
f 1369 1450 1451
f 1369 1451 1452
f 1369 1452 1453
f 1369 1453 1370
f 1370 1453 1371
f 1371 1454 1455
f 1371 1455 1372
f 1371 1453 1454
f 1372 1456 1373
f 1372 1455 1456
f 1373 1457 1458
f 1373 1458 1459
f 1373 1459 1460
f 1373 1460 1374
f 1373 1456 1457
f 1374 1460 1461
f 1374 1461 1375
f 1375 1461 1462
f 1375 1462 1463
f 1375 1463 1431
f 1376 1464 1377
f 1376 1382 1465
f 1376 1465 1464
f 1377 1466 1379
f 1377 1379 1378
f 1377 1464 1466
f 1379 1466 1420
f 1379 1420 1467
f 1379 1467 1380
f 1380 1467 1468
f 1380 1468 1381
f 1381 1468 1469
f 1381 1469 1385
f 1382 1383 1470
f 1382 1470 1465
f 1383 1384 1471
f 1383 1471 1470
f 1385 1469 1472
f 1385 1472 1386
f 1386 1472 1473
f 1386 1473 1387
f 1387 1473 1474
f 1387 1474 1390
f 1388 1475 1389
f 1388 1390 1475
f 1389 1475 1458
f 1389 1458 1391
f 1390 1474 1463
f 1390 1463 1475
f 1391 1476 1477
f 1391 1477 1392
f 1391 1458 1476
f 1392 1477 1478
f 1392 1478 1393
f 1393 1478 1479
f 1393 1479 1413
f 1393 1413 1411
f 1393 1411 1394
f 1398 1443 1399
f 1399 1443 1442
f 1399 1442 1402
f 1400 1445 1401
f 1400 1410 1445
f 1403 1441 1440
f 1403 1440 1404
f 1404 1440 1405
f 1405 1480 1406
f 1405 1440 1439
f 1405 1439 1481
f 1405 1481 1482
f 1405 1482 1480
f 1406 1408 1407
f 1406 1480 1482
f 1406 1482 1483
f 1406 1483 1484
f 1406 1484 1485
f 1406 1485 1408
f 1409 1415 1448
f 1409 1448 1410
f 1410 1448 1447
f 1410 1446 1445
f 1412 1451 1415
f 1412 1414 1486
f 1412 1486 1452
f 1412 1452 1451
f 1413 1486 1414
f 1413 1479 1486
f 1415 1450 1449
f 1415 1449 1448
f 1415 1451 1450
f 1416 1418 1487
f 1416 1487 1419
f 1418 1427 1473
f 1418 1473 1487
f 1419 1467 1420
f 1419 1487 1469
f 1419 1469 1467
f 1420 1466 1423
f 1421 1423 1464
f 1421 1464 1465
f 1421 1465 1488
f 1421 1488 1470
f 1421 1470 1426
f 1421 1426 1422
f 1423 1466 1464
f 1424 1426 1470
f 1424 1470 1489
f 1424 1489 1425
f 1427 1428 1429
f 1427 1429 1490
f 1427 1490 1473
f 1429 1430 1490
f 1430 1431 1463
f 1430 1463 1490
f 1432 1491 1433
f 1433 1491 1484
f 1433 1484 1483
f 1433 1483 1482
f 1433 1482 1435
f 1433 1435 1434
f 1435 1482 1481
f 1435 1481 1437
f 1435 1437 1436
f 1437 1481 1438
f 1438 1481 1439
f 1452 1486 1453
f 1453 1486 1454
f 1454 1492 1477
f 1454 1477 1456
f 1454 1456 1455
f 1454 1486 1492
f 1456 1477 1476
f 1456 1476 1457
f 1457 1476 1458
f 1458 1475 1462
f 1458 1462 1459
f 1459 1462 1460
f 1460 1462 1461
f 1462 1475 1463
f 1463 1474 1490
f 1465 1470 1488
f 1467 1469 1468
f 1469 1487 1472
f 1470 1471 1489
f 1472 1487 1473
f 1473 1490 1474
f 1477 1492 1479
f 1477 1479 1478
f 1479 1492 1486
f 1484 1491 1493
f 1484 1493 1485

