# https://github.com/mikedh/trimesh
v -0.00461908 0.05294360 -0.00422729
v -0.00462411 0.06504834 0.02764134
v -0.00462411 0.06501649 0.02755470
v -0.00462411 0.06483810 0.02703488
v -0.00462411 0.06454823 0.02605524
v -0.00462411 0.06444948 0.02570869
v -0.00462411 0.06422012 0.02490232
v -0.00462411 0.06407359 0.02437917
v -0.00462411 0.05981463 0.00909129
v -0.00461908 0.05714203 -0.00422729
v 0.01369526 0.05101958 -0.00422729
v 0.04674858 0.03602245 -0.00422395
v -0.00462411 0.06520125 0.02799121
v -0.00462411 0.06417552 0.00909129
v -0.00461908 0.05744784 -0.00380410
v -0.00396033 0.05715477 -0.00422729
v 0.01369526 0.05545056 -0.00422729
v 0.04674858 0.04097265 -0.00422395
v 0.04674858 0.05069148 0.02425254
v -0.00462411 0.06550067 0.02862099
v -0.00462411 0.06535733 0.02832443
v -0.00462411 0.06441125 0.00971440
v -0.00461908 0.06417552 0.00908463
v -0.00461908 0.06401944 0.00867811
v -0.00461908 0.06371363 0.00790505
v -0.00461908 0.06361170 0.00765514
v -0.00461908 0.06336324 0.00707535
v -0.00461908 0.06310840 0.00649555
v -0.00461908 0.06302876 0.00631562
v -0.00461908 0.06274844 0.00570250
v -0.00461908 0.06260191 0.00539928
v -0.00461908 0.06224514 0.00466287
v -0.00461908 0.06199986 0.00417638
v -0.00461908 0.06146152 0.00312675
v -0.00461908 0.06113341 0.00249032
v -0.00461908 0.06004717 0.00044105
v -0.00461908 0.05944193 -0.00064190
v -0.00461908 0.05910109 -0.00121836
v -0.00461908 0.05865512 -0.00196809
v -0.00461908 0.05855319 -0.00213137
v -0.00461908 0.05812634 -0.00280446
v -0.00461908 0.05798299 -0.00302105
v -0.00461908 0.05762304 -0.00355419
v -0.00388992 0.05724715 -0.00409733
v -0.00375415 0.05715477 -0.00422729
v 0.01285548 0.05561939 -0.00422729
v 0.01281525 0.05589970 -0.00384742
v 0.01427859 0.05547285 -0.00403069
v 0.01468088 0.05524669 -0.00422395
v 0.01525918 0.05512245 -0.00422395
v 0.01589278 0.05498230 -0.00422395
v 0.01683314 0.05477205 -0.00422395
v 0.01799979 0.05449492 -0.00422395
v 0.02000119 0.05398843 -0.00422395
v 0.02126841 0.05364121 -0.00422395
v 0.02204785 0.05341186 -0.00422395
v 0.02257083 0.05325259 -0.00422395
v 0.02344582 0.05297864 -0.00422395
v 0.02396880 0.05280981 -0.00422395
v 0.02454709 0.05261231 -0.00422395
v 0.02513041 0.05240844 -0.00422395
v 0.02597020 0.05211220 -0.00422395
v 0.02680998 0.05179365 -0.00422395
v 0.02781068 0.05140503 -0.00422395
v 0.02960591 0.05067237 -0.00422395
v 0.03123519 0.04996520 -0.00422395
v 0.03137097 0.04990467 -0.00422395
v 0.03280916 0.04924528 -0.00422395
v 0.03298014 0.04916565 -0.00422395
v 0.03468988 0.04834061 -0.00422395
v 0.03485582 0.04825461 -0.00422395
v 0.03655048 0.04736268 -0.00422395
v 0.03840605 0.04633377 -0.00422395
v 0.03953247 0.04568076 -0.00422395
v 0.03984927 0.04549281 -0.00422395
v 0.04119192 0.04468052 -0.00422395
v 0.04310784 0.04346368 -0.00422395
v 0.04428454 0.04268642 -0.00422395
v 0.04597416 0.04152692 -0.00422395
v 0.04609486 0.04144091 -0.00422395
v 0.04674858 0.04117970 -0.00398737
v 0.04674858 0.05087305 0.02457576
v -0.00462411 0.06554527 0.02870096
v -0.00462411 0.06468520 0.01044414
v -0.00369381 0.06423924 0.00920459
v -0.00364352 0.06419464 0.00908463
v -0.00332169 0.06386654 0.00824160
v -0.00436262 0.06340465 0.00715198
v -0.00309037 0.06357666 0.00753185
v -0.00412627 0.06311795 0.00648889
v -0.00403072 0.06275163 0.00568251
v -0.00405084 0.06222921 0.00461289
v -0.00346752 0.06134365 0.00287684
v -0.00294957 0.06020326 0.00073094
v -0.00256739 0.05974455 -0.00010876
v -0.00446822 0.05943238 -0.00065856
v -0.00430227 0.05913295 -0.00117837
v -0.00431736 0.05860098 -0.00206139
v -0.00364352 0.05831747 -0.00252456
v -0.00352786 0.05785876 -0.00322764
v -0.00206452 0.05762304 -0.00356086
v -0.00175275 0.05722167 -0.00411399
v -0.00210475 0.05714203 -0.00422729
v 0.01212633 0.05575954 -0.00422729
v 0.01184472 0.05635204 -0.00345090
v 0.01271468 0.05639345 -0.00315434
v 0.01369526 0.05593474 -0.00354420
v 0.01453002 0.05595386 -0.00326096
v 0.01548546 0.05547285 -0.00366082
v 0.01643085 0.05498548 -0.00405068
v 0.01761258 0.05497911 -0.00366415
v 0.01633028 0.05548241 -0.00336759
v 0.01945810 0.05448536 -0.00373413
v 0.02119801 0.05397250 -0.00379744
v 0.02248534 0.05393109 -0.00333760
v 0.02255575 0.05339593 -0.00403735
v 0.02341062 0.05338638 -0.00369081
v 0.02426046 0.05336727 -0.00334094
v 0.02428057 0.05279388 -0.00410733
v 0.02509019 0.05273655 -0.00381077
v 0.02609089 0.05263461 -0.00346089
v 0.02677478 0.05207397 -0.00387075
v 0.02808223 0.05196885 -0.00333094
v 0.02922876 0.05127442 -0.00364416
v 0.03001323 0.05117886 -0.00333760
v 0.03128548 0.05048761 -0.00352087
v 0.03137600 0.04995245 -0.00416397
v 0.03286448 0.04969762 -0.00361750
v 0.03459936 0.04886621 -0.00362084
v 0.03567046 0.04811445 -0.00387408
v 0.03683208 0.04730534 -0.00411066
v 0.03838593 0.04640704 -0.00415065
v 0.03949727 0.04613946 -0.00368748
v 0.04056837 0.04533035 -0.00389740
v 0.04225297 0.04486528 -0.00317100
v 0.04284132 0.04412625 -0.00363083
v 0.04410351 0.04320565 -0.00374746
v 0.04602948 0.04203659 -0.00358085
v 0.04674858 0.04186458 -0.00317433
v 0.04674858 0.05092083 0.02465907
v -0.00462411 0.06573958 0.02899418
v 0.04674858 0.05109285 0.02494563
v -0.00462411 0.06555801 0.01288994
v -0.00405587 0.06478713 0.01069072
v -0.00270819 0.06438895 0.00958778
v -0.00256236 0.06419783 0.00908463
v -0.00240144 0.06398440 0.00853816
v -0.00215504 0.06369771 0.00783174
v -0.00261768 0.06328678 0.00684210
v -0.00262270 0.06296187 0.00613235
v -0.00205447 0.06271021 0.00561253
v -0.00222544 0.06210179 0.00437964
v -0.00125491 0.06137232 0.00300680
v -0.00079228 0.06027334 0.00095420
v -0.00113925 0.05961713 -0.00027870
v -0.00234613 0.05946105 -0.00060525
v -0.00283391 0.05891952 -0.00154491
v -0.00226064 0.05857231 -0.00211471
v -0.00210978 0.05813908 -0.00279113
v -0.00056599 0.05791610 -0.00307103
v -0.00045033 0.05743828 -0.00376079
v -0.00176783 0.05713885 -0.00422729
v -0.00131023 0.05712611 -0.00422729
v 0.01169889 0.05583281 -0.00422729
v 0.01193524 0.05584874 -0.00414731
v 0.01172906 0.05682986 -0.00276447
v 0.01097979 0.05630107 -0.00373746
v 0.01086916 0.05678845 -0.00305104
v 0.01259399 0.05686171 -0.00246458
v 0.01369526 0.05635841 -0.00291109
v 0.01442442 0.05642849 -0.00256121
v 0.01573187 0.05597297 -0.00283112
v 0.01755224 0.05550152 -0.00291109
v 0.01942290 0.05496318 -0.00303771
v 0.02093149 0.05446625 -0.00320432
v 0.02263118 0.05444714 -0.00254122
v 0.02343576 0.05401710 -0.00280779
v 0.02411966 0.05400436 -0.00251790
v 0.02501475 0.05327170 -0.00311768
v 0.02614117 0.05322074 -0.00262452
v 0.02790120 0.05249126 -0.00271449
v 0.02950031 0.05176498 -0.00283112
v 0.03085302 0.05159296 -0.00228465
v 0.03094353 0.05102914 -0.00300439
v 0.03180343 0.05040161 -0.00332761
v 0.03273876 0.05024233 -0.00298106
v 0.03402107 0.04950331 -0.00315434
v 0.03479548 0.04937907 -0.00282445
v 0.03586155 0.04860501 -0.00313101
v 0.03683208 0.04782775 -0.00346422
v 0.03821496 0.04702183 -0.00351421
v 0.03993979 0.04659180 -0.00277780
v 0.04023648 0.04595789 -0.00336093
v 0.03819485 0.04753788 -0.00287110
v 0.04124724 0.04571898 -0.00287777
v 0.04279606 0.04527620 -0.00219801
v 0.04318830 0.04458814 -0.00276447
v 0.04409345 0.04377267 -0.00305770
v 0.04586856 0.04259723 -0.00303438
v 0.04674858 0.04233603 -0.00259120
v -0.00462411 0.06591797 0.02924410
v 0.04674858 0.05133813 0.02514556
v -0.00462411 0.06604539 0.02938738
v -0.00462411 0.06595301 0.01406285
v -0.00385975 0.06555165 0.01284329
v -0.00326134 0.06495278 0.01113390
v -0.00205447 0.06474572 0.01057076
v -0.00146109 0.06418508 0.00908463
v -0.00121971 0.06375823 0.00800835
v -0.00166726 0.06339509 0.00711200
v -0.00159183 0.06315300 0.00657219
v -0.00062130 0.06285356 0.00599240
v -0.00022404 0.06252546 0.00533597
v -0.00128005 0.06225470 0.00472285
v -0.00001284 0.06205719 0.00442296
v 0.00023860 0.06082443 0.00207047
v 0.00022351 0.05986242 0.00026111
v -0.00097331 0.05921895 -0.00097845
v 0.00044980 0.05937822 -0.00059525
v -0.00190864 0.05907242 -0.00126501
v -0.00016872 0.05892908 -0.00142829
v -0.00068165 0.05837162 -0.00236795
v 0.00036934 0.05806263 -0.00278447
v 0.00049506 0.05760074 -0.00346756
v -0.00040004 0.05709744 -0.00422729
v 0.00105827 0.05718026 -0.00402069
v 0.00038946 0.05706240 -0.00422729
v 0.01103511 0.05594430 -0.00422729
v 0.01193021 0.05727264 -0.00200475
v 0.01073842 0.05725034 -0.00237128
v 0.01009978 0.05624055 -0.00402736
v 0.00999418 0.05673111 -0.00334427
v 0.00987349 0.05720256 -0.00266451
v 0.01369526 0.05692861 -0.00201474
v 0.01558604 0.05645079 -0.00212470
v 0.01745167 0.05596660 -0.00221134
v 0.01988553 0.05544419 -0.00211471
v 0.02065492 0.05497911 -0.00254455
v 0.02151984 0.05497911 -0.00220134
v 0.02254569 0.05490903 -0.00187146
v 0.02333016 0.05443439 -0.00225799
v 0.02487395 0.05389924 -0.00229464
v 0.02401405 0.05442484 -0.00195143
v 0.02589477 0.05373996 -0.00200808
v 0.02740336 0.05303598 -0.00221134
v 0.02876613 0.05291493 -0.00162155
v 0.02961597 0.05230969 -0.00200141
v 0.03062673 0.05212494 -0.00167486
v 0.03260299 0.05135087 -0.00154158
v 0.03267339 0.05073926 -0.00234796
v 0.03180343 0.05088579 -0.00267784
v 0.03440827 0.04996838 -0.00228465
v 0.03555481 0.04923891 -0.00250457
v 0.03667117 0.04895859 -0.00209805
v 0.03711369 0.04836291 -0.00257121
v 0.03986939 0.04705687 -0.00221800
v 0.04091032 0.04633059 -0.00235462
v 0.03821496 0.04816541 -0.00201807
v 0.04376659 0.04548326 -0.00108841
v 0.04396774 0.04493217 -0.00166154
v 0.04408843 0.04436197 -0.00231130
v 0.04197136 0.04600567 -0.00191145
v 0.04590377 0.04315150 -0.00230797
v 0.04674858 0.04290622 -0.00186480
v 0.04674858 0.05182551 0.02523553
v 0.03979396 0.05595704 0.02706488
v 0.03904972 0.05605898 0.02716484
v -0.00462411 0.06665381 0.02981389
v -0.00462411 0.06625244 0.01498252
v -0.00352786 0.06625244 0.01496919
v -0.00426205 0.06590523 0.01391290
v -0.00291940 0.06568543 0.01323648
v -0.00251207 0.06521717 0.01188363
v -0.00111411 0.06474254 0.01061075
v -0.00019890 0.06414367 0.00908463
v -0.00038495 0.06403218 0.00877141
v -0.00048553 0.06353206 0.00751186
v -0.00041010 0.06331226 0.00701203
v 0.00026877 0.06294912 0.00627896
v 0.00144045 0.06271340 0.00590243
v 0.00169691 0.06224195 0.00496277
v 0.00125438 0.06100600 0.00250698
v 0.00168182 0.05980508 0.00030443
v 0.00101301 0.05906287 -0.00110173
v 0.00160136 0.05869972 -0.00166154
v 0.00023357 0.05851178 -0.00209138
v 0.00174719 0.05826969 -0.00234796
v 0.00185279 0.05780461 -0.00305437
v 0.00243612 0.05738732 -0.00360417
v 0.00106832 0.05703054 -0.00422729
v 0.00291384 0.05691268 -0.00422729
v 0.01011487 0.05609402 -0.00422729
v 0.01204587 0.05775046 -0.00116838
v 0.01331812 0.05732679 -0.00147827
v 0.01060767 0.05769630 -0.00167820
v 0.00973772 0.05765170 -0.00197809
v 0.00951143 0.05618639 -0.00422729
v 0.00912422 0.05663555 -0.00367415
v 0.00899851 0.05714203 -0.00294774
v 0.00831964 0.05755296 -0.00245792
v 0.01370029 0.05732360 -0.00135165
v 0.01477643 0.05730449 -0.00100177
v 0.01532958 0.05689994 -0.00148160
v 0.01705440 0.05642531 -0.00161822
v 0.01903066 0.05591245 -0.00169152
v 0.02133378 0.05541233 -0.00156823
v 0.02221882 0.05539640 -0.00120170
v 0.02311393 0.05524032 -0.00105175
v 0.02334524 0.05482302 -0.00164487
v 0.02551259 0.05431016 -0.00136498
v 0.02470298 0.05477205 -0.00105508
v 0.02730782 0.05354247 -0.00152825
v 0.02863538 0.05340231 -0.00097845
v 0.02979700 0.05277159 -0.00122169
v 0.03083290 0.05264417 -0.00077519
v 0.03142628 0.05202937 -0.00130833
v 0.03180343 0.05181276 -0.00138497
v 0.03180343 0.05195929 -0.00117171
v 0.03243201 0.05183825 -0.00094179
v 0.03380986 0.05111833 -0.00107508
v 0.03429262 0.05055769 -0.00154824
v 0.03580624 0.04980274 -0.00155824
v 0.03697792 0.04944597 -0.00119504
v 0.03971853 0.04802207 -0.00101843
v 0.04084997 0.04688486 -0.00165487
v 0.03824010 0.04862730 -0.00135831
v 0.04390236 0.04595152 -0.00030868
v 0.04571268 0.04480476 -0.00026204
v 0.04563222 0.04432375 -0.00100510
v 0.04204176 0.04652490 -0.00114172
v 0.04271057 0.04665550 -0.00038199
v 0.04578308 0.04375674 -0.00162821
v 0.04674858 0.04311009 -0.00159823
v 0.04674858 0.05190196 0.02523553
v 0.03946207 0.05635523 0.02715151
v 0.03879828 0.05633611 0.02722482
v 0.01180952 0.06524902 0.02933073
v 0.00892810 0.06597531 0.02942070
v -0.00462411 0.06677805 0.02980723
v -0.00462411 0.06661559 0.01618876
v -0.00389998 0.06657736 0.01604881
v -0.00286408 0.06651047 0.01583222
v -0.00250202 0.06622696 0.01489255
v -0.00212990 0.06587338 0.01382627
v -0.00170246 0.06541785 0.01250341
v -0.00026929 0.06492092 0.01120720
v 0.00020843 0.06437940 0.00975772
v 0.00041460 0.06411500 0.00908463
v 0.00053026 0.06396529 0.00870810
v 0.00120410 0.06372638 0.00819161
v 0.00129964 0.06336324 0.00733192
v 0.00166171 0.06312114 0.00682877
v 0.00376871 0.06291090 0.00665216
v 0.00388437 0.06254457 0.00588910
v 0.00256183 0.06205719 0.00470619
v 0.00230034 0.06147744 0.00353661
v 0.00263726 0.06070656 0.00211712
v 0.00299430 0.05993250 0.00071095
v 0.00219977 0.05920940 -0.00070521
v 0.00359774 0.05888448 -0.00109507
v 0.00356254 0.05846400 -0.00181148
v 0.00366311 0.05803715 -0.00248791
v 0.00379888 0.05757207 -0.00318432
v 0.00297418 0.05696046 -0.00415398
v 0.00415592 0.05680756 -0.00422729
v 0.00985840 0.05811041 -0.00118504
v 0.01200061 0.05815819 -0.00047862
v 0.01340360 0.05794795 -0.00038199
v 0.00826432 0.05803715 -0.00168486
v 0.00918959 0.05623418 -0.00422729
v 0.00821404 0.05658139 -0.00392739
v 0.00777654 0.05704965 -0.00334094
v 0.00708762 0.05745421 -0.00285444
v 0.00697196 0.05791292 -0.00215136
v 0.01521895 0.05753385 -0.00044197
v 0.01711978 0.05707195 -0.00050195
v 0.01902060 0.05631382 -0.00102176
v 0.02117790 0.05591245 -0.00077185
v 0.02213837 0.05590608 -0.00035200
v 0.02381291 0.05529128 -0.00062191
v 0.02536676 0.05475931 -0.00072854
v 0.02630209 0.05458411 -0.00050528
v 0.02722233 0.05404577 -0.00081850
v 0.02469795 0.05517342 -0.00036200
v 0.02846944 0.05389924 -0.00030535
v 0.02970146 0.05327170 -0.00052861
v 0.03072227 0.05314428 -0.00007877
v 0.03180343 0.05246259 -0.00041198
v 0.03246722 0.05233518 -0.00016540
v 0.03371935 0.05162800 -0.00038866
v 0.03505697 0.05085394 -0.00058525
v 0.03570064 0.05031878 -0.00089847
v 0.03808422 0.04917520 -0.00071854
v 0.03689745 0.04997475 -0.00049529
v 0.03933132 0.04880887 -0.00021539
v 0.04070917 0.04795836 -0.00027203
v 0.04093546 0.04740409 -0.00086515
v 0.04383699 0.04652172 0.00044105
v 0.04559702 0.04560112 0.00076427
v 0.04674858 0.04448940 0.00028110
v 0.04674858 0.04373444 -0.00076519
v 0.04273572 0.04758884 0.00099085
v 0.04177022 0.04762070 0.00016781
v 0.04674858 0.04361021 -0.00093180
v 0.04674858 0.05223324 0.02522886
v 0.04053820 0.05583918 0.02686162
v 0.04097066 0.05603031 0.02665502
v 0.04005545 0.05643486 0.02688161
v 0.03954755 0.05661006 0.02695491
v 0.03086810 0.06130224 0.02696158
v 0.02893710 0.06180873 0.02730812
v 0.02773023 0.06192659 0.02759469
v 0.02304352 0.06304150 0.02831110
v 0.02125333 0.06339509 0.02857767
v 0.01976485 0.06362444 0.02872762
v 0.01845740 0.06415004 0.02881758
v 0.01700914 0.06444948 0.02892421
v 0.01278508 0.06556757 0.02911414
v 0.01104517 0.06598805 0.02914080
v 0.00624783 0.06678441 0.02935406
v 0.00441238 0.06690228 0.02946402
v 0.00232046 0.06687361 0.02956065
v -0.00462411 0.06725586 0.02968727
v -0.00354797 0.06721764 0.02969727
v -0.00462411 0.06669522 0.01646199
v -0.00418158 0.06678441 0.01677188
v -0.00327643 0.06686087 0.01706844
v -0.00210978 0.06673026 0.01664193
v -0.00185835 0.06652002 0.01591552
v -0.00160189 0.06629704 0.01519245
v -0.00137057 0.06606132 0.01446271
v -0.00100348 0.06567588 0.01332645
v 0.00034420 0.06531910 0.01243010
v 0.00080181 0.06476165 0.01091064
v 0.00123930 0.06418190 0.00937119
v 0.00093255 0.06408952 0.00908463
v 0.00194834 0.06402581 0.00908463
v 0.00291887 0.06380920 0.00869477
v 0.00269761 0.06349065 0.00785173
v 0.00290378 0.06318166 0.00713866
v 0.00384414 0.06316574 0.00726528
v 0.00484484 0.06301920 0.00711200
v 0.00515159 0.06266880 0.00635893
v 0.00410060 0.06202853 0.00487946
v 0.00433192 0.06112385 0.00315341
v 0.00371340 0.05935593 -0.00023205
v 0.00484484 0.06011725 0.00134739
v 0.00543822 0.05925718 -0.00012542
v 0.00530245 0.05861690 -0.00127167
v 0.00542816 0.05823146 -0.00190811
v 0.00562931 0.05778550 -0.00258787
v 0.00572988 0.05729493 -0.00332428
v 0.00436209 0.05714203 -0.00373413
v 0.00537788 0.05676615 -0.00413065
v 0.00539296 0.05669288 -0.00422729
v 0.00798272 0.05846400 -0.00101510
v 0.00960194 0.05850222 -0.00056859
v 0.01154300 0.05860735 0.00017448
v 0.01287560 0.05872520 0.00081425
v 0.01369526 0.05823783 0.00023112
v 0.00684122 0.05835251 -0.00144828
v 0.00833472 0.05634886 -0.00422729
v 0.00731894 0.05647946 -0.00422729
v 0.00628304 0.05687127 -0.00384409
v 0.01468591 0.05833021 0.00076093
v 0.01605370 0.05793203 0.00058100
v 0.01737624 0.05771223 0.00073428
v 0.01917146 0.05689038 0.00004785
v 0.02075549 0.05670244 0.00043105
v 0.02042863 0.05729493 0.00135405
v 0.02161036 0.05714522 0.00165395
v 0.02378776 0.05567991 0.00005785
v 0.02605569 0.05508742 0.00023112
v 0.02703124 0.05498867 0.00063764
v 0.02734805 0.05452359 0.00001786
v 0.02556288 0.05548878 0.00068096
v 0.02906282 0.05426875 0.00068429
v 0.02977186 0.05372722 0.00024445
v 0.03112959 0.05350105 0.00077759
v 0.03229121 0.05325896 0.00118078
v 0.03180343 0.05293086 0.00031776
v 0.03250241 0.05279070 0.00057100
v 0.03362883 0.05212494 0.00031109
v 0.03441833 0.05200708 0.00070095
v 0.03480554 0.05140503 0.00005452
v 0.03641974 0.05059592 0.00005119
v 0.03801382 0.04966258 -0.00006544
v 0.03947213 0.04951923 0.00096086
v 0.04065386 0.04865279 0.00069762
v 0.04388728 0.04700909 0.00120744
v 0.04551153 0.04643571 0.00192385
v 0.04674858 0.04555971 0.00183055
v 0.04674858 0.04497358 0.00097419
v 0.04359059 0.04787235 0.00222041
v 0.04165456 0.04817497 0.00088089
v 0.04203171 0.04852537 0.00175058
v 0.04674858 0.05263461 0.02518554
v 0.04674858 0.05302961 0.02513556
v 0.04674858 0.05345009 0.02501561
v 0.04674858 0.05352335 0.02498895
v 0.04422922 0.05500778 0.02538214
v 0.04239880 0.05587741 0.02582198
v 0.04048288 0.05653998 0.02646176
v 0.03403615 0.06030519 0.02633513
v 0.03254767 0.06090725 0.02657172
v 0.02965117 0.06188199 0.02695158
v 0.02825823 0.06222284 0.02723148
v 0.02711170 0.06236619 0.02751805
v 0.02339553 0.06325493 0.02805452
v 0.02213334 0.06350339 0.02826445
v 0.01997102 0.06390158 0.02861432
v 0.01772321 0.06462149 0.02864764
v 0.01621462 0.06493366 0.02879092
v 0.01450991 0.06526495 0.02895753
v 0.01356452 0.06543059 0.02904417
v 0.01208610 0.06601991 0.02890422
v 0.01094459 0.06630023 0.02892421
v 0.01356452 0.06562809 0.02888756
v 0.01321754 0.06575870 0.02886090
v 0.00990869 0.06640853 0.02904417
v 0.00809838 0.06673026 0.02913414
v 0.00691665 0.06693413 0.02908415
v 0.00286858 0.06719534 0.02925743
v 0.00072638 0.06738328 0.02922411
v -0.00462411 0.06758397 0.02942736
v -0.00462411 0.06736735 0.02962063
v -0.00462411 0.06696280 0.01744164
v -0.00445816 0.06697873 0.01749829
v -0.00355301 0.06705200 0.01779485
v -0.00239641 0.06692457 0.01736500
v -0.00124988 0.06678441 0.01693516
v -0.00098839 0.06657417 0.01620875
v -0.00072187 0.06635438 0.01548568
v -0.00034472 0.06601991 0.01445271
v 0.00128959 0.06549431 0.01309653
v 0.00198857 0.06489862 0.01150043
v 0.00257692 0.06424560 0.00978105
v 0.00356756 0.06354481 0.00814830
v 0.00437718 0.06369771 0.00870143
v 0.00602154 0.06331545 0.00812164
v 0.00630315 0.06301284 0.00743188
v 0.00625789 0.06272933 0.00673547
v 0.00589583 0.06238530 0.00591909
v 0.00705242 0.06241078 0.00622565
v 0.00615732 0.06170042 0.00459956
v 0.00583549 0.06098051 0.00315341
v 0.00616738 0.06014274 0.00164062
v 0.00634841 0.05943556 0.00036774
v 0.00670041 0.05877299 -0.00074853
v 0.00633835 0.05659095 -0.00422729
v 0.00779163 0.05888448 -0.00031868
v 0.00928011 0.05910109 0.00042105
v 0.01008972 0.05920621 0.00082758
v 0.01134689 0.05927311 0.00131740
v 0.01244816 0.06002487 0.00306344
v 0.01370029 0.05908516 0.00176724
v 0.01383104 0.05836525 0.00050769
v 0.01394167 0.05919028 0.00205047
v 0.01588776 0.05884307 0.00218043
v 0.01713989 0.05838436 0.00185388
v 0.01853785 0.05783646 0.00146735
v 0.01848757 0.05839073 0.00246699
v 0.02022245 0.05804352 0.00264359
v 0.02073035 0.05823465 0.00325671
v 0.02238980 0.05767401 0.00306011
v 0.02303850 0.05679800 0.00174392
v 0.02347096 0.05610039 0.00067097
v 0.02426549 0.05620551 0.00128408
v 0.02685524 0.05540596 0.00129408
v 0.02809229 0.05524669 0.00178390
v 0.02779057 0.05488036 0.00092421
v 0.02554779 0.05594749 0.00152399
v 0.02908796 0.05469560 0.00145402
v 0.03058650 0.05403621 0.00131407
v 0.03180343 0.05381960 0.00179057
v 0.03220573 0.05374633 0.00194718
v 0.03379478 0.05302005 0.00189053
v 0.03398084 0.05255179 0.00125409
v 0.03504188 0.05230651 0.00166728
v 0.03552463 0.05174268 0.00112414
v 0.03629402 0.05107055 0.00068096
v 0.03781267 0.05070104 0.00135072
v 0.03803896 0.05018818 0.00074427
v 0.03909497 0.05036975 0.00193718
v 0.04044768 0.04949375 0.00178390
v 0.04538582 0.04689442 0.00249365
v 0.04674858 0.04597700 0.00246699
v 0.04652732 0.04605345 0.00236036
v 0.04409345 0.04786916 0.00271690
v 0.04197639 0.04905734 0.00251031
v 0.04330395 0.04861456 0.00310343
v 0.04674858 0.05379093 0.02475903
v 0.04348499 0.05559390 0.02532550
v 0.04663795 0.05394384 0.02469572
v 0.04540593 0.05468605 0.02484567
v 0.04152381 0.05636478 0.02590862
v 0.04255469 0.05609721 0.02541880
v 0.03580121 0.05956298 0.02593861
v 0.03517263 0.05989109 0.02590196
v 0.03376461 0.06051543 0.02603524
v 0.03180846 0.06120349 0.02661503
v 0.03110445 0.06147744 0.02665169
v 0.02828338 0.06244264 0.02690493
v 0.02668427 0.06278348 0.02729479
v 0.02553271 0.06296187 0.02755470
v 0.02329496 0.06364037 0.02770798
v 0.02077058 0.06388565 0.02838107
v 0.02444652 0.06336324 0.02756136
v 0.01919661 0.06430294 0.02850103
v 0.01491220 0.06585745 0.02826445
v 0.01542009 0.06528406 0.02869429
v 0.01422830 0.06566632 0.02867763
v 0.01356452 0.06572685 0.02880092
v 0.01328292 0.06604539 0.02856101
v 0.01131671 0.06654232 0.02855434
v 0.00994892 0.06687361 0.02849103
v 0.00874204 0.06699784 0.02862099
v 0.00668533 0.06720171 0.02870096
v 0.00555891 0.06717941 0.02891755
v -0.00246179 0.06814142 0.02844438
v -0.00372398 0.06828795 0.02837441
v -0.00405587 0.06803630 0.02881425
v -0.00462411 0.06799489 0.02893754
v -0.00462411 0.06784836 0.02912747
v -0.00462411 0.06716667 0.01826135
v -0.00267299 0.06711252 0.01809141
v -0.00383461 0.06723038 0.01852126
v -0.00152143 0.06697873 0.01766156
v -0.00036484 0.06682901 0.01723505
v -0.00010335 0.06662196 0.01650864
v 0.00064089 0.06646268 0.01607213
v 0.00070123 0.06619192 0.01516579
v 0.00111861 0.06585426 0.01416615
v 0.00297921 0.06547519 0.01339642
v 0.00384414 0.06491455 0.01195694
v 0.00391454 0.06427427 0.01016424
v 0.00520188 0.06374549 0.00903131
v 0.00614726 0.06366904 0.00908463
v 0.00775643 0.06349065 0.00908463
v 0.00789220 0.06308610 0.00807166
v 0.00795758 0.06279304 0.00735858
v 0.00808832 0.06242352 0.00653887
v 0.00781174 0.06176413 0.00508606
v 0.00893313 0.06211454 0.00609569
v 0.00810844 0.06209224 0.00582579
v 0.00726865 0.06091999 0.00332668
v 0.00747483 0.06026378 0.00213711
v 0.00757037 0.05937822 0.00051769
v 0.00884765 0.06036572 0.00264693
v 0.00976789 0.06034979 0.00285352
v 0.01086916 0.06004399 0.00260028
v 0.01221181 0.06065878 0.00418971
v 0.01314714 0.06003762 0.00334001
v 0.01370029 0.05945149 0.00244367
v 0.01082893 0.06076390 0.00394313
v 0.01498763 0.05977322 0.00354327
v 0.01676777 0.05928903 0.00337667
v 0.01827134 0.05887811 0.00327004
v 0.02094155 0.05853727 0.00395646
v 0.01959890 0.05904057 0.00423303
v 0.02257586 0.05810086 0.00398978
v 0.02403417 0.05695728 0.00258695
v 0.02542711 0.05631700 0.00215710
v 0.02745868 0.05600164 0.00280020
v 0.02664404 0.05601438 0.00232038
v 0.02830852 0.05563213 0.00265026
v 0.02940477 0.05546967 0.00308677
v 0.02922374 0.05509379 0.00226373
v 0.03054627 0.05446625 0.00204714
v 0.03180343 0.05426557 0.00257695
v 0.03201464 0.05422734 0.00266359
v 0.03355843 0.05388968 0.00323338
v 0.03366906 0.05347876 0.00258695
v 0.03492119 0.05277159 0.00235037
v 0.03602750 0.05209945 0.00211045
v 0.03662591 0.05147829 0.00159064
v 0.03783278 0.05116611 0.00210712
v 0.03916035 0.05083483 0.00273689
v 0.04035717 0.04999705 0.00248365
v 0.04520479 0.04745824 0.00320006
v 0.04661281 0.04651216 0.00317341
v 0.04674858 0.04646119 0.00324005
v 0.04400294 0.04836928 0.00341998
v 0.04157913 0.04959568 0.00300013
v 0.04249937 0.04933448 0.00347330
v 0.04363081 0.04896815 0.00402643
v 0.04674858 0.05388649 0.02466573
v 0.04454100 0.05522439 0.02483567
v 0.04352019 0.05575954 0.02497895
v 0.04614011 0.05434839 0.02438916
v 0.04229320 0.05643805 0.02498895
v 0.04150370 0.05690631 0.02470905
v 0.04038231 0.05744784 0.02457576
v 0.03637448 0.05932726 0.02555208
v 0.03714386 0.05896412 0.02522886
v 0.03484577 0.06003443 0.02567537
v 0.03393558 0.06037527 0.02538214
v 0.03278905 0.06087857 0.02581532
v 0.03191909 0.06124809 0.02615853
v 0.03180846 0.06128313 0.02622851
v 0.03010375 0.06189155 0.02652840
v 0.02733296 0.06284400 0.02670500
v 0.02573888 0.06339509 0.02677831
v 0.02652335 0.06303513 0.02702156
v 0.02484881 0.06350339 0.02723815
v 0.02185676 0.06417234 0.02766133
v 0.01983022 0.06440488 0.02818114
v 0.02046886 0.06410863 0.02826778
v 0.01602856 0.06587019 0.02781794
v 0.01462054 0.06622059 0.02788792
v 0.01374555 0.06630978 0.02809784
v 0.01356452 0.06601354 0.02851103
v 0.01995593 0.06469157 0.02780128
v 0.01298120 0.06641809 0.02819781
v 0.01178438 0.06668885 0.02821113
v 0.01061270 0.06688954 0.02828777
v 0.00948126 0.06705200 0.02825112
v 0.00779666 0.06716030 0.02850103
v 0.00711276 0.06736417 0.02819114
v 0.00111358 0.06834848 0.02739476
v -0.00007318 0.06825928 0.02785459
v -0.00210978 0.06834848 0.02805119
v -0.00462411 0.06835803 0.02835108
v -0.00462411 0.06823061 0.02857100
v -0.00462411 0.06814779 0.02870096
v -0.00462411 0.06720808 0.01843462
v -0.00232098 0.06731639 0.01902108
v -0.00181309 0.06716030 0.01838464
v -0.00462411 0.06735461 0.01909439
v -0.00414136 0.06738965 0.01924433
v -0.00067159 0.06701696 0.01795479
v 0.00021848 0.06704244 0.01826135
v 0.00049506 0.06685449 0.01753494
v 0.00077666 0.06665700 0.01681187
v 0.00188297 0.06646905 0.01638202
v 0.00255178 0.06625882 0.01579890
v 0.00251658 0.06592434 0.01468596
v 0.00349716 0.06579692 0.01451602
v 0.00383408 0.06542104 0.01344307
v 0.00485993 0.06520761 0.01308653
v 0.00515159 0.06436665 0.01073737
v 0.00617240 0.06374230 0.00928789
v 0.00768603 0.06350977 0.00911462
v 0.00755528 0.06406722 0.01063408
v 0.00874707 0.06368178 0.00996765
v 0.00902868 0.06332820 0.00908463
v 0.00920468 0.06310202 0.00854149
v 0.00992378 0.06281215 0.00805500
v 0.00961703 0.06246494 0.00712200
v 0.00910411 0.06175139 0.00538262
v 0.00927005 0.06135321 0.00463288
v 0.00843530 0.06126720 0.00425968
v 0.00978297 0.06212409 0.00639559
v 0.01085911 0.06178643 0.00601906
v 0.00995898 0.06176413 0.00568251
v 0.01215650 0.06105696 0.00495943
v 0.01369526 0.06064285 0.00471286
v 0.01369526 0.06006310 0.00358992
v 0.01114574 0.06102829 0.00455958
v 0.01541003 0.06025423 0.00465621
v 0.01635542 0.05976367 0.00410640
v 0.01415790 0.06007903 0.00379985
v 0.01827637 0.05933681 0.00415972
v 0.02134887 0.05882396 0.00474951
v 0.01810539 0.05962669 0.00464954
v 0.01826631 0.05985286 0.00518935
v 0.01973467 0.05941008 0.00505273
v 0.02271666 0.05852771 0.00493944
v 0.02458229 0.05785239 0.00466621
v 0.02469292 0.05720575 0.00344331
v 0.02563328 0.05674385 0.00310010
v 0.02641272 0.05688720 0.00386649
v 0.02742348 0.05669288 0.00413973
v 0.02865047 0.05601757 0.00362658
v 0.02975677 0.05616091 0.00470286
v 0.03019929 0.05574362 0.00419971
v 0.03060661 0.05526580 0.00356327
v 0.03059153 0.05487718 0.00282020
v 0.03191406 0.05465101 0.00337333
v 0.03355843 0.05429423 0.00398645
v 0.03510223 0.05359343 0.00395646
v 0.03519274 0.05314110 0.00320673
v 0.03613813 0.05248489 0.00285685
v 0.03744055 0.05172676 0.00268691
v 0.03922572 0.05126168 0.00350995
v 0.04025659 0.05048442 0.00318340
v 0.04124724 0.05015632 0.00359659
v 0.04469689 0.04811445 0.00373321
v 0.04659772 0.04698042 0.00391981
v 0.04674858 0.04692309 0.00399311
v 0.04238874 0.04981867 0.00417971
v 0.04459129 0.04859864 0.00443296
v 0.04348499 0.04943004 0.00466954
v 0.04674858 0.05396294 0.02438916
v 0.04377162 0.05572450 0.02461242
v 0.04484272 0.05511927 0.02448913
v 0.04642675 0.05417319 0.02405928
v 0.04527016 0.05487399 0.02412259
v 0.04674858 0.05396613 0.02430586
v 0.04674858 0.05397250 0.02406261
v 0.04290166 0.05621188 0.02453245
v 0.04249937 0.05640938 0.02422589
v 0.03955761 0.05773453 0.02372607
v 0.03917543 0.05798618 0.02444248
v 0.04107123 0.05710381 0.02433252
v 0.03629402 0.05932726 0.02503227
v 0.03541903 0.05969677 0.02491897
v 0.03390541 0.06002169 0.02300632
v 0.03294997 0.06071293 0.02501561
v 0.03225601 0.06104104 0.02548211
v 0.03180846 0.06128632 0.02610522
v 0.03180846 0.06128950 0.02615853
v 0.03180846 0.06128950 0.02618186
v 0.03036524 0.06180873 0.02618519
v 0.02856498 0.06243308 0.02657838
v 0.02696084 0.06298098 0.02637845
v 0.02532150 0.06352888 0.02645509
v 0.02411463 0.06391750 0.02686495
v 0.02321450 0.06402899 0.02727147
v 0.01548043 0.06616962 0.02756136
v 0.02077058 0.06465335 0.02750139
v 0.01839202 0.06530636 0.02759135
v 0.01707955 0.06581922 0.02739476
v 0.01437413 0.06640853 0.02761468
v 0.01155306 0.06682901 0.02801787
v 0.01023053 0.06706474 0.02791124
v 0.00663504 0.06755849 0.02782127
v 0.00229029 0.06825928 0.02729479
v 0.00161645 0.06838033 0.02699157
v 0.00040454 0.06845997 0.02713485
v -0.00011844 0.06841856 0.02750472
v -0.00118954 0.06843448 0.02768465
v -0.00333174 0.06843448 0.02802120
v -0.00462411 0.06837715 0.02831110
v -0.00251207 0.06748203 0.01980413
v -0.00123983 0.06736098 0.01941094
v -0.00096828 0.06719534 0.01868120
v -0.00462411 0.06752026 0.01989077
v -0.00435256 0.06753618 0.01997407
v -0.00008324 0.06721764 0.01898109
v 0.00104318 0.06705518 0.01855458
v 0.00165668 0.06685768 0.01786816
v 0.00211931 0.06670478 0.01737833
v 0.00273281 0.06648180 0.01668191
v 0.00383911 0.06627474 0.01625873
v 0.00407546 0.06605176 0.01552899
v 0.00323064 0.06603583 0.01522910
v 0.00434198 0.06581285 0.01481258
v 0.00464872 0.06558350 0.01416948
v 0.00630315 0.06523628 0.01365966
v 0.00671047 0.06470113 0.01218352
v 0.00671550 0.06407678 0.01038083
v 0.00833472 0.06440169 0.01189696
v 0.00934548 0.06379964 0.01052745
v 0.00980309 0.06338872 0.00955113
v 0.01004447 0.06309566 0.00884471
v 0.01109545 0.06277392 0.00843486
v 0.01129660 0.06245538 0.00772178
v 0.01046184 0.06246494 0.00742189
v 0.01064790 0.06213365 0.00670881
v 0.01079876 0.06139781 0.00518269
v 0.01175421 0.06178325 0.00633894
v 0.01187489 0.06142010 0.00560920
v 0.01269959 0.06141055 0.00590243
v 0.01369024 0.06102511 0.00548258
v 0.01385115 0.06063967 0.00476950
v 0.01534466 0.06058870 0.00529931
v 0.01650628 0.06016503 0.00497943
v 0.02149470 0.05914250 0.00548924
v 0.01635039 0.06054729 0.00569917
v 0.01746675 0.06036890 0.00587911
v 0.01834174 0.06035935 0.00633228
v 0.01888986 0.06004399 0.00594575
v 0.02047891 0.05980826 0.00633228
v 0.02258089 0.05905649 0.00595908
v 0.02465269 0.05824102 0.00551590
v 0.02593500 0.05767082 0.00513937
v 0.02549751 0.05715159 0.00381651
v 0.02750897 0.05728220 0.00539595
v 0.02866555 0.05663236 0.00486947
v 0.02972660 0.05661643 0.00561587
v 0.03145143 0.05589970 0.00547592
v 0.03164755 0.05547285 0.00477283
v 0.03169783 0.05509060 0.00405309
v 0.03180343 0.05506830 0.00409308
v 0.03452896 0.05409674 0.00442962
v 0.03343272 0.05471471 0.00470286
v 0.03576098 0.05385145 0.00505273
v 0.03616830 0.05333223 0.00440630
v 0.03629402 0.05288945 0.00369988
v 0.03733998 0.05223006 0.00345331
v 0.03923578 0.05170127 0.00427968
v 0.04061865 0.05082527 0.00411640
v 0.04157410 0.05051947 0.00455624
v 0.04579314 0.04775130 0.00432299
v 0.04674858 0.04738179 0.00477950
v 0.04228817 0.05029330 0.00490279
v 0.04448569 0.04907645 0.00515270
v 0.04570765 0.04816541 0.00494277
v 0.04321847 0.04998749 0.00538262
v 0.04398283 0.05561301 0.02412926
v 0.04630606 0.05421778 0.02374606
v 0.04674858 0.05395339 0.02381603
v 0.04674858 0.05393428 0.02359945
v 0.04568753 0.05455544 0.02343950
v 0.04482764 0.05510016 0.02379937
v 0.04112152 0.05699869 0.02374606
v 0.04358556 0.05578821 0.02382936
v 0.04267035 0.05623418 0.02367942
v 0.03915532 0.05755614 0.02186340
v 0.03858205 0.05792884 0.02243320
v 0.03893909 0.05796070 0.02345616
v 0.03769701 0.05855638 0.02377605
v 0.03846137 0.05826650 0.02407594
v 0.04028677 0.05731087 0.02326956
v 0.03697288 0.05893226 0.02420256
v 0.03616830 0.05921577 0.02380937
v 0.03480554 0.05960121 0.02267977
v 0.03432782 0.05970633 0.02211664
v 0.03319134 0.06032431 0.02313961
v 0.03235156 0.06065878 0.02319626
v 0.03180846 0.06096459 0.02386935
v 0.03180846 0.06115253 0.02511224
v 0.03180846 0.06122898 0.02564205
v 0.03123017 0.06146789 0.02584864
v 0.02977186 0.06199030 0.02592528
v 0.02868567 0.06239167 0.02624517
v 0.02780566 0.06266880 0.02601525
v 0.02512539 0.06350977 0.02576867
v 0.02426549 0.06383468 0.02623184
v 0.02361679 0.06406722 0.02656839
v 0.02624175 0.06318485 0.02605190
v 0.02238477 0.06443992 0.02663836
v 0.02246020 0.06441125 0.02690493
v 0.02106224 0.06474891 0.02715817
v 0.02184671 0.06442718 0.02731478
v 0.01599336 0.06611547 0.02733811
v 0.01948827 0.06508976 0.02741142
v 0.02007159 0.06503241 0.02718150
v 0.01857305 0.06550705 0.02708154
v 0.01493734 0.06634483 0.02738143
v 0.01356452 0.06661240 0.02745473
v 0.01259902 0.06678760 0.02747139
v 0.01150780 0.06693095 0.02763467
v 0.00927005 0.06734506 0.02734477
v 0.00775140 0.06748841 0.02756136
v 0.00427158 0.06806179 0.02711152
v 0.00336642 0.06810638 0.02736143
v 0.00312504 0.06822424 0.02698157
v 0.00122924 0.06837077 0.02657505
v 0.00043974 0.06845041 0.02677831
v 0.00229532 0.06829751 0.02675165
v -0.00020392 0.06848864 0.02696491
v -0.00085765 0.06850775 0.02726480
v -0.00203435 0.06846634 0.02772131
v -0.00423690 0.06848227 0.02796788
v -0.00462411 0.06846952 0.02803453
v -0.00280374 0.06767953 0.02082377
v -0.00085262 0.06752663 0.02034061
v -0.00038495 0.06738010 0.01970417
v -0.00462411 0.06755849 0.02010069
v -0.00419667 0.06782924 0.02158350
v 0.00075152 0.06722401 0.01928099
v 0.00187291 0.06705518 0.01885114
v 0.00316527 0.06688317 0.01854125
v 0.00333122 0.06668248 0.01771488
v 0.00358768 0.06648499 0.01698514
v 0.00506610 0.06624607 0.01661194
v 0.00493033 0.06604858 0.01583555
v 0.00517673 0.06581285 0.01510914
v 0.00627298 0.06556757 0.01469263
v 0.00816878 0.06504834 0.01377962
v 0.00853587 0.06470749 0.01288994
v 0.00980309 0.06436347 0.01239011
v 0.01024058 0.06385061 0.01106725
v 0.01080379 0.06323582 0.00954780
v 0.01030595 0.06314344 0.00908463
v 0.01194529 0.06275163 0.00874808
v 0.01216656 0.06243945 0.00804833
v 0.01150780 0.06212727 0.00702203
v 0.01229730 0.06212727 0.00734525
v 0.01253868 0.06177050 0.00662217
v 0.01352932 0.06139144 0.00620232
v 0.01369526 0.06138506 0.00626230
v 0.01451996 0.06099007 0.00578581
v 0.01534969 0.06095503 0.00609236
v 0.02197242 0.05944193 0.00641891
v 0.01617942 0.06091361 0.00641225
v 0.01744664 0.06081168 0.00686542
v 0.01888483 0.06053136 0.00703869
v 0.02084600 0.05999302 0.00697205
v 0.02335027 0.05914887 0.00664550
v 0.02464264 0.05861053 0.00629229
v 0.02576402 0.05825376 0.00626897
v 0.02717708 0.05765170 0.00594908
v 0.02846944 0.05713566 0.00577248
v 0.03092342 0.05634886 0.00600240
v 0.02944500 0.05695728 0.00613235
v 0.03180343 0.05615135 0.00632228
v 0.03307568 0.05558435 0.00620899
v 0.03350814 0.05510334 0.00555589
v 0.03276391 0.05525943 0.00524933
v 0.03425741 0.05493770 0.00587911
v 0.03489102 0.05445032 0.00546259
v 0.03589172 0.05417319 0.00583246
v 0.03716900 0.05347557 0.00564252
v 0.03728969 0.05303598 0.00489612
v 0.03728969 0.05263461 0.00412973
v 0.03947213 0.05202937 0.00513271
v 0.04046779 0.05128716 0.00478283
v 0.03848651 0.05231606 0.00468620
v 0.04146347 0.05099091 0.00528932
v 0.04674858 0.04771626 0.00536596
v 0.04213228 0.05078705 0.00565252
v 0.04292177 0.05039524 0.00580913
v 0.04456615 0.04947145 0.00599240
v 0.04558696 0.04867190 0.00572583
v 0.04451083 0.05522757 0.02346949
v 0.04674858 0.05390880 0.02343284
v 0.04503381 0.05488036 0.02314961
v 0.04674858 0.05384190 0.02303631
v 0.04674858 0.05379730 0.02277307
v 0.04592388 0.05430061 0.02280973
v 0.04179536 0.05655272 0.02309962
v 0.04370625 0.05562257 0.02327290
v 0.04225297 0.05619914 0.02250650
v 0.04032699 0.05701780 0.02197003
v 0.03938161 0.05730131 0.02117364
v 0.03892400 0.05727901 0.02007071
v 0.03792330 0.05782054 0.02046057
v 0.03639962 0.05835570 0.01970417
v 0.03764170 0.05811997 0.02126361
v 0.03636442 0.05868379 0.02123695
v 0.03598727 0.05899597 0.02204667
v 0.03728466 0.05868061 0.02344283
v 0.03510726 0.05929859 0.02164348
v 0.03393055 0.05972544 0.02132359
v 0.03273373 0.06020007 0.02133359
v 0.03225098 0.06055366 0.02233323
v 0.03180846 0.06070019 0.02222327
v 0.03070216 0.06106015 0.02194670
v 0.03120502 0.06137869 0.02516222
v 0.02917345 0.06210816 0.02529217
v 0.02757937 0.06218462 0.02220328
v 0.02621158 0.06261465 0.02206333
v 0.02509019 0.06272614 0.02046390
v 0.02423532 0.06308610 0.02108368
v 0.02394868 0.06344924 0.02291636
v 0.02171596 0.06449407 0.02544545
v 0.02128853 0.06472343 0.02617186
v 0.02074543 0.06492729 0.02653173
v 0.01993079 0.06517257 0.02664835
v 0.02078566 0.06491137 0.02686828
v 0.01962907 0.06522673 0.02698157
v 0.01573187 0.06619829 0.02710486
v 0.01701920 0.06591160 0.02707154
v 0.01884963 0.06546882 0.02672833
v 0.01442442 0.06646587 0.02711486
v 0.01356452 0.06661559 0.02711152
v 0.01037636 0.06716986 0.02711486
v 0.00951646 0.06731639 0.02709486
v 0.00791735 0.06754893 0.02709486
v 0.00501079 0.06796940 0.02681830
v 0.00395980 0.06811594 0.02677498
v 0.00096272 0.06832618 0.02609189
v -0.00010838 0.06837077 0.02585531
v -0.00016872 0.06844723 0.02641177
v 0.00213440 0.06813505 0.02542213
v -0.00100851 0.06850775 0.02664835
v 0.00320047 0.06814142 0.02627849
v -0.00161697 0.06853005 0.02694492
v -0.00267299 0.06854597 0.02724814
v -0.00395530 0.06853960 0.02764467
v -0.00284899 0.06851093 0.02764467
v -0.00462411 0.06849819 0.02790791
v -0.00335186 0.06788977 0.02203001
v -0.00280876 0.06804904 0.02305964
v -0.00198407 0.06799489 0.02283972
v -0.00131023 0.06775280 0.02152685
v -0.00061627 0.06794074 0.02285305
v 0.00092249 0.06757122 0.02120697
v 0.00044980 0.06738647 0.02000406
v -0.00462411 0.06778465 0.02134692
v -0.00455371 0.06795985 0.02238321
v -0.00311551 0.06817328 0.02379271
v 0.00153599 0.06726223 0.01975748
v 0.00244115 0.06721445 0.01988411
v 0.00356756 0.06702333 0.01946092
v 0.00470404 0.06682901 0.01904107
v 0.00499570 0.06665381 0.01831800
v 0.00417100 0.06667292 0.01801810
v 0.00442746 0.06647861 0.01728837
v 0.00526725 0.06646587 0.01759492
v 0.00638864 0.06623652 0.01718174
v 0.00579526 0.06604220 0.01614544
v 0.00603663 0.06580967 0.01541903
v 0.00768100 0.06556120 0.01525909
v 0.00796260 0.06526495 0.01438940
v 0.00945611 0.06490500 0.01391290
v 0.01070825 0.06431887 0.01268667
v 0.01196038 0.06374867 0.01160706
v 0.01141729 0.06345880 0.01048080
v 0.01169386 0.06305106 0.00944783
v 0.01182461 0.06289816 0.00909129
v 0.01308680 0.06271021 0.00920125
v 0.01322760 0.06264013 0.00908463
v 0.01297114 0.06240760 0.00834156
v 0.01318234 0.06208268 0.00763848
v 0.01336337 0.06174502 0.00692540
v 0.01370029 0.06172909 0.00704536
v 0.01418807 0.06170679 0.00722529
v 0.01435402 0.06135321 0.00650222
v 0.01517872 0.06131498 0.00680877
v 0.02228923 0.05962988 0.00705868
v 0.02297815 0.05946423 0.00711866
v 0.01605873 0.06127357 0.00716865
v 0.01732595 0.06120986 0.00774177
v 0.01938770 0.06085309 0.00812164
v 0.02002633 0.06042943 0.00749853
v 0.02158522 0.06020326 0.00794170
v 0.02398891 0.05905649 0.00685209
v 0.02510527 0.05884944 0.00714199
v 0.02630209 0.05836525 0.00688875
v 0.02722233 0.05807537 0.00690874
v 0.02829846 0.05751155 0.00646890
v 0.02986237 0.05725352 0.00714199
v 0.03076753 0.05673111 0.00672880
v 0.02908796 0.05738732 0.00680877
v 0.03151177 0.05657821 0.00703203
v 0.03245716 0.05604942 0.00667549
v 0.03321145 0.05588378 0.00700204
v 0.03410153 0.05532632 0.00658885
v 0.03500166 0.05475931 0.00620899
v 0.03573584 0.05456818 0.00653221
v 0.03661585 0.05397250 0.00614235
v 0.03733998 0.05376864 0.00646890
v 0.03820491 0.05315703 0.00607570
v 0.03834571 0.05273973 0.00536262
v 0.03906983 0.05252949 0.00570583
v 0.03977384 0.05230651 0.00602572
v 0.04057340 0.05170127 0.00568251
v 0.04133775 0.05142414 0.00598573
v 0.04674858 0.04792651 0.00575915
v 0.04203171 0.05117886 0.00631228
v 0.04272063 0.05091765 0.00662551
v 0.04341458 0.05026463 0.00614901
v 0.04422922 0.04996520 0.00657219
v 0.04615017 0.04883117 0.00676879
v 0.04674858 0.04819727 0.00627563
v 0.04451586 0.05511927 0.02293302
v 0.04479747 0.05474657 0.02201001
v 0.04674858 0.05373360 0.02245319
v 0.04628595 0.05390561 0.02201001
v 0.04087009 0.05654635 0.02102037
v 0.04251446 0.05588696 0.02171679
v 0.03866251 0.05719937 0.01921768
v 0.03683711 0.05803078 0.01912438
v 0.04097066 0.05620870 0.01981746
v 0.03546932 0.05849904 0.01848460
v 0.03521286 0.05877299 0.01920768
v 0.03486085 0.05908516 0.01998074
v 0.03411158 0.05946423 0.02034394
v 0.03300025 0.05993887 0.02044724
v 0.03180846 0.06048039 0.02093373
v 0.03034512 0.06091680 0.02032395
v 0.02867058 0.06158575 0.02077379
v 0.02900248 0.06181829 0.02296301
v 0.02740839 0.06184695 0.01973749
v 0.02719216 0.06208268 0.02075046
v 0.02535670 0.06254139 0.01985745
v 0.02410960 0.06297142 0.02010403
v 0.02255072 0.06371363 0.02184674
v 0.02011182 0.06504834 0.02608856
v 0.01907089 0.06538282 0.02642843
v 0.01537986 0.06625563 0.02671500
v 0.01658674 0.06600398 0.02672166
v 0.01776344 0.06573958 0.02682496
v 0.01756230 0.06576507 0.02644843
v 0.01422327 0.06647224 0.02658838
v 0.01356452 0.06660284 0.02686162
v 0.01089934 0.06704244 0.02650507
v 0.01356452 0.06659010 0.02663503
v 0.00867164 0.06739284 0.02631847
v 0.00871690 0.06743425 0.02694158
v 0.00433192 0.06803948 0.02652507
v 0.00393968 0.06796622 0.02555875
v 0.00090741 0.06794074 0.02349282
v -0.00044027 0.06819239 0.02456243
v -0.00164212 0.06835166 0.02522220
v -0.00175275 0.06846634 0.02602524
v 0.00008774 0.06795030 0.02315627
v 0.00418609 0.06775280 0.02432252
v 0.00286355 0.06774961 0.02341285
v 0.00210423 0.06776554 0.02301965
v -0.00217013 0.06853323 0.02655839
v -0.00282385 0.06855553 0.02683829
v -0.00368375 0.06856509 0.02704488
v -0.00422684 0.06855235 0.02740475
v -0.00462411 0.06852049 0.02778462
v 0.00182262 0.06748203 0.02109701
v -0.00462411 0.06795348 0.02236655
v -0.00433747 0.06825928 0.02431919
v -0.00462411 0.06816691 0.02372940
v -0.00344237 0.06828477 0.02452578
v 0.00321556 0.06719216 0.02018067
v 0.00440232 0.06699784 0.01976415
v 0.00631824 0.06675256 0.01959754
v 0.00652441 0.06659329 0.01889113
v 0.00677081 0.06639897 0.01810141
v 0.00721333 0.06620785 0.01748496
v 0.00702225 0.06598487 0.01648865
v 0.00742957 0.06578418 0.01593218
v 0.00879736 0.06551023 0.01561563
v 0.00959692 0.06522673 0.01504250
v 0.01019030 0.06486040 0.01412949
v 0.01148266 0.06431250 0.01305988
v 0.01230736 0.06428064 0.01341975
v 0.01302645 0.06336642 0.01104393
v 0.01238279 0.06312433 0.00999097
v 0.01333823 0.06296824 0.01006428
v 0.01467082 0.06261147 0.00980770
v 0.01463059 0.06235663 0.00908130
v 0.01462054 0.06231522 0.00896134
v 0.01369526 0.06241078 0.00871809
v 0.01369526 0.06236937 0.00861146
v 0.01369526 0.06214958 0.00804833
v 0.01370029 0.06205719 0.00782841
v 0.01399196 0.06204127 0.00793171
v 0.01499768 0.06166220 0.00752518
v 0.02297312 0.05987516 0.00809498
v 0.02381794 0.05967448 0.00819161
v 0.02433589 0.05932726 0.00771845
v 0.01580730 0.06160805 0.00782841
v 0.01804002 0.06142648 0.00871476
v 0.01635542 0.06159849 0.00812164
v 0.01977490 0.06106015 0.00889470
v 0.02048394 0.06069382 0.00843153
v 0.02196236 0.06054729 0.00908130
v 0.02298318 0.06013955 0.00875475
v 0.02542711 0.05919028 0.00818162
v 0.02683513 0.05858186 0.00779176
v 0.02809229 0.05802122 0.00745521
v 0.02974672 0.05761030 0.00788172
v 0.03062170 0.05710699 0.00746521
v 0.02894213 0.05775683 0.00753518
v 0.03136091 0.05694772 0.00776510
v 0.03180846 0.05675022 0.00771178
v 0.03180343 0.05651768 0.00715865
v 0.03227613 0.05641894 0.00736857
v 0.03303545 0.05625329 0.00771178
v 0.03420713 0.05559709 0.00732859
v 0.03483571 0.05514156 0.00691207
v 0.03556486 0.05494407 0.00723196
v 0.03645493 0.05436431 0.00685209
v 0.03716900 0.05415408 0.00716865
v 0.03805405 0.05355521 0.00678878
v 0.03892400 0.05294042 0.00641225
v 0.03962801 0.05271106 0.00673547
v 0.04105615 0.05188921 0.00664217
v 0.04187582 0.05157704 0.00700204
v 0.04278600 0.05121071 0.00739190
v 0.04340453 0.05065007 0.00696205
v 0.04494832 0.05002253 0.00771178
v 0.04517461 0.04956064 0.00699871
v 0.04674858 0.04886940 0.00771178
v 0.04674858 0.04856360 0.00703869
v 0.04674858 0.04828009 0.00644224
v 0.04262006 0.05566717 0.02102703
v 0.04563222 0.05399798 0.02089708
v 0.04438512 0.05455226 0.02034061
v 0.04674858 0.05369537 0.02228658
v 0.04674858 0.05322074 0.02042725
v 0.03850159 0.05691268 0.01780818
v 0.03698797 0.05756889 0.01754494
v 0.03685722 0.05782054 0.01829467
v 0.04005545 0.05633611 0.01852126
v 0.04269549 0.05543781 0.02027063
v 0.04134278 0.05574680 0.01876117
v 0.03531343 0.05834932 0.01761158
v 0.03395569 0.05899279 0.01782151
v 0.03378472 0.05922851 0.01853792
v 0.03326677 0.05955980 0.01908439
v 0.03180846 0.06014911 0.01913771
v 0.03155200 0.06025104 0.01914437
v 0.03046581 0.06072249 0.01949425
v 0.02858007 0.06140736 0.01953090
v 0.02771514 0.06163034 0.01909106
v 0.02438115 0.06276118 0.01938095
v 0.02573888 0.06218143 0.01858457
v 0.02335530 0.06318485 0.02003405
v 0.02167573 0.06365311 0.01992076
v 0.02129355 0.06393343 0.02097705
v 0.02020234 0.06463105 0.02349948
v 0.01956370 0.06515346 0.02576534
v 0.01839202 0.06551023 0.02606190
v 0.01547038 0.06617281 0.02608856
v 0.01699909 0.06574596 0.02538214
v 0.01618445 0.06595938 0.02560873
v 0.01454511 0.06634164 0.02595527
v 0.01356452 0.06653276 0.02599192
v 0.01356452 0.06655188 0.02617519
v 0.00933040 0.06717304 0.02523220
v 0.01328292 0.06658373 0.02599859
v 0.01236770 0.06664107 0.02507892
v 0.00827438 0.06740558 0.02586530
v 0.00567960 0.06772413 0.02546878
v 0.00494541 0.06779420 0.02524552
v -0.00376421 0.06838989 0.02526552
v -0.00424193 0.06849819 0.02605857
v -0.00309037 0.06852049 0.02634847
v 0.00634841 0.06718578 0.02231657
v 0.00558405 0.06706474 0.02092707
v 0.00459844 0.06727179 0.02152685
v 0.00274789 0.06749477 0.02169679
v -0.00440787 0.06854597 0.02660504
v -0.00462411 0.06854279 0.02739809
v -0.00462411 0.06853960 0.02746473
v -0.00462411 0.06825291 0.02431252
v -0.00462411 0.06833255 0.02485900
v -0.00462411 0.06848227 0.02594528
v 0.00408551 0.06715712 0.02049056
v 0.00595114 0.06691502 0.02028396
v 0.00708259 0.06674938 0.02013068
v 0.00745974 0.06653913 0.01923100
v 0.00846547 0.06630341 0.01875118
v 0.00867164 0.06612821 0.01804476
v 0.00873199 0.06589567 0.01707178
v 0.00909405 0.06573003 0.01660194
v 0.00960194 0.06547519 0.01591219
v 0.01066299 0.06518850 0.01549567
v 0.01103511 0.06482536 0.01444938
v 0.01198552 0.06463423 0.01437607
v 0.01308680 0.06421056 0.01366966
v 0.01356452 0.06391113 0.01301656
v 0.01395675 0.06365630 0.01247009
v 0.01356452 0.06319441 0.01084400
v 0.01356452 0.06299053 0.01025421
v 0.01403721 0.06304150 0.01066740
v 0.01478648 0.06305425 0.01116389
v 0.01577713 0.06241078 0.00992433
v 0.01494740 0.06228974 0.00908130
v 0.01562124 0.06193615 0.00854815
v 0.01479151 0.06199030 0.00822827
v 0.02414480 0.05980826 0.00875808
v 0.02477841 0.05954069 0.00855815
v 0.01654651 0.06182785 0.00882472
v 0.01661188 0.06191066 0.00908130
v 0.01841214 0.06147426 0.00908130
v 0.01895523 0.06154115 0.00962110
v 0.02057949 0.06126402 0.01001096
v 0.02128853 0.06091043 0.00956779
v 0.02165562 0.06063011 0.00908130
v 0.02314410 0.06040076 0.00957112
v 0.02539693 0.05956298 0.00908796
v 0.02665912 0.05909791 0.00892802
v 0.02734805 0.05858504 0.00820827
v 0.02849961 0.05824739 0.00833823
v 0.02952043 0.05796388 0.00856148
v 0.03046078 0.05746695 0.00819161
v 0.03118491 0.05730131 0.00848484
v 0.03180846 0.05685216 0.00796836
v 0.03237670 0.05672474 0.00822160
v 0.03232138 0.05654317 0.00771178
v 0.03357352 0.05641575 0.00871476
v 0.03395569 0.05585829 0.00771178
v 0.03431273 0.05570221 0.00771178
v 0.03468485 0.05553656 0.00771178
v 0.03540395 0.05521164 0.00771178
v 0.03647002 0.05471471 0.00771178
v 0.03668122 0.05461597 0.00771178
v 0.03822502 0.05385464 0.00771178
v 0.03836582 0.05378456 0.00771178
v 0.03875806 0.05332904 0.00710533
v 0.03976379 0.05305191 0.00771178
v 0.04032699 0.05246578 0.00704536
v 0.04102095 0.05222369 0.00737524
v 0.04171490 0.05197204 0.00771178
v 0.04282120 0.05132220 0.00771178
v 0.04321344 0.05108329 0.00771178
v 0.04537576 0.05026144 0.00896800
v 0.04674858 0.04924528 0.00860480
v 0.04674858 0.04892674 0.00784507
v 0.04424431 0.05076793 0.00848484
v 0.04578308 0.05370492 0.02014734
v 0.04473712 0.05398843 0.01900775
v 0.04323858 0.05478798 0.01891112
v 0.04291172 0.05513520 0.01954089
v 0.04674858 0.05281618 0.01898443
v 0.04605965 0.05320481 0.01891112
v 0.03886869 0.05645716 0.01680854
v 0.03739026 0.05711018 0.01655863
v 0.03577607 0.05790017 0.01666859
v 0.04035214 0.05577229 0.01702846
v 0.04165456 0.05540277 0.01809474
v 0.03419204 0.05850222 0.01629205
v 0.03398587 0.05877618 0.01700513
v 0.03260802 0.05919984 0.01638535
v 0.03225098 0.05949928 0.01698514
v 0.03196938 0.05978278 0.01771821
v 0.03222584 0.05988471 0.01865454
v 0.03180846 0.06001213 0.01847794
v 0.03115474 0.06020326 0.01820137
v 0.02986740 0.06056322 0.01761825
v 0.02965117 0.06077664 0.01826135
v 0.02884156 0.06118120 0.01881449
v 0.02780063 0.06145196 0.01833466
v 0.02441132 0.06258917 0.01852126
v 0.02316421 0.06302239 0.01881115
v 0.02614620 0.06186288 0.01766490
v 0.02454709 0.06238848 0.01774820
v 0.02209311 0.06337598 0.01900775
v 0.02068509 0.06386017 0.01949758
v 0.02000119 0.06414686 0.02010069
v 0.01965421 0.06433480 0.02067382
v 0.01811545 0.06549749 0.02553209
v 0.01850265 0.06470431 0.02109701
v 0.01486694 0.06610591 0.02471238
v 0.01722538 0.06553890 0.02438916
v 0.01682811 0.06545608 0.02326956
v 0.01572181 0.06537326 0.02111367
v 0.01503791 0.06582878 0.02305631
v 0.01356452 0.06632571 0.02440916
v 0.01356452 0.06647861 0.02555875
v 0.01162849 0.06669841 0.02447580
v 0.00961703 0.06675575 0.02257648
v 0.00764580 0.06709659 0.02293302
v 0.00827941 0.06684813 0.02184674
v -0.00462411 0.06853642 0.02654839
v -0.00462411 0.06853960 0.02663169
v 0.00795255 0.06664744 0.02026064
v 0.00825427 0.06648499 0.01953423
v 0.00935051 0.06624607 0.01911771
v 0.00965223 0.06605176 0.01839797
v 0.00992378 0.06585745 0.01767489
v 0.01017018 0.06564721 0.01694849
v 0.01042161 0.06542423 0.01621875
v 0.01150277 0.06513435 0.01581223
v 0.01174918 0.06489225 0.01509248
v 0.01307171 0.06452911 0.01470262
v 0.01356452 0.06418508 0.01388958
v 0.01392155 0.06416597 0.01405952
v 0.01544523 0.06358622 0.01323315
v 0.01561118 0.06309566 0.01182365
v 0.01594307 0.06274207 0.01099061
v 0.01546032 0.06217506 0.00908130
v 0.01704937 0.06245538 0.01090398
v 0.01676777 0.06213046 0.00978105
v 0.02453201 0.06001532 0.00961444
v 0.01932232 0.06171635 0.01036750
v 0.02056943 0.06158893 0.01094063
v 0.02212831 0.06104422 0.01057743
v 0.02464264 0.06029564 0.01048746
v 0.02617637 0.05951201 0.00961111
v 0.02654849 0.05919665 0.00908796
v 0.02806715 0.05869335 0.00908796
v 0.02930419 0.05824739 0.00908130
v 0.03027472 0.05781098 0.00889136
v 0.03102399 0.05760074 0.00908796
v 0.03180846 0.05715159 0.00872809
v 0.03190401 0.05712929 0.00876807
v 0.03429262 0.05621506 0.00903465
v 0.03448370 0.05586785 0.00833490
v 0.03180846 0.05728856 0.00908796
v 0.03180846 0.05741598 0.00943450
v 0.03264825 0.05694454 0.00910462
v 0.03327683 0.05686171 0.00962110
v 0.03525309 0.05546330 0.00817162
v 0.03647002 0.05504919 0.00857814
v 0.03771210 0.05430061 0.00819828
v 0.03878320 0.05395657 0.00872809
v 0.03929109 0.05346601 0.00813830
v 0.03999008 0.05322074 0.00846818
v 0.04085500 0.05259638 0.00807499
v 0.04094049 0.05240526 0.00771178
v 0.04154393 0.05233518 0.00840154
v 0.04288155 0.05150059 0.00824493
v 0.04402305 0.05132220 0.00957778
v 0.04518467 0.05079979 0.01010093
v 0.04635634 0.05000661 0.00993766
v 0.04674858 0.04955427 0.00938785
v 0.04674858 0.04950012 0.00924790
v 0.04477232 0.05366670 0.01797145
v 0.04331904 0.05440891 0.01776486
v 0.04211217 0.05489628 0.01719840
v 0.04674858 0.05259320 0.01824469
v 0.04641166 0.05271425 0.01796812
v 0.03898434 0.05597934 0.01535572
v 0.03785793 0.05651768 0.01530241
v 0.03630910 0.05723760 0.01521244
v 0.03463456 0.05802122 0.01525576
v 0.04045271 0.05535181 0.01579557
v 0.03352826 0.05836843 0.01475594
v 0.03315614 0.05881122 0.01578224
v 0.03234150 0.05895137 0.01504250
v 0.03180846 0.05924444 0.01531907
v 0.03180846 0.05942920 0.01601549
v 0.03072227 0.05994524 0.01634204
v 0.03021438 0.06029245 0.01699514
v 0.02813252 0.06100281 0.01679854
v 0.02793640 0.06125765 0.01763824
v 0.02646301 0.06160486 0.01694849
v 0.02294295 0.06289816 0.01786816
v 0.02475327 0.06216550 0.01702846
v 0.02302341 0.06270384 0.01709510
v 0.02112258 0.06345561 0.01806475
v 0.02069515 0.06368497 0.01859457
v 0.01961399 0.06389839 0.01820804
v 0.01883957 0.06420101 0.01872785
v 0.01850265 0.06441443 0.01939761
v 0.01878929 0.06451319 0.02037393
v 0.01767293 0.06489862 0.02101370
v 0.01621965 0.06510886 0.02020732
v 0.01480660 0.06544971 0.02036393
v 0.01308177 0.06592116 0.02106368
v 0.01272474 0.06615051 0.02212331
v 0.01193524 0.06625244 0.02181009
v 0.01084402 0.06650409 0.02222994
v 0.00895325 0.06646587 0.02003738
v 0.01006458 0.06658373 0.02192005
v 0.01014504 0.06616962 0.01942760
v 0.01043670 0.06598805 0.01870453
v 0.01073339 0.06578737 0.01798478
v 0.01099488 0.06558350 0.01726171
v 0.01125134 0.06536370 0.01653530
v 0.01231741 0.06507064 0.01612545
v 0.01255376 0.06483173 0.01539904
v 0.01356452 0.06470431 0.01566561
v 0.01356452 0.06449726 0.01494254
v 0.01484683 0.06413730 0.01461932
v 0.01520386 0.06389202 0.01405952
v 0.01664205 0.06358940 0.01413949
v 0.01753715 0.06299053 0.01287661
v 0.01730081 0.06274844 0.01195694
v 0.01783384 0.06225788 0.01087399
v 0.01920667 0.06213046 0.01150376
v 0.02162042 0.06151567 0.01156374
v 0.02002633 0.06214958 0.01219019
v 0.02264123 0.06133091 0.01186697
v 0.02345085 0.06067152 0.01059076
v 0.02465269 0.06086265 0.01223684
v 0.02515053 0.06035935 0.01114056
v 0.02660381 0.05967448 0.01047080
v 0.02769000 0.05918391 0.01007427
v 0.02794646 0.05881440 0.00929789
v 0.02913825 0.05867106 0.01007094
v 0.03006352 0.05814864 0.00958112
v 0.03079770 0.05797981 0.00990434
v 0.03436301 0.05655591 0.01010426
v 0.03501171 0.05600482 0.00934787
v 0.03152686 0.05789380 0.01048746
v 0.03180846 0.05776001 0.01042748
v 0.03232641 0.05750199 0.01031419
v 0.03344780 0.05715796 0.01070738
v 0.03612807 0.05538048 0.00904131
v 0.03752604 0.05465419 0.00890469
v 0.03856194 0.05431016 0.00940118
v 0.03962298 0.05392472 0.00988101
v 0.03980401 0.05357751 0.00917460
v 0.04097066 0.05287034 0.00898800
v 0.04214234 0.05240207 0.00950781
v 0.04261000 0.05194337 0.00899799
v 0.04406328 0.05156429 0.01033085
v 0.04674858 0.05140821 0.01463265
v 0.04674858 0.05049717 0.01200025
v 0.04674858 0.04995883 0.01048080
v 0.04483266 0.05330674 0.01693516
v 0.04280612 0.05416363 0.01605880
v 0.04091535 0.05474020 0.01461599
v 0.04674858 0.05248171 0.01788149
v 0.04659772 0.05228740 0.01697181
v 0.04674858 0.05222050 0.01704845
v 0.03893909 0.05502052 0.01217686
v 0.03766684 0.05586466 0.01283662
v 0.03949727 0.05539003 0.01430943
v 0.03655048 0.05665784 0.01365300
v 0.03485080 0.05736183 0.01334644
v 0.03333214 0.05811360 0.01358635
v 0.03978390 0.05473064 0.01267001
v 0.03180846 0.05875069 0.01356636
v 0.03180846 0.05907879 0.01471595
v 0.03133074 0.05919347 0.01442939
v 0.03108937 0.05962988 0.01568560
v 0.03003838 0.05991019 0.01521910
v 0.02980706 0.06018733 0.01593885
v 0.02858510 0.06071930 0.01629539
v 0.02738325 0.06099325 0.01570226
v 0.02713685 0.06125128 0.01641868
v 0.02607077 0.06148700 0.01593885
v 0.02542711 0.06183421 0.01651531
v 0.02133378 0.06321033 0.01719507
v 0.02354639 0.06241397 0.01652864
v 0.02272169 0.06258598 0.01625873
v 0.01987045 0.06367222 0.01748829
v 0.01909603 0.06380283 0.01717174
v 0.01832162 0.06411182 0.01767156
v 0.01732595 0.06444948 0.01808475
v 0.01752710 0.06458327 0.01902108
v 0.01762264 0.06472980 0.01993076
v 0.01604364 0.06497508 0.01922434
v 0.01463562 0.06534141 0.01952090
v 0.01356452 0.06564083 0.01993742
v 0.01171900 0.06601991 0.02013068
v 0.01224199 0.06608043 0.02108368
v 0.01114071 0.06634483 0.02150020
v 0.00995898 0.06641809 0.02075713
v 0.01164860 0.06584789 0.01907773
v 0.01178941 0.06568543 0.01835798
v 0.01180952 0.06551023 0.01757160
v 0.01206598 0.06529681 0.01684852
v 0.01311194 0.06499419 0.01643200
v 0.01334829 0.06475847 0.01570560
v 0.01416293 0.06467564 0.01602215
v 0.01460545 0.06443036 0.01545902
v 0.01646102 0.06400032 0.01540570
v 0.01773327 0.06360214 0.01506916
v 0.01804002 0.06312114 0.01369631
v 0.01931227 0.06265925 0.01321649
v 0.01875409 0.06248723 0.01223017
v 0.02088623 0.06211772 0.01280996
v 0.02220374 0.06181510 0.01300656
v 0.02383302 0.06131817 0.01290660
v 0.02444652 0.06135321 0.01361967
v 0.02626689 0.06054729 0.01281996
v 0.02673958 0.06006629 0.01177700
v 0.02809732 0.05933363 0.01092730
v 0.02989758 0.05870610 0.01101061
v 0.03036524 0.05838118 0.01057743
v 0.03379981 0.05742873 0.01204690
v 0.03551458 0.05671200 0.01223017
v 0.03580121 0.05619595 0.01103060
v 0.03596213 0.05569265 0.00972107
v 0.03111954 0.05843533 0.01163372
v 0.03180846 0.05818686 0.01173368
v 0.03230630 0.05800211 0.01180033
v 0.03744558 0.05496955 0.00968441
v 0.03867760 0.05459367 0.01041749
v 0.03939669 0.05431016 0.01069072
v 0.04008059 0.05412859 0.01125052
v 0.04034208 0.05355202 0.00992433
v 0.04187079 0.05276522 0.01011093
v 0.04360065 0.05217590 0.01132716
v 0.04599428 0.05215998 0.01551566
v 0.04674858 0.05163756 0.01530574
v 0.04173502 0.05328763 0.01146045
v 0.04173502 0.05388968 0.01334311
v 0.04110141 0.05412859 0.01299323
v 0.04674858 0.05217590 0.01691183
v 0.03729472 0.05557160 0.01129717
v 0.03201464 0.05855319 0.01318650
v 0.03180846 0.05861053 0.01309986
v 0.03082285 0.05888129 0.01269001
v 0.03036524 0.05948972 0.01414949
v 0.02913825 0.06004399 0.01446604
v 0.02865550 0.06048358 0.01544569
v 0.02749388 0.06065241 0.01456600
v 0.02656358 0.06115253 0.01527575
v 0.02504996 0.06148700 0.01472261
v 0.02459235 0.06193934 0.01590219
v 0.02155002 0.06292683 0.01628872
v 0.02074543 0.06308292 0.01601215
v 0.02012188 0.06343969 0.01676189
v 0.02334022 0.06222284 0.01555232
v 0.02217860 0.06249998 0.01532907
v 0.01833168 0.06392387 0.01685852
v 0.01730081 0.06427427 0.01726837
v 0.01570170 0.06469476 0.01747830
v 0.01521392 0.06493366 0.01808475
v 0.01651131 0.06475528 0.01865454
v 0.01493734 0.06514390 0.01880449
v 0.01356452 0.06548475 0.01907773
v 0.01336840 0.06534459 0.01818471
v 0.01258393 0.06543059 0.01787482
v 0.01285548 0.06521717 0.01715175
v 0.01391150 0.06491137 0.01674189
v 0.01497757 0.06458327 0.01634204
v 0.01635039 0.06419783 0.01604548
v 0.01780870 0.06379327 0.01583222
v 0.01883957 0.06335686 0.01516579
v 0.01909603 0.06293320 0.01393623
v 0.02045377 0.06259554 0.01397955
v 0.02288261 0.06206357 0.01447937
v 0.02200259 0.06209224 0.01373963
v 0.02405931 0.06183421 0.01489922
v 0.02630209 0.06090088 0.01404952
v 0.02756428 0.06000258 0.01243010
v 0.02789617 0.06019052 0.01342641
v 0.02909802 0.05932407 0.01200359
v 0.03015906 0.05892908 0.01201691
v 0.02988249 0.05939097 0.01316984
v 0.02896225 0.05985286 0.01357636
v 0.02703124 0.06064604 0.01400287
v 0.02088623 0.06280578 0.01511247
v 0.01966427 0.06322944 0.01548234
v 0.01891500 0.06362763 0.01625873
v 0.01757235 0.06403536 0.01655529
v 0.01621462 0.06444629 0.01690517
v 0.01471105 0.06481580 0.01705845
v 0.01443951 0.06503560 0.01777486
v 0.01417299 0.06524584 0.01849793
v 0.01356452 0.06519806 0.01767489
v 0.01356452 0.06514390 0.01742831
v 0.02142430 0.06249360 0.01454934
v 0.02865047 0.05965536 0.01255339
f 1 2 3
f 1 3 4
f 1 4 5
f 1 5 6
f 1 6 7
f 1 7 8
f 1 8 9
f 1 9 14
f 1 14 10
f 1 10 16
f 1 16 45
f 1 45 103
f 1 103 162
f 1 162 163
f 1 163 225
f 1 225 227
f 1 227 290
f 1 290 291
f 1 291 365
f 1 365 455
f 1 455 550
f 1 550 463
f 1 463 462
f 1 462 370
f 1 370 297
f 1 297 292
f 1 292 228
f 1 228 164
f 1 164 104
f 1 104 46
f 1 46 17
f 1 17 11
f 1 11 12
f 1 12 2
f 2 13 21
f 2 21 20
f 2 20 83
f 2 83 141
f 2 141 201
f 2 201 203
f 2 203 268
f 2 268 339
f 2 339 423
f 2 423 526
f 2 526 525
f 2 525 624
f 2 624 623
f 2 623 725
f 2 725 724
f 2 724 723
f 2 723 834
f 2 834 957
f 2 957 1075
f 2 1075 1199
f 2 1199 1317
f 2 1317 1316
f 2 1316 1429
f 2 1429 1428
f 2 1428 1320
f 2 1320 1319
f 2 1319 1318
f 2 1318 1203
f 2 1203 1201
f 2 1201 1083
f 2 1083 961
f 2 961 838
f 2 838 729
f 2 729 726
f 2 726 625
f 2 625 527
f 2 527 425
f 2 425 340
f 2 340 269
f 2 269 204
f 2 204 143
f 2 143 84
f 2 84 22
f 2 22 14
f 2 14 9
f 2 9 8
f 2 8 7
f 2 7 6
f 2 6 5
f 2 5 4
f 2 4 3
f 2 12 13
f 10 14 15
f 10 15 16
f 11 17 18
f 11 18 12
f 12 18 81
f 12 81 139
f 12 139 200
f 12 200 264
f 12 264 333
f 12 333 404
f 12 404 401
f 12 401 400
f 12 400 493
f 12 493 492
f 12 492 587
f 12 587 682
f 12 682 790
f 12 790 896
f 12 896 1013
f 12 1013 1143
f 12 1143 1149
f 12 1149 1267
f 12 1267 1266
f 12 1266 1265
f 12 1265 1382
f 12 1382 1381
f 12 1381 1481
f 12 1481 1480
f 12 1480 1565
f 12 1565 1564
f 12 1564 1563
f 12 1563 1643
f 12 1643 1647
f 12 1647 1571
f 12 1571 1569
f 12 1569 1485
f 12 1485 1388
f 12 1388 1272
f 12 1272 1271
f 12 1271 1152
f 12 1152 1022
f 12 1022 1021
f 12 1021 1019
f 12 1019 904
f 12 904 903
f 12 903 800
f 12 800 799
f 12 799 794
f 12 794 687
f 12 687 592
f 12 592 500
f 12 500 499
f 12 499 498
f 12 498 497
f 12 497 405
f 12 405 334
f 12 334 265
f 12 265 202
f 12 202 142
f 12 142 140
f 12 140 82
f 12 82 19
f 12 19 20
f 12 20 21
f 12 21 13
f 14 22 23
f 14 23 24
f 14 24 25
f 14 25 26
f 14 26 27
f 14 27 28
f 14 28 29
f 14 29 30
f 14 30 31
f 14 31 32
f 14 32 33
f 14 33 34
f 14 34 35
f 14 35 36
f 14 36 37
f 14 37 38
f 14 38 39
f 14 39 40
f 14 40 41
f 14 41 42
f 14 42 43
f 14 43 15
f 15 43 44
f 15 44 16
f 16 44 45
f 17 46 47
f 17 47 48
f 17 48 49
f 17 49 50
f 17 50 51
f 17 51 52
f 17 52 53
f 17 53 54
f 17 54 55
f 17 55 56
f 17 56 57
f 17 57 58
f 17 58 59
f 17 59 60
f 17 60 61
f 17 61 62
f 17 62 63
f 17 63 64
f 17 64 65
f 17 65 66
f 17 66 67
f 17 67 68
f 17 68 69
f 17 69 70
f 17 70 71
f 17 71 72
f 17 72 73
f 17 73 74
f 17 74 75
f 17 75 76
f 17 76 77
f 17 77 78
f 17 78 79
f 17 79 80
f 17 80 18
f 18 80 81
f 19 82 83
f 19 83 20
f 22 84 23
f 23 85 86
f 23 86 24
f 23 84 85
f 24 86 87
f 24 87 25
f 25 87 26
f 26 88 27
f 26 87 89
f 26 89 88
f 27 88 28
f 28 88 90
f 28 90 29
f 29 90 91
f 29 91 30
f 30 91 31
f 31 91 32
f 32 91 92
f 32 92 33
f 33 92 34
f 34 92 93
f 34 93 35
f 35 93 36
f 36 93 94
f 36 94 95
f 36 95 37
f 37 95 96
f 37 96 97
f 37 97 38
f 38 97 39
f 39 97 98
f 39 98 40
f 40 98 99
f 40 99 41
f 41 99 100
f 41 100 42
f 42 100 43
f 43 100 44
f 44 100 101
f 44 101 45
f 45 101 102
f 45 102 103
f 46 104 47
f 47 104 105
f 47 105 106
f 47 106 107
f 47 107 48
f 48 108 109
f 48 109 50
f 48 50 49
f 48 107 108
f 50 109 51
f 51 109 110
f 51 110 52
f 52 111 53
f 52 110 112
f 52 112 111
f 53 111 113
f 53 113 54
f 54 113 114
f 54 114 55
f 55 114 115
f 55 115 56
f 56 115 116
f 56 116 57
f 57 116 117
f 57 117 58
f 58 117 59
f 59 117 118
f 59 118 119
f 59 119 60
f 60 119 120
f 60 120 61
f 61 120 62
f 62 121 122
f 62 122 63
f 62 120 121
f 63 122 64
f 64 123 124
f 64 124 65
f 64 122 123
f 65 124 125
f 65 125 126
f 65 126 127
f 65 127 66
f 66 127 67
f 67 127 68
f 68 128 69
f 68 127 128
f 69 128 129
f 69 129 70
f 70 129 130
f 70 130 71
f 71 130 72
f 72 130 131
f 72 131 73
f 73 132 74
f 73 131 132
f 74 133 75
f 74 132 133
f 75 133 134
f 75 134 76
f 76 135 136
f 76 136 77
f 76 134 135
f 77 136 137
f 77 137 78
f 78 137 138
f 78 138 79
f 79 138 81
f 79 81 80
f 81 138 139
f 82 140 83
f 83 140 142
f 83 142 141
f 84 143 144
f 84 144 85
f 85 144 145
f 85 145 86
f 86 145 146
f 86 146 87
f 87 146 147
f 87 147 148
f 87 148 89
f 88 89 149
f 88 149 90
f 89 148 149
f 90 149 91
f 91 149 150
f 91 150 151
f 91 151 92
f 92 151 152
f 92 152 93
f 93 152 153
f 93 153 94
f 94 153 154
f 94 154 95
f 95 154 155
f 95 155 156
f 95 156 96
f 96 156 97
f 97 156 157
f 97 157 98
f 98 157 158
f 98 158 99
f 99 158 159
f 99 159 100
f 100 159 101
f 101 159 160
f 101 160 161
f 101 161 102
f 102 162 103
f 102 161 163
f 102 163 162
f 104 164 165
f 104 165 105
f 105 166 106
f 105 165 167
f 105 167 168
f 105 168 166
f 106 166 169
f 106 169 170
f 106 170 107
f 107 170 108
f 108 171 172
f 108 172 112
f 108 112 109
f 108 170 171
f 109 112 110
f 111 112 173
f 111 173 113
f 112 172 173
f 113 173 174
f 113 174 175
f 113 175 114
f 114 175 115
f 115 176 177
f 115 177 117
f 115 117 116
f 115 175 176
f 117 177 118
f 118 177 178
f 118 178 179
f 118 179 120
f 118 120 119
f 120 179 121
f 121 179 180
f 121 180 181
f 121 181 122
f 122 181 123
f 123 181 182
f 123 182 124
f 124 182 125
f 125 182 183
f 125 183 184
f 125 184 126
f 126 185 127
f 126 184 185
f 127 185 128
f 128 185 186
f 128 186 187
f 128 187 129
f 129 187 188
f 129 188 189
f 129 189 130
f 130 189 190
f 130 190 131
f 131 190 191
f 131 191 132
f 132 191 133
f 133 192 193
f 133 193 134
f 133 191 194
f 133 194 192
f 134 193 195
f 134 195 135
f 135 195 196
f 135 196 197
f 135 197 136
f 136 197 198
f 136 198 137
f 137 198 199
f 137 199 138
f 138 199 139
f 139 199 200
f 141 142 201
f 142 202 203
f 142 203 201
f 143 204 205
f 143 205 144
f 144 205 206
f 144 206 145
f 145 206 207
f 145 207 208
f 145 208 146
f 146 208 147
f 147 208 209
f 147 209 148
f 148 209 210
f 148 210 149
f 149 210 211
f 149 211 150
f 150 211 151
f 151 211 212
f 151 212 213
f 151 213 214
f 151 214 152
f 152 214 153
f 153 214 215
f 153 215 216
f 153 216 154
f 154 216 217
f 154 217 155
f 155 218 156
f 155 217 219
f 155 219 218
f 156 220 157
f 156 218 220
f 157 220 158
f 158 220 221
f 158 221 222
f 158 222 159
f 159 222 160
f 160 222 223
f 160 223 224
f 160 224 161
f 161 225 163
f 161 224 226
f 161 226 227
f 161 227 225
f 164 228 167
f 164 167 165
f 166 229 169
f 166 168 230
f 166 230 229
f 167 228 231
f 167 231 232
f 167 232 168
f 168 232 233
f 168 233 230
f 169 229 234
f 169 234 170
f 170 234 171
f 171 235 172
f 171 234 235
f 172 235 236
f 172 236 173
f 173 236 237
f 173 237 174
f 174 237 238
f 174 238 175
f 175 238 239
f 175 239 176
f 176 239 240
f 176 240 241
f 176 241 177
f 177 241 178
f 178 242 179
f 178 241 243
f 178 243 242
f 179 242 180
f 180 242 244
f 180 244 245
f 180 245 181
f 181 246 247
f 181 247 182
f 181 245 246
f 182 247 248
f 182 248 183
f 183 248 249
f 183 249 250
f 183 250 251
f 183 251 184
f 184 251 186
f 184 186 185
f 186 250 252
f 186 252 187
f 186 251 250
f 187 252 188
f 188 252 253
f 188 253 189
f 189 253 254
f 189 254 255
f 189 255 190
f 190 255 194
f 190 194 191
f 192 194 256
f 192 256 257
f 192 257 195
f 192 195 193
f 194 255 258
f 194 258 256
f 195 257 196
f 196 259 260
f 196 260 261
f 196 261 197
f 196 257 262
f 196 262 259
f 197 261 198
f 198 261 263
f 198 263 199
f 199 263 200
f 200 263 264
f 202 265 266
f 202 266 267
f 202 267 268
f 202 268 203
f 204 269 270
f 204 270 271
f 204 271 205
f 205 271 272
f 205 272 273
f 205 273 206
f 206 273 207
f 207 273 274
f 207 274 208
f 208 274 275
f 208 275 276
f 208 276 209
f 209 276 277
f 209 277 210
f 210 277 278
f 210 278 211
f 211 278 212
f 212 278 279
f 212 279 213
f 213 279 280
f 213 280 281
f 213 281 215
f 213 215 214
f 215 281 282
f 215 282 216
f 216 282 217
f 217 282 283
f 217 283 219
f 218 219 221
f 218 221 220
f 219 283 284
f 219 284 221
f 221 284 285
f 221 285 286
f 221 286 222
f 222 286 223
f 223 286 287
f 223 287 288
f 223 288 224
f 224 288 289
f 224 289 226
f 226 290 227
f 226 289 291
f 226 291 290
f 228 292 231
f 229 293 294
f 229 294 234
f 229 230 295
f 229 295 293
f 230 233 296
f 230 296 295
f 231 292 297
f 231 297 298
f 231 298 232
f 232 298 299
f 232 299 233
f 233 299 300
f 233 300 296
f 234 294 301
f 234 301 302
f 234 302 303
f 234 303 235
f 235 303 304
f 235 304 236
f 236 304 305
f 236 305 237
f 237 305 306
f 237 306 239
f 237 239 238
f 239 306 240
f 240 307 308
f 240 308 309
f 240 309 241
f 240 306 307
f 241 309 243
f 242 310 244
f 242 243 310
f 243 309 311
f 243 311 310
f 244 312 245
f 244 310 312
f 245 312 246
f 246 312 313
f 246 313 314
f 246 314 248
f 246 248 247
f 248 315 316
f 248 316 317
f 248 317 249
f 248 314 315
f 249 317 318
f 249 318 319
f 249 319 320
f 249 320 321
f 249 321 250
f 250 321 252
f 252 321 322
f 252 322 253
f 253 322 254
f 254 322 323
f 254 323 258
f 254 258 255
f 256 324 325
f 256 325 257
f 256 258 324
f 257 325 262
f 258 323 326
f 258 326 324
f 259 327 328
f 259 328 329
f 259 329 260
f 259 262 330
f 259 330 331
f 259 331 327
f 260 329 332
f 260 332 261
f 261 332 263
f 262 325 330
f 263 332 264
f 264 332 333
f 265 334 266
f 266 335 267
f 266 334 335
f 267 335 336
f 267 336 268
f 268 337 338
f 268 338 339
f 268 336 337
f 269 340 341
f 269 341 270
f 270 342 343
f 270 343 272
f 270 272 271
f 270 341 342
f 272 343 344
f 272 344 345
f 272 345 273
f 273 345 274
f 274 345 346
f 274 346 347
f 274 347 275
f 275 347 348
f 275 348 349
f 275 349 276
f 276 349 277
f 277 349 350
f 277 350 351
f 277 351 278
f 278 351 352
f 278 352 279
f 279 352 280
f 280 352 353
f 280 353 354
f 280 354 281
f 281 354 355
f 281 355 356
f 281 356 282
f 282 356 357
f 282 357 283
f 283 357 358
f 283 358 359
f 283 359 284
f 284 359 285
f 285 287 286
f 285 359 360
f 285 360 361
f 285 361 287
f 287 361 362
f 287 362 288
f 288 362 363
f 288 363 289
f 289 363 364
f 289 364 291
f 291 364 365
f 293 295 366
f 293 366 367
f 293 367 368
f 293 368 294
f 294 368 301
f 295 296 366
f 296 300 369
f 296 369 366
f 297 370 298
f 298 370 371
f 298 371 372
f 298 372 299
f 299 372 300
f 300 372 373
f 300 373 374
f 300 374 369
f 301 368 302
f 302 375 303
f 302 368 375
f 303 375 376
f 303 376 304
f 304 376 377
f 304 377 305
f 305 377 306
f 306 378 307
f 306 377 378
f 307 378 379
f 307 379 308
f 308 380 309
f 308 379 380
f 309 380 311
f 310 311 381
f 310 381 382
f 310 382 383
f 310 383 312
f 311 384 381
f 311 380 384
f 312 383 313
f 313 385 386
f 313 386 314
f 313 383 385
f 314 386 315
f 315 386 387
f 315 387 388
f 315 388 319
f 315 319 318
f 315 318 316
f 316 318 317
f 319 389 390
f 319 390 320
f 319 388 389
f 320 390 391
f 320 391 321
f 321 391 392
f 321 392 322
f 322 392 323
f 323 393 326
f 323 392 394
f 323 394 393
f 324 395 396
f 324 396 397
f 324 397 325
f 324 326 393
f 324 393 395
f 325 397 330
f 327 331 398
f 327 398 328
f 328 398 399
f 328 399 400
f 328 400 329
f 329 400 401
f 329 401 332
f 330 397 331
f 331 402 398
f 331 397 403
f 331 403 402
f 332 401 404
f 332 404 333
f 334 405 335
f 335 405 406
f 335 406 407
f 335 407 408
f 335 408 409
f 335 409 410
f 335 410 411
f 335 411 412
f 335 412 413
f 335 413 414
f 335 414 415
f 335 415 336
f 336 415 337
f 337 415 416
f 337 416 417
f 337 417 418
f 337 418 338
f 338 418 419
f 338 419 420
f 338 420 421
f 338 421 422
f 338 422 339
f 339 422 424
f 339 424 423
f 340 425 341
f 341 425 426
f 341 426 342
f 342 426 427
f 342 427 428
f 342 428 429
f 342 429 343
f 343 429 430
f 343 430 431
f 343 431 344
f 344 431 432
f 344 432 345
f 345 432 346
f 346 432 433
f 346 433 434
f 346 434 347
f 347 434 435
f 347 435 436
f 347 436 348
f 348 436 349
f 349 436 350
f 350 436 435
f 350 435 437
f 350 437 438
f 350 438 439
f 350 439 440
f 350 440 351
f 351 440 352
f 352 440 353
f 353 440 441
f 353 441 442
f 353 442 443
f 353 443 354
f 354 443 444
f 354 444 355
f 355 444 356
f 356 444 445
f 356 445 357
f 357 445 358
f 358 446 359
f 358 445 447
f 358 447 446
f 359 446 360
f 360 446 448
f 360 448 449
f 360 449 450
f 360 450 361
f 361 450 362
f 362 450 451
f 362 451 363
f 363 451 452
f 363 452 453
f 363 453 364
f 364 453 365
f 365 453 454
f 365 454 455
f 366 369 456
f 366 456 457
f 366 457 458
f 366 458 367
f 367 459 368
f 367 458 459
f 368 459 460
f 368 460 375
f 369 374 461
f 369 461 456
f 370 462 371
f 371 463 372
f 371 462 463
f 372 463 464
f 372 464 452
f 372 452 373
f 373 452 451
f 373 451 374
f 374 451 450
f 374 450 461
f 375 465 466
f 375 466 376
f 375 460 465
f 376 467 468
f 376 468 377
f 376 466 467
f 377 468 378
f 378 468 379
f 379 468 469
f 379 469 470
f 379 470 471
f 379 471 472
f 379 472 380
f 380 472 384
f 381 384 473
f 381 473 382
f 382 473 474
f 382 474 475
f 382 475 383
f 383 475 385
f 384 476 473
f 384 472 476
f 385 477 478
f 385 478 386
f 385 475 477
f 386 478 387
f 387 479 480
f 387 480 481
f 387 481 389
f 387 389 388
f 387 478 479
f 389 481 482
f 389 482 483
f 389 483 390
f 390 483 484
f 390 484 485
f 390 485 391
f 391 486 392
f 391 485 486
f 392 486 394
f 393 394 487
f 393 487 395
f 394 486 487
f 395 488 489
f 395 489 396
f 395 487 488
f 396 489 403
f 396 403 397
f 398 490 399
f 398 402 490
f 399 491 492
f 399 492 493
f 399 493 400
f 399 490 491
f 402 494 490
f 402 403 495
f 402 495 496
f 402 496 494
f 403 489 495
f 405 497 406
f 406 497 498
f 406 498 407
f 407 498 499
f 407 499 500
f 407 500 501
f 407 501 502
f 407 502 408
f 408 503 504
f 408 504 505
f 408 505 410
f 408 410 409
f 408 502 503
f 410 505 506
f 410 506 507
f 410 507 411
f 411 507 508
f 411 508 412
f 412 508 413
f 413 508 509
f 413 509 510
f 413 510 511
f 413 511 414
f 414 511 416
f 414 416 415
f 416 512 513
f 416 513 514
f 416 514 515
f 416 515 418
f 416 418 417
f 416 511 512
f 418 516 517
f 418 517 419
f 418 515 518
f 418 518 519
f 418 519 516
f 419 517 520
f 419 520 521
f 419 521 420
f 420 521 522
f 420 522 421
f 421 522 523
f 421 523 524
f 421 524 525
f 421 525 424
f 421 424 422
f 423 424 526
f 424 525 526
f 425 527 426
f 426 527 528
f 426 528 427
f 427 529 530
f 427 530 428
f 427 528 529
f 428 530 531
f 428 531 532
f 428 532 429
f 429 532 533
f 429 533 430
f 430 533 534
f 430 534 431
f 431 534 432
f 432 534 433
f 433 535 536
f 433 536 434
f 433 534 535
f 434 536 537
f 434 537 435
f 435 537 437
f 437 537 438
f 438 538 439
f 438 537 539
f 438 539 538
f 439 538 441
f 439 441 440
f 441 538 442
f 442 539 540
f 442 540 541
f 442 541 542
f 442 542 443
f 442 538 539
f 443 543 444
f 443 542 544
f 443 544 543
f 444 543 545
f 444 545 445
f 445 545 546
f 445 546 447
f 446 447 448
f 447 546 547
f 447 547 548
f 447 548 448
f 448 548 549
f 448 549 449
f 449 549 461
f 449 461 450
f 452 454 453
f 452 464 454
f 454 464 550
f 454 550 455
f 456 461 549
f 456 549 551
f 456 551 457
f 457 552 553
f 457 553 458
f 457 551 552
f 458 553 554
f 458 554 459
f 459 554 555
f 459 555 556
f 459 556 557
f 459 557 460
f 460 557 465
f 463 550 464
f 465 557 556
f 465 556 558
f 465 558 559
f 465 559 466
f 466 559 560
f 466 560 467
f 467 560 561
f 467 561 468
f 468 561 469
f 469 561 470
f 470 561 562
f 470 562 563
f 470 563 471
f 471 564 565
f 471 565 566
f 471 566 567
f 471 567 472
f 471 563 564
f 472 567 568
f 472 568 476
f 473 476 569
f 473 569 474
f 474 569 570
f 474 570 571
f 474 571 475
f 475 571 477
f 476 568 572
f 476 572 569
f 477 571 573
f 477 573 574
f 477 574 478
f 478 574 479
f 479 574 575
f 479 575 576
f 479 576 480
f 480 482 481
f 480 576 577
f 480 577 578
f 480 578 482
f 482 578 483
f 483 578 484
f 484 579 580
f 484 580 485
f 484 578 579
f 485 580 581
f 485 581 486
f 486 581 582
f 486 582 583
f 486 583 487
f 487 583 488
f 488 583 584
f 488 584 585
f 488 585 489
f 489 585 496
f 489 496 495
f 490 494 491
f 491 494 586
f 491 586 492
f 492 586 588
f 492 588 587
f 494 589 586
f 494 496 590
f 494 590 591
f 494 591 589
f 496 585 590
f 500 592 501
f 501 593 502
f 501 592 594
f 501 594 595
f 501 595 593
f 502 596 503
f 502 593 596
f 503 596 504
f 504 596 597
f 504 597 598
f 504 598 599
f 504 599 600
f 504 600 505
f 505 601 506
f 505 600 601
f 506 601 602
f 506 602 603
f 506 603 507
f 507 603 604
f 507 604 605
f 507 605 508
f 508 605 509
f 509 606 607
f 509 607 510
f 509 605 608
f 509 608 606
f 510 607 511
f 511 609 512
f 511 607 609
f 512 609 610
f 512 610 611
f 512 611 513
f 513 611 612
f 513 612 514
f 514 612 613
f 514 613 518
f 514 518 515
f 516 519 613
f 516 613 614
f 516 614 517
f 517 614 615
f 517 615 521
f 517 521 520
f 518 613 519
f 521 615 616
f 521 616 617
f 521 617 522
f 522 618 619
f 522 619 523
f 522 617 618
f 523 619 620
f 523 620 621
f 523 621 622
f 523 622 623
f 523 623 524
f 524 623 624
f 524 624 525
f 527 625 528
f 528 625 529
f 529 626 530
f 529 625 627
f 529 627 626
f 530 626 628
f 530 628 531
f 531 628 629
f 531 629 630
f 531 630 532
f 532 630 533
f 533 630 631
f 533 631 632
f 533 632 534
f 534 632 633
f 534 633 535
f 535 633 634
f 535 634 536
f 536 634 635
f 536 635 537
f 537 635 636
f 537 636 539
f 539 637 540
f 539 636 637
f 540 637 638
f 540 638 639
f 540 639 640
f 540 640 541
f 541 640 641
f 541 641 542
f 542 641 642
f 542 642 544
f 543 544 643
f 543 643 545
f 544 642 644
f 544 644 645
f 544 645 643
f 545 643 646
f 545 646 546
f 546 646 547
f 547 646 647
f 547 647 548
f 548 647 648
f 548 648 549
f 549 648 551
f 551 648 552
f 552 649 650
f 552 650 553
f 552 648 649
f 553 651 554
f 553 650 651
f 554 651 555
f 555 652 653
f 555 653 654
f 555 654 556
f 555 651 655
f 555 655 652
f 556 654 558
f 558 654 656
f 558 656 559
f 559 656 657
f 559 657 560
f 560 657 658
f 560 658 562
f 560 562 561
f 562 658 563
f 563 658 564
f 564 659 565
f 564 658 660
f 564 660 659
f 565 661 662
f 565 662 566
f 565 659 661
f 566 662 568
f 566 568 567
f 568 662 663
f 568 663 572
f 569 664 570
f 569 572 665
f 569 665 664
f 570 666 667
f 570 667 668
f 570 668 573
f 570 573 571
f 570 664 666
f 572 663 665
f 573 668 669
f 573 669 574
f 574 669 670
f 574 670 575
f 575 670 576
f 576 670 671
f 576 671 672
f 576 672 673
f 576 673 577
f 577 673 674
f 577 674 579
f 577 579 578
f 579 674 675
f 579 675 580
f 580 675 676
f 580 676 581
f 581 676 582
f 582 677 584
f 582 584 583
f 582 676 677
f 584 678 679
f 584 679 585
f 584 677 678
f 585 679 590
f 586 680 681
f 586 681 587
f 586 587 588
f 586 589 680
f 587 681 682
f 589 591 683
f 589 683 680
f 590 684 685
f 590 685 591
f 590 679 684
f 591 686 683
f 591 685 686
f 592 687 594
f 593 595 688
f 593 688 689
f 593 689 597
f 593 597 596
f 594 687 595
f 595 687 690
f 595 690 688
f 597 691 598
f 597 689 691
f 598 691 692
f 598 692 599
f 599 692 693
f 599 693 694
f 599 694 695
f 599 695 696
f 599 696 600
f 600 696 697
f 600 697 698
f 600 698 699
f 600 699 700
f 600 700 601
f 601 700 602
f 602 701 603
f 602 700 701
f 603 701 702
f 603 702 703
f 603 703 704
f 603 704 604
f 604 704 705
f 604 705 608
f 604 608 605
f 606 706 707
f 606 707 708
f 606 708 607
f 606 608 705
f 606 705 706
f 607 708 609
f 609 708 707
f 609 707 610
f 610 709 710
f 610 710 711
f 610 711 712
f 610 712 612
f 610 612 611
f 610 707 713
f 610 713 709
f 612 712 614
f 612 614 613
f 614 712 711
f 614 711 615
f 615 711 714
f 615 714 715
f 615 715 716
f 615 716 616
f 616 716 617
f 617 716 717
f 617 717 718
f 617 718 618
f 618 718 719
f 618 719 720
f 618 720 721
f 618 721 722
f 618 722 619
f 619 722 620
f 620 722 621
f 621 723 724
f 621 724 622
f 621 722 723
f 622 724 725
f 622 725 623
f 625 726 627
f 626 627 727
f 626 727 728
f 626 728 628
f 627 726 729
f 627 729 730
f 627 730 727
f 628 731 629
f 628 728 731
f 629 731 732
f 629 732 733
f 629 733 734
f 629 734 630
f 630 734 631
f 631 734 735
f 631 735 736
f 631 736 632
f 632 736 737
f 632 737 633
f 633 737 634
f 634 738 739
f 634 739 635
f 634 737 738
f 635 739 740
f 635 740 741
f 635 741 636
f 636 741 637
f 637 741 742
f 637 742 638
f 638 742 743
f 638 743 639
f 639 743 744
f 639 744 745
f 639 745 746
f 639 746 747
f 639 747 640
f 640 747 641
f 641 747 748
f 641 748 749
f 641 749 642
f 642 749 644
f 643 645 750
f 643 750 751
f 643 751 752
f 643 752 646
f 644 749 753
f 644 753 754
f 644 754 755
f 644 755 750
f 644 750 645
f 646 752 649
f 646 649 647
f 647 649 648
f 649 752 751
f 649 751 650
f 650 751 655
f 650 655 651
f 652 756 757
f 652 757 758
f 652 758 653
f 652 655 759
f 652 759 756
f 653 758 654
f 654 758 656
f 655 751 759
f 656 760 761
f 656 761 657
f 656 758 762
f 656 762 760
f 657 763 658
f 657 761 763
f 658 763 660
f 659 764 661
f 659 660 764
f 660 763 765
f 660 765 766
f 660 766 767
f 660 767 764
f 661 764 768
f 661 768 769
f 661 769 770
f 661 770 662
f 662 770 663
f 663 770 771
f 663 771 665
f 664 665 771
f 664 771 772
f 664 772 773
f 664 773 774
f 664 774 666
f 666 774 667
f 667 774 775
f 667 775 776
f 667 776 777
f 667 777 778
f 667 778 668
f 668 778 669
f 669 778 670
f 670 779 671
f 670 778 779
f 671 779 672
f 672 780 781
f 672 781 782
f 672 782 673
f 672 779 780
f 673 782 674
f 674 782 783
f 674 783 675
f 675 783 784
f 675 784 676
f 676 784 677
f 677 784 678
f 678 785 786
f 678 786 679
f 678 784 785
f 679 786 787
f 679 787 684
f 680 683 788
f 680 788 789
f 680 789 681
f 681 789 682
f 682 789 790
f 683 686 788
f 684 787 685
f 685 787 791
f 685 791 686
f 686 792 788
f 686 791 793
f 686 793 792
f 687 794 690
f 688 795 689
f 688 690 796
f 688 796 795
f 689 795 691
f 690 797 798
f 690 798 796
f 690 794 799
f 690 799 800
f 690 800 797
f 691 795 801
f 691 801 692
f 692 801 802
f 692 802 693
f 693 803 804
f 693 804 695
f 693 695 694
f 693 802 805
f 693 805 803
f 695 804 696
f 696 806 807
f 696 807 697
f 696 804 806
f 697 808 809
f 697 809 698
f 697 807 808
f 698 809 810
f 698 810 811
f 698 811 699
f 699 811 812
f 699 812 813
f 699 813 700
f 700 813 701
f 701 813 814
f 701 814 815
f 701 815 702
f 702 815 703
f 703 815 816
f 703 816 817
f 703 817 818
f 703 818 704
f 704 818 705
f 705 818 819
f 705 819 706
f 706 819 713
f 706 713 707
f 709 820 710
f 709 713 821
f 709 821 822
f 709 822 823
f 709 823 820
f 710 824 715
f 710 715 711
f 710 820 824
f 711 715 714
f 713 819 821
f 715 824 825
f 715 825 716
f 716 825 826
f 716 826 717
f 717 826 827
f 717 827 719
f 717 719 718
f 719 827 828
f 719 828 720
f 720 828 829
f 720 829 830
f 720 830 831
f 720 831 721
f 721 831 832
f 721 832 722
f 722 832 833
f 722 833 834
f 722 834 723
f 727 835 836
f 727 836 837
f 727 837 728
f 727 730 835
f 728 837 731
f 729 838 730
f 730 838 839
f 730 839 835
f 731 837 732
f 732 840 841
f 732 841 842
f 732 842 733
f 732 837 840
f 733 842 734
f 734 842 843
f 734 843 735
f 735 843 844
f 735 844 736
f 736 844 845
f 736 845 846
f 736 846 847
f 736 847 737
f 737 847 738
f 738 847 848
f 738 848 849
f 738 849 739
f 739 849 740
f 740 849 850
f 740 850 851
f 740 851 741
f 741 851 852
f 741 852 742
f 742 852 743
f 743 852 744
f 744 852 851
f 744 851 853
f 744 853 854
f 744 854 745
f 745 854 855
f 745 855 746
f 746 855 856
f 746 856 747
f 747 856 748
f 748 856 857
f 748 857 858
f 748 858 859
f 748 859 749
f 749 859 860
f 749 860 753
f 750 755 861
f 750 861 751
f 751 861 759
f 753 860 754
f 754 861 755
f 754 860 862
f 754 862 863
f 754 863 861
f 756 863 864
f 756 864 865
f 756 865 757
f 756 759 861
f 756 861 863
f 757 865 866
f 757 866 762
f 757 762 758
f 760 762 866
f 760 866 867
f 760 867 868
f 760 868 761
f 761 868 765
f 761 765 763
f 764 869 768
f 764 767 869
f 765 868 766
f 766 868 870
f 766 870 871
f 766 871 872
f 766 872 873
f 766 873 767
f 767 873 874
f 767 874 869
f 768 869 875
f 768 875 876
f 768 876 769
f 769 876 877
f 769 877 878
f 769 878 770
f 770 878 771
f 771 878 772
f 772 878 877
f 772 877 773
f 773 879 880
f 773 880 774
f 773 877 879
f 774 880 775
f 775 880 881
f 775 881 882
f 775 882 776
f 776 882 883
f 776 883 777
f 777 883 884
f 777 884 779
f 777 779 778
f 779 884 885
f 779 885 780
f 780 886 781
f 780 885 887
f 780 887 886
f 781 888 889
f 781 889 890
f 781 890 782
f 781 886 888
f 782 890 783
f 783 890 891
f 783 891 784
f 784 891 785
f 785 891 892
f 785 892 893
f 785 893 786
f 786 893 787
f 787 894 791
f 787 893 894
f 788 895 789
f 788 792 895
f 789 895 790
f 790 895 896
f 791 894 897
f 791 897 793
f 792 793 898
f 792 898 899
f 792 899 895
f 793 900 898
f 793 897 900
f 795 796 901
f 795 901 801
f 796 798 901
f 797 902 798
f 797 800 903
f 797 903 904
f 797 904 902
f 798 905 906
f 798 906 901
f 798 902 905
f 801 901 802
f 802 907 805
f 802 901 908
f 802 908 909
f 802 909 907
f 803 910 911
f 803 911 912
f 803 912 913
f 803 913 914
f 803 914 804
f 803 805 907
f 803 907 915
f 803 915 910
f 804 914 806
f 806 914 807
f 807 914 916
f 807 916 917
f 807 917 918
f 807 918 808
f 808 918 919
f 808 919 920
f 808 920 809
f 809 920 921
f 809 921 922
f 809 922 923
f 809 923 810
f 810 924 811
f 810 923 924
f 811 924 925
f 811 925 814
f 811 814 812
f 812 814 813
f 814 926 927
f 814 927 815
f 814 925 926
f 815 927 816
f 816 927 928
f 816 928 817
f 817 929 930
f 817 930 931
f 817 931 818
f 817 928 932
f 817 932 929
f 818 931 933
f 818 933 934
f 818 934 935
f 818 935 819
f 819 935 936
f 819 936 821
f 820 823 937
f 820 937 824
f 821 936 935
f 821 935 938
f 821 938 823
f 821 823 822
f 823 938 935
f 823 935 939
f 823 939 940
f 823 940 937
f 824 937 941
f 824 941 942
f 824 942 825
f 825 942 943
f 825 943 944
f 825 944 826
f 826 944 945
f 826 945 946
f 826 946 827
f 827 946 947
f 827 947 948
f 827 948 828
f 828 948 947
f 828 947 949
f 828 949 829
f 829 950 951
f 829 951 830
f 829 949 952
f 829 952 950
f 830 951 953
f 830 953 954
f 830 954 831
f 831 954 832
f 832 954 955
f 832 955 833
f 833 955 956
f 833 956 834
f 834 956 957
f 835 958 959
f 835 959 836
f 835 839 958
f 836 959 960
f 836 960 840
f 836 840 837
f 838 961 839
f 839 962 958
f 839 961 962
f 840 963 841
f 840 960 1082
f 840 1082 963
f 841 963 964
f 841 964 842
f 842 964 965
f 842 965 966
f 842 966 843
f 843 966 967
f 843 967 844
f 844 967 845
f 845 967 968
f 845 968 969
f 845 969 846
f 846 969 970
f 846 970 848
f 846 848 847
f 848 970 971
f 848 971 849
f 849 971 850
f 850 971 972
f 850 972 851
f 851 972 973
f 851 973 853
f 853 973 974
f 853 974 854
f 854 974 975
f 854 975 976
f 854 976 855
f 855 976 977
f 855 977 856
f 856 977 857
f 857 977 976
f 857 976 978
f 857 978 979
f 857 979 858
f 858 980 859
f 858 979 981
f 858 981 980
f 859 980 860
f 860 980 862
f 862 982 864
f 862 864 863
f 862 980 982
f 864 982 983
f 864 983 865
f 865 983 984
f 865 984 985
f 865 985 867
f 865 867 866
f 867 985 986
f 867 986 870
f 867 870 868
f 869 987 875
f 869 874 987
f 870 986 988
f 870 988 871
f 871 989 872
f 871 988 989
f 872 989 990
f 872 990 874
f 872 874 873
f 874 991 987
f 874 990 991
f 875 987 992
f 875 992 993
f 875 993 876
f 876 993 877
f 877 994 995
f 877 995 879
f 877 993 994
f 879 995 996
f 879 996 880
f 880 996 881
f 881 997 882
f 881 996 998
f 881 998 997
f 882 999 1000
f 882 1000 1001
f 882 1001 1002
f 882 1002 883
f 882 997 999
f 883 885 884
f 883 1002 887
f 883 887 885
f 886 1003 1004
f 886 1004 888
f 886 887 1003
f 887 1002 1001
f 887 1001 1003
f 888 1004 1005
f 888 1005 1006
f 888 1006 889
f 889 1006 1007
f 889 1007 1008
f 889 1008 890
f 890 1008 891
f 891 1008 892
f 892 1009 1010
f 892 1010 893
f 892 1008 1011
f 892 1011 1009
f 893 1010 894
f 894 1010 1012
f 894 1012 897
f 895 899 896
f 896 899 1013
f 897 1012 1014
f 897 1014 1015
f 897 1015 900
f 898 1016 1017
f 898 1017 899
f 898 900 1016
f 899 1017 1013
f 900 1015 1016
f 901 1018 908
f 901 906 1018
f 902 904 905
f 904 1019 905
f 905 1020 906
f 905 1019 1021
f 905 1021 1022
f 905 1022 1023
f 905 1023 1020
f 906 1020 1018
f 907 909 1024
f 907 1024 915
f 908 1018 1025
f 908 1025 909
f 909 1025 1026
f 909 1026 1024
f 910 915 1027
f 910 1027 1028
f 910 1028 1029
f 910 1029 1030
f 910 1030 1031
f 910 1031 1032
f 910 1032 911
f 911 1032 1033
f 911 1033 912
f 912 1033 1034
f 912 1034 1035
f 912 1035 913
f 913 1035 917
f 913 917 916
f 913 916 914
f 915 1024 1027
f 917 1034 918
f 917 1035 1034
f 918 1034 1036
f 918 1036 919
f 919 1037 1038
f 919 1038 920
f 919 1036 1037
f 920 1038 921
f 921 1038 1039
f 921 1039 1040
f 921 1040 1041
f 921 1041 922
f 922 1042 923
f 922 1041 1042
f 923 1042 924
f 924 1042 925
f 925 1042 926
f 926 1043 928
f 926 928 927
f 926 1042 1043
f 928 1043 1044
f 928 1044 1045
f 928 1045 929
f 928 929 932
f 929 1046 1047
f 929 1047 1048
f 929 1048 1049
f 929 1049 930
f 929 1045 1046
f 930 1049 1050
f 930 1050 1051
f 930 1051 931
f 931 1051 933
f 933 1051 1052
f 933 1052 934
f 934 1052 1053
f 934 1053 1054
f 934 1054 935
f 935 1054 940
f 935 940 939
f 937 1055 941
f 937 940 1056
f 937 1056 1055
f 940 1054 1057
f 940 1057 1056
f 941 1055 1058
f 941 1058 942
f 942 1058 943
f 943 1058 1059
f 943 1059 1060
f 943 1060 1061
f 943 1061 945
f 943 945 944
f 945 1061 1062
f 945 1062 947
f 945 947 946
f 947 1062 1063
f 947 1063 1064
f 947 1064 949
f 949 1064 952
f 950 1065 1066
f 950 1066 1067
f 950 1067 951
f 950 952 1068
f 950 1068 1065
f 951 1067 1069
f 951 1069 953
f 952 1064 1070
f 952 1070 1068
f 953 1069 1071
f 953 1071 954
f 954 1071 1072
f 954 1072 1073
f 954 1073 1074
f 954 1074 955
f 955 1074 956
f 956 1073 1075
f 956 1075 957
f 956 1074 1073
f 958 1076 1077
f 958 1077 1078
f 958 1078 1079
f 958 1079 959
f 958 962 1076
f 959 1080 1081
f 959 1081 1082
f 959 1082 960
f 959 1079 1080
f 961 1083 962
f 962 1083 1084
f 962 1084 1085
f 962 1085 1076
f 963 1082 1086
f 963 1086 964
f 964 1087 965
f 964 1086 1087
f 965 1087 1088
f 965 1088 1089
f 965 1089 1090
f 965 1090 1091
f 965 1091 966
f 966 1091 1092
f 966 1092 967
f 967 1092 968
f 968 1092 1093
f 968 1093 1094
f 968 1094 1095
f 968 1095 969
f 969 1095 1096
f 969 1096 970
f 970 1096 971
f 971 1097 1098
f 971 1098 972
f 971 1096 1097
f 972 1098 1099
f 972 1099 974
f 972 974 973
f 974 1099 1100
f 974 1100 975
f 975 1100 1101
f 975 1101 1102
f 975 1102 976
f 976 1102 1103
f 976 1103 1104
f 976 1104 978
f 978 1104 1105
f 978 1105 1106
f 978 1106 1107
f 978 1107 979
f 979 1107 1108
f 979 1108 981
f 980 981 982
f 981 1108 1109
f 981 1109 982
f 982 1109 983
f 983 1109 984
f 984 1110 1111
f 984 1111 1112
f 984 1112 986
f 984 986 985
f 984 1109 1110
f 986 1112 1113
f 986 1113 988
f 987 991 1114
f 987 1114 1115
f 987 1115 992
f 988 1113 1116
f 988 1116 989
f 989 1117 990
f 989 1116 1117
f 990 1117 1118
f 990 1118 1119
f 990 1119 991
f 991 1120 1114
f 991 1119 1120
f 992 1115 1121
f 992 1121 993
f 993 1122 994
f 993 1121 1122
f 994 1123 995
f 994 1122 1123
f 995 1124 996
f 995 1123 1124
f 996 1125 998
f 996 1124 1125
f 997 998 1126
f 997 1126 1127
f 997 1127 999
f 998 1125 1128
f 998 1128 1126
f 999 1127 1129
f 999 1129 1130
f 999 1130 1000
f 1000 1130 1131
f 1000 1131 1132
f 1000 1132 1003
f 1000 1003 1001
f 1003 1133 1004
f 1003 1132 1133
f 1004 1133 1005
f 1005 1134 1135
f 1005 1135 1006
f 1005 1133 1134
f 1006 1136 1137
f 1006 1137 1138
f 1006 1138 1007
f 1006 1135 1136
f 1007 1138 1011
f 1007 1011 1008
f 1009 1011 1138
f 1009 1138 1139
f 1009 1139 1140
f 1009 1140 1141
f 1009 1141 1010
f 1010 1141 1012
f 1012 1142 1014
f 1012 1141 1142
f 1013 1017 1143
f 1014 1142 1144
f 1014 1144 1015
f 1015 1145 1146
f 1015 1146 1016
f 1015 1144 1145
f 1016 1146 1147
f 1016 1147 1148
f 1016 1148 1149
f 1016 1149 1017
f 1017 1149 1143
f 1018 1150 1025
f 1018 1020 1150
f 1020 1151 1150
f 1020 1023 1151
f 1022 1152 1023
f 1023 1153 1151
f 1023 1152 1153
f 1024 1026 1154
f 1024 1154 1027
f 1025 1150 1155
f 1025 1155 1026
f 1026 1155 1154
f 1027 1154 1028
f 1028 1154 1029
f 1029 1156 1157
f 1029 1157 1031
f 1029 1031 1030
f 1029 1154 1158
f 1029 1158 1156
f 1031 1033 1032
f 1031 1157 1159
f 1031 1159 1160
f 1031 1160 1161
f 1031 1161 1033
f 1033 1161 1036
f 1033 1036 1034
f 1036 1161 1037
f 1037 1161 1162
f 1037 1162 1163
f 1037 1163 1038
f 1038 1163 1164
f 1038 1164 1039
f 1039 1164 1040
f 1040 1164 1165
f 1040 1165 1041
f 1041 1165 1166
f 1041 1166 1167
f 1041 1167 1042
f 1042 1167 1043
f 1043 1167 1044
f 1044 1168 1169
f 1044 1169 1045
f 1044 1167 1166
f 1044 1166 1168
f 1045 1169 1046
f 1046 1169 1170
f 1046 1170 1171
f 1046 1171 1047
f 1047 1171 1172
f 1047 1172 1048
f 1048 1172 1049
f 1049 1172 1173
f 1049 1173 1050
f 1050 1173 1051
f 1051 1173 1052
f 1052 1173 1174
f 1052 1174 1057
f 1052 1057 1054
f 1052 1054 1053
f 1055 1175 1058
f 1055 1056 1176
f 1055 1176 1175
f 1056 1057 1177
f 1056 1177 1176
f 1057 1174 1178
f 1057 1178 1177
f 1058 1175 1179
f 1058 1179 1180
f 1058 1180 1059
f 1059 1180 1060
f 1060 1181 1061
f 1060 1180 1182
f 1060 1182 1181
f 1061 1183 1184
f 1061 1184 1062
f 1061 1181 1183
f 1062 1184 1063
f 1063 1185 1064
f 1063 1184 1183
f 1063 1183 1185
f 1064 1185 1186
f 1064 1186 1070
f 1065 1068 1187
f 1065 1187 1066
f 1066 1188 1189
f 1066 1189 1190
f 1066 1190 1067
f 1066 1187 1191
f 1066 1191 1188
f 1067 1190 1069
f 1068 1070 1186
f 1068 1186 1192
f 1068 1192 1193
f 1068 1193 1194
f 1068 1194 1187
f 1069 1190 1195
f 1069 1195 1071
f 1071 1195 1196
f 1071 1196 1072
f 1072 1196 1197
f 1072 1197 1073
f 1073 1197 1198
f 1073 1198 1199
f 1073 1199 1075
f 1076 1085 1077
f 1077 1085 1078
f 1078 1085 1189
f 1078 1189 1080
f 1078 1080 1079
f 1080 1189 1188
f 1080 1188 1191
f 1080 1191 1081
f 1081 1187 1200
f 1081 1200 1086
f 1081 1086 1082
f 1081 1191 1187
f 1083 1201 1084
f 1084 1202 1085
f 1084 1201 1203
f 1084 1203 1202
f 1085 1202 1204
f 1085 1204 1189
f 1086 1200 1087
f 1087 1205 1206
f 1087 1206 1088
f 1087 1200 1205
f 1088 1206 1089
f 1089 1206 1207
f 1089 1207 1208
f 1089 1208 1090
f 1090 1093 1091
f 1090 1208 1209
f 1090 1209 1093
f 1091 1093 1092
f 1093 1209 1210
f 1093 1210 1094
f 1094 1210 1211
f 1094 1211 1095
f 1095 1211 1212
f 1095 1212 1096
f 1096 1212 1097
f 1097 1212 1213
f 1097 1213 1098
f 1098 1213 1214
f 1098 1214 1099
f 1099 1214 1215
f 1099 1215 1100
f 1100 1215 1216
f 1100 1216 1101
f 1101 1217 1218
f 1101 1218 1219
f 1101 1219 1102
f 1101 1216 1217
f 1102 1219 1103
f 1103 1219 1104
f 1104 1219 1105
f 1105 1220 1221
f 1105 1221 1106
f 1105 1219 1220
f 1106 1221 1222
f 1106 1222 1223
f 1106 1223 1224
f 1106 1224 1107
f 1107 1224 1225
f 1107 1225 1226
f 1107 1226 1108
f 1108 1226 1227
f 1108 1227 1111
f 1108 1111 1110
f 1108 1110 1109
f 1111 1227 1228
f 1111 1228 1229
f 1111 1229 1113
f 1111 1113 1112
f 1113 1229 1116
f 1114 1120 1115
f 1115 1120 1230
f 1115 1230 1231
f 1115 1231 1232
f 1115 1232 1121
f 1116 1229 1233
f 1116 1233 1117
f 1117 1234 1118
f 1117 1233 1235
f 1117 1235 1234
f 1118 1236 1237
f 1118 1237 1119
f 1118 1234 1236
f 1119 1237 1120
f 1120 1237 1238
f 1120 1238 1239
f 1120 1239 1230
f 1121 1232 1122
f 1122 1232 1240
f 1122 1240 1241
f 1122 1241 1123
f 1123 1241 1124
f 1124 1241 1242
f 1124 1242 1125
f 1125 1242 1128
f 1126 1243 1244
f 1126 1244 1127
f 1126 1128 1245
f 1126 1245 1243
f 1127 1244 1129
f 1128 1242 1245
f 1129 1246 1247
f 1129 1247 1248
f 1129 1248 1130
f 1129 1244 1246
f 1130 1249 1131
f 1130 1248 1249
f 1131 1249 1250
f 1131 1250 1251
f 1131 1251 1132
f 1132 1251 1252
f 1132 1252 1133
f 1133 1252 1134
f 1134 1253 1254
f 1134 1254 1135
f 1134 1252 1253
f 1135 1254 1136
f 1136 1254 1255
f 1136 1255 1256
f 1136 1256 1137
f 1137 1257 1139
f 1137 1139 1138
f 1137 1256 1257
f 1139 1257 1140
f 1140 1257 1258
f 1140 1258 1259
f 1140 1259 1142
f 1140 1142 1141
f 1142 1259 1144
f 1144 1259 1260
f 1144 1260 1145
f 1145 1261 1262
f 1145 1262 1147
f 1145 1147 1146
f 1145 1260 1261
f 1147 1262 1263
f 1147 1263 1264
f 1147 1264 1148
f 1148 1264 1265
f 1148 1265 1266
f 1148 1266 1267
f 1148 1267 1149
f 1150 1268 1155
f 1150 1151 1268
f 1151 1153 1269
f 1151 1269 1270
f 1151 1270 1268
f 1152 1271 1153
f 1153 1271 1272
f 1153 1272 1269
f 1154 1155 1158
f 1155 1268 1158
f 1156 1273 1274
f 1156 1274 1275
f 1156 1275 1157
f 1156 1158 1276
f 1156 1276 1273
f 1157 1275 1159
f 1158 1268 1277
f 1158 1277 1278
f 1158 1278 1276
f 1159 1279 1280
f 1159 1280 1160
f 1159 1275 1279
f 1160 1280 1281
f 1160 1281 1161
f 1161 1281 1282
f 1161 1282 1162
f 1162 1282 1163
f 1163 1282 1283
f 1163 1283 1284
f 1163 1284 1164
f 1164 1284 1285
f 1164 1285 1165
f 1165 1285 1286
f 1165 1286 1166
f 1166 1286 1168
f 1168 1170 1169
f 1168 1286 1287
f 1168 1287 1170
f 1170 1288 1171
f 1170 1287 1289
f 1170 1289 1288
f 1171 1288 1290
f 1171 1290 1172
f 1172 1290 1291
f 1172 1291 1292
f 1172 1292 1293
f 1172 1293 1173
f 1173 1293 1294
f 1173 1294 1174
f 1174 1294 1295
f 1174 1295 1178
f 1175 1296 1179
f 1175 1176 1296
f 1176 1177 1178
f 1176 1178 1296
f 1178 1295 1297
f 1178 1297 1298
f 1178 1298 1296
f 1179 1296 1299
f 1179 1299 1300
f 1179 1300 1301
f 1179 1301 1181
f 1179 1181 1182
f 1179 1182 1180
f 1181 1302 1183
f 1181 1301 1303
f 1181 1303 1304
f 1181 1304 1302
f 1183 1305 1185
f 1183 1302 1305
f 1185 1305 1306
f 1185 1306 1307
f 1185 1307 1186
f 1186 1307 1192
f 1187 1194 1200
f 1189 1204 1190
f 1190 1204 1308
f 1190 1308 1309
f 1190 1309 1310
f 1190 1310 1195
f 1192 1307 1311
f 1192 1311 1312
f 1192 1312 1313
f 1192 1313 1314
f 1192 1314 1193
f 1193 1314 1194
f 1194 1314 1200
f 1195 1310 1315
f 1195 1315 1196
f 1196 1315 1197
f 1197 1315 1316
f 1197 1316 1198
f 1198 1316 1317
f 1198 1317 1199
f 1200 1314 1205
f 1202 1203 1318
f 1202 1318 1319
f 1202 1319 1320
f 1202 1320 1308
f 1202 1308 1204
f 1205 1314 1321
f 1205 1321 1206
f 1206 1321 1322
f 1206 1322 1207
f 1207 1323 1324
f 1207 1324 1208
f 1207 1322 1323
f 1208 1324 1209
f 1209 1324 1325
f 1209 1325 1326
f 1209 1326 1210
f 1210 1326 1327
f 1210 1327 1328
f 1210 1328 1211
f 1211 1328 1212
f 1212 1328 1213
f 1213 1328 1329
f 1213 1329 1214
f 1214 1329 1330
f 1214 1330 1331
f 1214 1331 1215
f 1215 1331 1216
f 1216 1331 1217
f 1217 1331 1332
f 1217 1332 1333
f 1217 1333 1334
f 1217 1334 1218
f 1218 1334 1335
f 1218 1335 1336
f 1218 1336 1220
f 1218 1220 1219
f 1220 1336 1337
f 1220 1337 1221
f 1221 1338 1339
f 1221 1339 1340
f 1221 1340 1341
f 1221 1341 1222
f 1221 1337 1338
f 1222 1341 1223
f 1223 1341 1342
f 1223 1342 1343
f 1223 1343 1226
f 1223 1226 1225
f 1223 1225 1224
f 1226 1343 1228
f 1226 1228 1227
f 1228 1343 1229
f 1229 1343 1233
f 1230 1239 1231
f 1231 1239 1344
f 1231 1344 1345
f 1231 1345 1232
f 1232 1345 1240
f 1233 1343 1342
f 1233 1342 1235
f 1234 1235 1346
f 1234 1346 1347
f 1234 1347 1348
f 1234 1348 1236
f 1235 1342 1346
f 1236 1348 1349
f 1236 1349 1350
f 1236 1350 1351
f 1236 1351 1352
f 1236 1352 1237
f 1237 1352 1238
f 1238 1352 1351
f 1238 1351 1353
f 1238 1353 1239
f 1239 1353 1344
f 1240 1345 1354
f 1240 1354 1355
f 1240 1355 1241
f 1241 1355 1356
f 1241 1356 1242
f 1242 1357 1245
f 1242 1356 1357
f 1243 1358 1359
f 1243 1359 1244
f 1243 1245 1357
f 1243 1357 1358
f 1244 1359 1246
f 1246 1360 1361
f 1246 1361 1247
f 1246 1359 1360
f 1247 1361 1362
f 1247 1362 1363
f 1247 1363 1249
f 1247 1249 1248
f 1249 1363 1250
f 1250 1363 1362
f 1250 1362 1364
f 1250 1364 1365
f 1250 1365 1251
f 1251 1366 1367
f 1251 1367 1368
f 1251 1368 1253
f 1251 1253 1252
f 1251 1365 1366
f 1253 1368 1369
f 1253 1369 1370
f 1253 1370 1254
f 1254 1370 1255
f 1255 1371 1372
f 1255 1372 1256
f 1255 1370 1371
f 1256 1372 1373
f 1256 1373 1257
f 1257 1373 1258
f 1258 1374 1375
f 1258 1375 1259
f 1258 1373 1374
f 1259 1376 1260
f 1259 1375 1376
f 1260 1376 1377
f 1260 1377 1261
f 1261 1378 1379
f 1261 1379 1263
f 1261 1263 1262
f 1261 1377 1378
f 1263 1380 1381
f 1263 1381 1382
f 1263 1382 1265
f 1263 1265 1264
f 1263 1379 1383
f 1263 1383 1380
f 1268 1270 1277
f 1269 1384 1385
f 1269 1385 1270
f 1269 1272 1384
f 1270 1386 1387
f 1270 1387 1277
f 1270 1385 1386
f 1272 1388 1389
f 1272 1389 1384
f 1273 1276 1390
f 1273 1390 1391
f 1273 1391 1274
f 1274 1391 1392
f 1274 1392 1275
f 1275 1392 1279
f 1276 1393 1390
f 1276 1278 1393
f 1277 1387 1278
f 1278 1387 1394
f 1278 1394 1393
f 1279 1392 1395
f 1279 1395 1396
f 1279 1396 1280
f 1280 1396 1397
f 1280 1397 1398
f 1280 1398 1281
f 1281 1398 1399
f 1281 1399 1282
f 1282 1399 1400
f 1282 1400 1283
f 1283 1401 1284
f 1283 1400 1401
f 1284 1401 1402
f 1284 1402 1403
f 1284 1403 1404
f 1284 1404 1285
f 1285 1404 1405
f 1285 1405 1286
f 1286 1405 1287
f 1287 1405 1406
f 1287 1406 1289
f 1288 1407 1408
f 1288 1408 1290
f 1288 1289 1407
f 1289 1409 1410
f 1289 1410 1407
f 1289 1406 1409
f 1290 1408 1411
f 1290 1411 1291
f 1291 1411 1412
f 1291 1412 1292
f 1292 1412 1413
f 1292 1413 1414
f 1292 1414 1293
f 1293 1414 1295
f 1293 1295 1294
f 1295 1415 1297
f 1295 1414 1416
f 1295 1416 1415
f 1296 1298 1417
f 1296 1417 1299
f 1297 1415 1418
f 1297 1418 1419
f 1297 1419 1420
f 1297 1420 1421
f 1297 1421 1298
f 1298 1421 1417
f 1299 1417 1422
f 1299 1422 1423
f 1299 1423 1300
f 1300 1423 1304
f 1300 1304 1303
f 1300 1303 1301
f 1302 1304 1424
f 1302 1424 1425
f 1302 1425 1426
f 1302 1426 1306
f 1302 1306 1305
f 1304 1423 1422
f 1304 1422 1424
f 1306 1426 1307
f 1307 1426 1311
f 1308 1320 1309
f 1309 1320 1315
f 1309 1315 1310
f 1311 1323 1312
f 1311 1426 1427
f 1311 1427 1323
f 1312 1322 1321
f 1312 1321 1313
f 1312 1323 1322
f 1313 1321 1314
f 1315 1320 1428
f 1315 1428 1429
f 1315 1429 1316
f 1323 1427 1430
f 1323 1430 1431
f 1323 1431 1324
f 1324 1431 1325
f 1325 1431 1432
f 1325 1432 1326
f 1326 1432 1433
f 1326 1433 1434
f 1326 1434 1327
f 1327 1434 1328
f 1328 1434 1435
f 1328 1435 1436
f 1328 1436 1329
f 1329 1436 1330
f 1330 1436 1437
f 1330 1437 1438
f 1330 1438 1331
f 1331 1438 1332
f 1332 1438 1439
f 1332 1439 1333
f 1333 1440 1334
f 1333 1439 1440
f 1334 1440 1441
f 1334 1441 1442
f 1334 1442 1335
f 1335 1442 1443
f 1335 1443 1339
f 1335 1339 1338
f 1335 1338 1336
f 1336 1338 1337
f 1339 1443 1444
f 1339 1444 1340
f 1340 1445 1341
f 1340 1444 1446
f 1340 1446 1447
f 1340 1447 1347
f 1340 1347 1445
f 1341 1445 1342
f 1342 1445 1347
f 1342 1347 1346
f 1344 1448 1354
f 1344 1354 1345
f 1344 1353 1448
f 1347 1447 1348
f 1348 1447 1349
f 1349 1447 1449
f 1349 1449 1350
f 1350 1450 1451
f 1350 1451 1351
f 1350 1449 1450
f 1351 1451 1353
f 1353 1451 1452
f 1353 1452 1448
f 1354 1448 1452
f 1354 1452 1453
f 1354 1453 1454
f 1354 1454 1355
f 1355 1454 1455
f 1355 1455 1356
f 1356 1455 1357
f 1357 1455 1456
f 1357 1456 1358
f 1358 1457 1359
f 1358 1456 1457
f 1359 1458 1360
f 1359 1457 1458
f 1360 1459 1361
f 1360 1458 1459
f 1361 1459 1460
f 1361 1460 1362
f 1362 1460 1364
f 1364 1461 1462
f 1364 1462 1366
f 1364 1366 1365
f 1364 1460 1463
f 1364 1463 1464
f 1364 1464 1465
f 1364 1465 1466
f 1364 1466 1461
f 1366 1462 1467
f 1366 1467 1367
f 1367 1467 1368
f 1368 1467 1369
f 1369 1467 1370
f 1370 1467 1468
f 1370 1468 1469
f 1370 1469 1371
f 1371 1469 1372
f 1372 1470 1471
f 1372 1471 1374
f 1372 1374 1373
f 1372 1469 1470
f 1374 1471 1472
f 1374 1472 1473
f 1374 1473 1474
f 1374 1474 1376
f 1374 1376 1375
f 1376 1474 1377
f 1377 1474 1473
f 1377 1473 1475
f 1377 1475 1476
f 1377 1476 1378
f 1378 1476 1383
f 1378 1383 1379
f 1380 1383 1477
f 1380 1477 1478
f 1380 1478 1479
f 1380 1479 1480
f 1380 1480 1481
f 1380 1481 1381
f 1383 1476 1477
f 1384 1389 1385
f 1385 1389 1482
f 1385 1482 1386
f 1386 1482 1483
f 1386 1483 1484
f 1386 1484 1394
f 1386 1394 1387
f 1388 1485 1486
f 1388 1486 1389
f 1389 1486 1482
f 1390 1487 1488
f 1390 1488 1391
f 1390 1393 1487
f 1391 1488 1489
f 1391 1489 1392
f 1392 1489 1490
f 1392 1490 1395
f 1393 1491 1487
f 1393 1394 1484
f 1393 1484 1491
f 1395 1490 1492
f 1395 1492 1493
f 1395 1493 1396
f 1396 1493 1397
f 1397 1493 1494
f 1397 1494 1495
f 1397 1495 1496
f 1397 1496 1398
f 1398 1496 1497
f 1398 1497 1399
f 1399 1402 1401
f 1399 1401 1400
f 1399 1497 1498
f 1399 1498 1402
f 1402 1498 1403
f 1403 1498 1499
f 1403 1499 1500
f 1403 1500 1404
f 1404 1500 1406
f 1404 1406 1405
f 1406 1500 1501
f 1406 1501 1409
f 1407 1410 1502
f 1407 1502 1408
f 1408 1502 1411
f 1409 1501 1503
f 1409 1503 1410
f 1410 1503 1504
f 1410 1504 1502
f 1411 1505 1506
f 1411 1506 1412
f 1411 1502 1505
f 1412 1506 1507
f 1412 1507 1508
f 1412 1508 1509
f 1412 1509 1413
f 1413 1509 1510
f 1413 1510 1414
f 1414 1510 1416
f 1415 1416 1511
f 1415 1511 1418
f 1416 1510 1511
f 1417 1421 1422
f 1418 1511 1419
f 1419 1511 1420
f 1420 1512 1513
f 1420 1513 1421
f 1420 1511 1512
f 1421 1513 1514
f 1421 1514 1422
f 1422 1514 1515
f 1422 1515 1424
f 1424 1515 1516
f 1424 1516 1517
f 1424 1517 1425
f 1425 1518 1427
f 1425 1427 1426
f 1425 1517 1519
f 1425 1519 1518
f 1427 1518 1430
f 1430 1518 1431
f 1431 1518 1432
f 1432 1518 1520
f 1432 1520 1521
f 1432 1521 1433
f 1433 1521 1434
f 1434 1521 1522
f 1434 1522 1523
f 1434 1523 1435
f 1435 1523 1524
f 1435 1524 1436
f 1436 1524 1437
f 1437 1524 1525
f 1437 1525 1526
f 1437 1526 1438
f 1438 1526 1439
f 1439 1526 1527
f 1439 1527 1528
f 1439 1528 1441
f 1439 1441 1440
f 1441 1529 1530
f 1441 1530 1442
f 1441 1528 1529
f 1442 1530 1531
f 1442 1531 1532
f 1442 1532 1443
f 1443 1532 1533
f 1443 1533 1444
f 1444 1533 1446
f 1446 1533 1534
f 1446 1534 1447
f 1447 1534 1449
f 1449 1534 1535
f 1449 1535 1450
f 1450 1536 1451
f 1450 1535 1537
f 1450 1537 1536
f 1451 1536 1538
f 1451 1538 1539
f 1451 1539 1452
f 1452 1540 1541
f 1452 1541 1542
f 1452 1542 1453
f 1452 1539 1538
f 1452 1538 1540
f 1453 1542 1543
f 1453 1543 1544
f 1453 1544 1454
f 1454 1544 1455
f 1455 1544 1456
f 1456 1544 1545
f 1456 1545 1546
f 1456 1546 1457
f 1457 1546 1458
f 1458 1546 1547
f 1458 1547 1464
f 1458 1464 1463
f 1458 1463 1460
f 1458 1460 1459
f 1461 1548 1549
f 1461 1549 1467
f 1461 1467 1462
f 1461 1466 1548
f 1464 1550 1551
f 1464 1551 1466
f 1464 1466 1465
f 1464 1547 1550
f 1466 1551 1552
f 1466 1552 1553
f 1466 1553 1548
f 1467 1554 1468
f 1467 1549 1554
f 1468 1554 1555
f 1468 1555 1469
f 1469 1555 1470
f 1470 1555 1556
f 1470 1556 1557
f 1470 1557 1558
f 1470 1558 1472
f 1470 1472 1471
f 1472 1558 1559
f 1472 1559 1473
f 1473 1559 1475
f 1475 1559 1560
f 1475 1560 1561
f 1475 1561 1476
f 1476 1561 1477
f 1477 1562 1478
f 1477 1561 1560
f 1477 1560 1562
f 1478 1563 1564
f 1478 1564 1565
f 1478 1565 1479
f 1478 1562 1563
f 1479 1565 1480
f 1482 1486 1566
f 1482 1566 1567
f 1482 1567 1483
f 1483 1567 1484
f 1484 1568 1491
f 1484 1567 1568
f 1485 1569 1486
f 1486 1570 1566
f 1486 1569 1571
f 1486 1571 1570
f 1487 1572 1573
f 1487 1573 1488
f 1487 1491 1574
f 1487 1574 1572
f 1488 1573 1575
f 1488 1575 1489
f 1489 1575 1576
f 1489 1576 1490
f 1490 1576 1577
f 1490 1577 1492
f 1491 1578 1572
f 1491 1572 1574
f 1491 1568 1578
f 1492 1577 1579
f 1492 1579 1494
f 1492 1494 1493
f 1494 1579 1580
f 1494 1580 1495
f 1495 1580 1581
f 1495 1581 1582
f 1495 1582 1496
f 1496 1582 1497
f 1497 1582 1583
f 1497 1583 1584
f 1497 1584 1498
f 1498 1584 1585
f 1498 1585 1499
f 1499 1585 1586
f 1499 1586 1587
f 1499 1587 1501
f 1499 1501 1500
f 1501 1587 1588
f 1501 1588 1589
f 1501 1589 1503
f 1502 1504 1590
f 1502 1590 1505
f 1503 1589 1591
f 1503 1591 1504
f 1504 1592 1590
f 1504 1591 1592
f 1505 1590 1507
f 1505 1507 1506
f 1507 1593 1594
f 1507 1594 1595
f 1507 1595 1596
f 1507 1596 1508
f 1507 1590 1593
f 1508 1596 1597
f 1508 1597 1509
f 1509 1597 1598
f 1509 1598 1510
f 1510 1598 1511
f 1511 1598 1512
f 1512 1599 1600
f 1512 1600 1513
f 1512 1598 1599
f 1513 1600 1601
f 1513 1601 1514
f 1514 1601 1602
f 1514 1602 1603
f 1514 1603 1516
f 1514 1516 1515
f 1516 1603 1604
f 1516 1604 1517
f 1517 1604 1519
f 1518 1519 1605
f 1518 1605 1520
f 1519 1604 1605
f 1520 1605 1604
f 1520 1604 1602
f 1520 1602 1606
f 1520 1606 1521
f 1521 1606 1607
f 1521 1607 1522
f 1522 1607 1608
f 1522 1608 1523
f 1523 1608 1609
f 1523 1609 1524
f 1524 1609 1525
f 1525 1609 1610
f 1525 1610 1611
f 1525 1611 1526
f 1526 1611 1527
f 1527 1611 1612
f 1527 1612 1613
f 1527 1613 1528
f 1528 1613 1529
f 1529 1613 1614
f 1529 1614 1531
f 1529 1531 1530
f 1531 1615 1616
f 1531 1616 1532
f 1531 1614 1615
f 1532 1616 1617
f 1532 1617 1618
f 1532 1618 1533
f 1533 1618 1534
f 1534 1618 1535
f 1535 1618 1537
f 1536 1537 1619
f 1536 1619 1538
f 1537 1618 1617
f 1537 1617 1619
f 1538 1620 1621
f 1538 1621 1540
f 1538 1619 1620
f 1540 1621 1622
f 1540 1622 1623
f 1540 1623 1541
f 1541 1623 1624
f 1541 1624 1542
f 1542 1624 1543
f 1543 1625 1545
f 1543 1545 1544
f 1543 1624 1625
f 1545 1625 1626
f 1545 1626 1627
f 1545 1627 1546
f 1546 1627 1547
f 1547 1627 1550
f 1548 1553 1628
f 1548 1628 1629
f 1548 1629 1630
f 1548 1630 1631
f 1548 1631 1549
f 1549 1631 1554
f 1550 1627 1632
f 1550 1632 1551
f 1551 1633 1634
f 1551 1634 1553
f 1551 1553 1552
f 1551 1632 1633
f 1553 1634 1628
f 1554 1631 1635
f 1554 1635 1555
f 1555 1635 1556
f 1556 1636 1557
f 1556 1635 1636
f 1557 1637 1638
f 1557 1638 1639
f 1557 1639 1558
f 1557 1636 1637
f 1558 1639 1559
f 1559 1639 1560
f 1560 1639 1640
f 1560 1640 1641
f 1560 1641 1562
f 1562 1641 1642
f 1562 1642 1643
f 1562 1643 1563
f 1566 1570 1642
f 1566 1642 1641
f 1566 1641 1644
f 1566 1644 1567
f 1567 1644 1645
f 1567 1645 1646
f 1567 1646 1568
f 1568 1646 1638
f 1568 1638 1578
f 1570 1571 1647
f 1570 1647 1643
f 1570 1643 1642
f 1572 1636 1648
f 1572 1648 1573
f 1572 1578 1638
f 1572 1638 1637
f 1572 1637 1636
f 1573 1648 1575
f 1575 1629 1576
f 1575 1648 1629
f 1576 1629 1628
f 1576 1628 1577
f 1577 1634 1649
f 1577 1649 1579
f 1577 1628 1634
f 1579 1649 1650
f 1579 1650 1651
f 1579 1651 1581
f 1579 1581 1580
f 1581 1651 1652
f 1581 1652 1583
f 1581 1583 1582
f 1583 1652 1653
f 1583 1653 1654
f 1583 1654 1584
f 1584 1654 1585
f 1585 1654 1586
f 1586 1655 1656
f 1586 1656 1588
f 1586 1588 1587
f 1586 1654 1655
f 1588 1656 1657
f 1588 1657 1658
f 1588 1658 1589
f 1589 1658 1591
f 1590 1592 1659
f 1590 1659 1660
f 1590 1660 1661
f 1590 1661 1593
f 1591 1662 1592
f 1591 1658 1662
f 1592 1662 1663
f 1592 1663 1659
f 1593 1661 1594
f 1594 1661 1664
f 1594 1664 1595
f 1595 1664 1665
f 1595 1665 1596
f 1596 1665 1666
f 1596 1666 1667
f 1596 1667 1668
f 1596 1668 1597
f 1597 1668 1599
f 1597 1599 1598
f 1599 1669 1600
f 1599 1668 1669
f 1600 1669 1670
f 1600 1670 1601
f 1601 1670 1606
f 1601 1606 1602
f 1602 1604 1603
f 1606 1670 1607
f 1607 1670 1671
f 1607 1671 1672
f 1607 1672 1608
f 1608 1672 1673
f 1608 1673 1609
f 1609 1673 1610
f 1610 1673 1674
f 1610 1674 1612
f 1610 1612 1611
f 1612 1674 1675
f 1612 1675 1613
f 1613 1675 1676
f 1613 1676 1614
f 1614 1676 1677
f 1614 1677 1615
f 1615 1677 1678
f 1615 1678 1679
f 1615 1679 1616
f 1616 1679 1617
f 1617 1679 1680
f 1617 1680 1619
f 1619 1680 1620
f 1620 1681 1621
f 1620 1680 1682
f 1620 1682 1681
f 1621 1681 1622
f 1622 1683 1657
f 1622 1657 1684
f 1622 1684 1623
f 1622 1681 1683
f 1623 1685 1624
f 1623 1684 1686
f 1623 1686 1685
f 1624 1685 1625
f 1625 1687 1626
f 1625 1685 1687
f 1626 1688 1632
f 1626 1632 1627
f 1626 1687 1688
f 1629 1648 1630
f 1630 1648 1631
f 1631 1648 1635
f 1632 1688 1651
f 1632 1651 1650
f 1632 1650 1633
f 1633 1650 1649
f 1633 1649 1634
f 1635 1648 1636
f 1638 1646 1644
f 1638 1644 1639
f 1639 1644 1640
f 1640 1644 1641
f 1644 1646 1645
f 1651 1688 1689
f 1651 1689 1652
f 1652 1689 1653
f 1653 1690 1686
f 1653 1686 1655
f 1653 1655 1654
f 1653 1689 1690
f 1655 1691 1684
f 1655 1684 1656
f 1655 1686 1691
f 1656 1684 1657
f 1657 1683 1658
f 1658 1683 1662
f 1659 1663 1660
f 1660 1663 1692
f 1660 1692 1693
f 1660 1693 1694
f 1660 1694 1661
f 1661 1694 1664
f 1662 1681 1663
f 1662 1683 1681
f 1663 1681 1692
f 1664 1695 1665
f 1664 1694 1695
f 1665 1695 1696
f 1665 1696 1666
f 1666 1696 1697
f 1666 1697 1698
f 1666 1698 1667
f 1667 1698 1699
f 1667 1699 1669
f 1667 1669 1668
f 1669 1699 1670
f 1670 1699 1671
f 1671 1700 1672
f 1671 1699 1700
f 1672 1700 1701
f 1672 1701 1673
f 1673 1701 1674
f 1674 1697 1675
f 1674 1701 1697
f 1675 1696 1676
f 1675 1697 1696
f 1676 1696 1695
f 1676 1695 1677
f 1677 1695 1694
f 1677 1694 1678
f 1678 1694 1693
f 1678 1693 1692
f 1678 1692 1680
f 1678 1680 1679
f 1680 1692 1702
f 1680 1702 1682
f 1681 1682 1702
f 1681 1702 1692
f 1684 1691 1686
f 1685 1686 1703
f 1685 1703 1687
f 1686 1690 1703
f 1687 1703 1690
f 1687 1690 1689
f 1687 1689 1688
f 1697 1701 1698
f 1698 1701 1700
f 1698 1700 1699

