# https://github.com/mikedh/trimesh
v -0.06001825 -0.02009222 -0.00974551
v -0.05490160 -0.02009222 -0.00974551
v -0.05984051 -0.02047692 -0.00974551
v -0.06188039 -0.02079812 -0.00806111
v -0.06274375 -0.01926679 -0.00794051
v -0.06030181 -0.01948342 -0.00972995
v -0.06058959 -0.01881487 -0.00972995
v -0.06091546 -0.01799318 -0.00972995
v -0.06102973 -0.01770185 -0.00972995
v -0.06136407 -0.01680547 -0.00972995
v -0.06171111 -0.01580450 -0.00972995
v -0.06206661 -0.01469896 -0.00972995
v -0.06237132 -0.01362329 -0.00972995
v -0.06261678 -0.01270076 -0.00972995
v -0.06286648 -0.01165871 -0.00972995
v -0.06312887 -0.01045606 -0.00972995
v -0.06324314 -0.00985847 -0.00972995
v -0.06349284 -0.00849895 -0.00972995
v -0.06376793 -0.00669124 -0.00972995
v -0.06381448 -0.00629533 -0.00972995
v -0.06401762 -0.00442039 -0.00972995
v -0.06416151 -0.00272472 -0.00972995
v -0.06417844 -0.00251557 -0.00972995
v -0.06420384 -0.00189183 -0.00972995
v -0.04179044 -0.03636164 -0.00974551
v -0.05945538 -0.00189183 -0.00972995
v -0.05931572 -0.02154138 -0.00974551
v -0.06266757 -0.02115668 -0.00731032
v -0.06331932 -0.02008848 -0.00720140
v -0.06108052 -0.02185511 -0.00826339
v -0.06199043 -0.01831812 -0.00881967
v -0.06356478 -0.01967390 -0.00715861
v -0.06389066 -0.01851234 -0.00730254
v -0.06182538 -0.01719764 -0.00927481
v -0.06427155 -0.01611824 -0.00771878
v -0.06420384 -0.01466161 -0.00813502
v -0.06429271 -0.01381751 -0.00825172
v -0.06465244 -0.01258124 -0.00824005
v -0.06411496 -0.01130016 -0.00886246
v -0.06568085 -0.01096401 -0.00775379
v -0.06560044 -0.00940654 -0.00804944
v -0.06625642 -0.00871558 -0.00764876
v -0.06593478 -0.00728509 -0.00805722
v -0.06666694 -0.00659039 -0.00757485
v -0.06560467 -0.00546617 -0.00846567
v -0.06640455 -0.00402448 -0.00796385
v -0.06509682 -0.00189183 -0.00905696
v -0.06706476 -0.00202629 -0.00755151
v -0.07653628 -0.00188810 0.00272606
v -0.04179044 -0.04004430 -0.00694466
v -0.04179044 -0.04004430 -0.00974551
v -0.06426309 -0.04004430 0.02849388
v -0.06451701 -0.04004430 0.02887900
v -0.07178783 -0.00188810 0.00272606
v -0.08254168 -0.00188810 0.02445599
v -0.08268135 -0.00188810 0.02473218
v -0.08283370 -0.00188810 0.02497336
v -0.05860895 -0.02289716 -0.00974551
v -0.06127097 -0.02294945 -0.00767599
v -0.06263795 -0.02204186 -0.00697189
v -0.06375523 -0.02128740 -0.00637281
v -0.06383564 -0.02033499 -0.00669180
v -0.06383564 -0.01717149 -0.00775379
v -0.06419961 -0.02008848 -0.00648952
v -0.06467361 -0.01887463 -0.00654787
v -0.06510528 -0.01769812 -0.00659066
v -0.06466091 -0.01710053 -0.00713138
v -0.06543539 -0.01657764 -0.00666846
v -0.06540576 -0.01569619 -0.00694077
v -0.06507565 -0.01504631 -0.00737645
v -0.06530842 -0.01394076 -0.00745425
v -0.06571894 -0.01273064 -0.00739979
v -0.06671772 -0.01207703 -0.00675015
v -0.06662039 -0.01122546 -0.00697967
v -0.06645957 -0.01012738 -0.00729476
v -0.06710708 -0.00905546 -0.00694077
v -0.06692933 -0.00799847 -0.00722085
v -0.06752607 -0.00692654 -0.00686296
v -0.06736947 -0.00610858 -0.00706914
v -0.06707746 -0.00496195 -0.00738812
v -0.06648496 -0.00579858 -0.00777713
v -0.06751337 -0.00324388 -0.00715083
v -0.06704783 -0.00189183 -0.00756707
v -0.06800006 -0.00197400 -0.00681628
v -0.06797890 -0.00189183 -0.00683573
v -0.07205868 -0.00189183 -0.00299623
v -0.07219411 -0.00189183 -0.00284452
v -0.07263849 -0.00189183 -0.00233492
v -0.07284586 -0.00189183 -0.00209374
v -0.07320982 -0.00189183 -0.00165805
v -0.07379386 -0.00189183 -0.00095006
v -0.07433557 -0.00189183 -0.00026930
v -0.07509312 -0.00189183 0.00071878
v -0.07538937 -0.00189183 0.00110779
v -0.07555443 -0.00189183 0.00133730
v -0.07589723 -0.00189183 0.00181578
v -0.07622734 -0.00189183 0.00227870
v -0.07653628 -0.00189183 0.00272606
v -0.07680714 -0.00188810 0.00312284
v -0.06872799 -0.00189183 -0.00621332
v -0.06948554 -0.00189183 -0.00557146
v -0.07014576 -0.00189183 -0.00495683
v -0.07044624 -0.00189183 -0.00466507
v -0.07080597 -0.00189183 -0.00430719
v -0.07107259 -0.00189183 -0.00403877
v -0.07145349 -0.00189183 -0.00364588
v -0.04398269 -0.04004430 -0.00974551
v -0.06462282 -0.04004430 0.02903460
v -0.08299453 -0.00188810 0.02514064
v -0.06517723 -0.04004430 0.02976593
v -0.06495716 -0.04004430 0.02948195
v -0.05770327 -0.02450319 -0.00974551
v -0.05991668 -0.02376740 -0.00836842
v -0.06081389 -0.02419319 -0.00748148
v -0.06251098 -0.02303909 -0.00664123
v -0.06365366 -0.02224728 -0.00604216
v -0.06455510 -0.02074957 -0.00592546
v -0.06463551 -0.01979342 -0.00624055
v -0.06548194 -0.01934149 -0.00569594
v -0.06573587 -0.01817619 -0.00590601
v -0.06619717 -0.01696607 -0.00591768
v -0.06618871 -0.01606595 -0.00619776
v -0.06616332 -0.01518077 -0.00646618
v -0.06611676 -0.01430679 -0.00673070
v -0.06606174 -0.01342908 -0.00698356
v -0.06678544 -0.01294353 -0.00650508
v -0.06749221 -0.01247293 -0.00601882
v -0.06742449 -0.01160269 -0.00626000
v -0.06733562 -0.01074365 -0.00649341
v -0.06722558 -0.00989582 -0.00671903
v -0.06792388 -0.00942521 -0.00622110
v -0.06777999 -0.00822630 -0.00651286
v -0.06826246 -0.00667630 -0.00629501
v -0.06804662 -0.00565292 -0.00656343
v -0.06786463 -0.00482750 -0.00677738
v -0.06831747 -0.00341569 -0.00649730
v -0.06882533 -0.00228773 -0.00612385
v -0.07207138 -0.00197773 -0.00298068
v -0.07222797 -0.00279195 -0.00277839
v -0.07274006 -0.00244834 -0.00220266
v -0.07331140 -0.00243713 -0.00152579
v -0.07427209 -0.00322147 -0.00030042
v -0.07431864 -0.00196279 -0.00028875
v -0.07497039 -0.00248195 0.00057096
v -0.07546555 -0.00235496 0.00122838
v -0.07598610 -0.00243340 0.00194804
v -0.07652782 -0.00249316 0.00272606
v -0.07692987 -0.00219063 0.00332124
v -0.07712032 -0.00188810 0.00360521
v -0.07652359 -0.00266123 0.00272606
v -0.06902847 -0.00312063 -0.00591768
v -0.06964213 -0.00270978 -0.00539252
v -0.07032774 -0.00278075 -0.00475066
v -0.07090754 -0.00237364 -0.00419827
v -0.07153813 -0.00233629 -0.00354473
v -0.04405040 -0.03998827 -0.00974551
v -0.04418160 -0.04004430 -0.00961713
v -0.08320613 -0.00188810 0.02528846
v -0.06541000 -0.04004430 0.02994487
v -0.06521955 -0.04004430 0.02980872
v -0.05694995 -0.02574319 -0.00974551
v -0.05878670 -0.02533235 -0.00853180
v -0.06069116 -0.02511945 -0.00714305
v -0.06236709 -0.02398777 -0.00632224
v -0.06353516 -0.02320716 -0.00569205
v -0.06431810 -0.02269921 -0.00524859
v -0.06444507 -0.02172065 -0.00559480
v -0.06537190 -0.02100355 -0.00508909
v -0.06546501 -0.02009222 -0.00540419
v -0.06555812 -0.02008848 -0.00532250
v -0.06611253 -0.01966270 -0.00499962
v -0.06617601 -0.01874764 -0.00530694
v -0.06684892 -0.01750764 -0.00515911
v -0.06692933 -0.01657016 -0.00540419
v -0.06692087 -0.01557293 -0.00571928
v -0.06688701 -0.01469896 -0.00599159
v -0.06685316 -0.01380257 -0.00625222
v -0.06755992 -0.01333197 -0.00576207
v -0.06818205 -0.01200606 -0.00552089
v -0.06810586 -0.01114329 -0.00576596
v -0.06802122 -0.01028052 -0.00599548
v -0.06859256 -0.00897329 -0.00571928
v -0.06848252 -0.00812919 -0.00594102
v -0.06899885 -0.00686678 -0.00564537
v -0.06874069 -0.00535786 -0.00601493
v -0.06855024 -0.00438677 -0.00625222
v -0.07169472 -0.00315798 -0.00335023
v -0.07236763 -0.00362858 -0.00257611
v -0.07289241 -0.00327002 -0.00199649
v -0.07353146 -0.00375557 -0.00119513
v -0.07428478 -0.00416268 -0.00022262
v -0.07512698 -0.00353894 0.00082770
v -0.07559675 -0.00319159 0.00144233
v -0.07617232 -0.00369954 0.00227870
v -0.07704837 -0.00302725 0.00353908
v -0.07737001 -0.00188810 0.00399033
v -0.07648973 -0.00345677 0.00272606
v -0.06919353 -0.00393858 -0.00572317
v -0.06989606 -0.00402822 -0.00508909
v -0.07055204 -0.00395352 -0.00446668
v -0.07114031 -0.00354268 -0.00391040
v -0.04541738 -0.03883791 -0.00974551
v -0.04524387 -0.04004430 -0.00890914
v -0.04594640 -0.03898357 -0.00928259
v -0.08354470 -0.00188810 0.02542461
v -0.06557928 -0.04004430 0.02999544
v -0.05687801 -0.02585897 -0.00974551
v -0.05782177 -0.02685994 -0.00852791
v -0.05967968 -0.02621006 -0.00741146
v -0.06139793 -0.02552656 -0.00636892
v -0.06258293 -0.02476463 -0.00574651
v -0.06340396 -0.02417825 -0.00533417
v -0.06509258 -0.02218005 -0.00479345
v -0.06417421 -0.02368523 -0.00489070
v -0.06591785 -0.02063378 -0.00475455
v -0.06602365 -0.02009222 -0.00489459
v -0.06668810 -0.01941993 -0.00455615
v -0.06675158 -0.01853848 -0.00486347
v -0.06754299 -0.01787740 -0.00435776
v -0.06758955 -0.01686896 -0.00468842
v -0.06762340 -0.01599872 -0.00494905
v -0.06767842 -0.01509113 -0.00518245
v -0.06759378 -0.01422088 -0.00550533
v -0.06823706 -0.01288004 -0.00526804
v -0.06885496 -0.01154293 -0.00501129
v -0.06877454 -0.01069136 -0.00525637
v -0.06868990 -0.00982485 -0.00548977
v -0.06924008 -0.00854003 -0.00520968
v -0.06913428 -0.00768846 -0.00542753
v -0.06964213 -0.00642232 -0.00512410
v -0.06938820 -0.00511135 -0.00547032
v -0.07183438 -0.00399460 -0.00314795
v -0.07249459 -0.00448388 -0.00236604
v -0.07301938 -0.00412533 -0.00178642
v -0.07364997 -0.00460340 -0.00097729
v -0.07376000 -0.00545123 -0.00075555
v -0.07448369 -0.00488352 0.00010026
v -0.07524125 -0.00438304 0.00104944
v -0.07571101 -0.00403942 0.00166407
v -0.07627812 -0.00454364 0.00250821
v -0.07643471 -0.00442786 0.00272606
v -0.07715417 -0.00388629 0.00376471
v -0.07746735 -0.00272099 0.00417705
v -0.07753930 -0.00188810 0.00425874
v -0.07671827 -0.00421497 0.00313451
v -0.07010766 -0.00518605 -0.00480512
v -0.07069593 -0.00479015 -0.00426829
v -0.07127574 -0.00438677 -0.00370812
v -0.04607760 -0.03827020 -0.00974551
v -0.04642463 -0.04004430 -0.00811168
v -0.04650927 -0.03987622 -0.00818948
v -0.04617070 -0.03818803 -0.00974551
v -0.04755884 -0.03945791 -0.00780047
v -0.04810902 -0.03832622 -0.00830229
v -0.08368436 -0.00188810 0.02544406
v -0.06633683 -0.04004430 0.02991764
v -0.08395522 -0.00188810 0.02546740
v -0.05645479 -0.02651632 -0.00974551
v -0.05875284 -0.02728572 -0.00759041
v -0.05615854 -0.02695705 -0.00974551
v -0.05564222 -0.02771524 -0.00974551
v -0.05644633 -0.02814849 -0.00890525
v -0.06044993 -0.02702801 -0.00636503
v -0.05940459 -0.02771524 -0.00684351
v -0.06158837 -0.02625861 -0.00582043
v -0.06284109 -0.02553777 -0.00512021
v -0.06399646 -0.02468993 -0.00451725
v -0.06493176 -0.02318475 -0.00443556
v -0.06561314 -0.02278138 -0.00398820
v -0.06584590 -0.02157126 -0.00437332
v -0.06483442 -0.02412222 -0.00402321
v -0.06659499 -0.02018933 -0.00429941
v -0.06661192 -0.02008848 -0.00433053
v -0.06736101 -0.01979716 -0.00370034
v -0.06746681 -0.01881860 -0.00403488
v -0.06812703 -0.01839655 -0.00353695
v -0.06820320 -0.01744788 -0.00385594
v -0.06826246 -0.01649547 -0.00415937
v -0.06824129 -0.01559908 -0.00449002
v -0.06824129 -0.01478860 -0.00474677
v -0.06827939 -0.01375402 -0.00500351
v -0.06894806 -0.01339546 -0.00446668
v -0.06891420 -0.01243931 -0.00474288
v -0.06956595 -0.01193510 -0.00423328
v -0.06949401 -0.01110594 -0.00449391
v -0.06942206 -0.01025437 -0.00473899
v -0.06934165 -0.00938786 -0.00497628
v -0.06996801 -0.00896955 -0.00445501
v -0.06987490 -0.00810304 -0.00468064
v -0.06976486 -0.00726642 -0.00491015
v -0.07025156 -0.00601521 -0.00459505
v -0.07140270 -0.00522714 -0.00349805
v -0.07199097 -0.00509268 -0.00287564
v -0.07260886 -0.00533545 -0.00214820
v -0.07313787 -0.00496569 -0.00156858
v -0.07324791 -0.00580605 -0.00133907
v -0.07362034 -0.00644473 -0.00079835
v -0.07436520 -0.00593678 0.00007303
v -0.07486459 -0.00557075 0.00067210
v -0.07534705 -0.00521220 0.00128284
v -0.07581682 -0.00486858 0.00189358
v -0.07635430 -0.00536906 0.00272606
v -0.07590569 -0.00571641 0.00213088
v -0.07681137 -0.00505906 0.00337181
v -0.07724305 -0.00473786 0.00400200
v -0.07782285 -0.00433075 0.00488116
v -0.07757316 -0.00357629 0.00440268
v -0.07787787 -0.00242219 0.00481891
v -0.07794135 -0.00188810 0.00490450
v -0.07083560 -0.00561557 -0.00405044
v -0.04787625 -0.04004430 -0.00710415
v -0.04813865 -0.03731032 -0.00905307
v -0.04730068 -0.03715345 -0.00974551
v -0.04855763 -0.03907321 -0.00740757
v -0.04973416 -0.03835610 -0.00713138
v -0.05007273 -0.03753815 -0.00752039
v -0.07712878 -0.02476463 0.02747079
v -0.06645533 -0.04004430 0.02988263
v -0.08112815 -0.01611450 0.02652161
v -0.08423454 -0.00188810 0.02540127
v -0.08312572 -0.01158775 0.02596144
v -0.05807570 -0.02855934 -0.00742313
v -0.05524440 -0.02826801 -0.00974551
v -0.05451648 -0.02926898 -0.00974551
v -0.05664524 -0.02914573 -0.00820504
v -0.06009020 -0.02812609 -0.00604605
v -0.06179998 -0.02718114 -0.00512021
v -0.05813072 -0.02944079 -0.00688630
v -0.06339127 -0.02606066 -0.00432275
v -0.06455510 -0.02521283 -0.00368089
v -0.06549464 -0.02371138 -0.00359531
v -0.06620987 -0.02324078 -0.00312461
v -0.06638339 -0.02222861 -0.00349416
v -0.06655267 -0.02120523 -0.00384816
v -0.06722135 -0.02079439 -0.00336190
v -0.06731869 -0.02009222 -0.00360309
v -0.06802122 -0.01936764 -0.00320241
v -0.06866874 -0.01894932 -0.00269281
v -0.06876608 -0.01798571 -0.00302347
v -0.06884226 -0.01702583 -0.00334245
v -0.06890151 -0.01606968 -0.00364588
v -0.06893960 -0.01512848 -0.00394152
v -0.06900308 -0.01409763 -0.00420605
v -0.06957019 -0.01371667 -0.00373924
v -0.06957442 -0.01288004 -0.00397653
v -0.07014576 -0.01159895 -0.00371590
v -0.07010766 -0.01071377 -0.00397264
v -0.07003995 -0.00983606 -0.00421772
v -0.07064092 -0.00943642 -0.00368867
v -0.07056897 -0.00856244 -0.00392207
v -0.07047587 -0.00770340 -0.00415159
v -0.07036583 -0.00685557 -0.00437721
v -0.07095409 -0.00645593 -0.00383260
v -0.07152120 -0.00606750 -0.00327632
v -0.07218141 -0.00653810 -0.00248664
v -0.07271890 -0.00618702 -0.00191869
v -0.07281200 -0.00703485 -0.00168528
v -0.07368806 -0.00734485 -0.00056494
v -0.07444561 -0.00679955 0.00031032
v -0.07494923 -0.00643726 0.00090939
v -0.07543593 -0.00607123 0.00152014
v -0.07612577 -0.00646714 0.00256656
v -0.07624427 -0.00638123 0.00272606
v -0.07688332 -0.00592931 0.00361299
v -0.07731923 -0.00561931 0.00424318
v -0.07797098 -0.00510762 0.00523126
v -0.07866928 -0.00375183 0.00623490
v -0.07817835 -0.00311316 0.00535185
v -0.07870737 -0.00188810 0.00618044
v -0.04816827 -0.04004430 -0.00689797
v -0.04768581 -0.03679116 -0.00974551
v -0.04959873 -0.03675007 -0.00844233
v -0.04848991 -0.03602176 -0.00974551
v -0.05000925 -0.03960731 -0.00593324
v -0.05039861 -0.03877441 -0.00632224
v -0.05119002 -0.03776224 -0.00653620
v -0.05202798 -0.03678369 -0.00666846
v -0.05142701 -0.03630561 -0.00745425
v -0.08120009 -0.01659631 0.02650216
v -0.07806832 -0.02358439 0.02724128
v -0.07687909 -0.02559006 0.02749413
v -0.06707746 -0.03968574 0.02970369
v -0.06676428 -0.04004430 0.02977760
v -0.08198304 -0.01480727 0.02629599
v -0.08431495 -0.00188810 0.02538182
v -0.08355317 -0.00996678 0.02580195
v -0.08366744 -0.01089678 0.02572804
v -0.08283370 -0.01300329 0.02605480
v -0.05356425 -0.03047536 -0.00974551
v -0.05545178 -0.03007946 -0.00857070
v -0.05610353 -0.03041561 -0.00787827
v -0.06068693 -0.02887681 -0.00509298
v -0.05885442 -0.03003091 -0.00594102
v -0.06181268 -0.02795054 -0.00465340
v -0.06276068 -0.02731187 -0.00416326
v -0.05670872 -0.03041561 -0.00741146
v -0.05697958 -0.03105428 -0.00682406
v -0.06359018 -0.02665825 -0.00376647
v -0.06430540 -0.02647524 -0.00317129
v -0.06515184 -0.02507090 -0.00315962
v -0.06597710 -0.02441728 -0.00268114
v -0.06663732 -0.02414837 -0.00212875
v -0.06689124 -0.02281126 -0.00263446
v -0.06706053 -0.02181029 -0.00300402
v -0.06773767 -0.02136210 -0.00250220
v -0.06818628 -0.02015571 -0.00264224
v -0.06817358 -0.02009222 -0.00268892
v -0.06918083 -0.01951330 -0.00182532
v -0.06929510 -0.01854595 -0.00216765
v -0.06938820 -0.01757860 -0.00250220
v -0.06946438 -0.01662245 -0.00282118
v -0.06953209 -0.01565884 -0.00312850
v -0.06957019 -0.01470643 -0.00342025
v -0.07017538 -0.01430679 -0.00289120
v -0.07018385 -0.01338799 -0.00317518
v -0.07017538 -0.01248040 -0.00344748
v -0.07076365 -0.01211438 -0.00291065
v -0.07094986 -0.01106859 -0.00298457
v -0.07069593 -0.01032160 -0.00344359
v -0.07122495 -0.00904425 -0.00314017
v -0.07115300 -0.00816654 -0.00337746
v -0.07105566 -0.00731124 -0.00360698
v -0.07162700 -0.00691907 -0.00305070
v -0.07227029 -0.00740834 -0.00226101
v -0.07288395 -0.00792003 -0.00144799
v -0.07400546 -0.00802834 -0.00002811
v -0.07451332 -0.00766979 0.00055929
v -0.07323521 -0.00855497 -0.00088782
v -0.07501694 -0.00731124 0.00115447
v -0.07550364 -0.00695268 0.00176132
v -0.07611730 -0.00741955 0.00272606
v -0.07621464 -0.00663148 0.00272606
v -0.07694257 -0.00680702 0.00386196
v -0.07737848 -0.00648208 0.00449604
v -0.07797098 -0.00601147 0.00539075
v -0.07885972 -0.00539521 0.00681063
v -0.07881317 -0.00450256 0.00658112
v -0.07949878 -0.00418882 0.00774036
v -0.07940567 -0.00332231 0.00747194
v -0.07878355 -0.00267243 0.00634382
v -0.07951571 -0.00254918 0.00761587
v -0.07973578 -0.00188810 0.00797765
v -0.04950139 -0.04004430 -0.00594102
v -0.04873115 -0.03578646 -0.00974551
v -0.05052134 -0.03565200 -0.00857459
v -0.05054250 -0.04004430 -0.00517467
v -0.05063138 -0.04004430 -0.00510854
v -0.05146934 -0.03899851 -0.00534195
v -0.05182060 -0.03816188 -0.00575818
v -0.05270089 -0.03717586 -0.00587100
v -0.05363196 -0.03567067 -0.00628723
v -0.05255277 -0.03483405 -0.00768377
v -0.08159792 -0.01593896 0.02638935
v -0.08207615 -0.01533763 0.02624153
v -0.07873699 -0.02258716 0.02705066
v -0.07792442 -0.02450319 0.02721015
v -0.07880471 -0.02310258 0.02696897
v -0.07012459 -0.03674634 0.02889455
v -0.06916390 -0.03767261 0.02915908
v -0.06697165 -0.04004430 0.02970369
v -0.06835980 -0.03871839 0.02934580
v -0.08248243 -0.01437402 0.02613260
v -0.08477625 -0.00188810 0.02507062
v -0.08478472 -0.00190304 0.02506673
v -0.08392136 -0.00795738 0.02562690
v -0.08399331 -0.00973521 0.02553743
v -0.08373938 -0.01159895 0.02546740
v -0.08338811 -0.01204715 0.02581362
v -0.08310879 -0.01338052 0.02585252
v -0.05319605 -0.03092729 -0.00974551
v -0.05477887 -0.03130079 -0.00834897
v -0.05644633 -0.03059488 -0.00750872
v -0.05938766 -0.03041561 -0.00524859
v -0.06042877 -0.02981428 -0.00473121
v -0.06167725 -0.02901874 -0.00410101
v -0.05826192 -0.03115513 -0.00571928
v -0.05899408 -0.03041561 -0.00558313
v -0.06251944 -0.02835392 -0.00373535
v -0.06334895 -0.02765175 -0.00337746
v -0.05711501 -0.03181248 -0.00622888
v -0.05564646 -0.03193573 -0.00729476
v -0.05626435 -0.03236525 -0.00654398
v -0.06381871 -0.02838380 -0.00240105
v -0.06484289 -0.02654620 -0.00255277
v -0.06574433 -0.02541451 -0.00231158
v -0.06733562 -0.02489162 -0.00082947
v -0.06727637 -0.02381222 -0.00159581
v -0.06789849 -0.02218005 -0.00186033
v -0.06628182 -0.02563861 -0.00155691
v -0.06839788 -0.02092138 -0.00199260
v -0.06933319 -0.02030511 -0.00123014
v -0.06945592 -0.02008848 -0.00119513
v -0.07011613 -0.01888583 -0.00102008
v -0.06991722 -0.01813137 -0.00163860
v -0.07000186 -0.01717523 -0.00196926
v -0.07007381 -0.01623029 -0.00228824
v -0.07012883 -0.01527414 -0.00259945
v -0.07076365 -0.01392209 -0.00235048
v -0.07077211 -0.01300703 -0.00263446
v -0.07134768 -0.01262980 -0.00208596
v -0.07152120 -0.01162510 -0.00218321
v -0.07188093 -0.01044859 -0.00207429
v -0.07127997 -0.00993690 -0.00289120
v -0.07179629 -0.00865582 -0.00258389
v -0.07172011 -0.00777810 -0.00282118
v -0.07234647 -0.00827859 -0.00201594
v -0.07240572 -0.00915256 -0.00176697
v -0.07405625 -0.00891353 0.00022474
v -0.07456834 -0.00855124 0.00081214
v -0.07319713 -0.00955220 -0.00071276
v -0.07507196 -0.00818521 0.00141121
v -0.07556289 -0.00782292 0.00201417
v -0.07605805 -0.00782666 0.00272606
v -0.07654051 -0.00801340 0.00350407
v -0.07649396 -0.00713943 0.00324344
v -0.07698489 -0.00769593 0.00412259
v -0.07741657 -0.00738220 0.00475278
v -0.07792019 -0.00703859 0.00552302
v -0.07866081 -0.00645967 0.00667448
v -0.07938451 -0.00589943 0.00785317
v -0.07987120 -0.00486858 0.00852226
v -0.08011667 -0.00369954 0.00878679
v -0.07983312 -0.00350159 0.00824996
v -0.08061606 -0.00212713 0.00957258
v -0.08052718 -0.00188810 0.00940142
v -0.04949716 -0.03502079 -0.00974551
v -0.05174019 -0.04004430 -0.00424495
v -0.05223959 -0.03909188 -0.00467285
v -0.05281093 -0.03775477 -0.00533028
v -0.05378855 -0.03733646 -0.00489459
v -0.05463921 -0.03624212 -0.00507353
v -0.05541369 -0.03517019 -0.00526415
v -0.05542215 -0.03462115 -0.00566093
v -0.05485081 -0.03411694 -0.00645451
v -0.05075410 -0.03370983 -0.00974551
v -0.05058059 -0.03389284 -0.00974551
v -0.05327223 -0.03363886 -0.00796774
v -0.08169949 -0.01649920 0.02630377
v -0.07929141 -0.02192981 0.02687172
v -0.08232162 -0.01556173 0.02608592
v -0.07830108 -0.02460777 0.02700009
v -0.07753930 -0.02574693 0.02721015
v -0.07703567 -0.02652379 0.02732686
v -0.07182591 -0.03470332 0.02845498
v -0.07975694 -0.02172439 0.02666166
v -0.07921099 -0.02291584 0.02677058
v -0.06921892 -0.03809839 0.02904238
v -0.07243958 -0.03432609 0.02824102
v -0.07106413 -0.03608152 0.02855612
v -0.06711555 -0.04004430 0.02964534
v -0.06747951 -0.04004430 0.02945083
v -0.08478472 -0.00188810 0.02505895
v -0.08490745 -0.00188810 0.02484110
v -0.08487359 -0.00211593 0.02490723
v -0.08450117 -0.00675846 0.02503949
v -0.08394252 -0.01070630 0.02532736
v -0.08428956 -0.00855497 0.02516398
v -0.08378593 -0.01171847 0.02506284
v -0.08345160 -0.01320871 0.02526901
v -0.08354047 -0.01257377 0.02547518
v -0.08314688 -0.01412751 0.02552965
v -0.08266865 -0.01519197 0.02584863
v -0.08280831 -0.01438149 0.02591865
v -0.05295058 -0.03122609 -0.00974551
v -0.05336110 -0.03218224 -0.00885079
v -0.05419483 -0.03263790 -0.00793662
v -0.05905756 -0.03060982 -0.00540808
v -0.05967122 -0.03118874 -0.00449002
v -0.06009866 -0.03041561 -0.00462617
v -0.06055150 -0.03059115 -0.00410101
v -0.06224859 -0.02929512 -0.00336968
v -0.06124557 -0.03044175 -0.00355252
v -0.05836772 -0.03203657 -0.00505019
v -0.06294266 -0.02909344 -0.00282118
v -0.05695842 -0.03284332 -0.00566871
v -0.05513860 -0.03317573 -0.00687852
v -0.05602735 -0.03335874 -0.00606550
v -0.06294689 -0.03012054 -0.00207040
v -0.06439428 -0.02920175 -0.00117957
v -0.06444930 -0.02815596 -0.00187590
v -0.06550734 -0.02642669 -0.00191091
v -0.06776306 -0.02601958 0.00046593
v -0.06854601 -0.02373005 -0.00012925
v -0.06780115 -0.02402885 -0.00082947
v -0.06680660 -0.02583656 -0.00081391
v -0.06802969 -0.02296066 -0.00123792
v -0.06889728 -0.02232198 -0.00058439
v -0.06887611 -0.02148909 -0.00110566
v -0.06603635 -0.02663584 -0.00116012
v -0.06985797 -0.02081680 -0.00030042
v -0.06963367 -0.02008848 -0.00097729
v -0.07056050 -0.01941993 -0.00018760
v -0.07101335 -0.01827330 -0.00021873
v -0.07081020 -0.01751884 -0.00084114
v -0.07088215 -0.01658137 -0.00117957
v -0.07093717 -0.01564390 -0.00150634
v -0.07097949 -0.01469896 -0.00182143
v -0.07133922 -0.01354859 -0.00180198
v -0.07191902 -0.01224510 -0.00152968
v -0.07246920 -0.01096028 -0.00124181
v -0.07184707 -0.00954473 -0.00233492
v -0.07244381 -0.01004895 -0.00151023
v -0.07381502 -0.01003401 0.00018973
v -0.07460643 -0.00943268 0.00107667
v -0.07511428 -0.00905919 0.00167574
v -0.07301938 -0.01057558 -0.00067386
v -0.07560098 -0.00870437 0.00227481
v -0.07596071 -0.00843919 0.00272606
v -0.07610884 -0.00922726 0.00315396
v -0.07656167 -0.00890232 0.00376860
v -0.07700605 -0.00859232 0.00439490
v -0.07766203 -0.00814039 0.00535963
v -0.07858040 -0.00744196 0.00678729
v -0.07916867 -0.00696015 0.00772480
v -0.08037906 -0.00584714 0.00965427
v -0.08087846 -0.00529063 0.01047119
v -0.08062030 -0.00459220 0.00985655
v -0.08095040 -0.00422991 0.01040894
v -0.08082767 -0.00324388 0.01005884
v -0.08124242 -0.00276207 0.01080962
v -0.08153444 -0.00207484 0.01135812
v -0.08069647 -0.00188810 0.00972818
v -0.05217187 -0.04004430 -0.00390262
v -0.05267973 -0.03970068 -0.00379759
v -0.05306062 -0.03893875 -0.00415159
v -0.05342882 -0.03814694 -0.00452503
v -0.05422023 -0.03806851 -0.00394541
v -0.05474501 -0.03688080 -0.00448224
v -0.05568454 -0.03637658 -0.00410490
v -0.05611622 -0.03509176 -0.00474677
v -0.05666217 -0.03375838 -0.00527582
v -0.05152435 -0.03286947 -0.00974551
v -0.05209569 -0.03286947 -0.00933316
v -0.08143710 -0.01791475 0.02626098
v -0.08012090 -0.02063378 0.02661108
v -0.08240626 -0.01602486 0.02589142
v -0.08197458 -0.01673824 0.02611704
v -0.07712032 -0.02723343 0.02715180
v -0.07914751 -0.02342379 0.02669666
v -0.07605805 -0.02855934 0.02747468
v -0.08055681 -0.02042089 0.02639713
v -0.07992622 -0.02192981 0.02650605
v -0.06811856 -0.03946538 0.02925633
v -0.07472493 -0.03099079 0.02771197
v -0.07353570 -0.03304127 0.02792593
v -0.07033620 -0.03722815 0.02856390
v -0.06948978 -0.03818056 0.02878174
v -0.06851215 -0.03923381 0.02905016
v -0.07234647 -0.03481537 0.02803874
v -0.06753029 -0.04004430 0.02941971
v -0.08499209 -0.00188810 0.02466605
v -0.08494977 -0.00305713 0.02468939
v -0.08467891 -0.00608617 0.02472440
v -0.08473393 -0.00521967 0.02477886
v -0.08414143 -0.00959329 0.02514453
v -0.08401024 -0.01043365 0.02500059
v -0.08450539 -0.00727762 0.02484110
v -0.08455618 -0.00704979 0.02468550
v -0.08379863 -0.01150558 0.02451823
v -0.08369706 -0.01208450 0.02479053
v -0.08354470 -0.01286510 0.02502783
v -0.08392982 -0.01087437 0.02473996
v -0.08315535 -0.01440390 0.02507840
v -0.08267288 -0.01589414 0.02538182
v -0.08282524 -0.01521438 0.02554909
v -0.08235547 -0.01652908 0.02572026
v -0.05238348 -0.03189091 -0.00974551
v -0.06025948 -0.03151368 -0.00372757
v -0.05937920 -0.03211501 -0.00410490
v -0.06182538 -0.03067332 -0.00281729
v -0.06083082 -0.03178260 -0.00298457
v -0.05757631 -0.03323549 -0.00488292
v -0.05848199 -0.03267151 -0.00450558
v -0.06266334 -0.03101693 -0.00168917
v -0.06375523 -0.03051272 -0.00088393
v -0.06550734 -0.02964247 0.00044259
v -0.06550734 -0.02858548 -0.00036655
v -0.06527880 -0.02786837 -0.00116401
v -0.06429271 -0.03041561 -0.00034710
v -0.06656114 -0.02683379 -0.00041323
v -0.06669656 -0.02761440 0.00032199
v -0.06771651 -0.02772645 0.00166407
v -0.06834287 -0.02646030 0.00151625
v -0.06858833 -0.02546307 0.00111168
v -0.06928663 -0.02388692 0.00090939
v -0.07009074 -0.02233692 0.00093274
v -0.06995954 -0.02164222 0.00032588
v -0.07081443 -0.02110065 0.00110390
v -0.07072556 -0.02009222 0.00039202
v -0.07022193 -0.02009222 -0.00024596
v -0.07177090 -0.01863559 0.00094830
v -0.07190209 -0.01764209 0.00060208
v -0.07196981 -0.01670836 0.00024419
v -0.07207138 -0.01573727 -0.00005923
v -0.07213063 -0.01479980 -0.00037433
v -0.07216449 -0.01389221 -0.00068164
v -0.07219411 -0.01296221 -0.00096951
v -0.07279931 -0.01162883 -0.00063885
v -0.07390389 -0.01083329 0.00052428
v -0.07463605 -0.01030666 0.00134897
v -0.07513968 -0.00994064 0.00194415
v -0.07563060 -0.00958208 0.00254322
v -0.07577450 -0.00947750 0.00272606
v -0.07558829 -0.01041124 0.00272606
v -0.07611730 -0.01014606 0.00344961
v -0.07657437 -0.00977630 0.00404868
v -0.07726844 -0.00932437 0.00504454
v -0.07801753 -0.00881268 0.00618433
v -0.07905864 -0.00800220 0.00782983
v -0.08060760 -0.00731497 0.01047897
v -0.08089961 -0.00634015 0.01076294
v -0.08128050 -0.00573882 0.01135034
v -0.08136938 -0.00484991 0.01133867
v -0.08161908 -0.00405436 0.01169267
v -0.08134822 -0.00341569 0.01107026
v -0.08157252 -0.00188810 0.01143203
v -0.08186454 -0.00355388 0.01213614
v -0.08199151 -0.00248942 0.01233453
v -0.05251044 -0.04004430 -0.00362643
v -0.05339919 -0.03965212 -0.00324520
v -0.05480003 -0.03837104 -0.00318685
v -0.05533328 -0.03719827 -0.00373146
v -0.05626435 -0.03667537 -0.00335412
v -0.05678067 -0.03551007 -0.00385205
v -0.05727160 -0.03413561 -0.00449002
v -0.05186293 -0.03248477 -0.00974551
v -0.08206768 -0.01718270 0.02588364
v -0.08171642 -0.01793342 0.02605480
v -0.08119587 -0.01908005 0.02621430
v -0.07819528 -0.02550789 0.02682115
v -0.07589300 -0.02951922 0.02737743
v -0.07986274 -0.02208294 0.02651383
v -0.07883856 -0.02436873 0.02665387
v -0.08081498 -0.02041342 0.02617539
v -0.07995161 -0.02192981 0.02648271
v -0.07467837 -0.03138669 0.02765751
v -0.07436520 -0.03211874 0.02736187
v -0.07081867 -0.03685839 0.02827992
v -0.06984104 -0.03808345 0.02844331
v -0.06888458 -0.03921514 0.02863392
v -0.06799583 -0.04004430 0.02898014
v -0.06789849 -0.04004430 0.02908517
v -0.07319713 -0.03374718 0.02764584
v -0.07152120 -0.03595079 0.02813210
v -0.08500902 -0.00188810 0.02454546
v -0.08500479 -0.00255665 0.02443653
v -0.08485666 -0.00472665 0.02441708
v -0.08468314 -0.00615340 0.02438985
v -0.08427263 -0.00882389 0.02487222
v -0.08443345 -0.00789762 0.02447543
v -0.08394252 -0.01054943 0.02408254
v -0.08387481 -0.01074739 0.02372465
v -0.08365473 -0.01214426 0.02435095
v -0.08348122 -0.01307426 0.02475941
v -0.08426416 -0.00876413 0.02410199
v -0.08299875 -0.01475872 0.02446765
v -0.08280407 -0.01552438 0.02491501
v -0.08241895 -0.01674197 0.02515231
v -0.08320613 -0.01413498 0.02473218
v -0.08215233 -0.01738812 0.02550241
v -0.08178836 -0.01829571 0.02569303
v -0.05981088 -0.03283212 -0.00317907
v -0.05907449 -0.03300392 -0.00373146
v -0.06138100 -0.03204404 -0.00222600
v -0.06036106 -0.03312344 -0.00241272
v -0.05817727 -0.03356416 -0.00412435
v -0.06301037 -0.03167802 -0.00077889
v -0.06192695 -0.03229428 -0.00145577
v -0.06417421 -0.03159585 0.00048149
v -0.06602365 -0.02879090 0.00040369
v -0.06463551 -0.03041561 0.00004969
v -0.06484289 -0.03041561 0.00029476
v -0.06543962 -0.03063597 0.00118559
v -0.06650188 -0.03004211 0.00199861
v -0.06680237 -0.02911958 0.00161350
v -0.06780115 -0.02841741 0.00232927
v -0.06853331 -0.02770777 0.00272606
v -0.06856294 -0.02760319 0.00268327
v -0.06882956 -0.02664705 0.00229037
v -0.06926124 -0.02591873 0.00231371
v -0.06929933 -0.02474969 0.00152014
v -0.07022193 -0.02417078 0.00233705
v -0.07045894 -0.02308391 0.00190525
v -0.07097525 -0.02183644 0.00178855
v -0.07177513 -0.02037981 0.00195582
v -0.07173281 -0.02009222 0.00172631
v -0.07137731 -0.02009222 0.00125172
v -0.07166086 -0.01958427 0.00132952
v -0.07250729 -0.01899041 0.00214644
v -0.07265118 -0.01798571 0.00178855
v -0.07275698 -0.01704077 0.00144622
v -0.07318443 -0.01584185 0.00144233
v -0.07323945 -0.01492679 0.00111168
v -0.07328177 -0.01400052 0.00080047
v -0.07301515 -0.01328341 0.00018195
v -0.07334948 -0.01214052 0.00021307
v -0.07411550 -0.01160269 0.00104555
v -0.07464029 -0.01120678 0.00163295
v -0.07515237 -0.01082582 0.00222813
v -0.07567716 -0.01127401 0.00314229
v -0.07564330 -0.01046726 0.00282720
v -0.07544016 -0.01107232 0.00272606
v -0.07610460 -0.01104245 0.00371802
v -0.07657437 -0.01059799 0.00431321
v -0.07725998 -0.01020582 0.00533240
v -0.07785248 -0.00983606 0.00623101
v -0.07837303 -0.00945136 0.00704403
v -0.07922369 -0.00965305 0.00870120
v -0.08057374 -0.00870437 0.01089909
v -0.08142440 -0.00867076 0.01250958
v -0.08129321 -0.00707220 0.01173546
v -0.08156830 -0.00636256 0.01207000
v -0.08189417 -0.00541762 0.01250180
v -0.08210154 -0.00389376 0.01268074
v -0.08192379 -0.00188810 0.01217893
v -0.08230045 -0.00334846 0.01305808
v -0.08211424 -0.00188810 0.01259127
v -0.08241472 -0.00188810 0.01326426
v -0.05321721 -0.04004430 -0.00303903
v -0.05402978 -0.03992478 -0.00244774
v -0.05534597 -0.03864369 -0.00245551
v -0.05590462 -0.03747465 -0.00299623
v -0.05718272 -0.03614501 -0.00297289
v -0.05752552 -0.03530092 -0.00335412
v -0.05785987 -0.03446055 -0.00371979
v -0.08136092 -0.01912113 0.02601979
v -0.07750544 -0.02708030 0.02676669
v -0.07679021 -0.02827922 0.02697675
v -0.07546555 -0.03045296 0.02718681
v -0.07961728 -0.02312873 0.02635434
v -0.08044677 -0.02139571 0.02617150
v -0.08131013 -0.01958427 0.02571248
v -0.07416206 -0.03238019 0.02697286
v -0.07327754 -0.03365380 0.02740077
v -0.07507620 -0.03107669 0.02696508
v -0.07126727 -0.03635044 0.02790259
v -0.07029388 -0.03758297 0.02813210
v -0.06953209 -0.03852791 0.02826825
v -0.06865181 -0.03958490 0.02846276
v -0.06821590 -0.04004430 0.02870005
v -0.07213063 -0.03521875 0.02773920
v -0.08502172 -0.00188810 0.02442875
v -0.08500479 -0.00201508 0.02411755
v -0.08493284 -0.00302352 0.02361962
v -0.08495824 -0.00328123 0.02422647
v -0.08489052 -0.00429340 0.02419535
v -0.08478895 -0.00519726 0.02400085
v -0.08470007 -0.00575003 0.02368964
v -0.08460697 -0.00658666 0.02405142
v -0.08446731 -0.00753160 0.02398918
v -0.08385365 -0.00977256 0.02191577
v -0.08372245 -0.01121799 0.02322672
v -0.08414566 -0.00912268 0.02351459
v -0.08426416 -0.00819642 0.02304778
v -0.08341774 -0.01289124 0.02373632
v -0.08341774 -0.01319004 0.02434706
v -0.08322306 -0.01383618 0.02402419
v -0.08286333 -0.01494546 0.02385302
v -0.08260093 -0.01587173 0.02419924
v -0.08249513 -0.01639089 0.02477108
v -0.08230045 -0.01645812 0.02345624
v -0.08215656 -0.01716029 0.02431205
v -0.08193226 -0.01797077 0.02496559
v -0.08175451 -0.01850860 0.02533125
v -0.05875284 -0.03387043 -0.00336579
v -0.05931995 -0.03414682 -0.00260723
v -0.06091970 -0.03339983 -0.00161526
v -0.05969661 -0.03483405 -0.00165027
v -0.06270989 -0.03264537 -0.00030820
v -0.06141909 -0.03356790 -0.00093061
v -0.06372984 -0.03307115 0.00124005
v -0.06455934 -0.03239139 0.00163295
v -0.06538460 -0.03176019 0.00208809
v -0.06618448 -0.03099079 0.00241096
v -0.06637916 -0.03041561 0.00216200
v -0.06696319 -0.03019151 0.00272606
v -0.06752183 -0.02933994 0.00272606
v -0.06805085 -0.02849584 0.00272606
v -0.06903694 -0.02774138 0.00344572
v -0.06910888 -0.02672174 0.00272606
v -0.06828362 -0.02856681 0.00309561
v -0.07004418 -0.02594861 0.00341849
v -0.07029811 -0.02496632 0.00302559
v -0.07114454 -0.02346487 0.00313062
v -0.07137731 -0.02243403 0.00272606
v -0.07187247 -0.02120150 0.00260935
v -0.07199520 -0.02111559 0.00272606
v -0.07243958 -0.02011836 0.00272606
v -0.07230414 -0.02009222 0.00251988
v -0.07235070 -0.01997270 0.00251210
v -0.07256230 -0.01983824 0.00272606
v -0.07306593 -0.01862812 0.00272606
v -0.07319713 -0.01763089 0.00236039
v -0.07331986 -0.01664113 0.00201806
v -0.07398853 -0.01616679 0.00272606
v -0.07395468 -0.01529281 0.00225925
v -0.07402663 -0.01435534 0.00194026
v -0.07406894 -0.01343655 0.00163295
v -0.07356109 -0.01290618 0.00075379
v -0.07437789 -0.01229365 0.00162906
v -0.07532589 -0.01158028 0.00272606
v -0.07560098 -0.01230486 0.00341071
v -0.07607498 -0.01195751 0.00401367
v -0.07652782 -0.01165124 0.00463608
v -0.07697219 -0.01135618 0.00525460
v -0.07754353 -0.01086690 0.00607152
v -0.07843651 -0.01021702 0.00746027
v -0.08109853 -0.01242811 0.01326426
v -0.08139055 -0.01168859 0.01352489
v -0.08163178 -0.00967919 0.01326426
v -0.08217349 -0.01022449 0.01450130
v -0.08222428 -0.00909280 0.01422899
v -0.08183492 -0.00811425 0.01313977
v -0.08200844 -0.00741955 0.01326426
v -0.08201690 -0.00735606 0.01326426
v -0.08212694 -0.00652316 0.01326426
v -0.08224543 -0.00544003 0.01326815
v -0.08226236 -0.00526449 0.01326815
v -0.08236817 -0.00479762 0.01340430
v -0.08206768 -0.00488726 0.01277800
v -0.08263479 -0.00357629 0.01384388
v -0.08261363 -0.00188810 0.01371550
v -0.05397053 -0.04004430 -0.00238549
v -0.05473654 -0.04004430 -0.00168139
v -0.05590038 -0.03891261 -0.00168139
v -0.05665370 -0.03733646 -0.00243217
v -0.05774560 -0.03642513 -0.00219877
v -0.05809686 -0.03559971 -0.00258000
v -0.05843120 -0.03475188 -0.00296122
v -0.07765357 -0.02691223 0.02654106
v -0.07882587 -0.02472729 0.02642436
v -0.07825876 -0.02578801 0.02650605
v -0.07624849 -0.02922043 0.02698064
v -0.07588877 -0.02982922 0.02683671
v -0.08021824 -0.02192981 0.02614817
v -0.07999817 -0.02244523 0.02612093
v -0.08075995 -0.02083921 0.02589142
v -0.08024787 -0.02192981 0.02605091
v -0.08114508 -0.01991668 0.02535848
v -0.07466144 -0.03160705 0.02632711
v -0.07295166 -0.03407959 0.02693396
v -0.07233800 -0.03494609 0.02741633
v -0.07546132 -0.03048284 0.02664998
v -0.07126727 -0.03633923 0.02743967
v -0.07096679 -0.03673140 0.02774698
v -0.07021770 -0.03765019 0.02741633
v -0.06907502 -0.03905454 0.02749802
v -0.06857986 -0.03967827 0.02814766
v -0.06826669 -0.04004430 0.02850555
v -0.08500902 -0.00188810 0.02416812
v -0.08500055 -0.00188810 0.02405142
v -0.08493284 -0.00188810 0.02325006
v -0.08493284 -0.00211219 0.02330842
v -0.08486513 -0.00314677 0.02307890
v -0.08483127 -0.00411039 0.02326173
v -0.08489899 -0.00386762 0.02386469
v -0.08478472 -0.00486111 0.02352626
v -0.08467045 -0.00560063 0.02316448
v -0.08453079 -0.00685184 0.02345624
v -0.08408218 -0.00831967 0.02164346
v -0.08389174 -0.00852136 0.02047644
v -0.08376054 -0.00946256 0.02081099
v -0.08360395 -0.01049714 0.02119611
v -0.08358702 -0.01130763 0.02233201
v -0.08428956 -0.00726268 0.02192744
v -0.08342620 -0.01234594 0.02290385
v -0.08326538 -0.01319751 0.02319560
v -0.08297760 -0.01347763 0.02183408
v -0.08280831 -0.01444125 0.02247983
v -0.08255438 -0.01539366 0.02276769
v -0.08221158 -0.01587173 0.02155399
v -0.08189417 -0.01698474 0.02196245
v -0.08170372 -0.01789607 0.02295831
v -0.08177143 -0.01820981 0.02441319
v -0.08149634 -0.01874764 0.02388804
v -0.08144133 -0.01910246 0.02469328
v -0.08145403 -0.01916595 0.02508618
v -0.05899408 -0.03502079 -0.00220266
v -0.06093663 -0.03485646 -0.00032376
v -0.06028488 -0.03507682 -0.00082169
v -0.05847776 -0.03625706 -0.00163471
v -0.05901524 -0.03648116 -0.00087615
v -0.06220627 -0.03376959 0.00010804
v -0.06275221 -0.03412067 0.00106111
v -0.06324314 -0.03431489 0.00182745
v -0.06492753 -0.03295537 0.00260935
v -0.06582474 -0.03184236 0.00272606
v -0.06615485 -0.03137922 0.00272606
v -0.06639608 -0.03103561 0.00272606
v -0.06721712 -0.03027368 0.00313062
v -0.06799160 -0.02950428 0.00349629
v -0.06875338 -0.02869753 0.00385418
v -0.06949824 -0.02788331 0.00422373
v -0.06977756 -0.02692717 0.00382306
v -0.06930779 -0.02677777 0.00304504
v -0.07053088 -0.02614283 0.00429376
v -0.07121226 -0.02519415 0.00454272
v -0.07082713 -0.02481692 0.00367134
v -0.07150004 -0.02406620 0.00409147
v -0.07172857 -0.02306523 0.00368690
v -0.07193595 -0.02206800 0.00328623
v -0.07161431 -0.02192981 0.00272606
v -0.07188939 -0.02134343 0.00272606
v -0.07211793 -0.02192981 0.00345739
v -0.07272736 -0.02060390 0.00345739
v -0.07328600 -0.01935270 0.00349240
v -0.07361187 -0.01821728 0.00328623
v -0.07355263 -0.01737691 0.00272606
v -0.07381502 -0.01665233 0.00272606
v -0.07427632 -0.01685776 0.00351574
v -0.07439059 -0.01587546 0.00317342
v -0.07438212 -0.01498655 0.00272606
v -0.07374730 -0.01723498 0.00293223
v -0.07451332 -0.01456823 0.00272606
v -0.07472916 -0.01383618 0.00272606
v -0.07483073 -0.01293233 0.00250043
v -0.07524971 -0.01188281 0.00272606
v -0.07575757 -0.01314149 0.00399422
v -0.07491538 -0.01317510 0.00272606
v -0.07506350 -0.01358968 0.00311895
v -0.07647703 -0.01260365 0.00493951
v -0.07691718 -0.01230859 0.00556581
v -0.07734462 -0.01200233 0.00619989
v -0.07810217 -0.01140474 0.00732023
v -0.08109853 -0.01289871 0.01346265
v -0.08133129 -0.01260739 0.01378164
v -0.08184338 -0.01131136 0.01426789
v -0.08245281 -0.01014232 0.01518595
v -0.08255015 -0.00902931 0.01489419
v -0.08241895 -0.00692280 0.01401115
v -0.08235124 -0.00544750 0.01350155
v -0.08262210 -0.00595545 0.01422899
v -0.08279561 -0.00479388 0.01439627
v -0.08313842 -0.00450256 0.01520540
v -0.08289295 -0.00325135 0.01445073
v -0.08303261 -0.00266870 0.01480083
v -0.08302838 -0.00188810 0.01479694
v -0.05534597 -0.04004430 -0.00109788
v -0.05642940 -0.03917779 -0.00090338
v -0.05720388 -0.03759791 -0.00166194
v -0.07719227 -0.02769657 0.02626876
v -0.07663362 -0.02864898 0.02660719
v -0.07855078 -0.02529500 0.02622986
v -0.07801330 -0.02627355 0.02620652
v -0.07924485 -0.02396536 0.02619096
v -0.07595648 -0.02970223 0.02635434
v -0.07976540 -0.02293078 0.02600423
v -0.08068378 -0.02084668 0.02494224
v -0.08020555 -0.02192981 0.02535848
v -0.07999817 -0.02238547 0.02553743
v -0.08103928 -0.01994656 0.02441708
v -0.07503387 -0.03085633 0.02504338
v -0.07400546 -0.03186103 0.02190799
v -0.07344682 -0.03241007 0.02027027
v -0.07298552 -0.03316826 0.02086934
v -0.07323521 -0.03354175 0.02576694
v -0.07387427 -0.03270886 0.02629988
v -0.07233377 -0.03458754 0.02438207
v -0.07227029 -0.03497597 0.02672001
v -0.07185977 -0.03555862 0.02715958
v -0.07112338 -0.03637284 0.02591865
v -0.07007804 -0.03764646 0.02561523
v -0.06983681 -0.03786682 0.02488778
v -0.06880417 -0.03917032 0.02549852
v -0.06824976 -0.04004430 0.02759527
v -0.06825822 -0.04004430 0.02772364
v -0.06827092 -0.04004430 0.02817100
v -0.08477625 -0.00188810 0.02212583
v -0.08471700 -0.00230641 0.02178351
v -0.08460697 -0.00334846 0.02127391
v -0.08447577 -0.00440171 0.02075653
v -0.08444191 -0.00525702 0.02105995
v -0.08431495 -0.00551099 0.02027416
v -0.08439113 -0.00635135 0.02167070
v -0.08407795 -0.00750545 0.02053091
v -0.08386634 -0.00788268 0.01947281
v -0.08373938 -0.00879774 0.01975289
v -0.08344313 -0.01066522 0.02041809
v -0.08326961 -0.01166992 0.02079154
v -0.08342620 -0.01152425 0.02157733
v -0.08360395 -0.00966799 0.02005243
v -0.08423877 -0.00651196 0.02063594
v -0.08324845 -0.01249534 0.02194300
v -0.08290141 -0.01286510 0.02041031
v -0.08269827 -0.01382872 0.02078376
v -0.08246127 -0.01489691 0.02120778
v -0.08308340 -0.01265968 0.02116888
v -0.08218195 -0.01521811 0.02024304
v -0.08166140 -0.01658137 0.01988515
v -0.08142863 -0.01750017 0.02036363
v -0.08140747 -0.01819113 0.02171349
v -0.08116201 -0.01900535 0.02225421
v -0.08086576 -0.01980836 0.02259264
v -0.06144872 -0.03506935 0.00045037
v -0.06015368 -0.03596947 -0.00013314
v -0.05774560 -0.03783694 -0.00089171
v -0.05827461 -0.03804610 -0.00012925
v -0.05981934 -0.03678742 0.00029087
v -0.06153759 -0.03558477 0.00104555
v -0.06245173 -0.03546152 0.00201417
v -0.06373407 -0.03460248 0.00272606
v -0.06401762 -0.03424393 0.00272606
v -0.06496139 -0.03345959 0.00315786
v -0.06577819 -0.03274248 0.00351963
v -0.06610830 -0.03189464 0.00314618
v -0.06689971 -0.03114392 0.00350796
v -0.06768265 -0.03038573 0.00387363
v -0.06844867 -0.02960886 0.00424707
v -0.06919776 -0.02880211 0.00461274
v -0.06994261 -0.02797669 0.00498619
v -0.07022617 -0.02705042 0.00459718
v -0.07094139 -0.02618391 0.00495896
v -0.07164393 -0.02528379 0.00530906
v -0.07202906 -0.02389813 0.00477612
v -0.07229991 -0.02265812 0.00424318
v -0.07194441 -0.02192981 0.00320454
v -0.07260039 -0.02192981 0.00418094
v -0.07281624 -0.02139945 0.00413426
v -0.07362880 -0.01999137 0.00443380
v -0.07398431 -0.01884101 0.00423151
v -0.07414089 -0.01783631 0.00386585
v -0.07464451 -0.01748896 0.00445714
v -0.07478418 -0.01649547 0.00410703
v -0.07490268 -0.01550570 0.00376082
v -0.07448369 -0.01491185 0.00284276
v -0.07499579 -0.01453088 0.00343405
v -0.07548671 -0.01418727 0.00403312
v -0.07595648 -0.01385859 0.00464386
v -0.07640932 -0.01355233 0.00525849
v -0.07717534 -0.01290992 0.00631659
v -0.08106467 -0.01319751 0.01355990
v -0.08124242 -0.01309667 0.01387111
v -0.07676905 -0.01416486 0.00620767
v -0.08206345 -0.01126281 0.01482417
v -0.08227083 -0.01161389 0.01593284
v -0.08280407 -0.00952606 0.01590950
v -0.08294374 -0.00844292 0.01565276
v -0.08276176 -0.00815160 0.01511982
v -0.08298182 -0.00717304 0.01537656
v -0.08302838 -0.00550352 0.01509259
v -0.08339657 -0.00486485 0.01595229
v -0.08340927 -0.00422991 0.01590561
v -0.08315111 -0.00365099 0.01515094
v -0.08335002 -0.00267243 0.01567610
v -0.08318497 -0.00188810 0.01522485
v -0.05598079 -0.04004430 -0.00047158
v -0.05692456 -0.03948032 -0.00009035
v -0.07776784 -0.02663958 0.02571637
v -0.07721765 -0.02753597 0.02554520
v -0.07643471 -0.02891789 0.02614039
v -0.07841112 -0.02549668 0.02573971
v -0.07888512 -0.02464885 0.02597700
v -0.07581682 -0.02935862 0.02326563
v -0.07461066 -0.03074428 0.02067873
v -0.07506773 -0.03049404 0.02319171
v -0.07947338 -0.02347234 0.02579806
v -0.08028596 -0.02141812 0.02384135
v -0.08002356 -0.02192981 0.02372854
v -0.07923638 -0.02344993 0.02340178
v -0.08027326 -0.02104089 0.02228144
v -0.07389119 -0.03149874 0.01908769
v -0.07314211 -0.03269019 0.01944558
v -0.07238879 -0.03387043 0.02002131
v -0.07197827 -0.03465103 0.02128558
v -0.07130113 -0.03571176 0.02232812
v -0.07142386 -0.03582381 0.02458047
v -0.07100911 -0.03617863 0.02307112
v -0.06963790 -0.03786682 0.02261987
v -0.06878724 -0.03891634 0.02291552
v -0.06813972 -0.04004430 0.02633489
v -0.08470854 -0.00188810 0.02166292
v -0.08446731 -0.00261641 0.02021581
v -0.08433611 -0.00312063 0.01947670
v -0.08432342 -0.00469304 0.01980735
v -0.08405256 -0.00597786 0.01881927
v -0.08410758 -0.00654184 0.01972177
v -0.08395945 -0.00699377 0.01908769
v -0.08373092 -0.00714316 0.01776118
v -0.08365051 -0.00852509 0.01883873
v -0.08343890 -0.00982485 0.01927441
v -0.08327384 -0.01083702 0.01965175
v -0.08309609 -0.01184172 0.02002520
v -0.08289295 -0.01211438 0.01930164
v -0.08270673 -0.01306305 0.01966342
v -0.08249513 -0.01404908 0.02004076
v -0.08106890 -0.01663739 0.01693259
v -0.08228352 -0.01409390 0.01904101
v -0.08074726 -0.01763836 0.01704540
v -0.08027749 -0.01878125 0.01678477
v -0.08091654 -0.01875137 0.02016135
v -0.08066685 -0.01956559 0.02063983
v -0.08088692 -0.01932655 0.02137116
v -0.08057374 -0.02020800 0.02175628
v -0.05877824 -0.03826273 0.00063709
v -0.05960774 -0.03777718 0.00106889
v -0.06034836 -0.03748586 0.00161739
v -0.06119902 -0.03638778 0.00146178
v -0.06235862 -0.03624586 0.00272606
v -0.06290880 -0.03560345 0.00272606
v -0.06377639 -0.03495730 0.00316174
v -0.06424616 -0.03508055 0.00391253
v -0.06461012 -0.03427381 0.00353130
v -0.06542693 -0.03356043 0.00388919
v -0.06623526 -0.03284706 0.00427041
v -0.06656960 -0.03199922 0.00388141
v -0.06736101 -0.03125223 0.00425485
v -0.06813972 -0.03048657 0.00462830
v -0.06889304 -0.02970223 0.00500175
v -0.06963790 -0.02888054 0.00537130
v -0.07036583 -0.02802524 0.00572530
v -0.07066208 -0.02711765 0.00534018
v -0.07137308 -0.02622126 0.00569029
v -0.07206292 -0.02530993 0.00604040
v -0.07233377 -0.02436126 0.00565917
v -0.07258770 -0.02335282 0.00524293
v -0.07282893 -0.02234812 0.00485004
v -0.07282470 -0.02192981 0.00453494
v -0.07360341 -0.02085041 0.00499397
v -0.07431864 -0.01946848 0.00519236
v -0.07449639 -0.01847125 0.00481891
v -0.07514391 -0.01712667 0.00505232
v -0.07528357 -0.01612571 0.00469832
v -0.07539783 -0.01514715 0.00435600
v -0.07596918 -0.01475125 0.00509511
v -0.08001933 -0.01849740 0.01531043
v -0.08109429 -0.01358594 0.01389834
v -0.07654475 -0.01518450 0.00636716
v -0.07670134 -0.01593896 0.00711017
v -0.07638392 -0.01710426 0.00726188
v -0.07704414 -0.01753378 0.00883347
v -0.08095040 -0.01531896 0.01491754
v -0.08119587 -0.01471763 0.01514316
v -0.08166563 -0.01230112 0.01447796
v -0.08186877 -0.01225257 0.01508481
v -0.08258824 -0.01205835 0.01779619
v -0.08289295 -0.01118811 0.01812684
v -0.08301145 -0.00944015 0.01667196
v -0.08109853 -0.01553185 0.01564109
v -0.08216502 -0.01349257 0.01770283
v -0.08320613 -0.00838317 0.01645411
v -0.08322306 -0.00769967 0.01615069
v -0.08324422 -0.00680702 0.01595229
v -0.08334579 -0.00576497 0.01597952
v -0.08358279 -0.00529437 0.01655914
v -0.08373092 -0.00435316 0.01690147
v -0.08349391 -0.00340822 0.01610790
v -0.08333733 -0.00188810 0.01565665
v -0.08365051 -0.00248195 0.01661750
v -0.05662408 -0.04004430 0.00019362
v -0.05743665 -0.03960357 0.00059430
v -0.07801330 -0.02588885 0.02412533
v -0.07771705 -0.02615030 0.02288051
v -0.07766626 -0.02656488 0.02449489
v -0.07697219 -0.02736789 0.02262765
v -0.07663785 -0.02810741 0.02363518
v -0.07881740 -0.02430897 0.02365852
v -0.07916444 -0.02387198 0.02479053
v -0.07633737 -0.02811861 0.02123112
v -0.07499155 -0.03004211 0.02012634
v -0.07988813 -0.02192981 0.02254207
v -0.07916867 -0.02316234 0.02171738
v -0.07874122 -0.02407367 0.02198968
v -0.08034521 -0.02046945 0.02103661
v -0.08011667 -0.02072716 0.02030917
v -0.07962151 -0.02192981 0.02068262
v -0.07950301 -0.02234812 0.02120000
v -0.07431018 -0.03044549 0.01757445
v -0.07370075 -0.03148753 0.01798680
v -0.07309132 -0.03253332 0.01849251
v -0.07468261 -0.03007199 0.01829411
v -0.07227029 -0.03385923 0.01916549
v -0.07130536 -0.03517019 0.01909547
v -0.07123341 -0.03543537 0.01993961
v -0.07088215 -0.03607405 0.02098993
v -0.07042931 -0.03671646 0.02143729
v -0.06922315 -0.03817682 0.02118444
v -0.06853331 -0.03902092 0.02132448
v -0.06771651 -0.04004430 0.02185353
v -0.06782231 -0.04004430 0.02290774
v -0.06803392 -0.04004430 0.02516787
v -0.08445884 -0.00188810 0.02013023
v -0.08425570 -0.00250436 0.01906824
v -0.08410758 -0.00287786 0.01835636
v -0.08399331 -0.00438677 0.01788566
v -0.08415413 -0.00434569 0.01872202
v -0.08408218 -0.00513003 0.01850418
v -0.08393406 -0.00578364 0.01797124
v -0.08379863 -0.00629907 0.01748887
v -0.08385788 -0.00661280 0.01809961
v -0.08360395 -0.00718051 0.01711931
v -0.08356163 -0.00774449 0.01740718
v -0.08356586 -0.00804702 0.01778452
v -0.08336695 -0.00923473 0.01813073
v -0.08308763 -0.01103871 0.01889708
v -0.08269404 -0.01226004 0.01853530
v -0.08113661 -0.01614812 0.01657081
v -0.08073879 -0.01679426 0.01570722
v -0.08064992 -0.01738065 0.01614291
v -0.08043831 -0.01815752 0.01643466
v -0.08007858 -0.01897173 0.01618570
v -0.07974001 -0.01997270 0.01651635
v -0.08014629 -0.01952824 0.01768726
v -0.08019285 -0.02009969 0.01920828
v -0.08042562 -0.01984945 0.01992794
v -0.05801645 -0.03980152 0.00145400
v -0.05907872 -0.03885658 0.00162517
v -0.05977279 -0.03860261 0.00216200
v -0.06104243 -0.03722441 0.00216589
v -0.06203275 -0.03745598 0.00367912
v -0.06302730 -0.03648863 0.00387363
v -0.06340396 -0.03573790 0.00352352
v -0.06139793 -0.03733272 0.00272606
v -0.06154182 -0.03737381 0.00295168
v -0.06386950 -0.03585369 0.00428208
v -0.06489367 -0.03475561 0.00444547
v -0.06588400 -0.03366501 0.00464775
v -0.06649765 -0.03333260 0.00517680
v -0.06702667 -0.03210380 0.00463608
v -0.06780962 -0.03133067 0.00499786
v -0.06837672 -0.03100573 0.00553080
v -0.06932472 -0.02977320 0.00576031
v -0.06997224 -0.02912331 0.00616488
v -0.07078058 -0.02804765 0.00646441
v -0.07108106 -0.02715500 0.00607930
v -0.07178783 -0.02624741 0.00642940
v -0.07263425 -0.02545560 0.00719186
v -0.07295166 -0.02437246 0.00674450
v -0.07321828 -0.02342379 0.00636716
v -0.07325638 -0.02242282 0.00561249
v -0.07349761 -0.02192981 0.00562416
v -0.07329870 -0.02192981 0.00529739
v -0.07364150 -0.02161981 0.00563194
v -0.07411973 -0.02048812 0.00558526
v -0.07480534 -0.01914354 0.00579532
v -0.07498732 -0.01812764 0.00541799
v -0.07577450 -0.01669715 0.00587701
v -0.07575334 -0.01580450 0.00531295
v -0.07961304 -0.01886716 0.01481250
v -0.07974424 -0.01915475 0.01531043
v -0.08001087 -0.01880366 0.01564498
v -0.08041715 -0.01765703 0.01554384
v -0.08078535 -0.01618920 0.01520540
v -0.08044677 -0.01692498 0.01502646
v -0.07620618 -0.01812017 0.00763143
v -0.07602843 -0.01912487 0.00803600
v -0.07556289 -0.02029017 0.00805156
v -0.07579989 -0.01749270 0.00643329
v -0.07575757 -0.01844884 0.00701291
v -0.08320190 -0.00930943 0.01738384
v -0.08335002 -0.00847654 0.01715043
v -0.08342620 -0.00787895 0.01689758
v -0.08352777 -0.00684810 0.01674587
v -0.08362511 -0.00591437 0.01680422
v -0.08384941 -0.00535786 0.01744997
v -0.08396791 -0.00375930 0.01774562
v -0.08383249 -0.00337834 0.01721268
v -0.08347698 -0.00188810 0.01609234
v -0.08375631 -0.00188810 0.01700650
v -0.08358702 -0.00188810 0.01644633
v -0.05774983 -0.04004430 0.00142677
v -0.07844921 -0.02473475 0.02246427
v -0.07812757 -0.02509331 0.02149564
v -0.07734462 -0.02636693 0.02098604
v -0.07565600 -0.02886934 0.01966731
v -0.07692987 -0.02689355 0.02027416
v -0.07874546 -0.02364789 0.02049200
v -0.07839842 -0.02441355 0.02083433
v -0.07988390 -0.02096993 0.01958562
v -0.07964690 -0.02122391 0.01886595
v -0.07946492 -0.02192981 0.01971010
v -0.07906287 -0.02284487 0.01995907
v -0.07366266 -0.03128211 0.01710375
v -0.07529627 -0.02869380 0.01698316
v -0.07460643 -0.02951548 0.01613902
v -0.07285009 -0.03268272 0.01778063
v -0.07216872 -0.03381067 0.01836803
v -0.07557559 -0.02858548 0.01816185
v -0.07173281 -0.03450537 0.01873758
v -0.07103027 -0.03536441 0.01837192
v -0.07086099 -0.03583128 0.01946114
v -0.07012883 -0.03687333 0.02006021
v -0.06908772 -0.03813574 0.01986959
v -0.06827515 -0.03921514 0.02055425
v -0.06761917 -0.04004430 0.02101716
v -0.06769535 -0.04004430 0.02165903
v -0.08428533 -0.00188810 0.01923551
v -0.08408641 -0.00188810 0.01827466
v -0.08397215 -0.00242593 0.01775340
v -0.08028596 -0.01822475 0.01584726
v -0.07977810 -0.01946475 0.01579280
v -0.07962997 -0.02074210 0.01762891
v -0.07945646 -0.02035366 0.01610401
v -0.07928717 -0.02135837 0.01727492
v -0.07995161 -0.02035740 0.01848473
v -0.05788102 -0.04004430 0.00157849
v -0.05856240 -0.03976044 0.00204140
v -0.06027641 -0.03872213 0.00291278
v -0.05907449 -0.04004430 0.00298669
v -0.06248559 -0.03754935 0.00441435
v -0.06334895 -0.03696670 0.00488505
v -0.06075465 -0.03884538 0.00367523
v -0.06120325 -0.03894996 0.00441435
v -0.06431810 -0.03594706 0.00503287
v -0.06534228 -0.03483031 0.00518458
v -0.06700128 -0.03382561 0.00654611
v -0.06728483 -0.03258187 0.00553469
v -0.06577819 -0.03493115 0.00596648
v -0.06844444 -0.03183488 0.00658890
v -0.06932472 -0.03032970 0.00636716
v -0.06766996 -0.03270513 0.00630492
v -0.07014576 -0.02981055 0.00723854
v -0.07027695 -0.02908970 0.00667059
v -0.07103027 -0.02842862 0.00731245
v -0.07149158 -0.02717367 0.00682619
v -0.07219411 -0.02625861 0.00717241
v -0.07274429 -0.02616150 0.00812158
v -0.07370075 -0.02443222 0.00819938
v -0.07392929 -0.02341632 0.00766256
v -0.07405625 -0.02192981 0.00658890
v -0.07367113 -0.02245270 0.00635160
v -0.07421284 -0.02171318 0.00668615
v -0.07461066 -0.02014077 0.00618044
v -0.07534282 -0.01960294 0.00709072
v -0.07528780 -0.01879246 0.00639828
v -0.07944376 -0.01949463 0.01499923
v -0.07916021 -0.02008101 0.01497978
v -0.07944799 -0.01994282 0.01548549
v -0.07487305 -0.02082427 0.00718408
v -0.07472916 -0.02144800 0.00742915
v -0.07511852 -0.02145547 0.00817604
v -0.07558405 -0.02112680 0.00879846
v -0.08387057 -0.00188810 0.01741496
v -0.07775937 -0.02546307 0.02037530
v -0.07735308 -0.02589632 0.01936777
v -0.07652782 -0.02717741 0.01881538
v -0.07834341 -0.02406620 0.01932498
v -0.07797944 -0.02485801 0.01970232
v -0.07923215 -0.02192981 0.01835247
v -0.07937604 -0.02192981 0.01918105
v -0.07930410 -0.02210909 0.01926274
v -0.07869044 -0.02325198 0.01895154
v -0.07340450 -0.03138669 0.01633352
v -0.07257923 -0.03285452 0.01709597
v -0.07395891 -0.03035585 0.01577335
v -0.07610037 -0.02738657 0.01718934
v -0.07573641 -0.02764054 0.01604176
v -0.07505927 -0.02865645 0.01574223
v -0.07447100 -0.02942584 0.01539212
v -0.07188939 -0.03399742 0.01764447
v -0.07145772 -0.03469212 0.01801403
v -0.07054358 -0.03583501 0.01781175
v -0.07044624 -0.03623092 0.01886595
v -0.06967599 -0.03732899 0.01946892
v -0.06872376 -0.03846441 0.01933276
v -0.06789003 -0.03955875 0.01993183
v -0.06750914 -0.04004430 0.02025860
v -0.07866081 -0.02192981 0.01597952
v -0.07833917 -0.02276270 0.01623627
v -0.07894437 -0.02169078 0.01656693
v -0.07803869 -0.02304656 0.01571111
v -0.07899092 -0.02192981 0.01719712
v -0.07906710 -0.02192981 0.01752777
v -0.05840158 -0.04004430 0.00218923
v -0.05962043 -0.04004430 0.00368301
v -0.06164763 -0.03909562 0.00521570
v -0.06335318 -0.03788923 0.00609097
v -0.06436889 -0.03676128 0.00613765
v -0.06392874 -0.03669405 0.00539464
v -0.06252368 -0.03847562 0.00565917
v -0.06009020 -0.04004430 0.00430154
v -0.06022563 -0.04004430 0.00448437
v -0.06057266 -0.04004430 0.00495896
v -0.06495293 -0.03607405 0.00613376
v -0.06622256 -0.03502079 0.00677951
v -0.06670080 -0.03515899 0.00774036
v -0.06777999 -0.03351935 0.00747972
v -0.06881687 -0.03240260 0.00793097
v -0.06933319 -0.03102440 0.00717630
v -0.07033197 -0.03093476 0.00895017
v -0.07065361 -0.02974705 0.00812158
v -0.07162277 -0.02865271 0.00870120
v -0.07201213 -0.02711765 0.00773258
v -0.07332832 -0.02531741 0.00838611
v -0.07287548 -0.02712512 0.00943254
v -0.07585491 -0.02696452 0.01511204
v -0.07487305 -0.02337524 0.00948311
v -0.07615115 -0.02600837 0.01469191
v -0.07665478 -0.02534729 0.01501090
v -0.07502964 -0.02240415 0.00885292
v -0.07448369 -0.02242282 0.00781038
v -0.07429325 -0.02192981 0.00702458
v -0.07460643 -0.02192981 0.00761198
v -0.07523701 -0.02192981 0.00882958
v -0.07858464 -0.02079812 0.01449741
v -0.07762817 -0.02321837 0.01489419
v -0.07721765 -0.02441728 0.01525208
v -0.07507620 -0.02192981 0.00851059
v -0.07764087 -0.02518295 0.01874536
v -0.07686639 -0.02628476 0.01787010
v -0.07846190 -0.02344246 0.01820853
v -0.07789903 -0.02450692 0.01817741
v -0.07880894 -0.02259463 0.01782731
v -0.07302361 -0.03155476 0.01533766
v -0.07240572 -0.03278730 0.01621293
v -0.07365843 -0.03047910 0.01503035
v -0.07560098 -0.02758452 0.01535322
v -0.07720073 -0.02558259 0.01757445
v -0.07607074 -0.02691223 0.01568388
v -0.07472916 -0.02882452 0.01506536
v -0.07133075 -0.03458007 0.01711153
v -0.07042508 -0.03569682 0.01692870
v -0.06978179 -0.03667911 0.01743441
v -0.06960404 -0.03720947 0.01857031
v -0.06889728 -0.03796393 0.01815018
v -0.06817358 -0.03897237 0.01874536
v -0.06758955 -0.03975670 0.01918883
v -0.06736524 -0.04004430 0.01935999
v -0.07700605 -0.02513813 0.01563720
v -0.07751814 -0.02425668 0.01591728
v -0.07855078 -0.02277764 0.01709208
v -0.06229091 -0.03934586 0.00649553
v -0.06073348 -0.04004430 0.00518458
v -0.06108052 -0.04004430 0.00568251
v -0.06355208 -0.03824405 0.00690399
v -0.06396684 -0.03750453 0.00651109
v -0.06462282 -0.03717959 0.00710238
v -0.06561314 -0.03618610 0.00732801
v -0.06669233 -0.03563706 0.00840556
v -0.06709015 -0.03487887 0.00805545
v -0.06626066 -0.03610766 0.00831609
v -0.06826246 -0.03388911 0.00886070
v -0.06835556 -0.03313465 0.00803211
v -0.06892267 -0.03311971 0.00907854
v -0.06973100 -0.03230549 0.00955702
v -0.07181322 -0.03219718 0.01349766
v -0.07259193 -0.03140910 0.01399948
v -0.07320982 -0.03075549 0.01436904
v -0.07132652 -0.02975825 0.00944032
v -0.07397584 -0.02913826 0.01389834
v -0.07505927 -0.02790946 0.01461411
v -0.07645587 -0.02606440 0.01538823
v -0.07714994 -0.02362174 0.01431457
v -0.07821644 -0.02359933 0.01742663
v -0.07748428 -0.02483186 0.01701817
v -0.07247343 -0.03221212 0.01504202
v -0.07209677 -0.03292922 0.01549715
v -0.07282893 -0.03150621 0.01466468
v -0.07673096 -0.02586644 0.01606900
v -0.07409011 -0.02951922 0.01461411
v -0.07103873 -0.03470706 0.01641910
v -0.06984104 -0.03626826 0.01645800
v -0.06909619 -0.03738128 0.01700650
v -0.06813126 -0.03877441 0.01781953
v -0.06740756 -0.03976417 0.01837970
v -0.06719596 -0.04004430 0.01854308
v -0.06728906 -0.04004430 0.01898655
v -0.07729383 -0.02490283 0.01632963
v -0.06168571 -0.04004430 0.00656945
v -0.06229938 -0.04004430 0.00752640
v -0.06297652 -0.03928237 0.00747972
v -0.06397530 -0.03828140 0.00763532
v -0.06510528 -0.03711983 0.00781038
v -0.06695473 -0.03620104 0.00980987
v -0.06722982 -0.03548019 0.00921080
v -0.06760224 -0.03473694 0.00881013
v -0.06561737 -0.03693682 0.00843279
v -0.06620563 -0.03688453 0.00944810
v -0.06839365 -0.03465477 0.01023000
v -0.06974793 -0.03384802 0.01174713
v -0.07111492 -0.03297778 0.01321758
v -0.07148311 -0.03305995 0.01408117
v -0.07184707 -0.03219718 0.01356768
v -0.07221104 -0.03226814 0.01444295
v -0.07323521 -0.03000850 0.01349766
v -0.07324791 -0.02971717 0.01316700
v -0.07185131 -0.03297031 0.01483195
v -0.07073402 -0.03478176 0.01561386
v -0.06955749 -0.03625332 0.01558274
v -0.06892267 -0.03728791 0.01619348
v -0.06847406 -0.03796393 0.01656303
v -0.06786463 -0.03886032 0.01709597
v -0.06698435 -0.04004430 0.01769504
v -0.06250252 -0.04004430 0.00786484
v -0.06273105 -0.04004430 0.00824607
v -0.06334048 -0.03935333 0.00819938
v -0.06423346 -0.03858020 0.00854560
v -0.06709862 -0.03690694 0.01125309
v -0.06772497 -0.03614501 0.01124531
v -0.06822860 -0.03526730 0.01084852
v -0.06520262 -0.03782200 0.00909021
v -0.06612522 -0.03762032 0.01051787
v -0.06877031 -0.03466597 0.01100413
v -0.07059013 -0.03373597 0.01328371
v -0.06991299 -0.03459501 0.01322924
v -0.06992145 -0.03474067 0.01349766
v -0.07116570 -0.03360898 0.01432235
v -0.07037429 -0.03491248 0.01487863
v -0.06913851 -0.03646248 0.01492920
v -0.06822436 -0.03791911 0.01572667
v -0.06772074 -0.03869971 0.01622849
v -0.06723405 -0.03937947 0.01656303
v -0.06677275 -0.04004430 0.01696760
v -0.06290457 -0.04004430 0.00854560
v -0.06328546 -0.04004430 0.00922247
v -0.06339973 -0.04004430 0.00943254
v -0.06477518 -0.03863622 0.00963871
v -0.06676005 -0.03779959 0.01211279
v -0.06814819 -0.03683224 0.01330705
v -0.06851215 -0.03613754 0.01285969
v -0.06876184 -0.03536067 0.01208556
v -0.06937551 -0.03483405 0.01250569
v -0.06569355 -0.03832248 0.01088353
v -0.06949401 -0.03528597 0.01350155
v -0.06992992 -0.03489754 0.01378941
v -0.06986220 -0.03528971 0.01435736
v -0.06910042 -0.03601803 0.01394113
v -0.06849522 -0.03697417 0.01438848
v -0.06779269 -0.03813574 0.01509648
v -0.06725097 -0.03893875 0.01551271
v -0.06658229 -0.04004430 0.01640743
v -0.06402185 -0.04004430 0.01065013
v -0.06465668 -0.03942056 0.01077850
v -0.06755992 -0.03763152 0.01350155
v -0.06565969 -0.03918899 0.01240455
v -0.06627758 -0.03902466 0.01338874
v -0.06821167 -0.03685839 0.01350155
v -0.06779269 -0.03762405 0.01402671
v -0.06695049 -0.03901345 0.01491754
v -0.06620140 -0.04004430 0.01537656
v -0.06650188 -0.04004430 0.01618570
v -0.06438159 -0.04004430 0.01138146
v -0.06633260 -0.03902092 0.01350155
v -0.06660346 -0.03899478 0.01405783
v -0.06513491 -0.04004430 0.01294527
v -0.06539307 -0.04004430 0.01349766
v -0.06602365 -0.04004430 0.01493699
v -0.06555389 -0.04004430 0.01385166
v -0.06565969 -0.04004430 0.01408506
f 1 2 25
f 1 25 51
f 1 51 107
f 1 107 156
f 1 156 202
f 1 202 249
f 1 249 252
f 1 252 313
f 1 313 371
f 1 371 373
f 1 373 444
f 1 444 526
f 1 526 536
f 1 536 535
f 1 535 632
f 1 632 726
f 1 726 667
f 1 667 564
f 1 564 470
f 1 470 389
f 1 389 324
f 1 324 323
f 1 323 261
f 1 261 260
f 1 260 258
f 1 258 207
f 1 207 161
f 1 161 112
f 1 112 58
f 1 58 27
f 1 27 3
f 1 3 4
f 1 4 5
f 1 5 6
f 1 6 7
f 1 7 8
f 1 8 9
f 1 9 10
f 1 10 11
f 1 11 12
f 1 12 13
f 1 13 14
f 1 14 15
f 1 15 16
f 1 16 17
f 1 17 18
f 1 18 19
f 1 19 20
f 1 20 21
f 1 21 22
f 1 22 23
f 1 23 24
f 1 24 26
f 1 26 2
f 2 26 25
f 3 27 4
f 4 28 29
f 4 29 5
f 4 27 30
f 4 30 28
f 5 31 7
f 5 7 6
f 5 29 32
f 5 32 33
f 5 33 31
f 7 31 8
f 8 31 9
f 9 31 34
f 9 34 10
f 10 34 35
f 10 35 11
f 11 35 36
f 11 36 12
f 12 36 37
f 12 37 13
f 13 37 38
f 13 38 14
f 14 38 15
f 15 38 39
f 15 39 16
f 16 39 40
f 16 40 41
f 16 41 17
f 17 41 18
f 18 41 42
f 18 42 43
f 18 43 19
f 19 43 44
f 19 44 20
f 20 44 45
f 20 45 21
f 21 45 46
f 21 46 22
f 22 46 23
f 23 47 24
f 23 46 48
f 23 48 47
f 24 47 49
f 24 49 54
f 24 54 26
f 25 50 51
f 25 26 52
f 25 52 50
f 26 53 52
f 26 54 55
f 26 55 56
f 26 56 57
f 26 57 53
f 27 58 30
f 28 30 59
f 28 59 60
f 28 60 61
f 28 61 62
f 28 62 29
f 29 62 32
f 30 58 59
f 31 33 63
f 31 63 34
f 32 62 64
f 32 64 65
f 32 65 33
f 33 65 66
f 33 66 67
f 33 67 63
f 34 63 35
f 35 63 67
f 35 67 68
f 35 68 69
f 35 69 70
f 35 70 36
f 36 70 71
f 36 71 37
f 37 71 72
f 37 72 38
f 38 72 40
f 38 40 39
f 40 72 73
f 40 73 74
f 40 74 75
f 40 75 41
f 41 75 42
f 42 75 76
f 42 76 77
f 42 77 43
f 43 77 44
f 44 77 78
f 44 78 79
f 44 79 80
f 44 80 81
f 44 81 45
f 45 81 46
f 46 81 80
f 46 80 82
f 46 82 48
f 47 48 83
f 47 83 49
f 48 82 84
f 48 84 85
f 48 85 83
f 49 86 87
f 49 87 88
f 49 88 89
f 49 89 90
f 49 90 91
f 49 91 92
f 49 92 93
f 49 93 94
f 49 94 95
f 49 95 96
f 49 96 97
f 49 97 98
f 49 98 99
f 49 99 149
f 49 149 196
f 49 196 244
f 49 244 309
f 49 309 369
f 49 369 442
f 49 442 525
f 49 525 622
f 49 622 716
f 49 716 815
f 49 815 817
f 49 817 818
f 49 818 922
f 49 922 1037
f 49 1037 1145
f 49 1145 1247
f 49 1247 1357
f 49 1357 1359
f 49 1359 1358
f 49 1358 1432
f 49 1432 1387
f 49 1387 1386
f 49 1386 1281
f 49 1281 1171
f 49 1171 1068
f 49 1068 952
f 49 952 951
f 49 951 950
f 49 950 842
f 49 842 745
f 49 745 651
f 49 651 553
f 49 553 552
f 49 552 463
f 49 463 385
f 49 385 320
f 49 320 257
f 49 257 255
f 49 255 205
f 49 205 158
f 49 158 109
f 49 109 57
f 49 57 56
f 49 56 55
f 49 55 54
f 49 83 85
f 49 85 100
f 49 100 101
f 49 101 102
f 49 102 103
f 49 103 104
f 49 104 105
f 49 105 106
f 49 106 86
f 50 52 53
f 50 53 108
f 50 108 111
f 50 111 110
f 50 110 160
f 50 160 159
f 50 159 206
f 50 206 256
f 50 256 318
f 50 318 383
f 50 383 460
f 50 460 550
f 50 550 551
f 50 551 650
f 50 650 742
f 50 742 741
f 50 741 840
f 50 840 949
f 50 949 1067
f 50 1067 1066
f 50 1066 1065
f 50 1065 1170
f 50 1170 1280
f 50 1280 1279
f 50 1279 1278
f 50 1278 1385
f 50 1385 1384
f 50 1384 1456
f 50 1456 1517
f 50 1517 1556
f 50 1556 1555
f 50 1555 1582
f 50 1582 1602
f 50 1602 1620
f 50 1620 1630
f 50 1630 1629
f 50 1629 1636
f 50 1636 1638
f 50 1638 1637
f 50 1637 1635
f 50 1635 1634
f 50 1634 1631
f 50 1631 1621
f 50 1621 1605
f 50 1605 1604
f 50 1604 1603
f 50 1603 1584
f 50 1584 1583
f 50 1583 1559
f 50 1559 1558
f 50 1558 1523
f 50 1523 1522
f 50 1522 1472
f 50 1472 1471
f 50 1471 1470
f 50 1470 1464
f 50 1464 1398
f 50 1398 1463
f 50 1463 1395
f 50 1395 1360
f 50 1360 1249
f 50 1249 1146
f 50 1146 1038
f 50 1038 924
f 50 924 923
f 50 923 819
f 50 819 719
f 50 719 623
f 50 623 527
f 50 527 447
f 50 447 446
f 50 446 443
f 50 443 370
f 50 370 311
f 50 311 250
f 50 250 203
f 50 203 157
f 50 157 107
f 50 107 51
f 53 57 108
f 57 109 110
f 57 110 111
f 57 111 108
f 58 112 113
f 58 113 59
f 59 113 114
f 59 114 115
f 59 115 60
f 60 115 116
f 60 116 61
f 61 116 117
f 61 117 64
f 61 64 62
f 64 117 118
f 64 118 65
f 65 118 119
f 65 119 120
f 65 120 66
f 66 68 67
f 66 120 121
f 66 121 68
f 68 121 122
f 68 122 69
f 69 122 123
f 69 123 70
f 70 123 124
f 70 124 125
f 70 125 71
f 71 125 72
f 72 125 73
f 73 126 127
f 73 127 128
f 73 128 129
f 73 129 74
f 73 125 126
f 74 129 75
f 75 129 130
f 75 130 76
f 76 130 131
f 76 131 132
f 76 132 77
f 77 132 78
f 78 132 133
f 78 133 79
f 79 133 134
f 79 134 135
f 79 135 80
f 80 135 82
f 82 135 136
f 82 136 84
f 84 136 137
f 84 137 85
f 85 137 100
f 86 138 87
f 86 106 138
f 87 138 139
f 87 139 140
f 87 140 88
f 88 140 89
f 89 140 141
f 89 141 90
f 90 141 91
f 91 142 143
f 91 143 92
f 91 141 142
f 92 143 144
f 92 144 93
f 93 144 94
f 94 145 146
f 94 146 95
f 94 144 145
f 95 146 96
f 96 146 97
f 97 146 147
f 97 147 98
f 98 147 99
f 99 148 149
f 99 147 150
f 99 150 148
f 100 137 101
f 101 137 151
f 101 151 152
f 101 152 102
f 102 152 153
f 102 153 103
f 103 153 154
f 103 154 104
f 104 154 105
f 105 154 106
f 106 154 155
f 106 155 138
f 107 157 156
f 109 158 159
f 109 159 160
f 109 160 110
f 112 161 162
f 112 162 113
f 113 162 114
f 114 162 163
f 114 163 164
f 114 164 115
f 115 164 116
f 116 164 165
f 116 165 166
f 116 166 167
f 116 167 117
f 117 167 168
f 117 168 169
f 117 169 119
f 117 119 118
f 119 169 170
f 119 170 171
f 119 171 172
f 119 172 120
f 120 172 173
f 120 173 121
f 121 173 174
f 121 174 175
f 121 175 122
f 122 175 123
f 123 175 176
f 123 176 177
f 123 177 124
f 124 177 125
f 125 177 126
f 126 177 127
f 127 177 178
f 127 178 179
f 127 179 128
f 128 179 180
f 128 180 129
f 129 180 181
f 129 181 131
f 129 131 130
f 131 181 182
f 131 182 183
f 131 183 132
f 132 183 133
f 133 183 184
f 133 184 185
f 133 185 134
f 134 185 186
f 134 186 135
f 135 186 136
f 136 186 151
f 136 151 137
f 138 155 187
f 138 187 139
f 139 188 189
f 139 189 140
f 139 187 232
f 139 232 188
f 140 189 141
f 141 189 190
f 141 190 142
f 142 191 192
f 142 192 144
f 142 144 143
f 142 190 191
f 144 192 145
f 145 192 193
f 145 193 146
f 146 194 150
f 146 150 147
f 146 193 194
f 148 150 195
f 148 195 196
f 148 196 149
f 150 194 197
f 150 197 195
f 151 186 198
f 151 198 152
f 152 198 199
f 152 199 153
f 153 199 200
f 153 200 201
f 153 201 154
f 154 201 187
f 154 187 155
f 156 157 202
f 157 203 204
f 157 204 202
f 158 205 159
f 159 205 206
f 161 207 162
f 162 207 208
f 162 208 209
f 162 209 163
f 163 210 164
f 163 209 210
f 164 211 212
f 164 212 165
f 164 210 211
f 165 212 166
f 166 213 167
f 166 212 214
f 166 214 213
f 167 213 168
f 168 213 215
f 168 215 170
f 168 170 169
f 170 215 216
f 170 216 171
f 171 216 217
f 171 217 218
f 171 218 172
f 172 218 173
f 173 218 219
f 173 219 220
f 173 220 174
f 174 220 221
f 174 221 222
f 174 222 175
f 175 222 223
f 175 223 176
f 176 223 177
f 177 223 178
f 178 223 224
f 178 224 179
f 179 224 225
f 179 225 180
f 180 225 226
f 180 226 227
f 180 227 181
f 181 227 182
f 182 227 228
f 182 228 183
f 183 228 229
f 183 229 184
f 184 229 230
f 184 230 185
f 185 230 231
f 185 231 186
f 186 231 198
f 187 201 232
f 188 233 234
f 188 234 189
f 188 232 233
f 189 234 190
f 190 235 191
f 190 234 235
f 191 235 236
f 191 236 237
f 191 237 238
f 191 238 192
f 192 238 239
f 192 239 193
f 193 239 194
f 194 240 241
f 194 241 197
f 194 239 240
f 195 242 243
f 195 243 196
f 195 197 242
f 196 243 244
f 197 241 245
f 197 245 242
f 198 231 199
f 199 246 200
f 199 231 246
f 200 247 201
f 200 246 247
f 201 247 248
f 201 248 232
f 202 204 249
f 203 250 251
f 203 251 204
f 204 252 249
f 204 251 253
f 204 253 254
f 204 254 252
f 205 255 206
f 206 255 257
f 206 257 256
f 207 258 208
f 208 259 209
f 208 258 260
f 208 260 261
f 208 261 262
f 208 262 259
f 209 263 210
f 209 259 264
f 209 264 263
f 210 263 265
f 210 265 266
f 210 266 211
f 211 266 212
f 212 267 214
f 212 266 267
f 213 214 268
f 213 268 269
f 213 269 270
f 213 270 215
f 214 267 271
f 214 271 268
f 215 270 272
f 215 272 273
f 215 273 217
f 215 217 216
f 217 273 274
f 217 274 275
f 217 275 219
f 217 219 218
f 219 275 276
f 219 276 277
f 219 277 278
f 219 278 220
f 220 278 279
f 220 279 221
f 221 279 280
f 221 280 222
f 222 280 281
f 222 281 223
f 223 281 224
f 224 281 282
f 224 282 283
f 224 283 225
f 225 283 284
f 225 284 285
f 225 285 286
f 225 286 226
f 226 286 287
f 226 287 227
f 227 287 228
f 228 287 288
f 228 288 289
f 228 289 290
f 228 290 229
f 229 290 230
f 230 290 291
f 230 291 246
f 230 246 231
f 232 248 292
f 232 292 293
f 232 293 233
f 233 293 294
f 233 294 295
f 233 295 234
f 234 295 235
f 235 295 236
f 236 295 296
f 236 296 297
f 236 297 298
f 236 298 237
f 237 298 299
f 237 299 238
f 238 300 301
f 238 301 239
f 238 299 300
f 239 301 240
f 240 302 241
f 240 301 303
f 240 303 302
f 241 302 304
f 241 304 245
f 242 245 304
f 242 304 305
f 242 305 306
f 242 306 307
f 242 307 243
f 243 307 308
f 243 308 244
f 244 308 309
f 246 291 247
f 247 310 248
f 247 291 310
f 248 310 292
f 250 311 251
f 251 311 253
f 252 254 312
f 252 312 313
f 253 311 314
f 253 314 254
f 254 314 315
f 254 315 316
f 254 316 312
f 256 317 318
f 256 257 319
f 256 319 317
f 257 320 321
f 257 321 319
f 259 262 322
f 259 322 264
f 261 323 262
f 262 323 324
f 262 324 325
f 262 325 322
f 263 264 326
f 263 326 327
f 263 327 265
f 264 322 328
f 264 328 326
f 265 327 266
f 266 327 329
f 266 329 267
f 267 329 330
f 267 330 271
f 268 271 269
f 269 331 332
f 269 332 333
f 269 333 334
f 269 334 270
f 269 271 331
f 270 334 272
f 271 330 331
f 272 334 335
f 272 335 336
f 272 336 273
f 273 336 274
f 274 336 337
f 274 337 276
f 274 276 275
f 276 337 338
f 276 338 339
f 276 339 277
f 277 339 340
f 277 340 278
f 278 340 341
f 278 341 342
f 278 342 279
f 279 342 343
f 279 343 280
f 280 343 282
f 280 282 281
f 282 343 344
f 282 344 345
f 282 345 284
f 282 284 283
f 284 345 346
f 284 346 347
f 284 347 285
f 285 347 286
f 286 347 348
f 286 348 288
f 286 288 287
f 288 348 349
f 288 349 350
f 288 350 351
f 288 351 289
f 289 351 290
f 290 351 352
f 290 352 291
f 291 352 353
f 291 353 310
f 292 354 293
f 292 310 353
f 292 353 354
f 293 355 294
f 293 354 355
f 294 356 295
f 294 355 356
f 295 356 296
f 296 356 357
f 296 357 297
f 297 358 359
f 297 359 298
f 297 357 358
f 298 359 360
f 298 360 299
f 299 360 361
f 299 361 300
f 300 361 301
f 301 361 303
f 302 303 362
f 302 362 363
f 302 363 364
f 302 364 304
f 303 361 362
f 304 364 365
f 304 365 305
f 305 365 306
f 306 366 367
f 306 367 368
f 306 368 307
f 306 365 366
f 307 368 308
f 308 368 369
f 308 369 309
f 311 370 314
f 312 371 313
f 312 316 372
f 312 372 373
f 312 373 371
f 314 370 374
f 314 374 375
f 314 375 315
f 315 375 376
f 315 376 316
f 316 376 377
f 316 377 378
f 316 378 372
f 317 319 379
f 317 379 380
f 317 380 381
f 317 381 318
f 318 382 383
f 318 381 382
f 319 321 384
f 319 384 379
f 320 385 321
f 321 385 386
f 321 386 387
f 321 387 388
f 321 388 384
f 322 325 328
f 324 389 390
f 324 390 325
f 325 390 391
f 325 391 328
f 326 392 327
f 326 328 393
f 326 393 392
f 327 392 394
f 327 394 395
f 327 395 329
f 328 391 396
f 328 396 397
f 328 397 393
f 329 398 399
f 329 399 330
f 329 395 398
f 330 400 331
f 330 399 400
f 331 401 332
f 331 400 401
f 332 401 402
f 332 402 403
f 332 403 404
f 332 404 333
f 333 404 334
f 334 404 335
f 335 405 406
f 335 406 407
f 335 407 336
f 335 404 405
f 336 407 337
f 337 407 338
f 338 407 408
f 338 408 409
f 338 409 339
f 339 409 410
f 339 410 411
f 339 411 340
f 340 411 412
f 340 412 341
f 341 412 342
f 342 412 413
f 342 413 344
f 342 344 343
f 344 413 414
f 344 414 415
f 344 415 416
f 344 416 345
f 345 416 346
f 346 416 417
f 346 417 418
f 346 418 419
f 346 419 347
f 347 419 349
f 347 349 348
f 349 419 420
f 349 420 421
f 349 421 350
f 350 421 351
f 351 421 422
f 351 422 353
f 351 353 352
f 353 422 423
f 353 423 354
f 354 423 355
f 355 424 356
f 355 423 424
f 356 424 357
f 357 425 358
f 357 424 425
f 358 426 427
f 358 427 359
f 358 425 428
f 358 428 426
f 359 427 429
f 359 429 360
f 360 429 430
f 360 430 361
f 361 430 362
f 362 431 432
f 362 432 363
f 362 430 431
f 363 432 364
f 364 433 365
f 364 432 433
f 365 433 434
f 365 434 435
f 365 435 366
f 366 435 436
f 366 436 437
f 366 437 367
f 367 437 438
f 367 438 439
f 367 439 440
f 367 440 368
f 368 440 369
f 369 440 441
f 369 441 442
f 370 443 374
f 372 444 373
f 372 378 445
f 372 445 444
f 374 446 447
f 374 447 448
f 374 448 375
f 374 443 446
f 375 448 449
f 375 449 376
f 376 449 450
f 376 450 377
f 377 450 451
f 377 451 452
f 377 452 378
f 378 452 445
f 379 384 453
f 379 453 454
f 379 454 455
f 379 455 380
f 380 456 381
f 380 455 457
f 380 457 456
f 381 456 458
f 381 458 459
f 381 459 382
f 382 460 383
f 382 459 461
f 382 461 460
f 384 388 462
f 384 462 454
f 384 454 453
f 385 463 464
f 385 464 465
f 385 465 386
f 386 465 387
f 387 465 466
f 387 466 467
f 387 467 468
f 387 468 388
f 388 468 469
f 388 469 462
f 389 470 471
f 389 471 390
f 390 471 391
f 391 472 396
f 391 471 472
f 392 393 473
f 392 473 474
f 392 474 475
f 392 475 394
f 393 397 476
f 393 476 477
f 393 477 473
f 394 475 478
f 394 478 395
f 395 478 479
f 395 479 398
f 396 472 397
f 397 480 476
f 397 472 471
f 397 471 481
f 397 481 482
f 397 482 480
f 398 479 399
f 399 479 483
f 399 483 484
f 399 484 485
f 399 485 400
f 400 485 401
f 401 485 402
f 402 486 487
f 402 487 488
f 402 488 403
f 402 485 489
f 402 489 486
f 403 488 405
f 403 405 404
f 405 488 490
f 405 490 406
f 406 490 408
f 406 408 407
f 408 491 492
f 408 492 493
f 408 493 494
f 408 494 409
f 408 490 491
f 409 494 410
f 410 494 495
f 410 495 411
f 411 495 496
f 411 496 412
f 412 496 497
f 412 497 414
f 412 414 413
f 414 497 498
f 414 498 499
f 414 499 415
f 415 499 417
f 415 417 416
f 417 499 500
f 417 500 501
f 417 501 418
f 418 501 502
f 418 502 503
f 418 503 419
f 419 503 420
f 420 503 504
f 420 504 421
f 421 504 505
f 421 505 423
f 421 423 422
f 423 505 424
f 424 506 425
f 424 505 504
f 424 504 506
f 425 506 507
f 425 507 428
f 426 428 508
f 426 508 509
f 426 509 427
f 427 509 429
f 428 507 510
f 428 510 508
f 429 509 511
f 429 511 512
f 429 512 430
f 430 512 431
f 431 513 514
f 431 514 515
f 431 515 432
f 431 512 513
f 432 515 433
f 433 516 434
f 433 515 514
f 433 514 516
f 434 516 517
f 434 517 518
f 434 518 435
f 435 518 519
f 435 519 436
f 436 519 520
f 436 520 521
f 436 521 438
f 436 438 437
f 438 521 522
f 438 522 523
f 438 523 439
f 439 523 441
f 439 441 440
f 441 523 524
f 441 524 442
f 442 524 525
f 444 445 526
f 445 452 526
f 447 527 528
f 447 528 448
f 448 528 449
f 449 528 529
f 449 529 450
f 450 529 530
f 450 530 531
f 450 531 451
f 451 531 532
f 451 532 533
f 451 533 534
f 451 534 452
f 452 535 536
f 452 536 526
f 452 534 537
f 452 537 535
f 454 538 539
f 454 539 455
f 454 462 540
f 454 540 538
f 455 539 457
f 456 457 541
f 456 541 542
f 456 542 543
f 456 543 544
f 456 544 458
f 457 539 545
f 457 545 546
f 457 546 541
f 458 547 461
f 458 461 459
f 458 544 548
f 458 548 549
f 458 549 547
f 460 461 550
f 461 551 550
f 461 547 551
f 462 469 540
f 463 552 464
f 464 552 553
f 464 553 554
f 464 554 555
f 464 555 466
f 464 466 465
f 466 556 467
f 466 555 557
f 466 557 556
f 467 556 558
f 467 558 559
f 467 559 560
f 467 560 469
f 467 469 468
f 469 560 561
f 469 561 562
f 469 562 563
f 469 563 540
f 470 564 471
f 471 564 565
f 471 565 566
f 471 566 481
f 473 477 567
f 473 567 568
f 473 568 569
f 473 569 474
f 474 569 570
f 474 570 475
f 475 571 478
f 475 570 572
f 475 572 571
f 476 480 573
f 476 573 567
f 476 567 477
f 478 574 479
f 478 571 574
f 479 574 483
f 480 482 575
f 480 575 573
f 481 566 576
f 481 576 482
f 482 576 577
f 482 577 575
f 483 574 578
f 483 578 579
f 483 579 580
f 483 580 484
f 484 580 581
f 484 581 485
f 485 581 489
f 486 582 583
f 486 583 584
f 486 584 487
f 486 489 585
f 486 585 582
f 487 584 583
f 487 583 586
f 487 586 488
f 488 586 587
f 488 587 588
f 488 588 490
f 489 581 589
f 489 589 585
f 490 588 491
f 491 590 591
f 491 591 492
f 491 588 590
f 492 591 493
f 493 591 592
f 493 592 593
f 493 593 494
f 494 593 594
f 494 594 595
f 494 595 495
f 495 595 496
f 496 595 596
f 496 596 497
f 497 596 597
f 497 597 498
f 498 597 598
f 498 598 499
f 499 598 500
f 500 598 599
f 500 599 501
f 501 599 600
f 501 600 502
f 502 601 503
f 502 600 602
f 502 602 601
f 503 601 504
f 504 601 507
f 504 507 506
f 507 602 510
f 507 601 602
f 508 603 604
f 508 604 509
f 508 510 603
f 509 604 605
f 509 605 511
f 510 602 606
f 510 606 603
f 511 605 512
f 512 605 607
f 512 607 608
f 512 608 513
f 513 608 514
f 514 608 609
f 514 609 610
f 514 610 516
f 516 611 517
f 516 610 611
f 517 611 612
f 517 612 518
f 518 612 613
f 518 613 519
f 519 614 520
f 519 613 614
f 520 614 615
f 520 615 521
f 521 615 616
f 521 616 617
f 521 617 522
f 522 617 618
f 522 618 619
f 522 619 524
f 522 524 523
f 524 619 620
f 524 620 621
f 524 621 622
f 524 622 525
f 527 623 624
f 527 624 528
f 528 624 625
f 528 625 626
f 528 626 529
f 529 626 530
f 530 626 627
f 530 627 628
f 530 628 531
f 531 628 629
f 531 629 630
f 531 630 532
f 532 630 533
f 533 630 631
f 533 631 577
f 533 577 534
f 534 576 537
f 534 577 576
f 535 537 633
f 535 633 632
f 537 576 566
f 537 566 565
f 537 565 633
f 538 634 635
f 538 635 539
f 538 540 634
f 539 635 545
f 540 563 636
f 540 636 637
f 540 637 634
f 541 638 542
f 541 546 639
f 541 639 638
f 542 638 640
f 542 640 543
f 543 640 544
f 544 640 548
f 545 635 634
f 545 634 641
f 545 641 642
f 545 642 546
f 546 642 639
f 547 549 643
f 547 643 551
f 548 640 644
f 548 644 645
f 548 645 549
f 549 646 647
f 549 647 648
f 549 648 643
f 549 645 649
f 549 649 646
f 551 643 650
f 553 651 554
f 554 651 652
f 554 652 555
f 555 653 557
f 555 652 654
f 555 654 653
f 556 557 655
f 556 655 656
f 556 656 558
f 557 653 657
f 557 657 658
f 557 658 655
f 558 659 660
f 558 660 661
f 558 661 559
f 558 656 662
f 558 662 659
f 559 661 663
f 559 663 561
f 559 561 560
f 561 663 664
f 561 664 665
f 561 665 562
f 562 665 666
f 562 666 636
f 562 636 563
f 564 667 565
f 565 667 633
f 567 573 568
f 568 668 570
f 568 570 569
f 568 573 669
f 568 669 668
f 570 668 572
f 571 572 670
f 571 670 574
f 572 668 671
f 572 671 670
f 573 575 672
f 573 672 673
f 573 673 669
f 574 670 578
f 575 577 631
f 575 631 672
f 578 670 674
f 578 674 675
f 578 675 579
f 579 676 677
f 579 677 678
f 579 678 580
f 579 675 679
f 579 679 676
f 580 678 581
f 581 678 589
f 582 585 680
f 582 680 681
f 582 681 682
f 582 682 683
f 582 683 684
f 582 684 583
f 583 684 685
f 583 685 686
f 583 686 587
f 583 587 586
f 585 589 680
f 587 686 687
f 587 687 590
f 587 590 588
f 589 678 680
f 590 687 688
f 590 688 689
f 590 689 690
f 590 690 591
f 591 690 592
f 592 689 691
f 592 691 593
f 592 690 689
f 593 691 692
f 593 692 594
f 594 692 693
f 594 693 595
f 595 693 694
f 595 694 596
f 596 694 695
f 596 695 597
f 597 695 696
f 597 696 598
f 598 696 697
f 598 697 599
f 599 697 698
f 599 698 600
f 600 698 606
f 600 606 602
f 603 699 700
f 603 700 604
f 603 606 699
f 604 700 701
f 604 701 605
f 605 701 702
f 605 702 607
f 606 698 699
f 607 702 608
f 608 702 703
f 608 703 609
f 609 703 704
f 609 704 705
f 609 705 706
f 609 706 610
f 610 706 611
f 611 707 612
f 611 706 707
f 612 708 613
f 612 707 708
f 613 708 709
f 613 709 614
f 614 709 710
f 614 710 615
f 615 710 711
f 615 711 616
f 616 711 712
f 616 712 713
f 616 713 618
f 616 618 617
f 618 713 714
f 618 714 715
f 618 715 619
f 619 715 620
f 620 715 621
f 621 716 622
f 621 715 717
f 621 717 718
f 621 718 716
f 623 719 624
f 624 719 720
f 624 720 625
f 625 720 627
f 625 627 626
f 627 721 722
f 627 722 628
f 627 720 721
f 628 722 629
f 629 722 723
f 629 723 724
f 629 724 630
f 630 724 725
f 630 725 631
f 631 725 672
f 632 633 726
f 633 667 726
f 634 637 641
f 636 666 727
f 636 727 728
f 636 728 637
f 637 728 729
f 637 729 641
f 638 639 730
f 638 730 731
f 638 731 640
f 639 642 732
f 639 732 733
f 639 733 730
f 640 731 644
f 641 729 734
f 641 734 642
f 642 735 732
f 642 734 735
f 643 648 650
f 644 736 645
f 644 731 736
f 645 736 737
f 645 737 649
f 646 738 739
f 646 739 647
f 646 649 738
f 647 739 740
f 647 740 648
f 648 740 741
f 648 741 742
f 648 742 650
f 649 737 743
f 649 743 744
f 649 744 738
f 651 745 746
f 651 746 652
f 652 746 747
f 652 747 653
f 652 653 654
f 653 748 658
f 653 658 657
f 653 747 748
f 655 749 750
f 655 750 656
f 655 658 749
f 656 750 662
f 658 748 750
f 658 750 749
f 659 662 751
f 659 751 752
f 659 752 753
f 659 753 660
f 660 753 661
f 661 754 663
f 661 753 754
f 662 750 755
f 662 755 751
f 663 756 757
f 663 757 758
f 663 758 664
f 663 754 759
f 663 759 756
f 664 758 760
f 664 760 666
f 664 666 665
f 666 760 761
f 666 761 727
f 668 669 762
f 668 762 671
f 669 673 763
f 669 763 762
f 670 671 764
f 670 764 674
f 671 762 765
f 671 765 764
f 672 725 766
f 672 766 673
f 673 766 763
f 674 767 675
f 674 764 768
f 674 768 767
f 675 767 769
f 675 769 679
f 676 770 677
f 676 679 771
f 676 771 772
f 676 772 773
f 676 773 774
f 676 774 775
f 676 775 770
f 677 770 681
f 677 681 680
f 677 680 678
f 679 769 771
f 681 775 682
f 681 770 775
f 682 775 776
f 682 776 777
f 682 777 778
f 682 778 779
f 682 779 683
f 683 779 780
f 683 780 684
f 684 780 781
f 684 781 685
f 685 781 782
f 685 782 783
f 685 783 686
f 686 783 784
f 686 784 688
f 686 688 687
f 688 784 785
f 688 785 786
f 688 786 787
f 688 787 689
f 689 787 788
f 689 788 691
f 691 788 789
f 691 789 790
f 691 790 692
f 692 790 791
f 692 791 693
f 693 791 792
f 693 792 694
f 694 792 793
f 694 793 695
f 695 793 794
f 695 794 696
f 696 794 795
f 696 795 697
f 697 795 796
f 697 796 698
f 698 796 699
f 699 797 700
f 699 796 797
f 700 797 798
f 700 798 799
f 700 799 701
f 701 799 704
f 701 704 702
f 702 704 703
f 704 800 801
f 704 801 705
f 704 799 802
f 704 802 800
f 705 803 706
f 705 801 803
f 706 803 804
f 706 804 707
f 707 805 806
f 707 806 708
f 707 804 805
f 708 806 807
f 708 807 709
f 709 807 710
f 710 807 808
f 710 808 809
f 710 809 810
f 710 810 811
f 710 811 711
f 711 811 812
f 711 812 712
f 712 812 813
f 712 813 713
f 713 813 714
f 714 813 814
f 714 814 717
f 714 717 715
f 716 718 815
f 717 814 816
f 717 816 718
f 718 817 815
f 718 816 818
f 718 818 817
f 719 819 720
f 720 819 820
f 720 820 721
f 721 820 821
f 721 821 822
f 721 822 722
f 722 822 723
f 723 822 823
f 723 823 724
f 724 823 824
f 724 824 825
f 724 825 725
f 725 825 766
f 727 761 826
f 727 826 728
f 728 826 734
f 728 734 729
f 730 827 828
f 730 828 731
f 730 733 827
f 731 829 736
f 731 828 829
f 732 735 830
f 732 830 733
f 733 830 827
f 734 831 735
f 734 826 832
f 734 832 831
f 735 831 830
f 736 829 737
f 737 833 834
f 737 834 743
f 737 829 835
f 737 835 833
f 738 744 836
f 738 836 837
f 738 837 739
f 739 837 838
f 739 838 839
f 739 839 840
f 739 840 740
f 740 840 741
f 743 834 841
f 743 841 744
f 744 841 836
f 745 842 746
f 746 842 843
f 746 843 844
f 746 844 845
f 746 845 846
f 746 846 747
f 747 846 847
f 747 847 748
f 748 847 848
f 748 848 849
f 748 849 750
f 750 849 850
f 750 850 755
f 751 755 752
f 752 851 852
f 752 852 753
f 752 755 853
f 752 853 854
f 752 854 851
f 753 852 855
f 753 855 856
f 753 856 754
f 754 856 759
f 755 854 853
f 755 850 854
f 756 759 857
f 756 857 858
f 756 858 757
f 757 858 859
f 757 859 860
f 757 860 758
f 758 860 861
f 758 861 862
f 758 862 863
f 758 863 864
f 758 864 760
f 759 856 857
f 760 864 832
f 760 832 761
f 761 832 826
f 762 763 865
f 762 865 866
f 762 866 765
f 763 766 865
f 764 765 867
f 764 867 768
f 765 866 868
f 765 868 867
f 766 825 865
f 767 768 869
f 767 869 769
f 768 867 870
f 768 870 869
f 769 869 871
f 769 871 872
f 769 872 773
f 769 773 772
f 769 772 771
f 773 872 873
f 773 873 874
f 773 874 875
f 773 875 774
f 774 875 876
f 774 876 877
f 774 877 775
f 775 877 776
f 776 878 777
f 776 877 878
f 777 879 880
f 777 880 778
f 777 878 881
f 777 881 879
f 778 880 779
f 779 880 780
f 780 880 882
f 780 882 883
f 780 883 782
f 780 782 781
f 782 883 884
f 782 884 885
f 782 885 783
f 783 885 784
f 784 885 886
f 784 886 785
f 785 886 887
f 785 887 888
f 785 888 889
f 785 889 890
f 785 890 786
f 786 788 787
f 786 890 789
f 786 789 788
f 789 890 891
f 789 891 892
f 789 892 790
f 790 892 893
f 790 893 894
f 790 894 791
f 791 894 792
f 792 894 895
f 792 895 896
f 792 896 897
f 792 897 793
f 793 897 794
f 794 897 898
f 794 898 899
f 794 899 795
f 795 899 796
f 796 899 797
f 797 899 900
f 797 900 798
f 798 900 901
f 798 901 799
f 799 901 802
f 800 802 901
f 800 901 902
f 800 902 903
f 800 903 803
f 800 803 801
f 803 903 804
f 804 903 904
f 804 904 905
f 804 905 805
f 805 906 806
f 805 905 906
f 806 907 807
f 806 906 907
f 807 907 808
f 808 908 909
f 808 909 809
f 808 907 908
f 809 909 910
f 809 910 810
f 810 910 911
f 810 911 912
f 810 912 913
f 810 913 811
f 811 913 914
f 811 914 812
f 812 914 915
f 812 915 916
f 812 916 813
f 813 916 917
f 813 917 918
f 813 918 919
f 813 919 920
f 813 920 814
f 814 920 919
f 814 919 921
f 814 921 816
f 816 921 922
f 816 922 818
f 819 923 820
f 820 923 924
f 820 924 821
f 821 925 926
f 821 926 822
f 821 924 925
f 822 926 823
f 823 927 928
f 823 928 824
f 823 926 927
f 824 928 929
f 824 929 825
f 825 929 865
f 827 930 828
f 827 830 931
f 827 931 932
f 827 932 930
f 828 930 933
f 828 933 829
f 829 933 934
f 829 934 835
f 830 935 936
f 830 936 931
f 830 831 935
f 831 832 937
f 831 937 938
f 831 938 935
f 832 864 939
f 832 939 937
f 833 835 940
f 833 940 941
f 833 941 834
f 834 941 942
f 834 942 841
f 835 934 943
f 835 943 940
f 836 944 945
f 836 945 837
f 836 841 942
f 836 942 944
f 837 946 838
f 837 945 946
f 838 946 947
f 838 947 948
f 838 948 839
f 839 948 949
f 839 949 840
f 842 950 843
f 843 951 952
f 843 952 953
f 843 953 844
f 843 950 951
f 844 953 954
f 844 954 955
f 844 955 956
f 844 956 845
f 845 956 846
f 846 956 955
f 846 955 957
f 846 957 847
f 847 957 848
f 848 958 959
f 848 959 849
f 848 957 958
f 849 959 850
f 850 959 854
f 851 854 960
f 851 960 961
f 851 961 962
f 851 962 963
f 851 963 964
f 851 964 852
f 852 964 855
f 854 959 965
f 854 965 960
f 855 964 966
f 855 966 967
f 855 967 857
f 855 857 856
f 857 967 968
f 857 968 969
f 857 969 858
f 858 969 970
f 858 970 861
f 858 861 859
f 859 861 860
f 861 970 971
f 861 971 972
f 861 972 973
f 861 973 862
f 862 973 974
f 862 974 863
f 863 974 975
f 863 975 864
f 864 975 976
f 864 976 977
f 864 977 939
f 865 929 866
f 866 929 978
f 866 978 868
f 867 979 870
f 867 868 980
f 867 980 979
f 868 978 981
f 868 981 982
f 868 982 980
f 869 870 983
f 869 983 871
f 870 979 983
f 871 983 984
f 871 984 985
f 871 985 986
f 871 986 872
f 872 986 873
f 873 986 987
f 873 987 988
f 873 988 874
f 874 988 989
f 874 989 876
f 874 876 875
f 876 989 990
f 876 990 877
f 877 990 991
f 877 991 881
f 877 881 878
f 879 881 992
f 879 992 993
f 879 993 994
f 879 994 995
f 879 995 880
f 880 995 882
f 881 991 992
f 882 995 994
f 882 994 996
f 882 996 997
f 882 997 998
f 882 998 883
f 883 998 884
f 884 998 999
f 884 999 1000
f 884 1000 885
f 885 1000 1001
f 885 1001 1002
f 885 1002 886
f 886 1002 1003
f 886 1003 887
f 887 1004 1005
f 887 1005 888
f 887 1003 1004
f 888 891 889
f 888 1005 891
f 889 891 890
f 891 1005 1006
f 891 1006 892
f 892 1006 1007
f 892 1007 1008
f 892 1008 893
f 893 1008 894
f 894 1008 1009
f 894 1009 895
f 895 1010 1011
f 895 1011 1012
f 895 1012 896
f 895 1009 1013
f 895 1013 1010
f 896 1012 897
f 897 1012 1014
f 897 1014 1015
f 897 1015 1016
f 897 1016 898
f 898 1016 900
f 898 900 899
f 900 1016 901
f 901 1017 902
f 901 1016 1017
f 902 1018 903
f 902 1017 1016
f 902 1016 1019
f 902 1019 1020
f 902 1020 1018
f 903 1021 904
f 903 1018 1021
f 904 1021 905
f 905 1022 1023
f 905 1023 906
f 905 1021 1022
f 906 1023 1024
f 906 1024 908
f 906 908 907
f 908 1025 1026
f 908 1026 909
f 908 1024 1025
f 909 1026 1027
f 909 1027 911
f 909 911 910
f 911 1027 1028
f 911 1028 1029
f 911 1029 912
f 912 1029 914
f 912 914 913
f 914 1029 915
f 915 1029 916
f 916 1029 1030
f 916 1030 1031
f 916 1031 917
f 917 1031 918
f 918 1031 919
f 919 1031 1032
f 919 1032 1033
f 919 1033 921
f 921 1033 1034
f 921 1034 1035
f 921 1035 922
f 922 1035 1036
f 922 1036 1037
f 924 1038 925
f 925 1038 1039
f 925 1039 1040
f 925 1040 926
f 926 1040 927
f 927 1040 981
f 927 981 928
f 928 981 978
f 928 978 929
f 930 1041 1042
f 930 1042 933
f 930 932 1043
f 930 1043 1044
f 930 1044 1041
f 931 936 1045
f 931 1045 1043
f 931 1043 932
f 933 1042 934
f 934 1042 1046
f 934 1046 943
f 935 938 936
f 936 1047 1045
f 936 938 1047
f 937 939 1048
f 937 1048 1049
f 937 1049 938
f 938 1049 1050
f 938 1050 1047
f 939 1051 1048
f 939 977 1051
f 940 1052 1053
f 940 1053 1054
f 940 1054 1055
f 940 1055 1056
f 940 1056 1057
f 940 1057 941
f 940 943 1052
f 941 1057 1056
f 941 1056 1058
f 941 1058 1059
f 941 1059 942
f 942 1059 1060
f 942 1060 944
f 943 1046 1052
f 944 1060 1061
f 944 1061 946
f 944 946 945
f 946 1062 947
f 946 1061 1062
f 947 1062 1063
f 947 1063 1064
f 947 1064 1065
f 947 1065 1066
f 947 1066 948
f 948 1066 1067
f 948 1067 949
f 952 1068 1069
f 952 1069 954
f 952 954 953
f 954 1069 1070
f 954 1070 1071
f 954 1071 955
f 955 1071 1072
f 955 1072 958
f 955 958 957
f 958 1072 1073
f 958 1073 1074
f 958 1074 959
f 959 1074 965
f 960 965 1075
f 960 1075 961
f 961 1076 1077
f 961 1077 962
f 961 1075 1076
f 962 1077 963
f 963 1078 1079
f 963 1079 1080
f 963 1080 964
f 963 1077 1081
f 963 1081 1078
f 964 1080 966
f 965 1074 1082
f 965 1082 1075
f 966 1080 1083
f 966 1083 967
f 967 1083 968
f 968 1084 1085
f 968 1085 1086
f 968 1086 969
f 968 1083 1087
f 968 1087 1084
f 969 1086 971
f 969 971 970
f 971 1088 1089
f 971 1089 1090
f 971 1090 972
f 971 1086 1088
f 972 1090 1091
f 972 1091 973
f 973 1091 1092
f 973 1092 975
f 973 975 974
f 975 1092 1093
f 975 1093 1051
f 975 1051 976
f 976 1051 977
f 979 1094 983
f 979 980 1095
f 979 1095 1094
f 980 982 1095
f 981 1040 1096
f 981 1096 982
f 982 1096 1097
f 982 1097 1098
f 982 1098 1095
f 983 1094 984
f 984 1094 1099
f 984 1099 985
f 985 1099 1100
f 985 1100 1101
f 985 1101 1102
f 985 1102 986
f 986 1103 1104
f 986 1104 1105
f 986 1105 987
f 986 1102 1103
f 987 1105 988
f 988 1105 989
f 989 1106 990
f 989 1105 1106
f 990 1107 991
f 990 1106 1107
f 991 1108 992
f 991 1107 1108
f 992 1108 1109
f 992 1109 993
f 993 1109 1110
f 993 1110 1111
f 993 1111 994
f 994 1111 996
f 996 1112 997
f 996 1111 1112
f 997 1112 1113
f 997 1113 1114
f 997 1114 999
f 997 999 998
f 999 1114 1115
f 999 1115 1000
f 1000 1115 1001
f 1001 1115 1004
f 1001 1004 1116
f 1001 1116 1003
f 1001 1003 1002
f 1003 1116 1004
f 1004 1115 1117
f 1004 1117 1118
f 1004 1118 1005
f 1005 1118 1119
f 1005 1119 1006
f 1006 1119 1120
f 1006 1120 1007
f 1007 1120 1121
f 1007 1121 1013
f 1007 1013 1008
f 1008 1013 1009
f 1010 1013 1121
f 1010 1121 1122
f 1010 1122 1123
f 1010 1123 1124
f 1010 1124 1011
f 1011 1124 1012
f 1012 1124 1125
f 1012 1125 1014
f 1014 1125 1126
f 1014 1126 1020
f 1014 1020 1015
f 1015 1020 1019
f 1015 1019 1016
f 1018 1020 1127
f 1018 1127 1128
f 1018 1128 1021
f 1020 1126 1127
f 1021 1128 1129
f 1021 1129 1022
f 1022 1130 1023
f 1022 1129 1130
f 1023 1130 1025
f 1023 1025 1024
f 1025 1131 1132
f 1025 1132 1026
f 1025 1130 1133
f 1025 1133 1131
f 1026 1132 1027
f 1027 1134 1028
f 1027 1132 1134
f 1028 1135 1136
f 1028 1136 1137
f 1028 1137 1029
f 1028 1134 1135
f 1029 1137 1138
f 1029 1138 1030
f 1030 1138 1032
f 1030 1032 1031
f 1032 1138 1139
f 1032 1139 1140
f 1032 1140 1033
f 1033 1140 1034
f 1034 1140 1141
f 1034 1141 1142
f 1034 1142 1143
f 1034 1143 1035
f 1035 1143 1036
f 1036 1143 1144
f 1036 1144 1145
f 1036 1145 1037
f 1038 1146 1039
f 1039 1146 1147
f 1039 1147 1096
f 1039 1096 1040
f 1041 1044 1148
f 1041 1148 1149
f 1041 1149 1150
f 1041 1150 1042
f 1042 1150 1046
f 1043 1151 1044
f 1043 1045 1152
f 1043 1152 1151
f 1044 1151 1148
f 1045 1047 1152
f 1046 1150 1153
f 1046 1153 1154
f 1046 1154 1155
f 1046 1155 1053
f 1046 1053 1052
f 1047 1050 1156
f 1047 1156 1152
f 1048 1051 1157
f 1048 1157 1049
f 1049 1158 1159
f 1049 1159 1050
f 1049 1157 1158
f 1050 1159 1156
f 1051 1093 1160
f 1051 1160 1157
f 1053 1155 1154
f 1053 1154 1054
f 1054 1154 1161
f 1054 1161 1162
f 1054 1162 1163
f 1054 1163 1055
f 1055 1163 1164
f 1055 1164 1056
f 1056 1164 1058
f 1058 1164 1165
f 1058 1165 1059
f 1059 1165 1166
f 1059 1166 1061
f 1059 1061 1060
f 1061 1166 1167
f 1061 1167 1168
f 1061 1168 1062
f 1062 1168 1063
f 1063 1168 1064
f 1064 1169 1170
f 1064 1170 1065
f 1064 1168 1169
f 1068 1171 1069
f 1069 1171 1172
f 1069 1172 1070
f 1070 1172 1173
f 1070 1173 1174
f 1070 1174 1071
f 1071 1174 1073
f 1071 1073 1072
f 1073 1174 1175
f 1073 1175 1176
f 1073 1176 1082
f 1073 1082 1074
f 1075 1082 1177
f 1075 1177 1076
f 1076 1178 1179
f 1076 1179 1077
f 1076 1177 1178
f 1077 1179 1081
f 1078 1081 1180
f 1078 1180 1181
f 1078 1181 1079
f 1079 1181 1182
f 1079 1182 1087
f 1079 1087 1083
f 1079 1083 1080
f 1081 1179 1180
f 1082 1176 1177
f 1084 1087 1182
f 1084 1182 1183
f 1084 1183 1184
f 1084 1184 1085
f 1085 1184 1185
f 1085 1185 1086
f 1086 1185 1088
f 1088 1186 1089
f 1088 1185 1187
f 1088 1187 1186
f 1089 1186 1188
f 1089 1188 1090
f 1090 1188 1189
f 1090 1189 1190
f 1090 1190 1091
f 1091 1190 1191
f 1091 1191 1192
f 1091 1192 1092
f 1092 1192 1193
f 1092 1193 1093
f 1093 1193 1160
f 1094 1095 1099
f 1095 1098 1099
f 1096 1147 1097
f 1097 1147 1194
f 1097 1194 1098
f 1098 1195 1196
f 1098 1196 1197
f 1098 1197 1099
f 1098 1194 1195
f 1099 1197 1100
f 1100 1198 1199
f 1100 1199 1101
f 1100 1197 1198
f 1101 1200 1201
f 1101 1201 1202
f 1101 1202 1102
f 1101 1199 1200
f 1102 1202 1103
f 1103 1202 1203
f 1103 1203 1104
f 1104 1204 1205
f 1104 1205 1105
f 1104 1203 1204
f 1105 1205 1106
f 1106 1205 1206
f 1106 1206 1107
f 1107 1206 1207
f 1107 1207 1108
f 1108 1208 1109
f 1108 1207 1208
f 1109 1209 1110
f 1109 1208 1209
f 1110 1210 1211
f 1110 1211 1111
f 1110 1209 1210
f 1111 1211 1112
f 1112 1211 1212
f 1112 1212 1113
f 1113 1212 1213
f 1113 1213 1214
f 1113 1214 1114
f 1114 1214 1215
f 1114 1215 1115
f 1115 1215 1216
f 1115 1216 1217
f 1115 1217 1117
f 1117 1217 1118
f 1118 1217 1218
f 1118 1218 1119
f 1119 1218 1219
f 1119 1219 1120
f 1120 1219 1220
f 1120 1220 1121
f 1121 1220 1122
f 1122 1220 1221
f 1122 1221 1123
f 1123 1221 1222
f 1123 1222 1124
f 1124 1126 1125
f 1124 1222 1223
f 1124 1223 1126
f 1126 1223 1127
f 1127 1223 1224
f 1127 1224 1128
f 1128 1224 1129
f 1129 1224 1133
f 1129 1133 1130
f 1131 1225 1226
f 1131 1226 1132
f 1131 1133 1227
f 1131 1227 1228
f 1131 1228 1229
f 1131 1229 1230
f 1131 1230 1225
f 1132 1226 1231
f 1132 1231 1232
f 1132 1232 1233
f 1132 1233 1134
f 1133 1224 1227
f 1134 1233 1234
f 1134 1234 1135
f 1135 1235 1236
f 1135 1236 1237
f 1135 1237 1136
f 1135 1234 1232
f 1135 1232 1238
f 1135 1238 1239
f 1135 1239 1235
f 1136 1237 1240
f 1136 1240 1137
f 1137 1139 1138
f 1137 1240 1241
f 1137 1241 1139
f 1139 1241 1242
f 1139 1242 1140
f 1140 1242 1243
f 1140 1243 1141
f 1141 1244 1142
f 1141 1243 1244
f 1142 1244 1245
f 1142 1245 1246
f 1142 1246 1143
f 1143 1246 1144
f 1144 1247 1145
f 1144 1246 1248
f 1144 1248 1247
f 1146 1249 1147
f 1147 1250 1194
f 1147 1249 1250
f 1148 1151 1251
f 1148 1251 1252
f 1148 1252 1253
f 1148 1253 1254
f 1148 1254 1149
f 1149 1254 1255
f 1149 1255 1150
f 1150 1255 1153
f 1151 1152 1256
f 1151 1256 1251
f 1152 1156 1257
f 1152 1257 1256
f 1153 1255 1258
f 1153 1258 1259
f 1153 1259 1154
f 1154 1259 1161
f 1156 1159 1257
f 1157 1160 1260
f 1157 1260 1158
f 1158 1260 1159
f 1159 1261 1262
f 1159 1262 1256
f 1159 1256 1257
f 1159 1260 1261
f 1160 1193 1263
f 1160 1263 1264
f 1160 1264 1265
f 1160 1265 1266
f 1160 1266 1260
f 1161 1267 1268
f 1161 1268 1269
f 1161 1269 1162
f 1161 1259 1270
f 1161 1270 1267
f 1162 1269 1271
f 1162 1271 1163
f 1163 1271 1272
f 1163 1272 1273
f 1163 1273 1164
f 1164 1273 1274
f 1164 1274 1165
f 1165 1274 1275
f 1165 1275 1167
f 1165 1167 1166
f 1167 1275 1168
f 1168 1275 1276
f 1168 1276 1277
f 1168 1277 1169
f 1169 1277 1278
f 1169 1278 1279
f 1169 1279 1280
f 1169 1280 1170
f 1171 1281 1172
f 1172 1281 1173
f 1173 1281 1282
f 1173 1282 1283
f 1173 1283 1284
f 1173 1284 1285
f 1173 1285 1174
f 1174 1285 1286
f 1174 1286 1175
f 1175 1286 1287
f 1175 1287 1288
f 1175 1288 1289
f 1175 1289 1177
f 1175 1177 1176
f 1177 1289 1178
f 1178 1290 1291
f 1178 1291 1179
f 1178 1289 1288
f 1178 1288 1290
f 1179 1291 1292
f 1179 1292 1293
f 1179 1293 1180
f 1180 1293 1181
f 1181 1294 1182
f 1181 1293 1294
f 1182 1294 1183
f 1183 1236 1295
f 1183 1295 1184
f 1183 1294 1236
f 1184 1295 1187
f 1184 1187 1185
f 1186 1296 1297
f 1186 1297 1298
f 1186 1298 1188
f 1186 1187 1296
f 1187 1295 1239
f 1187 1239 1296
f 1188 1298 1299
f 1188 1299 1189
f 1189 1299 1300
f 1189 1300 1301
f 1189 1301 1302
f 1189 1302 1190
f 1190 1302 1303
f 1190 1303 1304
f 1190 1304 1191
f 1191 1304 1264
f 1191 1264 1263
f 1191 1263 1193
f 1191 1193 1192
f 1194 1250 1305
f 1194 1305 1306
f 1194 1306 1195
f 1195 1306 1196
f 1196 1306 1307
f 1196 1307 1308
f 1196 1308 1197
f 1197 1308 1198
f 1198 1309 1310
f 1198 1310 1311
f 1198 1311 1199
f 1198 1308 1312
f 1198 1312 1313
f 1198 1313 1309
f 1199 1311 1201
f 1199 1201 1200
f 1201 1311 1314
f 1201 1314 1315
f 1201 1315 1202
f 1202 1315 1203
f 1203 1315 1316
f 1203 1316 1204
f 1204 1316 1317
f 1204 1317 1318
f 1204 1318 1205
f 1205 1318 1206
f 1206 1318 1319
f 1206 1319 1207
f 1207 1319 1320
f 1207 1320 1208
f 1208 1320 1321
f 1208 1321 1209
f 1209 1321 1322
f 1209 1322 1210
f 1210 1322 1323
f 1210 1323 1324
f 1210 1324 1211
f 1211 1324 1212
f 1212 1325 1213
f 1212 1324 1325
f 1213 1326 1327
f 1213 1327 1214
f 1213 1325 1326
f 1214 1327 1328
f 1214 1328 1215
f 1215 1328 1329
f 1215 1329 1216
f 1216 1329 1330
f 1216 1330 1331
f 1216 1331 1217
f 1217 1331 1218
f 1218 1332 1333
f 1218 1333 1219
f 1218 1331 1330
f 1218 1330 1332
f 1219 1333 1334
f 1219 1334 1220
f 1220 1334 1335
f 1220 1335 1221
f 1221 1336 1222
f 1221 1335 1336
f 1222 1336 1337
f 1222 1337 1224
f 1222 1224 1223
f 1224 1337 1227
f 1225 1338 1339
f 1225 1339 1340
f 1225 1340 1341
f 1225 1341 1342
f 1225 1342 1343
f 1225 1343 1226
f 1225 1230 1344
f 1225 1344 1345
f 1225 1345 1346
f 1225 1346 1338
f 1226 1343 1342
f 1226 1342 1231
f 1227 1337 1336
f 1227 1336 1228
f 1228 1336 1229
f 1229 1344 1230
f 1229 1336 1347
f 1229 1347 1348
f 1229 1348 1344
f 1231 1342 1232
f 1232 1342 1238
f 1232 1234 1233
f 1235 1295 1236
f 1235 1239 1295
f 1236 1294 1349
f 1236 1349 1237
f 1237 1349 1350
f 1237 1350 1240
f 1238 1342 1297
f 1238 1297 1296
f 1238 1296 1239
f 1240 1350 1351
f 1240 1351 1241
f 1241 1351 1290
f 1241 1290 1352
f 1241 1352 1242
f 1242 1352 1243
f 1243 1352 1353
f 1243 1353 1244
f 1244 1353 1354
f 1244 1354 1245
f 1245 1354 1284
f 1245 1284 1355
f 1245 1355 1356
f 1245 1356 1246
f 1246 1356 1248
f 1247 1248 1357
f 1248 1356 1358
f 1248 1358 1359
f 1248 1359 1357
f 1249 1360 1250
f 1250 1360 1305
f 1251 1256 1361
f 1251 1361 1252
f 1252 1361 1362
f 1252 1362 1363
f 1252 1363 1254
f 1252 1254 1253
f 1254 1363 1258
f 1254 1258 1255
f 1256 1262 1361
f 1258 1364 1259
f 1258 1363 1365
f 1258 1365 1364
f 1259 1364 1270
f 1260 1266 1261
f 1261 1366 1262
f 1261 1266 1366
f 1262 1366 1367
f 1262 1367 1362
f 1262 1362 1361
f 1264 1303 1368
f 1264 1368 1369
f 1264 1369 1370
f 1264 1370 1265
f 1264 1304 1303
f 1265 1370 1266
f 1266 1370 1371
f 1266 1371 1366
f 1267 1372 1268
f 1267 1270 1373
f 1267 1373 1374
f 1267 1374 1372
f 1268 1372 1375
f 1268 1375 1269
f 1269 1375 1376
f 1269 1376 1271
f 1270 1364 1377
f 1270 1377 1373
f 1271 1376 1378
f 1271 1378 1272
f 1272 1378 1379
f 1272 1379 1380
f 1272 1380 1273
f 1273 1380 1274
f 1274 1380 1381
f 1274 1381 1275
f 1275 1381 1276
f 1276 1381 1382
f 1276 1382 1383
f 1276 1383 1277
f 1277 1383 1384
f 1277 1384 1385
f 1277 1385 1278
f 1281 1386 1282
f 1282 1387 1283
f 1282 1386 1387
f 1283 1387 1388
f 1283 1388 1355
f 1283 1355 1284
f 1284 1354 1286
f 1284 1286 1285
f 1286 1354 1287
f 1287 1354 1288
f 1288 1354 1353
f 1288 1353 1352
f 1288 1352 1290
f 1290 1351 1291
f 1291 1351 1350
f 1291 1350 1292
f 1292 1350 1293
f 1293 1350 1349
f 1293 1349 1294
f 1297 1342 1341
f 1297 1341 1298
f 1298 1341 1389
f 1298 1389 1299
f 1299 1389 1300
f 1300 1340 1390
f 1300 1390 1301
f 1300 1389 1340
f 1301 1391 1302
f 1301 1390 1392
f 1301 1392 1393
f 1301 1393 1391
f 1302 1391 1394
f 1302 1394 1303
f 1303 1394 1369
f 1303 1369 1368
f 1305 1360 1395
f 1305 1395 1396
f 1305 1396 1306
f 1306 1396 1307
f 1307 1397 1308
f 1307 1396 1398
f 1307 1398 1397
f 1308 1397 1312
f 1309 1399 1400
f 1309 1400 1310
f 1309 1313 1397
f 1309 1397 1401
f 1309 1401 1402
f 1309 1402 1399
f 1310 1400 1314
f 1310 1314 1311
f 1312 1397 1313
f 1314 1403 1315
f 1314 1400 1403
f 1315 1404 1316
f 1315 1403 1404
f 1316 1404 1317
f 1317 1405 1406
f 1317 1406 1318
f 1317 1404 1407
f 1317 1407 1405
f 1318 1406 1319
f 1319 1406 1320
f 1320 1408 1409
f 1320 1409 1321
f 1320 1406 1410
f 1320 1410 1408
f 1321 1409 1322
f 1322 1411 1412
f 1322 1412 1323
f 1322 1409 1411
f 1323 1413 1414
f 1323 1414 1324
f 1323 1412 1413
f 1324 1414 1325
f 1325 1414 1415
f 1325 1415 1326
f 1326 1415 1416
f 1326 1416 1417
f 1326 1417 1327
f 1327 1417 1418
f 1327 1418 1328
f 1328 1418 1419
f 1328 1419 1420
f 1328 1420 1329
f 1329 1420 1330
f 1330 1420 1419
f 1330 1419 1421
f 1330 1421 1332
f 1332 1421 1333
f 1333 1421 1422
f 1333 1422 1334
f 1334 1422 1423
f 1334 1423 1424
f 1334 1424 1335
f 1335 1424 1347
f 1335 1347 1336
f 1338 1425 1339
f 1338 1346 1425
f 1339 1390 1340
f 1339 1425 1426
f 1339 1426 1427
f 1339 1427 1390
f 1340 1389 1341
f 1344 1348 1345
f 1345 1348 1423
f 1345 1423 1346
f 1346 1423 1428
f 1346 1428 1429
f 1346 1429 1430
f 1346 1430 1431
f 1346 1431 1425
f 1347 1424 1348
f 1348 1424 1423
f 1355 1388 1356
f 1356 1388 1358
f 1358 1388 1432
f 1362 1367 1433
f 1362 1433 1363
f 1363 1434 1365
f 1363 1433 1434
f 1364 1365 1435
f 1364 1435 1377
f 1365 1434 1435
f 1366 1371 1436
f 1366 1436 1367
f 1367 1436 1437
f 1367 1437 1433
f 1369 1391 1393
f 1369 1393 1438
f 1369 1438 1439
f 1369 1439 1370
f 1369 1394 1391
f 1370 1439 1440
f 1370 1440 1371
f 1371 1440 1441
f 1371 1441 1436
f 1372 1442 1443
f 1372 1443 1375
f 1372 1374 1444
f 1372 1444 1442
f 1373 1377 1435
f 1373 1435 1445
f 1373 1445 1446
f 1373 1446 1447
f 1373 1447 1374
f 1374 1447 1448
f 1374 1448 1444
f 1375 1443 1449
f 1375 1449 1376
f 1376 1449 1450
f 1376 1450 1378
f 1378 1450 1379
f 1379 1451 1452
f 1379 1452 1380
f 1379 1450 1451
f 1380 1452 1453
f 1380 1453 1381
f 1381 1453 1382
f 1382 1453 1454
f 1382 1454 1455
f 1382 1455 1383
f 1383 1455 1384
f 1384 1455 1456
f 1387 1432 1388
f 1390 1427 1392
f 1392 1457 1458
f 1392 1458 1459
f 1392 1459 1393
f 1392 1427 1460
f 1392 1460 1457
f 1393 1459 1461
f 1393 1461 1462
f 1393 1462 1438
f 1395 1463 1396
f 1396 1463 1398
f 1397 1398 1464
f 1397 1464 1401
f 1399 1402 1465
f 1399 1465 1400
f 1400 1466 1467
f 1400 1467 1468
f 1400 1468 1403
f 1400 1465 1469
f 1400 1469 1466
f 1401 1464 1470
f 1401 1470 1471
f 1401 1471 1402
f 1402 1471 1472
f 1402 1472 1465
f 1403 1468 1473
f 1403 1473 1404
f 1404 1473 1407
f 1405 1410 1406
f 1405 1407 1474
f 1405 1474 1475
f 1405 1475 1476
f 1405 1476 1410
f 1407 1473 1474
f 1408 1410 1476
f 1408 1476 1477
f 1408 1477 1478
f 1408 1478 1409
f 1409 1478 1411
f 1411 1479 1480
f 1411 1480 1413
f 1411 1413 1412
f 1411 1478 1479
f 1413 1480 1481
f 1413 1481 1482
f 1413 1482 1414
f 1414 1482 1415
f 1415 1482 1416
f 1416 1483 1417
f 1416 1482 1484
f 1416 1484 1485
f 1416 1485 1483
f 1417 1486 1418
f 1417 1483 1487
f 1417 1487 1488
f 1417 1488 1486
f 1418 1486 1489
f 1418 1489 1490
f 1418 1490 1491
f 1418 1491 1421
f 1418 1421 1419
f 1421 1491 1492
f 1421 1492 1429
f 1421 1429 1428
f 1421 1428 1422
f 1422 1428 1423
f 1425 1431 1493
f 1425 1493 1489
f 1425 1489 1426
f 1426 1489 1494
f 1426 1494 1495
f 1426 1495 1496
f 1426 1496 1427
f 1427 1496 1460
f 1429 1492 1430
f 1430 1497 1431
f 1430 1492 1497
f 1431 1497 1493
f 1433 1437 1434
f 1434 1437 1498
f 1434 1498 1499
f 1434 1499 1435
f 1435 1499 1445
f 1436 1441 1500
f 1436 1500 1501
f 1436 1501 1498
f 1436 1498 1437
f 1438 1440 1439
f 1438 1462 1502
f 1438 1502 1500
f 1438 1500 1441
f 1438 1441 1440
f 1442 1444 1503
f 1442 1503 1504
f 1442 1504 1443
f 1443 1504 1449
f 1444 1505 1503
f 1444 1448 1505
f 1445 1499 1446
f 1446 1506 1447
f 1446 1499 1507
f 1446 1507 1508
f 1446 1508 1506
f 1447 1506 1448
f 1448 1506 1509
f 1448 1509 1505
f 1449 1510 1450
f 1449 1504 1510
f 1450 1510 1451
f 1451 1510 1511
f 1451 1511 1512
f 1451 1512 1513
f 1451 1513 1452
f 1452 1513 1453
f 1453 1513 1454
f 1454 1514 1515
f 1454 1515 1516
f 1454 1516 1455
f 1454 1513 1514
f 1455 1516 1517
f 1455 1517 1456
f 1457 1460 1458
f 1458 1460 1518
f 1458 1518 1519
f 1458 1519 1520
f 1458 1520 1461
f 1458 1461 1459
f 1460 1496 1518
f 1461 1520 1462
f 1462 1520 1502
f 1465 1521 1469
f 1465 1472 1522
f 1465 1522 1523
f 1465 1523 1521
f 1466 1469 1521
f 1466 1521 1524
f 1466 1524 1525
f 1466 1525 1467
f 1467 1526 1473
f 1467 1473 1468
f 1467 1525 1526
f 1473 1526 1527
f 1473 1527 1474
f 1474 1527 1475
f 1475 1528 1529
f 1475 1529 1476
f 1475 1527 1530
f 1475 1530 1528
f 1476 1531 1532
f 1476 1532 1477
f 1476 1529 1531
f 1477 1532 1533
f 1477 1533 1534
f 1477 1534 1479
f 1477 1479 1478
f 1479 1534 1535
f 1479 1535 1536
f 1479 1536 1537
f 1479 1537 1538
f 1479 1538 1480
f 1480 1538 1481
f 1481 1538 1539
f 1481 1539 1540
f 1481 1540 1484
f 1481 1484 1482
f 1483 1485 1487
f 1484 1540 1485
f 1485 1506 1541
f 1485 1541 1488
f 1485 1488 1487
f 1485 1540 1506
f 1486 1488 1542
f 1486 1542 1489
f 1488 1541 1496
f 1488 1496 1495
f 1488 1495 1542
f 1489 1542 1494
f 1489 1493 1497
f 1489 1497 1490
f 1490 1497 1492
f 1490 1492 1491
f 1494 1542 1495
f 1496 1541 1518
f 1498 1507 1499
f 1498 1501 1507
f 1500 1543 1501
f 1500 1502 1543
f 1501 1543 1544
f 1501 1544 1507
f 1502 1520 1543
f 1503 1545 1504
f 1503 1505 1545
f 1504 1545 1546
f 1504 1546 1510
f 1505 1509 1537
f 1505 1537 1547
f 1505 1547 1545
f 1506 1508 1541
f 1506 1540 1509
f 1507 1544 1548
f 1507 1548 1508
f 1508 1548 1541
f 1509 1540 1539
f 1509 1539 1549
f 1509 1549 1537
f 1510 1550 1511
f 1510 1546 1550
f 1511 1551 1512
f 1511 1550 1551
f 1512 1551 1552
f 1512 1552 1514
f 1512 1514 1513
f 1514 1553 1515
f 1514 1552 1553
f 1515 1553 1554
f 1515 1554 1516
f 1516 1554 1555
f 1516 1555 1556
f 1516 1556 1517
f 1518 1548 1557
f 1518 1557 1520
f 1518 1520 1519
f 1518 1541 1548
f 1520 1557 1543
f 1521 1523 1558
f 1521 1558 1559
f 1521 1559 1560
f 1521 1560 1524
f 1524 1561 1525
f 1524 1560 1561
f 1525 1561 1526
f 1526 1562 1527
f 1526 1561 1562
f 1527 1562 1530
f 1528 1563 1564
f 1528 1564 1565
f 1528 1565 1529
f 1528 1530 1563
f 1529 1565 1531
f 1530 1562 1566
f 1530 1566 1567
f 1530 1567 1563
f 1531 1568 1569
f 1531 1569 1570
f 1531 1570 1533
f 1531 1533 1532
f 1531 1565 1568
f 1533 1570 1535
f 1533 1535 1534
f 1535 1570 1571
f 1535 1571 1572
f 1535 1572 1536
f 1536 1573 1537
f 1536 1572 1573
f 1537 1573 1547
f 1537 1549 1539
f 1537 1539 1574
f 1537 1574 1538
f 1538 1574 1575
f 1538 1575 1539
f 1539 1575 1574
f 1543 1557 1544
f 1544 1557 1548
f 1545 1573 1576
f 1545 1576 1546
f 1545 1547 1573
f 1546 1576 1577
f 1546 1577 1550
f 1550 1577 1551
f 1551 1578 1579
f 1551 1579 1552
f 1551 1577 1578
f 1552 1579 1580
f 1552 1580 1581
f 1552 1581 1553
f 1553 1581 1582
f 1553 1582 1554
f 1554 1582 1555
f 1559 1583 1560
f 1560 1583 1584
f 1560 1584 1585
f 1560 1585 1561
f 1561 1586 1562
f 1561 1585 1586
f 1562 1586 1566
f 1563 1587 1588
f 1563 1588 1589
f 1563 1589 1564
f 1563 1567 1587
f 1564 1589 1568
f 1564 1568 1565
f 1566 1586 1590
f 1566 1590 1567
f 1567 1590 1591
f 1567 1591 1587
f 1568 1589 1592
f 1568 1592 1569
f 1569 1593 1571
f 1569 1571 1570
f 1569 1592 1593
f 1571 1576 1573
f 1571 1573 1572
f 1571 1593 1594
f 1571 1594 1595
f 1571 1595 1596
f 1571 1596 1576
f 1576 1596 1597
f 1576 1597 1577
f 1577 1597 1578
f 1578 1597 1598
f 1578 1598 1599
f 1578 1599 1579
f 1579 1599 1580
f 1580 1599 1600
f 1580 1600 1581
f 1581 1600 1601
f 1581 1601 1602
f 1581 1602 1582
f 1584 1603 1585
f 1585 1603 1604
f 1585 1604 1586
f 1586 1604 1605
f 1586 1605 1606
f 1586 1606 1590
f 1587 1591 1607
f 1587 1607 1608
f 1587 1608 1609
f 1587 1609 1588
f 1588 1609 1610
f 1588 1610 1589
f 1589 1610 1611
f 1589 1611 1592
f 1590 1606 1591
f 1591 1606 1612
f 1591 1612 1607
f 1592 1611 1594
f 1592 1594 1593
f 1594 1611 1610
f 1594 1610 1613
f 1594 1613 1595
f 1595 1613 1614
f 1595 1614 1596
f 1596 1614 1615
f 1596 1615 1597
f 1597 1615 1598
f 1598 1615 1616
f 1598 1616 1617
f 1598 1617 1599
f 1599 1617 1618
f 1599 1618 1619
f 1599 1619 1600
f 1600 1619 1601
f 1601 1619 1620
f 1601 1620 1602
f 1605 1621 1622
f 1605 1622 1606
f 1606 1622 1612
f 1607 1623 1608
f 1607 1612 1624
f 1607 1624 1625
f 1607 1625 1623
f 1608 1626 1616
f 1608 1616 1609
f 1608 1623 1626
f 1609 1616 1613
f 1609 1613 1610
f 1612 1622 1624
f 1613 1616 1614
f 1614 1616 1615
f 1616 1626 1617
f 1617 1626 1627
f 1617 1627 1618
f 1618 1627 1628
f 1618 1628 1619
f 1619 1628 1629
f 1619 1629 1630
f 1619 1630 1620
f 1621 1631 1622
f 1622 1631 1624
f 1623 1625 1632
f 1623 1632 1633
f 1623 1633 1627
f 1623 1627 1626
f 1624 1631 1634
f 1624 1634 1625
f 1625 1634 1635
f 1625 1635 1632
f 1627 1633 1628
f 1628 1633 1636
f 1628 1636 1629
f 1632 1635 1637
f 1632 1637 1638
f 1632 1638 1633
f 1633 1638 1636

