# https://github.com/mikedh/trimesh

o tool_055_meters.ply
v 0.04646012 0.02293606 -0.00141831
v -0.05815406 0.02350359 -0.00164146
v -0.04994392 0.01817851 -0.00059446
v -0.00314439 0.01359594 -0.00099723
v -0.05916913 0.02344712 -0.00164192
v -0.04744967 -0.00819942 -0.00191343
v -0.05836616 0.02475914 -0.00166450
v 0.01762964 0.02955134 -0.00191068
v -0.05938127 0.02470284 -0.00166511
v -0.02435012 0.01832011 -0.00054164
v -0.00935164 0.01978610 -0.00137989
v -0.00772379 0.02302854 -0.00057911
v -0.04811327 0.00020267 -0.00149620
v -0.02438180 0.01772829 -0.00142393
v 0.01861578 0.02953559 -0.00218778
v 0.02248723 0.02537775 -0.00146076
v 0.02228022 0.02661940 -0.00146485
v 0.02350386 0.02542989 -0.00145448
v -0.05136803 0.02059196 -0.00058470
v 0.02329907 0.02666556 -0.00145039
v -0.05237920 0.02052492 -0.00057069
v 0.01682799 0.02948458 -0.00047492
v -0.05157328 0.02182893 -0.00058235
v 0.01609178 0.02824777 0.00008541
v -0.05164113 0.02133557 -0.00159892
v -0.00953487 0.02785179 -0.00047718
v -0.05257915 0.02174745 -0.00054866
v -0.05265834 0.02128498 -0.00160734
v 0.01706688 0.02842964 -0.00004383
v -0.00329708 0.01468979 -0.00079972
v -0.04669607 0.02332863 -0.00055128
v -0.03944314 0.02196599 -0.00152977
v -0.03571475 0.01891898 -0.00052055
v -0.05879201 0.02727484 -0.00171678
v 0.02413730 0.02788157 -0.00134199
v -0.05980990 0.02722607 -0.00172767
v 0.02458399 0.02863685 -0.00064716
v -0.05959284 0.02595700 -0.00168626
v 0.02515352 0.02799072 -0.00127427
v 0.02440810 0.02691895 -0.00059046
v -0.03009996 -0.02777632 -0.00118635
v 0.02516284 0.02790948 -0.00130268
v 0.02538090 0.02714188 -0.00068897
v -0.02931612 -0.02641227 -0.00127989
v 0.02517817 0.02854586 -0.00048118
v -0.03028782 -0.02658677 -0.00111930
v 0.02534277 0.02782363 -0.00017884
v -0.03033876 -0.02644805 -0.00130851
v -0.01583651 0.02255581 -0.00055366
v -0.03007264 -0.02164013 -0.00103086
v -0.00620048 0.01368217 -0.00078437
v -0.04588228 0.00597925 -0.00069545
v 0.00789938 0.02075940 -0.00139134
v 0.00286579 0.00794231 -0.00134638
v -0.00634144 0.01451817 -0.00079789
v 0.00387851 0.00800510 -0.00135462
v 0.03498955 0.00607066 -0.00096101
v 0.00658344 -0.00809644 -0.00116117
v 0.00646186 -0.00716573 -0.00093635
v 0.01396048 0.02738844 -0.00144361
v 0.01418739 0.02677060 -0.00060090
v -0.04105433 0.01935625 -0.00150407
v 0.00645145 -0.00713734 -0.00097508
v 0.01497864 0.02743642 -0.00143162
v 0.01520418 0.02682237 -0.00059409
v -0.04912241 0.01944006 -0.00054823
v 0.01380144 0.02296702 -0.00055891
v -0.04207598 0.01931773 -0.00152897
v -0.01549975 -0.01077047 -0.00110188
v 0.00546312 -0.00726658 -0.00087620
v 0.00573667 0.00305372 -0.00128175
v 0.00559969 -0.00812360 -0.00091618
v -0.01622314 -0.01229913 -0.00078376
v -0.00831872 0.02047202 -0.00054859
v 0.00541892 -0.00714621 -0.00104042
v -0.04126222 0.02060039 -0.00151149
v -0.01633371 -0.01199808 -0.00119438
v -0.01644273 -0.01102318 -0.00083464
v 0.04546024 0.02283824 -0.00136231
v -0.01530751 -0.01197195 -0.00115260
v -0.01542551 -0.01097261 -0.00082618
v 0.05557882 0.02348997 -0.00147706
v -0.02719016 0.02312475 -0.00049177
v -0.04228600 0.02056767 -0.00154426
v 0.02293825 0.01658289 -0.00136894
v 0.00549118 0.01749957 -0.00055635
v 0.04280438 0.02093081 -0.00068244
v 0.01416412 0.02615588 -0.00145191
v -0.02403124 0.02783888 -0.00154341
v -0.01013677 -0.00573893 -0.00074214
v 0.00488740 -0.00366478 -0.00072044
v 0.01517418 0.02622598 -0.00147016
v -0.02820324 0.02306293 -0.00048490
v 0.03892856 0.02505732 -0.00147453
v 0.02609269 0.02881540 -0.00092252
v 0.02707910 0.02879482 -0.00120323
v 0.02626881 0.02771845 -0.00096470
v -0.01005019 -0.00665277 -0.00118522
v 0.02632037 0.02796103 -0.00034135
v 0.02726749 0.02781946 -0.00102503
v 0.04177021 0.02092638 -0.00075382
v -0.02619650 -0.01402435 -0.00089433
v 0.01437312 0.02490878 -0.00144047
v -0.04996266 -0.00040236 -0.00082582
v 0.01439148 0.02553682 -0.00060761
v 0.01538772 0.02496646 -0.00144172
v 0.01542340 0.02554739 -0.00054463
v -0.02800862 0.02185491 -0.00052671
v -0.04526075 0.01467402 -0.00057332
v 0.05457973 0.02339008 -0.00141822
v -0.02628144 -0.01379307 -0.00120982
v 0.04583662 0.02045729 -0.00149381
v -0.01115538 -0.00578571 -0.00075578
v 0.04258096 0.02221716 -0.00074748
v -0.02745066 0.02383403 -0.00145918
v 0.01461242 0.02425720 -0.00055177
v 0.04685939 0.02049276 -0.00146479
v 0.02548183 0.00152027 -0.00109831
v 0.01563026 0.02430609 -0.00054099
v -0.02865565 0.01876219 -0.00145430
v 0.06404360 0.02218757 -0.00077463
v -0.00690903 0.02430843 -0.00055790
v 0.00164012 0.01534805 -0.00131047
v -0.01095797 -0.00700131 -0.00078721
v -0.00834437 0.01986379 -0.00140843
v 0.00709505 0.01945112 -0.00137382
v -0.00753510 -0.01542708 -0.00096656
v -0.05100649 -0.00038046 -0.00093309
v 0.02548910 0.00150052 -0.00107133
v 0.05356119 0.02334301 -0.00143143
v -0.02724685 0.02260100 -0.00146693
v -0.02467618 -0.00495655 -0.00120359
v -0.02454674 -0.00572225 -0.00118892
v -0.01106427 -0.00671187 -0.00118199
v 0.04259960 0.02148836 -0.00144291
v 0.02555746 0.00063636 -0.00158213
v -0.00650693 -0.01540631 -0.00091746
v -0.02456775 -0.00534669 -0.00090791
v -0.03254795 -0.02539532 -0.00120973
v -0.01220411 -0.01817176 -0.00098906
v 0.02445916 0.00148462 -0.00112705
v 0.00182015 0.01442337 -0.00113178
v 0.04156715 0.02215735 -0.00074329
v -0.01024212 -0.00545207 -0.00113337
v 0.03956072 0.01576929 -0.00071006
v 0.02447321 0.00144633 -0.00107484
v -0.05054678 0.00322234 -0.00070125
v -0.00670165 0.02306573 -0.00055244
v -0.03250654 -0.02550810 -0.00105589
v 0.04305532 0.01268076 -0.00133369
v -0.02826330 0.02254838 -0.00147251
v -0.04651515 0.00905858 -0.00151649
v 0.02459776 0.00042918 -0.00137699
v -0.02537693 0.01829565 -0.00058570
v -0.02990659 -0.02277031 -0.00117884
v 0.04409182 0.01267882 -0.00125364
v -0.04506392 0.00724939 -0.00066093
v -0.04343565 0.00981257 -0.00062312
v -0.03858376 -0.00725067 -0.00084791
v 0.04096147 0.02516261 -0.00146336
v -0.02539315 0.01766175 -0.00141056
v 0.04158414 0.02143303 -0.00144483
v -0.01126742 -0.00548064 -0.00117186
v -0.00305875 0.01889530 -0.00138990
v -0.00619628 0.01344481 -0.00102339
v 0.03205579 0.02402871 -0.00061350
v 0.01234156 0.02479977 -0.00144660
v 0.01217781 0.02039116 -0.00057942
v -0.04587498 0.02459125 -0.00050654
v -0.02070140 0.02102258 -0.00053901
v -0.00303490 0.01950846 -0.00053672
v -0.03837627 -0.00849371 -0.00084193
v -0.02495897 0.02822275 -0.00045497
v -0.00204218 0.01894762 -0.00138386
v 0.00568784 -0.00234590 -0.00075236
v 0.01213781 0.02603259 -0.00143861
v -0.00655548 0.02752223 -0.00148490
v 0.02313507 0.01604698 -0.00063801
v 0.02314995 0.01532839 -0.00134736
v -0.03850873 -0.00813308 -0.00133384
v -0.05075500 0.00446736 -0.00070988
v 0.01238231 0.01915626 -0.00058457
v 0.03225108 0.02281889 -0.00065290
v -0.05724813 0.01900270 -0.00057103
v -0.00201849 0.01956119 -0.00053123
v -0.00282561 0.01826049 -0.00052406
v 0.03103467 0.02398872 -0.00063639
v -0.02073539 0.02043701 -0.00142982
v 0.01315096 0.02609421 -0.00144523
v -0.03267359 0.01909925 -0.00053422
v -0.00553919 0.02757533 -0.00147993
v -0.00182054 0.01834416 -0.00056077
v 0.01116747 0.02032190 -0.00056239
v -0.00634078 0.02625955 -0.00145219
v 0.00649820 0.01689980 -0.00135038
v -0.03940356 -0.00851685 -0.00088780
v -0.02171341 0.02095781 -0.00052812
v -0.05178852 0.00446117 -0.00077885
v -0.00629868 0.02682301 -0.00053126
v -0.04799627 -0.00829026 -0.00183287
v -0.03952371 -0.00818974 -0.00133397
v 0.01136628 0.01910246 -0.00058860
v 0.03509840 0.01799441 -0.00067567
v -0.05176468 0.02302814 -0.00052852
v 0.03124542 0.02273681 -0.00061833
v -0.00916444 0.01859828 -0.00144929
v -0.00532828 0.02632297 -0.00146131
v -0.00528727 0.02688941 -0.00054438
v 0.01885002 0.02264391 -0.00142060
v -0.02175395 0.02039007 -0.00144319
v 0.03182505 0.02465698 -0.00147041
v -0.03368879 0.01904318 -0.00053517
v -0.03468650 0.02515011 -0.00041722
v -0.03270592 -0.02428711 -0.00103175
v 0.01195460 0.02099890 -0.00140833
v 0.00711439 0.02007654 -0.00053736
v -0.02744221 -0.00680150 -0.00120051
v -0.05806968 0.01774123 -0.00061738
v 0.03203715 0.02340136 -0.00144730
v -0.00813009 0.02481291 -0.00132334
v 0.01886764 0.02327403 -0.00059059
v -0.01400836 -0.00715647 -0.00080784
v -0.02093946 0.02167076 -0.00142308
v 0.00548088 0.01684949 -0.00135920
v 0.00264903 0.01542122 -0.00133280
v -0.02648923 -0.00633856 -0.00116294
v 0.01985998 0.02271428 -0.00143916
v -0.05096546 0.00571843 -0.00072679
v 0.01216583 0.01974569 -0.00138853
v 0.00691448 0.00266703 -0.00067695
v -0.04018454 0.02116440 -0.00051390
v -0.02987980 -0.02284324 -0.00107939
v 0.01399468 0.02176277 -0.00060587
v 0.03081198 0.02459509 -0.00146342
v 0.01965531 0.02394963 -0.00143464
v -0.03272957 -0.02422277 -0.00111952
v 0.04725443 0.01873906 -0.00076234
v 0.00711817 0.00143431 -0.00068507
v -0.04918777 0.01893994 -0.00155555
v 0.01906188 0.02206707 -0.00063386
v 0.00558483 -0.00206543 -0.00113490
v -0.05713980 0.02356219 -0.00164406
v -0.03748474 -0.00810090 -0.00130027
v 0.00696061 0.00186336 -0.00127024
v 0.02007492 0.02212903 -0.00064094
v -0.05734933 0.02481080 -0.00165754
v 0.03102245 0.02334393 -0.00144639
v -0.01502270 -0.00721488 -0.00080561
v 0.03753389 0.01564741 -0.00069865
v 0.01987334 0.02335598 -0.00062495
v -0.02194751 0.02159518 -0.00139741
v -0.00852589 0.02171413 -0.00055323
v -0.05612895 0.02363012 -0.00165925
v -0.03755908 -0.00722041 -0.00081175
v -0.03217966 -0.01533299 -0.00126341
v 0.00590958 0.00258291 -0.00063960
v -0.03769263 -0.00685680 -0.00130769
v -0.03646912 -0.00804597 -0.00129780
v 0.00579611 -0.00331880 -0.00111488
v -0.05633287 0.02486343 -0.00165193
v 0.00877488 0.00324204 -0.00130635
v 0.00279321 0.01464170 -0.00123374
v -0.01420012 -0.00595625 -0.00075538
v 0.01115416 0.01968003 -0.00137638
v 0.01308150 0.00279703 -0.00038972
v 0.00651500 0.01753215 -0.00052336
v 0.00594755 0.00180144 -0.00126319
v -0.03654838 -0.00715209 -0.00082753
v -0.01431697 -0.00563810 -0.00118931
v -0.03668837 -0.00677091 -0.00134739
v 0.00609919 0.00138855 -0.00070008
v 0.05434770 0.02469989 -0.00151527
v -0.05186296 -0.00107481 -0.00057695
v 0.01220247 0.00188621 -0.00043070
v -0.05193532 -0.00084149 -0.00038640
v -0.05193229 -0.00067997 -0.00060203
v -0.03735615 -0.00845105 -0.00082270
v -0.03635961 -0.00834414 -0.00089113
v -0.01410351 -0.00689741 -0.00116120
v -0.04647627 0.00963080 -0.00060749
v 0.00688065 0.02071297 -0.00140537
v 0.04284072 0.01394318 -0.00136607
v 0.00777076 0.00315582 -0.00126615
v -0.03376764 0.02479044 -0.00153868
v -0.01553935 -0.00445201 -0.00119502
v -0.01521776 -0.00600569 -0.00076539
v 0.04281035 0.01470389 -0.00071415
v -0.05177341 0.01684127 -0.00061488
v -0.02476578 0.02701866 -0.00050212
v 0.00564782 -0.00844754 -0.00095497
v 0.01139391 0.00152070 -0.00048097
v 0.04263583 0.01517909 -0.00136228
v -0.02091487 -0.01498197 -0.00089064
v -0.01322255 -0.01821901 -0.00100199
v 0.03612069 0.02889817 -0.00229325
v 0.01286425 0.00338856 -0.00119654
v 0.00567364 -0.00851786 -0.00085905
v 0.04385642 0.01399793 -0.00136332
v -0.03516711 0.02092616 -0.00149134
v -0.01512548 -0.00693504 -0.00118727
v 0.02212251 0.01598376 -0.00062919
v 0.02392874 0.02359494 -0.00064121
v -0.03150971 -0.02540200 -0.00112321
v 0.04364237 0.01525872 -0.00139347
v -0.00451930 0.02761860 -0.00146153
v 0.04301084 0.01348000 -0.00073432
v 0.00590796 -0.00362333 -0.00069950
v -0.05787401 0.01653043 -0.00065541
v -0.02192687 -0.01504669 -0.00087974
v -0.05400903 0.02417661 -0.00056032
v 0.00810538 0.01952042 -0.00139091
v 0.01183854 0.00336107 -0.00123646
v 0.02392101 0.02293790 -0.00143452
v -0.05691159 0.01605212 -0.00161506
v -0.04345475 0.00918649 -0.00145869
v -0.05684407 0.01654639 -0.00059974
v -0.00351311 0.02769921 -0.00149409
v 0.04402775 0.01353137 -0.00072697
v -0.04390442 0.01797764 -0.00154548
v -0.02111998 -0.01374539 -0.00088771
v -0.01625426 0.01816070 -0.00139436
v -0.00431371 0.02638074 -0.00146266
v 0.02030320 0.01461878 -0.00061176
v -0.02119860 -0.01353131 -0.00117970
v 0.02291656 0.02353064 -0.00063093
v -0.05198149 0.01808591 -0.00062300
v -0.01612184 -0.01325303 -0.00117219
v -0.03367148 0.02520667 -0.00041691
v -0.05766239 0.01527618 -0.00063417
v -0.01460808 -0.01591055 -0.00084904
v -0.00427389 0.02695042 -0.00055018
v -0.02099250 -0.01477059 -0.00117891
v -0.01723868 0.01869889 -0.00051637
v -0.01603229 -0.01349686 -0.00083964
v 0.04382524 0.01476083 -0.00071439
v -0.01440794 -0.01713359 -0.00087037
v -0.05217798 0.01929899 -0.00058806
v -0.05663619 0.01530231 -0.00059239
v -0.00329904 0.02643825 -0.00146366
v -0.01510078 -0.01321288 -0.00114952
v -0.03916882 0.02121906 -0.00051100
v 0.00854288 0.00522989 -0.00063868
v -0.02213372 -0.01380543 -0.00088325
v -0.01501451 -0.01344784 -0.00082908
v -0.05115907 0.01934497 -0.00057338
v -0.02221659 -0.01357979 -0.00119102
v -0.01589616 -0.01454560 -0.00109867
v -0.02873161 -0.01140609 -0.00124134
v -0.01582931 -0.01472762 -0.00085044
v -0.02528064 -0.00748715 -0.00120845
v -0.01446940 -0.01696623 -0.00109864
v -0.01726834 0.01810155 -0.00139109
v -0.02862228 -0.01170379 -0.00083528
v -0.05096704 0.01814401 -0.00062480
v -0.02548595 -0.00625005 -0.00120625
v -0.01563031 -0.01594749 -0.00087608
v -0.02200976 -0.01482101 -0.00118757
v -0.03569361 0.00576208 -0.00131453
v -0.02923467 -0.01421279 -0.00086955
v -0.02538533 -0.00652400 -0.00083259
v -0.01646970 0.01942535 -0.00142979
v 0.02290507 0.02288386 -0.00143824
v 0.00628998 0.01814486 -0.00135905
v -0.04062434 -0.00733509 -0.00088759
v -0.01485640 -0.01455638 -0.00100654
v -0.02771311 -0.01135901 -0.00122810
v -0.02504208 0.02777098 -0.00152821
v -0.02902986 -0.01544850 -0.00087361
v 0.04585181 0.02662661 -0.00138352
v -0.03566684 0.00560615 -0.00130873
v -0.00490768 0.02382164 -0.00142860
v -0.01541746 -0.01720514 -0.00085020
v 0.00874602 0.00399872 -0.00064894
v -0.04444373 0.00973715 -0.00059770
v 0.02371054 0.02418908 -0.00145158
v -0.01480901 -0.01468542 -0.00083058
v -0.03163890 -0.02437215 -0.00083839
v -0.02427935 -0.00739319 -0.00125917
v -0.02853217 -0.01262719 -0.00126533
v -0.02910442 -0.01524550 -0.00115049
v 0.04564295 0.02166270 -0.00144843
v 0.00857745 0.00445768 -0.00127494
v -0.00913159 0.01918697 -0.00056272
v -0.01747442 0.01934080 -0.00139186
v -0.03549088 0.00453196 -0.00132624
v -0.01548400 -0.01702398 -0.00109730
v -0.02843079 -0.01290324 -0.00088881
v -0.03048548 -0.02537049 -0.00108876
v -0.02447375 -0.00618578 -0.00121647
v -0.03539515 0.00396486 -0.00131636
v -0.04142329 -0.00726817 -0.00088798
v -0.04426777 0.00236930 -0.00076274
v -0.03046193 -0.02543461 -0.00100129
v -0.02435011 -0.00652242 -0.00075734
v -0.03004757 -0.01549772 -0.00088389
v 0.00772549 0.00395713 -0.00066963
v 0.02269646 0.02412991 -0.00144828
v -0.04407288 -0.01126068 -0.00091145
v -0.02751540 -0.01257539 -0.00125853
v -0.03552914 0.00531422 -0.00070369
v -0.03011785 -0.01530638 -0.00114488
v -0.02517584 -0.00777247 -0.00081926
v -0.02742040 -0.01283407 -0.00090571
v -0.02949417 -0.02524937 -0.00117653
v -0.05014595 0.01940669 -0.00058012
v -0.04507326 0.00659674 -0.00146022
v -0.03171714 -0.02415911 -0.00112895
v -0.02930250 -0.02624144 -0.00099488
v -0.01389792 -0.00813527 -0.00116230
v -0.02946645 -0.02532487 -0.00107356
v -0.04424349 0.00162512 -0.00143718
v -0.02375761 0.02709387 -0.00052729
v -0.04486193 -0.01243746 -0.00064198
v 0.00526915 0.01810410 -0.00138087
v 0.00837115 0.00569748 -0.00127647
v 0.00203966 0.01979273 -0.00053736
v -0.02761150 -0.01163567 -0.00085078
v 0.01569269 0.00482609 -0.00123554
v -0.03331221 -0.01439147 -0.00093550
v -0.02414725 -0.00775285 -0.00076860
v -0.04528871 0.00232887 -0.00078502
v 0.02131198 0.01469232 -0.00063465
v -0.04430145 -0.00996024 -0.00099568
v 0.01565840 0.00559755 -0.00059825
v -0.01482013 -0.00844450 -0.00081797
v 0.01176318 0.02840879 -0.00130064
v 0.03871115 0.02632735 -0.00151728
v -0.05157711 0.01562872 -0.00065049
v 0.04796945 0.02690872 -0.00059809
v -0.01492480 -0.00815952 -0.00120665
v 0.01670652 0.00488591 -0.00123966
v -0.04238429 -0.00776952 -0.00088401
v 0.01682343 0.00413033 -0.00129856
v -0.02049234 0.01977525 -0.00052723
v 0.02087686 0.02276577 -0.00143199
v -0.02775730 0.01360385 -0.00117656
v 0.04786080 0.02679700 -0.00146113
v 0.01665772 0.00569686 -0.00065626
v -0.04525685 0.00156402 -0.00143129
v 0.00468206 -0.00242757 -0.00071836
v -0.02092853 0.01610841 -0.00067176
v 0.03854636 0.01571093 -0.00070789
v 0.04699852 0.02665240 -0.00052457
v 0.01035875 0.01902551 -0.00056108
v 0.02213792 0.01526373 -0.00133659
v -0.03758806 0.01702296 -0.00146833
v 0.06463287 0.02167243 -0.00004212
v 0.00456836 -0.00211799 -0.00114064
v -0.02394733 0.02828849 -0.00046720
v -0.00060321 0.02338244 -0.00051991
v -0.04444193 0.00284350 -0.00140950
v -0.02151264 0.01973306 -0.00054710
v 0.04685814 0.02670684 -0.00141557
v 0.02066392 0.02402365 -0.00145820
v 0.03630866 0.01684131 -0.00071497
v -0.03473185 -0.01820080 -0.00096309
v -0.01541856 -0.00478089 -0.00074644
v 0.03863016 0.02722593 -0.00105341
v -0.03160580 -0.00650846 -0.00131828
v 0.01137418 0.00665970 -0.00066712
v -0.03936605 0.02243416 -0.00047886
v -0.04545218 0.00277396 -0.00139204
v 0.02168215 0.02407142 -0.00144593
v -0.03781252 0.01831218 -0.00153724
v -0.01643385 0.02000582 -0.00053205
v 0.01121692 0.00708787 -0.00125114
v 0.01688244 0.00440692 -0.00058637
v -0.03448592 0.02392593 -0.00043699
v -0.05755934 0.02606069 -0.00167286
v 0.03973837 0.02635072 -0.00147175
v 0.01704983 0.00329890 -0.00070024
v 0.01117364 0.00788377 -0.00064723
v 0.00934633 0.01896185 -0.00055168
v -0.04549381 0.00909793 -0.00149275
v 0.02251897 0.01908065 -0.00139680
v -0.04042366 -0.00855961 -0.00090687
v -0.02053788 0.02543178 -0.00140702
v -0.01745692 0.01997118 -0.00056221
v 0.01222654 0.00715912 -0.00127091
v -0.02769976 -0.02381660 -0.00128642
v -0.04689529 0.02454914 -0.00052650
v -0.05746564 0.02648364 -0.00056025
v -0.01663946 0.02124374 -0.00053099
v -0.02045105 0.02491638 -0.00139918
v -0.00712155 0.02488707 -0.00134712
v -0.04873098 0.01701813 -0.00062382
v 0.02088500 0.02342168 -0.00063716
v -0.03493061 -0.01698153 -0.00093663
v -0.03533524 -0.00210243 -0.00080214
v -0.05653517 0.02609232 -0.00163859
v -0.01916182 -0.01343659 -0.00115409
v 0.02189287 0.02281956 -0.00142796
v 0.01219288 0.00792884 -0.00063130
v -0.00347422 0.02138268 -0.00140357
v -0.01666127 0.02062502 -0.00137660
v -0.02394005 0.01529896 -0.00116655
v -0.02862719 -0.02411166 -0.00096141
v -0.04142397 -0.00878058 -0.00089976
v -0.04852056 0.01576711 -0.00060701
v -0.02416616 0.01646308 -0.00138771
v -0.00345347 0.02200425 -0.00056190
v 0.02150628 0.01901776 -0.00138841
v -0.00813763 0.01862278 -0.00140528
v -0.02870939 -0.02388785 -0.00126667
v -0.01954449 0.02554724 -0.00148707
v -0.01764995 0.02117485 -0.00051445
v -0.04973591 0.01693407 -0.00058659
v 0.02190429 0.02346658 -0.00062098
v 0.03962545 0.02733619 -0.00112638
v -0.02401951 0.01606375 -0.00084309
v -0.02009565 -0.01371418 -0.00085292
v -0.05725809 0.02524047 -0.00055415
v -0.00245942 0.02143984 -0.00140409
v -0.02017792 -0.01349015 -0.00115846
v 0.01240255 0.00667992 -0.00061732
v -0.02029239 0.02476337 -0.00049534
v -0.04954164 0.01572705 -0.00062980
v -0.01768229 0.02058482 -0.00139915
v -0.03678586 0.01833702 -0.00149373
v -0.00267316 0.02269988 -0.00143324
v -0.03165069 0.01913436 -0.00050465
v -0.02490966 0.01501872 -0.00111091
v -0.05623731 0.02528130 -0.00053242
v -0.02670208 -0.01129159 -0.00124269
v -0.00038959 -0.00271979 -0.00070692
v -0.02500727 0.01593296 -0.00074211
v -0.04046165 0.02191892 -0.00154298
v -0.00052537 -0.00235010 -0.00121116
v -0.00323624 0.02073470 -0.00051976
v 0.01349928 0.02971863 -0.00194474
v -0.02050162 0.02601114 -0.00050773
v -0.05644460 0.02652380 -0.00053761
v -0.03545187 -0.00799550 -0.00128923
v -0.00032884 -0.00356331 -0.00124586
v 0.02187197 -0.00128791 -0.00095674
v -0.03064407 0.01921379 -0.00053559
v -0.04367787 -0.00748171 -0.00091984
v -0.00141006 -0.00276154 -0.00072740
v 0.02187359 -0.00197043 -0.00171528
v -0.00222295 0.02079598 -0.00052592
v -0.02568640 -0.01123681 -0.00123997
v -0.01948189 0.02605486 -0.00048994
v -0.03567560 -0.00670827 -0.00135542
v -0.01277966 0.02269338 -0.00050904
v 0.02094084 -0.00225098 -0.00141004
v -0.04285485 -0.00650780 -0.00087288
v -0.02517831 0.01639869 -0.00137736
v -0.00132516 -0.00367077 -0.00117674
v -0.01321912 -0.01822834 -0.00098927
v -0.00242438 0.02202254 -0.00050941
v -0.03084390 0.02043600 -0.00051313
v -0.02649977 -0.01252050 -0.00125599
v -0.04387073 -0.00627855 -0.00087141
v -0.03552879 -0.00710800 -0.00081022
v -0.00120941 -0.01019658 -0.00080079
v 0.00477561 -0.00336041 -0.00113557
v -0.02640694 -0.01277324 -0.00091127
v 0.03407814 0.01795205 -0.00069532
v -0.02769509 -0.01761872 -0.00121513
v -0.00130742 -0.00992969 -0.00116481
v -0.04366815 0.01044563 -0.00148658
v -0.03547300 -0.00172730 -0.00131376
v -0.02764148 -0.01776466 -0.00101606
v -0.00852383 0.02791920 -0.00049177
v -0.01379040 0.02262515 -0.00049342
v -0.02659775 -0.01157565 -0.00085524
v -0.00153174 -0.00243021 -0.00117927
v -0.03465767 -0.00665961 -0.00134440
v -0.02547644 -0.01248656 -0.00122490
v -0.02670927 -0.01748261 -0.00132331
v 0.03901780 0.02519713 -0.00071137
v 0.03591326 0.01306344 -0.00070808
v -0.00231674 -0.01000179 -0.00114387
v -0.01792804 -0.01465371 -0.00110609
v -0.02883137 -0.01666701 -0.00090110
v -0.03776670 0.00023359 -0.00076423
v -0.00221275 -0.01028493 -0.00075767
v 0.01015622 0.02025500 -0.00054853
v 0.04054659 0.00969458 -0.00087196
v -0.03452492 -0.00702105 -0.00085142
v -0.02662762 -0.01770494 -0.00102009
v 0.05233475 0.02454022 -0.00145231
v -0.01785343 -0.01485689 -0.00082896
v -0.03755888 -0.00101033 -0.00075709
v 0.03490338 0.01299285 -0.00068922
v -0.03772041 -0.00057048 -0.00135701
v -0.02558408 -0.01151541 -0.00086000
v -0.03533256 -0.00832036 -0.00084614
v -0.04309982 -0.00503245 -0.00085936
v -0.04487411 0.00605446 -0.00072059
v -0.04691175 -0.00024863 -0.00080327
v 0.03970491 0.00848799 -0.00099314
v 0.05133732 0.02443576 -0.00138728
v -0.01805876 -0.01361972 -0.00082688
v -0.03857658 -0.00105961 -0.00076728
v 0.01541913 0.01934839 -0.00061436
v -0.04750347 0.00339673 -0.00070683
v -0.05055396 0.01566312 -0.00062001
v -0.01691194 -0.01460006 -0.00110182
v -0.04408562 -0.00501536 -0.00090483
v 0.04047817 0.00988087 -0.00112605
v -0.03072434 0.02496490 -0.00154438
v -0.03443652 -0.00793984 -0.00128770
v 0.01643441 0.01940425 -0.00061314
v -0.03431272 -0.00827693 -0.00082795
v -0.00406403 0.02570091 -0.00053544
v -0.02418173 -0.02008026 -0.00100447
v -0.01241211 0.01965840 -0.00143800
v -0.01703802 -0.01357870 -0.00080540
v -0.03496123 0.01968753 -0.00149141
v 0.02273300 0.00607663 -0.00070979
v 0.05253750 0.02331012 -0.00146403
v -0.03778811 -0.02455067 -0.00105937
v -0.02423909 -0.01992408 -0.00121748
v 0.01298593 0.02168910 -0.00058283
v -0.03780861 -0.02449481 -0.00113557
v 0.03955290 0.00934506 -0.00105796
v 0.02280251 0.00520931 -0.00121626
v -0.03755034 -0.02613670 -0.00123488
v -0.02970575 0.02501175 -0.00153086
v 0.00735443 0.00564553 -0.00128303
v -0.03762151 -0.02568233 -0.00120536
v 0.04138785 0.01090236 -0.00075236
v 0.04123789 0.01131062 -0.00130921
v 0.04665814 0.02171882 -0.00144758
v 0.04148576 0.01001863 -0.00108457
v 0.00325379 0.01862908 -0.00056230
v 0.03951966 0.00967046 -0.00091645
v 0.00752328 0.00518578 -0.00065595
v -0.02991205 0.02625154 -0.00153236
v -0.03757211 -0.02581682 -0.00102192
v 0.05152263 0.02325318 -0.00146375
v -0.01341546 0.01957003 -0.00139488
v -0.03087190 -0.00433033 -0.00083278
v 0.04121016 0.01206424 -0.00064765
v 0.02171850 0.00601865 -0.00070811
v -0.02518957 -0.02015637 -0.00097807
v -0.03878646 -0.02465262 -0.00099778
v -0.01683201 -0.01481769 -0.00080500
v 0.04236259 0.01106861 -0.00090171
v -0.03065263 0.02544769 -0.00051341
v -0.02525576 -0.01997618 -0.00122383
v 0.05173091 0.02200796 -0.00145484
v 0.00757033 0.00437963 -0.00124589
v 0.03571175 0.01429014 -0.00069175
v -0.03348035 0.02400820 -0.00047178
v -0.03860548 -0.02582343 -0.00109034
v -0.02172344 0.02719575 -0.00051142
v 0.04244755 0.01043858 -0.00103568
v -0.03856276 -0.02593975 -0.00093168
v 0.02179658 0.00512799 -0.00118278
v 0.04220459 0.01217687 -0.00072382
v -0.00986544 -0.00162323 -0.00120982
v -0.02962917 0.02548131 -0.00048182
v 0.03574208 0.01352953 -0.00134379
v 0.02259378 0.00645571 -0.00122682
v -0.04450593 0.01543901 -0.00153932
v -0.03999508 0.00754923 -0.00068281
v -0.05178440 0.01066052 -0.00070955
v -0.00992410 -0.00078543 -0.00066304
v 0.03469417 0.01424057 -0.00070152
v -0.01379433 -0.00841733 -0.00077760
v -0.05732184 0.01852529 -0.00160936
v -0.00884889 -0.00157080 -0.00120390
v -0.00892188 -0.00069399 -0.00071034
v 0.02158008 0.00639554 -0.00122218
v -0.00326723 0.02014102 -0.00139952
v 0.02068626 0.02464090 -0.00061060
v -0.01358702 -0.00965982 -0.00077241
v 0.03473051 0.01346359 -0.00133125
v -0.00906067 -0.00031610 -0.00122575
v -0.04649441 0.00346956 -0.00072877
v -0.01369034 -0.00937852 -0.00115611
v -0.00972656 -0.00200133 -0.00069413
v -0.05197989 0.01187094 -0.00067100
v -0.00039322 0.00350068 -0.00066642
v -0.04552263 0.01538705 -0.00154585
v 0.00812617 0.02014186 -0.00054908
v -0.02031026 0.01860139 -0.00061561
v 0.04704556 0.01377524 -0.00082734
v -0.03106510 -0.02175807 -0.00094743
v -0.05020417 0.01888713 -0.00156099
v 0.04522762 0.01861714 -0.00075086
v -0.02585021 0.01472980 -0.00086796
v 0.03554174 0.01475306 -0.00132313
v -0.00225282 0.02019918 -0.00140141
v -0.02685493 0.01464522 -0.00083006
v -0.01460916 -0.00969703 -0.00079905
v -0.02031411 0.01793383 -0.00139460
v 0.02169036 0.02472716 -0.00065086
v 0.04501760 0.01986706 -0.00076621
v -0.00871761 -0.00192828 -0.00071632
v -0.01470438 -0.00943775 -0.00115269
v -0.03320059 -0.01537346 -0.00128563
v -0.02171425 -0.01009308 -0.00080082
v -0.02673745 0.01364724 -0.00115834
v 0.04804402 0.01387687 -0.00088856
v 0.02374795 -0.00075532 -0.00152830
v 0.04038054 0.01082477 -0.00072398
v -0.02603545 0.01591223 -0.00079127
v 0.03451885 0.01471790 -0.00135258
v -0.01520549 -0.01224973 -0.00077372
v -0.03474901 0.01843163 -0.00146791
v 0.04504207 0.01912239 -0.00143998
v 0.02380510 -0.00158901 -0.00208070
v -0.05299713 0.01182041 -0.00067949
v -0.02591142 0.01489646 -0.00109526
v -0.02130225 0.01848214 -0.00053041
v -0.02076044 0.02671585 -0.00146891
v 0.06166050 0.02385233 -0.00150678
v -0.01949623 0.01988328 -0.00059715
v -0.04531921 0.01415511 -0.00155504
v 0.04401244 0.01978364 -0.00072984
v -0.05279770 0.01059931 -0.00070350
v 0.02283664 -0.00177234 -0.00190806
v -0.02273268 -0.01014033 -0.00081376
v -0.02748569 -0.01886692 -0.00120213
v 0.03936759 0.01076261 -0.00071662
v -0.01975114 0.02678799 -0.00148988
v 0.03936015 0.01699348 -0.00069029
v -0.02703731 0.01581986 -0.00074269
v -0.01968861 0.02108517 -0.00054695
v -0.02191470 -0.00886921 -0.00078059
v -0.02111241 0.01728717 -0.00059004
v -0.02094582 -0.02110828 -0.00105952
v 0.00427777 0.01866126 -0.00052876
v -0.00811777 0.01924682 -0.00056694
v -0.02204158 -0.00852372 -0.00125181
v 0.04341416 0.01723626 -0.00071177
v 0.04421372 0.01855750 -0.00074696
v -0.02693928 0.01487492 -0.00114329
v -0.01847572 0.01992492 -0.00057655
v -0.05573135 0.02740206 -0.00165803
v 0.00040890 0.02344695 -0.00053047
v -0.01993846 -0.02103087 -0.00108769
v -0.02052018 0.01917301 -0.00139527
v 0.04402947 0.01905919 -0.00143119
v -0.02728021 -0.02010449 -0.00120362
v -0.02613255 0.01605090 -0.00129374
v 0.02271938 -0.00077499 -0.00157893
v -0.01867002 0.02113204 -0.00053346
v -0.02723414 -0.02022992 -0.00103257
v -0.03316863 0.02733586 -0.00155409
v -0.02182428 -0.00979351 -0.00120942
v -0.02743568 -0.01900313 -0.00101637
v -0.02964117 -0.02417106 -0.00095784
v -0.05116150 0.02556222 -0.00052845
v 0.00642780 0.02887860 -0.00065644
v -0.00912131 0.00052709 -0.00068635
v -0.02624546 -0.02010165 -0.00113008
v -0.02969795 -0.02401649 -0.00116865
v 0.04344333 0.01647879 -0.00136808
v -0.02293458 -0.00891252 -0.00079896
v -0.02252575 0.01967128 -0.00054023
v -0.02154046 0.01913073 -0.00141502
v -0.03336822 0.02855738 -0.00153065
v -0.02709754 0.01568808 -0.00129991
v -0.05136003 0.02678085 -0.00050111
v 0.04240771 0.01715638 -0.00068025
v -0.00165488 0.02274760 -0.00142091
v -0.02649760 -0.01873705 -0.00130186
v -0.03215364 0.02739250 -0.00155394
v -0.03070803 -0.02408644 -0.00115062
v 0.00569737 0.02868128 -0.00044731
v 0.03877880 0.02682123 -0.00050144
v -0.02641073 -0.01897355 -0.00097929
v 0.03022008 0.02203026 -0.00142158
v -0.02284775 -0.00982702 -0.00124110
v -0.02133147 0.01788359 -0.00140348
v -0.03065275 -0.02423695 -0.00094535
v -0.05034837 0.02684655 -0.00051332
v -0.01514457 -0.00067244 -0.00120426
v -0.02354288 0.01962047 -0.00054838
v -0.02951689 -0.01897688 -0.00120698
v -0.03089818 -0.02289067 -0.00109211
v -0.01502599 -0.00099530 -0.00076390
v 0.04243726 0.01639783 -0.00133509
v 0.00201938 0.01916983 -0.00137727
v -0.00063958 0.02280338 -0.00141954
v -0.04038611 0.02239132 -0.00049784
v -0.02945492 -0.01914562 -0.00097685
v -0.01493100 -0.00193198 -0.00117576
v -0.02990009 0.01447579 -0.00083119
v 0.04323217 0.01773177 -0.00138758
v 0.05619587 0.02718725 -0.00007127
v -0.02997180 0.01467105 -0.00109748
v 0.03995039 0.02577342 -0.00068436
v 0.02920592 0.02197140 -0.00141865
v 0.00731998 0.01883866 -0.00053849
v 0.05605134 0.02705787 -0.00119761
v -0.01502362 0.01695207 -0.00135795
v -0.01603576 -0.00106615 -0.00074464
v -0.05013908 0.02559862 -0.00050068
v -0.02162147 -0.01102380 -0.00122084
v 0.05522920 0.02685427 -0.00005512
v -0.03096981 0.01456817 -0.00103462
v -0.00144259 0.02149147 -0.00139710
v -0.01935413 -0.01844548 -0.00115763
v 0.04221875 0.01767086 -0.00138194
v -0.01921790 -0.01920306 -0.00108778
v -0.03092541 0.01444730 -0.00086973
v 0.02941398 0.02072681 -0.00141062
v -0.01595171 -0.00197307 -0.00119715
v -0.03306445 0.02773026 -0.00040254
v -0.02060023 -0.01098415 -0.00119749
v -0.04346708 -0.00873374 -0.00090165
v -0.02850228 -0.01891920 -0.00120823
v -0.00140879 0.02207754 -0.00050700
v -0.01928010 -0.01864706 -0.00088270
v -0.03009673 0.01568926 -0.00079679
v -0.00752037 0.02800721 -0.00053434
v -0.04695665 0.01782749 -0.00157292
v -0.04122810 -0.00365695 -0.00083586
v 0.01541569 0.01867967 -0.00139176
v -0.02263265 -0.01109080 -0.00120689
v -0.04627517 0.00840515 -0.00062526
v -0.05322751 0.00075258 0.00239916
v -0.02253353 -0.01136069 -0.00083876
v -0.01400756 0.01700579 -0.00135380
v -0.02930235 -0.02023910 -0.00117491
v -0.00043037 0.02155564 -0.00140724
v -0.03110468 0.01561346 -0.00077082
v -0.01909689 0.01676174 -0.00140800
v -0.02926043 -0.02035328 -0.00101918
v -0.04224159 -0.00371770 -0.00083043
v -0.01833333 -0.01840467 -0.00113584
v 0.01643084 0.01873586 -0.00139097
v 0.00263969 0.00923605 -0.00142149
v 0.00508186 0.00133828 -0.00070893
v -0.01615067 -0.00075327 -0.00117140
v -0.03205227 0.02779457 -0.00041285
v -0.04796066 0.01774092 -0.00153227
v -0.01470477 0.01515543 -0.00122087
v -0.00040304 0.02215935 -0.00054115
v 0.00598862 -0.00452106 -0.00116456
v -0.03109366 0.01456869 -0.00104457
v 0.01618830 0.02628494 -0.00147315
v -0.04142136 -0.00245268 -0.00078895
v -0.04157958 -0.00202193 -0.00137648
v -0.01481940 0.01639602 -0.00059953
v -0.02976267 0.01342355 -0.00108546
v -0.04775732 0.01650922 -0.00154176
v -0.01910774 -0.01979442 -0.00100724
v 0.01562922 0.01742017 -0.00136335
v -0.04021599 -0.00980312 -0.00090031
v 0.01290205 0.00377793 -0.00050099
v -0.00709100 0.00063947 -0.00068476
v -0.02829307 -0.02016693 -0.00119590
v -0.01896081 -0.02058341 -0.00090019
v 0.00406645 0.00128283 -0.00071067
v 0.01281671 0.00419605 -0.00060844
v 0.01582899 0.01687626 -0.00062150
v 0.00833331 0.01889982 -0.00054447
v -0.01907429 -0.01988550 -0.00088301
v -0.04139758 -0.00319549 -0.00146528
v 0.00497904 -0.00459236 -0.00114469
v -0.02825072 -0.02028225 -0.00103862
v -0.04003114 -0.01098450 -0.00097847
v 0.02030941 0.02634507 -0.00124549
v 0.02192794 0.01651356 -0.00135182
v -0.02889509 -0.01649353 -0.00113774
v -0.04243941 -0.00250099 -0.00080046
v 0.01194478 0.00327721 -0.00061036
v -0.04134735 -0.01012426 -0.00091218
v 0.01178608 0.00418197 -0.00066664
v -0.00809954 0.00056527 -0.00066099
v -0.01373402 0.01541503 -0.00129191
v 0.00472509 0.00298779 -0.00126927
v 0.01199276 0.01468436 -0.00132054
v 0.01562359 0.01811363 -0.00061973
v -0.05304821 0.00016928 0.00319212
v -0.04238450 -0.00332859 -0.00136116
v -0.04606857 0.00716457 -0.00062263
v 0.00487863 0.00256970 -0.00069902
v -0.04097955 -0.01103356 -0.00093864
v -0.01460388 0.02134177 -0.00050987
v -0.02844177 -0.01908397 -0.00098350
v 0.01664188 0.01748318 -0.00137190
v -0.01380207 0.01644630 -0.00059068
v -0.01807564 -0.01978435 -0.00094355
v 0.00494876 0.00170067 -0.00120320
v -0.01238023 0.02024963 -0.00055491
v -0.04309343 -0.00762184 -0.00088557
v 0.02209792 0.02226128 -0.00066648
v 0.01177843 0.01594604 -0.00135194
v -0.01812189 -0.01965844 -0.00111528
v -0.02339894 -0.01871331 -0.00110197
v -0.01441397 0.02014657 -0.00056919
v -0.02789866 -0.01638633 -0.00120652
v 0.00386330 0.00251404 -0.00070051
v 0.01197242 0.01541785 -0.00063151
v 0.03429987 0.01045972 -0.00069056
v 0.02109688 0.02216669 -0.00061491
v 0.02126429 0.02656531 -0.00146845
v -0.01798441 -0.02042509 -0.00104704
v 0.01662989 0.01819390 -0.00065180
v 0.00392731 0.00166166 -0.00122740
v -0.01542227 0.02007174 -0.00054454
v -0.01824895 -0.01863440 -0.00082252
v -0.03696539 0.00776074 -0.00073906
v 0.02045642 0.02526671 -0.00146418
v -0.02871155 -0.01767137 -0.00122075
v -0.04613861 0.01909844 -0.00153950
v -0.04669744 0.00470045 -0.00071812
v -0.05401223 0.01797470 -0.00062617
v 0.03328944 0.01039062 -0.00067375
v 0.01279235 0.01600554 -0.00135563
v -0.00141010 -0.00897205 -0.00078147
v 0.03409636 0.01169191 -0.00068174
v -0.04634993 0.02035193 -0.00155970
v -0.01992165 0.02171971 -0.00141243
v 0.03393638 0.01212754 -0.00127589
v -0.02336747 -0.01879899 -0.00098512
v -0.01463069 0.02073670 -0.00137406
v -0.04669046 0.00400336 -0.00145683
v 0.02054833 0.02546474 -0.00061732
v -0.04512914 0.01917011 -0.00155986
v 0.03413298 0.01091411 -0.00131031
v 0.00891176 0.02082318 -0.00140092
v 0.02147203 0.02532163 -0.00146165
v -0.05299619 0.01802846 -0.00062208
v -0.04770231 0.00461624 -0.00068071
v 0.00371333 0.00292238 -0.00125746
v -0.01562638 0.02130558 -0.00053791
v -0.00709992 0.02550629 -0.00050224
v -0.03516743 0.00310982 -0.00073570
v -0.01299034 -0.00089744 -0.00074253
v -0.04467916 0.01037817 -0.00147200
v 0.03307769 0.01164529 -0.00069557
v -0.04080608 0.00625907 -0.00069001
v -0.01015156 0.01914385 -0.00058134
v -0.02356823 -0.00515303 -0.00085820
v -0.01565032 0.02069271 -0.00139149
v -0.03533650 0.00411167 -0.00075297
v -0.04533455 0.02040749 -0.00155806
v 0.02149133 0.02594715 -0.00062531
v 0.03284809 0.00673787 -0.00083750
v -0.01277936 -0.00214997 -0.00072364
v -0.02574593 0.01376780 -0.00124534
v 0.01013174 0.01964358 -0.00140409
v 0.02151464 0.02580363 -0.00062907
v -0.03242788 -0.00155782 -0.00131273
v -0.01290752 -0.00180102 -0.00119960
v 0.04624101 0.01867814 -0.00075666
v 0.03311849 0.01085606 -0.00130857
v 0.03488763 0.01924636 -0.00069380
v 0.03300040 0.00564507 -0.00103645
v -0.04688843 0.00522047 -0.00142741
v 0.00386832 0.00871095 -0.00062788
v -0.00123306 0.02024293 -0.00138365
v -0.01391909 -0.00186696 -0.00118705
v -0.03086728 -0.02297479 -0.00097740
v -0.04973933 0.02315401 -0.00054539
v -0.01972749 0.02051291 -0.00145594
v 0.00102339 0.01973961 -0.00054234
v -0.02782669 -0.01658228 -0.00093928
v -0.01379643 -0.00220092 -0.00073158
v 0.02806239 0.02883015 -0.00144212
v 0.05067986 0.02272756 -0.00082426
v -0.04325824 -0.00376980 -0.00083680
v -0.04608293 0.00652555 -0.00144056
v -0.00022286 0.02031255 -0.00140119
v -0.04607308 0.01959812 -0.00053157
v 0.01124109 0.00145899 -0.00048506
v 0.05072282 0.02193250 -0.00142933
v -0.03689731 0.00677375 -0.00139021
v -0.01444898 0.01956383 -0.00146385
v 0.04851132 0.01678092 -0.00139307
v 0.01122853 0.00152368 -0.00049729
v -0.03634244 -0.00218030 -0.00077339
v 0.02904189 0.02893354 -0.00163007
v -0.02009668 0.01734181 -0.00058711
v -0.00410794 0.01339924 -0.00080638
v 0.04081936 0.01380636 -0.00133427
v 0.04968001 0.02262972 -0.00076823
v -0.03431878 -0.01447105 -0.00090440
v -0.01869909 0.02053309 -0.00140602
v 0.04078109 0.01458861 -0.00071177
v -0.03649925 -0.00175333 -0.00135576
v -0.01890067 0.02176003 -0.00139003
v 0.01029186 0.00081426 -0.00070216
v -0.02985606 -0.01669721 -0.00093733
v -0.04346731 -0.00252248 -0.00084858
v -0.01544269 0.01944927 -0.00138496
v -0.00592367 0.02376772 -0.00143244
v 0.04970462 0.02188462 -0.00144144
v 0.01015680 0.00162152 -0.00070814
v -0.00322114 -0.01035953 -0.00073335
v -0.04506371 0.01967004 -0.00055223
v -0.04225979 -0.01608939 -0.00100590
v -0.02963306 0.01928128 -0.00055021
v -0.03295718 0.02608206 -0.00153346
v 0.02916856 0.02896185 -0.00073887
v -0.04569639 -0.00762622 -0.00087758
v -0.04326930 -0.00414624 -0.00133629
v -0.02945352 0.01743626 -0.00141270
v 0.05053634 0.01690771 -0.00141120
v -0.01524407 0.01823041 -0.00141203
v -0.00311424 -0.01132867 -0.00110099
v -0.05481941 0.02288476 -0.00056523
v 0.01082500 0.00330050 -0.00123127
v 0.05050465 0.02320459 -0.00147492
v -0.04337242 -0.00345892 -0.00126082
v -0.05828164 0.01899645 -0.00063994
v 0.04182549 0.01388716 -0.00136707
v -0.05571554 0.02114833 -0.00165321
v -0.01473355 -0.00314769 -0.00120713
v 0.01096459 0.00292043 -0.00071290
v -0.04009108 -0.02324257 -0.00130891
v -0.04447807 -0.00259066 -0.00083299
v -0.00006336 -0.01117486 -0.00107856
v -0.00424932 -0.01038028 -0.00078245
v 0.03449641 0.00924649 -0.00072529
v 0.04180190 0.01462948 -0.00069007
v -0.04023402 -0.02217525 -0.00107515
v 0.00363577 0.02865411 -0.00056510
v 0.03490342 0.01852529 -0.00139973
v 0.01238764 0.02535237 -0.00051084
v 0.04948895 0.02314996 -0.00147779
v 0.03473277 0.00744551 -0.00115272
v 0.00980075 0.00326904 -0.00126576
v -0.02983149 0.02049961 -0.00052247
v -0.00413386 -0.01137272 -0.00111833
v 0.02293158 0.01727909 -0.00062904
v -0.05252020 -0.00054325 0.00251305
v -0.02238929 -0.01864212 -0.00112168
v 0.05050782 0.01766346 -0.00075251
v -0.04004243 -0.02324449 -0.00098109
v -0.03193714 0.02612493 -0.00151454
v -0.01359802 0.02763390 -0.00048970
v -0.02840287 0.02428453 -0.00046156
v 0.00994903 0.00286534 -0.00071513
v -0.04427706 -0.00381602 -0.00085118
v -0.04028295 -0.02204209 -0.00125679
v 0.03456137 0.00839156 -0.00124870
v -0.05171003 -0.00059245 0.00100441
v 0.04099532 0.01332727 -0.00068082
v -0.02886103 0.01999946 -0.00145234
v -0.02688933 -0.01631428 -0.00122740
v -0.05245121 0.00007430 0.00169283
v -0.00693221 0.02369350 -0.00140864
v -0.00406845 -0.01155083 -0.00087541
v 0.03467965 0.00806949 -0.00080943
v -0.03472311 -0.00580335 -0.00082280
v 0.01000431 0.00203671 -0.00127442
v -0.01462204 0.02760187 -0.00052345
v 0.00993289 0.02086307 -0.00137791
v -0.00334184 -0.01003092 -0.00118156
v 0.03348269 0.00918635 -0.00072071
v 0.01335742 0.02485405 -0.00144325
v 0.05155040 0.01696688 -0.00141450
v -0.05175560 -0.00048296 0.00081874
v -0.01379581 0.02885054 -0.00045964
v 0.02191586 0.01722447 -0.00063197
v -0.04973284 0.01071514 -0.00062922
v -0.03999377 -0.02350751 -0.00094755
v -0.04264644 0.01048399 -0.00146150
v 0.00468200 0.02862569 -0.00044889
v -0.03977825 -0.02475143 -0.00088817
v 0.03368155 0.00796686 -0.00074683
v -0.02881968 0.02056494 -0.00053416
v -0.01096044 -0.01320520 -0.00085035
v 0.05153397 0.01768975 -0.00071095
v 0.03376654 0.00710459 -0.00114250
v -0.01387410 0.02838562 -0.00151499
v 0.04201127 0.01338136 -0.00067716
v 0.02272167 0.01852873 -0.00064399
v 0.01338294 0.02546263 -0.00058381
v 0.03354248 0.00834555 -0.00126334
v -0.01104873 -0.01296479 -0.00117826
v 0.05134343 0.01820850 -0.00141853
v -0.05075688 0.01068309 -0.00066288
v -0.00434113 -0.01013031 -0.00112339
v -0.01484105 0.02887623 -0.00057209
v 0.03938318 0.01625268 -0.00136936
v 0.01257896 0.02415339 -0.00056498
v 0.05070740 0.01644193 -0.00077592
v 0.02272929 0.01782989 -0.00138029
v 0.05085741 0.01540451 -0.00092823
v -0.02861837 0.01933875 -0.00055119
v -0.02993246 -0.01648924 -0.00122102
v 0.03292013 0.01207428 -0.00128068
v -0.04993967 0.01195632 -0.00063261
v -0.01081901 -0.01426835 -0.00108976
v -0.03519774 -0.02178676 -0.00121797
v -0.03693561 0.00700158 -0.00139305
v 0.00627823 -0.00598765 -0.00085371
v 0.02170663 0.01847224 -0.00064433
v -0.01198481 -0.01323631 -0.00088533
v -0.01489392 0.02834213 -0.00153309
v 0.01359437 0.02420890 -0.00056330
v 0.00620487 -0.00578789 -0.00112617
v 0.05170869 0.01653592 -0.00082667
v -0.04996322 0.01134240 -0.00148475
v 0.05182055 0.01580014 -0.00089750
v 0.00522253 0.01287179 -0.00064781
v -0.02618843 -0.00631042 -0.00117808
v 0.00508127 -0.00487074 -0.00076502
v -0.01705621 -0.00110793 -0.00076509
v -0.04525480 0.00844715 -0.00060515
v -0.01007177 -0.00038337 -0.00121144
v -0.01178362 -0.01446216 -0.00090284
v -0.05095957 0.01191303 -0.00065101
v -0.03499099 -0.02302776 -0.00121483
v 0.02171831 0.01776237 -0.00136561
v -0.01484395 0.02199542 -0.00140141
v -0.03723217 -0.02188794 -0.00123481
v 0.03299351 0.00566381 -0.00106202
v -0.01696279 -0.00204033 -0.00118287
v 0.00020436 0.02468190 -0.00052540
v -0.01183390 -0.01432527 -0.00108955
v -0.03717455 -0.02204483 -0.00102082
v 0.03686842 0.00707233 -0.00098402
v 0.00528697 -0.00610887 -0.00076579
v -0.04557056 0.02793884 -0.00161601
v -0.04892992 0.01823785 -0.00059797
v 0.03687289 0.00706018 -0.00096745
v -0.03516800 -0.02186777 -0.00110746
v 0.00519895 -0.00586923 -0.00109263
v -0.01257171 -0.00339344 -0.00071708
v 0.03588166 0.00693879 -0.00087925
v -0.03620772 -0.02185704 -0.00119947
v 0.03184474 0.00664952 -0.00079438
v -0.01585524 0.02192871 -0.00138780
v 0.03586149 0.00699375 -0.00095420
v 0.00913565 0.02021360 -0.00056950
v -0.03393129 0.00184080 -0.00073008
v -0.03397050 -0.02298609 -0.00119420
v -0.01797834 -0.00209547 -0.00118507
v 0.03210038 0.00487890 -0.00105680
v -0.04455157 0.02798456 -0.00160096
v -0.03576487 0.01837733 -0.00147126
v -0.03409188 0.00286495 -0.00066462
v -0.01249073 -0.00429201 -0.00118098
v 0.03197163 0.00562594 -0.00108778
v -0.01786781 -0.00239646 -0.00077455
v -0.01204545 -0.01307119 -0.00111058
v -0.03701092 -0.02316845 -0.00117775
v -0.03329370 -0.00038945 -0.00126808
v 0.00168514 0.00887027 -0.00136027
v -0.01709566 -0.00123037 -0.00117085
v 0.03334860 0.02886145 -0.00029228
v -0.03417240 -0.02175832 -0.00117933
v 0.03201067 0.00551961 -0.00094276
v -0.01359286 -0.00343329 -0.00074015
v -0.01815958 -0.01334521 -0.00120131
v 0.03361277 0.02732266 -0.00023530
v 0.01141976 0.00585749 -0.00126246
v 0.05992081 0.02783524 -0.00186808
v -0.03405384 0.00208332 -0.00128798
v -0.03698146 -0.02324864 -0.00106837
v 0.00281442 0.00923012 -0.00140049
v -0.04270045 0.02305229 -0.00155418
v 0.03274914 0.00700730 -0.00120500
v -0.03512606 0.00286060 -0.00073607
v -0.03412285 -0.02189319 -0.00099540
v 0.01444050 0.01230405 -0.00129807
v -0.04447068 0.00913243 -0.00146235
v 0.03263831 0.02712954 -0.00011448
v 0.03434755 0.00965181 -0.00127808
v 0.05894436 0.02767771 -0.00172065
v -0.01351613 -0.00432031 -0.00121983
v -0.01808324 -0.00118929 -0.00087480
v 0.00504878 0.01384965 -0.00072395
v 0.00184245 0.00858652 -0.00061299
v -0.03598948 -0.02312936 -0.00115367
v -0.03508014 0.00205749 -0.00133015
v 0.03833836 0.01695541 -0.00071577
v -0.01269898 -0.00304689 -0.00118974
v -0.01716476 -0.01323363 -0.00127607
v -0.03491570 0.00160979 -0.00071952
v 0.00190038 0.00823841 -0.00061256
v -0.02700512 -0.01532092 -0.00089277
v 0.03332871 0.00960562 -0.00129255
v -0.04167931 0.02309218 -0.00153117
v -0.03596346 -0.02320020 -0.00105702
v -0.02663042 0.01888838 -0.00147157
v -0.03416191 0.00274750 -0.00127211
v 0.01440983 0.01306561 -0.00064735
v 0.03172470 0.00697639 -0.00124021
v -0.03427505 0.00336369 -0.00134486
v 0.01965978 -0.00022697 -0.00086915
v 0.01545765 0.01235479 -0.00128983
v 0.01162935 0.00460875 -0.00124870
v 0.00954033 0.01707743 -0.00136042
v 0.04118494 0.01834349 -0.00068729
v -0.01371538 -0.00309968 -0.00119517
v -0.02252047 -0.00518560 -0.00073637
v -0.02801891 -0.01538085 -0.00088847
v -0.03616712 -0.02196760 -0.00104869
v 0.02271164 0.02476668 -0.00062733
v 0.01160706 0.00534751 -0.00056690
v -0.02722108 -0.01405484 -0.00093019
v 0.01524001 0.01362545 -0.00133347
v 0.00933438 0.01831632 -0.00136067
v 0.04016747 0.01829360 -0.00069669
v -0.02730755 -0.01381944 -0.00125126
v -0.03528513 0.00329370 -0.00132679
v -0.01311213 -0.00056585 -0.00119480
v -0.01771286 -0.01591765 -0.00107161
v 0.02250285 0.02601323 -0.00063807
v 0.04604281 0.01368527 -0.00078205
v -0.02709549 -0.01507489 -0.00122834
v -0.01764970 -0.01608964 -0.00083702
v 0.01264279 0.00466960 -0.00125431
v -0.02822358 -0.01414550 -0.00088392
v 0.03231179 0.00955422 -0.00129981
v 0.02371626 0.02485157 -0.00066569
v -0.02012769 0.02295878 -0.00141297
v -0.01412135 -0.00063817 -0.00117356
v 0.03247725 0.00910373 -0.00068540
v 0.01259920 0.00546637 -0.00065156
v 0.01034607 0.01838194 -0.00137275
v -0.01672629 -0.01578361 -0.00117704
v -0.01399542 -0.00098106 -0.00070588
v 0.01243318 0.00591839 -0.00126811
v 0.03252793 0.00828764 -0.00126179
v -0.02810625 -0.01514304 -0.00121281
v 0.02351166 0.02608675 -0.00066093
v -0.02009453 0.02354657 -0.00052519
v -0.06201123 0.02204680 -0.00165370
v -0.05489987 0.02242580 -0.00162870
v 0.00156962 0.02796122 -0.00146437
v -0.05664500 0.02153691 -0.00057118
v 0.03130906 0.00946421 -0.00125446
v -0.01664698 -0.01599957 -0.00088249
v 0.02124249 0.02745320 -0.00061521
v 0.00143278 -0.00757385 -0.00076679
v 0.03146561 0.00903797 -0.00067310
v 0.01345794 0.00594846 -0.00123170
v 0.01339480 0.01921972 -0.00059370
v 0.05078903 0.01554163 -0.00123740
v -0.01912638 0.02305270 -0.00146363
v 0.03151069 0.00823718 -0.00127039
v -0.06299741 0.02191170 -0.00154683
v 0.02854775 0.02658533 -0.00068092
v 0.05090200 0.02144467 -0.00076398
v 0.04138891 0.01711010 -0.00069453
v 0.02834192 0.02771428 -0.00080421
v -0.01907959 0.02360333 -0.00052519
v -0.04810055 0.01326736 -0.00057646
v 0.02013080 0.02750945 -0.00114414
v 0.01447499 0.00599949 -0.00122389
v -0.04708615 0.00711500 -0.00063246
v -0.03628728 -0.00300854 -0.00133320
v 0.04159359 0.01587472 -0.00069901
v 0.01490797 0.02858134 -0.00062013
v 0.01440721 0.01928339 -0.00060313
v 0.01472450 0.02948457 -0.00084620
v 0.05182538 0.01554007 -0.00115791
v 0.04142007 0.01634714 -0.00134336
v 0.00123257 0.01849194 -0.00053007
v 0.03794573 0.01316994 -0.00069849
v -0.05766474 0.02770388 -0.00053508
v -0.01533886 -0.00567598 -0.00121507
v -0.01264857 0.02719092 -0.00149754
v -0.04688459 0.00588805 -0.00064848
v -0.02973675 -0.01770020 -0.00125883
v 0.02849869 0.02746243 -0.00002461
v 0.01393348 0.02838827 -0.00049928
v 0.01378245 0.02922930 -0.00057548
v -0.01867279 0.02735022 -0.00048985
v -0.04912888 0.01324702 -0.00062614
v -0.00019489 -0.01013864 -0.00080238
v -0.05103970 0.02387439 -0.00160533
v -0.01989414 0.02232286 -0.00054563
v -0.05116901 0.00695077 -0.00071812
v 0.04057665 0.01582339 -0.00070643
v -0.01886252 0.02854486 -0.00042976
v -0.05664480 0.02774701 -0.00051652
v -0.03501800 -0.01674357 -0.00126121
v 0.02948291 0.02748133 -0.00027580
v -0.04790464 0.00584520 -0.00066743
v -0.03962273 -0.01345266 -0.00099101
v -0.05125248 0.02513181 -0.00163090
v -0.01765585 0.02740155 -0.00048240
v -0.01162497 0.02722415 -0.00146543
v -0.02782688 -0.02279243 -0.00099388
v 0.06227925 0.02634402 -0.00144892
v -0.01785421 0.02861970 -0.00045445
v -0.03010881 -0.02154163 -0.00116523
v -0.03594015 0.00157884 -0.00075474
v -0.03970137 -0.01323853 -0.00128306
v 0.04120098 0.01762175 -0.00139237
v -0.05080363 0.01634292 -0.00154719
v -0.01888169 0.02238643 -0.00055491
v -0.03597422 0.01962541 -0.00148408
v 0.00284858 0.00866726 -0.00064570
v -0.05219868 0.00693407 -0.00077281
v -0.03092782 0.02619697 -0.00153538
v -0.03107372 -0.01552401 -0.00092546
v -0.05023090 0.02517052 -0.00160627
v 0.00840437 -0.00060357 -0.00120707
v -0.02682324 -0.01649422 -0.00098198
v 0.01401988 0.01480540 -0.00133079
v -0.01243825 0.02594020 -0.00148115
v -0.05408701 0.02371085 -0.00161451
v -0.05197028 0.00559496 -0.00073344
v -0.04546085 0.00968631 -0.00060576
v -0.03116196 -0.01528373 -0.00125319
v -0.05095554 0.02432333 -0.00052821
v 0.04037095 0.01706152 -0.00070570
v -0.04193567 -0.01088991 -0.00092323
v -0.04057276 -0.01348647 -0.00095768
v -0.03112436 -0.02159671 -0.00116752
v -0.05198167 0.00566513 -0.00073149
v 0.01399933 0.01553948 -0.00064256
v 0.00912036 0.01957710 -0.00139085
v 0.04018997 0.01755433 -0.00137782
v -0.00838319 0.02618015 -0.00149873
v -0.03696583 0.00155134 -0.00079463
v -0.01237544 0.02644723 -0.00048323
v 0.04704867 0.01997742 -0.00076188
v -0.03981075 -0.01226267 -0.00092460
v -0.00338666 0.00251240 -0.00124018
v -0.05002842 0.02394115 -0.00161900
v -0.03630909 0.00326149 -0.00136027
v 0.00955015 -0.00090304 -0.00072120
v -0.00011242 0.00793632 -0.00156098
v 0.01503800 0.01485357 -0.00131904
v -0.04384041 0.01848142 -0.00054310
v 0.04039721 0.01631195 -0.00137278
v -0.03614512 0.00281503 -0.00075132
v -0.03209214 -0.01557129 -0.00093840
v -0.01141329 0.02596968 -0.00144392
v 0.04329319 0.03040378 -0.00058299
v -0.04306148 -0.01119427 -0.00092460
v -0.00533513 0.01459846 -0.00082997
v 0.00121624 0.02474696 -0.00053672
v -0.04994376 0.02438871 -0.00053993
v 0.00934773 0.00032615 -0.00070823
v -0.04872388 0.02320938 -0.00054350
v -0.03610730 0.00203396 -0.00137550
v 0.01501643 0.01559039 -0.00063459
v -0.01136546 0.02651754 -0.00050169
v -0.05672530 0.02107744 -0.00163395
v -0.04064906 -0.01201931 -0.00095314
v -0.00440410 0.00246240 -0.00124943
v 0.04102702 0.01256288 -0.00132777
v 0.01421335 0.01427865 -0.00061238
v -0.04230605 -0.00996786 -0.00092228
v 0.00096362 -0.01115081 -0.00103392
v 0.04097851 0.01958366 -0.00068934
v -0.03715600 0.00274718 -0.00073622
v -0.02739058 0.02434853 -0.00047145
v -0.01218463 0.02524962 -0.00053926
v 0.00085048 0.00778908 -0.00129225
v 0.04847205 0.01756594 -0.00077436
v -0.04133235 -0.01579441 -0.00133082
v 0.04204565 0.01260961 -0.00131406
v -0.02789271 -0.02261319 -0.00123835
v -0.03711575 0.00195954 -0.00135139
v -0.01481512 0.02259500 -0.00052970
v 0.04621948 0.01252616 -0.00089060
v 0.01522726 0.01433825 -0.00061622
v 0.03226375 0.01036312 -0.00071366
v 0.04613470 0.01275697 -0.00120539
v -0.04327702 -0.00992932 -0.00096040
v 0.04509871 0.01275753 -0.00128358
v 0.03388091 0.01916721 -0.00066325
v 0.04219468 0.01174339 -0.00127982
v 0.03126102 0.01027307 -0.00066825
v 0.04708084 0.01921174 -0.00140705
v 0.06552094 0.01817192 -0.00030997
v 0.00969431 0.02840144 -0.00144544
v 0.03837499 0.01617756 -0.00134431
v -0.03237984 -0.00184932 -0.00131562
v 0.04533483 0.01166421 -0.00091453
v 0.04520185 0.01247667 -0.00090049
v 0.00096674 0.01257111 -0.00099116
v -0.02516862 0.01705043 -0.00057676
v -0.01116444 0.02529212 -0.00051979
v -0.04162877 0.01053331 -0.00145137
v 0.04036748 0.03022842 0.00007626
v 0.03206510 0.01158210 -0.00068678
v 0.02333849 0.01481506 -0.00064720
v -0.04124396 -0.01603504 -0.00100261
v 0.00401193 0.01385251 -0.00080528
v -0.00342647 -0.00912237 -0.00073127
v 0.04722474 0.01260929 -0.00092655
v -0.05592161 0.02238750 -0.00165388
v 0.06577234 0.01740640 -0.00093894
v -0.00352959 -0.00884162 -0.00111418
v 0.00186909 0.00783585 -0.00127861
v -0.00526393 0.00198332 -0.00067338
v 0.03211483 0.01076859 -0.00126670
v 0.00084853 -0.01015939 -0.00069667
v -0.04282743 0.01854352 -0.00055043
v -0.06058514 0.01962790 -0.00165599
v -0.00520213 0.00113696 -0.00120851
v -0.02691004 -0.01004726 -0.00125038
v 0.03105439 0.01151379 -0.00067103
v -0.00161021 0.01709337 -0.00054423
v -0.00506719 0.00076954 -0.00070738
v -0.03128744 -0.01426401 -0.00095457
v 0.00181239 0.02041151 -0.00138133
v 0.04988758 0.02138644 -0.00076197
v -0.01981102 0.01515529 -0.00111485
v -0.03490386 -0.02947568 -0.00094508
v 0.04952506 0.01684092 -0.00139753
v 0.00368342 0.00921440 -0.00131455
v 0.06124039 0.02635235 -0.00153770
v -0.02711265 -0.00881754 -0.00123814
v -0.03503642 -0.02911477 -0.00143733
v -0.00445547 -0.00914089 -0.00078343
v 0.00102766 -0.01124274 -0.00070307
v -0.05834434 0.01848908 -0.00163737
v -0.02700083 -0.00912201 -0.00082289
v -0.03578312 -0.03046828 -0.00107994
v 0.01217825 0.01417934 -0.00063172
v -0.00454117 -0.00890759 -0.00110166
v 0.03109273 0.01073129 -0.00129322
v 0.05730364 0.02646841 -0.00031617
v 0.00975265 0.01649935 -0.00057194
v -0.04244287 0.00925158 -0.00147004
v -0.03598126 -0.02936237 -0.00117704
v -0.05955882 0.01965371 -0.00161381
v -0.03420887 -0.01544836 -0.00126085
v -0.00607680 0.00069827 -0.00068757
v 0.03189898 0.01203440 -0.00130369
v 0.05779294 0.02763750 -0.00017121
v -0.02609845 -0.00875870 -0.00124098
v 0.02110343 0.01593822 -0.00064448
v -0.03090817 -0.00411343 -0.00083415
v -0.03106479 -0.00312706 -0.00078447
v 0.00955449 0.01771698 -0.00054319
v -0.03585494 -0.03038442 -0.00147252
v 0.01338621 0.01856498 -0.00139018
v -0.02598089 -0.00907884 -0.00080433
v 0.01300704 0.01474292 -0.00132301
v 0.01055145 0.01714464 -0.00137464
v 0.05717017 0.02738376 -0.00018955
v -0.03211296 0.02107111 -0.00145680
v 0.01318749 0.01425159 -0.00065287
v 0.01359990 0.01730507 -0.00136122
v -0.01408597 -0.01315577 -0.00115000
v -0.04383781 0.01226372 -0.00058738
v 0.00143789 -0.00137706 -0.00069401
v 0.05712927 0.02762120 -0.00019907
v 0.03088237 0.01198215 -0.00130985
v -0.01073000 -0.00208946 -0.00065132
v 0.02112104 0.01521224 -0.00134379
v 0.02108449 0.02152238 -0.00142558
v -0.01399289 -0.01340922 -0.00080433
v 0.01582265 0.02310416 -0.00059117
v 0.05699739 0.02730226 -0.00145350
v -0.03208641 -0.00316562 -0.00080928
v 0.04099107 0.01887139 -0.00140730
v 0.02009004 0.01587723 -0.00063871
v 0.01055488 0.01781339 -0.00059727
v 0.01871262 0.01127484 -0.00127412
v -0.01175679 -0.00211396 -0.00069532
v -0.04387735 0.01169330 -0.00149882
v 0.01232949 0.02980112 -0.00283814
v 0.01359595 0.01799393 -0.00061131
v -0.03602630 -0.02933684 -0.00145381
v 0.01298578 0.01547889 -0.00063734
v 0.03730206 0.02860862 -0.00155479
v -0.03110425 0.02114489 -0.00147999
v 0.01461296 0.01736696 -0.00136823
v -0.00735785 0.02620856 -0.00146006
v -0.04485594 0.01221561 -0.00059922
v 0.00041937 -0.00142413 -0.00070719
v -0.04770927 0.02326711 -0.00054481
v -0.03605535 -0.02916065 -0.00145216
v -0.01898760 -0.00837834 -0.00121788
v 0.02010738 0.01515191 -0.00133894
v -0.03125886 -0.00192058 -0.00074052
v -0.01095888 -0.00078818 -0.00073671
v -0.00160933 -0.00775150 -0.00075672
v -0.01305822 -0.01313389 -0.00110243
v 0.02210075 0.02157555 -0.00142066
v 0.03632321 0.02849383 -0.00137537
v -0.04593372 -0.00630195 -0.00099431
v -0.03190894 0.01983754 -0.00146376
v 0.00123274 -0.00014045 -0.00069120
v 0.01075785 0.01658263 -0.00060813
v 0.02091621 0.01644801 -0.00133979
v -0.03115293 -0.00295342 -0.00118663
v 0.01440273 0.01861750 -0.00138441
v -0.03117179 -0.00283571 -0.00118184
v 0.00111551 0.00017874 -0.00112651
v -0.01088040 -0.00167995 -0.00120985
v -0.04488918 0.01162807 -0.00148729
v -0.02641688 0.01762890 -0.00144319
v -0.03228574 -0.00194482 -0.00078489
v -0.01388297 -0.01438658 -0.00116075
v -0.05563019 0.02780468 -0.00051777
v -0.00768917 0.02896783 -0.00059629
v -0.03471799 0.01902520 -0.00058805
v -0.01197582 -0.00083952 -0.00074412
v 0.01625878 0.01367180 -0.00131925
v 0.00134670 -0.00112876 -0.00103266
v -0.04409062 0.01295206 -0.00152623
v -0.03186131 0.02038589 -0.00052220
v 0.01990112 0.01639162 -0.00134031
v -0.01379959 -0.01461362 -0.00085109
v 0.01379515 0.01677347 -0.00063618
v -0.03222114 -0.00279876 -0.00130964
v 0.00020723 -0.00016847 -0.00073039
v 0.03388930 0.01846627 -0.00139668
v -0.00398860 0.01258358 -0.00091654
v -0.01189283 -0.00174355 -0.00120054
v 0.04162699 0.01510571 -0.00133961
v -0.04290567 0.02428914 -0.00155165
v 0.00142291 0.02350621 -0.00053388
v 0.03003202 0.01147719 -0.00069853
v -0.03089838 0.01990624 -0.00148005
v -0.00791025 0.02421435 -0.00050697
v -0.00162433 0.02334252 -0.00054286
v -0.01285257 -0.01437189 -0.00110337
v 0.01481296 0.01682241 -0.00062550
v -0.05461544 0.02786198 -0.00051848
v -0.04510278 0.01288774 -0.00151594
v -0.00542278 0.00241581 -0.00126329
v 0.03024672 0.01021456 -0.00066584
v 0.00029708 -0.00109113 -0.00116136
v 0.03669418 0.00822483 -0.00086646
v -0.02884765 -0.02283331 -0.00101551
v 0.03008239 0.01066198 -0.00127610
v 0.01727365 0.01372879 -0.00131959
v -0.01278044 -0.01456827 -0.00083552
v 0.04061193 0.01504924 -0.00134004
v -0.03589416 0.00077555 -0.00134858
v -0.04188800 0.02433849 -0.00154158
v 0.01177279 0.02285007 -0.00055427
v -0.00642691 0.00232960 -0.00122309
v 0.00006564 -0.01152609 -0.00059950
v 0.01461034 0.01805223 -0.00061341
v 0.03567888 0.00816905 -0.00086781
v 0.02921898 0.01019266 -0.00071339
v -0.00628754 0.00195011 -0.00070552
v 0.00488105 0.01498442 -0.00058222
v -0.04536360 0.02669722 -0.00161204
v -0.01298522 -0.01333265 -0.00083137
v -0.03691893 0.00074550 -0.00138502
v 0.00534770 0.01167963 -0.00114317
v -0.01230122 0.00072455 -0.00118791
v 0.04947818 0.01764667 -0.00080705
v 0.04361150 0.01602088 -0.00074354
v -0.00622010 0.00108843 -0.00121974
v 0.04603462 0.01991815 -0.00075849
v 0.02986804 0.01192372 -0.00130756
v 0.03995221 0.01955781 -0.00073148
v -0.04262194 0.02351658 -0.00049797
v -0.05469778 0.02119745 -0.00164280
v -0.00037003 0.01513356 -0.00129023
v 0.03651821 0.00938200 -0.00075526
v -0.03837103 0.00944583 -0.00142530
v -0.01229940 0.00109611 -0.00075663
v -0.00758053 0.02749295 -0.00152241
v 0.04260180 0.01594983 -0.00072407
v 0.01580366 0.02247777 -0.00142625
v 0.02886587 0.01183220 -0.00126011
v 0.03659964 0.00848220 -0.00121748
v -0.04790652 0.02448223 -0.00051265
v 0.00772032 0.01639246 -0.00058097
v -0.04282552 0.02474899 -0.00048942
v 0.02901702 0.01142064 -0.00069880
v -0.04434735 0.02675043 -0.00160719
v 0.03550720 0.00931448 -0.00074061
v 0.05839772 0.02495351 -0.00155152
v -0.03380798 -0.01789606 -0.00130134
v -0.00344363 0.01576682 -0.00057926
v 0.02906134 0.01062189 -0.00129884
v -0.01136204 0.00166570 -0.00070469
v 0.03569708 0.00782014 -0.00113770
v -0.03518967 -0.02801938 -0.00124189
v -0.01133776 0.00151857 -0.00070585
v 0.00874487 0.01642307 -0.00054533
v -0.01017996 0.02475374 -0.00139753
v -0.04180447 0.02478913 -0.00046675
v -0.03518281 -0.02803807 -0.00121641
v -0.01150954 0.00206728 -0.00125242
v -0.03088016 -0.00461405 -0.00120872
v 0.02232183 0.01476296 -0.00065357
v -0.03399136 -0.01671869 -0.00121772
v -0.03096507 -0.00407664 -0.00117878
v -0.04037726 0.00305724 -0.00139137
v 0.05738004 0.02490422 -0.00156165
v -0.00863642 -0.00282740 -0.00117948
v -0.04505710 0.02586268 -0.00047377
v -0.03391819 -0.01691794 -0.00094597
v -0.01218174 0.00039925 -0.00074421
v -0.00994616 0.01790657 -0.00058323
v -0.03114580 0.02746860 -0.00158030
v -0.01796933 -0.00833064 -0.00120549
v -0.04892009 0.00578984 -0.00066935
v 0.05821232 0.02613640 -0.00147541
v -0.03621429 -0.02804982 -0.00127778
v 0.00147841 0.00404513 -0.00125419
v -0.03187896 -0.00440855 -0.00080348
v 0.00853706 0.01766696 -0.00055244
v -0.04526812 0.02711532 -0.00049281
v 0.00000590 0.01968972 -0.00055171
v -0.03619114 -0.02811283 -0.00119185
v -0.03202070 -0.00402263 -0.00132982
v -0.04771534 -0.00155086 -0.00077397
v -0.04242203 0.00987293 -0.00062806
v -0.03104401 0.02786955 -0.00043769
v -0.00964454 -0.00290274 -0.00115409
v -0.04994080 0.00574874 -0.00069072
v 0.01174874 0.02223743 -0.00140812
v 0.03693001 0.01311527 -0.00070136
v 0.05716813 0.02615927 -0.00158402
v -0.00195663 0.00673479 -0.00067640
v 0.00021327 0.01844702 -0.00054624
v -0.01606984 0.02319108 -0.00142015
v -0.03298501 -0.01663850 -0.00124965
v -0.04912351 0.00702181 -0.00066017
v -0.01115591 0.00042636 -0.00070378
v -0.02679923 -0.01034898 -0.00083885
v -0.00197418 0.00634124 -0.00123924
v -0.03289365 -0.01688729 -0.00091035
v -0.03859841 0.01142110 -0.00074052
v -0.04425474 0.02717633 -0.00049861
v -0.03012531 0.02751029 -0.00155973
v -0.01627681 0.02443273 -0.00142417
v -0.00080368 0.01839574 -0.00055369
v -0.01128488 0.00077752 -0.00118272
v -0.05014506 0.00698301 -0.00068467
v -0.00913637 -0.01185318 -0.00085008
v -0.00298864 0.00628315 -0.00123738
v -0.04793998 -0.00026918 -0.00085264
v 0.00041826 0.00478951 -0.00065739
v 0.00819350 0.00064861 -0.00122547
v -0.03371757 -0.01814228 -0.00096553
v 0.00046139 0.00399400 -0.00126185
v 0.02372970 0.02939878 -0.00239628
v -0.03003901 0.02795336 -0.00047459
v -0.01082157 0.02853498 -0.00148643
v -0.00811917 0.02546127 -0.00051826
v -0.00001457 0.01906741 -0.00139237
v -0.02802362 -0.02157868 -0.00095985
v 0.00832769 0.00028328 -0.00072718
v 0.02820820 0.01012454 -0.00069795
v -0.00932664 -0.01065704 -0.00079203
v 0.04868114 0.01631855 -0.00076243
v -0.02589119 -0.01000113 -0.00123585
v -0.01868920 -0.00986890 -0.00087431
v -0.00058592 0.00470343 -0.00061741
v -0.02863409 -0.01788226 -0.00093309
v 0.03651733 0.01559505 -0.00070466
v 0.01972529 0.01133778 -0.00128254
v -0.00100878 0.01963227 -0.00055076
v -0.02577287 -0.01032327 -0.00079652
v -0.03339490 -0.01416631 -0.00124263
v -0.00055195 0.00393288 -0.00125590
v -0.01527950 0.02453751 -0.00148967
v -0.05693864 0.02233646 -0.00166166
v -0.03310401 -0.00321519 -0.00081907
v 0.06302887 0.02628008 -0.00130747
v -0.00921192 -0.01164750 -0.00113066
v 0.02719379 0.01006630 -0.00069587
v -0.03277707 -0.01788279 -0.00124205
v -0.04142041 0.00928792 -0.00144218
v -0.01035207 -0.01068527 -0.00083097
v -0.03270562 -0.01807734 -0.00097670
v -0.03835358 0.01007639 -0.00059590
v -0.02568373 -0.01745472 -0.00128398
v 0.00024594 0.00525869 -0.00129731
v -0.00102552 0.01899976 -0.00137751
v 0.00126965 0.00529160 -0.00126478
v -0.00150557 -0.00871213 -0.00113600
v 0.02589344 0.02916134 -0.00188413
v -0.04510782 -0.00505238 -0.00093174
v 0.02196319 0.02951687 -0.00034834
v -0.01015600 -0.01189717 -0.00086753
v -0.00832758 0.02670677 -0.00052757
v -0.01602712 0.02375287 -0.00049690
v -0.03818840 0.00902513 -0.00066078
v 0.00219177 0.02423302 -0.00144779
v -0.01022375 -0.01171274 -0.00111909
v 0.02687663 0.02919835 -0.00212174
v -0.02364968 -0.00493123 -0.00116072
v -0.03330152 -0.00199931 -0.00078798
v 0.03041637 0.02702837 -0.00140333
v -0.00076960 0.00520354 -0.00129954
v -0.01505327 0.02324344 -0.00141413
v 0.04605475 0.01918527 -0.00144831
v 0.01076720 0.00413590 -0.00068122
v -0.01209914 -0.00050375 -0.00120207
v -0.05368894 0.02127083 -0.00166545
v -0.03796955 0.00767460 -0.00069899
v -0.03323512 -0.00285820 -0.00130595
v -0.01785577 -0.02106112 -0.00089161
v -0.00444592 0.01567564 -0.00053230
v 0.00079121 0.02037179 -0.00140458
v -0.02808717 -0.02140564 -0.00119587
v -0.03432017 -0.00204602 -0.00080171
v -0.01502206 0.02383656 -0.00053361
v -0.01888060 -0.02109096 -0.00092833
v 0.00975496 0.00407179 -0.00067118
v 0.03147573 0.02696424 -0.00123841
v -0.01752082 -0.01711863 -0.00112306
v 0.01801080 0.02764126 -0.00147874
v -0.03701836 -0.02921549 -0.00109770
v -0.03410885 -0.00329944 -0.00078160
v -0.01884579 -0.02118572 -0.00079908
v -0.01744438 -0.01732676 -0.00083918
v -0.03719090 -0.02821097 -0.00113542
v 0.00397464 -0.00467789 -0.00110548
v -0.02850143 -0.02513216 -0.00125898
v -0.03425308 -0.00290673 -0.00131718
v 0.00143750 0.00483458 -0.00064146
v -0.01877300 -0.00964075 -0.00118547
v -0.01108931 -0.00043307 -0.00122105
v 0.03997988 0.01880440 -0.00139335
v -0.00729648 0.00187701 -0.00068327
v 0.03060156 0.02584613 -0.00148026
v -0.00526476 -0.01043569 -0.00078431
v -0.03724941 -0.02805162 -0.00135273
v -0.01437677 -0.01713068 -0.00087193
v -0.02743065 0.01756895 -0.00143885
v -0.02848456 -0.02517810 -0.00119633
v -0.00723292 0.00102591 -0.00121183
v -0.00740419 -0.00404035 -0.00113713
v 0.01930538 0.01383726 -0.00131272
v -0.02832454 -0.02611054 -0.00116224
v -0.02588751 -0.01622180 -0.00127610
v -0.02560396 -0.01767191 -0.00098774
v -0.00507031 -0.01164321 -0.00082682
v -0.02315757 -0.01383797 -0.00091627
v 0.01807509 0.02801970 -0.00061585
v -0.04066757 0.02315767 -0.00154310
v -0.00384571 0.00579654 -0.00065110
v -0.04957139 -0.00282385 -0.00090199
v 0.00491772 0.01420648 -0.00121064
v -0.00516273 -0.01139156 -0.00117005
v -0.03227139 -0.00819456 -0.00078547
v 0.04669112 0.01541832 -0.00137891
v -0.00830832 0.00181182 -0.00067170
v 0.00306864 -0.00503130 -0.00070088
v 0.01788361 0.02866564 -0.00118644
v -0.01651896 -0.01702621 -0.00117167
v 0.01481655 0.02302333 -0.00055830
v 0.00296468 -0.00474823 -0.00108695
v -0.00750077 -0.00309927 -0.00073124
v -0.03186108 0.02659593 -0.00046745
v -0.01645148 -0.01720996 -0.00092103
v -0.04942747 -0.00389380 -0.00113215
v 0.03161649 0.02590290 -0.00148029
v -0.04648811 0.01587369 -0.00059755
v 0.01828563 0.01379357 -0.00133055
v -0.00824750 0.00096813 -0.00121046
v 0.01906908 0.02758004 -0.00131782
v -0.00617853 -0.01144601 -0.00117320
v -0.02744135 -0.02519828 -0.00109141
v 0.06192953 0.02240250 -0.00131666
v 0.02617788 0.01001217 -0.00069947
v -0.01367398 -0.01563370 -0.00114921
v -0.04871761 0.00456047 -0.00068205
v -0.02747518 -0.02510620 -0.00121699
v -0.04140898 0.00993487 -0.00063514
v -0.00608417 -0.01170294 -0.00082276
v -0.05056810 -0.00293025 -0.00083433
v -0.00744287 0.00227561 -0.00122691
v 0.01887592 0.02878404 -0.00127055
v -0.03816547 0.00888615 -0.00066197
v 0.04769999 0.01549166 -0.00140156
v -0.01966875 -0.02232576 -0.00071809
v -0.00639091 -0.00397903 -0.00114338
v -0.00535571 -0.01018806 -0.00112205
v -0.03286058 0.02649711 -0.00041011
v -0.02735342 -0.02585740 -0.00123814
v -0.03965415 0.02321859 -0.00154878
v -0.05040014 -0.00406563 -0.00097523
v -0.04749011 0.01578166 -0.00054942
v 0.06489319 0.02110260 0.00073891
v 0.00235937 -0.00727647 -0.00109498
v 0.00222439 0.02482227 -0.00056199
v 0.03171076 0.02609757 -0.00062135
v 0.04049937 0.02777699 -0.00165019
v -0.01999449 -0.02251988 -0.00077272
v 0.01075973 0.02278820 -0.00054728
v -0.02760911 -0.02406344 -0.00094975
v -0.04668938 0.01709975 -0.00058033
v -0.03439502 0.02853290 -0.00157472
v -0.04973223 0.00450280 -0.00068080
v -0.00844980 0.00219703 -0.00119715
v -0.01989402 0.01611192 -0.00059913
v -0.01887854 -0.00867526 -0.00081288
v -0.02087069 -0.02131283 -0.00078053
v -0.04674559 0.01657472 -0.00155372
v -0.00661495 -0.00269093 -0.00121076
v -0.02965469 -0.01792364 -0.00095405
v -0.00637963 -0.01022040 -0.00115538
v 0.00386582 0.01492841 -0.00058326
v -0.04953005 0.00327424 -0.00069462
v 0.04691453 0.01413205 -0.00131400
v -0.00648247 -0.00305164 -0.00071879
v -0.03273802 0.00051023 -0.00075807
v -0.00770662 -0.01428199 -0.00083891
v -0.00627047 -0.01051760 -0.00075001
v -0.01360404 -0.01582409 -0.00088954
v 0.00549599 0.01127585 -0.00059245
v -0.00730734 0.02674913 -0.00050791
v -0.02065773 -0.02257075 -0.00075428
v -0.04770354 0.01704086 -0.00057740
v -0.01066171 -0.00295348 -0.00116236
v 0.05192006 0.02149294 -0.00075242
v 0.04643020 0.02369559 -0.00076478
v -0.02072332 -0.02239217 -0.00099784
v -0.00778892 -0.01405795 -0.00114448
v -0.00021666 0.01476315 -0.00066755
v -0.01893555 0.02806564 -0.00146565
v 0.04687628 0.01491422 -0.00069135
v -0.00730651 -0.00430630 -0.00077439
v -0.00416372 0.01355112 -0.00101353
v -0.03387650 0.02644300 -0.00041371
v -0.03289036 -0.00447497 -0.00079029
v 0.00228513 0.00534694 -0.00126283
v -0.01155096 -0.00335248 -0.00069557
v -0.04488454 -0.00633839 -0.00086717
v -0.03697581 -0.02947466 -0.00110130
v -0.03302947 -0.00409619 -0.00130696
v -0.00789777 -0.01308347 -0.00078413
v 0.04541127 0.02364965 -0.00077955
v -0.01167396 -0.00301756 -0.00115238
v -0.02580874 -0.01643624 -0.00098362
v 0.04794465 0.01414746 -0.00125758
v -0.02279781 0.02662269 -0.00149668
v -0.03706752 -0.02922494 -0.00144191
v -0.03846234 0.01070683 -0.00062288
v -0.01543932 0.02632880 -0.00055390
v -0.02295187 -0.01507610 -0.00091703
v -0.03065541 -0.00559786 -0.00079341
v -0.03282804 -0.00532274 -0.00132350
v 0.00244595 0.00490907 -0.00066563
v -0.01732521 -0.01832929 -0.00116127
v 0.04788060 0.01499995 -0.00073090
v 0.01830691 0.02709126 -0.00009013
v -0.00627970 -0.00428184 -0.00073036
v -0.01147047 -0.00424973 -0.00116124
v -0.01793098 0.02815064 -0.00150413
v 0.05637022 0.02483347 -0.00154261
v 0.01380531 0.01606775 -0.00136305
v -0.03391124 -0.00451556 -0.00081239
v 0.00100330 0.01911621 -0.00138151
v -0.00667389 -0.01447287 -0.00099748
v -0.00770282 -0.00808171 -0.00077085
v 0.04078384 0.02011369 -0.00141227
v 0.04970220 0.01635864 -0.00073975
v -0.01546854 0.02573029 -0.00142707
v -0.05075035 0.01687595 -0.00058473
v 0.00408303 -0.00497298 -0.00070298
v -0.00688155 -0.01303015 -0.00077943
v -0.03385012 -0.00536007 -0.00134996
v -0.05774695 0.02103896 -0.00165889
v 0.01073187 0.02218596 -0.00141532
v 0.00160461 0.02854402 -0.00056977
v 0.00417744 -0.00590811 -0.00111701
v -0.02178543 0.02668642 -0.00150621
v -0.04894641 -0.00034914 -0.00082103
v 0.05534573 0.02480268 -0.00157804
v -0.01645073 0.02626240 -0.00054078
v -0.00262312 -0.00781139 -0.00075248
v 0.01482595 0.01610901 -0.00134193
v 0.00427817 -0.00618234 -0.00074299
v -0.02487782 -0.00994008 -0.00124174
v -0.05766219 0.02148622 -0.00057945
v -0.00761326 -0.00900362 -0.00120292
v -0.01776297 -0.00957056 -0.00120384
v -0.02475452 -0.01027581 -0.00078382
v 0.05617085 0.02605443 -0.00151844
v 0.00262267 0.02859234 -0.00055827
v -0.00872103 -0.00812958 -0.00078300
v 0.00224416 0.00613658 -0.00065040
v 0.01501661 0.02180051 -0.00057997
v 0.00321157 0.02427661 -0.00142979
v 0.00675033 0.00311399 -0.00128657
v -0.01649467 0.02570399 -0.00146864
v -0.00750277 0.00311678 -0.00068470
v 0.00315858 -0.00595423 -0.00113154
v -0.04160364 0.02356422 -0.00048558
v -0.00763896 0.00348758 -0.00119044
v -0.00668620 -0.01424011 -0.00081864
v -0.00851262 -0.00937512 -0.00077363
v -0.03117951 -0.00902530 -0.00126445
v -0.02464910 -0.01745154 -0.00121089
v -0.02498021 -0.00898322 -0.00085734
v 0.00326397 -0.00624117 -0.00074015
v -0.01568994 0.02701118 -0.00148463
v -0.03405388 -0.00412719 -0.00134208
v -0.03106787 -0.00932926 -0.00084990
v -0.02386341 -0.00988186 -0.00124372
v 0.00386809 -0.00370969 -0.00073655
v 0.05515317 0.02600504 -0.00152848
v -0.00863623 -0.00903853 -0.00123271
v -0.02416953 0.01715032 -0.00063563
v -0.02302676 -0.01487219 -0.00119517
v 0.00813061 0.01391921 -0.00058659
v 0.04151587 0.02782951 -0.00164442
v -0.02905749 -0.02158388 -0.00103016
v -0.00851849 0.00306214 -0.00068760
v -0.02805506 0.01577070 -0.00075306
v -0.03016491 -0.00896763 -0.00126570
v -0.00781447 -0.00777771 -0.00118547
v -0.03117806 -0.02766117 -0.00142079
v -0.00865381 0.00343057 -0.00119013
v -0.01671523 0.02698259 -0.00152305
v -0.00793815 0.02361222 -0.00137522
v 0.00285317 -0.00376651 -0.00073649
v -0.02394737 -0.00897516 -0.00079090
v 0.01848793 0.00082150 -0.00068714
v 0.00913616 0.01400154 -0.00062147
v 0.00366466 -0.00247766 -0.00072749
v 0.04238937 0.02273886 -0.00145902
v 0.01994701 0.00384542 -0.00127775
v -0.03208454 -0.02801328 -0.00101799
v -0.03097909 -0.01024910 -0.00128474
v 0.00391691 0.01411121 -0.00115815
v 0.02452043 0.02548223 -0.00144846
v 0.05110147 0.02022344 -0.00078776
v -0.00881866 -0.00786378 -0.00114555
v -0.00140921 0.00344678 -0.00067030
v 0.00374987 -0.00338780 -0.00117558
v -0.03130695 -0.02663214 -0.00113487
v -0.03086388 -0.01056274 -0.00085695
v 0.00323998 0.02487730 -0.00055961
v 0.02453186 0.02612918 -0.00064137
v -0.03132527 -0.02658225 -0.00120289
v -0.00894207 0.01731477 -0.00138810
v -0.02373955 -0.01021909 -0.00078376
v 0.04137998 0.02266695 -0.00143836
v -0.02995713 -0.01021143 -0.00125871
v -0.04312208 0.02555645 -0.00159074
v -0.02985194 -0.01049781 -0.00086808
v 0.03558998 0.02704298 -0.00103614
v -0.05389060 0.02249798 -0.00164973
v 0.00264684 -0.00252663 -0.00073814
v 0.02552912 0.02555606 -0.00147172
v -0.03541478 0.02848924 -0.00159257
v 0.01366209 0.00471453 -0.00123817
v -0.03230830 -0.02672593 -0.00108436
v 0.03186402 0.01280770 -0.00066892
v -0.01258905 0.02149633 -0.00056584
v -0.03005706 -0.00926126 -0.00086522
v 0.00273718 -0.00345068 -0.00116725
v -0.03231893 -0.02669700 -0.00112379
v -0.00391040 -0.01265928 -0.00105305
v 0.01362196 0.00550185 -0.00062257
v 0.04074376 0.02643351 -0.00150724
v -0.01260250 0.02085487 -0.00138041
v -0.00327803 0.01427883 -0.00113386
v -0.00377836 -0.01339493 -0.00098686
v 0.03453069 0.02710690 -0.00120075
v -0.03217561 -0.02776530 -0.00135621
v -0.02415739 -0.01393592 -0.00086009
v -0.01359411 0.02141263 -0.00052912
v 0.02555253 0.02617036 -0.00062013
v -0.00933544 0.02663070 -0.00050120
v -0.03555513 0.01712821 -0.00145707
v -0.05262352 0.00287430 -0.00128340
v 0.03465170 0.02609939 -0.00151603
v -0.00430696 0.01461920 -0.00078089
v -0.01340138 0.02020980 -0.00057798
v -0.00913468 0.02540597 -0.00052021
v -0.04210633 0.02561103 -0.00158775
v -0.02909929 -0.02147005 -0.00118541
v -0.00934260 0.02043959 -0.00058174
v -0.03536037 0.01606094 -0.00133931
v 0.00974897 0.01583133 -0.00135029
v -0.01265462 -0.01558894 -0.00113285
v -0.00038911 0.02819283 -0.00059248
v -0.01281523 0.02211216 -0.00140577
v 0.02473289 0.02490378 -0.00065949
v -0.05282560 0.00446466 -0.00086104
v -0.00044938 0.02849613 -0.00065931
v -0.00932625 0.00176318 -0.00068281
v 0.01484058 0.00432594 -0.00063075
v -0.03776511 0.00643988 -0.00070439
v -0.01589342 0.02824326 -0.00147566
v -0.03552460 0.01772316 -0.00057902
v 0.01468123 0.00475983 -0.00122254
v -0.00926116 0.00090788 -0.00120570
v -0.01014711 0.02534242 -0.00051094
v -0.01785755 -0.00863495 -0.00079045
v 0.00036860 0.02904482 -0.00144074
v -0.01690932 0.02884079 -0.00074446
v 0.01926316 0.02016288 -0.00141560
v -0.00558541 -0.00267392 -0.00115654
v 0.00133503 -0.00730765 -0.00112986
v -0.02828206 -0.02640755 -0.00120893
v -0.01383210 0.02206064 -0.00141294
v -0.03608895 0.01468761 -0.00088112
v -0.01034755 0.00172370 -0.00070637
v -0.03618363 0.01534116 -0.00078651
v -0.01246347 -0.01665540 -0.00103868
v 0.02575046 0.02495341 -0.00064976
v -0.01692599 0.02823453 -0.00154112
v -0.01027232 0.00084079 -0.00119163
v -0.00545508 -0.00302879 -0.00067253
v -0.03607246 0.01436039 -0.00113829
v 0.01463240 0.00557085 -0.00063926
v 0.01850471 0.01251901 -0.00128156
v -0.01362079 0.02080719 -0.00139277
v -0.03454018 0.01718496 -0.00145701
v 0.01076185 0.01589372 -0.00135798
v -0.00065133 0.02904599 -0.00140928
v -0.00938537 0.02608857 -0.00145121
v 0.01926916 0.02082464 -0.00062876
v -0.01014494 0.00049394 -0.00071858
v -0.05340067 0.00236989 -0.00017509
v -0.02717609 -0.02659860 -0.00087092
v -0.00790798 0.01799749 -0.00055244
v -0.03730283 0.01556825 -0.00117366
v -0.03439019 0.01633065 -0.00140278
v -0.00946783 0.00214866 -0.00120854
v -0.01034818 0.02656794 -0.00049302
v -0.03706127 0.01445603 -0.00078910
v 0.00913283 0.00158937 -0.00074171
v 0.00124179 0.00604559 -0.00060371
v -0.03719934 0.01528648 -0.00078935
v -0.03707312 0.01426470 -0.00108522
v -0.04963729 0.02773069 -0.00164177
v -0.05015267 0.01321436 -0.00065904
v 0.00163074 -0.00258028 -0.00074235
v -0.01039402 0.02601471 -0.00142790
v 0.00243866 0.02356081 -0.00053092
v 0.01387551 0.00413344 -0.00044563
v 0.00813458 0.00148716 -0.00067973
v -0.04139517 0.00300854 -0.00140236
v -0.01047866 0.00208068 -0.00119325
v 0.00182957 -0.00379971 -0.00076863
v -0.00892764 0.01795354 -0.00056993
v 0.06522714 0.01831731 0.00114462
v 0.02027950 0.02021585 -0.00141047
v 0.00171647 -0.00349179 -0.00118861
v 0.00996449 0.01456645 -0.00131455
v -0.03450258 0.01776064 -0.00055275
v 0.00893994 0.00279265 -0.00069343
v 0.04237735 0.02344965 -0.00073899
v -0.00457254 -0.00261151 -0.00116429
v 0.03959236 0.01500504 -0.00135713
v -0.05239318 0.00197241 -0.00073781
v -0.02263619 -0.00487050 -0.00116612
v 0.00061941 0.01530696 -0.00133183
v 0.00898892 0.00198118 -0.00127616
v 0.01153639 0.02349373 -0.00143217
v 0.00081900 -0.00386840 -0.00075239
v -0.03534135 0.01654611 -0.00066313
v 0.00995606 0.01526746 -0.00058122
v -0.03442350 -0.01418591 -0.00129332
v 0.02027976 0.02089323 -0.00064488
v -0.00537462 -0.00392597 -0.00113835
v -0.01623764 0.02500415 -0.00051411
v -0.03791536 -0.00557229 -0.00137019
v -0.04942473 0.02647385 -0.00161705
v -0.03634726 0.01646476 -0.00062956
v -0.00526766 -0.00421718 -0.00074113
v -0.04282634 0.00544122 -0.00141884
v 0.00068418 -0.00350131 -0.00125303
v 0.03976649 0.02006350 -0.00142121
v 0.01097206 0.01464327 -0.00134190
v 0.03858643 0.01492378 -0.00132371
v 0.00792773 0.00272843 -0.00068324
v 0.01947885 0.01957563 -0.00061463
v -0.04143633 -0.01483318 -0.00095240
v -0.03793545 0.00069308 -0.00139094
v -0.02483922 -0.01625581 -0.00115232
v -0.04628206 0.02084521 -0.00054304
v -0.03811094 -0.00436163 -0.00133195
v -0.03432626 0.01660250 -0.00066258
v 0.04075377 0.02708429 -0.00070539
v 0.00832998 0.00648767 -0.00066474
v -0.00181162 0.00589866 -0.00063554
v 0.01960306 0.02949993 -0.00247978
v -0.03798443 -0.00470613 -0.00086210
v 0.04136691 0.02338058 -0.00072224
v -0.00436550 -0.00385330 -0.00116001
v -0.04385301 0.00541640 -0.00146238
v 0.00797218 0.00192932 -0.00128279
v 0.01095926 0.01535621 -0.00062486
v -0.01521854 0.02504958 -0.00049864
v 0.04197765 0.02521605 -0.00145878
v -0.02780148 0.01387426 -0.00117131
v -0.00424386 -0.00418448 -0.00070829
v -0.03878435 0.00018420 -0.00077424
v -0.04840473 0.02651681 -0.00159822
v 0.04946638 0.02388942 -0.00079691
v 0.04217725 0.02467258 -0.00071754
v 0.02048379 0.01965961 -0.00065180
v -0.04245732 -0.01487350 -0.00097484
v -0.00981457 0.02861338 -0.00151594
v -0.03895278 0.00064279 -0.00139970
v -0.00282645 0.00584156 -0.00063508
v -0.04526717 0.02090207 -0.00054319
v -0.02855905 -0.00670447 -0.00082866
v -0.01320439 0.01831728 -0.00137568
v -0.01259889 -0.01574066 -0.00092594
v 0.04217958 0.02398813 -0.00147343
v 0.00730721 0.00645218 -0.00069377
v -0.03652363 0.01762302 -0.00051991
v -0.00099322 0.00712555 -0.00064933
v -0.02759396 0.02558038 -0.00046214
v -0.00445102 -0.00294242 -0.00071293
v -0.00100613 0.00720371 -0.00064863
v -0.00289297 -0.01260926 -0.00104383
v -0.04861717 0.02777334 -0.00162254
v 0.00085028 0.01414766 -0.00107279
v -0.03873683 -0.00062330 -0.00136238
v 0.01847698 0.01327254 -0.00061991
v -0.03633254 0.01582626 -0.00124958
v -0.03709393 -0.00431054 -0.00132423
v -0.00097421 0.00643877 -0.00129481
v -0.03657138 0.01707498 -0.00146183
v -0.04874381 -0.00157885 -0.00083323
v 0.04115820 0.02462700 -0.00073280
v -0.01706233 0.01686257 -0.00139070
v -0.04546595 0.02212143 -0.00051680
v -0.03753922 0.01756803 -0.00052229
v 0.04116745 0.02392369 -0.00146299
v -0.00022855 0.00785330 -0.00159056
v -0.02070191 -0.01623985 -0.00086439
v -0.02478481 -0.01640395 -0.00095024
v 0.00772136 0.01571159 -0.00134181
v -0.02798205 0.01489387 -0.00124659
v -0.04424427 0.02093721 -0.00051368
v -0.04559422 -0.01257106 0.00072615
v -0.03777223 -0.00596199 -0.00083870
v 0.00345283 0.02361969 -0.00053382
v -0.02050321 -0.01745895 -0.00089112
v -0.03738914 0.01648136 -0.00072960
v -0.04445721 0.02219511 -0.00053987
v -0.00993268 -0.00697271 -0.00074885
v -0.05502134 0.02411263 -0.00055049
v 0.02431410 0.02672207 -0.00145005
v -0.05184797 0.02257686 -0.00160249
v 0.04481956 0.02108441 -0.00073710
v 0.00514300 0.01291499 -0.00113862
v -0.02056542 -0.01728958 -0.00112211
v -0.02786651 0.01457927 -0.00081752
v 0.05026769 0.02520598 -0.00082572
v 0.00873849 0.01576237 -0.00133363
v -0.05156409 0.02801455 -0.00049434
v 0.03415419 0.02882556 -0.00181696
v -0.03689759 -0.00552317 -0.00135972
v -0.03674967 -0.00592596 -0.00081041
v -0.04363297 0.01102788 -0.00059129
v -0.00160217 0.00465025 -0.00062226
v 0.04380891 0.02101589 -0.00072108
v -0.05286768 0.02253306 -0.00162016
v -0.01342412 -0.01699211 -0.00098594
v 0.00793404 0.01445439 -0.00131654
v 0.01949194 0.00090805 -0.00072776
v 0.03513803 0.02885152 -0.00206284
v -0.02153353 -0.01747381 -0.00094825
v 0.04176636 0.02646946 -0.00147883
v -0.00156955 0.00388335 -0.00126576
v 0.02532864 0.02677996 -0.00145155
v 0.04461509 0.02231920 -0.00073182
v -0.04343119 0.02222168 -0.00049873
v -0.05054686 0.02806506 -0.00048582
v -0.03696291 -0.00466724 -0.00083772
v -0.02159644 -0.01730257 -0.00118180
v 0.05048131 0.02394623 -0.00079700
v 0.00792418 0.01515931 -0.00058854
v 0.00895004 0.01450829 -0.00131263
v -0.04322839 0.02099141 -0.00051017
v -0.03796854 0.00146124 -0.00074919
v -0.04465278 0.01098435 -0.00060933
v -0.00262568 0.00461683 -0.00065412
v 0.00893852 0.01521775 -0.00059080
v -0.02336632 0.02399425 -0.00136805
v -0.02077836 -0.01603169 -0.00114830
v 0.04462110 0.02162477 -0.00147413
v -0.06256503 0.01937823 -0.00147035
v 0.04703964 0.02553460 -0.00150614
v -0.00258068 0.00381619 -0.00125160
v -0.04218596 -0.00454723 -0.00138850
v 0.02982625 0.01271559 -0.00069813
v -0.01689910 0.01594005 -0.00132359
v -0.02418426 0.02272296 -0.00140101
v -0.02396219 -0.01514547 -0.00089985
v -0.03898657 0.00141288 -0.00076063
v -0.00241794 0.00337308 -0.00064723
v 0.04360570 0.02224725 -0.00071110
v 0.05120148 0.02518686 -0.00146192
v -0.06206182 0.01897552 -0.00089448
v -0.00177306 0.00511555 -0.00125694
v -0.01789115 0.02183160 -0.00141023
v -0.02172081 -0.01628583 -0.00087910
v 0.02881353 0.01265279 -0.00068989
v -0.02430465 0.02372886 -0.00108348
v -0.06155091 0.01943730 -0.00147343
v -0.06138099 0.01837615 -0.00151726
v -0.02415823 0.02333019 -0.00053974
v 0.05210571 0.02584193 -0.00153828
v -0.03818024 0.00271571 -0.00077070
v 0.00009557 0.00013556 -0.00114506
v -0.04117122 -0.00448993 -0.00138923
v -0.06071918 0.02755972 -0.00057069
v -0.02179549 -0.01608251 -0.00115641
v -0.00546609 -0.00920940 -0.00076741
v 0.04361031 0.02155668 -0.00145866
v -0.03676857 0.00654678 -0.00077272
v -0.02317538 0.02279626 -0.00142356
v 0.01584214 0.01616238 -0.00133732
v -0.04473101 0.02294059 -0.00155665
v 0.02961785 0.01396103 -0.00070738
v -0.00279333 0.00507326 -0.00127665
v -0.03813220 0.00190686 -0.00135698
v -0.01685495 0.02183046 -0.00133125
v -0.00648483 -0.00925587 -0.00078144
v 0.03199191 0.02903713 -0.00234846
v 0.00834935 0.01196746 -0.00130348
v 0.01461302 0.01183431 -0.00065739
v -0.03126500 -0.00811446 -0.00081730
v -0.04566669 0.02334606 -0.00049769
v -0.00954220 0.00302921 -0.00072013
v -0.06171840 0.02746011 -0.00051225
v 0.02965980 0.01316880 -0.00131629
v -0.03919522 0.00265907 -0.00077089
v 0.01258599 0.01171301 -0.00064674
v 0.01685404 0.01622748 -0.00134867
v 0.00460101 0.01256210 -0.00070753
v 0.00832849 0.01270231 -0.00061631
v -0.04452650 0.02170567 -0.00156178
v 0.02860728 0.01389240 -0.00069117
v -0.00778165 0.02871862 -0.00150465
v -0.03915067 0.00185969 -0.00137007
v 0.06385402 0.02322559 -0.00123139
v -0.03390924 0.00168959 -0.00075096
v 0.00204505 0.00735677 -0.00062519
v -0.04241461 0.01606339 -0.00054661
v -0.02890470 -0.02267800 -0.00122734
v -0.04058495 0.02361082 -0.00047169
v 0.05112448 0.01948272 -0.00146696
v 0.02864503 0.01311158 -0.00131565
v 0.03219288 0.02866034 -0.00140998
v 0.01562729 0.01189293 -0.00065989
v -0.01340938 -0.01703226 -0.00093119
v -0.02403938 -0.01493528 -0.00118653
v 0.00936391 0.01202526 -0.00130491
v -0.02906699 0.01570575 -0.00074189
v 0.01783482 0.02909898 -0.00102873
v 0.02945112 0.01441504 -0.00132661
v 0.06483468 0.02293213 -0.00171061
v -0.01960679 0.01397367 -0.00106163
v 0.01737696 0.02610195 -0.00056504
v -0.04627342 0.01461103 -0.00056483
v 0.01724335 0.02691060 -0.00055964
v -0.01319718 0.01897570 -0.00058427
v -0.03268535 -0.00571125 -0.00079359
v -0.03259387 -0.00042777 -0.00116459
v -0.05705658 0.02401369 -0.00057036
v 0.01542209 0.01312969 -0.00065733
v -0.04607135 0.01338280 -0.00057911
v 0.00915795 0.01326412 -0.00130515
v 0.02843616 0.01435831 -0.00132664
v 0.05311548 0.02038028 -0.00084687
v 0.03317561 0.02870619 -0.00164100
v -0.03956837 0.02366310 -0.00046556
v -0.04350887 0.02175511 -0.00155183
v 0.05315616 0.01959133 -0.00146027
v 0.06466331 0.02413702 -0.00166285
v 0.01622465 0.02686405 -0.00057353
v -0.01765422 -0.00986667 -0.00079994
v -0.03742825 -0.02688666 -0.00125221
v -0.04708789 0.01333034 -0.00058494
v -0.03370902 -0.00574422 -0.00082603
v 0.05009061 0.02015555 -0.00077262
v -0.00241720 -0.00905019 -0.00075233
v 0.01882549 0.02900266 -0.00136613
v -0.03736921 -0.02704741 -0.00103297
v 0.05211248 0.02029096 -0.00080247
v 0.00934406 0.01275738 -0.00061399
v 0.04728869 0.01796768 -0.00139970
v 0.03996380 0.01331562 -0.00074238
v -0.04371579 0.02299660 -0.00155565
v -0.03835449 -0.02718490 -0.00092283
v 0.05214206 0.01953231 -0.00145719
v 0.01784343 0.02945308 -0.00057102
v 0.00853610 0.01145897 -0.00060993
v -0.04587296 0.01216448 -0.00060688
v 0.02392628 0.02910060 -0.00139897
v 0.05295127 0.02082737 -0.00145667
v 0.01804513 0.02855528 -0.00021513
v -0.05603673 0.02405707 -0.00055211
v 0.03976197 0.01454322 -0.00072724
v 0.04582424 0.02116910 -0.00077522
v -0.04590682 0.01157861 -0.00149727
v -0.03540512 -0.02054405 -0.00122346
v -0.05684769 0.02276685 -0.00055928
v -0.00252841 -0.00874735 -0.00116539
v -0.02264763 -0.00444486 -0.00076374
v 0.01052278 0.02343338 -0.00142723
v -0.03533963 -0.02072238 -0.00098021
v -0.06276670 0.02060542 -0.00145463
v -0.04688721 0.01210585 -0.00060432
v 0.03980307 0.01375327 -0.00133930
v 0.05193583 0.02077192 -0.00145844
v -0.02193742 0.01603519 -0.00064930
v 0.03874767 0.01448472 -0.00072486
v 0.01890808 0.02937456 -0.00038648
v -0.06262127 0.01971901 -0.00146760
v -0.01054846 0.02779134 -0.00047218
v 0.00415804 0.01277657 -0.00102726
v -0.04692742 0.01153727 -0.00151829
v 0.00305766 0.00120929 -0.00068782
v -0.00663349 0.00357014 -0.00122566
v 0.00954962 0.01151962 -0.00061527
v -0.02457887 -0.01764277 -0.00095008
v -0.03024760 -0.00806443 -0.00080812
v 0.01902492 0.02865350 -0.00040696
v 0.03895610 0.01323920 -0.00071558
v -0.04611893 0.01283421 -0.00152034
v 0.03879447 0.01367925 -0.00131574
v -0.06276572 0.02128085 -0.00068641
v -0.05583631 0.02283333 -0.00057249
v 0.01360312 0.01176382 -0.00063865
v -0.04750377 0.02202950 -0.00054631
v 0.00203449 0.00117490 -0.00071833
v -0.01957990 0.01390050 -0.00096183
v -0.06267728 0.02072059 -0.00071818
v -0.01908402 -0.00743776 -0.00081126
v -0.03439758 -0.02046711 -0.00125096
v -0.06178701 0.02075819 -0.00158558
v 0.00055313 0.02790868 -0.00147013
v -0.02897510 0.01477749 -0.00116526
v 0.03046383 0.01447787 -0.00133488
v 0.00423017 0.01258018 -0.00075938
v -0.02890190 0.01457815 -0.00089338
v -0.01564651 0.02757103 -0.00055876
v -0.01163287 -0.01555073 -0.00110759
v -0.04714510 0.01280801 -0.00156202
v -0.03432703 -0.02065920 -0.00098896
v 0.03085248 0.01274161 -0.00065620
v -0.00789997 -0.00686684 -0.00073838
v -0.00866378 0.02877701 -0.00047377
v 0.01951524 0.01258785 -0.00129804
v 0.00467796 0.01621543 -0.00057176
v -0.00801574 -0.00655164 -0.00116832
v -0.01664929 0.02748115 -0.00051359
v -0.01241167 -0.01692851 -0.00099525
v -0.02394654 0.02207573 -0.00051826
v -0.06173595 0.02129727 -0.00063139
v -0.00183222 0.01769787 -0.00136872
v -0.00045627 0.02783683 -0.00144950
v -0.04431801 0.02045992 -0.00155217
v 0.01604556 0.01493042 -0.00134644
v 0.00142388 0.01661489 -0.00134889
v -0.05162189 0.01507254 -0.00158140
v -0.01584658 0.02879385 -0.00053715
v 0.04382945 0.02028186 -0.00140937
v 0.05012041 0.01939636 -0.00142658
v -0.02821665 0.01621072 -0.00135319
v -0.06257628 0.02008695 -0.00074748
v -0.02061040 0.01388607 -0.00101957
v -0.00891601 -0.00692065 -0.00074241
v 0.06509148 0.01952095 -0.00047413
v -0.04633024 0.01408764 -0.00154048
v 0.00469223 0.01549851 -0.00128343
v -0.02293099 0.02213084 -0.00051597
v -0.04729934 0.01458415 -0.00060560
v 0.02921837 0.01640494 -0.00066175
v 0.01603143 0.01564703 -0.00063441
v 0.06490402 0.02029709 0.00014541
v -0.02764272 0.01882443 -0.00146174
v -0.04735384 0.01405447 -0.00157261
v 0.02942474 0.01516497 -0.00065995
v -0.01806752 -0.00738522 -0.00080549
v 0.03916945 0.01751273 -0.00139851
v -0.04653512 0.01532357 -0.00153669
v 0.04482056 0.02040359 -0.00149799
v -0.01480695 -0.00226977 -0.00071507
v 0.02491337 0.02906815 -0.00168855
v -0.01818521 -0.00706478 -0.00124256
v 0.01706387 0.01497803 -0.00133402
v -0.06154396 0.02009642 -0.00068297
v 0.00143107 0.01727336 -0.00055747
v -0.01056543 0.02162693 -0.00058915
v 0.02840534 0.01512035 -0.00067652
v 0.01237697 0.01849271 -0.00136903
v -0.02177216 0.01490713 -0.00080018
v -0.02313623 0.02336777 -0.00051356
v -0.04755231 0.01527292 -0.00154503
v -0.02967101 0.01870651 -0.00145576
v 0.02903095 0.01691523 -0.00135774
v -0.00669611 0.00441872 -0.00069358
v 0.06514144 0.01891615 0.00033788
v 0.04724792 0.02428939 -0.00149729
v -0.00162187 0.01644704 -0.00135215
v 0.00671158 0.00389753 -0.00066575
v 0.01704501 0.01570745 -0.00063941
v -0.02055784 0.01374294 -0.00082435
v -0.04330592 0.02052447 -0.00156279
v 0.03084505 0.00655122 -0.00073774
v 0.00407017 0.01990460 -0.00053514
v -0.01581830 -0.00233634 -0.00070170
v 0.05093017 0.02068985 -0.00142393
v -0.00144159 0.02837745 -0.00057484
v 0.01949366 0.01332461 -0.00061350
v -0.01058533 0.02100302 -0.00142765
v 0.00691155 0.01509631 -0.00058003
v 0.06493922 0.01968985 0.00095959
v 0.01136013 0.01844113 -0.00137611
v 0.03112741 0.00465868 -0.00095625
v -0.00508319 0.02565565 -0.00055113
v -0.01157699 0.02156091 -0.00057652
v 0.05088614 0.02702042 -0.00153358
v 0.00243119 0.01669238 -0.00137715
v 0.01623330 0.01441927 -0.00064930
v -0.00244800 0.02829744 -0.00054310
v 0.03113368 0.00454646 -0.00104023
v 0.02924071 0.01566598 -0.00134330
v -0.00488367 0.02443435 -0.00057481
v -0.01623264 -0.00606262 -0.00076515
v 0.03099146 0.00547444 -0.00095860
v -0.01158975 0.02091758 -0.00138853
v 0.00569535 0.00384428 -0.00067057
v 0.01792161 0.00371968 -0.00126109
v -0.06060850 0.02590218 -0.00168892
v 0.02192040 0.00479084 -0.00072291
v 0.01725335 0.01446213 -0.00063038
v 0.00650371 0.00514163 -0.00067317
v -0.00167712 0.02901877 -0.00144953
v -0.04410799 0.01920998 -0.00153682
v 0.01156677 0.01720039 -0.00137327
v -0.05604064 0.01785712 -0.00062062
v 0.04804517 0.02561693 -0.00154102
v 0.01894411 0.00375587 -0.00123301
v 0.02819551 0.01636977 -0.00069114
v -0.01724994 -0.01232358 -0.00082786
v -0.01078525 0.02222544 -0.00140550
v 0.03816185 0.01743596 -0.00137122
v 0.02999480 0.00536796 -0.00089076
v 0.02293568 0.00484671 -0.00072172
v 0.00244821 0.01732414 -0.00054933
v -0.03490554 0.02021395 -0.00051994
v -0.04760646 0.02784168 -0.00163835
v -0.03481032 -0.01798719 -0.00125447
v -0.01735333 -0.01204210 -0.00121174
v 0.00655365 0.00432757 -0.00125230
v -0.02923520 0.01616370 -0.00136653
v 0.01157840 0.01784684 -0.00056550
v -0.03248167 -0.00073326 -0.00074791
v 0.03087282 0.00599426 -0.00117735
v 0.02822990 0.01559800 -0.00132801
v -0.00598165 -0.01266018 -0.00120661
v -0.02944558 -0.00674978 -0.00083433
v -0.06163180 0.02586816 -0.00171989
v -0.05502615 0.01791511 -0.00062230
v 0.03070552 0.00693110 -0.00125587
v 0.00548728 0.00508886 -0.00067860
v -0.00464640 -0.00173231 -0.00067396
v -0.00268576 0.02894482 -0.00142610
v -0.01810496 0.02309181 -0.00143956
v 0.06035457 0.02651259 -0.00041688
v 0.01258713 0.01724240 -0.00135316
v -0.01180084 0.02217043 -0.00140785
v 0.03100755 0.02902083 -0.00209538
v 0.05939011 0.02648257 -0.00017918
v -0.05261988 0.00127245 0.00007897
v -0.04658446 0.02787919 -0.00161210
v -0.01826552 -0.01237864 -0.00083015
v -0.06082764 0.02717691 -0.00173808
v -0.05214956 0.00083315 -0.00036976
v -0.05182837 0.01631286 -0.00158360
v 0.05195115 0.02694087 -0.00134766
v -0.01701457 -0.02014878 -0.00110560
v -0.00562837 0.00365368 -0.00126216
v -0.03822505 0.01525901 -0.00082927
v 0.00553546 0.00427961 -0.00126432
v -0.01744956 -0.01110201 -0.00080448
v 0.02969011 0.00687562 -0.00125761
v -0.01806652 0.02366523 -0.00053221
v 0.01258367 0.01792990 -0.00060139
v -0.03196612 -0.01659249 -0.00123500
v -0.02766613 0.02509878 -0.00149476
v 0.02984173 0.00646282 -0.00069459
v -0.01754849 -0.01083266 -0.00117186
v -0.03812056 0.01429642 -0.00120588
v 0.03144546 0.01530345 -0.00069404
v -0.06184092 0.02711560 -0.00173185
v 0.06015244 0.02691059 -0.00133952
v 0.02991049 0.00558414 -0.00121891
v -0.03816929 -0.00352473 -0.00078395
v 0.04176302 0.02715654 -0.00072657
v -0.04813250 0.00093311 -0.00080299
v 0.00001657 0.00723939 -0.00061991
v -0.03920698 0.01511235 -0.00070671
v -0.01708236 0.02312773 -0.00141114
v -0.04403702 0.01969485 -0.00050865
v 0.01177661 0.01662905 -0.00059400
v 0.00003004 0.00652466 -0.00133451
v -0.04587566 0.01838251 -0.00056303
v -0.03916842 0.01432926 -0.00132808
v -0.03768517 -0.01929836 -0.00138786
v -0.01846937 -0.01114554 -0.00082252
v 0.00021704 0.00601545 -0.00064002
v 0.03121032 0.02861218 -0.00118070
v -0.05197241 -0.00004035 0.00021099
v -0.01858201 -0.01083883 -0.00124086
v 0.03124922 0.01651586 -0.00065818
v -0.03194155 0.01439376 -0.00087413
v -0.03903071 0.01395432 -0.00081669
v -0.03553783 -0.00087272 -0.00078993
v -0.03826981 0.01523137 -0.00116407
v -0.01115984 0.01906894 -0.00055659
v -0.03715648 -0.00346210 -0.00079197
v -0.05166369 0.02760762 -0.00162880
v -0.01838223 -0.01206087 -0.00126359
v 0.01867587 0.01205300 -0.00064597
v -0.05262664 0.00065822 0.00089931
v 0.03126254 0.01580151 -0.00137336
v -0.03094291 -0.01655826 -0.00120430
v -0.00079262 0.00594432 -0.00062040
v -0.05950187 0.02017673 -0.00063771
v 0.01278782 0.01669594 -0.00060780
v -0.03213428 0.01559659 -0.00082524
v -0.03169510 -0.01800850 -0.00099318
v -0.03654676 -0.00094585 -0.00076759
v 0.04419951 0.02480688 -0.00074586
v -0.01785546 0.02241246 -0.00051298
v -0.01888249 -0.00245393 -0.00077354
v 0.03023204 0.01646517 -0.00066648
v -0.00147054 0.02777825 -0.00144703
v -0.01898898 -0.00216396 -0.00116905
v 0.04627184 0.01791616 -0.00140684
v -0.02955511 -0.00645155 -0.00124107
v -0.03175438 -0.01784709 -0.00121330
v 0.05235360 0.01827831 -0.00143629
v -0.05064291 0.02764851 -0.00160713
v -0.03572943 0.00032702 -0.00073683
v 0.00198367 -0.01110800 -0.00101487
v 0.05255246 0.01711390 -0.00140025
v -0.03201225 0.01458628 -0.00113673
v -0.03939867 0.01563424 -0.00141853
v 0.03043928 0.01522282 -0.00066145
v 0.04422332 0.02406395 -0.00142204
v -0.03187676 -0.01683581 -0.00090312
v 0.03025476 0.01572522 -0.00134669
v 0.02274350 0.02941563 -0.00211836
v -0.03317217 0.01560231 -0.00091047
v 0.04319166 0.02473072 -0.00071943
v -0.00567160 0.00444948 -0.00065809
v 0.02413319 0.02236017 -0.00064655
v 0.06334922 0.02106834 -0.00013935
v -0.06583517 0.02738825 -0.00072392
v 0.01094064 0.02093947 -0.00140467
v -0.01907930 -0.01366127 -0.00084764
v -0.00249148 0.02773779 -0.00146928
v 0.03106023 0.01703044 -0.00136006
v 0.00177724 -0.00986786 -0.00101686
v -0.03568428 -0.00047396 -0.00133381
v 0.04339015 0.02351223 -0.00074696
v -0.03295871 0.01434307 -0.00088243
v -0.05145564 0.02636309 -0.00162077
v -0.03067318 -0.01797074 -0.00096721
v -0.01998564 -0.00240782 -0.00125593
v -0.01684936 0.02249333 -0.00054585
v -0.03304431 0.01457607 -0.00120024
v 0.00183633 -0.01002875 -0.00079743
v -0.03674263 0.00026549 -0.00073033
v -0.01888034 -0.01488103 -0.00087342
v 0.05336529 0.01834394 -0.00144840
v -0.00228589 0.02649993 -0.00147038
v 0.00199666 -0.01095182 -0.00075071
v -0.03759734 -0.01953752 -0.00106166
v 0.04400060 0.02534847 -0.00148454
v -0.03960641 0.01066738 -0.00147938
v -0.01895259 -0.01468432 -0.00114173
v 0.02311763 0.02230511 -0.00064884
v -0.03074841 -0.01776592 -0.00124656
v 0.05351614 0.01749999 -0.00137666
v 0.00280574 -0.00984801 -0.00096653
v 0.03004292 0.01698012 -0.00136881
v -0.03670457 -0.00051616 -0.00135362
v 0.05271572 0.01661426 -0.00085612
v -0.06478503 0.02734915 -0.00059318
v -0.02295296 0.01598001 -0.00065144
v -0.01704501 0.02370411 -0.00050782
v -0.01996654 -0.01474380 -0.00113801
v -0.03087829 -0.01673418 -0.00096437
v -0.03939426 0.00941164 -0.00145613
v 0.00284753 -0.00996175 -0.00081141
v 0.04298532 0.02529263 -0.00148579
v -0.01988806 -0.01495749 -0.00084657
v -0.05044261 0.02642507 -0.00162791
v 0.04196869 0.02591854 -0.00072746
v -0.00305823 0.02578262 -0.00056944
v 0.05280486 0.01581731 -0.00114997
v -0.03664103 -0.01932111 -0.00127940
v -0.03226112 0.01594194 -0.00129628
v -0.04039864 0.01000419 -0.00065226
v 0.02920405 0.00381491 -0.00105699
v 0.01968592 0.01212308 -0.00066413
v 0.00163909 0.01602892 -0.00054963
v 0.04319637 0.02403987 -0.00146662
v 0.04096269 0.02583742 -0.00069422
v -0.03655995 -0.01954187 -0.00097828
v 0.01422571 0.01356693 -0.00133106
v -0.03316591 0.01527379 -0.00123845
v 0.00367719 0.01544198 -0.00128373
v -0.04040668 0.00934799 -0.00144670
v -0.00939605 0.01437447 -0.00083415
v 0.05253206 0.01779238 -0.00077354
v -0.04176364 -0.00630426 -0.00087507
v -0.03618318 0.02087249 -0.00149556
v -0.00934761 0.01388598 -0.00105638
v 0.03103722 0.01777115 -0.00068083
v -0.02987909 0.01995115 -0.00146388
v 0.04991207 0.02064168 -0.00143565
v 0.05373039 0.01667176 -0.00085715
v 0.02913325 0.00421545 -0.00108570
v 0.00203966 -0.00504986 -0.00075297
v -0.00873855 0.02297126 -0.00057841
v -0.04567467 0.01094650 -0.00063511
v 0.00194550 -0.00479348 -0.00110264
v -0.04429912 0.01419788 -0.00153593
v 0.00855140 0.01073922 -0.00131773
v -0.01031854 0.01362943 -0.00098301
v -0.03816119 0.00819640 -0.00141063
v 0.03002066 0.01771878 -0.00068681
v 0.04373703 0.02998119 -0.00101234
v -0.04061525 0.01059399 -0.00145671
v 0.05377200 0.01614182 -0.00117246
v 0.00214309 -0.00600950 -0.00113356
v -0.01040520 0.01430194 -0.00081263
v -0.04668631 0.01088077 -0.00062288
v 0.00711146 0.01387388 -0.00060218
v 0.04440202 0.02357740 -0.00075840
v 0.00102511 -0.00510767 -0.00075154
v -0.03009493 0.02121693 -0.00150084
v -0.04218683 -0.00525057 -0.00085701
v 0.00527379 0.02498014 -0.00054508
v -0.03344139 -0.00161851 -0.00130738
v -0.03538050 -0.02682170 -0.00118596
v 0.05354116 0.01786509 -0.00079527
v -0.00650791 0.02807074 -0.00054359
v -0.00263630 0.01638886 -0.00135023
v 0.00404579 0.01929290 -0.00139024
v 0.00550145 0.02368224 -0.00046430
v -0.03537234 -0.02684394 -0.00115565
v 0.00111743 -0.00603710 -0.00117335
v -0.04096797 -0.00572139 -0.00139906
v 0.00956821 0.01079094 -0.00131083
v 0.04443367 0.02281316 -0.00140553
v -0.01711233 -0.01958703 -0.00113527
v -0.01218807 0.01837032 -0.00137062
v 0.04416583 0.02924516 -0.00166746
v -0.03445699 -0.00167346 -0.00130983
v -0.04083075 -0.00609503 -0.00088945
v -0.01156653 -0.01573132 -0.00086125
v -0.03640074 -0.02686407 -0.00120561
v 0.04648180 0.01666639 -0.00139173
v 0.00446837 0.02367487 -0.00053166
v -0.04309237 0.01926492 -0.00153431
v -0.02907343 0.02125585 -0.00147651
v -0.02508753 -0.00869101 -0.00125590
v -0.03638210 -0.02691481 -0.00113639
v 0.03083117 0.01901026 -0.00068141
v -0.04102754 -0.00488113 -0.00085566
v -0.03248761 -0.00692773 -0.00082386
v -0.00649747 0.00319979 -0.00072053
v 0.04340215 0.02280145 -0.00146699
v -0.04589843 -0.00018739 -0.00080937
v -0.01949163 -0.01739304 -0.00090358
v -0.00901932 -0.01285000 -0.00118000
v 0.00090894 -0.00479136 -0.00118296
v 0.03084839 0.01828529 -0.00138206
v 0.03668485 0.02620408 -0.00150401
v 0.01771567 0.00495844 -0.00126121
v 0.00207752 0.00659030 -0.00126924
v -0.03241381 -0.00780674 -0.00131443
v -0.00879188 0.02864903 -0.00148719
v 0.04679433 0.02708673 -0.00141999
v 0.02981154 0.01896622 -0.00069880
v 0.05334846 0.01906781 -0.00074619
v 0.00524036 0.02439312 -0.00143388
v -0.03349756 -0.00699808 -0.00080534
v -0.00920868 0.01318627 -0.00090300
v 0.03245263 0.02712455 -0.00137965
v 0.01751682 0.00617798 -0.00123506
v -0.02407773 -0.00862021 -0.00127504
v -0.00925330 0.01330771 -0.00106861
v 0.02983290 0.01823001 -0.00138410
v 0.01766213 0.00578231 -0.00069544
v 0.00425801 0.02492566 -0.00054820
v -0.01561834 -0.00976950 -0.00077763
v -0.03330135 -0.00821040 -0.00084126
v 0.00265407 0.01608556 -0.00054948
v -0.01572520 -0.00947849 -0.00117454
v -0.01847495 -0.01734100 -0.00089717
v -0.03342556 -0.00787221 -0.00130253
v -0.05531016 0.02489908 -0.00162315
v 0.05232134 0.01904415 -0.00079139
v 0.03063824 0.01953556 -0.00139790
v -0.01604400 0.01691010 -0.00137812
v 0.03147239 0.01455204 -0.00135862
v 0.00422430 0.02433939 -0.00143803
v -0.06030453 0.02507456 -0.00056007
v -0.03261869 -0.00657081 -0.00131068
v -0.01066054 -0.00916725 -0.00121202
v 0.01872684 0.00502550 -0.00127522
v -0.01664470 -0.00979517 -0.00082005
v -0.04302256 0.01975290 -0.00051042
v 0.02962468 0.01947505 -0.00139277
v -0.01085558 -0.00795817 -0.00117161
v 0.01852998 0.00623958 -0.00124171
v -0.01425357 0.02456434 -0.00144886
v -0.05428682 0.02493295 -0.00159193
v -0.06050694 0.02630373 -0.00054707
v -0.03363102 -0.00663471 -0.00130092
v 0.03262443 0.02597872 -0.00150630
v -0.01074069 -0.00827096 -0.00074501
v -0.00342527 0.01503879 -0.00127571
v 0.01867833 0.00583567 -0.00069081
v 0.02717465 0.02186162 -0.00142378
v -0.01582309 -0.00853392 -0.00077342
v -0.03349907 -0.00078334 -0.00075700
v -0.04325241 0.00795753 -0.00147191
v -0.04630177 0.00779951 -0.00148866
v 0.01788461 0.00449846 -0.00063380
v -0.01593997 -0.00821565 -0.00120753
v -0.03512701 -0.00334747 -0.00079353
v -0.06152862 0.02626528 -0.00057210
v 0.02353438 0.01913616 -0.00139506
v -0.03526908 -0.00296065 -0.00132109
v 0.03267827 0.02641486 -0.00064924
v 0.00632504 0.01183874 -0.00128279
v 0.00610175 0.01380285 -0.00058271
v -0.04711475 -0.00998300 0.00049532
v -0.02324070 -0.01361161 -0.00122505
v 0.04502233 0.02538676 -0.00145939
v -0.00985017 -0.00787543 -0.00120704
v -0.01323464 0.02461027 -0.00143409
v 0.00694314 0.00812154 -0.00128120
v -0.02707541 0.02766680 -0.00154097
v -0.06132873 0.02504296 -0.00059440
v -0.03558453 -0.02558810 -0.00117906
v -0.00572650 -0.01403295 -0.00102372
v -0.03613974 -0.00341028 -0.00078526
v -0.03557899 -0.02560320 -0.00115843
v 0.04035888 0.02262689 -0.00146113
v -0.00102620 0.02589028 -0.00056150
v 0.03364425 0.02602223 -0.00148820
v -0.00973098 -0.00819998 -0.00076438
v -0.01683396 -0.00860177 -0.00075828
v -0.00284653 0.01763937 -0.00136637
v -0.02096558 0.02795250 -0.00146614
v -0.01694978 -0.00828641 -0.00118840
v 0.00629619 0.01259538 -0.00062525
v 0.01887964 0.00460946 -0.00070777
v -0.03879746 -0.00599075 -0.00087684
v 0.04057429 0.02136239 -0.00142591
v -0.03659091 -0.02566817 -0.00114723
v 0.02454615 0.01920156 -0.00140684
v 0.03285683 0.01913528 -0.00069712
v -0.01402775 0.02327141 -0.00137486
v -0.00549269 0.02812677 -0.00054258
v -0.03658585 -0.02568196 -0.00112840
v -0.00203448 0.02581540 -0.00053672
v -0.00586422 -0.01297990 -0.00077055
v -0.01672558 -0.00957494 -0.00112043
v -0.01054130 -0.00949193 -0.00076915
v 0.03287206 0.01841577 -0.00140522
v -0.03577410 -0.02439390 -0.00111836
v 0.03954348 0.02202686 -0.00072016
v 0.02738375 0.02061424 -0.00141187
v -0.00571264 -0.01404330 -0.00094139
v -0.02091610 0.02849583 -0.00051774
v 0.00796115 0.00816997 -0.00126979
v 0.03306770 0.01788305 -0.00067866
v -0.00123058 0.02712488 -0.00055589
v 0.03934672 0.02256263 -0.00145091
v -0.03576996 -0.02440514 -0.00110304
v -0.03981737 -0.00603397 -0.00089534
v 0.03184131 0.01908013 -0.00069932
v 0.03350558 0.02707786 -0.00123860
v 0.00733666 0.01190457 -0.00129511
v -0.00127462 0.02656668 -0.00148405
v 0.02738790 0.02128102 -0.00063188
v 0.03955492 0.02131764 -0.00144233
v -0.03899880 -0.00476446 -0.00085994
v -0.01996113 0.02803783 -0.00150514
v -0.01400052 0.02387534 -0.00050914
v 0.00731552 0.01264019 -0.00060899
v 0.03205732 0.01781390 -0.00066175
v -0.03678169 -0.02447066 -0.00109108
v -0.00964072 -0.00912380 -0.00119383
v -0.00225344 0.02708965 -0.00058528
v -0.01301461 0.02333312 -0.00138160
v -0.03678394 -0.02446455 -0.00109944
v 0.00715051 0.00687884 -0.00127571
v 0.02840133 0.02066376 -0.00140205
v -0.01138785 0.01968978 -0.00140339
v -0.00953346 -0.00941583 -0.00079554
v -0.03893363 -0.00561999 -0.00138255
v -0.00485842 -0.01289824 -0.00080451
v 0.02916578 0.00412689 -0.00096494
v 0.00670965 0.01564602 -0.00132978
v -0.00473987 -0.01381956 -0.00103929
v -0.01982055 0.02804343 -0.00054512
v 0.00650964 0.01133612 -0.00059724
v -0.04528633 0.00785498 -0.00148692
v 0.00711390 0.00765658 -0.00064704
v -0.04001094 -0.00482885 -0.00084956
v -0.05467341 0.01492047 -0.00160621
v -0.00496598 -0.01260537 -0.00120399
v 0.04001553 0.01249670 -0.00131489
v -0.01670090 0.01520045 -0.00081315
v -0.00342507 0.00329502 -0.00061814
v -0.00474463 -0.01373471 -0.00097578
v -0.01297904 0.02391434 -0.00048490
v 0.02818795 0.02192282 -0.00142982
v -0.02861487 0.02553985 -0.00048426
v 0.04018527 0.01203452 -0.00068452
v 0.02765966 0.00676360 -0.00125965
v -0.04303146 0.02598780 -0.00048961
v 0.04603057 0.02546177 -0.00148426
v 0.04022444 0.01124978 -0.00130366
v -0.05570012 0.01489575 -0.00164991
v 0.00481773 -0.00968570 -0.00103306
v 0.04035495 0.02331573 -0.00071119
v 0.00816424 0.00693891 -0.00128022
v 0.03266587 0.01965528 -0.00140635
v -0.04426611 0.00789738 -0.00146733
v -0.00958382 -0.01548934 -0.00103645
v 0.00751941 0.01140699 -0.00061646
v -0.00893430 -0.01308150 -0.00086427
v -0.00444362 0.00324810 -0.00063157
v 0.05086982 0.01532157 -0.00093729
v 0.03916514 0.01199193 -0.00070384
v -0.00959019 -0.01547199 -0.00106013
v 0.01762511 0.02383693 -0.00143577
v -0.05548591 0.01363441 -0.00161903
v 0.00379614 -0.00972440 -0.00105772
v -0.00380685 0.00501262 -0.00127137
v 0.00731621 0.00021707 -0.00071430
v 0.00813030 0.00770940 -0.00064164
v -0.01218194 0.01903172 -0.00058323
v 0.03934161 0.02325457 -0.00070521
v 0.00384879 -0.00986773 -0.00086222
v -0.01268266 -0.00930195 -0.00118309
v 0.00718721 0.00056828 -0.00119334
v -0.00363918 0.00455610 -0.00064869
v 0.00529317 0.01871677 -0.00052705
v -0.00761096 -0.00279928 -0.00114042
v 0.03164652 0.01961049 -0.00142268
v 0.03921076 0.01118966 -0.00129905
v -0.04201369 0.02603689 -0.00047917
v 0.03164385 0.01408519 -0.00072187
v 0.02218798 0.00270611 -0.00125843
v 0.04015508 0.02453801 -0.00068882
v 0.00739852 -0.00068513 -0.00117323
v -0.00359388 0.00375467 -0.00124507
v 0.06062348 0.02668758 -0.00036100
v -0.01278402 -0.00834789 -0.00079487
v 0.02212373 0.00355916 -0.00073249
v 0.00162812 0.00363748 -0.00069819
v 0.03186360 0.01834136 -0.00138114
v -0.00936223 -0.01548986 -0.00101921
v -0.01167164 -0.00923452 -0.00119764
v -0.03415451 0.02098934 -0.00150007
v 0.04015682 0.02385519 -0.00144697
v 0.00304705 0.01987000 -0.00056532
v -0.00464842 0.00448382 -0.00062751
v 0.02197591 0.00396166 -0.00128147
v 0.00629974 0.00016442 -0.00071992
v -0.03492100 -0.00458644 -0.00079310
v -0.00481104 0.00492662 -0.00123146
v -0.00934754 -0.01681077 -0.00092363
v -0.02580414 -0.02265939 -0.00102049
v -0.03055851 -0.01275040 -0.00125209
v 0.03913556 0.02449370 -0.00070579
v 0.00638386 -0.00074267 -0.00117216
v -0.01061999 -0.01548832 -0.00111528
v -0.01186639 -0.00802618 -0.00115626
v -0.02280428 0.01489714 -0.00086396
v 0.03899255 0.01246183 -0.00134474
v -0.00461012 0.00370145 -0.00124989
v -0.01176932 -0.00829046 -0.00079579
v -0.04387732 -0.01247125 -0.00094981
v -0.03313384 0.02103053 -0.00147886
v 0.06112677 0.02710599 -0.00145863
v -0.03485628 -0.00544075 -0.00131736
v -0.04851968 0.00334346 -0.00071162
v -0.00810446 -0.00563196 -0.00073323
v -0.04400442 -0.01250104 -0.00091951
v 0.02299411 0.00400957 -0.00126939
v -0.03067378 -0.01175845 -0.00091557
v -0.00853852 -0.01551524 -0.00092372
v 0.03913729 0.02381088 -0.00146397
v -0.00858461 -0.01538973 -0.00109492
v -0.00820424 -0.00536031 -0.00110371
v -0.03594501 -0.00461853 -0.00082673
v -0.01256902 -0.00961135 -0.00076109
v -0.03394733 0.01974713 -0.00149528
v -0.00567263 -0.00796899 -0.00076976
v -0.03871260 -0.00689989 -0.00132631
v -0.02953258 -0.01272356 -0.00121132
v 0.00355052 -0.00216690 -0.00115138
v -0.00577933 -0.00767849 -0.00116600
v 0.02233347 0.00230995 -0.00071812
v 0.04524586 0.02410005 -0.00139384
v -0.03796154 0.00697470 -0.00143382
v -0.03573671 -0.00586381 -0.00081776
v -0.03389354 0.02027878 -0.00053093
v 0.04907521 0.02010002 -0.00077430
v -0.02974999 -0.01145349 -0.00125410
v 0.00284381 0.01489089 -0.00060951
v -0.02965778 -0.01170459 -0.00091163
v -0.00912109 -0.00568417 -0.00073939
v -0.01155926 -0.00954051 -0.00078028
v -0.03238147 -0.01410545 -0.00124821
v 0.00616507 0.00053109 -0.00122001
v -0.03587305 -0.00549255 -0.00132411
v -0.00556378 -0.00894339 -0.00113020
v -0.00547011 0.00322278 -0.00067445
v 0.00253761 -0.00222924 -0.00114378
v -0.03960186 -0.00729885 -0.00085957
v -0.00923652 -0.00536986 -0.00116807
v -0.03292831 0.01979282 -0.00148017
v -0.00567207 -0.00175989 -0.00071376
v 0.02334469 0.00237690 -0.00073206
v -0.00668569 -0.00803089 -0.00076277
v -0.02587214 -0.02247427 -0.00127299
v -0.03972720 -0.00695761 -0.00132502
v -0.03451694 -0.00083216 -0.00076783
v -0.03506225 -0.00420184 -0.00131764
v -0.04757001 0.02153176 -0.00155684
v 0.02320495 0.00275740 -0.00125102
v 0.02809845 0.00421274 -0.00115940
v -0.05079408 -0.00163689 -0.00090892
v 0.01549093 0.00605352 -0.00122016
v -0.00904474 -0.00657012 -0.00122050
v -0.03046620 -0.01300174 -0.00090928
v 0.02341626 0.00160025 -0.00112220
v -0.03370131 0.00044536 -0.00074339
v -0.01569765 -0.01576417 -0.00112611
v -0.00659155 -0.00896530 -0.00117778
v -0.03385351 0.00085977 -0.00130861
v 0.02315897 0.00356068 -0.00065711
v -0.03287983 0.02033892 -0.00053556
v -0.00121074 0.02086021 -0.00053611
v -0.03510098 0.02142418 -0.00048115
v -0.04485162 0.01841449 -0.00052925
v -0.03608227 -0.00424483 -0.00133644
v -0.05522319 0.02534032 -0.00053550
v -0.03365011 -0.00037208 -0.00131791
v 0.00305032 0.01326060 -0.00104670
v -0.03471705 0.00039079 -0.00074635
v 0.00303213 0.01923260 -0.00138545
v -0.02944787 -0.01295419 -0.00089674
v -0.04548481 -0.00266976 -0.00080253
v -0.00719027 -0.01151150 -0.00116130
v 0.01650198 0.00612089 -0.00123463
v 0.00298951 0.01381606 -0.00083299
v 0.05376633 0.02210637 -0.00143427
v -0.05421802 0.02542368 -0.00057176
v -0.00709437 -0.01177261 -0.00080516
v -0.04523349 -0.00425994 -0.00089073
v -0.01095732 0.01783948 -0.00056913
v -0.00678949 -0.00774828 -0.00114823
v -0.03467117 -0.00041221 -0.00134062
v -0.01197728 0.01711826 -0.00135237
v 0.02786364 0.02916729 -0.00241029
v -0.02231461 0.01841836 -0.00052082
v -0.03408322 0.02768394 -0.00041682
v 0.05374265 0.02284894 -0.00075758
v 0.02675353 0.02436440 -0.00145844
v -0.04913808 0.00085084 -0.00076820
v -0.02211853 0.01720639 -0.00055726
v -0.04248951 0.02179984 -0.00153541
v 0.01980573 0.02845568 -0.00076222
v 0.02953791 0.02659997 -0.00089643
v 0.03773474 0.01442246 -0.00071739
v -0.01919766 -0.00712831 -0.00123329
v -0.00812960 -0.01177413 -0.00088047
v 0.03755921 0.01490041 -0.00136930
v 0.04906090 0.02567156 -0.00153815
v 0.05478363 0.02215673 -0.00142551
v -0.03509953 0.02763087 -0.00042183
v -0.00738903 -0.01029224 -0.00113481
v -0.01299135 0.01705913 -0.00134913
v 0.02776700 0.02442517 -0.00146391
v 0.04521104 0.02487294 -0.00075858
v -0.04241348 0.02227091 -0.00048845
v 0.03777480 0.01363535 -0.00133329
v -0.00730385 -0.01052420 -0.00081843
v -0.04515607 0.02545409 -0.00160594
v 0.00630748 0.01877528 -0.00052946
v -0.03774510 0.00570733 -0.00139470
v -0.02314093 0.01716994 -0.00058497
v -0.01652273 -0.01080533 -0.00113176
v 0.05474897 0.02292927 -0.00078971
v -0.03489091 0.02638476 -0.00041172
v -0.00974551 0.02289276 -0.00054875
v 0.03673726 0.01431816 -0.00065254
v -0.01278494 0.01581905 -0.00134724
v 0.05006890 0.02574723 -0.00156394
v -0.04147039 0.02184525 -0.00151994
v 0.00230965 0.02957239 -0.00157661
v 0.05394042 0.02163235 -0.00078773
v -0.04413957 0.02550659 -0.00160014
v -0.00830509 -0.01061826 -0.00076753
v 0.00692469 0.01438243 -0.00129579
v 0.04928028 0.01886358 -0.00077735
v 0.03676362 0.01356832 -0.00131928
v 0.02318818 0.02764560 -0.00109760
v -0.04139596 0.02232071 -0.00047892
v -0.00841381 -0.01032223 -0.00117131
v -0.03672905 0.00576107 -0.00139061
v -0.03418671 0.02728765 -0.00156578
v 0.06354518 0.02553094 -0.00072687
v 0.00249374 0.00410083 -0.00125270
v -0.01955543 -0.01721930 -0.00114058
v -0.02235078 0.01783877 -0.00141975
v 0.03016528 0.00422571 -0.00102229
v -0.02942529 0.01803747 -0.00054325
v -0.00820055 -0.01158098 -0.00114393
v 0.05493366 0.02174827 -0.00086839
v -0.04220584 0.02102749 -0.00048201
v -0.03752710 0.00443566 -0.00134968
v -0.04404647 0.02593120 -0.00048982
v -0.04529153 -0.00387406 -0.00084944
v -0.02334750 0.01841045 -0.00058744
v -0.01975075 -0.01600943 -0.00110130
v 0.03653464 0.01486986 -0.00140504
v -0.03756524 0.00521761 -0.00072679
v 0.04299966 0.01972103 -0.00072184
v -0.01968944 -0.01617632 -0.00087364
v -0.03520422 0.02723787 -0.00157527
v -0.02336452 0.01777872 -0.00141529
v -0.04119689 0.02110056 -0.00050425
v -0.01736519 -0.00579917 -0.00120188
v -0.01852710 -0.01719901 -0.00109086
v -0.03651177 0.00449143 -0.00134834
v 0.04320648 0.01847980 -0.00071842
v 0.02817127 0.00401450 -0.00088902
v -0.03590424 0.02632358 -0.00040565
v -0.00610106 0.02560682 -0.00056193
v -0.01872682 -0.01597711 -0.00106794
v -0.03654981 0.00527306 -0.00072499
v 0.00674300 0.00934456 -0.00125981
v 0.00265041 0.00367428 -0.00067091
v -0.01866395 -0.01614829 -0.00083442
v 0.04219995 0.01840014 -0.00068714
v -0.03692551 0.02628410 -0.00042921
v -0.02071346 0.02726602 -0.00052983
v 0.00383462 0.02054594 -0.00140986
v -0.00607047 -0.00552962 -0.00071794
v -0.02258023 0.02535218 -0.00145329
v 0.00710538 0.02631168 -0.00051692
v -0.04333183 0.02680565 -0.00160508
v 0.02958368 0.02579732 -0.00149113
v -0.04491980 0.01792204 -0.00154707
v -0.01469219 -0.01568155 -0.00116139
v -0.03611505 0.02757565 -0.00042393
v 0.00653319 0.01059390 -0.00127433
v -0.00588014 -0.00672592 -0.00077577
v -0.02681364 -0.02273102 -0.00100019
v -0.01467783 0.02707568 -0.00149522
v -0.00598295 -0.00644602 -0.00115754
v 0.00607830 0.02628796 -0.00056196
v -0.00708471 -0.00558830 -0.00071534
v -0.03621109 0.02715909 -0.00154524
v 0.00670293 0.01013176 -0.00064402
v -0.04593915 0.01787728 -0.00156340
v 0.00548942 -0.00112755 -0.00072465
v -0.03785438 -0.01815955 -0.00125163
v -0.02253017 0.02589396 -0.00050276
v -0.03713433 0.02753072 -0.00044004
v -0.00749883 -0.00931520 -0.00077793
v -0.04355156 0.02808197 -0.00165644
v -0.03780372 -0.01829750 -0.00106346
v -0.01664503 0.01461397 -0.00109538
v 0.05417795 0.01962947 -0.00143488
v 0.00439547 -0.00717983 -0.00107197
v 0.00445366 -0.00733829 -0.00085585
v -0.00688057 -0.00682222 -0.00072181
v -0.00698175 -0.00654671 -0.00109761
v -0.06135797 0.01823384 -0.00152150
v -0.01969385 0.02731010 -0.00051255
v -0.02156719 0.02541415 -0.00146040
v 0.00754486 0.01065964 -0.00128660
v 0.05396033 0.02090007 -0.00147840
v -0.00854794 0.02109617 -0.00139985
v 0.04623951 0.02421477 -0.00147291
v 0.00461086 -0.00844439 -0.00103669
v -0.05508312 0.01739219 -0.00159852
v -0.06118758 0.01776993 -0.00088878
v -0.03885568 -0.02446411 -0.00125486
v 0.00102735 0.00730749 -0.00063539
v -0.03279202 -0.01163142 -0.00124366
v 0.03265173 0.02037187 -0.00069425
v 0.05413620 0.02042128 -0.00082539
v 0.00345898 -0.00745025 -0.00078056
v 0.00852719 0.01701576 -0.00135368
v -0.00955907 0.02170706 -0.00062101
v -0.03878591 -0.02487791 -0.00124812
v -0.03684602 -0.01808489 -0.00127604
v -0.01446256 0.02581144 -0.00146034
v -0.03723421 0.02712458 -0.00157557
v 0.00751714 0.01762377 -0.00057093
v -0.02782670 -0.01037160 -0.00088542
v -0.00956223 0.02103760 -0.00139741
v -0.04444256 0.01594455 -0.00053938
v -0.02151257 0.02594349 -0.00049293
v -0.04252747 0.02811384 -0.00162248
v -0.03914855 -0.00435671 -0.00141609
v 0.00362797 -0.00858844 -0.00091758
v 0.03163620 0.02031670 -0.00069645
v -0.00019392 0.02091187 -0.00052915
v 0.00367212 -0.00889223 -0.00096067
v 0.00650185 -0.00106392 -0.00073402
v -0.05608658 0.01730414 -0.00155586
v -0.03678583 -0.01824878 -0.00105253
v 0.03438785 0.02885206 -0.00020207
v -0.04976132 -0.00162859 -0.00084279
v -0.00876443 0.02236363 -0.00143910
v -0.03697795 -0.01704757 -0.00100139
v 0.05497665 0.02095311 -0.00147330
v -0.02232985 0.02467042 -0.00052339
v -0.04546721 0.01591424 -0.00057545
v -0.00085186 0.02405948 -0.00144334
v 0.00750958 0.01696627 -0.00136360
v 0.03244535 0.02161186 -0.00069605
v -0.03178803 -0.01154485 -0.00128431
v 0.00609938 0.02001998 -0.00053767
v -0.04465628 0.01720452 -0.00056837
v -0.00546076 0.01561856 -0.00053187
v -0.01344324 0.02585632 -0.00144413
v -0.04324081 0.02723589 -0.00050242
v -0.03078642 -0.00524115 -0.00127992
v 0.00831425 0.01827363 -0.00137989
v -0.00182595 0.02456952 -0.00052696
v -0.00977509 0.02229522 -0.00142320
v -0.01444364 0.00029145 -0.00076921
v 0.03245686 0.02090246 -0.00141795
v -0.06036522 0.01835104 -0.00160396
v -0.04471301 0.01668094 -0.00154371
v -0.03998913 0.00685492 -0.00142527
v 0.00337392 -0.00721862 -0.00109648
v -0.04676677 0.02284304 -0.00157844
v -0.00186494 0.02399762 -0.00143635
v 0.03144098 0.02152631 -0.00065678
v -0.04231843 0.02686663 -0.00161085
v -0.01365956 0.02712337 -0.00148286
v 0.01744976 0.01878179 -0.00137620
v -0.02010937 0.01669824 -0.00139881
v -0.04567876 0.01716831 -0.00059642
v -0.02131309 0.02472229 -0.00051673
v -0.03024404 0.01676845 -0.00057927
v 0.00729947 0.01821640 -0.00137925
v -0.00105961 0.02530321 -0.00145021
v -0.01332956 0.00070428 -0.00123768
v -0.06031820 0.01890110 -0.00066472
v 0.04911508 0.01931341 -0.00139088
v 0.03144148 0.02084685 -0.00141953
v -0.04572860 0.01662594 -0.00154615
v -0.03312510 -0.01557900 -0.00100529
v -0.02111987 0.01662940 -0.00138234
v -0.04222388 0.02728724 -0.00049504
v -0.04570018 0.01033794 -0.00149452
v -0.01420168 0.02510114 -0.00049156
v -0.03126899 0.01673896 -0.00061647
v -0.02076254 0.01497837 -0.00081990
v -0.04574937 0.02289312 -0.00156935
v -0.06115616 0.01757284 -0.00089790
v -0.03942007 -0.01468253 -0.00100300
v -0.00206956 0.02523279 -0.00143159
v -0.01939959 -0.00590044 -0.00121861
v -0.05426142 0.01244253 -0.00160542
v -0.04672041 0.01029559 -0.00151417
v 0.03447622 0.02172273 -0.00069242
v -0.01319293 -0.01208897 -0.00083815
v -0.03921094 -0.01593004 -0.00099101
v -0.03610932 0.02134945 -0.00045659
v -0.05934957 0.01840588 -0.00160130
v -0.05527763 0.01238923 -0.00161015
v -0.03928958 -0.01571592 -0.00128306
v 0.02857974 0.02638865 -0.00068559
v 0.00184045 0.01480259 -0.00056648
v -0.00081220 0.02462953 -0.00053135
v -0.04043034 -0.01475202 -0.00098567
v 0.03468341 0.02048050 -0.00068757
v 0.02696025 0.02312347 -0.00145536
v -0.01927210 -0.00624756 -0.00074516
v 0.01846551 0.01883636 -0.00137327
v -0.01440742 0.02633943 -0.00049101
v -0.01421733 0.00030122 -0.00076533
v -0.02687651 -0.02255982 -0.00123368
v -0.05482211 0.01668150 -0.00062922
v -0.04021996 -0.01600293 -0.00096901
v -0.00195094 0.00006732 -0.00120677
v 0.01928106 0.01458157 -0.00063841
v -0.04655392 0.02158543 -0.00155262
v -0.04030247 -0.01577824 -0.00127546
v -0.00105825 0.01355628 -0.00078834
v 0.01765517 0.01754443 -0.00137803
v 0.03366643 0.02042925 -0.00069511
v -0.05461933 0.01545130 -0.00064076
v 0.05033053 0.01814620 -0.00141093
v -0.01634742 -0.00575011 -0.00119136
v 0.01015237 0.01405486 -0.00061677
v -0.05929923 0.01894693 -0.00064982
v 0.02697199 0.02376961 -0.00064720
v -0.03423360 -0.00917042 -0.00129878
v 0.06360783 0.02441113 -0.00156477
v 0.03427812 0.02226208 -0.00142808
v 0.02175854 0.02940964 -0.00185752
v -0.03359123 -0.01916429 -0.00126103
v -0.01318995 0.00032415 -0.00071922
v 0.03732685 0.01688929 -0.00070304
v -0.04648655 0.02208008 -0.00053782
v 0.04310968 0.03046828 -0.00175520
v -0.05562787 0.01537712 -0.00061699
v 0.04620641 0.02498302 -0.00083131
v 0.01764725 0.01824408 -0.00064280
v -0.03525769 -0.00920230 -0.00133268
v -0.03488069 0.00083634 -0.00135408
v -0.00285038 0.02453858 -0.00056217
v 0.03448744 0.02101409 -0.00141535
v -0.06011968 0.01768250 -0.00069209
v 0.03769780 0.02626624 -0.00151136
v 0.01661020 0.02378005 -0.00143559
v -0.01298856 0.01772961 -0.00057417
v -0.01339327 0.02639834 -0.00049394
v 0.02797862 0.02317088 -0.00144261
v 0.04213753 0.02890801 -0.00136848
v -0.00288006 0.02394131 -0.00143699
v 0.00589532 0.01504305 -0.00058479
v 0.03346337 0.02166019 -0.00068458
v -0.04554050 0.02164631 -0.00155827
v -0.05488024 0.01616169 -0.00160969
v 0.01115902 0.01413419 -0.00064756
v 0.02798518 0.02383110 -0.00065363
v 0.01867567 0.01758604 -0.00135737
v -0.00386362 0.02447718 -0.00055580
v -0.01685029 0.01628526 -0.00060328
v -0.03257968 -0.01909831 -0.00127360
v -0.05583405 0.01661656 -0.00061805
v -0.05908925 0.01769711 -0.00063463
v 0.03346853 0.02096811 -0.00143006
v -0.00389557 0.02388608 -0.00143907
v 0.00207951 0.01300238 -0.00097462
v 0.01865996 0.01830692 -0.00065113
v 0.02717833 0.02252970 -0.00064549
v -0.01319019 0.02516733 -0.00050441
v -0.05590764 0.01613886 -0.00165596
v -0.00110288 -0.00495407 -0.00111589
v -0.00830788 -0.00440002 -0.00072401
v -0.00308370 0.02517384 -0.00142860
v 0.02819231 0.02258904 -0.00064903
v 0.00671031 0.01632227 -0.00056266
v -0.04087324 0.02439577 -0.00154231
v -0.00410427 0.02513236 -0.00144941
v 0.02233026 0.00852938 -0.00067619
v -0.03409578 0.02150752 -0.00051738
v 0.01866124 0.02451409 -0.00059248
v -0.00851406 -0.00316055 -0.00072508
v 0.06345192 0.02529320 -0.00162772
v -0.03978089 0.00628793 -0.00065196
v -0.02355803 -0.02381269 -0.00098210
v 0.04280323 0.02025587 -0.00145133
v -0.03900056 -0.01718092 -0.00097438
v 0.00569461 0.01626755 -0.00056547
v 0.04886453 0.02688431 -0.00150278
v -0.01838986 -0.00582944 -0.00123802
v 0.02253393 0.00729677 -0.00068449
v -0.04109050 0.02566535 -0.00158445
v -0.02355817 -0.02381229 -0.00098265
v -0.00840305 -0.00414091 -0.00107740
v 0.02238596 0.00769965 -0.00123399
v -0.06134687 0.01888174 -0.00071571
v -0.03910119 -0.01690693 -0.00134807
v -0.03429571 0.02272992 -0.00049519
v 0.03168834 0.01328602 -0.00132133
v 0.00564446 0.02922932 -0.00018839
v -0.03532652 -0.01454743 -0.00087764
v 0.04300966 0.01901569 -0.00144932
v 0.03630031 0.02307465 -0.00069206
v -0.03397839 0.02604232 -0.00155668
v -0.02458229 -0.02384410 -0.00101667
v 0.04856431 0.02732970 -0.00044962
v -0.04628878 -0.00397901 -0.00078370
v -0.02446029 -0.02473665 -0.00119548
v 0.04198704 0.01965791 -0.00071320
v -0.00952422 -0.00323036 -0.00070726
v -0.02468035 -0.02357709 -0.00138087
v -0.03877299 0.00636390 -0.00067817
v 0.04826966 0.01879508 -0.00076133
v 0.00198390 0.01373392 -0.00079838
v -0.03034735 -0.01400341 -0.00123256
v -0.03513295 -0.01575255 -0.00092341
v -0.04003182 -0.01719326 -0.00103492
v 0.02151939 0.00723888 -0.00068293
v 0.04988768 0.02691873 -0.00147233
v -0.04007049 0.02570832 -0.00156566
v 0.02836467 0.00213171 -0.00170002
v -0.03025929 -0.01424321 -0.00090550
v -0.04009625 -0.01701779 -0.00127424
v -0.03523416 -0.01547698 -0.00129927
v -0.00944385 -0.00412728 -0.00117341
v 0.03528808 0.02301054 -0.00068202
v 0.04200530 0.01893010 -0.00140998
v -0.00975691 -0.01433997 -0.00091465
v -0.03499374 0.02598667 -0.00155821
v -0.00932222 -0.00445846 -0.00072172
v -0.01826822 -0.00616066 -0.00078627
v -0.03327493 0.02277083 -0.00047352
v -0.02598587 0.02198789 -0.00055323
v -0.03989702 -0.01823836 -0.00129896
v -0.00980390 -0.01421203 -0.00108915
v -0.03478142 0.02473048 -0.00153434
v -0.03614934 -0.01580538 -0.00092878
v -0.03623398 -0.01557493 -0.00124308
v 0.00591784 0.01430359 -0.00126570
v -0.03937817 0.01004590 -0.00063173
v -0.01992054 -0.02103998 -0.00097648
v -0.02598872 -0.02147876 -0.00094130
v 0.04179114 0.02019128 -0.00144068
v -0.04259053 -0.00904158 -0.00091234
v -0.03543286 -0.01425790 -0.00127250
v 0.05439144 0.01837018 -0.00140675
v -0.01420542 -0.01215245 -0.00082902
v -0.03917095 0.00880364 -0.00062684
v 0.05771776 0.02316957 -0.00088898
v 0.02069457 0.01840760 -0.00063358
v 0.01681999 0.02253073 -0.00142109
v -0.03635067 -0.01457914 -0.00091182
v 0.05796685 0.02753857 -0.00155946
v -0.02932562 -0.01396514 -0.00120732
v 0.00458215 0.00992161 -0.00136952
v 0.02089786 0.01717602 -0.00064329
v -0.03644821 -0.01431354 -0.00127406
v 0.05761485 0.02358678 -0.00145426
v -0.02496439 0.02202687 -0.00052897
v -0.04018907 0.00875550 -0.00063856
v 0.05699383 0.02731963 -0.00145795
v -0.04079116 0.02485033 -0.00047282
v -0.00880941 -0.01409960 -0.00116508
v -0.05263635 0.01501443 -0.00157954
v -0.01138528 -0.01690291 -0.00095274
v -0.02361365 0.02539699 -0.00146406
v 0.01988434 0.01711536 -0.00063798
v 0.04888519 0.02061738 -0.00147993
v -0.02381146 0.02656241 -0.00149186
v -0.03306833 0.02153023 -0.00047093
v 0.01684047 0.02315309 -0.00058048
v 0.05775956 0.02802827 -0.00241349
v 0.01202304 0.00839124 -0.00126197
v 0.05542625 0.01837284 -0.00133298
v -0.00872334 -0.01433392 -0.00084550
v -0.03137093 -0.02024731 -0.00131852
v -0.05365646 0.01497178 -0.00159880
v -0.01746579 0.02620594 -0.00054121
v -0.03986244 0.02446379 -0.00155766
v 0.05677532 0.02801015 -0.00216175
v -0.00861173 -0.01505774 -0.00090449
v 0.02416460 0.01538598 -0.00134849
v 0.03267601 0.00788447 -0.00071189
v -0.01061133 0.02728444 -0.00147029
v -0.02481575 0.02647662 -0.00145228
v -0.03948295 -0.01451134 -0.00123649
v 0.02434839 0.01488554 -0.00066593
v -0.01750729 0.02564090 -0.00146000
v -0.01140942 -0.01683719 -0.00104240
v 0.05863244 0.02363633 -0.00144440
v -0.03148850 -0.01924910 -0.00099055
v 0.01101031 0.00832845 -0.00125373
v -0.01847874 0.02614378 -0.00053382
v 0.02332319 0.02038926 -0.00141471
v 0.01783208 0.02259530 -0.00143174
v -0.02377473 -0.02254456 -0.00102226
v 0.05464944 0.01698955 -0.00121317
v -0.02461482 0.02525148 -0.00147071
v -0.03977373 0.02490036 -0.00046363
v -0.04099269 0.02607716 -0.00045668
v -0.03156113 -0.01905136 -0.00126027
v -0.03579882 0.02468040 -0.00154341
v -0.04051512 -0.01452120 -0.00130049
v 0.03166315 0.00782204 -0.00070417
v 0.05782243 0.02234352 -0.00144804
v 0.02015776 0.00259349 -0.00125968
v 0.02414679 0.01611254 -0.00065000
v -0.01771324 0.02687968 -0.00146012
v 0.04576354 0.02790054 -0.00054578
v 0.02312052 0.02161911 -0.00140269
v -0.02101797 -0.00849058 -0.00121962
v 0.05453738 0.01797277 -0.00086472
v 0.05799330 0.02187826 -0.00081348
v 0.04476231 0.02818613 -0.00006678
v -0.02009505 -0.01992646 -0.00090458
v -0.03681219 0.02461934 -0.00153758
v 0.03367023 0.02662955 -0.00062708
v -0.04851893 0.02197331 -0.00054704
v -0.01873744 0.02684816 -0.00149452
v 0.01786027 0.02319662 -0.00056242
v 0.04476904 0.02806539 -0.00015711
v -0.01123169 -0.01784637 -0.00097468
v -0.03600610 0.02592286 -0.00154860
v 0.02518269 0.01543417 -0.00133680
v 0.05776689 0.02317281 -0.00088966
v -0.01542249 0.01358823 -0.00090773
v 0.02010242 0.00342223 -0.00070054
v -0.03052851 -0.01904271 -0.00119462
v 0.03064854 0.00776434 -0.00070289
v -0.01852582 0.02559386 -0.00147325
v 0.03387883 0.02538352 -0.00061707
v -0.01548938 0.01404384 -0.00084767
v -0.01246845 -0.01056329 -0.00115220
v 0.05568715 0.01695623 -0.00109107
v -0.01541116 0.01338525 -0.00105961
v 0.00282336 0.02047908 -0.00139607
v 0.01704001 0.02193166 -0.00060404
v 0.04556684 0.02820097 -0.00154142
v 0.02964272 0.00768278 -0.00066905
v -0.03997718 0.02613240 -0.00045457
v 0.02516210 0.01616831 -0.00064863
v -0.01553468 0.01416718 -0.00101588
v 0.02151226 0.00104766 -0.00076335
v 0.02174436 -0.00052303 -0.00095988
v 0.04375540 0.02937115 -0.00019569
v -0.03046132 -0.01922565 -0.00094511
v -0.03702719 0.02588282 -0.00157142
v -0.02257386 -0.02367213 -0.00109642
v -0.00699736 -0.01271484 -0.00120948
v -0.01637789 0.01305380 -0.00104231
v -0.04629453 0.00224726 -0.00075108
v 0.02167071 -0.00006186 -0.00093952
v 0.04458344 0.02816726 -0.00130134
v 0.05883138 0.02241660 -0.00147028
v 0.03285894 0.02534024 -0.00063545
v -0.03043458 0.01796536 -0.00052229
v -0.03561445 -0.01929599 -0.00123628
v -0.01237290 -0.01082348 -0.00079734
v 0.02050001 0.00098350 -0.00075324
v -0.01650720 0.01399493 -0.00085838
v -0.04609325 0.00102115 -0.00076826
v 0.03588230 0.02556900 -0.00071525
v 0.05904260 0.02117015 -0.00144279
v -0.04018417 0.02737404 -0.00045863
v 0.02078715 -0.00102462 -0.00106986
v -0.04627563 0.00151773 -0.00144554
v -0.06400061 0.02182295 -0.00150319
v 0.03047770 0.02731121 -0.00066840
v -0.00800696 -0.01278617 -0.00118965
v 0.02060348 0.00002374 -0.00113371
v -0.03047757 0.01740431 -0.00144651
v 0.05569674 0.01696034 -0.00109064
v 0.03777403 0.02660259 -0.00061488
v 0.02066692 -0.00014899 -0.00089808
v 0.02116556 0.00266971 -0.00128623
v -0.03145342 0.01791918 -0.00053672
v 0.03489142 0.02544666 -0.00062574
v 0.02455050 0.01986782 -0.00062611
v 0.02413056 0.02168932 -0.00142100
v -0.03553450 -0.01951371 -0.00093928
v -0.03127586 -0.02050615 -0.00096547
v -0.03550040 0.02386786 -0.00043519
v -0.04711516 0.00098332 -0.00079408
v 0.05553276 0.01808283 -0.00093745
v 0.02974415 0.02746109 -0.00036100
v 0.01805526 0.02198763 -0.00060291
v 0.05878417 0.02322318 -0.00088093
v 0.03570940 0.02671778 -0.00059260
v -0.03069076 0.01866286 -0.00147361
v -0.04649734 0.00279947 -0.00150425
v 0.02353439 0.01981422 -0.00063041
v 0.02110146 0.00352237 -0.00075971
v -0.01565904 0.01518387 -0.00071315
v 0.03566568 0.02615881 -0.00151969
v 0.02139554 0.00136543 -0.00119676
v -0.04180582 0.00548285 -0.00139817
v -0.02178585 -0.02231939 -0.00117454
v -0.01144678 -0.01052485 -0.00112721
v -0.03459320 -0.01925639 -0.00121284
v -0.05035055 0.01443122 -0.00062925
v 0.02095769 0.00391379 -0.00129359
v -0.03570255 0.02509637 -0.00042134
v 0.02535954 0.01495264 -0.00068003
v -0.03031597 -0.02029950 -0.00116990
v -0.00917390 0.02483475 -0.00143058
v -0.03453170 -0.01942386 -0.00098445
v -0.03025246 -0.02047242 -0.00093406
v 0.02333023 0.02104814 -0.00062391
v 0.03467238 0.02672113 -0.00067460
v -0.03170356 0.01860023 -0.00146562
v 0.02037508 0.00132369 -0.00121723
v -0.03029943 0.02245180 -0.00149565
v 0.02030719 0.00218663 -0.00070475
v -0.00893292 0.02417861 -0.00053565
v -0.05137512 0.01440065 -0.00066499
v -0.02844034 0.01749786 -0.00141926
v 0.05857841 0.02446150 -0.00088044
v -0.03672303 0.02505468 -0.00044191
v -0.04733324 0.00225516 -0.00083931
v -0.05631934 0.01861597 -0.00165562
v -0.02274095 -0.02253908 -0.00095234
v -0.02255419 -0.02358428 -0.00086384
v -0.03149513 0.01735467 -0.00145625
v -0.02280018 -0.02237782 -0.00117225
v -0.04080222 0.00557048 -0.00144029
v -0.00009734 -0.00487167 -0.00115086
v -0.03023371 0.02295096 -0.00048698
v -0.02868965 0.02506538 -0.00152659
v -0.03652062 0.02382548 -0.00045478
v -0.05116499 0.01315048 -0.00064930
v 0.02052381 0.00712938 -0.00061100
v -0.04729020 0.00145990 -0.00144410
v 0.02434058 0.02043939 -0.00140568
v 0.02293868 0.02914219 -0.00110252
v -0.05060486 0.01512365 -0.00157368
v -0.02090147 -0.00880777 -0.00078697
v 0.04931058 0.01810303 -0.00142948
v 0.02433488 0.02113297 -0.00066221
v -0.05651757 0.01983380 -0.00162715
v -0.05039352 0.01387012 -0.00155342
v 0.00223624 0.01857938 -0.00057194
v 0.03689154 0.02564132 -0.00073643
v 0.02132422 0.00223771 -0.00069700
v 0.01948567 0.00713577 -0.00069715
v -0.00368364 0.02263096 -0.00141664
v 0.00550456 0.01057442 -0.00132517
v -0.03229580 -0.01433868 -0.00093010
v -0.01582331 0.01563112 -0.00132316
v 0.00568581 0.01561346 -0.00136277
v -0.02927907 0.02249387 -0.00147557
v -0.00718728 -0.00530904 -0.00109623
v -0.00590034 0.02438221 -0.00058113
v -0.02921765 0.02300472 -0.00048292
v -0.02334573 0.02461626 -0.00052696
v -0.02192029 0.02840978 -0.00047779
v -0.05141827 0.01384007 -0.00158983
v -0.00512048 0.02507912 -0.00145423
v -0.04424407 0.01472602 -0.00056685
v -0.03245992 0.01783940 -0.00050532
v 0.00426650 0.00627067 -0.00067842
v -0.03076384 -0.01151323 -0.00125004
v -0.00087524 -0.00625194 -0.00103517
v -0.05550318 0.01989205 -0.00162922
v -0.03003073 0.02172018 -0.00049775
v 0.03045199 0.00897756 -0.00066816
v 0.04465774 0.01531433 -0.00139188
v -0.05258059 0.02796203 -0.00050010
v -0.00619309 -0.00519573 -0.00117335
v 0.01197694 0.02161612 -0.00056071
v -0.06234210 0.02498192 -0.00058857
v 0.01744722 0.02567741 -0.00056712
v 0.03049548 0.00818106 -0.00127125
v -0.02295624 0.02841021 -0.00055577
v -0.02435926 0.02455560 -0.00052162
v -0.02425478 -0.01367072 -0.00122181
v -0.03338369 -0.02040749 -0.00125493
v -0.02901409 0.02177237 -0.00049153
v -0.00326143 0.02701394 -0.00055943
v 0.01764388 0.02446388 -0.00060142
v -0.05624049 0.01907936 -0.00059816
v -0.02354023 0.02582387 -0.00048457
v -0.02273635 0.02713341 -0.00050383
v 0.02943716 0.00892051 -0.00066776
v -0.01003993 -0.01289131 -0.00120106
v -0.03330126 -0.02063195 -0.00094877
v -0.06336507 0.02494698 -0.00061833
v 0.02902608 0.00518534 -0.00071906
v 0.05599049 0.02101291 -0.00147752
v 0.02947817 0.00813081 -0.00128013
v -0.04364432 0.02348006 -0.00052559
v 0.01643879 0.02560291 -0.00054289
v -0.01567445 0.01487664 -0.00116413
v -0.00080034 -0.00645589 -0.00075700
v -0.05529166 0.01863805 -0.00160829
v 0.00469708 0.00927467 -0.00131932
v -0.04151766 0.02818459 -0.00164155
v -0.03353015 -0.01933061 -0.00103419
v -0.03591562 0.02014396 -0.00050190
v -0.02455958 0.02577911 -0.00050093
v 0.02801623 0.00511467 -0.00070014
v 0.01664280 0.02436936 -0.00054991
v -0.02014728 -0.01978425 -0.00109855
v 0.00712968 0.01314619 -0.00129914
v 0.03869662 0.00841311 -0.00096845
v 0.05700936 0.02105901 -0.00146293
v -0.05522644 0.01913855 -0.00060151
v 0.03030202 0.00938591 -0.00122514
v -0.02199751 0.02794196 -0.00152922
v -0.01197881 0.01780054 -0.00059349
v 0.03867435 0.00847375 -0.00105113
v -0.05421470 0.01299342 -0.00066731
v 0.02867737 0.00681290 -0.00124946
v 0.01967365 0.02457780 -0.00060194
v -0.03237481 -0.02033420 -0.00127742
v 0.00105503 0.00655407 -0.00129725
v 0.02883158 0.00639299 -0.00067677
v -0.01225440 -0.01182417 -0.00112190
v 0.01719892 0.02635348 -0.00148921
v -0.02605801 -0.02129009 -0.00119862
v -0.01216703 -0.01206205 -0.00079747
v 0.02889285 0.00554806 -0.00121382
v 0.03769818 0.00831143 -0.00090714
v 0.04830328 0.01802545 -0.00140110
v -0.04049917 0.02823172 -0.00162843
v -0.03251315 -0.01927943 -0.00102656
v 0.01955120 0.00627922 -0.00121836
v 0.02929528 0.00930680 -0.00119465
v -0.02301080 0.02788072 -0.00152305
v 0.01741032 0.02509983 -0.00146879
v 0.03764236 0.00846339 -0.00111439
v -0.05524027 0.01296558 -0.00070677
v -0.02090528 0.02225575 -0.00053151
v 0.04807528 0.02000243 -0.00071857
v 0.02396559 0.00486271 -0.00066615
v 0.00326134 0.00618727 -0.00064213
v 0.02781837 0.00633147 -0.00067027
v -0.04129754 0.02690717 -0.00158873
v 0.03853392 0.00953416 -0.00080799
v 0.02654027 0.02562317 -0.00148582
v -0.05441338 0.01421244 -0.00064052
v -0.00995741 -0.01311597 -0.00089460
v 0.03842031 0.00984350 -0.00122990
v -0.01124490 -0.01175258 -0.00114213
v 0.02786575 0.00552441 -0.00125898
v -0.06345069 0.02450205 -0.00170091
v -0.01115346 -0.01200157 -0.00080253
v -0.05445151 0.01363820 -0.00154673
v -0.00100456 -0.00522180 -0.00075071
v 0.04567436 0.01536651 -0.00138566
v 0.02661503 0.02590904 -0.00065632
v 0.03063608 0.01400893 -0.00069526
v 0.01639785 0.02503633 -0.00145960
v 0.05031055 0.01887858 -0.00072038
v 0.03753440 0.00943540 -0.00075071
v 0.02056710 0.00633342 -0.00121482
v 0.02639329 0.02670138 -0.00126698
v 0.02014670 0.00883419 -0.00124677
v -0.05542058 0.01413461 -0.00061177
v -0.03230304 -0.02052960 -0.00101091
v 0.03739681 0.00981003 -0.00126167
v -0.02111557 0.02350639 -0.00054780
v -0.04120569 0.02733517 -0.00048298
v 0.02498238 0.00491443 -0.00065928
v -0.04015285 -0.00444244 -0.00137657
v 0.02030334 0.00840772 -0.00066511
v -0.00263763 0.02328121 -0.00053666
v 0.01989899 0.00465420 -0.00069142
v -0.03257883 -0.01288996 -0.00121659
v 0.02482114 0.00535348 -0.00125810
v 0.00016283 0.02411692 -0.00144425
v -0.02114209 0.02290054 -0.00141093
v 0.02036084 0.00757309 -0.00121620
v 0.02755679 0.02567560 -0.00147993
v -0.06214354 0.02376318 -0.00061577
v -0.01135393 -0.01077765 -0.00078242
v -0.00365462 0.02323002 -0.00054426
v 0.01928530 0.00835938 -0.00067658
v -0.02212959 0.02344713 -0.00054438
v -0.04027859 0.02695304 -0.00157386
v 0.01975662 0.00504184 -0.00122013
v -0.03249442 -0.01311980 -0.00090312
v 0.02477552 0.00615577 -0.00066285
v -0.03410405 -0.01573379 -0.00087159
v -0.04790344 0.01205257 -0.00060908
v -0.06441934 0.02431919 -0.00152894
v 0.01935522 0.00749097 -0.00118159
v -0.02191309 0.02217957 -0.00050499
v -0.06316340 0.02371980 -0.00063398
v 0.02738520 0.02682086 -0.00135252
v 0.02754885 0.02637530 -0.00074482
v -0.04770006 0.01082078 -0.00061842
v 0.01969219 0.00589538 -0.00069477
v 0.03529876 0.01677080 -0.00069624
v -0.05218746 0.01311415 -0.00067720
v -0.03898345 0.00761503 -0.00069514
v -0.06543893 0.02427512 -0.00154625
v -0.02438056 -0.01886080 -0.00097822
v -0.03390462 -0.02316548 -0.00094954
v -0.02847530 0.02380370 -0.00149522
v -0.04892118 0.01200341 -0.00061940
v 0.02758632 0.02615868 -0.00073484
v -0.06296288 0.02249573 -0.00065394
v -0.00004419 0.02535864 -0.00144844
v 0.03550119 0.01554155 -0.00070911
v -0.04506105 0.01345219 -0.00059629
v -0.03269248 -0.01190246 -0.00087397
v -0.04871638 0.01076772 -0.00062352
v 0.04664077 0.02244414 -0.00074738
v 0.02676408 0.02501379 -0.00065467
v -0.05321668 0.01309631 -0.00073024
v -0.06243085 0.02454548 -0.00168275
v 0.01914345 0.00874559 -0.00120335
v -0.03492856 -0.02319778 -0.00098289
v 0.02076600 0.00511376 -0.00124082
v -0.03157631 -0.01279940 -0.00126268
v -0.02557595 0.02572625 -0.00050627
v -0.06222888 0.02331744 -0.00169725
v -0.04342975 0.00290782 -0.00141981
v -0.05238713 0.01433591 -0.00065407
v 0.02090847 0.00472587 -0.00071171
v -0.01034963 -0.01690256 -0.00087583
v -0.01516216 -0.00056804 -0.00120588
v -0.03148259 -0.01305456 -0.00091465
v 0.04743860 0.02377020 -0.00078916
v 0.03448611 0.01548513 -0.00070954
v 0.00011295 -0.00612235 -0.00113447
v 0.02071308 0.00593594 -0.00067271
v -0.01519451 0.00001030 -0.00077314
v -0.04794258 0.01148108 -0.00151906
v 0.01566262 0.02948802 -0.00142744
v 0.02777380 0.02508473 -0.00067402
v -0.03168767 -0.01181811 -0.00091160
v -0.04486847 0.00536106 -0.00146431
v -0.03627186 -0.00926115 -0.00132985
v -0.05245264 0.01383618 -0.00166197
v -0.02536773 0.02448123 -0.00049760
v -0.02809314 0.02761757 -0.00155125
v -0.04241804 0.00297338 -0.00143181
v 0.01664560 0.02952924 -0.00166191
v 0.05130996 0.01897769 -0.00077814
v 0.00240902 0.02296342 -0.00140562
v -0.04467072 0.00482261 -0.00072993
v -0.06320912 0.02316617 -0.00156837
v -0.01583881 0.01635139 -0.00061610
v 0.04844704 0.02384465 -0.00081327
v -0.05083237 0.02263182 -0.00160005
v -0.04322226 0.00166476 -0.00141383
v -0.05339454 0.01425863 -0.00062611
v -0.04466453 0.00412770 -0.00147157
v -0.02832151 -0.01387887 -0.00124757
v -0.03716103 -0.00966039 -0.00086271
v -0.06115501 0.01700316 -0.00153242
v 0.04483408 0.02657738 -0.00139381
v -0.01561733 -0.00356159 -0.00072001
v -0.00960140 0.02735485 -0.00148890
v 0.03832432 0.02320417 -0.00071384
v -0.02638317 0.02442581 -0.00049946
v -0.05345197 0.01373693 -0.00160402
v -0.06094128 0.01574316 -0.00150334
v -0.04896408 0.01144214 -0.00154338
v -0.03728817 -0.00931423 -0.00133485
v -0.01323193 0.01287079 -0.00075471
v -0.04325017 0.00241884 -0.00075288
v -0.01036690 -0.01685552 -0.00093998
v -0.01346234 0.01416515 -0.00085832
v 0.04465029 0.02775589 -0.00131171
v -0.04568321 0.00475913 -0.00072075
v 0.03815470 0.01192291 -0.00068711
v 0.02514663 0.02242105 -0.00065217
v -0.02601693 0.02139438 -0.00143324
v -0.02910844 0.02756181 -0.00155259
v -0.04220767 0.00172250 -0.00141517
v -0.03457119 0.02348002 -0.00151823
v -0.06097938 0.01652496 -0.00088020
v 0.01744429 0.01947476 -0.00063194
v -0.05370187 0.02751668 -0.00165959
v -0.04222148 0.00243819 -0.00070182
v 0.02615746 0.02248903 -0.00066746
v 0.01096512 0.02155088 -0.00054914
v -0.02501046 0.02147423 -0.00146470
v 0.04564942 0.02785570 -0.00137049
v -0.03634466 0.00403639 -0.00072770
v 0.01724654 0.02069129 -0.00060169
v -0.01350717 0.01428718 -0.00102473
v -0.04568394 0.00408308 -0.00148814
v -0.04465905 0.02342272 -0.00052479
v 0.03819785 0.01112730 -0.00129145
v 0.00117853 0.02417163 -0.00144145
v -0.01447699 0.01410757 -0.00085722
v 0.00612252 0.01306825 -0.00127021
v 0.03812466 0.02442590 -0.00069077
v -0.03735044 0.00395466 -0.00069365
v -0.01037998 0.01976581 -0.00142964
v -0.01451600 0.01421377 -0.00100202
v 0.02595752 0.02371153 -0.00064539
v 0.00691006 0.00888972 -0.00063944
v 0.03712843 0.01189691 -0.00072910
v 0.03811997 0.02376057 -0.00147276
v 0.04809851 0.01926109 -0.00139692
v -0.03391234 -0.01072319 -0.00087037
v 0.01845548 0.01954177 -0.00064588
v -0.01041834 -0.01050478 -0.00107716
v 0.00650614 0.02376690 -0.00050236
v -0.04799622 0.02404837 -0.00161039
v 0.03717703 0.01108652 -0.00131321
v 0.00063098 0.01595351 -0.00052421
v -0.04589214 0.00532803 -0.00149669
v -0.01452060 -0.00440559 -0.00118092
v 0.03710700 0.02437656 -0.00070088
v -0.05268178 0.02755946 -0.00164048
v 0.03798127 0.01239508 -0.00133112
v 0.02879197 0.02513274 -0.00066212
v 0.03731677 0.02312733 -0.00068647
v 0.01825275 0.02077182 -0.00063410
v -0.00038839 0.01590875 -0.00054060
v -0.03411806 -0.00948498 -0.00086973
v 0.00775788 0.00940152 -0.00126008
v 0.03852568 0.02197783 -0.00073069
v 0.00752157 0.02382236 -0.00050059
v -0.00941347 -0.01042062 -0.00111451
v -0.05349030 0.02626255 -0.00163853
v 0.00792592 0.00894398 -0.00063603
v 0.00042140 0.01720225 -0.00053791
v 0.00571059 0.00933537 -0.00132472
v 0.03696876 0.01233169 -0.00132209
v -0.04120849 0.00871086 -0.00065513
v -0.05339525 0.02668180 -0.00052086
v -0.00376795 -0.00130392 -0.00118083
v -0.03401748 -0.01043694 -0.00126078
v 0.03853469 0.02127526 -0.00146189
v -0.02472732 0.01381459 -0.00123176
v -0.00674475 0.00426279 -0.00119947
v 0.05579256 0.02222994 -0.00144794
v -0.03513374 -0.00953978 -0.00087239
v -0.01363013 0.01530004 -0.00071675
v 0.03752739 0.02187576 -0.00066889
v 0.00040951 0.01655654 -0.00134669
v 0.00772343 0.01017340 -0.00062342
v -0.05247234 0.02631113 -0.00162736
v -0.00398315 -0.00003986 -0.00121546
v -0.02370194 0.01384291 -0.00119294
v -0.04222491 0.00865815 -0.00066066
v -0.05075876 0.02310946 -0.00056202
v -0.04446934 0.00359625 -0.00074672
v -0.00059418 0.01714722 -0.00054026
v 0.05575580 0.02300805 -0.00081977
v -0.03494476 -0.01073240 -0.00093522
v 0.03752629 0.02120068 -0.00143760
v -0.01466576 0.01529963 -0.00079362
v -0.03489555 -0.01125283 -0.00118824
v 0.05959057 0.02452587 -0.00089082
v -0.00384028 -0.00042890 -0.00068486
v 0.00464578 -0.00853948 -0.00090699
v -0.03502788 -0.01050609 -0.00124391
v -0.05238428 0.02674939 -0.00053560
v 0.03833114 0.02250750 -0.00145313
v -0.01288617 -0.00806978 -0.00117421
v 0.01340376 0.01298464 -0.00061430
v -0.00060963 0.01651118 -0.00136222
v 0.05680844 0.02228418 -0.00144450
v 0.03511633 0.01726753 -0.00137373
v -0.04548530 0.00354224 -0.00075047
v -0.03050296 0.02368406 -0.00148689
v -0.02482668 0.01476323 -0.00083613
v 0.00019791 0.01781078 -0.00136790
v -0.00281580 -0.00039810 -0.00064939
v 0.05659274 0.02354957 -0.00148093
v -0.02465222 0.01363233 -0.00092784
v -0.03855154 0.02371475 -0.00045863
v -0.00296376 0.00000475 -0.00119886
v 0.03532083 0.01603263 -0.00137891
v 0.01342672 0.01224410 -0.00129371
v 0.03731820 0.02244530 -0.00144572
v 0.01944957 0.02586594 -0.00066941
v -0.02787770 0.02635294 -0.00151585
v 0.05679727 0.02286692 -0.00086301
v 0.01238541 0.01293719 -0.00062699
v 0.03410025 0.01721381 -0.00137791
v 0.05595469 0.02178847 -0.00084580
v -0.05644743 0.02032086 -0.00060203
v -0.00072436 -0.00734084 -0.00123945
v 0.03752146 0.02878062 0.00012762
v -0.00081817 0.01775708 -0.00137208
v 0.01944021 0.02521342 -0.00146888
v 0.03428395 0.01671370 -0.00069578
v -0.02380453 0.01480035 -0.00080937
v 0.03753089 0.02807688 -0.00060200
v -0.03753754 0.02377413 -0.00046217
v -0.02369348 0.01410643 -0.00083839
v 0.00021044 -0.00638778 -0.00077244
v 0.06511137 0.02094465 -0.00070457
v 0.01241122 0.01218889 -0.00129585
v -0.00309784 0.01346923 -0.00082441
v 0.03430739 0.01597176 -0.00137327
v -0.02948951 0.02374490 -0.00149247
v 0.01845496 0.02575380 -0.00059388
v -0.00425324 0.02068359 -0.00052745
v 0.03651739 0.02869426 0.00016799
v -0.02000113 -0.00843900 -0.00121257
v -0.03774585 0.02501937 -0.00047111
v 0.04487976 0.01403173 -0.00133201
v -0.01928598 -0.01242042 -0.00085057
v 0.01321813 0.01349006 -0.00130366
v 0.05697466 0.02183159 -0.00082722
v -0.00895339 0.02355627 -0.00137632
v 0.01842717 0.02515142 -0.00146174
v 0.03654643 0.02793711 -0.00048881
v -0.01207657 -0.00677584 -0.00117216
v -0.05542013 0.02034399 -0.00055616
v -0.03318288 -0.02163234 -0.00127375
v -0.03517288 0.01540934 -0.00080207
v -0.00527534 0.02064627 -0.00055400
v -0.01197430 -0.00705429 -0.00079237
v 0.01926237 0.02637563 -0.00136460
v -0.01054494 -0.01569266 -0.00083659
v -0.03309827 -0.02186273 -0.00095951
v 0.01219903 0.01344465 -0.00131910
v 0.00407703 0.00746456 -0.00061735
v -0.04739662 0.02659224 -0.00162367
v -0.05563429 0.02160523 -0.00058693
v -0.00446437 0.02193651 -0.00054689
v -0.02458938 0.01897155 -0.00143019
v -0.01298859 -0.00711284 -0.00078996
v 0.03711442 0.01814569 -0.00072718
v 0.00097060 0.02541582 -0.00144895
v -0.04729774 0.02700110 -0.00049189
v -0.04385153 0.02472234 -0.00053050
v -0.03207569 -0.02182672 -0.00093119
v -0.01440431 -0.00472223 -0.00074903
v -0.01309490 -0.00682337 -0.00118473
v 0.01821481 0.02640770 -0.00148573
v -0.00449391 0.02133885 -0.00142121
v -0.03351705 -0.02557693 -0.00103944
v 0.00624996 0.02446442 -0.00145371
v -0.03414021 0.01507740 -0.00112010
v -0.01217885 -0.00581927 -0.00078739
v -0.03354724 -0.02549472 -0.00115159
v -0.03215869 -0.02160072 -0.00123945
v 0.00449898 0.02887724 -0.00140693
v 0.02952098 0.02664608 -0.00095930
v -0.01460613 -0.00349463 -0.00073393
v -0.04638080 0.02664658 -0.00162037
v -0.00548362 0.02189145 -0.00056282
v 0.01017155 0.01332455 -0.00131016
v -0.01228034 -0.00554295 -0.00116429
v -0.00577408 0.00452391 -0.00126942
v -0.03957044 0.00435876 -0.00139967
v -0.03456330 -0.02554844 -0.00115571
v -0.05875455 0.02096220 -0.00163157
v -0.02583082 0.02020956 -0.00150666
v 0.01827226 0.00829744 -0.00066953
v -0.00550192 0.02126321 -0.00139546
v -0.03456597 -0.02554120 -0.00116560
v 0.00603844 0.02571839 -0.00147456
v 0.03459418 0.02739200 -0.00044874
v -0.01319168 -0.00588178 -0.00077952
v -0.03978221 0.00561350 -0.00142152
v 0.01834116 0.00743181 -0.00117832
v -0.04628290 0.02705811 -0.00049220
v -0.03373804 -0.02429715 -0.00109550
v -0.02618457 -0.00784618 -0.00079609
v -0.05895515 0.02218646 -0.00161192
v -0.03958868 0.00508651 -0.00070277
v 0.01118404 0.01338802 -0.00131932
v -0.02577877 0.02074595 -0.00054881
v -0.01330073 -0.00558487 -0.00118449
v -0.03530000 0.02264413 -0.00045558
v 0.00814323 0.01320670 -0.00130427
v -0.03375223 -0.02425850 -0.00114824
v -0.04709061 0.02575900 -0.00048719
v -0.02110621 -0.01999349 -0.00089054
v -0.01757554 -0.00454838 -0.00121839
v 0.00705815 0.02576219 -0.00145689
v 0.03427340 0.02295303 -0.00068098
v -0.03537561 0.02217194 -0.00150099
v 0.01037833 0.01208348 -0.00130689
v -0.01684785 -0.00235332 -0.00075596
v 0.01726273 0.00822596 -0.00064942
v 0.03347106 0.01542868 -0.00070997
v -0.02479557 0.02021101 -0.00143122
v -0.05034353 0.00820145 -0.00065709
v -0.02914227 -0.00893181 -0.00123713
v -0.05794778 0.02226384 -0.00164006
v -0.03631253 0.02258087 -0.00044670
v -0.03476141 -0.02433098 -0.00112678
v 0.01730665 0.00742830 -0.00125096
v 0.01056154 0.01158462 -0.00062647
v 0.03484685 0.00693614 -0.00095307
v -0.03876586 0.00566641 -0.00141627
v -0.03477181 -0.02430264 -0.00116545
v -0.04607898 0.02582482 -0.00049952
v 0.02700232 0.00505507 -0.00069624
v 0.01745078 0.00703588 -0.00071574
v 0.03325749 0.02289884 -0.00068452
v -0.05055125 0.00944513 -0.00066389
v 0.03246430 0.01534967 -0.00067964
v -0.06193911 0.02252850 -0.00062120
v -0.03639054 0.02211514 -0.00150093
v 0.03500181 0.00585160 -0.00112492
v 0.02981302 0.02517285 -0.00063938
v -0.00415686 -0.00509950 -0.00114979
v 0.02899434 0.02322554 -0.00143977
v 0.01598786 0.02750877 -0.00145289
v -0.03939193 0.00387274 -0.00073677
v 0.03327073 0.01665222 -0.00068937
v 0.01812276 0.00870451 -0.00122474
v 0.01036295 0.01280342 -0.00059934
v 0.01905574 0.02140573 -0.00142130
v -0.03558342 0.02341586 -0.00150816
v 0.03328717 0.01592935 -0.00139286
v -0.02557685 0.01951807 -0.00056352
v 0.00629320 0.02502474 -0.00052848
v 0.03442297 0.00573703 -0.00105305
v -0.06078720 0.02085616 -0.00164180
v -0.00517004 -0.00516105 -0.00114326
v 0.02679749 0.00629086 -0.00069230
v -0.02813872 -0.00884399 -0.00127949
v 0.02841194 0.00889171 -0.00070588
v 0.01139491 0.01213582 -0.00130085
v -0.04955472 0.00887395 -0.00149690
v 0.04887678 0.02131840 -0.00074659
v 0.01420350 0.02051611 -0.00059501
v 0.03225900 0.01658669 -0.00067735
v 0.02900793 0.02386662 -0.00062467
v -0.05868351 0.02144686 -0.00060319
v 0.00726918 0.02450955 -0.00143788
v 0.03381083 0.00693679 -0.00103138
v 0.01592502 0.02835796 -0.00092167
v -0.03659823 0.02335874 -0.00150767
v 0.02685132 0.00546620 -0.00125697
v 0.01710651 0.00865127 -0.00122953
v -0.02894017 -0.01016011 -0.00125129
v -0.04952831 0.00948015 -0.00063423
v 0.02846113 0.00807973 -0.00128788
v -0.02456046 0.01957087 -0.00055812
v 0.03227895 0.01585428 -0.00136790
v 0.01701505 0.02753222 -0.00140748
v -0.03837951 0.00393642 -0.00074620
v 0.01136588 0.01289290 -0.00064402
v 0.02863044 0.00761873 -0.00065910
v 0.01419187 0.01986969 -0.00140281
v -0.01725642 0.02495783 -0.00052830
v -0.02885731 -0.01038575 -0.00094352
v 0.03000795 0.02328596 -0.00144474
v 0.03402437 0.00567728 -0.00100297
v 0.00731306 0.02506814 -0.00051023
v 0.02006636 0.02147426 -0.00143733
v 0.03308237 0.01716508 -0.00138886
v 0.02578673 0.00622268 -0.00067674
v 0.01319121 0.02045209 -0.00058512
v 0.04785866 0.02127031 -0.00075843
v 0.00223246 0.01791158 -0.00135057
v 0.03399523 0.00575664 -0.00111121
v -0.03855584 0.00441652 -0.00140098
v -0.00469690 0.02256961 -0.00141038
v 0.01723824 0.02003582 -0.00139720
v 0.02746355 0.00797569 -0.00122340
v -0.05977539 0.02092143 -0.00165342
v -0.01827398 0.02490819 -0.00053804
v -0.05319786 0.02546627 -0.00055247
v 0.01317717 0.01981225 -0.00140190
v 0.02761224 0.00757083 -0.00067118
v 0.03002125 0.02392783 -0.00063075
v 0.01710960 0.02766593 -0.00061527
v 0.03207256 0.01709438 -0.00136979
v 0.00122007 0.01784788 -0.00134107
v -0.00571516 0.02252189 -0.00142274
v -0.02903768 -0.00921654 -0.00084877
v -0.04933010 0.00826234 -0.00066273
v 0.01702941 0.02128248 -0.00140803
v 0.01398495 0.02111118 -0.00140663
v 0.02825587 0.00931664 -0.00128544
v 0.02920644 0.02264806 -0.00065214
v 0.02577628 0.01799433 -0.00137232
v 0.02367536 0.00018460 -0.00096104
v -0.05219088 0.02554474 -0.00058204
v 0.02346755 0.00136430 -0.00104038
v 0.02576161 0.01871238 -0.00066224
v -0.03857443 0.00514520 -0.00070540
v 0.01691122 0.02849302 -0.00102845
v -0.02701387 -0.02150775 -0.00097917
v 0.02739441 0.00884196 -0.00071546
v 0.01296918 0.02105663 -0.00140965
v -0.02395711 -0.02136991 -0.00093492
v 0.02341571 0.00006508 -0.00097874
v -0.00471968 0.02884223 -0.00144102
v -0.02476683 0.02081087 -0.00055995
v 0.01294446 0.02845541 -0.00018373
v -0.02402578 -0.02118295 -0.00118995
v 0.03326167 0.02220941 -0.00143366
v 0.01286287 0.02891288 -0.00022129
v 0.02724174 0.00925766 -0.00128242
v -0.05997973 0.02215594 -0.00164769
v -0.02792847 -0.01009454 -0.00126332
v 0.03067462 0.01322590 -0.00131672
v -0.02377152 -0.02265133 -0.00112092
v 0.03792086 0.02565892 -0.00068302
v 0.02556162 0.01925691 -0.00140492
v 0.02251175 0.00114648 -0.00082072
v 0.04503934 0.01359725 -0.00073939
v 0.01825163 0.02009680 -0.00140290
v 0.00569330 0.01006052 -0.00062428
v -0.04202492 0.00675746 -0.00144719
v -0.00995078 0.02412977 -0.00054649
v -0.02498432 -0.02139330 -0.00098045
v 0.03022792 0.02268703 -0.00062785
v 0.02265106 0.00008913 -0.00106800
v -0.03227161 0.02285921 -0.00051667
v -0.03875822 0.01874492 -0.00051545
v -0.06050730 0.02009403 -0.00060234
v 0.01804426 0.02133950 -0.00140837
v -0.04892601 0.02443784 -0.00052952
v -0.02477267 -0.02264763 -0.00095909
v -0.02802747 -0.00914692 -0.00086631
v 0.00646203 0.02320892 -0.00143077
v -0.03131735 0.02240317 -0.00150673
v 0.03557264 0.02776826 -0.00033588
v -0.02516674 0.02325590 -0.00051585
v -0.03615001 -0.00959292 -0.00087733
v -0.03977331 0.01868856 -0.00051594
v -0.02484920 -0.02243929 -0.00124324
v -0.04223290 0.00800187 -0.00145497
v -0.01235908 -0.00465048 -0.00069206
v -0.03355347 0.02352922 -0.00150795
v -0.06071110 0.02132706 -0.00059459
v -0.03895951 0.01997110 -0.00049836
v -0.00370698 0.02890512 -0.00144938
v -0.01339086 -0.00466138 -0.00075465
v -0.00237060 0.00256611 -0.00123603
v 0.00934616 0.00654102 -0.00066010
v 0.02658051 0.01930295 -0.00139030
v -0.02521347 0.02270506 -0.00145396
v -0.03594329 -0.01083386 -0.00087428
v 0.00576319 0.00963808 -0.00062651
v -0.00363853 -0.00165630 -0.00070021
v -0.03902569 0.01947318 -0.00150874
v -0.03732998 0.02253086 -0.00045591
v -0.03585725 -0.01167437 -0.00123835
v 0.02597346 0.01745747 -0.00064008
v -0.03124382 0.02288104 -0.00046904
v -0.04982061 0.02269726 -0.00161186
v 0.00747724 0.02326498 -0.00142985
v 0.02241894 0.00139917 -0.00116535
v -0.03605233 -0.01053694 -0.00127925
v -0.02617894 0.02319168 -0.00050563
v -0.04121364 0.00804686 -0.00143898
v -0.03206529 0.02161939 -0.00051512
v -0.05969713 0.02138648 -0.00059822
v -0.03997356 0.01991190 -0.00049507
v -0.02505317 -0.02120584 -0.00123613
v 0.02584224 0.00539347 -0.00123518
v -0.00447523 0.02817666 -0.00053324
v -0.04182743 0.00621974 -0.00071379
v 0.01035973 0.00660157 -0.00066529
v -0.00275337 -0.00124612 -0.00118226
v -0.02882975 0.02680301 -0.00051765
v 0.01320253 0.02663196 -0.00048921
v -0.02621716 0.02261763 -0.00141215
v -0.03835493 0.02250139 -0.00049315
v 0.02598377 0.00500809 -0.00070957
v 0.00283047 0.02734850 -0.00055122
v -0.04647061 -0.00297350 -0.00088328
v 0.02678985 0.01805487 -0.00137745
v -0.00261675 -0.00161812 -0.00067488
v -0.03695806 -0.01089110 -0.00087361
v -0.04202224 0.00742827 -0.00067262
v -0.00346302 0.02824088 -0.00054341
v -0.02542014 0.02394583 -0.00145686
v -0.03290863 -0.02926775 -0.00107383
v -0.03707206 -0.01058068 -0.00129701
v 0.02698855 0.01751387 -0.00063960
v -0.04205654 0.01305419 -0.00151069
v -0.03104919 0.02167303 -0.00051088
v 0.04112269 0.00988568 -0.00108430
v -0.03301544 -0.02897692 -0.00147053
v 0.01219545 0.02655374 -0.00045994
v -0.04833868 0.00770508 -0.00151472
v -0.04184503 0.01180018 -0.00148979
v 0.02741566 0.00189543 -0.00145512
v 0.00001878 -0.00518786 -0.00071958
v -0.03402353 -0.02905235 -0.00144505
v -0.04652287 -0.00266362 -0.00088835
v 0.00181878 0.02728283 -0.00053910
v -0.03717292 -0.01583865 -0.00096077
v -0.03762194 0.02332583 -0.00154017
v 0.01281565 0.02836340 -0.00116133
v -0.03391593 -0.02934531 -0.00104548
v -0.02901798 0.02799356 -0.00045204
v 0.02750120 0.00098442 -0.00190208
v 0.03974005 0.02081355 -0.00075477
v -0.04100541 0.00680177 -0.00143022
v 0.00410762 0.00670323 -0.00126841
v -0.02642605 0.02386451 -0.00142332
v 0.02678946 0.01873402 -0.00061433
v 0.04160448 0.00963440 -0.00071247
v 0.00202930 0.02603153 -0.00052186
v -0.03741007 0.02207087 -0.00151799
v 0.01294542 0.02733199 -0.00144404
v 0.02646520 0.00166307 -0.00121562
v -0.04100694 0.00748404 -0.00067131
v -0.04680598 -0.00970703 -0.00319212
v -0.03819949 -0.01586377 -0.00100395
v 0.01200266 0.02767799 -0.00050013
v -0.04286414 0.01175482 -0.00150535
v -0.03863097 0.02325296 -0.00151823
v -0.02800092 0.02804460 -0.00044419
v -0.01777990 -0.00331388 -0.00121269
v 0.00667227 0.02195839 -0.00141462
v 0.00258251 0.02802362 -0.00147203
v 0.02650095 0.00088768 -0.00184751
v 0.03406972 0.02418568 -0.00067280
v -0.02030823 -0.01245730 -0.00087770
v -0.01928085 0.02482944 -0.00050807
v -0.03738182 -0.01459180 -0.00097197
v 0.04075759 0.02086327 -0.00074513
v -0.03747309 -0.01434331 -0.00131089
v -0.01602415 -0.00730839 -0.00075547
v 0.02401400 0.00405287 -0.00125102
v 0.04055429 0.02209487 -0.00073548
v 0.00670843 0.02253803 -0.00051573
v -0.04811438 0.00709438 -0.00068177
v 0.02659155 0.00752968 -0.00069248
v -0.02780533 0.02683396 -0.00048243
v 0.03406649 0.02351635 -0.00144932
v 0.00278710 0.02678847 -0.00147688
v 0.01192366 0.02729375 -0.00146928
v -0.03859857 0.01695411 -0.00145182
v -0.03842577 0.02201617 -0.00152079
v -0.04710153 0.00647876 -0.00145417
v 0.04483659 0.01482733 -0.00072770
v 0.00768665 0.02201668 -0.00141670
v 0.02503667 0.00408857 -0.00122230
v -0.03232857 0.02233624 -0.00149287
v 0.01907542 0.01581956 -0.00063749
v -0.03726124 -0.01559817 -0.00128883
v -0.03956542 0.01744446 -0.00050856
v 0.02555483 0.01995348 -0.00066554
v 0.00897805 0.00822140 -0.00126252
v 0.02433147 0.00251035 -0.00083662
v -0.01765959 -0.00364143 -0.00076594
v 0.03306147 0.02411063 -0.00064781
v -0.05328417 0.02502321 -0.00163762
v 0.01864444 0.02388178 -0.00141950
v -0.04731830 0.00774707 -0.00149455
v 0.02423579 0.00277089 -0.00119196
v -0.04307236 0.01299981 -0.00151393
v -0.03839693 -0.01464808 -0.00097261
v -0.01730799 0.02442015 -0.00148445
v 0.02558161 0.00745928 -0.00067390
v -0.03253786 0.02358418 -0.00150547
v 0.00691209 0.02130541 -0.00052400
v -0.03847457 -0.01443666 -0.00126097
v 0.03305372 0.02345371 -0.00144129
v 0.01909376 0.01509156 -0.00133399
v 0.02657848 0.01998655 -0.00063319
v 0.00177068 0.02673571 -0.00148231
v -0.03962229 0.01692124 -0.00148439
v 0.02417582 0.00361226 -0.00065006
v 0.02638979 0.00875706 -0.00067710
v 0.01806012 0.01576380 -0.00063886
v -0.00600844 -0.00016600 -0.00119822
v 0.02622081 0.00921719 -0.00130467
v -0.02964093 -0.00553985 -0.00079509
v 0.00305745 0.00742048 -0.00063465
v -0.05227295 0.02509012 -0.00165144
v 0.06138530 0.01974713 -0.00105344
v 0.02526286 0.00279460 -0.00114689
v -0.03151554 0.02362087 -0.00147810
v -0.03881577 0.01822358 -0.00149382
v -0.00049630 -0.00863991 -0.00115705
v 0.00792447 0.02136912 -0.00053349
v -0.03826964 -0.01567273 -0.00126454
v -0.01831196 0.02433350 -0.00144371
v 0.03385543 0.02476916 -0.00146858
v 0.00918426 0.00698186 -0.00126139
v 0.02644350 0.00793282 -0.00124235
v -0.01075425 0.01593041 -0.00134425
v -0.03435935 0.02222514 -0.00149617
v -0.06401578 0.02254234 -0.00079493
v 0.01827583 0.01449833 -0.00060233
v 0.02517752 0.00370503 -0.00069917
v 0.00772416 0.02259265 -0.00051286
v -0.05827810 0.02519749 -0.00057292
v 0.02251819 0.01976083 -0.00063499
v -0.00499416 -0.00010735 -0.00120079
v 0.04589359 0.01409158 -0.00133625
v 0.00914071 0.00777848 -0.00065846
v 0.02939906 0.02697807 -0.00141209
v -0.02238568 0.02414439 -0.00149543
v -0.00216180 0.00131952 -0.00122526
v -0.06098997 0.02208634 -0.00163020
v 0.02537271 0.00870613 -0.00068501
v 0.03283754 0.02472034 -0.00147941
v 0.01888460 0.01633915 -0.00134617
v -0.04392650 0.02424837 -0.00157347
v -0.06417858 0.02351416 -0.00080351
v -0.03983416 0.01817615 -0.00150654
v -0.00580193 -0.00140630 -0.00119602
v -0.06422140 0.02378024 -0.00079387
v 0.01019742 0.00704351 -0.00126805
v 0.06119570 0.02094144 -0.00099293
v 0.02395701 0.01662927 -0.00135478
v 0.00413764 0.00041086 -0.00121089
v -0.01655849 -0.00449731 -0.00121061
v -0.01057598 0.01501590 -0.00116603
v -0.00221496 0.00214234 -0.00065803
v -0.00586917 -0.00054517 -0.00068107
v 0.06122384 0.02061971 -0.00116486
v 0.00998710 0.00829417 -0.00128437
v 0.02543472 0.00785927 -0.00121943
v -0.05929376 0.02514266 -0.00057557
v -0.06420530 0.02305834 -0.00149873
v 0.02150041 0.01971183 -0.00064561
v 0.02073895 0.01139808 -0.00128736
v 0.01015533 0.00783616 -0.00065968
v -0.00115553 0.00139993 -0.00125749
v -0.05847784 0.02641940 -0.00055006
v 0.01786852 0.01628549 -0.00135041
v -0.00478394 -0.00135782 -0.00118473
v 0.03611059 0.01805866 -0.00068589
v 0.00515602 0.00045828 -0.00119813
v 0.02230775 0.02101192 -0.00065193
v 0.06024899 0.02043352 -0.00103886
v 0.02496883 0.01669454 -0.00136637
v 0.03735123 0.01614477 -0.00137699
v -0.04900637 0.02397857 -0.00159260
v -0.02216238 0.02285832 -0.00143077
v 0.06017370 0.02090392 -0.00101917
v 0.04605562 0.01317655 -0.00126872
v -0.05858181 0.02602443 -0.00170079
v 0.06025928 0.02024935 -0.00117664
v -0.02707354 -0.02134531 -0.00120073
v 0.01807871 0.01503509 -0.00133439
v -0.00485036 -0.00049889 -0.00066679
v -0.00135176 0.00261231 -0.00122163
v 0.00434981 -0.00084484 -0.00118766
v -0.00120361 0.00220893 -0.00067146
v 0.02230707 0.02033569 -0.00141905
v 0.02472325 0.02425191 -0.00145985
v 0.03836360 0.01067600 -0.00067591
v -0.02033959 0.02421380 -0.00143522
v -0.05949186 0.02636015 -0.00054661
v -0.01128434 0.01328136 -0.00097816
v -0.03732447 0.00320588 -0.00136183
v 0.00447601 -0.00118847 -0.00071897
v -0.02686290 0.02641006 -0.00151634
v 0.02129379 0.02095252 -0.00064832
v -0.01129328 0.01344126 -0.00085850
v -0.01143460 0.01428450 -0.00086628
v -0.01172823 0.01310752 -0.00098606
v 0.03734349 0.01063328 -0.00069505
v 0.00062401 0.00355120 -0.00065788
v -0.02621057 -0.02019663 -0.00100056
v -0.04078326 0.01861818 -0.00049739
v -0.02028775 -0.01872369 -0.00085560
v -0.05143262 0.02008979 -0.00158925
v -0.01227054 0.01329802 -0.00070039
v 0.02129497 0.02027120 -0.00140855
v -0.01243500 0.01418817 -0.00081230
v -0.03778503 -0.01213777 -0.00094011
v -0.00201238 0.00091270 -0.00067036
v -0.01676872 -0.00324686 -0.00122670
v 0.00426750 0.00005729 -0.00072862
v -0.05123517 0.01887407 -0.00162056
v -0.04165094 -0.01978140 -0.00103868
v -0.02983440 0.02671823 -0.00047944
v -0.01075521 0.01661106 -0.00058320
v -0.04490281 -0.00075612 -0.00164570
v -0.03757523 -0.01338708 -0.00092564
v -0.04099036 0.01986018 -0.00050190
v 0.04563767 0.02235514 -0.00070341
v -0.02584414 0.02645645 -0.00150224
v 0.05929760 0.01982772 -0.00122684
v -0.00997378 0.02351429 -0.00139646
v -0.03766151 -0.01315216 -0.00124604
v -0.02135951 0.02417062 -0.00145375
v 0.00536961 -0.00080135 -0.00116960
v -0.04486808 -0.00017263 -0.00075209
v -0.02069972 -0.01003518 -0.00080235
v -0.01400260 0.01767037 -0.00057075
v -0.00099950 0.00097512 -0.00067808
v -0.02665266 0.02515958 -0.00150022
v -0.01663722 -0.00360486 -0.00073838
v -0.05224204 0.01879531 -0.00159053
v 0.04070366 0.02928277 -0.00197651
v -0.03084462 0.02664856 -0.00046186
v 0.02493429 0.02299922 -0.00144074
v -0.01227778 0.01308197 -0.00099299
v -0.04200573 0.01980457 -0.00050349
v -0.03859628 -0.01342722 -0.00094828
v 0.00528861 0.00009726 -0.00070573
v -0.04382005 -0.00088396 -0.00139393
v -0.02560911 0.01892783 -0.00144795
v 0.02520182 0.00917142 -0.00131965
v -0.03867528 -0.01321214 -0.00124165
v -0.04790228 -0.00861671 -0.00306041
v -0.03967359 -0.01952481 -0.00123381
v 0.04104105 0.03014616 -0.00143433
v 0.05819746 0.02064432 -0.00081989
v -0.04506989 0.00037688 -0.00150160
v -0.01421119 0.01891642 -0.00058082
v -0.00754053 0.02117346 -0.00142784
v -0.04180245 0.01857298 -0.00051316
v -0.04155167 -0.02030917 -0.00096031
v -0.03964328 -0.01960735 -0.00112123
v 0.03650215 0.02184704 -0.00070710
v 0.05833499 0.01942232 -0.00126487
v -0.03787110 -0.01190344 -0.00125975
v -0.04403826 0.00038826 -0.00143965
v 0.02494248 0.02365503 -0.00064573
v 0.04047789 0.02789144 -0.00166688
v -0.04385876 -0.00010051 -0.00077302
v -0.02562484 0.02518126 -0.00145243
v 0.00168790 0.00279667 -0.00124082
v 0.03691014 0.01938001 -0.00072126
v 0.03651033 0.02114668 -0.00144135
v -0.01422457 0.01827477 -0.00139509
v 0.05748447 0.01840926 -0.00122782
v -0.05244619 0.02002932 -0.00158415
v 0.05757678 0.01815789 -0.00088496
v -0.04468299 -0.00135462 -0.00082939
v -0.01522408 0.01885403 -0.00057313
v 0.02594807 0.02305915 -0.00144508
v -0.05973547 0.01528022 -0.00079451
v -0.03879323 -0.01221289 -0.00091511
v -0.03866408 -0.01945327 -0.00125398
v 0.05666809 0.01720976 -0.00116932
v -0.05965466 0.01477557 -0.00081535
v 0.00162758 0.02227087 -0.00053843
v 0.03548449 0.02179764 -0.00071717
v 0.01846916 0.00708330 -0.00070295
v -0.03712546 0.02129593 -0.00046104
v -0.04058754 0.01740722 -0.00053523
v -0.03888886 -0.01195250 -0.00127028
v 0.02573912 0.02430619 -0.00145643
v -0.00973662 0.01597986 -0.00133430
v 0.03550088 0.02107498 -0.00142100
v -0.04166402 -0.01974576 -0.00108729
v -0.01502298 0.01762843 -0.00059098
v 0.05653798 0.01816609 -0.00097358
v -0.03916101 0.02740846 -0.00042814
v -0.05991979 0.01646018 -0.00071437
v -0.03946494 -0.02077101 -0.00122358
v -0.04063931 0.01687011 -0.00149211
v -0.03943378 -0.02085585 -0.00110783
v 0.03630070 0.02239555 -0.00145527
v -0.04154012 -0.02051574 -0.00111488
v 0.01623387 0.02062836 -0.00059327
v -0.03814610 0.02125465 -0.00048219
v -0.05461403 0.02164753 -0.00056721
v 0.04051692 0.02944594 -0.00053767
v -0.01745061 -0.00488852 -0.00075450
v 0.02175533 0.01145095 -0.00128208
v -0.03834168 0.00315531 -0.00137028
v -0.04160139 0.01734746 -0.00053111
v 0.04140089 0.02900503 -0.00109898
v 0.01080816 0.02886689 -0.00031343
v 0.01622157 0.01998378 -0.00140357
v -0.02805455 0.02130191 -0.00146193
v -0.02935458 -0.00767565 -0.00126100
v -0.03814327 0.02745759 -0.00041774
v 0.00468315 0.00378003 -0.00066035
v -0.04166063 0.01683072 -0.00151576
v -0.00221669 -0.00406359 -0.00071839
v -0.03923632 -0.02207156 -0.00113917
v -0.03936367 0.00311772 -0.00139640
v 0.03528541 0.02233968 -0.00145646
v 0.03994410 0.02511247 -0.00147233
v -0.02923637 -0.00799752 -0.00082197
v 0.02456070 0.00741874 -0.00069602
v -0.05889576 0.01649220 -0.00068068
v -0.03845678 -0.02069576 -0.00124876
v -0.03840183 -0.02084537 -0.00104472
v 0.01521807 0.02057389 -0.00059641
v -0.04084821 0.01811697 -0.00150325
v -0.03334296 0.02227799 -0.00149083
v -0.05359730 0.02169942 -0.00056056
v 0.01116108 0.02654985 -0.00053208
v -0.01623417 0.01878403 -0.00055506
v -0.02703068 0.02133434 -0.00142872
v 0.01930061 0.00210711 -0.00067368
v 0.02354783 0.00735640 -0.00068839
v 0.01520786 0.01992362 -0.00139894
v -0.03860007 -0.01962750 -0.00101634
v 0.03672559 0.01988245 -0.00140656
v -0.03923051 -0.02208737 -0.00111760
v -0.03895660 0.02617382 -0.00043364
v 0.04337554 0.01113081 -0.00090916
v -0.04485427 0.02463234 -0.00048515
v -0.01603435 0.01756192 -0.00057771
v -0.04186732 0.01807151 -0.00151866
v 0.01601292 0.02122996 -0.00141383
v 0.02435808 0.00864850 -0.00068385
v -0.05441109 0.02041687 -0.00057811
v -0.05827782 0.01277545 -0.00067970
v 0.04332315 0.01127337 -0.00110358
v 0.01015119 0.02647934 -0.00051335
v 0.03710560 0.02370228 -0.00147068
v 0.02839270 0.02689790 -0.00138017
v -0.02833623 -0.00762812 -0.00124839
v 0.02442135 0.00779814 -0.00121348
v 0.01909566 0.00334321 -0.00067021
v 0.04321368 0.01224958 -0.00074558
v 0.01094195 0.02782457 -0.00058125
v -0.05339193 0.02046213 -0.00056245
v -0.04820083 0.02528357 -0.00160566
v 0.03534573 0.02835448 -0.00121433
v -0.03794088 0.02622845 -0.00043077
v 0.01499849 0.02117174 -0.00141184
v -0.01705434 0.01751889 -0.00059639
v 0.02334219 0.00859435 -0.00068742
v -0.03824920 -0.02193907 -0.00124247
v -0.02823235 -0.00791098 -0.00086256
v 0.03690130 0.02493663 -0.00146473
v -0.05869158 0.01525821 -0.00068705
v -0.03898469 0.01315092 -0.00141038
v 0.01091413 0.02722225 -0.00144917
v 0.00136614 0.02919333 -0.00145536
v 0.03608726 0.02433285 -0.00071867
v 0.04432500 0.01136585 -0.00115229
v -0.03820208 -0.02206733 -0.00106752
v -0.03894474 0.01289895 -0.00142353
v 0.04385276 0.01114678 -0.00089481
v -0.02842857 -0.00669863 -0.00082664
v -0.03900785 -0.02337167 -0.00105537
v 0.00992693 0.02776807 -0.00058158
v 0.02415037 0.00989214 -0.00069062
v 0.01807467 0.00330293 -0.00069267
v 0.03609509 0.02363345 -0.00145420
v -0.00481147 0.00492911 -0.00123155
v 0.02339825 0.00776365 -0.00124384
v 0.00486043 0.02746183 -0.00055097
v -0.03880448 -0.02454569 -0.00099955
v 0.00482339 0.02688460 -0.00145313
v 0.01828584 0.00203225 -0.00069285
v 0.03508248 0.02424840 -0.00068089
v -0.06273727 0.02741404 -0.00052687
v 0.01828020 0.00206522 -0.00069398
v 0.03790682 0.02501904 -0.00149973
v 0.00988737 0.02719767 -0.00149308
v 0.02313903 0.00982555 -0.00067719
v -0.03902841 -0.02331569 -0.00113173
v 0.00811767 0.02637569 -0.00052677
v 0.04420850 0.01236115 -0.00082038
v 0.00384854 0.02739673 -0.00053959
v 0.00447109 0.00503551 -0.00068327
v -0.04067532 -0.01961756 -0.00118473
v 0.03507674 0.02358593 -0.00146681
v 0.04297966 0.02598611 -0.00074220
v -0.06375671 0.02736952 -0.00054356
v 0.04436652 0.01136106 -0.00087605
v 0.02395223 0.01110973 -0.00066181
v -0.04831274 0.02073378 -0.00054588
v 0.00791282 0.02761153 -0.00052293
v -0.05019711 0.01265729 -0.00158870
v -0.03803892 -0.02318965 -0.00122621
v 0.04684241 0.02121710 -0.00076325
v 0.03587997 0.02489724 -0.00148844
v 0.02378206 0.01157305 -0.00129377
v 0.00452128 0.00422077 -0.00126148
v 0.00309320 0.00664505 -0.00126649
v 0.01153788 0.02955485 -0.00153666
v -0.01755969 0.01404038 -0.00099778
v 0.04399701 0.02603631 -0.00073325
v -0.03905684 0.02576866 -0.00157054
v -0.04730828 0.02081912 -0.00058485
v -0.01752652 0.01395005 -0.00087461
v 0.02399719 0.01030920 -0.00125947
v 0.00462384 0.02810599 -0.00142954
v 0.00345982 0.00496874 -0.00066963
v -0.03800384 -0.02328517 -0.00109593
v -0.05106203 0.01172241 -0.00156102
v -0.02889844 0.02631193 -0.00153736
v -0.05121830 0.01261753 -0.00161186
v 0.04411767 0.02531162 -0.00073188
v 0.00660661 -0.00202726 -0.00110957
v 0.02277081 0.01150626 -0.00128010
v -0.04718910 0.02534910 -0.00161760
v -0.01854510 0.01390319 -0.00088810
v -0.02080960 -0.00973599 -0.00121043
v -0.04874084 0.01015625 -0.00147899
v -0.03044617 -0.00684562 -0.00078105
v 0.03487062 0.02482522 -0.00146763
v -0.02037313 -0.01849118 -0.00117274
v 0.00367615 0.00370167 -0.00063087
v 0.02293505 0.01105906 -0.00067014
v 0.01377877 0.02235063 -0.00140769
v -0.03803964 0.02581928 -0.00156211
v -0.04354547 -0.00242489 -0.00126872
v -0.03719800 0.02081536 -0.00149504
v 0.00351139 0.00415027 -0.00124272
v 0.00360039 0.02807240 -0.00146113
v -0.03896933 0.00689849 -0.00140730
v -0.04817399 0.01899987 -0.00155989
v 0.00760599 -0.00192812 -0.00116737
v 0.02297754 0.01026531 -0.00127699
v -0.04161384 0.01117071 -0.00063124
v 0.00913191 0.02643440 -0.00052943
v -0.03884580 0.02451597 -0.00155140
v -0.04773255 0.01023114 -0.00150370
v 0.00678527 -0.00319181 -0.00121067
v 0.00380420 0.02683938 -0.00146888
v 0.02556916 0.01370379 -0.00066615
v -0.03821837 0.02077338 -0.00151521
v -0.06253961 0.02619774 -0.00055739
v -0.00385498 -0.00659950 -0.00079335
v 0.01625299 0.00815499 -0.00063008
v 0.02539747 0.01417130 -0.00130378
v 0.01629313 0.00736767 -0.00124568
v -0.04697709 0.02409379 -0.00159489
v -0.01959081 -0.01091237 -0.00121797
v -0.04811275 0.01951117 -0.00056782
v -0.03274482 0.02482575 -0.00150941
v -0.03875135 0.02493686 -0.00043602
v 0.01645204 0.00693498 -0.00065556
v 0.02559995 0.01294191 -0.00131651
v -0.06263782 0.02578708 -0.00168678
v -0.04180160 0.01236004 -0.00056392
v -0.02272637 0.02089563 -0.00052067
v -0.00485899 -0.00668604 -0.00075273
v -0.02645459 -0.02506480 -0.00119606
v 0.00670872 -0.00230530 -0.00073036
v -0.03782790 0.02456469 -0.00154045
v -0.03574465 -0.01205280 -0.00090117
v -0.04715351 0.01904154 -0.00153932
v 0.02455173 0.01365379 -0.00067536
v -0.06356619 0.02617266 -0.00060060
v -0.00404153 -0.00541346 -0.00072157
v -0.02665290 -0.02384676 -0.00116789
v 0.04584978 0.01488889 -0.00073423
v -0.04097970 0.00052117 -0.00138871
v -0.04281357 0.01229515 -0.00055284
v -0.00034622 0.00269462 -0.00125648
v -0.02277763 0.02035711 -0.00147566
v -0.03855233 0.01750626 -0.00051545
v -0.02664629 -0.02386476 -0.00114332
v -0.04595549 0.02413240 -0.00157017
v 0.02458505 0.01288504 -0.00131632
v -0.03563044 -0.01304182 -0.00124171
v -0.06365690 0.02574160 -0.00170213
v -0.00394870 -0.00634431 -0.00114140
v -0.03267329 0.02530907 -0.00047917
v 0.01544284 0.00686255 -0.00063413
v 0.00261752 0.02171764 -0.00139591
v -0.01968741 -0.00997125 -0.00081214
v -0.02374683 0.02085392 -0.00054121
v -0.02641557 -0.02500940 -0.00086894
v -0.00019035 0.00227024 -0.00067768
v -0.03676007 -0.01210828 -0.00090294
v -0.05449328 0.01996258 -0.00164799
v -0.05336611 0.00195572 0.00078087
v -0.03172981 0.02488235 -0.00150920
v -0.00506606 -0.00544417 -0.00075709
v -0.04262239 0.01109655 -0.00060753
v 0.04987618 0.01520687 -0.00085825
v -0.03682515 -0.01193109 -0.00114460
v -0.06288244 0.02713123 -0.00183061
v -0.04617090 0.02539701 -0.00160551
v 0.01609001 0.00859872 -0.00123527
v -0.03837367 0.01634174 -0.00061659
v 0.04991571 0.01462504 -0.00124613
v -0.04790396 0.01826461 -0.00055705
v 0.04975531 0.01553591 -0.00130705
v -0.00959983 0.01517923 -0.00130915
v -0.04064309 -0.01970530 -0.00106508
v -0.02558895 -0.02392343 -0.00098591
v -0.05379962 0.00269097 0.00143666
v 0.00232251 -0.00096545 -0.00117799
v 0.00067457 0.00273550 -0.00123484
v -0.02545124 -0.02463490 -0.00085402
v -0.03663968 -0.01311414 -0.00122050
v -0.00496442 -0.00639901 -0.00114421
v -0.01157359 0.01534104 -0.00061784
v -0.03936825 0.01622954 -0.00054097
v 0.00081950 0.01476218 -0.00058879
v -0.02563185 -0.02380659 -0.00114528
v -0.05346617 0.01998617 -0.00160277
v -0.02297550 0.02157397 -0.00144587
v -0.06388410 0.02703826 -0.00178120
v -0.02543431 -0.02493757 -0.00108049
v -0.03853354 -0.00185488 -0.00137208
v -0.04688343 0.01830618 -0.00053636
v -0.04163137 -0.01362402 -0.00091212
v 0.04887377 0.01511599 -0.00081171
v 0.00211391 0.00028057 -0.00118797
v 0.01522561 0.00813206 -0.00067622
v 0.02437862 0.01412512 -0.00131825
v -0.05279470 0.01680177 -0.00063841
v 0.04872551 0.01551970 -0.00136234
v -0.00013179 0.00143270 -0.00122477
v 0.01506893 0.00855868 -0.00125810
v -0.03247440 0.02408947 -0.00050520
v 0.00223933 -0.00006091 -0.00072221
v 0.00002237 0.00101297 -0.00065229
v -0.01177242 0.01656052 -0.00059162
v -0.05427204 0.01868209 -0.00159095
v 0.02419509 0.00909226 -0.00128910
v 0.04852307 0.01415079 -0.00121885
v -0.01948648 -0.01119642 -0.00083058
v -0.02398479 0.02150183 -0.00142491
v -0.01154696 0.01476070 -0.00109169
v 0.01527917 0.00730817 -0.00124192
v -0.01176998 0.01587579 -0.00134718
v -0.04709848 0.01956980 -0.00057036
v -0.05380851 0.01674193 -0.00063420
v -0.05328310 0.00135643 0.00158800
v -0.04180170 -0.01225256 -0.00093925
v -0.00171191 -0.00747221 -0.00113768
v -0.03751270 -0.00181415 -0.00135020
v -0.01278546 0.01649855 -0.00058454
v 0.02318106 0.00903306 -0.00128578
v 0.00487999 0.00877663 -0.00064002
v -0.02377857 0.02026220 -0.00142363
v 0.00443154 0.02309704 -0.00143302
v -0.05420273 0.01917148 -0.00056901
v -0.00608620 0.01935578 -0.00056074
v -0.01251503 0.01445274 -0.00105680
v -0.03145632 0.02413772 -0.00049357
v -0.05360536 0.01551071 -0.00064439
v 0.00312662 0.00034344 -0.00119633
v 0.00089018 0.00147035 -0.00119874
v -0.02640050 -0.00658015 -0.00083345
v -0.00774483 0.02240775 -0.00142189
v 0.00325805 -0.00001443 -0.00070823
v -0.05305391 0.01750754 -0.00160099
v -0.03831468 -0.00312888 -0.00132386
v -0.02131599 -0.01874421 -0.00090501
v -0.01260158 0.01531981 -0.00066630
v -0.05606512 0.01103504 -0.00153004
v 0.02577219 0.01247295 -0.00067686
v -0.00610680 0.01873377 -0.00140180
v 0.00103481 0.00107656 -0.00066163
v -0.04287631 -0.01237655 -0.00100151
v -0.05692062 0.01077401 -0.00067878
v -0.05284034 0.01624798 -0.00157255
v -0.03166158 0.02537463 -0.00049119
v -0.05707482 0.01164207 -0.00074592
v -0.05325693 0.01873838 -0.00159034
v -0.00710845 0.01931888 -0.00058781
v -0.03192897 -0.02290428 -0.00115098
v -0.01643439 -0.00483519 -0.00074980
v 0.00589829 0.00882428 -0.00062763
v 0.00243870 -0.00128182 -0.00074650
v 0.00853167 0.02389230 -0.00051853
v 0.00544835 0.02314873 -0.00142610
v -0.05407026 0.01745461 -0.00160624
v -0.04264657 -0.01368015 -0.00091301
v 0.02476365 0.01239875 -0.00065309
v 0.00083146 0.00230834 -0.00065220
v -0.03186753 -0.02307157 -0.00092280
v -0.05706541 0.01093838 -0.00147563
v -0.05319272 0.01924162 -0.00058723
v 0.03017794 0.00419126 -0.00097529
v -0.00711426 0.01865662 -0.00137400
v -0.03837394 -0.00228944 -0.00077937
v -0.04494238 0.02419417 -0.00157701
v 0.03637546 0.00977064 -0.00128535
v -0.00973830 0.01666252 -0.00057594
v 0.03694012 0.01862030 -0.00137452
v -0.04142079 -0.02108612 -0.00094859
v -0.00518173 0.01350271 -0.00102494
v -0.05386126 0.01620748 -0.00159471
v -0.05969531 0.01449281 -0.00141002
v 0.00111511 0.01262911 -0.00098860
v -0.05629739 0.01234556 -0.00162803
v -0.00631226 0.01997128 -0.00140025
v -0.03730179 -0.00306648 -0.00133155
v -0.04455999 -0.01461967 -0.00105433
v -0.03289289 -0.02309998 -0.00096147
v 0.00345669 -0.00123332 -0.00073521
v 0.01156939 0.01166073 -0.00065290
v 0.00955090 0.02393744 -0.00050270
v -0.01337602 -0.01091241 -0.00075340
v -0.03295449 -0.02293225 -0.00119023
v 0.00333188 -0.00089348 -0.00119871
v 0.03536765 0.00969446 -0.00125889
v -0.00230894 0.01456785 -0.00118290
v -0.00732706 0.01991411 -0.00139967
v -0.02698942 0.02190011 -0.00051094
v -0.05868712 0.01456796 -0.00143510
v 0.03042254 0.02147902 -0.00066969
v 0.04903972 0.01398608 -0.00096009
v -0.04462958 -0.01337553 -0.00012343
v -0.00859320 0.02743002 -0.00151399
v 0.04897723 0.01415626 -0.00119218
v 0.03042775 0.02078681 -0.00141502
v -0.05227822 0.01268321 -0.00177888
v -0.03736315 -0.00222134 -0.00079481
v 0.02941236 0.02140932 -0.00065205
v -0.05216103 0.01168605 -0.00210826
v 0.03224188 0.02216585 -0.00145161
v 0.04253613 0.02787181 -0.00162467
v -0.01936983 -0.01219207 -0.00116203
v -0.01858263 0.01400534 -0.00102742
v 0.02961832 0.02017044 -0.00065177
v -0.01978880 -0.00969514 -0.00118873
v -0.04366100 -0.01373828 -0.00091115
v -0.05949201 0.01326117 -0.00141960
v 0.02743082 0.01427539 -0.00129096
v -0.02784689 0.02005842 -0.00145536
v -0.05938282 0.01296387 -0.00101411
v -0.02139833 -0.01852005 -0.00121077
v -0.04634591 -0.01066252 -0.00020991
v 0.03122764 0.02210720 -0.00144904
v -0.04261288 0.01728127 -0.00051826
v -0.02255616 0.01907605 -0.00141786
v 0.02216841 0.00897004 -0.00127723
v -0.03044327 0.02419959 -0.00050059
v -0.05854009 0.01970015 -0.00159974
v 0.05425097 0.02672820 0.00011587
v 0.04362095 0.02773830 -0.00136518
v -0.05953948 0.01406850 -0.00083131
v -0.04363580 0.01724622 -0.00054786
v -0.02779908 0.02060631 -0.00051316
v -0.02630100 -0.00752915 -0.00122853
v -0.05327494 0.01257679 -0.00171110
v -0.04127211 -0.02209106 -0.00107316
v -0.02050822 -0.01123469 -0.00085579
v 0.02641338 0.01422542 -0.00130021
v -0.02357417 0.01902760 -0.00142918
v -0.02537560 -0.01276111 -0.00085041
v 0.02115214 0.00891687 -0.00128214
v -0.05850395 0.01339116 -0.00151945
v 0.01251928 0.02962451 -0.00174986
v -0.04442776 -0.01447083 0.00001064
v -0.03418414 -0.02793701 -0.00127687
v -0.04343243 0.01601442 -0.00055723
v 0.02132515 0.00844578 -0.00063957
v 0.02662087 0.01298243 -0.00129432
v -0.04288931 0.01803397 -0.00154487
v -0.05837146 0.01266531 -0.00143919
v 0.00060444 0.02844700 -0.00051487
v 0.02137072 0.00764368 -0.00123506
v 0.04277666 0.02653884 -0.00149610
v -0.04976018 0.01011148 -0.00149534
v -0.04268196 0.01679132 -0.00153947
v -0.01157650 0.02777023 -0.00052079
v -0.02821349 0.01688018 -0.00057679
v -0.03058219 -0.00647528 -0.00128614
v -0.02682955 0.02010867 -0.00144648
v -0.04038178 0.01616892 -0.00053572
v -0.01279014 0.02893252 -0.00049403
v -0.01785673 0.01620529 -0.00057164
v -0.02942199 0.02423913 -0.00047709
v -0.05925017 0.01295396 -0.00099095
v 0.06277292 0.02055595 -0.00035987
v -0.03996541 0.00057971 -0.00139113
v -0.01258650 0.02769997 -0.00050239
v -0.05753531 0.01978462 -0.00163749
v -0.02741503 -0.00663808 -0.00083186
v -0.04515543 -0.01391853 0.00088893
v -0.04369775 0.01673686 -0.00154255
v -0.03414747 -0.02803685 -0.00114067
v -0.01770730 0.01512035 -0.00078132
v -0.04139420 0.01610526 -0.00052632
v -0.02116851 -0.01982386 -0.00112190
v -0.05849886 0.01405535 -0.00073597
v -0.03555025 -0.01326016 -0.00094392
v -0.01887786 0.01616537 -0.00059458
v 0.00270607 0.00284466 -0.00122889
v -0.01989154 -0.00873738 -0.00080558
v 0.00485187 0.02059635 -0.00140122
v -0.01184078 0.02848980 -0.00150224
v 0.02212756 0.00975936 -0.00066435
v -0.01871434 0.01504206 -0.00075196
v -0.01786561 0.01560468 -0.00130921
v -0.01807619 0.01680285 -0.00138667
v 0.00363211 0.02177538 -0.00139726
v -0.03655737 -0.01333822 -0.00091487
v 0.02857116 0.02573393 -0.00148209
v 0.02739230 0.01505839 -0.00066944
v 0.06138732 0.02093873 -0.00097498
v -0.02679882 0.02070306 -0.00056770
v 0.03590355 0.01930052 -0.00069022
v 0.02110958 0.00971084 -0.00067558
v -0.04077072 -0.00072592 -0.00137721
v -0.01285349 0.02842695 -0.00149391
v -0.04663718 -0.01132403 0.00065239
v 0.02637534 0.01500709 -0.00067689
v 0.04379444 0.02658785 -0.00148551
v 0.01278348 0.02291842 -0.00057005
v -0.01057101 0.01543150 -0.00066380
v 0.02192091 0.01100011 -0.00066718
v -0.02354716 -0.01142101 -0.00083390
v -0.02761087 0.01941578 -0.00057887
v -0.04932379 0.02687709 -0.00047755
v -0.00790063 -0.00065441 -0.00068693
v 0.00111000 0.01272049 -0.00092024
v -0.02038205 -0.01225629 -0.00115187
v -0.04921638 0.02522844 -0.00160786
v -0.01883473 0.01531568 -0.00126014
v 0.02719025 0.01628662 -0.00065519
v -0.02365062 -0.01113932 -0.00121812
v 0.02196320 0.01020688 -0.00127470
v -0.04507134 0.00105893 -0.00074235
v -0.00803967 -0.00027585 -0.00120326
v 0.03612391 0.01734434 -0.00140107
v -0.03145021 -0.02556397 -0.00090226
v 0.00869956 0.02207901 -0.00142430
v 0.01160271 0.01089190 -0.00129374
v -0.02659125 0.01945980 -0.00056147
v 0.00994446 0.02150969 -0.00057035
v -0.05793863 0.01602830 -0.00166002
v 0.02721220 0.01554875 -0.00133827
v 0.06024923 0.02623083 -0.00144938
v -0.04830940 0.02693538 -0.00047963
v -0.04404653 0.00108884 -0.00070573
v -0.02456588 -0.01146755 -0.00084782
v 0.02091055 0.01093085 -0.00065009
v -0.00702595 -0.00021575 -0.00120777
v 0.05963515 0.02372645 -0.00148994
v -0.02466507 -0.01119744 -0.00121623
v -0.00374643 -0.00757311 -0.00115489
v -0.00673000 0.02246485 -0.00142234
v -0.03899951 -0.01097316 -0.00091652
v 0.02617733 0.01622433 -0.00064765
v 0.01058324 0.01084746 -0.00131056
v 0.02094717 0.01015304 -0.00127870
v 0.00807190 0.02582221 -0.00146134
v 0.00190271 0.00153369 -0.00120771
v -0.02446632 -0.01241665 -0.00124281
v -0.05813728 0.01724726 -0.00163310
v 0.06062481 0.02385202 -0.00158381
v 0.02619830 0.01548914 -0.00133436
v 0.00869264 0.02830853 -0.00139613
v -0.04877189 0.01645146 -0.00154039
v 0.00546219 0.02927160 -0.00137718
v 0.02535916 0.00253239 -0.00078925
v -0.04912621 0.02566103 -0.00050840
v 0.00888438 0.02710832 -0.00144862
v -0.00770265 -0.00187157 -0.00071626
v 0.00767724 0.02825297 -0.00139781
v 0.05578881 0.02803218 -0.00187995
v 0.05984593 0.02247443 -0.00147175
v -0.00782402 -0.00154108 -0.00116703
v -0.01806582 0.01745270 -0.00058354
v 0.06102805 0.02207601 -0.00085090
v 0.00098597 0.01363084 -0.00073518
v -0.00384966 0.01822854 -0.00055790
v -0.00731027 0.02054648 -0.00057270
v 0.06000685 0.02154625 -0.00142667
v -0.01348768 -0.01060840 -0.00116807
v 0.02049103 0.01896184 -0.00138954
v 0.00786518 0.02706314 -0.00146443
v -0.02721673 -0.00785608 -0.00086003
v -0.00029662 -0.00986164 -0.00118019
v -0.03797987 -0.01092915 -0.00089909
v 0.00908772 0.02587662 -0.00145814
v -0.01906665 0.01735746 -0.00053105
v -0.00364471 -0.00785006 -0.00077714
v 0.02070276 0.01770723 -0.00136781
v 0.00342330 0.02302200 -0.00140809
v -0.03692778 0.02007962 -0.00049156
v -0.03436583 -0.02676420 -0.00118696
v -0.04810825 0.02570958 -0.00049720
v 0.01276398 0.02229342 -0.00140705
v -0.00404804 0.01944678 -0.00053001
v -0.05711575 0.01728608 -0.00160862
v 0.02374439 0.01788622 -0.00137971
v 0.01967990 0.01835013 -0.00063264
v 0.05980807 0.02325560 -0.00084772
v -0.00956253 0.01550584 -0.00068775
v -0.03672887 0.01885994 -0.00051747
v 0.05996060 0.02237345 -0.00080775
v -0.00355960 -0.00254927 -0.00117173
v -0.00668885 -0.00181163 -0.00072062
v 0.00828322 0.02456879 -0.00144123
v 0.01968889 0.01764750 -0.00136378
v -0.00406991 0.01882824 -0.00137586
v -0.03773613 0.01878227 -0.00048893
v 0.06568621 0.01758632 0.00048504
v -0.01221453 0.02465296 -0.00141490
v -0.00133971 0.01485483 -0.00123350
v -0.00506374 0.01939206 -0.00053279
v -0.00681651 -0.00146408 -0.00119465
v 0.02373570 0.01858801 -0.00064741
v -0.01826079 0.01866163 -0.00054298
v -0.00419159 0.00120570 -0.00122483
v -0.01137956 0.02034526 -0.00060792
v -0.02922870 0.01682412 -0.00057780
v -0.01327659 -0.01186122 -0.00114878
v -0.02700672 0.02815783 -0.00052122
v -0.04018240 0.01494797 -0.00055989
v -0.01828225 0.01804199 -0.00138728
v 0.00849424 0.02331615 -0.00142222
v 0.01990100 0.01085940 -0.00063008
v 0.06097159 0.02191361 -0.00141712
v -0.04081547 0.00007399 -0.00077879
v -0.03699261 0.01957805 -0.00149690
v -0.04838182 0.02024385 -0.00156715
v -0.00689255 -0.00057897 -0.00071238
v -0.03373515 0.01849133 -0.00147194
v -0.00423743 0.00200860 -0.00063047
v -0.03998707 0.01373807 -0.00059913
v 0.01993439 0.01009037 -0.00127064
v 0.01948116 0.01889123 -0.00137065
v 0.00832612 0.02513002 -0.00051725
v -0.00203520 -0.01144642 -0.00086299
v -0.01929608 0.01866025 -0.00061848
v 0.00344773 0.01674483 -0.00137126
v 0.02475999 0.01794123 -0.00137733
v -0.04118898 0.01486841 -0.00052879
v -0.02731097 -0.00759948 -0.00121003
v -0.03792977 0.01998760 -0.00044346
v 0.02009147 0.00966269 -0.00068733
v -0.01930181 0.01799776 -0.00140437
v -0.00255005 -0.00247782 -0.00119175
v -0.04098988 0.01364823 -0.00055406
v -0.00214189 0.01368656 -0.00104347
v -0.02605913 0.02771992 -0.00153602
v -0.00209522 -0.01128304 -0.00108583
v 0.01888047 0.01081782 -0.00065077
v -0.05307439 0.02377395 -0.00162321
v -0.03801120 0.01953122 -0.00151045
v 0.00929313 0.02463930 -0.00145997
v -0.01849203 0.01929124 -0.00140171
v -0.00335759 -0.00377738 -0.00118617
v -0.04043177 0.01562691 -0.00148591
v -0.03931964 -0.00942342 -0.00134077
v 0.01908575 0.00958078 -0.00065302
v -0.03923624 0.02072456 -0.00152604
v 0.01891387 0.01004881 -0.00129136
v -0.04736486 0.02029510 -0.00155961
v -0.04022847 0.01439533 -0.00149559
v -0.00317655 0.00126223 -0.00122450
v 0.02475058 0.01864495 -0.00064765
v -0.02598574 0.02819813 -0.00049879
v -0.00322952 -0.00412607 -0.00071058
v -0.01951076 0.01924477 -0.00141572
v 0.00934145 0.02518576 -0.00051588
v -0.05136594 0.00816504 -0.00068480
v -0.04025315 0.02067314 -0.00153334
v 0.01356759 0.02360372 -0.00142735
v -0.02335521 -0.01262176 -0.00088563
v -0.02344090 -0.01238842 -0.00120390
v -0.00476753 -0.00761314 -0.00117771
v -0.00751931 0.02179370 -0.00058436
v -0.04124851 0.01435245 -0.00151454
v -0.00107613 -0.01123756 -0.00107044
v -0.00323195 0.00209119 -0.00066572
v -0.04004165 0.01941921 -0.00151249
v 0.02394232 0.01734733 -0.00064472
v -0.05238600 0.00812219 -0.00070381
v -0.02678581 0.02687827 -0.00046550
v -0.02435681 -0.01271485 -0.00083610
v 0.05403344 0.02740143 -0.00060084
v -0.05205987 0.02383188 -0.00162477
v -0.00010178 0.01377228 -0.00100553
v -0.00088504 -0.01227742 -0.00094664
v -0.00343802 -0.00288030 -0.00072023
v 0.05393605 0.02717686 -0.00151472
v -0.00403478 0.00077875 -0.00064247
v -0.00233867 -0.00373146 -0.00117137
v 0.05306385 0.02712094 -0.00054539
v -0.04145354 0.01558879 -0.00151130
v 0.05278179 0.02741762 -0.00025190
v -0.03910319 -0.01069085 -0.00130156
v 0.02496006 0.01739651 -0.00063438
v -0.05969974 0.02760421 -0.00055397
v -0.02305939 -0.00857271 -0.00126243
v 0.05295455 0.02702905 -0.00139051
v -0.02576567 0.02692088 -0.00044618
v -0.06459226 0.02614614 -0.00064186
v 0.05899899 0.02196018 -0.00084779
v -0.04044721 -0.02091675 -0.00110222
v -0.00242012 -0.00283160 -0.00070924
v -0.05278572 0.02298796 -0.00055113
v -0.06504721 0.02496819 -0.00077241
v -0.01440371 -0.01093450 -0.00080073
v -0.06463950 0.02559673 -0.00158198
v 0.00183972 0.00238332 -0.00067704
v -0.06563553 0.02616656 -0.00074711
v 0.00013343 0.01256480 -0.00077140
v -0.02152345 -0.01129069 -0.00085682
v -0.00209291 0.01355319 -0.00086155
v 0.06589639 0.01681393 -0.00013786
v -0.06544398 0.02496694 -0.00080037
v -0.00303124 0.00086657 -0.00068486
v -0.04978298 0.01638417 -0.00152607
v 0.00971285 0.02214030 -0.00143049
v -0.03920870 -0.00972548 -0.00092878
v 0.04380516 0.02768309 -0.00017786
v -0.06561199 0.02542435 -0.00142427
v -0.02132578 -0.01250696 -0.00088740
v -0.05156775 0.00939261 -0.00066969
v 0.04359373 0.02849053 -0.00070170
v -0.05400116 0.00192315 0.00219686
v -0.03975122 -0.00068154 -0.00136036
v 0.01767234 0.01196516 -0.00060359
v -0.02230924 -0.00643882 -0.00071653
v -0.05299914 0.02424714 -0.00057908
v -0.02140523 -0.01229064 -0.00118245
v -0.06488864 0.02695320 -0.00174260
v -0.05251225 0.00885207 -0.00073723
v 0.06039864 0.02514592 -0.00165910
v 0.02759392 0.01383135 -0.00068531
v -0.00003714 0.01359630 -0.00076548
v -0.03809890 -0.01060509 -0.00134111
v 0.00074595 -0.00988008 -0.00107762
v -0.05259734 0.00937572 -0.00072407
v -0.05165662 -0.00210860 -0.00034294
v -0.05868474 0.02766082 -0.00055375
v -0.03436759 -0.02675941 -0.00119349
v -0.02212501 -0.00761854 -0.00079695
v 0.02759646 0.02003506 -0.00062193
v -0.05675284 0.02736312 -0.00168235
v 0.00643284 0.02953299 -0.00144691
v 0.01275136 0.02869155 -0.00122749
v -0.02234426 -0.01255409 -0.00090049
v -0.04465015 -0.01483606 -0.00118873
v 0.05923972 0.02615922 -0.00142915
v -0.04030815 -0.02170989 -0.00105327
v -0.06563925 0.02558112 -0.00143251
v -0.02223843 -0.00730971 -0.00121815
v 0.00324357 0.01797880 -0.00136482
v 0.06184147 0.02335958 -0.00083472
v 0.02780060 0.01259055 -0.00068241
v -0.02526508 -0.01374014 -0.00120454
v -0.03830308 -0.00937111 -0.00133473
v -0.00486218 0.01816517 -0.00054887
v -0.02242357 -0.01233814 -0.00119505
v -0.02333066 -0.00647793 -0.00074061
v 0.02764423 0.01301630 -0.00126313
v 0.01745934 0.01322318 -0.00062995
v 0.00291538 0.00159668 -0.00121620
v 0.00939282 0.00573591 -0.00125147
v 0.04356933 0.02855697 -0.00079234
v -0.04047191 -0.02084948 -0.00119395
v -0.03817658 -0.00971552 -0.00086497
v -0.05197681 0.02428380 -0.00055168
v -0.05776876 0.02730896 -0.00168596
v 0.02658371 0.01376167 -0.00066770
v -0.02518105 -0.01396893 -0.00089250
v 0.01748309 0.01248048 -0.00130644
v -0.00428046 0.02007961 -0.00139314
v -0.02313489 -0.00768904 -0.00077821
v -0.00059371 -0.00769659 -0.00075422
v -0.02326457 -0.00733596 -0.00125978
v 0.04167911 0.02821872 -0.00048151
v 0.00465030 0.02182331 -0.00138517
v -0.03037282 -0.00772341 -0.00127324
v 0.04243218 0.02883287 -0.00124601
v 0.01643953 0.01317966 -0.00064802
v -0.02607254 -0.01503993 -0.00119862
v -0.05789221 0.01052939 -0.00059651
v -0.04019972 0.00257383 -0.00073204
v -0.00823455 0.01335411 -0.00105448
v 0.02678875 0.01252531 -0.00067085
v -0.02244539 -0.00606810 -0.00122218
v 0.01137678 0.02528448 -0.00049568
v -0.05808716 0.01157823 -0.00073625
v -0.00529683 0.02002669 -0.00139839
v -0.04016372 0.00179774 -0.00136293
v 0.02860832 0.02010021 -0.00063340
v -0.04001033 0.00138010 -0.00079335
v 0.00431966 0.00544784 -0.00124565
v -0.00183897 -0.01265880 -0.00089881
v -0.00292827 -0.00630250 -0.00112101
v -0.05803312 0.01075306 -0.00130028
v 0.01665186 0.01192348 -0.00062419
v -0.02599106 -0.01526174 -0.00089607
v 0.01157851 0.02405715 -0.00051115
v -0.00508838 0.01878109 -0.00138893
v 0.01646893 0.01242157 -0.00130354
v -0.05810916 0.01119183 -0.00132130
v -0.01121535 0.02475265 -0.00147346
v -0.04121247 0.00251114 -0.00072392
v -0.05825853 0.01204486 -0.00137272
v 0.00467351 0.02243820 -0.00053440
v 0.01041494 0.00577316 -0.00122486
v -0.05014625 0.00077561 -0.00074305
v 0.01035578 0.02524422 -0.00051817
v -0.00466776 -0.00788482 -0.00080717
v -0.02346177 -0.00612095 -0.00122752
v -0.04117781 0.00173866 -0.00135981
v -0.01036074 0.02039151 -0.00059358
v 0.02840314 0.02133690 -0.00063069
v -0.00313906 -0.00505044 -0.00113926
v 0.01056588 0.02399411 -0.00050260
v -0.00303827 -0.00532490 -0.00076493
v -0.04100808 0.00127653 -0.00072950
v 0.00960830 0.00447110 -0.00121583
v -0.05113936 0.00065939 -0.00066194
v 0.00182745 0.02104858 -0.00056080
v -0.02497823 -0.01519921 -0.00090397
v 0.00950765 0.02337710 -0.00142790
v 0.02801700 0.01685580 -0.00135407
v 0.03468846 0.01978870 -0.00143348
v 0.00566123 0.02189101 -0.00140016
v -0.05034193 0.00198649 -0.00070509
v -0.04607097 0.00028241 -0.00145012
v 0.01198179 0.00918166 -0.00065055
v 0.00691178 0.02740295 -0.00059977
v -0.04898262 0.01770329 -0.00155833
v -0.02502890 -0.01506126 -0.00109214
v -0.04328366 -0.01612185 -0.00103904
v 0.01255221 0.02354811 -0.00142890
v -0.03979922 0.00012723 -0.00077400
v 0.03772709 0.02065397 -0.00069190
v 0.03367631 0.01972429 -0.00142307
v 0.00954769 0.00531423 -0.00067634
v 0.00685056 0.02700550 -0.00146321
v 0.00569741 0.02247058 -0.00050114
v -0.00588211 0.01812198 -0.00056736
v 0.00061637 -0.00884923 -0.00079417
v -0.04364489 0.00417170 -0.00145421
v -0.05134849 0.00190688 -0.00067393
v -0.00652219 0.02122093 -0.00141520
v 0.05802011 0.02112724 -0.00147855
v -0.00212160 -0.00500059 -0.00112983
v 0.00586180 0.02755554 -0.00060136
v 0.05940286 0.02503699 -0.00158793
v 0.00893265 0.02144433 -0.00055863
v -0.04344995 0.00364091 -0.00073024
v -0.00689395 0.01805678 -0.00055589
v -0.00201588 -0.00528845 -0.00073722
v -0.01200292 0.02339871 -0.00139369
v 0.00330362 0.00539407 -0.00124974
v 0.00583908 0.02693929 -0.00145033
v -0.04696879 -0.00049899 -0.00147267
v 0.03873253 0.02073657 -0.00072718
v 0.00488355 0.02118824 -0.00051899
v 0.01061836 0.00454117 -0.00123399
v -0.01606361 -0.01953511 -0.00091172
v -0.00567137 0.01687007 -0.00054936
v -0.04707726 0.00020206 -0.00141795
v -0.00226726 0.01470601 -0.00074443
v -0.03320894 -0.02777202 -0.00142442
v 0.00667398 0.02816437 -0.00135438
v -0.00547410 0.01509436 -0.00121345
v -0.01428732 -0.01192947 -0.00113316
v -0.00567636 0.01620559 -0.00133253
v 0.01096635 0.00912626 -0.00065238
v -0.00282853 -0.00657407 -0.00075065
v -0.04303583 0.00115718 -0.00072154
v -0.04364731 0.00485635 -0.00069850
v -0.04940320 0.02020460 -0.00159102
v 0.02900789 0.01765611 -0.00067875
v 0.01056713 0.00535878 -0.00065968
v -0.04002876 0.01317348 -0.00151857
v -0.04261912 0.00419893 -0.00141389
v -0.00669722 0.01684304 -0.00058992
v 0.00589868 0.02124449 -0.00051832
v 0.00564075 0.02815740 -0.00142228
v -0.04449922 -0.00874368 -0.00096550
v 0.00490788 0.00802258 -0.00130104
v 0.02800086 0.01757781 -0.00064939
v -0.04202348 0.00122099 -0.00073115
v -0.00669667 0.01616347 -0.00135246
v 0.02597645 0.01123869 -0.00068290
v -0.05725337 0.01280632 -0.00064439
v -0.00190443 -0.00626992 -0.00108805
v -0.04263269 0.00491399 -0.00069972
v 0.02598398 0.01675076 -0.00136567
v -0.05042003 0.02015294 -0.00159797
v -0.00569252 0.02313833 -0.00057402
v -0.00182231 -0.00649356 -0.00078303
v -0.04103890 0.01310361 -0.00150071
v -0.05745952 0.01404568 -0.00064534
v -0.00648943 0.01559920 -0.00058284
v 0.02601630 0.01045212 -0.00129954
v -0.04750601 -0.01004448 -0.00198216
v 0.00592480 0.00807402 -0.00129377
v 0.02700259 0.01679759 -0.00135209
v -0.01052547 -0.00332444 -0.00065641
v -0.00589120 0.01746863 -0.00136573
v 0.00512138 0.00676324 -0.00127287
v 0.02496121 0.01118273 -0.00068397
v -0.04243093 0.00368650 -0.00071498
v -0.01033731 -0.00451485 -0.00072224
v -0.01045328 -0.00419910 -0.00115287
v -0.05643857 0.01408613 -0.00062306
v 0.02500922 0.01037392 -0.00127027
v 0.00528817 0.00630911 -0.00065345
v -0.05623463 0.01290882 -0.00056721
v -0.04854406 0.00894238 -0.00151283
v 0.02516469 0.00995061 -0.00069291
v -0.03369325 -0.01199780 -0.00082136
v 0.01488577 0.00352486 -0.00122761
v -0.00690171 0.01739985 -0.00134938
v -0.04658486 -0.00947606 -0.00181346
v -0.04736761 -0.01075056 -0.00183946
v 0.00508563 0.00753864 -0.00064097
v -0.04851532 0.00954221 -0.00064149
v -0.03381586 -0.01166396 -0.00127668
v 0.02581003 0.01169181 -0.00130094
v -0.00649927 0.02183660 -0.00056544
v -0.01134538 -0.00459028 -0.00069673
v 0.00285576 0.00243710 -0.00067298
v 0.01392276 0.00314443 -0.00124034
v 0.00630352 0.00636478 -0.00065196
v 0.01386631 0.00348043 -0.00124439
v -0.06090662 0.02253747 -0.00055604
v -0.03473097 -0.01199261 -0.00090587
v -0.03948056 0.02827853 -0.00161485
v 0.00613542 0.00682249 -0.00127625
v -0.04752593 0.00899046 -0.00150096
v -0.03475955 -0.01191476 -0.00101207
v 0.02881117 0.01886983 -0.00064469
v -0.04646950 -0.01087727 -0.00160295
v -0.05772357 0.01476462 -0.00162590
v -0.02163402 -0.00477897 -0.00121354
v 0.02479251 0.01164209 -0.00131049
v 0.00609885 0.00760008 -0.00064738
v 0.00873766 0.02265335 -0.00051820
v 0.02881770 0.01817393 -0.00138502
v -0.04749643 0.00958826 -0.00062687
v -0.02150598 -0.00512759 -0.00073808
v 0.02665362 0.00668258 -0.00122657
v -0.05989490 0.02260303 -0.00056804
v -0.04648350 -0.01007229 -0.00100898
v -0.03333776 -0.02674319 -0.00113820
v 0.03794728 0.01869826 -0.00140342
v 0.00049381 -0.00230488 -0.00119541
v -0.01198124 0.02401776 -0.00054853
v 0.02779917 0.01880508 -0.00063383
v -0.03959597 -0.00110427 -0.00078379
v -0.03504765 0.01439030 -0.00110167
v -0.04830936 0.00830333 -0.00064119
v 0.01807023 0.00952563 -0.00065522
v 0.00243985 -0.00749560 -0.00079612
v 0.04062827 0.02841922 -0.00005155
v 0.00506294 0.01934362 -0.00138203
v -0.00838761 0.01444895 -0.00085829
v 0.01177912 0.01041157 -0.00063862
v 0.02634556 0.00266690 -0.00089530
v -0.03926135 0.02700358 -0.00156538
v -0.00302190 -0.01158009 -0.00075807
v 0.04045806 0.02924563 -0.00027436
v -0.01624250 -0.01845706 -0.00090959
v 0.02564146 0.00661826 -0.00121626
v 0.00062354 -0.00265812 -0.00071360
v 0.02780255 0.01811776 -0.00138584
v -0.01974598 0.01503078 -0.00081401
v 0.03773359 0.01995819 -0.00143241
v -0.02060674 -0.00475579 -0.00116777
v 0.01705393 0.00947255 -0.00066026
v 0.02861228 0.01941131 -0.00138325
v 0.02835621 0.00283283 -0.00096681
v -0.03334119 -0.02673385 -0.00115095
v -0.05671070 0.01482707 -0.00163365
v -0.04831027 0.01451642 -0.00059065
v 0.01111534 0.02599632 -0.00146656
v -0.02048730 -0.00508105 -0.00072413
v -0.04835130 0.01395010 -0.00150767
v -0.04729676 0.00836650 -0.00064995
v 0.03184535 0.02527981 -0.00063044
v 0.01132255 0.02475406 -0.00146165
v 0.02729517 0.00290155 -0.00113795
v -0.04953502 0.02191967 -0.00055128
v -0.03397933 0.01430169 -0.00090339
v -0.05752963 0.01355849 -0.00167030
v 0.02733883 0.00278267 -0.00097581
v -0.04933372 0.01448286 -0.00062227
v 0.01405124 0.00850940 -0.00126826
v 0.02759523 0.01936030 -0.00139112
v 0.00152091 -0.00228119 -0.00115028
v -0.03825167 0.02707465 -0.00158491
v -0.04939196 0.01396336 -0.00160319
v -0.02070992 -0.00379679 -0.00078630
v -0.04933811 0.02070542 -0.00058464
v -0.05739216 0.01277180 -0.00162483
v 0.03083208 0.02521845 -0.00062415
v 0.01030756 0.02469745 -0.00146189
v 0.03914792 0.01824939 -0.00071381
v -0.03350269 -0.01319477 -0.00087825
v 0.03875386 0.02000042 -0.00141261
v -0.03416110 0.01547470 -0.00081382
v -0.03360652 -0.01291203 -0.00126390
v -0.05055528 0.02187736 -0.00057100
v -0.04855999 0.01519636 -0.00151805
v 0.01303823 0.00844736 -0.00126106
v -0.03846041 0.02832109 -0.00159547
v -0.04037298 -0.00316506 -0.00142939
v 0.05736789 0.01940472 -0.00089606
v -0.05034624 0.02063011 -0.00055931
v 0.01688821 0.00371312 -0.00132954
v 0.03813380 0.01819037 -0.00071070
v -0.03452424 -0.01323353 -0.00090281
v -0.00112482 0.01373753 -0.00103553
v -0.05648801 0.01354265 -0.00157130
v -0.03461472 -0.01298717 -0.00123881
v 0.02463130 0.00654844 -0.00119843
v -0.04955899 0.01509619 -0.00145878
v 0.00037287 0.02286695 -0.00142884
v -0.04056946 -0.00195196 -0.00139448
v 0.05734171 0.01956554 -0.00089240
v -0.01702524 -0.01982414 -0.00081187
v 0.05717915 0.02059674 -0.00083244
v -0.06440991 0.02497161 -0.00072935
v 0.03792596 0.01943441 -0.00071803
v 0.01010258 0.02593360 -0.00145844
v -0.00723909 0.01346392 -0.00112687
v -0.04041378 -0.00237586 -0.00081630
v 0.00052141 -0.00859063 -0.00114689
v 0.02800572 0.01135394 -0.00068522
v -0.04961115 0.02144887 -0.00159865
v -0.04674306 -0.00827469 -0.00175999
v 0.03896291 0.01875312 -0.00140089
v -0.04753931 -0.00882739 -0.00108085
v 0.02360573 0.00652063 -0.00123792
v 0.02802753 0.01061645 -0.00136887
v 0.05723852 0.01975695 -0.00137647
v 0.00081970 0.02097226 -0.00053410
v -0.06016855 0.01713747 -0.00163820
v 0.02374571 0.00613946 -0.00071806
v -0.03953400 -0.00195106 -0.00131828
v 0.05617354 0.02051447 -0.00079768
v -0.02009362 -0.00750908 -0.00079142
v 0.03893764 0.01950003 -0.00073008
v 0.03632984 0.01610556 -0.00140095
v -0.02084852 0.01521248 -0.00113923
v -0.01412272 -0.01900503 -0.00104573
v -0.03352178 0.01723232 -0.00144419
v 0.02698909 0.01130175 -0.00069151
v 0.02381346 0.00527698 -0.00123115
v 0.01442109 0.00682429 -0.00065937
v 0.00255737 -0.00849369 -0.00112425
v 0.04463081 0.01606574 -0.00072730
v -0.04743630 -0.00942337 -0.00027662
v -0.05062774 0.02139655 -0.00160469
v 0.03828008 0.02873832 -0.00172306
v 0.05634259 0.01937614 -0.00093452
v -0.05401425 0.01176953 -0.00068751
v 0.05640921 0.01862198 -0.00133308
v -0.04999630 0.01764308 -0.00155363
v 0.02702535 0.01052495 -0.00132142
v -0.02111304 -0.00755367 -0.00080803
v 0.05620850 0.01974124 -0.00143247
v -0.05382936 0.01058806 -0.00076555
v -0.04021213 -0.00360302 -0.00083204
v 0.00425378 0.01804845 -0.00138243
v -0.01098777 0.02345498 -0.00139299
v -0.01425420 -0.01823027 -0.00106407
v 0.00224497 -0.00628690 -0.00075523
v 0.00508653 0.01995747 -0.00052983
v 0.05292163 0.02158610 -0.00080204
v 0.01341005 0.00675695 -0.00064494
v 0.06288816 0.02287874 -0.00122562
v -0.02029372 -0.00628617 -0.00076988
v 0.04563939 0.01613983 -0.00075092
v 0.02784605 0.01178870 -0.00127824
v -0.00123452 0.01471432 -0.00067832
v -0.05992638 0.01580001 -0.00150346
v -0.02040905 -0.00597215 -0.00119819
v -0.03147232 -0.00687191 -0.00082258
v 0.06267358 0.02391417 -0.00151371
v 0.03926652 0.02871728 -0.00200410
v 0.01421925 0.00805193 -0.00064430
v -0.03933813 -0.00316250 -0.00135545
v -0.02021724 -0.00717249 -0.00125053
v 0.00123001 -0.00634360 -0.00075529
v 0.02681685 0.01177073 -0.00133116
v -0.03593379 -0.01707033 -0.00089293
v -0.00040128 -0.00889862 -0.00080421
v 0.02627375 0.00286243 -0.00116200
v -0.02131075 -0.00633724 -0.00077766
v -0.03919516 -0.00355176 -0.00082454
v 0.01980085 0.02918000 -0.00149876
v 0.01426802 0.00724109 -0.00122785
v 0.01684205 0.01693815 -0.00062855
v 0.01769035 0.01123806 -0.00130134
v 0.00980751 -0.00228188 -0.00053001
v 0.00138823 0.02292255 -0.00142729
v 0.02618117 0.00379261 -0.00074125
v 0.00366892 0.01614258 -0.00054985
v -0.03939521 -0.00232897 -0.00080284
v 0.01786979 0.01074947 -0.00063496
v 0.01320317 0.00799829 -0.00064857
v -0.02122805 -0.00724050 -0.00123515
v -0.05895359 0.01597157 -0.00166002
v 0.03062668 0.02024514 -0.00067625
v 0.02514524 0.02174674 -0.00142191
v 0.02374154 0.01236147 -0.00067964
v 0.01789955 0.00999035 -0.00128904
v -0.02193658 -0.02123089 -0.00096968
v -0.01075374 -0.01444611 -0.00084733
v 0.04787413 0.02055009 -0.00146552
v 0.02605263 0.00414257 -0.00121855
v 0.03948593 0.02801090 -0.00131220
v -0.04208611 -0.01724034 -0.00112556
v -0.03250532 0.01728495 -0.00143855
v 0.01324809 0.00719793 -0.00124644
v -0.02198280 -0.02110506 -0.00114134
v -0.05914954 0.01718317 -0.00162312
v -0.04061356 -0.00115383 -0.00079356
v -0.00629300 0.02059688 -0.00056404
v 0.02272747 0.01230236 -0.00067643
v -0.02199796 0.01580788 -0.00131636
v 0.01685908 0.01068115 -0.00061921
v -0.03958668 0.01129170 -0.00064140
v 0.02716703 0.00392856 -0.00084922
v 0.02615999 0.02180412 -0.00142277
v -0.00735040 0.01444507 -0.00077561
v -0.02168288 -0.00407772 -0.00075434
v 0.01688839 0.00992326 -0.00127497
v -0.02143156 -0.00600829 -0.00122633
v -0.02295905 -0.02126719 -0.00099760
v -0.05849264 0.02024903 -0.00065886
v -0.02182352 -0.00358492 -0.00115269
v -0.02300096 -0.02115305 -0.00115327
v -0.04059277 0.01121082 -0.00060850
v 0.02707243 0.00418613 -0.00120057
v -0.01630383 -0.01829003 -0.00113740
v 0.02878448 0.02447503 -0.00145448
v 0.04422997 0.01783517 -0.00145124
v 0.03434828 0.02857222 -0.00078611
v -0.03978126 0.01249959 -0.00059941
v -0.04084004 -0.01849099 -0.00103184
v -0.04110900 -0.01708060 -0.00126600
v 0.02536159 0.02047962 -0.00138313
v 0.00249410 0.02949111 -0.00041700
v -0.02719543 0.01692848 -0.00056529
v -0.03980820 0.01189487 -0.00146409
v 0.01668118 0.01116555 -0.00127989
v -0.00487809 0.01753041 -0.00137260
v -0.03126137 0.01604008 -0.00135270
v -0.04190855 -0.01840192 -0.00123069
v 0.02077793 0.02932628 -0.00165461
v 0.02979504 0.02454370 -0.00147077
v 0.02535037 0.02118825 -0.00066017
v -0.04079129 0.01242944 -0.00058119
v -0.04183493 0.00002952 -0.00079554
v -0.05747175 0.02028964 -0.00063685
v 0.00058179 0.02162005 -0.00141761
v -0.02083632 -0.00380617 -0.00078321
v -0.02739655 0.01815417 -0.00054756
v -0.04185193 -0.01855606 -0.00102049
v 0.01144592 0.00025366 -0.00045457
v -0.04200029 0.01357910 -0.00053718
v -0.04181796 -0.01876418 -0.00102476
v -0.04082664 0.01184760 -0.00147703
v -0.03704863 -0.01685515 -0.00126387
v -0.04178538 -0.00078348 -0.00137614
v 0.04444996 0.01655815 -0.00139890
v -0.01959836 -0.00468117 -0.00119212
v 0.02636930 0.02055611 -0.00141001
v 0.00346318 0.01738087 -0.00054927
v -0.00386316 0.01758723 -0.00137269
v 0.00506339 0.02623111 -0.00056181
v 0.00975274 0.02270977 -0.00051774
v 0.01063704 -0.00104219 -0.00045399
v -0.04284895 -0.00002976 -0.00079210
v -0.03799199 -0.01710679 -0.00099806
v 0.03368505 0.01416797 -0.00067997
v -0.01980494 -0.00344061 -0.00119468
v -0.04302197 0.01354068 -0.00056218
v -0.03025727 0.01611762 -0.00140300
v 0.00263599 -0.00870775 -0.00083232
v -0.03805356 -0.01693918 -0.00122667
v -0.04206084 -0.01730916 -0.00103169
v -0.02639132 0.01823740 -0.00058363
v -0.04279292 -0.00086038 -0.00134868
v -0.01177490 0.02277783 -0.00054685
v -0.04220454 0.01481331 -0.00053105
v 0.00405476 0.02615713 -0.00053837
v 0.03388010 0.01295881 -0.00072019
v -0.04090677 -0.01830930 -0.00127964
v 0.04443013 0.01729021 -0.00070795
v -0.04263892 -0.00127967 -0.00077681
v 0.06142506 0.02517145 -0.00161652
v 0.02636464 0.02124691 -0.00066276
v 0.01181487 0.00963618 -0.00127049
v 0.03372107 0.01339188 -0.00131086
v 0.00633483 0.00560147 -0.00130030
v -0.00466079 0.01626064 -0.00133018
v -0.01967604 -0.00379152 -0.00071608
v 0.00010677 0.01252636 -0.00099568
v -0.02213246 0.01656623 -0.00137358
v -0.04199560 0.00046701 -0.00139222
v 0.02353824 0.01359307 -0.00066999
v 0.03268346 0.01407483 -0.00063032
v -0.04226353 0.01429586 -0.00151478
v -0.00450706 0.01542065 -0.00123463
v 0.04547101 0.01659829 -0.00137623
v -0.04159916 0.00424208 -0.00139534
v -0.04322865 0.01478153 -0.00056514
v 0.02356826 0.01283328 -0.00132313
v -0.04859297 0.02149680 -0.00158656
v 0.03287346 0.01287948 -0.00068943
v 0.00532929 0.00551904 -0.00126533
v -0.01858963 -0.00460746 -0.00121522
v 0.03270341 0.01334241 -0.00132084
v 0.01380779 0.01052842 -0.00064311
v -0.01096196 0.01717402 -0.00135102
v -0.00465551 0.01692436 -0.00054597
v -0.04105371 -0.01723112 -0.00106071
v 0.03514258 0.01098536 -0.00133012
v -0.04327904 0.01424065 -0.00151686
v 0.04525821 0.01785581 -0.00140192
v 0.02253049 0.01351674 -0.00064329
v -0.04284584 -0.00053414 -0.00133976
v 0.01602344 0.02187937 -0.00061009
v 0.01384031 0.00976181 -0.00128703
v -0.02617781 0.01697793 -0.00055534
v 0.03350934 0.01464635 -0.00133244
v -0.02252201 0.01345047 -0.00058030
v 0.05275501 0.02203980 -0.00142088
v -0.04300729 0.00040136 -0.00138014
v -0.00364916 0.01632646 -0.00134254
v -0.04324535 0.00861635 -0.00068104
v 0.01400761 0.00930625 -0.00066566
v 0.02255364 0.01277566 -0.00132197
v 0.06246679 0.02515529 -0.00151704
v 0.06217954 0.02114873 -0.00103434
v 0.04542805 0.01739336 -0.00077122
v -0.04162381 0.00498726 -0.00072224
v -0.00995473 0.01725181 -0.00137968
v -0.03271898 0.01854477 -0.00146742
v -0.01867419 -0.00369913 -0.00076466
v 0.02336270 0.01407102 -0.00132188
v -0.02267376 0.01386366 -0.00114387
v 0.03570573 0.02051718 -0.00066020
v -0.02155695 0.01296501 -0.00153019
v -0.04058162 0.00429176 -0.00138569
v 0.01299419 0.00924538 -0.00066007
v -0.05510557 0.02366396 -0.00162797
v 0.00446367 0.01679889 -0.00136756
v 0.03249285 0.01459381 -0.00133817
v 0.01886924 0.01705899 -0.00063850
v -0.04880484 0.02275179 -0.00160881
v 0.06202969 0.02216904 -0.00090040
v -0.01119172 0.01847769 -0.00143965
v -0.01947789 -0.00500918 -0.00074473
v -0.00364197 0.01698498 -0.00055125
v -0.05552629 0.02616562 -0.00166111
v -0.00079307 -0.00026509 -0.00067604
v 0.01363393 0.01100179 -0.00128877
v -0.02158017 0.01370628 -0.00085179
v -0.06589639 0.02696211 -0.00161961
v -0.00272966 -0.00752131 -0.00114811
v -0.02166072 0.01392560 -0.00115095
v -0.01704289 -0.00735484 -0.00076954
v 0.02235073 0.01400619 -0.00131089
v 0.00607462 0.01940931 -0.00139424
v -0.04163910 -0.00118174 -0.00083296
v -0.01846569 -0.00494491 -0.00075495
v -0.04060019 0.00502040 -0.00069004
v 0.03671382 0.02059267 -0.00068574
v -0.00060198 -0.00146342 -0.00073103
v 0.01991369 0.02945673 -0.00042118
v 0.01785739 0.01699379 -0.00062699
v 0.04746019 0.02303327 -0.00147349
v -0.04308064 -0.01735273 -0.00104966
v -0.00645693 0.01483260 -0.00122676
v -0.04832736 0.00214172 -0.00076201
v 0.01583798 0.01064115 -0.00064207
v 0.01278441 0.01049464 -0.00067448
v -0.00072012 -0.00114173 -0.00116978
v 0.06285702 0.02343550 -0.00080903
v 0.01261856 0.01094624 -0.00129041
v 0.01587693 0.00985704 -0.00126203
v -0.00181502 -0.00030277 -0.00070204
v -0.05451224 0.02622484 -0.00166447
v -0.00613417 0.02501891 -0.00144953
v -0.00025701 0.02661624 -0.00147419
v 0.01282499 0.00970609 -0.00128843
v -0.01450552 -0.01065730 -0.00117881
v -0.05259258 0.01557336 -0.00065242
v 0.02832535 0.00291685 -0.00108143
v -0.04142640 0.00377167 -0.00075374
v 0.01481825 0.01059740 -0.00065980
v -0.01075851 0.02283070 -0.00054154
v -0.05471493 0.02745475 -0.00165254
v -0.00161002 -0.00153900 -0.00070536
v -0.03269058 0.00051361 -0.00075904
v 0.05516362 0.02044409 -0.00077906
v 0.00502935 0.02564572 -0.00145286
v -0.02382287 -0.01620287 -0.00114711
v 0.01072206 0.02842331 -0.00139787
v -0.00173904 -0.00118769 -0.00118452
v 0.01485707 0.00981360 -0.00128022
v 0.01076689 0.01034747 -0.00062858
v 0.04666195 0.01617586 -0.00072269
v 0.04847209 0.02309829 -0.00148478
v -0.00021987 0.02719319 -0.00057163
v -0.02376028 -0.01637329 -0.00091468
v 0.06216812 0.02135286 -0.00088160
v -0.04816560 0.01276639 -0.00158265
v 0.05535656 0.01924064 -0.00082710
v -0.04040193 0.00380249 -0.00071833
v -0.03309634 -0.02807859 -0.00100630
v 0.05519358 0.01968438 -0.00143235
v 0.01566432 0.01111397 -0.00128697
v -0.04019958 0.00810603 -0.00144224
v 0.00401503 0.02558724 -0.00145054
v 0.05170856 0.02274696 -0.00077329
v -0.02841181 0.01809825 -0.00054872
v 0.00153536 -0.00853123 -0.00115049
v 0.03592307 0.01856924 -0.00138230
v 0.00075965 0.02666828 -0.00146775
v -0.00770863 0.01677666 -0.00057676
v -0.04917516 0.01269496 -0.00156263
v -0.03880054 -0.01840361 -0.00099617
v -0.03886768 -0.01822081 -0.00124550
v -0.01508674 -0.01938510 -0.00106480
v -0.01715597 -0.00704693 -0.00118949
v 0.04644218 0.01745235 -0.00077424
v -0.04406018 0.00665856 -0.00146711
v 0.00586567 0.02065630 -0.00140553
v -0.00750649 0.01554818 -0.00059071
v 0.05435828 0.01913851 -0.00076524
v 0.01465078 0.01105340 -0.00128178
v 0.02193054 -0.00280358 -0.00226838
v 0.04766650 0.02179355 -0.00147205
v -0.05542248 0.02656105 -0.00051100
v -0.00242058 0.01580151 -0.00054911
v -0.03981781 -0.01845402 -0.00100483
v -0.01878704 -0.00339186 -0.00118376
v -0.06010376 0.02384978 -0.00057902
v -0.04672342 -0.00143944 -0.00086854
v 0.02151300 0.01346688 -0.00065269
v 0.00080481 0.02722341 -0.00053547
v -0.01606515 -0.01961800 -0.00101561
v 0.02154227 0.01270916 -0.00130873
v -0.00853471 0.01552754 -0.00063996
v -0.04310540 -0.01728531 -0.00114161
v -0.02280721 -0.01614805 -0.00114445
v 0.04749849 0.01671841 -0.00138523
v -0.00792308 0.01736056 -0.00137315
v 0.02172073 0.01222322 -0.00064591
v -0.06019365 0.02341646 -0.00167750
v 0.04763964 0.02254469 -0.00080711
v -0.04404548 0.00729661 -0.00064793
v 0.02845152 0.00053910 -0.00290672
v -0.05887702 0.02265179 -0.00055714
v -0.03188582 -0.01060049 -0.00088292
v -0.02273963 -0.01633204 -0.00089350
v 0.01604495 0.00939952 -0.00063801
v 0.04767059 0.01624982 -0.00074613
v -0.06112031 0.02379735 -0.00058494
v -0.03199181 -0.01031189 -0.00127653
v 0.00060896 0.02222417 -0.00055216
v -0.00770044 0.01607624 -0.00131092
v -0.02296904 0.01555400 -0.00124101
v 0.02070432 0.01217046 -0.00065141
v -0.02361655 -0.01744274 -0.00114549
v -0.00000678 0.02593493 -0.00054493
v -0.06120141 0.02334015 -0.00165083
v -0.00872192 0.01671535 -0.00057057
v -0.03289464 -0.01067394 -0.00086015
v -0.05440935 0.02662275 -0.00051774
v 0.01502343 0.00936067 -0.00066245
v 0.04868155 0.02184996 -0.00147160
v -0.04247313 0.01554462 -0.00152848
v -0.00120622 -0.00399462 -0.00073503
v -0.05908826 0.02390501 -0.00057698
v -0.02356345 -0.01758730 -0.00094828
v -0.04305153 0.00673243 -0.00149049
v 0.02132694 0.01397349 -0.00134367
v -0.00872020 0.01603260 -0.00132884
v -0.06040401 0.02466735 -0.00169413
v -0.03208705 -0.00937451 -0.00086555
v 0.04746191 0.01749609 -0.00075648
v 0.04866331 0.02257765 -0.00077470
v -0.03219581 -0.00907839 -0.00126945
v 0.02760552 0.00002233 -0.00227931
v -0.04303427 0.00736355 -0.00066179
v -0.04348733 0.01548585 -0.00152577
v 0.02768823 -0.00109940 -0.00298301
v -0.05786665 0.02272105 -0.00057414
v -0.03604874 -0.01675736 -0.00131978
v 0.00100776 0.02599275 -0.00054640
v -0.02260678 -0.01737187 -0.00116471
v -0.06141524 0.02460043 -0.00168031
v 0.02050011 0.01340453 -0.00064506
v -0.02254516 -0.01753961 -0.00093592
v -0.00467360 0.02318429 -0.00055931
v 0.02663306 -0.00015013 -0.00212150
v 0.02031640 0.01390474 -0.00132734
v -0.03309474 -0.00945104 -0.00083860
v 0.03966522 0.02802157 -0.00008378
v -0.04385653 0.00610408 -0.00071086
v 0.03956897 0.02884619 0.00019302
v -0.03320645 -0.00914688 -0.00125346
v 0.02670981 -0.00122174 -0.00280924
v -0.00019194 -0.00393602 -0.00073753
v 0.02591460 -0.00113418 -0.00253089
v 0.00285731 0.02106472 -0.00050541
v -0.03329512 0.01661516 -0.00060243
v 0.02052580 0.01265652 -0.00131434
v 0.03959909 0.02787299 -0.00017490
v 0.00300287 0.02552288 -0.00144016
v -0.03138853 -0.00777813 -0.00127604
v -0.04932641 0.00204169 -0.00070295
v 0.00958346 0.02926687 -0.00122154
v -0.03300116 -0.01038391 -0.00125572
v 0.00031316 -0.00734555 -0.00115562
v 0.03611727 0.01182983 -0.00071500
v -0.05807549 0.02396768 -0.00058503
v -0.01523744 -0.01837336 -0.00094630
v -0.04283764 0.00615008 -0.00069618
v 0.02395568 -0.00267709 -0.00228608
v 0.03852752 0.02818351 -0.00066999
v 0.00447962 0.01743358 -0.00054380
v 0.00198782 0.02546641 -0.00144053
v 0.00264522 0.02232031 -0.00052845
v 0.02290665 -0.00264106 -0.00241264
v 0.01056066 0.02941099 -0.00137901
v 0.03615443 0.01105060 -0.00134165
v -0.00747435 0.01478258 -0.00123594
v -0.00574313 0.02880866 -0.00147264
v 0.01479265 0.02241029 -0.00141163
v -0.05203784 0.01756125 -0.00159688
v 0.03631386 0.01061653 -0.00074961
v -0.02235160 -0.01874473 -0.00098170
v 0.00995155 0.00906906 -0.00065183
v -0.01095765 0.02405096 -0.00051643
v 0.03570471 0.01984190 -0.00142863
v -0.00837713 0.01415041 -0.00112382
v -0.01724978 -0.00611342 -0.00077327
v -0.03739933 -0.02075475 -0.00109092
v -0.00262179 0.01702745 -0.00053178
v -0.01508942 -0.01933699 -0.00102882
v -0.02213242 -0.02001962 -0.00093232
v 0.01458578 0.02365165 -0.00141529
v -0.03739295 -0.02077211 -0.00106724
v 0.00366209 0.02237183 -0.00052131
v -0.04424687 0.00852303 -0.00063118
v -0.03136877 -0.01404256 -0.00125657
v 0.00893628 0.00901318 -0.00065302
v -0.04778387 0.02279212 -0.00158644
v -0.02219852 -0.01983964 -0.00117781
v 0.00162670 -0.00877992 -0.00081129
v 0.03531046 0.01052828 -0.00070667
v -0.00676088 0.02875954 -0.00148304
v -0.03640769 -0.02063448 -0.00117753
v 0.01559764 0.02371684 -0.00142680
v -0.03643429 0.02844486 -0.00160948
v -0.03813131 0.00800421 -0.00142466
v -0.02315455 0.01652894 -0.00140013
v 0.01079408 0.00959531 -0.00129215
v 0.00387019 0.02112714 -0.00051310
v -0.03634183 -0.02081385 -0.00093287
v 0.00975197 0.01029058 -0.00062837
v -0.04257895 -0.00212109 -0.00131862
v 0.00304450 0.02608761 -0.00052094
v 0.02092100 0.02953426 -0.00044947
v 0.00159496 0.02168158 -0.00142414
v 0.00041940 -0.00763481 -0.00076109
v 0.06313547 0.02167348 -0.00090699
v -0.03744306 0.02837134 -0.00158656
v -0.05359806 0.02791209 -0.00050941
v -0.01574576 -0.00321190 -0.00119697
v -0.04289699 -0.01853086 -0.00113228
v -0.05379904 0.02292675 -0.00054512
v -0.04470912 -0.00749410 -0.00098036
v -0.03348496 0.01781016 -0.00054289
v -0.00093049 0.00010911 -0.00118638
v 0.02570686 -0.00090591 -0.00230760
v 0.06189473 0.02302485 -0.00085096
v -0.05705100 0.01778786 -0.00060356
v 0.03596694 0.01223915 -0.00127326
v -0.01721837 -0.01862021 -0.00076445
v 0.02563834 -0.00026197 -0.00204640
v -0.03918180 0.00815509 -0.00143174
v -0.02315884 -0.02004510 -0.00097499
v 0.00978100 0.00953344 -0.00128520
v -0.00141216 0.01587605 -0.00057340
v -0.02546541 -0.01872725 -0.00123780
v -0.03583048 -0.01802973 -0.00127385
v -0.02538332 -0.01895073 -0.00093299
v -0.03181285 -0.00526663 -0.00132258
v -0.02321587 -0.01988986 -0.00118672
v -0.01613842 -0.00699724 -0.00117985
v 0.00873839 0.01023009 -0.00062333
v -0.03229360 0.01670847 -0.00065229
v -0.04570360 -0.00139592 -0.00085048
v -0.03575993 -0.01822185 -0.00101182
v -0.03167410 -0.00564442 -0.00080729
v -0.05101823 0.01760531 -0.00157954
v -0.01525895 -0.01831478 -0.00102620
v 0.03510006 0.01177924 -0.00072343
v 0.01936099 0.02678524 -0.00023377
v -0.02443676 -0.01870779 -0.00118690
v 0.03494938 0.01218952 -0.00128300
v -0.01015887 0.01848572 -0.00137315
v -0.04404539 0.01350703 -0.00059367
v 0.03715186 0.01736571 -0.00135282
v 0.00876542 0.00947838 -0.00128752
v -0.04734056 -0.00985365 -0.00080830
v -0.04682477 -0.01098395 -0.00093000
v -0.04780152 -0.00898381 -0.00229179
v -0.04685890 -0.01076367 0.00007259
v -0.04706413 -0.00938895 -0.00243245
f 5 9 7
f 5 7 2
f 1202 1354 680
f 5 2 3935
f 680 1354 1380
f 680 1380 697
f 5695 9 5
f 5 3935 5695
f 5695 3935 4066
f 1831 680 697
f 1461 1551 177
f 1461 177 194
f 5725 9 5695
f 68 84 76
f 68 76 62
f 736 954 5002
f 711 434 679
f 434 711 722
f 260 5599 2688
f 2916 3483 5582
f 1525 1959 3265
f 177 207 194
f 1710 1694 1742
f 159 172 254
f 170 434 722
f 68 62 4464
f 554 278 588
f 58 59 70
f 3269 2180 3085
f 58 70 290
f 191 207 177
f 5002 977 4989
f 5002 954 977
f 5628 485 194
f 75 63 72
f 2473 2988 2434
f 180 257 243
f 194 485 1461
f 722 711 741
f 3035 1797 925
f 741 711 732
f 3509 4352 4834
f 83 108 4752
f 3035 199 1797
f 93 108 83
f 2650 84 68
f 711 679 4972
f 5628 194 207
f 5628 207 3530
f 68 4464 2650
f 2650 4464 4803
f 208 199 3035
f 732 4972 4950
f 711 4972 732
f 4432 151 131
f 4432 131 4453
f 3368 209 4084
f 3368 4216 209
f 3368 2828 4216
f 227 209 235
f 70 3083 290
f 87 3282 3024
f 3073 3083 70
f 209 4216 235
f 101 3282 87
f 4084 209 3981
f 75 72 3072
f 931 5149 4952
f 3072 72 3826
f 240 3459 3787
f 817 1040 4679
f 3550 93 3526
f 221 3459 240
f 3550 108 93
f 931 4952 2501
f 27 21 23
f 23 21 19
f 3393 3459 221
f 1706 2495 4769
f 4679 5060 817
f 2305 1885 1938
f 2651 151 4432
f 2209 1885 2305
f 3981 227 4020
f 1408 3934 4918
f 1408 1429 3934
f 3981 209 227
f 2506 4679 1040
f 345 19 21
f 2388 84 2650
f 1879 5757 5114
f 345 21 337
f 240 245 250
f 221 240 250
f 1879 5114 1897
f 4769 2495 4584
f 1403 4788 1422
f 5093 5198 5559
f 881 71 267
f 881 868 71
f 4188 1343 101
f 5599 733 5637
f 1343 3282 101
f 817 871 1040
f 151 3672 115
f 1484 561 928
f 131 151 115
f 4834 4618 1782
f 2038 142 2101
f 123 142 2038
f 3062 3154 812
f 130 110 2952
f 27 4478 21
f 123 262 142
f 87 114 143
f 153 118 136
f 225 262 123
f 812 3154 1784
f 87 143 101
f 686 950 174
f 3845 1157 5601
f 4486 4087 4918
f 21 4725 337
f 153 141 118
f 3845 2594 1157
f 90 124 2126
f 4478 4725 21
f 113 124 90
f 4918 4087 1408
f 3845 3876 2594
f 1183 1157 1194
f 134 163 144
f 1194 1157 2594
f 134 144 98
f 191 305 207
f 130 2952 612
f 2209 5726 1885
f 3523 3868 3672
f 612 2952 5571
f 1730 5726 2209
f 188 954 736
f 3523 3672 151
f 188 911 954
f 1782 4618 1640
f 188 223 911
f 2416 5116 5097
f 153 136 5828
f 3316 135 3259
f 3316 162 135
f 207 3251 3530
f 322 3251 207
f 5729 5757 1879
f 2959 4250 4676
f 5558 4250 2959
f 977 954 980
f 980 954 911
f 2931 153 4048
f 3886 2851 2875
f 3523 151 2651
f 2931 141 153
f 4695 4918 3934
f 4823 4918 4695
f 5558 5581 4250
f 98 2728 134
f 143 4188 101
f 4976 217 226
f 4192 4188 143
f 207 305 322
f 134 2728 2701
f 4976 226 4788
f 4392 25 4329
f 4392 28 25
f 5177 5198 5093
f 1453 561 1484
f 322 339 3251
f 549 2144 1989
f 1484 1494 1453
f 3886 113 3909
f 2373 4952 5149
f 3149 2774 5629
f 3886 124 113
f 3149 5629 3676
f 322 317 339
f 4976 4788 1403
f 104 128 2927
f 322 305 317
f 27 4450 4478
f 3250 3265 3293
f 254 172 277
f 162 1842 2748
f 3881 163 134
f 3316 1842 162
f 2096 3689 5017
f 1484 1514 1494
f 166 205 183
f 187 205 166
f 4650 1683 28
f 4823 4486 4918
f 3876 1430 1295
f 3876 1295 2594
f 4497 4486 4823
f 4392 4650 28
f 5649 2767 2738
f 5629 3898 3676
f 4777 247 219
f 4473 217 4976
f 134 2701 3881
f 4777 219 4764
f 5664 3898 5629
f 3881 2701 2871
f 1457 1434 1307
f 1307 1434 1340
f 1039 1720 570
f 2594 1295 1320
f 5629 2320 5664
f 2927 128 276
f 2927 276 273
f 2594 1320 1194
f 1295 1858 1320
f 1110 2738 3178
f 1110 5711 2738
f 1355 1307 1340
f 3990 4976 1403
f 3521 833 3565
f 3990 4473 4976
f 4036 4079 187
f 1355 1334 1307
f 4079 205 187
f 3831 1179 1340
f 1171 2526 2945
f 3250 3293 3352
f 767 4017 247
f 3831 1340 1434
f 767 247 4777
f 1282 2526 1171
f 5649 2738 5711
f 1329 5711 1110
f 1329 5736 5711
f 5686 5711 5736
f 5649 5711 5686
f 2945 2932 2224
f 3918 163 3881
f 2945 2224 1171
f 1340 1179 1355
f 210 223 188
f 1355 1179 2248
f 3807 588 278
f 46 1918 388
f 247 211 219
f 388 1918 303
f 247 234 211
f 188 736 210
f 1171 2224 1127
f 2739 2707 2772
f 210 736 755
f 2937 212 190
f 4871 1922 393
f 393 1922 48
f 1475 3483 2916
f 3532 190 212
f 3532 212 5821
f 4352 4618 4834
f 5627 5599 5637
f 2084 990 2059
f 2233 294 2336
f 2059 990 1377
f 3810 123 2038
f 2343 123 3810
f 4769 1466 1706
f 197 4592 754
f 1166 1085 1104
f 3810 4039 2343
f 1166 1122 1085
f 2372 3796 3779
f 1190 1176 1118
f 4017 5493 234
f 46 388 404
f 46 404 408
f 247 4017 234
f 5560 1377 990
f 1940 139 303
f 1118 1176 3686
f 5560 990 5524
f 1940 303 1918
f 2343 2403 123
f 393 48 410
f 410 48 44
f 2343 4025 2403
f 2343 4039 4025
f 3807 278 4092
f 4779 210 755
f 1935 4871 149
f 1128 1104 1143
f 5483 5454 1349
f 746 393 410
f 4779 4607 210
f 1143 1104 1085
f 1935 1922 4871
f 3177 3779 4648
f 3177 2590 3779
f 2336 294 140
f 3594 2467 2478
f 1417 4782 3173
f 212 2031 5821
f 2772 2707 2675
f 1490 2031 212
f 3671 1118 3686
f 3671 1156 1118
f 2372 3779 2590
f 2084 5169 990
f 251 223 210
f 4618 4791 4672
f 597 3492 672
f 123 2403 225
f 38 34 4303
f 38 36 34
f 271 2862 238
f 238 2862 2832
f 1175 3250 1725
f 2684 2590 3177
f 2430 2590 2684
f 990 5690 5524
f 5169 5690 990
f 5285 139 1940
f 3202 3214 603
f 2372 2590 2430
f 1175 1525 3250
f 5559 5598 4912
f 603 3214 533
f 263 248 222
f 149 5313 1935
f 3707 258 533
f 251 210 4651
f 4651 210 4607
f 3707 533 3214
f 1183 1194 1492
f 2414 2458 36
f 605 588 3807
f 1183 1492 5137
f 130 272 110
f 38 2414 36
f 383 5149 931
f 222 425 662
f 248 425 222
f 3594 3585 2467
f 227 235 454
f 2604 2651 1038
f 1492 5107 5137
f 271 4364 2862
f 227 454 435
f 430 300 279
f 1521 5107 1492
f 430 279 409
f 383 1961 5149
f 435 454 463
f 969 291 274
f 435 463 492
f 958 96 1674
f 969 274 863
f 1008 969 863
f 958 1674 2960
f 223 3644 1209
f 971 958 2960
f 223 1209 911
f 2953 5679 2942
f 5093 5559 4912
f 230 271 238
f 256 271 230
f 4020 435 1443
f 243 3734 180
f 4020 227 435
f 4952 2834 2501
f 1239 3662 100
f 250 245 487
f 248 2712 425
f 4190 2712 248
f 487 245 893
f 1266 3634 3605
f 5239 4704 5136
f 2909 244 2838
f 533 568 603
f 2909 267 244
f 1266 1220 3634
f 1706 1863 2495
f 971 993 958
f 2717 300 430
f 911 1209 1233
f 1472 1443 492
f 328 468 646
f 911 1233 980
f 180 3734 5092
f 263 286 248
f 492 1443 435
f 2040 167 5170
f 2040 5321 167
f 298 304 3539
f 3826 72 297
f 298 3539 3874
f 1240 1220 1266
f 269 300 1255
f 874 829 256
f 279 300 269
f 805 4769 4584
f 884 487 893
f 5129 5554 4533
f 829 271 256
f 884 508 487
f 3305 646 468
f 4555 2209 2305
f 5123 5135 1018
f 3305 468 3271
f 580 588 605
f 48 41 44
f 1018 5135 1076
f 882 2834 4952
f 2816 290 3083
f 3605 170 1266
f 1266 170 722
f 3539 4259 3874
f 554 588 580
f 267 4294 881
f 5006 5170 1050
f 2909 4294 267
f 3622 4259 3539
f 1050 5170 167
f 271 829 4364
f 248 286 2409
f 248 2409 4190
f 2604 2626 2651
f 156 298 3874
f 5838 3198 1255
f 1359 156 3874
f 1677 1694 1710
f 5838 1255 300
f 2096 3730 3689
f 302 325 2565
f 1608 2484 1618
f 1618 2484 4221
f 362 375 313
f 1091 1018 1076
f 805 4553 4769
f 1091 1068 1018
f 2228 1572 1875
f 1475 1459 1508
f 1871 283 244
f 468 3940 3271
f 48 1899 41
f 3455 3940 468
f 1526 4854 1076
f 5838 300 2717
f 741 1266 722
f 313 3452 362
f 362 3452 3383
f 1526 1076 5135
f 4618 4352 4791
f 741 1286 1266
f 335 318 4203
f 533 543 568
f 4203 318 4073
f 328 213 468
f 1240 1266 1286
f 1608 1618 1649
f 2228 3335 1572
f 1608 1649 1679
f 352 384 361
f 3874 4302 1359
f 352 361 321
f 2814 2843 2803
f 2565 325 508
f 2565 508 884
f 5239 5136 5489
f 4259 4302 3874
f 1330 1301 3816
f 4555 2442 4236
f 284 3746 3309
f 4555 4236 1827
f 4097 3746 284
f 352 321 2110
f 3093 5149 1961
f 5845 351 5407
f 4568 2848 1293
f 2204 1608 1124
f 2805 4966 5013
f 1472 362 3383
f 468 213 3475
f 1472 492 362
f 2204 2484 1608
f 468 3475 3455
f 48 1922 1899
f 1076 4854 1091
f 2043 3199 2074
f 4957 4989 384
f 4957 384 352
f 3982 3375 3309
f 3982 3309 3746
f 1091 4854 67
f 397 375 362
f 352 2110 4957
f 4957 2110 4840
f 2843 2873 2803
f 1782 1640 1978
f 372 5303 5764
f 4203 4073 4603
f 4603 4073 1202
f 395 982 368
f 368 982 575
f 5233 5467 55
f 5674 5467 5233
f 2574 2553 1670
f 2877 1433 2916
f 1670 2553 49
f 330 372 336
f 2373 5149 3093
f 356 372 330
f 397 362 463
f 1956 973 30
f 463 362 492
f 386 2933 3051
f 1978 1640 2259
f 386 3051 351
f 973 3866 30
f 3289 5427 488
f 1809 1945 4
f 55 1328 3125
f 55 3125 5233
f 386 351 5845
f 4968 4795 3630
f 4891 4795 4968
f 1809 4 1502
f 2691 791 3521
f 2417 629 2093
f 395 2576 982
f 1106 1124 1679
f 2417 2093 5264
f 1679 1124 1608
f 4959 4978 4882
f 1766 1725 3352
f 4882 4978 4848
f 4968 4287 4891
f 4757 2221 1551
f 1226 1740 356
f 1353 1670 49
f 1313 944 237
f 1353 1691 1670
f 4891 4780 4795
f 1740 372 356
f 4867 4780 4891
f 1735 2933 386
f 4757 2668 2221
f 2727 3726 369
f 1830 826 1695
f 5533 4394 983
f 2813 2727 369
f 623 699 579
f 1695 826 3030
f 198 1298 1968
f 4837 4882 4848
f 1706 1587 1863
f 4837 4856 4882
f 1625 676 4325
f 395 359 3295
f 5827 2686 899
f 5827 1700 2686
f 372 1740 5303
f 395 368 359
f 4891 4426 4867
f 431 2665 433
f 1725 3250 3352
f 2521 1363 2269
f 4891 4287 4426
f 3638 4801 4848
f 386 5845 1735
f 3638 4848 4978
f 430 409 693
f 1735 5845 5477
f 401 3327 380
f 1809 1502 4734
f 5727 237 944
f 5727 944 5671
f 197 452 170
f 170 452 434
f 2140 374 158
f 1204 2686 1700
f 4973 2403 5088
f 1592 634 1424
f 679 434 452
f 4325 4621 4722
f 2403 4025 5088
f 679 452 708
f 4880 392 421
f 676 4621 4325
f 380 861 401
f 2709 1945 5547
f 2562 3726 2727
f 401 861 1081
f 5547 1945 1809
f 4880 421 4868
f 1830 1695 1735
f 1830 1735 5477
f 4848 4801 4837
f 4837 4801 3252
f 5303 1700 5827
f 5303 1740 1700
f 4606 1628 4642
f 3872 1466 4769
f 2550 2503 2525
f 439 451 411
f 4973 5088 5405
f 2550 2525 2581
f 4973 5405 5591
f 1706 1466 1587
f 430 693 2717
f 554 268 278
f 74 1961 383
f 2717 693 2685
f 258 270 543
f 1395 1291 3295
f 1316 3719 1265
f 3295 1291 395
f 197 754 452
f 1226 1700 1740
f 1204 1700 1226
f 225 4973 2596
f 225 2403 4973
f 3125 1328 1687
f 1687 1328 1956
f 4373 411 4382
f 5533 4385 4394
f 4373 439 411
f 601 2814 624
f 4625 602 4241
f 944 5579 5671
f 5547 1809 5203
f 1185 3092 1195
f 683 5579 944
f 1195 3092 3129
f 5203 1809 4734
f 626 601 624
f 2684 5439 5511
f 708 452 754
f 708 754 2961
f 5559 3125 1687
f 2684 5511 2430
f 1687 1956 1564
f 395 1291 2576
f 1564 1956 30
f 2354 2596 5591
f 4625 1290 602
f 2397 1769 2359
f 421 3434 4868
f 4625 1029 1290
f 3424 3434 421
f 2596 4973 5591
f 3645 3630 4795
f 3645 4795 4806
f 2508 401 1081
f 1185 1195 1213
f 1185 1213 1431
f 2508 1300 401
f 490 5079 733
f 5598 1687 1564
f 5559 1687 5598
f 2030 1963 1999
f 5511 5439 5768
f 676 4310 4621
f 2618 1373 5505
f 5768 5439 2333
f 4806 4795 4780
f 1916 4310 676
f 1680 117 1363
f 4806 4780 3268
f 620 602 630
f 630 602 1290
f 5795 4583 3138
f 1313 1542 944
f 4241 602 3836
f 4147 601 626
f 1236 3663 3176
f 4472 3662 1239
f 5505 1373 4151
f 4709 4691 641
f 533 258 543
f 440 91 175
f 5164 439 4373
f 5164 3439 439
f 175 91 307
f 1680 1363 2521
f 641 4691 4781
f 5643 426 4490
f 100 1259 1239
f 11 3081 125
f 453 429 437
f 443 429 453
f 2581 1292 2550
f 3836 620 3868
f 2665 431 2676
f 2030 1999 2055
f 3836 602 620
f 3668 658 3257
f 462 451 439
f 4026 3986 57
f 2438 1676 1486
f 3961 4026 57
f 4472 1239 1272
f 3136 5829 4566
f 4472 1272 3913
f 517 5327 499
f 4000 4026 3961
f 4817 641 4781
f 4817 654 641
f 490 733 5599
f 2169 437 2422
f 499 5327 5315
f 1239 1259 1272
f 723 695 3509
f 2169 453 437
f 1861 5472 5497
f 944 1542 691
f 4018 1020 3972
f 944 691 683
f 4018 1064 1020
f 4566 3962 3136
f 3372 3335 2228
f 2048 2791 2063
f 465 333 4452
f 2550 1292 1275
f 3136 3962 3930
f 1680 2521 704
f 478 333 465
f 3509 695 4352
f 1961 74 252
f 704 2521 5563
f 462 439 3463
f 487 3586 250
f 4114 3719 1316
f 3463 439 3439
f 3250 1525 3265
f 2063 2791 3104
f 2030 2055 3917
f 517 3473 5327
f 3257 658 4173
f 3257 4173 930
f 487 668 3586
f 3093 1961 252
f 4000 1108 4026
f 2813 453 2169
f 937 1108 4000
f 1462 2276 2610
f 490 5599 260
f 1417 3173 1389
f 2813 369 453
f 947 1154 1064
f 3486 4475 4454
f 3486 3400 4475
f 2639 4890 5831
f 4018 947 1064
f 4982 4750 4946
f 4982 4946 5353
f 486 517 499
f 507 517 486
f 16 920 17
f 475 1078 502
f 3498 3136 3930
f 916 3586 668
f 3498 4164 3136
f 920 894 17
f 502 1078 1105
f 5497 1004 184
f 941 1201 936
f 5416 5048 3193
f 4950 478 732
f 5200 5048 5416
f 4950 333 478
f 4780 4504 3268
f 525 538 5719
f 5611 5634 5654
f 431 2950 2676
f 942 1367 2629
f 4684 4504 4780
f 454 920 463
f 528 548 567
f 1389 3173 3134
f 534 548 528
f 465 483 506
f 465 506 478
f 74 383 727
f 690 668 487
f 5658 5829 3136
f 5472 1004 5497
f 5357 4899 5344
f 16 17 20
f 16 20 18
f 941 668 690
f 916 668 941
f 2866 4609 4639
f 4684 4670 4504
f 2516 741 506
f 699 623 635
f 1462 2162 1437
f 1845 598 507
f 384 495 361
f 5066 4613 5043
f 4652 4613 5066
f 384 518 495
f 690 487 508
f 4924 502 1105
f 598 517 507
f 5200 3866 5048
f 4924 4916 502
f 30 3866 5200
f 4 1945 4750
f 4 4750 4982
f 5719 538 5039
f 5658 3136 4119
f 5719 5039 4437
f 3812 2503 2550
f 4119 3136 4164
f 5475 4591 4570
f 840 3717 3466
f 4652 4590 4613
f 5026 4980 567
f 3816 1301 5103
f 4630 4590 4652
f 517 598 3473
f 5026 567 548
f 506 732 478
f 2553 506 483
f 2516 506 2553
f 1437 2162 2140
f 741 732 506
f 3521 791 833
f 259 856 556
f 2810 699 635
f 3658 5043 4613
f 2598 2674 5297
f 2680 438 467
f 5026 548 5183
f 3658 4613 3618
f 4989 977 518
f 5475 5495 4591
f 3816 5103 204
f 2308 1514 2283
f 2678 5783 5120
f 2339 2633 2742
f 4057 4086 3369
f 384 4989 518
f 2384 2633 2339
f 4078 4086 4057
f 500 496 547
f 3712 22 3703
f 4600 5036 5363
f 4094 4123 4062
f 496 522 547
f 5119 5654 5634
f 4069 4094 4062
f 2678 2602 5783
f 198 181 228
f 198 228 1306
f 3618 4613 4590
f 3618 4590 3684
f 4667 4722 4621
f 1247 24 4001
f 2709 4750 1945
f 3514 2430 627
f 4094 4069 3284
f 5573 5512 2742
f 5573 2742 2633
f 1298 198 1306
f 627 2430 5511
f 3062 3050 3154
f 2135 1185 1963
f 2135 3092 1185
f 2036 1954 2004
f 504 480 1703
f 4053 24 29
f 5119 5634 5140
f 2826 3741 4313
f 2866 4078 3315
f 739 522 707
f 2866 4086 4078
f 547 522 739
f 4001 24 4053
f 3270 3064 5668
f 3007 743 3277
f 1593 1570 1426
f 5573 2633 2709
f 40 1219 1921
f 638 4506 616
f 2920 4123 4094
f 4251 3746 4097
f 526 700 684
f 1426 1570 1414
f 4251 4097 4449
f 2140 2162 374
f 5768 627 5511
f 835 856 259
f 4667 4705 4722
f 2301 5262 5044
f 5768 726 627
f 2043 2164 1906
f 2301 5044 2314
f 1999 1963 1431
f 4094 3284 2920
f 2920 3284 4649
f 4251 4449 2857
f 743 3007 756
f 4893 4387 4833
f 1431 1963 1185
f 504 1703 751
f 4893 4833 5098
f 751 1703 404
f 2390 627 726
f 1670 4015 2574
f 3007 1778 756
f 592 579 628
f 1670 2047 4015
f 3948 3746 4251
f 2233 1713 294
f 4553 794 744
f 2779 565 2807
f 2807 565 544
f 43 1921 1951
f 5098 4693 4893
f 4893 4693 4658
f 40 1921 43
f 1856 4015 2047
f 560 5012 573
f 573 5012 4984
f 3728 2668 4757
f 4238 2550 1275
f 1426 1414 1450
f 4930 5093 4912
f 1450 1414 1477
f 805 794 4553
f 5044 4705 2314
f 4251 2857 3948
f 4722 4705 5044
f 1937 544 565
f 3948 2857 299
f 5036 4600 4523
f 1937 565 1950
f 3592 4123 2920
f 2562 2898 2532
f 4694 4387 4893
f 2572 5036 4523
f 2075 2047 1670
f 2727 2898 2562
f 2779 1353 565
f 1414 2164 2043
f 1570 2164 1414
f 3611 3577 628
f 4893 4658 4694
f 628 3577 592
f 4694 4658 1482
f 1805 3193 5070
f 1556 1464 481
f 1760 5692 968
f 4984 999 573
f 999 1048 573
f 1825 2047 2075
f 3277 743 992
f 577 988 5301
f 1760 968 4662
f 1856 2047 1825
f 3982 3746 3948
f 4523 4600 4510
f 4510 4600 4578
f 1950 565 1353
f 1950 1353 876
f 1764 2962 1810
f 1764 804 2962
f 2043 2074 1477
f 481 1464 31
f 535 539 545
f 5523 3064 3270
f 4861 5070 5046
f 4861 4911 5070
f 595 4728 584
f 584 4728 4761
f 1414 2043 1477
f 5541 5021 2101
f 4746 3320 3170
f 5727 5703 1348
f 5541 2101 4737
f 4238 3812 2550
f 4642 4387 4694
f 1348 5703 1638
f 1370 5541 4737
f 992 762 1029
f 3170 1444 1535
f 3320 1444 3170
f 1436 5204 4954
f 1436 4954 1471
f 2075 1670 1691
f 512 532 482
f 3615 617 3583
f 2074 3199 3230
f 992 743 762
f 5070 4911 4648
f 1805 5070 4648
f 656 3268 4504
f 595 5440 4728
f 656 4504 5374
f 1739 804 1764
f 968 4636 4662
f 1739 831 804
f 1400 4636 968
f 512 523 532
f 2093 629 2066
f 3728 2085 2668
f 2079 595 576
f 2363 1978 5606
f 3252 3264 4484
f 595 584 576
f 3622 1731 4259
f 3320 344 1444
f 702 344 3320
f 2272 650 631
f 2618 5505 5487
f 968 3510 1400
f 4484 3264 4455
f 2272 631 2266
f 1462 2610 2162
f 340 5204 1436
f 1843 1348 1638
f 2023 5588 1579
f 1843 1539 1348
f 2129 5020 1265
f 3887 859 3857
f 2129 1265 3719
f 2066 629 342
f 586 4654 2102
f 4682 4654 586
f 2292 1339 2803
f 4504 5356 5374
f 582 612 593
f 593 612 632
f 4474 5356 4504
f 1831 4657 1638
f 4880 4351 4385
f 2707 2739 4266
f 5171 5290 2079
f 2079 5290 595
f 1831 1638 5703
f 4443 4484 4455
f 595 5290 5440
f 4443 4466 4484
f 2618 5487 2563
f 5380 5061 2102
f 4868 4351 4880
f 5380 2102 4654
f 2447 1993 2097
f 633 608 2090
f 2159 1963 2030
f 3094 647 613
f 4504 4670 4474
f 647 622 613
f 650 616 631
f 650 638 616
f 5202 5217 5080
f 651 666 656
f 1002 593 632
f 688 5042 669
f 2917 1993 2447
f 651 656 618
f 669 5042 4746
f 2429 611 636
f 4259 1790 4302
f 2429 636 2415
f 633 2090 967
f 3857 454 235
f 967 2090 4390
f 5217 4900 5080
f 901 454 3857
f 651 618 2861
f 3760 3784 2873
f 3145 3118 3124
f 643 612 5571
f 688 81 5042
f 643 632 612
f 4259 1731 1790
f 916 3847 3586
f 4290 4284 4256
f 611 5379 4455
f 636 3693 2415
f 3700 3693 636
f 3264 611 4455
f 5763 4256 4284
f 3039 5044 5262
f 5763 4284 5720
f 4505 5184 764
f 680 4603 1202
f 3687 666 651
f 1638 4657 1843
f 4505 764 1058
f 688 662 425
f 688 669 662
f 3857 859 901
f 1843 4657 4628
f 680 1807 4603
f 2158 3249 2396
f 693 409 673
f 632 965 1002
f 643 965 632
f 651 2861 3687
f 2158 1557 3249
f 3687 2861 3474
f 37 2277 39
f 2368 39 2277
f 901 920 454
f 1058 764 3273
f 3098 3249 1557
f 20 35 2128
f 266 3249 3098
f 20 3003 35
f 2826 718 2810
f 2810 718 699
f 1831 1807 680
f 2117 3092 2135
f 4054 4326 742
f 4455 5379 4443
f 5631 673 4915
f 4054 3315 4326
f 901 894 920
f 4443 5379 3655
f 5631 693 673
f 901 859 894
f 4305 738 750
f 1790 1760 1821
f 4305 750 3592
f 1570 1557 2158
f 1790 1731 1760
f 4284 5683 5720
f 2694 5683 4284
f 617 2843 2814
f 3273 764 748
f 617 2814 601
f 723 716 695
f 1705 2853 1829
f 1829 2853 3039
f 2712 2682 425
f 5107 1451 5435
f 425 2682 688
f 699 628 579
f 1996 1451 5107
f 718 628 699
f 2151 2128 42
f 2128 35 42
f 1557 1570 1593
f 4290 4315 4284
f 3098 1557 1593
f 2505 5097 5062
f 3039 2853 5044
f 815 768 744
f 2505 2103 5097
f 815 744 794
f 3628 666 3687
f 4557 800 3575
f 4387 1591 3009
f 798 800 4557
f 688 2682 81
f 5107 1744 1996
f 3287 4911 4861
f 42 35 47
f 4833 4387 3009
f 4768 5272 2670
f 5127 5272 4768
f 695 818 5047
f 69 693 5631
f 857 1634 742
f 2826 4313 718
f 69 2685 693
f 9 38 4303
f 716 818 695
f 742 1634 4054
f 37 39 45
f 7 9 4303
f 1996 2332 1451
f 1689 738 4305
f 1625 4325 1705
f 2101 3240 4737
f 142 3240 2101
f 1705 4325 2853
f 4284 4315 2705
f 3615 2843 617
f 4284 2705 2694
f 1570 2158 2164
f 4746 5042 3320
f 718 3611 628
f 3277 4586 284
f 4313 3611 718
f 992 4586 3277
f 2394 2103 2505
f 4915 5204 5631
f 4954 5204 4915
f 5044 2853 4325
f 5044 4325 4722
f 5725 2414 38
f 5725 38 9
f 4642 1628 1591
f 4642 1591 4387
f 4648 4911 3177
f 798 826 800
f 3177 4911 3287
f 4866 768 815
f 716 4857 818
f 3211 3631 3196
f 1924 4857 716
f 3320 5042 81
f 3196 3631 3613
f 3320 81 702
f 4357 4392 4329
f 2798 406 2715
f 1996 1718 2332
f 2715 406 961
f 1996 1744 1718
f 80 69 5631
f 4337 4357 4329
f 2499 970 489
f 80 5631 5204
f 2670 2654 5445
f 723 753 716
f 1540 729 759
f 696 731 707
f 1540 759 1552
f 735 3575 843
f 696 707 939
f 735 843 849
f 728 768 5033
f 744 768 728
f 2670 5445 4768
f 1692 3388 3314
f 1692 854 3388
f 5062 5441 2505
f 777 784 752
f 80 5204 340
f 3211 5245 3631
f 2505 5441 4985
f 992 1029 4586
f 142 2944 3240
f 262 2944 142
f 802 767 4759
f 809 3388 854
f 4328 3388 809
f 3177 3287 2904
f 2904 3287 2951
f 802 788 767
f 4312 375 1913
f 1913 375 18
f 4202 2715 961
f 4202 4217 2715
f 4711 4650 4392
f 730 5532 683
f 4711 4392 4357
f 752 304 777
f 880 854 1692
f 777 304 292
f 5532 5579 683
f 843 895 849
f 716 753 1904
f 716 1904 1924
f 1886 2677 5033
f 886 895 843
f 4959 2505 4985
f 1886 5033 768
f 4959 2589 2505
f 5259 5426 5234
f 1451 2332 1644
f 4711 4357 4698
f 1219 1208 1921
f 1921 1208 1967
f 759 1246 1552
f 436 2077 731
f 3760 2873 2843
f 1238 1246 759
f 436 731 696
f 854 880 899
f 3831 2215 2312
f 2198 4300 4651
f 809 854 899
f 4312 1913 1932
f 1886 768 4866
f 3032 729 730
f 4312 1932 4408
f 2394 2505 2589
f 754 3020 2961
f 730 729 5532
f 773 3020 754
f 2788 788 802
f 2788 2808 788
f 5120 5774 5366
f 138 360 394
f 731 757 739
f 731 739 707
f 2312 5621 5557
f 2215 5621 2312
f 1951 1921 1967
f 1504 777 292
f 684 700 721
f 1504 1251 777
f 684 721 687
f 5234 4065 4235
f 2840 726 5768
f 5400 4065 5234
f 4171 4159 1260
f 4171 1260 60
f 5405 5296 414
f 302 4383 1967
f 302 1967 1208
f 691 730 683
f 1654 5223 1750
f 713 730 691
f 1654 5388 5223
f 5234 5426 5400
f 5409 726 2840
f 2390 726 5409
f 799 784 777
f 5400 5375 4065
f 60 1260 1247
f 3681 2282 4530
f 60 1247 64
f 1967 4383 1990
f 4008 10 773
f 4344 2282 3681
f 2118 757 731
f 1990 4383 3768
f 10 3020 773
f 2215 5298 5621
f 414 5608 363
f 4744 5298 2215
f 721 2133 687
f 414 5296 5608
f 112 381 625
f 1896 2133 721
f 5479 704 5563
f 5369 5388 1654
f 189 60 88
f 5479 737 704
f 117 112 625
f 189 4171 60
f 404 1984 408
f 1703 1984 404
f 5400 5415 5375
f 5400 5426 5415
f 2118 731 2077
f 799 777 1284
f 815 794 5094
f 410 44 1715
f 1284 777 1251
f 3465 3400 3486
f 2038 2101 1547
f 1715 44 1719
f 2840 2985 3123
f 713 3032 730
f 2101 5021 1547
f 3024 3032 713
f 810 801 783
f 1951 1967 1990
f 2840 3123 5409
f 2152 2130 4344
f 497 410 1715
f 746 410 497
f 4967 5481 2498
f 92 88 64
f 2840 5768 86
f 2130 2282 4344
f 88 60 64
f 2686 809 899
f 1748 1715 1719
f 1703 1765 1984
f 815 5094 4866
f 4866 5094 5008
f 1753 1765 1703
f 1703 480 1753
f 784 3275 737
f 2282 2130 691
f 1805 5416 3193
f 1715 1748 1776
f 2985 86 266
f 5479 784 737
f 1715 1776 497
f 2366 2167 381
f 4104 5306 4136
f 2366 381 112
f 2840 86 2985
f 4946 5021 5353
f 2348 757 2118
f 5329 5306 4104
f 1547 5021 4946
f 796 786 841
f 1320 1492 1194
f 2342 1492 1320
f 4474 4283 5356
f 846 863 265
f 746 770 393
f 61 1068 105
f 2197 3023 3037
f 751 404 763
f 763 404 388
f 4130 1068 61
f 1320 2199 2342
f 1320 1858 2199
f 1702 856 1852
f 381 1 625
f 2358 1334 1355
f 381 79 1
f 4265 4466 4443
f 5329 5279 5306
f 5311 5279 5329
f 4474 4367 4283
f 262 1912 2944
f 4474 4670 4367
f 2342 2370 1492
f 105 107 65
f 303 763 388
f 303 407 763
f 393 770 377
f 393 377 4871
f 1684 1972 900
f 1192 865 1212
f 1212 865 851
f 900 1972 2197
f 105 65 61
f 786 5490 5521
f 5237 4136 5306
f 786 796 5490
f 5237 5306 5160
f 79 2167 2640
f 262 2596 1912
f 2342 2216 2370
f 381 2167 79
f 312 1184 1205
f 312 1205 296
f 1748 1719 2005
f 810 822 801
f 846 851 865
f 846 865 863
f 2986 2899 966
f 2986 966 3006
f 2904 2951 1788
f 2342 2199 2216
f 1788 2951 1378
f 4791 4352 695
f 4249 4283 4235
f 4283 4367 4235
f 2514 970 2499
f 2197 1972 3023
f 463 16 397
f 1192 1681 865
f 801 822 2512
f 801 2512 2497
f 796 836 2529
f 4054 3055 3315
f 3668 3285 1684
f 2586 796 2529
f 3315 3055 2866
f 4167 4144 5289
f 5490 796 2586
f 1684 3285 1972
f 3448 3379 3474
f 865 1008 863
f 4791 695 5047
f 463 920 16
f 1681 1008 865
f 5289 4144 5220
f 4022 4443 3655
f 5116 1355 2248
f 1001 1184 312
f 1323 1155 926
f 4022 4222 4443
f 5116 2404 1355
f 2866 3055 4609
f 3023 1972 3285
f 5356 4283 5304
f 3023 3285 4052
f 3379 1909 3474
f 2920 4649 3186
f 1957 2244 882
f 18 20 2128
f 4290 482 1254
f 3186 4649 4602
f 1016 1866 4134
f 2244 2834 882
f 890 850 874
f 3962 2899 2986
f 874 850 829
f 1912 2354 1728
f 924 898 876
f 4290 1254 5075
f 18 2128 1913
f 1912 2596 2354
f 2358 1355 2404
f 4947 5093 4930
f 400 3755 934
f 898 888 876
f 690 1191 1201
f 5160 5306 5279
f 2660 809 2686
f 4054 1278 3055
f 4276 897 881
f 1533 1788 1378
f 4276 881 4294
f 941 690 1201
f 888 4374 1957
f 1957 4374 2244
f 5160 5279 2380
f 4364 829 850
f 2727 2813 2898
f 1492 2370 1521
f 4364 850 4336
f 888 898 4395
f 5211 5289 5220
f 4265 4443 4222
f 4609 3055 1278
f 2030 3917 2159
f 1317 390 1198
f 4609 1278 1776
f 440 1887 91
f 5819 4423 4450
f 5211 5272 5289
f 397 18 375
f 2416 2404 5116
f 934 1323 926
f 480 3186 4602
f 3755 1323 934
f 480 1351 3186
f 2944 1912 2299
f 890 2301 850
f 4454 2146 3486
f 3486 2146 3432
f 715 740 698
f 397 16 18
f 2128 1932 1913
f 2151 1932 2128
f 4565 3912 4542
f 705 715 698
f 3989 4222 4022
f 924 465 898
f 3989 4195 4222
f 3592 2920 4305
f 4305 2920 3186
f 2386 2404 2416
f 5304 4249 5282
f 938 1145 1120
f 2159 3917 2250
f 2358 2404 2386
f 4395 898 465
f 850 4697 4336
f 1389 3134 2186
f 4395 465 4452
f 2301 4697 850
f 2640 2532 2898
f 5771 705 5766
f 5771 715 705
f 5304 4283 4249
f 2640 2898 79
f 2186 3134 2187
f 4693 897 4276
f 1201 1191 1219
f 4054 1634 1278
f 933 1124 1106
f 1219 1191 1208
f 933 1106 914
f 4232 4222 4195
f 4305 3186 1689
f 4265 4222 4232
f 1016 4134 4518
f 1254 482 1270
f 1689 3186 1351
f 715 535 740
f 1270 482 532
f 5472 3200 1004
f 539 535 715
f 3872 4769 3384
f 1191 508 325
f 690 508 1191
f 914 967 933
f 933 967 984
f 5677 715 5771
f 1378 2323 1164
f 884 4320 4295
f 5677 539 715
f 1164 2323 1096
f 893 4320 884
f 2323 2217 1096
f 1058 4518 4505
f 1016 4518 1058
f 868 897 923
f 495 1124 933
f 881 897 868
f 2299 1728 2131
f 2299 1912 1728
f 853 3098 1593
f 2455 2459 2036
f 789 3098 853
f 1172 3087 2225
f 1533 1378 1164
f 1208 325 302
f 924 483 465
f 1191 325 1208
f 5032 4315 5075
f 1215 957 927
f 5075 4315 4290
f 977 980 2182
f 957 938 927
f 977 2182 518
f 2780 2218 1892
f 5265 5263 296
f 4865 2424 5220
f 2623 2780 1892
f 3384 4769 4553
f 361 933 984
f 361 495 933
f 245 2045 893
f 5197 5303 5827
f 4865 5220 4144
f 275 276 2494
f 2182 495 518
f 5197 5827 5361
f 2204 495 2182
f 2045 4320 893
f 938 957 1145
f 2641 1830 5477
f 2506 2494 2455
f 1187 943 1169
f 5098 4833 923
f 5687 2641 5477
f 1187 951 943
f 5098 923 897
f 2985 266 789
f 2455 2494 2459
f 1892 2218 1906
f 904 922 597
f 1906 2218 2268
f 5220 2424 5211
f 5032 2705 4315
f 266 3098 789
f 890 5262 2301
f 5601 1157 5676
f 4290 4256 482
f 3737 2827 2865
f 3737 2870 2827
f 776 2367 1215
f 1215 2367 957
f 5211 2424 2357
f 5635 2312 5557
f 5098 897 4693
f 5635 2208 2312
f 5104 5079 469
f 1982 4292 2034
f 5120 5783 5774
f 853 678 216
f 482 4256 512
f 853 216 789
f 1032 987 1008
f 1008 987 969
f 3124 3118 3101
f 94 4441 2886
f 2510 3200 5472
f 5827 880 5361
f 5407 351 2144
f 2191 4694 1482
f 2191 4663 4694
f 899 880 5827
f 964 969 987
f 1007 782 951
f 964 987 981
f 886 826 1830
f 1179 2312 2208
f 1187 1007 951
f 886 1830 2641
f 597 922 1752
f 597 1752 2880
f 3138 4610 3162
f 1145 957 2367
f 3831 2312 1179
f 1145 2367 3914
f 5104 469 34
f 4149 5123 1018
f 475 2720 1078
f 816 1299 280
f 5523 5506 3064
f 34 469 4303
f 816 1100 1299
f 2198 4262 4300
f 2048 2063 2105
f 3148 311 3129
f 5676 1183 5657
f 3148 126 311
f 5676 1157 1183
f 2283 1514 1484
f 2641 2462 886
f 886 2462 895
f 4485 1107 4529
f 2232 2208 5635
f 1265 1292 1316
f 4126 5580 930
f 2715 474 2798
f 263 3929 4101
f 263 4101 3902
f 2208 2232 2248
f 4130 1018 1068
f 5580 5611 930
f 216 2985 789
f 3507 3205 2535
f 2048 2105 2138
f 1032 2012 987
f 3123 2985 216
f 1179 2208 2248
f 3138 4583 4610
f 4149 1018 4130
f 1702 1917 556
f 3939 1134 3918
f 3393 221 3254
f 4529 2786 616
f 3872 2971 1466
f 1138 2786 4529
f 998 967 4390
f 998 984 967
f 981 987 2012
f 4101 3929 4096
f 1888 790 1865
f 981 2012 1331
f 2198 2165 4262
f 624 649 626
f 2782 4544 613
f 5280 5319 280
f 3872 5424 2971
f 280 5319 816
f 2232 5635 5620
f 374 2162 2610
f 363 5608 126
f 4096 3929 3909
f 3148 363 126
f 1265 1275 1292
f 2782 1151 4544
f 5634 3750 5140
f 4471 4502 4487
f 4487 4502 4531
f 2665 2676 2702
f 4529 1107 1138
f 5765 5226 4126
f 374 2610 1299
f 3393 3254 3552
f 1112 4544 1151
f 1045 1021 1001
f 4126 5226 5580
f 5019 4783 795
f 4494 4544 1112
f 1818 2515 2624
f 984 321 361
f 816 5319 1244
f 998 321 984
f 974 1339 2292
f 3588 2487 2114
f 53 311 281
f 281 311 126
f 1702 556 856
f 1361 649 624
f 1098 91 1887
f 3588 2114 1319
f 5481 5495 5475
f 1347 3588 1319
f 1122 5800 2284
f 1122 2284 1085
f 1782 5382 4834
f 1138 1166 2786
f 4471 4487 4512
f 152 3168 3158
f 152 3158 474
f 2039 261 1021
f 4471 4512 3771
f 1118 5807 1190
f 152 474 2715
f 1045 2039 1021
f 1118 2289 5807
f 1176 1151 2782
f 5608 281 126
f 5608 5673 281
f 5242 3750 5634
f 1032 2032 2012
f 1023 1073 1048
f 1023 1048 999
f 5606 1978 2741
f 4310 4354 4621
f 2582 2082 4522
f 988 1042 5301
f 1012 1042 988
f 4522 2082 2537
f 1138 1122 1166
f 1138 1107 1122
f 3101 3118 109
f 1151 1176 1190
f 5270 3168 152
f 1347 1384 3588
f 2665 2702 2697
f 3453 5807 2289
f 5488 5657 5137
f 1112 1151 1190
f 2593 5807 3453
f 5137 5657 1183
f 2034 4938 2071
f 4621 4354 4667
f 672 3492 3424
f 152 2715 5270
f 1818 2980 2515
f 3484 3448 3468
f 5270 2715 4217
f 3484 3379 3448
f 3241 5615 5593
f 3416 3486 3432
f 1729 1763 1073
f 1729 1073 1023
f 1114 70 1087
f 1087 70 59
f 1012 1722 1042
f 3416 3516 3486
f 4249 4235 4065
f 1711 1722 1012
f 1103 1072 1083
f 4249 4065 4030
f 3465 3486 3516
f 610 299 2857
f 1083 1072 1055
f 75 1092 63
f 2898 1 79
f 1782 2317 5382
f 610 2857 2891
f 1729 1023 2802
f 4006 1055 1072
f 1085 2284 2318
f 4006 1072 3968
f 1085 2318 1143
f 986 1019 1002
f 2478 2467 2445
f 986 1002 965
f 1098 1887 1846
f 3082 1 2898
f 2328 2289 1118
f 2248 2232 5116
f 4300 4262 4349
f 5116 2232 5133
f 512 4256 5763
f 1043 4000 3961
f 3783 2503 3812
f 4548 4522 2537
f 2431 33 1490
f 2757 1863 2744
f 4548 4537 4522
f 2359 447 3864
f 3571 33 2431
f 1859 3073 1114
f 2284 3472 2318
f 1114 3073 70
f 942 2629 2246
f 2857 2916 2891
f 1769 447 2359
f 3644 4300 4349
f 2246 2629 1139
f 3479 2289 2328
f 986 965 2605
f 2877 2916 2857
f 3643 3119 3676
f 1103 659 1072
f 2898 2813 3082
f 2629 2943 1139
f 1132 1287 610
f 1132 610 703
f 2953 5715 5679
f 1119 856 835
f 3453 2289 3479
f 4065 4007 4030
f 1119 835 1092
f 1863 1587 2744
f 4045 4007 4065
f 2438 2713 1676
f 5488 5137 5107
f 5488 5107 5435
f 5611 5580 5634
f 5102 277 172
f 5417 5378 5458
f 3119 3149 3676
f 2244 3221 2834
f 469 5079 490
f 2698 1978 2259
f 2893 2048 257
f 1072 5058 3968
f 2698 2741 1978
f 659 5058 1072
f 218 184 1004
f 1802 2980 1818
f 4965 703 2891
f 1036 1040 1025
f 5717 1019 986
f 703 610 2891
f 4035 4195 3989
f 5116 5133 5097
f 3571 4936 33
f 5097 5133 5062
f 975 5728 3994
f 2210 481 31
f 4926 4936 3571
f 2811 5282 4030
f 1119 1092 75
f 5282 4249 4030
f 2713 2438 5639
f 2713 5639 1792
f 584 4761 2514
f 212 2431 1490
f 986 2605 5717
f 3254 221 3586
f 2865 2827 2887
f 5717 2605 3341
f 1013 1060 1043
f 1049 1060 1013
f 189 103 1050
f 519 1287 1132
f 2932 2713 1792
f 1802 3212 2980
f 212 2901 2431
f 3135 4825 657
f 88 103 189
f 1098 1859 1114
f 1035 1020 1069
f 1846 1859 1098
f 4548 2537 2515
f 1069 1020 1064
f 340 1487 365
f 5133 5620 5463
f 1852 856 1119
f 1043 1060 4000
f 3000 2794 2117
f 1436 1487 340
f 299 1287 2601
f 2834 3221 3582
f 3000 2117 2145
f 610 1287 299
f 1103 675 659
f 2232 5620 5133
f 4965 2891 2916
f 4055 4195 4035
f 4965 2916 5582
f 4232 4195 4055
f 1119 75 1852
f 2328 1118 1156
f 5648 1019 5717
f 88 92 103
f 1852 75 3072
f 3586 221 250
f 2937 2901 212
f 3434 2659 4868
f 3356 1049 1211
f 5210 239 5228
f 3356 1060 1049
f 2811 4030 4007
f 5228 239 682
f 4962 4563 2601
f 4096 1120 1145
f 4962 2601 1287
f 4096 1145 4101
f 4000 1060 3356
f 1162 1187 1169
f 4000 3356 937
f 1040 1036 1052
f 1162 1169 1134
f 1436 1471 1487
f 2494 1040 1052
f 1167 1178 1150
f 3145 1743 3118
f 2506 1040 2494
f 5549 3469 3498
f 2117 2159 2145
f 2811 4007 3585
f 3126 3142 1256
f 1064 1154 1069
f 1133 1171 1127
f 4962 1287 519
f 1154 1217 1069
f 1155 1171 1133
f 4939 1791 2917
f 2135 2159 2117
f 5463 5441 5062
f 3126 1256 1296
f 218 5825 184
f 5463 5062 5133
f 1649 2752 1679
f 798 3010 3030
f 2703 2752 1649
f 1162 1134 3939
f 3941 3576 2145
f 4667 4354 5600
f 4337 5228 682
f 2145 3576 3000
f 2659 4351 4868
f 4337 4329 5228
f 2757 2744 2717
f 1145 3902 4101
f 2757 2717 2685
f 3914 3902 1145
f 3051 365 1487
f 3051 1487 1751
f 1791 1993 2917
f 1275 5020 4238
f 4035 4013 3991
f 4237 949 1288
f 4237 3891 949
f 95 39 2368
f 3781 1187 1162
f 4035 3991 4055
f 3215 1150 2935
f 95 2368 1665
f 3215 1167 1150
f 1062 1102 5450
f 2278 5571 2952
f 2278 2952 3080
f 1089 1102 1062
f 1497 376 330
f 1256 1325 1296
f 1277 1325 1256
f 2204 1124 495
f 2703 2729 2752
f 1070 1111 1137
f 1162 3939 3781
f 1084 1111 1070
f 3781 3939 269
f 2396 2623 2158
f 2158 2623 1892
f 96 95 1665
f 1742 211 1710
f 1282 1155 1323
f 3994 5728 5696
f 4761 970 2514
f 1282 1171 1155
f 4981 4591 5495
f 3994 5696 4024
f 96 1665 1674
f 635 623 652
f 403 1206 1193
f 1444 376 1497
f 5503 4591 4981
f 2963 5410 2997
f 344 376 1444
f 1106 1679 2752
f 1106 2752 1985
f 5451 5717 3341
f 5451 5678 5717
f 1172 2225 1288
f 3941 2145 2159
f 1288 2225 4237
f 1167 1524 1333
f 3215 1524 1167
f 1089 1522 1102
f 2151 42 97
f 1535 1522 1089
f 3941 2159 2250
f 2151 97 3629
f 1487 1964 1751
f 1511 1471 1137
f 1511 1964 1487
f 1511 1137 1111
f 1007 1187 3781
f 45 39 95
f 4967 5495 5481
f 47 99 42
f 2779 1691 1353
f 4981 5495 4967
f 2952 3116 3080
f 5696 4530 4024
f 4945 2729 1296
f 42 99 97
f 3681 4530 5696
f 2975 3116 2952
f 1181 1178 1198
f 1487 1471 1511
f 1198 1178 1167
f 1511 1111 1964
f 2729 3126 1296
f 117 5678 5451
f 1906 2158 1892
f 117 625 5678
f 1906 2164 2158
f 2752 1966 1985
f 1497 1522 1535
f 1199 943 1210
f 1210 943 951
f 2785 1966 2752
f 1497 1535 1444
f 1086 966 2899
f 5648 5717 5616
f 3015 2963 2997
f 5616 5717 5678
f 4501 4511 4475
f 5549 3498 5588
f 1265 5020 1275
f 4635 1799 4655
f 4655 1799 1777
f 97 3662 3629
f 3015 2989 2963
f 1343 1196 1186
f 100 3662 97
f 2952 110 2975
f 1346 3222 3243
f 782 1210 951
f 1346 1312 3222
f 782 772 1210
f 2752 2729 2785
f 99 100 97
f 1333 1198 1167
f 3643 3676 3898
f 1333 1317 1198
f 4566 5829 5803
f 4945 1296 1325
f 4945 1325 5139
f 4475 4511 4454
f 4566 5803 2899
f 1233 2182 980
f 5616 5678 1
f 1 5678 625
f 2449 2182 1233
f 1186 1302 1238
f 1196 1302 1186
f 5006 1050 103
f 2252 3090 2997
f 5006 103 5789
f 2252 2997 5410
f 1335 1312 1346
f 279 269 3939
f 4635 486 1799
f 5444 5417 5458
f 4566 2899 3962
f 279 3939 3903
f 744 3384 4553
f 3243 2807 1346
f 1233 4246 2449
f 1346 2807 5288
f 105 1068 1091
f 2997 3090 3015
f 2449 2484 2182
f 2712 2741 2698
f 3015 3090 5640
f 3643 3898 3761
f 744 728 3384
f 2675 1147 2772
f 2675 1159 1147
f 3135 319 4825
f 103 5801 5789
f 106 5801 103
f 5539 5489 5512
f 3939 3881 3903
f 3326 3345 1161
f 5514 5186 4875
f 3918 3881 3939
f 1346 5288 1372
f 1196 720 1302
f 5539 5512 5573
f 2449 4221 2484
f 5278 5186 5514
f 5338 720 1196
f 1694 1159 2675
f 736 4979 689
f 5822 4289 4663
f 109 3118 1743
f 2191 5822 4663
f 1372 5288 5781
f 1290 1029 1586
f 2231 2253 1142
f 919 4872 5053
f 5573 2709 5539
f 919 5053 1047
f 5539 2709 5547
f 109 1743 2242
f 5323 5349 5334
f 5002 4979 736
f 2449 4246 4221
f 5343 5349 5323
f 1586 1029 762
f 1893 4807 2149
f 103 92 106
f 3830 409 3903
f 1759 1684 900
f 5559 5198 3125
f 2036 5180 1954
f 1475 1433 1459
f 781 824 877
f 1755 1847 2756
f 4765 4807 1893
f 409 279 3903
f 5205 5489 5539
f 1600 831 1739
f 2615 5803 5829
f 1335 1346 1372
f 2851 222 662
f 5278 4244 5186
f 5228 5370 5210
f 1173 956 1294
f 4255 4244 5278
f 1189 956 1173
f 2851 3896 222
f 5539 5547 5205
f 2516 1286 741
f 5002 4989 4979
f 5205 5547 5203
f 888 4395 4374
f 1736 1091 67
f 889 1218 1203
f 5706 1506 734
f 889 1203 1039
f 1742 1694 2675
f 1736 116 1091
f 3929 222 3896
f 23 19 5343
f 53 4204 4872
f 1290 1586 1617
f 53 4872 919
f 19 5349 5343
f 263 222 3929
f 4765 4784 4807
f 1290 1617 630
f 2468 1286 2516
f 1240 1286 2468
f 105 1091 116
f 5349 19 345
f 3712 8 2237
f 3712 2237 22
f 4872 5159 5053
f 4872 4958 5159
f 368 575 1189
f 3886 3896 2851
f 575 956 1189
f 2149 2579 2076
f 861 1218 889
f 5394 3719 4114
f 5394 4114 5370
f 1344 1311 1323
f 3144 689 4979
f 1323 1311 1282
f 4807 2579 2149
f 3144 4979 823
f 1173 1193 1206
f 2182 2484 2204
f 5239 5489 5205
f 1173 1206 1189
f 3830 3903 3881
f 1218 3723 1197
f 3830 3881 2871
f 5394 5370 5228
f 4922 679 972
f 4922 4972 679
f 4204 4115 4958
f 1203 1218 1197
f 2265 2237 8
f 2265 8 15
f 1282 1311 2556
f 1359 4302 1357
f 4872 4204 4958
f 2893 2791 2048
f 1536 1352 1333
f 119 116 1736
f 1536 1333 1524
f 1369 1202 4073
f 3909 3896 3886
f 25 3719 5394
f 1369 1354 1202
f 2516 2553 2574
f 3929 3896 3909
f 2516 2574 2468
f 5706 4402 1506
f 22 2237 2274
f 29 2279 1734
f 1338 1315 4951
f 107 116 119
f 1206 368 1189
f 4807 2562 2579
f 359 368 1206
f 5394 5228 25
f 1344 2161 1311
f 25 5228 4329
f 380 3327 3723
f 380 3723 1218
f 823 4979 4957
f 4053 29 1734
f 4853 2562 4807
f 4020 1443 2028
f 105 116 107
f 2060 1352 1536
f 823 4957 4840
f 318 4517 4073
f 3760 2843 3615
f 556 241 259
f 4073 4517 1369
f 1268 1238 1302
f 3135 3050 319
f 2556 1311 2161
f 1268 1246 1238
f 2556 2161 576
f 3071 2256 3080
f 4944 1364 5049
f 380 1218 861
f 1338 4951 1515
f 5049 1364 1382
f 556 448 241
f 1515 4951 1390
f 4950 4972 4922
f 3293 5300 4538
f 1317 1352 4317
f 1333 1352 1317
f 2256 2278 3080
f 4807 4784 4853
f 4979 4989 4957
f 2274 2237 2296
f 549 5407 2144
f 2237 2265 2296
f 2279 2306 1734
f 1734 2306 1758
f 2210 169 481
f 1251 1523 1322
f 1504 1523 1251
f 824 857 877
f 5549 5588 2023
f 4756 4798 4770
f 1762 1785 1982
f 5462 5385 5605
f 1314 4398 4888
f 1314 4888 858
f 4821 3222 1312
f 720 145 1302
f 1302 145 1268
f 3071 3080 3116
f 3071 3116 5656
f 1273 922 1257
f 1257 922 904
f 1762 1982 2046
f 798 3030 826
f 1344 2190 2161
f 2499 2526 2556
f 2135 1963 2159
f 1268 145 2281
f 1289 1306 1267
f 2203 4427 4317
f 820 807 848
f 2035 1075 1322
f 2203 4317 1352
f 2499 2556 2514
f 771 2136 758
f 2035 1322 1523
f 4895 663 4931
f 1742 2675 2707
f 3437 3413 4414
f 1267 1306 228
f 5449 5471 3494
f 972 1781 4922
f 4922 1781 4832
f 5457 3470 5474
f 4810 1312 1335
f 4821 1312 4810
f 5474 3470 3497
f 4407 5071 4381
f 1322 1284 1251
f 4407 5030 5071
f 4414 3413 4460
f 4010 3904 3591
f 1322 1309 1284
f 2203 1352 2060
f 1273 1752 922
f 1696 3904 4010
f 4888 4398 4920
f 652 623 640
f 2121 2747 159
f 4920 4398 4333
f 1710 211 234
f 2570 1524 2547
f 5102 4888 4920
f 4010 4053 1734
f 3494 5471 4057
f 4061 1260 4159
f 3200 3237 1004
f 3494 4057 3369
f 4010 1734 1696
f 4064 5081 1261
f 2478 2445 2439
f 1004 3237 218
f 4816 4922 4832
f 4816 4909 4922
f 1309 1075 2364
f 4642 4694 4606
f 1273 1244 4194
f 3732 3725 5378
f 1322 1075 1309
f 4069 5474 3497
f 1696 1746 3904
f 1273 1257 1244
f 2017 1083 1263
f 4069 4062 5474
f 1006 1546 3536
f 2213 4068 1543
f 1394 4280 4307
f 1263 1083 3673
f 4035 3989 3609
f 4501 467 471
f 243 258 3734
f 5087 3384 728
f 1696 1734 1758
f 4950 4922 4909
f 1696 1758 1746
f 4809 4825 4803
f 3624 2201 2172
f 4803 4825 319
f 2547 562 2570
f 3732 5378 5417
f 1722 2756 2792
f 2294 2376 441
f 5443 3384 5087
f 880 1686 5361
f 440 1907 1887
f 1755 2756 1722
f 2570 562 979
f 1610 1588 4194
f 4194 1588 1273
f 2213 2322 4068
f 3182 5382 2317
f 2213 2238 2322
f 441 2376 3161
f 5136 5108 4942
f 4013 3609 3589
f 4035 3609 4013
f 4668 3582 3221
f 1905 2146 4454
f 754 4592 4619
f 448 1917 2895
f 1273 1588 1752
f 1532 1419 1385
f 3272 4068 2692
f 3397 4792 4581
f 1419 1394 1385
f 1395 1324 1291
f 3253 2939 2431
f 4068 2322 2692
f 1390 4234 1541
f 4258 4234 1390
f 2814 2803 1339
f 1905 4454 4511
f 4897 4792 3397
f 2576 1291 1324
f 1394 1419 4280
f 2814 1339 624
f 2576 1324 2533
f 2470 255 1300
f 5136 5125 5108
f 56 1401 3568
f 2508 2470 1300
f 218 3237 4444
f 4606 4694 4663
f 5634 5580 5226
f 56 3568 5219
f 1709 847 1532
f 1532 847 1419
f 1392 2172 1507
f 1476 1463 1438
f 4501 2716 467
f 556 1917 448
f 1392 2329 2172
f 4883 1716 1541
f 4508 1905 4511
f 4883 1541 4234
f 5462 3156 5385
f 1543 4068 1440
f 1941 2099 1946
f 5634 5226 5242
f 1982 2071 2046
f 4280 1419 847
f 2513 3598 3364
f 1379 1012 988
f 490 260 469
f 4280 847 4964
f 2939 3253 3271
f 4852 3414 3476
f 1324 1614 2533
f 3155 1614 1324
f 1438 5305 2018
f 1463 5305 1438
f 1609 694 255
f 1609 255 2470
f 3940 2939 3271
f 2556 584 2514
f 1941 1946 2802
f 4538 5331 4561
f 5287 1493 5330
f 4852 4889 3414
f 4538 5300 5331
f 2802 1946 2806
f 2034 2071 1982
f 576 584 2556
f 3624 2172 2329
f 2313 3209 31
f 2857 4449 2877
f 4897 4772 4792
f 3589 2472 3412
f 4877 4772 4897
f 3589 3412 4013
f 1936 2329 1392
f 4668 3221 4683
f 4897 5237 4877
f 1440 3272 1420
f 1006 1222 1546
f 1464 2313 31
f 1441 1813 5238
f 1452 1813 1441
f 2551 3364 3419
f 5146 1405 4923
f 4923 1405 1379
f 525 1463 5613
f 525 5305 1463
f 450 808 834
f 1006 1381 1222
f 1440 4068 3272
f 657 4825 5732
f 532 523 5679
f 3271 3253 3305
f 1407 4782 4822
f 2513 3364 2551
f 3305 3253 3343
f 4865 4889 4852
f 2979 5478 3223
f 1407 4822 663
f 575 982 1786
f 845 858 5054
f 5054 858 4888
f 3374 2566 3401
f 2845 2329 1936
f 1379 1405 1012
f 1476 1500 1463
f 3624 2329 2845
f 938 1120 1452
f 857 824 1894
f 1073 1383 1048
f 1517 2191 1482
f 3476 4576 4852
f 3253 2431 2901
f 3412 2472 3402
f 5087 5470 5443
f 1073 1411 1383
f 2336 2091 1795
f 1120 1813 1452
f 5087 5122 5470
f 1493 1517 1482
f 4852 4576 5105
f 3402 2472 2389
f 2916 1433 1475
f 5063 5077 5430
f 3988 3541 2046
f 2990 213 1810
f 1441 1469 1491
f 5071 5030 5092
f 5030 4992 5092
f 1441 1491 1452
f 5102 5054 4888
f 213 328 1810
f 1517 1493 5287
f 1258 861 902
f 1258 1081 861
f 3541 1762 2046
f 4481 4414 4460
f 4682 2570 979
f 3154 3050 3135
f 2901 2937 3343
f 5069 4852 5105
f 2697 2702 3599
f 3101 4800 4786
f 2892 2195 5146
f 1503 1707 1483
f 5146 2195 1405
f 3253 2901 3343
f 5069 4844 4852
f 1500 5613 1463
f 5600 5613 1500
f 1432 1413 1421
f 4626 1833 3045
f 5032 2193 2705
f 5622 5822 2191
f 5723 445 5607
f 4493 156 1359
f 1483 1800 1503
f 5622 2191 1517
f 1503 1800 1819
f 1844 3096 1649
f 1012 1405 2195
f 5350 2665 2413
f 5564 422 5685
f 1012 2195 1711
f 4626 2051 1833
f 5564 1576 422
f 1368 1369 4517
f 4865 4852 4844
f 1368 4517 4524
f 3034 3475 2990
f 1411 1763 2911
f 2990 3475 213
f 1609 2470 1655
f 1073 1763 1411
f 1844 3056 3096
f 1517 5287 5622
f 5622 5287 528
f 3101 4786 3124
f 1339 1361 624
f 1844 1883 3056
f 301 422 1576
f 3657 1263 3673
f 1491 938 1452
f 927 938 1491
f 2697 3599 3653
f 1350 1361 1339
f 623 579 4168
f 4570 1754 5475
f 5612 4388 5172
f 5172 4388 5364
f 4682 586 2570
f 5607 179 5584
f 1536 1524 2570
f 3657 1241 1263
f 1421 3326 1446
f 1468 1447 1425
f 5350 433 2665
f 1432 1421 1446
f 469 260 246
f 5607 445 179
f 3334 1421 1439
f 1376 1576 5564
f 1421 3334 3326
f 3126 3096 3142
f 3367 4311 3383
f 3142 3096 3056
f 1169 1503 1819
f 1169 943 1503
f 3383 4311 1472
f 3809 5612 5172
f 1605 3326 1589
f 1425 1592 1424
f 2513 1658 3598
f 1605 1446 3326
f 1447 1592 1425
f 178 1576 1376
f 301 1576 178
f 1649 3096 2703
f 1597 1479 1578
f 3235 1655 2523
f 1536 2570 2060
f 1407 663 4895
f 2060 2570 586
f 3568 3797 5219
f 3701 792 776
f 1541 1515 1390
f 3235 2523 3374
f 1541 1527 1515
f 790 1432 1446
f 5430 5077 5401
f 785 1432 790
f 1683 1546 1930
f 5475 1754 2587
f 2069 2747 2121
f 2777 2747 2069
f 5383 5172 5364
f 139 407 303
f 5383 5194 5172
f 2363 2317 1782
f 1658 2513 2533
f 1614 1658 2533
f 1865 1446 1605
f 4244 216 678
f 1865 790 1446
f 2075 3159 3184
f 1527 1716 1757
f 1447 1811 1592
f 1541 1716 1527
f 1651 1811 1447
f 5321 5316 176
f 2075 3184 1825
f 5321 176 167
f 1655 2470 2523
f 3367 3383 3452
f 3367 3452 3506
f 5214 3469 5549
f 1123 3402 2389
f 1123 3377 3402
f 3791 5172 5194
f 3809 5172 3791
f 2703 3126 2729
f 1376 5564 5544
f 2703 3096 3126
f 1468 1486 1447
f 139 236 407
f 1930 1546 1222
f 3860 1473 1458
f 2491 2259 1640
f 2491 2466 2259
f 2445 1234 1180
f 3860 3880 1473
f 2969 3785 3973
f 2523 2566 3374
f 475 3367 2720
f 2680 467 2716
f 919 1047 1308
f 1481 1479 1499
f 1499 1479 1597
f 3176 3785 2969
f 1587 1466 2369
f 1456 1427 1404
f 4481 4434 4414
f 475 4311 3367
f 2533 2513 2576
f 2576 2513 2551
f 2495 1863 2473
f 1447 1486 1676
f 167 176 189
f 167 189 1050
f 3184 3159 3222
f 1447 1676 1651
f 3222 3159 3243
f 4480 3880 1929
f 919 1308 53
f 1993 1833 2051
f 2523 2508 2566
f 1473 3880 4480
f 53 1308 311
f 4257 3464 3481
f 1685 2629 1367
f 3911 1305 4713
f 1416 1409 1815
f 1685 1367 1499
f 2523 2470 2508
f 4257 3481 4295
f 1229 3402 3377
f 3159 1691 2779
f 2473 2757 2988
f 848 1689 820
f 2075 1691 3159
f 4264 5695 4066
f 1282 2556 2526
f 1499 1597 1685
f 1591 1812 3009
f 4264 5712 5695
f 1685 1597 1816
f 1591 1663 1812
f 820 1689 1960
f 1180 1217 1154
f 1458 1473 295
f 3130 1510 3178
f 1456 1404 1465
f 1180 1234 1217
f 5704 3647 3970
f 2750 2720 3506
f 4589 4581 4792
f 2720 3367 3506
f 937 3377 1123
f 4589 4792 4802
f 937 3356 3377
f 1473 2147 295
f 1473 4480 2147
f 4241 3485 4089
f 3481 3464 3511
f 1628 1661 1663
f 3511 3464 3451
f 1221 3690 5712
f 1591 1628 1663
f 1791 1833 1993
f 2244 4353 3221
f 4264 1221 5712
f 2779 2807 3243
f 446 519 2107
f 2779 3243 3159
f 446 464 519
f 2035 1523 2292
f 1645 1619 1595
f 3173 4782 1407
f 1619 1607 1595
f 1211 3377 3356
f 5725 5695 5738
f 754 4619 773
f 5738 5695 5712
f 1229 3377 1211
f 4802 4792 4772
f 4802 4772 5096
f 1607 1619 3818
f 5315 1263 1241
f 2473 1863 2757
f 3937 869 3890
f 3856 1633 3838
f 3836 3485 4241
f 2790 1657 1637
f 4200 4242 464
f 1442 445 5723
f 2308 712 1514
f 185 192 1645
f 446 4200 464
f 3690 5738 5712
f 2308 2353 712
f 1645 192 1619
f 3690 3684 5738
f 4542 4900 5217
f 2259 2466 2698
f 4542 3912 4900
f 270 257 2138
f 3411 3418 3387
f 1442 860 445
f 1466 2971 2369
f 1442 1478 860
f 2698 2466 78
f 301 1423 422
f 1781 441 3161
f 5732 4809 5718
f 2138 257 2048
f 179 445 85
f 3818 1619 192
f 3818 192 1393
f 445 860 85
f 1540 287 335
f 3568 3519 3797
f 1552 287 1540
f 1510 450 3178
f 3116 5402 5656
f 3135 657 3154
f 3411 1326 3418
f 3561 5402 3116
f 377 149 4871
f 4045 3600 4007
f 31 3209 2210
f 4208 4189 3330
f 1662 950 962
f 1662 962 1633
f 4805 5686 1851
f 3568 3328 3519
f 5732 4825 4809
f 5443 5424 3384
f 4208 3330 3311
f 1851 5686 4156
f 1160 4749 1035
f 1014 1552 1246
f 1662 1633 3856
f 3988 2046 2071
f 1014 287 1552
f 1485 1177 4366
f 3988 2071 3974
f 214 149 377
f 5830 5471 5788
f 3411 3210 1326
f 5788 5471 5449
f 1485 4366 161
f 982 2551 1786
f 4786 4800 4778
f 5709 4959 4882
f 3325 4187 4157
f 5474 5796 5457
f 3599 3687 3653
f 2078 2051 4626
f 4778 4800 2226
f 1580 1605 1589
f 3628 3687 3599
f 4732 4458 5308
f 1580 1589 1562
f 174 950 1662
f 5478 4843 3049
f 2576 2551 982
f 2566 2508 1081
f 2210 3209 2111
f 3561 3578 5402
f 1580 1562 3331
f 4732 5308 5286
f 412 3572 3554
f 1578 1575 1597
f 1662 3856 174
f 1258 2566 1081
f 1597 1575 5836
f 174 3856 2339
f 5493 5478 3049
f 3221 879 4683
f 2746 2716 4501
f 1407 4895 3173
f 3304 2317 2363
f 5830 4057 5471
f 4610 4631 2984
f 3173 4895 5458
f 3372 4587 4460
f 760 3119 779
f 2051 2078 2097
f 5694 4882 4856
f 3330 3297 3311
f 1909 2423 3653
f 1836 1605 1580
f 5709 4882 5694
f 5830 5779 913
f 5830 5788 5779
f 3318 3297 3330
f 4134 1851 4156
f 5837 887 1026
f 4366 14 161
f 4134 1866 1851
f 3895 14 4366
f 450 1510 808
f 5837 1026 5796
f 3653 2423 2697
f 4353 879 3221
f 27 204 5040
f 1580 3331 1836
f 5735 5506 3311
f 1836 3331 3840
f 127 1840 137
f 4798 4741 4770
f 27 23 204
f 3182 2317 3304
f 1828 1597 5836
f 4007 2467 3585
f 3311 5506 4208
f 4667 1500 4705
f 1993 2051 2097
f 1828 1816 1597
f 3562 2467 4007
f 5447 4525 4721
f 1579 5126 2023
f 5485 1851 1866
f 3154 657 677
f 1416 1573 1399
f 4705 1500 1476
f 5837 5796 5474
f 4721 4525 5241
f 5427 4157 3115
f 5427 3310 4157
f 5286 5308 5340
f 1681 1032 1008
f 5286 5340 5372
f 1693 1032 1681
f 3991 4013 3556
f 3556 4013 3412
f 2023 5126 5148
f 1745 1780 1757
f 3325 4157 3310
f 1745 1757 1716
f 5819 4450 5040
f 1363 5451 3772
f 3670 607 913
f 5040 4450 27
f 913 607 5830
f 4338 4520 4377
f 4007 3600 3562
f 1709 1732 866
f 1363 117 5451
f 964 981 5502
f 614 887 5837
f 5852 5286 2427
f 1865 1605 1836
f 5236 2787 5269
f 5852 4732 5286
f 1815 1697 1416
f 1745 1716 4869
f 2730 2787 5236
f 94 2886 4512
f 4610 2984 4729
f 5830 607 4057
f 4599 5447 4721
f 3219 427 4512
f 4512 2886 3771
f 5837 5474 614
f 614 5474 4062
f 5735 3311 3297
f 5735 3297 1271
f 1976 2009 1780
f 2746 3640 3665
f 1976 1780 1745
f 3372 4460 3413
f 450 834 734
f 373 2032 1693
f 2132 3010 4557
f 866 1732 1970
f 3289 3310 5427
f 4618 4672 1640
f 866 1970 749
f 2032 1032 1693
f 2647 1590 2630
f 2630 1590 1568
f 1596 2653 2636
f 3216 3639 3130
f 1596 2636 1573
f 1702 1852 1737
f 1737 1852 1874
f 1745 4869 1976
f 1976 4869 671
f 3897 5351 5364
f 3562 2445 2467
f 3545 2445 3562
f 4388 3897 5364
f 1568 1465 1404
f 1590 1465 1568
f 2413 2697 2423
f 5223 4721 5241
f 4638 4411 4420
f 5223 4703 4721
f 1126 473 578
f 1596 1573 1416
f 578 473 444
f 2730 2765 2787
f 3557 1653 2661
f 458 427 3219
f 2710 2746 3665
f 1640 4672 2491
f 1668 3614 1622
f 1450 444 473
f 3772 5451 3341
f 1450 473 1426
f 3614 2823 1622
f 5276 4589 5259
f 458 3219 3446
f 2647 1712 1590
f 3152 3772 3341
f 1733 2608 5408
f 3402 3556 3412
f 1701 2266 2653
f 3402 3538 3556
f 3310 3289 3274
f 1701 2653 1596
f 2620 1737 1874
f 2620 2611 1737
f 3325 3310 3274
f 3562 3580 3545
f 3562 3600 3580
f 1126 853 473
f 2993 2959 4676
f 1590 1823 1465
f 1712 1823 1590
f 2269 3772 3596
f 2269 1363 3772
f 2364 2427 5372
f 1596 1416 1701
f 1701 1416 1697
f 5372 2427 5286
f 1426 473 853
f 3619 1062 1668
f 1426 853 1593
f 1668 1062 3614
f 2242 2249 109
f 5538 5269 2787
f 4576 4721 4703
f 5385 3144 1398
f 5538 2787 621
f 1348 237 5727
f 1637 1668 1622
f 1698 1838 1651
f 4599 4721 4576
f 1348 3286 237
f 3130 3639 1510
f 427 458 509
f 1838 1811 1651
f 1657 1668 1637
f 5364 5351 5383
f 1845 288 428
f 33 1974 1490
f 2333 1533 3261
f 5277 5264 2799
f 1673 3775 3793
f 5383 5351 5338
f 1974 2031 1490
f 3261 1533 3226
f 1673 3793 1653
f 1308 1047 940
f 427 509 470
f 734 834 5706
f 2799 5264 2093
f 940 1213 1308
f 5385 3156 3144
f 1308 1213 1195
f 3606 237 3286
f 109 2249 3678
f 2344 1285 3508
f 1673 1653 3557
f 2344 2460 1285
f 1313 237 3606
f 2718 2863 1698
f 2993 2978 2959
f 4936 2094 33
f 1698 2863 1838
f 4012 3230 3199
f 33 2094 1974
f 571 4070 3764
f 1126 678 853
f 1657 3619 1668
f 428 288 4661
f 3648 3619 1657
f 428 4661 5632
f 4512 427 94
f 3510 3596 3152
f 3596 3772 3152
f 4486 4041 4087
f 1648 1678 1661
f 4070 571 765
f 2787 415 621
f 3001 3286 1348
f 3616 3775 1673
f 1648 1661 1628
f 2818 415 2787
f 4070 765 3446
f 5424 5443 5418
f 5001 4601 5153
f 1625 1641 676
f 2078 4601 5001
f 1676 1698 1651
f 1690 1698 1676
f 4203 1540 335
f 3711 5549 2023
f 4203 5392 1540
f 2066 2799 2093
f 4012 3199 3980
f 1704 2629 1685
f 3129 1308 1195
f 2066 2833 2799
f 2460 3337 4708
f 3129 311 1308
f 1648 1628 4606
f 2344 3337 2460
f 1673 3557 3616
f 1895 1732 1873
f 3616 3557 1070
f 1873 1732 1709
f 3261 3226 3249
f 3010 2132 3021
f 3249 3226 2396
f 3286 3001 2902
f 2787 2765 2818
f 3606 3286 2902
f 1343 1544 1196
f 1749 5578 4960
f 1884 1685 1816
f 5602 2387 3161
f 1884 1704 1685
f 4960 5578 4281
f 5844 1285 5777
f 5443 5470 5418
f 2150 1678 1648
f 3711 5214 5549
f 5777 1285 2460
f 1708 1842 1448
f 2132 2166 3021
f 5532 1540 5392
f 676 1641 2141
f 1859 3091 3073
f 676 2141 1916
f 1909 3653 3687
f 2115 2123 3025
f 94 470 4441
f 266 3261 3249
f 2718 1690 489
f 2718 1698 1690
f 2442 4442 2089
f 1448 1284 1708
f 4442 4497 2089
f 1708 1284 1309
f 1648 4606 2150
f 4442 4486 4497
f 94 427 470
f 2150 4606 4308
f 5602 3161 2376
f 4910 4274 5595
f 5595 4274 5651
f 4274 4845 5651
f 2413 2665 2697
f 4603 5392 4203
f 4603 5414 5392
f 1895 1970 1732
f 1909 3687 3474
f 1545 2981 1875
f 2981 3004 1875
f 3025 2123 2660
f 3539 5548 3622
f 5824 4910 5595
f 1196 1544 5383
f 4708 5777 2460
f 3742 2539 3511
f 3452 4360 5446
f 7 469 246
f 4708 4698 5777
f 1196 5383 5338
f 4486 4442 4041
f 5579 5392 5414
f 2923 1704 1884
f 5532 5392 5579
f 5814 5578 1749
f 2923 2721 1704
f 3955 4473 3990
f 3955 4433 4473
f 5551 5276 4532
f 4969 3183 1981
f 7 4303 469
f 4383 2539 3742
f 4611 5276 5551
f 623 4168 640
f 4555 2305 2442
f 1981 3183 4074
f 2442 2305 4442
f 2364 1708 1309
f 302 2539 4383
f 5824 5595 5623
f 2364 5372 1708
f 5551 4660 4611
f 5551 5584 4660
f 3787 3774 2002
f 808 1510 3639
f 2002 3774 2058
f 1747 1763 1729
f 4599 5544 5447
f 3419 3480 781
f 2181 1678 2150
f 5814 1749 5412
f 1780 1876 1757
f 1733 1882 1846
f 1336 1381 1006
f 1780 1900 1876
f 808 3639 550
f 5382 5430 5401
f 1755 1711 1794
f 1882 1859 1846
f 1755 1722 1711
f 5446 4396 5466
f 5446 4360 4396
f 2054 1842 1708
f 4041 4442 2305
f 4041 2305 1938
f 4611 4589 5276
f 3742 3751 3768
f 3742 3768 4383
f 1897 5114 4433
f 1006 3536 1336
f 3137 1852 3072
f 3960 5808 5646
f 2303 5808 3960
f 1336 3536 3512
f 3137 1874 1852
f 3955 1897 4433
f 4969 1981 2028
f 4667 5600 1500
f 2441 1729 2802
f 1859 1882 3091
f 3674 3704 3176
f 2441 1747 1729
f 5148 3745 2023
f 3341 2347 3152
f 4969 2028 4916
f 2605 2347 3341
f 3745 3711 2023
f 4424 4429 4358
f 5201 4154 4148
f 1895 2211 1970
f 5382 5413 5430
f 2054 1708 5340
f 5605 5385 2350
f 4589 4611 4581
f 4611 4660 4581
f 3665 3640 3700
f 4371 4424 4358
f 5340 1708 5372
f 2009 1900 1780
f 4733 5085 4790
f 2336 1795 2233
f 5655 4160 4826
f 3742 3511 5494
f 4142 4160 5655
f 5814 2540 5578
f 1733 5408 1882
f 4867 4569 4780
f 2083 2002 2058
f 3700 3640 3693
f 5448 5435 1451
f 4207 5593 5615
f 5038 5085 4733
f 2983 2954 1794
f 3836 3868 3485
f 2083 2045 2002
f 1794 2954 1755
f 2605 2229 2347
f 4822 1336 3512
f 4822 1849 1336
f 1770 2620 1874
f 2540 4819 5578
f 3137 1770 1874
f 3422 1747 2441
f 3091 1882 5408
f 3422 2949 1747
f 2661 3336 3557
f 3091 5408 5294
f 3557 3336 3308
f 5448 1451 4995
f 2392 2229 2605
f 3010 3021 3036
f 3010 3036 3030
f 1755 2954 1847
f 1650 1381 1336
f 781 3480 824
f 2823 3614 3301
f 1399 1573 4826
f 2984 4268 4729
f 1399 4826 4160
f 4733 4520 5038
f 4384 5453 5421
f 1752 1789 2880
f 69 2988 2685
f 1779 1789 1752
f 1787 1763 1747
f 3910 3942 236
f 3241 4933 2058
f 5313 4799 5201
f 3241 2058 3774
f 5076 4799 5313
f 3751 5494 5535
f 4289 4606 4663
f 3510 3152 2347
f 4559 4856 4837
f 4826 5285 5655
f 4826 4927 5285
f 3742 5494 3751
f 3510 2347 3197
f 1084 3557 3308
f 2998 4268 2984
f 1084 1070 3557
f 1650 1336 3956
f 4569 4867 4550
f 4207 5615 4233
f 3956 1336 1849
f 2642 5596 2959
f 4867 4426 4550
f 4289 4308 4606
f 752 3539 304
f 5475 2587 5464
f 2988 2757 2685
f 3301 3614 1062
f 5201 4799 4154
f 3301 1062 5450
f 1787 1747 2977
f 2977 1747 2949
f 5508 3539 752
f 1494 1514 2612
f 1451 4968 4995
f 1644 4968 1451
f 4733 4377 4520
f 2686 3025 2660
f 5646 5298 4744
f 147 1779 181
f 2686 3040 3025
f 147 1789 1779
f 4460 4587 4481
f 2630 1568 5076
f 723 3509 5401
f 2902 3001 2263
f 1727 1767 1741
f 1568 4799 5076
f 1756 1767 1727
f 2263 3001 3626
f 752 5479 5508
f 4927 1573 2636
f 752 784 5479
f 3411 2643 3210
f 5532 729 1540
f 4826 1573 4927
f 2975 3806 3116
f 2058 4933 2083
f 5201 4148 1948
f 2083 4933 3323
f 2880 5619 597
f 1329 734 1506
f 1811 1838 2262
f 4481 4587 3873
f 3197 2347 2229
f 723 5401 5077
f 4569 4550 4532
f 3197 2229 1071
f 81 2698 78
f 5464 2587 3313
f 4569 4532 4541
f 1816 1848 1884
f 4142 5655 1910
f 470 509 1773
f 5840 2536 2512
f 1828 1848 1816
f 5508 5548 3539
f 1868 1705 1829
f 2013 1705 1868
f 470 1773 1943
f 4154 4799 1568
f 2975 82 3806
f 2975 110 82
f 4154 1568 1404
f 3819 2989 3015
f 1940 1918 1910
f 5679 1270 532
f 2445 1180 2439
f 2121 2139 2155
f 4780 4569 4684
f 5548 5508 5563
f 3704 3785 3176
f 3713 2263 3626
f 5508 5479 5563
f 3713 1914 2263
f 4484 4837 3252
f 3681 1802 1818
f 1922 1948 1899
f 4484 4514 4837
f 1992 2009 1976
f 3681 1818 4344
f 1514 712 2612
f 1935 1948 1922
f 3960 5646 4744
f 1773 2149 1943
f 1970 2003 749
f 2262 1838 2863
f 1893 2149 1773
f 1987 2003 1970
f 2262 2863 1044
f 139 3910 236
f 2879 2923 1884
f 946 4847 5586
f 2879 1884 1848
f 4636 1232 4634
f 3180 946 5586
f 5679 1488 1270
f 5535 5494 4210
f 5489 5136 4942
f 3833 3806 3840
f 4559 4837 4514
f 3806 82 3840
f 1101 1976 671
f 1625 2013 2492
f 160 4441 1943
f 1101 1992 1976
f 4441 470 1943
f 1625 1705 2013
f 2425 594 609
f 5381 3015 5640
f 4500 4514 4484
f 5381 3852 3015
f 2065 787 2592
f 2879 1848 568
f 1935 5201 1948
f 5313 5201 1935
f 1940 1910 5285
f 5285 1910 5655
f 3116 3806 3561
f 2643 2617 3210
f 4684 4541 4670
f 3588 1384 2666
f 4684 4569 4541
f 3464 1067 4949
f 4257 1067 3464
f 5586 4847 5612
f 1818 2152 4344
f 4692 3613 3721
f 5612 4847 4388
f 4525 4514 4500
f 2624 2152 1818
f 4559 4514 4525
f 1868 2225 3087
f 2263 3994 2902
f 1868 3087 2013
f 2263 1397 3994
f 2710 2716 2746
f 3819 3015 3852
f 160 1943 2149
f 1569 1611 1566
f 1611 1987 1566
f 160 2149 2076
f 1611 2003 1987
f 2666 1812 3588
f 4483 4909 4816
f 1841 1878 3067
f 3588 1812 1663
f 3877 3852 5381
f 1867 1878 1841
f 5153 5189 4437
f 5186 1126 4875
f 4949 4999 3451
f 81 2682 2698
f 975 3994 1397
f 2582 2065 2592
f 1126 578 4875
f 1707 1992 1101
f 1889 1898 1862
f 1707 1620 1992
f 3464 4949 3451
f 3561 3833 3578
f 2582 2480 2065
f 3561 3806 3833
f 333 4909 4483
f 1237 1397 2263
f 4950 4909 333
f 3387 3426 3411
f 2069 2121 2155
f 3849 3852 3877
f 3819 3852 3849
f 4551 4479 3892
f 2605 965 2392
f 5153 4437 5001
f 5647 5414 4603
f 195 2117 2794
f 1862 2977 1889
f 2024 2009 1992
f 3622 2648 1731
f 1889 2977 3005
f 3622 5548 2648
f 82 1836 3840
f 3120 2117 195
f 3838 4039 3810
f 82 1855 1836
f 3087 2492 2013
f 959 1397 1237
f 2482 2492 3087
f 1623 1613 2202
f 3892 4479 2080
f 2740 2790 1867
f 2110 321 2691
f 2790 1878 1867
f 4244 678 5186
f 975 1397 959
f 195 3148 3120
f 5186 678 1126
f 1545 2153 2981
f 2746 4501 4475
f 195 363 3148
f 5280 5292 5319
f 5414 5647 5671
f 1110 734 1329
f 5579 5414 5671
f 4483 4463 4452
f 1661 3588 1663
f 1582 169 4462
f 1661 2487 3588
f 4483 4452 333
f 3120 3092 2117
f 2680 2716 2710
f 2024 1992 1574
f 1760 1731 5692
f 1574 1992 1620
f 3145 1777 1743
f 3196 3613 4692
f 1894 824 3480
f 2090 608 2642
f 5692 1731 2648
f 1237 2263 1914
f 5646 5206 5298
f 3793 1889 3005
f 5298 5206 5165
f 4483 4816 3234
f 3793 2783 1889
f 110 272 1855
f 5484 5466 5510
f 82 110 1855
f 3120 3129 3092
f 3120 3148 3129
f 1915 1898 1889
f 493 5165 5206
f 1865 1836 1888
f 1888 1836 1855
f 493 5206 472
f 4463 3234 3717
f 3365 5536 3346
f 4483 3234 4463
f 1268 978 1246
f 1246 978 1014
f 4001 64 1247
f 547 739 161
f 5671 5647 5727
f 3550 1022 1061
f 5646 5780 5206
f 1915 1889 2728
f 161 739 1485
f 3964 169 1582
f 2724 2745 2623
f 272 1888 1855
f 1894 3480 50
f 2728 1889 2783
f 2623 2745 2780
f 3933 3906 214
f 5727 5647 5703
f 1822 1853 3046
f 4318 1907 440
f 2012 1635 1331
f 2642 2789 5596
f 4743 1907 4318
f 1268 2281 978
f 3158 1484 928
f 208 3035 2400
f 2642 608 2789
f 1513 1488 5679
f 5319 4194 1244
f 2978 867 819
f 5481 5475 5464
f 5292 4194 5319
f 1371 5525 5568
f 1371 154 5525
f 5647 4603 1807
f 3785 3231 3997
f 2993 867 2978
f 5206 4288 472
f 880 1692 1686
f 5780 4288 5206
f 5420 2223 5412
f 3704 3231 3785
f 273 5074 2927
f 1937 1957 882
f 1955 1947 1929
f 1950 1957 1937
f 3203 2223 5420
f 1281 820 1960
f 92 64 3976
f 1144 2410 2406
f 2712 2698 2682
f 92 3976 837
f 1908 135 1925
f 1925 135 162
f 5805 4890 4873
f 5805 4873 5536
f 5679 523 2942
f 5510 4104 5484
f 440 175 3063
f 633 1997 1944
f 2832 2022 238
f 547 161 14
f 547 14 500
f 3906 149 214
f 608 633 1944
f 2052 5214 2072
f 2072 5214 5179
f 3013 4953 5661
f 2363 1782 1978
f 5661 4953 4811
f 1509 12 122
f 4318 440 3063
f 4500 4484 4466
f 5805 5536 3365
f 2439 1130 2399
f 2739 1947 1955
f 1135 1130 2439
f 1699 735 849
f 2739 2772 1947
f 2748 1925 162
f 2073 283 261
f 1950 888 1957
f 2748 2737 1925
f 2073 261 2039
f 876 888 1950
f 3158 2283 1484
f 1727 2927 1756
f 2979 3646 4843
f 1896 4811 4953
f 5646 5808 5780
f 2365 3154 677
f 1896 4953 2236
f 2012 2032 2057
f 2012 2057 2022
f 1727 3113 2927
f 3976 64 4001
f 3203 2257 2239
f 1890 154 1371
f 5831 4890 5805
f 1890 10 154
f 2223 3203 2239
f 5703 1807 1831
f 3263 5670 2369
f 5647 1807 5703
f 3997 4036 3973
f 1964 1989 1751
f 104 2927 3113
f 3722 2072 5179
f 3997 3973 3785
f 3722 3706 2072
f 837 3976 4010
f 2073 2039 1626
f 837 4010 3591
f 5568 700 1371
f 967 1997 633
f 1371 700 526
f 3976 4001 4053
f 5805 3365 5831
f 3013 3147 4953
f 4087 4016 3099
f 3029 5670 3263
f 5831 3365 4282
f 3976 4053 4010
f 4041 4016 4087
f 1822 3046 3342
f 2877 4206 1433
f 2057 238 2022
f 2877 4449 4206
f 1371 526 1890
f 1997 1966 1944
f 230 238 2057
f 4005 3955 3990
f 1997 1985 1966
f 4005 3990 4067
f 2691 998 791
f 1890 526 510
f 244 283 2073
f 2691 321 998
f 4953 810 2236
f 3147 810 4953
f 122 12 148
f 4338 5531 4520
f 4120 3305 3343
f 4120 4081 3305
f 4452 4463 4395
f 4395 4463 4412
f 2177 4279 1916
f 1459 1433 4089
f 4279 4310 1916
f 1433 4206 4089
f 2073 1626 244
f 4005 4067 348
f 244 1626 2838
f 4338 5491 5531
f 819 791 4390
f 2389 2410 1123
f 2015 2104 1994
f 5129 4533 5191
f 2015 2007 2104
f 5191 4533 4564
f 4041 1928 4016
f 914 1106 1985
f 1938 1928 4041
f 5512 5489 4942
f 1607 3818 3796
f 4390 791 998
f 1986 1988 2014
f 1123 2410 1144
f 1997 914 1985
f 3342 3046 3339
f 1986 2014 2011
f 4146 4081 4120
f 4146 4113 4081
f 1926 1897 3955
f 4411 4638 5482
f 1926 3955 4005
f 597 5619 3492
f 2610 280 1299
f 3721 3692 5632
f 2805 5013 2177
f 3343 2937 4120
f 914 1997 967
f 2177 5013 4279
f 4120 2937 1495
f 4395 4412 4374
f 4374 4412 4353
f 4743 1931 1907
f 5191 4564 1812
f 4005 348 1926
f 2129 25 2143
f 1812 4564 3009
f 1926 348 2903
f 2143 25 28
f 2474 2500 2007
f 4412 3717 840
f 4463 3717 4412
f 2015 2474 2007
f 2622 280 2610
f 3721 5632 4692
f 2642 2959 2090
f 5793 401 1300
f 1683 2143 28
f 3288 401 5793
f 1835 1991 3381
f 1683 1930 2143
f 5349 405 5334
f 5334 405 66
f 1726 2860 2839
f 2340 2000 1979
f 2340 1979 2320
f 4120 1495 4146
f 4146 1495 551
f 2864 4503 2831
f 1281 3477 820
f 5851 109 3678
f 840 879 4353
f 840 4353 4412
f 3161 2387 5307
f 5349 345 405
f 2439 1180 1135
f 2178 2142 2152
f 5851 3531 109
f 2152 2142 2130
f 3503 1103 2017
f 2368 2277 1629
f 4741 4798 5083
f 1103 1083 2017
f 459 2695 5836
f 2695 1828 5836
f 2519 2000 2340
f 3288 3327 401
f 5843 2245 2656
f 1965 1969 2393
f 5307 2387 2315
f 2365 1784 3154
f 996 120 3489
f 3507 2535 2277
f 2392 643 2293
f 2392 965 643
f 1237 1801 5660
f 2535 1629 2277
f 691 2130 2142
f 5504 4411 5482
f 691 2142 713
f 5627 5637 3749
f 2109 2070 2082
f 2082 2070 2033
f 1592 2245 5843
f 3489 2348 996
f 2346 2167 2366
f 3667 675 3503
f 1811 2245 1592
f 996 2348 2436
f 3503 675 1103
f 1353 924 876
f 49 924 1353
f 2350 1398 2240
f 959 1237 5660
f 3454 3598 3632
f 3454 3364 3598
f 459 5836 3128
f 3349 3587 3374
f 459 3128 4812
f 1925 2092 1908
f 3374 3587 3235
f 3013 3429 3147
f 2278 2293 5571
f 2035 2292 2056
f 2178 87 2142
f 2056 2292 2309
f 5571 2293 643
f 2033 2070 143
f 2384 2339 3856
f 5484 4104 4071
f 5836 1575 3128
f 2384 3856 3832
f 2350 5385 1398
f 2124 2014 2050
f 713 2142 87
f 5358 3643 3761
f 149 3906 5313
f 713 87 3024
f 5627 3749 3794
f 2014 1988 2050
f 3349 3374 3401
f 2276 1462 3678
f 5843 1827 634
f 2847 2817 2109
f 3384 5424 3872
f 3349 3401 3477
f 2553 483 49
f 5843 634 1592
f 3419 3364 3454
f 570 5833 761
f 2109 2817 2070
f 1660 5833 570
f 5521 996 2436
f 483 924 49
f 3856 3810 3832
f 5521 3444 996
f 3911 3349 1305
f 1801 1914 2267
f 4206 4449 4223
f 2982 2056 2309
f 3838 3810 3856
f 1783 1798 3314
f 2982 2973 2056
f 3911 3587 3349
f 2196 2658 2640
f 2418 2000 2519
f 1761 1774 1803
f 2196 2640 2167
f 725 1761 1803
f 1237 1914 1801
f 735 1761 725
f 5843 2656 5419
f 4223 4449 4097
f 3632 3901 3454
f 2379 120 996
f 720 442 145
f 143 2070 2817
f 3454 3901 681
f 143 2817 4192
f 1547 4946 3832
f 3718 5696 5728
f 3832 4946 2384
f 2196 2167 2346
f 2281 145 442
f 4633 2464 2124
f 2281 442 2295
f 2124 2464 2014
f 2113 160 2076
f 570 1720 1660
f 581 1721 1820
f 2056 1075 2035
f 5358 3761 5437
f 1294 581 1820
f 2092 2113 2076
f 5410 2267 2252
f 1801 2267 5410
f 2178 114 87
f 4206 4223 4241
f 4206 4241 4089
f 1827 5419 4555
f 3833 3840 3331
f 135 2658 2196
f 2379 996 3462
f 3470 725 1803
f 5843 5419 1827
f 3462 996 3444
f 4573 5270 4554
f 2094 2124 2050
f 3833 3331 3378
f 5850 5596 3766
f 1281 1305 3477
f 2113 2092 1925
f 2112 2124 2094
f 1660 1880 5833
f 3477 1305 3349
f 3766 5596 2789
f 1393 5832 3818
f 2196 2346 135
f 135 2346 3259
f 3818 5832 3788
f 50 3454 681
f 2858 4441 160
f 917 935 2341
f 50 3480 3454
f 2858 160 2113
f 2450 2454 2850
f 2104 446 2107
f 442 2970 2295
f 3482 3461 3928
f 2104 2007 446
f 249 2970 442
f 2249 2276 3678
f 5330 2913 2029
f 1880 1660 2061
f 2979 4843 5478
f 1547 3832 3810
f 1660 1720 2061
f 1547 3810 2038
f 3419 3454 3480
f 2113 1925 2858
f 2112 4633 2124
f 1820 1721 2116
f 2858 1925 2737
f 3331 3427 3378
f 2116 1721 2304
f 4608 4633 2112
f 720 1168 442
f 3363 3427 3331
f 2959 5596 5558
f 4462 3900 3018
f 1366 2427 2364
f 1677 1710 4261
f 1366 2364 1075
f 590 3740 3715
f 52 3740 590
f 5182 3578 3378
f 4462 3018 1582
f 3578 3833 3378
f 3779 3818 3788
f 1998 5387 2008
f 4200 2007 2500
f 446 2007 4200
f 1721 766 5835
f 1 2383 5616
f 581 766 1721
f 3779 3796 3818
f 5401 3509 5382
f 5292 1610 4194
f 1366 1075 2056
f 5696 3697 1802
f 3029 3198 5670
f 4551 3892 3915
f 5696 1802 3681
f 2408 2400 3035
f 5382 3509 4834
f 4042 1610 5292
f 1017 5663 3834
f 442 1168 3208
f 3877 3386 3398
f 442 3208 249
f 5416 1805 3788
f 4298 2427 1366
f 3877 3398 3322
f 5416 3788 5832
f 3849 3877 3322
f 4551 3915 4631
f 904 52 1257
f 904 3740 52
f 4554 5270 5249
f 5664 4229 3898
f 4701 3808 3738
f 1017 5782 5663
f 1754 1599 3815
f 3619 1089 1062
f 5833 1880 5848
f 1017 5161 5782
f 1366 2056 4298
f 2918 4072 4050
f 4298 2056 2973
f 5182 3378 3427
f 590 157 873
f 1415 1373 1656
f 590 873 52
f 5336 2969 3973
f 5182 3427 3436
f 4847 946 203
f 5835 3670 2304
f 1721 5835 2304
f 1998 4965 5387
f 5664 1223 4229
f 2850 2477 2878
f 2707 4266 1742
f 3780 406 3706
f 3780 961 406
f 5664 2320 1223
f 2850 2878 1402
f 1526 1775 3752
f 1845 428 598
f 1513 5679 5715
f 3788 1805 3779
f 2450 2850 4878
f 1781 3161 5307
f 3779 1805 4648
f 2850 1402 4878
f 3398 3386 3460
f 2542 1603 215
f 3473 598 428
f 2542 1850 1603
f 3473 428 3488
f 3460 3386 5037
f 873 1257 52
f 1244 1257 873
f 2318 3883 1143
f 3549 3883 2318
f 3431 3593 3648
f 600 553 589
f 4261 1710 3049
f 4732 5663 4458
f 3593 3619 3648
f 3752 1775 5514
f 2261 2291 2249
f 3752 5514 4875
f 5663 5782 4458
f 961 948 4202
f 4198 4229 4182
f 2408 3035 3525
f 3780 948 961
f 589 553 546
f 2318 3206 3549
f 4229 1223 4182
f 1850 1047 5053
f 2318 3472 3206
f 2542 1047 1850
f 3619 3593 1089
f 1998 703 4965
f 313 4360 3452
f 2328 3558 3570
f 2993 4690 867
f 3915 2984 4631
f 428 3692 3488
f 1402 1279 5534
f 2328 3570 3479
f 1137 3616 1070
f 5632 3692 428
f 774 807 820
f 1137 3590 3616
f 3834 5663 4870
f 2705 2193 2212
f 2141 2177 1916
f 2705 2212 2719
f 2163 2177 2141
f 2040 1603 2288
f 2288 1603 1850
f 2190 1344 3765
f 3898 4229 5769
f 4746 3170 3431
f 3431 3170 3593
f 313 4312 4360
f 4011 2190 3765
f 5068 1402 5534
f 5068 4878 1402
f 455 203 3666
f 4102 2150 4308
f 313 375 4312
f 4102 2170 2150
f 1751 1989 2144
f 1089 3593 3170
f 455 4293 203
f 4169 5736 1329
f 1089 3170 1535
f 3549 3587 3883
f 5736 4169 4156
f 5686 5736 4156
f 2212 4578 2719
f 5280 5257 5292
f 3590 1471 4954
f 4847 203 4293
f 4510 4578 2212
f 1137 1471 3590
f 5053 2288 1850
f 867 4690 3757
f 5053 5159 2288
f 3570 3558 3598
f 2805 2163 2839
f 2805 2177 2163
f 2301 4666 4697
f 2314 4666 2301
f 3598 3558 3632
f 3331 1562 3363
f 3549 3235 3587
f 5769 4198 5756
f 5769 4229 4198
f 3897 4293 455
f 2170 1315 2849
f 3765 1344 3755
f 4102 1315 2170
f 3549 3206 3235
f 3755 1344 1323
f 4396 4360 4408
f 4408 4360 4312
f 4870 4732 5852
f 5280 2622 3664
f 1656 4119 1415
f 2181 2150 2202
f 5280 280 2622
f 2202 2150 2170
f 4705 1476 2314
f 4870 5663 4732
f 3558 1156 3889
f 2328 1156 3558
f 1476 4666 2314
f 5527 2401 5636
f 2090 2959 2978
f 2249 2291 2276
f 4388 4293 3897
f 4156 4169 4134
f 4847 4293 4388
f 4665 3305 4081
f 3749 3812 3794
f 4134 4169 5810
f 5680 1564 30
f 3889 3901 3632
f 5852 2427 4298
f 5636 2401 2373
f 2709 2633 4750
f 3783 3812 3749
f 2849 2202 2170
f 2849 2831 2202
f 1123 1144 937
f 937 1144 1108
f 3558 3889 3632
f 4691 4081 4113
f 1330 3816 953
f 4665 4081 4691
f 1415 4119 4095
f 3883 3587 3911
f 1564 5680 5786
f 2273 2293 2278
f 3808 4701 4683
f 5323 953 3816
f 2273 2278 2256
f 5323 3816 5343
f 5598 1564 5786
f 4750 2384 4946
f 2252 2267 2689
f 5498 5437 5812
f 3808 4683 879
f 4150 5270 4217
f 4750 2633 2384
f 5786 5680 1393
f 1393 5680 5832
f 5548 5563 2521
f 5548 2521 2648
f 1135 1154 947
f 2273 2256 2524
f 5680 30 5200
f 5213 4495 5487
f 2648 2521 2269
f 5587 5605 2350
f 4489 4495 5213
f 2648 2269 5692
f 3816 23 5343
f 2763 1847 1877
f 204 23 3816
f 2763 2756 1847
f 5832 5200 5416
f 2398 2375 2420
f 1958 4077 3487
f 5680 5200 5832
f 1840 2441 2734
f 4150 5249 5270
f 2689 2267 1914
f 2689 1914 3713
f 1840 3422 2441
f 329 4444 4488
f 2229 2293 2273
f 3946 4917 4892
f 329 308 4444
f 2725 4776 5284
f 2273 2524 2229
f 3471 3616 3406
f 2398 2420 1213
f 2229 2524 1071
f 3406 3616 3590
f 1213 2420 1431
f 2725 5284 5393
f 5314 5274 314
f 314 5274 4876
f 2795 2756 2763
f 2795 2792 2756
f 1110 450 734
f 3178 450 1110
f 3897 455 3208
f 3047 4516 4527
f 827 4029 3143
f 2734 2441 2802
f 3957 3172 3940
f 3940 3172 2939
f 316 308 329
f 4210 5494 3511
f 4954 3406 3590
f 4210 3511 3451
f 4954 4915 3406
f 2431 2939 3172
f 2431 3172 3571
f 2010 1977 1952
f 5166 3047 4527
f 827 4431 4029
f 1977 1958 1952
f 2806 2734 2802
f 3748 604 896
f 5183 3535 5225
f 3245 3535 5183
f 2392 2293 2229
f 4021 2759 1501
f 4892 4903 4921
f 1958 1977 4077
f 4021 1501 3851
f 4892 4917 4903
f 2892 2205 2195
f 4488 4830 329
f 604 3748 3756
f 329 4830 5232
f 1571 2001 3478
f 4421 604 3756
f 3957 4405 3172
f 5492 5811 5432
f 3401 1258 774
f 5432 5811 5614
f 2798 2820 406
f 2751 2766 1360
f 1787 2934 2911
f 1787 2911 1763
f 3571 3172 4405
f 3571 4405 4926
f 2406 2428 4726
f 1335 1372 2010
f 3401 2566 1258
f 1360 2766 558
f 2010 1372 1977
f 2195 1794 1711
f 2205 1794 2195
f 5432 5614 2265
f 5614 2296 2265
f 2968 1758 2306
f 3419 781 1786
f 2417 2412 2385
f 4077 1977 1372
f 2956 3582 4668
f 3419 1786 2551
f 4077 1372 5781
f 3245 3499 3535
f 3910 139 5285
f 3815 1599 158
f 3143 4074 3183
f 3143 4029 4074
f 546 553 537
f 71 2435 1871
f 5245 329 5232
f 5245 338 329
f 2205 2983 1794
f 230 2385 2412
f 3067 2983 2205
f 230 2412 256
f 4851 4776 2725
f 4681 5225 3535
f 4516 4019 4970
f 1501 3834 3851
f 2977 2934 1787
f 2019 3357 3728
f 2019 3728 2001
f 1135 1180 1154
f 4681 3535 3854
f 4215 2704 3794
f 3047 4019 4516
f 1017 3834 1501
f 3756 3748 3787
f 3815 158 5574
f 2265 15 5432
f 3787 3748 3774
f 2704 5627 3794
f 5455 5387 5582
f 3566 5230 1470
f 316 329 338
f 2644 2629 1704
f 203 1360 558
f 3748 896 3213
f 5812 1396 5498
f 3678 1462 5851
f 203 946 1360
f 202 2437 182
f 2019 2001 1571
f 182 2437 2469
f 774 902 807
f 5387 4965 5582
f 774 1258 902
f 1501 5161 1017
f 1526 3752 3542
f 5230 3566 3621
f 2684 3177 2904
f 2412 874 256
f 1786 781 1642
f 4435 874 2412
f 3800 5715 2953
f 4970 5003 4571
f 1642 781 877
f 5189 5230 3621
f 4516 4970 4571
f 3978 3858 558
f 3978 558 2766
f 1325 3357 2019
f 575 1786 1642
f 2186 2187 2168
f 2417 2446 2412
f 1804 3422 1840
f 168 3542 3752
f 202 1450 2437
f 2465 5554 5538
f 3854 3535 3699
f 168 3752 193
f 3854 3699 5761
f 2465 5538 2435
f 2340 2320 5629
f 2325 1856 1825
f 2894 2903 348
f 2335 1856 2325
f 2881 2351 2330
f 3774 3213 3241
f 5139 2019 1571
f 2894 348 379
f 5139 1325 2019
f 3748 3213 3774
f 4237 3608 3891
f 353 2905 2947
f 5498 1396 1688
f 3891 3608 3533
f 1725 1766 527
f 2465 2435 71
f 1841 2330 2351
f 4097 284 4586
f 3535 3499 3699
f 4097 4586 4223
f 1841 2351 1867
f 2515 2548 2624
f 2537 2548 2515
f 1915 2929 2334
f 3621 3566 4153
f 2412 2446 4519
f 4674 4690 2993
f 1898 1915 2334
f 2412 4519 4435
f 4519 3533 3608
f 4153 3566 3863
f 2340 5629 2519
f 4519 3608 4543
f 2519 5629 2774
f 348 399 379
f 4533 5554 2465
f 558 3858 203
f 1276 3351 2335
f 366 399 348
f 5191 4534 4165
f 3752 578 193
f 203 3858 3666
f 4676 4278 4674
f 5191 4165 5129
f 3723 3327 379
f 3351 1856 2335
f 4875 578 3752
f 4250 4278 4676
f 379 3327 2894
f 1206 2947 359
f 2532 2658 2591
f 2640 2658 2532
f 2008 5387 2595
f 2465 71 4533
f 4533 71 868
f 5851 1462 1437
f 1206 387 2947
f 4358 4429 3224
f 4586 4241 4223
f 2325 2345 1980
f 4237 1868 3608
f 1811 2262 2245
f 4625 4241 4586
f 2335 2325 1980
f 4855 4668 4646
f 2351 2740 1867
f 4855 4340 4668
f 2126 2740 2351
f 2033 2537 2082
f 2033 2548 2537
f 3461 4090 3928
f 1214 1735 1200
f 413 4756 4770
f 2656 2245 2262
f 5292 5257 4006
f 2728 2929 1915
f 4554 5249 4808
f 1200 1735 1695
f 2656 2262 2673
f 3608 1829 4543
f 1868 1829 3608
f 481 4928 1556
f 2706 1848 1828
f 1901 1991 1973
f 2706 1828 2695
f 353 2947 387
f 1901 1973 1883
f 4586 1029 4625
f 5292 4006 4042
f 481 3943 4928
f 1812 4534 5191
f 3293 4572 3352
f 4676 4674 2993
f 1908 2092 2591
f 3699 2637 5761
f 1908 2591 2658
f 4534 54 56
f 4534 56 4165
f 4538 4572 3293
f 4250 4637 4278
f 4808 5249 3993
f 2882 413 4770
f 4409 4637 4250
f 1276 2335 1980
f 3899 4928 3943
f 3723 379 399
f 3723 399 1197
f 2876 2882 4770
f 1280 1276 1980
f 2591 2562 2532
f 4879 4928 3899
f 4665 646 3305
f 2591 2579 2562
f 403 387 1206
f 4929 5170 5006
f 4929 5006 4560
f 3699 2662 2637
f 4731 4340 4855
f 2536 2064 5341
f 3699 3499 2662
f 2536 5753 2064
f 1128 1143 3883
f 2750 5484 4071
f 2262 580 2673
f 1044 580 2262
f 2750 3506 5484
f 600 1814 553
f 1128 3883 4747
f 4929 4560 4056
f 4215 3794 3812
f 4250 5581 4409
f 4153 3863 2625
f 4615 646 4665
f 3035 122 3525
f 4215 3812 4238
f 568 1848 2706
f 779 3119 3643
f 3381 1991 1901
f 2625 3863 5425
f 4237 2225 1868
f 2092 2579 2591
f 774 820 3401
f 2092 2076 2579
f 328 646 4615
f 3964 3943 481
f 1603 5170 4929
f 2044 3318 5355
f 2666 1384 54
f 3889 1156 3671
f 2666 54 4534
f 4683 4701 4668
f 4668 4701 4646
f 387 403 417
f 353 387 417
f 5706 834 3107
f 4646 4322 4855
f 2714 1415 4095
f 4855 4322 2621
f 2244 4374 4353
f 3844 3834 4870
f 3844 4870 5384
f 925 122 3035
f 4929 4056 1603
f 2620 2637 2611
f 1603 4056 215
f 2611 2637 2662
f 779 3643 5358
f 2666 4534 1812
f 148 12 5010
f 4573 3168 5270
f 4665 4691 4709
f 3883 4713 4747
f 2307 2826 2270
f 5408 2625 5425
f 2826 2810 2270
f 4615 4665 4709
f 3911 4713 3883
f 2393 2405 2784
f 5408 2608 2625
f 4870 4298 5384
f 3318 4612 5355
f 4538 4561 4572
f 5052 5399 5167
f 5052 5167 4899
f 5852 4298 4870
f 302 2565 2539
f 3401 820 3477
f 4855 2621 4935
f 2064 5753 5821
f 5278 3792 4255
f 351 3051 1751
f 4935 2621 2598
f 5278 4717 3792
f 976 4831 3274
f 5527 1937 2401
f 4970 3792 4717
f 3932 3943 3964
f 976 5352 4831
f 2714 315 1415
f 3511 2539 2565
f 5052 4899 5357
f 5606 2741 4190
f 3511 2565 3481
f 1253 3741 2307
f 4731 4855 4935
f 3899 3943 3932
f 4247 1955 4556
f 4247 2739 1955
f 2307 3741 2826
f 4745 4717 5278
f 1148 5143 466
f 466 5143 4273
f 1667 3205 3507
f 2040 5170 1603
f 2784 2405 4140
f 5003 4717 4745
f 2031 2064 5821
f 1285 5399 5052
f 2784 4140 3551
f 3390 3404 3482
f 1204 3040 2686
f 4970 4717 5003
f 3482 3404 3450
f 1847 1793 1877
f 5446 5466 5484
f 1766 3352 4572
f 5492 1667 5811
f 4127 460 472
f 3582 2956 2501
f 4127 472 4288
f 5492 3205 1667
f 2281 2307 2270
f 5052 5357 1285
f 1817 1793 1847
f 1766 4572 4178
f 353 417 3099
f 1285 5357 3508
f 2295 2307 2281
f 2565 4295 3481
f 3560 2793 2428
f 4016 353 3099
f 884 4295 2565
f 4531 4556 3467
f 3467 4556 1955
f 1148 466 479
f 1148 479 1216
f 4745 5278 5514
f 5407 5386 5845
f 2644 1704 562
f 553 5820 537
f 5845 5386 5787
f 348 4067 366
f 2911 2896 5009
f 2911 5009 1411
f 3435 3482 3450
f 562 1704 2721
f 1814 5820 553
f 3435 3461 3482
f 3030 1200 1695
f 1175 2995 1153
f 1725 527 1175
f 2873 2292 2803
f 2418 2519 2448
f 2873 2309 2292
f 472 460 493
f 2448 2519 2544
f 2483 2498 2464
f 2548 2178 2624
f 3467 1955 1929
f 493 460 515
f 2489 2500 2474
f 2178 2152 2624
f 1153 2995 2967
f 5840 5753 2536
f 1253 2295 2970
f 2802 1023 1941
f 4113 3500 4781
f 1253 2307 2295
f 1928 2905 4016
f 4691 4113 4781
f 4184 4509 3450
f 4016 2905 353
f 5009 1383 1411
f 4489 2489 2474
f 5844 5399 1285
f 5669 5764 5303
f 4886 1383 5009
f 5669 5303 5197
f 3404 4184 3450
f 460 5212 1192
f 4127 5212 460
f 5527 5781 5288
f 4781 3500 4817
f 2443 2476 2458
f 1192 1212 515
f 5687 5845 5787
f 2443 2458 2414
f 5687 5477 5845
f 4817 3500 3526
f 1192 515 460
f 3450 4509 3435
f 317 2448 2544
f 3435 4509 4492
f 317 4100 2448
f 2309 3784 2982
f 2033 114 2548
f 2873 3784 2309
f 4029 4431 4043
f 2548 114 2178
f 4431 4465 4043
f 5527 5636 5781
f 2443 2414 5738
f 5267 4831 5352
f 2834 3582 2501
f 4843 4261 3049
f 2483 4967 2498
f 1936 1392 1375
f 3461 3880 4090
f 4956 4967 2483
f 4843 4472 4261
f 4590 2476 2443
f 3022 685 5384
f 5384 685 3844
f 1589 3326 1161
f 2489 5213 4997
f 1589 1161 5084
f 4029 4043 4084
f 3428 5320 166
f 4489 5213 2489
f 4029 4084 4074
f 1214 2933 1735
f 366 524 399
f 2443 5738 4590
f 2509 1641 2492
f 3666 3677 455
f 5174 2066 342
f 4590 5738 3684
f 2492 1641 1625
f 455 3677 1643
f 1908 2658 135
f 5174 4103 2066
f 2530 2500 2489
f 415 4248 5099
f 2722 5320 3428
f 1772 5320 2722
f 1161 2477 5084
f 2509 2141 1641
f 2649 2628 2681
f 2649 2635 2628
f 2428 2793 4726
f 1149 2477 1161
f 2269 968 5692
f 4997 2530 2489
f 4997 4991 2530
f 3596 968 2269
f 4630 2476 4590
f 3946 4940 3999
f 4892 4940 3946
f 233 4023 3995
f 399 111 1197
f 4260 2066 4103
f 1057 1373 1415
f 1175 527 2995
f 552 111 399
f 4687 2672 4718
f 4701 3738 4332
f 2095 2509 2098
f 2509 2482 2098
f 2509 2492 2482
f 3094 613 3086
f 3022 5384 4298
f 1920 2122 2681
f 4266 2739 4247
f 1678 2106 2487
f 2681 2122 2649
f 3022 4298 2973
f 2319 1389 2186
f 399 524 552
f 1661 1678 2487
f 4127 4103 5174
f 2563 2597 2618
f 3596 3510 968
f 2577 2597 2563
f 2595 5455 2586
f 4854 615 67
f 3428 3404 3390
f 3030 3036 1200
f 417 403 566
f 2649 2122 5791
f 2595 5387 5455
f 615 233 67
f 4132 2254 461
f 4892 4921 4940
f 5099 4273 5143
f 2454 4878 5084
f 566 403 557
f 2722 3428 3390
f 4056 4560 4044
f 2261 3657 2291
f 5099 4248 4273
f 1606 2067 2095
f 4878 2454 2450
f 249 455 1643
f 2095 2067 2509
f 233 615 4023
f 2693 5659 5641
f 2693 5641 2672
f 249 3208 455
f 2850 2454 2477
f 2454 5084 2477
f 827 3194 878
f 3143 3194 827
f 2512 2549 2497
f 1656 1373 2618
f 2536 2549 2512
f 4115 3999 4940
f 4132 3842 2254
f 1656 2618 2597
f 243 270 258
f 962 5498 1688
f 2373 2401 4952
f 4115 4940 4958
f 1526 3542 4854
f 1804 1840 127
f 2554 2595 2586
f 2509 2067 2141
f 4854 3542 615
f 4288 4103 4127
f 2554 2586 2529
f 766 742 4326
f 66 3 1116
f 2693 2672 4687
f 2181 1613 2106
f 5821 5753 3532
f 552 569 111
f 2181 2106 1678
f 1509 2609 12
f 2789 2395 3766
f 2789 2411 2395
f 3428 166 4214
f 486 1116 3
f 4260 4103 4288
f 3987 1389 2319
f 5344 842 2378
f 486 3 507
f 1656 2597 4119
f 745 742 766
f 5344 4899 842
f 645 2992 1643
f 3677 645 1643
f 552 541 569
f 2559 2519 2774
f 552 524 541
f 2559 2544 2519
f 4023 615 3542
f 4023 3542 168
f 3143 3183 3194
f 1870 5659 2693
f 4970 4019 3792
f 566 557 587
f 2536 5324 2549
f 5341 5324 2536
f 4952 2401 1937
f 587 557 4794
f 3404 4214 4184
f 4952 1937 882
f 2216 878 3194
f 3428 4214 3404
f 2216 3194 4291
f 4940 5159 4958
f 5558 5850 5581
f 3908 2595 2554
f 5558 5596 5850
f 4988 5159 4940
f 119 1736 1445
f 1253 3770 3741
f 2693 4687 1870
f 870 1248 1529
f 608 2411 2789
f 1870 4687 4925
f 608 1944 2411
f 870 596 1248
f 3 1845 507
f 4127 5174 5212
f 3001 1348 1539
f 354 1845 3
f 2544 339 317
f 2559 339 2544
f 5615 896 5434
f 4940 4921 4988
f 5615 3213 896
f 1643 2992 249
f 4447 1248 596
f 2426 2395 2452
f 66 405 3
f 2452 2395 2411
f 249 2992 2970
f 819 2090 2978
f 819 4390 2090
f 3194 4267 4291
f 2992 1604 2970
f 2970 1604 1253
f 3232 4267 3194
f 2718 2889 2863
f 814 4431 827
f 5399 239 5167
f 3241 3213 5615
f 896 596 870
f 896 604 596
f 5399 682 239
f 3704 3201 3231
f 3194 3183 3232
f 2452 2411 1966
f 1966 2411 1944
f 148 5010 5260
f 1253 1604 3770
f 4421 596 604
f 4447 596 4421
f 4335 803 5817
f 3 405 345
f 3798 3002 2982
f 3798 2982 3784
f 3 345 354
f 3950 4356 2391
f 2391 4356 3727
f 3977 5119 2214
f 962 821 5498
f 2609 3093 252
f 4011 2214 2190
f 2452 5190 5406
f 3977 2214 4011
f 3107 1645 1595
f 3914 2391 3727
f 3914 2367 2391
f 486 499 1799
f 2938 1645 3107
f 2992 572 1604
f 2647 2260 1712
f 5844 4337 682
f 5817 782 1007
f 5817 803 782
f 5399 5844 682
f 970 2735 489
f 2044 5355 5342
f 5446 5484 3452
f 489 2735 2718
f 1799 499 1768
f 776 2391 2367
f 3770 1604 572
f 3770 572 5762
f 3272 2692 5592
f 3272 5592 5556
f 994 5820 1814
f 994 1814 1474
f 2718 2735 2889
f 2261 2242 2356
f 2907 3431 3648
f 4616 1995 424
f 1483 653 1800
f 2890 3431 2907
f 5826 3002 3798
f 2941 1245 2721
f 2008 2595 3908
f 4637 2602 4278
f 5592 5537 5556
f 4278 2602 2614
f 5569 5537 5592
f 2923 2941 2721
f 3406 2856 3471
f 2818 4248 415
f 1082 1420 5556
f 660 1469 1441
f 4465 1553 3324
f 970 2502 2735
f 4465 3324 4043
f 1177 1714 2360
f 1485 1714 1177
f 4278 2614 4674
f 4674 2614 4316
f 4260 2833 2066
f 3532 5753 5840
f 4587 2254 3842
f 1420 3272 5556
f 4588 424 438
f 2621 4322 4321
f 2889 2735 2502
f 4746 2890 669
f 2889 2502 2155
f 4746 3431 2890
f 1483 1101 653
f 2105 4740 1245
f 806 423 1358
f 1483 1707 1101
f 2105 1245 2941
f 2522 4473 4433
f 4616 424 4588
f 5218 423 806
f 2818 4211 4248
f 2818 2765 4211
f 2991 3093 2609
f 2907 2875 2851
f 3489 120 2360
f 2907 2851 2890
f 3489 2360 1714
f 2837 3830 2871
f 3410 1445 5566
f 3410 3344 1445
f 3372 2254 4587
f 1936 5553 5545
f 2856 2837 2871
f 243 257 270
f 2777 2770 2747
f 2845 1936 5545
f 4273 4248 4282
f 4282 4248 4211
f 664 653 671
f 3489 1714 2348
f 671 653 1101
f 5114 2522 4433
f 4840 2173 4839
f 5114 4812 2522
f 1358 1341 3317
f 3324 4084 4043
f 2747 2914 159
f 2110 2173 4840
f 2837 2856 3406
f 2770 2914 2747
f 2607 2478 3012
f 1358 3317 806
f 2921 2791 2893
f 3368 4084 3324
f 1082 5556 5537
f 1082 5537 912
f 3283 1441 5238
f 3283 674 1441
f 2851 669 2890
f 662 669 2851
f 3324 2828 3368
f 673 409 3830
f 1800 653 1601
f 673 3830 2837
f 3393 3344 3410
f 4332 4322 4646
f 2121 159 254
f 2110 3521 2173
f 5545 5553 5518
f 2691 3521 2110
f 5227 5237 4897
f 5518 5553 5530
f 660 1441 674
f 364 2770 2645
f 2837 3406 673
f 364 2914 2770
f 673 3406 4915
f 5566 4421 3410
f 3410 4421 3756
f 4839 3070 4536
f 278 254 277
f 2741 2712 4190
f 2173 3070 4839
f 3255 674 3283
f 2777 2800 2770
f 5177 4947 4689
f 2607 3594 2478
f 2607 2588 2926
f 2926 2588 5633
f 3255 692 674
f 1601 664 1581
f 4701 4332 4646
f 5358 5437 5498
f 1601 653 664
f 3861 3842 4132
f 5177 5093 4947
f 1057 1415 561
f 2252 2689 2671
f 4816 4827 3234
f 561 1415 315
f 3234 4827 2804
f 5227 4897 4297
f 144 5244 3298
f 2800 2645 2770
f 2655 2645 2800
f 144 3298 2915
f 2863 2900 1044
f 2889 2900 2863
f 665 674 692
f 2524 2256 2558
f 2926 5633 5476
f 660 674 665
f 5476 5633 5322
f 2910 2923 2879
f 2373 2991 5636
f 2631 2671 2689
f 3787 3410 3756
f 5480 1142 2253
f 2631 2689 2599
f 3033 5465 5326
f 3787 3459 3410
f 5238 5243 3283
f 65 107 2258
f 2261 2249 2242
f 2879 568 2910
f 3283 5243 3303
f 2910 568 543
f 2258 107 3564
f 2173 3565 3070
f 3521 3565 2173
f 3393 3410 3459
f 5480 2253 2137
f 3842 3861 3873
f 3234 2804 3717
f 3717 2804 3466
f 3298 2888 2915
f 4297 4897 3397
f 2373 3093 2991
f 2889 2139 2900
f 3984 5525 154
f 2155 2139 2889
f 3267 2888 3298
f 4587 3842 3873
f 2501 2956 931
f 2733 2647 2630
f 3283 3303 3255
f 2689 1063 2599
f 2749 2647 2733
f 3255 3303 3246
f 3713 1063 2689
f 2241 2258 3564
f 2653 2736 2636
f 2653 2754 2736
f 2241 2243 2258
f 3298 1581 3267
f 2044 5342 1647
f 2393 2784 2767
f 5038 4438 5085
f 2147 4480 2137
f 2123 4328 2660
f 4037 2258 2243
f 270 2910 543
f 4416 4438 5038
f 270 2138 2910
f 4008 154 10
f 4418 5101 1034
f 3984 154 4008
f 5457 725 3470
f 2941 2923 2910
f 2732 5704 2694
f 3303 90 2906
f 5704 5683 2694
f 2688 5627 2704
f 619 2260 2749
f 5243 90 3303
f 3566 1470 5110
f 2260 2647 2749
f 2139 254 268
f 5038 4370 4416
f 5038 4520 4370
f 4378 5101 4418
f 4638 5101 4378
f 2241 3564 3544
f 4416 4445 4438
f 4555 5419 2209
f 2121 254 2139
f 2754 2266 631
f 2656 2683 1730
f 2653 2266 2754
f 2673 2683 2656
f 5757 459 4812
f 2906 2881 3246
f 2137 4480 5480
f 2687 2695 2667
f 5114 5757 4812
f 2941 2910 2105
f 5358 5498 779
f 2105 2910 2138
f 2733 2760 2782
f 779 5498 821
f 2609 3487 4077
f 3543 3647 2732
f 2733 2782 2749
f 1947 1147 3928
f 2003 1469 660
f 2732 3647 5704
f 2769 2736 2786
f 3863 5110 5813
f 2786 2736 2754
f 3303 2906 3246
f 1611 1469 2003
f 2667 5729 2687
f 2687 5729 5748
f 3566 5110 3863
f 3540 3828 2136
f 2738 3130 3178
f 2772 1147 1947
f 2609 4077 2991
f 2755 3130 2738
f 2705 2732 2694
f 2209 5419 2656
f 4820 5126 2222
f 2209 2656 1730
f 2719 2732 2705
f 605 2673 580
f 4416 4399 4445
f 605 2683 2673
f 278 268 254
f 561 4177 1057
f 2667 2695 459
f 2667 459 5757
f 4820 2222 2086
f 4416 4370 4399
f 3131 3878 3114
f 4418 4446 4457
f 2782 622 2749
f 4418 4457 4378
f 5480 3112 1142
f 613 622 2782
f 3131 4347 3878
f 5119 5128 2214
f 2893 180 2921
f 3861 4132 4110
f 2921 180 201
f 2214 5128 2176
f 631 2786 2754
f 4077 5636 2991
f 2667 5757 5729
f 660 665 749
f 5738 2414 5725
f 631 616 2786
f 2003 660 749
f 3674 3176 3663
f 3133 3238 2819
f 3033 5312 2793
f 931 2956 1585
f 3928 4090 1947
f 842 4899 832
f 3202 2687 5748
f 3202 603 2687
f 619 2749 622
f 2120 4756 413
f 3543 2719 4578
f 1929 1947 4480
f 832 4899 5167
f 3133 4063 3238
f 2222 2060 2086
f 2583 3216 2755
f 3543 2732 2719
f 1947 4090 4480
f 2203 2060 2222
f 3133 4764 4063
f 2222 4427 2203
f 3216 3130 2755
f 2706 2695 2687
f 2319 4264 3987
f 5781 5636 4077
f 5010 12 2609
f 3646 4472 4843
f 2456 1115 3915
f 2829 2801 3620
f 2140 4627 4605
f 2829 2815 2801
f 4468 4818 5124
f 2161 2214 2176
f 5439 1788 2333
f 2161 2190 2214
f 4818 4468 4830
f 5171 2079 2176
f 5171 2176 5128
f 1788 1533 2333
f 4824 4756 2120
f 2738 2767 2784
f 2140 4605 1437
f 2738 2784 2755
f 3217 3238 3204
f 3204 3238 4063
f 3195 3089 2751
f 5480 4480 3112
f 2973 3002 3022
f 2819 3238 5173
f 738 717 761
f 2982 3002 2973
f 2409 5606 4190
f 2176 2079 2161
f 2776 2737 2748
f 2161 2079 576
f 5010 2609 252
f 3165 2559 2774
f 2776 2768 2737
f 3033 5326 5312
f 5761 2637 1983
f 2706 2687 568
f 3149 3165 2774
f 568 2687 603
f 3227 3089 3195
f 3121 3089 3227
f 1460 1480 814
f 5813 1228 5425
f 5813 5425 3863
f 2319 1221 4264
f 2815 5354 5314
f 1460 814 844
f 2829 5354 2815
f 3646 3662 4472
f 5173 3217 5161
f 2784 2583 2755
f 655 685 3022
f 3551 2583 2784
f 655 3022 3002
f 2684 2904 5439
f 5439 2904 1788
f 5258 3088 5342
f 4152 5633 3294
f 5173 3238 3217
f 2426 5406 4347
f 4152 5322 5633
f 2992 645 572
f 5339 5352 976
f 2452 5406 2426
f 2327 2353 2308
f 814 878 844
f 827 878 814
f 3247 339 2559
f 3803 3829 2768
f 3247 2559 3165
f 3195 3180 3169
f 3227 3195 3169
f 2776 3803 2768
f 1983 2620 1770
f 1983 2637 2620
f 3452 5484 3506
f 2199 1858 844
f 750 738 761
f 655 3002 5826
f 3112 4480 4090
f 3131 2426 4347
f 1858 1460 844
f 3803 2776 5340
f 5425 1228 5408
f 3020 2987 2961
f 5408 1228 5294
f 2987 2966 2961
f 240 3787 2002
f 1529 1512 870
f 2860 2824 2839
f 111 5168 5117
f 2839 2824 2805
f 870 1512 852
f 2365 2378 1784
f 1784 2378 842
f 5091 5168 111
f 2966 2987 2573
f 571 2868 787
f 787 2868 2847
f 1338 2874 2849
f 1335 2010 2298
f 1338 2849 1315
f 5804 3011 5542
f 1335 2298 4810
f 245 2002 2045
f 240 2002 245
f 2805 2824 4966
f 2199 844 878
f 2199 878 2216
f 1720 1039 5117
f 1039 1203 5117
f 3020 1890 2987
f 1136 5583 4213
f 1057 4151 1373
f 1824 3313 1659
f 1057 4177 4151
f 1173 1294 5134
f 2860 2912 2824
f 2690 4759 3153
f 5134 1294 1820
f 2987 510 2573
f 1890 510 2987
f 2892 2919 2205
f 2690 3153 2842
f 870 852 896
f 896 852 5434
f 102 1173 5134
f 2896 2934 2957
f 2911 2934 2896
f 2823 3348 1817
f 1515 2874 1338
f 3027 4793 4779
f 2298 2010 26
f 4966 2824 2912
f 3027 4779 3011
f 26 2010 1952
f 2847 2835 2817
f 4966 2912 1385
f 2102 5061 2086
f 3106 4754 5445
f 2086 5061 4820
f 4539 2313 3391
f 4598 903 812
f 3106 3140 4754
f 4539 3391 4526
f 2874 2831 2849
f 2116 5134 1820
f 2874 2864 2831
f 2116 5158 5134
f 4213 4356 3950
f 2205 2919 1841
f 1136 4213 3950
f 2205 1841 3067
f 1720 5117 5168
f 903 4598 910
f 1720 5168 2061
f 1862 1898 2957
f 3153 2819 2842
f 4598 4996 910
f 3133 2819 3153
f 3027 3011 5804
f 1862 2957 2934
f 2817 2761 4192
f 2835 2761 2817
f 76 2995 527
f 4963 5552 2924
f 3800 3540 5816
f 76 527 5005
f 5106 5134 5158
f 102 5134 5106
f 3800 3828 3540
f 2102 2086 2060
f 4996 4963 2924
f 3153 4764 3133
f 2102 2060 586
f 1862 2934 2977
f 5351 3208 1168
f 14 4793 3027
f 3897 3208 5351
f 3121 3140 3106
f 3020 10 1890
f 903 910 935
f 903 935 917
f 3391 5334 4526
f 2860 2538 2912
f 5323 5334 3391
f 842 832 812
f 2945 2922 2932
f 2463 3919 2864
f 2662 3499 2053
f 5776 5801 1553
f 3499 534 2053
f 2874 2463 2864
f 5776 5789 5801
f 3027 5804 14
f 1513 5715 5816
f 2835 3791 2761
f 14 5804 500
f 5445 2654 3106
f 3729 3791 2835
f 5816 5715 3800
f 5210 5370 5552
f 5210 5552 4963
f 3106 2654 2771
f 2041 5750 4153
f 2463 2874 1515
f 812 903 3062
f 2847 2868 2835
f 1932 2964 4408
f 1168 720 5338
f 842 812 1784
f 3348 1793 1817
f 5552 5795 2924
f 2235 2250 3917
f 5552 5594 5795
f 185 2938 540
f 3612 2964 1932
f 5305 5750 2041
f 4677 4655 963
f 2886 4441 2858
f 525 5750 5305
f 2881 2906 2351
f 5351 1168 5338
f 963 4655 2488
f 5789 4560 5006
f 3047 3985 4019
f 5776 4560 5789
f 1539 1027 3626
f 3001 1539 3626
f 2929 2888 2334
f 2932 2922 2713
f 2929 2915 2888
f 3612 1932 3629
f 2858 2737 2886
f 3062 917 3050
f 185 1645 2938
f 2886 2737 2768
f 2235 3917 3949
f 3062 903 917
f 2662 2053 2029
f 2751 3106 2771
f 2662 2029 2611
f 2751 3089 3106
f 5229 5260 3916
f 3612 3646 2964
f 148 5260 5229
f 2940 963 2488
f 5370 4114 5594
f 2940 989 963
f 4605 4627 4591
f 2351 2906 90
f 5552 5370 5594
f 1902 220 485
f 4591 4627 4570
f 3121 3106 3089
f 2351 90 2126
f 5184 3058 5166
f 3826 3108 3072
f 2835 2868 3764
f 5166 3058 3047
f 3108 3137 3072
f 2835 3764 3729
f 98 144 2915
f 2041 2025 2018
f 2041 2018 5305
f 3082 2813 2169
f 2929 98 2915
f 3612 3629 3662
f 3471 3775 3616
f 3082 2169 2383
f 3612 3662 3646
f 2832 2862 3109
f 3626 1027 3713
f 3073 3105 3083
f 3713 1027 1063
f 3091 3105 3073
f 3047 3058 3985
f 3916 3894 5741
f 3201 1990 3768
f 1902 485 1041
f 2869 2909 2838
f 5229 3916 5741
f 3201 3682 1990
f 225 2596 262
f 2041 4153 2625
f 3623 1990 3682
f 1951 1990 3623
f 2568 3108 2836
f 1743 1799 1768
f 3105 2578 2830
f 5522 2578 3105
f 2964 3646 2979
f 98 2929 2728
f 3704 3682 3201
f 2025 2625 2608
f 2041 2625 2025
f 3082 2383 1
f 3829 2886 2768
f 3674 3682 3704
f 3829 3771 2886
f 3623 3682 3674
f 5470 5122 5275
f 5122 2037 5275
f 5281 1188 5063
f 5184 5513 3058
f 2836 3108 3826
f 3091 5522 3105
f 3985 3058 5513
f 5294 5522 3091
f 4350 4294 2909
f 3985 5513 2628
f 4350 2909 2869
f 4572 4158 4178
f 3875 511 2543
f 5391 1770 3137
f 3083 2830 2816
f 5391 3137 3108
f 3109 2862 4364
f 3109 4364 3063
f 3105 2830 3083
f 5468 1188 5281
f 1644 4287 4968
f 2287 1188 5468
f 5470 5275 5309
f 4596 4158 4572
f 1326 3210 2617
f 5470 5309 5418
f 4350 2869 241
f 5697 5746 5731
f 3736 5208 3750
f 5281 5317 5333
f 5731 5746 5765
f 5391 3108 2568
f 5281 5333 5499
f 5468 5281 5499
f 3750 5208 5221
f 2072 5722 2052
f 4185 511 3875
f 5281 5063 5430
f 1676 2713 2922
f 2255 1153 2967
f 5171 4961 5459
f 5765 5746 5209
f 1676 2922 1690
f 4849 4604 4820
f 571 3764 2868
f 4849 4820 5061
f 2962 2990 1810
f 2976 2990 2962
f 5176 4193 3776
f 5176 3776 2635
f 2644 2958 2943
f 5697 590 5746
f 2255 2271 1153
f 3987 4031 1389
f 514 4862 4766
f 3301 5450 2821
f 514 4766 491
f 2821 5450 3888
f 2029 1737 2611
f 1939 1737 2029
f 5317 5430 5413
f 5281 5430 5317
f 3776 4193 3792
f 4849 5061 5359
f 3792 4193 4255
f 5643 4535 426
f 2081 975 2157
f 5746 3715 5209
f 590 3715 5746
f 5643 5772 4535
f 2018 2025 1931
f 1804 127 3336
f 5459 4961 5496
f 5459 5496 5609
f 3189 5822 5644
f 1931 2025 1903
f 4627 158 1599
f 2029 2913 1939
f 3034 2976 3052
f 5507 4604 4849
f 3034 2990 2976
f 5672 2820 2714
f 5672 2714 5722
f 5196 1184 1001
f 4797 5081 4535
f 1743 1777 1799
f 3336 127 2887
f 4535 5081 426
f 1939 1917 1737
f 3074 2919 3054
f 3718 5728 2081
f 4849 5359 5507
f 3054 2919 2892
f 5507 5359 839
f 2081 5728 975
f 1192 5212 1681
f 2140 158 4627
f 2175 2116 5650
f 2634 5296 5405
f 2827 2870 3308
f 3917 3992 3949
f 5672 5722 2072
f 5315 1241 2356
f 3308 2870 1084
f 5196 1148 1184
f 3937 3992 3917
f 5196 5143 1148
f 1939 2895 1917
f 4549 2848 4568
f 3026 1778 3007
f 1939 2913 2895
f 1887 1931 1903
f 1887 1907 1931
f 406 2820 5672
f 3824 3490 3460
f 3074 1841 2919
f 3007 3277 3026
f 2634 4835 5296
f 2634 3044 4835
f 3026 3277 3302
f 5697 157 590
f 2134 2081 2157
f 2356 1241 2261
f 3363 5185 4884
f 2644 2943 2629
f 457 2409 286
f 5543 4604 5507
f 527 4994 5005
f 5672 2072 406
f 5379 611 2429
f 406 2072 3706
f 3363 1562 5185
f 32 4994 527
f 3045 3074 3054
f 2608 1733 1903
f 2025 2608 1903
f 3059 3074 3045
f 5642 1891 5691
f 1205 1184 1216
f 1184 1148 1216
f 2983 2972 2954
f 4074 4084 3981
f 4074 3981 1981
f 1826 5650 5701
f 241 2869 4549
f 2175 5650 1826
f 2819 1501 2759
f 5173 1501 2819
f 3442 3014 2949
f 5533 983 862
f 2469 1455 1231
f 3109 175 4595
f 2469 1231 182
f 5608 5296 5673
f 3063 175 3109
f 4884 5068 4896
f 1041 4887 1902
f 3422 3442 2949
f 3396 3026 3302
f 1902 4887 4696
f 3902 286 263
f 3396 3060 3026
f 5296 4835 5673
f 457 286 3902
f 1847 2954 2972
f 2957 3057 2896
f 1847 2972 1817
f 2957 3075 3057
f 5315 2356 1768
f 5519 2552 2520
f 1941 999 2099
f 4884 5185 5068
f 5315 1768 499
f 5496 5221 5208
f 5682 5519 2520
f 1903 1733 1887
f 3066 3042 3052
f 1887 1733 1846
f 3052 3042 3034
f 2881 2330 3059
f 3981 2028 1981
f 4020 2028 3981
f 5173 5161 1501
f 1737 1917 1702
f 2330 3074 3059
f 1231 1455 1248
f 305 191 4059
f 1248 1455 1529
f 5091 3548 5168
f 2966 2573 2294
f 5389 618 5374
f 191 5775 4059
f 2129 3719 25
f 5496 5208 5516
f 4890 2639 3949
f 3824 3460 4934
f 4447 5566 1869
f 3034 3042 3491
f 4447 4421 5566
f 2661 1653 3014
f 2661 3014 3442
f 4328 809 2660
f 2031 2042 2064
f 1793 3348 3354
f 5374 618 656
f 2639 2235 3949
f 2972 2823 1817
f 527 1766 32
f 1622 2823 2972
f 3074 2330 1841
f 5247 2446 5264
f 2064 3884 5341
f 1898 3075 2957
f 5572 3745 5543
f 2042 3884 2064
f 1898 2334 3075
f 3066 4481 3042
f 305 4059 4100
f 305 4100 317
f 3014 2977 2949
f 5168 5642 2061
f 2234 5642 5168
f 3041 759 3032
f 3014 3005 2977
f 5185 4878 5068
f 5185 5084 4878
f 3032 759 729
f 2175 5158 2116
f 1789 5758 2880
f 2983 2999 2972
f 5158 2175 1949
f 3491 3042 4481
f 3491 4481 3873
f 5106 5158 1949
f 5264 2446 2417
f 1509 3487 2609
f 5168 3548 2234
f 208 331 4125
f 208 4125 2753
f 233 3995 1869
f 1869 3995 4447
f 2037 5473 5275
f 3041 1238 759
f 2234 1891 5642
f 1834 1134 1819
f 2807 544 5288
f 2972 2999 1637
f 1819 1134 1169
f 1813 1120 4096
f 2945 2499 2922
f 4125 331 4140
f 2042 1988 3884
f 2972 1637 1622
f 1599 1754 4570
f 4140 331 3551
f 2050 1988 2042
f 3282 3041 3024
f 2234 2726 1891
f 1572 1545 1875
f 2234 3548 2726
f 1949 2175 1723
f 3005 1653 3793
f 3907 2672 3927
f 5473 5309 5275
f 1723 2175 1826
f 3041 3032 3024
f 3927 2672 5641
f 4627 1599 4570
f 3014 1653 3005
f 231 3028 4343
f 1834 1819 1800
f 4931 3110 314
f 3420 3060 3396
f 3420 3097 3060
f 1834 1800 5244
f 1445 1869 5566
f 1736 1869 1445
f 5798 1013 1561
f 3461 3446 3880
f 5309 3166 5418
f 5509 3166 5309
f 2031 1974 2042
f 2854 2663 2842
f 5542 3156 5462
f 2842 2663 2690
f 5778 1561 1548
f 3907 3927 3946
f 5486 721 5568
f 1558 1545 1572
f 3907 3946 3999
f 5798 1561 5778
f 5309 5519 5509
f 4482 5776 1553
f 2261 1241 3657
f 2827 3308 3336
f 5333 5317 5540
f 721 700 5568
f 799 3300 3275
f 5540 5317 5597
f 3066 4434 4481
f 1953 703 1998
f 2582 2109 2082
f 799 3275 784
f 3291 636 3264
f 4465 4482 1553
f 2592 2109 2582
f 3264 636 611
f 2912 1532 1385
f 5758 5619 2880
f 2854 2842 2819
f 4718 3907 4088
f 2827 3336 2887
f 1998 2008 1953
f 1953 2008 1962
f 2303 3960 3980
f 1343 1186 3282
f 2854 2819 2759
f 3013 1080 991
f 3282 1186 3041
f 4561 5331 3097
f 2303 3980 2268
f 3420 4561 3097
f 1736 233 1869
f 67 233 1736
f 4718 2672 3907
f 3013 5661 1080
f 5509 3263 3166
f 5555 3263 5509
f 5486 1896 721
f 2628 2635 3985
f 3139 3165 3149
f 3291 3700 636
f 3041 1186 1238
f 2042 1974 2094
f 4044 4560 5776
f 3139 3149 3119
f 3301 2821 3348
f 787 2847 2592
f 2042 2094 2050
f 4044 5776 4482
f 862 838 5609
f 3985 2635 3776
f 1521 1744 5107
f 2847 2109 2592
f 4424 4371 1374
f 1284 3300 799
f 3736 4880 5208
f 918 912 5849
f 5509 5682 5555
f 5525 5486 5568
f 5500 5486 5525
f 3348 2821 3354
f 3189 5644 3843
f 918 5849 5561
f 1953 1962 2107
f 3139 3119 760
f 2107 1962 2104
f 5509 5519 5682
f 757 1714 1485
f 757 1485 739
f 4115 4088 3999
f 4088 3907 3999
f 3291 3252 4801
f 1919 1938 1885
f 3291 3264 3252
f 1919 1928 1938
f 5610 5540 5597
f 5610 5583 5540
f 3225 3165 3139
f 780 3028 231
f 3792 3985 3776
f 1911 1897 1926
f 2821 2855 3354
f 3792 4019 3985
f 5561 5849 5826
f 5561 5826 5773
f 5413 3182 5597
f 4811 5500 5661
f 2221 177 1551
f 4811 5486 5500
f 5799 177 2221
f 3268 666 4806
f 3139 760 3225
f 656 666 3268
f 3225 760 520
f 5317 5413 5597
f 3534 1926 2903
f 5798 892 1013
f 3534 1911 1926
f 3843 5644 4128
f 1160 5561 4749
f 1160 918 5561
f 2348 1714 757
f 5533 862 5609
f 3004 3028 780
f 3638 3504 4801
f 4949 5015 4999
f 4801 3504 3291
f 5846 892 5798
f 5486 4811 1896
f 5726 5700 1885
f 1885 5700 1919
f 1878 2999 3067
f 5799 5775 177
f 2999 2983 3067
f 909 892 5846
f 5597 3182 5610
f 3629 1932 2151
f 5610 3182 3304
f 5429 5476 5322
f 1332 3391 1464
f 5251 5352 5339
f 5429 5452 5476
f 4890 3949 3992
f 1464 3391 2313
f 3291 3504 3700
f 4890 3992 4873
f 5326 5465 5438
f 1919 5700 3705
f 5326 5438 5299
f 3628 3645 4806
f 4730 4749 5773
f 3628 4806 666
f 3122 1911 3534
f 3247 3165 3225
f 3122 5705 1911
f 4749 5561 5773
f 2545 2854 4038
f 2545 2663 2854
f 5798 5778 5762
f 1879 1897 1911
f 1332 5323 3391
f 2790 1637 1878
f 3236 3211 3187
f 4240 4205 5452
f 1878 1637 2999
f 5798 5762 5846
f 5218 806 537
f 3211 3196 3187
f 5429 4240 5452
f 5218 537 5820
f 5299 5438 4254
f 5299 4254 4901
f 3100 3131 3114
f 2922 489 1690
f 3100 3114 3081
f 4999 5015 5031
f 2603 2781 2771
f 1332 1556 4085
f 1332 1464 1556
f 1941 1023 999
f 1611 1491 1469
f 5754 2332 5743
f 2499 489 2922
f 4572 4561 4596
f 2654 2603 2771
f 2332 1718 5743
f 1880 2061 5642
f 1879 1911 5729
f 1880 5642 5710
f 5267 5352 5251
f 5729 1911 5705
f 3100 3081 11
f 5288 544 5527
f 5721 2116 2304
f 316 338 3236
f 3236 338 3211
f 3340 1449 3329
f 4021 4038 2759
f 3329 1449 1423
f 2395 3131 3100
f 1330 953 4085
f 196 5054 172
f 4085 953 1332
f 172 5054 5102
f 883 537 806
f 5721 5650 2116
f 4038 2854 2759
f 432 806 3317
f 2823 3301 3348
f 5754 5743 5723
f 3211 338 5245
f 1861 3998 5472
f 1153 1525 1175
f 5754 5723 5688
f 1332 953 5323
f 2771 2781 2751
f 4833 3009 4564
f 3100 11 2395
f 2395 11 3766
f 2751 2781 2766
f 4718 4088 5162
f 745 857 742
f 3244 3110 3084
f 3340 4207 1449
f 1497 1795 1522
f 3244 3084 3229
f 1522 1795 2091
f 5642 5737 5710
f 5691 5737 5642
f 1849 4782 3922
f 5709 2589 4959
f 5701 5650 5721
f 1644 5754 4287
f 1644 2332 5754
f 2781 2496 3996
f 4822 4782 1849
f 196 845 5054
f 887 5848 5710
f 2603 2496 2781
f 3229 2801 3244
f 5848 1880 5710
f 3244 2801 2815
f 3340 3323 4933
f 3340 3329 3323
f 2304 3670 5721
f 5472 3998 4121
f 196 159 2914
f 5208 4385 5516
f 5472 4121 2510
f 196 172 159
f 5739 2589 5709
f 5721 3670 913
f 4833 4564 923
f 2394 2589 5739
f 5422 4659 5716
f 5422 5716 5575
f 4880 4385 5208
f 2766 3996 3978
f 2781 3996 2766
f 4426 4287 5688
f 205 4754 3140
f 4079 4754 205
f 314 3110 3244
f 4287 5754 5688
f 2426 3131 2395
f 562 2958 2644
f 1497 330 1795
f 1496 4941 4924
f 5709 5694 5685
f 5709 5685 5739
f 1496 4924 1478
f 3147 822 810
f 887 5710 5737
f 887 5737 1026
f 1417 4031 3922
f 3160 822 3147
f 5716 4659 5702
f 3216 3233 3649
f 1417 3922 4782
f 5702 4659 4580
f 5848 887 614
f 5721 913 5740
f 4992 180 5092
f 4275 4974 4297
f 4992 201 180
f 5314 3244 2815
f 5740 913 5779
f 5314 314 3244
f 3518 3225 520
f 3518 3239 3225
f 3241 5593 4933
f 5814 121 2540
f 4933 5593 3340
f 183 3140 3121
f 3220 2828 3324
f 3922 3956 1849
f 205 3140 183
f 3922 3935 3956
f 364 476 2914
f 2914 476 196
f 4135 2948 4155
f 2558 3071 3319
f 3649 3233 2408
f 2558 2256 3071
f 3649 2408 5741
f 3340 5593 4207
f 5840 2512 3160
f 5675 2671 2631
f 5701 5721 5740
f 2512 822 3160
f 513 520 760
f 877 857 745
f 4267 4941 1496
f 196 476 845
f 3220 3324 5801
f 147 5163 1789
f 5801 3324 1553
f 4028 371 3239
f 2657 1532 2912
f 3414 5031 5015
f 3346 479 3365
f 4031 3935 3922
f 3518 4028 3239
f 3878 220 1902
f 3365 479 466
f 4031 4066 3935
f 3188 3290 3171
f 3171 3290 3260
f 3090 2671 5675
f 3247 3225 3251
f 2252 2671 3090
f 3251 3225 3239
f 513 760 797
f 344 349 376
f 5162 281 5673
f 5247 4519 2446
f 4181 281 5162
f 5084 1562 1589
f 3190 2394 323
f 3347 3319 5656
f 323 2394 5739
f 3319 3071 5656
f 4273 3365 466
f 2008 3908 1962
f 4273 4282 3365
f 1962 3908 5291
f 366 1391 524
f 5162 4088 4181
f 3188 5560 3290
f 366 4067 1391
f 371 3251 3239
f 371 3530 3251
f 5311 2700 5279
f 566 3099 417
f 5601 5645 5567
f 4172 5429 5322
f 566 1612 3099
f 4152 4172 5322
f 5676 5645 5601
f 1800 3298 5244
f 5389 5374 5356
f 3884 1988 1986
f 1601 3298 1800
f 3980 3960 4012
f 1789 5163 5758
f 5389 5356 3642
f 3164 3188 3171
f 1994 1962 5291
f 3179 3188 3164
f 1994 2104 1962
f 4012 3960 4744
f 3446 3219 3880
f 3192 3376 3359
f 5675 5653 5640
f 4181 4204 281
f 3192 3359 3175
f 3333 658 3321
f 3309 3277 284
f 1408 3099 1612
f 3321 658 3668
f 3309 3302 3277
f 323 5739 422
f 3090 5675 5640
f 3175 3270 3192
f 4901 129 5299
f 3192 3270 3296
f 422 5739 5685
f 3900 3563 1558
f 2282 691 1542
f 118 4240 5429
f 118 5429 4172
f 3414 5015 3380
f 5424 5418 3166
f 5676 5657 5645
f 2059 1377 3179
f 3302 3375 3396
f 541 524 1639
f 1639 524 1391
f 3309 3375 3302
f 1377 3188 3179
f 4181 4115 4204
f 3114 1902 4696
f 3333 4173 658
f 5424 3166 2971
f 4181 4088 4115
f 1349 3376 3192
f 5675 2631 3385
f 1601 1581 3298
f 5279 2569 2380
f 5185 1562 5084
f 1646 1612 566
f 5277 5247 5264
f 2679 2569 5279
f 3333 3313 2587
f 3563 1545 1558
f 5328 5567 5645
f 5256 5247 5277
f 3188 1377 5560
f 3333 3321 3313
f 1205 1216 1230
f 5328 5645 4664
f 1205 1230 1934
f 5483 3192 3296
f 5554 5269 5538
f 5483 1349 3192
f 4669 4650 4711
f 5554 5240 5269
f 216 5216 3123
f 2670 5272 5211
f 216 4224 5216
f 1035 1567 1020
f 1429 1612 1646
f 1408 1612 1429
f 4031 3987 4066
f 5279 2700 2679
f 5557 5575 5635
f 5658 2597 2577
f 5653 3385 3457
f 5658 2577 5829
f 5635 5575 5716
f 5675 3385 5653
f 3891 3533 5256
f 3114 3878 1902
f 848 807 717
f 4193 5216 4224
f 5176 5216 4193
f 848 717 738
f 3533 5247 5256
f 1035 4749 1567
f 2679 2663 2569
f 1754 3799 2587
f 2587 3799 3333
f 750 761 5833
f 1013 1043 1561
f 1230 1975 1934
f 5247 3533 4519
f 750 5833 642
f 1243 1975 1230
f 3300 3316 3259
f 1561 1043 1530
f 3707 3214 4117
f 3326 3353 3345
f 3280 3019 2948
f 5129 4165 5240
f 3334 3353 3326
f 3275 3300 3259
f 281 4204 53
f 4135 3280 2948
f 5554 5129 5240
f 536 3429 991
f 3333 3799 4173
f 231 341 461
f 4711 4698 4669
f 3987 4264 4066
f 5835 766 4326
f 5645 4632 4664
f 1966 5190 2452
f 4119 2597 5658
f 4244 4224 216
f 5625 4632 5645
f 5236 5269 5219
f 3334 4906 3353
f 5219 5269 5240
f 2200 3162 4729
f 2679 2690 2663
f 1262 3077 542
f 3350 3337 3731
f 3937 2055 869
f 2679 2700 2690
f 5702 5635 5716
f 1448 1842 3316
f 1448 3316 3300
f 4224 4244 4255
f 5702 5620 5635
f 4669 4698 4719
f 4193 4224 4255
f 3077 1262 1269
f 1646 566 587
f 572 5846 5762
f 5723 5576 5688
f 5645 5657 5625
f 5607 5576 5723
f 3726 3754 369
f 585 5846 572
f 1448 3300 1284
f 3726 3739 3754
f 2796 3077 1269
f 3350 3731 2801
f 2801 3731 3620
f 5240 4165 5219
f 5833 614 642
f 4165 56 5219
f 1567 4730 1555
f 5848 614 5833
f 5057 320 4185
f 1567 4749 4730
f 1518 1561 1530
f 1518 1548 1561
f 1020 1567 1125
f 5607 5584 5576
f 3725 3076 3134
f 4637 5783 2602
f 3961 1121 1530
f 5527 544 1937
f 1043 3961 1530
f 1269 1262 1280
f 1280 1262 1276
f 147 5180 5163
f 3739 4853 4784
f 1262 542 3366
f 3726 4853 3739
f 4426 5688 5576
f 320 511 4185
f 3389 3420 3396
f 3725 3134 5378
f 2518 5211 2357
f 3389 3396 3375
f 991 3429 3013
f 1768 2356 1743
f 4426 5576 4550
f 2518 2616 5211
f 5685 5694 5564
f 3638 3517 3504
f 5564 5694 5461
f 1125 1555 1113
f 3260 3290 5681
f 2670 5211 2616
f 4853 3726 2562
f 1125 1567 1555
f 1276 3366 3351
f 3389 3375 4002
f 3307 3270 5668
f 3307 3296 3270
f 3599 3659 3645
f 1262 3366 1276
f 3599 3645 3628
f 364 391 498
f 1530 1121 1518
f 318 4476 4517
f 1518 1121 1117
f 2569 2663 2545
f 3700 3504 3517
f 5576 4532 4550
f 330 376 349
f 3700 3517 3665
f 4596 4561 3420
f 2646 3888 5450
f 1743 2356 2242
f 1102 2646 5450
f 4596 3420 3389
f 5551 4532 5576
f 2603 2616 2518
f 3739 3382 3754
f 3394 3382 3739
f 2326 1111 1084
f 3162 4610 4729
f 2326 1084 2870
f 330 349 356
f 5576 5584 5551
f 5447 5564 5461
f 5681 3290 5560
f 5447 5544 5564
f 2654 2616 2603
f 5681 5560 5482
f 3389 4002 4596
f 2670 2616 2654
f 4596 4002 4158
f 1065 1256 3142
f 4850 1256 1065
f 3418 5059 3387
f 3296 5531 5483
f 4351 2659 5841
f 848 738 1689
f 3307 5531 3296
f 4267 1467 4227
f 1496 1467 4267
f 2603 2518 2496
f 498 391 432
f 498 432 3317
f 231 461 780
f 2688 5599 5627
f 3182 5413 5382
f 4784 5055 3394
f 3039 4558 4543
f 2933 365 3051
f 3739 4784 3394
f 4365 4341 4382
f 4341 4373 4382
f 4784 5059 5055
f 3039 4543 1829
f 2702 3659 3599
f 1522 2091 1102
f 3387 4784 3426
f 4784 3387 5059
f 1102 2091 2646
f 4015 3351 3366
f 4015 3366 4032
f 4850 4836 1256
f 4886 5604 1383
f 3517 2710 3665
f 1964 1111 2326
f 1496 1478 1467
f 4404 2710 3517
f 336 1713 2233
f 2933 347 365
f 1475 3462 3483
f 1010 5841 2948
f 1010 4394 5841
f 1718 4227 1467
f 1718 1467 5743
f 1395 3520 1324
f 2953 310 4033
f 3610 3597 3652
f 4530 1542 1313
f 255 5793 1300
f 4401 4785 4488
f 4351 5841 4394
f 2407 2380 2569
f 255 2908 5793
f 2407 2569 2534
f 3361 4246 3403
f 3426 2643 3411
f 4221 4246 3361
f 4033 310 5064
f 4821 1030 3222
f 3652 3293 3610
f 3610 3293 3265
f 2643 5100 5059
f 4032 3366 542
f 3418 2643 5059
f 719 2778 1806
f 2617 2643 3418
f 4032 542 4186
f 719 1806 3392
f 1324 3520 419
f 323 4207 3190
f 3574 3344 3552
f 323 1449 4207
f 1324 419 3155
f 3552 3344 3393
f 760 821 797
f 3426 4784 2643
f 1030 4821 4815
f 3034 3491 3475
f 4784 5100 2643
f 1467 5723 5743
f 1442 5723 1467
f 1053 1030 4815
f 2908 694 1647
f 255 694 2908
f 1545 3563 2153
f 2282 1542 4530
f 2935 2958 3215
f 3219 2664 3880
f 2943 2958 2935
f 2569 2507 2534
f 779 821 760
f 3403 3381 3361
f 1959 3610 3265
f 324 4862 514
f 2545 2507 2569
f 3403 3392 3381
f 4351 4394 4385
f 1959 3141 3610
f 4949 1024 5015
f 119 1445 3574
f 3574 1445 3344
f 1467 1478 1442
f 1256 4836 1277
f 767 3153 4759
f 3569 3597 3610
f 1806 3381 3392
f 422 1449 323
f 1835 3381 1806
f 422 1423 1449
f 2322 2238 2534
f 2534 2238 2407
f 1176 2782 2760
f 3392 505 719
f 3544 3574 3552
f 3403 505 3392
f 5625 5469 4632
f 3564 3574 3544
f 2649 5791 5142
f 2786 1166 2769
f 3957 3455 3502
f 2408 5229 5741
f 3957 3940 3455
f 3525 5229 2408
f 4856 4559 5461
f 5463 5620 5702
f 1061 991 1080
f 5694 4856 5461
f 4777 3153 767
f 3569 3610 3103
f 5625 5488 5469
f 3103 3610 3141
f 5625 5657 5488
f 605 3807 3789
f 3220 3625 3602
f 2357 2362 2518
f 3220 3602 2828
f 2518 2362 2531
f 923 4564 4533
f 3147 3429 3449
f 3147 3449 3160
f 2635 5142 5176
f 541 1639 1860
f 3861 4110 3502
f 541 1860 4885
f 2649 5142 2635
f 3502 4110 3957
f 364 498 476
f 2322 2534 2507
f 2322 2507 2692
f 119 3564 107
f 5448 5469 5435
f 5469 5488 5435
f 119 3574 3564
f 3800 2953 4033
f 5461 4559 5447
f 3475 3502 3455
f 3491 3502 3475
f 5447 4559 4525
f 1646 1864 1881
f 3155 419 976
f 5210 4963 239
f 3444 5490 3496
f 923 4533 868
f 845 476 498
f 3155 976 3656
f 2518 2531 2496
f 5521 5490 3444
f 845 498 864
f 2496 2531 2475
f 1429 1646 1881
f 5674 5297 5467
f 3473 3503 2017
f 1418 2044 1647
f 1873 1709 2657
f 2855 2885 3354
f 2610 2276 2291
f 3488 3503 3473
f 1418 1647 694
f 1022 991 1061
f 1505 1927 1959
f 1860 4866 4885
f 652 640 4476
f 1886 4866 1860
f 5801 3625 3220
f 4476 640 4461
f 3461 3515 3446
f 4002 3375 3982
f 3449 5840 3160
f 4547 3529 3513
f 3532 5840 3449
f 2531 2201 3624
f 4547 3513 4528
f 1361 150 4469
f 2362 2201 2531
f 1709 1532 2657
f 1418 694 1577
f 4040 985 371
f 2108 3113 1727
f 1860 2677 1886
f 1391 4067 1403
f 3591 3625 837
f 1403 4067 3990
f 3602 3625 3591
f 1881 1864 1904
f 4083 2371 3269
f 3491 3861 3502
f 3873 3861 3491
f 1505 1959 1525
f 319 2650 4803
f 2586 5455 3496
f 2586 3496 5490
f 1904 1864 1924
f 1408 4087 3099
f 3113 2108 1854
f 104 3113 1854
f 976 3289 3656
f 498 1341 864
f 3667 3488 3692
f 3624 2845 2475
f 3667 3503 3488
f 3624 2475 2531
f 3317 1341 498
f 4469 156 4493
f 3274 3289 976
f 4469 150 156
f 1864 587 4881
f 4462 169 2210
f 2610 2291 2622
f 712 2353 677
f 3496 3462 3444
f 1646 587 1864
f 1391 1403 1422
f 950 686 797
f 3496 3483 3462
f 4476 4461 4517
f 3297 2044 1418
f 1391 1422 1639
f 4517 4461 4524
f 4461 4496 4524
f 4328 3944 3388
f 3877 5381 5362
f 4760 3529 4547
f 1854 2108 1624
f 106 92 837
f 2451 1435 907
f 1624 2108 1598
f 106 837 3625
f 2971 3166 3263
f 1418 1577 3297
f 4785 4830 4488
f 2615 5829 1549
f 1549 5829 2577
f 1249 1261 530
f 3297 1577 1271
f 4846 4858 4874
f 3314 3388 3944
f 3314 3944 1783
f 3347 5656 5402
f 3575 725 4829
f 5525 4874 4858
f 3347 5402 5398
f 735 725 3575
f 5455 3483 3496
f 5525 4858 5500
f 4881 4857 1924
f 106 3625 5801
f 2451 1428 1435
f 1261 4797 530
f 1048 1383 2286
f 3508 3529 2344
f 5455 5582 3483
f 1261 5081 4797
f 2451 2375 1428
f 1864 4881 1924
f 3513 3529 3508
f 1048 2286 573
f 3659 3685 3630
f 4877 2440 4772
f 5640 5653 5381
f 3645 3659 3630
f 5381 5653 5396
f 3313 3321 1659
f 1659 3321 1671
f 1742 4266 211
f 1379 2264 1857
f 4877 5160 2440
f 1379 1857 4923
f 4877 5237 5160
f 917 2341 2419
f 3638 3650 3517
f 1460 1435 1480
f 1383 5604 2286
f 1435 1428 1480
f 5449 1783 3944
f 5402 4391 5398
f 5788 5449 3944
f 5376 4391 5402
f 3318 2044 3297
f 5265 296 1934
f 4988 5337 5159
f 3373 3335 3413
f 3708 3337 2344
f 4858 5661 5500
f 3442 3422 1804
f 296 1205 1934
f 1080 5661 4858
f 3708 2344 3529
f 3413 3335 3372
f 4657 697 4755
f 5457 5796 4829
f 907 1435 1837
f 5457 4829 725
f 1831 697 4657
f 3025 293 2115
f 5402 3578 5376
f 4797 1454 530
f 3931 3979 3685
f 1307 2511 1457
f 3931 3685 3659
f 4846 4787 4858
f 5381 5396 5362
f 1307 1498 2511
f 3373 1572 3335
f 3517 3650 3924
f 4328 4700 3944
f 4988 5365 5337
f 3517 3924 4404
f 4773 4453 4813
f 5362 5396 5360
f 3708 3529 4760
f 3442 1804 2661
f 1212 851 1942
f 2661 1804 3336
f 4829 4557 3575
f 4829 4775 4557
f 4688 3579 2444
f 4040 371 4028
f 3668 1684 1759
f 5760 3802 5748
f 3931 3659 2702
f 2407 2440 2380
f 3373 3437 3635
f 4988 4921 5365
f 3373 3413 3437
f 2360 4813 1177
f 851 2021 1942
f 2360 4773 4813
f 3668 1759 3321
f 2380 2440 5160
f 5396 5348 5360
f 2664 1929 3880
f 4700 5788 3944
f 2286 1664 573
f 4858 4787 1061
f 5779 5788 4700
f 4858 1061 1080
f 1455 2511 1498
f 2469 2511 1455
f 2220 4844 5069
f 1857 2264 1470
f 4775 5796 1026
f 3321 1759 1671
f 4829 5796 4775
f 1470 2264 908
f 3543 3661 3647
f 2220 2374 4844
f 1233 4314 4246
f 3157 2844 3635
f 4314 505 4246
f 3635 2844 3373
f 1837 1460 1858
f 5396 3457 4413
f 120 4773 2360
f 1837 1435 1460
f 120 1038 4773
f 4772 2440 2251
f 5653 3457 5396
f 2286 4681 1664
f 5321 5337 5316
f 2286 5604 4681
f 3373 2844 1572
f 1512 1498 1307
f 5265 1934 1975
f 5337 5365 5316
f 2371 4083 4098
f 5265 1975 5252
f 3758 3780 3706
f 2353 2365 677
f 4657 4755 4628
f 2424 4844 2374
f 1995 1942 1971
f 3722 3758 3706
f 2971 3263 2369
f 4600 3559 4578
f 3951 5702 4580
f 4578 3559 3543
f 1498 1512 1529
f 3584 3604 5397
f 4865 4844 2424
f 3951 5310 5702
f 3543 3559 3661
f 2264 988 577
f 1455 1498 1529
f 1942 2021 1971
f 2974 3292 2994
f 686 513 797
f 1379 988 2264
f 3453 456 5842
f 4413 4393 5348
f 915 948 3780
f 915 3780 3758
f 4632 5469 4004
f 5396 4413 5348
f 2200 4729 4268
f 2251 2407 2238
f 2200 4268 2271
f 2251 2440 2407
f 5024 5019 1888
f 319 2419 2650
f 4600 5363 3559
f 2362 2374 2220
f 5463 5702 5310
f 915 3758 3463
f 529 171 540
f 3453 3479 456
f 3559 4272 3661
f 5363 4272 3559
f 2374 2362 2357
f 3155 1583 1614
f 2424 2374 2357
f 3656 1583 3155
f 573 1664 560
f 5293 5310 3951
f 577 555 908
f 3216 3649 3639
f 4107 4685 4715
f 550 540 808
f 577 908 2264
f 3584 3613 3631
f 808 540 2938
f 1577 694 1609
f 3584 3631 3604
f 4004 5448 3979
f 3802 3202 5748
f 540 171 185
f 5171 5459 5290
f 3025 2580 293
f 3973 4036 5336
f 3430 5834 2433
f 4004 5469 5448
f 3639 501 550
f 5277 4715 4685
f 3649 501 3639
f 5277 4685 5256
f 3430 2433 3472
f 5336 4036 187
f 3627 3595 3611
f 3611 3595 3577
f 2302 3805 3919
f 5250 4466 4265
f 5441 5310 5293
f 3620 3174 2829
f 4500 4466 5250
f 5290 5367 5440
f 4531 3467 2664
f 3076 2187 3134
f 5219 3797 5236
f 3167 3174 3620
f 5463 5310 5441
f 3262 3292 2974
f 5459 5367 5290
f 4531 2664 4487
f 4841 4925 4687
f 4841 4687 5113
f 1538 1574 1620
f 4904 3255 1738
f 3289 488 3656
f 5359 5061 5380
f 1491 3207 927
f 1491 1584 3207
f 488 1583 3656
f 3604 3631 5245
f 950 797 821
f 3604 5245 5248
f 1199 1538 1682
f 2371 4098 2338
f 166 5336 187
f 950 821 962
f 1199 3150 1538
f 963 4539 4677
f 3279 3262 437
f 166 5320 5336
f 429 3279 437
f 2125 2210 2111
f 4687 5162 5113
f 2290 2186 2297
f 963 2062 4539
f 2319 2186 2290
f 3649 3894 501
f 4718 5162 4687
f 5741 3894 3649
f 4738 5354 2829
f 3528 3555 648
f 4738 2829 3174
f 3546 3555 3528
f 5835 637 3670
f 4265 4232 1750
f 3670 637 607
f 3627 1518 3595
f 5250 4265 1750
f 3262 2974 437
f 4685 3891 5256
f 437 2974 2422
f 2664 4512 4487
f 3219 4512 2664
f 949 3891 4685
f 5293 3951 3924
f 5459 838 5367
f 1772 5336 5320
f 5609 838 5459
f 3209 4539 2062
f 4939 1738 1791
f 4904 1738 4939
f 1611 1584 1491
f 4057 607 637
f 3918 1834 163
f 4057 637 4078
f 1822 3601 3581
f 1822 3581 1853
f 3918 1134 1834
f 4123 614 4062
f 2088 2062 963
f 4096 3909 5261
f 4123 642 614
f 1518 1117 3595
f 3817 421 392
f 1707 1682 1620
f 1204 639 583
f 3546 412 3555
f 1204 1226 639
f 5261 3909 113
f 4585 4635 4677
f 1682 1538 1620
f 449 412 3546
f 2062 2088 2111
f 1113 1555 3603
f 4635 4655 4677
f 3209 2062 2111
f 1569 1584 1611
f 1550 1584 1569
f 1821 1760 4662
f 4758 1821 4662
f 4671 1821 4758
f 5835 4326 637
f 1813 4096 5261
f 2125 3759 2210
f 2166 332 2575
f 144 163 5244
f 5684 1624 1598
f 5244 163 1834
f 5684 591 1624
f 5243 5261 113
f 3615 3583 3633
f 4662 4634 4758
f 3633 3583 3603
f 4636 4634 4662
f 2088 963 989
f 5261 5243 5238
f 5015 178 3380
f 3342 3601 1822
f 1024 178 5015
f 3721 3683 3692
f 3269 3085 3151
f 4541 4532 5276
f 5339 976 419
f 3021 2166 2575
f 1813 5261 5238
f 3692 3683 3667
f 3740 3835 3715
f 4541 5276 5246
f 3715 3835 3817
f 637 3315 4078
f 2362 2220 2201
f 4326 3315 637
f 5841 591 5684
f 4277 4335 5817
f 66 1116 4585
f 5714 3789 3773
f 4585 1116 4635
f 5841 2659 591
f 5190 4945 5139
f 642 3592 750
f 3667 3683 706
f 4123 3592 642
f 4862 805 4584
f 5190 5139 5406
f 3151 3085 3218
f 2302 3919 2463
f 462 3758 3722
f 5276 5234 5246
f 3627 1548 1518
f 462 3722 451
f 5259 5234 5276
f 1199 1503 943
f 1682 1503 1199
f 4367 4670 5246
f 5246 4670 4541
f 3603 1555 3633
f 4635 1116 486
f 3817 3835 421
f 5428 1470 908
f 1555 4730 3633
f 1200 574 599
f 5243 113 90
f 1389 4031 1417
f 5428 5110 1470
f 5684 4155 5841
f 5841 4155 2948
f 3721 3584 3683
f 1664 3854 4243
f 4277 5817 285
f 4567 4963 4996
f 1664 4681 3854
f 4567 4996 4598
f 706 3683 3584
f 4500 5250 5241
f 904 672 3740
f 706 3584 5397
f 5714 5744 3789
f 4500 5241 4525
f 3740 672 3835
f 4543 4558 4519
f 2945 2526 2499
f 4598 812 4567
f 5103 4033 5064
f 4567 812 832
f 4519 4558 4435
f 1919 2884 1928
f 1682 1707 1503
f 1200 599 1214
f 1928 2884 2905
f 3647 3675 3970
f 3731 3337 3708
f 3661 3675 3647
f 2192 2638 2171
f 5813 5110 5428
f 3463 3758 462
f 4772 2230 5096
f 2379 2604 1038
f 2251 2230 4772
f 5103 4049 4033
f 120 2379 1038
f 4198 4182 4565
f 421 3835 672
f 4243 3854 5761
f 421 672 3424
f 4367 5246 5234
f 89 3601 3342
f 5368 4243 5761
f 4777 4764 3153
f 4198 4565 4575
f 4367 5234 4235
f 1235 3716 3690
f 5643 4490 1365
f 239 4963 4567
f 1235 3690 1221
f 3363 4884 3427
f 560 4243 4919
f 5241 5250 5223
f 1365 4490 4513
f 3744 3710 4546
f 560 1664 4243
f 4789 3708 4760
f 2547 1524 3215
f 5223 5250 1750
f 4789 3731 3708
f 3586 3847 3869
f 3586 3869 3254
f 1512 1307 1334
f 1919 3705 2884
f 2547 3215 2958
f 2251 2238 2230
f 908 555 5428
f 4766 4862 4584
f 5428 555 1264
f 5415 5096 2230
f 5167 4567 832
f 5415 2230 1554
f 4269 4252 4272
f 4575 4565 4542
f 5167 239 4567
f 1505 1525 1153
f 1548 3627 4324
f 4252 3661 4272
f 4575 4542 4507
f 3956 242 1650
f 4252 3675 3661
f 3956 2 242
f 3427 4914 3436
f 4216 3857 235
f 3157 3127 2812
f 4907 4914 3427
f 679 724 972
f 4216 3879 3857
f 3721 3613 3584
f 708 724 679
f 5756 4575 5659
f 4640 4624 2004
f 5756 4198 4575
f 4903 1365 4513
f 5072 4919 5368
f 4903 4898 1365
f 3440 4285 3716
f 3440 3716 1235
f 3167 3731 4789
f 4919 4243 5368
f 3167 3620 3731
f 3875 4672 4791
f 3156 769 689
f 1927 3048 3141
f 5069 5090 2220
f 3828 4033 4049
f 3744 4546 1617
f 5763 5734 2247
f 2220 5090 2184
f 2247 5734 2285
f 1617 4546 630
f 3144 3156 689
f 1387 5428 1264
f 1959 1927 3141
f 3869 3552 3254
f 2956 4340 1585
f 3544 3552 3869
f 1585 4340 4731
f 4937 3460 5037
f 1387 5178 5428
f 4937 4934 3460
f 3875 4791 4185
f 5529 4134 5810
f 2812 3127 1616
f 5529 4518 4134
f 2036 2004 4624
f 3716 3618 3684
f 3084 4669 4719
f 2812 1616 3018
f 860 1478 1105
f 3427 4884 4907
f 2036 4624 2455
f 3690 3716 3684
f 1105 1478 4924
f 2828 3602 3879
f 3800 4033 3828
f 5813 5428 5178
f 708 2966 724
f 108 1061 4787
f 2961 2966 708
f 4216 2828 3879
f 1650 253 1381
f 4539 4585 4677
f 4526 4585 4539
f 3107 808 2938
f 2998 1560 3048
f 1650 242 253
f 2230 1543 1554
f 2213 1543 2230
f 3887 3857 3904
f 2998 3048 1927
f 3107 834 808
f 5199 5193 13
f 3904 3857 3879
f 4462 2210 3759
f 5641 5659 4507
f 2956 4668 4340
f 3168 2283 3158
f 5542 3011 769
f 5159 5337 2288
f 5542 769 3156
f 712 677 657
f 2311 2247 2285
f 4285 3658 3618
f 4507 5659 4575
f 4285 3618 3716
f 2230 2238 2213
f 2311 2280 2247
f 3048 3103 3141
f 3048 3068 3103
f 4907 4960 4914
f 3323 3329 1088
f 1088 3329 1054
f 3550 1061 108
f 66 4526 5334
f 769 736 689
f 712 657 2612
f 66 4585 4526
f 2172 2220 2184
f 769 755 736
f 1861 1224 2285
f 2290 1221 2319
f 3602 3904 3879
f 2172 2201 2220
f 1861 2285 5734
f 3602 3591 3904
f 1365 5759 5772
f 4745 5152 5145
f 1365 5772 5643
f 4907 4896 4960
f 4907 4884 4896
f 3068 1560 1131
f 3048 1560 3068
f 5003 4745 5145
f 907 1295 1430
f 3168 2300 2283
f 755 3011 4779
f 769 3011 755
f 860 1105 1078
f 1837 1295 907
f 3786 3809 3729
f 860 1078 85
f 2285 1224 2311
f 2311 1224 3893
f 5369 1559 2184
f 3809 3791 3729
f 5369 2184 5090
f 5513 4518 5529
f 4898 5759 1365
f 3959 3979 3931
f 5513 4505 4518
f 3435 4492 3515
f 3515 4492 3782
f 1297 2143 1930
f 5778 1548 4324
f 2288 5321 2040
f 3924 3966 4404
f 3951 3966 3924
f 4986 2143 1297
f 803 830 772
f 5199 5164 5193
f 782 803 772
f 3931 2702 3959
f 3959 2702 2676
f 2288 5337 5321
f 776 792 2391
f 4679 4624 4640
f 3671 3958 3933
f 3084 3567 4669
f 3686 3958 3671
f 1024 1088 1054
f 909 585 5530
f 1754 3815 3799
f 3276 4379 3786
f 3963 1104 1128
f 3786 4379 3809
f 4679 4640 5060
f 3963 1128 3942
f 1024 1067 1088
f 2290 1235 1221
f 3446 765 458
f 2184 1559 2172
f 909 5846 585
f 2172 1559 1507
f 1297 4215 4986
f 4173 3799 3815
f 1297 2704 4215
f 4173 3815 4139
f 1109 1141 830
f 1837 1858 1295
f 3764 3515 3782
f 1109 830 803
f 3951 4588 3966
f 4580 4588 3951
f 5145 5152 5123
f 5123 5152 5135
f 2391 792 1099
f 3764 3786 3729
f 2391 1099 3950
f 3782 3786 3764
f 1423 301 1054
f 5378 3134 3173
f 3764 4070 3515
f 1027 1077 1063
f 3329 1423 1054
f 2506 4624 4679
f 4986 5020 2143
f 2455 4624 2506
f 5760 5748 5729
f 5152 5514 1775
f 2950 3959 2676
f 1063 1077 1093
f 2950 4582 3959
f 4558 5262 890
f 1109 803 4335
f 1176 2760 3686
f 4745 5514 5152
f 5760 5729 5705
f 2760 3958 3686
f 3446 3515 4070
f 3846 4471 3771
f 2769 1166 1104
f 4986 4238 5020
f 2769 1104 3963
f 4986 4215 4238
f 3829 3846 3771
f 5121 4703 5223
f 1054 301 1024
f 1024 301 178
f 5259 4802 5426
f 3815 5731 4139
f 5259 4589 4802
f 5574 5731 3815
f 5135 1775 1526
f 4004 3979 3959
f 3707 4117 3734
f 3734 4117 4143
f 5152 1775 5135
f 5522 2555 2578
f 3894 3885 3870
f 4492 3276 3782
f 5819 5040 5064
f 3276 3786 3782
f 349 1226 356
f 5378 3173 5458
f 4703 5121 5105
f 5819 5064 310
f 2785 2729 4945
f 2338 2310 2316
f 3039 5262 4558
f 4576 4703 5105
f 3763 2723 2131
f 2143 5020 2129
f 5415 5426 5096
f 316 3236 2421
f 4419 4502 4471
f 4004 3959 4632
f 4419 4471 3846
f 4632 3959 4582
f 4930 3870 3885
f 5096 5426 4802
f 4930 3885 4947
f 5071 3734 4143
f 5071 5092 3734
f 316 2421 5825
f 5064 5040 5103
f 3763 3576 2723
f 4432 4453 4773
f 5103 5040 204
f 3917 2055 3937
f 5105 5121 5069
f 5069 5121 5090
f 560 1011 5012
f 4919 1011 560
f 4835 3044 5113
f 3821 3846 3829
f 639 1226 349
f 3821 3829 3803
f 5113 3044 4841
f 845 875 858
f 3885 4689 4947
f 864 875 845
f 5460 4689 3885
f 511 293 2580
f 4400 3445 3347
f 4432 4773 2651
f 4098 4083 4121
f 2421 3236 2444
f 2651 4773 1038
f 2444 3236 3187
f 3803 5340 3821
f 2726 5008 5094
f 3821 5340 5308
f 2726 5094 346
f 5398 4400 3347
f 3925 4028 3905
f 4796 4804 4771
f 2785 4945 5190
f 3809 4379 5612
f 4121 4083 2510
f 1508 1459 2626
f 2912 2538 2381
f 3894 3916 3885
f 4623 4650 4669
f 4389 3846 3821
f 5082 5007 1723
f 1341 1303 864
f 5356 4124 3642
f 3905 5108 3925
f 5121 5223 5388
f 5304 4124 5356
f 1303 875 864
f 3925 5108 5125
f 2153 3759 2125
f 5195 5791 5806
f 3821 5308 4389
f 4389 5308 4458
f 4771 4753 4796
f 5195 5142 5791
f 4919 5072 1011
f 4771 4736 4753
f 2153 3563 3759
f 3885 3916 5260
f 875 1303 4680
f 2557 3040 583
f 4169 1329 1771
f 3885 5260 5460
f 1022 536 991
f 2912 2381 2657
f 4785 4774 4830
f 1232 997 1051
f 583 3040 1204
f 3900 3759 3563
f 4774 4818 4830
f 818 5007 5082
f 4607 4793 4686
f 4462 3759 3900
f 4159 426 4061
f 4064 426 5081
f 4791 5057 4185
f 4857 5007 818
f 1965 2767 5649
f 4835 5113 5162
f 4835 5162 5673
f 4739 3925 5125
f 4419 3846 4389
f 4739 5181 3925
f 5755 5767 5453
f 4779 4793 4607
f 5267 3773 3820
f 5094 324 346
f 5267 5251 3773
f 2393 2767 1965
f 5271 3823 3802
f 5271 3802 5258
f 5090 5388 5369
f 1232 1051 1250
f 5304 5282 4124
f 5065 324 5094
f 5121 5388 5090
f 5376 4380 4391
f 5047 5057 4791
f 1728 3522 3312
f 5817 3781 285
f 122 148 3525
f 2575 3036 3021
f 1677 3913 1272
f 1728 2354 3522
f 5726 5744 5714
f 1677 1272 3458
f 551 536 1022
f 5176 5142 5195
f 1214 599 347
f 3441 1677 3458
f 5094 794 5065
f 664 671 4869
f 4444 4397 4488
f 5755 5453 509
f 4111 3823 5271
f 2601 3948 299
f 664 4869 4908
f 2564 3036 2575
f 2601 3971 3948
f 5082 5057 5047
f 4106 4597 3820
f 5082 5047 818
f 5806 2390 5195
f 5376 5182 4380
f 3820 4597 5267
f 148 5229 3525
f 2168 2297 2186
f 5649 5686 4805
f 5195 2390 5409
f 5376 3578 5182
f 3386 5362 4372
f 3877 5362 3386
f 2947 3295 359
f 3789 3820 3773
f 3957 4110 4405
f 2930 3295 2947
f 3807 3820 3789
f 5082 1723 343
f 1007 3781 5817
f 3000 3312 2794
f 5542 5462 5804
f 3288 2867 2894
f 3827 3214 3202
f 3288 2894 3327
f 3827 3202 3802
f 2794 3312 3522
f 3971 4563 4170
f 2601 4563 3971
f 4869 4948 4908
f 1147 3390 3928
f 4883 4948 4869
f 2131 3312 3763
f 3928 3390 3482
f 4904 692 3255
f 2131 1728 3312
f 3827 3802 3823
f 2933 1214 347
f 2291 3664 2622
f 3962 3017 4027
f 3657 3664 2291
f 5802 3026 3060
f 2986 3017 3962
f 3195 1360 3180
f 1965 5649 4805
f 3180 1360 946
f 3807 4106 3820
f 3982 3948 4002
f 4092 4106 3807
f 4002 3948 3971
f 4380 5182 3436
f 2371 2349 3269
f 1933 3026 5802
f 1395 2930 3696
f 765 5755 458
f 5503 4605 4591
f 4117 3214 3827
f 5195 5409 5216
f 1395 3295 2930
f 2724 1164 1096
f 4346 4380 3436
f 2841 1581 4908
f 5793 2867 3288
f 5216 5409 3123
f 4908 1581 664
f 5057 343 320
f 3195 2751 1360
f 3386 4372 5037
f 5082 343 5057
f 4860 692 4904
f 176 4171 189
f 2947 2905 2884
f 2947 2884 2930
f 3827 3823 4117
f 4117 3823 4111
f 665 692 4860
f 3226 1164 2724
f 4731 5713 2026
f 1533 1164 3226
f 4170 4002 3971
f 2903 2867 3534
f 4731 2026 1585
f 2894 2867 2903
f 4170 4158 4002
f 5176 5195 5216
f 5755 509 458
f 1933 1778 3026
f 2490 5785 4399
f 4399 5785 4445
f 4477 4451 4176
f 3763 3000 3576
f 4176 4451 4149
f 2581 2049 1292
f 3763 3312 3000
f 5560 5501 5482
f 5524 5501 5560
f 4457 4446 2561
f 5491 5454 5483
f 2884 3696 2930
f 5491 5483 5531
f 3705 3696 2884
f 2561 4446 5790
f 2841 4908 4948
f 4040 4028 3925
f 3688 3122 3534
f 2841 4948 1785
f 4218 4191 4205
f 4149 4451 5123
f 3688 3534 2867
f 4218 4205 4240
f 5504 5482 5501
f 2581 2016 2049
f 2724 2623 2396
f 3541 3988 3057
f 2581 2525 2016
f 2724 2396 3226
f 4904 4939 4964
f 4254 4212 4901
f 4904 4964 4860
f 4231 4212 4254
f 5800 5785 2490
f 1095 1093 1077
f 2585 5800 2490
f 2593 2561 5790
f 2026 5713 2006
f 2006 5713 5665
f 4159 4199 426
f 4040 3925 4887
f 4171 4199 4159
f 529 4930 171
f 2547 2958 562
f 4887 3925 5181
f 3688 2867 5793
f 2338 2349 2371
f 2080 2049 2100
f 4932 2720 2750
f 2463 1515 2302
f 4218 4240 141
f 2100 2049 2016
f 5818 5617 5454
f 5254 5235 4174
f 5818 5454 5491
f 4199 4171 176
f 2316 2349 2338
f 546 2600 2627
f 935 2219 2341
f 4268 1927 1505
f 589 546 2627
f 3436 4304 4346
f 4079 4762 4754
f 4914 4304 3436
f 5404 2800 5431
f 2925 4191 4218
f 4490 426 4199
f 2302 1515 1527
f 2310 3970 3675
f 5258 5760 3088
f 2310 2338 3970
f 4231 2918 4212
f 4299 4479 3777
f 2936 2918 4231
f 2111 2088 2125
f 724 441 972
f 2125 2088 2119
f 441 1781 972
f 4887 985 4040
f 3111 2593 5842
f 4218 141 2925
f 4199 176 4490
f 2925 141 2931
f 4490 176 5316
f 3777 5795 4299
f 4299 5795 5594
f 5254 5284 5273
f 5254 5273 5255
f 3157 2812 2844
f 4914 4281 4304
f 5235 5254 5255
f 2341 2255 2388
f 344 334 349
f 2341 2219 2255
f 3933 3921 3906
f 4274 4301 4296
f 4678 2444 3187
f 2627 2600 2655
f 2655 2600 2645
f 1572 2844 2812
f 4678 905 2444
f 2125 2119 2153
f 2153 2119 2160
f 3926 3942 3910
f 2966 2294 724
f 1572 2812 1558
f 4207 4253 3190
f 724 2294 441
f 3685 3979 4995
f 3979 5448 4995
f 4233 4253 4207
f 2119 989 2485
f 3200 3151 3218
f 4257 1088 1067
f 5313 3906 3921
f 4324 3627 4313
f 5313 3921 5076
f 2088 989 2119
f 4114 4299 5594
f 3910 5285 3926
f 4114 1316 4299
f 3926 5285 4927
f 2600 432 391
f 546 432 2600
f 415 5155 382
f 5099 5155 415
f 5293 4993 4985
f 5293 4985 5441
f 2883 4191 2925
f 2485 2699 2160
f 4227 1744 4306
f 1718 1744 4227
f 2485 2160 2119
f 2812 3900 1558
f 4304 4281 4239
f 3018 3900 2812
f 2645 391 364
f 2600 391 2645
f 4863 4479 4299
f 3685 4995 4968
f 389 1675 5147
f 3685 4968 3630
f 5099 5143 5155
f 5258 3802 5760
f 1326 2617 3418
f 4985 4993 4959
f 2557 2580 3025
f 2386 2416 4233
f 4959 4993 4978
f 261 382 5155
f 261 5155 1021
f 2416 4253 4233
f 5842 2593 3453
f 340 365 327
f 342 373 5174
f 4993 3924 3650
f 2585 5834 3430
f 4173 4126 930
f 3921 2630 5076
f 4139 4126 4173
f 2733 2630 3921
f 2708 2758 2740
f 5174 373 1693
f 2740 2758 2790
f 389 133 1675
f 5293 3924 4993
f 4914 4960 4281
f 5405 224 5591
f 2636 3926 4927
f 414 224 5405
f 4863 4299 1292
f 1677 3441 1694
f 2636 2736 3926
f 1292 4299 1316
f 4015 2468 2574
f 4910 4301 4274
f 3469 4076 4164
f 4032 2468 4015
f 749 665 866
f 1521 2370 4306
f 3498 3469 4164
f 1521 4306 1744
f 1255 3198 285
f 866 665 4860
f 3773 5251 5714
f 2790 2758 1657
f 285 3198 4277
f 1053 1046 1030
f 5804 5462 5708
f 200 5373 5254
f 3933 3958 3921
f 5828 136 4183
f 2783 3775 2696
f 5155 1001 1021
f 3793 3775 2783
f 3963 3942 3926
f 6 200 5371
f 5714 5251 3679
f 5828 4183 5742
f 4306 4267 4227
f 5196 1001 5155
f 200 5254 5371
f 4932 2750 4974
f 4306 4291 4267
f 4099 4093 4082
f 4978 3650 3638
f 3222 1030 1046
f 136 118 4172
f 3222 1046 3184
f 5765 4139 5731
f 1681 5174 1693
f 5765 4126 4139
f 2708 2907 2758
f 414 363 224
f 4082 4209 4608
f 4993 3650 4978
f 4093 4209 4082
f 136 4172 4183
f 3921 3958 2760
f 1681 5212 5174
f 4032 1240 2468
f 3921 2760 2733
f 4186 1240 4032
f 2052 5722 4076
f 2052 4076 3469
f 519 1953 2107
f 3963 3926 2769
f 1132 1953 519
f 5155 5143 5196
f 2769 3926 2736
f 1657 2758 2907
f 138 394 932
f 3462 2604 2379
f 1657 2907 3648
f 2354 5591 224
f 5510 2762 4104
f 4405 4110 4132
f 4405 4132 4422
f 3471 2856 2696
f 2354 224 3522
f 3471 2696 3775
f 5141 4804 5335
f 4291 2370 2216
f 4306 2370 4291
f 5742 4183 4162
f 5224 4468 5124
f 5742 4162 5730
f 1046 1825 3184
f 4076 4119 4164
f 2325 1825 1046
f 866 4860 847
f 4076 4095 4119
f 847 4860 4964
f 4932 4974 4275
f 1132 703 1953
f 5574 158 374
f 4577 4201 4170
f 4577 4170 4563
f 4869 1716 4883
f 2696 2728 2783
f 2696 2701 2728
f 4093 4406 4209
f 4183 4172 4152
f 5510 2711 2762
f 5510 5466 2711
f 4327 4406 4093
f 4183 4152 4162
f 3261 5768 2333
f 1053 1074 1046
f 4468 5224 5232
f 3261 86 5768
f 4830 4468 5232
f 5284 5254 5373
f 5393 5284 5373
f 4132 341 4422
f 461 341 4132
f 3228 2219 935
f 3522 224 195
f 1709 866 847
f 4095 5722 2714
f 4076 5722 4095
f 4099 4122 4093
f 3522 195 2794
f 5335 5354 4738
f 3036 574 1200
f 4415 4397 4444
f 3228 2200 2219
f 3228 3162 2200
f 3056 1065 3142
f 2788 2762 2808
f 4787 4846 4752
f 3056 1090 1065
f 4058 4080 4048
f 2708 2875 2907
f 224 363 195
f 71 244 267
f 4048 4080 2931
f 2762 2711 2808
f 394 5095 932
f 5765 5209 5226
f 4080 4116 2931
f 2856 2701 2696
f 1871 244 71
f 266 86 3261
f 5232 5224 5245
f 5245 5224 5248
f 2986 3006 3017
f 2856 2871 2701
f 327 365 347
f 4994 4201 4577
f 1046 1074 2345
f 4313 3627 3611
f 857 1894 1634
f 5850 3766 11
f 5850 11 206
f 1046 2345 2325
f 4109 4270 5014
f 5065 794 805
f 5300 5268 5346
f 4242 4270 4109
f 1248 3995 4023
f 4573 3702 2300
f 2255 2219 2271
f 1248 4023 1231
f 5331 5300 5346
f 2219 2200 2271
f 5224 5124 4710
f 1223 2996 4182
f 1095 1077 1079
f 2785 5190 1966
f 1223 4491 2996
f 4201 4158 4170
f 4688 2444 905
f 4201 4178 4158
f 698 740 4058
f 771 2154 2136
f 5065 805 4862
f 4058 740 4080
f 4093 4122 4343
f 3478 220 3878
f 1505 1153 4268
f 4093 4343 4327
f 5574 374 5792
f 5747 5767 5745
f 5767 5755 5745
f 1090 1883 1973
f 3984 4060 3938
f 4375 3081 4696
f 3056 1883 1090
f 816 1244 873
f 3984 4008 4060
f 3275 3259 2346
f 3275 2346 737
f 3168 4573 2300
f 1428 4014 1480
f 1632 3487 1509
f 1428 4034 4014
f 4427 4027 3017
f 3417 3468 4116
f 1958 3487 1632
f 3417 4116 4080
f 4448 62 5014
f 4936 2112 2094
f 3652 3597 5268
f 4448 5014 4270
f 3652 5268 5300
f 710 4896 5534
f 4696 3081 3114
f 32 1766 4178
f 3416 3425 4072
f 4427 3017 4317
f 4896 5068 5534
f 1100 873 157
f 816 873 1100
f 3754 2669 369
f 4366 3953 3895
f 4201 32 4178
f 4491 2320 1979
f 1245 4740 979
f 1223 2320 4491
f 4023 182 1231
f 168 182 4023
f 2346 704 737
f 2575 491 2564
f 2366 704 2346
f 4740 4682 979
f 5784 5606 2409
f 3652 5300 3293
f 970 4761 2502
f 1136 3950 1099
f 1163 1136 1099
f 3530 985 5628
f 1810 328 1764
f 4052 4011 3023
f 4268 1153 2271
f 1764 328 4615
f 2683 5744 1730
f 2968 1746 1758
f 4796 5335 4804
f 5325 5335 4796
f 1509 122 925
f 710 5534 5577
f 1509 925 1632
f 1771 1920 5810
f 710 5577 5420
f 4846 4874 3938
f 1109 4335 1129
f 32 4201 4994
f 4796 5274 5325
f 3938 4874 3984
f 5019 795 1888
f 1129 4335 4180
f 3417 4080 740
f 4034 2375 229
f 2078 4626 4601
f 1428 2375 4034
f 4796 4753 5274
f 3023 4011 3765
f 4239 4281 5578
f 921 905 4678
f 5804 5708 500
f 5534 1279 5577
f 4044 4014 4056
f 457 4714 2409
f 3984 4874 5525
f 4056 4014 4034
f 5325 5354 5335
f 1163 2517 1136
f 3085 3163 3218
f 1764 4615 1739
f 1739 4615 4709
f 500 5708 496
f 108 4787 4752
f 609 583 639
f 3923 3743 3753
f 5325 5314 5354
f 3923 3753 3953
f 5325 5274 5314
f 5397 5403 706
f 706 5403 714
f 5682 1129 4180
f 5682 2520 1129
f 5761 5662 5368
f 1983 5662 5761
f 1245 979 562
f 1245 562 2721
f 1999 1431 2420
f 3923 3953 4366
f 229 4056 4034
f 1136 2517 5583
f 4230 4270 4242
f 229 215 4056
f 4230 4242 4200
f 1999 2420 885
f 1983 1770 5662
f 2572 5045 5036
f 706 714 675
f 675 714 659
f 2555 5178 1387
f 2555 5797 5178
f 2486 1450 1477
f 2486 2437 1450
f 3895 4793 14
f 5072 5368 5662
f 3163 3747 3218
f 5072 5662 2546
f 4813 4453 3743
f 3492 3456 3424
f 4169 1771 5810
f 2420 907 885
f 4230 4200 2530
f 890 874 4435
f 4813 3743 3923
f 2451 907 2420
f 2001 4757 1310
f 2001 3728 4757
f 3456 3434 3424
f 4396 4408 2964
f 2580 2557 2543
f 2680 4404 3966
f 1011 5072 1342
f 3747 4415 3218
f 2680 2710 4404
f 4396 2964 3181
f 2604 1508 2626
f 1228 5178 5797
f 5813 5178 1228
f 1406 1264 1528
f 3923 4366 4813
f 594 583 609
f 5073 5058 659
f 1406 1387 1264
f 4417 4270 4230
f 4813 4366 1177
f 2420 2375 2451
f 5073 659 714
f 5199 3505 3439
f 4106 4622 4597
f 1534 2984 3915
f 5164 5199 3439
f 1078 2720 4932
f 4339 4129 4161
f 2469 2437 2486
f 5311 802 2700
f 1014 1037 1066
f 833 819 867
f 4230 2530 4417
f 4417 2530 4991
f 5153 5207 5189
f 4588 438 3966
f 5311 2788 802
f 5189 5207 5230
f 2964 3223 3181
f 3966 438 2680
f 5767 3860 1458
f 2979 3223 2964
f 5619 2481 3492
f 5522 5797 2555
f 3492 2481 3456
f 1477 2074 2486
f 5767 1458 5395
f 2486 2074 891
f 1461 1310 1551
f 1551 1310 4757
f 2572 2541 5045
f 1470 5230 5207
f 3724 4138 4092
f 488 5842 456
f 1470 5207 1857
f 5662 2568 2546
f 13 3505 5199
f 4138 4106 4092
f 5391 2568 5662
f 5453 5767 5395
f 5797 5522 5294
f 5225 5604 5131
f 3456 2481 1624
f 3478 1310 220
f 4681 5604 5225
f 5453 5395 5421
f 4430 4499 4477
f 5150 5127 4762
f 3478 2001 1310
f 4762 5127 4768
f 4106 4138 4622
f 3505 3463 3439
f 4448 4270 4417
f 371 985 3530
f 1228 5797 5294
f 4117 4111 4143
f 5662 1770 5391
f 4143 4111 4629
f 890 4435 4558
f 5153 4579 5207
f 5493 1710 234
f 512 5763 2247
f 4753 4876 5274
f 1952 1958 1669
f 4339 641 654
f 5102 4920 3724
f 3724 4920 4138
f 2690 2700 4759
f 4753 5444 4876
f 4886 4614 5131
f 516 1220 4186
f 4886 5131 5604
f 4759 2700 802
f 1669 1958 1632
f 1220 1240 4186
f 2486 891 2511
f 5207 4923 1857
f 4622 4138 4920
f 4579 4923 5207
f 11 503 206
f 4622 4920 4333
f 2511 891 1457
f 1873 2657 2381
f 644 2435 621
f 2469 2486 2511
f 220 1461 485
f 220 1310 1461
f 621 2435 5538
f 4762 4768 4754
f 4629 4381 4143
f 315 2820 1158
f 4754 4768 5445
f 523 2247 2280
f 512 2247 523
f 4381 5071 4143
f 1750 4232 1654
f 1396 4617 3409
f 1654 4232 4055
f 4477 4470 4451
f 1669 1632 1797
f 5131 5183 5225
f 2545 4038 2507
f 4112 4889 4144
f 5131 5151 5183
f 1797 1632 925
f 4144 4889 4865
f 2527 1342 2546
f 2940 3124 1321
f 1321 3124 4786
f 1600 4359 1630
f 511 2580 2543
f 1630 4359 4339
f 5157 5752 5770
f 516 3634 1220
f 2872 5570 2376
f 4949 1067 1024
f 2376 5570 5602
f 2068 5492 5432
f 5123 4451 4470
f 1342 5072 2546
f 2406 2410 2428
f 5123 4470 5145
f 795 790 1888
f 1170 2434 77
f 2560 1387 1406
f 4083 3151 2510
f 4339 4359 641
f 1170 77 327
f 4402 5157 5770
f 2560 2555 1387
f 3151 3200 2510
f 2485 2940 1321
f 4065 5375 4045
f 2425 73 78
f 5153 4601 4579
f 3409 4841 3044
f 5151 4614 3974
f 5131 4614 5151
f 2507 5592 2692
f 3409 4617 4841
f 4009 5592 2507
f 4157 5517 3115
f 2466 2425 78
f 4175 5517 4157
f 1654 4055 1636
f 2434 2988 77
f 4112 3414 4889
f 1600 1739 4359
f 5523 4245 4208
f 5523 4208 5506
f 5427 5842 488
f 1636 4055 3991
f 1388 1321 4786
f 2714 2820 315
f 641 4359 1739
f 3969 2496 2475
f 4083 3269 3151
f 2527 2546 2568
f 641 1739 4709
f 2593 5790 5807
f 125 503 11
f 4470 5003 5145
f 4571 5003 4470
f 3969 3996 2496
f 3456 591 3434
f 77 340 327
f 4477 4499 4470
f 3434 591 2659
f 5770 5752 5791
f 80 340 77
f 859 1227 894
f 3260 4175 3171
f 5791 5752 5806
f 2507 4038 4009
f 3260 5517 4175
f 859 1242 1227
f 2699 1321 1388
f 2485 1321 2699
f 2294 2872 2376
f 5369 1654 1636
f 4399 5668 3064
f 2573 2872 2294
f 3270 4245 5523
f 5744 5726 1730
f 1746 2968 1242
f 4157 4187 4220
f 77 69 80
f 4157 4220 4175
f 5462 5605 5708
f 3769 2799 3795
f 5365 4490 5316
f 4376 4428 4327
f 5708 5605 5585
f 5365 4513 4490
f 3795 2799 2833
f 4399 3064 2490
f 4245 4189 4208
f 4428 4406 4327
f 4245 4225 4189
f 77 2988 69
f 5752 416 2859
f 2561 5667 4457
f 5157 416 5752
f 78 73 81
f 2308 2283 2327
f 1242 3887 1746
f 3456 1624 591
f 2189 2179 2461
f 859 3887 1242
f 2327 2283 2300
f 4375 4696 4887
f 2561 3069 5667
f 81 73 702
f 4009 3983 5592
f 4314 1233 1209
f 3978 3996 3969
f 1388 4786 4778
f 3769 5277 2799
f 5517 5667 3069
f 4339 4161 1630
f 4009 4021 3983
f 5780 4260 4288
f 3260 5667 5517
f 4009 4038 4021
f 2859 2390 5806
f 4220 3171 4175
f 3769 3811 3061
f 1388 4778 4376
f 3859 2573 510
f 3164 3171 4220
f 3769 3795 3811
f 4921 4903 4513
f 4376 4778 4428
f 3859 2872 2573
f 5752 2859 5806
f 5365 4921 4513
f 3175 3359 4225
f 2475 2845 3969
f 2994 3292 2402
f 3969 2845 5545
f 4725 905 921
f 4245 3175 4225
f 5102 3724 277
f 4314 1209 4349
f 4375 4887 5181
f 4349 1209 3644
f 2490 3064 3095
f 2490 3095 2585
f 3111 3069 2561
f 3814 5708 5585
f 4343 4376 4327
f 5834 5735 1271
f 3714 5437 1672
f 3814 496 5708
f 4736 5417 5444
f 4362 4376 4343
f 1672 5437 3761
f 3069 3111 3115
f 5517 3069 3115
f 2730 3038 3790
f 3064 5506 3095
f 2872 3859 3862
f 2020 1329 1506
f 3175 4245 3270
f 4688 905 4725
f 2765 2730 3790
f 5794 4260 5780
f 1964 3338 1989
f 2020 1771 1329
f 4405 4977 4926
f 4464 62 4448
f 4422 4977 4405
f 5518 3969 5545
f 2326 3338 1964
f 4107 4715 3061
f 3061 4715 3769
f 4320 4286 4295
f 4295 4286 4257
f 5518 3952 3969
f 1923 5581 206
f 2699 1388 4362
f 349 334 609
f 2646 2091 2336
f 5592 3983 5569
f 1388 4376 4362
f 4257 4286 1088
f 3012 2478 2439
f 3769 4715 5277
f 574 1146 1170
f 502 4311 475
f 5236 3797 3038
f 2433 5834 1271
f 341 4099 4422
f 5236 3038 2730
f 1422 1860 1639
f 2652 1860 1422
f 1222 1381 5590
f 4099 4977 4422
f 349 609 639
f 4317 3017 3031
f 5590 1381 253
f 4151 4145 5231
f 3978 3969 3952
f 1410 3850 1434
f 3714 1672 1870
f 4320 2083 4286
f 2148 4700 2123
f 3714 1870 4925
f 2123 4700 4328
f 4736 5444 4753
f 2326 2870 3338
f 4439 4427 2222
f 2382 2359 2352
f 574 1170 599
f 1434 3850 3831
f 2397 2359 2382
f 4623 4669 3536
f 5581 5850 206
f 4317 3031 1317
f 1358 1327 1341
f 1088 4286 2083
f 1341 1327 1303
f 3536 4669 3567
f 1088 2083 3323
f 4151 5231 5505
f 1920 1771 2020
f 3122 3088 5705
f 347 599 327
f 2080 2100 2432
f 3111 2561 2593
f 599 1170 327
f 2652 2677 1860
f 5431 2800 2777
f 4680 1303 1327
f 2127 2280 2311
f 125 4375 4751
f 2382 2352 1364
f 332 324 514
f 2080 2432 3892
f 125 3081 4375
f 4331 1443 1472
f 1027 1843 1077
f 332 514 2575
f 5670 3198 5838
f 2148 5779 4700
f 4331 1472 4311
f 1757 2302 1527
f 4406 4428 4828
f 2336 140 3362
f 4439 2222 1579
f 177 5775 191
f 600 1666 1814
f 1579 2222 5126
f 3755 3023 3765
f 3362 140 3395
f 511 320 293
f 2397 2382 2027
f 5039 5001 4437
f 4714 457 3727
f 3088 5760 5705
f 1222 5590 1297
f 1222 1297 1930
f 1506 4402 2020
f 1339 1005 1350
f 4331 4311 502
f 4401 4488 4397
f 1358 398 1327
f 2020 4402 5770
f 5028 4417 4991
f 3755 3037 3023
f 2399 3012 2439
f 4546 3710 3848
f 5028 4436 4417
f 4320 2045 2083
f 931 1585 383
f 2359 3864 2352
f 252 74 5010
f 1757 1876 2302
f 2646 2336 3362
f 4356 4714 3727
f 3705 5714 3679
f 4659 4616 4580
f 2028 1443 4331
f 2711 5466 3181
f 5590 2704 1297
f 5023 5001 5039
f 1327 2876 4706
f 4616 4588 4580
f 398 2876 1327
f 5612 4379 4403
f 4828 4428 4778
f 5612 4403 5586
f 4828 4778 2226
f 5065 4862 324
f 2928 4675 4582
f 833 791 819
f 514 491 2575
f 644 621 415
f 2950 2928 4582
f 4331 502 2028
f 2028 502 4916
f 5466 4396 3181
f 4612 4111 5271
f 1565 5375 1554
f 2632 1797 199
f 4612 5271 5355
f 5782 4389 4458
f 5718 4809 4436
f 1554 5375 5415
f 811 1797 2632
f 4636 997 1232
f 5782 4410 4389
f 5028 5718 4436
f 4448 4417 4464
f 3705 5700 5714
f 4464 4417 4436
f 2996 4565 4182
f 3768 3751 3201
f 3201 3751 3242
f 4363 4333 4398
f 4363 4342 4333
f 3017 3006 3031
f 4423 2311 3893
f 4423 1000 2311
f 3636 4231 4254
f 644 415 382
f 5422 5390 4659
f 3362 3694 3888
f 4368 4381 4348
f 4659 5390 4616
f 4403 3180 5586
f 3169 3180 4403
f 2127 2311 1000
f 383 1585 2026
f 1358 423 398
f 5010 74 4913
f 2753 199 208
f 2646 3362 3888
f 5161 3217 4410
f 1243 5433 4675
f 2632 199 2753
f 1243 4675 2928
f 5782 5161 4410
f 4348 4189 4368
f 1565 1554 1543
f 4368 4189 4225
f 4809 4464 4436
f 2711 3181 3223
f 4809 4803 4464
f 2711 3223 2808
f 4616 5390 1995
f 1565 1543 1520
f 3338 2870 3737
f 4419 4389 4440
f 4440 4389 4410
f 709 1853 2743
f 1853 3581 2743
f 4472 3913 4261
f 4675 4632 4582
f 1314 1274 4398
f 3913 1677 4261
f 4675 4664 4632
f 5004 3954 3968
f 4398 1274 4363
f 2432 3915 3892
f 5004 3968 5058
f 2456 3915 2432
f 1041 485 5628
f 1459 4089 3485
f 4045 1565 3600
f 3248 3201 3242
f 4045 5375 1565
f 3248 3231 3201
f 921 4678 4661
f 5379 3607 3655
f 3372 2228 2254
f 5819 1000 4423
f 3556 1636 3991
f 3607 3636 3655
f 3556 1531 1636
f 4363 1274 3164
f 2227 155 1960
f 3043 3528 648
f 1960 155 1281
f 3217 4440 4410
f 3359 4368 4225
f 4191 5389 3642
f 3217 3204 4440
f 3359 1283 4368
f 3043 2764 3528
f 1602 1267 228
f 4205 4191 3642
f 50 232 1894
f 1894 232 1519
f 5231 5487 5505
f 310 1000 5819
f 3636 3607 4231
f 1559 1636 1531
f 709 2743 2778
f 4664 5433 5328
f 4675 5433 4664
f 5369 1636 1559
f 2231 2206 2253
f 2127 1000 310
f 5535 2775 3242
f 4407 4381 4368
f 1602 1621 1267
f 525 5719 5750
f 2564 491 1146
f 709 2778 719
f 3751 5535 3242
f 5147 2037 5122
f 3968 3954 4006
f 5379 2429 3607
f 2292 1523 974
f 2366 1680 704
f 4153 5750 5719
f 4153 5719 3621
f 2796 2764 3043
f 2231 2453 2206
f 2493 2453 2231
f 2883 618 5389
f 3245 548 534
f 112 1680 2366
f 2883 5389 4191
f 3245 534 3499
f 4006 3954 4042
f 4231 3607 2429
f 5213 5487 5231
f 4231 2429 2936
f 2227 1960 1689
f 5267 4597 4831
f 3580 3600 1520
f 4330 3738 3735
f 2227 1689 1351
f 4330 4332 3738
f 3600 1565 1520
f 4356 4425 4714
f 4547 4528 4545
f 657 5562 2612
f 1278 1894 1519
f 3867 3983 3851
f 1278 1634 1894
f 3954 1267 1621
f 5432 15 2068
f 1516 1531 3556
f 3983 4021 3851
f 1459 3485 2626
f 5147 1675 2037
f 4456 4482 4465
f 4456 4465 4431
f 5004 1267 3954
f 5719 5189 3621
f 2165 3339 3046
f 4437 5189 5719
f 3507 2277 37
f 2165 3046 4262
f 3242 2775 3248
f 5732 5562 657
f 4763 4547 4545
f 3248 2775 5150
f 751 2227 504
f 4763 4760 4547
f 4577 4563 4987
f 5183 548 3245
f 751 155 2227
f 1041 5628 985
f 4456 4431 814
f 1531 1516 1507
f 746 497 1519
f 112 117 1680
f 4932 4275 1078
f 1559 1531 1507
f 4447 3995 1248
f 5132 5138 4724
f 232 746 1519
f 4321 4332 4330
f 4014 4482 4456
f 4707 4710 5124
f 4707 5124 5118
f 1923 206 503
f 4577 4987 4994
f 4321 4322 4332
f 4994 4987 4109
f 4739 4751 5181
f 605 3789 2683
f 4521 4556 4531
f 1923 503 5693
f 4456 814 4014
f 4361 4690 4674
f 4521 4531 4502
f 4014 814 1480
f 4361 4674 4316
f 4161 4129 4179
f 2683 3789 5744
f 4323 4361 4316
f 652 1066 1037
f 3867 3851 3834
f 3867 3834 3844
f 1621 1610 4042
f 4751 4375 5181
f 2777 2069 2479
f 3954 1621 4042
f 4990 4938 4980
f 5063 932 5095
f 652 1037 635
f 480 504 1351
f 5726 5714 5700
f 2777 2479 5431
f 504 2227 1351
f 4521 4502 4440
f 5427 3111 5842
f 4738 4702 5335
f 5335 4702 4724
f 5063 1188 932
f 1255 285 3781
f 1078 4275 85
f 4509 4184 3947
f 1519 497 1278
f 5335 4724 5141
f 1255 3781 269
f 5141 4724 5138
f 3500 4113 4146
f 1278 497 1776
f 3115 3111 5427
f 1516 3556 3538
f 4044 4482 4014
f 4197 4556 4521
f 374 1100 5792
f 4633 2483 2464
f 1051 1071 2524
f 4521 4440 4197
f 4197 4440 3204
f 4990 4980 5026
f 1051 2524 2528
f 2006 383 2026
f 1299 1100 374
f 5807 1112 1190
f 5790 1112 5807
f 1795 336 2233
f 1871 644 283
f 1396 2946 778
f 1107 5800 1122
f 5010 4913 5260
f 3409 2946 1396
f 1871 2435 644
f 2287 932 1188
f 5026 5183 4990
f 4647 4608 4209
f 4647 4633 4608
f 396 2385 230
f 4247 4556 4197
f 4363 4220 4342
f 4520 3307 4370
f 4342 4220 4187
f 4520 5531 3307
f 1107 5785 5800
f 5493 3049 1710
f 4047 4974 4071
f 4974 2750 4071
f 4990 5183 5151
f 2708 2126 124
f 2708 2740 2126
f 5482 4638 5681
f 2530 4200 2500
f 3485 2651 2626
f 4713 775 407
f 3409 3044 2946
f 5681 4638 4378
f 4723 952 681
f 357 1891 346
f 4633 4647 2483
f 3901 4723 681
f 4827 4552 4540
f 1891 2726 346
f 5699 3998 5734
f 4047 4071 4104
f 5734 3998 1861
f 4025 778 2946
f 4406 4814 4209
f 4363 3164 4220
f 4209 4814 4647
f 4713 1305 775
f 4047 4104 4136
f 2052 3469 5214
f 4025 2946 5088
f 3886 2875 124
f 5009 4614 4886
f 2483 4647 4814
f 124 2875 2708
f 2483 4814 4956
f 4579 5146 4923
f 1723 1826 343
f 343 1826 309
f 3727 457 3914
f 4593 5146 4579
f 3523 2651 3485
f 4112 5031 3414
f 4297 4047 5227
f 627 416 3514
f 5699 4121 3998
f 3795 2833 5794
f 5260 4913 5460
f 4297 4974 4047
f 4661 4692 5632
f 627 2859 416
f 1543 1412 1520
f 4678 4692 4661
f 4179 4129 4196
f 5763 5699 5734
f 5720 5699 5763
f 4727 4751 4739
f 4727 4739 4704
f 1440 1412 1543
f 2300 3702 2327
f 3350 4735 4708
f 3350 4708 3337
f 357 346 324
f 357 324 332
f 4051 5031 4112
f 293 343 309
f 4999 5031 4051
f 293 320 343
f 2946 5405 5088
f 4727 4704 5253
f 3914 457 3902
f 2006 727 383
f 2433 1271 1577
f 3054 2892 4593
f 775 1281 155
f 2634 5405 2946
f 1243 2928 1975
f 3935 2 3956
f 2892 5146 4593
f 4678 3196 4692
f 4579 4601 4626
f 3187 3196 4678
f 4579 4626 4593
f 775 1305 1281
f 5683 5283 5720
f 503 4751 4727
f 875 1337 858
f 5691 357 2194
f 4645 3988 3974
f 858 1337 1314
f 5283 5699 5720
f 4645 3974 4614
f 5691 1891 357
f 681 952 50
f 50 952 232
f 5701 2183 309
f 4712 727 2006
f 5237 5227 4136
f 5701 309 1826
f 2801 4735 3350
f 5227 4047 4136
f 1440 1420 1412
f 5699 5283 4121
f 2946 3044 2634
f 952 377 770
f 4723 377 952
f 5027 4783 5019
f 4645 4614 5009
f 2390 2859 627
f 3580 1520 1412
f 4727 5253 503
f 4735 4698 4708
f 503 5253 5693
f 4735 4719 4698
f 407 775 763
f 3580 1412 1225
f 2585 2284 5800
f 3430 2284 2585
f 4112 4144 4167
f 4112 4167 4051
f 4626 3054 4593
f 3698 3952 5518
f 5569 3867 701
f 2194 332 2166
f 3045 3054 4626
f 4091 3306 3332
f 2564 1146 574
f 875 4680 1337
f 5569 3983 3867
f 2194 357 332
f 1507 1516 1392
f 1370 4737 3240
f 1392 1516 1362
f 309 2183 293
f 930 5611 3257
f 2254 780 461
f 4831 4597 4622
f 1015 5085 4438
f 3057 3988 4645
f 4831 4622 4842
f 1318 5436 5515
f 293 2183 2115
f 4944 2382 1364
f 2027 2382 4944
f 4644 4111 4612
f 3257 5611 3936
f 4644 4629 4111
f 232 770 746
f 84 2388 2967
f 952 770 232
f 3332 3938 4060
f 3306 3938 3332
f 4418 1034 4459
f 3858 3952 3698
f 3702 5652 2327
f 3229 3084 4719
f 3430 3472 2284
f 1410 3230 4012
f 4735 3229 4719
f 4645 5009 3057
f 2043 1906 3199
f 3978 3952 3858
f 3057 5009 2896
f 2388 2255 2967
f 763 155 751
f 125 4751 503
f 1453 4177 561
f 763 775 155
f 5502 981 5515
f 1412 1207 1225
f 1386 1207 1412
f 4622 4342 4842
f 1453 4219 4177
f 4333 4342 4622
f 1453 1494 4219
f 3229 4735 2801
f 4348 4381 4629
f 1412 1420 1386
f 3016 2153 2160
f 4644 4348 4629
f 3016 2981 2153
f 701 3844 685
f 3306 4846 3938
f 4752 4846 3306
f 701 3867 3844
f 1356 1392 1362
f 1356 1375 1392
f 4438 4445 4485
f 2084 4656 4720
f 3257 3936 3285
f 2084 2059 4656
f 3285 3936 4052
f 4348 4644 4189
f 981 1318 5515
f 2433 1577 1563
f 4446 4459 4494
f 3065 3554 3527
f 1077 4628 1079
f 3493 663 3512
f 84 2967 2995
f 3095 5506 5735
f 5585 5605 5587
f 3698 3677 3666
f 4418 4459 4446
f 3512 663 4822
f 1610 1621 1602
f 84 2995 76
f 2228 780 2254
f 3698 3666 3858
f 4151 4177 4145
f 4145 4177 4219
f 3538 1229 1362
f 2833 4260 5794
f 3668 3257 3285
f 1516 3538 1362
f 3004 2981 3016
f 940 264 1213
f 4680 4720 4656
f 3698 5518 661
f 4706 4720 4680
f 2998 1927 4268
f 2160 2699 3016
f 1583 488 456
f 3095 5735 5834
f 4205 3642 4124
f 1037 2281 2270
f 3493 3512 3536
f 3016 2699 4362
f 5271 5342 5355
f 4205 4124 5452
f 1041 985 4887
f 4262 3046 3078
f 3493 3536 3567
f 3451 4999 4210
f 4210 4999 4051
f 3191 3162 3228
f 940 2542 264
f 940 1047 2542
f 3655 3636 4022
f 4770 4706 2876
f 4770 4720 4706
f 4022 3636 4133
f 4723 214 377
f 3677 661 645
f 3228 935 3191
f 3191 935 910
f 629 2385 396
f 4262 3078 4349
f 3698 661 3677
f 1362 1229 1356
f 3209 2313 4539
f 2417 2385 629
f 1037 978 2281
f 4931 3493 3110
f 5780 5808 5839
f 1350 150 1361
f 1832 1724 4037
f 1356 1229 1211
f 1832 4037 2243
f 2063 4740 2105
f 4931 663 3493
f 228 181 1602
f 594 2557 583
f 5780 5839 5794
f 1602 181 1779
f 4343 3016 4362
f 5258 5342 5271
f 3904 1746 3887
f 4913 727 4712
f 4343 3028 3016
f 184 5825 3553
f 4996 3191 910
f 229 264 215
f 4996 2924 3191
f 3553 5825 2421
f 4409 5724 4637
f 4210 4051 4228
f 215 264 2542
f 1843 4628 1077
f 4228 4051 4167
f 4124 5476 5452
f 3889 4742 3901
f 3901 4742 4723
f 4003 5476 4124
f 3004 3016 3028
f 4660 5584 3355
f 3138 3162 3191
f 5584 179 3355
f 4713 407 4747
f 4747 407 236
f 2524 2567 2528
f 1410 4012 3850
f 4022 4133 3989
f 4723 4742 214
f 4917 4898 4903
f 4917 4905 4898
f 3989 4133 3965
f 3084 3110 3567
f 1213 264 2398
f 3110 3493 3567
f 4124 5282 4003
f 202 444 1450
f 5512 4942 164
f 5535 4210 4228
f 5512 164 2742
f 3138 3191 5795
f 648 3102 3043
f 3043 3102 531
f 5795 3191 2924
f 3889 3671 4742
f 5555 3945 3263
f 2444 3553 2421
f 2558 2567 2524
f 5175 5202 4905
f 2444 3579 3553
f 1376 3360 3380
f 2479 2069 2502
f 2798 474 1158
f 4133 4254 5438
f 4742 3933 214
f 4917 5175 4905
f 2798 1158 2820
f 3671 3933 4742
f 1791 1808 1833
f 2502 2069 2155
f 1376 3380 178
f 5330 2029 5287
f 3636 4254 4133
f 5404 5440 5367
f 186 4930 4912
f 5287 2029 2053
f 3994 3606 2902
f 236 3942 4747
f 444 202 193
f 74 727 4913
f 5404 5431 5440
f 4024 3606 3994
f 3942 1128 4747
f 186 171 4930
f 1304 4680 4656
f 578 444 193
f 4816 4838 4827
f 3045 1833 1808
f 4832 4838 4816
f 3045 1808 3059
f 1304 1337 4680
f 5847 3869 3847
f 5175 4917 3946
f 4406 4828 4814
f 3524 1717 1762
f 4660 3355 3397
f 4660 3397 4581
f 2398 229 2375
f 3524 1762 3541
f 2398 264 229
f 4536 4767 4839
f 3095 5834 2585
f 4767 4864 4839
f 542 3043 531
f 542 3077 3043
f 2742 164 174
f 2742 174 2339
f 3485 3868 3523
f 5423 3637 5347
f 4956 4814 4828
f 4129 654 2809
f 3104 3637 5423
f 193 202 168
f 4956 4828 4975
f 4827 4838 4552
f 1563 1577 1609
f 1508 2604 3462
f 2796 3043 3077
f 3046 1853 3078
f 168 202 182
f 2228 3004 780
f 5438 5465 3965
f 1563 1609 1655
f 3380 3360 3414
f 1313 4024 4530
f 1313 3606 4024
f 5438 3965 4133
f 3414 3360 3476
f 4998 4263 3843
f 185 171 186
f 1314 1337 1304
f 3038 3079 3790
f 3038 3053 3079
f 2543 2557 594
f 4998 4102 4263
f 1875 3004 2228
f 4998 1315 4102
f 4656 2059 1304
f 4912 5598 186
f 4334 5013 5051
f 1304 2059 3179
f 186 5598 5786
f 534 5287 2053
f 4334 4279 5013
f 1781 5307 4832
f 534 528 5287
f 1808 2881 3059
f 3360 5544 4599
f 5307 4838 4832
f 4339 654 4129
f 3246 2881 1808
f 1376 5544 3360
f 6 4369 200
f 4289 4263 4308
f 3061 4075 4107
f 4263 4102 4308
f 2888 1717 3524
f 4310 4279 4334
f 3359 3376 1283
f 3276 4403 4379
f 3797 3519 3053
f 2240 1398 4864
f 1393 186 5786
f 2240 4864 4767
f 3038 3797 3053
f 2361 2378 2365
f 1393 192 186
f 4828 5528 4975
f 4599 4576 3476
f 4838 2315 4552
f 2226 5528 4828
f 5307 2315 4838
f 1791 1738 1808
f 2485 989 2940
f 3164 1304 3179
f 5023 2078 5001
f 1717 2841 1785
f 3843 4263 3189
f 3360 4599 3476
f 3164 1274 1304
f 1762 1717 1785
f 4839 4864 4840
f 4864 823 4840
f 185 186 192
f 5051 3839 4334
f 4509 3299 4492
f 4492 3299 3276
f 4334 3839 5626
f 1314 1304 1274
f 1203 1197 111
f 1203 111 5117
f 102 1193 1173
f 4440 4502 4419
f 4704 4739 5125
f 3267 1581 2841
f 776 1215 3185
f 3267 2841 1717
f 3276 3299 4403
f 1398 3144 823
f 776 3185 3132
f 3701 776 3132
f 1398 823 4864
f 1808 1738 3255
f 1808 3255 3246
f 772 3695 1210
f 3189 4289 5822
f 4509 3947 3299
f 3189 4263 4289
f 411 5572 4382
f 3720 5572 411
f 3267 1717 2888
f 2571 1093 1095
f 5600 4334 5626
f 5600 4354 4334
f 4960 710 1749
f 4403 3299 3947
f 4403 3947 3169
f 5732 5718 5562
f 4960 4896 710
f 411 3691 3720
f 411 451 3691
f 5004 1289 1267
f 2136 3828 758
f 2097 2078 5023
f 73 334 702
f 3915 1115 1534
f 4310 4334 4354
f 2557 3025 3040
f 3185 1215 3207
f 3207 1215 927
f 3736 392 4880
f 1210 3150 1199
f 2361 2365 2353
f 3720 3745 5572
f 1071 997 3197
f 5824 5623 5089
f 4211 5831 4282
f 1508 3462 1475
f 3545 1234 2445
f 261 283 382
f 5067 5016 5058
f 1749 710 5420
f 5058 5016 5004
f 102 4794 557
f 3720 3711 3745
f 102 5106 4794
f 5412 1749 5420
f 3720 3691 3711
f 111 569 5091
f 1229 3538 3402
f 1234 3545 1225
f 5004 5016 1289
f 382 283 644
f 3937 3890 3992
f 3545 3580 1225
f 2953 2127 310
f 2942 2127 2953
f 955 3107 1595
f 1051 997 1071
f 1410 1457 891
f 231 4122 341
f 403 1193 557
f 341 4122 4099
f 3654 3520 3696
f 557 1193 102
f 3696 3520 1395
f 955 5377 3107
f 1158 561 315
f 5034 5019 5024
f 1022 4146 551
f 5706 3107 5377
f 1015 4498 1028
f 5027 5019 5034
f 4438 4498 1015
f 5828 5742 5749
f 1034 1009 4459
f 1234 1225 1207
f 5828 5749 5751
f 4459 1009 4515
f 1250 1051 2528
f 146 4901 4212
f 3371 3342 3339
f 146 129 4901
f 3371 3358 3342
f 5823 5828 5751
f 523 2280 2942
f 4211 5853 5831
f 1234 1207 1217
f 2584 1250 2528
f 620 630 4546
f 141 4240 118
f 2280 2127 2942
f 4873 3992 3865
f 620 4546 3501
f 2361 2353 2327
f 4873 3865 5624
f 231 4343 4122
f 5157 5377 955
f 1022 3537 4146
f 358 370 3006
f 334 344 702
f 5034 5029 5027
f 1410 1434 1457
f 5029 5034 2461
f 242 2 246
f 1158 928 561
f 5339 419 3654
f 4402 5377 5157
f 3654 419 3520
f 5706 5377 4402
f 1872 1883 1844
f 3992 3890 3865
f 4438 4529 4498
f 2 7 246
f 2897 2936 2852
f 2897 2918 2936
f 4485 4529 4438
f 2564 574 3036
f 4977 4943 4926
f 3945 5555 4180
f 2189 2461 5034
f 3801 4292 3813
f 4494 4459 4515
f 4943 4936 4926
f 3705 3654 3696
f 3358 4386 4345
f 3679 3654 3705
f 1844 1649 1872
f 3371 4386 3358
f 2215 4012 4744
f 1872 1649 1618
f 2931 4116 2925
f 3641 3088 3122
f 4116 2846 2925
f 4292 4258 3813
f 3641 3122 3688
f 2215 3850 4012
f 2071 4938 4990
f 3825 4307 2447
f 3472 1563 3206
f 4619 4008 773
f 4546 2471 3501
f 1056 4506 1059
f 3472 2433 1563
f 1752 1602 1779
f 1856 3351 4015
f 2918 2897 4072
f 2918 4050 4212
f 3031 390 1317
f 3848 2471 4546
f 4936 4943 2112
f 4498 4506 1056
f 4212 4050 146
f 385 390 3031
f 3865 5601 5624
f 3845 5601 3865
f 1037 2810 635
f 3688 5793 3641
f 3641 5793 2908
f 3651 3527 2377
f 1752 1588 1602
f 4099 4082 4977
f 3465 3516 2852
f 3672 3868 3501
f 4977 4082 4943
f 2852 3516 2897
f 4221 1872 1618
f 4221 3361 1872
f 4399 4370 5668
f 3868 620 3501
f 242 246 260
f 5339 3679 5251
f 5339 3654 3679
f 4072 2897 3516
f 2112 4943 4082
f 4072 3516 3416
f 2112 4082 4608
f 242 260 253
f 3865 3876 3845
f 5157 955 416
f 3651 3117 3527
f 5342 3088 3641
f 5058 5073 5067
f 1056 1028 4498
f 456 3479 1627
f 3468 3448 2846
f 3031 370 385
f 1901 1883 1872
f 3865 3890 3876
f 3468 2846 4116
f 3031 3006 370
f 3831 3850 2215
f 400 3037 3755
f 3801 3813 3843
f 4987 4563 4962
f 3801 3843 4128
f 2846 2883 2925
f 2809 654 4817
f 2846 2861 2883
f 1217 1207 1174
f 1217 1174 1069
f 4060 4008 4619
f 3415 833 3767
f 4498 616 4506
f 5555 5682 4180
f 1647 3641 2908
f 1901 1872 3381
f 1647 5342 3641
f 838 813 5367
f 3381 1872 3361
f 1627 3479 3570
f 5367 813 5404
f 4962 519 4987
f 3415 3565 833
f 4987 519 464
f 4529 616 4498
f 3448 2861 2846
f 3672 3501 2471
f 3672 2471 115
f 5839 3795 5794
f 3448 3474 2861
f 5404 813 2655
f 3466 3405 3822
f 3811 3795 5839
f 4515 3086 4544
f 2192 855 5347
f 3853 5497 184
f 3822 3405 3762
f 2192 5347 3637
f 4544 3086 613
f 5252 1975 418
f 3029 3945 4277
f 840 3466 3822
f 1224 5497 3853
f 5668 4370 3307
f 2270 2810 1037
f 219 211 4266
f 1861 5497 1224
f 1995 1971 424
f 4425 5583 5610
f 5347 5380 5423
f 4494 4515 4544
f 1174 1035 1069
f 5347 5359 5380
f 219 4266 4226
f 4242 4987 464
f 1384 828 54
f 4242 4109 4987
f 1160 1035 1174
f 577 4971 555
f 1975 2928 418
f 4409 1923 5724
f 3767 867 3757
f 5014 4994 4109
f 1384 1140 828
f 5014 5005 4994
f 3767 833 867
f 3822 3762 3808
f 4956 4981 4967
f 3266 4069 3497
f 4975 4981 4956
f 330 336 1795
f 3808 3762 3738
f 3495 3266 3497
f 3369 3258 3494
f 5681 4378 5667
f 855 5359 5347
f 5012 5022 4984
f 3494 3258 3421
f 855 839 5359
f 3853 3882 3893
f 4984 5022 5130
f 3443 3468 3417
f 431 433 418
f 3853 3893 1224
f 5231 4997 5213
f 2822 3061 3811
f 3416 3447 3425
f 2797 3061 2822
f 3432 3447 3416
f 879 3822 3808
f 840 3822 879
f 4425 4213 5583
f 5005 62 76
f 4712 4689 5460
f 4446 4494 5790
f 5014 62 5005
f 418 2950 431
f 5667 4378 4457
f 3478 3878 1571
f 3853 184 3553
f 418 2928 2950
f 4323 4316 2614
f 4409 5581 1923
f 3029 4277 3198
f 577 5301 4971
f 3443 3417 3438
f 5528 5503 4975
f 4712 5460 4913
f 282 1005 292
f 5503 4981 4975
f 1005 1504 292
f 2809 2096 4196
f 4162 4152 3294
f 3882 3553 3579
f 3853 3553 3882
f 572 645 661
f 4594 1753 4602
f 1093 2571 2599
f 1093 2599 1063
f 4129 2809 4196
f 2146 1182 3432
f 2554 2529 836
f 1753 480 4602
f 5130 2099 4984
f 1182 3447 3432
f 282 292 304
f 282 304 298
f 2099 999 4984
f 1776 1748 4609
f 4609 1748 4620
f 5192 5217 5202
f 572 661 585
f 2797 4075 3061
f 5192 5202 5175
f 1027 1539 1843
f 396 373 342
f 1796 4075 2797
f 1571 3878 4347
f 396 342 629
f 4476 1066 652
f 4476 306 1066
f 521 3449 536
f 3500 4146 3537
f 5011 5028 4991
f 5749 5742 5730
f 4494 1112 5790
f 1252 3796 2372
f 1607 3796 1252
f 2419 3050 917
f 4997 5011 4991
f 1350 282 150
f 5318 2378 2361
f 319 3050 2419
f 2723 3576 2773
f 1014 978 1037
f 5749 5730 5733
f 2822 2780 2745
f 5175 3946 5192
f 3541 3057 3524
f 2822 2745 2797
f 5192 3946 3927
f 3524 3057 3075
f 1350 1005 282
f 5011 4997 5231
f 2773 3079 2723
f 4485 4445 5785
f 2723 3079 3053
f 5184 4505 5513
f 4643 4609 4620
f 5050 5041 5363
f 287 1066 306
f 5036 5050 5363
f 4643 4639 4609
f 1107 4485 5785
f 5045 5050 5036
f 3260 5681 5667
f 1014 1066 287
f 5546 5718 5028
f 974 1523 1504
f 4507 5217 5192
f 3890 869 1430
f 5546 5028 5011
f 5056 5086 5043
f 3078 484 4349
f 3524 3075 2888
f 2888 3075 2334
f 1537 2131 2723
f 477 484 3078
f 4594 4602 4649
f 3484 3468 3443
f 4594 4649 4653
f 5641 5192 3927
f 1288 1165 1172
f 5011 5231 5546
f 5641 4507 5192
f 3669 5043 3658
f 5546 5231 4145
f 3669 5056 5043
f 150 298 156
f 150 282 298
f 2372 2430 3514
f 2372 3514 1252
f 3519 2723 3053
f 1748 2005 4620
f 3519 1537 2723
f 5704 5266 5683
f 5683 5266 5283
f 3065 3527 3117
f 5589 493 5442
f 3078 709 477
f 4121 5283 5266
f 4121 5266 4098
f 318 306 4476
f 3078 1853 709
f 2688 2704 5590
f 3550 3537 1022
f 974 1504 1005
f 4542 5217 4507
f 3974 4990 5151
f 5066 5043 5603
f 5603 5043 5086
f 306 318 335
f 5704 3970 5266
f 3415 3767 3408
f 5266 2338 4098
f 3945 4180 4335
f 3970 2338 5266
f 253 2688 5590
f 253 260 2688
f 3445 3407 3370
f 2528 2619 2584
f 3319 3445 3370
f 3347 3445 3319
f 287 306 335
f 3762 3405 3399
f 477 719 505
f 1610 1602 1588
f 1616 1582 3018
f 1594 1582 1616
f 477 709 719
f 2567 3319 3370
f 516 3146 3634
f 5154 4961 5128
f 3527 2188 2377
f 5128 4961 5171
f 3547 2188 3527
f 3385 2631 2606
f 536 3449 3429
f 1033 3019 2955
f 1583 456 1627
f 5577 3203 5420
f 2639 5831 2613
f 2613 5831 5853
f 3256 3203 5577
f 3945 4335 4277
f 4765 5100 4784
f 4765 5115 5100
f 2425 609 73
f 3709 4091 3547
f 3146 516 531
f 2613 5853 3079
f 3102 3146 531
f 3079 5853 3790
f 4091 2188 3547
f 1652 5577 1279
f 5154 5496 4961
f 4266 4197 4226
f 1400 3510 3197
f 2948 3019 1010
f 3223 788 2808
f 3527 3554 3572
f 4247 4197 4266
f 3527 3572 3547
f 5577 1652 3008
f 1893 5112 5115
f 2558 3319 2567
f 4765 1893 5115
f 5119 5154 5128
f 5652 2361 2327
f 5140 5154 5119
f 1010 3019 1033
f 3975 788 3223
f 4604 5126 4820
f 4604 5148 5126
f 3256 5577 3008
f 2165 2185 3339
f 1400 3197 997
f 2893 257 180
f 3997 3231 3248
f 2185 3371 3339
f 3223 5478 3975
f 4666 4716 4697
f 531 516 542
f 4697 4716 4743
f 542 516 4186
f 350 4788 355
f 3572 3709 3547
f 3689 3709 3572
f 355 4788 1097
f 1010 1033 983
f 3975 4017 788
f 4748 2913 4641
f 4788 226 1097
f 2895 2913 4748
f 3750 5221 5140
f 1094 3733 4808
f 983 1033 960
f 5221 5154 5140
f 402 4695 3934
f 4743 4716 1931
f 402 360 4695
f 1033 1666 600
f 5543 3745 5148
f 4386 2185 4141
f 5144 128 104
f 2955 1666 1033
f 3371 2185 4386
f 5156 128 5144
f 1476 1438 4666
f 4604 5543 5148
f 3975 5493 4017
f 4666 1438 4716
f 1094 5666 3733
f 5154 5221 5496
f 3975 5478 5493
f 1094 4528 5666
f 2459 2494 5156
f 5330 1493 4641
f 5791 2020 5770
f 5330 4641 2913
f 670 685 655
f 1931 4716 1438
f 2567 2619 2528
f 1931 1438 2018
f 5791 2122 2020
f 4345 4983 367
f 1920 2020 2122
f 5177 5215 5198
f 350 355 389
f 5156 276 128
f 2494 276 5156
f 4345 367 3358
f 4762 3248 5150
f 350 389 378
f 197 3605 3660
f 197 170 3605
f 4762 4046 3248
f 4641 4693 4748
f 4641 4658 4693
f 394 360 402
f 600 589 960
f 600 960 1033
f 5144 5163 5180
f 1422 350 2652
f 5144 5180 5156
f 1777 3145 2488
f 3733 5652 3702
f 1422 4788 350
f 4712 5188 4689
f 3997 3248 4046
f 3733 5666 5652
f 4689 5188 5177
f 2409 4714 4425
f 4655 1777 2488
f 73 609 334
f 5615 2386 4233
f 396 230 2057
f 3934 1429 402
f 3804 939 522
f 402 1429 1881
f 655 5826 670
f 5253 4704 5239
f 1493 4658 4641
f 3634 3117 3651
f 2355 4592 3660
f 1493 1482 4658
f 3660 4592 197
f 939 707 522
f 5707 5724 5693
f 5177 5188 5215
f 1400 997 4636
f 2321 786 5521
f 5156 5180 2036
f 5724 1923 5693
f 4808 3733 4554
f 3346 5345 479
f 5156 2036 2459
f 3200 3218 3237
f 2436 2321 5521
f 3680 1055 4006
f 4079 4046 4762
f 5553 1375 929
f 367 3342 3358
f 526 684 3837
f 4444 3237 3218
f 89 3342 367
f 4712 2006 5188
f 4444 3218 4415
f 1936 1375 5553
f 3634 3660 3605
f 788 4017 767
f 3651 3660 3634
f 3876 3890 1430
f 1055 3680 3673
f 2861 618 2883
f 1083 1055 3673
f 2488 3145 2940
f 2940 3145 3124
f 2429 2852 2936
f 5215 5188 2006
f 5000 5017 5035
f 2415 2852 2429
f 5215 2006 5665
f 4356 4213 4425
f 3634 3146 3117
f 2765 5853 4211
f 2652 378 2677
f 2409 4425 5784
f 4557 3010 798
f 251 4300 3644
f 3689 5035 5017
f 2652 350 378
f 4686 3953 4673
f 3862 3837 3841
f 2900 268 554
f 5652 5318 2361
f 223 251 3644
f 4036 4046 4079
f 3862 3859 3837
f 1904 402 1881
f 2765 3790 5853
f 4554 3702 4573
f 2139 268 2900
f 3997 4046 4036
f 1904 420 402
f 4554 3733 3702
f 4673 3953 3753
f 3804 522 496
f 3804 496 3814
f 2436 2118 2321
f 2348 2118 2436
f 5198 5233 3125
f 3651 2355 3660
f 5215 5233 5198
f 2377 2355 3651
f 1587 2369 5670
f 394 402 420
f 3235 3206 1655
f 5530 929 909
f 510 3837 3859
f 5553 929 5530
f 3974 2071 4990
f 175 307 4595
f 5618 5205 5203
f 526 3837 510
f 2034 3801 4938
f 5422 5411 5390
f 3572 5035 3689
f 5618 5222 5205
f 2034 4292 3801
f 3465 2415 3693
f 1587 5670 2744
f 3465 2852 2415
f 3572 289 5035
f 3673 3680 3657
f 1655 3206 1563
f 3657 3680 3664
f 5023 2447 2097
f 4196 2096 5017
f 4651 4300 251
f 841 786 2321
f 1606 2087 2067
f 3470 1803 1774
f 2599 2571 2631
f 5023 4108 2447
f 132 1675 133
f 1995 5390 5411
f 173 5035 289
f 2631 2571 2606
f 3526 3537 3550
f 1995 5411 1942
f 5000 5035 173
f 5000 4955 5017
f 2984 1560 2998
f 1790 1821 4671
f 2202 1613 2181
f 5215 5674 5233
f 783 2324 2236
f 5665 5674 5215
f 3407 3445 4400
f 1230 5433 1243
f 1039 570 889
f 2141 2067 2087
f 835 259 4574
f 3500 3537 3526
f 2141 2087 2163
f 5610 3304 4425
f 4319 2731 4983
f 5504 5501 5690
f 5774 5707 5222
f 4345 4319 4983
f 810 783 2236
f 412 289 3572
f 4549 4568 4574
f 5618 5774 5222
f 3825 2447 4108
f 3730 4118 3709
f 2355 4619 4592
f 3555 3554 3065
f 3709 4118 4091
f 5444 5458 4895
f 412 3554 3555
f 5017 4955 4179
f 5017 4179 4196
f 5239 5205 5253
f 5444 4895 4876
f 5253 5205 5222
f 4086 4639 3278
f 2866 4639 4086
f 5411 1212 1942
f 4425 3304 5784
f 515 1212 5411
f 3848 3710 2731
f 2087 2839 2163
f 3848 2731 4319
f 1726 2839 2087
f 2388 2650 2341
f 4980 4938 4128
f 1386 1174 1207
f 289 412 449
f 4549 4574 241
f 945 1174 1386
f 241 4574 259
f 3730 83 4118
f 2188 2337 2377
f 4938 3801 4128
f 5456 5345 5328
f 2337 2355 2377
f 5456 5328 5433
f 173 289 449
f 4137 4108 5023
f 5707 5253 5222
f 3680 4006 5257
f 4879 4902 4928
f 5707 5693 5253
f 5422 5442 5411
f 3689 3730 3709
f 3598 1627 3570
f 2118 2077 2321
f 4876 4895 4931
f 1386 1082 945
f 4876 4931 314
f 4928 4085 1556
f 4902 4085 4928
f 3065 3102 648
f 2355 2337 4619
f 1386 1420 1082
f 3284 4069 3266
f 5456 5433 1230
f 3065 648 3555
f 2236 2324 1896
f 1896 2324 2133
f 906 1375 1356
f 4091 3332 2188
f 3278 3258 3369
f 2188 3332 2337
f 4166 4386 4141
f 3839 4108 4137
f 906 929 1375
f 3825 4108 3839
f 479 5345 5456
f 4086 3278 3369
f 4831 3325 3274
f 4842 3325 4831
f 3598 1658 1627
f 5411 5442 493
f 4698 4357 5777
f 5411 493 515
f 3330 4644 4612
f 3330 4612 3318
f 4619 2337 3332
f 4619 3332 4060
f 4902 1330 4085
f 793 1330 4902
f 889 570 559
f 3664 5257 5280
f 3102 3117 3146
f 4258 1390 4951
f 3964 1594 3932
f 5812 4617 1396
f 4258 4951 3813
f 2148 2115 2183
f 5456 1230 479
f 3680 5257 3664
f 2148 2123 2115
f 945 918 1174
f 479 1230 1216
f 3730 1345 83
f 4879 4859 4902
f 3101 109 3531
f 2156 2166 2132
f 1385 1394 4966
f 921 326 337
f 921 337 4725
f 918 945 912
f 5812 3714 4617
f 4342 4187 4842
f 4966 1394 5025
f 4863 2049 2080
f 2132 4557 2156
f 4187 3325 4842
f 5295 5302 5747
f 4863 2080 4479
f 2156 4557 4775
f 5295 5747 5745
f 686 174 667
f 4189 4644 3330
f 4313 3741 3770
f 4313 3770 4324
f 4902 4859 771
f 4902 771 793
f 5812 5437 3714
f 3778 3784 3760
f 5701 5740 2183
f 5434 2386 5615
f 2183 5740 2148
f 509 5453 4384
f 3920 5588 3930
f 3760 3615 3778
f 509 4384 1773
f 945 1082 912
f 3778 3615 3633
f 5588 3498 3930
f 4857 4881 5018
f 909 929 906
f 1839 1633 1688
f 1292 2049 4863
f 1688 1633 962
f 1669 26 1952
f 2341 2650 2419
f 2148 5740 5779
f 4894 4866 5008
f 4894 4885 4866
f 1669 564 26
f 4137 5023 5039
f 1026 2156 4775
f 5315 5327 1263
f 5777 4337 5844
f 1026 5737 2156
f 2218 2275 2268
f 5777 4357 4337
f 2268 2275 2303
f 1356 1211 906
f 4951 3843 3813
f 5733 5730 5698
f 906 1211 1049
f 3770 5778 4324
f 4998 3843 4951
f 5762 5778 3770
f 5666 5318 5652
f 670 5826 5849
f 5666 5332 5318
f 2331 26 564
f 2303 2275 5839
f 4841 4617 4925
f 5018 4881 587
f 2194 2166 2156
f 5018 587 4794
f 4003 3617 5476
f 2613 2207 2235
f 2613 2235 2639
f 4730 3778 3633
f 4925 4617 3714
f 337 326 345
f 4730 5773 3778
f 4885 569 541
f 4951 1315 4998
f 1263 5327 3473
f 4894 569 4885
f 345 326 354
f 4063 4764 4226
f 1263 3473 2017
f 4766 4584 2495
f 3905 494 5108
f 3920 3930 3962
f 2218 2822 2275
f 3920 3962 4027
f 5051 4966 5025
f 811 564 1669
f 1839 1688 1396
f 3798 3784 3778
f 5051 5013 4966
f 4528 3513 5332
f 1839 1396 778
f 3573 3989 3965
f 5666 4528 5332
f 2194 2156 5691
f 3573 3609 3989
f 5691 2156 5737
f 5839 2275 2822
f 5839 2822 3811
f 326 4661 288
f 3079 2207 2613
f 4003 2811 3617
f 5513 2681 2628
f 4935 2598 5689
f 921 4661 326
f 5344 5318 5357
f 5529 2681 5513
f 4003 5282 2811
f 5357 5318 5332
f 3977 5654 5119
f 3905 3518 494
f 3798 3778 5826
f 5826 3778 5773
f 2207 3941 2250
f 2502 4761 4728
f 4307 3825 5025
f 2502 4728 2479
f 3905 4028 3518
f 2235 2207 2250
f 4699 4654 4682
f 4699 4682 4740
f 1489 564 811
f 3838 1839 4039
f 1579 3920 4439
f 2331 564 1489
f 1394 4307 5025
f 1579 5588 3920
f 3838 1633 1839
f 3513 5357 5332
f 4699 4740 2063
f 2773 3576 3941
f 3513 3508 5357
f 5529 1920 2681
f 1013 906 1049
f 2773 3941 2207
f 1013 892 906
f 4916 4941 4969
f 5810 1920 5529
f 2033 143 114
f 4924 4941 4916
f 1174 918 1160
f 3936 5654 3977
f 3589 3609 3573
f 2218 2780 2822
f 4728 5431 2479
f 5440 5431 4728
f 5611 5654 3936
f 288 1845 354
f 5423 4654 4699
f 3594 3617 3585
f 1595 1607 955
f 326 288 354
f 3617 2811 3585
f 955 1607 1252
f 5550 2226 4800
f 513 494 520
f 494 3518 520
f 909 906 892
f 5550 5528 2226
f 2773 2207 3079
f 811 1669 1797
f 3104 4699 2063
f 3232 3183 4969
f 3104 5423 4699
f 3232 4969 4941
f 3965 5465 3573
f 3573 5465 3033
f 4427 4439 4027
f 5108 494 667
f 2198 2185 2165
f 5476 3617 2926
f 2174 2185 2198
f 5025 3825 5051
f 4439 3920 4027
f 4025 4039 778
f 5589 5557 5621
f 5589 5575 5557
f 2198 4651 2174
f 2174 4651 4673
f 5051 3825 3839
f 3101 3531 4800
f 3232 4941 4267
f 4800 3531 5550
f 3855 3880 3860
f 3871 3880 3855
f 529 3870 4930
f 778 4039 1839
f 5567 5345 5630
f 4364 4318 3063
f 5328 5345 5567
f 4336 4318 4364
f 4883 4234 4948
f 3977 4011 4052
f 1003 872 995
f 3977 4052 3936
f 501 3870 529
f 4817 3526 1031
f 3894 3870 501
f 1031 3526 93
f 4309 4294 4350
f 4628 2825 1079
f 955 1252 416
f 416 1252 3514
f 5380 4654 5423
f 1003 5809 872
f 2174 4105 2185
f 1003 4562 5809
f 667 513 686
f 4350 241 4309
f 4090 3880 3871
f 4309 241 448
f 5298 5165 5621
f 667 494 513
f 5621 5165 5589
f 4226 4764 219
f 862 983 960
f 3573 3033 3560
f 928 474 3158
f 2809 4817 1031
f 3753 2174 4673
f 974 1005 1339
f 3753 4105 2174
f 5078 4228 4167
f 3560 3033 2793
f 4766 2495 2504
f 3346 5536 5630
f 529 540 550
f 3346 5630 5345
f 2926 3594 2607
f 529 550 501
f 3263 3945 3029
f 4743 4336 4697
f 4104 2762 5329
f 2926 3617 3594
f 4743 4318 4336
f 3964 1582 1594
f 5589 5165 493
f 4631 4583 4551
f 4610 4583 4631
f 4948 1982 1785
f 4271 1982 4948
f 1158 474 928
f 855 872 839
f 5575 5442 5422
f 2775 4228 5078
f 5630 5601 5567
f 83 1031 93
f 5630 5624 5601
f 839 872 5809
f 5535 4228 2775
f 83 1345 1031
f 2185 4105 4141
f 3589 3573 3560
f 5366 5618 165
f 4948 4234 4271
f 5366 5774 5618
f 2895 4309 448
f 717 807 559
f 5344 2378 5318
f 2895 4748 4309
f 559 807 902
f 747 4049 5103
f 3777 4479 4551
f 3777 4551 4583
f 4964 4939 4280
f 2358 5434 852
f 1534 1115 1131
f 2358 2386 5434
f 2096 1031 1345
f 4280 4939 2917
f 2809 1031 2096
f 4276 4294 4309
f 4649 3281 4653
f 3777 4583 5795
f 5329 2788 5311
f 745 1642 877
f 5624 5536 4873
f 5630 5536 5624
f 5589 5442 5575
f 5329 2762 2788
f 4686 4673 4651
f 667 174 164
f 3284 3281 4649
f 5406 5139 1571
f 745 563 1642
f 960 589 825
f 5689 2598 5297
f 4049 747 758
f 825 589 2627
f 3895 3953 4686
f 3828 4049 758
f 4276 4309 4693
f 4271 4292 1982
f 1328 55 51
f 4693 4309 4748
f 521 3532 3449
f 4857 5018 5007
f 1512 1334 852
f 3415 3408 3070
f 852 1334 2358
f 2491 4672 3875
f 3065 3117 3102
f 956 1642 563
f 5078 5127 5150
f 575 1642 956
f 165 5618 5203
f 2363 5606 5784
f 1723 5007 5018
f 862 960 825
f 1723 5018 1949
f 3895 4686 4793
f 4637 5724 5783
f 4734 165 5203
f 3070 3408 3423
f 2775 5078 5150
f 2447 4280 2917
f 3548 4894 5008
f 2447 4307 4280
f 717 559 570
f 2726 3548 5008
f 4271 4258 4292
f 717 570 761
f 3947 3227 3169
f 3967 3227 3947
f 1495 521 551
f 4271 4234 4258
f 2655 825 2627
f 166 183 4214
f 758 747 771
f 4214 183 3967
f 2363 5784 3304
f 771 747 793
f 5756 5659 1870
f 3640 4475 3400
f 2746 4475 3640
f 521 536 551
f 5078 4167 5289
f 581 563 745
f 1534 1131 1560
f 2655 813 825
f 2171 855 2192
f 3964 481 169
f 661 5530 585
f 747 5103 1301
f 2171 872 855
f 56 54 1401
f 5018 5106 1949
f 4794 5106 5018
f 5091 569 4894
f 5127 5289 5272
f 5078 5289 5127
f 5091 4894 3548
f 1294 563 581
f 956 563 1294
f 1401 54 1152
f 3121 3967 183
f 373 2057 2032
f 3121 3227 3967
f 838 825 813
f 396 2057 373
f 4163 1544 4188
f 5550 5520 5528
f 4188 1544 1343
f 5528 5520 5503
f 5526 5565 5507
f 862 825 838
f 4686 4651 4607
f 1301 1330 793
f 747 1301 793
f 3691 451 5179
f 5496 5533 5609
f 5503 5520 4605
f 451 3722 5179
f 5516 5533 5496
f 4163 5383 1544
f 5518 5530 661
f 2472 3560 2428
f 5404 2655 2800
f 3667 706 675
f 667 164 5108
f 5809 5507 839
f 606 2400 2408
f 3070 3423 4536
f 5809 5526 5507
f 54 828 1152
f 581 745 766
f 1277 1631 3357
f 3817 5187 5209
f 5550 5851 5520
f 1277 4836 1631
f 4163 4192 2761
f 4163 4188 4192
f 3817 5209 3715
f 902 889 559
f 4297 3397 4275
f 2144 351 1751
f 902 861 889
f 1824 1615 5464
f 5520 1437 4605
f 891 3230 1410
f 2074 3230 891
f 5851 1437 5520
f 1824 5464 3313
f 2054 2776 2748
f 2054 2748 1842
f 331 2400 606
f 3589 3560 2472
f 5713 4935 5689
f 1534 1560 2984
f 208 2400 331
f 1614 1627 1658
f 3691 5179 5214
f 3536 1546 4623
f 3691 5214 3711
f 5562 5718 5546
f 2804 4540 3433
f 5574 5697 5731
f 4731 4935 5713
f 2504 2495 2473
f 2504 2473 2434
f 3791 5194 2761
f 2761 5194 4163
f 4827 4540 2804
f 4347 5406 1571
f 3728 3357 2085
f 5108 164 4942
f 2965 5163 5144
f 2965 5758 5163
f 5063 5109 5077
f 3251 339 3247
f 3357 1631 2085
f 4219 5546 4145
f 5095 5109 5063
f 5340 2776 2054
f 4219 5562 5546
f 5543 5507 5572
f 5572 5507 5565
f 5209 5187 5226
f 3893 3882 4423
f 5792 5697 5574
f 5111 5122 5087
f 4163 5194 5383
f 5226 5187 5242
f 4423 3882 4467
f 5550 3531 5851
f 4275 3397 3355
f 4355 4319 4345
f 4253 5097 2103
f 278 3724 4092
f 4355 4345 4386
f 1583 1627 1614
f 2416 5097 4253
f 606 2583 3551
f 606 3551 331
f 5033 5087 728
f 5033 5111 5087
f 4063 4226 4197
f 1494 5562 4219
f 1906 2268 3199
f 4063 4197 3204
f 1494 2612 5562
f 4355 4386 4166
f 4365 5572 5565
f 4365 4382 5572
f 394 420 5095
f 554 580 1044
f 420 5109 5095
f 5187 392 3736
f 5756 1870 5769
f 3817 392 5187
f 5769 1870 1672
f 4623 1683 4650
f 2471 4319 4355
f 869 2055 885
f 5109 420 1904
f 277 3724 278
f 4623 1546 1683
f 5111 2677 378
f 4355 4166 2471
f 2303 5839 5808
f 5033 2677 5111
f 2471 4166 115
f 606 2408 3233
f 218 308 5825
f 3761 5769 1672
f 3199 2268 3980
f 5638 538 5613
f 2055 1999 885
f 3761 3898 5769
f 5613 538 525
f 4091 4118 3306
f 3070 3565 3415
f 2472 2428 2389
f 554 1044 2900
f 904 597 672
f 5619 5758 2965
f 3433 3405 3466
f 3433 3466 2804
f 5147 5122 5111
f 4478 4423 4467
f 4478 4450 4423
f 5825 308 316
f 2103 2394 3190
f 670 5849 5537
f 3743 4105 3753
f 5674 5689 5297
f 3743 4131 4105
f 4253 2103 3190
f 5144 104 2965
f 3579 4688 4467
f 2965 104 1854
f 3306 4118 83
f 3848 4319 2471
f 3306 83 4752
f 4137 5039 5638
f 3736 3750 5242
f 5638 5039 538
f 378 5147 5111
f 3882 3579 4467
f 378 389 5147
f 3736 5242 5187
f 5600 5638 5613
f 4453 131 4131
f 5626 5638 5600
f 869 885 907
f 3743 4453 4131
f 2583 3233 3216
f 3734 258 3707
f 5644 5822 5622
f 869 907 1430
f 4141 4105 4166
f 606 3233 2583
f 4166 4105 4131
f 5670 2717 2744
f 5802 3060 5815
f 5537 5849 912
f 5815 3060 3097
f 2491 2457 2466
f 3693 3400 3465
f 2466 2457 2425
f 567 5622 528
f 567 5644 5622
f 5838 2717 5670
f 2425 2457 594
f 5136 4704 5125
f 5569 670 5537
f 701 670 5569
f 5331 5815 3097
f 4467 4688 4478
f 4478 4688 4725
f 5331 5346 5815
f 2434 1146 2504
f 131 4166 4131
f 5109 753 5077
f 1277 3357 1325
f 1170 1146 2434
f 131 115 4166
f 5077 753 723
f 4137 5626 3839
f 4137 5638 5626
f 1624 2965 1854
f 1624 2481 2965
f 218 4444 308
f 521 190 3532
f 179 85 4275
f 2428 2410 2389
f 5713 5689 5665
f 2491 3875 2457
f 179 4275 3355
f 5689 5674 5665
f 157 5697 5792
f 1100 157 5792
f 4980 5644 567
f 4980 4128 5644
f 3947 4184 4214
f 3947 4214 3967
f 594 2457 3875
f 1495 190 521
f 5783 5724 5707
f 701 685 670
f 594 3875 2543
f 5109 1904 753
f 5783 5707 5774
f 2937 190 1495
f 5619 2965 2481
f 491 4766 2504
f 3640 3400 3693
f 491 2504 1146
f 132 133 355
f 1235 2290 3440
f 133 389 355
f 121 5814 5412
f 2168 2187 3076
f 17 894 1227
f 121 5412 2223
f 17 3003 20
f 2180 3269 2349
f 2180 3163 3085
f 5501 5524 5690
f 5464 1615 5481
f 4776 5273 5284
f 4770 2084 4720
f 4760 4763 4789
f 3658 4285 3669
f 153 698 4048
f 436 2321 2077
f 4756 4824 4798
f 785 790 795
f 477 505 484
f 3732 5417 4736
f 265 863 274
f 265 2021 846
f 3747 4397 4415
f 484 505 4314
f 484 4314 4349
f 4252 2310 3675
f 274 291 5502
f 4562 5526 5809
f 4420 5101 4638
f 505 3403 4246
f 291 969 964
f 291 964 5502
f 4272 5363 5041
f 4272 5041 5050
f 4385 5533 5516
f 549 5386 5407
f 1079 2825 1095
f 424 467 438
f 4702 4738 3174
f 684 3841 3837
f 4710 5248 5224
f 4771 4804 5141
f 4774 5124 4818
f 735 1699 1761
f 433 5350 418
f 743 756 762
f 1790 1357 4302
f 772 830 3695
f 1802 3697 3212
f 535 545 3438
f 535 3438 3417
f 535 3417 740
f 4365 5526 4562
f 4365 5565 5526
f 4341 5164 4373
f 539 5677 545
f 800 826 886
f 800 886 843
f 800 843 3575
f 698 4058 4048
f 4338 5818 5491
f 4150 4217 4202
f 764 5184 748
f 3993 5249 4150
f 849 895 1699
f 846 2021 851
f 916 941 936
f 916 5847 3847
f 2955 3019 3280
f 942 1481 1367
f 5021 5541 5353
f 2791 3637 3104
f 2567 3370 2619
f 1109 1129 1141
f 1139 2943 2935
f 1139 2935 2246
f 4810 4815 4821
f 1345 3730 2096
f 2980 4537 4548
f 2980 4548 2515
f 1367 1481 1499
f 3203 3256 2257
f 1016 5485 1866
f 3279 429 443
f 3398 3460 3490
f 1242 2968 1227
f 2474 4495 4489
f 4239 5578 4819
f 4296 4301 5037
f 4296 4845 4274
f 4301 4910 4937
f 4301 4937 5037
f 4075 4685 4107
f 4372 5362 5360
f 3757 4690 4361
f 4372 5360 5348
f 1454 4797 4535
f 4391 4400 5398
f 1424 634 4236
f 3735 3738 3762
f 1468 2438 1486
f 3193 5046 5070
f 2864 3919 4503
f 4910 5824 5089
f 4910 4934 4937
f 1832 2243 2241
f 1832 2241 3869
f 1832 3869 5847
f 1905 1182 2146
f 1909 3379 2423
f 1713 336 5764
f 5410 5660 1801
f 2602 2678 2614
f 2241 3544 3869
f 1753 4594 1765
f 1783 5449 1798
f 1792 5639 2224
f 1792 2224 2932
f 2724 1096 2745
f 2745 1096 1796
f 2745 1796 2797
f 2089 4497 4236
f 2089 4236 2442
f 2462 2641 5687
f 2517 5540 5583
f 2522 4812 3128
f 4130 4176 4149
f 4162 5698 5730
f 4176 4430 4477
f 4470 4499 4571
f 4511 4501 471
f 4516 4571 4527
f 2872 3862 5570
f 4527 748 5166
f 4905 5202 5080
f 5166 748 5184
f 5252 5263 5265
f 3207 1584 1550
f 3266 3281 3284
f 3278 4639 4643
f 3362 3395 3694
f 3399 3405 3433
f 3470 3495 3497
f 5823 153 5828
f 3694 2855 2821
f 3694 2821 3888
f 3884 5324 5341
f 4236 634 1827
f 5639 1127 2224
f 5764 336 372
f 51 55 5467
f 57 1121 3961
f 2598 2621 2674
f 63 297 72
f 91 1098 307
f 137 1840 2734
f 273 276 275
f 273 275 5074
f 275 2494 1052
f 275 1052 1036
f 358 3006 966
f 358 966 1086
f 617 601 4147
f 385 1181 390
f 2555 2560 2578
f 390 1181 1198
f 649 1361 4469
f 555 1528 1264
f 398 413 2882
f 398 2882 2876
f 400 2197 3037
f 811 2632 1489
f 947 1130 1135
f 4496 1368 4524
f 537 883 546
f 1020 1125 3972
f 973 1956 1328
f 1011 5022 5012
f 619 622 647
f 619 647 2260
f 1042 1722 2792
f 638 650 1059
f 638 1059 4506
f 714 5403 5073
f 1087 1098 1114
f 771 4859 2154
f 1236 3176 2969
f 1096 2217 1796
f 871 1025 1040
f 872 2171 995
f 1140 1384 1347
f 1354 1369 1368
f 900 1671 1759
f 1152 3328 1401
f 1165 3087 1172
f 926 1155 1133
f 926 1133 934
f 1374 5747 5302
f 1374 5302 4424
f 983 4394 1010
f 994 5218 5820
f 1009 3086 4515
f 1378 2951 2323
f 1015 1028 4790
f 1015 4790 5085
f 1401 3328 3568
f 1773 4384 1893
f 1028 1056 4790
f 4424 5302 5295
f 1034 5101 4420
f 1929 2664 3467
f 1951 3623 43
f 1537 3519 3328
f 1537 2299 2131
f 1086 2899 5803
f 1086 5803 2615
f 1094 4545 4528
f 1623 2202 2831
f 1283 4407 4368
f 2480 2582 4522
f 2588 2607 3012
f 2588 3294 5633
f 1793 3354 2885
f 2192 3637 2638
f 1796 2217 2323
f 1399 1409 1416
f 1427 1456 1823
f 1876 3805 2302
f 1456 1465 1823
f 2011 2014 2464
f 1549 2577 2563
f 3435 3515 3461
f 1598 4135 4155
f 1598 4155 5684
f 1965 4805 1969
f 1666 2955 3280
f 1970 2211 1987
f 1701 2272 2266
f 1756 2927 5074
f 3623 3674 3663
f 2106 2114 2487
f 5393 5373 5854
f 5854 2725 5393
f 5373 200 5856
f 5854 5855 5857
f 5235 5255 5854
f 5857 2725 5854
f 5856 5235 5373
f 4776 4851 5857
f 5235 5856 5858
f 6 5371 5858
f 5371 5254 5858
f 5858 5856 6
f 5854 5373 5235
f 5854 5255 5855
f 5273 5855 5255
f 5855 5273 4776
f 4369 5856 200
f 5856 4369 6
f 5857 5855 4776
f 2725 5857 4851
f 4174 5858 5254
f 5858 4174 5235
f 806 432 883
f 432 546 883
f 1327 4706 4680

