closest_point_tray_x,closest_point_tray_y,closest_point_tray_z,component,endpoint,finger,segment,segment_midpoint_tray_x,segment_midpoint_tray_y,segment_midpoint_tray_z,signed_distance_available,trajectory,units,value
,,,wrist_orientation_error_rad,0,ALL,,,,,,OLD_MINK_REFERENCE,rad,0.10900268093758127
,,,wrist_tray_position_error_m,0,ALL,,,,,,OLD_MINK_REFERENCE,m,0.03473539743043529
,,,fingertip_position_error_m,0,thumb,,,,,,OLD_MINK_REFERENCE,m,0.006215316022820833
,,,fingertip_orientation_error_rad,0,thumb,,,,,,OLD_MINK_REFERENCE,rad,0.07678121200181016
,,,wrist_to_tip_vector_error_m,0,thumb,,,,,,OLD_MINK_REFERENCE,m,0.02570198502476697
,,,direct_proximal_orientation_error_rad,0,thumb,,,,,,OLD_MINK_REFERENCE,rad,0.8175452556138068
,,,direct_distal_orientation_error_rad,0,thumb,,,,,,OLD_MINK_REFERENCE,rad,0.18781968709288346
,,,thumb_to_tip_vector_error_m,0,thumb,,,,,,OLD_MINK_REFERENCE,m,0.0
,,,global_E_bone_diagnostic,0,thumb,,,,,,OLD_MINK_REFERENCE,squared_direction,0.6825475437118231
,,,fingertip_position_error_m,0,index,,,,,,OLD_MINK_REFERENCE,m,0.0030297332230250513
,,,fingertip_orientation_error_rad,0,index,,,,,,OLD_MINK_REFERENCE,rad,0.057666955669052535
,,,wrist_to_tip_vector_error_m,0,index,,,,,,OLD_MINK_REFERENCE,m,0.031037249362573786
,,,direct_proximal_orientation_error_rad,0,index,,,,,,OLD_MINK_REFERENCE,rad,0.4843813516135068
,,,direct_distal_orientation_error_rad,0,index,,,,,,OLD_MINK_REFERENCE,rad,0.14733548239404026
,,,thumb_to_tip_vector_error_m,0,index,,,,,,OLD_MINK_REFERENCE,m,0.008228501732398495
,,,global_E_bone_diagnostic,0,index,,,,,,OLD_MINK_REFERENCE,squared_direction,0.12453046482662086
,,,fingertip_position_error_m,0,middle,,,,,,OLD_MINK_REFERENCE,m,0.009719037496976637
,,,fingertip_orientation_error_rad,0,middle,,,,,,OLD_MINK_REFERENCE,rad,0.34066756283488464
,,,wrist_to_tip_vector_error_m,0,middle,,,,,,OLD_MINK_REFERENCE,m,0.02946267270258036
,,,direct_proximal_orientation_error_rad,0,middle,,,,,,OLD_MINK_REFERENCE,rad,0.2082830856903864
,,,direct_distal_orientation_error_rad,0,middle,,,,,,OLD_MINK_REFERENCE,rad,0.07063954011531019
,,,thumb_to_tip_vector_error_m,0,middle,,,,,,OLD_MINK_REFERENCE,m,0.013223659154071869
,,,global_E_bone_diagnostic,0,middle,,,,,,OLD_MINK_REFERENCE,squared_direction,0.01976665809751579
,,,fingertip_position_error_m,0,ring,,,,,,OLD_MINK_REFERENCE,m,0.004517715416415725
,,,fingertip_orientation_error_rad,0,ring,,,,,,OLD_MINK_REFERENCE,rad,0.3301040936736804
,,,wrist_to_tip_vector_error_m,0,ring,,,,,,OLD_MINK_REFERENCE,m,0.034737283691520404
,,,direct_proximal_orientation_error_rad,0,ring,,,,,,OLD_MINK_REFERENCE,rad,0.16978953475005554
,,,direct_distal_orientation_error_rad,0,ring,,,,,,OLD_MINK_REFERENCE,rad,0.023844623925025267
,,,thumb_to_tip_vector_error_m,0,ring,,,,,,OLD_MINK_REFERENCE,m,0.013932270622438342
,,,global_E_bone_diagnostic,0,ring,,,,,,OLD_MINK_REFERENCE,squared_direction,0.022766367719896163
,,,fingertip_position_error_m,0,pinky,,,,,,OLD_MINK_REFERENCE,m,0.020734946980238967
,,,fingertip_orientation_error_rad,0,pinky,,,,,,OLD_MINK_REFERENCE,rad,0.2498467199972426
,,,wrist_to_tip_vector_error_m,0,pinky,,,,,,OLD_MINK_REFERENCE,m,0.05770835989588297
,,,direct_proximal_orientation_error_rad,0,pinky,,,,,,OLD_MINK_REFERENCE,rad,0.2948600563952377
,,,direct_distal_orientation_error_rad,0,pinky,,,,,,OLD_MINK_REFERENCE,rad,0.1272683025552667
,,,thumb_to_tip_vector_error_m,0,pinky,,,,,,OLD_MINK_REFERENCE,m,0.03226481247101581
,,,global_E_bone_diagnostic,0,pinky,,,,,,OLD_MINK_REFERENCE,squared_direction,0.1514934173701666
,,,global_E_bone_diagnostic,0,ALL,,,,,,OLD_MINK_REFERENCE,squared_direction,1.0011044517260226
,,,global_E_IM_diagnostic,0,ALL,,,,,,OLD_MINK_REFERENCE,m_squared,7.441458934628806e-05
,,,wrist_orientation_error_rad,1,ALL,,,,,,OLD_MINK_REFERENCE,rad,0.11440637224420067
,,,wrist_tray_position_error_m,1,ALL,,,,,,OLD_MINK_REFERENCE,m,0.034669676199605884
,,,fingertip_position_error_m,1,thumb,,,,,,OLD_MINK_REFERENCE,m,0.005705528466562499
,,,fingertip_orientation_error_rad,1,thumb,,,,,,OLD_MINK_REFERENCE,rad,0.0775036478380399
,,,wrist_to_tip_vector_error_m,1,thumb,,,,,,OLD_MINK_REFERENCE,m,0.025869818944461075
,,,direct_proximal_orientation_error_rad,1,thumb,,,,,,OLD_MINK_REFERENCE,rad,0.8121597473958021
,,,direct_distal_orientation_error_rad,1,thumb,,,,,,OLD_MINK_REFERENCE,rad,0.18528054631076316
,,,thumb_to_tip_vector_error_m,1,thumb,,,,,,OLD_MINK_REFERENCE,m,0.0
,,,global_E_bone_diagnostic,1,thumb,,,,,,OLD_MINK_REFERENCE,squared_direction,0.6750148705267726
,,,fingertip_position_error_m,1,index,,,,,,OLD_MINK_REFERENCE,m,0.0030832953644389376
,,,fingertip_orientation_error_rad,1,index,,,,,,OLD_MINK_REFERENCE,rad,0.055957581514196414
,,,wrist_to_tip_vector_error_m,1,index,,,,,,OLD_MINK_REFERENCE,m,0.03084728023345938
,,,direct_proximal_orientation_error_rad,1,index,,,,,,OLD_MINK_REFERENCE,rad,0.49050734465028245
,,,direct_distal_orientation_error_rad,1,index,,,,,,OLD_MINK_REFERENCE,rad,0.14990917731187797
,,,thumb_to_tip_vector_error_m,1,index,,,,,,OLD_MINK_REFERENCE,m,0.007854211820060419
,,,global_E_bone_diagnostic,1,index,,,,,,OLD_MINK_REFERENCE,squared_direction,0.1273631584935511
,,,fingertip_position_error_m,1,middle,,,,,,OLD_MINK_REFERENCE,m,0.009987081588785023
,,,fingertip_orientation_error_rad,1,middle,,,,,,OLD_MINK_REFERENCE,rad,0.33783885823041065
,,,wrist_to_tip_vector_error_m,1,middle,,,,,,OLD_MINK_REFERENCE,m,0.029419956431685646
,,,direct_proximal_orientation_error_rad,1,middle,,,,,,OLD_MINK_REFERENCE,rad,0.21728995155459904
,,,direct_distal_orientation_error_rad,1,middle,,,,,,OLD_MINK_REFERENCE,rad,0.07335941311741713
,,,thumb_to_tip_vector_error_m,1,middle,,,,,,OLD_MINK_REFERENCE,m,0.013468120280603138
,,,global_E_bone_diagnostic,1,middle,,,,,,OLD_MINK_REFERENCE,squared_direction,0.021570401133621995
,,,fingertip_position_error_m,1,ring,,,,,,OLD_MINK_REFERENCE,m,0.004332017840261468
,,,fingertip_orientation_error_rad,1,ring,,,,,,OLD_MINK_REFERENCE,rad,0.35680613959211316
,,,wrist_to_tip_vector_error_m,1,ring,,,,,,OLD_MINK_REFERENCE,m,0.034428638903791595
,,,direct_proximal_orientation_error_rad,1,ring,,,,,,OLD_MINK_REFERENCE,rad,0.1733344754026918
,,,direct_distal_orientation_error_rad,1,ring,,,,,,OLD_MINK_REFERENCE,rad,0.012205446412930768
,,,thumb_to_tip_vector_error_m,1,ring,,,,,,OLD_MINK_REFERENCE,m,0.013411783048087576
,,,global_E_bone_diagnostic,1,ring,,,,,,OLD_MINK_REFERENCE,squared_direction,0.0267250863909718
,,,fingertip_position_error_m,1,pinky,,,,,,OLD_MINK_REFERENCE,m,0.020762648510172853
,,,fingertip_orientation_error_rad,1,pinky,,,,,,OLD_MINK_REFERENCE,rad,0.2788810069203429
,,,wrist_to_tip_vector_error_m,1,pinky,,,,,,OLD_MINK_REFERENCE,m,0.057621530235707735
,,,direct_proximal_orientation_error_rad,1,pinky,,,,,,OLD_MINK_REFERENCE,rad,0.3005714766170699
,,,direct_distal_orientation_error_rad,1,pinky,,,,,,OLD_MINK_REFERENCE,rad,0.13901380940925023
,,,thumb_to_tip_vector_error_m,1,pinky,,,,,,OLD_MINK_REFERENCE,m,0.031960867256400294
,,,global_E_bone_diagnostic,1,pinky,,,,,,OLD_MINK_REFERENCE,squared_direction,0.16326649550102515
,,,global_E_bone_diagnostic,1,ALL,,,,,,OLD_MINK_REFERENCE,squared_direction,1.0139400120459425
,,,global_E_IM_diagnostic,1,ALL,,,,,,OLD_MINK_REFERENCE,m_squared,7.427770085476103e-05
,,,wrist_orientation_error_rad,2,ALL,,,,,,OLD_MINK_REFERENCE,rad,0.1197782706723952
,,,wrist_tray_position_error_m,2,ALL,,,,,,OLD_MINK_REFERENCE,m,0.03462342638475233
,,,fingertip_position_error_m,2,thumb,,,,,,OLD_MINK_REFERENCE,m,0.005244481578244857
,,,fingertip_orientation_error_rad,2,thumb,,,,,,OLD_MINK_REFERENCE,rad,0.07787460333411113
,,,wrist_to_tip_vector_error_m,2,thumb,,,,,,OLD_MINK_REFERENCE,m,0.02602873028453721
,,,direct_proximal_orientation_error_rad,2,thumb,,,,,,OLD_MINK_REFERENCE,rad,0.8070654009498215
,,,direct_distal_orientation_error_rad,2,thumb,,,,,,OLD_MINK_REFERENCE,rad,0.1828896600406943
,,,thumb_to_tip_vector_error_m,2,thumb,,,,,,OLD_MINK_REFERENCE,m,0.0
,,,global_E_bone_diagnostic,2,thumb,,,,,,OLD_MINK_REFERENCE,squared_direction,0.6673277718995524
,,,fingertip_position_error_m,2,index,,,,,,OLD_MINK_REFERENCE,m,0.003136010127460197
,,,fingertip_orientation_error_rad,2,index,,,,,,OLD_MINK_REFERENCE,rad,0.05422584052195323
,,,wrist_to_tip_vector_error_m,2,index,,,,,,OLD_MINK_REFERENCE,m,0.030675030357562263
,,,direct_proximal_orientation_error_rad,2,index,,,,,,OLD_MINK_REFERENCE,rad,0.4985123387691937
,,,direct_distal_orientation_error_rad,2,index,,,,,,OLD_MINK_REFERENCE,rad,0.15428810287379707
,,,thumb_to_tip_vector_error_m,2,index,,,,,,OLD_MINK_REFERENCE,m,0.007480065681832076
,,,global_E_bone_diagnostic,2,index,,,,,,OLD_MINK_REFERENCE,squared_direction,0.13067894799601346
,,,fingertip_position_error_m,2,middle,,,,,,OLD_MINK_REFERENCE,m,0.010239394671821618
,,,fingertip_orientation_error_rad,2,middle,,,,,,OLD_MINK_REFERENCE,rad,0.33459046972049933
,,,wrist_to_tip_vector_error_m,2,middle,,,,,,OLD_MINK_REFERENCE,m,0.029425073276133668
,,,direct_proximal_orientation_error_rad,2,middle,,,,,,OLD_MINK_REFERENCE,rad,0.22661033105676423
,,,direct_distal_orientation_error_rad,2,middle,,,,,,OLD_MINK_REFERENCE,rad,0.07579736585440916
,,,thumb_to_tip_vector_error_m,2,middle,,,,,,OLD_MINK_REFERENCE,m,0.013717827136232541
,,,global_E_bone_diagnostic,2,middle,,,,,,OLD_MINK_REFERENCE,squared_direction,0.023666812241516108
,,,fingertip_position_error_m,2,ring,,,,,,OLD_MINK_REFERENCE,m,0.004214688827106931
,,,fingertip_orientation_error_rad,2,ring,,,,,,OLD_MINK_REFERENCE,rad,0.38450534200090025
,,,wrist_to_tip_vector_error_m,2,ring,,,,,,OLD_MINK_REFERENCE,m,0.03411723964647037
,,,direct_proximal_orientation_error_rad,2,ring,,,,,,OLD_MINK_REFERENCE,rad,0.17699272888067724
,,,direct_distal_orientation_error_rad,2,ring,,,,,,OLD_MINK_REFERENCE,rad,0.023769875341497423
,,,thumb_to_tip_vector_error_m,2,ring,,,,,,OLD_MINK_REFERENCE,m,0.012861101252210426
,,,global_E_bone_diagnostic,2,ring,,,,,,OLD_MINK_REFERENCE,squared_direction,0.03209980386545065
,,,fingertip_position_error_m,2,pinky,,,,,,OLD_MINK_REFERENCE,m,0.020783106420305075
,,,fingertip_orientation_error_rad,2,pinky,,,,,,OLD_MINK_REFERENCE,rad,0.3086008666142245
,,,wrist_to_tip_vector_error_m,2,pinky,,,,,,OLD_MINK_REFERENCE,m,0.05752498921530415
,,,direct_proximal_orientation_error_rad,2,pinky,,,,,,OLD_MINK_REFERENCE,rad,0.30540583361197216
,,,direct_distal_orientation_error_rad,2,pinky,,,,,,OLD_MINK_REFERENCE,rad,0.15182648794873418
,,,thumb_to_tip_vector_error_m,2,pinky,,,,,,OLD_MINK_REFERENCE,m,0.03166431243707059
,,,global_E_bone_diagnostic,2,pinky,,,,,,OLD_MINK_REFERENCE,squared_direction,0.17558574118429232
,,,global_E_bone_diagnostic,2,ALL,,,,,,OLD_MINK_REFERENCE,squared_direction,1.0293590771868248
,,,global_E_IM_diagnostic,2,ALL,,,,,,OLD_MINK_REFERENCE,m_squared,7.595601269899957e-05
,,,wrist_orientation_error_rad,3,ALL,,,,,,OLD_MINK_REFERENCE,rad,0.12496321467367506
,,,wrist_tray_position_error_m,3,ALL,,,,,,OLD_MINK_REFERENCE,m,0.034637725430661286
,,,fingertip_position_error_m,3,thumb,,,,,,OLD_MINK_REFERENCE,m,0.004833186009676156
,,,fingertip_orientation_error_rad,3,thumb,,,,,,OLD_MINK_REFERENCE,rad,0.07943599178057698
,,,wrist_to_tip_vector_error_m,3,thumb,,,,,,OLD_MINK_REFERENCE,m,0.026222186072987635
,,,direct_proximal_orientation_error_rad,3,thumb,,,,,,OLD_MINK_REFERENCE,rad,0.8021017987741196
,,,direct_distal_orientation_error_rad,3,thumb,,,,,,OLD_MINK_REFERENCE,rad,0.18111590877680045
,,,thumb_to_tip_vector_error_m,3,thumb,,,,,,OLD_MINK_REFERENCE,m,0.0
,,,global_E_bone_diagnostic,3,thumb,,,,,,OLD_MINK_REFERENCE,squared_direction,0.6608829046361834
,,,fingertip_position_error_m,3,index,,,,,,OLD_MINK_REFERENCE,m,0.0031962044097489577
,,,fingertip_orientation_error_rad,3,index,,,,,,OLD_MINK_REFERENCE,rad,0.05306131374201892
,,,wrist_to_tip_vector_error_m,3,index,,,,,,OLD_MINK_REFERENCE,m,0.030570252127398626
,,,direct_proximal_orientation_error_rad,3,index,,,,,,OLD_MINK_REFERENCE,rad,0.510361444775469
,,,direct_distal_orientation_error_rad,3,index,,,,,,OLD_MINK_REFERENCE,rad,0.16366812304897424
,,,thumb_to_tip_vector_error_m,3,index,,,,,,OLD_MINK_REFERENCE,m,0.007017458677993505
,,,global_E_bone_diagnostic,3,index,,,,,,OLD_MINK_REFERENCE,squared_direction,0.1342414184763663
,,,fingertip_position_error_m,3,middle,,,,,,OLD_MINK_REFERENCE,m,0.010434608739695714
,,,fingertip_orientation_error_rad,3,middle,,,,,,OLD_MINK_REFERENCE,rad,0.3300637536250802
,,,wrist_to_tip_vector_error_m,3,middle,,,,,,OLD_MINK_REFERENCE,m,0.02949869479731725
,,,direct_proximal_orientation_error_rad,3,middle,,,,,,OLD_MINK_REFERENCE,rad,0.23594784393608367
,,,direct_distal_orientation_error_rad,3,middle,,,,,,OLD_MINK_REFERENCE,rad,0.07638098084524834
,,,thumb_to_tip_vector_error_m,3,middle,,,,,,OLD_MINK_REFERENCE,m,0.013823120220809035
,,,global_E_bone_diagnostic,3,middle,,,,,,OLD_MINK_REFERENCE,squared_direction,0.026496591961447335
,,,fingertip_position_error_m,3,ring,,,,,,OLD_MINK_REFERENCE,m,0.004161173522835874
,,,fingertip_orientation_error_rad,3,ring,,,,,,OLD_MINK_REFERENCE,rad,0.4122738075253533
,,,wrist_to_tip_vector_error_m,3,ring,,,,,,OLD_MINK_REFERENCE,m,0.03384144997360696
,,,direct_proximal_orientation_error_rad,3,ring,,,,,,OLD_MINK_REFERENCE,rad,0.18146879092154433
,,,direct_distal_orientation_error_rad,3,ring,,,,,,OLD_MINK_REFERENCE,rad,0.047046288559016596
,,,thumb_to_tip_vector_error_m,3,ring,,,,,,OLD_MINK_REFERENCE,m,0.01218445404498835
,,,global_E_bone_diagnostic,3,ring,,,,,,OLD_MINK_REFERENCE,squared_direction,0.03974620289715105
,,,fingertip_position_error_m,3,pinky,,,,,,OLD_MINK_REFERENCE,m,0.020763855052015032
,,,fingertip_orientation_error_rad,3,pinky,,,,,,OLD_MINK_REFERENCE,rad,0.33870394204424625
,,,wrist_to_tip_vector_error_m,3,pinky,,,,,,OLD_MINK_REFERENCE,m,0.0574208559289301
,,,direct_proximal_orientation_error_rad,3,pinky,,,,,,OLD_MINK_REFERENCE,rad,0.30919242141540015
,,,direct_distal_orientation_error_rad,3,pinky,,,,,,OLD_MINK_REFERENCE,rad,0.1657666130510252
,,,thumb_to_tip_vector_error_m,3,pinky,,,,,,OLD_MINK_REFERENCE,m,0.03131953516212441
,,,global_E_bone_diagnostic,3,pinky,,,,,,OLD_MINK_REFERENCE,squared_direction,0.18833900461868683
,,,global_E_bone_diagnostic,3,ALL,,,,,,OLD_MINK_REFERENCE,squared_direction,1.049706122589835
,,,global_E_IM_diagnostic,3,ALL,,,,,,OLD_MINK_REFERENCE,m_squared,7.606035282074628e-05
,,,wrist_orientation_error_rad,4,ALL,,,,,,OLD_MINK_REFERENCE,rad,0.12958068849609566
,,,wrist_tray_position_error_m,4,ALL,,,,,,OLD_MINK_REFERENCE,m,0.034773768819347316
,,,fingertip_position_error_m,4,thumb,,,,,,OLD_MINK_REFERENCE,m,0.004571109900099328
,,,fingertip_orientation_error_rad,4,thumb,,,,,,OLD_MINK_REFERENCE,rad,0.08362354897950998
,,,wrist_to_tip_vector_error_m,4,thumb,,,,,,OLD_MINK_REFERENCE,m,0.026463662201095105
,,,direct_proximal_orientation_error_rad,4,thumb,,,,,,OLD_MINK_REFERENCE,rad,0.7981171960518142
,,,direct_distal_orientation_error_rad,4,thumb,,,,,,OLD_MINK_REFERENCE,rad,0.1806647171216384
,,,thumb_to_tip_vector_error_m,4,thumb,,,,,,OLD_MINK_REFERENCE,m,0.0
,,,global_E_bone_diagnostic,4,thumb,,,,,,OLD_MINK_REFERENCE,squared_direction,0.6580383273481913
,,,fingertip_position_error_m,4,index,,,,,,OLD_MINK_REFERENCE,m,0.0032410184322742776
,,,fingertip_orientation_error_rad,4,index,,,,,,OLD_MINK_REFERENCE,rad,0.05187924766174044
,,,wrist_to_tip_vector_error_m,4,index,,,,,,OLD_MINK_REFERENCE,m,0.030647715876899743
,,,direct_proximal_orientation_error_rad,4,index,,,,,,OLD_MINK_REFERENCE,rad,0.5286109057582746
,,,direct_distal_orientation_error_rad,4,index,,,,,,OLD_MINK_REFERENCE,rad,0.18253767185442013
,,,thumb_to_tip_vector_error_m,4,index,,,,,,OLD_MINK_REFERENCE,m,0.00645579160936695
,,,global_E_bone_diagnostic,4,index,,,,,,OLD_MINK_REFERENCE,squared_direction,0.13750081803840628
,,,fingertip_position_error_m,4,middle,,,,,,OLD_MINK_REFERENCE,m,0.010513110316814744
,,,fingertip_orientation_error_rad,4,middle,,,,,,OLD_MINK_REFERENCE,rad,0.32370904994085525
,,,wrist_to_tip_vector_error_m,4,middle,,,,,,OLD_MINK_REFERENCE,m,0.029700187314614126
,,,direct_proximal_orientation_error_rad,4,middle,,,,,,OLD_MINK_REFERENCE,rad,0.24600530126946782
,,,direct_distal_orientation_error_rad,4,middle,,,,,,OLD_MINK_REFERENCE,rad,0.07355965937130207
,,,thumb_to_tip_vector_error_m,4,middle,,,,,,OLD_MINK_REFERENCE,m,0.013621686646155182
,,,global_E_bone_diagnostic,4,middle,,,,,,OLD_MINK_REFERENCE,squared_direction,0.03092034665084499
,,,fingertip_position_error_m,4,ring,,,,,,OLD_MINK_REFERENCE,m,0.004184052175742861
,,,fingertip_orientation_error_rad,4,ring,,,,,,OLD_MINK_REFERENCE,rad,0.43818345899941363
,,,wrist_to_tip_vector_error_m,4,ring,,,,,,OLD_MINK_REFERENCE,m,0.0336858191093658
,,,direct_proximal_orientation_error_rad,4,ring,,,,,,OLD_MINK_REFERENCE,rad,0.18867022567983863
,,,direct_distal_orientation_error_rad,4,ring,,,,,,OLD_MINK_REFERENCE,rad,0.07616649700702056
,,,thumb_to_tip_vector_error_m,4,ring,,,,,,OLD_MINK_REFERENCE,m,0.011348066755880258
,,,global_E_bone_diagnostic,4,ring,,,,,,OLD_MINK_REFERENCE,squared_direction,0.05109129179935734
,,,fingertip_position_error_m,4,pinky,,,,,,OLD_MINK_REFERENCE,m,0.02068839441496446
,,,fingertip_orientation_error_rad,4,pinky,,,,,,OLD_MINK_REFERENCE,rad,0.368650240139731
,,,wrist_to_tip_vector_error_m,4,pinky,,,,,,OLD_MINK_REFERENCE,m,0.05735375149855191
,,,direct_proximal_orientation_error_rad,4,pinky,,,,,,OLD_MINK_REFERENCE,rad,0.31605334746658076
,,,direct_distal_orientation_error_rad,4,pinky,,,,,,OLD_MINK_REFERENCE,rad,0.18288229777772305
,,,thumb_to_tip_vector_error_m,4,pinky,,,,,,OLD_MINK_REFERENCE,m,0.030955006670272178
,,,global_E_bone_diagnostic,4,pinky,,,,,,OLD_MINK_REFERENCE,squared_direction,0.20597000186445982
,,,global_E_bone_diagnostic,4,ALL,,,,,,OLD_MINK_REFERENCE,squared_direction,1.0835207857012599
,,,global_E_IM_diagnostic,4,ALL,,,,,,OLD_MINK_REFERENCE,m_squared,7.625973217094903e-05
,,,wrist_orientation_error_rad,5,ALL,,,,,,OLD_MINK_REFERENCE,rad,0.13328721079099207
,,,wrist_tray_position_error_m,5,ALL,,,,,,OLD_MINK_REFERENCE,m,0.03504884131319424
,,,fingertip_position_error_m,5,thumb,,,,,,OLD_MINK_REFERENCE,m,0.004668346015849975
,,,fingertip_orientation_error_rad,5,thumb,,,,,,OLD_MINK_REFERENCE,rad,0.08942185580883895
,,,wrist_to_tip_vector_error_m,5,thumb,,,,,,OLD_MINK_REFERENCE,m,0.02663720918220568
,,,direct_proximal_orientation_error_rad,5,thumb,,,,,,OLD_MINK_REFERENCE,rad,0.7978283383548994
,,,direct_distal_orientation_error_rad,5,thumb,,,,,,OLD_MINK_REFERENCE,rad,0.18208630250807484
,,,thumb_to_tip_vector_error_m,5,thumb,,,,,,OLD_MINK_REFERENCE,m,0.0
,,,global_E_bone_diagnostic,5,thumb,,,,,,OLD_MINK_REFERENCE,squared_direction,0.6610859198354859
,,,fingertip_position_error_m,5,index,,,,,,OLD_MINK_REFERENCE,m,0.0032150353835480707
,,,fingertip_orientation_error_rad,5,index,,,,,,OLD_MINK_REFERENCE,rad,0.05061279548417016
,,,wrist_to_tip_vector_error_m,5,index,,,,,,OLD_MINK_REFERENCE,m,0.03083057190078998
,,,direct_proximal_orientation_error_rad,5,index,,,,,,OLD_MINK_REFERENCE,rad,0.5558249466846525
,,,direct_distal_orientation_error_rad,5,index,,,,,,OLD_MINK_REFERENCE,rad,0.21147634740596263
,,,thumb_to_tip_vector_error_m,5,index,,,,,,OLD_MINK_REFERENCE,m,0.005843907275175987
,,,global_E_bone_diagnostic,5,index,,,,,,OLD_MINK_REFERENCE,squared_direction,0.1427504576073003
,,,fingertip_position_error_m,5,middle,,,,,,OLD_MINK_REFERENCE,m,0.010294438692342539
,,,fingertip_orientation_error_rad,5,middle,,,,,,OLD_MINK_REFERENCE,rad,0.31285551803923795
,,,wrist_to_tip_vector_error_m,5,middle,,,,,,OLD_MINK_REFERENCE,m,0.03007224621876214
,,,direct_proximal_orientation_error_rad,5,middle,,,,,,OLD_MINK_REFERENCE,rad,0.25725660020075874
,,,direct_distal_orientation_error_rad,5,middle,,,,,,OLD_MINK_REFERENCE,rad,0.06449152877334027
,,,thumb_to_tip_vector_error_m,5,middle,,,,,,OLD_MINK_REFERENCE,m,0.012940442543432478
,,,global_E_bone_diagnostic,5,middle,,,,,,OLD_MINK_REFERENCE,squared_direction,0.038467749830300414
,,,fingertip_position_error_m,5,ring,,,,,,OLD_MINK_REFERENCE,m,0.00419587462177283
,,,fingertip_orientation_error_rad,5,ring,,,,,,OLD_MINK_REFERENCE,rad,0.4592148362931474
,,,wrist_to_tip_vector_error_m,5,ring,,,,,,OLD_MINK_REFERENCE,m,0.03381507813369837
,,,direct_proximal_orientation_error_rad,5,ring,,,,,,OLD_MINK_REFERENCE,rad,0.19970496031218096
,,,direct_distal_orientation_error_rad,5,ring,,,,,,OLD_MINK_REFERENCE,rad,0.1061711294724837
,,,thumb_to_tip_vector_error_m,5,ring,,,,,,OLD_MINK_REFERENCE,m,0.01066491828497601
,,,global_E_bone_diagnostic,5,ring,,,,,,OLD_MINK_REFERENCE,squared_direction,0.0665393829390838
,,,fingertip_position_error_m,5,pinky,,,,,,OLD_MINK_REFERENCE,m,0.020546061694232905
,,,fingertip_orientation_error_rad,5,pinky,,,,,,OLD_MINK_REFERENCE,rad,0.3983516055897725
,,,wrist_to_tip_vector_error_m,5,pinky,,,,,,OLD_MINK_REFERENCE,m,0.05733040669956967
,,,direct_proximal_orientation_error_rad,5,pinky,,,,,,OLD_MINK_REFERENCE,rad,0.3288929339101489
,,,direct_distal_orientation_error_rad,5,pinky,,,,,,OLD_MINK_REFERENCE,rad,0.2065257195556602
,,,thumb_to_tip_vector_error_m,5,pinky,,,,,,OLD_MINK_REFERENCE,m,0.030711864849933566
,,,global_E_bone_diagnostic,5,pinky,,,,,,OLD_MINK_REFERENCE,squared_direction,0.2337455020384608
,,,global_E_bone_diagnostic,5,ALL,,,,,,OLD_MINK_REFERENCE,squared_direction,1.1425890122506313
,,,global_E_IM_diagnostic,5,ALL,,,,,,OLD_MINK_REFERENCE,m_squared,7.272034960677221e-05
,,,wrist_orientation_error_rad,6,ALL,,,,,,OLD_MINK_REFERENCE,rad,0.13591090988648366
,,,wrist_tray_position_error_m,6,ALL,,,,,,OLD_MINK_REFERENCE,m,0.0354029889831581
,,,fingertip_position_error_m,6,thumb,,,,,,OLD_MINK_REFERENCE,m,0.005411165464721706
,,,fingertip_orientation_error_rad,6,thumb,,,,,,OLD_MINK_REFERENCE,rad,0.09164525523371528
,,,wrist_to_tip_vector_error_m,6,thumb,,,,,,OLD_MINK_REFERENCE,m,0.026440400933385445
,,,direct_proximal_orientation_error_rad,6,thumb,,,,,,OLD_MINK_REFERENCE,rad,0.8057251833324958
,,,direct_distal_orientation_error_rad,6,thumb,,,,,,OLD_MINK_REFERENCE,rad,0.18432775873378776
,,,thumb_to_tip_vector_error_m,6,thumb,,,,,,OLD_MINK_REFERENCE,m,0.0
,,,global_E_bone_diagnostic,6,thumb,,,,,,OLD_MINK_REFERENCE,squared_direction,0.6709282204897622
,,,fingertip_position_error_m,6,index,,,,,,OLD_MINK_REFERENCE,m,0.0031829713912483754
,,,fingertip_orientation_error_rad,6,index,,,,,,OLD_MINK_REFERENCE,rad,0.04913384664685914
,,,wrist_to_tip_vector_error_m,6,index,,,,,,OLD_MINK_REFERENCE,m,0.030629050244005432
,,,direct_proximal_orientation_error_rad,6,index,,,,,,OLD_MINK_REFERENCE,rad,0.5937964123395881
,,,direct_distal_orientation_error_rad,6,index,,,,,,OLD_MINK_REFERENCE,rad,0.24420786034146985
,,,thumb_to_tip_vector_error_m,6,index,,,,,,OLD_MINK_REFERENCE,m,0.005192784865220353
,,,global_E_bone_diagnostic,6,index,,,,,,OLD_MINK_REFERENCE,squared_direction,0.15737916907118024
,,,fingertip_position_error_m,6,middle,,,,,,OLD_MINK_REFERENCE,m,0.00966787962523339
,,,fingertip_orientation_error_rad,6,middle,,,,,,OLD_MINK_REFERENCE,rad,0.29532312667657384
,,,wrist_to_tip_vector_error_m,6,middle,,,,,,OLD_MINK_REFERENCE,m,0.030807136622134943
,,,direct_proximal_orientation_error_rad,6,middle,,,,,,OLD_MINK_REFERENCE,rad,0.2729653414732001
,,,direct_distal_orientation_error_rad,6,middle,,,,,,OLD_MINK_REFERENCE,rad,0.04946063359343897
,,,thumb_to_tip_vector_error_m,6,middle,,,,,,OLD_MINK_REFERENCE,m,0.012131285130727504
,,,global_E_bone_diagnostic,6,middle,,,,,,OLD_MINK_REFERENCE,squared_direction,0.05179321790905268
,,,fingertip_position_error_m,6,ring,,,,,,OLD_MINK_REFERENCE,m,0.004044488207552966
,,,fingertip_orientation_error_rad,6,ring,,,,,,OLD_MINK_REFERENCE,rad,0.47212303147784584
,,,wrist_to_tip_vector_error_m,6,ring,,,,,,OLD_MINK_REFERENCE,m,0.034138742579898275
,,,direct_proximal_orientation_error_rad,6,ring,,,,,,OLD_MINK_REFERENCE,rad,0.2102198643147168
,,,direct_distal_orientation_error_rad,6,ring,,,,,,OLD_MINK_REFERENCE,rad,0.14050462754895093
,,,thumb_to_tip_vector_error_m,6,ring,,,,,,OLD_MINK_REFERENCE,m,0.010405242113879198
,,,global_E_bone_diagnostic,6,ring,,,,,,OLD_MINK_REFERENCE,squared_direction,0.08636214345722662
,,,fingertip_position_error_m,6,pinky,,,,,,OLD_MINK_REFERENCE,m,0.02033185776295681
,,,fingertip_orientation_error_rad,6,pinky,,,,,,OLD_MINK_REFERENCE,rad,0.42741741066177474
,,,wrist_to_tip_vector_error_m,6,pinky,,,,,,OLD_MINK_REFERENCE,m,0.057343378649964236
,,,direct_proximal_orientation_error_rad,6,pinky,,,,,,OLD_MINK_REFERENCE,rad,0.3510453242363751
,,,direct_distal_orientation_error_rad,6,pinky,,,,,,OLD_MINK_REFERENCE,rad,0.24071538846799878
,,,thumb_to_tip_vector_error_m,6,pinky,,,,,,OLD_MINK_REFERENCE,m,0.030932278118181892
,,,global_E_bone_diagnostic,6,pinky,,,,,,OLD_MINK_REFERENCE,squared_direction,0.27959184289341504
,,,global_E_bone_diagnostic,6,ALL,,,,,,OLD_MINK_REFERENCE,squared_direction,1.2460545938206367
,,,global_E_IM_diagnostic,6,ALL,,,,,,OLD_MINK_REFERENCE,m_squared,7.219605118399191e-05
,,,wrist_orientation_error_rad,7,ALL,,,,,,OLD_MINK_REFERENCE,rad,0.13641946782527065
,,,wrist_tray_position_error_m,7,ALL,,,,,,OLD_MINK_REFERENCE,m,0.03603362806538246
,,,fingertip_position_error_m,7,thumb,,,,,,OLD_MINK_REFERENCE,m,0.005644601276342626
,,,fingertip_orientation_error_rad,7,thumb,,,,,,OLD_MINK_REFERENCE,rad,0.09894486398272097
,,,wrist_to_tip_vector_error_m,7,thumb,,,,,,OLD_MINK_REFERENCE,m,0.026465097334598765
,,,direct_proximal_orientation_error_rad,7,thumb,,,,,,OLD_MINK_REFERENCE,rad,0.825105581169935
,,,direct_distal_orientation_error_rad,7,thumb,,,,,,OLD_MINK_REFERENCE,rad,0.159997595818065
,,,thumb_to_tip_vector_error_m,7,thumb,,,,,,OLD_MINK_REFERENCE,m,0.0
,,,global_E_bone_diagnostic,7,thumb,,,,,,OLD_MINK_REFERENCE,squared_direction,0.7077853645973151
,,,fingertip_position_error_m,7,index,,,,,,OLD_MINK_REFERENCE,m,0.002909663839918756
,,,fingertip_orientation_error_rad,7,index,,,,,,OLD_MINK_REFERENCE,rad,0.05821745249202618
,,,wrist_to_tip_vector_error_m,7,index,,,,,,OLD_MINK_REFERENCE,m,0.031025515772643952
,,,direct_proximal_orientation_error_rad,7,index,,,,,,OLD_MINK_REFERENCE,rad,0.6392901688494157
,,,direct_distal_orientation_error_rad,7,index,,,,,,OLD_MINK_REFERENCE,rad,0.29443848210213897
,,,thumb_to_tip_vector_error_m,7,index,,,,,,OLD_MINK_REFERENCE,m,0.006105988525874425
,,,global_E_bone_diagnostic,7,index,,,,,,OLD_MINK_REFERENCE,squared_direction,0.173062102373809
,,,fingertip_position_error_m,7,middle,,,,,,OLD_MINK_REFERENCE,m,0.008633525962197668
,,,fingertip_orientation_error_rad,7,middle,,,,,,OLD_MINK_REFERENCE,rad,0.27189465749699027
,,,wrist_to_tip_vector_error_m,7,middle,,,,,,OLD_MINK_REFERENCE,m,0.03170403463731541
,,,direct_proximal_orientation_error_rad,7,middle,,,,,,OLD_MINK_REFERENCE,rad,0.28655694348345584
,,,direct_distal_orientation_error_rad,7,middle,,,,,,OLD_MINK_REFERENCE,rad,0.04133034875162571
,,,thumb_to_tip_vector_error_m,7,middle,,,,,,OLD_MINK_REFERENCE,m,0.011995599091627014
,,,global_E_bone_diagnostic,7,middle,,,,,,OLD_MINK_REFERENCE,squared_direction,0.06763274739760963
,,,fingertip_position_error_m,7,ring,,,,,,OLD_MINK_REFERENCE,m,0.003833168089099752
,,,fingertip_orientation_error_rad,7,ring,,,,,,OLD_MINK_REFERENCE,rad,0.4748160319084403
,,,wrist_to_tip_vector_error_m,7,ring,,,,,,OLD_MINK_REFERENCE,m,0.034775608164769975
,,,direct_proximal_orientation_error_rad,7,ring,,,,,,OLD_MINK_REFERENCE,rad,0.22193518035131143
,,,direct_distal_orientation_error_rad,7,ring,,,,,,OLD_MINK_REFERENCE,rad,0.18362437742574542
,,,thumb_to_tip_vector_error_m,7,ring,,,,,,OLD_MINK_REFERENCE,m,0.010540925027824504
,,,global_E_bone_diagnostic,7,ring,,,,,,OLD_MINK_REFERENCE,squared_direction,0.11374025827014474
,,,fingertip_position_error_m,7,pinky,,,,,,OLD_MINK_REFERENCE,m,0.01999176445726536
,,,fingertip_orientation_error_rad,7,pinky,,,,,,OLD_MINK_REFERENCE,rad,0.4561131077367713
,,,wrist_to_tip_vector_error_m,7,pinky,,,,,,OLD_MINK_REFERENCE,m,0.05748625840942052
,,,direct_proximal_orientation_error_rad,7,pinky,,,,,,OLD_MINK_REFERENCE,rad,0.3876116868098196
,,,direct_distal_orientation_error_rad,7,pinky,,,,,,OLD_MINK_REFERENCE,rad,0.28756711640779503
,,,thumb_to_tip_vector_error_m,7,pinky,,,,,,OLD_MINK_REFERENCE,m,0.031145633691279918
,,,global_E_bone_diagnostic,7,pinky,,,,,,OLD_MINK_REFERENCE,squared_direction,0.35305609692096535
,,,global_E_bone_diagnostic,7,ALL,,,,,,OLD_MINK_REFERENCE,squared_direction,1.4152765695598437
,,,global_E_IM_diagnostic,7,ALL,,,,,,OLD_MINK_REFERENCE,m_squared,7.457320520078118e-05
,,,wrist_orientation_error_rad,8,ALL,,,,,,OLD_MINK_REFERENCE,rad,0.13457498213237973
,,,wrist_tray_position_error_m,8,ALL,,,,,,OLD_MINK_REFERENCE,m,0.03718908910724156
,,,fingertip_position_error_m,8,thumb,,,,,,OLD_MINK_REFERENCE,m,0.007899849557423476
,,,fingertip_orientation_error_rad,8,thumb,,,,,,OLD_MINK_REFERENCE,rad,0.07991818791382818
,,,wrist_to_tip_vector_error_m,8,thumb,,,,,,OLD_MINK_REFERENCE,m,0.025290773625085458
,,,direct_proximal_orientation_error_rad,8,thumb,,,,,,OLD_MINK_REFERENCE,rad,0.8519084656829159
,,,direct_distal_orientation_error_rad,8,thumb,,,,,,OLD_MINK_REFERENCE,rad,0.16410690319492605
,,,thumb_to_tip_vector_error_m,8,thumb,,,,,,OLD_MINK_REFERENCE,m,0.0
,,,global_E_bone_diagnostic,8,thumb,,,,,,OLD_MINK_REFERENCE,squared_direction,0.7218020782009248
,,,fingertip_position_error_m,8,index,,,,,,OLD_MINK_REFERENCE,m,0.004192850328708033
,,,fingertip_orientation_error_rad,8,index,,,,,,OLD_MINK_REFERENCE,rad,0.07867731709090048
,,,wrist_to_tip_vector_error_m,8,index,,,,,,OLD_MINK_REFERENCE,m,0.031458913079770494
,,,direct_proximal_orientation_error_rad,8,index,,,,,,OLD_MINK_REFERENCE,rad,0.6813607175272564
,,,direct_distal_orientation_error_rad,8,index,,,,,,OLD_MINK_REFERENCE,rad,0.35476981864264345
,,,thumb_to_tip_vector_error_m,8,index,,,,,,OLD_MINK_REFERENCE,m,0.0066529550977289685
,,,global_E_bone_diagnostic,8,index,,,,,,OLD_MINK_REFERENCE,squared_direction,0.19316209516900482
,,,fingertip_position_error_m,8,middle,,,,,,OLD_MINK_REFERENCE,m,0.007679340775439797
,,,fingertip_orientation_error_rad,8,middle,,,,,,OLD_MINK_REFERENCE,rad,0.24901893164937933
,,,wrist_to_tip_vector_error_m,8,middle,,,,,,OLD_MINK_REFERENCE,m,0.03424707838767999
,,,direct_proximal_orientation_error_rad,8,middle,,,,,,OLD_MINK_REFERENCE,rad,0.3275351322284791
,,,direct_distal_orientation_error_rad,8,middle,,,,,,OLD_MINK_REFERENCE,rad,0.05465249955876382
,,,thumb_to_tip_vector_error_m,8,middle,,,,,,OLD_MINK_REFERENCE,m,0.012611109511686059
,,,global_E_bone_diagnostic,8,middle,,,,,,OLD_MINK_REFERENCE,squared_direction,0.09807072584709059
,,,fingertip_position_error_m,8,ring,,,,,,OLD_MINK_REFERENCE,m,0.003516790424115996
,,,fingertip_orientation_error_rad,8,ring,,,,,,OLD_MINK_REFERENCE,rad,0.46564087821600314
,,,wrist_to_tip_vector_error_m,8,ring,,,,,,OLD_MINK_REFERENCE,m,0.03615864683711315
,,,direct_proximal_orientation_error_rad,8,ring,,,,,,OLD_MINK_REFERENCE,rad,0.24357294576950142
,,,direct_distal_orientation_error_rad,8,ring,,,,,,OLD_MINK_REFERENCE,rad,0.23692982907284224
,,,thumb_to_tip_vector_error_m,8,ring,,,,,,OLD_MINK_REFERENCE,m,0.011986355221113113
,,,global_E_bone_diagnostic,8,ring,,,,,,OLD_MINK_REFERENCE,squared_direction,0.15503473902304796
,,,fingertip_position_error_m,8,pinky,,,,,,OLD_MINK_REFERENCE,m,0.01952003503384066
,,,fingertip_orientation_error_rad,8,pinky,,,,,,OLD_MINK_REFERENCE,rad,0.48345120219246784
,,,wrist_to_tip_vector_error_m,8,pinky,,,,,,OLD_MINK_REFERENCE,m,0.057935863382469886
,,,direct_proximal_orientation_error_rad,8,pinky,,,,,,OLD_MINK_REFERENCE,rad,0.44489857523209136
,,,direct_distal_orientation_error_rad,8,pinky,,,,,,OLD_MINK_REFERENCE,rad,0.34864235283206496
,,,thumb_to_tip_vector_error_m,8,pinky,,,,,,OLD_MINK_REFERENCE,m,0.03271903750959433
,,,global_E_bone_diagnostic,8,pinky,,,,,,OLD_MINK_REFERENCE,squared_direction,0.4679496424939921
,,,global_E_bone_diagnostic,8,ALL,,,,,,OLD_MINK_REFERENCE,squared_direction,1.6360192807340603
,,,global_E_IM_diagnostic,8,ALL,,,,,,OLD_MINK_REFERENCE,m_squared,7.806084320332968e-05
,,,wrist_orientation_error_rad,9,ALL,,,,,,OLD_MINK_REFERENCE,rad,0.13214446044554834
,,,wrist_tray_position_error_m,9,ALL,,,,,,OLD_MINK_REFERENCE,m,0.03850508773255797
,,,fingertip_position_error_m,9,thumb,,,,,,OLD_MINK_REFERENCE,m,0.009831932991258592
,,,fingertip_orientation_error_rad,9,thumb,,,,,,OLD_MINK_REFERENCE,rad,0.0773494605052807
,,,wrist_to_tip_vector_error_m,9,thumb,,,,,,OLD_MINK_REFERENCE,m,0.0247181982828992
,,,direct_proximal_orientation_error_rad,9,thumb,,,,,,OLD_MINK_REFERENCE,rad,0.8787532045433462
,,,direct_distal_orientation_error_rad,9,thumb,,,,,,OLD_MINK_REFERENCE,rad,0.16485738487311566
,,,thumb_to_tip_vector_error_m,9,thumb,,,,,,OLD_MINK_REFERENCE,m,0.0
,,,global_E_bone_diagnostic,9,thumb,,,,,,OLD_MINK_REFERENCE,squared_direction,0.7569541551009722
,,,fingertip_position_error_m,9,index,,,,,,OLD_MINK_REFERENCE,m,0.006901489023509237
,,,fingertip_orientation_error_rad,9,index,,,,,,OLD_MINK_REFERENCE,rad,0.10115713624145169
,,,wrist_to_tip_vector_error_m,9,index,,,,,,OLD_MINK_REFERENCE,m,0.03092996297300177
,,,direct_proximal_orientation_error_rad,9,index,,,,,,OLD_MINK_REFERENCE,rad,0.7122461995347953
,,,direct_distal_orientation_error_rad,9,index,,,,,,OLD_MINK_REFERENCE,rad,0.40964880456962705
,,,thumb_to_tip_vector_error_m,9,index,,,,,,OLD_MINK_REFERENCE,m,0.006703159697344325
,,,global_E_bone_diagnostic,9,index,,,,,,OLD_MINK_REFERENCE,squared_direction,0.22501200793491413
,,,fingertip_position_error_m,9,middle,,,,,,OLD_MINK_REFERENCE,m,0.007287265579963458
,,,fingertip_orientation_error_rad,9,middle,,,,,,OLD_MINK_REFERENCE,rad,0.22684991450538927
,,,wrist_to_tip_vector_error_m,9,middle,,,,,,OLD_MINK_REFERENCE,m,0.03783755545313892
,,,direct_proximal_orientation_error_rad,9,middle,,,,,,OLD_MINK_REFERENCE,rad,0.3831028846736218
,,,direct_distal_orientation_error_rad,9,middle,,,,,,OLD_MINK_REFERENCE,rad,0.0745799924712321
,,,thumb_to_tip_vector_error_m,9,middle,,,,,,OLD_MINK_REFERENCE,m,0.01540858587957338
,,,global_E_bone_diagnostic,9,middle,,,,,,OLD_MINK_REFERENCE,squared_direction,0.14007428191353438
,,,fingertip_position_error_m,9,ring,,,,,,OLD_MINK_REFERENCE,m,0.0035254138585777495
,,,fingertip_orientation_error_rad,9,ring,,,,,,OLD_MINK_REFERENCE,rad,0.4425284613825466
,,,wrist_to_tip_vector_error_m,9,ring,,,,,,OLD_MINK_REFERENCE,m,0.038059941826451386
,,,direct_proximal_orientation_error_rad,9,ring,,,,,,OLD_MINK_REFERENCE,rad,0.2618905435815302
,,,direct_distal_orientation_error_rad,9,ring,,,,,,OLD_MINK_REFERENCE,rad,0.29498915634854794
,,,thumb_to_tip_vector_error_m,9,ring,,,,,,OLD_MINK_REFERENCE,m,0.014175560398380421
,,,global_E_bone_diagnostic,9,ring,,,,,,OLD_MINK_REFERENCE,squared_direction,0.20100709102013103
,,,fingertip_position_error_m,9,pinky,,,,,,OLD_MINK_REFERENCE,m,0.01927586952606819
,,,fingertip_orientation_error_rad,9,pinky,,,,,,OLD_MINK_REFERENCE,rad,0.5071078920126469
,,,wrist_to_tip_vector_error_m,9,pinky,,,,,,OLD_MINK_REFERENCE,m,0.05890963204725088
,,,direct_proximal_orientation_error_rad,9,pinky,,,,,,OLD_MINK_REFERENCE,rad,0.5254770249682261
,,,direct_distal_orientation_error_rad,9,pinky,,,,,,OLD_MINK_REFERENCE,rad,0.4183232919088402
,,,thumb_to_tip_vector_error_m,9,pinky,,,,,,OLD_MINK_REFERENCE,m,0.03447443230260893
,,,global_E_bone_diagnostic,9,pinky,,,,,,OLD_MINK_REFERENCE,squared_direction,0.6329615022370408
,,,global_E_bone_diagnostic,9,ALL,,,,,,OLD_MINK_REFERENCE,squared_direction,1.9560090382065924
,,,global_E_IM_diagnostic,9,ALL,,,,,,OLD_MINK_REFERENCE,m_squared,7.707228742132438e-05
,,,wrist_orientation_error_rad,10,ALL,,,,,,OLD_MINK_REFERENCE,rad,0.12916608243105288
,,,wrist_tray_position_error_m,10,ALL,,,,,,OLD_MINK_REFERENCE,m,0.03831162519836645
,,,fingertip_position_error_m,10,thumb,,,,,,OLD_MINK_REFERENCE,m,0.010419243303266282
,,,fingertip_orientation_error_rad,10,thumb,,,,,,OLD_MINK_REFERENCE,rad,0.07848206532099684
,,,wrist_to_tip_vector_error_m,10,thumb,,,,,,OLD_MINK_REFERENCE,m,0.024436654058336248
,,,direct_proximal_orientation_error_rad,10,thumb,,,,,,OLD_MINK_REFERENCE,rad,0.900857677691806
,,,direct_distal_orientation_error_rad,10,thumb,,,,,,OLD_MINK_REFERENCE,rad,0.17504913394843014
,,,thumb_to_tip_vector_error_m,10,thumb,,,,,,OLD_MINK_REFERENCE,m,0.0
,,,global_E_bone_diagnostic,10,thumb,,,,,,OLD_MINK_REFERENCE,squared_direction,0.7906612162642198
,,,fingertip_position_error_m,10,index,,,,,,OLD_MINK_REFERENCE,m,0.011291099804819064
,,,fingertip_orientation_error_rad,10,index,,,,,,OLD_MINK_REFERENCE,rad,0.12395837296960148
,,,wrist_to_tip_vector_error_m,10,index,,,,,,OLD_MINK_REFERENCE,m,0.027061217568896265
,,,direct_proximal_orientation_error_rad,10,index,,,,,,OLD_MINK_REFERENCE,rad,0.73021865775654
,,,direct_distal_orientation_error_rad,10,index,,,,,,OLD_MINK_REFERENCE,rad,0.41801515435533076
,,,thumb_to_tip_vector_error_m,10,index,,,,,,OLD_MINK_REFERENCE,m,0.005496824791357227
,,,global_E_bone_diagnostic,10,index,,,,,,OLD_MINK_REFERENCE,squared_direction,0.2823391669852152
,,,fingertip_position_error_m,10,middle,,,,,,OLD_MINK_REFERENCE,m,0.006767895449523918
,,,fingertip_orientation_error_rad,10,middle,,,,,,OLD_MINK_REFERENCE,rad,0.20863571536222936
,,,wrist_to_tip_vector_error_m,10,middle,,,,,,OLD_MINK_REFERENCE,m,0.038194749994040884
,,,direct_proximal_orientation_error_rad,10,middle,,,,,,OLD_MINK_REFERENCE,rad,0.3631149577600656
,,,direct_distal_orientation_error_rad,10,middle,,,,,,OLD_MINK_REFERENCE,rad,0.08959166974770065
,,,thumb_to_tip_vector_error_m,10,middle,,,,,,OLD_MINK_REFERENCE,m,0.014684786189725447
,,,global_E_bone_diagnostic,10,middle,,,,,,OLD_MINK_REFERENCE,squared_direction,0.1324266256360111
,,,fingertip_position_error_m,10,ring,,,,,,OLD_MINK_REFERENCE,m,0.004752749450074354
,,,fingertip_orientation_error_rad,10,ring,,,,,,OLD_MINK_REFERENCE,rad,0.4082082591978516
,,,wrist_to_tip_vector_error_m,10,ring,,,,,,OLD_MINK_REFERENCE,m,0.04059097485837285
,,,direct_proximal_orientation_error_rad,10,ring,,,,,,OLD_MINK_REFERENCE,rad,0.2740633981191363
,,,direct_distal_orientation_error_rad,10,ring,,,,,,OLD_MINK_REFERENCE,rad,0.34061755050968145
,,,thumb_to_tip_vector_error_m,10,ring,,,,,,OLD_MINK_REFERENCE,m,0.01725288236485187
,,,global_E_bone_diagnostic,10,ring,,,,,,OLD_MINK_REFERENCE,squared_direction,0.23530376890271051
,,,fingertip_position_error_m,10,pinky,,,,,,OLD_MINK_REFERENCE,m,0.020240366776264805
,,,fingertip_orientation_error_rad,10,pinky,,,,,,OLD_MINK_REFERENCE,rad,0.5285280934910183
,,,wrist_to_tip_vector_error_m,10,pinky,,,,,,OLD_MINK_REFERENCE,m,0.05886531888820343
,,,direct_proximal_orientation_error_rad,10,pinky,,,,,,OLD_MINK_REFERENCE,rad,0.505561302504899
,,,direct_distal_orientation_error_rad,10,pinky,,,,,,OLD_MINK_REFERENCE,rad,0.4870066952892548
,,,thumb_to_tip_vector_error_m,10,pinky,,,,,,OLD_MINK_REFERENCE,m,0.035354437406805536
,,,global_E_bone_diagnostic,10,pinky,,,,,,OLD_MINK_REFERENCE,squared_direction,0.6783792367618213
,,,global_E_bone_diagnostic,10,ALL,,,,,,OLD_MINK_REFERENCE,squared_direction,2.119110014549978
,,,global_E_IM_diagnostic,10,ALL,,,,,,OLD_MINK_REFERENCE,m_squared,8.892633399359631e-05
,,,wrist_orientation_error_rad,11,ALL,,,,,,OLD_MINK_REFERENCE,rad,0.12569703068488863
,,,wrist_tray_position_error_m,11,ALL,,,,,,OLD_MINK_REFERENCE,m,0.03773734663620812
,,,fingertip_position_error_m,11,thumb,,,,,,OLD_MINK_REFERENCE,m,0.011131867483101352
,,,fingertip_orientation_error_rad,11,thumb,,,,,,OLD_MINK_REFERENCE,rad,0.08319672031204639
,,,wrist_to_tip_vector_error_m,11,thumb,,,,,,OLD_MINK_REFERENCE,m,0.024439201459022876
,,,direct_proximal_orientation_error_rad,11,thumb,,,,,,OLD_MINK_REFERENCE,rad,0.916992822014404
,,,direct_distal_orientation_error_rad,11,thumb,,,,,,OLD_MINK_REFERENCE,rad,0.18882774708143266
,,,thumb_to_tip_vector_error_m,11,thumb,,,,,,OLD_MINK_REFERENCE,m,0.0
,,,global_E_bone_diagnostic,11,thumb,,,,,,OLD_MINK_REFERENCE,squared_direction,0.8176998351780809
,,,fingertip_position_error_m,11,index,,,,,,OLD_MINK_REFERENCE,m,0.013126880085741817
,,,fingertip_orientation_error_rad,11,index,,,,,,OLD_MINK_REFERENCE,rad,0.14935839314901247
,,,wrist_to_tip_vector_error_m,11,index,,,,,,OLD_MINK_REFERENCE,m,0.024847697802200485
,,,direct_proximal_orientation_error_rad,11,index,,,,,,OLD_MINK_REFERENCE,rad,0.744148132957117
,,,direct_distal_orientation_error_rad,11,index,,,,,,OLD_MINK_REFERENCE,rad,0.45975507729640425
,,,thumb_to_tip_vector_error_m,11,index,,,,,,OLD_MINK_REFERENCE,m,0.006669938621750936
,,,global_E_bone_diagnostic,11,index,,,,,,OLD_MINK_REFERENCE,squared_direction,0.3425053023445852
,,,fingertip_position_error_m,11,middle,,,,,,OLD_MINK_REFERENCE,m,0.009509541896480248
,,,fingertip_orientation_error_rad,11,middle,,,,,,OLD_MINK_REFERENCE,rad,0.19941048461986033
,,,wrist_to_tip_vector_error_m,11,middle,,,,,,OLD_MINK_REFERENCE,m,0.04093613511618926
,,,direct_proximal_orientation_error_rad,11,middle,,,,,,OLD_MINK_REFERENCE,rad,0.38846832421951755
,,,direct_distal_orientation_error_rad,11,middle,,,,,,OLD_MINK_REFERENCE,rad,0.10543267508056942
,,,thumb_to_tip_vector_error_m,11,middle,,,,,,OLD_MINK_REFERENCE,m,0.017090243603197487
,,,global_E_bone_diagnostic,11,middle,,,,,,OLD_MINK_REFERENCE,squared_direction,0.1528812284830883
,,,fingertip_position_error_m,11,ring,,,,,,OLD_MINK_REFERENCE,m,0.004474666605772207
,,,fingertip_orientation_error_rad,11,ring,,,,,,OLD_MINK_REFERENCE,rad,0.3705078323227711
,,,wrist_to_tip_vector_error_m,11,ring,,,,,,OLD_MINK_REFERENCE,m,0.038653891065923776
,,,direct_proximal_orientation_error_rad,11,ring,,,,,,OLD_MINK_REFERENCE,rad,0.17692384050271384
,,,direct_distal_orientation_error_rad,11,ring,,,,,,OLD_MINK_REFERENCE,rad,0.3745565382997847
,,,thumb_to_tip_vector_error_m,11,ring,,,,,,OLD_MINK_REFERENCE,m,0.016616749373255177
,,,global_E_bone_diagnostic,11,ring,,,,,,OLD_MINK_REFERENCE,squared_direction,0.20225382704390324
,,,fingertip_position_error_m,11,pinky,,,,,,OLD_MINK_REFERENCE,m,0.021241526955784584
,,,fingertip_orientation_error_rad,11,pinky,,,,,,OLD_MINK_REFERENCE,rad,0.5520019709506178
,,,wrist_to_tip_vector_error_m,11,pinky,,,,,,OLD_MINK_REFERENCE,m,0.058079580514622864
,,,direct_proximal_orientation_error_rad,11,pinky,,,,,,OLD_MINK_REFERENCE,rad,0.4449647791286795
,,,direct_distal_orientation_error_rad,11,pinky,,,,,,OLD_MINK_REFERENCE,rad,0.5519149939278559
,,,thumb_to_tip_vector_error_m,11,pinky,,,,,,OLD_MINK_REFERENCE,m,0.0362026497871071
,,,global_E_bone_diagnostic,11,pinky,,,,,,OLD_MINK_REFERENCE,squared_direction,0.665590991679959
,,,global_E_bone_diagnostic,11,ALL,,,,,,OLD_MINK_REFERENCE,squared_direction,2.1809311847296167
,,,global_E_IM_diagnostic,11,ALL,,,,,,OLD_MINK_REFERENCE,m_squared,9.259615549478402e-05
,,,wrist_orientation_error_rad,12,ALL,,,,,,OLD_MINK_REFERENCE,rad,0.12380990398569656
,,,wrist_tray_position_error_m,12,ALL,,,,,,OLD_MINK_REFERENCE,m,0.03594357178761983
,,,fingertip_position_error_m,12,thumb,,,,,,OLD_MINK_REFERENCE,m,0.011569309892780778
,,,fingertip_orientation_error_rad,12,thumb,,,,,,OLD_MINK_REFERENCE,rad,0.08887709233560775
,,,wrist_to_tip_vector_error_m,12,thumb,,,,,,OLD_MINK_REFERENCE,m,0.024574173913053075
,,,direct_proximal_orientation_error_rad,12,thumb,,,,,,OLD_MINK_REFERENCE,rad,0.9238791542907191
,,,direct_distal_orientation_error_rad,12,thumb,,,,,,OLD_MINK_REFERENCE,rad,0.2019160416336786
,,,thumb_to_tip_vector_error_m,12,thumb,,,,,,OLD_MINK_REFERENCE,m,0.0
,,,global_E_bone_diagnostic,12,thumb,,,,,,OLD_MINK_REFERENCE,squared_direction,0.8293032373148149
,,,fingertip_position_error_m,12,index,,,,,,OLD_MINK_REFERENCE,m,0.015355679695276849
,,,fingertip_orientation_error_rad,12,index,,,,,,OLD_MINK_REFERENCE,rad,0.1764762146027025
,,,wrist_to_tip_vector_error_m,12,index,,,,,,OLD_MINK_REFERENCE,m,0.02108217202336629
,,,direct_proximal_orientation_error_rad,12,index,,,,,,OLD_MINK_REFERENCE,rad,0.7612598814708875
,,,direct_distal_orientation_error_rad,12,index,,,,,,OLD_MINK_REFERENCE,rad,0.4792031429517016
,,,thumb_to_tip_vector_error_m,12,index,,,,,,OLD_MINK_REFERENCE,m,0.009852507927294082
,,,global_E_bone_diagnostic,12,index,,,,,,OLD_MINK_REFERENCE,squared_direction,0.43209570435115346
,,,fingertip_position_error_m,12,middle,,,,,,OLD_MINK_REFERENCE,m,0.01041846886069236
,,,fingertip_orientation_error_rad,12,middle,,,,,,OLD_MINK_REFERENCE,rad,0.19638895088048633
,,,wrist_to_tip_vector_error_m,12,middle,,,,,,OLD_MINK_REFERENCE,m,0.04022231271427725
,,,direct_proximal_orientation_error_rad,12,middle,,,,,,OLD_MINK_REFERENCE,rad,0.34201396790587146
,,,direct_distal_orientation_error_rad,12,middle,,,,,,OLD_MINK_REFERENCE,rad,0.1181462318091428
,,,thumb_to_tip_vector_error_m,12,middle,,,,,,OLD_MINK_REFERENCE,m,0.01622746478367486
,,,global_E_bone_diagnostic,12,middle,,,,,,OLD_MINK_REFERENCE,squared_direction,0.12955838423662724
,,,fingertip_position_error_m,12,ring,,,,,,OLD_MINK_REFERENCE,m,0.004914080603128367
,,,fingertip_orientation_error_rad,12,ring,,,,,,OLD_MINK_REFERENCE,rad,0.337139146547141
,,,wrist_to_tip_vector_error_m,12,ring,,,,,,OLD_MINK_REFERENCE,m,0.037200344466768405
,,,direct_proximal_orientation_error_rad,12,ring,,,,,,OLD_MINK_REFERENCE,rad,0.09757109637064551
,,,direct_distal_orientation_error_rad,12,ring,,,,,,OLD_MINK_REFERENCE,rad,0.395411766247528
,,,thumb_to_tip_vector_error_m,12,ring,,,,,,OLD_MINK_REFERENCE,m,0.01756262417630778
,,,global_E_bone_diagnostic,12,ring,,,,,,OLD_MINK_REFERENCE,squared_direction,0.1837588287359009
,,,fingertip_position_error_m,12,pinky,,,,,,OLD_MINK_REFERENCE,m,0.02236861304300865
,,,fingertip_orientation_error_rad,12,pinky,,,,,,OLD_MINK_REFERENCE,rad,0.574751902292088
,,,wrist_to_tip_vector_error_m,12,pinky,,,,,,OLD_MINK_REFERENCE,m,0.05621528458477698
,,,direct_proximal_orientation_error_rad,12,pinky,,,,,,OLD_MINK_REFERENCE,rad,0.3487961698227177
,,,direct_distal_orientation_error_rad,12,pinky,,,,,,OLD_MINK_REFERENCE,rad,0.604373397420554
,,,thumb_to_tip_vector_error_m,12,pinky,,,,,,OLD_MINK_REFERENCE,m,0.03689014052000063
,,,global_E_bone_diagnostic,12,pinky,,,,,,OLD_MINK_REFERENCE,squared_direction,0.6027494404451363
,,,global_E_bone_diagnostic,12,ALL,,,,,,OLD_MINK_REFERENCE,squared_direction,2.177465595083633
,,,global_E_IM_diagnostic,12,ALL,,,,,,OLD_MINK_REFERENCE,m_squared,9.270976840508271e-05
,,,wrist_orientation_error_rad,13,ALL,,,,,,OLD_MINK_REFERENCE,rad,0.12282372334494958
,,,wrist_tray_position_error_m,13,ALL,,,,,,OLD_MINK_REFERENCE,m,0.0356970126314203
,,,fingertip_position_error_m,13,thumb,,,,,,OLD_MINK_REFERENCE,m,0.012409684199100079
,,,fingertip_orientation_error_rad,13,thumb,,,,,,OLD_MINK_REFERENCE,rad,0.09489539300955402
,,,wrist_to_tip_vector_error_m,13,thumb,,,,,,OLD_MINK_REFERENCE,m,0.024948524508263133
,,,direct_proximal_orientation_error_rad,13,thumb,,,,,,OLD_MINK_REFERENCE,rad,0.9156571353896029
,,,direct_distal_orientation_error_rad,13,thumb,,,,,,OLD_MINK_REFERENCE,rad,0.2054634608118908
,,,thumb_to_tip_vector_error_m,13,thumb,,,,,,OLD_MINK_REFERENCE,m,0.0
,,,global_E_bone_diagnostic,13,thumb,,,,,,OLD_MINK_REFERENCE,squared_direction,0.8187119990949879
,,,fingertip_position_error_m,13,index,,,,,,OLD_MINK_REFERENCE,m,0.008031963950973206
,,,fingertip_orientation_error_rad,13,index,,,,,,OLD_MINK_REFERENCE,rad,0.2289575504321063
,,,wrist_to_tip_vector_error_m,13,index,,,,,,OLD_MINK_REFERENCE,m,0.029767785386962953
,,,direct_proximal_orientation_error_rad,13,index,,,,,,OLD_MINK_REFERENCE,rad,0.7821573667475595
,,,direct_distal_orientation_error_rad,13,index,,,,,,OLD_MINK_REFERENCE,rad,0.7054866505860271
,,,thumb_to_tip_vector_error_m,13,index,,,,,,OLD_MINK_REFERENCE,m,0.0058037283958364905
,,,global_E_bone_diagnostic,13,index,,,,,,OLD_MINK_REFERENCE,squared_direction,0.5599632441006284
,,,fingertip_position_error_m,13,middle,,,,,,OLD_MINK_REFERENCE,m,0.006213232700417286
,,,fingertip_orientation_error_rad,13,middle,,,,,,OLD_MINK_REFERENCE,rad,0.18915395307331295
,,,wrist_to_tip_vector_error_m,13,middle,,,,,,OLD_MINK_REFERENCE,m,0.030559401547270385
,,,direct_proximal_orientation_error_rad,13,middle,,,,,,OLD_MINK_REFERENCE,rad,0.13730533819087404
,,,direct_distal_orientation_error_rad,13,middle,,,,,,OLD_MINK_REFERENCE,rad,0.12027402595658811
,,,thumb_to_tip_vector_error_m,13,middle,,,,,,OLD_MINK_REFERENCE,m,0.008430255599003487
,,,global_E_bone_diagnostic,13,middle,,,,,,OLD_MINK_REFERENCE,squared_direction,0.050238085486428295
,,,fingertip_position_error_m,13,ring,,,,,,OLD_MINK_REFERENCE,m,0.004964875457914456
,,,fingertip_orientation_error_rad,13,ring,,,,,,OLD_MINK_REFERENCE,rad,0.31345598817557013
,,,wrist_to_tip_vector_error_m,13,ring,,,,,,OLD_MINK_REFERENCE,m,0.037222295149372524
,,,direct_proximal_orientation_error_rad,13,ring,,,,,,OLD_MINK_REFERENCE,rad,0.06647678936435218
,,,direct_distal_orientation_error_rad,13,ring,,,,,,OLD_MINK_REFERENCE,rad,0.40735785069859526
,,,thumb_to_tip_vector_error_m,13,ring,,,,,,OLD_MINK_REFERENCE,m,0.018816625855394176
,,,global_E_bone_diagnostic,13,ring,,,,,,OLD_MINK_REFERENCE,squared_direction,0.18763879105323966
,,,fingertip_position_error_m,13,pinky,,,,,,OLD_MINK_REFERENCE,m,0.022336716331709073
,,,fingertip_orientation_error_rad,13,pinky,,,,,,OLD_MINK_REFERENCE,rad,0.5930022867280401
,,,wrist_to_tip_vector_error_m,13,pinky,,,,,,OLD_MINK_REFERENCE,m,0.05537400414089289
,,,direct_proximal_orientation_error_rad,13,pinky,,,,,,OLD_MINK_REFERENCE,rad,0.3185466479562291
,,,direct_distal_orientation_error_rad,13,pinky,,,,,,OLD_MINK_REFERENCE,rad,0.637597790448612
,,,thumb_to_tip_vector_error_m,13,pinky,,,,,,OLD_MINK_REFERENCE,m,0.03747426020126713
,,,global_E_bone_diagnostic,13,pinky,,,,,,OLD_MINK_REFERENCE,squared_direction,0.6052903698437563
,,,global_E_bone_diagnostic,13,ALL,,,,,,OLD_MINK_REFERENCE,squared_direction,2.2218424895790405
,,,global_E_IM_diagnostic,13,ALL,,,,,,OLD_MINK_REFERENCE,m_squared,9.041091926504376e-05
,,,wrist_orientation_error_rad,14,ALL,,,,,,OLD_MINK_REFERENCE,rad,0.11898088517045184
,,,wrist_tray_position_error_m,14,ALL,,,,,,OLD_MINK_REFERENCE,m,0.03782790501946595
,,,fingertip_position_error_m,14,thumb,,,,,,OLD_MINK_REFERENCE,m,0.012815196817670892
,,,fingertip_orientation_error_rad,14,thumb,,,,,,OLD_MINK_REFERENCE,rad,0.11637133435591482
,,,wrist_to_tip_vector_error_m,14,thumb,,,,,,OLD_MINK_REFERENCE,m,0.025865711570334002
,,,direct_proximal_orientation_error_rad,14,thumb,,,,,,OLD_MINK_REFERENCE,rad,0.8945021399387421
,,,direct_distal_orientation_error_rad,14,thumb,,,,,,OLD_MINK_REFERENCE,rad,0.18670317046651003
,,,thumb_to_tip_vector_error_m,14,thumb,,,,,,OLD_MINK_REFERENCE,m,0.0
,,,global_E_bone_diagnostic,14,thumb,,,,,,OLD_MINK_REFERENCE,squared_direction,0.8042839243300872
,,,fingertip_position_error_m,14,index,,,,,,OLD_MINK_REFERENCE,m,0.00811062472563188
,,,fingertip_orientation_error_rad,14,index,,,,,,OLD_MINK_REFERENCE,rad,0.23419086731309632
,,,wrist_to_tip_vector_error_m,14,index,,,,,,OLD_MINK_REFERENCE,m,0.03411084029194219
,,,direct_proximal_orientation_error_rad,14,index,,,,,,OLD_MINK_REFERENCE,rad,0.7929951878000409
,,,direct_distal_orientation_error_rad,14,index,,,,,,OLD_MINK_REFERENCE,rad,0.8680868453766457
,,,thumb_to_tip_vector_error_m,14,index,,,,,,OLD_MINK_REFERENCE,m,0.008606806988025567
,,,global_E_bone_diagnostic,14,index,,,,,,OLD_MINK_REFERENCE,squared_direction,0.7267707130379442
,,,fingertip_position_error_m,14,middle,,,,,,OLD_MINK_REFERENCE,m,0.007956672651921383
,,,fingertip_orientation_error_rad,14,middle,,,,,,OLD_MINK_REFERENCE,rad,0.187263933192964
,,,wrist_to_tip_vector_error_m,14,middle,,,,,,OLD_MINK_REFERENCE,m,0.031242877228708266
,,,direct_proximal_orientation_error_rad,14,middle,,,,,,OLD_MINK_REFERENCE,rad,0.134688461815116
,,,direct_distal_orientation_error_rad,14,middle,,,,,,OLD_MINK_REFERENCE,rad,0.13088144711079375
,,,thumb_to_tip_vector_error_m,14,middle,,,,,,OLD_MINK_REFERENCE,m,0.009511551939746923
,,,global_E_bone_diagnostic,14,middle,,,,,,OLD_MINK_REFERENCE,squared_direction,0.05637342941373703
,,,fingertip_position_error_m,14,ring,,,,,,OLD_MINK_REFERENCE,m,0.004479575554816868
,,,fingertip_orientation_error_rad,14,ring,,,,,,OLD_MINK_REFERENCE,rad,0.3059298334044355
,,,wrist_to_tip_vector_error_m,14,ring,,,,,,OLD_MINK_REFERENCE,m,0.040102747842880135
,,,direct_proximal_orientation_error_rad,14,ring,,,,,,OLD_MINK_REFERENCE,rad,0.11832749041944644
,,,direct_distal_orientation_error_rad,14,ring,,,,,,OLD_MINK_REFERENCE,rad,0.41569484964473197
,,,thumb_to_tip_vector_error_m,14,ring,,,,,,OLD_MINK_REFERENCE,m,0.019623156276302327
,,,global_E_bone_diagnostic,14,ring,,,,,,OLD_MINK_REFERENCE,squared_direction,0.2223339343506932
,,,near_interaction_position_error_m,14,ring,proximal,,,,,OLD_MINK_REFERENCE,m,0.01603830870419507
,,,near_interaction_orientation_error_rad,14,ring,proximal,,,,,OLD_MINK_REFERENCE,rad,0.10575529246312075
,,,native_surface_unsigned_distance_m,14,ring,proximal,,,,,OLD_MINK_REFERENCE,m,0.03817057705450516
-0.1477475,-0.08696011000000001,0.01629767,native_surface_signed_distance_m,14,ring,proximal,-0.16590135566528713,-0.11425689922074238,0.03585056685433341,True,OLD_MINK_REFERENCE,m,-0.03817057982087135
,,,near_interaction_position_error_m,14,ring,distal,,,,,OLD_MINK_REFERENCE,m,0.003162999588390244
,,,near_interaction_orientation_error_rad,14,ring,distal,,,,,OLD_MINK_REFERENCE,rad,0.30195725828551334
,,,native_surface_unsigned_distance_m,14,ring,distal,,,,,OLD_MINK_REFERENCE,m,0.015652149866718233
-0.13807019,-0.09139857,0.01524994,native_surface_signed_distance_m,14,ring,distal,-0.140896108605692,-0.10646375698663893,0.01841918605258356,True,OLD_MINK_REFERENCE,m,-0.015652155503630638
,,,fingertip_position_error_m,14,pinky,,,,,,OLD_MINK_REFERENCE,m,0.021580249056583133
,,,fingertip_orientation_error_rad,14,pinky,,,,,,OLD_MINK_REFERENCE,rad,0.606943127546223
,,,wrist_to_tip_vector_error_m,14,pinky,,,,,,OLD_MINK_REFERENCE,m,0.05705427810065323
,,,direct_proximal_orientation_error_rad,14,pinky,,,,,,OLD_MINK_REFERENCE,rad,0.41145696427899553
,,,direct_distal_orientation_error_rad,14,pinky,,,,,,OLD_MINK_REFERENCE,rad,0.6564245028691154
,,,thumb_to_tip_vector_error_m,14,pinky,,,,,,OLD_MINK_REFERENCE,m,0.03746689338946815
,,,global_E_bone_diagnostic,14,pinky,,,,,,OLD_MINK_REFERENCE,squared_direction,0.7461280734979097
,,,near_interaction_position_error_m,14,pinky,proximal,,,,,OLD_MINK_REFERENCE,m,0.01164073310376162
,,,near_interaction_orientation_error_rad,14,pinky,proximal,,,,,OLD_MINK_REFERENCE,rad,0.4064018393224975
,,,native_surface_unsigned_distance_m,14,pinky,proximal,,,,,OLD_MINK_REFERENCE,m,0.04029222108832328
-0.15311889,-0.08263878000000001,0.015070650000000001,native_surface_signed_distance_m,14,pinky,proximal,-0.18299438864441395,-0.10783605658870807,0.024869369992432132,True,OLD_MINK_REFERENCE,m,-0.040292225778102875
,,,near_interaction_position_error_m,14,pinky,distal,,,,,OLD_MINK_REFERENCE,m,0.019722225636628857
,,,near_interaction_orientation_error_rad,14,pinky,distal,,,,,OLD_MINK_REFERENCE,rad,0.5734942087931484
,,,native_surface_unsigned_distance_m,14,pinky,distal,,,,,OLD_MINK_REFERENCE,m,0.008830531569128079
-0.15257794723468615,-0.08331594996833465,0.013008006554956675,native_surface_signed_distance_m,14,pinky,distal,-0.1590551603672174,-0.08894541871833533,0.010926401543937992,True,OLD_MINK_REFERENCE,m,-0.008830530568957329
,,,global_E_bone_diagnostic,14,ALL,,,,,,OLD_MINK_REFERENCE,squared_direction,2.555890074630371
,,,global_E_IM_diagnostic,14,ALL,,,,,,OLD_MINK_REFERENCE,m_squared,9.555688619864222e-05
,,,wrist_orientation_error_rad,15,ALL,,,,,,OLD_MINK_REFERENCE,rad,0.11673689261425088
,,,wrist_tray_position_error_m,15,ALL,,,,,,OLD_MINK_REFERENCE,m,0.0385254026393519
,,,fingertip_position_error_m,15,thumb,,,,,,OLD_MINK_REFERENCE,m,0.012597634140484535
,,,fingertip_orientation_error_rad,15,thumb,,,,,,OLD_MINK_REFERENCE,rad,0.15425622084832097
,,,wrist_to_tip_vector_error_m,15,thumb,,,,,,OLD_MINK_REFERENCE,m,0.027191391463692847
,,,direct_proximal_orientation_error_rad,15,thumb,,,,,,OLD_MINK_REFERENCE,rad,0.8659754094241511
,,,direct_distal_orientation_error_rad,15,thumb,,,,,,OLD_MINK_REFERENCE,rad,0.16822759748883598
,,,thumb_to_tip_vector_error_m,15,thumb,,,,,,OLD_MINK_REFERENCE,m,0.0
,,,global_E_bone_diagnostic,15,thumb,,,,,,OLD_MINK_REFERENCE,squared_direction,0.787900247967519
,,,fingertip_position_error_m,15,index,,,,,,OLD_MINK_REFERENCE,m,0.007818866182765425
,,,fingertip_orientation_error_rad,15,index,,,,,,OLD_MINK_REFERENCE,rad,0.25389013286696893
,,,wrist_to_tip_vector_error_m,15,index,,,,,,OLD_MINK_REFERENCE,m,0.035206516858596534
,,,direct_proximal_orientation_error_rad,15,index,,,,,,OLD_MINK_REFERENCE,rad,0.7938182988511437
,,,direct_distal_orientation_error_rad,15,index,,,,,,OLD_MINK_REFERENCE,rad,0.9563833382313375
,,,thumb_to_tip_vector_error_m,15,index,,,,,,OLD_MINK_REFERENCE,m,0.008403243517674724
,,,global_E_bone_diagnostic,15,index,,,,,,OLD_MINK_REFERENCE,squared_direction,0.8695949585859012
,,,fingertip_position_error_m,15,middle,,,,,,OLD_MINK_REFERENCE,m,0.009468976587869613
,,,fingertip_orientation_error_rad,15,middle,,,,,,OLD_MINK_REFERENCE,rad,0.19362105763897436
,,,wrist_to_tip_vector_error_m,15,middle,,,,,,OLD_MINK_REFERENCE,m,0.03136724760348735
,,,direct_proximal_orientation_error_rad,15,middle,,,,,,OLD_MINK_REFERENCE,rad,0.1325449618188499
,,,direct_distal_orientation_error_rad,15,middle,,,,,,OLD_MINK_REFERENCE,rad,0.1428968356003882
,,,thumb_to_tip_vector_error_m,15,middle,,,,,,OLD_MINK_REFERENCE,m,0.01088375045045503
,,,global_E_bone_diagnostic,15,middle,,,,,,OLD_MINK_REFERENCE,squared_direction,0.0649514862040156
,,,fingertip_position_error_m,15,ring,,,,,,OLD_MINK_REFERENCE,m,0.00400659935522747
,,,fingertip_orientation_error_rad,15,ring,,,,,,OLD_MINK_REFERENCE,rad,0.30965921886607806
,,,wrist_to_tip_vector_error_m,15,ring,,,,,,OLD_MINK_REFERENCE,m,0.04130657397275628
,,,direct_proximal_orientation_error_rad,15,ring,,,,,,OLD_MINK_REFERENCE,rad,0.1439884302885359
,,,direct_distal_orientation_error_rad,15,ring,,,,,,OLD_MINK_REFERENCE,rad,0.42386676755939195
,,,thumb_to_tip_vector_error_m,15,ring,,,,,,OLD_MINK_REFERENCE,m,0.018882437470606635
,,,global_E_bone_diagnostic,15,ring,,,,,,OLD_MINK_REFERENCE,squared_direction,0.25596411246398454
,,,near_interaction_position_error_m,15,ring,proximal,,,,,OLD_MINK_REFERENCE,m,0.017083466873201777
,,,near_interaction_orientation_error_rad,15,ring,proximal,,,,,OLD_MINK_REFERENCE,rad,0.12421997878969938
,,,native_surface_unsigned_distance_m,15,ring,proximal,,,,,OLD_MINK_REFERENCE,m,0.04140652912624923
-0.1538781747335967,-0.08115537676920634,0.015957114736565105,native_surface_signed_distance_m,15,ring,proximal,-0.18093238257853173,-0.10311854388807269,0.03832203776962581,True,OLD_MINK_REFERENCE,m,-0.0414065346121788
,,,near_interaction_position_error_m,15,ring,distal,,,,,OLD_MINK_REFERENCE,m,0.0036655469501042435
,,,near_interaction_orientation_error_rad,15,ring,distal,,,,,OLD_MINK_REFERENCE,rad,0.3098116339576967
,,,native_surface_unsigned_distance_m,15,ring,distal,,,,,OLD_MINK_REFERENCE,m,0.012667692250341825
-0.15071161231801522,-0.08519929605600983,0.015230088824919939,native_surface_signed_distance_m,15,ring,distal,-0.15849510916544707,-0.09364054675058076,0.020581059810338816,True,OLD_MINK_REFERENCE,m,-0.012667683884501457
,,,fingertip_position_error_m,15,pinky,,,,,,OLD_MINK_REFERENCE,m,0.021060256842851118
,,,fingertip_orientation_error_rad,15,pinky,,,,,,OLD_MINK_REFERENCE,rad,0.616781034245341
,,,wrist_to_tip_vector_error_m,15,pinky,,,,,,OLD_MINK_REFERENCE,m,0.05779474718868749
,,,direct_proximal_orientation_error_rad,15,pinky,,,,,,OLD_MINK_REFERENCE,rad,0.4568643090661765
,,,direct_distal_orientation_error_rad,15,pinky,,,,,,OLD_MINK_REFERENCE,rad,0.6679601712186356
,,,thumb_to_tip_vector_error_m,15,pinky,,,,,,OLD_MINK_REFERENCE,m,0.036472904316012356
,,,global_E_bone_diagnostic,15,pinky,,,,,,OLD_MINK_REFERENCE,squared_direction,0.8357114194479917
,,,near_interaction_position_error_m,15,pinky,proximal,,,,,OLD_MINK_REFERENCE,m,0.011996683326481124
,,,near_interaction_orientation_error_rad,15,pinky,proximal,,,,,OLD_MINK_REFERENCE,rad,0.4458861965209085
,,,native_surface_unsigned_distance_m,15,pinky,proximal,,,,,OLD_MINK_REFERENCE,m,0.04980734622628659
-0.15600262,-0.07799655,0.01534876,native_surface_signed_distance_m,15,pinky,proximal,-0.19930707676547418,-0.0991125451505884,0.027982465361163448,True,OLD_MINK_REFERENCE,m,-0.0498073473572731
,,,near_interaction_position_error_m,15,pinky,distal,,,,,OLD_MINK_REFERENCE,m,0.01969018108807013
,,,near_interaction_orientation_error_rad,15,pinky,distal,,,,,OLD_MINK_REFERENCE,rad,0.583745259878134
,,,native_surface_unsigned_distance_m,15,pinky,distal,,,,,OLD_MINK_REFERENCE,m,0.02159729915889096
-0.15794790832346925,-0.07284460834245383,0.013984441522490162,native_surface_signed_distance_m,15,pinky,distal,-0.17885319010398956,-0.07820987627808176,0.013192971614912834,True,OLD_MINK_REFERENCE,m,-0.02159729413688183
,,,global_E_bone_diagnostic,15,ALL,,,,,,OLD_MINK_REFERENCE,squared_direction,2.814122224669412
,,,global_E_IM_diagnostic,15,ALL,,,,,,OLD_MINK_REFERENCE,m_squared,9.655854094116824e-05
,,,wrist_orientation_error_rad,16,ALL,,,,,,OLD_MINK_REFERENCE,rad,0.11366784299534578
,,,wrist_tray_position_error_m,16,ALL,,,,,,OLD_MINK_REFERENCE,m,0.038547885580650025
,,,fingertip_position_error_m,16,thumb,,,,,,OLD_MINK_REFERENCE,m,0.012061002294226433
,,,fingertip_orientation_error_rad,16,thumb,,,,,,OLD_MINK_REFERENCE,rad,0.2013175537461058
,,,wrist_to_tip_vector_error_m,16,thumb,,,,,,OLD_MINK_REFERENCE,m,0.028237143397511155
,,,direct_proximal_orientation_error_rad,16,thumb,,,,,,OLD_MINK_REFERENCE,rad,0.8411673548002649
,,,direct_distal_orientation_error_rad,16,thumb,,,,,,OLD_MINK_REFERENCE,rad,0.1549332603333245
,,,thumb_to_tip_vector_error_m,16,thumb,,,,,,OLD_MINK_REFERENCE,m,0.0
,,,global_E_bone_diagnostic,16,thumb,,,,,,OLD_MINK_REFERENCE,squared_direction,0.7799296601533445
,,,fingertip_position_error_m,16,index,,,,,,OLD_MINK_REFERENCE,m,0.007632765058820055
,,,fingertip_orientation_error_rad,16,index,,,,,,OLD_MINK_REFERENCE,rad,0.2664737074622685
,,,wrist_to_tip_vector_error_m,16,index,,,,,,OLD_MINK_REFERENCE,m,0.0356683152417791
,,,direct_proximal_orientation_error_rad,16,index,,,,,,OLD_MINK_REFERENCE,rad,0.7769446674412045
,,,direct_distal_orientation_error_rad,16,index,,,,,,OLD_MINK_REFERENCE,rad,1.0210170756410597
,,,thumb_to_tip_vector_error_m,16,index,,,,,,OLD_MINK_REFERENCE,m,0.008232135776299762
,,,global_E_bone_diagnostic,16,index,,,,,,OLD_MINK_REFERENCE,squared_direction,0.9678792325969354
,,,fingertip_position_error_m,16,middle,,,,,,OLD_MINK_REFERENCE,m,0.011403684845945278
,,,fingertip_orientation_error_rad,16,middle,,,,,,OLD_MINK_REFERENCE,rad,0.20945278666267808
,,,wrist_to_tip_vector_error_m,16,middle,,,,,,OLD_MINK_REFERENCE,m,0.030380911627815057
,,,direct_proximal_orientation_error_rad,16,middle,,,,,,OLD_MINK_REFERENCE,rad,0.13041996328043734
,,,direct_distal_orientation_error_rad,16,middle,,,,,,OLD_MINK_REFERENCE,rad,0.15656594711239927
,,,thumb_to_tip_vector_error_m,16,middle,,,,,,OLD_MINK_REFERENCE,m,0.01259179085136777
,,,global_E_bone_diagnostic,16,middle,,,,,,OLD_MINK_REFERENCE,squared_direction,0.07669756323817827
,,,fingertip_position_error_m,16,ring,,,,,,OLD_MINK_REFERENCE,m,0.003255861908977422
,,,fingertip_orientation_error_rad,16,ring,,,,,,OLD_MINK_REFERENCE,rad,0.3168501207380725
,,,wrist_to_tip_vector_error_m,16,ring,,,,,,OLD_MINK_REFERENCE,m,0.041544722676082044
,,,direct_proximal_orientation_error_rad,16,ring,,,,,,OLD_MINK_REFERENCE,rad,0.16095564839152035
,,,direct_distal_orientation_error_rad,16,ring,,,,,,OLD_MINK_REFERENCE,rad,0.429750722905554
,,,thumb_to_tip_vector_error_m,16,ring,,,,,,OLD_MINK_REFERENCE,m,0.01740530754731705
,,,global_E_bone_diagnostic,16,ring,,,,,,OLD_MINK_REFERENCE,squared_direction,0.28832738740145997
,,,near_interaction_position_error_m,16,ring,proximal,,,,,OLD_MINK_REFERENCE,m,0.017616994112625597
,,,near_interaction_orientation_error_rad,16,ring,proximal,,,,,OLD_MINK_REFERENCE,rad,0.13528954104046378
,,,native_surface_unsigned_distance_m,16,ring,proximal,,,,,OLD_MINK_REFERENCE,m,0.04700838391296541
-0.15641927,-0.07633295000000001,0.01615201,native_surface_signed_distance_m,16,ring,proximal,-0.1951084710944585,-0.09209463511619326,0.03770434535093747,True,OLD_MINK_REFERENCE,m,-0.04700838029384613
,,,near_interaction_position_error_m,16,ring,distal,,,,,OLD_MINK_REFERENCE,m,0.004206687777021871
,,,near_interaction_orientation_error_rad,16,ring,distal,,,,,OLD_MINK_REFERENCE,rad,0.317741963231769
,,,native_surface_unsigned_distance_m,16,ring,distal,,,,,OLD_MINK_REFERENCE,m,0.019384872276203433
-0.15726245499666458,-0.07493404211332133,0.01529376533577729,native_surface_signed_distance_m,16,ring,distal,-0.17514722123148865,-0.08136966165618727,0.019100497660212403,True,OLD_MINK_REFERENCE,m,-0.019384874030947685
,,,fingertip_position_error_m,16,pinky,,,,,,OLD_MINK_REFERENCE,m,0.02080561573391404
,,,fingertip_orientation_error_rad,16,pinky,,,,,,OLD_MINK_REFERENCE,rad,0.6254548092340385
,,,wrist_to_tip_vector_error_m,16,pinky,,,,,,OLD_MINK_REFERENCE,m,0.05812356982358867
,,,direct_proximal_orientation_error_rad,16,pinky,,,,,,OLD_MINK_REFERENCE,rad,0.4816572663313382
,,,direct_distal_orientation_error_rad,16,pinky,,,,,,OLD_MINK_REFERENCE,rad,0.6770216403994233
,,,thumb_to_tip_vector_error_m,16,pinky,,,,,,OLD_MINK_REFERENCE,m,0.03511859913983375
,,,global_E_bone_diagnostic,16,pinky,,,,,,OLD_MINK_REFERENCE,squared_direction,0.895943946996847
,,,near_interaction_position_error_m,16,pinky,proximal,,,,,OLD_MINK_REFERENCE,m,0.012601084011395485
,,,near_interaction_orientation_error_rad,16,pinky,proximal,,,,,OLD_MINK_REFERENCE,rad,0.4663043373384422
,,,native_surface_unsigned_distance_m,16,pinky,proximal,,,,,OLD_MINK_REFERENCE,m,0.06052198608417899
-0.15744960000000002,-0.07427881,0.01552225,native_surface_signed_distance_m,16,pinky,proximal,-0.21437162476440716,-0.09040872283011588,0.028274497189677568,True,OLD_MINK_REFERENCE,m,-0.06052197888493538
,,,near_interaction_position_error_m,16,pinky,distal,,,,,OLD_MINK_REFERENCE,m,0.019820760048716177
,,,near_interaction_orientation_error_rad,16,pinky,distal,,,,,OLD_MINK_REFERENCE,rad,0.5923475153072228
,,,native_surface_unsigned_distance_m,16,pinky,distal,,,,,OLD_MINK_REFERENCE,m,0.03851798323007318
-0.158716339727623,-0.06715399745001509,0.014007336935935965,native_surface_signed_distance_m,16,pinky,distal,-0.1971671242201964,-0.06842884033174225,0.012123994257402211,True,OLD_MINK_REFERENCE,m,-0.038517989218235016
,,,global_E_bone_diagnostic,16,ALL,,,,,,OLD_MINK_REFERENCE,squared_direction,3.008777790386765
,,,global_E_IM_diagnostic,16,ALL,,,,,,OLD_MINK_REFERENCE,m_squared,9.95759989338723e-05
,,,wrist_orientation_error_rad,17,ALL,,,,,,OLD_MINK_REFERENCE,rad,0.1093293193569973
,,,wrist_tray_position_error_m,17,ALL,,,,,,OLD_MINK_REFERENCE,m,0.03795244208235013
,,,fingertip_position_error_m,17,thumb,,,,,,OLD_MINK_REFERENCE,m,0.01162584609676707
,,,fingertip_orientation_error_rad,17,thumb,,,,,,OLD_MINK_REFERENCE,rad,0.25122328229058577
,,,wrist_to_tip_vector_error_m,17,thumb,,,,,,OLD_MINK_REFERENCE,m,0.028703168547039748
,,,direct_proximal_orientation_error_rad,17,thumb,,,,,,OLD_MINK_REFERENCE,rad,0.8257322637479504
,,,direct_distal_orientation_error_rad,17,thumb,,,,,,OLD_MINK_REFERENCE,rad,0.15527365227031176
,,,thumb_to_tip_vector_error_m,17,thumb,,,,,,OLD_MINK_REFERENCE,m,0.0
,,,global_E_bone_diagnostic,17,thumb,,,,,,OLD_MINK_REFERENCE,squared_direction,0.7882754025856384
,,,fingertip_position_error_m,17,index,,,,,,OLD_MINK_REFERENCE,m,0.007623925438498605
,,,fingertip_orientation_error_rad,17,index,,,,,,OLD_MINK_REFERENCE,rad,0.2712015762057116
,,,wrist_to_tip_vector_error_m,17,index,,,,,,OLD_MINK_REFERENCE,m,0.03520429388280065
,,,direct_proximal_orientation_error_rad,17,index,,,,,,OLD_MINK_REFERENCE,rad,0.7419223728708675
,,,direct_distal_orientation_error_rad,17,index,,,,,,OLD_MINK_REFERENCE,rad,1.0561991779985422
,,,thumb_to_tip_vector_error_m,17,index,,,,,,OLD_MINK_REFERENCE,m,0.008613004506196214
,,,global_E_bone_diagnostic,17,index,,,,,,OLD_MINK_REFERENCE,squared_direction,1.0065896763217124
,,,fingertip_position_error_m,17,middle,,,,,,OLD_MINK_REFERENCE,m,0.012904749936062025
,,,fingertip_orientation_error_rad,17,middle,,,,,,OLD_MINK_REFERENCE,rad,0.23138012069225133
,,,wrist_to_tip_vector_error_m,17,middle,,,,,,OLD_MINK_REFERENCE,m,0.029039613974281536
,,,direct_proximal_orientation_error_rad,17,middle,,,,,,OLD_MINK_REFERENCE,rad,0.14175076915850124
,,,direct_distal_orientation_error_rad,17,middle,,,,,,OLD_MINK_REFERENCE,rad,0.1695156385662786
,,,thumb_to_tip_vector_error_m,17,middle,,,,,,OLD_MINK_REFERENCE,m,0.014528060350980749
,,,global_E_bone_diagnostic,17,middle,,,,,,OLD_MINK_REFERENCE,squared_direction,0.0933932451102937
,,,fingertip_position_error_m,17,ring,,,,,,OLD_MINK_REFERENCE,m,0.0024686733885520666
,,,fingertip_orientation_error_rad,17,ring,,,,,,OLD_MINK_REFERENCE,rad,0.3206434977119693
,,,wrist_to_tip_vector_error_m,17,ring,,,,,,OLD_MINK_REFERENCE,m,0.04084722660557787
,,,direct_proximal_orientation_error_rad,17,ring,,,,,,OLD_MINK_REFERENCE,rad,0.16471671331391027
,,,direct_distal_orientation_error_rad,17,ring,,,,,,OLD_MINK_REFERENCE,rad,0.42968498652708514
,,,thumb_to_tip_vector_error_m,17,ring,,,,,,OLD_MINK_REFERENCE,m,0.015965769872865274
,,,global_E_bone_diagnostic,17,ring,,,,,,OLD_MINK_REFERENCE,squared_direction,0.3070296554784516
,,,near_interaction_position_error_m,17,ring,proximal,,,,,OLD_MINK_REFERENCE,m,0.01764838923148031
,,,near_interaction_orientation_error_rad,17,ring,proximal,,,,,OLD_MINK_REFERENCE,rad,0.1364548782343718
,,,native_surface_unsigned_distance_m,17,ring,proximal,,,,,OLD_MINK_REFERENCE,m,0.053701888954728126
-0.15796399,-0.07167661,0.01594565,native_surface_signed_distance_m,17,ring,proximal,-0.2068220695733887,-0.08187022236874095,0.03576662890070569,True,OLD_MINK_REFERENCE,m,-0.05370188504457474
,,,near_interaction_position_error_m,17,ring,distal,,,,,OLD_MINK_REFERENCE,m,0.004882918110617042
,,,near_interaction_orientation_error_rad,17,ring,distal,,,,,OLD_MINK_REFERENCE,rad,0.32157814453981226
,,,native_surface_unsigned_distance_m,17,ring,distal,,,,,OLD_MINK_REFERENCE,m,0.030106243298632724
-0.15866099291327554,-0.06825810047908401,0.014285924737021036,native_surface_signed_distance_m,17,ring,distal,-0.18861902021043958,-0.07063065488248658,0.016095198519989497,True,OLD_MINK_REFERENCE,m,-0.030106237158179283
,,,fingertip_position_error_m,17,pinky,,,,,,OLD_MINK_REFERENCE,m,0.02088266515312787
,,,fingertip_orientation_error_rad,17,pinky,,,,,,OLD_MINK_REFERENCE,rad,0.6323450762240629
,,,wrist_to_tip_vector_error_m,17,pinky,,,,,,OLD_MINK_REFERENCE,m,0.05794970066050754
,,,direct_proximal_orientation_error_rad,17,pinky,,,,,,OLD_MINK_REFERENCE,rad,0.4796646711879634
,,,direct_distal_orientation_error_rad,17,pinky,,,,,,OLD_MINK_REFERENCE,rad,0.6835604299212962
,,,thumb_to_tip_vector_error_m,17,pinky,,,,,,OLD_MINK_REFERENCE,m,0.03387232720975263
,,,global_E_bone_diagnostic,17,pinky,,,,,,OLD_MINK_REFERENCE,squared_direction,0.9095160901538635
,,,near_interaction_position_error_m,17,pinky,proximal,,,,,OLD_MINK_REFERENCE,m,0.013345399130147843
,,,near_interaction_orientation_error_rad,17,pinky,proximal,,,,,OLD_MINK_REFERENCE,rad,0.46260436011522005
,,,native_surface_unsigned_distance_m,17,pinky,proximal,,,,,OLD_MINK_REFERENCE,m,0.0699533069982155
-0.15829793682952395,-0.0709039651832867,0.015112763085351859,native_surface_signed_distance_m,17,pinky,proximal,-0.2263189114830149,-0.0821804224040504,0.02692181383992214,True,OLD_MINK_REFERENCE,m,-0.0699533075094223
,,,near_interaction_position_error_m,17,pinky,distal,,,,,OLD_MINK_REFERENCE,m,0.02012322224846169
,,,near_interaction_orientation_error_rad,17,pinky,distal,,,,,OLD_MINK_REFERENCE,rad,0.5984500630318715
,,,native_surface_unsigned_distance_m,17,pinky,distal,,,,,OLD_MINK_REFERENCE,m,0.05284409257795951
-0.15869448813284404,-0.05922731788220683,0.01385350817509941,native_surface_signed_distance_m,17,pinky,distal,-0.2113152205793032,-0.06028354076515072,0.009116311703803085,True,OLD_MINK_REFERENCE,m,-0.052844081073999405
,,,global_E_bone_diagnostic,17,ALL,,,,,,OLD_MINK_REFERENCE,squared_direction,3.1048040696499597
,,,global_E_IM_diagnostic,17,ALL,,,,,,OLD_MINK_REFERENCE,m_squared,9.879988809578875e-05
,,,wrist_orientation_error_rad,18,ALL,,,,,,OLD_MINK_REFERENCE,rad,0.1034254244712413
,,,wrist_tray_position_error_m,18,ALL,,,,,,OLD_MINK_REFERENCE,m,0.03721669732594077
,,,fingertip_position_error_m,18,thumb,,,,,,OLD_MINK_REFERENCE,m,0.011729171221131629
,,,fingertip_orientation_error_rad,18,thumb,,,,,,OLD_MINK_REFERENCE,rad,0.3069566443056246
,,,wrist_to_tip_vector_error_m,18,thumb,,,,,,OLD_MINK_REFERENCE,m,0.029179652610464995
,,,direct_proximal_orientation_error_rad,18,thumb,,,,,,OLD_MINK_REFERENCE,rad,0.8148337199744946
,,,direct_distal_orientation_error_rad,18,thumb,,,,,,OLD_MINK_REFERENCE,rad,0.18238277397270847
,,,thumb_to_tip_vector_error_m,18,thumb,,,,,,OLD_MINK_REFERENCE,m,0.0
,,,global_E_bone_diagnostic,18,thumb,,,,,,OLD_MINK_REFERENCE,squared_direction,0.8145323553119607
,,,fingertip_position_error_m,18,index,,,,,,OLD_MINK_REFERENCE,m,0.007837999509392447
,,,fingertip_orientation_error_rad,18,index,,,,,,OLD_MINK_REFERENCE,rad,0.26987935507262567
,,,wrist_to_tip_vector_error_m,18,index,,,,,,OLD_MINK_REFERENCE,m,0.034376276466417645
,,,direct_proximal_orientation_error_rad,18,index,,,,,,OLD_MINK_REFERENCE,rad,0.6940573329548617
,,,direct_distal_orientation_error_rad,18,index,,,,,,OLD_MINK_REFERENCE,rad,1.071353088487197
,,,thumb_to_tip_vector_error_m,18,index,,,,,,OLD_MINK_REFERENCE,m,0.010152076394988824
,,,global_E_bone_diagnostic,18,index,,,,,,OLD_MINK_REFERENCE,squared_direction,0.9961464939373926
,,,fingertip_position_error_m,18,middle,,,,,,OLD_MINK_REFERENCE,m,0.013836767572399275
,,,fingertip_orientation_error_rad,18,middle,,,,,,OLD_MINK_REFERENCE,rad,0.2539412808759203
,,,wrist_to_tip_vector_error_m,18,middle,,,,,,OLD_MINK_REFERENCE,m,0.027960323572424728
,,,direct_proximal_orientation_error_rad,18,middle,,,,,,OLD_MINK_REFERENCE,rad,0.16109693409049108
,,,direct_distal_orientation_error_rad,18,middle,,,,,,OLD_MINK_REFERENCE,rad,0.17928059917303413
,,,thumb_to_tip_vector_error_m,18,middle,,,,,,OLD_MINK_REFERENCE,m,0.01675248629876635
,,,global_E_bone_diagnostic,18,middle,,,,,,OLD_MINK_REFERENCE,squared_direction,0.1110027495924343
,,,fingertip_position_error_m,18,ring,,,,,,OLD_MINK_REFERENCE,m,0.0023313364773847435
,,,fingertip_orientation_error_rad,18,ring,,,,,,OLD_MINK_REFERENCE,rad,0.31895299794416165
,,,wrist_to_tip_vector_error_m,18,ring,,,,,,OLD_MINK_REFERENCE,m,0.039910559573668805
,,,direct_proximal_orientation_error_rad,18,ring,,,,,,OLD_MINK_REFERENCE,rad,0.16217852016467674
,,,direct_distal_orientation_error_rad,18,ring,,,,,,OLD_MINK_REFERENCE,rad,0.4222876915395692
,,,thumb_to_tip_vector_error_m,18,ring,,,,,,OLD_MINK_REFERENCE,m,0.015530209725489557
,,,global_E_bone_diagnostic,18,ring,,,,,,OLD_MINK_REFERENCE,squared_direction,0.308882396705932
,,,near_interaction_position_error_m,18,ring,proximal,,,,,OLD_MINK_REFERENCE,m,0.017547001970415782
,,,near_interaction_orientation_error_rad,18,ring,proximal,,,,,OLD_MINK_REFERENCE,rad,0.13548553002628358
,,,native_surface_unsigned_distance_m,18,ring,proximal,,,,,OLD_MINK_REFERENCE,m,0.05994276862111543
-0.15847811,-0.06871645,0.01550254,native_surface_signed_distance_m,18,ring,proximal,-0.21604532353790287,-0.07314835853747761,0.03161184234868992,True,OLD_MINK_REFERENCE,m,-0.059942763298749924
,,,near_interaction_position_error_m,18,ring,distal,,,,,OLD_MINK_REFERENCE,m,0.00575605268473449
,,,near_interaction_orientation_error_rad,18,ring,distal,,,,,OLD_MINK_REFERENCE,rad,0.3197674129147092
,,,native_surface_unsigned_distance_m,18,ring,distal,,,,,OLD_MINK_REFERENCE,m,0.040232166009114424
-0.15876882855173233,-0.06373023324760699,0.013933989689038175,native_surface_signed_distance_m,18,ring,distal,-0.19885019723436723,-0.06205386345233972,0.01088426009099975,True,OLD_MINK_REFERENCE,m,-0.04023217409849167
,,,fingertip_position_error_m,18,pinky,,,,,,OLD_MINK_REFERENCE,m,0.021010067476142133
,,,fingertip_orientation_error_rad,18,pinky,,,,,,OLD_MINK_REFERENCE,rad,0.6343566454049215
,,,wrist_to_tip_vector_error_m,18,pinky,,,,,,OLD_MINK_REFERENCE,m,0.057565477434630405
,,,direct_proximal_orientation_error_rad,18,pinky,,,,,,OLD_MINK_REFERENCE,rad,0.46358351753523025
,,,direct_distal_orientation_error_rad,18,pinky,,,,,,OLD_MINK_REFERENCE,rad,0.6826041043027052
,,,thumb_to_tip_vector_error_m,18,pinky,,,,,,OLD_MINK_REFERENCE,m,0.03277913401191004
,,,global_E_bone_diagnostic,18,pinky,,,,,,OLD_MINK_REFERENCE,squared_direction,0.8874728378093913
,,,near_interaction_position_error_m,18,pinky,proximal,,,,,OLD_MINK_REFERENCE,m,0.014097023645901093
,,,near_interaction_orientation_error_rad,18,pinky,proximal,,,,,OLD_MINK_REFERENCE,rad,0.4464647733804496
,,,native_surface_unsigned_distance_m,18,pinky,proximal,,,,,OLD_MINK_REFERENCE,m,0.07753769245635923
-0.15862129,-0.06828456000000001,0.01490863,native_surface_signed_distance_m,18,pinky,proximal,-0.2354393870382862,-0.0749505103227639,0.023071890694589776,True,OLD_MINK_REFERENCE,m,-0.07753769308328629
,,,near_interaction_position_error_m,18,pinky,distal,,,,,OLD_MINK_REFERENCE,m,0.020409176918175058
,,,near_interaction_orientation_error_rad,18,pinky,distal,,,,,OLD_MINK_REFERENCE,rad,0.5978388153482277
,,,native_surface_unsigned_distance_m,18,pinky,distal,,,,,OLD_MINK_REFERENCE,m,0.06377946001217745
-0.1586245137380983,-0.05685763744257637,0.013152908007260792,native_surface_signed_distance_m,18,pinky,distal,-0.22162305180139566,-0.05390646512538884,0.0036505765414318893,True,OLD_MINK_REFERENCE,m,-0.06377945840358734
,,,global_E_bone_diagnostic,18,ALL,,,,,,OLD_MINK_REFERENCE,squared_direction,3.1180368333571113
,,,global_E_IM_diagnostic,18,ALL,,,,,,OLD_MINK_REFERENCE,m_squared,9.874029580746684e-05
,,,wrist_orientation_error_rad,19,ALL,,,,,,OLD_MINK_REFERENCE,rad,0.09635539736631261
,,,wrist_tray_position_error_m,19,ALL,,,,,,OLD_MINK_REFERENCE,m,0.036440859228478006
,,,fingertip_position_error_m,19,thumb,,,,,,OLD_MINK_REFERENCE,m,0.012587620622927693
,,,fingertip_orientation_error_rad,19,thumb,,,,,,OLD_MINK_REFERENCE,rad,0.36425998927559056
,,,wrist_to_tip_vector_error_m,19,thumb,,,,,,OLD_MINK_REFERENCE,m,0.030118641120632977
,,,direct_proximal_orientation_error_rad,19,thumb,,,,,,OLD_MINK_REFERENCE,rad,0.8053037832183283
,,,direct_distal_orientation_error_rad,19,thumb,,,,,,OLD_MINK_REFERENCE,rad,0.23129277021646108
,,,thumb_to_tip_vector_error_m,19,thumb,,,,,,OLD_MINK_REFERENCE,m,0.0
,,,global_E_bone_diagnostic,19,thumb,,,,,,OLD_MINK_REFERENCE,squared_direction,0.8568721397892437
,,,fingertip_position_error_m,19,index,,,,,,OLD_MINK_REFERENCE,m,0.008270229746094218
,,,fingertip_orientation_error_rad,19,index,,,,,,OLD_MINK_REFERENCE,rad,0.2668203866675185
,,,wrist_to_tip_vector_error_m,19,index,,,,,,OLD_MINK_REFERENCE,m,0.03357195629270347
,,,direct_proximal_orientation_error_rad,19,index,,,,,,OLD_MINK_REFERENCE,rad,0.6465042333144103
,,,direct_distal_orientation_error_rad,19,index,,,,,,OLD_MINK_REFERENCE,rad,1.0753622774013607
,,,thumb_to_tip_vector_error_m,19,index,,,,,,OLD_MINK_REFERENCE,m,0.012613099256795933
,,,global_E_bone_diagnostic,19,index,,,,,,OLD_MINK_REFERENCE,squared_direction,0.9659652914501584
,,,fingertip_position_error_m,19,middle,,,,,,OLD_MINK_REFERENCE,m,0.014573016778495061
,,,fingertip_orientation_error_rad,19,middle,,,,,,OLD_MINK_REFERENCE,rad,0.2705486852809157
,,,wrist_to_tip_vector_error_m,19,middle,,,,,,OLD_MINK_REFERENCE,m,0.02682401059748149
,,,direct_proximal_orientation_error_rad,19,middle,,,,,,OLD_MINK_REFERENCE,rad,0.1789576117914031
,,,direct_distal_orientation_error_rad,19,middle,,,,,,OLD_MINK_REFERENCE,rad,0.18433661355371014
,,,thumb_to_tip_vector_error_m,19,middle,,,,,,OLD_MINK_REFERENCE,m,0.019309952443340283
,,,global_E_bone_diagnostic,19,middle,,,,,,OLD_MINK_REFERENCE,squared_direction,0.12340432623088515
,,,fingertip_position_error_m,19,ring,,,,,,OLD_MINK_REFERENCE,m,0.002997726083848397
,,,fingertip_orientation_error_rad,19,ring,,,,,,OLD_MINK_REFERENCE,rad,0.3100064600264537
,,,wrist_to_tip_vector_error_m,19,ring,,,,,,OLD_MINK_REFERENCE,m,0.03900003589430593
,,,direct_proximal_orientation_error_rad,19,ring,,,,,,OLD_MINK_REFERENCE,rad,0.1535279683772043
,,,direct_distal_orientation_error_rad,19,ring,,,,,,OLD_MINK_REFERENCE,rad,0.4062932483812814
,,,thumb_to_tip_vector_error_m,19,ring,,,,,,OLD_MINK_REFERENCE,m,0.016378888252521862
,,,global_E_bone_diagnostic,19,ring,,,,,,OLD_MINK_REFERENCE,squared_direction,0.2922216148707897
,,,near_interaction_position_error_m,19,ring,proximal,,,,,OLD_MINK_REFERENCE,m,0.017431144774150552
,,,near_interaction_orientation_error_rad,19,ring,proximal,,,,,OLD_MINK_REFERENCE,rad,0.13192051066753785
,,,native_surface_unsigned_distance_m,19,ring,proximal,,,,,OLD_MINK_REFERENCE,m,0.06333490800919227
-0.15871494,-0.06513877,0.01526606,native_surface_signed_distance_m,19,ring,proximal,-0.22109754664147926,-0.06565271869772114,0.026195690272036845,True,OLD_MINK_REFERENCE,m,-0.06333491206169128
,,,near_interaction_position_error_m,19,ring,distal,,,,,OLD_MINK_REFERENCE,m,0.006692590580702745
,,,near_interaction_orientation_error_rad,19,ring,distal,,,,,OLD_MINK_REFERENCE,rad,0.31058097457587935
,,,native_surface_unsigned_distance_m,19,ring,distal,,,,,OLD_MINK_REFERENCE,m,0.04662361564536007
-0.15864514893689988,-0.057142085296058166,0.013201373242126776,native_surface_signed_distance_m,19,ring,distal,-0.20438975924536254,-0.05532736568860584,0.00437533470156488,True,OLD_MINK_REFERENCE,m,-0.04662362486124039
,,,fingertip_position_error_m,19,pinky,,,,,,OLD_MINK_REFERENCE,m,0.021148184676002112
,,,fingertip_orientation_error_rad,19,pinky,,,,,,OLD_MINK_REFERENCE,rad,0.6323230696739012
,,,wrist_to_tip_vector_error_m,19,pinky,,,,,,OLD_MINK_REFERENCE,m,0.057077215108968814
,,,direct_proximal_orientation_error_rad,19,pinky,,,,,,OLD_MINK_REFERENCE,rad,0.43793314852101634
,,,direct_distal_orientation_error_rad,19,pinky,,,,,,OLD_MINK_REFERENCE,rad,0.6732973218721846
,,,thumb_to_tip_vector_error_m,19,pinky,,,,,,OLD_MINK_REFERENCE,m,0.031934680331343133
,,,global_E_bone_diagnostic,19,pinky,,,,,,OLD_MINK_REFERENCE,squared_direction,0.8369103216608061
,,,near_interaction_position_error_m,19,pinky,proximal,,,,,OLD_MINK_REFERENCE,m,0.01480168247786297
,,,near_interaction_orientation_error_rad,19,pinky,proximal,,,,,OLD_MINK_REFERENCE,rad,0.4214141717047408
,,,native_surface_unsigned_distance_m,19,pinky,proximal,,,,,OLD_MINK_REFERENCE,m,0.08164574364854328
-0.1587516,-0.06659464,0.01458637,native_surface_signed_distance_m,19,pinky,proximal,-0.24030700295614218,-0.06857979753321032,0.01787313956193423,True,OLD_MINK_REFERENCE,m,-0.08164573460817337
,,,near_interaction_position_error_m,19,pinky,distal,,,,,OLD_MINK_REFERENCE,m,0.02067743150972064
,,,near_interaction_orientation_error_rad,19,pinky,distal,,,,,OLD_MINK_REFERENCE,rad,0.5898780252353685
,,,native_surface_unsigned_distance_m,19,pinky,distal,,,,,OLD_MINK_REFERENCE,m,0.07040884814080742
-0.15849020752296034,-0.04810182597995859,0.012929061788848555,native_surface_signed_distance_m,19,pinky,distal,-0.22703063615648403,-0.04895866756841865,-0.0031607288170111022,True,OLD_MINK_REFERENCE,m,-0.07040884345769882
,,,global_E_bone_diagnostic,19,ALL,,,,,,OLD_MINK_REFERENCE,squared_direction,3.0753736940018834
,,,global_E_IM_diagnostic,19,ALL,,,,,,OLD_MINK_REFERENCE,m_squared,0.00010352278882075016
,,,wrist_orientation_error_rad,20,ALL,,,,,,OLD_MINK_REFERENCE,rad,0.08933699598328336
,,,wrist_tray_position_error_m,20,ALL,,,,,,OLD_MINK_REFERENCE,m,0.03569763669053097
,,,fingertip_position_error_m,20,thumb,,,,,,OLD_MINK_REFERENCE,m,0.01386720858653598
,,,fingertip_orientation_error_rad,20,thumb,,,,,,OLD_MINK_REFERENCE,rad,0.41384202874037723
,,,wrist_to_tip_vector_error_m,20,thumb,,,,,,OLD_MINK_REFERENCE,m,0.031197968925399215
,,,direct_proximal_orientation_error_rad,20,thumb,,,,,,OLD_MINK_REFERENCE,rad,0.7990509254002202
,,,direct_distal_orientation_error_rad,20,thumb,,,,,,OLD_MINK_REFERENCE,rad,0.28208831183121946
,,,thumb_to_tip_vector_error_m,20,thumb,,,,,,OLD_MINK_REFERENCE,m,0.0
,,,global_E_bone_diagnostic,20,thumb,,,,,,OLD_MINK_REFERENCE,squared_direction,0.906984105829845
,,,fingertip_position_error_m,20,index,,,,,,OLD_MINK_REFERENCE,m,0.008913950478724514
,,,fingertip_orientation_error_rad,20,index,,,,,,OLD_MINK_REFERENCE,rad,0.2674219350716202
,,,wrist_to_tip_vector_error_m,20,index,,,,,,OLD_MINK_REFERENCE,m,0.03282050973658459
,,,direct_proximal_orientation_error_rad,20,index,,,,,,OLD_MINK_REFERENCE,rad,0.6160043853722902
,,,direct_distal_orientation_error_rad,20,index,,,,,,OLD_MINK_REFERENCE,rad,1.0736332632325891
,,,thumb_to_tip_vector_error_m,20,index,,,,,,OLD_MINK_REFERENCE,m,0.015200742620277659
,,,global_E_bone_diagnostic,20,index,,,,,,OLD_MINK_REFERENCE,squared_direction,0.945907053082254
,,,fingertip_position_error_m,20,middle,,,,,,OLD_MINK_REFERENCE,m,0.01498819357817451
,,,fingertip_orientation_error_rad,20,middle,,,,,,OLD_MINK_REFERENCE,rad,0.2794629089291367
,,,wrist_to_tip_vector_error_m,20,middle,,,,,,OLD_MINK_REFERENCE,m,0.025835982106853207
,,,direct_proximal_orientation_error_rad,20,middle,,,,,,OLD_MINK_REFERENCE,rad,0.19298746471941108
,,,direct_distal_orientation_error_rad,20,middle,,,,,,OLD_MINK_REFERENCE,rad,0.18567835038828281
,,,thumb_to_tip_vector_error_m,20,middle,,,,,,OLD_MINK_REFERENCE,m,0.02156127049425721
,,,global_E_bone_diagnostic,20,middle,,,,,,OLD_MINK_REFERENCE,squared_direction,0.12950461527751864
,,,fingertip_position_error_m,20,ring,,,,,,OLD_MINK_REFERENCE,m,0.003662817480961225
,,,fingertip_orientation_error_rad,20,ring,,,,,,OLD_MINK_REFERENCE,rad,0.2974955563121338
,,,wrist_to_tip_vector_error_m,20,ring,,,,,,OLD_MINK_REFERENCE,m,0.038183966415975316
,,,direct_proximal_orientation_error_rad,20,ring,,,,,,OLD_MINK_REFERENCE,rad,0.133250164581962
,,,direct_distal_orientation_error_rad,20,ring,,,,,,OLD_MINK_REFERENCE,rad,0.387094237009837
,,,thumb_to_tip_vector_error_m,20,ring,,,,,,OLD_MINK_REFERENCE,m,0.01771936902641154
,,,global_E_bone_diagnostic,20,ring,,,,,,OLD_MINK_REFERENCE,squared_direction,0.25869160295523896
,,,near_interaction_position_error_m,20,ring,proximal,,,,,OLD_MINK_REFERENCE,m,0.01730531500893846
,,,near_interaction_orientation_error_rad,20,ring,proximal,,,,,OLD_MINK_REFERENCE,rad,0.12008662201121599
,,,native_surface_unsigned_distance_m,20,ring,proximal,,,,,OLD_MINK_REFERENCE,m,0.06474155104930275
-0.1586814918366398,-0.059680012009630544,0.014588432248629343,native_surface_signed_distance_m,20,ring,proximal,-0.22318894890948246,-0.06024921677108259,0.02005948518242324,True,OLD_MINK_REFERENCE,m,-0.06474154442548752
,,,near_interaction_position_error_m,20,ring,distal,,,,,OLD_MINK_REFERENCE,m,0.007266176628883636
,,,near_interaction_orientation_error_rad,20,ring,distal,,,,,OLD_MINK_REFERENCE,rad,0.2982985323437321
,,,native_surface_unsigned_distance_m,20,ring,distal,,,,,OLD_MINK_REFERENCE,m,0.05019233660680086
-0.15838194709636053,-0.051875673880220526,0.012596367347295297,native_surface_signed_distance_m,20,ring,distal,-0.2062177283339155,-0.051635088480381126,-0.002600698359892042,True,OLD_MINK_REFERENCE,m,-0.05019233748316765
,,,fingertip_position_error_m,20,pinky,,,,,,OLD_MINK_REFERENCE,m,0.02131403992638376
,,,fingertip_orientation_error_rad,20,pinky,,,,,,OLD_MINK_REFERENCE,rad,0.632668158348316
,,,wrist_to_tip_vector_error_m,20,pinky,,,,,,OLD_MINK_REFERENCE,m,0.0564880915317856
,,,direct_proximal_orientation_error_rad,20,pinky,,,,,,OLD_MINK_REFERENCE,rad,0.40045976039380143
,,,direct_distal_orientation_error_rad,20,pinky,,,,,,OLD_MINK_REFERENCE,rad,0.6596142421491814
,,,thumb_to_tip_vector_error_m,20,pinky,,,,,,OLD_MINK_REFERENCE,m,0.03145117010412788
,,,global_E_bone_diagnostic,20,pinky,,,,,,OLD_MINK_REFERENCE,squared_direction,0.7605857616229905
,,,near_interaction_position_error_m,20,pinky,proximal,,,,,OLD_MINK_REFERENCE,m,0.015404427872884473
,,,near_interaction_orientation_error_rad,20,pinky,proximal,,,,,OLD_MINK_REFERENCE,rad,0.3853467656523366
,,,native_surface_unsigned_distance_m,20,pinky,proximal,,,,,OLD_MINK_REFERENCE,m,0.08338896247229005
-0.15880719,-0.06445872999999999,0.01403772,native_surface_signed_distance_m,20,pinky,proximal,-0.24216053739517635,-0.06375793016308262,0.011703749174855909,True,OLD_MINK_REFERENCE,m,-0.08338896930217743
,,,near_interaction_position_error_m,20,pinky,distal,,,,,OLD_MINK_REFERENCE,m,0.020899109593052353
,,,near_interaction_orientation_error_rad,20,pinky,distal,,,,,OLD_MINK_REFERENCE,rad,0.5776961277743792
,,,native_surface_unsigned_distance_m,20,pinky,distal,,,,,OLD_MINK_REFERENCE,m,0.07280283838292431
-0.15565974867356433,-0.04719855152700018,-0.009046210325125693,native_surface_signed_distance_m,20,pinky,distal,-0.2284370975061386,-0.04633069584864151,-0.010765977761012997,True,OLD_MINK_REFERENCE,m,-0.07280283421278
,,,global_E_bone_diagnostic,20,ALL,,,,,,OLD_MINK_REFERENCE,squared_direction,3.0016731387678472
,,,global_E_IM_diagnostic,20,ALL,,,,,,OLD_MINK_REFERENCE,m_squared,0.00010398431770626978
,,,wrist_orientation_error_rad,0,ALL,,,,,,ACCEPTED_A_REPLAY,rad,0.10738303154914676
,,,wrist_tray_position_error_m,0,ALL,,,,,,ACCEPTED_A_REPLAY,m,0.034644956515990095
,,,fingertip_position_error_m,0,thumb,,,,,,ACCEPTED_A_REPLAY,m,0.026918627620872437
,,,fingertip_orientation_error_rad,0,thumb,,,,,,ACCEPTED_A_REPLAY,rad,0.08444774664825305
,,,wrist_to_tip_vector_error_m,0,thumb,,,,,,ACCEPTED_A_REPLAY,m,0.025700854069959058
,,,direct_proximal_orientation_error_rad,0,thumb,,,,,,ACCEPTED_A_REPLAY,rad,0.8175454019306208
,,,direct_distal_orientation_error_rad,0,thumb,,,,,,ACCEPTED_A_REPLAY,rad,0.18789725809163427
,,,thumb_to_tip_vector_error_m,0,thumb,,,,,,ACCEPTED_A_REPLAY,m,0.0
,,,global_E_bone_diagnostic,0,thumb,,,,,,ACCEPTED_A_REPLAY,squared_direction,0.6825069664759628
,,,fingertip_position_error_m,0,index,,,,,,ACCEPTED_A_REPLAY,m,0.03154707964027604
,,,fingertip_orientation_error_rad,0,index,,,,,,ACCEPTED_A_REPLAY,rad,0.05467249144159817
,,,wrist_to_tip_vector_error_m,0,index,,,,,,ACCEPTED_A_REPLAY,m,0.031037248547002187
,,,direct_proximal_orientation_error_rad,0,index,,,,,,ACCEPTED_A_REPLAY,rad,0.48438135158564255
,,,direct_distal_orientation_error_rad,0,index,,,,,,ACCEPTED_A_REPLAY,rad,0.14733546868803482
,,,thumb_to_tip_vector_error_m,0,index,,,,,,ACCEPTED_A_REPLAY,m,0.008228477462358287
,,,global_E_bone_diagnostic,0,index,,,,,,ACCEPTED_A_REPLAY,squared_direction,0.12453047344608532
,,,fingertip_position_error_m,0,middle,,,,,,ACCEPTED_A_REPLAY,m,0.03410389858055692
,,,fingertip_orientation_error_rad,0,middle,,,,,,ACCEPTED_A_REPLAY,rad,0.3462636671380864
,,,wrist_to_tip_vector_error_m,0,middle,,,,,,ACCEPTED_A_REPLAY,m,0.029489073033330655
,,,direct_proximal_orientation_error_rad,0,middle,,,,,,ACCEPTED_A_REPLAY,rad,0.2086268087793078
,,,direct_distal_orientation_error_rad,0,middle,,,,,,ACCEPTED_A_REPLAY,rad,0.07080917276591153
,,,thumb_to_tip_vector_error_m,0,middle,,,,,,ACCEPTED_A_REPLAY,m,0.01324662503801313
,,,global_E_bone_diagnostic,0,middle,,,,,,ACCEPTED_A_REPLAY,squared_direction,0.019826287264950154
,,,fingertip_position_error_m,0,ring,,,,,,ACCEPTED_A_REPLAY,m,0.036334055673265864
,,,fingertip_orientation_error_rad,0,ring,,,,,,ACCEPTED_A_REPLAY,rad,0.3419344039712356
,,,wrist_to_tip_vector_error_m,0,ring,,,,,,ACCEPTED_A_REPLAY,m,0.037912956848274476
,,,direct_proximal_orientation_error_rad,0,ring,,,,,,ACCEPTED_A_REPLAY,rad,0.22349852379183865
,,,direct_distal_orientation_error_rad,0,ring,,,,,,ACCEPTED_A_REPLAY,rad,0.09352187857152151
,,,thumb_to_tip_vector_error_m,0,ring,,,,,,ACCEPTED_A_REPLAY,m,0.018042929473386062
,,,global_E_bone_diagnostic,0,ring,,,,,,ACCEPTED_A_REPLAY,squared_direction,0.02051687877584953
,,,fingertip_position_error_m,0,pinky,,,,,,ACCEPTED_A_REPLAY,m,0.03928084139769124
,,,fingertip_orientation_error_rad,0,pinky,,,,,,ACCEPTED_A_REPLAY,rad,0.24380019041913548
,,,wrist_to_tip_vector_error_m,0,pinky,,,,,,ACCEPTED_A_REPLAY,m,0.0577555141969932
,,,direct_proximal_orientation_error_rad,0,pinky,,,,,,ACCEPTED_A_REPLAY,rad,0.2948600563952385
,,,direct_distal_orientation_error_rad,0,pinky,,,,,,ACCEPTED_A_REPLAY,rad,0.1264459108560664
,,,thumb_to_tip_vector_error_m,0,pinky,,,,,,ACCEPTED_A_REPLAY,m,0.032317076382486695
,,,global_E_bone_diagnostic,0,pinky,,,,,,ACCEPTED_A_REPLAY,squared_direction,0.15019670880224392
,,,global_E_bone_diagnostic,0,ALL,,,,,,ACCEPTED_A_REPLAY,squared_direction,0.9975773147650917
,,,global_E_IM_diagnostic,0,ALL,,,,,,ACCEPTED_A_REPLAY,m_squared,9.701479709184845e-05
,,,wrist_orientation_error_rad,1,ALL,,,,,,ACCEPTED_A_REPLAY,rad,0.1122292511769614
,,,wrist_tray_position_error_m,1,ALL,,,,,,ACCEPTED_A_REPLAY,m,0.036643297131189766
,,,fingertip_position_error_m,1,thumb,,,,,,ACCEPTED_A_REPLAY,m,0.026339391876592143
,,,fingertip_orientation_error_rad,1,thumb,,,,,,ACCEPTED_A_REPLAY,rad,0.08591121036089786
,,,wrist_to_tip_vector_error_m,1,thumb,,,,,,ACCEPTED_A_REPLAY,m,0.02588509731560829
,,,direct_proximal_orientation_error_rad,1,thumb,,,,,,ACCEPTED_A_REPLAY,rad,0.8120054355325147
,,,direct_distal_orientation_error_rad,1,thumb,,,,,,ACCEPTED_A_REPLAY,rad,0.1848307495904675
,,,thumb_to_tip_vector_error_m,1,thumb,,,,,,ACCEPTED_A_REPLAY,m,0.0
,,,global_E_bone_diagnostic,1,thumb,,,,,,ACCEPTED_A_REPLAY,squared_direction,0.6743499965539612
,,,fingertip_position_error_m,1,index,,,,,,ACCEPTED_A_REPLAY,m,0.03066509942135213
,,,fingertip_orientation_error_rad,1,index,,,,,,ACCEPTED_A_REPLAY,rad,0.05944051349025677
,,,wrist_to_tip_vector_error_m,1,index,,,,,,ACCEPTED_A_REPLAY,m,0.030913967752957756
,,,direct_proximal_orientation_error_rad,1,index,,,,,,ACCEPTED_A_REPLAY,rad,0.4909420341301404
,,,direct_distal_orientation_error_rad,1,index,,,,,,ACCEPTED_A_REPLAY,rad,0.14961631436163972
,,,thumb_to_tip_vector_error_m,1,index,,,,,,ACCEPTED_A_REPLAY,m,0.007914092391893555
,,,global_E_bone_diagnostic,1,index,,,,,,ACCEPTED_A_REPLAY,squared_direction,0.12733381399751673
,,,fingertip_position_error_m,1,middle,,,,,,ACCEPTED_A_REPLAY,m,0.032990246369158725
,,,fingertip_orientation_error_rad,1,middle,,,,,,ACCEPTED_A_REPLAY,rad,0.33987063325354094
,,,wrist_to_tip_vector_error_m,1,middle,,,,,,ACCEPTED_A_REPLAY,m,0.02892044600355931
,,,direct_proximal_orientation_error_rad,1,middle,,,,,,ACCEPTED_A_REPLAY,rad,0.21462934135220155
,,,direct_distal_orientation_error_rad,1,middle,,,,,,ACCEPTED_A_REPLAY,rad,0.06521870018199623
,,,thumb_to_tip_vector_error_m,1,middle,,,,,,ACCEPTED_A_REPLAY,m,0.013028371180393922
,,,global_E_bone_diagnostic,1,middle,,,,,,ACCEPTED_A_REPLAY,squared_direction,0.023276615885087247
,,,fingertip_position_error_m,1,ring,,,,,,ACCEPTED_A_REPLAY,m,0.03467585950293799
,,,fingertip_orientation_error_rad,1,ring,,,,,,ACCEPTED_A_REPLAY,rad,0.36983334251490924
,,,wrist_to_tip_vector_error_m,1,ring,,,,,,ACCEPTED_A_REPLAY,m,0.03725322201287202
,,,direct_proximal_orientation_error_rad,1,ring,,,,,,ACCEPTED_A_REPLAY,rad,0.21376106588309213
,,,direct_distal_orientation_error_rad,1,ring,,,,,,ACCEPTED_A_REPLAY,rad,0.08843362800634448
,,,thumb_to_tip_vector_error_m,1,ring,,,,,,ACCEPTED_A_REPLAY,m,0.016827940289763154
,,,global_E_bone_diagnostic,1,ring,,,,,,ACCEPTED_A_REPLAY,squared_direction,0.020406733462341686
,,,fingertip_position_error_m,1,pinky,,,,,,ACCEPTED_A_REPLAY,m,0.03812147850104712
,,,fingertip_orientation_error_rad,1,pinky,,,,,,ACCEPTED_A_REPLAY,rad,0.27932609383557544
,,,wrist_to_tip_vector_error_m,1,pinky,,,,,,ACCEPTED_A_REPLAY,m,0.05769544777106204
,,,direct_proximal_orientation_error_rad,1,pinky,,,,,,ACCEPTED_A_REPLAY,rad,0.30030939547373187
,,,direct_distal_orientation_error_rad,1,pinky,,,,,,ACCEPTED_A_REPLAY,rad,0.13772280153202143
,,,thumb_to_tip_vector_error_m,1,pinky,,,,,,ACCEPTED_A_REPLAY,m,0.03199751607183527
,,,global_E_bone_diagnostic,1,pinky,,,,,,ACCEPTED_A_REPLAY,squared_direction,0.16092564940798185
,,,global_E_bone_diagnostic,1,ALL,,,,,,ACCEPTED_A_REPLAY,squared_direction,1.0062928093068888
,,,global_E_IM_diagnostic,1,ALL,,,,,,ACCEPTED_A_REPLAY,m_squared,9.706781801655374e-05
,,,wrist_orientation_error_rad,2,ALL,,,,,,ACCEPTED_A_REPLAY,rad,0.11591037660090342
,,,wrist_tray_position_error_m,2,ALL,,,,,,ACCEPTED_A_REPLAY,m,0.036620627585095385
,,,fingertip_position_error_m,2,thumb,,,,,,ACCEPTED_A_REPLAY,m,0.027273422280044205
,,,fingertip_orientation_error_rad,2,thumb,,,,,,ACCEPTED_A_REPLAY,rad,0.08540739097573702
,,,wrist_to_tip_vector_error_m,2,thumb,,,,,,ACCEPTED_A_REPLAY,m,0.02606153922900786
,,,direct_proximal_orientation_error_rad,2,thumb,,,,,,ACCEPTED_A_REPLAY,rad,0.8068535308284354
,,,direct_distal_orientation_error_rad,2,thumb,,,,,,ACCEPTED_A_REPLAY,rad,0.1821822693829228
,,,thumb_to_tip_vector_error_m,2,thumb,,,,,,ACCEPTED_A_REPLAY,m,0.0
,,,global_E_bone_diagnostic,2,thumb,,,,,,ACCEPTED_A_REPLAY,squared_direction,0.6661615100635929
,,,fingertip_position_error_m,2,index,,,,,,ACCEPTED_A_REPLAY,m,0.03125900637181415
,,,fingertip_orientation_error_rad,2,index,,,,,,ACCEPTED_A_REPLAY,rad,0.06332865994008696
,,,wrist_to_tip_vector_error_m,2,index,,,,,,ACCEPTED_A_REPLAY,m,0.030949754647916782
,,,direct_proximal_orientation_error_rad,2,index,,,,,,ACCEPTED_A_REPLAY,rad,0.49936003624763775
,,,direct_distal_orientation_error_rad,2,index,,,,,,ACCEPTED_A_REPLAY,rad,0.1560207785143812
,,,thumb_to_tip_vector_error_m,2,index,,,,,,ACCEPTED_A_REPLAY,m,0.007793588573761441
,,,global_E_bone_diagnostic,2,index,,,,,,ACCEPTED_A_REPLAY,squared_direction,0.12913120812286666
,,,fingertip_position_error_m,2,middle,,,,,,ACCEPTED_A_REPLAY,m,0.03339547570378546
,,,fingertip_orientation_error_rad,2,middle,,,,,,ACCEPTED_A_REPLAY,rad,0.33657738380259655
,,,wrist_to_tip_vector_error_m,2,middle,,,,,,ACCEPTED_A_REPLAY,m,0.0286841850685049
,,,direct_proximal_orientation_error_rad,2,middle,,,,,,ACCEPTED_A_REPLAY,rad,0.22278742183345618
,,,direct_distal_orientation_error_rad,2,middle,,,,,,ACCEPTED_A_REPLAY,rad,0.06419317235424897
,,,thumb_to_tip_vector_error_m,2,middle,,,,,,ACCEPTED_A_REPLAY,m,0.013068274283563622
,,,global_E_bone_diagnostic,2,middle,,,,,,ACCEPTED_A_REPLAY,squared_direction,0.026841537227051303
,,,fingertip_position_error_m,2,ring,,,,,,ACCEPTED_A_REPLAY,m,0.03416514965598515
,,,fingertip_orientation_error_rad,2,ring,,,,,,ACCEPTED_A_REPLAY,rad,0.3983582931150959
,,,wrist_to_tip_vector_error_m,2,ring,,,,,,ACCEPTED_A_REPLAY,m,0.036540143464961636
,,,direct_proximal_orientation_error_rad,2,ring,,,,,,ACCEPTED_A_REPLAY,rad,0.20454242889556326
,,,direct_distal_orientation_error_rad,2,ring,,,,,,ACCEPTED_A_REPLAY,rad,0.08378724884361576
,,,thumb_to_tip_vector_error_m,2,ring,,,,,,ACCEPTED_A_REPLAY,m,0.01554753220494607
,,,global_E_bone_diagnostic,2,ring,,,,,,ACCEPTED_A_REPLAY,squared_direction,0.02230277692380697
,,,fingertip_position_error_m,2,pinky,,,,,,ACCEPTED_A_REPLAY,m,0.037869302430366104
,,,fingertip_orientation_error_rad,2,pinky,,,,,,ACCEPTED_A_REPLAY,rad,0.31360697027258677
,,,wrist_to_tip_vector_error_m,2,pinky,,,,,,ACCEPTED_A_REPLAY,m,0.057570558450501526
,,,direct_proximal_orientation_error_rad,2,pinky,,,,,,ACCEPTED_A_REPLAY,rad,0.30421875775776186
,,,direct_distal_orientation_error_rad,2,pinky,,,,,,ACCEPTED_A_REPLAY,rad,0.15086394018958438
,,,thumb_to_tip_vector_error_m,2,pinky,,,,,,ACCEPTED_A_REPLAY,m,0.03163569894909089
,,,global_E_bone_diagnostic,2,pinky,,,,,,ACCEPTED_A_REPLAY,squared_direction,0.17308541884248282
,,,global_E_bone_diagnostic,2,ALL,,,,,,ACCEPTED_A_REPLAY,squared_direction,1.0175224511798007
,,,global_E_IM_diagnostic,2,ALL,,,,,,ACCEPTED_A_REPLAY,m_squared,9.76619853245764e-05
,,,wrist_orientation_error_rad,3,ALL,,,,,,ACCEPTED_A_REPLAY,rad,0.12013722414996185
,,,wrist_tray_position_error_m,3,ALL,,,,,,ACCEPTED_A_REPLAY,m,0.03756878645252344
,,,fingertip_position_error_m,3,thumb,,,,,,ACCEPTED_A_REPLAY,m,0.02920370010179613
,,,fingertip_orientation_error_rad,3,thumb,,,,,,ACCEPTED_A_REPLAY,rad,0.08301821830838589
,,,wrist_to_tip_vector_error_m,3,thumb,,,,,,ACCEPTED_A_REPLAY,m,0.026274519785928235
,,,direct_proximal_orientation_error_rad,3,thumb,,,,,,ACCEPTED_A_REPLAY,rad,0.8019092532983104
,,,direct_distal_orientation_error_rad,3,thumb,,,,,,ACCEPTED_A_REPLAY,rad,0.1807233918137677
,,,thumb_to_tip_vector_error_m,3,thumb,,,,,,ACCEPTED_A_REPLAY,m,0.0
,,,global_E_bone_diagnostic,3,thumb,,,,,,ACCEPTED_A_REPLAY,squared_direction,0.6588808169956932
,,,fingertip_position_error_m,3,index,,,,,,ACCEPTED_A_REPLAY,m,0.03283330724448623
,,,fingertip_orientation_error_rad,3,index,,,,,,ACCEPTED_A_REPLAY,rad,0.06765972141929354
,,,wrist_to_tip_vector_error_m,3,index,,,,,,ACCEPTED_A_REPLAY,m,0.031315366473192774
,,,direct_proximal_orientation_error_rad,3,index,,,,,,ACCEPTED_A_REPLAY,rad,0.5116757312279024
,,,direct_distal_orientation_error_rad,3,index,,,,,,ACCEPTED_A_REPLAY,rad,0.17123292576954377
,,,thumb_to_tip_vector_error_m,3,index,,,,,,ACCEPTED_A_REPLAY,m,0.007863726884012207
,,,global_E_bone_diagnostic,3,index,,,,,,ACCEPTED_A_REPLAY,squared_direction,0.12867159534232836
,,,fingertip_position_error_m,3,middle,,,,,,ACCEPTED_A_REPLAY,m,0.03484854618230383
,,,fingertip_orientation_error_rad,3,middle,,,,,,ACCEPTED_A_REPLAY,rad,0.3321019067937486
,,,wrist_to_tip_vector_error_m,3,middle,,,,,,ACCEPTED_A_REPLAY,m,0.028911056490321066
,,,direct_proximal_orientation_error_rad,3,middle,,,,,,ACCEPTED_A_REPLAY,rad,0.23370109058349156
,,,direct_distal_orientation_error_rad,3,middle,,,,,,ACCEPTED_A_REPLAY,rad,0.06563024112441304
,,,thumb_to_tip_vector_error_m,3,middle,,,,,,ACCEPTED_A_REPLAY,m,0.013160526373882063
,,,global_E_bone_diagnostic,3,middle,,,,,,ACCEPTED_A_REPLAY,squared_direction,0.030092827806612647
,,,fingertip_position_error_m,3,ring,,,,,,ACCEPTED_A_REPLAY,m,0.0346620816208041
,,,fingertip_orientation_error_rad,3,ring,,,,,,ACCEPTED_A_REPLAY,rad,0.4266590229010442
,,,wrist_to_tip_vector_error_m,3,ring,,,,,,ACCEPTED_A_REPLAY,m,0.036158933947068365
,,,direct_proximal_orientation_error_rad,3,ring,,,,,,ACCEPTED_A_REPLAY,rad,0.20128694171813052
,,,direct_distal_orientation_error_rad,3,ring,,,,,,ACCEPTED_A_REPLAY,rad,0.09052425743697509
,,,thumb_to_tip_vector_error_m,3,ring,,,,,,ACCEPTED_A_REPLAY,m,0.014500067827634076
,,,global_E_bone_diagnostic,3,ring,,,,,,ACCEPTED_A_REPLAY,squared_direction,0.026240601760300648
,,,fingertip_position_error_m,3,pinky,,,,,,ACCEPTED_A_REPLAY,m,0.03803620484429277
,,,fingertip_orientation_error_rad,3,pinky,,,,,,ACCEPTED_A_REPLAY,rad,0.3461248319041542
,,,wrist_to_tip_vector_error_m,3,pinky,,,,,,ACCEPTED_A_REPLAY,m,0.05743304493630409
,,,direct_proximal_orientation_error_rad,3,pinky,,,,,,ACCEPTED_A_REPLAY,rad,0.3071682244926961
,,,direct_distal_orientation_error_rad,3,pinky,,,,,,ACCEPTED_A_REPLAY,rad,0.16523377456239594
,,,thumb_to_tip_vector_error_m,3,pinky,,,,,,ACCEPTED_A_REPLAY,m,0.031227450658889405
,,,global_E_bone_diagnostic,3,pinky,,,,,,ACCEPTED_A_REPLAY,squared_direction,0.1859338663403626
,,,global_E_bone_diagnostic,3,ALL,,,,,,ACCEPTED_A_REPLAY,squared_direction,1.0298197082452973
,,,global_E_IM_diagnostic,3,ALL,,,,,,ACCEPTED_A_REPLAY,m_squared,9.848454808617458e-05
,,,wrist_orientation_error_rad,4,ALL,,,,,,ACCEPTED_A_REPLAY,rad,0.122410494036605
,,,wrist_tray_position_error_m,4,ALL,,,,,,ACCEPTED_A_REPLAY,m,0.038923472023713365
,,,fingertip_position_error_m,4,thumb,,,,,,ACCEPTED_A_REPLAY,m,0.03074138222743057
,,,fingertip_orientation_error_rad,4,thumb,,,,,,ACCEPTED_A_REPLAY,rad,0.08164107578975349
,,,wrist_to_tip_vector_error_m,4,thumb,,,,,,ACCEPTED_A_REPLAY,m,0.026526533911336615
,,,direct_proximal_orientation_error_rad,4,thumb,,,,,,ACCEPTED_A_REPLAY,rad,0.7980851480569187
,,,direct_distal_orientation_error_rad,4,thumb,,,,,,ACCEPTED_A_REPLAY,rad,0.18126773214367342
,,,thumb_to_tip_vector_error_m,4,thumb,,,,,,ACCEPTED_A_REPLAY,m,0.0
,,,global_E_bone_diagnostic,4,thumb,,,,,,ACCEPTED_A_REPLAY,squared_direction,0.6551281450156284
,,,fingertip_position_error_m,4,index,,,,,,ACCEPTED_A_REPLAY,m,0.034341873478055465
,,,fingertip_orientation_error_rad,4,index,,,,,,ACCEPTED_A_REPLAY,rad,0.08014880880926249
,,,wrist_to_tip_vector_error_m,4,index,,,,,,ACCEPTED_A_REPLAY,m,0.032226941095359236
,,,direct_proximal_orientation_error_rad,4,index,,,,,,ACCEPTED_A_REPLAY,rad,0.5304988654024557
,,,direct_distal_orientation_error_rad,4,index,,,,,,ACCEPTED_A_REPLAY,rad,0.20059369943832844
,,,thumb_to_tip_vector_error_m,4,index,,,,,,ACCEPTED_A_REPLAY,m,0.008286259100303086
,,,global_E_bone_diagnostic,4,index,,,,,,ACCEPTED_A_REPLAY,squared_direction,0.1250567571127945
,,,fingertip_position_error_m,4,middle,,,,,,ACCEPTED_A_REPLAY,m,0.03631111133411841
,,,fingertip_orientation_error_rad,4,middle,,,,,,ACCEPTED_A_REPLAY,rad,0.32683641604128805
,,,wrist_to_tip_vector_error_m,4,middle,,,,,,ACCEPTED_A_REPLAY,m,0.029719684913544063
,,,direct_proximal_orientation_error_rad,4,middle,,,,,,ACCEPTED_A_REPLAY,rad,0.24838267661902338
,,,direct_distal_orientation_error_rad,4,middle,,,,,,ACCEPTED_A_REPLAY,rad,0.07097297921267955
,,,thumb_to_tip_vector_error_m,4,middle,,,,,,ACCEPTED_A_REPLAY,m,0.013197644937209612
,,,global_E_bone_diagnostic,4,middle,,,,,,ACCEPTED_A_REPLAY,squared_direction,0.03279158829985542
,,,fingertip_position_error_m,4,ring,,,,,,ACCEPTED_A_REPLAY,m,0.03542633742759578
,,,fingertip_orientation_error_rad,4,ring,,,,,,ACCEPTED_A_REPLAY,rad,0.45725063246798137
,,,wrist_to_tip_vector_error_m,4,ring,,,,,,ACCEPTED_A_REPLAY,m,0.036364810372529005
,,,direct_proximal_orientation_error_rad,4,ring,,,,,,ACCEPTED_A_REPLAY,rad,0.20693409699606308
,,,direct_distal_orientation_error_rad,4,ring,,,,,,ACCEPTED_A_REPLAY,rad,0.11320899595821651
,,,thumb_to_tip_vector_error_m,4,ring,,,,,,ACCEPTED_A_REPLAY,m,0.013934055458196926
,,,global_E_bone_diagnostic,4,ring,,,,,,ACCEPTED_A_REPLAY,squared_direction,0.03247724387638379
,,,fingertip_position_error_m,4,pinky,,,,,,ACCEPTED_A_REPLAY,m,0.038040628414095896
,,,fingertip_orientation_error_rad,4,pinky,,,,,,ACCEPTED_A_REPLAY,rad,0.38015821157718666
,,,wrist_to_tip_vector_error_m,4,pinky,,,,,,ACCEPTED_A_REPLAY,m,0.05749331599019885
,,,direct_proximal_orientation_error_rad,4,pinky,,,,,,ACCEPTED_A_REPLAY,rad,0.3135703147466738
,,,direct_distal_orientation_error_rad,4,pinky,,,,,,ACCEPTED_A_REPLAY,rad,0.18033459244538214
,,,thumb_to_tip_vector_error_m,4,pinky,,,,,,ACCEPTED_A_REPLAY,m,0.030992257539169975
,,,global_E_bone_diagnostic,4,pinky,,,,,,ACCEPTED_A_REPLAY,squared_direction,0.1991776667673676
,,,global_E_bone_diagnostic,4,ALL,,,,,,ACCEPTED_A_REPLAY,squared_direction,1.0446314010720297
,,,global_E_IM_diagnostic,4,ALL,,,,,,ACCEPTED_A_REPLAY,m_squared,9.934716633474079e-05
,,,wrist_orientation_error_rad,5,ALL,,,,,,ACCEPTED_A_REPLAY,rad,0.12203896455747047
,,,wrist_tray_position_error_m,5,ALL,,,,,,ACCEPTED_A_REPLAY,m,0.03989101492051187
,,,fingertip_position_error_m,5,thumb,,,,,,ACCEPTED_A_REPLAY,m,0.03189481588783556
,,,fingertip_orientation_error_rad,5,thumb,,,,,,ACCEPTED_A_REPLAY,rad,0.08147523956002849
,,,wrist_to_tip_vector_error_m,5,thumb,,,,,,ACCEPTED_A_REPLAY,m,0.026701151187247623
,,,direct_proximal_orientation_error_rad,5,thumb,,,,,,ACCEPTED_A_REPLAY,rad,0.7980607249890745
,,,direct_distal_orientation_error_rad,5,thumb,,,,,,ACCEPTED_A_REPLAY,rad,0.18389506872603556
,,,thumb_to_tip_vector_error_m,5,thumb,,,,,,ACCEPTED_A_REPLAY,m,0.0
,,,global_E_bone_diagnostic,5,thumb,,,,,,ACCEPTED_A_REPLAY,squared_direction,0.6573849122436554
,,,fingertip_position_error_m,5,index,,,,,,ACCEPTED_A_REPLAY,m,0.03603082584751768
,,,fingertip_orientation_error_rad,5,index,,,,,,ACCEPTED_A_REPLAY,rad,0.10597380956444535
,,,wrist_to_tip_vector_error_m,5,index,,,,,,ACCEPTED_A_REPLAY,m,0.033891054339886185
,,,direct_proximal_orientation_error_rad,5,index,,,,,,ACCEPTED_A_REPLAY,rad,0.5581841993810922
,,,direct_distal_orientation_error_rad,5,index,,,,,,ACCEPTED_A_REPLAY,rad,0.24917519984178702
,,,thumb_to_tip_vector_error_m,5,index,,,,,,ACCEPTED_A_REPLAY,m,0.009402348037545487
,,,global_E_bone_diagnostic,5,index,,,,,,ACCEPTED_A_REPLAY,squared_direction,0.11870732519799818
,,,fingertip_position_error_m,5,middle,,,,,,ACCEPTED_A_REPLAY,m,0.03796109690978951
,,,fingertip_orientation_error_rad,5,middle,,,,,,ACCEPTED_A_REPLAY,rad,0.3210262269068171
,,,wrist_to_tip_vector_error_m,5,middle,,,,,,ACCEPTED_A_REPLAY,m,0.03130485894834323
,,,direct_proximal_orientation_error_rad,5,middle,,,,,,ACCEPTED_A_REPLAY,rad,0.26809750154792517
,,,direct_distal_orientation_error_rad,5,middle,,,,,,ACCEPTED_A_REPLAY,rad,0.08854339317992543
,,,thumb_to_tip_vector_error_m,5,middle,,,,,,ACCEPTED_A_REPLAY,m,0.01324000136820622
,,,global_E_bone_diagnostic,5,middle,,,,,,ACCEPTED_A_REPLAY,squared_direction,0.034906245407137736
,,,fingertip_position_error_m,5,ring,,,,,,ACCEPTED_A_REPLAY,m,0.03681536362881552
,,,fingertip_orientation_error_rad,5,ring,,,,,,ACCEPTED_A_REPLAY,rad,0.4878958297061378
,,,wrist_to_tip_vector_error_m,5,ring,,,,,,ACCEPTED_A_REPLAY,m,0.037465505215102876
,,,direct_proximal_orientation_error_rad,5,ring,,,,,,ACCEPTED_A_REPLAY,rad,0.2248884216925885
,,,direct_distal_orientation_error_rad,5,ring,,,,,,ACCEPTED_A_REPLAY,rad,0.14798232008588433
,,,thumb_to_tip_vector_error_m,5,ring,,,,,,ACCEPTED_A_REPLAY,m,0.014408234650694482
,,,global_E_bone_diagnostic,5,ring,,,,,,ACCEPTED_A_REPLAY,squared_direction,0.04187529678531125
,,,fingertip_position_error_m,5,pinky,,,,,,ACCEPTED_A_REPLAY,m,0.03839679655131409
,,,fingertip_orientation_error_rad,5,pinky,,,,,,ACCEPTED_A_REPLAY,rad,0.41479679918047385
,,,wrist_to_tip_vector_error_m,5,pinky,,,,,,ACCEPTED_A_REPLAY,m,0.057863770885728305
,,,direct_proximal_orientation_error_rad,5,pinky,,,,,,ACCEPTED_A_REPLAY,rad,0.3261147885537109
,,,direct_distal_orientation_error_rad,5,pinky,,,,,,ACCEPTED_A_REPLAY,rad,0.1991260427391056
,,,thumb_to_tip_vector_error_m,5,pinky,,,,,,ACCEPTED_A_REPLAY,m,0.031171384370929377
,,,global_E_bone_diagnostic,5,pinky,,,,,,ACCEPTED_A_REPLAY,squared_direction,0.21443691727424274
,,,global_E_bone_diagnostic,5,ALL,,,,,,ACCEPTED_A_REPLAY,squared_direction,1.0673106969083452
,,,global_E_IM_diagnostic,5,ALL,,,,,,ACCEPTED_A_REPLAY,m_squared,9.61038662492994e-05
,,,wrist_orientation_error_rad,6,ALL,,,,,,ACCEPTED_A_REPLAY,rad,0.11900729465749645
,,,wrist_tray_position_error_m,6,ALL,,,,,,ACCEPTED_A_REPLAY,m,0.040179781875527724
,,,fingertip_position_error_m,6,thumb,,,,,,ACCEPTED_A_REPLAY,m,0.03303112383993315
,,,fingertip_orientation_error_rad,6,thumb,,,,,,ACCEPTED_A_REPLAY,rad,0.07952444107255696
,,,wrist_to_tip_vector_error_m,6,thumb,,,,,,ACCEPTED_A_REPLAY,m,0.02651145913149751
,,,direct_proximal_orientation_error_rad,6,thumb,,,,,,ACCEPTED_A_REPLAY,rad,0.8062643962779867
,,,direct_distal_orientation_error_rad,6,thumb,,,,,,ACCEPTED_A_REPLAY,rad,0.18712033550086576
,,,thumb_to_tip_vector_error_m,6,thumb,,,,,,ACCEPTED_A_REPLAY,m,0.0
,,,global_E_bone_diagnostic,6,thumb,,,,,,ACCEPTED_A_REPLAY,squared_direction,0.666591271874441
,,,fingertip_position_error_m,6,index,,,,,,ACCEPTED_A_REPLAY,m,0.03854113456068302
,,,fingertip_orientation_error_rad,6,index,,,,,,ACCEPTED_A_REPLAY,rad,0.14963878284493065
,,,wrist_to_tip_vector_error_m,6,index,,,,,,ACCEPTED_A_REPLAY,m,0.03637891811178133
,,,direct_proximal_orientation_error_rad,6,index,,,,,,ACCEPTED_A_REPLAY,rad,0.5963148611281357
,,,direct_distal_orientation_error_rad,6,index,,,,,,ACCEPTED_A_REPLAY,rad,0.31936079315145327
,,,thumb_to_tip_vector_error_m,6,index,,,,,,ACCEPTED_A_REPLAY,m,0.011791174662657415
,,,global_E_bone_diagnostic,6,index,,,,,,ACCEPTED_A_REPLAY,squared_direction,0.11355651822241858
,,,fingertip_position_error_m,6,middle,,,,,,ACCEPTED_A_REPLAY,m,0.04070394340204289
,,,fingertip_orientation_error_rad,6,middle,,,,,,ACCEPTED_A_REPLAY,rad,0.31789014936545174
,,,wrist_to_tip_vector_error_m,6,middle,,,,,,ACCEPTED_A_REPLAY,m,0.03400958581779085
,,,direct_proximal_orientation_error_rad,6,middle,,,,,,ACCEPTED_A_REPLAY,rad,0.29622702946298257
,,,direct_distal_orientation_error_rad,6,middle,,,,,,ACCEPTED_A_REPLAY,rad,0.13038751425527922
,,,thumb_to_tip_vector_error_m,6,middle,,,,,,ACCEPTED_A_REPLAY,m,0.014188788015436424
,,,global_E_bone_diagnostic,6,middle,,,,,,ACCEPTED_A_REPLAY,squared_direction,0.037355270662023196
,,,fingertip_position_error_m,6,ring,,,,,,ACCEPTED_A_REPLAY,m,0.03976036125246545
,,,fingertip_orientation_error_rad,6,ring,,,,,,ACCEPTED_A_REPLAY,rad,0.5189876412299788
,,,wrist_to_tip_vector_error_m,6,ring,,,,,,ACCEPTED_A_REPLAY,m,0.039761717474295244
,,,direct_proximal_orientation_error_rad,6,ring,,,,,,ACCEPTED_A_REPLAY,rad,0.25614847302699867
,,,direct_distal_orientation_error_rad,6,ring,,,,,,ACCEPTED_A_REPLAY,rad,0.19891054076830028
,,,thumb_to_tip_vector_error_m,6,ring,,,,,,ACCEPTED_A_REPLAY,m,0.016695793016902674
,,,global_E_bone_diagnostic,6,ring,,,,,,ACCEPTED_A_REPLAY,squared_direction,0.05631070678245184
,,,fingertip_position_error_m,6,pinky,,,,,,ACCEPTED_A_REPLAY,m,0.03972349717568645
,,,fingertip_orientation_error_rad,6,pinky,,,,,,ACCEPTED_A_REPLAY,rad,0.4513451912169718
,,,wrist_to_tip_vector_error_m,6,pinky,,,,,,ACCEPTED_A_REPLAY,m,0.05866745766993674
,,,direct_proximal_orientation_error_rad,6,pinky,,,,,,ACCEPTED_A_REPLAY,rad,0.34801772852229695
,,,direct_distal_orientation_error_rad,6,pinky,,,,,,ACCEPTED_A_REPLAY,rad,0.22729318532710707
,,,thumb_to_tip_vector_error_m,6,pinky,,,,,,ACCEPTED_A_REPLAY,m,0.03222842031316582
,,,global_E_bone_diagnostic,6,pinky,,,,,,ACCEPTED_A_REPLAY,squared_direction,0.2355094542730503
,,,global_E_bone_diagnostic,6,ALL,,,,,,ACCEPTED_A_REPLAY,squared_direction,1.109323221814385
,,,global_E_IM_diagnostic,6,ALL,,,,,,ACCEPTED_A_REPLAY,m_squared,9.284816038599114e-05
,,,wrist_orientation_error_rad,7,ALL,,,,,,ACCEPTED_A_REPLAY,rad,0.11011738198262207
,,,wrist_tray_position_error_m,7,ALL,,,,,,ACCEPTED_A_REPLAY,m,0.03770977010590028
,,,fingertip_position_error_m,7,thumb,,,,,,ACCEPTED_A_REPLAY,m,0.03408494617780553
,,,fingertip_orientation_error_rad,7,thumb,,,,,,ACCEPTED_A_REPLAY,rad,0.07611314803182767
,,,wrist_to_tip_vector_error_m,7,thumb,,,,,,ACCEPTED_A_REPLAY,m,0.0257727810311027
,,,direct_proximal_orientation_error_rad,7,thumb,,,,,,ACCEPTED_A_REPLAY,rad,0.8256790148842813
,,,direct_distal_orientation_error_rad,7,thumb,,,,,,ACCEPTED_A_REPLAY,rad,0.185754198671356
,,,thumb_to_tip_vector_error_m,7,thumb,,,,,,ACCEPTED_A_REPLAY,m,0.0
,,,global_E_bone_diagnostic,7,thumb,,,,,,ACCEPTED_A_REPLAY,squared_direction,0.6833932836628747
,,,fingertip_position_error_m,7,index,,,,,,ACCEPTED_A_REPLAY,m,0.04215440051038957
,,,fingertip_orientation_error_rad,7,index,,,,,,ACCEPTED_A_REPLAY,rad,0.2076332474681061
,,,wrist_to_tip_vector_error_m,7,index,,,,,,ACCEPTED_A_REPLAY,m,0.03937551187730062
,,,direct_proximal_orientation_error_rad,7,index,,,,,,ACCEPTED_A_REPLAY,rad,0.6413452988444334
,,,direct_distal_orientation_error_rad,7,index,,,,,,ACCEPTED_A_REPLAY,rad,0.4056009297100239
,,,thumb_to_tip_vector_error_m,7,index,,,,,,ACCEPTED_A_REPLAY,m,0.01549461180345326
,,,global_E_bone_diagnostic,7,index,,,,,,ACCEPTED_A_REPLAY,squared_direction,0.11652608623797601
,,,fingertip_position_error_m,7,middle,,,,,,ACCEPTED_A_REPLAY,m,0.044966207836897046
,,,fingertip_orientation_error_rad,7,middle,,,,,,ACCEPTED_A_REPLAY,rad,0.3306158029149232
,,,wrist_to_tip_vector_error_m,7,middle,,,,,,ACCEPTED_A_REPLAY,m,0.03810119186865057
,,,direct_proximal_orientation_error_rad,7,middle,,,,,,ACCEPTED_A_REPLAY,rad,0.3360389856189465
,,,direct_distal_orientation_error_rad,7,middle,,,,,,ACCEPTED_A_REPLAY,rad,0.1985753993997035
,,,thumb_to_tip_vector_error_m,7,middle,,,,,,ACCEPTED_A_REPLAY,m,0.01758642162526965
,,,global_E_bone_diagnostic,7,middle,,,,,,ACCEPTED_A_REPLAY,squared_direction,0.042471376668477695
,,,fingertip_position_error_m,7,ring,,,,,,ACCEPTED_A_REPLAY,m,0.04489788291608851
,,,fingertip_orientation_error_rad,7,ring,,,,,,ACCEPTED_A_REPLAY,rad,0.5558898697381783
,,,wrist_to_tip_vector_error_m,7,ring,,,,,,ACCEPTED_A_REPLAY,m,0.04352479243426354
,,,direct_proximal_orientation_error_rad,7,ring,,,,,,ACCEPTED_A_REPLAY,rad,0.2998695102076383
,,,direct_distal_orientation_error_rad,7,ring,,,,,,ACCEPTED_A_REPLAY,rad,0.2719435806781854
,,,thumb_to_tip_vector_error_m,7,ring,,,,,,ACCEPTED_A_REPLAY,m,0.02137272352187938
,,,global_E_bone_diagnostic,7,ring,,,,,,ACCEPTED_A_REPLAY,squared_direction,0.08033304354498533
,,,fingertip_position_error_m,7,pinky,,,,,,ACCEPTED_A_REPLAY,m,0.04384535838553214
,,,fingertip_orientation_error_rad,7,pinky,,,,,,ACCEPTED_A_REPLAY,rad,0.4927851004305501
,,,wrist_to_tip_vector_error_m,7,pinky,,,,,,ACCEPTED_A_REPLAY,m,0.06006483233478711
,,,direct_proximal_orientation_error_rad,7,pinky,,,,,,ACCEPTED_A_REPLAY,rad,0.38336643163486966
,,,direct_distal_orientation_error_rad,7,pinky,,,,,,ACCEPTED_A_REPLAY,rad,0.2710354669197509
,,,thumb_to_tip_vector_error_m,7,pinky,,,,,,ACCEPTED_A_REPLAY,m,0.03458543986629648
,,,global_E_bone_diagnostic,7,pinky,,,,,,ACCEPTED_A_REPLAY,squared_direction,0.26908967175957627
,,,global_E_bone_diagnostic,7,ALL,,,,,,ACCEPTED_A_REPLAY,squared_direction,1.19181346187389
,,,global_E_IM_diagnostic,7,ALL,,,,,,ACCEPTED_A_REPLAY,m_squared,9.423221119330272e-05
,,,wrist_orientation_error_rad,8,ALL,,,,,,ACCEPTED_A_REPLAY,rad,0.09393135916878168
,,,wrist_tray_position_error_m,8,ALL,,,,,,ACCEPTED_A_REPLAY,m,0.03582216378796383
,,,fingertip_position_error_m,8,thumb,,,,,,ACCEPTED_A_REPLAY,m,0.036086564900099656
,,,fingertip_orientation_error_rad,8,thumb,,,,,,ACCEPTED_A_REPLAY,rad,0.08165109157161084
,,,wrist_to_tip_vector_error_m,8,thumb,,,,,,ACCEPTED_A_REPLAY,m,0.02489735112597269
,,,direct_proximal_orientation_error_rad,8,thumb,,,,,,ACCEPTED_A_REPLAY,rad,0.8512998360283213
,,,direct_distal_orientation_error_rad,8,thumb,,,,,,ACCEPTED_A_REPLAY,rad,0.18610174200807453
,,,thumb_to_tip_vector_error_m,8,thumb,,,,,,ACCEPTED_A_REPLAY,m,0.0
,,,global_E_bone_diagnostic,8,thumb,,,,,,ACCEPTED_A_REPLAY,squared_direction,0.7052816365332235
,,,fingertip_position_error_m,8,index,,,,,,ACCEPTED_A_REPLAY,m,0.046473638504087526
,,,fingertip_orientation_error_rad,8,index,,,,,,ACCEPTED_A_REPLAY,rad,0.2674290683578967
,,,wrist_to_tip_vector_error_m,8,index,,,,,,ACCEPTED_A_REPLAY,m,0.04198524107313054
,,,direct_proximal_orientation_error_rad,8,index,,,,,,ACCEPTED_A_REPLAY,rad,0.6829297479983848
,,,direct_distal_orientation_error_rad,8,index,,,,,,ACCEPTED_A_REPLAY,rad,0.49445483744888863
,,,thumb_to_tip_vector_error_m,8,index,,,,,,ACCEPTED_A_REPLAY,m,0.018909854236006954
,,,global_E_bone_diagnostic,8,index,,,,,,ACCEPTED_A_REPLAY,squared_direction,0.13422552981429087
,,,fingertip_position_error_m,8,middle,,,,,,ACCEPTED_A_REPLAY,m,0.051357821217055497
,,,fingertip_orientation_error_rad,8,middle,,,,,,ACCEPTED_A_REPLAY,rad,0.3700050882110627
,,,wrist_to_tip_vector_error_m,8,middle,,,,,,ACCEPTED_A_REPLAY,m,0.04358481314994697
,,,direct_proximal_orientation_error_rad,8,middle,,,,,,ACCEPTED_A_REPLAY,rad,0.39023186292090345
,,,direct_distal_orientation_error_rad,8,middle,,,,,,ACCEPTED_A_REPLAY,rad,0.2836026644060093
,,,thumb_to_tip_vector_error_m,8,middle,,,,,,ACCEPTED_A_REPLAY,m,0.0230841668510566
,,,global_E_bone_diagnostic,8,middle,,,,,,ACCEPTED_A_REPLAY,squared_direction,0.055410180553410786
,,,fingertip_position_error_m,8,ring,,,,,,ACCEPTED_A_REPLAY,m,0.05230895832987175
,,,fingertip_orientation_error_rad,8,ring,,,,,,ACCEPTED_A_REPLAY,rad,0.6033537352334489
,,,wrist_to_tip_vector_error_m,8,ring,,,,,,ACCEPTED_A_REPLAY,m,0.04877575119687958
,,,direct_proximal_orientation_error_rad,8,ring,,,,,,ACCEPTED_A_REPLAY,rad,0.3537880231274415
,,,direct_distal_orientation_error_rad,8,ring,,,,,,ACCEPTED_A_REPLAY,rad,0.3667457669806203
,,,thumb_to_tip_vector_error_m,8,ring,,,,,,ACCEPTED_A_REPLAY,m,0.027741523662254703
,,,global_E_bone_diagnostic,8,ring,,,,,,ACCEPTED_A_REPLAY,squared_direction,0.12275916534795901
,,,fingertip_position_error_m,8,pinky,,,,,,ACCEPTED_A_REPLAY,m,0.0505985403721377
,,,fingertip_orientation_error_rad,8,pinky,,,,,,ACCEPTED_A_REPLAY,rad,0.5427757522920259
,,,wrist_to_tip_vector_error_m,8,pinky,,,,,,ACCEPTED_A_REPLAY,m,0.0624604501652138
,,,direct_proximal_orientation_error_rad,8,pinky,,,,,,ACCEPTED_A_REPLAY,rad,0.4398275999267144
,,,direct_distal_orientation_error_rad,8,pinky,,,,,,ACCEPTED_A_REPLAY,rad,0.33638841036566275
,,,thumb_to_tip_vector_error_m,8,pinky,,,,,,ACCEPTED_A_REPLAY,m,0.03837932724162091
,,,global_E_bone_diagnostic,8,pinky,,,,,,ACCEPTED_A_REPLAY,squared_direction,0.32471955906211836
,,,global_E_bone_diagnostic,8,ALL,,,,,,ACCEPTED_A_REPLAY,squared_direction,1.3423960713110026
,,,global_E_IM_diagnostic,8,ALL,,,,,,ACCEPTED_A_REPLAY,m_squared,0.000101417521073543
,,,wrist_orientation_error_rad,9,ALL,,,,,,ACCEPTED_A_REPLAY,rad,0.08226235245643822
,,,wrist_tray_position_error_m,9,ALL,,,,,,ACCEPTED_A_REPLAY,m,0.03721066045278198
,,,fingertip_position_error_m,9,thumb,,,,,,ACCEPTED_A_REPLAY,m,0.03653563311741602
,,,fingertip_orientation_error_rad,9,thumb,,,,,,ACCEPTED_A_REPLAY,rad,0.09090412965922338
,,,wrist_to_tip_vector_error_m,9,thumb,,,,,,ACCEPTED_A_REPLAY,m,0.024449747247839434
,,,direct_proximal_orientation_error_rad,9,thumb,,,,,,ACCEPTED_A_REPLAY,rad,0.8782909919869364
,,,direct_distal_orientation_error_rad,9,thumb,,,,,,ACCEPTED_A_REPLAY,rad,0.1957198466008303
,,,thumb_to_tip_vector_error_m,9,thumb,,,,,,ACCEPTED_A_REPLAY,m,0.0
,,,global_E_bone_diagnostic,9,thumb,,,,,,ACCEPTED_A_REPLAY,squared_direction,0.7336768866236193
,,,fingertip_position_error_m,9,index,,,,,,ACCEPTED_A_REPLAY,m,0.04751179802358465
,,,fingertip_orientation_error_rad,9,index,,,,,,ACCEPTED_A_REPLAY,rad,0.3134277550153056
,,,wrist_to_tip_vector_error_m,9,index,,,,,,ACCEPTED_A_REPLAY,m,0.043471171343134614
,,,direct_proximal_orientation_error_rad,9,index,,,,,,ACCEPTED_A_REPLAY,rad,0.7134070256428278
,,,direct_distal_orientation_error_rad,9,index,,,,,,ACCEPTED_A_REPLAY,rad,0.5762517361397627
,,,thumb_to_tip_vector_error_m,9,index,,,,,,ACCEPTED_A_REPLAY,m,0.020603800823413117
,,,global_E_bone_diagnostic,9,index,,,,,,ACCEPTED_A_REPLAY,squared_direction,0.17082098101161763
,,,fingertip_position_error_m,9,middle,,,,,,ACCEPTED_A_REPLAY,m,0.055690370501204955
,,,fingertip_orientation_error_rad,9,middle,,,,,,ACCEPTED_A_REPLAY,rad,0.41950638137102664
,,,wrist_to_tip_vector_error_m,9,middle,,,,,,ACCEPTED_A_REPLAY,m,0.0496275074945025
,,,direct_proximal_orientation_error_rad,9,middle,,,,,,ACCEPTED_A_REPLAY,rad,0.45084958160977395
,,,direct_distal_orientation_error_rad,9,middle,,,,,,ACCEPTED_A_REPLAY,rad,0.3708119272666717
,,,thumb_to_tip_vector_error_m,9,middle,,,,,,ACCEPTED_A_REPLAY,m,0.02885130518025685
,,,global_E_bone_diagnostic,9,middle,,,,,,ACCEPTED_A_REPLAY,squared_direction,0.08260025369019416
,,,fingertip_position_error_m,9,ring,,,,,,ACCEPTED_A_REPLAY,m,0.057875162707852264
,,,fingertip_orientation_error_rad,9,ring,,,,,,ACCEPTED_A_REPLAY,rad,0.6564445864324953
,,,wrist_to_tip_vector_error_m,9,ring,,,,,,ACCEPTED_A_REPLAY,m,0.05523096378569948
,,,direct_proximal_orientation_error_rad,9,ring,,,,,,ACCEPTED_A_REPLAY,rad,0.414863100089476
,,,direct_distal_orientation_error_rad,9,ring,,,,,,ACCEPTED_A_REPLAY,rad,0.476337968548738
,,,thumb_to_tip_vector_error_m,9,ring,,,,,,ACCEPTED_A_REPLAY,m,0.03470711986628706
,,,global_E_bone_diagnostic,9,ring,,,,,,ACCEPTED_A_REPLAY,squared_direction,0.19473031328672058
,,,fingertip_position_error_m,9,pinky,,,,,,ACCEPTED_A_REPLAY,m,0.05679246261013125
,,,fingertip_orientation_error_rad,9,pinky,,,,,,ACCEPTED_A_REPLAY,rad,0.6027958184071435
,,,wrist_to_tip_vector_error_m,9,pinky,,,,,,ACCEPTED_A_REPLAY,m,0.06600458907258006
,,,direct_proximal_orientation_error_rad,9,pinky,,,,,,ACCEPTED_A_REPLAY,rad,0.5207724020569174
,,,direct_distal_orientation_error_rad,9,pinky,,,,,,ACCEPTED_A_REPLAY,rad,0.42099996182597144
,,,thumb_to_tip_vector_error_m,9,pinky,,,,,,ACCEPTED_A_REPLAY,m,0.04324768565692045
,,,global_E_bone_diagnostic,9,pinky,,,,,,ACCEPTED_A_REPLAY,squared_direction,0.41644519598051793
,,,global_E_bone_diagnostic,9,ALL,,,,,,ACCEPTED_A_REPLAY,squared_direction,1.5982736305926697
,,,global_E_IM_diagnostic,9,ALL,,,,,,ACCEPTED_A_REPLAY,m_squared,0.00010986229229693862
,,,wrist_orientation_error_rad,10,ALL,,,,,,ACCEPTED_A_REPLAY,rad,0.07763885113098429
,,,wrist_tray_position_error_m,10,ALL,,,,,,ACCEPTED_A_REPLAY,m,0.03702930204642034
,,,fingertip_position_error_m,10,thumb,,,,,,ACCEPTED_A_REPLAY,m,0.026281541204614452
,,,fingertip_orientation_error_rad,10,thumb,,,,,,ACCEPTED_A_REPLAY,rad,0.10418114500050717
,,,wrist_to_tip_vector_error_m,10,thumb,,,,,,ACCEPTED_A_REPLAY,m,0.024506487242399032
,,,direct_proximal_orientation_error_rad,10,thumb,,,,,,ACCEPTED_A_REPLAY,rad,0.9021848080069321
,,,direct_distal_orientation_error_rad,10,thumb,,,,,,ACCEPTED_A_REPLAY,rad,0.20823788307904678
,,,thumb_to_tip_vector_error_m,10,thumb,,,,,,ACCEPTED_A_REPLAY,m,0.0
,,,global_E_bone_diagnostic,10,thumb,,,,,,ACCEPTED_A_REPLAY,squared_direction,0.764680884550555
,,,fingertip_position_error_m,10,index,,,,,,ACCEPTED_A_REPLAY,m,0.033660731284791294
,,,fingertip_orientation_error_rad,10,index,,,,,,ACCEPTED_A_REPLAY,rad,0.33859000104067105
,,,wrist_to_tip_vector_error_m,10,index,,,,,,ACCEPTED_A_REPLAY,m,0.04333485825807236
,,,direct_proximal_orientation_error_rad,10,index,,,,,,ACCEPTED_A_REPLAY,rad,0.7310420613897101
,,,direct_distal_orientation_error_rad,10,index,,,,,,ACCEPTED_A_REPLAY,rad,0.6429287917123768
,,,thumb_to_tip_vector_error_m,10,index,,,,,,ACCEPTED_A_REPLAY,m,0.020069839937581716
,,,global_E_bone_diagnostic,10,index,,,,,,ACCEPTED_A_REPLAY,squared_direction,0.22887471860446662
,,,fingertip_position_error_m,10,middle,,,,,,ACCEPTED_A_REPLAY,m,0.04566942659757448
,,,fingertip_orientation_error_rad,10,middle,,,,,,ACCEPTED_A_REPLAY,rad,0.46126423655939724
,,,wrist_to_tip_vector_error_m,10,middle,,,,,,ACCEPTED_A_REPLAY,m,0.05474483560445021
,,,direct_proximal_orientation_error_rad,10,middle,,,,,,ACCEPTED_A_REPLAY,rad,0.49793847012190917
,,,direct_distal_orientation_error_rad,10,middle,,,,,,ACCEPTED_A_REPLAY,rad,0.446074666968297
,,,thumb_to_tip_vector_error_m,10,middle,,,,,,ACCEPTED_A_REPLAY,m,0.03318551239328108
,,,global_E_bone_diagnostic,10,middle,,,,,,ACCEPTED_A_REPLAY,squared_direction,0.12522475236399308
,,,fingertip_position_error_m,10,ring,,,,,,ACCEPTED_A_REPLAY,m,0.04929815207833206
,,,fingertip_orientation_error_rad,10,ring,,,,,,ACCEPTED_A_REPLAY,rad,0.6939749852509274
,,,wrist_to_tip_vector_error_m,10,ring,,,,,,ACCEPTED_A_REPLAY,m,0.06135707835391629
,,,direct_proximal_orientation_error_rad,10,ring,,,,,,ACCEPTED_A_REPLAY,rad,0.46867309359566833
,,,direct_distal_orientation_error_rad,10,ring,,,,,,ACCEPTED_A_REPLAY,rad,0.5740517807410019
,,,thumb_to_tip_vector_error_m,10,ring,,,,,,ACCEPTED_A_REPLAY,m,0.04055919753062333
,,,global_E_bone_diagnostic,10,ring,,,,,,ACCEPTED_A_REPLAY,squared_direction,0.29578404409661113
,,,fingertip_position_error_m,10,pinky,,,,,,ACCEPTED_A_REPLAY,m,0.05090517793280348
,,,fingertip_orientation_error_rad,10,pinky,,,,,,ACCEPTED_A_REPLAY,rad,0.6635958545335999
,,,wrist_to_tip_vector_error_m,10,pinky,,,,,,ACCEPTED_A_REPLAY,m,0.07005032252202466
,,,direct_proximal_orientation_error_rad,10,pinky,,,,,,ACCEPTED_A_REPLAY,rad,0.6066373554466464
,,,direct_distal_orientation_error_rad,10,pinky,,,,,,ACCEPTED_A_REPLAY,rad,0.5134217443136508
,,,thumb_to_tip_vector_error_m,10,pinky,,,,,,ACCEPTED_A_REPLAY,m,0.048156720358605756
,,,global_E_bone_diagnostic,10,pinky,,,,,,ACCEPTED_A_REPLAY,squared_direction,0.5429960187502743
,,,global_E_bone_diagnostic,10,ALL,,,,,,ACCEPTED_A_REPLAY,squared_direction,1.9575604183659001
,,,global_E_IM_diagnostic,10,ALL,,,,,,ACCEPTED_A_REPLAY,m_squared,0.00012726641060504195
,,,wrist_orientation_error_rad,11,ALL,,,,,,ACCEPTED_A_REPLAY,rad,0.08318839550923912
,,,wrist_tray_position_error_m,11,ALL,,,,,,ACCEPTED_A_REPLAY,m,0.03878921071864539
,,,fingertip_position_error_m,11,thumb,,,,,,ACCEPTED_A_REPLAY,m,0.03362533687336735
,,,fingertip_orientation_error_rad,11,thumb,,,,,,ACCEPTED_A_REPLAY,rad,0.12541954283394435
,,,wrist_to_tip_vector_error_m,11,thumb,,,,,,ACCEPTED_A_REPLAY,m,0.024838630789375128
,,,direct_proximal_orientation_error_rad,11,thumb,,,,,,ACCEPTED_A_REPLAY,rad,0.9210113248167456
,,,direct_distal_orientation_error_rad,11,thumb,,,,,,ACCEPTED_A_REPLAY,rad,0.21737198502754454
,,,thumb_to_tip_vector_error_m,11,thumb,,,,,,ACCEPTED_A_REPLAY,m,0.0
,,,global_E_bone_diagnostic,11,thumb,,,,,,ACCEPTED_A_REPLAY,squared_direction,0.7939092492949379
,,,fingertip_position_error_m,11,index,,,,,,ACCEPTED_A_REPLAY,m,0.0370064878510399
,,,fingertip_orientation_error_rad,11,index,,,,,,ACCEPTED_A_REPLAY,rad,0.36329394609703075
,,,wrist_to_tip_vector_error_m,11,index,,,,,,ACCEPTED_A_REPLAY,m,0.042260019708486855
,,,direct_proximal_orientation_error_rad,11,index,,,,,,ACCEPTED_A_REPLAY,rad,0.7447154157871282
,,,direct_distal_orientation_error_rad,11,index,,,,,,ACCEPTED_A_REPLAY,rad,0.7029914347484013
,,,thumb_to_tip_vector_error_m,11,index,,,,,,ACCEPTED_A_REPLAY,m,0.018457067017792275
,,,global_E_bone_diagnostic,11,index,,,,,,ACCEPTED_A_REPLAY,squared_direction,0.31397984283780844
,,,fingertip_position_error_m,11,middle,,,,,,ACCEPTED_A_REPLAY,m,0.05184078875442508
,,,fingertip_orientation_error_rad,11,middle,,,,,,ACCEPTED_A_REPLAY,rad,0.49680387594369885
,,,wrist_to_tip_vector_error_m,11,middle,,,,,,ACCEPTED_A_REPLAY,m,0.05864130527973469
,,,direct_proximal_orientation_error_rad,11,middle,,,,,,ACCEPTED_A_REPLAY,rad,0.527147596041734
,,,direct_distal_orientation_error_rad,11,middle,,,,,,ACCEPTED_A_REPLAY,rad,0.5100887437699203
,,,thumb_to_tip_vector_error_m,11,middle,,,,,,ACCEPTED_A_REPLAY,m,0.03604608990533407
,,,global_E_bone_diagnostic,11,middle,,,,,,ACCEPTED_A_REPLAY,squared_direction,0.18617423869288474
,,,fingertip_position_error_m,11,ring,,,,,,ACCEPTED_A_REPLAY,m,0.05541285465473511
,,,fingertip_orientation_error_rad,11,ring,,,,,,ACCEPTED_A_REPLAY,rad,0.7219212150636524
,,,wrist_to_tip_vector_error_m,11,ring,,,,,,ACCEPTED_A_REPLAY,m,0.06618017300229569
,,,direct_proximal_orientation_error_rad,11,ring,,,,,,ACCEPTED_A_REPLAY,rad,0.5012767507501147
,,,direct_distal_orientation_error_rad,11,ring,,,,,,ACCEPTED_A_REPLAY,rad,0.6581372785429125
,,,thumb_to_tip_vector_error_m,11,ring,,,,,,ACCEPTED_A_REPLAY,m,0.04472006651503666
,,,global_E_bone_diagnostic,11,ring,,,,,,ACCEPTED_A_REPLAY,squared_direction,0.41550128818027127
,,,fingertip_position_error_m,11,pinky,,,,,,ACCEPTED_A_REPLAY,m,0.05790728515805846
,,,fingertip_orientation_error_rad,11,pinky,,,,,,ACCEPTED_A_REPLAY,rad,0.7216924247771201
,,,wrist_to_tip_vector_error_m,11,pinky,,,,,,ACCEPTED_A_REPLAY,m,0.073612447084379
,,,direct_proximal_orientation_error_rad,11,pinky,,,,,,ACCEPTED_A_REPLAY,rad,0.6708267637783112
,,,direct_distal_orientation_error_rad,11,pinky,,,,,,ACCEPTED_A_REPLAY,rad,0.6045910225959754
,,,thumb_to_tip_vector_error_m,11,pinky,,,,,,ACCEPTED_A_REPLAY,m,0.052151248732361606
,,,global_E_bone_diagnostic,11,pinky,,,,,,ACCEPTED_A_REPLAY,squared_direction,0.683052211608245
,,,global_E_bone_diagnostic,11,ALL,,,,,,ACCEPTED_A_REPLAY,squared_direction,2.3926168306141475
,,,global_E_IM_diagnostic,11,ALL,,,,,,ACCEPTED_A_REPLAY,m_squared,0.00013640804301685025
,,,wrist_orientation_error_rad,12,ALL,,,,,,ACCEPTED_A_REPLAY,rad,0.0976786009058117
,,,wrist_tray_position_error_m,12,ALL,,,,,,ACCEPTED_A_REPLAY,m,0.03984856801507291
,,,fingertip_position_error_m,12,thumb,,,,,,ACCEPTED_A_REPLAY,m,0.030984207859076594
,,,fingertip_orientation_error_rad,12,thumb,,,,,,ACCEPTED_A_REPLAY,rad,0.13800458855020273
,,,wrist_to_tip_vector_error_m,12,thumb,,,,,,ACCEPTED_A_REPLAY,m,0.025212218708476092
,,,direct_proximal_orientation_error_rad,12,thumb,,,,,,ACCEPTED_A_REPLAY,rad,0.9314701820837102
,,,direct_distal_orientation_error_rad,12,thumb,,,,,,ACCEPTED_A_REPLAY,rad,0.21872879762700548
,,,thumb_to_tip_vector_error_m,12,thumb,,,,,,ACCEPTED_A_REPLAY,m,0.0
,,,global_E_bone_diagnostic,12,thumb,,,,,,ACCEPTED_A_REPLAY,squared_direction,0.8137312123182141
,,,fingertip_position_error_m,12,index,,,,,,ACCEPTED_A_REPLAY,m,0.03028778833268614
,,,fingertip_orientation_error_rad,12,index,,,,,,ACCEPTED_A_REPLAY,rad,0.38920462606231127
,,,wrist_to_tip_vector_error_m,12,index,,,,,,ACCEPTED_A_REPLAY,m,0.04059806611018432
,,,direct_proximal_orientation_error_rad,12,index,,,,,,ACCEPTED_A_REPLAY,rad,0.7616052821638728
,,,direct_distal_orientation_error_rad,12,index,,,,,,ACCEPTED_A_REPLAY,rad,0.7589304729624867
,,,thumb_to_tip_vector_error_m,12,index,,,,,,ACCEPTED_A_REPLAY,m,0.016669969434979268
,,,global_E_bone_diagnostic,12,index,,,,,,ACCEPTED_A_REPLAY,squared_direction,0.4315849636167095
,,,fingertip_position_error_m,12,middle,,,,,,ACCEPTED_A_REPLAY,m,0.04572738017719024
,,,fingertip_orientation_error_rad,12,middle,,,,,,ACCEPTED_A_REPLAY,rad,0.5175776297431273
,,,wrist_to_tip_vector_error_m,12,middle,,,,,,ACCEPTED_A_REPLAY,m,0.060798520511452736
,,,direct_proximal_orientation_error_rad,12,middle,,,,,,ACCEPTED_A_REPLAY,rad,0.5319956669962217
,,,direct_distal_orientation_error_rad,12,middle,,,,,,ACCEPTED_A_REPLAY,rad,0.5585749674125946
,,,thumb_to_tip_vector_error_m,12,middle,,,,,,ACCEPTED_A_REPLAY,m,0.03726093363807531
,,,global_E_bone_diagnostic,12,middle,,,,,,ACCEPTED_A_REPLAY,squared_direction,0.2600809205753689
,,,fingertip_position_error_m,12,ring,,,,,,ACCEPTED_A_REPLAY,m,0.047666076344447195
,,,fingertip_orientation_error_rad,12,ring,,,,,,ACCEPTED_A_REPLAY,rad,0.712124528973543
,,,wrist_to_tip_vector_error_m,12,ring,,,,,,ACCEPTED_A_REPLAY,m,0.0676246569150828
,,,direct_proximal_orientation_error_rad,12,ring,,,,,,ACCEPTED_A_REPLAY,rad,0.4850263196328736
,,,direct_distal_orientation_error_rad,12,ring,,,,,,ACCEPTED_A_REPLAY,rad,0.7048844702915913
,,,thumb_to_tip_vector_error_m,12,ring,,,,,,ACCEPTED_A_REPLAY,m,0.045600787104176414
,,,global_E_bone_diagnostic,12,ring,,,,,,ACCEPTED_A_REPLAY,squared_direction,0.5129904365038644
,,,fingertip_position_error_m,12,pinky,,,,,,ACCEPTED_A_REPLAY,m,0.05275471651214156
,,,fingertip_orientation_error_rad,12,pinky,,,,,,ACCEPTED_A_REPLAY,rad,0.7475973581139445
,,,wrist_to_tip_vector_error_m,12,pinky,,,,,,ACCEPTED_A_REPLAY,m,0.07517984756983347
,,,direct_proximal_orientation_error_rad,12,pinky,,,,,,ACCEPTED_A_REPLAY,rad,0.687337978842178
,,,direct_distal_orientation_error_rad,12,pinky,,,,,,ACCEPTED_A_REPLAY,rad,0.6723246281366867
,,,thumb_to_tip_vector_error_m,12,pinky,,,,,,ACCEPTED_A_REPLAY,m,0.053934918943000815
,,,global_E_bone_diagnostic,12,pinky,,,,,,ACCEPTED_A_REPLAY,squared_direction,0.7925689667206551
,,,global_E_bone_diagnostic,12,ALL,,,,,,ACCEPTED_A_REPLAY,squared_direction,2.810956499734812
,,,global_E_IM_diagnostic,12,ALL,,,,,,ACCEPTED_A_REPLAY,m_squared,0.00013592436963909559
,,,wrist_orientation_error_rad,13,ALL,,,,,,ACCEPTED_A_REPLAY,rad,0.11039290591802992
,,,wrist_tray_position_error_m,13,ALL,,,,,,ACCEPTED_A_REPLAY,m,0.040956756363085864
,,,fingertip_position_error_m,13,thumb,,,,,,ACCEPTED_A_REPLAY,m,0.0355995956069215
,,,fingertip_orientation_error_rad,13,thumb,,,,,,ACCEPTED_A_REPLAY,rad,0.13576113356962677
,,,wrist_to_tip_vector_error_m,13,thumb,,,,,,ACCEPTED_A_REPLAY,m,0.025683119274932466
,,,direct_proximal_orientation_error_rad,13,thumb,,,,,,ACCEPTED_A_REPLAY,rad,0.9263154224343257
,,,direct_distal_orientation_error_rad,13,thumb,,,,,,ACCEPTED_A_REPLAY,rad,0.20851490508171516
,,,thumb_to_tip_vector_error_m,13,thumb,,,,,,ACCEPTED_A_REPLAY,m,0.0
,,,global_E_bone_diagnostic,13,thumb,,,,,,ACCEPTED_A_REPLAY,squared_direction,0.8156091939317196
,,,fingertip_position_error_m,13,index,,,,,,ACCEPTED_A_REPLAY,m,0.03504411737789651
,,,fingertip_orientation_error_rad,13,index,,,,,,ACCEPTED_A_REPLAY,rad,0.4225016278770797
,,,wrist_to_tip_vector_error_m,13,index,,,,,,ACCEPTED_A_REPLAY,m,0.039326639342182015
,,,direct_proximal_orientation_error_rad,13,index,,,,,,ACCEPTED_A_REPLAY,rad,0.7799508487853845
,,,direct_distal_orientation_error_rad,13,index,,,,,,ACCEPTED_A_REPLAY,rad,0.8217947500082692
,,,thumb_to_tip_vector_error_m,13,index,,,,,,ACCEPTED_A_REPLAY,m,0.015629532961703704
,,,global_E_bone_diagnostic,13,index,,,,,,ACCEPTED_A_REPLAY,squared_direction,0.5772474137454346
,,,fingertip_position_error_m,13,middle,,,,,,ACCEPTED_A_REPLAY,m,0.04592375920775671
,,,fingertip_orientation_error_rad,13,middle,,,,,,ACCEPTED_A_REPLAY,rad,0.5226832141974238
,,,wrist_to_tip_vector_error_m,13,middle,,,,,,ACCEPTED_A_REPLAY,m,0.05992533740541103
,,,direct_proximal_orientation_error_rad,13,middle,,,,,,ACCEPTED_A_REPLAY,rad,0.4875381916564918
,,,direct_distal_orientation_error_rad,13,middle,,,,,,ACCEPTED_A_REPLAY,rad,0.5818423173547262
,,,thumb_to_tip_vector_error_m,13,middle,,,,,,ACCEPTED_A_REPLAY,m,0.035550604476660135
,,,global_E_bone_diagnostic,13,middle,,,,,,ACCEPTED_A_REPLAY,squared_direction,0.3128608735893218
,,,fingertip_position_error_m,13,ring,,,,,,ACCEPTED_A_REPLAY,m,0.045602696567812954
,,,fingertip_orientation_error_rad,13,ring,,,,,,ACCEPTED_A_REPLAY,rad,0.6733199396424996
,,,wrist_to_tip_vector_error_m,13,ring,,,,,,ACCEPTED_A_REPLAY,m,0.06594771187582911
,,,direct_proximal_orientation_error_rad,13,ring,,,,,,ACCEPTED_A_REPLAY,rad,0.428947911520011
,,,direct_distal_orientation_error_rad,13,ring,,,,,,ACCEPTED_A_REPLAY,rad,0.714562035632111
,,,thumb_to_tip_vector_error_m,13,ring,,,,,,ACCEPTED_A_REPLAY,m,0.043493642648328626
,,,global_E_bone_diagnostic,13,ring,,,,,,ACCEPTED_A_REPLAY,squared_direction,0.5623624666543735
,,,fingertip_position_error_m,13,pinky,,,,,,ACCEPTED_A_REPLAY,m,0.05159150165851154
,,,fingertip_orientation_error_rad,13,pinky,,,,,,ACCEPTED_A_REPLAY,rad,0.7361327006731032
,,,wrist_to_tip_vector_error_m,13,pinky,,,,,,ACCEPTED_A_REPLAY,m,0.07415765920131086
,,,direct_proximal_orientation_error_rad,13,pinky,,,,,,ACCEPTED_A_REPLAY,rad,0.6559434131334932
,,,direct_distal_orientation_error_rad,13,pinky,,,,,,ACCEPTED_A_REPLAY,rad,0.7028412473112258
,,,thumb_to_tip_vector_error_m,13,pinky,,,,,,ACCEPTED_A_REPLAY,m,0.052803866970355225
,,,global_E_bone_diagnostic,13,pinky,,,,,,ACCEPTED_A_REPLAY,squared_direction,0.8407118437172777
,,,global_E_bone_diagnostic,13,ALL,,,,,,ACCEPTED_A_REPLAY,squared_direction,3.108791791638127
,,,global_E_IM_diagnostic,13,ALL,,,,,,ACCEPTED_A_REPLAY,m_squared,0.00013738676142802396
,,,wrist_orientation_error_rad,14,ALL,,,,,,ACCEPTED_A_REPLAY,rad,0.1241310196741139
,,,wrist_tray_position_error_m,14,ALL,,,,,,ACCEPTED_A_REPLAY,m,0.045961230222256205
,,,fingertip_position_error_m,14,thumb,,,,,,ACCEPTED_A_REPLAY,m,0.04325423392462188
,,,fingertip_orientation_error_rad,14,thumb,,,,,,ACCEPTED_A_REPLAY,rad,0.12358102080843832
,,,wrist_to_tip_vector_error_m,14,thumb,,,,,,ACCEPTED_A_REPLAY,m,0.0264959545887879
,,,direct_proximal_orientation_error_rad,14,thumb,,,,,,ACCEPTED_A_REPLAY,rad,0.904545762274835
,,,direct_distal_orientation_error_rad,14,thumb,,,,,,ACCEPTED_A_REPLAY,rad,0.18947418797770604
,,,thumb_to_tip_vector_error_m,14,thumb,,,,,,ACCEPTED_A_REPLAY,m,0.0
,,,global_E_bone_diagnostic,14,thumb,,,,,,ACCEPTED_A_REPLAY,squared_direction,0.8030267928292691
,,,fingertip_position_error_m,14,index,,,,,,ACCEPTED_A_REPLAY,m,0.04361934404964304
,,,fingertip_orientation_error_rad,14,index,,,,,,ACCEPTED_A_REPLAY,rad,0.454991176163481
,,,wrist_to_tip_vector_error_m,14,index,,,,,,ACCEPTED_A_REPLAY,m,0.038322062789005205
,,,direct_proximal_orientation_error_rad,14,index,,,,,,ACCEPTED_A_REPLAY,rad,0.7942186915765103
,,,direct_distal_orientation_error_rad,14,index,,,,,,ACCEPTED_A_REPLAY,rad,0.8874483683002448
,,,thumb_to_tip_vector_error_m,14,index,,,,,,ACCEPTED_A_REPLAY,m,0.014890851771211322
,,,global_E_bone_diagnostic,14,index,,,,,,ACCEPTED_A_REPLAY,squared_direction,0.7345722751788856
,,,fingertip_position_error_m,14,middle,,,,,,ACCEPTED_A_REPLAY,m,0.04848620917503656
,,,fingertip_orientation_error_rad,14,middle,,,,,,ACCEPTED_A_REPLAY,rad,0.5183632665406396
,,,wrist_to_tip_vector_error_m,14,middle,,,,,,ACCEPTED_A_REPLAY,m,0.05664078171689418
,,,direct_proximal_orientation_error_rad,14,middle,,,,,,ACCEPTED_A_REPLAY,rad,0.41124584815158477
,,,direct_distal_orientation_error_rad,14,middle,,,,,,ACCEPTED_A_REPLAY,rad,0.5731025056782588
,,,thumb_to_tip_vector_error_m,14,middle,,,,,,ACCEPTED_A_REPLAY,m,0.03179204589041384
,,,global_E_bone_diagnostic,14,middle,,,,,,ACCEPTED_A_REPLAY,squared_direction,0.32705239688411897
,,,fingertip_position_error_m,14,ring,,,,,,ACCEPTED_A_REPLAY,m,0.04519360703242926
,,,fingertip_orientation_error_rad,14,ring,,,,,,ACCEPTED_A_REPLAY,rad,0.6173760716757167
,,,wrist_to_tip_vector_error_m,14,ring,,,,,,ACCEPTED_A_REPLAY,m,0.06192603457223648
,,,direct_proximal_orientation_error_rad,14,ring,,,,,,ACCEPTED_A_REPLAY,rad,0.35432552188386457
,,,direct_distal_orientation_error_rad,14,ring,,,,,,ACCEPTED_A_REPLAY,rad,0.687304408237327
,,,thumb_to_tip_vector_error_m,14,ring,,,,,,ACCEPTED_A_REPLAY,m,0.039134079859928374
,,,global_E_bone_diagnostic,14,ring,,,,,,ACCEPTED_A_REPLAY,squared_direction,0.5556557736614816
,,,near_interaction_position_error_m,14,ring,proximal,,,,,ACCEPTED_A_REPLAY,m,0.054032030488367334
,,,near_interaction_orientation_error_rad,14,ring,proximal,,,,,ACCEPTED_A_REPLAY,rad,0.2823011916716143
,,,native_surface_unsigned_distance_m,14,ring,proximal,,,,,ACCEPTED_A_REPLAY,m,0.051182980983643385
-0.13103199360925852,-0.09064102122456066,0.016736265417841012,native_surface_signed_distance_m,14,ring,proximal,-0.130314975249726,-0.10836728226079274,0.06474629662715657,True,ACCEPTED_A_REPLAY,m,-0.051182981580495834
,,,near_interaction_position_error_m,14,ring,distal,,,,,ACCEPTED_A_REPLAY,m,0.051620862368995366
,,,near_interaction_orientation_error_rad,14,ring,distal,,,,,ACCEPTED_A_REPLAY,rad,0.6265547271342233
,,,native_surface_unsigned_distance_m,14,ring,distal,,,,,ACCEPTED_A_REPLAY,m,0.032156380679385234
-0.10339578497494997,-0.08931785399028709,0.017078103364031615,native_surface_signed_distance_m,14,ring,distal,-0.10341997605148563,-0.0919653961204167,0.049125299089376205,True,ACCEPTED_A_REPLAY,m,-0.032156381756067276
,,,fingertip_position_error_m,14,pinky,,,,,,ACCEPTED_A_REPLAY,m,0.049803218324958674
,,,fingertip_orientation_error_rad,14,pinky,,,,,,ACCEPTED_A_REPLAY,rad,0.7005914269121787
,,,wrist_to_tip_vector_error_m,14,pinky,,,,,,ACCEPTED_A_REPLAY,m,0.07101909099431006
,,,direct_proximal_orientation_error_rad,14,pinky,,,,,,ACCEPTED_A_REPLAY,rad,0.6013111261126355
,,,direct_distal_orientation_error_rad,14,pinky,,,,,,ACCEPTED_A_REPLAY,rad,0.7004437182940376
,,,thumb_to_tip_vector_error_m,14,pinky,,,,,,ACCEPTED_A_REPLAY,m,0.04915924939842858
,,,global_E_bone_diagnostic,14,pinky,,,,,,ACCEPTED_A_REPLAY,squared_direction,0.8489082531385346
,,,near_interaction_position_error_m,14,pinky,proximal,,,,,ACCEPTED_A_REPLAY,m,0.055282687063062996
,,,near_interaction_orientation_error_rad,14,pinky,proximal,,,,,ACCEPTED_A_REPLAY,rad,0.5261762732512708
,,,native_surface_unsigned_distance_m,14,pinky,proximal,,,,,ACCEPTED_A_REPLAY,m,0.040190739211334335
-0.14169534429846925,-0.08890319033704584,0.01689856601398064,native_surface_signed_distance_m,14,pinky,proximal,-0.14747669196261626,-0.10130022036188965,0.05468990343544365,True,ACCEPTED_A_REPLAY,m,-0.04019073769450188
,,,near_interaction_position_error_m,14,pinky,distal,,,,,ACCEPTED_A_REPLAY,m,0.05521258746470133
,,,near_interaction_orientation_error_rad,14,pinky,distal,,,,,ACCEPTED_A_REPLAY,rad,0.6653846332777821
,,,native_surface_unsigned_distance_m,14,pinky,distal,,,,,ACCEPTED_A_REPLAY,m,0.029781161410781912
-0.12349076216295533,-0.08812905861332493,0.016869548967172222,native_surface_signed_distance_m,14,pinky,distal,-0.12334087161462366,-0.07728248336448501,0.04460484981590685,True,ACCEPTED_A_REPLAY,m,-0.0297811608761549
,,,global_E_bone_diagnostic,14,ALL,,,,,,ACCEPTED_A_REPLAY,squared_direction,3.2692154916922904
,,,global_E_IM_diagnostic,14,ALL,,,,,,ACCEPTED_A_REPLAY,m_squared,0.0001457866128200428
,,,wrist_orientation_error_rad,15,ALL,,,,,,ACCEPTED_A_REPLAY,rad,0.13706938299726204
,,,wrist_tray_position_error_m,15,ALL,,,,,,ACCEPTED_A_REPLAY,m,0.060193972597477476
,,,fingertip_position_error_m,15,thumb,,,,,,ACCEPTED_A_REPLAY,m,0.052602380021643365
,,,fingertip_orientation_error_rad,15,thumb,,,,,,ACCEPTED_A_REPLAY,rad,0.11314087590925495
,,,wrist_to_tip_vector_error_m,15,thumb,,,,,,ACCEPTED_A_REPLAY,m,0.027616964981942427
,,,direct_proximal_orientation_error_rad,15,thumb,,,,,,ACCEPTED_A_REPLAY,rad,0.8737223289249783
,,,direct_distal_orientation_error_rad,15,thumb,,,,,,ACCEPTED_A_REPLAY,rad,0.1701116887576288
,,,thumb_to_tip_vector_error_m,15,thumb,,,,,,ACCEPTED_A_REPLAY,m,0.0
,,,global_E_bone_diagnostic,15,thumb,,,,,,ACCEPTED_A_REPLAY,squared_direction,0.7888919663091278
,,,fingertip_position_error_m,15,index,,,,,,ACCEPTED_A_REPLAY,m,0.05450488042147422
,,,fingertip_orientation_error_rad,15,index,,,,,,ACCEPTED_A_REPLAY,rad,0.47579439869907925
,,,wrist_to_tip_vector_error_m,15,index,,,,,,ACCEPTED_A_REPLAY,m,0.03697863243933334
,,,direct_proximal_orientation_error_rad,15,index,,,,,,ACCEPTED_A_REPLAY,rad,0.795621643580642
,,,direct_distal_orientation_error_rad,15,index,,,,,,ACCEPTED_A_REPLAY,rad,0.9408638762107228
,,,thumb_to_tip_vector_error_m,15,index,,,,,,ACCEPTED_A_REPLAY,m,0.01390182170882969
,,,global_E_bone_diagnostic,15,index,,,,,,ACCEPTED_A_REPLAY,squared_direction,0.8674803404074194
,,,fingertip_position_error_m,15,middle,,,,,,ACCEPTED_A_REPLAY,m,0.05593887550037779
,,,fingertip_orientation_error_rad,15,middle,,,,,,ACCEPTED_A_REPLAY,rad,0.5005378594104717
,,,wrist_to_tip_vector_error_m,15,middle,,,,,,ACCEPTED_A_REPLAY,m,0.05144971301614397
,,,direct_proximal_orientation_error_rad,15,middle,,,,,,ACCEPTED_A_REPLAY,rad,0.32399335565643456
,,,direct_distal_orientation_error_rad,15,middle,,,,,,ACCEPTED_A_REPLAY,rad,0.5185638885736387
,,,thumb_to_tip_vector_error_m,15,middle,,,,,,ACCEPTED_A_REPLAY,m,0.027012707260157552
,,,global_E_bone_diagnostic,15,middle,,,,,,ACCEPTED_A_REPLAY,squared_direction,0.2932508166749753
,,,fingertip_position_error_m,15,ring,,,,,,ACCEPTED_A_REPLAY,m,0.049669819693103856
,,,fingertip_orientation_error_rad,15,ring,,,,,,ACCEPTED_A_REPLAY,rad,0.5515855380293111
,,,wrist_to_tip_vector_error_m,15,ring,,,,,,ACCEPTED_A_REPLAY,m,0.056123116099307736
,,,direct_proximal_orientation_error_rad,15,ring,,,,,,ACCEPTED_A_REPLAY,rad,0.2746951884751301
,,,direct_distal_orientation_error_rad,15,ring,,,,,,ACCEPTED_A_REPLAY,rad,0.6240237781956349
,,,thumb_to_tip_vector_error_m,15,ring,,,,,,ACCEPTED_A_REPLAY,m,0.0331504928589452
,,,global_E_bone_diagnostic,15,ring,,,,,,ACCEPTED_A_REPLAY,squared_direction,0.49330626288972024
,,,near_interaction_position_error_m,15,ring,proximal,,,,,ACCEPTED_A_REPLAY,m,0.06821294934939087
,,,near_interaction_orientation_error_rad,15,ring,proximal,,,,,ACCEPTED_A_REPLAY,rad,0.236811055747062
,,,native_surface_unsigned_distance_m,15,ring,proximal,,,,,ACCEPTED_A_REPLAY,m,0.05362545199888965
-0.13245360600680886,-0.08992507199713118,0.01696027992909807,native_surface_signed_distance_m,15,ring,proximal,-0.13262252184819592,-0.10189934253134562,0.06923147098781789,True,ACCEPTED_A_REPLAY,m,-0.053625453263521194
,,,near_interaction_position_error_m,15,ring,distal,,,,,ACCEPTED_A_REPLAY,m,0.06173293853996014
,,,near_interaction_orientation_error_rad,15,ring,distal,,,,,ACCEPTED_A_REPLAY,rad,0.5617775682227297
,,,native_surface_unsigned_distance_m,15,ring,distal,,,,,ACCEPTED_A_REPLAY,m,0.035206545340156215
-0.10732471104212848,-0.0887346981180586,0.017078151895868893,native_surface_signed_distance_m,15,ring,distal,-0.10743962304268068,-0.08658590825961687,0.05221887374623592,True,ACCEPTED_A_REPLAY,m,-0.035206545144319534
,,,fingertip_position_error_m,15,pinky,,,,,,ACCEPTED_A_REPLAY,m,0.051723328825376516
,,,fingertip_orientation_error_rad,15,pinky,,,,,,ACCEPTED_A_REPLAY,rad,0.6664905519681829
,,,wrist_to_tip_vector_error_m,15,pinky,,,,,,ACCEPTED_A_REPLAY,m,0.06737586895975724
,,,direct_proximal_orientation_error_rad,15,pinky,,,,,,ACCEPTED_A_REPLAY,rad,0.5498638002074169
,,,direct_distal_orientation_error_rad,15,pinky,,,,,,ACCEPTED_A_REPLAY,rad,0.6907039832639117
,,,thumb_to_tip_vector_error_m,15,pinky,,,,,,ACCEPTED_A_REPLAY,m,0.04478138457064694
,,,global_E_bone_diagnostic,15,pinky,,,,,,ACCEPTED_A_REPLAY,squared_direction,0.8519095042956494
,,,near_interaction_position_error_m,15,pinky,proximal,,,,,ACCEPTED_A_REPLAY,m,0.06625762862459335
,,,near_interaction_orientation_error_rad,15,pinky,proximal,,,,,ACCEPTED_A_REPLAY,rad,0.49631445841309735
,,,native_surface_unsigned_distance_m,15,pinky,proximal,,,,,ACCEPTED_A_REPLAY,m,0.04355007596112712
-0.1456953591067166,-0.08700026576624312,0.01683711853076473,native_surface_signed_distance_m,15,pinky,proximal,-0.150421632685437,-0.09638409241102491,0.05910075836194485,True,ACCEPTED_A_REPLAY,m,-0.04355001822113991
,,,near_interaction_position_error_m,15,pinky,distal,,,,,ACCEPTED_A_REPLAY,m,0.06187208676474663
,,,near_interaction_orientation_error_rad,15,pinky,distal,,,,,ACCEPTED_A_REPLAY,rad,0.6315119331113659
,,,native_surface_unsigned_distance_m,15,pinky,distal,,,,,ACCEPTED_A_REPLAY,m,0.03434256877570362
-0.12751267836112418,-0.08794713909697247,0.016735036193676254,native_surface_signed_distance_m,15,pinky,distal,-0.12821336809565428,-0.07217527218996228,0.04723371285804014,True,ACCEPTED_A_REPLAY,m,-0.03434256836771965
,,,global_E_bone_diagnostic,15,ALL,,,,,,ACCEPTED_A_REPLAY,squared_direction,3.294838890576892
,,,global_E_IM_diagnostic,15,ALL,,,,,,ACCEPTED_A_REPLAY,m_squared,0.00015810220606587094
,,,wrist_orientation_error_rad,16,ALL,,,,,,ACCEPTED_A_REPLAY,rad,0.14185648606594892
,,,wrist_tray_position_error_m,16,ALL,,,,,,ACCEPTED_A_REPLAY,m,0.07427129349999552
,,,fingertip_position_error_m,16,thumb,,,,,,ACCEPTED_A_REPLAY,m,0.057842697274435986
,,,fingertip_orientation_error_rad,16,thumb,,,,,,ACCEPTED_A_REPLAY,rad,0.12456817303726272
,,,wrist_to_tip_vector_error_m,16,thumb,,,,,,ACCEPTED_A_REPLAY,m,0.02847272275077329
,,,direct_proximal_orientation_error_rad,16,thumb,,,,,,ACCEPTED_A_REPLAY,rad,0.8453129555285591
,,,direct_distal_orientation_error_rad,16,thumb,,,,,,ACCEPTED_A_REPLAY,rad,0.15641436759092228
,,,thumb_to_tip_vector_error_m,16,thumb,,,,,,ACCEPTED_A_REPLAY,m,0.0
,,,global_E_bone_diagnostic,16,thumb,,,,,,ACCEPTED_A_REPLAY,squared_direction,0.7832503217453057
,,,fingertip_position_error_m,16,index,,,,,,ACCEPTED_A_REPLAY,m,0.061461169755724944
,,,fingertip_orientation_error_rad,16,index,,,,,,ACCEPTED_A_REPLAY,rad,0.47872187462702537
,,,wrist_to_tip_vector_error_m,16,index,,,,,,ACCEPTED_A_REPLAY,m,0.03527053859891314
,,,direct_proximal_orientation_error_rad,16,index,,,,,,ACCEPTED_A_REPLAY,rad,0.7790308955732935
,,,direct_distal_orientation_error_rad,16,index,,,,,,ACCEPTED_A_REPLAY,rad,0.9775362920281017
,,,thumb_to_tip_vector_error_m,16,index,,,,,,ACCEPTED_A_REPLAY,m,0.012816984887063808
,,,global_E_bone_diagnostic,16,index,,,,,,ACCEPTED_A_REPLAY,squared_direction,0.9529717658500335
,,,fingertip_position_error_m,16,middle,,,,,,ACCEPTED_A_REPLAY,m,0.062010168494611335
,,,fingertip_orientation_error_rad,16,middle,,,,,,ACCEPTED_A_REPLAY,rad,0.4700739718104477
,,,wrist_to_tip_vector_error_m,16,middle,,,,,,ACCEPTED_A_REPLAY,m,0.045025302907244595
,,,direct_proximal_orientation_error_rad,16,middle,,,,,,ACCEPTED_A_REPLAY,rad,0.23935260477517342
,,,direct_distal_orientation_error_rad,16,middle,,,,,,ACCEPTED_A_REPLAY,rad,0.42762772369093693
,,,thumb_to_tip_vector_error_m,16,middle,,,,,,ACCEPTED_A_REPLAY,m,0.022444852410001714
,,,global_E_bone_diagnostic,16,middle,,,,,,ACCEPTED_A_REPLAY,squared_direction,0.22742881200394954
,,,fingertip_position_error_m,16,ring,,,,,,ACCEPTED_A_REPLAY,m,0.05387123228981477
,,,fingertip_orientation_error_rad,16,ring,,,,,,ACCEPTED_A_REPLAY,rad,0.49017413752438566
,,,wrist_to_tip_vector_error_m,16,ring,,,,,,ACCEPTED_A_REPLAY,m,0.050047413155185724
,,,direct_proximal_orientation_error_rad,16,ring,,,,,,ACCEPTED_A_REPLAY,rad,0.20743185551897125
,,,direct_distal_orientation_error_rad,16,ring,,,,,,ACCEPTED_A_REPLAY,rad,0.5503366795513972
,,,thumb_to_tip_vector_error_m,16,ring,,,,,,ACCEPTED_A_REPLAY,m,0.027015233423511295
,,,global_E_bone_diagnostic,16,ring,,,,,,ACCEPTED_A_REPLAY,squared_direction,0.4159326792723705
,,,near_interaction_position_error_m,16,ring,proximal,,,,,ACCEPTED_A_REPLAY,m,0.07928015466783093
,,,near_interaction_orientation_error_rad,16,ring,proximal,,,,,ACCEPTED_A_REPLAY,rad,0.23097978885678416
,,,native_surface_unsigned_distance_m,16,ring,proximal,,,,,ACCEPTED_A_REPLAY,m,0.05212500780763957
-0.13638972290367535,-0.08970761536063152,0.01700729359120395,native_surface_signed_distance_m,16,ring,proximal,-0.13649333759028448,-0.09628267337445232,0.06871584525394245,True,ACCEPTED_A_REPLAY,m,-0.05212501063942909
,,,near_interaction_position_error_m,16,ring,distal,,,,,ACCEPTED_A_REPLAY,m,0.07116118239944452
,,,near_interaction_orientation_error_rad,16,ring,distal,,,,,ACCEPTED_A_REPLAY,rad,0.4905953157427818
,,,native_surface_unsigned_distance_m,16,ring,distal,,,,,ACCEPTED_A_REPLAY,m,0.03438432125276344
-0.11316747962666132,-0.0882689239238849,0.016964213501811654,native_surface_signed_distance_m,16,ring,distal,-0.11325604890241676,-0.0816288237237478,0.050701177989281046,True,ACCEPTED_A_REPLAY,m,-0.03438432514667511
,,,fingertip_position_error_m,16,pinky,,,,,,ACCEPTED_A_REPLAY,m,0.05258703908932326
,,,fingertip_orientation_error_rad,16,pinky,,,,,,ACCEPTED_A_REPLAY,rad,0.6408375470138234
,,,wrist_to_tip_vector_error_m,16,pinky,,,,,,ACCEPTED_A_REPLAY,m,0.06396430781744426
,,,direct_proximal_orientation_error_rad,16,pinky,,,,,,ACCEPTED_A_REPLAY,rad,0.5052043950722174
,,,direct_distal_orientation_error_rad,16,pinky,,,,,,ACCEPTED_A_REPLAY,rad,0.6857038799951489
,,,thumb_to_tip_vector_error_m,16,pinky,,,,,,ACCEPTED_A_REPLAY,m,0.04068812324190701
,,,global_E_bone_diagnostic,16,pinky,,,,,,ACCEPTED_A_REPLAY,squared_direction,0.8539583559154051
,,,near_interaction_position_error_m,16,pinky,proximal,,,,,ACCEPTED_A_REPLAY,m,0.07450531998492124
,,,near_interaction_orientation_error_rad,16,pinky,proximal,,,,,ACCEPTED_A_REPLAY,rad,0.4908806859530005
,,,native_surface_unsigned_distance_m,16,pinky,proximal,,,,,ACCEPTED_A_REPLAY,m,0.04298949314998045
-0.1494027129472981,-0.08445077906858392,0.016869010890201958,native_surface_signed_distance_m,16,pinky,proximal,-0.15493864654606987,-0.09252846915782251,0.058728309538225464,True,ACCEPTED_A_REPLAY,m,-0.042989496141672134
,,,near_interaction_position_error_m,16,pinky,distal,,,,,ACCEPTED_A_REPLAY,m,0.0676125803015175
,,,near_interaction_orientation_error_rad,16,pinky,distal,,,,,ACCEPTED_A_REPLAY,rad,0.5991434337015437
,,,native_surface_unsigned_distance_m,16,pinky,distal,,,,,ACCEPTED_A_REPLAY,m,0.034783807419194776
-0.14209863720139543,-0.08646094827094306,0.01660815822111281,native_surface_signed_distance_m,16,pinky,distal,-0.1350173246686799,-0.06807192550143633,0.0452719352397159,True,ACCEPTED_A_REPLAY,m,-0.03478381037712097
,,,global_E_bone_diagnostic,16,ALL,,,,,,ACCEPTED_A_REPLAY,squared_direction,3.2335419347870644
,,,global_E_IM_diagnostic,16,ALL,,,,,,ACCEPTED_A_REPLAY,m_squared,0.00017538785370658784
,,,wrist_orientation_error_rad,17,ALL,,,,,,ACCEPTED_A_REPLAY,rad,0.13447470523896266
,,,wrist_tray_position_error_m,17,ALL,,,,,,ACCEPTED_A_REPLAY,m,0.08844612901570474
,,,fingertip_position_error_m,17,thumb,,,,,,ACCEPTED_A_REPLAY,m,0.0607278257991619
,,,fingertip_orientation_error_rad,17,thumb,,,,,,ACCEPTED_A_REPLAY,rad,0.16285540786325658
,,,wrist_to_tip_vector_error_m,17,thumb,,,,,,ACCEPTED_A_REPLAY,m,0.028872639400236863
,,,direct_proximal_orientation_error_rad,17,thumb,,,,,,ACCEPTED_A_REPLAY,rad,0.8265290376809342
,,,direct_distal_orientation_error_rad,17,thumb,,,,,,ACCEPTED_A_REPLAY,rad,0.15814862789144832
,,,thumb_to_tip_vector_error_m,17,thumb,,,,,,ACCEPTED_A_REPLAY,m,0.0
,,,global_E_bone_diagnostic,17,thumb,,,,,,ACCEPTED_A_REPLAY,squared_direction,0.792444420781479
,,,fingertip_position_error_m,17,index,,,,,,ACCEPTED_A_REPLAY,m,0.06636149766618939
,,,fingertip_orientation_error_rad,17,index,,,,,,ACCEPTED_A_REPLAY,rad,0.4630725981224483
,,,wrist_to_tip_vector_error_m,17,index,,,,,,ACCEPTED_A_REPLAY,m,0.03316293121864272
,,,direct_proximal_orientation_error_rad,17,index,,,,,,ACCEPTED_A_REPLAY,rad,0.7439557061804221
,,,direct_distal_orientation_error_rad,17,index,,,,,,ACCEPTED_A_REPLAY,rad,0.9941295473762805
,,,thumb_to_tip_vector_error_m,17,index,,,,,,ACCEPTED_A_REPLAY,m,0.012019597749935187
,,,global_E_bone_diagnostic,17,index,,,,,,ACCEPTED_A_REPLAY,squared_direction,0.9784926371457299
,,,fingertip_position_error_m,17,middle,,,,,,ACCEPTED_A_REPLAY,m,0.0676372404916986
,,,fingertip_orientation_error_rad,17,middle,,,,,,ACCEPTED_A_REPLAY,rad,0.43817076052169895
,,,wrist_to_tip_vector_error_m,17,middle,,,,,,ACCEPTED_A_REPLAY,m,0.03852694313653359
,,,direct_proximal_orientation_error_rad,17,middle,,,,,,ACCEPTED_A_REPLAY,rad,0.17926925718733525
,,,direct_distal_orientation_error_rad,17,middle,,,,,,ACCEPTED_A_REPLAY,rad,0.327916463206602
,,,thumb_to_tip_vector_error_m,17,middle,,,,,,ACCEPTED_A_REPLAY,m,0.019396118088386892
,,,global_E_bone_diagnostic,17,middle,,,,,,ACCEPTED_A_REPLAY,squared_direction,0.16764451041940898
,,,fingertip_position_error_m,17,ring,,,,,,ACCEPTED_A_REPLAY,m,0.05826455923110511
,,,fingertip_orientation_error_rad,17,ring,,,,,,ACCEPTED_A_REPLAY,rad,0.4441465014490934
,,,wrist_to_tip_vector_error_m,17,ring,,,,,,ACCEPTED_A_REPLAY,m,0.0446381559604159
,,,direct_proximal_orientation_error_rad,17,ring,,,,,,ACCEPTED_A_REPLAY,rad,0.1617434548146722
,,,direct_distal_orientation_error_rad,17,ring,,,,,,ACCEPTED_A_REPLAY,rad,0.4854089250365204
,,,thumb_to_tip_vector_error_m,17,ring,,,,,,ACCEPTED_A_REPLAY,m,0.021669097349432842
,,,global_E_bone_diagnostic,17,ring,,,,,,ACCEPTED_A_REPLAY,squared_direction,0.35183698489865406
,,,near_interaction_position_error_m,17,ring,proximal,,,,,ACCEPTED_A_REPLAY,m,0.09031960414997108
,,,near_interaction_orientation_error_rad,17,ring,proximal,,,,,ACCEPTED_A_REPLAY,rad,0.21765789716028627
,,,native_surface_unsigned_distance_m,17,ring,proximal,,,,,ACCEPTED_A_REPLAY,m,0.052139045585187435
-0.13778965820303465,-0.08952904526998721,0.016998782421107382,native_surface_signed_distance_m,17,ring,proximal,-0.1381153196981226,-0.08927137860176246,0.06913617425281446,True,ACCEPTED_A_REPLAY,m,-0.0521390438079834
,,,near_interaction_position_error_m,17,ring,distal,,,,,ACCEPTED_A_REPLAY,m,0.08152702467376749
,,,near_interaction_orientation_error_rad,17,ring,distal,,,,,ACCEPTED_A_REPLAY,rad,0.43880261926584274
,,,native_surface_unsigned_distance_m,17,ring,distal,,,,,ACCEPTED_A_REPLAY,m,0.03511567048013319
-0.11626974772829995,-0.08797653940295372,0.016841776261788236,native_surface_signed_distance_m,17,ring,distal,-0.11714328921018786,-0.07548607019254984,0.049649327487880555,True,ACCEPTED_A_REPLAY,m,-0.035115670412778854
,,,fingertip_position_error_m,17,pinky,,,,,,ACCEPTED_A_REPLAY,m,0.05324872493311693
,,,fingertip_orientation_error_rad,17,pinky,,,,,,ACCEPTED_A_REPLAY,rad,0.6316164441355393
,,,wrist_to_tip_vector_error_m,17,pinky,,,,,,ACCEPTED_A_REPLAY,m,0.061534118493169684
,,,direct_proximal_orientation_error_rad,17,pinky,,,,,,ACCEPTED_A_REPLAY,rad,0.4734357958034145
,,,direct_distal_orientation_error_rad,17,pinky,,,,,,ACCEPTED_A_REPLAY,rad,0.6871014020709655
,,,thumb_to_tip_vector_error_m,17,pinky,,,,,,ACCEPTED_A_REPLAY,m,0.03765560441247768
,,,global_E_bone_diagnostic,17,pinky,,,,,,ACCEPTED_A_REPLAY,squared_direction,0.8542860233417046
,,,near_interaction_position_error_m,17,pinky,proximal,,,,,ACCEPTED_A_REPLAY,m,0.0836602777690584
,,,near_interaction_orientation_error_rad,17,pinky,proximal,,,,,ACCEPTED_A_REPLAY,rad,0.48394690419896447
,,,native_surface_unsigned_distance_m,17,pinky,proximal,,,,,ACCEPTED_A_REPLAY,m,0.04371640749360995
-0.15109756412226558,-0.08248066370682214,0.016848611901130968,native_surface_signed_distance_m,17,pinky,proximal,-0.1572783129950503,-0.08732667103307827,0.05985371439505369,True,ACCEPTED_A_REPLAY,m,-0.04371640458703041
,,,near_interaction_position_error_m,17,pinky,distal,,,,,ACCEPTED_A_REPLAY,m,0.07474937007727371
,,,near_interaction_orientation_error_rad,17,pinky,distal,,,,,ACCEPTED_A_REPLAY,rad,0.605514055140693
,,,native_surface_unsigned_distance_m,17,pinky,distal,,,,,ACCEPTED_A_REPLAY,m,0.03135700644450632
-0.15499284424524898,-0.06304222046442165,0.016713004883862074,native_surface_signed_distance_m,17,pinky,distal,-0.13983597011034435,-0.06316029032977914,0.044163270440434825,True,ACCEPTED_A_REPLAY,m,-0.03135700896382332
,,,global_E_bone_diagnostic,17,ALL,,,,,,ACCEPTED_A_REPLAY,squared_direction,3.1447045765869768
,,,global_E_IM_diagnostic,17,ALL,,,,,,ACCEPTED_A_REPLAY,m_squared,0.00018701687716723064
,,,wrist_orientation_error_rad,18,ALL,,,,,,ACCEPTED_A_REPLAY,rad,0.12035335579646238
,,,wrist_tray_position_error_m,18,ALL,,,,,,ACCEPTED_A_REPLAY,m,0.10037652867372303
,,,fingertip_position_error_m,18,thumb,,,,,,ACCEPTED_A_REPLAY,m,0.06538416294537855
,,,fingertip_orientation_error_rad,18,thumb,,,,,,ACCEPTED_A_REPLAY,rad,0.22098260351680715
,,,wrist_to_tip_vector_error_m,18,thumb,,,,,,ACCEPTED_A_REPLAY,m,0.029411079264633794
,,,direct_proximal_orientation_error_rad,18,thumb,,,,,,ACCEPTED_A_REPLAY,rad,0.8132687465896911
,,,direct_distal_orientation_error_rad,18,thumb,,,,,,ACCEPTED_A_REPLAY,rad,0.1873972206737279
,,,thumb_to_tip_vector_error_m,18,thumb,,,,,,ACCEPTED_A_REPLAY,m,0.0
,,,global_E_bone_diagnostic,18,thumb,,,,,,ACCEPTED_A_REPLAY,squared_direction,0.8176272025918578
,,,fingertip_position_error_m,18,index,,,,,,ACCEPTED_A_REPLAY,m,0.07379850886109769
,,,fingertip_orientation_error_rad,18,index,,,,,,ACCEPTED_A_REPLAY,rad,0.43293655041274426
,,,wrist_to_tip_vector_error_m,18,index,,,,,,ACCEPTED_A_REPLAY,m,0.03090399881459597
,,,direct_proximal_orientation_error_rad,18,index,,,,,,ACCEPTED_A_REPLAY,rad,0.6958155728649645
,,,direct_distal_orientation_error_rad,18,index,,,,,,ACCEPTED_A_REPLAY,rad,0.9936435335510044
,,,thumb_to_tip_vector_error_m,18,index,,,,,,ACCEPTED_A_REPLAY,m,0.012497386966136061
,,,global_E_bone_diagnostic,18,index,,,,,,ACCEPTED_A_REPLAY,squared_direction,0.9526578956453376
,,,fingertip_position_error_m,18,middle,,,,,,ACCEPTED_A_REPLAY,m,0.07605590549462302
,,,fingertip_orientation_error_rad,18,middle,,,,,,ACCEPTED_A_REPLAY,rad,0.41169159964633106
,,,wrist_to_tip_vector_error_m,18,middle,,,,,,ACCEPTED_A_REPLAY,m,0.03276815244851386
,,,direct_proximal_orientation_error_rad,18,middle,,,,,,ACCEPTED_A_REPLAY,rad,0.16150585270410897
,,,direct_distal_orientation_error_rad,18,middle,,,,,,ACCEPTED_A_REPLAY,rad,0.24549658451376052
,,,thumb_to_tip_vector_error_m,18,middle,,,,,,ACCEPTED_A_REPLAY,m,0.01874521304834521
,,,global_E_bone_diagnostic,18,middle,,,,,,ACCEPTED_A_REPLAY,squared_direction,0.13529917799285274
,,,fingertip_position_error_m,18,ring,,,,,,ACCEPTED_A_REPLAY,m,0.06588635493624197
,,,fingertip_orientation_error_rad,18,ring,,,,,,ACCEPTED_A_REPLAY,rad,0.412051181886994
,,,wrist_to_tip_vector_error_m,18,ring,,,,,,ACCEPTED_A_REPLAY,m,0.040654095685669564
,,,direct_proximal_orientation_error_rad,18,ring,,,,,,ACCEPTED_A_REPLAY,rad,0.1397865299549342
,,,direct_distal_orientation_error_rad,18,ring,,,,,,ACCEPTED_A_REPLAY,rad,0.44073250392830565
,,,thumb_to_tip_vector_error_m,18,ring,,,,,,ACCEPTED_A_REPLAY,m,0.018230625581216648
,,,global_E_bone_diagnostic,18,ring,,,,,,ACCEPTED_A_REPLAY,squared_direction,0.31123345725674717
,,,near_interaction_position_error_m,18,ring,proximal,,,,,ACCEPTED_A_REPLAY,m,0.09931831664988842
,,,near_interaction_orientation_error_rad,18,ring,proximal,,,,,ACCEPTED_A_REPLAY,rad,0.22566628059411842
,,,native_surface_unsigned_distance_m,18,ring,proximal,,,,,ACCEPTED_A_REPLAY,m,0.054639122935935404
-0.14213581084194396,-0.08748666125009395,0.01697177391570897,native_surface_signed_distance_m,18,ring,proximal,-0.14046190352866358,-0.0821653787943544,0.07132539148198552,True,ACCEPTED_A_REPLAY,m,-0.054639123380184174
,,,near_interaction_position_error_m,18,ring,distal,,,,,ACCEPTED_A_REPLAY,m,0.09134909162906228
,,,near_interaction_orientation_error_rad,18,ring,distal,,,,,ACCEPTED_A_REPLAY,rad,0.395520414068213
,,,native_surface_unsigned_distance_m,18,ring,distal,,,,,ACCEPTED_A_REPLAY,m,0.03928171080958809
-0.12090785750951019,-0.08798276584091778,0.016801191372585855,native_surface_signed_distance_m,18,ring,distal,-0.12104183502059596,-0.06900416330344476,0.05119374143621527,True,ACCEPTED_A_REPLAY,m,-0.039281707257032394
,,,fingertip_position_error_m,18,pinky,,,,,,ACCEPTED_A_REPLAY,m,0.057298325024296694
,,,fingertip_orientation_error_rad,18,pinky,,,,,,ACCEPTED_A_REPLAY,rad,0.6277650507163336
,,,wrist_to_tip_vector_error_m,18,pinky,,,,,,ACCEPTED_A_REPLAY,m,0.05996257142432308
,,,direct_proximal_orientation_error_rad,18,pinky,,,,,,ACCEPTED_A_REPLAY,rad,0.45068017211656425
,,,direct_distal_orientation_error_rad,18,pinky,,,,,,ACCEPTED_A_REPLAY,rad,0.6852403707676444
,,,thumb_to_tip_vector_error_m,18,pinky,,,,,,ACCEPTED_A_REPLAY,m,0.03545781493644715
,,,global_E_bone_diagnostic,18,pinky,,,,,,ACCEPTED_A_REPLAY,squared_direction,0.8418629260400292
,,,near_interaction_position_error_m,18,pinky,proximal,,,,,ACCEPTED_A_REPLAY,m,0.0916805572115681
,,,near_interaction_orientation_error_rad,18,pinky,proximal,,,,,ACCEPTED_A_REPLAY,rad,0.49533103995898753
,,,native_surface_unsigned_distance_m,18,pinky,proximal,,,,,ACCEPTED_A_REPLAY,m,0.04596344283551163
-0.1536541030391264,-0.07871381115108744,0.01691723478463129,native_surface_signed_distance_m,18,pinky,proximal,-0.15989443892977073,-0.08184840654426725,0.062347077366202465,True,ACCEPTED_A_REPLAY,m,-0.04596344009041786
,,,near_interaction_position_error_m,18,pinky,distal,,,,,ACCEPTED_A_REPLAY,m,0.08186322411693528
,,,near_interaction_orientation_error_rad,18,pinky,distal,,,,,ACCEPTED_A_REPLAY,rad,0.5987743190970753
,,,native_surface_unsigned_distance_m,18,pinky,distal,,,,,ACCEPTED_A_REPLAY,m,0.030402063441409083
-0.1552228681303754,-0.05796210032725019,0.016851584817523847,native_surface_signed_distance_m,18,pinky,distal,-0.1442886340191366,-0.05814348144748786,0.04521873283746597,True,ACCEPTED_A_REPLAY,m,-0.030402062460780144
,,,global_E_bone_diagnostic,18,ALL,,,,,,ACCEPTED_A_REPLAY,squared_direction,3.058680659526825
,,,global_E_IM_diagnostic,18,ALL,,,,,,ACCEPTED_A_REPLAY,m_squared,0.0002194783279400938
,,,wrist_orientation_error_rad,19,ALL,,,,,,ACCEPTED_A_REPLAY,rad,0.11201722131642336
,,,wrist_tray_position_error_m,19,ALL,,,,,,ACCEPTED_A_REPLAY,m,0.10993473667520966
,,,fingertip_position_error_m,19,thumb,,,,,,ACCEPTED_A_REPLAY,m,0.06881710147715159
,,,fingertip_orientation_error_rad,19,thumb,,,,,,ACCEPTED_A_REPLAY,rad,0.28465333103090323
,,,wrist_to_tip_vector_error_m,19,thumb,,,,,,ACCEPTED_A_REPLAY,m,0.030452494509140116
,,,direct_proximal_orientation_error_rad,19,thumb,,,,,,ACCEPTED_A_REPLAY,rad,0.8026699784947056
,,,direct_distal_orientation_error_rad,19,thumb,,,,,,ACCEPTED_A_REPLAY,rad,0.23726035984665292
,,,thumb_to_tip_vector_error_m,19,thumb,,,,,,ACCEPTED_A_REPLAY,m,0.0
,,,global_E_bone_diagnostic,19,thumb,,,,,,ACCEPTED_A_REPLAY,squared_direction,0.8576844080506337
,,,fingertip_position_error_m,19,index,,,,,,ACCEPTED_A_REPLAY,m,0.08006546716804905
,,,fingertip_orientation_error_rad,19,index,,,,,,ACCEPTED_A_REPLAY,rad,0.4066896017469312
,,,wrist_to_tip_vector_error_m,19,index,,,,,,ACCEPTED_A_REPLAY,m,0.029181224822539275
,,,direct_proximal_orientation_error_rad,19,index,,,,,,ACCEPTED_A_REPLAY,rad,0.6478991900064521
,,,direct_distal_orientation_error_rad,19,index,,,,,,ACCEPTED_A_REPLAY,rad,0.9890254786543357
,,,thumb_to_tip_vector_error_m,19,index,,,,,,ACCEPTED_A_REPLAY,m,0.014420659564394558
,,,global_E_bone_diagnostic,19,index,,,,,,ACCEPTED_A_REPLAY,squared_direction,0.9097518634102534
,,,fingertip_position_error_m,19,middle,,,,,,ACCEPTED_A_REPLAY,m,0.08281810975816851
,,,fingertip_orientation_error_rad,19,middle,,,,,,ACCEPTED_A_REPLAY,rad,0.3973399336257918
,,,wrist_to_tip_vector_error_m,19,middle,,,,,,ACCEPTED_A_REPLAY,m,0.027974606855272248
,,,direct_proximal_orientation_error_rad,19,middle,,,,,,ACCEPTED_A_REPLAY,rad,0.1761032080282709
,,,direct_distal_orientation_error_rad,19,middle,,,,,,ACCEPTED_A_REPLAY,rad,0.1955498407887012
,,,thumb_to_tip_vector_error_m,19,middle,,,,,,ACCEPTED_A_REPLAY,m,0.0201611864057546
,,,global_E_bone_diagnostic,19,middle,,,,,,ACCEPTED_A_REPLAY,squared_direction,0.1264414271224924
,,,fingertip_position_error_m,19,ring,,,,,,ACCEPTED_A_REPLAY,m,0.07210709753339459
,,,fingertip_orientation_error_rad,19,ring,,,,,,ACCEPTED_A_REPLAY,rad,0.38928161343550294
,,,wrist_to_tip_vector_error_m,19,ring,,,,,,ACCEPTED_A_REPLAY,m,0.03833374424022407
,,,direct_proximal_orientation_error_rad,19,ring,,,,,,ACCEPTED_A_REPLAY,rad,0.1323504668025973
,,,direct_distal_orientation_error_rad,19,ring,,,,,,ACCEPTED_A_REPLAY,rad,0.41024985281901805
,,,thumb_to_tip_vector_error_m,19,ring,,,,,,ACCEPTED_A_REPLAY,m,0.017398119825395752
,,,global_E_bone_diagnostic,19,ring,,,,,,ACCEPTED_A_REPLAY,squared_direction,0.2832506289611644
,,,near_interaction_position_error_m,19,ring,proximal,,,,,ACCEPTED_A_REPLAY,m,0.10584840848130543
,,,near_interaction_orientation_error_rad,19,ring,proximal,,,,,ACCEPTED_A_REPLAY,rad,0.22668408283153185
,,,native_surface_unsigned_distance_m,19,ring,proximal,,,,,ACCEPTED_A_REPLAY,m,0.058197766861141476
-0.14954902741005918,-0.08232662399509473,0.01683924039871866,native_surface_signed_distance_m,19,ring,proximal,-0.14208675088078246,-0.07511501134484032,0.07410430077244981,True,ACCEPTED_A_REPLAY,m,-0.05819777026772499
,,,near_interaction_position_error_m,19,ring,distal,,,,,ACCEPTED_A_REPLAY,m,0.09867739538397594
,,,near_interaction_orientation_error_rad,19,ring,distal,,,,,ACCEPTED_A_REPLAY,rad,0.36994103417799046
,,,native_surface_unsigned_distance_m,19,ring,distal,,,,,ACCEPTED_A_REPLAY,m,0.04426388706029803
-0.12446827,-0.08773151,0.016660980000000002,native_surface_signed_distance_m,19,ring,distal,-0.12413376478525455,-0.06262203971695221,0.053112239320534695,True,ACCEPTED_A_REPLAY,m,-0.04426388442516327
,,,fingertip_position_error_m,19,pinky,,,,,,ACCEPTED_A_REPLAY,m,0.06052560211760057
,,,fingertip_orientation_error_rad,19,pinky,,,,,,ACCEPTED_A_REPLAY,rad,0.6229611594601383
,,,wrist_to_tip_vector_error_m,19,pinky,,,,,,ACCEPTED_A_REPLAY,m,0.05915864005239802
,,,direct_proximal_orientation_error_rad,19,pinky,,,,,,ACCEPTED_A_REPLAY,rad,0.43413109541089545
,,,direct_distal_orientation_error_rad,19,pinky,,,,,,ACCEPTED_A_REPLAY,rad,0.6770791515403165
,,,thumb_to_tip_vector_error_m,19,pinky,,,,,,ACCEPTED_A_REPLAY,m,0.03416049960243478
,,,global_E_bone_diagnostic,19,pinky,,,,,,ACCEPTED_A_REPLAY,squared_direction,0.8142965881168638
,,,near_interaction_position_error_m,19,pinky,proximal,,,,,ACCEPTED_A_REPLAY,m,0.09772463701691878
,,,near_interaction_orientation_error_rad,19,pinky,proximal,,,,,ACCEPTED_A_REPLAY,rad,0.5065618756276461
,,,native_surface_unsigned_distance_m,19,pinky,proximal,,,,,ACCEPTED_A_REPLAY,m,0.04914210446110397
-0.15529284000000002,-0.07451856,0.016946779999999998,native_surface_signed_distance_m,19,pinky,proximal,-0.1616966910157389,-0.0762917045363882,0.06563757052025497,True,ACCEPTED_A_REPLAY,m,-0.04914211109280586
,,,near_interaction_position_error_m,19,pinky,distal,,,,,ACCEPTED_A_REPLAY,m,0.08711391963551925
,,,near_interaction_orientation_error_rad,19,pinky,distal,,,,,ACCEPTED_A_REPLAY,rad,0.6032311269504764
,,,native_surface_unsigned_distance_m,19,pinky,distal,,,,,ACCEPTED_A_REPLAY,m,0.0309580341776799
-0.15551484532169157,-0.052868765657944114,0.016947857897030433,native_surface_signed_distance_m,19,pinky,distal,-0.1477509124810341,-0.05336979175049777,0.04691234020269922,True,ACCEPTED_A_REPLAY,m,-0.030958034098148346
,,,global_E_bone_diagnostic,19,ALL,,,,,,ACCEPTED_A_REPLAY,squared_direction,2.9914249156614074
,,,global_E_IM_diagnostic,19,ALL,,,,,,ACCEPTED_A_REPLAY,m_squared,0.0002664857617292115
,,,wrist_orientation_error_rad,20,ALL,,,,,,ACCEPTED_A_REPLAY,rad,0.10339039836196746
,,,wrist_tray_position_error_m,20,ALL,,,,,,ACCEPTED_A_REPLAY,m,0.11526416657556265
,,,fingertip_position_error_m,20,thumb,,,,,,ACCEPTED_A_REPLAY,m,0.07106246356205413
,,,fingertip_orientation_error_rad,20,thumb,,,,,,ACCEPTED_A_REPLAY,rad,0.3488511221841441
,,,wrist_to_tip_vector_error_m,20,thumb,,,,,,ACCEPTED_A_REPLAY,m,0.03155445953597183
,,,direct_proximal_orientation_error_rad,20,thumb,,,,,,ACCEPTED_A_REPLAY,rad,0.7965752953786417
,,,direct_distal_orientation_error_rad,20,thumb,,,,,,ACCEPTED_A_REPLAY,rad,0.2873532589843567
,,,thumb_to_tip_vector_error_m,20,thumb,,,,,,ACCEPTED_A_REPLAY,m,0.0
,,,global_E_bone_diagnostic,20,thumb,,,,,,ACCEPTED_A_REPLAY,squared_direction,0.9059777357701926
,,,fingertip_position_error_m,20,index,,,,,,ACCEPTED_A_REPLAY,m,0.08433129966759921
,,,fingertip_orientation_error_rad,20,index,,,,,,ACCEPTED_A_REPLAY,rad,0.3842248644186577
,,,wrist_to_tip_vector_error_m,20,index,,,,,,ACCEPTED_A_REPLAY,m,0.028758282831378375
,,,direct_proximal_orientation_error_rad,20,index,,,,,,ACCEPTED_A_REPLAY,rad,0.6170113922686147
,,,direct_distal_orientation_error_rad,20,index,,,,,,ACCEPTED_A_REPLAY,rad,0.9976171974594401
,,,thumb_to_tip_vector_error_m,20,index,,,,,,ACCEPTED_A_REPLAY,m,0.016536879825940168
,,,global_E_bone_diagnostic,20,index,,,,,,ACCEPTED_A_REPLAY,squared_direction,0.8919719385986213
,,,fingertip_position_error_m,20,middle,,,,,,ACCEPTED_A_REPLAY,m,0.08725071403102207
,,,fingertip_orientation_error_rad,20,middle,,,,,,ACCEPTED_A_REPLAY,rad,0.3821770207046441
,,,wrist_to_tip_vector_error_m,20,middle,,,,,,ACCEPTED_A_REPLAY,m,0.024828766157420752
,,,direct_proximal_orientation_error_rad,20,middle,,,,,,ACCEPTED_A_REPLAY,rad,0.1981293560171073
,,,direct_distal_orientation_error_rad,20,middle,,,,,,ACCEPTED_A_REPLAY,rad,0.18084620291997458
,,,thumb_to_tip_vector_error_m,20,middle,,,,,,ACCEPTED_A_REPLAY,m,0.022190538683110998
,,,global_E_bone_diagnostic,20,middle,,,,,,ACCEPTED_A_REPLAY,squared_direction,0.129388992746592
,,,fingertip_position_error_m,20,ring,,,,,,ACCEPTED_A_REPLAY,m,0.07617313774689362
,,,fingertip_orientation_error_rad,20,ring,,,,,,ACCEPTED_A_REPLAY,rad,0.36514637489864926
,,,wrist_to_tip_vector_error_m,20,ring,,,,,,ACCEPTED_A_REPLAY,m,0.0377909843285813
,,,direct_proximal_orientation_error_rad,20,ring,,,,,,ACCEPTED_A_REPLAY,rad,0.12470263685319584
,,,direct_distal_orientation_error_rad,20,ring,,,,,,ACCEPTED_A_REPLAY,rad,0.38809992088586615
,,,thumb_to_tip_vector_error_m,20,ring,,,,,,ACCEPTED_A_REPLAY,m,0.018329061773498505
,,,global_E_bone_diagnostic,20,ring,,,,,,ACCEPTED_A_REPLAY,squared_direction,0.2547936380497625
,,,near_interaction_position_error_m,20,ring,proximal,,,,,ACCEPTED_A_REPLAY,m,0.1086677663668508
,,,near_interaction_orientation_error_rad,20,ring,proximal,,,,,ACCEPTED_A_REPLAY,rad,0.2231383925701435
,,,native_surface_unsigned_distance_m,20,ring,proximal,,,,,ACCEPTED_A_REPLAY,m,0.06038876363536557
-0.15573675211507662,-0.0678797309926198,0.01691383048066759,native_surface_signed_distance_m,20,ring,proximal,-0.14539840209844726,-0.0680618230618141,0.0764107895190928,True,ACCEPTED_A_REPLAY,m,-0.06038876622915268
,,,near_interaction_position_error_m,20,ring,distal,,,,,ACCEPTED_A_REPLAY,m,0.10218231427182363
,,,near_interaction_orientation_error_rad,20,ring,distal,,,,,ACCEPTED_A_REPLAY,rad,0.3476818247941571
,,,native_surface_unsigned_distance_m,20,ring,distal,,,,,ACCEPTED_A_REPLAY,m,0.04652283798572212
-0.15496561846749224,-0.05622969475419213,0.01672252804249399,native_surface_signed_distance_m,20,ring,distal,-0.1281618480407306,-0.056603463855136885,0.054746108118735974,True,ACCEPTED_A_REPLAY,m,-0.0465228408575058
,,,fingertip_position_error_m,20,pinky,,,,,,ACCEPTED_A_REPLAY,m,0.06289246515740522
,,,fingertip_orientation_error_rad,20,pinky,,,,,,ACCEPTED_A_REPLAY,rad,0.6239114386034983
,,,wrist_to_tip_vector_error_m,20,pinky,,,,,,ACCEPTED_A_REPLAY,m,0.0592040308071932
,,,direct_proximal_orientation_error_rad,20,pinky,,,,,,ACCEPTED_A_REPLAY,rad,0.42211367216333123
,,,direct_distal_orientation_error_rad,20,pinky,,,,,,ACCEPTED_A_REPLAY,rad,0.6674535107455366
,,,thumb_to_tip_vector_error_m,20,pinky,,,,,,ACCEPTED_A_REPLAY,m,0.03394421952849304
,,,global_E_bone_diagnostic,20,pinky,,,,,,ACCEPTED_A_REPLAY,squared_direction,0.7759697365783625
,,,near_interaction_position_error_m,20,pinky,proximal,,,,,ACCEPTED_A_REPLAY,m,0.10070720757924499
,,,near_interaction_orientation_error_rad,20,pinky,proximal,,,,,ACCEPTED_A_REPLAY,rad,0.5139910488243483
,,,native_surface_unsigned_distance_m,20,pinky,proximal,,,,,ACCEPTED_A_REPLAY,m,0.05193245840676033
-0.15647256681382005,-0.06955805719631429,0.016925963144581658,native_surface_signed_distance_m,20,pinky,proximal,-0.16494484193117928,-0.07038814054343738,0.06815595194159874,True,ACCEPTED_A_REPLAY,m,-0.05193245783448219
,,,near_interaction_position_error_m,20,pinky,distal,,,,,ACCEPTED_A_REPLAY,m,0.08964782768953489
,,,near_interaction_orientation_error_rad,20,pinky,distal,,,,,ACCEPTED_A_REPLAY,rad,0.6053636826250955
,,,native_surface_unsigned_distance_m,20,pinky,distal,,,,,ACCEPTED_A_REPLAY,m,0.031240332188373892
-0.15588202015870833,-0.0487972722803074,0.01701625269786213,native_surface_signed_distance_m,20,pinky,distal,-0.15177759678995112,-0.04873759432094787,0.04798572964841969,True,ACCEPTED_A_REPLAY,m,-0.031240329146385193
,,,global_E_bone_diagnostic,20,ALL,,,,,,ACCEPTED_A_REPLAY,squared_direction,2.958102041743531
,,,global_E_IM_diagnostic,20,ALL,,,,,,ACCEPTED_A_REPLAY,m_squared,0.0003194821306824099
,,,wrist_orientation_error_rad,0,ALL,,,,,,SHAPE_AWARE_NEGATIVE,rad,0.10738301160869893
,,,wrist_tray_position_error_m,0,ALL,,,,,,SHAPE_AWARE_NEGATIVE,m,0.03464497251371583
,,,fingertip_position_error_m,0,thumb,,,,,,SHAPE_AWARE_NEGATIVE,m,0.026918648415121326
,,,fingertip_orientation_error_rad,0,thumb,,,,,,SHAPE_AWARE_NEGATIVE,rad,0.08444773449608427
,,,wrist_to_tip_vector_error_m,0,thumb,,,,,,SHAPE_AWARE_NEGATIVE,m,0.025700853785819728
,,,direct_proximal_orientation_error_rad,0,thumb,,,,,,SHAPE_AWARE_NEGATIVE,rad,0.8175454022554333
,,,direct_distal_orientation_error_rad,0,thumb,,,,,,SHAPE_AWARE_NEGATIVE,rad,0.1878972761359764
,,,thumb_to_tip_vector_error_m,0,thumb,,,,,,SHAPE_AWARE_NEGATIVE,m,0.0
,,,global_E_bone_diagnostic,0,thumb,,,,,,SHAPE_AWARE_NEGATIVE,squared_direction,0.6825069585129869
,,,fingertip_position_error_m,0,index,,,,,,SHAPE_AWARE_NEGATIVE,m,0.03154710042243646
,,,fingertip_orientation_error_rad,0,index,,,,,,SHAPE_AWARE_NEGATIVE,rad,0.054672509157880377
,,,wrist_to_tip_vector_error_m,0,index,,,,,,SHAPE_AWARE_NEGATIVE,m,0.031037249362573845
,,,direct_proximal_orientation_error_rad,0,index,,,,,,SHAPE_AWARE_NEGATIVE,rad,0.4843813516135051
,,,direct_distal_orientation_error_rad,0,index,,,,,,SHAPE_AWARE_NEGATIVE,rad,0.147335482394041
,,,thumb_to_tip_vector_error_m,0,index,,,,,,SHAPE_AWARE_NEGATIVE,m,0.008228478675980736
,,,global_E_bone_diagnostic,0,index,,,,,,SHAPE_AWARE_NEGATIVE,squared_direction,0.1245304648266194
,,,fingertip_position_error_m,0,middle,,,,,,SHAPE_AWARE_NEGATIVE,m,0.034103921227537644
,,,fingertip_orientation_error_rad,0,middle,,,,,,SHAPE_AWARE_NEGATIVE,rad,0.34626368693305926
,,,wrist_to_tip_vector_error_m,0,middle,,,,,,SHAPE_AWARE_NEGATIVE,m,0.029489073490220306
,,,direct_proximal_orientation_error_rad,0,middle,,,,,,SHAPE_AWARE_NEGATIVE,rad,0.20862681542747338
,,,direct_distal_orientation_error_rad,0,middle,,,,,,SHAPE_AWARE_NEGATIVE,rad,0.0708091746717521
,,,thumb_to_tip_vector_error_m,0,middle,,,,,,SHAPE_AWARE_NEGATIVE,m,0.013246625046090635
,,,global_E_bone_diagnostic,0,middle,,,,,,SHAPE_AWARE_NEGATIVE,squared_direction,0.01982628874231827
,,,fingertip_position_error_m,0,ring,,,,,,SHAPE_AWARE_NEGATIVE,m,0.03590506045413626
,,,fingertip_orientation_error_rad,0,ring,,,,,,SHAPE_AWARE_NEGATIVE,rad,0.37088442019456785
,,,wrist_to_tip_vector_error_m,0,ring,,,,,,SHAPE_AWARE_NEGATIVE,m,0.038461147578626426
,,,direct_proximal_orientation_error_rad,0,ring,,,,,,SHAPE_AWARE_NEGATIVE,rad,0.17882379948542196
,,,direct_distal_orientation_error_rad,0,ring,,,,,,SHAPE_AWARE_NEGATIVE,rad,0.17683905465416216
,,,thumb_to_tip_vector_error_m,0,ring,,,,,,SHAPE_AWARE_NEGATIVE,m,0.01798272651141267
,,,global_E_bone_diagnostic,0,ring,,,,,,SHAPE_AWARE_NEGATIVE,squared_direction,0.005252564637006521
,,,fingertip_position_error_m,0,pinky,,,,,,SHAPE_AWARE_NEGATIVE,m,0.04103753538293625
,,,fingertip_orientation_error_rad,0,pinky,,,,,,SHAPE_AWARE_NEGATIVE,rad,0.26072512711655005
,,,wrist_to_tip_vector_error_m,0,pinky,,,,,,SHAPE_AWARE_NEGATIVE,m,0.05975799280307577
,,,direct_proximal_orientation_error_rad,0,pinky,,,,,,SHAPE_AWARE_NEGATIVE,rad,0.2573940563702242
,,,direct_distal_orientation_error_rad,0,pinky,,,,,,SHAPE_AWARE_NEGATIVE,rad,0.1433727824232722
,,,thumb_to_tip_vector_error_m,0,pinky,,,,,,SHAPE_AWARE_NEGATIVE,m,0.03432760087921426
,,,global_E_bone_diagnostic,0,pinky,,,,,,SHAPE_AWARE_NEGATIVE,squared_direction,0.07758027495113323
,,,global_E_bone_diagnostic,0,ALL,,,,,,SHAPE_AWARE_NEGATIVE,squared_direction,0.9096965516700644
,,,global_E_IM_diagnostic,0,ALL,,,,,,SHAPE_AWARE_NEGATIVE,m_squared,9.727217087547329e-05
,,,wrist_orientation_error_rad,0,ALL,,,,,,INTERACTION_V1_NEGATIVE,rad,0.11090449033344778
,,,wrist_tray_position_error_m,0,ALL,,,,,,INTERACTION_V1_NEGATIVE,m,0.03241069040635673
,,,fingertip_position_error_m,0,thumb,,,,,,INTERACTION_V1_NEGATIVE,m,0.0266407979481777
,,,fingertip_orientation_error_rad,0,thumb,,,,,,INTERACTION_V1_NEGATIVE,rad,0.10993797263732254
,,,wrist_to_tip_vector_error_m,0,thumb,,,,,,INTERACTION_V1_NEGATIVE,m,0.025627028795363025
,,,direct_proximal_orientation_error_rad,0,thumb,,,,,,INTERACTION_V1_NEGATIVE,rad,0.817159620196729
,,,direct_distal_orientation_error_rad,0,thumb,,,,,,INTERACTION_V1_NEGATIVE,rad,0.20196379235268966
,,,thumb_to_tip_vector_error_m,0,thumb,,,,,,INTERACTION_V1_NEGATIVE,m,0.0
,,,global_E_bone_diagnostic,0,thumb,,,,,,INTERACTION_V1_NEGATIVE,squared_direction,0.6733396647871093
,,,fingertip_position_error_m,0,index,,,,,,INTERACTION_V1_NEGATIVE,m,0.03221938296211737
,,,fingertip_orientation_error_rad,0,index,,,,,,INTERACTION_V1_NEGATIVE,rad,0.055477946245048815
,,,wrist_to_tip_vector_error_m,0,index,,,,,,INTERACTION_V1_NEGATIVE,m,0.03146432140629851
,,,direct_proximal_orientation_error_rad,0,index,,,,,,INTERACTION_V1_NEGATIVE,rad,0.48431431804531117
,,,direct_distal_orientation_error_rad,0,index,,,,,,INTERACTION_V1_NEGATIVE,rad,0.1546163773614191
,,,thumb_to_tip_vector_error_m,0,index,,,,,,INTERACTION_V1_NEGATIVE,m,0.008717689999079183
,,,global_E_bone_diagnostic,0,index,,,,,,INTERACTION_V1_NEGATIVE,squared_direction,0.12003798790849944
,,,fingertip_position_error_m,0,middle,,,,,,INTERACTION_V1_NEGATIVE,m,0.03403038033863918
,,,fingertip_orientation_error_rad,0,middle,,,,,,INTERACTION_V1_NEGATIVE,rad,0.35349280084846013
,,,wrist_to_tip_vector_error_m,0,middle,,,,,,INTERACTION_V1_NEGATIVE,m,0.02956042804406882
,,,direct_proximal_orientation_error_rad,0,middle,,,,,,INTERACTION_V1_NEGATIVE,rad,0.20856652891006666
,,,direct_distal_orientation_error_rad,0,middle,,,,,,INTERACTION_V1_NEGATIVE,rad,0.07278699535927056
,,,thumb_to_tip_vector_error_m,0,middle,,,,,,INTERACTION_V1_NEGATIVE,m,0.012598671283790318
,,,global_E_bone_diagnostic,0,middle,,,,,,INTERACTION_V1_NEGATIVE,squared_direction,0.019363029157995426
,,,fingertip_position_error_m,0,ring,,,,,,INTERACTION_V1_NEGATIVE,m,0.03617904294679938
,,,fingertip_orientation_error_rad,0,ring,,,,,,INTERACTION_V1_NEGATIVE,rad,0.3460956721099042
,,,wrist_to_tip_vector_error_m,0,ring,,,,,,INTERACTION_V1_NEGATIVE,m,0.038015418576005704
,,,direct_proximal_orientation_error_rad,0,ring,,,,,,INTERACTION_V1_NEGATIVE,rad,0.22250939409064974
,,,direct_distal_orientation_error_rad,0,ring,,,,,,INTERACTION_V1_NEGATIVE,rad,0.09916812088726737
,,,thumb_to_tip_vector_error_m,0,ring,,,,,,INTERACTION_V1_NEGATIVE,m,0.01787223205684255
,,,global_E_bone_diagnostic,0,ring,,,,,,INTERACTION_V1_NEGATIVE,squared_direction,0.019028042155655615
,,,fingertip_position_error_m,0,pinky,,,,,,INTERACTION_V1_NEGATIVE,m,0.040099795912153596
,,,fingertip_orientation_error_rad,0,pinky,,,,,,INTERACTION_V1_NEGATIVE,rad,0.23141615639889868
,,,wrist_to_tip_vector_error_m,0,pinky,,,,,,INTERACTION_V1_NEGATIVE,m,0.05813223577997207
,,,direct_proximal_orientation_error_rad,0,pinky,,,,,,INTERACTION_V1_NEGATIVE,rad,0.2948600563952389
,,,direct_distal_orientation_error_rad,0,pinky,,,,,,INTERACTION_V1_NEGATIVE,rad,0.12120039847985271
,,,thumb_to_tip_vector_error_m,0,pinky,,,,,,INTERACTION_V1_NEGATIVE,m,0.03299154964526363
,,,global_E_bone_diagnostic,0,pinky,,,,,,INTERACTION_V1_NEGATIVE,squared_direction,0.14009808162414522
,,,global_E_bone_diagnostic,0,ALL,,,,,,INTERACTION_V1_NEGATIVE,squared_direction,0.9718668056334048
,,,global_E_IM_diagnostic,0,ALL,,,,,,INTERACTION_V1_NEGATIVE,m_squared,9.870464405426025e-05
,,,wrist_orientation_error_rad,1,ALL,,,,,,INTERACTION_V1_NEGATIVE,rad,0.09531198022132426
,,,wrist_tray_position_error_m,1,ALL,,,,,,INTERACTION_V1_NEGATIVE,m,0.04557951503324742
,,,fingertip_position_error_m,1,thumb,,,,,,INTERACTION_V1_NEGATIVE,m,0.024012531243679802
,,,fingertip_orientation_error_rad,1,thumb,,,,,,INTERACTION_V1_NEGATIVE,rad,0.11501969659895334
,,,wrist_to_tip_vector_error_m,1,thumb,,,,,,INTERACTION_V1_NEGATIVE,m,0.026784185406240408
,,,direct_proximal_orientation_error_rad,1,thumb,,,,,,INTERACTION_V1_NEGATIVE,rad,0.8116704766500781
,,,direct_distal_orientation_error_rad,1,thumb,,,,,,INTERACTION_V1_NEGATIVE,rad,0.15625517554593704
,,,thumb_to_tip_vector_error_m,1,thumb,,,,,,INTERACTION_V1_NEGATIVE,m,0.0
,,,global_E_bone_diagnostic,1,thumb,,,,,,INTERACTION_V1_NEGATIVE,squared_direction,0.6906043509633171
,,,fingertip_position_error_m,1,index,,,,,,INTERACTION_V1_NEGATIVE,m,0.02799241519268881
,,,fingertip_orientation_error_rad,1,index,,,,,,INTERACTION_V1_NEGATIVE,rad,0.10315330175608341
,,,wrist_to_tip_vector_error_m,1,index,,,,,,INTERACTION_V1_NEGATIVE,m,0.031988074647819865
,,,direct_proximal_orientation_error_rad,1,index,,,,,,INTERACTION_V1_NEGATIVE,rad,0.4906632112719999
,,,direct_distal_orientation_error_rad,1,index,,,,,,INTERACTION_V1_NEGATIVE,rad,0.16818527364048888
,,,thumb_to_tip_vector_error_m,1,index,,,,,,INTERACTION_V1_NEGATIVE,m,0.009879281564254896
,,,global_E_bone_diagnostic,1,index,,,,,,INTERACTION_V1_NEGATIVE,squared_direction,0.1159619259644933
,,,fingertip_position_error_m,1,middle,,,,,,INTERACTION_V1_NEGATIVE,m,0.03504468992773683
,,,fingertip_orientation_error_rad,1,middle,,,,,,INTERACTION_V1_NEGATIVE,rad,0.40261510546559903
,,,wrist_to_tip_vector_error_m,1,middle,,,,,,INTERACTION_V1_NEGATIVE,m,0.02919740988015083
,,,direct_proximal_orientation_error_rad,1,middle,,,,,,INTERACTION_V1_NEGATIVE,rad,0.21578948819166063
,,,direct_distal_orientation_error_rad,1,middle,,,,,,INTERACTION_V1_NEGATIVE,rad,0.06988670240520209
,,,thumb_to_tip_vector_error_m,1,middle,,,,,,INTERACTION_V1_NEGATIVE,m,0.015056791032681486
,,,global_E_bone_diagnostic,1,middle,,,,,,INTERACTION_V1_NEGATIVE,squared_direction,0.022079066416984303
,,,fingertip_position_error_m,1,ring,,,,,,INTERACTION_V1_NEGATIVE,m,0.029825390808845935
,,,fingertip_orientation_error_rad,1,ring,,,,,,INTERACTION_V1_NEGATIVE,rad,0.41268852978600495
,,,wrist_to_tip_vector_error_m,1,ring,,,,,,INTERACTION_V1_NEGATIVE,m,0.037703669957203076
,,,direct_proximal_orientation_error_rad,1,ring,,,,,,INTERACTION_V1_NEGATIVE,rad,0.2150206170493019
,,,direct_distal_orientation_error_rad,1,ring,,,,,,INTERACTION_V1_NEGATIVE,rad,0.10668334039292844
,,,thumb_to_tip_vector_error_m,1,ring,,,,,,INTERACTION_V1_NEGATIVE,m,0.017790865139882844
,,,global_E_bone_diagnostic,1,ring,,,,,,INTERACTION_V1_NEGATIVE,squared_direction,0.01725977626560298
,,,fingertip_position_error_m,1,pinky,,,,,,INTERACTION_V1_NEGATIVE,m,0.023917340084701953
,,,fingertip_orientation_error_rad,1,pinky,,,,,,INTERACTION_V1_NEGATIVE,rad,0.2863167124525952
,,,wrist_to_tip_vector_error_m,1,pinky,,,,,,INTERACTION_V1_NEGATIVE,m,0.05746067735879188
,,,direct_proximal_orientation_error_rad,1,pinky,,,,,,INTERACTION_V1_NEGATIVE,rad,0.279658451796678
,,,direct_distal_orientation_error_rad,1,pinky,,,,,,INTERACTION_V1_NEGATIVE,rad,0.13805891176865853
,,,thumb_to_tip_vector_error_m,1,pinky,,,,,,INTERACTION_V1_NEGATIVE,m,0.03132788075433793
,,,global_E_bone_diagnostic,1,pinky,,,,,,INTERACTION_V1_NEGATIVE,squared_direction,0.14778884131322478
,,,global_E_bone_diagnostic,1,ALL,,,,,,INTERACTION_V1_NEGATIVE,squared_direction,0.9936939609236224
,,,global_E_IM_diagnostic,1,ALL,,,,,,INTERACTION_V1_NEGATIVE,m_squared,9.285518919772998e-05
,,,wrist_orientation_error_rad,2,ALL,,,,,,INTERACTION_V1_NEGATIVE,rad,0.09768679822171725
,,,wrist_tray_position_error_m,2,ALL,,,,,,INTERACTION_V1_NEGATIVE,m,0.042816558520941635
,,,fingertip_position_error_m,2,thumb,,,,,,INTERACTION_V1_NEGATIVE,m,0.027575554912193375
,,,fingertip_orientation_error_rad,2,thumb,,,,,,INTERACTION_V1_NEGATIVE,rad,0.15441395488987744
,,,wrist_to_tip_vector_error_m,2,thumb,,,,,,INTERACTION_V1_NEGATIVE,m,0.02610353241246875
,,,direct_proximal_orientation_error_rad,2,thumb,,,,,,INTERACTION_V1_NEGATIVE,rad,0.8065082952769788
,,,direct_distal_orientation_error_rad,2,thumb,,,,,,INTERACTION_V1_NEGATIVE,rad,0.19218949768315186
,,,thumb_to_tip_vector_error_m,2,thumb,,,,,,INTERACTION_V1_NEGATIVE,m,0.0
,,,global_E_bone_diagnostic,2,thumb,,,,,,INTERACTION_V1_NEGATIVE,squared_direction,0.6563300187359469
,,,fingertip_position_error_m,2,index,,,,,,INTERACTION_V1_NEGATIVE,m,0.028313559627108794
,,,fingertip_orientation_error_rad,2,index,,,,,,INTERACTION_V1_NEGATIVE,rad,0.1299899439380826
,,,wrist_to_tip_vector_error_m,2,index,,,,,,INTERACTION_V1_NEGATIVE,m,0.0327082403935935
,,,direct_proximal_orientation_error_rad,2,index,,,,,,INTERACTION_V1_NEGATIVE,rad,0.4989988562157981
,,,direct_distal_orientation_error_rad,2,index,,,,,,INTERACTION_V1_NEGATIVE,rad,0.18591275757804396
,,,thumb_to_tip_vector_error_m,2,index,,,,,,INTERACTION_V1_NEGATIVE,m,0.00929330006069892
,,,global_E_bone_diagnostic,2,index,,,,,,INTERACTION_V1_NEGATIVE,squared_direction,0.11097455681977161
,,,fingertip_position_error_m,2,middle,,,,,,INTERACTION_V1_NEGATIVE,m,0.03549835807485853
,,,fingertip_orientation_error_rad,2,middle,,,,,,INTERACTION_V1_NEGATIVE,rad,0.42272443192710984
,,,wrist_to_tip_vector_error_m,2,middle,,,,,,INTERACTION_V1_NEGATIVE,m,0.02910023496415157
,,,direct_proximal_orientation_error_rad,2,middle,,,,,,INTERACTION_V1_NEGATIVE,rad,0.2248809741070562
,,,direct_distal_orientation_error_rad,2,middle,,,,,,INTERACTION_V1_NEGATIVE,rad,0.07013220702466168
,,,thumb_to_tip_vector_error_m,2,middle,,,,,,INTERACTION_V1_NEGATIVE,m,0.012156683482136449
,,,global_E_bone_diagnostic,2,middle,,,,,,INTERACTION_V1_NEGATIVE,squared_direction,0.02495291733469862
,,,fingertip_position_error_m,2,ring,,,,,,INTERACTION_V1_NEGATIVE,m,0.02945718208270959
,,,fingertip_orientation_error_rad,2,ring,,,,,,INTERACTION_V1_NEGATIVE,rad,0.4582232431615923
,,,wrist_to_tip_vector_error_m,2,ring,,,,,,INTERACTION_V1_NEGATIVE,m,0.03747560160181502
,,,direct_proximal_orientation_error_rad,2,ring,,,,,,INTERACTION_V1_NEGATIVE,rad,0.2088488517947778
,,,direct_distal_orientation_error_rad,2,ring,,,,,,INTERACTION_V1_NEGATIVE,rad,0.11866028954414258
,,,thumb_to_tip_vector_error_m,2,ring,,,,,,INTERACTION_V1_NEGATIVE,m,0.015919942527438367
,,,global_E_bone_diagnostic,2,ring,,,,,,INTERACTION_V1_NEGATIVE,squared_direction,0.017120219010675116
,,,fingertip_position_error_m,2,pinky,,,,,,INTERACTION_V1_NEGATIVE,m,0.02652189659979466
,,,fingertip_orientation_error_rad,2,pinky,,,,,,INTERACTION_V1_NEGATIVE,rad,0.33358121318411793
,,,wrist_to_tip_vector_error_m,2,pinky,,,,,,INTERACTION_V1_NEGATIVE,m,0.057071648008317474
,,,direct_proximal_orientation_error_rad,2,pinky,,,,,,INTERACTION_V1_NEGATIVE,rad,0.27016928342518476
,,,direct_distal_orientation_error_rad,2,pinky,,,,,,INTERACTION_V1_NEGATIVE,rad,0.15358746190004927
,,,thumb_to_tip_vector_error_m,2,pinky,,,,,,INTERACTION_V1_NEGATIVE,m,0.031027108639449748
,,,global_E_bone_diagnostic,2,pinky,,,,,,INTERACTION_V1_NEGATIVE,squared_direction,0.1544709126264862
,,,global_E_bone_diagnostic,2,ALL,,,,,,INTERACTION_V1_NEGATIVE,squared_direction,0.9638486245275784
,,,global_E_IM_diagnostic,2,ALL,,,,,,INTERACTION_V1_NEGATIVE,m_squared,9.54385802281212e-05
,,,wrist_orientation_error_rad,3,ALL,,,,,,INTERACTION_V1_NEGATIVE,rad,0.10061237084115374
,,,wrist_tray_position_error_m,3,ALL,,,,,,INTERACTION_V1_NEGATIVE,m,0.0414898979545304
,,,fingertip_position_error_m,3,thumb,,,,,,INTERACTION_V1_NEGATIVE,m,0.023269010569703128
,,,fingertip_orientation_error_rad,3,thumb,,,,,,INTERACTION_V1_NEGATIVE,rad,0.12530373716730311
,,,wrist_to_tip_vector_error_m,3,thumb,,,,,,INTERACTION_V1_NEGATIVE,m,0.027242778433987435
,,,direct_proximal_orientation_error_rad,3,thumb,,,,,,INTERACTION_V1_NEGATIVE,rad,0.8018822219781759
,,,direct_distal_orientation_error_rad,3,thumb,,,,,,INTERACTION_V1_NEGATIVE,rad,0.15649379749146386
,,,thumb_to_tip_vector_error_m,3,thumb,,,,,,INTERACTION_V1_NEGATIVE,m,0.0
,,,global_E_bone_diagnostic,3,thumb,,,,,,INTERACTION_V1_NEGATIVE,squared_direction,0.6717351830624917
,,,fingertip_position_error_m,3,index,,,,,,INTERACTION_V1_NEGATIVE,m,0.028347980061033905
,,,fingertip_orientation_error_rad,3,index,,,,,,INTERACTION_V1_NEGATIVE,rad,0.14886107319596328
,,,wrist_to_tip_vector_error_m,3,index,,,,,,INTERACTION_V1_NEGATIVE,m,0.03386247002553673
,,,direct_proximal_orientation_error_rad,3,index,,,,,,INTERACTION_V1_NEGATIVE,rad,0.5113432205609659
,,,direct_distal_orientation_error_rad,3,index,,,,,,INTERACTION_V1_NEGATIVE,rad,0.21333099120816437
,,,thumb_to_tip_vector_error_m,3,index,,,,,,INTERACTION_V1_NEGATIVE,m,0.010666580614024198
,,,global_E_bone_diagnostic,3,index,,,,,,INTERACTION_V1_NEGATIVE,squared_direction,0.10373787801188789
,,,fingertip_position_error_m,3,middle,,,,,,INTERACTION_V1_NEGATIVE,m,0.035597950616884
,,,fingertip_orientation_error_rad,3,middle,,,,,,INTERACTION_V1_NEGATIVE,rad,0.42736385978020225
,,,wrist_to_tip_vector_error_m,3,middle,,,,,,INTERACTION_V1_NEGATIVE,m,0.029447523520924255
,,,direct_proximal_orientation_error_rad,3,middle,,,,,,INTERACTION_V1_NEGATIVE,rad,0.23679351904508075
,,,direct_distal_orientation_error_rad,3,middle,,,,,,INTERACTION_V1_NEGATIVE,rad,0.07395044914851524
,,,thumb_to_tip_vector_error_m,3,middle,,,,,,INTERACTION_V1_NEGATIVE,m,0.014916260268495029
,,,global_E_bone_diagnostic,3,middle,,,,,,INTERACTION_V1_NEGATIVE,squared_direction,0.027630982292044085
,,,fingertip_position_error_m,3,ring,,,,,,INTERACTION_V1_NEGATIVE,m,0.02872961894497637
,,,fingertip_orientation_error_rad,3,ring,,,,,,INTERACTION_V1_NEGATIVE,rad,0.4939509478190366
,,,wrist_to_tip_vector_error_m,3,ring,,,,,,INTERACTION_V1_NEGATIVE,m,0.03753201616023435
,,,direct_proximal_orientation_error_rad,3,ring,,,,,,INTERACTION_V1_NEGATIVE,rad,0.20620579027287841
,,,direct_distal_orientation_error_rad,3,ring,,,,,,INTERACTION_V1_NEGATIVE,rad,0.1394716349872184
,,,thumb_to_tip_vector_error_m,3,ring,,,,,,INTERACTION_V1_NEGATIVE,m,0.015843773913955153
,,,global_E_bone_diagnostic,3,ring,,,,,,INTERACTION_V1_NEGATIVE,squared_direction,0.018889458048968317
,,,fingertip_position_error_m,3,pinky,,,,,,INTERACTION_V1_NEGATIVE,m,0.02754712890620983
,,,fingertip_orientation_error_rad,3,pinky,,,,,,INTERACTION_V1_NEGATIVE,rad,0.3735215993028854
,,,wrist_to_tip_vector_error_m,3,pinky,,,,,,INTERACTION_V1_NEGATIVE,m,0.05676322581623393
,,,direct_proximal_orientation_error_rad,3,pinky,,,,,,INTERACTION_V1_NEGATIVE,rad,0.2614236465749396
,,,direct_distal_orientation_error_rad,3,pinky,,,,,,INTERACTION_V1_NEGATIVE,rad,0.16923830577969212
,,,thumb_to_tip_vector_error_m,3,pinky,,,,,,INTERACTION_V1_NEGATIVE,m,0.030254159047964368
,,,global_E_bone_diagnostic,3,pinky,,,,,,INTERACTION_V1_NEGATIVE,squared_direction,0.16096854239181752
,,,global_E_bone_diagnostic,3,ALL,,,,,,INTERACTION_V1_NEGATIVE,squared_direction,0.9829620438072095
,,,global_E_IM_diagnostic,3,ALL,,,,,,INTERACTION_V1_NEGATIVE,m_squared,9.567570483753807e-05
,,,wrist_orientation_error_rad,4,ALL,,,,,,INTERACTION_V1_NEGATIVE,rad,0.09754748050909913
,,,wrist_tray_position_error_m,4,ALL,,,,,,INTERACTION_V1_NEGATIVE,m,0.040936012336693244
,,,fingertip_position_error_m,4,thumb,,,,,,INTERACTION_V1_NEGATIVE,m,0.027198074836472415
,,,fingertip_orientation_error_rad,4,thumb,,,,,,INTERACTION_V1_NEGATIVE,rad,0.1526000050939264
,,,wrist_to_tip_vector_error_m,4,thumb,,,,,,INTERACTION_V1_NEGATIVE,m,0.02664722966983308
,,,direct_proximal_orientation_error_rad,4,thumb,,,,,,INTERACTION_V1_NEGATIVE,rad,0.7987499156397035
,,,direct_distal_orientation_error_rad,4,thumb,,,,,,INTERACTION_V1_NEGATIVE,rad,0.1924731742236341
,,,thumb_to_tip_vector_error_m,4,thumb,,,,,,INTERACTION_V1_NEGATIVE,m,0.0
,,,global_E_bone_diagnostic,4,thumb,,,,,,INTERACTION_V1_NEGATIVE,squared_direction,0.6428478034912067
,,,fingertip_position_error_m,4,index,,,,,,INTERACTION_V1_NEGATIVE,m,0.027696153959558673
,,,fingertip_orientation_error_rad,4,index,,,,,,INTERACTION_V1_NEGATIVE,rad,0.17485149975061062
,,,wrist_to_tip_vector_error_m,4,index,,,,,,INTERACTION_V1_NEGATIVE,m,0.03575879761042987
,,,direct_proximal_orientation_error_rad,4,index,,,,,,INTERACTION_V1_NEGATIVE,rad,0.5304441869335172
,,,direct_distal_orientation_error_rad,4,index,,,,,,INTERACTION_V1_NEGATIVE,rad,0.2564433986131437
,,,thumb_to_tip_vector_error_m,4,index,,,,,,INTERACTION_V1_NEGATIVE,m,0.011728395699234461
,,,global_E_bone_diagnostic,4,index,,,,,,INTERACTION_V1_NEGATIVE,squared_direction,0.09372782380790513
,,,fingertip_position_error_m,4,middle,,,,,,INTERACTION_V1_NEGATIVE,m,0.034716053714260404
,,,fingertip_orientation_error_rad,4,middle,,,,,,INTERACTION_V1_NEGATIVE,rad,0.42441064533405376
,,,wrist_to_tip_vector_error_m,4,middle,,,,,,INTERACTION_V1_NEGATIVE,m,0.03046670110630917
,,,direct_proximal_orientation_error_rad,4,middle,,,,,,INTERACTION_V1_NEGATIVE,rad,0.2533196194194166
,,,direct_distal_orientation_error_rad,4,middle,,,,,,INTERACTION_V1_NEGATIVE,rad,0.08581113215581454
,,,thumb_to_tip_vector_error_m,4,middle,,,,,,INTERACTION_V1_NEGATIVE,m,0.012046499668428702
,,,global_E_bone_diagnostic,4,middle,,,,,,INTERACTION_V1_NEGATIVE,squared_direction,0.02963098743219226
,,,fingertip_position_error_m,4,ring,,,,,,INTERACTION_V1_NEGATIVE,m,0.027130703227229394
,,,fingertip_orientation_error_rad,4,ring,,,,,,INTERACTION_V1_NEGATIVE,rad,0.5289230712363682
,,,wrist_to_tip_vector_error_m,4,ring,,,,,,INTERACTION_V1_NEGATIVE,m,0.03807867457484203
,,,direct_proximal_orientation_error_rad,4,ring,,,,,,INTERACTION_V1_NEGATIVE,rad,0.20906301098518273
,,,direct_distal_orientation_error_rad,4,ring,,,,,,INTERACTION_V1_NEGATIVE,rad,0.17282947956883465
,,,thumb_to_tip_vector_error_m,4,ring,,,,,,INTERACTION_V1_NEGATIVE,m,0.014922428798596642
,,,global_E_bone_diagnostic,4,ring,,,,,,INTERACTION_V1_NEGATIVE,squared_direction,0.02328636404981753
,,,fingertip_position_error_m,4,pinky,,,,,,INTERACTION_V1_NEGATIVE,m,0.02753375031971006
,,,fingertip_orientation_error_rad,4,pinky,,,,,,INTERACTION_V1_NEGATIVE,rad,0.4124861814538298
,,,wrist_to_tip_vector_error_m,4,pinky,,,,,,INTERACTION_V1_NEGATIVE,m,0.05667617952717659
,,,direct_proximal_orientation_error_rad,4,pinky,,,,,,INTERACTION_V1_NEGATIVE,rad,0.25624615261806627
,,,direct_distal_orientation_error_rad,4,pinky,,,,,,INTERACTION_V1_NEGATIVE,rad,0.1845918350017703
,,,thumb_to_tip_vector_error_m,4,pinky,,,,,,INTERACTION_V1_NEGATIVE,m,0.03018011134053529
,,,global_E_bone_diagnostic,4,pinky,,,,,,INTERACTION_V1_NEGATIVE,squared_direction,0.16717502906036602
,,,global_E_bone_diagnostic,4,ALL,,,,,,INTERACTION_V1_NEGATIVE,squared_direction,0.9566680078414878
,,,global_E_IM_diagnostic,4,ALL,,,,,,INTERACTION_V1_NEGATIVE,m_squared,9.413602807488799e-05
,,,wrist_orientation_error_rad,5,ALL,,,,,,INTERACTION_V1_NEGATIVE,rad,0.0933064387606326
,,,wrist_tray_position_error_m,5,ALL,,,,,,INTERACTION_V1_NEGATIVE,m,0.04067807765068591
,,,fingertip_position_error_m,5,thumb,,,,,,INTERACTION_V1_NEGATIVE,m,0.02859926261153801
,,,fingertip_orientation_error_rad,5,thumb,,,,,,INTERACTION_V1_NEGATIVE,rad,0.15847330044300517
,,,wrist_to_tip_vector_error_m,5,thumb,,,,,,INTERACTION_V1_NEGATIVE,m,0.026838521621655655
,,,direct_proximal_orientation_error_rad,5,thumb,,,,,,INTERACTION_V1_NEGATIVE,rad,0.7998991350402476
,,,direct_distal_orientation_error_rad,5,thumb,,,,,,INTERACTION_V1_NEGATIVE,rad,0.20644704238584138
,,,thumb_to_tip_vector_error_m,5,thumb,,,,,,INTERACTION_V1_NEGATIVE,m,0.0
,,,global_E_bone_diagnostic,5,thumb,,,,,,INTERACTION_V1_NEGATIVE,squared_direction,0.6372682812207224
,,,fingertip_position_error_m,5,index,,,,,,INTERACTION_V1_NEGATIVE,m,0.027178143002248238
,,,fingertip_orientation_error_rad,5,index,,,,,,INTERACTION_V1_NEGATIVE,rad,0.22007777417156926
,,,wrist_to_tip_vector_error_m,5,index,,,,,,INTERACTION_V1_NEGATIVE,m,0.03874301868421649
,,,direct_proximal_orientation_error_rad,5,index,,,,,,INTERACTION_V1_NEGATIVE,rad,0.5586663461371886
,,,direct_distal_orientation_error_rad,5,index,,,,,,INTERACTION_V1_NEGATIVE,rad,0.32207181352853587
,,,thumb_to_tip_vector_error_m,5,index,,,,,,INTERACTION_V1_NEGATIVE,m,0.014875479522684658
,,,global_E_bone_diagnostic,5,index,,,,,,INTERACTION_V1_NEGATIVE,squared_direction,0.08181386374362774
,,,fingertip_position_error_m,5,middle,,,,,,INTERACTION_V1_NEGATIVE,m,0.03319499371834333
,,,fingertip_orientation_error_rad,5,middle,,,,,,INTERACTION_V1_NEGATIVE,rad,0.4174312573353129
,,,wrist_to_tip_vector_error_m,5,middle,,,,,,INTERACTION_V1_NEGATIVE,m,0.03250701039274582
,,,direct_proximal_orientation_error_rad,5,middle,,,,,,INTERACTION_V1_NEGATIVE,rad,0.2768216168930169
,,,direct_distal_orientation_error_rad,5,middle,,,,,,INTERACTION_V1_NEGATIVE,rad,0.11758188073973388
,,,thumb_to_tip_vector_error_m,5,middle,,,,,,INTERACTION_V1_NEGATIVE,m,0.012232896544842537
,,,global_E_bone_diagnostic,5,middle,,,,,,INTERACTION_V1_NEGATIVE,squared_direction,0.030552215475138002
,,,fingertip_position_error_m,5,ring,,,,,,INTERACTION_V1_NEGATIVE,m,0.025716931542079748
,,,fingertip_orientation_error_rad,5,ring,,,,,,INTERACTION_V1_NEGATIVE,rad,0.5654262810419064
,,,wrist_to_tip_vector_error_m,5,ring,,,,,,INTERACTION_V1_NEGATIVE,m,0.03955129671016679
,,,direct_proximal_orientation_error_rad,5,ring,,,,,,INTERACTION_V1_NEGATIVE,rad,0.2225355349559011
,,,direct_distal_orientation_error_rad,5,ring,,,,,,INTERACTION_V1_NEGATIVE,rad,0.22158654422853988
,,,thumb_to_tip_vector_error_m,5,ring,,,,,,INTERACTION_V1_NEGATIVE,m,0.016159282963635214
,,,global_E_bone_diagnostic,5,ring,,,,,,INTERACTION_V1_NEGATIVE,squared_direction,0.03176541214869565
,,,fingertip_position_error_m,5,pinky,,,,,,INTERACTION_V1_NEGATIVE,m,0.02731606512434831
,,,fingertip_orientation_error_rad,5,pinky,,,,,,INTERACTION_V1_NEGATIVE,rad,0.4489237969634022
,,,wrist_to_tip_vector_error_m,5,pinky,,,,,,INTERACTION_V1_NEGATIVE,m,0.05696087461005959
,,,direct_proximal_orientation_error_rad,5,pinky,,,,,,INTERACTION_V1_NEGATIVE,rad,0.2573646238244271
,,,direct_distal_orientation_error_rad,5,pinky,,,,,,INTERACTION_V1_NEGATIVE,rad,0.2015966094077854
,,,thumb_to_tip_vector_error_m,5,pinky,,,,,,INTERACTION_V1_NEGATIVE,m,0.03070933045665047
,,,global_E_bone_diagnostic,5,pinky,,,,,,INTERACTION_V1_NEGATIVE,squared_direction,0.1733907425376911
,,,global_E_bone_diagnostic,5,ALL,,,,,,INTERACTION_V1_NEGATIVE,squared_direction,0.9547905151258749
,,,global_E_IM_diagnostic,5,ALL,,,,,,INTERACTION_V1_NEGATIVE,m_squared,8.912722767920575e-05
,,,wrist_orientation_error_rad,6,ALL,,,,,,INTERACTION_V1_NEGATIVE,rad,0.08905865336685982
,,,wrist_tray_position_error_m,6,ALL,,,,,,INTERACTION_V1_NEGATIVE,m,0.04064925390270518
,,,fingertip_position_error_m,6,thumb,,,,,,INTERACTION_V1_NEGATIVE,m,0.030667569435633667
,,,fingertip_orientation_error_rad,6,thumb,,,,,,INTERACTION_V1_NEGATIVE,rad,0.16622842920836836
,,,wrist_to_tip_vector_error_m,6,thumb,,,,,,INTERACTION_V1_NEGATIVE,m,0.02685350671219859
,,,direct_proximal_orientation_error_rad,6,thumb,,,,,,INTERACTION_V1_NEGATIVE,rad,0.80966748376015
,,,direct_distal_orientation_error_rad,6,thumb,,,,,,INTERACTION_V1_NEGATIVE,rad,0.22169804920319575
,,,thumb_to_tip_vector_error_m,6,thumb,,,,,,INTERACTION_V1_NEGATIVE,m,0.0
,,,global_E_bone_diagnostic,6,thumb,,,,,,INTERACTION_V1_NEGATIVE,squared_direction,0.6389381878921617
,,,fingertip_position_error_m,6,index,,,,,,INTERACTION_V1_NEGATIVE,m,0.02705548382096811
,,,fingertip_orientation_error_rad,6,index,,,,,,INTERACTION_V1_NEGATIVE,rad,0.2945297589819137
,,,wrist_to_tip_vector_error_m,6,index,,,,,,INTERACTION_V1_NEGATIVE,m,0.04314149539336793
,,,direct_proximal_orientation_error_rad,6,index,,,,,,INTERACTION_V1_NEGATIVE,rad,0.5976762193062137
,,,direct_distal_orientation_error_rad,6,index,,,,,,INTERACTION_V1_NEGATIVE,rad,0.4161051633105221
,,,thumb_to_tip_vector_error_m,6,index,,,,,,INTERACTION_V1_NEGATIVE,m,0.020131400327940564
,,,global_E_bone_diagnostic,6,index,,,,,,INTERACTION_V1_NEGATIVE,squared_direction,0.07245794283483903
,,,fingertip_position_error_m,6,middle,,,,,,INTERACTION_V1_NEGATIVE,m,0.03094167812703038
,,,fingertip_orientation_error_rad,6,middle,,,,,,INTERACTION_V1_NEGATIVE,rad,0.414616045194724
,,,wrist_to_tip_vector_error_m,6,middle,,,,,,INTERACTION_V1_NEGATIVE,m,0.03609614330355875
,,,direct_proximal_orientation_error_rad,6,middle,,,,,,INTERACTION_V1_NEGATIVE,rad,0.3117240237890274
,,,direct_distal_orientation_error_rad,6,middle,,,,,,INTERACTION_V1_NEGATIVE,rad,0.18394240472022214
,,,thumb_to_tip_vector_error_m,6,middle,,,,,,INTERACTION_V1_NEGATIVE,m,0.015173956165040524
,,,global_E_bone_diagnostic,6,middle,,,,,,INTERACTION_V1_NEGATIVE,squared_direction,0.03143740245329521
,,,fingertip_position_error_m,6,ring,,,,,,INTERACTION_V1_NEGATIVE,m,0.02449461678379318
,,,fingertip_orientation_error_rad,6,ring,,,,,,INTERACTION_V1_NEGATIVE,rad,0.6073715491371475
,,,wrist_to_tip_vector_error_m,6,ring,,,,,,INTERACTION_V1_NEGATIVE,m,0.04243267918599585
,,,direct_proximal_orientation_error_rad,6,ring,,,,,,INTERACTION_V1_NEGATIVE,rad,0.2504534189066335
,,,direct_distal_orientation_error_rad,6,ring,,,,,,INTERACTION_V1_NEGATIVE,rad,0.2941933008959973
,,,thumb_to_tip_vector_error_m,6,ring,,,,,,INTERACTION_V1_NEGATIVE,m,0.019992233322268682
,,,global_E_bone_diagnostic,6,ring,,,,,,INTERACTION_V1_NEGATIVE,squared_direction,0.048092287915150585
,,,fingertip_position_error_m,6,pinky,,,,,,INTERACTION_V1_NEGATIVE,m,0.027138374145945218
,,,fingertip_orientation_error_rad,6,pinky,,,,,,INTERACTION_V1_NEGATIVE,rad,0.48392991188238554
,,,wrist_to_tip_vector_error_m,6,pinky,,,,,,INTERACTION_V1_NEGATIVE,m,0.057800759420526225
,,,direct_proximal_orientation_error_rad,6,pinky,,,,,,INTERACTION_V1_NEGATIVE,rad,0.26770209305146
,,,direct_distal_orientation_error_rad,6,pinky,,,,,,INTERACTION_V1_NEGATIVE,rad,0.22725015258973544
,,,thumb_to_tip_vector_error_m,6,pinky,,,,,,INTERACTION_V1_NEGATIVE,m,0.032425363515854365
,,,global_E_bone_diagnostic,6,pinky,,,,,,INTERACTION_V1_NEGATIVE,squared_direction,0.1813384089583243
,,,global_E_bone_diagnostic,6,ALL,,,,,,INTERACTION_V1_NEGATIVE,squared_direction,0.9722642300537708
,,,global_E_IM_diagnostic,6,ALL,,,,,,INTERACTION_V1_NEGATIVE,m_squared,8.59989718664667e-05
,,,wrist_orientation_error_rad,7,ALL,,,,,,INTERACTION_V1_NEGATIVE,rad,0.08292060139197328
,,,wrist_tray_position_error_m,7,ALL,,,,,,INTERACTION_V1_NEGATIVE,m,0.04043975189838777
,,,fingertip_position_error_m,7,thumb,,,,,,INTERACTION_V1_NEGATIVE,m,0.024159749914394266
,,,fingertip_orientation_error_rad,7,thumb,,,,,,INTERACTION_V1_NEGATIVE,rad,0.10172777770333091
,,,wrist_to_tip_vector_error_m,7,thumb,,,,,,INTERACTION_V1_NEGATIVE,m,0.026632300516649592
,,,direct_proximal_orientation_error_rad,7,thumb,,,,,,INTERACTION_V1_NEGATIVE,rad,0.829456864976044
,,,direct_distal_orientation_error_rad,7,thumb,,,,,,INTERACTION_V1_NEGATIVE,rad,0.16686901446908223
,,,thumb_to_tip_vector_error_m,7,thumb,,,,,,INTERACTION_V1_NEGATIVE,m,0.0
,,,global_E_bone_diagnostic,7,thumb,,,,,,INTERACTION_V1_NEGATIVE,squared_direction,0.6945917401143926
,,,fingertip_position_error_m,7,index,,,,,,INTERACTION_V1_NEGATIVE,m,0.02662986281027051
,,,fingertip_orientation_error_rad,7,index,,,,,,INTERACTION_V1_NEGATIVE,rad,0.3977586853378164
,,,wrist_to_tip_vector_error_m,7,index,,,,,,INTERACTION_V1_NEGATIVE,m,0.04872112290203012
,,,direct_proximal_orientation_error_rad,7,index,,,,,,INTERACTION_V1_NEGATIVE,rad,0.6437879783610881
,,,direct_distal_orientation_error_rad,7,index,,,,,,INTERACTION_V1_NEGATIVE,rad,0.5349589436307112
,,,thumb_to_tip_vector_error_m,7,index,,,,,,INTERACTION_V1_NEGATIVE,m,0.024253200592266277
,,,global_E_bone_diagnostic,7,index,,,,,,INTERACTION_V1_NEGATIVE,squared_direction,0.07491926096034893
,,,fingertip_position_error_m,7,middle,,,,,,INTERACTION_V1_NEGATIVE,m,0.02728475960906061
,,,fingertip_orientation_error_rad,7,middle,,,,,,INTERACTION_V1_NEGATIVE,rad,0.43541574522276977
,,,wrist_to_tip_vector_error_m,7,middle,,,,,,INTERACTION_V1_NEGATIVE,m,0.04178322399922653
,,,direct_proximal_orientation_error_rad,7,middle,,,,,,INTERACTION_V1_NEGATIVE,rad,0.3637944601848955
,,,direct_distal_orientation_error_rad,7,middle,,,,,,INTERACTION_V1_NEGATIVE,rad,0.2915752218634442
,,,thumb_to_tip_vector_error_m,7,middle,,,,,,INTERACTION_V1_NEGATIVE,m,0.019364052764109796
,,,global_E_bone_diagnostic,7,middle,,,,,,INTERACTION_V1_NEGATIVE,squared_direction,0.03702883803427632
,,,fingertip_position_error_m,7,ring,,,,,,INTERACTION_V1_NEGATIVE,m,0.022591696125735257
,,,fingertip_orientation_error_rad,7,ring,,,,,,INTERACTION_V1_NEGATIVE,rad,0.6633560643420976
,,,wrist_to_tip_vector_error_m,7,ring,,,,,,INTERACTION_V1_NEGATIVE,m,0.04716331249530599
,,,direct_proximal_orientation_error_rad,7,ring,,,,,,INTERACTION_V1_NEGATIVE,rad,0.2939793418106664
,,,direct_distal_orientation_error_rad,7,ring,,,,,,INTERACTION_V1_NEGATIVE,rad,0.3990459622139008
,,,thumb_to_tip_vector_error_m,7,ring,,,,,,INTERACTION_V1_NEGATIVE,m,0.022889769742721618
,,,global_E_bone_diagnostic,7,ring,,,,,,INTERACTION_V1_NEGATIVE,squared_direction,0.08017973498939189
,,,fingertip_position_error_m,7,pinky,,,,,,INTERACTION_V1_NEGATIVE,m,0.02670940804968373
,,,fingertip_orientation_error_rad,7,pinky,,,,,,INTERACTION_V1_NEGATIVE,rad,0.5237045512548448
,,,wrist_to_tip_vector_error_m,7,pinky,,,,,,INTERACTION_V1_NEGATIVE,m,0.05953322189762338
,,,direct_proximal_orientation_error_rad,7,pinky,,,,,,INTERACTION_V1_NEGATIVE,rad,0.29290807873343316
,,,direct_distal_orientation_error_rad,7,pinky,,,,,,INTERACTION_V1_NEGATIVE,rad,0.27402575289882475
,,,thumb_to_tip_vector_error_m,7,pinky,,,,,,INTERACTION_V1_NEGATIVE,m,0.033283746714887166
,,,global_E_bone_diagnostic,7,pinky,,,,,,INTERACTION_V1_NEGATIVE,squared_direction,0.195121116260209
,,,global_E_bone_diagnostic,7,ALL,,,,,,INTERACTION_V1_NEGATIVE,squared_direction,1.0818406903586189
,,,global_E_IM_diagnostic,7,ALL,,,,,,INTERACTION_V1_NEGATIVE,m_squared,8.557527529490992e-05
,,,wrist_orientation_error_rad,8,ALL,,,,,,INTERACTION_V1_NEGATIVE,rad,0.0750620174566137
,,,wrist_tray_position_error_m,8,ALL,,,,,,INTERACTION_V1_NEGATIVE,m,0.04105101523939932
,,,fingertip_position_error_m,8,thumb,,,,,,INTERACTION_V1_NEGATIVE,m,0.02616042556792472
,,,fingertip_orientation_error_rad,8,thumb,,,,,,INTERACTION_V1_NEGATIVE,rad,0.10225025579209478
,,,wrist_to_tip_vector_error_m,8,thumb,,,,,,INTERACTION_V1_NEGATIVE,m,0.025525713229970774
,,,direct_proximal_orientation_error_rad,8,thumb,,,,,,INTERACTION_V1_NEGATIVE,rad,0.8563998724617199
,,,direct_distal_orientation_error_rad,8,thumb,,,,,,INTERACTION_V1_NEGATIVE,rad,0.1696434748436875
,,,thumb_to_tip_vector_error_m,8,thumb,,,,,,INTERACTION_V1_NEGATIVE,m,0.0
,,,global_E_bone_diagnostic,8,thumb,,,,,,INTERACTION_V1_NEGATIVE,squared_direction,0.7142118095061974
,,,fingertip_position_error_m,8,index,,,,,,INTERACTION_V1_NEGATIVE,m,0.026341790194622614
,,,fingertip_orientation_error_rad,8,index,,,,,,INTERACTION_V1_NEGATIVE,rad,0.517805254121882
,,,wrist_to_tip_vector_error_m,8,index,,,,,,INTERACTION_V1_NEGATIVE,m,0.05448469730026718
,,,direct_proximal_orientation_error_rad,8,index,,,,,,INTERACTION_V1_NEGATIVE,rad,0.6864677652187903
,,,direct_distal_orientation_error_rad,8,index,,,,,,INTERACTION_V1_NEGATIVE,rad,0.6647411184463151
,,,thumb_to_tip_vector_error_m,8,index,,,,,,INTERACTION_V1_NEGATIVE,m,0.03098071491282799
,,,global_E_bone_diagnostic,8,index,,,,,,INTERACTION_V1_NEGATIVE,squared_direction,0.09897149494784188
,,,fingertip_position_error_m,8,middle,,,,,,INTERACTION_V1_NEGATIVE,m,0.02437868331100041
,,,fingertip_orientation_error_rad,8,middle,,,,,,INTERACTION_V1_NEGATIVE,rad,0.5059975771276469
,,,wrist_to_tip_vector_error_m,8,middle,,,,,,INTERACTION_V1_NEGATIVE,m,0.04961316579164867
,,,direct_proximal_orientation_error_rad,8,middle,,,,,,INTERACTION_V1_NEGATIVE,rad,0.43458281800956156
,,,direct_distal_orientation_error_rad,8,middle,,,,,,INTERACTION_V1_NEGATIVE,rad,0.43568889990120707
,,,thumb_to_tip_vector_error_m,8,middle,,,,,,INTERACTION_V1_NEGATIVE,m,0.0273316619417997
,,,global_E_bone_diagnostic,8,middle,,,,,,INTERACTION_V1_NEGATIVE,squared_direction,0.05721206925856325
,,,fingertip_position_error_m,8,ring,,,,,,INTERACTION_V1_NEGATIVE,m,0.02137672479469148
,,,fingertip_orientation_error_rad,8,ring,,,,,,INTERACTION_V1_NEGATIVE,rad,0.7478527124720094
,,,wrist_to_tip_vector_error_m,8,ring,,,,,,INTERACTION_V1_NEGATIVE,m,0.054111073673646
,,,direct_proximal_orientation_error_rad,8,ring,,,,,,INTERACTION_V1_NEGATIVE,rad,0.35414223498657904
,,,direct_distal_orientation_error_rad,8,ring,,,,,,INTERACTION_V1_NEGATIVE,rad,0.54226387450874
,,,thumb_to_tip_vector_error_m,8,ring,,,,,,INTERACTION_V1_NEGATIVE,m,0.03112984599495141
,,,global_E_bone_diagnostic,8,ring,,,,,,INTERACTION_V1_NEGATIVE,squared_direction,0.14212538959609888
,,,fingertip_position_error_m,8,pinky,,,,,,INTERACTION_V1_NEGATIVE,m,0.026599960792890127
,,,fingertip_orientation_error_rad,8,pinky,,,,,,INTERACTION_V1_NEGATIVE,rad,0.5805975591628041
,,,wrist_to_tip_vector_error_m,8,pinky,,,,,,INTERACTION_V1_NEGATIVE,m,0.06261108520532462
,,,direct_proximal_orientation_error_rad,8,pinky,,,,,,INTERACTION_V1_NEGATIVE,rad,0.3382799226119532
,,,direct_distal_orientation_error_rad,8,pinky,,,,,,INTERACTION_V1_NEGATIVE,rad,0.35791035270925703
,,,thumb_to_tip_vector_error_m,8,pinky,,,,,,INTERACTION_V1_NEGATIVE,m,0.03744266447777806
,,,global_E_bone_diagnostic,8,pinky,,,,,,INTERACTION_V1_NEGATIVE,squared_direction,0.22291526613781068
,,,global_E_bone_diagnostic,8,ALL,,,,,,INTERACTION_V1_NEGATIVE,squared_direction,1.235436029446512
,,,global_E_IM_diagnostic,8,ALL,,,,,,INTERACTION_V1_NEGATIVE,m_squared,9.011103062873436e-05
,,,wrist_orientation_error_rad,9,ALL,,,,,,INTERACTION_V1_NEGATIVE,rad,0.07016218116924952
,,,wrist_tray_position_error_m,9,ALL,,,,,,INTERACTION_V1_NEGATIVE,m,0.04270646031794815
,,,fingertip_position_error_m,9,thumb,,,,,,INTERACTION_V1_NEGATIVE,m,0.029142558852006777
,,,fingertip_orientation_error_rad,9,thumb,,,,,,INTERACTION_V1_NEGATIVE,rad,0.10998615275114386
,,,wrist_to_tip_vector_error_m,9,thumb,,,,,,INTERACTION_V1_NEGATIVE,m,0.024938626305485937
,,,direct_proximal_orientation_error_rad,9,thumb,,,,,,INTERACTION_V1_NEGATIVE,rad,0.8849899053678223
,,,direct_distal_orientation_error_rad,9,thumb,,,,,,INTERACTION_V1_NEGATIVE,rad,0.18464012011585945
,,,thumb_to_tip_vector_error_m,9,thumb,,,,,,INTERACTION_V1_NEGATIVE,m,0.0
,,,global_E_bone_diagnostic,9,thumb,,,,,,INTERACTION_V1_NEGATIVE,squared_direction,0.7393413512664782
,,,fingertip_position_error_m,9,index,,,,,,INTERACTION_V1_NEGATIVE,m,0.02412769061345951
,,,fingertip_orientation_error_rad,9,index,,,,,,INTERACTION_V1_NEGATIVE,rad,0.6373897734327245
,,,wrist_to_tip_vector_error_m,9,index,,,,,,INTERACTION_V1_NEGATIVE,m,0.05956305210783545
,,,direct_proximal_orientation_error_rad,9,index,,,,,,INTERACTION_V1_NEGATIVE,rad,0.7179566246101861
,,,direct_distal_orientation_error_rad,9,index,,,,,,INTERACTION_V1_NEGATIVE,rad,0.7941722057157803
,,,thumb_to_tip_vector_error_m,9,index,,,,,,INTERACTION_V1_NEGATIVE,m,0.036577594501923584
,,,global_E_bone_diagnostic,9,index,,,,,,INTERACTION_V1_NEGATIVE,squared_direction,0.1517036554506606
,,,fingertip_position_error_m,9,middle,,,,,,INTERACTION_V1_NEGATIVE,m,0.021616482847905377
,,,fingertip_orientation_error_rad,9,middle,,,,,,INTERACTION_V1_NEGATIVE,rad,0.6210163425789912
,,,wrist_to_tip_vector_error_m,9,middle,,,,,,INTERACTION_V1_NEGATIVE,m,0.05869100198175161
,,,direct_proximal_orientation_error_rad,9,middle,,,,,,INTERACTION_V1_NEGATIVE,rad,0.5139467482575949
,,,direct_distal_orientation_error_rad,9,middle,,,,,,INTERACTION_V1_NEGATIVE,rad,0.605118745913702
,,,thumb_to_tip_vector_error_m,9,middle,,,,,,INTERACTION_V1_NEGATIVE,m,0.03668467802018754
,,,global_E_bone_diagnostic,9,middle,,,,,,INTERACTION_V1_NEGATIVE,squared_direction,0.10572215289585367
,,,fingertip_position_error_m,9,ring,,,,,,INTERACTION_V1_NEGATIVE,m,0.0207529783366696
,,,fingertip_orientation_error_rad,9,ring,,,,,,INTERACTION_V1_NEGATIVE,rad,0.8677631192313127
,,,wrist_to_tip_vector_error_m,9,ring,,,,,,INTERACTION_V1_NEGATIVE,m,0.06324659467980251
,,,direct_proximal_orientation_error_rad,9,ring,,,,,,INTERACTION_V1_NEGATIVE,rad,0.43017530529877174
,,,direct_distal_orientation_error_rad,9,ring,,,,,,INTERACTION_V1_NEGATIVE,rad,0.7230446842434196
,,,thumb_to_tip_vector_error_m,9,ring,,,,,,INTERACTION_V1_NEGATIVE,m,0.041335723329096886
,,,global_E_bone_diagnostic,9,ring,,,,,,INTERACTION_V1_NEGATIVE,squared_direction,0.2532482617190209
,,,fingertip_position_error_m,9,pinky,,,,,,INTERACTION_V1_NEGATIVE,m,0.026589836770537032
,,,fingertip_orientation_error_rad,9,pinky,,,,,,INTERACTION_V1_NEGATIVE,rad,0.6668907441452333
,,,wrist_to_tip_vector_error_m,9,pinky,,,,,,INTERACTION_V1_NEGATIVE,m,0.06735704234485676
,,,direct_proximal_orientation_error_rad,9,pinky,,,,,,INTERACTION_V1_NEGATIVE,rad,0.40689848481311824
,,,direct_distal_orientation_error_rad,9,pinky,,,,,,INTERACTION_V1_NEGATIVE,rad,0.48255063712823537
,,,thumb_to_tip_vector_error_m,9,pinky,,,,,,INTERACTION_V1_NEGATIVE,m,0.04355889121164509
,,,global_E_bone_diagnostic,9,pinky,,,,,,INTERACTION_V1_NEGATIVE,squared_direction,0.2764325244007281
,,,global_E_bone_diagnostic,9,ALL,,,,,,INTERACTION_V1_NEGATIVE,squared_direction,1.5264479457327411
,,,global_E_IM_diagnostic,9,ALL,,,,,,INTERACTION_V1_NEGATIVE,m_squared,9.556358872381803e-05
,,,wrist_orientation_error_rad,10,ALL,,,,,,INTERACTION_V1_NEGATIVE,rad,0.0903534473792042
,,,wrist_tray_position_error_m,10,ALL,,,,,,INTERACTION_V1_NEGATIVE,m,0.04423673967078647
,,,fingertip_position_error_m,10,thumb,,,,,,INTERACTION_V1_NEGATIVE,m,0.03417030338995486
,,,fingertip_orientation_error_rad,10,thumb,,,,,,INTERACTION_V1_NEGATIVE,rad,0.1352973695117104
,,,wrist_to_tip_vector_error_m,10,thumb,,,,,,INTERACTION_V1_NEGATIVE,m,0.025084586629409718
,,,direct_proximal_orientation_error_rad,10,thumb,,,,,,INTERACTION_V1_NEGATIVE,rad,0.9109002178927451
,,,direct_distal_orientation_error_rad,10,thumb,,,,,,INTERACTION_V1_NEGATIVE,rad,0.2061169864867465
,,,thumb_to_tip_vector_error_m,10,thumb,,,,,,INTERACTION_V1_NEGATIVE,m,0.0
,,,global_E_bone_diagnostic,10,thumb,,,,,,INTERACTION_V1_NEGATIVE,squared_direction,0.7654677247384359
,,,fingertip_position_error_m,10,index,,,,,,INTERACTION_V1_NEGATIVE,m,0.023556397372524306
,,,fingertip_orientation_error_rad,10,index,,,,,,INTERACTION_V1_NEGATIVE,rad,0.7456643792279255
,,,wrist_to_tip_vector_error_m,10,index,,,,,,INTERACTION_V1_NEGATIVE,m,0.06374677447124842
,,,direct_proximal_orientation_error_rad,10,index,,,,,,INTERACTION_V1_NEGATIVE,rad,0.7365846303256727
,,,direct_distal_orientation_error_rad,10,index,,,,,,INTERACTION_V1_NEGATIVE,rad,0.9200215806082574
,,,thumb_to_tip_vector_error_m,10,index,,,,,,INTERACTION_V1_NEGATIVE,m,0.040783080543730456
,,,global_E_bone_diagnostic,10,index,,,,,,INTERACTION_V1_NEGATIVE,squared_direction,0.23782025935009146
,,,fingertip_position_error_m,10,middle,,,,,,INTERACTION_V1_NEGATIVE,m,0.02266335356498501
,,,fingertip_orientation_error_rad,10,middle,,,,,,INTERACTION_V1_NEGATIVE,rad,0.7556748960293692
,,,wrist_to_tip_vector_error_m,10,middle,,,,,,INTERACTION_V1_NEGATIVE,m,0.06765792934224915
,,,direct_proximal_orientation_error_rad,10,middle,,,,,,INTERACTION_V1_NEGATIVE,rad,0.587353196853857
,,,direct_distal_orientation_error_rad,10,middle,,,,,,INTERACTION_V1_NEGATIVE,rad,0.7835811184550384
,,,thumb_to_tip_vector_error_m,10,middle,,,,,,INTERACTION_V1_NEGATIVE,m,0.0455891805465387
,,,global_E_bone_diagnostic,10,middle,,,,,,INTERACTION_V1_NEGATIVE,squared_direction,0.19552313440039845
,,,fingertip_position_error_m,10,ring,,,,,,INTERACTION_V1_NEGATIVE,m,0.024703873027510533
,,,fingertip_orientation_error_rad,10,ring,,,,,,INTERACTION_V1_NEGATIVE,rad,1.0117497139970197
,,,wrist_to_tip_vector_error_m,10,ring,,,,,,INTERACTION_V1_NEGATIVE,m,0.0737382201698225
,,,direct_proximal_orientation_error_rad,10,ring,,,,,,INTERACTION_V1_NEGATIVE,rad,0.5181958696824238
,,,direct_distal_orientation_error_rad,10,ring,,,,,,INTERACTION_V1_NEGATIVE,rad,0.9283222640631811
,,,thumb_to_tip_vector_error_m,10,ring,,,,,,INTERACTION_V1_NEGATIVE,m,0.0523386553759473
,,,global_E_bone_diagnostic,10,ring,,,,,,INTERACTION_V1_NEGATIVE,squared_direction,0.42787600988910507
,,,fingertip_position_error_m,10,pinky,,,,,,INTERACTION_V1_NEGATIVE,m,0.028469652967469714
,,,fingertip_orientation_error_rad,10,pinky,,,,,,INTERACTION_V1_NEGATIVE,rad,0.7750727487194446
,,,wrist_to_tip_vector_error_m,10,pinky,,,,,,INTERACTION_V1_NEGATIVE,m,0.07327810634370831
,,,direct_proximal_orientation_error_rad,10,pinky,,,,,,INTERACTION_V1_NEGATIVE,rad,0.4886544375989066
,,,direct_distal_orientation_error_rad,10,pinky,,,,,,INTERACTION_V1_NEGATIVE,rad,0.6325323634850665
,,,thumb_to_tip_vector_error_m,10,pinky,,,,,,INTERACTION_V1_NEGATIVE,m,0.05079841216277928
,,,global_E_bone_diagnostic,10,pinky,,,,,,INTERACTION_V1_NEGATIVE,squared_direction,0.36430730327875926
,,,global_E_bone_diagnostic,10,ALL,,,,,,INTERACTION_V1_NEGATIVE,squared_direction,1.99099443165679
,,,global_E_IM_diagnostic,10,ALL,,,,,,INTERACTION_V1_NEGATIVE,m_squared,0.00012449296353671176
,,,wrist_orientation_error_rad,11,ALL,,,,,,INTERACTION_V1_NEGATIVE,rad,0.13189519835681363
,,,wrist_tray_position_error_m,11,ALL,,,,,,INTERACTION_V1_NEGATIVE,m,0.04625029428139722
,,,fingertip_position_error_m,11,thumb,,,,,,INTERACTION_V1_NEGATIVE,m,0.041308056889531646
,,,fingertip_orientation_error_rad,11,thumb,,,,,,INTERACTION_V1_NEGATIVE,rad,0.17261810726385393
,,,wrist_to_tip_vector_error_m,11,thumb,,,,,,INTERACTION_V1_NEGATIVE,m,0.025750780796600318
,,,direct_proximal_orientation_error_rad,11,thumb,,,,,,INTERACTION_V1_NEGATIVE,rad,0.9324604164468141
,,,direct_distal_orientation_error_rad,11,thumb,,,,,,INTERACTION_V1_NEGATIVE,rad,0.22599275548056755
,,,thumb_to_tip_vector_error_m,11,thumb,,,,,,INTERACTION_V1_NEGATIVE,m,0.0
,,,global_E_bone_diagnostic,11,thumb,,,,,,INTERACTION_V1_NEGATIVE,squared_direction,0.788802764227905
,,,fingertip_position_error_m,11,index,,,,,,INTERACTION_V1_NEGATIVE,m,0.02473198683486319
,,,fingertip_orientation_error_rad,11,index,,,,,,INTERACTION_V1_NEGATIVE,rad,0.849695299569216
,,,wrist_to_tip_vector_error_m,11,index,,,,,,INTERACTION_V1_NEGATIVE,m,0.06757858053039827
,,,direct_proximal_orientation_error_rad,11,index,,,,,,INTERACTION_V1_NEGATIVE,rad,0.7511055127606328
,,,direct_distal_orientation_error_rad,11,index,,,,,,INTERACTION_V1_NEGATIVE,rad,1.048884186821188
,,,thumb_to_tip_vector_error_m,11,index,,,,,,INTERACTION_V1_NEGATIVE,m,0.044342834960652576
,,,global_E_bone_diagnostic,11,index,,,,,,INTERACTION_V1_NEGATIVE,squared_direction,0.3652132920227496
,,,fingertip_position_error_m,11,middle,,,,,,INTERACTION_V1_NEGATIVE,m,0.025576046947529095
,,,fingertip_orientation_error_rad,11,middle,,,,,,INTERACTION_V1_NEGATIVE,rad,0.8956356704959797
,,,wrist_to_tip_vector_error_m,11,middle,,,,,,INTERACTION_V1_NEGATIVE,m,0.0760397013227341
,,,direct_proximal_orientation_error_rad,11,middle,,,,,,INTERACTION_V1_NEGATIVE,rad,0.6498110660980652
,,,direct_distal_orientation_error_rad,11,middle,,,,,,INTERACTION_V1_NEGATIVE,rad,0.9681913378183327
,,,thumb_to_tip_vector_error_m,11,middle,,,,,,INTERACTION_V1_NEGATIVE,m,0.05357559465490491
,,,global_E_bone_diagnostic,11,middle,,,,,,INTERACTION_V1_NEGATIVE,squared_direction,0.3424288203252377
,,,fingertip_position_error_m,11,ring,,,,,,INTERACTION_V1_NEGATIVE,m,0.029529509202334422
,,,fingertip_orientation_error_rad,11,ring,,,,,,INTERACTION_V1_NEGATIVE,rad,1.1599645349125176
,,,wrist_to_tip_vector_error_m,11,ring,,,,,,INTERACTION_V1_NEGATIVE,m,0.08394973397532901
,,,direct_proximal_orientation_error_rad,11,ring,,,,,,INTERACTION_V1_NEGATIVE,rad,0.6042506201065516
,,,direct_distal_orientation_error_rad,11,ring,,,,,,INTERACTION_V1_NEGATIVE,rad,1.1388017950489062
,,,thumb_to_tip_vector_error_m,11,ring,,,,,,INTERACTION_V1_NEGATIVE,m,0.06256929481220787
,,,global_E_bone_diagnostic,11,ring,,,,,,INTERACTION_V1_NEGATIVE,squared_direction,0.6687410031696572
,,,fingertip_position_error_m,11,pinky,,,,,,INTERACTION_V1_NEGATIVE,m,0.03103492662715068
,,,fingertip_orientation_error_rad,11,pinky,,,,,,INTERACTION_V1_NEGATIVE,rad,0.8806524977125632
,,,wrist_to_tip_vector_error_m,11,pinky,,,,,,INTERACTION_V1_NEGATIVE,m,0.07912054107497221
,,,direct_proximal_orientation_error_rad,11,pinky,,,,,,INTERACTION_V1_NEGATIVE,rad,0.5624485407340767
,,,direct_distal_orientation_error_rad,11,pinky,,,,,,INTERACTION_V1_NEGATIVE,rad,0.7832594005752046
,,,thumb_to_tip_vector_error_m,11,pinky,,,,,,INTERACTION_V1_NEGATIVE,m,0.057749063551874966
,,,global_E_bone_diagnostic,11,pinky,,,,,,INTERACTION_V1_NEGATIVE,squared_direction,0.48351417338020614
,,,global_E_bone_diagnostic,11,ALL,,,,,,INTERACTION_V1_NEGATIVE,squared_direction,2.6487000531257556
,,,global_E_IM_diagnostic,11,ALL,,,,,,INTERACTION_V1_NEGATIVE,m_squared,0.00014513137821573358
,,,wrist_orientation_error_rad,12,ALL,,,,,,INTERACTION_V1_NEGATIVE,rad,0.18497201852926887
,,,wrist_tray_position_error_m,12,ALL,,,,,,INTERACTION_V1_NEGATIVE,m,0.04812729635229757
,,,fingertip_position_error_m,12,thumb,,,,,,INTERACTION_V1_NEGATIVE,m,0.050071473183937114
,,,fingertip_orientation_error_rad,12,thumb,,,,,,INTERACTION_V1_NEGATIVE,rad,0.21853454617199997
,,,wrist_to_tip_vector_error_m,12,thumb,,,,,,INTERACTION_V1_NEGATIVE,m,0.026562032818417736
,,,direct_proximal_orientation_error_rad,12,thumb,,,,,,INTERACTION_V1_NEGATIVE,rad,0.946668717359083
,,,direct_distal_orientation_error_rad,12,thumb,,,,,,INTERACTION_V1_NEGATIVE,rad,0.2362006171405555
,,,thumb_to_tip_vector_error_m,12,thumb,,,,,,INTERACTION_V1_NEGATIVE,m,0.0
,,,global_E_bone_diagnostic,12,thumb,,,,,,INTERACTION_V1_NEGATIVE,squared_direction,0.8038006780050465
,,,fingertip_position_error_m,12,index,,,,,,INTERACTION_V1_NEGATIVE,m,0.02982604927695261
,,,fingertip_orientation_error_rad,12,index,,,,,,INTERACTION_V1_NEGATIVE,rad,0.9528059097555195
,,,wrist_to_tip_vector_error_m,12,index,,,,,,INTERACTION_V1_NEGATIVE,m,0.07134684750131931
,,,direct_proximal_orientation_error_rad,12,index,,,,,,INTERACTION_V1_NEGATIVE,rad,0.7684589743008801
,,,direct_distal_orientation_error_rad,12,index,,,,,,INTERACTION_V1_NEGATIVE,rad,1.1819573969235235
,,,thumb_to_tip_vector_error_m,12,index,,,,,,INTERACTION_V1_NEGATIVE,m,0.047691439549627124
,,,global_E_bone_diagnostic,12,index,,,,,,INTERACTION_V1_NEGATIVE,squared_direction,0.5363180210762202
,,,fingertip_position_error_m,12,middle,,,,,,INTERACTION_V1_NEGATIVE,m,0.031295280457487445
,,,fingertip_orientation_error_rad,12,middle,,,,,,INTERACTION_V1_NEGATIVE,rad,1.0294552179244916
,,,wrist_to_tip_vector_error_m,12,middle,,,,,,INTERACTION_V1_NEGATIVE,m,0.08324350932271697
,,,direct_proximal_orientation_error_rad,12,middle,,,,,,INTERACTION_V1_NEGATIVE,rad,0.6966467187389823
,,,direct_distal_orientation_error_rad,12,middle,,,,,,INTERACTION_V1_NEGATIVE,rad,1.1505971998987632
,,,thumb_to_tip_vector_error_m,12,middle,,,,,,INTERACTION_V1_NEGATIVE,m,0.060139110888306924
,,,global_E_bone_diagnostic,12,middle,,,,,,INTERACTION_V1_NEGATIVE,squared_direction,0.5528711068120294
,,,fingertip_position_error_m,12,ring,,,,,,INTERACTION_V1_NEGATIVE,m,0.03483563460467497
,,,fingertip_orientation_error_rad,12,ring,,,,,,INTERACTION_V1_NEGATIVE,rad,1.2890972168571084
,,,wrist_to_tip_vector_error_m,12,ring,,,,,,INTERACTION_V1_NEGATIVE,m,0.09236501288590093
,,,direct_proximal_orientation_error_rad,12,ring,,,,,,INTERACTION_V1_NEGATIVE,rad,0.6725446050731247
,,,direct_distal_orientation_error_rad,12,ring,,,,,,INTERACTION_V1_NEGATIVE,rad,1.335477528983644
,,,thumb_to_tip_vector_error_m,12,ring,,,,,,INTERACTION_V1_NEGATIVE,m,0.07062999726251319
,,,global_E_bone_diagnostic,12,ring,,,,,,INTERACTION_V1_NEGATIVE,squared_direction,0.9634855559576623
,,,fingertip_position_error_m,12,pinky,,,,,,INTERACTION_V1_NEGATIVE,m,0.03428599428827896
,,,fingertip_orientation_error_rad,12,pinky,,,,,,INTERACTION_V1_NEGATIVE,rad,0.9488523777907183
,,,wrist_to_tip_vector_error_m,12,pinky,,,,,,INTERACTION_V1_NEGATIVE,m,0.08358183262648161
,,,direct_proximal_orientation_error_rad,12,pinky,,,,,,INTERACTION_V1_NEGATIVE,rad,0.6132418995705997
,,,direct_distal_orientation_error_rad,12,pinky,,,,,,INTERACTION_V1_NEGATIVE,rad,0.9070241945425669
,,,thumb_to_tip_vector_error_m,12,pinky,,,,,,INTERACTION_V1_NEGATIVE,m,0.06294720144670474
,,,global_E_bone_diagnostic,12,pinky,,,,,,INTERACTION_V1_NEGATIVE,squared_direction,0.6129875670894964
,,,global_E_bone_diagnostic,12,ALL,,,,,,INTERACTION_V1_NEGATIVE,squared_direction,3.4694629289404553
,,,global_E_IM_diagnostic,12,ALL,,,,,,INTERACTION_V1_NEGATIVE,m_squared,0.00016159689474658164
,,,wrist_orientation_error_rad,13,ALL,,,,,,INTERACTION_V1_NEGATIVE,rad,0.19386978698184218
,,,wrist_tray_position_error_m,13,ALL,,,,,,INTERACTION_V1_NEGATIVE,m,0.03525567177122393
,,,fingertip_position_error_m,13,thumb,,,,,,INTERACTION_V1_NEGATIVE,m,0.038864575163282095
,,,fingertip_orientation_error_rad,13,thumb,,,,,,INTERACTION_V1_NEGATIVE,rad,0.20537917097265007
,,,wrist_to_tip_vector_error_m,13,thumb,,,,,,INTERACTION_V1_NEGATIVE,m,0.027354724828809882
,,,direct_proximal_orientation_error_rad,13,thumb,,,,,,INTERACTION_V1_NEGATIVE,rad,0.9466123815642153
,,,direct_distal_orientation_error_rad,13,thumb,,,,,,INTERACTION_V1_NEGATIVE,rad,0.22977917345126683
,,,thumb_to_tip_vector_error_m,13,thumb,,,,,,INTERACTION_V1_NEGATIVE,m,0.0
,,,global_E_bone_diagnostic,13,thumb,,,,,,INTERACTION_V1_NEGATIVE,squared_direction,0.8037377309442623
,,,fingertip_position_error_m,13,index,,,,,,INTERACTION_V1_NEGATIVE,m,0.03624458349533533
,,,fingertip_orientation_error_rad,13,index,,,,,,INTERACTION_V1_NEGATIVE,rad,1.070299572205391
,,,wrist_to_tip_vector_error_m,13,index,,,,,,INTERACTION_V1_NEGATIVE,m,0.07452181136653072
,,,direct_proximal_orientation_error_rad,13,index,,,,,,INTERACTION_V1_NEGATIVE,rad,0.7864930066140041
,,,direct_distal_orientation_error_rad,13,index,,,,,,INTERACTION_V1_NEGATIVE,rad,1.3062678496701547
,,,thumb_to_tip_vector_error_m,13,index,,,,,,INTERACTION_V1_NEGATIVE,m,0.04996888879650212
,,,global_E_bone_diagnostic,13,index,,,,,,INTERACTION_V1_NEGATIVE,squared_direction,0.7357717454974846
,,,fingertip_position_error_m,13,middle,,,,,,INTERACTION_V1_NEGATIVE,m,0.046359370497262194
,,,fingertip_orientation_error_rad,13,middle,,,,,,INTERACTION_V1_NEGATIVE,rad,1.1700697738105554
,,,wrist_to_tip_vector_error_m,13,middle,,,,,,INTERACTION_V1_NEGATIVE,m,0.08854953552471463
,,,direct_proximal_orientation_error_rad,13,middle,,,,,,INTERACTION_V1_NEGATIVE,rad,0.7218470374364082
,,,direct_distal_orientation_error_rad,13,middle,,,,,,INTERACTION_V1_NEGATIVE,rad,1.3144527427082455
,,,thumb_to_tip_vector_error_m,13,middle,,,,,,INTERACTION_V1_NEGATIVE,m,0.06434784685360155
,,,global_E_bone_diagnostic,13,middle,,,,,,INTERACTION_V1_NEGATIVE,squared_direction,0.8077407952828481
,,,fingertip_position_error_m,13,ring,,,,,,INTERACTION_V1_NEGATIVE,m,0.05366825536373984
,,,fingertip_orientation_error_rad,13,ring,,,,,,INTERACTION_V1_NEGATIVE,rad,1.4173820104831394
,,,wrist_to_tip_vector_error_m,13,ring,,,,,,INTERACTION_V1_NEGATIVE,m,0.09807716639401672
,,,direct_proximal_orientation_error_rad,13,ring,,,,,,INTERACTION_V1_NEGATIVE,rad,0.7121605773734201
,,,direct_distal_orientation_error_rad,13,ring,,,,,,INTERACTION_V1_NEGATIVE,rad,1.5002550828650696
,,,thumb_to_tip_vector_error_m,13,ring,,,,,,INTERACTION_V1_NEGATIVE,m,0.07531946795370123
,,,global_E_bone_diagnostic,13,ring,,,,,,INTERACTION_V1_NEGATIVE,squared_direction,1.2781702070259962
,,,fingertip_position_error_m,13,pinky,,,,,,INTERACTION_V1_NEGATIVE,m,0.04755138394976262
,,,fingertip_orientation_error_rad,13,pinky,,,,,,INTERACTION_V1_NEGATIVE,rad,1.0357076506010188
,,,wrist_to_tip_vector_error_m,13,pinky,,,,,,INTERACTION_V1_NEGATIVE,m,0.08837294150344786
,,,direct_proximal_orientation_error_rad,13,pinky,,,,,,INTERACTION_V1_NEGATIVE,rad,0.6799647917612772
,,,direct_distal_orientation_error_rad,13,pinky,,,,,,INTERACTION_V1_NEGATIVE,rad,1.032466486737474
,,,thumb_to_tip_vector_error_m,13,pinky,,,,,,INTERACTION_V1_NEGATIVE,m,0.06737074279714453
,,,global_E_bone_diagnostic,13,pinky,,,,,,INTERACTION_V1_NEGATIVE,squared_direction,0.7552845089112137
,,,global_E_bone_diagnostic,13,ALL,,,,,,INTERACTION_V1_NEGATIVE,squared_direction,4.3807049876618045
,,,global_E_IM_diagnostic,13,ALL,,,,,,INTERACTION_V1_NEGATIVE,m_squared,0.00018795791336749355
,,,wrist_orientation_error_rad,14,ALL,,,,,,INTERACTION_V1_NEGATIVE,rad,0.19450455612046857
,,,wrist_tray_position_error_m,14,ALL,,,,,,INTERACTION_V1_NEGATIVE,m,0.03950101433594233
,,,fingertip_position_error_m,14,thumb,,,,,,INTERACTION_V1_NEGATIVE,m,0.04269579569837649
,,,fingertip_orientation_error_rad,14,thumb,,,,,,INTERACTION_V1_NEGATIVE,rad,0.17565536713266242
,,,wrist_to_tip_vector_error_m,14,thumb,,,,,,INTERACTION_V1_NEGATIVE,m,0.02825209444200843
,,,direct_proximal_orientation_error_rad,14,thumb,,,,,,INTERACTION_V1_NEGATIVE,rad,0.9308501186767939
,,,direct_distal_orientation_error_rad,14,thumb,,,,,,INTERACTION_V1_NEGATIVE,rad,0.20924686075463392
,,,thumb_to_tip_vector_error_m,14,thumb,,,,,,INTERACTION_V1_NEGATIVE,m,0.0
,,,global_E_bone_diagnostic,14,thumb,,,,,,INTERACTION_V1_NEGATIVE,squared_direction,0.7917246211300286
,,,fingertip_position_error_m,14,index,,,,,,INTERACTION_V1_NEGATIVE,m,0.0343675805577045
,,,fingertip_orientation_error_rad,14,index,,,,,,INTERACTION_V1_NEGATIVE,rad,1.173483788043104
,,,wrist_to_tip_vector_error_m,14,index,,,,,,INTERACTION_V1_NEGATIVE,m,0.07662095695966943
,,,direct_proximal_orientation_error_rad,14,index,,,,,,INTERACTION_V1_NEGATIVE,rad,0.7998313860121259
,,,direct_distal_orientation_error_rad,14,index,,,,,,INTERACTION_V1_NEGATIVE,rad,1.4094020727879455
,,,thumb_to_tip_vector_error_m,14,index,,,,,,INTERACTION_V1_NEGATIVE,m,0.05054309401057376
,,,global_E_bone_diagnostic,14,index,,,,,,INTERACTION_V1_NEGATIVE,squared_direction,0.9357438999185879
,,,fingertip_position_error_m,14,middle,,,,,,INTERACTION_V1_NEGATIVE,m,0.045361270876181733
,,,fingertip_orientation_error_rad,14,middle,,,,,,INTERACTION_V1_NEGATIVE,rad,1.281367834867443
,,,wrist_to_tip_vector_error_m,14,middle,,,,,,INTERACTION_V1_NEGATIVE,m,0.09139730977242287
,,,direct_proximal_orientation_error_rad,14,middle,,,,,,INTERACTION_V1_NEGATIVE,rad,0.7212647914305413
,,,direct_distal_orientation_error_rad,14,middle,,,,,,INTERACTION_V1_NEGATIVE,rad,1.437926595838379
,,,thumb_to_tip_vector_error_m,14,middle,,,,,,INTERACTION_V1_NEGATIVE,m,0.06562784384140342
,,,global_E_bone_diagnostic,14,middle,,,,,,INTERACTION_V1_NEGATIVE,squared_direction,1.0567902828039686
,,,fingertip_position_error_m,14,ring,,,,,,INTERACTION_V1_NEGATIVE,m,0.051661575493734915
,,,fingertip_orientation_error_rad,14,ring,,,,,,INTERACTION_V1_NEGATIVE,rad,1.5089690429970506
,,,wrist_to_tip_vector_error_m,14,ring,,,,,,INTERACTION_V1_NEGATIVE,m,0.10072755673057666
,,,direct_proximal_orientation_error_rad,14,ring,,,,,,INTERACTION_V1_NEGATIVE,rad,0.7180455613426335
,,,direct_distal_orientation_error_rad,14,ring,,,,,,INTERACTION_V1_NEGATIVE,rad,1.617291183650472
,,,thumb_to_tip_vector_error_m,14,ring,,,,,,INTERACTION_V1_NEGATIVE,m,0.07629905439682998
,,,global_E_bone_diagnostic,14,ring,,,,,,INTERACTION_V1_NEGATIVE,squared_direction,1.5616417158060405
,,,near_interaction_position_error_m,14,ring,proximal,,,,,INTERACTION_V1_NEGATIVE,m,0.032973375434334457
,,,near_interaction_orientation_error_rad,14,ring,proximal,,,,,INTERACTION_V1_NEGATIVE,rad,0.5451653046648145
,,,native_surface_unsigned_distance_m,14,ring,proximal,,,,,INTERACTION_V1_NEGATIVE,m,0.04017265642841752
-0.13997711000000002,-0.09054962,0.01632617,native_surface_signed_distance_m,14,ring,proximal,-0.14765940486234042,-0.11528104899381537,0.04703742347633342,True,INTERACTION_V1_NEGATIVE,m,-0.04017265513539314
,,,near_interaction_position_error_m,14,ring,distal,,,,,INTERACTION_V1_NEGATIVE,m,0.03904149809570252
,,,near_interaction_orientation_error_rad,14,ring,distal,,,,,INTERACTION_V1_NEGATIVE,rad,1.4352919493849914
,,,native_surface_unsigned_distance_m,14,ring,distal,,,,,INTERACTION_V1_NEGATIVE,m,0.024948359464507845
-0.12250561629129894,-0.08864721803316289,0.017026463143026895,native_surface_signed_distance_m,14,ring,distal,-0.12277532195993521,-0.08399640492685878,0.04153600896241803,True,INTERACTION_V1_NEGATIVE,m,-0.02494836039841175
,,,fingertip_position_error_m,14,pinky,,,,,,INTERACTION_V1_NEGATIVE,m,0.045815766258273875
,,,fingertip_orientation_error_rad,14,pinky,,,,,,INTERACTION_V1_NEGATIVE,rad,1.0643538413271192
,,,wrist_to_tip_vector_error_m,14,pinky,,,,,,INTERACTION_V1_NEGATIVE,m,0.08999974438168144
,,,direct_proximal_orientation_error_rad,14,pinky,,,,,,INTERACTION_V1_NEGATIVE,rad,0.6976106707549435
,,,direct_distal_orientation_error_rad,14,pinky,,,,,,INTERACTION_V1_NEGATIVE,rad,1.093040201920577
,,,thumb_to_tip_vector_error_m,14,pinky,,,,,,INTERACTION_V1_NEGATIVE,m,0.06771929650614388
,,,global_E_bone_diagnostic,14,pinky,,,,,,INTERACTION_V1_NEGATIVE,squared_direction,0.8483502500419849
,,,near_interaction_position_error_m,14,pinky,proximal,,,,,INTERACTION_V1_NEGATIVE,m,0.032347035266306924
,,,near_interaction_orientation_error_rad,14,pinky,proximal,,,,,INTERACTION_V1_NEGATIVE,rad,0.5199141144020207
,,,native_surface_unsigned_distance_m,14,pinky,proximal,,,,,INTERACTION_V1_NEGATIVE,m,0.0317155733513702
-0.14642669595984087,-0.08802407621689202,0.01600496395201126,native_surface_signed_distance_m,14,pinky,proximal,-0.1610627955290907,-0.11075512040189076,0.03258693647233538,True,INTERACTION_V1_NEGATIVE,m,-0.03171556815505028
,,,near_interaction_position_error_m,14,pinky,distal,,,,,INTERACTION_V1_NEGATIVE,m,0.037633684405639224
,,,near_interaction_orientation_error_rad,14,pinky,distal,,,,,INTERACTION_V1_NEGATIVE,rad,0.9385191302508095
,,,native_surface_unsigned_distance_m,14,pinky,distal,,,,,INTERACTION_V1_NEGATIVE,m,0.012429877395808135
-0.13589948536718918,-0.08790671505706628,0.01663896530593558,native_surface_signed_distance_m,14,pinky,distal,-0.13595408067718073,-0.08029502308719437,0.026465511839827153,True,INTERACTION_V1_NEGATIVE,m,-0.012429876253008842
,,,global_E_bone_diagnostic,14,ALL,,,,,,INTERACTION_V1_NEGATIVE,squared_direction,5.194250769700611
,,,global_E_IM_diagnostic,14,ALL,,,,,,INTERACTION_V1_NEGATIVE,m_squared,0.00020442112798553093
,,,wrist_orientation_error_rad,15,ALL,,,,,,INTERACTION_V1_NEGATIVE,rad,0.18315238303513381
,,,wrist_tray_position_error_m,15,ALL,,,,,,INTERACTION_V1_NEGATIVE,m,0.04036111817168839
,,,fingertip_position_error_m,15,thumb,,,,,,INTERACTION_V1_NEGATIVE,m,0.04155702656836799
,,,fingertip_orientation_error_rad,15,thumb,,,,,,INTERACTION_V1_NEGATIVE,rad,0.1454966189333956
,,,wrist_to_tip_vector_error_m,15,thumb,,,,,,INTERACTION_V1_NEGATIVE,m,0.029181539681109536
,,,direct_proximal_orientation_error_rad,15,thumb,,,,,,INTERACTION_V1_NEGATIVE,rad,0.9054270591677253
,,,direct_distal_orientation_error_rad,15,thumb,,,,,,INTERACTION_V1_NEGATIVE,rad,0.18299583592997434
,,,thumb_to_tip_vector_error_m,15,thumb,,,,,,INTERACTION_V1_NEGATIVE,m,0.0
,,,global_E_bone_diagnostic,15,thumb,,,,,,INTERACTION_V1_NEGATIVE,squared_direction,0.7799317630724387
,,,fingertip_position_error_m,15,index,,,,,,INTERACTION_V1_NEGATIVE,m,0.03677572072798471
,,,fingertip_orientation_error_rad,15,index,,,,,,INTERACTION_V1_NEGATIVE,rad,1.255253637292182
,,,wrist_to_tip_vector_error_m,15,index,,,,,,INTERACTION_V1_NEGATIVE,m,0.07706688086943851
,,,direct_proximal_orientation_error_rad,15,index,,,,,,INTERACTION_V1_NEGATIVE,rad,0.8002095223997941
,,,direct_distal_orientation_error_rad,15,index,,,,,,INTERACTION_V1_NEGATIVE,rad,1.4774225504192031
,,,thumb_to_tip_vector_error_m,15,index,,,,,,INTERACTION_V1_NEGATIVE,m,0.049282528582781
,,,global_E_bone_diagnostic,15,index,,,,,,INTERACTION_V1_NEGATIVE,squared_direction,1.0997851688651477
,,,fingertip_position_error_m,15,middle,,,,,,INTERACTION_V1_NEGATIVE,m,0.04852070940311526
,,,fingertip_orientation_error_rad,15,middle,,,,,,INTERACTION_V1_NEGATIVE,rad,1.3569397203265066
,,,wrist_to_tip_vector_error_m,15,middle,,,,,,INTERACTION_V1_NEGATIVE,m,0.09152726792819209
,,,direct_proximal_orientation_error_rad,15,middle,,,,,,INTERACTION_V1_NEGATIVE,rad,0.6935041018304585
,,,direct_distal_orientation_error_rad,15,middle,,,,,,INTERACTION_V1_NEGATIVE,rad,1.5009451025473437
,,,thumb_to_tip_vector_error_m,15,middle,,,,,,INTERACTION_V1_NEGATIVE,m,0.0641584697136027
,,,global_E_bone_diagnostic,15,middle,,,,,,INTERACTION_V1_NEGATIVE,squared_direction,1.2394885983888138
,,,fingertip_position_error_m,15,ring,,,,,,INTERACTION_V1_NEGATIVE,m,0.05340781143845959
,,,fingertip_orientation_error_rad,15,ring,,,,,,INTERACTION_V1_NEGATIVE,rad,1.5560782539851368
,,,wrist_to_tip_vector_error_m,15,ring,,,,,,INTERACTION_V1_NEGATIVE,m,0.10013882367860087
,,,direct_proximal_orientation_error_rad,15,ring,,,,,,INTERACTION_V1_NEGATIVE,rad,0.6880375912846335
,,,direct_distal_orientation_error_rad,15,ring,,,,,,INTERACTION_V1_NEGATIVE,rad,1.6670520363739831
,,,thumb_to_tip_vector_error_m,15,ring,,,,,,INTERACTION_V1_NEGATIVE,m,0.07387352032302949
,,,global_E_bone_diagnostic,15,ring,,,,,,INTERACTION_V1_NEGATIVE,squared_direction,1.7461081343369598
,,,near_interaction_position_error_m,15,ring,proximal,,,,,INTERACTION_V1_NEGATIVE,m,0.034518303252995645
,,,near_interaction_orientation_error_rad,15,ring,proximal,,,,,INTERACTION_V1_NEGATIVE,rad,0.540979029520907
,,,native_surface_unsigned_distance_m,15,ring,proximal,,,,,INTERACTION_V1_NEGATIVE,m,0.04010209317877174
-0.14848433,-0.08586744,0.016687959999999998,native_surface_signed_distance_m,15,ring,proximal,-0.16233871504751227,-0.10232995573570235,0.050529051411565204,True,INTERACTION_V1_NEGATIVE,m,-0.04010209068655968
,,,near_interaction_position_error_m,15,ring,distal,,,,,INTERACTION_V1_NEGATIVE,m,0.04086976854695404
,,,near_interaction_orientation_error_rad,15,ring,distal,,,,,INTERACTION_V1_NEGATIVE,rad,1.4879696951579036
,,,native_surface_unsigned_distance_m,15,ring,distal,,,,,INTERACTION_V1_NEGATIVE,m,0.030236470314706037
-0.154801094019398,-0.07097638784381109,0.016762365097875653,native_surface_signed_distance_m,15,ring,distal,-0.14053389971705593,-0.0692155391776735,0.04336294245638948,True,INTERACTION_V1_NEGATIVE,m,-0.03023647703230381
,,,fingertip_position_error_m,15,pinky,,,,,,INTERACTION_V1_NEGATIVE,m,0.04706055645960379
,,,fingertip_orientation_error_rad,15,pinky,,,,,,INTERACTION_V1_NEGATIVE,rad,1.0716381355778557
,,,wrist_to_tip_vector_error_m,15,pinky,,,,,,INTERACTION_V1_NEGATIVE,m,0.09001824248451426
,,,direct_proximal_orientation_error_rad,15,pinky,,,,,,INTERACTION_V1_NEGATIVE,rad,0.6892990252062218
,,,direct_distal_orientation_error_rad,15,pinky,,,,,,INTERACTION_V1_NEGATIVE,rad,1.1211754015014734
,,,thumb_to_tip_vector_error_m,15,pinky,,,,,,INTERACTION_V1_NEGATIVE,m,0.06598888188149618
,,,global_E_bone_diagnostic,15,pinky,,,,,,INTERACTION_V1_NEGATIVE,squared_direction,0.9093776440806159
,,,near_interaction_position_error_m,15,pinky,proximal,,,,,INTERACTION_V1_NEGATIVE,m,0.03376127596207019
,,,near_interaction_orientation_error_rad,15,pinky,proximal,,,,,INTERACTION_V1_NEGATIVE,rad,0.5345417222284252
,,,native_surface_unsigned_distance_m,15,pinky,proximal,,,,,INTERACTION_V1_NEGATIVE,m,0.03530535167532591
-0.1534878498647349,-0.08144345704959341,0.01613750969197622,native_surface_signed_distance_m,15,pinky,proximal,-0.1761827027112095,-0.09977312816333216,0.03602304886136948,True,INTERACTION_V1_NEGATIVE,m,-0.03530535101890564
,,,near_interaction_position_error_m,15,pinky,distal,,,,,INTERACTION_V1_NEGATIVE,m,0.038962333146929366
,,,near_interaction_orientation_error_rad,15,pinky,distal,,,,,INTERACTION_V1_NEGATIVE,rad,0.9535746455125453
,,,native_surface_unsigned_distance_m,15,pinky,distal,,,,,INTERACTION_V1_NEGATIVE,m,0.011880042908590646
-0.15587225290991047,-0.06705470155886796,0.016935509219516278,native_surface_signed_distance_m,15,pinky,distal,-0.15439691797307228,-0.06706840436426112,0.028723580247772933,True,INTERACTION_V1_NEGATIVE,m,-0.011880042962729931
,,,global_E_bone_diagnostic,15,ALL,,,,,,INTERACTION_V1_NEGATIVE,squared_direction,5.774691308743975
,,,global_E_IM_diagnostic,15,ALL,,,,,,INTERACTION_V1_NEGATIVE,m_squared,0.0002184529786011897
,,,wrist_orientation_error_rad,16,ALL,,,,,,INTERACTION_V1_NEGATIVE,rad,0.16078008195831558
,,,wrist_tray_position_error_m,16,ALL,,,,,,INTERACTION_V1_NEGATIVE,m,0.04046016457834941
,,,fingertip_position_error_m,16,thumb,,,,,,INTERACTION_V1_NEGATIVE,m,0.0374553790781296
,,,fingertip_orientation_error_rad,16,thumb,,,,,,INTERACTION_V1_NEGATIVE,rad,0.14345272936919454
,,,wrist_to_tip_vector_error_m,16,thumb,,,,,,INTERACTION_V1_NEGATIVE,m,0.029559707014790226
,,,direct_proximal_orientation_error_rad,16,thumb,,,,,,INTERACTION_V1_NEGATIVE,rad,0.8797947851465359
,,,direct_distal_orientation_error_rad,16,thumb,,,,,,INTERACTION_V1_NEGATIVE,rad,0.1569094356117044
,,,thumb_to_tip_vector_error_m,16,thumb,,,,,,INTERACTION_V1_NEGATIVE,m,0.0
,,,global_E_bone_diagnostic,16,thumb,,,,,,INTERACTION_V1_NEGATIVE,squared_direction,0.779330685953262
,,,fingertip_position_error_m,16,index,,,,,,INTERACTION_V1_NEGATIVE,m,0.038272845959898334
,,,fingertip_orientation_error_rad,16,index,,,,,,INTERACTION_V1_NEGATIVE,rad,1.314057778527329
,,,wrist_to_tip_vector_error_m,16,index,,,,,,INTERACTION_V1_NEGATIVE,m,0.07591504114350432
,,,direct_proximal_orientation_error_rad,16,index,,,,,,INTERACTION_V1_NEGATIVE,rad,0.7828436726010023
,,,direct_distal_orientation_error_rad,16,index,,,,,,INTERACTION_V1_NEGATIVE,rad,1.5100021716192042
,,,thumb_to_tip_vector_error_m,16,index,,,,,,INTERACTION_V1_NEGATIVE,m,0.0471019783640964
,,,global_E_bone_diagnostic,16,index,,,,,,INTERACTION_V1_NEGATIVE,squared_direction,1.213673555827142
,,,fingertip_position_error_m,16,middle,,,,,,INTERACTION_V1_NEGATIVE,m,0.04986961909975701
,,,fingertip_orientation_error_rad,16,middle,,,,,,INTERACTION_V1_NEGATIVE,rad,1.3941751290338078
,,,wrist_to_tip_vector_error_m,16,middle,,,,,,INTERACTION_V1_NEGATIVE,m,0.08931529193205902
,,,direct_proximal_orientation_error_rad,16,middle,,,,,,INTERACTION_V1_NEGATIVE,rad,0.6426931357554517
,,,direct_distal_orientation_error_rad,16,middle,,,,,,INTERACTION_V1_NEGATIVE,rad,1.5028933035780943
,,,thumb_to_tip_vector_error_m,16,middle,,,,,,INTERACTION_V1_NEGATIVE,m,0.061072089706869274
,,,global_E_bone_diagnostic,16,middle,,,,,,INTERACTION_V1_NEGATIVE,squared_direction,1.3278114526008322
,,,fingertip_position_error_m,16,ring,,,,,,INTERACTION_V1_NEGATIVE,m,0.05390106122470381
,,,fingertip_orientation_error_rad,16,ring,,,,,,INTERACTION_V1_NEGATIVE,rad,1.5690180689339472
,,,wrist_to_tip_vector_error_m,16,ring,,,,,,INTERACTION_V1_NEGATIVE,m,0.09738599759416701
,,,direct_proximal_orientation_error_rad,16,ring,,,,,,INTERACTION_V1_NEGATIVE,rad,0.6352064813037849
,,,direct_distal_orientation_error_rad,16,ring,,,,,,INTERACTION_V1_NEGATIVE,rad,1.6607761627996662
,,,thumb_to_tip_vector_error_m,16,ring,,,,,,INTERACTION_V1_NEGATIVE,m,0.06985198057781225
,,,global_E_bone_diagnostic,16,ring,,,,,,INTERACTION_V1_NEGATIVE,squared_direction,1.8237517263574599
,,,near_interaction_position_error_m,16,ring,proximal,,,,,INTERACTION_V1_NEGATIVE,m,0.032853846773152125
,,,near_interaction_orientation_error_rad,16,ring,proximal,,,,,INTERACTION_V1_NEGATIVE,rad,0.5337692057775493
,,,native_surface_unsigned_distance_m,16,ring,proximal,,,,,INTERACTION_V1_NEGATIVE,m,0.043927278647029715
-0.15542681,-0.07762906,0.01653934,native_surface_signed_distance_m,16,ring,proximal,-0.17927326633157406,-0.08940968272375992,0.05149887743973961,True,INTERACTION_V1_NEGATIVE,m,-0.04392727464437485
,,,near_interaction_position_error_m,16,ring,distal,,,,,INTERACTION_V1_NEGATIVE,m,0.041776540448644074
,,,near_interaction_orientation_error_rad,16,ring,distal,,,,,INTERACTION_V1_NEGATIVE,rad,1.5053401459122453
,,,native_surface_unsigned_distance_m,16,ring,distal,,,,,INTERACTION_V1_NEGATIVE,m,0.025444460060513346
-0.15709940299824576,-0.05470089482331463,0.016918762096094192,native_surface_signed_distance_m,16,ring,distal,-0.1606044249741172,-0.05504260468138676,0.0421183375507048,True,INTERACTION_V1_NEGATIVE,m,-0.02544446289539337
,,,fingertip_position_error_m,16,pinky,,,,,,INTERACTION_V1_NEGATIVE,m,0.04738627525527826
,,,fingertip_orientation_error_rad,16,pinky,,,,,,INTERACTION_V1_NEGATIVE,rad,1.0802636393907208
,,,wrist_to_tip_vector_error_m,16,pinky,,,,,,INTERACTION_V1_NEGATIVE,m,0.08922189209575421
,,,direct_proximal_orientation_error_rad,16,pinky,,,,,,INTERACTION_V1_NEGATIVE,rad,0.6646328075914525
,,,direct_distal_orientation_error_rad,16,pinky,,,,,,INTERACTION_V1_NEGATIVE,rad,1.1354353273572038
,,,thumb_to_tip_vector_error_m,16,pinky,,,,,,INTERACTION_V1_NEGATIVE,m,0.06370106318685388
,,,global_E_bone_diagnostic,16,pinky,,,,,,INTERACTION_V1_NEGATIVE,squared_direction,0.952109114953819
,,,near_interaction_position_error_m,16,pinky,proximal,,,,,INTERACTION_V1_NEGATIVE,m,0.03225882692292638
,,,near_interaction_orientation_error_rad,16,pinky,proximal,,,,,INTERACTION_V1_NEGATIVE,rad,0.5512374617360407
,,,native_surface_unsigned_distance_m,16,pinky,proximal,,,,,INTERACTION_V1_NEGATIVE,m,0.04460656680630226
-0.15712130160149262,-0.07472950963033387,0.016012825570121632,native_surface_signed_distance_m,16,pinky,proximal,-0.19368539350843986,-0.08879220834239426,0.037344808370584355,True,INTERACTION_V1_NEGATIVE,m,-0.044606562703847885
,,,near_interaction_position_error_m,16,pinky,distal,,,,,INTERACTION_V1_NEGATIVE,m,0.0392490483558931
,,,near_interaction_orientation_error_rad,16,pinky,distal,,,,,INTERACTION_V1_NEGATIVE,rad,0.9760090252851046
,,,native_surface_unsigned_distance_m,16,pinky,distal,,,,,INTERACTION_V1_NEGATIVE,m,0.021133596937337032
-0.1582418354771529,-0.0542452393319006,0.016172008331052874,native_surface_signed_distance_m,16,pinky,distal,-0.175473045251228,-0.05432710527667794,0.028407515153360048,True,INTERACTION_V1_NEGATIVE,m,-0.021133609116077423
,,,global_E_bone_diagnostic,16,ALL,,,,,,INTERACTION_V1_NEGATIVE,squared_direction,6.096676535692516
,,,global_E_IM_diagnostic,16,ALL,,,,,,INTERACTION_V1_NEGATIVE,m_squared,0.00023051715131961468
,,,wrist_orientation_error_rad,17,ALL,,,,,,INTERACTION_V1_NEGATIVE,rad,0.13981076611387291
,,,wrist_tray_position_error_m,17,ALL,,,,,,INTERACTION_V1_NEGATIVE,m,0.03936815797938453
,,,fingertip_position_error_m,17,thumb,,,,,,INTERACTION_V1_NEGATIVE,m,0.032258582605840205
,,,fingertip_orientation_error_rad,17,thumb,,,,,,INTERACTION_V1_NEGATIVE,rad,0.17587348714872103
,,,wrist_to_tip_vector_error_m,17,thumb,,,,,,INTERACTION_V1_NEGATIVE,m,0.029274321509750154
,,,direct_proximal_orientation_error_rad,17,thumb,,,,,,INTERACTION_V1_NEGATIVE,rad,0.8603023539293015
,,,direct_distal_orientation_error_rad,17,thumb,,,,,,INTERACTION_V1_NEGATIVE,rad,0.14380368435876315
,,,thumb_to_tip_vector_error_m,17,thumb,,,,,,INTERACTION_V1_NEGATIVE,m,0.0
,,,global_E_bone_diagnostic,17,thumb,,,,,,INTERACTION_V1_NEGATIVE,squared_direction,0.7964277000143895
,,,fingertip_position_error_m,17,index,,,,,,INTERACTION_V1_NEGATIVE,m,0.03945169258607616
,,,fingertip_orientation_error_rad,17,index,,,,,,INTERACTION_V1_NEGATIVE,rad,1.343351381723904
,,,wrist_to_tip_vector_error_m,17,index,,,,,,INTERACTION_V1_NEGATIVE,m,0.07333904729420182
,,,direct_proximal_orientation_error_rad,17,index,,,,,,INTERACTION_V1_NEGATIVE,rad,0.7473485682048973
,,,direct_distal_orientation_error_rad,17,index,,,,,,INTERACTION_V1_NEGATIVE,rad,1.5090463810972226
,,,thumb_to_tip_vector_error_m,17,index,,,,,,INTERACTION_V1_NEGATIVE,m,0.044529035009275415
,,,global_E_bone_diagnostic,17,index,,,,,,INTERACTION_V1_NEGATIVE,squared_direction,1.2692939498490006
,,,fingertip_position_error_m,17,middle,,,,,,INTERACTION_V1_NEGATIVE,m,0.05070170453564372
,,,fingertip_orientation_error_rad,17,middle,,,,,,INTERACTION_V1_NEGATIVE,rad,1.3964627021975347
,,,wrist_to_tip_vector_error_m,17,middle,,,,,,INTERACTION_V1_NEGATIVE,m,0.08574341421375241
,,,direct_proximal_orientation_error_rad,17,middle,,,,,,INTERACTION_V1_NEGATIVE,rad,0.581507251904671
,,,direct_distal_orientation_error_rad,17,middle,,,,,,INTERACTION_V1_NEGATIVE,rad,1.4610860928439486
,,,thumb_to_tip_vector_error_m,17,middle,,,,,,INTERACTION_V1_NEGATIVE,m,0.05760951321834367
,,,global_E_bone_diagnostic,17,middle,,,,,,INTERACTION_V1_NEGATIVE,squared_direction,1.334189465594809
,,,fingertip_position_error_m,17,ring,,,,,,INTERACTION_V1_NEGATIVE,m,0.05447835138240668
,,,fingertip_orientation_error_rad,17,ring,,,,,,INTERACTION_V1_NEGATIVE,rad,1.5551171337048582
,,,wrist_to_tip_vector_error_m,17,ring,,,,,,INTERACTION_V1_NEGATIVE,m,0.09361697193587877
,,,direct_proximal_orientation_error_rad,17,ring,,,,,,INTERACTION_V1_NEGATIVE,rad,0.5746794978715976
,,,direct_distal_orientation_error_rad,17,ring,,,,,,INTERACTION_V1_NEGATIVE,rad,1.6175354632820385
,,,thumb_to_tip_vector_error_m,17,ring,,,,,,INTERACTION_V1_NEGATIVE,m,0.06568693844250782
,,,global_E_bone_diagnostic,17,ring,,,,,,INTERACTION_V1_NEGATIVE,squared_direction,1.8128032544070272
,,,near_interaction_position_error_m,17,ring,proximal,,,,,INTERACTION_V1_NEGATIVE,m,0.031314792866555835
,,,near_interaction_orientation_error_rad,17,ring,proximal,,,,,INTERACTION_V1_NEGATIVE,rad,0.5217244799226269
,,,native_surface_unsigned_distance_m,17,ring,proximal,,,,,INTERACTION_V1_NEGATIVE,m,0.049051330951006715
-0.15791847,-0.07086232,0.016263430000000002,native_surface_signed_distance_m,17,ring,proximal,-0.1931736413391176,-0.07676583601148998,0.04985292926117881,True,INTERACTION_V1_NEGATIVE,m,-0.04905133694410324
,,,near_interaction_position_error_m,17,ring,distal,,,,,INTERACTION_V1_NEGATIVE,m,0.04272179861650418
,,,near_interaction_orientation_error_rad,17,ring,distal,,,,,INTERACTION_V1_NEGATIVE,rad,1.495160254528507
,,,native_surface_unsigned_distance_m,17,ring,distal,,,,,INTERACTION_V1_NEGATIVE,m,0.02883039231628531
-0.15807650359321468,-0.042024022510314965,0.01638712434445855,native_surface_signed_distance_m,17,ring,distal,-0.1771451957713868,-0.041918858970764084,0.038010385901286414,True,INTERACTION_V1_NEGATIVE,m,-0.028830397874116898
,,,fingertip_position_error_m,17,pinky,,,,,,INTERACTION_V1_NEGATIVE,m,0.048971841575975505
,,,fingertip_orientation_error_rad,17,pinky,,,,,,INTERACTION_V1_NEGATIVE,rad,1.0957871621446271
,,,wrist_to_tip_vector_error_m,17,pinky,,,,,,INTERACTION_V1_NEGATIVE,m,0.08813460268550288
,,,direct_proximal_orientation_error_rad,17,pinky,,,,,,INTERACTION_V1_NEGATIVE,rad,0.629912927382076
,,,direct_distal_orientation_error_rad,17,pinky,,,,,,INTERACTION_V1_NEGATIVE,rad,1.1463355559762056
,,,thumb_to_tip_vector_error_m,17,pinky,,,,,,INTERACTION_V1_NEGATIVE,m,0.061816621140847426
,,,global_E_bone_diagnostic,17,pinky,,,,,,INTERACTION_V1_NEGATIVE,squared_direction,0.9865458763829186
,,,near_interaction_position_error_m,17,pinky,proximal,,,,,INTERACTION_V1_NEGATIVE,m,0.031324770299528265
,,,near_interaction_orientation_error_rad,17,pinky,proximal,,,,,INTERACTION_V1_NEGATIVE,rad,0.559980158285598
,,,native_surface_unsigned_distance_m,17,pinky,proximal,,,,,INTERACTION_V1_NEGATIVE,m,0.054290335795460706
-0.1580554493160349,-0.07093351987312337,0.015977463774272786,native_surface_signed_distance_m,17,pinky,proximal,-0.20797301612476882,-0.07794062693867923,0.03614123165756548,True,INTERACTION_V1_NEGATIVE,m,-0.05429033562541008
,,,near_interaction_position_error_m,17,pinky,distal,,,,,INTERACTION_V1_NEGATIVE,m,0.040532077356642465
,,,near_interaction_orientation_error_rad,17,pinky,distal,,,,,INTERACTION_V1_NEGATIVE,rad,1.0087307495907896
,,,native_surface_unsigned_distance_m,17,pinky,distal,,,,,INTERACTION_V1_NEGATIVE,m,0.035564874986722166
-0.15842099242952096,-0.04348357102093634,0.015804223827530103,native_surface_signed_distance_m,17,pinky,distal,-0.19273663453226167,-0.04263337665324515,0.025108750115038304,True,INTERACTION_V1_NEGATIVE,m,-0.03556489199399948
,,,global_E_bone_diagnostic,17,ALL,,,,,,INTERACTION_V1_NEGATIVE,squared_direction,6.199260246248145
,,,global_E_IM_diagnostic,17,ALL,,,,,,INTERACTION_V1_NEGATIVE,m_squared,0.00020577621577343034
,,,wrist_orientation_error_rad,18,ALL,,,,,,INTERACTION_V1_NEGATIVE,rad,0.1179168306736227
,,,wrist_tray_position_error_m,18,ALL,,,,,,INTERACTION_V1_NEGATIVE,m,0.03871682535911226
,,,fingertip_position_error_m,18,thumb,,,,,,INTERACTION_V1_NEGATIVE,m,0.026550908412403363
,,,fingertip_orientation_error_rad,18,thumb,,,,,,INTERACTION_V1_NEGATIVE,rad,0.23125906845483238
,,,wrist_to_tip_vector_error_m,18,thumb,,,,,,INTERACTION_V1_NEGATIVE,m,0.029036457789185937
,,,direct_proximal_orientation_error_rad,18,thumb,,,,,,INTERACTION_V1_NEGATIVE,rad,0.8439618178609666
,,,direct_distal_orientation_error_rad,18,thumb,,,,,,INTERACTION_V1_NEGATIVE,rad,0.1633532751425839
,,,thumb_to_tip_vector_error_m,18,thumb,,,,,,INTERACTION_V1_NEGATIVE,m,0.0
,,,global_E_bone_diagnostic,18,thumb,,,,,,INTERACTION_V1_NEGATIVE,squared_direction,0.8309799593216948
,,,fingertip_position_error_m,18,index,,,,,,INTERACTION_V1_NEGATIVE,m,0.03906552753865162
,,,fingertip_orientation_error_rad,18,index,,,,,,INTERACTION_V1_NEGATIVE,rad,1.34297811530469
,,,wrist_to_tip_vector_error_m,18,index,,,,,,INTERACTION_V1_NEGATIVE,m,0.06972020459032975
,,,direct_proximal_orientation_error_rad,18,index,,,,,,INTERACTION_V1_NEGATIVE,rad,0.6991273317872531
,,,direct_distal_orientation_error_rad,18,index,,,,,,INTERACTION_V1_NEGATIVE,rad,1.4802492353959897
,,,thumb_to_tip_vector_error_m,18,index,,,,,,INTERACTION_V1_NEGATIVE,m,0.041599364914737896
,,,global_E_bone_diagnostic,18,index,,,,,,INTERACTION_V1_NEGATIVE,squared_direction,1.270574230883094
,,,fingertip_position_error_m,18,middle,,,,,,INTERACTION_V1_NEGATIVE,m,0.04956331206498721
,,,fingertip_orientation_error_rad,18,middle,,,,,,INTERACTION_V1_NEGATIVE,rad,1.371289178888257
,,,wrist_to_tip_vector_error_m,18,middle,,,,,,INTERACTION_V1_NEGATIVE,m,0.08147211180531122
,,,direct_proximal_orientation_error_rad,18,middle,,,,,,INTERACTION_V1_NEGATIVE,rad,0.5175469862556679
,,,direct_distal_orientation_error_rad,18,middle,,,,,,INTERACTION_V1_NEGATIVE,rad,1.3917505395800764
,,,thumb_to_tip_vector_error_m,18,middle,,,,,,INTERACTION_V1_NEGATIVE,m,0.05407886078806545
,,,global_E_bone_diagnostic,18,middle,,,,,,INTERACTION_V1_NEGATIVE,squared_direction,1.2827127622524226
,,,fingertip_position_error_m,18,ring,,,,,,INTERACTION_V1_NEGATIVE,m,0.05373168327285282
,,,fingertip_orientation_error_rad,18,ring,,,,,,INTERACTION_V1_NEGATIVE,rad,1.5262837955435513
,,,wrist_to_tip_vector_error_m,18,ring,,,,,,INTERACTION_V1_NEGATIVE,m,0.0897306172740243
,,,direct_proximal_orientation_error_rad,18,ring,,,,,,INTERACTION_V1_NEGATIVE,rad,0.5164161395918757
,,,direct_distal_orientation_error_rad,18,ring,,,,,,INTERACTION_V1_NEGATIVE,rad,1.5562042583548994
,,,thumb_to_tip_vector_error_m,18,ring,,,,,,INTERACTION_V1_NEGATIVE,m,0.061970326291241294
,,,global_E_bone_diagnostic,18,ring,,,,,,INTERACTION_V1_NEGATIVE,squared_direction,1.7469911122589685
,,,near_interaction_position_error_m,18,ring,proximal,,,,,INTERACTION_V1_NEGATIVE,m,0.02809525372525702
,,,near_interaction_orientation_error_rad,18,ring,proximal,,,,,INTERACTION_V1_NEGATIVE,rad,0.5056858526106104
,,,native_surface_unsigned_distance_m,18,ring,proximal,,,,,INTERACTION_V1_NEGATIVE,m,0.05677465832399688
-0.15843508,-0.06517571,0.016050210000000002,native_surface_signed_distance_m,18,ring,proximal,-0.20654507180428386,-0.06683960605409725,0.046150408775414896,True,INTERACTION_V1_NEGATIVE,m,-0.05677466094493866
,,,near_interaction_position_error_m,18,ring,distal,,,,,INTERACTION_V1_NEGATIVE,m,0.04241385939029386
,,,near_interaction_orientation_error_rad,18,ring,distal,,,,,INTERACTION_V1_NEGATIVE,rad,1.4735283422528336
,,,native_surface_unsigned_distance_m,18,ring,distal,,,,,INTERACTION_V1_NEGATIVE,m,0.037660173289550944
-0.15821918000000001,-0.03230715,0.01619172,native_surface_signed_distance_m,18,ring,distal,-0.1925713823853513,-0.032221585624180794,0.03162569298858797,True,INTERACTION_V1_NEGATIVE,m,-0.037660181522369385
,,,fingertip_position_error_m,18,pinky,,,,,,INTERACTION_V1_NEGATIVE,m,0.049447448662320204
,,,fingertip_orientation_error_rad,18,pinky,,,,,,INTERACTION_V1_NEGATIVE,rad,1.1177965096327587
,,,wrist_to_tip_vector_error_m,18,pinky,,,,,,INTERACTION_V1_NEGATIVE,m,0.08712900043156391
,,,direct_proximal_orientation_error_rad,18,pinky,,,,,,INTERACTION_V1_NEGATIVE,rad,0.5929999075631007
,,,direct_distal_orientation_error_rad,18,pinky,,,,,,INTERACTION_V1_NEGATIVE,rad,1.157530082010887
,,,thumb_to_tip_vector_error_m,18,pinky,,,,,,INTERACTION_V1_NEGATIVE,m,0.06034811321703204
,,,global_E_bone_diagnostic,18,pinky,,,,,,INTERACTION_V1_NEGATIVE,squared_direction,1.014868204623541
,,,near_interaction_position_error_m,18,pinky,proximal,,,,,INTERACTION_V1_NEGATIVE,m,0.028594871365966605
,,,near_interaction_orientation_error_rad,18,pinky,proximal,,,,,INTERACTION_V1_NEGATIVE,rad,0.5634546074535269
,,,native_surface_unsigned_distance_m,18,pinky,proximal,,,,,INTERACTION_V1_NEGATIVE,m,0.06545284848432376
-0.15853456,-0.06646674,0.01577555,native_surface_signed_distance_m,18,pinky,proximal,-0.22160788966718584,-0.06964799197552472,0.032971773285202975,True,INTERACTION_V1_NEGATIVE,m,-0.06545285880565643
,,,near_interaction_position_error_m,18,pinky,distal,,,,,INTERACTION_V1_NEGATIVE,m,0.0406642014593943
,,,near_interaction_orientation_error_rad,18,pinky,distal,,,,,INTERACTION_V1_NEGATIVE,rad,1.0527200429316592
,,,native_surface_unsigned_distance_m,18,pinky,distal,,,,,INTERACTION_V1_NEGATIVE,m,0.05046780154184269
-0.1585010825352764,-0.03420499721308946,0.014931029677311459,native_surface_signed_distance_m,18,pinky,distal,-0.20875639931746712,-0.034209159952038576,0.019557271160425275,True,INTERACTION_V1_NEGATIVE,m,-0.05046781152486801
,,,global_E_bone_diagnostic,18,ALL,,,,,,INTERACTION_V1_NEGATIVE,squared_direction,6.146126269339721
,,,global_E_IM_diagnostic,18,ALL,,,,,,INTERACTION_V1_NEGATIVE,m_squared,0.00019772030158609453
,,,wrist_orientation_error_rad,19,ALL,,,,,,INTERACTION_V1_NEGATIVE,rad,0.10655718950855911
,,,wrist_tray_position_error_m,19,ALL,,,,,,INTERACTION_V1_NEGATIVE,m,0.03764050003269748
,,,fingertip_position_error_m,19,thumb,,,,,,INTERACTION_V1_NEGATIVE,m,0.02186958373487293
,,,fingertip_orientation_error_rad,19,thumb,,,,,,INTERACTION_V1_NEGATIVE,rad,0.2976060058935758
,,,wrist_to_tip_vector_error_m,19,thumb,,,,,,INTERACTION_V1_NEGATIVE,m,0.029444798950180817
,,,direct_proximal_orientation_error_rad,19,thumb,,,,,,INTERACTION_V1_NEGATIVE,rad,0.8293728691743776
,,,direct_distal_orientation_error_rad,19,thumb,,,,,,INTERACTION_V1_NEGATIVE,rad,0.2115610031973086
,,,thumb_to_tip_vector_error_m,19,thumb,,,,,,INTERACTION_V1_NEGATIVE,m,0.0
,,,global_E_bone_diagnostic,19,thumb,,,,,,INTERACTION_V1_NEGATIVE,squared_direction,0.8793288180582828
,,,fingertip_position_error_m,19,index,,,,,,INTERACTION_V1_NEGATIVE,m,0.038950164927882676
,,,fingertip_orientation_error_rad,19,index,,,,,,INTERACTION_V1_NEGATIVE,rad,1.3266147750790387
,,,wrist_to_tip_vector_error_m,19,index,,,,,,INTERACTION_V1_NEGATIVE,m,0.06598527167729049
,,,direct_proximal_orientation_error_rad,19,index,,,,,,INTERACTION_V1_NEGATIVE,rad,0.6513478089674216
,,,direct_distal_orientation_error_rad,19,index,,,,,,INTERACTION_V1_NEGATIVE,rad,1.4394688205022899
,,,thumb_to_tip_vector_error_m,19,index,,,,,,INTERACTION_V1_NEGATIVE,m,0.03893446144559623
,,,global_E_bone_diagnostic,19,index,,,,,,INTERACTION_V1_NEGATIVE,squared_direction,1.2413629422616994
,,,fingertip_position_error_m,19,middle,,,,,,INTERACTION_V1_NEGATIVE,m,0.04822384934540192
,,,fingertip_orientation_error_rad,19,middle,,,,,,INTERACTION_V1_NEGATIVE,rad,1.324379085706257
,,,wrist_to_tip_vector_error_m,19,middle,,,,,,INTERACTION_V1_NEGATIVE,m,0.0768027554499765
,,,direct_proximal_orientation_error_rad,19,middle,,,,,,INTERACTION_V1_NEGATIVE,rad,0.45254865375810044
,,,direct_distal_orientation_error_rad,19,middle,,,,,,INTERACTION_V1_NEGATIVE,rad,1.3063078444044465
,,,thumb_to_tip_vector_error_m,19,middle,,,,,,INTERACTION_V1_NEGATIVE,m,0.05041200492189522
,,,global_E_bone_diagnostic,19,middle,,,,,,INTERACTION_V1_NEGATIVE,squared_direction,1.1940546386472728
,,,fingertip_position_error_m,19,ring,,,,,,INTERACTION_V1_NEGATIVE,m,0.053755088735054114
,,,fingertip_orientation_error_rad,19,ring,,,,,,INTERACTION_V1_NEGATIVE,rad,1.4937675798349983
,,,wrist_to_tip_vector_error_m,19,ring,,,,,,INTERACTION_V1_NEGATIVE,m,0.08647105920915668
,,,direct_proximal_orientation_error_rad,19,ring,,,,,,INTERACTION_V1_NEGATIVE,rad,0.4678756701005728
,,,direct_distal_orientation_error_rad,19,ring,,,,,,INTERACTION_V1_NEGATIVE,rad,1.4951142509429738
,,,thumb_to_tip_vector_error_m,19,ring,,,,,,INTERACTION_V1_NEGATIVE,m,0.0591382970745445
,,,global_E_bone_diagnostic,19,ring,,,,,,INTERACTION_V1_NEGATIVE,squared_direction,1.66300550067714
,,,near_interaction_position_error_m,19,ring,proximal,,,,,INTERACTION_V1_NEGATIVE,m,0.025233019383023848
,,,near_interaction_orientation_error_rad,19,ring,proximal,,,,,INTERACTION_V1_NEGATIVE,rad,0.49183281215904573
,,,native_surface_unsigned_distance_m,19,ring,proximal,,,,,INTERACTION_V1_NEGATIVE,m,0.06251736336973376
-0.158379135412,-0.06005785438585791,0.015931477501003367,native_surface_signed_distance_m,19,ring,proximal,-0.21559715765587636,-0.05793916031704201,0.04103187169403075,True,INTERACTION_V1_NEGATIVE,m,-0.06251736730337143
,,,near_interaction_position_error_m,19,ring,distal,,,,,INTERACTION_V1_NEGATIVE,m,0.04276912013005633
,,,near_interaction_orientation_error_rad,19,ring,distal,,,,,INTERACTION_V1_NEGATIVE,rad,1.4491132601467458
,,,native_surface_unsigned_distance_m,19,ring,distal,,,,,INTERACTION_V1_NEGATIVE,m,0.045455373176649806
-0.1583723655477309,-0.024956742988094662,0.015660198832417843,native_surface_signed_distance_m,19,ring,distal,-0.20308444973552522,-0.024117874327736977,0.023803710211593106,True,INTERACTION_V1_NEGATIVE,m,-0.045455388724803925
,,,fingertip_position_error_m,19,pinky,,,,,,INTERACTION_V1_NEGATIVE,m,0.050807609783788996
,,,fingertip_orientation_error_rad,19,pinky,,,,,,INTERACTION_V1_NEGATIVE,rad,1.1417324865111087
,,,wrist_to_tip_vector_error_m,19,pinky,,,,,,INTERACTION_V1_NEGATIVE,m,0.08640965877801339
,,,direct_proximal_orientation_error_rad,19,pinky,,,,,,INTERACTION_V1_NEGATIVE,rad,0.5577828302664959
,,,direct_distal_orientation_error_rad,19,pinky,,,,,,INTERACTION_V1_NEGATIVE,rad,1.1722010312612814
,,,thumb_to_tip_vector_error_m,19,pinky,,,,,,INTERACTION_V1_NEGATIVE,m,0.05930584788351973
,,,global_E_bone_diagnostic,19,pinky,,,,,,INTERACTION_V1_NEGATIVE,squared_direction,1.0429706073496658
,,,near_interaction_position_error_m,19,pinky,proximal,,,,,INTERACTION_V1_NEGATIVE,m,0.02659947964121497
,,,near_interaction_orientation_error_rad,19,pinky,proximal,,,,,INTERACTION_V1_NEGATIVE,rad,0.5633648326649575
,,,native_surface_unsigned_distance_m,19,pinky,proximal,,,,,INTERACTION_V1_NEGATIVE,m,0.07334412164408938
-0.1587095466297319,-0.06493380257304072,0.015252698808761634,native_surface_signed_distance_m,19,pinky,proximal,-0.23080967941905517,-0.06217837130661195,0.028418511736223447,True,INTERACTION_V1_NEGATIVE,m,-0.07334411889314651
,,,near_interaction_position_error_m,19,pinky,distal,,,,,INTERACTION_V1_NEGATIVE,m,0.04169043053446367
,,,near_interaction_orientation_error_rad,19,pinky,distal,,,,,INTERACTION_V1_NEGATIVE,rad,1.099046552067822
,,,native_surface_unsigned_distance_m,19,pinky,distal,,,,,INTERACTION_V1_NEGATIVE,m,0.061161125692741285
-0.15856605000000001,-0.02649752,0.01394361,native_surface_signed_distance_m,19,pinky,distal,-0.21970629718844786,-0.027188785317765685,0.012502908087997857,True,INTERACTION_V1_NEGATIVE,m,-0.06116113066673279
,,,global_E_bone_diagnostic,19,ALL,,,,,,INTERACTION_V1_NEGATIVE,squared_direction,6.020722506994061
,,,global_E_IM_diagnostic,19,ALL,,,,,,INTERACTION_V1_NEGATIVE,m_squared,0.00019966299924433127
,,,wrist_orientation_error_rad,20,ALL,,,,,,INTERACTION_V1_NEGATIVE,rad,0.10084039630418948
,,,wrist_tray_position_error_m,20,ALL,,,,,,INTERACTION_V1_NEGATIVE,m,0.037051772002376415
,,,fingertip_position_error_m,20,thumb,,,,,,INTERACTION_V1_NEGATIVE,m,0.019232407631424666
,,,fingertip_orientation_error_rad,20,thumb,,,,,,INTERACTION_V1_NEGATIVE,rad,0.36369482606983944
,,,wrist_to_tip_vector_error_m,20,thumb,,,,,,INTERACTION_V1_NEGATIVE,m,0.030180956282650787
,,,direct_proximal_orientation_error_rad,20,thumb,,,,,,INTERACTION_V1_NEGATIVE,rad,0.8194182222843727
,,,direct_distal_orientation_error_rad,20,thumb,,,,,,INTERACTION_V1_NEGATIVE,rad,0.2633122451281071
,,,thumb_to_tip_vector_error_m,20,thumb,,,,,,INTERACTION_V1_NEGATIVE,m,0.0
,,,global_E_bone_diagnostic,20,thumb,,,,,,INTERACTION_V1_NEGATIVE,squared_direction,0.9334376719806229
,,,fingertip_position_error_m,20,index,,,,,,INTERACTION_V1_NEGATIVE,m,0.03901426677723762
,,,fingertip_orientation_error_rad,20,index,,,,,,INTERACTION_V1_NEGATIVE,rad,1.3175939406623225
,,,wrist_to_tip_vector_error_m,20,index,,,,,,INTERACTION_V1_NEGATIVE,m,0.06323994886848744
,,,direct_proximal_orientation_error_rad,20,index,,,,,,INTERACTION_V1_NEGATIVE,rad,0.620740088114359
,,,direct_distal_orientation_error_rad,20,index,,,,,,INTERACTION_V1_NEGATIVE,rad,1.4077447775339023
,,,thumb_to_tip_vector_error_m,20,index,,,,,,INTERACTION_V1_NEGATIVE,m,0.03751921784667979
,,,global_E_bone_diagnostic,20,index,,,,,,INTERACTION_V1_NEGATIVE,squared_direction,1.2169022880897935
,,,fingertip_position_error_m,20,middle,,,,,,INTERACTION_V1_NEGATIVE,m,0.04660796980857312
,,,fingertip_orientation_error_rad,20,middle,,,,,,INTERACTION_V1_NEGATIVE,rad,1.27946246618378
,,,wrist_to_tip_vector_error_m,20,middle,,,,,,INTERACTION_V1_NEGATIVE,m,0.0727294320298238
,,,direct_proximal_orientation_error_rad,20,middle,,,,,,INTERACTION_V1_NEGATIVE,rad,0.3951755445010985
,,,direct_distal_orientation_error_rad,20,middle,,,,,,INTERACTION_V1_NEGATIVE,rad,1.2294131483567425
,,,thumb_to_tip_vector_error_m,20,middle,,,,,,INTERACTION_V1_NEGATIVE,m,0.04748494192904273
,,,global_E_bone_diagnostic,20,middle,,,,,,INTERACTION_V1_NEGATIVE,squared_direction,1.110416068494927
,,,fingertip_position_error_m,20,ring,,,,,,INTERACTION_V1_NEGATIVE,m,0.05396628971163076
,,,fingertip_orientation_error_rad,20,ring,,,,,,INTERACTION_V1_NEGATIVE,rad,1.4772357424207954
,,,wrist_to_tip_vector_error_m,20,ring,,,,,,INTERACTION_V1_NEGATIVE,m,0.0844024784937237
,,,direct_proximal_orientation_error_rad,20,ring,,,,,,INTERACTION_V1_NEGATIVE,rad,0.43160888482453297
,,,direct_distal_orientation_error_rad,20,ring,,,,,,INTERACTION_V1_NEGATIVE,rad,1.4535751731272042
,,,thumb_to_tip_vector_error_m,20,ring,,,,,,INTERACTION_V1_NEGATIVE,m,0.057669395270399146
,,,global_E_bone_diagnostic,20,ring,,,,,,INTERACTION_V1_NEGATIVE,squared_direction,1.6007187870433945
,,,near_interaction_position_error_m,20,ring,proximal,,,,,INTERACTION_V1_NEGATIVE,m,0.022140015501428568
,,,near_interaction_orientation_error_rad,20,ring,proximal,,,,,INTERACTION_V1_NEGATIVE,rad,0.4821222875451099
,,,native_surface_unsigned_distance_m,20,ring,proximal,,,,,INTERACTION_V1_NEGATIVE,m,0.06648496295152086
-0.15836591,-0.052035210000000005,0.01599021,native_surface_signed_distance_m,20,ring,proximal,-0.2220835688414076,-0.05163723101643902,0.03496787748480268,True,INTERACTION_V1_NEGATIVE,m,-0.0664849653840065
,,,near_interaction_position_error_m,20,ring,distal,,,,,INTERACTION_V1_NEGATIVE,m,0.04306856258824509
,,,near_interaction_orientation_error_rad,20,ring,distal,,,,,INTERACTION_V1_NEGATIVE,rad,1.444034213244345
,,,native_surface_unsigned_distance_m,20,ring,distal,,,,,INTERACTION_V1_NEGATIVE,m,0.051529350527877466
-0.15870643,-0.018583540000000003,0.01407499,native_surface_signed_distance_m,20,ring,distal,-0.2102218056261283,-0.01915494015023701,0.015130234896733501,True,INTERACTION_V1_NEGATIVE,m,-0.05152935907244682
,,,fingertip_position_error_m,20,pinky,,,,,,INTERACTION_V1_NEGATIVE,m,0.05227388457804802
,,,fingertip_orientation_error_rad,20,pinky,,,,,,INTERACTION_V1_NEGATIVE,rad,1.1815546153688958
,,,wrist_to_tip_vector_error_m,20,pinky,,,,,,INTERACTION_V1_NEGATIVE,m,0.08632459086826665
,,,direct_proximal_orientation_error_rad,20,pinky,,,,,,INTERACTION_V1_NEGATIVE,rad,0.5282600266164079
,,,direct_distal_orientation_error_rad,20,pinky,,,,,,INTERACTION_V1_NEGATIVE,rad,1.2003353787604474
,,,thumb_to_tip_vector_error_m,20,pinky,,,,,,INTERACTION_V1_NEGATIVE,m,0.05911945529030764
,,,global_E_bone_diagnostic,20,pinky,,,,,,INTERACTION_V1_NEGATIVE,squared_direction,1.0861101902601957
,,,near_interaction_position_error_m,20,pinky,proximal,,,,,INTERACTION_V1_NEGATIVE,m,0.024432167756745712
,,,near_interaction_orientation_error_rad,20,pinky,proximal,,,,,INTERACTION_V1_NEGATIVE,rad,0.5641790573313705
,,,native_surface_unsigned_distance_m,20,pinky,proximal,,,,,INTERACTION_V1_NEGATIVE,m,0.07910895997631819
-0.15870203,-0.05786275,0.01453534,native_surface_signed_distance_m,20,pinky,proximal,-0.237364772854353,-0.05701965308531217,0.022883371070683105,True,INTERACTION_V1_NEGATIVE,m,-0.07910895347595215
,,,near_interaction_position_error_m,20,pinky,distal,,,,,INTERACTION_V1_NEGATIVE,m,0.04274206236334993
,,,near_interaction_orientation_error_rad,20,pinky,distal,,,,,INTERACTION_V1_NEGATIVE,rad,1.1617241678996872
,,,native_surface_unsigned_distance_m,20,pinky,distal,,,,,INTERACTION_V1_NEGATIVE,m,0.06921914533876945
-0.15864717,-0.01966783,0.013647590000000001,native_surface_signed_distance_m,20,pinky,distal,-0.22717555558002692,-0.02299844376437821,0.004479304272701631,True,INTERACTION_V1_NEGATIVE,m,-0.06921914219856262
,,,global_E_bone_diagnostic,20,ALL,,,,,,INTERACTION_V1_NEGATIVE,squared_direction,5.947585005868933
,,,global_E_IM_diagnostic,20,ALL,,,,,,INTERACTION_V1_NEGATIVE,m_squared,0.00020006003376749057
,,,joint_nominal_deviation_rad_l2,0,ALL,,,,,,OLD_MINK_REFERENCE,rad_l2,0.0
,,,temporal_joint_change_rad_l2,0,ALL,,,,,,OLD_MINK_REFERENCE,rad_l2,
,,,joint_nominal_deviation_rad_l2,1,ALL,,,,,,OLD_MINK_REFERENCE,rad_l2,0.0
,,,temporal_joint_change_rad_l2,1,ALL,,,,,,OLD_MINK_REFERENCE,rad_l2,0.03814244838726215
,,,joint_nominal_deviation_rad_l2,2,ALL,,,,,,OLD_MINK_REFERENCE,rad_l2,0.0
,,,temporal_joint_change_rad_l2,2,ALL,,,,,,OLD_MINK_REFERENCE,rad_l2,0.030954649497412313
,,,joint_nominal_deviation_rad_l2,3,ALL,,,,,,OLD_MINK_REFERENCE,rad_l2,0.0
,,,temporal_joint_change_rad_l2,3,ALL,,,,,,OLD_MINK_REFERENCE,rad_l2,0.030946019192772144
,,,joint_nominal_deviation_rad_l2,4,ALL,,,,,,OLD_MINK_REFERENCE,rad_l2,0.0
,,,temporal_joint_change_rad_l2,4,ALL,,,,,,OLD_MINK_REFERENCE,rad_l2,0.04835270156925911
,,,joint_nominal_deviation_rad_l2,5,ALL,,,,,,OLD_MINK_REFERENCE,rad_l2,0.0
,,,temporal_joint_change_rad_l2,5,ALL,,,,,,OLD_MINK_REFERENCE,rad_l2,0.07692930939739212
,,,joint_nominal_deviation_rad_l2,6,ALL,,,,,,OLD_MINK_REFERENCE,rad_l2,0.0
,,,temporal_joint_change_rad_l2,6,ALL,,,,,,OLD_MINK_REFERENCE,rad_l2,0.1185762357135595
,,,joint_nominal_deviation_rad_l2,7,ALL,,,,,,OLD_MINK_REFERENCE,rad_l2,0.0
,,,temporal_joint_change_rad_l2,7,ALL,,,,,,OLD_MINK_REFERENCE,rad_l2,0.1762341977489357
,,,joint_nominal_deviation_rad_l2,8,ALL,,,,,,OLD_MINK_REFERENCE,rad_l2,0.0
,,,temporal_joint_change_rad_l2,8,ALL,,,,,,OLD_MINK_REFERENCE,rad_l2,0.232053177878559
,,,joint_nominal_deviation_rad_l2,9,ALL,,,,,,OLD_MINK_REFERENCE,rad_l2,0.0
,,,temporal_joint_change_rad_l2,9,ALL,,,,,,OLD_MINK_REFERENCE,rad_l2,0.2843520260299387
,,,joint_nominal_deviation_rad_l2,10,ALL,,,,,,OLD_MINK_REFERENCE,rad_l2,0.0
,,,temporal_joint_change_rad_l2,10,ALL,,,,,,OLD_MINK_REFERENCE,rad_l2,0.2842300146081148
,,,joint_nominal_deviation_rad_l2,11,ALL,,,,,,OLD_MINK_REFERENCE,rad_l2,0.0
,,,temporal_joint_change_rad_l2,11,ALL,,,,,,OLD_MINK_REFERENCE,rad_l2,0.33106665186734385
,,,joint_nominal_deviation_rad_l2,12,ALL,,,,,,OLD_MINK_REFERENCE,rad_l2,0.0
,,,temporal_joint_change_rad_l2,12,ALL,,,,,,OLD_MINK_REFERENCE,rad_l2,0.3361465653888963
,,,joint_nominal_deviation_rad_l2,13,ALL,,,,,,OLD_MINK_REFERENCE,rad_l2,0.0
,,,temporal_joint_change_rad_l2,13,ALL,,,,,,OLD_MINK_REFERENCE,rad_l2,0.46708385145727976
,,,joint_nominal_deviation_rad_l2,14,ALL,,,,,,OLD_MINK_REFERENCE,rad_l2,0.0
,,,temporal_joint_change_rad_l2,14,ALL,,,,,,OLD_MINK_REFERENCE,rad_l2,0.4028413922015222
,,,joint_nominal_deviation_rad_l2,15,ALL,,,,,,OLD_MINK_REFERENCE,rad_l2,0.0
,,,temporal_joint_change_rad_l2,15,ALL,,,,,,OLD_MINK_REFERENCE,rad_l2,0.2210976386704202
,,,joint_nominal_deviation_rad_l2,16,ALL,,,,,,OLD_MINK_REFERENCE,rad_l2,0.0
,,,temporal_joint_change_rad_l2,16,ALL,,,,,,OLD_MINK_REFERENCE,rad_l2,0.16056649046783156
,,,joint_nominal_deviation_rad_l2,17,ALL,,,,,,OLD_MINK_REFERENCE,rad_l2,0.0
,,,temporal_joint_change_rad_l2,17,ALL,,,,,,OLD_MINK_REFERENCE,rad_l2,0.1189423679288868
,,,joint_nominal_deviation_rad_l2,18,ALL,,,,,,OLD_MINK_REFERENCE,rad_l2,0.0
,,,temporal_joint_change_rad_l2,18,ALL,,,,,,OLD_MINK_REFERENCE,rad_l2,0.11823817592452092
,,,joint_nominal_deviation_rad_l2,19,ALL,,,,,,OLD_MINK_REFERENCE,rad_l2,0.0
,,,temporal_joint_change_rad_l2,19,ALL,,,,,,OLD_MINK_REFERENCE,rad_l2,0.1313858140884913
,,,joint_nominal_deviation_rad_l2,20,ALL,,,,,,OLD_MINK_REFERENCE,rad_l2,0.0
,,,temporal_joint_change_rad_l2,20,ALL,,,,,,OLD_MINK_REFERENCE,rad_l2,0.13567507526656994
,,,joint_nominal_deviation_rad_l2,0,ALL,,,,,,ACCEPTED_A_REPLAY,rad_l2,0.0680905031022498
,,,temporal_joint_change_rad_l2,0,ALL,,,,,,ACCEPTED_A_REPLAY,rad_l2,
,,,joint_nominal_deviation_rad_l2,1,ALL,,,,,,ACCEPTED_A_REPLAY,rad_l2,0.06863653671598019
,,,temporal_joint_change_rad_l2,1,ALL,,,,,,ACCEPTED_A_REPLAY,rad_l2,0.012143395763459856
,,,joint_nominal_deviation_rad_l2,2,ALL,,,,,,ACCEPTED_A_REPLAY,rad_l2,0.07064048968156421
,,,temporal_joint_change_rad_l2,2,ALL,,,,,,ACCEPTED_A_REPLAY,rad_l2,0.02003096296815273
,,,joint_nominal_deviation_rad_l2,3,ALL,,,,,,ACCEPTED_A_REPLAY,rad_l2,0.07596271384040398
,,,temporal_joint_change_rad_l2,3,ALL,,,,,,ACCEPTED_A_REPLAY,rad_l2,0.01927049155315942
,,,joint_nominal_deviation_rad_l2,4,ALL,,,,,,ACCEPTED_A_REPLAY,rad_l2,0.09480305027117393
,,,temporal_joint_change_rad_l2,4,ALL,,,,,,ACCEPTED_A_REPLAY,rad_l2,0.01994706119046533
,,,joint_nominal_deviation_rad_l2,5,ALL,,,,,,ACCEPTED_A_REPLAY,rad_l2,0.1329280657084244
,,,temporal_joint_change_rad_l2,5,ALL,,,,,,ACCEPTED_A_REPLAY,rad_l2,0.02998681854254442
,,,joint_nominal_deviation_rad_l2,6,ALL,,,,,,ACCEPTED_A_REPLAY,rad_l2,0.1981710942637328
,,,temporal_joint_change_rad_l2,6,ALL,,,,,,ACCEPTED_A_REPLAY,rad_l2,0.047054338558118323
,,,joint_nominal_deviation_rad_l2,7,ALL,,,,,,ACCEPTED_A_REPLAY,rad_l2,0.298257285429497
,,,temporal_joint_change_rad_l2,7,ALL,,,,,,ACCEPTED_A_REPLAY,rad_l2,0.07116338286200095
,,,joint_nominal_deviation_rad_l2,8,ALL,,,,,,ACCEPTED_A_REPLAY,rad_l2,0.4235632206310615
,,,temporal_joint_change_rad_l2,8,ALL,,,,,,ACCEPTED_A_REPLAY,rad_l2,0.10330399884154778
,,,joint_nominal_deviation_rad_l2,9,ALL,,,,,,ACCEPTED_A_REPLAY,rad_l2,0.5618635591088941
,,,temporal_joint_change_rad_l2,9,ALL,,,,,,ACCEPTED_A_REPLAY,rad_l2,0.14429976915430937
,,,joint_nominal_deviation_rad_l2,10,ALL,,,,,,ACCEPTED_A_REPLAY,rad_l2,0.6146801670724865
,,,temporal_joint_change_rad_l2,10,ALL,,,,,,ACCEPTED_A_REPLAY,rad_l2,0.1834261083088816
,,,joint_nominal_deviation_rad_l2,11,ALL,,,,,,ACCEPTED_A_REPLAY,rad_l2,0.6880625219700164
,,,temporal_joint_change_rad_l2,11,ALL,,,,,,ACCEPTED_A_REPLAY,rad_l2,0.20720547525699456
,,,joint_nominal_deviation_rad_l2,12,ALL,,,,,,ACCEPTED_A_REPLAY,rad_l2,0.7509419069432969
,,,temporal_joint_change_rad_l2,12,ALL,,,,,,ACCEPTED_A_REPLAY,rad_l2,0.23781742963743616
,,,joint_nominal_deviation_rad_l2,13,ALL,,,,,,ACCEPTED_A_REPLAY,rad_l2,0.783436649899752
,,,temporal_joint_change_rad_l2,13,ALL,,,,,,ACCEPTED_A_REPLAY,rad_l2,0.25325264997128477
,,,joint_nominal_deviation_rad_l2,14,ALL,,,,,,ACCEPTED_A_REPLAY,rad_l2,0.7899550741974429
,,,temporal_joint_change_rad_l2,14,ALL,,,,,,ACCEPTED_A_REPLAY,rad_l2,0.2598861809856199
,,,joint_nominal_deviation_rad_l2,15,ALL,,,,,,ACCEPTED_A_REPLAY,rad_l2,0.7086424347555671
,,,temporal_joint_change_rad_l2,15,ALL,,,,,,ACCEPTED_A_REPLAY,rad_l2,0.25350852925799566
,,,joint_nominal_deviation_rad_l2,16,ALL,,,,,,ACCEPTED_A_REPLAY,rad_l2,0.5970264426903906
,,,temporal_joint_change_rad_l2,16,ALL,,,,,,ACCEPTED_A_REPLAY,rad_l2,0.23274072891900627
,,,joint_nominal_deviation_rad_l2,17,ALL,,,,,,ACCEPTED_A_REPLAY,rad_l2,0.46619055662105385
,,,temporal_joint_change_rad_l2,17,ALL,,,,,,ACCEPTED_A_REPLAY,rad_l2,0.20073539625465198
,,,joint_nominal_deviation_rad_l2,18,ALL,,,,,,ACCEPTED_A_REPLAY,rad_l2,0.35190739551878253
,,,temporal_joint_change_rad_l2,18,ALL,,,,,,ACCEPTED_A_REPLAY,rad_l2,0.166835634397895
,,,joint_nominal_deviation_rad_l2,19,ALL,,,,,,ACCEPTED_A_REPLAY,rad_l2,0.2757823974896115
,,,temporal_joint_change_rad_l2,19,ALL,,,,,,ACCEPTED_A_REPLAY,rad_l2,0.1420395957109478
,,,joint_nominal_deviation_rad_l2,20,ALL,,,,,,ACCEPTED_A_REPLAY,rad_l2,0.23567714551794217
,,,temporal_joint_change_rad_l2,20,ALL,,,,,,ACCEPTED_A_REPLAY,rad_l2,0.13015306607783275
,,,joint_nominal_deviation_rad_l2,0,ALL,,,,,,SHAPE_AWARE_NEGATIVE,rad_l2,0.23214660436515716
,,,temporal_joint_change_rad_l2,0,ALL,,,,,,SHAPE_AWARE_NEGATIVE,rad_l2,
,,,joint_nominal_deviation_rad_l2,0,ALL,,,,,,INTERACTION_V1_NEGATIVE,rad_l2,0.08806531023386573
,,,temporal_joint_change_rad_l2,0,ALL,,,,,,INTERACTION_V1_NEGATIVE,rad_l2,
,,,joint_nominal_deviation_rad_l2,1,ALL,,,,,,INTERACTION_V1_NEGATIVE,rad_l2,0.12067976398445207
,,,temporal_joint_change_rad_l2,1,ALL,,,,,,INTERACTION_V1_NEGATIVE,rad_l2,0.09573127166678012
,,,joint_nominal_deviation_rad_l2,2,ALL,,,,,,INTERACTION_V1_NEGATIVE,rad_l2,0.13519231087357692
,,,temporal_joint_change_rad_l2,2,ALL,,,,,,INTERACTION_V1_NEGATIVE,rad_l2,0.06654555910730399
,,,joint_nominal_deviation_rad_l2,3,ALL,,,,,,INTERACTION_V1_NEGATIVE,rad_l2,0.1735537064097744
,,,temporal_joint_change_rad_l2,3,ALL,,,,,,INTERACTION_V1_NEGATIVE,rad_l2,0.061913093837681434
,,,joint_nominal_deviation_rad_l2,4,ALL,,,,,,INTERACTION_V1_NEGATIVE,rad_l2,0.21076766538286582
,,,temporal_joint_change_rad_l2,4,ALL,,,,,,INTERACTION_V1_NEGATIVE,rad_l2,0.06038289499226306
,,,joint_nominal_deviation_rad_l2,5,ALL,,,,,,INTERACTION_V1_NEGATIVE,rad_l2,0.28425843136783885
,,,temporal_joint_change_rad_l2,5,ALL,,,,,,INTERACTION_V1_NEGATIVE,rad_l2,0.024958443411015895
,,,joint_nominal_deviation_rad_l2,6,ALL,,,,,,INTERACTION_V1_NEGATIVE,rad_l2,0.39725545095722986
,,,temporal_joint_change_rad_l2,6,ALL,,,,,,INTERACTION_V1_NEGATIVE,rad_l2,0.027181087655563877
,,,joint_nominal_deviation_rad_l2,7,ALL,,,,,,INTERACTION_V1_NEGATIVE,rad_l2,0.5547129016562119
,,,temporal_joint_change_rad_l2,7,ALL,,,,,,INTERACTION_V1_NEGATIVE,rad_l2,0.09118869049274951
,,,joint_nominal_deviation_rad_l2,8,ALL,,,,,,INTERACTION_V1_NEGATIVE,rad_l2,0.7738319080460385
,,,temporal_joint_change_rad_l2,8,ALL,,,,,,INTERACTION_V1_NEGATIVE,rad_l2,0.03557679835228989
,,,joint_nominal_deviation_rad_l2,9,ALL,,,,,,INTERACTION_V1_NEGATIVE,rad_l2,1.0417241515769873
,,,temporal_joint_change_rad_l2,9,ALL,,,,,,INTERACTION_V1_NEGATIVE,rad_l2,0.04343815024441962
,,,joint_nominal_deviation_rad_l2,10,ALL,,,,,,INTERACTION_V1_NEGATIVE,rad_l2,1.2395398828206021
,,,temporal_joint_change_rad_l2,10,ALL,,,,,,INTERACTION_V1_NEGATIVE,rad_l2,0.05637319131275387
,,,joint_nominal_deviation_rad_l2,11,ALL,,,,,,INTERACTION_V1_NEGATIVE,rad_l2,1.4318259667267725
,,,temporal_joint_change_rad_l2,11,ALL,,,,,,INTERACTION_V1_NEGATIVE,rad_l2,0.07197993953947698
,,,joint_nominal_deviation_rad_l2,12,ALL,,,,,,INTERACTION_V1_NEGATIVE,rad_l2,1.6167498786374277
,,,temporal_joint_change_rad_l2,12,ALL,,,,,,INTERACTION_V1_NEGATIVE,rad_l2,0.08621626627671354
,,,joint_nominal_deviation_rad_l2,13,ALL,,,,,,INTERACTION_V1_NEGATIVE,rad_l2,1.7992538513660088
,,,temporal_joint_change_rad_l2,13,ALL,,,,,,INTERACTION_V1_NEGATIVE,rad_l2,0.11579412590318712
,,,joint_nominal_deviation_rad_l2,14,ALL,,,,,,INTERACTION_V1_NEGATIVE,rad_l2,2.0378219643879927
,,,temporal_joint_change_rad_l2,14,ALL,,,,,,INTERACTION_V1_NEGATIVE,rad_l2,0.11077095391836446
,,,joint_nominal_deviation_rad_l2,15,ALL,,,,,,INTERACTION_V1_NEGATIVE,rad_l2,2.1612303315792234
,,,temporal_joint_change_rad_l2,15,ALL,,,,,,INTERACTION_V1_NEGATIVE,rad_l2,0.10662239435254475
,,,joint_nominal_deviation_rad_l2,16,ALL,,,,,,INTERACTION_V1_NEGATIVE,rad_l2,2.217514445318759
,,,temporal_joint_change_rad_l2,16,ALL,,,,,,INTERACTION_V1_NEGATIVE,rad_l2,0.10148537559062186
,,,joint_nominal_deviation_rad_l2,17,ALL,,,,,,INTERACTION_V1_NEGATIVE,rad_l2,2.216169779289029
,,,temporal_joint_change_rad_l2,17,ALL,,,,,,INTERACTION_V1_NEGATIVE,rad_l2,0.08954194763214596
,,,joint_nominal_deviation_rad_l2,18,ALL,,,,,,INTERACTION_V1_NEGATIVE,rad_l2,2.1819353707604274
,,,temporal_joint_change_rad_l2,18,ALL,,,,,,INTERACTION_V1_NEGATIVE,rad_l2,0.08666726756181993
,,,joint_nominal_deviation_rad_l2,19,ALL,,,,,,INTERACTION_V1_NEGATIVE,rad_l2,2.131964030779051
,,,temporal_joint_change_rad_l2,19,ALL,,,,,,INTERACTION_V1_NEGATIVE,rad_l2,0.09167858491226644
,,,joint_nominal_deviation_rad_l2,20,ALL,,,,,,INTERACTION_V1_NEGATIVE,rad_l2,2.08704222160004
,,,temporal_joint_change_rad_l2,20,ALL,,,,,,INTERACTION_V1_NEGATIVE,rad_l2,0.09922923867637067
