blind_id,closest_point_tray_x,closest_point_tray_y,closest_point_tray_z,component,endpoint,family,finger,probe_id,segment,segment_midpoint_tray_x,segment_midpoint_tray_y,segment_midpoint_tray_z,signed_distance_available,trajectory,units,value
P000,,,,wrist_orientation_error_rad,15,finger_joint,ALL,finger_e15_ring_j1_m0d050,,,,,,P000,rad,0.11673689261425088
P000,,,,wrist_tray_position_error_m,15,finger_joint,ALL,finger_e15_ring_j1_m0d050,,,,,,P000,m,0.0385254026393519
P000,,,,fingertip_position_error_m,15,finger_joint,thumb,finger_e15_ring_j1_m0d050,,,,,,P000,m,0.012597634140484535
P000,,,,fingertip_orientation_error_rad,15,finger_joint,thumb,finger_e15_ring_j1_m0d050,,,,,,P000,rad,0.15425622084832097
P000,,,,wrist_to_tip_vector_error_m,15,finger_joint,thumb,finger_e15_ring_j1_m0d050,,,,,,P000,m,0.027191391463692847
P000,,,,direct_proximal_orientation_error_rad,15,finger_joint,thumb,finger_e15_ring_j1_m0d050,,,,,,P000,rad,0.8659754094241511
P000,,,,direct_distal_orientation_error_rad,15,finger_joint,thumb,finger_e15_ring_j1_m0d050,,,,,,P000,rad,0.16822759748883598
P000,,,,thumb_to_tip_vector_error_m,15,finger_joint,thumb,finger_e15_ring_j1_m0d050,,,,,,P000,m,0.0
P000,,,,global_E_bone_diagnostic,15,finger_joint,thumb,finger_e15_ring_j1_m0d050,,,,,,P000,squared_direction,0.787900247967519
P000,,,,fingertip_position_error_m,15,finger_joint,index,finger_e15_ring_j1_m0d050,,,,,,P000,m,0.007818866182765425
P000,,,,fingertip_orientation_error_rad,15,finger_joint,index,finger_e15_ring_j1_m0d050,,,,,,P000,rad,0.25389013286696893
P000,,,,wrist_to_tip_vector_error_m,15,finger_joint,index,finger_e15_ring_j1_m0d050,,,,,,P000,m,0.035206516858596534
P000,,,,direct_proximal_orientation_error_rad,15,finger_joint,index,finger_e15_ring_j1_m0d050,,,,,,P000,rad,0.7938182988511437
P000,,,,direct_distal_orientation_error_rad,15,finger_joint,index,finger_e15_ring_j1_m0d050,,,,,,P000,rad,0.9563833382313375
P000,,,,thumb_to_tip_vector_error_m,15,finger_joint,index,finger_e15_ring_j1_m0d050,,,,,,P000,m,0.008403243517674724
P000,,,,global_E_bone_diagnostic,15,finger_joint,index,finger_e15_ring_j1_m0d050,,,,,,P000,squared_direction,0.8695949585859012
P000,,,,fingertip_position_error_m,15,finger_joint,middle,finger_e15_ring_j1_m0d050,,,,,,P000,m,0.009468976587869613
P000,,,,fingertip_orientation_error_rad,15,finger_joint,middle,finger_e15_ring_j1_m0d050,,,,,,P000,rad,0.19362105763897436
P000,,,,wrist_to_tip_vector_error_m,15,finger_joint,middle,finger_e15_ring_j1_m0d050,,,,,,P000,m,0.03136724760348735
P000,,,,direct_proximal_orientation_error_rad,15,finger_joint,middle,finger_e15_ring_j1_m0d050,,,,,,P000,rad,0.1325449618188499
P000,,,,direct_distal_orientation_error_rad,15,finger_joint,middle,finger_e15_ring_j1_m0d050,,,,,,P000,rad,0.1428968356003882
P000,,,,thumb_to_tip_vector_error_m,15,finger_joint,middle,finger_e15_ring_j1_m0d050,,,,,,P000,m,0.01088375045045503
P000,,,,global_E_bone_diagnostic,15,finger_joint,middle,finger_e15_ring_j1_m0d050,,,,,,P000,squared_direction,0.0649514862040156
P000,,,,fingertip_position_error_m,15,finger_joint,ring,finger_e15_ring_j1_m0d050,,,,,,P000,m,0.007829023618507387
P000,,,,fingertip_orientation_error_rad,15,finger_joint,ring,finger_e15_ring_j1_m0d050,,,,,,P000,rad,0.3220527493442311
P000,,,,wrist_to_tip_vector_error_m,15,finger_joint,ring,finger_e15_ring_j1_m0d050,,,,,,P000,m,0.046798932295952826
P000,,,,direct_proximal_orientation_error_rad,15,finger_joint,ring,finger_e15_ring_j1_m0d050,,,,,,P000,rad,0.2375398998019086
P000,,,,direct_distal_orientation_error_rad,15,finger_joint,ring,finger_e15_ring_j1_m0d050,,,,,,P000,rad,0.43558407831433926
P000,,,,thumb_to_tip_vector_error_m,15,finger_joint,ring,finger_e15_ring_j1_m0d050,,,,,,P000,m,0.022948861495377334
P000,,,,global_E_bone_diagnostic,15,finger_joint,ring,finger_e15_ring_j1_m0d050,,,,,,P000,squared_direction,0.3182984639065018
P000,,,,near_interaction_position_error_m,15,finger_joint,ring,finger_e15_ring_j1_m0d050,proximal,,,,,P000,m,0.014756891298893793
P000,,,,near_interaction_orientation_error_rad,15,finger_joint,ring,finger_e15_ring_j1_m0d050,proximal,,,,,P000,rad,0.21909081335229352
P000,,,,native_surface_unsigned_distance_m,15,finger_joint,ring,finger_e15_ring_j1_m0d050,proximal,,,,,P000,m,0.042220393128988086
P000,-0.15380663,-0.08098601000000001,0.01619535,native_surface_signed_distance_m,15,finger_joint,ring,finger_e15_ring_j1_m0d050,proximal,-0.18235809217752594,-0.10133380190019764,0.03971859314965651,True,P000,m,-0.04222039505839348
P000,,,,near_interaction_position_error_m,15,finger_joint,ring,finger_e15_ring_j1_m0d050,distal,,,,,P000,m,0.00865183894509044
P000,,,,near_interaction_orientation_error_rad,15,finger_joint,ring,finger_e15_ring_j1_m0d050,distal,,,,,P000,rad,0.3249449768484219
P000,,,,native_surface_unsigned_distance_m,15,finger_joint,ring,finger_e15_ring_j1_m0d050,distal,,,,,P000,m,0.01235290354359851
P000,-0.15293833762800454,-0.08223031969328914,0.016029928560836893,native_surface_signed_distance_m,15,finger_joint,ring,finger_e15_ring_j1_m0d050,distal,-0.16057129456752942,-0.08916901090614618,0.02282601262222315,True,P000,m,-0.012352902442216873
P000,,,,fingertip_position_error_m,15,finger_joint,pinky,finger_e15_ring_j1_m0d050,,,,,,P000,m,0.021060256842851118
P000,,,,fingertip_orientation_error_rad,15,finger_joint,pinky,finger_e15_ring_j1_m0d050,,,,,,P000,rad,0.616781034245341
P000,,,,wrist_to_tip_vector_error_m,15,finger_joint,pinky,finger_e15_ring_j1_m0d050,,,,,,P000,m,0.05779474718868749
P000,,,,direct_proximal_orientation_error_rad,15,finger_joint,pinky,finger_e15_ring_j1_m0d050,,,,,,P000,rad,0.4568643090661765
P000,,,,direct_distal_orientation_error_rad,15,finger_joint,pinky,finger_e15_ring_j1_m0d050,,,,,,P000,rad,0.6679601712186356
P000,,,,thumb_to_tip_vector_error_m,15,finger_joint,pinky,finger_e15_ring_j1_m0d050,,,,,,P000,m,0.036472904316012356
P000,,,,global_E_bone_diagnostic,15,finger_joint,pinky,finger_e15_ring_j1_m0d050,,,,,,P000,squared_direction,0.8357114194479917
P000,,,,near_interaction_position_error_m,15,finger_joint,pinky,finger_e15_ring_j1_m0d050,proximal,,,,,P000,m,0.011996683326481124
P000,,,,near_interaction_orientation_error_rad,15,finger_joint,pinky,finger_e15_ring_j1_m0d050,proximal,,,,,P000,rad,0.4458861965209085
P000,,,,native_surface_unsigned_distance_m,15,finger_joint,pinky,finger_e15_ring_j1_m0d050,proximal,,,,,P000,m,0.04980734622628659
P000,-0.15600262,-0.07799655,0.01534876,native_surface_signed_distance_m,15,finger_joint,pinky,finger_e15_ring_j1_m0d050,proximal,-0.19930707676547418,-0.0991125451505884,0.027982465361163448,True,P000,m,-0.0498073473572731
P000,,,,near_interaction_position_error_m,15,finger_joint,pinky,finger_e15_ring_j1_m0d050,distal,,,,,P000,m,0.01969018108807013
P000,,,,near_interaction_orientation_error_rad,15,finger_joint,pinky,finger_e15_ring_j1_m0d050,distal,,,,,P000,rad,0.583745259878134
P000,,,,native_surface_unsigned_distance_m,15,finger_joint,pinky,finger_e15_ring_j1_m0d050,distal,,,,,P000,m,0.02159729915889096
P000,-0.15794790832346925,-0.07284460834245383,0.013984441522490162,native_surface_signed_distance_m,15,finger_joint,pinky,finger_e15_ring_j1_m0d050,distal,-0.17885319010398956,-0.07820987627808176,0.013192971614912834,True,P000,m,-0.02159729413688183
P000,,,,global_E_bone_diagnostic,15,finger_joint,ALL,finger_e15_ring_j1_m0d050,,,,,,P000,squared_direction,2.8764565761119294
P000,,,,global_E_IM_diagnostic,15,finger_joint,ALL,finger_e15_ring_j1_m0d050,,,,,,P000,m_squared,9.828554412150512e-05
P001,,,,wrist_orientation_error_rad,15,finger_joint,ALL,finger_e15_ring_j1_m0d025,,,,,,P001,rad,0.11673689261425088
P001,,,,wrist_tray_position_error_m,15,finger_joint,ALL,finger_e15_ring_j1_m0d025,,,,,,P001,m,0.0385254026393519
P001,,,,fingertip_position_error_m,15,finger_joint,thumb,finger_e15_ring_j1_m0d025,,,,,,P001,m,0.012597634140484535
P001,,,,fingertip_orientation_error_rad,15,finger_joint,thumb,finger_e15_ring_j1_m0d025,,,,,,P001,rad,0.15425622084832097
P001,,,,wrist_to_tip_vector_error_m,15,finger_joint,thumb,finger_e15_ring_j1_m0d025,,,,,,P001,m,0.027191391463692847
P001,,,,direct_proximal_orientation_error_rad,15,finger_joint,thumb,finger_e15_ring_j1_m0d025,,,,,,P001,rad,0.8659754094241511
P001,,,,direct_distal_orientation_error_rad,15,finger_joint,thumb,finger_e15_ring_j1_m0d025,,,,,,P001,rad,0.16822759748883598
P001,,,,thumb_to_tip_vector_error_m,15,finger_joint,thumb,finger_e15_ring_j1_m0d025,,,,,,P001,m,0.0
P001,,,,global_E_bone_diagnostic,15,finger_joint,thumb,finger_e15_ring_j1_m0d025,,,,,,P001,squared_direction,0.787900247967519
P001,,,,fingertip_position_error_m,15,finger_joint,index,finger_e15_ring_j1_m0d025,,,,,,P001,m,0.007818866182765425
P001,,,,fingertip_orientation_error_rad,15,finger_joint,index,finger_e15_ring_j1_m0d025,,,,,,P001,rad,0.25389013286696893
P001,,,,wrist_to_tip_vector_error_m,15,finger_joint,index,finger_e15_ring_j1_m0d025,,,,,,P001,m,0.035206516858596534
P001,,,,direct_proximal_orientation_error_rad,15,finger_joint,index,finger_e15_ring_j1_m0d025,,,,,,P001,rad,0.7938182988511437
P001,,,,direct_distal_orientation_error_rad,15,finger_joint,index,finger_e15_ring_j1_m0d025,,,,,,P001,rad,0.9563833382313375
P001,,,,thumb_to_tip_vector_error_m,15,finger_joint,index,finger_e15_ring_j1_m0d025,,,,,,P001,m,0.008403243517674724
P001,,,,global_E_bone_diagnostic,15,finger_joint,index,finger_e15_ring_j1_m0d025,,,,,,P001,squared_direction,0.8695949585859012
P001,,,,fingertip_position_error_m,15,finger_joint,middle,finger_e15_ring_j1_m0d025,,,,,,P001,m,0.009468976587869613
P001,,,,fingertip_orientation_error_rad,15,finger_joint,middle,finger_e15_ring_j1_m0d025,,,,,,P001,rad,0.19362105763897436
P001,,,,wrist_to_tip_vector_error_m,15,finger_joint,middle,finger_e15_ring_j1_m0d025,,,,,,P001,m,0.03136724760348735
P001,,,,direct_proximal_orientation_error_rad,15,finger_joint,middle,finger_e15_ring_j1_m0d025,,,,,,P001,rad,0.1325449618188499
P001,,,,direct_distal_orientation_error_rad,15,finger_joint,middle,finger_e15_ring_j1_m0d025,,,,,,P001,rad,0.1428968356003882
P001,,,,thumb_to_tip_vector_error_m,15,finger_joint,middle,finger_e15_ring_j1_m0d025,,,,,,P001,m,0.01088375045045503
P001,,,,global_E_bone_diagnostic,15,finger_joint,middle,finger_e15_ring_j1_m0d025,,,,,,P001,squared_direction,0.0649514862040156
P001,,,,fingertip_position_error_m,15,finger_joint,ring,finger_e15_ring_j1_m0d025,,,,,,P001,m,0.005534803833318088
P001,,,,fingertip_orientation_error_rad,15,finger_joint,ring,finger_e15_ring_j1_m0d025,,,,,,P001,rad,0.31227846140489157
P001,,,,wrist_to_tip_vector_error_m,15,finger_joint,ring,finger_e15_ring_j1_m0d025,,,,,,P001,m,0.04406187106153729
P001,,,,direct_proximal_orientation_error_rad,15,finger_joint,ring,finger_e15_ring_j1_m0d025,,,,,,P001,rad,0.19046327421237147
P001,,,,direct_distal_orientation_error_rad,15,finger_joint,ring,finger_e15_ring_j1_m0d025,,,,,,P001,rad,0.4272400574921416
P001,,,,thumb_to_tip_vector_error_m,15,finger_joint,ring,finger_e15_ring_j1_m0d025,,,,,,P001,m,0.020852928568393554
P001,,,,global_E_bone_diagnostic,15,finger_joint,ring,finger_e15_ring_j1_m0d025,,,,,,P001,squared_direction,0.28275624949894923
P001,,,,near_interaction_position_error_m,15,finger_joint,ring,finger_e15_ring_j1_m0d025,proximal,,,,,P001,m,0.015916973547344893
P001,,,,near_interaction_orientation_error_rad,15,finger_joint,ring,finger_e15_ring_j1_m0d025,proximal,,,,,P001,rad,0.1714998048272096
P001,,,,native_surface_unsigned_distance_m,15,finger_joint,ring,finger_e15_ring_j1_m0d025,proximal,,,,,P001,m,0.041764277535796854
P001,-0.15390591,-0.08112415,0.01595423,native_surface_signed_distance_m,15,finger_joint,ring,finger_e15_ring_j1_m0d025,proximal,-0.18162743922353541,-0.10220237971628428,0.03900807843411808,True,P001,m,-0.0417642742395401
P001,,,,near_interaction_position_error_m,15,finger_joint,ring,finger_e15_ring_j1_m0d025,distal,,,,,P001,m,0.0060900253663255955
P001,,,,near_interaction_orientation_error_rad,15,finger_joint,ring,finger_e15_ring_j1_m0d025,distal,,,,,P001,rad,0.31393711578149697
P001,,,,native_surface_unsigned_distance_m,15,finger_joint,ring,finger_e15_ring_j1_m0d025,distal,,,,,P001,m,0.012354165781367962
P001,-0.15170800218529798,-0.08392959709097121,0.015610803428831166,native_surface_signed_distance_m,15,finger_joint,ring,finger_e15_ring_j1_m0d025,distal,-0.15948990617000927,-0.09136850742572904,0.02167133109213663,True,P001,m,-0.01235415879637003
P001,,,,fingertip_position_error_m,15,finger_joint,pinky,finger_e15_ring_j1_m0d025,,,,,,P001,m,0.021060256842851118
P001,,,,fingertip_orientation_error_rad,15,finger_joint,pinky,finger_e15_ring_j1_m0d025,,,,,,P001,rad,0.616781034245341
P001,,,,wrist_to_tip_vector_error_m,15,finger_joint,pinky,finger_e15_ring_j1_m0d025,,,,,,P001,m,0.05779474718868749
P001,,,,direct_proximal_orientation_error_rad,15,finger_joint,pinky,finger_e15_ring_j1_m0d025,,,,,,P001,rad,0.4568643090661765
P001,,,,direct_distal_orientation_error_rad,15,finger_joint,pinky,finger_e15_ring_j1_m0d025,,,,,,P001,rad,0.6679601712186356
P001,,,,thumb_to_tip_vector_error_m,15,finger_joint,pinky,finger_e15_ring_j1_m0d025,,,,,,P001,m,0.036472904316012356
P001,,,,global_E_bone_diagnostic,15,finger_joint,pinky,finger_e15_ring_j1_m0d025,,,,,,P001,squared_direction,0.8357114194479917
P001,,,,near_interaction_position_error_m,15,finger_joint,pinky,finger_e15_ring_j1_m0d025,proximal,,,,,P001,m,0.011996683326481124
P001,,,,near_interaction_orientation_error_rad,15,finger_joint,pinky,finger_e15_ring_j1_m0d025,proximal,,,,,P001,rad,0.4458861965209085
P001,,,,native_surface_unsigned_distance_m,15,finger_joint,pinky,finger_e15_ring_j1_m0d025,proximal,,,,,P001,m,0.04980734622628659
P001,-0.15600262,-0.07799655,0.01534876,native_surface_signed_distance_m,15,finger_joint,pinky,finger_e15_ring_j1_m0d025,proximal,-0.19930707676547418,-0.0991125451505884,0.027982465361163448,True,P001,m,-0.0498073473572731
P001,,,,near_interaction_position_error_m,15,finger_joint,pinky,finger_e15_ring_j1_m0d025,distal,,,,,P001,m,0.01969018108807013
P001,,,,near_interaction_orientation_error_rad,15,finger_joint,pinky,finger_e15_ring_j1_m0d025,distal,,,,,P001,rad,0.583745259878134
P001,,,,native_surface_unsigned_distance_m,15,finger_joint,pinky,finger_e15_ring_j1_m0d025,distal,,,,,P001,m,0.02159729915889096
P001,-0.15794790832346925,-0.07284460834245383,0.013984441522490162,native_surface_signed_distance_m,15,finger_joint,pinky,finger_e15_ring_j1_m0d025,distal,-0.17885319010398956,-0.07820987627808176,0.013192971614912834,True,P001,m,-0.02159729413688183
P001,,,,global_E_bone_diagnostic,15,finger_joint,ALL,finger_e15_ring_j1_m0d025,,,,,,P001,squared_direction,2.840914361704377
P001,,,,global_E_IM_diagnostic,15,finger_joint,ALL,finger_e15_ring_j1_m0d025,,,,,,P001,m_squared,9.716320729786543e-05
P002,,,,wrist_orientation_error_rad,15,finger_joint,ALL,finger_e15_ring_j1_p0d000,,,,,,P002,rad,0.11673689261425088
P002,,,,wrist_tray_position_error_m,15,finger_joint,ALL,finger_e15_ring_j1_p0d000,,,,,,P002,m,0.0385254026393519
P002,,,,fingertip_position_error_m,15,finger_joint,thumb,finger_e15_ring_j1_p0d000,,,,,,P002,m,0.012597634140484535
P002,,,,fingertip_orientation_error_rad,15,finger_joint,thumb,finger_e15_ring_j1_p0d000,,,,,,P002,rad,0.15425622084832097
P002,,,,wrist_to_tip_vector_error_m,15,finger_joint,thumb,finger_e15_ring_j1_p0d000,,,,,,P002,m,0.027191391463692847
P002,,,,direct_proximal_orientation_error_rad,15,finger_joint,thumb,finger_e15_ring_j1_p0d000,,,,,,P002,rad,0.8659754094241511
P002,,,,direct_distal_orientation_error_rad,15,finger_joint,thumb,finger_e15_ring_j1_p0d000,,,,,,P002,rad,0.16822759748883598
P002,,,,thumb_to_tip_vector_error_m,15,finger_joint,thumb,finger_e15_ring_j1_p0d000,,,,,,P002,m,0.0
P002,,,,global_E_bone_diagnostic,15,finger_joint,thumb,finger_e15_ring_j1_p0d000,,,,,,P002,squared_direction,0.787900247967519
P002,,,,fingertip_position_error_m,15,finger_joint,index,finger_e15_ring_j1_p0d000,,,,,,P002,m,0.007818866182765425
P002,,,,fingertip_orientation_error_rad,15,finger_joint,index,finger_e15_ring_j1_p0d000,,,,,,P002,rad,0.25389013286696893
P002,,,,wrist_to_tip_vector_error_m,15,finger_joint,index,finger_e15_ring_j1_p0d000,,,,,,P002,m,0.035206516858596534
P002,,,,direct_proximal_orientation_error_rad,15,finger_joint,index,finger_e15_ring_j1_p0d000,,,,,,P002,rad,0.7938182988511437
P002,,,,direct_distal_orientation_error_rad,15,finger_joint,index,finger_e15_ring_j1_p0d000,,,,,,P002,rad,0.9563833382313375
P002,,,,thumb_to_tip_vector_error_m,15,finger_joint,index,finger_e15_ring_j1_p0d000,,,,,,P002,m,0.008403243517674724
P002,,,,global_E_bone_diagnostic,15,finger_joint,index,finger_e15_ring_j1_p0d000,,,,,,P002,squared_direction,0.8695949585859012
P002,,,,fingertip_position_error_m,15,finger_joint,middle,finger_e15_ring_j1_p0d000,,,,,,P002,m,0.009468976587869613
P002,,,,fingertip_orientation_error_rad,15,finger_joint,middle,finger_e15_ring_j1_p0d000,,,,,,P002,rad,0.19362105763897436
P002,,,,wrist_to_tip_vector_error_m,15,finger_joint,middle,finger_e15_ring_j1_p0d000,,,,,,P002,m,0.03136724760348735
P002,,,,direct_proximal_orientation_error_rad,15,finger_joint,middle,finger_e15_ring_j1_p0d000,,,,,,P002,rad,0.1325449618188499
P002,,,,direct_distal_orientation_error_rad,15,finger_joint,middle,finger_e15_ring_j1_p0d000,,,,,,P002,rad,0.1428968356003882
P002,,,,thumb_to_tip_vector_error_m,15,finger_joint,middle,finger_e15_ring_j1_p0d000,,,,,,P002,m,0.01088375045045503
P002,,,,global_E_bone_diagnostic,15,finger_joint,middle,finger_e15_ring_j1_p0d000,,,,,,P002,squared_direction,0.0649514862040156
P002,,,,fingertip_position_error_m,15,finger_joint,ring,finger_e15_ring_j1_p0d000,,,,,,P002,m,0.00400659935522747
P002,,,,fingertip_orientation_error_rad,15,finger_joint,ring,finger_e15_ring_j1_p0d000,,,,,,P002,rad,0.30965921886607806
P002,,,,wrist_to_tip_vector_error_m,15,finger_joint,ring,finger_e15_ring_j1_p0d000,,,,,,P002,m,0.04130657397275628
P002,,,,direct_proximal_orientation_error_rad,15,finger_joint,ring,finger_e15_ring_j1_p0d000,,,,,,P002,rad,0.1439884302885359
P002,,,,direct_distal_orientation_error_rad,15,finger_joint,ring,finger_e15_ring_j1_p0d000,,,,,,P002,rad,0.42386676755939195
P002,,,,thumb_to_tip_vector_error_m,15,finger_joint,ring,finger_e15_ring_j1_p0d000,,,,,,P002,m,0.018882437470606635
P002,,,,global_E_bone_diagnostic,15,finger_joint,ring,finger_e15_ring_j1_p0d000,,,,,,P002,squared_direction,0.25596411246398454
P002,,,,near_interaction_position_error_m,15,finger_joint,ring,finger_e15_ring_j1_p0d000,proximal,,,,,P002,m,0.017083466873201777
P002,,,,near_interaction_orientation_error_rad,15,finger_joint,ring,finger_e15_ring_j1_p0d000,proximal,,,,,P002,rad,0.12421997878969938
P002,,,,native_surface_unsigned_distance_m,15,finger_joint,ring,finger_e15_ring_j1_p0d000,proximal,,,,,P002,m,0.04140652912624923
P002,-0.1538781747335967,-0.08115537676920634,0.015957114736565105,native_surface_signed_distance_m,15,finger_joint,ring,finger_e15_ring_j1_p0d000,proximal,-0.18093238257853173,-0.10311854388807269,0.03832203776962581,True,P002,m,-0.0414065346121788
P002,,,,near_interaction_position_error_m,15,finger_joint,ring,finger_e15_ring_j1_p0d000,distal,,,,,P002,m,0.0036655469501042435
P002,,,,near_interaction_orientation_error_rad,15,finger_joint,ring,finger_e15_ring_j1_p0d000,distal,,,,,P002,rad,0.3098116339576967
P002,,,,native_surface_unsigned_distance_m,15,finger_joint,ring,finger_e15_ring_j1_p0d000,distal,,,,,P002,m,0.012667692250341825
P002,-0.15071161231801522,-0.08519929605600983,0.015230088824919939,native_surface_signed_distance_m,15,finger_joint,ring,finger_e15_ring_j1_p0d000,distal,-0.15849510916544707,-0.09364054675058076,0.020581059810338816,True,P002,m,-0.012667683884501457
P002,,,,fingertip_position_error_m,15,finger_joint,pinky,finger_e15_ring_j1_p0d000,,,,,,P002,m,0.021060256842851118
P002,,,,fingertip_orientation_error_rad,15,finger_joint,pinky,finger_e15_ring_j1_p0d000,,,,,,P002,rad,0.616781034245341
P002,,,,wrist_to_tip_vector_error_m,15,finger_joint,pinky,finger_e15_ring_j1_p0d000,,,,,,P002,m,0.05779474718868749
P002,,,,direct_proximal_orientation_error_rad,15,finger_joint,pinky,finger_e15_ring_j1_p0d000,,,,,,P002,rad,0.4568643090661765
P002,,,,direct_distal_orientation_error_rad,15,finger_joint,pinky,finger_e15_ring_j1_p0d000,,,,,,P002,rad,0.6679601712186356
P002,,,,thumb_to_tip_vector_error_m,15,finger_joint,pinky,finger_e15_ring_j1_p0d000,,,,,,P002,m,0.036472904316012356
P002,,,,global_E_bone_diagnostic,15,finger_joint,pinky,finger_e15_ring_j1_p0d000,,,,,,P002,squared_direction,0.8357114194479917
P002,,,,near_interaction_position_error_m,15,finger_joint,pinky,finger_e15_ring_j1_p0d000,proximal,,,,,P002,m,0.011996683326481124
P002,,,,near_interaction_orientation_error_rad,15,finger_joint,pinky,finger_e15_ring_j1_p0d000,proximal,,,,,P002,rad,0.4458861965209085
P002,,,,native_surface_unsigned_distance_m,15,finger_joint,pinky,finger_e15_ring_j1_p0d000,proximal,,,,,P002,m,0.04980734622628659
P002,-0.15600262,-0.07799655,0.01534876,native_surface_signed_distance_m,15,finger_joint,pinky,finger_e15_ring_j1_p0d000,proximal,-0.19930707676547418,-0.0991125451505884,0.027982465361163448,True,P002,m,-0.0498073473572731
P002,,,,near_interaction_position_error_m,15,finger_joint,pinky,finger_e15_ring_j1_p0d000,distal,,,,,P002,m,0.01969018108807013
P002,,,,near_interaction_orientation_error_rad,15,finger_joint,pinky,finger_e15_ring_j1_p0d000,distal,,,,,P002,rad,0.583745259878134
P002,,,,native_surface_unsigned_distance_m,15,finger_joint,pinky,finger_e15_ring_j1_p0d000,distal,,,,,P002,m,0.02159729915889096
P002,-0.15794790832346925,-0.07284460834245383,0.013984441522490162,native_surface_signed_distance_m,15,finger_joint,pinky,finger_e15_ring_j1_p0d000,distal,-0.17885319010398956,-0.07820987627808176,0.013192971614912834,True,P002,m,-0.02159729413688183
P002,,,,global_E_bone_diagnostic,15,finger_joint,ALL,finger_e15_ring_j1_p0d000,,,,,,P002,squared_direction,2.814122224669412
P002,,,,global_E_IM_diagnostic,15,finger_joint,ALL,finger_e15_ring_j1_p0d000,,,,,,P002,m_squared,9.655854094116824e-05
P003,,,,wrist_orientation_error_rad,15,finger_joint,ALL,finger_e15_ring_j1_p0d025,,,,,,P003,rad,0.11673689261425088
P003,,,,wrist_tray_position_error_m,15,finger_joint,ALL,finger_e15_ring_j1_p0d025,,,,,,P003,m,0.0385254026393519
P003,,,,fingertip_position_error_m,15,finger_joint,thumb,finger_e15_ring_j1_p0d025,,,,,,P003,m,0.012597634140484535
P003,,,,fingertip_orientation_error_rad,15,finger_joint,thumb,finger_e15_ring_j1_p0d025,,,,,,P003,rad,0.15425622084832097
P003,,,,wrist_to_tip_vector_error_m,15,finger_joint,thumb,finger_e15_ring_j1_p0d025,,,,,,P003,m,0.027191391463692847
P003,,,,direct_proximal_orientation_error_rad,15,finger_joint,thumb,finger_e15_ring_j1_p0d025,,,,,,P003,rad,0.8659754094241511
P003,,,,direct_distal_orientation_error_rad,15,finger_joint,thumb,finger_e15_ring_j1_p0d025,,,,,,P003,rad,0.16822759748883598
P003,,,,thumb_to_tip_vector_error_m,15,finger_joint,thumb,finger_e15_ring_j1_p0d025,,,,,,P003,m,0.0
P003,,,,global_E_bone_diagnostic,15,finger_joint,thumb,finger_e15_ring_j1_p0d025,,,,,,P003,squared_direction,0.787900247967519
P003,,,,fingertip_position_error_m,15,finger_joint,index,finger_e15_ring_j1_p0d025,,,,,,P003,m,0.007818866182765425
P003,,,,fingertip_orientation_error_rad,15,finger_joint,index,finger_e15_ring_j1_p0d025,,,,,,P003,rad,0.25389013286696893
P003,,,,wrist_to_tip_vector_error_m,15,finger_joint,index,finger_e15_ring_j1_p0d025,,,,,,P003,m,0.035206516858596534
P003,,,,direct_proximal_orientation_error_rad,15,finger_joint,index,finger_e15_ring_j1_p0d025,,,,,,P003,rad,0.7938182988511437
P003,,,,direct_distal_orientation_error_rad,15,finger_joint,index,finger_e15_ring_j1_p0d025,,,,,,P003,rad,0.9563833382313375
P003,,,,thumb_to_tip_vector_error_m,15,finger_joint,index,finger_e15_ring_j1_p0d025,,,,,,P003,m,0.008403243517674724
P003,,,,global_E_bone_diagnostic,15,finger_joint,index,finger_e15_ring_j1_p0d025,,,,,,P003,squared_direction,0.8695949585859012
P003,,,,fingertip_position_error_m,15,finger_joint,middle,finger_e15_ring_j1_p0d025,,,,,,P003,m,0.009468976587869613
P003,,,,fingertip_orientation_error_rad,15,finger_joint,middle,finger_e15_ring_j1_p0d025,,,,,,P003,rad,0.19362105763897436
P003,,,,wrist_to_tip_vector_error_m,15,finger_joint,middle,finger_e15_ring_j1_p0d025,,,,,,P003,m,0.03136724760348735
P003,,,,direct_proximal_orientation_error_rad,15,finger_joint,middle,finger_e15_ring_j1_p0d025,,,,,,P003,rad,0.1325449618188499
P003,,,,direct_distal_orientation_error_rad,15,finger_joint,middle,finger_e15_ring_j1_p0d025,,,,,,P003,rad,0.1428968356003882
P003,,,,thumb_to_tip_vector_error_m,15,finger_joint,middle,finger_e15_ring_j1_p0d025,,,,,,P003,m,0.01088375045045503
P003,,,,global_E_bone_diagnostic,15,finger_joint,middle,finger_e15_ring_j1_p0d025,,,,,,P003,squared_direction,0.0649514862040156
P003,,,,fingertip_position_error_m,15,finger_joint,ring,finger_e15_ring_j1_p0d025,,,,,,P003,m,0.004193274883538275
P003,,,,fingertip_orientation_error_rad,15,finger_joint,ring,finger_e15_ring_j1_p0d025,,,,,,P003,rad,0.31437392145579535
P003,,,,wrist_to_tip_vector_error_m,15,finger_joint,ring,finger_e15_ring_j1_p0d025,,,,,,P003,m,0.03853615979977041
P003,,,,direct_proximal_orientation_error_rad,15,finger_joint,ring,finger_e15_ring_j1_p0d025,,,,,,P003,rad,0.09896690425373939
P003,,,,direct_distal_orientation_error_rad,15,finger_joint,ring,finger_e15_ring_j1_p0d025,,,,,,P003,rad,0.4255828057782575
P003,,,,thumb_to_tip_vector_error_m,15,finger_joint,ring,finger_e15_ring_j1_p0d025,,,,,,P003,m,0.017086136285800475
P003,,,,global_E_bone_diagnostic,15,finger_joint,ring,finger_e15_ring_j1_p0d025,,,,,,P003,squared_direction,0.23798377003424895
P003,,,,near_interaction_position_error_m,15,finger_joint,ring,finger_e15_ring_j1_p0d025,proximal,,,,,P003,m,0.01825271339646295
P003,,,,near_interaction_orientation_error_rad,15,finger_joint,ring,finger_e15_ring_j1_p0d025,proximal,,,,,P003,rad,0.07782062829427996
P003,,,,native_surface_unsigned_distance_m,15,finger_joint,ring,finger_e15_ring_j1_p0d025,proximal,,,,,P003,m,0.041136254578419566
P003,-0.15314437755968263,-0.08198154929125312,0.016033436755909635,native_surface_signed_distance_m,15,finger_joint,ring,finger_e15_ring_j1_p0d025,proximal,-0.18027452334557767,-0.10408018397856167,0.03766205149041147,True,P003,m,-0.041136253625154495
P003,,,,near_interaction_position_error_m,15,finger_joint,ring,finger_e15_ring_j1_p0d025,distal,,,,,P003,m,0.0019880336321357645
P003,,,,near_interaction_orientation_error_rad,15,finger_joint,ring,finger_e15_ring_j1_p0d025,distal,,,,,P003,rad,0.3128411731291448
P003,,,,native_surface_unsigned_distance_m,15,finger_joint,ring,finger_e15_ring_j1_p0d025,distal,,,,,P003,m,0.013384663879823112
P003,-0.14969851151558622,-0.08598201647467962,0.01544325257706746,native_surface_signed_distance_m,15,finger_joint,ring,finger_e15_ring_j1_p0d025,distal,-0.1575891951261088,-0.0959798951070971,0.01955771027959907,True,P003,m,-0.013384668156504631
P003,,,,fingertip_position_error_m,15,finger_joint,pinky,finger_e15_ring_j1_p0d025,,,,,,P003,m,0.021060256842851118
P003,,,,fingertip_orientation_error_rad,15,finger_joint,pinky,finger_e15_ring_j1_p0d025,,,,,,P003,rad,0.616781034245341
P003,,,,wrist_to_tip_vector_error_m,15,finger_joint,pinky,finger_e15_ring_j1_p0d025,,,,,,P003,m,0.05779474718868749
P003,,,,direct_proximal_orientation_error_rad,15,finger_joint,pinky,finger_e15_ring_j1_p0d025,,,,,,P003,rad,0.4568643090661765
P003,,,,direct_distal_orientation_error_rad,15,finger_joint,pinky,finger_e15_ring_j1_p0d025,,,,,,P003,rad,0.6679601712186356
P003,,,,thumb_to_tip_vector_error_m,15,finger_joint,pinky,finger_e15_ring_j1_p0d025,,,,,,P003,m,0.036472904316012356
P003,,,,global_E_bone_diagnostic,15,finger_joint,pinky,finger_e15_ring_j1_p0d025,,,,,,P003,squared_direction,0.8357114194479917
P003,,,,near_interaction_position_error_m,15,finger_joint,pinky,finger_e15_ring_j1_p0d025,proximal,,,,,P003,m,0.011996683326481124
P003,,,,near_interaction_orientation_error_rad,15,finger_joint,pinky,finger_e15_ring_j1_p0d025,proximal,,,,,P003,rad,0.4458861965209085
P003,,,,native_surface_unsigned_distance_m,15,finger_joint,pinky,finger_e15_ring_j1_p0d025,proximal,,,,,P003,m,0.04980734622628659
P003,-0.15600262,-0.07799655,0.01534876,native_surface_signed_distance_m,15,finger_joint,pinky,finger_e15_ring_j1_p0d025,proximal,-0.19930707676547418,-0.0991125451505884,0.027982465361163448,True,P003,m,-0.0498073473572731
P003,,,,near_interaction_position_error_m,15,finger_joint,pinky,finger_e15_ring_j1_p0d025,distal,,,,,P003,m,0.01969018108807013
P003,,,,near_interaction_orientation_error_rad,15,finger_joint,pinky,finger_e15_ring_j1_p0d025,distal,,,,,P003,rad,0.583745259878134
P003,,,,native_surface_unsigned_distance_m,15,finger_joint,pinky,finger_e15_ring_j1_p0d025,distal,,,,,P003,m,0.02159729915889096
P003,-0.15794790832346925,-0.07284460834245383,0.013984441522490162,native_surface_signed_distance_m,15,finger_joint,pinky,finger_e15_ring_j1_p0d025,distal,-0.17885319010398956,-0.07820987627808176,0.013192971614912834,True,P003,m,-0.02159729413688183
P003,,,,global_E_bone_diagnostic,15,finger_joint,ALL,finger_e15_ring_j1_p0d025,,,,,,P003,squared_direction,2.7961418822396764
P003,,,,global_E_IM_diagnostic,15,finger_joint,ALL,finger_e15_ring_j1_p0d025,,,,,,P003,m_squared,9.647293793523493e-05
P004,,,,wrist_orientation_error_rad,15,finger_joint,ALL,finger_e15_ring_j1_p0d050,,,,,,P004,rad,0.11673689261425088
P004,,,,wrist_tray_position_error_m,15,finger_joint,ALL,finger_e15_ring_j1_p0d050,,,,,,P004,m,0.0385254026393519
P004,,,,fingertip_position_error_m,15,finger_joint,thumb,finger_e15_ring_j1_p0d050,,,,,,P004,m,0.012597634140484535
P004,,,,fingertip_orientation_error_rad,15,finger_joint,thumb,finger_e15_ring_j1_p0d050,,,,,,P004,rad,0.15425622084832097
P004,,,,wrist_to_tip_vector_error_m,15,finger_joint,thumb,finger_e15_ring_j1_p0d050,,,,,,P004,m,0.027191391463692847
P004,,,,direct_proximal_orientation_error_rad,15,finger_joint,thumb,finger_e15_ring_j1_p0d050,,,,,,P004,rad,0.8659754094241511
P004,,,,direct_distal_orientation_error_rad,15,finger_joint,thumb,finger_e15_ring_j1_p0d050,,,,,,P004,rad,0.16822759748883598
P004,,,,thumb_to_tip_vector_error_m,15,finger_joint,thumb,finger_e15_ring_j1_p0d050,,,,,,P004,m,0.0
P004,,,,global_E_bone_diagnostic,15,finger_joint,thumb,finger_e15_ring_j1_p0d050,,,,,,P004,squared_direction,0.787900247967519
P004,,,,fingertip_position_error_m,15,finger_joint,index,finger_e15_ring_j1_p0d050,,,,,,P004,m,0.007818866182765425
P004,,,,fingertip_orientation_error_rad,15,finger_joint,index,finger_e15_ring_j1_p0d050,,,,,,P004,rad,0.25389013286696893
P004,,,,wrist_to_tip_vector_error_m,15,finger_joint,index,finger_e15_ring_j1_p0d050,,,,,,P004,m,0.035206516858596534
P004,,,,direct_proximal_orientation_error_rad,15,finger_joint,index,finger_e15_ring_j1_p0d050,,,,,,P004,rad,0.7938182988511437
P004,,,,direct_distal_orientation_error_rad,15,finger_joint,index,finger_e15_ring_j1_p0d050,,,,,,P004,rad,0.9563833382313375
P004,,,,thumb_to_tip_vector_error_m,15,finger_joint,index,finger_e15_ring_j1_p0d050,,,,,,P004,m,0.008403243517674724
P004,,,,global_E_bone_diagnostic,15,finger_joint,index,finger_e15_ring_j1_p0d050,,,,,,P004,squared_direction,0.8695949585859012
P004,,,,fingertip_position_error_m,15,finger_joint,middle,finger_e15_ring_j1_p0d050,,,,,,P004,m,0.009468976587869613
P004,,,,fingertip_orientation_error_rad,15,finger_joint,middle,finger_e15_ring_j1_p0d050,,,,,,P004,rad,0.19362105763897436
P004,,,,wrist_to_tip_vector_error_m,15,finger_joint,middle,finger_e15_ring_j1_p0d050,,,,,,P004,m,0.03136724760348735
P004,,,,direct_proximal_orientation_error_rad,15,finger_joint,middle,finger_e15_ring_j1_p0d050,,,,,,P004,rad,0.1325449618188499
P004,,,,direct_distal_orientation_error_rad,15,finger_joint,middle,finger_e15_ring_j1_p0d050,,,,,,P004,rad,0.1428968356003882
P004,,,,thumb_to_tip_vector_error_m,15,finger_joint,middle,finger_e15_ring_j1_p0d050,,,,,,P004,m,0.01088375045045503
P004,,,,global_E_bone_diagnostic,15,finger_joint,middle,finger_e15_ring_j1_p0d050,,,,,,P004,squared_direction,0.0649514862040156
P004,,,,fingertip_position_error_m,15,finger_joint,ring,finger_e15_ring_j1_p0d050,,,,,,P004,m,0.005934869412875226
P004,,,,fingertip_orientation_error_rad,15,finger_joint,ring,finger_e15_ring_j1_p0d050,,,,,,P004,rad,0.32610461293429926
P004,,,,wrist_to_tip_vector_error_m,15,finger_joint,ring,finger_e15_ring_j1_p0d050,,,,,,P004,m,0.03575424029041844
P004,,,,direct_proximal_orientation_error_rad,15,finger_joint,ring,finger_e15_ring_j1_p0d050,,,,,,P004,rad,0.05883545327085627
P004,,,,direct_distal_orientation_error_rad,15,finger_joint,ring,finger_e15_ring_j1_p0d050,,,,,,P004,rad,0.43232738207661037
P004,,,,thumb_to_tip_vector_error_m,15,finger_joint,ring,finger_e15_ring_j1_p0d050,,,,,,P004,m,0.015529400782974765
P004,,,,global_E_bone_diagnostic,15,finger_joint,ring,finger_e15_ring_j1_p0d050,,,,,,P004,squared_direction,0.22885664096539213
P004,,,,near_interaction_position_error_m,15,finger_joint,ring,finger_e15_ring_j1_p0d050,proximal,,,,,P004,m,0.01942176586382173
P004,,,,near_interaction_orientation_error_rad,15,finger_joint,ring,finger_e15_ring_j1_p0d050,proximal,,,,,P004,rad,0.035896070464695715
P004,,,,native_surface_unsigned_distance_m,15,finger_joint,ring,finger_e15_ring_j1_p0d050,proximal,,,,,P004,m,0.04095122559564162
P004,-0.15299811,-0.08214623,0.01604865,native_surface_signed_distance_m,15,finger_joint,ring,finger_e15_ring_j1_p0d050,proximal,-0.1796553769413526,-0.10508508479434879,0.03702963991292794,True,P004,m,-0.04095122590661049
P004,,,,near_interaction_position_error_m,15,finger_joint,ring,finger_e15_ring_j1_p0d050,distal,,,,,P004,m,0.002942513490359983
P004,,,,near_interaction_orientation_error_rad,15,finger_joint,ring,finger_e15_ring_j1_p0d050,distal,,,,,P004,rad,0.32282418278367253
P004,,,,native_surface_unsigned_distance_m,15,finger_joint,ring,finger_e15_ring_j1_p0d050,distal,,,,,P004,m,0.014478650625444978
P004,-0.14850446,-0.08699691,0.0151918,native_surface_signed_distance_m,15,finger_joint,ring,finger_e15_ring_j1_p0d050,distal,-0.15677425087722455,-0.09838116367143813,0.018603639844573493,True,P004,m,-0.014478644356131554
P004,,,,fingertip_position_error_m,15,finger_joint,pinky,finger_e15_ring_j1_p0d050,,,,,,P004,m,0.021060256842851118
P004,,,,fingertip_orientation_error_rad,15,finger_joint,pinky,finger_e15_ring_j1_p0d050,,,,,,P004,rad,0.616781034245341
P004,,,,wrist_to_tip_vector_error_m,15,finger_joint,pinky,finger_e15_ring_j1_p0d050,,,,,,P004,m,0.05779474718868749
P004,,,,direct_proximal_orientation_error_rad,15,finger_joint,pinky,finger_e15_ring_j1_p0d050,,,,,,P004,rad,0.4568643090661765
P004,,,,direct_distal_orientation_error_rad,15,finger_joint,pinky,finger_e15_ring_j1_p0d050,,,,,,P004,rad,0.6679601712186356
P004,,,,thumb_to_tip_vector_error_m,15,finger_joint,pinky,finger_e15_ring_j1_p0d050,,,,,,P004,m,0.036472904316012356
P004,,,,global_E_bone_diagnostic,15,finger_joint,pinky,finger_e15_ring_j1_p0d050,,,,,,P004,squared_direction,0.8357114194479917
P004,,,,near_interaction_position_error_m,15,finger_joint,pinky,finger_e15_ring_j1_p0d050,proximal,,,,,P004,m,0.011996683326481124
P004,,,,near_interaction_orientation_error_rad,15,finger_joint,pinky,finger_e15_ring_j1_p0d050,proximal,,,,,P004,rad,0.4458861965209085
P004,,,,native_surface_unsigned_distance_m,15,finger_joint,pinky,finger_e15_ring_j1_p0d050,proximal,,,,,P004,m,0.04980734622628659
P004,-0.15600262,-0.07799655,0.01534876,native_surface_signed_distance_m,15,finger_joint,pinky,finger_e15_ring_j1_p0d050,proximal,-0.19930707676547418,-0.0991125451505884,0.027982465361163448,True,P004,m,-0.0498073473572731
P004,,,,near_interaction_position_error_m,15,finger_joint,pinky,finger_e15_ring_j1_p0d050,distal,,,,,P004,m,0.01969018108807013
P004,,,,near_interaction_orientation_error_rad,15,finger_joint,pinky,finger_e15_ring_j1_p0d050,distal,,,,,P004,rad,0.583745259878134
P004,,,,native_surface_unsigned_distance_m,15,finger_joint,pinky,finger_e15_ring_j1_p0d050,distal,,,,,P004,m,0.02159729915889096
P004,-0.15794790832346925,-0.07284460834245383,0.013984441522490162,native_surface_signed_distance_m,15,finger_joint,pinky,finger_e15_ring_j1_p0d050,distal,-0.17885319010398956,-0.07820987627808176,0.013192971614912834,True,P004,m,-0.02159729413688183
P004,,,,global_E_bone_diagnostic,15,finger_joint,ALL,finger_e15_ring_j1_p0d050,,,,,,P004,squared_direction,2.7870147531708196
P004,,,,global_E_IM_diagnostic,15,finger_joint,ALL,finger_e15_ring_j1_p0d050,,,,,,P004,m_squared,9.690659547152603e-05
P005,,,,wrist_orientation_error_rad,15,finger_joint,ALL,finger_e15_ring_j2_m0d050,,,,,,P005,rad,0.11673689261425088
P005,,,,wrist_tray_position_error_m,15,finger_joint,ALL,finger_e15_ring_j2_m0d050,,,,,,P005,m,0.0385254026393519
P005,,,,fingertip_position_error_m,15,finger_joint,thumb,finger_e15_ring_j2_m0d050,,,,,,P005,m,0.012597634140484535
P005,,,,fingertip_orientation_error_rad,15,finger_joint,thumb,finger_e15_ring_j2_m0d050,,,,,,P005,rad,0.15425622084832097
P005,,,,wrist_to_tip_vector_error_m,15,finger_joint,thumb,finger_e15_ring_j2_m0d050,,,,,,P005,m,0.027191391463692847
P005,,,,direct_proximal_orientation_error_rad,15,finger_joint,thumb,finger_e15_ring_j2_m0d050,,,,,,P005,rad,0.8659754094241511
P005,,,,direct_distal_orientation_error_rad,15,finger_joint,thumb,finger_e15_ring_j2_m0d050,,,,,,P005,rad,0.16822759748883598
P005,,,,thumb_to_tip_vector_error_m,15,finger_joint,thumb,finger_e15_ring_j2_m0d050,,,,,,P005,m,0.0
P005,,,,global_E_bone_diagnostic,15,finger_joint,thumb,finger_e15_ring_j2_m0d050,,,,,,P005,squared_direction,0.787900247967519
P005,,,,fingertip_position_error_m,15,finger_joint,index,finger_e15_ring_j2_m0d050,,,,,,P005,m,0.007818866182765425
P005,,,,fingertip_orientation_error_rad,15,finger_joint,index,finger_e15_ring_j2_m0d050,,,,,,P005,rad,0.25389013286696893
P005,,,,wrist_to_tip_vector_error_m,15,finger_joint,index,finger_e15_ring_j2_m0d050,,,,,,P005,m,0.035206516858596534
P005,,,,direct_proximal_orientation_error_rad,15,finger_joint,index,finger_e15_ring_j2_m0d050,,,,,,P005,rad,0.7938182988511437
P005,,,,direct_distal_orientation_error_rad,15,finger_joint,index,finger_e15_ring_j2_m0d050,,,,,,P005,rad,0.9563833382313375
P005,,,,thumb_to_tip_vector_error_m,15,finger_joint,index,finger_e15_ring_j2_m0d050,,,,,,P005,m,0.008403243517674724
P005,,,,global_E_bone_diagnostic,15,finger_joint,index,finger_e15_ring_j2_m0d050,,,,,,P005,squared_direction,0.8695949585859012
P005,,,,fingertip_position_error_m,15,finger_joint,middle,finger_e15_ring_j2_m0d050,,,,,,P005,m,0.009468976587869613
P005,,,,fingertip_orientation_error_rad,15,finger_joint,middle,finger_e15_ring_j2_m0d050,,,,,,P005,rad,0.19362105763897436
P005,,,,wrist_to_tip_vector_error_m,15,finger_joint,middle,finger_e15_ring_j2_m0d050,,,,,,P005,m,0.03136724760348735
P005,,,,direct_proximal_orientation_error_rad,15,finger_joint,middle,finger_e15_ring_j2_m0d050,,,,,,P005,rad,0.1325449618188499
P005,,,,direct_distal_orientation_error_rad,15,finger_joint,middle,finger_e15_ring_j2_m0d050,,,,,,P005,rad,0.1428968356003882
P005,,,,thumb_to_tip_vector_error_m,15,finger_joint,middle,finger_e15_ring_j2_m0d050,,,,,,P005,m,0.01088375045045503
P005,,,,global_E_bone_diagnostic,15,finger_joint,middle,finger_e15_ring_j2_m0d050,,,,,,P005,squared_direction,0.0649514862040156
P005,,,,fingertip_position_error_m,15,finger_joint,ring,finger_e15_ring_j2_m0d050,,,,,,P005,m,0.006003012042751461
P005,,,,fingertip_orientation_error_rad,15,finger_joint,ring,finger_e15_ring_j2_m0d050,,,,,,P005,rad,0.32205274934423117
P005,,,,wrist_to_tip_vector_error_m,15,finger_joint,ring,finger_e15_ring_j2_m0d050,,,,,,P005,m,0.04298653504528507
P005,,,,direct_proximal_orientation_error_rad,15,finger_joint,ring,finger_e15_ring_j2_m0d050,,,,,,P005,rad,0.1439884302885359
P005,,,,direct_distal_orientation_error_rad,15,finger_joint,ring,finger_e15_ring_j2_m0d050,,,,,,P005,rad,0.43558407831433926
P005,,,,thumb_to_tip_vector_error_m,15,finger_joint,ring,finger_e15_ring_j2_m0d050,,,,,,P005,m,0.0210483542654789
P005,,,,global_E_bone_diagnostic,15,finger_joint,ring,finger_e15_ring_j2_m0d050,,,,,,P005,squared_direction,0.2644400375972631
P005,,,,near_interaction_position_error_m,15,finger_joint,ring,finger_e15_ring_j2_m0d050,proximal,,,,,P005,m,0.017083466873201777
P005,,,,near_interaction_orientation_error_rad,15,finger_joint,ring,finger_e15_ring_j2_m0d050,proximal,,,,,P005,rad,0.12421997878969938
P005,,,,native_surface_unsigned_distance_m,15,finger_joint,ring,finger_e15_ring_j2_m0d050,proximal,,,,,P005,m,0.04140652912624923
P005,-0.1538781747335967,-0.08115537676920634,0.015957114736565105,native_surface_signed_distance_m,15,finger_joint,ring,finger_e15_ring_j2_m0d050,proximal,-0.18093238257853173,-0.10311854388807269,0.03832203776962581,True,P005,m,-0.0414065346121788
P005,,,,near_interaction_position_error_m,15,finger_joint,ring,finger_e15_ring_j2_m0d050,distal,,,,,P005,m,0.004681792954145094
P005,,,,near_interaction_orientation_error_rad,15,finger_joint,ring,finger_e15_ring_j2_m0d050,distal,,,,,P005,rad,0.3249449768484222
P005,,,,native_surface_unsigned_distance_m,15,finger_joint,ring,finger_e15_ring_j2_m0d050,distal,,,,,P005,m,0.011358743977437531
P005,-0.15073904205029293,-0.08518290736387797,0.01521604311694038,native_surface_signed_distance_m,15,finger_joint,ring,finger_e15_ring_j2_m0d050,distal,-0.15771987536954088,-0.09273849488189637,0.020032901862161754,True,P005,m,-0.011358745396137238
P005,,,,fingertip_position_error_m,15,finger_joint,pinky,finger_e15_ring_j2_m0d050,,,,,,P005,m,0.021060256842851118
P005,,,,fingertip_orientation_error_rad,15,finger_joint,pinky,finger_e15_ring_j2_m0d050,,,,,,P005,rad,0.616781034245341
P005,,,,wrist_to_tip_vector_error_m,15,finger_joint,pinky,finger_e15_ring_j2_m0d050,,,,,,P005,m,0.05779474718868749
P005,,,,direct_proximal_orientation_error_rad,15,finger_joint,pinky,finger_e15_ring_j2_m0d050,,,,,,P005,rad,0.4568643090661765
P005,,,,direct_distal_orientation_error_rad,15,finger_joint,pinky,finger_e15_ring_j2_m0d050,,,,,,P005,rad,0.6679601712186356
P005,,,,thumb_to_tip_vector_error_m,15,finger_joint,pinky,finger_e15_ring_j2_m0d050,,,,,,P005,m,0.036472904316012356
P005,,,,global_E_bone_diagnostic,15,finger_joint,pinky,finger_e15_ring_j2_m0d050,,,,,,P005,squared_direction,0.8357114194479917
P005,,,,near_interaction_position_error_m,15,finger_joint,pinky,finger_e15_ring_j2_m0d050,proximal,,,,,P005,m,0.011996683326481124
P005,,,,near_interaction_orientation_error_rad,15,finger_joint,pinky,finger_e15_ring_j2_m0d050,proximal,,,,,P005,rad,0.4458861965209085
P005,,,,native_surface_unsigned_distance_m,15,finger_joint,pinky,finger_e15_ring_j2_m0d050,proximal,,,,,P005,m,0.04980734622628659
P005,-0.15600262,-0.07799655,0.01534876,native_surface_signed_distance_m,15,finger_joint,pinky,finger_e15_ring_j2_m0d050,proximal,-0.19930707676547418,-0.0991125451505884,0.027982465361163448,True,P005,m,-0.0498073473572731
P005,,,,near_interaction_position_error_m,15,finger_joint,pinky,finger_e15_ring_j2_m0d050,distal,,,,,P005,m,0.01969018108807013
P005,,,,near_interaction_orientation_error_rad,15,finger_joint,pinky,finger_e15_ring_j2_m0d050,distal,,,,,P005,rad,0.583745259878134
P005,,,,native_surface_unsigned_distance_m,15,finger_joint,pinky,finger_e15_ring_j2_m0d050,distal,,,,,P005,m,0.02159729915889096
P005,-0.15794790832346925,-0.07284460834245383,0.013984441522490162,native_surface_signed_distance_m,15,finger_joint,pinky,finger_e15_ring_j2_m0d050,distal,-0.17885319010398956,-0.07820987627808176,0.013192971614912834,True,P005,m,-0.02159729413688183
P005,,,,global_E_bone_diagnostic,15,finger_joint,ALL,finger_e15_ring_j2_m0d050,,,,,,P005,squared_direction,2.8225981498026904
P005,,,,global_E_IM_diagnostic,15,finger_joint,ALL,finger_e15_ring_j2_m0d050,,,,,,P005,m_squared,9.744306142629716e-05
P006,,,,wrist_orientation_error_rad,15,finger_joint,ALL,finger_e15_ring_j2_m0d025,,,,,,P006,rad,0.11673689261425088
P006,,,,wrist_tray_position_error_m,15,finger_joint,ALL,finger_e15_ring_j2_m0d025,,,,,,P006,m,0.0385254026393519
P006,,,,fingertip_position_error_m,15,finger_joint,thumb,finger_e15_ring_j2_m0d025,,,,,,P006,m,0.012597634140484535
P006,,,,fingertip_orientation_error_rad,15,finger_joint,thumb,finger_e15_ring_j2_m0d025,,,,,,P006,rad,0.15425622084832097
P006,,,,wrist_to_tip_vector_error_m,15,finger_joint,thumb,finger_e15_ring_j2_m0d025,,,,,,P006,m,0.027191391463692847
P006,,,,direct_proximal_orientation_error_rad,15,finger_joint,thumb,finger_e15_ring_j2_m0d025,,,,,,P006,rad,0.8659754094241511
P006,,,,direct_distal_orientation_error_rad,15,finger_joint,thumb,finger_e15_ring_j2_m0d025,,,,,,P006,rad,0.16822759748883598
P006,,,,thumb_to_tip_vector_error_m,15,finger_joint,thumb,finger_e15_ring_j2_m0d025,,,,,,P006,m,0.0
P006,,,,global_E_bone_diagnostic,15,finger_joint,thumb,finger_e15_ring_j2_m0d025,,,,,,P006,squared_direction,0.787900247967519
P006,,,,fingertip_position_error_m,15,finger_joint,index,finger_e15_ring_j2_m0d025,,,,,,P006,m,0.007818866182765425
P006,,,,fingertip_orientation_error_rad,15,finger_joint,index,finger_e15_ring_j2_m0d025,,,,,,P006,rad,0.25389013286696893
P006,,,,wrist_to_tip_vector_error_m,15,finger_joint,index,finger_e15_ring_j2_m0d025,,,,,,P006,m,0.035206516858596534
P006,,,,direct_proximal_orientation_error_rad,15,finger_joint,index,finger_e15_ring_j2_m0d025,,,,,,P006,rad,0.7938182988511437
P006,,,,direct_distal_orientation_error_rad,15,finger_joint,index,finger_e15_ring_j2_m0d025,,,,,,P006,rad,0.9563833382313375
P006,,,,thumb_to_tip_vector_error_m,15,finger_joint,index,finger_e15_ring_j2_m0d025,,,,,,P006,m,0.008403243517674724
P006,,,,global_E_bone_diagnostic,15,finger_joint,index,finger_e15_ring_j2_m0d025,,,,,,P006,squared_direction,0.8695949585859012
P006,,,,fingertip_position_error_m,15,finger_joint,middle,finger_e15_ring_j2_m0d025,,,,,,P006,m,0.009468976587869613
P006,,,,fingertip_orientation_error_rad,15,finger_joint,middle,finger_e15_ring_j2_m0d025,,,,,,P006,rad,0.19362105763897436
P006,,,,wrist_to_tip_vector_error_m,15,finger_joint,middle,finger_e15_ring_j2_m0d025,,,,,,P006,m,0.03136724760348735
P006,,,,direct_proximal_orientation_error_rad,15,finger_joint,middle,finger_e15_ring_j2_m0d025,,,,,,P006,rad,0.1325449618188499
P006,,,,direct_distal_orientation_error_rad,15,finger_joint,middle,finger_e15_ring_j2_m0d025,,,,,,P006,rad,0.1428968356003882
P006,,,,thumb_to_tip_vector_error_m,15,finger_joint,middle,finger_e15_ring_j2_m0d025,,,,,,P006,m,0.01088375045045503
P006,,,,global_E_bone_diagnostic,15,finger_joint,middle,finger_e15_ring_j2_m0d025,,,,,,P006,squared_direction,0.0649514862040156
P006,,,,fingertip_position_error_m,15,finger_joint,ring,finger_e15_ring_j2_m0d025,,,,,,P006,m,0.004932179622997011
P006,,,,fingertip_orientation_error_rad,15,finger_joint,ring,finger_e15_ring_j2_m0d025,,,,,,P006,rad,0.3122784614048916
P006,,,,wrist_to_tip_vector_error_m,15,finger_joint,ring,finger_e15_ring_j2_m0d025,,,,,,P006,m,0.04211109258065331
P006,,,,direct_proximal_orientation_error_rad,15,finger_joint,ring,finger_e15_ring_j2_m0d025,,,,,,P006,rad,0.1439884302885359
P006,,,,direct_distal_orientation_error_rad,15,finger_joint,ring,finger_e15_ring_j2_m0d025,,,,,,P006,rad,0.4272400574921416
P006,,,,thumb_to_tip_vector_error_m,15,finger_joint,ring,finger_e15_ring_j2_m0d025,,,,,,P006,m,0.019941629951942524
P006,,,,global_E_bone_diagnostic,15,finger_joint,ring,finger_e15_ring_j2_m0d025,,,,,,P006,squared_direction,0.2584227216237279
P006,,,,near_interaction_position_error_m,15,finger_joint,ring,finger_e15_ring_j2_m0d025,proximal,,,,,P006,m,0.017083466873201777
P006,,,,near_interaction_orientation_error_rad,15,finger_joint,ring,finger_e15_ring_j2_m0d025,proximal,,,,,P006,rad,0.12421997878969938
P006,,,,native_surface_unsigned_distance_m,15,finger_joint,ring,finger_e15_ring_j2_m0d025,proximal,,,,,P006,m,0.04140652912624923
P006,-0.1538781747335967,-0.08115537676920634,0.015957114736565105,native_surface_signed_distance_m,15,finger_joint,ring,finger_e15_ring_j2_m0d025,proximal,-0.18093238257853173,-0.10311854388807269,0.03832203776962581,True,P006,m,-0.0414065346121788
P006,,,,near_interaction_position_error_m,15,finger_joint,ring,finger_e15_ring_j2_m0d025,distal,,,,,P006,m,0.004143502981589177
P006,,,,near_interaction_orientation_error_rad,15,finger_joint,ring,finger_e15_ring_j2_m0d025,distal,,,,,P006,rad,0.31393711578149736
P006,,,,native_surface_unsigned_distance_m,15,finger_joint,ring,finger_e15_ring_j2_m0d025,distal,,,,,P006,m,0.012012749801358724
P006,-0.15071884180385245,-0.08519497658921889,0.015226386884052114,native_surface_signed_distance_m,15,finger_joint,ring,finger_e15_ring_j2_m0d025,distal,-0.15809979288000178,-0.0932008357693059,0.02029924976315209,True,P006,m,-0.012012740597128868
P006,,,,fingertip_position_error_m,15,finger_joint,pinky,finger_e15_ring_j2_m0d025,,,,,,P006,m,0.021060256842851118
P006,,,,fingertip_orientation_error_rad,15,finger_joint,pinky,finger_e15_ring_j2_m0d025,,,,,,P006,rad,0.616781034245341
P006,,,,wrist_to_tip_vector_error_m,15,finger_joint,pinky,finger_e15_ring_j2_m0d025,,,,,,P006,m,0.05779474718868749
P006,,,,direct_proximal_orientation_error_rad,15,finger_joint,pinky,finger_e15_ring_j2_m0d025,,,,,,P006,rad,0.4568643090661765
P006,,,,direct_distal_orientation_error_rad,15,finger_joint,pinky,finger_e15_ring_j2_m0d025,,,,,,P006,rad,0.6679601712186356
P006,,,,thumb_to_tip_vector_error_m,15,finger_joint,pinky,finger_e15_ring_j2_m0d025,,,,,,P006,m,0.036472904316012356
P006,,,,global_E_bone_diagnostic,15,finger_joint,pinky,finger_e15_ring_j2_m0d025,,,,,,P006,squared_direction,0.8357114194479917
P006,,,,near_interaction_position_error_m,15,finger_joint,pinky,finger_e15_ring_j2_m0d025,proximal,,,,,P006,m,0.011996683326481124
P006,,,,near_interaction_orientation_error_rad,15,finger_joint,pinky,finger_e15_ring_j2_m0d025,proximal,,,,,P006,rad,0.4458861965209085
P006,,,,native_surface_unsigned_distance_m,15,finger_joint,pinky,finger_e15_ring_j2_m0d025,proximal,,,,,P006,m,0.04980734622628659
P006,-0.15600262,-0.07799655,0.01534876,native_surface_signed_distance_m,15,finger_joint,pinky,finger_e15_ring_j2_m0d025,proximal,-0.19930707676547418,-0.0991125451505884,0.027982465361163448,True,P006,m,-0.0498073473572731
P006,,,,near_interaction_position_error_m,15,finger_joint,pinky,finger_e15_ring_j2_m0d025,distal,,,,,P006,m,0.01969018108807013
P006,,,,near_interaction_orientation_error_rad,15,finger_joint,pinky,finger_e15_ring_j2_m0d025,distal,,,,,P006,rad,0.583745259878134
P006,,,,native_surface_unsigned_distance_m,15,finger_joint,pinky,finger_e15_ring_j2_m0d025,distal,,,,,P006,m,0.02159729915889096
P006,-0.15794790832346925,-0.07284460834245383,0.013984441522490162,native_surface_signed_distance_m,15,finger_joint,pinky,finger_e15_ring_j2_m0d025,distal,-0.17885319010398956,-0.07820987627808176,0.013192971614912834,True,P006,m,-0.02159729413688183
P006,,,,global_E_bone_diagnostic,15,finger_joint,ALL,finger_e15_ring_j2_m0d025,,,,,,P006,squared_direction,2.8165808338291556
P006,,,,global_E_IM_diagnostic,15,finger_joint,ALL,finger_e15_ring_j2_m0d025,,,,,,P006,m_squared,9.696287685141717e-05
P007,,,,wrist_orientation_error_rad,15,finger_joint,ALL,finger_e15_ring_j2_p0d000,,,,,,P007,rad,0.11673689261425088
P007,,,,wrist_tray_position_error_m,15,finger_joint,ALL,finger_e15_ring_j2_p0d000,,,,,,P007,m,0.0385254026393519
P007,,,,fingertip_position_error_m,15,finger_joint,thumb,finger_e15_ring_j2_p0d000,,,,,,P007,m,0.012597634140484535
P007,,,,fingertip_orientation_error_rad,15,finger_joint,thumb,finger_e15_ring_j2_p0d000,,,,,,P007,rad,0.15425622084832097
P007,,,,wrist_to_tip_vector_error_m,15,finger_joint,thumb,finger_e15_ring_j2_p0d000,,,,,,P007,m,0.027191391463692847
P007,,,,direct_proximal_orientation_error_rad,15,finger_joint,thumb,finger_e15_ring_j2_p0d000,,,,,,P007,rad,0.8659754094241511
P007,,,,direct_distal_orientation_error_rad,15,finger_joint,thumb,finger_e15_ring_j2_p0d000,,,,,,P007,rad,0.16822759748883598
P007,,,,thumb_to_tip_vector_error_m,15,finger_joint,thumb,finger_e15_ring_j2_p0d000,,,,,,P007,m,0.0
P007,,,,global_E_bone_diagnostic,15,finger_joint,thumb,finger_e15_ring_j2_p0d000,,,,,,P007,squared_direction,0.787900247967519
P007,,,,fingertip_position_error_m,15,finger_joint,index,finger_e15_ring_j2_p0d000,,,,,,P007,m,0.007818866182765425
P007,,,,fingertip_orientation_error_rad,15,finger_joint,index,finger_e15_ring_j2_p0d000,,,,,,P007,rad,0.25389013286696893
P007,,,,wrist_to_tip_vector_error_m,15,finger_joint,index,finger_e15_ring_j2_p0d000,,,,,,P007,m,0.035206516858596534
P007,,,,direct_proximal_orientation_error_rad,15,finger_joint,index,finger_e15_ring_j2_p0d000,,,,,,P007,rad,0.7938182988511437
P007,,,,direct_distal_orientation_error_rad,15,finger_joint,index,finger_e15_ring_j2_p0d000,,,,,,P007,rad,0.9563833382313375
P007,,,,thumb_to_tip_vector_error_m,15,finger_joint,index,finger_e15_ring_j2_p0d000,,,,,,P007,m,0.008403243517674724
P007,,,,global_E_bone_diagnostic,15,finger_joint,index,finger_e15_ring_j2_p0d000,,,,,,P007,squared_direction,0.8695949585859012
P007,,,,fingertip_position_error_m,15,finger_joint,middle,finger_e15_ring_j2_p0d000,,,,,,P007,m,0.009468976587869613
P007,,,,fingertip_orientation_error_rad,15,finger_joint,middle,finger_e15_ring_j2_p0d000,,,,,,P007,rad,0.19362105763897436
P007,,,,wrist_to_tip_vector_error_m,15,finger_joint,middle,finger_e15_ring_j2_p0d000,,,,,,P007,m,0.03136724760348735
P007,,,,direct_proximal_orientation_error_rad,15,finger_joint,middle,finger_e15_ring_j2_p0d000,,,,,,P007,rad,0.1325449618188499
P007,,,,direct_distal_orientation_error_rad,15,finger_joint,middle,finger_e15_ring_j2_p0d000,,,,,,P007,rad,0.1428968356003882
P007,,,,thumb_to_tip_vector_error_m,15,finger_joint,middle,finger_e15_ring_j2_p0d000,,,,,,P007,m,0.01088375045045503
P007,,,,global_E_bone_diagnostic,15,finger_joint,middle,finger_e15_ring_j2_p0d000,,,,,,P007,squared_direction,0.0649514862040156
P007,,,,fingertip_position_error_m,15,finger_joint,ring,finger_e15_ring_j2_p0d000,,,,,,P007,m,0.00400659935522747
P007,,,,fingertip_orientation_error_rad,15,finger_joint,ring,finger_e15_ring_j2_p0d000,,,,,,P007,rad,0.30965921886607806
P007,,,,wrist_to_tip_vector_error_m,15,finger_joint,ring,finger_e15_ring_j2_p0d000,,,,,,P007,m,0.04130657397275628
P007,,,,direct_proximal_orientation_error_rad,15,finger_joint,ring,finger_e15_ring_j2_p0d000,,,,,,P007,rad,0.1439884302885359
P007,,,,direct_distal_orientation_error_rad,15,finger_joint,ring,finger_e15_ring_j2_p0d000,,,,,,P007,rad,0.42386676755939195
P007,,,,thumb_to_tip_vector_error_m,15,finger_joint,ring,finger_e15_ring_j2_p0d000,,,,,,P007,m,0.018882437470606635
P007,,,,global_E_bone_diagnostic,15,finger_joint,ring,finger_e15_ring_j2_p0d000,,,,,,P007,squared_direction,0.25596411246398454
P007,,,,near_interaction_position_error_m,15,finger_joint,ring,finger_e15_ring_j2_p0d000,proximal,,,,,P007,m,0.017083466873201777
P007,,,,near_interaction_orientation_error_rad,15,finger_joint,ring,finger_e15_ring_j2_p0d000,proximal,,,,,P007,rad,0.12421997878969938
P007,,,,native_surface_unsigned_distance_m,15,finger_joint,ring,finger_e15_ring_j2_p0d000,proximal,,,,,P007,m,0.04140652912624923
P007,-0.1538781747335967,-0.08115537676920634,0.015957114736565105,native_surface_signed_distance_m,15,finger_joint,ring,finger_e15_ring_j2_p0d000,proximal,-0.18093238257853173,-0.10311854388807269,0.03832203776962581,True,P007,m,-0.0414065346121788
P007,,,,near_interaction_position_error_m,15,finger_joint,ring,finger_e15_ring_j2_p0d000,distal,,,,,P007,m,0.0036655469501042435
P007,,,,near_interaction_orientation_error_rad,15,finger_joint,ring,finger_e15_ring_j2_p0d000,distal,,,,,P007,rad,0.3098116339576967
P007,,,,native_surface_unsigned_distance_m,15,finger_joint,ring,finger_e15_ring_j2_p0d000,distal,,,,,P007,m,0.012667692250341825
P007,-0.15071161231801522,-0.08519929605600983,0.015230088824919939,native_surface_signed_distance_m,15,finger_joint,ring,finger_e15_ring_j2_p0d000,distal,-0.15849510916544707,-0.09364054675058076,0.020581059810338816,True,P007,m,-0.012667683884501457
P007,,,,fingertip_position_error_m,15,finger_joint,pinky,finger_e15_ring_j2_p0d000,,,,,,P007,m,0.021060256842851118
P007,,,,fingertip_orientation_error_rad,15,finger_joint,pinky,finger_e15_ring_j2_p0d000,,,,,,P007,rad,0.616781034245341
P007,,,,wrist_to_tip_vector_error_m,15,finger_joint,pinky,finger_e15_ring_j2_p0d000,,,,,,P007,m,0.05779474718868749
P007,,,,direct_proximal_orientation_error_rad,15,finger_joint,pinky,finger_e15_ring_j2_p0d000,,,,,,P007,rad,0.4568643090661765
P007,,,,direct_distal_orientation_error_rad,15,finger_joint,pinky,finger_e15_ring_j2_p0d000,,,,,,P007,rad,0.6679601712186356
P007,,,,thumb_to_tip_vector_error_m,15,finger_joint,pinky,finger_e15_ring_j2_p0d000,,,,,,P007,m,0.036472904316012356
P007,,,,global_E_bone_diagnostic,15,finger_joint,pinky,finger_e15_ring_j2_p0d000,,,,,,P007,squared_direction,0.8357114194479917
P007,,,,near_interaction_position_error_m,15,finger_joint,pinky,finger_e15_ring_j2_p0d000,proximal,,,,,P007,m,0.011996683326481124
P007,,,,near_interaction_orientation_error_rad,15,finger_joint,pinky,finger_e15_ring_j2_p0d000,proximal,,,,,P007,rad,0.4458861965209085
P007,,,,native_surface_unsigned_distance_m,15,finger_joint,pinky,finger_e15_ring_j2_p0d000,proximal,,,,,P007,m,0.04980734622628659
P007,-0.15600262,-0.07799655,0.01534876,native_surface_signed_distance_m,15,finger_joint,pinky,finger_e15_ring_j2_p0d000,proximal,-0.19930707676547418,-0.0991125451505884,0.027982465361163448,True,P007,m,-0.0498073473572731
P007,,,,near_interaction_position_error_m,15,finger_joint,pinky,finger_e15_ring_j2_p0d000,distal,,,,,P007,m,0.01969018108807013
P007,,,,near_interaction_orientation_error_rad,15,finger_joint,pinky,finger_e15_ring_j2_p0d000,distal,,,,,P007,rad,0.583745259878134
P007,,,,native_surface_unsigned_distance_m,15,finger_joint,pinky,finger_e15_ring_j2_p0d000,distal,,,,,P007,m,0.02159729915889096
P007,-0.15794790832346925,-0.07284460834245383,0.013984441522490162,native_surface_signed_distance_m,15,finger_joint,pinky,finger_e15_ring_j2_p0d000,distal,-0.17885319010398956,-0.07820987627808176,0.013192971614912834,True,P007,m,-0.02159729413688183
P007,,,,global_E_bone_diagnostic,15,finger_joint,ALL,finger_e15_ring_j2_p0d000,,,,,,P007,squared_direction,2.814122224669412
P007,,,,global_E_IM_diagnostic,15,finger_joint,ALL,finger_e15_ring_j2_p0d000,,,,,,P007,m_squared,9.655854094116824e-05
P008,,,,wrist_orientation_error_rad,15,finger_joint,ALL,finger_e15_ring_j2_p0d025,,,,,,P008,rad,0.11673689261425088
P008,,,,wrist_tray_position_error_m,15,finger_joint,ALL,finger_e15_ring_j2_p0d025,,,,,,P008,m,0.0385254026393519
P008,,,,fingertip_position_error_m,15,finger_joint,thumb,finger_e15_ring_j2_p0d025,,,,,,P008,m,0.012597634140484535
P008,,,,fingertip_orientation_error_rad,15,finger_joint,thumb,finger_e15_ring_j2_p0d025,,,,,,P008,rad,0.15425622084832097
P008,,,,wrist_to_tip_vector_error_m,15,finger_joint,thumb,finger_e15_ring_j2_p0d025,,,,,,P008,m,0.027191391463692847
P008,,,,direct_proximal_orientation_error_rad,15,finger_joint,thumb,finger_e15_ring_j2_p0d025,,,,,,P008,rad,0.8659754094241511
P008,,,,direct_distal_orientation_error_rad,15,finger_joint,thumb,finger_e15_ring_j2_p0d025,,,,,,P008,rad,0.16822759748883598
P008,,,,thumb_to_tip_vector_error_m,15,finger_joint,thumb,finger_e15_ring_j2_p0d025,,,,,,P008,m,0.0
P008,,,,global_E_bone_diagnostic,15,finger_joint,thumb,finger_e15_ring_j2_p0d025,,,,,,P008,squared_direction,0.787900247967519
P008,,,,fingertip_position_error_m,15,finger_joint,index,finger_e15_ring_j2_p0d025,,,,,,P008,m,0.007818866182765425
P008,,,,fingertip_orientation_error_rad,15,finger_joint,index,finger_e15_ring_j2_p0d025,,,,,,P008,rad,0.25389013286696893
P008,,,,wrist_to_tip_vector_error_m,15,finger_joint,index,finger_e15_ring_j2_p0d025,,,,,,P008,m,0.035206516858596534
P008,,,,direct_proximal_orientation_error_rad,15,finger_joint,index,finger_e15_ring_j2_p0d025,,,,,,P008,rad,0.7938182988511437
P008,,,,direct_distal_orientation_error_rad,15,finger_joint,index,finger_e15_ring_j2_p0d025,,,,,,P008,rad,0.9563833382313375
P008,,,,thumb_to_tip_vector_error_m,15,finger_joint,index,finger_e15_ring_j2_p0d025,,,,,,P008,m,0.008403243517674724
P008,,,,global_E_bone_diagnostic,15,finger_joint,index,finger_e15_ring_j2_p0d025,,,,,,P008,squared_direction,0.8695949585859012
P008,,,,fingertip_position_error_m,15,finger_joint,middle,finger_e15_ring_j2_p0d025,,,,,,P008,m,0.009468976587869613
P008,,,,fingertip_orientation_error_rad,15,finger_joint,middle,finger_e15_ring_j2_p0d025,,,,,,P008,rad,0.19362105763897436
P008,,,,wrist_to_tip_vector_error_m,15,finger_joint,middle,finger_e15_ring_j2_p0d025,,,,,,P008,m,0.03136724760348735
P008,,,,direct_proximal_orientation_error_rad,15,finger_joint,middle,finger_e15_ring_j2_p0d025,,,,,,P008,rad,0.1325449618188499
P008,,,,direct_distal_orientation_error_rad,15,finger_joint,middle,finger_e15_ring_j2_p0d025,,,,,,P008,rad,0.1428968356003882
P008,,,,thumb_to_tip_vector_error_m,15,finger_joint,middle,finger_e15_ring_j2_p0d025,,,,,,P008,m,0.01088375045045503
P008,,,,global_E_bone_diagnostic,15,finger_joint,middle,finger_e15_ring_j2_p0d025,,,,,,P008,squared_direction,0.0649514862040156
P008,,,,fingertip_position_error_m,15,finger_joint,ring,finger_e15_ring_j2_p0d025,,,,,,P008,m,0.0033517965155256536
P008,,,,fingertip_orientation_error_rad,15,finger_joint,ring,finger_e15_ring_j2_p0d025,,,,,,P008,rad,0.31437392145579535
P008,,,,wrist_to_tip_vector_error_m,15,finger_joint,ring,finger_e15_ring_j2_p0d025,,,,,,P008,m,0.040579102928712016
P008,,,,direct_proximal_orientation_error_rad,15,finger_joint,ring,finger_e15_ring_j2_p0d025,,,,,,P008,rad,0.1439884302885359
P008,,,,direct_distal_orientation_error_rad,15,finger_joint,ring,finger_e15_ring_j2_p0d025,,,,,,P008,rad,0.4255828057782575
P008,,,,thumb_to_tip_vector_error_m,15,finger_joint,ring,finger_e15_ring_j2_p0d025,,,,,,P008,m,0.01788187528270438
P008,,,,global_E_bone_diagnostic,15,finger_joint,ring,finger_e15_ring_j2_p0d025,,,,,,P008,squared_direction,0.2570698736660005
P008,,,,near_interaction_position_error_m,15,finger_joint,ring,finger_e15_ring_j2_p0d025,proximal,,,,,P008,m,0.017083466873201777
P008,,,,near_interaction_orientation_error_rad,15,finger_joint,ring,finger_e15_ring_j2_p0d025,proximal,,,,,P008,rad,0.12421997878969938
P008,,,,native_surface_unsigned_distance_m,15,finger_joint,ring,finger_e15_ring_j2_p0d025,proximal,,,,,P008,m,0.04140652912624923
P008,-0.1538781747335967,-0.08115537676920634,0.015957114736565105,native_surface_signed_distance_m,15,finger_joint,ring,finger_e15_ring_j2_p0d025,proximal,-0.18093238257853173,-0.10311854388807269,0.03832203776962581,True,P008,m,-0.0414065346121788
P008,,,,near_interaction_position_error_m,15,finger_joint,ring,finger_e15_ring_j2_p0d025,distal,,,,,P008,m,0.003275764869275237
P008,,,,near_interaction_orientation_error_rad,15,finger_joint,ring,finger_e15_ring_j2_p0d025,distal,,,,,P008,rad,0.3128411731291448
P008,,,,native_surface_unsigned_distance_m,15,finger_joint,ring,finger_e15_ring_j2_p0d025,distal,,,,,P008,m,0.01332206995132897
P008,-0.1507173702463185,-0.0851958558141101,0.015227140411909684,native_surface_signed_distance_m,15,finger_joint,ring,finger_e15_ring_j2_p0d025,distal,-0.15890491359201683,-0.09405661492611925,0.02087768283802775,True,P008,m,-0.013322058133780956
P008,,,,fingertip_position_error_m,15,finger_joint,pinky,finger_e15_ring_j2_p0d025,,,,,,P008,m,0.021060256842851118
P008,,,,fingertip_orientation_error_rad,15,finger_joint,pinky,finger_e15_ring_j2_p0d025,,,,,,P008,rad,0.616781034245341
P008,,,,wrist_to_tip_vector_error_m,15,finger_joint,pinky,finger_e15_ring_j2_p0d025,,,,,,P008,m,0.05779474718868749
P008,,,,direct_proximal_orientation_error_rad,15,finger_joint,pinky,finger_e15_ring_j2_p0d025,,,,,,P008,rad,0.4568643090661765
P008,,,,direct_distal_orientation_error_rad,15,finger_joint,pinky,finger_e15_ring_j2_p0d025,,,,,,P008,rad,0.6679601712186356
P008,,,,thumb_to_tip_vector_error_m,15,finger_joint,pinky,finger_e15_ring_j2_p0d025,,,,,,P008,m,0.036472904316012356
P008,,,,global_E_bone_diagnostic,15,finger_joint,pinky,finger_e15_ring_j2_p0d025,,,,,,P008,squared_direction,0.8357114194479917
P008,,,,near_interaction_position_error_m,15,finger_joint,pinky,finger_e15_ring_j2_p0d025,proximal,,,,,P008,m,0.011996683326481124
P008,,,,near_interaction_orientation_error_rad,15,finger_joint,pinky,finger_e15_ring_j2_p0d025,proximal,,,,,P008,rad,0.4458861965209085
P008,,,,native_surface_unsigned_distance_m,15,finger_joint,pinky,finger_e15_ring_j2_p0d025,proximal,,,,,P008,m,0.04980734622628659
P008,-0.15600262,-0.07799655,0.01534876,native_surface_signed_distance_m,15,finger_joint,pinky,finger_e15_ring_j2_p0d025,proximal,-0.19930707676547418,-0.0991125451505884,0.027982465361163448,True,P008,m,-0.0498073473572731
P008,,,,near_interaction_position_error_m,15,finger_joint,pinky,finger_e15_ring_j2_p0d025,distal,,,,,P008,m,0.01969018108807013
P008,,,,near_interaction_orientation_error_rad,15,finger_joint,pinky,finger_e15_ring_j2_p0d025,distal,,,,,P008,rad,0.583745259878134
P008,,,,native_surface_unsigned_distance_m,15,finger_joint,pinky,finger_e15_ring_j2_p0d025,distal,,,,,P008,m,0.02159729915889096
P008,-0.15794790832346925,-0.07284460834245383,0.013984441522490162,native_surface_signed_distance_m,15,finger_joint,pinky,finger_e15_ring_j2_p0d025,distal,-0.17885319010398956,-0.07820987627808176,0.013192971614912834,True,P008,m,-0.02159729413688183
P008,,,,global_E_bone_diagnostic,15,finger_joint,ALL,finger_e15_ring_j2_p0d025,,,,,,P008,squared_direction,2.8152279858714278
P008,,,,global_E_IM_diagnostic,15,finger_joint,ALL,finger_e15_ring_j2_p0d025,,,,,,P008,m_squared,9.623098510663601e-05
P009,,,,wrist_orientation_error_rad,15,finger_joint,ALL,finger_e15_ring_j2_p0d050,,,,,,P009,rad,0.11673689261425088
P009,,,,wrist_tray_position_error_m,15,finger_joint,ALL,finger_e15_ring_j2_p0d050,,,,,,P009,m,0.0385254026393519
P009,,,,fingertip_position_error_m,15,finger_joint,thumb,finger_e15_ring_j2_p0d050,,,,,,P009,m,0.012597634140484535
P009,,,,fingertip_orientation_error_rad,15,finger_joint,thumb,finger_e15_ring_j2_p0d050,,,,,,P009,rad,0.15425622084832097
P009,,,,wrist_to_tip_vector_error_m,15,finger_joint,thumb,finger_e15_ring_j2_p0d050,,,,,,P009,m,0.027191391463692847
P009,,,,direct_proximal_orientation_error_rad,15,finger_joint,thumb,finger_e15_ring_j2_p0d050,,,,,,P009,rad,0.8659754094241511
P009,,,,direct_distal_orientation_error_rad,15,finger_joint,thumb,finger_e15_ring_j2_p0d050,,,,,,P009,rad,0.16822759748883598
P009,,,,thumb_to_tip_vector_error_m,15,finger_joint,thumb,finger_e15_ring_j2_p0d050,,,,,,P009,m,0.0
P009,,,,global_E_bone_diagnostic,15,finger_joint,thumb,finger_e15_ring_j2_p0d050,,,,,,P009,squared_direction,0.787900247967519
P009,,,,fingertip_position_error_m,15,finger_joint,index,finger_e15_ring_j2_p0d050,,,,,,P009,m,0.007818866182765425
P009,,,,fingertip_orientation_error_rad,15,finger_joint,index,finger_e15_ring_j2_p0d050,,,,,,P009,rad,0.25389013286696893
P009,,,,wrist_to_tip_vector_error_m,15,finger_joint,index,finger_e15_ring_j2_p0d050,,,,,,P009,m,0.035206516858596534
P009,,,,direct_proximal_orientation_error_rad,15,finger_joint,index,finger_e15_ring_j2_p0d050,,,,,,P009,rad,0.7938182988511437
P009,,,,direct_distal_orientation_error_rad,15,finger_joint,index,finger_e15_ring_j2_p0d050,,,,,,P009,rad,0.9563833382313375
P009,,,,thumb_to_tip_vector_error_m,15,finger_joint,index,finger_e15_ring_j2_p0d050,,,,,,P009,m,0.008403243517674724
P009,,,,global_E_bone_diagnostic,15,finger_joint,index,finger_e15_ring_j2_p0d050,,,,,,P009,squared_direction,0.8695949585859012
P009,,,,fingertip_position_error_m,15,finger_joint,middle,finger_e15_ring_j2_p0d050,,,,,,P009,m,0.009468976587869613
P009,,,,fingertip_orientation_error_rad,15,finger_joint,middle,finger_e15_ring_j2_p0d050,,,,,,P009,rad,0.19362105763897436
P009,,,,wrist_to_tip_vector_error_m,15,finger_joint,middle,finger_e15_ring_j2_p0d050,,,,,,P009,m,0.03136724760348735
P009,,,,direct_proximal_orientation_error_rad,15,finger_joint,middle,finger_e15_ring_j2_p0d050,,,,,,P009,rad,0.1325449618188499
P009,,,,direct_distal_orientation_error_rad,15,finger_joint,middle,finger_e15_ring_j2_p0d050,,,,,,P009,rad,0.1428968356003882
P009,,,,thumb_to_tip_vector_error_m,15,finger_joint,middle,finger_e15_ring_j2_p0d050,,,,,,P009,m,0.01088375045045503
P009,,,,global_E_bone_diagnostic,15,finger_joint,middle,finger_e15_ring_j2_p0d050,,,,,,P009,squared_direction,0.0649514862040156
P009,,,,fingertip_position_error_m,15,finger_joint,ring,finger_e15_ring_j2_p0d050,,,,,,P009,m,0.0031436602116839693
P009,,,,fingertip_orientation_error_rad,15,finger_joint,ring,finger_e15_ring_j2_p0d050,,,,,,P009,rad,0.3261046129342993
P009,,,,wrist_to_tip_vector_error_m,15,finger_joint,ring,finger_e15_ring_j2_p0d050,,,,,,P009,m,0.03993460859225535
P009,,,,direct_proximal_orientation_error_rad,15,finger_joint,ring,finger_e15_ring_j2_p0d050,,,,,,P009,rad,0.1439884302885359
P009,,,,direct_distal_orientation_error_rad,15,finger_joint,ring,finger_e15_ring_j2_p0d050,,,,,,P009,rad,0.4323273820766117
P009,,,,thumb_to_tip_vector_error_m,15,finger_joint,ring,finger_e15_ring_j2_p0d050,,,,,,P009,m,0.016952828609118207
P009,,,,global_E_bone_diagnostic,15,finger_joint,ring,finger_e15_ring_j2_p0d050,,,,,,P009,squared_direction,0.26173745804509224
P009,,,,near_interaction_position_error_m,15,finger_joint,ring,finger_e15_ring_j2_p0d050,proximal,,,,,P009,m,0.017083466873201777
P009,,,,near_interaction_orientation_error_rad,15,finger_joint,ring,finger_e15_ring_j2_p0d050,proximal,,,,,P009,rad,0.12421997878969938
P009,,,,native_surface_unsigned_distance_m,15,finger_joint,ring,finger_e15_ring_j2_p0d050,proximal,,,,,P009,m,0.04140652912624923
P009,-0.1538781747335967,-0.08115537676920634,0.015957114736565105,native_surface_signed_distance_m,15,finger_joint,ring,finger_e15_ring_j2_p0d050,proximal,-0.18093238257853173,-0.10311854388807269,0.03832203776962581,True,P009,m,-0.0414065346121788
P009,,,,near_interaction_position_error_m,15,finger_joint,ring,finger_e15_ring_j2_p0d050,distal,,,,,P009,m,0.003009659875758786
P009,,,,near_interaction_orientation_error_rad,15,finger_joint,ring,finger_e15_ring_j2_p0d050,distal,,,,,P009,rad,0.3228241827836736
P009,,,,native_surface_unsigned_distance_m,15,finger_joint,ring,finger_e15_ring_j2_p0d050,distal,,,,,P009,m,0.013974534620086873
P009,-0.1507361023250426,-0.08518466378831523,0.01521754843686068,native_surface_signed_distance_m,15,finger_joint,ring,finger_e15_ring_j2_p0d050,distal,-0.1593282621515827,-0.09444808185888598,0.021188435557969246,True,P009,m,-0.013974534347653389
P009,,,,fingertip_position_error_m,15,finger_joint,pinky,finger_e15_ring_j2_p0d050,,,,,,P009,m,0.021060256842851118
P009,,,,fingertip_orientation_error_rad,15,finger_joint,pinky,finger_e15_ring_j2_p0d050,,,,,,P009,rad,0.616781034245341
P009,,,,wrist_to_tip_vector_error_m,15,finger_joint,pinky,finger_e15_ring_j2_p0d050,,,,,,P009,m,0.05779474718868749
P009,,,,direct_proximal_orientation_error_rad,15,finger_joint,pinky,finger_e15_ring_j2_p0d050,,,,,,P009,rad,0.4568643090661765
P009,,,,direct_distal_orientation_error_rad,15,finger_joint,pinky,finger_e15_ring_j2_p0d050,,,,,,P009,rad,0.6679601712186356
P009,,,,thumb_to_tip_vector_error_m,15,finger_joint,pinky,finger_e15_ring_j2_p0d050,,,,,,P009,m,0.036472904316012356
P009,,,,global_E_bone_diagnostic,15,finger_joint,pinky,finger_e15_ring_j2_p0d050,,,,,,P009,squared_direction,0.8357114194479917
P009,,,,near_interaction_position_error_m,15,finger_joint,pinky,finger_e15_ring_j2_p0d050,proximal,,,,,P009,m,0.011996683326481124
P009,,,,near_interaction_orientation_error_rad,15,finger_joint,pinky,finger_e15_ring_j2_p0d050,proximal,,,,,P009,rad,0.4458861965209085
P009,,,,native_surface_unsigned_distance_m,15,finger_joint,pinky,finger_e15_ring_j2_p0d050,proximal,,,,,P009,m,0.04980734622628659
P009,-0.15600262,-0.07799655,0.01534876,native_surface_signed_distance_m,15,finger_joint,pinky,finger_e15_ring_j2_p0d050,proximal,-0.19930707676547418,-0.0991125451505884,0.027982465361163448,True,P009,m,-0.0498073473572731
P009,,,,near_interaction_position_error_m,15,finger_joint,pinky,finger_e15_ring_j2_p0d050,distal,,,,,P009,m,0.01969018108807013
P009,,,,near_interaction_orientation_error_rad,15,finger_joint,pinky,finger_e15_ring_j2_p0d050,distal,,,,,P009,rad,0.583745259878134
P009,,,,native_surface_unsigned_distance_m,15,finger_joint,pinky,finger_e15_ring_j2_p0d050,distal,,,,,P009,m,0.02159729915889096
P009,-0.15794790832346925,-0.07284460834245383,0.013984441522490162,native_surface_signed_distance_m,15,finger_joint,pinky,finger_e15_ring_j2_p0d050,distal,-0.17885319010398956,-0.07820987627808176,0.013192971614912834,True,P009,m,-0.02159729413688183
P009,,,,global_E_bone_diagnostic,15,finger_joint,ALL,finger_e15_ring_j2_p0d050,,,,,,P009,squared_direction,2.8198955702505195
P009,,,,global_E_IM_diagnostic,15,finger_joint,ALL,finger_e15_ring_j2_p0d050,,,,,,P009,m_squared,9.598096389157415e-05
P010,,,,wrist_orientation_error_rad,15,finger_joint,ALL,finger_e15_pinky_j1_m0d050,,,,,,P010,rad,0.11673689261425088
P010,,,,wrist_tray_position_error_m,15,finger_joint,ALL,finger_e15_pinky_j1_m0d050,,,,,,P010,m,0.0385254026393519
P010,,,,fingertip_position_error_m,15,finger_joint,thumb,finger_e15_pinky_j1_m0d050,,,,,,P010,m,0.012597634140484535
P010,,,,fingertip_orientation_error_rad,15,finger_joint,thumb,finger_e15_pinky_j1_m0d050,,,,,,P010,rad,0.15425622084832097
P010,,,,wrist_to_tip_vector_error_m,15,finger_joint,thumb,finger_e15_pinky_j1_m0d050,,,,,,P010,m,0.027191391463692847
P010,,,,direct_proximal_orientation_error_rad,15,finger_joint,thumb,finger_e15_pinky_j1_m0d050,,,,,,P010,rad,0.8659754094241511
P010,,,,direct_distal_orientation_error_rad,15,finger_joint,thumb,finger_e15_pinky_j1_m0d050,,,,,,P010,rad,0.16822759748883598
P010,,,,thumb_to_tip_vector_error_m,15,finger_joint,thumb,finger_e15_pinky_j1_m0d050,,,,,,P010,m,0.0
P010,,,,global_E_bone_diagnostic,15,finger_joint,thumb,finger_e15_pinky_j1_m0d050,,,,,,P010,squared_direction,0.787900247967519
P010,,,,fingertip_position_error_m,15,finger_joint,index,finger_e15_pinky_j1_m0d050,,,,,,P010,m,0.007818866182765425
P010,,,,fingertip_orientation_error_rad,15,finger_joint,index,finger_e15_pinky_j1_m0d050,,,,,,P010,rad,0.25389013286696893
P010,,,,wrist_to_tip_vector_error_m,15,finger_joint,index,finger_e15_pinky_j1_m0d050,,,,,,P010,m,0.035206516858596534
P010,,,,direct_proximal_orientation_error_rad,15,finger_joint,index,finger_e15_pinky_j1_m0d050,,,,,,P010,rad,0.7938182988511437
P010,,,,direct_distal_orientation_error_rad,15,finger_joint,index,finger_e15_pinky_j1_m0d050,,,,,,P010,rad,0.9563833382313375
P010,,,,thumb_to_tip_vector_error_m,15,finger_joint,index,finger_e15_pinky_j1_m0d050,,,,,,P010,m,0.008403243517674724
P010,,,,global_E_bone_diagnostic,15,finger_joint,index,finger_e15_pinky_j1_m0d050,,,,,,P010,squared_direction,0.8695949585859012
P010,,,,fingertip_position_error_m,15,finger_joint,middle,finger_e15_pinky_j1_m0d050,,,,,,P010,m,0.009468976587869613
P010,,,,fingertip_orientation_error_rad,15,finger_joint,middle,finger_e15_pinky_j1_m0d050,,,,,,P010,rad,0.19362105763897436
P010,,,,wrist_to_tip_vector_error_m,15,finger_joint,middle,finger_e15_pinky_j1_m0d050,,,,,,P010,m,0.03136724760348735
P010,,,,direct_proximal_orientation_error_rad,15,finger_joint,middle,finger_e15_pinky_j1_m0d050,,,,,,P010,rad,0.1325449618188499
P010,,,,direct_distal_orientation_error_rad,15,finger_joint,middle,finger_e15_pinky_j1_m0d050,,,,,,P010,rad,0.1428968356003882
P010,,,,thumb_to_tip_vector_error_m,15,finger_joint,middle,finger_e15_pinky_j1_m0d050,,,,,,P010,m,0.01088375045045503
P010,,,,global_E_bone_diagnostic,15,finger_joint,middle,finger_e15_pinky_j1_m0d050,,,,,,P010,squared_direction,0.0649514862040156
P010,,,,fingertip_position_error_m,15,finger_joint,ring,finger_e15_pinky_j1_m0d050,,,,,,P010,m,0.00400659935522747
P010,,,,fingertip_orientation_error_rad,15,finger_joint,ring,finger_e15_pinky_j1_m0d050,,,,,,P010,rad,0.30965921886607806
P010,,,,wrist_to_tip_vector_error_m,15,finger_joint,ring,finger_e15_pinky_j1_m0d050,,,,,,P010,m,0.04130657397275628
P010,,,,direct_proximal_orientation_error_rad,15,finger_joint,ring,finger_e15_pinky_j1_m0d050,,,,,,P010,rad,0.1439884302885359
P010,,,,direct_distal_orientation_error_rad,15,finger_joint,ring,finger_e15_pinky_j1_m0d050,,,,,,P010,rad,0.42386676755939195
P010,,,,thumb_to_tip_vector_error_m,15,finger_joint,ring,finger_e15_pinky_j1_m0d050,,,,,,P010,m,0.018882437470606635
P010,,,,global_E_bone_diagnostic,15,finger_joint,ring,finger_e15_pinky_j1_m0d050,,,,,,P010,squared_direction,0.25596411246398454
P010,,,,near_interaction_position_error_m,15,finger_joint,ring,finger_e15_pinky_j1_m0d050,proximal,,,,,P010,m,0.017083466873201777
P010,,,,near_interaction_orientation_error_rad,15,finger_joint,ring,finger_e15_pinky_j1_m0d050,proximal,,,,,P010,rad,0.12421997878969938
P010,,,,native_surface_unsigned_distance_m,15,finger_joint,ring,finger_e15_pinky_j1_m0d050,proximal,,,,,P010,m,0.04140652912624923
P010,-0.1538781747335967,-0.08115537676920634,0.015957114736565105,native_surface_signed_distance_m,15,finger_joint,ring,finger_e15_pinky_j1_m0d050,proximal,-0.18093238257853173,-0.10311854388807269,0.03832203776962581,True,P010,m,-0.0414065346121788
P010,,,,near_interaction_position_error_m,15,finger_joint,ring,finger_e15_pinky_j1_m0d050,distal,,,,,P010,m,0.0036655469501042435
P010,,,,near_interaction_orientation_error_rad,15,finger_joint,ring,finger_e15_pinky_j1_m0d050,distal,,,,,P010,rad,0.3098116339576967
P010,,,,native_surface_unsigned_distance_m,15,finger_joint,ring,finger_e15_pinky_j1_m0d050,distal,,,,,P010,m,0.012667692250341825
P010,-0.15071161231801522,-0.08519929605600983,0.015230088824919939,native_surface_signed_distance_m,15,finger_joint,ring,finger_e15_pinky_j1_m0d050,distal,-0.15849510916544707,-0.09364054675058076,0.020581059810338816,True,P010,m,-0.012667683884501457
P010,,,,fingertip_position_error_m,15,finger_joint,pinky,finger_e15_pinky_j1_m0d050,,,,,,P010,m,0.02380176053243693
P010,,,,fingertip_orientation_error_rad,15,finger_joint,pinky,finger_e15_pinky_j1_m0d050,,,,,,P010,rad,0.6163446951854643
P010,,,,wrist_to_tip_vector_error_m,15,finger_joint,pinky,finger_e15_pinky_j1_m0d050,,,,,,P010,m,0.062302389426726286
P010,,,,direct_proximal_orientation_error_rad,15,finger_joint,pinky,finger_e15_pinky_j1_m0d050,,,,,,P010,rad,0.5528637341855316
P010,,,,direct_distal_orientation_error_rad,15,finger_joint,pinky,finger_e15_pinky_j1_m0d050,,,,,,P010,rad,0.6636912082201587
P010,,,,thumb_to_tip_vector_error_m,15,finger_joint,pinky,finger_e15_pinky_j1_m0d050,,,,,,P010,m,0.03942581872197709
P010,,,,global_E_bone_diagnostic,15,finger_joint,pinky,finger_e15_pinky_j1_m0d050,,,,,,P010,squared_direction,0.9273972207330823
P010,,,,near_interaction_position_error_m,15,finger_joint,pinky,finger_e15_pinky_j1_m0d050,proximal,,,,,P010,m,0.011483976568272096
P010,,,,near_interaction_orientation_error_rad,15,finger_joint,pinky,finger_e15_pinky_j1_m0d050,proximal,,,,,P010,rad,0.5418104422001373
P010,,,,native_surface_unsigned_distance_m,15,finger_joint,pinky,finger_e15_pinky_j1_m0d050,proximal,,,,,P010,m,0.05141084015340152
P010,-0.15633975985769594,-0.07718126395361881,0.01548475550246792,native_surface_signed_distance_m,15,finger_joint,pinky,finger_e15_pinky_j1_m0d050,proximal,-0.20113611161203965,-0.09806578139169628,0.029633899863818803,True,P010,m,-0.05141083896160126
P010,,,,near_interaction_position_error_m,15,finger_joint,pinky,finger_e15_pinky_j1_m0d050,distal,,,,,P010,m,0.023101174961796596
P010,,,,near_interaction_orientation_error_rad,15,finger_joint,pinky,finger_e15_pinky_j1_m0d050,distal,,,,,P010,rad,0.5855782034841001
P010,,,,native_surface_unsigned_distance_m,15,finger_joint,pinky,finger_e15_pinky_j1_m0d050,distal,,,,,P010,m,0.02421532073986833
P010,-0.15833872062544416,-0.07102729752249051,0.014594177874824218,native_surface_signed_distance_m,15,finger_joint,pinky,finger_e15_pinky_j1_m0d050,distal,-0.18218401137611467,-0.07485514875774811,0.01636376044464715,True,P010,m,-0.024215316399931908
P010,,,,global_E_bone_diagnostic,15,finger_joint,ALL,finger_e15_pinky_j1_m0d050,,,,,,P010,squared_direction,2.905808025954503
P010,,,,global_E_IM_diagnostic,15,finger_joint,ALL,finger_e15_pinky_j1_m0d050,,,,,,P010,m_squared,0.00010302958108690809
P011,,,,wrist_orientation_error_rad,15,finger_joint,ALL,finger_e15_pinky_j1_m0d025,,,,,,P011,rad,0.11673689261425088
P011,,,,wrist_tray_position_error_m,15,finger_joint,ALL,finger_e15_pinky_j1_m0d025,,,,,,P011,m,0.0385254026393519
P011,,,,fingertip_position_error_m,15,finger_joint,thumb,finger_e15_pinky_j1_m0d025,,,,,,P011,m,0.012597634140484535
P011,,,,fingertip_orientation_error_rad,15,finger_joint,thumb,finger_e15_pinky_j1_m0d025,,,,,,P011,rad,0.15425622084832097
P011,,,,wrist_to_tip_vector_error_m,15,finger_joint,thumb,finger_e15_pinky_j1_m0d025,,,,,,P011,m,0.027191391463692847
P011,,,,direct_proximal_orientation_error_rad,15,finger_joint,thumb,finger_e15_pinky_j1_m0d025,,,,,,P011,rad,0.8659754094241511
P011,,,,direct_distal_orientation_error_rad,15,finger_joint,thumb,finger_e15_pinky_j1_m0d025,,,,,,P011,rad,0.16822759748883598
P011,,,,thumb_to_tip_vector_error_m,15,finger_joint,thumb,finger_e15_pinky_j1_m0d025,,,,,,P011,m,0.0
P011,,,,global_E_bone_diagnostic,15,finger_joint,thumb,finger_e15_pinky_j1_m0d025,,,,,,P011,squared_direction,0.787900247967519
P011,,,,fingertip_position_error_m,15,finger_joint,index,finger_e15_pinky_j1_m0d025,,,,,,P011,m,0.007818866182765425
P011,,,,fingertip_orientation_error_rad,15,finger_joint,index,finger_e15_pinky_j1_m0d025,,,,,,P011,rad,0.25389013286696893
P011,,,,wrist_to_tip_vector_error_m,15,finger_joint,index,finger_e15_pinky_j1_m0d025,,,,,,P011,m,0.035206516858596534
P011,,,,direct_proximal_orientation_error_rad,15,finger_joint,index,finger_e15_pinky_j1_m0d025,,,,,,P011,rad,0.7938182988511437
P011,,,,direct_distal_orientation_error_rad,15,finger_joint,index,finger_e15_pinky_j1_m0d025,,,,,,P011,rad,0.9563833382313375
P011,,,,thumb_to_tip_vector_error_m,15,finger_joint,index,finger_e15_pinky_j1_m0d025,,,,,,P011,m,0.008403243517674724
P011,,,,global_E_bone_diagnostic,15,finger_joint,index,finger_e15_pinky_j1_m0d025,,,,,,P011,squared_direction,0.8695949585859012
P011,,,,fingertip_position_error_m,15,finger_joint,middle,finger_e15_pinky_j1_m0d025,,,,,,P011,m,0.009468976587869613
P011,,,,fingertip_orientation_error_rad,15,finger_joint,middle,finger_e15_pinky_j1_m0d025,,,,,,P011,rad,0.19362105763897436
P011,,,,wrist_to_tip_vector_error_m,15,finger_joint,middle,finger_e15_pinky_j1_m0d025,,,,,,P011,m,0.03136724760348735
P011,,,,direct_proximal_orientation_error_rad,15,finger_joint,middle,finger_e15_pinky_j1_m0d025,,,,,,P011,rad,0.1325449618188499
P011,,,,direct_distal_orientation_error_rad,15,finger_joint,middle,finger_e15_pinky_j1_m0d025,,,,,,P011,rad,0.1428968356003882
P011,,,,thumb_to_tip_vector_error_m,15,finger_joint,middle,finger_e15_pinky_j1_m0d025,,,,,,P011,m,0.01088375045045503
P011,,,,global_E_bone_diagnostic,15,finger_joint,middle,finger_e15_pinky_j1_m0d025,,,,,,P011,squared_direction,0.0649514862040156
P011,,,,fingertip_position_error_m,15,finger_joint,ring,finger_e15_pinky_j1_m0d025,,,,,,P011,m,0.00400659935522747
P011,,,,fingertip_orientation_error_rad,15,finger_joint,ring,finger_e15_pinky_j1_m0d025,,,,,,P011,rad,0.30965921886607806
P011,,,,wrist_to_tip_vector_error_m,15,finger_joint,ring,finger_e15_pinky_j1_m0d025,,,,,,P011,m,0.04130657397275628
P011,,,,direct_proximal_orientation_error_rad,15,finger_joint,ring,finger_e15_pinky_j1_m0d025,,,,,,P011,rad,0.1439884302885359
P011,,,,direct_distal_orientation_error_rad,15,finger_joint,ring,finger_e15_pinky_j1_m0d025,,,,,,P011,rad,0.42386676755939195
P011,,,,thumb_to_tip_vector_error_m,15,finger_joint,ring,finger_e15_pinky_j1_m0d025,,,,,,P011,m,0.018882437470606635
P011,,,,global_E_bone_diagnostic,15,finger_joint,ring,finger_e15_pinky_j1_m0d025,,,,,,P011,squared_direction,0.25596411246398454
P011,,,,near_interaction_position_error_m,15,finger_joint,ring,finger_e15_pinky_j1_m0d025,proximal,,,,,P011,m,0.017083466873201777
P011,,,,near_interaction_orientation_error_rad,15,finger_joint,ring,finger_e15_pinky_j1_m0d025,proximal,,,,,P011,rad,0.12421997878969938
P011,,,,native_surface_unsigned_distance_m,15,finger_joint,ring,finger_e15_pinky_j1_m0d025,proximal,,,,,P011,m,0.04140652912624923
P011,-0.1538781747335967,-0.08115537676920634,0.015957114736565105,native_surface_signed_distance_m,15,finger_joint,ring,finger_e15_pinky_j1_m0d025,proximal,-0.18093238257853173,-0.10311854388807269,0.03832203776962581,True,P011,m,-0.0414065346121788
P011,,,,near_interaction_position_error_m,15,finger_joint,ring,finger_e15_pinky_j1_m0d025,distal,,,,,P011,m,0.0036655469501042435
P011,,,,near_interaction_orientation_error_rad,15,finger_joint,ring,finger_e15_pinky_j1_m0d025,distal,,,,,P011,rad,0.3098116339576967
P011,,,,native_surface_unsigned_distance_m,15,finger_joint,ring,finger_e15_pinky_j1_m0d025,distal,,,,,P011,m,0.012667692250341825
P011,-0.15071161231801522,-0.08519929605600983,0.015230088824919939,native_surface_signed_distance_m,15,finger_joint,ring,finger_e15_pinky_j1_m0d025,distal,-0.15849510916544707,-0.09364054675058076,0.020581059810338816,True,P011,m,-0.012667683884501457
P011,,,,fingertip_position_error_m,15,finger_joint,pinky,finger_e15_pinky_j1_m0d025,,,,,,P011,m,0.02230831774044865
P011,,,,fingertip_orientation_error_rad,15,finger_joint,pinky,finger_e15_pinky_j1_m0d025,,,,,,P011,rad,0.6147510362433471
P011,,,,wrist_to_tip_vector_error_m,15,finger_joint,pinky,finger_e15_pinky_j1_m0d025,,,,,,P011,m,0.06005810080884437
P011,,,,direct_proximal_orientation_error_rad,15,finger_joint,pinky,finger_e15_pinky_j1_m0d025,,,,,,P011,rad,0.5048639966406474
P011,,,,direct_distal_orientation_error_rad,15,finger_joint,pinky,finger_e15_pinky_j1_m0d025,,,,,,P011,rad,0.6643591993071974
P011,,,,thumb_to_tip_vector_error_m,15,finger_joint,pinky,finger_e15_pinky_j1_m0d025,,,,,,P011,m,0.03790631265552598
P011,,,,global_E_bone_diagnostic,15,finger_joint,pinky,finger_e15_pinky_j1_m0d025,,,,,,P011,squared_direction,0.8794397740376245
P011,,,,near_interaction_position_error_m,15,finger_joint,pinky,finger_e15_pinky_j1_m0d025,proximal,,,,,P011,m,0.011695530537826099
P011,,,,near_interaction_orientation_error_rad,15,finger_joint,pinky,finger_e15_pinky_j1_m0d025,proximal,,,,,P011,rad,0.49384494085523734
P011,,,,native_surface_unsigned_distance_m,15,finger_joint,pinky,finger_e15_pinky_j1_m0d025,proximal,,,,,P011,m,0.05057818561730542
P011,-0.15600262,-0.07799655,0.01534876,native_surface_signed_distance_m,15,finger_joint,pinky,finger_e15_pinky_j1_m0d025,proximal,-0.20021029507712215,-0.09855971616945493,0.028802031784275327,True,P011,m,-0.050578173249959946
P011,,,,near_interaction_position_error_m,15,finger_joint,pinky,finger_e15_pinky_j1_m0d025,distal,,,,,P011,m,0.02132422584318955
P011,,,,near_interaction_orientation_error_rad,15,finger_joint,pinky,finger_e15_pinky_j1_m0d025,distal,,,,,P011,rad,0.5829178247654279
P011,,,,native_surface_unsigned_distance_m,15,finger_joint,pinky,finger_e15_pinky_j1_m0d025,distal,,,,,P011,m,0.02278423314294982
P011,-0.15822482855576486,-0.07162119092195761,0.014556938200470203,native_surface_signed_distance_m,15,finger_joint,pinky,finger_e15_pinky_j1_m0d025,distal,-0.18048458196959455,-0.07647763173879205,0.014756037322454767,True,P011,m,-0.022784236818552017
P011,,,,global_E_bone_diagnostic,15,finger_joint,ALL,finger_e15_pinky_j1_m0d025,,,,,,P011,squared_direction,2.857850579259045
P011,,,,global_E_IM_diagnostic,15,finger_joint,ALL,finger_e15_pinky_j1_m0d025,,,,,,P011,m_squared,9.961186325511063e-05
P012,,,,wrist_orientation_error_rad,15,finger_joint,ALL,finger_e15_pinky_j1_p0d000,,,,,,P012,rad,0.11673689261425088
P012,,,,wrist_tray_position_error_m,15,finger_joint,ALL,finger_e15_pinky_j1_p0d000,,,,,,P012,m,0.0385254026393519
P012,,,,fingertip_position_error_m,15,finger_joint,thumb,finger_e15_pinky_j1_p0d000,,,,,,P012,m,0.012597634140484535
P012,,,,fingertip_orientation_error_rad,15,finger_joint,thumb,finger_e15_pinky_j1_p0d000,,,,,,P012,rad,0.15425622084832097
P012,,,,wrist_to_tip_vector_error_m,15,finger_joint,thumb,finger_e15_pinky_j1_p0d000,,,,,,P012,m,0.027191391463692847
P012,,,,direct_proximal_orientation_error_rad,15,finger_joint,thumb,finger_e15_pinky_j1_p0d000,,,,,,P012,rad,0.8659754094241511
P012,,,,direct_distal_orientation_error_rad,15,finger_joint,thumb,finger_e15_pinky_j1_p0d000,,,,,,P012,rad,0.16822759748883598
P012,,,,thumb_to_tip_vector_error_m,15,finger_joint,thumb,finger_e15_pinky_j1_p0d000,,,,,,P012,m,0.0
P012,,,,global_E_bone_diagnostic,15,finger_joint,thumb,finger_e15_pinky_j1_p0d000,,,,,,P012,squared_direction,0.787900247967519
P012,,,,fingertip_position_error_m,15,finger_joint,index,finger_e15_pinky_j1_p0d000,,,,,,P012,m,0.007818866182765425
P012,,,,fingertip_orientation_error_rad,15,finger_joint,index,finger_e15_pinky_j1_p0d000,,,,,,P012,rad,0.25389013286696893
P012,,,,wrist_to_tip_vector_error_m,15,finger_joint,index,finger_e15_pinky_j1_p0d000,,,,,,P012,m,0.035206516858596534
P012,,,,direct_proximal_orientation_error_rad,15,finger_joint,index,finger_e15_pinky_j1_p0d000,,,,,,P012,rad,0.7938182988511437
P012,,,,direct_distal_orientation_error_rad,15,finger_joint,index,finger_e15_pinky_j1_p0d000,,,,,,P012,rad,0.9563833382313375
P012,,,,thumb_to_tip_vector_error_m,15,finger_joint,index,finger_e15_pinky_j1_p0d000,,,,,,P012,m,0.008403243517674724
P012,,,,global_E_bone_diagnostic,15,finger_joint,index,finger_e15_pinky_j1_p0d000,,,,,,P012,squared_direction,0.8695949585859012
P012,,,,fingertip_position_error_m,15,finger_joint,middle,finger_e15_pinky_j1_p0d000,,,,,,P012,m,0.009468976587869613
P012,,,,fingertip_orientation_error_rad,15,finger_joint,middle,finger_e15_pinky_j1_p0d000,,,,,,P012,rad,0.19362105763897436
P012,,,,wrist_to_tip_vector_error_m,15,finger_joint,middle,finger_e15_pinky_j1_p0d000,,,,,,P012,m,0.03136724760348735
P012,,,,direct_proximal_orientation_error_rad,15,finger_joint,middle,finger_e15_pinky_j1_p0d000,,,,,,P012,rad,0.1325449618188499
P012,,,,direct_distal_orientation_error_rad,15,finger_joint,middle,finger_e15_pinky_j1_p0d000,,,,,,P012,rad,0.1428968356003882
P012,,,,thumb_to_tip_vector_error_m,15,finger_joint,middle,finger_e15_pinky_j1_p0d000,,,,,,P012,m,0.01088375045045503
P012,,,,global_E_bone_diagnostic,15,finger_joint,middle,finger_e15_pinky_j1_p0d000,,,,,,P012,squared_direction,0.0649514862040156
P012,,,,fingertip_position_error_m,15,finger_joint,ring,finger_e15_pinky_j1_p0d000,,,,,,P012,m,0.00400659935522747
P012,,,,fingertip_orientation_error_rad,15,finger_joint,ring,finger_e15_pinky_j1_p0d000,,,,,,P012,rad,0.30965921886607806
P012,,,,wrist_to_tip_vector_error_m,15,finger_joint,ring,finger_e15_pinky_j1_p0d000,,,,,,P012,m,0.04130657397275628
P012,,,,direct_proximal_orientation_error_rad,15,finger_joint,ring,finger_e15_pinky_j1_p0d000,,,,,,P012,rad,0.1439884302885359
P012,,,,direct_distal_orientation_error_rad,15,finger_joint,ring,finger_e15_pinky_j1_p0d000,,,,,,P012,rad,0.42386676755939195
P012,,,,thumb_to_tip_vector_error_m,15,finger_joint,ring,finger_e15_pinky_j1_p0d000,,,,,,P012,m,0.018882437470606635
P012,,,,global_E_bone_diagnostic,15,finger_joint,ring,finger_e15_pinky_j1_p0d000,,,,,,P012,squared_direction,0.25596411246398454
P012,,,,near_interaction_position_error_m,15,finger_joint,ring,finger_e15_pinky_j1_p0d000,proximal,,,,,P012,m,0.017083466873201777
P012,,,,near_interaction_orientation_error_rad,15,finger_joint,ring,finger_e15_pinky_j1_p0d000,proximal,,,,,P012,rad,0.12421997878969938
P012,,,,native_surface_unsigned_distance_m,15,finger_joint,ring,finger_e15_pinky_j1_p0d000,proximal,,,,,P012,m,0.04140652912624923
P012,-0.1538781747335967,-0.08115537676920634,0.015957114736565105,native_surface_signed_distance_m,15,finger_joint,ring,finger_e15_pinky_j1_p0d000,proximal,-0.18093238257853173,-0.10311854388807269,0.03832203776962581,True,P012,m,-0.0414065346121788
P012,,,,near_interaction_position_error_m,15,finger_joint,ring,finger_e15_pinky_j1_p0d000,distal,,,,,P012,m,0.0036655469501042435
P012,,,,near_interaction_orientation_error_rad,15,finger_joint,ring,finger_e15_pinky_j1_p0d000,distal,,,,,P012,rad,0.3098116339576967
P012,,,,native_surface_unsigned_distance_m,15,finger_joint,ring,finger_e15_pinky_j1_p0d000,distal,,,,,P012,m,0.012667692250341825
P012,-0.15071161231801522,-0.08519929605600983,0.015230088824919939,native_surface_signed_distance_m,15,finger_joint,ring,finger_e15_pinky_j1_p0d000,distal,-0.15849510916544707,-0.09364054675058076,0.020581059810338816,True,P012,m,-0.012667683884501457
P012,,,,fingertip_position_error_m,15,finger_joint,pinky,finger_e15_pinky_j1_p0d000,,,,,,P012,m,0.021060256842851118
P012,,,,fingertip_orientation_error_rad,15,finger_joint,pinky,finger_e15_pinky_j1_p0d000,,,,,,P012,rad,0.616781034245341
P012,,,,wrist_to_tip_vector_error_m,15,finger_joint,pinky,finger_e15_pinky_j1_p0d000,,,,,,P012,m,0.05779474718868749
P012,,,,direct_proximal_orientation_error_rad,15,finger_joint,pinky,finger_e15_pinky_j1_p0d000,,,,,,P012,rad,0.4568643090661765
P012,,,,direct_distal_orientation_error_rad,15,finger_joint,pinky,finger_e15_pinky_j1_p0d000,,,,,,P012,rad,0.6679601712186356
P012,,,,thumb_to_tip_vector_error_m,15,finger_joint,pinky,finger_e15_pinky_j1_p0d000,,,,,,P012,m,0.036472904316012356
P012,,,,global_E_bone_diagnostic,15,finger_joint,pinky,finger_e15_pinky_j1_p0d000,,,,,,P012,squared_direction,0.8357114194479917
P012,,,,near_interaction_position_error_m,15,finger_joint,pinky,finger_e15_pinky_j1_p0d000,proximal,,,,,P012,m,0.011996683326481124
P012,,,,near_interaction_orientation_error_rad,15,finger_joint,pinky,finger_e15_pinky_j1_p0d000,proximal,,,,,P012,rad,0.4458861965209085
P012,,,,native_surface_unsigned_distance_m,15,finger_joint,pinky,finger_e15_pinky_j1_p0d000,proximal,,,,,P012,m,0.04980734622628659
P012,-0.15600262,-0.07799655,0.01534876,native_surface_signed_distance_m,15,finger_joint,pinky,finger_e15_pinky_j1_p0d000,proximal,-0.19930707676547418,-0.0991125451505884,0.027982465361163448,True,P012,m,-0.0498073473572731
P012,,,,near_interaction_position_error_m,15,finger_joint,pinky,finger_e15_pinky_j1_p0d000,distal,,,,,P012,m,0.01969018108807013
P012,,,,near_interaction_orientation_error_rad,15,finger_joint,pinky,finger_e15_pinky_j1_p0d000,distal,,,,,P012,rad,0.583745259878134
P012,,,,native_surface_unsigned_distance_m,15,finger_joint,pinky,finger_e15_pinky_j1_p0d000,distal,,,,,P012,m,0.02159729915889096
P012,-0.15794790832346925,-0.07284460834245383,0.013984441522490162,native_surface_signed_distance_m,15,finger_joint,pinky,finger_e15_pinky_j1_p0d000,distal,-0.17885319010398956,-0.07820987627808176,0.013192971614912834,True,P012,m,-0.02159729413688183
P012,,,,global_E_bone_diagnostic,15,finger_joint,ALL,finger_e15_pinky_j1_p0d000,,,,,,P012,squared_direction,2.814122224669412
P012,,,,global_E_IM_diagnostic,15,finger_joint,ALL,finger_e15_pinky_j1_p0d000,,,,,,P012,m_squared,9.655854094116824e-05
P013,,,,wrist_orientation_error_rad,15,finger_joint,ALL,finger_e15_pinky_j1_p0d025,,,,,,P013,rad,0.11673689261425088
P013,,,,wrist_tray_position_error_m,15,finger_joint,ALL,finger_e15_pinky_j1_p0d025,,,,,,P013,m,0.0385254026393519
P013,,,,fingertip_position_error_m,15,finger_joint,thumb,finger_e15_pinky_j1_p0d025,,,,,,P013,m,0.012597634140484535
P013,,,,fingertip_orientation_error_rad,15,finger_joint,thumb,finger_e15_pinky_j1_p0d025,,,,,,P013,rad,0.15425622084832097
P013,,,,wrist_to_tip_vector_error_m,15,finger_joint,thumb,finger_e15_pinky_j1_p0d025,,,,,,P013,m,0.027191391463692847
P013,,,,direct_proximal_orientation_error_rad,15,finger_joint,thumb,finger_e15_pinky_j1_p0d025,,,,,,P013,rad,0.8659754094241511
P013,,,,direct_distal_orientation_error_rad,15,finger_joint,thumb,finger_e15_pinky_j1_p0d025,,,,,,P013,rad,0.16822759748883598
P013,,,,thumb_to_tip_vector_error_m,15,finger_joint,thumb,finger_e15_pinky_j1_p0d025,,,,,,P013,m,0.0
P013,,,,global_E_bone_diagnostic,15,finger_joint,thumb,finger_e15_pinky_j1_p0d025,,,,,,P013,squared_direction,0.787900247967519
P013,,,,fingertip_position_error_m,15,finger_joint,index,finger_e15_pinky_j1_p0d025,,,,,,P013,m,0.007818866182765425
P013,,,,fingertip_orientation_error_rad,15,finger_joint,index,finger_e15_pinky_j1_p0d025,,,,,,P013,rad,0.25389013286696893
P013,,,,wrist_to_tip_vector_error_m,15,finger_joint,index,finger_e15_pinky_j1_p0d025,,,,,,P013,m,0.035206516858596534
P013,,,,direct_proximal_orientation_error_rad,15,finger_joint,index,finger_e15_pinky_j1_p0d025,,,,,,P013,rad,0.7938182988511437
P013,,,,direct_distal_orientation_error_rad,15,finger_joint,index,finger_e15_pinky_j1_p0d025,,,,,,P013,rad,0.9563833382313375
P013,,,,thumb_to_tip_vector_error_m,15,finger_joint,index,finger_e15_pinky_j1_p0d025,,,,,,P013,m,0.008403243517674724
P013,,,,global_E_bone_diagnostic,15,finger_joint,index,finger_e15_pinky_j1_p0d025,,,,,,P013,squared_direction,0.8695949585859012
P013,,,,fingertip_position_error_m,15,finger_joint,middle,finger_e15_pinky_j1_p0d025,,,,,,P013,m,0.009468976587869613
P013,,,,fingertip_orientation_error_rad,15,finger_joint,middle,finger_e15_pinky_j1_p0d025,,,,,,P013,rad,0.19362105763897436
P013,,,,wrist_to_tip_vector_error_m,15,finger_joint,middle,finger_e15_pinky_j1_p0d025,,,,,,P013,m,0.03136724760348735
P013,,,,direct_proximal_orientation_error_rad,15,finger_joint,middle,finger_e15_pinky_j1_p0d025,,,,,,P013,rad,0.1325449618188499
P013,,,,direct_distal_orientation_error_rad,15,finger_joint,middle,finger_e15_pinky_j1_p0d025,,,,,,P013,rad,0.1428968356003882
P013,,,,thumb_to_tip_vector_error_m,15,finger_joint,middle,finger_e15_pinky_j1_p0d025,,,,,,P013,m,0.01088375045045503
P013,,,,global_E_bone_diagnostic,15,finger_joint,middle,finger_e15_pinky_j1_p0d025,,,,,,P013,squared_direction,0.0649514862040156
P013,,,,fingertip_position_error_m,15,finger_joint,ring,finger_e15_pinky_j1_p0d025,,,,,,P013,m,0.00400659935522747
P013,,,,fingertip_orientation_error_rad,15,finger_joint,ring,finger_e15_pinky_j1_p0d025,,,,,,P013,rad,0.30965921886607806
P013,,,,wrist_to_tip_vector_error_m,15,finger_joint,ring,finger_e15_pinky_j1_p0d025,,,,,,P013,m,0.04130657397275628
P013,,,,direct_proximal_orientation_error_rad,15,finger_joint,ring,finger_e15_pinky_j1_p0d025,,,,,,P013,rad,0.1439884302885359
P013,,,,direct_distal_orientation_error_rad,15,finger_joint,ring,finger_e15_pinky_j1_p0d025,,,,,,P013,rad,0.42386676755939195
P013,,,,thumb_to_tip_vector_error_m,15,finger_joint,ring,finger_e15_pinky_j1_p0d025,,,,,,P013,m,0.018882437470606635
P013,,,,global_E_bone_diagnostic,15,finger_joint,ring,finger_e15_pinky_j1_p0d025,,,,,,P013,squared_direction,0.25596411246398454
P013,,,,near_interaction_position_error_m,15,finger_joint,ring,finger_e15_pinky_j1_p0d025,proximal,,,,,P013,m,0.017083466873201777
P013,,,,near_interaction_orientation_error_rad,15,finger_joint,ring,finger_e15_pinky_j1_p0d025,proximal,,,,,P013,rad,0.12421997878969938
P013,,,,native_surface_unsigned_distance_m,15,finger_joint,ring,finger_e15_pinky_j1_p0d025,proximal,,,,,P013,m,0.04140652912624923
P013,-0.1538781747335967,-0.08115537676920634,0.015957114736565105,native_surface_signed_distance_m,15,finger_joint,ring,finger_e15_pinky_j1_p0d025,proximal,-0.18093238257853173,-0.10311854388807269,0.03832203776962581,True,P013,m,-0.0414065346121788
P013,,,,near_interaction_position_error_m,15,finger_joint,ring,finger_e15_pinky_j1_p0d025,distal,,,,,P013,m,0.0036655469501042435
P013,,,,near_interaction_orientation_error_rad,15,finger_joint,ring,finger_e15_pinky_j1_p0d025,distal,,,,,P013,rad,0.3098116339576967
P013,,,,native_surface_unsigned_distance_m,15,finger_joint,ring,finger_e15_pinky_j1_p0d025,distal,,,,,P013,m,0.012667692250341825
P013,-0.15071161231801522,-0.08519929605600983,0.015230088824919939,native_surface_signed_distance_m,15,finger_joint,ring,finger_e15_pinky_j1_p0d025,distal,-0.15849510916544707,-0.09364054675058076,0.020581059810338816,True,P013,m,-0.012667683884501457
P013,,,,fingertip_position_error_m,15,finger_joint,pinky,finger_e15_pinky_j1_p0d025,,,,,,P013,m,0.020106432350691084
P013,,,,fingertip_orientation_error_rad,15,finger_joint,pinky,finger_e15_pinky_j1_p0d025,,,,,,P013,rad,0.6223992042289578
P013,,,,wrist_to_tip_vector_error_m,15,finger_joint,pinky,finger_e15_pinky_j1_p0d025,,,,,,P013,m,0.05551553093431689
P013,,,,direct_proximal_orientation_error_rad,15,finger_joint,pinky,finger_e15_pinky_j1_p0d025,,,,,,P013,rad,0.40886468916913
P013,,,,direct_distal_orientation_error_rad,15,finger_joint,pinky,finger_e15_pinky_j1_p0d025,,,,,,P013,rad,0.6744461179841098
P013,,,,thumb_to_tip_vector_error_m,15,finger_joint,pinky,finger_e15_pinky_j1_p0d025,,,,,,P013,m,0.03513962731501045
P013,,,,global_E_bone_diagnostic,15,finger_joint,pinky,finger_e15_pinky_j1_p0d025,,,,,,P013,squared_direction,0.7963128877506113
P013,,,,near_interaction_position_error_m,15,finger_joint,pinky,finger_e15_pinky_j1_p0d025,proximal,,,,,P013,m,0.012380234683368001
P013,,,,near_interaction_orientation_error_rad,15,finger_joint,pinky,finger_e15_pinky_j1_p0d025,proximal,,,,,P013,rad,0.3979366658460588
P013,,,,native_surface_unsigned_distance_m,15,finger_joint,pinky,finger_e15_pinky_j1_p0d025,proximal,,,,,P013,m,0.04911116186625454
P013,-0.15600262,-0.07799655,0.01534876,native_surface_signed_distance_m,15,finger_joint,pinky,finger_e15_pinky_j1_p0d025,proximal,-0.19842853729256163,-0.09972299486165936,0.02717708851300006,True,P013,m,-0.04911115765571594
P013,,,,near_interaction_position_error_m,15,finger_joint,pinky,finger_e15_pinky_j1_p0d025,distal,,,,,P013,m,0.01824172519316737
P013,,,,near_interaction_orientation_error_rad,15,finger_joint,pinky,finger_e15_pinky_j1_p0d025,distal,,,,,P013,rad,0.5880456058382677
P013,,,,native_surface_unsigned_distance_m,15,finger_joint,pinky,finger_e15_pinky_j1_p0d025,distal,,,,,P013,m,0.020664730897054045
P013,-0.15760322000000002,-0.07401391,0.013384430000000001,native_surface_signed_distance_m,15,finger_joint,pinky,finger_e15_pinky_j1_p0d025,distal,-0.177293593784538,-0.0800478920504295,0.011678163934014297,True,P013,m,-0.02066473476588726
P013,,,,global_E_bone_diagnostic,15,finger_joint,ALL,finger_e15_pinky_j1_p0d025,,,,,,P013,squared_direction,2.7747236929720316
P013,,,,global_E_IM_diagnostic,15,finger_joint,ALL,finger_e15_pinky_j1_p0d025,,,,,,P013,m_squared,9.387664764910394e-05
P014,,,,wrist_orientation_error_rad,15,finger_joint,ALL,finger_e15_pinky_j1_p0d050,,,,,,P014,rad,0.11673689261425088
P014,,,,wrist_tray_position_error_m,15,finger_joint,ALL,finger_e15_pinky_j1_p0d050,,,,,,P014,m,0.0385254026393519
P014,,,,fingertip_position_error_m,15,finger_joint,thumb,finger_e15_pinky_j1_p0d050,,,,,,P014,m,0.012597634140484535
P014,,,,fingertip_orientation_error_rad,15,finger_joint,thumb,finger_e15_pinky_j1_p0d050,,,,,,P014,rad,0.15425622084832097
P014,,,,wrist_to_tip_vector_error_m,15,finger_joint,thumb,finger_e15_pinky_j1_p0d050,,,,,,P014,m,0.027191391463692847
P014,,,,direct_proximal_orientation_error_rad,15,finger_joint,thumb,finger_e15_pinky_j1_p0d050,,,,,,P014,rad,0.8659754094241511
P014,,,,direct_distal_orientation_error_rad,15,finger_joint,thumb,finger_e15_pinky_j1_p0d050,,,,,,P014,rad,0.16822759748883598
P014,,,,thumb_to_tip_vector_error_m,15,finger_joint,thumb,finger_e15_pinky_j1_p0d050,,,,,,P014,m,0.0
P014,,,,global_E_bone_diagnostic,15,finger_joint,thumb,finger_e15_pinky_j1_p0d050,,,,,,P014,squared_direction,0.787900247967519
P014,,,,fingertip_position_error_m,15,finger_joint,index,finger_e15_pinky_j1_p0d050,,,,,,P014,m,0.007818866182765425
P014,,,,fingertip_orientation_error_rad,15,finger_joint,index,finger_e15_pinky_j1_p0d050,,,,,,P014,rad,0.25389013286696893
P014,,,,wrist_to_tip_vector_error_m,15,finger_joint,index,finger_e15_pinky_j1_p0d050,,,,,,P014,m,0.035206516858596534
P014,,,,direct_proximal_orientation_error_rad,15,finger_joint,index,finger_e15_pinky_j1_p0d050,,,,,,P014,rad,0.7938182988511437
P014,,,,direct_distal_orientation_error_rad,15,finger_joint,index,finger_e15_pinky_j1_p0d050,,,,,,P014,rad,0.9563833382313375
P014,,,,thumb_to_tip_vector_error_m,15,finger_joint,index,finger_e15_pinky_j1_p0d050,,,,,,P014,m,0.008403243517674724
P014,,,,global_E_bone_diagnostic,15,finger_joint,index,finger_e15_pinky_j1_p0d050,,,,,,P014,squared_direction,0.8695949585859012
P014,,,,fingertip_position_error_m,15,finger_joint,middle,finger_e15_pinky_j1_p0d050,,,,,,P014,m,0.009468976587869613
P014,,,,fingertip_orientation_error_rad,15,finger_joint,middle,finger_e15_pinky_j1_p0d050,,,,,,P014,rad,0.19362105763897436
P014,,,,wrist_to_tip_vector_error_m,15,finger_joint,middle,finger_e15_pinky_j1_p0d050,,,,,,P014,m,0.03136724760348735
P014,,,,direct_proximal_orientation_error_rad,15,finger_joint,middle,finger_e15_pinky_j1_p0d050,,,,,,P014,rad,0.1325449618188499
P014,,,,direct_distal_orientation_error_rad,15,finger_joint,middle,finger_e15_pinky_j1_p0d050,,,,,,P014,rad,0.1428968356003882
P014,,,,thumb_to_tip_vector_error_m,15,finger_joint,middle,finger_e15_pinky_j1_p0d050,,,,,,P014,m,0.01088375045045503
P014,,,,global_E_bone_diagnostic,15,finger_joint,middle,finger_e15_pinky_j1_p0d050,,,,,,P014,squared_direction,0.0649514862040156
P014,,,,fingertip_position_error_m,15,finger_joint,ring,finger_e15_pinky_j1_p0d050,,,,,,P014,m,0.00400659935522747
P014,,,,fingertip_orientation_error_rad,15,finger_joint,ring,finger_e15_pinky_j1_p0d050,,,,,,P014,rad,0.30965921886607806
P014,,,,wrist_to_tip_vector_error_m,15,finger_joint,ring,finger_e15_pinky_j1_p0d050,,,,,,P014,m,0.04130657397275628
P014,,,,direct_proximal_orientation_error_rad,15,finger_joint,ring,finger_e15_pinky_j1_p0d050,,,,,,P014,rad,0.1439884302885359
P014,,,,direct_distal_orientation_error_rad,15,finger_joint,ring,finger_e15_pinky_j1_p0d050,,,,,,P014,rad,0.42386676755939195
P014,,,,thumb_to_tip_vector_error_m,15,finger_joint,ring,finger_e15_pinky_j1_p0d050,,,,,,P014,m,0.018882437470606635
P014,,,,global_E_bone_diagnostic,15,finger_joint,ring,finger_e15_pinky_j1_p0d050,,,,,,P014,squared_direction,0.25596411246398454
P014,,,,near_interaction_position_error_m,15,finger_joint,ring,finger_e15_pinky_j1_p0d050,proximal,,,,,P014,m,0.017083466873201777
P014,,,,near_interaction_orientation_error_rad,15,finger_joint,ring,finger_e15_pinky_j1_p0d050,proximal,,,,,P014,rad,0.12421997878969938
P014,,,,native_surface_unsigned_distance_m,15,finger_joint,ring,finger_e15_pinky_j1_p0d050,proximal,,,,,P014,m,0.04140652912624923
P014,-0.1538781747335967,-0.08115537676920634,0.015957114736565105,native_surface_signed_distance_m,15,finger_joint,ring,finger_e15_pinky_j1_p0d050,proximal,-0.18093238257853173,-0.10311854388807269,0.03832203776962581,True,P014,m,-0.0414065346121788
P014,,,,near_interaction_position_error_m,15,finger_joint,ring,finger_e15_pinky_j1_p0d050,distal,,,,,P014,m,0.0036655469501042435
P014,,,,near_interaction_orientation_error_rad,15,finger_joint,ring,finger_e15_pinky_j1_p0d050,distal,,,,,P014,rad,0.3098116339576967
P014,,,,native_surface_unsigned_distance_m,15,finger_joint,ring,finger_e15_pinky_j1_p0d050,distal,,,,,P014,m,0.012667692250341825
P014,-0.15071161231801522,-0.08519929605600983,0.015230088824919939,native_surface_signed_distance_m,15,finger_joint,ring,finger_e15_pinky_j1_p0d050,distal,-0.15849510916544707,-0.09364054675058076,0.020581059810338816,True,P014,m,-0.012667683884501457
P014,,,,fingertip_position_error_m,15,finger_joint,pinky,finger_e15_pinky_j1_p0d050,,,,,,P014,m,0.019492411400166415
P014,,,,fingertip_orientation_error_rad,15,finger_joint,pinky,finger_e15_pinky_j1_p0d050,,,,,,P014,rad,0.6315097067539461
P014,,,,wrist_to_tip_vector_error_m,15,finger_joint,pinky,finger_e15_pinky_j1_p0d050,,,,,,P014,m,0.05322400307522282
P014,,,,direct_proximal_orientation_error_rad,15,finger_joint,pinky,finger_e15_pinky_j1_p0d050,,,,,,P014,rad,0.3608651640630083
P014,,,,direct_distal_orientation_error_rad,15,finger_joint,pinky,finger_e15_pinky_j1_p0d050,,,,,,P014,rad,0.6837330956334976
P014,,,,thumb_to_tip_vector_error_m,15,finger_joint,pinky,finger_e15_pinky_j1_p0d050,,,,,,P014,m,0.033921533825666615
P014,,,,global_E_bone_diagnostic,15,finger_joint,pinky,finger_e15_pinky_j1_p0d050,,,,,,P014,squared_direction,0.7613349357352042
P014,,,,near_interaction_position_error_m,15,finger_joint,pinky,finger_e15_pinky_j1_p0d050,proximal,,,,,P014,m,0.012837963105415098
P014,,,,near_interaction_orientation_error_rad,15,finger_joint,pinky,finger_e15_pinky_j1_p0d050,proximal,,,,,P014,rad,0.3500001492300616
P014,,,,native_surface_unsigned_distance_m,15,finger_joint,pinky,finger_e15_pinky_j1_p0d050,proximal,,,,,P014,m,0.04849403171297464
P014,-0.1558968248800938,-0.07816997282641716,0.015399370401956698,native_surface_signed_distance_m,15,finger_joint,pinky,finger_e15_pinky_j1_p0d050,proximal,-0.19757670042472228,-0.100389659096556,0.02638775647179761,True,P014,m,-0.04849403351545334
P014,,,,near_interaction_position_error_m,15,finger_joint,pinky,finger_e15_pinky_j1_p0d050,distal,,,,,P014,m,0.0170300056282941
P014,,,,near_interaction_orientation_error_rad,15,finger_joint,pinky,finger_e15_pinky_j1_p0d050,distal,,,,,P014,rad,0.5957427307698153
P014,,,,native_surface_unsigned_distance_m,15,finger_joint,pinky,finger_e15_pinky_j1_p0d050,distal,,,,,P014,m,0.020041107809108127
P014,-0.15710418,-0.07536043,0.013015810000000001,native_surface_signed_distance_m,15,finger_joint,pinky,finger_e15_pinky_j1_p0d050,distal,-0.17580938563129742,-0.08198744508051255,0.010215103726605036,True,P014,m,-0.020041106268763542
P014,,,,global_E_bone_diagnostic,15,finger_joint,ALL,finger_e15_pinky_j1_p0d050,,,,,,P014,squared_direction,2.7397457409566246
P014,,,,global_E_IM_diagnostic,15,finger_joint,ALL,finger_e15_pinky_j1_p0d050,,,,,,P014,m_squared,9.15723612747701e-05
P015,,,,wrist_orientation_error_rad,15,finger_joint,ALL,finger_e15_pinky_j2_m0d050,,,,,,P015,rad,0.11673689261425088
P015,,,,wrist_tray_position_error_m,15,finger_joint,ALL,finger_e15_pinky_j2_m0d050,,,,,,P015,m,0.0385254026393519
P015,,,,fingertip_position_error_m,15,finger_joint,thumb,finger_e15_pinky_j2_m0d050,,,,,,P015,m,0.012597634140484535
P015,,,,fingertip_orientation_error_rad,15,finger_joint,thumb,finger_e15_pinky_j2_m0d050,,,,,,P015,rad,0.15425622084832097
P015,,,,wrist_to_tip_vector_error_m,15,finger_joint,thumb,finger_e15_pinky_j2_m0d050,,,,,,P015,m,0.027191391463692847
P015,,,,direct_proximal_orientation_error_rad,15,finger_joint,thumb,finger_e15_pinky_j2_m0d050,,,,,,P015,rad,0.8659754094241511
P015,,,,direct_distal_orientation_error_rad,15,finger_joint,thumb,finger_e15_pinky_j2_m0d050,,,,,,P015,rad,0.16822759748883598
P015,,,,thumb_to_tip_vector_error_m,15,finger_joint,thumb,finger_e15_pinky_j2_m0d050,,,,,,P015,m,0.0
P015,,,,global_E_bone_diagnostic,15,finger_joint,thumb,finger_e15_pinky_j2_m0d050,,,,,,P015,squared_direction,0.787900247967519
P015,,,,fingertip_position_error_m,15,finger_joint,index,finger_e15_pinky_j2_m0d050,,,,,,P015,m,0.007818866182765425
P015,,,,fingertip_orientation_error_rad,15,finger_joint,index,finger_e15_pinky_j2_m0d050,,,,,,P015,rad,0.25389013286696893
P015,,,,wrist_to_tip_vector_error_m,15,finger_joint,index,finger_e15_pinky_j2_m0d050,,,,,,P015,m,0.035206516858596534
P015,,,,direct_proximal_orientation_error_rad,15,finger_joint,index,finger_e15_pinky_j2_m0d050,,,,,,P015,rad,0.7938182988511437
P015,,,,direct_distal_orientation_error_rad,15,finger_joint,index,finger_e15_pinky_j2_m0d050,,,,,,P015,rad,0.9563833382313375
P015,,,,thumb_to_tip_vector_error_m,15,finger_joint,index,finger_e15_pinky_j2_m0d050,,,,,,P015,m,0.008403243517674724
P015,,,,global_E_bone_diagnostic,15,finger_joint,index,finger_e15_pinky_j2_m0d050,,,,,,P015,squared_direction,0.8695949585859012
P015,,,,fingertip_position_error_m,15,finger_joint,middle,finger_e15_pinky_j2_m0d050,,,,,,P015,m,0.009468976587869613
P015,,,,fingertip_orientation_error_rad,15,finger_joint,middle,finger_e15_pinky_j2_m0d050,,,,,,P015,rad,0.19362105763897436
P015,,,,wrist_to_tip_vector_error_m,15,finger_joint,middle,finger_e15_pinky_j2_m0d050,,,,,,P015,m,0.03136724760348735
P015,,,,direct_proximal_orientation_error_rad,15,finger_joint,middle,finger_e15_pinky_j2_m0d050,,,,,,P015,rad,0.1325449618188499
P015,,,,direct_distal_orientation_error_rad,15,finger_joint,middle,finger_e15_pinky_j2_m0d050,,,,,,P015,rad,0.1428968356003882
P015,,,,thumb_to_tip_vector_error_m,15,finger_joint,middle,finger_e15_pinky_j2_m0d050,,,,,,P015,m,0.01088375045045503
P015,,,,global_E_bone_diagnostic,15,finger_joint,middle,finger_e15_pinky_j2_m0d050,,,,,,P015,squared_direction,0.0649514862040156
P015,,,,fingertip_position_error_m,15,finger_joint,ring,finger_e15_pinky_j2_m0d050,,,,,,P015,m,0.00400659935522747
P015,,,,fingertip_orientation_error_rad,15,finger_joint,ring,finger_e15_pinky_j2_m0d050,,,,,,P015,rad,0.30965921886607806
P015,,,,wrist_to_tip_vector_error_m,15,finger_joint,ring,finger_e15_pinky_j2_m0d050,,,,,,P015,m,0.04130657397275628
P015,,,,direct_proximal_orientation_error_rad,15,finger_joint,ring,finger_e15_pinky_j2_m0d050,,,,,,P015,rad,0.1439884302885359
P015,,,,direct_distal_orientation_error_rad,15,finger_joint,ring,finger_e15_pinky_j2_m0d050,,,,,,P015,rad,0.42386676755939195
P015,,,,thumb_to_tip_vector_error_m,15,finger_joint,ring,finger_e15_pinky_j2_m0d050,,,,,,P015,m,0.018882437470606635
P015,,,,global_E_bone_diagnostic,15,finger_joint,ring,finger_e15_pinky_j2_m0d050,,,,,,P015,squared_direction,0.25596411246398454
P015,,,,near_interaction_position_error_m,15,finger_joint,ring,finger_e15_pinky_j2_m0d050,proximal,,,,,P015,m,0.017083466873201777
P015,,,,near_interaction_orientation_error_rad,15,finger_joint,ring,finger_e15_pinky_j2_m0d050,proximal,,,,,P015,rad,0.12421997878969938
P015,,,,native_surface_unsigned_distance_m,15,finger_joint,ring,finger_e15_pinky_j2_m0d050,proximal,,,,,P015,m,0.04140652912624923
P015,-0.1538781747335967,-0.08115537676920634,0.015957114736565105,native_surface_signed_distance_m,15,finger_joint,ring,finger_e15_pinky_j2_m0d050,proximal,-0.18093238257853173,-0.10311854388807269,0.03832203776962581,True,P015,m,-0.0414065346121788
P015,,,,near_interaction_position_error_m,15,finger_joint,ring,finger_e15_pinky_j2_m0d050,distal,,,,,P015,m,0.0036655469501042435
P015,,,,near_interaction_orientation_error_rad,15,finger_joint,ring,finger_e15_pinky_j2_m0d050,distal,,,,,P015,rad,0.3098116339576967
P015,,,,native_surface_unsigned_distance_m,15,finger_joint,ring,finger_e15_pinky_j2_m0d050,distal,,,,,P015,m,0.012667692250341825
P015,-0.15071161231801522,-0.08519929605600983,0.015230088824919939,native_surface_signed_distance_m,15,finger_joint,ring,finger_e15_pinky_j2_m0d050,distal,-0.15849510916544707,-0.09364054675058076,0.020581059810338816,True,P015,m,-0.012667683884501457
P015,,,,fingertip_position_error_m,15,finger_joint,pinky,finger_e15_pinky_j2_m0d050,,,,,,P015,m,0.023295449998918995
P015,,,,fingertip_orientation_error_rad,15,finger_joint,pinky,finger_e15_pinky_j2_m0d050,,,,,,P015,rad,0.6163446951854642
P015,,,,wrist_to_tip_vector_error_m,15,finger_joint,pinky,finger_e15_pinky_j2_m0d050,,,,,,P015,m,0.060279234660128404
P015,,,,direct_proximal_orientation_error_rad,15,finger_joint,pinky,finger_e15_pinky_j2_m0d050,,,,,,P015,rad,0.4568643090661765
P015,,,,direct_distal_orientation_error_rad,15,finger_joint,pinky,finger_e15_pinky_j2_m0d050,,,,,,P015,rad,0.6636912082201583
P015,,,,thumb_to_tip_vector_error_m,15,finger_joint,pinky,finger_e15_pinky_j2_m0d050,,,,,,P015,m,0.03883690260555945
P015,,,,global_E_bone_diagnostic,15,finger_joint,pinky,finger_e15_pinky_j2_m0d050,,,,,,P015,squared_direction,0.7949517130605778
P015,,,,near_interaction_position_error_m,15,finger_joint,pinky,finger_e15_pinky_j2_m0d050,proximal,,,,,P015,m,0.011996683326481124
P015,,,,near_interaction_orientation_error_rad,15,finger_joint,pinky,finger_e15_pinky_j2_m0d050,proximal,,,,,P015,rad,0.4458861965209085
P015,,,,native_surface_unsigned_distance_m,15,finger_joint,pinky,finger_e15_pinky_j2_m0d050,proximal,,,,,P015,m,0.04980734622628659
P015,-0.15600262,-0.07799655,0.01534876,native_surface_signed_distance_m,15,finger_joint,pinky,finger_e15_pinky_j2_m0d050,proximal,-0.19930707676547418,-0.0991125451505884,0.027982465361163448,True,P015,m,-0.0498073473572731
P015,,,,near_interaction_position_error_m,15,finger_joint,pinky,finger_e15_pinky_j2_m0d050,distal,,,,,P015,m,0.020905854908824895
P015,,,,near_interaction_orientation_error_rad,15,finger_joint,pinky,finger_e15_pinky_j2_m0d050,distal,,,,,P015,rad,0.5855782034840998
P015,,,,native_surface_unsigned_distance_m,15,finger_joint,pinky,finger_e15_pinky_j2_m0d050,distal,,,,,P015,m,0.020986589682556823
P015,-0.15803222,-0.0724949,0.01384076,native_surface_signed_distance_m,15,finger_joint,pinky,finger_e15_pinky_j2_m0d050,distal,-0.17852594168298366,-0.07694867627553231,0.013060891439336444,True,P015,m,-0.020986584946513176
P015,,,,global_E_bone_diagnostic,15,finger_joint,ALL,finger_e15_pinky_j2_m0d050,,,,,,P015,squared_direction,2.7733625182819983
P015,,,,global_E_IM_diagnostic,15,finger_joint,ALL,finger_e15_pinky_j2_m0d050,,,,,,P015,m_squared,9.81286709261131e-05
P016,,,,wrist_orientation_error_rad,15,finger_joint,ALL,finger_e15_pinky_j2_m0d025,,,,,,P016,rad,0.11673689261425088
P016,,,,wrist_tray_position_error_m,15,finger_joint,ALL,finger_e15_pinky_j2_m0d025,,,,,,P016,m,0.0385254026393519
P016,,,,fingertip_position_error_m,15,finger_joint,thumb,finger_e15_pinky_j2_m0d025,,,,,,P016,m,0.012597634140484535
P016,,,,fingertip_orientation_error_rad,15,finger_joint,thumb,finger_e15_pinky_j2_m0d025,,,,,,P016,rad,0.15425622084832097
P016,,,,wrist_to_tip_vector_error_m,15,finger_joint,thumb,finger_e15_pinky_j2_m0d025,,,,,,P016,m,0.027191391463692847
P016,,,,direct_proximal_orientation_error_rad,15,finger_joint,thumb,finger_e15_pinky_j2_m0d025,,,,,,P016,rad,0.8659754094241511
P016,,,,direct_distal_orientation_error_rad,15,finger_joint,thumb,finger_e15_pinky_j2_m0d025,,,,,,P016,rad,0.16822759748883598
P016,,,,thumb_to_tip_vector_error_m,15,finger_joint,thumb,finger_e15_pinky_j2_m0d025,,,,,,P016,m,0.0
P016,,,,global_E_bone_diagnostic,15,finger_joint,thumb,finger_e15_pinky_j2_m0d025,,,,,,P016,squared_direction,0.787900247967519
P016,,,,fingertip_position_error_m,15,finger_joint,index,finger_e15_pinky_j2_m0d025,,,,,,P016,m,0.007818866182765425
P016,,,,fingertip_orientation_error_rad,15,finger_joint,index,finger_e15_pinky_j2_m0d025,,,,,,P016,rad,0.25389013286696893
P016,,,,wrist_to_tip_vector_error_m,15,finger_joint,index,finger_e15_pinky_j2_m0d025,,,,,,P016,m,0.035206516858596534
P016,,,,direct_proximal_orientation_error_rad,15,finger_joint,index,finger_e15_pinky_j2_m0d025,,,,,,P016,rad,0.7938182988511437
P016,,,,direct_distal_orientation_error_rad,15,finger_joint,index,finger_e15_pinky_j2_m0d025,,,,,,P016,rad,0.9563833382313375
P016,,,,thumb_to_tip_vector_error_m,15,finger_joint,index,finger_e15_pinky_j2_m0d025,,,,,,P016,m,0.008403243517674724
P016,,,,global_E_bone_diagnostic,15,finger_joint,index,finger_e15_pinky_j2_m0d025,,,,,,P016,squared_direction,0.8695949585859012
P016,,,,fingertip_position_error_m,15,finger_joint,middle,finger_e15_pinky_j2_m0d025,,,,,,P016,m,0.009468976587869613
P016,,,,fingertip_orientation_error_rad,15,finger_joint,middle,finger_e15_pinky_j2_m0d025,,,,,,P016,rad,0.19362105763897436
P016,,,,wrist_to_tip_vector_error_m,15,finger_joint,middle,finger_e15_pinky_j2_m0d025,,,,,,P016,m,0.03136724760348735
P016,,,,direct_proximal_orientation_error_rad,15,finger_joint,middle,finger_e15_pinky_j2_m0d025,,,,,,P016,rad,0.1325449618188499
P016,,,,direct_distal_orientation_error_rad,15,finger_joint,middle,finger_e15_pinky_j2_m0d025,,,,,,P016,rad,0.1428968356003882
P016,,,,thumb_to_tip_vector_error_m,15,finger_joint,middle,finger_e15_pinky_j2_m0d025,,,,,,P016,m,0.01088375045045503
P016,,,,global_E_bone_diagnostic,15,finger_joint,middle,finger_e15_pinky_j2_m0d025,,,,,,P016,squared_direction,0.0649514862040156
P016,,,,fingertip_position_error_m,15,finger_joint,ring,finger_e15_pinky_j2_m0d025,,,,,,P016,m,0.00400659935522747
P016,,,,fingertip_orientation_error_rad,15,finger_joint,ring,finger_e15_pinky_j2_m0d025,,,,,,P016,rad,0.30965921886607806
P016,,,,wrist_to_tip_vector_error_m,15,finger_joint,ring,finger_e15_pinky_j2_m0d025,,,,,,P016,m,0.04130657397275628
P016,,,,direct_proximal_orientation_error_rad,15,finger_joint,ring,finger_e15_pinky_j2_m0d025,,,,,,P016,rad,0.1439884302885359
P016,,,,direct_distal_orientation_error_rad,15,finger_joint,ring,finger_e15_pinky_j2_m0d025,,,,,,P016,rad,0.42386676755939195
P016,,,,thumb_to_tip_vector_error_m,15,finger_joint,ring,finger_e15_pinky_j2_m0d025,,,,,,P016,m,0.018882437470606635
P016,,,,global_E_bone_diagnostic,15,finger_joint,ring,finger_e15_pinky_j2_m0d025,,,,,,P016,squared_direction,0.25596411246398454
P016,,,,near_interaction_position_error_m,15,finger_joint,ring,finger_e15_pinky_j2_m0d025,proximal,,,,,P016,m,0.017083466873201777
P016,,,,near_interaction_orientation_error_rad,15,finger_joint,ring,finger_e15_pinky_j2_m0d025,proximal,,,,,P016,rad,0.12421997878969938
P016,,,,native_surface_unsigned_distance_m,15,finger_joint,ring,finger_e15_pinky_j2_m0d025,proximal,,,,,P016,m,0.04140652912624923
P016,-0.1538781747335967,-0.08115537676920634,0.015957114736565105,native_surface_signed_distance_m,15,finger_joint,ring,finger_e15_pinky_j2_m0d025,proximal,-0.18093238257853173,-0.10311854388807269,0.03832203776962581,True,P016,m,-0.0414065346121788
P016,,,,near_interaction_position_error_m,15,finger_joint,ring,finger_e15_pinky_j2_m0d025,distal,,,,,P016,m,0.0036655469501042435
P016,,,,near_interaction_orientation_error_rad,15,finger_joint,ring,finger_e15_pinky_j2_m0d025,distal,,,,,P016,rad,0.3098116339576967
P016,,,,native_surface_unsigned_distance_m,15,finger_joint,ring,finger_e15_pinky_j2_m0d025,distal,,,,,P016,m,0.012667692250341825
P016,-0.15071161231801522,-0.08519929605600983,0.015230088824919939,native_surface_signed_distance_m,15,finger_joint,ring,finger_e15_pinky_j2_m0d025,distal,-0.15849510916544707,-0.09364054675058076,0.020581059810338816,True,P016,m,-0.012667683884501457
P016,,,,fingertip_position_error_m,15,finger_joint,pinky,finger_e15_pinky_j2_m0d025,,,,,,P016,m,0.022172173553889472
P016,,,,fingertip_orientation_error_rad,15,finger_joint,pinky,finger_e15_pinky_j2_m0d025,,,,,,P016,rad,0.6147510362433474
P016,,,,wrist_to_tip_vector_error_m,15,finger_joint,pinky,finger_e15_pinky_j2_m0d025,,,,,,P016,m,0.059028950333938714
P016,,,,direct_proximal_orientation_error_rad,15,finger_joint,pinky,finger_e15_pinky_j2_m0d025,,,,,,P016,rad,0.4568643090661765
P016,,,,direct_distal_orientation_error_rad,15,finger_joint,pinky,finger_e15_pinky_j2_m0d025,,,,,,P016,rad,0.6643591993071974
P016,,,,thumb_to_tip_vector_error_m,15,finger_joint,pinky,finger_e15_pinky_j2_m0d025,,,,,,P016,m,0.03765359713249282
P016,,,,global_E_bone_diagnostic,15,finger_joint,pinky,finger_e15_pinky_j2_m0d025,,,,,,P016,squared_direction,0.8144703275243921
P016,,,,near_interaction_position_error_m,15,finger_joint,pinky,finger_e15_pinky_j2_m0d025,proximal,,,,,P016,m,0.011996683326481124
P016,,,,near_interaction_orientation_error_rad,15,finger_joint,pinky,finger_e15_pinky_j2_m0d025,proximal,,,,,P016,rad,0.4458861965209085
P016,,,,native_surface_unsigned_distance_m,15,finger_joint,pinky,finger_e15_pinky_j2_m0d025,proximal,,,,,P016,m,0.04980734622628659
P016,-0.15600262,-0.07799655,0.01534876,native_surface_signed_distance_m,15,finger_joint,pinky,finger_e15_pinky_j2_m0d025,proximal,-0.19930707676547418,-0.0991125451505884,0.027982465361163448,True,P016,m,-0.0498073473572731
P016,,,,near_interaction_position_error_m,15,finger_joint,pinky,finger_e15_pinky_j2_m0d025,distal,,,,,P016,m,0.020293789150670476
P016,,,,near_interaction_orientation_error_rad,15,finger_joint,pinky,finger_e15_pinky_j2_m0d025,distal,,,,,P016,rad,0.5829178247654279
P016,,,,native_surface_unsigned_distance_m,15,finger_joint,pinky,finger_e15_pinky_j2_m0d025,distal,,,,,P016,m,0.0212760407494926
P016,-0.15803222,-0.0724949,0.01384076,native_surface_signed_distance_m,15,finger_joint,pinky,finger_e15_pinky_j2_m0d025,distal,-0.1786781453462986,-0.07758328970105902,0.013116904476231123,True,P016,m,-0.02127603068947792
P016,,,,global_E_bone_diagnostic,15,finger_joint,ALL,finger_e15_pinky_j2_m0d025,,,,,,P016,squared_direction,2.7928811327458125
P016,,,,global_E_IM_diagnostic,15,finger_joint,ALL,finger_e15_pinky_j2_m0d025,,,,,,P016,m_squared,9.730394619553162e-05
P017,,,,wrist_orientation_error_rad,15,finger_joint,ALL,finger_e15_pinky_j2_p0d000,,,,,,P017,rad,0.11673689261425088
P017,,,,wrist_tray_position_error_m,15,finger_joint,ALL,finger_e15_pinky_j2_p0d000,,,,,,P017,m,0.0385254026393519
P017,,,,fingertip_position_error_m,15,finger_joint,thumb,finger_e15_pinky_j2_p0d000,,,,,,P017,m,0.012597634140484535
P017,,,,fingertip_orientation_error_rad,15,finger_joint,thumb,finger_e15_pinky_j2_p0d000,,,,,,P017,rad,0.15425622084832097
P017,,,,wrist_to_tip_vector_error_m,15,finger_joint,thumb,finger_e15_pinky_j2_p0d000,,,,,,P017,m,0.027191391463692847
P017,,,,direct_proximal_orientation_error_rad,15,finger_joint,thumb,finger_e15_pinky_j2_p0d000,,,,,,P017,rad,0.8659754094241511
P017,,,,direct_distal_orientation_error_rad,15,finger_joint,thumb,finger_e15_pinky_j2_p0d000,,,,,,P017,rad,0.16822759748883598
P017,,,,thumb_to_tip_vector_error_m,15,finger_joint,thumb,finger_e15_pinky_j2_p0d000,,,,,,P017,m,0.0
P017,,,,global_E_bone_diagnostic,15,finger_joint,thumb,finger_e15_pinky_j2_p0d000,,,,,,P017,squared_direction,0.787900247967519
P017,,,,fingertip_position_error_m,15,finger_joint,index,finger_e15_pinky_j2_p0d000,,,,,,P017,m,0.007818866182765425
P017,,,,fingertip_orientation_error_rad,15,finger_joint,index,finger_e15_pinky_j2_p0d000,,,,,,P017,rad,0.25389013286696893
P017,,,,wrist_to_tip_vector_error_m,15,finger_joint,index,finger_e15_pinky_j2_p0d000,,,,,,P017,m,0.035206516858596534
P017,,,,direct_proximal_orientation_error_rad,15,finger_joint,index,finger_e15_pinky_j2_p0d000,,,,,,P017,rad,0.7938182988511437
P017,,,,direct_distal_orientation_error_rad,15,finger_joint,index,finger_e15_pinky_j2_p0d000,,,,,,P017,rad,0.9563833382313375
P017,,,,thumb_to_tip_vector_error_m,15,finger_joint,index,finger_e15_pinky_j2_p0d000,,,,,,P017,m,0.008403243517674724
P017,,,,global_E_bone_diagnostic,15,finger_joint,index,finger_e15_pinky_j2_p0d000,,,,,,P017,squared_direction,0.8695949585859012
P017,,,,fingertip_position_error_m,15,finger_joint,middle,finger_e15_pinky_j2_p0d000,,,,,,P017,m,0.009468976587869613
P017,,,,fingertip_orientation_error_rad,15,finger_joint,middle,finger_e15_pinky_j2_p0d000,,,,,,P017,rad,0.19362105763897436
P017,,,,wrist_to_tip_vector_error_m,15,finger_joint,middle,finger_e15_pinky_j2_p0d000,,,,,,P017,m,0.03136724760348735
P017,,,,direct_proximal_orientation_error_rad,15,finger_joint,middle,finger_e15_pinky_j2_p0d000,,,,,,P017,rad,0.1325449618188499
P017,,,,direct_distal_orientation_error_rad,15,finger_joint,middle,finger_e15_pinky_j2_p0d000,,,,,,P017,rad,0.1428968356003882
P017,,,,thumb_to_tip_vector_error_m,15,finger_joint,middle,finger_e15_pinky_j2_p0d000,,,,,,P017,m,0.01088375045045503
P017,,,,global_E_bone_diagnostic,15,finger_joint,middle,finger_e15_pinky_j2_p0d000,,,,,,P017,squared_direction,0.0649514862040156
P017,,,,fingertip_position_error_m,15,finger_joint,ring,finger_e15_pinky_j2_p0d000,,,,,,P017,m,0.00400659935522747
P017,,,,fingertip_orientation_error_rad,15,finger_joint,ring,finger_e15_pinky_j2_p0d000,,,,,,P017,rad,0.30965921886607806
P017,,,,wrist_to_tip_vector_error_m,15,finger_joint,ring,finger_e15_pinky_j2_p0d000,,,,,,P017,m,0.04130657397275628
P017,,,,direct_proximal_orientation_error_rad,15,finger_joint,ring,finger_e15_pinky_j2_p0d000,,,,,,P017,rad,0.1439884302885359
P017,,,,direct_distal_orientation_error_rad,15,finger_joint,ring,finger_e15_pinky_j2_p0d000,,,,,,P017,rad,0.42386676755939195
P017,,,,thumb_to_tip_vector_error_m,15,finger_joint,ring,finger_e15_pinky_j2_p0d000,,,,,,P017,m,0.018882437470606635
P017,,,,global_E_bone_diagnostic,15,finger_joint,ring,finger_e15_pinky_j2_p0d000,,,,,,P017,squared_direction,0.25596411246398454
P017,,,,near_interaction_position_error_m,15,finger_joint,ring,finger_e15_pinky_j2_p0d000,proximal,,,,,P017,m,0.017083466873201777
P017,,,,near_interaction_orientation_error_rad,15,finger_joint,ring,finger_e15_pinky_j2_p0d000,proximal,,,,,P017,rad,0.12421997878969938
P017,,,,native_surface_unsigned_distance_m,15,finger_joint,ring,finger_e15_pinky_j2_p0d000,proximal,,,,,P017,m,0.04140652912624923
P017,-0.1538781747335967,-0.08115537676920634,0.015957114736565105,native_surface_signed_distance_m,15,finger_joint,ring,finger_e15_pinky_j2_p0d000,proximal,-0.18093238257853173,-0.10311854388807269,0.03832203776962581,True,P017,m,-0.0414065346121788
P017,,,,near_interaction_position_error_m,15,finger_joint,ring,finger_e15_pinky_j2_p0d000,distal,,,,,P017,m,0.0036655469501042435
P017,,,,near_interaction_orientation_error_rad,15,finger_joint,ring,finger_e15_pinky_j2_p0d000,distal,,,,,P017,rad,0.3098116339576967
P017,,,,native_surface_unsigned_distance_m,15,finger_joint,ring,finger_e15_pinky_j2_p0d000,distal,,,,,P017,m,0.012667692250341825
P017,-0.15071161231801522,-0.08519929605600983,0.015230088824919939,native_surface_signed_distance_m,15,finger_joint,ring,finger_e15_pinky_j2_p0d000,distal,-0.15849510916544707,-0.09364054675058076,0.020581059810338816,True,P017,m,-0.012667683884501457
P017,,,,fingertip_position_error_m,15,finger_joint,pinky,finger_e15_pinky_j2_p0d000,,,,,,P017,m,0.021060256842851118
P017,,,,fingertip_orientation_error_rad,15,finger_joint,pinky,finger_e15_pinky_j2_p0d000,,,,,,P017,rad,0.616781034245341
P017,,,,wrist_to_tip_vector_error_m,15,finger_joint,pinky,finger_e15_pinky_j2_p0d000,,,,,,P017,m,0.05779474718868749
P017,,,,direct_proximal_orientation_error_rad,15,finger_joint,pinky,finger_e15_pinky_j2_p0d000,,,,,,P017,rad,0.4568643090661765
P017,,,,direct_distal_orientation_error_rad,15,finger_joint,pinky,finger_e15_pinky_j2_p0d000,,,,,,P017,rad,0.6679601712186356
P017,,,,thumb_to_tip_vector_error_m,15,finger_joint,pinky,finger_e15_pinky_j2_p0d000,,,,,,P017,m,0.036472904316012356
P017,,,,global_E_bone_diagnostic,15,finger_joint,pinky,finger_e15_pinky_j2_p0d000,,,,,,P017,squared_direction,0.8357114194479917
P017,,,,near_interaction_position_error_m,15,finger_joint,pinky,finger_e15_pinky_j2_p0d000,proximal,,,,,P017,m,0.011996683326481124
P017,,,,near_interaction_orientation_error_rad,15,finger_joint,pinky,finger_e15_pinky_j2_p0d000,proximal,,,,,P017,rad,0.4458861965209085
P017,,,,native_surface_unsigned_distance_m,15,finger_joint,pinky,finger_e15_pinky_j2_p0d000,proximal,,,,,P017,m,0.04980734622628659
P017,-0.15600262,-0.07799655,0.01534876,native_surface_signed_distance_m,15,finger_joint,pinky,finger_e15_pinky_j2_p0d000,proximal,-0.19930707676547418,-0.0991125451505884,0.027982465361163448,True,P017,m,-0.0498073473572731
P017,,,,near_interaction_position_error_m,15,finger_joint,pinky,finger_e15_pinky_j2_p0d000,distal,,,,,P017,m,0.01969018108807013
P017,,,,near_interaction_orientation_error_rad,15,finger_joint,pinky,finger_e15_pinky_j2_p0d000,distal,,,,,P017,rad,0.583745259878134
P017,,,,native_surface_unsigned_distance_m,15,finger_joint,pinky,finger_e15_pinky_j2_p0d000,distal,,,,,P017,m,0.02159729915889096
P017,-0.15794790832346925,-0.07284460834245383,0.013984441522490162,native_surface_signed_distance_m,15,finger_joint,pinky,finger_e15_pinky_j2_p0d000,distal,-0.17885319010398956,-0.07820987627808176,0.013192971614912834,True,P017,m,-0.02159729413688183
P017,,,,global_E_bone_diagnostic,15,finger_joint,ALL,finger_e15_pinky_j2_p0d000,,,,,,P017,squared_direction,2.814122224669412
P017,,,,global_E_IM_diagnostic,15,finger_joint,ALL,finger_e15_pinky_j2_p0d000,,,,,,P017,m_squared,9.655854094116824e-05
P018,,,,wrist_orientation_error_rad,15,finger_joint,ALL,finger_e15_pinky_j2_p0d025,,,,,,P018,rad,0.11673689261425088
P018,,,,wrist_tray_position_error_m,15,finger_joint,ALL,finger_e15_pinky_j2_p0d025,,,,,,P018,m,0.0385254026393519
P018,,,,fingertip_position_error_m,15,finger_joint,thumb,finger_e15_pinky_j2_p0d025,,,,,,P018,m,0.012597634140484535
P018,,,,fingertip_orientation_error_rad,15,finger_joint,thumb,finger_e15_pinky_j2_p0d025,,,,,,P018,rad,0.15425622084832097
P018,,,,wrist_to_tip_vector_error_m,15,finger_joint,thumb,finger_e15_pinky_j2_p0d025,,,,,,P018,m,0.027191391463692847
P018,,,,direct_proximal_orientation_error_rad,15,finger_joint,thumb,finger_e15_pinky_j2_p0d025,,,,,,P018,rad,0.8659754094241511
P018,,,,direct_distal_orientation_error_rad,15,finger_joint,thumb,finger_e15_pinky_j2_p0d025,,,,,,P018,rad,0.16822759748883598
P018,,,,thumb_to_tip_vector_error_m,15,finger_joint,thumb,finger_e15_pinky_j2_p0d025,,,,,,P018,m,0.0
P018,,,,global_E_bone_diagnostic,15,finger_joint,thumb,finger_e15_pinky_j2_p0d025,,,,,,P018,squared_direction,0.787900247967519
P018,,,,fingertip_position_error_m,15,finger_joint,index,finger_e15_pinky_j2_p0d025,,,,,,P018,m,0.007818866182765425
P018,,,,fingertip_orientation_error_rad,15,finger_joint,index,finger_e15_pinky_j2_p0d025,,,,,,P018,rad,0.25389013286696893
P018,,,,wrist_to_tip_vector_error_m,15,finger_joint,index,finger_e15_pinky_j2_p0d025,,,,,,P018,m,0.035206516858596534
P018,,,,direct_proximal_orientation_error_rad,15,finger_joint,index,finger_e15_pinky_j2_p0d025,,,,,,P018,rad,0.7938182988511437
P018,,,,direct_distal_orientation_error_rad,15,finger_joint,index,finger_e15_pinky_j2_p0d025,,,,,,P018,rad,0.9563833382313375
P018,,,,thumb_to_tip_vector_error_m,15,finger_joint,index,finger_e15_pinky_j2_p0d025,,,,,,P018,m,0.008403243517674724
P018,,,,global_E_bone_diagnostic,15,finger_joint,index,finger_e15_pinky_j2_p0d025,,,,,,P018,squared_direction,0.8695949585859012
P018,,,,fingertip_position_error_m,15,finger_joint,middle,finger_e15_pinky_j2_p0d025,,,,,,P018,m,0.009468976587869613
P018,,,,fingertip_orientation_error_rad,15,finger_joint,middle,finger_e15_pinky_j2_p0d025,,,,,,P018,rad,0.19362105763897436
P018,,,,wrist_to_tip_vector_error_m,15,finger_joint,middle,finger_e15_pinky_j2_p0d025,,,,,,P018,m,0.03136724760348735
P018,,,,direct_proximal_orientation_error_rad,15,finger_joint,middle,finger_e15_pinky_j2_p0d025,,,,,,P018,rad,0.1325449618188499
P018,,,,direct_distal_orientation_error_rad,15,finger_joint,middle,finger_e15_pinky_j2_p0d025,,,,,,P018,rad,0.1428968356003882
P018,,,,thumb_to_tip_vector_error_m,15,finger_joint,middle,finger_e15_pinky_j2_p0d025,,,,,,P018,m,0.01088375045045503
P018,,,,global_E_bone_diagnostic,15,finger_joint,middle,finger_e15_pinky_j2_p0d025,,,,,,P018,squared_direction,0.0649514862040156
P018,,,,fingertip_position_error_m,15,finger_joint,ring,finger_e15_pinky_j2_p0d025,,,,,,P018,m,0.00400659935522747
P018,,,,fingertip_orientation_error_rad,15,finger_joint,ring,finger_e15_pinky_j2_p0d025,,,,,,P018,rad,0.30965921886607806
P018,,,,wrist_to_tip_vector_error_m,15,finger_joint,ring,finger_e15_pinky_j2_p0d025,,,,,,P018,m,0.04130657397275628
P018,,,,direct_proximal_orientation_error_rad,15,finger_joint,ring,finger_e15_pinky_j2_p0d025,,,,,,P018,rad,0.1439884302885359
P018,,,,direct_distal_orientation_error_rad,15,finger_joint,ring,finger_e15_pinky_j2_p0d025,,,,,,P018,rad,0.42386676755939195
P018,,,,thumb_to_tip_vector_error_m,15,finger_joint,ring,finger_e15_pinky_j2_p0d025,,,,,,P018,m,0.018882437470606635
P018,,,,global_E_bone_diagnostic,15,finger_joint,ring,finger_e15_pinky_j2_p0d025,,,,,,P018,squared_direction,0.25596411246398454
P018,,,,near_interaction_position_error_m,15,finger_joint,ring,finger_e15_pinky_j2_p0d025,proximal,,,,,P018,m,0.017083466873201777
P018,,,,near_interaction_orientation_error_rad,15,finger_joint,ring,finger_e15_pinky_j2_p0d025,proximal,,,,,P018,rad,0.12421997878969938
P018,,,,native_surface_unsigned_distance_m,15,finger_joint,ring,finger_e15_pinky_j2_p0d025,proximal,,,,,P018,m,0.04140652912624923
P018,-0.1538781747335967,-0.08115537676920634,0.015957114736565105,native_surface_signed_distance_m,15,finger_joint,ring,finger_e15_pinky_j2_p0d025,proximal,-0.18093238257853173,-0.10311854388807269,0.03832203776962581,True,P018,m,-0.0414065346121788
P018,,,,near_interaction_position_error_m,15,finger_joint,ring,finger_e15_pinky_j2_p0d025,distal,,,,,P018,m,0.0036655469501042435
P018,,,,near_interaction_orientation_error_rad,15,finger_joint,ring,finger_e15_pinky_j2_p0d025,distal,,,,,P018,rad,0.3098116339576967
P018,,,,native_surface_unsigned_distance_m,15,finger_joint,ring,finger_e15_pinky_j2_p0d025,distal,,,,,P018,m,0.012667692250341825
P018,-0.15071161231801522,-0.08519929605600983,0.015230088824919939,native_surface_signed_distance_m,15,finger_joint,ring,finger_e15_pinky_j2_p0d025,distal,-0.15849510916544707,-0.09364054675058076,0.020581059810338816,True,P018,m,-0.012667683884501457
P018,,,,fingertip_position_error_m,15,finger_joint,pinky,finger_e15_pinky_j2_p0d025,,,,,,P018,m,0.019964371745776692
P018,,,,fingertip_orientation_error_rad,15,finger_joint,pinky,finger_e15_pinky_j2_p0d025,,,,,,P018,rad,0.6223992042289579
P018,,,,wrist_to_tip_vector_error_m,15,finger_joint,pinky,finger_e15_pinky_j2_p0d025,,,,,,P018,m,0.05658061278393313
P018,,,,direct_proximal_orientation_error_rad,15,finger_joint,pinky,finger_e15_pinky_j2_p0d025,,,,,,P018,rad,0.4568643090661765
P018,,,,direct_distal_orientation_error_rad,15,finger_joint,pinky,finger_e15_pinky_j2_p0d025,,,,,,P018,rad,0.6744461179841093
P018,,,,thumb_to_tip_vector_error_m,15,finger_joint,pinky,finger_e15_pinky_j2_p0d025,,,,,,P018,m,0.03529794228412623
P018,,,,global_E_bone_diagnostic,15,finger_joint,pinky,finger_e15_pinky_j2_p0d025,,,,,,P018,squared_direction,0.858626058751237
P018,,,,near_interaction_position_error_m,15,finger_joint,pinky,finger_e15_pinky_j2_p0d025,proximal,,,,,P018,m,0.011996683326481124
P018,,,,near_interaction_orientation_error_rad,15,finger_joint,pinky,finger_e15_pinky_j2_p0d025,proximal,,,,,P018,rad,0.4458861965209085
P018,,,,native_surface_unsigned_distance_m,15,finger_joint,pinky,finger_e15_pinky_j2_p0d025,proximal,,,,,P018,m,0.04980734622628659
P018,-0.15600262,-0.07799655,0.01534876,native_surface_signed_distance_m,15,finger_joint,pinky,finger_e15_pinky_j2_p0d025,proximal,-0.19930707676547418,-0.0991125451505884,0.027982465361163448,True,P018,m,-0.0498073473572731
P018,,,,near_interaction_position_error_m,15,finger_joint,pinky,finger_e15_pinky_j2_p0d025,distal,,,,,P018,m,0.01909728840927128
P018,,,,near_interaction_orientation_error_rad,15,finger_joint,pinky,finger_e15_pinky_j2_p0d025,distal,,,,,P018,rad,0.5880456058382671
P018,,,,native_surface_unsigned_distance_m,15,finger_joint,pinky,finger_e15_pinky_j2_p0d025,distal,,,,,P018,m,0.02193848516954823
P018,-0.15782825481654755,-0.07334090768432633,0.014188351570934375,native_surface_signed_distance_m,15,finger_joint,pinky,finger_e15_pinky_j2_p0d025,distal,-0.17905067273036307,-0.07882699262828763,0.013288917630341185,True,P018,m,-0.021938469260931015
P018,,,,global_E_bone_diagnostic,15,finger_joint,ALL,finger_e15_pinky_j2_p0d025,,,,,,P018,squared_direction,2.8370368639726573
P018,,,,global_E_IM_diagnostic,15,finger_joint,ALL,finger_e15_pinky_j2_p0d025,,,,,,P018,m_squared,9.589417224701107e-05
P019,,,,wrist_orientation_error_rad,15,finger_joint,ALL,finger_e15_pinky_j2_p0d050,,,,,,P019,rad,0.11673689261425088
P019,,,,wrist_tray_position_error_m,15,finger_joint,ALL,finger_e15_pinky_j2_p0d050,,,,,,P019,m,0.0385254026393519
P019,,,,fingertip_position_error_m,15,finger_joint,thumb,finger_e15_pinky_j2_p0d050,,,,,,P019,m,0.012597634140484535
P019,,,,fingertip_orientation_error_rad,15,finger_joint,thumb,finger_e15_pinky_j2_p0d050,,,,,,P019,rad,0.15425622084832097
P019,,,,wrist_to_tip_vector_error_m,15,finger_joint,thumb,finger_e15_pinky_j2_p0d050,,,,,,P019,m,0.027191391463692847
P019,,,,direct_proximal_orientation_error_rad,15,finger_joint,thumb,finger_e15_pinky_j2_p0d050,,,,,,P019,rad,0.8659754094241511
P019,,,,direct_distal_orientation_error_rad,15,finger_joint,thumb,finger_e15_pinky_j2_p0d050,,,,,,P019,rad,0.16822759748883598
P019,,,,thumb_to_tip_vector_error_m,15,finger_joint,thumb,finger_e15_pinky_j2_p0d050,,,,,,P019,m,0.0
P019,,,,global_E_bone_diagnostic,15,finger_joint,thumb,finger_e15_pinky_j2_p0d050,,,,,,P019,squared_direction,0.787900247967519
P019,,,,fingertip_position_error_m,15,finger_joint,index,finger_e15_pinky_j2_p0d050,,,,,,P019,m,0.007818866182765425
P019,,,,fingertip_orientation_error_rad,15,finger_joint,index,finger_e15_pinky_j2_p0d050,,,,,,P019,rad,0.25389013286696893
P019,,,,wrist_to_tip_vector_error_m,15,finger_joint,index,finger_e15_pinky_j2_p0d050,,,,,,P019,m,0.035206516858596534
P019,,,,direct_proximal_orientation_error_rad,15,finger_joint,index,finger_e15_pinky_j2_p0d050,,,,,,P019,rad,0.7938182988511437
P019,,,,direct_distal_orientation_error_rad,15,finger_joint,index,finger_e15_pinky_j2_p0d050,,,,,,P019,rad,0.9563833382313375
P019,,,,thumb_to_tip_vector_error_m,15,finger_joint,index,finger_e15_pinky_j2_p0d050,,,,,,P019,m,0.008403243517674724
P019,,,,global_E_bone_diagnostic,15,finger_joint,index,finger_e15_pinky_j2_p0d050,,,,,,P019,squared_direction,0.8695949585859012
P019,,,,fingertip_position_error_m,15,finger_joint,middle,finger_e15_pinky_j2_p0d050,,,,,,P019,m,0.009468976587869613
P019,,,,fingertip_orientation_error_rad,15,finger_joint,middle,finger_e15_pinky_j2_p0d050,,,,,,P019,rad,0.19362105763897436
P019,,,,wrist_to_tip_vector_error_m,15,finger_joint,middle,finger_e15_pinky_j2_p0d050,,,,,,P019,m,0.03136724760348735
P019,,,,direct_proximal_orientation_error_rad,15,finger_joint,middle,finger_e15_pinky_j2_p0d050,,,,,,P019,rad,0.1325449618188499
P019,,,,direct_distal_orientation_error_rad,15,finger_joint,middle,finger_e15_pinky_j2_p0d050,,,,,,P019,rad,0.1428968356003882
P019,,,,thumb_to_tip_vector_error_m,15,finger_joint,middle,finger_e15_pinky_j2_p0d050,,,,,,P019,m,0.01088375045045503
P019,,,,global_E_bone_diagnostic,15,finger_joint,middle,finger_e15_pinky_j2_p0d050,,,,,,P019,squared_direction,0.0649514862040156
P019,,,,fingertip_position_error_m,15,finger_joint,ring,finger_e15_pinky_j2_p0d050,,,,,,P019,m,0.00400659935522747
P019,,,,fingertip_orientation_error_rad,15,finger_joint,ring,finger_e15_pinky_j2_p0d050,,,,,,P019,rad,0.30965921886607806
P019,,,,wrist_to_tip_vector_error_m,15,finger_joint,ring,finger_e15_pinky_j2_p0d050,,,,,,P019,m,0.04130657397275628
P019,,,,direct_proximal_orientation_error_rad,15,finger_joint,ring,finger_e15_pinky_j2_p0d050,,,,,,P019,rad,0.1439884302885359
P019,,,,direct_distal_orientation_error_rad,15,finger_joint,ring,finger_e15_pinky_j2_p0d050,,,,,,P019,rad,0.42386676755939195
P019,,,,thumb_to_tip_vector_error_m,15,finger_joint,ring,finger_e15_pinky_j2_p0d050,,,,,,P019,m,0.018882437470606635
P019,,,,global_E_bone_diagnostic,15,finger_joint,ring,finger_e15_pinky_j2_p0d050,,,,,,P019,squared_direction,0.25596411246398454
P019,,,,near_interaction_position_error_m,15,finger_joint,ring,finger_e15_pinky_j2_p0d050,proximal,,,,,P019,m,0.017083466873201777
P019,,,,near_interaction_orientation_error_rad,15,finger_joint,ring,finger_e15_pinky_j2_p0d050,proximal,,,,,P019,rad,0.12421997878969938
P019,,,,native_surface_unsigned_distance_m,15,finger_joint,ring,finger_e15_pinky_j2_p0d050,proximal,,,,,P019,m,0.04140652912624923
P019,-0.1538781747335967,-0.08115537676920634,0.015957114736565105,native_surface_signed_distance_m,15,finger_joint,ring,finger_e15_pinky_j2_p0d050,proximal,-0.18093238257853173,-0.10311854388807269,0.03832203776962581,True,P019,m,-0.0414065346121788
P019,,,,near_interaction_position_error_m,15,finger_joint,ring,finger_e15_pinky_j2_p0d050,distal,,,,,P019,m,0.0036655469501042435
P019,,,,near_interaction_orientation_error_rad,15,finger_joint,ring,finger_e15_pinky_j2_p0d050,distal,,,,,P019,rad,0.3098116339576967
P019,,,,native_surface_unsigned_distance_m,15,finger_joint,ring,finger_e15_pinky_j2_p0d050,distal,,,,,P019,m,0.012667692250341825
P019,-0.15071161231801522,-0.08519929605600983,0.015230088824919939,native_surface_signed_distance_m,15,finger_joint,ring,finger_e15_pinky_j2_p0d050,distal,-0.15849510916544707,-0.09364054675058076,0.020581059810338816,True,P019,m,-0.012667683884501457
P019,,,,fingertip_position_error_m,15,finger_joint,pinky,finger_e15_pinky_j2_p0d050,,,,,,P019,m,0.018890050472202373
P019,,,,fingertip_orientation_error_rad,15,finger_joint,pinky,finger_e15_pinky_j2_p0d050,,,,,,P019,rad,0.631509706753946
P019,,,,wrist_to_tip_vector_error_m,15,finger_joint,pinky,finger_e15_pinky_j2_p0d050,,,,,,P019,m,0.055390754526450675
P019,,,,direct_proximal_orientation_error_rad,15,finger_joint,pinky,finger_e15_pinky_j2_p0d050,,,,,,P019,rad,0.4568643090661765
P019,,,,direct_distal_orientation_error_rad,15,finger_joint,pinky,finger_e15_pinky_j2_p0d050,,,,,,P019,rad,0.6837330956334974
P019,,,,thumb_to_tip_vector_error_m,15,finger_joint,pinky,finger_e15_pinky_j2_p0d050,,,,,,P019,m,0.03413214866101993
P019,,,,global_E_bone_diagnostic,15,finger_joint,pinky,finger_e15_pinky_j2_p0d050,,,,,,P019,squared_direction,0.8831614602411
P019,,,,near_interaction_position_error_m,15,finger_joint,pinky,finger_e15_pinky_j2_p0d050,proximal,,,,,P019,m,0.011996683326481124
P019,,,,near_interaction_orientation_error_rad,15,finger_joint,pinky,finger_e15_pinky_j2_p0d050,proximal,,,,,P019,rad,0.4458861965209085
P019,,,,native_surface_unsigned_distance_m,15,finger_joint,pinky,finger_e15_pinky_j2_p0d050,proximal,,,,,P019,m,0.04980734622628659
P019,-0.15600262,-0.07799655,0.01534876,native_surface_signed_distance_m,15,finger_joint,pinky,finger_e15_pinky_j2_p0d050,proximal,-0.19930707676547418,-0.0991125451505884,0.027982465361163448,True,P019,m,-0.0498073473572731
P019,,,,near_interaction_position_error_m,15,finger_joint,pinky,finger_e15_pinky_j2_p0d050,distal,,,,,P019,m,0.018517570911971707
P019,,,,near_interaction_orientation_error_rad,15,finger_joint,pinky,finger_e15_pinky_j2_p0d050,distal,,,,,P019,rad,0.5957427307698149
P019,,,,native_surface_unsigned_distance_m,15,finger_joint,pinky,finger_e15_pinky_j2_p0d050,distal,,,,,P019,m,0.022298931991124964
P019,-0.15775963,-0.07362555000000001,0.014305300000000002,native_surface_signed_distance_m,15,finger_joint,pinky,finger_e15_pinky_j2_p0d050,distal,-0.17927013831280125,-0.07943321718857732,0.013404521505336824,True,P019,m,-0.022298920899629593
P019,,,,global_E_bone_diagnostic,15,finger_joint,ALL,finger_e15_pinky_j2_p0d050,,,,,,P019,squared_direction,2.86157226546252
P019,,,,global_E_IM_diagnostic,15,finger_joint,ALL,finger_e15_pinky_j2_p0d050,,,,,,P019,m_squared,9.53123705246585e-05
P020,,,,wrist_orientation_error_rad,16,finger_joint,ALL,finger_e16_ring_j1_m0d050,,,,,,P020,rad,0.11366784299534578
P020,,,,wrist_tray_position_error_m,16,finger_joint,ALL,finger_e16_ring_j1_m0d050,,,,,,P020,m,0.038547885580650025
P020,,,,fingertip_position_error_m,16,finger_joint,thumb,finger_e16_ring_j1_m0d050,,,,,,P020,m,0.012061002294226433
P020,,,,fingertip_orientation_error_rad,16,finger_joint,thumb,finger_e16_ring_j1_m0d050,,,,,,P020,rad,0.2013175537461058
P020,,,,wrist_to_tip_vector_error_m,16,finger_joint,thumb,finger_e16_ring_j1_m0d050,,,,,,P020,m,0.028237143397511155
P020,,,,direct_proximal_orientation_error_rad,16,finger_joint,thumb,finger_e16_ring_j1_m0d050,,,,,,P020,rad,0.8411673548002649
P020,,,,direct_distal_orientation_error_rad,16,finger_joint,thumb,finger_e16_ring_j1_m0d050,,,,,,P020,rad,0.1549332603333245
P020,,,,thumb_to_tip_vector_error_m,16,finger_joint,thumb,finger_e16_ring_j1_m0d050,,,,,,P020,m,0.0
P020,,,,global_E_bone_diagnostic,16,finger_joint,thumb,finger_e16_ring_j1_m0d050,,,,,,P020,squared_direction,0.7799296601533445
P020,,,,fingertip_position_error_m,16,finger_joint,index,finger_e16_ring_j1_m0d050,,,,,,P020,m,0.007632765058820055
P020,,,,fingertip_orientation_error_rad,16,finger_joint,index,finger_e16_ring_j1_m0d050,,,,,,P020,rad,0.2664737074622685
P020,,,,wrist_to_tip_vector_error_m,16,finger_joint,index,finger_e16_ring_j1_m0d050,,,,,,P020,m,0.0356683152417791
P020,,,,direct_proximal_orientation_error_rad,16,finger_joint,index,finger_e16_ring_j1_m0d050,,,,,,P020,rad,0.7769446674412045
P020,,,,direct_distal_orientation_error_rad,16,finger_joint,index,finger_e16_ring_j1_m0d050,,,,,,P020,rad,1.0210170756410597
P020,,,,thumb_to_tip_vector_error_m,16,finger_joint,index,finger_e16_ring_j1_m0d050,,,,,,P020,m,0.008232135776299762
P020,,,,global_E_bone_diagnostic,16,finger_joint,index,finger_e16_ring_j1_m0d050,,,,,,P020,squared_direction,0.9678792325969354
P020,,,,fingertip_position_error_m,16,finger_joint,middle,finger_e16_ring_j1_m0d050,,,,,,P020,m,0.011403684845945278
P020,,,,fingertip_orientation_error_rad,16,finger_joint,middle,finger_e16_ring_j1_m0d050,,,,,,P020,rad,0.20945278666267808
P020,,,,wrist_to_tip_vector_error_m,16,finger_joint,middle,finger_e16_ring_j1_m0d050,,,,,,P020,m,0.030380911627815057
P020,,,,direct_proximal_orientation_error_rad,16,finger_joint,middle,finger_e16_ring_j1_m0d050,,,,,,P020,rad,0.13041996328043734
P020,,,,direct_distal_orientation_error_rad,16,finger_joint,middle,finger_e16_ring_j1_m0d050,,,,,,P020,rad,0.15656594711239927
P020,,,,thumb_to_tip_vector_error_m,16,finger_joint,middle,finger_e16_ring_j1_m0d050,,,,,,P020,m,0.01259179085136777
P020,,,,global_E_bone_diagnostic,16,finger_joint,middle,finger_e16_ring_j1_m0d050,,,,,,P020,squared_direction,0.07669756323817827
P020,,,,fingertip_position_error_m,16,finger_joint,ring,finger_e16_ring_j1_m0d050,,,,,,P020,m,0.007384624351629279
P020,,,,fingertip_orientation_error_rad,16,finger_joint,ring,finger_e16_ring_j1_m0d050,,,,,,P020,rad,0.32889655650094024
P020,,,,wrist_to_tip_vector_error_m,16,finger_joint,ring,finger_e16_ring_j1_m0d050,,,,,,P020,m,0.04689663733514309
P020,,,,direct_proximal_orientation_error_rad,16,finger_joint,ring,finger_e16_ring_j1_m0d050,,,,,,P020,rad,0.2518085039768722
P020,,,,direct_distal_orientation_error_rad,16,finger_joint,ring,finger_e16_ring_j1_m0d050,,,,,,P020,rad,0.443016313589559
P020,,,,thumb_to_tip_vector_error_m,16,finger_joint,ring,finger_e16_ring_j1_m0d050,,,,,,P020,m,0.021419268682780754
P020,,,,global_E_bone_diagnostic,16,finger_joint,ring,finger_e16_ring_j1_m0d050,,,,,,P020,squared_direction,0.3570546643559725
P020,,,,near_interaction_position_error_m,16,finger_joint,ring,finger_e16_ring_j1_m0d050,proximal,,,,,P020,m,0.015330469796044374
P020,,,,near_interaction_orientation_error_rad,16,finger_joint,ring,finger_e16_ring_j1_m0d050,proximal,,,,,P020,rad,0.22742065071272236
P020,,,,native_surface_unsigned_distance_m,16,finger_joint,ring,finger_e16_ring_j1_m0d050,proximal,,,,,P020,m,0.04841046874493704
P020,-0.15705737805711092,-0.07511567997502705,0.015867282638536952,native_surface_signed_distance_m,16,finger_joint,ring,finger_e16_ring_j1_m0d050,proximal,-0.1966560197764056,-0.0904338892697294,0.03912397032391374,True,P020,m,-0.04841047152876854
P020,,,,near_interaction_position_error_m,16,finger_joint,ring,finger_e16_ring_j1_m0d050,distal,,,,,P020,m,0.008871974407017456
P020,,,,near_interaction_orientation_error_rad,16,finger_joint,ring,finger_e16_ring_j1_m0d050,distal,,,,,P020,rad,0.3333429608080054
P020,,,,native_surface_unsigned_distance_m,16,finger_joint,ring,finger_e16_ring_j1_m0d050,distal,,,,,P020,m,0.02099213853976321
P020,-0.15787284756713912,-0.07256287101464635,0.015599207302022956,native_surface_signed_distance_m,16,finger_joint,ring,finger_e16_ring_j1_m0d050,distal,-0.17755244219514243,-0.07714288078491026,0.02129191722387584,True,P020,m,-0.020992152392864227
P020,,,,fingertip_position_error_m,16,finger_joint,pinky,finger_e16_ring_j1_m0d050,,,,,,P020,m,0.02080561573391404
P020,,,,fingertip_orientation_error_rad,16,finger_joint,pinky,finger_e16_ring_j1_m0d050,,,,,,P020,rad,0.6254548092340385
P020,,,,wrist_to_tip_vector_error_m,16,finger_joint,pinky,finger_e16_ring_j1_m0d050,,,,,,P020,m,0.05812356982358867
P020,,,,direct_proximal_orientation_error_rad,16,finger_joint,pinky,finger_e16_ring_j1_m0d050,,,,,,P020,rad,0.4816572663313382
P020,,,,direct_distal_orientation_error_rad,16,finger_joint,pinky,finger_e16_ring_j1_m0d050,,,,,,P020,rad,0.6770216403994233
P020,,,,thumb_to_tip_vector_error_m,16,finger_joint,pinky,finger_e16_ring_j1_m0d050,,,,,,P020,m,0.03511859913983375
P020,,,,global_E_bone_diagnostic,16,finger_joint,pinky,finger_e16_ring_j1_m0d050,,,,,,P020,squared_direction,0.895943946996847
P020,,,,near_interaction_position_error_m,16,finger_joint,pinky,finger_e16_ring_j1_m0d050,proximal,,,,,P020,m,0.012601084011395485
P020,,,,near_interaction_orientation_error_rad,16,finger_joint,pinky,finger_e16_ring_j1_m0d050,proximal,,,,,P020,rad,0.4663043373384422
P020,,,,native_surface_unsigned_distance_m,16,finger_joint,pinky,finger_e16_ring_j1_m0d050,proximal,,,,,P020,m,0.06052198608417899
P020,-0.15744960000000002,-0.07427881,0.01552225,native_surface_signed_distance_m,16,finger_joint,pinky,finger_e16_ring_j1_m0d050,proximal,-0.21437162476440716,-0.09040872283011588,0.028274497189677568,True,P020,m,-0.06052197888493538
P020,,,,near_interaction_position_error_m,16,finger_joint,pinky,finger_e16_ring_j1_m0d050,distal,,,,,P020,m,0.019820760048716177
P020,,,,near_interaction_orientation_error_rad,16,finger_joint,pinky,finger_e16_ring_j1_m0d050,distal,,,,,P020,rad,0.5923475153072228
P020,,,,native_surface_unsigned_distance_m,16,finger_joint,pinky,finger_e16_ring_j1_m0d050,distal,,,,,P020,m,0.03851798323007318
P020,-0.158716339727623,-0.06715399745001509,0.014007336935935965,native_surface_signed_distance_m,16,finger_joint,pinky,finger_e16_ring_j1_m0d050,distal,-0.1971671242201964,-0.06842884033174225,0.012123994257402211,True,P020,m,-0.038517989218235016
P020,,,,global_E_bone_diagnostic,16,finger_joint,ALL,finger_e16_ring_j1_m0d050,,,,,,P020,squared_direction,3.077505067341278
P020,,,,global_E_IM_diagnostic,16,finger_joint,ALL,finger_e16_ring_j1_m0d050,,,,,,P020,m_squared,0.0001019190154422723
P021,,,,wrist_orientation_error_rad,16,finger_joint,ALL,finger_e16_ring_j1_m0d025,,,,,,P021,rad,0.11366784299534578
P021,,,,wrist_tray_position_error_m,16,finger_joint,ALL,finger_e16_ring_j1_m0d025,,,,,,P021,m,0.038547885580650025
P021,,,,fingertip_position_error_m,16,finger_joint,thumb,finger_e16_ring_j1_m0d025,,,,,,P021,m,0.012061002294226433
P021,,,,fingertip_orientation_error_rad,16,finger_joint,thumb,finger_e16_ring_j1_m0d025,,,,,,P021,rad,0.2013175537461058
P021,,,,wrist_to_tip_vector_error_m,16,finger_joint,thumb,finger_e16_ring_j1_m0d025,,,,,,P021,m,0.028237143397511155
P021,,,,direct_proximal_orientation_error_rad,16,finger_joint,thumb,finger_e16_ring_j1_m0d025,,,,,,P021,rad,0.8411673548002649
P021,,,,direct_distal_orientation_error_rad,16,finger_joint,thumb,finger_e16_ring_j1_m0d025,,,,,,P021,rad,0.1549332603333245
P021,,,,thumb_to_tip_vector_error_m,16,finger_joint,thumb,finger_e16_ring_j1_m0d025,,,,,,P021,m,0.0
P021,,,,global_E_bone_diagnostic,16,finger_joint,thumb,finger_e16_ring_j1_m0d025,,,,,,P021,squared_direction,0.7799296601533445
P021,,,,fingertip_position_error_m,16,finger_joint,index,finger_e16_ring_j1_m0d025,,,,,,P021,m,0.007632765058820055
P021,,,,fingertip_orientation_error_rad,16,finger_joint,index,finger_e16_ring_j1_m0d025,,,,,,P021,rad,0.2664737074622685
P021,,,,wrist_to_tip_vector_error_m,16,finger_joint,index,finger_e16_ring_j1_m0d025,,,,,,P021,m,0.0356683152417791
P021,,,,direct_proximal_orientation_error_rad,16,finger_joint,index,finger_e16_ring_j1_m0d025,,,,,,P021,rad,0.7769446674412045
P021,,,,direct_distal_orientation_error_rad,16,finger_joint,index,finger_e16_ring_j1_m0d025,,,,,,P021,rad,1.0210170756410597
P021,,,,thumb_to_tip_vector_error_m,16,finger_joint,index,finger_e16_ring_j1_m0d025,,,,,,P021,m,0.008232135776299762
P021,,,,global_E_bone_diagnostic,16,finger_joint,index,finger_e16_ring_j1_m0d025,,,,,,P021,squared_direction,0.9678792325969354
P021,,,,fingertip_position_error_m,16,finger_joint,middle,finger_e16_ring_j1_m0d025,,,,,,P021,m,0.011403684845945278
P021,,,,fingertip_orientation_error_rad,16,finger_joint,middle,finger_e16_ring_j1_m0d025,,,,,,P021,rad,0.20945278666267808
P021,,,,wrist_to_tip_vector_error_m,16,finger_joint,middle,finger_e16_ring_j1_m0d025,,,,,,P021,m,0.030380911627815057
P021,,,,direct_proximal_orientation_error_rad,16,finger_joint,middle,finger_e16_ring_j1_m0d025,,,,,,P021,rad,0.13041996328043734
P021,,,,direct_distal_orientation_error_rad,16,finger_joint,middle,finger_e16_ring_j1_m0d025,,,,,,P021,rad,0.15656594711239927
P021,,,,thumb_to_tip_vector_error_m,16,finger_joint,middle,finger_e16_ring_j1_m0d025,,,,,,P021,m,0.01259179085136777
P021,,,,global_E_bone_diagnostic,16,finger_joint,middle,finger_e16_ring_j1_m0d025,,,,,,P021,squared_direction,0.07669756323817827
P021,,,,fingertip_position_error_m,16,finger_joint,ring,finger_e16_ring_j1_m0d025,,,,,,P021,m,0.004997628472096248
P021,,,,fingertip_orientation_error_rad,16,finger_joint,ring,finger_e16_ring_j1_m0d025,,,,,,P021,rad,0.319372469250593
P021,,,,wrist_to_tip_vector_error_m,16,finger_joint,ring,finger_e16_ring_j1_m0d025,,,,,,P021,m,0.04423044347481659
P021,,,,direct_proximal_orientation_error_rad,16,finger_joint,ring,finger_e16_ring_j1_m0d025,,,,,,P021,rad,0.20580661535635453
P021,,,,direct_distal_orientation_error_rad,16,finger_joint,ring,finger_e16_ring_j1_m0d025,,,,,,P021,rad,0.433951881924691
P021,,,,thumb_to_tip_vector_error_m,16,finger_joint,ring,finger_e16_ring_j1_m0d025,,,,,,P021,m,0.019355068838915697
P021,,,,global_E_bone_diagnostic,16,finger_joint,ring,finger_e16_ring_j1_m0d025,,,,,,P021,squared_direction,0.3180556621308926
P021,,,,near_interaction_position_error_m,16,finger_joint,ring,finger_e16_ring_j1_m0d025,proximal,,,,,P021,m,0.01646941166404826
P021,,,,near_interaction_orientation_error_rad,16,finger_joint,ring,finger_e16_ring_j1_m0d025,proximal,,,,,P021,rad,0.1808578643205873
P021,,,,native_surface_unsigned_distance_m,16,finger_joint,ring,finger_e16_ring_j1_m0d025,proximal,,,,,P021,m,0.04767729888185562
P021,-0.15664370327408214,-0.07590481577711676,0.016051866625783347,native_surface_signed_distance_m,16,finger_joint,ring,finger_e16_ring_j1_m0d025,proximal,-0.19586774222610825,-0.09123905757479378,0.03840048236479736,True,P021,m,-0.04767730087041855
P021,,,,near_interaction_position_error_m,16,finger_joint,ring,finger_e16_ring_j1_m0d025,distal,,,,,P021,m,0.006433833566343385
P021,,,,near_interaction_orientation_error_rad,16,finger_joint,ring,finger_e16_ring_j1_m0d025,distal,,,,,P021,rad,0.32220005445591027
P021,,,,native_surface_unsigned_distance_m,16,finger_joint,ring,finger_e16_ring_j1_m0d025,distal,,,,,P021,m,0.02004154661878363
P021,-0.1574759685702351,-0.07406076154228894,0.015661735965156517,native_surface_signed_distance_m,16,finger_joint,ring,finger_e16_ring_j1_m0d025,distal,-0.1763128055418384,-0.07921722010444929,0.02016152472406954,True,P021,m,-0.020041536539793015
P021,,,,fingertip_position_error_m,16,finger_joint,pinky,finger_e16_ring_j1_m0d025,,,,,,P021,m,0.02080561573391404
P021,,,,fingertip_orientation_error_rad,16,finger_joint,pinky,finger_e16_ring_j1_m0d025,,,,,,P021,rad,0.6254548092340385
P021,,,,wrist_to_tip_vector_error_m,16,finger_joint,pinky,finger_e16_ring_j1_m0d025,,,,,,P021,m,0.05812356982358867
P021,,,,direct_proximal_orientation_error_rad,16,finger_joint,pinky,finger_e16_ring_j1_m0d025,,,,,,P021,rad,0.4816572663313382
P021,,,,direct_distal_orientation_error_rad,16,finger_joint,pinky,finger_e16_ring_j1_m0d025,,,,,,P021,rad,0.6770216403994233
P021,,,,thumb_to_tip_vector_error_m,16,finger_joint,pinky,finger_e16_ring_j1_m0d025,,,,,,P021,m,0.03511859913983375
P021,,,,global_E_bone_diagnostic,16,finger_joint,pinky,finger_e16_ring_j1_m0d025,,,,,,P021,squared_direction,0.895943946996847
P021,,,,near_interaction_position_error_m,16,finger_joint,pinky,finger_e16_ring_j1_m0d025,proximal,,,,,P021,m,0.012601084011395485
P021,,,,near_interaction_orientation_error_rad,16,finger_joint,pinky,finger_e16_ring_j1_m0d025,proximal,,,,,P021,rad,0.4663043373384422
P021,,,,native_surface_unsigned_distance_m,16,finger_joint,pinky,finger_e16_ring_j1_m0d025,proximal,,,,,P021,m,0.06052198608417899
P021,-0.15744960000000002,-0.07427881,0.01552225,native_surface_signed_distance_m,16,finger_joint,pinky,finger_e16_ring_j1_m0d025,proximal,-0.21437162476440716,-0.09040872283011588,0.028274497189677568,True,P021,m,-0.06052197888493538
P021,,,,near_interaction_position_error_m,16,finger_joint,pinky,finger_e16_ring_j1_m0d025,distal,,,,,P021,m,0.019820760048716177
P021,,,,near_interaction_orientation_error_rad,16,finger_joint,pinky,finger_e16_ring_j1_m0d025,distal,,,,,P021,rad,0.5923475153072228
P021,,,,native_surface_unsigned_distance_m,16,finger_joint,pinky,finger_e16_ring_j1_m0d025,distal,,,,,P021,m,0.03851798323007318
P021,-0.158716339727623,-0.06715399745001509,0.014007336935935965,native_surface_signed_distance_m,16,finger_joint,pinky,finger_e16_ring_j1_m0d025,distal,-0.1971671242201964,-0.06842884033174225,0.012123994257402211,True,P021,m,-0.038517989218235016
P021,,,,global_E_bone_diagnostic,16,finger_joint,ALL,finger_e16_ring_j1_m0d025,,,,,,P021,squared_direction,3.038506065116198
P021,,,,global_E_IM_diagnostic,16,finger_joint,ALL,finger_e16_ring_j1_m0d025,,,,,,P021,m_squared,0.00010049751438931711
P022,,,,wrist_orientation_error_rad,16,finger_joint,ALL,finger_e16_ring_j1_p0d000,,,,,,P022,rad,0.11366784299534578
P022,,,,wrist_tray_position_error_m,16,finger_joint,ALL,finger_e16_ring_j1_p0d000,,,,,,P022,m,0.038547885580650025
P022,,,,fingertip_position_error_m,16,finger_joint,thumb,finger_e16_ring_j1_p0d000,,,,,,P022,m,0.012061002294226433
P022,,,,fingertip_orientation_error_rad,16,finger_joint,thumb,finger_e16_ring_j1_p0d000,,,,,,P022,rad,0.2013175537461058
P022,,,,wrist_to_tip_vector_error_m,16,finger_joint,thumb,finger_e16_ring_j1_p0d000,,,,,,P022,m,0.028237143397511155
P022,,,,direct_proximal_orientation_error_rad,16,finger_joint,thumb,finger_e16_ring_j1_p0d000,,,,,,P022,rad,0.8411673548002649
P022,,,,direct_distal_orientation_error_rad,16,finger_joint,thumb,finger_e16_ring_j1_p0d000,,,,,,P022,rad,0.1549332603333245
P022,,,,thumb_to_tip_vector_error_m,16,finger_joint,thumb,finger_e16_ring_j1_p0d000,,,,,,P022,m,0.0
P022,,,,global_E_bone_diagnostic,16,finger_joint,thumb,finger_e16_ring_j1_p0d000,,,,,,P022,squared_direction,0.7799296601533445
P022,,,,fingertip_position_error_m,16,finger_joint,index,finger_e16_ring_j1_p0d000,,,,,,P022,m,0.007632765058820055
P022,,,,fingertip_orientation_error_rad,16,finger_joint,index,finger_e16_ring_j1_p0d000,,,,,,P022,rad,0.2664737074622685
P022,,,,wrist_to_tip_vector_error_m,16,finger_joint,index,finger_e16_ring_j1_p0d000,,,,,,P022,m,0.0356683152417791
P022,,,,direct_proximal_orientation_error_rad,16,finger_joint,index,finger_e16_ring_j1_p0d000,,,,,,P022,rad,0.7769446674412045
P022,,,,direct_distal_orientation_error_rad,16,finger_joint,index,finger_e16_ring_j1_p0d000,,,,,,P022,rad,1.0210170756410597
P022,,,,thumb_to_tip_vector_error_m,16,finger_joint,index,finger_e16_ring_j1_p0d000,,,,,,P022,m,0.008232135776299762
P022,,,,global_E_bone_diagnostic,16,finger_joint,index,finger_e16_ring_j1_p0d000,,,,,,P022,squared_direction,0.9678792325969354
P022,,,,fingertip_position_error_m,16,finger_joint,middle,finger_e16_ring_j1_p0d000,,,,,,P022,m,0.011403684845945278
P022,,,,fingertip_orientation_error_rad,16,finger_joint,middle,finger_e16_ring_j1_p0d000,,,,,,P022,rad,0.20945278666267808
P022,,,,wrist_to_tip_vector_error_m,16,finger_joint,middle,finger_e16_ring_j1_p0d000,,,,,,P022,m,0.030380911627815057
P022,,,,direct_proximal_orientation_error_rad,16,finger_joint,middle,finger_e16_ring_j1_p0d000,,,,,,P022,rad,0.13041996328043734
P022,,,,direct_distal_orientation_error_rad,16,finger_joint,middle,finger_e16_ring_j1_p0d000,,,,,,P022,rad,0.15656594711239927
P022,,,,thumb_to_tip_vector_error_m,16,finger_joint,middle,finger_e16_ring_j1_p0d000,,,,,,P022,m,0.01259179085136777
P022,,,,global_E_bone_diagnostic,16,finger_joint,middle,finger_e16_ring_j1_p0d000,,,,,,P022,squared_direction,0.07669756323817827
P022,,,,fingertip_position_error_m,16,finger_joint,ring,finger_e16_ring_j1_p0d000,,,,,,P022,m,0.003255861908977422
P022,,,,fingertip_orientation_error_rad,16,finger_joint,ring,finger_e16_ring_j1_p0d000,,,,,,P022,rad,0.3168501207380725
P022,,,,wrist_to_tip_vector_error_m,16,finger_joint,ring,finger_e16_ring_j1_p0d000,,,,,,P022,m,0.041544722676082044
P022,,,,direct_proximal_orientation_error_rad,16,finger_joint,ring,finger_e16_ring_j1_p0d000,,,,,,P022,rad,0.16095564839152035
P022,,,,direct_distal_orientation_error_rad,16,finger_joint,ring,finger_e16_ring_j1_p0d000,,,,,,P022,rad,0.429750722905554
P022,,,,thumb_to_tip_vector_error_m,16,finger_joint,ring,finger_e16_ring_j1_p0d000,,,,,,P022,m,0.01740530754731705
P022,,,,global_E_bone_diagnostic,16,finger_joint,ring,finger_e16_ring_j1_p0d000,,,,,,P022,squared_direction,0.28832738740145997
P022,,,,near_interaction_position_error_m,16,finger_joint,ring,finger_e16_ring_j1_p0d000,proximal,,,,,P022,m,0.017616994112625597
P022,,,,near_interaction_orientation_error_rad,16,finger_joint,ring,finger_e16_ring_j1_p0d000,proximal,,,,,P022,rad,0.13528954104046378
P022,,,,native_surface_unsigned_distance_m,16,finger_joint,ring,finger_e16_ring_j1_p0d000,proximal,,,,,P022,m,0.04700838391296541
P022,-0.15641927,-0.07633295000000001,0.01615201,native_surface_signed_distance_m,16,finger_joint,ring,finger_e16_ring_j1_p0d000,proximal,-0.1951084710944585,-0.09209463511619326,0.03770434535093747,True,P022,m,-0.04700838029384613
P022,,,,near_interaction_position_error_m,16,finger_joint,ring,finger_e16_ring_j1_p0d000,distal,,,,,P022,m,0.004206687777021871
P022,,,,near_interaction_orientation_error_rad,16,finger_joint,ring,finger_e16_ring_j1_p0d000,distal,,,,,P022,rad,0.317741963231769
P022,,,,native_surface_unsigned_distance_m,16,finger_joint,ring,finger_e16_ring_j1_p0d000,distal,,,,,P022,m,0.019384872276203433
P022,-0.15726245499666458,-0.07493404211332133,0.01529376533577729,native_surface_signed_distance_m,16,finger_joint,ring,finger_e16_ring_j1_p0d000,distal,-0.17514722123148865,-0.08136966165618727,0.019100497660212403,True,P022,m,-0.019384874030947685
P022,,,,fingertip_position_error_m,16,finger_joint,pinky,finger_e16_ring_j1_p0d000,,,,,,P022,m,0.02080561573391404
P022,,,,fingertip_orientation_error_rad,16,finger_joint,pinky,finger_e16_ring_j1_p0d000,,,,,,P022,rad,0.6254548092340385
P022,,,,wrist_to_tip_vector_error_m,16,finger_joint,pinky,finger_e16_ring_j1_p0d000,,,,,,P022,m,0.05812356982358867
P022,,,,direct_proximal_orientation_error_rad,16,finger_joint,pinky,finger_e16_ring_j1_p0d000,,,,,,P022,rad,0.4816572663313382
P022,,,,direct_distal_orientation_error_rad,16,finger_joint,pinky,finger_e16_ring_j1_p0d000,,,,,,P022,rad,0.6770216403994233
P022,,,,thumb_to_tip_vector_error_m,16,finger_joint,pinky,finger_e16_ring_j1_p0d000,,,,,,P022,m,0.03511859913983375
P022,,,,global_E_bone_diagnostic,16,finger_joint,pinky,finger_e16_ring_j1_p0d000,,,,,,P022,squared_direction,0.895943946996847
P022,,,,near_interaction_position_error_m,16,finger_joint,pinky,finger_e16_ring_j1_p0d000,proximal,,,,,P022,m,0.012601084011395485
P022,,,,near_interaction_orientation_error_rad,16,finger_joint,pinky,finger_e16_ring_j1_p0d000,proximal,,,,,P022,rad,0.4663043373384422
P022,,,,native_surface_unsigned_distance_m,16,finger_joint,pinky,finger_e16_ring_j1_p0d000,proximal,,,,,P022,m,0.06052198608417899
P022,-0.15744960000000002,-0.07427881,0.01552225,native_surface_signed_distance_m,16,finger_joint,pinky,finger_e16_ring_j1_p0d000,proximal,-0.21437162476440716,-0.09040872283011588,0.028274497189677568,True,P022,m,-0.06052197888493538
P022,,,,near_interaction_position_error_m,16,finger_joint,pinky,finger_e16_ring_j1_p0d000,distal,,,,,P022,m,0.019820760048716177
P022,,,,near_interaction_orientation_error_rad,16,finger_joint,pinky,finger_e16_ring_j1_p0d000,distal,,,,,P022,rad,0.5923475153072228
P022,,,,native_surface_unsigned_distance_m,16,finger_joint,pinky,finger_e16_ring_j1_p0d000,distal,,,,,P022,m,0.03851798323007318
P022,-0.158716339727623,-0.06715399745001509,0.014007336935935965,native_surface_signed_distance_m,16,finger_joint,pinky,finger_e16_ring_j1_p0d000,distal,-0.1971671242201964,-0.06842884033174225,0.012123994257402211,True,P022,m,-0.038517989218235016
P022,,,,global_E_bone_diagnostic,16,finger_joint,ALL,finger_e16_ring_j1_p0d000,,,,,,P022,squared_direction,3.008777790386765
P022,,,,global_E_IM_diagnostic,16,finger_joint,ALL,finger_e16_ring_j1_p0d000,,,,,,P022,m_squared,9.95759989338723e-05
P023,,,,wrist_orientation_error_rad,16,finger_joint,ALL,finger_e16_ring_j1_p0d025,,,,,,P023,rad,0.11366784299534578
P023,,,,wrist_tray_position_error_m,16,finger_joint,ALL,finger_e16_ring_j1_p0d025,,,,,,P023,m,0.038547885580650025
P023,,,,fingertip_position_error_m,16,finger_joint,thumb,finger_e16_ring_j1_p0d025,,,,,,P023,m,0.012061002294226433
P023,,,,fingertip_orientation_error_rad,16,finger_joint,thumb,finger_e16_ring_j1_p0d025,,,,,,P023,rad,0.2013175537461058
P023,,,,wrist_to_tip_vector_error_m,16,finger_joint,thumb,finger_e16_ring_j1_p0d025,,,,,,P023,m,0.028237143397511155
P023,,,,direct_proximal_orientation_error_rad,16,finger_joint,thumb,finger_e16_ring_j1_p0d025,,,,,,P023,rad,0.8411673548002649
P023,,,,direct_distal_orientation_error_rad,16,finger_joint,thumb,finger_e16_ring_j1_p0d025,,,,,,P023,rad,0.1549332603333245
P023,,,,thumb_to_tip_vector_error_m,16,finger_joint,thumb,finger_e16_ring_j1_p0d025,,,,,,P023,m,0.0
P023,,,,global_E_bone_diagnostic,16,finger_joint,thumb,finger_e16_ring_j1_p0d025,,,,,,P023,squared_direction,0.7799296601533445
P023,,,,fingertip_position_error_m,16,finger_joint,index,finger_e16_ring_j1_p0d025,,,,,,P023,m,0.007632765058820055
P023,,,,fingertip_orientation_error_rad,16,finger_joint,index,finger_e16_ring_j1_p0d025,,,,,,P023,rad,0.2664737074622685
P023,,,,wrist_to_tip_vector_error_m,16,finger_joint,index,finger_e16_ring_j1_p0d025,,,,,,P023,m,0.0356683152417791
P023,,,,direct_proximal_orientation_error_rad,16,finger_joint,index,finger_e16_ring_j1_p0d025,,,,,,P023,rad,0.7769446674412045
P023,,,,direct_distal_orientation_error_rad,16,finger_joint,index,finger_e16_ring_j1_p0d025,,,,,,P023,rad,1.0210170756410597
P023,,,,thumb_to_tip_vector_error_m,16,finger_joint,index,finger_e16_ring_j1_p0d025,,,,,,P023,m,0.008232135776299762
P023,,,,global_E_bone_diagnostic,16,finger_joint,index,finger_e16_ring_j1_p0d025,,,,,,P023,squared_direction,0.9678792325969354
P023,,,,fingertip_position_error_m,16,finger_joint,middle,finger_e16_ring_j1_p0d025,,,,,,P023,m,0.011403684845945278
P023,,,,fingertip_orientation_error_rad,16,finger_joint,middle,finger_e16_ring_j1_p0d025,,,,,,P023,rad,0.20945278666267808
P023,,,,wrist_to_tip_vector_error_m,16,finger_joint,middle,finger_e16_ring_j1_p0d025,,,,,,P023,m,0.030380911627815057
P023,,,,direct_proximal_orientation_error_rad,16,finger_joint,middle,finger_e16_ring_j1_p0d025,,,,,,P023,rad,0.13041996328043734
P023,,,,direct_distal_orientation_error_rad,16,finger_joint,middle,finger_e16_ring_j1_p0d025,,,,,,P023,rad,0.15656594711239927
P023,,,,thumb_to_tip_vector_error_m,16,finger_joint,middle,finger_e16_ring_j1_p0d025,,,,,,P023,m,0.01259179085136777
P023,,,,global_E_bone_diagnostic,16,finger_joint,middle,finger_e16_ring_j1_p0d025,,,,,,P023,squared_direction,0.07669756323817827
P023,,,,fingertip_position_error_m,16,finger_joint,ring,finger_e16_ring_j1_p0d025,,,,,,P023,m,0.003382134124682606
P023,,,,fingertip_orientation_error_rad,16,finger_joint,ring,finger_e16_ring_j1_p0d025,,,,,,P023,rad,0.321494363519666
P023,,,,wrist_to_tip_vector_error_m,16,finger_joint,ring,finger_e16_ring_j1_p0d025,,,,,,P023,m,0.038842255552652374
P023,,,,direct_proximal_orientation_error_rad,16,finger_joint,ring,finger_e16_ring_j1_p0d025,,,,,,P023,rad,0.11856913084787579
P023,,,,direct_distal_orientation_error_rad,16,finger_joint,ring,finger_e16_ring_j1_p0d025,,,,,,P023,rad,0.43055571191955216
P023,,,,thumb_to_tip_vector_error_m,16,finger_joint,ring,finger_e16_ring_j1_p0d025,,,,,,P023,m,0.015618204095711907
P023,,,,global_E_bone_diagnostic,16,finger_joint,ring,finger_e16_ring_j1_p0d025,,,,,,P023,squared_direction,0.26793832096282133
P023,,,,near_interaction_position_error_m,16,finger_joint,ring,finger_e16_ring_j1_p0d025,proximal,,,,,P023,m,0.01876923224336112
P023,,,,near_interaction_orientation_error_rad,16,finger_joint,ring,finger_e16_ring_j1_p0d025,proximal,,,,,P023,rad,0.09220223582657563
P023,,,,native_surface_unsigned_distance_m,16,finger_joint,ring,finger_e16_ring_j1_p0d025,proximal,,,,,P023,m,0.04642041561865961
P023,-0.15630674307803757,-0.07661732423518391,0.016134109940860585,native_surface_signed_distance_m,16,finger_joint,ring,finger_e16_ring_j1_p0d025,proximal,-0.1943799554062922,-0.0929986510217234,0.03703716287408883,True,P023,m,-0.046420417726039886
P023,,,,near_interaction_position_error_m,16,finger_joint,ring,finger_e16_ring_j1_p0d025,distal,,,,,P023,m,0.0027699354960781983
P023,,,,near_interaction_orientation_error_rad,16,finger_joint,ring,finger_e16_ring_j1_p0d025,distal,,,,,P023,rad,0.3202482623477154
P023,,,,native_surface_unsigned_distance_m,16,finger_joint,ring,finger_e16_ring_j1_p0d025,distal,,,,,P023,m,0.018992123407527588
P023,-0.1567942837692064,-0.07623946187497956,0.015188207475656298,native_surface_signed_distance_m,16,finger_joint,ring,finger_e16_ring_j1_p0d025,distal,-0.17405837425476656,-0.08359524716688699,0.018111280169331022,True,P023,m,-0.018992124125361443
P023,,,,fingertip_position_error_m,16,finger_joint,pinky,finger_e16_ring_j1_p0d025,,,,,,P023,m,0.02080561573391404
P023,,,,fingertip_orientation_error_rad,16,finger_joint,pinky,finger_e16_ring_j1_p0d025,,,,,,P023,rad,0.6254548092340385
P023,,,,wrist_to_tip_vector_error_m,16,finger_joint,pinky,finger_e16_ring_j1_p0d025,,,,,,P023,m,0.05812356982358867
P023,,,,direct_proximal_orientation_error_rad,16,finger_joint,pinky,finger_e16_ring_j1_p0d025,,,,,,P023,rad,0.4816572663313382
P023,,,,direct_distal_orientation_error_rad,16,finger_joint,pinky,finger_e16_ring_j1_p0d025,,,,,,P023,rad,0.6770216403994233
P023,,,,thumb_to_tip_vector_error_m,16,finger_joint,pinky,finger_e16_ring_j1_p0d025,,,,,,P023,m,0.03511859913983375
P023,,,,global_E_bone_diagnostic,16,finger_joint,pinky,finger_e16_ring_j1_p0d025,,,,,,P023,squared_direction,0.895943946996847
P023,,,,near_interaction_position_error_m,16,finger_joint,pinky,finger_e16_ring_j1_p0d025,proximal,,,,,P023,m,0.012601084011395485
P023,,,,near_interaction_orientation_error_rad,16,finger_joint,pinky,finger_e16_ring_j1_p0d025,proximal,,,,,P023,rad,0.4663043373384422
P023,,,,native_surface_unsigned_distance_m,16,finger_joint,pinky,finger_e16_ring_j1_p0d025,proximal,,,,,P023,m,0.06052198608417899
P023,-0.15744960000000002,-0.07427881,0.01552225,native_surface_signed_distance_m,16,finger_joint,pinky,finger_e16_ring_j1_p0d025,proximal,-0.21437162476440716,-0.09040872283011588,0.028274497189677568,True,P023,m,-0.06052197888493538
P023,,,,near_interaction_position_error_m,16,finger_joint,pinky,finger_e16_ring_j1_p0d025,distal,,,,,P023,m,0.019820760048716177
P023,,,,near_interaction_orientation_error_rad,16,finger_joint,pinky,finger_e16_ring_j1_p0d025,distal,,,,,P023,rad,0.5923475153072228
P023,,,,native_surface_unsigned_distance_m,16,finger_joint,pinky,finger_e16_ring_j1_p0d025,distal,,,,,P023,m,0.03851798323007318
P023,-0.158716339727623,-0.06715399745001509,0.014007336935935965,native_surface_signed_distance_m,16,finger_joint,pinky,finger_e16_ring_j1_p0d025,distal,-0.1971671242201964,-0.06842884033174225,0.012123994257402211,True,P023,m,-0.038517989218235016
P023,,,,global_E_bone_diagnostic,16,finger_joint,ALL,finger_e16_ring_j1_p0d025,,,,,,P023,squared_direction,2.988388723948127
P023,,,,global_E_IM_diagnostic,16,finger_joint,ALL,finger_e16_ring_j1_p0d025,,,,,,P023,m_squared,9.91565918399298e-05
P024,,,,wrist_orientation_error_rad,16,finger_joint,ALL,finger_e16_ring_j1_p0d050,,,,,,P024,rad,0.11366784299534578
P024,,,,wrist_tray_position_error_m,16,finger_joint,ALL,finger_e16_ring_j1_p0d050,,,,,,P024,m,0.038547885580650025
P024,,,,fingertip_position_error_m,16,finger_joint,thumb,finger_e16_ring_j1_p0d050,,,,,,P024,m,0.012061002294226433
P024,,,,fingertip_orientation_error_rad,16,finger_joint,thumb,finger_e16_ring_j1_p0d050,,,,,,P024,rad,0.2013175537461058
P024,,,,wrist_to_tip_vector_error_m,16,finger_joint,thumb,finger_e16_ring_j1_p0d050,,,,,,P024,m,0.028237143397511155
P024,,,,direct_proximal_orientation_error_rad,16,finger_joint,thumb,finger_e16_ring_j1_p0d050,,,,,,P024,rad,0.8411673548002649
P024,,,,direct_distal_orientation_error_rad,16,finger_joint,thumb,finger_e16_ring_j1_p0d050,,,,,,P024,rad,0.1549332603333245
P024,,,,thumb_to_tip_vector_error_m,16,finger_joint,thumb,finger_e16_ring_j1_p0d050,,,,,,P024,m,0.0
P024,,,,global_E_bone_diagnostic,16,finger_joint,thumb,finger_e16_ring_j1_p0d050,,,,,,P024,squared_direction,0.7799296601533445
P024,,,,fingertip_position_error_m,16,finger_joint,index,finger_e16_ring_j1_p0d050,,,,,,P024,m,0.007632765058820055
P024,,,,fingertip_orientation_error_rad,16,finger_joint,index,finger_e16_ring_j1_p0d050,,,,,,P024,rad,0.2664737074622685
P024,,,,wrist_to_tip_vector_error_m,16,finger_joint,index,finger_e16_ring_j1_p0d050,,,,,,P024,m,0.0356683152417791
P024,,,,direct_proximal_orientation_error_rad,16,finger_joint,index,finger_e16_ring_j1_p0d050,,,,,,P024,rad,0.7769446674412045
P024,,,,direct_distal_orientation_error_rad,16,finger_joint,index,finger_e16_ring_j1_p0d050,,,,,,P024,rad,1.0210170756410597
P024,,,,thumb_to_tip_vector_error_m,16,finger_joint,index,finger_e16_ring_j1_p0d050,,,,,,P024,m,0.008232135776299762
P024,,,,global_E_bone_diagnostic,16,finger_joint,index,finger_e16_ring_j1_p0d050,,,,,,P024,squared_direction,0.9678792325969354
P024,,,,fingertip_position_error_m,16,finger_joint,middle,finger_e16_ring_j1_p0d050,,,,,,P024,m,0.011403684845945278
P024,,,,fingertip_orientation_error_rad,16,finger_joint,middle,finger_e16_ring_j1_p0d050,,,,,,P024,rad,0.20945278666267808
P024,,,,wrist_to_tip_vector_error_m,16,finger_joint,middle,finger_e16_ring_j1_p0d050,,,,,,P024,m,0.030380911627815057
P024,,,,direct_proximal_orientation_error_rad,16,finger_joint,middle,finger_e16_ring_j1_p0d050,,,,,,P024,rad,0.13041996328043734
P024,,,,direct_distal_orientation_error_rad,16,finger_joint,middle,finger_e16_ring_j1_p0d050,,,,,,P024,rad,0.15656594711239927
P024,,,,thumb_to_tip_vector_error_m,16,finger_joint,middle,finger_e16_ring_j1_p0d050,,,,,,P024,m,0.01259179085136777
P024,,,,global_E_bone_diagnostic,16,finger_joint,middle,finger_e16_ring_j1_p0d050,,,,,,P024,squared_direction,0.07669756323817827
P024,,,,fingertip_position_error_m,16,finger_joint,ring,finger_e16_ring_j1_p0d050,,,,,,P024,m,0.005242989883344596
P024,,,,fingertip_orientation_error_rad,16,finger_joint,ring,finger_e16_ring_j1_p0d050,,,,,,P024,rad,0.333005469830122
P024,,,,wrist_to_tip_vector_error_m,16,finger_joint,ring,finger_e16_ring_j1_p0d050,,,,,,P024,m,0.03612621021770599
P024,,,,direct_proximal_orientation_error_rad,16,finger_joint,ring,finger_e16_ring_j1_p0d050,,,,,,P024,rad,0.08253573500558625
P024,,,,direct_distal_orientation_error_rad,16,finger_joint,ring,finger_e16_ring_j1_p0d050,,,,,,P024,rad,0.43633905033933534
P024,,,,thumb_to_tip_vector_error_m,16,finger_joint,ring,finger_e16_ring_j1_p0d050,,,,,,P024,m,0.014060773186014532
P024,,,,global_E_bone_diagnostic,16,finger_joint,ring,finger_e16_ring_j1_p0d050,,,,,,P024,squared_direction,0.256935430205279
P024,,,,near_interaction_position_error_m,16,finger_joint,ring,finger_e16_ring_j1_p0d050,proximal,,,,,P024,m,0.019922894740758038
P024,,,,near_interaction_orientation_error_rad,16,finger_joint,ring,finger_e16_ring_j1_p0d050,proximal,,,,,P024,rad,0.05747659277379511
P024,,,,native_surface_unsigned_distance_m,16,finger_joint,ring,finger_e16_ring_j1_p0d050,proximal,,,,,P024,m,0.045902231531992445
P024,-0.15605227,-0.07726042,0.01609363,native_surface_signed_distance_m,16,finger_joint,ring,finger_e16_ring_j1_p0d050,proximal,-0.19368387333950765,-0.0939490228386149,0.03640047182756077,True,P024,m,-0.045902229845523834
P024,,,,near_interaction_position_error_m,16,finger_joint,ring,finger_e16_ring_j1_p0d050,distal,,,,,P024,m,0.00336842192728249
P024,,,,near_interaction_orientation_error_rad,16,finger_joint,ring,finger_e16_ring_j1_p0d050,distal,,,,,P024,rad,0.3295599451111928
P024,,,,native_surface_unsigned_distance_m,16,finger_joint,ring,finger_e16_ring_j1_p0d050,distal,,,,,P024,m,0.018846673166591128
P024,-0.15616879,-0.07787157,0.01474942,native_surface_signed_distance_m,16,finger_joint,ring,finger_e16_ring_j1_p0d050,distal,-0.17304877283347253,-0.08588884987198422,0.017196150970960115,True,P024,m,-0.018846679478883743
P024,,,,fingertip_position_error_m,16,finger_joint,pinky,finger_e16_ring_j1_p0d050,,,,,,P024,m,0.02080561573391404
P024,,,,fingertip_orientation_error_rad,16,finger_joint,pinky,finger_e16_ring_j1_p0d050,,,,,,P024,rad,0.6254548092340385
P024,,,,wrist_to_tip_vector_error_m,16,finger_joint,pinky,finger_e16_ring_j1_p0d050,,,,,,P024,m,0.05812356982358867
P024,,,,direct_proximal_orientation_error_rad,16,finger_joint,pinky,finger_e16_ring_j1_p0d050,,,,,,P024,rad,0.4816572663313382
P024,,,,direct_distal_orientation_error_rad,16,finger_joint,pinky,finger_e16_ring_j1_p0d050,,,,,,P024,rad,0.6770216403994233
P024,,,,thumb_to_tip_vector_error_m,16,finger_joint,pinky,finger_e16_ring_j1_p0d050,,,,,,P024,m,0.03511859913983375
P024,,,,global_E_bone_diagnostic,16,finger_joint,pinky,finger_e16_ring_j1_p0d050,,,,,,P024,squared_direction,0.895943946996847
P024,,,,near_interaction_position_error_m,16,finger_joint,pinky,finger_e16_ring_j1_p0d050,proximal,,,,,P024,m,0.012601084011395485
P024,,,,near_interaction_orientation_error_rad,16,finger_joint,pinky,finger_e16_ring_j1_p0d050,proximal,,,,,P024,rad,0.4663043373384422
P024,,,,native_surface_unsigned_distance_m,16,finger_joint,pinky,finger_e16_ring_j1_p0d050,proximal,,,,,P024,m,0.06052198608417899
P024,-0.15744960000000002,-0.07427881,0.01552225,native_surface_signed_distance_m,16,finger_joint,pinky,finger_e16_ring_j1_p0d050,proximal,-0.21437162476440716,-0.09040872283011588,0.028274497189677568,True,P024,m,-0.06052197888493538
P024,,,,near_interaction_position_error_m,16,finger_joint,pinky,finger_e16_ring_j1_p0d050,distal,,,,,P024,m,0.019820760048716177
P024,,,,near_interaction_orientation_error_rad,16,finger_joint,pinky,finger_e16_ring_j1_p0d050,distal,,,,,P024,rad,0.5923475153072228
P024,,,,native_surface_unsigned_distance_m,16,finger_joint,pinky,finger_e16_ring_j1_p0d050,distal,,,,,P024,m,0.03851798323007318
P024,-0.158716339727623,-0.06715399745001509,0.014007336935935965,native_surface_signed_distance_m,16,finger_joint,pinky,finger_e16_ring_j1_p0d050,distal,-0.1971671242201964,-0.06842884033174225,0.012123994257402211,True,P024,m,-0.038517989218235016
P024,,,,global_E_bone_diagnostic,16,finger_joint,ALL,finger_e16_ring_j1_p0d050,,,,,,P024,squared_direction,2.9773858331905845
P024,,,,global_E_IM_diagnostic,16,finger_joint,ALL,finger_e16_ring_j1_p0d050,,,,,,P024,m_squared,9.924025923591602e-05
P025,,,,wrist_orientation_error_rad,16,finger_joint,ALL,finger_e16_ring_j2_m0d050,,,,,,P025,rad,0.11366784299534578
P025,,,,wrist_tray_position_error_m,16,finger_joint,ALL,finger_e16_ring_j2_m0d050,,,,,,P025,m,0.038547885580650025
P025,,,,fingertip_position_error_m,16,finger_joint,thumb,finger_e16_ring_j2_m0d050,,,,,,P025,m,0.012061002294226433
P025,,,,fingertip_orientation_error_rad,16,finger_joint,thumb,finger_e16_ring_j2_m0d050,,,,,,P025,rad,0.2013175537461058
P025,,,,wrist_to_tip_vector_error_m,16,finger_joint,thumb,finger_e16_ring_j2_m0d050,,,,,,P025,m,0.028237143397511155
P025,,,,direct_proximal_orientation_error_rad,16,finger_joint,thumb,finger_e16_ring_j2_m0d050,,,,,,P025,rad,0.8411673548002649
P025,,,,direct_distal_orientation_error_rad,16,finger_joint,thumb,finger_e16_ring_j2_m0d050,,,,,,P025,rad,0.1549332603333245
P025,,,,thumb_to_tip_vector_error_m,16,finger_joint,thumb,finger_e16_ring_j2_m0d050,,,,,,P025,m,0.0
P025,,,,global_E_bone_diagnostic,16,finger_joint,thumb,finger_e16_ring_j2_m0d050,,,,,,P025,squared_direction,0.7799296601533445
P025,,,,fingertip_position_error_m,16,finger_joint,index,finger_e16_ring_j2_m0d050,,,,,,P025,m,0.007632765058820055
P025,,,,fingertip_orientation_error_rad,16,finger_joint,index,finger_e16_ring_j2_m0d050,,,,,,P025,rad,0.2664737074622685
P025,,,,wrist_to_tip_vector_error_m,16,finger_joint,index,finger_e16_ring_j2_m0d050,,,,,,P025,m,0.0356683152417791
P025,,,,direct_proximal_orientation_error_rad,16,finger_joint,index,finger_e16_ring_j2_m0d050,,,,,,P025,rad,0.7769446674412045
P025,,,,direct_distal_orientation_error_rad,16,finger_joint,index,finger_e16_ring_j2_m0d050,,,,,,P025,rad,1.0210170756410597
P025,,,,thumb_to_tip_vector_error_m,16,finger_joint,index,finger_e16_ring_j2_m0d050,,,,,,P025,m,0.008232135776299762
P025,,,,global_E_bone_diagnostic,16,finger_joint,index,finger_e16_ring_j2_m0d050,,,,,,P025,squared_direction,0.9678792325969354
P025,,,,fingertip_position_error_m,16,finger_joint,middle,finger_e16_ring_j2_m0d050,,,,,,P025,m,0.011403684845945278
P025,,,,fingertip_orientation_error_rad,16,finger_joint,middle,finger_e16_ring_j2_m0d050,,,,,,P025,rad,0.20945278666267808
P025,,,,wrist_to_tip_vector_error_m,16,finger_joint,middle,finger_e16_ring_j2_m0d050,,,,,,P025,m,0.030380911627815057
P025,,,,direct_proximal_orientation_error_rad,16,finger_joint,middle,finger_e16_ring_j2_m0d050,,,,,,P025,rad,0.13041996328043734
P025,,,,direct_distal_orientation_error_rad,16,finger_joint,middle,finger_e16_ring_j2_m0d050,,,,,,P025,rad,0.15656594711239927
P025,,,,thumb_to_tip_vector_error_m,16,finger_joint,middle,finger_e16_ring_j2_m0d050,,,,,,P025,m,0.01259179085136777
P025,,,,global_E_bone_diagnostic,16,finger_joint,middle,finger_e16_ring_j2_m0d050,,,,,,P025,squared_direction,0.07669756323817827
P025,,,,fingertip_position_error_m,16,finger_joint,ring,finger_e16_ring_j2_m0d050,,,,,,P025,m,0.0055766340766962895
P025,,,,fingertip_orientation_error_rad,16,finger_joint,ring,finger_e16_ring_j2_m0d050,,,,,,P025,rad,0.32889655650094024
P025,,,,wrist_to_tip_vector_error_m,16,finger_joint,ring,finger_e16_ring_j2_m0d050,,,,,,P025,m,0.0431338307115508
P025,,,,direct_proximal_orientation_error_rad,16,finger_joint,ring,finger_e16_ring_j2_m0d050,,,,,,P025,rad,0.16095564839152035
P025,,,,direct_distal_orientation_error_rad,16,finger_joint,ring,finger_e16_ring_j2_m0d050,,,,,,P025,rad,0.4430163135895593
P025,,,,thumb_to_tip_vector_error_m,16,finger_joint,ring,finger_e16_ring_j2_m0d050,,,,,,P025,m,0.019748010996873903
P025,,,,global_E_bone_diagnostic,16,finger_joint,ring,finger_e16_ring_j2_m0d050,,,,,,P025,squared_direction,0.2996139579995226
P025,,,,near_interaction_position_error_m,16,finger_joint,ring,finger_e16_ring_j2_m0d050,proximal,,,,,P025,m,0.017616994112625597
P025,,,,near_interaction_orientation_error_rad,16,finger_joint,ring,finger_e16_ring_j2_m0d050,proximal,,,,,P025,rad,0.13528954104046378
P025,,,,native_surface_unsigned_distance_m,16,finger_joint,ring,finger_e16_ring_j2_m0d050,proximal,,,,,P025,m,0.04700838391296541
P025,-0.15641927,-0.07633295000000001,0.01615201,native_surface_signed_distance_m,16,finger_joint,ring,finger_e16_ring_j2_m0d050,proximal,-0.1951084710944585,-0.09209463511619326,0.03770434535093747,True,P025,m,-0.04700838029384613
P025,,,,near_interaction_position_error_m,16,finger_joint,ring,finger_e16_ring_j2_m0d050,distal,,,,,P025,m,0.005133655018584098
P025,,,,near_interaction_orientation_error_rad,16,finger_joint,ring,finger_e16_ring_j2_m0d050,distal,,,,,P025,rad,0.3333429608080054
P025,,,,native_surface_unsigned_distance_m,16,finger_joint,ring,finger_e16_ring_j2_m0d050,distal,,,,,P025,m,0.01833123242586718
P025,-0.1573769569625557,-0.07453314781343026,0.015433560375790063,native_surface_signed_distance_m,16,finger_joint,ring,finger_e16_ring_j2_m0d050,distal,-0.17445734483124817,-0.08046437247783804,0.018452667277923197,True,P025,m,-0.01833123154938221
P025,,,,fingertip_position_error_m,16,finger_joint,pinky,finger_e16_ring_j2_m0d050,,,,,,P025,m,0.02080561573391404
P025,,,,fingertip_orientation_error_rad,16,finger_joint,pinky,finger_e16_ring_j2_m0d050,,,,,,P025,rad,0.6254548092340385
P025,,,,wrist_to_tip_vector_error_m,16,finger_joint,pinky,finger_e16_ring_j2_m0d050,,,,,,P025,m,0.05812356982358867
P025,,,,direct_proximal_orientation_error_rad,16,finger_joint,pinky,finger_e16_ring_j2_m0d050,,,,,,P025,rad,0.4816572663313382
P025,,,,direct_distal_orientation_error_rad,16,finger_joint,pinky,finger_e16_ring_j2_m0d050,,,,,,P025,rad,0.6770216403994233
P025,,,,thumb_to_tip_vector_error_m,16,finger_joint,pinky,finger_e16_ring_j2_m0d050,,,,,,P025,m,0.03511859913983375
P025,,,,global_E_bone_diagnostic,16,finger_joint,pinky,finger_e16_ring_j2_m0d050,,,,,,P025,squared_direction,0.895943946996847
P025,,,,near_interaction_position_error_m,16,finger_joint,pinky,finger_e16_ring_j2_m0d050,proximal,,,,,P025,m,0.012601084011395485
P025,,,,near_interaction_orientation_error_rad,16,finger_joint,pinky,finger_e16_ring_j2_m0d050,proximal,,,,,P025,rad,0.4663043373384422
P025,,,,native_surface_unsigned_distance_m,16,finger_joint,pinky,finger_e16_ring_j2_m0d050,proximal,,,,,P025,m,0.06052198608417899
P025,-0.15744960000000002,-0.07427881,0.01552225,native_surface_signed_distance_m,16,finger_joint,pinky,finger_e16_ring_j2_m0d050,proximal,-0.21437162476440716,-0.09040872283011588,0.028274497189677568,True,P025,m,-0.06052197888493538
P025,,,,near_interaction_position_error_m,16,finger_joint,pinky,finger_e16_ring_j2_m0d050,distal,,,,,P025,m,0.019820760048716177
P025,,,,near_interaction_orientation_error_rad,16,finger_joint,pinky,finger_e16_ring_j2_m0d050,distal,,,,,P025,rad,0.5923475153072228
P025,,,,native_surface_unsigned_distance_m,16,finger_joint,pinky,finger_e16_ring_j2_m0d050,distal,,,,,P025,m,0.03851798323007318
P025,-0.158716339727623,-0.06715399745001509,0.014007336935935965,native_surface_signed_distance_m,16,finger_joint,pinky,finger_e16_ring_j2_m0d050,distal,-0.1971671242201964,-0.06842884033174225,0.012123994257402211,True,P025,m,-0.038517989218235016
P025,,,,global_E_bone_diagnostic,16,finger_joint,ALL,finger_e16_ring_j2_m0d050,,,,,,P025,squared_direction,3.020064360984828
P025,,,,global_E_IM_diagnostic,16,finger_joint,ALL,finger_e16_ring_j2_m0d050,,,,,,P025,m_squared,0.00010052812807723459
P026,,,,wrist_orientation_error_rad,16,finger_joint,ALL,finger_e16_ring_j2_m0d025,,,,,,P026,rad,0.11366784299534578
P026,,,,wrist_tray_position_error_m,16,finger_joint,ALL,finger_e16_ring_j2_m0d025,,,,,,P026,m,0.038547885580650025
P026,,,,fingertip_position_error_m,16,finger_joint,thumb,finger_e16_ring_j2_m0d025,,,,,,P026,m,0.012061002294226433
P026,,,,fingertip_orientation_error_rad,16,finger_joint,thumb,finger_e16_ring_j2_m0d025,,,,,,P026,rad,0.2013175537461058
P026,,,,wrist_to_tip_vector_error_m,16,finger_joint,thumb,finger_e16_ring_j2_m0d025,,,,,,P026,m,0.028237143397511155
P026,,,,direct_proximal_orientation_error_rad,16,finger_joint,thumb,finger_e16_ring_j2_m0d025,,,,,,P026,rad,0.8411673548002649
P026,,,,direct_distal_orientation_error_rad,16,finger_joint,thumb,finger_e16_ring_j2_m0d025,,,,,,P026,rad,0.1549332603333245
P026,,,,thumb_to_tip_vector_error_m,16,finger_joint,thumb,finger_e16_ring_j2_m0d025,,,,,,P026,m,0.0
P026,,,,global_E_bone_diagnostic,16,finger_joint,thumb,finger_e16_ring_j2_m0d025,,,,,,P026,squared_direction,0.7799296601533445
P026,,,,fingertip_position_error_m,16,finger_joint,index,finger_e16_ring_j2_m0d025,,,,,,P026,m,0.007632765058820055
P026,,,,fingertip_orientation_error_rad,16,finger_joint,index,finger_e16_ring_j2_m0d025,,,,,,P026,rad,0.2664737074622685
P026,,,,wrist_to_tip_vector_error_m,16,finger_joint,index,finger_e16_ring_j2_m0d025,,,,,,P026,m,0.0356683152417791
P026,,,,direct_proximal_orientation_error_rad,16,finger_joint,index,finger_e16_ring_j2_m0d025,,,,,,P026,rad,0.7769446674412045
P026,,,,direct_distal_orientation_error_rad,16,finger_joint,index,finger_e16_ring_j2_m0d025,,,,,,P026,rad,1.0210170756410597
P026,,,,thumb_to_tip_vector_error_m,16,finger_joint,index,finger_e16_ring_j2_m0d025,,,,,,P026,m,0.008232135776299762
P026,,,,global_E_bone_diagnostic,16,finger_joint,index,finger_e16_ring_j2_m0d025,,,,,,P026,squared_direction,0.9678792325969354
P026,,,,fingertip_position_error_m,16,finger_joint,middle,finger_e16_ring_j2_m0d025,,,,,,P026,m,0.011403684845945278
P026,,,,fingertip_orientation_error_rad,16,finger_joint,middle,finger_e16_ring_j2_m0d025,,,,,,P026,rad,0.20945278666267808
P026,,,,wrist_to_tip_vector_error_m,16,finger_joint,middle,finger_e16_ring_j2_m0d025,,,,,,P026,m,0.030380911627815057
P026,,,,direct_proximal_orientation_error_rad,16,finger_joint,middle,finger_e16_ring_j2_m0d025,,,,,,P026,rad,0.13041996328043734
P026,,,,direct_distal_orientation_error_rad,16,finger_joint,middle,finger_e16_ring_j2_m0d025,,,,,,P026,rad,0.15656594711239927
P026,,,,thumb_to_tip_vector_error_m,16,finger_joint,middle,finger_e16_ring_j2_m0d025,,,,,,P026,m,0.01259179085136777
P026,,,,global_E_bone_diagnostic,16,finger_joint,middle,finger_e16_ring_j2_m0d025,,,,,,P026,squared_direction,0.07669756323817827
P026,,,,fingertip_position_error_m,16,finger_joint,ring,finger_e16_ring_j2_m0d025,,,,,,P026,m,0.004372742569997482
P026,,,,fingertip_orientation_error_rad,16,finger_joint,ring,finger_e16_ring_j2_m0d025,,,,,,P026,rad,0.319372469250593
P026,,,,wrist_to_tip_vector_error_m,16,finger_joint,ring,finger_e16_ring_j2_m0d025,,,,,,P026,m,0.04230197251840669
P026,,,,direct_proximal_orientation_error_rad,16,finger_joint,ring,finger_e16_ring_j2_m0d025,,,,,,P026,rad,0.16095564839152035
P026,,,,direct_distal_orientation_error_rad,16,finger_joint,ring,finger_e16_ring_j2_m0d025,,,,,,P026,rad,0.433951881924691
P026,,,,thumb_to_tip_vector_error_m,16,finger_joint,ring,finger_e16_ring_j2_m0d025,,,,,,P026,m,0.018556812250841073
P026,,,,global_E_bone_diagnostic,16,finger_joint,ring,finger_e16_ring_j2_m0d025,,,,,,P026,squared_direction,0.29221998016316086
P026,,,,near_interaction_position_error_m,16,finger_joint,ring,finger_e16_ring_j2_m0d025,proximal,,,,,P026,m,0.017616994112625597
P026,,,,near_interaction_orientation_error_rad,16,finger_joint,ring,finger_e16_ring_j2_m0d025,proximal,,,,,P026,rad,0.13528954104046378
P026,,,,native_surface_unsigned_distance_m,16,finger_joint,ring,finger_e16_ring_j2_m0d025,proximal,,,,,P026,m,0.04700838391296541
P026,-0.15641927,-0.07633295000000001,0.01615201,native_surface_signed_distance_m,16,finger_joint,ring,finger_e16_ring_j2_m0d025,proximal,-0.1951084710944585,-0.09209463511619326,0.03770434535093747,True,P026,m,-0.04700838029384613
P026,,,,near_interaction_position_error_m,16,finger_joint,ring,finger_e16_ring_j2_m0d025,distal,,,,,P026,m,0.004637804712600163
P026,,,,near_interaction_orientation_error_rad,16,finger_joint,ring,finger_e16_ring_j2_m0d025,distal,,,,,P026,rad,0.3222000544559106
P026,,,,native_surface_unsigned_distance_m,16,finger_joint,ring,finger_e16_ring_j2_m0d025,distal,,,,,P026,m,0.018850285543952114
P026,-0.1573158590627666,-0.07474706378919661,0.01535896616878898,native_surface_signed_distance_m,16,finger_joint,ring,finger_e16_ring_j2_m0d025,distal,-0.1747942632785389,-0.08092837518724824,0.018769250696349764,True,P026,m,-0.018850279971957207
P026,,,,fingertip_position_error_m,16,finger_joint,pinky,finger_e16_ring_j2_m0d025,,,,,,P026,m,0.02080561573391404
P026,,,,fingertip_orientation_error_rad,16,finger_joint,pinky,finger_e16_ring_j2_m0d025,,,,,,P026,rad,0.6254548092340385
P026,,,,wrist_to_tip_vector_error_m,16,finger_joint,pinky,finger_e16_ring_j2_m0d025,,,,,,P026,m,0.05812356982358867
P026,,,,direct_proximal_orientation_error_rad,16,finger_joint,pinky,finger_e16_ring_j2_m0d025,,,,,,P026,rad,0.4816572663313382
P026,,,,direct_distal_orientation_error_rad,16,finger_joint,pinky,finger_e16_ring_j2_m0d025,,,,,,P026,rad,0.6770216403994233
P026,,,,thumb_to_tip_vector_error_m,16,finger_joint,pinky,finger_e16_ring_j2_m0d025,,,,,,P026,m,0.03511859913983375
P026,,,,global_E_bone_diagnostic,16,finger_joint,pinky,finger_e16_ring_j2_m0d025,,,,,,P026,squared_direction,0.895943946996847
P026,,,,near_interaction_position_error_m,16,finger_joint,pinky,finger_e16_ring_j2_m0d025,proximal,,,,,P026,m,0.012601084011395485
P026,,,,near_interaction_orientation_error_rad,16,finger_joint,pinky,finger_e16_ring_j2_m0d025,proximal,,,,,P026,rad,0.4663043373384422
P026,,,,native_surface_unsigned_distance_m,16,finger_joint,pinky,finger_e16_ring_j2_m0d025,proximal,,,,,P026,m,0.06052198608417899
P026,-0.15744960000000002,-0.07427881,0.01552225,native_surface_signed_distance_m,16,finger_joint,pinky,finger_e16_ring_j2_m0d025,proximal,-0.21437162476440716,-0.09040872283011588,0.028274497189677568,True,P026,m,-0.06052197888493538
P026,,,,near_interaction_position_error_m,16,finger_joint,pinky,finger_e16_ring_j2_m0d025,distal,,,,,P026,m,0.019820760048716177
P026,,,,near_interaction_orientation_error_rad,16,finger_joint,pinky,finger_e16_ring_j2_m0d025,distal,,,,,P026,rad,0.5923475153072228
P026,,,,native_surface_unsigned_distance_m,16,finger_joint,pinky,finger_e16_ring_j2_m0d025,distal,,,,,P026,m,0.03851798323007318
P026,-0.158716339727623,-0.06715399745001509,0.014007336935935965,native_surface_signed_distance_m,16,finger_joint,pinky,finger_e16_ring_j2_m0d025,distal,-0.1971671242201964,-0.06842884033174225,0.012123994257402211,True,P026,m,-0.038517989218235016
P026,,,,global_E_bone_diagnostic,16,finger_joint,ALL,finger_e16_ring_j2_m0d025,,,,,,P026,squared_direction,3.0126703831484662
P026,,,,global_E_IM_diagnostic,16,finger_joint,ALL,finger_e16_ring_j2_m0d025,,,,,,P026,m_squared,0.00010001128247283814
P027,,,,wrist_orientation_error_rad,16,finger_joint,ALL,finger_e16_ring_j2_p0d000,,,,,,P027,rad,0.11366784299534578
P027,,,,wrist_tray_position_error_m,16,finger_joint,ALL,finger_e16_ring_j2_p0d000,,,,,,P027,m,0.038547885580650025
P027,,,,fingertip_position_error_m,16,finger_joint,thumb,finger_e16_ring_j2_p0d000,,,,,,P027,m,0.012061002294226433
P027,,,,fingertip_orientation_error_rad,16,finger_joint,thumb,finger_e16_ring_j2_p0d000,,,,,,P027,rad,0.2013175537461058
P027,,,,wrist_to_tip_vector_error_m,16,finger_joint,thumb,finger_e16_ring_j2_p0d000,,,,,,P027,m,0.028237143397511155
P027,,,,direct_proximal_orientation_error_rad,16,finger_joint,thumb,finger_e16_ring_j2_p0d000,,,,,,P027,rad,0.8411673548002649
P027,,,,direct_distal_orientation_error_rad,16,finger_joint,thumb,finger_e16_ring_j2_p0d000,,,,,,P027,rad,0.1549332603333245
P027,,,,thumb_to_tip_vector_error_m,16,finger_joint,thumb,finger_e16_ring_j2_p0d000,,,,,,P027,m,0.0
P027,,,,global_E_bone_diagnostic,16,finger_joint,thumb,finger_e16_ring_j2_p0d000,,,,,,P027,squared_direction,0.7799296601533445
P027,,,,fingertip_position_error_m,16,finger_joint,index,finger_e16_ring_j2_p0d000,,,,,,P027,m,0.007632765058820055
P027,,,,fingertip_orientation_error_rad,16,finger_joint,index,finger_e16_ring_j2_p0d000,,,,,,P027,rad,0.2664737074622685
P027,,,,wrist_to_tip_vector_error_m,16,finger_joint,index,finger_e16_ring_j2_p0d000,,,,,,P027,m,0.0356683152417791
P027,,,,direct_proximal_orientation_error_rad,16,finger_joint,index,finger_e16_ring_j2_p0d000,,,,,,P027,rad,0.7769446674412045
P027,,,,direct_distal_orientation_error_rad,16,finger_joint,index,finger_e16_ring_j2_p0d000,,,,,,P027,rad,1.0210170756410597
P027,,,,thumb_to_tip_vector_error_m,16,finger_joint,index,finger_e16_ring_j2_p0d000,,,,,,P027,m,0.008232135776299762
P027,,,,global_E_bone_diagnostic,16,finger_joint,index,finger_e16_ring_j2_p0d000,,,,,,P027,squared_direction,0.9678792325969354
P027,,,,fingertip_position_error_m,16,finger_joint,middle,finger_e16_ring_j2_p0d000,,,,,,P027,m,0.011403684845945278
P027,,,,fingertip_orientation_error_rad,16,finger_joint,middle,finger_e16_ring_j2_p0d000,,,,,,P027,rad,0.20945278666267808
P027,,,,wrist_to_tip_vector_error_m,16,finger_joint,middle,finger_e16_ring_j2_p0d000,,,,,,P027,m,0.030380911627815057
P027,,,,direct_proximal_orientation_error_rad,16,finger_joint,middle,finger_e16_ring_j2_p0d000,,,,,,P027,rad,0.13041996328043734
P027,,,,direct_distal_orientation_error_rad,16,finger_joint,middle,finger_e16_ring_j2_p0d000,,,,,,P027,rad,0.15656594711239927
P027,,,,thumb_to_tip_vector_error_m,16,finger_joint,middle,finger_e16_ring_j2_p0d000,,,,,,P027,m,0.01259179085136777
P027,,,,global_E_bone_diagnostic,16,finger_joint,middle,finger_e16_ring_j2_p0d000,,,,,,P027,squared_direction,0.07669756323817827
P027,,,,fingertip_position_error_m,16,finger_joint,ring,finger_e16_ring_j2_p0d000,,,,,,P027,m,0.003255861908977422
P027,,,,fingertip_orientation_error_rad,16,finger_joint,ring,finger_e16_ring_j2_p0d000,,,,,,P027,rad,0.3168501207380725
P027,,,,wrist_to_tip_vector_error_m,16,finger_joint,ring,finger_e16_ring_j2_p0d000,,,,,,P027,m,0.041544722676082044
P027,,,,direct_proximal_orientation_error_rad,16,finger_joint,ring,finger_e16_ring_j2_p0d000,,,,,,P027,rad,0.16095564839152035
P027,,,,direct_distal_orientation_error_rad,16,finger_joint,ring,finger_e16_ring_j2_p0d000,,,,,,P027,rad,0.429750722905554
P027,,,,thumb_to_tip_vector_error_m,16,finger_joint,ring,finger_e16_ring_j2_p0d000,,,,,,P027,m,0.01740530754731705
P027,,,,global_E_bone_diagnostic,16,finger_joint,ring,finger_e16_ring_j2_p0d000,,,,,,P027,squared_direction,0.28832738740145997
P027,,,,near_interaction_position_error_m,16,finger_joint,ring,finger_e16_ring_j2_p0d000,proximal,,,,,P027,m,0.017616994112625597
P027,,,,near_interaction_orientation_error_rad,16,finger_joint,ring,finger_e16_ring_j2_p0d000,proximal,,,,,P027,rad,0.13528954104046378
P027,,,,native_surface_unsigned_distance_m,16,finger_joint,ring,finger_e16_ring_j2_p0d000,proximal,,,,,P027,m,0.04700838391296541
P027,-0.15641927,-0.07633295000000001,0.01615201,native_surface_signed_distance_m,16,finger_joint,ring,finger_e16_ring_j2_p0d000,proximal,-0.1951084710944585,-0.09209463511619326,0.03770434535093747,True,P027,m,-0.04700838029384613
P027,,,,near_interaction_position_error_m,16,finger_joint,ring,finger_e16_ring_j2_p0d000,distal,,,,,P027,m,0.004206687777021871
P027,,,,near_interaction_orientation_error_rad,16,finger_joint,ring,finger_e16_ring_j2_p0d000,distal,,,,,P027,rad,0.317741963231769
P027,,,,native_surface_unsigned_distance_m,16,finger_joint,ring,finger_e16_ring_j2_p0d000,distal,,,,,P027,m,0.019384872276203433
P027,-0.15726245499666458,-0.07493404211332133,0.01529376533577729,native_surface_signed_distance_m,16,finger_joint,ring,finger_e16_ring_j2_p0d000,distal,-0.17514722123148865,-0.08136966165618727,0.019100497660212403,True,P027,m,-0.019384874030947685
P027,,,,fingertip_position_error_m,16,finger_joint,pinky,finger_e16_ring_j2_p0d000,,,,,,P027,m,0.02080561573391404
P027,,,,fingertip_orientation_error_rad,16,finger_joint,pinky,finger_e16_ring_j2_p0d000,,,,,,P027,rad,0.6254548092340385
P027,,,,wrist_to_tip_vector_error_m,16,finger_joint,pinky,finger_e16_ring_j2_p0d000,,,,,,P027,m,0.05812356982358867
P027,,,,direct_proximal_orientation_error_rad,16,finger_joint,pinky,finger_e16_ring_j2_p0d000,,,,,,P027,rad,0.4816572663313382
P027,,,,direct_distal_orientation_error_rad,16,finger_joint,pinky,finger_e16_ring_j2_p0d000,,,,,,P027,rad,0.6770216403994233
P027,,,,thumb_to_tip_vector_error_m,16,finger_joint,pinky,finger_e16_ring_j2_p0d000,,,,,,P027,m,0.03511859913983375
P027,,,,global_E_bone_diagnostic,16,finger_joint,pinky,finger_e16_ring_j2_p0d000,,,,,,P027,squared_direction,0.895943946996847
P027,,,,near_interaction_position_error_m,16,finger_joint,pinky,finger_e16_ring_j2_p0d000,proximal,,,,,P027,m,0.012601084011395485
P027,,,,near_interaction_orientation_error_rad,16,finger_joint,pinky,finger_e16_ring_j2_p0d000,proximal,,,,,P027,rad,0.4663043373384422
P027,,,,native_surface_unsigned_distance_m,16,finger_joint,pinky,finger_e16_ring_j2_p0d000,proximal,,,,,P027,m,0.06052198608417899
P027,-0.15744960000000002,-0.07427881,0.01552225,native_surface_signed_distance_m,16,finger_joint,pinky,finger_e16_ring_j2_p0d000,proximal,-0.21437162476440716,-0.09040872283011588,0.028274497189677568,True,P027,m,-0.06052197888493538
P027,,,,near_interaction_position_error_m,16,finger_joint,pinky,finger_e16_ring_j2_p0d000,distal,,,,,P027,m,0.019820760048716177
P027,,,,near_interaction_orientation_error_rad,16,finger_joint,pinky,finger_e16_ring_j2_p0d000,distal,,,,,P027,rad,0.5923475153072228
P027,,,,native_surface_unsigned_distance_m,16,finger_joint,pinky,finger_e16_ring_j2_p0d000,distal,,,,,P027,m,0.03851798323007318
P027,-0.158716339727623,-0.06715399745001509,0.014007336935935965,native_surface_signed_distance_m,16,finger_joint,pinky,finger_e16_ring_j2_p0d000,distal,-0.1971671242201964,-0.06842884033174225,0.012123994257402211,True,P027,m,-0.038517989218235016
P027,,,,global_E_bone_diagnostic,16,finger_joint,ALL,finger_e16_ring_j2_p0d000,,,,,,P027,squared_direction,3.008777790386765
P027,,,,global_E_IM_diagnostic,16,finger_joint,ALL,finger_e16_ring_j2_p0d000,,,,,,P027,m_squared,9.95759989338723e-05
P028,,,,wrist_orientation_error_rad,16,finger_joint,ALL,finger_e16_ring_j2_p0d025,,,,,,P028,rad,0.11366784299534578
P028,,,,wrist_tray_position_error_m,16,finger_joint,ALL,finger_e16_ring_j2_p0d025,,,,,,P028,m,0.038547885580650025
P028,,,,fingertip_position_error_m,16,finger_joint,thumb,finger_e16_ring_j2_p0d025,,,,,,P028,m,0.012061002294226433
P028,,,,fingertip_orientation_error_rad,16,finger_joint,thumb,finger_e16_ring_j2_p0d025,,,,,,P028,rad,0.2013175537461058
P028,,,,wrist_to_tip_vector_error_m,16,finger_joint,thumb,finger_e16_ring_j2_p0d025,,,,,,P028,m,0.028237143397511155
P028,,,,direct_proximal_orientation_error_rad,16,finger_joint,thumb,finger_e16_ring_j2_p0d025,,,,,,P028,rad,0.8411673548002649
P028,,,,direct_distal_orientation_error_rad,16,finger_joint,thumb,finger_e16_ring_j2_p0d025,,,,,,P028,rad,0.1549332603333245
P028,,,,thumb_to_tip_vector_error_m,16,finger_joint,thumb,finger_e16_ring_j2_p0d025,,,,,,P028,m,0.0
P028,,,,global_E_bone_diagnostic,16,finger_joint,thumb,finger_e16_ring_j2_p0d025,,,,,,P028,squared_direction,0.7799296601533445
P028,,,,fingertip_position_error_m,16,finger_joint,index,finger_e16_ring_j2_p0d025,,,,,,P028,m,0.007632765058820055
P028,,,,fingertip_orientation_error_rad,16,finger_joint,index,finger_e16_ring_j2_p0d025,,,,,,P028,rad,0.2664737074622685
P028,,,,wrist_to_tip_vector_error_m,16,finger_joint,index,finger_e16_ring_j2_p0d025,,,,,,P028,m,0.0356683152417791
P028,,,,direct_proximal_orientation_error_rad,16,finger_joint,index,finger_e16_ring_j2_p0d025,,,,,,P028,rad,0.7769446674412045
P028,,,,direct_distal_orientation_error_rad,16,finger_joint,index,finger_e16_ring_j2_p0d025,,,,,,P028,rad,1.0210170756410597
P028,,,,thumb_to_tip_vector_error_m,16,finger_joint,index,finger_e16_ring_j2_p0d025,,,,,,P028,m,0.008232135776299762
P028,,,,global_E_bone_diagnostic,16,finger_joint,index,finger_e16_ring_j2_p0d025,,,,,,P028,squared_direction,0.9678792325969354
P028,,,,fingertip_position_error_m,16,finger_joint,middle,finger_e16_ring_j2_p0d025,,,,,,P028,m,0.011403684845945278
P028,,,,fingertip_orientation_error_rad,16,finger_joint,middle,finger_e16_ring_j2_p0d025,,,,,,P028,rad,0.20945278666267808
P028,,,,wrist_to_tip_vector_error_m,16,finger_joint,middle,finger_e16_ring_j2_p0d025,,,,,,P028,m,0.030380911627815057
P028,,,,direct_proximal_orientation_error_rad,16,finger_joint,middle,finger_e16_ring_j2_p0d025,,,,,,P028,rad,0.13041996328043734
P028,,,,direct_distal_orientation_error_rad,16,finger_joint,middle,finger_e16_ring_j2_p0d025,,,,,,P028,rad,0.15656594711239927
P028,,,,thumb_to_tip_vector_error_m,16,finger_joint,middle,finger_e16_ring_j2_p0d025,,,,,,P028,m,0.01259179085136777
P028,,,,global_E_bone_diagnostic,16,finger_joint,middle,finger_e16_ring_j2_p0d025,,,,,,P028,squared_direction,0.07669756323817827
P028,,,,fingertip_position_error_m,16,finger_joint,ring,finger_e16_ring_j2_p0d025,,,,,,P028,m,0.002357488505167601
P028,,,,fingertip_orientation_error_rad,16,finger_joint,ring,finger_e16_ring_j2_p0d025,,,,,,P028,rad,0.32149436351966604
P028,,,,wrist_to_tip_vector_error_m,16,finger_joint,ring,finger_e16_ring_j2_p0d025,,,,,,P028,m,0.040868018318182285
P028,,,,direct_proximal_orientation_error_rad,16,finger_joint,ring,finger_e16_ring_j2_p0d025,,,,,,P028,rad,0.16095564839152035
P028,,,,direct_distal_orientation_error_rad,16,finger_joint,ring,finger_e16_ring_j2_p0d025,,,,,,P028,rad,0.43055571191955244
P028,,,,thumb_to_tip_vector_error_m,16,finger_joint,ring,finger_e16_ring_j2_p0d025,,,,,,P028,m,0.01630483608117421
P028,,,,global_E_bone_diagnostic,16,finger_joint,ring,finger_e16_ring_j2_p0d025,,,,,,P028,squared_direction,0.2879451465263176
P028,,,,near_interaction_position_error_m,16,finger_joint,ring,finger_e16_ring_j2_p0d025,proximal,,,,,P028,m,0.017616994112625597
P028,,,,near_interaction_orientation_error_rad,16,finger_joint,ring,finger_e16_ring_j2_p0d025,proximal,,,,,P028,rad,0.13528954104046378
P028,,,,native_surface_unsigned_distance_m,16,finger_joint,ring,finger_e16_ring_j2_p0d025,proximal,,,,,P028,m,0.04700838391296541
P028,-0.15641927,-0.07633295000000001,0.01615201,native_surface_signed_distance_m,16,finger_joint,ring,finger_e16_ring_j2_p0d025,proximal,-0.1951084710944585,-0.09209463511619326,0.03770434535093747,True,P028,m,-0.04700838029384613
P028,,,,near_interaction_position_error_m,16,finger_joint,ring,finger_e16_ring_j2_p0d025,distal,,,,,P028,m,0.0038631807934376024
P028,,,,near_interaction_orientation_error_rad,16,finger_joint,ring,finger_e16_ring_j2_p0d025,distal,,,,,P028,rad,0.32024826234771614
P028,,,,native_surface_unsigned_distance_m,16,finger_joint,ring,finger_e16_ring_j2_p0d025,distal,,,,,P028,m,0.019933142456988618
P028,-0.15718275698679235,-0.07512137645089152,0.015345553223027435,native_surface_signed_distance_m,16,finger_joint,ring,finger_e16_ring_j2_p0d025,distal,-0.1755154056310991,-0.08178721535582675,0.019445645123028196,True,P028,m,-0.01993313618004322
P028,,,,fingertip_position_error_m,16,finger_joint,pinky,finger_e16_ring_j2_p0d025,,,,,,P028,m,0.02080561573391404
P028,,,,fingertip_orientation_error_rad,16,finger_joint,pinky,finger_e16_ring_j2_p0d025,,,,,,P028,rad,0.6254548092340385
P028,,,,wrist_to_tip_vector_error_m,16,finger_joint,pinky,finger_e16_ring_j2_p0d025,,,,,,P028,m,0.05812356982358867
P028,,,,direct_proximal_orientation_error_rad,16,finger_joint,pinky,finger_e16_ring_j2_p0d025,,,,,,P028,rad,0.4816572663313382
P028,,,,direct_distal_orientation_error_rad,16,finger_joint,pinky,finger_e16_ring_j2_p0d025,,,,,,P028,rad,0.6770216403994233
P028,,,,thumb_to_tip_vector_error_m,16,finger_joint,pinky,finger_e16_ring_j2_p0d025,,,,,,P028,m,0.03511859913983375
P028,,,,global_E_bone_diagnostic,16,finger_joint,pinky,finger_e16_ring_j2_p0d025,,,,,,P028,squared_direction,0.895943946996847
P028,,,,near_interaction_position_error_m,16,finger_joint,pinky,finger_e16_ring_j2_p0d025,proximal,,,,,P028,m,0.012601084011395485
P028,,,,near_interaction_orientation_error_rad,16,finger_joint,pinky,finger_e16_ring_j2_p0d025,proximal,,,,,P028,rad,0.4663043373384422
P028,,,,native_surface_unsigned_distance_m,16,finger_joint,pinky,finger_e16_ring_j2_p0d025,proximal,,,,,P028,m,0.06052198608417899
P028,-0.15744960000000002,-0.07427881,0.01552225,native_surface_signed_distance_m,16,finger_joint,pinky,finger_e16_ring_j2_p0d025,proximal,-0.21437162476440716,-0.09040872283011588,0.028274497189677568,True,P028,m,-0.06052197888493538
P028,,,,near_interaction_position_error_m,16,finger_joint,pinky,finger_e16_ring_j2_p0d025,distal,,,,,P028,m,0.019820760048716177
P028,,,,near_interaction_orientation_error_rad,16,finger_joint,pinky,finger_e16_ring_j2_p0d025,distal,,,,,P028,rad,0.5923475153072228
P028,,,,native_surface_unsigned_distance_m,16,finger_joint,pinky,finger_e16_ring_j2_p0d025,distal,,,,,P028,m,0.03851798323007318
P028,-0.158716339727623,-0.06715399745001509,0.014007336935935965,native_surface_signed_distance_m,16,finger_joint,pinky,finger_e16_ring_j2_p0d025,distal,-0.1971671242201964,-0.06842884033174225,0.012123994257402211,True,P028,m,-0.038517989218235016
P028,,,,global_E_bone_diagnostic,16,finger_joint,ALL,finger_e16_ring_j2_p0d025,,,,,,P028,squared_direction,3.008395549511623
P028,,,,global_E_IM_diagnostic,16,finger_joint,ALL,finger_e16_ring_j2_p0d025,,,,,,P028,m_squared,9.922328016107017e-05
P029,,,,wrist_orientation_error_rad,16,finger_joint,ALL,finger_e16_ring_j2_p0d050,,,,,,P029,rad,0.11366784299534578
P029,,,,wrist_tray_position_error_m,16,finger_joint,ALL,finger_e16_ring_j2_p0d050,,,,,,P029,m,0.038547885580650025
P029,,,,fingertip_position_error_m,16,finger_joint,thumb,finger_e16_ring_j2_p0d050,,,,,,P029,m,0.012061002294226433
P029,,,,fingertip_orientation_error_rad,16,finger_joint,thumb,finger_e16_ring_j2_p0d050,,,,,,P029,rad,0.2013175537461058
P029,,,,wrist_to_tip_vector_error_m,16,finger_joint,thumb,finger_e16_ring_j2_p0d050,,,,,,P029,m,0.028237143397511155
P029,,,,direct_proximal_orientation_error_rad,16,finger_joint,thumb,finger_e16_ring_j2_p0d050,,,,,,P029,rad,0.8411673548002649
P029,,,,direct_distal_orientation_error_rad,16,finger_joint,thumb,finger_e16_ring_j2_p0d050,,,,,,P029,rad,0.1549332603333245
P029,,,,thumb_to_tip_vector_error_m,16,finger_joint,thumb,finger_e16_ring_j2_p0d050,,,,,,P029,m,0.0
P029,,,,global_E_bone_diagnostic,16,finger_joint,thumb,finger_e16_ring_j2_p0d050,,,,,,P029,squared_direction,0.7799296601533445
P029,,,,fingertip_position_error_m,16,finger_joint,index,finger_e16_ring_j2_p0d050,,,,,,P029,m,0.007632765058820055
P029,,,,fingertip_orientation_error_rad,16,finger_joint,index,finger_e16_ring_j2_p0d050,,,,,,P029,rad,0.2664737074622685
P029,,,,wrist_to_tip_vector_error_m,16,finger_joint,index,finger_e16_ring_j2_p0d050,,,,,,P029,m,0.0356683152417791
P029,,,,direct_proximal_orientation_error_rad,16,finger_joint,index,finger_e16_ring_j2_p0d050,,,,,,P029,rad,0.7769446674412045
P029,,,,direct_distal_orientation_error_rad,16,finger_joint,index,finger_e16_ring_j2_p0d050,,,,,,P029,rad,1.0210170756410597
P029,,,,thumb_to_tip_vector_error_m,16,finger_joint,index,finger_e16_ring_j2_p0d050,,,,,,P029,m,0.008232135776299762
P029,,,,global_E_bone_diagnostic,16,finger_joint,index,finger_e16_ring_j2_p0d050,,,,,,P029,squared_direction,0.9678792325969354
P029,,,,fingertip_position_error_m,16,finger_joint,middle,finger_e16_ring_j2_p0d050,,,,,,P029,m,0.011403684845945278
P029,,,,fingertip_orientation_error_rad,16,finger_joint,middle,finger_e16_ring_j2_p0d050,,,,,,P029,rad,0.20945278666267808
P029,,,,wrist_to_tip_vector_error_m,16,finger_joint,middle,finger_e16_ring_j2_p0d050,,,,,,P029,m,0.030380911627815057
P029,,,,direct_proximal_orientation_error_rad,16,finger_joint,middle,finger_e16_ring_j2_p0d050,,,,,,P029,rad,0.13041996328043734
P029,,,,direct_distal_orientation_error_rad,16,finger_joint,middle,finger_e16_ring_j2_p0d050,,,,,,P029,rad,0.15656594711239927
P029,,,,thumb_to_tip_vector_error_m,16,finger_joint,middle,finger_e16_ring_j2_p0d050,,,,,,P029,m,0.01259179085136777
P029,,,,global_E_bone_diagnostic,16,finger_joint,middle,finger_e16_ring_j2_p0d050,,,,,,P029,squared_direction,0.07669756323817827
P029,,,,fingertip_position_error_m,16,finger_joint,ring,finger_e16_ring_j2_p0d050,,,,,,P029,m,0.0020009597707654264
P029,,,,fingertip_orientation_error_rad,16,finger_joint,ring,finger_e16_ring_j2_p0d050,,,,,,P029,rad,0.3330054698301221
P029,,,,wrist_to_tip_vector_error_m,16,finger_joint,ring,finger_e16_ring_j2_p0d050,,,,,,P029,m,0.040277514363030405
P029,,,,direct_proximal_orientation_error_rad,16,finger_joint,ring,finger_e16_ring_j2_p0d050,,,,,,P029,rad,0.16095564839152035
P029,,,,direct_distal_orientation_error_rad,16,finger_joint,ring,finger_e16_ring_j2_p0d050,,,,,,P029,rad,0.43633905033933534
P029,,,,thumb_to_tip_vector_error_m,16,finger_joint,ring,finger_e16_ring_j2_p0d050,,,,,,P029,m,0.01526923647604578
P029,,,,global_E_bone_diagnostic,16,finger_joint,ring,finger_e16_ring_j2_p0d050,,,,,,P029,squared_direction,0.2910741380516331
P029,,,,near_interaction_position_error_m,16,finger_joint,ring,finger_e16_ring_j2_p0d050,proximal,,,,,P029,m,0.017616994112625597
P029,,,,near_interaction_orientation_error_rad,16,finger_joint,ring,finger_e16_ring_j2_p0d050,proximal,,,,,P029,rad,0.13528954104046378
P029,,,,native_surface_unsigned_distance_m,16,finger_joint,ring,finger_e16_ring_j2_p0d050,proximal,,,,,P029,m,0.04700838391296541
P029,-0.15641927,-0.07633295000000001,0.01615201,native_surface_signed_distance_m,16,finger_joint,ring,finger_e16_ring_j2_p0d050,proximal,-0.1951084710944585,-0.09209463511619326,0.03770434535093747,True,P029,m,-0.04700838029384613
P029,,,,near_interaction_position_error_m,16,finger_joint,ring,finger_e16_ring_j2_p0d050,distal,,,,,P029,m,0.003633104665691621
P029,,,,near_interaction_orientation_error_rad,16,finger_joint,ring,finger_e16_ring_j2_p0d050,distal,,,,,P029,rad,0.3295599451111932
P029,,,,native_surface_unsigned_distance_m,16,finger_joint,ring,finger_e16_ring_j2_p0d050,distal,,,,,P029,m,0.020490149270619765
P029,-0.15707716190914908,-0.0752867544900925,0.015548830151838264,native_surface_signed_distance_m,16,finger_joint,ring,finger_e16_ring_j2_p0d050,distal,-0.17589796834337415,-0.08218007442714095,0.019803898017713303,True,P029,m,-0.02049015648663044
P029,,,,fingertip_position_error_m,16,finger_joint,pinky,finger_e16_ring_j2_p0d050,,,,,,P029,m,0.02080561573391404
P029,,,,fingertip_orientation_error_rad,16,finger_joint,pinky,finger_e16_ring_j2_p0d050,,,,,,P029,rad,0.6254548092340385
P029,,,,wrist_to_tip_vector_error_m,16,finger_joint,pinky,finger_e16_ring_j2_p0d050,,,,,,P029,m,0.05812356982358867
P029,,,,direct_proximal_orientation_error_rad,16,finger_joint,pinky,finger_e16_ring_j2_p0d050,,,,,,P029,rad,0.4816572663313382
P029,,,,direct_distal_orientation_error_rad,16,finger_joint,pinky,finger_e16_ring_j2_p0d050,,,,,,P029,rad,0.6770216403994233
P029,,,,thumb_to_tip_vector_error_m,16,finger_joint,pinky,finger_e16_ring_j2_p0d050,,,,,,P029,m,0.03511859913983375
P029,,,,global_E_bone_diagnostic,16,finger_joint,pinky,finger_e16_ring_j2_p0d050,,,,,,P029,squared_direction,0.895943946996847
P029,,,,near_interaction_position_error_m,16,finger_joint,pinky,finger_e16_ring_j2_p0d050,proximal,,,,,P029,m,0.012601084011395485
P029,,,,near_interaction_orientation_error_rad,16,finger_joint,pinky,finger_e16_ring_j2_p0d050,proximal,,,,,P029,rad,0.4663043373384422
P029,,,,native_surface_unsigned_distance_m,16,finger_joint,pinky,finger_e16_ring_j2_p0d050,proximal,,,,,P029,m,0.06052198608417899
P029,-0.15744960000000002,-0.07427881,0.01552225,native_surface_signed_distance_m,16,finger_joint,pinky,finger_e16_ring_j2_p0d050,proximal,-0.21437162476440716,-0.09040872283011588,0.028274497189677568,True,P029,m,-0.06052197888493538
P029,,,,near_interaction_position_error_m,16,finger_joint,pinky,finger_e16_ring_j2_p0d050,distal,,,,,P029,m,0.019820760048716177
P029,,,,near_interaction_orientation_error_rad,16,finger_joint,pinky,finger_e16_ring_j2_p0d050,distal,,,,,P029,rad,0.5923475153072228
P029,,,,native_surface_unsigned_distance_m,16,finger_joint,pinky,finger_e16_ring_j2_p0d050,distal,,,,,P029,m,0.03851798323007318
P029,-0.158716339727623,-0.06715399745001509,0.014007336935935965,native_surface_signed_distance_m,16,finger_joint,pinky,finger_e16_ring_j2_p0d050,distal,-0.1971671242201964,-0.06842884033174225,0.012123994257402211,True,P029,m,-0.038517989218235016
P029,,,,global_E_bone_diagnostic,16,finger_joint,ALL,finger_e16_ring_j2_p0d050,,,,,,P029,squared_direction,3.0115245410369385
P029,,,,global_E_IM_diagnostic,16,finger_joint,ALL,finger_e16_ring_j2_p0d050,,,,,,P029,m_squared,9.895393866246492e-05
P030,,,,wrist_orientation_error_rad,16,finger_joint,ALL,finger_e16_pinky_j1_m0d050,,,,,,P030,rad,0.11366784299534578
P030,,,,wrist_tray_position_error_m,16,finger_joint,ALL,finger_e16_pinky_j1_m0d050,,,,,,P030,m,0.038547885580650025
P030,,,,fingertip_position_error_m,16,finger_joint,thumb,finger_e16_pinky_j1_m0d050,,,,,,P030,m,0.012061002294226433
P030,,,,fingertip_orientation_error_rad,16,finger_joint,thumb,finger_e16_pinky_j1_m0d050,,,,,,P030,rad,0.2013175537461058
P030,,,,wrist_to_tip_vector_error_m,16,finger_joint,thumb,finger_e16_pinky_j1_m0d050,,,,,,P030,m,0.028237143397511155
P030,,,,direct_proximal_orientation_error_rad,16,finger_joint,thumb,finger_e16_pinky_j1_m0d050,,,,,,P030,rad,0.8411673548002649
P030,,,,direct_distal_orientation_error_rad,16,finger_joint,thumb,finger_e16_pinky_j1_m0d050,,,,,,P030,rad,0.1549332603333245
P030,,,,thumb_to_tip_vector_error_m,16,finger_joint,thumb,finger_e16_pinky_j1_m0d050,,,,,,P030,m,0.0
P030,,,,global_E_bone_diagnostic,16,finger_joint,thumb,finger_e16_pinky_j1_m0d050,,,,,,P030,squared_direction,0.7799296601533445
P030,,,,fingertip_position_error_m,16,finger_joint,index,finger_e16_pinky_j1_m0d050,,,,,,P030,m,0.007632765058820055
P030,,,,fingertip_orientation_error_rad,16,finger_joint,index,finger_e16_pinky_j1_m0d050,,,,,,P030,rad,0.2664737074622685
P030,,,,wrist_to_tip_vector_error_m,16,finger_joint,index,finger_e16_pinky_j1_m0d050,,,,,,P030,m,0.0356683152417791
P030,,,,direct_proximal_orientation_error_rad,16,finger_joint,index,finger_e16_pinky_j1_m0d050,,,,,,P030,rad,0.7769446674412045
P030,,,,direct_distal_orientation_error_rad,16,finger_joint,index,finger_e16_pinky_j1_m0d050,,,,,,P030,rad,1.0210170756410597
P030,,,,thumb_to_tip_vector_error_m,16,finger_joint,index,finger_e16_pinky_j1_m0d050,,,,,,P030,m,0.008232135776299762
P030,,,,global_E_bone_diagnostic,16,finger_joint,index,finger_e16_pinky_j1_m0d050,,,,,,P030,squared_direction,0.9678792325969354
P030,,,,fingertip_position_error_m,16,finger_joint,middle,finger_e16_pinky_j1_m0d050,,,,,,P030,m,0.011403684845945278
P030,,,,fingertip_orientation_error_rad,16,finger_joint,middle,finger_e16_pinky_j1_m0d050,,,,,,P030,rad,0.20945278666267808
P030,,,,wrist_to_tip_vector_error_m,16,finger_joint,middle,finger_e16_pinky_j1_m0d050,,,,,,P030,m,0.030380911627815057
P030,,,,direct_proximal_orientation_error_rad,16,finger_joint,middle,finger_e16_pinky_j1_m0d050,,,,,,P030,rad,0.13041996328043734
P030,,,,direct_distal_orientation_error_rad,16,finger_joint,middle,finger_e16_pinky_j1_m0d050,,,,,,P030,rad,0.15656594711239927
P030,,,,thumb_to_tip_vector_error_m,16,finger_joint,middle,finger_e16_pinky_j1_m0d050,,,,,,P030,m,0.01259179085136777
P030,,,,global_E_bone_diagnostic,16,finger_joint,middle,finger_e16_pinky_j1_m0d050,,,,,,P030,squared_direction,0.07669756323817827
P030,,,,fingertip_position_error_m,16,finger_joint,ring,finger_e16_pinky_j1_m0d050,,,,,,P030,m,0.003255861908977422
P030,,,,fingertip_orientation_error_rad,16,finger_joint,ring,finger_e16_pinky_j1_m0d050,,,,,,P030,rad,0.3168501207380725
P030,,,,wrist_to_tip_vector_error_m,16,finger_joint,ring,finger_e16_pinky_j1_m0d050,,,,,,P030,m,0.041544722676082044
P030,,,,direct_proximal_orientation_error_rad,16,finger_joint,ring,finger_e16_pinky_j1_m0d050,,,,,,P030,rad,0.16095564839152035
P030,,,,direct_distal_orientation_error_rad,16,finger_joint,ring,finger_e16_pinky_j1_m0d050,,,,,,P030,rad,0.429750722905554
P030,,,,thumb_to_tip_vector_error_m,16,finger_joint,ring,finger_e16_pinky_j1_m0d050,,,,,,P030,m,0.01740530754731705
P030,,,,global_E_bone_diagnostic,16,finger_joint,ring,finger_e16_pinky_j1_m0d050,,,,,,P030,squared_direction,0.28832738740145997
P030,,,,near_interaction_position_error_m,16,finger_joint,ring,finger_e16_pinky_j1_m0d050,proximal,,,,,P030,m,0.017616994112625597
P030,,,,near_interaction_orientation_error_rad,16,finger_joint,ring,finger_e16_pinky_j1_m0d050,proximal,,,,,P030,rad,0.13528954104046378
P030,,,,native_surface_unsigned_distance_m,16,finger_joint,ring,finger_e16_pinky_j1_m0d050,proximal,,,,,P030,m,0.04700838391296541
P030,-0.15641927,-0.07633295000000001,0.01615201,native_surface_signed_distance_m,16,finger_joint,ring,finger_e16_pinky_j1_m0d050,proximal,-0.1951084710944585,-0.09209463511619326,0.03770434535093747,True,P030,m,-0.04700838029384613
P030,,,,near_interaction_position_error_m,16,finger_joint,ring,finger_e16_pinky_j1_m0d050,distal,,,,,P030,m,0.004206687777021871
P030,,,,near_interaction_orientation_error_rad,16,finger_joint,ring,finger_e16_pinky_j1_m0d050,distal,,,,,P030,rad,0.317741963231769
P030,,,,native_surface_unsigned_distance_m,16,finger_joint,ring,finger_e16_pinky_j1_m0d050,distal,,,,,P030,m,0.019384872276203433
P030,-0.15726245499666458,-0.07493404211332133,0.01529376533577729,native_surface_signed_distance_m,16,finger_joint,ring,finger_e16_pinky_j1_m0d050,distal,-0.17514722123148865,-0.08136966165618727,0.019100497660212403,True,P030,m,-0.019384874030947685
P030,,,,fingertip_position_error_m,16,finger_joint,pinky,finger_e16_pinky_j1_m0d050,,,,,,P030,m,0.023579867535154158
P030,,,,fingertip_orientation_error_rad,16,finger_joint,pinky,finger_e16_pinky_j1_m0d050,,,,,,P030,rad,0.6249252243500832
P030,,,,wrist_to_tip_vector_error_m,16,finger_joint,pinky,finger_e16_pinky_j1_m0d050,,,,,,P030,m,0.06255465219023645
P030,,,,direct_proximal_orientation_error_rad,16,finger_joint,pinky,finger_e16_pinky_j1_m0d050,,,,,,P030,rad,0.5776401757250088
P030,,,,direct_distal_orientation_error_rad,16,finger_joint,pinky,finger_e16_pinky_j1_m0d050,,,,,,P030,rad,0.674524688633148
P030,,,,thumb_to_tip_vector_error_m,16,finger_joint,pinky,finger_e16_pinky_j1_m0d050,,,,,,P030,m,0.03796639909851269
P030,,,,global_E_bone_diagnostic,16,finger_joint,pinky,finger_e16_pinky_j1_m0d050,,,,,,P030,squared_direction,0.9961282914635385
P030,,,,near_interaction_position_error_m,16,finger_joint,pinky,finger_e16_pinky_j1_m0d050,proximal,,,,,P030,m,0.012054780583729677
P030,,,,near_interaction_orientation_error_rad,16,finger_joint,pinky,finger_e16_pinky_j1_m0d050,proximal,,,,,P030,rad,0.5622985943106789
P030,,,,native_surface_unsigned_distance_m,16,finger_joint,pinky,finger_e16_pinky_j1_m0d050,proximal,,,,,P030,m,0.06241462051890707
P030,-0.15752581,-0.07364861,0.01592539,native_surface_signed_distance_m,16,finger_joint,pinky,finger_e16_pinky_j1_m0d050,proximal,-0.2162278515569495,-0.08952050179786118,0.02998733233818122,True,P030,m,-0.06241461634635925
P030,,,,near_interaction_position_error_m,16,finger_joint,pinky,finger_e16_pinky_j1_m0d050,distal,,,,,P030,m,0.02322874724228779
P030,,,,near_interaction_orientation_error_rad,16,finger_joint,pinky,finger_e16_pinky_j1_m0d050,distal,,,,,P030,rad,0.5952936151052463
P030,,,,native_surface_unsigned_distance_m,16,finger_joint,pinky,finger_e16_pinky_j1_m0d050,distal,,,,,P030,m,0.041880340072354645
P030,-0.15880044440986937,-0.06458141495942371,0.014200603010368303,native_surface_signed_distance_m,16,finger_joint,pinky,finger_e16_pinky_j1_m0d050,distal,-0.2006578666527983,-0.06538005405778285,0.015332532046926936,True,P030,m,-0.04188034310936928
P030,,,,global_E_bone_diagnostic,16,finger_joint,ALL,finger_e16_pinky_j1_m0d050,,,,,,P030,squared_direction,3.1089621348534564
P030,,,,global_E_IM_diagnostic,16,finger_joint,ALL,finger_e16_pinky_j1_m0d050,,,,,,P030,m_squared,0.00010583963897286187
P031,,,,wrist_orientation_error_rad,16,finger_joint,ALL,finger_e16_pinky_j1_m0d025,,,,,,P031,rad,0.11366784299534578
P031,,,,wrist_tray_position_error_m,16,finger_joint,ALL,finger_e16_pinky_j1_m0d025,,,,,,P031,m,0.038547885580650025
P031,,,,fingertip_position_error_m,16,finger_joint,thumb,finger_e16_pinky_j1_m0d025,,,,,,P031,m,0.012061002294226433
P031,,,,fingertip_orientation_error_rad,16,finger_joint,thumb,finger_e16_pinky_j1_m0d025,,,,,,P031,rad,0.2013175537461058
P031,,,,wrist_to_tip_vector_error_m,16,finger_joint,thumb,finger_e16_pinky_j1_m0d025,,,,,,P031,m,0.028237143397511155
P031,,,,direct_proximal_orientation_error_rad,16,finger_joint,thumb,finger_e16_pinky_j1_m0d025,,,,,,P031,rad,0.8411673548002649
P031,,,,direct_distal_orientation_error_rad,16,finger_joint,thumb,finger_e16_pinky_j1_m0d025,,,,,,P031,rad,0.1549332603333245
P031,,,,thumb_to_tip_vector_error_m,16,finger_joint,thumb,finger_e16_pinky_j1_m0d025,,,,,,P031,m,0.0
P031,,,,global_E_bone_diagnostic,16,finger_joint,thumb,finger_e16_pinky_j1_m0d025,,,,,,P031,squared_direction,0.7799296601533445
P031,,,,fingertip_position_error_m,16,finger_joint,index,finger_e16_pinky_j1_m0d025,,,,,,P031,m,0.007632765058820055
P031,,,,fingertip_orientation_error_rad,16,finger_joint,index,finger_e16_pinky_j1_m0d025,,,,,,P031,rad,0.2664737074622685
P031,,,,wrist_to_tip_vector_error_m,16,finger_joint,index,finger_e16_pinky_j1_m0d025,,,,,,P031,m,0.0356683152417791
P031,,,,direct_proximal_orientation_error_rad,16,finger_joint,index,finger_e16_pinky_j1_m0d025,,,,,,P031,rad,0.7769446674412045
P031,,,,direct_distal_orientation_error_rad,16,finger_joint,index,finger_e16_pinky_j1_m0d025,,,,,,P031,rad,1.0210170756410597
P031,,,,thumb_to_tip_vector_error_m,16,finger_joint,index,finger_e16_pinky_j1_m0d025,,,,,,P031,m,0.008232135776299762
P031,,,,global_E_bone_diagnostic,16,finger_joint,index,finger_e16_pinky_j1_m0d025,,,,,,P031,squared_direction,0.9678792325969354
P031,,,,fingertip_position_error_m,16,finger_joint,middle,finger_e16_pinky_j1_m0d025,,,,,,P031,m,0.011403684845945278
P031,,,,fingertip_orientation_error_rad,16,finger_joint,middle,finger_e16_pinky_j1_m0d025,,,,,,P031,rad,0.20945278666267808
P031,,,,wrist_to_tip_vector_error_m,16,finger_joint,middle,finger_e16_pinky_j1_m0d025,,,,,,P031,m,0.030380911627815057
P031,,,,direct_proximal_orientation_error_rad,16,finger_joint,middle,finger_e16_pinky_j1_m0d025,,,,,,P031,rad,0.13041996328043734
P031,,,,direct_distal_orientation_error_rad,16,finger_joint,middle,finger_e16_pinky_j1_m0d025,,,,,,P031,rad,0.15656594711239927
P031,,,,thumb_to_tip_vector_error_m,16,finger_joint,middle,finger_e16_pinky_j1_m0d025,,,,,,P031,m,0.01259179085136777
P031,,,,global_E_bone_diagnostic,16,finger_joint,middle,finger_e16_pinky_j1_m0d025,,,,,,P031,squared_direction,0.07669756323817827
P031,,,,fingertip_position_error_m,16,finger_joint,ring,finger_e16_pinky_j1_m0d025,,,,,,P031,m,0.003255861908977422
P031,,,,fingertip_orientation_error_rad,16,finger_joint,ring,finger_e16_pinky_j1_m0d025,,,,,,P031,rad,0.3168501207380725
P031,,,,wrist_to_tip_vector_error_m,16,finger_joint,ring,finger_e16_pinky_j1_m0d025,,,,,,P031,m,0.041544722676082044
P031,,,,direct_proximal_orientation_error_rad,16,finger_joint,ring,finger_e16_pinky_j1_m0d025,,,,,,P031,rad,0.16095564839152035
P031,,,,direct_distal_orientation_error_rad,16,finger_joint,ring,finger_e16_pinky_j1_m0d025,,,,,,P031,rad,0.429750722905554
P031,,,,thumb_to_tip_vector_error_m,16,finger_joint,ring,finger_e16_pinky_j1_m0d025,,,,,,P031,m,0.01740530754731705
P031,,,,global_E_bone_diagnostic,16,finger_joint,ring,finger_e16_pinky_j1_m0d025,,,,,,P031,squared_direction,0.28832738740145997
P031,,,,near_interaction_position_error_m,16,finger_joint,ring,finger_e16_pinky_j1_m0d025,proximal,,,,,P031,m,0.017616994112625597
P031,,,,near_interaction_orientation_error_rad,16,finger_joint,ring,finger_e16_pinky_j1_m0d025,proximal,,,,,P031,rad,0.13528954104046378
P031,,,,native_surface_unsigned_distance_m,16,finger_joint,ring,finger_e16_pinky_j1_m0d025,proximal,,,,,P031,m,0.04700838391296541
P031,-0.15641927,-0.07633295000000001,0.01615201,native_surface_signed_distance_m,16,finger_joint,ring,finger_e16_pinky_j1_m0d025,proximal,-0.1951084710944585,-0.09209463511619326,0.03770434535093747,True,P031,m,-0.04700838029384613
P031,,,,near_interaction_position_error_m,16,finger_joint,ring,finger_e16_pinky_j1_m0d025,distal,,,,,P031,m,0.004206687777021871
P031,,,,near_interaction_orientation_error_rad,16,finger_joint,ring,finger_e16_pinky_j1_m0d025,distal,,,,,P031,rad,0.317741963231769
P031,,,,native_surface_unsigned_distance_m,16,finger_joint,ring,finger_e16_pinky_j1_m0d025,distal,,,,,P031,m,0.019384872276203433
P031,-0.15726245499666458,-0.07493404211332133,0.01529376533577729,native_surface_signed_distance_m,16,finger_joint,ring,finger_e16_pinky_j1_m0d025,distal,-0.17514722123148865,-0.08136966165618727,0.019100497660212403,True,P031,m,-0.019384874030947685
P031,,,,fingertip_position_error_m,16,finger_joint,pinky,finger_e16_pinky_j1_m0d025,,,,,,P031,m,0.02207612963683513
P031,,,,fingertip_orientation_error_rad,16,finger_joint,pinky,finger_e16_pinky_j1_m0d025,,,,,,P031,rad,0.6234049512414748
P031,,,,wrist_to_tip_vector_error_m,16,finger_joint,pinky,finger_e16_pinky_j1_m0d025,,,,,,P031,m,0.06034941018136022
P031,,,,direct_proximal_orientation_error_rad,16,finger_joint,pinky,finger_e16_pinky_j1_m0d025,,,,,,P031,rad,0.5296480199317007
P031,,,,direct_distal_orientation_error_rad,16,finger_joint,pinky,finger_e16_pinky_j1_m0d025,,,,,,P031,rad,0.6743345088397062
P031,,,,thumb_to_tip_vector_error_m,16,finger_joint,pinky,finger_e16_pinky_j1_m0d025,,,,,,P031,m,0.036499744443254135
P031,,,,global_E_bone_diagnostic,16,finger_joint,pinky,finger_e16_pinky_j1_m0d025,,,,,,P031,squared_direction,0.9438184852857103
P031,,,,near_interaction_position_error_m,16,finger_joint,pinky,finger_e16_pinky_j1_m0d025,proximal,,,,,P031,m,0.012286527246288832
P031,,,,near_interaction_orientation_error_rad,16,finger_joint,pinky,finger_e16_pinky_j1_m0d025,proximal,,,,,P031,rad,0.5143012217011632
P031,,,,native_surface_unsigned_distance_m,16,finger_joint,pinky,finger_e16_pinky_j1_m0d025,proximal,,,,,P031,m,0.06144784457172839
P031,-0.15745300971546936,-0.07425061418988613,0.015540286907155355,native_surface_signed_distance_m,16,finger_joint,pinky,finger_e16_pinky_j1_m0d025,proximal,-0.21529205777381574,-0.08993429832576906,0.02912351826576224,True,P031,m,-0.06144784018397331
P031,,,,near_interaction_position_error_m,16,finger_joint,pinky,finger_e16_pinky_j1_m0d025,distal,,,,,P031,m,0.02145781264991408
P031,,,,near_interaction_orientation_error_rad,16,finger_joint,pinky,finger_e16_pinky_j1_m0d025,distal,,,,,P031,rad,0.5921119657297961
P031,,,,native_surface_unsigned_distance_m,16,finger_joint,pinky,finger_e16_pinky_j1_m0d025,distal,,,,,P031,m,0.04013271838376674
P031,-0.158776452080552,-0.06563975949322166,0.01434109038145618,native_surface_signed_distance_m,16,finger_joint,pinky,finger_e16_pinky_j1_m0d025,distal,-0.1988859188060406,-0.06684754236971056,0.013703105749264942,True,P031,m,-0.04013272002339363
P031,,,,global_E_bone_diagnostic,16,finger_joint,ALL,finger_e16_pinky_j1_m0d025,,,,,,P031,squared_direction,3.0566523286756286
P031,,,,global_E_IM_diagnostic,16,finger_joint,ALL,finger_e16_pinky_j1_m0d025,,,,,,P031,m_squared,0.00010254430967512993
P032,,,,wrist_orientation_error_rad,16,finger_joint,ALL,finger_e16_pinky_j1_p0d000,,,,,,P032,rad,0.11366784299534578
P032,,,,wrist_tray_position_error_m,16,finger_joint,ALL,finger_e16_pinky_j1_p0d000,,,,,,P032,m,0.038547885580650025
P032,,,,fingertip_position_error_m,16,finger_joint,thumb,finger_e16_pinky_j1_p0d000,,,,,,P032,m,0.012061002294226433
P032,,,,fingertip_orientation_error_rad,16,finger_joint,thumb,finger_e16_pinky_j1_p0d000,,,,,,P032,rad,0.2013175537461058
P032,,,,wrist_to_tip_vector_error_m,16,finger_joint,thumb,finger_e16_pinky_j1_p0d000,,,,,,P032,m,0.028237143397511155
P032,,,,direct_proximal_orientation_error_rad,16,finger_joint,thumb,finger_e16_pinky_j1_p0d000,,,,,,P032,rad,0.8411673548002649
P032,,,,direct_distal_orientation_error_rad,16,finger_joint,thumb,finger_e16_pinky_j1_p0d000,,,,,,P032,rad,0.1549332603333245
P032,,,,thumb_to_tip_vector_error_m,16,finger_joint,thumb,finger_e16_pinky_j1_p0d000,,,,,,P032,m,0.0
P032,,,,global_E_bone_diagnostic,16,finger_joint,thumb,finger_e16_pinky_j1_p0d000,,,,,,P032,squared_direction,0.7799296601533445
P032,,,,fingertip_position_error_m,16,finger_joint,index,finger_e16_pinky_j1_p0d000,,,,,,P032,m,0.007632765058820055
P032,,,,fingertip_orientation_error_rad,16,finger_joint,index,finger_e16_pinky_j1_p0d000,,,,,,P032,rad,0.2664737074622685
P032,,,,wrist_to_tip_vector_error_m,16,finger_joint,index,finger_e16_pinky_j1_p0d000,,,,,,P032,m,0.0356683152417791
P032,,,,direct_proximal_orientation_error_rad,16,finger_joint,index,finger_e16_pinky_j1_p0d000,,,,,,P032,rad,0.7769446674412045
P032,,,,direct_distal_orientation_error_rad,16,finger_joint,index,finger_e16_pinky_j1_p0d000,,,,,,P032,rad,1.0210170756410597
P032,,,,thumb_to_tip_vector_error_m,16,finger_joint,index,finger_e16_pinky_j1_p0d000,,,,,,P032,m,0.008232135776299762
P032,,,,global_E_bone_diagnostic,16,finger_joint,index,finger_e16_pinky_j1_p0d000,,,,,,P032,squared_direction,0.9678792325969354
P032,,,,fingertip_position_error_m,16,finger_joint,middle,finger_e16_pinky_j1_p0d000,,,,,,P032,m,0.011403684845945278
P032,,,,fingertip_orientation_error_rad,16,finger_joint,middle,finger_e16_pinky_j1_p0d000,,,,,,P032,rad,0.20945278666267808
P032,,,,wrist_to_tip_vector_error_m,16,finger_joint,middle,finger_e16_pinky_j1_p0d000,,,,,,P032,m,0.030380911627815057
P032,,,,direct_proximal_orientation_error_rad,16,finger_joint,middle,finger_e16_pinky_j1_p0d000,,,,,,P032,rad,0.13041996328043734
P032,,,,direct_distal_orientation_error_rad,16,finger_joint,middle,finger_e16_pinky_j1_p0d000,,,,,,P032,rad,0.15656594711239927
P032,,,,thumb_to_tip_vector_error_m,16,finger_joint,middle,finger_e16_pinky_j1_p0d000,,,,,,P032,m,0.01259179085136777
P032,,,,global_E_bone_diagnostic,16,finger_joint,middle,finger_e16_pinky_j1_p0d000,,,,,,P032,squared_direction,0.07669756323817827
P032,,,,fingertip_position_error_m,16,finger_joint,ring,finger_e16_pinky_j1_p0d000,,,,,,P032,m,0.003255861908977422
P032,,,,fingertip_orientation_error_rad,16,finger_joint,ring,finger_e16_pinky_j1_p0d000,,,,,,P032,rad,0.3168501207380725
P032,,,,wrist_to_tip_vector_error_m,16,finger_joint,ring,finger_e16_pinky_j1_p0d000,,,,,,P032,m,0.041544722676082044
P032,,,,direct_proximal_orientation_error_rad,16,finger_joint,ring,finger_e16_pinky_j1_p0d000,,,,,,P032,rad,0.16095564839152035
P032,,,,direct_distal_orientation_error_rad,16,finger_joint,ring,finger_e16_pinky_j1_p0d000,,,,,,P032,rad,0.429750722905554
P032,,,,thumb_to_tip_vector_error_m,16,finger_joint,ring,finger_e16_pinky_j1_p0d000,,,,,,P032,m,0.01740530754731705
P032,,,,global_E_bone_diagnostic,16,finger_joint,ring,finger_e16_pinky_j1_p0d000,,,,,,P032,squared_direction,0.28832738740145997
P032,,,,near_interaction_position_error_m,16,finger_joint,ring,finger_e16_pinky_j1_p0d000,proximal,,,,,P032,m,0.017616994112625597
P032,,,,near_interaction_orientation_error_rad,16,finger_joint,ring,finger_e16_pinky_j1_p0d000,proximal,,,,,P032,rad,0.13528954104046378
P032,,,,native_surface_unsigned_distance_m,16,finger_joint,ring,finger_e16_pinky_j1_p0d000,proximal,,,,,P032,m,0.04700838391296541
P032,-0.15641927,-0.07633295000000001,0.01615201,native_surface_signed_distance_m,16,finger_joint,ring,finger_e16_pinky_j1_p0d000,proximal,-0.1951084710944585,-0.09209463511619326,0.03770434535093747,True,P032,m,-0.04700838029384613
P032,,,,near_interaction_position_error_m,16,finger_joint,ring,finger_e16_pinky_j1_p0d000,distal,,,,,P032,m,0.004206687777021871
P032,,,,near_interaction_orientation_error_rad,16,finger_joint,ring,finger_e16_pinky_j1_p0d000,distal,,,,,P032,rad,0.317741963231769
P032,,,,native_surface_unsigned_distance_m,16,finger_joint,ring,finger_e16_pinky_j1_p0d000,distal,,,,,P032,m,0.019384872276203433
P032,-0.15726245499666458,-0.07493404211332133,0.01529376533577729,native_surface_signed_distance_m,16,finger_joint,ring,finger_e16_pinky_j1_p0d000,distal,-0.17514722123148865,-0.08136966165618727,0.019100497660212403,True,P032,m,-0.019384874030947685
P032,,,,fingertip_position_error_m,16,finger_joint,pinky,finger_e16_pinky_j1_p0d000,,,,,,P032,m,0.02080561573391404
P032,,,,fingertip_orientation_error_rad,16,finger_joint,pinky,finger_e16_pinky_j1_p0d000,,,,,,P032,rad,0.6254548092340385
P032,,,,wrist_to_tip_vector_error_m,16,finger_joint,pinky,finger_e16_pinky_j1_p0d000,,,,,,P032,m,0.05812356982358867
P032,,,,direct_proximal_orientation_error_rad,16,finger_joint,pinky,finger_e16_pinky_j1_p0d000,,,,,,P032,rad,0.4816572663313382
P032,,,,direct_distal_orientation_error_rad,16,finger_joint,pinky,finger_e16_pinky_j1_p0d000,,,,,,P032,rad,0.6770216403994233
P032,,,,thumb_to_tip_vector_error_m,16,finger_joint,pinky,finger_e16_pinky_j1_p0d000,,,,,,P032,m,0.03511859913983375
P032,,,,global_E_bone_diagnostic,16,finger_joint,pinky,finger_e16_pinky_j1_p0d000,,,,,,P032,squared_direction,0.895943946996847
P032,,,,near_interaction_position_error_m,16,finger_joint,pinky,finger_e16_pinky_j1_p0d000,proximal,,,,,P032,m,0.012601084011395485
P032,,,,near_interaction_orientation_error_rad,16,finger_joint,pinky,finger_e16_pinky_j1_p0d000,proximal,,,,,P032,rad,0.4663043373384422
P032,,,,native_surface_unsigned_distance_m,16,finger_joint,pinky,finger_e16_pinky_j1_p0d000,proximal,,,,,P032,m,0.06052198608417899
P032,-0.15744960000000002,-0.07427881,0.01552225,native_surface_signed_distance_m,16,finger_joint,pinky,finger_e16_pinky_j1_p0d000,proximal,-0.21437162476440716,-0.09040872283011588,0.028274497189677568,True,P032,m,-0.06052197888493538
P032,,,,near_interaction_position_error_m,16,finger_joint,pinky,finger_e16_pinky_j1_p0d000,distal,,,,,P032,m,0.019820760048716177
P032,,,,near_interaction_orientation_error_rad,16,finger_joint,pinky,finger_e16_pinky_j1_p0d000,distal,,,,,P032,rad,0.5923475153072228
P032,,,,native_surface_unsigned_distance_m,16,finger_joint,pinky,finger_e16_pinky_j1_p0d000,distal,,,,,P032,m,0.03851798323007318
P032,-0.158716339727623,-0.06715399745001509,0.014007336935935965,native_surface_signed_distance_m,16,finger_joint,pinky,finger_e16_pinky_j1_p0d000,distal,-0.1971671242201964,-0.06842884033174225,0.012123994257402211,True,P032,m,-0.038517989218235016
P032,,,,global_E_bone_diagnostic,16,finger_joint,ALL,finger_e16_pinky_j1_p0d000,,,,,,P032,squared_direction,3.008777790386765
P032,,,,global_E_IM_diagnostic,16,finger_joint,ALL,finger_e16_pinky_j1_p0d000,,,,,,P032,m_squared,9.95759989338723e-05
P033,,,,wrist_orientation_error_rad,16,finger_joint,ALL,finger_e16_pinky_j1_p0d025,,,,,,P033,rad,0.11366784299534578
P033,,,,wrist_tray_position_error_m,16,finger_joint,ALL,finger_e16_pinky_j1_p0d025,,,,,,P033,m,0.038547885580650025
P033,,,,fingertip_position_error_m,16,finger_joint,thumb,finger_e16_pinky_j1_p0d025,,,,,,P033,m,0.012061002294226433
P033,,,,fingertip_orientation_error_rad,16,finger_joint,thumb,finger_e16_pinky_j1_p0d025,,,,,,P033,rad,0.2013175537461058
P033,,,,wrist_to_tip_vector_error_m,16,finger_joint,thumb,finger_e16_pinky_j1_p0d025,,,,,,P033,m,0.028237143397511155
P033,,,,direct_proximal_orientation_error_rad,16,finger_joint,thumb,finger_e16_pinky_j1_p0d025,,,,,,P033,rad,0.8411673548002649
P033,,,,direct_distal_orientation_error_rad,16,finger_joint,thumb,finger_e16_pinky_j1_p0d025,,,,,,P033,rad,0.1549332603333245
P033,,,,thumb_to_tip_vector_error_m,16,finger_joint,thumb,finger_e16_pinky_j1_p0d025,,,,,,P033,m,0.0
P033,,,,global_E_bone_diagnostic,16,finger_joint,thumb,finger_e16_pinky_j1_p0d025,,,,,,P033,squared_direction,0.7799296601533445
P033,,,,fingertip_position_error_m,16,finger_joint,index,finger_e16_pinky_j1_p0d025,,,,,,P033,m,0.007632765058820055
P033,,,,fingertip_orientation_error_rad,16,finger_joint,index,finger_e16_pinky_j1_p0d025,,,,,,P033,rad,0.2664737074622685
P033,,,,wrist_to_tip_vector_error_m,16,finger_joint,index,finger_e16_pinky_j1_p0d025,,,,,,P033,m,0.0356683152417791
P033,,,,direct_proximal_orientation_error_rad,16,finger_joint,index,finger_e16_pinky_j1_p0d025,,,,,,P033,rad,0.7769446674412045
P033,,,,direct_distal_orientation_error_rad,16,finger_joint,index,finger_e16_pinky_j1_p0d025,,,,,,P033,rad,1.0210170756410597
P033,,,,thumb_to_tip_vector_error_m,16,finger_joint,index,finger_e16_pinky_j1_p0d025,,,,,,P033,m,0.008232135776299762
P033,,,,global_E_bone_diagnostic,16,finger_joint,index,finger_e16_pinky_j1_p0d025,,,,,,P033,squared_direction,0.9678792325969354
P033,,,,fingertip_position_error_m,16,finger_joint,middle,finger_e16_pinky_j1_p0d025,,,,,,P033,m,0.011403684845945278
P033,,,,fingertip_orientation_error_rad,16,finger_joint,middle,finger_e16_pinky_j1_p0d025,,,,,,P033,rad,0.20945278666267808
P033,,,,wrist_to_tip_vector_error_m,16,finger_joint,middle,finger_e16_pinky_j1_p0d025,,,,,,P033,m,0.030380911627815057
P033,,,,direct_proximal_orientation_error_rad,16,finger_joint,middle,finger_e16_pinky_j1_p0d025,,,,,,P033,rad,0.13041996328043734
P033,,,,direct_distal_orientation_error_rad,16,finger_joint,middle,finger_e16_pinky_j1_p0d025,,,,,,P033,rad,0.15656594711239927
P033,,,,thumb_to_tip_vector_error_m,16,finger_joint,middle,finger_e16_pinky_j1_p0d025,,,,,,P033,m,0.01259179085136777
P033,,,,global_E_bone_diagnostic,16,finger_joint,middle,finger_e16_pinky_j1_p0d025,,,,,,P033,squared_direction,0.07669756323817827
P033,,,,fingertip_position_error_m,16,finger_joint,ring,finger_e16_pinky_j1_p0d025,,,,,,P033,m,0.003255861908977422
P033,,,,fingertip_orientation_error_rad,16,finger_joint,ring,finger_e16_pinky_j1_p0d025,,,,,,P033,rad,0.3168501207380725
P033,,,,wrist_to_tip_vector_error_m,16,finger_joint,ring,finger_e16_pinky_j1_p0d025,,,,,,P033,m,0.041544722676082044
P033,,,,direct_proximal_orientation_error_rad,16,finger_joint,ring,finger_e16_pinky_j1_p0d025,,,,,,P033,rad,0.16095564839152035
P033,,,,direct_distal_orientation_error_rad,16,finger_joint,ring,finger_e16_pinky_j1_p0d025,,,,,,P033,rad,0.429750722905554
P033,,,,thumb_to_tip_vector_error_m,16,finger_joint,ring,finger_e16_pinky_j1_p0d025,,,,,,P033,m,0.01740530754731705
P033,,,,global_E_bone_diagnostic,16,finger_joint,ring,finger_e16_pinky_j1_p0d025,,,,,,P033,squared_direction,0.28832738740145997
P033,,,,near_interaction_position_error_m,16,finger_joint,ring,finger_e16_pinky_j1_p0d025,proximal,,,,,P033,m,0.017616994112625597
P033,,,,near_interaction_orientation_error_rad,16,finger_joint,ring,finger_e16_pinky_j1_p0d025,proximal,,,,,P033,rad,0.13528954104046378
P033,,,,native_surface_unsigned_distance_m,16,finger_joint,ring,finger_e16_pinky_j1_p0d025,proximal,,,,,P033,m,0.04700838391296541
P033,-0.15641927,-0.07633295000000001,0.01615201,native_surface_signed_distance_m,16,finger_joint,ring,finger_e16_pinky_j1_p0d025,proximal,-0.1951084710944585,-0.09209463511619326,0.03770434535093747,True,P033,m,-0.04700838029384613
P033,,,,near_interaction_position_error_m,16,finger_joint,ring,finger_e16_pinky_j1_p0d025,distal,,,,,P033,m,0.004206687777021871
P033,,,,near_interaction_orientation_error_rad,16,finger_joint,ring,finger_e16_pinky_j1_p0d025,distal,,,,,P033,rad,0.317741963231769
P033,,,,native_surface_unsigned_distance_m,16,finger_joint,ring,finger_e16_pinky_j1_p0d025,distal,,,,,P033,m,0.019384872276203433
P033,-0.15726245499666458,-0.07493404211332133,0.01529376533577729,native_surface_signed_distance_m,16,finger_joint,ring,finger_e16_pinky_j1_p0d025,distal,-0.17514722123148865,-0.08136966165618727,0.019100497660212403,True,P033,m,-0.019384874030947685
P033,,,,fingertip_position_error_m,16,finger_joint,pinky,finger_e16_pinky_j1_p0d025,,,,,,P033,m,0.019816409716241143
P033,,,,fingertip_orientation_error_rad,16,finger_joint,pinky,finger_e16_pinky_j1_p0d025,,,,,,P033,rad,0.6310399771509402
P033,,,,wrist_to_tip_vector_error_m,16,finger_joint,pinky,finger_e16_pinky_j1_p0d025,,,,,,P033,m,0.05588010507028341
P033,,,,direct_proximal_orientation_error_rad,16,finger_joint,pinky,finger_e16_pinky_j1_p0d025,,,,,,P033,rad,0.4336683839443138
P033,,,,direct_distal_orientation_error_rad,16,finger_joint,pinky,finger_e16_pinky_j1_p0d025,,,,,,P033,rad,0.6825513060931857
P033,,,,thumb_to_tip_vector_error_m,16,finger_joint,pinky,finger_e16_pinky_j1_p0d025,,,,,,P033,m,0.0338368039427355
P033,,,,global_E_bone_diagnostic,16,finger_joint,pinky,finger_e16_pinky_j1_p0d025,,,,,,P033,squared_direction,0.8526149583566364
P033,,,,near_interaction_position_error_m,16,finger_joint,pinky,finger_e16_pinky_j1_p0d025,proximal,,,,,P033,m,0.012991743564004982
P033,,,,near_interaction_orientation_error_rad,16,finger_joint,pinky,finger_e16_pinky_j1_p0d025,proximal,,,,,P033,rad,0.4183081104030786
P033,,,,native_surface_unsigned_distance_m,16,finger_joint,pinky,finger_e16_pinky_j1_p0d025,proximal,,,,,P033,m,0.059648193294689685
P033,-0.15744960000000002,-0.07427881,0.01552225,native_surface_signed_distance_m,16,finger_joint,pinky,finger_e16_pinky_j1_p0d025,proximal,-0.21346867279923865,-0.0909426824466977,0.027442224878935606,True,P033,m,-0.05964818596839905
P033,,,,near_interaction_position_error_m,16,finger_joint,pinky,finger_e16_pinky_j1_p0d025,distal,,,,,P033,m,0.018357689870298025
P033,,,,near_interaction_orientation_error_rad,16,finger_joint,pinky,finger_e16_pinky_j1_p0d025,distal,,,,,P033,rad,0.5959961591702344
P033,,,,native_surface_unsigned_distance_m,16,finger_joint,pinky,finger_e16_pinky_j1_p0d025,distal,,,,,P033,m,0.03702965312147381
P033,-0.15867954,-0.06824574,0.01399503,native_surface_signed_distance_m,16,finger_joint,pinky,finger_e16_pinky_j1_p0d025,distal,-0.19550544223771005,-0.07012030533283517,0.010598835145721085,True,P033,m,-0.03702964633703232
P033,,,,global_E_bone_diagnostic,16,finger_joint,ALL,finger_e16_pinky_j1_p0d025,,,,,,P033,squared_direction,2.9654488017465543
P033,,,,global_E_IM_diagnostic,16,finger_joint,ALL,finger_e16_pinky_j1_p0d025,,,,,,P033,m_squared,9.694154442405215e-05
P034,,,,wrist_orientation_error_rad,16,finger_joint,ALL,finger_e16_pinky_j1_p0d050,,,,,,P034,rad,0.11366784299534578
P034,,,,wrist_tray_position_error_m,16,finger_joint,ALL,finger_e16_pinky_j1_p0d050,,,,,,P034,m,0.038547885580650025
P034,,,,fingertip_position_error_m,16,finger_joint,thumb,finger_e16_pinky_j1_p0d050,,,,,,P034,m,0.012061002294226433
P034,,,,fingertip_orientation_error_rad,16,finger_joint,thumb,finger_e16_pinky_j1_p0d050,,,,,,P034,rad,0.2013175537461058
P034,,,,wrist_to_tip_vector_error_m,16,finger_joint,thumb,finger_e16_pinky_j1_p0d050,,,,,,P034,m,0.028237143397511155
P034,,,,direct_proximal_orientation_error_rad,16,finger_joint,thumb,finger_e16_pinky_j1_p0d050,,,,,,P034,rad,0.8411673548002649
P034,,,,direct_distal_orientation_error_rad,16,finger_joint,thumb,finger_e16_pinky_j1_p0d050,,,,,,P034,rad,0.1549332603333245
P034,,,,thumb_to_tip_vector_error_m,16,finger_joint,thumb,finger_e16_pinky_j1_p0d050,,,,,,P034,m,0.0
P034,,,,global_E_bone_diagnostic,16,finger_joint,thumb,finger_e16_pinky_j1_p0d050,,,,,,P034,squared_direction,0.7799296601533445
P034,,,,fingertip_position_error_m,16,finger_joint,index,finger_e16_pinky_j1_p0d050,,,,,,P034,m,0.007632765058820055
P034,,,,fingertip_orientation_error_rad,16,finger_joint,index,finger_e16_pinky_j1_p0d050,,,,,,P034,rad,0.2664737074622685
P034,,,,wrist_to_tip_vector_error_m,16,finger_joint,index,finger_e16_pinky_j1_p0d050,,,,,,P034,m,0.0356683152417791
P034,,,,direct_proximal_orientation_error_rad,16,finger_joint,index,finger_e16_pinky_j1_p0d050,,,,,,P034,rad,0.7769446674412045
P034,,,,direct_distal_orientation_error_rad,16,finger_joint,index,finger_e16_pinky_j1_p0d050,,,,,,P034,rad,1.0210170756410597
P034,,,,thumb_to_tip_vector_error_m,16,finger_joint,index,finger_e16_pinky_j1_p0d050,,,,,,P034,m,0.008232135776299762
P034,,,,global_E_bone_diagnostic,16,finger_joint,index,finger_e16_pinky_j1_p0d050,,,,,,P034,squared_direction,0.9678792325969354
P034,,,,fingertip_position_error_m,16,finger_joint,middle,finger_e16_pinky_j1_p0d050,,,,,,P034,m,0.011403684845945278
P034,,,,fingertip_orientation_error_rad,16,finger_joint,middle,finger_e16_pinky_j1_p0d050,,,,,,P034,rad,0.20945278666267808
P034,,,,wrist_to_tip_vector_error_m,16,finger_joint,middle,finger_e16_pinky_j1_p0d050,,,,,,P034,m,0.030380911627815057
P034,,,,direct_proximal_orientation_error_rad,16,finger_joint,middle,finger_e16_pinky_j1_p0d050,,,,,,P034,rad,0.13041996328043734
P034,,,,direct_distal_orientation_error_rad,16,finger_joint,middle,finger_e16_pinky_j1_p0d050,,,,,,P034,rad,0.15656594711239927
P034,,,,thumb_to_tip_vector_error_m,16,finger_joint,middle,finger_e16_pinky_j1_p0d050,,,,,,P034,m,0.01259179085136777
P034,,,,global_E_bone_diagnostic,16,finger_joint,middle,finger_e16_pinky_j1_p0d050,,,,,,P034,squared_direction,0.07669756323817827
P034,,,,fingertip_position_error_m,16,finger_joint,ring,finger_e16_pinky_j1_p0d050,,,,,,P034,m,0.003255861908977422
P034,,,,fingertip_orientation_error_rad,16,finger_joint,ring,finger_e16_pinky_j1_p0d050,,,,,,P034,rad,0.3168501207380725
P034,,,,wrist_to_tip_vector_error_m,16,finger_joint,ring,finger_e16_pinky_j1_p0d050,,,,,,P034,m,0.041544722676082044
P034,,,,direct_proximal_orientation_error_rad,16,finger_joint,ring,finger_e16_pinky_j1_p0d050,,,,,,P034,rad,0.16095564839152035
P034,,,,direct_distal_orientation_error_rad,16,finger_joint,ring,finger_e16_pinky_j1_p0d050,,,,,,P034,rad,0.429750722905554
P034,,,,thumb_to_tip_vector_error_m,16,finger_joint,ring,finger_e16_pinky_j1_p0d050,,,,,,P034,m,0.01740530754731705
P034,,,,global_E_bone_diagnostic,16,finger_joint,ring,finger_e16_pinky_j1_p0d050,,,,,,P034,squared_direction,0.28832738740145997
P034,,,,near_interaction_position_error_m,16,finger_joint,ring,finger_e16_pinky_j1_p0d050,proximal,,,,,P034,m,0.017616994112625597
P034,,,,near_interaction_orientation_error_rad,16,finger_joint,ring,finger_e16_pinky_j1_p0d050,proximal,,,,,P034,rad,0.13528954104046378
P034,,,,native_surface_unsigned_distance_m,16,finger_joint,ring,finger_e16_pinky_j1_p0d050,proximal,,,,,P034,m,0.04700838391296541
P034,-0.15641927,-0.07633295000000001,0.01615201,native_surface_signed_distance_m,16,finger_joint,ring,finger_e16_pinky_j1_p0d050,proximal,-0.1951084710944585,-0.09209463511619326,0.03770434535093747,True,P034,m,-0.04700838029384613
P034,,,,near_interaction_position_error_m,16,finger_joint,ring,finger_e16_pinky_j1_p0d050,distal,,,,,P034,m,0.004206687777021871
P034,,,,near_interaction_orientation_error_rad,16,finger_joint,ring,finger_e16_pinky_j1_p0d050,distal,,,,,P034,rad,0.317741963231769
P034,,,,native_surface_unsigned_distance_m,16,finger_joint,ring,finger_e16_pinky_j1_p0d050,distal,,,,,P034,m,0.019384872276203433
P034,-0.15726245499666458,-0.07493404211332133,0.01529376533577729,native_surface_signed_distance_m,16,finger_joint,ring,finger_e16_pinky_j1_p0d050,distal,-0.17514722123148865,-0.08136966165618727,0.019100497660212403,True,P034,m,-0.019384874030947685
P034,,,,fingertip_position_error_m,16,finger_joint,pinky,finger_e16_pinky_j1_p0d050,,,,,,P034,m,0.019154566264877833
P034,,,,fingertip_orientation_error_rad,16,finger_joint,pinky,finger_e16_pinky_j1_p0d050,,,,,,P034,rad,0.6400678323803428
P034,,,,wrist_to_tip_vector_error_m,16,finger_joint,pinky,finger_e16_pinky_j1_p0d050,,,,,,P034,m,0.05362229755860732
P034,,,,direct_proximal_orientation_error_rad,16,finger_joint,pinky,finger_e16_pinky_j1_p0d050,,,,,,P034,rad,0.38568207474705263
P034,,,,direct_distal_orientation_error_rad,16,finger_joint,pinky,finger_e16_pinky_j1_p0d050,,,,,,P034,rad,0.6908536227658284
P034,,,,thumb_to_tip_vector_error_m,16,finger_joint,pinky,finger_e16_pinky_j1_p0d050,,,,,,P034,m,0.032669172545963146
P034,,,,global_E_bone_diagnostic,16,finger_joint,pinky,finger_e16_pinky_j1_p0d050,,,,,,P034,squared_direction,0.8139313301890185
P034,,,,near_interaction_position_error_m,16,finger_joint,pinky,finger_e16_pinky_j1_p0d050,proximal,,,,,P034,m,0.013451021088597713
P034,,,,near_interaction_orientation_error_rad,16,finger_joint,pinky,finger_e16_pinky_j1_p0d050,proximal,,,,,P034,rad,0.3703127976348083
P034,,,,native_surface_unsigned_distance_m,16,finger_joint,pinky,finger_e16_pinky_j1_p0d050,proximal,,,,,P034,m,0.05883085166903894
P034,-0.15744960000000002,-0.07427881,0.01552225,native_surface_signed_distance_m,16,finger_joint,pinky,finger_e16_pinky_j1_p0d050,proximal,-0.2125852818802316,-0.09153494716874644,0.026628618520797998,True,P034,m,-0.058830853551626205
P034,,,,near_interaction_position_error_m,16,finger_joint,pinky,finger_e16_pinky_j1_p0d050,distal,,,,,P034,m,0.017117042404175373
P034,,,,near_interaction_orientation_error_rad,16,finger_joint,pinky,finger_e16_pinky_j1_p0d050,distal,,,,,P034,rad,0.602995128313797
P034,,,,native_surface_unsigned_distance_m,16,finger_joint,pinky,finger_e16_pinky_j1_p0d050,distal,,,,,P034,m,0.03571518939442053
P034,-0.15855927,-0.06912760999999999,0.013431,native_surface_signed_distance_m,16,finger_joint,pinky,finger_e16_pinky_j1_p0d050,distal,-0.1939047006388509,-0.07191804098581946,0.00913114170618522,True,P034,m,-0.035715192556381226
P034,,,,global_E_bone_diagnostic,16,finger_joint,ALL,finger_e16_pinky_j1_p0d050,,,,,,P034,squared_direction,2.9267651735789366
P034,,,,global_E_IM_diagnostic,16,finger_joint,ALL,finger_e16_pinky_j1_p0d050,,,,,,P034,m_squared,9.464701476355117e-05
P035,,,,wrist_orientation_error_rad,16,finger_joint,ALL,finger_e16_pinky_j2_m0d050,,,,,,P035,rad,0.11366784299534578
P035,,,,wrist_tray_position_error_m,16,finger_joint,ALL,finger_e16_pinky_j2_m0d050,,,,,,P035,m,0.038547885580650025
P035,,,,fingertip_position_error_m,16,finger_joint,thumb,finger_e16_pinky_j2_m0d050,,,,,,P035,m,0.012061002294226433
P035,,,,fingertip_orientation_error_rad,16,finger_joint,thumb,finger_e16_pinky_j2_m0d050,,,,,,P035,rad,0.2013175537461058
P035,,,,wrist_to_tip_vector_error_m,16,finger_joint,thumb,finger_e16_pinky_j2_m0d050,,,,,,P035,m,0.028237143397511155
P035,,,,direct_proximal_orientation_error_rad,16,finger_joint,thumb,finger_e16_pinky_j2_m0d050,,,,,,P035,rad,0.8411673548002649
P035,,,,direct_distal_orientation_error_rad,16,finger_joint,thumb,finger_e16_pinky_j2_m0d050,,,,,,P035,rad,0.1549332603333245
P035,,,,thumb_to_tip_vector_error_m,16,finger_joint,thumb,finger_e16_pinky_j2_m0d050,,,,,,P035,m,0.0
P035,,,,global_E_bone_diagnostic,16,finger_joint,thumb,finger_e16_pinky_j2_m0d050,,,,,,P035,squared_direction,0.7799296601533445
P035,,,,fingertip_position_error_m,16,finger_joint,index,finger_e16_pinky_j2_m0d050,,,,,,P035,m,0.007632765058820055
P035,,,,fingertip_orientation_error_rad,16,finger_joint,index,finger_e16_pinky_j2_m0d050,,,,,,P035,rad,0.2664737074622685
P035,,,,wrist_to_tip_vector_error_m,16,finger_joint,index,finger_e16_pinky_j2_m0d050,,,,,,P035,m,0.0356683152417791
P035,,,,direct_proximal_orientation_error_rad,16,finger_joint,index,finger_e16_pinky_j2_m0d050,,,,,,P035,rad,0.7769446674412045
P035,,,,direct_distal_orientation_error_rad,16,finger_joint,index,finger_e16_pinky_j2_m0d050,,,,,,P035,rad,1.0210170756410597
P035,,,,thumb_to_tip_vector_error_m,16,finger_joint,index,finger_e16_pinky_j2_m0d050,,,,,,P035,m,0.008232135776299762
P035,,,,global_E_bone_diagnostic,16,finger_joint,index,finger_e16_pinky_j2_m0d050,,,,,,P035,squared_direction,0.9678792325969354
P035,,,,fingertip_position_error_m,16,finger_joint,middle,finger_e16_pinky_j2_m0d050,,,,,,P035,m,0.011403684845945278
P035,,,,fingertip_orientation_error_rad,16,finger_joint,middle,finger_e16_pinky_j2_m0d050,,,,,,P035,rad,0.20945278666267808
P035,,,,wrist_to_tip_vector_error_m,16,finger_joint,middle,finger_e16_pinky_j2_m0d050,,,,,,P035,m,0.030380911627815057
P035,,,,direct_proximal_orientation_error_rad,16,finger_joint,middle,finger_e16_pinky_j2_m0d050,,,,,,P035,rad,0.13041996328043734
P035,,,,direct_distal_orientation_error_rad,16,finger_joint,middle,finger_e16_pinky_j2_m0d050,,,,,,P035,rad,0.15656594711239927
P035,,,,thumb_to_tip_vector_error_m,16,finger_joint,middle,finger_e16_pinky_j2_m0d050,,,,,,P035,m,0.01259179085136777
P035,,,,global_E_bone_diagnostic,16,finger_joint,middle,finger_e16_pinky_j2_m0d050,,,,,,P035,squared_direction,0.07669756323817827
P035,,,,fingertip_position_error_m,16,finger_joint,ring,finger_e16_pinky_j2_m0d050,,,,,,P035,m,0.003255861908977422
P035,,,,fingertip_orientation_error_rad,16,finger_joint,ring,finger_e16_pinky_j2_m0d050,,,,,,P035,rad,0.3168501207380725
P035,,,,wrist_to_tip_vector_error_m,16,finger_joint,ring,finger_e16_pinky_j2_m0d050,,,,,,P035,m,0.041544722676082044
P035,,,,direct_proximal_orientation_error_rad,16,finger_joint,ring,finger_e16_pinky_j2_m0d050,,,,,,P035,rad,0.16095564839152035
P035,,,,direct_distal_orientation_error_rad,16,finger_joint,ring,finger_e16_pinky_j2_m0d050,,,,,,P035,rad,0.429750722905554
P035,,,,thumb_to_tip_vector_error_m,16,finger_joint,ring,finger_e16_pinky_j2_m0d050,,,,,,P035,m,0.01740530754731705
P035,,,,global_E_bone_diagnostic,16,finger_joint,ring,finger_e16_pinky_j2_m0d050,,,,,,P035,squared_direction,0.28832738740145997
P035,,,,near_interaction_position_error_m,16,finger_joint,ring,finger_e16_pinky_j2_m0d050,proximal,,,,,P035,m,0.017616994112625597
P035,,,,near_interaction_orientation_error_rad,16,finger_joint,ring,finger_e16_pinky_j2_m0d050,proximal,,,,,P035,rad,0.13528954104046378
P035,,,,native_surface_unsigned_distance_m,16,finger_joint,ring,finger_e16_pinky_j2_m0d050,proximal,,,,,P035,m,0.04700838391296541
P035,-0.15641927,-0.07633295000000001,0.01615201,native_surface_signed_distance_m,16,finger_joint,ring,finger_e16_pinky_j2_m0d050,proximal,-0.1951084710944585,-0.09209463511619326,0.03770434535093747,True,P035,m,-0.04700838029384613
P035,,,,near_interaction_position_error_m,16,finger_joint,ring,finger_e16_pinky_j2_m0d050,distal,,,,,P035,m,0.004206687777021871
P035,,,,near_interaction_orientation_error_rad,16,finger_joint,ring,finger_e16_pinky_j2_m0d050,distal,,,,,P035,rad,0.317741963231769
P035,,,,native_surface_unsigned_distance_m,16,finger_joint,ring,finger_e16_pinky_j2_m0d050,distal,,,,,P035,m,0.019384872276203433
P035,-0.15726245499666458,-0.07493404211332133,0.01529376533577729,native_surface_signed_distance_m,16,finger_joint,ring,finger_e16_pinky_j2_m0d050,distal,-0.17514722123148865,-0.08136966165618727,0.019100497660212403,True,P035,m,-0.019384874030947685
P035,,,,fingertip_position_error_m,16,finger_joint,pinky,finger_e16_pinky_j2_m0d050,,,,,,P035,m,0.023096072583539008
P035,,,,fingertip_orientation_error_rad,16,finger_joint,pinky,finger_e16_pinky_j2_m0d050,,,,,,P035,rad,0.624925224350083
P035,,,,wrist_to_tip_vector_error_m,16,finger_joint,pinky,finger_e16_pinky_j2_m0d050,,,,,,P035,m,0.060591743038651114
P035,,,,direct_proximal_orientation_error_rad,16,finger_joint,pinky,finger_e16_pinky_j2_m0d050,,,,,,P035,rad,0.4816572663313382
P035,,,,direct_distal_orientation_error_rad,16,finger_joint,pinky,finger_e16_pinky_j2_m0d050,,,,,,P035,rad,0.6745246886331481
P035,,,,thumb_to_tip_vector_error_m,16,finger_joint,pinky,finger_e16_pinky_j2_m0d050,,,,,,P035,m,0.03756246956908009
P035,,,,global_E_bone_diagnostic,16,finger_joint,pinky,finger_e16_pinky_j2_m0d050,,,,,,P035,squared_direction,0.8581976742226872
P035,,,,near_interaction_position_error_m,16,finger_joint,pinky,finger_e16_pinky_j2_m0d050,proximal,,,,,P035,m,0.012601084011395485
P035,,,,near_interaction_orientation_error_rad,16,finger_joint,pinky,finger_e16_pinky_j2_m0d050,proximal,,,,,P035,rad,0.4663043373384422
P035,,,,native_surface_unsigned_distance_m,16,finger_joint,pinky,finger_e16_pinky_j2_m0d050,proximal,,,,,P035,m,0.06052198608417899
P035,-0.15744960000000002,-0.07427881,0.01552225,native_surface_signed_distance_m,16,finger_joint,pinky,finger_e16_pinky_j2_m0d050,proximal,-0.21437162476440716,-0.09040872283011588,0.028274497189677568,True,P035,m,-0.06052197888493538
P035,,,,near_interaction_position_error_m,16,finger_joint,pinky,finger_e16_pinky_j2_m0d050,distal,,,,,P035,m,0.02104240194936401
P035,,,,near_interaction_orientation_error_rad,16,finger_joint,pinky,finger_e16_pinky_j2_m0d050,distal,,,,,P035,rad,0.5952936151052465
P035,,,,native_surface_unsigned_distance_m,16,finger_joint,pinky,finger_e16_pinky_j2_m0d050,distal,,,,,P035,m,0.038265942416073236
P035,-0.15875883895820198,-0.06589316696670165,0.014021549957114321,native_surface_signed_distance_m,16,finger_joint,pinky,finger_e16_pinky_j2_m0d050,distal,-0.19694541306771354,-0.06715649612229227,0.011906861749919626,True,P035,m,-0.03826594725251198
P035,,,,global_E_bone_diagnostic,16,finger_joint,ALL,finger_e16_pinky_j2_m0d050,,,,,,P035,squared_direction,2.971031517612605
P035,,,,global_E_IM_diagnostic,16,finger_joint,ALL,finger_e16_pinky_j2_m0d050,,,,,,P035,m_squared,0.00010111443707962425
P036,,,,wrist_orientation_error_rad,16,finger_joint,ALL,finger_e16_pinky_j2_m0d025,,,,,,P036,rad,0.11366784299534578
P036,,,,wrist_tray_position_error_m,16,finger_joint,ALL,finger_e16_pinky_j2_m0d025,,,,,,P036,m,0.038547885580650025
P036,,,,fingertip_position_error_m,16,finger_joint,thumb,finger_e16_pinky_j2_m0d025,,,,,,P036,m,0.012061002294226433
P036,,,,fingertip_orientation_error_rad,16,finger_joint,thumb,finger_e16_pinky_j2_m0d025,,,,,,P036,rad,0.2013175537461058
P036,,,,wrist_to_tip_vector_error_m,16,finger_joint,thumb,finger_e16_pinky_j2_m0d025,,,,,,P036,m,0.028237143397511155
P036,,,,direct_proximal_orientation_error_rad,16,finger_joint,thumb,finger_e16_pinky_j2_m0d025,,,,,,P036,rad,0.8411673548002649
P036,,,,direct_distal_orientation_error_rad,16,finger_joint,thumb,finger_e16_pinky_j2_m0d025,,,,,,P036,rad,0.1549332603333245
P036,,,,thumb_to_tip_vector_error_m,16,finger_joint,thumb,finger_e16_pinky_j2_m0d025,,,,,,P036,m,0.0
P036,,,,global_E_bone_diagnostic,16,finger_joint,thumb,finger_e16_pinky_j2_m0d025,,,,,,P036,squared_direction,0.7799296601533445
P036,,,,fingertip_position_error_m,16,finger_joint,index,finger_e16_pinky_j2_m0d025,,,,,,P036,m,0.007632765058820055
P036,,,,fingertip_orientation_error_rad,16,finger_joint,index,finger_e16_pinky_j2_m0d025,,,,,,P036,rad,0.2664737074622685
P036,,,,wrist_to_tip_vector_error_m,16,finger_joint,index,finger_e16_pinky_j2_m0d025,,,,,,P036,m,0.0356683152417791
P036,,,,direct_proximal_orientation_error_rad,16,finger_joint,index,finger_e16_pinky_j2_m0d025,,,,,,P036,rad,0.7769446674412045
P036,,,,direct_distal_orientation_error_rad,16,finger_joint,index,finger_e16_pinky_j2_m0d025,,,,,,P036,rad,1.0210170756410597
P036,,,,thumb_to_tip_vector_error_m,16,finger_joint,index,finger_e16_pinky_j2_m0d025,,,,,,P036,m,0.008232135776299762
P036,,,,global_E_bone_diagnostic,16,finger_joint,index,finger_e16_pinky_j2_m0d025,,,,,,P036,squared_direction,0.9678792325969354
P036,,,,fingertip_position_error_m,16,finger_joint,middle,finger_e16_pinky_j2_m0d025,,,,,,P036,m,0.011403684845945278
P036,,,,fingertip_orientation_error_rad,16,finger_joint,middle,finger_e16_pinky_j2_m0d025,,,,,,P036,rad,0.20945278666267808
P036,,,,wrist_to_tip_vector_error_m,16,finger_joint,middle,finger_e16_pinky_j2_m0d025,,,,,,P036,m,0.030380911627815057
P036,,,,direct_proximal_orientation_error_rad,16,finger_joint,middle,finger_e16_pinky_j2_m0d025,,,,,,P036,rad,0.13041996328043734
P036,,,,direct_distal_orientation_error_rad,16,finger_joint,middle,finger_e16_pinky_j2_m0d025,,,,,,P036,rad,0.15656594711239927
P036,,,,thumb_to_tip_vector_error_m,16,finger_joint,middle,finger_e16_pinky_j2_m0d025,,,,,,P036,m,0.01259179085136777
P036,,,,global_E_bone_diagnostic,16,finger_joint,middle,finger_e16_pinky_j2_m0d025,,,,,,P036,squared_direction,0.07669756323817827
P036,,,,fingertip_position_error_m,16,finger_joint,ring,finger_e16_pinky_j2_m0d025,,,,,,P036,m,0.003255861908977422
P036,,,,fingertip_orientation_error_rad,16,finger_joint,ring,finger_e16_pinky_j2_m0d025,,,,,,P036,rad,0.3168501207380725
P036,,,,wrist_to_tip_vector_error_m,16,finger_joint,ring,finger_e16_pinky_j2_m0d025,,,,,,P036,m,0.041544722676082044
P036,,,,direct_proximal_orientation_error_rad,16,finger_joint,ring,finger_e16_pinky_j2_m0d025,,,,,,P036,rad,0.16095564839152035
P036,,,,direct_distal_orientation_error_rad,16,finger_joint,ring,finger_e16_pinky_j2_m0d025,,,,,,P036,rad,0.429750722905554
P036,,,,thumb_to_tip_vector_error_m,16,finger_joint,ring,finger_e16_pinky_j2_m0d025,,,,,,P036,m,0.01740530754731705
P036,,,,global_E_bone_diagnostic,16,finger_joint,ring,finger_e16_pinky_j2_m0d025,,,,,,P036,squared_direction,0.28832738740145997
P036,,,,near_interaction_position_error_m,16,finger_joint,ring,finger_e16_pinky_j2_m0d025,proximal,,,,,P036,m,0.017616994112625597
P036,,,,near_interaction_orientation_error_rad,16,finger_joint,ring,finger_e16_pinky_j2_m0d025,proximal,,,,,P036,rad,0.13528954104046378
P036,,,,native_surface_unsigned_distance_m,16,finger_joint,ring,finger_e16_pinky_j2_m0d025,proximal,,,,,P036,m,0.04700838391296541
P036,-0.15641927,-0.07633295000000001,0.01615201,native_surface_signed_distance_m,16,finger_joint,ring,finger_e16_pinky_j2_m0d025,proximal,-0.1951084710944585,-0.09209463511619326,0.03770434535093747,True,P036,m,-0.04700838029384613
P036,,,,near_interaction_position_error_m,16,finger_joint,ring,finger_e16_pinky_j2_m0d025,distal,,,,,P036,m,0.004206687777021871
P036,,,,near_interaction_orientation_error_rad,16,finger_joint,ring,finger_e16_pinky_j2_m0d025,distal,,,,,P036,rad,0.317741963231769
P036,,,,native_surface_unsigned_distance_m,16,finger_joint,ring,finger_e16_pinky_j2_m0d025,distal,,,,,P036,m,0.019384872276203433
P036,-0.15726245499666458,-0.07493404211332133,0.01529376533577729,native_surface_signed_distance_m,16,finger_joint,ring,finger_e16_pinky_j2_m0d025,distal,-0.17514722123148865,-0.08136966165618727,0.019100497660212403,True,P036,m,-0.019384874030947685
P036,,,,fingertip_position_error_m,16,finger_joint,pinky,finger_e16_pinky_j2_m0d025,,,,,,P036,m,0.021945408700628777
P036,,,,fingertip_orientation_error_rad,16,finger_joint,pinky,finger_e16_pinky_j2_m0d025,,,,,,P036,rad,0.6234049512414748
P036,,,,wrist_to_tip_vector_error_m,16,finger_joint,pinky,finger_e16_pinky_j2_m0d025,,,,,,P036,m,0.059348469080873
P036,,,,direct_proximal_orientation_error_rad,16,finger_joint,pinky,finger_e16_pinky_j2_m0d025,,,,,,P036,rad,0.4816572663313382
P036,,,,direct_distal_orientation_error_rad,16,finger_joint,pinky,finger_e16_pinky_j2_m0d025,,,,,,P036,rad,0.6743345088397067
P036,,,,thumb_to_tip_vector_error_m,16,finger_joint,pinky,finger_e16_pinky_j2_m0d025,,,,,,P036,m,0.03634037084094248
P036,,,,global_E_bone_diagnostic,16,finger_joint,pinky,finger_e16_pinky_j2_m0d025,,,,,,P036,squared_direction,0.8762884397230066
P036,,,,near_interaction_position_error_m,16,finger_joint,pinky,finger_e16_pinky_j2_m0d025,proximal,,,,,P036,m,0.012601084011395485
P036,,,,near_interaction_orientation_error_rad,16,finger_joint,pinky,finger_e16_pinky_j2_m0d025,proximal,,,,,P036,rad,0.4663043373384422
P036,,,,native_surface_unsigned_distance_m,16,finger_joint,pinky,finger_e16_pinky_j2_m0d025,proximal,,,,,P036,m,0.06052198608417899
P036,-0.15744960000000002,-0.07427881,0.01552225,native_surface_signed_distance_m,16,finger_joint,pinky,finger_e16_pinky_j2_m0d025,proximal,-0.21437162476440716,-0.09040872283011588,0.028274497189677568,True,P036,m,-0.06052197888493538
P036,,,,near_interaction_position_error_m,16,finger_joint,pinky,finger_e16_pinky_j2_m0d025,distal,,,,,P036,m,0.02042681298603309
P036,,,,near_interaction_orientation_error_rad,16,finger_joint,pinky,finger_e16_pinky_j2_m0d025,distal,,,,,P036,rad,0.5921119657297961
P036,,,,native_surface_unsigned_distance_m,16,finger_joint,pinky,finger_e16_pinky_j2_m0d025,distal,,,,,P036,m,0.038381237451786586
P036,-0.15873744734331255,-0.06652779492990128,0.014014395957587257,native_surface_signed_distance_m,16,finger_joint,pinky,finger_e16_pinky_j2_m0d025,distal,-0.19704505278722345,-0.0677963913784042,0.012005063597095595,True,P036,m,-0.03838123753666878
P036,,,,global_E_bone_diagnostic,16,finger_joint,ALL,finger_e16_pinky_j2_m0d025,,,,,,P036,squared_direction,2.9891222831129247
P036,,,,global_E_IM_diagnostic,16,finger_joint,ALL,finger_e16_pinky_j2_m0d025,,,,,,P036,m_squared,0.0001003054892926654
P037,,,,wrist_orientation_error_rad,16,finger_joint,ALL,finger_e16_pinky_j2_p0d000,,,,,,P037,rad,0.11366784299534578
P037,,,,wrist_tray_position_error_m,16,finger_joint,ALL,finger_e16_pinky_j2_p0d000,,,,,,P037,m,0.038547885580650025
P037,,,,fingertip_position_error_m,16,finger_joint,thumb,finger_e16_pinky_j2_p0d000,,,,,,P037,m,0.012061002294226433
P037,,,,fingertip_orientation_error_rad,16,finger_joint,thumb,finger_e16_pinky_j2_p0d000,,,,,,P037,rad,0.2013175537461058
P037,,,,wrist_to_tip_vector_error_m,16,finger_joint,thumb,finger_e16_pinky_j2_p0d000,,,,,,P037,m,0.028237143397511155
P037,,,,direct_proximal_orientation_error_rad,16,finger_joint,thumb,finger_e16_pinky_j2_p0d000,,,,,,P037,rad,0.8411673548002649
P037,,,,direct_distal_orientation_error_rad,16,finger_joint,thumb,finger_e16_pinky_j2_p0d000,,,,,,P037,rad,0.1549332603333245
P037,,,,thumb_to_tip_vector_error_m,16,finger_joint,thumb,finger_e16_pinky_j2_p0d000,,,,,,P037,m,0.0
P037,,,,global_E_bone_diagnostic,16,finger_joint,thumb,finger_e16_pinky_j2_p0d000,,,,,,P037,squared_direction,0.7799296601533445
P037,,,,fingertip_position_error_m,16,finger_joint,index,finger_e16_pinky_j2_p0d000,,,,,,P037,m,0.007632765058820055
P037,,,,fingertip_orientation_error_rad,16,finger_joint,index,finger_e16_pinky_j2_p0d000,,,,,,P037,rad,0.2664737074622685
P037,,,,wrist_to_tip_vector_error_m,16,finger_joint,index,finger_e16_pinky_j2_p0d000,,,,,,P037,m,0.0356683152417791
P037,,,,direct_proximal_orientation_error_rad,16,finger_joint,index,finger_e16_pinky_j2_p0d000,,,,,,P037,rad,0.7769446674412045
P037,,,,direct_distal_orientation_error_rad,16,finger_joint,index,finger_e16_pinky_j2_p0d000,,,,,,P037,rad,1.0210170756410597
P037,,,,thumb_to_tip_vector_error_m,16,finger_joint,index,finger_e16_pinky_j2_p0d000,,,,,,P037,m,0.008232135776299762
P037,,,,global_E_bone_diagnostic,16,finger_joint,index,finger_e16_pinky_j2_p0d000,,,,,,P037,squared_direction,0.9678792325969354
P037,,,,fingertip_position_error_m,16,finger_joint,middle,finger_e16_pinky_j2_p0d000,,,,,,P037,m,0.011403684845945278
P037,,,,fingertip_orientation_error_rad,16,finger_joint,middle,finger_e16_pinky_j2_p0d000,,,,,,P037,rad,0.20945278666267808
P037,,,,wrist_to_tip_vector_error_m,16,finger_joint,middle,finger_e16_pinky_j2_p0d000,,,,,,P037,m,0.030380911627815057
P037,,,,direct_proximal_orientation_error_rad,16,finger_joint,middle,finger_e16_pinky_j2_p0d000,,,,,,P037,rad,0.13041996328043734
P037,,,,direct_distal_orientation_error_rad,16,finger_joint,middle,finger_e16_pinky_j2_p0d000,,,,,,P037,rad,0.15656594711239927
P037,,,,thumb_to_tip_vector_error_m,16,finger_joint,middle,finger_e16_pinky_j2_p0d000,,,,,,P037,m,0.01259179085136777
P037,,,,global_E_bone_diagnostic,16,finger_joint,middle,finger_e16_pinky_j2_p0d000,,,,,,P037,squared_direction,0.07669756323817827
P037,,,,fingertip_position_error_m,16,finger_joint,ring,finger_e16_pinky_j2_p0d000,,,,,,P037,m,0.003255861908977422
P037,,,,fingertip_orientation_error_rad,16,finger_joint,ring,finger_e16_pinky_j2_p0d000,,,,,,P037,rad,0.3168501207380725
P037,,,,wrist_to_tip_vector_error_m,16,finger_joint,ring,finger_e16_pinky_j2_p0d000,,,,,,P037,m,0.041544722676082044
P037,,,,direct_proximal_orientation_error_rad,16,finger_joint,ring,finger_e16_pinky_j2_p0d000,,,,,,P037,rad,0.16095564839152035
P037,,,,direct_distal_orientation_error_rad,16,finger_joint,ring,finger_e16_pinky_j2_p0d000,,,,,,P037,rad,0.429750722905554
P037,,,,thumb_to_tip_vector_error_m,16,finger_joint,ring,finger_e16_pinky_j2_p0d000,,,,,,P037,m,0.01740530754731705
P037,,,,global_E_bone_diagnostic,16,finger_joint,ring,finger_e16_pinky_j2_p0d000,,,,,,P037,squared_direction,0.28832738740145997
P037,,,,near_interaction_position_error_m,16,finger_joint,ring,finger_e16_pinky_j2_p0d000,proximal,,,,,P037,m,0.017616994112625597
P037,,,,near_interaction_orientation_error_rad,16,finger_joint,ring,finger_e16_pinky_j2_p0d000,proximal,,,,,P037,rad,0.13528954104046378
P037,,,,native_surface_unsigned_distance_m,16,finger_joint,ring,finger_e16_pinky_j2_p0d000,proximal,,,,,P037,m,0.04700838391296541
P037,-0.15641927,-0.07633295000000001,0.01615201,native_surface_signed_distance_m,16,finger_joint,ring,finger_e16_pinky_j2_p0d000,proximal,-0.1951084710944585,-0.09209463511619326,0.03770434535093747,True,P037,m,-0.04700838029384613
P037,,,,near_interaction_position_error_m,16,finger_joint,ring,finger_e16_pinky_j2_p0d000,distal,,,,,P037,m,0.004206687777021871
P037,,,,near_interaction_orientation_error_rad,16,finger_joint,ring,finger_e16_pinky_j2_p0d000,distal,,,,,P037,rad,0.317741963231769
P037,,,,native_surface_unsigned_distance_m,16,finger_joint,ring,finger_e16_pinky_j2_p0d000,distal,,,,,P037,m,0.019384872276203433
P037,-0.15726245499666458,-0.07493404211332133,0.01529376533577729,native_surface_signed_distance_m,16,finger_joint,ring,finger_e16_pinky_j2_p0d000,distal,-0.17514722123148865,-0.08136966165618727,0.019100497660212403,True,P037,m,-0.019384874030947685
P037,,,,fingertip_position_error_m,16,finger_joint,pinky,finger_e16_pinky_j2_p0d000,,,,,,P037,m,0.02080561573391404
P037,,,,fingertip_orientation_error_rad,16,finger_joint,pinky,finger_e16_pinky_j2_p0d000,,,,,,P037,rad,0.6254548092340385
P037,,,,wrist_to_tip_vector_error_m,16,finger_joint,pinky,finger_e16_pinky_j2_p0d000,,,,,,P037,m,0.05812356982358867
P037,,,,direct_proximal_orientation_error_rad,16,finger_joint,pinky,finger_e16_pinky_j2_p0d000,,,,,,P037,rad,0.4816572663313382
P037,,,,direct_distal_orientation_error_rad,16,finger_joint,pinky,finger_e16_pinky_j2_p0d000,,,,,,P037,rad,0.6770216403994233
P037,,,,thumb_to_tip_vector_error_m,16,finger_joint,pinky,finger_e16_pinky_j2_p0d000,,,,,,P037,m,0.03511859913983375
P037,,,,global_E_bone_diagnostic,16,finger_joint,pinky,finger_e16_pinky_j2_p0d000,,,,,,P037,squared_direction,0.895943946996847
P037,,,,near_interaction_position_error_m,16,finger_joint,pinky,finger_e16_pinky_j2_p0d000,proximal,,,,,P037,m,0.012601084011395485
P037,,,,near_interaction_orientation_error_rad,16,finger_joint,pinky,finger_e16_pinky_j2_p0d000,proximal,,,,,P037,rad,0.4663043373384422
P037,,,,native_surface_unsigned_distance_m,16,finger_joint,pinky,finger_e16_pinky_j2_p0d000,proximal,,,,,P037,m,0.06052198608417899
P037,-0.15744960000000002,-0.07427881,0.01552225,native_surface_signed_distance_m,16,finger_joint,pinky,finger_e16_pinky_j2_p0d000,proximal,-0.21437162476440716,-0.09040872283011588,0.028274497189677568,True,P037,m,-0.06052197888493538
P037,,,,near_interaction_position_error_m,16,finger_joint,pinky,finger_e16_pinky_j2_p0d000,distal,,,,,P037,m,0.019820760048716177
P037,,,,near_interaction_orientation_error_rad,16,finger_joint,pinky,finger_e16_pinky_j2_p0d000,distal,,,,,P037,rad,0.5923475153072228
P037,,,,native_surface_unsigned_distance_m,16,finger_joint,pinky,finger_e16_pinky_j2_p0d000,distal,,,,,P037,m,0.03851798323007318
P037,-0.158716339727623,-0.06715399745001509,0.014007336935935965,native_surface_signed_distance_m,16,finger_joint,pinky,finger_e16_pinky_j2_p0d000,distal,-0.1971671242201964,-0.06842884033174225,0.012123994257402211,True,P037,m,-0.038517989218235016
P037,,,,global_E_bone_diagnostic,16,finger_joint,ALL,finger_e16_pinky_j2_p0d000,,,,,,P037,squared_direction,3.008777790386765
P037,,,,global_E_IM_diagnostic,16,finger_joint,ALL,finger_e16_pinky_j2_p0d000,,,,,,P037,m_squared,9.95759989338723e-05
P038,,,,wrist_orientation_error_rad,16,finger_joint,ALL,finger_e16_pinky_j2_p0d025,,,,,,P038,rad,0.11366784299534578
P038,,,,wrist_tray_position_error_m,16,finger_joint,ALL,finger_e16_pinky_j2_p0d025,,,,,,P038,m,0.038547885580650025
P038,,,,fingertip_position_error_m,16,finger_joint,thumb,finger_e16_pinky_j2_p0d025,,,,,,P038,m,0.012061002294226433
P038,,,,fingertip_orientation_error_rad,16,finger_joint,thumb,finger_e16_pinky_j2_p0d025,,,,,,P038,rad,0.2013175537461058
P038,,,,wrist_to_tip_vector_error_m,16,finger_joint,thumb,finger_e16_pinky_j2_p0d025,,,,,,P038,m,0.028237143397511155
P038,,,,direct_proximal_orientation_error_rad,16,finger_joint,thumb,finger_e16_pinky_j2_p0d025,,,,,,P038,rad,0.8411673548002649
P038,,,,direct_distal_orientation_error_rad,16,finger_joint,thumb,finger_e16_pinky_j2_p0d025,,,,,,P038,rad,0.1549332603333245
P038,,,,thumb_to_tip_vector_error_m,16,finger_joint,thumb,finger_e16_pinky_j2_p0d025,,,,,,P038,m,0.0
P038,,,,global_E_bone_diagnostic,16,finger_joint,thumb,finger_e16_pinky_j2_p0d025,,,,,,P038,squared_direction,0.7799296601533445
P038,,,,fingertip_position_error_m,16,finger_joint,index,finger_e16_pinky_j2_p0d025,,,,,,P038,m,0.007632765058820055
P038,,,,fingertip_orientation_error_rad,16,finger_joint,index,finger_e16_pinky_j2_p0d025,,,,,,P038,rad,0.2664737074622685
P038,,,,wrist_to_tip_vector_error_m,16,finger_joint,index,finger_e16_pinky_j2_p0d025,,,,,,P038,m,0.0356683152417791
P038,,,,direct_proximal_orientation_error_rad,16,finger_joint,index,finger_e16_pinky_j2_p0d025,,,,,,P038,rad,0.7769446674412045
P038,,,,direct_distal_orientation_error_rad,16,finger_joint,index,finger_e16_pinky_j2_p0d025,,,,,,P038,rad,1.0210170756410597
P038,,,,thumb_to_tip_vector_error_m,16,finger_joint,index,finger_e16_pinky_j2_p0d025,,,,,,P038,m,0.008232135776299762
P038,,,,global_E_bone_diagnostic,16,finger_joint,index,finger_e16_pinky_j2_p0d025,,,,,,P038,squared_direction,0.9678792325969354
P038,,,,fingertip_position_error_m,16,finger_joint,middle,finger_e16_pinky_j2_p0d025,,,,,,P038,m,0.011403684845945278
P038,,,,fingertip_orientation_error_rad,16,finger_joint,middle,finger_e16_pinky_j2_p0d025,,,,,,P038,rad,0.20945278666267808
P038,,,,wrist_to_tip_vector_error_m,16,finger_joint,middle,finger_e16_pinky_j2_p0d025,,,,,,P038,m,0.030380911627815057
P038,,,,direct_proximal_orientation_error_rad,16,finger_joint,middle,finger_e16_pinky_j2_p0d025,,,,,,P038,rad,0.13041996328043734
P038,,,,direct_distal_orientation_error_rad,16,finger_joint,middle,finger_e16_pinky_j2_p0d025,,,,,,P038,rad,0.15656594711239927
P038,,,,thumb_to_tip_vector_error_m,16,finger_joint,middle,finger_e16_pinky_j2_p0d025,,,,,,P038,m,0.01259179085136777
P038,,,,global_E_bone_diagnostic,16,finger_joint,middle,finger_e16_pinky_j2_p0d025,,,,,,P038,squared_direction,0.07669756323817827
P038,,,,fingertip_position_error_m,16,finger_joint,ring,finger_e16_pinky_j2_p0d025,,,,,,P038,m,0.003255861908977422
P038,,,,fingertip_orientation_error_rad,16,finger_joint,ring,finger_e16_pinky_j2_p0d025,,,,,,P038,rad,0.3168501207380725
P038,,,,wrist_to_tip_vector_error_m,16,finger_joint,ring,finger_e16_pinky_j2_p0d025,,,,,,P038,m,0.041544722676082044
P038,,,,direct_proximal_orientation_error_rad,16,finger_joint,ring,finger_e16_pinky_j2_p0d025,,,,,,P038,rad,0.16095564839152035
P038,,,,direct_distal_orientation_error_rad,16,finger_joint,ring,finger_e16_pinky_j2_p0d025,,,,,,P038,rad,0.429750722905554
P038,,,,thumb_to_tip_vector_error_m,16,finger_joint,ring,finger_e16_pinky_j2_p0d025,,,,,,P038,m,0.01740530754731705
P038,,,,global_E_bone_diagnostic,16,finger_joint,ring,finger_e16_pinky_j2_p0d025,,,,,,P038,squared_direction,0.28832738740145997
P038,,,,near_interaction_position_error_m,16,finger_joint,ring,finger_e16_pinky_j2_p0d025,proximal,,,,,P038,m,0.017616994112625597
P038,,,,near_interaction_orientation_error_rad,16,finger_joint,ring,finger_e16_pinky_j2_p0d025,proximal,,,,,P038,rad,0.13528954104046378
P038,,,,native_surface_unsigned_distance_m,16,finger_joint,ring,finger_e16_pinky_j2_p0d025,proximal,,,,,P038,m,0.04700838391296541
P038,-0.15641927,-0.07633295000000001,0.01615201,native_surface_signed_distance_m,16,finger_joint,ring,finger_e16_pinky_j2_p0d025,proximal,-0.1951084710944585,-0.09209463511619326,0.03770434535093747,True,P038,m,-0.04700838029384613
P038,,,,near_interaction_position_error_m,16,finger_joint,ring,finger_e16_pinky_j2_p0d025,distal,,,,,P038,m,0.004206687777021871
P038,,,,near_interaction_orientation_error_rad,16,finger_joint,ring,finger_e16_pinky_j2_p0d025,distal,,,,,P038,rad,0.317741963231769
P038,,,,native_surface_unsigned_distance_m,16,finger_joint,ring,finger_e16_pinky_j2_p0d025,distal,,,,,P038,m,0.019384872276203433
P038,-0.15726245499666458,-0.07493404211332133,0.01529376533577729,native_surface_signed_distance_m,16,finger_joint,ring,finger_e16_pinky_j2_p0d025,distal,-0.17514722123148865,-0.08136966165618727,0.019100497660212403,True,P038,m,-0.019384874030947685
P038,,,,fingertip_position_error_m,16,finger_joint,pinky,finger_e16_pinky_j2_p0d025,,,,,,P038,m,0.019681434502028382
P038,,,,fingertip_orientation_error_rad,16,finger_joint,pinky,finger_e16_pinky_j2_p0d025,,,,,,P038,rad,0.6310399771509401
P038,,,,wrist_to_tip_vector_error_m,16,finger_joint,pinky,finger_e16_pinky_j2_p0d025,,,,,,P038,m,0.05692114323353525
P038,,,,direct_proximal_orientation_error_rad,16,finger_joint,pinky,finger_e16_pinky_j2_p0d025,,,,,,P038,rad,0.4816572663313382
P038,,,,direct_distal_orientation_error_rad,16,finger_joint,pinky,finger_e16_pinky_j2_p0d025,,,,,,P038,rad,0.6825513060931865
P038,,,,thumb_to_tip_vector_error_m,16,finger_joint,pinky,finger_e16_pinky_j2_p0d025,,,,,,P038,m,0.033900156251199735
P038,,,,global_E_bone_diagnostic,16,finger_joint,pinky,finger_e16_pinky_j2_p0d025,,,,,,P038,squared_direction,0.9171189184497576
P038,,,,near_interaction_position_error_m,16,finger_joint,pinky,finger_e16_pinky_j2_p0d025,proximal,,,,,P038,m,0.012601084011395485
P038,,,,near_interaction_orientation_error_rad,16,finger_joint,pinky,finger_e16_pinky_j2_p0d025,proximal,,,,,P038,rad,0.4663043373384422
P038,,,,native_surface_unsigned_distance_m,16,finger_joint,pinky,finger_e16_pinky_j2_p0d025,proximal,,,,,P038,m,0.06052198608417899
P038,-0.15744960000000002,-0.07427881,0.01552225,native_surface_signed_distance_m,16,finger_joint,pinky,finger_e16_pinky_j2_p0d025,proximal,-0.21437162476440716,-0.09040872283011588,0.028274497189677568,True,P038,m,-0.06052197888493538
P038,,,,near_interaction_position_error_m,16,finger_joint,pinky,finger_e16_pinky_j2_p0d025,distal,,,,,P038,m,0.019226606278089586
P038,,,,near_interaction_orientation_error_rad,16,finger_joint,pinky,finger_e16_pinky_j2_p0d025,distal,,,,,P038,rad,0.5959961591702349
P038,,,,native_surface_unsigned_distance_m,16,finger_joint,pinky,finger_e16_pinky_j2_p0d025,distal,,,,,P038,m,0.03867608356616686
P038,-0.15869556473374324,-0.06777033203342729,0.014000389153023887,native_surface_signed_distance_m,16,finger_joint,pinky,finger_e16_pinky_j2_p0d025,distal,-0.1973113461680471,-0.0690523860996715,0.012263379767205007,True,P038,m,-0.038676079362630844
P038,,,,global_E_bone_diagnostic,16,finger_joint,ALL,finger_e16_pinky_j2_p0d025,,,,,,P038,squared_direction,3.0299527618396755
P038,,,,global_E_IM_diagnostic,16,finger_joint,ALL,finger_e16_pinky_j2_p0d025,,,,,,P038,m_squared,9.892764642635313e-05
P039,,,,wrist_orientation_error_rad,16,finger_joint,ALL,finger_e16_pinky_j2_p0d050,,,,,,P039,rad,0.11366784299534578
P039,,,,wrist_tray_position_error_m,16,finger_joint,ALL,finger_e16_pinky_j2_p0d050,,,,,,P039,m,0.038547885580650025
P039,,,,fingertip_position_error_m,16,finger_joint,thumb,finger_e16_pinky_j2_p0d050,,,,,,P039,m,0.012061002294226433
P039,,,,fingertip_orientation_error_rad,16,finger_joint,thumb,finger_e16_pinky_j2_p0d050,,,,,,P039,rad,0.2013175537461058
P039,,,,wrist_to_tip_vector_error_m,16,finger_joint,thumb,finger_e16_pinky_j2_p0d050,,,,,,P039,m,0.028237143397511155
P039,,,,direct_proximal_orientation_error_rad,16,finger_joint,thumb,finger_e16_pinky_j2_p0d050,,,,,,P039,rad,0.8411673548002649
P039,,,,direct_distal_orientation_error_rad,16,finger_joint,thumb,finger_e16_pinky_j2_p0d050,,,,,,P039,rad,0.1549332603333245
P039,,,,thumb_to_tip_vector_error_m,16,finger_joint,thumb,finger_e16_pinky_j2_p0d050,,,,,,P039,m,0.0
P039,,,,global_E_bone_diagnostic,16,finger_joint,thumb,finger_e16_pinky_j2_p0d050,,,,,,P039,squared_direction,0.7799296601533445
P039,,,,fingertip_position_error_m,16,finger_joint,index,finger_e16_pinky_j2_p0d050,,,,,,P039,m,0.007632765058820055
P039,,,,fingertip_orientation_error_rad,16,finger_joint,index,finger_e16_pinky_j2_p0d050,,,,,,P039,rad,0.2664737074622685
P039,,,,wrist_to_tip_vector_error_m,16,finger_joint,index,finger_e16_pinky_j2_p0d050,,,,,,P039,m,0.0356683152417791
P039,,,,direct_proximal_orientation_error_rad,16,finger_joint,index,finger_e16_pinky_j2_p0d050,,,,,,P039,rad,0.7769446674412045
P039,,,,direct_distal_orientation_error_rad,16,finger_joint,index,finger_e16_pinky_j2_p0d050,,,,,,P039,rad,1.0210170756410597
P039,,,,thumb_to_tip_vector_error_m,16,finger_joint,index,finger_e16_pinky_j2_p0d050,,,,,,P039,m,0.008232135776299762
P039,,,,global_E_bone_diagnostic,16,finger_joint,index,finger_e16_pinky_j2_p0d050,,,,,,P039,squared_direction,0.9678792325969354
P039,,,,fingertip_position_error_m,16,finger_joint,middle,finger_e16_pinky_j2_p0d050,,,,,,P039,m,0.011403684845945278
P039,,,,fingertip_orientation_error_rad,16,finger_joint,middle,finger_e16_pinky_j2_p0d050,,,,,,P039,rad,0.20945278666267808
P039,,,,wrist_to_tip_vector_error_m,16,finger_joint,middle,finger_e16_pinky_j2_p0d050,,,,,,P039,m,0.030380911627815057
P039,,,,direct_proximal_orientation_error_rad,16,finger_joint,middle,finger_e16_pinky_j2_p0d050,,,,,,P039,rad,0.13041996328043734
P039,,,,direct_distal_orientation_error_rad,16,finger_joint,middle,finger_e16_pinky_j2_p0d050,,,,,,P039,rad,0.15656594711239927
P039,,,,thumb_to_tip_vector_error_m,16,finger_joint,middle,finger_e16_pinky_j2_p0d050,,,,,,P039,m,0.01259179085136777
P039,,,,global_E_bone_diagnostic,16,finger_joint,middle,finger_e16_pinky_j2_p0d050,,,,,,P039,squared_direction,0.07669756323817827
P039,,,,fingertip_position_error_m,16,finger_joint,ring,finger_e16_pinky_j2_p0d050,,,,,,P039,m,0.003255861908977422
P039,,,,fingertip_orientation_error_rad,16,finger_joint,ring,finger_e16_pinky_j2_p0d050,,,,,,P039,rad,0.3168501207380725
P039,,,,wrist_to_tip_vector_error_m,16,finger_joint,ring,finger_e16_pinky_j2_p0d050,,,,,,P039,m,0.041544722676082044
P039,,,,direct_proximal_orientation_error_rad,16,finger_joint,ring,finger_e16_pinky_j2_p0d050,,,,,,P039,rad,0.16095564839152035
P039,,,,direct_distal_orientation_error_rad,16,finger_joint,ring,finger_e16_pinky_j2_p0d050,,,,,,P039,rad,0.429750722905554
P039,,,,thumb_to_tip_vector_error_m,16,finger_joint,ring,finger_e16_pinky_j2_p0d050,,,,,,P039,m,0.01740530754731705
P039,,,,global_E_bone_diagnostic,16,finger_joint,ring,finger_e16_pinky_j2_p0d050,,,,,,P039,squared_direction,0.28832738740145997
P039,,,,near_interaction_position_error_m,16,finger_joint,ring,finger_e16_pinky_j2_p0d050,proximal,,,,,P039,m,0.017616994112625597
P039,,,,near_interaction_orientation_error_rad,16,finger_joint,ring,finger_e16_pinky_j2_p0d050,proximal,,,,,P039,rad,0.13528954104046378
P039,,,,native_surface_unsigned_distance_m,16,finger_joint,ring,finger_e16_pinky_j2_p0d050,proximal,,,,,P039,m,0.04700838391296541
P039,-0.15641927,-0.07633295000000001,0.01615201,native_surface_signed_distance_m,16,finger_joint,ring,finger_e16_pinky_j2_p0d050,proximal,-0.1951084710944585,-0.09209463511619326,0.03770434535093747,True,P039,m,-0.04700838029384613
P039,,,,near_interaction_position_error_m,16,finger_joint,ring,finger_e16_pinky_j2_p0d050,distal,,,,,P039,m,0.004206687777021871
P039,,,,near_interaction_orientation_error_rad,16,finger_joint,ring,finger_e16_pinky_j2_p0d050,distal,,,,,P039,rad,0.317741963231769
P039,,,,native_surface_unsigned_distance_m,16,finger_joint,ring,finger_e16_pinky_j2_p0d050,distal,,,,,P039,m,0.019384872276203433
P039,-0.15726245499666458,-0.07493404211332133,0.01529376533577729,native_surface_signed_distance_m,16,finger_joint,ring,finger_e16_pinky_j2_p0d050,distal,-0.17514722123148865,-0.08136966165618727,0.019100497660212403,True,P039,m,-0.019384874030947685
P039,,,,fingertip_position_error_m,16,finger_joint,pinky,finger_e16_pinky_j2_p0d050,,,,,,P039,m,0.01857852154865047
P039,,,,fingertip_orientation_error_rad,16,finger_joint,pinky,finger_e16_pinky_j2_p0d050,,,,,,P039,rad,0.6400678323803427
P039,,,,wrist_to_tip_vector_error_m,16,finger_joint,pinky,finger_e16_pinky_j2_p0d050,,,,,,P039,m,0.055745501825717796
P039,,,,direct_proximal_orientation_error_rad,16,finger_joint,pinky,finger_e16_pinky_j2_p0d050,,,,,,P039,rad,0.4816572663313382
P039,,,,direct_distal_orientation_error_rad,16,finger_joint,pinky,finger_e16_pinky_j2_p0d050,,,,,,P039,rad,0.6908536227658292
P039,,,,thumb_to_tip_vector_error_m,16,finger_joint,pinky,finger_e16_pinky_j2_p0d050,,,,,,P039,m,0.03268837769638875
P039,,,,global_E_bone_diagnostic,16,finger_joint,pinky,finger_e16_pinky_j2_p0d050,,,,,,P039,squared_direction,0.9397645763139176
P039,,,,near_interaction_position_error_m,16,finger_joint,pinky,finger_e16_pinky_j2_p0d050,proximal,,,,,P039,m,0.012601084011395485
P039,,,,near_interaction_orientation_error_rad,16,finger_joint,pinky,finger_e16_pinky_j2_p0d050,proximal,,,,,P039,rad,0.4663043373384422
P039,,,,native_surface_unsigned_distance_m,16,finger_joint,pinky,finger_e16_pinky_j2_p0d050,proximal,,,,,P039,m,0.06052198608417899
P039,-0.15744960000000002,-0.07427881,0.01552225,native_surface_signed_distance_m,16,finger_joint,pinky,finger_e16_pinky_j2_p0d050,proximal,-0.21437162476440716,-0.09040872283011588,0.028274497189677568,True,P039,m,-0.06052197888493538
P039,,,,near_interaction_position_error_m,16,finger_joint,pinky,finger_e16_pinky_j2_p0d050,distal,,,,,P039,m,0.01864692231490865
P039,,,,near_interaction_orientation_error_rad,16,finger_joint,pinky,finger_e16_pinky_j2_p0d050,distal,,,,,P039,rad,0.6029951283137978
P039,,,,native_surface_unsigned_distance_m,16,finger_joint,pinky,finger_e16_pinky_j2_p0d050,distal,,,,,P039,m,0.03885563616977517
P039,-0.15867954,-0.06824574,0.01399503,native_surface_signed_distance_m,16,finger_joint,pinky,finger_e16_pinky_j2_p0d050,distal,-0.19747738640720197,-0.06966559230855827,0.01242289904394436,True,P039,m,-0.03885563090443611
P039,,,,global_E_bone_diagnostic,16,finger_joint,ALL,finger_e16_pinky_j2_p0d050,,,,,,P039,squared_direction,3.052598419703836
P039,,,,global_E_IM_diagnostic,16,finger_joint,ALL,finger_e16_pinky_j2_p0d050,,,,,,P039,m_squared,9.836192528749693e-05
P040,,,,wrist_orientation_error_rad,17,finger_joint,ALL,finger_e17_ring_j1_m0d050,,,,,,P040,rad,0.1093293193569973
P040,,,,wrist_tray_position_error_m,17,finger_joint,ALL,finger_e17_ring_j1_m0d050,,,,,,P040,m,0.03795244208235013
P040,,,,fingertip_position_error_m,17,finger_joint,thumb,finger_e17_ring_j1_m0d050,,,,,,P040,m,0.01162584609676707
P040,,,,fingertip_orientation_error_rad,17,finger_joint,thumb,finger_e17_ring_j1_m0d050,,,,,,P040,rad,0.25122328229058577
P040,,,,wrist_to_tip_vector_error_m,17,finger_joint,thumb,finger_e17_ring_j1_m0d050,,,,,,P040,m,0.028703168547039748
P040,,,,direct_proximal_orientation_error_rad,17,finger_joint,thumb,finger_e17_ring_j1_m0d050,,,,,,P040,rad,0.8257322637479504
P040,,,,direct_distal_orientation_error_rad,17,finger_joint,thumb,finger_e17_ring_j1_m0d050,,,,,,P040,rad,0.15527365227031176
P040,,,,thumb_to_tip_vector_error_m,17,finger_joint,thumb,finger_e17_ring_j1_m0d050,,,,,,P040,m,0.0
P040,,,,global_E_bone_diagnostic,17,finger_joint,thumb,finger_e17_ring_j1_m0d050,,,,,,P040,squared_direction,0.7882754025856384
P040,,,,fingertip_position_error_m,17,finger_joint,index,finger_e17_ring_j1_m0d050,,,,,,P040,m,0.007623925438498605
P040,,,,fingertip_orientation_error_rad,17,finger_joint,index,finger_e17_ring_j1_m0d050,,,,,,P040,rad,0.2712015762057116
P040,,,,wrist_to_tip_vector_error_m,17,finger_joint,index,finger_e17_ring_j1_m0d050,,,,,,P040,m,0.03520429388280065
P040,,,,direct_proximal_orientation_error_rad,17,finger_joint,index,finger_e17_ring_j1_m0d050,,,,,,P040,rad,0.7419223728708675
P040,,,,direct_distal_orientation_error_rad,17,finger_joint,index,finger_e17_ring_j1_m0d050,,,,,,P040,rad,1.0561991779985422
P040,,,,thumb_to_tip_vector_error_m,17,finger_joint,index,finger_e17_ring_j1_m0d050,,,,,,P040,m,0.008613004506196214
P040,,,,global_E_bone_diagnostic,17,finger_joint,index,finger_e17_ring_j1_m0d050,,,,,,P040,squared_direction,1.0065896763217124
P040,,,,fingertip_position_error_m,17,finger_joint,middle,finger_e17_ring_j1_m0d050,,,,,,P040,m,0.012904749936062025
P040,,,,fingertip_orientation_error_rad,17,finger_joint,middle,finger_e17_ring_j1_m0d050,,,,,,P040,rad,0.23138012069225133
P040,,,,wrist_to_tip_vector_error_m,17,finger_joint,middle,finger_e17_ring_j1_m0d050,,,,,,P040,m,0.029039613974281536
P040,,,,direct_proximal_orientation_error_rad,17,finger_joint,middle,finger_e17_ring_j1_m0d050,,,,,,P040,rad,0.14175076915850124
P040,,,,direct_distal_orientation_error_rad,17,finger_joint,middle,finger_e17_ring_j1_m0d050,,,,,,P040,rad,0.1695156385662786
P040,,,,thumb_to_tip_vector_error_m,17,finger_joint,middle,finger_e17_ring_j1_m0d050,,,,,,P040,m,0.014528060350980749
P040,,,,global_E_bone_diagnostic,17,finger_joint,middle,finger_e17_ring_j1_m0d050,,,,,,P040,squared_direction,0.0933932451102937
P040,,,,fingertip_position_error_m,17,finger_joint,ring,finger_e17_ring_j1_m0d050,,,,,,P040,m,0.006963063667483294
P040,,,,fingertip_orientation_error_rad,17,finger_joint,ring,finger_e17_ring_j1_m0d050,,,,,,P040,rad,0.3327182718338895
P040,,,,wrist_to_tip_vector_error_m,17,finger_joint,ring,finger_e17_ring_j1_m0d050,,,,,,P040,m,0.0461451489868606
P040,,,,direct_proximal_orientation_error_rad,17,finger_joint,ring,finger_e17_ring_j1_m0d050,,,,,,P040,rad,0.251231121315861
P040,,,,direct_distal_orientation_error_rad,17,finger_joint,ring,finger_e17_ring_j1_m0d050,,,,,,P040,rad,0.44376592406587606
P040,,,,thumb_to_tip_vector_error_m,17,finger_joint,ring,finger_e17_ring_j1_m0d050,,,,,,P040,m,0.01998833498679599
P040,,,,global_E_bone_diagnostic,17,finger_joint,ring,finger_e17_ring_j1_m0d050,,,,,,P040,squared_direction,0.3757139314661104
P040,,,,near_interaction_position_error_m,17,finger_joint,ring,finger_e17_ring_j1_m0d050,proximal,,,,,P040,m,0.015434141971063943
P040,,,,near_interaction_orientation_error_rad,17,finger_joint,ring,finger_e17_ring_j1_m0d050,proximal,,,,,P040,rad,0.22351847789170193
P040,,,,native_surface_unsigned_distance_m,17,finger_joint,ring,finger_e17_ring_j1_m0d050,proximal,,,,,P040,m,0.0554303691989347
P040,-0.15796399,-0.07167661,0.01594565,native_surface_signed_distance_m,17,finger_joint,ring,finger_e17_ring_j1_m0d050,proximal,-0.2084368628710355,-0.08027359962728373,0.03718492265757644,True,P040,m,-0.05543036758899689
P040,,,,near_interaction_position_error_m,17,finger_joint,ring,finger_e17_ring_j1_m0d050,distal,,,,,P040,m,0.009183793440117464
P040,,,,near_interaction_orientation_error_rad,17,finger_joint,ring,finger_e17_ring_j1_m0d050,distal,,,,,P040,rad,0.33741722900850957
P040,,,,native_surface_unsigned_distance_m,17,finger_joint,ring,finger_e17_ring_j1_m0d050,distal,,,,,P040,m,0.0326811724631057
P040,-0.15873219158069027,-0.06582387798634927,0.01494620929407039,native_surface_signed_distance_m,17,finger_joint,ring,finger_e17_ring_j1_m0d050,distal,-0.19124240753510818,-0.06652868351171386,0.018209358284200148,True,P040,m,-0.0326811820268631
P040,,,,fingertip_position_error_m,17,finger_joint,pinky,finger_e17_ring_j1_m0d050,,,,,,P040,m,0.02088266515312787
P040,,,,fingertip_orientation_error_rad,17,finger_joint,pinky,finger_e17_ring_j1_m0d050,,,,,,P040,rad,0.6323450762240629
P040,,,,wrist_to_tip_vector_error_m,17,finger_joint,pinky,finger_e17_ring_j1_m0d050,,,,,,P040,m,0.05794970066050754
P040,,,,direct_proximal_orientation_error_rad,17,finger_joint,pinky,finger_e17_ring_j1_m0d050,,,,,,P040,rad,0.4796646711879634
P040,,,,direct_distal_orientation_error_rad,17,finger_joint,pinky,finger_e17_ring_j1_m0d050,,,,,,P040,rad,0.6835604299212962
P040,,,,thumb_to_tip_vector_error_m,17,finger_joint,pinky,finger_e17_ring_j1_m0d050,,,,,,P040,m,0.03387232720975263
P040,,,,global_E_bone_diagnostic,17,finger_joint,pinky,finger_e17_ring_j1_m0d050,,,,,,P040,squared_direction,0.9095160901538635
P040,,,,near_interaction_position_error_m,17,finger_joint,pinky,finger_e17_ring_j1_m0d050,proximal,,,,,P040,m,0.013345399130147843
P040,,,,near_interaction_orientation_error_rad,17,finger_joint,pinky,finger_e17_ring_j1_m0d050,proximal,,,,,P040,rad,0.46260436011522005
P040,,,,native_surface_unsigned_distance_m,17,finger_joint,pinky,finger_e17_ring_j1_m0d050,proximal,,,,,P040,m,0.0699533069982155
P040,-0.15829793682952395,-0.0709039651832867,0.015112763085351859,native_surface_signed_distance_m,17,finger_joint,pinky,finger_e17_ring_j1_m0d050,proximal,-0.2263189114830149,-0.0821804224040504,0.02692181383992214,True,P040,m,-0.0699533075094223
P040,,,,near_interaction_position_error_m,17,finger_joint,pinky,finger_e17_ring_j1_m0d050,distal,,,,,P040,m,0.02012322224846169
P040,,,,near_interaction_orientation_error_rad,17,finger_joint,pinky,finger_e17_ring_j1_m0d050,distal,,,,,P040,rad,0.5984500630318715
P040,,,,native_surface_unsigned_distance_m,17,finger_joint,pinky,finger_e17_ring_j1_m0d050,distal,,,,,P040,m,0.05284409257795951
P040,-0.15869448813284404,-0.05922731788220683,0.01385350817509941,native_surface_signed_distance_m,17,finger_joint,pinky,finger_e17_ring_j1_m0d050,distal,-0.2113152205793032,-0.06028354076515072,0.009116311703803085,True,P040,m,-0.052844081073999405
P040,,,,global_E_bone_diagnostic,17,finger_joint,ALL,finger_e17_ring_j1_m0d050,,,,,,P040,squared_direction,3.1734883456376184
P040,,,,global_E_IM_diagnostic,17,finger_joint,ALL,finger_e17_ring_j1_m0d050,,,,,,P040,m_squared,0.00010097628917524917
P041,,,,wrist_orientation_error_rad,17,finger_joint,ALL,finger_e17_ring_j1_m0d025,,,,,,P041,rad,0.1093293193569973
P041,,,,wrist_tray_position_error_m,17,finger_joint,ALL,finger_e17_ring_j1_m0d025,,,,,,P041,m,0.03795244208235013
P041,,,,fingertip_position_error_m,17,finger_joint,thumb,finger_e17_ring_j1_m0d025,,,,,,P041,m,0.01162584609676707
P041,,,,fingertip_orientation_error_rad,17,finger_joint,thumb,finger_e17_ring_j1_m0d025,,,,,,P041,rad,0.25122328229058577
P041,,,,wrist_to_tip_vector_error_m,17,finger_joint,thumb,finger_e17_ring_j1_m0d025,,,,,,P041,m,0.028703168547039748
P041,,,,direct_proximal_orientation_error_rad,17,finger_joint,thumb,finger_e17_ring_j1_m0d025,,,,,,P041,rad,0.8257322637479504
P041,,,,direct_distal_orientation_error_rad,17,finger_joint,thumb,finger_e17_ring_j1_m0d025,,,,,,P041,rad,0.15527365227031176
P041,,,,thumb_to_tip_vector_error_m,17,finger_joint,thumb,finger_e17_ring_j1_m0d025,,,,,,P041,m,0.0
P041,,,,global_E_bone_diagnostic,17,finger_joint,thumb,finger_e17_ring_j1_m0d025,,,,,,P041,squared_direction,0.7882754025856384
P041,,,,fingertip_position_error_m,17,finger_joint,index,finger_e17_ring_j1_m0d025,,,,,,P041,m,0.007623925438498605
P041,,,,fingertip_orientation_error_rad,17,finger_joint,index,finger_e17_ring_j1_m0d025,,,,,,P041,rad,0.2712015762057116
P041,,,,wrist_to_tip_vector_error_m,17,finger_joint,index,finger_e17_ring_j1_m0d025,,,,,,P041,m,0.03520429388280065
P041,,,,direct_proximal_orientation_error_rad,17,finger_joint,index,finger_e17_ring_j1_m0d025,,,,,,P041,rad,0.7419223728708675
P041,,,,direct_distal_orientation_error_rad,17,finger_joint,index,finger_e17_ring_j1_m0d025,,,,,,P041,rad,1.0561991779985422
P041,,,,thumb_to_tip_vector_error_m,17,finger_joint,index,finger_e17_ring_j1_m0d025,,,,,,P041,m,0.008613004506196214
P041,,,,global_E_bone_diagnostic,17,finger_joint,index,finger_e17_ring_j1_m0d025,,,,,,P041,squared_direction,1.0065896763217124
P041,,,,fingertip_position_error_m,17,finger_joint,middle,finger_e17_ring_j1_m0d025,,,,,,P041,m,0.012904749936062025
P041,,,,fingertip_orientation_error_rad,17,finger_joint,middle,finger_e17_ring_j1_m0d025,,,,,,P041,rad,0.23138012069225133
P041,,,,wrist_to_tip_vector_error_m,17,finger_joint,middle,finger_e17_ring_j1_m0d025,,,,,,P041,m,0.029039613974281536
P041,,,,direct_proximal_orientation_error_rad,17,finger_joint,middle,finger_e17_ring_j1_m0d025,,,,,,P041,rad,0.14175076915850124
P041,,,,direct_distal_orientation_error_rad,17,finger_joint,middle,finger_e17_ring_j1_m0d025,,,,,,P041,rad,0.1695156385662786
P041,,,,thumb_to_tip_vector_error_m,17,finger_joint,middle,finger_e17_ring_j1_m0d025,,,,,,P041,m,0.014528060350980749
P041,,,,global_E_bone_diagnostic,17,finger_joint,middle,finger_e17_ring_j1_m0d025,,,,,,P041,squared_direction,0.0933932451102937
P041,,,,fingertip_position_error_m,17,finger_joint,ring,finger_e17_ring_j1_m0d025,,,,,,P041,m,0.004450638454511713
P041,,,,fingertip_orientation_error_rad,17,finger_joint,ring,finger_e17_ring_j1_m0d025,,,,,,P041,rad,0.32322224598538923
P041,,,,wrist_to_tip_vector_error_m,17,finger_joint,ring,finger_e17_ring_j1_m0d025,,,,,,P041,m,0.04350658789758288
P041,,,,direct_proximal_orientation_error_rad,17,finger_joint,ring,finger_e17_ring_j1_m0d025,,,,,,P041,rad,0.20694508009862908
P041,,,,direct_distal_orientation_error_rad,17,finger_joint,ring,finger_e17_ring_j1_m0d025,,,,,,P041,rad,0.43430200830504967
P041,,,,thumb_to_tip_vector_error_m,17,finger_joint,ring,finger_e17_ring_j1_m0d025,,,,,,P041,m,0.01791891675877875
P041,,,,global_E_bone_diagnostic,17,finger_joint,ring,finger_e17_ring_j1_m0d025,,,,,,P041,squared_direction,0.33662517970502415
P041,,,,near_interaction_position_error_m,17,finger_joint,ring,finger_e17_ring_j1_m0d025,proximal,,,,,P041,m,0.0165347616394018
P041,,,,near_interaction_orientation_error_rad,17,finger_joint,ring,finger_e17_ring_j1_m0d025,proximal,,,,,P041,rad,0.17885842642369454
P041,,,,native_surface_unsigned_distance_m,17,finger_joint,ring,finger_e17_ring_j1_m0d025,proximal,,,,,P041,m,0.05453551249580789
P041,-0.15796399,-0.07167661,0.01594565,native_surface_signed_distance_m,17,finger_joint,ring,finger_e17_ring_j1_m0d025,proximal,-0.2076174968417786,-0.08104627311799661,0.03646054201894852,True,P041,m,-0.054535504430532455
P041,,,,near_interaction_position_error_m,17,finger_joint,ring,finger_e17_ring_j1_m0d025,distal,,,,,P041,m,0.006879544759492538
P041,,,,near_interaction_orientation_error_rad,17,finger_joint,ring,finger_e17_ring_j1_m0d025,distal,,,,,P041,rad,0.3262015898768982
P041,,,,native_surface_unsigned_distance_m,17,finger_joint,ring,finger_e17_ring_j1_m0d025,distal,,,,,P041,m,0.03130965156940221
P041,-0.15874972020171463,-0.06661901808854573,0.014591018789773924,native_surface_signed_distance_m,17,finger_joint,ring,finger_e17_ring_j1_m0d025,distal,-0.189898335937873,-0.06853962642615322,0.01711476258263983,True,P041,m,-0.03130964934825897
P041,,,,fingertip_position_error_m,17,finger_joint,pinky,finger_e17_ring_j1_m0d025,,,,,,P041,m,0.02088266515312787
P041,,,,fingertip_orientation_error_rad,17,finger_joint,pinky,finger_e17_ring_j1_m0d025,,,,,,P041,rad,0.6323450762240629
P041,,,,wrist_to_tip_vector_error_m,17,finger_joint,pinky,finger_e17_ring_j1_m0d025,,,,,,P041,m,0.05794970066050754
P041,,,,direct_proximal_orientation_error_rad,17,finger_joint,pinky,finger_e17_ring_j1_m0d025,,,,,,P041,rad,0.4796646711879634
P041,,,,direct_distal_orientation_error_rad,17,finger_joint,pinky,finger_e17_ring_j1_m0d025,,,,,,P041,rad,0.6835604299212962
P041,,,,thumb_to_tip_vector_error_m,17,finger_joint,pinky,finger_e17_ring_j1_m0d025,,,,,,P041,m,0.03387232720975263
P041,,,,global_E_bone_diagnostic,17,finger_joint,pinky,finger_e17_ring_j1_m0d025,,,,,,P041,squared_direction,0.9095160901538635
P041,,,,near_interaction_position_error_m,17,finger_joint,pinky,finger_e17_ring_j1_m0d025,proximal,,,,,P041,m,0.013345399130147843
P041,,,,near_interaction_orientation_error_rad,17,finger_joint,pinky,finger_e17_ring_j1_m0d025,proximal,,,,,P041,rad,0.46260436011522005
P041,,,,native_surface_unsigned_distance_m,17,finger_joint,pinky,finger_e17_ring_j1_m0d025,proximal,,,,,P041,m,0.0699533069982155
P041,-0.15829793682952395,-0.0709039651832867,0.015112763085351859,native_surface_signed_distance_m,17,finger_joint,pinky,finger_e17_ring_j1_m0d025,proximal,-0.2263189114830149,-0.0821804224040504,0.02692181383992214,True,P041,m,-0.0699533075094223
P041,,,,near_interaction_position_error_m,17,finger_joint,pinky,finger_e17_ring_j1_m0d025,distal,,,,,P041,m,0.02012322224846169
P041,,,,near_interaction_orientation_error_rad,17,finger_joint,pinky,finger_e17_ring_j1_m0d025,distal,,,,,P041,rad,0.5984500630318715
P041,,,,native_surface_unsigned_distance_m,17,finger_joint,pinky,finger_e17_ring_j1_m0d025,distal,,,,,P041,m,0.05284409257795951
P041,-0.15869448813284404,-0.05922731788220683,0.01385350817509941,native_surface_signed_distance_m,17,finger_joint,pinky,finger_e17_ring_j1_m0d025,distal,-0.2113152205793032,-0.06028354076515072,0.009116311703803085,True,P041,m,-0.052844081073999405
P041,,,,global_E_bone_diagnostic,17,finger_joint,ALL,finger_e17_ring_j1_m0d025,,,,,,P041,squared_direction,3.134399593876532
P041,,,,global_E_IM_diagnostic,17,finger_joint,ALL,finger_e17_ring_j1_m0d025,,,,,,P041,m_squared,9.963882471054153e-05
P042,,,,wrist_orientation_error_rad,17,finger_joint,ALL,finger_e17_ring_j1_p0d000,,,,,,P042,rad,0.1093293193569973
P042,,,,wrist_tray_position_error_m,17,finger_joint,ALL,finger_e17_ring_j1_p0d000,,,,,,P042,m,0.03795244208235013
P042,,,,fingertip_position_error_m,17,finger_joint,thumb,finger_e17_ring_j1_p0d000,,,,,,P042,m,0.01162584609676707
P042,,,,fingertip_orientation_error_rad,17,finger_joint,thumb,finger_e17_ring_j1_p0d000,,,,,,P042,rad,0.25122328229058577
P042,,,,wrist_to_tip_vector_error_m,17,finger_joint,thumb,finger_e17_ring_j1_p0d000,,,,,,P042,m,0.028703168547039748
P042,,,,direct_proximal_orientation_error_rad,17,finger_joint,thumb,finger_e17_ring_j1_p0d000,,,,,,P042,rad,0.8257322637479504
P042,,,,direct_distal_orientation_error_rad,17,finger_joint,thumb,finger_e17_ring_j1_p0d000,,,,,,P042,rad,0.15527365227031176
P042,,,,thumb_to_tip_vector_error_m,17,finger_joint,thumb,finger_e17_ring_j1_p0d000,,,,,,P042,m,0.0
P042,,,,global_E_bone_diagnostic,17,finger_joint,thumb,finger_e17_ring_j1_p0d000,,,,,,P042,squared_direction,0.7882754025856384
P042,,,,fingertip_position_error_m,17,finger_joint,index,finger_e17_ring_j1_p0d000,,,,,,P042,m,0.007623925438498605
P042,,,,fingertip_orientation_error_rad,17,finger_joint,index,finger_e17_ring_j1_p0d000,,,,,,P042,rad,0.2712015762057116
P042,,,,wrist_to_tip_vector_error_m,17,finger_joint,index,finger_e17_ring_j1_p0d000,,,,,,P042,m,0.03520429388280065
P042,,,,direct_proximal_orientation_error_rad,17,finger_joint,index,finger_e17_ring_j1_p0d000,,,,,,P042,rad,0.7419223728708675
P042,,,,direct_distal_orientation_error_rad,17,finger_joint,index,finger_e17_ring_j1_p0d000,,,,,,P042,rad,1.0561991779985422
P042,,,,thumb_to_tip_vector_error_m,17,finger_joint,index,finger_e17_ring_j1_p0d000,,,,,,P042,m,0.008613004506196214
P042,,,,global_E_bone_diagnostic,17,finger_joint,index,finger_e17_ring_j1_p0d000,,,,,,P042,squared_direction,1.0065896763217124
P042,,,,fingertip_position_error_m,17,finger_joint,middle,finger_e17_ring_j1_p0d000,,,,,,P042,m,0.012904749936062025
P042,,,,fingertip_orientation_error_rad,17,finger_joint,middle,finger_e17_ring_j1_p0d000,,,,,,P042,rad,0.23138012069225133
P042,,,,wrist_to_tip_vector_error_m,17,finger_joint,middle,finger_e17_ring_j1_p0d000,,,,,,P042,m,0.029039613974281536
P042,,,,direct_proximal_orientation_error_rad,17,finger_joint,middle,finger_e17_ring_j1_p0d000,,,,,,P042,rad,0.14175076915850124
P042,,,,direct_distal_orientation_error_rad,17,finger_joint,middle,finger_e17_ring_j1_p0d000,,,,,,P042,rad,0.1695156385662786
P042,,,,thumb_to_tip_vector_error_m,17,finger_joint,middle,finger_e17_ring_j1_p0d000,,,,,,P042,m,0.014528060350980749
P042,,,,global_E_bone_diagnostic,17,finger_joint,middle,finger_e17_ring_j1_p0d000,,,,,,P042,squared_direction,0.0933932451102937
P042,,,,fingertip_position_error_m,17,finger_joint,ring,finger_e17_ring_j1_p0d000,,,,,,P042,m,0.0024686733885520666
P042,,,,fingertip_orientation_error_rad,17,finger_joint,ring,finger_e17_ring_j1_p0d000,,,,,,P042,rad,0.3206434977119693
P042,,,,wrist_to_tip_vector_error_m,17,finger_joint,ring,finger_e17_ring_j1_p0d000,,,,,,P042,m,0.04084722660557787
P042,,,,direct_proximal_orientation_error_rad,17,finger_joint,ring,finger_e17_ring_j1_p0d000,,,,,,P042,rad,0.16471671331391027
P042,,,,direct_distal_orientation_error_rad,17,finger_joint,ring,finger_e17_ring_j1_p0d000,,,,,,P042,rad,0.42968498652708514
P042,,,,thumb_to_tip_vector_error_m,17,finger_joint,ring,finger_e17_ring_j1_p0d000,,,,,,P042,m,0.015965769872865274
P042,,,,global_E_bone_diagnostic,17,finger_joint,ring,finger_e17_ring_j1_p0d000,,,,,,P042,squared_direction,0.3070296554784516
P042,,,,near_interaction_position_error_m,17,finger_joint,ring,finger_e17_ring_j1_p0d000,proximal,,,,,P042,m,0.01764838923148031
P042,,,,near_interaction_orientation_error_rad,17,finger_joint,ring,finger_e17_ring_j1_p0d000,proximal,,,,,P042,rad,0.1364548782343718
P042,,,,native_surface_unsigned_distance_m,17,finger_joint,ring,finger_e17_ring_j1_p0d000,proximal,,,,,P042,m,0.053701888954728126
P042,-0.15796399,-0.07167661,0.01594565,native_surface_signed_distance_m,17,finger_joint,ring,finger_e17_ring_j1_p0d000,proximal,-0.2068220695733887,-0.08187022236874095,0.03576662890070569,True,P042,m,-0.05370188504457474
P042,,,,near_interaction_position_error_m,17,finger_joint,ring,finger_e17_ring_j1_p0d000,distal,,,,,P042,m,0.004882918110617042
P042,,,,near_interaction_orientation_error_rad,17,finger_joint,ring,finger_e17_ring_j1_p0d000,distal,,,,,P042,rad,0.32157814453981226
P042,,,,native_surface_unsigned_distance_m,17,finger_joint,ring,finger_e17_ring_j1_p0d000,distal,,,,,P042,m,0.030106243298632724
P042,-0.15866099291327554,-0.06825810047908401,0.014285924737021036,native_surface_signed_distance_m,17,finger_joint,ring,finger_e17_ring_j1_p0d000,distal,-0.18861902021043958,-0.07063065488248658,0.016095198519989497,True,P042,m,-0.030106237158179283
P042,,,,fingertip_position_error_m,17,finger_joint,pinky,finger_e17_ring_j1_p0d000,,,,,,P042,m,0.02088266515312787
P042,,,,fingertip_orientation_error_rad,17,finger_joint,pinky,finger_e17_ring_j1_p0d000,,,,,,P042,rad,0.6323450762240629
P042,,,,wrist_to_tip_vector_error_m,17,finger_joint,pinky,finger_e17_ring_j1_p0d000,,,,,,P042,m,0.05794970066050754
P042,,,,direct_proximal_orientation_error_rad,17,finger_joint,pinky,finger_e17_ring_j1_p0d000,,,,,,P042,rad,0.4796646711879634
P042,,,,direct_distal_orientation_error_rad,17,finger_joint,pinky,finger_e17_ring_j1_p0d000,,,,,,P042,rad,0.6835604299212962
P042,,,,thumb_to_tip_vector_error_m,17,finger_joint,pinky,finger_e17_ring_j1_p0d000,,,,,,P042,m,0.03387232720975263
P042,,,,global_E_bone_diagnostic,17,finger_joint,pinky,finger_e17_ring_j1_p0d000,,,,,,P042,squared_direction,0.9095160901538635
P042,,,,near_interaction_position_error_m,17,finger_joint,pinky,finger_e17_ring_j1_p0d000,proximal,,,,,P042,m,0.013345399130147843
P042,,,,near_interaction_orientation_error_rad,17,finger_joint,pinky,finger_e17_ring_j1_p0d000,proximal,,,,,P042,rad,0.46260436011522005
P042,,,,native_surface_unsigned_distance_m,17,finger_joint,pinky,finger_e17_ring_j1_p0d000,proximal,,,,,P042,m,0.0699533069982155
P042,-0.15829793682952395,-0.0709039651832867,0.015112763085351859,native_surface_signed_distance_m,17,finger_joint,pinky,finger_e17_ring_j1_p0d000,proximal,-0.2263189114830149,-0.0821804224040504,0.02692181383992214,True,P042,m,-0.0699533075094223
P042,,,,near_interaction_position_error_m,17,finger_joint,pinky,finger_e17_ring_j1_p0d000,distal,,,,,P042,m,0.02012322224846169
P042,,,,near_interaction_orientation_error_rad,17,finger_joint,pinky,finger_e17_ring_j1_p0d000,distal,,,,,P042,rad,0.5984500630318715
P042,,,,native_surface_unsigned_distance_m,17,finger_joint,pinky,finger_e17_ring_j1_p0d000,distal,,,,,P042,m,0.05284409257795951
P042,-0.15869448813284404,-0.05922731788220683,0.01385350817509941,native_surface_signed_distance_m,17,finger_joint,pinky,finger_e17_ring_j1_p0d000,distal,-0.2113152205793032,-0.06028354076515072,0.009116311703803085,True,P042,m,-0.052844081073999405
P042,,,,global_E_bone_diagnostic,17,finger_joint,ALL,finger_e17_ring_j1_p0d000,,,,,,P042,squared_direction,3.1048040696499597
P042,,,,global_E_IM_diagnostic,17,finger_joint,ALL,finger_e17_ring_j1_p0d000,,,,,,P042,m_squared,9.879988809578875e-05
P043,,,,wrist_orientation_error_rad,17,finger_joint,ALL,finger_e17_ring_j1_p0d025,,,,,,P043,rad,0.1093293193569973
P043,,,,wrist_tray_position_error_m,17,finger_joint,ALL,finger_e17_ring_j1_p0d025,,,,,,P043,m,0.03795244208235013
P043,,,,fingertip_position_error_m,17,finger_joint,thumb,finger_e17_ring_j1_p0d025,,,,,,P043,m,0.01162584609676707
P043,,,,fingertip_orientation_error_rad,17,finger_joint,thumb,finger_e17_ring_j1_p0d025,,,,,,P043,rad,0.25122328229058577
P043,,,,wrist_to_tip_vector_error_m,17,finger_joint,thumb,finger_e17_ring_j1_p0d025,,,,,,P043,m,0.028703168547039748
P043,,,,direct_proximal_orientation_error_rad,17,finger_joint,thumb,finger_e17_ring_j1_p0d025,,,,,,P043,rad,0.8257322637479504
P043,,,,direct_distal_orientation_error_rad,17,finger_joint,thumb,finger_e17_ring_j1_p0d025,,,,,,P043,rad,0.15527365227031176
P043,,,,thumb_to_tip_vector_error_m,17,finger_joint,thumb,finger_e17_ring_j1_p0d025,,,,,,P043,m,0.0
P043,,,,global_E_bone_diagnostic,17,finger_joint,thumb,finger_e17_ring_j1_p0d025,,,,,,P043,squared_direction,0.7882754025856384
P043,,,,fingertip_position_error_m,17,finger_joint,index,finger_e17_ring_j1_p0d025,,,,,,P043,m,0.007623925438498605
P043,,,,fingertip_orientation_error_rad,17,finger_joint,index,finger_e17_ring_j1_p0d025,,,,,,P043,rad,0.2712015762057116
P043,,,,wrist_to_tip_vector_error_m,17,finger_joint,index,finger_e17_ring_j1_p0d025,,,,,,P043,m,0.03520429388280065
P043,,,,direct_proximal_orientation_error_rad,17,finger_joint,index,finger_e17_ring_j1_p0d025,,,,,,P043,rad,0.7419223728708675
P043,,,,direct_distal_orientation_error_rad,17,finger_joint,index,finger_e17_ring_j1_p0d025,,,,,,P043,rad,1.0561991779985422
P043,,,,thumb_to_tip_vector_error_m,17,finger_joint,index,finger_e17_ring_j1_p0d025,,,,,,P043,m,0.008613004506196214
P043,,,,global_E_bone_diagnostic,17,finger_joint,index,finger_e17_ring_j1_p0d025,,,,,,P043,squared_direction,1.0065896763217124
P043,,,,fingertip_position_error_m,17,finger_joint,middle,finger_e17_ring_j1_p0d025,,,,,,P043,m,0.012904749936062025
P043,,,,fingertip_orientation_error_rad,17,finger_joint,middle,finger_e17_ring_j1_p0d025,,,,,,P043,rad,0.23138012069225133
P043,,,,wrist_to_tip_vector_error_m,17,finger_joint,middle,finger_e17_ring_j1_p0d025,,,,,,P043,m,0.029039613974281536
P043,,,,direct_proximal_orientation_error_rad,17,finger_joint,middle,finger_e17_ring_j1_p0d025,,,,,,P043,rad,0.14175076915850124
P043,,,,direct_distal_orientation_error_rad,17,finger_joint,middle,finger_e17_ring_j1_p0d025,,,,,,P043,rad,0.1695156385662786
P043,,,,thumb_to_tip_vector_error_m,17,finger_joint,middle,finger_e17_ring_j1_p0d025,,,,,,P043,m,0.014528060350980749
P043,,,,global_E_bone_diagnostic,17,finger_joint,middle,finger_e17_ring_j1_p0d025,,,,,,P043,squared_direction,0.0933932451102937
P043,,,,fingertip_position_error_m,17,finger_joint,ring,finger_e17_ring_j1_p0d025,,,,,,P043,m,0.002715574190734224
P043,,,,fingertip_orientation_error_rad,17,finger_joint,ring,finger_e17_ring_j1_p0d025,,,,,,P043,rad,0.3251466622397039
P043,,,,wrist_to_tip_vector_error_m,17,finger_joint,ring,finger_e17_ring_j1_p0d025,,,,,,P043,m,0.038169486745986095
P043,,,,direct_proximal_orientation_error_rad,17,finger_joint,ring,finger_e17_ring_j1_p0d025,,,,,,P043,rad,0.12662203273289577
P043,,,,direct_distal_orientation_error_rad,17,finger_joint,ring,finger_e17_ring_j1_p0d025,,,,,,P043,rad,0.4300715284231437
P043,,,,thumb_to_tip_vector_error_m,17,finger_joint,ring,finger_e17_ring_j1_p0d025,,,,,,P043,m,0.01418240736067618
P043,,,,global_E_bone_diagnostic,17,finger_joint,ring,finger_e17_ring_j1_p0d025,,,,,,P043,squared_direction,0.28699553378311093
P043,,,,near_interaction_position_error_m,17,finger_joint,ring,finger_e17_ring_j1_p0d025,proximal,,,,,P043,m,0.018770374214282997
P043,,,,near_interaction_orientation_error_rad,17,finger_joint,ring,finger_e17_ring_j1_p0d025,proximal,,,,,P043,rad,0.0992438674711928
P043,,,,native_surface_unsigned_distance_m,17,finger_joint,ring,finger_e17_ring_j1_p0d025,proximal,,,,,P043,m,0.052932589362858884
P043,-0.15784687114052615,-0.07208746032714985,0.01601204805902082,native_surface_signed_distance_m,17,finger_joint,ring,finger_e17_ring_j1_p0d025,proximal,-0.20605241337844762,-0.08274354936490376,0.03510478177173129,True,P043,m,-0.05293258652091026
P043,,,,near_interaction_position_error_m,17,finger_joint,ring,finger_e17_ring_j1_p0d025,distal,,,,,P043,m,0.003733687333252822
P043,,,,near_interaction_orientation_error_rad,17,finger_joint,ring,finger_e17_ring_j1_p0d025,distal,,,,,P043,rad,0.3238296730010447
P043,,,,native_surface_unsigned_distance_m,17,finger_joint,ring,finger_e17_ring_j1_p0d025,distal,,,,,P043,m,0.029066649456926084
P043,-0.15851357474163882,-0.06980498806081319,0.014121171555375879,native_surface_signed_distance_m,17,finger_joint,ring,finger_e17_ring_j1_p0d025,distal,-0.18740740733035902,-0.07279695207608358,0.015153014720861523,True,P043,m,-0.029066653922200203
P043,,,,fingertip_position_error_m,17,finger_joint,pinky,finger_e17_ring_j1_p0d025,,,,,,P043,m,0.02088266515312787
P043,,,,fingertip_orientation_error_rad,17,finger_joint,pinky,finger_e17_ring_j1_p0d025,,,,,,P043,rad,0.6323450762240629
P043,,,,wrist_to_tip_vector_error_m,17,finger_joint,pinky,finger_e17_ring_j1_p0d025,,,,,,P043,m,0.05794970066050754
P043,,,,direct_proximal_orientation_error_rad,17,finger_joint,pinky,finger_e17_ring_j1_p0d025,,,,,,P043,rad,0.4796646711879634
P043,,,,direct_distal_orientation_error_rad,17,finger_joint,pinky,finger_e17_ring_j1_p0d025,,,,,,P043,rad,0.6835604299212962
P043,,,,thumb_to_tip_vector_error_m,17,finger_joint,pinky,finger_e17_ring_j1_p0d025,,,,,,P043,m,0.03387232720975263
P043,,,,global_E_bone_diagnostic,17,finger_joint,pinky,finger_e17_ring_j1_p0d025,,,,,,P043,squared_direction,0.9095160901538635
P043,,,,near_interaction_position_error_m,17,finger_joint,pinky,finger_e17_ring_j1_p0d025,proximal,,,,,P043,m,0.013345399130147843
P043,,,,near_interaction_orientation_error_rad,17,finger_joint,pinky,finger_e17_ring_j1_p0d025,proximal,,,,,P043,rad,0.46260436011522005
P043,,,,native_surface_unsigned_distance_m,17,finger_joint,pinky,finger_e17_ring_j1_p0d025,proximal,,,,,P043,m,0.0699533069982155
P043,-0.15829793682952395,-0.0709039651832867,0.015112763085351859,native_surface_signed_distance_m,17,finger_joint,pinky,finger_e17_ring_j1_p0d025,proximal,-0.2263189114830149,-0.0821804224040504,0.02692181383992214,True,P043,m,-0.0699533075094223
P043,,,,near_interaction_position_error_m,17,finger_joint,pinky,finger_e17_ring_j1_p0d025,distal,,,,,P043,m,0.02012322224846169
P043,,,,near_interaction_orientation_error_rad,17,finger_joint,pinky,finger_e17_ring_j1_p0d025,distal,,,,,P043,rad,0.5984500630318715
P043,,,,native_surface_unsigned_distance_m,17,finger_joint,pinky,finger_e17_ring_j1_p0d025,distal,,,,,P043,m,0.05284409257795951
P043,-0.15869448813284404,-0.05922731788220683,0.01385350817509941,native_surface_signed_distance_m,17,finger_joint,pinky,finger_e17_ring_j1_p0d025,distal,-0.2113152205793032,-0.06028354076515072,0.009116311703803085,True,P043,m,-0.052844081073999405
P043,,,,global_E_bone_diagnostic,17,finger_joint,ALL,finger_e17_ring_j1_p0d025,,,,,,P043,squared_direction,3.084769947954619
P043,,,,global_E_IM_diagnostic,17,finger_joint,ALL,finger_e17_ring_j1_p0d025,,,,,,P043,m_squared,9.846141186986091e-05
P044,,,,wrist_orientation_error_rad,17,finger_joint,ALL,finger_e17_ring_j1_p0d050,,,,,,P044,rad,0.1093293193569973
P044,,,,wrist_tray_position_error_m,17,finger_joint,ALL,finger_e17_ring_j1_p0d050,,,,,,P044,m,0.03795244208235013
P044,,,,fingertip_position_error_m,17,finger_joint,thumb,finger_e17_ring_j1_p0d050,,,,,,P044,m,0.01162584609676707
P044,,,,fingertip_orientation_error_rad,17,finger_joint,thumb,finger_e17_ring_j1_p0d050,,,,,,P044,rad,0.25122328229058577
P044,,,,wrist_to_tip_vector_error_m,17,finger_joint,thumb,finger_e17_ring_j1_p0d050,,,,,,P044,m,0.028703168547039748
P044,,,,direct_proximal_orientation_error_rad,17,finger_joint,thumb,finger_e17_ring_j1_p0d050,,,,,,P044,rad,0.8257322637479504
P044,,,,direct_distal_orientation_error_rad,17,finger_joint,thumb,finger_e17_ring_j1_p0d050,,,,,,P044,rad,0.15527365227031176
P044,,,,thumb_to_tip_vector_error_m,17,finger_joint,thumb,finger_e17_ring_j1_p0d050,,,,,,P044,m,0.0
P044,,,,global_E_bone_diagnostic,17,finger_joint,thumb,finger_e17_ring_j1_p0d050,,,,,,P044,squared_direction,0.7882754025856384
P044,,,,fingertip_position_error_m,17,finger_joint,index,finger_e17_ring_j1_p0d050,,,,,,P044,m,0.007623925438498605
P044,,,,fingertip_orientation_error_rad,17,finger_joint,index,finger_e17_ring_j1_p0d050,,,,,,P044,rad,0.2712015762057116
P044,,,,wrist_to_tip_vector_error_m,17,finger_joint,index,finger_e17_ring_j1_p0d050,,,,,,P044,m,0.03520429388280065
P044,,,,direct_proximal_orientation_error_rad,17,finger_joint,index,finger_e17_ring_j1_p0d050,,,,,,P044,rad,0.7419223728708675
P044,,,,direct_distal_orientation_error_rad,17,finger_joint,index,finger_e17_ring_j1_p0d050,,,,,,P044,rad,1.0561991779985422
P044,,,,thumb_to_tip_vector_error_m,17,finger_joint,index,finger_e17_ring_j1_p0d050,,,,,,P044,m,0.008613004506196214
P044,,,,global_E_bone_diagnostic,17,finger_joint,index,finger_e17_ring_j1_p0d050,,,,,,P044,squared_direction,1.0065896763217124
P044,,,,fingertip_position_error_m,17,finger_joint,middle,finger_e17_ring_j1_p0d050,,,,,,P044,m,0.012904749936062025
P044,,,,fingertip_orientation_error_rad,17,finger_joint,middle,finger_e17_ring_j1_p0d050,,,,,,P044,rad,0.23138012069225133
P044,,,,wrist_to_tip_vector_error_m,17,finger_joint,middle,finger_e17_ring_j1_p0d050,,,,,,P044,m,0.029039613974281536
P044,,,,direct_proximal_orientation_error_rad,17,finger_joint,middle,finger_e17_ring_j1_p0d050,,,,,,P044,rad,0.14175076915850124
P044,,,,direct_distal_orientation_error_rad,17,finger_joint,middle,finger_e17_ring_j1_p0d050,,,,,,P044,rad,0.1695156385662786
P044,,,,thumb_to_tip_vector_error_m,17,finger_joint,middle,finger_e17_ring_j1_p0d050,,,,,,P044,m,0.014528060350980749
P044,,,,global_E_bone_diagnostic,17,finger_joint,middle,finger_e17_ring_j1_p0d050,,,,,,P044,squared_direction,0.0933932451102937
P044,,,,fingertip_position_error_m,17,finger_joint,ring,finger_e17_ring_j1_p0d050,,,,,,P044,m,0.004862634961505446
P044,,,,fingertip_orientation_error_rad,17,finger_joint,ring,finger_e17_ring_j1_p0d050,,,,,,P044,rad,0.3364474800017384
P044,,,,wrist_to_tip_vector_error_m,17,finger_joint,ring,finger_e17_ring_j1_p0d050,,,,,,P044,m,0.03547607620303554
P044,,,,direct_proximal_orientation_error_rad,17,finger_joint,ring,finger_e17_ring_j1_p0d050,,,,,,P044,rad,0.09762657975798988
P044,,,,direct_distal_orientation_error_rad,17,finger_joint,ring,finger_e17_ring_j1_p0d050,,,,,,P044,rad,0.43544826500216743
P044,,,,thumb_to_tip_vector_error_m,17,finger_joint,ring,finger_e17_ring_j1_p0d050,,,,,,P044,m,0.012645791458660176
P044,,,,global_E_bone_diagnostic,17,finger_joint,ring,finger_e17_ring_j1_p0d050,,,,,,P044,squared_direction,0.27656896437361034
P044,,,,near_interaction_position_error_m,17,finger_joint,ring,finger_e17_ring_j1_p0d050,proximal,,,,,P044,m,0.019896937782811416
P044,,,,near_interaction_orientation_error_rad,17,finger_joint,ring,finger_e17_ring_j1_p0d050,proximal,,,,,P044,rad,0.0753564842737363
P044,,,,native_surface_unsigned_distance_m,17,finger_joint,ring,finger_e17_ring_j1_p0d050,proximal,,,,,P044,m,0.052220127169081636
P044,-0.15767625687428358,-0.07273864282961227,0.016076232370798502,native_surface_signed_distance_m,17,finger_joint,ring,finger_e17_ring_j1_p0d050,proximal,-0.20531030120438332,-0.08366424234738803,0.03447652523505284,True,P044,m,-0.052220121026039124
P044,,,,near_interaction_position_error_m,17,finger_joint,ring,finger_e17_ring_j1_p0d050,distal,,,,,P044,m,0.004200421703452389
P044,,,,near_interaction_orientation_error_rad,17,finger_joint,ring,finger_e17_ring_j1_p0d050,distal,,,,,P044,rad,0.3328165346158255
P044,,,,native_surface_unsigned_distance_m,17,finger_joint,ring,finger_e17_ring_j1_p0d050,distal,,,,,P044,m,0.02819630033292157
P044,-0.15845013145546244,-0.07042918137625868,0.013985810164960203,native_surface_signed_distance_m,17,finger_joint,ring,finger_e17_ring_j1_p0d050,distal,-0.18626628831776948,-0.07503352781643716,0.014290381559969333,True,P044,m,-0.0281963050365448
P044,,,,fingertip_position_error_m,17,finger_joint,pinky,finger_e17_ring_j1_p0d050,,,,,,P044,m,0.02088266515312787
P044,,,,fingertip_orientation_error_rad,17,finger_joint,pinky,finger_e17_ring_j1_p0d050,,,,,,P044,rad,0.6323450762240629
P044,,,,wrist_to_tip_vector_error_m,17,finger_joint,pinky,finger_e17_ring_j1_p0d050,,,,,,P044,m,0.05794970066050754
P044,,,,direct_proximal_orientation_error_rad,17,finger_joint,pinky,finger_e17_ring_j1_p0d050,,,,,,P044,rad,0.4796646711879634
P044,,,,direct_distal_orientation_error_rad,17,finger_joint,pinky,finger_e17_ring_j1_p0d050,,,,,,P044,rad,0.6835604299212962
P044,,,,thumb_to_tip_vector_error_m,17,finger_joint,pinky,finger_e17_ring_j1_p0d050,,,,,,P044,m,0.03387232720975263
P044,,,,global_E_bone_diagnostic,17,finger_joint,pinky,finger_e17_ring_j1_p0d050,,,,,,P044,squared_direction,0.9095160901538635
P044,,,,near_interaction_position_error_m,17,finger_joint,pinky,finger_e17_ring_j1_p0d050,proximal,,,,,P044,m,0.013345399130147843
P044,,,,near_interaction_orientation_error_rad,17,finger_joint,pinky,finger_e17_ring_j1_p0d050,proximal,,,,,P044,rad,0.46260436011522005
P044,,,,native_surface_unsigned_distance_m,17,finger_joint,pinky,finger_e17_ring_j1_p0d050,proximal,,,,,P044,m,0.0699533069982155
P044,-0.15829793682952395,-0.0709039651832867,0.015112763085351859,native_surface_signed_distance_m,17,finger_joint,pinky,finger_e17_ring_j1_p0d050,proximal,-0.2263189114830149,-0.0821804224040504,0.02692181383992214,True,P044,m,-0.0699533075094223
P044,,,,near_interaction_position_error_m,17,finger_joint,pinky,finger_e17_ring_j1_p0d050,distal,,,,,P044,m,0.02012322224846169
P044,,,,near_interaction_orientation_error_rad,17,finger_joint,pinky,finger_e17_ring_j1_p0d050,distal,,,,,P044,rad,0.5984500630318715
P044,,,,native_surface_unsigned_distance_m,17,finger_joint,pinky,finger_e17_ring_j1_p0d050,distal,,,,,P044,m,0.05284409257795951
P044,-0.15869448813284404,-0.05922731788220683,0.01385350817509941,native_surface_signed_distance_m,17,finger_joint,pinky,finger_e17_ring_j1_p0d050,distal,-0.2113152205793032,-0.06028354076515072,0.009116311703803085,True,P044,m,-0.052844081073999405
P044,,,,global_E_bone_diagnostic,17,finger_joint,ALL,finger_e17_ring_j1_p0d050,,,,,,P044,squared_direction,3.074343378545118
P044,,,,global_E_IM_diagnostic,17,finger_joint,ALL,finger_e17_ring_j1_p0d050,,,,,,P044,m_squared,9.862417573226309e-05
P045,,,,wrist_orientation_error_rad,17,finger_joint,ALL,finger_e17_ring_j2_m0d050,,,,,,P045,rad,0.1093293193569973
P045,,,,wrist_tray_position_error_m,17,finger_joint,ALL,finger_e17_ring_j2_m0d050,,,,,,P045,m,0.03795244208235013
P045,,,,fingertip_position_error_m,17,finger_joint,thumb,finger_e17_ring_j2_m0d050,,,,,,P045,m,0.01162584609676707
P045,,,,fingertip_orientation_error_rad,17,finger_joint,thumb,finger_e17_ring_j2_m0d050,,,,,,P045,rad,0.25122328229058577
P045,,,,wrist_to_tip_vector_error_m,17,finger_joint,thumb,finger_e17_ring_j2_m0d050,,,,,,P045,m,0.028703168547039748
P045,,,,direct_proximal_orientation_error_rad,17,finger_joint,thumb,finger_e17_ring_j2_m0d050,,,,,,P045,rad,0.8257322637479504
P045,,,,direct_distal_orientation_error_rad,17,finger_joint,thumb,finger_e17_ring_j2_m0d050,,,,,,P045,rad,0.15527365227031176
P045,,,,thumb_to_tip_vector_error_m,17,finger_joint,thumb,finger_e17_ring_j2_m0d050,,,,,,P045,m,0.0
P045,,,,global_E_bone_diagnostic,17,finger_joint,thumb,finger_e17_ring_j2_m0d050,,,,,,P045,squared_direction,0.7882754025856384
P045,,,,fingertip_position_error_m,17,finger_joint,index,finger_e17_ring_j2_m0d050,,,,,,P045,m,0.007623925438498605
P045,,,,fingertip_orientation_error_rad,17,finger_joint,index,finger_e17_ring_j2_m0d050,,,,,,P045,rad,0.2712015762057116
P045,,,,wrist_to_tip_vector_error_m,17,finger_joint,index,finger_e17_ring_j2_m0d050,,,,,,P045,m,0.03520429388280065
P045,,,,direct_proximal_orientation_error_rad,17,finger_joint,index,finger_e17_ring_j2_m0d050,,,,,,P045,rad,0.7419223728708675
P045,,,,direct_distal_orientation_error_rad,17,finger_joint,index,finger_e17_ring_j2_m0d050,,,,,,P045,rad,1.0561991779985422
P045,,,,thumb_to_tip_vector_error_m,17,finger_joint,index,finger_e17_ring_j2_m0d050,,,,,,P045,m,0.008613004506196214
P045,,,,global_E_bone_diagnostic,17,finger_joint,index,finger_e17_ring_j2_m0d050,,,,,,P045,squared_direction,1.0065896763217124
P045,,,,fingertip_position_error_m,17,finger_joint,middle,finger_e17_ring_j2_m0d050,,,,,,P045,m,0.012904749936062025
P045,,,,fingertip_orientation_error_rad,17,finger_joint,middle,finger_e17_ring_j2_m0d050,,,,,,P045,rad,0.23138012069225133
P045,,,,wrist_to_tip_vector_error_m,17,finger_joint,middle,finger_e17_ring_j2_m0d050,,,,,,P045,m,0.029039613974281536
P045,,,,direct_proximal_orientation_error_rad,17,finger_joint,middle,finger_e17_ring_j2_m0d050,,,,,,P045,rad,0.14175076915850124
P045,,,,direct_distal_orientation_error_rad,17,finger_joint,middle,finger_e17_ring_j2_m0d050,,,,,,P045,rad,0.1695156385662786
P045,,,,thumb_to_tip_vector_error_m,17,finger_joint,middle,finger_e17_ring_j2_m0d050,,,,,,P045,m,0.014528060350980749
P045,,,,global_E_bone_diagnostic,17,finger_joint,middle,finger_e17_ring_j2_m0d050,,,,,,P045,squared_direction,0.0933932451102937
P045,,,,fingertip_position_error_m,17,finger_joint,ring,finger_e17_ring_j2_m0d050,,,,,,P045,m,0.005049274520703304
P045,,,,fingertip_orientation_error_rad,17,finger_joint,ring,finger_e17_ring_j2_m0d050,,,,,,P045,rad,0.3327182718338896
P045,,,,wrist_to_tip_vector_error_m,17,finger_joint,ring,finger_e17_ring_j2_m0d050,,,,,,P045,m,0.042440772011294405
P045,,,,direct_proximal_orientation_error_rad,17,finger_joint,ring,finger_e17_ring_j2_m0d050,,,,,,P045,rad,0.16471671331391027
P045,,,,direct_distal_orientation_error_rad,17,finger_joint,ring,finger_e17_ring_j2_m0d050,,,,,,P045,rad,0.44376592406587606
P045,,,,thumb_to_tip_vector_error_m,17,finger_joint,ring,finger_e17_ring_j2_m0d050,,,,,,P045,m,0.018428839583651328
P045,,,,global_E_bone_diagnostic,17,finger_joint,ring,finger_e17_ring_j2_m0d050,,,,,,P045,squared_direction,0.3192931246736194
P045,,,,near_interaction_position_error_m,17,finger_joint,ring,finger_e17_ring_j2_m0d050,proximal,,,,,P045,m,0.01764838923148031
P045,,,,near_interaction_orientation_error_rad,17,finger_joint,ring,finger_e17_ring_j2_m0d050,proximal,,,,,P045,rad,0.1364548782343718
P045,,,,native_surface_unsigned_distance_m,17,finger_joint,ring,finger_e17_ring_j2_m0d050,proximal,,,,,P045,m,0.053701888954728126
P045,-0.15796399,-0.07167661,0.01594565,native_surface_signed_distance_m,17,finger_joint,ring,finger_e17_ring_j2_m0d050,proximal,-0.2068220695733887,-0.08187022236874095,0.03576662890070569,True,P045,m,-0.05370188504457474
P045,,,,near_interaction_position_error_m,17,finger_joint,ring,finger_e17_ring_j2_m0d050,distal,,,,,P045,m,0.005649005630765569
P045,,,,near_interaction_orientation_error_rad,17,finger_joint,ring,finger_e17_ring_j2_m0d050,distal,,,,,P045,rad,0.33741722900850957
P045,,,,native_surface_unsigned_distance_m,17,finger_joint,ring,finger_e17_ring_j2_m0d050,distal,,,,,P045,m,0.02940136704555216
P045,-0.15869102686242986,-0.06798254323955134,0.014089293686223555,native_surface_signed_distance_m,17,finger_joint,ring,finger_e17_ring_j2_m0d050,distal,-0.18801282093981467,-0.06972192899462833,0.015372770770458876,True,P045,m,-0.02940136380493641
P045,,,,fingertip_position_error_m,17,finger_joint,pinky,finger_e17_ring_j2_m0d050,,,,,,P045,m,0.02088266515312787
P045,,,,fingertip_orientation_error_rad,17,finger_joint,pinky,finger_e17_ring_j2_m0d050,,,,,,P045,rad,0.6323450762240629
P045,,,,wrist_to_tip_vector_error_m,17,finger_joint,pinky,finger_e17_ring_j2_m0d050,,,,,,P045,m,0.05794970066050754
P045,,,,direct_proximal_orientation_error_rad,17,finger_joint,pinky,finger_e17_ring_j2_m0d050,,,,,,P045,rad,0.4796646711879634
P045,,,,direct_distal_orientation_error_rad,17,finger_joint,pinky,finger_e17_ring_j2_m0d050,,,,,,P045,rad,0.6835604299212962
P045,,,,thumb_to_tip_vector_error_m,17,finger_joint,pinky,finger_e17_ring_j2_m0d050,,,,,,P045,m,0.03387232720975263
P045,,,,global_E_bone_diagnostic,17,finger_joint,pinky,finger_e17_ring_j2_m0d050,,,,,,P045,squared_direction,0.9095160901538635
P045,,,,near_interaction_position_error_m,17,finger_joint,pinky,finger_e17_ring_j2_m0d050,proximal,,,,,P045,m,0.013345399130147843
P045,,,,near_interaction_orientation_error_rad,17,finger_joint,pinky,finger_e17_ring_j2_m0d050,proximal,,,,,P045,rad,0.46260436011522005
P045,,,,native_surface_unsigned_distance_m,17,finger_joint,pinky,finger_e17_ring_j2_m0d050,proximal,,,,,P045,m,0.0699533069982155
P045,-0.15829793682952395,-0.0709039651832867,0.015112763085351859,native_surface_signed_distance_m,17,finger_joint,pinky,finger_e17_ring_j2_m0d050,proximal,-0.2263189114830149,-0.0821804224040504,0.02692181383992214,True,P045,m,-0.0699533075094223
P045,,,,near_interaction_position_error_m,17,finger_joint,pinky,finger_e17_ring_j2_m0d050,distal,,,,,P045,m,0.02012322224846169
P045,,,,near_interaction_orientation_error_rad,17,finger_joint,pinky,finger_e17_ring_j2_m0d050,distal,,,,,P045,rad,0.5984500630318715
P045,,,,native_surface_unsigned_distance_m,17,finger_joint,pinky,finger_e17_ring_j2_m0d050,distal,,,,,P045,m,0.05284409257795951
P045,-0.15869448813284404,-0.05922731788220683,0.01385350817509941,native_surface_signed_distance_m,17,finger_joint,pinky,finger_e17_ring_j2_m0d050,distal,-0.2113152205793032,-0.06028354076515072,0.009116311703803085,True,P045,m,-0.052844081073999405
P045,,,,global_E_bone_diagnostic,17,finger_joint,ALL,finger_e17_ring_j2_m0d050,,,,,,P045,squared_direction,3.117067538845127
P045,,,,global_E_IM_diagnostic,17,finger_joint,ALL,finger_e17_ring_j2_m0d050,,,,,,P045,m_squared,9.94679044003308e-05
P046,,,,wrist_orientation_error_rad,17,finger_joint,ALL,finger_e17_ring_j2_m0d025,,,,,,P046,rad,0.1093293193569973
P046,,,,wrist_tray_position_error_m,17,finger_joint,ALL,finger_e17_ring_j2_m0d025,,,,,,P046,m,0.03795244208235013
P046,,,,fingertip_position_error_m,17,finger_joint,thumb,finger_e17_ring_j2_m0d025,,,,,,P046,m,0.01162584609676707
P046,,,,fingertip_orientation_error_rad,17,finger_joint,thumb,finger_e17_ring_j2_m0d025,,,,,,P046,rad,0.25122328229058577
P046,,,,wrist_to_tip_vector_error_m,17,finger_joint,thumb,finger_e17_ring_j2_m0d025,,,,,,P046,m,0.028703168547039748
P046,,,,direct_proximal_orientation_error_rad,17,finger_joint,thumb,finger_e17_ring_j2_m0d025,,,,,,P046,rad,0.8257322637479504
P046,,,,direct_distal_orientation_error_rad,17,finger_joint,thumb,finger_e17_ring_j2_m0d025,,,,,,P046,rad,0.15527365227031176
P046,,,,thumb_to_tip_vector_error_m,17,finger_joint,thumb,finger_e17_ring_j2_m0d025,,,,,,P046,m,0.0
P046,,,,global_E_bone_diagnostic,17,finger_joint,thumb,finger_e17_ring_j2_m0d025,,,,,,P046,squared_direction,0.7882754025856384
P046,,,,fingertip_position_error_m,17,finger_joint,index,finger_e17_ring_j2_m0d025,,,,,,P046,m,0.007623925438498605
P046,,,,fingertip_orientation_error_rad,17,finger_joint,index,finger_e17_ring_j2_m0d025,,,,,,P046,rad,0.2712015762057116
P046,,,,wrist_to_tip_vector_error_m,17,finger_joint,index,finger_e17_ring_j2_m0d025,,,,,,P046,m,0.03520429388280065
P046,,,,direct_proximal_orientation_error_rad,17,finger_joint,index,finger_e17_ring_j2_m0d025,,,,,,P046,rad,0.7419223728708675
P046,,,,direct_distal_orientation_error_rad,17,finger_joint,index,finger_e17_ring_j2_m0d025,,,,,,P046,rad,1.0561991779985422
P046,,,,thumb_to_tip_vector_error_m,17,finger_joint,index,finger_e17_ring_j2_m0d025,,,,,,P046,m,0.008613004506196214
P046,,,,global_E_bone_diagnostic,17,finger_joint,index,finger_e17_ring_j2_m0d025,,,,,,P046,squared_direction,1.0065896763217124
P046,,,,fingertip_position_error_m,17,finger_joint,middle,finger_e17_ring_j2_m0d025,,,,,,P046,m,0.012904749936062025
P046,,,,fingertip_orientation_error_rad,17,finger_joint,middle,finger_e17_ring_j2_m0d025,,,,,,P046,rad,0.23138012069225133
P046,,,,wrist_to_tip_vector_error_m,17,finger_joint,middle,finger_e17_ring_j2_m0d025,,,,,,P046,m,0.029039613974281536
P046,,,,direct_proximal_orientation_error_rad,17,finger_joint,middle,finger_e17_ring_j2_m0d025,,,,,,P046,rad,0.14175076915850124
P046,,,,direct_distal_orientation_error_rad,17,finger_joint,middle,finger_e17_ring_j2_m0d025,,,,,,P046,rad,0.1695156385662786
P046,,,,thumb_to_tip_vector_error_m,17,finger_joint,middle,finger_e17_ring_j2_m0d025,,,,,,P046,m,0.014528060350980749
P046,,,,global_E_bone_diagnostic,17,finger_joint,middle,finger_e17_ring_j2_m0d025,,,,,,P046,squared_direction,0.0933932451102937
P046,,,,fingertip_position_error_m,17,finger_joint,ring,finger_e17_ring_j2_m0d025,,,,,,P046,m,0.0037502102509232894
P046,,,,fingertip_orientation_error_rad,17,finger_joint,ring,finger_e17_ring_j2_m0d025,,,,,,P046,rad,0.32322224598538907
P046,,,,wrist_to_tip_vector_error_m,17,finger_joint,ring,finger_e17_ring_j2_m0d025,,,,,,P046,m,0.04160643556392323
P046,,,,direct_proximal_orientation_error_rad,17,finger_joint,ring,finger_e17_ring_j2_m0d025,,,,,,P046,rad,0.16471671331391027
P046,,,,direct_distal_orientation_error_rad,17,finger_joint,ring,finger_e17_ring_j2_m0d025,,,,,,P046,rad,0.4343020083050502
P046,,,,thumb_to_tip_vector_error_m,17,finger_joint,ring,finger_e17_ring_j2_m0d025,,,,,,P046,m,0.017181055256062044
P046,,,,global_E_bone_diagnostic,17,finger_joint,ring,finger_e17_ring_j2_m0d025,,,,,,P046,squared_direction,0.3113931776112274
P046,,,,near_interaction_position_error_m,17,finger_joint,ring,finger_e17_ring_j2_m0d025,proximal,,,,,P046,m,0.01764838923148031
P046,,,,near_interaction_orientation_error_rad,17,finger_joint,ring,finger_e17_ring_j2_m0d025,proximal,,,,,P046,rad,0.1364548782343718
P046,,,,native_surface_unsigned_distance_m,17,finger_joint,ring,finger_e17_ring_j2_m0d025,proximal,,,,,P046,m,0.053701888954728126
P046,-0.15796399,-0.07167661,0.01594565,native_surface_signed_distance_m,17,finger_joint,ring,finger_e17_ring_j2_m0d025,proximal,-0.2068220695733887,-0.08187022236874095,0.03576662890070569,True,P046,m,-0.05370188504457474
P046,,,,near_interaction_position_error_m,17,finger_joint,ring,finger_e17_ring_j2_m0d025,distal,,,,,P046,m,0.005230599476418164
P046,,,,near_interaction_orientation_error_rad,17,finger_joint,ring,finger_e17_ring_j2_m0d025,distal,,,,,P046,rad,0.32620158987689923
P046,,,,native_surface_unsigned_distance_m,17,finger_joint,ring,finger_e17_ring_j2_m0d025,distal,,,,,P046,m,0.029741972697917663
P046,-0.15867954,-0.06824574,0.01399503,native_surface_signed_distance_m,17,finger_joint,ring,finger_e17_ring_j2_m0d025,distal,-0.1883074814010932,-0.07018752492764184,0.015726936346154397,True,P046,m,-0.029741965234279633
P046,,,,fingertip_position_error_m,17,finger_joint,pinky,finger_e17_ring_j2_m0d025,,,,,,P046,m,0.02088266515312787
P046,,,,fingertip_orientation_error_rad,17,finger_joint,pinky,finger_e17_ring_j2_m0d025,,,,,,P046,rad,0.6323450762240629
P046,,,,wrist_to_tip_vector_error_m,17,finger_joint,pinky,finger_e17_ring_j2_m0d025,,,,,,P046,m,0.05794970066050754
P046,,,,direct_proximal_orientation_error_rad,17,finger_joint,pinky,finger_e17_ring_j2_m0d025,,,,,,P046,rad,0.4796646711879634
P046,,,,direct_distal_orientation_error_rad,17,finger_joint,pinky,finger_e17_ring_j2_m0d025,,,,,,P046,rad,0.6835604299212962
P046,,,,thumb_to_tip_vector_error_m,17,finger_joint,pinky,finger_e17_ring_j2_m0d025,,,,,,P046,m,0.03387232720975263
P046,,,,global_E_bone_diagnostic,17,finger_joint,pinky,finger_e17_ring_j2_m0d025,,,,,,P046,squared_direction,0.9095160901538635
P046,,,,near_interaction_position_error_m,17,finger_joint,pinky,finger_e17_ring_j2_m0d025,proximal,,,,,P046,m,0.013345399130147843
P046,,,,near_interaction_orientation_error_rad,17,finger_joint,pinky,finger_e17_ring_j2_m0d025,proximal,,,,,P046,rad,0.46260436011522005
P046,,,,native_surface_unsigned_distance_m,17,finger_joint,pinky,finger_e17_ring_j2_m0d025,proximal,,,,,P046,m,0.0699533069982155
P046,-0.15829793682952395,-0.0709039651832867,0.015112763085351859,native_surface_signed_distance_m,17,finger_joint,pinky,finger_e17_ring_j2_m0d025,proximal,-0.2263189114830149,-0.0821804224040504,0.02692181383992214,True,P046,m,-0.0699533075094223
P046,,,,near_interaction_position_error_m,17,finger_joint,pinky,finger_e17_ring_j2_m0d025,distal,,,,,P046,m,0.02012322224846169
P046,,,,near_interaction_orientation_error_rad,17,finger_joint,pinky,finger_e17_ring_j2_m0d025,distal,,,,,P046,rad,0.5984500630318715
P046,,,,native_surface_unsigned_distance_m,17,finger_joint,pinky,finger_e17_ring_j2_m0d025,distal,,,,,P046,m,0.05284409257795951
P046,-0.15869448813284404,-0.05922731788220683,0.01385350817509941,native_surface_signed_distance_m,17,finger_joint,pinky,finger_e17_ring_j2_m0d025,distal,-0.2113152205793032,-0.06028354076515072,0.009116311703803085,True,P046,m,-0.052844081073999405
P046,,,,global_E_bone_diagnostic,17,finger_joint,ALL,finger_e17_ring_j2_m0d025,,,,,,P046,squared_direction,3.1091675917827355
P046,,,,global_E_IM_diagnostic,17,finger_joint,ALL,finger_e17_ring_j2_m0d025,,,,,,P046,m_squared,9.909392873808249e-05
P047,,,,wrist_orientation_error_rad,17,finger_joint,ALL,finger_e17_ring_j2_p0d000,,,,,,P047,rad,0.1093293193569973
P047,,,,wrist_tray_position_error_m,17,finger_joint,ALL,finger_e17_ring_j2_p0d000,,,,,,P047,m,0.03795244208235013
P047,,,,fingertip_position_error_m,17,finger_joint,thumb,finger_e17_ring_j2_p0d000,,,,,,P047,m,0.01162584609676707
P047,,,,fingertip_orientation_error_rad,17,finger_joint,thumb,finger_e17_ring_j2_p0d000,,,,,,P047,rad,0.25122328229058577
P047,,,,wrist_to_tip_vector_error_m,17,finger_joint,thumb,finger_e17_ring_j2_p0d000,,,,,,P047,m,0.028703168547039748
P047,,,,direct_proximal_orientation_error_rad,17,finger_joint,thumb,finger_e17_ring_j2_p0d000,,,,,,P047,rad,0.8257322637479504
P047,,,,direct_distal_orientation_error_rad,17,finger_joint,thumb,finger_e17_ring_j2_p0d000,,,,,,P047,rad,0.15527365227031176
P047,,,,thumb_to_tip_vector_error_m,17,finger_joint,thumb,finger_e17_ring_j2_p0d000,,,,,,P047,m,0.0
P047,,,,global_E_bone_diagnostic,17,finger_joint,thumb,finger_e17_ring_j2_p0d000,,,,,,P047,squared_direction,0.7882754025856384
P047,,,,fingertip_position_error_m,17,finger_joint,index,finger_e17_ring_j2_p0d000,,,,,,P047,m,0.007623925438498605
P047,,,,fingertip_orientation_error_rad,17,finger_joint,index,finger_e17_ring_j2_p0d000,,,,,,P047,rad,0.2712015762057116
P047,,,,wrist_to_tip_vector_error_m,17,finger_joint,index,finger_e17_ring_j2_p0d000,,,,,,P047,m,0.03520429388280065
P047,,,,direct_proximal_orientation_error_rad,17,finger_joint,index,finger_e17_ring_j2_p0d000,,,,,,P047,rad,0.7419223728708675
P047,,,,direct_distal_orientation_error_rad,17,finger_joint,index,finger_e17_ring_j2_p0d000,,,,,,P047,rad,1.0561991779985422
P047,,,,thumb_to_tip_vector_error_m,17,finger_joint,index,finger_e17_ring_j2_p0d000,,,,,,P047,m,0.008613004506196214
P047,,,,global_E_bone_diagnostic,17,finger_joint,index,finger_e17_ring_j2_p0d000,,,,,,P047,squared_direction,1.0065896763217124
P047,,,,fingertip_position_error_m,17,finger_joint,middle,finger_e17_ring_j2_p0d000,,,,,,P047,m,0.012904749936062025
P047,,,,fingertip_orientation_error_rad,17,finger_joint,middle,finger_e17_ring_j2_p0d000,,,,,,P047,rad,0.23138012069225133
P047,,,,wrist_to_tip_vector_error_m,17,finger_joint,middle,finger_e17_ring_j2_p0d000,,,,,,P047,m,0.029039613974281536
P047,,,,direct_proximal_orientation_error_rad,17,finger_joint,middle,finger_e17_ring_j2_p0d000,,,,,,P047,rad,0.14175076915850124
P047,,,,direct_distal_orientation_error_rad,17,finger_joint,middle,finger_e17_ring_j2_p0d000,,,,,,P047,rad,0.1695156385662786
P047,,,,thumb_to_tip_vector_error_m,17,finger_joint,middle,finger_e17_ring_j2_p0d000,,,,,,P047,m,0.014528060350980749
P047,,,,global_E_bone_diagnostic,17,finger_joint,middle,finger_e17_ring_j2_p0d000,,,,,,P047,squared_direction,0.0933932451102937
P047,,,,fingertip_position_error_m,17,finger_joint,ring,finger_e17_ring_j2_p0d000,,,,,,P047,m,0.0024686733885520666
P047,,,,fingertip_orientation_error_rad,17,finger_joint,ring,finger_e17_ring_j2_p0d000,,,,,,P047,rad,0.3206434977119693
P047,,,,wrist_to_tip_vector_error_m,17,finger_joint,ring,finger_e17_ring_j2_p0d000,,,,,,P047,m,0.04084722660557787
P047,,,,direct_proximal_orientation_error_rad,17,finger_joint,ring,finger_e17_ring_j2_p0d000,,,,,,P047,rad,0.16471671331391027
P047,,,,direct_distal_orientation_error_rad,17,finger_joint,ring,finger_e17_ring_j2_p0d000,,,,,,P047,rad,0.42968498652708514
P047,,,,thumb_to_tip_vector_error_m,17,finger_joint,ring,finger_e17_ring_j2_p0d000,,,,,,P047,m,0.015965769872865274
P047,,,,global_E_bone_diagnostic,17,finger_joint,ring,finger_e17_ring_j2_p0d000,,,,,,P047,squared_direction,0.3070296554784516
P047,,,,near_interaction_position_error_m,17,finger_joint,ring,finger_e17_ring_j2_p0d000,proximal,,,,,P047,m,0.01764838923148031
P047,,,,near_interaction_orientation_error_rad,17,finger_joint,ring,finger_e17_ring_j2_p0d000,proximal,,,,,P047,rad,0.1364548782343718
P047,,,,native_surface_unsigned_distance_m,17,finger_joint,ring,finger_e17_ring_j2_p0d000,proximal,,,,,P047,m,0.053701888954728126
P047,-0.15796399,-0.07167661,0.01594565,native_surface_signed_distance_m,17,finger_joint,ring,finger_e17_ring_j2_p0d000,proximal,-0.2068220695733887,-0.08187022236874095,0.03576662890070569,True,P047,m,-0.05370188504457474
P047,,,,near_interaction_position_error_m,17,finger_joint,ring,finger_e17_ring_j2_p0d000,distal,,,,,P047,m,0.004882918110617042
P047,,,,near_interaction_orientation_error_rad,17,finger_joint,ring,finger_e17_ring_j2_p0d000,distal,,,,,P047,rad,0.32157814453981226
P047,,,,native_surface_unsigned_distance_m,17,finger_joint,ring,finger_e17_ring_j2_p0d000,distal,,,,,P047,m,0.030106243298632724
P047,-0.15866099291327554,-0.06825810047908401,0.014285924737021036,native_surface_signed_distance_m,17,finger_joint,ring,finger_e17_ring_j2_p0d000,distal,-0.18861902021043958,-0.07063065488248658,0.016095198519989497,True,P047,m,-0.030106237158179283
P047,,,,fingertip_position_error_m,17,finger_joint,pinky,finger_e17_ring_j2_p0d000,,,,,,P047,m,0.02088266515312787
P047,,,,fingertip_orientation_error_rad,17,finger_joint,pinky,finger_e17_ring_j2_p0d000,,,,,,P047,rad,0.6323450762240629
P047,,,,wrist_to_tip_vector_error_m,17,finger_joint,pinky,finger_e17_ring_j2_p0d000,,,,,,P047,m,0.05794970066050754
P047,,,,direct_proximal_orientation_error_rad,17,finger_joint,pinky,finger_e17_ring_j2_p0d000,,,,,,P047,rad,0.4796646711879634
P047,,,,direct_distal_orientation_error_rad,17,finger_joint,pinky,finger_e17_ring_j2_p0d000,,,,,,P047,rad,0.6835604299212962
P047,,,,thumb_to_tip_vector_error_m,17,finger_joint,pinky,finger_e17_ring_j2_p0d000,,,,,,P047,m,0.03387232720975263
P047,,,,global_E_bone_diagnostic,17,finger_joint,pinky,finger_e17_ring_j2_p0d000,,,,,,P047,squared_direction,0.9095160901538635
P047,,,,near_interaction_position_error_m,17,finger_joint,pinky,finger_e17_ring_j2_p0d000,proximal,,,,,P047,m,0.013345399130147843
P047,,,,near_interaction_orientation_error_rad,17,finger_joint,pinky,finger_e17_ring_j2_p0d000,proximal,,,,,P047,rad,0.46260436011522005
P047,,,,native_surface_unsigned_distance_m,17,finger_joint,pinky,finger_e17_ring_j2_p0d000,proximal,,,,,P047,m,0.0699533069982155
P047,-0.15829793682952395,-0.0709039651832867,0.015112763085351859,native_surface_signed_distance_m,17,finger_joint,pinky,finger_e17_ring_j2_p0d000,proximal,-0.2263189114830149,-0.0821804224040504,0.02692181383992214,True,P047,m,-0.0699533075094223
P047,,,,near_interaction_position_error_m,17,finger_joint,pinky,finger_e17_ring_j2_p0d000,distal,,,,,P047,m,0.02012322224846169
P047,,,,near_interaction_orientation_error_rad,17,finger_joint,pinky,finger_e17_ring_j2_p0d000,distal,,,,,P047,rad,0.5984500630318715
P047,,,,native_surface_unsigned_distance_m,17,finger_joint,pinky,finger_e17_ring_j2_p0d000,distal,,,,,P047,m,0.05284409257795951
P047,-0.15869448813284404,-0.05922731788220683,0.01385350817509941,native_surface_signed_distance_m,17,finger_joint,pinky,finger_e17_ring_j2_p0d000,distal,-0.2113152205793032,-0.06028354076515072,0.009116311703803085,True,P047,m,-0.052844081073999405
P047,,,,global_E_bone_diagnostic,17,finger_joint,ALL,finger_e17_ring_j2_p0d000,,,,,,P047,squared_direction,3.1048040696499597
P047,,,,global_E_IM_diagnostic,17,finger_joint,ALL,finger_e17_ring_j2_p0d000,,,,,,P047,m_squared,9.879988809578875e-05
P048,,,,wrist_orientation_error_rad,17,finger_joint,ALL,finger_e17_ring_j2_p0d025,,,,,,P048,rad,0.1093293193569973
P048,,,,wrist_tray_position_error_m,17,finger_joint,ALL,finger_e17_ring_j2_p0d025,,,,,,P048,m,0.03795244208235013
P048,,,,fingertip_position_error_m,17,finger_joint,thumb,finger_e17_ring_j2_p0d025,,,,,,P048,m,0.01162584609676707
P048,,,,fingertip_orientation_error_rad,17,finger_joint,thumb,finger_e17_ring_j2_p0d025,,,,,,P048,rad,0.25122328229058577
P048,,,,wrist_to_tip_vector_error_m,17,finger_joint,thumb,finger_e17_ring_j2_p0d025,,,,,,P048,m,0.028703168547039748
P048,,,,direct_proximal_orientation_error_rad,17,finger_joint,thumb,finger_e17_ring_j2_p0d025,,,,,,P048,rad,0.8257322637479504
P048,,,,direct_distal_orientation_error_rad,17,finger_joint,thumb,finger_e17_ring_j2_p0d025,,,,,,P048,rad,0.15527365227031176
P048,,,,thumb_to_tip_vector_error_m,17,finger_joint,thumb,finger_e17_ring_j2_p0d025,,,,,,P048,m,0.0
P048,,,,global_E_bone_diagnostic,17,finger_joint,thumb,finger_e17_ring_j2_p0d025,,,,,,P048,squared_direction,0.7882754025856384
P048,,,,fingertip_position_error_m,17,finger_joint,index,finger_e17_ring_j2_p0d025,,,,,,P048,m,0.007623925438498605
P048,,,,fingertip_orientation_error_rad,17,finger_joint,index,finger_e17_ring_j2_p0d025,,,,,,P048,rad,0.2712015762057116
P048,,,,wrist_to_tip_vector_error_m,17,finger_joint,index,finger_e17_ring_j2_p0d025,,,,,,P048,m,0.03520429388280065
P048,,,,direct_proximal_orientation_error_rad,17,finger_joint,index,finger_e17_ring_j2_p0d025,,,,,,P048,rad,0.7419223728708675
P048,,,,direct_distal_orientation_error_rad,17,finger_joint,index,finger_e17_ring_j2_p0d025,,,,,,P048,rad,1.0561991779985422
P048,,,,thumb_to_tip_vector_error_m,17,finger_joint,index,finger_e17_ring_j2_p0d025,,,,,,P048,m,0.008613004506196214
P048,,,,global_E_bone_diagnostic,17,finger_joint,index,finger_e17_ring_j2_p0d025,,,,,,P048,squared_direction,1.0065896763217124
P048,,,,fingertip_position_error_m,17,finger_joint,middle,finger_e17_ring_j2_p0d025,,,,,,P048,m,0.012904749936062025
P048,,,,fingertip_orientation_error_rad,17,finger_joint,middle,finger_e17_ring_j2_p0d025,,,,,,P048,rad,0.23138012069225133
P048,,,,wrist_to_tip_vector_error_m,17,finger_joint,middle,finger_e17_ring_j2_p0d025,,,,,,P048,m,0.029039613974281536
P048,,,,direct_proximal_orientation_error_rad,17,finger_joint,middle,finger_e17_ring_j2_p0d025,,,,,,P048,rad,0.14175076915850124
P048,,,,direct_distal_orientation_error_rad,17,finger_joint,middle,finger_e17_ring_j2_p0d025,,,,,,P048,rad,0.1695156385662786
P048,,,,thumb_to_tip_vector_error_m,17,finger_joint,middle,finger_e17_ring_j2_p0d025,,,,,,P048,m,0.014528060350980749
P048,,,,global_E_bone_diagnostic,17,finger_joint,middle,finger_e17_ring_j2_p0d025,,,,,,P048,squared_direction,0.0933932451102937
P048,,,,fingertip_position_error_m,17,finger_joint,ring,finger_e17_ring_j2_p0d025,,,,,,P048,m,0.001266627820057543
P048,,,,fingertip_orientation_error_rad,17,finger_joint,ring,finger_e17_ring_j2_p0d025,,,,,,P048,rad,0.32514666223970373
P048,,,,wrist_to_tip_vector_error_m,17,finger_joint,ring,finger_e17_ring_j2_p0d025,,,,,,P048,m,0.04016920031200789
P048,,,,direct_proximal_orientation_error_rad,17,finger_joint,ring,finger_e17_ring_j2_p0d025,,,,,,P048,rad,0.16471671331391027
P048,,,,direct_distal_orientation_error_rad,17,finger_joint,ring,finger_e17_ring_j2_p0d025,,,,,,P048,rad,0.43007152842314295
P048,,,,thumb_to_tip_vector_error_m,17,finger_joint,ring,finger_e17_ring_j2_p0d025,,,,,,P048,m,0.014794132824771341
P048,,,,global_E_bone_diagnostic,17,finger_joint,ring,finger_e17_ring_j2_p0d025,,,,,,P048,squared_direction,0.30621260990015814
P048,,,,near_interaction_position_error_m,17,finger_joint,ring,finger_e17_ring_j2_p0d025,proximal,,,,,P048,m,0.01764838923148031
P048,,,,near_interaction_orientation_error_rad,17,finger_joint,ring,finger_e17_ring_j2_p0d025,proximal,,,,,P048,rad,0.1364548782343718
P048,,,,native_surface_unsigned_distance_m,17,finger_joint,ring,finger_e17_ring_j2_p0d025,proximal,,,,,P048,m,0.053701888954728126
P048,-0.15796399,-0.07167661,0.01594565,native_surface_signed_distance_m,17,finger_joint,ring,finger_e17_ring_j2_p0d025,proximal,-0.2068220695733887,-0.08187022236874095,0.03576662890070569,True,P048,m,-0.05370188504457474
P048,,,,near_interaction_position_error_m,17,finger_joint,ring,finger_e17_ring_j2_p0d025,distal,,,,,P048,m,0.004622825948565661
P048,,,,near_interaction_orientation_error_rad,17,finger_joint,ring,finger_e17_ring_j2_p0d025,distal,,,,,P048,rad,0.323829673001044
P048,,,,native_surface_unsigned_distance_m,17,finger_joint,ring,finger_e17_ring_j2_p0d025,distal,,,,,P048,m,0.030490634043492084
P048,-0.1586370043744521,-0.06827408734736085,0.014662163862670387,native_surface_signed_distance_m,17,finger_joint,ring,finger_e17_ring_j2_p0d025,distal,-0.1889467197202412,-0.07105029808375803,0.01647670897881043,True,P048,m,-0.030490636825561523
P048,,,,fingertip_position_error_m,17,finger_joint,pinky,finger_e17_ring_j2_p0d025,,,,,,P048,m,0.02088266515312787
P048,,,,fingertip_orientation_error_rad,17,finger_joint,pinky,finger_e17_ring_j2_p0d025,,,,,,P048,rad,0.6323450762240629
P048,,,,wrist_to_tip_vector_error_m,17,finger_joint,pinky,finger_e17_ring_j2_p0d025,,,,,,P048,m,0.05794970066050754
P048,,,,direct_proximal_orientation_error_rad,17,finger_joint,pinky,finger_e17_ring_j2_p0d025,,,,,,P048,rad,0.4796646711879634
P048,,,,direct_distal_orientation_error_rad,17,finger_joint,pinky,finger_e17_ring_j2_p0d025,,,,,,P048,rad,0.6835604299212962
P048,,,,thumb_to_tip_vector_error_m,17,finger_joint,pinky,finger_e17_ring_j2_p0d025,,,,,,P048,m,0.03387232720975263
P048,,,,global_E_bone_diagnostic,17,finger_joint,pinky,finger_e17_ring_j2_p0d025,,,,,,P048,squared_direction,0.9095160901538635
P048,,,,near_interaction_position_error_m,17,finger_joint,pinky,finger_e17_ring_j2_p0d025,proximal,,,,,P048,m,0.013345399130147843
P048,,,,near_interaction_orientation_error_rad,17,finger_joint,pinky,finger_e17_ring_j2_p0d025,proximal,,,,,P048,rad,0.46260436011522005
P048,,,,native_surface_unsigned_distance_m,17,finger_joint,pinky,finger_e17_ring_j2_p0d025,proximal,,,,,P048,m,0.0699533069982155
P048,-0.15829793682952395,-0.0709039651832867,0.015112763085351859,native_surface_signed_distance_m,17,finger_joint,pinky,finger_e17_ring_j2_p0d025,proximal,-0.2263189114830149,-0.0821804224040504,0.02692181383992214,True,P048,m,-0.0699533075094223
P048,,,,near_interaction_position_error_m,17,finger_joint,pinky,finger_e17_ring_j2_p0d025,distal,,,,,P048,m,0.02012322224846169
P048,,,,near_interaction_orientation_error_rad,17,finger_joint,pinky,finger_e17_ring_j2_p0d025,distal,,,,,P048,rad,0.5984500630318715
P048,,,,native_surface_unsigned_distance_m,17,finger_joint,pinky,finger_e17_ring_j2_p0d025,distal,,,,,P048,m,0.05284409257795951
P048,-0.15869448813284404,-0.05922731788220683,0.01385350817509941,native_surface_signed_distance_m,17,finger_joint,pinky,finger_e17_ring_j2_p0d025,distal,-0.2113152205793032,-0.06028354076515072,0.009116311703803085,True,P048,m,-0.052844081073999405
P048,,,,global_E_bone_diagnostic,17,finger_joint,ALL,finger_e17_ring_j2_p0d025,,,,,,P048,squared_direction,3.103987024071666
P048,,,,global_E_IM_diagnostic,17,finger_joint,ALL,finger_e17_ring_j2_p0d025,,,,,,P048,m_squared,9.858645981302524e-05
P049,,,,wrist_orientation_error_rad,17,finger_joint,ALL,finger_e17_ring_j2_p0d050,,,,,,P049,rad,0.1093293193569973
P049,,,,wrist_tray_position_error_m,17,finger_joint,ALL,finger_e17_ring_j2_p0d050,,,,,,P049,m,0.03795244208235013
P049,,,,fingertip_position_error_m,17,finger_joint,thumb,finger_e17_ring_j2_p0d050,,,,,,P049,m,0.01162584609676707
P049,,,,fingertip_orientation_error_rad,17,finger_joint,thumb,finger_e17_ring_j2_p0d050,,,,,,P049,rad,0.25122328229058577
P049,,,,wrist_to_tip_vector_error_m,17,finger_joint,thumb,finger_e17_ring_j2_p0d050,,,,,,P049,m,0.028703168547039748
P049,,,,direct_proximal_orientation_error_rad,17,finger_joint,thumb,finger_e17_ring_j2_p0d050,,,,,,P049,rad,0.8257322637479504
P049,,,,direct_distal_orientation_error_rad,17,finger_joint,thumb,finger_e17_ring_j2_p0d050,,,,,,P049,rad,0.15527365227031176
P049,,,,thumb_to_tip_vector_error_m,17,finger_joint,thumb,finger_e17_ring_j2_p0d050,,,,,,P049,m,0.0
P049,,,,global_E_bone_diagnostic,17,finger_joint,thumb,finger_e17_ring_j2_p0d050,,,,,,P049,squared_direction,0.7882754025856384
P049,,,,fingertip_position_error_m,17,finger_joint,index,finger_e17_ring_j2_p0d050,,,,,,P049,m,0.007623925438498605
P049,,,,fingertip_orientation_error_rad,17,finger_joint,index,finger_e17_ring_j2_p0d050,,,,,,P049,rad,0.2712015762057116
P049,,,,wrist_to_tip_vector_error_m,17,finger_joint,index,finger_e17_ring_j2_p0d050,,,,,,P049,m,0.03520429388280065
P049,,,,direct_proximal_orientation_error_rad,17,finger_joint,index,finger_e17_ring_j2_p0d050,,,,,,P049,rad,0.7419223728708675
P049,,,,direct_distal_orientation_error_rad,17,finger_joint,index,finger_e17_ring_j2_p0d050,,,,,,P049,rad,1.0561991779985422
P049,,,,thumb_to_tip_vector_error_m,17,finger_joint,index,finger_e17_ring_j2_p0d050,,,,,,P049,m,0.008613004506196214
P049,,,,global_E_bone_diagnostic,17,finger_joint,index,finger_e17_ring_j2_p0d050,,,,,,P049,squared_direction,1.0065896763217124
P049,,,,fingertip_position_error_m,17,finger_joint,middle,finger_e17_ring_j2_p0d050,,,,,,P049,m,0.012904749936062025
P049,,,,fingertip_orientation_error_rad,17,finger_joint,middle,finger_e17_ring_j2_p0d050,,,,,,P049,rad,0.23138012069225133
P049,,,,wrist_to_tip_vector_error_m,17,finger_joint,middle,finger_e17_ring_j2_p0d050,,,,,,P049,m,0.029039613974281536
P049,,,,direct_proximal_orientation_error_rad,17,finger_joint,middle,finger_e17_ring_j2_p0d050,,,,,,P049,rad,0.14175076915850124
P049,,,,direct_distal_orientation_error_rad,17,finger_joint,middle,finger_e17_ring_j2_p0d050,,,,,,P049,rad,0.1695156385662786
P049,,,,thumb_to_tip_vector_error_m,17,finger_joint,middle,finger_e17_ring_j2_p0d050,,,,,,P049,m,0.014528060350980749
P049,,,,global_E_bone_diagnostic,17,finger_joint,middle,finger_e17_ring_j2_p0d050,,,,,,P049,squared_direction,0.0933932451102937
P049,,,,fingertip_position_error_m,17,finger_joint,ring,finger_e17_ring_j2_p0d050,,,,,,P049,m,0.0007774401011413171
P049,,,,fingertip_orientation_error_rad,17,finger_joint,ring,finger_e17_ring_j2_p0d050,,,,,,P049,rad,0.3364474800017386
P049,,,,wrist_to_tip_vector_error_m,17,finger_joint,ring,finger_e17_ring_j2_p0d050,,,,,,P049,m,0.03957812798369799
P049,,,,direct_proximal_orientation_error_rad,17,finger_joint,ring,finger_e17_ring_j2_p0d050,,,,,,P049,rad,0.16471671331391027
P049,,,,direct_distal_orientation_error_rad,17,finger_joint,ring,finger_e17_ring_j2_p0d050,,,,,,P049,rad,0.43544826500216716
P049,,,,thumb_to_tip_vector_error_m,17,finger_joint,ring,finger_e17_ring_j2_p0d050,,,,,,P049,m,0.013680400354334432
P049,,,,global_E_bone_diagnostic,17,finger_joint,ring,finger_e17_ring_j2_p0d050,,,,,,P049,squared_direction,0.30894392298794987
P049,,,,near_interaction_position_error_m,17,finger_joint,ring,finger_e17_ring_j2_p0d050,proximal,,,,,P049,m,0.01764838923148031
P049,,,,near_interaction_orientation_error_rad,17,finger_joint,ring,finger_e17_ring_j2_p0d050,proximal,,,,,P049,rad,0.1364548782343718
P049,,,,native_surface_unsigned_distance_m,17,finger_joint,ring,finger_e17_ring_j2_p0d050,proximal,,,,,P049,m,0.053701888954728126
P049,-0.15796399,-0.07167661,0.01594565,native_surface_signed_distance_m,17,finger_joint,ring,finger_e17_ring_j2_p0d050,proximal,-0.2068220695733887,-0.08187022236874095,0.03576662890070569,True,P049,m,-0.05370188504457474
P049,,,,near_interaction_position_error_m,17,finger_joint,ring,finger_e17_ring_j2_p0d050,distal,,,,,P049,m,0.0044662912528962186
P049,,,,near_interaction_orientation_error_rad,17,finger_joint,ring,finger_e17_ring_j2_p0d050,distal,,,,,P049,rad,0.33281653461582483
P049,,,,native_surface_unsigned_distance_m,17,finger_joint,ring,finger_e17_ring_j2_p0d050,distal,,,,,P049,m,0.03089162544479111
P049,-0.1585910052431741,-0.06861066288180201,0.01491131553560256,native_surface_signed_distance_m,17,finger_joint,ring,finger_e17_ring_j2_p0d050,distal,-0.18928982505578026,-0.0714454878591429,0.016870588891275257,True,P049,m,-0.030891621485352516
P049,,,,fingertip_position_error_m,17,finger_joint,pinky,finger_e17_ring_j2_p0d050,,,,,,P049,m,0.02088266515312787
P049,,,,fingertip_orientation_error_rad,17,finger_joint,pinky,finger_e17_ring_j2_p0d050,,,,,,P049,rad,0.6323450762240629
P049,,,,wrist_to_tip_vector_error_m,17,finger_joint,pinky,finger_e17_ring_j2_p0d050,,,,,,P049,m,0.05794970066050754
P049,,,,direct_proximal_orientation_error_rad,17,finger_joint,pinky,finger_e17_ring_j2_p0d050,,,,,,P049,rad,0.4796646711879634
P049,,,,direct_distal_orientation_error_rad,17,finger_joint,pinky,finger_e17_ring_j2_p0d050,,,,,,P049,rad,0.6835604299212962
P049,,,,thumb_to_tip_vector_error_m,17,finger_joint,pinky,finger_e17_ring_j2_p0d050,,,,,,P049,m,0.03387232720975263
P049,,,,global_E_bone_diagnostic,17,finger_joint,pinky,finger_e17_ring_j2_p0d050,,,,,,P049,squared_direction,0.9095160901538635
P049,,,,near_interaction_position_error_m,17,finger_joint,pinky,finger_e17_ring_j2_p0d050,proximal,,,,,P049,m,0.013345399130147843
P049,,,,near_interaction_orientation_error_rad,17,finger_joint,pinky,finger_e17_ring_j2_p0d050,proximal,,,,,P049,rad,0.46260436011522005
P049,,,,native_surface_unsigned_distance_m,17,finger_joint,pinky,finger_e17_ring_j2_p0d050,proximal,,,,,P049,m,0.0699533069982155
P049,-0.15829793682952395,-0.0709039651832867,0.015112763085351859,native_surface_signed_distance_m,17,finger_joint,pinky,finger_e17_ring_j2_p0d050,proximal,-0.2263189114830149,-0.0821804224040504,0.02692181383992214,True,P049,m,-0.0699533075094223
P049,,,,near_interaction_position_error_m,17,finger_joint,pinky,finger_e17_ring_j2_p0d050,distal,,,,,P049,m,0.02012322224846169
P049,,,,near_interaction_orientation_error_rad,17,finger_joint,pinky,finger_e17_ring_j2_p0d050,distal,,,,,P049,rad,0.5984500630318715
P049,,,,native_surface_unsigned_distance_m,17,finger_joint,pinky,finger_e17_ring_j2_p0d050,distal,,,,,P049,m,0.05284409257795951
P049,-0.15869448813284404,-0.05922731788220683,0.01385350817509941,native_surface_signed_distance_m,17,finger_joint,pinky,finger_e17_ring_j2_p0d050,distal,-0.2113152205793032,-0.06028354076515072,0.009116311703803085,True,P049,m,-0.052844081073999405
P049,,,,global_E_bone_diagnostic,17,finger_joint,ALL,finger_e17_ring_j2_p0d050,,,,,,P049,squared_direction,3.106718337159458
P049,,,,global_E_IM_diagnostic,17,finger_joint,ALL,finger_e17_ring_j2_p0d050,,,,,,P049,m_squared,9.845413553414898e-05
P050,,,,wrist_orientation_error_rad,17,finger_joint,ALL,finger_e17_pinky_j1_m0d050,,,,,,P050,rad,0.1093293193569973
P050,,,,wrist_tray_position_error_m,17,finger_joint,ALL,finger_e17_pinky_j1_m0d050,,,,,,P050,m,0.03795244208235013
P050,,,,fingertip_position_error_m,17,finger_joint,thumb,finger_e17_pinky_j1_m0d050,,,,,,P050,m,0.01162584609676707
P050,,,,fingertip_orientation_error_rad,17,finger_joint,thumb,finger_e17_pinky_j1_m0d050,,,,,,P050,rad,0.25122328229058577
P050,,,,wrist_to_tip_vector_error_m,17,finger_joint,thumb,finger_e17_pinky_j1_m0d050,,,,,,P050,m,0.028703168547039748
P050,,,,direct_proximal_orientation_error_rad,17,finger_joint,thumb,finger_e17_pinky_j1_m0d050,,,,,,P050,rad,0.8257322637479504
P050,,,,direct_distal_orientation_error_rad,17,finger_joint,thumb,finger_e17_pinky_j1_m0d050,,,,,,P050,rad,0.15527365227031176
P050,,,,thumb_to_tip_vector_error_m,17,finger_joint,thumb,finger_e17_pinky_j1_m0d050,,,,,,P050,m,0.0
P050,,,,global_E_bone_diagnostic,17,finger_joint,thumb,finger_e17_pinky_j1_m0d050,,,,,,P050,squared_direction,0.7882754025856384
P050,,,,fingertip_position_error_m,17,finger_joint,index,finger_e17_pinky_j1_m0d050,,,,,,P050,m,0.007623925438498605
P050,,,,fingertip_orientation_error_rad,17,finger_joint,index,finger_e17_pinky_j1_m0d050,,,,,,P050,rad,0.2712015762057116
P050,,,,wrist_to_tip_vector_error_m,17,finger_joint,index,finger_e17_pinky_j1_m0d050,,,,,,P050,m,0.03520429388280065
P050,,,,direct_proximal_orientation_error_rad,17,finger_joint,index,finger_e17_pinky_j1_m0d050,,,,,,P050,rad,0.7419223728708675
P050,,,,direct_distal_orientation_error_rad,17,finger_joint,index,finger_e17_pinky_j1_m0d050,,,,,,P050,rad,1.0561991779985422
P050,,,,thumb_to_tip_vector_error_m,17,finger_joint,index,finger_e17_pinky_j1_m0d050,,,,,,P050,m,0.008613004506196214
P050,,,,global_E_bone_diagnostic,17,finger_joint,index,finger_e17_pinky_j1_m0d050,,,,,,P050,squared_direction,1.0065896763217124
P050,,,,fingertip_position_error_m,17,finger_joint,middle,finger_e17_pinky_j1_m0d050,,,,,,P050,m,0.012904749936062025
P050,,,,fingertip_orientation_error_rad,17,finger_joint,middle,finger_e17_pinky_j1_m0d050,,,,,,P050,rad,0.23138012069225133
P050,,,,wrist_to_tip_vector_error_m,17,finger_joint,middle,finger_e17_pinky_j1_m0d050,,,,,,P050,m,0.029039613974281536
P050,,,,direct_proximal_orientation_error_rad,17,finger_joint,middle,finger_e17_pinky_j1_m0d050,,,,,,P050,rad,0.14175076915850124
P050,,,,direct_distal_orientation_error_rad,17,finger_joint,middle,finger_e17_pinky_j1_m0d050,,,,,,P050,rad,0.1695156385662786
P050,,,,thumb_to_tip_vector_error_m,17,finger_joint,middle,finger_e17_pinky_j1_m0d050,,,,,,P050,m,0.014528060350980749
P050,,,,global_E_bone_diagnostic,17,finger_joint,middle,finger_e17_pinky_j1_m0d050,,,,,,P050,squared_direction,0.0933932451102937
P050,,,,fingertip_position_error_m,17,finger_joint,ring,finger_e17_pinky_j1_m0d050,,,,,,P050,m,0.0024686733885520666
P050,,,,fingertip_orientation_error_rad,17,finger_joint,ring,finger_e17_pinky_j1_m0d050,,,,,,P050,rad,0.3206434977119693
P050,,,,wrist_to_tip_vector_error_m,17,finger_joint,ring,finger_e17_pinky_j1_m0d050,,,,,,P050,m,0.04084722660557787
P050,,,,direct_proximal_orientation_error_rad,17,finger_joint,ring,finger_e17_pinky_j1_m0d050,,,,,,P050,rad,0.16471671331391027
P050,,,,direct_distal_orientation_error_rad,17,finger_joint,ring,finger_e17_pinky_j1_m0d050,,,,,,P050,rad,0.42968498652708514
P050,,,,thumb_to_tip_vector_error_m,17,finger_joint,ring,finger_e17_pinky_j1_m0d050,,,,,,P050,m,0.015965769872865274
P050,,,,global_E_bone_diagnostic,17,finger_joint,ring,finger_e17_pinky_j1_m0d050,,,,,,P050,squared_direction,0.3070296554784516
P050,,,,near_interaction_position_error_m,17,finger_joint,ring,finger_e17_pinky_j1_m0d050,proximal,,,,,P050,m,0.01764838923148031
P050,,,,near_interaction_orientation_error_rad,17,finger_joint,ring,finger_e17_pinky_j1_m0d050,proximal,,,,,P050,rad,0.1364548782343718
P050,,,,native_surface_unsigned_distance_m,17,finger_joint,ring,finger_e17_pinky_j1_m0d050,proximal,,,,,P050,m,0.053701888954728126
P050,-0.15796399,-0.07167661,0.01594565,native_surface_signed_distance_m,17,finger_joint,ring,finger_e17_pinky_j1_m0d050,proximal,-0.2068220695733887,-0.08187022236874095,0.03576662890070569,True,P050,m,-0.05370188504457474
P050,,,,near_interaction_position_error_m,17,finger_joint,ring,finger_e17_pinky_j1_m0d050,distal,,,,,P050,m,0.004882918110617042
P050,,,,near_interaction_orientation_error_rad,17,finger_joint,ring,finger_e17_pinky_j1_m0d050,distal,,,,,P050,rad,0.32157814453981226
P050,,,,native_surface_unsigned_distance_m,17,finger_joint,ring,finger_e17_pinky_j1_m0d050,distal,,,,,P050,m,0.030106243298632724
P050,-0.15866099291327554,-0.06825810047908401,0.014285924737021036,native_surface_signed_distance_m,17,finger_joint,ring,finger_e17_pinky_j1_m0d050,distal,-0.18861902021043958,-0.07063065488248658,0.016095198519989497,True,P050,m,-0.030106237158179283
P050,,,,fingertip_position_error_m,17,finger_joint,pinky,finger_e17_pinky_j1_m0d050,,,,,,P050,m,0.023683824269188847
P050,,,,fingertip_orientation_error_rad,17,finger_joint,pinky,finger_e17_pinky_j1_m0d050,,,,,,P050,rad,0.6316340045234424
P050,,,,wrist_to_tip_vector_error_m,17,finger_joint,pinky,finger_e17_pinky_j1_m0d050,,,,,,P050,m,0.06231528897458603
P050,,,,direct_proximal_orientation_error_rad,17,finger_joint,pinky,finger_e17_pinky_j1_m0d050,,,,,,P050,rad,0.5756176326197912
P050,,,,direct_distal_orientation_error_rad,17,finger_joint,pinky,finger_e17_pinky_j1_m0d050,,,,,,P050,rad,0.6831160278268924
P050,,,,thumb_to_tip_vector_error_m,17,finger_joint,pinky,finger_e17_pinky_j1_m0d050,,,,,,P050,m,0.03670767278192735
P050,,,,global_E_bone_diagnostic,17,finger_joint,pinky,finger_e17_pinky_j1_m0d050,,,,,,P050,squared_direction,1.015131612579957
P050,,,,near_interaction_position_error_m,17,finger_joint,pinky,finger_e17_pinky_j1_m0d050,proximal,,,,,P050,m,0.012867482506489359
P050,,,,near_interaction_orientation_error_rad,17,finger_joint,pinky,finger_e17_pinky_j1_m0d050,proximal,,,,,P050,rad,0.5586010274301325
P050,,,,native_surface_unsigned_distance_m,17,finger_joint,pinky,finger_e17_pinky_j1_m0d050,proximal,,,,,P050,m,0.07192485706164226
P050,-0.15843849000000002,-0.07025292999999999,0.01492484,native_surface_signed_distance_m,17,finger_joint,pinky,finger_e17_pinky_j1_m0d050,proximal,-0.2281642531146491,-0.08133002089418022,0.028665330483952162,True,P050,m,-0.0719248577952385
P050,,,,near_interaction_position_error_m,17,finger_joint,pinky,finger_e17_pinky_j1_m0d050,distal,,,,,P050,m,0.023513069456777745
P050,,,,near_interaction_orientation_error_rad,17,finger_joint,pinky,finger_e17_pinky_j1_m0d050,distal,,,,,P050,rad,0.6028898246845876
P050,,,,native_surface_unsigned_distance_m,17,finger_joint,pinky,finger_e17_pinky_j1_m0d050,distal,,,,,P050,m,0.056146748766283214
P050,-0.15873638,-0.0576662,0.013970769999999999,native_surface_signed_distance_m,17,finger_joint,pinky,finger_e17_pinky_j1_m0d050,distal,-0.2148570335918146,-0.0573186969575303,0.012294798912198078,True,P050,m,-0.05614674463868141
P050,,,,global_E_bone_diagnostic,17,finger_joint,ALL,finger_e17_pinky_j1_m0d050,,,,,,P050,squared_direction,3.210419592076053
P050,,,,global_E_IM_diagnostic,17,finger_joint,ALL,finger_e17_pinky_j1_m0d050,,,,,,P050,m_squared,0.0001049830404349784
P051,,,,wrist_orientation_error_rad,17,finger_joint,ALL,finger_e17_pinky_j1_m0d025,,,,,,P051,rad,0.1093293193569973
P051,,,,wrist_tray_position_error_m,17,finger_joint,ALL,finger_e17_pinky_j1_m0d025,,,,,,P051,m,0.03795244208235013
P051,,,,fingertip_position_error_m,17,finger_joint,thumb,finger_e17_pinky_j1_m0d025,,,,,,P051,m,0.01162584609676707
P051,,,,fingertip_orientation_error_rad,17,finger_joint,thumb,finger_e17_pinky_j1_m0d025,,,,,,P051,rad,0.25122328229058577
P051,,,,wrist_to_tip_vector_error_m,17,finger_joint,thumb,finger_e17_pinky_j1_m0d025,,,,,,P051,m,0.028703168547039748
P051,,,,direct_proximal_orientation_error_rad,17,finger_joint,thumb,finger_e17_pinky_j1_m0d025,,,,,,P051,rad,0.8257322637479504
P051,,,,direct_distal_orientation_error_rad,17,finger_joint,thumb,finger_e17_pinky_j1_m0d025,,,,,,P051,rad,0.15527365227031176
P051,,,,thumb_to_tip_vector_error_m,17,finger_joint,thumb,finger_e17_pinky_j1_m0d025,,,,,,P051,m,0.0
P051,,,,global_E_bone_diagnostic,17,finger_joint,thumb,finger_e17_pinky_j1_m0d025,,,,,,P051,squared_direction,0.7882754025856384
P051,,,,fingertip_position_error_m,17,finger_joint,index,finger_e17_pinky_j1_m0d025,,,,,,P051,m,0.007623925438498605
P051,,,,fingertip_orientation_error_rad,17,finger_joint,index,finger_e17_pinky_j1_m0d025,,,,,,P051,rad,0.2712015762057116
P051,,,,wrist_to_tip_vector_error_m,17,finger_joint,index,finger_e17_pinky_j1_m0d025,,,,,,P051,m,0.03520429388280065
P051,,,,direct_proximal_orientation_error_rad,17,finger_joint,index,finger_e17_pinky_j1_m0d025,,,,,,P051,rad,0.7419223728708675
P051,,,,direct_distal_orientation_error_rad,17,finger_joint,index,finger_e17_pinky_j1_m0d025,,,,,,P051,rad,1.0561991779985422
P051,,,,thumb_to_tip_vector_error_m,17,finger_joint,index,finger_e17_pinky_j1_m0d025,,,,,,P051,m,0.008613004506196214
P051,,,,global_E_bone_diagnostic,17,finger_joint,index,finger_e17_pinky_j1_m0d025,,,,,,P051,squared_direction,1.0065896763217124
P051,,,,fingertip_position_error_m,17,finger_joint,middle,finger_e17_pinky_j1_m0d025,,,,,,P051,m,0.012904749936062025
P051,,,,fingertip_orientation_error_rad,17,finger_joint,middle,finger_e17_pinky_j1_m0d025,,,,,,P051,rad,0.23138012069225133
P051,,,,wrist_to_tip_vector_error_m,17,finger_joint,middle,finger_e17_pinky_j1_m0d025,,,,,,P051,m,0.029039613974281536
P051,,,,direct_proximal_orientation_error_rad,17,finger_joint,middle,finger_e17_pinky_j1_m0d025,,,,,,P051,rad,0.14175076915850124
P051,,,,direct_distal_orientation_error_rad,17,finger_joint,middle,finger_e17_pinky_j1_m0d025,,,,,,P051,rad,0.1695156385662786
P051,,,,thumb_to_tip_vector_error_m,17,finger_joint,middle,finger_e17_pinky_j1_m0d025,,,,,,P051,m,0.014528060350980749
P051,,,,global_E_bone_diagnostic,17,finger_joint,middle,finger_e17_pinky_j1_m0d025,,,,,,P051,squared_direction,0.0933932451102937
P051,,,,fingertip_position_error_m,17,finger_joint,ring,finger_e17_pinky_j1_m0d025,,,,,,P051,m,0.0024686733885520666
P051,,,,fingertip_orientation_error_rad,17,finger_joint,ring,finger_e17_pinky_j1_m0d025,,,,,,P051,rad,0.3206434977119693
P051,,,,wrist_to_tip_vector_error_m,17,finger_joint,ring,finger_e17_pinky_j1_m0d025,,,,,,P051,m,0.04084722660557787
P051,,,,direct_proximal_orientation_error_rad,17,finger_joint,ring,finger_e17_pinky_j1_m0d025,,,,,,P051,rad,0.16471671331391027
P051,,,,direct_distal_orientation_error_rad,17,finger_joint,ring,finger_e17_pinky_j1_m0d025,,,,,,P051,rad,0.42968498652708514
P051,,,,thumb_to_tip_vector_error_m,17,finger_joint,ring,finger_e17_pinky_j1_m0d025,,,,,,P051,m,0.015965769872865274
P051,,,,global_E_bone_diagnostic,17,finger_joint,ring,finger_e17_pinky_j1_m0d025,,,,,,P051,squared_direction,0.3070296554784516
P051,,,,near_interaction_position_error_m,17,finger_joint,ring,finger_e17_pinky_j1_m0d025,proximal,,,,,P051,m,0.01764838923148031
P051,,,,near_interaction_orientation_error_rad,17,finger_joint,ring,finger_e17_pinky_j1_m0d025,proximal,,,,,P051,rad,0.1364548782343718
P051,,,,native_surface_unsigned_distance_m,17,finger_joint,ring,finger_e17_pinky_j1_m0d025,proximal,,,,,P051,m,0.053701888954728126
P051,-0.15796399,-0.07167661,0.01594565,native_surface_signed_distance_m,17,finger_joint,ring,finger_e17_pinky_j1_m0d025,proximal,-0.2068220695733887,-0.08187022236874095,0.03576662890070569,True,P051,m,-0.05370188504457474
P051,,,,near_interaction_position_error_m,17,finger_joint,ring,finger_e17_pinky_j1_m0d025,distal,,,,,P051,m,0.004882918110617042
P051,,,,near_interaction_orientation_error_rad,17,finger_joint,ring,finger_e17_pinky_j1_m0d025,distal,,,,,P051,rad,0.32157814453981226
P051,,,,native_surface_unsigned_distance_m,17,finger_joint,ring,finger_e17_pinky_j1_m0d025,distal,,,,,P051,m,0.030106243298632724
P051,-0.15866099291327554,-0.06825810047908401,0.014285924737021036,native_surface_signed_distance_m,17,finger_joint,ring,finger_e17_pinky_j1_m0d025,distal,-0.18861902021043958,-0.07063065488248658,0.016095198519989497,True,P051,m,-0.030106237158179283
P051,,,,fingertip_position_error_m,17,finger_joint,pinky,finger_e17_pinky_j1_m0d025,,,,,,P051,m,0.0221723758982918
P051,,,,fingertip_orientation_error_rad,17,finger_joint,pinky,finger_e17_pinky_j1_m0d025,,,,,,P051,rad,0.6302250971567379
P051,,,,wrist_to_tip_vector_error_m,17,finger_joint,pinky,finger_e17_pinky_j1_m0d025,,,,,,P051,m,0.06014278159200036
P051,,,,direct_proximal_orientation_error_rad,17,finger_joint,pinky,finger_e17_pinky_j1_m0d025,,,,,,P051,rad,0.5276392136568845
P051,,,,direct_distal_orientation_error_rad,17,finger_joint,pinky,finger_e17_pinky_j1_m0d025,,,,,,P051,rad,0.6819207753111691
P051,,,,thumb_to_tip_vector_error_m,17,finger_joint,pinky,finger_e17_pinky_j1_m0d025,,,,,,P051,m,0.03524736450359488
P051,,,,global_E_bone_diagnostic,17,finger_joint,pinky,finger_e17_pinky_j1_m0d025,,,,,,P051,squared_direction,0.9599905543331445
P051,,,,near_interaction_position_error_m,17,finger_joint,pinky,finger_e17_pinky_j1_m0d025,proximal,,,,,P051,m,0.01306850148831086
P051,,,,near_interaction_orientation_error_rad,17,finger_joint,pinky,finger_e17_pinky_j1_m0d025,proximal,,,,,P051,rad,0.5106025508743224
P051,,,,native_surface_unsigned_distance_m,17,finger_joint,pinky,finger_e17_pinky_j1_m0d025,proximal,,,,,P051,m,0.07092256468113357
P051,-0.15837524136641967,-0.07054589447469772,0.015009404996481056,native_surface_signed_distance_m,17,finger_joint,pinky,finger_e17_pinky_j1_m0d025,proximal,-0.22723625791521182,-0.08172488439503343,0.02778441048288231,True,P051,m,-0.07092256098985672
P051,,,,near_interaction_position_error_m,17,finger_joint,pinky,finger_e17_pinky_j1_m0d025,distal,,,,,P051,m,0.021754497107902268
P051,,,,near_interaction_orientation_error_rad,17,finger_joint,pinky,finger_e17_pinky_j1_m0d025,distal,,,,,P051,rad,0.5989884089212814
P051,,,,native_surface_unsigned_distance_m,17,finger_joint,pinky,finger_e17_pinky_j1_m0d025,distal,,,,,P051,m,0.054438550121226136
P051,-0.15873638,-0.0576662,0.013970769999999999,native_surface_signed_distance_m,17,finger_joint,pinky,finger_e17_pinky_j1_m0d025,distal,-0.21306447994805036,-0.05874431307163844,0.010676689317827259,True,P051,m,-0.054438550025224686
P051,,,,global_E_bone_diagnostic,17,finger_joint,ALL,finger_e17_pinky_j1_m0d025,,,,,,P051,squared_direction,3.155278533829241
P051,,,,global_E_IM_diagnostic,17,finger_joint,ALL,finger_e17_pinky_j1_m0d025,,,,,,P051,m_squared,0.00010172313286755592
P052,,,,wrist_orientation_error_rad,17,finger_joint,ALL,finger_e17_pinky_j1_p0d000,,,,,,P052,rad,0.1093293193569973
P052,,,,wrist_tray_position_error_m,17,finger_joint,ALL,finger_e17_pinky_j1_p0d000,,,,,,P052,m,0.03795244208235013
P052,,,,fingertip_position_error_m,17,finger_joint,thumb,finger_e17_pinky_j1_p0d000,,,,,,P052,m,0.01162584609676707
P052,,,,fingertip_orientation_error_rad,17,finger_joint,thumb,finger_e17_pinky_j1_p0d000,,,,,,P052,rad,0.25122328229058577
P052,,,,wrist_to_tip_vector_error_m,17,finger_joint,thumb,finger_e17_pinky_j1_p0d000,,,,,,P052,m,0.028703168547039748
P052,,,,direct_proximal_orientation_error_rad,17,finger_joint,thumb,finger_e17_pinky_j1_p0d000,,,,,,P052,rad,0.8257322637479504
P052,,,,direct_distal_orientation_error_rad,17,finger_joint,thumb,finger_e17_pinky_j1_p0d000,,,,,,P052,rad,0.15527365227031176
P052,,,,thumb_to_tip_vector_error_m,17,finger_joint,thumb,finger_e17_pinky_j1_p0d000,,,,,,P052,m,0.0
P052,,,,global_E_bone_diagnostic,17,finger_joint,thumb,finger_e17_pinky_j1_p0d000,,,,,,P052,squared_direction,0.7882754025856384
P052,,,,fingertip_position_error_m,17,finger_joint,index,finger_e17_pinky_j1_p0d000,,,,,,P052,m,0.007623925438498605
P052,,,,fingertip_orientation_error_rad,17,finger_joint,index,finger_e17_pinky_j1_p0d000,,,,,,P052,rad,0.2712015762057116
P052,,,,wrist_to_tip_vector_error_m,17,finger_joint,index,finger_e17_pinky_j1_p0d000,,,,,,P052,m,0.03520429388280065
P052,,,,direct_proximal_orientation_error_rad,17,finger_joint,index,finger_e17_pinky_j1_p0d000,,,,,,P052,rad,0.7419223728708675
P052,,,,direct_distal_orientation_error_rad,17,finger_joint,index,finger_e17_pinky_j1_p0d000,,,,,,P052,rad,1.0561991779985422
P052,,,,thumb_to_tip_vector_error_m,17,finger_joint,index,finger_e17_pinky_j1_p0d000,,,,,,P052,m,0.008613004506196214
P052,,,,global_E_bone_diagnostic,17,finger_joint,index,finger_e17_pinky_j1_p0d000,,,,,,P052,squared_direction,1.0065896763217124
P052,,,,fingertip_position_error_m,17,finger_joint,middle,finger_e17_pinky_j1_p0d000,,,,,,P052,m,0.012904749936062025
P052,,,,fingertip_orientation_error_rad,17,finger_joint,middle,finger_e17_pinky_j1_p0d000,,,,,,P052,rad,0.23138012069225133
P052,,,,wrist_to_tip_vector_error_m,17,finger_joint,middle,finger_e17_pinky_j1_p0d000,,,,,,P052,m,0.029039613974281536
P052,,,,direct_proximal_orientation_error_rad,17,finger_joint,middle,finger_e17_pinky_j1_p0d000,,,,,,P052,rad,0.14175076915850124
P052,,,,direct_distal_orientation_error_rad,17,finger_joint,middle,finger_e17_pinky_j1_p0d000,,,,,,P052,rad,0.1695156385662786
P052,,,,thumb_to_tip_vector_error_m,17,finger_joint,middle,finger_e17_pinky_j1_p0d000,,,,,,P052,m,0.014528060350980749
P052,,,,global_E_bone_diagnostic,17,finger_joint,middle,finger_e17_pinky_j1_p0d000,,,,,,P052,squared_direction,0.0933932451102937
P052,,,,fingertip_position_error_m,17,finger_joint,ring,finger_e17_pinky_j1_p0d000,,,,,,P052,m,0.0024686733885520666
P052,,,,fingertip_orientation_error_rad,17,finger_joint,ring,finger_e17_pinky_j1_p0d000,,,,,,P052,rad,0.3206434977119693
P052,,,,wrist_to_tip_vector_error_m,17,finger_joint,ring,finger_e17_pinky_j1_p0d000,,,,,,P052,m,0.04084722660557787
P052,,,,direct_proximal_orientation_error_rad,17,finger_joint,ring,finger_e17_pinky_j1_p0d000,,,,,,P052,rad,0.16471671331391027
P052,,,,direct_distal_orientation_error_rad,17,finger_joint,ring,finger_e17_pinky_j1_p0d000,,,,,,P052,rad,0.42968498652708514
P052,,,,thumb_to_tip_vector_error_m,17,finger_joint,ring,finger_e17_pinky_j1_p0d000,,,,,,P052,m,0.015965769872865274
P052,,,,global_E_bone_diagnostic,17,finger_joint,ring,finger_e17_pinky_j1_p0d000,,,,,,P052,squared_direction,0.3070296554784516
P052,,,,near_interaction_position_error_m,17,finger_joint,ring,finger_e17_pinky_j1_p0d000,proximal,,,,,P052,m,0.01764838923148031
P052,,,,near_interaction_orientation_error_rad,17,finger_joint,ring,finger_e17_pinky_j1_p0d000,proximal,,,,,P052,rad,0.1364548782343718
P052,,,,native_surface_unsigned_distance_m,17,finger_joint,ring,finger_e17_pinky_j1_p0d000,proximal,,,,,P052,m,0.053701888954728126
P052,-0.15796399,-0.07167661,0.01594565,native_surface_signed_distance_m,17,finger_joint,ring,finger_e17_pinky_j1_p0d000,proximal,-0.2068220695733887,-0.08187022236874095,0.03576662890070569,True,P052,m,-0.05370188504457474
P052,,,,near_interaction_position_error_m,17,finger_joint,ring,finger_e17_pinky_j1_p0d000,distal,,,,,P052,m,0.004882918110617042
P052,,,,near_interaction_orientation_error_rad,17,finger_joint,ring,finger_e17_pinky_j1_p0d000,distal,,,,,P052,rad,0.32157814453981226
P052,,,,native_surface_unsigned_distance_m,17,finger_joint,ring,finger_e17_pinky_j1_p0d000,distal,,,,,P052,m,0.030106243298632724
P052,-0.15866099291327554,-0.06825810047908401,0.014285924737021036,native_surface_signed_distance_m,17,finger_joint,ring,finger_e17_pinky_j1_p0d000,distal,-0.18861902021043958,-0.07063065488248658,0.016095198519989497,True,P052,m,-0.030106237158179283
P052,,,,fingertip_position_error_m,17,finger_joint,pinky,finger_e17_pinky_j1_p0d000,,,,,,P052,m,0.02088266515312787
P052,,,,fingertip_orientation_error_rad,17,finger_joint,pinky,finger_e17_pinky_j1_p0d000,,,,,,P052,rad,0.6323450762240629
P052,,,,wrist_to_tip_vector_error_m,17,finger_joint,pinky,finger_e17_pinky_j1_p0d000,,,,,,P052,m,0.05794970066050754
P052,,,,direct_proximal_orientation_error_rad,17,finger_joint,pinky,finger_e17_pinky_j1_p0d000,,,,,,P052,rad,0.4796646711879634
P052,,,,direct_distal_orientation_error_rad,17,finger_joint,pinky,finger_e17_pinky_j1_p0d000,,,,,,P052,rad,0.6835604299212962
P052,,,,thumb_to_tip_vector_error_m,17,finger_joint,pinky,finger_e17_pinky_j1_p0d000,,,,,,P052,m,0.03387232720975263
P052,,,,global_E_bone_diagnostic,17,finger_joint,pinky,finger_e17_pinky_j1_p0d000,,,,,,P052,squared_direction,0.9095160901538635
P052,,,,near_interaction_position_error_m,17,finger_joint,pinky,finger_e17_pinky_j1_p0d000,proximal,,,,,P052,m,0.013345399130147843
P052,,,,near_interaction_orientation_error_rad,17,finger_joint,pinky,finger_e17_pinky_j1_p0d000,proximal,,,,,P052,rad,0.46260436011522005
P052,,,,native_surface_unsigned_distance_m,17,finger_joint,pinky,finger_e17_pinky_j1_p0d000,proximal,,,,,P052,m,0.0699533069982155
P052,-0.15829793682952395,-0.0709039651832867,0.015112763085351859,native_surface_signed_distance_m,17,finger_joint,pinky,finger_e17_pinky_j1_p0d000,proximal,-0.2263189114830149,-0.0821804224040504,0.02692181383992214,True,P052,m,-0.0699533075094223
P052,,,,near_interaction_position_error_m,17,finger_joint,pinky,finger_e17_pinky_j1_p0d000,distal,,,,,P052,m,0.02012322224846169
P052,,,,near_interaction_orientation_error_rad,17,finger_joint,pinky,finger_e17_pinky_j1_p0d000,distal,,,,,P052,rad,0.5984500630318715
P052,,,,native_surface_unsigned_distance_m,17,finger_joint,pinky,finger_e17_pinky_j1_p0d000,distal,,,,,P052,m,0.05284409257795951
P052,-0.15869448813284404,-0.05922731788220683,0.01385350817509941,native_surface_signed_distance_m,17,finger_joint,pinky,finger_e17_pinky_j1_p0d000,distal,-0.2113152205793032,-0.06028354076515072,0.009116311703803085,True,P052,m,-0.052844081073999405
P052,,,,global_E_bone_diagnostic,17,finger_joint,ALL,finger_e17_pinky_j1_p0d000,,,,,,P052,squared_direction,3.1048040696499597
P052,,,,global_E_IM_diagnostic,17,finger_joint,ALL,finger_e17_pinky_j1_p0d000,,,,,,P052,m_squared,9.879988809578875e-05
P053,,,,wrist_orientation_error_rad,17,finger_joint,ALL,finger_e17_pinky_j1_p0d025,,,,,,P053,rad,0.1093293193569973
P053,,,,wrist_tray_position_error_m,17,finger_joint,ALL,finger_e17_pinky_j1_p0d025,,,,,,P053,m,0.03795244208235013
P053,,,,fingertip_position_error_m,17,finger_joint,thumb,finger_e17_pinky_j1_p0d025,,,,,,P053,m,0.01162584609676707
P053,,,,fingertip_orientation_error_rad,17,finger_joint,thumb,finger_e17_pinky_j1_p0d025,,,,,,P053,rad,0.25122328229058577
P053,,,,wrist_to_tip_vector_error_m,17,finger_joint,thumb,finger_e17_pinky_j1_p0d025,,,,,,P053,m,0.028703168547039748
P053,,,,direct_proximal_orientation_error_rad,17,finger_joint,thumb,finger_e17_pinky_j1_p0d025,,,,,,P053,rad,0.8257322637479504
P053,,,,direct_distal_orientation_error_rad,17,finger_joint,thumb,finger_e17_pinky_j1_p0d025,,,,,,P053,rad,0.15527365227031176
P053,,,,thumb_to_tip_vector_error_m,17,finger_joint,thumb,finger_e17_pinky_j1_p0d025,,,,,,P053,m,0.0
P053,,,,global_E_bone_diagnostic,17,finger_joint,thumb,finger_e17_pinky_j1_p0d025,,,,,,P053,squared_direction,0.7882754025856384
P053,,,,fingertip_position_error_m,17,finger_joint,index,finger_e17_pinky_j1_p0d025,,,,,,P053,m,0.007623925438498605
P053,,,,fingertip_orientation_error_rad,17,finger_joint,index,finger_e17_pinky_j1_p0d025,,,,,,P053,rad,0.2712015762057116
P053,,,,wrist_to_tip_vector_error_m,17,finger_joint,index,finger_e17_pinky_j1_p0d025,,,,,,P053,m,0.03520429388280065
P053,,,,direct_proximal_orientation_error_rad,17,finger_joint,index,finger_e17_pinky_j1_p0d025,,,,,,P053,rad,0.7419223728708675
P053,,,,direct_distal_orientation_error_rad,17,finger_joint,index,finger_e17_pinky_j1_p0d025,,,,,,P053,rad,1.0561991779985422
P053,,,,thumb_to_tip_vector_error_m,17,finger_joint,index,finger_e17_pinky_j1_p0d025,,,,,,P053,m,0.008613004506196214
P053,,,,global_E_bone_diagnostic,17,finger_joint,index,finger_e17_pinky_j1_p0d025,,,,,,P053,squared_direction,1.0065896763217124
P053,,,,fingertip_position_error_m,17,finger_joint,middle,finger_e17_pinky_j1_p0d025,,,,,,P053,m,0.012904749936062025
P053,,,,fingertip_orientation_error_rad,17,finger_joint,middle,finger_e17_pinky_j1_p0d025,,,,,,P053,rad,0.23138012069225133
P053,,,,wrist_to_tip_vector_error_m,17,finger_joint,middle,finger_e17_pinky_j1_p0d025,,,,,,P053,m,0.029039613974281536
P053,,,,direct_proximal_orientation_error_rad,17,finger_joint,middle,finger_e17_pinky_j1_p0d025,,,,,,P053,rad,0.14175076915850124
P053,,,,direct_distal_orientation_error_rad,17,finger_joint,middle,finger_e17_pinky_j1_p0d025,,,,,,P053,rad,0.1695156385662786
P053,,,,thumb_to_tip_vector_error_m,17,finger_joint,middle,finger_e17_pinky_j1_p0d025,,,,,,P053,m,0.014528060350980749
P053,,,,global_E_bone_diagnostic,17,finger_joint,middle,finger_e17_pinky_j1_p0d025,,,,,,P053,squared_direction,0.0933932451102937
P053,,,,fingertip_position_error_m,17,finger_joint,ring,finger_e17_pinky_j1_p0d025,,,,,,P053,m,0.0024686733885520666
P053,,,,fingertip_orientation_error_rad,17,finger_joint,ring,finger_e17_pinky_j1_p0d025,,,,,,P053,rad,0.3206434977119693
P053,,,,wrist_to_tip_vector_error_m,17,finger_joint,ring,finger_e17_pinky_j1_p0d025,,,,,,P053,m,0.04084722660557787
P053,,,,direct_proximal_orientation_error_rad,17,finger_joint,ring,finger_e17_pinky_j1_p0d025,,,,,,P053,rad,0.16471671331391027
P053,,,,direct_distal_orientation_error_rad,17,finger_joint,ring,finger_e17_pinky_j1_p0d025,,,,,,P053,rad,0.42968498652708514
P053,,,,thumb_to_tip_vector_error_m,17,finger_joint,ring,finger_e17_pinky_j1_p0d025,,,,,,P053,m,0.015965769872865274
P053,,,,global_E_bone_diagnostic,17,finger_joint,ring,finger_e17_pinky_j1_p0d025,,,,,,P053,squared_direction,0.3070296554784516
P053,,,,near_interaction_position_error_m,17,finger_joint,ring,finger_e17_pinky_j1_p0d025,proximal,,,,,P053,m,0.01764838923148031
P053,,,,near_interaction_orientation_error_rad,17,finger_joint,ring,finger_e17_pinky_j1_p0d025,proximal,,,,,P053,rad,0.1364548782343718
P053,,,,native_surface_unsigned_distance_m,17,finger_joint,ring,finger_e17_pinky_j1_p0d025,proximal,,,,,P053,m,0.053701888954728126
P053,-0.15796399,-0.07167661,0.01594565,native_surface_signed_distance_m,17,finger_joint,ring,finger_e17_pinky_j1_p0d025,proximal,-0.2068220695733887,-0.08187022236874095,0.03576662890070569,True,P053,m,-0.05370188504457474
P053,,,,near_interaction_position_error_m,17,finger_joint,ring,finger_e17_pinky_j1_p0d025,distal,,,,,P053,m,0.004882918110617042
P053,,,,near_interaction_orientation_error_rad,17,finger_joint,ring,finger_e17_pinky_j1_p0d025,distal,,,,,P053,rad,0.32157814453981226
P053,,,,native_surface_unsigned_distance_m,17,finger_joint,ring,finger_e17_pinky_j1_p0d025,distal,,,,,P053,m,0.030106243298632724
P053,-0.15866099291327554,-0.06825810047908401,0.014285924737021036,native_surface_signed_distance_m,17,finger_joint,ring,finger_e17_pinky_j1_p0d025,distal,-0.18861902021043958,-0.07063065488248658,0.016095198519989497,True,P053,m,-0.030106237158179283
P053,,,,fingertip_position_error_m,17,finger_joint,pinky,finger_e17_pinky_j1_p0d025,,,,,,P053,m,0.019861163057491103
P053,,,,fingertip_orientation_error_rad,17,finger_joint,pinky,finger_e17_pinky_j1_p0d025,,,,,,P053,rad,0.6379587300648489
P053,,,,wrist_to_tip_vector_error_m,17,finger_joint,pinky,finger_e17_pinky_j1_p0d025,,,,,,P053,m,0.055738969465577014
P053,,,,direct_proximal_orientation_error_rad,17,finger_joint,pinky,finger_e17_pinky_j1_p0d025,,,,,,P053,rad,0.43169530719210797
P053,,,,direct_distal_orientation_error_rad,17,finger_joint,pinky,finger_e17_pinky_j1_p0d025,,,,,,P053,rad,0.6880142255014081
P053,,,,thumb_to_tip_vector_error_m,17,finger_joint,pinky,finger_e17_pinky_j1_p0d025,,,,,,P053,m,0.032596713248622566
P053,,,,global_E_bone_diagnostic,17,finger_joint,pinky,finger_e17_pinky_j1_p0d025,,,,,,P053,squared_direction,0.8638244908810174
P053,,,,near_interaction_position_error_m,17,finger_joint,pinky,finger_e17_pinky_j1_p0d025,proximal,,,,,P053,m,0.013692957983412829
P053,,,,near_interaction_orientation_error_rad,17,finger_joint,pinky,finger_e17_pinky_j1_p0d025,proximal,,,,,P053,rad,0.4146065550497353
P053,,,,native_surface_unsigned_distance_m,17,finger_joint,pinky,finger_e17_pinky_j1_p0d025,proximal,,,,,P053,m,0.06901977093452202
P053,-0.1582086461869,-0.07131755492793328,0.01523214689574977,native_surface_signed_distance_m,17,finger_joint,pinky,finger_e17_pinky_j1_p0d025,proximal,-0.22541432697846464,-0.0826955855631582,0.026079527596181262,True,P053,m,-0.06901977211236954
P053,,,,near_interaction_position_error_m,17,finger_joint,pinky,finger_e17_pinky_j1_p0d025,distal,,,,,P053,m,0.018656891177535533
P053,,,,near_interaction_orientation_error_rad,17,finger_joint,pinky,finger_e17_pinky_j1_p0d025,distal,,,,,P053,rad,0.6012839445282504
P053,,,,native_surface_unsigned_distance_m,17,finger_joint,pinky,finger_e17_pinky_j1_p0d025,distal,,,,,P053,m,0.05125527744730528
P053,-0.15873240829553484,-0.06398829274160743,0.013449493526084927,native_surface_signed_distance_m,17,finger_joint,pinky,finger_e17_pinky_j1_p0d025,distal,-0.20961328500540174,-0.0619328343383141,0.007617260489940426,True,P053,m,-0.051255274564027786
P053,,,,global_E_bone_diagnostic,17,finger_joint,ALL,finger_e17_pinky_j1_p0d025,,,,,,P053,squared_direction,3.0591124703771135
P053,,,,global_E_IM_diagnostic,17,finger_joint,ALL,finger_e17_pinky_j1_p0d025,,,,,,P053,m_squared,9.622003998258033e-05
P054,,,,wrist_orientation_error_rad,17,finger_joint,ALL,finger_e17_pinky_j1_p0d050,,,,,,P054,rad,0.1093293193569973
P054,,,,wrist_tray_position_error_m,17,finger_joint,ALL,finger_e17_pinky_j1_p0d050,,,,,,P054,m,0.03795244208235013
P054,,,,fingertip_position_error_m,17,finger_joint,thumb,finger_e17_pinky_j1_p0d050,,,,,,P054,m,0.01162584609676707
P054,,,,fingertip_orientation_error_rad,17,finger_joint,thumb,finger_e17_pinky_j1_p0d050,,,,,,P054,rad,0.25122328229058577
P054,,,,wrist_to_tip_vector_error_m,17,finger_joint,thumb,finger_e17_pinky_j1_p0d050,,,,,,P054,m,0.028703168547039748
P054,,,,direct_proximal_orientation_error_rad,17,finger_joint,thumb,finger_e17_pinky_j1_p0d050,,,,,,P054,rad,0.8257322637479504
P054,,,,direct_distal_orientation_error_rad,17,finger_joint,thumb,finger_e17_pinky_j1_p0d050,,,,,,P054,rad,0.15527365227031176
P054,,,,thumb_to_tip_vector_error_m,17,finger_joint,thumb,finger_e17_pinky_j1_p0d050,,,,,,P054,m,0.0
P054,,,,global_E_bone_diagnostic,17,finger_joint,thumb,finger_e17_pinky_j1_p0d050,,,,,,P054,squared_direction,0.7882754025856384
P054,,,,fingertip_position_error_m,17,finger_joint,index,finger_e17_pinky_j1_p0d050,,,,,,P054,m,0.007623925438498605
P054,,,,fingertip_orientation_error_rad,17,finger_joint,index,finger_e17_pinky_j1_p0d050,,,,,,P054,rad,0.2712015762057116
P054,,,,wrist_to_tip_vector_error_m,17,finger_joint,index,finger_e17_pinky_j1_p0d050,,,,,,P054,m,0.03520429388280065
P054,,,,direct_proximal_orientation_error_rad,17,finger_joint,index,finger_e17_pinky_j1_p0d050,,,,,,P054,rad,0.7419223728708675
P054,,,,direct_distal_orientation_error_rad,17,finger_joint,index,finger_e17_pinky_j1_p0d050,,,,,,P054,rad,1.0561991779985422
P054,,,,thumb_to_tip_vector_error_m,17,finger_joint,index,finger_e17_pinky_j1_p0d050,,,,,,P054,m,0.008613004506196214
P054,,,,global_E_bone_diagnostic,17,finger_joint,index,finger_e17_pinky_j1_p0d050,,,,,,P054,squared_direction,1.0065896763217124
P054,,,,fingertip_position_error_m,17,finger_joint,middle,finger_e17_pinky_j1_p0d050,,,,,,P054,m,0.012904749936062025
P054,,,,fingertip_orientation_error_rad,17,finger_joint,middle,finger_e17_pinky_j1_p0d050,,,,,,P054,rad,0.23138012069225133
P054,,,,wrist_to_tip_vector_error_m,17,finger_joint,middle,finger_e17_pinky_j1_p0d050,,,,,,P054,m,0.029039613974281536
P054,,,,direct_proximal_orientation_error_rad,17,finger_joint,middle,finger_e17_pinky_j1_p0d050,,,,,,P054,rad,0.14175076915850124
P054,,,,direct_distal_orientation_error_rad,17,finger_joint,middle,finger_e17_pinky_j1_p0d050,,,,,,P054,rad,0.1695156385662786
P054,,,,thumb_to_tip_vector_error_m,17,finger_joint,middle,finger_e17_pinky_j1_p0d050,,,,,,P054,m,0.014528060350980749
P054,,,,global_E_bone_diagnostic,17,finger_joint,middle,finger_e17_pinky_j1_p0d050,,,,,,P054,squared_direction,0.0933932451102937
P054,,,,fingertip_position_error_m,17,finger_joint,ring,finger_e17_pinky_j1_p0d050,,,,,,P054,m,0.0024686733885520666
P054,,,,fingertip_orientation_error_rad,17,finger_joint,ring,finger_e17_pinky_j1_p0d050,,,,,,P054,rad,0.3206434977119693
P054,,,,wrist_to_tip_vector_error_m,17,finger_joint,ring,finger_e17_pinky_j1_p0d050,,,,,,P054,m,0.04084722660557787
P054,,,,direct_proximal_orientation_error_rad,17,finger_joint,ring,finger_e17_pinky_j1_p0d050,,,,,,P054,rad,0.16471671331391027
P054,,,,direct_distal_orientation_error_rad,17,finger_joint,ring,finger_e17_pinky_j1_p0d050,,,,,,P054,rad,0.42968498652708514
P054,,,,thumb_to_tip_vector_error_m,17,finger_joint,ring,finger_e17_pinky_j1_p0d050,,,,,,P054,m,0.015965769872865274
P054,,,,global_E_bone_diagnostic,17,finger_joint,ring,finger_e17_pinky_j1_p0d050,,,,,,P054,squared_direction,0.3070296554784516
P054,,,,near_interaction_position_error_m,17,finger_joint,ring,finger_e17_pinky_j1_p0d050,proximal,,,,,P054,m,0.01764838923148031
P054,,,,near_interaction_orientation_error_rad,17,finger_joint,ring,finger_e17_pinky_j1_p0d050,proximal,,,,,P054,rad,0.1364548782343718
P054,,,,native_surface_unsigned_distance_m,17,finger_joint,ring,finger_e17_pinky_j1_p0d050,proximal,,,,,P054,m,0.053701888954728126
P054,-0.15796399,-0.07167661,0.01594565,native_surface_signed_distance_m,17,finger_joint,ring,finger_e17_pinky_j1_p0d050,proximal,-0.2068220695733887,-0.08187022236874095,0.03576662890070569,True,P054,m,-0.05370188504457474
P054,,,,near_interaction_position_error_m,17,finger_joint,ring,finger_e17_pinky_j1_p0d050,distal,,,,,P054,m,0.004882918110617042
P054,,,,near_interaction_orientation_error_rad,17,finger_joint,ring,finger_e17_pinky_j1_p0d050,distal,,,,,P054,rad,0.32157814453981226
P054,,,,native_surface_unsigned_distance_m,17,finger_joint,ring,finger_e17_pinky_j1_p0d050,distal,,,,,P054,m,0.030106243298632724
P054,-0.15866099291327554,-0.06825810047908401,0.014285924737021036,native_surface_signed_distance_m,17,finger_joint,ring,finger_e17_pinky_j1_p0d050,distal,-0.18861902021043958,-0.07063065488248658,0.016095198519989497,True,P054,m,-0.030106237158179283
P054,,,,fingertip_position_error_m,17,finger_joint,pinky,finger_e17_pinky_j1_p0d050,,,,,,P054,m,0.01915333937265813
P054,,,,fingertip_orientation_error_rad,17,finger_joint,pinky,finger_e17_pinky_j1_p0d050,,,,,,P054,rad,0.6469750383076905
P054,,,,wrist_to_tip_vector_error_m,17,finger_joint,pinky,finger_e17_pinky_j1_p0d050,,,,,,P054,m,0.05351381012244993
P054,,,,direct_proximal_orientation_error_rad,17,finger_joint,pinky,finger_e17_pinky_j1_p0d050,,,,,,P054,rad,0.3837330732525566
P054,,,,direct_distal_orientation_error_rad,17,finger_joint,pinky,finger_e17_pinky_j1_p0d050,,,,,,P054,rad,0.6952267318067352
P054,,,,thumb_to_tip_vector_error_m,17,finger_joint,pinky,finger_e17_pinky_j1_p0d050,,,,,,P054,m,0.03143573623199485
P054,,,,global_E_bone_diagnostic,17,finger_joint,pinky,finger_e17_pinky_j1_p0d050,,,,,,P054,squared_direction,0.8230210097483801
P054,,,,near_interaction_position_error_m,17,finger_joint,pinky,finger_e17_pinky_j1_p0d050,proximal,,,,,P054,m,0.014105188578245649
P054,,,,near_interaction_orientation_error_rad,17,finger_joint,pinky,finger_e17_pinky_j1_p0d050,proximal,,,,,P054,rad,0.3666092878040775
P054,,,,native_surface_unsigned_distance_m,17,finger_joint,pinky,finger_e17_pinky_j1_p0d050,proximal,,,,,P054,m,0.06812448661548894
P054,-0.15810757512469217,-0.07178571098081062,0.015367281420183164,native_surface_signed_distance_m,17,finger_joint,pinky,finger_e17_pinky_j1_p0d050,proximal,-0.22452458816413104,-0.08326918716431256,0.02525949200659321,True,P054,m,-0.06812450289726257
P054,,,,near_interaction_position_error_m,17,finger_joint,pinky,finger_e17_pinky_j1_p0d050,distal,,,,,P054,m,0.01740102523666097
P054,,,,near_interaction_orientation_error_rad,17,finger_joint,pinky,finger_e17_pinky_j1_p0d050,distal,,,,,P054,rad,0.607442208888684
P054,,,,native_surface_unsigned_distance_m,17,finger_joint,pinky,finger_e17_pinky_j1_p0d050,distal,,,,,P054,m,0.04974953925990022
P054,-0.15874744,-0.0644609,0.01341407,native_surface_signed_distance_m,17,finger_joint,pinky,finger_e17_pinky_j1_p0d050,distal,-0.20796259373308434,-0.06368839454827464,0.006182988827154426,True,P054,m,-0.04974954202771187
P054,,,,global_E_bone_diagnostic,17,finger_joint,ALL,finger_e17_pinky_j1_p0d050,,,,,,P054,squared_direction,3.0183089892444763
P054,,,,global_E_IM_diagnostic,17,finger_joint,ALL,finger_e17_pinky_j1_p0d050,,,,,,P054,m_squared,9.398953135682887e-05
P055,,,,wrist_orientation_error_rad,17,finger_joint,ALL,finger_e17_pinky_j2_m0d050,,,,,,P055,rad,0.1093293193569973
P055,,,,wrist_tray_position_error_m,17,finger_joint,ALL,finger_e17_pinky_j2_m0d050,,,,,,P055,m,0.03795244208235013
P055,,,,fingertip_position_error_m,17,finger_joint,thumb,finger_e17_pinky_j2_m0d050,,,,,,P055,m,0.01162584609676707
P055,,,,fingertip_orientation_error_rad,17,finger_joint,thumb,finger_e17_pinky_j2_m0d050,,,,,,P055,rad,0.25122328229058577
P055,,,,wrist_to_tip_vector_error_m,17,finger_joint,thumb,finger_e17_pinky_j2_m0d050,,,,,,P055,m,0.028703168547039748
P055,,,,direct_proximal_orientation_error_rad,17,finger_joint,thumb,finger_e17_pinky_j2_m0d050,,,,,,P055,rad,0.8257322637479504
P055,,,,direct_distal_orientation_error_rad,17,finger_joint,thumb,finger_e17_pinky_j2_m0d050,,,,,,P055,rad,0.15527365227031176
P055,,,,thumb_to_tip_vector_error_m,17,finger_joint,thumb,finger_e17_pinky_j2_m0d050,,,,,,P055,m,0.0
P055,,,,global_E_bone_diagnostic,17,finger_joint,thumb,finger_e17_pinky_j2_m0d050,,,,,,P055,squared_direction,0.7882754025856384
P055,,,,fingertip_position_error_m,17,finger_joint,index,finger_e17_pinky_j2_m0d050,,,,,,P055,m,0.007623925438498605
P055,,,,fingertip_orientation_error_rad,17,finger_joint,index,finger_e17_pinky_j2_m0d050,,,,,,P055,rad,0.2712015762057116
P055,,,,wrist_to_tip_vector_error_m,17,finger_joint,index,finger_e17_pinky_j2_m0d050,,,,,,P055,m,0.03520429388280065
P055,,,,direct_proximal_orientation_error_rad,17,finger_joint,index,finger_e17_pinky_j2_m0d050,,,,,,P055,rad,0.7419223728708675
P055,,,,direct_distal_orientation_error_rad,17,finger_joint,index,finger_e17_pinky_j2_m0d050,,,,,,P055,rad,1.0561991779985422
P055,,,,thumb_to_tip_vector_error_m,17,finger_joint,index,finger_e17_pinky_j2_m0d050,,,,,,P055,m,0.008613004506196214
P055,,,,global_E_bone_diagnostic,17,finger_joint,index,finger_e17_pinky_j2_m0d050,,,,,,P055,squared_direction,1.0065896763217124
P055,,,,fingertip_position_error_m,17,finger_joint,middle,finger_e17_pinky_j2_m0d050,,,,,,P055,m,0.012904749936062025
P055,,,,fingertip_orientation_error_rad,17,finger_joint,middle,finger_e17_pinky_j2_m0d050,,,,,,P055,rad,0.23138012069225133
P055,,,,wrist_to_tip_vector_error_m,17,finger_joint,middle,finger_e17_pinky_j2_m0d050,,,,,,P055,m,0.029039613974281536
P055,,,,direct_proximal_orientation_error_rad,17,finger_joint,middle,finger_e17_pinky_j2_m0d050,,,,,,P055,rad,0.14175076915850124
P055,,,,direct_distal_orientation_error_rad,17,finger_joint,middle,finger_e17_pinky_j2_m0d050,,,,,,P055,rad,0.1695156385662786
P055,,,,thumb_to_tip_vector_error_m,17,finger_joint,middle,finger_e17_pinky_j2_m0d050,,,,,,P055,m,0.014528060350980749
P055,,,,global_E_bone_diagnostic,17,finger_joint,middle,finger_e17_pinky_j2_m0d050,,,,,,P055,squared_direction,0.0933932451102937
P055,,,,fingertip_position_error_m,17,finger_joint,ring,finger_e17_pinky_j2_m0d050,,,,,,P055,m,0.0024686733885520666
P055,,,,fingertip_orientation_error_rad,17,finger_joint,ring,finger_e17_pinky_j2_m0d050,,,,,,P055,rad,0.3206434977119693
P055,,,,wrist_to_tip_vector_error_m,17,finger_joint,ring,finger_e17_pinky_j2_m0d050,,,,,,P055,m,0.04084722660557787
P055,,,,direct_proximal_orientation_error_rad,17,finger_joint,ring,finger_e17_pinky_j2_m0d050,,,,,,P055,rad,0.16471671331391027
P055,,,,direct_distal_orientation_error_rad,17,finger_joint,ring,finger_e17_pinky_j2_m0d050,,,,,,P055,rad,0.42968498652708514
P055,,,,thumb_to_tip_vector_error_m,17,finger_joint,ring,finger_e17_pinky_j2_m0d050,,,,,,P055,m,0.015965769872865274
P055,,,,global_E_bone_diagnostic,17,finger_joint,ring,finger_e17_pinky_j2_m0d050,,,,,,P055,squared_direction,0.3070296554784516
P055,,,,near_interaction_position_error_m,17,finger_joint,ring,finger_e17_pinky_j2_m0d050,proximal,,,,,P055,m,0.01764838923148031
P055,,,,near_interaction_orientation_error_rad,17,finger_joint,ring,finger_e17_pinky_j2_m0d050,proximal,,,,,P055,rad,0.1364548782343718
P055,,,,native_surface_unsigned_distance_m,17,finger_joint,ring,finger_e17_pinky_j2_m0d050,proximal,,,,,P055,m,0.053701888954728126
P055,-0.15796399,-0.07167661,0.01594565,native_surface_signed_distance_m,17,finger_joint,ring,finger_e17_pinky_j2_m0d050,proximal,-0.2068220695733887,-0.08187022236874095,0.03576662890070569,True,P055,m,-0.05370188504457474
P055,,,,near_interaction_position_error_m,17,finger_joint,ring,finger_e17_pinky_j2_m0d050,distal,,,,,P055,m,0.004882918110617042
P055,,,,near_interaction_orientation_error_rad,17,finger_joint,ring,finger_e17_pinky_j2_m0d050,distal,,,,,P055,rad,0.32157814453981226
P055,,,,native_surface_unsigned_distance_m,17,finger_joint,ring,finger_e17_pinky_j2_m0d050,distal,,,,,P055,m,0.030106243298632724
P055,-0.15866099291327554,-0.06825810047908401,0.014285924737021036,native_surface_signed_distance_m,17,finger_joint,ring,finger_e17_pinky_j2_m0d050,distal,-0.18861902021043958,-0.07063065488248658,0.016095198519989497,True,P055,m,-0.030106237158179283
P055,,,,fingertip_position_error_m,17,finger_joint,pinky,finger_e17_pinky_j2_m0d050,,,,,,P055,m,0.023217853914488544
P055,,,,fingertip_orientation_error_rad,17,finger_joint,pinky,finger_e17_pinky_j2_m0d050,,,,,,P055,rad,0.6316340045234424
P055,,,,wrist_to_tip_vector_error_m,17,finger_joint,pinky,finger_e17_pinky_j2_m0d050,,,,,,P055,m,0.06041028925173567
P055,,,,direct_proximal_orientation_error_rad,17,finger_joint,pinky,finger_e17_pinky_j2_m0d050,,,,,,P055,rad,0.4796646711879634
P055,,,,direct_distal_orientation_error_rad,17,finger_joint,pinky,finger_e17_pinky_j2_m0d050,,,,,,P055,rad,0.6831160278268927
P055,,,,thumb_to_tip_vector_error_m,17,finger_joint,pinky,finger_e17_pinky_j2_m0d050,,,,,,P055,m,0.036388797272944265
P055,,,,global_E_bone_diagnostic,17,finger_joint,pinky,finger_e17_pinky_j2_m0d050,,,,,,P055,squared_direction,0.876610461056374
P055,,,,near_interaction_position_error_m,17,finger_joint,pinky,finger_e17_pinky_j2_m0d050,proximal,,,,,P055,m,0.013345399130147843
P055,,,,near_interaction_orientation_error_rad,17,finger_joint,pinky,finger_e17_pinky_j2_m0d050,proximal,,,,,P055,rad,0.46260436011522005
P055,,,,native_surface_unsigned_distance_m,17,finger_joint,pinky,finger_e17_pinky_j2_m0d050,proximal,,,,,P055,m,0.0699533069982155
P055,-0.15829793682952395,-0.0709039651832867,0.015112763085351859,native_surface_signed_distance_m,17,finger_joint,pinky,finger_e17_pinky_j2_m0d050,proximal,-0.2263189114830149,-0.0821804224040504,0.02692181383992214,True,P055,m,-0.0699533075094223
P055,,,,near_interaction_position_error_m,17,finger_joint,pinky,finger_e17_pinky_j2_m0d050,distal,,,,,P055,m,0.021351669016523595
P055,,,,near_interaction_orientation_error_rad,17,finger_joint,pinky,finger_e17_pinky_j2_m0d050,distal,,,,,P055,rad,0.6028898246845878
P055,,,,native_surface_unsigned_distance_m,17,finger_joint,pinky,finger_e17_pinky_j2_m0d050,distal,,,,,P055,m,0.05269989424321417
P055,-0.15872746912247518,-0.057998267563338236,0.013945827073580958,native_surface_signed_distance_m,17,finger_joint,pinky,finger_e17_pinky_j2_m0d050,distal,-0.2111663503285463,-0.059019499977270594,0.008807765624137922,True,P055,m,-0.052699897438287735
P055,,,,global_E_bone_diagnostic,17,finger_joint,ALL,finger_e17_pinky_j2_m0d050,,,,,,P055,squared_direction,3.07189844055247
P055,,,,global_E_IM_diagnostic,17,finger_joint,ALL,finger_e17_pinky_j2_m0d050,,,,,,P055,m_squared,0.00010030561530896168
P056,,,,wrist_orientation_error_rad,17,finger_joint,ALL,finger_e17_pinky_j2_m0d025,,,,,,P056,rad,0.1093293193569973
P056,,,,wrist_tray_position_error_m,17,finger_joint,ALL,finger_e17_pinky_j2_m0d025,,,,,,P056,m,0.03795244208235013
P056,,,,fingertip_position_error_m,17,finger_joint,thumb,finger_e17_pinky_j2_m0d025,,,,,,P056,m,0.01162584609676707
P056,,,,fingertip_orientation_error_rad,17,finger_joint,thumb,finger_e17_pinky_j2_m0d025,,,,,,P056,rad,0.25122328229058577
P056,,,,wrist_to_tip_vector_error_m,17,finger_joint,thumb,finger_e17_pinky_j2_m0d025,,,,,,P056,m,0.028703168547039748
P056,,,,direct_proximal_orientation_error_rad,17,finger_joint,thumb,finger_e17_pinky_j2_m0d025,,,,,,P056,rad,0.8257322637479504
P056,,,,direct_distal_orientation_error_rad,17,finger_joint,thumb,finger_e17_pinky_j2_m0d025,,,,,,P056,rad,0.15527365227031176
P056,,,,thumb_to_tip_vector_error_m,17,finger_joint,thumb,finger_e17_pinky_j2_m0d025,,,,,,P056,m,0.0
P056,,,,global_E_bone_diagnostic,17,finger_joint,thumb,finger_e17_pinky_j2_m0d025,,,,,,P056,squared_direction,0.7882754025856384
P056,,,,fingertip_position_error_m,17,finger_joint,index,finger_e17_pinky_j2_m0d025,,,,,,P056,m,0.007623925438498605
P056,,,,fingertip_orientation_error_rad,17,finger_joint,index,finger_e17_pinky_j2_m0d025,,,,,,P056,rad,0.2712015762057116
P056,,,,wrist_to_tip_vector_error_m,17,finger_joint,index,finger_e17_pinky_j2_m0d025,,,,,,P056,m,0.03520429388280065
P056,,,,direct_proximal_orientation_error_rad,17,finger_joint,index,finger_e17_pinky_j2_m0d025,,,,,,P056,rad,0.7419223728708675
P056,,,,direct_distal_orientation_error_rad,17,finger_joint,index,finger_e17_pinky_j2_m0d025,,,,,,P056,rad,1.0561991779985422
P056,,,,thumb_to_tip_vector_error_m,17,finger_joint,index,finger_e17_pinky_j2_m0d025,,,,,,P056,m,0.008613004506196214
P056,,,,global_E_bone_diagnostic,17,finger_joint,index,finger_e17_pinky_j2_m0d025,,,,,,P056,squared_direction,1.0065896763217124
P056,,,,fingertip_position_error_m,17,finger_joint,middle,finger_e17_pinky_j2_m0d025,,,,,,P056,m,0.012904749936062025
P056,,,,fingertip_orientation_error_rad,17,finger_joint,middle,finger_e17_pinky_j2_m0d025,,,,,,P056,rad,0.23138012069225133
P056,,,,wrist_to_tip_vector_error_m,17,finger_joint,middle,finger_e17_pinky_j2_m0d025,,,,,,P056,m,0.029039613974281536
P056,,,,direct_proximal_orientation_error_rad,17,finger_joint,middle,finger_e17_pinky_j2_m0d025,,,,,,P056,rad,0.14175076915850124
P056,,,,direct_distal_orientation_error_rad,17,finger_joint,middle,finger_e17_pinky_j2_m0d025,,,,,,P056,rad,0.1695156385662786
P056,,,,thumb_to_tip_vector_error_m,17,finger_joint,middle,finger_e17_pinky_j2_m0d025,,,,,,P056,m,0.014528060350980749
P056,,,,global_E_bone_diagnostic,17,finger_joint,middle,finger_e17_pinky_j2_m0d025,,,,,,P056,squared_direction,0.0933932451102937
P056,,,,fingertip_position_error_m,17,finger_joint,ring,finger_e17_pinky_j2_m0d025,,,,,,P056,m,0.0024686733885520666
P056,,,,fingertip_orientation_error_rad,17,finger_joint,ring,finger_e17_pinky_j2_m0d025,,,,,,P056,rad,0.3206434977119693
P056,,,,wrist_to_tip_vector_error_m,17,finger_joint,ring,finger_e17_pinky_j2_m0d025,,,,,,P056,m,0.04084722660557787
P056,,,,direct_proximal_orientation_error_rad,17,finger_joint,ring,finger_e17_pinky_j2_m0d025,,,,,,P056,rad,0.16471671331391027
P056,,,,direct_distal_orientation_error_rad,17,finger_joint,ring,finger_e17_pinky_j2_m0d025,,,,,,P056,rad,0.42968498652708514
P056,,,,thumb_to_tip_vector_error_m,17,finger_joint,ring,finger_e17_pinky_j2_m0d025,,,,,,P056,m,0.015965769872865274
P056,,,,global_E_bone_diagnostic,17,finger_joint,ring,finger_e17_pinky_j2_m0d025,,,,,,P056,squared_direction,0.3070296554784516
P056,,,,near_interaction_position_error_m,17,finger_joint,ring,finger_e17_pinky_j2_m0d025,proximal,,,,,P056,m,0.01764838923148031
P056,,,,near_interaction_orientation_error_rad,17,finger_joint,ring,finger_e17_pinky_j2_m0d025,proximal,,,,,P056,rad,0.1364548782343718
P056,,,,native_surface_unsigned_distance_m,17,finger_joint,ring,finger_e17_pinky_j2_m0d025,proximal,,,,,P056,m,0.053701888954728126
P056,-0.15796399,-0.07167661,0.01594565,native_surface_signed_distance_m,17,finger_joint,ring,finger_e17_pinky_j2_m0d025,proximal,-0.2068220695733887,-0.08187022236874095,0.03576662890070569,True,P056,m,-0.05370188504457474
P056,,,,near_interaction_position_error_m,17,finger_joint,ring,finger_e17_pinky_j2_m0d025,distal,,,,,P056,m,0.004882918110617042
P056,,,,near_interaction_orientation_error_rad,17,finger_joint,ring,finger_e17_pinky_j2_m0d025,distal,,,,,P056,rad,0.32157814453981226
P056,,,,native_surface_unsigned_distance_m,17,finger_joint,ring,finger_e17_pinky_j2_m0d025,distal,,,,,P056,m,0.030106243298632724
P056,-0.15866099291327554,-0.06825810047908401,0.014285924737021036,native_surface_signed_distance_m,17,finger_joint,ring,finger_e17_pinky_j2_m0d025,distal,-0.18861902021043958,-0.07063065488248658,0.016095198519989497,True,P056,m,-0.030106237158179283
P056,,,,fingertip_position_error_m,17,finger_joint,pinky,finger_e17_pinky_j2_m0d025,,,,,,P056,m,0.02204545486837141
P056,,,,fingertip_orientation_error_rad,17,finger_joint,pinky,finger_e17_pinky_j2_m0d025,,,,,,P056,rad,0.6302250971567377
P056,,,,wrist_to_tip_vector_error_m,17,finger_joint,pinky,finger_e17_pinky_j2_m0d025,,,,,,P056,m,0.05917036414153337
P056,,,,direct_proximal_orientation_error_rad,17,finger_joint,pinky,finger_e17_pinky_j2_m0d025,,,,,,P056,rad,0.4796646711879634
P056,,,,direct_distal_orientation_error_rad,17,finger_joint,pinky,finger_e17_pinky_j2_m0d025,,,,,,P056,rad,0.6819207753111695
P056,,,,thumb_to_tip_vector_error_m,17,finger_joint,pinky,finger_e17_pinky_j2_m0d025,,,,,,P056,m,0.035131500413496976
P056,,,,global_E_bone_diagnostic,17,finger_joint,pinky,finger_e17_pinky_j2_m0d025,,,,,,P056,squared_direction,0.892297442419029
P056,,,,near_interaction_position_error_m,17,finger_joint,pinky,finger_e17_pinky_j2_m0d025,proximal,,,,,P056,m,0.013345399130147843
P056,,,,near_interaction_orientation_error_rad,17,finger_joint,pinky,finger_e17_pinky_j2_m0d025,proximal,,,,,P056,rad,0.46260436011522005
P056,,,,native_surface_unsigned_distance_m,17,finger_joint,pinky,finger_e17_pinky_j2_m0d025,proximal,,,,,P056,m,0.0699533069982155
P056,-0.15829793682952395,-0.0709039651832867,0.015112763085351859,native_surface_signed_distance_m,17,finger_joint,pinky,finger_e17_pinky_j2_m0d025,proximal,-0.2263189114830149,-0.0821804224040504,0.02692181383992214,True,P056,m,-0.0699533075094223
P056,,,,near_interaction_position_error_m,17,finger_joint,pinky,finger_e17_pinky_j2_m0d025,distal,,,,,P056,m,0.020732504482410194
P056,,,,near_interaction_orientation_error_rad,17,finger_joint,pinky,finger_e17_pinky_j2_m0d025,distal,,,,,P056,rad,0.5989884089212818
P056,,,,native_surface_unsigned_distance_m,17,finger_joint,pinky,finger_e17_pinky_j2_m0d025,distal,,,,,P056,m,0.05276169658498399
P056,-0.15871084648305483,-0.058617717146522114,0.013899297731123252,native_surface_signed_distance_m,17,finger_joint,pinky,finger_e17_pinky_j2_m0d025,distal,-0.21122978708365664,-0.05965538908967227,0.008951496031906809,True,P056,m,-0.05276170372962952
P056,,,,global_E_bone_diagnostic,17,finger_joint,ALL,finger_e17_pinky_j2_m0d025,,,,,,P056,squared_direction,3.0875854219151253
P056,,,,global_E_IM_diagnostic,17,finger_joint,ALL,finger_e17_pinky_j2_m0d025,,,,,,P056,m_squared,9.951208935260881e-05
P057,,,,wrist_orientation_error_rad,17,finger_joint,ALL,finger_e17_pinky_j2_p0d000,,,,,,P057,rad,0.1093293193569973
P057,,,,wrist_tray_position_error_m,17,finger_joint,ALL,finger_e17_pinky_j2_p0d000,,,,,,P057,m,0.03795244208235013
P057,,,,fingertip_position_error_m,17,finger_joint,thumb,finger_e17_pinky_j2_p0d000,,,,,,P057,m,0.01162584609676707
P057,,,,fingertip_orientation_error_rad,17,finger_joint,thumb,finger_e17_pinky_j2_p0d000,,,,,,P057,rad,0.25122328229058577
P057,,,,wrist_to_tip_vector_error_m,17,finger_joint,thumb,finger_e17_pinky_j2_p0d000,,,,,,P057,m,0.028703168547039748
P057,,,,direct_proximal_orientation_error_rad,17,finger_joint,thumb,finger_e17_pinky_j2_p0d000,,,,,,P057,rad,0.8257322637479504
P057,,,,direct_distal_orientation_error_rad,17,finger_joint,thumb,finger_e17_pinky_j2_p0d000,,,,,,P057,rad,0.15527365227031176
P057,,,,thumb_to_tip_vector_error_m,17,finger_joint,thumb,finger_e17_pinky_j2_p0d000,,,,,,P057,m,0.0
P057,,,,global_E_bone_diagnostic,17,finger_joint,thumb,finger_e17_pinky_j2_p0d000,,,,,,P057,squared_direction,0.7882754025856384
P057,,,,fingertip_position_error_m,17,finger_joint,index,finger_e17_pinky_j2_p0d000,,,,,,P057,m,0.007623925438498605
P057,,,,fingertip_orientation_error_rad,17,finger_joint,index,finger_e17_pinky_j2_p0d000,,,,,,P057,rad,0.2712015762057116
P057,,,,wrist_to_tip_vector_error_m,17,finger_joint,index,finger_e17_pinky_j2_p0d000,,,,,,P057,m,0.03520429388280065
P057,,,,direct_proximal_orientation_error_rad,17,finger_joint,index,finger_e17_pinky_j2_p0d000,,,,,,P057,rad,0.7419223728708675
P057,,,,direct_distal_orientation_error_rad,17,finger_joint,index,finger_e17_pinky_j2_p0d000,,,,,,P057,rad,1.0561991779985422
P057,,,,thumb_to_tip_vector_error_m,17,finger_joint,index,finger_e17_pinky_j2_p0d000,,,,,,P057,m,0.008613004506196214
P057,,,,global_E_bone_diagnostic,17,finger_joint,index,finger_e17_pinky_j2_p0d000,,,,,,P057,squared_direction,1.0065896763217124
P057,,,,fingertip_position_error_m,17,finger_joint,middle,finger_e17_pinky_j2_p0d000,,,,,,P057,m,0.012904749936062025
P057,,,,fingertip_orientation_error_rad,17,finger_joint,middle,finger_e17_pinky_j2_p0d000,,,,,,P057,rad,0.23138012069225133
P057,,,,wrist_to_tip_vector_error_m,17,finger_joint,middle,finger_e17_pinky_j2_p0d000,,,,,,P057,m,0.029039613974281536
P057,,,,direct_proximal_orientation_error_rad,17,finger_joint,middle,finger_e17_pinky_j2_p0d000,,,,,,P057,rad,0.14175076915850124
P057,,,,direct_distal_orientation_error_rad,17,finger_joint,middle,finger_e17_pinky_j2_p0d000,,,,,,P057,rad,0.1695156385662786
P057,,,,thumb_to_tip_vector_error_m,17,finger_joint,middle,finger_e17_pinky_j2_p0d000,,,,,,P057,m,0.014528060350980749
P057,,,,global_E_bone_diagnostic,17,finger_joint,middle,finger_e17_pinky_j2_p0d000,,,,,,P057,squared_direction,0.0933932451102937
P057,,,,fingertip_position_error_m,17,finger_joint,ring,finger_e17_pinky_j2_p0d000,,,,,,P057,m,0.0024686733885520666
P057,,,,fingertip_orientation_error_rad,17,finger_joint,ring,finger_e17_pinky_j2_p0d000,,,,,,P057,rad,0.3206434977119693
P057,,,,wrist_to_tip_vector_error_m,17,finger_joint,ring,finger_e17_pinky_j2_p0d000,,,,,,P057,m,0.04084722660557787
P057,,,,direct_proximal_orientation_error_rad,17,finger_joint,ring,finger_e17_pinky_j2_p0d000,,,,,,P057,rad,0.16471671331391027
P057,,,,direct_distal_orientation_error_rad,17,finger_joint,ring,finger_e17_pinky_j2_p0d000,,,,,,P057,rad,0.42968498652708514
P057,,,,thumb_to_tip_vector_error_m,17,finger_joint,ring,finger_e17_pinky_j2_p0d000,,,,,,P057,m,0.015965769872865274
P057,,,,global_E_bone_diagnostic,17,finger_joint,ring,finger_e17_pinky_j2_p0d000,,,,,,P057,squared_direction,0.3070296554784516
P057,,,,near_interaction_position_error_m,17,finger_joint,ring,finger_e17_pinky_j2_p0d000,proximal,,,,,P057,m,0.01764838923148031
P057,,,,near_interaction_orientation_error_rad,17,finger_joint,ring,finger_e17_pinky_j2_p0d000,proximal,,,,,P057,rad,0.1364548782343718
P057,,,,native_surface_unsigned_distance_m,17,finger_joint,ring,finger_e17_pinky_j2_p0d000,proximal,,,,,P057,m,0.053701888954728126
P057,-0.15796399,-0.07167661,0.01594565,native_surface_signed_distance_m,17,finger_joint,ring,finger_e17_pinky_j2_p0d000,proximal,-0.2068220695733887,-0.08187022236874095,0.03576662890070569,True,P057,m,-0.05370188504457474
P057,,,,near_interaction_position_error_m,17,finger_joint,ring,finger_e17_pinky_j2_p0d000,distal,,,,,P057,m,0.004882918110617042
P057,,,,near_interaction_orientation_error_rad,17,finger_joint,ring,finger_e17_pinky_j2_p0d000,distal,,,,,P057,rad,0.32157814453981226
P057,,,,native_surface_unsigned_distance_m,17,finger_joint,ring,finger_e17_pinky_j2_p0d000,distal,,,,,P057,m,0.030106243298632724
P057,-0.15866099291327554,-0.06825810047908401,0.014285924737021036,native_surface_signed_distance_m,17,finger_joint,ring,finger_e17_pinky_j2_p0d000,distal,-0.18861902021043958,-0.07063065488248658,0.016095198519989497,True,P057,m,-0.030106237158179283
P057,,,,fingertip_position_error_m,17,finger_joint,pinky,finger_e17_pinky_j2_p0d000,,,,,,P057,m,0.02088266515312787
P057,,,,fingertip_orientation_error_rad,17,finger_joint,pinky,finger_e17_pinky_j2_p0d000,,,,,,P057,rad,0.6323450762240629
P057,,,,wrist_to_tip_vector_error_m,17,finger_joint,pinky,finger_e17_pinky_j2_p0d000,,,,,,P057,m,0.05794970066050754
P057,,,,direct_proximal_orientation_error_rad,17,finger_joint,pinky,finger_e17_pinky_j2_p0d000,,,,,,P057,rad,0.4796646711879634
P057,,,,direct_distal_orientation_error_rad,17,finger_joint,pinky,finger_e17_pinky_j2_p0d000,,,,,,P057,rad,0.6835604299212962
P057,,,,thumb_to_tip_vector_error_m,17,finger_joint,pinky,finger_e17_pinky_j2_p0d000,,,,,,P057,m,0.03387232720975263
P057,,,,global_E_bone_diagnostic,17,finger_joint,pinky,finger_e17_pinky_j2_p0d000,,,,,,P057,squared_direction,0.9095160901538635
P057,,,,near_interaction_position_error_m,17,finger_joint,pinky,finger_e17_pinky_j2_p0d000,proximal,,,,,P057,m,0.013345399130147843
P057,,,,near_interaction_orientation_error_rad,17,finger_joint,pinky,finger_e17_pinky_j2_p0d000,proximal,,,,,P057,rad,0.46260436011522005
P057,,,,native_surface_unsigned_distance_m,17,finger_joint,pinky,finger_e17_pinky_j2_p0d000,proximal,,,,,P057,m,0.0699533069982155
P057,-0.15829793682952395,-0.0709039651832867,0.015112763085351859,native_surface_signed_distance_m,17,finger_joint,pinky,finger_e17_pinky_j2_p0d000,proximal,-0.2263189114830149,-0.0821804224040504,0.02692181383992214,True,P057,m,-0.0699533075094223
P057,,,,near_interaction_position_error_m,17,finger_joint,pinky,finger_e17_pinky_j2_p0d000,distal,,,,,P057,m,0.02012322224846169
P057,,,,near_interaction_orientation_error_rad,17,finger_joint,pinky,finger_e17_pinky_j2_p0d000,distal,,,,,P057,rad,0.5984500630318715
P057,,,,native_surface_unsigned_distance_m,17,finger_joint,pinky,finger_e17_pinky_j2_p0d000,distal,,,,,P057,m,0.05284409257795951
P057,-0.15869448813284404,-0.05922731788220683,0.01385350817509941,native_surface_signed_distance_m,17,finger_joint,pinky,finger_e17_pinky_j2_p0d000,distal,-0.2113152205793032,-0.06028354076515072,0.009116311703803085,True,P057,m,-0.052844081073999405
P057,,,,global_E_bone_diagnostic,17,finger_joint,ALL,finger_e17_pinky_j2_p0d000,,,,,,P057,squared_direction,3.1048040696499597
P057,,,,global_E_IM_diagnostic,17,finger_joint,ALL,finger_e17_pinky_j2_p0d000,,,,,,P057,m_squared,9.879988809578875e-05
P058,,,,wrist_orientation_error_rad,17,finger_joint,ALL,finger_e17_pinky_j2_p0d025,,,,,,P058,rad,0.1093293193569973
P058,,,,wrist_tray_position_error_m,17,finger_joint,ALL,finger_e17_pinky_j2_p0d025,,,,,,P058,m,0.03795244208235013
P058,,,,fingertip_position_error_m,17,finger_joint,thumb,finger_e17_pinky_j2_p0d025,,,,,,P058,m,0.01162584609676707
P058,,,,fingertip_orientation_error_rad,17,finger_joint,thumb,finger_e17_pinky_j2_p0d025,,,,,,P058,rad,0.25122328229058577
P058,,,,wrist_to_tip_vector_error_m,17,finger_joint,thumb,finger_e17_pinky_j2_p0d025,,,,,,P058,m,0.028703168547039748
P058,,,,direct_proximal_orientation_error_rad,17,finger_joint,thumb,finger_e17_pinky_j2_p0d025,,,,,,P058,rad,0.8257322637479504
P058,,,,direct_distal_orientation_error_rad,17,finger_joint,thumb,finger_e17_pinky_j2_p0d025,,,,,,P058,rad,0.15527365227031176
P058,,,,thumb_to_tip_vector_error_m,17,finger_joint,thumb,finger_e17_pinky_j2_p0d025,,,,,,P058,m,0.0
P058,,,,global_E_bone_diagnostic,17,finger_joint,thumb,finger_e17_pinky_j2_p0d025,,,,,,P058,squared_direction,0.7882754025856384
P058,,,,fingertip_position_error_m,17,finger_joint,index,finger_e17_pinky_j2_p0d025,,,,,,P058,m,0.007623925438498605
P058,,,,fingertip_orientation_error_rad,17,finger_joint,index,finger_e17_pinky_j2_p0d025,,,,,,P058,rad,0.2712015762057116
P058,,,,wrist_to_tip_vector_error_m,17,finger_joint,index,finger_e17_pinky_j2_p0d025,,,,,,P058,m,0.03520429388280065
P058,,,,direct_proximal_orientation_error_rad,17,finger_joint,index,finger_e17_pinky_j2_p0d025,,,,,,P058,rad,0.7419223728708675
P058,,,,direct_distal_orientation_error_rad,17,finger_joint,index,finger_e17_pinky_j2_p0d025,,,,,,P058,rad,1.0561991779985422
P058,,,,thumb_to_tip_vector_error_m,17,finger_joint,index,finger_e17_pinky_j2_p0d025,,,,,,P058,m,0.008613004506196214
P058,,,,global_E_bone_diagnostic,17,finger_joint,index,finger_e17_pinky_j2_p0d025,,,,,,P058,squared_direction,1.0065896763217124
P058,,,,fingertip_position_error_m,17,finger_joint,middle,finger_e17_pinky_j2_p0d025,,,,,,P058,m,0.012904749936062025
P058,,,,fingertip_orientation_error_rad,17,finger_joint,middle,finger_e17_pinky_j2_p0d025,,,,,,P058,rad,0.23138012069225133
P058,,,,wrist_to_tip_vector_error_m,17,finger_joint,middle,finger_e17_pinky_j2_p0d025,,,,,,P058,m,0.029039613974281536
P058,,,,direct_proximal_orientation_error_rad,17,finger_joint,middle,finger_e17_pinky_j2_p0d025,,,,,,P058,rad,0.14175076915850124
P058,,,,direct_distal_orientation_error_rad,17,finger_joint,middle,finger_e17_pinky_j2_p0d025,,,,,,P058,rad,0.1695156385662786
P058,,,,thumb_to_tip_vector_error_m,17,finger_joint,middle,finger_e17_pinky_j2_p0d025,,,,,,P058,m,0.014528060350980749
P058,,,,global_E_bone_diagnostic,17,finger_joint,middle,finger_e17_pinky_j2_p0d025,,,,,,P058,squared_direction,0.0933932451102937
P058,,,,fingertip_position_error_m,17,finger_joint,ring,finger_e17_pinky_j2_p0d025,,,,,,P058,m,0.0024686733885520666
P058,,,,fingertip_orientation_error_rad,17,finger_joint,ring,finger_e17_pinky_j2_p0d025,,,,,,P058,rad,0.3206434977119693
P058,,,,wrist_to_tip_vector_error_m,17,finger_joint,ring,finger_e17_pinky_j2_p0d025,,,,,,P058,m,0.04084722660557787
P058,,,,direct_proximal_orientation_error_rad,17,finger_joint,ring,finger_e17_pinky_j2_p0d025,,,,,,P058,rad,0.16471671331391027
P058,,,,direct_distal_orientation_error_rad,17,finger_joint,ring,finger_e17_pinky_j2_p0d025,,,,,,P058,rad,0.42968498652708514
P058,,,,thumb_to_tip_vector_error_m,17,finger_joint,ring,finger_e17_pinky_j2_p0d025,,,,,,P058,m,0.015965769872865274
P058,,,,global_E_bone_diagnostic,17,finger_joint,ring,finger_e17_pinky_j2_p0d025,,,,,,P058,squared_direction,0.3070296554784516
P058,,,,near_interaction_position_error_m,17,finger_joint,ring,finger_e17_pinky_j2_p0d025,proximal,,,,,P058,m,0.01764838923148031
P058,,,,near_interaction_orientation_error_rad,17,finger_joint,ring,finger_e17_pinky_j2_p0d025,proximal,,,,,P058,rad,0.1364548782343718
P058,,,,native_surface_unsigned_distance_m,17,finger_joint,ring,finger_e17_pinky_j2_p0d025,proximal,,,,,P058,m,0.053701888954728126
P058,-0.15796399,-0.07167661,0.01594565,native_surface_signed_distance_m,17,finger_joint,ring,finger_e17_pinky_j2_p0d025,proximal,-0.2068220695733887,-0.08187022236874095,0.03576662890070569,True,P058,m,-0.05370188504457474
P058,,,,near_interaction_position_error_m,17,finger_joint,ring,finger_e17_pinky_j2_p0d025,distal,,,,,P058,m,0.004882918110617042
P058,,,,near_interaction_orientation_error_rad,17,finger_joint,ring,finger_e17_pinky_j2_p0d025,distal,,,,,P058,rad,0.32157814453981226
P058,,,,native_surface_unsigned_distance_m,17,finger_joint,ring,finger_e17_pinky_j2_p0d025,distal,,,,,P058,m,0.030106243298632724
P058,-0.15866099291327554,-0.06825810047908401,0.014285924737021036,native_surface_signed_distance_m,17,finger_joint,ring,finger_e17_pinky_j2_p0d025,distal,-0.18861902021043958,-0.07063065488248658,0.016095198519989497,True,P058,m,-0.030106237158179283
P058,,,,fingertip_position_error_m,17,finger_joint,pinky,finger_e17_pinky_j2_p0d025,,,,,,P058,m,0.019734097300838353
P058,,,,fingertip_orientation_error_rad,17,finger_joint,pinky,finger_e17_pinky_j2_p0d025,,,,,,P058,rad,0.6379587300648487
P058,,,,wrist_to_tip_vector_error_m,17,finger_joint,pinky,finger_e17_pinky_j2_p0d025,,,,,,P058,m,0.05675244325777801
P058,,,,direct_proximal_orientation_error_rad,17,finger_joint,pinky,finger_e17_pinky_j2_p0d025,,,,,,P058,rad,0.4796646711879634
P058,,,,direct_distal_orientation_error_rad,17,finger_joint,pinky,finger_e17_pinky_j2_p0d025,,,,,,P058,rad,0.6880142255014081
P058,,,,thumb_to_tip_vector_error_m,17,finger_joint,pinky,finger_e17_pinky_j2_p0d025,,,,,,P058,m,0.03261412893003189
P058,,,,global_E_bone_diagnostic,17,finger_joint,pinky,finger_e17_pinky_j2_p0d025,,,,,,P058,squared_direction,0.9282267401128886
P058,,,,near_interaction_position_error_m,17,finger_joint,pinky,finger_e17_pinky_j2_p0d025,proximal,,,,,P058,m,0.013345399130147843
P058,,,,near_interaction_orientation_error_rad,17,finger_joint,pinky,finger_e17_pinky_j2_p0d025,proximal,,,,,P058,rad,0.46260436011522005
P058,,,,native_surface_unsigned_distance_m,17,finger_joint,pinky,finger_e17_pinky_j2_p0d025,proximal,,,,,P058,m,0.0699533069982155
P058,-0.15829793682952395,-0.0709039651832867,0.015112763085351859,native_surface_signed_distance_m,17,finger_joint,pinky,finger_e17_pinky_j2_p0d025,proximal,-0.2263189114830149,-0.0821804224040504,0.02692181383992214,True,P058,m,-0.0699533075094223
P058,,,,near_interaction_position_error_m,17,finger_joint,pinky,finger_e17_pinky_j2_p0d025,distal,,,,,P058,m,0.01952621586820888
P058,,,,near_interaction_orientation_error_rad,17,finger_joint,pinky,finger_e17_pinky_j2_p0d025,distal,,,,,P058,rad,0.6012839445282505
P058,,,,native_surface_unsigned_distance_m,17,finger_joint,pinky,finger_e17_pinky_j2_p0d025,distal,,,,,P058,m,0.052927856300207736
P058,-0.15873204446043784,-0.06303169103249574,0.01383452459059342,native_surface_signed_distance_m,17,finger_joint,pinky,finger_e17_pinky_j2_p0d025,distal,-0.2114224540145023,-0.06090250802009841,0.009301832977422297,True,P058,m,-0.052927859127521515
P058,,,,global_E_bone_diagnostic,17,finger_joint,ALL,finger_e17_pinky_j2_p0d025,,,,,,P058,squared_direction,3.123514719608985
P058,,,,global_E_IM_diagnostic,17,finger_joint,ALL,finger_e17_pinky_j2_p0d025,,,,,,P058,m_squared,9.817065213516635e-05
P059,,,,wrist_orientation_error_rad,17,finger_joint,ALL,finger_e17_pinky_j2_p0d050,,,,,,P059,rad,0.1093293193569973
P059,,,,wrist_tray_position_error_m,17,finger_joint,ALL,finger_e17_pinky_j2_p0d050,,,,,,P059,m,0.03795244208235013
P059,,,,fingertip_position_error_m,17,finger_joint,thumb,finger_e17_pinky_j2_p0d050,,,,,,P059,m,0.01162584609676707
P059,,,,fingertip_orientation_error_rad,17,finger_joint,thumb,finger_e17_pinky_j2_p0d050,,,,,,P059,rad,0.25122328229058577
P059,,,,wrist_to_tip_vector_error_m,17,finger_joint,thumb,finger_e17_pinky_j2_p0d050,,,,,,P059,m,0.028703168547039748
P059,,,,direct_proximal_orientation_error_rad,17,finger_joint,thumb,finger_e17_pinky_j2_p0d050,,,,,,P059,rad,0.8257322637479504
P059,,,,direct_distal_orientation_error_rad,17,finger_joint,thumb,finger_e17_pinky_j2_p0d050,,,,,,P059,rad,0.15527365227031176
P059,,,,thumb_to_tip_vector_error_m,17,finger_joint,thumb,finger_e17_pinky_j2_p0d050,,,,,,P059,m,0.0
P059,,,,global_E_bone_diagnostic,17,finger_joint,thumb,finger_e17_pinky_j2_p0d050,,,,,,P059,squared_direction,0.7882754025856384
P059,,,,fingertip_position_error_m,17,finger_joint,index,finger_e17_pinky_j2_p0d050,,,,,,P059,m,0.007623925438498605
P059,,,,fingertip_orientation_error_rad,17,finger_joint,index,finger_e17_pinky_j2_p0d050,,,,,,P059,rad,0.2712015762057116
P059,,,,wrist_to_tip_vector_error_m,17,finger_joint,index,finger_e17_pinky_j2_p0d050,,,,,,P059,m,0.03520429388280065
P059,,,,direct_proximal_orientation_error_rad,17,finger_joint,index,finger_e17_pinky_j2_p0d050,,,,,,P059,rad,0.7419223728708675
P059,,,,direct_distal_orientation_error_rad,17,finger_joint,index,finger_e17_pinky_j2_p0d050,,,,,,P059,rad,1.0561991779985422
P059,,,,thumb_to_tip_vector_error_m,17,finger_joint,index,finger_e17_pinky_j2_p0d050,,,,,,P059,m,0.008613004506196214
P059,,,,global_E_bone_diagnostic,17,finger_joint,index,finger_e17_pinky_j2_p0d050,,,,,,P059,squared_direction,1.0065896763217124
P059,,,,fingertip_position_error_m,17,finger_joint,middle,finger_e17_pinky_j2_p0d050,,,,,,P059,m,0.012904749936062025
P059,,,,fingertip_orientation_error_rad,17,finger_joint,middle,finger_e17_pinky_j2_p0d050,,,,,,P059,rad,0.23138012069225133
P059,,,,wrist_to_tip_vector_error_m,17,finger_joint,middle,finger_e17_pinky_j2_p0d050,,,,,,P059,m,0.029039613974281536
P059,,,,direct_proximal_orientation_error_rad,17,finger_joint,middle,finger_e17_pinky_j2_p0d050,,,,,,P059,rad,0.14175076915850124
P059,,,,direct_distal_orientation_error_rad,17,finger_joint,middle,finger_e17_pinky_j2_p0d050,,,,,,P059,rad,0.1695156385662786
P059,,,,thumb_to_tip_vector_error_m,17,finger_joint,middle,finger_e17_pinky_j2_p0d050,,,,,,P059,m,0.014528060350980749
P059,,,,global_E_bone_diagnostic,17,finger_joint,middle,finger_e17_pinky_j2_p0d050,,,,,,P059,squared_direction,0.0933932451102937
P059,,,,fingertip_position_error_m,17,finger_joint,ring,finger_e17_pinky_j2_p0d050,,,,,,P059,m,0.0024686733885520666
P059,,,,fingertip_orientation_error_rad,17,finger_joint,ring,finger_e17_pinky_j2_p0d050,,,,,,P059,rad,0.3206434977119693
P059,,,,wrist_to_tip_vector_error_m,17,finger_joint,ring,finger_e17_pinky_j2_p0d050,,,,,,P059,m,0.04084722660557787
P059,,,,direct_proximal_orientation_error_rad,17,finger_joint,ring,finger_e17_pinky_j2_p0d050,,,,,,P059,rad,0.16471671331391027
P059,,,,direct_distal_orientation_error_rad,17,finger_joint,ring,finger_e17_pinky_j2_p0d050,,,,,,P059,rad,0.42968498652708514
P059,,,,thumb_to_tip_vector_error_m,17,finger_joint,ring,finger_e17_pinky_j2_p0d050,,,,,,P059,m,0.015965769872865274
P059,,,,global_E_bone_diagnostic,17,finger_joint,ring,finger_e17_pinky_j2_p0d050,,,,,,P059,squared_direction,0.3070296554784516
P059,,,,near_interaction_position_error_m,17,finger_joint,ring,finger_e17_pinky_j2_p0d050,proximal,,,,,P059,m,0.01764838923148031
P059,,,,near_interaction_orientation_error_rad,17,finger_joint,ring,finger_e17_pinky_j2_p0d050,proximal,,,,,P059,rad,0.1364548782343718
P059,,,,native_surface_unsigned_distance_m,17,finger_joint,ring,finger_e17_pinky_j2_p0d050,proximal,,,,,P059,m,0.053701888954728126
P059,-0.15796399,-0.07167661,0.01594565,native_surface_signed_distance_m,17,finger_joint,ring,finger_e17_pinky_j2_p0d050,proximal,-0.2068220695733887,-0.08187022236874095,0.03576662890070569,True,P059,m,-0.05370188504457474
P059,,,,near_interaction_position_error_m,17,finger_joint,ring,finger_e17_pinky_j2_p0d050,distal,,,,,P059,m,0.004882918110617042
P059,,,,near_interaction_orientation_error_rad,17,finger_joint,ring,finger_e17_pinky_j2_p0d050,distal,,,,,P059,rad,0.32157814453981226
P059,,,,native_surface_unsigned_distance_m,17,finger_joint,ring,finger_e17_pinky_j2_p0d050,distal,,,,,P059,m,0.030106243298632724
P059,-0.15866099291327554,-0.06825810047908401,0.014285924737021036,native_surface_signed_distance_m,17,finger_joint,ring,finger_e17_pinky_j2_p0d050,distal,-0.18861902021043958,-0.07063065488248658,0.016095198519989497,True,P059,m,-0.030106237158179283
P059,,,,fingertip_position_error_m,17,finger_joint,pinky,finger_e17_pinky_j2_p0d050,,,,,,P059,m,0.018605274010717144
P059,,,,fingertip_orientation_error_rad,17,finger_joint,pinky,finger_e17_pinky_j2_p0d050,,,,,,P059,rad,0.6469750383076904
P059,,,,wrist_to_tip_vector_error_m,17,finger_joint,pinky,finger_e17_pinky_j2_p0d050,,,,,,P059,m,0.05558295028911764
P059,,,,direct_proximal_orientation_error_rad,17,finger_joint,pinky,finger_e17_pinky_j2_p0d050,,,,,,P059,rad,0.4796646711879634
P059,,,,direct_distal_orientation_error_rad,17,finger_joint,pinky,finger_e17_pinky_j2_p0d050,,,,,,P059,rad,0.6952267318067351
P059,,,,thumb_to_tip_vector_error_m,17,finger_joint,pinky,finger_e17_pinky_j2_p0d050,,,,,,P059,m,0.031360095454685245
P059,,,,global_E_bone_diagnostic,17,finger_joint,pinky,finger_e17_pinky_j2_p0d050,,,,,,P059,squared_direction,0.9483862912349599
P059,,,,near_interaction_position_error_m,17,finger_joint,pinky,finger_e17_pinky_j2_p0d050,proximal,,,,,P059,m,0.013345399130147843
P059,,,,near_interaction_orientation_error_rad,17,finger_joint,pinky,finger_e17_pinky_j2_p0d050,proximal,,,,,P059,rad,0.46260436011522005
P059,,,,native_surface_unsigned_distance_m,17,finger_joint,pinky,finger_e17_pinky_j2_p0d050,proximal,,,,,P059,m,0.0699533069982155
P059,-0.15829793682952395,-0.0709039651832867,0.015112763085351859,native_surface_signed_distance_m,17,finger_joint,pinky,finger_e17_pinky_j2_p0d050,proximal,-0.2263189114830149,-0.0821804224040504,0.02692181383992214,True,P059,m,-0.0699533075094223
P059,,,,near_interaction_position_error_m,17,finger_joint,pinky,finger_e17_pinky_j2_p0d050,distal,,,,,P059,m,0.018944085276534076
P059,,,,near_interaction_orientation_error_rad,17,finger_joint,pinky,finger_e17_pinky_j2_p0d050,distal,,,,,P059,rad,0.607442208888684
P059,,,,native_surface_unsigned_distance_m,17,finger_joint,pinky,finger_e17_pinky_j2_p0d050,distal,,,,,P059,m,0.053014115231631916
P059,-0.15876521523358314,-0.06366161512561416,0.013924219186824469,native_surface_signed_distance_m,17,finger_joint,pinky,finger_e17_pinky_j2_p0d050,distal,-0.21155124037085213,-0.06151086502775028,0.009507632493812288,True,P059,m,-0.053014107048511505
P059,,,,global_E_bone_diagnostic,17,finger_joint,ALL,finger_e17_pinky_j2_p0d050,,,,,,P059,squared_direction,3.143674270731056
P059,,,,global_E_IM_diagnostic,17,finger_joint,ALL,finger_e17_pinky_j2_p0d050,,,,,,P059,m_squared,9.76258309520625e-05
P060,,,,wrist_orientation_error_rad,0,wrist_z,ALL,wrist_z_old_fixed_0d00,,,,,,P060,rad,0.10900268093758127
P060,,,,wrist_tray_position_error_m,0,wrist_z,ALL,wrist_z_old_fixed_0d00,,,,,,P060,m,0.03473539743043529
P060,,,,fingertip_position_error_m,0,wrist_z,thumb,wrist_z_old_fixed_0d00,,,,,,P060,m,0.006215316022820833
P060,,,,fingertip_orientation_error_rad,0,wrist_z,thumb,wrist_z_old_fixed_0d00,,,,,,P060,rad,0.07678121200181016
P060,,,,wrist_to_tip_vector_error_m,0,wrist_z,thumb,wrist_z_old_fixed_0d00,,,,,,P060,m,0.02570198502476697
P060,,,,direct_proximal_orientation_error_rad,0,wrist_z,thumb,wrist_z_old_fixed_0d00,,,,,,P060,rad,0.8175452556138068
P060,,,,direct_distal_orientation_error_rad,0,wrist_z,thumb,wrist_z_old_fixed_0d00,,,,,,P060,rad,0.18781968709288346
P060,,,,thumb_to_tip_vector_error_m,0,wrist_z,thumb,wrist_z_old_fixed_0d00,,,,,,P060,m,0.0
P060,,,,global_E_bone_diagnostic,0,wrist_z,thumb,wrist_z_old_fixed_0d00,,,,,,P060,squared_direction,0.6825475437118231
P060,,,,fingertip_position_error_m,0,wrist_z,index,wrist_z_old_fixed_0d00,,,,,,P060,m,0.0030297332230250513
P060,,,,fingertip_orientation_error_rad,0,wrist_z,index,wrist_z_old_fixed_0d00,,,,,,P060,rad,0.057666955669052535
P060,,,,wrist_to_tip_vector_error_m,0,wrist_z,index,wrist_z_old_fixed_0d00,,,,,,P060,m,0.031037249362573786
P060,,,,direct_proximal_orientation_error_rad,0,wrist_z,index,wrist_z_old_fixed_0d00,,,,,,P060,rad,0.4843813516135068
P060,,,,direct_distal_orientation_error_rad,0,wrist_z,index,wrist_z_old_fixed_0d00,,,,,,P060,rad,0.14733548239404026
P060,,,,thumb_to_tip_vector_error_m,0,wrist_z,index,wrist_z_old_fixed_0d00,,,,,,P060,m,0.008228501732398495
P060,,,,global_E_bone_diagnostic,0,wrist_z,index,wrist_z_old_fixed_0d00,,,,,,P060,squared_direction,0.12453046482662086
P060,,,,fingertip_position_error_m,0,wrist_z,middle,wrist_z_old_fixed_0d00,,,,,,P060,m,0.009719037496976637
P060,,,,fingertip_orientation_error_rad,0,wrist_z,middle,wrist_z_old_fixed_0d00,,,,,,P060,rad,0.34066756283488464
P060,,,,wrist_to_tip_vector_error_m,0,wrist_z,middle,wrist_z_old_fixed_0d00,,,,,,P060,m,0.02946267270258036
P060,,,,direct_proximal_orientation_error_rad,0,wrist_z,middle,wrist_z_old_fixed_0d00,,,,,,P060,rad,0.2082830856903864
P060,,,,direct_distal_orientation_error_rad,0,wrist_z,middle,wrist_z_old_fixed_0d00,,,,,,P060,rad,0.07063954011531019
P060,,,,thumb_to_tip_vector_error_m,0,wrist_z,middle,wrist_z_old_fixed_0d00,,,,,,P060,m,0.013223659154071869
P060,,,,global_E_bone_diagnostic,0,wrist_z,middle,wrist_z_old_fixed_0d00,,,,,,P060,squared_direction,0.01976665809751579
P060,,,,fingertip_position_error_m,0,wrist_z,ring,wrist_z_old_fixed_0d00,,,,,,P060,m,0.004517715416415725
P060,,,,fingertip_orientation_error_rad,0,wrist_z,ring,wrist_z_old_fixed_0d00,,,,,,P060,rad,0.3301040936736804
P060,,,,wrist_to_tip_vector_error_m,0,wrist_z,ring,wrist_z_old_fixed_0d00,,,,,,P060,m,0.034737283691520404
P060,,,,direct_proximal_orientation_error_rad,0,wrist_z,ring,wrist_z_old_fixed_0d00,,,,,,P060,rad,0.16978953475005554
P060,,,,direct_distal_orientation_error_rad,0,wrist_z,ring,wrist_z_old_fixed_0d00,,,,,,P060,rad,0.023844623925025267
P060,,,,thumb_to_tip_vector_error_m,0,wrist_z,ring,wrist_z_old_fixed_0d00,,,,,,P060,m,0.013932270622438342
P060,,,,global_E_bone_diagnostic,0,wrist_z,ring,wrist_z_old_fixed_0d00,,,,,,P060,squared_direction,0.022766367719896163
P060,,,,fingertip_position_error_m,0,wrist_z,pinky,wrist_z_old_fixed_0d00,,,,,,P060,m,0.020734946980238967
P060,,,,fingertip_orientation_error_rad,0,wrist_z,pinky,wrist_z_old_fixed_0d00,,,,,,P060,rad,0.2498467199972426
P060,,,,wrist_to_tip_vector_error_m,0,wrist_z,pinky,wrist_z_old_fixed_0d00,,,,,,P060,m,0.05770835989588297
P060,,,,direct_proximal_orientation_error_rad,0,wrist_z,pinky,wrist_z_old_fixed_0d00,,,,,,P060,rad,0.2948600563952377
P060,,,,direct_distal_orientation_error_rad,0,wrist_z,pinky,wrist_z_old_fixed_0d00,,,,,,P060,rad,0.1272683025552667
P060,,,,thumb_to_tip_vector_error_m,0,wrist_z,pinky,wrist_z_old_fixed_0d00,,,,,,P060,m,0.03226481247101581
P060,,,,global_E_bone_diagnostic,0,wrist_z,pinky,wrist_z_old_fixed_0d00,,,,,,P060,squared_direction,0.1514934173701666
P060,,,,global_E_bone_diagnostic,0,wrist_z,ALL,wrist_z_old_fixed_0d00,,,,,,P060,squared_direction,1.0011044517260226
P060,,,,global_E_IM_diagnostic,0,wrist_z,ALL,wrist_z_old_fixed_0d00,,,,,,P060,m_squared,7.441458934628806e-05
P061,,,,wrist_orientation_error_rad,0,wrist_z,ALL,wrist_z_old_fixed_0d25,,,,,,P061,rad,0.10900268093758127
P061,,,,wrist_tray_position_error_m,0,wrist_z,ALL,wrist_z_old_fixed_0d25,,,,,,P061,m,0.03340414122916811
P061,,,,fingertip_position_error_m,0,wrist_z,thumb,wrist_z_old_fixed_0d25,,,,,,P061,m,0.006178950709564868
P061,,,,fingertip_orientation_error_rad,0,wrist_z,thumb,wrist_z_old_fixed_0d25,,,,,,P061,rad,0.07678121200181016
P061,,,,wrist_to_tip_vector_error_m,0,wrist_z,thumb,wrist_z_old_fixed_0d25,,,,,,P061,m,0.02570198502476697
P061,,,,direct_proximal_orientation_error_rad,0,wrist_z,thumb,wrist_z_old_fixed_0d25,,,,,,P061,rad,0.8175452556138068
P061,,,,direct_distal_orientation_error_rad,0,wrist_z,thumb,wrist_z_old_fixed_0d25,,,,,,P061,rad,0.18781968709288346
P061,,,,thumb_to_tip_vector_error_m,0,wrist_z,thumb,wrist_z_old_fixed_0d25,,,,,,P061,m,0.0
P061,,,,global_E_bone_diagnostic,0,wrist_z,thumb,wrist_z_old_fixed_0d25,,,,,,P061,squared_direction,0.6825475437118231
P061,,,,fingertip_position_error_m,0,wrist_z,index,wrist_z_old_fixed_0d25,,,,,,P061,m,0.008397202604083154
P061,,,,fingertip_orientation_error_rad,0,wrist_z,index,wrist_z_old_fixed_0d25,,,,,,P061,rad,0.057666955669052535
P061,,,,wrist_to_tip_vector_error_m,0,wrist_z,index,wrist_z_old_fixed_0d25,,,,,,P061,m,0.031037249362573786
P061,,,,direct_proximal_orientation_error_rad,0,wrist_z,index,wrist_z_old_fixed_0d25,,,,,,P061,rad,0.4843813516135068
P061,,,,direct_distal_orientation_error_rad,0,wrist_z,index,wrist_z_old_fixed_0d25,,,,,,P061,rad,0.14733548239404026
P061,,,,thumb_to_tip_vector_error_m,0,wrist_z,index,wrist_z_old_fixed_0d25,,,,,,P061,m,0.008228501732398495
P061,,,,global_E_bone_diagnostic,0,wrist_z,index,wrist_z_old_fixed_0d25,,,,,,P061,squared_direction,0.12453046482662086
P061,,,,fingertip_position_error_m,0,wrist_z,middle,wrist_z_old_fixed_0d25,,,,,,P061,m,0.013906972321008884
P061,,,,fingertip_orientation_error_rad,0,wrist_z,middle,wrist_z_old_fixed_0d25,,,,,,P061,rad,0.34066756283488464
P061,,,,wrist_to_tip_vector_error_m,0,wrist_z,middle,wrist_z_old_fixed_0d25,,,,,,P061,m,0.02946267270258036
P061,,,,direct_proximal_orientation_error_rad,0,wrist_z,middle,wrist_z_old_fixed_0d25,,,,,,P061,rad,0.2082830856903864
P061,,,,direct_distal_orientation_error_rad,0,wrist_z,middle,wrist_z_old_fixed_0d25,,,,,,P061,rad,0.07063954011531019
P061,,,,thumb_to_tip_vector_error_m,0,wrist_z,middle,wrist_z_old_fixed_0d25,,,,,,P061,m,0.013223659154071869
P061,,,,global_E_bone_diagnostic,0,wrist_z,middle,wrist_z_old_fixed_0d25,,,,,,P061,squared_direction,0.01976665809751579
P061,,,,fingertip_position_error_m,0,wrist_z,ring,wrist_z_old_fixed_0d25,,,,,,P061,m,0.009558947806766298
P061,,,,fingertip_orientation_error_rad,0,wrist_z,ring,wrist_z_old_fixed_0d25,,,,,,P061,rad,0.3301040936736804
P061,,,,wrist_to_tip_vector_error_m,0,wrist_z,ring,wrist_z_old_fixed_0d25,,,,,,P061,m,0.034737283691520404
P061,,,,direct_proximal_orientation_error_rad,0,wrist_z,ring,wrist_z_old_fixed_0d25,,,,,,P061,rad,0.16978953475005554
P061,,,,direct_distal_orientation_error_rad,0,wrist_z,ring,wrist_z_old_fixed_0d25,,,,,,P061,rad,0.023844623925025267
P061,,,,thumb_to_tip_vector_error_m,0,wrist_z,ring,wrist_z_old_fixed_0d25,,,,,,P061,m,0.013932270622438342
P061,,,,global_E_bone_diagnostic,0,wrist_z,ring,wrist_z_old_fixed_0d25,,,,,,P061,squared_direction,0.022766367719896163
P061,,,,fingertip_position_error_m,0,wrist_z,pinky,wrist_z_old_fixed_0d25,,,,,,P061,m,0.021692357131019854
P061,,,,fingertip_orientation_error_rad,0,wrist_z,pinky,wrist_z_old_fixed_0d25,,,,,,P061,rad,0.2498467199972426
P061,,,,wrist_to_tip_vector_error_m,0,wrist_z,pinky,wrist_z_old_fixed_0d25,,,,,,P061,m,0.05770835989588297
P061,,,,direct_proximal_orientation_error_rad,0,wrist_z,pinky,wrist_z_old_fixed_0d25,,,,,,P061,rad,0.2948600563952377
P061,,,,direct_distal_orientation_error_rad,0,wrist_z,pinky,wrist_z_old_fixed_0d25,,,,,,P061,rad,0.1272683025552667
P061,,,,thumb_to_tip_vector_error_m,0,wrist_z,pinky,wrist_z_old_fixed_0d25,,,,,,P061,m,0.03226481247101581
P061,,,,global_E_bone_diagnostic,0,wrist_z,pinky,wrist_z_old_fixed_0d25,,,,,,P061,squared_direction,0.1514934173701666
P061,,,,global_E_bone_diagnostic,0,wrist_z,ALL,wrist_z_old_fixed_0d25,,,,,,P061,squared_direction,1.0011044517260226
P061,,,,global_E_IM_diagnostic,0,wrist_z,ALL,wrist_z_old_fixed_0d25,,,,,,P061,m_squared,7.583869786566036e-05
P062,,,,wrist_orientation_error_rad,0,wrist_z,ALL,wrist_z_old_fixed_0d50,,,,,,P062,rad,0.10900268093758127
P062,,,,wrist_tray_position_error_m,0,wrist_z,ALL,wrist_z_old_fixed_0d50,,,,,,P062,m,0.03366826935834038
P062,,,,fingertip_position_error_m,0,wrist_z,thumb,wrist_z_old_fixed_0d50,,,,,,P062,m,0.012089483206430546
P062,,,,fingertip_orientation_error_rad,0,wrist_z,thumb,wrist_z_old_fixed_0d50,,,,,,P062,rad,0.07678121200181016
P062,,,,wrist_to_tip_vector_error_m,0,wrist_z,thumb,wrist_z_old_fixed_0d50,,,,,,P062,m,0.02570198502476697
P062,,,,direct_proximal_orientation_error_rad,0,wrist_z,thumb,wrist_z_old_fixed_0d50,,,,,,P062,rad,0.8175452556138068
P062,,,,direct_distal_orientation_error_rad,0,wrist_z,thumb,wrist_z_old_fixed_0d50,,,,,,P062,rad,0.18781968709288346
P062,,,,thumb_to_tip_vector_error_m,0,wrist_z,thumb,wrist_z_old_fixed_0d50,,,,,,P062,m,0.0
P062,,,,global_E_bone_diagnostic,0,wrist_z,thumb,wrist_z_old_fixed_0d50,,,,,,P062,squared_direction,0.6825475437118231
P062,,,,fingertip_position_error_m,0,wrist_z,index,wrist_z_old_fixed_0d50,,,,,,P062,m,0.015500762351090196
P062,,,,fingertip_orientation_error_rad,0,wrist_z,index,wrist_z_old_fixed_0d50,,,,,,P062,rad,0.057666955669052535
P062,,,,wrist_to_tip_vector_error_m,0,wrist_z,index,wrist_z_old_fixed_0d50,,,,,,P062,m,0.031037249362573786
P062,,,,direct_proximal_orientation_error_rad,0,wrist_z,index,wrist_z_old_fixed_0d50,,,,,,P062,rad,0.4843813516135068
P062,,,,direct_distal_orientation_error_rad,0,wrist_z,index,wrist_z_old_fixed_0d50,,,,,,P062,rad,0.14733548239404026
P062,,,,thumb_to_tip_vector_error_m,0,wrist_z,index,wrist_z_old_fixed_0d50,,,,,,P062,m,0.008228501732398495
P062,,,,global_E_bone_diagnostic,0,wrist_z,index,wrist_z_old_fixed_0d50,,,,,,P062,squared_direction,0.12453046482662086
P062,,,,fingertip_position_error_m,0,wrist_z,middle,wrist_z_old_fixed_0d50,,,,,,P062,m,0.02001936467839606
P062,,,,fingertip_orientation_error_rad,0,wrist_z,middle,wrist_z_old_fixed_0d50,,,,,,P062,rad,0.34066756283488464
P062,,,,wrist_to_tip_vector_error_m,0,wrist_z,middle,wrist_z_old_fixed_0d50,,,,,,P062,m,0.02946267270258036
P062,,,,direct_proximal_orientation_error_rad,0,wrist_z,middle,wrist_z_old_fixed_0d50,,,,,,P062,rad,0.2082830856903864
P062,,,,direct_distal_orientation_error_rad,0,wrist_z,middle,wrist_z_old_fixed_0d50,,,,,,P062,rad,0.07063954011531019
P062,,,,thumb_to_tip_vector_error_m,0,wrist_z,middle,wrist_z_old_fixed_0d50,,,,,,P062,m,0.013223659154071869
P062,,,,global_E_bone_diagnostic,0,wrist_z,middle,wrist_z_old_fixed_0d50,,,,,,P062,squared_direction,0.01976665809751579
P062,,,,fingertip_position_error_m,0,wrist_z,ring,wrist_z_old_fixed_0d50,,,,,,P062,m,0.016454911348314196
P062,,,,fingertip_orientation_error_rad,0,wrist_z,ring,wrist_z_old_fixed_0d50,,,,,,P062,rad,0.3301040936736804
P062,,,,wrist_to_tip_vector_error_m,0,wrist_z,ring,wrist_z_old_fixed_0d50,,,,,,P062,m,0.034737283691520404
P062,,,,direct_proximal_orientation_error_rad,0,wrist_z,ring,wrist_z_old_fixed_0d50,,,,,,P062,rad,0.16978953475005554
P062,,,,direct_distal_orientation_error_rad,0,wrist_z,ring,wrist_z_old_fixed_0d50,,,,,,P062,rad,0.023844623925025267
P062,,,,thumb_to_tip_vector_error_m,0,wrist_z,ring,wrist_z_old_fixed_0d50,,,,,,P062,m,0.013932270622438342
P062,,,,global_E_bone_diagnostic,0,wrist_z,ring,wrist_z_old_fixed_0d50,,,,,,P062,squared_direction,0.022766367719896163
P062,,,,fingertip_position_error_m,0,wrist_z,pinky,wrist_z_old_fixed_0d50,,,,,,P062,m,0.024891877856958282
P062,,,,fingertip_orientation_error_rad,0,wrist_z,pinky,wrist_z_old_fixed_0d50,,,,,,P062,rad,0.2498467199972426
P062,,,,wrist_to_tip_vector_error_m,0,wrist_z,pinky,wrist_z_old_fixed_0d50,,,,,,P062,m,0.05770835989588297
P062,,,,direct_proximal_orientation_error_rad,0,wrist_z,pinky,wrist_z_old_fixed_0d50,,,,,,P062,rad,0.2948600563952377
P062,,,,direct_distal_orientation_error_rad,0,wrist_z,pinky,wrist_z_old_fixed_0d50,,,,,,P062,rad,0.1272683025552667
P062,,,,thumb_to_tip_vector_error_m,0,wrist_z,pinky,wrist_z_old_fixed_0d50,,,,,,P062,m,0.03226481247101581
P062,,,,global_E_bone_diagnostic,0,wrist_z,pinky,wrist_z_old_fixed_0d50,,,,,,P062,squared_direction,0.1514934173701666
P062,,,,global_E_bone_diagnostic,0,wrist_z,ALL,wrist_z_old_fixed_0d50,,,,,,P062,squared_direction,1.0011044517260226
P062,,,,global_E_IM_diagnostic,0,wrist_z,ALL,wrist_z_old_fixed_0d50,,,,,,P062,m_squared,7.934632868821709e-05
P063,,,,wrist_orientation_error_rad,0,wrist_z,ALL,wrist_z_old_fixed_0d75,,,,,,P063,rad,0.10900268093758127
P063,,,,wrist_tray_position_error_m,0,wrist_z,ALL,wrist_z_old_fixed_0d75,,,,,,P063,m,0.03549218175363345
P063,,,,fingertip_position_error_m,0,wrist_z,thumb,wrist_z_old_fixed_0d75,,,,,,P063,m,0.019040973458453625
P063,,,,fingertip_orientation_error_rad,0,wrist_z,thumb,wrist_z_old_fixed_0d75,,,,,,P063,rad,0.07678121200181016
P063,,,,wrist_to_tip_vector_error_m,0,wrist_z,thumb,wrist_z_old_fixed_0d75,,,,,,P063,m,0.02570198502476697
P063,,,,direct_proximal_orientation_error_rad,0,wrist_z,thumb,wrist_z_old_fixed_0d75,,,,,,P063,rad,0.8175452556138068
P063,,,,direct_distal_orientation_error_rad,0,wrist_z,thumb,wrist_z_old_fixed_0d75,,,,,,P063,rad,0.18781968709288346
P063,,,,thumb_to_tip_vector_error_m,0,wrist_z,thumb,wrist_z_old_fixed_0d75,,,,,,P063,m,0.0
P063,,,,global_E_bone_diagnostic,0,wrist_z,thumb,wrist_z_old_fixed_0d75,,,,,,P063,squared_direction,0.6825475437118231
P063,,,,fingertip_position_error_m,0,wrist_z,index,wrist_z_old_fixed_0d75,,,,,,P063,m,0.022769741963306587
P063,,,,fingertip_orientation_error_rad,0,wrist_z,index,wrist_z_old_fixed_0d75,,,,,,P063,rad,0.057666955669052535
P063,,,,wrist_to_tip_vector_error_m,0,wrist_z,index,wrist_z_old_fixed_0d75,,,,,,P063,m,0.031037249362573786
P063,,,,direct_proximal_orientation_error_rad,0,wrist_z,index,wrist_z_old_fixed_0d75,,,,,,P063,rad,0.4843813516135068
P063,,,,direct_distal_orientation_error_rad,0,wrist_z,index,wrist_z_old_fixed_0d75,,,,,,P063,rad,0.14733548239404026
P063,,,,thumb_to_tip_vector_error_m,0,wrist_z,index,wrist_z_old_fixed_0d75,,,,,,P063,m,0.008228501732398495
P063,,,,global_E_bone_diagnostic,0,wrist_z,index,wrist_z_old_fixed_0d75,,,,,,P063,squared_direction,0.12453046482662086
P063,,,,fingertip_position_error_m,0,wrist_z,middle,wrist_z_old_fixed_0d75,,,,,,P063,m,0.026768880044476116
P063,,,,fingertip_orientation_error_rad,0,wrist_z,middle,wrist_z_old_fixed_0d75,,,,,,P063,rad,0.34066756283488464
P063,,,,wrist_to_tip_vector_error_m,0,wrist_z,middle,wrist_z_old_fixed_0d75,,,,,,P063,m,0.02946267270258036
P063,,,,direct_proximal_orientation_error_rad,0,wrist_z,middle,wrist_z_old_fixed_0d75,,,,,,P063,rad,0.2082830856903864
P063,,,,direct_distal_orientation_error_rad,0,wrist_z,middle,wrist_z_old_fixed_0d75,,,,,,P063,rad,0.07063954011531019
P063,,,,thumb_to_tip_vector_error_m,0,wrist_z,middle,wrist_z_old_fixed_0d75,,,,,,P063,m,0.013223659154071869
P063,,,,global_E_bone_diagnostic,0,wrist_z,middle,wrist_z_old_fixed_0d75,,,,,,P063,squared_direction,0.01976665809751579
P063,,,,fingertip_position_error_m,0,wrist_z,ring,wrist_z_old_fixed_0d75,,,,,,P063,m,0.023634331501206283
P063,,,,fingertip_orientation_error_rad,0,wrist_z,ring,wrist_z_old_fixed_0d75,,,,,,P063,rad,0.3301040936736804
P063,,,,wrist_to_tip_vector_error_m,0,wrist_z,ring,wrist_z_old_fixed_0d75,,,,,,P063,m,0.034737283691520404
P063,,,,direct_proximal_orientation_error_rad,0,wrist_z,ring,wrist_z_old_fixed_0d75,,,,,,P063,rad,0.16978953475005554
P063,,,,direct_distal_orientation_error_rad,0,wrist_z,ring,wrist_z_old_fixed_0d75,,,,,,P063,rad,0.023844623925025267
P063,,,,thumb_to_tip_vector_error_m,0,wrist_z,ring,wrist_z_old_fixed_0d75,,,,,,P063,m,0.013932270622438342
P063,,,,global_E_bone_diagnostic,0,wrist_z,ring,wrist_z_old_fixed_0d75,,,,,,P063,squared_direction,0.022766367719896163
P063,,,,fingertip_position_error_m,0,wrist_z,pinky,wrist_z_old_fixed_0d75,,,,,,P063,m,0.029615531437260877
P063,,,,fingertip_orientation_error_rad,0,wrist_z,pinky,wrist_z_old_fixed_0d75,,,,,,P063,rad,0.2498467199972426
P063,,,,wrist_to_tip_vector_error_m,0,wrist_z,pinky,wrist_z_old_fixed_0d75,,,,,,P063,m,0.05770835989588297
P063,,,,direct_proximal_orientation_error_rad,0,wrist_z,pinky,wrist_z_old_fixed_0d75,,,,,,P063,rad,0.2948600563952377
P063,,,,direct_distal_orientation_error_rad,0,wrist_z,pinky,wrist_z_old_fixed_0d75,,,,,,P063,rad,0.1272683025552667
P063,,,,thumb_to_tip_vector_error_m,0,wrist_z,pinky,wrist_z_old_fixed_0d75,,,,,,P063,m,0.03226481247101581
P063,,,,global_E_bone_diagnostic,0,wrist_z,pinky,wrist_z_old_fixed_0d75,,,,,,P063,squared_direction,0.1514934173701666
P063,,,,global_E_bone_diagnostic,0,wrist_z,ALL,wrist_z_old_fixed_0d75,,,,,,P063,squared_direction,1.0011044517260226
P063,,,,global_E_IM_diagnostic,0,wrist_z,ALL,wrist_z_old_fixed_0d75,,,,,,P063,m_squared,8.493748181395857e-05
P064,,,,wrist_orientation_error_rad,0,wrist_z,ALL,wrist_z_old_fixed_1d00,,,,,,P064,rad,0.10900268093758127
P064,,,,wrist_tray_position_error_m,0,wrist_z,ALL,wrist_z_old_fixed_1d00,,,,,,P064,m,0.03865571708557189
P064,,,,fingertip_position_error_m,0,wrist_z,thumb,wrist_z_old_fixed_1d00,,,,,,P064,m,0.02621809737589934
P064,,,,fingertip_orientation_error_rad,0,wrist_z,thumb,wrist_z_old_fixed_1d00,,,,,,P064,rad,0.07678121200181016
P064,,,,wrist_to_tip_vector_error_m,0,wrist_z,thumb,wrist_z_old_fixed_1d00,,,,,,P064,m,0.02570198502476697
P064,,,,direct_proximal_orientation_error_rad,0,wrist_z,thumb,wrist_z_old_fixed_1d00,,,,,,P064,rad,0.8175452556138068
P064,,,,direct_distal_orientation_error_rad,0,wrist_z,thumb,wrist_z_old_fixed_1d00,,,,,,P064,rad,0.18781968709288346
P064,,,,thumb_to_tip_vector_error_m,0,wrist_z,thumb,wrist_z_old_fixed_1d00,,,,,,P064,m,0.0
P064,,,,global_E_bone_diagnostic,0,wrist_z,thumb,wrist_z_old_fixed_1d00,,,,,,P064,squared_direction,0.6825475437118231
P064,,,,fingertip_position_error_m,0,wrist_z,index,wrist_z_old_fixed_1d00,,,,,,P064,m,0.030084473709968564
P064,,,,fingertip_orientation_error_rad,0,wrist_z,index,wrist_z_old_fixed_1d00,,,,,,P064,rad,0.057666955669052535
P064,,,,wrist_to_tip_vector_error_m,0,wrist_z,index,wrist_z_old_fixed_1d00,,,,,,P064,m,0.031037249362573786
P064,,,,direct_proximal_orientation_error_rad,0,wrist_z,index,wrist_z_old_fixed_1d00,,,,,,P064,rad,0.4843813516135068
P064,,,,direct_distal_orientation_error_rad,0,wrist_z,index,wrist_z_old_fixed_1d00,,,,,,P064,rad,0.14733548239404026
P064,,,,thumb_to_tip_vector_error_m,0,wrist_z,index,wrist_z_old_fixed_1d00,,,,,,P064,m,0.008228501732398495
P064,,,,global_E_bone_diagnostic,0,wrist_z,index,wrist_z_old_fixed_1d00,,,,,,P064,squared_direction,0.12453046482662086
P064,,,,fingertip_position_error_m,0,wrist_z,middle,wrist_z_old_fixed_1d00,,,,,,P064,m,0.03377569850149848
P064,,,,fingertip_orientation_error_rad,0,wrist_z,middle,wrist_z_old_fixed_1d00,,,,,,P064,rad,0.34066756283488464
P064,,,,wrist_to_tip_vector_error_m,0,wrist_z,middle,wrist_z_old_fixed_1d00,,,,,,P064,m,0.02946267270258036
P064,,,,direct_proximal_orientation_error_rad,0,wrist_z,middle,wrist_z_old_fixed_1d00,,,,,,P064,rad,0.2082830856903864
P064,,,,direct_distal_orientation_error_rad,0,wrist_z,middle,wrist_z_old_fixed_1d00,,,,,,P064,rad,0.07063954011531019
P064,,,,thumb_to_tip_vector_error_m,0,wrist_z,middle,wrist_z_old_fixed_1d00,,,,,,P064,m,0.013223659154071869
P064,,,,global_E_bone_diagnostic,0,wrist_z,middle,wrist_z_old_fixed_1d00,,,,,,P064,squared_direction,0.01976665809751579
P064,,,,fingertip_position_error_m,0,wrist_z,ring,wrist_z_old_fixed_1d00,,,,,,P064,m,0.030900259501443983
P064,,,,fingertip_orientation_error_rad,0,wrist_z,ring,wrist_z_old_fixed_1d00,,,,,,P064,rad,0.3301040936736804
P064,,,,wrist_to_tip_vector_error_m,0,wrist_z,ring,wrist_z_old_fixed_1d00,,,,,,P064,m,0.034737283691520404
P064,,,,direct_proximal_orientation_error_rad,0,wrist_z,ring,wrist_z_old_fixed_1d00,,,,,,P064,rad,0.16978953475005554
P064,,,,direct_distal_orientation_error_rad,0,wrist_z,ring,wrist_z_old_fixed_1d00,,,,,,P064,rad,0.023844623925025267
P064,,,,thumb_to_tip_vector_error_m,0,wrist_z,ring,wrist_z_old_fixed_1d00,,,,,,P064,m,0.013932270622438342
P064,,,,global_E_bone_diagnostic,0,wrist_z,ring,wrist_z_old_fixed_1d00,,,,,,P064,squared_direction,0.022766367719896163
P064,,,,fingertip_position_error_m,0,wrist_z,pinky,wrist_z_old_fixed_1d00,,,,,,P064,m,0.03525593162996377
P064,,,,fingertip_orientation_error_rad,0,wrist_z,pinky,wrist_z_old_fixed_1d00,,,,,,P064,rad,0.2498467199972426
P064,,,,wrist_to_tip_vector_error_m,0,wrist_z,pinky,wrist_z_old_fixed_1d00,,,,,,P064,m,0.05770835989588297
P064,,,,direct_proximal_orientation_error_rad,0,wrist_z,pinky,wrist_z_old_fixed_1d00,,,,,,P064,rad,0.2948600563952377
P064,,,,direct_distal_orientation_error_rad,0,wrist_z,pinky,wrist_z_old_fixed_1d00,,,,,,P064,rad,0.1272683025552667
P064,,,,thumb_to_tip_vector_error_m,0,wrist_z,pinky,wrist_z_old_fixed_1d00,,,,,,P064,m,0.03226481247101581
P064,,,,global_E_bone_diagnostic,0,wrist_z,pinky,wrist_z_old_fixed_1d00,,,,,,P064,squared_direction,0.1514934173701666
P064,,,,global_E_bone_diagnostic,0,wrist_z,ALL,wrist_z_old_fixed_1d00,,,,,,P064,squared_direction,1.0011044517260226
P064,,,,global_E_IM_diagnostic,0,wrist_z,ALL,wrist_z_old_fixed_1d00,,,,,,P064,m_squared,9.261215724288454e-05
P065,,,,wrist_orientation_error_rad,0,wrist_z,ALL,wrist_z_accepted_a_fixed_0d00,,,,,,P065,rad,0.10738303154914676
P065,,,,wrist_tray_position_error_m,0,wrist_z,ALL,wrist_z_accepted_a_fixed_0d00,,,,,,P065,m,0.03020855239145955
P065,,,,fingertip_position_error_m,0,wrist_z,thumb,wrist_z_accepted_a_fixed_0d00,,,,,,P065,m,0.0031580323023243048
P065,,,,fingertip_orientation_error_rad,0,wrist_z,thumb,wrist_z_accepted_a_fixed_0d00,,,,,,P065,rad,0.08444774664825305
P065,,,,wrist_to_tip_vector_error_m,0,wrist_z,thumb,wrist_z_accepted_a_fixed_0d00,,,,,,P065,m,0.025700854069959058
P065,,,,direct_proximal_orientation_error_rad,0,wrist_z,thumb,wrist_z_accepted_a_fixed_0d00,,,,,,P065,rad,0.8175454019306208
P065,,,,direct_distal_orientation_error_rad,0,wrist_z,thumb,wrist_z_accepted_a_fixed_0d00,,,,,,P065,rad,0.18789725809163427
P065,,,,thumb_to_tip_vector_error_m,0,wrist_z,thumb,wrist_z_accepted_a_fixed_0d00,,,,,,P065,m,0.0
P065,,,,global_E_bone_diagnostic,0,wrist_z,thumb,wrist_z_accepted_a_fixed_0d00,,,,,,P065,squared_direction,0.6825069664759628
P065,,,,fingertip_position_error_m,0,wrist_z,index,wrist_z_accepted_a_fixed_0d00,,,,,,P065,m,0.0042166487944174155
P065,,,,fingertip_orientation_error_rad,0,wrist_z,index,wrist_z_accepted_a_fixed_0d00,,,,,,P065,rad,0.05467249144159817
P065,,,,wrist_to_tip_vector_error_m,0,wrist_z,index,wrist_z_accepted_a_fixed_0d00,,,,,,P065,m,0.031037248547002187
P065,,,,direct_proximal_orientation_error_rad,0,wrist_z,index,wrist_z_accepted_a_fixed_0d00,,,,,,P065,rad,0.48438135158564255
P065,,,,direct_distal_orientation_error_rad,0,wrist_z,index,wrist_z_accepted_a_fixed_0d00,,,,,,P065,rad,0.14733546868803482
P065,,,,thumb_to_tip_vector_error_m,0,wrist_z,index,wrist_z_accepted_a_fixed_0d00,,,,,,P065,m,0.008228477462358287
P065,,,,global_E_bone_diagnostic,0,wrist_z,index,wrist_z_accepted_a_fixed_0d00,,,,,,P065,squared_direction,0.12453047344608532
P065,,,,fingertip_position_error_m,0,wrist_z,middle,wrist_z_accepted_a_fixed_0d00,,,,,,P065,m,0.0062821776358786266
P065,,,,fingertip_orientation_error_rad,0,wrist_z,middle,wrist_z_accepted_a_fixed_0d00,,,,,,P065,rad,0.3462636671380864
P065,,,,wrist_to_tip_vector_error_m,0,wrist_z,middle,wrist_z_accepted_a_fixed_0d00,,,,,,P065,m,0.029489073033330655
P065,,,,direct_proximal_orientation_error_rad,0,wrist_z,middle,wrist_z_accepted_a_fixed_0d00,,,,,,P065,rad,0.2086268087793078
P065,,,,direct_distal_orientation_error_rad,0,wrist_z,middle,wrist_z_accepted_a_fixed_0d00,,,,,,P065,rad,0.07080917276591153
P065,,,,thumb_to_tip_vector_error_m,0,wrist_z,middle,wrist_z_accepted_a_fixed_0d00,,,,,,P065,m,0.01324662503801313
P065,,,,global_E_bone_diagnostic,0,wrist_z,middle,wrist_z_accepted_a_fixed_0d00,,,,,,P065,squared_direction,0.019826287264950154
P065,,,,fingertip_position_error_m,0,wrist_z,ring,wrist_z_accepted_a_fixed_0d00,,,,,,P065,m,0.007272011523707461
P065,,,,fingertip_orientation_error_rad,0,wrist_z,ring,wrist_z_accepted_a_fixed_0d00,,,,,,P065,rad,0.3419344039712356
P065,,,,wrist_to_tip_vector_error_m,0,wrist_z,ring,wrist_z_accepted_a_fixed_0d00,,,,,,P065,m,0.037912956848274476
P065,,,,direct_proximal_orientation_error_rad,0,wrist_z,ring,wrist_z_accepted_a_fixed_0d00,,,,,,P065,rad,0.22349852379183865
P065,,,,direct_distal_orientation_error_rad,0,wrist_z,ring,wrist_z_accepted_a_fixed_0d00,,,,,,P065,rad,0.09352187857152151
P065,,,,thumb_to_tip_vector_error_m,0,wrist_z,ring,wrist_z_accepted_a_fixed_0d00,,,,,,P065,m,0.018042929473386062
P065,,,,global_E_bone_diagnostic,0,wrist_z,ring,wrist_z_accepted_a_fixed_0d00,,,,,,P065,squared_direction,0.02051687877584953
P065,,,,fingertip_position_error_m,0,wrist_z,pinky,wrist_z_accepted_a_fixed_0d00,,,,,,P065,m,0.025814488884627725
P065,,,,fingertip_orientation_error_rad,0,wrist_z,pinky,wrist_z_accepted_a_fixed_0d00,,,,,,P065,rad,0.24380019041913548
P065,,,,wrist_to_tip_vector_error_m,0,wrist_z,pinky,wrist_z_accepted_a_fixed_0d00,,,,,,P065,m,0.0577555141969932
P065,,,,direct_proximal_orientation_error_rad,0,wrist_z,pinky,wrist_z_accepted_a_fixed_0d00,,,,,,P065,rad,0.2948600563952385
P065,,,,direct_distal_orientation_error_rad,0,wrist_z,pinky,wrist_z_accepted_a_fixed_0d00,,,,,,P065,rad,0.1264459108560664
P065,,,,thumb_to_tip_vector_error_m,0,wrist_z,pinky,wrist_z_accepted_a_fixed_0d00,,,,,,P065,m,0.032317076382486695
P065,,,,global_E_bone_diagnostic,0,wrist_z,pinky,wrist_z_accepted_a_fixed_0d00,,,,,,P065,squared_direction,0.15019670880224392
P065,,,,global_E_bone_diagnostic,0,wrist_z,ALL,wrist_z_accepted_a_fixed_0d00,,,,,,P065,squared_direction,0.9975773147650917
P065,,,,global_E_IM_diagnostic,0,wrist_z,ALL,wrist_z_accepted_a_fixed_0d00,,,,,,P065,m_squared,7.592570780434319e-05
P066,,,,wrist_orientation_error_rad,0,wrist_z,ALL,wrist_z_accepted_a_fixed_0d25,,,,,,P066,rad,0.10738303154914676
P066,,,,wrist_tray_position_error_m,0,wrist_z,ALL,wrist_z_accepted_a_fixed_0d25,,,,,,P066,m,0.02866784593599465
P066,,,,fingertip_position_error_m,0,wrist_z,thumb,wrist_z_accepted_a_fixed_0d25,,,,,,P066,m,0.005098300077990616
P066,,,,fingertip_orientation_error_rad,0,wrist_z,thumb,wrist_z_accepted_a_fixed_0d25,,,,,,P066,rad,0.08444774664825305
P066,,,,wrist_to_tip_vector_error_m,0,wrist_z,thumb,wrist_z_accepted_a_fixed_0d25,,,,,,P066,m,0.025700854069959058
P066,,,,direct_proximal_orientation_error_rad,0,wrist_z,thumb,wrist_z_accepted_a_fixed_0d25,,,,,,P066,rad,0.8175454019306208
P066,,,,direct_distal_orientation_error_rad,0,wrist_z,thumb,wrist_z_accepted_a_fixed_0d25,,,,,,P066,rad,0.18789725809163427
P066,,,,thumb_to_tip_vector_error_m,0,wrist_z,thumb,wrist_z_accepted_a_fixed_0d25,,,,,,P066,m,0.0
P066,,,,global_E_bone_diagnostic,0,wrist_z,thumb,wrist_z_accepted_a_fixed_0d25,,,,,,P066,squared_direction,0.6825069664759628
P066,,,,fingertip_position_error_m,0,wrist_z,index,wrist_z_accepted_a_fixed_0d25,,,,,,P066,m,0.009974934243874658
P066,,,,fingertip_orientation_error_rad,0,wrist_z,index,wrist_z_accepted_a_fixed_0d25,,,,,,P066,rad,0.05467249144159817
P066,,,,wrist_to_tip_vector_error_m,0,wrist_z,index,wrist_z_accepted_a_fixed_0d25,,,,,,P066,m,0.031037248547002187
P066,,,,direct_proximal_orientation_error_rad,0,wrist_z,index,wrist_z_accepted_a_fixed_0d25,,,,,,P066,rad,0.48438135158564255
P066,,,,direct_distal_orientation_error_rad,0,wrist_z,index,wrist_z_accepted_a_fixed_0d25,,,,,,P066,rad,0.14733546868803482
P066,,,,thumb_to_tip_vector_error_m,0,wrist_z,index,wrist_z_accepted_a_fixed_0d25,,,,,,P066,m,0.008228477462358287
P066,,,,global_E_bone_diagnostic,0,wrist_z,index,wrist_z_accepted_a_fixed_0d25,,,,,,P066,squared_direction,0.12453047344608532
P066,,,,fingertip_position_error_m,0,wrist_z,middle,wrist_z_accepted_a_fixed_0d25,,,,,,P066,m,0.012558978895806993
P066,,,,fingertip_orientation_error_rad,0,wrist_z,middle,wrist_z_accepted_a_fixed_0d25,,,,,,P066,rad,0.3462636671380864
P066,,,,wrist_to_tip_vector_error_m,0,wrist_z,middle,wrist_z_accepted_a_fixed_0d25,,,,,,P066,m,0.029489073033330655
P066,,,,direct_proximal_orientation_error_rad,0,wrist_z,middle,wrist_z_accepted_a_fixed_0d25,,,,,,P066,rad,0.2086268087793078
P066,,,,direct_distal_orientation_error_rad,0,wrist_z,middle,wrist_z_accepted_a_fixed_0d25,,,,,,P066,rad,0.07080917276591153
P066,,,,thumb_to_tip_vector_error_m,0,wrist_z,middle,wrist_z_accepted_a_fixed_0d25,,,,,,P066,m,0.01324662503801313
P066,,,,global_E_bone_diagnostic,0,wrist_z,middle,wrist_z_accepted_a_fixed_0d25,,,,,,P066,squared_direction,0.019826287264950154
P066,,,,fingertip_position_error_m,0,wrist_z,ring,wrist_z_accepted_a_fixed_0d25,,,,,,P066,m,0.014389655087535752
P066,,,,fingertip_orientation_error_rad,0,wrist_z,ring,wrist_z_accepted_a_fixed_0d25,,,,,,P066,rad,0.3419344039712356
P066,,,,wrist_to_tip_vector_error_m,0,wrist_z,ring,wrist_z_accepted_a_fixed_0d25,,,,,,P066,m,0.037912956848274476
P066,,,,direct_proximal_orientation_error_rad,0,wrist_z,ring,wrist_z_accepted_a_fixed_0d25,,,,,,P066,rad,0.22349852379183865
P066,,,,direct_distal_orientation_error_rad,0,wrist_z,ring,wrist_z_accepted_a_fixed_0d25,,,,,,P066,rad,0.09352187857152151
P066,,,,thumb_to_tip_vector_error_m,0,wrist_z,ring,wrist_z_accepted_a_fixed_0d25,,,,,,P066,m,0.018042929473386062
P066,,,,global_E_bone_diagnostic,0,wrist_z,ring,wrist_z_accepted_a_fixed_0d25,,,,,,P066,squared_direction,0.02051687877584953
P066,,,,fingertip_position_error_m,0,wrist_z,pinky,wrist_z_accepted_a_fixed_0d25,,,,,,P066,m,0.026886737658725294
P066,,,,fingertip_orientation_error_rad,0,wrist_z,pinky,wrist_z_accepted_a_fixed_0d25,,,,,,P066,rad,0.24380019041913548
P066,,,,wrist_to_tip_vector_error_m,0,wrist_z,pinky,wrist_z_accepted_a_fixed_0d25,,,,,,P066,m,0.0577555141969932
P066,,,,direct_proximal_orientation_error_rad,0,wrist_z,pinky,wrist_z_accepted_a_fixed_0d25,,,,,,P066,rad,0.2948600563952385
P066,,,,direct_distal_orientation_error_rad,0,wrist_z,pinky,wrist_z_accepted_a_fixed_0d25,,,,,,P066,rad,0.1264459108560664
P066,,,,thumb_to_tip_vector_error_m,0,wrist_z,pinky,wrist_z_accepted_a_fixed_0d25,,,,,,P066,m,0.032317076382486695
P066,,,,global_E_bone_diagnostic,0,wrist_z,pinky,wrist_z_accepted_a_fixed_0d25,,,,,,P066,squared_direction,0.15019670880224392
P066,,,,global_E_bone_diagnostic,0,wrist_z,ALL,wrist_z_accepted_a_fixed_0d25,,,,,,P066,squared_direction,0.9975773147650917
P066,,,,global_E_IM_diagnostic,0,wrist_z,ALL,wrist_z_accepted_a_fixed_0d25,,,,,,P066,m_squared,7.80726966714427e-05
P067,,,,wrist_orientation_error_rad,0,wrist_z,ALL,wrist_z_accepted_a_fixed_0d50,,,,,,P067,rad,0.10738303154914676
P067,,,,wrist_tray_position_error_m,0,wrist_z,ALL,wrist_z_accepted_a_fixed_0d50,,,,,,P067,m,0.028975179677647043
P067,,,,fingertip_position_error_m,0,wrist_z,thumb,wrist_z_accepted_a_fixed_0d50,,,,,,P067,m,0.012265359883329543
P067,,,,fingertip_orientation_error_rad,0,wrist_z,thumb,wrist_z_accepted_a_fixed_0d50,,,,,,P067,rad,0.08444774664825305
P067,,,,wrist_to_tip_vector_error_m,0,wrist_z,thumb,wrist_z_accepted_a_fixed_0d50,,,,,,P067,m,0.025700854069959058
P067,,,,direct_proximal_orientation_error_rad,0,wrist_z,thumb,wrist_z_accepted_a_fixed_0d50,,,,,,P067,rad,0.8175454019306208
P067,,,,direct_distal_orientation_error_rad,0,wrist_z,thumb,wrist_z_accepted_a_fixed_0d50,,,,,,P067,rad,0.18789725809163427
P067,,,,thumb_to_tip_vector_error_m,0,wrist_z,thumb,wrist_z_accepted_a_fixed_0d50,,,,,,P067,m,0.0
P067,,,,global_E_bone_diagnostic,0,wrist_z,thumb,wrist_z_accepted_a_fixed_0d50,,,,,,P067,squared_direction,0.6825069664759628
P067,,,,fingertip_position_error_m,0,wrist_z,index,wrist_z_accepted_a_fixed_0d50,,,,,,P067,m,0.017018971561273025
P067,,,,fingertip_orientation_error_rad,0,wrist_z,index,wrist_z_accepted_a_fixed_0d50,,,,,,P067,rad,0.05467249144159817
P067,,,,wrist_to_tip_vector_error_m,0,wrist_z,index,wrist_z_accepted_a_fixed_0d50,,,,,,P067,m,0.031037248547002187
P067,,,,direct_proximal_orientation_error_rad,0,wrist_z,index,wrist_z_accepted_a_fixed_0d50,,,,,,P067,rad,0.48438135158564255
P067,,,,direct_distal_orientation_error_rad,0,wrist_z,index,wrist_z_accepted_a_fixed_0d50,,,,,,P067,rad,0.14733546868803482
P067,,,,thumb_to_tip_vector_error_m,0,wrist_z,index,wrist_z_accepted_a_fixed_0d50,,,,,,P067,m,0.008228477462358287
P067,,,,global_E_bone_diagnostic,0,wrist_z,index,wrist_z_accepted_a_fixed_0d50,,,,,,P067,squared_direction,0.12453047344608532
P067,,,,fingertip_position_error_m,0,wrist_z,middle,wrist_z_accepted_a_fixed_0d50,,,,,,P067,m,0.019606556038263133
P067,,,,fingertip_orientation_error_rad,0,wrist_z,middle,wrist_z_accepted_a_fixed_0d50,,,,,,P067,rad,0.3462636671380864
P067,,,,wrist_to_tip_vector_error_m,0,wrist_z,middle,wrist_z_accepted_a_fixed_0d50,,,,,,P067,m,0.029489073033330655
P067,,,,direct_proximal_orientation_error_rad,0,wrist_z,middle,wrist_z_accepted_a_fixed_0d50,,,,,,P067,rad,0.2086268087793078
P067,,,,direct_distal_orientation_error_rad,0,wrist_z,middle,wrist_z_accepted_a_fixed_0d50,,,,,,P067,rad,0.07080917276591153
P067,,,,thumb_to_tip_vector_error_m,0,wrist_z,middle,wrist_z_accepted_a_fixed_0d50,,,,,,P067,m,0.01324662503801313
P067,,,,global_E_bone_diagnostic,0,wrist_z,middle,wrist_z_accepted_a_fixed_0d50,,,,,,P067,squared_direction,0.019826287264950154
P067,,,,fingertip_position_error_m,0,wrist_z,ring,wrist_z_accepted_a_fixed_0d50,,,,,,P067,m,0.021671850156255425
P067,,,,fingertip_orientation_error_rad,0,wrist_z,ring,wrist_z_accepted_a_fixed_0d50,,,,,,P067,rad,0.3419344039712356
P067,,,,wrist_to_tip_vector_error_m,0,wrist_z,ring,wrist_z_accepted_a_fixed_0d50,,,,,,P067,m,0.037912956848274476
P067,,,,direct_proximal_orientation_error_rad,0,wrist_z,ring,wrist_z_accepted_a_fixed_0d50,,,,,,P067,rad,0.22349852379183865
P067,,,,direct_distal_orientation_error_rad,0,wrist_z,ring,wrist_z_accepted_a_fixed_0d50,,,,,,P067,rad,0.09352187857152151
P067,,,,thumb_to_tip_vector_error_m,0,wrist_z,ring,wrist_z_accepted_a_fixed_0d50,,,,,,P067,m,0.018042929473386062
P067,,,,global_E_bone_diagnostic,0,wrist_z,ring,wrist_z_accepted_a_fixed_0d50,,,,,,P067,squared_direction,0.02051687877584953
P067,,,,fingertip_position_error_m,0,wrist_z,pinky,wrist_z_accepted_a_fixed_0d50,,,,,,P067,m,0.029796516259510953
P067,,,,fingertip_orientation_error_rad,0,wrist_z,pinky,wrist_z_accepted_a_fixed_0d50,,,,,,P067,rad,0.24380019041913548
P067,,,,wrist_to_tip_vector_error_m,0,wrist_z,pinky,wrist_z_accepted_a_fixed_0d50,,,,,,P067,m,0.0577555141969932
P067,,,,direct_proximal_orientation_error_rad,0,wrist_z,pinky,wrist_z_accepted_a_fixed_0d50,,,,,,P067,rad,0.2948600563952385
P067,,,,direct_distal_orientation_error_rad,0,wrist_z,pinky,wrist_z_accepted_a_fixed_0d50,,,,,,P067,rad,0.1264459108560664
P067,,,,thumb_to_tip_vector_error_m,0,wrist_z,pinky,wrist_z_accepted_a_fixed_0d50,,,,,,P067,m,0.032317076382486695
P067,,,,global_E_bone_diagnostic,0,wrist_z,pinky,wrist_z_accepted_a_fixed_0d50,,,,,,P067,squared_direction,0.15019670880224392
P067,,,,global_E_bone_diagnostic,0,wrist_z,ALL,wrist_z_accepted_a_fixed_0d50,,,,,,P067,squared_direction,0.9975773147650917
P067,,,,global_E_IM_diagnostic,0,wrist_z,ALL,wrist_z_accepted_a_fixed_0d50,,,,,,P067,m_squared,8.230320784172673e-05
P068,,,,wrist_orientation_error_rad,0,wrist_z,ALL,wrist_z_accepted_a_fixed_0d75,,,,,,P068,rad,0.10738303154914676
P068,,,,wrist_tray_position_error_m,0,wrist_z,ALL,wrist_z_accepted_a_fixed_0d75,,,,,,P068,m,0.031075771556207086
P068,,,,fingertip_position_error_m,0,wrist_z,thumb,wrist_z_accepted_a_fixed_0d75,,,,,,P068,m,0.01957836398092485
P068,,,,fingertip_orientation_error_rad,0,wrist_z,thumb,wrist_z_accepted_a_fixed_0d75,,,,,,P068,rad,0.08444774664825305
P068,,,,wrist_to_tip_vector_error_m,0,wrist_z,thumb,wrist_z_accepted_a_fixed_0d75,,,,,,P068,m,0.025700854069959058
P068,,,,direct_proximal_orientation_error_rad,0,wrist_z,thumb,wrist_z_accepted_a_fixed_0d75,,,,,,P068,rad,0.8175454019306208
P068,,,,direct_distal_orientation_error_rad,0,wrist_z,thumb,wrist_z_accepted_a_fixed_0d75,,,,,,P068,rad,0.18789725809163427
P068,,,,thumb_to_tip_vector_error_m,0,wrist_z,thumb,wrist_z_accepted_a_fixed_0d75,,,,,,P068,m,0.0
P068,,,,global_E_bone_diagnostic,0,wrist_z,thumb,wrist_z_accepted_a_fixed_0d75,,,,,,P068,squared_direction,0.6825069664759628
P068,,,,fingertip_position_error_m,0,wrist_z,index,wrist_z_accepted_a_fixed_0d75,,,,,,P068,m,0.024253213530516977
P068,,,,fingertip_orientation_error_rad,0,wrist_z,index,wrist_z_accepted_a_fixed_0d75,,,,,,P068,rad,0.05467249144159817
P068,,,,wrist_to_tip_vector_error_m,0,wrist_z,index,wrist_z_accepted_a_fixed_0d75,,,,,,P068,m,0.031037248547002187
P068,,,,direct_proximal_orientation_error_rad,0,wrist_z,index,wrist_z_accepted_a_fixed_0d75,,,,,,P068,rad,0.48438135158564255
P068,,,,direct_distal_orientation_error_rad,0,wrist_z,index,wrist_z_accepted_a_fixed_0d75,,,,,,P068,rad,0.14733546868803482
P068,,,,thumb_to_tip_vector_error_m,0,wrist_z,index,wrist_z_accepted_a_fixed_0d75,,,,,,P068,m,0.008228477462358287
P068,,,,global_E_bone_diagnostic,0,wrist_z,index,wrist_z_accepted_a_fixed_0d75,,,,,,P068,squared_direction,0.12453047344608532
P068,,,,fingertip_position_error_m,0,wrist_z,middle,wrist_z_accepted_a_fixed_0d75,,,,,,P068,m,0.026824112700654514
P068,,,,fingertip_orientation_error_rad,0,wrist_z,middle,wrist_z_accepted_a_fixed_0d75,,,,,,P068,rad,0.3462636671380864
P068,,,,wrist_to_tip_vector_error_m,0,wrist_z,middle,wrist_z_accepted_a_fixed_0d75,,,,,,P068,m,0.029489073033330655
P068,,,,direct_proximal_orientation_error_rad,0,wrist_z,middle,wrist_z_accepted_a_fixed_0d75,,,,,,P068,rad,0.2086268087793078
P068,,,,direct_distal_orientation_error_rad,0,wrist_z,middle,wrist_z_accepted_a_fixed_0d75,,,,,,P068,rad,0.07080917276591153
P068,,,,thumb_to_tip_vector_error_m,0,wrist_z,middle,wrist_z_accepted_a_fixed_0d75,,,,,,P068,m,0.01324662503801313
P068,,,,global_E_bone_diagnostic,0,wrist_z,middle,wrist_z_accepted_a_fixed_0d75,,,,,,P068,squared_direction,0.019826287264950154
P068,,,,fingertip_position_error_m,0,wrist_z,ring,wrist_z_accepted_a_fixed_0d75,,,,,,P068,m,0.028994877109099256
P068,,,,fingertip_orientation_error_rad,0,wrist_z,ring,wrist_z_accepted_a_fixed_0d75,,,,,,P068,rad,0.3419344039712356
P068,,,,wrist_to_tip_vector_error_m,0,wrist_z,ring,wrist_z_accepted_a_fixed_0d75,,,,,,P068,m,0.037912956848274476
P068,,,,direct_proximal_orientation_error_rad,0,wrist_z,ring,wrist_z_accepted_a_fixed_0d75,,,,,,P068,rad,0.22349852379183865
P068,,,,direct_distal_orientation_error_rad,0,wrist_z,ring,wrist_z_accepted_a_fixed_0d75,,,,,,P068,rad,0.09352187857152151
P068,,,,thumb_to_tip_vector_error_m,0,wrist_z,ring,wrist_z_accepted_a_fixed_0d75,,,,,,P068,m,0.018042929473386062
P068,,,,global_E_bone_diagnostic,0,wrist_z,ring,wrist_z_accepted_a_fixed_0d75,,,,,,P068,squared_direction,0.02051687877584953
P068,,,,fingertip_position_error_m,0,wrist_z,pinky,wrist_z_accepted_a_fixed_0d75,,,,,,P068,m,0.03407631133495995
P068,,,,fingertip_orientation_error_rad,0,wrist_z,pinky,wrist_z_accepted_a_fixed_0d75,,,,,,P068,rad,0.24380019041913548
P068,,,,wrist_to_tip_vector_error_m,0,wrist_z,pinky,wrist_z_accepted_a_fixed_0d75,,,,,,P068,m,0.0577555141969932
P068,,,,direct_proximal_orientation_error_rad,0,wrist_z,pinky,wrist_z_accepted_a_fixed_0d75,,,,,,P068,rad,0.2948600563952385
P068,,,,direct_distal_orientation_error_rad,0,wrist_z,pinky,wrist_z_accepted_a_fixed_0d75,,,,,,P068,rad,0.1264459108560664
P068,,,,thumb_to_tip_vector_error_m,0,wrist_z,pinky,wrist_z_accepted_a_fixed_0d75,,,,,,P068,m,0.032317076382486695
P068,,,,global_E_bone_diagnostic,0,wrist_z,pinky,wrist_z_accepted_a_fixed_0d75,,,,,,P068,squared_direction,0.15019670880224392
P068,,,,global_E_bone_diagnostic,0,wrist_z,ALL,wrist_z_accepted_a_fixed_0d75,,,,,,P068,squared_direction,0.9975773147650917
P068,,,,global_E_IM_diagnostic,0,wrist_z,ALL,wrist_z_accepted_a_fixed_0d75,,,,,,P068,m_squared,8.861724131519541e-05
P069,,,,wrist_orientation_error_rad,0,wrist_z,ALL,wrist_z_accepted_a_fixed_1d00,,,,,,P069,rad,0.10738303154914676
P069,,,,wrist_tray_position_error_m,0,wrist_z,ALL,wrist_z_accepted_a_fixed_1d00,,,,,,P069,m,0.034644956515990095
P069,,,,fingertip_position_error_m,0,wrist_z,thumb,wrist_z_accepted_a_fixed_1d00,,,,,,P069,m,0.026918627620872437
P069,,,,fingertip_orientation_error_rad,0,wrist_z,thumb,wrist_z_accepted_a_fixed_1d00,,,,,,P069,rad,0.08444774664825305
P069,,,,wrist_to_tip_vector_error_m,0,wrist_z,thumb,wrist_z_accepted_a_fixed_1d00,,,,,,P069,m,0.025700854069959058
P069,,,,direct_proximal_orientation_error_rad,0,wrist_z,thumb,wrist_z_accepted_a_fixed_1d00,,,,,,P069,rad,0.8175454019306208
P069,,,,direct_distal_orientation_error_rad,0,wrist_z,thumb,wrist_z_accepted_a_fixed_1d00,,,,,,P069,rad,0.18789725809163427
P069,,,,thumb_to_tip_vector_error_m,0,wrist_z,thumb,wrist_z_accepted_a_fixed_1d00,,,,,,P069,m,0.0
P069,,,,global_E_bone_diagnostic,0,wrist_z,thumb,wrist_z_accepted_a_fixed_1d00,,,,,,P069,squared_direction,0.6825069664759628
P069,,,,fingertip_position_error_m,0,wrist_z,index,wrist_z_accepted_a_fixed_1d00,,,,,,P069,m,0.03154707964027604
P069,,,,fingertip_orientation_error_rad,0,wrist_z,index,wrist_z_accepted_a_fixed_1d00,,,,,,P069,rad,0.05467249144159817
P069,,,,wrist_to_tip_vector_error_m,0,wrist_z,index,wrist_z_accepted_a_fixed_1d00,,,,,,P069,m,0.031037248547002187
P069,,,,direct_proximal_orientation_error_rad,0,wrist_z,index,wrist_z_accepted_a_fixed_1d00,,,,,,P069,rad,0.48438135158564255
P069,,,,direct_distal_orientation_error_rad,0,wrist_z,index,wrist_z_accepted_a_fixed_1d00,,,,,,P069,rad,0.14733546868803482
P069,,,,thumb_to_tip_vector_error_m,0,wrist_z,index,wrist_z_accepted_a_fixed_1d00,,,,,,P069,m,0.008228477462358287
P069,,,,global_E_bone_diagnostic,0,wrist_z,index,wrist_z_accepted_a_fixed_1d00,,,,,,P069,squared_direction,0.12453047344608532
P069,,,,fingertip_position_error_m,0,wrist_z,middle,wrist_z_accepted_a_fixed_1d00,,,,,,P069,m,0.03410389858055692
P069,,,,fingertip_orientation_error_rad,0,wrist_z,middle,wrist_z_accepted_a_fixed_1d00,,,,,,P069,rad,0.3462636671380864
P069,,,,wrist_to_tip_vector_error_m,0,wrist_z,middle,wrist_z_accepted_a_fixed_1d00,,,,,,P069,m,0.029489073033330655
P069,,,,direct_proximal_orientation_error_rad,0,wrist_z,middle,wrist_z_accepted_a_fixed_1d00,,,,,,P069,rad,0.2086268087793078
P069,,,,direct_distal_orientation_error_rad,0,wrist_z,middle,wrist_z_accepted_a_fixed_1d00,,,,,,P069,rad,0.07080917276591153
P069,,,,thumb_to_tip_vector_error_m,0,wrist_z,middle,wrist_z_accepted_a_fixed_1d00,,,,,,P069,m,0.01324662503801313
P069,,,,global_E_bone_diagnostic,0,wrist_z,middle,wrist_z_accepted_a_fixed_1d00,,,,,,P069,squared_direction,0.019826287264950154
P069,,,,fingertip_position_error_m,0,wrist_z,ring,wrist_z_accepted_a_fixed_1d00,,,,,,P069,m,0.036334055673265864
P069,,,,fingertip_orientation_error_rad,0,wrist_z,ring,wrist_z_accepted_a_fixed_1d00,,,,,,P069,rad,0.3419344039712356
P069,,,,wrist_to_tip_vector_error_m,0,wrist_z,ring,wrist_z_accepted_a_fixed_1d00,,,,,,P069,m,0.037912956848274476
P069,,,,direct_proximal_orientation_error_rad,0,wrist_z,ring,wrist_z_accepted_a_fixed_1d00,,,,,,P069,rad,0.22349852379183865
P069,,,,direct_distal_orientation_error_rad,0,wrist_z,ring,wrist_z_accepted_a_fixed_1d00,,,,,,P069,rad,0.09352187857152151
P069,,,,thumb_to_tip_vector_error_m,0,wrist_z,ring,wrist_z_accepted_a_fixed_1d00,,,,,,P069,m,0.018042929473386062
P069,,,,global_E_bone_diagnostic,0,wrist_z,ring,wrist_z_accepted_a_fixed_1d00,,,,,,P069,squared_direction,0.02051687877584953
P069,,,,fingertip_position_error_m,0,wrist_z,pinky,wrist_z_accepted_a_fixed_1d00,,,,,,P069,m,0.03928084139769124
P069,,,,fingertip_orientation_error_rad,0,wrist_z,pinky,wrist_z_accepted_a_fixed_1d00,,,,,,P069,rad,0.24380019041913548
P069,,,,wrist_to_tip_vector_error_m,0,wrist_z,pinky,wrist_z_accepted_a_fixed_1d00,,,,,,P069,m,0.0577555141969932
P069,,,,direct_proximal_orientation_error_rad,0,wrist_z,pinky,wrist_z_accepted_a_fixed_1d00,,,,,,P069,rad,0.2948600563952385
P069,,,,direct_distal_orientation_error_rad,0,wrist_z,pinky,wrist_z_accepted_a_fixed_1d00,,,,,,P069,rad,0.1264459108560664
P069,,,,thumb_to_tip_vector_error_m,0,wrist_z,pinky,wrist_z_accepted_a_fixed_1d00,,,,,,P069,m,0.032317076382486695
P069,,,,global_E_bone_diagnostic,0,wrist_z,pinky,wrist_z_accepted_a_fixed_1d00,,,,,,P069,squared_direction,0.15019670880224392
P069,,,,global_E_bone_diagnostic,0,wrist_z,ALL,wrist_z_accepted_a_fixed_1d00,,,,,,P069,squared_direction,0.9975773147650917
P069,,,,global_E_IM_diagnostic,0,wrist_z,ALL,wrist_z_accepted_a_fixed_1d00,,,,,,P069,m_squared,9.701479709184845e-05
P070,,,,wrist_orientation_error_rad,0,historical_negative,ALL,historical_shape_aware_e00,,,,,,P070,rad,0.10738301160869893
P070,,,,wrist_tray_position_error_m,0,historical_negative,ALL,historical_shape_aware_e00,,,,,,P070,m,0.03464497251371583
P070,,,,fingertip_position_error_m,0,historical_negative,thumb,historical_shape_aware_e00,,,,,,P070,m,0.026918648415121326
P070,,,,fingertip_orientation_error_rad,0,historical_negative,thumb,historical_shape_aware_e00,,,,,,P070,rad,0.08444773449608427
P070,,,,wrist_to_tip_vector_error_m,0,historical_negative,thumb,historical_shape_aware_e00,,,,,,P070,m,0.025700853785819728
P070,,,,direct_proximal_orientation_error_rad,0,historical_negative,thumb,historical_shape_aware_e00,,,,,,P070,rad,0.8175454022554333
P070,,,,direct_distal_orientation_error_rad,0,historical_negative,thumb,historical_shape_aware_e00,,,,,,P070,rad,0.1878972761359764
P070,,,,thumb_to_tip_vector_error_m,0,historical_negative,thumb,historical_shape_aware_e00,,,,,,P070,m,0.0
P070,,,,global_E_bone_diagnostic,0,historical_negative,thumb,historical_shape_aware_e00,,,,,,P070,squared_direction,0.6825069585129869
P070,,,,fingertip_position_error_m,0,historical_negative,index,historical_shape_aware_e00,,,,,,P070,m,0.03154710042243646
P070,,,,fingertip_orientation_error_rad,0,historical_negative,index,historical_shape_aware_e00,,,,,,P070,rad,0.054672509157880377
P070,,,,wrist_to_tip_vector_error_m,0,historical_negative,index,historical_shape_aware_e00,,,,,,P070,m,0.031037249362573845
P070,,,,direct_proximal_orientation_error_rad,0,historical_negative,index,historical_shape_aware_e00,,,,,,P070,rad,0.4843813516135051
P070,,,,direct_distal_orientation_error_rad,0,historical_negative,index,historical_shape_aware_e00,,,,,,P070,rad,0.147335482394041
P070,,,,thumb_to_tip_vector_error_m,0,historical_negative,index,historical_shape_aware_e00,,,,,,P070,m,0.008228478675980736
P070,,,,global_E_bone_diagnostic,0,historical_negative,index,historical_shape_aware_e00,,,,,,P070,squared_direction,0.1245304648266194
P070,,,,fingertip_position_error_m,0,historical_negative,middle,historical_shape_aware_e00,,,,,,P070,m,0.034103921227537644
P070,,,,fingertip_orientation_error_rad,0,historical_negative,middle,historical_shape_aware_e00,,,,,,P070,rad,0.34626368693305926
P070,,,,wrist_to_tip_vector_error_m,0,historical_negative,middle,historical_shape_aware_e00,,,,,,P070,m,0.029489073490220306
P070,,,,direct_proximal_orientation_error_rad,0,historical_negative,middle,historical_shape_aware_e00,,,,,,P070,rad,0.20862681542747338
P070,,,,direct_distal_orientation_error_rad,0,historical_negative,middle,historical_shape_aware_e00,,,,,,P070,rad,0.0708091746717521
P070,,,,thumb_to_tip_vector_error_m,0,historical_negative,middle,historical_shape_aware_e00,,,,,,P070,m,0.013246625046090635
P070,,,,global_E_bone_diagnostic,0,historical_negative,middle,historical_shape_aware_e00,,,,,,P070,squared_direction,0.01982628874231827
P070,,,,fingertip_position_error_m,0,historical_negative,ring,historical_shape_aware_e00,,,,,,P070,m,0.03590506045413626
P070,,,,fingertip_orientation_error_rad,0,historical_negative,ring,historical_shape_aware_e00,,,,,,P070,rad,0.37088442019456785
P070,,,,wrist_to_tip_vector_error_m,0,historical_negative,ring,historical_shape_aware_e00,,,,,,P070,m,0.038461147578626426
P070,,,,direct_proximal_orientation_error_rad,0,historical_negative,ring,historical_shape_aware_e00,,,,,,P070,rad,0.17882379948542196
P070,,,,direct_distal_orientation_error_rad,0,historical_negative,ring,historical_shape_aware_e00,,,,,,P070,rad,0.17683905465416216
P070,,,,thumb_to_tip_vector_error_m,0,historical_negative,ring,historical_shape_aware_e00,,,,,,P070,m,0.01798272651141267
P070,,,,global_E_bone_diagnostic,0,historical_negative,ring,historical_shape_aware_e00,,,,,,P070,squared_direction,0.005252564637006521
P070,,,,fingertip_position_error_m,0,historical_negative,pinky,historical_shape_aware_e00,,,,,,P070,m,0.04103753538293625
P070,,,,fingertip_orientation_error_rad,0,historical_negative,pinky,historical_shape_aware_e00,,,,,,P070,rad,0.26072512711655005
P070,,,,wrist_to_tip_vector_error_m,0,historical_negative,pinky,historical_shape_aware_e00,,,,,,P070,m,0.05975799280307577
P070,,,,direct_proximal_orientation_error_rad,0,historical_negative,pinky,historical_shape_aware_e00,,,,,,P070,rad,0.2573940563702242
P070,,,,direct_distal_orientation_error_rad,0,historical_negative,pinky,historical_shape_aware_e00,,,,,,P070,rad,0.1433727824232722
P070,,,,thumb_to_tip_vector_error_m,0,historical_negative,pinky,historical_shape_aware_e00,,,,,,P070,m,0.03432760087921426
P070,,,,global_E_bone_diagnostic,0,historical_negative,pinky,historical_shape_aware_e00,,,,,,P070,squared_direction,0.07758027495113323
P070,,,,global_E_bone_diagnostic,0,historical_negative,ALL,historical_shape_aware_e00,,,,,,P070,squared_direction,0.9096965516700644
P070,,,,global_E_IM_diagnostic,0,historical_negative,ALL,historical_shape_aware_e00,,,,,,P070,m_squared,9.727217087547329e-05
P071,,,,wrist_orientation_error_rad,0,historical_negative,ALL,historical_interaction_v1_e00,,,,,,P071,rad,0.11090449033344778
P071,,,,wrist_tray_position_error_m,0,historical_negative,ALL,historical_interaction_v1_e00,,,,,,P071,m,0.03241069040635673
P071,,,,fingertip_position_error_m,0,historical_negative,thumb,historical_interaction_v1_e00,,,,,,P071,m,0.0266407979481777
P071,,,,fingertip_orientation_error_rad,0,historical_negative,thumb,historical_interaction_v1_e00,,,,,,P071,rad,0.10993797263732254
P071,,,,wrist_to_tip_vector_error_m,0,historical_negative,thumb,historical_interaction_v1_e00,,,,,,P071,m,0.025627028795363025
P071,,,,direct_proximal_orientation_error_rad,0,historical_negative,thumb,historical_interaction_v1_e00,,,,,,P071,rad,0.817159620196729
P071,,,,direct_distal_orientation_error_rad,0,historical_negative,thumb,historical_interaction_v1_e00,,,,,,P071,rad,0.20196379235268966
P071,,,,thumb_to_tip_vector_error_m,0,historical_negative,thumb,historical_interaction_v1_e00,,,,,,P071,m,0.0
P071,,,,global_E_bone_diagnostic,0,historical_negative,thumb,historical_interaction_v1_e00,,,,,,P071,squared_direction,0.6733396647871093
P071,,,,fingertip_position_error_m,0,historical_negative,index,historical_interaction_v1_e00,,,,,,P071,m,0.03221938296211737
P071,,,,fingertip_orientation_error_rad,0,historical_negative,index,historical_interaction_v1_e00,,,,,,P071,rad,0.055477946245048815
P071,,,,wrist_to_tip_vector_error_m,0,historical_negative,index,historical_interaction_v1_e00,,,,,,P071,m,0.03146432140629851
P071,,,,direct_proximal_orientation_error_rad,0,historical_negative,index,historical_interaction_v1_e00,,,,,,P071,rad,0.48431431804531117
P071,,,,direct_distal_orientation_error_rad,0,historical_negative,index,historical_interaction_v1_e00,,,,,,P071,rad,0.1546163773614191
P071,,,,thumb_to_tip_vector_error_m,0,historical_negative,index,historical_interaction_v1_e00,,,,,,P071,m,0.008717689999079183
P071,,,,global_E_bone_diagnostic,0,historical_negative,index,historical_interaction_v1_e00,,,,,,P071,squared_direction,0.12003798790849944
P071,,,,fingertip_position_error_m,0,historical_negative,middle,historical_interaction_v1_e00,,,,,,P071,m,0.03403038033863918
P071,,,,fingertip_orientation_error_rad,0,historical_negative,middle,historical_interaction_v1_e00,,,,,,P071,rad,0.35349280084846013
P071,,,,wrist_to_tip_vector_error_m,0,historical_negative,middle,historical_interaction_v1_e00,,,,,,P071,m,0.02956042804406882
P071,,,,direct_proximal_orientation_error_rad,0,historical_negative,middle,historical_interaction_v1_e00,,,,,,P071,rad,0.20856652891006666
P071,,,,direct_distal_orientation_error_rad,0,historical_negative,middle,historical_interaction_v1_e00,,,,,,P071,rad,0.07278699535927056
P071,,,,thumb_to_tip_vector_error_m,0,historical_negative,middle,historical_interaction_v1_e00,,,,,,P071,m,0.012598671283790318
P071,,,,global_E_bone_diagnostic,0,historical_negative,middle,historical_interaction_v1_e00,,,,,,P071,squared_direction,0.019363029157995426
P071,,,,fingertip_position_error_m,0,historical_negative,ring,historical_interaction_v1_e00,,,,,,P071,m,0.03617904294679938
P071,,,,fingertip_orientation_error_rad,0,historical_negative,ring,historical_interaction_v1_e00,,,,,,P071,rad,0.3460956721099042
P071,,,,wrist_to_tip_vector_error_m,0,historical_negative,ring,historical_interaction_v1_e00,,,,,,P071,m,0.038015418576005704
P071,,,,direct_proximal_orientation_error_rad,0,historical_negative,ring,historical_interaction_v1_e00,,,,,,P071,rad,0.22250939409064974
P071,,,,direct_distal_orientation_error_rad,0,historical_negative,ring,historical_interaction_v1_e00,,,,,,P071,rad,0.09916812088726737
P071,,,,thumb_to_tip_vector_error_m,0,historical_negative,ring,historical_interaction_v1_e00,,,,,,P071,m,0.01787223205684255
P071,,,,global_E_bone_diagnostic,0,historical_negative,ring,historical_interaction_v1_e00,,,,,,P071,squared_direction,0.019028042155655615
P071,,,,fingertip_position_error_m,0,historical_negative,pinky,historical_interaction_v1_e00,,,,,,P071,m,0.040099795912153596
P071,,,,fingertip_orientation_error_rad,0,historical_negative,pinky,historical_interaction_v1_e00,,,,,,P071,rad,0.23141615639889868
P071,,,,wrist_to_tip_vector_error_m,0,historical_negative,pinky,historical_interaction_v1_e00,,,,,,P071,m,0.05813223577997207
P071,,,,direct_proximal_orientation_error_rad,0,historical_negative,pinky,historical_interaction_v1_e00,,,,,,P071,rad,0.2948600563952389
P071,,,,direct_distal_orientation_error_rad,0,historical_negative,pinky,historical_interaction_v1_e00,,,,,,P071,rad,0.12120039847985271
P071,,,,thumb_to_tip_vector_error_m,0,historical_negative,pinky,historical_interaction_v1_e00,,,,,,P071,m,0.03299154964526363
P071,,,,global_E_bone_diagnostic,0,historical_negative,pinky,historical_interaction_v1_e00,,,,,,P071,squared_direction,0.14009808162414522
P071,,,,global_E_bone_diagnostic,0,historical_negative,ALL,historical_interaction_v1_e00,,,,,,P071,squared_direction,0.9718668056334048
P071,,,,global_E_IM_diagnostic,0,historical_negative,ALL,historical_interaction_v1_e00,,,,,,P071,m_squared,9.870464405426025e-05
P072,,,,wrist_orientation_error_rad,15,historical_negative,ALL,historical_interaction_v1_e15,,,,,,P072,rad,0.18315238303513381
P072,,,,wrist_tray_position_error_m,15,historical_negative,ALL,historical_interaction_v1_e15,,,,,,P072,m,0.04036111817168839
P072,,,,fingertip_position_error_m,15,historical_negative,thumb,historical_interaction_v1_e15,,,,,,P072,m,0.04155702656836799
P072,,,,fingertip_orientation_error_rad,15,historical_negative,thumb,historical_interaction_v1_e15,,,,,,P072,rad,0.1454966189333956
P072,,,,wrist_to_tip_vector_error_m,15,historical_negative,thumb,historical_interaction_v1_e15,,,,,,P072,m,0.029181539681109536
P072,,,,direct_proximal_orientation_error_rad,15,historical_negative,thumb,historical_interaction_v1_e15,,,,,,P072,rad,0.9054270591677253
P072,,,,direct_distal_orientation_error_rad,15,historical_negative,thumb,historical_interaction_v1_e15,,,,,,P072,rad,0.18299583592997434
P072,,,,thumb_to_tip_vector_error_m,15,historical_negative,thumb,historical_interaction_v1_e15,,,,,,P072,m,0.0
P072,,,,global_E_bone_diagnostic,15,historical_negative,thumb,historical_interaction_v1_e15,,,,,,P072,squared_direction,0.7799317630724387
P072,,,,fingertip_position_error_m,15,historical_negative,index,historical_interaction_v1_e15,,,,,,P072,m,0.03677572072798471
P072,,,,fingertip_orientation_error_rad,15,historical_negative,index,historical_interaction_v1_e15,,,,,,P072,rad,1.255253637292182
P072,,,,wrist_to_tip_vector_error_m,15,historical_negative,index,historical_interaction_v1_e15,,,,,,P072,m,0.07706688086943851
P072,,,,direct_proximal_orientation_error_rad,15,historical_negative,index,historical_interaction_v1_e15,,,,,,P072,rad,0.8002095223997941
P072,,,,direct_distal_orientation_error_rad,15,historical_negative,index,historical_interaction_v1_e15,,,,,,P072,rad,1.4774225504192031
P072,,,,thumb_to_tip_vector_error_m,15,historical_negative,index,historical_interaction_v1_e15,,,,,,P072,m,0.049282528582781
P072,,,,global_E_bone_diagnostic,15,historical_negative,index,historical_interaction_v1_e15,,,,,,P072,squared_direction,1.0997851688651477
P072,,,,fingertip_position_error_m,15,historical_negative,middle,historical_interaction_v1_e15,,,,,,P072,m,0.04852070940311526
P072,,,,fingertip_orientation_error_rad,15,historical_negative,middle,historical_interaction_v1_e15,,,,,,P072,rad,1.3569397203265066
P072,,,,wrist_to_tip_vector_error_m,15,historical_negative,middle,historical_interaction_v1_e15,,,,,,P072,m,0.09152726792819209
P072,,,,direct_proximal_orientation_error_rad,15,historical_negative,middle,historical_interaction_v1_e15,,,,,,P072,rad,0.6935041018304585
P072,,,,direct_distal_orientation_error_rad,15,historical_negative,middle,historical_interaction_v1_e15,,,,,,P072,rad,1.5009451025473437
P072,,,,thumb_to_tip_vector_error_m,15,historical_negative,middle,historical_interaction_v1_e15,,,,,,P072,m,0.0641584697136027
P072,,,,global_E_bone_diagnostic,15,historical_negative,middle,historical_interaction_v1_e15,,,,,,P072,squared_direction,1.2394885983888138
P072,,,,fingertip_position_error_m,15,historical_negative,ring,historical_interaction_v1_e15,,,,,,P072,m,0.05340781143845959
P072,,,,fingertip_orientation_error_rad,15,historical_negative,ring,historical_interaction_v1_e15,,,,,,P072,rad,1.5560782539851368
P072,,,,wrist_to_tip_vector_error_m,15,historical_negative,ring,historical_interaction_v1_e15,,,,,,P072,m,0.10013882367860087
P072,,,,direct_proximal_orientation_error_rad,15,historical_negative,ring,historical_interaction_v1_e15,,,,,,P072,rad,0.6880375912846335
P072,,,,direct_distal_orientation_error_rad,15,historical_negative,ring,historical_interaction_v1_e15,,,,,,P072,rad,1.6670520363739831
P072,,,,thumb_to_tip_vector_error_m,15,historical_negative,ring,historical_interaction_v1_e15,,,,,,P072,m,0.07387352032302949
P072,,,,global_E_bone_diagnostic,15,historical_negative,ring,historical_interaction_v1_e15,,,,,,P072,squared_direction,1.7461081343369598
P072,,,,near_interaction_position_error_m,15,historical_negative,ring,historical_interaction_v1_e15,proximal,,,,,P072,m,0.034518303252995645
P072,,,,near_interaction_orientation_error_rad,15,historical_negative,ring,historical_interaction_v1_e15,proximal,,,,,P072,rad,0.540979029520907
P072,,,,native_surface_unsigned_distance_m,15,historical_negative,ring,historical_interaction_v1_e15,proximal,,,,,P072,m,0.04010209317877174
P072,-0.14848433,-0.08586744,0.016687959999999998,native_surface_signed_distance_m,15,historical_negative,ring,historical_interaction_v1_e15,proximal,-0.16233871504751227,-0.10232995573570235,0.050529051411565204,True,P072,m,-0.04010209068655968
P072,,,,near_interaction_position_error_m,15,historical_negative,ring,historical_interaction_v1_e15,distal,,,,,P072,m,0.04086976854695404
P072,,,,near_interaction_orientation_error_rad,15,historical_negative,ring,historical_interaction_v1_e15,distal,,,,,P072,rad,1.4879696951579036
P072,,,,native_surface_unsigned_distance_m,15,historical_negative,ring,historical_interaction_v1_e15,distal,,,,,P072,m,0.030236470314706037
P072,-0.154801094019398,-0.07097638784381109,0.016762365097875653,native_surface_signed_distance_m,15,historical_negative,ring,historical_interaction_v1_e15,distal,-0.14053389971705593,-0.0692155391776735,0.04336294245638948,True,P072,m,-0.03023647703230381
P072,,,,fingertip_position_error_m,15,historical_negative,pinky,historical_interaction_v1_e15,,,,,,P072,m,0.04706055645960379
P072,,,,fingertip_orientation_error_rad,15,historical_negative,pinky,historical_interaction_v1_e15,,,,,,P072,rad,1.0716381355778557
P072,,,,wrist_to_tip_vector_error_m,15,historical_negative,pinky,historical_interaction_v1_e15,,,,,,P072,m,0.09001824248451426
P072,,,,direct_proximal_orientation_error_rad,15,historical_negative,pinky,historical_interaction_v1_e15,,,,,,P072,rad,0.6892990252062218
P072,,,,direct_distal_orientation_error_rad,15,historical_negative,pinky,historical_interaction_v1_e15,,,,,,P072,rad,1.1211754015014734
P072,,,,thumb_to_tip_vector_error_m,15,historical_negative,pinky,historical_interaction_v1_e15,,,,,,P072,m,0.06598888188149618
P072,,,,global_E_bone_diagnostic,15,historical_negative,pinky,historical_interaction_v1_e15,,,,,,P072,squared_direction,0.9093776440806159
P072,,,,near_interaction_position_error_m,15,historical_negative,pinky,historical_interaction_v1_e15,proximal,,,,,P072,m,0.03376127596207019
P072,,,,near_interaction_orientation_error_rad,15,historical_negative,pinky,historical_interaction_v1_e15,proximal,,,,,P072,rad,0.5345417222284252
P072,,,,native_surface_unsigned_distance_m,15,historical_negative,pinky,historical_interaction_v1_e15,proximal,,,,,P072,m,0.03530535167532591
P072,-0.1534878498647349,-0.08144345704959341,0.01613750969197622,native_surface_signed_distance_m,15,historical_negative,pinky,historical_interaction_v1_e15,proximal,-0.1761827027112095,-0.09977312816333216,0.03602304886136948,True,P072,m,-0.03530535101890564
P072,,,,near_interaction_position_error_m,15,historical_negative,pinky,historical_interaction_v1_e15,distal,,,,,P072,m,0.038962333146929366
P072,,,,near_interaction_orientation_error_rad,15,historical_negative,pinky,historical_interaction_v1_e15,distal,,,,,P072,rad,0.9535746455125453
P072,,,,native_surface_unsigned_distance_m,15,historical_negative,pinky,historical_interaction_v1_e15,distal,,,,,P072,m,0.011880042908590646
P072,-0.15587225290991047,-0.06705470155886796,0.016935509219516278,native_surface_signed_distance_m,15,historical_negative,pinky,historical_interaction_v1_e15,distal,-0.15439691797307228,-0.06706840436426112,0.028723580247772933,True,P072,m,-0.011880042962729931
P072,,,,global_E_bone_diagnostic,15,historical_negative,ALL,historical_interaction_v1_e15,,,,,,P072,squared_direction,5.774691308743975
P072,,,,global_E_IM_diagnostic,15,historical_negative,ALL,historical_interaction_v1_e15,,,,,,P072,m_squared,0.0002184529786011897
P073,,,,wrist_orientation_error_rad,16,historical_negative,ALL,historical_interaction_v1_e16,,,,,,P073,rad,0.16078008195831558
P073,,,,wrist_tray_position_error_m,16,historical_negative,ALL,historical_interaction_v1_e16,,,,,,P073,m,0.04046016457834941
P073,,,,fingertip_position_error_m,16,historical_negative,thumb,historical_interaction_v1_e16,,,,,,P073,m,0.0374553790781296
P073,,,,fingertip_orientation_error_rad,16,historical_negative,thumb,historical_interaction_v1_e16,,,,,,P073,rad,0.14345272936919454
P073,,,,wrist_to_tip_vector_error_m,16,historical_negative,thumb,historical_interaction_v1_e16,,,,,,P073,m,0.029559707014790226
P073,,,,direct_proximal_orientation_error_rad,16,historical_negative,thumb,historical_interaction_v1_e16,,,,,,P073,rad,0.8797947851465359
P073,,,,direct_distal_orientation_error_rad,16,historical_negative,thumb,historical_interaction_v1_e16,,,,,,P073,rad,0.1569094356117044
P073,,,,thumb_to_tip_vector_error_m,16,historical_negative,thumb,historical_interaction_v1_e16,,,,,,P073,m,0.0
P073,,,,global_E_bone_diagnostic,16,historical_negative,thumb,historical_interaction_v1_e16,,,,,,P073,squared_direction,0.779330685953262
P073,,,,fingertip_position_error_m,16,historical_negative,index,historical_interaction_v1_e16,,,,,,P073,m,0.038272845959898334
P073,,,,fingertip_orientation_error_rad,16,historical_negative,index,historical_interaction_v1_e16,,,,,,P073,rad,1.314057778527329
P073,,,,wrist_to_tip_vector_error_m,16,historical_negative,index,historical_interaction_v1_e16,,,,,,P073,m,0.07591504114350432
P073,,,,direct_proximal_orientation_error_rad,16,historical_negative,index,historical_interaction_v1_e16,,,,,,P073,rad,0.7828436726010023
P073,,,,direct_distal_orientation_error_rad,16,historical_negative,index,historical_interaction_v1_e16,,,,,,P073,rad,1.5100021716192042
P073,,,,thumb_to_tip_vector_error_m,16,historical_negative,index,historical_interaction_v1_e16,,,,,,P073,m,0.0471019783640964
P073,,,,global_E_bone_diagnostic,16,historical_negative,index,historical_interaction_v1_e16,,,,,,P073,squared_direction,1.213673555827142
P073,,,,fingertip_position_error_m,16,historical_negative,middle,historical_interaction_v1_e16,,,,,,P073,m,0.04986961909975701
P073,,,,fingertip_orientation_error_rad,16,historical_negative,middle,historical_interaction_v1_e16,,,,,,P073,rad,1.3941751290338078
P073,,,,wrist_to_tip_vector_error_m,16,historical_negative,middle,historical_interaction_v1_e16,,,,,,P073,m,0.08931529193205902
P073,,,,direct_proximal_orientation_error_rad,16,historical_negative,middle,historical_interaction_v1_e16,,,,,,P073,rad,0.6426931357554517
P073,,,,direct_distal_orientation_error_rad,16,historical_negative,middle,historical_interaction_v1_e16,,,,,,P073,rad,1.5028933035780943
P073,,,,thumb_to_tip_vector_error_m,16,historical_negative,middle,historical_interaction_v1_e16,,,,,,P073,m,0.061072089706869274
P073,,,,global_E_bone_diagnostic,16,historical_negative,middle,historical_interaction_v1_e16,,,,,,P073,squared_direction,1.3278114526008322
P073,,,,fingertip_position_error_m,16,historical_negative,ring,historical_interaction_v1_e16,,,,,,P073,m,0.05390106122470381
P073,,,,fingertip_orientation_error_rad,16,historical_negative,ring,historical_interaction_v1_e16,,,,,,P073,rad,1.5690180689339472
P073,,,,wrist_to_tip_vector_error_m,16,historical_negative,ring,historical_interaction_v1_e16,,,,,,P073,m,0.09738599759416701
P073,,,,direct_proximal_orientation_error_rad,16,historical_negative,ring,historical_interaction_v1_e16,,,,,,P073,rad,0.6352064813037849
P073,,,,direct_distal_orientation_error_rad,16,historical_negative,ring,historical_interaction_v1_e16,,,,,,P073,rad,1.6607761627996662
P073,,,,thumb_to_tip_vector_error_m,16,historical_negative,ring,historical_interaction_v1_e16,,,,,,P073,m,0.06985198057781225
P073,,,,global_E_bone_diagnostic,16,historical_negative,ring,historical_interaction_v1_e16,,,,,,P073,squared_direction,1.8237517263574599
P073,,,,near_interaction_position_error_m,16,historical_negative,ring,historical_interaction_v1_e16,proximal,,,,,P073,m,0.032853846773152125
P073,,,,near_interaction_orientation_error_rad,16,historical_negative,ring,historical_interaction_v1_e16,proximal,,,,,P073,rad,0.5337692057775493
P073,,,,native_surface_unsigned_distance_m,16,historical_negative,ring,historical_interaction_v1_e16,proximal,,,,,P073,m,0.043927278647029715
P073,-0.15542681,-0.07762906,0.01653934,native_surface_signed_distance_m,16,historical_negative,ring,historical_interaction_v1_e16,proximal,-0.17927326633157406,-0.08940968272375992,0.05149887743973961,True,P073,m,-0.04392727464437485
P073,,,,near_interaction_position_error_m,16,historical_negative,ring,historical_interaction_v1_e16,distal,,,,,P073,m,0.041776540448644074
P073,,,,near_interaction_orientation_error_rad,16,historical_negative,ring,historical_interaction_v1_e16,distal,,,,,P073,rad,1.5053401459122453
P073,,,,native_surface_unsigned_distance_m,16,historical_negative,ring,historical_interaction_v1_e16,distal,,,,,P073,m,0.025444460060513346
P073,-0.15709940299824576,-0.05470089482331463,0.016918762096094192,native_surface_signed_distance_m,16,historical_negative,ring,historical_interaction_v1_e16,distal,-0.1606044249741172,-0.05504260468138676,0.0421183375507048,True,P073,m,-0.02544446289539337
P073,,,,fingertip_position_error_m,16,historical_negative,pinky,historical_interaction_v1_e16,,,,,,P073,m,0.04738627525527826
P073,,,,fingertip_orientation_error_rad,16,historical_negative,pinky,historical_interaction_v1_e16,,,,,,P073,rad,1.0802636393907208
P073,,,,wrist_to_tip_vector_error_m,16,historical_negative,pinky,historical_interaction_v1_e16,,,,,,P073,m,0.08922189209575421
P073,,,,direct_proximal_orientation_error_rad,16,historical_negative,pinky,historical_interaction_v1_e16,,,,,,P073,rad,0.6646328075914525
P073,,,,direct_distal_orientation_error_rad,16,historical_negative,pinky,historical_interaction_v1_e16,,,,,,P073,rad,1.1354353273572038
P073,,,,thumb_to_tip_vector_error_m,16,historical_negative,pinky,historical_interaction_v1_e16,,,,,,P073,m,0.06370106318685388
P073,,,,global_E_bone_diagnostic,16,historical_negative,pinky,historical_interaction_v1_e16,,,,,,P073,squared_direction,0.952109114953819
P073,,,,near_interaction_position_error_m,16,historical_negative,pinky,historical_interaction_v1_e16,proximal,,,,,P073,m,0.03225882692292638
P073,,,,near_interaction_orientation_error_rad,16,historical_negative,pinky,historical_interaction_v1_e16,proximal,,,,,P073,rad,0.5512374617360407
P073,,,,native_surface_unsigned_distance_m,16,historical_negative,pinky,historical_interaction_v1_e16,proximal,,,,,P073,m,0.04460656680630226
P073,-0.15712130160149262,-0.07472950963033387,0.016012825570121632,native_surface_signed_distance_m,16,historical_negative,pinky,historical_interaction_v1_e16,proximal,-0.19368539350843986,-0.08879220834239426,0.037344808370584355,True,P073,m,-0.044606562703847885
P073,,,,near_interaction_position_error_m,16,historical_negative,pinky,historical_interaction_v1_e16,distal,,,,,P073,m,0.0392490483558931
P073,,,,near_interaction_orientation_error_rad,16,historical_negative,pinky,historical_interaction_v1_e16,distal,,,,,P073,rad,0.9760090252851046
P073,,,,native_surface_unsigned_distance_m,16,historical_negative,pinky,historical_interaction_v1_e16,distal,,,,,P073,m,0.021133596937337032
P073,-0.1582418354771529,-0.0542452393319006,0.016172008331052874,native_surface_signed_distance_m,16,historical_negative,pinky,historical_interaction_v1_e16,distal,-0.175473045251228,-0.05432710527667794,0.028407515153360048,True,P073,m,-0.021133609116077423
P073,,,,global_E_bone_diagnostic,16,historical_negative,ALL,historical_interaction_v1_e16,,,,,,P073,squared_direction,6.096676535692516
P073,,,,global_E_IM_diagnostic,16,historical_negative,ALL,historical_interaction_v1_e16,,,,,,P073,m_squared,0.00023051715131961468
P074,,,,wrist_orientation_error_rad,17,historical_negative,ALL,historical_interaction_v1_e17,,,,,,P074,rad,0.13981076611387291
P074,,,,wrist_tray_position_error_m,17,historical_negative,ALL,historical_interaction_v1_e17,,,,,,P074,m,0.03936815797938453
P074,,,,fingertip_position_error_m,17,historical_negative,thumb,historical_interaction_v1_e17,,,,,,P074,m,0.032258582605840205
P074,,,,fingertip_orientation_error_rad,17,historical_negative,thumb,historical_interaction_v1_e17,,,,,,P074,rad,0.17587348714872103
P074,,,,wrist_to_tip_vector_error_m,17,historical_negative,thumb,historical_interaction_v1_e17,,,,,,P074,m,0.029274321509750154
P074,,,,direct_proximal_orientation_error_rad,17,historical_negative,thumb,historical_interaction_v1_e17,,,,,,P074,rad,0.8603023539293015
P074,,,,direct_distal_orientation_error_rad,17,historical_negative,thumb,historical_interaction_v1_e17,,,,,,P074,rad,0.14380368435876315
P074,,,,thumb_to_tip_vector_error_m,17,historical_negative,thumb,historical_interaction_v1_e17,,,,,,P074,m,0.0
P074,,,,global_E_bone_diagnostic,17,historical_negative,thumb,historical_interaction_v1_e17,,,,,,P074,squared_direction,0.7964277000143895
P074,,,,fingertip_position_error_m,17,historical_negative,index,historical_interaction_v1_e17,,,,,,P074,m,0.03945169258607616
P074,,,,fingertip_orientation_error_rad,17,historical_negative,index,historical_interaction_v1_e17,,,,,,P074,rad,1.343351381723904
P074,,,,wrist_to_tip_vector_error_m,17,historical_negative,index,historical_interaction_v1_e17,,,,,,P074,m,0.07333904729420182
P074,,,,direct_proximal_orientation_error_rad,17,historical_negative,index,historical_interaction_v1_e17,,,,,,P074,rad,0.7473485682048973
P074,,,,direct_distal_orientation_error_rad,17,historical_negative,index,historical_interaction_v1_e17,,,,,,P074,rad,1.5090463810972226
P074,,,,thumb_to_tip_vector_error_m,17,historical_negative,index,historical_interaction_v1_e17,,,,,,P074,m,0.044529035009275415
P074,,,,global_E_bone_diagnostic,17,historical_negative,index,historical_interaction_v1_e17,,,,,,P074,squared_direction,1.2692939498490006
P074,,,,fingertip_position_error_m,17,historical_negative,middle,historical_interaction_v1_e17,,,,,,P074,m,0.05070170453564372
P074,,,,fingertip_orientation_error_rad,17,historical_negative,middle,historical_interaction_v1_e17,,,,,,P074,rad,1.3964627021975347
P074,,,,wrist_to_tip_vector_error_m,17,historical_negative,middle,historical_interaction_v1_e17,,,,,,P074,m,0.08574341421375241
P074,,,,direct_proximal_orientation_error_rad,17,historical_negative,middle,historical_interaction_v1_e17,,,,,,P074,rad,0.581507251904671
P074,,,,direct_distal_orientation_error_rad,17,historical_negative,middle,historical_interaction_v1_e17,,,,,,P074,rad,1.4610860928439486
P074,,,,thumb_to_tip_vector_error_m,17,historical_negative,middle,historical_interaction_v1_e17,,,,,,P074,m,0.05760951321834367
P074,,,,global_E_bone_diagnostic,17,historical_negative,middle,historical_interaction_v1_e17,,,,,,P074,squared_direction,1.334189465594809
P074,,,,fingertip_position_error_m,17,historical_negative,ring,historical_interaction_v1_e17,,,,,,P074,m,0.05447835138240668
P074,,,,fingertip_orientation_error_rad,17,historical_negative,ring,historical_interaction_v1_e17,,,,,,P074,rad,1.5551171337048582
P074,,,,wrist_to_tip_vector_error_m,17,historical_negative,ring,historical_interaction_v1_e17,,,,,,P074,m,0.09361697193587877
P074,,,,direct_proximal_orientation_error_rad,17,historical_negative,ring,historical_interaction_v1_e17,,,,,,P074,rad,0.5746794978715976
P074,,,,direct_distal_orientation_error_rad,17,historical_negative,ring,historical_interaction_v1_e17,,,,,,P074,rad,1.6175354632820385
P074,,,,thumb_to_tip_vector_error_m,17,historical_negative,ring,historical_interaction_v1_e17,,,,,,P074,m,0.06568693844250782
P074,,,,global_E_bone_diagnostic,17,historical_negative,ring,historical_interaction_v1_e17,,,,,,P074,squared_direction,1.8128032544070272
P074,,,,near_interaction_position_error_m,17,historical_negative,ring,historical_interaction_v1_e17,proximal,,,,,P074,m,0.031314792866555835
P074,,,,near_interaction_orientation_error_rad,17,historical_negative,ring,historical_interaction_v1_e17,proximal,,,,,P074,rad,0.5217244799226269
P074,,,,native_surface_unsigned_distance_m,17,historical_negative,ring,historical_interaction_v1_e17,proximal,,,,,P074,m,0.049051330951006715
P074,-0.15791847,-0.07086232,0.016263430000000002,native_surface_signed_distance_m,17,historical_negative,ring,historical_interaction_v1_e17,proximal,-0.1931736413391176,-0.07676583601148998,0.04985292926117881,True,P074,m,-0.04905133694410324
P074,,,,near_interaction_position_error_m,17,historical_negative,ring,historical_interaction_v1_e17,distal,,,,,P074,m,0.04272179861650418
P074,,,,near_interaction_orientation_error_rad,17,historical_negative,ring,historical_interaction_v1_e17,distal,,,,,P074,rad,1.495160254528507
P074,,,,native_surface_unsigned_distance_m,17,historical_negative,ring,historical_interaction_v1_e17,distal,,,,,P074,m,0.02883039231628531
P074,-0.15807650359321468,-0.042024022510314965,0.01638712434445855,native_surface_signed_distance_m,17,historical_negative,ring,historical_interaction_v1_e17,distal,-0.1771451957713868,-0.041918858970764084,0.038010385901286414,True,P074,m,-0.028830397874116898
P074,,,,fingertip_position_error_m,17,historical_negative,pinky,historical_interaction_v1_e17,,,,,,P074,m,0.048971841575975505
P074,,,,fingertip_orientation_error_rad,17,historical_negative,pinky,historical_interaction_v1_e17,,,,,,P074,rad,1.0957871621446271
P074,,,,wrist_to_tip_vector_error_m,17,historical_negative,pinky,historical_interaction_v1_e17,,,,,,P074,m,0.08813460268550288
P074,,,,direct_proximal_orientation_error_rad,17,historical_negative,pinky,historical_interaction_v1_e17,,,,,,P074,rad,0.629912927382076
P074,,,,direct_distal_orientation_error_rad,17,historical_negative,pinky,historical_interaction_v1_e17,,,,,,P074,rad,1.1463355559762056
P074,,,,thumb_to_tip_vector_error_m,17,historical_negative,pinky,historical_interaction_v1_e17,,,,,,P074,m,0.061816621140847426
P074,,,,global_E_bone_diagnostic,17,historical_negative,pinky,historical_interaction_v1_e17,,,,,,P074,squared_direction,0.9865458763829186
P074,,,,near_interaction_position_error_m,17,historical_negative,pinky,historical_interaction_v1_e17,proximal,,,,,P074,m,0.031324770299528265
P074,,,,near_interaction_orientation_error_rad,17,historical_negative,pinky,historical_interaction_v1_e17,proximal,,,,,P074,rad,0.559980158285598
P074,,,,native_surface_unsigned_distance_m,17,historical_negative,pinky,historical_interaction_v1_e17,proximal,,,,,P074,m,0.054290335795460706
P074,-0.1580554493160349,-0.07093351987312337,0.015977463774272786,native_surface_signed_distance_m,17,historical_negative,pinky,historical_interaction_v1_e17,proximal,-0.20797301612476882,-0.07794062693867923,0.03614123165756548,True,P074,m,-0.05429033562541008
P074,,,,near_interaction_position_error_m,17,historical_negative,pinky,historical_interaction_v1_e17,distal,,,,,P074,m,0.040532077356642465
P074,,,,near_interaction_orientation_error_rad,17,historical_negative,pinky,historical_interaction_v1_e17,distal,,,,,P074,rad,1.0087307495907896
P074,,,,native_surface_unsigned_distance_m,17,historical_negative,pinky,historical_interaction_v1_e17,distal,,,,,P074,m,0.035564874986722166
P074,-0.15842099242952096,-0.04348357102093634,0.015804223827530103,native_surface_signed_distance_m,17,historical_negative,pinky,historical_interaction_v1_e17,distal,-0.19273663453226167,-0.04263337665324515,0.025108750115038304,True,P074,m,-0.03556489199399948
P074,,,,global_E_bone_diagnostic,17,historical_negative,ALL,historical_interaction_v1_e17,,,,,,P074,squared_direction,6.199260246248145
P074,,,,global_E_IM_diagnostic,17,historical_negative,ALL,historical_interaction_v1_e17,,,,,,P074,m_squared,0.00020577621577343034
P075,,,,wrist_orientation_error_rad,20,historical_negative,ALL,historical_interaction_v1_e20,,,,,,P075,rad,0.10084039630418948
P075,,,,wrist_tray_position_error_m,20,historical_negative,ALL,historical_interaction_v1_e20,,,,,,P075,m,0.037051772002376415
P075,,,,fingertip_position_error_m,20,historical_negative,thumb,historical_interaction_v1_e20,,,,,,P075,m,0.019232407631424666
P075,,,,fingertip_orientation_error_rad,20,historical_negative,thumb,historical_interaction_v1_e20,,,,,,P075,rad,0.36369482606983944
P075,,,,wrist_to_tip_vector_error_m,20,historical_negative,thumb,historical_interaction_v1_e20,,,,,,P075,m,0.030180956282650787
P075,,,,direct_proximal_orientation_error_rad,20,historical_negative,thumb,historical_interaction_v1_e20,,,,,,P075,rad,0.8194182222843727
P075,,,,direct_distal_orientation_error_rad,20,historical_negative,thumb,historical_interaction_v1_e20,,,,,,P075,rad,0.2633122451281071
P075,,,,thumb_to_tip_vector_error_m,20,historical_negative,thumb,historical_interaction_v1_e20,,,,,,P075,m,0.0
P075,,,,global_E_bone_diagnostic,20,historical_negative,thumb,historical_interaction_v1_e20,,,,,,P075,squared_direction,0.9334376719806229
P075,,,,fingertip_position_error_m,20,historical_negative,index,historical_interaction_v1_e20,,,,,,P075,m,0.03901426677723762
P075,,,,fingertip_orientation_error_rad,20,historical_negative,index,historical_interaction_v1_e20,,,,,,P075,rad,1.3175939406623225
P075,,,,wrist_to_tip_vector_error_m,20,historical_negative,index,historical_interaction_v1_e20,,,,,,P075,m,0.06323994886848744
P075,,,,direct_proximal_orientation_error_rad,20,historical_negative,index,historical_interaction_v1_e20,,,,,,P075,rad,0.620740088114359
P075,,,,direct_distal_orientation_error_rad,20,historical_negative,index,historical_interaction_v1_e20,,,,,,P075,rad,1.4077447775339023
P075,,,,thumb_to_tip_vector_error_m,20,historical_negative,index,historical_interaction_v1_e20,,,,,,P075,m,0.03751921784667979
P075,,,,global_E_bone_diagnostic,20,historical_negative,index,historical_interaction_v1_e20,,,,,,P075,squared_direction,1.2169022880897935
P075,,,,fingertip_position_error_m,20,historical_negative,middle,historical_interaction_v1_e20,,,,,,P075,m,0.04660796980857312
P075,,,,fingertip_orientation_error_rad,20,historical_negative,middle,historical_interaction_v1_e20,,,,,,P075,rad,1.27946246618378
P075,,,,wrist_to_tip_vector_error_m,20,historical_negative,middle,historical_interaction_v1_e20,,,,,,P075,m,0.0727294320298238
P075,,,,direct_proximal_orientation_error_rad,20,historical_negative,middle,historical_interaction_v1_e20,,,,,,P075,rad,0.3951755445010985
P075,,,,direct_distal_orientation_error_rad,20,historical_negative,middle,historical_interaction_v1_e20,,,,,,P075,rad,1.2294131483567425
P075,,,,thumb_to_tip_vector_error_m,20,historical_negative,middle,historical_interaction_v1_e20,,,,,,P075,m,0.04748494192904273
P075,,,,global_E_bone_diagnostic,20,historical_negative,middle,historical_interaction_v1_e20,,,,,,P075,squared_direction,1.110416068494927
P075,,,,fingertip_position_error_m,20,historical_negative,ring,historical_interaction_v1_e20,,,,,,P075,m,0.05396628971163076
P075,,,,fingertip_orientation_error_rad,20,historical_negative,ring,historical_interaction_v1_e20,,,,,,P075,rad,1.4772357424207954
P075,,,,wrist_to_tip_vector_error_m,20,historical_negative,ring,historical_interaction_v1_e20,,,,,,P075,m,0.0844024784937237
P075,,,,direct_proximal_orientation_error_rad,20,historical_negative,ring,historical_interaction_v1_e20,,,,,,P075,rad,0.43160888482453297
P075,,,,direct_distal_orientation_error_rad,20,historical_negative,ring,historical_interaction_v1_e20,,,,,,P075,rad,1.4535751731272042
P075,,,,thumb_to_tip_vector_error_m,20,historical_negative,ring,historical_interaction_v1_e20,,,,,,P075,m,0.057669395270399146
P075,,,,global_E_bone_diagnostic,20,historical_negative,ring,historical_interaction_v1_e20,,,,,,P075,squared_direction,1.6007187870433945
P075,,,,near_interaction_position_error_m,20,historical_negative,ring,historical_interaction_v1_e20,proximal,,,,,P075,m,0.022140015501428568
P075,,,,near_interaction_orientation_error_rad,20,historical_negative,ring,historical_interaction_v1_e20,proximal,,,,,P075,rad,0.4821222875451099
P075,,,,native_surface_unsigned_distance_m,20,historical_negative,ring,historical_interaction_v1_e20,proximal,,,,,P075,m,0.06648496295152086
P075,-0.15836591,-0.052035210000000005,0.01599021,native_surface_signed_distance_m,20,historical_negative,ring,historical_interaction_v1_e20,proximal,-0.2220835688414076,-0.05163723101643902,0.03496787748480268,True,P075,m,-0.0664849653840065
P075,,,,near_interaction_position_error_m,20,historical_negative,ring,historical_interaction_v1_e20,distal,,,,,P075,m,0.04306856258824509
P075,,,,near_interaction_orientation_error_rad,20,historical_negative,ring,historical_interaction_v1_e20,distal,,,,,P075,rad,1.444034213244345
P075,,,,native_surface_unsigned_distance_m,20,historical_negative,ring,historical_interaction_v1_e20,distal,,,,,P075,m,0.051529350527877466
P075,-0.15870643,-0.018583540000000003,0.01407499,native_surface_signed_distance_m,20,historical_negative,ring,historical_interaction_v1_e20,distal,-0.2102218056261283,-0.01915494015023701,0.015130234896733501,True,P075,m,-0.05152935907244682
P075,,,,fingertip_position_error_m,20,historical_negative,pinky,historical_interaction_v1_e20,,,,,,P075,m,0.05227388457804802
P075,,,,fingertip_orientation_error_rad,20,historical_negative,pinky,historical_interaction_v1_e20,,,,,,P075,rad,1.1815546153688958
P075,,,,wrist_to_tip_vector_error_m,20,historical_negative,pinky,historical_interaction_v1_e20,,,,,,P075,m,0.08632459086826665
P075,,,,direct_proximal_orientation_error_rad,20,historical_negative,pinky,historical_interaction_v1_e20,,,,,,P075,rad,0.5282600266164079
P075,,,,direct_distal_orientation_error_rad,20,historical_negative,pinky,historical_interaction_v1_e20,,,,,,P075,rad,1.2003353787604474
P075,,,,thumb_to_tip_vector_error_m,20,historical_negative,pinky,historical_interaction_v1_e20,,,,,,P075,m,0.05911945529030764
P075,,,,global_E_bone_diagnostic,20,historical_negative,pinky,historical_interaction_v1_e20,,,,,,P075,squared_direction,1.0861101902601957
P075,,,,near_interaction_position_error_m,20,historical_negative,pinky,historical_interaction_v1_e20,proximal,,,,,P075,m,0.024432167756745712
P075,,,,near_interaction_orientation_error_rad,20,historical_negative,pinky,historical_interaction_v1_e20,proximal,,,,,P075,rad,0.5641790573313705
P075,,,,native_surface_unsigned_distance_m,20,historical_negative,pinky,historical_interaction_v1_e20,proximal,,,,,P075,m,0.07910895997631819
P075,-0.15870203,-0.05786275,0.01453534,native_surface_signed_distance_m,20,historical_negative,pinky,historical_interaction_v1_e20,proximal,-0.237364772854353,-0.05701965308531217,0.022883371070683105,True,P075,m,-0.07910895347595215
P075,,,,near_interaction_position_error_m,20,historical_negative,pinky,historical_interaction_v1_e20,distal,,,,,P075,m,0.04274206236334993
P075,,,,near_interaction_orientation_error_rad,20,historical_negative,pinky,historical_interaction_v1_e20,distal,,,,,P075,rad,1.1617241678996872
P075,,,,native_surface_unsigned_distance_m,20,historical_negative,pinky,historical_interaction_v1_e20,distal,,,,,P075,m,0.06921914533876945
P075,-0.15864717,-0.01966783,0.013647590000000001,native_surface_signed_distance_m,20,historical_negative,pinky,historical_interaction_v1_e20,distal,-0.22717555558002692,-0.02299844376437821,0.004479304272701631,True,P075,m,-0.06921914219856262
P075,,,,global_E_bone_diagnostic,20,historical_negative,ALL,historical_interaction_v1_e20,,,,,,P075,squared_direction,5.947585005868933
P075,,,,global_E_IM_diagnostic,20,historical_negative,ALL,historical_interaction_v1_e20,,,,,,P075,m_squared,0.00020006003376749057
