# https://github.com/mikedh/trimesh
v -0.00432043 -0.01009799 -0.02152851
v -0.00470507 -0.00995473 -0.02152851
v -0.00432043 -0.01009167 -0.02164500
v -0.00432043 -0.00707887 -0.02152851
v -0.00575892 0.00585301 -0.01021644
v -0.00575892 0.00535158 -0.01022589
v -0.00578394 0.00007812 -0.01042738
v -0.00579285 -0.00042542 -0.01042738
v -0.00622456 -0.00496569 -0.00942935
v -0.00575934 -0.00866954 -0.01374576
v -0.00575934 -0.00900032 -0.01395040
v -0.00575934 -0.00932056 -0.01416134
v -0.00575934 -0.00951229 -0.01449507
v -0.00575934 -0.00961763 -0.01497047
v -0.00575934 -0.00961763 -0.01497362
v -0.00576189 -0.00961552 -0.01547421
v -0.00575934 -0.00960077 -0.01698857
v -0.00503671 -0.00980514 -0.02152851
v -0.00501084 -0.00979039 -0.02203224
v -0.00470507 -0.00992523 -0.02203224
v -0.00432043 -0.01006639 -0.02203224
v -0.00458463 0.01094107 -0.01975598
v -0.00575892 0.00763541 -0.01021644
v -0.00432043 -0.00523748 -0.02319084
v -0.00621142 0.00007812 -0.00942935
v -0.00621184 -0.00041067 -0.00942935
v -0.00588021 0.00007812 -0.01006847
v -0.00588911 -0.00042542 -0.01008106
v -0.00634500 -0.00534282 -0.00942935
v -0.00634840 -0.00535335 -0.00942935
v -0.00672201 -0.00547976 -0.00942935
v -0.00673474 -0.00547976 -0.00942935
v -0.00723855 -0.00547134 -0.00942935
v -0.00773048 -0.00543131 -0.00942935
v -0.00773981 -0.00542920 -0.00942935
v -0.00599768 -0.00927210 -0.01419597
v -0.00606638 -0.00932478 -0.01446673
v -0.00631829 -0.00915201 -0.01446673
v -0.00611812 -0.00936902 -0.01497047
v -0.00610667 -0.00936059 -0.01698857
v -0.00608038 -0.00933952 -0.01799604
v -0.00605239 -0.00931846 -0.01900667
v -0.00575934 -0.00957760 -0.01754268
v -0.00575934 -0.00953335 -0.01850293
v -0.00529158 -0.00965977 -0.02152851
v -0.00575934 -0.00933320 -0.02241320
v -0.00567113 -0.00937534 -0.02253598
v -0.00497776 -0.00977143 -0.02253598
v -0.00596884 -0.00925525 -0.02180241
v -0.00575850 -0.00936270 -0.02199761
v -0.00495867 -0.00976089 -0.02280044
v -0.00470507 -0.00988941 -0.02253598
v -0.00454774 -0.00980093 -0.02455408
v -0.00432043 -0.00994208 -0.02369773
v -0.00432043 -0.00523748 -0.03949936
v -0.00458463 0.01093264 -0.01988821
v -0.00575934 0.01140247 -0.01194174
v -0.00575934 0.01142565 -0.01143801
v -0.00575934 0.01141511 -0.01130577
v -0.00575934 0.01120864 -0.01094056
v -0.00575934 0.01118968 -0.01092797
v -0.00575934 0.01066507 -0.01068240
v -0.00621142 0.00763541 -0.00942935
v -0.00812276 -0.00530700 -0.00942935
v -0.00657401 -0.00883599 -0.01410782
v -0.00663338 -0.00890340 -0.01446673
v -0.00637002 -0.00917308 -0.01497047
v -0.00635900 -0.00915833 -0.01698857
v -0.00634628 -0.00914780 -0.01749545
v -0.00628309 -0.00910145 -0.01974968
v -0.00626019 -0.00908459 -0.02052103
v -0.00597732 -0.00926157 -0.02153165
v -0.00575934 -0.00938798 -0.02157888
v -0.00575850 -0.00932478 -0.02253598
v -0.00594976 -0.00924261 -0.02213929
v -0.00553161 -0.00929528 -0.02455408
v -0.00622965 -0.00905931 -0.02153165
v -0.00616943 -0.00908249 -0.02199446
v -0.00621863 -0.00900243 -0.02253913
v -0.00549429 -0.00927421 -0.02505782
v -0.00520931 -0.00943223 -0.02505782
v -0.00479964 -0.00968716 -0.02455408
v -0.00474706 -0.00966609 -0.02505782
v -0.00449515 -0.00977564 -0.02505782
v -0.00446122 -0.00976300 -0.02534432
v -0.00432043 -0.00990205 -0.02422350
v -0.00432043 -0.00530279 -0.03947102
v -0.00454265 -0.00329074 -0.04047535
v -0.00454265 -0.00298314 -0.04059499
v -0.00454265 -0.00248171 -0.04077759
v -0.00454265 -0.00228156 -0.04084371
v -0.00454265 -0.00212776 -0.04088779
v -0.00454265 -0.00187072 -0.04094761
v -0.00454265 -0.00162843 -0.04100113
v -0.00454265 -0.00043806 -0.04124670
v -0.00454265 0.00007391 -0.04132856
v -0.00454265 0.00159084 -0.04149542
v -0.00454265 0.00208596 -0.04154265
v -0.00454265 0.00259160 -0.04157413
v -0.00454265 0.00284864 -0.04158043
v -0.00454265 0.00360079 -0.04159302
v -0.00454265 0.00410643 -0.04158672
v -0.00454265 0.00432765 -0.04156154
v -0.00458463 0.00796408 -0.03937028
v -0.00458463 0.00802518 -0.03927897
v -0.00458463 0.00808839 -0.03917823
v -0.00458463 0.00833910 -0.03877524
v -0.00458463 0.00846341 -0.03854855
v -0.00458463 0.00884264 -0.03776461
v -0.00458463 0.00892692 -0.03755997
v -0.00458463 0.00895641 -0.03748126
v -0.00458463 0.00916078 -0.03676973
v -0.00458463 0.00919027 -0.03664379
v -0.00458463 0.00927666 -0.03626284
v -0.00458463 0.00938200 -0.03579059
v -0.00458463 0.00942835 -0.03555761
v -0.00458463 0.00943467 -0.03552298
v -0.00458463 0.00952526 -0.03474848
v -0.00458463 0.01001827 -0.03009205
v -0.00458463 0.01042700 -0.02555841
v -0.00458463 0.01088629 -0.02041084
v -0.00462959 0.01093896 -0.01975598
v -0.00575977 0.01138140 -0.01223139
v -0.00583780 0.01137719 -0.01194174
v -0.00587766 0.01139826 -0.01143801
v -0.00659648 0.01098742 -0.01102557
v -0.00621820 0.01109066 -0.01094056
v -0.00621820 0.01066507 -0.01068555
v -0.00722582 0.00825694 -0.00942935
v -0.00721353 0.00825694 -0.00942935
v -0.00672201 0.00825062 -0.00942935
v -0.00670971 0.00824851 -0.00942935
v -0.00634034 0.00805889 -0.00942935
v -0.00837509 -0.00502890 -0.00942935
v -0.00750445 -0.00777202 -0.01367019
v -0.00705958 -0.00833455 -0.01396299
v -0.00688529 -0.00865480 -0.01446673
v -0.00664144 -0.00892026 -0.01497047
v -0.00664059 -0.00891815 -0.01547421
v -0.00663550 -0.00890762 -0.01698857
v -0.00660454 -0.00887391 -0.01850293
v -0.00655959 -0.00883177 -0.02052103
v -0.00653669 -0.00880860 -0.02153165
v -0.00592389 -0.00922786 -0.02253913
v -0.00613847 -0.00889076 -0.02455723
v -0.00575850 -0.00915833 -0.02459816
v -0.00575850 -0.00919415 -0.02415739
v -0.00652185 -0.00879385 -0.02203539
v -0.00650064 -0.00877489 -0.02253913
v -0.00648283 -0.00875803 -0.02289804
v -0.00575850 -0.00911620 -0.02505782
v -0.00566817 -0.00912252 -0.02553637
v -0.00546969 -0.00925946 -0.02535062
v -0.00524451 -0.00936481 -0.02553637
v -0.00514654 -0.00936059 -0.02606215
v -0.00493450 -0.00924261 -0.02822193
v -0.00474197 -0.00935427 -0.02806451
v -0.00465970 -0.00965766 -0.02552693
v -0.00432043 -0.00981778 -0.02519005
v -0.00432043 -0.00985570 -0.02475873
v -0.00463637 -0.00934374 -0.02858399
v -0.00432043 -0.00950175 -0.02822193
v -0.00440355 -0.00974615 -0.02567805
v -0.00432043 -0.00543973 -0.03939861
v -0.00454265 -0.00356674 -0.04033682
v -0.00454265 -0.00333288 -0.04045646
v -0.00460626 -0.00298314 -0.04055406
v -0.00506809 -0.00329285 -0.04003143
v -0.00486707 -0.00294732 -0.04035571
v -0.00469786 -0.00242693 -0.04067685
v -0.00500702 -0.00231527 -0.04046905
v -0.00474960 -0.00194025 -0.04077445
v -0.00494086 -0.00062135 -0.04092242
v -0.00474578 -0.00044438 -0.04110187
v -0.00464400 -0.00093106 -0.04107354
v -0.00470507 0.00007391 -0.04121207
v -0.00456894 0.00208596 -0.04152376
v -0.00501296 0.00007391 -0.04098224
v -0.00478946 0.00158242 -0.04130652
v -0.00458548 0.00259160 -0.04154265
v -0.00485562 0.00360079 -0.04135689
v -0.00460329 0.00360079 -0.04154894
v -0.00485817 0.00410643 -0.04136319
v -0.00460584 0.00410643 -0.04154265
v -0.00484841 0.00432976 -0.04135374
v -0.00459057 0.00432765 -0.04153320
v -0.00484841 0.00511561 -0.04124040
v -0.00484841 0.00523781 -0.04120577
v -0.00484841 0.00557491 -0.04110502
v -0.00458463 0.00695911 -0.04047535
v -0.00458463 0.00698229 -0.04045646
v -0.00458463 0.00744369 -0.04002513
v -0.00458463 0.00748372 -0.03998106
v -0.00458463 0.00769862 -0.03971660
v -0.00458463 0.00783978 -0.03953399
v -0.00486198 0.00783557 -0.03935453
v -0.00469913 0.00803782 -0.03917823
v -0.00505240 0.00795776 -0.03901766
v -0.00474239 0.00830961 -0.03869023
v -0.00493493 0.00838124 -0.03839113
v -0.00474239 0.00857086 -0.03819909
v -0.00544722 0.00838335 -0.03788740
v -0.00472076 0.00881525 -0.03767961
v -0.00489845 0.00887003 -0.03732699
v -0.00502780 0.00893113 -0.03699011
v -0.00472076 0.00900908 -0.03715068
v -0.00470634 0.00916078 -0.03664379
v -0.00470634 0.00927244 -0.03614320
v -0.00472840 0.00936304 -0.03568354
v -0.00491118 0.00938621 -0.03528055
v -0.00472840 0.00945574 -0.03511999
v -0.00502313 0.00992135 -0.03040059
v -0.00470634 0.01000352 -0.03009205
v -0.00470634 0.01072407 -0.02203539
v -0.00521016 0.01062504 -0.02224633
v -0.00519362 0.01084837 -0.01975598
v -0.00575977 0.01135191 -0.01260290
v -0.00575977 0.01136455 -0.01244863
v -0.00581151 0.01136455 -0.01222824
v -0.00604899 0.01095582 -0.01597794
v -0.00621820 0.01120232 -0.01194174
v -0.00621820 0.01124024 -0.01143801
v -0.00664229 0.01101270 -0.01143801
v -0.00689462 0.01086101 -0.01143801
v -0.00711217 0.01055130 -0.01101927
v -0.00674746 0.01069668 -0.01088704
v -0.00772709 0.00806732 -0.00942935
v -0.00850910 -0.00477397 -0.00942935
v -0.00803710 -0.00684501 -0.01346240
v -0.00774109 -0.00748760 -0.01396299
v -0.00753413 -0.00781837 -0.01396299
v -0.00731107 -0.00807120 -0.01396299
v -0.00711938 -0.00840619 -0.01446673
v -0.00689377 -0.00865480 -0.01497047
v -0.00688741 -0.00865480 -0.01698857
v -0.00685645 -0.00862741 -0.01850293
v -0.00682846 -0.00860002 -0.01974968
v -0.00678775 -0.00855999 -0.02153165
v -0.00677290 -0.00854945 -0.02203539
v -0.00581956 -0.00916676 -0.02404720
v -0.00610964 -0.00886759 -0.02505782
v -0.00646375 -0.00874328 -0.02323492
v -0.00696289 -0.00823342 -0.02354976
v -0.00694169 -0.00820814 -0.02404720
v -0.00675212 -0.00852838 -0.02253913
v -0.00691624 -0.00818286 -0.02455723
v -0.00666434 -0.00842304 -0.02455723
v -0.00605069 -0.00881702 -0.02606530
v -0.00601719 -0.00878963 -0.02656274
v -0.00598920 -0.00876646 -0.02697202
v -0.00575850 -0.00881281 -0.02788820
v -0.00564484 -0.00886127 -0.02808025
v -0.00524960 -0.00914148 -0.02757651
v -0.00516520 -0.00913516 -0.02806451
v -0.00520931 -0.00904456 -0.02858399
v -0.00488828 -0.00921943 -0.02858399
v -0.00432043 -0.00972929 -0.02608104
v -0.00456725 -0.00931214 -0.02909087
v -0.00432043 -0.00946172 -0.02858399
v -0.00432043 -0.00557036 -0.03931361
v -0.00458166 -0.00585268 -0.03901136
v -0.00454265 -0.00426832 -0.03996217
v -0.00469235 -0.00391016 -0.04004088
v -0.00496079 -0.00371000 -0.03992754
v -0.00506809 -0.00345297 -0.03995902
v -0.00493789 -0.00265236 -0.04041238
v -0.00528310 -0.00345297 -0.03975752
v -0.00514739 -0.00294732 -0.04010699
v -0.00506809 -0.00194235 -0.04051943
v -0.00506809 -0.00236583 -0.04039664
v -0.00506809 -0.00224153 -0.04043757
v -0.00498369 -0.00028847 -0.04095390
v -0.00512534 -0.00143671 -0.04058239
v -0.00482085 0.00208596 -0.04132856
v -0.00506809 -0.00017891 -0.04089408
v -0.00506809 0.00007391 -0.04093186
v -0.00506809 0.00057745 -0.04098539
v -0.00506809 0.00259160 -0.04115540
v -0.00515842 0.00410643 -0.04111447
v -0.00506809 0.00410643 -0.04119003
v -0.00539887 0.00259160 -0.04087834
v -0.00498200 0.00432976 -0.04124670
v -0.00513933 0.00461208 -0.04109558
v -0.00484841 0.00461208 -0.04132226
v -0.00484841 0.00466053 -0.04131596
v -0.00508844 0.00511561 -0.04104835
v -0.00502695 0.00550960 -0.04099483
v -0.00494086 0.00584669 -0.04092557
v -0.00484841 0.00575821 -0.04102631
v -0.00484841 0.00594150 -0.04093186
v -0.00490566 0.00594150 -0.04089408
v -0.00482509 0.00695911 -0.04030534
v -0.00473476 0.00714662 -0.04019829
v -0.00490990 0.00734678 -0.03988346
v -0.00507827 0.00749847 -0.03954658
v -0.00523348 0.00766070 -0.03919397
v -0.00538827 0.00782292 -0.03882246
v -0.00511092 0.00846552 -0.03805111
v -0.00575977 0.00817056 -0.03773313
v -0.00590014 0.00833068 -0.03714438
v -0.00596587 0.00838967 -0.03689251
v -0.00554221 0.00844866 -0.03755052
v -0.00520083 0.00878576 -0.03715068
v -0.00525129 0.00855611 -0.03769535
v -0.00551507 0.00794091 -0.03848244
v -0.00562703 0.00804836 -0.03816131
v -0.00596587 0.00788613 -0.03790314
v -0.00538106 0.00885739 -0.03664379
v -0.00512916 0.00898170 -0.03664379
v -0.00521016 0.00919027 -0.03563632
v -0.00517284 0.00930404 -0.03511999
v -0.00528098 0.00933143 -0.03462569
v -0.00497861 0.00940728 -0.03494053
v -0.00543068 0.00990028 -0.02978666
v -0.00536113 0.00988132 -0.03009205
v -0.00510880 0.00993399 -0.03009205
v -0.00544255 0.01040593 -0.02426758
v -0.00575977 0.01114333 -0.01497047
v -0.00599768 0.01093054 -0.01648168
v -0.00579157 0.01135402 -0.01244863
v -0.00599217 0.01042278 -0.02191576
v -0.00630132 0.01082730 -0.01597794
v -0.00634203 0.01084837 -0.01547421
v -0.00660793 0.01099164 -0.01194174
v -0.00647605 0.01091790 -0.01373946
v -0.00709521 0.01051970 -0.01345925
v -0.00717197 0.01060819 -0.01143801
v -0.00672159 0.01062083 -0.01547421
v -0.00676781 0.01054709 -0.01599369
v -0.00694635 0.01039118 -0.01648168
v -0.00696671 0.01040382 -0.01616999
v -0.00698537 0.01041857 -0.01583627
v -0.00702820 0.01045649 -0.01497047
v -0.00707443 0.01049863 -0.01395984
v -0.00760199 0.01004355 -0.01101927
v -0.00797985 0.00787981 -0.00942935
v -0.00742387 0.01035537 -0.01143801
v -0.00854388 -0.00447058 -0.00942935
v -0.00859689 -0.00446005 -0.01346240
v -0.00852691 -0.00492987 -0.01346240
v -0.00847984 -0.00515741 -0.01222824
v -0.00847814 -0.00514477 -0.01194174
v -0.00843192 -0.00547134 -0.01295237
v -0.00832632 -0.00597277 -0.01346240
v -0.00830766 -0.00597277 -0.01295237
v -0.00817874 -0.00648052 -0.01346240
v -0.00804897 -0.00688504 -0.01396299
v -0.00793659 -0.00713997 -0.01396299
v -0.00775381 -0.00748760 -0.01446673
v -0.00755025 -0.00784787 -0.01446673
v -0.00737086 -0.00809859 -0.01446673
v -0.00711217 -0.00840408 -0.01698857
v -0.00710411 -0.00839355 -0.01749545
v -0.00707740 -0.00836405 -0.01900667
v -0.00703117 -0.00830927 -0.02153165
v -0.00701887 -0.00829452 -0.02203539
v -0.00700191 -0.00827556 -0.02253913
v -0.00697392 -0.00824396 -0.02329159
v -0.00608122 -0.00884231 -0.02555841
v -0.00633355 -0.00862530 -0.02555841
v -0.00711853 -0.00793004 -0.02455723
v -0.00709945 -0.00790265 -0.02505782
v -0.00707697 -0.00787315 -0.02555841
v -0.00705280 -0.00784155 -0.02606530
v -0.00688868 -0.00815547 -0.02505782
v -0.00647732 -0.00825239 -0.02787560
v -0.00663592 -0.00839776 -0.02505782
v -0.00625934 -0.00841251 -0.02805821
v -0.00596460 -0.00874539 -0.02730575
v -0.00589759 -0.00870115 -0.02807710
v -0.00575850 -0.00878963 -0.02808025
v -0.00575850 -0.00876014 -0.02831008
v -0.00559183 -0.00882966 -0.02858399
v -0.00544383 -0.00874118 -0.02978351
v -0.00526444 -0.00864637 -0.03110582
v -0.00445953 -0.00925736 -0.02986852
v -0.00432043 -0.00944276 -0.02875085
v -0.00432043 -0.00591588 -0.03908063
v -0.00432043 -0.00608865 -0.03892321
v -0.00457573 -0.00631619 -0.03854226
v -0.00469235 -0.00611603 -0.03865875
v -0.00474663 -0.00601912 -0.03871227
v -0.00491796 -0.00565885 -0.03888543
v -0.00485138 -0.00404710 -0.03983309
v -0.00506809 -0.00380481 -0.03978271
v -0.00547818 -0.00374161 -0.03943954
v -0.00539930 -0.00294732 -0.03986142
v -0.00550277 -0.00345297 -0.03954029
v -0.00545188 -0.00266922 -0.03991809
v -0.00531575 -0.00194235 -0.04028960
v -0.00537767 -0.00143671 -0.04034942
v -0.00550362 -0.00233212 -0.03997791
v -0.00506809 -0.00035378 -0.04086260
v -0.00512279 0.00208806 -0.04107984
v -0.00506809 0.00246940 -0.04114910
v -0.00543068 -0.00093317 -0.04040294
v -0.00548454 -0.00032007 -0.04045961
v -0.00526486 0.00007391 -0.04074296
v -0.00529540 0.00057745 -0.04077759
v -0.00541075 0.00410643 -0.04088779
v -0.00526105 0.00432976 -0.04100742
v -0.00554433 0.00057745 -0.04052572
v -0.00550277 0.00208806 -0.04072092
v -0.00563339 0.00259371 -0.04062962
v -0.00550277 0.00281071 -0.04077445
v -0.00539166 0.00461208 -0.04086890
v -0.00534035 0.00511561 -0.04081852
v -0.00550277 0.00562126 -0.04050998
v -0.00550277 0.00571818 -0.04047535
v -0.00547309 0.00589094 -0.04044072
v -0.00540099 0.00594150 -0.04047535
v -0.00504307 0.00594150 -0.04078074
v -0.00504731 0.00695911 -0.04013848
v -0.00509989 0.00701179 -0.04005032
v -0.00537512 0.00695911 -0.03983623
v -0.00541456 0.00733835 -0.03937028
v -0.00556639 0.00748583 -0.03903025
v -0.00590396 0.00731307 -0.03883191
v -0.00570888 0.00763120 -0.03865875
v -0.00605620 0.00797462 -0.03756626
v -0.00622244 0.00804414 -0.03710031
v -0.00647435 0.00789034 -0.03689881
v -0.00652227 0.00794091 -0.03665009
v -0.00602949 0.00844866 -0.03655564
v -0.00575977 0.00860246 -0.03668787
v -0.00564696 0.00852661 -0.03714753
v -0.00602100 0.00743948 -0.03849188
v -0.00575977 0.00791984 -0.03816131
v -0.00612321 0.00755114 -0.03815501
v -0.00645866 0.00736152 -0.03787795
v -0.00625722 0.00767755 -0.03772368
v -0.00639292 0.00780186 -0.03723569
v -0.00570888 0.00879629 -0.03618098
v -0.00545231 0.00889321 -0.03637618
v -0.00525468 0.00903647 -0.03618098
v -0.00553712 0.00893534 -0.03603931
v -0.00561982 0.00898802 -0.03563632
v -0.00574662 0.00901751 -0.03511369
v -0.00571481 0.00911443 -0.03462569
v -0.00535901 0.00936514 -0.03412510
v -0.00571481 0.00974438 -0.03009205
v -0.00548581 0.00991714 -0.02944979
v -0.00549684 0.01042068 -0.02393386
v -0.00586282 0.01037011 -0.02304602
v -0.00600022 0.00992346 -0.02707277
v -0.00610200 0.00997402 -0.02606530
v -0.00669402 0.01054920 -0.01648168
v -0.00635391 0.00984551 -0.02606530
v -0.00650064 0.00992135 -0.02447223
v -0.00653669 0.00994032 -0.02405349
v -0.00661726 0.00998877 -0.02304602
v -0.00665458 0.01001405 -0.02253913
v -0.00734711 0.01027741 -0.01345925
v -0.00730428 0.01023738 -0.01446358
v -0.00739376 0.01032587 -0.01222824
v -0.00696459 0.00990028 -0.02170796
v -0.00748239 0.00991293 -0.01626445
v -0.00749512 0.00992557 -0.01597794
v -0.00765754 0.01010254 -0.01143801
v -0.00790987 0.00978441 -0.01143801
v -0.00802904 0.00949155 -0.01105391
v -0.00805660 0.00762909 -0.00942935
v -0.00850104 0.00844234 -0.01113261
v -0.00763294 0.01007515 -0.01222824
v -0.00764270 0.01008569 -0.01194174
v -0.00854472 -0.00446005 -0.00942935
v -0.00862615 -0.00395861 -0.01295237
v -0.00862615 -0.00395861 -0.01396299
v -0.00859392 -0.00446005 -0.01396299
v -0.00852437 -0.00492777 -0.01396299
v -0.00848026 -0.00514688 -0.01553717
v -0.00848026 -0.00514899 -0.01547421
v -0.00848069 -0.00515952 -0.01497047
v -0.00842004 -0.00547134 -0.01648483
v -0.00843065 -0.00547134 -0.01346240
v -0.00848069 -0.00516374 -0.01244863
v -0.00832250 -0.00597277 -0.01648483
v -0.00818595 -0.00648052 -0.01396299
v -0.00818128 -0.00648052 -0.01597794
v -0.00817959 -0.00648052 -0.01648483
v -0.00804897 -0.00687450 -0.01497047
v -0.00793659 -0.00712522 -0.01648483
v -0.00754940 -0.00784787 -0.01497047
v -0.00774363 -0.00748970 -0.01648483
v -0.00754898 -0.00784366 -0.01547421
v -0.00736408 -0.00808384 -0.01698857
v -0.00730131 -0.00801220 -0.02052103
v -0.00729198 -0.00800167 -0.02102477
v -0.00731955 -0.00794479 -0.02151591
v -0.00725551 -0.00799324 -0.02203539
v -0.00746331 -0.00771724 -0.02203539
v -0.00737001 -0.00757398 -0.02455723
v -0.00735093 -0.00754238 -0.02505782
v -0.00712998 -0.00745810 -0.02807710
v -0.00696756 -0.00772989 -0.02775912
v -0.00732845 -0.00750867 -0.02555841
v -0.00686026 -0.00812597 -0.02555841
v -0.00683100 -0.00809437 -0.02606530
v -0.00694975 -0.00770882 -0.02807710
v -0.00665586 -0.00803327 -0.02805821
v -0.00645484 -0.00822921 -0.02820933
v -0.00616986 -0.00841461 -0.02858084
v -0.00584501 -0.00866533 -0.02858084
v -0.00575850 -0.00870325 -0.02872251
v -0.00566901 -0.00839355 -0.03110582
v -0.00561219 -0.00835141 -0.03160641
v -0.00554518 -0.00830506 -0.03211015
v -0.00516690 -0.00862109 -0.03158123
v -0.00497140 -0.00875803 -0.03139547
v -0.00470507 -0.00894343 -0.03110582
v -0.00438616 -0.00923418 -0.03020854
v -0.00432043 -0.00932056 -0.02972369
v -0.00432043 -0.00937534 -0.02929237
v -0.00473094 -0.00885495 -0.03158123
v -0.00432043 -0.00615817 -0.03885080
v -0.00484035 -0.00611603 -0.03851707
v -0.00432043 -0.00636254 -0.03860522
v -0.00432043 -0.00693349 -0.03776776
v -0.00448794 -0.00675441 -0.03794407
v -0.00482424 -0.00664907 -0.03778035
v -0.00498539 -0.00676073 -0.03744663
v -0.00491245 -0.00618977 -0.03836280
v -0.00508166 -0.00585268 -0.03854855
v -0.00541796 -0.00565463 -0.03835650
v -0.00521609 -0.00548819 -0.03868393
v -0.00538361 -0.00407660 -0.03934824
v -0.00554349 -0.00434838 -0.03901451
v -0.00561388 -0.00392912 -0.03917823
v -0.00550277 -0.00372475 -0.03942065
v -0.00553712 -0.00345297 -0.03950565
v -0.00550277 -0.00294943 -0.03975123
v -0.00575934 -0.00295154 -0.03946473
v -0.00593958 -0.00259548 -0.03938917
v -0.00555833 -0.00194235 -0.04003773
v -0.00561685 -0.00143671 -0.04010070
v -0.00598241 -0.00226049 -0.03944584
v -0.00565926 -0.00093317 -0.04015107
v -0.00551422 0.00007391 -0.04049109
v -0.00550277 0.00007391 -0.04050369
v -0.00591244 -0.00093106 -0.03985512
v -0.00564060 0.00309725 -0.04063277
v -0.00564187 0.00410643 -0.04063592
v -0.00550277 0.00432344 -0.04077445
v -0.00561473 0.00208806 -0.04060128
v -0.00575934 0.00058166 -0.04027386
v -0.00575977 0.00209017 -0.04043442
v -0.00586791 0.00209017 -0.04030534
v -0.00575977 0.00259582 -0.04047850
v -0.00575850 0.00283600 -0.04048794
v -0.00562576 0.00460997 -0.04061703
v -0.00550277 0.00461208 -0.04074926
v -0.00550277 0.00490282 -0.04069574
v -0.00550277 0.00511561 -0.04065166
v -0.00575977 0.00558334 -0.04024867
v -0.00597223 0.00588251 -0.03993068
v -0.00575977 0.00600892 -0.04008495
v -0.00550277 0.00594150 -0.04038090
v -0.00575977 0.00656513 -0.03970715
v -0.00575977 0.00666626 -0.03962844
v -0.00553373 0.00695911 -0.03965363
v -0.00603161 0.00697597 -0.03901136
v -0.00678393 0.00759328 -0.03659972
v -0.00686069 0.00771548 -0.03614006
v -0.00652863 0.00746476 -0.03754423
v -0.00657952 0.00763541 -0.03710031
v -0.00692685 0.00781660 -0.03572447
v -0.00661090 0.00803150 -0.03614006
v -0.00635688 0.00828011 -0.03614006
v -0.00610582 0.00852029 -0.03614006
v -0.00696756 0.00634602 -0.03789369
v -0.00689928 0.00665151 -0.03769535
v -0.00694932 0.00683481 -0.03733643
v -0.00686451 0.00712977 -0.03716013
v -0.00645908 0.00685588 -0.03839113
v -0.00654644 0.00702653 -0.03805111
v -0.00587300 0.00883843 -0.03563632
v -0.00575977 0.00890585 -0.03563632
v -0.00593619 0.00887635 -0.03527111
v -0.00598241 0.00890585 -0.03493423
v -0.00602355 0.00893113 -0.03462569
v -0.00643957 0.00938200 -0.03008890
v -0.00618682 0.00951473 -0.03008890
v -0.00667918 0.00954212 -0.02707277
v -0.00686875 0.00983287 -0.02304602
v -0.00690691 0.00985815 -0.02253913
v -0.00751547 0.00994664 -0.01547421
v -0.00698155 0.00940939 -0.02637698
v -0.00717663 0.00960532 -0.02253913
v -0.00746967 0.00939253 -0.02170167
v -0.00759520 0.00902173 -0.02405349
v -0.00761598 0.00904701 -0.02355290
v -0.00765415 0.00909757 -0.02253913
v -0.00771225 0.00965168 -0.01597794
v -0.00788527 0.00975280 -0.01222824
v -0.00799214 0.00941781 -0.01446358
v -0.00800402 0.00943678 -0.01395984
v -0.00804812 0.00953159 -0.01143801
v -0.00824108 0.00915024 -0.01143801
v -0.00817662 0.00713188 -0.00942935
v -0.00852140 0.00814317 -0.01106650
v -0.00848069 0.00528627 -0.00942935
v -0.00844082 0.00561915 -0.00942935
v -0.00836364 0.00611005 -0.00942935
v -0.00842810 0.00871413 -0.01143801
v -0.00850613 0.00845920 -0.01143801
v -0.00855236 0.00814317 -0.01143801
v -0.00782336 0.00968960 -0.01395984
v -0.00857229 -0.00397126 -0.00942935
v -0.00859349 -0.00345297 -0.00942935
v -0.00860028 -0.00295996 -0.00942935
v -0.00862615 -0.00345508 -0.01244863
v -0.00865032 0.00309935 -0.01597794
v -0.00863802 0.00309935 -0.01946318
v -0.00862530 0.00309935 -0.02304602
v -0.00861894 0.00259371 -0.02355290
v -0.00861300 0.00259371 -0.02405349
v -0.00860537 0.00259371 -0.02455723
v -0.00851631 -0.00244589 -0.02203539
v -0.00849892 -0.00289254 -0.02203539
v -0.00848705 -0.00320225 -0.02177723
v -0.00861427 -0.00395861 -0.01446673
v -0.00848408 -0.00466652 -0.01814087
v -0.00848832 -0.00472340 -0.01780714
v -0.00850147 -0.00484139 -0.01648483
v -0.00847263 -0.00509632 -0.01648483
v -0.00847772 -0.00512792 -0.01597794
v -0.00831360 -0.00597277 -0.01698857
v -0.00843658 -0.00496569 -0.01900667
v -0.00838654 -0.00547134 -0.01799604
v -0.00803879 -0.00687450 -0.01648483
v -0.00804812 -0.00687029 -0.01547421
v -0.00817026 -0.00648052 -0.01698857
v -0.00793447 -0.00711679 -0.01698857
v -0.00774109 -0.00748970 -0.01698857
v -0.00753625 -0.00782891 -0.01698857
v -0.00750233 -0.00777624 -0.01974968
v -0.00749215 -0.00776149 -0.02052103
v -0.00748494 -0.00774885 -0.02102477
v -0.00747434 -0.00773199 -0.02167333
v -0.00761768 -0.00746653 -0.02203539
v -0.00760623 -0.00743493 -0.02253913
v -0.00753371 -0.00732326 -0.02455723
v -0.00747900 -0.00723899 -0.02582602
v -0.00738146 -0.00707676 -0.02807710
v -0.00710326 -0.00741386 -0.02858084
v -0.00691497 -0.00766457 -0.02858084
v -0.00666264 -0.00794689 -0.02858084
v -0.00657867 -0.00785630 -0.02958831
v -0.00642176 -0.00819761 -0.02858084
v -0.00607274 -0.00833245 -0.02958831
v -0.00595442 -0.00823553 -0.03078784
v -0.00575850 -0.00834509 -0.03100508
v -0.00575850 -0.00828399 -0.03137029
v -0.00575850 -0.00824396 -0.03160641
v -0.00575850 -0.00821025 -0.03177643
v -0.00549260 -0.00826924 -0.03247221
v -0.00520931 -0.00849889 -0.03211015
v -0.00491669 -0.00872854 -0.03173235
v -0.00432043 -0.00921311 -0.03049189
v -0.00459354 -0.00882545 -0.03211015
v -0.00432043 -0.00900032 -0.03176068
v -0.00432043 -0.00720739 -0.03734588
v -0.00436453 -0.00719685 -0.03732699
v -0.00467539 -0.00683658 -0.03763238
v -0.00550362 -0.00627405 -0.03747811
v -0.00518683 -0.00646156 -0.03762923
v -0.00505197 -0.00631197 -0.03802592
v -0.00470719 -0.00709994 -0.03715698
v -0.00487683 -0.00719264 -0.03681695
v -0.00508293 -0.00684501 -0.03715698
v -0.00533526 -0.00662379 -0.03715698
v -0.00538827 -0.00615396 -0.03781498
v -0.00523518 -0.00600226 -0.03819279
v -0.00552864 -0.00581686 -0.03801963
v -0.00561346 -0.00547976 -0.03818020
v -0.00550786 -0.00531754 -0.03847929
v -0.00595315 -0.00367419 -0.03889487
v -0.00575850 -0.00352882 -0.03920971
v -0.00575850 -0.00347825 -0.03923490
v -0.00588318 -0.00295154 -0.03932305
v -0.00601295 -0.00333498 -0.03898618
v -0.00606553 -0.00295154 -0.03906803
v -0.00575850 -0.00194235 -0.03980160
v -0.00587003 -0.00143671 -0.03980475
v -0.00609903 -0.00243536 -0.03920026
v -0.00620887 -0.00194025 -0.03917193
v -0.00601422 -0.00194025 -0.03948362
v -0.00581151 -0.00194025 -0.03973863
v -0.00575934 0.00004863 -0.04019515
v -0.00605790 -0.00143671 -0.03954973
v -0.00609352 -0.00093106 -0.03960325
v -0.00596290 -0.00014310 -0.03992124
v -0.00575977 0.00410854 -0.04050054
v -0.00575977 0.00310146 -0.04049109
v -0.00589632 0.00360079 -0.04033682
v -0.00563466 0.00432765 -0.04062962
v -0.00600192 0.00058166 -0.03997161
v -0.00602482 0.00112312 -0.04000624
v -0.00588742 0.00259582 -0.04032423
v -0.00606172 0.00209017 -0.04005347
v -0.00589463 0.00310146 -0.04033053
v -0.00558505 0.00511561 -0.04056350
v -0.00587936 0.00460997 -0.04032108
v -0.00575977 0.00492810 -0.04040609
v -0.00600616 0.00562126 -0.03996846
v -0.00620845 0.00562126 -0.03967252
v -0.00642134 0.00562126 -0.03933250
v -0.00651761 0.00599839 -0.03900192
v -0.00635009 0.00614797 -0.03917193
v -0.00601464 0.00597732 -0.03980160
v -0.00588614 0.00621750 -0.03980475
v -0.00591074 0.00678003 -0.03935139
v -0.00611600 0.00661991 -0.03917508
v -0.00645272 0.00632916 -0.03888228
v -0.00638953 0.00666415 -0.03869338
v -0.00692600 0.00729410 -0.03674769
v -0.00697816 0.00739313 -0.03641081
v -0.00705577 0.00764384 -0.03558909
v -0.00697349 0.00788824 -0.03538445
v -0.00701421 0.00746265 -0.03614006
v -0.00670335 0.00811788 -0.03556705
v -0.00648283 0.00840020 -0.03541593
v -0.00642600 0.00834542 -0.03574966
v -0.00624237 0.00855400 -0.03560798
v -0.00692642 0.00562126 -0.03829668
v -0.00700064 0.00597732 -0.03797240
v -0.00707061 0.00615640 -0.03769535
v -0.00725933 0.00612480 -0.03714438
v -0.00702863 0.00649561 -0.03755682
v -0.00665543 0.00666415 -0.03819594
v -0.00654475 0.00651878 -0.03854855
v -0.00651930 0.00597732 -0.03900821
v -0.00675933 0.00562126 -0.03866189
v -0.00701378 0.00695911 -0.03699956
v -0.00617791 0.00871834 -0.03511369
v -0.00627630 0.00874573 -0.03462569
v -0.00633610 0.00879629 -0.03412510
v -0.00698198 0.00890585 -0.03036911
v -0.00672074 0.00915656 -0.03008890
v -0.00780512 0.00966853 -0.01446358
v -0.00700064 0.00892270 -0.03008890
v -0.00725212 0.00866988 -0.03008890
v -0.00748409 0.00890374 -0.02637069
v -0.00755025 0.00897116 -0.02506097
v -0.00788824 0.00873519 -0.02304602
v -0.00792471 0.00879419 -0.02203539
v -0.00771098 0.00864460 -0.02606530
v -0.00793362 0.00931879 -0.01648168
v -0.00798451 0.00940307 -0.01475323
v -0.00793998 0.00881947 -0.02153165
v -0.00809138 0.00909125 -0.01597794
v -0.00813082 0.00914814 -0.01446358
v -0.00815202 0.00914814 -0.01395984
v -0.00821394 0.00915024 -0.01222824
v -0.00832887 0.00864460 -0.01547421
v -0.00834541 0.00864460 -0.01497047
v -0.00837806 0.00864460 -0.01395984
v -0.00855448 0.00410643 -0.00942935
v -0.00852903 0.00460997 -0.00942935
v -0.00850147 0.00502502 -0.00942935
v -0.00848917 0.00840020 -0.01333962
v -0.00849935 0.00843602 -0.01222824
v -0.00840987 0.00860035 -0.01348759
v -0.00848578 0.00838756 -0.01367649
v -0.00852564 0.00804625 -0.01547421
v -0.00858756 0.00763541 -0.01597794
v -0.00859604 0.00257896 -0.00942935
v -0.00858713 0.00309725 -0.00942935
v -0.00857229 0.00358604 -0.00942935
v -0.00863590 0.00712977 -0.01597794
v -0.00865244 0.00662623 -0.01597794
v -0.00860155 -0.00245643 -0.00942935
v -0.00862615 0.00309935 -0.01244863
v -0.00865244 0.00511561 -0.01597794
v -0.00863845 0.00607845 -0.02153165
v -0.00863760 0.00562126 -0.02153165
v -0.00862869 0.00360079 -0.02253913
v -0.00862615 0.00360079 -0.02304602
v -0.00862148 0.00309935 -0.02355290
v -0.00860706 0.00309935 -0.02455723
v -0.00859689 0.00309935 -0.02505782
v -0.00859307 0.00259371 -0.02505782
v -0.00850486 -0.00244589 -0.02253913
v -0.00849256 -0.00277877 -0.02253913
v -0.00840223 -0.00446215 -0.02203539
v -0.00841835 -0.00496569 -0.01974968
v -0.00836406 -0.00547134 -0.01900667
v -0.00830130 -0.00597277 -0.01749545
v -0.00809138 -0.00648052 -0.02052103
v -0.00803243 -0.00686607 -0.01698857
v -0.00799257 -0.00675863 -0.02102477
v -0.00799808 -0.00677548 -0.02052103
v -0.00789630 -0.00702620 -0.02052103
v -0.00767663 -0.00748970 -0.01974968
v -0.00765881 -0.00748760 -0.02052103
v -0.00764439 -0.00748760 -0.02102477
v -0.00759944 -0.00753606 -0.02151591
v -0.00783820 -0.00698195 -0.02253913
v -0.00781360 -0.00698195 -0.02304602
v -0.00775890 -0.00698195 -0.02404720
v -0.00788952 -0.00701145 -0.02102477
v -0.00772582 -0.00698195 -0.02455723
v -0.00759732 -0.00693349 -0.02656274
v -0.00755576 -0.00686186 -0.02757336
v -0.00753032 -0.00682394 -0.02807710
v -0.00735432 -0.00702409 -0.02858084
v -0.00706510 -0.00736119 -0.02908458
v -0.00699597 -0.00726638 -0.02998186
v -0.00691073 -0.00714418 -0.03109953
v -0.00662108 -0.00752131 -0.03105230
v -0.00644212 -0.00770882 -0.03118768
v -0.00625213 -0.00791318 -0.03105230
v -0.00592219 -0.00820814 -0.03109953
v -0.00586536 -0.00816179 -0.03160327
v -0.00575850 -0.00812597 -0.03215738
v -0.00543831 -0.00823342 -0.03280909
v -0.00444384 -0.00874750 -0.03285002
v -0.00432043 -0.00890551 -0.03226757
v -0.00432043 -0.00723899 -0.03728291
v -0.00454053 -0.00727902 -0.03699011
v -0.00562067 -0.00598120 -0.03764812
v -0.00543280 -0.00671017 -0.03685473
v -0.00559480 -0.00637096 -0.03715698
v -0.00575850 -0.00627826 -0.03699956
v -0.00593449 -0.00617713 -0.03682640
v -0.00570930 -0.00611603 -0.03731440
v -0.00470719 -0.00735908 -0.03665009
v -0.00500575 -0.00727691 -0.03648008
v -0.00521906 -0.00699459 -0.03666898
v -0.00575850 -0.00598962 -0.03738996
v -0.00586409 -0.00599594 -0.03718846
v -0.00595442 -0.00569256 -0.03738051
v -0.00572414 -0.00523748 -0.03817075
v -0.00575850 -0.00549451 -0.03790944
v -0.00575850 -0.00533439 -0.03803537
v -0.00575850 -0.00523748 -0.03811093
v -0.00598496 -0.00425357 -0.03844781
v -0.00589208 -0.00396072 -0.03880042
v -0.00603500 -0.00396072 -0.03854855
v -0.00611261 -0.00348457 -0.03870282
v -0.00581744 -0.00348457 -0.03915934
v -0.00628012 -0.00295154 -0.03866504
v -0.00638826 -0.00247960 -0.03865560
v -0.00628309 -0.00143671 -0.03917193
v -0.00641328 -0.00194025 -0.03878783
v -0.00612194 -0.00042963 -0.03964733
v -0.00637427 -0.00042963 -0.03923490
v -0.00589632 0.00410854 -0.04033682
v -0.00608462 0.00360079 -0.04008495
v -0.00608758 0.00410854 -0.04008810
v -0.00611812 0.00004441 -0.03972289
v -0.00619912 0.00058166 -0.03967252
v -0.00648665 0.00222501 -0.03944584
v -0.00607486 0.00259582 -0.04006921
v -0.00608038 0.00310146 -0.04007866
v -0.00632719 0.00259582 -0.03971345
v -0.00583907 0.00511351 -0.04028015
v -0.00607995 0.00460997 -0.04006921
v -0.00605366 0.00511351 -0.04002513
v -0.00632889 0.00510719 -0.03963789
v -0.00648325 0.00493021 -0.03944269
v -0.00655662 0.00562126 -0.03908377
v -0.00705492 0.00712977 -0.03659972
v -0.00718511 0.00713188 -0.03614006
v -0.00733863 0.00708974 -0.03560483
v -0.00738486 0.00720562 -0.03513258
v -0.00716094 0.00763752 -0.03513258
v -0.00726951 0.00763752 -0.03462569
v -0.00700191 0.00792616 -0.03513258
v -0.00676739 0.00817477 -0.03513258
v -0.00651803 0.00843813 -0.03513258
v -0.00695568 0.00524203 -0.03836595
v -0.00702778 0.00562126 -0.03803852
v -0.00717239 0.00562126 -0.03765757
v -0.00723388 0.00597732 -0.03730180
v -0.00728350 0.00597732 -0.03714753
v -0.00742218 0.00597732 -0.03666898
v -0.00741157 0.00611216 -0.03661861
v -0.00746119 0.00627439 -0.03632266
v -0.00726738 0.00662834 -0.03665009
v -0.00709563 0.00665151 -0.03716013
v -0.00686026 0.00509033 -0.03862411
v -0.00657528 0.00849501 -0.03462569
v -0.00745398 0.00836439 -0.03071858
v -0.00748282 0.00840020 -0.03037855
v -0.00687468 0.00829275 -0.03412510
v -0.00764779 0.00860878 -0.02707277
v -0.00749978 0.00841917 -0.03008890
v -0.00793956 0.00830961 -0.02606530
v -0.00805703 0.00853926 -0.02203539
v -0.00807102 0.00856875 -0.02153165
v -0.00831105 0.00864460 -0.01597794
v -0.00826059 0.00814106 -0.02203539
v -0.00828561 0.00814106 -0.02153165
v -0.00845355 0.00827169 -0.01597794
v -0.00852098 0.00802097 -0.01597794
v -0.00845779 0.00773233 -0.02102792
v -0.00849595 0.00744580 -0.02153165
v -0.00854600 0.00713188 -0.02153165
v -0.00860282 0.00662834 -0.02203539
v -0.00861173 0.00662834 -0.02153165
v -0.00862996 0.00712977 -0.01648168
v -0.00859986 0.00158874 -0.00942935
v -0.00861809 0.00662834 -0.02102792
v -0.00863293 0.00662623 -0.01946318
v -0.00864184 0.00662623 -0.01849978
v -0.00864566 0.00662623 -0.01799604
v -0.00864862 0.00662623 -0.01749545
v -0.00865117 0.00662623 -0.01698542
v -0.00865244 0.00662623 -0.01648168
v -0.00860155 0.00108309 -0.00942935
v -0.00863802 0.00612480 -0.02153165
v -0.00863293 0.00607845 -0.02207947
v -0.00863421 0.00562126 -0.02203539
v -0.00863039 0.00460997 -0.02253913
v -0.00862827 0.00562126 -0.02253913
v -0.00862021 0.00360079 -0.02355290
v -0.00860325 0.00460997 -0.02455723
v -0.00859731 0.00410854 -0.02505782
v -0.00859773 0.00360079 -0.02505782
v -0.00857399 0.00562126 -0.02606530
v -0.00858501 0.00410854 -0.02555841
v -0.00858332 0.00360079 -0.02555841
v -0.00858035 0.00309935 -0.02555841
v -0.00857441 0.00259371 -0.02555841
v -0.00842895 -0.00194025 -0.02555841
v -0.00843065 -0.00244589 -0.02505782
v -0.00844676 -0.00244589 -0.02455723
v -0.00849214 -0.00242482 -0.02302398
v -0.00848790 -0.00271557 -0.02283823
v -0.00842004 -0.00295154 -0.02455723
v -0.00840266 -0.00295154 -0.02505782
v -0.00838400 -0.00446215 -0.02253913
v -0.00835855 -0.00496569 -0.02203539
v -0.00829960 -0.00547134 -0.02153165
v -0.00832590 -0.00547134 -0.02052103
v -0.00834541 -0.00547134 -0.01974968
v -0.00827628 -0.00597277 -0.01850293
v -0.00807908 -0.00648052 -0.02102477
v -0.00804939 -0.00652266 -0.02152851
v -0.00798621 -0.00674177 -0.02135849
v -0.00794507 -0.00660272 -0.02354976
v -0.00793574 -0.00656479 -0.02404720
v -0.00792217 -0.00652687 -0.02455723
v -0.00783354 -0.00648052 -0.02606530
v -0.00757781 -0.00689557 -0.02706648
v -0.00779537 -0.00648052 -0.02656274
v -0.00775593 -0.00648052 -0.02706648
v -0.00771394 -0.00648052 -0.02757336
v -0.00766730 -0.00648052 -0.02807710
v -0.00750021 -0.00677337 -0.02858084
v -0.00707527 -0.00688925 -0.03109953
v -0.00703371 -0.00682605 -0.03160327
v -0.00686535 -0.00707676 -0.03160327
v -0.00661430 -0.00741175 -0.03160327
v -0.00639886 -0.00766036 -0.03160327
v -0.00614653 -0.00790897 -0.03160327
v -0.00608292 -0.00785208 -0.03211015
v -0.00579836 -0.00810280 -0.03211015
v -0.00575850 -0.00809437 -0.03228646
v -0.00568174 -0.00807330 -0.03262963
v -0.00575850 -0.00789422 -0.03307040
v -0.00561134 -0.00787315 -0.03362451
v -0.00552907 -0.00779941 -0.03412825
v -0.00537300 -0.00819339 -0.03312078
v -0.00512067 -0.00833245 -0.03312078
v -0.00470507 -0.00855156 -0.03312078
v -0.00435987 -0.00871800 -0.03312078
v -0.00432043 -0.00873275 -0.03312078
v -0.00432043 -0.00877067 -0.03294762
v -0.00432043 -0.00881702 -0.03273038
v -0.00432043 -0.00732748 -0.03710031
v -0.00432043 -0.00748760 -0.03676973
v -0.00553161 -0.00679655 -0.03651786
v -0.00575850 -0.00683237 -0.03605190
v -0.00596375 -0.00672702 -0.03588189
v -0.00600531 -0.00628458 -0.03649267
v -0.00610667 -0.00599594 -0.03665639
v -0.00603161 -0.00584004 -0.03704678
v -0.00432043 -0.00770460 -0.03630692
v -0.00468556 -0.00760137 -0.03613061
v -0.00484035 -0.00768564 -0.03573707
v -0.00496376 -0.00774674 -0.03540019
v -0.00510201 -0.00735065 -0.03614635
v -0.00543789 -0.00721581 -0.03584726
v -0.00535434 -0.00714207 -0.03614635
v -0.00611430 -0.00550505 -0.03718846
v -0.00633143 -0.00443476 -0.03762923
v -0.00609734 -0.00497833 -0.03767331
v -0.00601040 -0.00481821 -0.03798814
v -0.00593831 -0.00515320 -0.03785591
v -0.00588190 -0.00550505 -0.03767331
v -0.00584289 -0.00497833 -0.03815816
v -0.00606850 -0.00443898 -0.03815816
v -0.00622541 -0.00396072 -0.03816131
v -0.00648495 -0.00424936 -0.03743718
v -0.00649767 -0.00329706 -0.03797555
v -0.00643321 -0.00295154 -0.03832187
v -0.00646502 -0.00267132 -0.03839743
v -0.00649767 -0.00233212 -0.03847614
v -0.00648453 -0.00078990 -0.03894839
v -0.00636663 -0.00094581 -0.03913415
v -0.00652524 -0.00194025 -0.03853911
v -0.00650107 -0.00042963 -0.03898618
v -0.00633271 0.00310146 -0.03971974
v -0.00633991 0.00410854 -0.03971974
v -0.00633186 0.00460997 -0.03971030
v -0.00664059 0.00259582 -0.03916878
v -0.00649640 0.00259582 -0.03945843
v -0.00649343 0.00460997 -0.03945843
v -0.00663889 0.00460997 -0.03916878
v -0.00697986 0.00490493 -0.03842577
v -0.00657655 0.00510719 -0.03920026
v -0.00744550 0.00678846 -0.03574966
v -0.00748282 0.00689380 -0.03541278
v -0.00751378 0.00695279 -0.03513258
v -0.00743956 0.00731307 -0.03462569
v -0.00747010 0.00736995 -0.03433604
v -0.00737468 0.00761013 -0.03415344
v -0.00739885 0.00774076 -0.03361822
v -0.00744168 0.00782292 -0.03311448
v -0.00746755 0.00787349 -0.03280594
v -0.00705534 0.00799147 -0.03462569
v -0.00682549 0.00824219 -0.03462569
v -0.00723049 0.00511351 -0.03765757
v -0.00734075 0.00562126 -0.03714753
v -0.00744847 0.00562126 -0.03678547
v -0.00751293 0.00562126 -0.03653360
v -0.00748791 0.00593729 -0.03643600
v -0.00749639 0.00597732 -0.03637618
v -0.00754898 0.00597732 -0.03614950
v -0.00752608 0.00611216 -0.03614950
v -0.00763337 0.00612480 -0.03563632
v -0.00749851 0.00645136 -0.03598264
v -0.00740267 0.00662412 -0.03614950
v -0.00710411 0.00804625 -0.03412510
v -0.00749469 0.00791984 -0.03247221
v -0.00751802 0.00796198 -0.03211015
v -0.00758587 0.00817477 -0.03057060
v -0.00766221 0.00814106 -0.03008890
v -0.00771607 0.00814106 -0.02959146
v -0.00792090 0.00827379 -0.02655959
v -0.00789927 0.00823165 -0.02707277
v -0.00804897 0.00802518 -0.02655959
v -0.00806721 0.00805889 -0.02606530
v -0.00830681 0.00814106 -0.02102792
v -0.00826610 0.00763752 -0.02606530
v -0.00844973 0.00769862 -0.02153165
v -0.00848620 0.00738891 -0.02230615
v -0.00848959 0.00740998 -0.02203539
v -0.00853370 0.00713188 -0.02203539
v -0.00857059 0.00662834 -0.02355290
v -0.00859265 0.00662834 -0.02253913
v -0.00860113 0.00612480 -0.02405349
v -0.00861088 0.00612480 -0.02355290
v -0.00861936 0.00612480 -0.02304602
v -0.00863293 0.00612480 -0.02203539
v -0.00862615 0.00607845 -0.02258636
v -0.00858586 0.00562126 -0.02555841
v -0.00858671 0.00511351 -0.02555841
v -0.00857229 0.00607845 -0.02555841
v -0.00855914 0.00607845 -0.02606530
v -0.00848620 0.00587619 -0.02833841
v -0.00855617 0.00562126 -0.02655959
v -0.00857271 0.00511351 -0.02606530
v -0.00856975 0.00460997 -0.02606530
v -0.00842428 0.00314360 -0.02954739
v -0.00848747 0.00276647 -0.02785671
v -0.00848450 0.00242937 -0.02779375
v -0.00841071 -0.00244589 -0.02555841
v -0.00839757 -0.00042963 -0.02757336
v -0.00840817 -0.00194025 -0.02606530
v -0.00848281 -0.00257862 -0.02317195
v -0.00838654 -0.00244589 -0.02606530
v -0.00837764 -0.00295154 -0.02555841
v -0.00828306 -0.00446215 -0.02505782
v -0.00833904 -0.00496569 -0.02253913
v -0.00828434 -0.00547134 -0.02203539
v -0.00819952 -0.00597488 -0.02153165
v -0.00818298 -0.00597488 -0.02203539
v -0.00805448 -0.00644470 -0.02203539
v -0.00804303 -0.00641521 -0.02253913
v -0.00803031 -0.00638571 -0.02304602
v -0.00799554 -0.00627405 -0.02455723
v -0.00798790 -0.00624455 -0.02489725
v -0.00791666 -0.00644049 -0.02505782
v -0.00786958 -0.00648052 -0.02555841
v -0.00797730 -0.00620663 -0.02522783
v -0.00796585 -0.00615817 -0.02555841
v -0.00794719 -0.00608232 -0.02606530
v -0.00781572 -0.00597488 -0.02807710
v -0.00776696 -0.00597488 -0.02858084
v -0.00750318 -0.00629301 -0.03008890
v -0.00761174 -0.00648052 -0.02858084
v -0.00748155 -0.00673756 -0.02885789
v -0.00728774 -0.00648052 -0.03109953
v -0.00721183 -0.00648052 -0.03160327
v -0.00699852 -0.00677127 -0.03196848
v -0.00683482 -0.00695667 -0.03212589
v -0.00646926 -0.00723478 -0.03285946
v -0.00655789 -0.00734222 -0.03211015
v -0.00633525 -0.00759505 -0.03211015
v -0.00597435 -0.00774674 -0.03289095
v -0.00592431 -0.00770039 -0.03322782
v -0.00575850 -0.00779309 -0.03343876
v -0.00575850 -0.00774042 -0.03362451
v -0.00575934 -0.00758662 -0.03415029
v -0.00547733 -0.00775517 -0.03441790
v -0.00520252 -0.00814283 -0.03365600
v -0.00503034 -0.00828399 -0.03350803
v -0.00520931 -0.00800588 -0.03412825
v -0.00474536 -0.00839355 -0.03365600
v -0.00451466 -0.00827767 -0.03448716
v -0.00432043 -0.00833245 -0.03459421
v -0.00432043 -0.00870325 -0.03323097
v -0.00575850 -0.00698827 -0.03571503
v -0.00586494 -0.00713997 -0.03513573
v -0.00593831 -0.00720739 -0.03480515
v -0.00602397 -0.00679655 -0.03554816
v -0.00647053 -0.00672913 -0.03437697
v -0.00643109 -0.00666803 -0.03462884
v -0.00636706 -0.00648052 -0.03516721
v -0.00646120 -0.00621084 -0.03535926
v -0.00641201 -0.00612657 -0.03563947
v -0.00606977 -0.00639414 -0.03614635
v -0.00632846 -0.00595381 -0.03613691
v -0.00649725 -0.00577051 -0.03596375
v -0.00643321 -0.00560407 -0.03630062
v -0.00432043 -0.00772567 -0.03625655
v -0.00450406 -0.00776570 -0.03595115
v -0.00432043 -0.00792582 -0.03576540
v -0.00432043 -0.00820604 -0.03500664
v -0.00441415 -0.00822710 -0.03482404
v -0.00504010 -0.00779309 -0.03513573
v -0.00539760 -0.00769828 -0.03475478
v -0.00529243 -0.00762244 -0.03513573
v -0.00469150 -0.00814072 -0.03464773
v -0.00552270 -0.00729166 -0.03551038
v -0.00642303 -0.00458435 -0.03728921
v -0.00649174 -0.00477186 -0.03695548
v -0.00634882 -0.00494884 -0.03713809
v -0.00652354 -0.00396072 -0.03751904
v -0.00653711 -0.00443476 -0.03713809
v -0.00666646 -0.00396072 -0.03715383
v -0.00653839 -0.00295154 -0.03807315
v -0.00670463 -0.00295154 -0.03766072
v -0.00657867 -0.00247960 -0.03820223
v -0.00679368 -0.00244589 -0.03766072
v -0.00667324 -0.00194025 -0.03816131
v -0.00656892 -0.00094581 -0.03870597
v -0.00664186 -0.00042963 -0.03866504
v -0.00684373 -0.00042963 -0.03816131
v -0.00668342 0.00007812 -0.03866504
v -0.00649810 0.00310146 -0.03946787
v -0.00649852 0.00410854 -0.03946787
v -0.00664822 0.00310146 -0.03916878
v -0.00682507 0.00209017 -0.03866189
v -0.00685687 0.00259582 -0.03866189
v -0.00686578 0.00310146 -0.03866189
v -0.00664737 0.00410854 -0.03916878
v -0.00686917 0.00460997 -0.03867764
v -0.00698028 0.00460997 -0.03842891
v -0.00707400 0.00460997 -0.03816131
v -0.00724873 0.00460997 -0.03765757
v -0.00752650 0.00662412 -0.03560483
v -0.00772327 0.00662834 -0.03462569
v -0.00756848 0.00706024 -0.03462569
v -0.00760029 0.00717401 -0.03415344
v -0.00757103 0.00757221 -0.03311448
v -0.00759520 0.00767755 -0.03262963
v -0.00739376 0.00511351 -0.03714753
v -0.00747264 0.00511351 -0.03687677
v -0.00753498 0.00511351 -0.03663120
v -0.00760708 0.00562126 -0.03614320
v -0.00762574 0.00597732 -0.03579059
v -0.00765669 0.00597732 -0.03563632
v -0.00772540 0.00597732 -0.03528370
v -0.00782760 0.00612480 -0.03462569
v -0.00768850 0.00763752 -0.03211015
v -0.00789121 0.00771126 -0.03008890
v -0.00791920 0.00776815 -0.02959146
v -0.00794253 0.00781450 -0.02908772
v -0.00781106 0.00814106 -0.02858084
v -0.00802819 0.00798094 -0.02707277
v -0.00807102 0.00756167 -0.02908772
v -0.00815711 0.00763752 -0.02757651
v -0.00819655 0.00763752 -0.02707277
v -0.00823514 0.00763752 -0.02655959
v -0.00836534 0.00713188 -0.02707277
v -0.00839630 0.00713188 -0.02655959
v -0.00841920 0.00713188 -0.02606530
v -0.00828900 0.00763752 -0.02555841
v -0.00843531 0.00713188 -0.02555841
v -0.00846203 0.00723300 -0.02405349
v -0.00854388 0.00662834 -0.02455723
v -0.00851249 0.00655038 -0.02606530
v -0.00857017 0.00612480 -0.02555841
v -0.00859180 0.00607845 -0.02460131
v -0.00861215 0.00607845 -0.02355290
v -0.00855660 0.00612480 -0.02606530
v -0.00855745 0.00607845 -0.02611252
v -0.00848620 0.00578560 -0.02833841
v -0.00853751 0.00612480 -0.02655959
v -0.00850189 0.00647875 -0.02655959
v -0.00849171 0.00641344 -0.02693110
v -0.00841920 0.00612480 -0.02908772
v -0.00839121 0.00612480 -0.02959146
v -0.00839799 0.00607845 -0.02954739
v -0.00843107 0.00566129 -0.02954739
v -0.00843404 0.00562126 -0.02954739
v -0.00845609 0.00562126 -0.02908458
v -0.00849468 0.00561915 -0.02812118
v -0.00843022 0.00415067 -0.02954739
v -0.00840011 0.00309935 -0.03009205
v -0.00842386 0.00309935 -0.02954739
v -0.00841707 0.00259371 -0.02954739
v -0.00837636 -0.00042963 -0.02807710
v -0.00837933 -0.00093106 -0.02757336
v -0.00835516 -0.00093106 -0.02807710
v -0.00835728 -0.00143671 -0.02757336
v -0.00828179 -0.00244589 -0.02807710
v -0.00824405 -0.00295154 -0.02807710
v -0.00825465 -0.00446215 -0.02555841
v -0.00823005 -0.00496569 -0.02505782
v -0.00825380 -0.00496569 -0.02455723
v -0.00827543 -0.00496569 -0.02404720
v -0.00826483 -0.00547134 -0.02253913
v -0.00824320 -0.00547134 -0.02304602
v -0.00816135 -0.00597488 -0.02253913
v -0.00803286 -0.00601280 -0.02505782
v -0.00806805 -0.00597488 -0.02455723
v -0.00802565 -0.00590535 -0.02555841
v -0.00800741 -0.00582950 -0.02606530
v -0.00785601 -0.00597488 -0.02757336
v -0.00793786 -0.00544184 -0.02808340
v -0.00788527 -0.00547134 -0.02858084
v -0.00795058 -0.00556825 -0.02757336
v -0.00771055 -0.00597488 -0.02908458
v -0.00748367 -0.00624245 -0.03039115
v -0.00739843 -0.00654583 -0.03008890
v -0.00743193 -0.00662589 -0.02958831
v -0.00753371 -0.00637307 -0.02958831
v -0.00746289 -0.00616449 -0.03072487
v -0.00743914 -0.00607390 -0.03109953
v -0.00731955 -0.00597488 -0.03211015
v -0.00723346 -0.00597488 -0.03261389
v -0.00706679 -0.00640046 -0.03261389
v -0.00709945 -0.00651634 -0.03212589
v -0.00701463 -0.00630144 -0.03311763
v -0.00692642 -0.00665328 -0.03261389
v -0.00633313 -0.00696720 -0.03417548
v -0.00604687 -0.00732116 -0.03412510
v -0.00586494 -0.00764351 -0.03362137
v -0.00599725 -0.00726638 -0.03446827
v -0.00575850 -0.00744546 -0.03458791
v -0.00570718 -0.00748338 -0.03461310
v -0.00522118 -0.00785840 -0.03460680
v -0.00486453 -0.00819972 -0.03412825
v -0.00432043 -0.00824817 -0.03488701
v -0.00575934 -0.00723688 -0.03513573
v -0.00575850 -0.00729798 -0.03498775
v -0.00615459 -0.00701566 -0.03463199
v -0.00609607 -0.00688504 -0.03513573
v -0.00686832 -0.00655426 -0.03311763
v -0.00663677 -0.00652898 -0.03417548
v -0.00658249 -0.00641521 -0.03462884
v -0.00651888 -0.00631408 -0.03502239
v -0.00654856 -0.00587164 -0.03563947
v -0.00679835 -0.00597488 -0.03462884
v -0.00693957 -0.00559985 -0.03462884
v -0.00686493 -0.00542709 -0.03508850
v -0.00668978 -0.00547134 -0.03563947
v -0.00669784 -0.00446215 -0.03665009
v -0.00432043 -0.00780784 -0.03605505
v -0.00561219 -0.00736961 -0.03513573
v -0.00683270 -0.00396072 -0.03665009
v -0.00678223 -0.00345508 -0.03715383
v -0.00689377 -0.00293047 -0.03712235
v -0.00688147 -0.00190022 -0.03760719
v -0.00693066 -0.00244589 -0.03725772
v -0.00695780 -0.00204348 -0.03734903
v -0.00690140 0.00006337 -0.03812352
v -0.00697562 -0.00170849 -0.03740885
v -0.00695399 -0.00042963 -0.03785591
v -0.00696968 -0.00011360 -0.03789684
v -0.00690267 0.00058166 -0.03821483
v -0.00695272 0.00209017 -0.03835335
v -0.00664822 0.00360079 -0.03916878
v -0.00696289 0.00259582 -0.03838169
v -0.00723049 0.00259582 -0.03765757
v -0.00723727 0.00310146 -0.03765757
v -0.00724152 0.00360079 -0.03765757
v -0.00740224 0.00360079 -0.03714753
v -0.00740436 0.00410854 -0.03714753
v -0.00740564 0.00460997 -0.03714753
v -0.00781148 0.00662834 -0.03412510
v -0.00797264 0.00683692 -0.03280594
v -0.00770886 0.00713188 -0.03361822
v -0.00779070 0.00713188 -0.03311448
v -0.00788273 0.00710027 -0.03262334
v -0.00747646 0.00460997 -0.03689566
v -0.00753541 0.00460997 -0.03664379
v -0.00764652 0.00511351 -0.03614320
v -0.00771225 0.00562126 -0.03563632
v -0.00782166 0.00597732 -0.03477996
v -0.00784923 0.00597732 -0.03462569
v -0.00796458 0.00562126 -0.03425419
v -0.00793320 0.00597732 -0.03412196
v -0.00792302 0.00608266 -0.03408103
v -0.00799596 0.00691487 -0.03246907
v -0.00789884 0.00721194 -0.03211015
v -0.00801971 0.00746055 -0.03008890
v -0.00804727 0.00751532 -0.02959146
v -0.00819274 0.00713188 -0.02959146
v -0.00823133 0.00713188 -0.02908772
v -0.00826610 0.00713188 -0.02858084
v -0.00833353 0.00713188 -0.02757651
v -0.00831148 0.00662834 -0.02959146
v -0.00834201 0.00662834 -0.02908772
v -0.00846203 0.00673157 -0.02655959
v -0.00847305 0.00680110 -0.02606530
v -0.00852055 0.00659673 -0.02555841
v -0.00835389 0.00612480 -0.03008890
v -0.00840011 0.00561494 -0.03009205
v -0.00840393 0.00511351 -0.03009205
v -0.00840393 0.00460997 -0.03009205
v -0.00843361 0.00515986 -0.02954739
v -0.00843234 0.00465843 -0.02954739
v -0.00840181 0.00360079 -0.03009205
v -0.00836661 0.00309935 -0.03059264
v -0.00836152 0.00259582 -0.03059264
v -0.00839417 0.00259582 -0.03009205
v -0.00830639 -0.00194025 -0.02807710
v -0.00824744 -0.00244589 -0.02858084
v -0.00820758 -0.00295154 -0.02858084
v -0.00809265 -0.00446215 -0.02807710
v -0.00820037 -0.00496569 -0.02555841
v -0.00814948 -0.00547134 -0.02505782
v -0.00817535 -0.00547134 -0.02455723
v -0.00811725 -0.00547134 -0.02555841
v -0.00808163 -0.00547134 -0.02606530
v -0.00797985 -0.00570941 -0.02678312
v -0.00797688 -0.00518902 -0.02825656
v -0.00799002 -0.00525433 -0.02791968
v -0.00782336 -0.00496569 -0.03008890
v -0.00776780 -0.00496569 -0.03059264
v -0.00771140 -0.00496569 -0.03109953
v -0.00782887 -0.00547134 -0.02908458
v -0.00800275 -0.00531754 -0.02757336
v -0.00777120 -0.00547134 -0.02958831
v -0.00771267 -0.00547134 -0.03008890
v -0.00765118 -0.00597488 -0.02958831
v -0.00759181 -0.00547134 -0.03109953
v -0.00748452 -0.00574733 -0.03139862
v -0.00740903 -0.00593906 -0.03157808
v -0.00746077 -0.00565674 -0.03173550
v -0.00743278 -0.00554718 -0.03211015
v -0.00739461 -0.00542077 -0.03256352
v -0.00728562 -0.00547134 -0.03311763
v -0.00713634 -0.00597488 -0.03311763
v -0.00698240 -0.00624245 -0.03340728
v -0.00694508 -0.00614974 -0.03374100
v -0.00662023 -0.00601491 -0.03516721
v -0.00691455 -0.00597909 -0.03416603
v -0.00697095 -0.00570941 -0.03436438
v -0.00701124 -0.00534703 -0.03462884
v -0.00697774 -0.00523115 -0.03489645
v -0.00687002 -0.00442844 -0.03611172
v -0.00698155 -0.00423672 -0.03591652
v -0.00692769 -0.00348879 -0.03665324
v -0.00694169 -0.00396072 -0.03627858
v -0.00695399 -0.00308638 -0.03682640
v -0.00698325 -0.00274928 -0.03693029
v -0.00700530 -0.00244589 -0.03700900
v -0.00710793 -0.00244589 -0.03665009
v -0.00702523 -0.00190022 -0.03716957
v -0.00707867 -0.00143671 -0.03715383
v -0.00698113 0.00022139 -0.03793147
v -0.00704262 -0.00042963 -0.03760090
v -0.00712829 -0.00093106 -0.03715383
v -0.00704983 0.00006337 -0.03769850
v -0.00720080 0.00209017 -0.03765757
v -0.00738994 0.00259582 -0.03714753
v -0.00739758 0.00310146 -0.03714753
v -0.00747434 0.00360079 -0.03688307
v -0.00747603 0.00410854 -0.03688937
v -0.00797857 0.00636077 -0.03334746
v -0.00802649 0.00665151 -0.03262334
v -0.00764058 0.00460997 -0.03614320
v -0.00797603 0.00310146 -0.03434549
v -0.00774490 0.00511351 -0.03563632
v -0.00747179 0.00310146 -0.03686733
v -0.00780682 0.00562126 -0.03513258
v -0.00789969 0.00562126 -0.03462569
v -0.00797985 0.00511351 -0.03436438
v -0.00799850 0.00562126 -0.03400232
v -0.00798324 0.00588251 -0.03388583
v -0.00795525 0.00597732 -0.03398028
v -0.00808756 0.00662834 -0.03211015
v -0.00827161 0.00662834 -0.03008890
v -0.00801462 0.00695911 -0.03211015
v -0.00830936 0.00612480 -0.03059264
v -0.00827119 0.00562126 -0.03160641
v -0.00836025 0.00562337 -0.03059264
v -0.00836788 0.00511351 -0.03059264
v -0.00836788 0.00360079 -0.03059264
v -0.00840308 0.00410854 -0.03009205
v -0.00832632 0.00410854 -0.03110268
v -0.00828434 0.00460997 -0.03160641
v -0.00831911 0.00360079 -0.03115305
v -0.00831742 0.00259582 -0.03110268
v -0.00814821 0.00007812 -0.03160327
v -0.00816262 -0.00042963 -0.03109953
v -0.00812149 -0.00042963 -0.03160327
v -0.00808883 -0.00093106 -0.03160327
v -0.00803243 -0.00244589 -0.03109953
v -0.00798663 -0.00273453 -0.03139547
v -0.00805236 -0.00446215 -0.02858084
v -0.00800444 -0.00484139 -0.02858084
v -0.00802098 -0.00499729 -0.02808340
v -0.00806212 -0.00496569 -0.02757336
v -0.00809732 -0.00496569 -0.02706648
v -0.00816602 -0.00496569 -0.02606530
v -0.00796034 -0.00509632 -0.02858084
v -0.00798833 -0.00474868 -0.02889253
v -0.00774236 -0.00446215 -0.03160327
v -0.00765033 -0.00496569 -0.03160327
v -0.00765330 -0.00547134 -0.03059264
v -0.00752692 -0.00547976 -0.03157808
v -0.00757951 -0.00496569 -0.03211015
v -0.00749724 -0.00529436 -0.03211015
v -0.00747815 -0.00521851 -0.03236202
v -0.00745229 -0.00511738 -0.03269575
v -0.00749554 -0.00478239 -0.03296966
v -0.00742218 -0.00495726 -0.03313022
v -0.00732718 -0.00496569 -0.03362137
v -0.00718851 -0.00547134 -0.03362137
v -0.00700657 -0.00581475 -0.03403065
v -0.00706722 -0.00551558 -0.03416603
v -0.00722837 -0.00496569 -0.03412510
v -0.00711811 -0.00496569 -0.03462884
v -0.00710242 -0.00396072 -0.03563947
v -0.00700827 -0.00396072 -0.03602357
v -0.00711811 -0.00446215 -0.03513573
v -0.00723940 -0.00446215 -0.03462884
v -0.00722243 -0.00396072 -0.03513573
v -0.00696883 -0.00368051 -0.03637618
v -0.00700021 -0.00334341 -0.03649267
v -0.00702947 -0.00293047 -0.03665324
v -0.00716688 -0.00194025 -0.03665009
v -0.00716221 -0.00295154 -0.03614635
v -0.00724024 -0.00244589 -0.03614635
v -0.00709818 0.00058166 -0.03766072
v -0.00717409 -0.00042963 -0.03715383
v -0.00721353 0.00007812 -0.03715383
v -0.00735687 0.00209017 -0.03714753
v -0.00746628 0.00259582 -0.03684529
v -0.00799808 0.00597732 -0.03366544
v -0.00811301 0.00612480 -0.03260759
v -0.00791454 0.00259582 -0.03462569
v -0.00797348 0.00259582 -0.03432345
v -0.00801250 0.00310146 -0.03408732
v -0.00797942 0.00460997 -0.03436123
v -0.00801250 0.00460997 -0.03410936
v -0.00801250 0.00511351 -0.03411251
v -0.00811004 0.00562126 -0.03311763
v -0.00811216 0.00597732 -0.03275871
v -0.00816856 0.00612480 -0.03211015
v -0.00818595 0.00597732 -0.03211015
v -0.00822624 0.00562126 -0.03211015
v -0.00824108 0.00511351 -0.03211015
v -0.00828561 0.00511351 -0.03160641
v -0.00832293 0.00511351 -0.03115305
v -0.00823769 0.00460997 -0.03211015
v -0.00818213 0.00410854 -0.03261389
v -0.00811979 0.00310146 -0.03311763
v -0.00806890 0.00310146 -0.03362137
v -0.00806169 0.00259582 -0.03362137
v -0.00824405 0.00209017 -0.03160641
v -0.00812149 0.00058166 -0.03211015
v -0.00809520 0.00007812 -0.03211015
v -0.00806551 -0.00042963 -0.03211015
v -0.00798197 -0.00219307 -0.03185199
v -0.00799723 -0.00244589 -0.03150882
v -0.00801377 -0.00199081 -0.03165679
v -0.00779579 -0.00446215 -0.03109953
v -0.00797306 -0.00244589 -0.03176068
v -0.00793192 -0.00244589 -0.03211015
v -0.00787722 -0.00295154 -0.03211015
v -0.00794295 -0.00291993 -0.03157808
v -0.00781276 -0.00295154 -0.03261389
v -0.00767578 -0.00446215 -0.03211015
v -0.00751378 -0.00495726 -0.03256352
v -0.00760199 -0.00446215 -0.03261389
v -0.00752268 -0.00447269 -0.03313022
v -0.00746713 -0.00464966 -0.03330338
v -0.00734245 -0.00446215 -0.03412510
v -0.00733185 -0.00396072 -0.03462884
v -0.00748239 -0.00272610 -0.03489960
v -0.00728011 -0.00295154 -0.03563947
v -0.00721268 -0.00143671 -0.03665009
v -0.00729410 -0.00194025 -0.03614635
v -0.00735602 -0.00244589 -0.03563947
v -0.00725509 -0.00093106 -0.03665009
v -0.00729410 -0.00042963 -0.03665009
v -0.00737001 0.00058166 -0.03665009
v -0.00744974 0.00209017 -0.03677917
v -0.00756127 0.00158663 -0.03614320
v -0.00759138 0.00209017 -0.03614320
v -0.00769571 0.00209017 -0.03563632
v -0.00817238 0.00562126 -0.03261389
v -0.00779367 0.00209017 -0.03513258
v -0.00776823 0.00158663 -0.03513258
v -0.00774151 0.00107888 -0.03513573
v -0.00776992 0.00007812 -0.03462884
v -0.00799766 0.00218709 -0.03399917
v -0.00800868 0.00259582 -0.03407158
v -0.00807187 0.00360079 -0.03362137
v -0.00807357 0.00410854 -0.03362137
v -0.00807357 0.00511351 -0.03362137
v -0.00819019 0.00511351 -0.03261389
v -0.00818680 0.00460997 -0.03261389
v -0.00815160 0.00429815 -0.03292558
v -0.00814524 0.00107888 -0.03211015
v -0.00803328 -0.00093106 -0.03211015
v -0.00800275 -0.00139668 -0.03211330
v -0.00796373 -0.00199081 -0.03211330
v -0.00790478 -0.00194025 -0.03261389
v -0.00786874 -0.00244589 -0.03261389
v -0.00780385 -0.00244589 -0.03311763
v -0.00774617 -0.00295154 -0.03311763
v -0.00760071 -0.00396072 -0.03311763
v -0.00749469 -0.00431257 -0.03346080
v -0.00743702 -0.00447269 -0.03362451
v -0.00749893 -0.00244589 -0.03498146
v -0.00750614 -0.00291572 -0.03460680
v -0.00758333 -0.00295154 -0.03412510
v -0.00764991 -0.00244589 -0.03412510
v -0.00756424 -0.00244589 -0.03462884
v -0.00746501 -0.00204770 -0.03533093
v -0.00742006 -0.00190443 -0.03559539
v -0.00743490 -0.00143671 -0.03570243
v -0.00733354 -0.00143671 -0.03614635
v -0.00752268 0.00112312 -0.03616524
v -0.00747391 0.00112312 -0.03637618
v -0.00763846 0.00107888 -0.03563947
v -0.00767154 0.00158663 -0.03563632
v -0.00813336 0.00511351 -0.03311763
v -0.00771055 0.00058166 -0.03513573
v -0.00773685 -0.00042963 -0.03462884
v -0.00780852 -0.00042963 -0.03412510
v -0.00780894 -0.00143671 -0.03362137
v -0.00784159 -0.00194025 -0.03311763
v -0.00813209 0.00460997 -0.03311763
v -0.00777416 -0.00194025 -0.03362137
v -0.00773176 -0.00244589 -0.03362137
v -0.00766814 -0.00295154 -0.03362137
v -0.00761386 -0.00194025 -0.03462884
v -0.00751590 -0.00190443 -0.03515147
v -0.00769783 -0.00194025 -0.03412510
v -0.00747985 -0.00171271 -0.03539389
v -0.00760029 -0.00093106 -0.03513573
v -0.00764015 -0.00042963 -0.03513573
v -0.00760156 0.00058166 -0.03563947
v -0.00767705 0.00007812 -0.03513573
v -0.00769868 -0.00093106 -0.03462884
v -0.00773812 -0.00143671 -0.03412510
v -0.00777501 -0.00093106 -0.03412510
v -0.00765669 -0.00143671 -0.03462884
v -0.00755873 -0.00143671 -0.03513573
f 1 2 3
f 1 3 21
f 1 21 54
f 1 54 86
f 1 86 160
f 1 160 159
f 1 159 257
f 1 257 162
f 1 162 259
f 1 259 377
f 1 377 513
f 1 513 512
f 1 512 659
f 1 659 661
f 1 661 818
f 1 818 971
f 1 971 970
f 1 970 969
f 1 969 1115
f 1 1115 1114
f 1 1114 1259
f 1 1259 1132
f 1 1132 1131
f 1 1131 1274
f 1 1274 1129
f 1 1129 980
f 1 980 973
f 1 973 972
f 1 972 819
f 1 819 662
f 1 662 518
f 1 518 517
f 1 517 515
f 1 515 379
f 1 379 378
f 1 378 260
f 1 260 164
f 1 164 87
f 1 87 55
f 1 55 24
f 1 24 4
f 1 4 23
f 1 23 5
f 1 5 6
f 1 6 7
f 1 7 8
f 1 8 9
f 1 9 10
f 1 10 11
f 1 11 12
f 1 12 13
f 1 13 14
f 1 14 15
f 1 15 16
f 1 16 2
f 2 16 17
f 2 17 18
f 2 18 19
f 2 19 20
f 2 20 3
f 3 20 21
f 4 22 23
f 4 24 22
f 5 23 63
f 5 63 25
f 5 25 26
f 5 26 9
f 5 9 6
f 6 9 27
f 6 27 7
f 7 27 8
f 8 27 28
f 8 28 9
f 9 28 27
f 9 26 25
f 9 25 63
f 9 63 133
f 9 133 132
f 9 132 131
f 9 131 130
f 9 130 129
f 9 129 227
f 9 227 336
f 9 336 462
f 9 462 599
f 9 599 603
f 9 603 602
f 9 602 601
f 9 601 760
f 9 760 759
f 9 759 758
f 9 758 769
f 9 769 768
f 9 768 767
f 9 767 903
f 9 903 911
f 9 911 772
f 9 772 610
f 9 610 609
f 9 609 608
f 9 608 466
f 9 466 338
f 9 338 228
f 9 228 134
f 9 134 64
f 9 64 35
f 9 35 34
f 9 34 33
f 9 33 32
f 9 32 31
f 9 31 30
f 9 30 29
f 9 29 12
f 9 12 11
f 9 11 10
f 12 29 30
f 12 30 31
f 12 31 32
f 12 32 33
f 12 33 34
f 12 34 35
f 12 35 36
f 12 36 13
f 13 36 37
f 13 37 14
f 14 37 38
f 14 38 39
f 14 39 15
f 15 39 16
f 16 39 40
f 16 40 17
f 17 40 41
f 17 41 42
f 17 42 43
f 17 43 18
f 18 43 44
f 18 44 45
f 18 45 19
f 19 46 47
f 19 47 48
f 19 48 20
f 19 45 49
f 19 49 50
f 19 50 46
f 20 48 51
f 20 51 52
f 20 52 21
f 21 52 53
f 21 53 54
f 22 24 55
f 22 55 56
f 22 56 57
f 22 57 58
f 22 58 59
f 22 59 60
f 22 60 61
f 22 61 62
f 22 62 23
f 23 62 63
f 35 64 36
f 36 65 38
f 36 38 37
f 36 64 65
f 38 66 67
f 38 67 39
f 38 65 66
f 39 67 40
f 40 67 68
f 40 68 69
f 40 69 41
f 41 69 70
f 41 70 42
f 42 70 71
f 42 71 72
f 42 72 43
f 43 72 49
f 43 49 44
f 44 49 73
f 44 73 45
f 45 73 49
f 46 74 47
f 46 50 49
f 46 49 75
f 46 75 74
f 47 74 76
f 47 76 48
f 48 76 51
f 49 77 78
f 49 78 79
f 49 79 75
f 49 72 71
f 49 71 77
f 51 76 80
f 51 80 81
f 51 81 82
f 51 82 53
f 51 53 52
f 53 82 83
f 53 83 84
f 53 84 85
f 53 85 86
f 53 86 54
f 55 87 88
f 55 88 89
f 55 89 90
f 55 90 91
f 55 91 92
f 55 92 93
f 55 93 94
f 55 94 95
f 55 95 96
f 55 96 97
f 55 97 98
f 55 98 99
f 55 99 100
f 55 100 101
f 55 101 102
f 55 102 103
f 55 103 104
f 55 104 105
f 55 105 106
f 55 106 107
f 55 107 108
f 55 108 109
f 55 109 110
f 55 110 111
f 55 111 112
f 55 112 113
f 55 113 114
f 55 114 115
f 55 115 116
f 55 116 117
f 55 117 118
f 55 118 119
f 55 119 120
f 55 120 121
f 55 121 56
f 56 121 122
f 56 122 57
f 57 122 123
f 57 123 124
f 57 124 125
f 57 125 58
f 58 125 59
f 59 125 126
f 59 126 127
f 59 127 60
f 60 127 61
f 61 127 128
f 61 128 129
f 61 129 130
f 61 130 131
f 61 131 132
f 61 132 62
f 62 132 133
f 62 133 63
f 64 134 135
f 64 135 136
f 64 136 65
f 65 136 66
f 66 137 138
f 66 138 67
f 66 136 137
f 67 138 139
f 67 139 140
f 67 140 68
f 68 140 141
f 68 141 142
f 68 142 69
f 69 142 143
f 69 143 70
f 70 143 71
f 71 143 77
f 74 75 144
f 74 144 76
f 75 79 145
f 75 145 144
f 76 146 80
f 76 144 147
f 76 147 146
f 77 143 148
f 77 148 78
f 78 148 149
f 78 149 79
f 79 149 150
f 79 150 145
f 80 151 152
f 80 152 153
f 80 153 81
f 80 146 151
f 81 153 154
f 81 154 155
f 81 155 83
f 81 83 82
f 83 155 156
f 83 156 157
f 83 157 158
f 83 158 85
f 83 85 84
f 85 159 160
f 85 160 86
f 85 158 157
f 85 157 161
f 85 161 162
f 85 162 163
f 85 163 159
f 87 164 165
f 87 165 166
f 87 166 88
f 88 167 89
f 88 166 168
f 88 168 169
f 88 169 167
f 89 167 90
f 90 167 170
f 90 170 91
f 91 170 171
f 91 171 92
f 92 171 172
f 92 172 93
f 93 172 173
f 93 173 94
f 94 173 174
f 94 174 175
f 94 175 95
f 95 175 174
f 95 174 96
f 96 174 176
f 96 176 97
f 97 177 98
f 97 176 178
f 97 178 179
f 97 179 177
f 98 177 99
f 99 177 180
f 99 180 100
f 100 180 181
f 100 181 182
f 100 182 101
f 101 182 183
f 101 183 184
f 101 184 102
f 102 184 185
f 102 185 186
f 102 186 103
f 103 186 187
f 103 187 188
f 103 188 189
f 103 189 190
f 103 190 191
f 103 191 192
f 103 192 193
f 103 193 194
f 103 194 195
f 103 195 104
f 104 195 196
f 104 196 197
f 104 197 105
f 105 197 106
f 106 197 107
f 107 197 198
f 107 198 199
f 107 199 200
f 107 200 108
f 108 200 201
f 108 201 109
f 109 201 202
f 109 202 203
f 109 203 110
f 110 203 204
f 110 204 111
f 111 204 205
f 111 205 206
f 111 206 207
f 111 207 112
f 112 207 113
f 113 207 114
f 114 207 208
f 114 208 115
f 115 208 209
f 115 209 116
f 116 209 210
f 116 210 117
f 117 210 211
f 117 211 118
f 118 211 212
f 118 212 213
f 118 213 119
f 119 213 120
f 120 213 214
f 120 214 122
f 120 122 121
f 122 214 215
f 122 215 216
f 122 216 217
f 122 217 218
f 122 218 123
f 123 218 219
f 123 219 124
f 124 219 220
f 124 220 221
f 124 221 125
f 125 222 126
f 125 221 222
f 126 222 223
f 126 223 224
f 126 224 225
f 126 225 226
f 126 226 227
f 126 227 127
f 127 227 129
f 127 129 128
f 134 228 229
f 134 229 230
f 134 230 231
f 134 231 135
f 135 231 232
f 135 232 136
f 136 232 137
f 137 233 234
f 137 234 138
f 137 232 233
f 138 234 235
f 138 235 139
f 139 235 140
f 140 235 236
f 140 236 141
f 141 236 142
f 142 236 237
f 142 237 238
f 142 238 143
f 143 238 239
f 143 239 148
f 144 240 146
f 144 146 147
f 144 145 241
f 144 241 240
f 145 150 242
f 145 242 241
f 146 240 151
f 148 239 149
f 149 243 244
f 149 244 150
f 149 239 245
f 149 245 243
f 150 244 246
f 150 246 247
f 150 247 242
f 151 248 249
f 151 249 250
f 151 250 152
f 151 240 248
f 152 250 251
f 152 251 252
f 152 252 153
f 153 252 253
f 153 253 154
f 154 253 254
f 154 254 156
f 154 156 155
f 156 254 255
f 156 255 256
f 156 256 161
f 156 161 157
f 159 163 257
f 161 256 258
f 161 258 259
f 161 259 162
f 162 257 163
f 164 260 261
f 164 261 262
f 164 262 165
f 165 263 166
f 165 262 263
f 166 263 264
f 166 264 265
f 166 265 168
f 167 169 266
f 167 266 170
f 168 265 267
f 168 267 268
f 168 268 169
f 169 268 266
f 170 266 171
f 171 269 172
f 171 266 270
f 171 270 271
f 171 271 269
f 172 269 173
f 173 272 174
f 173 269 273
f 173 273 272
f 174 272 176
f 176 272 178
f 177 179 274
f 177 274 180
f 178 272 275
f 178 275 276
f 178 276 277
f 178 277 179
f 179 277 274
f 180 274 278
f 180 278 181
f 181 279 280
f 181 280 183
f 181 183 182
f 181 278 281
f 181 281 279
f 183 280 282
f 183 282 185
f 183 185 184
f 185 282 283
f 185 283 284
f 185 284 186
f 186 284 285
f 186 285 187
f 187 285 283
f 187 283 286
f 187 286 287
f 187 287 188
f 188 287 189
f 189 287 288
f 189 288 289
f 189 289 190
f 190 289 290
f 190 290 291
f 190 291 292
f 190 292 191
f 191 292 293
f 191 293 192
f 192 293 294
f 192 294 193
f 193 294 196
f 193 196 194
f 194 196 195
f 196 198 197
f 196 294 295
f 196 295 198
f 198 295 296
f 198 296 297
f 198 297 202
f 198 202 200
f 198 200 199
f 200 202 298
f 200 298 201
f 201 298 202
f 202 299 300
f 202 300 301
f 202 301 302
f 202 302 303
f 202 303 304
f 202 304 203
f 202 297 305
f 202 305 306
f 202 306 307
f 202 307 299
f 203 304 204
f 204 303 205
f 204 304 303
f 205 308 309
f 205 309 207
f 205 207 206
f 205 303 308
f 207 309 310
f 207 310 210
f 207 210 208
f 208 210 209
f 210 310 311
f 210 311 312
f 210 312 313
f 210 313 314
f 210 314 211
f 211 314 315
f 211 315 212
f 212 315 314
f 212 314 316
f 212 316 317
f 212 317 213
f 213 317 215
f 213 215 214
f 215 317 216
f 216 317 217
f 217 318 319
f 217 319 320
f 217 320 218
f 217 317 318
f 218 320 219
f 219 320 220
f 220 319 321
f 220 321 322
f 220 322 323
f 220 323 221
f 220 320 319
f 221 324 223
f 221 223 222
f 221 323 325
f 221 325 324
f 223 324 224
f 224 326 327
f 224 327 225
f 224 324 325
f 224 325 328
f 224 328 329
f 224 329 330
f 224 330 331
f 224 331 332
f 224 332 333
f 224 333 334
f 224 334 326
f 225 335 336
f 225 336 226
f 225 327 337
f 225 337 335
f 226 336 227
f 228 338 339
f 228 339 340
f 228 340 341
f 228 341 342
f 228 342 343
f 228 343 344
f 228 344 345
f 228 345 346
f 228 346 229
f 229 346 347
f 229 347 348
f 229 348 230
f 230 348 349
f 230 349 350
f 230 350 231
f 231 350 351
f 231 351 233
f 231 233 232
f 233 351 352
f 233 352 235
f 233 235 234
f 235 352 353
f 235 353 354
f 235 354 236
f 236 354 355
f 236 355 237
f 237 355 238
f 238 355 239
f 239 356 357
f 239 357 358
f 239 358 245
f 239 355 356
f 240 241 359
f 240 359 248
f 241 242 360
f 241 360 359
f 242 247 360
f 243 245 358
f 243 358 361
f 243 361 362
f 243 362 244
f 244 362 246
f 246 362 363
f 246 363 364
f 246 364 365
f 246 365 366
f 246 366 367
f 246 367 247
f 247 367 360
f 248 366 249
f 248 359 360
f 248 360 366
f 249 366 250
f 250 366 368
f 250 368 369
f 250 369 251
f 251 369 370
f 251 370 371
f 251 371 252
f 252 254 253
f 252 371 372
f 252 372 373
f 252 373 254
f 254 373 255
f 255 373 374
f 255 374 375
f 255 375 256
f 256 375 376
f 256 376 258
f 258 377 259
f 258 376 377
f 260 378 261
f 261 378 379
f 261 379 380
f 261 380 381
f 261 381 382
f 261 382 383
f 261 383 262
f 262 383 263
f 263 383 384
f 263 384 264
f 264 384 383
f 264 383 385
f 264 385 265
f 265 385 386
f 265 386 267
f 266 268 270
f 267 387 268
f 267 386 388
f 267 388 387
f 268 387 389
f 268 389 270
f 269 271 390
f 269 390 391
f 269 391 273
f 270 389 271
f 271 389 392
f 271 392 390
f 272 273 393
f 272 393 275
f 273 391 393
f 274 277 394
f 274 394 395
f 274 395 278
f 275 393 396
f 275 396 397
f 275 397 398
f 275 398 276
f 276 398 399
f 276 399 277
f 277 399 281
f 277 281 394
f 278 395 281
f 279 400 401
f 279 401 283
f 279 283 282
f 279 282 280
f 279 281 400
f 281 399 402
f 281 402 403
f 281 403 404
f 281 404 405
f 281 405 400
f 281 395 394
f 283 285 284
f 283 401 406
f 283 406 286
f 286 406 407
f 286 407 287
f 287 407 408
f 287 408 409
f 287 409 410
f 287 410 288
f 288 291 290
f 288 290 289
f 288 410 411
f 288 411 412
f 288 412 413
f 288 413 291
f 291 413 292
f 292 413 414
f 292 414 294
f 292 294 293
f 294 414 415
f 294 415 295
f 295 415 416
f 295 416 296
f 296 416 417
f 296 417 297
f 297 417 418
f 297 418 419
f 297 419 305
f 299 307 420
f 299 420 300
f 300 421 301
f 300 420 421
f 301 422 423
f 301 423 424
f 301 424 425
f 301 425 426
f 301 426 302
f 301 421 422
f 302 426 308
f 302 308 303
f 305 419 427
f 305 427 428
f 305 428 306
f 306 428 307
f 307 429 430
f 307 430 431
f 307 431 432
f 307 432 420
f 307 428 427
f 307 427 429
f 308 426 425
f 308 425 433
f 308 433 434
f 308 434 309
f 309 434 435
f 309 435 310
f 310 435 436
f 310 436 437
f 310 437 311
f 311 438 439
f 311 439 312
f 311 437 438
f 312 439 440
f 312 440 314
f 312 314 313
f 314 440 441
f 314 441 442
f 314 442 317
f 314 317 316
f 317 442 443
f 317 443 318
f 318 443 319
f 319 443 442
f 319 442 444
f 319 444 321
f 321 444 445
f 321 445 446
f 321 446 322
f 322 447 323
f 322 446 448
f 322 448 449
f 322 449 450
f 322 450 451
f 322 451 452
f 322 452 447
f 323 447 328
f 323 328 325
f 326 453 327
f 326 334 454
f 326 454 453
f 327 453 455
f 327 455 337
f 328 447 329
f 329 447 330
f 330 447 456
f 330 456 331
f 331 456 332
f 332 456 457
f 332 457 333
f 333 457 458
f 333 458 454
f 333 454 334
f 335 337 459
f 335 459 460
f 335 460 461
f 335 461 336
f 336 461 463
f 336 463 462
f 337 455 464
f 337 464 465
f 337 465 459
f 338 466 339
f 339 466 467
f 339 467 468
f 339 468 469
f 339 469 470
f 339 470 340
f 340 470 471
f 340 471 472
f 340 472 473
f 340 473 474
f 340 474 475
f 340 475 343
f 340 343 476
f 340 476 341
f 341 476 343
f 341 343 342
f 343 475 477
f 343 477 344
f 344 477 478
f 344 478 346
f 344 346 345
f 346 478 347
f 347 478 479
f 347 479 480
f 347 480 481
f 347 481 482
f 347 482 348
f 348 482 349
f 349 483 350
f 349 482 484
f 349 484 483
f 350 483 351
f 351 483 485
f 351 485 486
f 351 486 352
f 352 486 353
f 353 486 354
f 354 486 487
f 354 487 488
f 354 488 489
f 354 489 355
f 355 489 356
f 356 490 357
f 356 489 490
f 357 490 358
f 358 490 361
f 360 367 366
f 361 490 491
f 361 491 362
f 362 491 492
f 362 492 493
f 362 493 363
f 363 493 364
f 364 494 495
f 364 495 365
f 364 493 496
f 364 496 494
f 365 495 497
f 365 497 366
f 366 498 495
f 366 495 499
f 366 499 500
f 366 500 501
f 366 501 368
f 366 497 498
f 368 501 502
f 368 502 370
f 368 370 369
f 370 372 371
f 370 502 503
f 370 503 504
f 370 504 372
f 372 504 373
f 373 504 374
f 374 504 505
f 374 505 506
f 374 506 375
f 375 506 507
f 375 507 508
f 375 508 509
f 375 509 510
f 375 510 376
f 376 511 512
f 376 512 513
f 376 513 377
f 376 510 514
f 376 514 511
f 379 515 380
f 380 516 381
f 380 515 517
f 380 517 518
f 380 518 519
f 380 519 520
f 380 520 521
f 380 521 522
f 380 522 516
f 381 516 382
f 382 516 523
f 382 523 383
f 383 523 524
f 383 524 525
f 383 525 526
f 383 526 385
f 385 526 386
f 386 526 527
f 386 527 528
f 386 528 529
f 386 529 530
f 386 530 388
f 387 388 530
f 387 530 531
f 387 531 389
f 389 531 532
f 389 532 533
f 389 533 392
f 390 392 534
f 390 534 391
f 391 534 535
f 391 535 396
f 391 396 393
f 392 533 536
f 392 536 534
f 396 535 537
f 396 537 397
f 397 538 539
f 397 539 398
f 397 537 540
f 397 540 538
f 398 539 399
f 399 539 402
f 400 405 541
f 400 541 542
f 400 542 543
f 400 543 406
f 400 406 401
f 402 544 403
f 402 539 538
f 402 538 545
f 402 545 546
f 402 546 544
f 403 544 404
f 404 544 546
f 404 546 547
f 404 547 548
f 404 548 549
f 404 549 541
f 404 541 405
f 406 543 550
f 406 550 551
f 406 551 552
f 406 552 407
f 407 552 553
f 407 553 408
f 408 553 554
f 408 554 555
f 408 555 409
f 409 555 410
f 410 555 556
f 410 556 557
f 410 557 411
f 411 557 415
f 411 415 413
f 411 413 412
f 413 415 414
f 415 558 559
f 415 559 560
f 415 560 416
f 415 557 556
f 415 556 558
f 416 418 417
f 416 560 418
f 418 561 430
f 418 430 427
f 418 427 419
f 418 560 561
f 420 432 421
f 421 432 422
f 422 562 563
f 422 563 423
f 422 432 564
f 422 564 565
f 422 565 562
f 423 563 566
f 423 566 567
f 423 567 568
f 423 568 424
f 424 568 569
f 424 569 433
f 424 433 425
f 427 430 429
f 430 570 571
f 430 571 572
f 430 572 573
f 430 573 564
f 430 564 432
f 430 432 431
f 430 561 574
f 430 574 575
f 430 575 570
f 433 569 576
f 433 576 436
f 433 436 434
f 434 436 435
f 436 576 577
f 436 577 437
f 437 577 578
f 437 578 438
f 438 579 580
f 438 580 439
f 438 578 579
f 439 580 581
f 439 581 582
f 439 582 440
f 440 582 441
f 441 582 445
f 441 445 442
f 442 445 444
f 445 448 446
f 445 582 448
f 447 452 456
f 448 582 581
f 448 581 449
f 449 581 583
f 449 583 584
f 449 584 450
f 450 584 451
f 451 584 585
f 451 585 452
f 452 585 456
f 453 454 458
f 453 458 586
f 453 586 455
f 455 586 464
f 456 585 587
f 456 587 588
f 456 588 589
f 456 589 457
f 457 589 590
f 457 590 591
f 457 591 458
f 458 591 592
f 458 592 593
f 458 593 586
f 459 465 460
f 460 465 594
f 460 594 595
f 460 595 596
f 460 596 597
f 460 597 461
f 461 597 598
f 461 598 463
f 462 463 599
f 463 600 601
f 463 601 602
f 463 602 603
f 463 603 599
f 463 598 604
f 463 604 605
f 463 605 606
f 463 606 600
f 464 594 465
f 464 586 607
f 464 607 594
f 466 608 467
f 467 608 609
f 467 609 610
f 467 610 611
f 467 611 612
f 467 612 468
f 468 612 613
f 468 613 614
f 468 614 615
f 468 615 616
f 468 616 617
f 468 617 618
f 468 618 619
f 468 619 620
f 468 620 621
f 468 621 622
f 468 622 623
f 468 623 469
f 469 624 625
f 469 625 626
f 469 626 471
f 469 471 470
f 469 623 624
f 471 626 474
f 471 474 472
f 472 474 473
f 474 627 477
f 474 477 475
f 474 626 625
f 474 625 628
f 474 628 629
f 474 629 627
f 477 627 480
f 477 480 479
f 477 479 478
f 480 630 631
f 480 631 481
f 480 627 632
f 480 632 630
f 481 631 482
f 482 631 630
f 482 630 633
f 482 633 634
f 482 634 484
f 483 484 634
f 483 634 485
f 485 634 635
f 485 635 486
f 486 636 637
f 486 637 487
f 486 635 636
f 487 637 489
f 487 489 488
f 489 637 638
f 489 638 639
f 489 639 490
f 490 639 491
f 491 639 640
f 491 640 641
f 491 641 642
f 491 642 492
f 492 642 493
f 493 642 643
f 493 643 496
f 494 499 495
f 494 496 644
f 494 644 645
f 494 645 499
f 495 498 497
f 496 643 644
f 499 645 646
f 499 646 647
f 499 647 500
f 500 647 501
f 501 647 648
f 501 648 649
f 501 649 502
f 502 649 650
f 502 650 503
f 503 650 651
f 503 651 652
f 503 652 505
f 503 505 504
f 505 652 506
f 506 652 653
f 506 653 654
f 506 654 507
f 507 655 656
f 507 656 508
f 507 654 655
f 508 514 509
f 508 656 657
f 508 657 658
f 508 658 514
f 509 514 510
f 511 659 512
f 511 514 660
f 511 660 661
f 511 661 659
f 514 658 660
f 516 522 523
f 518 662 519
f 519 662 663
f 519 663 664
f 519 664 520
f 520 664 521
f 521 665 666
f 521 666 667
f 521 667 522
f 521 664 668
f 521 668 669
f 521 669 670
f 521 670 671
f 521 671 665
f 522 667 672
f 522 672 673
f 522 673 523
f 523 673 524
f 524 673 672
f 524 672 674
f 524 674 675
f 524 675 676
f 524 676 525
f 525 676 526
f 526 676 527
f 527 676 528
f 528 677 678
f 528 678 529
f 528 676 677
f 529 678 679
f 529 679 530
f 530 532 531
f 530 679 680
f 530 680 532
f 532 680 533
f 533 680 681
f 533 681 682
f 533 682 536
f 534 683 684
f 534 684 535
f 534 536 683
f 535 684 537
f 536 682 685
f 536 685 686
f 536 686 687
f 536 687 684
f 536 684 688
f 536 688 683
f 537 684 540
f 538 540 689
f 538 689 545
f 540 684 690
f 540 690 691
f 540 691 692
f 540 692 689
f 541 693 542
f 541 549 694
f 541 694 695
f 541 695 693
f 542 693 696
f 542 696 543
f 543 696 550
f 545 689 692
f 545 692 697
f 545 697 698
f 545 698 547
f 545 547 546
f 547 699 548
f 547 698 700
f 547 700 699
f 548 699 549
f 549 699 701
f 549 701 694
f 550 702 552
f 550 552 551
f 550 696 703
f 550 703 704
f 550 704 702
f 552 702 553
f 553 702 554
f 554 705 555
f 554 702 705
f 555 705 706
f 555 706 707
f 555 707 708
f 555 708 709
f 555 709 710
f 555 710 711
f 555 711 556
f 556 711 558
f 558 711 712
f 558 712 559
f 559 712 560
f 560 712 561
f 561 712 713
f 561 713 714
f 561 714 715
f 561 715 574
f 562 565 716
f 562 716 717
f 562 717 563
f 563 717 566
f 564 573 716
f 564 716 565
f 566 718 719
f 566 719 567
f 566 717 720
f 566 720 718
f 567 719 721
f 567 721 722
f 567 722 723
f 567 723 568
f 568 723 569
f 569 723 722
f 569 722 724
f 569 724 576
f 570 725 726
f 570 726 727
f 570 727 728
f 570 728 729
f 570 729 571
f 570 575 730
f 570 730 731
f 570 731 714
f 570 714 708
f 570 708 732
f 570 732 733
f 570 733 725
f 571 729 572
f 572 734 573
f 572 729 734
f 573 734 716
f 574 730 575
f 574 715 731
f 574 731 730
f 576 724 578
f 576 578 577
f 578 724 735
f 578 735 736
f 578 736 737
f 578 737 579
f 579 737 580
f 580 737 581
f 581 738 739
f 581 739 587
f 581 587 583
f 581 737 738
f 583 587 584
f 584 587 585
f 586 593 740
f 586 740 607
f 587 739 738
f 587 738 741
f 587 741 742
f 587 742 743
f 587 743 744
f 587 744 588
f 588 744 589
f 589 744 590
f 590 745 746
f 590 746 591
f 590 744 747
f 590 747 745
f 591 746 592
f 592 746 748
f 592 748 593
f 593 748 740
f 594 607 595
f 595 749 750
f 595 750 751
f 595 751 752
f 595 752 596
f 595 607 749
f 596 752 753
f 596 753 597
f 597 754 598
f 597 753 754
f 598 754 755
f 598 755 756
f 598 756 757
f 598 757 604
f 600 606 758
f 600 758 759
f 600 759 760
f 600 760 601
f 604 761 762
f 604 762 605
f 604 757 763
f 604 763 764
f 604 764 761
f 605 762 765
f 605 765 766
f 605 766 606
f 606 767 768
f 606 768 769
f 606 769 758
f 606 766 770
f 606 770 771
f 606 771 767
f 607 740 748
f 607 748 749
f 610 772 611
f 611 773 771
f 611 771 774
f 611 774 612
f 611 772 911
f 611 911 773
f 612 774 775
f 612 775 776
f 612 776 777
f 612 777 613
f 613 777 614
f 614 777 776
f 614 776 775
f 614 775 778
f 614 778 779
f 614 779 615
f 615 779 616
f 616 779 780
f 616 780 617
f 617 780 781
f 617 781 782
f 617 782 783
f 617 783 618
f 618 783 784
f 618 784 619
f 619 784 620
f 620 784 785
f 620 785 622
f 620 622 621
f 622 785 623
f 623 785 786
f 623 786 628
f 623 628 625
f 623 625 624
f 627 629 787
f 627 787 788
f 627 788 789
f 627 789 632
f 628 787 629
f 628 786 787
f 630 632 790
f 630 790 633
f 632 789 791
f 632 791 792
f 632 792 790
f 633 790 792
f 633 792 793
f 633 793 794
f 633 794 634
f 634 794 635
f 635 794 636
f 636 794 795
f 636 795 637
f 637 795 796
f 637 796 638
f 638 796 797
f 638 797 639
f 639 797 640
f 640 798 799
f 640 799 800
f 640 800 641
f 640 797 796
f 640 796 801
f 640 801 798
f 641 800 802
f 641 802 642
f 642 802 803
f 642 803 643
f 643 803 804
f 643 804 644
f 644 804 805
f 644 805 806
f 644 806 645
f 645 806 807
f 645 807 646
f 646 648 647
f 646 807 808
f 646 808 809
f 646 809 810
f 646 810 811
f 646 811 648
f 648 811 649
f 649 811 812
f 649 812 651
f 649 651 650
f 651 812 813
f 651 813 652
f 652 813 653
f 653 813 654
f 654 813 814
f 654 814 655
f 655 815 656
f 655 814 815
f 656 815 816
f 656 816 657
f 657 816 660
f 657 660 658
f 660 816 817
f 660 817 661
f 661 817 818
f 662 819 663
f 663 819 820
f 663 820 669
f 663 669 668
f 663 668 664
f 665 821 674
f 665 674 672
f 665 672 666
f 665 671 822
f 665 822 823
f 665 823 824
f 665 824 825
f 665 825 826
f 665 826 821
f 666 672 667
f 669 820 827
f 669 827 828
f 669 828 670
f 670 828 829
f 670 829 822
f 670 822 671
f 674 821 830
f 674 830 831
f 674 831 832
f 674 832 675
f 675 833 676
f 675 832 834
f 675 834 835
f 675 835 836
f 675 836 833
f 676 833 837
f 676 837 838
f 676 838 677
f 677 838 837
f 677 837 839
f 677 839 840
f 677 840 681
f 677 681 841
f 677 841 678
f 678 841 679
f 679 841 680
f 680 841 681
f 681 840 842
f 681 842 682
f 682 842 843
f 682 843 685
f 683 688 684
f 684 687 690
f 685 843 686
f 686 844 690
f 686 690 687
f 686 843 845
f 686 845 844
f 690 844 691
f 691 846 692
f 691 844 847
f 691 847 846
f 692 846 697
f 693 695 848
f 693 848 703
f 693 703 696
f 694 701 695
f 695 701 849
f 695 849 850
f 695 850 848
f 697 846 851
f 697 851 852
f 697 852 698
f 698 852 853
f 698 853 700
f 699 700 854
f 699 854 855
f 699 855 701
f 700 853 856
f 700 856 854
f 701 855 849
f 702 704 857
f 702 857 705
f 703 848 858
f 703 858 859
f 703 859 857
f 703 857 704
f 705 857 859
f 705 859 860
f 705 860 706
f 706 860 707
f 707 861 862
f 707 862 732
f 707 732 708
f 707 860 861
f 708 714 709
f 709 714 713
f 709 713 710
f 710 713 712
f 710 712 711
f 714 731 715
f 716 863 717
f 716 734 863
f 717 864 720
f 717 863 864
f 718 720 865
f 718 865 866
f 718 866 867
f 718 867 719
f 719 722 721
f 719 867 868
f 719 868 869
f 719 869 722
f 720 864 865
f 722 869 870
f 722 870 871
f 722 871 724
f 724 871 735
f 725 872 873
f 725 873 726
f 725 733 872
f 726 873 874
f 726 874 727
f 727 874 875
f 727 875 728
f 728 875 876
f 728 876 877
f 728 877 878
f 728 878 879
f 728 879 880
f 728 880 729
f 729 880 881
f 729 881 734
f 732 862 733
f 733 862 882
f 733 882 872
f 734 881 880
f 734 880 863
f 735 871 736
f 736 871 883
f 736 883 737
f 737 883 738
f 738 884 885
f 738 885 742
f 738 742 741
f 738 883 886
f 738 886 884
f 742 885 743
f 743 887 744
f 743 885 888
f 743 888 887
f 744 887 747
f 745 747 889
f 745 889 746
f 746 889 890
f 746 890 891
f 746 891 750
f 746 750 748
f 747 887 889
f 748 750 749
f 750 891 751
f 751 892 752
f 751 891 893
f 751 893 894
f 751 894 892
f 752 892 753
f 753 892 754
f 754 892 755
f 755 892 895
f 755 895 764
f 755 764 756
f 756 764 757
f 757 764 763
f 761 764 765
f 761 765 762
f 764 895 896
f 764 896 765
f 765 896 766
f 766 896 897
f 766 897 898
f 766 898 899
f 766 899 900
f 766 900 901
f 766 901 902
f 766 902 770
f 767 771 903
f 770 902 904
f 770 904 905
f 770 905 906
f 770 906 907
f 770 907 908
f 770 908 909
f 770 909 910
f 770 910 771
f 771 910 774
f 771 773 911
f 771 911 903
f 774 910 909
f 774 909 775
f 775 912 913
f 775 913 914
f 775 914 915
f 775 915 778
f 775 909 912
f 778 915 779
f 779 915 913
f 779 913 916
f 779 916 917
f 779 917 918
f 779 918 780
f 780 918 919
f 780 919 920
f 780 920 781
f 781 920 921
f 781 921 922
f 781 922 923
f 781 923 924
f 781 924 782
f 782 924 925
f 782 925 926
f 782 926 927
f 782 927 928
f 782 928 929
f 782 929 783
f 783 929 930
f 783 930 784
f 784 930 785
f 785 930 931
f 785 931 932
f 785 932 933
f 785 933 934
f 785 934 786
f 786 935 936
f 786 936 937
f 786 937 787
f 786 934 935
f 787 938 788
f 787 937 938
f 788 938 939
f 788 939 789
f 789 939 791
f 791 940 941
f 791 941 801
f 791 801 793
f 791 793 792
f 791 939 940
f 793 801 795
f 793 795 794
f 795 801 796
f 798 942 799
f 798 801 941
f 798 941 942
f 799 942 943
f 799 943 800
f 800 943 944
f 800 944 802
f 802 944 945
f 802 945 804
f 802 804 946
f 802 946 803
f 803 946 804
f 804 945 947
f 804 947 948
f 804 948 805
f 805 948 949
f 805 949 950
f 805 950 951
f 805 951 806
f 806 808 807
f 806 951 952
f 806 952 808
f 808 952 809
f 809 952 953
f 809 953 954
f 809 954 955
f 809 955 810
f 810 955 811
f 811 955 956
f 811 956 957
f 811 957 812
f 812 957 813
f 813 957 814
f 814 957 958
f 814 958 959
f 814 959 815
f 815 959 960
f 815 960 816
f 816 961 962
f 816 962 963
f 816 963 964
f 816 964 965
f 816 965 966
f 816 966 967
f 816 967 817
f 816 960 961
f 817 967 968
f 817 968 969
f 817 969 970
f 817 970 971
f 817 971 818
f 819 972 820
f 820 973 827
f 820 972 973
f 821 826 830
f 822 829 974
f 822 974 975
f 822 975 976
f 822 976 823
f 823 976 824
f 824 976 825
f 825 976 977
f 825 977 978
f 825 978 979
f 825 979 831
f 825 831 830
f 825 830 826
f 827 973 980
f 827 980 981
f 827 981 828
f 828 981 982
f 828 982 983
f 828 983 984
f 828 984 985
f 828 985 986
f 828 986 829
f 829 986 974
f 831 979 832
f 832 979 987
f 832 987 988
f 832 988 989
f 832 989 990
f 832 990 991
f 832 991 992
f 832 992 834
f 833 836 990
f 833 990 993
f 833 993 837
f 834 992 991
f 834 991 835
f 835 991 836
f 836 991 990
f 837 993 990
f 837 990 994
f 837 994 839
f 839 994 988
f 839 988 995
f 839 995 840
f 840 995 996
f 840 996 842
f 842 996 997
f 842 997 998
f 842 998 999
f 842 999 843
f 843 999 1000
f 843 1000 845
f 844 845 1001
f 844 1001 1002
f 844 1002 847
f 845 1000 1003
f 845 1003 1001
f 846 847 852
f 846 852 851
f 847 1002 1001
f 847 1001 1004
f 847 1004 853
f 847 853 852
f 848 850 858
f 849 855 1005
f 849 1005 850
f 850 1005 1006
f 850 1006 1007
f 850 1007 858
f 853 1004 1008
f 853 1008 1009
f 853 1009 856
f 854 856 855
f 855 856 1005
f 856 1009 1005
f 858 1007 860
f 858 860 859
f 860 1007 861
f 861 1010 1011
f 861 1011 1012
f 861 1012 882
f 861 882 1013
f 861 1013 862
f 861 1007 1010
f 862 1013 882
f 863 880 864
f 864 1014 1015
f 864 1015 865
f 864 880 1014
f 865 1015 866
f 866 1016 1167
f 866 1167 1017
f 866 1017 867
f 866 1015 1016
f 867 1017 868
f 868 1017 1018
f 868 1018 1019
f 868 1019 1020
f 868 1020 869
f 869 1020 1021
f 869 1021 1022
f 869 1022 1023
f 869 1023 1024
f 869 1024 870
f 870 1024 871
f 871 1024 883
f 872 1012 873
f 872 882 1012
f 873 1012 874
f 874 1012 1025
f 874 1025 1026
f 874 1026 875
f 875 1026 876
f 876 1026 1027
f 876 1027 877
f 877 1027 1028
f 877 1028 1029
f 877 1029 879
f 877 879 878
f 879 1029 1030
f 879 1030 1031
f 879 1031 1032
f 879 1032 1033
f 879 1033 1034
f 879 1034 1035
f 879 1035 880
f 880 1035 1014
f 883 1024 886
f 884 886 1036
f 884 1036 1037
f 884 1037 885
f 885 1037 1038
f 885 1038 1039
f 885 1039 1040
f 885 1040 1041
f 885 1041 888
f 886 1024 1036
f 887 1042 889
f 887 888 1042
f 888 1041 1043
f 888 1043 1042
f 889 1042 1044
f 889 1044 1045
f 889 1045 893
f 889 893 890
f 890 893 891
f 892 894 1046
f 892 1046 895
f 893 1045 1047
f 893 1047 894
f 894 1047 1048
f 894 1048 1046
f 895 1046 897
f 895 897 896
f 897 1046 1048
f 897 1048 1049
f 897 1049 1050
f 897 1050 898
f 898 1050 899
f 899 1050 1051
f 899 1051 1052
f 899 1052 1053
f 899 1053 900
f 900 1053 1054
f 900 1054 1055
f 900 1055 901
f 901 1055 1056
f 901 1056 1057
f 901 1057 904
f 901 904 902
f 904 1057 912
f 904 912 905
f 905 912 906
f 906 912 907
f 907 912 908
f 908 912 909
f 912 1057 913
f 913 915 914
f 913 1057 1058
f 913 1058 916
f 916 1058 918
f 916 918 917
f 918 1059 919
f 918 1058 1059
f 919 1059 1060
f 919 1060 920
f 920 1060 921
f 921 1060 1059
f 921 1059 1061
f 921 1061 1062
f 921 1062 1063
f 921 1063 1064
f 921 1064 1065
f 921 1065 922
f 922 1065 923
f 923 1065 1066
f 923 1066 924
f 924 1066 1067
f 924 1067 1068
f 924 1068 925
f 925 1068 1069
f 925 1069 926
f 926 1070 927
f 926 1069 1071
f 926 1071 1072
f 926 1072 1070
f 927 1070 932
f 927 932 931
f 927 931 930
f 927 930 928
f 928 930 1073
f 928 1073 929
f 929 1073 930
f 932 1070 1074
f 932 1074 1075
f 932 1075 1076
f 932 1076 933
f 933 1077 934
f 933 1076 1077
f 934 1077 1227
f 934 1227 1078
f 934 1078 935
f 935 1079 936
f 935 1078 1079
f 936 1079 937
f 937 1079 938
f 938 1079 939
f 939 1079 1080
f 939 1080 1081
f 939 1081 940
f 940 1081 941
f 941 1081 942
f 942 1081 1082
f 942 1082 943
f 943 1082 1083
f 943 1083 1084
f 943 1084 1085
f 943 1085 944
f 944 1085 1086
f 944 1086 1087
f 944 1087 945
f 945 1087 1088
f 945 1088 947
f 947 1088 1089
f 947 1089 948
f 948 1089 1090
f 948 1090 1091
f 948 1091 949
f 949 1091 950
f 950 1091 1092
f 950 1092 1093
f 950 1093 1094
f 950 1094 951
f 951 1095 952
f 951 1094 1095
f 952 1096 953
f 952 1095 1096
f 953 1096 1097
f 953 1097 1098
f 953 1098 954
f 954 1098 1099
f 954 1099 1100
f 954 1100 1101
f 954 1101 955
f 955 1101 956
f 956 1101 1102
f 956 1102 958
f 956 958 957
f 958 1102 1103
f 958 1103 962
f 958 962 960
f 958 960 959
f 960 962 961
f 962 1103 1104
f 962 1104 1105
f 962 1105 963
f 963 1105 1106
f 963 1106 1107
f 963 1107 964
f 964 1107 1108
f 964 1108 965
f 965 1109 1110
f 965 1110 966
f 965 1108 1111
f 965 1111 1109
f 966 1110 967
f 967 1110 1112
f 967 1112 968
f 968 1112 1113
f 968 1113 1114
f 968 1114 1115
f 968 1115 969
f 974 986 975
f 975 986 985
f 975 985 976
f 976 985 1116
f 976 1116 1117
f 976 1117 1118
f 976 1118 1119
f 976 1119 1120
f 976 1120 1121
f 976 1121 1122
f 976 1122 1123
f 976 1123 1124
f 976 1124 1125
f 976 1125 977
f 977 1125 1126
f 977 1126 978
f 978 1126 1127
f 978 1127 979
f 979 1127 1128
f 979 1128 987
f 980 1129 1130
f 980 1130 981
f 981 1130 982
f 982 1130 1131
f 982 1131 1132
f 982 1132 1133
f 982 1133 983
f 983 1134 1135
f 983 1135 1136
f 983 1136 984
f 983 1133 1137
f 983 1137 1134
f 984 1136 1138
f 984 1138 985
f 985 1138 1116
f 987 1139 988
f 987 1128 1140
f 987 1140 1141
f 987 1141 1139
f 988 1139 996
f 988 996 995
f 988 994 990
f 988 990 989
f 996 1142 997
f 996 1139 1140
f 996 1140 1143
f 996 1143 1144
f 996 1144 1142
f 997 1145 998
f 997 1142 1146
f 997 1146 1145
f 998 1145 999
f 999 1145 1146
f 999 1146 1147
f 999 1147 1000
f 1000 1147 1148
f 1000 1148 1149
f 1000 1149 1003
f 1001 1003 1150
f 1001 1150 1151
f 1001 1151 1004
f 1003 1149 1152
f 1003 1152 1150
f 1004 1151 1153
f 1004 1153 1008
f 1005 1009 1154
f 1005 1154 1006
f 1006 1154 1155
f 1006 1155 1010
f 1006 1010 1007
f 1008 1156 1009
f 1008 1153 1157
f 1008 1157 1158
f 1008 1158 1159
f 1008 1159 1156
f 1009 1156 1154
f 1010 1155 1011
f 1011 1155 1160
f 1011 1160 1161
f 1011 1161 1012
f 1012 1162 1163
f 1012 1163 1164
f 1012 1164 1025
f 1012 1161 1162
f 1014 1165 1015
f 1014 1035 1034
f 1014 1034 1165
f 1015 1165 1166
f 1015 1166 1016
f 1016 1166 1167
f 1017 1167 1018
f 1018 1168 1169
f 1018 1169 1022
f 1018 1022 1021
f 1018 1021 1020
f 1018 1020 1019
f 1018 1167 1168
f 1022 1169 1170
f 1022 1170 1037
f 1022 1037 1023
f 1023 1037 1036
f 1023 1036 1024
f 1025 1164 1171
f 1025 1171 1026
f 1026 1171 1027
f 1027 1172 1028
f 1027 1171 1172
f 1028 1172 1173
f 1028 1173 1174
f 1028 1174 1030
f 1028 1030 1029
f 1030 1174 1031
f 1031 1174 1175
f 1031 1175 1032
f 1032 1175 1033
f 1033 1175 1176
f 1033 1176 1177
f 1033 1177 1178
f 1033 1178 1166
f 1033 1166 1034
f 1034 1166 1165
f 1037 1179 1038
f 1037 1170 1179
f 1038 1179 1180
f 1038 1180 1040
f 1038 1040 1039
f 1040 1180 1181
f 1040 1181 1041
f 1041 1181 1182
f 1041 1182 1183
f 1041 1183 1043
f 1042 1043 1044
f 1043 1183 1182
f 1043 1182 1184
f 1043 1184 1044
f 1044 1184 1185
f 1044 1185 1186
f 1044 1186 1187
f 1044 1187 1188
f 1044 1188 1045
f 1045 1188 1047
f 1047 1188 1189
f 1047 1189 1190
f 1047 1190 1191
f 1047 1191 1192
f 1047 1192 1048
f 1048 1192 1191
f 1048 1191 1193
f 1048 1193 1049
f 1049 1051 1050
f 1049 1193 1194
f 1049 1194 1195
f 1049 1195 1051
f 1051 1195 1052
f 1052 1195 1196
f 1052 1196 1197
f 1052 1197 1053
f 1053 1197 1054
f 1054 1197 1061
f 1054 1061 1198
f 1054 1198 1055
f 1055 1198 1059
f 1055 1059 1199
f 1055 1199 1056
f 1056 1058 1057
f 1056 1199 1059
f 1056 1059 1058
f 1059 1198 1061
f 1061 1197 1062
f 1062 1200 1201
f 1062 1201 1063
f 1062 1197 1200
f 1063 1202 1064
f 1063 1201 1200
f 1063 1200 1203
f 1063 1203 1204
f 1063 1204 1205
f 1063 1205 1206
f 1063 1206 1207
f 1063 1207 1208
f 1063 1208 1209
f 1063 1209 1210
f 1063 1210 1211
f 1063 1211 1202
f 1064 1202 1212
f 1064 1212 1213
f 1064 1213 1065
f 1065 1213 1067
f 1065 1067 1066
f 1067 1213 1214
f 1067 1214 1215
f 1067 1215 1068
f 1068 1215 1216
f 1068 1216 1069
f 1069 1216 1071
f 1070 1072 1074
f 1071 1216 1217
f 1071 1217 1072
f 1072 1217 1218
f 1072 1218 1074
f 1074 1218 1219
f 1074 1219 1220
f 1074 1220 1221
f 1074 1221 1075
f 1075 1221 1222
f 1075 1222 1076
f 1076 1222 1223
f 1076 1223 1224
f 1076 1224 1225
f 1076 1225 1226
f 1076 1226 1077
f 1077 1226 1227
f 1078 1227 1080
f 1078 1080 1079
f 1080 1227 1228
f 1080 1228 1229
f 1080 1229 1084
f 1080 1084 1083
f 1080 1083 1082
f 1080 1082 1081
f 1084 1229 1085
f 1085 1230 1088
f 1085 1088 1086
f 1085 1229 1231
f 1085 1231 1230
f 1086 1088 1087
f 1088 1232 1089
f 1088 1230 1232
f 1089 1232 1233
f 1089 1233 1090
f 1090 1233 1234
f 1090 1234 1091
f 1091 1235 1236
f 1091 1236 1092
f 1091 1234 1237
f 1091 1237 1235
f 1092 1236 1348
f 1092 1348 1238
f 1092 1238 1093
f 1093 1239 1240
f 1093 1240 1241
f 1093 1241 1095
f 1093 1095 1242
f 1093 1242 1094
f 1093 1238 1239
f 1094 1242 1095
f 1095 1241 1096
f 1096 1241 1240
f 1096 1240 1239
f 1096 1239 1243
f 1096 1243 1097
f 1097 1243 1244
f 1097 1244 1245
f 1097 1245 1246
f 1097 1246 1247
f 1097 1247 1248
f 1097 1248 1098
f 1098 1248 1247
f 1098 1247 1249
f 1098 1249 1250
f 1098 1250 1120
f 1098 1120 1099
f 1099 1120 1100
f 1100 1120 1251
f 1100 1251 1252
f 1100 1252 1102
f 1100 1102 1101
f 1102 1252 1103
f 1103 1252 1104
f 1104 1253 1105
f 1104 1252 1253
f 1105 1253 1106
f 1106 1253 1107
f 1107 1254 1255
f 1107 1255 1108
f 1107 1253 1254
f 1108 1255 1256
f 1108 1256 1135
f 1108 1135 1257
f 1108 1257 1111
f 1109 1111 1110
f 1110 1111 1258
f 1110 1258 1112
f 1111 1257 1258
f 1112 1258 1113
f 1113 1258 1137
f 1113 1137 1133
f 1113 1133 1114
f 1114 1133 1259
f 1116 1138 1260
f 1116 1260 1117
f 1117 1260 1261
f 1117 1261 1118
f 1118 1262 1263
f 1118 1263 1119
f 1118 1261 1256
f 1118 1256 1255
f 1118 1255 1254
f 1118 1254 1262
f 1119 1263 1120
f 1120 1254 1251
f 1120 1250 1264
f 1120 1264 1265
f 1120 1265 1266
f 1120 1266 1121
f 1120 1263 1262
f 1120 1262 1254
f 1121 1266 1267
f 1121 1267 1122
f 1122 1267 1123
f 1123 1127 1124
f 1123 1267 1127
f 1124 1127 1126
f 1124 1126 1125
f 1127 1267 1268
f 1127 1268 1269
f 1127 1269 1270
f 1127 1270 1271
f 1127 1271 1272
f 1127 1272 1273
f 1127 1273 1140
f 1127 1140 1128
f 1129 1274 1130
f 1130 1274 1131
f 1132 1259 1133
f 1134 1137 1257
f 1134 1257 1135
f 1135 1256 1275
f 1135 1275 1138
f 1135 1138 1136
f 1137 1258 1257
f 1138 1275 1260
f 1139 1141 1140
f 1140 1273 1143
f 1142 1144 1146
f 1143 1273 1144
f 1144 1273 1276
f 1144 1276 1277
f 1144 1277 1146
f 1146 1148 1147
f 1146 1277 1278
f 1146 1278 1148
f 1148 1279 1149
f 1148 1278 1280
f 1148 1280 1281
f 1148 1281 1279
f 1149 1279 1152
f 1150 1152 1151
f 1151 1152 1282
f 1151 1282 1153
f 1152 1279 1283
f 1152 1283 1284
f 1152 1284 1285
f 1152 1285 1282
f 1153 1282 1286
f 1153 1286 1287
f 1153 1287 1157
f 1154 1156 1155
f 1155 1156 1288
f 1155 1288 1160
f 1156 1159 1162
f 1156 1162 1161
f 1156 1161 1288
f 1157 1287 1158
f 1158 1287 1289
f 1158 1289 1159
f 1159 1289 1162
f 1160 1288 1161
f 1162 1289 1290
f 1162 1290 1291
f 1162 1291 1163
f 1163 1291 1292
f 1163 1292 1164
f 1164 1292 1293
f 1164 1293 1294
f 1164 1294 1295
f 1164 1295 1171
f 1166 1178 1296
f 1166 1296 1297
f 1166 1297 1167
f 1167 1297 1168
f 1168 1297 1298
f 1168 1298 1169
f 1169 1298 1299
f 1169 1299 1170
f 1170 1299 1300
f 1170 1300 1179
f 1171 1295 1172
f 1172 1301 1173
f 1172 1295 1301
f 1173 1302 1303
f 1173 1303 1174
f 1173 1301 1302
f 1174 1303 1304
f 1174 1304 1175
f 1175 1304 1176
f 1176 1304 1177
f 1177 1304 1305
f 1177 1305 1178
f 1178 1306 1307
f 1178 1307 1308
f 1178 1308 1309
f 1178 1309 1296
f 1178 1305 1306
f 1179 1300 1310
f 1179 1310 1311
f 1179 1311 1312
f 1179 1312 1180
f 1180 1312 1181
f 1181 1312 1313
f 1181 1313 1185
f 1181 1185 1182
f 1182 1185 1184
f 1185 1313 1314
f 1185 1314 1315
f 1185 1315 1187
f 1185 1187 1186
f 1187 1315 1188
f 1188 1315 1316
f 1188 1316 1317
f 1188 1317 1189
f 1189 1317 1318
f 1189 1318 1319
f 1189 1319 1190
f 1190 1319 1320
f 1190 1320 1191
f 1191 1320 1321
f 1191 1321 1193
f 1193 1321 1322
f 1193 1322 1194
f 1194 1322 1195
f 1195 1322 1196
f 1196 1321 1204
f 1196 1204 1200
f 1196 1200 1197
f 1196 1322 1321
f 1200 1204 1203
f 1202 1211 1212
f 1204 1320 1319
f 1204 1319 1206
f 1204 1206 1205
f 1204 1321 1320
f 1206 1319 1207
f 1207 1319 1318
f 1207 1318 1323
f 1207 1323 1324
f 1207 1324 1208
f 1208 1324 1209
f 1209 1324 1210
f 1210 1324 1325
f 1210 1325 1326
f 1210 1326 1327
f 1210 1327 1211
f 1211 1327 1328
f 1211 1328 1213
f 1211 1213 1212
f 1213 1328 1214
f 1214 1329 1330
f 1214 1330 1331
f 1214 1331 1332
f 1214 1332 1215
f 1214 1328 1329
f 1215 1332 1216
f 1216 1332 1217
f 1217 1219 1218
f 1217 1332 1219
f 1219 1333 1220
f 1219 1332 1333
f 1220 1333 1221
f 1221 1333 1331
f 1221 1331 1334
f 1221 1334 1222
f 1222 1334 1335
f 1222 1335 1336
f 1222 1336 1223
f 1223 1337 1224
f 1223 1336 1337
f 1224 1337 1338
f 1224 1338 1339
f 1224 1339 1225
f 1225 1339 1228
f 1225 1228 1227
f 1225 1227 1226
f 1228 1339 1229
f 1229 1339 1231
f 1230 1231 1338
f 1230 1338 1232
f 1231 1339 1338
f 1232 1338 1340
f 1232 1340 1233
f 1233 1340 1341
f 1233 1341 1342
f 1233 1342 1234
f 1234 1342 1237
f 1235 1343 1236
f 1235 1237 1344
f 1235 1344 1343
f 1236 1343 1345
f 1236 1345 1346
f 1236 1346 1347
f 1236 1347 1348
f 1237 1349 1344
f 1237 1342 1349
f 1238 1348 1350
f 1238 1350 1351
f 1238 1351 1428
f 1238 1428 1352
f 1238 1352 1239
f 1239 1352 1243
f 1243 1352 1353
f 1243 1353 1244
f 1244 1353 1354
f 1244 1354 1355
f 1244 1355 1245
f 1245 1355 1356
f 1245 1356 1357
f 1245 1357 1358
f 1245 1358 1246
f 1246 1358 1359
f 1246 1359 1437
f 1246 1437 1360
f 1246 1360 1361
f 1246 1361 1249
f 1246 1249 1247
f 1249 1264 1250
f 1249 1361 1264
f 1251 1254 1252
f 1252 1254 1253
f 1256 1261 1275
f 1260 1275 1261
f 1264 1361 1265
f 1265 1361 1266
f 1266 1269 1267
f 1266 1361 1362
f 1266 1362 1269
f 1267 1269 1363
f 1267 1363 1268
f 1268 1363 1269
f 1269 1362 1364
f 1269 1364 1365
f 1269 1365 1270
f 1270 1365 1366
f 1270 1366 1367
f 1270 1367 1271
f 1271 1367 1368
f 1271 1368 1272
f 1272 1368 1273
f 1273 1368 1369
f 1273 1369 1276
f 1276 1370 1277
f 1276 1369 1371
f 1276 1371 1370
f 1277 1370 1372
f 1277 1372 1278
f 1278 1372 1373
f 1278 1373 1280
f 1279 1281 1283
f 1280 1373 1374
f 1280 1374 1281
f 1281 1374 1375
f 1281 1375 1376
f 1281 1376 1377
f 1281 1377 1283
f 1282 1285 1378
f 1282 1378 1287
f 1282 1287 1286
f 1283 1379 1284
f 1283 1377 1380
f 1283 1380 1379
f 1284 1379 1285
f 1285 1379 1381
f 1285 1381 1378
f 1287 1378 1382
f 1287 1382 1290
f 1287 1290 1289
f 1290 1382 1383
f 1290 1383 1384
f 1290 1384 1291
f 1291 1384 1293
f 1291 1293 1292
f 1293 1384 1385
f 1293 1385 1386
f 1293 1386 1301
f 1293 1301 1294
f 1294 1301 1295
f 1296 1309 1297
f 1297 1309 1387
f 1297 1387 1388
f 1297 1388 1310
f 1297 1310 1298
f 1298 1310 1299
f 1299 1310 1300
f 1301 1386 1302
f 1302 1386 1385
f 1302 1385 1303
f 1303 1389 1390
f 1303 1390 1391
f 1303 1391 1304
f 1303 1385 1392
f 1303 1392 1389
f 1304 1391 1393
f 1304 1393 1305
f 1305 1393 1394
f 1305 1394 1306
f 1306 1394 1307
f 1307 1394 1395
f 1307 1395 1396
f 1307 1396 1397
f 1307 1397 1398
f 1307 1398 1308
f 1308 1398 1309
f 1309 1398 1387
f 1310 1399 1400
f 1310 1400 1314
f 1310 1314 1401
f 1310 1401 1312
f 1310 1312 1311
f 1310 1388 1399
f 1312 1401 1313
f 1313 1401 1314
f 1314 1400 1318
f 1314 1318 1315
f 1315 1318 1316
f 1316 1318 1317
f 1318 1400 1323
f 1323 1400 1402
f 1323 1402 1403
f 1323 1403 1404
f 1323 1404 1324
f 1324 1404 1405
f 1324 1405 1325
f 1325 1405 1406
f 1325 1406 1326
f 1326 1406 1407
f 1326 1407 1327
f 1327 1407 1329
f 1327 1329 1328
f 1329 1407 1406
f 1329 1406 1330
f 1330 1406 1408
f 1330 1408 1409
f 1330 1409 1410
f 1330 1410 1411
f 1330 1411 1331
f 1331 1411 1412
f 1331 1412 1413
f 1331 1413 1334
f 1331 1333 1332
f 1334 1413 1414
f 1334 1414 1415
f 1334 1415 1416
f 1334 1416 1417
f 1334 1417 1335
f 1335 1417 1418
f 1335 1418 1336
f 1336 1418 1419
f 1336 1419 1420
f 1336 1420 1421
f 1336 1421 1422
f 1336 1422 1423
f 1336 1423 1337
f 1337 1340 1338
f 1337 1423 1340
f 1340 1423 1422
f 1340 1422 1344
f 1340 1344 1341
f 1341 1344 1349
f 1341 1349 1342
f 1343 1344 1420
f 1343 1420 1419
f 1343 1419 1424
f 1343 1424 1345
f 1344 1422 1421
f 1344 1421 1420
f 1345 1425 1426
f 1345 1426 1346
f 1345 1424 1425
f 1346 1426 1347
f 1347 1426 1427
f 1347 1427 1428
f 1347 1428 1351
f 1347 1351 1350
f 1347 1350 1348
f 1352 1428 1353
f 1353 1427 1429
f 1353 1429 1354
f 1353 1428 1427
f 1354 1429 1356
f 1354 1356 1355
f 1356 1430 1431
f 1356 1431 1357
f 1356 1429 1430
f 1357 1431 1432
f 1357 1432 1433
f 1357 1433 1358
f 1358 1433 1434
f 1358 1434 1435
f 1358 1435 1359
f 1359 1435 1436
f 1359 1436 1437
f 1360 1437 1438
f 1360 1438 1361
f 1361 1438 1362
f 1362 1438 1364
f 1364 1438 1365
f 1365 1438 1439
f 1365 1439 1440
f 1365 1440 1441
f 1365 1441 1366
f 1366 1441 1367
f 1367 1441 1369
f 1367 1369 1368
f 1369 1442 1443
f 1369 1443 1371
f 1369 1441 1444
f 1369 1444 1445
f 1369 1445 1446
f 1369 1446 1442
f 1370 1371 1447
f 1370 1447 1448
f 1370 1448 1372
f 1371 1443 1447
f 1372 1448 1449
f 1372 1449 1373
f 1373 1449 1375
f 1373 1375 1374
f 1375 1450 1376
f 1375 1449 1451
f 1375 1451 1452
f 1375 1452 1450
f 1376 1450 1377
f 1377 1450 1380
f 1378 1381 1453
f 1378 1453 1382
f 1379 1380 1454
f 1379 1454 1455
f 1379 1455 1381
f 1380 1450 1454
f 1381 1455 1453
f 1382 1453 1456
f 1382 1456 1383
f 1383 1456 1457
f 1383 1457 1392
f 1383 1392 1384
f 1384 1392 1385
f 1387 1398 1458
f 1387 1458 1459
f 1387 1459 1388
f 1388 1459 1399
f 1389 1392 1460
f 1389 1460 1390
f 1390 1461 1462
f 1390 1462 1463
f 1390 1463 1391
f 1390 1460 1461
f 1391 1463 1395
f 1391 1395 1393
f 1392 1457 1460
f 1393 1395 1394
f 1395 1463 1464
f 1395 1464 1465
f 1395 1465 1396
f 1396 1465 1466
f 1396 1466 1397
f 1397 1466 1467
f 1397 1467 1459
f 1397 1459 1458
f 1397 1458 1398
f 1399 1459 1468
f 1399 1468 1402
f 1399 1402 1400
f 1402 1468 1469
f 1402 1469 1470
f 1402 1470 1403
f 1403 1470 1471
f 1403 1471 1472
f 1403 1472 1404
f 1404 1472 1473
f 1404 1473 1405
f 1405 1473 1406
f 1406 1473 1408
f 1408 1473 1472
f 1408 1472 1409
f 1409 1411 1410
f 1409 1472 1471
f 1409 1471 1474
f 1409 1474 1411
f 1411 1474 1475
f 1411 1475 1476
f 1411 1476 1477
f 1411 1477 1478
f 1411 1478 1479
f 1411 1479 1412
f 1412 1414 1413
f 1412 1479 1480
f 1412 1480 1481
f 1412 1481 1414
f 1414 1481 1482
f 1414 1482 1483
f 1414 1483 1415
f 1415 1484 1416
f 1415 1483 1485
f 1415 1485 1484
f 1416 1484 1417
f 1417 1486 1425
f 1417 1425 1418
f 1417 1484 1487
f 1417 1487 1488
f 1417 1488 1489
f 1417 1489 1490
f 1417 1490 1426
f 1417 1426 1486
f 1418 1425 1419
f 1419 1425 1424
f 1425 1486 1426
f 1426 1490 1489
f 1426 1489 1491
f 1426 1491 1492
f 1426 1492 1427
f 1427 1492 1434
f 1427 1434 1430
f 1427 1430 1429
f 1430 1493 1431
f 1430 1434 1493
f 1431 1493 1432
f 1432 1493 1433
f 1433 1493 1434
f 1434 1492 1494
f 1434 1494 1495
f 1434 1495 1496
f 1434 1496 1435
f 1435 1496 1436
f 1436 1496 1440
f 1436 1440 1437
f 1437 1440 1439
f 1437 1439 1438
f 1440 1497 1445
f 1440 1445 1441
f 1440 1496 1497
f 1441 1445 1444
f 1442 1451 1443
f 1442 1446 1451
f 1443 1451 1447
f 1445 1497 1498
f 1445 1498 1446
f 1446 1498 1499
f 1446 1499 1500
f 1446 1500 1451
f 1447 1451 1448
f 1448 1451 1449
f 1450 1501 1454
f 1450 1452 1502
f 1450 1502 1501
f 1451 1500 1452
f 1452 1500 1503
f 1452 1503 1502
f 1453 1455 1456
f 1454 1501 1502
f 1454 1502 1504
f 1454 1504 1505
f 1454 1505 1455
f 1455 1505 1506
f 1455 1506 1507
f 1455 1507 1456
f 1456 1507 1457
f 1457 1507 1508
f 1457 1508 1509
f 1457 1509 1510
f 1457 1510 1460
f 1459 1467 1511
f 1459 1511 1468
f 1460 1510 1461
f 1461 1510 1512
f 1461 1512 1513
f 1461 1513 1514
f 1461 1514 1515
f 1461 1515 1516
f 1461 1516 1517
f 1461 1517 1462
f 1462 1517 1477
f 1462 1477 1518
f 1462 1518 1519
f 1462 1519 1464
f 1462 1464 1463
f 1464 1519 1465
f 1465 1519 1520
f 1465 1520 1466
f 1466 1511 1467
f 1466 1520 1511
f 1468 1511 1469
f 1469 1511 1470
f 1470 1511 1521
f 1470 1521 1471
f 1471 1521 1522
f 1471 1522 1474
f 1474 1522 1475
f 1475 1522 1477
f 1475 1477 1476
f 1477 1517 1478
f 1477 1522 1523
f 1477 1523 1518
f 1478 1517 1516
f 1478 1516 1481
f 1478 1481 1480
f 1478 1480 1524
f 1478 1524 1479
f 1479 1524 1480
f 1481 1516 1482
f 1482 1525 1483
f 1482 1516 1525
f 1483 1525 1526
f 1483 1526 1527
f 1483 1527 1488
f 1483 1488 1487
f 1483 1487 1484
f 1483 1484 1485
f 1488 1527 1528
f 1488 1528 1553
f 1488 1553 1529
f 1488 1529 1489
f 1489 1529 1491
f 1491 1529 1530
f 1491 1530 1531
f 1491 1531 1492
f 1492 1531 1532
f 1492 1532 1494
f 1494 1532 1495
f 1495 1533 1496
f 1495 1532 1533
f 1496 1533 1534
f 1496 1534 1497
f 1497 1534 1498
f 1498 1534 1533
f 1498 1533 1499
f 1499 1535 1503
f 1499 1503 1500
f 1499 1533 1536
f 1499 1536 1537
f 1499 1537 1538
f 1499 1538 1539
f 1499 1539 1535
f 1502 1503 1540
f 1502 1540 1541
f 1502 1541 1542
f 1502 1542 1543
f 1502 1543 1504
f 1503 1535 1540
f 1504 1543 1505
f 1505 1543 1544
f 1505 1544 1506
f 1506 1544 1545
f 1506 1545 1507
f 1507 1545 1508
f 1508 1545 1544
f 1508 1544 1546
f 1508 1546 1547
f 1508 1547 1509
f 1509 1547 1510
f 1510 1547 1512
f 1511 1520 1548
f 1511 1548 1521
f 1512 1547 1513
f 1513 1547 1514
f 1514 1549 1515
f 1514 1547 1549
f 1515 1550 1516
f 1515 1549 1550
f 1516 1550 1551
f 1516 1551 1552
f 1516 1552 1553
f 1516 1553 1525
f 1518 1523 1521
f 1518 1521 1554
f 1518 1554 1519
f 1519 1554 1548
f 1519 1548 1520
f 1521 1548 1554
f 1521 1523 1522
f 1525 1553 1528
f 1525 1528 1526
f 1526 1528 1527
f 1529 1553 1530
f 1530 1553 1555
f 1530 1555 1556
f 1530 1556 1531
f 1531 1556 1557
f 1531 1557 1532
f 1532 1557 1533
f 1533 1557 1537
f 1533 1537 1536
f 1535 1539 1558
f 1535 1558 1559
f 1535 1559 1540
f 1537 1557 1538
f 1538 1557 1556
f 1538 1556 1560
f 1538 1560 1558
f 1538 1558 1539
f 1540 1559 1561
f 1540 1561 1541
f 1541 1561 1542
f 1542 1544 1543
f 1542 1561 1562
f 1542 1562 1563
f 1542 1563 1544
f 1544 1563 1564
f 1544 1564 1546
f 1546 1564 1563
f 1546 1563 1565
f 1546 1565 1549
f 1546 1549 1547
f 1549 1565 1550
f 1550 1565 1563
f 1550 1563 1566
f 1550 1566 1567
f 1550 1567 1568
f 1550 1568 1551
f 1551 1568 1552
f 1552 1568 1555
f 1552 1555 1553
f 1555 1568 1567
f 1555 1567 1560
f 1555 1560 1556
f 1558 1569 1570
f 1558 1570 1559
f 1558 1560 1569
f 1559 1570 1561
f 1560 1567 1566
f 1560 1566 1569
f 1561 1570 1562
f 1562 1570 1566
f 1562 1566 1563
f 1566 1570 1569

