endpoint,source_endpoint,command_reference_endpoint,actuator,actuator_name,joint,joint_name,qpos_address,transmission_type,gear0,unit,ctrl_low,ctrl_high,ctrl_actual,ctrl_reference,ctrl_minus_reference,qpos_actual,qpos_reference,qpos_minus_reference,qvel_actual,actuator_force
0,,0,0,R_forearm_tx_position,0,R_forearm_tx_link_joint,0,0,1.0,m,-5.0,5.0,0.7442481517791748,0.7442481222365191,2.954265565513481e-08,0.7442481517791748,0.7442481222365191,2.954265565513481e-08,0.0,
0,,0,1,R_forearm_ty_position,1,R_forearm_ty_link_joint,1,0,1.0,m,-5.0,5.0,-0.25421974062919617,-0.25421975323512797,1.2605931798415071e-08,-0.25421974062919617,-0.25421975323512797,1.2605931798415071e-08,0.0,
0,,0,2,R_forearm_tz_position,2,R_forearm_tz_link_joint,2,0,1.0,m,-5.0,5.0,0.7736715078353882,0.7552671990117941,0.018404308823594118,0.7736715078353882,0.7552671990117941,0.018404308823594118,0.0,
0,,0,3,R_forearm_roll_position,3,R_forearm_roll_link_joint,3,0,1.0,rad,-6.2,6.2,1.493289589881897,1.4932896066063197,-1.672442273559227e-08,1.493289589881897,1.4932896066063197,-1.672442273559227e-08,0.0,
0,,0,4,R_forearm_pitch_position,4,R_forearm_pitch_link_joint,4,0,1.0,rad,-6.2,6.2,-1.2181024551391602,-1.2315118930062774,0.013409437867117235,-1.2181024551391602,-1.2315118930062774,0.013409437867117235,0.0,
0,,0,5,R_forearm_yaw_position,5,R_forearm_yaw_link_joint,5,0,1.0,rad,-6.2,6.2,1.7400140762329102,1.7355249455189727,0.004489130713937417,1.7400140762329102,1.7355249455189727,0.004489130713937417,0.0,
0,,0,6,right_thumb_bend_position,6,right_hand_thumb_bend_joint,6,0,1.0,rad,0.0,1.83,0.5325284600257874,0.5642902261956645,-0.03176176616987714,0.5325284600257874,0.5642902261956645,-0.03176176616987714,0.0,
0,,0,7,right_thumb_rota1_position,7,right_hand_thumb_rota_joint1,7,0,1.0,rad,-1.05,1.57,1.2065693140029907,1.200645062622745,0.005924251380245771,1.2065693140029907,1.200645062622745,0.005924251380245771,0.0,
0,,0,8,right_thumb_rota2_position,8,right_hand_thumb_rota_joint2,8,0,1.0,rad,-0.175,1.83,-0.17308734357357025,-0.17500000000000002,0.0019126564264297652,-0.17308734357357025,-0.17500000000000002,0.0019126564264297652,0.0,
0,,0,9,right_index_bend_position,9,right_hand_index_bend_joint,9,0,1.0,rad,-0.175,0.175,-0.04501650482416153,-0.04501650649985383,1.67569230019593e-09,-0.04501650482416153,-0.04501650649985383,1.67569230019593e-09,0.0,
0,,0,10,right_index_joint1_position,10,right_hand_index_joint1,10,0,1.0,rad,0.0,1.92,0.5218619704246521,0.5218619610370953,9.387556842987976e-09,0.5218619704246521,0.5218619610370953,9.387556842987976e-09,0.0,
0,,0,11,right_index_joint2_position,11,right_hand_index_joint2,11,0,1.0,rad,0.0,1.92,-3.2529837118158375e-17,-3.2529835819510784e-17,-1.2986475911746584e-24,-3.2529837118158375e-17,-3.2529835819510784e-17,-1.2986475911746584e-24,0.0,
0,,0,12,right_middle_joint1_position,12,right_hand_mid_joint1,12,0,1.0,rad,0.0,1.92,0.38398057222366333,0.3839805818454957,-9.621832386397244e-09,0.38398057222366333,0.3839805818454957,-9.621832386397244e-09,0.0,
0,,0,13,right_middle_joint2_position,13,right_hand_mid_joint2,13,0,1.0,rad,0.0,1.94,-1.2612737483645259e-17,-1.2612737381646863e-17,-1.0199839616825091e-25,-1.2612737483645259e-17,-1.2612737381646863e-17,-1.0199839616825091e-25,0.0,
0,,0,14,right_ring_joint1_position,14,right_hand_ring_joint1,14,0,1.0,rad,0.0,1.92,0.3172605037689209,0.317260518060327,-1.4291406114086413e-08,0.3172605037689209,0.317260518060327,-1.4291406114086413e-08,0.0,
0,,0,15,right_ring_joint2_position,15,right_hand_ring_joint2,15,0,1.0,rad,0.0,1.92,-1.55109037260677e-17,-1.5510904493698386e-17,7.676306861092513e-25,-1.55109037260677e-17,-1.5510904493698386e-17,7.676306861092513e-25,0.0,
0,,0,16,right_pinky_joint1_position,16,right_hand_pinky_joint1,16,0,1.0,rad,0.0,1.92,0.29423266649246216,0.2942326557403812,1.0752080947806775e-08,0.29423266649246216,0.2942326557403812,1.0752080947806775e-08,0.0,
0,,0,17,right_pinky_joint2_position,17,right_hand_pinky_joint2,17,0,1.0,rad,0.0,1.92,5.309528008960994e-18,5.309528181689269e-18,-1.727282750649732e-25,5.309528008960994e-18,5.309528181689269e-18,-1.727282750649732e-25,0.0,
0,,0,18,L_forearm_tx_position,18,L_forearm_tx_link_joint,18,0,1.0,m,-5.0,5.0,0.48122525215148926,0.4846135088630588,-0.0033882567115695594,0.48122525215148926,0.4846135088630588,-0.0033882567115695594,0.0,
0,,0,19,L_forearm_ty_position,19,L_forearm_ty_link_joint,19,0,1.0,m,-5.0,5.0,-0.3126550316810608,-0.31719006049847687,0.004535028817416076,-0.3126550316810608,-0.31719006049847687,0.004535028817416076,0.0,
0,,0,20,L_forearm_tz_position,20,L_forearm_tz_link_joint,20,0,1.0,m,-5.0,5.0,0.7789987921714783,0.7495468796740345,0.029451912497443722,0.7789987921714783,0.7495468796740345,0.029451912497443722,0.0,
0,,0,21,L_forearm_roll_position,21,L_forearm_roll_link_joint,21,0,1.0,rad,-6.2,6.2,1.7574584484100342,1.7541221535107834,0.0033362948992508024,1.7574584484100342,1.7541221535107834,0.0033362948992508024,0.0,
0,,0,22,L_forearm_pitch_position,22,L_forearm_pitch_link_joint,22,0,1.0,rad,-6.2,6.2,1.1510663032531738,1.1576125074848125,-0.006546204231638653,1.1510663032531738,1.1576125074848125,-0.006546204231638653,0.0,
0,,0,23,L_forearm_yaw_position,23,L_forearm_yaw_link_joint,23,0,1.0,rad,-6.2,6.2,1.7912883758544922,1.778422859129716,0.012865516724776205,1.7912883758544922,1.778422859129716,0.012865516724776205,0.0,
0,,0,24,left_thumb_bend_position,24,left_hand_thumb_bend_joint,24,0,1.0,rad,0.0,1.83,0.45064207911491394,0.4506393364843487,2.7426305652666905e-06,0.45064207911491394,0.4506393364843487,2.7426305652666905e-06,0.0,
0,,0,25,left_thumb_rota1_position,25,left_hand_thumb_rota_joint1,25,0,1.0,rad,-1.05,1.57,1.4119333028793335,1.412043648096379,-0.00011034521704544886,1.4119333028793335,1.412043648096379,-0.00011034521704544886,0.0,
0,,0,26,left_thumb_rota2_position,26,left_hand_thumb_rota_joint2,26,0,1.0,rad,-0.17,1.83,-0.15008196234703064,-0.15008196585241818,3.5053875357959896e-09,-0.15008196234703064,-0.15008196585241818,3.5053875357959896e-09,0.0,
0,,0,27,left_index_bend_position,27,left_hand_index_bend_joint,27,0,1.0,rad,-0.175,0.175,0.015893928706645966,0.015893928464564794,2.4208117108126537e-10,0.015893928706645966,0.015893928464564794,2.4208117108126537e-10,0.0,
0,,0,28,left_index_joint1_position,28,left_hand_index_joint1,28,0,1.0,rad,0.0,1.92,0.4700872302055359,0.4700872159413097,1.4264226189109053e-08,0.4700872302055359,0.4700872159413097,1.4264226189109053e-08,0.0,
0,,0,29,left_index_joint2_position,29,left_hand_index_joint2,29,0,1.0,rad,0.0,1.92,0.06454824656248093,0.06454824773836651,-1.1758855833488013e-09,0.06454824656248093,0.06454824773836651,-1.1758855833488013e-09,0.0,
0,,0,30,left_middle_joint1_position,30,left_hand_mid_joint1,30,0,1.0,rad,0.0,1.92,0.29219573736190796,0.292767312839188,-0.0005715754772800397,0.29219573736190796,0.292767312839188,-0.0005715754772800397,0.0,
0,,0,31,left_middle_joint2_position,31,left_hand_mid_joint2,31,0,1.0,rad,0.0,1.92,0.37407296895980835,0.37377016230594456,0.00030280665386378525,0.37407296895980835,0.37377016230594456,0.00030280665386378525,0.0,
0,,0,32,left_ring_joint1_position,32,left_hand_ring_joint1,32,0,1.0,rad,0.0,1.92,0.09431927651166916,0.1501693919963,-0.05585011548463084,0.09431927651166916,0.1501693919963,-0.05585011548463084,0.0,
0,,0,33,left_ring_joint2_position,33,left_hand_ring_joint2,33,0,1.0,rad,0.0,1.92,0.35374540090560913,0.37355581866613086,-0.019810417760521726,0.35374540090560913,0.37355581866613086,-0.019810417760521726,0.0,
0,,0,34,left_pinky_joint1_position,34,left_hand_pinky_joint1,34,0,1.0,rad,0.0,1.92,-4.149598489266632e-26,6.595446032033374e-19,-6.595446446993223e-19,-4.149598489266632e-26,6.595446032033374e-19,-6.595446446993223e-19,0.0,
0,,0,35,left_pinky_joint2_position,35,left_hand_pinky_joint2,35,0,1.0,rad,0.0,1.92,0.5324345231056213,0.5347216377663934,-0.002287114660772027,0.5324345231056213,0.5347216377663934,-0.002287114660772027,0.0,
1,0,1,0,R_forearm_tx_position,0,R_forearm_tx_link_joint,0,0,1.0,m,-5.0,5.0,0.7452816367149353,0.7452816606379904,-2.3923055092467393e-08,0.7441285252571106,0.7452816606379904,-0.0011531353808797995,-0.008338933810591698,1.98095703125
1,0,1,1,R_forearm_ty_position,1,R_forearm_ty_link_joint,1,0,1.0,m,-5.0,5.0,-0.25455406308174133,-0.25455405080866844,-1.2273072891311188e-08,-0.25421109795570374,-0.25455405080866844,0.00034295285296470635,0.0013569399015977979,-0.470977783203125
1,0,1,2,R_forearm_tz_position,2,R_forearm_tz_link_joint,2,0,1.0,m,-5.0,5.0,0.7550394535064697,0.7550394736873844,-2.018091471711614e-08,0.7729405164718628,0.7550394736873844,0.01790104278447835,0.02287938818335533,-20.2364501953125
1,0,1,3,R_forearm_roll_position,3,R_forearm_roll_link_joint,3,0,1.0,rad,-6.2,6.2,1.488049864768982,1.4880499018756213,-3.710663931677516e-08,1.4918270111083984,1.4880499018756213,0.003777109232777187,-0.057502198964357376,-0.320556640625
1,0,1,4,R_forearm_pitch_position,4,R_forearm_pitch_link_joint,4,0,1.0,rad,-6.2,6.2,-1.231841802597046,-1.2318418413197474,3.8722701489746214e-08,-1.2212411165237427,-1.2318418413197474,0.010600724796004712,-0.11386168003082275,-3.806884765625
1,0,1,5,R_forearm_yaw_position,5,R_forearm_yaw_link_joint,5,0,1.0,rad,-6.2,6.2,1.7440760135650635,1.744075987187851,2.637721241427471e-08,1.7414056062698364,1.744075987187851,-0.0026703809180146365,0.05779571086168289,-0.7955322265625
1,0,1,6,right_thumb_bend_position,6,right_hand_thumb_bend_joint,6,0,1.0,rad,0.0,1.83,0.5659452676773071,0.5659452450176725,2.265963461312026e-08,0.5358327627182007,0.5659452450176725,-0.030112482299471832,0.14226309955120087,4.4977264404296875
1,0,1,7,right_thumb_rota1_position,7,right_hand_thumb_rota_joint1,7,0,1.0,rad,-1.05,1.57,1.193637728691101,1.1936377034159253,2.527517573014393e-08,1.2050843238830566,1.1936377034159253,0.011446620467131297,-0.06714311242103577,-1.287109375
1,0,1,8,right_thumb_rota2_position,8,right_hand_thumb_rota_joint2,8,0,1.0,rad,-0.175,1.83,-0.17499999701976776,-0.175,2.980232227667301e-09,-0.17330756783485413,-0.175,0.001692432165145863,-0.009929243475198746,-0.18958663940429688
1,0,1,9,right_index_bend_position,9,right_hand_index_bend_joint,9,0,1.0,rad,-0.175,0.175,-0.04907643422484398,-0.04907643533092708,1.106083100110844e-09,-0.045495226979255676,-0.04907643533092708,0.0035812083516714027,-0.02186731994152069,-0.37610721588134766
1,0,1,10,right_index_joint1_position,10,right_hand_index_joint1,10,0,1.0,rad,0.0,1.92,0.5196184515953064,0.5196184467495596,4.845746803816553e-09,0.521605908870697,0.5196184467495596,0.001987462121137429,-0.011610505171120167,-0.2259674072265625
1,0,1,11,right_index_joint2_position,11,right_hand_index_joint2,11,0,1.0,rad,0.0,1.92,-3.380713964156071e-17,-3.3807139656814246e-17,1.5253537722869925e-26,1.3909030940340017e-06,-3.3807139656814246e-17,1.390903094067809e-06,7.506321708206087e-05,-0.002901052124798298
1,0,1,12,right_middle_joint1_position,12,right_hand_mid_joint1,12,0,1.0,rad,0.0,1.92,0.3791884481906891,0.3791884539177695,-5.727080421014108e-09,0.38342106342315674,0.3791884539177695,0.00423260950538723,-0.025508401915431023,-0.45554351806640625
1,0,1,13,right_middle_joint2_position,13,right_hand_mid_joint2,13,0,1.0,rad,0.0,1.94,-2.01894488511962e-17,-2.0189449425571027e-17,5.743748266430125e-25,1.4736299362994032e-06,-2.0189449425571027e-17,1.4736299363195927e-06,7.916137838037685e-05,-0.003062392584979534
1,0,1,14,right_ring_joint1_position,14,right_hand_ring_joint1,14,0,1.0,rad,0.0,1.92,0.3139612078666687,0.3139612138980272,-6.031358523728159e-09,0.3168795108795166,0.3139612138980272,0.0029182969814893767,-0.01733257621526718,-0.3224945068359375
1,0,1,15,right_ring_joint2_position,15,right_hand_ring_joint2,15,0,1.0,rad,0.0,1.92,-4.0513294699597567e-17,-4.0513295778417536e-17,1.0788199690070604e-24,1.5079418744790019e-06,-4.0513295778417536e-17,1.5079418745195152e-06,8.082208660198376e-05,-0.0031282936688512564
1,0,1,16,right_pinky_joint1_position,16,right_hand_pinky_joint1,16,0,1.0,rad,0.0,1.92,0.2859080135822296,0.28590801939169513,-5.80946551975714e-09,0.29325225949287415,0.28590801939169513,0.0073442401011790115,-0.044796038419008255,-0.772857666015625
1,0,1,17,right_pinky_joint2_position,17,right_hand_pinky_joint2,17,0,1.0,rad,0.0,1.92,5.3168051303999294e-18,5.3168051651352685e-18,-3.4735339082845363e-26,1.5089988210092997e-06,5.3168051651352685e-18,1.5089988210039829e-06,8.167605847120285e-05,-0.003156193532049656
1,0,1,18,L_forearm_tx_position,18,L_forearm_tx_link_joint,18,0,1.0,m,-5.0,5.0,0.48266518115997314,0.4826651826725621,-1.5125889429867811e-09,0.48115161061286926,0.4826651826725621,-0.0015135720596928248,-0.0038834954611957073,1.88543701171875
1,0,1,19,L_forearm_ty_position,19,L_forearm_ty_link_joint,19,0,1.0,m,-5.0,5.0,-0.3174568712711334,-0.3174568593164639,-1.1954669532077133e-08,-0.3132701814174652,-0.3174568593164639,0.004186677898998681,-0.006324258632957935,-3.369781494140625
1,0,1,20,L_forearm_tz_position,20,L_forearm_tz_link_joint,20,0,1.0,m,-5.0,5.0,0.749772310256958,0.7497723332898382,-2.3032880158702085e-08,0.7782206535339355,0.7497723332898382,0.02844832024409738,0.04846183583140373,-33.25689697265625
1,0,1,21,L_forearm_roll_position,21,L_forearm_roll_link_joint,21,0,1.0,rad,-6.2,6.2,1.7307002544403076,1.7307002585946478,-4.154340205175799e-09,1.749916911125183,1.7307002585946478,0.019216652530535283,-0.2931552827358246,-1.39599609375
1,0,1,22,L_forearm_pitch_position,22,L_forearm_pitch_link_joint,22,0,1.0,rad,-6.2,6.2,1.1512094736099243,1.1512095225376455,-4.892772120790312e-08,1.1510002613067627,1.1512095225376455,-0.000209261230882829,-0.0033887680619955063,0.262939453125
1,0,1,23,L_forearm_yaw_position,23,L_forearm_yaw_link_joint,23,0,1.0,rad,-6.2,6.2,1.7649554014205933,1.764955391847864,9.57272927593067e-09,1.784260630607605,1.764955391847864,0.019305238759740995,-0.27114054560661316,-3.2415771484375
1,0,1,24,left_thumb_bend_position,24,left_hand_thumb_bend_joint,24,0,1.0,rad,0.0,1.83,0.45481371879577637,0.4548137168792386,1.916537761825765e-09,0.45116525888442993,0.4548137168792386,-0.0036484579948086737,0.024339992552995682,0.3141021728515625
1,0,1,25,left_thumb_rota1_position,25,left_hand_thumb_rota_joint1,25,0,1.0,rad,-1.05,1.57,1.412156343460083,1.412156291911288,5.15487950103477e-08,1.4119592905044556,1.412156291911288,-0.00019700140683243106,0.0011318550677970052,0.02288818359375
1,0,1,26,left_thumb_rota2_position,26,left_hand_thumb_rota_joint2,26,0,1.0,rad,-0.17,1.83,-0.15578025579452515,-0.15578026133689343,5.542368286537425e-09,-0.15076179802417755,-0.15578026133689343,0.005018463312715882,-0.03115430474281311,-0.5103302001953125
1,0,1,27,left_index_bend_position,27,left_hand_index_bend_joint,27,0,1.0,rad,-0.175,0.175,0.020194241777062416,0.020194242543325108,-7.662626921867144e-10,0.016413725912570953,0.020194242543325108,-0.003780516630754155,0.023909499868750572,0.3694424629211426
1,0,1,28,left_index_joint1_position,28,left_hand_index_joint1,28,0,1.0,rad,0.0,1.92,0.46959739923477173,0.4695973950426436,4.19212814462e-09,0.4700395166873932,0.4695973950426436,0.0004421216447496046,-0.0019607958383858204,-0.070892333984375
1,0,1,29,left_index_joint2_position,29,left_hand_index_joint2,29,0,1.0,rad,0.0,1.92,0.06669698655605316,0.06669698961039985,-3.054346692232812e-09,0.06480581313371658,0.06669698961039985,-0.0018911764766832706,0.01182608213275671,0.18946456909179688
1,0,1,30,left_middle_joint1_position,30,left_hand_mid_joint1,30,0,1.0,rad,0.0,1.92,0.28733086585998535,0.2873308712001376,-5.340152264832199e-09,0.29162660241127014,0.2873308712001376,0.004295731211132525,-0.025849970057606697,-0.463836669921875
1,0,1,31,left_middle_joint2_position,31,left_hand_mid_joint2,31,0,1.0,rad,0.0,1.92,0.36243313550949097,0.3624331428579634,-7.3484724416594815e-09,0.3726849853992462,0.3624331428579634,0.010251842541282807,-0.06356225907802582,-1.0450973510742188
1,0,1,32,left_ring_joint1_position,32,left_hand_ring_joint1,32,0,1.0,rad,0.0,1.92,0.14062008261680603,0.14062008149681596,1.1199900729064183e-09,0.09862469136714935,0.14062008149681596,-0.041995390129666604,0.18001776933670044,6.585430145263672
1,0,1,33,left_ring_joint2_position,33,left_hand_ring_joint2,33,0,1.0,rad,0.0,1.92,0.3922935426235199,0.3922935523220978,-9.698577885242088e-09,0.3579428195953369,0.3922935523220978,-0.03435073272676087,0.18443459272384644,4.241546630859375
1,0,1,34,left_pinky_joint1_position,34,left_hand_pinky_joint1,34,0,1.0,rad,0.0,1.92,-1.2730776157056576e-17,-1.273077574346627e-17,-4.1359030627651384e-25,0.00028084038058295846,-1.273077574346627e-17,0.0002808403805829712,0.012057682499289513,-0.2991962134838104
1,0,1,35,left_pinky_joint2_position,35,left_hand_pinky_joint2,35,0,1.0,rad,0.0,1.92,0.5372393727302551,0.5372393748670568,-2.136801624530449e-09,0.5332375168800354,0.5372393748670568,-0.004001857987021351,0.03759295493364334,0.077301025390625
2,1,2,0,R_forearm_tx_position,0,R_forearm_tx_link_joint,0,0,1.0,m,-5.0,5.0,0.7465319037437439,0.7465318778388977,2.590484615705435e-08,0.7441442012786865,0.7465318778388977,-0.002387676560211216,0.004401081241667271,1.9949951171875
2,1,2,1,R_forearm_ty_position,1,R_forearm_ty_link_joint,1,0,1.0,m,-5.0,5.0,-0.2532201409339905,-0.2532201520262167,1.1092226248621273e-08,-0.253862202167511,-0.2532201520262167,-0.0006420501412942592,0.013665049336850643,-0.6663818359375
2,1,2,2,R_forearm_tz_position,2,R_forearm_tz_link_joint,2,0,1.0,m,-5.0,5.0,0.7554593086242676,0.7554593047164475,3.907820067539092e-09,0.7736932635307312,0.7554593047164475,0.01823395881428369,0.020948439836502075,-20.274169921875
2,1,2,3,R_forearm_roll_position,3,R_forearm_roll_link_joint,3,0,1.0,rad,-6.2,6.2,1.5040470361709595,1.504047068508051,-3.2337091449008426e-08,1.4946823120117188,1.504047068508051,-0.009364756496332172,0.13799577951431274,1.2291259765625
2,1,2,4,R_forearm_pitch_position,4,R_forearm_pitch_link_joint,4,0,1.0,rad,-6.2,6.2,-1.2301833629608154,-1.2301833047709871,-5.818982828920127e-08,-1.2241742610931396,-1.2301833047709871,0.006009043677847492,-0.06698932498693466,-1.669921875
2,1,2,5,R_forearm_yaw_position,5,R_forearm_yaw_link_joint,5,0,1.0,rad,-6.2,6.2,1.7356953620910645,1.7356953764090521,-1.4317987684364653e-08,1.740659236907959,1.7356953764090521,0.004963860498906847,-0.05400034785270691,-1.8836669921875
2,1,2,6,right_thumb_bend_position,6,right_hand_thumb_bend_joint,6,0,1.0,rad,0.0,1.83,0.5678085088729858,0.5678085311076138,-2.2234627916617455e-08,0.5414074659347534,0.5678085311076138,-0.02640106517286034,0.1747070699930191,2.0337371826171875
2,1,2,7,right_thumb_rota1_position,7,right_hand_thumb_rota_joint1,7,0,1.0,rad,-1.05,1.57,1.1875545978546143,1.1875545967156989,1.1389154064289642e-09,1.2018781900405884,1.1875545967156989,0.014323593324889528,-0.10878594219684601,-0.678558349609375
2,1,2,8,right_thumb_rota2_position,8,right_hand_thumb_rota_joint2,8,0,1.0,rad,-0.175,1.83,-0.17499999701976776,-0.175,2.980232227667301e-09,-0.17366358637809753,-0.175,0.0013364136219024547,-0.010684381239116192,-0.03867340087890625
2,1,2,9,right_index_bend_position,9,right_hand_index_bend_joint,9,0,1.0,rad,-0.175,0.175,-0.052245382219552994,-0.052245380785361166,-1.434191827798248e-09,-0.04669338837265968,-0.052245380785361166,0.005551992412701483,-0.04249142110347748,-0.26149463653564453
2,1,2,10,right_index_joint1_position,10,right_hand_index_joint1,10,0,1.0,rad,0.0,1.92,0.5161321759223938,0.5161321758536027,6.879108394031164e-11,0.5207533836364746,0.5161321758536027,0.0046212077828718945,-0.032470349222421646,-0.324310302734375
2,1,2,11,right_index_joint2_position,11,right_hand_index_joint2,11,0,1.0,rad,0.0,1.92,1.0160181378139014e-16,1.0160181600260623e-16,-2.221216087258629e-24,3.971570549765602e-06,1.0160181600260623e-16,3.971570549664e-06,7.561442180303857e-05,-0.0037666538264602423
2,1,2,12,right_middle_joint1_position,12,right_hand_mid_joint1,12,0,1.0,rad,0.0,1.92,0.3834275007247925,0.38342750652464475,-5.799852265120364e-09,0.38296961784362793,0.38342750652464475,-0.0004578886810168159,-0.006210409104824066,0.38997650146484375
2,1,2,13,right_middle_joint2_position,13,right_hand_mid_joint2,13,0,1.0,rad,0.0,1.94,-6.704413842847434e-18,-6.704413990774788e-18,1.479273541029276e-25,4.157048806519015e-06,-6.704413990774788e-18,4.157048806525719e-06,7.828087836969644e-05,-0.003913528751581907
2,1,2,14,right_ring_joint1_position,14,right_hand_ring_joint1,14,0,1.0,rad,0.0,1.92,0.30903691053390503,0.30903691382351894,-3.289613914603251e-09,0.31564071774482727,0.30903691382351894,0.006603803921308327,-0.04691879823803902,-0.44530487060546875
2,1,2,15,right_ring_joint2_position,15,right_hand_ring_joint2,15,0,1.0,rad,0.0,1.92,1.3369492766026134e-17,1.3369492754631704e-17,1.1394430174528735e-26,4.26404085374088e-06,1.3369492754631704e-17,4.264040853727511e-06,8.044632704695687e-05,-0.004020381718873978
2,1,2,16,right_pinky_joint1_position,16,right_hand_pinky_joint1,16,0,1.0,rad,0.0,1.92,0.2783396542072296,0.27833965770918145,-3.5019518396239846e-09,0.29066941142082214,0.27833965770918145,0.01232975371164069,-0.09291421622037888,-0.635223388671875
2,1,2,17,right_pinky_joint2_position,17,right_hand_pinky_joint2,17,0,1.0,rad,0.0,1.92,5.316947819055595e-18,5.316947944360104e-18,-1.253045089150763e-25,4.294976406526985e-06,5.316947944360104e-18,4.294976406521668e-06,8.118386176647618e-05,-0.004056328907608986
2,1,2,18,L_forearm_tx_position,18,L_forearm_tx_link_joint,18,0,1.0,m,-5.0,5.0,0.48228585720062256,0.48228585930555273,-2.1049301746067783e-09,0.480737566947937,0.48228585930555273,-0.0015482923576157215,-0.013901117257773876,2.790069580078125
2,1,2,19,L_forearm_ty_position,19,L_forearm_ty_link_joint,19,0,1.0,m,-5.0,5.0,-0.31722408533096313,-0.31722409795675754,1.2625794409970581e-08,-0.3133728802204132,-0.31722409795675754,0.0038512177363443367,-0.004786187782883644,-3.380767822265625
2,1,2,20,L_forearm_tz_position,20,L_forearm_tz_link_joint,20,0,1.0,m,-5.0,5.0,0.7505906224250793,0.7505906041375763,1.828750306742677e-08,0.7797606587409973,0.7505906041375763,0.029170054603421036,0.04182368889451027,-33.17193603515625
2,1,2,21,L_forearm_roll_position,21,L_forearm_roll_link_joint,21,0,1.0,rad,-6.2,6.2,1.7178272008895874,1.7178271493024249,5.158716254172191e-08,1.7378411293029785,1.7178271493024249,0.020013980000553655,-0.3515571653842926,1.94873046875
2,1,2,22,L_forearm_pitch_position,22,L_forearm_pitch_link_joint,22,0,1.0,rad,-6.2,6.2,1.144582748413086,1.1445827775333877,-2.9120301725527042e-08,1.1490635871887207,1.1445827775333877,0.00448080965533304,-0.07567986100912094,0.12548828125
2,1,2,23,L_forearm_yaw_position,23,L_forearm_yaw_link_joint,23,0,1.0,rad,-6.2,6.2,1.7561612129211426,1.7561612171132626,-4.192119984480769e-09,1.7734330892562866,1.7561612171132626,0.01727187214302406,-0.3108832836151123,2.0770263671875
2,1,2,24,left_thumb_bend_position,24,left_hand_thumb_bend_joint,24,0,1.0,rad,0.0,1.83,0.45944854617118835,0.4594485325770237,1.359416462731744e-08,0.45262253284454346,0.4594485325770237,-0.00682599973248027,0.05295291543006897,0.30352783203125
2,1,2,25,left_thumb_rota1_position,25,left_hand_thumb_rota_joint1,25,0,1.0,rad,-1.05,1.57,1.4122916460037231,1.4122916850892195,-3.908549639497494e-08,1.4120173454284668,1.4122916850892195,-0.00027433966075274263,0.0020453641191124916,0.0142822265625
2,1,2,26,left_thumb_rota2_position,26,left_hand_thumb_rota_joint2,26,0,1.0,rad,-0.17,1.83,-0.16147980093955994,-0.16147980299186973,2.052309794331464e-09,-0.15260867774486542,-0.16147980299186973,0.008871125247004313,-0.06693355739116669,-0.4569282531738281
2,1,2,27,left_index_bend_position,27,left_hand_index_bend_joint,27,0,1.0,rad,-0.175,0.175,0.025389622896909714,0.025389623415030003,-5.181202897275305e-10,0.017926804721355438,0.025389623415030003,-0.007462818693674565,0.055764082819223404,0.4061717987060547
2,1,2,28,left_index_joint1_position,28,left_hand_index_joint1,28,0,1.0,rad,0.0,1.92,0.4710446000099182,0.4710446126460606,-1.2636142410205053e-08,0.4701358377933502,0.4710446126460606,-0.0009087748527104034,0.0055199433118104935,0.1005859375
2,1,2,29,left_index_joint2_position,29,left_hand_index_joint2,29,0,1.0,rad,0.0,1.92,0.0712665319442749,0.07126653557294892,-3.6286740140445417e-09,0.06579367816448212,0.07126653557294892,-0.0054728574084668,0.03854652866721153,0.38535118103027344
2,1,2,30,left_middle_joint1_position,30,left_hand_mid_joint1,30,0,1.0,rad,0.0,1.92,0.2843421399593353,0.2843421453905478,-5.431212479756198e-09,0.2902989685535431,0.2843421453905478,0.005956823162995284,-0.04616411030292511,-0.25707244873046875
2,1,2,31,left_middle_joint2_position,31,left_hand_mid_joint2,31,0,1.0,rad,0.0,1.92,0.35272982716560364,0.3527298274104169,-2.4481328075864894e-10,0.36914652585983276,0.3527298274104169,0.016416698449415845,-0.12604935467243195,-0.7632217407226562
2,1,2,32,left_ring_joint1_position,32,left_hand_ring_joint1,32,0,1.0,rad,0.0,1.92,0.13231533765792847,0.1323153376782818,-2.0353330132394376e-11,0.10373417288064957,0.1323153376782818,-0.02858116479763223,0.13136865198612213,4.0200042724609375
2,1,2,33,left_ring_joint2_position,33,left_hand_ring_joint2,33,0,1.0,rad,0.0,1.92,0.4120418429374695,0.4120418345517407,8.38572877803756e-09,0.3667525351047516,0.4120418345517407,-0.04528929944698912,0.29810476303100586,3.6714553833007812
2,1,2,34,left_pinky_joint1_position,34,left_hand_pinky_joint1,34,0,1.0,rad,0.0,1.92,4.311727332998491e-18,4.311727332998491e-18,0.0,0.0012718369252979755,4.311727332998491e-18,0.0012718369252979712,0.0392816960811615,-1.682105302810669
2,1,2,35,left_pinky_joint2_position,35,left_hand_pinky_joint2,35,0,1.0,rad,0.0,1.92,0.5393256545066833,0.539325631036449,2.347023431159556e-08,0.5352572202682495,0.539325631036449,-0.004068410768199526,0.07207131385803223,-1.1540069580078125
3,2,3,0,R_forearm_tx_position,0,R_forearm_tx_link_joint,0,0,1.0,m,-5.0,5.0,0.7465635538101196,0.7465635723838255,-1.8573705906632654e-08,0.7443652749061584,0.7465635723838255,-0.0021982974776670883,0.007048857398331165,1.49151611328125
3,2,3,1,R_forearm_ty_position,1,R_forearm_ty_link_joint,1,0,1.0,m,-5.0,5.0,-0.25286969542503357,-0.2528696811658293,-1.4259204261790615e-08,-0.253355473279953,-0.2528696811658293,-0.0004857921141236954,0.014663674868643284,-0.9712677001953125
3,2,3,2,R_forearm_tz_position,2,R_forearm_tz_link_joint,2,0,1.0,m,-5.0,5.0,0.7557848691940308,0.7557848875569697,-1.8362938947191765e-08,0.7743634581565857,0.7557848875569697,0.018578570599615984,0.018429851159453392,-20.37933349609375
3,2,3,3,R_forearm_roll_position,3,R_forearm_roll_link_joint,3,0,1.0,rad,-6.2,6.2,1.512994647026062,1.512994681263072,-3.423700989380052e-08,1.5015432834625244,1.512994681263072,-0.011451397800547491,0.21214358508586884,-1.684326171875
3,2,3,4,R_forearm_pitch_position,4,R_forearm_pitch_link_joint,4,0,1.0,rad,-6.2,6.2,-1.228963851928711,-1.2289638858883754,3.3959664413885093e-08,-1.2253775596618652,-1.2289638858883754,0.003586326226510117,-0.018748870119452477,-2.275390625
3,2,3,5,R_forearm_yaw_position,5,R_forearm_yaw_link_joint,5,0,1.0,rad,-6.2,6.2,1.7269214391708374,1.7269214909574797,-5.1786642307760644e-08,1.7363123893737793,1.7269214909574797,0.009390898416299587,-0.14815084636211395,-0.3685302734375
3,2,3,6,right_thumb_bend_position,6,right_hand_thumb_bend_joint,6,0,1.0,rad,0.0,1.83,0.5705194473266602,0.5705194238100691,2.351659100785497e-08,0.5472365617752075,0.5705194238100691,-0.02328286203486163,0.16786140203475952,1.2476348876953125
3,2,3,7,right_thumb_rota1_position,7,right_hand_thumb_rota_joint1,7,0,1.0,rad,-1.05,1.57,1.1834535598754883,1.1834535858200634,-2.5944575154923655e-08,1.1978192329406738,1.1834535858200634,0.014365647120610392,-0.12428881973028183,-0.10772705078125
3,2,3,8,right_thumb_rota2_position,8,right_hand_thumb_rota_joint2,8,0,1.0,rad,-0.175,1.83,-0.17499999701976776,-0.175,2.980232227667301e-09,-0.17398636043071747,-0.175,0.0010136395692825206,-0.00875622034072876,-0.001979827880859375
3,2,3,9,right_index_bend_position,9,right_hand_index_bend_joint,9,0,1.0,rad,-0.175,0.175,-0.055690549314022064,-0.055690547605275746,-1.7087463180520679e-09,-0.04853590205311775,-0.055690547605275746,0.007154645552157994,-0.060304056853055954,-0.12926292419433594
3,2,3,10,right_index_joint1_position,10,right_hand_index_joint1,10,0,1.0,rad,0.0,1.92,0.5106459856033325,0.5106459930122833,-7.4089507862140636e-09,0.5189678072929382,0.5106459930122833,0.008321814280654927,-0.0633828341960907,-0.4025421142578125
3,2,3,11,right_index_joint2_position,11,right_hand_index_joint2,11,0,1.0,rad,0.0,1.92,2.907597755766771e-17,2.9075978144666443e-17,-5.869987335161831e-25,6.261482212721603e-06,2.9075978144666443e-17,6.261482212692527e-06,6.195699097588658e-05,-0.004019199870526791
3,2,3,12,right_middle_joint1_position,12,right_hand_mid_joint1,12,0,1.0,rad,0.0,1.92,0.38738900423049927,0.38738899387591896,1.0354580304294814e-08,0.3833964467048645,0.38738899387591896,-0.003992547171054461,0.02307690680027008,0.47368621826171875
3,2,3,13,right_middle_joint2_position,13,right_hand_mid_joint2,13,0,1.0,rad,0.0,1.94,-1.1000762647487646e-17,-1.1000762567967644e-17,-7.952000188920448e-26,6.5011495280487e-06,-1.1000762567967644e-17,6.5011495280597e-06,6.341704283840954e-05,-0.004138934426009655
3,2,3,14,right_ring_joint1_position,14,right_hand_ring_joint1,14,0,1.0,rad,0.0,1.92,0.3045310974121094,0.3045310968844759,5.276334924531056e-10,0.3134728670120239,0.3045310968844759,0.008941770127548043,-0.07269510626792908,-0.26029205322265625
3,2,3,15,right_ring_joint2_position,15,right_hand_ring_joint2,15,0,1.0,rad,0.0,1.92,2.165552226218926e-17,2.165552148924533e-17,7.729439293138752e-25,6.68527718516998e-06,2.165552148924533e-17,6.685277185148325e-06,6.546606164192781e-05,-0.00426664762198925
3,2,3,16,right_pinky_joint1_position,16,right_hand_pinky_joint1,16,0,1.0,rad,0.0,1.92,0.269961953163147,0.2699619504769817,2.6861652901999378e-09,0.2865181267261505,0.2699619504769817,0.01655617624916883,-0.13746853172779083,-0.37744140625
3,2,3,17,right_pinky_joint2_position,17,right_hand_pinky_joint2,17,0,1.0,rad,0.0,1.92,5.30862762286423e-18,5.308627673265848e-18,-5.040161745949307e-26,6.739030595781514e-06,5.308627673265848e-18,6.739030595776206e-06,6.60000805510208e-05,-0.004302263259887695
3,2,3,18,L_forearm_tx_position,18,L_forearm_tx_link_joint,18,0,1.0,m,-5.0,5.0,0.4820095896720886,0.48200958049843884,9.173649784255389e-09,0.4802010953426361,0.48200958049843884,-0.0018084851558027304,-0.013575293123722076,3.24639892578125
3,2,3,19,L_forearm_ty_position,19,L_forearm_ty_link_joint,19,0,1.0,m,-5.0,5.0,-0.3172494173049927,-0.31724942645074095,9.145748269823173e-09,-0.31373724341392517,-0.31724942645074095,0.0035121830368157747,-0.016846707090735435,-1.909423828125
3,2,3,20,L_forearm_tz_position,20,L_forearm_tz_link_joint,20,0,1.0,m,-5.0,5.0,0.7502291202545166,0.7502290931404615,2.7114055112242852e-08,0.7813020944595337,0.7502290931404615,0.031073001319072202,0.0484531968832016,-35.80133056640625
3,2,3,21,L_forearm_roll_position,21,L_forearm_roll_link_joint,21,0,1.0,rad,-6.2,6.2,1.718285083770752,1.7182850785516066,5.21914533813117e-09,1.728824257850647,1.7182850785516066,0.010539179299040358,-0.20167960226535797,2.62841796875
3,2,3,22,L_forearm_pitch_position,22,L_forearm_pitch_link_joint,22,0,1.0,rad,-6.2,6.2,1.1378780603408813,1.1378780232402594,3.710062190798169e-08,1.1452829837799072,1.1378780232402594,0.007404960539647787,-0.10686317086219788,-0.6934814453125
3,2,3,23,L_forearm_yaw_position,23,L_forearm_yaw_link_joint,23,0,1.0,rad,-6.2,6.2,1.7588109970092773,1.7588109557612581,4.1248019222450694e-08,1.7662444114685059,1.7588109557612581,0.007433455707247738,-0.14491064846515656,2.0987548828125
3,2,3,24,left_thumb_bend_position,24,left_hand_thumb_bend_joint,24,0,1.0,rad,0.0,1.83,0.4658645987510681,0.46586460307586136,-4.324793245746861e-09,0.4551946520805359,0.46586460307586136,-0.010669950995325472,0.08777619153261185,0.2824554443359375
3,2,3,25,left_thumb_rota1_position,25,left_hand_thumb_rota_joint1,25,0,1.0,rad,-1.05,1.57,1.412540078163147,1.4125400773194279,8.43719094589801e-10,1.4121155738830566,1.4125400773194279,-0.00042450343637123744,0.0033654500730335712,0.015533447265625
3,2,3,26,left_thumb_rota2_position,26,left_hand_thumb_rota_joint2,26,0,1.0,rad,-0.17,1.83,-0.16720633208751678,-0.1672063356139556,3.5264388076328146e-09,-0.15557043254375458,-0.1672063356139556,0.011635903070201015,-0.09771352261304855,-0.22702407836914062
3,2,3,27,left_index_bend_position,27,left_hand_index_bend_joint,27,0,1.0,rad,-0.175,0.175,0.03272511810064316,0.032725117369246055,7.31397102604614e-10,0.020716095343232155,0.032725117369246055,-0.0120090220260139,0.09615232050418854,0.4118490219116211
3,2,3,28,left_index_joint1_position,28,left_hand_index_joint1,28,0,1.0,rad,0.0,1.92,0.4755491614341736,0.4755491580525389,3.381634694488156e-09,0.4708951413631439,0.4755491580525389,-0.004654016689394969,0.03163725882768631,0.3734893798828125
3,2,3,29,left_index_joint2_position,29,left_hand_index_joint2,29,0,1.0,rad,0.0,1.92,0.08245815336704254,0.08245815133019743,2.0368451092434015e-09,0.06848624348640442,0.08245815133019743,-0.013971907843793013,0.10148392617702484,0.8676834106445312
3,2,3,30,left_middle_joint1_position,30,left_hand_mid_joint1,30,0,1.0,rad,0.0,1.92,0.28558027744293213,0.2855802885309076,-1.108797548221574e-08,0.2889080047607422,0.2855802885309076,0.0033277162298345764,-0.03754926472902298,0.29918670654296875
3,2,3,31,left_middle_joint2_position,31,left_hand_mid_joint2,31,0,1.0,rad,0.0,1.92,0.34792619943618774,0.34792620893967013,-9.503482389927598e-09,0.364318311214447,0.34792620893967013,0.016392102274776887,-0.14968524873256683,0.1319427490234375
3,2,3,32,left_ring_joint1_position,32,left_hand_ring_joint1,32,0,1.0,rad,0.0,1.92,0.12688149511814117,0.12688149847272648,-3.3545853039829154e-09,0.10640264302492142,0.12688149847272648,-0.02047885544780506,0.026370944455266,4.713138580322266
3,2,3,33,left_ring_joint2_position,33,left_hand_ring_joint2,33,0,1.0,rad,0.0,1.92,0.43600302934646606,0.4360030162467567,1.309970937279914e-08,0.3790838122367859,0.4360030162467567,-0.0569192040099708,0.3795982003211975,4.081352233886719
3,2,3,34,left_pinky_joint1_position,34,left_hand_pinky_joint1,34,0,1.0,rad,0.0,1.92,3.383379222807778e-18,3.383379222807778e-18,0.0,0.0021675757598131895,3.383379222807778e-18,0.002167575759813186,0.018164876848459244,-1.1219391822814941
3,2,3,35,left_pinky_joint2_position,35,left_hand_pinky_joint2,35,0,1.0,rad,0.0,1.92,0.5412276983261108,0.5412276859794745,1.2346636379945153e-08,0.5375038385391235,0.5412276859794745,-0.0037238474403509247,0.056719742715358734,-0.7270660400390625
4,3,4,0,R_forearm_tx_position,0,R_forearm_tx_link_joint,0,0,1.0,m,-5.0,5.0,0.7464686632156372,0.7464686768802345,-1.3664597342533114e-08,0.7445809841156006,0.7464686768802345,-0.0018876927646339636,0.005667580291628838,1.3045654296875
4,3,4,1,R_forearm_ty_position,1,R_forearm_ty_link_joint,1,0,1.0,m,-5.0,5.0,-0.25294071435928345,-0.2529407210960006,6.736717128585923e-09,-0.2529333829879761,-0.2529407210960006,7.338108024501633e-06,0.01083339098840952,-1.101531982421875
4,3,4,2,R_forearm_tz_position,2,R_forearm_tz_link_joint,2,0,1.0,m,-5.0,5.0,0.7558671832084656,0.7558671773844081,5.8240574585255445e-09,0.7748895883560181,0.7558671773844081,0.01902241097160995,0.013713679276406765,-20.370849609375
4,3,4,3,R_forearm_roll_position,3,R_forearm_roll_link_joint,3,0,1.0,rad,-6.2,6.2,1.5183991193771362,1.5183990643506249,5.5026511347477935e-08,1.508843183517456,1.5183990643506249,-0.009555880833168828,0.19745779037475586,-2.9029541015625
4,3,4,4,R_forearm_pitch_position,4,R_forearm_pitch_link_joint,4,0,1.0,rad,-6.2,6.2,-1.2258347272872925,-1.2258347856696292,5.838233674282378e-08,-1.2247856855392456,-1.2258347856696292,0.0010491001303836178,0.031495340168476105,-2.889892578125
4,3,4,5,R_forearm_yaw_position,5,R_forearm_yaw_link_joint,5,0,1.0,rad,-6.2,6.2,1.71987783908844,1.719877856418553,-1.7330113122326907e-08,1.7301100492477417,1.719877856418553,0.010232192829188635,-0.1810787320137024,1.0174560546875
4,3,4,6,right_thumb_bend_position,6,right_hand_thumb_bend_joint,6,0,1.0,rad,0.0,1.83,0.5745834708213806,0.5745834834151514,-1.2593770803981386e-08,0.5527323484420776,0.5745834834151514,-0.021851134973073782,0.15642690658569336,1.197723388671875
4,3,4,7,right_thumb_rota1_position,7,right_hand_thumb_rota_joint1,7,0,1.0,rad,-1.05,1.57,1.180200457572937,1.1802004988607537,-4.128781672108062e-08,1.1935797929763794,1.1802004988607537,0.013379294115625662,-0.12375014275312424,0.204010009765625
4,3,4,8,right_thumb_rota2_position,8,right_hand_thumb_rota_joint2,8,0,1.0,rad,-0.175,1.83,-0.17499999701976776,-0.17500000000000002,2.9802322554228766e-09,-0.17423363029956818,-0.17500000000000002,0.0007663697004318404,-0.006384894717484713,-0.007568359375
4,3,4,9,right_index_bend_position,9,right_hand_index_bend_joint,9,0,1.0,rad,-0.175,0.175,-0.058306701481342316,-0.05830670305338598,1.5720436619126588e-09,-0.05079540237784386,-0.05830670305338598,0.007511300675542121,-0.06929869949817657,0.08901786804199219
4,3,4,10,right_index_joint1_position,10,right_hand_index_joint1,10,0,1.0,rad,0.0,1.92,0.5061669945716858,0.5061669763938575,1.817782824264924e-08,0.5162973999977112,0.5061669763938575,0.010130423603853633,-0.08637908846139908,-0.1447296142578125
4,3,4,11,right_index_joint2_position,11,right_hand_index_joint2,11,0,1.0,rad,0.0,1.92,4.071094123516099e-17,4.07109396130632e-17,1.6220977878326958e-24,8.028961019590497e-06,4.07109396130632e-17,8.028961019549787e-06,4.576946230372414e-05,-0.004003351554274559
4,3,4,12,right_middle_joint1_position,12,right_hand_mid_joint1,12,0,1.0,rad,0.0,1.92,0.38940495252609253,0.38940494960277255,2.9233199749789662e-09,0.3845466077327728,0.38940494960277255,-0.004858341869999727,0.03960208222270012,0.14324188232421875
4,3,4,13,right_middle_joint2_position,13,right_hand_mid_joint2,13,0,1.0,rad,0.0,1.94,1.0513798112155228e-17,1.0513798126563538e-17,-1.4408310240780543e-26,8.302677088067867e-06,1.0513798126563538e-17,8.302677088057353e-06,4.6990233386168256e-05,-0.004123208578675985
4,3,4,14,right_ring_joint1_position,14,right_hand_ring_joint1,14,0,1.0,rad,0.0,1.92,0.3004209101200104,0.3004208966873874,1.3432622958386986e-08,0.3106035590171814,0.3004208966873874,0.010182662329793979,-0.0902104303240776,-0.01818084716796875
4,3,4,15,right_ring_joint2_position,15,right_hand_ring_joint2,15,0,1.0,rad,0.0,1.92,1.8087281820955988e-17,1.808728232776489e-17,-5.068089024367845e-25,8.544686352252029e-06,1.808728232776489e-17,8.544686352233941e-06,4.831609840039164e-05,-0.004244104493409395
4,3,4,16,right_pinky_joint1_position,16,right_hand_pinky_joint1,16,0,1.0,rad,0.0,1.92,0.26156821846961975,0.2615682329499896,-1.4480369847635899e-08,0.28104865550994873,0.2615682329499896,0.019480422559959132,-0.1725819706916809,-0.03820037841796875
4,3,4,17,right_pinky_joint2_position,17,right_hand_pinky_joint2,17,0,1.0,rad,0.0,1.92,5.308771138700508e-18,5.308771192789095e-18,-5.408858693014889e-26,8.614449143351521e-06,5.308771192789095e-18,8.614449143346212e-06,4.86969729536213e-05,-0.004278863780200481
4,3,4,18,L_forearm_tx_position,18,L_forearm_tx_link_joint,18,0,1.0,m,-5.0,5.0,0.48205190896987915,0.4820519195458582,-1.057597903697527e-08,0.47963380813598633,0.4820519195458582,-0.0024181114098718592,-0.015375230461359024,4.1361083984375
4,3,4,19,L_forearm_ty_position,19,L_forearm_ty_link_joint,19,0,1.0,m,-5.0,5.0,-0.31726592779159546,-0.3172659404002733,1.2608677824044179e-08,-0.31445378065109253,-0.3172659404002733,0.0028121597491807537,-0.02363058365881443,-0.597320556640625
4,3,4,20,L_forearm_tz_position,20,L_forearm_tz_link_joint,20,0,1.0,m,-5.0,5.0,0.7497287392616272,0.7497287617369728,-2.2475345584638262e-08,0.7825514674186707,0.7497287617369728,0.03282270568169787,0.02858271822333336,-35.8228759765625
4,3,4,21,L_forearm_roll_position,21,L_forearm_roll_link_joint,21,0,1.0,rad,-6.2,6.2,1.726898431777954,1.726898474728252,-4.2950297984845065e-08,1.7266851663589478,1.726898474728252,-0.0002133083693043325,0.00019354932010173798,0.705078125
4,3,4,22,L_forearm_pitch_position,22,L_forearm_pitch_link_joint,22,0,1.0,rad,-6.2,6.2,1.12671959400177,1.1267196243993944,-3.039762441758853e-08,1.139411211013794,1.1267196243993944,0.012691586614399508,-0.18531644344329834,-1.243896484375
4,3,4,23,L_forearm_yaw_position,23,L_forearm_yaw_link_joint,23,0,1.0,rad,-6.2,6.2,1.770052433013916,1.7700523956082572,3.740565879262192e-08,1.7664597034454346,1.7700523956082572,-0.0035926921628226527,0.07592713087797165,-0.426513671875
4,3,4,24,left_thumb_bend_position,24,left_hand_thumb_bend_joint,24,0,1.0,rad,0.0,1.83,0.47216886281967163,0.4721688732173558,-1.0397684158114373e-08,0.45884469151496887,0.4721688732173558,-0.013324181702386917,0.11740850657224655,0.05792236328125
4,3,4,25,left_thumb_rota1_position,25,left_hand_thumb_rota_joint1,25,0,1.0,rad,-1.05,1.57,1.4128085374832153,1.4128085261387502,1.1344465145057825e-08,1.4122581481933594,1.4128085261387502,-0.000550377945390812,0.004645193461328745,0.010009765625
4,3,4,26,left_thumb_rota2_position,26,left_hand_thumb_rota_joint2,26,0,1.0,rad,-0.17,1.83,-0.17000000178813934,-0.16999999999989088,-1.7882484659725861e-09,-0.1590731143951416,-0.16999999999989088,0.010926885604749276,-0.10503245145082474,0.284942626953125
4,3,4,27,left_index_bend_position,27,left_hand_index_bend_joint,27,0,1.0,rad,-0.175,0.175,0.0437847338616848,0.043784732381814566,1.4798702333007618e-09,0.025227664038538933,0.043784732381814566,-0.018557068343275633,0.15214617550373077,0.5016002655029297
4,3,4,28,left_index_joint1_position,28,left_hand_index_joint1,28,0,1.0,rad,0.0,1.92,0.48348960280418396,0.48348959705009115,5.754092813337053e-09,0.4729865491390228,0.48348959705009115,-0.01050304791106832,0.07784946262836456,0.596160888671875
4,3,4,29,left_index_joint2_position,29,left_hand_index_joint2,29,0,1.0,rad,0.0,1.92,0.10615954548120499,0.10615954760648495,-2.1252799659032817e-09,0.07483284920454025,0.10615954760648495,-0.0313266984019447,0.23317953944206238,1.7332878112792969
4,3,4,30,left_middle_joint1_position,30,left_hand_mid_joint1,30,0,1.0,rad,0.0,1.92,0.291880339384079,0.2918803450113435,-5.627264543228705e-09,0.28859102725982666,0.2918803450113435,-0.0032893177515168626,0.006762403063476086,0.8502044677734375
4,3,4,31,left_middle_joint2_position,31,left_hand_mid_joint2,31,0,1.0,rad,0.0,1.92,0.3529851734638214,0.35298516025435484,1.3209466576125095e-08,0.36023926734924316,0.35298516025435484,0.007254107094888329,-0.10195902734994888,1.3989028930664062
4,3,4,32,left_ring_joint1_position,32,left_hand_ring_joint1,32,0,1.0,rad,0.0,1.92,0.12448001652956009,0.1244800192608576,-2.7312975076076995e-09,0.10574378073215485,0.1244800192608576,-0.01873623852870275,-0.05040248483419418,7.111572265625
4,3,4,33,left_ring_joint2_position,33,left_hand_ring_joint2,33,0,1.0,rad,0.0,1.92,0.46844613552093506,0.46844613542272734,9.820771973423348e-11,0.3945840001106262,0.46844613542272734,-0.07386213531210112,0.4899766147136688,5.6596527099609375
4,3,4,34,left_pinky_joint1_position,34,left_hand_pinky_joint1,34,0,1.0,rad,0.0,1.92,-1.0325320046501345e-17,-1.0325319632911039e-17,-4.1359030627651384e-25,0.0026501603424549103,-1.0325319632911039e-17,0.0026501603424549207,0.010140812955796719,-1.1935542821884155
4,3,4,35,left_pinky_joint2_position,35,left_hand_pinky_joint2,35,0,1.0,rad,0.0,1.92,0.55093914270401,0.5509391148671771,2.783683294982353e-08,0.5403512716293335,0.5509391148671771,-0.010587843237843564,0.09580336511135101,-0.0763397216796875
5,4,5,0,R_forearm_tx_position,0,R_forearm_tx_link_joint,0,0,1.0,m,-5.0,5.0,0.7464575171470642,0.7464574934637116,2.3683352612380304e-08,0.7447791695594788,0.7464574934637116,-0.0016783239042328368,0.005497165955603123,1.1158447265625
5,4,5,1,R_forearm_ty_position,1,R_forearm_ty_link_joint,1,0,1.0,m,-5.0,5.0,-0.2530132234096527,-0.25301322697869105,3.569038342643438e-09,-0.2526290714740753,-0.25301322697869105,0.0003841555046157352,0.007795558776706457,-1.1698455810546875
5,4,5,2,R_forearm_tz_position,2,R_forearm_tz_link_joint,2,0,1.0,m,-5.0,5.0,0.7561681270599365,0.7561681094529028,1.7607033719890808e-08,0.7752249240875244,0.7561681094529028,0.01905681463462161,0.008207734674215317,-19.864501953125
5,4,5,3,R_forearm_roll_position,3,R_forearm_roll_link_joint,3,0,1.0,rad,-6.2,6.2,1.5217288732528687,1.521728918140165,-4.48872963243474e-08,1.5148262977600098,1.521728918140165,-0.006902620380155211,0.15164776146411896,-2.761474609375
5,4,5,4,R_forearm_pitch_position,4,R_forearm_pitch_link_joint,4,0,1.0,rad,-6.2,6.2,-1.221266269683838,-1.221266261876911,-7.80692688273632e-09,-1.2224922180175781,-1.221266261876911,-0.0012259561406671171,0.07719878107309341,-3.49853515625
5,4,5,5,R_forearm_yaw_position,5,R_forearm_yaw_link_joint,5,0,1.0,rad,-6.2,6.2,1.7157402038574219,1.7157402166684228,-1.281100092676013e-08,1.724118709564209,1.7157402166684228,0.008378492895786183,-0.15867368876934052,1.6187744140625
5,4,5,6,right_thumb_bend_position,6,right_hand_thumb_bend_joint,6,0,1.0,rad,0.0,1.83,0.5798124670982361,0.579812452472561,1.4625675115453873e-08,0.5580026507377625,0.579812452472561,-0.021809801734798517,0.1525162011384964,1.3339691162109375
5,4,5,7,right_thumb_rota1_position,7,right_hand_thumb_rota_joint1,7,0,1.0,rad,-1.05,1.57,1.1765624284744263,1.1765624577642326,-2.9289806358079318e-08,1.189430594444275,1.1765624577642326,0.012868136680042275,-0.119942806661129,0.234405517578125
5,4,5,8,right_thumb_rota2_position,8,right_hand_thumb_rota_joint2,8,0,1.0,rad,-0.175,1.83,-0.17499999701976776,-0.17499999999999996,2.9802321999117254e-09,-0.17440475523471832,-0.17499999999999996,0.0005952447652816384,-0.004245222080498934,-0.02964019775390625
5,4,5,9,right_index_bend_position,9,right_hand_index_bend_joint,9,0,1.0,rad,-0.175,0.175,-0.05870051681995392,-0.05870051853589426,1.715940341207034e-09,-0.052996087819337845,-0.05870051853589426,0.005704430716556415,-0.0615009181201458,0.40103912353515625
5,4,5,10,right_index_joint1_position,10,right_hand_index_joint1,10,0,1.0,rad,0.0,1.92,0.5061740875244141,0.5061740940631276,-6.538713570591881e-09,0.5135274529457092,0.5061740940631276,0.007353358882581595,-0.07789543271064758,0.466217041015625
5,4,5,11,right_index_joint2_position,11,right_hand_index_joint2,11,0,1.0,rad,0.0,1.92,-9.124544964649968e-18,-9.124544638910636e-18,-3.257393323380328e-25,9.282470273319632e-06,-9.124544638910636e-18,9.282470273328756e-06,3.147993265883997e-05,-0.003887693863362074
5,4,5,12,right_middle_joint1_position,12,right_hand_mid_joint1,12,0,1.0,rad,0.0,1.92,0.39010098576545715,0.3901009784731979,7.292259240898602e-09,0.385943740606308,0.3901009784731979,-0.004157237866889929,0.04154433310031891,-0.16424560546875
5,4,5,13,right_middle_joint2_position,13,right_hand_mid_joint2,13,0,1.0,rad,0.0,1.94,-2.0397721762498783e-18,-2.039772118824496e-18,-5.742538227757226e-26,9.602465070202015e-06,-2.039772118824496e-18,9.602465070204055e-06,3.321695839986205e-05,-0.004039168357849121
5,4,5,14,right_ring_joint1_position,14,right_hand_ring_joint1,14,0,1.0,rad,0.0,1.92,0.2976992726325989,0.2976992738002471,-1.1676482003508681e-09,0.3074326515197754,0.2976992738002471,0.009733377719528313,-0.09408789128065109,0.2776947021484375
5,4,5,15,right_ring_joint2_position,15,right_hand_ring_joint2,15,0,1.0,rad,0.0,1.92,-2.6789377374969e-17,-2.67893771651718e-17,-2.097972002909304e-25,9.871791917248629e-06,-2.67893771651718e-17,9.871791917275419e-06,3.368744000908919e-05,-0.004138163290917873
5,4,5,16,right_pinky_joint1_position,16,right_hand_pinky_joint1,16,0,1.0,rad,0.0,1.92,0.252519428730011,0.25251943151496004,-2.784949049150498e-09,0.27451223134994507,0.25251943151496004,0.021992799834985033,-0.20154160261154175,0.20792388916015625
5,4,5,17,right_pinky_joint2_position,17,right_hand_pinky_joint2,17,0,1.0,rad,0.0,1.92,-3.949953853679953e-17,-3.9499537086595314e-17,-1.450204213887108e-24,9.958464943338186e-06,-3.9499537086595314e-17,9.958464943377684e-06,3.4163997042924166e-05,-0.00418107770383358
5,4,5,18,L_forearm_tx_position,18,L_forearm_tx_link_joint,18,0,1.0,m,-5.0,5.0,0.482635498046875,0.4826355115074285,-1.3460553505151296e-08,0.4791610836982727,0.4826355115074285,-0.0034744278091558,-0.014437438920140266,4.725067138671875
5,4,5,19,L_forearm_ty_position,19,L_forearm_ty_link_joint,19,0,1.0,m,-5.0,5.0,-0.3173586130142212,-0.3173586023881083,-1.0626112878497906e-08,-0.3152192533016205,-0.3173586023881083,0.0021393490864878295,-0.02314893901348114,-0.020660400390625
5,4,5,20,L_forearm_tz_position,20,L_forearm_tz_link_joint,20,0,1.0,m,-5.0,5.0,0.7489707469940186,0.7489707350159871,1.197803145558396e-08,0.7833240628242493,0.7489707350159871,0.03435332780826217,0.024622198194265366,-36.56988525390625
5,4,5,21,L_forearm_roll_position,21,L_forearm_roll_link_joint,21,0,1.0,rad,-6.2,6.2,1.7444576025009155,1.7444575864727525,1.6028163019043973e-08,1.7325868606567383,1.7444575864727525,-0.011870725816014227,0.23287512362003326,-2.2061767578125
5,4,5,22,L_forearm_pitch_position,22,L_forearm_pitch_link_joint,22,0,1.0,rad,-6.2,6.2,1.1106362342834473,1.1106362832196337,-4.893618643642128e-08,1.1299439668655396,1.1106362832196337,0.01930768364590585,-0.2914167642593384,-1.23974609375
5,4,5,23,L_forearm_yaw_position,23,L_forearm_yaw_link_joint,23,0,1.0,rad,-6.2,6.2,1.7876183986663818,1.7876183677709792,3.089540268064184e-08,1.7744187116622925,1.7876183677709792,-0.013199656108686675,0.2870098948478699,-3.954345703125
5,4,5,24,left_thumb_bend_position,24,left_hand_thumb_bend_joint,24,0,1.0,rad,0.0,1.83,0.47772279381752014,0.47772278046326955,1.3354250594233008e-08,0.4632596969604492,0.47772278046326955,-0.014463083502820329,0.13539402186870575,-0.2394561767578125
5,4,5,25,left_thumb_rota1_position,25,left_hand_thumb_rota_joint1,25,0,1.0,rad,-1.05,1.57,1.4130868911743164,1.413086913514973,-2.2340656657959812e-08,1.412437081336975,1.413086913514973,-0.0006498321779979666,0.005306236911565065,0.014007568359375
5,4,5,26,left_thumb_rota2_position,26,left_hand_thumb_rota_joint2,26,0,1.0,rad,-0.17,1.83,-0.17000000178813934,-0.17000000000000004,-1.7881393032936899e-09,-0.16229122877120972,-0.17000000000000004,0.007708771228790323,-0.08784458041191101,0.7167739868164062
5,4,5,27,left_index_bend_position,27,left_hand_index_bend_joint,27,0,1.0,rad,-0.175,0.175,0.05761867016553879,0.057618669266049326,8.994894620806271e-10,0.03187236562371254,0.057618669266049326,-0.025746303642336786,0.21809613704681396,0.43189239501953125
5,4,5,28,left_index_joint1_position,28,left_hand_index_joint1,28,0,1.0,rad,0.0,1.92,0.5008015036582947,0.5008014992205023,4.437792355815873e-09,0.4777370095252991,0.5008014992205023,-0.02306448969520325,0.17345623672008514,1.2121429443359375
5,4,5,29,left_index_joint2_position,29,left_hand_index_joint2,29,0,1.0,rad,0.0,1.92,0.1436839997768402,0.1436840017106986,-1.9338583789885178e-09,0.08730021864175797,0.1436840017106986,-0.056383783068940624,0.438876748085022,2.3995132446289062
5,4,5,30,left_middle_joint1_position,30,left_hand_mid_joint1,30,0,1.0,rad,0.0,1.92,0.3043851852416992,0.3043851768047591,8.436940091005596e-09,0.290612131357193,0.3043851768047591,-0.013773045447566135,0.08874893188476562,1.2821044921875
5,4,5,31,left_middle_joint2_position,31,left_hand_mid_joint2,31,0,1.0,rad,0.0,1.92,0.37572866678237915,0.37572865789846155,8.883917601565372e-09,0.3602309823036194,0.37572865789846155,-0.015497675594842164,0.057458121329545975,3.030364990234375
5,4,5,32,left_ring_joint1_position,32,left_hand_ring_joint1,32,0,1.0,rad,0.0,1.92,0.1294618546962738,0.12946184861089724,6.085376563769174e-09,0.10375405848026276,0.12946184861089724,-0.025707790130634484,-0.07198693603277206,10.030542373657227
5,4,5,33,left_ring_joint2_position,33,left_hand_ring_joint2,33,0,1.0,rad,0.0,1.92,0.5106102824211121,0.5106102867664689,-4.345356852120119e-09,0.4149077534675598,0.5106102867664689,-0.0957025332989091,0.6448236703872681,6.94403076171875
5,4,5,34,left_pinky_joint1_position,34,left_hand_pinky_joint1,34,0,1.0,rad,0.0,1.92,-1.774929913138927e-17,-1.7749298717798965e-17,-4.1359030627651384e-25,0.0029413069132715464,-1.7749298717798965e-17,0.002941306913271564,0.008565397001802921,-1.2520358562469482
5,4,5,35,left_pinky_joint2_position,35,left_hand_pinky_joint2,35,0,1.0,rad,0.0,1.92,0.5761438012123108,0.5761437897161978,1.149611295048203e-08,0.5464159250259399,0.5761437897161978,-0.0297278646902579,0.22418366372585297,1.53204345703125
6,5,6,0,R_forearm_tx_position,0,R_forearm_tx_link_joint,0,0,1.0,m,-5.0,5.0,0.7469504475593567,0.7469504225347383,2.5024618377500474e-08,0.745063841342926,0.7469504225347383,-0.0018865811918122866,0.009020732715725899,0.979248046875
6,5,6,1,R_forearm_ty_position,1,R_forearm_ty_link_joint,1,0,1.0,m,-5.0,5.0,-0.25245317816734314,-0.252453163681924,-1.4485419141951894e-08,-0.25232481956481934,-0.252453163681924,0.00012834411710466176,0.009148304350674152,-1.0295562744140625
6,5,6,2,R_forearm_tz_position,2,R_forearm_tz_link_joint,2,0,1.0,m,-5.0,5.0,0.7563833594322205,0.7563833705716362,-1.1139415723171453e-08,0.7754004597663879,0.7563833705716362,0.019017089194751757,0.004316893871873617,-19.43280029296875
6,5,6,3,R_forearm_roll_position,3,R_forearm_roll_link_joint,3,0,1.0,rad,-6.2,6.2,1.531398057937622,1.531398017798881,4.013874099761949e-08,1.5213285684585571,1.531398017798881,-0.010069449340323944,0.19201497733592987,-1.8941650390625
6,5,6,4,R_forearm_pitch_position,4,R_forearm_pitch_link_joint,4,0,1.0,rad,-6.2,6.2,-1.2142423391342163,-1.21424231815609,-2.0978126347159787e-08,-1.2183297872543335,-1.21424231815609,-0.004087469098243535,0.1314946860074997,-4.024658203125
6,5,6,5,R_forearm_yaw_position,5,R_forearm_yaw_link_joint,5,0,1.0,rad,-6.2,6.2,1.7066307067871094,1.7066307140220498,-7.2349404245386495e-09,1.7174736261367798,1.7066307140220498,0.010842912114729986,-0.1939561814069748,1.208251953125
6,5,6,6,right_thumb_bend_position,6,right_hand_thumb_bend_joint,6,0,1.0,rad,0.0,1.83,0.5859625935554504,0.5859625960935204,-2.538069976409929e-09,0.5633184313774109,0.5859625960935204,-0.022644164716109527,0.15671521425247192,1.457366943359375
6,5,6,7,right_thumb_rota1_position,7,right_hand_thumb_rota_joint1,7,0,1.0,rad,-1.05,1.57,1.171976089477539,1.171976139883729,-5.04061898887187e-08,1.1853041648864746,1.171976139883729,0.013328025002745658,-0.12112366408109665,0.125396728515625
6,5,6,8,right_thumb_rota2_position,8,right_hand_thumb_rota_joint2,8,0,1.0,rad,-0.175,1.83,-0.17499999701976776,-0.175,2.980232227667301e-09,-0.17451409995555878,-0.175,0.00048590004444121204,-0.0026607904583215714,-0.0523223876953125
6,5,6,9,right_index_bend_position,9,right_hand_index_bend_joint,9,0,1.0,rad,-0.175,0.175,-0.056256264448165894,-0.05625626283013055,-1.6180353445971463e-09,-0.05450040102005005,-0.05625626283013055,0.0017558618100805001,-0.03402039036154747,0.6909980773925781
6,5,6,10,right_index_joint1_position,10,right_hand_index_joint1,10,0,1.0,rad,0.0,1.92,0.5144575834274292,0.5144575847649443,-1.3375150986760787e-09,0.5122309327125549,0.5144575847649443,-0.0022266520523893663,-0.01520317792892456,1.3192596435546875
6,5,6,11,right_index_joint2_position,11,right_hand_index_joint2,11,0,1.0,rad,0.0,1.92,-2.150231848657709e-17,-2.1502318779757657e-17,2.931805683447691e-25,1.0093109267472755e-05,-2.1502318779757657e-17,1.0093109267494258e-05,1.9732018699869514e-05,-0.003721339162439108
6,5,6,12,right_middle_joint1_position,12,right_hand_mid_joint1,12,0,1.0,rad,0.0,1.92,0.39163732528686523,0.3916373261886218,-9.017565583135934e-10,0.3873928487300873,0.3916373261886218,-0.004244477458534512,0.042823076248168945,-0.18304443359375
6,5,6,13,right_middle_joint2_position,13,right_hand_mid_joint2,13,0,1.0,rad,0.0,1.94,-2.503849244418413e-17,-2.5038493231444163e-17,7.872600321918943e-25,1.0483544429007452e-05,-2.5038493231444163e-17,1.048354442903249e-05,2.2101496142568067e-05,-0.003917061258107424
6,5,6,14,right_ring_joint1_position,14,right_hand_ring_joint1,14,0,1.0,rad,0.0,1.92,0.29804348945617676,0.29804349569954985,-6.24337309629297e-09,0.30461037158966064,0.29804349569954985,0.00656687589011079,-0.07591196894645691,0.6551971435546875
6,5,6,15,right_ring_joint2_position,15,right_hand_ring_joint2,15,0,1.0,rad,0.0,1.92,-5.508271799606966e-17,-5.5082717797412724e-17,-1.986569374022784e-25,1.0749829016276635e-05,-5.5082717797412724e-17,1.0749829016331718e-05,2.186178789997939e-05,-0.003988893702626228
6,5,6,16,right_pinky_joint1_position,16,right_hand_pinky_joint1,16,0,1.0,rad,0.0,1.92,0.24179667234420776,0.2417966697906061,2.5536016634575276e-09,0.266948401927948,0.2417966697906061,0.025151732137341898,-0.23217695951461792,0.300567626953125
6,5,6,17,right_pinky_joint2_position,17,right_hand_pinky_joint2,17,0,1.0,rad,0.0,1.92,-3.9447555198384246e-17,-3.944755363065882e-17,-1.5677254266808212e-24,1.0864642717933748e-05,-3.944755363065882e-17,1.0864642717973196e-05,2.270910408697091e-05,-0.004053208511322737
6,5,6,18,L_forearm_tx_position,18,L_forearm_tx_link_joint,18,0,1.0,m,-5.0,5.0,0.48359450697898865,0.48359450878830956,-1.8093209153136058e-09,0.4784916937351227,0.48359450878830956,-0.005102815053186882,-0.021083783358335495,7.178131103515625
6,5,6,19,L_forearm_ty_position,19,L_forearm_ty_link_joint,19,0,1.0,m,-5.0,5.0,-0.317218542098999,-0.3172185465496173,4.450618262819006e-09,-0.31610387563705444,-0.3172185465496173,0.001114670912562843,-0.024289166554808617,1.342376708984375
6,5,6,20,L_forearm_tz_position,20,L_forearm_tz_link_joint,20,0,1.0,m,-5.0,5.0,0.7486991286277771,0.7486991178713545,1.0756422641478025e-08,0.7847883701324463,0.7486991178713545,0.03608925226109183,0.05732307955622673,-41.29864501953125
6,5,6,21,L_forearm_roll_position,21,L_forearm_roll_link_joint,21,0,1.0,rad,-6.2,6.2,1.76775062084198,1.767750644538313,-2.3696333117939616e-08,1.7462573051452637,1.767750644538313,-0.021493339393049427,0.4409184157848358,-5.6571044921875
6,5,6,22,L_forearm_pitch_position,22,L_forearm_pitch_link_joint,22,0,1.0,rad,-6.2,6.2,1.087856411933899,1.0878563841626712,2.7771227761874684e-08,1.1157748699188232,1.0878563841626712,0.02791848575615208,-0.434615820646286,-1.029541015625
6,5,6,23,L_forearm_yaw_position,23,L_forearm_yaw_link_joint,23,0,1.0,rad,-6.2,6.2,1.8083899021148682,1.8083898744363536,2.767851459140047e-08,1.7889007329940796,1.8083898744363536,-0.019489141442273983,0.44981110095977783,-8.1895751953125
6,5,6,24,left_thumb_bend_position,24,left_hand_thumb_bend_joint,24,0,1.0,rad,0.0,1.83,0.4837288558483124,0.48372886255604536,-6.707732980171244e-09,0.4681752622127533,0.48372886255604536,-0.015553600343292062,0.14855509996414185,-0.3686370849609375
6,5,6,25,left_thumb_rota1_position,25,left_hand_thumb_rota_joint1,25,0,1.0,rad,-1.05,1.57,1.4134316444396973,1.4134316486653162,-4.225618965847389e-09,1.4126269817352295,1.4134316486653162,-0.0008046669300867393,0.005922284908592701,0.04266357421875
6,5,6,26,left_thumb_rota2_position,26,left_hand_thumb_rota_joint2,26,0,1.0,rad,-0.17,1.83,-0.17000000178813934,-0.1699999999995678,-1.788571540872752e-09,-0.1648121476173401,-0.1699999999995678,0.0051878523822277145,-0.0656539648771286,0.7276535034179688
6,5,6,27,left_index_bend_position,27,left_hand_index_bend_joint,27,0,1.0,rad,-0.175,0.175,0.07196080684661865,0.0719608051067718,1.7398468499241204e-09,0.040637798607349396,0.0719608051067718,-0.03132300649942241,0.2778436541557312,0.055805206298828125
6,5,6,28,left_index_joint1_position,28,left_hand_index_joint1,28,0,1.0,rad,0.0,1.92,0.542253851890564,0.5422538334118601,1.8478703900370874e-08,0.48861080408096313,0.5422538334118601,-0.05364302933089693,0.3997212052345276,2.9533843994140625
6,5,6,29,left_index_joint2_position,29,left_hand_index_joint2,29,0,1.0,rad,0.0,1.92,0.18729357421398163,0.18729357391324775,3.0073388224138853e-10,0.10723275691270828,0.18729357391324775,-0.08006081700053946,0.6641812324523926,1.8680915832519531
6,5,6,30,left_middle_joint1_position,30,left_hand_mid_joint1,30,0,1.0,rad,0.0,1.92,0.3231121897697449,0.32311218383215434,5.93759053035825e-09,0.29612255096435547,0.32311218383215434,-0.026989632867798874,0.20206470787525177,1.4522476196289062
6,5,6,31,left_middle_joint2_position,31,left_hand_mid_joint2,31,0,1.0,rad,0.0,1.92,0.4257925748825073,0.4257925791864518,-4.303944478589727e-09,0.3691035211086273,0.4257925791864518,-0.056689058077824483,0.37387287616729736,4.94097900390625
6,5,6,32,left_ring_joint1_position,32,left_hand_ring_joint1,32,0,1.0,rad,0.0,1.92,0.1497584581375122,0.14975845171030064,6.427211568516e-09,0.10306937247514725,0.14975845171030064,-0.04668907923515339,0.0006063022301532328,13.990118026733398
6,5,6,33,left_ring_joint2_position,33,left_hand_ring_joint2,33,0,1.0,rad,0.0,1.92,0.5650343894958496,0.5650343832690768,6.226772764073019e-09,0.4412752389907837,0.5650343832690768,-0.12375914427829315,0.83698970079422,8.879440307617188
6,5,6,34,left_pinky_joint1_position,34,left_hand_pinky_joint1,34,0,1.0,rad,0.0,1.92,-2.8347425825452442e-18,-2.8347425825452442e-18,0.0,0.003163716522976756,-2.8347425825452442e-18,0.003163716522976759,0.013793012127280235,-1.2790260314941406
6,5,6,35,left_pinky_joint2_position,35,left_hand_pinky_joint2,35,0,1.0,rad,0.0,1.92,0.6258766055107117,0.6258766144652792,-8.954567531915814e-09,0.5600387454032898,0.6258766144652792,-0.0658378690619894,0.5023244023323059,3.35870361328125
7,6,7,0,R_forearm_tx_position,0,R_forearm_tx_link_joint,0,0,1.0,m,-5.0,5.0,0.74671471118927,0.746714695487004,1.5702266042971758e-08,0.745369017124176,0.746714695487004,-0.0013456783628279512,0.008179937489330769,0.50146484375
7,6,7,1,R_forearm_ty_position,1,R_forearm_ty_link_joint,1,0,1.0,m,-5.0,5.0,-0.2526259124279022,-0.2526259114712005,-9.567017178468973e-10,-0.2520993947982788,-0.2526259114712005,0.0005265166729216952,0.005440501496195793,-1.0768280029296875
7,6,7,2,R_forearm_tz_position,2,R_forearm_tz_link_joint,2,0,1.0,m,-5.0,5.0,0.756369411945343,0.7563694262000638,-1.4254720737127968e-08,0.7753800749778748,0.7563694262000638,0.019010648777811,-0.0016216805670410395,-18.8460693359375
7,6,7,3,R_forearm_roll_position,3,R_forearm_roll_link_joint,3,0,1.0,rad,-6.2,6.2,1.5357762575149536,1.535776224876294,3.263865955283052e-08,1.5276823043823242,1.535776224876294,-0.008093920493969842,0.16865848004817963,-2.5780029296875
7,6,7,4,R_forearm_pitch_position,4,R_forearm_pitch_link_joint,4,0,1.0,rad,-6.2,6.2,-1.2033612728118896,-1.2033612396929168,-3.3118972897483445e-08,-1.2116377353668213,-1.2033612396929168,-0.008276495673904538,0.20825618505477905,-4.5963134765625
7,6,7,5,R_forearm_yaw_position,5,R_forearm_yaw_link_joint,5,0,1.0,rad,-6.2,6.2,1.6985148191452026,1.6985148214555428,-2.3103401414203972e-09,1.7099919319152832,1.6985148214555428,0.011477110459740425,-0.2118707001209259,1.74267578125
7,6,7,6,right_thumb_bend_position,6,right_hand_thumb_bend_joint,6,0,1.0,rad,0.0,1.83,0.5937228798866272,0.5937228957070998,-1.5820472598626623e-08,0.5690230131149292,0.5937228957070998,-0.024699882592170597,0.17200696468353271,1.5751800537109375
7,6,7,7,right_thumb_rota1_position,7,right_hand_thumb_rota_joint1,7,0,1.0,rad,-1.05,1.57,1.168105125427246,1.1681051272894938,-1.8622476893881412e-09,1.1811914443969727,1.1681051272894938,0.013086317107478873,-0.11983858048915863,0.1593017578125
7,6,7,8,right_thumb_rota2_position,8,right_hand_thumb_rota_joint2,8,0,1.0,rad,-0.175,1.83,-0.17499999701976776,-0.175,2.980232227667301e-09,-0.1745801568031311,-0.175,0.0004198431968688854,-0.0015729531878605485,-0.070587158203125
7,6,7,9,right_index_bend_position,9,right_hand_index_bend_joint,9,0,1.0,rad,-0.175,0.175,-0.04930875077843666,-0.04930874926823362,-1.5102030390123922e-09,-0.05449560657143593,-0.04930874926823362,-0.005186857303202307,0.019532017409801483,1.0043706893920898
7,6,7,10,right_index_joint1_position,10,right_hand_index_joint1,10,0,1.0,rad,0.0,1.92,0.5334392189979553,0.5334392012092283,1.7788727046941233e-08,0.5144965052604675,0.5334392012092283,-0.018942695948760746,0.112420454621315,2.123443603515625
7,6,7,11,right_index_joint2_position,11,right_hand_index_joint2,11,0,1.0,rad,0.0,1.92,1.8137332865460346e-17,1.8137333231451966e-17,-3.659916194653479e-25,1.0557036148384213e-05,1.8137333231451966e-17,1.0557036148366077e-05,1.0978596037602983e-05,-0.0035518158692866564
7,6,7,12,right_middle_joint1_position,12,right_hand_mid_joint1,12,0,1.0,rad,0.0,1.92,0.39577946066856384,0.39577945378793145,6.880632397177067e-09,0.38918647170066833,0.39577945378793145,-0.006592982087263111,0.05788380280137062,0.03763580322265625
7,6,7,13,right_middle_joint2_position,13,right_hand_mid_joint2,13,0,1.0,rad,0.0,1.94,-2.7145985276798266e-18,-2.714598583908097e-18,5.622827044645982e-26,1.1041900506825186e-05,-2.714598583908097e-18,1.10419005068279e-05,1.388706368743442e-05,-0.003796406090259552
7,6,7,14,right_ring_joint1_position,14,right_hand_ring_joint1,14,0,1.0,rad,0.0,1.92,0.2974794805049896,0.2974794834091299,-2.904140261605903e-09,0.3023886978626251,0.2974794834091299,0.0049092144534952364,-0.05870572477579117,0.5641937255859375
7,6,7,15,right_ring_joint2_position,15,right_hand_ring_joint2,15,0,1.0,rad,0.0,1.92,0.006046824157238007,0.00604682430764508,-1.5040707308094925e-10,0.0007329116924665868,0.00604682430764508,-0.005313912615178493,0.033072471618652344,0.5376123189926147
7,6,7,16,right_pinky_joint1_position,16,right_hand_pinky_joint1,16,0,1.0,rad,0.0,1.92,0.2296208292245865,0.22962082884796414,3.7662234442237263e-10,0.2582758069038391,0.22962082884796414,0.02865497805587497,-0.26558876037597656,0.3821868896484375
7,6,7,17,right_pinky_joint2_position,17,right_hand_pinky_joint2,17,0,1.0,rad,0.0,1.92,5.21376200072328e-18,5.213761794829339e-18,2.0589394118380013e-25,1.144428188126767e-05,5.213761794829339e-18,1.1444281881262456e-05,1.460491148463916e-05,-0.003941102419048548
7,6,7,18,L_forearm_tx_position,18,L_forearm_tx_link_joint,18,0,1.0,m,-5.0,5.0,0.4852265417575836,0.48522655179799756,-1.0040413944700788e-08,0.4777100384235382,0.48522655179799756,-0.007516513374459355,-0.023439422249794006,9.980499267578125
7,6,7,19,L_forearm_ty_position,19,L_forearm_ty_link_joint,19,0,1.0,m,-5.0,5.0,-0.31863510608673096,-0.31863511388559773,7.798866774599844e-09,-0.3166697919368744,-0.31863511388559773,0.001965321948723342,-0.010555594228208065,-0.663604736328125
7,6,7,20,L_forearm_tz_position,20,L_forearm_tz_link_joint,20,0,1.0,m,-5.0,5.0,0.7494428157806396,0.7494427920056259,2.377501373551638e-08,0.7879358530044556,0.7494427920056259,0.038493060998829653,0.1070314422249794,-49.06884765625
7,6,7,21,L_forearm_roll_position,21,L_forearm_roll_link_joint,21,0,1.0,rad,-6.2,6.2,1.7931976318359375,1.793197582147752,4.96881855660547e-08,1.7658482789993286,1.793197582147752,-0.02734930314842332,0.5834572315216064,-8.9847412109375
7,6,7,22,L_forearm_pitch_position,22,L_forearm_pitch_link_joint,22,0,1.0,rad,-6.2,6.2,1.05720853805542,1.0572085733497265,-3.529430658844035e-08,1.0953502655029297,1.0572085733497265,0.03814169215320318,-0.6250830292701721,0.317138671875
7,6,7,23,L_forearm_yaw_position,23,L_forearm_yaw_link_joint,23,0,1.0,rad,-6.2,6.2,1.8230772018432617,1.823077149197283,5.264597868759324e-08,1.8056317567825317,1.823077149197283,-0.017445392414751293,0.470322847366333,-11.9337158203125
7,6,7,24,left_thumb_bend_position,24,left_hand_thumb_bend_joint,24,0,1.0,rad,0.0,1.83,0.4832703471183777,0.48327035743034297,-1.0311965281672997e-08,0.4725811183452606,0.48327035743034297,-0.010689239085082347,0.11564458161592484,-0.801605224609375
7,6,7,25,left_thumb_rota1_position,25,left_hand_thumb_rota_joint1,25,0,1.0,rad,-1.05,1.57,1.4632574319839478,1.4632574073338085,2.465013926311599e-08,1.4178756475448608,1.4632574073338085,-0.04538175978894765,0.21327562630176544,6.674072265625
7,6,7,26,left_thumb_rota2_position,26,left_hand_thumb_rota_joint2,26,0,1.0,rad,-0.17,1.83,-0.17000000178813934,-0.16999999980208014,-1.9860592059828264e-09,-0.1666281670331955,-0.16999999980208014,0.0033718327688846417,-0.04594170302152634,0.5956611633300781
7,6,7,27,left_index_bend_position,27,left_hand_index_bend_joint,27,0,1.0,rad,-0.175,0.175,0.07497774809598923,0.0749777471888943,9.070949269496253e-10,0.0498066283762455,0.0749777471888943,-0.0251711188126488,0.26242008805274963,-1.4241065979003906
7,6,7,28,left_index_joint1_position,28,left_hand_index_joint1,28,0,1.0,rad,0.0,1.92,0.5817448496818542,0.5817448338343731,1.584748110516898e-08,0.5070241689682007,0.5817448338343731,-0.07472066486617246,0.616712212562561,1.8624267578125
7,6,7,29,left_index_joint2_position,29,left_hand_index_joint2,29,0,1.0,rad,0.0,1.92,0.25923067331314087,0.2592306706644605,2.6486803861303088e-09,0.13747747242450714,0.2592306706644605,-0.12175319823995334,1.008786678314209,2.8884048461914062
7,6,7,30,left_middle_joint1_position,30,left_hand_mid_joint1,30,0,1.0,rad,0.0,1.92,0.36118173599243164,0.36118174068227943,-4.689847787897605e-09,0.3075842261314392,0.36118174068227943,-0.05359751455084022,0.410372793674469,2.5377349853515625
7,6,7,31,left_middle_joint2_position,31,left_hand_mid_joint2,31,0,1.0,rad,0.0,1.92,0.4958331882953644,0.4958331924986067,-4.203242309763766e-09,0.39104220271110535,0.4958331924986067,-0.10479098978750134,0.792955756187439,5.311370849609375
7,6,7,32,left_ring_joint1_position,32,left_hand_ring_joint1,32,0,1.0,rad,0.0,1.92,0.18528370559215546,0.18528370046423068,5.12792477924684e-09,0.10646985471248627,0.18528370046423068,-0.07881384575174441,0.1563996821641922,18.66327667236328
7,6,7,33,left_ring_joint2_position,33,left_hand_ring_joint2,33,0,1.0,rad,0.0,1.92,0.6410612463951111,0.6410612549377877,-8.54267656613672e-09,0.4760381877422333,0.6410612549377877,-0.16502306719555437,1.1203033924102783,11.923660278320312
7,6,7,34,left_pinky_joint1_position,34,left_hand_pinky_joint1,34,0,1.0,rad,0.0,1.92,-8.255753858563073e-18,-8.255753444972766e-18,-4.1359030627651384e-25,0.004368124064058065,-8.255753444972766e-18,0.004368124064058074,0.04690752550959587,-2.853382110595703
7,6,7,35,left_pinky_joint2_position,35,left_hand_pinky_joint2,35,0,1.0,rad,0.0,1.92,0.7072842717170715,0.707284277574861,-5.857789475705033e-09,0.587428867816925,0.707284277574861,-0.11985540975793596,0.9672717452049255,3.9844207763671875
8,7,8,0,R_forearm_tx_position,0,R_forearm_tx_link_joint,0,0,1.0,m,-5.0,5.0,0.7466207146644592,0.746620700089691,1.4574768281150341e-08,0.7456583380699158,0.746620700089691,-0.0009623620197751759,0.0076810396276414394,0.164306640625
8,7,8,1,R_forearm_ty_position,1,R_forearm_ty_link_joint,1,0,1.0,m,-5.0,5.0,-0.25279274582862854,-0.2527927354536887,-1.0374939851676146e-08,-0.2520449161529541,-0.2527927354536887,0.0007478193007345868,0.0002271743433084339,-0.78118896484375
8,7,8,2,R_forearm_tz_position,2,R_forearm_tz_link_joint,2,0,1.0,m,-5.0,5.0,0.7567670345306396,0.7567670373540271,-2.823387412753675e-09,0.7750412225723267,0.7567670373540271,0.0182741852182996,-0.011525671929121017,-17.1468505859375
8,7,8,3,R_forearm_roll_position,3,R_forearm_roll_link_joint,3,0,1.0,rad,-6.2,6.2,1.5387377738952637,1.538737785520568,-1.162530427478714e-08,1.532792568206787,1.538737785520568,-0.005945217313780837,0.129475399851799,-2.306884765625
8,7,8,4,R_forearm_pitch_position,4,R_forearm_pitch_link_joint,4,0,1.0,rad,-6.2,6.2,-1.1860425472259521,-1.186042593621409,4.639545680973356e-08,-1.2010666131973267,-1.186042593621409,-0.015024019575917702,0.3287418782711029,-5.298095703125
8,7,8,5,R_forearm_yaw_position,5,R_forearm_yaw_link_joint,5,0,1.0,rad,-6.2,6.2,1.6900103092193604,1.6900102631487917,4.607056869332382e-08,1.7019959688186646,1.6900102631487917,0.011985705669872893,-0.2244618535041809,2.037353515625
8,7,8,6,right_thumb_bend_position,6,right_hand_thumb_bend_joint,6,0,1.0,rad,0.0,1.83,0.602658212184906,0.6026581929628287,1.922207726323677e-08,0.5754399299621582,0.6026581929628287,-0.02721826300067054,0.19573549926280975,1.53778076171875
8,7,8,7,right_thumb_rota1_position,7,right_hand_thumb_rota_joint1,7,0,1.0,rad,-1.05,1.57,1.1653941869735718,1.1653942070204493,-2.0046877491353143e-08,1.1772629022598267,1.1653942070204493,0.011868695239377391,-0.11218174546957016,0.2767333984375
8,7,8,8,right_thumb_rota2_position,8,right_hand_thumb_rota_joint2,8,0,1.0,rad,-0.175,1.83,-0.17499999701976776,-0.175,2.980232227667301e-09,-0.17462119460105896,-0.175,0.00037880539894102894,-0.0010600080713629723,-0.07711029052734375
8,7,8,9,right_index_bend_position,9,right_hand_index_bend_joint,9,0,1.0,rad,-0.175,0.175,-0.03909993916749954,-0.03909993963379023,4.662906866181871e-10,-0.052297431975603104,-0.03909993963379023,-0.013197492341812875,0.08964405953884125,1.0536184310913086
8,7,8,10,right_index_joint1_position,10,right_hand_index_joint1,10,0,1.0,rad,0.0,1.92,0.5656288266181946,0.5656288242187608,2.3994337627897266e-09,0.5226583480834961,0.5656288242187608,-0.042970476135264724,0.3101460933685303,2.7434844970703125
8,7,8,11,right_index_joint2_position,11,right_hand_index_joint2,11,0,1.0,rad,0.0,1.92,1.5397079951467647e-18,1.5397079535320039e-18,4.161476084419657e-26,1.0755177754617762e-05,1.5397079535320039e-18,1.0755177754616222e-05,4.413442638906417e-06,-0.003377253655344248
8,7,8,12,right_middle_joint1_position,12,right_hand_mid_joint1,12,0,1.0,rad,0.0,1.92,0.40817007422447205,0.40817007876762607,-4.543154019653883e-09,0.3925187587738037,0.40817007876762607,-0.015651319993822355,0.11983566731214523,0.7438583374023438
8,7,8,13,right_middle_joint2_position,13,right_hand_mid_joint2,13,0,1.0,rad,0.0,1.94,0.00046272677718661726,0.00046272677117281533,6.013801923891032e-12,6.656078767264262e-05,0.00046272677117281533,-0.0003961659835001727,0.0025370437651872635,0.037784844636917114
8,7,8,14,right_ring_joint1_position,14,right_hand_ring_joint1,14,0,1.0,rad,0.0,1.92,0.3001267910003662,0.30012678252614317,8.474223045507046e-09,0.30106136202812195,0.30012678252614317,0.0009345795019787828,-0.027491211891174316,0.7228012084960938
8,7,8,15,right_ring_joint2_position,15,right_hand_ring_joint2,15,0,1.0,rad,0.0,1.92,0.015560987405478954,0.015560987611269804,-2.0579084963889827e-10,0.0031065670773386955,0.015560987611269804,-0.012454420533931108,0.0899825170636177,0.7915241718292236
8,7,8,16,right_pinky_joint1_position,16,right_hand_pinky_joint1,16,0,1.0,rad,0.0,1.92,0.21831992268562317,0.21831992480089044,-2.115267266900034e-09,0.24868036806583405,0.21831992480089044,0.03036044326494361,-0.2889034152030945,0.6864852905273438
8,7,8,17,right_pinky_joint2_position,17,right_hand_pinky_joint2,17,0,1.0,rad,0.0,1.92,5.280944782894224e-18,5.2809449554761626e-18,-1.725819382855668e-25,1.1773643564083613e-05,5.2809449554761626e-18,1.1773643564078333e-05,8.477563824271783e-06,-0.0038209136109799147
8,7,8,18,L_forearm_tx_position,18,L_forearm_tx_link_joint,18,0,1.0,m,-5.0,5.0,0.48819899559020996,0.48819900530031435,-9.7101043872172e-09,0.47717174887657166,0.48819900530031435,-0.011027256423742693,-0.02044132724404335,12.81488037109375
8,7,8,19,L_forearm_ty_position,19,L_forearm_ty_link_joint,19,0,1.0,m,-5.0,5.0,-0.32026296854019165,-0.32026296549965944,-3.040532214892977e-09,-0.3167261779308319,-0.32026296549965944,0.0035367875688275263,0.006703825667500496,-3.703826904296875
8,7,8,20,L_forearm_tz_position,20,L_forearm_tz_link_joint,20,0,1.0,m,-5.0,5.0,0.7514981627464294,0.751498158165789,4.5806404225245956e-09,0.793243408203125,0.751498158165789,0.04174525003733598,0.17568936944007874,-58.53875732421875
8,7,8,21,L_forearm_roll_position,21,L_forearm_roll_link_joint,21,0,1.0,rad,-6.2,6.2,1.8135898113250732,1.8135898135675892,-2.2425159507122316e-09,1.7872645854949951,1.8135898135675892,-0.026325228072594076,0.5996794700622559,-11.317138671875
8,7,8,22,L_forearm_pitch_position,22,L_forearm_pitch_link_joint,22,0,1.0,rad,-6.2,6.2,1.0181727409362793,1.0181727359777575,4.958521815368044e-09,1.06757390499115,1.0181727359777575,0.04940116901339242,-0.831159770488739,2.2232666015625
8,7,8,23,L_forearm_yaw_position,23,L_forearm_yaw_link_joint,23,0,1.0,rad,-6.2,6.2,1.8212554454803467,1.8212554033851691,4.209517756592618e-08,1.8178492784500122,1.8212554033851691,-0.0034061249351569067,0.27993300557136536,-14.61865234375
8,7,8,24,left_thumb_bend_position,24,left_hand_thumb_bend_joint,24,0,1.0,rad,0.0,1.83,0.4666028916835785,0.4666028872617077,4.421870813953177e-09,0.47405707836151123,0.4666028872617077,0.007454191099803553,0.003074667416512966,-2.5661773681640625
8,7,8,25,left_thumb_rota1_position,25,left_hand_thumb_rota_joint1,25,0,1.0,rad,-1.05,1.57,1.4645696878433228,1.4645696400322206,4.7811102188433097e-08,1.4260892868041992,1.4645696400322206,-0.03848035322802135,0.2555024325847626,2.856201171875
8,7,8,26,left_thumb_rota2_position,26,left_hand_thumb_rota_joint2,26,0,1.0,rad,-0.17,1.83,-0.17000000178813934,-0.16999999999999998,-1.788139358804841e-09,-0.16786795854568481,-0.16999999999999998,0.00213204145431517,-0.030735233798623085,0.4398345947265625
8,7,8,27,left_index_bend_position,27,left_hand_index_bend_joint,27,0,1.0,rad,-0.175,0.175,0.07497774809598923,0.07497774796180781,1.3418141597831834e-10,0.05760107561945915,0.07497774796180781,-0.01737667234234866,0.20817528665065765,-1.99664306640625
8,7,8,28,left_index_joint1_position,28,left_hand_index_joint1,28,0,1.0,rad,0.0,1.92,0.6200558543205261,0.6200558450293296,9.291196478855568e-09,0.5317662954330444,0.6200558450293296,-0.08828954959628521,0.783560574054718,0.141815185546875
8,7,8,29,left_index_joint2_position,29,left_hand_index_joint2,29,0,1.0,rad,0.0,1.92,0.345063716173172,0.34506372026414245,-4.090970451287035e-09,0.1806359887123108,0.34506372026414245,-0.16442773155183166,1.4049075841903687,2.3043289184570312
8,7,8,30,left_middle_joint1_position,30,left_hand_mid_joint1,30,0,1.0,rad,0.0,1.92,0.3900968134403229,0.3900968178362656,-4.395942720947232e-09,0.3249248266220093,0.3900968178362656,-0.06517199121425632,0.5615357160568237,0.7383956909179688
8,7,8,31,left_middle_joint2_position,31,left_hand_mid_joint2,31,0,1.0,rad,0.0,1.92,0.6099720597267151,0.6099720592568352,4.698799127567099e-10,0.43162110447883606,0.6099720592568352,-0.17835095477799912,1.4091682434082031,6.803741455078125
8,7,8,32,left_ring_joint1_position,32,left_hand_ring_joint1,32,0,1.0,rad,0.0,1.92,0.22858911752700806,0.22858911496171075,2.5652973079104413e-09,0.11777648329734802,0.22858911496171075,-0.11081263166436273,0.4199104607105255,19.12607192993164
8,7,8,33,left_ring_joint2_position,33,left_hand_ring_joint2,33,0,1.0,rad,0.0,1.92,0.7521139979362488,0.7521139962823961,1.653852721439364e-09,0.5254079699516296,0.7521139962823961,-0.22670602633076642,1.6189727783203125,13.6998291015625
8,7,8,34,left_pinky_joint1_position,34,left_hand_pinky_joint1,34,0,1.0,rad,0.0,1.92,1.7301299765991776e-17,1.7301300179582082e-17,-4.1359030627651384e-25,0.0051437923684716225,1.7301300179582082e-17,0.005143792368471605,0.018599320203065872,-1.8567804098129272
8,7,8,35,left_pinky_joint2_position,35,left_hand_pinky_joint2,35,0,1.0,rad,0.0,1.92,0.8285427093505859,0.828542694263793,1.5086792926055637e-08,0.6337308883666992,0.828542694263793,-0.1948118058970938,1.5804537534713745,6.139190673828125
9,8,9,0,R_forearm_tx_position,0,R_forearm_tx_link_joint,0,0,1.0,m,-5.0,5.0,0.7462448477745056,0.7462448482818557,-5.073500508601114e-10,0.7459493279457092,0.7462448482818557,-0.0002955203361464376,0.007663550321012735,-0.5072021484375
9,8,9,1,R_forearm_ty_position,1,R_forearm_ty_link_joint,1,0,1.0,m,-5.0,5.0,-0.2530719041824341,-0.25307190422048853,3.8054448481261716e-11,-0.2522745728492737,-0.25307190422048853,0.0007973313712148489,-0.008840939030051231,0.0635223388671875
9,8,9,2,R_forearm_tz_position,2,R_forearm_tz_link_joint,2,0,1.0,m,-5.0,5.0,0.7573176622390747,0.757317663706472,-1.4673973147694142e-09,0.7741140127182007,0.757317663706472,0.016796349011728662,-0.030482228845357895,-13.8370361328125
9,8,9,3,R_forearm_roll_position,3,R_forearm_roll_link_joint,3,0,1.0,rad,-6.2,6.2,1.5401819944381714,1.5401819903976848,4.040486611955885e-09,1.5364058017730713,1.5401819903976848,-0.0037761886246134857,0.08702891319990158,-1.8167724609375
9,8,9,4,R_forearm_pitch_position,4,R_forearm_pitch_link_joint,4,0,1.0,rad,-6.2,6.2,-1.1558992862701416,-1.1558992751919772,-1.1078164385835976e-08,-1.1835976839065552,-1.1558992751919772,-0.02769840871457796,0.549889862537384,-6.240234375
9,8,9,5,R_forearm_yaw_position,5,R_forearm_yaw_link_joint,5,0,1.0,rad,-6.2,6.2,1.6773804426193237,1.6773805021879467,-5.956862292322285e-08,1.692490577697754,1.6773805021879467,0.015110075509807253,-0.2785845994949341,2.1890869140625
9,8,9,6,right_thumb_bend_position,6,right_hand_thumb_bend_joint,6,0,1.0,rad,0.0,1.83,0.6097831726074219,0.6097831577540089,1.4853412944049182e-08,0.5824737548828125,0.6097831577540089,-0.02730940287119643,0.21012376248836517,1.0510101318359375
9,8,9,7,right_thumb_rota1_position,7,right_hand_thumb_rota_joint1,7,0,1.0,rad,-1.05,1.57,1.1653293371200562,1.1653292880516082,4.906844797147869e-08,1.1739182472229004,1.1653292880516082,0.00858895917129221,-0.08987212181091309,0.530731201171875
9,8,9,8,right_thumb_rota2_position,8,right_hand_thumb_rota_joint2,8,0,1.0,rad,-0.175,1.83,-0.17499999701976776,-0.175,2.980232227667301e-09,-0.17465536296367645,-0.175,0.00034463703632353626,-0.0010676629608497024,-0.06797027587890625
9,8,9,9,right_index_bend_position,9,right_hand_index_bend_joint,9,0,1.0,rad,-0.175,0.175,-0.027019642293453217,-0.027019642293010036,-4.4318021474865077e-13,-0.04764275625348091,-0.027019642293010036,-0.020623113960470875,0.1624240279197693,0.8069972991943359
9,8,9,10,right_index_joint1_position,10,right_hand_index_joint1,10,0,1.0,rad,0.0,1.92,0.6132258176803589,0.6132258155049835,2.1753754353426302e-09,0.5391287207603455,0.6132258155049835,-0.07409709474463799,0.5786166191101074,3.0840606689453125
9,8,9,11,right_index_joint2_position,11,right_hand_index_joint2,11,0,1.0,rad,0.0,1.92,-1.0708455216984882e-17,-1.0708455285455398e-17,6.847051655292319e-26,1.072948089131387e-05,-1.0708455285455398e-17,1.0729480891324578e-05,-1.0754574759630486e-06,-0.003171023679897189
9,8,9,12,right_middle_joint1_position,12,right_hand_mid_joint1,12,0,1.0,rad,0.0,1.92,0.4255034029483795,0.42550339911201085,3.836368667187173e-09,0.398650199174881,0.42550339911201085,-0.026853199937129868,0.21293513476848602,0.9984512329101562
9,8,9,13,right_middle_joint2_position,13,right_hand_mid_joint2,13,0,1.0,rad,0.0,1.94,0.014712232165038586,0.01471223184191407,3.2312451499205697e-10,0.0018618660978972912,0.01471223184191407,-0.01285036574401678,0.08081028610467911,1.268200397491455
9,8,9,14,right_ring_joint1_position,14,right_hand_ring_joint1,14,0,1.0,rad,0.0,1.92,0.30993416905403137,0.3099341669216506,2.1323807719575427e-09,0.30163082480430603,0.3099341669216506,-0.00830334211734457,0.041712671518325806,1.2169570922851562
9,8,9,15,right_ring_joint2_position,15,right_hand_ring_joint2,15,0,1.0,rad,0.0,1.92,0.029311111196875572,0.02931111060825448,5.886210928396363e-10,0.00787490326911211,0.02931111060825448,-0.02143620733914237,0.16740542650222778,0.8918380737304688
9,8,9,16,right_pinky_joint1_position,16,right_hand_pinky_joint1,16,0,1.0,rad,0.0,1.92,0.21210019290447235,0.21210019031484506,2.5896272903835893e-09,0.2390621453523636,0.21210019031484506,0.026961955037518526,-0.2767084240913391,1.3660812377929688
9,8,9,17,right_pinky_joint2_position,17,right_hand_pinky_joint2,17,0,1.0,rad,0.0,1.92,5.3744132969805725e-18,5.3744132388485834e-18,5.813198902598442e-26,1.1856021046696696e-05,5.3744132388485834e-18,1.1856021046691323e-05,2.4650544219184667e-06,-0.0036250483244657516
9,8,9,18,L_forearm_tx_position,18,L_forearm_tx_link_joint,18,0,1.0,m,-5.0,5.0,0.4885806739330292,0.4885806879123189,-1.3979289725796207e-08,0.4766579866409302,0.4885806879123189,-0.011922701271388725,0.028535334393382072,10.26983642578125
9,8,9,19,L_forearm_ty_position,19,L_forearm_ty_link_joint,19,0,1.0,m,-5.0,5.0,-0.32321593165397644,-0.32321593673998666,5.086010224086834e-09,-0.3168184757232666,-0.32321593673998666,0.006397461016720063,-0.024121779948472977,-4.5858154296875
9,8,9,20,L_forearm_tz_position,20,L_forearm_tz_link_joint,20,0,1.0,m,-5.0,5.0,0.7551328539848328,0.7551328765511187,-2.2566285950986753e-08,0.7983580827713013,0.7551328765511187,0.043225206220182555,-0.036184150725603104,-46.9822998046875
9,8,9,21,L_forearm_roll_position,21,L_forearm_roll_link_joint,21,0,1.0,rad,-6.2,6.2,1.8293731212615967,1.8293731079956113,1.3265985421284654e-08,1.8072725534439087,1.8293731079956113,-0.022100554551702567,0.5064569115638733,-10.319091796875
9,8,9,22,L_forearm_pitch_position,22,L_forearm_pitch_link_joint,22,0,1.0,rad,-6.2,6.2,0.9654898047447205,0.9654897977176121,7.027108339663357e-09,1.0299824476242065,0.9654897977176121,0.06449264990659442,-1.159669280052185,6.85992431640625
9,8,9,23,L_forearm_yaw_position,23,L_forearm_yaw_link_joint,23,0,1.0,rad,-6.2,6.2,1.8165292739868164,1.816529291619349,-1.763253254516428e-08,1.8227577209472656,1.816529291619349,0.006228429327916674,0.04287545010447502,-10.6221923828125
9,8,9,24,left_thumb_bend_position,24,left_hand_thumb_bend_joint,24,0,1.0,rad,0.0,1.83,0.469410240650177,0.46941025528315655,-1.4632979550288638e-08,0.4736592173576355,0.46941025528315655,0.004248962074478946,-0.02133304998278618,-0.6131134033203125
9,8,9,25,left_thumb_rota1_position,25,left_hand_thumb_rota_joint1,25,0,1.0,rad,-1.05,1.57,1.4856363534927368,1.4856363587348593,-5.2421225138488126e-09,1.436790943145752,1.4856363587348593,-0.04884541558910738,0.34654033184051514,3.0296630859375
9,8,9,26,left_thumb_rota2_position,26,left_hand_thumb_rota_joint2,26,0,1.0,rad,-0.17,1.83,-0.17000000178813934,-0.17,-1.7881393310492655e-09,-0.16868244111537933,-0.17,0.0013175588846206787,-0.019847718998789787,0.3041801452636719
9,8,9,27,left_index_bend_position,27,left_hand_index_bend_joint,27,0,1.0,rad,-0.175,0.175,0.07506638765335083,0.07506638504408927,2.6092615568185096e-09,0.06348469108343124,0.07506638504408927,-0.01158169396065803,0.1513114720582962,-1.8051586151123047
9,8,9,28,left_index_joint1_position,28,left_hand_index_joint1,28,0,1.0,rad,0.0,1.92,0.6702233552932739,0.6702233688621747,-1.3568900780747128e-08,0.5625758767127991,0.6702233688621747,-0.10764749214937563,0.9664621353149414,-0.2530517578125
9,8,9,29,left_index_joint2_position,29,left_hand_index_joint2,29,0,1.0,rad,0.0,1.92,0.42194974422454834,0.42194974363417553,5.903728061973368e-10,0.23503758013248444,0.42194974363417553,-0.1869121635016911,1.6952213048934937,-1.0665817260742188
9,8,9,30,left_middle_joint1_position,30,left_hand_mid_joint1,30,0,1.0,rad,0.0,1.92,0.41502851247787476,0.415028514011382,-1.5335072656164073e-09,0.3459187150001526,0.415028514011382,-0.06910979901122943,0.6427239775657654,-0.9997482299804688
9,8,9,31,left_middle_joint2_position,31,left_hand_mid_joint2,31,0,1.0,rad,0.0,1.92,0.7533299922943115,0.7533299945975442,-2.303232715661352e-09,0.49569445848464966,0.7533299945975442,-0.2576355361128946,2.135892152786255,6.063812255859375
9,8,9,32,left_ring_joint1_position,32,left_hand_ring_joint1,32,0,1.0,rad,0.0,1.92,0.29474127292633057,0.29474126144653967,1.14797908956632e-08,0.1415320783853531,0.29474126144653967,-0.15320918306118658,0.9732905030250549,14.737152099609375
9,8,9,33,left_ring_joint2_position,33,left_hand_ring_joint2,33,0,1.0,rad,0.0,1.92,0.8852220177650452,0.8852220228155941,-5.050548979035341e-09,0.594546914100647,0.8852220228155941,-0.2906751087149472,2.330198287963867,9.82867431640625
9,8,9,34,left_pinky_joint1_position,34,left_hand_pinky_joint1,34,0,1.0,rad,0.0,1.92,5.95862942320835e-12,5.9586292910712105e-12,1.3213713977167085e-19,0.004729497246444225,5.9586292910712105e-12,0.004729497240485596,-0.06455277651548386,0.8346583843231201
9,8,9,35,left_pinky_joint2_position,35,left_hand_pinky_joint2,35,0,1.0,rad,0.0,1.92,0.9886682033538818,0.9886682080098419,-4.655960061938913e-09,0.7045044898986816,0.9886682080098419,-0.28416371811116026,2.3285441398620605,7.7117919921875
10,9,10,0,R_forearm_tx_position,0,R_forearm_tx_link_joint,0,0,1.0,m,-5.0,5.0,0.7470577955245972,0.7470578098701091,-1.434551188950195e-08,0.7464999556541443,0.7470578098701091,-0.0005578542159647704,0.0175386443734169,-1.22705078125
10,9,10,1,R_forearm_ty_position,1,R_forearm_ty_link_joint,1,0,1.0,m,-5.0,5.0,-0.2511674463748932,-0.25116745675130986,1.0376416670343502e-08,-0.2527204751968384,-0.25116745675130986,-0.00155301844552852,-0.01356588862836361,2.908294677734375
10,9,10,2,R_forearm_tz_position,2,R_forearm_tz_link_joint,2,0,1.0,m,-5.0,5.0,0.7591278553009033,0.7591278707685621,-1.5467658820433883e-08,0.7721849083900452,0.7591278707685621,0.013057037621483025,-0.06196550279855728,-7.04693603515625
10,9,10,3,R_forearm_roll_position,3,R_forearm_roll_link_joint,3,0,1.0,rad,-6.2,6.2,1.5481023788452148,1.5481023654624648,1.3382750019275136e-08,1.540808081626892,1.5481023654624648,-0.007294283835572735,0.13668310642242432,-1.1650390625
10,9,10,4,R_forearm_pitch_position,4,R_forearm_pitch_link_joint,4,0,1.0,rad,-6.2,6.2,-1.106123447418213,-1.1061234424698199,-4.948393028669784e-09,-1.1545164585113525,-1.1061234424698199,-0.04839301604153268,0.9143000245094299,-8.0452880859375
10,9,10,5,R_forearm_yaw_position,5,R_forearm_yaw_link_joint,5,0,1.0,rad,-6.2,6.2,1.6578099727630615,1.65780998397465,-1.1211588546444773e-08,1.6794205904006958,1.65780998397465,0.02161060642604573,-0.3958042860031128,2.85986328125
10,9,10,6,right_thumb_bend_position,6,right_hand_thumb_bend_joint,6,0,1.0,rad,0.0,1.83,0.614107072353363,0.6141070452188289,2.7134534175132785e-08,0.5896372199058533,0.6141070452188289,-0.02446982531297559,0.20721428096294403,0.255218505859375
10,9,10,7,right_thumb_rota1_position,7,right_hand_thumb_rota_joint1,7,0,1.0,rad,-1.05,1.57,1.1685353517532349,1.1685353158329745,3.5920260321731234e-08,1.17170250415802,1.1685353158329745,0.003167188325045478,-0.05110691115260124,0.86846923828125
10,9,10,8,right_thumb_rota2_position,8,right_hand_thumb_rota_joint2,8,0,1.0,rad,-0.175,1.83,-0.17499999701976776,-0.17499999999999996,2.9802321999117254e-09,-0.17471176385879517,-0.17499999999999996,0.0002882361412047951,-0.002211587969213724,-0.015659332275390625
10,9,10,9,right_index_bend_position,9,right_hand_index_bend_joint,9,0,1.0,rad,-0.175,0.175,-0.009968929924070835,-0.009968930324117194,4.0004635888657436e-10,-0.04018285498023033,-0.009968930324117194,-0.03021392465611314,0.24966996908187866,0.7420737743377686
10,9,10,10,right_index_joint1_position,10,right_hand_index_joint1,10,0,1.0,rad,0.0,1.92,0.6531956195831299,0.6531956083314095,1.125172033322741e-08,0.5632951259613037,0.6531956083314095,-0.08990048237010584,0.778900146484375,0.8558349609375
10,9,10,11,right_index_joint2_position,11,right_hand_index_joint2,11,0,1.0,rad,0.0,1.92,0.031829774379730225,0.03182977426775631,1.119739162502853e-10,0.0038090511225163937,0.03182977426775631,-0.028020723145239915,0.17401330173015594,2.8472700119018555
10,9,10,12,right_middle_joint1_position,12,right_hand_mid_joint1,12,0,1.0,rad,0.0,1.92,0.4533211290836334,0.45332111514858586,1.39350475603095e-08,0.4090651273727417,0.45332111514858586,-0.04425598777584416,0.3563734292984009,1.43890380859375
10,9,10,13,right_middle_joint2_position,13,right_hand_mid_joint2,13,0,1.0,rad,0.0,1.94,0.04391588270664215,0.0439158835801855,-8.73543348767214e-10,0.008354349061846733,0.0439158835801855,-0.03556153451833877,0.2515968680381775,2.459379196166992
10,9,10,14,right_ring_joint1_position,14,right_hand_ring_joint1,14,0,1.0,rad,0.0,1.92,0.3293144702911377,0.32931446558825256,4.7028851368757785e-09,0.30570510029792786,0.32931446558825256,-0.023609365290324702,0.16303546726703644,1.7857513427734375
10,9,10,15,right_ring_joint2_position,15,right_hand_ring_joint2,15,0,1.0,rad,0.0,1.92,0.0522652305662632,0.05226522996678101,5.994821861143862e-10,0.016224302351474762,0.05226522996678101,-0.03604092761530625,0.28754332661628723,1.2709026336669922
10,9,10,16,right_pinky_joint1_position,16,right_hand_pinky_joint1,16,0,1.0,rad,0.0,1.92,0.2212415188550949,0.22124151961877633,-7.636814236544609e-10,0.23190344870090485,0.22124151961877633,0.010661929082128513,-0.17092536389827728,2.8507308959960938
10,9,10,17,right_pinky_joint2_position,17,right_hand_pinky_joint2,17,0,1.0,rad,0.0,1.92,5.406913223247781e-18,5.4069132939683106e-18,-7.072052966240027e-26,1.1645701306406409e-05,5.4069132939683106e-18,1.1645701306401001e-05,-4.350794370111544e-06,-0.003304028185084462
10,9,10,18,L_forearm_tx_position,18,L_forearm_tx_link_joint,18,0,1.0,m,-5.0,5.0,0.48814868927001953,0.4881486824770916,6.7929279423672995e-09,0.4786909520626068,0.4881486824770916,-0.009457730414484777,0.012322194874286652,2.411041259765625
10,9,10,19,L_forearm_ty_position,19,L_forearm_ty_link_joint,19,0,1.0,m,-5.0,5.0,-0.3244718313217163,-0.32447182579256373,-5.529152580230345e-09,-0.318233847618103,-0.32447182579256373,0.006237978174460701,-0.02319730445742607,-1.426483154296875
10,9,10,20,L_forearm_tz_position,20,L_forearm_tz_link_joint,20,0,1.0,m,-5.0,5.0,0.7600833177566528,0.7600833354221453,-1.7665492513252445e-08,0.7909882068634033,0.7600833354221453,0.030904871441257975,-0.002937227487564087,1.47137451171875
10,9,10,21,L_forearm_roll_position,21,L_forearm_roll_link_joint,21,0,1.0,rad,-6.2,6.2,1.8686916828155518,1.8686916718386664,1.097688540063757e-08,1.830904483795166,1.8686916718386664,-0.03778718804350034,0.7510654330253601,-6.68310546875
10,9,10,22,L_forearm_pitch_position,22,L_forearm_pitch_link_joint,22,0,1.0,rad,-6.2,6.2,0.894316554069519,0.8943165369003611,1.7169157984220362e-08,0.9778066873550415,0.8943165369003611,0.08349015045468045,-1.5170129537582397,14.0989990234375
10,9,10,23,L_forearm_yaw_position,23,L_forearm_yaw_link_joint,23,0,1.0,rad,-6.2,6.2,1.816651463508606,1.816651429201141,3.4307464868987836e-08,1.821798324584961,1.816651429201141,0.0051468953838198495,0.02573486417531967,-0.6732177734375
10,9,10,24,left_thumb_bend_position,24,left_hand_thumb_bend_joint,24,0,1.0,rad,0.0,1.83,0.4844317138195038,0.48443170083781356,1.2981690222790832e-08,0.47457921504974365,0.48443170083781356,-0.009852485788069909,0.05609012767672539,1.272369384765625
10,9,10,25,left_thumb_rota1_position,25,left_hand_thumb_rota_joint1,25,0,1.0,rad,-1.05,1.57,1.4967328310012817,1.4967328563417401,-2.5340458398304122e-08,1.449678659439087,1.4967328563417401,-0.04705419690265322,0.40723150968551636,0.4561767578125
10,9,10,26,left_thumb_rota2_position,26,left_hand_thumb_rota_joint2,26,0,1.0,rad,-0.17,1.83,-0.17000000178813934,-0.17000000000000004,-1.7881393032936899e-09,-0.16920137405395508,-0.17000000000000004,0.0007986259460449618,-0.012530646286904812,0.20243453979492188
10,9,10,27,left_index_bend_position,27,left_hand_index_bend_joint,27,0,1.0,rad,-0.175,0.175,0.07497885078191757,0.07497885071848505,6.343252312301928e-11,0.06761498749256134,0.07497885071848505,-0.007363863225923709,0.10396824777126312,-1.4153366088867188
10,9,10,28,left_index_joint1_position,28,left_hand_index_joint1,28,0,1.0,rad,0.0,1.92,0.7880992889404297,0.78809926469551,2.424491973851417e-08,0.6071012020111084,0.78809926469551,-0.18099806268440155,1.492526888847351,4.593048095703125
10,9,10,29,left_index_joint2_position,29,left_hand_index_joint2,29,0,1.0,rad,0.0,1.92,0.4282680153846741,0.4282680098245931,5.560080951205748e-09,0.28899085521698,0.4282680098245931,-0.13927715460761314,1.5101398229599,-10.057708740234375
10,9,10,30,left_middle_joint1_position,30,left_hand_mid_joint1,30,0,1.0,rad,0.0,1.92,0.5147733092308044,0.514773323421866,-1.4191061548096684e-08,0.3777819871902466,0.514773323421866,-0.1369913362316194,1.0961850881576538,4.7440643310546875
10,9,10,31,left_middle_joint2_position,31,left_hand_mid_joint2,31,0,1.0,rad,0.0,1.92,0.8375740051269531,0.8375740052910373,-1.6408419067914792e-10,0.5754178762435913,0.8375740052910373,-0.262156129047446,2.440742015838623,-3.858978271484375
10,9,10,32,left_ring_joint1_position,32,left_hand_ring_joint1,32,0,1.0,rad,0.0,1.92,0.3821750283241272,0.38217502309258766,5.231539534911178e-09,0.18750673532485962,0.38217502309258766,-0.19466828776772804,1.433561086654663,5.837547302246094
10,9,10,33,left_ring_joint2_position,33,left_hand_ring_joint2,33,0,1.0,rad,0.0,1.92,1.0157132148742676,1.0157132179654007,-3.091133127242074e-09,0.6869322061538696,1.0157132179654007,-0.3287810118115311,2.8239409923553467,0.105010986328125
10,9,10,34,left_pinky_joint1_position,34,left_hand_pinky_joint1,34,0,1.0,rad,0.0,1.92,0.11825066804885864,0.11825066874506275,-6.962041082525516e-10,0.01701360195875168,0.11825066874506275,-0.10123706678631107,0.5876753926277161,11.530561447143555
10,9,10,35,left_pinky_joint2_position,35,left_hand_pinky_joint2,35,0,1.0,rad,0.0,1.92,1.0531933307647705,1.0531932891708637,4.159390676328201e-08,0.7884958982467651,1.0531932891708637,-0.2646973909240986,2.518657922744751,-6.15423583984375
11,10,11,0,R_forearm_tx_position,0,R_forearm_tx_link_joint,0,0,1.0,m,-5.0,5.0,0.7482923865318298,0.7482923576867079,2.8845121957665754e-08,0.7471840977668762,0.7482923576867079,-0.0011082599198316556,0.01825374737381935,-0.8223876953125
11,10,11,1,R_forearm_ty_position,1,R_forearm_ty_link_joint,1,0,1.0,m,-5.0,5.0,-0.2503065764904022,-0.2503065777407328,1.2503305613087434e-09,-0.2534991204738617,-0.2503065777407328,-0.0031925427331289113,-0.026733899489045143,5.831298828125
11,10,11,2,R_forearm_tz_position,2,R_forearm_tz_link_joint,2,0,1.0,m,-5.0,5.0,0.7627957463264465,0.7627957241909569,2.2135489663455132e-08,0.7689590454101562,0.7627957241909569,0.00616332121919938,-0.09969357401132584,3.5626220703125
11,10,11,3,R_forearm_roll_position,3,R_forearm_roll_link_joint,3,0,1.0,rad,-6.2,6.2,1.5497065782546997,1.549706604554153,-2.6299453281808383e-08,1.5450855493545532,1.549706604554153,-0.004621055199599766,0.11056431382894516,-2.40576171875
11,10,11,4,R_forearm_pitch_position,4,R_forearm_pitch_link_joint,4,0,1.0,rad,-6.2,6.2,-1.0357006788253784,-1.0357007297474312,5.092205279666473e-08,-1.1096528768539429,-1.0357007297474312,-0.07395214710651166,1.3819055557250977,-11.578125
11,10,11,5,R_forearm_yaw_position,5,R_forearm_yaw_link_joint,5,0,1.0,rad,-6.2,6.2,1.6331149339675903,1.6331149642047111,-3.02371208071861e-08,1.6616121530532837,1.6331149642047111,0.028497188848572552,-0.5323370099067688,4.4700927734375
11,10,11,6,right_thumb_bend_position,6,right_hand_thumb_bend_joint,6,0,1.0,rad,0.0,1.83,0.6247559785842896,0.6247560018844706,-2.3300181006824516e-08,0.5974096059799194,0.6247560018844706,-0.027346395904551124,0.2361789494752884,0.191375732421875
11,10,11,7,right_thumb_rota1_position,7,right_hand_thumb_rota_joint1,7,0,1.0,rad,-1.05,1.57,1.1747562885284424,1.1747562964096718,-7.881229446837779e-09,1.1710737943649292,1.1747562964096718,-0.0036825020447426304,-0.0006859023123979568,1.22857666015625
11,10,11,8,right_thumb_rota2_position,8,right_hand_thumb_rota_joint2,8,0,1.0,rad,-0.175,1.83,-0.17499999701976776,-0.17499999999999996,2.9802321999117254e-09,-0.1748332381248474,-0.17499999999999996,0.00016676187515254903,-0.004683448933064938,0.10171127319335938
11,10,11,9,right_index_bend_position,9,right_hand_index_bend_joint,9,0,1.0,rad,-0.175,0.175,0.013733047060668468,0.013733047246430381,-1.8576191279651155e-10,-0.029195012524724007,0.013733047246430381,-0.04292805977115439,0.3618224859237671,0.7876529693603516
11,10,11,10,right_index_joint1_position,10,right_hand_index_joint1,10,0,1.0,rad,0.0,1.92,0.6879825592041016,0.6879825628148533,-3.6107516976358056e-09,0.5923781991004944,0.6879825628148533,-0.09560436371435888,0.8905289173126221,-1.424896240234375
11,10,11,11,right_index_joint2_position,11,right_hand_index_joint2,11,0,1.0,rad,0.0,1.92,0.07655321806669235,0.07655321914118597,-1.0744936190798526e-09,0.01566247083246708,0.07655321914118597,-0.06089074830871889,0.44431909918785095,3.703481674194336
11,10,11,12,right_middle_joint1_position,12,right_hand_mid_joint1,12,0,1.0,rad,0.0,1.92,0.4947773218154907,0.49477732164233507,1.7315565647990638e-10,0.4257972538471222,0.49477732164233507,-0.06898006779521287,0.5644201040267944,1.90460205078125
11,10,11,13,right_middle_joint2_position,13,right_hand_mid_joint2,13,0,1.0,rad,0.0,1.94,0.08757045865058899,0.08757045683045822,1.8201307683263224e-09,0.022393956780433655,0.08757045683045822,-0.06517650005002457,0.5004640221595764,3.0308170318603516
11,10,11,14,right_ring_joint1_position,14,right_hand_ring_joint1,14,0,1.0,rad,0.0,1.92,0.36940616369247437,0.36940615781775277,5.874721598075894e-09,0.316287100315094,0.36940615781775277,-0.05311905750265877,0.3923650085926056,3.0542221069335938
11,10,11,15,right_ring_joint2_position,15,right_hand_ring_joint2,15,0,1.0,rad,0.0,1.92,0.0872746929526329,0.08727469046824812,2.4843847812316966e-09,0.029944485053420067,0.08727469046824812,-0.057330205414828056,0.4654405415058136,1.7194252014160156
11,10,11,16,right_pinky_joint1_position,16,right_hand_pinky_joint1,16,0,1.0,rad,0.0,1.92,0.2580580413341522,0.2580580485598342,-7.225681997180544e-09,0.23191869258880615,0.2580580485598342,-0.026139355971028067,0.09774629026651382,5.082786560058594
11,10,11,17,right_pinky_joint2_position,17,right_hand_pinky_joint2,17,0,1.0,rad,0.0,1.92,5.406389617920035e-18,5.40638943263686e-18,1.8528317509786445e-25,1.1147051736770663e-05,5.40638943263686e-18,1.1147051736765258e-05,-1.0275370186718646e-05,-0.0029185940511524677
11,10,11,18,L_forearm_tx_position,18,L_forearm_tx_link_joint,18,0,1.0,m,-5.0,5.0,0.48595699667930603,0.4859569845134557,1.2165850327150451e-08,0.4775181710720062,0.4859569845134557,-0.008438813441449478,-0.004921941086649895,10.049835205078125
11,10,11,19,L_forearm_ty_position,19,L_forearm_ty_link_joint,19,0,1.0,m,-5.0,5.0,-0.3255578875541687,-0.3255578837584135,-3.795755210145302e-09,-0.3174589276313782,-0.3255578837584135,0.008098956127035317,-0.0016344627365469933,-8.971771240234375
11,10,11,20,L_forearm_tz_position,20,L_forearm_tz_link_joint,20,0,1.0,m,-5.0,5.0,0.7652472853660583,0.7652472903633775,-4.997319114075083e-09,0.8007603287696838,0.7652472903633775,0.035513038406306374,0.08060622960329056,-50.79583740234375
11,10,11,21,L_forearm_roll_position,21,L_forearm_roll_link_joint,21,0,1.0,rad,-6.2,6.2,1.9279838800430298,1.9279839115248074,-3.148177762923865e-08,1.8684742450714111,1.9279839115248074,-0.05950966645339628,1.1370234489440918,-11.2994384765625
11,10,11,22,L_forearm_pitch_position,22,L_forearm_pitch_link_joint,22,0,1.0,rad,-6.2,6.2,0.8110062479972839,0.8110062579777355,-9.9804515762969e-09,0.9142305254936218,0.8110062579777355,0.10322426751588631,-1.91289222240448,15.18341064453125
11,10,11,23,L_forearm_yaw_position,23,L_forearm_yaw_link_joint,23,0,1.0,rad,-6.2,6.2,1.814234733581543,1.8142347637579517,-3.0176408705173685e-08,1.8242504596710205,1.8142347637579517,0.010015695913068834,-0.023077014833688736,-10.349609375
11,10,11,24,left_thumb_bend_position,24,left_hand_thumb_bend_joint,24,0,1.0,rad,0.0,1.83,0.5048025250434875,0.5048025527117461,-2.766825857314359e-08,0.4792688190937042,0.5048025527117461,-0.0255337336180419,0.18060585856437683,1.753448486328125
11,10,11,25,left_thumb_rota1_position,25,left_hand_thumb_rota_joint1,25,0,1.0,rad,-1.05,1.57,1.4987720251083374,1.49877203822964,-1.3121302488983133e-08,1.462952971458435,1.49877203822964,-0.03581906677120483,0.3773224353790283,-2.174346923828125
11,10,11,26,left_thumb_rota2_position,26,left_hand_thumb_rota_joint2,26,0,1.0,rad,-0.17,1.83,-0.17000000178813934,-0.17,-1.7881393310492655e-09,-0.1695259064435959,-0.17,0.000474093556404126,-0.0077230981551110744,0.1313629150390625
11,10,11,27,left_index_bend_position,27,left_hand_index_bend_joint,27,0,1.0,rad,-0.175,0.175,0.07506782561540604,0.0750678235260532,2.089352829637292e-09,0.07041434943675995,0.0750678235260532,-0.004653474089293258,0.06864584982395172,-1.0219669342041016
11,10,11,28,left_index_joint1_position,28,left_hand_index_joint1,28,0,1.0,rad,0.0,1.92,0.8641974329948425,0.8641974390766108,-6.081768311183566e-09,0.6650095582008362,0.8641974390766108,-0.19918788087577466,1.8049978017807007,-1.09039306640625
11,10,11,29,left_index_joint2_position,29,left_hand_index_joint2,29,0,1.0,rad,0.0,1.92,0.4794965386390686,0.47949654955011983,-1.0911051229189894e-08,0.339248925447464,0.47949654955011983,-0.14024762410265584,1.4456336498260498,-7.3165130615234375
11,10,11,30,left_middle_joint1_position,30,left_hand_mid_joint1,30,0,1.0,rad,0.0,1.92,0.5604155659675598,0.5604155737296262,-7.762066434047199e-09,0.41958338022232056,0.5604155737296262,-0.1408321935073057,1.2918906211853027,-1.3619842529296875
11,10,11,31,left_middle_joint2_position,31,left_hand_mid_joint2,31,0,1.0,rad,0.0,1.92,0.9757210612297058,0.9757210386205191,2.260918674501511e-08,0.6676718592643738,0.9757210386205191,-0.3080491793561453,2.841644525527954,-3.54962158203125
11,10,11,32,left_ring_joint1_position,32,left_hand_ring_joint1,32,0,1.0,rad,0.0,1.92,0.5804896950721741,0.5804896922126352,2.859538827948427e-09,0.25610587000846863,0.5804896922126352,-0.3243838222041666,2.444003105163574,16.823471069335938
11,10,11,33,left_ring_joint2_position,33,left_hand_ring_joint2,33,0,1.0,rad,0.0,1.92,1.0642136335372925,1.0642135954125143,3.8124778223291855e-08,0.7801475524902344,1.0642135954125143,-0.2840660429222799,2.753279685974121,-8.259429931640625
11,10,11,34,left_pinky_joint1_position,34,left_hand_pinky_joint1,34,0,1.0,rad,0.0,1.92,0.2819541394710541,0.2819541325797287,6.891325399216441e-09,0.05607850104570389,0.2819541325797287,-0.2258756315340248,1.5072095394134521,19.0164794921875
11,10,11,35,left_pinky_joint2_position,35,left_hand_pinky_joint2,35,0,1.0,rad,0.0,1.92,1.078261137008667,1.078261121915327,1.509333991123185e-08,0.8666793704032898,1.078261121915327,-0.21158175151203729,2.188922643661499,-11.337799072265625
12,11,12,0,R_forearm_tx_position,0,R_forearm_tx_link_joint,0,0,1.0,m,-5.0,5.0,0.7491757273674011,0.7491757331860901,-5.8186889750899695e-09,0.7476471066474915,0.7491757331860901,-0.001528626538598643,0.014438212849199772,0.1417236328125
12,11,12,1,R_forearm_ty_position,1,R_forearm_ty_link_joint,1,0,1.0,m,-5.0,5.0,-0.24890954792499542,-0.24890954264952536,-5.2754700607948735e-09,-0.25335320830345154,-0.24890954264952536,-0.0044436656539261765,0.023909084498882294,2.4163970947265625
12,11,12,2,R_forearm_tz_position,2,R_forearm_tz_link_joint,2,0,1.0,m,-5.0,5.0,0.7686996459960938,0.7686996490807995,-3.0847057130856115e-09,0.765224814414978,0.7686996490807995,-0.0034748346658214357,-0.11443457007408142,14.4437255859375
12,11,12,3,R_forearm_roll_position,3,R_forearm_roll_link_joint,3,0,1.0,rad,-6.2,6.2,1.53669273853302,1.5366927363665275,2.1664925409226043e-09,1.5440059900283813,1.5366927363665275,0.007313253661853869,-0.09173909574747086,-2.1201171875
12,11,12,4,R_forearm_pitch_position,4,R_forearm_pitch_link_joint,4,0,1.0,rad,-6.2,6.2,-0.9516018629074097,-0.9516018401601808,-2.2747228878294834e-08,-1.0483664274215698,-0.9516018401601808,-0.09676458726138903,1.8270139694213867,-16.85296630859375
12,11,12,5,R_forearm_yaw_position,5,R_forearm_yaw_link_joint,5,0,1.0,rad,-6.2,6.2,1.6060268878936768,1.606026927854092,-3.996041519904736e-08,1.6393718719482422,1.606026927854092,0.03334494409415023,-0.650750458240509,7.0538330078125
12,11,12,6,right_thumb_bend_position,6,right_hand_thumb_bend_joint,6,0,1.0,rad,0.0,1.83,0.6508653163909912,0.6508653154450947,9.45896472259733e-10,0.6081089377403259,0.6508653154450947,-0.04275637770476881,0.35651159286499023,0.9311981201171875
12,11,12,7,right_thumb_rota1_position,7,right_hand_thumb_rota_joint1,7,0,1.0,rad,-1.05,1.57,1.1845954656600952,1.184595428362755,3.729734010526897e-08,1.1726597547531128,1.184595428362755,-0.011935673609642317,0.07337760925292969,1.23931884765625
12,11,12,8,right_thumb_rota2_position,8,right_hand_thumb_rota_joint2,8,0,1.0,rad,-0.175,1.83,-0.17499999701976776,-0.17500000000000002,2.9802322554228766e-09,-0.1749441921710968,-0.17500000000000002,5.5807828903214896e-05,-0.0022619215305894613,0.066162109375
12,11,12,9,right_index_bend_position,9,right_hand_index_bend_joint,9,0,1.0,rad,-0.175,0.175,0.03770538792014122,0.03770538807114933,-1.510081087952031e-10,-0.014613897539675236,0.03770538807114933,-0.052319285610824565,0.4628026783466339,0.14014148712158203
12,11,12,10,right_index_joint1_position,10,right_hand_index_joint1,10,0,1.0,rad,0.0,1.92,0.7198204398155212,0.7198204261392704,1.3676250798511091e-08,0.6238272190093994,0.7198204261392704,-0.09599320712987103,0.9355234503746033,-2.98358154296875
12,11,12,11,right_index_joint2_position,11,right_hand_index_joint2,11,0,1.0,rad,0.0,1.92,0.11899653822183609,0.11899653707365086,1.1481852274508597e-09,0.036092814058065414,0.11899653707365086,-0.08290372301558545,0.6838977336883545,2.07952880859375
12,11,12,12,right_middle_joint1_position,12,right_hand_mid_joint1,12,0,1.0,rad,0.0,1.92,0.5465290546417236,0.5465290680291323,-1.3387408626108765e-08,0.4505020081996918,0.5465290680291323,-0.09602705982944049,0.811582624912262,1.679534912109375
12,11,12,13,right_middle_joint2_position,13,right_hand_mid_joint2,13,0,1.0,rad,0.0,1.94,0.1409091353416443,0.14090914209358935,-6.751945058613984e-09,0.04565904289484024,0.14090914209358935,-0.0952500991987491,0.7819176912307739,2.5328826904296875
12,11,12,14,right_ring_joint1_position,14,right_hand_ring_joint1,14,0,1.0,rad,0.0,1.92,0.43424752354621887,0.434247536674728,-1.3128509113169429e-08,0.337524950504303,0.434247536674728,-0.096722586170425,0.750386118888855,4.209159851074219
12,11,12,15,right_ring_joint2_position,15,right_hand_ring_joint2,15,0,1.0,rad,0.0,1.92,0.1350403130054474,0.13504031277163123,2.3381616087725376e-10,0.05096975713968277,0.13504031277163123,-0.08407055563194846,0.6991786956787109,1.8966140747070312
12,11,12,16,right_pinky_joint1_position,16,right_hand_pinky_joint1,16,0,1.0,rad,0.0,1.92,0.32687699794769287,0.32687700742011633,-9.472423456724499e-09,0.24504196643829346,0.32687700742011633,-0.08183504098182287,0.5457959771156311,6.905540466308594
12,11,12,17,right_pinky_joint2_position,17,right_hand_pinky_joint2,17,0,1.0,rad,0.0,1.92,5.406389617920035e-18,5.40638943263686e-18,1.8528317509786445e-25,1.0742292943177745e-05,5.40638943263686e-18,1.0742292943172339e-05,-7.199664651125204e-06,-0.0029197982512414455
12,11,12,18,L_forearm_tx_position,18,L_forearm_tx_link_joint,18,0,1.0,m,-5.0,5.0,0.48287761211395264,0.4828776208254723,-8.711519672299772e-09,0.4782784581184387,0.4828776208254723,-0.004599162707033588,0.010381272993981838,3.45111083984375
12,11,12,19,L_forearm_ty_position,19,L_forearm_ty_link_joint,19,0,1.0,m,-5.0,5.0,-0.3263913094997406,-0.32639130663808313,-2.861657466546319e-09,-0.3176565170288086,-0.32639130663808313,0.00873478960927454,0.07386890053749084,-13.114593505859375
12,11,12,20,L_forearm_tz_position,20,L_forearm_tz_link_joint,20,0,1.0,m,-5.0,5.0,0.7734243869781494,0.7734243820739081,4.9042413463595835e-09,0.7994674444198608,0.7734243820739081,0.026043062345952772,0.13422881066799164,-35.7398681640625
12,11,12,21,L_forearm_roll_position,21,L_forearm_roll_link_joint,21,0,1.0,rad,-6.2,6.2,2.012576103210449,2.012576016270948,8.693950137583784e-08,1.9228284358978271,2.012576016270948,-0.0897475803731207,1.6556042432785034,-13.099853515625
12,11,12,22,L_forearm_pitch_position,22,L_forearm_pitch_link_joint,22,0,1.0,rad,-6.2,6.2,0.7348744869232178,0.7348744603216673,2.660155051792401e-08,0.8410241603851318,0.7348744603216673,0.10614970006346458,-2.055402994155884,22.2384033203125
12,11,12,23,L_forearm_yaw_position,23,L_forearm_yaw_link_joint,23,0,1.0,rad,-6.2,6.2,1.8033053874969482,1.8033053412460156,4.625093263932456e-08,1.819449782371521,1.8033053412460156,0.016144441125505393,-0.09026756882667542,-9.916259765625
12,11,12,24,left_thumb_bend_position,24,left_hand_thumb_bend_joint,24,0,1.0,rad,0.0,1.83,0.5330079793930054,0.5330079756406585,3.752346877661239e-09,0.48898541927337646,0.5330079756406585,-0.04402255636728203,0.34402284026145935,1.82928466796875
12,11,12,25,left_thumb_rota1_position,25,left_hand_thumb_rota_joint1,25,0,1.0,rad,-1.05,1.57,1.485408902168274,1.4854089522509824,-5.008270842488116e-08,1.4725069999694824,1.4854089522509824,-0.012901952281499929,0.22394847869873047,-4.084716796875
12,11,12,26,left_thumb_rota2_position,26,left_hand_thumb_rota_joint2,26,0,1.0,rad,-0.17,1.83,-0.17000000178813934,-0.16999999999999998,-1.788139358804841e-09,-0.1697237342596054,-0.16999999999999998,0.00027626574039457674,-0.004644551780074835,0.08211517333984375
12,11,12,27,left_index_bend_position,27,left_hand_index_bend_joint,27,0,1.0,rad,-0.175,0.175,0.07494718581438065,0.07494718588175389,-6.737324587113847e-11,0.07220811396837234,0.07494718588175389,-0.0027390719133815467,0.0438714399933815,-0.723724365234375
12,11,12,28,left_index_joint1_position,28,left_hand_index_joint1,28,0,1.0,rad,0.0,1.92,0.9793909192085266,0.9793909370715395,-1.786301284667502e-08,0.7354255318641663,0.9793909370715395,-0.2439654052073732,2.2024903297424316,-1.0120849609375
12,11,12,29,left_index_joint2_position,29,left_hand_index_joint2,29,0,1.0,rad,0.0,1.92,0.5000929236412048,0.5000929203269338,3.314271079801756e-09,0.38478943705558777,0.5000929203269338,-0.11530348327134599,1.266276478767395,-8.932113647460938
12,11,12,30,left_middle_joint1_position,30,left_hand_mid_joint1,30,0,1.0,rad,0.0,1.92,0.6667765378952026,0.6667765163475217,2.154768097284432e-08,0.4726312756538391,0.6667765163475217,-0.19414524069368255,1.697935938835144,1.251983642578125
12,11,12,31,left_middle_joint2_position,31,left_hand_mid_joint2,31,0,1.0,rad,0.0,1.92,1.0597665309906006,1.0597665660712554,-3.5080654825492275e-08,0.7662500143051147,1.0597665660712554,-0.29351655176614067,2.904111862182617,-10.755767822265625
12,11,12,32,left_ring_joint1_position,32,left_hand_ring_joint1,32,0,1.0,rad,0.0,1.92,0.7467399835586548,0.7467400023386974,-1.878004263211608e-08,0.3591978847980499,0.7467400023386974,-0.3875421175406475,3.337017059326172,4.4561920166015625
12,11,12,33,left_ring_joint2_position,33,left_hand_ring_joint2,33,0,1.0,rad,0.0,1.92,1.121625542640686,1.1216255296722066,1.296847940146506e-08,0.8710744976997375,1.1216255296722066,-0.2505510319724691,2.6037333011627197,-13.861846923828125
12,11,12,34,left_pinky_joint1_position,34,left_hand_pinky_joint1,34,0,1.0,rad,0.0,1.92,0.47040870785713196,0.47040872072434603,-1.2867214072009858e-08,0.13171730935573578,0.47040872072434603,-0.33869141136861025,2.5368881225585938,17.013641357421875
12,11,12,35,left_pinky_joint2_position,35,left_hand_pinky_joint2,35,0,1.0,rad,0.0,1.92,1.0595120191574097,1.0595119601560874,5.900132227232291e-08,0.9287141561508179,1.0595119601560874,-0.13079780400526952,1.5515695810317993,-15.21881103515625
13,12,13,0,R_forearm_tx_position,0,R_forearm_tx_link_joint,0,0,1.0,m,-5.0,5.0,0.7517685890197754,0.7517685708818117,1.813796368654863e-08,0.7468709945678711,0.7517685708818117,-0.00489757631394061,-0.021657204255461693,7.34625244140625
13,12,13,1,R_forearm_ty_position,1,R_forearm_ty_link_joint,1,0,1.0,m,-5.0,5.0,-0.24565596878528595,-0.2456559760370844,7.2517984395226165e-09,-0.2516970932483673,-0.2456559760370844,-0.00604111721128292,0.0580536425113678,0.4485931396484375
13,12,13,2,R_forearm_tz_position,2,R_forearm_tz_link_joint,2,0,1.0,m,-5.0,5.0,0.7750070691108704,0.7750070675033766,1.607493804733906e-09,0.7699604034423828,0.7750070675033766,-0.005046664060993744,0.16251954436302185,-10.69793701171875
13,12,13,3,R_forearm_roll_position,3,R_forearm_roll_link_joint,3,0,1.0,rad,-6.2,6.2,1.504191279411316,1.5041912313479515,4.8063364399553166e-08,1.5320721864700317,1.5041912313479515,0.02788095512208022,-0.439296156167984,-1.3070068359375
13,12,13,4,R_forearm_pitch_position,4,R_forearm_pitch_link_joint,4,0,1.0,rad,-6.2,6.2,-0.859724760055542,-0.8597247517052851,-8.350256930356181e-09,-0.9732057452201843,-0.8597247517052851,-0.11348099351489926,2.1869919300079346,-22.9737548828125
13,12,13,5,R_forearm_yaw_position,5,R_forearm_yaw_link_joint,5,0,1.0,rad,-6.2,6.2,1.5816725492477417,1.5816725188945078,3.0353233926305734e-08,1.6166822910308838,1.5816725188945078,0.035009772136376016,-0.6374261975288391,4.723876953125
13,12,13,6,right_thumb_bend_position,6,right_hand_thumb_bend_joint,6,0,1.0,rad,0.0,1.83,0.6849806308746338,0.6849806532233704,-2.234873663908843e-08,0.6238535046577454,0.6849806532233704,-0.06112714856562507,0.5176275968551636,1.02825927734375
13,12,13,7,right_thumb_rota1_position,7,right_hand_thumb_rota_joint1,7,0,1.0,rad,-1.05,1.57,1.191988468170166,1.1919884219829902,4.618717586168941e-08,1.17630136013031,1.1919884219829902,-0.015687061852680095,0.12517718970775604,0.5506591796875
13,12,13,8,right_thumb_rota2_position,8,right_hand_thumb_rota_joint2,8,0,1.0,rad,-0.175,1.83,-0.17499999701976776,-0.17499999999999993,2.9802321721561498e-09,-0.1749921292066574,-0.17499999999999993,7.870793342523719e-06,-0.0009161730413325131,0.03174591064453125
13,12,13,9,right_index_bend_position,9,right_hand_index_bend_joint,9,0,1.0,rad,-0.175,0.175,0.05373796075582504,0.053737960884929964,-1.2910492119821981e-10,0.0019948086701333523,0.053737960884929964,-0.05174315221479661,0.4980127513408661,-1.3744487762451172
13,12,13,10,right_index_joint1_position,10,right_hand_index_joint1,10,0,1.0,rad,0.0,1.92,0.7485218644142151,0.7485218692069645,-4.7927494195576514e-09,0.6557808518409729,0.7485218692069645,-0.09274101736599161,0.9327208399772644,-3.9674072265625
13,12,13,11,right_index_joint2_position,11,right_hand_index_joint2,11,0,1.0,rad,0.0,1.92,0.15126553177833557,0.15126552869991364,3.07842193403296e-09,0.06230339780449867,0.15126552869991364,-0.08896213089541496,0.8127498030662537,-0.7284393310546875
13,12,13,12,right_middle_joint1_position,12,right_hand_mid_joint1,12,0,1.0,rad,0.0,1.92,0.6062749624252319,0.6062749640552908,-1.6300588656648074e-09,0.48390620946884155,0.6062749640552908,-0.12236875458644925,1.0694899559020996,0.8147735595703125
13,12,13,13,right_middle_joint2_position,13,right_hand_mid_joint2,13,0,1.0,rad,0.0,1.94,0.19551992416381836,0.19551992255224634,1.6115720147258372e-09,0.07779557257890701,0.19551992255224634,-0.11772434997333933,1.0286260843276978,0.795684814453125
13,12,13,14,right_ring_joint1_position,14,right_hand_ring_joint1,14,0,1.0,rad,0.0,1.92,0.5178459882736206,0.517845959785426,2.8488194581122173e-08,0.37274301052093506,0.517845959785426,-0.14510294926449097,1.187319278717041,4.0007171630859375
13,12,13,15,right_ring_joint2_position,15,right_hand_ring_joint2,15,0,1.0,rad,0.0,1.92,0.18922151625156403,0.18922151787201072,-1.6204466934954809e-09,0.08021299540996552,0.18922151787201072,-0.1090085224620452,0.9430170059204102,1.0915908813476562
13,12,13,16,right_pinky_joint1_position,16,right_hand_pinky_joint1,16,0,1.0,rad,0.0,1.92,0.42440566420555115,0.4244056765501216,-1.234457047694093e-08,0.27518606185913086,0.4244056765501216,-0.14921961469099077,1.0903346538543701,8.867721557617188
13,12,13,17,right_pinky_joint2_position,17,right_hand_pinky_joint2,17,0,1.0,rad,0.0,1.92,5.412097164146651e-18,5.412097242943144e-18,-7.879649317960038e-26,-0.00011636957060545683,5.412097242943144e-18,-0.00011636957060546224,0.0011457294458523393,0.013301864266395569
13,12,13,18,L_forearm_tx_position,18,L_forearm_tx_link_joint,18,0,1.0,m,-5.0,5.0,0.47881627082824707,0.47881626428162244,6.546624631287301e-09,0.47943753004074097,0.47881626428162244,0.0006212657591185278,0.007853943854570389,-4.02886962890625
13,12,13,19,L_forearm_ty_position,19,L_forearm_ty_link_joint,19,0,1.0,m,-5.0,5.0,-0.32707440853118896,-0.3270744152998695,6.7686805604871836e-09,-0.31423673033714294,-0.3270744152998695,0.012837684962726581,0.09241826832294464,-18.110626220703125
13,12,13,20,L_forearm_tz_position,20,L_forearm_tz_link_joint,20,0,1.0,m,-5.0,5.0,0.7818819284439087,0.7818819435441806,-1.5100271921753006e-08,0.8031944036483765,0.7818819435441806,0.02131246010419585,0.08973115682601929,-19.8778076171875
13,12,13,21,L_forearm_roll_position,21,L_forearm_roll_link_joint,21,0,1.0,rad,-6.2,6.2,2.109193801879883,2.1091938849819263,-8.31020434688412e-08,1.9945244789123535,2.1091938849819263,-0.11466940606957277,2.13887357711792,-18.319091796875
13,12,13,22,L_forearm_pitch_position,22,L_forearm_pitch_link_joint,22,0,1.0,rad,-6.2,6.2,0.6881676316261292,0.6881676354678472,-3.841718054786725e-09,0.7733475565910339,0.6881676354678472,0.08517992112318673,-1.7829608917236328,28.136962890625
13,12,13,23,L_forearm_yaw_position,23,L_forearm_yaw_link_joint,23,0,1.0,rad,-6.2,6.2,1.7791107892990112,1.7791107702223299,1.9076681345708835e-08,1.8094372749328613,1.7791107702223299,0.030326504710531443,-0.3647778034210205,-5.7645263671875
13,12,13,24,left_thumb_bend_position,24,left_hand_thumb_bend_joint,24,0,1.0,rad,0.0,1.83,0.5623078942298889,0.5623078762165999,1.80132889715523e-08,0.5040190815925598,0.5623078762165999,-0.05828879462404013,0.49365028738975525,1.0011749267578125
13,12,13,25,left_thumb_rota1_position,25,left_hand_thumb_rota_joint1,25,0,1.0,rad,-1.05,1.57,1.4615689516067505,1.4615688952966641,5.6310086371524903e-08,1.4752808809280396,1.4615688952966641,0.013711985631375434,7.161777466535568e-05,-4.587432861328125
13,12,13,26,left_thumb_rota2_position,26,left_hand_thumb_rota_joint2,26,0,1.0,rad,-0.17,1.83,-0.17000000178813934,-0.1700000000000001,-1.7881392477825386e-09,-0.16984198987483978,-0.1700000000000001,0.00015801012516031276,-0.002760507632046938,0.051036834716796875
13,12,13,27,left_index_bend_position,27,left_hand_index_bend_joint,27,0,1.0,rad,-0.175,0.175,0.053965114057064056,0.05396511577622817,-1.7191641166203198e-09,0.0700981467962265,0.05396511577622817,0.01613303101999833,-0.1445004791021347,-0.5724678039550781
13,12,13,28,left_index_joint1_position,28,left_hand_index_joint1,28,0,1.0,rad,0.0,1.92,0.8070889711380005,0.8070889850479046,-1.3909904117426208e-08,0.7862380146980286,0.8070889850479046,-0.02085097034987604,1.1327558755874634,-34.06117248535156
13,12,13,29,left_index_joint2_position,29,left_hand_index_joint2,29,0,1.0,rad,0.0,1.92,0.7667585611343384,0.7667585869936004,-2.585926206499778e-08,0.45410415530204773,0.7667585869936004,-0.3126544316915527,2.473909616470337,12.244369506835938
13,12,13,30,left_middle_joint1_position,30,left_hand_mid_joint1,30,0,1.0,rad,0.0,1.92,0.9334421753883362,0.9334421830141884,-7.625852171955216e-09,0.5565335154533386,0.9334421830141884,-0.37690866756084973,2.8283333778381348,18.59503173828125
13,12,13,31,left_middle_joint2_position,31,left_hand_mid_joint2,31,0,1.0,rad,0.0,1.92,0.9957329034805298,0.9957329331680552,-2.9687525437971374e-08,0.8457704186439514,0.9957329331680552,-0.1499625145241038,1.9761103391647339,-24.496185302734375
13,12,13,32,left_ring_joint1_position,32,left_hand_ring_joint1,32,0,1.0,rad,0.0,1.92,0.8407202363014221,0.8407202369167447,-6.153225706739818e-10,0.4774796664714813,0.8407202369167447,-0.36324057044526337,3.5257198810577393,-10.750457763671875
13,12,13,33,left_ring_joint2_position,33,left_hand_ring_joint2,33,0,1.0,rad,0.0,1.92,1.2193559408187866,1.219355952640939,-1.1822152368168304e-08,0.9600883722305298,1.219355952640939,-0.2592675804104092,2.600857973098755,-10.836578369140625
13,12,13,34,left_pinky_joint1_position,34,left_hand_pinky_joint1,34,0,1.0,rad,0.0,1.92,0.5658993721008301,0.5658993542970361,1.7803793994630723e-08,0.22812768816947937,0.5658993542970361,-0.3377716661275567,2.9780375957489014,-0.12506103515625
13,12,13,35,left_pinky_joint2_position,35,left_hand_pinky_joint2,35,0,1.0,rad,0.0,1.92,1.083974838256836,1.0839747909544344,4.730240155126353e-08,0.9744588732719421,1.0839747909544344,-0.10951591768249225,1.2174333333969116,-9.84600830078125
14,13,14,0,R_forearm_tx_position,0,R_forearm_tx_link_joint,0,0,1.0,m,-5.0,5.0,0.753446638584137,0.7534466562040425,-1.761990553461601e-08,0.7452002167701721,0.7534466562040425,-0.008246439433870378,-0.039856426417827606,12.768310546875
14,13,14,1,R_forearm_ty_position,1,R_forearm_ty_link_joint,1,0,1.0,m,-5.0,5.0,-0.24204273521900177,-0.2420427286496776,-6.56932416798206e-09,-0.24889127910137177,-0.2420427286496776,-0.006848550451694163,0.09347768872976303,-2.187286376953125
14,13,14,2,R_forearm_tz_position,2,R_forearm_tz_link_joint,2,0,1.0,m,-5.0,5.0,0.7838706970214844,0.7838706907477417,6.273742636508928e-09,0.776700496673584,0.7838706907477417,-0.007170194074157754,0.2062785029411316,-12.71173095703125
14,13,14,3,R_forearm_roll_position,3,R_forearm_roll_link_joint,3,0,1.0,rad,-6.2,6.2,1.454614520072937,1.4546144844977738,3.5575163259693454e-08,1.5055768489837646,1.4546144844977738,0.050962364485990896,-0.8659852147102356,2.202392578125
14,13,14,4,R_forearm_pitch_position,4,R_forearm_pitch_link_joint,4,0,1.0,rad,-6.2,6.2,-0.7655981779098511,-0.7655981738010171,-4.108833939753254e-09,-0.8882662653923035,-0.7655981738010171,-0.12266809159128633,2.415351629257202,-28.53253173828125
14,13,14,5,R_forearm_yaw_position,5,R_forearm_yaw_link_joint,5,0,1.0,rad,-6.2,6.2,1.5482953786849976,1.5482954281501846,-4.946518705750691e-08,1.5909091234207153,1.5482954281501846,0.042613695270530716,-0.7490110397338867,3.88134765625
14,13,14,6,right_thumb_bend_position,6,right_hand_thumb_bend_joint,6,0,1.0,rad,0.0,1.83,0.7218847274780273,0.7218847029175238,2.4560503519843735e-08,0.6450215578079224,0.7218847029175238,-0.07686314510960146,0.6757320761680603,0.3579559326171875
14,13,14,7,right_thumb_rota1_position,7,right_hand_thumb_rota_joint1,7,0,1.0,rad,-1.05,1.57,1.1960543394088745,1.19605435867259,-1.926371551164152e-08,1.180936336517334,1.19605435867259,-0.015118022155256039,0.14134103059768677,-0.24639892578125
14,13,14,8,right_thumb_rota2_position,8,right_hand_thumb_rota_joint2,8,0,1.0,rad,-0.175,1.83,-0.17499999701976776,-0.17499999999999996,2.9802321999117254e-09,-0.17500503361225128,-0.17499999999999996,-5.033612251320596e-06,1.6216472431551665e-05,0.002452850341796875
14,13,14,9,right_index_bend_position,9,right_hand_index_bend_joint,9,0,1.0,rad,-0.175,0.175,0.05644120275974274,0.056441202188965235,5.707775016516869e-10,0.017575645819306374,0.056441202188965235,-0.03886555636965886,0.43125849962234497,-3.1781997680664062
14,13,14,10,right_index_joint1_position,10,right_hand_index_joint1,10,0,1.0,rad,0.0,1.92,0.7813650965690613,0.7813651203714982,-2.3802436910358438e-08,0.6877782940864563,0.7813651203714982,-0.09358682628504189,0.9366207122802734,-3.8309783935546875
14,13,14,11,right_index_joint2_position,11,right_hand_index_joint2,11,0,1.0,rad,0.0,1.92,0.15907083451747894,0.15907083116845686,3.3490220874288212e-09,0.0886644572019577,0.15907083116845686,-0.07040637396649915,0.7465813159942627,-4.454959869384766
14,13,14,12,right_middle_joint1_position,12,right_hand_mid_joint1,12,0,1.0,rad,0.0,1.92,0.6591416001319885,0.6591416131816622,-1.304967367499188e-08,0.524320662021637,0.6591416131816622,-0.13482095116002524,1.2446802854537964,-1.5932159423828125
14,13,14,13,right_middle_joint2_position,13,right_hand_mid_joint2,13,0,1.0,rad,0.0,1.94,0.250005304813385,0.25000531483822835,-1.0024843344336176e-08,0.11709383130073547,0.25000531483822835,-0.13291148353749288,1.2168034315109253,-1.18359375
14,13,14,14,right_ring_joint1_position,14,right_hand_ring_joint1,14,0,1.0,rad,0.0,1.92,0.6104652285575867,0.6104652338036112,-5.24602450369116e-09,0.4227604866027832,0.6104652338036112,-0.18770474720082797,1.6178053617477417,2.10089111328125
14,13,14,15,right_ring_joint2_position,15,right_hand_ring_joint2,15,0,1.0,rad,0.0,1.92,0.2434476763010025,0.24344767149977364,4.8012288589305285e-09,0.1168798953294754,0.24344767149977364,-0.12656777617029824,1.1448252201080322,-0.6053924560546875
14,13,14,16,right_pinky_joint1_position,16,right_hand_pinky_joint1,16,0,1.0,rad,0.0,1.92,0.540177047252655,0.5401770397780158,7.474639240889758e-09,0.3262123763561249,0.5401770397780158,-0.2139646634218909,1.7190021276474,6.951568603515625
14,13,14,17,right_pinky_joint2_position,17,right_hand_pinky_joint2,17,0,1.0,rad,0.0,1.92,5.4116554496995474e-18,5.411655532263967e-18,-8.25644195006545e-26,-6.24480817350559e-05,5.411655532263967e-18,-6.24480817350613e-05,0.0013439462054520845,-0.030064357444643974
14,13,14,18,L_forearm_tx_position,18,L_forearm_tx_link_joint,18,0,1.0,m,-5.0,5.0,0.4778105914592743,0.47781057826052736,1.319874692873313e-08,0.481833279132843,0.47781057826052736,0.004022700872315654,0.050714001059532166,-8.333984375
14,13,14,19,L_forearm_ty_position,19,L_forearm_ty_link_joint,19,0,1.0,m,-5.0,5.0,-0.3235923647880554,-0.3235923538296092,-1.0958446206021932e-08,-0.31048521399497986,-0.3235923538296092,0.013107139834629356,0.04144755378365517,-17.4210205078125
14,13,14,20,L_forearm_tz_position,20,L_forearm_tz_link_joint,20,0,1.0,m,-5.0,5.0,0.7897655367851257,0.7897655086384904,2.8146635355774663e-08,0.8092552423477173,0.7897655086384904,0.01948973370922691,0.009143508970737457,-22.079833984375
14,13,14,21,L_forearm_roll_position,21,L_forearm_roll_link_joint,21,0,1.0,rad,-6.2,6.2,2.2119297981262207,2.2119299157181893,-1.1759196860694487e-07,2.079723834991455,2.2119299157181893,-0.13220608072673423,2.4848358631134033,-23.71435546875
14,13,14,22,L_forearm_pitch_position,22,L_forearm_pitch_link_joint,22,0,1.0,rad,-6.2,6.2,0.6819355487823486,0.6819355472415822,1.5407664033517676e-09,0.7262788414955139,0.6819355472415822,0.04434329425393169,-1.1006662845611572,25.9683837890625
14,13,14,23,L_forearm_yaw_position,23,L_forearm_yaw_link_joint,23,0,1.0,rad,-6.2,6.2,1.7433273792266846,1.7433273776434997,1.583184916498226e-09,1.7904499769210815,1.7433273776434997,0.04712259927758189,-0.6942383050918579,-4.052001953125
14,13,14,24,left_thumb_bend_position,24,left_hand_thumb_bend_joint,24,0,1.0,rad,0.0,1.83,0.5717661380767822,0.5717661578119394,-1.973515717512697e-08,0.5211249589920044,0.5717661578119394,-0.05064119881993501,0.502420961856842,-1.9127960205078125
14,13,14,25,left_thumb_rota1_position,25,left_hand_thumb_rota_joint1,25,0,1.0,rad,-1.05,1.57,1.4618552923202515,1.461855275945094,1.6375157452230837e-08,1.473686933517456,1.461855275945094,0.011831657572362042,-0.07355384528636932,-1.194427490234375
14,13,14,26,left_thumb_rota2_position,26,left_hand_thumb_rota_joint2,26,0,1.0,rad,-0.17,1.83,-0.17000000178813934,-0.17,-1.7881393310492655e-09,-0.16991068422794342,-0.17,8.93157720565918e-05,-0.0016122383531183004,0.031284332275390625
14,13,14,27,left_index_bend_position,27,left_hand_index_bend_joint,27,0,1.0,rad,-0.175,0.175,0.07482749223709106,0.07482749056772489,1.669366173073783e-09,0.0648813396692276,0.07482749056772489,-0.009946150898497291,-0.16700616478919983,8.560966491699219
14,13,14,28,left_index_joint1_position,28,left_hand_index_joint1,28,0,1.0,rad,0.0,1.92,0.688819169998169,0.6888191937612245,-2.3763055523318144e-08,0.801288366317749,0.6888191937612245,0.11246917255652455,0.03292468935251236,-37.3975830078125
14,13,14,29,left_index_joint2_position,29,left_hand_index_joint2,29,0,1.0,rad,0.0,1.92,1.0290948152542114,1.0290948087196035,6.534607965846817e-09,0.5696754455566406,1.0290948087196035,-0.45941936316296283,3.886996030807495,8.33575439453125
14,13,14,30,left_middle_joint1_position,30,left_hand_mid_joint1,30,0,1.0,rad,0.0,1.92,0.9543160796165466,0.9543160581513372,2.146520938772767e-08,0.6498250961303711,0.9543160581513372,-0.30449096202096615,2.683004140853882,-0.183013916015625
14,13,14,31,left_middle_joint2_position,31,left_hand_mid_joint2,31,0,1.0,rad,0.0,1.92,1.1237469911575317,1.1237469958712916,-4.713759826913133e-09,0.9128860235214233,1.1237469958712916,-0.21086097234986823,1.9606553316116333,-3.4818115234375
14,13,14,32,left_ring_joint1_position,32,left_hand_ring_joint1,32,0,1.0,rad,0.0,1.92,0.8201006650924683,0.8201006556339556,9.458512639781702e-09,0.5826271772384644,0.8201006556339556,-0.23747347839549127,2.816493034362793,-26.234481811523438
14,13,14,33,left_ring_joint2_position,33,left_hand_ring_joint2,33,0,1.0,rad,0.0,1.92,1.390635371208191,1.3906354276311292,-5.6422938321532e-08,1.058867335319519,1.3906354276311292,-0.3317680923116102,3.0498077869415283,-3.423309326171875
14,13,14,34,left_pinky_joint1_position,34,left_hand_pinky_joint1,34,0,1.0,rad,0.0,1.92,0.5033896565437317,0.5033896624631605,-5.919428835987617e-09,0.3134525716304779,0.5033896624631605,-0.18993709083268262,2.2616043090820312,-21.506912231445312
14,13,14,35,left_pinky_joint2_position,35,left_hand_pinky_joint2,35,0,1.0,rad,0.0,1.92,1.2124524116516113,1.2124523986448197,1.300679164373264e-08,1.0238786935806274,1.2124523986448197,-0.18857370506419224,1.5992100238800049,2.9107666015625
15,14,15,0,R_forearm_tx_position,0,R_forearm_tx_link_joint,0,0,1.0,m,-5.0,5.0,0.7577152252197266,0.7577152235276865,1.6920400636166733e-09,0.7436062097549438,0.7577152235276865,-0.014109013772742651,-0.03331156075000763,16.39935302734375
15,14,15,1,R_forearm_ty_position,1,R_forearm_ty_link_joint,1,0,1.0,m,-5.0,5.0,-0.23681582510471344,-0.2368158305593327,5.454619256273219e-09,-0.24512530863285065,-0.2368158305593327,-0.00830947807351795,0.09442776441574097,-2.6476898193359375
15,14,15,2,R_forearm_tz_position,2,R_forearm_tz_link_joint,2,0,1.0,m,-5.0,5.0,0.7918410301208496,0.7918410325800299,-2.459180303837627e-09,0.7844330072402954,0.7918410325800299,-0.007408025339734503,0.24724113941192627,-11.84429931640625
15,14,15,3,R_forearm_roll_position,3,R_forearm_roll_link_joint,3,0,1.0,rad,-6.2,6.2,1.3930860757827759,1.3930860837503078,-7.9675319675232e-09,1.4643633365631104,1.3930860837503078,0.0712772528128025,-1.2547457218170166,7.2618408203125
15,14,15,4,R_forearm_pitch_position,4,R_forearm_pitch_link_joint,4,0,1.0,rad,-6.2,6.2,-0.6623067855834961,-0.6623068004606664,1.4877170273486229e-08,-0.7952902913093567,-0.6623068004606664,-0.13298349084869032,2.6369760036468506,-31.94000244140625
15,14,15,5,R_forearm_yaw_position,5,R_forearm_yaw_link_joint,5,0,1.0,rad,-6.2,6.2,1.518616795539856,1.5186167885937922,6.946063724200258e-09,1.5630152225494385,1.5186167885937922,0.044398433955646244,-0.768207311630249,5.145751953125
15,14,15,6,right_thumb_bend_position,6,right_hand_thumb_bend_joint,6,0,1.0,rad,0.0,1.83,0.7530297636985779,0.7530297843548561,-2.0656278243436077e-08,0.6702587604522705,0.7530297843548561,-0.08277102390258562,0.7726759314537048,-1.28887939453125
15,14,15,7,right_thumb_rota1_position,7,right_hand_thumb_rota_joint1,7,0,1.0,rad,-1.05,1.57,1.1906658411026,1.1906658926168874,-5.151428728034091e-08,1.1846705675125122,1.1906658926168874,-0.005995325104375171,0.09105490148067474,-1.40338134765625
15,14,15,8,right_thumb_rota2_position,8,right_hand_thumb_rota_joint2,8,0,1.0,rad,-0.175,1.83,-0.17499999701976776,-0.175,2.980232227667301e-09,-0.175002321600914,-0.175,-2.321600914012567e-06,0.00010594863852020353,-0.001964569091796875
15,14,15,9,right_index_bend_position,9,right_hand_index_bend_joint,9,0,1.0,rad,-0.175,0.175,0.03744099289178848,0.03744099320484834,-3.1305985581653317e-10,0.027673417702317238,0.03744099320484834,-0.0097675755025311,0.1979263424873352,-4.906534194946289
15,14,15,10,right_index_joint1_position,10,right_hand_index_joint1,10,0,1.0,rad,0.0,1.92,0.8099167346954346,0.809916706985058,2.771037654891728e-08,0.7194409966468811,0.809916706985058,-0.09047571033817692,0.9192792773246765,-4.2344512939453125
15,14,15,11,right_index_joint2_position,11,right_hand_index_joint2,11,0,1.0,rad,0.0,1.92,0.14821119606494904,0.14821119857430057,-2.5093515321206183e-09,0.10936369746923447,0.14821119857430057,-0.0388475011050661,0.5224376916885376,-6.700534820556641
15,14,15,12,right_middle_joint1_position,12,right_hand_mid_joint1,12,0,1.0,rad,0.0,1.92,0.7377515435218811,0.7377515564853179,-1.2963436768487213e-08,0.5724841952323914,0.7377515564853179,-0.16526736125292651,1.5002762079238892,-0.9965057373046875
15,14,15,13,right_middle_joint2_position,13,right_hand_mid_joint2,13,0,1.0,rad,0.0,1.94,0.2624147832393646,0.2624147714713584,1.1768006236145823e-08,0.1566123366355896,0.2624147714713584,-0.10580243483576879,1.1201403141021729,-6.628044128417969
15,14,15,14,right_ring_joint1_position,14,right_hand_ring_joint1,14,0,1.0,rad,0.0,1.92,0.6853387951850891,0.6853387740891065,2.1095982627450383e-08,0.48358801007270813,0.6853387740891065,-0.20175076401639835,1.8688185214996338,-2.6182098388671875
15,14,15,15,right_ring_joint2_position,15,right_hand_ring_joint2,15,0,1.0,rad,0.0,1.92,0.3131187856197357,0.313118775624519,9.995216709857146e-09,0.1611630916595459,0.313118775624519,-0.1519556839649731,1.3792577981948853,-0.9067764282226562
15,14,15,16,right_pinky_joint1_position,16,right_hand_pinky_joint1,16,0,1.0,rad,0.0,1.92,0.6478162407875061,0.6478162163949122,2.439259394471094e-08,0.39559850096702576,0.6478162163949122,-0.2522177154278864,2.202622175216675,1.538848876953125
15,14,15,17,right_pinky_joint2_position,17,right_hand_pinky_joint2,17,0,1.0,rad,0.0,1.92,5.4116554496995474e-18,5.411655532263967e-18,-8.25644195006545e-26,-3.1395702535519376e-05,5.411655532263967e-18,-3.139570253552479e-05,0.0005322276265360415,-0.015851270407438278
15,14,15,18,L_forearm_tx_position,18,L_forearm_tx_link_joint,18,0,1.0,m,-5.0,5.0,0.4720422029495239,0.47204221297747584,-1.0027951913293975e-08,0.4846303462982178,0.47204221297747584,0.012588133320741934,0.0062531474977731705,-15.19964599609375
15,14,15,19,L_forearm_ty_position,19,L_forearm_ty_link_joint,19,0,1.0,m,-5.0,5.0,-0.3171268403530121,-0.31712683994567004,-4.07342048980297e-10,-0.30462855100631714,-0.31712683994567004,0.012498288939352897,0.07585203647613525,-22.4547119140625
15,14,15,20,L_forearm_tz_position,20,L_forearm_tz_link_joint,20,0,1.0,m,-5.0,5.0,0.797885000705719,0.7978849740791275,2.662659148722213e-08,0.8165490627288818,0.7978849740791275,0.01866408864975433,0.023988839238882065,-25.6009521484375
15,14,15,21,L_forearm_roll_position,21,L_forearm_roll_link_joint,21,0,1.0,rad,-6.2,6.2,2.2884676456451416,2.2884675272768913,1.1836825031252829e-07,2.1651508808135986,2.2884675272768913,-0.12331664646329266,2.3997669219970703,-26.88525390625
15,14,15,22,L_forearm_pitch_position,22,L_forearm_pitch_link_joint,22,0,1.0,rad,-6.2,6.2,0.711737871170044,0.7117378861163892,-1.4946345272548456e-08,0.7083103656768799,0.7117378861163892,-0.003427520439509335,-0.20254024863243103,18.97467041015625
15,14,15,23,L_forearm_yaw_position,23,L_forearm_yaw_link_joint,23,0,1.0,rad,-6.2,6.2,1.6905931234359741,1.6905931824082439,-5.897226973416991e-08,1.7603055238723755,1.6905931824082439,0.06971234146413163,-1.0944989919662476,-4.3460693359375
15,14,15,24,left_thumb_bend_position,24,left_hand_thumb_bend_joint,24,0,1.0,rad,0.0,1.83,0.5733374953269958,0.5733374769906224,1.833637341963623e-08,0.5365501046180725,0.5733374769906224,-0.03678737237254992,0.419772744178772,-3.45477294921875
15,14,15,25,left_thumb_rota1_position,25,left_hand_thumb_rota_joint1,25,0,1.0,rad,-1.05,1.57,1.4619133472442627,1.461913306427444,4.0816818591693504e-08,1.4709553718566895,1.461913306427444,0.00904206542924535,-0.08459380269050598,0.143035888671875
15,14,15,26,left_thumb_rota2_position,26,left_hand_thumb_rota_joint2,26,0,1.0,rad,-0.17,1.83,-0.17000000178813934,-0.16999999999999993,-1.7881394143159923e-09,-0.1699497103691101,-0.16999999999999993,5.0289630889821524e-05,-0.0009728149161674082,0.019222259521484375
15,14,15,27,left_index_bend_position,27,left_hand_index_bend_joint,27,0,1.0,rad,-0.175,0.175,0.07497774809598923,0.07497774792329977,1.7268945995407847e-10,0.059545040130615234,0.07497774792329977,-0.015432707792684533,-0.14294210076332092,9.638171195983887
15,14,15,28,left_index_joint1_position,28,left_hand_index_joint1,28,0,1.0,rad,0.0,1.92,0.6560311317443848,0.6560311078470304,2.389735431762574e-08,0.788724958896637,0.6560311078470304,0.13269385104960651,-0.6154221296310425,-20.400161743164062
15,14,15,29,left_index_joint2_position,29,left_hand_index_joint2,29,0,1.0,rad,0.0,1.92,1.1379426717758179,1.1379426769360308,-5.160212923627228e-09,0.7095522880554199,1.1379426769360308,-0.4283903888806109,4.192263126373291,-13.7825927734375
15,14,15,30,left_middle_joint1_position,30,left_hand_mid_joint1,30,0,1.0,rad,0.0,1.92,0.9566633105278015,0.9566633004464291,1.0081372403547562e-08,0.7314921617507935,0.9566633004464291,-0.22517113869563565,2.2381577491760254,-9.491607666015625
15,14,15,31,left_middle_joint2_position,31,left_hand_mid_joint2,31,0,1.0,rad,0.0,1.92,1.2121957540512085,1.2121957663708114,-1.231960289338474e-08,0.9831542372703552,1.2121957663708114,-0.22904152910045616,2.1182363033294678,-3.0037841796875
15,14,15,32,left_ring_joint1_position,32,left_hand_ring_joint1,32,0,1.0,rad,0.0,1.92,0.7926970720291138,0.792697080668906,-8.639792214992781e-09,0.6590377688407898,0.792697080668906,-0.1336593118281162,1.902202844619751,-26.662429809570312
15,14,15,33,left_ring_joint2_position,33,left_hand_ring_joint2,33,0,1.0,rad,0.0,1.92,1.4981825351715088,1.4981825824558823,-4.728437352774506e-08,1.1668750047683716,1.4981825824558823,-0.33130757768751073,3.217883825302124,-9.88482666015625
15,14,15,34,left_pinky_joint1_position,34,left_hand_pinky_joint1,34,0,1.0,rad,0.0,1.92,0.4629823863506317,0.4629823828246119,3.526019809463321e-09,0.3699823319911957,0.4629823828246119,-0.09300005083341623,1.3744587898254395,-20.46185302734375
15,14,15,35,left_pinky_joint2_position,35,left_hand_pinky_joint2,35,0,1.0,rad,0.0,1.92,1.2796229124069214,1.2796229372415353,-2.4834613920887705e-08,1.0816514492034912,1.2796229372415353,-0.1979714880380441,1.7902992963790894,-0.933319091796875
16,15,16,0,R_forearm_tx_position,0,R_forearm_tx_link_joint,0,0,1.0,m,-5.0,5.0,0.760235071182251,0.760235082402081,-1.1219830065023473e-08,0.7428848147392273,0.760235082402081,-0.017350267662853747,-0.012720784172415733,19.35101318359375
16,15,16,1,R_forearm_ty_position,1,R_forearm_ty_link_joint,1,0,1.0,m,-5.0,5.0,-0.22944305837154388,-0.22944305713204777,-1.2394961168560314e-09,-0.24059437215328217,-0.22944305713204777,-0.011151315021234398,0.1547599732875824,-3.9960479736328125
16,15,16,2,R_forearm_tz_position,2,R_forearm_tz_link_joint,2,0,1.0,m,-5.0,5.0,0.7996641993522644,0.7996642090359365,-9.683672086424622e-09,0.7926419377326965,0.7996642090359365,-0.0070222713032399575,0.2333335429430008,-15.90673828125
16,15,16,3,R_forearm_roll_position,3,R_forearm_roll_link_joint,3,0,1.0,rad,-6.2,6.2,1.3339897394180298,1.3339897437340291,-4.3159993357022586e-09,1.4135410785675049,1.3339897437340291,0.07955133483347576,-1.47324800491333,12.3448486328125
16,15,16,4,R_forearm_pitch_position,4,R_forearm_pitch_link_joint,4,0,1.0,rad,-6.2,6.2,-0.5693854093551636,-0.5693854034748171,-5.880346432007855e-09,-0.6996928453445435,-0.5693854034748171,-0.13030744186972631,2.6456050872802734,-35.97906494140625
16,15,16,5,R_forearm_yaw_position,5,R_forearm_yaw_link_joint,5,0,1.0,rad,-6.2,6.2,1.4712836742401123,1.4712836190237804,5.5216331951157827e-08,1.5292816162109375,1.4712836190237804,0.057997997187157146,-1.0050184726715088,4.1075439453125
16,15,16,6,right_thumb_bend_position,6,right_hand_thumb_bend_joint,6,0,1.0,rad,0.0,1.83,0.7711977362632751,0.7711977156040499,2.0659225219432642e-08,0.6964119672775269,0.7711977156040499,-0.07478574832652307,0.7596278786659241,-3.4883880615234375
16,15,16,7,right_thumb_rota1_position,7,right_hand_thumb_rota_joint1,7,0,1.0,rad,-1.05,1.57,1.1854275465011597,1.185427589667879,-4.316671931015037e-08,1.1864162683486938,1.185427589667879,0.0009886786808148695,0.028523439541459084,-1.400787353515625
16,15,16,8,right_thumb_rota2_position,8,right_hand_thumb_rota_joint2,8,0,1.0,rad,-0.175,1.83,-0.17499999701976776,-0.17499999999999996,2.9802321999117254e-09,-0.17499978840351105,-0.17499999999999996,2.115964889137789e-07,6.821314309490845e-05,-0.002429962158203125
16,15,16,9,right_index_bend_position,9,right_hand_index_bend_joint,9,0,1.0,rad,-0.175,0.175,0.035029973834753036,0.03502997227871466,1.5560383745394368e-09,0.031925443559885025,0.03502997227871466,-0.003104528718829637,0.08931562304496765,-2.31101131439209
16,15,16,10,right_index_joint1_position,10,right_hand_index_joint1,10,0,1.0,rad,0.0,1.92,0.7910397052764893,0.791039675938733,2.9337756224379063e-08,0.7448011040687561,0.791039675938733,-0.04623857186997693,0.6386315226554871,-8.493408203125
16,15,16,11,right_index_joint2_position,11,right_hand_index_joint2,11,0,1.0,rad,0.0,1.92,0.1693047434091568,0.1693047464497443,-3.0405875039996033e-09,0.1260337382555008,0.1693047464497443,-0.04327100819424351,0.4674069285392761,-3.0594635009765625
16,15,16,12,right_middle_joint1_position,12,right_hand_mid_joint1,12,0,1.0,rad,0.0,1.92,0.7674958109855652,0.7674957984298609,1.2555704254069155e-08,0.6231063008308411,0.7674957984298609,-0.14438949759901987,1.467893123626709,-6.76953125
16,15,16,13,right_middle_joint2_position,13,right_hand_mid_joint2,13,0,1.0,rad,0.0,1.94,0.3185790479183197,0.3185790361549789,1.1763340801440592e-08,0.1963556557893753,0.3185790361549789,-0.1222233803656036,1.1852731704711914,-3.5772171020507812
16,15,16,14,right_ring_joint1_position,14,right_hand_ring_joint1,14,0,1.0,rad,0.0,1.92,0.7791202664375305,0.7791202388383927,2.7599137863987266e-08,0.552920401096344,0.7791202388383927,-0.22619983774204866,2.116028308868408,-3.716400146484375
16,15,16,15,right_ring_joint2_position,15,right_hand_ring_joint2,15,0,1.0,rad,0.0,1.92,0.3374933898448944,0.3374933813617184,8.483175994999925e-09,0.2073425054550171,0.3374933813617184,-0.13015087590670132,1.3331363201141357,-6.4730072021484375
16,15,16,16,right_pinky_joint1_position,16,right_hand_pinky_joint1,16,0,1.0,rad,0.0,1.92,0.7378720641136169,0.7378720753015179,-1.1187900939013673e-08,0.4763517379760742,0.7378720753015179,-0.26152033732544366,2.453400135040283,-4.5919952392578125
16,15,16,17,right_pinky_joint2_position,17,right_hand_pinky_joint2,17,0,1.0,rad,0.0,1.92,5.375302102548761e-18,5.3753021630575044e-18,-6.050874373324174e-26,-1.770394555933308e-05,5.3753021630575044e-18,-1.7703945559338456e-05,0.00038739683805033565,-0.008492005988955498
16,15,16,18,L_forearm_tx_position,18,L_forearm_tx_link_joint,18,0,1.0,m,-5.0,5.0,0.4636407792568207,0.4636407842304176,-4.973596923196766e-09,0.48552894592285156,0.4636407842304176,0.02188816169243396,0.06864501535892487,-22.146087646484375
16,15,16,19,L_forearm_ty_position,19,L_forearm_ty_link_joint,19,0,1.0,m,-5.0,5.0,-0.3102525770664215,-0.31025258324015664,6.173735134229474e-09,-0.29931896924972534,-0.31025258324015664,0.010933613990431301,0.23159697651863098,-26.8077392578125
16,15,16,20,L_forearm_tz_position,20,L_forearm_tz_link_joint,20,0,1.0,m,-5.0,5.0,0.8041783571243286,0.8041783404775751,1.664675353119094e-08,0.8215568661689758,0.8041783404775751,0.017378525691400748,0.3044186234474182,-30.79156494140625
16,15,16,21,L_forearm_roll_position,21,L_forearm_roll_link_joint,21,0,1.0,rad,-6.2,6.2,2.326566457748413,2.326566383160718,7.458769513135621e-08,2.236314296722412,2.326566383160718,-0.09025208643830585,1.7481862306594849,-25.1201171875
16,15,16,22,L_forearm_pitch_position,22,L_forearm_pitch_link_joint,22,0,1.0,rad,-6.2,6.2,0.7617825865745544,0.761782578720874,7.853680483727032e-09,0.7197504639625549,0.761782578720874,-0.04203211475831903,0.49706128239631653,9.1624755859375
16,15,16,23,L_forearm_yaw_position,23,L_forearm_yaw_link_joint,23,0,1.0,rad,-6.2,6.2,1.624245047569275,1.6242450742771304,-2.6707855482754894e-08,1.713436245918274,1.6242450742771304,0.08919117164114354,-1.3193308115005493,-0.57861328125
16,15,16,24,left_thumb_bend_position,24,left_hand_thumb_bend_joint,24,0,1.0,rad,0.0,1.83,0.5673839449882507,0.5673839368628854,8.125365380529104e-09,0.5479192733764648,0.5673839368628854,-0.019464663486420508,0.28331080079078674,-4.0689239501953125
16,15,16,25,left_thumb_rota1_position,25,left_hand_thumb_rota_joint1,25,0,1.0,rad,-1.05,1.57,1.4617092609405518,1.46170924000563,2.0934921796111894e-08,1.4683301448822021,1.46170924000563,0.006620904876572187,-0.07181298732757568,0.518280029296875
16,15,16,26,left_thumb_rota2_position,26,left_hand_thumb_rota_joint2,26,0,1.0,rad,-0.17,1.83,-0.17000000178813934,-0.1700000000000001,-1.7881392477825386e-09,-0.16997134685516357,-0.1700000000000001,2.865314483652126e-05,-0.0003691106103360653,0.00887298583984375
16,15,16,27,left_index_bend_position,27,left_hand_index_bend_joint,27,0,1.0,rad,-0.175,0.175,0.075052909553051,0.07505291055301007,-9.99959073877399e-10,0.056069355458021164,0.07505291055301007,-0.018983555094988905,-0.0691801980137825,8.317609786987305
16,15,16,28,left_index_joint1_position,28,left_hand_index_joint1,28,0,1.0,rad,0.0,1.92,0.6211521029472351,0.6211520881758389,1.4771396217305721e-08,0.7601804733276367,0.6211520881758389,0.13902838515179783,-0.9701821804046631,-9.518722534179688
16,15,16,29,left_index_joint2_position,29,left_hand_index_joint2,29,0,1.0,rad,0.0,1.92,1.2130388021469116,1.213038753159262,4.8987649714504755e-08,0.8463193774223328,1.213038753159262,-0.36671937573692914,3.8817930221557617,-22.937286376953125
16,15,16,30,left_middle_joint1_position,30,left_hand_mid_joint1,30,0,1.0,rad,0.0,1.92,0.954669713973999,0.9546697248191625,-1.0845163433970129e-08,0.7964391112327576,0.9546697248191625,-0.1582306135864049,1.7162185907363892,-12.006011962890625
16,15,16,31,left_middle_joint2_position,31,left_hand_mid_joint2,31,0,1.0,rad,0.0,1.92,1.2480965852737427,1.2480966234637525,-3.8190009821192916e-08,1.0531375408172607,1.2480966234637525,-0.19495908264649175,2.009732246398926,-10.176666259765625
16,15,16,32,left_ring_joint1_position,32,left_hand_ring_joint1,32,0,1.0,rad,0.0,1.92,0.7548597455024719,0.7548597199022243,2.5600247588464242e-08,0.705147922039032,0.7548597199022243,-0.04971179786319235,1.033313512802124,-22.13751220703125
16,15,16,33,left_ring_joint2_position,33,left_hand_ring_joint2,33,0,1.0,rad,0.0,1.92,1.5621469020843506,1.5621469076500678,-5.565717220434863e-09,1.2726889848709106,1.5621469076500678,-0.28945792277915716,3.0220930576324463,-16.541656494140625
16,15,16,34,left_pinky_joint1_position,34,left_hand_pinky_joint1,34,0,1.0,rad,0.0,1.92,0.42389723658561707,0.42389725122222144,-1.4636604372952888e-08,0.4003453850746155,0.42389725122222144,-0.02355186614760596,0.6009585857391357,-15.684738159179688
16,15,16,35,left_pinky_joint2_position,35,left_hand_pinky_joint2,35,0,1.0,rad,0.0,1.92,1.3246899843215942,1.3246899283408557,5.5980738489225246e-08,1.14242684841156,1.3246899283408557,-0.1822630799292957,1.762330174446106,-5.881805419921875
17,16,17,0,R_forearm_tx_position,0,R_forearm_tx_link_joint,0,0,1.0,m,-5.0,5.0,0.7629440426826477,0.762944035388072,7.294575721239482e-09,0.7426559925079346,0.762944035388072,-0.020288042880137414,0.024097386747598648,18.611328125
17,16,17,1,R_forearm_ty_position,1,R_forearm_ty_link_joint,1,0,1.0,m,-5.0,5.0,-0.2199312001466751,-0.2199312058516529,5.7049777957285386e-09,-0.23454608023166656,-0.2199312058516529,-0.01461487438001366,0.1956847459077835,-4.1420135498046875
17,16,17,2,R_forearm_tz_position,2,R_forearm_tz_link_joint,2,0,1.0,m,-5.0,5.0,0.8099995851516724,0.809999598680513,-1.3528840603349579e-08,0.8020345568656921,0.809999598680513,-0.007965041814820828,0.2755163013935089,-18.584228515625
17,16,17,3,R_forearm_roll_position,3,R_forearm_roll_link_joint,3,0,1.0,rad,-6.2,6.2,1.2958096265792847,1.2958096361684113,-9.589126603870568e-09,1.3638956546783447,1.2958096361684113,0.06808601850993345,-1.3369325399398804,16.2269287109375
17,16,17,4,R_forearm_pitch_position,4,R_forearm_pitch_link_joint,4,0,1.0,rad,-6.2,6.2,-0.4827212393283844,-0.48272124595127053,6.622886128404559e-09,-0.6064060926437378,-0.48272124595127053,-0.12368484669246727,2.547292947769165,-36.71197509765625
17,16,17,5,R_forearm_yaw_position,5,R_forearm_yaw_link_joint,5,0,1.0,rad,-6.2,6.2,1.3919800519943237,1.39198001292978,3.9064543821965e-08,1.4798609018325806,1.39198001292978,0.08788088890280066,-1.5235782861709595,5.9849853515625
17,16,17,6,right_thumb_bend_position,6,right_hand_thumb_bend_joint,6,0,1.0,rad,0.0,1.83,0.7803956270217896,0.7803956480414355,-2.1019645912723206e-08,0.7203108668327332,0.7803956480414355,-0.06008478120870231,0.6635934710502625,-4.800689697265625
17,16,17,7,right_thumb_rota1_position,7,right_hand_thumb_rota_joint1,7,0,1.0,rad,-1.05,1.57,1.1695958375930786,1.1695957798478,5.7745278558840596e-08,1.1849310398101807,1.1695957798478,0.01533525996238061,-0.08418436348438263,-1.97027587890625
17,16,17,8,right_thumb_rota2_position,8,right_hand_thumb_rota_joint2,8,0,1.0,rad,-0.175,1.83,-0.17499999701976776,-0.17500000000000004,2.9802322831784522e-09,-0.17499826848506927,-0.17500000000000004,1.7315149307695066e-06,4.25327307311818e-05,-0.001834869384765625
17,16,17,9,right_index_bend_position,9,right_hand_index_bend_joint,9,0,1.0,rad,-0.175,0.175,0.040470339357852936,0.04047033896527311,3.9257982281659665e-10,0.03431258350610733,0.04047033896527311,-0.006157755459165783,0.05841812491416931,-0.1282634735107422
17,16,17,10,right_index_joint1_position,10,right_hand_index_joint1,10,0,1.0,rad,0.0,1.92,0.803504467010498,0.8035044485964159,1.841408214797724e-08,0.7635225057601929,0.8035044485964159,-0.03998194283622303,0.4964740574359894,-5.2304840087890625
17,16,17,11,right_index_joint2_position,11,right_hand_index_joint2,11,0,1.0,rad,0.0,1.92,0.1542668342590332,0.15426683055015364,3.708879564578993e-09,0.13793392479419708,0.15426683055015364,-0.016332905755956556,0.2806238532066345,-5.053043365478516
17,16,17,12,right_middle_joint1_position,12,right_hand_mid_joint1,12,0,1.0,rad,0.0,1.92,0.8053500652313232,0.8053500695827065,-4.351383253720087e-09,0.6716119647026062,0.8053500695827065,-0.1337381048801003,1.3893595933914185,-7.3867645263671875
17,16,17,13,right_middle_joint2_position,13,right_hand_mid_joint2,13,0,1.0,rad,0.0,1.94,0.33761733770370483,0.3376173285355371,9.168167725004395e-09,0.23481464385986328,0.3376173285355371,-0.10280268467567383,1.0894941091537476,-6.482017517089844
17,16,17,14,right_ring_joint1_position,14,right_hand_ring_joint1,14,0,1.0,rad,0.0,1.92,0.8571419715881348,0.8571419965624519,-2.4974317169856874e-08,0.6277922987937927,0.8571419965624519,-0.2293496977686592,2.2296204566955566,-6.925628662109375
17,16,17,15,right_ring_joint2_position,15,right_hand_ring_joint2,15,0,1.0,rad,0.0,1.92,0.34094008803367615,0.34094009118188184,-3.1482056961351645e-09,0.24758140742778778,0.34094009118188184,-0.09335868375409406,1.0871604681015015,-9.554763793945312
17,16,17,16,right_pinky_joint1_position,16,right_hand_pinky_joint1,16,0,1.0,rad,0.0,1.92,0.8130072355270386,0.8130072060730754,2.9453963157344276e-08,0.5611220002174377,0.8130072060730754,-0.2518852058556377,2.489400863647461,-9.188751220703125
17,16,17,17,right_pinky_joint2_position,17,right_hand_pinky_joint2,17,0,1.0,rad,0.0,1.92,5.446826176728567e-17,5.446826021570458e-17,1.5515810924326337e-24,-9.750910976435989e-06,5.446826021570458e-17,-9.750910976490457e-06,4.955885742674582e-05,0.001149904215708375
17,16,17,18,L_forearm_tx_position,18,L_forearm_tx_link_joint,18,0,1.0,m,-5.0,5.0,0.45386427640914917,0.4538642624967756,1.3912373586499882e-08,0.48441970348358154,0.4538642624967756,0.03055544098680596,-0.05805294215679169,-15.83148193359375
17,16,17,19,L_forearm_ty_position,19,L_forearm_ty_link_joint,19,0,1.0,m,-5.0,5.0,-0.30341994762420654,-0.3034199530148914,5.39068484295413e-09,-0.2929067611694336,-0.3034199530148914,0.010513191845457792,0.24709424376487732,-22.1024169921875
17,16,17,20,L_forearm_tz_position,20,L_forearm_tz_link_joint,20,0,1.0,m,-5.0,5.0,0.8101390600204468,0.8101390633413911,-3.3209442973358705e-09,0.8279644846916199,0.8101390633413911,0.0178254213502288,0.2472376525402069,-17.7406005859375
17,16,17,21,L_forearm_roll_position,21,L_forearm_roll_link_joint,21,0,1.0,rad,-6.2,6.2,2.3219244480133057,2.3219244488586095,-8.453038269351509e-10,2.2792351245880127,2.3219244488586095,-0.042689324270596796,0.9364428520202637,-21.54541015625
17,16,17,22,L_forearm_pitch_position,22,L_forearm_pitch_link_joint,22,0,1.0,rad,-6.2,6.2,0.8038883805274963,0.8038883783146413,2.212855010341741e-09,0.7484985589981079,0.8038883783146413,-0.05538981931653342,0.9162157773971558,-3.23773193359375
17,16,17,23,L_forearm_yaw_position,23,L_forearm_yaw_link_joint,23,0,1.0,rad,-6.2,6.2,1.5395621061325073,1.5395620733381357,3.279437166270327e-08,1.6509215831756592,1.5395620733381357,0.11135950983752352,-1.8745369911193848,9.917236328125
17,16,17,24,left_thumb_bend_position,24,left_hand_thumb_bend_joint,24,0,1.0,rad,0.0,1.83,0.558192789554596,0.5581927616797137,2.787488229127888e-08,0.5543054938316345,0.5581927616797137,-0.0038872678480791345,0.13343213498592377,-3.631103515625
17,16,17,25,left_thumb_rota1_position,25,left_hand_thumb_rota_joint1,25,0,1.0,rad,-1.05,1.57,1.4614782333374023,1.4614782094463368,2.3891065570325054e-08,1.466187596321106,1.4614782094463368,0.004709386874769184,-0.056217022240161896,0.588226318359375
17,16,17,26,left_thumb_rota2_position,26,left_hand_thumb_rota_joint2,26,0,1.0,rad,-0.17,1.83,-0.17000000178813934,-0.1700000000000001,-1.7881392477825386e-09,-0.16998328268527985,-0.1700000000000001,1.6717314720249288e-05,-0.0001946746779140085,0.007965087890625
17,16,17,27,left_index_bend_position,27,left_hand_index_bend_joint,27,0,1.0,rad,-0.175,0.175,0.07506613433361053,0.07506613697587679,-2.6422662530167784e-09,0.055211760103702545,0.07506613697587679,-0.019854376872174243,0.01064358465373516,5.843442916870117
17,16,17,28,left_index_joint1_position,28,left_hand_index_joint1,28,0,1.0,rad,0.0,1.92,0.5902034044265747,0.5902034288248269,-2.439825219635594e-08,0.7238030433654785,0.5902034288248269,0.1335996145406516,-1.1270787715911865,-2.1185455322265625
17,16,17,29,left_index_joint2_position,29,left_hand_index_joint2,29,0,1.0,rad,0.0,1.92,1.2515848875045776,1.2515848922900075,-4.7854298301786e-09,0.9654597043991089,1.2515848922900075,-0.2861251878908986,3.2557365894317627,-26.41998291015625
17,16,17,30,left_middle_joint1_position,30,left_hand_mid_joint1,30,0,1.0,rad,0.0,1.92,0.9445664286613464,0.9445664457728384,-1.711149200112061e-08,0.8439154028892517,0.9445664457728384,-0.10065104288358673,1.2121403217315674,-12.057281494140625
17,16,17,31,left_middle_joint2_position,31,left_hand_mid_joint2,31,0,1.0,rad,0.0,1.92,1.2497276067733765,1.2497275487412314,5.80321450893706e-08,1.1132055521011353,1.2497275487412314,-0.13652199664009612,1.6115914583206177,-14.797515869140625
17,16,17,32,left_ring_joint1_position,32,left_hand_ring_joint1,32,0,1.0,rad,0.0,1.92,0.7225357294082642,0.7225357047173655,2.4690898658974447e-08,0.7260578870773315,0.7225357047173655,0.003522182359966042,0.37194815278053284,-15.127365112304688
17,16,17,33,left_ring_joint2_position,33,left_hand_ring_joint2,33,0,1.0,rad,0.0,1.92,1.5819779634475708,1.581977921645962,4.1801608841041116e-08,1.3646728992462158,1.581977921645962,-0.21730502239974614,2.4996066093444824,-21.080230712890625
17,16,17,34,left_pinky_joint1_position,34,left_hand_pinky_joint1,34,0,1.0,rad,0.0,1.92,0.4052128791809082,0.4052128819741434,-2.793235198694788e-09,0.41144540905952454,0.4052128819741434,0.006232527085381134,0.16028964519500732,-8.525917053222656
17,16,17,35,left_pinky_joint2_position,35,left_hand_pinky_joint2,35,0,1.0,rad,0.0,1.92,1.3488503694534302,1.348850358705357,1.0748073098199029e-08,1.1988810300827026,1.348850358705357,-0.14996932862265444,1.5853071212768555,-9.347381591796875
18,17,18,0,R_forearm_tx_position,0,R_forearm_tx_link_joint,0,0,1.0,m,-5.0,5.0,0.7661647200584412,0.7661646952600949,2.4798346265342275e-08,0.7440803050994873,0.7661646952600949,-0.022084390160607592,0.07550868391990662,15.49212646484375
18,17,18,1,R_forearm_ty_position,1,R_forearm_ty_link_joint,1,0,1.0,m,-5.0,5.0,-0.20894774794578552,-0.2089477473455636,-6.002219277156939e-10,-0.22696198523044586,-0.2089477473455636,-0.018014237884882267,0.24199692904949188,-5.867095947265625
18,17,18,2,R_forearm_tz_position,2,R_forearm_tz_link_joint,2,0,1.0,m,-5.0,5.0,0.8176725506782532,0.8176725366284898,1.4049763352730338e-08,0.8128772377967834,0.8176725366284898,-0.004795298831706374,0.31492871046066284,-26.255615234375
18,17,18,3,R_forearm_roll_position,3,R_forearm_roll_link_joint,3,0,1.0,rad,-6.2,6.2,1.2638349533081055,1.2638349351922318,1.8115873690049966e-08,1.3207589387893677,1.2638349351922318,0.0569240035971359,-1.1433229446411133,15.3277587890625
18,17,18,4,R_forearm_pitch_position,4,R_forearm_pitch_link_joint,4,0,1.0,rad,-6.2,6.2,-0.4024941325187683,-0.4024941283983925,-4.120375818317257e-09,-0.5179010629653931,-0.4024941283983925,-0.11540693456700057,2.399040937423706,-35.854949951171875
18,17,18,5,R_forearm_yaw_position,5,R_forearm_yaw_link_joint,5,0,1.0,rad,-6.2,6.2,1.2940394878387451,1.2940395332437773,-4.5405032178535976e-08,1.4106864929199219,1.2940395332437773,0.11664695967614458,-2.089256525039673,12.37158203125
18,17,18,6,right_thumb_bend_position,6,right_hand_thumb_bend_joint,6,0,1.0,rad,0.0,1.83,0.7789872884750366,0.7789872766089599,1.1866076676803061e-08,0.7394407987594604,0.7789872766089599,-0.039546477849499495,0.4995711147785187,-5.5176239013671875
18,17,18,7,right_thumb_rota1_position,7,right_hand_thumb_rota_joint1,7,0,1.0,rad,-1.05,1.57,1.1378275156021118,1.1378275416888106,-2.608669880110881e-08,1.177781105041504,1.1378275416888106,0.03995356335269329,-0.2797672748565674,-2.86785888671875
18,17,18,8,right_thumb_rota2_position,8,right_hand_thumb_rota_joint2,8,0,1.0,rad,-0.175,1.83,-0.17499999701976776,-0.17499999999999996,2.9802321999117254e-09,-0.17499704658985138,-0.17499999999999996,2.9534101485817477e-06,4.338784856372513e-05,-0.002246856689453125
18,17,18,9,right_index_bend_position,9,right_hand_index_bend_joint,9,0,1.0,rad,-0.175,0.175,0.04192054644227028,0.04192054515772244,1.284547836155614e-09,0.0357811339199543,0.04192054515772244,-0.006139411237768143,0.03749742731451988,0.3735771179199219
18,17,18,10,right_index_joint1_position,10,right_hand_index_joint1,10,0,1.0,rad,0.0,1.92,0.8163929581642151,0.8163929348837964,2.328041870391928e-08,0.7791536450386047,0.8163929348837964,-0.03723928984519165,0.44116878509521484,-3.7679290771484375
18,17,18,11,right_index_joint2_position,11,right_hand_index_joint2,11,0,1.0,rad,0.0,1.92,0.13354738056659698,0.13354737354440674,7.022190245953297e-09,0.14262445271015167,0.13354737354440674,0.009077079165744933,0.05792585015296936,-5.096141815185547
18,17,18,12,right_middle_joint1_position,12,right_hand_mid_joint1,12,0,1.0,rad,0.0,1.92,0.821831464767456,0.821831491233741,-2.646628494140657e-08,0.7148666381835938,0.821831491233741,-0.10696485305014725,1.1797192096710205,-8.795623779296875
18,17,18,13,right_middle_joint2_position,13,right_hand_mid_joint2,13,0,1.0,rad,0.0,1.94,0.3469589948654175,0.34695898021331123,1.4652106250512276e-08,0.2680473029613495,0.34695898021331123,-0.07891167725196174,0.8997117877006531,-7.466926574707031
18,17,18,14,right_ring_joint1_position,14,right_hand_ring_joint1,14,0,1.0,rad,0.0,1.92,0.9151960015296936,0.9151960001720912,1.3576023638606216e-09,0.7026382088661194,0.9151960001720912,-0.21255779130597185,2.1655125617980957,-10.1397705078125
18,17,18,15,right_ring_joint2_position,15,right_hand_ring_joint2,15,0,1.0,rad,0.0,1.92,0.3291325867176056,0.3291325971829449,-1.046533931736704e-08,0.2771008014678955,0.3291325971829449,-0.0520317957150494,0.7360605001449585,-10.209236145019531
18,17,18,16,right_pinky_joint1_position,16,right_hand_pinky_joint1,16,0,1.0,rad,0.0,1.92,0.8690506219863892,0.8690506107250728,1.1261316323896153e-08,0.6430273652076721,0.8690506107250728,-0.22602324551740072,2.3427371978759766,-12.308441162109375
18,17,18,17,right_pinky_joint2_position,17,right_hand_pinky_joint2,17,0,1.0,rad,0.0,1.92,5.279924042018334e-18,5.279924183811965e-18,-1.4179363084562775e-25,-8.701336810190696e-06,5.279924183811965e-18,-8.701336810195977e-06,0.00011048909072997048,-0.0006246678531169891
18,17,18,18,L_forearm_tx_position,18,L_forearm_tx_link_joint,18,0,1.0,m,-5.0,5.0,0.4436018764972687,0.4436018745901894,1.9070792722786223e-09,0.4819575250148773,0.4436018745901894,0.038355650424687915,-0.14479638636112213,-23.08575439453125
18,17,18,19,L_forearm_ty_position,19,L_forearm_ty_link_joint,19,0,1.0,m,-5.0,5.0,-0.2977190911769867,-0.29771909748970504,6.312718348056023e-09,-0.2844809889793396,-0.29771909748970504,0.013238108510365443,0.16034546494483948,-28.346771240234375
18,17,18,20,L_forearm_tz_position,20,L_forearm_tz_link_joint,20,0,1.0,m,-5.0,5.0,0.8137461543083191,0.8137461598812024,-5.572883265969608e-09,0.8382053971290588,0.8137461598812024,0.02445923724785648,0.14069753885269165,-37.722900390625
18,17,18,21,L_forearm_roll_position,21,L_forearm_roll_link_joint,21,0,1.0,rad,-6.2,6.2,2.2837624549865723,2.2837623751868454,7.97997268264794e-08,2.2882628440856934,2.2837623751868454,0.00450046889884792,0.0008586011826992035,-7.616455078125
18,17,18,22,L_forearm_pitch_position,22,L_forearm_pitch_link_joint,22,0,1.0,rad,-6.2,6.2,0.8299767374992371,0.8299767342981731,3.2010639694490806e-09,0.7807255983352661,0.8299767342981731,-0.04925113596290698,0.8918754458427429,-8.2987060546875
18,17,18,23,L_forearm_yaw_position,23,L_forearm_yaw_link_joint,23,0,1.0,rad,-6.2,6.2,1.4461480379104614,1.4461480523793393,-1.4468877873596853e-08,1.5757055282592773,1.4461480523793393,0.12955747587993804,-2.2565009593963623,11.2086181640625
18,17,18,24,left_thumb_bend_position,24,left_hand_thumb_bend_joint,24,0,1.0,rad,0.0,1.83,0.5478106737136841,0.5478106677344075,5.979276629375363e-09,0.5559908151626587,0.5478106677344075,0.008180147428251239,0.0003633033484220505,-2.739959716796875
18,17,18,25,left_thumb_rota1_position,25,left_hand_thumb_rota_joint1,25,0,1.0,rad,-1.05,1.57,1.461338996887207,1.4613389815559454,1.5331261593587442e-08,1.4645916223526,1.4613389815559454,0.00325264079665466,-0.042002856731414795,0.494781494140625
18,17,18,26,left_thumb_rota2_position,26,left_hand_thumb_rota_joint2,26,0,1.0,rad,-0.17,1.83,-0.17000000178813934,-0.1700000000000003,-1.7881390534935093e-09,-0.16998755931854248,-0.1700000000000003,1.24406814578093e-05,-0.00017079751705750823,0.00324249267578125
18,17,18,27,left_index_bend_position,27,left_hand_index_bend_joint,27,0,1.0,rad,-0.175,0.175,0.0750352218747139,0.07503522273949034,-8.647764448976858e-10,0.05658109858632088,0.07503522273949034,-0.018454124153169466,0.061984796077013016,3.5930557250976562
18,17,18,28,left_index_joint1_position,28,left_hand_index_joint1,28,0,1.0,rad,0.0,1.92,0.5563337802886963,0.5563337828260186,-2.5373223522251465e-09,0.6840091347694397,0.5563337828260186,0.12767535194342106,-1.1880443096160889,2.010345458984375
18,17,18,29,left_index_joint2_position,29,left_hand_index_joint2,29,0,1.0,rad,0.0,1.92,1.266568660736084,1.266568618621451,4.2114632892165105e-08,1.060728907585144,1.266568618621451,-0.20583971103630705,2.517315149307251,-25.5845947265625
18,17,18,30,left_middle_joint1_position,30,left_hand_mid_joint1,30,0,1.0,rad,0.0,1.92,0.9227550625801086,0.9227550503772239,1.2202884702716688e-08,0.8747573494911194,0.9227550503772239,-0.047997700886104555,0.7291205525398254,-11.43499755859375
18,17,18,31,left_middle_joint2_position,31,left_hand_mid_joint2,31,0,1.0,rad,0.0,1.92,1.2366747856140137,1.23667473227554,5.3338473637865036e-08,1.157282829284668,1.23667473227554,-0.07939190299087207,1.10504949092865,-14.907684326171875
18,17,18,32,left_ring_joint1_position,32,left_hand_ring_joint1,32,0,1.0,rad,0.0,1.92,0.698504626750946,0.6985046321393273,-5.388381296711486e-09,0.7295534610748291,0.6985046321393273,0.03104882893550176,-0.05100665241479874,-8.475189208984375
18,17,18,33,left_ring_joint2_position,33,left_hand_ring_joint2,33,0,1.0,rad,0.0,1.92,1.576994776725769,1.5769948104775737,-3.375180468445649e-08,1.4355629682540894,1.5769948104775737,-0.14143184222348437,1.8296384811401367,-21.329925537109375
18,17,18,34,left_pinky_joint1_position,34,left_hand_pinky_joint1,34,0,1.0,rad,0.0,1.92,0.3988531529903412,0.39885315413578604,-1.1454448500813896e-09,0.41176947951316833,0.39885315413578604,0.012916325377382298,-0.055172473192214966,-2.3760223388671875
18,17,18,35,left_pinky_joint2_position,35,left_hand_pinky_joint2,35,0,1.0,rad,0.0,1.92,1.3629200458526611,1.3629200809457556,-3.509309443039399e-08,1.2465870380401611,1.3629200809457556,-0.11633304290559443,1.3004130125045776,-9.956634521484375
19,18,19,0,R_forearm_tx_position,0,R_forearm_tx_link_joint,0,0,1.0,m,-5.0,5.0,0.770654022693634,0.7706539945186699,2.8174964139537906e-08,0.7475484609603882,0.7706539945186699,-0.02310553355828171,0.1349787414073944,10.282958984375
19,18,19,1,R_forearm_ty_position,1,R_forearm_ty_link_joint,1,0,1.0,m,-5.0,5.0,-0.1990841031074524,-0.1990841090982696,5.990817203427312e-09,-0.21794191002845764,-0.1990841090982696,-0.018857800930188046,0.259797602891922,-7.0089569091796875
19,18,19,2,R_forearm_tz_position,2,R_forearm_tz_link_joint,2,0,1.0,m,-5.0,5.0,0.8224084973335266,0.8224084996582384,-2.324711756429565e-09,0.8240463733673096,0.8224084996582384,0.0016378737090712026,0.30120301246643066,-31.35638427734375
19,18,19,3,R_forearm_roll_position,3,R_forearm_roll_link_joint,3,0,1.0,rad,-6.2,6.2,1.229088544845581,1.229088574540762,-2.9695180980837677e-08,1.281882643699646,1.229088574540762,0.05279406915888396,-1.052566409111023,13.556884765625
19,18,19,4,R_forearm_pitch_position,4,R_forearm_pitch_link_joint,4,0,1.0,rad,-6.2,6.2,-0.3239207863807678,-0.32392079314626465,6.765496829430617e-09,-0.43393969535827637,-0.32392079314626465,-0.11001890221201172,2.283362627029419,-33.8492431640625
19,18,19,5,R_forearm_yaw_position,5,R_forearm_yaw_link_joint,5,0,1.0,rad,-6.2,6.2,1.2038869857788086,1.2038870136482787,-2.7869470065056134e-08,1.3288277387619019,1.2038870136482787,0.1249407251136232,-2.3427937030792236,20.929443359375
19,18,19,6,right_thumb_bend_position,6,right_hand_thumb_bend_joint,6,0,1.0,rad,0.0,1.83,0.7718600630760193,0.7718600493600846,1.3715934721325596e-08,0.7524461150169373,0.7718600493600846,-0.01941393434314731,0.3120388090610504,-5.21331787109375
19,18,19,7,right_thumb_rota1_position,7,right_hand_thumb_rota_joint1,7,0,1.0,rad,-1.05,1.57,1.09831702709198,1.0983170280646115,-9.726315308711264e-10,1.1632076501846313,1.0983170280646115,0.06489062212001984,-0.5088920593261719,-2.611541748046875
19,18,19,8,right_thumb_rota2_position,8,right_hand_thumb_rota_joint2,8,0,1.0,rad,-0.175,1.83,-0.17499999701976776,-0.17500000000000002,2.9802322554228766e-09,-0.17499560117721558,-0.17500000000000002,4.3988227844404815e-06,5.600471195066348e-05,-0.003009796142578125
19,18,19,9,right_index_bend_position,9,right_hand_index_bend_joint,9,0,1.0,rad,-0.175,0.175,0.042234815657138824,0.042234815765771906,-1.086330816968406e-10,0.036357175558805466,0.042234815765771906,-0.0058776402069664405,0.007243263069540262,1.477707862854004
19,18,19,10,right_index_joint1_position,10,right_hand_index_joint1,10,0,1.0,rad,0.0,1.92,0.824447751045227,0.8244477528867202,-1.8414931801657985e-09,0.7935444116592407,0.8244477528867202,-0.03090334122747951,0.4045155644416809,-4.637115478515625
19,18,19,11,right_index_joint2_position,11,right_hand_index_joint2,11,0,1.0,rad,0.0,1.92,0.11551421880722046,0.11551421537307632,3.4341441357277347e-09,0.1407770961523056,0.11551421537307632,0.02526288077922928,-0.11903314292430878,-3.9155044555664062
19,18,19,12,right_middle_joint1_position,12,right_hand_mid_joint1,12,0,1.0,rad,0.0,1.92,0.8280406594276428,0.8280406466265339,1.2801108950633022e-08,0.7489677667617798,0.8280406466265339,-0.07907287986475409,0.8971741795539856,-7.40478515625
19,18,19,13,right_middle_joint2_position,13,right_hand_mid_joint2,13,0,1.0,rad,0.0,1.94,0.34682905673980713,0.3468290447911728,1.194863430420412e-08,0.2935258746147156,0.3468290447911728,-0.05330317017645725,0.6583356261253357,-6.935737609863281
19,18,19,14,right_ring_joint1_position,14,right_hand_ring_joint1,14,0,1.0,rad,0.0,1.92,0.9568852186203003,0.9568852084822199,1.0138080375199365e-08,0.7724446654319763,0.9568852084822199,-0.1844405430502436,1.9694595336914062,-12.19183349609375
19,18,19,15,right_ring_joint2_position,15,right_hand_ring_joint2,15,0,1.0,rad,0.0,1.92,0.29867836833000183,0.29867835365463674,1.4675365089811265e-08,0.2930900454521179,0.29867835365463674,-0.005588308202518821,0.3149360716342926,-9.948173522949219
19,18,19,16,right_pinky_joint1_position,16,right_hand_pinky_joint1,16,0,1.0,rad,0.0,1.92,0.9093726277351379,0.9093726143245043,1.3410633603605504e-08,0.7174182534217834,0.9093726143245043,-0.1919543609027209,2.0799689292907715,-13.8297119140625
19,18,19,17,right_pinky_joint2_position,17,right_hand_pinky_joint2,17,0,1.0,rad,0.0,1.92,5.227588324662104e-18,5.227588465068196e-18,-1.4040609230607803e-25,-5.218029400566593e-06,5.227588465068196e-18,-5.218029400571821e-06,0.00010998596553690732,-0.0018820464611053467
19,18,19,18,L_forearm_tx_position,18,L_forearm_tx_link_joint,18,0,1.0,m,-5.0,5.0,0.43510860204696655,0.4351085929379391,9.109027476750242e-09,0.4777536988258362,0.4351085929379391,0.042645105887897106,-0.15311551094055176,-31.05584716796875
19,18,19,19,L_forearm_ty_position,19,L_forearm_ty_link_joint,19,0,1.0,m,-5.0,5.0,-0.29095742106437683,-0.2909574088107322,-1.2253644654514062e-08,-0.27606290578842163,-0.2909574088107322,0.014894503022310546,0.21481893956661224,-40.46739196777344
19,18,19,20,L_forearm_tz_position,20,L_forearm_tz_link_joint,20,0,1.0,m,-5.0,5.0,0.8166559934616089,0.8166559716275077,2.1834101193718425e-08,0.8486685156822205,0.8166559716275077,0.032012544054712766,0.24054208397865295,-64.33050537109375
19,18,19,21,L_forearm_roll_position,21,L_forearm_roll_link_joint,21,0,1.0,rad,-6.2,6.2,2.2249584197998047,2.224958382274612,3.752519273092503e-08,2.2668588161468506,2.224958382274612,0.04190043387223863,-0.815728485584259,8.799072265625
19,18,19,22,L_forearm_pitch_position,22,L_forearm_pitch_link_joint,22,0,1.0,rad,-6.2,6.2,0.8437676429748535,0.8437676376903313,5.284522264226155e-09,0.8065293431282043,0.8437676376903313,-0.037238294562126906,0.6648585200309753,-3.78057861328125
19,18,19,23,L_forearm_yaw_position,23,L_forearm_yaw_link_joint,23,0,1.0,rad,-6.2,6.2,1.3436564207077026,1.3436563892240285,3.1483674112209314e-08,1.489035725593567,1.3436563892240285,0.14537933636953837,-2.51605486869812,8.2147216796875
19,18,19,24,left_thumb_bend_position,24,left_hand_thumb_bend_joint,24,0,1.0,rad,0.0,1.83,0.5392319560050964,0.5392319638030736,-7.797977152890212e-09,0.5540491938591003,0.5392319638030736,0.014817230056026753,-0.09034756571054459,-1.5854644775390625
19,18,19,25,left_thumb_rota1_position,25,left_hand_thumb_rota_joint1,25,0,1.0,rad,-1.05,1.57,1.4613205194473267,1.4613205523756552,-3.292832850831928e-08,1.46345853805542,1.4613205523756552,0.0021379856797647534,-0.028853891417384148,0.350677490234375
19,18,19,26,left_thumb_rota2_position,26,left_hand_thumb_rota_joint2,26,0,1.0,rad,-0.17,1.83,-0.17000000178813934,-0.16999999999999985,-1.7881394975827192e-09,-0.1699891835451126,-0.16999999999999985,1.0816454887235816e-05,-6.125011714175344e-05,-0.00319671630859375
19,18,19,27,left_index_bend_position,27,left_hand_index_bend_joint,27,0,1.0,rad,-0.175,0.175,0.07500393688678741,0.07500393945477817,-2.5679907506015454e-09,0.059375375509262085,0.07500393945477817,-0.01562856394551608,0.10505743324756622,1.2761039733886719
19,18,19,28,left_index_joint1_position,28,left_hand_index_joint1,28,0,1.0,rad,0.0,1.92,0.5246998071670532,0.5246997898471841,1.731986909447869e-08,0.6436649560928345,0.5246997898471841,0.11896516624565034,-1.181563377380371,4.532623291015625
19,18,19,29,left_index_joint2_position,29,left_hand_index_joint2,29,0,1.0,rad,0.0,1.92,1.2681913375854492,1.2681913175248123,2.0060636929386533e-08,1.1313532590866089,1.2681913175248123,-0.1368380584382034,1.8076037168502808,-22.040191650390625
19,18,19,30,left_middle_joint1_position,30,left_hand_mid_joint1,30,0,1.0,rad,0.0,1.92,0.9007163643836975,0.9007163693353194,-4.9516218902923015e-09,0.8908720016479492,0.9007163693353194,-0.009844367687370181,0.33087021112442017,-9.123992919921875
19,18,19,31,left_middle_joint2_position,31,left_hand_mid_joint2,31,0,1.0,rad,0.0,1.92,1.2069662809371948,1.2069663276180091,-4.6680814325128495e-08,1.1833326816558838,1.2069663276180091,-0.02363364596212536,0.566904604434967,-13.364837646484375
19,18,19,32,left_ring_joint1_position,32,left_hand_ring_joint1,32,0,1.0,rad,0.0,1.92,0.6887972354888916,0.6887972106624993,2.4826392275301146e-08,0.7237683534622192,0.6887972106624993,0.03497114279971991,-0.23624058067798615,-2.8375701904296875
19,18,19,33,left_ring_joint2_position,33,left_hand_ring_joint2,33,0,1.0,rad,0.0,1.92,1.559083104133606,1.5590831476796465,-4.3546040551234455e-08,1.4836461544036865,1.5590831476796465,-0.07543699327595998,1.1648696660995483,-18.468414306640625
19,18,19,34,left_pinky_joint1_position,34,left_hand_pinky_joint1,34,0,1.0,rad,0.0,1.92,0.4045010805130005,0.4045010681032773,1.2409723193496092e-08,0.4083085358142853,0.4045010681032773,0.0038074677110079835,-0.10966861993074417,2.8409957885742188
19,18,19,35,left_pinky_joint2_position,35,left_hand_pinky_joint2,35,0,1.0,rad,0.0,1.92,1.372463583946228,1.372463545554969,3.83912590606883e-08,1.2842378616333008,1.372463545554969,-0.08822568392166819,0.9984733462333679,-7.944671630859375
20,19,20,0,R_forearm_tx_position,0,R_forearm_tx_link_joint,0,0,1.0,m,-5.0,5.0,0.7698452472686768,0.7698452554157315,-8.14705469753818e-09,0.7502864003181458,0.7698452554157315,-0.019558855097585703,0.0048494599759578705,12.9876708984375
20,19,20,1,R_forearm_ty_position,1,R_forearm_ty_link_joint,1,0,1.0,m,-5.0,5.0,-0.18902868032455444,-0.1890286750528582,-5.271696246200719e-09,-0.21045160293579102,-0.1890286750528582,-0.02142292788293282,0.13546189665794373,2.9554595947265625
20,19,20,2,R_forearm_tz_position,2,R_forearm_tz_link_joint,2,0,1.0,m,-5.0,5.0,0.8243148326873779,0.8243148590079176,-2.6320539636692786e-08,0.8336025476455688,0.8243148590079176,0.009287688637651281,0.279079794883728,-28.5267333984375
20,19,20,3,R_forearm_roll_position,3,R_forearm_roll_link_joint,3,0,1.0,rad,-6.2,6.2,1.170985460281372,1.170985509985268,-4.970389588798696e-08,1.2391974925994873,1.170985509985268,0.06821198261421935,-1.2023365497589111,9.077392578125
20,19,20,4,R_forearm_pitch_position,4,R_forearm_pitch_link_joint,4,0,1.0,rad,-6.2,6.2,-0.2693500220775604,-0.2693500090693197,-1.3008240706824381e-08,-0.35935312509536743,-0.2693500090693197,-0.09000311602604771,1.984937071800232,-34.060577392578125
20,19,20,5,R_forearm_yaw_position,5,R_forearm_yaw_link_joint,5,0,1.0,rad,-6.2,6.2,1.1429870128631592,1.1429870141978793,-1.3347201122115848e-09,1.2506109476089478,1.1429870141978793,0.10762393341106846,-2.0509536266326904,24.4398193359375
20,19,20,6,right_thumb_bend_position,6,right_hand_thumb_bend_joint,6,0,1.0,rad,0.0,1.83,0.7630227208137512,0.7630227483791847,-2.756543349136109e-08,0.7594211101531982,0.7630227483791847,-0.00360163822598647,0.14245636761188507,-4.117279052734375
20,19,20,7,right_thumb_rota1_position,7,right_hand_thumb_rota_joint1,7,0,1.0,rad,-1.05,1.57,1.0639089345932007,1.0639089102945132,2.429868750652986e-08,1.1421040296554565,1.0639089102945132,0.07819511936094337,-0.6777185797691345,-0.70111083984375
20,19,20,8,right_thumb_rota2_position,8,right_hand_thumb_rota_joint2,8,0,1.0,rad,-0.175,1.83,-0.17499999701976776,-0.17500000000000004,2.9802322831784522e-09,-0.17499251663684845,-0.17500000000000004,7.483363151594702e-06,0.00017389838467352092,-0.0049285888671875
20,19,20,9,right_index_bend_position,9,right_hand_index_bend_joint,9,0,1.0,rad,-0.175,0.175,0.042046234011650085,0.0420462350928181,-1.0811680162259307e-09,0.03554176166653633,0.0420462350928181,-0.0065044734262817705,-0.07985162734985352,3.3556814193725586
20,19,20,10,right_index_joint1_position,10,right_hand_index_joint1,10,0,1.0,rad,0.0,1.92,0.8323277235031128,0.8323277359305453,-1.2427432527495341e-08,0.8068414330482483,0.8323277359305453,-0.02548630288229703,0.4077417254447937,-5.415283203125
20,19,20,11,right_index_joint2_position,11,right_hand_index_joint2,11,0,1.0,rad,0.0,1.92,0.10401501506567001,0.10401501615426748,-1.0885974621732686e-09,0.13488270342350006,0.10401501615426748,0.030867687269232585,-0.1835145354270935,-2.611013412475586
20,19,20,12,right_middle_joint1_position,12,right_hand_mid_joint1,12,0,1.0,rad,0.0,1.92,0.833059549331665,0.8330595321126716,1.721899345330513e-08,0.7748904228210449,0.8330595321126716,-0.058169109291626664,0.6837186217308044,-6.2321929931640625
20,19,20,13,right_middle_joint2_position,13,right_hand_mid_joint2,13,0,1.0,rad,0.0,1.94,0.3330549895763397,0.333054976461679,1.3114660746271767e-08,0.31007975339889526,0.333054976461679,-0.022975223062783712,0.38677191734313965,-6.8361053466796875
20,19,20,14,right_ring_joint1_position,14,right_hand_ring_joint1,14,0,1.0,rad,0.0,1.92,0.9911524057388306,0.9911524285367308,-2.2797900234294843e-08,0.8344295024871826,0.9911524285367308,-0.15672292604954818,1.7221863269805908,-12.197479248046875
20,19,20,15,right_ring_joint2_position,15,right_hand_ring_joint2,15,0,1.0,rad,0.0,1.92,0.24447332322597504,0.24447332039037264,2.835602391781933e-09,0.29302695393562317,0.24447332039037264,0.048553633545250524,-0.18157556653022766,-9.435630798339844
20,19,20,16,right_pinky_joint1_position,16,right_hand_pinky_joint1,16,0,1.0,rad,0.0,1.92,0.9425659775733948,0.9425659978879305,-2.0314535720267202e-08,0.7822316884994507,0.9425659978879305,-0.1603343093884798,1.7876687049865723,-13.4454345703125
20,19,20,17,right_pinky_joint2_position,17,right_hand_pinky_joint2,17,0,1.0,rad,0.0,1.92,4.978272779316171e-18,4.9782726339476444e-18,1.4536852660095978e-25,1.9977327610831708e-05,4.9782726339476444e-18,1.997732761082673e-05,0.00036816304782405496,-0.021548913791775703
20,19,20,18,L_forearm_tx_position,18,L_forearm_tx_link_joint,18,0,1.0,m,-5.0,5.0,0.4272519052028656,0.42725191857883854,-1.3375972940377068e-08,0.4714793264865875,0.42725191857883854,0.04422740790774898,-0.20156951248645782,-24.2978515625
20,19,20,19,L_forearm_ty_position,19,L_forearm_ty_link_joint,19,0,1.0,m,-5.0,5.0,-0.2855549156665802,-0.28555492169721786,6.0306376559182695e-09,-0.2686644196510315,-0.28555492169721786,0.016890502046186362,0.21403083205223083,-37.42875671386719
20,19,20,20,L_forearm_tz_position,20,L_forearm_tz_link_joint,20,0,1.0,m,-5.0,5.0,0.8186147809028625,0.8186147567371577,2.4165704881617955e-08,0.8586322665214539,0.8186147567371577,0.04001750978429619,0.29444679617881775,-68.672119140625
20,19,20,21,L_forearm_roll_position,21,L_forearm_roll_link_joint,21,0,1.0,rad,-6.2,6.2,2.148512601852417,2.148512686864304,-8.501188686338423e-08,2.2212069034576416,2.148512686864304,0.07269421659333775,-1.4459656476974487,16.7373046875
20,19,20,22,L_forearm_pitch_position,22,L_forearm_pitch_link_joint,22,0,1.0,rad,-6.2,6.2,0.8386980295181274,0.8386980100596876,1.945843985939888e-08,0.8203117847442627,0.8386980100596876,-0.018386225315424887,0.2685049772262573,0.75457763671875
20,19,20,23,L_forearm_yaw_position,23,L_forearm_yaw_link_joint,23,0,1.0,rad,-6.2,6.2,1.243576169013977,1.2435761382905093,3.072346776988866e-08,1.3947837352752686,1.2435761382905093,0.15120759698475927,-2.651564121246338,14.179443359375
20,19,20,24,left_thumb_bend_position,24,left_hand_thumb_bend_joint,24,0,1.0,rad,0.0,1.83,0.5353325605392456,0.5353325591585231,1.3807225363038356e-09,0.5502067804336548,0.5353325591585231,0.014874221275131716,-0.12507471442222595,-0.273773193359375
20,19,20,25,left_thumb_rota1_position,25,left_hand_thumb_rota_joint1,25,0,1.0,rad,-1.05,1.57,1.4613405466079712,1.461340606030273,-5.942230174582619e-08,1.4626888036727905,1.461340606030273,0.0013481976425175901,-0.018998436629772186,0.264495849609375
20,19,20,26,left_thumb_rota2_position,26,left_hand_thumb_rota_joint2,26,0,1.0,rad,-0.17,1.83,-0.17000000178813934,-0.16999999999999948,-1.7881398584052022e-09,-0.16999007761478424,-0.16999999999999948,9.922385215244134e-06,-1.6219411918427795e-05,-0.002288818359375
20,19,20,27,left_index_bend_position,27,left_hand_index_bend_joint,27,0,1.0,rad,-0.175,0.175,0.07506591826677322,0.07506591756691532,6.998579077377443e-10,0.0631759837269783,0.07506591756691532,-0.011889933839937014,0.11443547904491425,-0.31249427795410156
20,19,20,28,left_index_joint1_position,28,left_hand_index_joint1,28,0,1.0,rad,0.0,1.92,0.5104397535324097,0.510439764023678,-1.0491268298551404e-08,0.6062413454055786,0.510439764023678,0.09580158138190065,-1.0442094802856445,7.13128662109375
20,19,20,29,left_index_joint2_position,29,left_hand_index_joint2,29,0,1.0,rad,0.0,1.92,1.2642558813095093,1.264255842101687,3.920782232214037e-08,1.1801544427871704,1.264255842101687,-0.08410139931451655,1.2102677822113037,-17.272613525390625
20,19,20,30,left_middle_joint1_position,30,left_hand_mid_joint1,30,0,1.0,rad,0.0,1.92,0.8856038451194763,0.8856038387976968,6.321779544293804e-09,0.8962781429290771,0.8856038387976968,0.010674304131380374,0.0599396750330925,-5.8203125
20,19,20,31,left_middle_joint2_position,31,left_hand_mid_joint2,31,0,1.0,rad,0.0,1.92,1.1782230138778687,1.1782229851874413,2.869042736719507e-08,1.1930536031723022,1.1782229851874413,0.014830617984860961,0.12372976541519165,-9.6060791015625
20,19,20,32,left_ring_joint1_position,32,left_hand_ring_joint1,32,0,1.0,rad,0.0,1.92,0.7008947134017944,0.7008947312265463,-1.7824751896711177e-08,0.7167396545410156,0.7008947312265463,0.015844923314469295,-0.18800579011440277,1.7550506591796875
20,19,20,33,left_ring_joint2_position,33,left_hand_ring_joint2,33,0,1.0,rad,0.0,1.92,1.5407915115356445,1.5407915328949517,-2.135930721181012e-08,1.5116933584213257,1.5407915328949517,-0.02909817447362606,0.6240912675857544,-13.6822509765625
20,19,20,34,left_pinky_joint1_position,34,left_hand_pinky_joint1,34,0,1.0,rad,0.0,1.92,0.4285659193992615,0.42856591424263585,5.15662562650121e-09,0.40688496828079224,0.42856591424263585,-0.021680945961843612,-0.003312608227133751,6.803657531738281
20,19,20,35,left_pinky_joint2_position,35,left_hand_pinky_joint2,35,0,1.0,rad,0.0,1.92,1.3813296556472778,1.3813297003533969,-4.4706119028958824e-08,1.3127907514572144,1.3813297003533969,-0.0685389488961825,0.7409868240356445,-5.279205322265625
