endpoint,timestamp_s,combination,hand,part,object_role,human_gt_x,human_gt_y,human_gt_z,human_target_x,human_target_y,human_target_z,marker_world_x,marker_world_y,marker_world_z,marker_object_x,marker_object_y,marker_object_z,human_gt_to_target_m,human_gt_visual_triangle_distance_m,human_target_visual_triangle_distance_m,H_to_R_x,H_to_R_y,H_to_R_z,H_to_R_norm_m,R_to_A_x,R_to_A_y,R_to_A_z,R_to_A_norm_m,H_to_A_norm_m,visual_triangle_distance_m,collision_distance_status,collision_distance_m,collision_pair_id,collision_hand_geom,collision_object_geom,collision_censored_pairs,collision_unsupported_pairs,collision_nearest_point_hand_x,collision_nearest_point_hand_y,collision_nearest_point_hand_z,collision_nearest_point_object_x,collision_nearest_point_object_y,collision_nearest_point_object_z,floor_collision_distance_status,floor_collision_distance_m,floor_collision_pair_id,floor_collision_hand_geom,floor_collision_geom,measured_object_contact_rows_outgoing_interval,measured_object_contact_normal_force_sum_N,measured_object_first_global_substep,measured_floor_contact_rows_outgoing_interval,measured_floor_contact_normal_force_sum_N,measured_contact_scope
0,0.0,RR,right,palm,tool,0.7371559388935566,-0.22344537172466516,0.7579806997708914,0.7371559388935566,-0.22344537172466516,0.7579806997708914,0.7442481222365191,-0.25421975323512797,0.7552671990117941,-0.07948395971744701,-0.25820112148771485,0.0052714008394924095,0.0,0.1803857031522188,0.1803857031522188,0.007092183342962577,-0.0307743815104628,-0.002713500759097376,0.03169739276803902,2.954265565513481e-08,1.2605931798415071e-08,0.018404308823594118,0.018404308823622144,0.03526418470351995,0.21169128150395708,measured_min_over_explicit_pairs,0.11169145636678106,118,collision_hand_right_palm_0,right_object_9,2,0,0.7364532348359865,-0.15473000041579493,0.7617551944971144,0.7277646279505419,-0.043543975458678205,0.7678508806732709,measured_min_over_explicit_pairs,0.004663241879680813,0,collision_hand_right_palm_floor_semantic_00,floor,0,0.0,,0,0.0,not_applicable_static_combination
0,0.0,AR,right,palm,tool,0.7371559388935566,-0.22344537172466516,0.7579806997708914,0.7371559388935566,-0.22344537172466516,0.7579806997708914,0.7442481517791748,-0.25421974062919617,0.7736715078353882,-0.07956996613750533,-0.2577125520172814,0.02366902258915139,0.0,0.1803857031522188,0.1803857031522188,0.007092183342962577,-0.0307743815104628,-0.002713500759097376,0.03169739276803902,2.954265565513481e-08,1.2605931798415071e-08,0.018404308823594118,0.018404308823622144,0.03526418470351995,0.2112489388131249,measured_min_over_explicit_pairs,0.11062192758479608,118,collision_hand_right_palm_0,right_object_9,2,0,0.7367523459717272,-0.1536122209988601,0.7614155787336755,0.7277646279505419,-0.04354397545867821,0.7678508806732709,measured_min_over_explicit_pairs,0.02282113045814116,0,collision_hand_right_palm_floor_semantic_00,floor,0,0.0,,0,0.0,not_applicable_static_combination
0,0.0,RA,right,palm,tool,0.7371559388935566,-0.22344537172466516,0.7579806997708914,0.7371559388935566,-0.22344537172466516,0.7579806997708914,0.7442481222365191,-0.25421975323512797,0.7552671990117941,-0.07948394751169141,-0.25820112617288615,0.0052713963255441075,0.0,0.18038570396560927,0.18038570396560927,0.007092183342962577,-0.0307743815104628,-0.002713500759097376,0.03169739276803902,2.954265565513481e-08,1.2605931798415071e-08,0.018404308823594118,0.018404308823622144,0.03526418470351995,0.21169128254189487,measured_min_over_explicit_pairs,0.11169145736844306,118,collision_hand_right_palm_0,right_object_9,2,0,0.736453224497029,-0.1547300014713458,0.7617551990136473,0.7277646175336641,-0.04354397551709982,0.7678508852444704,measured_min_over_explicit_pairs,0.004663241879680813,0,collision_hand_right_palm_floor_semantic_00,floor,0,0.0,,0,0.0,not_applicable_static_combination
0,0.0,AA,right,palm,tool,0.7371559388935566,-0.22344537172466516,0.7579806997708914,0.7371559388935566,-0.22344537172466516,0.7579806997708914,0.7442481517791748,-0.25421974062919617,0.7736715078353882,-0.07956995392417658,-0.25771255671597193,0.02366901807559751,0.0,0.18038570396560927,0.18038570396560927,0.007092183342962577,-0.0307743815104628,-0.002713500759097376,0.03169739276803902,2.954265565513481e-08,1.2605931798415071e-08,0.018404308823594118,0.018404308823622144,0.03526418470351995,0.21124893956666332,measured_min_over_explicit_pairs,0.11062192863893287,118,collision_hand_right_palm_0,right_object_9,2,0,0.7367523356404949,-0.15361222210614237,0.7614155832435517,0.7277646175336638,-0.04354397551709981,0.7678508852444703,measured_min_over_explicit_pairs,0.02282113045814116,0,collision_hand_right_palm_floor_semantic_00,floor,0,0.0,,0,0.0,source endpoint interval; AA solve data only; object and floor separated
0,0.0,RR,right,thumb,tool,0.6587607808411121,-0.13651999924331903,0.7233129694394705,0.6587607808411121,-0.13651999924331903,0.7233129694394705,0.6614762539502694,-0.1403591342729787,0.7146048339546003,-0.1140605185602931,-0.12292665893479957,-0.03915980465497546,0.0,0.11200924405053718,0.11200924405053718,0.002715473109157318,-0.003839135029659657,-0.00870813548487026,0.009896685081650976,-0.0018012770593496263,-0.00022051504106485043,0.02149321405082949,0.021569688828600407,0.013445249981014396,0.11699923706400878,measured_min_over_explicit_pairs,0.1339522466639771,264,collision_hand_right_thumb_external_semantic_rota1,right_object_3,25,0,0.667989250742626,-0.16391204666051562,0.7230058582038845,0.7056030203800816,-0.03971943344118632,0.7562414346505397,measured_min_over_explicit_pairs,-0.020792859670151542,3,collision_hand_right_thumb_floor_semantic_03,floor,0,0.0,,0,0.0,not_applicable_static_combination
0,0.0,AR,right,thumb,tool,0.6587607808411121,-0.13651999924331903,0.7233129694394705,0.6587607808411121,-0.13651999924331903,0.7233129694394705,0.6596749768909198,-0.14057964931404354,0.7360980480054298,-0.11591600486693712,-0.12189483557129882,-0.017694856780008702,0.0,0.11200924405053718,0.11200924405053718,0.002715473109157318,-0.003839135029659657,-0.00870813548487026,0.009896685081650976,-0.0018012770593496263,-0.00022051504106485043,0.02149321405082949,0.021569688828600407,0.013445249981014396,0.11228880933239717,measured_min_over_explicit_pairs,0.13052286188731618,284,collision_hand_right_thumb_external_semantic_rota1,right_object_23,26,0,0.6663216763802988,-0.16376540536791323,0.7424475749288437,0.7050165732649497,-0.04056393934194627,0.7614297033499182,measured_min_over_explicit_pairs,0.0011235438079374438,3,collision_hand_right_thumb_floor_semantic_03,floor,0,0.0,,0,0.0,not_applicable_static_combination
0,0.0,RA,right,thumb,tool,0.6587607808411121,-0.13651999924331903,0.7233129694394705,0.6587607808411121,-0.13651999924331903,0.7233129694394705,0.6614762539502694,-0.1403591342729787,0.7146048339546003,-0.11406050805468344,-0.12292666401605155,-0.03915980905176296,0.0,0.11200924167990073,0.11200924167990073,0.002715473109157318,-0.003839135029659657,-0.00870813548487026,0.009896685081650976,-0.0018012770593496263,-0.00022051504106485043,0.02149321405082949,0.021569688828600407,0.013445249981014396,0.11699923519754477,measured_min_over_explicit_pairs,0.13395224507800482,264,collision_hand_right_thumb_external_semantic_rota1,right_object_3,25,0,0.6679892498604989,-0.16391204651266822,0.7230058586497518,0.7056030100179835,-0.039719433232350304,0.756241439205212,measured_min_over_explicit_pairs,-0.020792859670151542,3,collision_hand_right_thumb_floor_semantic_03,floor,0,0.0,,0,0.0,not_applicable_static_combination
0,0.0,AA,right,thumb,tool,0.6587607808411121,-0.13651999924331903,0.7233129694394705,0.6587607808411121,-0.13651999924331903,0.7233129694394705,0.6596749768909198,-0.14057964931404354,0.7360980480054298,-0.11591599435818355,-0.12189484068995692,-0.017694861174726316,0.0,0.11200924167990073,0.11200924167990073,0.002715473109157318,-0.003839135029659657,-0.00870813548487026,0.009896685081650976,-0.0018012770593496263,-0.00022051504106485043,0.02149321405082949,0.021569688828600407,0.013445249981014396,0.11228880671254701,measured_min_over_explicit_pairs,0.13052285968022428,284,collision_hand_right_thumb_external_semantic_rota1,right_object_23,26,0,0.6663216757867934,-0.16376540510089987,0.7424475744056316,0.7050165669980378,-0.04056393909441092,0.7614296993421452,measured_min_over_explicit_pairs,0.0011235438079374438,3,collision_hand_right_thumb_floor_semantic_03,floor,0,0.0,,24,313.0274231955409,source endpoint interval; AA solve data only; object and floor separated
0,0.0,RR,right,index,tool,0.6804156847298145,-0.07710529956966639,0.7239481761388419,0.6804156847298145,-0.07710529956966639,0.7239481761388419,0.6848262244075488,-0.07909036835474445,0.726621158474059,-0.06975408075594641,-0.07433876438775462,-0.02822221236823583,0.0,0.05261663624278433,0.05261663624278433,0.004410539677734304,-0.0019850687850780646,0.0026729823352170667,0.00552613724899612,-0.0011105644038086337,-0.00018164704837575485,0.019646520853616067,0.01967872278875744,0.022665937371037465,0.051543575754629145,measured_min_over_explicit_pairs,0.05250860402135299,389,collision_hand_right_index_1,right_object_3,1,0,0.696126476955589,-0.09011913710653299,0.7441993343952401,0.7088083423498445,-0.04062968694172288,0.7563285597941687,measured_min_over_explicit_pairs,-0.0015255410444106055,6,collision_hand_right_index_floor_semantic_06,floor,0,0.0,,0,0.0,not_applicable_static_combination
0,0.0,AR,right,index,tool,0.6804156847298145,-0.07710529956966639,0.7239481761388419,0.6804156847298145,-0.07710529956966639,0.7239481761388419,0.6837156600037402,-0.0792720154031202,0.746267679327675,-0.07094486954876054,-0.07357527019325903,-0.008594394627522999,0.0,0.05261663624278433,0.05261663624278433,0.004410539677734304,-0.0019850687850780646,0.0026729823352170667,0.00552613724899612,-0.0011105644038086337,-0.00018164704837575485,0.019646520853616067,0.01967872278875744,0.022665937371037465,0.04578986806716163,measured_min_over_explicit_pairs,0.04993886540819052,409,collision_hand_right_index_1,right_object_23,1,0,0.6954812706620012,-0.09004280492907367,0.7617374123208651,0.7082746710976578,-0.04189535228546903,0.7652075690150449,measured_min_over_explicit_pairs,0.018135688400796934,6,collision_hand_right_index_floor_semantic_06,floor,0,0.0,,0,0.0,not_applicable_static_combination
0,0.0,RA,right,index,tool,0.6804156847298145,-0.07710529956966639,0.7239481761388419,0.6804156847298145,-0.07710529956966639,0.7239481761388419,0.6848262244075488,-0.07909036835474445,0.726621158474059,-0.06975407084112019,-0.0743387689303187,-0.02822221676485908,0.0,0.052616634632350626,0.052616634632350626,0.004410539677734304,-0.0019850687850780646,0.0026729823352170667,0.00552613724899612,-0.0011105644038086337,-0.00018164704837575485,0.019646520853616067,0.01967872278875744,0.022665937371037465,0.051543574381146456,measured_min_over_explicit_pairs,0.05250860272828045,389,collision_hand_right_index_1,right_object_3,1,0,0.6961264770933356,-0.09011913714082272,0.7441993343911624,0.7088083427779235,-0.04062968834476249,0.7563285594734415,measured_min_over_explicit_pairs,-0.0015255410444106055,6,collision_hand_right_index_floor_semantic_06,floor,0,0.0,,0,0.0,not_applicable_static_combination
0,0.0,AA,right,index,tool,0.6804156847298145,-0.07710529956966639,0.7239481761388419,0.6804156847298145,-0.07710529956966639,0.7239481761388419,0.6837156600037402,-0.0792720154031202,0.746267679327675,-0.07094485962884066,-0.07357527476379239,-0.008594399022749262,0.0,0.052616634632350626,0.052616634632350626,0.004410539677734304,-0.0019850687850780646,0.0026729823352170667,0.00552613724899612,-0.0011105644038086337,-0.00018164704837575485,0.019646520853616067,0.01967872278875744,0.022665937371037465,0.04578986549050773,measured_min_over_explicit_pairs,0.04993886323608446,409,collision_hand_right_index_1,right_object_23,1,0,0.6954812708041974,-0.09004280496655917,0.7617374123167433,0.7082746712751448,-0.04189535457313888,0.7652075688428157,measured_min_over_explicit_pairs,0.018135688400796934,6,collision_hand_right_index_floor_semantic_06,floor,0,0.0,,0,0.0,source endpoint interval; AA solve data only; object and floor separated
0,0.0,RR,right,middle,tool,0.7126445569097996,-0.06011174712330103,0.7218871071271536,0.7126445569097996,-0.06011174712330103,0.7218871071271536,0.7125354965505813,-0.07088136994646488,0.7277170610838053,-0.040979438381133555,-0.07693165641924854,-0.026922486547739953,0.0,0.032128630640421985,0.032128630640421985,-0.0001090603592182049,-0.010769622823163849,0.005829953956651646,0.012246837675573342,-0.0011332438956617175,-6.70318600195785e-05,0.019300612986251076,0.01933397001762328,0.02739565292990786,0.037761269837292166,measured_min_over_explicit_pairs,0.022771637233924467,591,collision_hand_right_middle_0,right_object_3,0,0,0.7141258111349444,-0.057981218292777525,0.7351910716259257,0.7165522723891673,-0.03815593150865869,0.7461280617065034,measured_min_over_explicit_pairs,0.0003418580287014583,8,collision_hand_right_middle_floor_semantic_08,floor,0,0.0,,0,0.0,not_applicable_static_combination
0,0.0,AR,right,middle,tool,0.7126445569097996,-0.06011174712330103,0.7218871071271536,0.7126445569097996,-0.06011174712330103,0.7218871071271536,0.7114022526549196,-0.07094840180648446,0.7470176740700564,-0.042147270785921696,-0.07606251046712856,-0.007643400743931825,0.0,0.032128630640421985,0.032128630640421985,-0.0001090603592182049,-0.010769622823163849,0.005829953956651646,0.012246837675573342,-0.0011332438956617175,-6.70318600195785e-05,0.019300612986251076,0.01933397001762328,0.02739565292990786,0.030768197675434455,measured_min_over_explicit_pairs,0.01600835502285223,591,collision_hand_right_middle_0,right_object_3,0,0,0.7130912460302035,-0.05714406730766679,0.7521902893533978,0.7149266420787379,-0.04175220487410977,0.7561889544693033,measured_min_over_explicit_pairs,0.01964493654644872,8,collision_hand_right_middle_floor_semantic_08,floor,0,0.0,,0,0.0,not_applicable_static_combination
0,0.0,RA,right,middle,tool,0.7126445569097996,-0.06011174712330103,0.7218871071271536,0.7126445569097996,-0.06011174712330103,0.7218871071271536,0.7125354965505813,-0.07088136994646488,0.7277170610838053,-0.04097942843338842,-0.07693166060803351,-0.02692249096738226,0.0,0.03212863263067657,0.03212863263067657,-0.0001090603592182049,-0.010769622823163849,0.005829953956651646,0.012246837675573342,-0.0011332438956617175,-6.70318600195785e-05,0.019300612986251076,0.01933397001762328,0.02739565292990786,0.03776127098267071,measured_min_over_explicit_pairs,0.02277163838268157,591,collision_hand_right_middle_0,right_object_3,0,0,0.7141258112392173,-0.05798121830337612,0.7351910716220086,0.7165522728532835,-0.03815593054326809,0.7461280622453926,measured_min_over_explicit_pairs,0.0003418580287014583,8,collision_hand_right_middle_floor_semantic_08,floor,0,0.0,,0,0.0,not_applicable_static_combination
0,0.0,AA,right,middle,tool,0.7126445569097996,-0.06011174712330103,0.7218871071271536,0.7126445569097996,-0.06011174712330103,0.7218871071271536,0.7114022526549196,-0.07094840180648446,0.7470176740700564,-0.04214726083464282,-0.07606251468336368,-0.007643405162122559,0.0,0.03212863263067657,0.03212863263067657,-0.0001090603592182049,-0.010769622823163849,0.005829953956651646,0.012246837675573342,-0.0011332438956617175,-6.70318600195785e-05,0.019300612986251076,0.01933397001762328,0.02739565292990786,0.030768197749993578,measured_min_over_explicit_pairs,0.016008355061595973,591,collision_hand_right_middle_0,right_object_3,0,0,0.7130912461471921,-0.05714406732048677,0.7521902893490472,0.714926642387448,-0.04175220487020078,0.7561889544676657,measured_min_over_explicit_pairs,0.01964493654644872,8,collision_hand_right_middle_floor_semantic_08,floor,0,0.0,,0,0.0,source endpoint interval; AA solve data only; object and floor separated
0,0.0,RR,right,ring,tool,0.7332309283316135,-0.06623753998428583,0.7244601800374625,0.7332309283316135,-0.06623753998428583,0.7244601800374625,0.7330952564276185,-0.07003173789679613,0.7259096185922004,-0.021556278884303205,-0.08379291908656224,-0.028457543208755272,0.0,0.03561919090053791,0.03561919090053791,-0.00013567190399499385,-0.0037941979125103026,0.0014494385547378918,0.004063891827890087,-0.0011627656628514504,2.4698825697944127e-05,0.019030650298835328,0.019066155480727057,0.020864541761820014,0.03802422349961177,measured_min_over_explicit_pairs,0.023195619477057505,744,collision_hand_right_ring_0,right_object_3,0,0,0.7325614887774772,-0.05742226924804048,0.733796145139508,0.7298581765645897,-0.037465479840828826,0.7453050730895955,measured_min_over_explicit_pairs,-0.0010813830325033802,10,collision_hand_right_ring_floor_semantic_10,floor,0,0.0,,0,0.0,not_applicable_static_combination
0,0.0,AR,right,ring,tool,0.7332309283316135,-0.06623753998428583,0.7244601800374625,0.7332309283316135,-0.06623753998428583,0.7244601800374625,0.7319324907647671,-0.07000703907109819,0.7449402688910357,-0.022716334039786873,-0.0828348290878199,-0.009450843852849099,0.0,0.03561919090053791,0.03561919090053791,-0.00013567190399499385,-0.0037941979125103026,0.0014494385547378918,0.004063891827890087,-0.0011627656628514504,2.4698825697944127e-05,0.019030650298835328,0.019066155480727057,0.020864541761820014,0.03030413308412486,measured_min_over_explicit_pairs,0.01576074882861621,744,collision_hand_right_ring_0,right_object_3,0,0,0.7314397966801037,-0.05644665911041607,0.7505695521332871,0.7296332521408109,-0.04138038409945846,0.7548292419999879,measured_min_over_explicit_pairs,0.01794350710426973,10,collision_hand_right_ring_floor_semantic_10,floor,0,0.0,,0,0.0,not_applicable_static_combination
0,0.0,RA,right,ring,tool,0.7332309283316135,-0.06623753998428583,0.7244601800374625,0.7332309283316135,-0.06623753998428583,0.7244601800374625,0.7330952564276185,-0.07003173789679613,0.7259096185922004,-0.021556268853124522,-0.0837929230349092,-0.02845754764739695,0.0,0.03561919449749321,0.03561919449749321,-0.00013567190399499385,-0.0037941979125103026,0.0014494385547378918,0.004063891827890087,-0.0011627656628514504,2.4698825697944127e-05,0.019030650298835328,0.019066155480727057,0.020864541761820014,0.03802422688120389,measured_min_over_explicit_pairs,0.02319562286501061,744,collision_hand_right_ring_0,right_object_3,0,0,0.7325614887208446,-0.05742226909225911,0.7337961448560766,0.729858175981749,-0.037465476408813383,0.7453050738297219,measured_min_over_explicit_pairs,-0.0010813830325033802,10,collision_hand_right_ring_floor_semantic_10,floor,0,0.0,,0,0.0,not_applicable_static_combination
0,0.0,AA,right,ring,tool,0.7332309283316135,-0.06623753998428583,0.7244601800374625,0.7332309283316135,-0.06623753998428583,0.7244601800374625,0.7319324907647671,-0.07000703907109819,0.7449402688910357,-0.022716324006371993,-0.08283483306333671,-0.009450848289984718,0.0,0.03561919449749321,0.03561919449749321,-0.00013567190399499385,-0.0037941979125103026,0.0014494385547378918,0.004063891827890087,-0.0011627656628514504,2.4698825697944127e-05,0.019030650298835328,0.019066155480727057,0.020864541761820014,0.03030413531807948,measured_min_over_explicit_pairs,0.01576075116959283,744,collision_hand_right_ring_0,right_object_3,0,0,0.7314397967962758,-0.05644665909484102,0.7505695521274688,0.7296332521717452,-0.0413803818215107,0.7548292426176958,measured_min_over_explicit_pairs,0.01794350710426973,10,collision_hand_right_ring_floor_semantic_10,floor,0,0.0,,0,0.0,source endpoint interval; AA solve data only; object and floor separated
0,0.0,RR,right,pinky,tool,0.7594844348728657,-0.09103723708540201,0.7220819547109244,0.7594844348728657,-0.09103723708540201,0.7220819547109244,0.7526739107234266,-0.07057623159175674,0.7209043058630379,-0.003545474053311453,-0.09167107706358185,-0.0331712327577581,0.0,0.06344852501091933,0.06344852501091933,-0.006810524149439057,0.020461005493645268,-0.0011776488478865144,0.021596824808522267,-0.0012287212454454854,0.0001203702964157477,0.01877036934016718,0.018810927942915428,0.028244049112165097,0.04498720316507175,measured_min_over_explicit_pairs,0.030460666264130402,896,collision_hand_right_pinky_0,right_object_3,0,0,0.7502896525244983,-0.058650239520026584,0.7290958529074857,0.7409924306034404,-0.03431410264465976,0.7448808551497644,measured_min_over_explicit_pairs,-0.005979711445359359,12,collision_hand_right_pinky_floor_semantic_12,floor,0,0.0,,0,0.0,not_applicable_static_combination
0,0.0,AR,right,pinky,tool,0.7594844348728657,-0.09103723708540201,0.7220819547109244,0.7594844348728657,-0.09103723708540201,0.7220819547109244,0.7514451894779811,-0.070455861295341,0.7396746752032051,-0.004730186667122558,-0.09060665390754144,-0.014427848072992164,0.0,0.06344852501091933,0.06344852501091933,-0.006810524149439057,0.020461005493645268,-0.0011776488478865144,0.021596824808522267,-0.0012287212454454854,0.0001203702964157477,0.01877036934016718,0.018810927942915428,0.028244049112165097,0.03647101939478024,measured_min_over_explicit_pairs,0.02222878228595143,896,collision_hand_right_pinky_0,right_object_3,0,0,0.748893755063709,-0.05756450868874391,0.7457202542042244,0.7416857307738777,-0.03764852216793496,0.7524668554712615,measured_min_over_explicit_pairs,0.012784931549040257,12,collision_hand_right_pinky_floor_semantic_12,floor,0,0.0,,0,0.0,not_applicable_static_combination
0,0.0,RA,right,pinky,tool,0.7594844348728657,-0.09103723708540201,0.7220819547109244,0.7594844348728657,-0.09103723708540201,0.7220819547109244,0.7526739107234266,-0.07057623159175674,0.7209043058630379,-0.0035454639285144294,-0.09167108078674603,-0.033171237215044155,0.0,0.06344852989513558,0.06344852989513558,-0.006810524149439057,0.020461005493645268,-0.0011776488478865144,0.021596824808522267,-0.0012287212454454854,0.0001203702964157477,0.01877036934016718,0.018810927942915428,0.028244049112165097,0.044987208371771246,measured_min_over_explicit_pairs,0.03046067158822196,896,collision_hand_right_pinky_0,right_object_3,0,0,0.7502896526196303,-0.058650239479617255,0.7290958529012067,0.740992429363469,-0.03431409822756241,0.7448808578834878,measured_min_over_explicit_pairs,-0.005979711445359359,12,collision_hand_right_pinky_floor_semantic_12,floor,0,0.0,,0,0.0,not_applicable_static_combination
0,0.0,AA,right,pinky,tool,0.7594844348728657,-0.09103723708540201,0.7220819547109244,0.7594844348728657,-0.09103723708540201,0.7220819547109244,0.7514451894779811,-0.070455861295341,0.7396746752032051,-0.004730176541594506,-0.09060665765800105,-0.014427852528681923,0.0,0.06344852989513558,0.06344852989513558,-0.006810524149439057,0.020461005493645268,-0.0011776488478865144,0.021596824808522267,-0.0012287212454454854,0.0001203702964157477,0.01877036934016718,0.018810927942915428,0.028244049112165097,0.03647102379434826,measured_min_over_explicit_pairs,0.022228786812608876,896,collision_hand_right_pinky_0,right_object_3,0,0,0.7488937551722776,-0.05756450864712942,0.7457202541973666,0.7416857296559056,-0.03764851797813231,0.7524668568229971,measured_min_over_explicit_pairs,0.012784931549040257,12,collision_hand_right_pinky_floor_semantic_12,floor,0,0.0,,0,0.0,source endpoint interval; AA solve data only; object and floor separated
0,0.0,RR,left,palm,target,0.48079306855797765,-0.2840977916494012,0.7593883230619071,0.48079306855797765,-0.2840977916494012,0.7593883230619071,0.4846135088630588,-0.31719006049847687,0.7495468796740345,-0.186258951567802,-0.2378722724836573,0.010174083059209542,0.0,0.12211611070140652,0.12211611070140652,0.003820440305081163,-0.03309226884907568,-0.009841443387872517,0.03473540023752271,-0.0033882567115695594,0.004535028817416076,0.029451912497443722,0.029991030653770005,0.03464495980055063,0.1539127330114586,measured_min_over_explicit_pairs,0.04500754875851615,1244,collision_hand_left_palm_0,left_object_7,17,0,0.44068012490521896,-0.21742963068708307,0.7604525954029885,0.4231898816602859,-0.17617709257922892,0.7562100800944332,measured_min_over_explicit_pairs,-0.001848940997711046,13,collision_hand_left_palm_floor_semantic_13,floor,0,0.0,,0,0.0,not_applicable_static_combination
0,0.0,AR,left,palm,target,0.48079306855797765,-0.2840977916494012,0.7593883230619071,0.48079306855797765,-0.2840977916494012,0.7593883230619071,0.48122525215148926,-0.3126550316810608,0.7789987921714783,-0.18643734583311675,-0.23170928580400105,0.03952451219317374,0.0,0.12211611070140652,0.12211611070140652,0.003820440305081163,-0.03309226884907568,-0.009841443387872517,0.03473540023752271,-0.0033882567115695594,0.004535028817416076,0.029451912497443722,0.029991030653770005,0.03464495980055063,0.1500443734941229,measured_min_over_explicit_pairs,0.04296284613014436,1244,collision_hand_left_palm_0,left_object_7,17,0,0.45019826676282376,-0.21030777554291957,0.7626461401226063,0.42906713796444756,-0.17342005463837287,0.756435054084145,measured_min_over_explicit_pairs,0.02775855082991363,13,collision_hand_left_palm_floor_semantic_13,floor,0,0.0,,0,0.0,not_applicable_static_combination
0,0.0,RA,left,palm,target,0.48079306855797765,-0.2840977916494012,0.7593883230619071,0.48079306855797765,-0.2840977916494012,0.7593883230619071,0.4846135088630588,-0.31719006049847687,0.7495468796740345,-0.18625895886664934,-0.23787226685959445,0.010174078564804453,0.0,0.12211610712076608,0.12211610712076608,0.003820440305081163,-0.03309226884907568,-0.009841443387872517,0.03473540023752271,-0.0033882567115695594,0.004535028817416076,0.029451912497443722,0.029991030653770005,0.03464495980055063,0.15391272972743722,measured_min_over_explicit_pairs,0.045007544900048185,1244,collision_hand_left_palm_0,left_object_7,17,0,0.44068012384505423,-0.21742963088364559,0.7604525978623391,0.42318988559036486,-0.17617709466400272,0.7562100845540389,measured_min_over_explicit_pairs,-0.001848940997711046,13,collision_hand_left_palm_floor_semantic_13,floor,0,0.0,,0,0.0,not_applicable_static_combination
0,0.0,AA,left,palm,target,0.48079306855797765,-0.2840977916494012,0.7593883230619071,0.48079306855797765,-0.2840977916494012,0.7593883230619071,0.48122525215148926,-0.3126550316810608,0.7789987921714783,-0.18643735292277752,-0.2317092801537423,0.03952450769453951,0.0,0.12211610712076608,0.12211610712076608,0.003820440305081163,-0.03309226884907568,-0.009841443387872517,0.03473540023752271,-0.0033882567115695594,0.004535028817416076,0.029451912497443722,0.029991030653770005,0.03464495980055063,0.1500443694005533,measured_min_over_explicit_pairs,0.0429628420071622,1244,collision_hand_left_palm_0,left_object_7,17,0,0.4501982656902917,-0.2103077757454787,0.7626461425685338,0.42906714178946104,-0.1734200564988963,0.7564350585403279,measured_min_over_explicit_pairs,0.02775855082991363,13,collision_hand_left_palm_floor_semantic_13,floor,0,0.0,,0,0.0,source endpoint interval; AA solve data only; object and floor separated
0,0.0,RR,left,thumb,target,0.5451142251491546,-0.18840354774147272,0.7284508898191092,0.5451142251491546,-0.18840354774147272,0.7284508898191092,0.5456945295612753,-0.1933546830493006,0.7247387934819451,-0.06011755020805478,-0.18132325860562204,-0.013744295448769952,0.0,0.08834858156146495,0.08834858156146495,0.0005803044121206469,-0.00495113530782787,-0.0037120963371640725,0.006215316022820833,-0.002202583453631113,0.004167319450635004,0.03057036054773221,0.03093161601488342,0.026918627620872437,0.09258180838829272,measured_min_over_explicit_pairs,0.08693239493383467,1460,collision_hand_left_thumb_0,left_object_27,53,0,0.5477169330155132,-0.1852816108858196,0.7248096091277587,0.49310659672567586,-0.11768388229821614,0.7271547208606599,measured_min_over_explicit_pairs,-0.009699224218085112,16,collision_hand_left_thumb_floor_semantic_16,floor,0,0.0,,0,0.0,not_applicable_static_combination
0,0.0,AR,left,thumb,target,0.5451142251491546,-0.18840354774147272,0.7284508898191092,0.5451142251491546,-0.18840354774147272,0.7284508898191092,0.5434919461076442,-0.1891873635986656,0.7553091540296774,-0.059629547011122004,-0.17617717479662248,0.01675233622757635,0.0,0.08834858156146495,0.08834858156146495,0.0005803044121206469,-0.00495113530782787,-0.0037120963371640725,0.006215316022820833,-0.002202583453631113,0.004167319450635004,0.03057036054773221,0.03093161601488342,0.026918627620872437,0.08555360266475007,measured_min_over_explicit_pairs,0.08030510222865589,1439,collision_hand_left_thumb_0,left_object_6,53,0,0.5452249112202908,-0.18141902511253707,0.754844989887417,0.49338531748571385,-0.12009418525605328,0.7539339564272755,measured_min_over_explicit_pairs,0.020870964488838073,16,collision_hand_left_thumb_floor_semantic_16,floor,0,0.0,,0,0.0,not_applicable_static_combination
0,0.0,RA,left,thumb,target,0.5451142251491546,-0.18840354774147272,0.7284508898191092,0.5451142251491546,-0.18840354774147272,0.7284508898191092,0.5456945295612753,-0.1933546830493006,0.7247387934819451,-0.060117555325925276,-0.18132325781477085,-0.013744299867997271,0.0,0.08834858071249982,0.08834858071249982,0.0005803044121206469,-0.00495113530782787,-0.0037120963371640725,0.006215316022820833,-0.002202583453631113,0.004167319450635004,0.03057036054773221,0.03093161601488342,0.026918627620872437,0.09258180768218706,measured_min_over_explicit_pairs,0.08693239447845683,1460,collision_hand_left_thumb_0,left_object_27,53,0,0.5477169325705018,-0.18528161124596942,0.7248096091461353,0.49310659398767015,-0.11768388509970898,0.7271547209732545,measured_min_over_explicit_pairs,-0.009699224218085112,16,collision_hand_left_thumb_floor_semantic_16,floor,0,0.0,,0,0.0,not_applicable_static_combination
0,0.0,AA,left,thumb,target,0.5451142251491546,-0.18840354774147272,0.7284508898191092,0.5451142251491546,-0.18840354774147272,0.7284508898191092,0.5434919461076442,-0.1891873635986656,0.7553091540296774,-0.059629551959664504,-0.17617717400426858,0.016752331805385896,0.0,0.08834858071249982,0.08834858071249982,0.0005803044121206469,-0.00495113530782787,-0.0037120963371640725,0.006215316022820833,-0.002202583453631113,0.004167319450635004,0.03057036054773221,0.03093161601488342,0.026918627620872437,0.08555360170629267,measured_min_over_explicit_pairs,0.08030510148152258,1439,collision_hand_left_thumb_0,left_object_6,53,0,0.5452249107900218,-0.18141902546561237,0.7548449906038449,0.49338531523422424,-0.12009418806992508,0.7539339609876997,measured_min_over_explicit_pairs,0.020870964488838073,16,collision_hand_left_thumb_floor_semantic_16,floor,0,0.0,,0,0.0,source endpoint interval; AA solve data only; object and floor separated
0,0.0,RR,left,index,target,0.5298837408423424,-0.13404606375843287,0.7288532807759879,0.5298837408423424,-0.13404606375843287,0.7288532807759879,0.5282929870875149,-0.13657884783155078,0.729336799889534,-0.03761166074098903,-0.12632262130426303,-0.009761125379092774,0.0,0.03672417243235253,0.03672417243235253,-0.001590753754827423,-0.0025327840731179108,0.0004835191135461603,0.0030297332230250513,-0.0017599126137002319,0.004283307811711851,0.030836234004212537,0.03118200355622272,0.03154707964027604,0.037713718633899836,measured_min_over_explicit_pairs,0.022911215190336225,1591,collision_hand_left_index_0,left_object_27,23,0,0.5212203749686751,-0.12437777727819964,0.7306145299683017,0.5068246487610772,-0.10665523793919932,0.7287175724486513,measured_min_over_explicit_pairs,0.0010843109972589193,19,collision_hand_left_index_floor_semantic_19,floor,0,0.0,,0,0.0,not_applicable_static_combination
0,0.0,AR,left,index,target,0.5298837408423424,-0.13404606375843287,0.7288532807759879,0.5298837408423424,-0.13404606375843287,0.7288532807759879,0.5265330744738147,-0.13229554001983893,0.7601730338937466,-0.03671191379236958,-0.12136305303849478,0.021010785250991947,0.0,0.03672417243235253,0.03672417243235253,-0.001590753754827423,-0.0025327840731179108,0.0004835191135461603,0.0030297332230250513,-0.0017599126137002319,0.004283307811711851,0.030836234004212537,0.03118200355622272,0.03154707964027604,0.03165992439310536,measured_min_over_explicit_pairs,0.01793007878915752,1570,collision_hand_left_index_0,left_object_6,23,0,0.5194893442435771,-0.12046323385107954,0.7598147560998345,0.5082285344906161,-0.10724269427983113,0.7553539016370581,measured_min_over_explicit_pairs,0.031963848143706786,19,collision_hand_left_index_floor_semantic_19,floor,0,0.0,,0,0.0,not_applicable_static_combination
0,0.0,RA,left,index,target,0.5298837408423424,-0.13404606375843287,0.7288532807759879,0.5298837408423424,-0.13404606375843287,0.7288532807759879,0.5282929870875149,-0.13657884783155078,0.729336799889534,-0.0376116637619052,-0.12632262137029487,-0.009761129814566255,0.0,0.03672417242175955,0.03672417242175955,-0.001590753754827423,-0.0025327840731179108,0.0004835191135461603,0.0030297332230250513,-0.0017599126137002319,0.004283307811711851,0.030836234004212537,0.03118200355622272,0.03154707964027604,0.03771371868389385,measured_min_over_explicit_pairs,0.02291121491320565,1591,collision_hand_left_index_0,left_object_27,23,0,0.5212203746273066,-0.12437777740976778,0.730614531329707,0.5068246478117205,-0.10665523858657522,0.728717576952147,measured_min_over_explicit_pairs,0.0010843109972589193,19,collision_hand_left_index_floor_semantic_19,floor,0,0.0,,0,0.0,not_applicable_static_combination
0,0.0,AA,left,index,target,0.5298837408423424,-0.13404606375843287,0.7288532807759879,0.5298837408423424,-0.13404606375843287,0.7288532807759879,0.5265330744738147,-0.13229554001983893,0.7601730338937466,-0.036711916651326455,-0.12136305311856688,0.021010780813045797,0.0,0.03672417242175955,0.03672417242175955,-0.001590753754827423,-0.0025327840731179108,0.0004835191135461603,0.0030297332230250513,-0.0017599126137002319,0.004283307811711851,0.030836234004212537,0.03118200355622272,0.03154707964027604,0.03165992366475721,measured_min_over_explicit_pairs,0.017930077729355523,1570,collision_hand_left_index_0,left_object_6,23,0,0.5194893437231289,-0.12046323378743909,0.7598147576022438,0.5082285337025989,-0.1072426948835159,0.7553539060969691,measured_min_over_explicit_pairs,0.031963848143706786,19,collision_hand_left_index_floor_semantic_19,floor,0,0.0,,0,0.0,source endpoint interval; AA solve data only; object and floor separated
0,0.0,RR,left,middle,target,0.5043908305466175,-0.1254688361659646,0.7241408779554007,0.5043908305466175,-0.1254688361659646,0.7241408779554007,0.5063504269897487,-0.1344906429207796,0.7271784221158171,-0.05321215132699521,-0.11082896427407003,-0.012419399878501852,0.0,0.013942191205641276,0.013942191205641276,0.001959596443131262,-0.00902180675481501,0.00303754416041635,0.009719037496976637,-0.0017433859146656072,0.004493902050050375,0.030763746205261455,0.031139085257352053,0.03410389858055692,0.022083249253469828,measured_min_over_explicit_pairs,0.007014093309986035,1785,collision_hand_left_middle_external_semantic_link2,left_object_27,22,0,0.5035904674350523,-0.11824224900141467,0.7273764997122258,0.49918426196103793,-0.11278816279779119,0.7275657137851709,measured_min_over_explicit_pairs,-0.001971149388365956,21,collision_hand_left_middle_floor_semantic_21,floor,0,0.0,,0,0.0,not_applicable_static_combination
0,0.0,AR,left,middle,target,0.5043908305466175,-0.1254688361659646,0.7241408779554007,0.5043908305466175,-0.1254688361659646,0.7241408779554007,0.5046070410750831,-0.12999674087072924,0.7579421683210785,-0.05216494177425738,-0.10571835274855174,0.018279584349849002,0.0,0.013942191205641276,0.013942191205641276,0.001959596443131262,-0.00902180675481501,0.00303754416041635,0.009719037496976637,-0.0017433859146656072,0.004493902050050375,0.030763746205261455,0.031139085257352053,0.03410389858055692,0.015593480396794784,measured_min_over_explicit_pairs,0.0011568362556828794,1764,collision_hand_left_middle_external_semantic_link2,left_object_6,21,0,0.5028337655753787,-0.11330353304476985,0.7556514686289211,0.5020993825659704,-0.11244046694470668,0.7554189420178063,measured_min_over_explicit_pairs,0.02884284217585631,21,collision_hand_left_middle_floor_semantic_21,floor,0,0.0,,0,0.0,not_applicable_static_combination
0,0.0,RA,left,middle,target,0.5043908305466175,-0.1254688361659646,0.7241408779554007,0.5043908305466175,-0.1254688361659646,0.7241408779554007,0.5063504269897487,-0.1344906429207796,0.7271784221158171,-0.053212153753828,-0.1108289637460653,-0.01241940433812346,0.0,0.013942190848785275,0.013942190848785275,0.001959596443131262,-0.00902180675481501,0.00303754416041635,0.009719037496976637,-0.0017433859146656072,0.004493902050050375,0.030763746205261455,0.031139085257352053,0.03410389858055692,0.02208324868845132,measured_min_over_explicit_pairs,0.007014093151959437,1785,collision_hand_left_middle_external_semantic_link2,left_object_27,22,0,0.5035904670193951,-0.11824224934781796,0.7273765000179296,0.49918426143656197,-0.11278816343548262,0.7275657140952049,measured_min_over_explicit_pairs,-0.001971149388365956,21,collision_hand_left_middle_floor_semantic_21,floor,0,0.0,,0,0.0,not_applicable_static_combination
0,0.0,AA,left,middle,target,0.5043908305466175,-0.1254688361659646,0.7241408779554007,0.5043908305466175,-0.1254688361659646,0.7241408779554007,0.5046070410750831,-0.12999674087072924,0.7579421683210785,-0.05216494403329739,-0.10571835224026709,0.018279579887786515,0.0,0.013942190848785275,0.013942190848785275,0.001959596443131262,-0.00902180675481501,0.00303754416041635,0.009719037496976637,-0.0017433859146656072,0.004493902050050375,0.030763746205261455,0.031139085257352053,0.03410389858055692,0.0155934790746627,measured_min_over_explicit_pairs,0.001156835108026204,1764,collision_hand_left_middle_external_semantic_link2,left_object_6,21,0,0.502833765189639,-0.11330353330588691,0.7556514688778263,0.5020993828755982,-0.11244046808988785,0.7554189424988522,measured_min_over_explicit_pairs,0.02884284217585631,21,collision_hand_left_middle_floor_semantic_21,floor,0,0.0,,0,0.0,source endpoint interval; AA solve data only; object and floor separated
0,0.0,RR,left,ring,target,0.48192174211144445,-0.1291554355993867,0.7280291273526786,0.48192174211144445,-0.1291554355993867,0.7280291273526786,0.48379035944947607,-0.13310818040630631,0.7291665939759682,-0.06979918368432435,-0.09541753674512321,-0.010943277773789072,0.0,0.0025115084837815304,0.0025115084837815304,0.0018686173380316196,-0.0039527448069196225,0.001137466623289618,0.004517715416415725,-0.003608286998242949,0.00589503792875376,0.035102906561463865,0.0357768815900156,0.036334055673265864,0.00677869396406574,measured_min_over_explicit_pairs,-0.00017528256888926994,1887,collision_hand_left_ring_link2_external_exact_mesh,left_object_external_exact_sdf,11,0,0.4770715721350514,-0.12796175022845552,0.725597309093786,0.4771777187080471,-0.12807687207941465,0.7255185446130257,measured_min_over_explicit_pairs,0.0010447613953227242,23,collision_hand_left_ring_floor_semantic_23,floor,0,0.0,,0,0.0,not_applicable_static_combination
0,0.0,AR,left,ring,target,0.48192174211144445,-0.1291554355993867,0.7280291273526786,0.48192174211144445,-0.1291554355993867,0.7280291273526786,0.4801820724512331,-0.12721314247755255,0.764269500537432,-0.06936863457274563,-0.0879661841557237,0.02404639539354654,0.0,0.0025115084837815304,0.0025115084837815304,0.0018686173380316196,-0.0039527448069196225,0.001137466623289618,0.004517715416415725,-0.003608286998242949,0.00589503792875376,0.035102906561463865,0.0357768815900156,0.036334055673265864,0.006879072789665432,measured_min_over_explicit_pairs,0.01069325602554861,1828,collision_hand_left_ring_1,left_object_6,12,0,0.46932886081198955,-0.146710207786858,0.7662030804492537,0.46546093474013994,-0.14228287203836454,0.7572709155100718,measured_min_over_explicit_pairs,0.036659233946779946,23,collision_hand_left_ring_floor_semantic_23,floor,0,0.0,,0,0.0,not_applicable_static_combination
0,0.0,RA,left,ring,target,0.48192174211144445,-0.1291554355993867,0.7280291273526786,0.48192174211144445,-0.1291554355993867,0.7280291273526786,0.48379035944947607,-0.13310818040630631,0.7291665939759682,-0.06979918552390217,-0.09541753558267489,-0.010943282258384535,0.0,0.0025115071656886356,0.0025115071656886356,0.0018686173380316196,-0.0039527448069196225,0.001137466623289618,0.004517715416415725,-0.003608286998242949,0.00589503792875376,0.035102906561463865,0.0357768815900156,0.036334055673265864,0.006778692733864838,measured_min_over_explicit_pairs,-0.00017528085097306533,1887,collision_hand_left_ring_link2_external_exact_mesh,left_object_external_exact_sdf,11,0,0.4770715732820168,-0.12796175161944925,0.7255973088495045,0.4771777187080471,-0.1280768720794144,0.7255185446130255,measured_min_over_explicit_pairs,0.0010447613953227242,23,collision_hand_left_ring_floor_semantic_23,floor,0,0.0,,0,0.0,not_applicable_static_combination
0,0.0,AA,left,ring,target,0.48192174211144445,-0.1291554355993867,0.7280291273526786,0.48192174211144445,-0.1291554355993867,0.7280291273526786,0.4801820724512331,-0.12721314247755255,0.764269500537432,-0.06936863615896381,-0.08796618298661128,0.0240463909044143,0.0,0.0025115071656886356,0.0025115071656886356,0.0018686173380316196,-0.0039527448069196225,0.001137466623289618,0.004517715416415725,-0.003608286998242949,0.00589503792875376,0.035102906561463865,0.0357768815900156,0.036334055673265864,0.006879068368907502,measured_min_over_explicit_pairs,0.010693251162584464,1828,collision_hand_left_ring_1,left_object_6,12,0,0.46932886041144145,-0.1467102077037007,0.7662030806639223,0.4654609357416757,-0.14228287389452157,0.7572709199781066,measured_min_over_explicit_pairs,0.036659233946779946,23,collision_hand_left_ring_floor_semantic_23,floor,133,669.6110473498702,1,0,0.0,source endpoint interval; AA solve data only; object and floor separated
0,0.0,RR,left,pinky,target,0.46502591893076894,-0.15598678681999445,0.7294508173398612,0.46502591893076894,-0.15598678681999445,0.7294508173398612,0.4621936761367162,-0.13546693386135292,0.7285277455200185,-0.08797637111926496,-0.08355424565758833,-0.012057170430402579,0.0,0.012410501463583336,0.012410501463583336,-0.002832242794052753,0.020519852958641532,-0.0009230718198426358,0.020734946980238967,-0.0017615980603673531,0.004882118740277913,0.03053085729802607,0.030968880484655795,0.03928084139769124,0.00016779398212019196,measured_min_over_explicit_pairs,-0.004421632126086221,1926,collision_hand_left_pinky_1,left_object_6,13,0,0.4478299602097726,-0.14967621300305328,0.7454005403543712,0.4505616295133601,-0.1529800705258262,0.7443173326441457,measured_min_over_explicit_pairs,0.0003260563422453622,25,collision_hand_left_pinky_floor_semantic_25,floor,0,0.0,,0,0.0,not_applicable_static_combination
0,0.0,AR,left,pinky,target,0.46502591893076894,-0.15598678681999445,0.7294508173398612,0.46502591893076894,-0.15598678681999445,0.7294508173398612,0.46043207807634884,-0.130584815121075,0.7590586028180446,-0.08669346916439152,-0.07813603663835761,0.01840705009254866,0.0,0.012410501463583336,0.012410501463583336,-0.002832242794052753,0.020519852958641532,-0.0009230718198426358,0.020734946980238967,-0.0017615980603673531,0.004882118740277913,0.03053085729802607,0.030968880484655795,0.03928084139769124,0.00868698341077217,measured_min_over_explicit_pairs,0.003056248773193984,1926,collision_hand_left_pinky_1,left_object_6,14,0,0.4520541503988971,-0.1526401594032375,0.760874969846529,0.4517548126073957,-0.15233872049560526,0.7578483895923157,measured_min_over_explicit_pairs,0.03091800699281222,25,collision_hand_left_pinky_floor_semantic_25,floor,0,0.0,,0,0.0,not_applicable_static_combination
0,0.0,RA,left,pinky,target,0.46502591893076894,-0.15598678681999445,0.7294508173398612,0.46502591893076894,-0.15598678681999445,0.7294508173398612,0.4621936761367162,-0.13546693386135292,0.7285277455200185,-0.08797637250478291,-0.0835542438016779,-0.012057174939047193,0.0,0.012410499211147187,0.012410499211147187,-0.002832242794052753,0.020519852958641532,-0.0009230718198426358,0.020734946980238967,-0.0017615980603673531,0.004882118740277913,0.03053085729802607,0.030968880484655795,0.03928084139769124,0.000167798400700467,measured_min_over_explicit_pairs,-0.004421633678779593,1926,collision_hand_left_pinky_1,left_object_6,13,0,0.4478299598701948,-0.14967621328850547,0.7454005403686611,0.4505616302581551,-0.15298007186627538,0.7443173322727927,measured_min_over_explicit_pairs,0.0003260563422453622,25,collision_hand_left_pinky_floor_semantic_25,floor,0,0.0,,0,0.0,not_applicable_static_combination
0,0.0,AA,left,pinky,target,0.46502591893076894,-0.15598678681999445,0.7294508173398612,0.46502591893076894,-0.15598678681999445,0.7294508173398612,0.46043207807634884,-0.130584815121075,0.7590586028180446,-0.08669347037015997,-0.07813603481132353,0.01840704558147028,0.0,0.012410499211147187,0.012410499211147187,-0.002832242794052753,0.020519852958641532,-0.0009230718198426358,0.020734946980238967,-0.0017615980603673531,0.004882118740277913,0.03053085729802607,0.030968880484655795,0.03928084139769124,0.00868698381992952,measured_min_over_explicit_pairs,0.003056243970984916,1926,collision_hand_left_pinky_1,left_object_6,14,0,0.45205415139549654,-0.15264016069249275,0.7608749696195564,0.4517548143281581,-0.15233872258686063,0.7578483940631275,measured_min_over_explicit_pairs,0.03091800699281222,25,collision_hand_left_pinky_floor_semantic_25,floor,115,546.0017072651535,1,0,0.0,source endpoint interval; AA solve data only; object and floor separated
1,0.03333333333333333,RR,right,palm,tool,0.7379893012344837,-0.22383754048496485,0.7577801301412223,0.7379893012344837,-0.22383754048496485,0.7577801301412223,0.7452816606379904,-0.25455405080866844,0.7550394736873844,-0.07864932448575439,-0.2589548400304066,0.005714030075671892,0.0,0.18087181730670726,0.18087181730670726,0.0072923594035066985,-0.030716510323703594,-0.0027406564538378086,0.03168901560373981,-0.0011531353808797995,0.00034295285296470635,0.01790104278447835,0.017941423316942217,0.03449754163302872,0.21215158384533683,measured_min_over_explicit_pairs,0.11215307474709169,118,collision_hand_right_palm_0,right_object_9,3,0,0.7367875040691223,-0.15510594719660065,0.7612300237684757,0.7277442295518246,-0.04350311112587055,0.7676595138105597,measured_min_over_explicit_pairs,0.004610330168958177,0,collision_hand_right_palm_floor_semantic_00,floor,0,0.0,,0,0.0,not_applicable_static_combination
1,0.03333333333333333,AR,right,palm,tool,0.7379893012344837,-0.22383754048496485,0.7577801301412223,0.7379893012344837,-0.22383754048496485,0.7577801301412223,0.7441285252571106,-0.25421109795570374,0.7729405164718628,-0.07966621712128837,-0.257697992208658,0.023582464074164332,0.0,0.18087181730670726,0.18087181730670726,0.0072923594035066985,-0.030716510323703594,-0.0027406564538378086,0.03168901560373981,-0.0011531353808797995,0.00034295285296470635,0.01790104278447835,0.017941423316942217,0.03449754163302872,0.21126172456149372,measured_min_over_explicit_pairs,0.11067776265860495,118,collision_hand_right_palm_0,right_object_9,2,0,0.7367396931150514,-0.15362682244813258,0.7612239107301763,0.7277442295518245,-0.04350311112587054,0.7676595138105597,measured_min_over_explicit_pairs,0.022195684647003056,0,collision_hand_right_palm_floor_semantic_00,floor,0,0.0,,0,0.0,not_applicable_static_combination
1,0.03333333333333333,RA,right,palm,tool,0.7379893012344837,-0.22383754048496485,0.7577801301412223,0.7379893012344837,-0.22383754048496485,0.7577801301412223,0.7452816606379904,-0.25455405080866844,0.7550394736873844,-0.0782867090346702,-0.2598359952615919,0.0011452326539861412,0.0,0.18178609254360617,0.18178609254360617,0.0072923594035066985,-0.030716510323703594,-0.0027406564538378086,0.03168901560373981,-0.0011531353808797995,0.00034295285296470635,0.01790104278447835,0.017941423316942217,0.03449754163302872,0.2130656822803828,measured_min_over_explicit_pairs,0.0,135,collision_hand_right_palm_0,right_object_26,3,0,0.9430294549304112,-0.1905321744255716,0.9449462222436424,0.9241410446907176,-0.04788214404707059,0.9501254899769294,measured_min_over_explicit_pairs,0.004610330168958177,0,collision_hand_right_palm_floor_semantic_00,floor,0,0.0,,0,0.0,not_applicable_static_combination
1,0.03333333333333333,AA,right,palm,tool,0.7379893012344837,-0.22383754048496485,0.7577801301412223,0.7379893012344837,-0.22383754048496485,0.7577801301412223,0.7441285252571106,-0.25421109795570374,0.7729405164718628,-0.07920297531694999,-0.2590499003965909,0.01904599190047885,0.0,0.18178609254360617,0.18178609254360617,0.0072923594035066985,-0.030716510323703594,-0.0027406564538378086,0.03168901560373981,-0.0011531353808797995,0.00034295285296470635,0.01790104278447835,0.017941423316942217,0.03449754163302872,0.21232319994901144,measured_min_over_explicit_pairs,0.11158231794522849,118,collision_hand_right_palm_0,right_object_9,2,0,0.735375116019868,-0.15360260389430663,0.7589021328979405,0.7263061336762981,-0.04257886547657087,0.7653903333443091,measured_min_over_explicit_pairs,0.022195684647003056,0,collision_hand_right_palm_floor_semantic_00,floor,0,0.0,,0,0.0,source endpoint interval; AA solve data only; object and floor separated
1,0.03333333333333333,RR,right,thumb,tool,0.6589281655848026,-0.1373127857223153,0.7232477619580863,0.6589281655848026,-0.1373127857223153,0.7232477619580863,0.6616692972784592,-0.14105502820383603,0.714438650442473,-0.11416776072519419,-0.12379501332588431,-0.038914931589276475,0.0,0.11267468953319082,0.11267468953319082,0.00274113169365664,-0.003742242481520719,-0.008809111515613255,0.009955833839863808,-0.0019747045046947242,0.0004718680568325251,0.02049741924067061,0.020597725915055144,0.012161385488063035,0.11760720951922957,measured_min_over_explicit_pairs,0.1344917884942003,264,collision_hand_right_thumb_external_semantic_rota1,right_object_3,25,0,0.6684498012304276,-0.16456420096952404,0.7227965318529256,0.7055806129096979,-0.03965329248235867,0.7560622640306227,measured_min_over_explicit_pairs,-0.0209799454132944,3,collision_hand_right_thumb_floor_semantic_03,floor,0,0.0,,0,0.0,not_applicable_static_combination
1,0.03333333333333333,AR,right,thumb,tool,0.6589281655848026,-0.1373127857223153,0.7232477619580863,0.6589281655848026,-0.1373127857223153,0.7232477619580863,0.6596945927737645,-0.1405831601470035,0.7349360696831436,-0.11591072545183624,-0.12204041270146086,-0.01846622103134181,0.0,0.11267468953319082,0.11267468953319082,0.00274113169365664,-0.003742242481520719,-0.008809111515613255,0.009955833839863808,-0.0019747045046947242,0.0004718680568325251,0.02049741924067061,0.020597725915055144,0.012161385488063035,0.11253182108305214,measured_min_over_explicit_pairs,0.1306979467767994,284,collision_hand_right_thumb_external_semantic_rota1,right_object_23,26,0,0.666379541303246,-0.16377642482043875,0.7413411048020058,0.7052716168719273,-0.04050572846087837,0.7606723015745838,measured_min_over_explicit_pairs,-0.00010450470374190335,3,collision_hand_right_thumb_floor_semantic_03,floor,0,0.0,,0,0.0,not_applicable_static_combination
1,0.03333333333333333,RA,right,thumb,tool,0.6589281655848026,-0.1373127857223153,0.7232477619580863,0.6589281655848026,-0.1373127857223153,0.7232477619580863,0.6616692972784592,-0.14105502820383603,0.714438650442473,-0.11411019938794315,-0.12356882912757036,-0.03971329472641512,0.0,0.1127803701787668,0.1127803701787668,0.00274113169365664,-0.003742242481520719,-0.008809111515613255,0.009955833839863808,-0.0019747045046947242,0.0004718680568325251,0.02049741924067061,0.020597725915055144,0.012161385488063035,0.11765086499739347,measured_min_over_explicit_pairs,0.13474952524432543,264,collision_hand_right_thumb_external_semantic_rota1,right_object_3,26,0,0.6684073897334748,-0.16448239973996728,0.722528939672563,0.7055788675886332,-0.03885923279439284,0.7540651999803247,measured_min_over_explicit_pairs,-0.0209799454132944,3,collision_hand_right_thumb_floor_semantic_03,floor,0,0.0,,0,0.0,not_applicable_static_combination
1,0.03333333333333333,AA,right,thumb,tool,0.6589281655848026,-0.1373127857223153,0.7232477619580863,0.6589281655848026,-0.1373127857223153,0.7232477619580863,0.6596945927737645,-0.1405831601470035,0.7349360696831436,-0.11573812183627583,-0.1223533831856426,-0.019216005331565846,0.0,0.1127803701787668,0.1127803701787668,0.00274113169365664,-0.003742242481520719,-0.008809111515613255,0.009955833839863808,-0.0019747045046947242,0.0004718680568325251,0.02049741924067061,0.020597725915055144,0.012161385488063035,0.1127785811210112,measured_min_over_explicit_pairs,0.13111795243133517,284,collision_hand_right_thumb_external_semantic_rota1,right_object_23,26,0,0.6663066644521956,-0.16373229697210873,0.7412015399190135,0.7047840604287924,-0.03975058877341932,0.7596390961773973,measured_min_over_explicit_pairs,-0.00010450470374190335,3,collision_hand_right_thumb_floor_semantic_03,floor,0,0.0,,40,337.9501746445894,source endpoint interval; AA solve data only; object and floor separated
1,0.03333333333333333,RR,right,index,tool,0.6805222280323505,-0.07746069971472025,0.7244980885915396,0.6805222280323505,-0.07746069971472025,0.7244980885915396,0.6850877511926354,-0.07946892464178726,0.7271225295605159,-0.0696758842200264,-0.07489657221257158,-0.027444608712229788,0.0,0.052613145710510525,0.052613145710510525,0.004565523160284912,-0.0020082249270670094,0.0026244409689762938,0.00563601450356832,-0.0014118123962167939,0.0002262667256679174,0.018294855729556803,0.018350644594633543,0.021230596811587524,0.05155215739763005,measured_min_over_explicit_pairs,0.05274237705920144,389,collision_hand_right_index_1,right_object_3,1,0,0.6964698506577736,-0.09052443627347868,0.7445485937681683,0.7090084277170114,-0.04074753384099907,0.756664798100051,measured_min_over_explicit_pairs,-0.0009820801258970668,6,collision_hand_right_index_floor_semantic_06,floor,0,0.0,,0,0.0,not_applicable_static_combination
1,0.03333333333333333,AR,right,index,tool,0.6805222280323505,-0.07746069971472025,0.7244980885915396,0.6805222280323505,-0.07746069971472025,0.7244980885915396,0.6836759387964186,-0.07924265791611934,0.7454173852900727,-0.07097786253529494,-0.0736411817765409,-0.009183310720075822,0.0,0.052613145710510525,0.052613145710510525,0.004565523160284912,-0.0020082249270670094,0.0026244409689762938,0.00563601450356832,-0.0014118123962167939,0.0002262667256679174,0.018294855729556803,0.018350644594633543,0.021230596811587524,0.0459828105201109,measured_min_over_explicit_pairs,0.05002497266242571,409,collision_hand_right_index_1,right_object_23,1,0,0.6954005517384143,-0.09002278729841665,0.7609244346626908,0.7082176039692252,-0.04180011946565703,0.7645014961774592,measured_min_over_explicit_pairs,0.017290044932591897,6,collision_hand_right_index_floor_semantic_06,floor,0,0.0,,0,0.0,not_applicable_static_combination
1,0.03333333333333333,RA,right,index,tool,0.6805222280323505,-0.07746069971472025,0.7244980885915396,0.6805222280323505,-0.07746069971472025,0.7244980885915396,0.6850877511926354,-0.07946892464178726,0.7271225295605159,-0.06957334892983506,-0.07496476231704782,-0.027212632107285743,0.0,0.05241202436126978,0.05241202436126978,0.004565523160284912,-0.0020082249270670094,0.0026244409689762938,0.00563601450356832,-0.0014118123962167939,0.0002262667256679174,0.018294855729556803,0.018350644594633543,0.021230596811587524,0.051441803110770686,measured_min_over_explicit_pairs,0.05308023485487988,389,collision_hand_right_index_1,right_object_3,1,0,0.696392068795652,-0.09045164824867066,0.7443183818663839,0.7086669090069543,-0.04003391717497232,0.7554938918510079,measured_min_over_explicit_pairs,-0.0009820801258970668,6,collision_hand_right_index_floor_semantic_06,floor,0,0.0,,0,0.0,not_applicable_static_combination
1,0.03333333333333333,AA,right,index,tool,0.6805222280323505,-0.07746069971472025,0.7244980885915396,0.6805222280323505,-0.07746069971472025,0.7244980885915396,0.6836759387964186,-0.07924265791611934,0.7454173852900727,-0.07077247281652185,-0.07419060725418197,-0.008917579691903878,0.0,0.05241202436126978,0.05241202436126978,0.004565523160284912,-0.0020082249270670094,0.0026244409689762938,0.00563601450356832,-0.0014118123962167939,0.0002262667256679174,0.018294855729556803,0.018350644594633543,0.021230596811587524,0.04617460146277429,measured_min_over_explicit_pairs,0.050624347261967795,409,collision_hand_right_index_1,right_object_23,1,0,0.6953586883152759,-0.09000381546954699,0.7608097853349821,0.7081526991179966,-0.0411233309955237,0.7639460348252078,measured_min_over_explicit_pairs,0.017290044932591897,6,collision_hand_right_index_floor_semantic_06,floor,0,0.0,,0,0.0,source endpoint interval; AA solve data only; object and floor separated
1,0.03333333333333333,RR,right,middle,tool,0.713343421369791,-0.06026597414165735,0.7225838258199332,0.713343421369791,-0.06026597414165735,0.7225838258199332,0.7131727486239975,-0.07107443999942291,0.7283365838451535,-0.040483240874387635,-0.07745027211466082,-0.026038702513027766,0.0,0.03171013147122248,0.03171013147122248,-0.00017067274579352087,-0.010808465857765556,0.00575275802522035,0.012245255745854292,-0.0017642527466728009,0.0001641446863672874,0.017929433344468393,0.018016773054183154,0.026036353391591407,0.03755945430222114,measured_min_over_explicit_pairs,0.022572788580887036,591,collision_hand_right_middle_0,right_object_3,0,0,0.7145829774884843,-0.058164851040453686,0.7358251611891096,0.7165942462552595,-0.03844850509479692,0.7466303120356458,measured_min_over_explicit_pairs,0.0010064063335408768,8,collision_hand_right_middle_floor_semantic_08,floor,0,0.0,,0,0.0,not_applicable_static_combination
1,0.03333333333333333,AR,right,middle,tool,0.713343421369791,-0.06026597414165735,0.7225838258199332,0.713343421369791,-0.06026597414165735,0.7225838258199332,0.7114084958773247,-0.07091029531305562,0.7462660171896219,-0.04213414942327368,-0.07613271185605441,-0.008146172026422574,0.0,0.03171013147122248,0.03171013147122248,-0.00017067274579352087,-0.010808465857765556,0.00575275802522035,0.012245255745854292,-0.0017642527466728009,0.0001641446863672874,0.017929433344468393,0.018016773054183154,0.026036353391591407,0.030948773982937532,measured_min_over_explicit_pairs,0.016176219008118664,591,collision_hand_right_middle_0,right_object_3,0,0,0.7130912432275214,-0.05711355671260816,0.7514638366450932,0.7149469235948394,-0.04156901553790322,0.7555373795061507,measured_min_over_explicit_pairs,0.018900853166642584,8,collision_hand_right_middle_floor_semantic_08,floor,0,0.0,,0,0.0,not_applicable_static_combination
1,0.03333333333333333,RA,right,middle,tool,0.713343421369791,-0.06026597414165735,0.7225838258199332,0.713343421369791,-0.06026597414165735,0.7225838258199332,0.7131727486239975,-0.07107443999942291,0.7283365838451535,-0.04037221685521391,-0.07753873226294311,-0.026039199018136307,0.0,0.031492871398337625,0.031492871398337625,-0.00017067274579352087,-0.010808465857765556,0.00575275802522035,0.012245255745854292,-0.0017642527466728009,0.0001641446863672874,0.017929433344468393,0.018016773054183154,0.026036353391591407,0.03758506531401298,measured_min_over_explicit_pairs,0.022607594592201685,591,collision_hand_right_middle_0,right_object_3,0,0,0.7145150751535262,-0.05805732976216548,0.7356361851476977,0.7163759343412232,-0.03806750253730072,0.7460307675755283,measured_min_over_explicit_pairs,0.0010064063335408768,8,collision_hand_right_middle_floor_semantic_08,floor,0,0.0,,0,0.0,not_applicable_static_combination
1,0.03333333333333333,AA,right,middle,tool,0.713343421369791,-0.06026597414165735,0.7225838258199332,0.713343421369791,-0.06026597414165735,0.7225838258199332,0.7114084958773247,-0.07091029531305562,0.7462660171896219,-0.04192237636290233,-0.07669292279918026,-0.008109176063949309,0.0,0.031492871398337625,0.031492871398337625,-0.00017067274579352087,-0.010808465857765556,0.00575275802522035,0.012245255745854292,-0.0017642527466728009,0.0001641446863672874,0.017929433344468393,0.018016773054183154,0.026036353391591407,0.031320763864462135,measured_min_over_explicit_pairs,0.016582752106642944,591,collision_hand_right_middle_0,right_object_3,0,0,0.7130600680203464,-0.057060090956653806,0.7512654383704159,0.714910687397247,-0.04103623077476878,0.7551123566465963,measured_min_over_explicit_pairs,0.018900853166642584,8,collision_hand_right_middle_floor_semantic_08,floor,0,0.0,,0,0.0,source endpoint interval; AA solve data only; object and floor separated
1,0.03333333333333333,RR,right,ring,tool,0.7339075304567814,-0.0663957605138421,0.7250055625371573,0.7339075304567814,-0.0663957605138421,0.7250055625371573,0.7337015568348795,-0.07022665994288402,0.7264396341413194,-0.021090161180382015,-0.08430764579237647,-0.027661663383916717,0.0,0.03551187882383059,0.03551187882383059,-0.00020597362190188928,-0.003830899429041912,0.0014340716041620905,0.004095702251655637,-0.001759850634299287,0.00024724842858385443,0.017801880866816888,0.017890365240453364,0.019665423640621505,0.037981899573274996,measured_min_over_explicit_pairs,0.023171027616368203,744,collision_hand_right_ring_0,right_object_3,0,0,0.7330129317783504,-0.05762755979533016,0.7343027458161805,0.7299714989632611,-0.03767826752446886,0.7456901048217424,measured_min_over_explicit_pairs,-0.0005212313716325134,10,collision_hand_right_ring_floor_semantic_10,floor,0,0.0,,0,0.0,not_applicable_static_combination
1,0.03333333333333333,AR,right,ring,tool,0.7339075304567814,-0.0663957605138421,0.7250055625371573,0.7339075304567814,-0.0663957605138421,0.7250055625371573,0.7319417062005802,-0.06997941151430016,0.7442415150081363,-0.022705714939992315,-0.08291818346552637,-0.009898652689530045,0.0,0.03551187882383059,0.03551187882383059,-0.00020597362190188928,-0.003830899429041912,0.0014340716041620905,0.004095702251655637,-0.001759850634299287,0.00024724842858385443,0.017801880866816888,0.017890365240453364,0.019665423640621505,0.03049654535453719,measured_min_over_explicit_pairs,0.015943138148448097,744,collision_hand_right_ring_0,right_object_3,0,0,0.7313948527721627,-0.05643821588076389,0.7499159776538015,0.7294938550839554,-0.041225138538158596,0.7542900077837662,measured_min_over_explicit_pairs,0.01725196616364344,10,collision_hand_right_ring_floor_semantic_10,floor,0,0.0,,0,0.0,not_applicable_static_combination
1,0.03333333333333333,RA,right,ring,tool,0.7339075304567814,-0.0663957605138421,0.7250055625371573,0.7339075304567814,-0.0663957605138421,0.7250055625371573,0.7337015568348795,-0.07022665994288402,0.7264396341413194,-0.020985937936920756,-0.08434056451304711,-0.027951366245631052,0.0,0.035595059207757254,0.035595059207757254,-0.00020597362190188928,-0.003830899429041912,0.0014340716041620905,0.004095702251655637,-0.001759850634299287,0.00024724842858385443,0.017801880866816888,0.017890365240453364,0.019665423640621505,0.03812621749516388,measured_min_over_explicit_pairs,0.023338734526321646,744,collision_hand_right_ring_0,right_object_3,0,0,0.7329454963535936,-0.05751942366716845,0.7340889920828496,0.7297246645549229,-0.037173366674469695,0.7450598961779842,measured_min_over_explicit_pairs,-0.0005212313716325134,10,collision_hand_right_ring_floor_semantic_10,floor,0,0.0,,0,0.0,not_applicable_static_combination
1,0.03333333333333333,AA,right,ring,tool,0.7339075304567814,-0.0663957605138421,0.7250055625371573,0.7339075304567814,-0.0663957605138421,0.7250055625371573,0.7319417062005802,-0.06997941151430016,0.7442415150081363,-0.022501504327831157,-0.08341945357627484,-0.010149125330686565,0.0,0.035595059207757254,0.035595059207757254,-0.00020597362190188928,-0.003830899429041912,0.0014340716041620905,0.004095702251655637,-0.001759850634299287,0.00024724842858385443,0.017801880866816888,0.017890365240453364,0.019665423640621505,0.030978184538513996,measured_min_over_explicit_pairs,0.016472877093040614,744,collision_hand_right_ring_0,right_object_3,0,0,0.7313605232177413,-0.0563788683958268,0.7496839784992436,0.7293398108682553,-0.04056254728677609,0.753821174155537,measured_min_over_explicit_pairs,0.01725196616364344,10,collision_hand_right_ring_floor_semantic_10,floor,0,0.0,,0,0.0,source endpoint interval; AA solve data only; object and floor separated
1,0.03333333333333333,RR,right,pinky,tool,0.7602547951042652,-0.09105048421770334,0.7227529838018057,0.7602547951042652,-0.09105048421770334,0.7227529838018057,0.7534048235153523,-0.07058160166968803,0.7218242088967775,-0.002898027748636321,-0.09205448782808076,-0.03198365035458414,0.0,0.06343198863710793,0.06343198863710793,-0.006849971588912873,0.020468882548015307,-0.0009287749050282956,0.021604626503542463,-0.0019191424901459087,0.00016616054471263464,0.017258569369354215,0.017365740234752857,0.027737421517102408,0.04470133456352704,measured_min_over_explicit_pairs,0.03021236174789596,896,collision_hand_right_pinky_0,right_object_3,0,0,0.7509453898544073,-0.058646982724524364,0.7299481046310587,0.7414959407923607,-0.034385988149449785,0.7452745150730936,measured_min_over_explicit_pairs,-0.005004929175785766,12,collision_hand_right_pinky_floor_semantic_12,floor,0,0.0,,0,0.0,not_applicable_static_combination
1,0.03333333333333333,AR,right,pinky,tool,0.7602547951042652,-0.09105048421770334,0.7227529838018057,0.7602547951042652,-0.09105048421770334,0.7227529838018057,0.7514856810252064,-0.0704154411249754,0.7390827782661317,-0.00468936948450165,-0.09069697277477348,-0.01476397609615796,0.0,0.06343198863710793,0.06343198863710793,-0.006849971588912873,0.020468882548015307,-0.0009287749050282956,0.021604626503542463,-0.0019191424901459087,0.00016616054471263464,0.017258569369354215,0.017365740234752857,0.027737421517102408,0.03665393762911669,measured_min_over_explicit_pairs,0.02240338201968143,896,collision_hand_right_pinky_0,right_object_3,0,0,0.7489276297257772,-0.05753433659178145,0.7451547338544923,0.741664613769509,-0.0374763734451332,0.7519985806928192,measured_min_over_explicit_pairs,0.012203234700361776,12,collision_hand_right_pinky_floor_semantic_12,floor,0,0.0,,0,0.0,not_applicable_static_combination
1,0.03333333333333333,RA,right,pinky,tool,0.7602547951042652,-0.09105048421770334,0.7227529838018057,0.7602547951042652,-0.09105048421770334,0.7227529838018057,0.7534048235153523,-0.07058160166968803,0.7218242088967775,-0.00281550821759065,-0.09196124950949679,-0.03257818974550495,0.0,0.06381611135110714,0.06381611135110714,-0.006849971588912873,0.020468882548015307,-0.0009287749050282956,0.021604626503542463,-0.0019191424901459087,0.00016616054471263464,0.017258569369354215,0.017365740234752857,0.027737421517102408,0.04491742283571481,measured_min_over_explicit_pairs,0.030448238992098822,896,collision_hand_right_pinky_0,right_object_3,0,0,0.7508938520549364,-0.05855288243927,0.7297628558327588,0.7412137047005849,-0.033815955985107046,0.7446448743288951,measured_min_over_explicit_pairs,-0.005004929175785766,12,collision_hand_right_pinky_floor_semantic_12,floor,0,0.0,,0,0.0,not_applicable_static_combination
1,0.03333333333333333,AA,right,pinky,tool,0.7602547951042652,-0.09105048421770334,0.7227529838018057,0.7602547951042652,-0.09105048421770334,0.7227529838018057,0.7514856810252064,-0.0704154411249754,0.7390827782661317,-0.004509921530739748,-0.09105788547976702,-0.015318936260636962,0.0,0.06381611135110714,0.06381611135110714,-0.006849971588912873,0.020468882548015307,-0.0009287749050282956,0.021604626503542463,-0.0019191424901459087,0.00016616054471263464,0.017258569369354215,0.017365740234752857,0.027737421517102408,0.03715743602170626,measured_min_over_explicit_pairs,0.022951127689352008,896,collision_hand_right_pinky_0,right_object_3,0,0,0.7488470606820586,-0.0574871832411107,0.7449206369640169,0.7412215544626581,-0.03683059587711236,0.7513945318955345,measured_min_over_explicit_pairs,0.012203234700361776,12,collision_hand_right_pinky_floor_semantic_12,floor,0,0.0,,0,0.0,source endpoint interval; AA solve data only; object and floor separated
1,0.03333333333333333,RR,left,palm,target,0.4790318481624126,-0.28435602877289057,0.7594221785001395,0.4790318481624126,-0.28435602877289057,0.7594221785001395,0.4826651826725621,-0.3174568593164639,0.7497723332898382,-0.18791747048511523,-0.23686962013102858,0.010315698463973734,0.0,0.12160543914711248,0.12160543914711248,0.0036333345101494663,-0.03310083054357332,-0.009649845210301322,0.034669664188159866,-0.0015135720596928248,0.004186677898998681,0.02844832024409738,0.02879454977804945,0.03455291998654213,0.15341101837481125,measured_min_over_explicit_pairs,0.044389941425677495,1244,collision_hand_left_palm_0,left_object_7,17,0,0.43950970166982783,-0.21721065212337742,0.760518993355739,0.42317762869742176,-0.17615652056364411,0.7562424791122001,measured_min_over_explicit_pairs,-0.0020623812114336504,13,collision_hand_left_palm_floor_semantic_13,floor,0,0.0,,0,0.0,not_applicable_static_combination
1,0.03333333333333333,AR,left,palm,target,0.4790318481624126,-0.28435602877289057,0.7594221785001395,0.4790318481624126,-0.28435602877289057,0.7594221785001395,0.48115161061286926,-0.3132701814174652,0.7782206535339355,-0.18686599543694607,-0.2321802376909717,0.038706369281595,0.0,0.12160543914711248,0.12160543914711248,0.0036333345101494663,-0.03310083054357332,-0.009649845210301322,0.034669664188159866,-0.0015135720596928248,0.004186677898998681,0.02844832024409738,0.02879454977804945,0.03455291998654213,0.15047870151488452,measured_min_over_explicit_pairs,0.0433905414938238,1244,collision_hand_left_palm_0,left_object_7,17,0,0.449800609409992,-0.21101565370577685,0.762584536815504,0.4290553426923472,-0.1734002312611868,0.7564646516649431,measured_min_over_explicit_pairs,0.026820388156565733,13,collision_hand_left_palm_floor_semantic_13,floor,0,0.0,,0,0.0,not_applicable_static_combination
1,0.03333333333333333,RA,left,palm,target,0.4790318481624126,-0.28435602877289057,0.7594221785001395,0.4790318481624126,-0.28435602877289057,0.7594221785001395,0.4826651826725621,-0.3174568593164639,0.7497723332898382,-0.1874195472187033,-0.23681006503661117,0.01473417870437098,0.0,0.12160226045846362,0.12160226045846362,0.0036333345101494663,-0.03310083054357332,-0.009649845210301322,0.034669664188159866,-0.0015135720596928248,0.004186677898998681,0.02844832024409738,0.02879454977804945,0.03455291998654213,0.15315956333535405,measured_min_over_explicit_pairs,0.04458325387097767,1244,collision_hand_left_palm_0,left_object_7,17,0,0.4407261051384125,-0.21701446948677774,0.757756864723065,0.42300292960552266,-0.1764023537205725,0.7528363334766682,measured_min_over_explicit_pairs,-0.0020623812114336504,13,collision_hand_left_palm_floor_semantic_13,floor,0,0.0,,0,0.0,not_applicable_static_combination
1,0.03333333333333333,AA,left,palm,target,0.4790318481624126,-0.28435602877289057,0.7594221785001395,0.4790318481624126,-0.28435602877289057,0.7594221785001395,0.48115161061286926,-0.3132701814174652,0.7782206535339355,-0.18592953921721528,-0.23205612757918978,0.043094468754492035,0.0,0.12160226045846362,0.12160226045846362,0.0036333345101494663,-0.03310083054357332,-0.009649845210301322,0.034669664188159866,-0.0015135720596928248,0.004186677898998681,0.02844832024409738,0.02879454977804945,0.03455291998654213,0.15085568797632842,measured_min_over_explicit_pairs,0.043756155375587885,1244,collision_hand_left_palm_0,left_object_7,17,0,0.45096618221904516,-0.2108046137659755,0.7599306042800568,0.42882648297404174,-0.17367525832240438,0.7531596505113225,measured_min_over_explicit_pairs,0.026820388156565733,13,collision_hand_left_palm_floor_semantic_13,floor,0,0.0,,0,0.0,source endpoint interval; AA solve data only; object and floor separated
1,0.03333333333333333,RR,left,thumb,target,0.5448536625131964,-0.1896952698007226,0.7278934671811698,0.5448536625131964,-0.1896952698007226,0.7278934671811698,0.5453769641845423,-0.19440649686019887,0.7247180065787405,-0.061007737306977186,-0.18194942084205687,-0.013758558797349892,0.0,0.08918856888376495,0.08918856888376495,0.0005233016713458438,-0.0047112270594762695,-0.0031754606024292364,0.005705528466562499,-0.0017985185590732033,0.004468464052490406,0.029482844593247903,0.02987373370212262,0.026339391876592143,0.09322269709980943,measured_min_over_explicit_pairs,0.08767110361124063,1460,collision_hand_left_thumb_0,left_object_27,52,0,0.5473424897096608,-0.18651890839356308,0.7248535665296945,0.492278246164419,-0.11833875377266628,0.727223800078061,measured_min_over_explicit_pairs,-0.009618437199348517,16,collision_hand_left_thumb_floor_semantic_16,floor,0,0.0,,0,0.0,not_applicable_static_combination
1,0.03333333333333333,AR,left,thumb,target,0.5448536625131964,-0.1896952698007226,0.7278934671811698,0.5448536625131964,-0.1896952698007226,0.7278934671811698,0.5435784456254691,-0.18993803280770846,0.7542008511719884,-0.06001354416490642,-0.17684358234855593,0.01565881631634576,0.0,0.08918856888376495,0.08918856888376495,0.0005233016713458438,-0.0047112270594762695,-0.0031754606024292364,0.005705528466562499,-0.0017985185590732033,0.004468464052490406,0.029482844593247903,0.02987373370212262,0.026339391876592143,0.08618767016698287,measured_min_over_explicit_pairs,0.08095138330273523,1439,collision_hand_left_thumb_0,left_object_6,52,0,0.5453090980360027,-0.182185504786037,0.7539221936981199,0.4930738643717747,-0.1203421009574635,0.7539372125474129,measured_min_over_explicit_pairs,0.019800635491900143,16,collision_hand_left_thumb_floor_semantic_16,floor,0,0.0,,0,0.0,not_applicable_static_combination
1,0.03333333333333333,RA,left,thumb,target,0.5448536625131964,-0.1896952698007226,0.7278934671811698,0.5448536625131964,-0.1896952698007226,0.7278934671811698,0.5453769641845423,-0.19440649686019887,0.7247180065787405,-0.06096881355439087,-0.18179432279202468,-0.011445175546742703,0.0,0.0890931148625068,0.0890931148625068,0.0005233016713458438,-0.0047112270594762695,-0.0031754606024292364,0.005705528466562499,-0.0017985185590732033,0.004468464052490406,0.029482844593247903,0.02987373370212262,0.026339391876592143,0.09308272408010752,measured_min_over_explicit_pairs,0.08748667441432045,1460,collision_hand_left_thumb_0,left_object_27,52,0,0.5473542275273809,-0.18650892441249364,0.7248384906056673,0.49247427997839877,-0.11841396586031576,0.7271158085183563,measured_min_over_explicit_pairs,-0.009618437199348517,16,collision_hand_left_thumb_floor_semantic_16,floor,0,0.0,,0,0.0,not_applicable_static_combination
1,0.03333333333333333,AA,left,thumb,target,0.5448536625131964,-0.1896952698007226,0.7278934671811698,0.5448536625131964,-0.1896952698007226,0.7278934671811698,0.5435784456254691,-0.18993803280770846,0.7542008511719884,-0.0595205161014277,-0.17662170774736555,0.017941665954052232,0.0,0.0890931148625068,0.0890931148625068,0.0005233016713458438,-0.0047112270594762695,-0.0031754606024292364,0.005705528466562499,-0.0017985185590732033,0.004468464052490406,0.029482844593247903,0.02987373370212262,0.026339391876592143,0.08604585000533904,measured_min_over_explicit_pairs,0.08079285192016554,1439,collision_hand_left_thumb_0,left_object_6,53,0,0.5453260608464832,-0.18217548776513282,0.7536057095013271,0.49328448713001516,-0.12039924157151462,0.7519160548819752,measured_min_over_explicit_pairs,0.019800635491900143,16,collision_hand_left_thumb_floor_semantic_16,floor,0,0.0,,0,0.0,source endpoint interval; AA solve data only; object and floor separated
1,0.03333333333333333,RR,left,index,target,0.5297790098935365,-0.13486506137996912,0.7284482672147391,0.5297790098935365,-0.13486506137996912,0.7284482672147391,0.5281500022894373,-0.13743405147420776,0.7289515905957391,-0.03824615996223099,-0.12691036062424083,-0.01013041462396298,0.0,0.03729272454808434,0.03729272454808434,-0.0016290076040992307,-0.002568990094238638,0.0005033233810000093,0.0030832953644389376,-0.001518179712600265,0.004418147961099295,0.029943747901776008,0.030305988508066057,0.03066509942135213,0.038301004045008274,measured_min_over_explicit_pairs,0.02345821935152189,1591,collision_hand_left_index_0,left_object_27,23,0,0.5210935495840241,-0.12520010490085934,0.7303304636816867,0.5063464555865578,-0.10702838624355947,0.7287180385473162,measured_min_over_explicit_pairs,0.0006303015088089392,19,collision_hand_left_index_floor_semantic_19,floor,0,0.0,,0,0.0,not_applicable_static_combination
1,0.03333333333333333,AR,left,index,target,0.5297790098935365,-0.13486506137996912,0.7284482672147391,0.5297790098935365,-0.13486506137996912,0.7284482672147391,0.526631822576837,-0.13301590351310846,0.7588953384975151,-0.03707425414527839,-0.12201319965158891,0.01975432045291464,0.0,0.03729272454808434,0.03729272454808434,-0.0016290076040992307,-0.002568990094238638,0.0005033233810000093,0.0030832953644389376,-0.001518179712600265,0.004418147961099295,0.029943747901776008,0.030305988508066057,0.03066509942135213,0.032103204708828846,measured_min_over_explicit_pairs,0.01824414498854368,1570,collision_hand_left_index_0,left_object_6,23,0,0.519522519178935,-0.12108863636312843,0.7590008797562583,0.5079412528879788,-0.1074767039650403,0.7553350382633887,measured_min_over_explicit_pairs,0.03065984866361282,19,collision_hand_left_index_floor_semantic_19,floor,0,0.0,,0,0.0,not_applicable_static_combination
1,0.03333333333333333,RA,left,index,target,0.5297790098935365,-0.13486506137996912,0.7284482672147391,0.5297790098935365,-0.13486506137996912,0.7284482672147391,0.5281500022894373,-0.13743405147420776,0.7289515905957391,-0.03821997195415636,-0.1267205452462648,-0.008295538153054024,0.0,0.03716277549428209,0.03716277549428209,-0.0016290076040992307,-0.002568990094238638,0.0005033233810000093,0.0030832953644389376,-0.001518179712600265,0.004418147961099295,0.029943747901776008,0.030305988508066057,0.03066509942135213,0.03811346904951932,measured_min_over_explicit_pairs,0.023462062881059093,1591,collision_hand_left_index_0,left_object_27,23,0,0.5211366521717012,-0.12521953520381943,0.7298718784483601,0.5064882694878041,-0.10709042668663693,0.7271832535669209,measured_min_over_explicit_pairs,0.0006303015088089392,19,collision_hand_left_index_floor_semantic_19,floor,0,0.0,,0,0.0,not_applicable_static_combination
1,0.03333333333333333,AA,left,index,target,0.5297790098935365,-0.13486506137996912,0.7284482672147391,0.5297790098935365,-0.13486506137996912,0.7284482672147391,0.526631822576837,-0.13301590351310846,0.7588953384975151,-0.036586416052887365,-0.12175535526905645,0.021556284623096358,0.0,0.03716277549428209,0.03716277549428209,-0.0016290076040992307,-0.002568990094238638,0.0005033233810000093,0.0030832953644389376,-0.001518179712600265,0.004418147961099295,0.029943747901776008,0.030305988508066057,0.03066509942135213,0.032145137314876865,measured_min_over_explicit_pairs,0.01843095290621366,1570,collision_hand_left_index_0,left_object_6,23,0,0.5196478559812366,-0.12116063472515717,0.7584252266890242,0.5081790128916706,-0.10754202502924733,0.7536608659587217,measured_min_over_explicit_pairs,0.03065984866361282,19,collision_hand_left_index_floor_semantic_19,floor,0,0.0,,0,0.0,source endpoint interval; AA solve data only; object and floor separated
1,0.03333333333333333,RR,left,middle,target,0.5041593447327614,-0.1255412632599473,0.7241445734433768,0.5041593447327614,-0.1255412632599473,0.7241445734433768,0.506356102058875,-0.13473185350134548,0.7273770812818717,-0.053352249980763,-0.11102860845891613,-0.01221152808432731,0.0,0.01386483913548126,0.01386483913548126,0.0021967573261136852,-0.009190590241398178,0.0032325078384949357,0.009987081588785023,-0.0016311343861714622,0.004076668585600685,0.029354057360770347,0.029680642002523634,0.032990246369158725,0.02229460168819821,measured_min_over_explicit_pairs,0.007244228846675479,1785,collision_hand_left_middle_external_semantic_link2,left_object_27,22,0,0.5036437609954242,-0.11849185601696252,0.7277142469206632,0.4990938241854487,-0.11285815662800672,0.7279100984029501,measured_min_over_explicit_pairs,-0.0016865960138775504,21,collision_hand_left_middle_floor_semantic_21,floor,0,0.0,,0,0.0,not_applicable_static_combination
1,0.03333333333333333,AR,left,middle,target,0.5041593447327614,-0.1255412632599473,0.7241445734433768,0.5041593447327614,-0.1255412632599473,0.7241445734433768,0.5047249676727036,-0.1306551849157448,0.7567311386426421,-0.052475257724987436,-0.1063340163075826,0.017082365456783224,0.0,0.01386483913548126,0.01386483913548126,0.0021967573261136852,-0.009190590241398178,0.0032325078384949357,0.009987081588785023,-0.0016311343861714622,0.004076668585600685,0.029354057360770347,0.029680642002523634,0.032990246369158725,0.01600007385727313,measured_min_over_explicit_pairs,0.001522706661897908,1764,collision_hand_left_middle_external_semantic_link2,left_object_6,21,0,0.5026701897020334,-0.11405928602658809,0.755075949811405,0.5016943549316163,-0.11291068193836079,0.7548589458309326,measured_min_over_explicit_pairs,0.027623271226865698,21,collision_hand_left_middle_floor_semantic_21,floor,0,0.0,,0,0.0,not_applicable_static_combination
1,0.03333333333333333,RA,left,middle,target,0.5041593447327614,-0.1255412632599473,0.7241445734433768,0.5041593447327614,-0.1255412632599473,0.7241445734433768,0.506356102058875,-0.13473185350134548,0.7273770812818717,-0.05337602349097602,-0.11086127160212769,-0.010175054584836958,0.0,0.013698534722474618,0.013698534722474618,0.0021967573261136852,-0.009190590241398178,0.0032325078384949357,0.009987081588785023,-0.0016311343861714622,0.004076668585600685,0.029354057360770347,0.029680642002523634,0.032990246369158725,0.022213515472243393,measured_min_over_explicit_pairs,0.0070670699588922465,1785,collision_hand_left_middle_external_semantic_link2,left_object_27,22,0,0.5038718697507139,-0.11830272012836852,0.7271733248887393,0.49943566790218685,-0.11280224988681267,0.727081574767425,measured_min_over_explicit_pairs,-0.0016865960138775504,21,collision_hand_left_middle_floor_semantic_21,floor,0,0.0,,0,0.0,not_applicable_static_combination
1,0.03333333333333333,AA,left,middle,target,0.5041593447327614,-0.1255412632599473,0.7241445734433768,0.5041593447327614,-0.1255412632599473,0.7241445734433768,0.5047249676727036,-0.1306551849157448,0.7567311386426421,-0.052046346618927944,-0.10610031503542454,0.019091065104453537,0.0,0.013698534722474618,0.013698534722474618,0.0021967573261136852,-0.009190590241398178,0.0032325078384949357,0.009987081588785023,-0.0016311343861714622,0.004076668585600685,0.029354057360770347,0.029680642002523634,0.032990246369158725,0.016131547522049604,measured_min_over_explicit_pairs,0.001676973904971574,1764,collision_hand_left_middle_external_semantic_link2,left_object_6,21,0,0.5031845373380959,-0.11389917009025244,0.7539985753534514,0.5021362168730512,-0.11265460561103244,0.7535932052292587,measured_min_over_explicit_pairs,0.027623271226865698,21,collision_hand_left_middle_floor_semantic_21,floor,0,0.0,,0,0.0,source endpoint interval; AA solve data only; object and floor separated
1,0.03333333333333333,RR,left,ring,target,0.48259315118193624,-0.12954110000282526,0.7279865100316641,0.48259315118193624,-0.12954110000282526,0.7279865100316641,0.4839014232487199,-0.13356763632239144,0.728904011004324,-0.06999205022020971,-0.09586298329115124,-0.01120139059542942,0.0,0.003245786186941005,0.003245786186941005,0.0013082720667836334,-0.004026536319566176,0.0009175009726598571,0.004332017840261468,-0.003405564220646806,0.005576165724440585,0.03366016879550682,0.03428845950446573,0.03467585950293799,0.007217518252089622,measured_min_over_explicit_pairs,-0.0006960881943151183,1887,collision_hand_left_ring_link2_external_exact_mesh,left_object_external_exact_sdf,11,0,0.47571301447206843,-0.1263669118855815,0.7274081405092543,0.4761097410646779,-0.12676682115590523,0.7278170651483877,measured_min_over_explicit_pairs,0.000673003396346461,23,collision_hand_left_ring_floor_semantic_23,floor,0,0.0,,0,0.0,not_applicable_static_combination
1,0.03333333333333333,AR,left,ring,target,0.48259315118193624,-0.12954110000282526,0.7279865100316641,0.48259315118193624,-0.12954110000282526,0.7279865100316641,0.48049585902807307,-0.12799147059795085,0.7625641797998308,-0.06960105811048893,-0.08880936739143343,0.022351434667113985,0.0,0.003245786186941005,0.003245786186941005,0.0013082720667836334,-0.004026536319566176,0.0009175009726598571,0.004332017840261468,-0.003405564220646806,0.005576165724440585,0.03366016879550682,0.03428845950446573,0.03467585950293799,0.005181878708187802,measured_min_over_explicit_pairs,-0.0005601320022516738,1887,collision_hand_left_ring_link2_external_exact_mesh,left_object_external_exact_sdf,11,0,0.4761715415040243,-0.1308355075868322,0.7566237921444365,0.47651253317046016,-0.13125656592695223,0.7567658569802798,measured_min_over_explicit_pairs,0.03489203640897809,23,collision_hand_left_ring_floor_semantic_23,floor,0,0.0,,0,0.0,not_applicable_static_combination
1,0.03333333333333333,RA,left,ring,target,0.48259315118193624,-0.12954110000282526,0.7279865100316641,0.48259315118193624,-0.12954110000282526,0.7279865100316641,0.4839014232487199,-0.13356763632239144,0.728904011004324,-0.07001634656383454,-0.09571303268625202,-0.008938113897999816,0.0,0.003148093409282958,0.003148093409282958,0.0013082720667836334,-0.004026536319566176,0.0009175009726598571,0.004332017840261468,-0.003405564220646806,0.005576165724440585,0.03366016879550682,0.03428845950446573,0.03467585950293799,0.007048529579425987,measured_min_over_explicit_pairs,-0.0003212489085261016,1887,collision_hand_left_ring_link2_external_exact_mesh,left_object_external_exact_sdf,11,0,0.4771984122169473,-0.12819384063879757,0.7250712966109512,0.4774062242280845,-0.12843267415256643,0.7251258271707972,measured_min_over_explicit_pairs,0.000673003396346461,23,collision_hand_left_ring_floor_semantic_23,floor,0,0.0,,0,0.0,not_applicable_static_combination
1,0.03333333333333333,AA,left,ring,target,0.48259315118193624,-0.12954110000282526,0.7279865100316641,0.48259315118193624,-0.12954110000282526,0.7279865100316641,0.48049585902807307,-0.12799147059795085,0.7625641797998308,-0.0691088122500232,-0.08858413155089889,0.024588794776391896,0.0,0.003148093409282958,0.003148093409282958,0.0013082720667836334,-0.004026536319566176,0.0009175009726598571,0.004332017840261468,-0.003405564220646806,0.005576165724440585,0.03366016879550682,0.03428845950446573,0.03467585950293799,0.007408349235651041,measured_min_over_explicit_pairs,0.011885220048920245,1828,collision_hand_left_ring_1,left_object_6,12,0,0.46971087149365204,-0.14728903349336375,0.7646971294690597,0.4655888992258759,-0.14232663630302103,0.7547150247631262,measured_min_over_explicit_pairs,0.03489203640897809,23,collision_hand_left_ring_floor_semantic_23,floor,117,781.1447440021439,11,0,0.0,source endpoint interval; AA solve data only; object and floor separated
1,0.03333333333333333,RR,left,pinky,target,0.4649003691971302,-0.15619391296058893,0.7292178227834342,0.4649003691971302,-0.15619391296058893,0.7292178227834342,0.46244041881672265,-0.13562842458384666,0.7277697533413857,-0.08786900065638646,-0.08386664109445993,-0.012817100017650438,0.0,0.012516206655040973,0.012516206655040973,-0.0024599503804075273,0.02056548837674227,-0.0014480694420484497,0.020762648510172853,-0.0018503300232007858,0.004379330864888675,0.029951132416936366,0.030326104152623715,0.03812147850104712,0.0009424123782148326,measured_min_over_explicit_pairs,-0.004331109784279469,1926,collision_hand_left_pinky_1,left_object_6,13,0,0.4477007120696654,-0.14965744833690423,0.7447425229320191,0.45037562283386334,-0.15289426850468862,0.7436812220470278,measured_min_over_explicit_pairs,-0.0004925861953413158,25,collision_hand_left_pinky_floor_semantic_25,floor,0,0.0,,0,0.0,not_applicable_static_combination
1,0.03333333333333333,AR,left,pinky,target,0.4649003691971302,-0.15619391296058893,0.7292178227834342,0.4649003691971302,-0.15619391296058893,0.7292178227834342,0.46059008879352187,-0.131249093718958,0.7577208857583221,-0.08697854725286734,-0.07878873260857984,0.017067587218808467,0.0,0.012516206655040973,0.012516206655040973,-0.0024599503804075273,0.02056548837674227,-0.0014480694420484497,0.020762648510172853,-0.0018503300232007858,0.004379330864888675,0.029951132416936366,0.030326104152623715,0.03812147850104712,0.007738899395279647,measured_min_over_explicit_pairs,-0.0006952783800996029,1984,collision_hand_left_pinky_link2_external_exact_mesh,left_object_external_exact_sdf,13,0,0.45982282685999654,-0.1454386204608686,0.7567628692081863,0.459406806143393,-0.14492347064762787,0.7569749056652135,measured_min_over_explicit_pairs,0.029549107748685466,25,collision_hand_left_pinky_floor_semantic_25,floor,0,0.0,,0,0.0,not_applicable_static_combination
1,0.03333333333333333,RA,left,pinky,target,0.4649003691971302,-0.15619391296058893,0.7292178227834342,0.4649003691971302,-0.15619391296058893,0.7292178227834342,0.46244041881672265,-0.13562842458384666,0.7277697533413857,-0.08793092327344013,-0.08374138081225549,-0.010300315299475903,0.0,0.012395829238792887,0.012395829238792887,-0.0024599503804075273,0.02056548837674227,-0.0014480694420484497,0.020762648510172853,-0.0018503300232007858,0.004379330864888675,0.029951132416936366,0.030326104152623715,0.03812147850104712,0.0015780473392187167,measured_min_over_explicit_pairs,-0.005112025792883261,1926,collision_hand_left_pinky_1,left_object_6,13,0,0.44768258791091703,-0.14968062002399396,0.7447672618692269,0.45084751646294474,-0.1534911803204389,0.743504065449496,measured_min_over_explicit_pairs,-0.0004925861953413158,25,collision_hand_left_pinky_floor_semantic_25,floor,0,0.0,,0,0.0,not_applicable_static_combination
1,0.03333333333333333,AA,left,pinky,target,0.4649003691971302,-0.15619391296058893,0.7292178227834342,0.4649003691971302,-0.15619391296058893,0.7292178227834342,0.46059008879352187,-0.131249093718958,0.7577208857583221,-0.08657900494669764,-0.07859577537970498,0.019555465625599656,0.0,0.012395829238792887,0.012395829238792887,-0.0024599503804075273,0.02056548837674227,-0.0014480694420484497,0.020762648510172853,-0.0018503300232007858,0.004379330864888675,0.029951132416936366,0.030326104152623715,0.03812147850104712,0.0086633820758372,measured_min_over_explicit_pairs,0.004662005849995338,1926,collision_hand_left_pinky_1,left_object_6,14,0,0.4522207287997158,-0.15301687572001937,0.7596403897412014,0.4517842104354536,-0.15246999768629987,0.7550311951608775,measured_min_over_explicit_pairs,0.029549107748685466,25,collision_hand_left_pinky_floor_semantic_25,floor,121,529.5612839031965,11,0,0.0,source endpoint interval; AA solve data only; object and floor separated
2,0.06666666666666667,RR,right,palm,tool,0.7389247365295887,-0.2226065108552575,0.7580322577886222,0.7389247365295887,-0.2226065108552575,0.7580322577886222,0.7465318778388977,-0.2532201520262167,0.7554593047164475,-0.07687803347499834,-0.2581730827590492,0.0058419497749107934,0.0,0.17967525402898643,0.17967525402898643,0.007607141309309062,-0.030613641170959216,-0.002572953072174644,0.031649387231914274,-0.002387676560211216,-0.0006420501412942592,0.01823395881428369,0.018400828290626264,0.03534725098969261,0.21088907409155092,measured_min_over_explicit_pairs,0.1108905574588219,118,collision_hand_right_palm_0,right_object_9,2,0,0.7375349389884165,-0.15381721269808138,0.7616780652459711,0.7277119522634965,-0.04353010405008252,0.7677590463670418,measured_min_over_explicit_pairs,0.004825027257131298,0,collision_hand_right_palm_floor_semantic_00,floor,0,0.0,,0,0.0,not_applicable_static_combination
2,0.06666666666666667,AR,right,palm,tool,0.7389247365295887,-0.2226065108552575,0.7580322577886222,0.7389247365295887,-0.2226065108552575,0.7580322577886222,0.7441442012786865,-0.253862202167511,0.7736932635307312,-0.07942633396340855,-0.2573763373392734,0.02404804334651331,0.0,0.17967525402898643,0.17967525402898643,0.007607141309309062,-0.030613641170959216,-0.002572953072174644,0.031649387231914274,-0.002387676560211216,-0.0006420501412942592,0.01823395881428369,0.018400828290626264,0.03534725098969261,0.21089398600897166,measured_min_over_explicit_pairs,0.11028040598024154,118,collision_hand_right_palm_0,right_object_9,2,0,0.7369299345298748,-0.15324193513934403,0.7614257324521171,0.7277119522634966,-0.04353010405008252,0.7677590463670418,measured_min_over_explicit_pairs,0.023006174465148965,0,collision_hand_right_palm_floor_semantic_00,floor,0,0.0,,0,0.0,not_applicable_static_combination
2,0.06666666666666667,RA,right,palm,tool,0.7389247365295887,-0.2226065108552575,0.7580322577886222,0.7389247365295887,-0.2226065108552575,0.7580322577886222,0.7465318778388977,-0.2532201520262167,0.7554593047164475,-0.07668274327971783,-0.2587057051765898,0.003967195046597535,0.0,0.18019594728726476,0.18019594728726476,0.007607141309309062,-0.030613641170959216,-0.002572953072174644,0.031649387231914274,-0.002387676560211216,-0.0006420501412942592,0.01823395881428369,0.018400828290626264,0.03534725098969261,0.21140426740756568,measured_min_over_explicit_pairs,0.111401863985823,118,collision_hand_right_palm_0,right_object_9,2,0,0.7378471298614935,-0.15365811897529205,0.7592969791020867,0.7279788502158578,-0.0428624862492468,0.7654059990878634,measured_min_over_explicit_pairs,0.004825027257131298,0,collision_hand_right_palm_floor_semantic_00,floor,0,0.0,,0,0.0,not_applicable_static_combination
2,0.06666666666666667,AA,right,palm,tool,0.7389247365295887,-0.2226065108552575,0.7580322577886222,0.7389247365295887,-0.2226065108552575,0.7580322577886222,0.7441442012786865,-0.253862202167511,0.7736932635307312,-0.07919800759949071,-0.25818794851554866,0.022187948467428872,0.0,0.18019594728726476,0.18019594728726476,0.007607141309309062,-0.030613641170959216,-0.002572953072174644,0.031649387231914274,-0.002387676560211216,-0.0006420501412942592,0.01823395881428369,0.018400828290626264,0.03534725098969261,0.21156131672032266,measured_min_over_explicit_pairs,0.1107871390053266,118,collision_hand_right_palm_0,right_object_9,2,0,0.737239188656005,-0.15307843779001845,0.7590435839079368,0.7279788502158577,-0.0428624862492468,0.7654059990878634,measured_min_over_explicit_pairs,0.023006174465148965,0,collision_hand_right_palm_floor_semantic_00,floor,0,0.0,,0,0.0,source endpoint interval; AA solve data only; object and floor separated
2,0.06666666666666667,RR,right,thumb,tool,0.6587489567697048,-0.13702780101448298,0.7233401491574881,0.6587489567697048,-0.13702780101448298,0.7233401491574881,0.6614803795438895,-0.14072446464200092,0.714509642106172,-0.1141049511920344,-0.12341015488355866,-0.03909157643751518,0.0,0.11245194686601903,0.11245194686601903,0.0027314227741846997,-0.003696663627517943,-0.008830507051316161,0.009955091517896428,-0.0019588192483671607,0.00020694272478399833,0.02054704347122016,0.020641240116507673,0.012249583416019533,0.11734785594488764,measured_min_over_explicit_pairs,0.1339713402821747,264,collision_hand_right_thumb_external_semantic_rota1,right_object_3,25,0,0.6687669911239291,-0.1641848042002575,0.7230764348862309,0.7055410333582067,-0.03968379420077896,0.7561745971292249,measured_min_over_explicit_pairs,-0.020848323104911026,3,collision_hand_right_thumb_floor_semantic_03,floor,0,0.0,,0,0.0,not_applicable_static_combination
2,0.06666666666666667,AR,right,thumb,tool,0.6587489567697048,-0.13702780101448298,0.7233401491574881,0.6587489567697048,-0.13702780101448298,0.7233401491574881,0.6595215602955223,-0.14051752191721692,0.7350566855773921,-0.1159526387779579,-0.12191844025750091,-0.018587390728090986,0.0,0.11245194686601903,0.11245194686601903,0.0027314227741846997,-0.003696663627517943,-0.008830507051316161,0.009955091517896428,-0.0019588192483671607,0.00020694272478399833,0.02054704347122016,0.020641240116507673,0.012249583416019533,0.11249567735787595,measured_min_over_explicit_pairs,0.1305767754299625,284,collision_hand_right_thumb_external_semantic_rota1,right_object_23,26,0,0.6663671810597154,-0.16368951688733563,0.7415035972299919,0.7052855821812624,-0.04053146460677849,0.760680314735571,measured_min_over_explicit_pairs,-5.4846042649603355e-05,3,collision_hand_right_thumb_floor_semantic_03,floor,0,0.0,,0,0.0,not_applicable_static_combination
2,0.06666666666666667,RA,right,thumb,tool,0.6587489567697048,-0.13702780101448298,0.7233401491574881,0.6587489567697048,-0.13702780101448298,0.7233401491574881,0.6614803795438895,-0.14072446464200092,0.714509642106172,-0.11407188860586273,-0.12329703297891334,-0.038839991448324264,0.0,0.11235139461302747,0.11235139461302747,0.0027314227741846997,-0.003696663627517943,-0.008830507051316161,0.009955091517896428,-0.0019588192483671607,0.00020694272478399833,0.02054704347122016,0.020641240116507673,0.012249583416019533,0.11717161351470236,measured_min_over_explicit_pairs,0.1339781373490673,264,collision_hand_right_thumb_external_semantic_rota1,right_object_3,25,0,0.6687245205337824,-0.16412018190348182,0.7228761991259878,0.7053951913555083,-0.039243987113287304,0.7546777582659349,measured_min_over_explicit_pairs,-0.020848323104911026,3,collision_hand_right_thumb_floor_semantic_03,floor,0,0.0,,0,0.0,not_applicable_static_combination
2,0.06666666666666667,AA,right,thumb,tool,0.6587489567697048,-0.13702780101448298,0.7233401491574881,0.6587489567697048,-0.13702780101448298,0.7233401491574881,0.6595215602955223,-0.14051752191721692,0.7350566855773921,-0.11588272303728049,-0.12211895946735539,-0.018312112478233784,0.0,0.11235139461302747,0.11235139461302747,0.0027314227741846997,-0.003696663627517943,-0.008830507051316161,0.009955091517896428,-0.0019588192483671607,0.00020694272478399833,0.02054704347122016,0.020641240116507673,0.012249583416019533,0.11254046791458995,measured_min_over_explicit_pairs,0.13076287640138648,284,collision_hand_right_thumb_external_semantic_rota1,right_object_23,26,0,0.6663235057092053,-0.16364924907941134,0.7413273491148786,0.7050755370157863,-0.04005683339025062,0.7592751818112167,measured_min_over_explicit_pairs,-5.4846042649603355e-05,3,collision_hand_right_thumb_floor_semantic_03,floor,0,0.0,,40,339.26854610443115,source endpoint interval; AA solve data only; object and floor separated
2,0.06666666666666667,RR,right,index,tool,0.6799945034086704,-0.07660890463739634,0.7248920156888602,0.6799945034086704,-0.07660890463739634,0.7248920156888602,0.6846712516520994,-0.07859758379062462,0.7275223386117455,-0.0696550060121754,-0.07390717266194369,-0.027236060064086947,0.0,0.0519453910258762,0.0519453910258762,0.0046767482434290075,-0.0019886791532282844,0.002630322922885342,0.00572236118971506,-0.0013585388789147945,-0.00041897655372857834,0.01848117305494834,0.01853577424131633,0.02150587319343438,0.050792808614954235,measured_min_over_explicit_pairs,0.051808086679061005,389,collision_hand_right_index_1,right_object_3,1,0,0.6963287488245385,-0.08959428770050262,0.7448847593083208,0.708728644644311,-0.0407129971534695,0.756756568920188,measured_min_over_explicit_pairs,-0.0005715428201912287,6,collision_hand_right_index_floor_semantic_06,floor,0,0.0,,0,0.0,not_applicable_static_combination
2,0.06666666666666667,AR,right,index,tool,0.6799945034086704,-0.07660890463739634,0.7248920156888602,0.6799945034086704,-0.07660890463739634,0.7248920156888602,0.6833127127731846,-0.0790165603443532,0.7460035116666939,-0.07116587985119065,-0.07327649397162653,-0.00877273340399654,0.0,0.0519453910258762,0.0519453910258762,0.0046767482434290075,-0.0019886791532282844,0.002630322922885342,0.00572236118971506,-0.0013585388789147945,-0.00041897655372857834,0.01848117305494834,0.01853577424131633,0.02150587319343438,0.04576689827932522,measured_min_over_explicit_pairs,0.049813216025456575,409,collision_hand_right_index_1,right_object_23,1,0,0.6950673373026232,-0.08978146170114663,0.7615060839976793,0.7078480201439471,-0.04176376427822715,0.7650148403456238,measured_min_over_explicit_pairs,0.01788139573921299,6,collision_hand_right_index_floor_semantic_06,floor,0,0.0,,0,0.0,not_applicable_static_combination
2,0.06666666666666667,RA,right,index,tool,0.6799945034086704,-0.07660890463739634,0.7248920156888602,0.6799945034086704,-0.07660890463739634,0.7248920156888602,0.6846712516520994,-0.07859758379062462,0.7275223386117455,-0.06962945471740906,-0.0739528873366102,-0.026313160056937842,0.0,0.051518565258990734,0.051518565258990734,0.0046767482434290075,-0.0019886791532282844,0.002630322922885342,0.00572236118971506,-0.0013585388789147945,-0.00041897655372857834,0.01848117305494834,0.01853577424131633,0.02150587319343438,0.050441172850282816,measured_min_over_explicit_pairs,0.05187117242489933,389,collision_hand_right_index_1,right_object_3,1,0,0.6962994911853604,-0.08954541359488981,0.7447077988689821,0.7085880171246758,-0.040393338110801334,0.7558291357750774,measured_min_over_explicit_pairs,-0.0005715428201912287,6,collision_hand_right_index_floor_semantic_06,floor,0,0.0,,0,0.0,not_applicable_static_combination
2,0.06666666666666667,AA,right,index,tool,0.6799945034086704,-0.07660890463739634,0.7248920156888602,0.6799945034086704,-0.07660890463739634,0.7248920156888602,0.6833127127731846,-0.0790165603443532,0.7460035116666939,-0.07110672287036356,-0.07360445446403965,-0.00783963305036369,0.0,0.051518565258990734,0.051518565258990734,0.0046767482434290075,-0.0019886791532282844,0.002630322922885342,0.00572236118971506,-0.0013585388789147945,-0.00041897655372857834,0.01848117305494834,0.01853577424131633,0.02150587319343438,0.04575985430591058,measured_min_over_explicit_pairs,0.05017224799188341,409,collision_hand_right_index_1,right_object_23,1,0,0.6950683337903579,-0.08977274552176936,0.7613725845349717,0.707945300563205,-0.04137251492242595,0.7643484664581034,measured_min_over_explicit_pairs,0.01788139573921299,6,collision_hand_right_index_floor_semantic_06,floor,0,0.0,,0,0.0,source endpoint interval; AA solve data only; object and floor separated
2,0.06666666666666667,RR,right,middle,tool,0.7125371046364307,-0.05935796815901995,0.7225477054051993,0.7125371046364307,-0.05935796815901995,0.7225477054051993,0.7127952758600008,-0.07021677386237127,0.7280206220210741,-0.040428072066428865,-0.07649865763709772,-0.026516659750864164,0.0,0.031126540623511324,0.031126540623511324,0.0002581712235700806,-0.01085880570335132,0.00547291661587479,0.012162776408704272,-0.0016778534202815942,-0.00041365493836217904,0.018847297687583642,0.018926355503170116,0.026843187035536294,0.03700483815922674,measured_min_over_explicit_pairs,0.022015352218161206,591,collision_hand_right_middle_0,right_object_3,0,0,0.7142890439518966,-0.05730512680342338,0.7354943929932986,0.7165134560269195,-0.038120925147440324,0.7460629374073966,measured_min_over_explicit_pairs,0.000648131177627076,8,collision_hand_right_middle_floor_semantic_08,floor,0,0.0,,0,0.0,not_applicable_static_combination
2,0.06666666666666667,AR,right,middle,tool,0.7125371046364307,-0.05935796815901995,0.7225477054051993,0.7125371046364307,-0.05935796815901995,0.7225477054051993,0.7111174224397192,-0.07063042880073345,0.7468679197086577,-0.04223552172930395,-0.07573481075195077,-0.007692297974575387,0.0,0.031126540623511324,0.031126540623511324,0.0002581712235700806,-0.01085880570335132,0.00547291661587479,0.012162776408704272,-0.0016778534202815942,-0.00041365493836217904,0.018847297687583642,0.018926355503170116,0.026843187035536294,0.030543060474774168,measured_min_over_explicit_pairs,0.0157796924813575,591,collision_hand_right_middle_0,right_object_3,0,0,0.7127960428961942,-0.05683204261356092,0.7520598871812467,0.7146250584089463,-0.04166786762333091,0.7560223603894848,measured_min_over_explicit_pairs,0.019505138155444968,8,collision_hand_right_middle_floor_semantic_08,floor,0,0.0,,0,0.0,not_applicable_static_combination
2,0.06666666666666667,RA,right,middle,tool,0.7125371046364307,-0.05935796815901995,0.7225477054051993,0.7125371046364307,-0.05935796815901995,0.7225477054051993,0.7127952758600008,-0.07021677386237127,0.7280206220210741,-0.04039972060361544,-0.07653694592555042,-0.025686834341356057,0.0,0.03048843350418674,0.03048843350418674,0.0002581712235700806,-0.01085880570335132,0.00547291661587479,0.012162776408704272,-0.0016778534202815942,-0.00041365493836217904,0.018847297687583642,0.018926355503170116,0.026843187035536294,0.036642374745082765,measured_min_over_explicit_pairs,0.021657092193631176,591,collision_hand_right_middle_0,right_object_3,0,0,0.7141839083270476,-0.05722527848947212,0.7353681028368892,0.7161444289282038,-0.03818033677540253,0.7454911555564782,measured_min_over_explicit_pairs,0.000648131177627076,8,collision_hand_right_middle_floor_semantic_08,floor,0,0.0,,0,0.0,not_applicable_static_combination
2,0.06666666666666667,AA,right,middle,tool,0.7125371046364307,-0.05935796815901995,0.7225477054051993,0.7125371046364307,-0.05935796815901995,0.7225477054051993,0.7111174224397192,-0.07063042880073345,0.7468679197086577,-0.042172978335027526,-0.07606104320252931,-0.006849743104952649,0.0,0.03048843350418674,0.03048843350418674,0.0002581712235700806,-0.01085880570335132,0.00547291661587479,0.012162776408704272,-0.0016778534202815942,-0.00041365493836217904,0.018847297687583642,0.018926355503170116,0.026843187035536294,0.030592209735912566,measured_min_over_explicit_pairs,0.015860031592212803,591,collision_hand_right_middle_0,right_object_3,0,0,0.7128186520293474,-0.056772387557258025,0.7518076785536174,0.7146928377610439,-0.041436394131153534,0.7553903222120871,measured_min_over_explicit_pairs,0.019505138155444968,8,collision_hand_right_middle_floor_semantic_08,floor,0,0.0,,0,0.0,source endpoint interval; AA solve data only; object and floor separated
2,0.06666666666666667,RR,right,ring,tool,0.7339722014963627,-0.0650982903316617,0.7252084567479727,0.7339722014963627,-0.0650982903316617,0.7252084567479727,0.7335211431997989,-0.06893508759784223,0.726760127274879,-0.02069067891366696,-0.08300025745899081,-0.02749525821910525,0.0,0.03434439533374528,0.03434439533374528,-0.0004510582965637777,-0.003836797266180525,0.0015516705269063014,0.004163189675325764,-0.001847536120443527,-0.0007019353407980711,0.018201944440214723,0.018308929087843137,0.020398258117810344,0.03670387530821363,measured_min_over_explicit_pairs,0.021883909138922096,744,collision_hand_right_ring_0,right_object_3,0,0,0.7328199625745457,-0.056332911527749635,0.7346227447301384,0.7299613826620399,-0.03748106676413576,0.7453624816493101,measured_min_over_explicit_pairs,-0.0001941343146085739,10,collision_hand_right_ring_floor_semantic_10,floor,0,0.0,,0,0.0,not_applicable_static_combination
2,0.06666666666666667,AR,right,ring,tool,0.7339722014963627,-0.0650982903316617,0.7252084567479727,0.7339722014963627,-0.0650982903316617,0.7252084567479727,0.7316736070793554,-0.0696370229386403,0.7449620717150938,-0.02275909256674132,-0.08245957668569862,-0.009311578349374914,0.0,0.03434439533374528,0.03434439533374528,-0.0004510582965637777,-0.003836797266180525,0.0015516705269063014,0.004163189675325764,-0.001847536120443527,-0.0007019353407980711,0.018201944440214723,0.018308929087843137,0.020398258117810344,0.029930158885566098,measured_min_over_explicit_pairs,0.01537983471217645,744,collision_hand_right_ring_0,right_object_3,0,0,0.7311634862712783,-0.056082365160727024,0.7506130112921957,0.7294094000367541,-0.04138474415322846,0.7547894253013256,measured_min_over_explicit_pairs,0.01797977041078369,10,collision_hand_right_ring_floor_semantic_10,floor,0,0.0,,0,0.0,not_applicable_static_combination
2,0.06666666666666667,RA,right,ring,tool,0.7339722014963627,-0.0650982903316617,0.7252084567479727,0.7339722014963627,-0.0650982903316617,0.7252084567479727,0.7335211431997989,-0.06893508759784223,0.726760127274879,-0.020660324213451025,-0.08301067203152963,-0.026800496825910635,0.0,0.03394179136012855,0.03394179136012855,-0.0004510582965637777,-0.003836797266180525,0.0015516705269063014,0.004163189675325764,-0.001847536120443527,-0.0007019353407980711,0.018201944440214723,0.018308929087843137,0.020398258117810344,0.036374822965882826,measured_min_over_explicit_pairs,0.021574796032535253,744,collision_hand_right_ring_0,right_object_3,0,0,0.7327894944778824,-0.05626681863811655,0.7344964553035706,0.7299055580869752,-0.037538664609892726,0.7448120251585918,measured_min_over_explicit_pairs,-0.0001941343146085739,10,collision_hand_right_ring_floor_semantic_10,floor,0,0.0,,0,0.0,not_applicable_static_combination
2,0.06666666666666667,AA,right,ring,tool,0.7339722014963627,-0.0650982903316617,0.7252084567479727,0.7339722014963627,-0.0650982903316617,0.7252084567479727,0.7316736070793554,-0.0696370229386403,0.7449620717150938,-0.02269559256653324,-0.08274831193339544,-0.008606933836393781,0.0,0.03394179136012855,0.03394179136012855,-0.0004510582965637777,-0.003836797266180525,0.0015516705269063014,0.004163189675325764,-0.001847536120443527,-0.0007019353407980711,0.018201944440214723,0.018308929087843137,0.020398258117810344,0.030005210272470762,measured_min_over_explicit_pairs,0.015492006933610388,744,collision_hand_right_ring_0,right_object_3,0,0,0.7312014287214984,-0.056001999362153464,0.7503299129104474,0.7294933295979849,-0.041072679081253595,0.754098211222099,measured_min_over_explicit_pairs,0.01797977041078369,10,collision_hand_right_ring_floor_semantic_10,floor,0,0.0,,0,0.0,source endpoint interval; AA solve data only; object and floor separated
2,0.06666666666666667,RR,right,pinky,tool,0.7604077108204365,-0.08955235872417688,0.7230573847226737,0.7604077108204365,-0.08955235872417688,0.7230573847226737,0.7532832175432458,-0.06908808711995018,0.722311280153642,-0.0023630207868783927,-0.0905677483745814,-0.03164076913428107,0.0,0.06207330391895278,0.06207330391895278,-0.007124493277190669,0.020464271604226703,-0.0007461045690316803,0.021681823926418743,-0.0020168808626254142,-0.00091339940719945,0.017650639076445596,0.017788961934245773,0.0274146787641391,0.04323216940736671,measured_min_over_explicit_pairs,0.028737055379770088,896,collision_hand_right_pinky_0,right_object_3,0,0,0.7508177538504833,-0.0571723359820882,0.7304697999649689,0.741852344005997,-0.034121817523218,0.7451024134361723,measured_min_over_explicit_pairs,-0.00449832656408522,12,collision_hand_right_pinky_floor_semantic_12,floor,0,0.0,,0,0.0,not_applicable_static_combination
2,0.06666666666666667,AR,right,pinky,tool,0.7604077108204365,-0.08955235872417688,0.7230573847226737,0.7604077108204365,-0.08955235872417688,0.7230573847226737,0.7512663366806204,-0.07000148652714963,0.7399619192300876,-0.00466416212935317,-0.09017637299482949,-0.014005612754704428,0.0,0.06207330391895278,0.06207330391895278,-0.007124493277190669,0.020464271604226703,-0.0007461045690316803,0.021681823926418743,-0.0020168808626254142,-0.00091339940719945,0.017650639076445596,0.017788961934245773,0.0274146787641391,0.03593407030934179,measured_min_over_explicit_pairs,0.021689082253215905,896,collision_hand_right_pinky_0,right_object_3,0,0,0.7487003116069287,-0.057121547785693415,0.7460374927762811,0.7416799186109556,-0.03769483425436659,0.7526505988952406,measured_min_over_explicit_pairs,0.013096148183485035,12,collision_hand_right_pinky_floor_semantic_12,floor,0,0.0,,0,0.0,not_applicable_static_combination
2,0.06666666666666667,RA,right,pinky,tool,0.7604077108204365,-0.08955235872417688,0.7230573847226737,0.7604077108204365,-0.08955235872417688,0.7230573847226737,0.7532832175432458,-0.06908808711995018,0.722311280153642,-0.002335858152421398,-0.09050279844505255,-0.031094354916228986,0.0,0.061945653764663246,0.061945653764663246,-0.007124493277190669,0.020464271604226703,-0.0007461045690316803,0.021681823926418743,-0.0020168808626254142,-0.00091339940719945,0.017650639076445596,0.017788961934245773,0.0274146787641391,0.04290290505150838,measured_min_over_explicit_pairs,0.02843228836734775,896,collision_hand_right_pinky_0,right_object_3,0,0,0.750737340874331,-0.05709695369246376,0.7302976804001415,0.7416383799969167,-0.034076565336633786,0.7442857343284788,measured_min_over_explicit_pairs,-0.00449832656408522,12,collision_hand_right_pinky_floor_semantic_12,floor,0,0.0,,0,0.0,not_applicable_static_combination
2,0.06666666666666667,AA,right,pinky,tool,0.7604077108204365,-0.08955235872417688,0.7230573847226737,0.7604077108204365,-0.08955235872417688,0.7230573847226737,0.7512663366806204,-0.07000148652714963,0.7399619192300876,-0.004604774926878473,-0.09038151514495846,-0.013451099158581795,0.0,0.061945653764663246,0.061945653764663246,-0.007124493277190669,0.020464271604226703,-0.0007461045690316803,0.021681823926418743,-0.0020168808626254142,-0.00091339940719945,0.017650639076445596,0.017788961934245773,0.0274146787641391,0.03596766028373886,measured_min_over_explicit_pairs,0.021758596895994263,896,collision_hand_right_pinky_0,right_object_3,0,0,0.748692053927966,-0.05706919317648487,0.7458698604445283,0.7416311926545487,-0.037466299728694655,0.7521394174810747,measured_min_over_explicit_pairs,0.013096148183485035,12,collision_hand_right_pinky_floor_semantic_12,floor,0,0.0,,0,0.0,source endpoint interval; AA solve data only; object and floor separated
2,0.06666666666666667,RR,left,palm,target,0.47861735746264455,-0.28413319680839777,0.7600940420560477,0.47861735746264455,-0.28413319680839777,0.7600940420560477,0.48228585930555273,-0.31722409795675754,0.7505906041375763,-0.18812211230690287,-0.23640610349372937,0.011088841722208035,0.0,0.12123344670470738,0.12123344670470738,0.0036685018429081784,-0.033090901148359775,-0.009503437918471414,0.034623416597039915,-0.0015482923576157215,0.0038512177363443367,0.029170054603421036,0.02946389609070649,0.03530198558337978,0.1530073783897026,measured_min_over_explicit_pairs,0.04398035992974549,1244,collision_hand_left_palm_0,left_object_7,17,0,0.4394982787714704,-0.2167493552738458,0.7608759910778493,0.42320523591948234,-0.17616016324446923,0.7562579498723561,measured_min_over_explicit_pairs,-0.0015987405285491363,13,collision_hand_left_palm_floor_semantic_13,floor,0,0.0,,0,0.0,not_applicable_static_combination
2,0.06666666666666667,AR,left,palm,target,0.47861735746264455,-0.28413319680839777,0.7600940420560477,0.47861735746264455,-0.28413319680839777,0.7600940420560477,0.480737566947937,-0.3133728802204132,0.7797606587409973,-0.18731080140107406,-0.2319483811370329,0.04020226918873353,0.0,0.12123344670470738,0.12123344670470738,0.0036685018429081784,-0.033090901148359775,-0.009503437918471414,0.034623416597039915,-0.0015482923576157215,0.0038512177363443367,0.029170054603421036,0.02946389609070649,0.03530198558337978,0.1506297747544753,measured_min_over_explicit_pairs,0.04354013481292373,1244,collision_hand_left_palm_0,left_object_7,17,0,0.44996977657449133,-0.21106041862328434,0.7629142019787333,0.42908236636273406,-0.17340283063259698,0.7564826002422305,measured_min_over_explicit_pairs,0.028077089106349873,13,collision_hand_left_palm_floor_semantic_13,floor,0,0.0,,0,0.0,not_applicable_static_combination
2,0.06666666666666667,RA,left,palm,target,0.47861735746264455,-0.28413319680839777,0.7600940420560477,0.47861735746264455,-0.28413319680839777,0.7600940420560477,0.48228585930555273,-0.31722409795675754,0.7505906041375763,-0.18706900134563054,-0.2370434816727268,0.013366025582148357,0.0,0.12174570165066921,0.12174570165066921,0.0036685018429081784,-0.033090901148359775,-0.009503437918471414,0.034623416597039915,-0.0015482923576157215,0.0038512177363443367,0.029170054603421036,0.02946389609070649,0.03530198558337978,0.15328748576396828,measured_min_over_explicit_pairs,0.044703994151256345,1244,collision_hand_left_palm_0,left_object_7,17,0,0.44068022954712227,-0.2165743088694167,0.7582444462361166,0.42305489280607755,-0.17582267088392048,0.7530388147336566,measured_min_over_explicit_pairs,-0.0015987405285491363,13,collision_hand_left_palm_floor_semantic_13,floor,0,0.0,,0,0.0,not_applicable_static_combination
2,0.06666666666666667,AA,left,palm,target,0.47861735746264455,-0.28413319680839777,0.7600940420560477,0.47861735746264455,-0.28413319680839777,0.7600940420560477,0.480737566947937,-0.3133728802204132,0.7797606587409973,-0.18585831787246035,-0.2328999086910597,0.04251197249277969,0.0,0.12174570165066921,0.12174570165066921,0.0036685018429081784,-0.033090901148359775,-0.009503437918471414,0.034623416597039915,-0.0015482923576157215,0.0038512177363443367,0.029170054603421036,0.02946389609070649,0.03530198558337978,0.1515255657169056,measured_min_over_explicit_pairs,0.04441338832638801,1244,collision_hand_left_palm_0,left_object_7,17,0,0.4510384649484554,-0.210880220578612,0.7604985815207193,0.4286221124943889,-0.17320326697600652,0.7533920090337388,measured_min_over_explicit_pairs,0.028077089106349873,13,collision_hand_left_palm_floor_semantic_13,floor,0,0.0,,0,0.0,source endpoint interval; AA solve data only; object and floor separated
2,0.06666666666666667,RR,left,thumb,target,0.5452929338440299,-0.1900442549958825,0.7281400515966056,0.5452929338440299,-0.1900442549958825,0.7281400515966056,0.5458336505493447,-0.19453580885395555,0.7254870992017872,-0.060793390177793366,-0.1823142936974466,-0.013044053854768584,0.0,0.08972688446772335,0.08972688446772335,0.0005407167053148587,-0.0044915538580730385,-0.002652952394818331,0.005244481578244857,-0.0023141526929731926,0.004264030254612194,0.029867704289207486,0.030259164168994927,0.027273422280044205,0.09358197769611594,measured_min_over_explicit_pairs,0.08809224006269825,1460,collision_hand_left_thumb_0,left_object_27,52,0,0.5477596379017152,-0.18676371325562918,0.7256701825815629,0.492417673397331,-0.11826603583043505,0.7280319428178226,measured_min_over_explicit_pairs,-0.008773220321476094,16,collision_hand_left_thumb_floor_semantic_16,floor,0,0.0,,0,0.0,not_applicable_static_combination
2,0.06666666666666667,AR,left,thumb,target,0.5452929338440299,-0.1900442549958825,0.7281400515966056,0.5452929338440299,-0.1900442549958825,0.7281400515966056,0.5435194978563715,-0.19027177859934336,0.7553548034909947,-0.06032241798768307,-0.17703980050777632,0.016748141817830832,0.0,0.08972688446772335,0.08972688446772335,0.0005407167053148587,-0.0044915538580730385,-0.002652952394818331,0.005244481578244857,-0.0023141526929731926,0.004264030254612194,0.029867704289207486,0.030259164168994927,0.027273422280044205,0.08641304497230404,measured_min_over_explicit_pairs,0.08119479979036613,1439,collision_hand_left_thumb_0,left_object_6,52,0,0.5452317985765962,-0.1825690785309218,0.7549324336718649,0.4928151738832318,-0.12056740448713553,0.7539914849375002,measured_min_over_explicit_pairs,0.02101872352136791,16,collision_hand_left_thumb_floor_semantic_16,floor,0,0.0,,0,0.0,not_applicable_static_combination
2,0.06666666666666667,RA,left,thumb,target,0.5452929338440299,-0.1900442549958825,0.7281400515966056,0.5452929338440299,-0.1900442549958825,0.7281400515966056,0.5458336505493447,-0.19453580885395555,0.7254870992017872,-0.060366891010112035,-0.18205351277873272,-0.012003297872806757,0.0,0.08951506091372807,0.08951506091372807,0.0005407167053148587,-0.0044915538580730385,-0.002652952394818331,0.005244481578244857,-0.0023141526929731926,0.004264030254612194,0.029867704289207486,0.030259164168994927,0.027273422280044205,0.09332169179426963,measured_min_over_explicit_pairs,0.08778788411423759,1460,collision_hand_left_thumb_0,left_object_27,52,0,0.5478124883310705,-0.18671674180591905,0.7255069548758706,0.49297103708328044,-0.11818082011269432,0.7269052609765618,measured_min_over_explicit_pairs,-0.008773220321476094,16,collision_hand_left_thumb_floor_semantic_16,floor,0,0.0,,0,0.0,not_applicable_static_combination
2,0.06666666666666667,AA,left,thumb,target,0.5452929338440299,-0.1900442549958825,0.7281400515966056,0.5452929338440299,-0.1900442549958825,0.7281400515966056,0.5435194978563715,-0.19027177859934336,0.7553548034909947,-0.05949065534429915,-0.17710234634938185,0.01783518697902533,0.0,0.08951506091372807,0.08951506091372807,0.0005407167053148587,-0.0044915538580730385,-0.002652952394818331,0.005244481578244857,-0.0023141526929731926,0.004264030254612194,0.029867704289207486,0.030259164168994927,0.027273422280044205,0.0865211411623465,measured_min_over_explicit_pairs,0.08126671379176768,1439,collision_hand_left_thumb_0,left_object_6,53,0,0.5452955285128052,-0.18252421583192524,0.754625990921888,0.4931777533976111,-0.12022457080856881,0.7520239691081978,measured_min_over_explicit_pairs,0.02101872352136791,16,collision_hand_left_thumb_floor_semantic_16,floor,0,0.0,,0,0.0,source endpoint interval; AA solve data only; object and floor separated
2,0.06666666666666667,RR,left,index,target,0.5301119372248649,-0.13498263154178858,0.7287407472066519,0.5301119372248649,-0.13498263154178858,0.7287407472066519,0.5284529893811483,-0.13759306379900504,0.72925852611878,-0.03815134881980642,-0.12721357129669283,-0.009876150433696248,0.0,0.03759313037589868,0.03759313037589868,-0.0016589478437166738,-0.002610432257216466,0.0005177789121280085,0.003136010127460197,-0.0018994635412825644,0.004280537573224885,0.03049308911831683,0.030850598821385362,0.03125900637181415,0.0386053313454982,measured_min_over_explicit_pairs,0.023759647641431847,1591,collision_hand_left_index_0,left_object_27,23,0,0.5213934698868766,-0.125341269406728,0.730531014696827,0.5064575531202373,-0.10694758518988229,0.7287670341651942,measured_min_over_explicit_pairs,0.0008492079583872769,19,collision_hand_left_index_floor_semantic_19,floor,0,0.0,,0,0.0,not_applicable_static_combination
2,0.06666666666666667,AR,left,index,target,0.5301119372248649,-0.13498263154178858,0.7287407472066519,0.5301119372248649,-0.13498263154178858,0.7287407472066519,0.5265535258398657,-0.13331252622578016,0.7597516152370968,-0.03735878075095223,-0.12217864798347987,0.02055049628795814,0.0,0.03759313037589868,0.03759313037589868,-0.0016589478437166738,-0.002610432257216466,0.0005177789121280085,0.003136010127460197,-0.0018994635412825644,0.004280537573224885,0.03049308911831683,0.030850598821385362,0.03125900637181415,0.03238240725424892,measured_min_over_explicit_pairs,0.018569830836723804,1570,collision_hand_left_index_0,left_object_6,23,0,0.5194759987435327,-0.12141556680617417,0.7595846796075855,0.5077473391752036,-0.10764062991347259,0.7553980012539416,measured_min_over_explicit_pairs,0.03146821389635601,19,collision_hand_left_index_floor_semantic_19,floor,0,0.0,,0,0.0,not_applicable_static_combination
2,0.06666666666666667,RA,left,index,target,0.5301119372248649,-0.13498263154178858,0.7287407472066519,0.5301119372248649,-0.13498263154178858,0.7287407472066519,0.5284529893811483,-0.13759306379900504,0.72925852611878,-0.03794927627496819,-0.12687780984496078,-0.00855661637058291,0.0,0.03728597917567261,0.03728597917567261,-0.0016589478437166738,-0.002610432257216466,0.0005177789121280085,0.003136010127460197,-0.0018994635412825644,0.004280537573224885,0.03049308911831683,0.030850598821385362,0.03125900637181415,0.03827257773924061,measured_min_over_explicit_pairs,0.023582880365535006,1591,collision_hand_left_index_0,left_object_27,23,0,0.5214665325375077,-0.12533946271401478,0.7300749160153138,0.5068140389360941,-0.1070783633202488,0.7272484471004539,measured_min_over_explicit_pairs,0.0008492079583872769,19,collision_hand_left_index_floor_semantic_19,floor,0,0.0,,0,0.0,not_applicable_static_combination
2,0.06666666666666667,AA,left,index,target,0.5301119372248649,-0.13498263154178858,0.7287407472066519,0.5301119372248649,-0.13498263154178858,0.7287407472066519,0.5265535258398657,-0.13331252622578016,0.7597516152370968,-0.03674114147340588,-0.12217151091719607,0.021908947933100005,0.0,0.03728597917567261,0.03728597917567261,-0.0016589478437166738,-0.002610432257216466,0.0005177789121280085,0.003136010127460197,-0.0018994635412825644,0.004280537573224885,0.03049308911831683,0.030850598821385362,0.03125900637181415,0.03261791305219689,measured_min_over_explicit_pairs,0.018943899507673494,1570,collision_hand_left_index_0,left_object_6,24,0,0.5196193784485009,-0.12145674604258475,0.7591037540288166,0.5079260750981586,-0.10748233783739262,0.7539216790941632,measured_min_over_explicit_pairs,0.03146821389635601,19,collision_hand_left_index_floor_semantic_19,floor,0,0.0,,0,0.0,source endpoint interval; AA solve data only; object and floor separated
2,0.06666666666666667,RR,left,middle,target,0.5043502993881702,-0.12509425822645426,0.7248544647626517,0.5043502993881702,-0.12509425822645426,0.7248544647626517,0.5068646507281311,-0.1344063369345195,0.7282908044896524,-0.05279803127031116,-0.11107410392082745,-0.011339149092315827,0.0,0.013617177580311151,0.013617177580311151,0.0025143513399609185,-0.009312078708065247,0.003436339727000748,0.010239394671821618,-0.0021587297738833167,0.003614328551510948,0.029467565420220776,0.029766775050547697,0.03339547570378546,0.022357697160097195,measured_min_over_explicit_pairs,0.007273850697065161,1785,collision_hand_left_middle_external_semantic_link2,left_object_27,21,0,0.50416299269218,-0.11815480433723785,0.7287179323423665,0.4995933599209157,-0.11249889323397383,0.7289129448828805,measured_min_over_explicit_pairs,-0.0007020891402274021,21,collision_hand_left_middle_floor_semantic_21,floor,0,0.0,,0,0.0,not_applicable_static_combination
2,0.06666666666666667,AR,left,middle,target,0.5043502993881702,-0.12509425822645426,0.7248544647626517,0.5043502993881702,-0.12509425822645426,0.7248544647626517,0.5047059209542478,-0.13079200838300856,0.7577583699098732,-0.052613205408037274,-0.10640720295679103,0.01805892519329716,0.0,0.013617177580311151,0.013617177580311151,0.0025143513399609185,-0.009312078708065247,0.003436339727000748,0.010239394671821618,-0.0021587297738833167,0.003614328551510948,0.029467565420220776,0.029766775050547697,0.03339547570378546,0.01622911865988483,measured_min_over_explicit_pairs,0.0017847050809590103,1764,collision_hand_left_middle_external_semantic_link2,left_object_6,21,0,0.5028825744773423,-0.11412150842654059,0.7555860973384474,0.5017475109992621,-0.11278739238483124,0.7552441360628869,measured_min_over_explicit_pairs,0.02865268799474474,21,collision_hand_left_middle_floor_semantic_21,floor,0,0.0,,0,0.0,not_applicable_static_combination
2,0.06666666666666667,RA,left,middle,target,0.5043502993881702,-0.12509425822645426,0.7248544647626517,0.5043502993881702,-0.12509425822645426,0.7248544647626517,0.5068646507281311,-0.1344063369345195,0.7282908044896524,-0.05269380175775107,-0.11079698566445134,-0.009630925925961174,0.0,0.01328245963701767,0.01328245963701767,0.0025143513399609185,-0.009312078708065247,0.003436339727000748,0.010239394671821618,-0.0021587297738833167,0.003614328551510948,0.029467565420220776,0.029766775050547697,0.03339547570378546,0.022154213325571267,measured_min_over_explicit_pairs,0.006998486586962587,1785,collision_hand_left_middle_external_semantic_link2,left_object_27,22,0,0.5046716706178616,-0.11776918177957009,0.727574504749237,0.5003031639276911,-0.11231830162107317,0.7271468725433212,measured_min_over_explicit_pairs,-0.0007020891402274021,21,collision_hand_left_middle_floor_semantic_21,floor,0,0.0,,0,0.0,not_applicable_static_combination
2,0.06666666666666667,AA,left,middle,target,0.5043502993881702,-0.12509425822645426,0.7248544647626517,0.5043502993881702,-0.12509425822645426,0.7248544647626517,0.5047059209542478,-0.13079200838300856,0.7577583699098732,-0.05210642900199373,-0.10645049911334956,0.019810948077179216,0.0,0.01328245963701767,0.01328245963701767,0.0025143513399609185,-0.009312078708065247,0.003436339727000748,0.010239394671821618,-0.0021587297738833167,0.003614328551510948,0.029467565420220776,0.029766775050547697,0.03339547570378546,0.01664392406782942,measured_min_over_explicit_pairs,0.002202829878632817,1764,collision_hand_left_middle_external_semantic_link2,left_object_6,22,0,0.503429336168957,-0.11400820527588312,0.7545211198797848,0.502078865780502,-0.11239376147584214,0.7538713041977542,measured_min_over_explicit_pairs,0.02865268799474474,21,collision_hand_left_middle_floor_semantic_21,floor,0,0.0,,0,0.0,source endpoint interval; AA solve data only; object and floor separated
2,0.06666666666666667,RR,left,ring,target,0.4837124146521091,-0.12945507559925318,0.7287743046216605,0.4837124146521091,-0.12945507559925318,0.7287743046216605,0.48447242498996884,-0.13354476335017673,0.7294528621325851,-0.06957305784034094,-0.09618547109338517,-0.010682219400525106,0.0,0.0038780987521377735,0.0038780987521377735,0.0007600103378597178,-0.004089687750923554,0.0006785575109246045,0.004214688827106931,-0.0037059951234878485,0.00518179375625627,0.03334181769470512,0.03394498775334355,0.03416514965598515,0.007553708091655472,measured_min_over_explicit_pairs,-0.00042816239891122116,1887,collision_hand_left_ring_link2_external_exact_mesh,left_object_external_exact_sdf,11,0,0.4766389247486649,-0.1266030992987345,0.7277432916048004,0.47685275061246607,-0.12686974010127675,0.7280011757303894,measured_min_over_explicit_pairs,0.0011119749611394614,23,collision_hand_left_ring_floor_semantic_23,floor,0,0.0,,0,0.0,not_applicable_static_combination
2,0.06666666666666667,AR,left,ring,target,0.4837124146521091,-0.12945507559925318,0.7287743046216605,0.4837124146521091,-0.12945507559925318,0.7287743046216605,0.480766429866481,-0.12836296959392046,0.7627946798272902,-0.0696472616377514,-0.08925938039491839,0.022548578889731268,0.0,0.0038780987521377735,0.0038780987521377735,0.0007600103378597178,-0.004089687750923554,0.0006785575109246045,0.004214688827106931,-0.0037059951234878485,0.00518179375625627,0.03334181769470512,0.03394498775334355,0.03416514965598515,0.005400901235807514,measured_min_over_explicit_pairs,-1.621996327537799e-05,1887,collision_hand_left_ring_link2_external_exact_mesh,left_object_external_exact_sdf,11,0,0.4767589970128019,-0.13168175501422485,0.7570397539059905,0.47676894920094115,-0.13169392304268546,0.7570437514356374,measured_min_over_explicit_pairs,0.03500249477269546,23,collision_hand_left_ring_floor_semantic_23,floor,0,0.0,,0,0.0,not_applicable_static_combination
2,0.06666666666666667,RA,left,ring,target,0.4837124146521091,-0.12945507559925318,0.7287743046216605,0.4837124146521091,-0.12945507559925318,0.7287743046216605,0.48447242498996884,-0.13354476335017673,0.7294528621325851,-0.06952968437656273,-0.09600072733172005,-0.008568731823064444,0.0,0.0036931817817405246,0.0036931817817405246,0.0007600103378597178,-0.004089687750923554,0.0006785575109246045,0.004214688827106931,-0.0037059951234878485,0.00518179375625627,0.03334181769470512,0.03394498775334355,0.03416514965598515,0.007339070742847422,measured_min_over_explicit_pairs,-0.0001145647752879645,1887,collision_hand_left_ring_link2_external_exact_mesh,left_object_external_exact_sdf,11,0,0.47797893711727935,-0.12831225650913816,0.7255432799761914,0.47805093004652277,-0.12839853701220075,0.7255655909749812,measured_min_over_explicit_pairs,0.0011119749611394614,23,collision_hand_left_ring_floor_semantic_23,floor,0,0.0,,0,0.0,not_applicable_static_combination
2,0.06666666666666667,AA,left,ring,target,0.4837124146521091,-0.12945507559925318,0.7287743046216605,0.4837124146521091,-0.12945507559925318,0.7287743046216605,0.480766429866481,-0.12836296959392046,0.7627946798272902,-0.06915684432864332,-0.08943836357507726,0.024733799098756084,0.0,0.0036931817817405246,0.0036931817817405246,0.0007600103378597178,-0.004089687750923554,0.0006785575109246045,0.004214688827106931,-0.0037059951234878485,0.00518179375625627,0.03334181769470512,0.03394498775334355,0.03416514965598515,0.0075882184999694164,measured_min_over_explicit_pairs,0.012556115365047651,1828,collision_hand_left_ring_1,left_object_6,12,0,0.4697418734586177,-0.1473479107096011,0.7653521673794652,0.4653554932184544,-0.14205023920863805,0.7548473885566163,measured_min_over_explicit_pairs,0.03500249477269546,23,collision_hand_left_ring_floor_semantic_23,floor,152,820.6511950716376,21,0,0.0,source endpoint interval; AA solve data only; object and floor separated
2,0.06666666666666667,RR,left,pinky,target,0.4653317503631115,-0.15596337709575891,0.7298873617581961,0.4653317503631115,-0.15596337709575891,0.7298873617581961,0.46311933072461375,-0.13539024658958643,0.7279408230360253,-0.087222725758861,-0.08409401191243725,-0.012665283333695654,0.0,0.012579353068338087,0.012579353068338087,-0.00221241963849772,0.020573130506172488,-0.0019465387221708763,0.020783106420305075,-0.002441327276063332,0.003955428190290988,0.03042067636480883,0.030773739479137696,0.037869302430366104,0.0007959039201306928,measured_min_over_explicit_pairs,-0.0043727850154596775,1926,collision_hand_left_pinky_1,left_object_6,13,0,0.4481484921353518,-0.1493155205068687,0.7449596646528676,0.4508501593804549,-0.15258296372776042,0.743889123814593,measured_min_over_explicit_pairs,-0.0003640297322713426,25,collision_hand_left_pinky_floor_semantic_25,floor,0,0.0,,0,0.0,not_applicable_static_combination
2,0.06666666666666667,AR,left,pinky,target,0.4653317503631115,-0.15596337709575891,0.7298873617581961,0.4653317503631115,-0.15596337709575891,0.7298873617581961,0.4606780034485504,-0.13143481839929544,0.7583614994008341,-0.0870540991034628,-0.0789679197267725,0.01767804847882939,0.0,0.012579353068338087,0.012579353068338087,-0.00221241963849772,0.020573130506172488,-0.0019465387221708763,0.020783106420305075,-0.002441327276063332,0.003955428190290988,0.03042067636480883,0.030773739479137696,0.037869302430366104,0.007692994743738532,measured_min_over_explicit_pairs,-0.000126985062441978,1984,collision_hand_left_pinky_link2_external_exact_mesh,left_object_external_exact_sdf,13,0,0.45885192527272606,-0.1451661523220619,0.7573840870834144,0.45877599120509455,-0.14507298056705345,0.7574250535028938,measured_min_over_explicit_pairs,0.03013267181134094,25,collision_hand_left_pinky_floor_semantic_25,floor,0,0.0,,0,0.0,not_applicable_static_combination
2,0.06666666666666667,RA,left,pinky,target,0.4653317503631115,-0.15596337709575891,0.7298873617581961,0.4653317503631115,-0.15596337709575891,0.7298873617581961,0.46311933072461375,-0.13539024658958643,0.7279408230360253,-0.08726470793541512,-0.083977000319376,-0.010164235950663817,0.0,0.012547812790512671,0.012547812790512671,-0.00221241963849772,0.020573130506172488,-0.0019465387221708763,0.020783106420305075,-0.002441327276063332,0.003955428190290988,0.03042067636480883,0.030773739479137696,0.037869302430366104,0.0017073017359407635,measured_min_over_explicit_pairs,-0.004842705507899626,1926,collision_hand_left_pinky_1,left_object_6,13,0,0.44814159215316496,-0.14927996663543244,0.7448306813475463,0.4511363780925459,-0.15291289308490066,0.7436971473929238,measured_min_over_explicit_pairs,-0.0003640297322713426,25,collision_hand_left_pinky_floor_semantic_25,floor,0,0.0,,0,0.0,not_applicable_static_combination
2,0.06666666666666667,AA,left,pinky,target,0.4653317503631115,-0.15596337709575891,0.7298873617581961,0.4653317503631115,-0.15596337709575891,0.7298873617581961,0.4606780034485504,-0.13143481839929544,0.7583614994008341,-0.08668208982683785,-0.07918175842187407,0.02022802051070868,0.0,0.012547812790512671,0.012547812790512671,-0.00221241963849772,0.020573130506172488,-0.0019465387221708763,0.020783106420305075,-0.002441327276063332,0.003955428190290988,0.03042067636480883,0.030773739479137696,0.037869302430366104,0.00844438189494672,measured_min_over_explicit_pairs,0.005369167175804126,1926,collision_hand_left_pinky_1,left_object_6,14,0,0.452034378019252,-0.15289960465716027,0.7604575718649833,0.4514593807118417,-0.1521873620113898,0.7551670100165829,measured_min_over_explicit_pairs,0.03013267181134094,25,collision_hand_left_pinky_floor_semantic_25,floor,134,607.2708145603538,21,0,0.0,source endpoint interval; AA solve data only; object and floor separated
3,0.1,RR,right,palm,tool,0.7389021761715412,-0.22231158707290888,0.7582028462819693,0.7389021761715412,-0.22231158707290888,0.7582028462819693,0.7465635723838255,-0.2528696811658293,0.7557848875569697,-0.07661601152679612,-0.25791042995058827,0.006616437736485851,0.0,0.17938705682156728,0.17938705682156728,0.007661396212284344,-0.03055809409292043,-0.0024179587249996137,0.031596528779427424,-0.0021982974776670883,-0.0004857921141236954,0.018578570599615984,0.01871448079171254,0.03542222035364345,0.2105392497155916,measured_min_over_explicit_pairs,0.11053984800533243,118,collision_hand_right_palm_0,right_object_9,2,0,0.7375331994342554,-0.15346016338272347,0.7618651051583791,0.7276748405621631,-0.04351165754606406,0.7676267734651376,measured_min_over_explicit_pairs,0.004948458939624034,0,collision_hand_right_palm_floor_semantic_00,floor,0,0.0,,0,0.0,not_applicable_static_combination
3,0.1,AR,right,palm,tool,0.7389021761715412,-0.22231158707290888,0.7582028462819693,0.7389021761715412,-0.22231158707290888,0.7582028462819693,0.7443652749061584,-0.253355473279953,0.7743634581565857,-0.07894038295617399,-0.2569976634434759,0.02516356544039632,0.0,0.17938705682156728,0.17938705682156728,0.007661396212284344,-0.03055809409292043,-0.0024179587249996137,0.031596528779427424,-0.0021982974776670883,-0.0004857921141236954,0.018578570599615984,0.01871448079171254,0.03542222035364345,0.21041786389859532,measured_min_over_explicit_pairs,0.10979732195045917,118,collision_hand_right_palm_0,right_object_9,2,0,0.7371619778156664,-0.15272671020243006,0.7615015463270487,0.727674840562163,-0.04351165754606406,0.7676267734651375,measured_min_over_explicit_pairs,0.02362017993018284,0,collision_hand_right_palm_floor_semantic_00,floor,0,0.0,,0,0.0,not_applicable_static_combination
3,0.1,RA,right,palm,tool,0.7389021761715412,-0.22231158707290888,0.7582028462819693,0.7389021761715412,-0.22231158707290888,0.7582028462819693,0.7465635723838255,-0.2528696811658293,0.7557848875569697,-0.07643582372821109,-0.25848188864990557,0.0038538112963525666,0.0,0.1799714757461768,0.1799714757461768,0.007661396212284344,-0.03055809409292043,-0.0024179587249996137,0.031596528779427424,-0.0021982974776670883,-0.0004857921141236954,0.018578570599615984,0.01871448079171254,0.03542222035364345,0.21112356678147906,measured_min_over_explicit_pairs,0.11112366337003153,118,collision_hand_right_palm_0,right_object_9,2,0,0.7377390860916906,-0.15332835526614658,0.7597021203672929,0.7278286603723563,-0.04279915723394469,0.7654942188812977,measured_min_over_explicit_pairs,0.004948458939624034,0,collision_hand_right_palm_floor_semantic_00,floor,0,0.0,,0,0.0,not_applicable_static_combination
3,0.1,AA,right,palm,tool,0.7389021761715412,-0.22231158707290888,0.7582028462819693,0.7389021761715412,-0.22231158707290888,0.7582028462819693,0.7443652749061584,-0.253355473279953,0.7743634581565857,-0.0786706553773249,-0.25793057566649763,0.022426193286765723,0.0,0.1799714757461768,0.1799714757461768,0.007661396212284344,-0.03055809409292043,-0.0024179587249996137,0.031596528779427424,-0.0021982974776670883,-0.0004857921141236954,0.018578570599615984,0.01871448079171254,0.03542222035364345,0.2111658812681126,measured_min_over_explicit_pairs,0.11037378471949057,118,collision_hand_right_palm_0,right_object_9,2,0,0.7373656074146068,-0.15258761560327155,0.759336832804045,0.7278286603723564,-0.042799157233944694,0.7654942188812979,measured_min_over_explicit_pairs,0.02362017993018284,0,collision_hand_right_palm_floor_semantic_00,floor,0,0.0,,0,0.0,source endpoint interval; AA solve data only; object and floor separated
3,0.1,RR,right,thumb,tool,0.6584550388157367,-0.13695718441158533,0.7232755973271964,0.6584550388157367,-0.13695718441158533,0.7232755973271964,0.6611437056514035,-0.1406859449861666,0.7144227178943119,-0.11432954148825226,-0.12340530976036937,-0.03897561941688804,0.0,0.11251460589220619,0.11251460589220619,0.0026886668356667087,-0.003728760574581269,-0.008852879432884486,0.009975272378684945,-0.0017871838888936509,0.000266517135691563,0.020674948598350174,0.020753760073315874,0.012351563483483053,0.11745417536868062,measured_min_over_explicit_pairs,0.13394107347778278,264,collision_hand_right_thumb_external_semantic_rota1,right_object_3,25,0,0.6686129601734433,-0.16412287286624294,0.7231441151780121,0.7054933778116587,-0.039640437615199794,0.7560708409973442,measured_min_over_explicit_pairs,-0.020895361413464486,3,collision_hand_right_thumb_floor_semantic_03,floor,0,0.0,,0,0.0,not_applicable_static_combination
3,0.1,AR,right,thumb,tool,0.6584550388157367,-0.13695718441158533,0.7232755973271964,0.6584550388157367,-0.13695718441158533,0.7232755973271964,0.6593565217625098,-0.14041942785047504,0.7350976664926621,-0.11600552438102178,-0.12188305486389774,-0.018345729001423592,0.0,0.11251460589220619,0.11251460589220619,0.0026886668356667087,-0.003728760574581269,-0.008852879432884486,0.009975272378684945,-0.0017871838888936509,0.000266517135691563,0.020674948598350174,0.020753760073315874,0.012351563483483053,0.11246134642367621,measured_min_over_explicit_pairs,0.130426834269843,284,collision_hand_right_thumb_external_semantic_rota1,right_object_23,26,0,0.6664021987916174,-0.16355875300061531,0.7416575530214922,0.705114898013538,-0.040496046404397176,0.7608423454837352,measured_min_over_explicit_pairs,-5.085933393589315e-05,3,collision_hand_right_thumb_floor_semantic_03,floor,0,0.0,,0,0.0,not_applicable_static_combination
3,0.1,RA,right,thumb,tool,0.6584550388157367,-0.13695718441158533,0.7232755973271964,0.6584550388157367,-0.13695718441158533,0.7232755973271964,0.6611437056514035,-0.1406859449861666,0.7144227178943119,-0.1143865615378649,-0.12312380200596179,-0.03893056967157689,0.0,0.11241163279849141,0.11241163279849141,0.0026886668356667087,-0.003728760574581269,-0.008852879432884486,0.009975272378684945,-0.0017871838888936509,0.000266517135691563,0.020674948598350174,0.020753760073315874,0.012351563483483053,0.1172792920766661,measured_min_over_explicit_pairs,0.1339623825054056,264,collision_hand_right_thumb_external_semantic_rota1,right_object_3,25,0,0.6685622187409516,-0.1640612772440389,0.7229645145108665,0.705246725499628,-0.03920519930825368,0.7547627329026309,measured_min_over_explicit_pairs,-0.020895361413464486,3,collision_hand_right_thumb_floor_semantic_03,floor,0,0.0,,0,0.0,not_applicable_static_combination
3,0.1,AA,right,thumb,tool,0.6584550388157367,-0.13695718441158533,0.7232755973271964,0.6584550388157367,-0.13695718441158533,0.7232755973271964,0.6593565217625098,-0.14041942785047504,0.7350976664926621,-0.11596302563629055,-0.12200348366093657,-0.01826711872714519,0.0,0.11241163279849141,0.11241163279849141,0.0026886668356667087,-0.003728760574581269,-0.008852879432884486,0.009975272378684945,-0.0017871838888936509,0.000266517135691563,0.020674948598350174,0.020753760073315874,0.012351563483483053,0.1125039301638081,measured_min_over_explicit_pairs,0.13062220270212416,284,collision_hand_right_thumb_external_semantic_rota1,right_object_23,26,0,0.6663600991008306,-0.1635162293817776,0.7414621644467088,0.7049457601973959,-0.04000226372468551,0.7592836931172381,measured_min_over_explicit_pairs,-5.085933393589315e-05,3,collision_hand_right_thumb_floor_semantic_03,floor,0,0.0,,40,339.2774736881256,source endpoint interval; AA solve data only; object and floor separated
3,0.1,RR,right,index,tool,0.6796260572969913,-0.07620240096002817,0.7252286031179068,0.6796260572969913,-0.07620240096002817,0.7252286031179068,0.6843574998007046,-0.07818471296069904,0.7279152666252358,-0.06974599276200276,-0.07351181421072815,-0.026716769569700777,0.0,0.0515946195043121,0.0515946195043121,0.004731442503713268,-0.001982312000670866,0.0026866635073289347,0.005790878157547542,-0.0013964605884608794,-0.000485772541176932,0.018596007709933193,0.0186546932401683,0.021683303249801365,0.05037627320700424,measured_min_over_explicit_pairs,0.05143812287294776,389,collision_hand_right_index_1,right_object_3,1,0,0.6961017513854305,-0.08921491355999145,0.7451854261037704,0.7084447915396551,-0.04069400762953949,0.7569859147433098,measured_min_over_explicit_pairs,-0.00015576213497281444,6,collision_hand_right_index_floor_semantic_06,floor,0,0.0,,0,0.0,not_applicable_static_combination
3,0.1,AR,right,index,tool,0.6796260572969913,-0.07620240096002817,0.7252286031179068,0.6796260572969913,-0.07620240096002817,0.7252286031179068,0.6829610392122437,-0.07867048550187597,0.746511274335169,-0.07132533201663396,-0.0728944344234909,-0.008139307159514811,0.0,0.0515946195043121,0.0515946195043121,0.004731442503713268,-0.001982312000670866,0.0026866635073289347,0.005790878157547542,-0.0013964605884608794,-0.000485772541176932,0.018596007709933193,0.0186546932401683,0.021683303249801365,0.045472111821337265,measured_min_over_explicit_pairs,0.04950426046915678,409,collision_hand_right_index_1,right_object_23,1,0,0.694853622584541,-0.08942776364081778,0.7619878935537961,0.7078167850434169,-0.041773138925761275,0.7654032949840874,measured_min_over_explicit_pairs,0.018394169829677565,6,collision_hand_right_index_floor_semantic_06,floor,0,0.0,,0,0.0,not_applicable_static_combination
3,0.1,RA,right,index,tool,0.6796260572969913,-0.07620240096002817,0.7252286031179068,0.6796260572969913,-0.07620240096002817,0.7252286031179068,0.6843574998007046,-0.07818471296069904,0.7279152666252358,-0.06975071756847395,-0.07346826443929767,-0.025918954211934304,0.0,0.051168802031009875,0.051168802031009875,0.004731442503713268,-0.001982312000670866,0.0026866635073289347,0.005790878157547542,-0.0013964605884608794,-0.000485772541176932,0.018596007709933193,0.0186546932401683,0.021683303249801365,0.0500357910224707,measured_min_over_explicit_pairs,0.051525080906201545,389,collision_hand_right_index_1,right_object_3,1,0,0.6960760377393298,-0.08915758062479089,0.7449672169070163,0.7083295361143153,-0.04030847464625113,0.7558507174956246,measured_min_over_explicit_pairs,-0.00015576213497281444,6,collision_hand_right_index_floor_semantic_06,floor,0,0.0,,0,0.0,not_applicable_static_combination
3,0.1,AA,right,index,tool,0.6796260572969913,-0.07620240096002817,0.7252286031179068,0.6796260572969913,-0.07620240096002817,0.7252286031179068,0.6829610392122437,-0.07867048550187597,0.746511274335169,-0.07124034111337288,-0.07321270636495077,-0.007325587339581688,0.0,0.051168802031009875,0.051168802031009875,0.004731442503713268,-0.001982312000670866,0.0026866635073289347,0.005790878157547542,-0.0013964605884608794,-0.000485772541176932,0.018596007709933193,0.0186546932401683,0.021683303249801365,0.04546792714775527,measured_min_over_explicit_pairs,0.0498804258032836,409,collision_hand_right_index_1,right_object_23,1,0,0.6947996583215313,-0.08940480717942925,0.7618605334982901,0.7076370098905174,-0.04129264868453114,0.7647724895372671,measured_min_over_explicit_pairs,0.018394169829677565,6,collision_hand_right_index_floor_semantic_06,floor,0,0.0,,0,0.0,source endpoint interval; AA solve data only; object and floor separated
3,0.1,RR,right,middle,tool,0.7119485534727573,-0.05918921995908022,0.722416694395983,0.7119485534727573,-0.05918921995908022,0.722416694395983,0.7125764840024167,-0.07009977257301818,0.727583360512719,-0.04053487785278485,-0.07642576144260313,-0.026801441918613507,0.0,0.031111680594151134,0.031111680594151134,0.0006279305296593707,-0.01091055261393796,0.005166666116735996,0.012088378462532292,-0.0017257728894911617,-0.00017216649673247597,0.01960194581820618,0.019678521622027163,0.027157246876604053,0.03712382334763319,measured_min_over_explicit_pairs,0.022131679442774513,591,collision_hand_right_middle_0,right_object_3,0,0,0.7141341735125849,-0.057190961862123885,0.7350523454752548,0.7165244503006589,-0.03795246115440314,0.745728388860009,measured_min_over_explicit_pairs,0.0001697781035558954,8,collision_hand_right_middle_floor_semantic_08,floor,0,0.0,,0,0.0,not_applicable_static_combination
3,0.1,AR,right,middle,tool,0.7119485534727573,-0.05918921995908022,0.722416694395983,0.7119485534727573,-0.05918921995908022,0.722416694395983,0.7108507111129255,-0.07027193906975066,0.7471853063309252,-0.042309930326628796,-0.07536560046347997,-0.007231836387534565,0.0,0.031111680594151134,0.031111680594151134,0.0006279305296593707,-0.01091055261393796,0.005166666116735996,0.012088378462532292,-0.0017257728894911617,-0.00017216649673247597,0.01960194581820618,0.019678521622027163,0.027157246876604053,0.030153527684134356,measured_min_over_explicit_pairs,0.015387475161610967,591,collision_hand_right_middle_0,right_object_3,0,0,0.7125620362858538,-0.05647948061687063,0.752395353425773,0.714419396234312,-0.04171171501968954,0.7562989037505123,measured_min_over_explicit_pairs,0.019811590249083744,8,collision_hand_right_middle_floor_semantic_08,floor,0,0.0,,0,0.0,not_applicable_static_combination
3,0.1,RA,right,middle,tool,0.7119485534727573,-0.05918921995908022,0.722416694395983,0.7119485534727573,-0.05918921995908022,0.722416694395983,0.7125764840024167,-0.07009977257301818,0.727583360512719,-0.040539977913086306,-0.07637350624316804,-0.026201356341111592,0.0,0.03053358007468051,0.03053358007468051,0.0006279305296593707,-0.01091055261393796,0.005166666116735996,0.012088378462532292,-0.0017257728894911617,-0.00017216649673247597,0.01960194581820618,0.019678521622027163,0.027157246876604053,0.036808332952493875,measured_min_over_explicit_pairs,0.02182058412869893,591,collision_hand_right_middle_0,right_object_3,0,0,0.714038691967522,-0.05710420797956779,0.7349136719918518,0.7161870233741476,-0.03794683240170599,0.7451370532746601,measured_min_over_explicit_pairs,0.0001697781035558954,8,collision_hand_right_middle_floor_semantic_08,floor,0,0.0,,0,0.0,not_applicable_static_combination
3,0.1,AA,right,middle,tool,0.7119485534727573,-0.05918921995908022,0.722416694395983,0.7119485534727573,-0.05918921995908022,0.722416694395983,0.7108507111129255,-0.07027193906975066,0.7471853063309252,-0.042220574818707994,-0.07569459268410943,-0.006606487531937805,0.0,0.03053358007468051,0.03053358007468051,0.0006279305296593707,-0.01091055261393796,0.005166666116735996,0.012088378462532292,-0.0017257728894911617,-0.00017216649673247597,0.01960194581820618,0.019678521622027163,0.027157246876604053,0.030245052102127228,measured_min_over_explicit_pairs,0.015514890290032385,591,collision_hand_right_middle_0,right_object_3,0,0,0.7125656960661805,-0.056389141811865606,0.7520228918630825,0.7144441138889517,-0.0413589328918314,0.7553808952899659,measured_min_over_explicit_pairs,0.019811590249083744,8,collision_hand_right_middle_floor_semantic_08,floor,0,0.0,,0,0.0,source endpoint interval; AA solve data only; object and floor separated
3,0.1,RR,right,ring,tool,0.7342118717730045,-0.06473106238991022,0.7252667500905631,0.7342118717730045,-0.06473106238991022,0.7252667500905631,0.7334927288848192,-0.06855378752207612,0.7269148510672014,-0.020523384505042857,-0.082728828761478,-0.027172590142537097,0.0,0.03401768733126626,0.03401768733126626,-0.000719142888185309,-0.0038227251321659023,0.001648100976638367,0.004224527282302324,-0.002025775232411098,-0.0005972467438913887,0.01857819227795099,0.018697852745218013,0.020884771142977907,0.036282352615228684,measured_min_over_explicit_pairs,0.021467381301630215,744,collision_hand_right_ring_0,right_object_3,0,0,0.7328085238990484,-0.055962793427743865,0.7347956107325325,0.7300220817482269,-0.03748399177626699,0.7453605569990822,measured_min_over_explicit_pairs,-3.502590726145449e-05,10,collision_hand_right_ring_floor_semantic_10,floor,0,0.0,,0,0.0,not_applicable_static_combination
3,0.1,AR,right,ring,tool,0.7342118717730045,-0.06473106238991022,0.7252667500905631,0.7342118717730045,-0.06473106238991022,0.7252667500905631,0.7314669536524081,-0.06915103426596751,0.7454930433451524,-0.022728602249313036,-0.08198327767804457,-0.008620208474292883,0.0,0.03401768733126626,0.03401768733126626,-0.000719142888185309,-0.0038227251321659023,0.001648100976638367,0.004224527282302324,-0.002025775232411098,-0.0005972467438913887,0.01857819227795099,0.018697852745218013,0.020884771142977907,0.0293032935216966,measured_min_over_explicit_pairs,0.014752527761418234,744,collision_hand_right_ring_0,right_object_3,0,0,0.7310031852696564,-0.05556012103216758,0.7510394975754422,0.7294049089762428,-0.041408339600185105,0.7548878310514711,measured_min_over_explicit_pairs,0.018514337243445866,10,collision_hand_right_ring_floor_semantic_10,floor,0,0.0,,0,0.0,not_applicable_static_combination
3,0.1,RA,right,ring,tool,0.7342118717730045,-0.06473106238991022,0.7252667500905631,0.7342118717730045,-0.06473106238991022,0.7252667500905631,0.7334927288848192,-0.06855378752207612,0.7269148510672014,-0.02052970026996985,-0.08266370388412743,-0.026791675678567443,0.0,0.033713484060607715,0.033713484060607715,-0.000719142888185309,-0.0038227251321659023,0.001648100976638367,0.004224527282302324,-0.002025775232411098,-0.0005972467438913887,0.01857819227795099,0.018697852745218013,0.020884771142977907,0.036046348182596805,measured_min_over_explicit_pairs,0.021252368754245562,744,collision_hand_right_ring_0,right_object_3,0,0,0.7327538464339587,-0.055883580647679315,0.7346392151426384,0.7298791101069146,-0.03742151266901042,0.7447659675671532,measured_min_over_explicit_pairs,-3.502590726145449e-05,10,collision_hand_right_ring_floor_semantic_10,floor,0,0.0,,0,0.0,not_applicable_static_combination
3,0.1,AA,right,ring,tool,0.7342118717730045,-0.06473106238991022,0.7252667500905631,0.7342118717730045,-0.06473106238991022,0.7252667500905631,0.7314669536524081,-0.06915103426596751,0.7454930433451524,-0.022645332701612706,-0.08227965033741516,-0.008217868864419312,0.0,0.033713484060607715,0.033713484060607715,-0.000719142888185309,-0.0038227251321659023,0.001648100976638367,0.004224527282302324,-0.002025775232411098,-0.0005972467438913887,0.01857819227795099,0.018697852745218013,0.020884771142977907,0.029457238062657824,measured_min_over_explicit_pairs,0.014951991436518106,744,collision_hand_right_ring_0,right_object_3,0,0,0.730960403479322,-0.055505282746888006,0.7508089536109693,0.7292765501649495,-0.04108016595983542,0.7543646098954382,measured_min_over_explicit_pairs,0.018514337243445866,10,collision_hand_right_ring_floor_semantic_10,floor,0,0.0,,0,0.0,source endpoint interval; AA solve data only; object and floor separated
3,0.1,RR,right,pinky,tool,0.7605715788900852,-0.08915355894714594,0.7232996776036856,0.7605715788900852,-0.08915355894714594,0.7232996776036856,0.7533438483041371,-0.06862234717112649,0.7227341114105265,-0.002078729764134312,-0.09024309677891491,-0.031030143039543084,0.0,0.06168136124187362,0.06168136124187362,-0.007227730585948056,0.02053121177601945,-0.0005655661931591727,0.021773621920425947,-0.0022291273458134864,-0.0008005812794212308,0.01793103385162864,0.018086788385367522,0.027933660854463062,0.04264280454793099,measured_min_over_explicit_pairs,0.02816498807939461,896,collision_hand_right_pinky_0,right_object_3,0,0,0.7508049219798798,-0.056731884232007826,0.7308688283638637,0.7417687257680702,-0.03416419093716235,0.7450925033771613,measured_min_over_explicit_pairs,-0.004052278957424216,12,collision_hand_right_pinky_floor_semantic_12,floor,0,0.0,,0,0.0,not_applicable_static_combination
3,0.1,AR,right,pinky,tool,0.7605715788900852,-0.08915355894714594,0.7232996776036856,0.7605715788900852,-0.08915355894714594,0.7232996776036856,0.7511147209583237,-0.06942292845054772,0.7406651452621551,-0.004544463519525559,-0.08963063454454714,-0.013122687576634266,0.0,0.06168136124187362,0.06168136124187362,-0.007227730585948056,0.02053121177601945,-0.0005655661931591727,0.021773621920425947,-0.0022291273458134864,-0.0008005812794212308,0.01793103385162864,0.018086788385367522,0.027933660854463062,0.03515213295595756,measured_min_over_explicit_pairs,0.020912272712599066,896,collision_hand_right_pinky_0,right_object_3,0,0,0.7485596686653692,-0.056536667089697366,0.7467331697945635,0.7418293336566575,-0.037779670060887074,0.7530735801233852,measured_min_over_explicit_pairs,0.013812473627371813,12,collision_hand_right_pinky_floor_semantic_12,floor,0,0.0,,0,0.0,not_applicable_static_combination
3,0.1,RA,right,pinky,tool,0.7605715788900852,-0.08915355894714594,0.7232996776036856,0.7605715788900852,-0.08915355894714594,0.7232996776036856,0.7533438483041371,-0.06862234717112649,0.7227341114105265,-0.0021029352135386366,-0.09009740748081198,-0.030883693163148797,0.0,0.061669014872904084,0.061669014872904084,-0.007227730585948056,0.02053121177601945,-0.0005655661931591727,0.021773621920425947,-0.0022291273458134864,-0.0008005812794212308,0.01793103385162864,0.018086788385367522,0.027933660854463062,0.04244386500091147,measured_min_over_explicit_pairs,0.02799110086770383,896,collision_hand_right_pinky_0,right_object_3,0,0,0.7507382642776297,-0.056652242543222806,0.7306960975352087,0.7415712741957492,-0.034000953588263785,0.744348464703712,measured_min_over_explicit_pairs,-0.004052278957424216,12,collision_hand_right_pinky_floor_semantic_12,floor,0,0.0,,0,0.0,not_applicable_static_combination
3,0.1,AA,right,pinky,tool,0.7605715788900852,-0.08915355894714594,0.7232996776036856,0.7605715788900852,-0.08915355894714594,0.7232996776036856,0.7511147209583237,-0.06942292845054772,0.7406651452621551,-0.004482180119193513,-0.0898339310744276,-0.012956013782948481,0.0,0.061669014872904084,0.061669014872904084,-0.007227730585948056,0.02053121177601945,-0.0005655661931591727,0.021773621920425947,-0.0022291273458134864,-0.0008005812794212308,0.01793103385162864,0.018086788385367522,0.027933660854463062,0.03529594970508334,measured_min_over_explicit_pairs,0.021099780388066564,896,collision_hand_right_pinky_0,right_object_3,0,0,0.7485501368905784,-0.056460650026345774,0.746487225328396,0.7417393432113042,-0.03737507603866673,0.7523655488516318,measured_min_over_explicit_pairs,0.013812473627371813,12,collision_hand_right_pinky_floor_semantic_12,floor,0,0.0,,0,0.0,source endpoint interval; AA solve data only; object and floor separated
3,0.1,RR,left,palm,target,0.4781495280563831,-0.284168959595263,0.7597450568608878,0.4781495280563831,-0.284168959595263,0.7597450568608878,0.48200958049843884,-0.31724942645074095,0.7502290931404615,-0.1883199510173235,-0.2362623645036057,0.010704976251568916,0.0,0.12105475524458531,0.12105475524458531,0.003860052442055728,-0.03308046685547794,-0.00951596372042629,0.03463770861012986,-0.0018084851558027304,0.0035121830368157747,0.031073001319072202,0.031323113817401965,0.036649668570676266,0.1529355661098124,measured_min_over_explicit_pairs,0.043845223390041786,1244,collision_hand_left_palm_0,left_object_7,17,0,0.43918183401316746,-0.2167378502556893,0.7608183682176688,0.4231798232088839,-0.1761725380320816,0.7562582466684683,measured_min_over_explicit_pairs,-0.002038073742253288,13,collision_hand_left_palm_floor_semantic_13,floor,0,0.0,,0,0.0,not_applicable_static_combination
3,0.1,AR,left,palm,target,0.4781495280563831,-0.284168959595263,0.7597450568608878,0.4781495280563831,-0.284168959595263,0.7597450568608878,0.4802010953426361,-0.31373724341392517,0.7813020944595337,-0.18794211767624336,-0.23187595773511457,0.04171713736371365,0.0,0.12105475524458531,0.12105475524458531,0.003860052442055728,-0.03308046685547794,-0.00951596372042629,0.03463770861012986,-0.0018084851558027304,0.0035121830368157747,0.031073001319072202,0.031323113817401965,0.036649668570676266,0.151004346490222,measured_min_over_explicit_pairs,0.0,1252,collision_hand_left_palm_0,left_object_15,17,0,0.4547050147536408,-0.21327229761656374,0.7697354689702811,0.3702773958295422,-0.10656898755619232,0.7380728686627509,measured_min_over_explicit_pairs,0.02937364495789907,13,collision_hand_left_palm_floor_semantic_13,floor,0,0.0,,0,0.0,not_applicable_static_combination
3,0.1,RA,left,palm,target,0.4781495280563831,-0.284168959595263,0.7597450568608878,0.4781495280563831,-0.284168959595263,0.7597450568608878,0.48200958049843884,-0.31724942645074095,0.7502290931404615,-0.18677480576676989,-0.23728354361339807,0.01190903589728927,0.0,0.12178844885150046,0.12178844885150046,0.003860052442055728,-0.03308046685547794,-0.00951596372042629,0.03463770861012986,-0.0018084851558027304,0.0035121830368157747,0.031073001319072202,0.031323113817401965,0.036649668570676266,0.15345210202061557,measured_min_over_explicit_pairs,0.04479723050608189,1244,collision_hand_left_palm_0,left_object_7,17,0,0.4402858204832669,-0.21657383366037858,0.758403384558818,0.4227396324690892,-0.1756908436431798,0.7531589327819603,measured_min_over_explicit_pairs,-0.002038073742253288,13,collision_hand_left_palm_floor_semantic_13,floor,0,0.0,,0,0.0,not_applicable_static_combination
3,0.1,AA,left,palm,target,0.4781495280563831,-0.284168959595263,0.7597450568608878,0.4781495280563831,-0.284168959595263,0.7597450568608878,0.4802010953426361,-0.31373724341392517,0.7813020944595337,-0.18596896115280057,-0.23343677079635436,0.042984595627889595,0.0,0.12178844885150046,0.12178844885150046,0.003860052442055728,-0.03308046685547794,-0.00951596372042629,0.03463770861012986,-0.0018084851558027304,0.0035121830368157747,0.031073001319072202,0.031323113817401965,0.036649668570676266,0.15214834965959517,measured_min_over_explicit_pairs,0.04501521719689228,1244,collision_hand_left_palm_0,left_object_7,17,0,0.45114607945671503,-0.21116727381365846,0.7609874922760742,0.4285348867504384,-0.1729517029404281,0.7535933130439947,measured_min_over_explicit_pairs,0.02937364495789907,13,collision_hand_left_palm_floor_semantic_13,floor,0,0.0,,0,0.0,source endpoint interval; AA solve data only; object and floor separated
3,0.1,RR,left,thumb,target,0.5453063700348139,-0.19031126890331507,0.7276398494176505,0.5453063700348139,-0.19031126890331507,0.7276398494176505,0.54594734756095,-0.1946191896295703,0.7255444607111289,-0.06074160946307122,-0.18245006340529404,-0.013034171473208261,0.0,0.08993821252546884,0.08993821252546884,0.0006409775261361217,-0.004307920726255243,-0.002095388706521595,0.004833186009676156,-0.002534369455071017,0.0037775772436071664,0.031232820000812178,0.031562353580957,0.02920370010179613,0.09371677874073021,measured_min_over_explicit_pairs,0.08827056336107368,1460,collision_hand_left_thumb_0,left_object_27,52,0,0.5478466450511347,-0.1869240338722916,0.7257294404435596,0.4923920251849512,-0.11828754351513723,0.728076711844711,measured_min_over_explicit_pairs,-0.00872145258804291,16,collision_hand_left_thumb_floor_semantic_16,floor,0,0.0,,0,0.0,not_applicable_static_combination
3,0.1,AR,left,thumb,target,0.5453063700348139,-0.19031126890331507,0.7276398494176505,0.5453063700348139,-0.19031126890331507,0.7276398494176505,0.543412978105879,-0.19084161238596314,0.7567772807119411,-0.06075867377968582,-0.1773954168913821,0.018120802784490072,0.0,0.08993821252546884,0.08993821252546884,0.0006409775261361217,-0.004307920726255243,-0.002095388706521595,0.004833186009676156,-0.002534369455071017,0.0037775772436071664,0.031232820000812178,0.031562353580957,0.02920370010179613,0.08682549624815594,measured_min_over_explicit_pairs,0.08162634125310321,1439,collision_hand_left_thumb_0,left_object_6,52,0,0.5451056218367762,-0.18320339580741046,0.7561703951976223,0.49240488930331233,-0.12090624104483941,0.7540357089694772,measured_min_over_explicit_pairs,0.022494207054366777,16,collision_hand_left_thumb_floor_semantic_16,floor,0,0.0,,0,0.0,not_applicable_static_combination
3,0.1,RA,left,thumb,target,0.5453063700348139,-0.19031126890331507,0.7276398494176505,0.5453063700348139,-0.19031126890331507,0.7276398494176505,0.54594734756095,-0.1946191896295703,0.7255444607111289,-0.059985537369923736,-0.18204376425159496,-0.012760627930566322,0.0,0.0895571424416466,0.0895571424416466,0.0006409775261361217,-0.004307920726255243,-0.002095388706521595,0.004833186009676156,-0.002534369455071017,0.0037775772436071664,0.031232820000812178,0.031562353580957,0.02920370010179613,0.09329991484557158,measured_min_over_explicit_pairs,0.08780703964172071,1460,collision_hand_left_thumb_0,left_object_27,52,0,0.5479328057055243,-0.18684896191564035,0.725467335466375,0.4932737549325816,-0.11813343700776255,0.7262679701386282,measured_min_over_explicit_pairs,-0.00872145258804291,16,collision_hand_left_thumb_floor_semantic_16,floor,0,0.0,,0,0.0,not_applicable_static_combination
3,0.1,AA,left,thumb,target,0.5453063700348139,-0.19031126890331507,0.7276398494176505,0.5453063700348139,-0.19031126890331507,0.7276398494176505,0.543412978105879,-0.19084161238596314,0.7567772807119411,-0.05957758949131071,-0.17753453586560583,0.018475290520163987,0.0,0.0895571424416466,0.0895571424416466,0.0006409775261361217,-0.004307920726255243,-0.002095388706521595,0.004833186009676156,-0.002534369455071017,0.0037775772436071664,0.031232820000812178,0.031562353580957,0.02920370010179613,0.08698380557182785,measured_min_over_explicit_pairs,0.08173484139928477,1439,collision_hand_left_thumb_0,left_object_6,53,0,0.5452082778232693,-0.18313029422172564,0.7558899080901531,0.49299686530293685,-0.1203520024716827,0.7522240130910562,measured_min_over_explicit_pairs,0.022494207054366777,16,collision_hand_left_thumb_floor_semantic_16,floor,0,0.0,,0,0.0,source endpoint interval; AA solve data only; object and floor separated
3,0.1,RR,left,index,target,0.5300258662551641,-0.1353594670072198,0.7282693340711234,0.5300258662551641,-0.1353594670072198,0.7282693340711234,0.5283033557336969,-0.13800400883566463,0.7287743871870815,-0.03850200064231074,-0.12744528820278614,-0.010408133890083495,0.0,0.037817268559697526,0.037817268559697526,-0.0017225105214672132,-0.0026445418284448408,0.000505053115958165,0.0031962044097489577,-0.0019391471562848484,0.004103732122668929,0.03209079157852757,0.032410180702440526,0.03283330724448623,0.03882868358654168,measured_min_over_explicit_pairs,0.023917257362855597,1591,collision_hand_left_index_0,left_object_27,23,0,0.521234945775572,-0.12570850107575318,0.730154627059196,0.5061908525501755,-0.1071636135157172,0.7288138794422775,measured_min_over_explicit_pairs,0.00024011445962834888,19,collision_hand_left_index_floor_semantic_19,floor,0,0.0,,0,0.0,not_applicable_static_combination
3,0.1,AR,left,index,target,0.5300258662551641,-0.1353594670072198,0.7282693340711234,0.5300258662551641,-0.1353594670072198,0.7282693340711234,0.5263642085774121,-0.1339002767129957,0.7608651787656091,-0.03786464812394326,-0.12250159894062944,0.021616443100275266,0.0,0.037817268559697526,0.037817268559697526,-0.0017225105214672132,-0.0026445418284448408,0.000505053115958165,0.0031962044097489577,-0.0019391471562848484,0.004103732122668929,0.03209079157852757,0.032410180702440526,0.03283330724448623,0.03287971796142802,measured_min_over_explicit_pairs,0.01912951209265809,1570,collision_hand_left_index_0,left_object_6,23,0,0.5193323229899292,-0.1220492368090157,0.7603529113476798,0.5073431615510736,-0.10797501127906044,0.7554422681486509,measured_min_over_explicit_pairs,0.03252484502698949,19,collision_hand_left_index_floor_semantic_19,floor,0,0.0,,0,0.0,not_applicable_static_combination
3,0.1,RA,left,index,target,0.5300258662551641,-0.1353594670072198,0.7282693340711234,0.5300258662551641,-0.1353594670072198,0.7282693340711234,0.5283033557336969,-0.13800400883566463,0.7287743871870815,-0.03813654357959433,-0.12691676697455215,-0.009496089596602331,0.0,0.03729380486712893,0.03729380486712893,-0.0017225105214672132,-0.0026445418284448408,0.000505053115958165,0.0031962044097489577,-0.0019391471562848484,0.004103732122668929,0.03209079157852757,0.032410180702440526,0.03283330724448623,0.03830905245626553,measured_min_over_explicit_pairs,0.0234873709011022,1591,collision_hand_left_index_0,left_object_27,23,0,0.5213249741547183,-0.12568403715068113,0.7296862557017375,0.5067627349936129,-0.10741501427097065,0.7272695253731066,measured_min_over_explicit_pairs,0.00024011445962834888,19,collision_hand_left_index_floor_semantic_19,floor,0,0.0,,0,0.0,not_applicable_static_combination
3,0.1,AA,left,index,target,0.5300258662551641,-0.1353594670072198,0.7282693340711234,0.5300258662551641,-0.1353594670072198,0.7282693340711234,0.5263642085774121,-0.1339002767129957,0.7608651787656091,-0.03706045346159474,-0.12252842355783544,0.02259759023728009,0.0,0.03729380486712893,0.03729380486712893,-0.0017225105214672132,-0.0026445418284448408,0.000505053115958165,0.0031962044097489577,-0.0019391471562848484,0.004103732122668929,0.03209079157852757,0.032410180702440526,0.03283330724448623,0.03310050207919266,measured_min_over_explicit_pairs,0.019472399054185692,1570,collision_hand_left_index_0,left_object_6,24,0,0.5194982558193899,-0.12206659413293097,0.7599371371578084,0.5076173056696662,-0.1077738940050403,0.754128861034945,measured_min_over_explicit_pairs,0.03252484502698949,19,collision_hand_left_index_floor_semantic_19,floor,0,0.0,,0,0.0,source endpoint interval; AA solve data only; object and floor separated
3,0.1,RR,left,middle,target,0.5042615443468094,-0.12501288298517466,0.7248635246686576,0.5042615443468094,-0.12501288298517466,0.7248635246686576,0.5070876262318571,-0.1343855364928185,0.728475682881581,-0.05259711138970185,-0.11119686905260315,-0.01118689752049361,0.0,0.013497566163913498,0.013497566163913498,0.0028260818850477376,-0.009372653507643852,0.0036121582129234886,0.010434608739695714,-0.0024506585447903184,0.0032497377274851302,0.030692216590953003,0.030960921851045792,0.03484854618230383,0.022483460967032468,measured_min_over_explicit_pairs,0.0073966932617813,1785,collision_hand_left_middle_external_semantic_link2,left_object_27,21,0,0.5044293785360994,-0.11810107267629413,0.7288705290211805,0.4997806454525653,-0.11234949498693227,0.7290109071183708,measured_min_over_explicit_pairs,-0.00047571951155900294,21,collision_hand_left_middle_floor_semantic_21,floor,0,0.0,,0,0.0,not_applicable_static_combination
3,0.1,AR,left,middle,target,0.5042615443468094,-0.12501288298517466,0.7248635246686576,0.5042615443468094,-0.12501288298517466,0.7248635246686576,0.5046369676870668,-0.13113579876533338,0.759167899472534,-0.052876512366086426,-0.10661242497025386,0.019431454646413954,0.0,0.013497566163913498,0.013497566163913498,0.0028260818850477376,-0.009372653507643852,0.0036121582129234886,0.010434608739695714,-0.0024506585447903184,0.0032497377274851302,0.030692216590953003,0.030960921851045792,0.03484854618230383,0.01670262228538338,measured_min_over_explicit_pairs,0.002326432223298142,1764,collision_hand_left_middle_external_semantic_link2,left_object_6,22,0,0.5031470405776779,-0.11440728152527825,0.7563108539608407,0.5016919142212557,-0.11269933474079764,0.7556961898592149,measured_min_over_explicit_pairs,0.03008783732467446,21,collision_hand_left_middle_floor_semantic_21,floor,0,0.0,,0,0.0,not_applicable_static_combination
3,0.1,RA,left,middle,target,0.5042615443468094,-0.12501288298517466,0.7248635246686576,0.5042615443468094,-0.12501288298517466,0.7248635246686576,0.5070876262318571,-0.1343855364928185,0.728475682881581,-0.052367288584862955,-0.11077072745977498,-0.009780781070972624,0.0,0.01297758080360543,0.01297758080360543,0.0028260818850477376,-0.009372653507643852,0.0036121582129234886,0.010434608739695714,-0.0024506585447903184,0.0032497377274851302,0.030692216590953003,0.030960921851045792,0.03484854618230383,0.022124739183394814,measured_min_over_explicit_pairs,0.006944852053106949,1785,collision_hand_left_middle_external_semantic_link2,left_object_27,22,0,0.5049425887321918,-0.11771937694254414,0.727785981149411,0.5006246220664131,-0.11229837074060818,0.7273400824262238,measured_min_over_explicit_pairs,-0.00047571951155900294,21,collision_hand_left_middle_floor_semantic_21,floor,0,0.0,,0,0.0,not_applicable_static_combination
3,0.1,AA,left,middle,target,0.5042615443468094,-0.12501288298517466,0.7248635246686576,0.5042615443468094,-0.12501288298517466,0.7248635246686576,0.5046369676870668,-0.13113579876533338,0.759167899472534,-0.052225989289811786,-0.10672434147215373,0.02091425886734584,0.0,0.01297758080360543,0.01297758080360543,0.0028260818850477376,-0.009372653507643852,0.0036121582129234886,0.010434608739695714,-0.0024506585447903184,0.0032497377274851302,0.030692216590953003,0.030960921851045792,0.03484854618230383,0.017195782067220236,measured_min_over_explicit_pairs,0.002817771779817778,1764,collision_hand_left_middle_external_semantic_link2,left_object_6,22,0,0.5036793976844047,-0.11436772773815804,0.7553627935122547,0.5020024493304994,-0.11234770827660946,0.7543394639483132,measured_min_over_explicit_pairs,0.03008783732467446,21,collision_hand_left_middle_floor_semantic_21,floor,0,0.0,,0,0.0,source endpoint interval; AA solve data only; object and floor separated
3,0.1,RR,left,ring,target,0.48453632965683935,-0.1296744653955102,0.7289842321805594,0.48453632965683935,-0.1296744653955102,0.7289842321805594,0.48471894934326576,-0.13381198556488655,0.72938789291098,-0.06953284217644343,-0.09655019620352635,-0.010768817717108706,0.0,0.004554223592586712,0.004554223592586712,0.0001826196864264107,-0.004137520169376352,0.00040366073042064077,0.004161173522835874,-0.00377042412405465,0.004821225438359389,0.03406545745832601,0.034610918864539784,0.0346620816208041,0.007919144564770563,measured_min_over_explicit_pairs,-0.0006592227513001969,1887,collision_hand_left_ring_link2_external_exact_mesh,left_object_external_exact_sdf,11,0,0.47701768367809044,-0.1270744180339367,0.7270834169239085,0.4774267295446402,-0.12757168566294297,0.7272247711599004,measured_min_over_explicit_pairs,0.000926245250072788,23,collision_hand_left_ring_floor_semantic_23,floor,0,0.0,,0,0.0,not_applicable_static_combination
3,0.1,AR,left,ring,target,0.48453632965683935,-0.1296744653955102,0.7289842321805594,0.48453632965683935,-0.1296744653955102,0.7289842321805594,0.4809485252192111,-0.12899076012652716,0.7634533503693061,-0.06988423322239974,-0.08985705944303933,0.023186949823708208,0.0,0.004554223592586712,0.004554223592586712,0.0001826196864264107,-0.004137520169376352,0.00040366073042064077,0.004161173522835874,-0.00377042412405465,0.004821225438359389,0.03406545745832601,0.034610918864539784,0.0346620816208041,0.006099931516021497,measured_min_over_explicit_pairs,-0.0003121303225282687,1887,collision_hand_left_ring_link2_external_exact_mesh,left_object_external_exact_sdf,11,0,0.4787929126844176,-0.12943690838484526,0.7567430589027031,0.4789848313843732,-0.12967204142761032,0.7568158943545724,measured_min_over_explicit_pairs,0.03554382461414296,23,collision_hand_left_ring_floor_semantic_23,floor,0,0.0,,0,0.0,not_applicable_static_combination
3,0.1,RA,left,ring,target,0.48453632965683935,-0.1296744653955102,0.7289842321805594,0.48453632965683935,-0.1296744653955102,0.7289842321805594,0.48471894934326576,-0.13381198556488655,0.72938789291098,-0.06940799693277015,-0.09626981972487351,-0.008855185362086142,0.0,0.0042698225343978735,0.0042698225343978735,0.0001826196864264107,-0.004137520169376352,0.00040366073042064077,0.004161173522835874,-0.00377042412405465,0.004821225438359389,0.03406545745832601,0.034610918864539784,0.0346620816208041,0.007614488993056129,measured_min_over_explicit_pairs,-0.00010212303617248139,1887,collision_hand_left_ring_link2_external_exact_mesh,left_object_external_exact_sdf,11,0,0.47830349747446593,-0.1285849330140537,0.725378820429294,0.478368202493545,-0.1286632405113717,0.7253893233282681,measured_min_over_explicit_pairs,0.000926245250072788,23,collision_hand_left_ring_floor_semantic_23,floor,0,0.0,,0,0.0,not_applicable_static_combination
3,0.1,AA,left,ring,target,0.48453632965683935,-0.1296744653955102,0.7289842321805594,0.48453632965683935,-0.1296744653955102,0.7289842321805594,0.4809485252192111,-0.12899076012652716,0.7634533503693061,-0.06930530426768595,-0.09017401990794888,0.025214542894186696,0.0,0.0042698225343978735,0.0042698225343978735,0.0001826196864264107,-0.004137520169376352,0.00040366073042064077,0.004161173522835874,-0.00377042412405465,0.004821225438359389,0.03406545745832601,0.034610918864539784,0.0346620816208041,0.008142726440628682,measured_min_over_explicit_pairs,0.013468451981804564,1828,collision_hand_left_ring_1,left_object_6,12,0,0.4697360035234042,-0.14773924372135067,0.766324250133341,0.4650933459094918,-0.14208675770210433,0.7550152125585348,measured_min_over_explicit_pairs,0.03554382461414296,23,collision_hand_left_ring_floor_semantic_23,floor,168,773.452580165118,31,0,0.0,source endpoint interval; AA solve data only; object and floor separated
3,0.1,RR,left,pinky,target,0.46533081158995626,-0.1558941313996911,0.7301817490987418,0.46533081158995626,-0.1558941313996911,0.7301817490987418,0.463359511178285,-0.135362281361798,0.7277953741639287,-0.0869996853058511,-0.08422751999891025,-0.012824583751977474,0.0,0.012519320136186365,0.012519320136186365,-0.001971300411671262,0.020531850037893096,-0.0023863749348130847,0.020763855052015032,-0.0026322860513467994,0.003515350821199692,0.03149465556897224,0.03179937028716793,0.03803620484429277,0.0009597761581086936,measured_min_over_explicit_pairs,-0.004294264123661597,1926,collision_hand_left_pinky_1,left_object_6,13,0,0.44823613971501886,-0.14927157529925295,0.7447537779938256,0.45088971657104165,-0.1524802997707176,0.743703386876588,measured_min_over_explicit_pairs,-0.0005126676477541503,25,collision_hand_left_pinky_floor_semantic_25,floor,0,0.0,,0,0.0,not_applicable_static_combination
3,0.1,AR,left,pinky,target,0.46533081158995626,-0.1558941313996911,0.7301817490987418,0.46533081158995626,-0.1558941313996911,0.7301817490987418,0.4607272251269382,-0.13184693054059832,0.7592900297329009,-0.08726261669294004,-0.07930902609725668,0.018591005300044122,0.0,0.012519320136186365,0.012519320136186365,-0.001971300411671262,0.020531850037893096,-0.0023863749348130847,0.020763855052015032,-0.0026322860513467994,0.003515350821199692,0.03149465556897224,0.03179937028716793,0.03803620484429277,0.007653511568807069,measured_min_over_explicit_pairs,0.0036451723091626698,1926,collision_hand_left_pinky_1,left_object_6,14,0,0.45173386454147235,-0.15323513134726302,0.7614947770181665,0.45128028193549075,-0.15275872771986293,0.7579094480839071,measured_min_over_explicit_pairs,0.03101581491163108,25,collision_hand_left_pinky_floor_semantic_25,floor,0,0.0,,0,0.0,not_applicable_static_combination
3,0.1,RA,left,pinky,target,0.46533081158995626,-0.1558941313996911,0.7301817490987418,0.46533081158995626,-0.1558941313996911,0.7301817490987418,0.463359511178285,-0.135362281361798,0.7277953741639287,-0.08699857883591264,-0.08405351286262455,-0.010435820265368071,0.0,0.012489067808080144,0.012489067808080144,-0.001971300411671262,0.020531850037893096,-0.0023863749348130847,0.020763855052015032,-0.0026322860513467994,0.003515350821199692,0.03149465556897224,0.03179937028716793,0.03803620484429277,0.0014347197558891999,measured_min_over_explicit_pairs,-0.004628655857958887,1926,collision_hand_left_pinky_1,left_object_6,13,0,0.4482431791883241,-0.14920095224622537,0.7445477331179889,0.4511006731845073,-0.1526867789571515,0.7434950245853988,measured_min_over_explicit_pairs,-0.0005126676477541503,25,collision_hand_left_pinky_floor_semantic_25,floor,0,0.0,,0,0.0,not_applicable_static_combination
3,0.1,AA,left,pinky,target,0.46533081158995626,-0.1558941313996911,0.7301817490987418,0.46533081158995626,-0.1558941313996911,0.7301817490987418,0.4607272251269382,-0.13184693054059832,0.7592900297329009,-0.08683152417753873,-0.07968693628302911,0.02106187889466682,0.0,0.012489067808080144,0.012489067808080144,-0.001971300411671262,0.020531850037893096,-0.0023863749348130847,0.020763855052015032,-0.0026322860513467994,0.003515350821199692,0.03149465556897224,0.03179937028716793,0.03803620484429277,0.008454957517737597,measured_min_over_explicit_pairs,0.0062883556864154165,1926,collision_hand_left_pinky_1,left_object_6,14,0,0.451862162347222,-0.1530933434818341,0.7614989358182708,0.4511469102687188,-0.1521971895305196,0.755315996404156,measured_min_over_explicit_pairs,0.03101581491163108,25,collision_hand_left_pinky_floor_semantic_25,floor,142,505.07980893552303,31,0,0.0,source endpoint interval; AA solve data only; object and floor separated
4,0.13333333333333333,RR,right,palm,tool,0.7388401128351688,-0.22243929002434015,0.7581787064008353,0.7388401128351688,-0.22243929002434015,0.7581787064008353,0.7464686768802345,-0.2529407210960006,0.7558671773844081,-0.07682981418069583,-0.25789435261972443,0.006626271736528049,0.0,0.17949826123343315,0.17949826123343315,0.007628564045065733,-0.030501431071660423,-0.002311529016427172,0.03152579028672725,-0.0018876927646339636,7.338108024501633e-06,0.01902241097160995,0.019115845704396846,0.0352434516535116,0.21058429161035788,measured_min_over_explicit_pairs,0.1105830883052654,118,collision_hand_right_palm_0,right_object_9,2,0,0.7374056964471289,-0.15353918945122036,0.7620902324764309,0.72769698910843,-0.04352323280182159,0.7676444834123564,measured_min_over_explicit_pairs,0.004812260752901754,0,collision_hand_right_palm_floor_semantic_00,floor,0,0.0,,0,0.0,not_applicable_static_combination
4,0.13333333333333333,AR,right,palm,tool,0.7388401128351688,-0.22243929002434015,0.7581787064008353,0.7388401128351688,-0.22243929002434015,0.7581787064008353,0.7445809841156006,-0.2529333829879761,0.7748895883560181,-0.0786720896586247,-0.2566332591997221,0.025611297979432117,0.0,0.17949826123343315,0.17949826123343315,0.007628564045065733,-0.030501431071660423,-0.002311529016427172,0.03152579028672725,-0.0018876927646339636,7.338108024501633e-06,0.01902241097160995,0.019115845704396846,0.0352434516535116,0.21000409988690763,measured_min_over_explicit_pairs,0.10938951768384382,118,collision_hand_right_palm_0,right_object_9,2,0,0.7373038770690845,-0.15233102607482513,0.7617590432525432,0.7276969891084297,-0.0435232328018216,0.7676444834123564,measured_min_over_explicit_pairs,0.024008778837035005,0,collision_hand_right_palm_floor_semantic_00,floor,0,0.0,,0,0.0,not_applicable_static_combination
4,0.13333333333333333,RA,right,palm,tool,0.7388401128351688,-0.22243929002434015,0.7581787064008353,0.7388401128351688,-0.22243929002434015,0.7581787064008353,0.7464686768802345,-0.2529407210960006,0.7558671773844081,-0.07657601657035287,-0.25851830127592734,0.0038430222946914732,0.0,0.18011277436748283,0.18011277436748283,0.007628564045065733,-0.030501431071660423,-0.002311529016427172,0.03152579028672725,-0.0018876927646339636,7.338108024501633e-06,0.01902241097160995,0.019115845704396846,0.0352434516535116,0.21119879682326903,measured_min_over_explicit_pairs,0.11120070242336128,118,collision_hand_right_palm_0,right_object_9,2,0,0.7376190144251746,-0.15341128700868756,0.7599296769141146,0.7278560832913841,-0.04278088371031366,0.7655149487217308,measured_min_over_explicit_pairs,0.004812260752901754,0,collision_hand_right_palm_floor_semantic_00,floor,0,0.0,,0,0.0,not_applicable_static_combination
4,0.13333333333333333,AA,right,palm,tool,0.7388401128351688,-0.22243929002434015,0.7581787064008353,0.7388401128351688,-0.22243929002434015,0.7581787064008353,0.7445809841156006,-0.2529333829879761,0.7748895883560181,-0.07835376941418679,-0.25762164564711243,0.022854891232380426,0.0,0.18011277436748283,0.18011277436748283,0.007628564045065733,-0.030501431071660423,-0.002311529016427172,0.03152579028672725,-0.0018876927646339636,7.338108024501633e-06,0.01902241097160995,0.019115845704396846,0.0352434516535116,0.21078664309337528,measured_min_over_explicit_pairs,0.10999937243882368,118,collision_hand_right_palm_0,right_object_9,2,0,0.7375165303720297,-0.15219528858113218,0.759596696792174,0.7278560832913842,-0.04278088371031367,0.7655149487217308,measured_min_over_explicit_pairs,0.024008778837035005,0,collision_hand_right_palm_floor_semantic_00,floor,0,0.0,,0,0.0,source endpoint interval; AA solve data only; object and floor separated
4,0.13333333333333333,RR,right,thumb,tool,0.6583620555698871,-0.13702295813709497,0.7231551363401053,0.6583620555698871,-0.13702295813709497,0.7231551363401053,0.6609537706263159,-0.14083994052053944,0.7142725743856428,-0.11464074099775777,-0.1234016107801067,-0.03910699188597985,0.0,0.11262930836700044,0.11262930836700044,0.002591715056428745,-0.003816982383444467,-0.008882561954462465,0.010009308084183885,-0.0017150881435884502,0.0005136688247225629,0.02083291845762647,0.02090970766089003,0.01242945597217618,0.11769134622299447,measured_min_over_explicit_pairs,0.13410118556137365,264,collision_hand_right_thumb_external_semantic_rota1,right_object_3,25,0,0.668502563612079,-0.1642687025183941,0.723117821097959,0.7055237521042874,-0.039662294510673504,0.7560693408656998,measured_min_over_explicit_pairs,-0.021014065743589994,3,collision_hand_right_thumb_floor_semantic_03,floor,0,0.0,,0,0.0,not_applicable_static_combination
4,0.13333333333333333,AR,right,thumb,tool,0.6583620555698871,-0.13702295813709497,0.7231551363401053,0.6583620555698871,-0.13702295813709497,0.7231551363401053,0.6592386824827274,-0.14032627169581688,0.7351054928432693,-0.11614411542825384,-0.12168099668016936,-0.018322497018297575,0.0,0.11262930836700044,0.11262930836700044,0.002591715056428745,-0.003816982383444467,-0.008882561954462465,0.010009308084183885,-0.0017150881435884502,0.0005136688247225629,0.02083291845762647,0.02090970766089003,0.01242945597217618,0.11240695232535952,measured_min_over_explicit_pairs,0.1302616239851642,284,collision_hand_right_thumb_external_semantic_rota1,right_object_23,26,0,0.6664651868563862,-0.16343810874842504,0.7417961390515301,0.7050786285448225,-0.040517938967481015,0.7609722873939353,measured_min_over_explicit_pairs,-5.015491197757349e-05,3,collision_hand_right_thumb_floor_semantic_03,floor,0,0.0,,0,0.0,not_applicable_static_combination
4,0.13333333333333333,RA,right,thumb,tool,0.6583620555698871,-0.13702295813709497,0.7231551363401053,0.6583620555698871,-0.13702295813709497,0.7231551363401053,0.6609537706263159,-0.14083994052053944,0.7142725743856428,-0.11461619076655298,-0.12319836640105093,-0.03917971086408193,0.0,0.11256511397433176,0.11256511397433176,0.002591715056428745,-0.003816982383444467,-0.008882561954462465,0.010009308084183885,-0.0017150881435884502,0.0005136688247225629,0.02083291845762647,0.02090970766089003,0.01242945597217618,0.11755444848378419,measured_min_over_explicit_pairs,0.13416129653506087,264,collision_hand_right_thumb_external_semantic_rota1,right_object_3,25,0,0.6684510637264005,-0.16420565482770288,0.7229335377299004,0.7052922457777161,-0.03918437928811666,0.7547401636981671,measured_min_over_explicit_pairs,-0.021014065743589994,3,collision_hand_right_thumb_floor_semantic_03,floor,0,0.0,,0,0.0,not_applicable_static_combination
4,0.13333333333333333,AA,right,thumb,tool,0.6583620555698871,-0.13702295813709497,0.7231551363401053,0.6583620555698871,-0.13702295813709497,0.7231551363401053,0.6592386824827274,-0.14032627169581688,0.7351054928432693,-0.11604911309564747,-0.12187648480280094,-0.018361083697458442,0.0,0.11256511397433176,0.11256511397433176,0.002591715056428745,-0.003816982383444467,-0.008882561954462465,0.010009308084183885,-0.0017150881435884502,0.0005136688247225629,0.02083291845762647,0.02090970766089003,0.01242945597217618,0.11248900287604342,measured_min_over_explicit_pairs,0.13049707097851607,284,collision_hand_right_thumb_external_semantic_rota1,right_object_23,26,0,0.6664258921830064,-0.16339455060305347,0.7415875825204603,0.7049694854686522,-0.03998649924013179,0.7593169313356046,measured_min_over_explicit_pairs,-5.015491197757349e-05,3,collision_hand_right_thumb_floor_semantic_03,floor,0,0.0,,33,334.887028247118,source endpoint interval; AA solve data only; object and floor separated
4,0.13333333333333333,RR,right,index,tool,0.6795257575809955,-0.07610631827265024,0.7254701211385367,0.6795257575809955,-0.07610631827265024,0.7254701211385367,0.6842502175998768,-0.07808867640769344,0.7282028801917362,-0.06986210314988277,-0.07331677932394864,-0.026423054811850748,0.0,0.051438672131887894,0.051438672131887894,0.004724460018881271,-0.0019823581350432024,0.002732759053199474,0.0058067407629773925,-0.0014869911974929595,-0.00022390142670272728,0.018769814481753855,0.018829955134034647,0.021856565472400554,0.05020091495314931,measured_min_over_explicit_pairs,0.0513467804172032,389,collision_hand_right_index_1,right_object_3,1,0,0.6960403213785827,-0.0891534337977278,0.7453433702513643,0.7083385365781196,-0.04068074525960956,0.7569900104537981,measured_min_over_explicit_pairs,0.00015093632760188047,6,collision_hand_right_index_floor_semantic_06,floor,0,0.0,,0,0.0,not_applicable_static_combination
4,0.13333333333333333,AR,right,index,tool,0.6795257575809955,-0.07610631827265024,0.7254701211385367,0.6795257575809955,-0.07610631827265024,0.7254701211385367,0.6827632264023838,-0.07831257783439617,0.74697269467349,-0.07141635524523182,-0.07242588565961079,-0.0076785137597816504,0.0,0.051438672131887894,0.051438672131887894,0.004724460018881271,-0.0019823581350432024,0.002732759053199474,0.0058067407629773925,-0.0014869911974929595,-0.00022390142670272728,0.018769814481753855,0.018829955134034647,0.021856565472400554,0.045106935088088614,measured_min_over_explicit_pairs,0.049144912811336844,409,collision_hand_right_index_1,right_object_23,1,0,0.6947783032622699,-0.08907433657533521,0.7623866122486934,0.707837226047707,-0.04180998500503707,0.7656680847165263,measured_min_over_explicit_pairs,0.018863499035732256,6,collision_hand_right_index_floor_semantic_06,floor,0,0.0,,0,0.0,not_applicable_static_combination
4,0.13333333333333333,RA,right,index,tool,0.6795257575809955,-0.07610631827265024,0.7254701211385367,0.6795257575809955,-0.07610631827265024,0.7254701211385367,0.6842502175998768,-0.07808867640769344,0.7282028801917362,-0.06982124475320414,-0.07333823464111772,-0.02569345557409764,0.0,0.05105511516201893,0.05105511516201893,0.004724460018881271,-0.0019823581350432024,0.002732759053199474,0.0058067407629773925,-0.0014869911974929595,-0.00022390142670272728,0.018769814481753855,0.018829955134034647,0.021856565472400554,0.0499043144754481,measured_min_over_explicit_pairs,0.05147423183914218,389,collision_hand_right_index_1,right_object_3,1,0,0.6960224160369912,-0.08909945511952118,0.7451285496177784,0.7082743521848287,-0.04027490656017567,0.7558826214994048,measured_min_over_explicit_pairs,0.00015093632760188047,6,collision_hand_right_index_floor_semantic_06,floor,0,0.0,,0,0.0,not_applicable_static_combination
4,0.13333333333333333,AA,right,index,tool,0.6795257575809955,-0.07610631827265024,0.7254701211385367,0.6795257575809955,-0.07610631827265024,0.7254701211385367,0.6827632264023838,-0.07831257783439617,0.74697269467349,-0.07131160234404751,-0.07280693762804218,-0.006930093186586436,0.0,0.05105511516201893,0.05105511516201893,0.004724460018881271,-0.0019823581350432024,0.002732759053199474,0.0058067407629773925,-0.0014869911974929595,-0.00022390142670272728,0.018769814481753855,0.018829955134034647,0.021856565472400554,0.04515296879292036,measured_min_over_explicit_pairs,0.04956308904088966,409,collision_hand_right_index_1,right_object_23,1,0,0.6947290479911314,-0.08905082600225322,0.7622260497399811,0.7076956527771255,-0.04128719526198042,0.7648722799087038,measured_min_over_explicit_pairs,0.018863499035732256,6,collision_hand_right_index_floor_semantic_06,floor,0,0.0,,0,0.0,source endpoint interval; AA solve data only; object and floor separated
4,0.13333333333333333,RR,right,middle,tool,0.711685860902071,-0.05931124184280634,0.722309227221453,0.711685860902071,-0.05931124184280634,0.722309227221453,0.7125688213773301,-0.07025902721278586,0.7272287341480084,-0.040650938912357756,-0.0765347532970883,-0.027163469783847434,0.0,0.0312957205693945,0.0312957205693945,0.0008829604752591536,-0.01094778536997952,0.004919506926555406,0.01203474852701269,-0.00181618910138992,0.0002656425046254768,0.020046823150097537,0.020130678756652934,0.027171616244913543,0.03742657247044207,measured_min_over_explicit_pairs,0.022431774354713836,591,collision_hand_right_middle_0,right_object_3,0,0,0.7141460637521672,-0.05736149417565156,0.734715992330505,0.7165892896618539,-0.03791098019593869,0.745619783129123,measured_min_over_explicit_pairs,-0.00021254059066511122,8,collision_hand_right_middle_floor_semantic_08,floor,0,0.0,,0,0.0,not_applicable_static_combination
4,0.13333333333333333,AR,right,middle,tool,0.711685860902071,-0.05931124184280634,0.722309227221453,0.711685860902071,-0.05931124184280634,0.722309227221453,0.7107526322759402,-0.06999338470816038,0.7472755572981059,-0.04233618430525525,-0.07503017082369108,-0.0071599599230749615,0.0,0.0312957205693945,0.0312957205693945,0.0008829604752591536,-0.01094778536997952,0.004919506926555406,0.01203474852701269,-0.00181618910138992,0.0002656425046254768,0.020046823150097537,0.020130678756652934,0.027171616244913543,0.029865832477332377,measured_min_over_explicit_pairs,0.015092492128838885,591,collision_hand_right_middle_0,right_object_3,0,0,0.7125258774141339,-0.05620089985949178,0.7524738684871651,0.7144503432594305,-0.04173022474423403,0.7563052274599071,measured_min_over_explicit_pairs,0.019882055065815862,8,collision_hand_right_middle_floor_semantic_08,floor,0,0.0,,0,0.0,not_applicable_static_combination
4,0.13333333333333333,RA,right,middle,tool,0.711685860902071,-0.05931124184280634,0.722309227221453,0.711685860902071,-0.05931124184280634,0.722309227221453,0.7125688213773301,-0.07025902721278586,0.7272287341480084,-0.04061106621869181,-0.07652381024312205,-0.026595267638804224,0.0,0.0307478772442738,0.0307478772442738,0.0008829604752591536,-0.01094778536997952,0.004919506926555406,0.01203474852701269,-0.00181618910138992,0.0002656425046254768,0.020046823150097537,0.020130678756652934,0.027171616244913543,0.037137061322109734,measured_min_over_explicit_pairs,0.022148214253865088,591,collision_hand_right_middle_0,right_object_3,0,0,0.7140599112088356,-0.05725461409398769,0.7345394980063307,0.7162814397964847,-0.037813253802427296,0.7449145505547812,measured_min_over_explicit_pairs,-0.00021254059066511122,8,collision_hand_right_middle_floor_semantic_08,floor,0,0.0,,0,0.0,not_applicable_static_combination
4,0.13333333333333333,AA,right,middle,tool,0.711685860902071,-0.05931124184280634,0.722309227221453,0.711685860902071,-0.05931124184280634,0.722309227221453,0.7107526322759402,-0.06999338470816038,0.7472755572981059,-0.04222842380203019,-0.07540309404693225,-0.006560987595369338,0.0,0.0307478772442738,0.0307478772442738,0.0008829604752591536,-0.01094778536997952,0.004919506926555406,0.01203474852701269,-0.00181618910138992,0.0002656425046254768,0.020046823150097537,0.020130678756652934,0.027171616244913543,0.02998963349724265,measured_min_over_explicit_pairs,0.015254536779370899,591,collision_hand_right_middle_0,right_object_3,0,0,0.7124687062006644,-0.05609808389220973,0.7520811577906911,0.714326622559568,-0.041315199438629116,0.7553545912157942,measured_min_over_explicit_pairs,0.019882055065815862,8,collision_hand_right_middle_floor_semantic_08,floor,0,0.0,,0,0.0,source endpoint interval; AA solve data only; object and floor separated
4,0.13333333333333333,RR,right,ring,tool,0.7345187462866306,-0.0647667208686471,0.7252663924626944,0.7345187462866306,-0.0647667208686471,0.7252663924626944,0.7336273662020403,-0.06856183679853216,0.7269418496385508,-0.020455871090818274,-0.08274637418972511,-0.027171820107571167,0.0,0.03407841903570035,0.03407841903570035,-0.0008913800845903319,-0.0037951159298850595,0.0016754571758563763,0.004243185139090708,-0.002167616395470251,-0.0001673002598394091,0.018921587076552893,0.019046075913700104,0.02119661372628466,0.03628273781730177,measured_min_over_explicit_pairs,0.021476344409452883,744,collision_hand_right_ring_0,right_object_3,0,0,0.7329570592101071,-0.05597697651235516,0.7348242921781697,0.7301537841040707,-0.03748960477317536,0.7453880085720667,measured_min_over_explicit_pairs,-4.678877425945416e-06,10,collision_hand_right_ring_floor_semantic_10,floor,0,0.0,,0,0.0,not_applicable_static_combination
4,0.13333333333333333,AR,right,ring,tool,0.7345187462866306,-0.0647667208686471,0.7252663924626944,0.7345187462866306,-0.0647667208686471,0.7252663924626944,0.73145974980657,-0.06872913705837157,0.7458634367151037,-0.022622316261825468,-0.08154702547696221,-0.008287406277731469,0.0,0.03407841903570035,0.03407841903570035,-0.0008913800845903319,-0.0037951159298850595,0.0016754571758563763,0.004243185139090708,-0.002167616395470251,-0.0001673002598394091,0.018921587076552893,0.019046075913700104,0.02119661372628466,0.028785106531514323,measured_min_over_explicit_pairs,0.014240562839444573,744,collision_hand_right_ring_0,right_object_3,0,0,0.7309960535129245,-0.055136005664707416,0.7513975637843788,0.7294519698191544,-0.04146999855696786,0.7550921118300827,measured_min_over_explicit_pairs,0.018886514858703962,10,collision_hand_right_ring_floor_semantic_10,floor,0,0.0,,0,0.0,not_applicable_static_combination
4,0.13333333333333333,RA,right,ring,tool,0.7345187462866306,-0.0647667208686471,0.7252663924626944,0.7345187462866306,-0.0647667208686471,0.7252663924626944,0.7336273662020403,-0.06856183679853216,0.7269418496385508,-0.020412803515246974,-0.08272193287448047,-0.026791552553149172,0.0,0.033798591020027746,0.033798591020027746,-0.0008913800845903319,-0.0037951159298850595,0.0016754571758563763,0.004243185139090708,-0.002167616395470251,-0.0001673002598394091,0.018921587076552893,0.019046075913700104,0.02119661372628466,0.03607181846417899,measured_min_over_explicit_pairs,0.021286104874193967,744,collision_hand_right_ring_0,right_object_3,0,0,0.7329124991362135,-0.05589626650480322,0.7346678668995412,0.7300392046714854,-0.037400857523459,0.7448050403836519,measured_min_over_explicit_pairs,-4.678877425945416e-06,10,collision_hand_right_ring_floor_semantic_10,floor,0,0.0,,0,0.0,not_applicable_static_combination
4,0.13333333333333333,AA,right,ring,tool,0.7345187462866306,-0.0647667208686471,0.7252663924626944,0.7345187462866306,-0.0647667208686471,0.7252663924626944,0.73145974980657,-0.06872913705837157,0.7458634367151037,-0.022515036321233004,-0.08188528226232678,-0.007880348448358648,0.0,0.033798591020027746,0.033798591020027746,-0.0008913800845903319,-0.0037951159298850595,0.0016754571758563763,0.004243185139090708,-0.002167616395470251,-0.0001673002598394091,0.018921587076552893,0.019046075913700104,0.02119661372628466,0.02897149956151617,measured_min_over_explicit_pairs,0.014472863008279881,744,collision_hand_right_ring_0,right_object_3,0,0,0.730951114781612,-0.05508406953120355,0.7511763305331124,0.7293168039053017,-0.04111996828030628,0.7546109582961602,measured_min_over_explicit_pairs,0.018886514858703962,10,collision_hand_right_ring_floor_semantic_10,floor,0,0.0,,0,0.0,source endpoint interval; AA solve data only; object and floor separated
4,0.13333333333333333,RR,right,pinky,tool,0.7607710607349872,-0.08920537773519754,0.7233816935948966,0.7607710607349872,-0.08920537773519754,0.7233816935948966,0.7535715014016093,-0.06857270733418205,0.7230232875383907,-0.0019103414878118654,-0.09023907243400021,-0.030783825191218694,0.0,0.06174723433346302,0.06174723433346302,-0.007199559333377903,0.02063267040101549,-0.00035840605650583335,0.021855644519736993,-0.0024029902877642506,-0.00035022589312982966,0.01819575889364733,0.01835708751994863,0.028666315959303842,0.04251553556295219,measured_min_over_explicit_pairs,0.028062787465514008,896,collision_hand_right_pinky_0,right_object_3,0,0,0.750987698037008,-0.0567151122963634,0.7311500149833985,0.7417791184818813,-0.03426455860392526,0.7452459272211525,measured_min_over_explicit_pairs,-0.0037388064071979255,12,collision_hand_right_pinky_floor_semantic_12,floor,0,0.0,,0,0.0,not_applicable_static_combination
4,0.13333333333333333,AR,right,pinky,tool,0.7607710607349872,-0.08920537773519754,0.7233816935948966,0.7607710607349872,-0.08920537773519754,0.7233816935948966,0.7511685111138451,-0.06892293322731188,0.7412190464320381,-0.004359635396093363,-0.08914392158141772,-0.01262386191548499,0.0,0.06174723433346302,0.06174723433346302,-0.007199559333377903,0.02063267040101549,-0.00035840605650583335,0.021855644519736993,-0.0024029902877642506,-0.00035022589312982966,0.01819575889364733,0.01835708751994863,0.028666315959303842,0.0345354144959533,measured_min_over_explicit_pairs,0.020311651919086147,896,collision_hand_right_pinky_0,right_object_3,0,0,0.7486375651632905,-0.05601533892608015,0.7472256727965182,0.7421387099055856,-0.037734302130670944,0.7532366442410032,measured_min_over_explicit_pairs,0.01438060937170349,12,collision_hand_right_pinky_floor_semantic_12,floor,0,0.0,,0,0.0,not_applicable_static_combination
4,0.13333333333333333,RA,right,pinky,tool,0.7607710607349872,-0.08920537773519754,0.7233816935948966,0.7607710607349872,-0.08920537773519754,0.7233816935948966,0.7535715014016093,-0.06857270733418205,0.7230232875383907,-0.001875753303544349,-0.09013297402411762,-0.030609669168346537,0.0,0.06175401773593741,0.06175401773593741,-0.007199559333377903,0.02063267040101549,-0.00035840605650583335,0.021855644519736993,-0.0024029902877642506,-0.00035022589312982966,0.01819575889364733,0.01835708751994863,0.028666315959303842,0.04233678407017725,measured_min_over_explicit_pairs,0.027909782809904554,896,collision_hand_right_pinky_0,right_object_3,0,0,0.7509150582030588,-0.05663687606200043,0.7309737259161402,0.7415539497046573,-0.034090372228151006,0.7445007650987333,measured_min_over_explicit_pairs,-0.0037388064071979255,12,collision_hand_right_pinky_floor_semantic_12,floor,0,0.0,,0,0.0,not_applicable_static_combination
4,0.13333333333333333,AA,right,pinky,tool,0.7607710607349872,-0.08920537773519754,0.7233816935948966,0.7607710607349872,-0.08920537773519754,0.7233816935948966,0.7511685111138451,-0.06892293322731188,0.7412190464320381,-0.004263264633902364,-0.08938681776789659,-0.012423803703547563,0.0,0.06175401773593741,0.06175401773593741,-0.007199559333377903,0.02063267040101549,-0.00035840605650583335,0.021855644519736993,-0.0024029902877642506,-0.00035022589312982966,0.01819575889364733,0.01835708751994863,0.028666315959303842,0.03470713122770832,measured_min_over_explicit_pairs,0.020526781270188504,896,collision_hand_right_pinky_0,right_object_3,0,0,0.7485931009559895,-0.05596023794412992,0.7470006176781384,0.7419341428502709,-0.03737247432629631,0.7526132881608935,measured_min_over_explicit_pairs,0.01438060937170349,12,collision_hand_right_pinky_floor_semantic_12,floor,0,0.0,,0,0.0,source endpoint interval; AA solve data only; object and floor separated
4,0.13333333333333333,RR,left,palm,target,0.47781257554888723,-0.28415000531822443,0.75945388817116,0.47781257554888723,-0.28415000531822443,0.75945388817116,0.4820519195458582,-0.3172659404002733,0.7497287617369728,-0.18828694664240436,-0.23630112090693087,0.01033068523923006,0.0,0.12087743482686529,0.12087743482686529,0.004239343996970957,-0.03311593508204885,-0.009725126434187215,0.034773772847421294,-0.0024181114098718592,0.0028121597491807537,0.03282270568169787,0.033031583575614816,0.03814621678038717,0.15297250152720884,measured_min_over_explicit_pairs,0.04386010005725495,1244,collision_hand_left_palm_0,left_object_7,17,0,0.4391838458276513,-0.2167696203808734,0.7607065515637845,0.42318683941208923,-0.17618133882512085,0.7561904068446864,measured_min_over_explicit_pairs,-0.0024874448409339944,13,collision_hand_left_palm_floor_semantic_13,floor,0,0.0,,0,0.0,not_applicable_static_combination
4,0.13333333333333333,AR,left,palm,target,0.47781257554888723,-0.28415000531822443,0.75945388817116,0.47781257554888723,-0.28415000531822443,0.75945388817116,0.47963380813598633,-0.31445378065109253,0.7825514674186707,-0.188854952098476,-0.23202528172393333,0.043079426934077555,0.0,0.12087743482686529,0.12087743482686529,0.004239343996970957,-0.03311593508204885,-0.009725126434187215,0.034773772847421294,-0.0024181114098718592,0.0028121597491807537,0.03282270568169787,0.033031583575614816,0.03814621678038717,0.15165774369968463,measured_min_over_explicit_pairs,0.044521755353994254,1244,collision_hand_left_palm_0,left_object_7,17,0,0.45039341645360537,-0.21188120555551554,0.7633665124735566,0.42906405715979307,-0.1734242710647903,0.7564160217360296,measured_min_over_explicit_pairs,0.030505782926570135,13,collision_hand_left_palm_floor_semantic_13,floor,0,0.0,,0,0.0,not_applicable_static_combination
4,0.13333333333333333,RA,left,palm,target,0.47781257554888723,-0.28415000531822443,0.75945388817116,0.47781257554888723,-0.28415000531822443,0.75945388817116,0.4820519195458582,-0.3172659404002733,0.7497287617369728,-0.1864290100910211,-0.2374388950864758,0.011333310286240374,0.0,0.12162999677670376,0.12162999677670376,0.004239343996970957,-0.03311593508204885,-0.009725126434187215,0.034773772847421294,-0.0024181114098718592,0.0028121597491807537,0.03282270568169787,0.033031583575614816,0.03814621678038717,0.15351579027785528,measured_min_over_explicit_pairs,0.044832211381741045,1244,collision_hand_left_palm_0,left_object_7,17,0,0.4402697456822873,-0.21659871864976663,0.7583960544451629,0.42277195655737443,-0.17565036072054035,0.7532011977563642,measured_min_over_explicit_pairs,-0.0024874448409339944,13,collision_hand_left_palm_floor_semantic_13,floor,0,0.0,,0,0.0,not_applicable_static_combination
4,0.13333333333333333,AA,left,palm,target,0.47781257554888723,-0.28415000531822443,0.75945388817116,0.47781257554888723,-0.28415000531822443,0.75945388817116,0.47963380813598633,-0.31445378065109253,0.7825514674186707,-0.1865422781947441,-0.23376473552225963,0.04415972092380756,0.0,0.12162999677670376,0.12162999677670376,0.004239343996970957,-0.03311593508204885,-0.009725126434187215,0.034773772847421294,-0.0024181114098718592,0.0028121597491807537,0.03282270568169787,0.033031583575614816,0.03814621678038717,0.15283456420835653,measured_min_over_explicit_pairs,0.04565956760630339,1244,collision_hand_left_palm_0,left_object_7,17,0,0.4513504157735735,-0.2117307997095939,0.7612619079026961,0.4285175396104327,-0.1729293733501716,0.7536523617541009,measured_min_over_explicit_pairs,0.030505782926570135,13,collision_hand_left_palm_floor_semantic_13,floor,0,0.0,,0,0.0,source endpoint interval; AA solve data only; object and floor separated
4,0.13333333333333333,RR,left,thumb,target,0.5454220319166779,-0.19032734725624323,0.7277391507558463,0.5454220319166779,-0.19032734725624323,0.7277391507558463,0.5462998349690993,-0.19456063023452247,0.7262546229704017,-0.06043685446738194,-0.182613761970221,-0.012195841150261209,0.0,0.09002354471339219,0.09002354471339219,0.0008778030524213554,-0.00423328297827924,-0.0014845277854446115,0.004571109900099328,-0.0030216550954296206,0.002888085070341162,0.03212154660678479,0.032392363163269065,0.03074138222743057,0.09388081730025925,measured_min_over_explicit_pairs,0.08844459117010277,1460,collision_hand_left_thumb_0,left_object_27,52,0,0.5481864600746,-0.18690393098539743,0.7264714238885662,0.49262539531666716,-0.11813111617237336,0.7288617654760646,measured_min_over_explicit_pairs,-0.008024736129282894,16,collision_hand_left_thumb_floor_semantic_16,floor,0,0.0,,0,0.0,not_applicable_static_combination
4,0.13333333333333333,AR,left,thumb,target,0.5454220319166779,-0.19032734725624323,0.7277391507558463,0.5454220319166779,-0.19032734725624323,0.7277391507558463,0.5432781798736697,-0.1916725451641813,0.7583761695771865,-0.06141277983953789,-0.1779085854148994,0.019838110753185628,0.0,0.09002354471339219,0.09002354471339219,0.0008778030524213554,-0.00423328297827924,-0.0014845277854446115,0.004571109900099328,-0.0030216550954296206,0.002888085070341162,0.03212154660678479,0.032392363163269065,0.03074138222743057,0.08744324920598802,measured_min_over_explicit_pairs,0.08225314386812847,1439,collision_hand_left_thumb_0,left_object_6,52,0,0.5449522788027424,-0.18410541609391468,0.7575389531222688,0.49185450774262407,-0.12138799391439514,0.753970852816195,measured_min_over_explicit_pairs,0.024118963354885836,16,collision_hand_left_thumb_floor_semantic_16,floor,0,0.0,,0,0.0,not_applicable_static_combination
4,0.13333333333333333,RA,left,thumb,target,0.5454220319166779,-0.19032734725624323,0.7277391507558463,0.5454220319166779,-0.19032734725624323,0.7277391507558463,0.5462998349690993,-0.19456063023452247,0.7262546229704017,-0.059443994792344086,-0.1821170643150375,-0.012112881294235572,0.0,0.08953876130013355,0.08953876130013355,0.0008778030524213554,-0.00423328297827924,-0.0014845277854446115,0.004571109900099328,-0.0030216550954296206,0.002888085070341162,0.03212154660678479,0.032392363163269065,0.03074138222743057,0.09336894924671851,measured_min_over_explicit_pairs,0.08788105640704955,1460,collision_hand_left_thumb_0,left_object_27,53,0,0.5482917499520611,-0.18681340034778549,0.7261983799647741,0.49370156454260583,-0.11794838413464795,0.7269737986546617,measured_min_over_explicit_pairs,-0.008024736129282894,16,collision_hand_left_thumb_floor_semantic_16,floor,0,0.0,,0,0.0,not_applicable_static_combination
4,0.13333333333333333,AA,left,thumb,target,0.5454220319166779,-0.19032734725624323,0.7277391507558463,0.5454220319166779,-0.19032734725624323,0.7277391507558463,0.5432781798736697,-0.1916725451641813,0.7583761695771865,-0.05997995273770318,-0.17800461033943524,0.02001289749290779,0.0,0.08953876130013355,0.08953876130013355,0.0008778030524213554,-0.00423328297827924,-0.0014845277854446115,0.004571109900099328,-0.0030216550954296206,0.002888085070341162,0.03212154660678479,0.032392363163269065,0.03074138222743057,0.08754023278371707,measured_min_over_explicit_pairs,0.08230296104702407,1439,collision_hand_left_thumb_0,left_object_6,53,0,0.5450794231260715,-0.18401679983379976,0.7572760753774523,0.49264711665726846,-0.12077516704515376,0.7522634395742516,measured_min_over_explicit_pairs,0.024118963354885836,16,collision_hand_left_thumb_floor_semantic_16,floor,0,0.0,,0,0.0,source endpoint interval; AA solve data only; object and floor separated
4,0.13333333333333333,RR,left,index,target,0.5302466139197349,-0.13601043913513422,0.7280595853261588,0.5302466139197349,-0.13601043913513422,0.7280595853261588,0.5284099791945108,-0.13864489721657167,0.7284961674851982,-0.03881821825312008,-0.12800910731922982,-0.010581245515577795,0.0,0.03845829071841175,0.03845829071841175,-0.0018366347252241066,-0.0026344580814374463,0.00043658215903941144,0.0032410184322742776,-0.002324081224448382,0.003771327992941831,0.033633349504719856,0.03392383332223556,0.034341873478055465,0.03938523825908506,measured_min_over_explicit_pairs,0.02442195829205878,1591,collision_hand_left_index_0,left_object_27,23,0,0.5213426799254521,-0.12628930494057922,0.7298498263296356,0.5059778945378242,-0.10733895079193237,0.7287365004779405,measured_min_over_explicit_pairs,-0.0002519570610971522,19,collision_hand_left_index_floor_semantic_19,floor,0,0.0,,0,0.0,not_applicable_static_combination
4,0.13333333333333333,AR,left,index,target,0.5302466139197349,-0.13601043913513422,0.7280595853261588,0.5302466139197349,-0.13601043913513422,0.7280595853261588,0.5260858979700624,-0.13487356922362984,0.762129516989918,-0.03871693216103876,-0.12303749094841301,0.022976156634526092,0.0,0.03845829071841175,0.03845829071841175,-0.0018366347252241066,-0.0026344580814374463,0.00043658215903941144,0.0032410184322742776,-0.002324081224448382,0.003771327992941831,0.033633349504719856,0.03392383332223556,0.034341873478055465,0.03367058865472858,measured_min_over_explicit_pairs,0.019991178295884274,1570,collision_hand_left_index_0,left_object_6,24,0,0.5191013315707637,-0.12306836157640483,0.7612815726433243,0.5066752581736167,-0.1084890995729354,0.7555644904311515,measured_min_over_explicit_pairs,0.03371593726409661,19,collision_hand_left_index_floor_semantic_19,floor,0,0.0,,0,0.0,not_applicable_static_combination
4,0.13333333333333333,RA,left,index,target,0.5302466139197349,-0.13601043913513422,0.7280595853261588,0.5302466139197349,-0.13601043913513422,0.7280595853261588,0.5284099791945108,-0.13864489721657167,0.7284961674851982,-0.03831747116130606,-0.12734426936589996,-0.009821245828226634,0.0,0.03778415165267784,0.03778415165267784,-0.0018366347252241066,-0.0026344580814374463,0.00043658215903941144,0.0032410184322742776,-0.002324081224448382,0.003771327992941831,0.033633349504719856,0.03392383332223556,0.034341873478055465,0.03873475259625329,measured_min_over_explicit_pairs,0.023826819214895302,1591,collision_hand_left_index_0,left_object_27,23,0,0.521439585896224,-0.12624871177397376,0.729419043552926,0.5066801213046186,-0.10766343849277402,0.7273064300218758,measured_min_over_explicit_pairs,-0.0002519570610971522,19,collision_hand_left_index_floor_semantic_19,floor,0,0.0,,0,0.0,not_applicable_static_combination
4,0.13333333333333333,AA,left,index,target,0.5302466139197349,-0.13601043913513422,0.7280595853261588,0.5302466139197349,-0.13601043913513422,0.7280595853261588,0.5260858979700624,-0.13487356922362984,0.762129516989918,-0.03775587281535384,-0.122982706854854,0.023816349909799615,0.0,0.03778415165267784,0.03778415165267784,-0.0018366347252241066,-0.0026344580814374463,0.00043658215903941144,0.0032410184322742776,-0.002324081224448382,0.003771327992941831,0.033633349504719856,0.03392383332223556,0.034341873478055465,0.03381200221526361,measured_min_over_explicit_pairs,0.02023963843404699,1570,collision_hand_left_index_0,left_object_6,24,0,0.5192836563457783,-0.12307429638095156,0.7609012614385022,0.5070721643853491,-0.10832584801087397,0.7543433884055379,measured_min_over_explicit_pairs,0.03371593726409661,19,collision_hand_left_index_floor_semantic_19,floor,0,0.0,,0,0.0,source endpoint interval; AA solve data only; object and floor separated
4,0.13333333333333333,RR,left,middle,target,0.504817171394825,-0.1252501467242837,0.7251288249425528,0.504817171394825,-0.1252501467242837,0.7251288249425528,0.5078612749325302,-0.13458805984731076,0.7288787983680648,-0.05213003576014778,-0.11183380754402124,-0.010674917930003056,0.0,0.01402555390510449,0.01402555390510449,0.003044103537705234,-0.009337913123027064,0.0037499734255119765,0.010513110316814744,-0.0032777446773177843,0.002784219290566159,0.03196404784466966,0.03225206724915439,0.03631111133411841,0.023137298547436475,measured_min_over_explicit_pairs,0.008086091080901775,1785,collision_hand_left_middle_external_semantic_link2,left_object_27,22,0,0.5053321357150529,-0.11826166632492806,0.7289865718356983,0.5002453156134538,-0.11197645828024783,0.7289138390529039,measured_min_over_explicit_pairs,-0.00010766047632948528,21,collision_hand_left_middle_floor_semantic_21,floor,0,0.0,,0,0.0,not_applicable_static_combination
4,0.13333333333333333,AR,left,middle,target,0.504817171394825,-0.1252501467242837,0.7251288249425528,0.504817171394825,-0.1252501467242837,0.7251288249425528,0.5045835302552124,-0.1318038405567446,0.7608428462127345,-0.053367448243379224,-0.10704921589179477,0.021196265526401026,0.0,0.01402555390510449,0.01402555390510449,0.003044103537705234,-0.009337913123027064,0.0037499734255119765,0.010513110316814744,-0.0032777446773177843,0.002784219290566159,0.03196404784466966,0.03225206724915439,0.03631111133411841,0.017575629419508146,measured_min_over_explicit_pairs,0.0033449673233873984,1764,collision_hand_left_middle_external_semantic_link2,left_object_6,22,0,0.5035487671587128,-0.11511114901951669,0.7571096054777622,0.5015297727830612,-0.11274534909104475,0.7558785657529528,measured_min_over_explicit_pairs,0.03180158245758269,21,collision_hand_left_middle_floor_semantic_21,floor,0,0.0,,0,0.0,not_applicable_static_combination
4,0.13333333333333333,RA,left,middle,target,0.504817171394825,-0.1252501467242837,0.7251288249425528,0.504817171394825,-0.1252501467242837,0.7251288249425528,0.5078612749325302,-0.13458805984731076,0.7288787983680648,-0.05178058594070985,-0.11129942877570183,-0.009419731754717414,0.0,0.013380267394877363,0.013380267394877363,0.003044103537705234,-0.009337913123027064,0.0037499734255119765,0.010513110316814744,-0.0032777446773177843,0.002784219290566159,0.03196404784466966,0.03225206724915439,0.03631111133411841,0.022659641375710055,measured_min_over_explicit_pairs,0.007535850556191458,1785,collision_hand_left_middle_external_semantic_link2,left_object_27,22,0,0.5058321735010224,-0.11791852980008741,0.7280047083123117,0.5011625602008143,-0.11203802363270823,0.7273695686054853,measured_min_over_explicit_pairs,-0.00010766047632948528,21,collision_hand_left_middle_floor_semantic_21,floor,0,0.0,,0,0.0,not_applicable_static_combination
4,0.13333333333333333,AA,left,middle,target,0.504817171394825,-0.1252501467242837,0.7251288249425528,0.504817171394825,-0.1252501467242837,0.7251288249425528,0.5045835302552124,-0.1318038405567446,0.7608428462127345,-0.052581195203934866,-0.10710714659504071,0.022548684483334268,0.0,0.013380267394877363,0.013380267394877363,0.003044103537705234,-0.009337913123027064,0.0037499734255119765,0.010513110316814744,-0.0032777446773177843,0.002784219290566159,0.03196404784466966,0.03225206724915439,0.03631111133411841,0.01807844179746992,measured_min_over_explicit_pairs,0.003853185949093654,1764,collision_hand_left_middle_external_semantic_link2,left_object_6,23,0,0.5040305442534488,-0.11516519654956223,0.7563335024042013,0.5018484156107335,-0.11252321059014103,0.7545713257004751,measured_min_over_explicit_pairs,0.03180158245758269,21,collision_hand_left_middle_floor_semantic_21,floor,0,0.0,,0,0.0,source endpoint interval; AA solve data only; object and floor separated
4,0.13333333333333333,RR,left,ring,target,0.4858810998499393,-0.13003568444401026,0.729520912402117,0.4858810998499393,-0.13003568444401026,0.729520912402117,0.4854483390921971,-0.13419624446371836,0.7296144594934851,-0.06921309803837601,-0.09730282694179301,-0.010442548601120134,0.0,0.005658855968235916,0.005658855968235916,-0.0004327607577422343,-0.004160560019708104,9.35470913681069e-05,0.004184052175742861,-0.004419167825724102,0.004285989443022498,0.03499873753096139,0.0355360433720292,0.03542633742759578,0.008674349626409473,measured_min_over_explicit_pairs,-0.0002703605020843698,1887,collision_hand_left_ring_link2_external_exact_mesh,left_object_external_exact_sdf,11,0,0.47809209462166274,-0.12769514250003647,0.7272242660195807,0.47826387937479237,-0.12790114191098603,0.7272581635470412,measured_min_over_explicit_pairs,0.0009861481435528008,23,collision_hand_left_ring_floor_semantic_23,floor,0,0.0,,0,0.0,not_applicable_static_combination
4,0.13333333333333333,AR,left,ring,target,0.4858810998499393,-0.13003568444401026,0.729520912402117,0.4858810998499393,-0.13003568444401026,0.729520912402117,0.481029171266473,-0.12991025502069586,0.7646131970244465,-0.07042447964119786,-0.0905809530900582,0.024430927639031916,0.0,0.005658855968235916,0.005658855968235916,-0.0004327607577422343,-0.004160560019708104,9.35470913681069e-05,0.004184052175742861,-0.004419167825724102,0.004285989443022498,0.03499873753096139,0.0355360433720292,0.03542633742759578,0.007462875486591316,measured_min_over_explicit_pairs,0.012778907645332127,1828,collision_hand_left_ring_1,left_object_6,12,0,0.46928095154562655,-0.1484142387452307,0.767861914394235,0.4645812001821057,-0.143028902875805,0.7572689461934667,measured_min_over_explicit_pairs,0.03660837055555266,23,collision_hand_left_ring_floor_semantic_23,floor,0,0.0,,0,0.0,not_applicable_static_combination
4,0.13333333333333333,RA,left,ring,target,0.4858810998499393,-0.13003568444401026,0.729520912402117,0.4858810998499393,-0.13003568444401026,0.729520912402117,0.4854483390921971,-0.13419624446371836,0.7296144594934851,-0.06899397140609213,-0.09694095541072267,-0.008666065371950886,0.0,0.0052862947524710815,0.0052862947524710815,-0.0004327607577422343,-0.004160560019708104,9.35470913681069e-05,0.004184052175742861,-0.004419167825724102,0.004285989443022498,0.03499873753096139,0.0355360433720292,0.03542633742759578,0.008289805950172023,measured_min_over_explicit_pairs,-0.00017078043528694268,1887,collision_hand_left_ring_link2_external_exact_mesh,left_object_external_exact_sdf,11,0,0.4796683240448732,-0.12752347156453003,0.7248811297778672,0.47977639536743805,-0.12765568699530905,0.7248787578209124,measured_min_over_explicit_pairs,0.0009861481435528008,23,collision_hand_left_ring_floor_semantic_23,floor,0,0.0,,0,0.0,not_applicable_static_combination
4,0.13333333333333333,AA,left,ring,target,0.4858810998499393,-0.13003568444401026,0.729520912402117,0.4858810998499393,-0.13003568444401026,0.729520912402117,0.481029171266473,-0.12991025502069586,0.7646131970244465,-0.06974139350261487,-0.09086612323746726,0.0263389078863613,0.0,0.0052862947524710815,0.0052862947524710815,-0.0004327607577422343,-0.004160560019708104,9.35470913681069e-05,0.004184052175742861,-0.004419167825724102,0.004285989443022498,0.03499873753096139,0.0355360433720292,0.03542633742759578,0.009375570217365677,measured_min_over_explicit_pairs,0.014833649559883037,1828,collision_hand_left_ring_1,left_object_6,12,0,0.469670315219597,-0.14855250714634494,0.767630153790133,0.4646961900050447,-0.14247217287389283,0.7550474365656773,measured_min_over_explicit_pairs,0.03660837055555266,23,collision_hand_left_ring_floor_semantic_23,floor,166,938.6857632715255,41,0,0.0,source endpoint interval; AA solve data only; object and floor separated
4,0.13333333333333333,RR,left,pinky,target,0.4656857721507549,-0.15580003056675196,0.7308188035421012,0.4656857721507549,-0.15580003056675196,0.7308188035421012,0.46399524134007886,-0.1353645331575106,0.7280724942579568,-0.08651068470892813,-0.0846259331643076,-0.01245943182794577,0.0,0.012655180353901311,0.012655180353901311,-0.0016905308106760497,0.02043549740924136,-0.0027463092841443215,0.02068839441496446,-0.003244544898064916,0.0028167040094988216,0.03244596529344268,0.03272921564742994,0.038040628414095896,0.0006132050952360936,measured_min_over_explicit_pairs,-0.004205294814235806,1926,collision_hand_left_pinky_1,left_object_6,13,0,0.4486116028979009,-0.14919612933989324,0.7450073469474314,0.45120970788292025,-0.15233820071499654,0.743976938079451,measured_min_over_explicit_pairs,-0.00026268187897016126,25,collision_hand_left_pinky_floor_semantic_25,floor,0,0.0,,0,0.0,not_applicable_static_combination
4,0.13333333333333333,AR,left,pinky,target,0.4656857721507549,-0.15580003056675196,0.7308188035421012,0.4656857721507549,-0.15580003056675196,0.7308188035421012,0.46075069644201394,-0.13254782914801178,0.7605184595513995,-0.0877089287819992,-0.07982894236084163,0.019894156029798635,0.0,0.012655180353901311,0.012655180353901311,-0.0016905308106760497,0.02043549740924136,-0.0027463092841443215,0.02068839441496446,-0.003244544898064916,0.0028167040094988216,0.03244596529344268,0.03272921564742994,0.038040628414095896,0.007760375243921301,measured_min_over_explicit_pairs,0.0049925828586795395,1926,collision_hand_left_pinky_1,left_object_6,14,0,0.45152644953039495,-0.15380003649988336,0.7627448449560433,0.4508766767270167,-0.15311448859098184,0.75784242688234,measured_min_over_explicit_pairs,0.03222278465091433,25,collision_hand_left_pinky_floor_semantic_25,floor,0,0.0,,0,0.0,not_applicable_static_combination
4,0.13333333333333333,RA,left,pinky,target,0.4656857721507549,-0.15580003056675196,0.7308188035421012,0.4656857721507549,-0.15580003056675196,0.7308188035421012,0.46399524134007886,-0.1353645331575106,0.7280724942579568,-0.08643841120585097,-0.08439736529936419,-0.010191786713605403,0.0,0.012612796891058008,0.012612796891058008,-0.0016905308106760497,0.02043549740924136,-0.0027463092841443215,0.02068839441496446,-0.003244544898064916,0.0028167040094988216,0.03244596529344268,0.03272921564742994,0.038040628414095896,0.0016646120487633558,measured_min_over_explicit_pairs,-0.004521234101730747,1926,collision_hand_left_pinky_1,left_object_6,13,0,0.44863179602692455,-0.1491120501572894,0.7447927754429254,0.4514174856966413,-0.15252186045595043,0.7437657970625146,measured_min_over_explicit_pairs,-0.00026268187897016126,25,collision_hand_left_pinky_floor_semantic_25,floor,0,0.0,,0,0.0,not_applicable_static_combination
4,0.13333333333333333,AA,left,pinky,target,0.4656857721507549,-0.15580003056675196,0.7308188035421012,0.4656857721507549,-0.15580003056675196,0.7308188035421012,0.46075069644201394,-0.13254782914801178,0.7605184595513995,-0.08719268576354265,-0.08020107657363883,0.02225854129271746,0.0,0.012612796891058008,0.012612796891058008,-0.0016905308106760497,0.02043549740924136,-0.0027463092841443215,0.02068839441496446,-0.003244544898064916,0.0028167040094988216,0.03244596529344268,0.03272921564742994,0.038040628414095896,0.008789638231773922,measured_min_over_explicit_pairs,0.007539062607874559,1926,collision_hand_left_pinky_1,left_object_6,14,0,0.4516611367963353,-0.15365605059891296,0.7627487782750113,0.45076456367815293,-0.15253037731943006,0.75534834036114,measured_min_over_explicit_pairs,0.03222278465091433,25,collision_hand_left_pinky_floor_semantic_25,floor,154,846.0038639828563,41,0,0.0,source endpoint interval; AA solve data only; object and floor separated
5,0.16666666666666666,RR,right,palm,tool,0.738872031122446,-0.22259409818798304,0.75841229700371,0.738872031122446,-0.22259409818798304,0.75841229700371,0.7464574934637116,-0.25301322697869105,0.7561681094529028,-0.07705533906592835,-0.25787978208034307,0.006785672402650019,0.0,0.17963426117043338,0.17963426117043338,0.007585462341265559,-0.030419128790708017,-0.0022441875508072417,0.03143086083898495,-0.0016783239042328368,0.0003841555046157352,0.01905681463462161,0.019134433114089747,0.03492360711996908,0.21063001874975193,measured_min_over_explicit_pairs,0.0,135,collision_hand_right_palm_0,right_object_26,2,0,0.9655321931313928,-0.20006680081670525,0.9903623013812162,0.9715878946220566,-0.05153380240018237,1.0002279631966082,measured_min_over_explicit_pairs,0.004912737484756513,0,collision_hand_right_palm_floor_semantic_00,floor,0,0.0,,0,0.0,not_applicable_static_combination
5,0.16666666666666666,AR,right,palm,tool,0.738872031122446,-0.22259409818798304,0.75841229700371,0.738872031122446,-0.22259409818798304,0.75841229700371,0.7447791695594788,-0.2526290714740753,0.7752249240875244,-0.07855530811000527,-0.25635449194437765,0.0258001435618885,0.0,0.17963426117043338,0.17963426117043338,0.007585462341265559,-0.030419128790708017,-0.0022441875508072417,0.03143086083898495,-0.0016783239042328368,0.0003841555046157352,0.01905681463462161,0.019134433114089747,0.03492360711996908,0.20970923407091413,measured_min_over_explicit_pairs,0.1091084250316711,118,collision_hand_right_palm_0,right_object_9,2,0,0.7373644542894932,-0.1520654412273842,0.7620127563626682,0.7277582788402688,-0.04352961790379933,0.7677000106740283,measured_min_over_explicit_pairs,0.02416703697147282,0,collision_hand_right_palm_floor_semantic_00,floor,0,0.0,,0,0.0,not_applicable_static_combination
5,0.16666666666666666,RA,right,palm,tool,0.738872031122446,-0.22259409818798304,0.75841229700371,0.738872031122446,-0.22259409818798304,0.75841229700371,0.7464574934637116,-0.25301322697869105,0.7561681094529028,-0.07661285718364616,-0.25857834172695077,0.004146992490623272,0.0,0.18025861203848503,0.18025861203848503,0.007585462341265559,-0.030419128790708017,-0.0022441875508072417,0.03143086083898495,-0.0016783239042328368,0.0003841555046157352,0.01905681463462161,0.019134433114089747,0.03492360711996908,0.2112559880947766,measured_min_over_explicit_pairs,0.11125708980257767,118,collision_hand_right_palm_0,right_object_9,2,0,0.7375353896281662,-0.15347984851490792,0.7600112737635198,0.7278552869404856,-0.04278137959006003,0.7655144202261602,measured_min_over_explicit_pairs,0.004912737484756513,0,collision_hand_right_palm_floor_semantic_00,floor,0,0.0,,0,0.0,not_applicable_static_combination
5,0.16666666666666666,AA,right,palm,tool,0.738872031122446,-0.22259409818798304,0.75841229700371,0.738872031122446,-0.22259409818798304,0.75841229700371,0.7447791695594788,-0.2526290714740753,0.7752249240875244,-0.07805658540070375,-0.25740835758857655,0.023190976226932194,0.0,0.18025861203848503,0.18025861203848503,0.007585462341265559,-0.030419128790708017,-0.0022441875508072417,0.03143086083898495,-0.0016783239042328368,0.0003841555046157352,0.01905681463462161,0.019134433114089747,0.03492360711996908,0.21050275462856752,measured_min_over_explicit_pairs,0.10973027229851658,118,collision_hand_right_palm_0,right_object_9,2,0,0.7375162113602522,-0.15193578672208136,0.759794752253359,0.7278552869404857,-0.04278137959006004,0.7655144202261605,measured_min_over_explicit_pairs,0.02416703697147282,0,collision_hand_right_palm_floor_semantic_00,floor,0,0.0,,0,0.0,source endpoint interval; AA solve data only; object and floor separated
5,0.16666666666666666,RR,right,thumb,tool,0.6583023689687252,-0.13706679735332727,0.7234482719831107,0.6583023689687252,-0.13706679735332727,0.7234482719831107,0.6607353159506523,-0.14101838642126785,0.7145072385758962,-0.11502932113674671,-0.12336120686750096,-0.038925308769119045,0.0,0.11261897671328472,0.11261897671328472,0.0024329469819270866,-0.003951589067940575,-0.008941033407214527,0.01007354781433343,-0.0015704449968442225,0.0007686364170613469,0.020589145466693548,0.020663252659695507,0.012105932917466195,0.11785993094078175,measured_min_over_explicit_pairs,0.13421586410778544,264,collision_hand_right_thumb_external_semantic_rota1,right_object_3,25,0,0.6683977698093949,-0.16442892800232478,0.7233981854461818,0.7055894526109031,-0.03968683869763956,0.7561103859911386,measured_min_over_explicit_pairs,-0.020757228085785395,3,collision_hand_right_thumb_floor_semantic_03,floor,0,0.0,,0,0.0,not_applicable_static_combination
5,0.16666666666666666,AR,right,thumb,tool,0.6583023689687252,-0.13706679735332727,0.7234482719831107,0.6583023689687252,-0.13706679735332727,0.7234482719831107,0.659164870953808,-0.1402497500042065,0.7350963840425897,-0.11629340004311958,-0.12147478982253117,-0.018387208912284087,0.0,0.11261897671328472,0.11261897671328472,0.0024329469819270866,-0.003951589067940575,-0.008941033407214527,0.01007354781433343,-0.0015704449968442225,0.0007686364170613469,0.020589145466693548,0.020663252659695507,0.012105932917466195,0.11237374652734236,measured_min_over_explicit_pairs,0.13013369709928307,284,collision_hand_right_thumb_external_semantic_rota1,right_object_23,26,0,0.6665399281400795,-0.16334001508057439,0.741906285043499,0.7051087181364235,-0.04054143715021462,0.7610827502346444,measured_min_over_explicit_pairs,-4.896585580815849e-05,3,collision_hand_right_thumb_floor_semantic_03,floor,0,0.0,,0,0.0,not_applicable_static_combination
5,0.16666666666666666,RA,right,thumb,tool,0.6583023689687252,-0.13706679735332727,0.7234482719831107,0.6583023689687252,-0.13706679735332727,0.7234482719831107,0.6607353159506523,-0.14101838642126785,0.7145072385758962,-0.11488555121330199,-0.12328116888848167,-0.03894175435728917,0.0,0.1125478180361924,0.1125478180361924,0.0024329469819270866,-0.003951589067940575,-0.008941033407214527,0.01007354781433343,-0.0015704449968442225,0.0007686364170613469,0.020589145466693548,0.020663252659695507,0.012105932917466195,0.11771558747904476,measured_min_over_explicit_pairs,0.1342725580079259,264,collision_hand_right_thumb_external_semantic_rota1,right_object_3,25,0,0.6683340439600302,-0.16436641881183606,0.7232289358266821,0.7052127644721872,-0.03920684396661405,0.7549174295103729,measured_min_over_explicit_pairs,-0.020757228085785395,3,collision_hand_right_thumb_floor_semantic_03,floor,0,0.0,,0,0.0,not_applicable_static_combination
5,0.16666666666666666,AA,right,thumb,tool,0.6583023689687252,-0.13706679735332727,0.7234482719831107,0.6583023689687252,-0.13706679735332727,0.7234482719831107,0.659164870953808,-0.1402497500042065,0.7350963840425897,-0.1160891676978588,-0.12177812786511695,-0.01836841759538788,0.0,0.1125478180361924,0.1125478180361924,0.0024329469819270866,-0.003951589067940575,-0.008941033407214527,0.01007354781433343,-0.0015704449968442225,0.0007686364170613469,0.020589145466693548,0.020663252659695507,0.012105932917466195,0.11244742141585576,measured_min_over_explicit_pairs,0.13036653180298574,284,collision_hand_right_thumb_external_semantic_rota1,right_object_23,26,0,0.6664955595993746,-0.1632926537304385,0.7416825217710183,0.7049688016689165,-0.039986927660775974,0.7593160176646484,measured_min_over_explicit_pairs,-4.896585580815849e-05,3,collision_hand_right_thumb_floor_semantic_03,floor,0,0.0,,30,331.15186047554016,source endpoint interval; AA solve data only; object and floor separated
5,0.16666666666666666,RR,right,index,tool,0.6795398987829685,-0.07616984192281961,0.7258778765134452,0.6795398987829685,-0.07616984192281961,0.7258778765134452,0.6841766695928206,-0.07816447026716226,0.7285979903433663,-0.07004137250019733,-0.07326591918245592,-0.02607199203433166,0.0,0.05132006698722135,0.05132006698722135,0.004636770809852142,-0.00199462834434265,0.0027201138299211003,0.00573386475449849,-0.0014742063698383046,0.00016940583568875178,0.0187831199211822,0.0188416447459225,0.021811059414845603,0.05014033346776606,measured_min_over_explicit_pairs,0.051327958982677155,389,collision_hand_right_index_1,right_object_3,1,0,0.6960225393639448,-0.08919940145999082,0.7456584997867758,0.7082876616076186,-0.04067425793596517,0.7570355202951443,measured_min_over_explicit_pairs,0.0005386960210955749,6,collision_hand_right_index_floor_semantic_06,floor,0,0.0,,0,0.0,not_applicable_static_combination
5,0.16666666666666666,AR,right,index,tool,0.6795398987829685,-0.07616984192281961,0.7258778765134452,0.6795398987829685,-0.07616984192281961,0.7258778765134452,0.6827024632229823,-0.07799506443147351,0.7473811102645485,-0.07143006270030346,-0.07202343406928145,-0.007322716128227503,0.0,0.05132006698722135,0.05132006698722135,0.004636770809852142,-0.00199462834434265,0.0027201138299211003,0.00573386475449849,-0.0014742063698383046,0.00016940583568875178,0.0187831199211822,0.0188416447459225,0.021811059414845603,0.04476094065779384,measured_min_over_explicit_pairs,0.048820072299607206,409,collision_hand_right_index_1,right_object_23,1,0,0.6947923280667477,-0.08876270293684575,0.7627116943692784,0.7077680016200969,-0.041804149809267124,0.7658621932726527,measured_min_over_explicit_pairs,0.019281303205268996,6,collision_hand_right_index_floor_semantic_06,floor,0,0.0,,0,0.0,not_applicable_static_combination
5,0.16666666666666666,RA,right,index,tool,0.6795398987829685,-0.07616984192281961,0.7258778765134452,0.6795398987829685,-0.07616984192281961,0.7258778765134452,0.6841766695928206,-0.07816447026716226,0.7285979903433663,-0.06991796634809344,-0.0733774564170551,-0.025296355322579837,0.0,0.05092801601194634,0.05092801601194634,0.004636770809852142,-0.00199462834434265,0.0027201138299211003,0.00573386475449849,-0.0014742063698383046,0.00016940583568875178,0.0187831199211822,0.0188416447459225,0.021811059414845603,0.04983870582236625,measured_min_over_explicit_pairs,0.051456601702673355,395,collision_hand_right_index_1,right_object_9,1,0,0.6960384191923655,-0.089161696421236,0.745473836326092,0.7084023748825341,-0.04035325374713173,0.7560875247616826,measured_min_over_explicit_pairs,0.0005386960210955749,6,collision_hand_right_index_floor_semantic_06,floor,0,0.0,,0,0.0,not_applicable_static_combination
5,0.16666666666666666,AA,right,index,tool,0.6795398987829685,-0.07616984192281961,0.7258778765134452,0.6795398987829685,-0.07616984192281961,0.7258778765134452,0.6827024632229823,-0.07799506443147351,0.7473811102645485,-0.07125089071721122,-0.07248516435257366,-0.00652311095114994,0.0,0.05092801601194634,0.05092801601194634,0.004636770809852142,-0.00199462834434265,0.0027201138299211003,0.00573386475449849,-0.0014742063698383046,0.00016940583568875178,0.0187831199211822,0.0188416447459225,0.021811059414845603,0.04480640139328075,measured_min_over_explicit_pairs,0.04924231031955993,409,collision_hand_right_index_1,right_object_23,1,0,0.6947560084127692,-0.08874108493594941,0.7625122166216843,0.707694868123903,-0.04128768378329068,0.7648714016564543,measured_min_over_explicit_pairs,0.019281303205268996,6,collision_hand_right_index_floor_semantic_06,floor,0,0.0,,0,0.0,source endpoint interval; AA solve data only; object and floor separated
5,0.16666666666666666,RR,right,middle,tool,0.7114922650158405,-0.05941085983067751,0.7226551129750846,0.7114922650158405,-0.05941085983067751,0.7226551129750846,0.712511500390376,-0.0703696569735203,0.7274219593952512,-0.04082953501154583,-0.0765464793823284,-0.02702659913224316,0.0,0.031193960839339237,0.031193960839339237,0.001019235374535521,-0.010958797142842785,0.0047668464201666705,0.0119940360329682,-0.0017229526537212436,0.0005696305765185844,0.019821772266599202,0.019904665298105147,0.026702624756286132,0.037446356828805594,measured_min_over_explicit_pairs,0.022451674286509002,591,collision_hand_right_middle_0,right_object_3,0,0,0.7140840827877791,-0.0574507804500035,0.7348733183955746,0.7164890459843783,-0.037945477925020704,0.745728593781275,measured_min_over_explicit_pairs,-3.458301492864635e-05,8,collision_hand_right_middle_floor_semantic_08,floor,0,0.0,,0,0.0,not_applicable_static_combination
5,0.16666666666666666,AR,right,middle,tool,0.7114922650158405,-0.05941085983067751,0.7226551129750846,0.7114922650158405,-0.05941085983067751,0.7226551129750846,0.7107885477366548,-0.06980002639700171,0.7472437316618504,-0.042305619154998586,-0.0748104691324196,-0.007252799683395444,0.0,0.031193960839339237,0.031193960839339237,0.001019235374535521,-0.010958797142842785,0.0047668464201666705,0.0119940360329682,-0.0017229526537212436,0.0005696305765185844,0.019821772266599202,0.019904665298105147,0.026702624756286132,0.029688095185878387,measured_min_over_explicit_pairs,0.014908320825009024,591,collision_hand_right_middle_0,right_object_3,0,0,0.7125934693098241,-0.05601206200127098,0.7524630972615022,0.7145378441032753,-0.041738009782292425,0.7563009182231761,measured_min_over_explicit_pairs,0.01982854740387252,8,collision_hand_right_middle_floor_semantic_08,floor,0,0.0,,0,0.0,not_applicable_static_combination
5,0.16666666666666666,RA,right,middle,tool,0.7114922650158405,-0.05941085983067751,0.7226551129750846,0.7114922650158405,-0.05941085983067751,0.7226551129750846,0.712511500390376,-0.0703696569735203,0.7274219593952512,-0.0407053122806718,-0.07660345447191404,-0.026400247657436274,0.0,0.03063658617639763,0.03063658617639763,0.001019235374535521,-0.010958797142842785,0.0047668464201666705,0.0119940360329682,-0.0017229526537212436,0.0005696305765185844,0.019821772266599202,0.019904665298105147,0.026702624756286132,0.03714909063777617,measured_min_over_explicit_pairs,0.022159234158920967,591,collision_hand_right_middle_0,right_object_3,0,0,0.714010699231773,-0.05735951153422166,0.7347217869094331,0.7162217246853206,-0.03790602678919992,0.7450998867465353,measured_min_over_explicit_pairs,-3.458301492864635e-05,8,collision_hand_right_middle_floor_semantic_08,floor,0,0.0,,0,0.0,not_applicable_static_combination
5,0.16666666666666666,AA,right,middle,tool,0.7114922650158405,-0.05941085983067751,0.7226551129750846,0.7114922650158405,-0.05941085983067751,0.7226551129750846,0.7107885477366548,-0.06980002639700171,0.7472437316618504,-0.042123087615609546,-0.07523686104364705,-0.006593227787424256,0.0,0.03063658617639763,0.03063658617639763,0.001019235374535521,-0.010958797142842785,0.0047668464201666705,0.0119940360329682,-0.0017229526537212436,0.0005696305765185844,0.019821772266599202,0.019904665298105147,0.026702624756286132,0.029806056918560826,measured_min_over_explicit_pairs,0.015063337207463641,591,collision_hand_right_middle_0,right_object_3,0,0,0.7124936160853796,-0.0559011936193605,0.7520664505540026,0.7143077961648115,-0.04131171534629842,0.7553466947804284,measured_min_over_explicit_pairs,0.01982854740387252,8,collision_hand_right_middle_floor_semantic_08,floor,0,0.0,,0,0.0,source endpoint interval; AA solve data only; object and floor separated
5,0.16666666666666666,RR,right,ring,tool,0.7345427073538303,-0.06482719350606203,0.7256820156507132,0.7345427073538303,-0.06482719350606203,0.7256820156507132,0.733651056004545,-0.06858835227928892,0.7272889175932641,-0.02053275738420974,-0.08271856900749869,-0.026893611521367756,0.0,0.03391637308032439,0.03391637308032439,-0.0008916513492852607,-0.003761158773226886,0.0016069019425508646,0.004186106938323189,-0.0020519436826111903,0.00019020972255556767,0.018827984891206517,0.01894042416839347,0.02095235138934928,0.03614228784705853,measured_min_over_explicit_pairs,0.021344379519145217,744,collision_hand_right_ring_0,right_object_3,0,0,0.7329927738075255,-0.0560076248995272,0.7351698590922968,0.7301888285360562,-0.03763194457659864,0.7456605597667727,measured_min_over_explicit_pairs,0.0003426768076298936,10,collision_hand_right_ring_floor_semantic_10,floor,0,0.0,,0,0.0,not_applicable_static_combination
5,0.16666666666666666,AR,right,ring,tool,0.7345427073538303,-0.06482719350606203,0.7256820156507132,0.7345427073538303,-0.06482719350606203,0.7256820156507132,0.7315991123219339,-0.06839814255673335,0.7461169024844706,-0.022450601341045425,-0.08124169482151478,-0.008108500798386464,0.0,0.03391637308032439,0.03391637308032439,-0.0008916513492852607,-0.003761158773226886,0.0016069019425508646,0.004186106938323189,-0.0020519436826111903,0.00019020972255556767,0.018827984891206517,0.01894042416839347,0.02095235138934928,0.028410910952368373,measured_min_over_explicit_pairs,0.013874306953212607,744,collision_hand_right_ring_0,right_object_3,0,0,0.7311310190831525,-0.05480441903397488,0.7516315893750816,0.7296054445915626,-0.04148408765940137,0.7552005931540272,measured_min_over_explicit_pairs,0.019141680711714848,10,collision_hand_right_ring_floor_semantic_10,floor,0,0.0,,0,0.0,not_applicable_static_combination
5,0.16666666666666666,RA,right,ring,tool,0.7345427073538303,-0.06482719350606203,0.7256820156507132,0.7345427073538303,-0.06482719350606203,0.7256820156507132,0.733651056004545,-0.06858835227928892,0.7272889175932641,-0.020400924416079873,-0.0827517489934093,-0.026443445116568393,0.0,0.03363753576060182,0.03363753576060182,-0.0008916513492852607,-0.003761158773226886,0.0016069019425508646,0.004186106938323189,-0.0020519436826111903,0.00019020972255556767,0.018827984891206517,0.01894042416839347,0.02095235138934928,0.035931188415472194,measured_min_over_explicit_pairs,0.021152697926891895,744,collision_hand_right_ring_0,right_object_3,0,0,0.7329565115775909,-0.055927859897317675,0.7350173005962465,0.7301010425257852,-0.03754847648747474,0.7450910879453276,measured_min_over_explicit_pairs,0.0003426768076298936,10,collision_hand_right_ring_floor_semantic_10,floor,0,0.0,,0,0.0,not_applicable_static_combination
5,0.16666666666666666,AA,right,ring,tool,0.7345427073538303,-0.06482719350606203,0.7256820156507132,0.7345427073538303,-0.06482719350606203,0.7256820156507132,0.7315991123219339,-0.06839814255673335,0.7461169024844706,-0.022263168042552708,-0.08162643095068854,-0.007628414538409562,0.0,0.03363753576060182,0.03363753576060182,-0.0008916513492852607,-0.003761158773226886,0.0016069019425508646,0.004186106938323189,-0.0020519436826111903,0.00019020972255556767,0.018827984891206517,0.01894042416839347,0.02095235138934928,0.028604433514549277,measured_min_over_explicit_pairs,0.014113956761768192,744,collision_hand_right_ring_0,right_object_3,0,0,0.7310086277508496,-0.0547591762313349,0.7513963512042036,0.7292839595343046,-0.04114490832861231,0.7546949879663826,measured_min_over_explicit_pairs,0.019141680711714848,10,collision_hand_right_ring_floor_semantic_10,floor,0,0.0,,0,0.0,source endpoint interval; AA solve data only; object and floor separated
5,0.16666666666666666,RR,right,pinky,tool,0.760823468118906,-0.08923564944416285,0.7238216354779837,0.760823468118906,-0.08923564944416285,0.7238216354779837,0.7537360156140986,-0.06847557724962706,0.7237582013510083,-0.0018186137171234639,-0.09014739779427794,-0.03013052479985043,0.0,0.06161148004077048,0.06161148004077048,-0.007087452504807357,0.02076007219453578,-6.343412697540352e-05,0.021936649799335878,-0.0023555092964262503,-4.224879149598848e-05,0.017922464136080007,0.018076640443262886,0.028936874174748026,0.042113908938994436,measured_min_over_explicit_pairs,0.02769370529484598,896,collision_hand_right_pinky_0,right_object_3,0,0,0.7511121152287106,-0.05665583686474223,0.7318819139421264,0.7418274707318853,-0.03453528295537316,0.7457172955511769,measured_min_over_explicit_pairs,-0.002972664907673339,12,collision_hand_right_pinky_floor_semantic_12,floor,0,0.0,,0,0.0,not_applicable_static_combination
5,0.16666666666666666,AR,right,pinky,tool,0.760823468118906,-0.08923564944416285,0.7238216354779837,0.760823468118906,-0.08923564944416285,0.7238216354779837,0.7513805063176724,-0.06851782604112305,0.7416806654870883,-0.004100565185618906,-0.0888000664422129,-0.012249184653256787,0.0,0.06161148004077048,0.06161148004077048,-0.007087452504807357,0.02076007219453578,-6.343412697540352e-05,0.021936649799335878,-0.0023555092964262503,-4.224879149598848e-05,0.017922464136080007,0.018076640443262886,0.028936874174748026,0.034088963954240964,measured_min_over_explicit_pairs,0.019887990954670684,896,collision_hand_right_pinky_0,right_object_3,0,0,0.7488354970722756,-0.055618081969612196,0.7476487837156862,0.742411264253907,-0.03770584227580332,0.753429189069984,measured_min_over_explicit_pairs,0.014860120213767147,12,collision_hand_right_pinky_floor_semantic_12,floor,0,0.0,,0,0.0,not_applicable_static_combination
5,0.16666666666666666,RA,right,pinky,tool,0.760823468118906,-0.08923564944416285,0.7238216354779837,0.760823468118906,-0.08923564944416285,0.7238216354779837,0.7537360156140986,-0.06847557724962706,0.7237582013510083,-0.001687959294115806,-0.09009593612064445,-0.029874498845724008,0.0,0.061625957679480814,0.061625957679480814,-0.007087452504807357,0.02076007219453578,-6.343412697540352e-05,0.021936649799335878,-0.0023555092964262503,-4.224879149598848e-05,0.017922464136080007,0.018076640443262886,0.028936874174748026,0.04194441783232347,measured_min_over_explicit_pairs,0.02755107870740494,896,collision_hand_right_pinky_0,right_object_3,0,0,0.751052174122226,-0.05656354675397954,0.7316892027246081,0.74165020267369,-0.03430264768590331,0.7449223899258632,measured_min_over_explicit_pairs,-0.002972664907673339,12,collision_hand_right_pinky_floor_semantic_12,floor,0,0.0,,0,0.0,not_applicable_static_combination
5,0.16666666666666666,AA,right,pinky,tool,0.760823468118906,-0.08923564944416285,0.7238216354779837,0.760823468118906,-0.08923564944416285,0.7238216354779837,0.7513805063176724,-0.06851782604112305,0.7416806654870883,-0.003916913672016769,-0.08908380358698915,-0.011964382156250427,0.0,0.061625957679480814,0.061625957679480814,-0.007087452504807357,0.02076007219453578,-6.343412697540352e-05,0.021936649799335878,-0.0023555092964262503,-4.224879149598848e-05,0.017922464136080007,0.018076640443262886,0.028936874174748026,0.03427215187776632,measured_min_over_explicit_pairs,0.020119795266401487,896,collision_hand_right_pinky_0,right_object_3,0,0,0.7487433797081737,-0.055570250155730166,0.7473842984294297,0.7420589310474629,-0.037352997872184046,0.7526999382687967,measured_min_over_explicit_pairs,0.014860120213767147,12,collision_hand_right_pinky_floor_semantic_12,floor,0,0.0,,0,0.0,source endpoint interval; AA solve data only; object and floor separated
5,0.16666666666666666,RR,left,palm,target,0.4777036108076572,-0.28415981028229,0.7590671136312125,0.4777036108076572,-0.28415981028229,0.7590671136312125,0.4826355115074285,-0.3173586023881083,0.7489707350159871,-0.18782399441622571,-0.2367533461419151,0.009604292294020034,0.0,0.12080877678625629,0.12080877678625629,0.0049319006997712855,-0.03319879210581833,-0.010096378615225388,0.035048827411765585,-0.0034744278091558,0.0021393490864878295,0.03435332780826217,0.03459479143768337,0.03943618658100052,0.15329333214006588,measured_min_over_explicit_pairs,0.04415315366408527,1244,collision_hand_left_palm_0,left_object_7,17,0,0.43931505970108,-0.21707179902763218,0.7605758697636809,0.4231746694002177,-0.17620855679767625,0.7561958910107526,measured_min_over_explicit_pairs,-0.0031341529963727632,13,collision_hand_left_palm_floor_semantic_13,floor,0,0.0,,0,0.0,not_applicable_static_combination
5,0.16666666666666666,AR,left,palm,target,0.4777036108076572,-0.28415981028229,0.7590671136312125,0.4777036108076572,-0.28415981028229,0.7590671136312125,0.4791610836982727,-0.3152192533016205,0.7833240628242493,-0.18965286735383335,-0.23229779596693145,0.043862180305879434,0.0,0.12080877678625629,0.12080877678625629,0.0049319006997712855,-0.03319879210581833,-0.010096378615225388,0.035048827411765585,-0.0034744278091558,0.0021393490864878295,0.03435332780826217,0.03459479143768337,0.03943618658100052,0.15229584019588638,measured_min_over_explicit_pairs,0.045127987924411105,1244,collision_hand_left_palm_0,left_object_7,17,0,0.4506291890993944,-0.21245043800578206,0.763505841743361,0.4290525179220564,-0.17345290734148847,0.7564223992823605,measured_min_over_explicit_pairs,0.03127509650821303,13,collision_hand_left_palm_floor_semantic_13,floor,0,0.0,,0,0.0,not_applicable_static_combination
5,0.16666666666666666,RA,left,palm,target,0.4777036108076572,-0.28415981028229,0.7590671136312125,0.4777036108076572,-0.28415981028229,0.7590671136312125,0.4826355115074285,-0.3173586023881083,0.7489707350159871,-0.18533205280826506,-0.23810030022101455,0.010223625104270453,0.0,0.1216015416634698,0.1216015416634698,0.0049319006997712855,-0.03319879210581833,-0.010096378615225388,0.035048827411765585,-0.0034744278091558,0.0021393490864878295,0.03435332780826217,0.03459479143768337,0.03943618658100052,0.15387952067751307,measured_min_over_explicit_pairs,0.04515247722556961,1244,collision_hand_left_palm_0,left_object_7,17,0,0.4403809351952104,-0.21688481424631698,0.7583925618951667,0.42284848859265356,-0.17557934153684474,0.7533708649726993,measured_min_over_explicit_pairs,-0.0031341529963727632,13,collision_hand_left_palm_floor_semantic_13,floor,0,0.0,,0,0.0,not_applicable_static_combination
5,0.16666666666666666,AA,left,palm,target,0.4777036108076572,-0.28415981028229,0.7590671136312125,0.4777036108076572,-0.28415981028229,0.7590671136312125,0.4791610836982727,-0.3152192533016205,0.7833240628242493,-0.18661228929574175,-0.23436721119470483,0.044592573814910254,0.0,0.1216015416634698,0.1216015416634698,0.0049319006997712855,-0.03319879210581833,-0.010096378615225388,0.035048827411765585,-0.0034744278091558,0.0021393490864878295,0.03435332780826217,0.03459479143768337,0.03943618658100052,0.15350295466458674,measured_min_over_explicit_pairs,0.04632346671738835,1244,collision_hand_left_palm_0,left_object_7,17,0,0.4514944173280279,-0.21230921791238383,0.7616477748313503,0.42843290839878556,-0.17288736907325997,0.7539051519728657,measured_min_over_explicit_pairs,0.03127509650821303,13,collision_hand_left_palm_floor_semantic_13,floor,0,0.0,,0,0.0,source endpoint interval; AA solve data only; object and floor separated
5,0.16666666666666666,RR,left,thumb,target,0.5454080434516072,-0.18991950247436762,0.7284172727994559,0.5454080434516072,-0.18991950247436762,0.7284172727994559,0.5467761143110123,-0.19428492188982543,0.727487245931837,-0.05986840077500392,-0.18265155234626365,-0.010963887660575765,0.0,0.08967488913099532,0.08967488913099532,0.0013680708594050461,-0.004365419415457816,-0.0009300268676188939,0.004668346015849975,-0.0036374059788650825,0.0018903138086552307,0.03264758116913602,0.03290392932076047,0.03189481588783556,0.09392705875985578,measured_min_over_explicit_pairs,0.08845182182371815,1460,collision_hand_left_thumb_0,left_object_27,52,0,0.5486721687573775,-0.18659549462329414,0.7276199681444617,0.49309412720422546,-0.1178027155873292,0.7291560780232788,measured_min_over_explicit_pairs,-0.006820136221663775,16,collision_hand_left_thumb_floor_semantic_16,floor,0,0.0,,0,0.0,not_applicable_static_combination
5,0.16666666666666666,AR,left,thumb,target,0.5454080434516072,-0.18991950247436762,0.7284172727994559,0.5454080434516072,-0.18991950247436762,0.7284172727994559,0.5431387083321472,-0.1923946080811702,0.760134827100973,-0.061956369838120244,-0.1783149107898112,0.021586112185014404,0.0,0.08967488913099532,0.08967488913099532,0.0013680708594050461,-0.004365419415457816,-0.0009300268676188939,0.004668346015849975,-0.0036374059788650825,0.0018903138086552307,0.03264758116913602,0.03290392932076047,0.03189481588783556,0.08794227206805931,measured_min_over_explicit_pairs,0.08279430653477417,1439,collision_hand_left_thumb_0,left_object_6,52,0,0.5448051005776471,-0.18488107021856898,0.7591039494441554,0.49139520984367435,-0.12180520925001137,0.754233987490051,measured_min_over_explicit_pairs,0.025881897480463656,16,collision_hand_left_thumb_floor_semantic_16,floor,0,0.0,,0,0.0,not_applicable_static_combination
5,0.16666666666666666,RA,left,thumb,target,0.5454080434516072,-0.18991950247436762,0.7284172727994559,0.5454080434516072,-0.18991950247436762,0.7284172727994559,0.5467761143110123,-0.19428492188982543,0.727487245931837,-0.058394648880021216,-0.1820590832103257,-0.011431987160175912,0.0,0.08907876283153157,0.08907876283153157,0.0013680708594050461,-0.004365419415457816,-0.0009300268676188939,0.004668346015849975,-0.0036374059788650825,0.0018903138086552307,0.03264758116913602,0.03290392932076047,0.03189481588783556,0.09330912618939072,measured_min_over_explicit_pairs,0.08777567325027043,1460,collision_hand_left_thumb_0,left_object_27,53,0,0.5488084727138527,-0.18648394651927236,0.7274189070179393,0.49445289550276283,-0.11756428992699636,0.7277667227597288,measured_min_over_explicit_pairs,-0.006820136221663775,16,collision_hand_left_thumb_floor_semantic_16,floor,0,0.0,,0,0.0,not_applicable_static_combination
5,0.16666666666666666,AA,left,thumb,target,0.5454080434516072,-0.18991950247436762,0.7284172727994559,0.5454080434516072,-0.18991950247436762,0.7284172727994559,0.5431387083321472,-0.1923946080811702,0.760134827100973,-0.05996245686673105,-0.17841311555390296,0.02123171536588088,0.0,0.08907876283153157,0.08907876283153157,0.0013680708594050461,-0.004365419415457816,-0.0009300268676188939,0.004668346015849975,-0.0036374059788650825,0.0018903138086552307,0.03264758116913602,0.03290392932076047,0.03189481588783556,0.08803207577688482,measured_min_over_explicit_pairs,0.08279813713856332,1439,collision_hand_left_thumb_0,left_object_6,53,0,0.5449635122107171,-0.18476677811210257,0.7588936228318747,0.4924255629286711,-0.12105712060978654,0.7528624587824495,measured_min_over_explicit_pairs,0.025881897480463656,16,collision_hand_left_thumb_floor_semantic_16,floor,0,0.0,,0,0.0,source endpoint interval; AA solve data only; object and floor separated
5,0.16666666666666666,RR,left,index,target,0.5306154605001211,-0.13714999053627253,0.7276830031804679,0.5306154605001211,-0.13714999053627253,0.7276830031804679,0.528774906531667,-0.1397790745585104,0.7278746560194439,-0.03921537566986956,-0.12909342130069248,-0.011209069853805013,0.0,0.03953456783628646,0.03953456783628646,-0.0018405539684540617,-0.002629084022237882,0.0001916528389760419,0.0032150353835480707,-0.003031798080810444,0.0038074708186177086,0.035488761975320804,0.035820955601133915,0.03603082584751768,0.04045403659290091,measured_min_over_explicit_pairs,0.025414595068484154,1591,collision_hand_left_index_0,left_object_27,24,0,0.5217271642067316,-0.12732739903314005,0.7292665254046535,0.5057413010141634,-0.10757632484641408,0.7287676376878718,measured_min_over_explicit_pairs,-0.0012353658804233891,19,collision_hand_left_index_floor_semantic_19,floor,0,0.0,,0,0.0,not_applicable_static_combination
5,0.16666666666666666,AR,left,index,target,0.5306154605001211,-0.13714999053627253,0.7276830031804679,0.5306154605001211,-0.13714999053627253,0.7276830031804679,0.5257431084508566,-0.1359716037398927,0.7633634179947647,-0.03966057023324607,-0.12360915228184964,0.02418676966594798,0.0,0.03953456783628646,0.03953456783628646,-0.0018405539684540617,-0.002629084022237882,0.0001916528389760419,0.0032150353835480707,-0.003031798080810444,0.0038074708186177086,0.035488761975320804,0.035820955601133915,0.03603082584751768,0.03450193445908955,measured_min_over_explicit_pairs,0.020853606729702642,1570,collision_hand_left_index_0,left_object_6,24,0,0.5187996760030358,-0.12419109868881466,0.7622177116491534,0.5059364078752855,-0.10909445084655221,0.7557756257573468,measured_min_over_explicit_pairs,0.03483562733349865,19,collision_hand_left_index_floor_semantic_19,floor,0,0.0,,0,0.0,not_applicable_static_combination
5,0.16666666666666666,RA,left,index,target,0.5306154605001211,-0.13714999053627253,0.7276830031804679,0.5306154605001211,-0.13714999053627253,0.7276830031804679,0.528774906531667,-0.1397790745585104,0.7278746560194439,-0.03837376538588381,-0.12826323958138516,-0.01092959910248334,0.0,0.038662837556320585,0.038662837556320585,-0.0018405539684540617,-0.002629084022237882,0.0001916528389760419,0.0032150353835480707,-0.003031798080810444,0.0038074708186177086,0.035488761975320804,0.035820955601133915,0.03603082584751768,0.03963400161501308,measured_min_over_explicit_pairs,0.024597563747731588,1591,collision_hand_left_index_0,left_object_27,24,0,0.5218297407103298,-0.1272592926822333,0.7289576432174699,0.506610106092044,-0.1079756532657759,0.7277150188713185,measured_min_over_explicit_pairs,-0.0012353658804233891,19,collision_hand_left_index_floor_semantic_19,floor,0,0.0,,0,0.0,not_applicable_static_combination
5,0.16666666666666666,AA,left,index,target,0.5306154605001211,-0.13714999053627253,0.7276830031804679,0.5306154605001211,-0.13714999053627253,0.7276830031804679,0.5257431084508566,-0.1359716037398927,0.7633634179947647,-0.038262668067729114,-0.12350835169954999,0.02457419729727485,0.0,0.038662837556320585,0.038662837556320585,-0.0018405539684540617,-0.002629084022237882,0.0001916528389760419,0.0032150353835480707,-0.003031798080810444,0.0038074708186177086,0.035488761975320804,0.035820955601133915,0.03603082584751768,0.03450900906561066,measured_min_over_explicit_pairs,0.02093192787070962,1570,collision_hand_left_index_0,left_object_6,26,0,0.5189997398685803,-0.12416921137192145,0.7618931322400804,0.5065069326338574,-0.1089700497704367,0.7547474441421715,measured_min_over_explicit_pairs,0.03483562733349865,19,collision_hand_left_index_floor_semantic_19,floor,0,0.0,,0,0.0,source endpoint interval; AA solve data only; object and floor separated
5,0.16666666666666666,RR,left,middle,target,0.5061036929488182,-0.12614081893116236,0.725194866888964,0.5061036929488182,-0.12614081893116236,0.725194866888964,0.5089747311445424,-0.1352290010123833,0.7290855678704924,-0.05165154892402507,-0.11300006319836978,-0.010459508695457092,0.0,0.015485983823677343,0.015485983823677343,0.002871038195724207,-0.009088182081220947,0.003890700981528439,0.010294438692342539,-0.004377571850911144,0.002667440444355934,0.0334931098431166,0.03388313416431764,0.03796109690978951,0.024310203596772623,measured_min_over_explicit_pairs,0.009356011097307309,1785,collision_hand_left_middle_external_semantic_link2,left_object_27,22,0,0.5064225777559056,-0.1190552005656514,0.7291049045570854,0.5005376562054884,-0.11178394513298191,0.7289274603933392,measured_min_over_explicit_pairs,-7.854191285372458e-05,21,collision_hand_left_middle_floor_semantic_21,floor,0,0.0,,0,0.0,not_applicable_static_combination
5,0.16666666666666666,AR,left,middle,target,0.5061036929488182,-0.12614081893116236,0.725194866888964,0.5061036929488182,-0.12614081893116236,0.725194866888964,0.5045971592936312,-0.13256156056802737,0.762578677713609,-0.05383101806443298,-0.10757859020461999,0.022915996179244065,0.0,0.015485983823677343,0.015485983823677343,0.002871038195724207,-0.009088182081220947,0.003890700981528439,0.010294438692342539,-0.004377571850911144,0.002667440444355934,0.0334931098431166,0.03388313416431764,0.03796109690978951,0.01863614709054306,measured_min_over_explicit_pairs,0.004594245662549097,1764,collision_hand_left_middle_external_semantic_link2,left_object_6,23,0,0.5039367981744467,-0.1160091596104117,0.7581911606465948,0.501278296482941,-0.1128979369463326,0.7561031578930923,measured_min_over_explicit_pairs,0.03355944092362262,21,collision_hand_left_middle_floor_semantic_21,floor,0,0.0,,0,0.0,not_applicable_static_combination
5,0.16666666666666666,RA,left,middle,target,0.5061036929488182,-0.12614081893116236,0.725194866888964,0.5061036929488182,-0.12614081893116236,0.725194866888964,0.5089747311445424,-0.1352290010123833,0.7290855678704924,-0.05098134393397534,-0.11233885672903891,-0.009633676237234509,0.0,0.014690148121874462,0.014690148121874462,0.002871038195724207,-0.009088182081220947,0.003890700981528439,0.010294438692342539,-0.004377571850911144,0.002667440444355934,0.0334931098431166,0.03388313416431764,0.03796109690978951,0.023694982821739333,measured_min_over_explicit_pairs,0.00863347209030429,1785,collision_hand_left_middle_external_semantic_link2,left_object_27,22,0,0.5068598156191452,-0.11874764702676184,0.7283583560078737,0.5015232356560823,-0.11198779341245473,0.727756580513991,measured_min_over_explicit_pairs,-7.854191285372458e-05,21,collision_hand_left_middle_floor_semantic_21,floor,0,0.0,,0,0.0,not_applicable_static_combination
5,0.16666666666666666,AA,left,middle,target,0.5061036929488182,-0.12614081893116236,0.725194866888964,0.5061036929488182,-0.12614081893116236,0.725194866888964,0.5045971592936312,-0.13256156056802737,0.762578677713609,-0.052638796342166796,-0.10762630950559364,0.023879179967191393,0.0,0.014690148121874462,0.014690148121874462,0.002871038195724207,-0.009088182081220947,0.003890700981528439,0.010294438692342539,-0.004377571850911144,0.002667440444355934,0.0334931098431166,0.03388313416431764,0.03796109690978951,0.01906006178703434,measured_min_over_explicit_pairs,0.004976811424745722,1764,collision_hand_left_middle_external_semantic_link2,left_object_6,23,0,0.5043341076791504,-0.11606072654791602,0.7576617476372287,0.5016390021787583,-0.11276649982504697,0.7550823817078631,measured_min_over_explicit_pairs,0.03355944092362262,21,collision_hand_left_middle_floor_semantic_21,floor,0,0.0,,0,0.0,source endpoint interval; AA solve data only; object and floor separated
5,0.16666666666666666,RR,left,ring,target,0.48730521872639654,-0.13079967442899942,0.7297221972875235,0.48730521872639654,-0.13079967442899942,0.7297221972875235,0.4864974249206702,-0.13491546329640092,0.7296076765119349,-0.06883420318595648,-0.09849640075675613,-0.010440359042955953,0.0,0.007123101450317126,0.007123101450317126,-0.0008077938057263201,-0.004115788867401493,-0.00011452077558860019,0.00419587462177283,-0.005430812829196996,0.00404886220043249,0.03639738597664255,0.03702238132584879,0.03681536362881552,0.009866754511353286,measured_min_over_explicit_pairs,-7.696467123048862e-05,1887,collision_hand_left_ring_link2_external_exact_mesh,left_object_external_exact_sdf,11,0,0.47945230036735,-0.1258683257803874,0.7281815307303104,0.479489469423965,-0.12591303855916017,0.7282319568075165,measured_min_over_explicit_pairs,0.0007318114652952179,23,collision_hand_left_ring_floor_semantic_23,floor,0,0.0,,0,0.0,not_applicable_static_combination
5,0.16666666666666666,AR,left,ring,target,0.48730521872639654,-0.13079967442899942,0.7297221972875235,0.48730521872639654,-0.13079967442899942,0.7297221972875235,0.4810666120914732,-0.13086660109596843,0.7660050624885775,-0.07099384480133496,-0.0912885413514566,0.025809322747690405,0.0,0.007123101450317126,0.007123101450317126,-0.0008077938057263201,-0.004115788867401493,-0.00011452077558860019,0.00419587462177283,-0.005430812829196996,0.00404886220043249,0.03639738597664255,0.03702238132584879,0.03681536362881552,0.008966305481384973,measured_min_over_explicit_pairs,0.014293018629071993,1828,collision_hand_left_ring_1,left_object_6,13,0,0.46915732383763353,-0.14931528977952874,0.7693120268762654,0.46407314179689707,-0.14349224208115546,0.7572898145170481,measured_min_over_explicit_pairs,0.03790777056441874,23,collision_hand_left_ring_floor_semantic_23,floor,0,0.0,,0,0.0,not_applicable_static_combination
5,0.16666666666666666,RA,left,ring,target,0.48730521872639654,-0.13079967442899942,0.7297221972875235,0.48730521872639654,-0.13079967442899942,0.7297221972875235,0.4864974249206702,-0.13491546329640092,0.7296076765119349,-0.06832864815399965,-0.09804574578894179,-0.009018684882386356,0.0,0.006651920288306906,0.006651920288306906,-0.0008077938057263201,-0.004115788867401493,-0.00011452077558860019,0.00419587462177283,-0.005430812829196996,0.00404886220043249,0.03639738597664255,0.03702238132584879,0.03681536362881552,0.009393741948511813,measured_min_over_explicit_pairs,-3.748749608593896e-05,1887,collision_hand_left_ring_link2_external_exact_mesh,left_object_external_exact_sdf,11,0,0.48283774096065635,-0.12113831623174512,0.7267540749552137,0.4828303996703527,-0.12113009664837202,0.7267899058953164,measured_min_over_explicit_pairs,0.0007318114652952179,23,collision_hand_left_ring_floor_semantic_23,floor,0,0.0,,0,0.0,not_applicable_static_combination
5,0.16666666666666666,AA,left,ring,target,0.48730521872639654,-0.13079967442899942,0.7297221972875235,0.48730521872639654,-0.13079967442899942,0.7297221972875235,0.4810666120914732,-0.13086660109596843,0.7660050624885775,-0.06993672045080218,-0.09160574309734795,0.027403797019003577,0.0,0.006651920288306906,0.006651920288306906,-0.0008077938057263201,-0.004115788867401493,-0.00011452077558860019,0.00419587462177283,-0.005430812829196996,0.00404886220043249,0.03639738597664255,0.03702238132584879,0.03681536362881552,0.010568922572765926,measured_min_over_explicit_pairs,0.01617129853708585,1828,collision_hand_left_ring_1,left_object_6,12,0,0.4695188399065636,-0.14936091369949817,0.7691450029973141,0.4642537153153632,-0.14283412848606825,0.755317840085406,measured_min_over_explicit_pairs,0.03790777056441874,23,collision_hand_left_ring_floor_semantic_23,floor,172,1097.6682926043868,51,0,0.0,source endpoint interval; AA solve data only; object and floor separated
5,0.16666666666666666,RR,left,pinky,target,0.4663963489234447,-0.15594728384166956,0.7313779547147391,0.4663963489234447,-0.15594728384166956,0.7313779547147391,0.4647822424104551,-0.13568254966694088,0.7283987165343425,-0.08608799595182641,-0.08534155150192733,-0.012130250594028011,0.0,0.013191497020862884,0.013191497020862884,-0.0016141065129895993,0.020264734174728682,-0.0029792381803965817,0.020546061694232905,-0.00401382329310046,0.002397996270116387,0.03345941272525477,0.033784515143163864,0.03839679655131409,0.0003671428632353218,measured_min_over_explicit_pairs,-0.004040210793165444,1926,collision_hand_left_pinky_1,left_object_6,13,0,0.4490202797410644,-0.1492616246092917,0.7454936942561959,0.45151574963545976,-0.15228074871872055,0.7445033292370024,measured_min_over_explicit_pairs,-4.379485656713644e-05,25,collision_hand_left_pinky_floor_semantic_25,floor,0,0.0,,0,0.0,not_applicable_static_combination
5,0.16666666666666666,AR,left,pinky,target,0.4663963489234447,-0.15594728384166956,0.7313779547147391,0.4663963489234447,-0.15594728384166956,0.7313779547147391,0.46076841911735467,-0.1332845533968245,0.7618581292595973,-0.08815672046032523,-0.08035960939489421,0.021220822780134554,0.0,0.013191497020862884,0.013191497020862884,-0.0016141065129895993,0.020264734174728682,-0.0029792381803965817,0.020546061694232905,-0.00401382329310046,0.002397996270116387,0.03345941272525477,0.033784515143163864,0.03839679655131409,0.008080533380632816,measured_min_over_explicit_pairs,0.006316704566078482,1926,collision_hand_left_pinky_1,left_object_6,14,0,0.45128183462652444,-0.1544217364752682,0.7640539199246303,0.4504303849647058,-0.15351715655772696,0.7578605746879035,measured_min_over_explicit_pairs,0.03354755794194286,25,collision_hand_left_pinky_floor_semantic_25,floor,0,0.0,,0,0.0,not_applicable_static_combination
5,0.16666666666666666,RA,left,pinky,target,0.4663963489234447,-0.15594728384166956,0.7313779547147391,0.4663963489234447,-0.15594728384166956,0.7313779547147391,0.4647822424104551,-0.13568254966694088,0.7283987165343425,-0.08576131508161285,-0.0850670380750873,-0.01013869695753317,0.0,0.013138791107774345,0.013138791107774345,-0.0016141065129895993,0.020264734174728682,-0.0029792381803965817,0.020546061694232905,-0.00401382329310046,0.002397996270116387,0.03345941272525477,0.033784515143163864,0.03839679655131409,0.001507098014953312,measured_min_over_explicit_pairs,-0.00426135880800475,1926,collision_hand_left_pinky_1,left_object_6,13,0,0.4490523550564725,-0.14915984342770588,0.7452524042531142,0.45167302849776614,-0.15238036842829644,0.7442935151431387,measured_min_over_explicit_pairs,-4.379485656713644e-05,25,collision_hand_left_pinky_floor_semantic_25,floor,0,0.0,,0,0.0,not_applicable_static_combination
5,0.16666666666666666,AA,left,pinky,target,0.4663963489234447,-0.15594728384166956,0.7313779547147391,0.4663963489234447,-0.15594728384166956,0.7313779547147391,0.46076841911735467,-0.1332845533968245,0.7618581292595973,-0.08730336029512911,-0.08079207152655983,0.02333876144401086,0.0,0.013138791107774345,0.013138791107774345,-0.0016141065129895993,0.020264734174728682,-0.0029792381803965817,0.020546061694232905,-0.00401382329310046,0.002397996270116387,0.03345941272525477,0.033784515143163864,0.03839679655131409,0.009131469839094785,measured_min_over_explicit_pairs,0.008675130232058528,1926,collision_hand_left_pinky_1,left_object_6,14,0,0.45140964129642336,-0.15421644697552647,0.7640688277919391,0.45033268653736136,-0.1528257206854819,0.7555738920431363,measured_min_over_explicit_pairs,0.03354755794194286,25,collision_hand_left_pinky_floor_semantic_25,floor,193,695.2376935773063,51,0,0.0,source endpoint interval; AA solve data only; object and floor separated
6,0.2,RR,right,palm,tool,0.7394012756645679,-0.22214229498058558,0.7585139229230521,0.7394012756645679,-0.22214229498058558,0.7585139229230521,0.7469504225347383,-0.252453163681924,0.7563833705716362,-0.07638912817265711,-0.2575442051697438,0.006692268846040239,0.0,0.1792320376992534,0.1792320376992534,0.007549146870170387,-0.030310868701338423,-0.002130552351415904,0.031309385704917696,-0.0018865811918122866,0.00012834411710466176,0.019017089194751757,0.019110869740721882,0.03504574962675123,0.21012169844378722,measured_min_over_explicit_pairs,0.11011761269850082,118,collision_hand_right_palm_0,right_object_9,2,0,0.7374409123752604,-0.15308607725382245,0.762587156927031,0.7277752009024997,-0.04351705131531457,0.7677920779666777,measured_min_over_explicit_pairs,0.004762394954003213,0,collision_hand_right_palm_floor_semantic_00,floor,0,0.0,,0,0.0,not_applicable_static_combination
6,0.2,AR,right,palm,tool,0.7394012756645679,-0.22214229498058558,0.7585139229230521,0.7394012756645679,-0.22214229498058558,0.7585139229230521,0.745063841342926,-0.25232481956481934,0.7754004597663879,-0.07816952452389217,-0.25620280375321475,0.025672684366230575,0.0,0.1792320376992534,0.1792320376992534,0.007549146870170387,-0.030310868701338423,-0.002130552351415904,0.031309385704917696,-0.0018865811918122866,0.00012834411710466176,0.019017089194751757,0.019110869740721882,0.03504574962675123,0.20944707715392497,measured_min_over_explicit_pairs,0.10886815053771569,118,collision_hand_right_palm_0,right_object_9,2,0,0.7373645994793053,-0.15182285368549414,0.7622992818308755,0.7277752009024998,-0.043517051315314574,0.7677920779666777,measured_min_over_explicit_pairs,0.024103107639099508,0,collision_hand_right_palm_floor_semantic_00,floor,0,0.0,,0,0.0,not_applicable_static_combination
6,0.2,RA,right,palm,tool,0.7394012756645679,-0.22214229498058558,0.7585139229230521,0.7394012756645679,-0.22214229498058558,0.7585139229230521,0.7469504225347383,-0.252453163681924,0.7563833705716362,-0.07594828047059542,-0.2582375631188144,0.004359969687279921,0.0,0.1798428574080702,0.1798428574080702,0.007549146870170387,-0.030310868701338423,-0.002130552351415904,0.031309385704917696,-0.0018865811918122866,0.00012834411710466176,0.019017089194751757,0.019110869740721882,0.03504574962675123,0.21073326615862534,measured_min_over_explicit_pairs,0.11073488018559123,118,collision_hand_right_palm_0,right_object_9,2,0,0.7375751694838385,-0.1529646480214682,0.7602802646334936,0.7278552765837336,-0.04278142971494027,0.7655143620097128,measured_min_over_explicit_pairs,0.004762394954003213,0,collision_hand_right_palm_floor_semantic_00,floor,0,0.0,,0,0.0,not_applicable_static_combination
6,0.2,AA,right,palm,tool,0.7394012756645679,-0.22214229498058558,0.7585139229230521,0.7394012756645679,-0.22214229498058558,0.7585139229230521,0.745063841342926,-0.25232481956481934,0.7754004597663879,-0.07767990690459071,-0.25722883948725295,0.023365476488600885,0.0,0.1798428574080702,0.1798428574080702,0.007549146870170387,-0.030310868701338423,-0.002130552351415904,0.031309385704917696,-0.0018865811918122866,0.00012834411710466176,0.019017089194751757,0.019110869740721882,0.03504574962675123,0.2102250970446898,measured_min_over_explicit_pairs,0.10947799997771179,118,collision_hand_right_palm_0,right_object_9,2,0,0.7374983923342311,-0.15169393140533013,0.7599907967405055,0.7278552765837336,-0.04278142971494027,0.7655143620097127,measured_min_over_explicit_pairs,0.024103107639099508,0,collision_hand_right_palm_floor_semantic_00,floor,0,0.0,,0,0.0,source endpoint interval; AA solve data only; object and floor separated
6,0.2,RR,right,thumb,tool,0.6585115738213062,-0.13667619321495295,0.7235913827352164,0.6585115738213062,-0.13667619321495295,0.7235913827352164,0.6606877080825193,-0.1408104824136849,0.7146238596542416,-0.11503004309144199,-0.12310697934934453,-0.03894448109784713,0.0,0.11218698798339205,0.11218698798339205,0.002176134261213103,-0.004134289198731961,-0.008967523080974815,0.0101115961998783,-0.0015679889368435118,0.0006378212309205156,0.02044406094556417,0.0205140204049479,0.012012745329142595,0.1176878083839536,measured_min_over_explicit_pairs,0.13391454593439156,264,collision_hand_right_thumb_external_semantic_rota1,right_object_3,24,0,0.6685591950192235,-0.16419067057152326,0.723661254574363,0.7056162121310285,-0.03968224512397587,0.7561810191516503,measured_min_over_explicit_pairs,-0.020578650072574423,3,collision_hand_right_thumb_floor_semantic_03,floor,0,0.0,,0,0.0,not_applicable_static_combination
6,0.2,AR,right,thumb,tool,0.6585115738213062,-0.13667619321495295,0.7235913827352164,0.6585115738213062,-0.13667619321495295,0.7235913827352164,0.6591197191456758,-0.1401726611827644,0.7350679205998057,-0.11633154034270969,-0.12137097143982026,-0.0185455248839221,0.0,0.11218698798339205,0.11218698798339205,0.002176134261213103,-0.004134289198731961,-0.008967523080974815,0.0101115961998783,-0.0015679889368435118,0.0006378212309205156,0.02044406094556417,0.0205140204049479,0.012012745329142595,0.11235571406223126,measured_min_over_explicit_pairs,0.13002147375611367,284,collision_hand_right_thumb_external_semantic_rota1,right_object_23,26,0,0.6666459535865084,-0.16323912838833876,0.7419843564545592,0.7051769198470126,-0.04053171500376944,0.7610589200724258,measured_min_over_explicit_pairs,-4.709575878036887e-05,3,collision_hand_right_thumb_floor_semantic_03,floor,0,0.0,,0,0.0,not_applicable_static_combination
6,0.2,RA,right,thumb,tool,0.6585115738213062,-0.13667619321495295,0.7235913827352164,0.6585115738213062,-0.13667619321495295,0.7235913827352164,0.6606877080825193,-0.1408104824136849,0.7146238596542416,-0.11485324790000888,-0.1230691897178162,-0.038827010745846983,0.0,0.11208461634610879,0.11208461634610879,0.002176134261213103,-0.004134289198731961,-0.008967523080974815,0.0101115961998783,-0.0015679889368435118,0.0006378212309205156,0.02044406094556417,0.0205140204049479,0.012012745329142595,0.11751180236125158,measured_min_over_explicit_pairs,0.13394434520823326,264,collision_hand_right_thumb_external_semantic_rota1,right_object_3,24,0,0.6684909045200471,-0.16412437156039444,0.7234814900749473,0.7052127637616901,-0.03920688244112632,0.7549173546127146,measured_min_over_explicit_pairs,-0.020578650072574423,3,collision_hand_right_thumb_floor_semantic_03,floor,0,0.0,,0,0.0,not_applicable_static_combination
6,0.2,AA,right,thumb,tool,0.6585115738213062,-0.13667619321495295,0.7235913827352164,0.6585115738213062,-0.13667619321495295,0.7235913827352164,0.6591197191456758,-0.1401726611827644,0.7350679205998057,-0.11610264704476948,-0.12169008637272018,-0.01839756853820864,0.0,0.11208461634610879,0.11208461634610879,0.002176134261213103,-0.004134289198731961,-0.008967523080974815,0.0101115961998783,-0.0015679889368435118,0.0006378212309205156,0.02044406094556417,0.0205140204049479,0.012012745329142595,0.11239932020336504,measured_min_over_explicit_pairs,0.1302293831219816,284,collision_hand_right_thumb_external_semantic_rota1,right_object_23,26,0,0.666595090470045,-0.16319011222794114,0.7417621145674034,0.7049687969592308,-0.039986970905801535,0.7593159416991311,measured_min_over_explicit_pairs,-4.709575878036887e-05,3,collision_hand_right_thumb_floor_semantic_03,floor,0,0.0,,30,325.11410212516785,source endpoint interval; AA solve data only; object and floor separated
6,0.2,RR,right,index,tool,0.6798656679689884,-0.07604463491588831,0.7255208446912406,0.6798656679689884,-0.07604463491588831,0.7255208446912406,0.6843239485089271,-0.07807063610886238,0.7281208611647092,-0.0699017172346934,-0.07321562239189286,-0.026639362978441366,0.0,0.051289761040491724,0.051289761040491724,0.004458280539938686,-0.0020260011929740668,0.002600016473468636,0.005544459565100697,-0.0016010711267865352,0.0003408378397798395,0.01947631298740815,0.019544983161147483,0.022324151576772866,0.050244015845103976,measured_min_over_explicit_pairs,0.0510952265423487,389,collision_hand_right_index_1,right_object_3,1,0,0.6962881061711497,-0.08894307208169194,0.7454572568381461,0.7084814808984177,-0.04071079316379646,0.7571059073419896,measured_min_over_explicit_pairs,-1.5212658995733541e-05,6,collision_hand_right_index_floor_semantic_06,floor,0,0.0,,0,0.0,not_applicable_static_combination
6,0.2,AR,right,index,tool,0.6798656679689884,-0.07604463491588831,0.7255208446912406,0.6798656679689884,-0.07604463491588831,0.7255208446912406,0.6827228773821405,-0.07772979826908254,0.7475971741521173,-0.07134004773408464,-0.07176984955510575,-0.007201067964514134,0.0,0.051289761040491724,0.051289761040491724,0.004458280539938686,-0.0020260011929740668,0.002600016473468636,0.005544459565100697,-0.0016010711267865352,0.0003408378397798395,0.01947631298740815,0.019544983161147483,0.022324151576772866,0.044497098865184326,measured_min_over_explicit_pairs,0.04853039527048858,409,collision_hand_right_index_1,right_object_23,1,0,0.6949084599369112,-0.08848134258408323,0.7628799439148604,0.7078209658572181,-0.041801060669182565,0.7659487769688562,measured_min_over_explicit_pairs,0.019494898969132146,6,collision_hand_right_index_floor_semantic_06,floor,0,0.0,,0,0.0,not_applicable_static_combination
6,0.2,RA,right,index,tool,0.6798656679689884,-0.07604463491588831,0.7255208446912406,0.6798656679689884,-0.07604463491588831,0.7255208446912406,0.6843239485089271,-0.07807063610886238,0.7281208611647092,-0.06974582643446214,-0.07334943840737075,-0.02577342564526012,0.0,0.05085209091850204,0.05085209091850204,0.004458280539938686,-0.0020260011929740668,0.002600016473468636,0.005544459565100697,-0.0016010711267865352,0.0003408378397798395,0.01947631298740815,0.019544983161147483,0.022324151576772866,0.0498957891356807,measured_min_over_explicit_pairs,0.051190839523092765,395,collision_hand_right_index_1,right_object_9,1,0,0.6962687505371602,-0.08889232219048812,0.7452597116988788,0.7084023731018286,-0.040353293512720254,0.7560874515164047,measured_min_over_explicit_pairs,-1.5212658995733541e-05,6,collision_hand_right_index_floor_semantic_06,floor,0,0.0,,0,0.0,not_applicable_static_combination
6,0.2,AA,right,index,tool,0.6798656679689884,-0.07604463491588831,0.7255208446912406,0.6798656679689884,-0.07604463491588831,0.7255208446912406,0.6827228773821405,-0.07772979826908254,0.7475971741521173,-0.07113428894468797,-0.07224395106676135,-0.006309190844811674,0.0,0.05085209091850204,0.05085209091850204,0.004458280539938686,-0.0020260011929740668,0.002600016473468636,0.005544459565100697,-0.0016010711267865352,0.0003408378397798395,0.01947631298740815,0.019544983161147483,0.022324151576772866,0.044515609882029746,measured_min_over_explicit_pairs,0.04893302534728637,409,collision_hand_right_index_1,right_object_23,1,0,0.6948625271163092,-0.08845651921902586,0.7626627394089112,0.707694858361134,-0.04128773307398993,0.7648713267549611,measured_min_over_explicit_pairs,0.019494898969132146,6,collision_hand_right_index_floor_semantic_06,floor,0,0.0,,0,0.0,source endpoint interval; AA solve data only; object and floor separated
6,0.2,RR,right,middle,tool,0.7114160306751728,-0.059047442860901356,0.7225670769147513,0.7114160306751728,-0.059047442860901356,0.7225670769147513,0.7125575404097084,-0.06998209485022816,0.7272532325756421,-0.04067641383525649,-0.07617281740419589,-0.027309907198557613,0.0,0.03102543956988999,0.03102543956988999,0.0011415097345356395,-0.010934651989326805,0.004686155660890812,0.011951138585081643,-0.0016852900417723138,0.000371086421995237,0.019830665252815627,0.019905607049942365,0.02670129439245605,0.03722606263058952,measured_min_over_explicit_pairs,0.022228782948983138,591,collision_hand_right_middle_0,right_object_3,0,0,0.7141726986184915,-0.057104345688234186,0.7347702236959923,0.7166233726899555,-0.03791070214345815,0.7457117517183727,measured_min_over_explicit_pairs,-0.00023519124031545768,8,collision_hand_right_middle_floor_semantic_08,floor,0,0.0,,0,0.0,not_applicable_static_combination
6,0.2,AR,right,middle,tool,0.7114160306751728,-0.059047442860901356,0.7225670769147513,0.7114160306751728,-0.059047442860901356,0.7225670769147513,0.7108722503679361,-0.06961100842823292,0.7470838978284577,-0.04218318662835348,-0.07465802911569129,-0.007519297197405365,0.0,0.03102543956988999,0.03102543956988999,0.0011415097345356395,-0.010934651989326805,0.004686155660890812,0.011951138585081643,-0.0016852900417723138,0.000371086421995237,0.019830665252815627,0.019905607049942365,0.02670129439245605,0.02956620989323223,measured_min_over_explicit_pairs,0.014779139641026019,591,collision_hand_right_middle_0,right_object_3,0,0,0.712711659947403,-0.0558178542550407,0.7522886682832809,0.7146787513275328,-0.04167368568002237,0.7560960315904307,measured_min_over_explicit_pairs,0.01964424435477674,8,collision_hand_right_middle_floor_semantic_08,floor,0,0.0,,0,0.0,not_applicable_static_combination
6,0.2,RA,right,middle,tool,0.7114160306751728,-0.059047442860901356,0.7225670769147513,0.7114160306751728,-0.059047442860901356,0.7225670769147513,0.7125575404097084,-0.06998209485022816,0.7272532325756421,-0.040519258168848306,-0.07626196647032527,-0.02657209853135075,0.0,0.030414383531183795,0.030414383531183795,0.0011415097345356395,-0.010934651989326805,0.004686155660890812,0.011951138585081643,-0.0016852900417723138,0.000371086421995237,0.019830665252815627,0.019905607049942365,0.02670129439245605,0.03688307481017843,measured_min_over_explicit_pairs,0.021891955379487377,591,collision_hand_right_middle_0,right_object_3,0,0,0.7140885776365626,-0.05696462276551322,0.734535672656121,0.7163179599364566,-0.03775593523095255,0.7447979281634644,measured_min_over_explicit_pairs,-0.00023519124031545768,8,collision_hand_right_middle_floor_semantic_08,floor,0,0.0,,0,0.0,not_applicable_static_combination
6,0.2,AA,right,middle,tool,0.7114160306751728,-0.059047442860901356,0.7225670769147513,0.7114160306751728,-0.059047442860901356,0.7225670769147513,0.7108722503679361,-0.06961100842823292,0.7470838978284577,-0.04197530465747979,-0.07509368497792722,-0.00675422177817209,0.0,0.030414383531183795,0.030414383531183795,0.0011415097345356395,-0.010934651989326805,0.004686155660890812,0.011951138585081643,-0.0016852900417723138,0.000371086421995237,0.019830665252815627,0.019905607049942365,0.02670129439245605,0.029652065903351437,measured_min_over_explicit_pairs,0.014899540150030156,591,collision_hand_right_middle_0,right_object_3,0,0,0.7125496073082553,-0.055717364833745245,0.7519726391484477,0.7142912729171693,-0.04130824402136712,0.7553401508415793,measured_min_over_explicit_pairs,0.01964424435477674,8,collision_hand_right_middle_floor_semantic_08,floor,0,0.0,,0,0.0,source endpoint interval; AA solve data only; object and floor separated
6,0.2,RR,right,ring,tool,0.7345039643347263,-0.06441845092922449,0.7255914165906546,0.7345039643347263,-0.06441845092922449,0.7255914165906546,0.7337205137192231,-0.06813465664620294,0.7270488090119238,-0.02033232310240114,-0.08229182150642098,-0.027264993273915628,0.0,0.03365541601065524,0.03365541601065524,-0.0007834506155032228,-0.003716205716978449,0.001457392421269188,0.004067919919001424,-0.001941470506122589,5.4046068595242636e-05,0.019131208398477595,0.019229544027086397,0.02108855358065618,0.0359148261145458,measured_min_over_explicit_pairs,0.02111420482043537,744,collision_hand_right_ring_0,right_object_3,0,0,0.7330631753623047,-0.055556472310281046,0.7349305861104473,0.7302573921372298,-0.03740577476078376,0.7453464108094261,measured_min_over_explicit_pairs,7.700798366383488e-05,10,collision_hand_right_ring_floor_semantic_10,floor,0,0.0,,0,0.0,not_applicable_static_combination
6,0.2,AR,right,ring,tool,0.7345039643347263,-0.06441845092922449,0.7255914165906546,0.7345039643347263,-0.06441845092922449,0.7255914165906546,0.7317790432131005,-0.0680806105776077,0.7461800174104014,-0.022191664713061797,-0.08099596489132864,-0.008169471078970513,0.0,0.03365541601065524,0.03365541601065524,-0.0007834506155032228,-0.003716205716978449,0.001457392421269188,0.004067919919001424,-0.001941470506122589,5.4046068595242636e-05,0.019131208398477595,0.019229544027086397,0.02108855358065618,0.02813057113304147,measured_min_over_explicit_pairs,0.013598201767722641,744,collision_hand_right_ring_0,right_object_3,0,0,0.7313338921726884,-0.05449044048105971,0.7517021934770015,0.7298478509336699,-0.04143709442149911,0.7552111718754795,measured_min_over_explicit_pairs,0.01920163618166859,10,collision_hand_right_ring_floor_semantic_10,floor,0,0.0,,0,0.0,not_applicable_static_combination
6,0.2,RA,right,ring,tool,0.7345039643347263,-0.06441845092922449,0.7255914165906546,0.7345039643347263,-0.06441845092922449,0.7255914165906546,0.7337205137192231,-0.06813465664620294,0.7270488090119238,-0.020168598940256917,-0.08235816888624069,-0.026687169275939778,0.0,0.03333340609559464,0.03333340609559464,-0.0007834506155032228,-0.003716205716978449,0.001457392421269188,0.004067919919001424,-0.001941470506122589,5.4046068595242636e-05,0.019131208398477595,0.019229544027086397,0.02108855358065618,0.035660232920477916,measured_min_over_explicit_pairs,0.020883743359758178,744,collision_hand_right_ring_0,right_object_3,0,0,0.7330421002008204,-0.05546400912354569,0.7347599180496999,0.7302229292619948,-0.03731832861858467,0.7447056352659595,measured_min_over_explicit_pairs,7.700798366383488e-05,10,collision_hand_right_ring_floor_semantic_10,floor,0,0.0,,0,0.0,not_applicable_static_combination
6,0.2,AA,right,ring,tool,0.7345039643347263,-0.06441845092922449,0.7255914165906546,0.7345039643347263,-0.06441845092922449,0.7255914165906546,0.7317790432131005,-0.0680806105776077,0.7461800174104014,-0.021978817284773636,-0.08139707528816909,-0.0075671595444941646,0.0,0.03333340609559464,0.03333340609559464,-0.0007834506155032228,-0.003716205716978449,0.001457392421269188,0.004067919919001424,-0.001941470506122589,5.4046068595242636e-05,0.019131208398477595,0.019229544027086397,0.02108855358065618,0.028304531906339227,measured_min_over_explicit_pairs,0.013820016780290564,744,collision_hand_right_ring_0,right_object_3,0,0,0.7311208691635109,-0.054446876053927194,0.7514259760882891,0.7293161893384952,-0.04112039660260216,0.7546104603432517,measured_min_over_explicit_pairs,0.01920163618166859,10,collision_hand_right_ring_floor_semantic_10,floor,0,0.0,,0,0.0,source endpoint interval; AA solve data only; object and floor separated
6,0.2,RR,right,pinky,tool,0.7609484739601612,-0.08866304997354746,0.723895068400347,0.7609484739601612,-0.08866304997354746,0.723895068400347,0.7540619416835647,-0.06775451038535643,0.724208841742537,-0.0012841229662667332,-0.08954216290633232,-0.029830580547391742,0.0,0.06115336351585121,0.06115336351585121,-0.006886532276596524,0.020908539588191027,0.0003137733421899602,0.022015671877501856,-0.0024011726150522383,-0.00034137843764470155,0.01780929502325146,0.01797367960074327,0.028943309881997982,0.0414372001158011,measured_min_over_explicit_pairs,0.027050555469285024,914,collision_hand_right_pinky_0,right_object_21,0,0,0.7514704855967171,-0.05593466477540926,0.7323123063066147,0.7423931412162535,-0.034261414468602716,0.7457139700590687,measured_min_over_explicit_pairs,-0.0025050256482489486,12,collision_hand_right_pinky_floor_semantic_12,floor,0,0.0,,0,0.0,not_applicable_static_combination
6,0.2,AR,right,pinky,tool,0.7609484739601612,-0.08866304997354746,0.723895068400347,0.7609484739601612,-0.08866304997354746,0.723895068400347,0.7516607690685124,-0.06809588882300113,0.7420181367657884,-0.003711644706185733,-0.08847989981171284,-0.012053294654708212,0.0,0.06115336351585121,0.06115336351585121,-0.006886532276596524,0.020908539588191027,0.0003137733421899602,0.022015671877501856,-0.0024011726150522383,-0.00034137843764470155,0.01780929502325146,0.01797367960074327,0.028943309881997982,0.03371102945584368,measured_min_over_explicit_pairs,0.019538352147801807,896,collision_hand_right_pinky_0,right_object_3,0,0,0.7490259806966464,-0.05523601015308433,0.747943228057952,0.7424915728075329,-0.037683345450005554,0.7535067413374809,measured_min_over_explicit_pairs,0.015217146095898082,12,collision_hand_right_pinky_floor_semantic_12,floor,0,0.0,,0,0.0,not_applicable_static_combination
6,0.2,RA,right,pinky,tool,0.7609484739601612,-0.08866304997354746,0.723895068400347,0.7609484739601612,-0.08866304997354746,0.723895068400347,0.7540619416835647,-0.06775451038535643,0.724208841742537,-0.0011195208678076677,-0.08954152467718154,-0.029428636231752143,0.0,0.0611447408774846,0.0611447408774846,-0.006886532276596524,0.020908539588191027,0.0003137733421899602,0.022015671877501856,-0.0024011726150522383,-0.00034137843764470155,0.01780929502325146,0.01797367960074327,0.028943309881997982,0.041242613860337646,measured_min_over_explicit_pairs,0.02688555417578864,914,collision_hand_right_pinky_0,right_object_21,0,0,0.7514072128675418,-0.055848460740061646,0.732125358959898,0.7422151256682458,-0.03407564724938474,0.7449426577767317,measured_min_over_explicit_pairs,-0.0025050256482489486,12,collision_hand_right_pinky_floor_semantic_12,floor,0,0.0,,0,0.0,not_applicable_static_combination
6,0.2,AA,right,pinky,tool,0.7609484739601612,-0.08866304997354746,0.723895068400347,0.7609484739601612,-0.08866304997354746,0.723895068400347,0.7516607690685124,-0.06809588882300113,0.7420181367657884,-0.003501153799757849,-0.08879166826307447,-0.011629234603443188,0.0,0.0611447408774846,0.0611447408774846,-0.006886532276596524,0.020908539588191027,0.0003137733421899602,0.022015671877501856,-0.0024011726150522383,-0.00034137843764470155,0.01780929502325146,0.01797367960074327,0.028943309881997982,0.03388055622516463,measured_min_over_explicit_pairs,0.019764908042849208,896,collision_hand_right_pinky_0,right_object_3,0,0,0.7489318968784302,-0.055193984493428314,0.7476867182518326,0.7421357638180774,-0.03735472549574799,0.7528077536727164,measured_min_over_explicit_pairs,0.015217146095898082,12,collision_hand_right_pinky_floor_semantic_12,floor,0,0.0,,0,0.0,source endpoint interval; AA solve data only; object and floor separated
6,0.2,RR,left,palm,target,0.47763333693146703,-0.2839175472036004,0.7591336324147818,0.47763333693146703,-0.2839175472036004,0.7591336324147818,0.48359450878830956,-0.3172185465496173,0.7486991178713545,-0.18703357763916933,-0.23727330463781487,0.009212766502897698,0.0,0.12058825349086676,0.12058825349086676,0.005961171856842529,-0.03330099934601688,-0.010434514543427365,0.03540298322327125,-0.005102815053186882,0.001114670912562843,0.03608925226109183,0.03646526211992814,0.041168702697446144,0.1535811115887886,measured_min_over_explicit_pairs,0.04448920164717952,1244,collision_hand_left_palm_0,left_object_7,17,0,0.43966412726407644,-0.21727755038995802,0.7605299315228895,0.4231735768267154,-0.17617790086939275,0.756267347944477,measured_min_over_explicit_pairs,-0.0032856547758099985,13,collision_hand_left_palm_floor_semantic_13,floor,0,0.0,,0,0.0,not_applicable_static_combination
6,0.2,AR,left,palm,target,0.47763333693146703,-0.2839175472036004,0.7591336324147818,0.47763333693146703,-0.2839175472036004,0.7591336324147818,0.4784916937351227,-0.31610387563705444,0.7847883701324463,-0.19080047293525051,-0.23256197117430216,0.04517565262594145,0.0,0.12058825349086676,0.12058825349086676,0.005961171856842529,-0.03330099934601688,-0.010434514543427365,0.03540298322327125,-0.005102815053186882,0.001114670912562843,0.03608925226109183,0.03646526211992814,0.041168702697446144,0.15314191763198973,measured_min_over_explicit_pairs,0.0458600714521889,1244,collision_hand_left_palm_0,left_object_7,17,0,0.4510126055013184,-0.2130320244214377,0.7636907384888776,0.42905086166421136,-0.17342103561737937,0.7564936885934047,measured_min_over_explicit_pairs,0.03281118673046124,13,collision_hand_left_palm_floor_semantic_13,floor,0,0.0,,0,0.0,not_applicable_static_combination
6,0.2,RA,left,palm,target,0.47763333693146703,-0.2839175472036004,0.7591336324147818,0.47763333693146703,-0.2839175472036004,0.7591336324147818,0.48359450878830956,-0.3172185465496173,0.7486991178713545,-0.1829342956316446,-0.23919678568472294,0.0076096606492785344,0.0,0.12153546115729931,0.12153546115729931,0.005961171856842529,-0.03330099934601688,-0.010434514543427365,0.03540298322327125,-0.005102815053186882,0.001114670912562843,0.03608925226109183,0.03646526211992814,0.041168702697446144,0.15436084338811476,measured_min_over_explicit_pairs,0.045546825198472855,1244,collision_hand_left_palm_0,left_object_7,17,0,0.4404248276839294,-0.21712575935438513,0.7590505915491648,0.42295130022676886,-0.17532703037657407,0.7543542760035912,measured_min_over_explicit_pairs,-0.0032856547758099985,13,collision_hand_left_palm_floor_semantic_13,floor,0,0.0,,0,0.0,not_applicable_static_combination
6,0.2,AA,left,palm,target,0.47763333693146703,-0.2839175472036004,0.7591336324147818,0.47763333693146703,-0.2839175472036004,0.7591336324147818,0.4784916937351227,-0.31610387563705444,0.7847883701324463,-0.18608419547307697,-0.23555365454406618,0.04375549122427,0.0,0.12153546115729931,0.12153546115729931,0.005961171856842529,-0.03330099934601688,-0.010434514543427365,0.03540298322327125,-0.005102815053186882,0.001114670912562843,0.03608925226109183,0.03646526211992814,0.041168702697446144,0.154318084702963,measured_min_over_explicit_pairs,0.04713899998011077,1244,collision_hand_left_palm_0,left_object_7,17,0,0.45128252185784384,-0.2129841725579307,0.7631304569418002,0.427861817453575,-0.1728360705913451,0.7552764240405838,measured_min_over_explicit_pairs,0.03281118673046124,13,collision_hand_left_palm_floor_semantic_13,floor,0,0.0,,0,0.0,source endpoint interval; AA solve data only; object and floor separated
6,0.2,RR,left,thumb,target,0.5449763903394341,-0.18870481941848993,0.7306336715154288,0.5449763903394341,-0.18870481941848993,0.7306336715154288,0.5473203940424508,-0.19353765967551337,0.7299779174632609,-0.05904115818880813,-0.1824066347288154,-0.00856425997648182,0.0,0.0885232834767889,0.0885232834767889,0.002344003703016684,-0.004832840257023435,-0.0006557540521678895,0.005411165464721706,-0.004721433196637759,0.0005066254881398724,0.03331592608027201,0.03365263037864491,0.03303112383993315,0.09373893231956401,measured_min_over_explicit_pairs,0.08819420830193218,1460,collision_hand_left_thumb_0,left_object_27,52,0,0.5492299533791304,-0.18578804474991123,0.7298505970997785,0.49375387289705963,-0.1172300979808645,0.7291942380791433,measured_min_over_explicit_pairs,-0.004334936201062178,16,collision_hand_left_thumb_floor_semantic_16,floor,0,0.0,,0,0.0,not_applicable_static_combination
6,0.2,AR,left,thumb,target,0.5449763903394341,-0.18870481941848993,0.7306336715154288,0.5449763903394341,-0.18870481941848993,0.7306336715154288,0.542598960845813,-0.1930310341873735,0.7632938435435329,-0.06285831120006044,-0.17845431897018024,0.024636765225075224,0.0,0.0885232834767889,0.0885232834767889,0.002344003703016684,-0.004832840257023435,-0.0006557540521678895,0.005411165464721706,-0.004721433196637759,0.0005066254881398724,0.03331592608027201,0.03365263037864491,0.03303112383993315,0.08830171198351597,measured_min_over_explicit_pairs,0.08321027135512604,1439,collision_hand_left_thumb_0,left_object_6,52,0,0.5442738914534636,-0.1855618773272525,0.7618900558853621,0.49066428092625314,-0.12234352153259266,0.754582634402082,measured_min_over_explicit_pairs,0.029031387173797385,16,collision_hand_left_thumb_floor_semantic_16,floor,0,0.0,,0,0.0,not_applicable_static_combination
6,0.2,RA,left,thumb,target,0.5449763903394341,-0.18870481941848993,0.7306336715154288,0.5449763903394341,-0.18870481941848993,0.7306336715154288,0.5473203940424508,-0.19353765967551337,0.7299779174632609,-0.05625257445175872,-0.1816391521588675,-0.011026162807543684,0.0,0.0877147299707997,0.0877147299707997,0.002344003703016684,-0.004832840257023435,-0.0006557540521678895,0.005411165464721706,-0.004721433196637759,0.0005066254881398724,0.03331592608027201,0.03365263037864491,0.03303112383993315,0.09291287946306143,measured_min_over_explicit_pairs,0.08726695411421229,1460,collision_hand_left_thumb_0,left_object_27,53,0,0.5494364551261508,-0.18562398453310622,0.7298449696869352,0.4957450229831022,-0.11683237166081767,0.7291627723330696,measured_min_over_explicit_pairs,-0.004334936201062178,16,collision_hand_left_thumb_floor_semantic_16,floor,0,0.0,,0,0.0,not_applicable_static_combination
6,0.2,AA,left,thumb,target,0.5449763903394341,-0.18870481941848993,0.7306336715154288,0.5449763903394341,-0.18870481941848993,0.7306336715154288,0.542598960845813,-0.1930310341873735,0.7632938435435329,-0.059493307984429145,-0.17867869520770804,0.022338981762984583,0.0,0.0877147299707997,0.0877147299707997,0.002344003703016684,-0.004832840257023435,-0.0006557540521678895,0.005411165464721706,-0.004721433196637759,0.0005066254881398724,0.03331592608027201,0.03365263037864491,0.03303112383993315,0.08838506077280776,measured_min_over_explicit_pairs,0.08312530081591098,1439,collision_hand_left_thumb_0,left_object_6,53,0,0.544494560554438,-0.1853848356651389,0.7618343464363471,0.4921625727464144,-0.12124992614806565,0.7542256626452182,measured_min_over_explicit_pairs,0.029031387173797385,16,collision_hand_left_thumb_floor_semantic_16,floor,0,0.0,,0,0.0,source endpoint interval; AA solve data only; object and floor separated
6,0.2,RR,left,index,target,0.5312733467668295,-0.1388440141454339,0.7275158717565177,0.5312733467668295,-0.1388440141454339,0.7275158717565177,0.5299543743035209,-0.14169563729402188,0.7270061032433899,-0.03952810271666945,-0.13137115896448126,-0.01211763662168774,0.0,0.04130283908803895,0.04130283908803895,-0.0013189724633085875,-0.002851623148587973,-0.000509768513127784,0.0031829713912483754,-0.004925302037923074,0.004299309462103523,0.03851414054471913,0.03906509546787362,0.03854113456068302,0.04269871420887985,measured_min_over_explicit_pairs,0.027631297195901273,1591,collision_hand_left_index_0,left_object_27,27,0,0.5229774334260521,-0.12912657809880568,0.7284046562930927,0.505610048831936,-0.1076397611884995,0.7288280192003742,measured_min_over_explicit_pairs,-0.0026486015714761724,19,collision_hand_left_index_floor_semantic_19,floor,0,0.0,,0,0.0,not_applicable_static_combination
6,0.2,AR,left,index,target,0.5312733467668295,-0.1388440141454339,0.7275158717565177,0.5312733467668295,-0.1388440141454339,0.7275158717565177,0.5250290722655978,-0.13739632783191835,0.765520243788109,-0.041173001300930476,-0.12426957401904838,0.026261309218764645,0.0,0.04130283908803895,0.04130283908803895,-0.0013189724633085875,-0.002851623148587973,-0.000509768513127784,0.0031829713912483754,-0.004925302037923074,0.004299309462103523,0.03851414054471913,0.03906509546787362,0.03854113456068302,0.035671562010372644,measured_min_over_explicit_pairs,0.022104579464696766,1570,collision_hand_left_index_0,left_object_6,26,0,0.5181852333801239,-0.12569816790070854,0.7637909393724539,0.5047774592036076,-0.10998189266487844,0.755926925279494,measured_min_over_explicit_pairs,0.036806179532806294,19,collision_hand_left_index_floor_semantic_19,floor,0,0.0,,0,0.0,not_applicable_static_combination
6,0.2,RA,left,index,target,0.5312733467668295,-0.1388440141454339,0.7275158717565177,0.5312733467668295,-0.1388440141454339,0.7275158717565177,0.5299543743035209,-0.14169563729402188,0.7270061032433899,-0.0376749917196521,-0.1301929381824192,-0.013509324754463325,0.0,0.04002067989848966,0.04002067989848966,-0.0013189724633085875,-0.002851623148587973,-0.000509768513127784,0.0031829713912483754,-0.004925302037923074,0.004299309462103523,0.03851414054471913,0.03906509546787362,0.03854113456068302,0.04147952774532335,measured_min_over_explicit_pairs,0.026442538771977976,1591,collision_hand_left_index_0,left_object_27,25,0,0.5231103790786592,-0.12901949450397562,0.728239243723408,0.5068417191512272,-0.10817393091833026,0.728206999810096,measured_min_over_explicit_pairs,-0.0026486015714761724,19,collision_hand_left_index_floor_semantic_19,floor,0,0.0,,0,0.0,not_applicable_static_combination
6,0.2,AA,left,index,target,0.5312733467668295,-0.1388440141454339,0.7275158717565177,0.5312733467668295,-0.1388440141454339,0.7275158717565177,0.5250290722655978,-0.13739632783191835,0.765520243788109,-0.038697184573260414,-0.12419112735674767,0.025078433310717976,0.0,0.04002067989848966,0.04002067989848966,-0.0013189724633085875,-0.002851623148587973,-0.000509768513127784,0.0031829713912483754,-0.004925302037923074,0.004299309462103523,0.03851414054471913,0.03906509546787362,0.03854113456068302,0.03529902424335791,measured_min_over_explicit_pairs,0.02167702603467915,1570,collision_hand_left_index_0,left_object_6,26,0,0.5183518198764173,-0.12554706505840604,0.7638160951103035,0.5055644928858143,-0.10980723272451726,0.7561587193036303,measured_min_over_explicit_pairs,0.036806179532806294,19,collision_hand_left_index_floor_semantic_19,floor,0,0.0,,0,0.0,source endpoint interval; AA solve data only; object and floor separated
6,0.2,RR,left,middle,target,0.5084336422383785,-0.12784909550100565,0.7253072216443656,0.5084336422383785,-0.12784909550100565,0.7253072216443656,0.5104252253494996,-0.13625136334213633,0.729655024340602,-0.051205813055491045,-0.1147321218227291,-0.009922622965977247,0.0,0.018296155882383956,0.018296155882383956,0.0019915831111211313,-0.008402267841130684,0.004347802696236469,0.00966787962523339,-0.006117162972507972,0.002663708668495496,0.03573784982316497,0.03635531510915471,0.04070394340204289,0.026070316168031286,measured_min_over_explicit_pairs,0.011297567124477494,1785,collision_hand_left_middle_external_semantic_link2,left_object_27,22,0,0.5077929596112304,-0.12039273630550268,0.7294425972922238,0.500685240278544,-0.1116233873529877,0.7289801388953318,measured_min_over_explicit_pairs,0.00011676115790759667,21,collision_hand_left_middle_floor_semantic_21,floor,0,0.0,,0,0.0,not_applicable_static_combination
6,0.2,AR,left,middle,target,0.5084336422383785,-0.12784909550100565,0.7253072216443656,0.5084336422383785,-0.12784909550100565,0.7253072216443656,0.5043080623769917,-0.13358765467364084,0.765392874163767,-0.054768701962821596,-0.10818608836425644,0.025660578200872686,0.0,0.018296155882383956,0.018296155882383956,0.0019915831111211313,-0.008402267841130684,0.004347802696236469,0.00966787962523339,-0.006117162972507972,0.002663708668495496,0.03573784982316497,0.03635531510915471,0.04070394340204289,0.020323941475563805,measured_min_over_explicit_pairs,0.0066089795788007305,1764,collision_hand_left_middle_external_semantic_link2,left_object_6,24,0,0.5041744116309133,-0.11739559598166616,0.7600840121514955,0.500644351148573,-0.11327768573409996,0.7563077574915164,measured_min_over_explicit_pairs,0.03633518191992113,21,collision_hand_left_middle_floor_semantic_21,floor,0,0.0,,0,0.0,not_applicable_static_combination
6,0.2,RA,left,middle,target,0.5084336422383785,-0.12784909550100565,0.7253072216443656,0.5084336422383785,-0.12784909550100565,0.7253072216443656,0.5104252253494996,-0.13625136334213633,0.729655024340602,-0.04958693321374296,-0.11382700300445898,-0.010627246285208076,0.0,0.01718494763243946,0.01718494763243946,0.0019915831111211313,-0.008402267841130684,0.004347802696236469,0.00966787962523339,-0.006117162972507972,0.002663708668495496,0.03573784982316497,0.03635531510915471,0.04070394340204289,0.025148658703009637,measured_min_over_explicit_pairs,0.010222176771206204,1785,collision_hand_left_middle_external_semantic_link2,left_object_27,22,0,0.507952997263678,-0.12026560644940823,0.7294384123387987,0.5016656095220571,-0.1122117446967325,0.7291270215921658,measured_min_over_explicit_pairs,0.00011676115790759667,21,collision_hand_left_middle_floor_semantic_21,floor,0,0.0,,0,0.0,not_applicable_static_combination
6,0.2,AA,left,middle,target,0.5084336422383785,-0.12784909550100565,0.7253072216443656,0.5084336422383785,-0.12784909550100565,0.7253072216443656,0.5043080623769917,-0.13358765467364084,0.765392874163767,-0.05257116296407011,-0.10833605168420007,0.025186895657350626,0.0,0.01718494763243946,0.01718494763243946,0.0019915831111211313,-0.008402267841130684,0.004347802696236469,0.00966787962523339,-0.006117162972507972,0.002663708668495496,0.03573784982316497,0.03635531510915471,0.04070394340204289,0.020254999202631154,measured_min_over_explicit_pairs,0.006304013086082222,1764,collision_hand_left_middle_external_semantic_link2,left_object_6,23,0,0.504353620312807,-0.11726269822987215,0.7600661519521705,0.5011065915863212,-0.11323721562207578,0.7564615888422777,measured_min_over_explicit_pairs,0.03633518191992113,21,collision_hand_left_middle_floor_semantic_21,floor,0,0.0,,0,0.0,source endpoint interval; AA solve data only; object and floor separated
6,0.2,RR,left,ring,target,0.48914882764220236,-0.13204036746174097,0.7297221376828787,0.48914882764220236,-0.13204036746174097,0.7297221376828787,0.4880737490601556,-0.13593120446744913,0.7294701886831362,-0.06827399095256731,-0.1003120412419733,-0.010603605753341716,0.0,0.009281856361175863,0.009281856361175863,-0.0010750785820467512,-0.0038908370057081643,-0.00025194899974256835,0.004044488207552966,-0.007366401408201384,0.003927558535348791,0.039105859922969555,0.039986971204009174,0.03976036125246545,0.011664740340113517,measured_min_over_explicit_pairs,-0.0003760947839704509,1887,collision_hand_left_ring_link2_external_exact_mesh,left_object_external_exact_sdf,11,0,0.48759232129964536,-0.11947366013929489,0.7270441054239691,0.4878326903850808,-0.11975796333689961,0.7270974128449201,measured_min_over_explicit_pairs,0.00016833285704687118,23,collision_hand_left_ring_floor_semantic_23,floor,0,0.0,,0,0.0,not_applicable_static_combination
6,0.2,AR,left,ring,target,0.48914882764220236,-0.13204036746174097,0.7297221376828787,0.48914882764220236,-0.13204036746174097,0.7297221376828787,0.4807073476519542,-0.13200364593210034,0.7685760486061057,-0.07205000727409826,-0.09193955564409143,0.028314269981634513,0.0,0.009281856361175863,0.009281856361175863,-0.0010750785820467512,-0.0038908370057081643,-0.00025194899974256835,0.004044488207552966,-0.007366401408201384,0.003927558535348791,0.039105859922969555,0.039986971204009174,0.03976036125246545,0.011575800689419605,measured_min_over_explicit_pairs,0.0167293532576893,1828,collision_hand_left_ring_1,left_object_6,13,0,0.4687093145383722,-0.15053096595787932,0.7718318205061252,0.46316926882937176,-0.14421228774887138,0.7573662247820026,measured_min_over_explicit_pairs,0.04035990325670946,23,collision_hand_left_ring_floor_semantic_23,floor,0,0.0,,0,0.0,not_applicable_static_combination
6,0.2,RA,left,ring,target,0.48914882764220236,-0.13204036746174097,0.7297221376828787,0.48914882764220236,-0.13204036746174097,0.7297221376828787,0.4880737490601556,-0.13593120446744913,0.7294701886831362,-0.06690575578350867,-0.09969260021457922,-0.010580333506211842,0.0,0.008624157366177282,0.008624157366177282,-0.0010750785820467512,-0.0038908370057081643,-0.00025194899974256835,0.004044488207552966,-0.007366401408201384,0.003927558535348791,0.039105859922969555,0.039986971204009174,0.03976036125246545,0.011004546187996308,measured_min_over_explicit_pairs,-4.069695068153779e-05,1887,collision_hand_left_ring_link2_external_exact_mesh,left_object_external_exact_sdf,11,0,0.4822237184996556,-0.12579372902072303,0.7275183520109028,0.48224941312775893,-0.12582430984280776,0.7275261520879557,measured_min_over_explicit_pairs,0.00016833285704687118,23,collision_hand_left_ring_floor_semantic_23,floor,0,0.0,,0,0.0,not_applicable_static_combination
6,0.2,AA,left,ring,target,0.48914882764220236,-0.13204036746174097,0.7297221376828787,0.48914882764220236,-0.13204036746174097,0.7297221376828787,0.4807073476519542,-0.13200364593210034,0.7685760486061057,-0.07006937253556927,-0.09247262589693876,0.028621979766973362,0.0,0.008624157366177282,0.008624157366177282,-0.0010750785820467512,-0.0038908370057081643,-0.00025194899974256835,0.004044488207552966,-0.007366401408201384,0.003927558535348791,0.039105859922969555,0.039986971204009174,0.03976036125246545,0.011959345124494382,measured_min_over_explicit_pairs,0.017673413885408697,1828,collision_hand_left_ring_1,left_object_6,13,0,0.4689063371319992,-0.1503047843733794,0.7718595351087161,0.46334383077321006,-0.14329641765188447,0.7566184433738556,measured_min_over_explicit_pairs,0.04035990325670946,23,collision_hand_left_ring_floor_semantic_23,floor,189,1325.2493787705898,61,0,0.0,source endpoint interval; AA solve data only; object and floor separated
6,0.2,RR,left,pinky,target,0.4676553480327129,-0.15622776839882135,0.7320894553594229,0.4676553480327129,-0.15622776839882135,0.7320894553594229,0.4657144646384039,-0.1361931644951083,0.7292202990088335,-0.0857165643429308,-0.08633807238491104,-0.011347578643870284,0.0,0.014227525949378692,0.014227525949378692,-0.0019408833943090342,0.02003460390371306,-0.0028691563505894857,0.02033185776295681,-0.0053340332638788235,0.001970580979176406,0.03513064506008712,0.035587881681739375,0.03972349717568645,0.00011716370122395674,measured_min_over_explicit_pairs,-0.004195132645472081,1926,collision_hand_left_pinky_1,left_object_6,13,0,0.44933150094041147,-0.1491730180575169,0.746812754737884,0.45192342936143537,-0.1523078445844283,0.7457861547088724,measured_min_over_explicit_pairs,0.0005316126050105563,25,collision_hand_left_pinky_floor_semantic_25,floor,0,0.0,,0,0.0,not_applicable_static_combination
6,0.2,AR,left,pinky,target,0.4676553480327129,-0.15622776839882135,0.7320894553594229,0.4676553480327129,-0.15622776839882135,0.7320894553594229,0.46038043137452506,-0.1342225835159319,0.7643509440689206,-0.08910504323965375,-0.08083480031420646,0.023648557283911045,0.0,0.014227525949378692,0.014227525949378692,-0.0019408833943090342,0.02003460390371306,-0.0028691563505894857,0.02033185776295681,-0.0053340332638788235,0.001970580979176406,0.03513064506008712,0.035587881681739375,0.03972349717568645,0.009407610212099307,measured_min_over_explicit_pairs,0.00871615285897278,1926,collision_hand_left_pinky_1,left_object_6,14,0,0.4506929837125698,-0.15536446598041173,0.7665044826731837,0.44957843757257954,-0.15419085401104465,0.7579399194906173,measured_min_over_explicit_pairs,0.03600009255016745,25,collision_hand_left_pinky_floor_semantic_25,floor,0,0.0,,0,0.0,not_applicable_static_combination
6,0.2,RA,left,pinky,target,0.4676553480327129,-0.15622776839882135,0.7320894553594229,0.4676553480327129,-0.15622776839882135,0.7320894553594229,0.4657144646384039,-0.1361931644951083,0.7292202990088335,-0.08459254767904271,-0.08600882893593416,-0.010601869429783136,0.0,0.014177867573354166,0.014177867573354166,-0.0019408833943090342,0.02003460390371306,-0.0028691563505894857,0.02033185776295681,-0.0053340332638788235,0.001970580979176406,0.03513064506008712,0.035587881681739375,0.03972349717568645,0.0005453448728578764,measured_min_over_explicit_pairs,-0.003947892735195434,1926,collision_hand_left_pinky_1,left_object_6,13,0,0.44939565405025045,-0.14901979750980013,0.7464837202767605,0.45181372151354504,-0.15202028139944962,0.7456258722601986,measured_min_over_explicit_pairs,0.0005316126050105563,25,collision_hand_left_pinky_floor_semantic_25,floor,0,0.0,,0,0.0,not_applicable_static_combination
6,0.2,AA,left,pinky,target,0.4676553480327129,-0.15622776839882135,0.7320894553594229,0.4676553480327129,-0.15622776839882135,0.7320894553594229,0.46038043137452506,-0.1342225835159319,0.7643509440689206,-0.08739619401630051,-0.08154071779934305,0.024592915307165213,0.0,0.014177867573354166,0.014177867573354166,-0.0019408833943090342,0.02003460390371306,-0.0028691563505894857,0.02033185776295681,-0.0053340332638788235,0.001970580979176406,0.03513064506008712,0.035587881681739375,0.03972349717568645,0.009632282640023943,measured_min_over_explicit_pairs,0.009969844795432392,1926,collision_hand_left_pinky_1,left_object_6,14,0,0.4506818061156885,-0.15494013847304297,0.7665719165064209,0.44939766213315263,-0.1532451795261118,0.7568314907639112,measured_min_over_explicit_pairs,0.03600009255016745,25,collision_hand_left_pinky_floor_semantic_25,floor,178,768.7622443703003,61,0,0.0,source endpoint interval; AA solve data only; object and floor separated
7,0.23333333333333334,RR,right,palm,tool,0.7394057162106037,-0.22239255998283625,0.758436198466265,0.7394057162106037,-0.22239255998283625,0.758436198466265,0.746714695487004,-0.2526259114712005,0.7563694262000638,-0.07646302891367587,-0.2577072281404251,0.0068288475427239195,0.0,0.1795081125491078,0.1795081125491078,0.007308979276400285,-0.030233351488364257,-0.0020667722662012222,0.031172877119094486,-0.0013456783628279512,0.0005265166729216952,0.019010648777811,0.019065488113770776,0.034715298411197394,0.21029498948240344,measured_min_over_explicit_pairs,0.11028609177217776,118,collision_hand_right_palm_0,right_object_9,2,0,0.736981400959432,-0.15327620942733805,0.7626671873057949,0.7277097506926613,-0.043496451480958744,0.7677133031334669,measured_min_over_explicit_pairs,0.004296401009554418,0,collision_hand_right_palm_floor_semantic_00,floor,0,0.0,,0,0.0,not_applicable_static_combination
7,0.23333333333333334,AR,right,palm,tool,0.7394057162106037,-0.22239255998283625,0.758436198466265,0.7394057162106037,-0.22239255998283625,0.758436198466265,0.745369017124176,-0.2520993947982788,0.7753800749778748,-0.0776002395913893,-0.2561890316667041,0.02579973756818162,0.0,0.1795081125491078,0.1795081125491078,0.007308979276400285,-0.030233351488364257,-0.0020667722662012222,0.031172877119094486,-0.0013456783628279512,0.0005265166729216952,0.019010648777811,0.019065488113770776,0.034715298411197394,0.2092717183684704,measured_min_over_explicit_pairs,0.0,135,collision_hand_right_palm_0,right_object_26,2,0,0.9003529920887404,-0.18326803705205244,0.9243690953110133,0.9019417995267561,-0.04782124602900524,0.9286042261234951,measured_min_over_explicit_pairs,0.02375836883700544,0,collision_hand_right_palm_floor_semantic_00,floor,0,0.0,,0,0.0,not_applicable_static_combination
7,0.23333333333333334,RA,right,palm,tool,0.7394057162106037,-0.22239255998283625,0.758436198466265,0.7394057162106037,-0.22239255998283625,0.758436198466265,0.746714695487004,-0.2526259114712005,0.7563694262000638,-0.07623110758385003,-0.2583112422196904,0.004346396221120475,0.0,0.1800958568570905,0.1800958568570905,0.007308979276400285,-0.030233351488364257,-0.0020667722662012222,0.031172877119094486,-0.0013456783628279512,0.0005265166729216952,0.019010648777811,0.019065488113770776,0.034715298411197394,0.2108845329397041,measured_min_over_explicit_pairs,0.0,132,collision_hand_right_palm_0,right_object_23,2,0,0.9223923276984183,-0.1944631832487052,0.9529869925707652,0.8972500956402651,-0.05253765270844977,0.9690826413826072,measured_min_over_explicit_pairs,0.004296401009554418,0,collision_hand_right_palm_floor_semantic_00,floor,0,0.0,,0,0.0,not_applicable_static_combination
7,0.23333333333333334,AA,right,palm,tool,0.7394057162106037,-0.22239255998283625,0.758436198466265,0.7394057162106037,-0.22239255998283625,0.758436198466265,0.745369017124176,-0.2520993947982788,0.7753800749778748,-0.07731305133304409,-0.257132186607016,0.023344608310739222,0.0,0.1800958568570905,0.1800958568570905,0.007308979276400285,-0.030233351488364257,-0.0020667722662012222,0.031172877119094486,-0.0013456783628279512,0.0005265166729216952,0.019010648777811,0.019065488113770776,0.034715298411197394,0.21002587343364068,measured_min_over_explicit_pairs,0.10931678992220627,118,collision_hand_right_palm_0,right_object_9,2,0,0.7373755725265582,-0.15155230632745378,0.7601832481604258,0.7278552792572008,-0.042781428735774174,0.7655143608864012,measured_min_over_explicit_pairs,0.02375836883700544,0,collision_hand_right_palm_floor_semantic_00,floor,0,0.0,,0,0.0,source endpoint interval; AA solve data only; object and floor separated
7,0.23333333333333334,RR,right,thumb,tool,0.6585819445550442,-0.13656690809875727,0.7237281157903311,0.6585819445550442,-0.13656690809875727,0.7237281157903311,0.6603726684633273,-0.14091030674680788,0.7148132392034494,-0.11524114099442127,-0.12321660057444833,-0.038676841854916225,0.0,0.11202354619802231,0.11202354619802231,0.001790723908283165,-0.0043433986480506115,-0.008914876586881726,0.010077044630789168,-0.0012558479020360336,0.0008070670659729995,0.020202725951223077,0.02025780459630927,0.011840915364637983,0.11782230621731608,measured_min_over_explicit_pairs,0.1340078426477682,264,collision_hand_right_thumb_external_semantic_rota1,right_object_3,24,0,0.6682926473095634,-0.1642741020469852,0.7239133822545494,0.7055484621540498,-0.039641554191767875,0.7561132916721132,measured_min_over_explicit_pairs,-0.020315688986363156,3,collision_hand_right_thumb_floor_semantic_03,floor,0,0.0,,0,0.0,not_applicable_static_combination
7,0.23333333333333334,AR,right,thumb,tool,0.6585819445550442,-0.13656690809875727,0.7237281157903311,0.6585819445550442,-0.13656690809875727,0.7237281157903311,0.6591168205612913,-0.14010323968083488,0.7350159651546725,-0.11619632036922634,-0.12143758715126494,-0.01851992267900223,0.0,0.11202354619802231,0.11202354619802231,0.001790723908283165,-0.0043433986480506115,-0.008914876586881726,0.010077044630789168,-0.0012558479020360336,0.0008070670659729995,0.020202725951223077,0.02025780459630927,0.011840915364637983,0.11230629496028635,measured_min_over_explicit_pairs,0.12989905889883968,284,collision_hand_right_thumb_external_semantic_rota1,right_object_23,26,0,0.6667540570761687,-0.16314273203919116,0.7420347258950815,0.7051096064594973,-0.040492075900351046,0.7609934674941241,measured_min_over_explicit_pairs,-4.503433067637452e-05,3,collision_hand_right_thumb_floor_semantic_03,floor,0,0.0,,0,0.0,not_applicable_static_combination
7,0.23333333333333334,RA,right,thumb,tool,0.6585819445550442,-0.13656690809875727,0.7237281157903311,0.6585819445550442,-0.13656690809875727,0.7237281157903311,0.6603726684633273,-0.14091030674680788,0.7148132392034494,-0.1151831338417551,-0.12304376360488127,-0.03863833975326093,0.0,0.11192519961008908,0.11192519961008908,0.001790723908283165,-0.0043433986480506115,-0.008914876586881726,0.010077044630789168,-0.0012558479020360336,0.0008070670659729995,0.020202725951223077,0.02025780459630927,0.011840915364637983,0.11765216506761897,measured_min_over_explicit_pairs,0.1340369387750102,264,collision_hand_right_thumb_external_semantic_rota1,right_object_3,25,0,0.6682323425271124,-0.16421319594470826,0.7237441212049204,0.705212763909435,-0.039206881526616416,0.7549173588642789,measured_min_over_explicit_pairs,-0.020315688986363156,3,collision_hand_right_thumb_floor_semantic_03,floor,0,0.0,,0,0.0,not_applicable_static_combination
7,0.23333333333333334,AA,right,thumb,tool,0.6585819445550442,-0.13656690809875727,0.7237281157903311,0.6585819445550442,-0.13656690809875727,0.7237281157903311,0.6591168205612913,-0.14010323968083488,0.7350159651546725,-0.11607964206665854,-0.12162503064933175,-0.018450172009115168,0.0,0.11192519961008908,0.11192519961008908,0.001790723908283165,-0.0043433986480506115,-0.008914876586881726,0.010077044630789168,-0.0012558479020360336,0.0008070670659729995,0.020202725951223077,0.02025780459630927,0.011840915364637983,0.11234726713073746,measured_min_over_explicit_pairs,0.13009980615112243,284,collision_hand_right_thumb_external_semantic_rota1,right_object_23,26,0,0.6667105387315109,-0.16309742685512724,0.7418207880188982,0.704968798154593,-0.039986969974804484,0.759315946011725,measured_min_over_explicit_pairs,-4.503433067637452e-05,3,collision_hand_right_thumb_floor_semantic_03,floor,0,0.0,,30,307.44010853767395,source endpoint interval; AA solve data only; object and floor separated
7,0.23333333333333334,RR,right,index,tool,0.6803952552378177,-0.07671879325062037,0.7245778396062491,0.6803952552378177,-0.07671879325062037,0.7245778396062491,0.684539517579359,-0.0788485911499689,0.7268584896421635,-0.06990591620876724,-0.07415188537180377,-0.027807052856554063,0.0,0.05203637551619687,0.05203637551619687,0.004144262341541305,-0.002129797899348529,0.0022806500359143778,0.005187707975002359,-0.0016271350734206047,0.0012252282837993678,0.020586611304839852,0.020687129281539703,0.02302315827812606,0.05134478759574069,measured_min_over_explicit_pairs,0.051674055318143494,389,collision_hand_right_index_1,right_object_3,1,0,0.6965665290701512,-0.08942314407798388,0.7446348488564123,0.7089375559149168,-0.04067454217165956,0.7564982168439339,measured_min_over_explicit_pairs,-0.0014408192670053444,6,collision_hand_right_index_floor_semantic_06,floor,0,0.0,,0,0.0,not_applicable_static_combination
7,0.23333333333333334,AR,right,index,tool,0.6803952552378177,-0.07671879325062037,0.7245778396062491,0.6803952552378177,-0.07671879325062037,0.7245778396062491,0.6829123825059384,-0.07762336286616953,0.7474451009470033,-0.07105324967101682,-0.0718365989453472,-0.007281936715567042,0.0,0.05203637551619687,0.05203637551619687,0.004144262341541305,-0.002129797899348529,0.0022806500359143778,0.005187707975002359,-0.0016271350734206047,0.0012252282837993678,0.020586611304839852,0.020687129281539703,0.02302315827812606,0.044364259380324955,measured_min_over_explicit_pairs,0.04830978047676718,409,collision_hand_right_index_1,right_object_23,1,0,0.6951930968271247,-0.08831174603869404,0.7627989843909353,0.7080419001079624,-0.041850828951899746,0.7659811734830223,measured_min_over_explicit_pairs,0.019313281375753166,6,collision_hand_right_index_floor_semantic_06,floor,0,0.0,,0,0.0,not_applicable_static_combination
7,0.23333333333333334,RA,right,index,tool,0.6803952552378177,-0.07671879325062037,0.7245778396062491,0.6803952552378177,-0.07671879325062037,0.7245778396062491,0.684539517579359,-0.0788485911499689,0.7268584896421635,-0.0698309315194927,-0.07416480969421113,-0.02702770642555329,0.0,0.05161426816952576,0.05161426816952576,0.004144262341541305,-0.002129797899348529,0.0022806500359143778,0.005187707975002359,-0.0016271350734206047,0.0012252282837993678,0.020586611304839852,0.020687129281539703,0.02302315827812606,0.0509916197934247,measured_min_over_explicit_pairs,0.05175556643098196,389,collision_hand_right_index_1,right_object_3,1,0,0.6965008693707493,-0.08936719517777587,0.7444669477994537,0.7086082224715948,-0.040300391209613734,0.7556248779763808,measured_min_over_explicit_pairs,-0.0014408192670053444,6,collision_hand_right_index_floor_semantic_06,floor,0,0.0,,0,0.0,not_applicable_static_combination
7,0.23333333333333334,AA,right,index,tool,0.6803952552378177,-0.07671879325062037,0.7245778396062491,0.6803952552378177,-0.07671879325062037,0.7245778396062491,0.6829123825059384,-0.07762336286616953,0.7474451009470033,-0.07091867279859247,-0.07221652670955818,-0.006461269441170416,0.0,0.05161426816952576,0.05161426816952576,0.004144262341541305,-0.002129797899348529,0.0022806500359143778,0.005187707975002359,-0.0016271350734206047,0.0012252282837993678,0.020586611304839852,0.020687129281539703,0.02302315827812606,0.04437819170674067,measured_min_over_explicit_pairs,0.048698506503262226,409,collision_hand_right_index_1,right_object_23,1,0,0.6951040480153471,-0.08827433205616406,0.7625745079680443,0.7076948608799681,-0.04128773211891281,0.7648713304237572,measured_min_over_explicit_pairs,0.019313281375753166,6,collision_hand_right_index_floor_semantic_06,floor,0,0.0,,0,0.0,source endpoint interval; AA solve data only; object and floor separated
7,0.23333333333333334,RR,right,middle,tool,0.7113355942070484,-0.059359618462622166,0.7222741200856803,0.7113355942070484,-0.059359618462622166,0.7222741200856803,0.7124885932150085,-0.07025906417769465,0.7268688226109865,-0.040761197424380634,-0.07649198144564662,-0.027606487133831792,0.0,0.03143456158995174,0.03143456158995174,0.001152999007960065,-0.010899445715072481,0.004594702525306249,0.011884385339773545,-0.0014258888764071553,0.0007703625446608964,0.01987934465848673,0.019945299235383334,0.026488710431199578,0.03764990933740479,measured_min_over_explicit_pairs,0.0226511746074326,591,collision_hand_right_middle_0,right_object_3,0,0,0.7141244710811093,-0.057390509555462446,0.73439927047429,0.7165899309020846,-0.03788780764112786,0.7456527960111236,measured_min_over_explicit_pairs,-0.0006660474108757253,8,collision_hand_right_middle_floor_semantic_08,floor,0,0.0,,0,0.0,not_applicable_static_combination
7,0.23333333333333334,AR,right,middle,tool,0.7113355942070484,-0.059359618462622166,0.7222741200856803,0.7113355942070484,-0.059359618462622166,0.7222741200856803,0.7110627043386013,-0.06948870163303375,0.7467481672694732,-0.0418865626600901,-0.07469333489247405,-0.007774357009914186,0.0,0.03143456158995174,0.03143456158995174,0.001152999007960065,-0.010899445715072481,0.004594702525306249,0.011884385339773545,-0.0014258888764071553,0.0007703625446608964,0.01987934465848673,0.019945299235383334,0.026488710431199578,0.029519812532117135,measured_min_over_explicit_pairs,0.01472106928762276,591,collision_hand_right_middle_0,right_object_3,0,0,0.7128669897129881,-0.05567279058335126,0.7519132770437429,0.7147488459525533,-0.04156596331820901,0.7556770414593299,measured_min_over_explicit_pairs,0.01927881525844999,8,collision_hand_right_middle_floor_semantic_08,floor,0,0.0,,0,0.0,not_applicable_static_combination
7,0.23333333333333334,RA,right,middle,tool,0.7113355942070484,-0.059359618462622166,0.7222741200856803,0.7113355942070484,-0.059359618462622166,0.7222741200856803,0.7124885932150085,-0.07025906417769465,0.7268688226109865,-0.040685047201162734,-0.0764978242238794,-0.02695435949781938,0.0,0.03084729570653108,0.03084729570653108,0.001152999007960065,-0.010899445715072481,0.004594702525306249,0.011884385339773545,-0.0014258888764071553,0.0007703625446608964,0.01987934465848673,0.019945299235383334,0.026488710431199578,0.037314082542680024,measured_min_over_explicit_pairs,0.022320446779801835,591,collision_hand_right_middle_0,right_object_3,0,0,0.7140661400898591,-0.05722888111103591,0.7341211888222906,0.7163654045681227,-0.037650174539563666,0.7445897119414873,measured_min_over_explicit_pairs,-0.0006660474108757253,8,collision_hand_right_middle_floor_semantic_08,floor,0,0.0,,0,0.0,not_applicable_static_combination
7,0.23333333333333334,AA,right,middle,tool,0.7113355942070484,-0.059359618462622166,0.7222741200856803,0.7113355942070484,-0.059359618462622166,0.7222741200856803,0.7110627043386013,-0.06948870163303375,0.7467481672694732,-0.04175270036777711,-0.07505372612545294,-0.007090078514433082,0.0,0.03084729570653108,0.03084729570653108,0.001152999007960065,-0.010899445715072481,0.004594702525306249,0.011884385339773545,-0.0014258888764071553,0.0007703625446608964,0.01987934465848673,0.019945299235383334,0.026488710431199578,0.02959182840078795,measured_min_over_explicit_pairs,0.014830487587605847,591,collision_hand_right_middle_0,right_object_3,0,0,0.712716028915986,-0.055602744720422426,0.7517129561951483,0.7143879903347028,-0.04128718324397604,0.755207610214438,measured_min_over_explicit_pairs,0.01927881525844999,8,collision_hand_right_middle_floor_semantic_08,floor,0,0.0,,0,0.0,source endpoint interval; AA solve data only; object and floor separated
7,0.23333333333333334,RR,right,ring,tool,0.7342521347105503,-0.06476248893886805,0.7252870752744315,0.7342521347105503,-0.06476248893886805,0.7252870752744315,0.7337199686320163,-0.06839210599769904,0.7266235561431937,-0.020341493257578683,-0.08260365051089667,-0.027593312872697933,0.0,0.03406300896521036,0.03406300896521036,-0.0005321660785340132,-0.0036296170588309973,0.0013364808687622576,0.003904292745359493,-0.0016645717406682525,0.0005305617567012699,0.01935211672619508,0.01943081873318221,0.021034444876393728,0.036340363431189335,measured_min_over_explicit_pairs,0.021543218853914504,744,collision_hand_right_ring_0,right_object_3,0,0,0.7330834889198419,-0.05582678619297544,0.7345229724794493,0.7301886036757483,-0.0373808991298757,0.7452690958952004,measured_min_over_explicit_pairs,-0.0003998090294261569,10,collision_hand_right_ring_floor_semantic_10,floor,0,0.0,,0,0.0,not_applicable_static_combination
7,0.23333333333333334,AR,right,ring,tool,0.7342521347105503,-0.06476248893886805,0.7252870752744315,0.7342521347105503,-0.06476248893886805,0.7252870752744315,0.732055396891348,-0.06786154424099777,0.7459756728693888,-0.021774995443493952,-0.08095439424999568,-0.008285756271443604,0.0,0.03406300896521036,0.03406300896521036,-0.0005321660785340132,-0.0036296170588309973,0.0013364808687622576,0.003904292745359493,-0.0016645717406682525,0.0005305617567012699,0.01935211672619508,0.01943081873318221,0.021034444876393728,0.028016689830785806,measured_min_over_explicit_pairs,0.013486018953920135,744,collision_hand_right_ring_0,right_object_3,0,0,0.7314854461946596,-0.0543052791187572,0.7515538035976864,0.7298094751008396,-0.041407840117134755,0.755120299821938,measured_min_over_explicit_pairs,0.01898370225177748,10,collision_hand_right_ring_floor_semantic_10,floor,0,0.0,,0,0.0,not_applicable_static_combination
7,0.23333333333333334,RA,right,ring,tool,0.7342521347105503,-0.06476248893886805,0.7252870752744315,0.7342521347105503,-0.06476248893886805,0.7252870752744315,0.7337199686320163,-0.06839210599769904,0.7266235561431937,-0.02026355603239708,-0.08260154722301433,-0.02711009831076387,0.0,0.033748915574755095,0.033748915574755095,-0.0005321660785340132,-0.0036296170588309973,0.0013364808687622576,0.003904292745359493,-0.0016645717406682525,0.0005305617567012699,0.01935211672619508,0.01943081873318221,0.021034444876393728,0.0360893544145196,measured_min_over_explicit_pairs,0.021314035939310826,744,collision_hand_right_ring_0,right_object_3,0,0,0.733077311467712,-0.055700154564078105,0.7342972236691224,0.730200056195934,-0.037180597006502336,0.7444478649294023,measured_min_over_explicit_pairs,-0.0003998090294261569,10,collision_hand_right_ring_floor_semantic_10,floor,0,0.0,,0,0.0,not_applicable_static_combination
7,0.23333333333333334,AA,right,ring,tool,0.7342521347105503,-0.06476248893886805,0.7252870752744315,0.7342521347105503,-0.06476248893886805,0.7252870752744315,0.732055396891348,-0.06786154424099777,0.7459756728693888,-0.021640840592750326,-0.08129756442427719,-0.0077720675748746805,0.0,0.033748915574755095,0.033748915574755095,-0.0005321660785340132,-0.0036296170588309973,0.0013364808687622576,0.003904292745359493,-0.0016645717406682525,0.0005305617567012699,0.01935211672619508,0.01943081873318221,0.021034444876393728,0.028178838416072546,measured_min_over_explicit_pairs,0.013696125112255665,744,collision_hand_right_ring_0,right_object_3,0,0,0.7313715487239089,-0.05422820630333602,0.7511934353365911,0.7295134713472685,-0.04102427106415601,0.7543219311017343,measured_min_over_explicit_pairs,0.01898370225177748,10,collision_hand_right_ring_floor_semantic_10,floor,0,0.0,,0,0.0,source endpoint interval; AA solve data only; object and floor separated
7,0.23333333333333334,RR,right,pinky,tool,0.7608464755117893,-0.08886232320219278,0.7237875416211722,0.7608464755117893,-0.08886232320219278,0.7237875416211722,0.7543871048510299,-0.06776121999044589,0.7245770750147172,-0.0008950906608661281,-0.08970563285362762,-0.029358502525039028,0.0,0.061336749080558674,0.061336749080558674,-0.0064593706607594115,0.021101103211746894,0.0007895333935450388,0.022081743342983528,-0.002307283822362116,1.7781572308500637e-05,0.017605153415953922,0.017755711802699484,0.029346652759185268,0.041352185212860965,measured_min_over_explicit_pairs,0.027016673441119382,914,collision_hand_right_pinky_0,right_object_21,0,0,0.751841631395361,-0.0559654431746626,0.732674124301795,0.7427193705536244,-0.03429245700644485,0.7459770063771819,measured_min_over_explicit_pairs,-0.002122643138083191,12,collision_hand_right_pinky_floor_semantic_12,floor,0,0.0,,0,0.0,not_applicable_static_combination
7,0.23333333333333334,AR,right,pinky,tool,0.7608464755117893,-0.08886232320219278,0.7237875416211722,0.7608464755117893,-0.08886232320219278,0.7237875416211722,0.7520798210286678,-0.06774343841813739,0.7421822284306712,-0.0031078089474860853,-0.08834431675521175,-0.011793879048153072,0.0,0.061336749080558674,0.061336749080558674,-0.0064593706607594115,0.021101103211746894,0.0007895333935450388,0.022081743342983528,-0.002307283822362116,1.7781572308500637e-05,0.017605153415953922,0.017755711802699484,0.029346652759185268,0.03348519724445144,measured_min_over_explicit_pairs,0.019357193991462976,896,collision_hand_right_pinky_0,right_object_3,0,0,0.7493888177900939,-0.05493212302845628,0.7481003345221762,0.7427330687809608,-0.03759641193413598,0.7535661450937944,measured_min_over_explicit_pairs,0.015401720971523036,12,collision_hand_right_pinky_floor_semantic_12,floor,0,0.0,,0,0.0,not_applicable_static_combination
7,0.23333333333333334,RA,right,pinky,tool,0.7608464755117893,-0.08886232320219278,0.7237875416211722,0.7608464755117893,-0.08886232320219278,0.7237875416211722,0.7543871048510299,-0.06776121999044589,0.7245770750147172,-0.0008202876180491686,-0.08966403798515024,-0.029058728409317395,0.0,0.06132456036695239,0.06132456036695239,-0.0064593706607594115,0.021101103211746894,0.0007895333935450388,0.022081743342983528,-0.002307283822362116,1.7781572308500637e-05,0.017605153415953922,0.017755711802699484,0.029346652759185268,0.04117118980928511,measured_min_over_explicit_pairs,0.026865593167072446,914,collision_hand_right_pinky_0,right_object_21,0,0,0.7517991936820714,-0.055889189489336334,0.7325175276976186,0.7426139341141134,-0.034132541046659304,0.7453253124955314,measured_min_over_explicit_pairs,-0.002122643138083191,12,collision_hand_right_pinky_floor_semantic_12,floor,0,0.0,,0,0.0,not_applicable_static_combination
7,0.23333333333333334,AA,right,pinky,tool,0.7608464755117893,-0.08886232320219278,0.7237875416211722,0.7608464755117893,-0.08886232320219278,0.7237875416211722,0.7520798210286678,-0.06774343841813739,0.7421822284306712,-0.002981817396493695,-0.08861712537839571,-0.011466199749933667,0.0,0.06132456036695239,0.06132456036695239,-0.0064593706607594115,0.021101103211746894,0.0007895333935450388,0.022081743342983528,-0.002307283822362116,1.7781572308500637e-05,0.017605153415953922,0.017755711802699484,0.029346652759185268,0.03365202165084384,measured_min_over_explicit_pairs,0.019575551237735196,896,collision_hand_right_pinky_0,right_object_3,0,0,0.7493887191030415,-0.05486209402722676,0.7478676503499232,0.7426576972753193,-0.03719374322922827,0.7529396254577869,measured_min_over_explicit_pairs,0.015401720971523036,12,collision_hand_right_pinky_floor_semantic_12,floor,0,0.0,,0,0.0,source endpoint interval; AA solve data only; object and floor separated
7,0.23333333333333334,RR,left,palm,target,0.4776268698275089,-0.2850949177518487,0.7602002575330374,0.4776268698275089,-0.2850949177518487,0.7602002575330374,0.48522655179799756,-0.31863511388559773,0.7494427920056259,-0.18668005643911928,-0.23941438716544797,0.010171991974288204,0.0,0.12171053746294823,0.12171053746294823,0.007599681970488659,-0.033540196133749034,-0.010757465527411525,0.036033636887169346,-0.007516513374459355,0.001965321948723342,0.038493060998829653,0.03926927817938828,0.04202669214879654,0.1555106833283509,measured_min_over_explicit_pairs,0.04657737478640859,1244,collision_hand_left_palm_0,left_object_7,17,0,0.4403038863881615,-0.21927760704175023,0.7602359919847824,0.4231790946350386,-0.1761529003033503,0.7561797599730815,measured_min_over_explicit_pairs,-0.0026931566336044765,13,collision_hand_left_palm_floor_semantic_13,floor,0,0.0,,0,0.0,not_applicable_static_combination
7,0.23333333333333334,AR,left,palm,target,0.4776268698275089,-0.2850949177518487,0.7602002575330374,0.4776268698275089,-0.2850949177518487,0.7602002575330374,0.4777100384235382,-0.3166697919368744,0.7879358530044556,-0.19182417796012646,-0.23244810313431064,0.048474539008458294,0.0,0.12171053746294823,0.12171053746294823,0.007599681970488659,-0.033540196133749034,-0.010757465527411525,0.036033636887169346,-0.007516513374459355,0.001965321948723342,0.038493060998829653,0.03926927817938828,0.04202669214879654,0.15403466376603772,measured_min_over_explicit_pairs,0.04646947863093022,1244,collision_hand_left_palm_0,left_object_7,17,0,0.45190666961815396,-0.21314528127677698,0.7639770235286224,0.4290569503982814,-0.17339695818201867,0.7564024881000848,measured_min_over_explicit_pairs,0.036008148351249325,13,collision_hand_left_palm_floor_semantic_13,floor,0,0.0,,0,0.0,not_applicable_static_combination
7,0.23333333333333334,RA,left,palm,target,0.4776268698275089,-0.2850949177518487,0.7602002575330374,0.4776268698275089,-0.2850949177518487,0.7602002575330374,0.48522655179799756,-0.31863511388559773,0.7494427920056259,-0.18006726946340806,-0.24221710451318113,0.002536234592093059,0.0,0.1229985108399124,0.1229985108399124,0.007599681970488659,-0.033540196133749034,-0.010757465527411525,0.036033636887169346,-0.007516513374459355,0.001965321948723342,0.038493060998829653,0.03926927817938828,0.04202669214879654,0.15679978425136218,measured_min_over_explicit_pairs,0.04774143868025544,1244,collision_hand_left_palm_0,left_object_7,17,0,0.4395092099011253,-0.2194573168613997,0.7616803709217621,0.42163759334240714,-0.1754014805609862,0.7573290979229824,measured_min_over_explicit_pairs,-0.0026931566336044765,13,collision_hand_left_palm_floor_semantic_13,floor,0,0.0,,0,0.0,not_applicable_static_combination
7,0.23333333333333334,AA,left,palm,target,0.4776268698275089,-0.2850949177518487,0.7602002575330374,0.4776268698275089,-0.2850949177518487,0.7602002575330374,0.4777100384235382,-0.3166697919368744,0.7879358530044556,-0.18464698837273694,-0.23717317288587447,0.041210013010819765,0.0,0.1229985108399124,0.1229985108399124,0.007599681970488659,-0.033540196133749034,-0.010757465527411525,0.036033636887169346,-0.007516513374459355,0.001965321948723342,0.038493060998829653,0.03926927817938828,0.04202669214879654,0.15501837394787762,measured_min_over_explicit_pairs,0.04781313728842904,1244,collision_hand_left_palm_0,left_object_7,17,0,0.45091403040147526,-0.21334139083805445,0.7659423587395487,0.4267791940637863,-0.17287976042937078,0.7577899212521333,measured_min_over_explicit_pairs,0.036008148351249325,13,collision_hand_left_palm_floor_semantic_13,floor,0,0.0,,0,0.0,source endpoint interval; AA solve data only; object and floor separated
7,0.23333333333333334,RR,left,thumb,target,0.5435813352465629,-0.18804216478019953,0.7352348520688651,0.5435813352465629,-0.18804216478019953,0.7352348520688651,0.5430815036390895,-0.19357718055389211,0.7342472831760614,-0.06240591068474696,-0.17969209238942344,-0.00420750155046532,0.0,0.08664497246956263,0.08664497246956263,-0.0004998316074734666,-0.0055350157736925865,-0.000987568892803714,0.005644601276342626,-0.002036766476096963,0.0005745650314050166,0.03461409346106181,0.03467872559343246,0.03408494617780553,0.09075745147760775,measured_min_over_explicit_pairs,0.08496465037297354,1439,collision_hand_left_thumb_0,left_object_6,52,0,0.5451885660403362,-0.18548449214000198,0.7372491799308166,0.4916278979982245,-0.121494785046701,0.7532355503130482,measured_min_over_explicit_pairs,-5.469188721340945e-05,16,collision_hand_left_thumb_floor_semantic_16,floor,0,0.0,,0,0.0,not_applicable_static_combination
7,0.23333333333333334,AR,left,thumb,target,0.5435813352465629,-0.18804216478019953,0.7352348520688651,0.5435813352465629,-0.18804216478019953,0.7352348520688651,0.5410447371629925,-0.1930026155224871,0.7688613766371232,-0.06413827469582896,-0.17734421741453343,0.03034825638970988,0.0,0.08664497246956263,0.08664497246956263,-0.0004998316074734666,-0.0055350157736925865,-0.000987568892803714,0.005644601276342626,-0.002036766476096963,0.0005745650314050166,0.03461409346106181,0.03467872559343246,0.03408494617780553,0.08793042766987672,measured_min_over_explicit_pairs,0.08281444135732971,1439,collision_hand_left_thumb_0,left_object_6,53,0,0.5428041140400272,-0.18551669350148112,0.7667579377308767,0.4897321617957535,-0.1230391190288602,0.7550041183377496,measured_min_over_explicit_pairs,0.034616936506507434,16,collision_hand_left_thumb_floor_semantic_16,floor,0,0.0,,0,0.0,not_applicable_static_combination
7,0.23333333333333334,RA,left,thumb,target,0.5435813352465629,-0.18804216478019953,0.7352348520688651,0.5435813352465629,-0.18804216478019953,0.7352348520688651,0.5430815036390895,-0.19357718055389211,0.7342472831760614,-0.057608174518000856,-0.17872608373219362,-0.011256733749120357,0.0,0.08598047230208893,0.08598047230208893,-0.0004998316074734666,-0.0055350157736925865,-0.000987568892803714,0.005644601276342626,-0.002036766476096963,0.0005745650314050166,0.03461409346106181,0.03467872559343246,0.03408494617780553,0.0899798698356379,measured_min_over_explicit_pairs,0.08388589448067545,1460,collision_hand_left_thumb_0,left_object_27,52,0,0.5455142323284244,-0.1848857626909777,0.7340635392743473,0.4944548525590988,-0.11836017221844762,0.7320315838919587,measured_min_over_explicit_pairs,-5.469188721340945e-05,16,collision_hand_left_thumb_floor_semantic_16,floor,0,0.0,,0,0.0,not_applicable_static_combination
7,0.23333333333333334,AA,left,thumb,target,0.5435813352465629,-0.18804216478019953,0.7352348520688651,0.5435813352465629,-0.18804216478019953,0.7352348520688651,0.5410447371629925,-0.1930026155224871,0.7688613766371232,-0.05873531221092356,-0.178032434614013,0.02339672813142814,0.0,0.08598047230208893,0.08598047230208893,-0.0004998316074734666,-0.0055350157736925865,-0.000987568892803714,0.005644601276342626,-0.002036766476096963,0.0005745650314050166,0.03461409346106181,0.03467872559343246,0.03408494617780553,0.0878428409803507,measured_min_over_explicit_pairs,0.0824704848943286,1439,collision_hand_left_thumb_0,left_object_6,53,0,0.5430952077089279,-0.18522069156722218,0.7670821280806583,0.49184412368424985,-0.12137517944860711,0.7571595353089657,measured_min_over_explicit_pairs,0.034616936506507434,16,collision_hand_left_thumb_floor_semantic_16,floor,0,0.0,,0,0.0,source endpoint interval; AA solve data only; object and floor separated
7,0.23333333333333334,RR,left,index,target,0.5315178468823433,-0.1425979444757104,0.7281086995534537,0.5315178468823433,-0.1425979444757104,0.7281086995534537,0.5317318405534366,-0.14547654944020316,0.7277426615384056,-0.04056852285667235,-0.13542600790964027,-0.0111672376099026,0.0,0.04442858471676063,0.04442858471676063,0.00021399367109331546,-0.0028786049644927703,-0.00036603801504808686,0.002909663839918756,-0.00781743518704947,0.006698327571346724,0.041652729317578685,0.04290605720361942,0.04215440051038957,0.04676578486608734,measured_min_over_explicit_pairs,0.03171121413778185,1591,collision_hand_left_index_0,left_object_27,28,0,0.5249029641733581,-0.13279571350945746,0.728590151899121,0.504965566171309,-0.10813633670053863,0.7287182081207554,measured_min_over_explicit_pairs,-0.0025738652669223816,19,collision_hand_left_index_floor_semantic_19,floor,0,0.0,,0,0.0,not_applicable_static_combination
7,0.23333333333333334,AR,left,index,target,0.5315178468823433,-0.1425979444757104,0.7281086995534537,0.5315178468823433,-0.1425979444757104,0.7281086995534537,0.5239144053663871,-0.13877822186885644,0.7693953908559843,-0.04299065997173449,-0.12455415934561237,0.03026784300250776,0.0,0.04442858471676063,0.04442858471676063,0.00021399367109331546,-0.0028786049644927703,-0.00036603801504808686,0.002909663839918756,-0.00781743518704947,0.006698327571346724,0.041652729317578685,0.04290605720361942,0.04215440051038957,0.037276738461584434,measured_min_over_explicit_pairs,0.02388692905776786,1570,collision_hand_left_index_0,left_object_6,26,0,0.517320327452279,-0.12730731698465403,0.7666041207257178,0.5034102071996477,-0.11103431266995312,0.7560077409221293,measured_min_over_explicit_pairs,0.040396452944760686,19,collision_hand_left_index_floor_semantic_19,floor,0,0.0,,0,0.0,not_applicable_static_combination
7,0.23333333333333334,RA,left,index,target,0.5315178468823433,-0.1425979444757104,0.7281086995534537,0.5315178468823433,-0.1425979444757104,0.7281086995534537,0.5317318405534366,-0.14547654944020316,0.7277426615384056,-0.03701073977225719,-0.13363928571169542,-0.01652190178971516,0.0,0.04248859913387666,0.04248859913387666,0.00021399367109331546,-0.0028786049644927703,-0.00036603801504808686,0.002909663839918756,-0.00781743518704947,0.006698327571346724,0.041652729317578685,0.04290605720361942,0.04215440051038957,0.044933719705898684,measured_min_over_explicit_pairs,0.029911793343604637,1591,collision_hand_left_index_0,left_object_27,27,0,0.5251015677014268,-0.1326404581356395,0.7284055824575218,0.5068895559661933,-0.1089159560735948,0.7279742919588263,measured_min_over_explicit_pairs,-0.0025738652669223816,19,collision_hand_left_index_floor_semantic_19,floor,0,0.0,,0,0.0,not_applicable_static_combination
7,0.23333333333333334,AA,left,index,target,0.5315178468823433,-0.1425979444757104,0.7281086995534537,0.5315178468823433,-0.1425979444757104,0.7281086995534537,0.5239144053663871,-0.13877822186885644,0.7693953908559843,-0.038906435261502684,-0.12477118182533994,0.02541486986515979,0.0,0.04248859913387666,0.04248859913387666,0.00021399367109331546,-0.0028786049644927703,-0.00036603801504808686,0.002909663839918756,-0.00781743518704947,0.006698327571346724,0.041652729317578685,0.04290605720361942,0.04215440051038957,0.03594602971683666,measured_min_over_explicit_pairs,0.02226107637407588,1570,collision_hand_left_index_0,left_object_6,26,0,0.5173420646321448,-0.1268644362650585,0.7673387064327427,0.5044271195279235,-0.11071314624575773,0.7590988311302989,measured_min_over_explicit_pairs,0.040396452944760686,19,collision_hand_left_index_floor_semantic_19,floor,0,0.0,,0,0.0,source endpoint interval; AA solve data only; object and floor separated
7,0.23333333333333334,RR,left,middle,target,0.5111396595835686,-0.13237778935581446,0.725603516333544,0.5111396595835686,-0.13237778935581446,0.725603516333544,0.5120677956157116,-0.1397966193666889,0.7299206097209434,-0.05219714975584224,-0.11852774694048823,-0.009463259940731274,0.0,0.023543399521202407,0.023543399521202407,0.0009281360321430343,-0.007418830010874455,0.004317093387399384,0.008633525962197668,-0.008511136200401781,0.005215244944679814,0.0399503005785351,0.041178449892754584,0.044966207836897046,0.029883833578817513,measured_min_over_explicit_pairs,0.01522111621824032,1753,collision_hand_left_middle_0,left_object_27,23,0,0.5056068000104765,-0.12714091351654852,0.7301087101979186,0.49604019903519353,-0.11535405727306887,0.728998509943713,measured_min_over_explicit_pairs,-0.00023662909770238993,21,collision_hand_left_middle_floor_semantic_21,floor,0,0.0,,0,0.0,not_applicable_static_combination
7,0.23333333333333334,AR,left,middle,target,0.5111396595835686,-0.13237778935581446,0.725603516333544,0.5111396595835686,-0.13237778935581446,0.725603516333544,0.5035566594153098,-0.1345813744220091,0.7698709102994785,-0.05607051815040125,-0.10839263971603315,0.03026005002204663,0.0,0.023543399521202407,0.023543399521202407,0.0009281360321430343,-0.007418830010874455,0.004317093387399384,0.008633525962197668,-0.008511136200401781,0.005215244944679814,0.0399503005785351,0.041178449892754584,0.044966207836897046,0.022966719459641974,measured_min_over_explicit_pairs,0.009779726777676662,1764,collision_hand_left_middle_external_semantic_link2,left_object_6,24,0,0.5041294214651161,-0.11912213669050128,0.7633604939162437,0.49963389325280333,-0.11391941114773907,0.7564060040812526,measured_min_over_explicit_pairs,0.04066105758906924,21,collision_hand_left_middle_floor_semantic_21,floor,0,0.0,,0,0.0,not_applicable_static_combination
7,0.23333333333333334,RA,left,middle,target,0.5111396595835686,-0.13237778935581446,0.725603516333544,0.5111396595835686,-0.13237778935581446,0.725603516333544,0.5120677956157116,-0.1397966193666889,0.7299206097209434,-0.04901931600933526,-0.11714204412225497,-0.013817304973806961,0.0,0.022007684222872928,0.022007684222872928,0.0009281360321430343,-0.007418830010874455,0.004317093387399384,0.008633525962197668,-0.008511136200401781,0.005215244944679814,0.0399503005785351,0.041178449892754584,0.044966207836897046,0.028419304704110422,measured_min_over_explicit_pairs,0.01369754076506642,1753,collision_hand_left_middle_0,left_object_27,24,0,0.5058047036458946,-0.1269531631073451,0.7306444986735192,0.4974667621099604,-0.11608895415466333,0.7303793236625029,measured_min_over_explicit_pairs,-0.00023662909770238993,21,collision_hand_left_middle_floor_semantic_21,floor,0,0.0,,0,0.0,not_applicable_static_combination
7,0.23333333333333334,AA,left,middle,target,0.5111396595835686,-0.13237778935581446,0.725603516333544,0.5111396595835686,-0.13237778935581446,0.725603516333544,0.5035566594153098,-0.1345813744220091,0.7698709102994785,-0.0523801109309977,-0.10896724775239959,0.026401378462825163,0.0,0.022007684222872928,0.022007684222872928,0.0009281360321430343,-0.007418830010874455,0.004317093387399384,0.008633525962197668,-0.008511136200401781,0.005215244944679814,0.0399503005785351,0.041178449892754584,0.044966207836897046,0.021370416654981732,measured_min_over_explicit_pairs,0.007530354042273122,1764,collision_hand_left_middle_external_semantic_link2,left_object_6,23,0,0.503909831355786,-0.11844154448073436,0.7641122376387665,0.5001986112773524,-0.11376485260935086,0.7595229424127491,measured_min_over_explicit_pairs,0.04066105758906924,21,collision_hand_left_middle_floor_semantic_21,floor,0,0.0,,0,0.0,source endpoint interval; AA solve data only; object and floor separated
7,0.23333333333333334,RR,left,ring,target,0.4912580758333206,-0.1358801880851388,0.7295559003286002,0.4912580758333206,-0.1358801880851388,0.7295559003286002,0.48976958308118623,-0.13937892529549475,0.7290696855005594,-0.06915402222890144,-0.1040807387930314,-0.01082607105036239,0.0,0.013608844446000466,0.013608844446000466,-0.0014884927521343627,-0.0034987372103559566,-0.0004862148280407874,0.003833168089099752,-0.009985311561614418,0.006378943823187794,0.04379760033790403,0.04537209678470532,0.04489788291608851,0.015448441137036964,measured_min_over_explicit_pairs,0.00858953411204131,1828,collision_hand_left_ring_1,left_object_6,12,0,0.4713574922261518,-0.14883222778120314,0.7492237278303779,0.46595202992661555,-0.14237199064303246,0.7509049207725513,measured_min_over_explicit_pairs,-0.0008772638028844426,23,collision_hand_left_ring_floor_semantic_23,floor,0,0.0,,0,0.0,not_applicable_static_combination
7,0.23333333333333334,AR,left,ring,target,0.4912580758333206,-0.1358801880851388,0.7295559003286002,0.4912580758333206,-0.1358801880851388,0.7295559003286002,0.4797842715195718,-0.13299998147230696,0.7728672858384634,-0.07348672368006198,-0.09204321872813298,0.03270498654605889,0.0,0.013608844446000466,0.013608844446000466,-0.0014884927521343627,-0.0034987372103559566,-0.0004862148280407874,0.003833168089099752,-0.009985311561614418,0.006378943823187794,0.04379760033790403,0.04537209678470532,0.04489788291608851,0.015911212207476242,measured_min_over_explicit_pairs,0.020721515294431902,1828,collision_hand_left_ring_1,left_object_6,14,0,0.4678398809265997,-0.151763375085731,0.7760412859249654,0.46191581985269314,-0.14506678679754925,0.7573479073702849,measured_min_over_explicit_pairs,0.04445752643960277,23,collision_hand_left_ring_floor_semantic_23,floor,0,0.0,,0,0.0,not_applicable_static_combination
7,0.23333333333333334,RA,left,ring,target,0.4912580758333206,-0.1358801880851388,0.7295559003286002,0.4912580758333206,-0.1358801880851388,0.7295559003286002,0.48976958308118623,-0.13937892529549475,0.7290696855005594,-0.0663516402496518,-0.1030865534071087,-0.014194849389449716,0.0,0.012553176620150099,0.012553176620150099,-0.0014884927521343627,-0.0034987372103559566,-0.0004862148280407874,0.003833168089099752,-0.009985311561614418,0.006378943823187794,0.04379760033790403,0.04537209678470532,0.04489788291608851,0.014329048027482867,measured_min_over_explicit_pairs,-1.721843815224255e-05,1887,collision_hand_left_ring_link2_external_exact_mesh,left_object_external_exact_sdf,11,0,0.4818091197555114,-0.12651182126652538,0.7305395525483266,0.48181983160641134,-0.1265246385966367,0.7305437294983522,measured_min_over_explicit_pairs,-0.0008772638028844426,23,collision_hand_left_ring_floor_semantic_23,floor,0,0.0,,0,0.0,not_applicable_static_combination
7,0.23333333333333334,AA,left,ring,target,0.4912580758333206,-0.1358801880851388,0.7295559003286002,0.4912580758333206,-0.1358801880851388,0.7295559003286002,0.4797842715195718,-0.13299998147230696,0.7728672858384634,-0.07014563588216259,-0.09320082185440773,0.029924364967212264,0.0,0.012553176620150099,0.012553176620150099,-0.0014884927521343627,-0.0034987372103559566,-0.0004862148280407874,0.003833168089099752,-0.009985311561614418,0.006378943823187794,0.04379760033790403,0.04537209678470532,0.04489788291608851,0.013412233016554094,measured_min_over_explicit_pairs,0.019163292043479156,1828,collision_hand_left_ring_1,left_object_6,13,0,0.4677050544260104,-0.15108258272931957,0.7763546784646108,0.46201116285756616,-0.1438023814377385,0.7595674800710571,measured_min_over_explicit_pairs,0.04445752643960277,23,collision_hand_left_ring_floor_semantic_23,floor,153,1159.6910399156623,71,0,0.0,source endpoint interval; AA solve data only; object and floor separated
7,0.23333333333333334,RR,left,pinky,target,0.46920094862580297,-0.15865326020866632,0.7328786804608939,0.46920094862580297,-0.15865326020866632,0.7328786804608939,0.46633819966376305,-0.1390362513213273,0.7303002552032648,-0.08706575397029485,-0.08893637413179133,-0.010133581966098742,0.0,0.017103534208260295,0.017103534208260295,-0.0028627489620399182,0.019617008887339027,-0.00257842525762908,0.01999176445726536,-0.006931766985022625,0.0039242076816032034,0.03824765614045933,0.03906829916571516,0.04384535838553214,0.00020648423055987856,measured_min_over_explicit_pairs,-0.003580017826306684,1926,collision_hand_left_pinky_1,left_object_6,13,0,0.4490922231007321,-0.15088268600299382,0.7488772625527981,0.4513030620101779,-0.15355794431402386,0.7479987911973068,measured_min_over_explicit_pairs,0.0011671796902482656,25,collision_hand_left_pinky_floor_semantic_25,floor,0,0.0,,0,0.0,not_applicable_static_combination
7,0.23333333333333334,AR,left,pinky,target,0.46920094862580297,-0.15865326020866632,0.7328786804608939,0.46920094862580297,-0.15865326020866632,0.7328786804608939,0.45940643267874043,-0.1351120436397241,0.7685479113437241,-0.09051163554520196,-0.08083089036719207,0.027928985377885733,0.0,0.017103534208260295,0.017103534208260295,-0.0028627489620399182,0.019617008887339027,-0.00257842525762908,0.01999176445726536,-0.006931766985022625,0.0039242076816032034,0.03824765614045933,0.03906829916571516,0.04384535838553214,0.012895894174432184,measured_min_over_explicit_pairs,0.013040376974275222,1926,collision_hand_left_pinky_1,left_object_6,15,0,0.4496122679776627,-0.15662527920546568,0.7707601879936192,0.44827515440726245,-0.15527208144329374,0.7578593192342097,measured_min_over_explicit_pairs,0.04007352127623187,25,collision_hand_left_pinky_floor_semantic_25,floor,0,0.0,,0,0.0,not_applicable_static_combination
7,0.23333333333333334,RA,left,pinky,target,0.46920094862580297,-0.15865326020866632,0.7328786804608939,0.46920094862580297,-0.15865326020866632,0.7328786804608939,0.46633819966376305,-0.1390362513213273,0.7303002552032648,-0.08461621478787526,-0.08845470946443186,-0.012469765079941238,0.0,0.01697763060389416,0.01697763060389416,-0.0028627489620399182,0.019617008887339027,-0.00257842525762908,0.01999176445726536,-0.006931766985022625,0.0039242076816032034,0.03824765614045933,0.03906829916571516,0.04384535838553214,0.00029641355956396817,measured_min_over_explicit_pairs,-0.00226154964858377,1926,collision_hand_left_pinky_1,left_object_6,13,0,0.4492006417190599,-0.15063351003535505,0.7483274124919918,0.45057682816948685,-0.15237047017696687,0.7478760953827189,measured_min_over_explicit_pairs,0.0011671796902482656,25,collision_hand_left_pinky_floor_semantic_25,floor,0,0.0,,0,0.0,not_applicable_static_combination
7,0.23333333333333334,AA,left,pinky,target,0.46920094862580297,-0.15865326020866632,0.7328786804608939,0.46920094862580297,-0.15865326020866632,0.7328786804608939,0.45940643267874043,-0.1351120436397241,0.7685479113437241,-0.08753132836871333,-0.08221851155624048,0.025987275213904856,0.0,0.01697763060389416,0.01697763060389416,-0.0028627489620399182,0.019617008887339027,-0.00257842525762908,0.01999176445726536,-0.006931766985022625,0.0039242076816032034,0.03824765614045933,0.03906829916571516,0.04384535838553214,0.010457336609980583,measured_min_over_explicit_pairs,0.01139921502112506,1926,collision_hand_left_pinky_1,left_object_6,14,0,0.44938564089334354,-0.1556474240226576,0.770910107629574,0.4479972610845558,-0.15379397462480024,0.7597486010137997,measured_min_over_explicit_pairs,0.04007352127623187,25,collision_hand_left_pinky_floor_semantic_25,floor,186,823.6391566991806,71,0,0.0,source endpoint interval; AA solve data only; object and floor separated
8,0.26666666666666666,RR,right,palm,tool,0.7396733559668064,-0.22264854703098536,0.7587374999456046,0.7396733559668064,-0.22264854703098536,0.7587374999456046,0.746620700089691,-0.2527927354536887,0.7567670373540271,-0.07662196493356131,-0.25782807486069687,0.007412918979419674,0.0,0.1797778340393964,0.1797778340393964,0.006947344122884558,-0.030144188422703333,-0.0019704625915775154,0.03099710323320595,-0.0009623620197751759,0.0007478193007345868,0.0182741852182996,0.018314781455326636,0.034143489859981606,0.21044015819271486,measured_min_over_explicit_pairs,0.0,130,collision_hand_right_palm_0,right_object_21,2,0,0.9444745324213625,-0.1882176936499123,0.9318090196005249,0.9249786143033175,-0.04429710417845279,0.9319676828409081,measured_min_over_explicit_pairs,0.004043779470885189,0,collision_hand_right_palm_floor_semantic_00,floor,0,0.0,,0,0.0,not_applicable_static_combination
8,0.26666666666666666,AR,right,palm,tool,0.7396733559668064,-0.22264854703098536,0.7587374999456046,0.7396733559668064,-0.22264854703098536,0.7587374999456046,0.7456583380699158,-0.2520449161529541,0.7750412225723267,-0.07732194243936238,-0.2562528735030626,0.025646404436968816,0.0,0.1797778340393964,0.1797778340393964,0.006947344122884558,-0.030144188422703333,-0.0019704625915775154,0.03099710323320595,-0.0009623620197751759,0.0007478193007345868,0.0182741852182996,0.018314781455326636,0.034143489859981606,0.20924712770090878,measured_min_over_explicit_pairs,0.10874779588088809,118,collision_hand_right_palm_0,right_object_9,2,0,0.7368772278860843,-0.15172383030734637,0.7625262554962942,0.7277177250026345,-0.04348448272709179,0.7676672915086374,measured_min_over_explicit_pairs,0.022979451964727615,0,collision_hand_right_palm_floor_semantic_00,floor,0,0.0,,0,0.0,not_applicable_static_combination
8,0.26666666666666666,RA,right,palm,tool,0.7396733559668064,-0.22264854703098536,0.7587374999456046,0.7396733559668064,-0.22264854703098536,0.7587374999456046,0.746620700089691,-0.2527927354536887,0.7567670373540271,-0.07638058005535488,-0.2584275552137357,0.004744946123443031,0.0,0.1803583856094945,0.1803583856094945,0.006947344122884558,-0.030144188422703333,-0.0019704625915775154,0.03099710323320595,-0.0009623620197751759,0.0007478193007345868,0.0182741852182996,0.018314781455326636,0.034143489859981606,0.21102531105402775,measured_min_over_explicit_pairs,0.11101403688481676,118,collision_hand_right_palm_0,right_object_9,2,0,0.7359620102708455,-0.15344896339235853,0.7618260953301559,0.7272635531162941,-0.04288723421587135,0.7667816245752511,measured_min_over_explicit_pairs,0.004043779470885189,0,collision_hand_right_palm_floor_semantic_00,floor,0,0.0,,0,0.0,not_applicable_static_combination
8,0.26666666666666666,AA,right,palm,tool,0.7396733559668064,-0.22264854703098536,0.7587374999456046,0.7396733559668064,-0.22264854703098536,0.7587374999456046,0.7456583380699158,-0.2520449161529541,0.7750412225723267,-0.0770235862965528,-0.25719179908323125,0.023006673027437564,0.0,0.1803583856094945,0.1803583856094945,0.006947344122884558,-0.030144188422703333,-0.0019704625915775154,0.03099710323320595,-0.0009623620197751759,0.0007478193007345868,0.0182741852182996,0.018314781455326636,0.034143489859981606,0.20999181751891596,measured_min_over_explicit_pairs,0.10933420709484688,118,collision_hand_right_palm_0,right_object_9,2,0,0.7370641664874746,-0.15160443739762347,0.7603456160359323,0.7278552719344131,-0.04278142035815367,0.7655143745519328,measured_min_over_explicit_pairs,0.022979451964727615,0,collision_hand_right_palm_floor_semantic_00,floor,0,0.0,,0,0.0,source endpoint interval; AA solve data only; object and floor separated
8,0.26666666666666666,RR,right,thumb,tool,0.6589856393635273,-0.1362626412883401,0.7246762468747733,0.6589856393635273,-0.1362626412883401,0.7246762468747733,0.6602864247614898,-0.14080562327727747,0.7159177204443627,-0.115287861184974,-0.12310224487415727,-0.0375012912836691,0.0,0.11135746759429416,0.11135746759429416,0.0013007853979625228,-0.004542981988937378,-0.00875852643041053,0.009952010512231272,-0.0011043087332306412,0.0007532955198856495,0.019015436456574775,0.019062365423855514,0.010936385595722499,0.1174309761423775,measured_min_over_explicit_pairs,0.1336812199205846,264,collision_hand_right_thumb_external_semantic_rota1,right_object_3,25,0,0.6681656490455713,-0.16413493313725397,0.7249418411276659,0.7055510057368082,-0.03962223512199647,0.7560801085407058,measured_min_over_explicit_pairs,-0.019092241326538306,3,collision_hand_right_thumb_floor_semantic_03,floor,0,0.0,,0,0.0,not_applicable_static_combination
8,0.26666666666666666,AR,right,thumb,tool,0.6589856393635273,-0.1362626412883401,0.7246762468747733,0.6589856393635273,-0.1362626412883401,0.7246762468747733,0.6591821160282592,-0.14005232775739182,0.7349331569009375,-0.11612104368588944,-0.12144824484706133,-0.018529104631015245,0.0,0.11135746759429416,0.11135746759429416,0.0013007853979625228,-0.004542981988937378,-0.00875852643041053,0.009952010512231272,-0.0011043087332306412,0.0007532955198856495,0.019015436456574775,0.019062365423855514,0.010936385595722499,0.11226447652445912,measured_min_over_explicit_pairs,0.1298061516321001,284,collision_hand_right_thumb_external_semantic_rota1,right_object_23,26,0,0.6668813424708906,-0.16307473510600917,0.7420560580411872,0.7050956193009732,-0.040475953723649025,0.760999258706593,measured_min_over_explicit_pairs,-4.235591802137506e-05,3,collision_hand_right_thumb_floor_semantic_03,floor,0,0.0,,0,0.0,not_applicable_static_combination
8,0.26666666666666666,RA,right,thumb,tool,0.6589856393635273,-0.1362626412883401,0.7246762468747733,0.6589856393635273,-0.1362626412883401,0.7246762468747733,0.6602864247614898,-0.14080562327727747,0.7159177204443627,-0.11522615931510487,-0.1229034194849759,-0.03753527016019386,0.0,0.11125849544556918,0.11125849544556918,0.0013007853979625228,-0.004542981988937378,-0.00875852643041053,0.009952010512231272,-0.0011043087332306412,0.0007532955198856495,0.019015436456574775,0.019062365423855514,0.010936385595722499,0.11726091016700395,measured_min_over_explicit_pairs,0.1337079073372599,264,collision_hand_right_thumb_external_semantic_rota1,right_object_3,25,0,0.6681061353127878,-0.1640769216334918,0.7247781126562036,0.7052127635281275,-0.03920687490116507,0.7549173571069919,measured_min_over_explicit_pairs,-0.019092241326538306,3,collision_hand_right_thumb_floor_semantic_03,floor,0,0.0,,0,0.0,not_applicable_static_combination
8,0.26666666666666666,AA,right,thumb,tool,0.6589856393635273,-0.1362626412883401,0.7246762468747733,0.6589856393635273,-0.1362626412883401,0.7246762468747733,0.6591821160282592,-0.14005232775739182,0.7349331569009375,-0.11600006620026433,-0.12160265541605639,-0.018533089850484318,0.0,0.11125849544556918,0.11125849544556918,0.0013007853979625228,-0.004542981988937378,-0.00875852643041053,0.009952010512231272,-0.0011043087332306412,0.0007532955198856495,0.019015436456574775,0.019062365423855514,0.010936385595722499,0.11229289271564771,measured_min_over_explicit_pairs,0.12999525686444607,284,collision_hand_right_thumb_external_semantic_rota1,right_object_23,26,0,0.666838804599508,-0.16302963503261528,0.7418410648992071,0.7049687948937862,-0.03998696259798262,0.7593159442279822,measured_min_over_explicit_pairs,-4.235591802137506e-05,3,collision_hand_right_thumb_floor_semantic_03,floor,0,0.0,,30,272.13876509666443,source endpoint interval; AA solve data only; object and floor separated
8,0.26666666666666666,RR,right,index,tool,0.6812480486929416,-0.07780356798321009,0.7236255958013175,0.6812480486929416,-0.07780356798321009,0.7236255958013175,0.6849592354971251,-0.08012705475618366,0.7254315390529354,-0.06998507656113317,-0.07557322279258538,-0.029146725036536553,0.0,0.05304058250830782,0.05304058250830782,0.003711186804183475,-0.0023234867729735736,0.0018059432516179807,0.004736341341984679,-0.0016221102692131062,0.0023154358394332497,0.02129404285701364,0.021480892580345728,0.02319425928555315,0.05288789289673509,measured_min_over_explicit_pairs,0.05243757398489764,389,collision_hand_right_index_1,right_object_3,1,0,0.6970608214748301,-0.09015893182485935,0.743867582795661,0.709321139278561,-0.0406195007927681,0.7559186634853671,measured_min_over_explicit_pairs,-0.0031414750909906086,6,collision_hand_right_index_floor_semantic_06,floor,0,0.0,,0,0.0,not_applicable_static_combination
8,0.26666666666666666,AR,right,index,tool,0.6812480486929416,-0.07780356798321009,0.7236255958013175,0.6812480486929416,-0.07780356798321009,0.7236255958013175,0.683337125227912,-0.07781161891675041,0.7467255819099491,-0.07073248549496228,-0.07221147678657455,-0.007943687760592929,0.0,0.05304058250830782,0.05304058250830782,0.003711186804183475,-0.0023234867729735736,0.0018059432516179807,0.004736341341984679,-0.0016221102692131062,0.0023154358394332497,0.02129404285701364,0.021480892580345728,0.02319425928555315,0.04454801401254489,measured_min_over_explicit_pairs,0.048265760183447776,409,collision_hand_right_index_1,right_object_23,1,0,0.6956140376253857,-0.08833213131364985,0.7622958221832989,0.708016126762725,-0.041814004032716574,0.7657361165588542,measured_min_over_explicit_pairs,0.01852271536740513,6,collision_hand_right_index_floor_semantic_06,floor,0,0.0,,0,0.0,not_applicable_static_combination
8,0.26666666666666666,RA,right,index,tool,0.6812480486929416,-0.07780356798321009,0.7236255958013175,0.6812480486929416,-0.07780356798321009,0.7236255958013175,0.6849592354971251,-0.08012705475618366,0.7254315390529354,-0.06991085415583341,-0.07552233480976954,-0.028441044233518616,0.0,0.052612724027875264,0.052612724027875264,0.003711186804183475,-0.0023234867729735736,0.0018059432516179807,0.004736341341984679,-0.0016221102692131062,0.0023154358394332497,0.02129404285701364,0.021480892580345728,0.02319425928555315,0.052519456167046646,measured_min_over_explicit_pairs,0.052504585850813176,389,collision_hand_right_index_1,right_object_3,1,0,0.6969912197231558,-0.09009504455916911,0.7436668417645844,0.708962671166754,-0.040212774100321834,0.7548550042396914,measured_min_over_explicit_pairs,-0.0031414750909906086,6,collision_hand_right_index_floor_semantic_06,floor,0,0.0,,0,0.0,not_applicable_static_combination
8,0.26666666666666666,AA,right,index,tool,0.6812480486929416,-0.07780356798321009,0.7236255958013175,0.6812480486929416,-0.07780356798321009,0.7236255958013175,0.683337125227912,-0.07781161891675041,0.7467255819099491,-0.07059245023073614,-0.07255555850117777,-0.007176933361586818,0.0,0.052612724027875264,0.052612724027875264,0.003711186804183475,-0.0023234867729735736,0.0018059432516179807,0.004736341341984679,-0.0016221102692131062,0.0023154358394332497,0.02129404285701364,0.021480892580345728,0.02319425928555315,0.04453419094162172,measured_min_over_explicit_pairs,0.048636933820974865,409,collision_hand_right_index_1,right_object_23,1,0,0.6955402665623395,-0.08830008791332239,0.762102962233855,0.7077387304604368,-0.041294352256763624,0.7647880367986339,measured_min_over_explicit_pairs,0.01852271536740513,6,collision_hand_right_index_floor_semantic_06,floor,0,0.0,,0,0.0,source endpoint interval; AA solve data only; object and floor separated
8,0.26666666666666666,RR,right,middle,tool,0.7113054044544697,-0.05993292201310396,0.7220508410863516,0.7113054044544697,-0.05993292201310396,0.7220508410863516,0.7124693480916816,-0.07077282979355481,0.7265081340155536,-0.04097052476601614,-0.07700974333113698,-0.02789809811028141,0.0,0.03201612540476046,0.03201612540476046,0.0011639436372119505,-0.010839907780450853,0.004457292929201939,0.011778192804331176,-0.001073164933174553,0.0012358737051173102,0.019585145625464873,0.019653421991079868,0.02588985444045995,0.03827693305601762,measured_min_over_explicit_pairs,0.023277684944816912,591,collision_hand_right_middle_0,right_object_3,0,0,0.7141328301222272,-0.05788330483096239,0.7339972799668146,0.7166326556896471,-0.037877016839986954,0.7456312788212405,measured_min_over_explicit_pairs,-0.001125901389098516,8,collision_hand_right_middle_floor_semantic_08,floor,0,0.0,,0,0.0,not_applicable_static_combination
8,0.26666666666666666,AR,right,middle,tool,0.7113054044544697,-0.05993292201310396,0.7220508410863516,0.7113054044544697,-0.05993292201310396,0.7220508410863516,0.7113961831585071,-0.0695369560884375,0.7460932796410185,-0.04159902784648007,-0.07490259669166338,-0.008368072178986179,0.0,0.03201612540476046,0.03201612540476046,0.0011639436372119505,-0.010839907780450853,0.004457292929201939,0.011778192804331176,-0.001073164933174553,0.0012358737051173102,0.019585145625464873,0.019653421991079868,0.02588985444045995,0.029715029041247076,measured_min_over_explicit_pairs,0.014892106849358487,591,collision_hand_right_middle_0,right_object_3,0,0,0.713173289191261,-0.055700512200706064,0.7512327873115235,0.7149892087101245,-0.041419787686488074,0.7550456851678441,measured_min_over_explicit_pairs,0.018582155064195693,8,collision_hand_right_middle_floor_semantic_08,floor,0,0.0,,0,0.0,not_applicable_static_combination
8,0.26666666666666666,RA,right,middle,tool,0.7113054044544697,-0.05993292201310396,0.7220508410863516,0.7113054044544697,-0.05993292201310396,0.7220508410863516,0.7124693480916816,-0.07077282979355481,0.7265081340155536,-0.040892105590291314,-0.07697184135677576,-0.027310540456340255,0.0,0.03143604833458418,0.03143604833458418,0.0011639436372119505,-0.010839907780450853,0.004457292929201939,0.011778192804331176,-0.001073164933174553,0.0012358737051173102,0.019585145625464873,0.019653421991079868,0.02588985444045995,0.03793634148374463,measured_min_over_explicit_pairs,0.022939576962282326,591,collision_hand_right_middle_0,right_object_3,0,0,0.7140722416762074,-0.05772100160791876,0.7337205308909208,0.716396769987232,-0.03763298788609069,0.7445506954349786,measured_min_over_explicit_pairs,-0.001125901389098516,8,collision_hand_right_middle_floor_semantic_08,floor,0,0.0,,0,0.0,not_applicable_static_combination
8,0.26666666666666666,AA,right,middle,tool,0.7113054044544697,-0.05993292201310396,0.7220508410863516,0.7113054044544697,-0.05993292201310396,0.7220508410863516,0.7113961831585071,-0.0695369560884375,0.7460932796410185,-0.0414597067400038,-0.07522830799415985,-0.007742839612660326,0.0,0.03143604833458418,0.03143604833458418,0.0011639436372119505,-0.010839907780450853,0.004457292929201939,0.011778192804331176,-0.001073164933174553,0.0012358737051173102,0.019585145625464873,0.019653421991079868,0.02588985444045995,0.029766605075641567,measured_min_over_explicit_pairs,0.014984630879541236,591,collision_hand_right_middle_0,right_object_3,0,0,0.7130869382514471,-0.05564200867001984,0.7510458457859622,0.7147847463055754,-0.04118489323696811,0.7546023080397835,measured_min_over_explicit_pairs,0.018582155064195693,8,collision_hand_right_middle_floor_semantic_08,floor,0,0.0,,0,0.0,source endpoint interval; AA solve data only; object and floor separated
8,0.26666666666666666,RR,right,ring,tool,0.7341193951666355,-0.06524412427097559,0.725134606593096,0.7341193951666355,-0.06524412427097559,0.725134606593096,0.7338677199485879,-0.06875529976831223,0.7263604090258527,-0.020340372686899536,-0.08304011752557244,-0.027779859075337452,0.0,0.03452953254458542,0.03452953254458542,-0.00025167521804758675,-0.0035111754973366355,0.0012258024327567174,0.0037275039091366163,-0.0013882846123962622,0.0009169297516822966,0.019014727710401358,0.019087377091555606,0.02047189878126613,0.036801262390427796,measured_min_over_explicit_pairs,0.022012725276830084,744,collision_hand_right_ring_0,right_object_3,0,0,0.7332715891828604,-0.05616965514048396,0.7342225702323644,0.7302946589549261,-0.03736367429868048,0.7452694270300659,measured_min_over_explicit_pairs,-0.0007509662488993651,10,collision_hand_right_ring_floor_semantic_10,floor,0,0.0,,0,0.0,not_applicable_static_combination
8,0.26666666666666666,AR,right,ring,tool,0.7341193951666355,-0.06524412427097559,0.725134606593096,0.7341193951666355,-0.06524412427097559,0.725134606593096,0.7324794353361916,-0.06783837001662993,0.7453751367362541,-0.02137697452324233,-0.08112929380844852,-0.008816679658630741,0.0,0.03452953254458542,0.03452953254458542,-0.00025167521804758675,-0.0035111754973366355,0.0012258024327567174,0.0037275039091366163,-0.0013882846123962622,0.0009169297516822966,0.019014727710401358,0.019087377091555606,0.02047189878126613,0.028216379123971996,measured_min_over_explicit_pairs,0.013689590748127976,744,collision_hand_right_ring_0,right_object_3,0,0,0.7318326218333179,-0.05429889211791339,0.7509667079009797,0.7299729125971496,-0.04124143626695032,0.7546340261457318,measured_min_over_explicit_pairs,0.018352821068786884,10,collision_hand_right_ring_floor_semantic_10,floor,0,0.0,,0,0.0,not_applicable_static_combination
8,0.26666666666666666,RA,right,ring,tool,0.7341193951666355,-0.06524412427097559,0.725134606593096,0.7341193951666355,-0.06524412427097559,0.725134606593096,0.7338677199485879,-0.06875529976831223,0.7263604090258527,-0.020259963647936426,-0.08299627811195452,-0.027369267410530466,0.0,0.03421815020512123,0.03421815020512123,-0.00025167521804758675,-0.0035111754973366355,0.0012258024327567174,0.0037275039091366163,-0.0013882846123962622,0.0009169297516822966,0.019014727710401358,0.019087377091555606,0.02047189878126613,0.036549190557412126,measured_min_over_explicit_pairs,0.02177957087325183,744,collision_hand_right_ring_0,right_object_3,0,0,0.7332632670329948,-0.05603850366156976,0.7339899452502859,0.7302997425720708,-0.03714606973171097,0.7444131487117188,measured_min_over_explicit_pairs,-0.0007509662488993651,10,collision_hand_right_ring_floor_semantic_10,floor,0,0.0,,0,0.0,not_applicable_static_combination
8,0.26666666666666666,AA,right,ring,tool,0.7341193951666355,-0.06524412427097559,0.725134606593096,0.7341193951666355,-0.06524412427097559,0.725134606593096,0.7324794353361916,-0.06783837001662993,0.7453751367362541,-0.021237390495299435,-0.08143863725104857,-0.008370679148721857,0.0,0.03421815020512123,0.03421815020512123,-0.00025167521804758675,-0.0035111754973366355,0.0012258024327567174,0.0037275039091366163,-0.0013882846123962622,0.0009169297516822966,0.019014727710401358,0.019087377091555606,0.02047189878126613,0.028361559688503665,measured_min_over_explicit_pairs,0.01387930575598186,744,collision_hand_right_ring_0,right_object_3,0,0,0.7316833516885844,-0.054261681658391715,0.7507449275301361,0.729590693370966,-0.04097162560562509,0.7541552529615363,measured_min_over_explicit_pairs,0.018352821068786884,10,collision_hand_right_ring_floor_semantic_10,floor,0,0.0,,0,0.0,source endpoint interval; AA solve data only; object and floor separated
8,0.26666666666666666,RR,right,pinky,tool,0.7608090735971927,-0.08912573847919703,0.7238670542173026,0.7608090735971927,-0.08912573847919703,0.7238670542173026,0.7549675252317893,-0.06780844027100426,0.725215924750128,-0.0003787619014479868,-0.08998346374492515,-0.028635550773546403,0.0,0.06152010586341471,0.06152010586341471,-0.005841548365403404,0.021317298208192767,0.001348870532825397,0.022144307212389608,-0.0022662115641185476,0.00024747300833298513,0.01682885827184666,0.016982562482649656,0.029346293687484006,0.041248025963515844,measured_min_over_explicit_pairs,0.026987077232424612,914,collision_hand_right_pinky_0,right_object_21,0,0,0.7524011666028905,-0.056070686849924764,0.7332876021427165,0.7429822139474141,-0.03448849594320193,0.7464707240828533,measured_min_over_explicit_pairs,-0.0014819540511050722,12,collision_hand_right_pinky_floor_semantic_12,floor,0,0.0,,0,0.0,not_applicable_static_combination
8,0.26666666666666666,AR,right,pinky,tool,0.7608090735971927,-0.08912573847919703,0.7238670542173026,0.7608090735971927,-0.08912573847919703,0.7238670542173026,0.7527013136676708,-0.06756096726267127,0.7420447830219746,-0.0024686944270849577,-0.08843320160271918,-0.011853527718925503,0.0,0.06152010586341471,0.06152010586341471,-0.005841548365403404,0.021317298208192767,0.001348870532825397,0.022144307212389608,-0.0022662115641185476,0.00024747300833298513,0.01682885827184666,0.016982562482649656,0.029346293687484006,0.03357062990700239,measured_min_over_explicit_pairs,0.019489242902038677,919,collision_hand_right_pinky_0,right_object_26,0,0,0.7500338340115789,-0.054818745033887284,0.7480754838618978,0.7432652622806261,-0.03745137337713998,0.7537668305701929,measured_min_over_explicit_pairs,0.015281819350316805,12,collision_hand_right_pinky_floor_semantic_12,floor,0,0.0,,0,0.0,not_applicable_static_combination
8,0.26666666666666666,RA,right,pinky,tool,0.7608090735971927,-0.08912573847919703,0.7238670542173026,0.7608090735971927,-0.08912573847919703,0.7238670542173026,0.7549675252317893,-0.06780844027100426,0.725215924750128,-0.0002991660642631512,-0.08991565508503097,-0.02841662230841449,0.0,0.06150883008808732,0.06150883008808732,-0.005841548365403404,0.021317298208192767,0.001348870532825397,0.022144307212389608,-0.0022662115641185476,0.00024747300833298513,0.01682885827184666,0.016982562482649656,0.029346293687484006,0.041084793446625224,measured_min_over_explicit_pairs,0.02685575762955799,914,collision_hand_right_pinky_0,right_object_21,0,0,0.7523203490366155,-0.05597994371458119,0.7330751739021211,0.7427301874768436,-0.034259074571785744,0.7456236543996392,measured_min_over_explicit_pairs,-0.0014819540511050722,12,collision_hand_right_pinky_floor_semantic_12,floor,0,0.0,,0,0.0,not_applicable_static_combination
8,0.26666666666666666,AA,right,pinky,tool,0.7608090735971927,-0.08912573847919703,0.7238670542173026,0.7608090735971927,-0.08912573847919703,0.7238670542173026,0.7527013136676708,-0.06756096726267127,0.7420447830219746,-0.002336683914282083,-0.08867833131009614,-0.011602194593980226,0.0,0.06150883008808732,0.06150883008808732,-0.005841548365403404,0.021317298208192767,0.001348870532825397,0.022144307212389608,-0.0022662115641185476,0.00024747300833298513,0.01682885827184666,0.016982562482649656,0.029346293687484006,0.033732459498752115,measured_min_over_explicit_pairs,0.019699268311430637,919,collision_hand_right_pinky_0,right_object_26,0,0,0.750038159085805,-0.05473631786739085,0.7478164420779694,0.7432051660660917,-0.037019411614457695,0.75305882810182,measured_min_over_explicit_pairs,0.015281819350316805,12,collision_hand_right_pinky_floor_semantic_12,floor,0,0.0,,0,0.0,source endpoint interval; AA solve data only; object and floor separated
8,0.26666666666666666,RR,left,palm,target,0.4778847940266132,-0.286267370916903,0.7624956324033377,0.4778847940266132,-0.286267370916903,0.7624956324033377,0.48819900530031435,-0.32026296549965944,0.751498158165789,-0.18551434082112764,-0.2425113888035328,0.01223838180837484,0.0,0.12299459739673753,0.12299459739673753,0.010314211273701135,-0.03399559458275642,-0.01099747423754871,0.037189082333921986,-0.011027256423742693,0.0035367875688275263,0.04174525003733598,0.04332176302069996,0.043285945464223666,0.15813978306792428,measured_min_over_explicit_pairs,0.049350837653209315,1244,collision_hand_left_palm_0,left_object_7,17,0,0.4413406857456701,-0.22184809838821784,0.7602766905881746,0.4232131623950784,-0.1761281932643255,0.7562038108073001,measured_min_over_explicit_pairs,-0.0013416695121941657,13,collision_hand_left_palm_floor_semantic_13,floor,0,0.0,,0,0.0,not_applicable_static_combination
8,0.26666666666666666,AR,left,palm,target,0.4778847940266132,-0.286267370916903,0.7624956324033377,0.4778847940266132,-0.286267370916903,0.7624956324033377,0.47717174887657166,-0.3167261779308319,0.793243408203125,-0.19242529177128867,-0.23205506703361062,0.053707397268474774,0.0,0.12299459739673753,0.12299459739673753,0.010314211273701135,-0.03399559458275642,-0.01099747423754871,0.037189082333921986,-0.011027256423742693,0.0035367875688275263,0.04174525003733598,0.04332176302069996,0.043285945464223666,0.15507674443146668,measured_min_over_explicit_pairs,0.0469998608517945,1244,collision_hand_left_palm_0,left_object_7,17,0,0.45328743620411316,-0.2126822926977236,0.765307596889634,0.42974885778868915,-0.17291292666826472,0.7567449003585229,measured_min_over_explicit_pairs,0.04115010330977498,13,collision_hand_left_palm_floor_semantic_13,floor,0,0.0,,0,0.0,not_applicable_static_combination
8,0.26666666666666666,RA,left,palm,target,0.4778847940266132,-0.286267370916903,0.7624956324033377,0.4778847940266132,-0.286267370916903,0.7624956324033377,0.48819900530031435,-0.32026296549965944,0.751498158165789,-0.17596669928483738,-0.2460688055899287,-0.0009492312731559462,0.0,0.12451689132015804,0.12451689132015804,0.010314211273701135,-0.03399559458275642,-0.01099747423754871,0.037189082333921986,-0.011027256423742693,0.0035367875688275263,0.04174525003733598,0.04332176302069996,0.043285945464223666,0.15982520339065898,measured_min_over_explicit_pairs,0.05055302553754652,1244,collision_hand_left_palm_0,left_object_7,17,0,0.43907909256551136,-0.22240824868816678,0.7640546230197504,0.4206008019064847,-0.175533353292042,0.7599430117877977,measured_min_over_explicit_pairs,-0.0013416695121941657,13,collision_hand_left_palm_floor_semantic_13,floor,0,0.0,,0,0.0,not_applicable_static_combination
8,0.26666666666666666,AA,left,palm,target,0.4778847940266132,-0.286267370916903,0.7624956324033377,0.4778847940266132,-0.286267370916903,0.7624956324033377,0.47717174887657166,-0.3167261779308319,0.793243408203125,-0.18228903606112842,-0.23851098228455297,0.041237052229821235,0.0,0.12451689132015804,0.12451689132015804,0.010314211273701135,-0.03399559458275642,-0.01099747423754871,0.037189082333921986,-0.011027256423742693,0.0035367875688275263,0.04174525003733598,0.04332176302069996,0.043285945464223666,0.15565012972450382,measured_min_over_explicit_pairs,0.0483751495942715,1244,collision_hand_left_palm_0,left_object_7,17,0,0.450907724085287,-0.21320562467105042,0.7697337606812629,0.42519547367156624,-0.17325289431972316,0.7606335071460917,measured_min_over_explicit_pairs,0.04115010330977498,13,collision_hand_left_palm_floor_semantic_13,floor,0,0.0,,0,0.0,source endpoint interval; AA solve data only; object and floor separated
8,0.26666666666666666,RR,left,thumb,target,0.5411600157618522,-0.1867714086547494,0.7415451362065909,0.5411600157618522,-0.1867714086547494,0.7415451362065909,0.5442103395875157,-0.1939060672791491,0.7400619659864907,-0.061886390256848466,-0.18056851360774626,0.0015926390039370728,0.0,0.08307694419185767,0.08307694419185767,0.0030503238256635035,-0.0071346586243997145,-0.0014831702201002495,0.007899849557423476,-0.005355739920339331,0.0017931070425623585,0.03709767638848738,0.03752514858578626,0.036086564900099656,0.09067661843037059,measured_min_over_explicit_pairs,0.08478286681922298,1439,collision_hand_left_thumb_0,left_object_6,53,0,0.5462432548528743,-0.1854735191454738,0.7427377384381909,0.4921582446455627,-0.12106197561381926,0.7534194628697082,measured_min_over_explicit_pairs,0.006246081496492639,16,collision_hand_left_thumb_floor_semantic_16,floor,0,0.0,,0,0.0,not_applicable_static_combination
8,0.26666666666666666,AR,left,thumb,target,0.5411600157618522,-0.1867714086547494,0.7415451362065909,0.5411600157618522,-0.1867714086547494,0.7415451362065909,0.5388545996671764,-0.19211296023658675,0.777159642374978,-0.06545019284685985,-0.17513815806502334,0.03855136363242477,0.0,0.08307694419185767,0.08307694419185767,0.0030503238256635035,-0.0071346586243997145,-0.0014831702201002495,0.007899849557423476,-0.005355739920339331,0.0017931070425623585,0.03709767638848738,0.03752514858578626,0.036086564900099656,0.08749325217241942,measured_min_over_explicit_pairs,0.08221801573019248,1439,collision_hand_left_thumb_0,left_object_6,53,0,0.5408137981669888,-0.18461442559441066,0.7740400213053608,0.48887540911985683,-0.12361464208185259,0.7555675481298494,measured_min_over_explicit_pairs,0.04300142616625491,16,collision_hand_left_thumb_floor_semantic_16,floor,0,0.0,,0,0.0,not_applicable_static_combination
8,0.26666666666666666,RA,left,thumb,target,0.5411600157618522,-0.1867714086547494,0.7415451362065909,0.5411600157618522,-0.1867714086547494,0.7415451362065909,0.5442103395875157,-0.1939060672791491,0.7400619659864907,-0.054742252140730405,-0.179323373743778,-0.010103603473330626,0.0,0.0832330941965718,0.0832330941965718,0.0030503238256635035,-0.0071346586243997145,-0.0014831702201002495,0.007899849557423476,-0.005355739920339331,0.0017931070425623585,0.03709767638848738,0.03752514858578626,0.036086564900099656,0.09062816095547284,measured_min_over_explicit_pairs,0.0842596472328945,1460,collision_hand_left_thumb_0,left_object_27,51,0,0.546796954409056,-0.18491155365162754,0.7399891286247803,0.496156020390348,-0.11774077809530283,0.7351651401622592,measured_min_over_explicit_pairs,0.006246081496492639,16,collision_hand_left_thumb_floor_semantic_16,floor,0,0.0,,0,0.0,not_applicable_static_combination
8,0.26666666666666666,AA,left,thumb,target,0.5411600157618522,-0.1867714086547494,0.7415451362065909,0.5411600157618522,-0.1867714086547494,0.7415451362065909,0.5388545996671764,-0.19211296023658675,0.777159642374978,-0.05765395184567048,-0.17637603509834823,0.027192133228372224,0.0,0.0832330941965718,0.0832330941965718,0.0030503238256635035,-0.0071346586243997145,-0.0014831702201002495,0.007899849557423476,-0.005355739920339331,0.0017931070425623585,0.03709767638848738,0.03752514858578626,0.036086564900099656,0.08667299953111521,measured_min_over_explicit_pairs,0.08108734451492705,1439,collision_hand_left_thumb_0,left_object_6,53,0,0.5411481010840105,-0.18414205655735771,0.7747939436765761,0.4917311568752478,-0.12142760540199576,0.7606510768585566,measured_min_over_explicit_pairs,0.04300142616625491,16,collision_hand_left_thumb_floor_semantic_16,floor,0,0.0,,0,0.0,source endpoint interval; AA solve data only; object and floor separated
8,0.26666666666666666,RR,left,index,target,0.5310547094792127,-0.14648540411144495,0.7300214722089408,0.5310547094792127,-0.14648540411144495,0.7300214722089408,0.5337982004183024,-0.1496291574062502,0.7296090809293517,-0.04168240816699013,-0.13992367814616205,-0.009266304499142172,0.0,0.047105966164489706,0.047105966164489706,0.0027434909390896545,-0.0031437532948052627,-0.00041239127958903055,0.004192850328708033,-0.011206656901453504,0.009689755764967889,0.045637646937934595,0.047982031467239845,0.046473638504087526,0.05127422381253018,measured_min_over_explicit_pairs,0.036317520135881166,1591,collision_hand_left_index_0,left_object_27,32,0,0.5271403128077705,-0.13688303221728243,0.7296579875122741,0.5042888584900016,-0.10867023710210535,0.7287571566890362,measured_min_over_explicit_pairs,-0.0013618640760207912,19,collision_hand_left_index_floor_semantic_19,floor,0,0.0,,0,0.0,not_applicable_static_combination
8,0.26666666666666666,AR,left,index,target,0.5310547094792127,-0.14648540411144495,0.7300214722089408,0.5310547094792127,-0.14648540411144495,0.7300214722089408,0.5225915435168489,-0.13993940164128232,0.7752467278672863,-0.044887194723628565,-0.12452972744517754,0.036066144901538165,0.0,0.047105966164489706,0.047105966164489706,0.0027434909390896545,-0.0031437532948052627,-0.00041239127958903055,0.004192850328708033,-0.011206656901453504,0.009689755764967889,0.045637646937934595,0.047982031467239845,0.046473638504087526,0.0397504036457265,measured_min_over_explicit_pairs,0.026667577868011008,1570,collision_hand_left_index_0,left_object_6,28,0,0.5164444478460566,-0.12889228947313258,0.7710433940743198,0.5020397618720995,-0.11209483557510366,0.7561601728543785,measured_min_over_explicit_pairs,0.04582248449827686,19,collision_hand_left_index_floor_semantic_19,floor,0,0.0,,0,0.0,not_applicable_static_combination
8,0.26666666666666666,RA,left,index,target,0.5310547094792127,-0.14648540411144495,0.7300214722089408,0.5310547094792127,-0.14648540411144495,0.7300214722089408,0.5337982004183024,-0.1496291574062502,0.7296090809293517,-0.03615315887574049,-0.1373949566044077,-0.018739206739003676,0.0,0.04457843578751466,0.04457843578751466,0.0027434909390896545,-0.0031437532948052627,-0.00041239127958903055,0.004192850328708033,-0.011206656901453504,0.009689755764967889,0.045637646937934595,0.047982031467239845,0.046473638504087526,0.0487345657562129,measured_min_over_explicit_pairs,0.03378996337201011,1591,collision_hand_left_index_0,left_object_27,28,0,0.5274026785597149,-0.13667767071007803,0.7301541158241309,0.5070281286278722,-0.10973445954811019,0.7309923950367108,measured_min_over_explicit_pairs,-0.0013618640760207912,19,collision_hand_left_index_floor_semantic_19,floor,0,0.0,,0,0.0,not_applicable_static_combination
8,0.26666666666666666,AA,left,index,target,0.5310547094792127,-0.14648540411144495,0.7300214722089408,0.5310547094792127,-0.14648540411144495,0.7300214722089408,0.5225915435168489,-0.13993940164128232,0.7752467278672863,-0.038850105491159644,-0.1250289963472899,0.027543455777279426,0.0,0.04457843578751466,0.04457843578751466,0.0027434909390896545,-0.0031437532948052627,-0.00041239127958903055,0.004192850328708033,-0.011206656901453504,0.009689755764967889,0.045637646937934595,0.047982031467239845,0.046473638504087526,0.03681191981464614,measured_min_over_explicit_pairs,0.023157316321586886,1570,collision_hand_left_index_0,left_object_6,26,0,0.516289569704331,-0.12809061529827745,0.7722990564135391,0.503422320801191,-0.11164775322162412,0.7622826952174346,measured_min_over_explicit_pairs,0.04582248449827686,19,collision_hand_left_index_floor_semantic_19,floor,0,0.0,,0,0.0,source endpoint interval; AA solve data only; object and floor separated
8,0.26666666666666666,RR,left,middle,target,0.5133883863687515,-0.1385284075513482,0.7259376599721549,0.5133883863687515,-0.1385284075513482,0.7259376599721549,0.5136271424148269,-0.1442875898834989,0.73101181893309,-0.05390294791016069,-0.12297728671843346,-0.008344445263351676,0.0,0.02970921659681467,0.02970921659681467,0.00023875604607537237,-0.005759182332150697,0.0050741589609351045,0.007679340775439797,-0.011203277349508656,0.008802373247199818,0.04500721543917652,0.047208522956575134,0.051357821217055497,0.03433871933115511,measured_min_over_explicit_pairs,0.019803139242085085,1753,collision_hand_left_middle_0,left_object_27,27,0,0.5073867579217001,-0.13155981096763908,0.7305795755510507,0.4949399492324986,-0.11623315137976449,0.7290515758215876,measured_min_over_explicit_pairs,8.009610038872683e-05,21,collision_hand_left_middle_floor_semantic_21,floor,0,0.0,,0,0.0,not_applicable_static_combination
8,0.26666666666666666,AR,left,middle,target,0.5133883863687515,-0.1385284075513482,0.7259376599721549,0.5133883863687515,-0.1385284075513482,0.7259376599721549,0.5024238650653182,-0.1354852166362991,0.7760190343722665,-0.05765857424403819,-0.1082823814937581,0.0363612553912581,0.0,0.02970921659681467,0.02970921659681467,0.00023875604607537237,-0.005759182332150697,0.0050741589609351045,0.007679340775439797,-0.011203277349508656,0.008802373247199818,0.04500721543917652,0.047208522956575134,0.051357821217055497,0.026937889627989,measured_min_over_explicit_pairs,0.014324488602629451,1764,collision_hand_left_middle_external_semantic_link2,left_object_6,25,0,0.5037017400379469,-0.12086884363883701,0.7684066181894514,0.4981858937939442,-0.1145431586256411,0.7567983399771923,measured_min_over_explicit_pairs,0.04650209602369737,21,collision_hand_left_middle_floor_semantic_21,floor,0,0.0,,0,0.0,not_applicable_static_combination
8,0.26666666666666666,RA,left,middle,target,0.5133883863687515,-0.1385284075513482,0.7259376599721549,0.5133883863687515,-0.1385284075513482,0.7259376599721549,0.5136271424148269,-0.1442875898834989,0.73101181893309,-0.04890791658349002,-0.12097542233124535,-0.01648384677751914,0.0,0.02782908985975415,0.02782908985975415,0.00023875604607537237,-0.005759182332150697,0.0050741589609351045,0.007679340775439797,-0.011203277349508656,0.008802373247199818,0.04500721543917652,0.047208522956575134,0.051357821217055497,0.0322634548577166,measured_min_over_explicit_pairs,0.017604183612179115,1753,collision_hand_left_middle_0,left_object_27,25,0,0.507650985727718,-0.13131827934902143,0.7311275227644723,0.49705143161499066,-0.11726830699232973,0.7307338096215862,measured_min_over_explicit_pairs,8.009610038872683e-05,21,collision_hand_left_middle_floor_semantic_21,floor,0,0.0,,0,0.0,not_applicable_static_combination
8,0.26666666666666666,AA,left,middle,target,0.5133883863687515,-0.1385284075513482,0.7259376599721549,0.5133883863687515,-0.1385284075513482,0.7259376599721549,0.5024238650653182,-0.1354852166362991,0.7760190343722665,-0.05214603840083899,-0.1092860191287939,0.029139799061102832,0.0,0.02782908985975415,0.02782908985975415,0.00023875604607537237,-0.005759182332150697,0.0050741589609351045,0.007679340775439797,-0.011203277349508656,0.008802373247199818,0.04500721543917652,0.047208522956575134,0.051357821217055497,0.02305424382719334,measured_min_over_explicit_pairs,0.009398052154168047,1764,collision_hand_left_middle_external_semantic_link2,left_object_6,23,0,0.5034234881638652,-0.11986542422970578,0.7692250176538267,0.4993164537591706,-0.11455413292757158,0.7626488609194573,measured_min_over_explicit_pairs,0.04650209602369737,21,collision_hand_left_middle_floor_semantic_21,floor,0,0.0,,0,0.0,source endpoint interval; AA solve data only; object and floor separated
8,0.26666666666666666,RR,left,ring,target,0.49383114129304884,-0.14146280381828547,0.7290990307263968,0.49383114129304884,-0.14146280381828547,0.7290990307263968,0.4919387561313903,-0.14433270206674292,0.7283571565250733,-0.07065220920861748,-0.10930298331963122,-0.011492625642983065,0.0,0.019591520919406264,0.019591520919406264,-0.0018923851616585163,-0.0028698982484574587,-0.0007418742013235446,0.003516790424115996,-0.013422300663624764,0.010434705514741238,0.050183367004970836,0.052985012581292346,0.05230895832987175,0.020631844092777293,measured_min_over_explicit_pairs,0.010346656921945759,1828,collision_hand_left_ring_1,left_object_6,12,0,0.47207929107760843,-0.15081161203500545,0.7502230220537265,0.4655664698180997,-0.1430305556634006,0.7522457999565241,measured_min_over_explicit_pairs,-0.002466253211799163,23,collision_hand_left_ring_floor_semantic_23,floor,0,0.0,,0,0.0,not_applicable_static_combination
8,0.26666666666666666,AR,left,ring,target,0.49383114129304884,-0.14146280381828547,0.7290990307263968,0.49383114129304884,-0.14146280381828547,0.7290990307263968,0.47851645546776556,-0.13389799655200169,0.7785405235300441,-0.07516554126089324,-0.09184863956622745,0.038330935813055224,0.0,0.019591520919406264,0.019591520919406264,-0.0018923851616585163,-0.0028698982484574587,-0.0007418742013235446,0.003516790424115996,-0.013422300663624764,0.010434705514741238,0.050183367004970836,0.052985012581292346,0.05230895832987175,0.021438367594746748,measured_min_over_explicit_pairs,0.026130454761785552,1828,collision_hand_left_ring_1,left_object_6,14,0,0.46653173640321977,-0.15267082401245533,0.782002922765248,0.460463924719195,-0.1459058183192032,0.7575035957256089,measured_min_over_explicit_pairs,0.049796522035879254,23,collision_hand_left_ring_floor_semantic_23,floor,0,0.0,,0,0.0,not_applicable_static_combination
8,0.26666666666666666,RA,left,ring,target,0.49383114129304884,-0.14146280381828547,0.7290990307263968,0.49383114129304884,-0.14146280381828547,0.7290990307263968,0.4919387561313903,-0.14433270206674292,0.7283571565250733,-0.06617010821053916,-0.10771827387130473,-0.01840741692994437,0.0,0.017890443699516697,0.017890443699516697,-0.0018923851616585163,-0.0028698982484574587,-0.0007418742013235446,0.003516790424115996,-0.013422300663624764,0.010434705514741238,0.050183367004970836,0.052985012581292346,0.05230895832987175,0.019123122742108745,measured_min_over_explicit_pairs,0.012118526992876803,1828,collision_hand_left_ring_1,left_object_6,12,0,0.4723798435042947,-0.15053021750746812,0.7500669584066898,0.46505521946877165,-0.141132477485645,0.7522785328905238,measured_min_over_explicit_pairs,-0.002466253211799163,23,collision_hand_left_ring_floor_semantic_23,floor,0,0.0,,0,0.0,not_applicable_static_combination
8,0.26666666666666666,AA,left,ring,target,0.49383114129304884,-0.14146280381828547,0.7290990307263968,0.49383114129304884,-0.14146280381828547,0.7290990307263968,0.47851645546776556,-0.13389799655200169,0.7785405235300441,-0.07014232854289933,-0.09362769109917198,0.032514960282952594,0.0,0.017890443699516697,0.017890443699516697,-0.0018923851616585163,-0.0028698982484574587,-0.0007418742013235446,0.003516790424115996,-0.013422300663624764,0.010434705514741238,0.050183367004970836,0.052985012581292346,0.05230895832987175,0.016019592736618744,measured_min_over_explicit_pairs,0.021871526880219445,1828,collision_hand_left_ring_1,left_object_6,13,0,0.4662740173419547,-0.1517455017887281,0.7823692280736186,0.4607254551009762,-0.14439658748116344,0.7625306141192563,measured_min_over_explicit_pairs,0.049796522035879254,23,collision_hand_left_ring_floor_semantic_23,floor,67,652.1608020365238,81,0,0.0,source endpoint interval; AA solve data only; object and floor separated
8,0.26666666666666666,RR,left,pinky,target,0.47125000730156896,-0.1622490743175149,0.7333536102704642,0.47125000730156896,-0.1622490743175149,0.7333536102704642,0.46718955803661294,-0.1433056657282539,0.730967862901316,-0.08916648290821746,-0.09276678370458617,-0.009450771234424936,0.0,0.021182906402555525,0.021182906402555525,-0.004060449264956023,0.018943408589260996,-0.0023857473691482056,0.01952003503384066,-0.009310341836065661,0.007364504455908999,0.0434871821899846,0.04507830304936524,0.0505985403721377,0.0040315880343915955,measured_min_over_explicit_pairs,-0.0026445601949478224,1926,collision_hand_left_pinky_1,left_object_6,13,0,0.448714291817756,-0.15315089813011773,0.7510519301014091,0.45034785511647313,-0.1551269619208294,0.7504035926361758,measured_min_over_explicit_pairs,0.001103323155713265,25,collision_hand_left_pinky_floor_semantic_25,floor,0,0.0,,0,0.0,not_applicable_static_combination
8,0.26666666666666666,AR,left,pinky,target,0.47125000730156896,-0.1622490743175149,0.7333536102704642,0.47125000730156896,-0.1622490743175149,0.7333536102704642,0.4578792162005473,-0.1359411612723449,0.7744550450913006,-0.09234846445555299,-0.08041036901256805,0.03378402280002961,0.0,0.021182906402555525,0.021182906402555525,-0.004060449264956023,0.018943408589260996,-0.0023857473691482056,0.01952003503384066,-0.009310341836065661,0.007364504455908999,0.0434871821899846,0.04507830304936524,0.0505985403721377,0.01831154335810823,measured_min_over_explicit_pairs,0.019083915879222105,1926,collision_hand_left_pinky_1,left_object_6,15,0,0.4474252652676715,-0.1599090941729487,0.776772063364355,0.4453171771909756,-0.15775061544990965,0.7579281577302167,measured_min_over_explicit_pairs,0.045739557975738476,25,collision_hand_left_pinky_floor_semantic_25,floor,0,0.0,,0,0.0,not_applicable_static_combination
8,0.26666666666666666,RA,left,pinky,target,0.47125000730156896,-0.1622490743175149,0.7333536102704642,0.47125000730156896,-0.1622490743175149,0.7333536102704642,0.46718955803661294,-0.1433056657282539,0.730967862901316,-0.08517468462933746,-0.09199728438812509,-0.014933231763624853,0.0,0.02081895249537123,0.02081895249537123,-0.004060449264956023,0.018943408589260996,-0.0023857473691482056,0.01952003503384066,-0.009310341836065661,0.007364504455908999,0.0434871821899846,0.04507830304936524,0.0505985403721377,0.00323308719031674,measured_min_over_explicit_pairs,-0.00036216412050619345,1926,collision_hand_left_pinky_1,left_object_6,13,0,0.4488737911120452,-0.15281169373346998,0.7502999671777967,0.44909268867471286,-0.1530925466994905,0.7502338739200647,measured_min_over_explicit_pairs,0.001103323155713265,25,collision_hand_left_pinky_floor_semantic_25,floor,0,0.0,,0,0.0,not_applicable_static_combination
8,0.26666666666666666,AA,left,pinky,target,0.47125000730156896,-0.1622490743175149,0.7333536102704642,0.47125000730156896,-0.1622490743175149,0.7333536102704642,0.4578792162005473,-0.1359411612723449,0.7744550450913006,-0.08779472765881051,-0.0825270121630671,0.02906111701343305,0.0,0.02081895249537123,0.02081895249537123,-0.004060449264956023,0.018943408589260996,-0.0023857473691482056,0.01952003503384066,-0.009310341836065661,0.007364504455908999,0.0434871821899846,0.04507830304936524,0.0505985403721377,0.013114051446887029,measured_min_over_explicit_pairs,0.014688160517175985,1926,collision_hand_left_pinky_1,left_object_6,14,0,0.44764188908647934,-0.15628601839061662,0.7771672065122033,0.44627041052055644,-0.1543213477665611,0.7626757892157303,measured_min_over_explicit_pairs,0.045739557975738476,25,collision_hand_left_pinky_floor_semantic_25,floor,134,667.8738514333963,81,0,0.0,source endpoint interval; AA solve data only; object and floor separated
9,0.3,RR,right,palm,tool,0.7399235762655735,-0.22298637125641108,0.7591623022489188,0.7399235762655735,-0.22298637125641108,0.7591623022489188,0.7462448482818557,-0.25307190422048853,0.757317663706472,-0.07717810591101602,-0.25790211938931745,0.007549733261915082,0.0,0.1801217265145512,0.1801217265145512,0.006321272016282187,-0.030085532964077455,-0.0018446385424467637,0.030797734737943044,-0.0002955203361464376,0.0007973313712148489,0.016796349011728662,0.016817859843285585,0.033431453480398554,0.21066612559687548,measured_min_over_explicit_pairs,0.11060630201178753,118,collision_hand_right_palm_0,right_object_9,2,0,0.7333772789450697,-0.15388066859415794,0.7634214636393424,0.7259804502007723,-0.04362394818829654,0.7681645190463557,measured_min_over_explicit_pairs,0.003495587927044741,0,collision_hand_right_palm_floor_semantic_00,floor,0,0.0,,0,0.0,not_applicable_static_combination
9,0.3,AR,right,palm,tool,0.7399235762655735,-0.22298637125641108,0.7591623022489188,0.7399235762655735,-0.22298637125641108,0.7591623022489188,0.7459493279457092,-0.2522745728492737,0.7741140127182007,-0.07723024663635515,-0.2565944158221033,0.024316593505665382,0.0,0.1801217265145512,0.1801217265145512,0.006321272016282187,-0.030085532964077455,-0.0018446385424467637,0.030797734737943044,-0.0002955203361464376,0.0007973313712148489,0.016796349011728662,0.016817859843285585,0.033431453480398554,0.20950972074028085,measured_min_over_explicit_pairs,0.10907022627144235,118,collision_hand_right_palm_0,right_object_9,2,0,0.7362908058912139,-0.15209860438800574,0.7627937803057365,0.72776026751817,-0.04347748004910861,0.7677933324180267,measured_min_over_explicit_pairs,0.02138409652910178,0,collision_hand_right_palm_floor_semantic_00,floor,0,0.0,,0,0.0,not_applicable_static_combination
9,0.3,RA,right,palm,tool,0.7399235762655735,-0.22298637125641108,0.7591623022489188,0.7399235762655735,-0.22298637125641108,0.7591623022489188,0.7462448482818557,-0.25307190422048853,0.757317663706472,-0.07683367840735505,-0.2585426816765528,0.005296177449254603,0.0,0.18069704759760974,0.18069704759760974,0.006321272016282187,-0.030085532964077455,-0.0018446385424467637,0.030797734737943044,-0.0002955203361464376,0.0007973313712148489,0.016796349011728662,0.016817859843285585,0.033431453480398554,0.2112475276291386,measured_min_over_explicit_pairs,0.11118235588695799,118,collision_hand_right_palm_0,right_object_9,2,0,0.7333653874555532,-0.1537958360357562,0.7614309073050167,0.7259300349401451,-0.04296488242710122,0.7661986652416117,measured_min_over_explicit_pairs,0.003495587927044741,0,collision_hand_right_palm_floor_semantic_00,floor,0,0.0,,0,0.0,not_applicable_static_combination
9,0.3,AA,right,palm,tool,0.7399235762655735,-0.22298637125641108,0.7591623022489188,0.7399235762655735,-0.22298637125641108,0.7591623022489188,0.7459493279457092,-0.2522745728492737,0.7741140127182007,-0.07683666601980516,-0.25752204297103615,0.022083038305751,0.0,0.18069704759760974,0.18069704759760974,0.006321272016282187,-0.030085532964077455,-0.0018446385424467637,0.030797734737943044,-0.0002955203361464376,0.0007973313712148489,0.016796349011728662,0.016817859843285585,0.033431453480398554,0.2102337260704484,measured_min_over_explicit_pairs,0.10965051398682997,118,collision_hand_right_palm_0,right_object_9,2,0,0.7358394767185014,-0.1520862586432707,0.7617554693962734,0.7272635532133941,-0.042887235951723335,0.7667816206894068,measured_min_over_explicit_pairs,0.02138409652910178,0,collision_hand_right_palm_floor_semantic_00,floor,0,0.0,,0,0.0,source endpoint interval; AA solve data only; object and floor separated
9,0.3,RR,right,thumb,tool,0.6594611726701259,-0.13555656466633081,0.7269374682836173,0.6594611726701259,-0.13555656466633081,0.7269374682836173,0.6601597190049765,-0.14032744131556377,0.7182539316099523,-0.11530857622008349,-0.12243857021596775,-0.03538781025205894,0.0,0.10999239241119982,0.10999239241119982,0.0006985463348505583,-0.004770876649232952,-0.008683536673664949,0.009932423679395352,-0.0007823082846232232,0.0002971425505727543,0.016531224606811112,0.016552392182049947,0.009033687992497449,0.116380566146272,measured_min_over_explicit_pairs,0.13284664303757276,264,collision_hand_right_thumb_external_semantic_rota1,right_object_3,25,0,0.6678285375458346,-0.16362509727943936,0.7270575788015174,0.7056006976612722,-0.03963690829396857,0.7561852886096917,measured_min_over_explicit_pairs,-0.01648133644209382,3,collision_hand_right_thumb_floor_semantic_03,floor,0,0.0,,0,0.0,not_applicable_static_combination
9,0.3,AR,right,thumb,tool,0.6594611726701259,-0.13555656466633081,0.7269374682836173,0.6594611726701259,-0.13555656466633081,0.7269374682836173,0.6593774107203533,-0.140030298764991,0.7347851562167634,-0.11599679933798697,-0.12142282437926526,-0.018880954213321796,0.0,0.10999239241119982,0.10999239241119982,0.0006985463348505583,-0.004770876649232952,-0.008683536673664949,0.009932423679395352,-0.0007823082846232232,0.0002971425505727543,0.016531224606811112,0.016552392182049947,0.009033687992497449,0.11222801289935372,measured_min_over_explicit_pairs,0.12976002538091025,284,collision_hand_right_thumb_external_semantic_rota1,right_object_23,26,0,0.6670605634301346,-0.16304866788661032,0.7419859885249345,0.7052784051452321,-0.040483183605117545,0.7608211371661682,measured_min_over_explicit_pairs,-3.865922894219498e-05,3,collision_hand_right_thumb_floor_semantic_03,floor,0,0.0,,0,0.0,not_applicable_static_combination
9,0.3,RA,right,thumb,tool,0.6594611726701259,-0.13555656466633081,0.7269374682836173,0.6594611726701259,-0.13555656466633081,0.7269374682836173,0.6601597190049765,-0.14032744131556377,0.7182539316099523,-0.11517056084255502,-0.12238853708456848,-0.035204080811900955,0.0,0.10988881032523666,0.10988881032523666,0.0006985463348505583,-0.004770876649232952,-0.008683536673664949,0.009932423679395352,-0.0007823082846232232,0.0002971425505727543,0.016531224606811112,0.016552392182049947,0.009033687992497449,0.11620349206565153,measured_min_over_explicit_pairs,0.13286596694602626,264,collision_hand_right_thumb_external_semantic_rota1,right_object_3,25,0,0.6677627733656972,-0.16356462798971108,0.7268814321648149,0.7052127635244034,-0.039206875854884846,0.7549173536511594,measured_min_over_explicit_pairs,-0.01648133644209382,3,collision_hand_right_thumb_floor_semantic_03,floor,0,0.0,,0,0.0,not_applicable_static_combination
9,0.3,AA,right,thumb,tool,0.6594611726701259,-0.13555656466633081,0.7269374682836173,0.6594611726701259,-0.13555656466633081,0.7269374682836173,0.6593774107203533,-0.140030298764991,0.7347851562167634,-0.1158102321657931,-0.1216557674830736,-0.018680293223767894,0.0,0.10988881032523666,0.10988881032523666,0.0006985463348505583,-0.004770876649232952,-0.008683536673664949,0.009932423679395352,-0.0007823082846232232,0.0002971425505727543,0.016531224606811112,0.016552392182049947,0.009033687992497449,0.11222950482002157,measured_min_over_explicit_pairs,0.1299276996544558,284,collision_hand_right_thumb_external_semantic_rota1,right_object_23,26,0,0.6670017709330252,-0.1630014608945742,0.7417903668076925,0.7049687949275156,-0.039986963840610165,0.7593159407229894,measured_min_over_explicit_pairs,-3.865922894219498e-05,3,collision_hand_right_thumb_floor_semantic_03,floor,0,0.0,,30,201.67739522457123,source endpoint interval; AA solve data only; object and floor separated
9,0.3,RR,right,index,tool,0.6821674354374408,-0.07940165791660547,0.7225355460576651,0.6821674354374408,-0.07940165791660547,0.7225355460576651,0.685292685049765,-0.08208545737497912,0.7237108762526133,-0.07044636216516433,-0.07747899169291325,-0.0309616415367036,0.0,0.054556118639122145,0.054556118639122145,0.003125249612324188,-0.002683799458373645,0.0011753301949481987,0.004283849406696754,-0.001213218451266651,0.0036192203174598564,0.021420740079653,0.021758188350063993,0.022696106873188286,0.05520590694826944,measured_min_over_explicit_pairs,0.05359359262745739,389,collision_hand_right_index_1,right_object_3,1,0,0.6975692104258212,-0.0912966719253058,0.7431357578054353,0.709371237276478,-0.04063327720831853,0.7560278394327358,measured_min_over_explicit_pairs,-0.005283028122269884,6,collision_hand_right_index_floor_semantic_06,floor,0,0.0,,0,0.0,not_applicable_static_combination
9,0.3,AR,right,index,tool,0.6821674354374408,-0.07940165791660547,0.7225355460576651,0.6821674354374408,-0.07940165791660547,0.7225355460576651,0.6840794665984984,-0.07846623705751926,0.7451316163322663,-0.07032774007644095,-0.07308506366312743,-0.009652064216963302,0.0,0.054556118639122145,0.054556118639122145,0.003125249612324188,-0.002683799458373645,0.0011753301949481987,0.004283849406696754,-0.001213218451266651,0.0036192203174598564,0.021420740079653,0.021758188350063993,0.022696106873188286,0.045253654897392734,measured_min_over_explicit_pairs,0.04852732338653473,409,collision_hand_right_index_1,right_object_23,1,0,0.6964717044289257,-0.08872216969162242,0.7610610559762133,0.7088032017095248,-0.04193630348700935,0.7647917413507712,measured_min_over_explicit_pairs,0.016778217671267637,6,collision_hand_right_index_floor_semantic_06,floor,0,0.0,,0,0.0,not_applicable_static_combination
9,0.3,RA,right,index,tool,0.6821674354374408,-0.07940165791660547,0.7225355460576651,0.6821674354374408,-0.07940165791660547,0.7225355460576651,0.685292685049765,-0.08208545737497912,0.7237108762526133,-0.07032151914515235,-0.07748290150231965,-0.03014243363377941,0.0,0.054081339591014244,0.054081339591014244,0.003125249612324188,-0.002683799458373645,0.0011753301949481987,0.004283849406696754,-0.001213218451266651,0.0036192203174598564,0.021420740079653,0.021758188350063993,0.022696106873188286,0.05478343138660406,measured_min_over_explicit_pairs,0.053631386899997316,389,collision_hand_right_index_1,right_object_3,1,0,0.6974968674983723,-0.09122536082704867,0.7429112253035809,0.7089838961930456,-0.040207528791896555,0.7548088993207139,measured_min_over_explicit_pairs,-0.005283028122269884,6,collision_hand_right_index_floor_semantic_06,floor,0,0.0,,0,0.0,not_applicable_static_combination
9,0.3,AA,right,index,tool,0.6821674354374408,-0.07940165791660547,0.7225355460576651,0.6821674354374408,-0.07940165791660547,0.7225355460576651,0.6840794665984984,-0.07846623705751926,0.7451316163322663,-0.07014201603810961,-0.07345409748676669,-0.008761243837238926,0.0,0.054081339591014244,0.054081339591014244,0.003125249612324188,-0.002683799458373645,0.0011753301949481987,0.004283849406696754,-0.001213218451266651,0.0036192203174598564,0.021420740079653,0.021758188350063993,0.022696106873188286,0.04519555354965881,measured_min_over_explicit_pairs,0.04886683080197028,409,collision_hand_right_index_1,right_object_23,1,0,0.6963685134190132,-0.08867882514728603,0.7608203879321571,0.7083660663269223,-0.041389125920387515,0.763597116921415,measured_min_over_explicit_pairs,0.016778217671267637,6,collision_hand_right_index_floor_semantic_06,floor,0,0.0,,0,0.0,source endpoint interval; AA solve data only; object and floor separated
9,0.3,RR,right,middle,tool,0.7112186051905155,-0.06104716006666422,0.7212598874501822,0.7112186051905155,-0.06104716006666422,0.7212598874501822,0.7124466216098477,-0.07166358689420808,0.7258460409101457,-0.04137276736213832,-0.07777368711581327,-0.028692319395860914,0.0,0.03343096637724295,0.03343096637724295,0.001228016419332234,-0.010616426827543865,0.0045861534599634934,0.011629675252090136,-0.0004848953176361803,0.0017552123123796004,0.018918285344371677,0.01900572056254807,0.025130300339675227,0.03941615039158406,measured_min_over_explicit_pairs,0.024423324840534152,591,collision_hand_right_middle_0,right_object_3,0,0,0.7141106709515164,-0.0587421898762988,0.7332700512456337,0.716593648975166,-0.03787070090160333,0.7457084821908732,measured_min_over_explicit_pairs,-0.0020293799403139356,8,collision_hand_right_middle_floor_semantic_08,floor,0,0.0,,0,0.0,not_applicable_static_combination
9,0.3,AR,right,middle,tool,0.7112186051905155,-0.06104716006666422,0.7212598874501822,0.7112186051905155,-0.06104716006666422,0.7212598874501822,0.7119617262922115,-0.06990837458182848,0.7447643262545174,-0.04125584356077459,-0.07544844747488792,-0.009829737294287261,0.0,0.03343096637724295,0.03343096637724295,0.001228016419332234,-0.010616426827543865,0.0045861534599634934,0.011629675252090136,-0.0004848953176361803,0.0017552123123796004,0.018918285344371677,0.01900572056254807,0.025130300339675227,0.030400810239357482,measured_min_over_explicit_pairs,0.015551179033115476,591,collision_hand_right_middle_0,right_object_3,0,0,0.7136794976296733,-0.05608038308703007,0.750019897052209,0.7154012962813732,-0.04121923978756459,0.7542650117215398,measured_min_over_explicit_pairs,0.017180474521114375,8,collision_hand_right_middle_floor_semantic_08,floor,0,0.0,,0,0.0,not_applicable_static_combination
9,0.3,RA,right,middle,tool,0.7112186051905155,-0.06104716006666422,0.7212598874501822,0.7112186051905155,-0.06104716006666422,0.7212598874501822,0.7124466216098477,-0.07166358689420808,0.7258460409101457,-0.041241131184270974,-0.07779799291020273,-0.027964742978281804,0.0,0.032801821581124845,0.032801821581124845,0.001228016419332234,-0.010616426827543865,0.0045861534599634934,0.011629675252090136,-0.0004848953176361803,0.0017552123123796004,0.018918285344371677,0.01900572056254807,0.025130300339675227,0.039032144700442424,measured_min_over_explicit_pairs,0.024035476166768592,591,collision_hand_right_middle_0,right_object_3,0,0,0.7140644107639985,-0.05857496514108999,0.7329879148301505,0.7163967698952037,-0.03763298816024587,0.7445506919870527,measured_min_over_explicit_pairs,-0.0020293799403139356,8,collision_hand_right_middle_floor_semantic_08,floor,0,0.0,,0,0.0,not_applicable_static_combination
9,0.3,AA,right,middle,tool,0.7112186051905155,-0.06104716006666422,0.7212598874501822,0.7112186051905155,-0.06104716006666422,0.7212598874501822,0.7119617262922115,-0.06990837458182848,0.7447643262545174,-0.04106940795281388,-0.07579571305623362,-0.009065568376732927,0.0,0.032801821581124845,0.032801821581124845,0.001228016419332234,-0.010616426827543865,0.0045861534599634934,0.011629675252090136,-0.0004848953176361803,0.0017552123123796004,0.018918285344371677,0.01900572056254807,0.025130300339675227,0.030407432927866043,measured_min_over_explicit_pairs,0.01559128929379268,591,collision_hand_right_middle_0,right_object_3,0,0,0.7136150943305035,-0.05603194030997687,0.7498711920754367,0.7152409208714536,-0.041056937984148896,0.7538954056933904,measured_min_over_explicit_pairs,0.017180474521114375,8,collision_hand_right_middle_floor_semantic_08,floor,0,0.0,,0,0.0,source endpoint interval; AA solve data only; object and floor separated
9,0.3,RR,right,ring,tool,0.7340184547007084,-0.06610467750579119,0.7243986680440543,0.7340184547007084,-0.06610467750579119,0.7243986680440543,0.7340309903029788,-0.0694739705170794,0.7255315058280071,-0.020507195856796914,-0.08372367452480028,-0.028754766703919105,0.0,0.035673270185113785,0.035673270185113785,1.253560227043593e-05,-0.003369293011288216,0.0011328377839527892,0.0035546608814331308,-0.0008785450363771874,0.001316866075765366,0.01846153510076698,0.018529281041618856,0.019720595260059034,0.03789198301828809,measured_min_over_explicit_pairs,0.023118664508156528,744,collision_hand_right_ring_0,right_object_3,0,0,0.7334457197266805,-0.0569093621320259,0.7333996382256375,0.7301522274488875,-0.03736979019931839,0.74530890713449,measured_min_over_explicit_pairs,-0.0017609969544869486,10,collision_hand_right_ring_floor_semantic_10,floor,0,0.0,,0,0.0,not_applicable_static_combination
9,0.3,AR,right,ring,tool,0.7340184547007084,-0.06610467750579119,0.7243986680440543,0.7340184547007084,-0.06610467750579119,0.7243986680440543,0.7331524452666016,-0.06815710444131404,0.743993040928774,-0.020916126276320435,-0.08167258903756162,-0.010343898170486922,0.0,0.035673270185113785,0.035673270185113785,1.253560227043593e-05,-0.003369293011288216,0.0011328377839527892,0.0035546608814331308,-0.0008785450363771874,0.001316866075765366,0.01846153510076698,0.018529281041618856,0.019720595260059034,0.029023976383743804,measured_min_over_explicit_pairs,0.01448039430614337,744,collision_hand_right_ring_0,right_object_3,0,0,0.732463486037449,-0.054668335176769424,0.7497301888044138,0.7303448286305168,-0.040959240784850144,0.753883963113026,measured_min_over_explicit_pairs,0.01691165802268213,10,collision_hand_right_ring_floor_semantic_10,floor,0,0.0,,0,0.0,not_applicable_static_combination
9,0.3,RA,right,ring,tool,0.7340184547007084,-0.06610467750579119,0.7243986680440543,0.7340184547007084,-0.06610467750579119,0.7243986680440543,0.7340309903029788,-0.0694739705170794,0.7255315058280071,-0.020372381873875692,-0.08373284662211905,-0.02819087947673486,0.0,0.035316240798689655,0.035316240798689655,1.253560227043593e-05,-0.003369293011288216,0.0011328377839527892,0.0035546608814331308,-0.0008785450363771874,0.001316866075765366,0.01846153510076698,0.018529281041618856,0.019720595260059034,0.037595629791737396,measured_min_over_explicit_pairs,0.02283715828796875,744,collision_hand_right_ring_0,right_object_3,0,0,0.7334515764755624,-0.05676683298575014,0.7331598541291388,0.7302115628133024,-0.037139690106126125,0.7443765101602797,measured_min_over_explicit_pairs,-0.0017609969544869486,10,collision_hand_right_ring_floor_semantic_10,floor,0,0.0,,0,0.0,not_applicable_static_combination
9,0.3,AA,right,ring,tool,0.7340184547007084,-0.06610467750579119,0.7243986680440543,0.7340184547007084,-0.06610467750579119,0.7243986680440543,0.7331524452666016,-0.06815710444131404,0.743993040928774,-0.02072769574010828,-0.08199728552482366,-0.009746480986859575,0.0,0.035316240798689655,0.035316240798689655,1.253560227043593e-05,-0.003369293011288216,0.0011328377839527892,0.0035546608814331308,-0.0008785450363771874,0.001316866075765366,0.01846153510076698,0.018529281041618856,0.019720595260059034,0.029124748572738317,measured_min_over_explicit_pairs,0.014627256633441338,744,collision_hand_right_ring_0,right_object_3,0,0,0.7324071172614501,-0.054572209653933404,0.7493578570499808,0.7301845200585912,-0.04058347030478341,0.7530091403471162,measured_min_over_explicit_pairs,0.01691165802268213,10,collision_hand_right_ring_floor_semantic_10,floor,0,0.0,,0,0.0,source endpoint interval; AA solve data only; object and floor separated
9,0.3,RR,right,pinky,tool,0.7606937386095524,-0.08971598092466593,0.7233697726659415,0.7606937386095524,-0.08971598092466593,0.7233697726659415,0.7556966373304861,-0.06817684942861697,0.7252273204635198,0.00010386413670926735,-0.09053239192761856,-0.028784536609634752,0.0,0.06221150626855453,0.06221150626855453,-0.004997101279066274,0.021539131496048955,0.0018575477975782961,0.02218908944994413,-0.002057553815447699,0.0004713488535594973,0.015949902172012864,0.016088973762859952,0.029177640037236458,0.041806969411534035,measured_min_over_explicit_pairs,0.027640976310546413,914,collision_hand_right_pinky_0,right_object_21,0,0,0.7531690825121501,-0.056465767623525454,0.7332115715692352,0.7432289106023424,-0.034384382001643635,0.746539323173366,measured_min_over_explicit_pairs,-0.0015083589145915566,12,collision_hand_right_pinky_floor_semantic_12,floor,0,0.0,,0,0.0,not_applicable_static_combination
9,0.3,AR,right,pinky,tool,0.7606937386095524,-0.08971598092466593,0.7233697726659415,0.7606937386095524,-0.08971598092466593,0.7233697726659415,0.7536390835150384,-0.06770550057505748,0.7411772226355327,-0.001702311080766012,-0.08889949573912453,-0.012880874834327285,0.0,0.06221150626855453,0.06221150626855453,-0.004997101279066274,0.021539131496048955,0.0018575477975782961,0.02218908944994413,-0.002057553815447699,0.0004713488535594973,0.015949902172012864,0.016088973762859952,0.029177640037236458,0.034288007101723514,measured_min_over_explicit_pairs,0.02027412229042856,919,collision_hand_right_pinky_0,right_object_26,0,0,0.7509505764524339,-0.055057449904015926,0.7472856669332713,0.743682442129683,-0.0371284371696542,0.753349062061811,measured_min_over_explicit_pairs,0.014408617259959344,12,collision_hand_right_pinky_floor_semantic_12,floor,0,0.0,,0,0.0,not_applicable_static_combination
9,0.3,RA,right,pinky,tool,0.7606937386095524,-0.08971598092466593,0.7233697726659415,0.7606937386095524,-0.08971598092466593,0.7233697726659415,0.7556966373304861,-0.06817684942861697,0.7252273204635198,0.0002424536909020544,-0.09052702444539437,-0.02839828082081384,0.0,0.06217393235248842,0.06217393235248842,-0.004997101279066274,0.021539131496048955,0.0018575477975782961,0.02218908944994413,-0.002057553815447699,0.0004713488535594973,0.015949902172012864,0.016088973762859952,0.029177640037236458,0.04162285620056568,measured_min_over_explicit_pairs,0.027492366740992376,914,collision_hand_right_pinky_0,right_object_21,0,0,0.753085636195739,-0.05637287482356543,0.7329886611600284,0.7429694931772207,-0.03415482376982286,0.7456319236671267,measured_min_over_explicit_pairs,-0.0015083589145915566,12,collision_hand_right_pinky_floor_semantic_12,floor,0,0.0,,0,0.0,not_applicable_static_combination
9,0.3,AA,right,pinky,tool,0.7606937386095524,-0.08971598092466593,0.7233697726659415,0.7606937386095524,-0.08971598092466593,0.7233697726659415,0.7536390835150384,-0.06770550057505748,0.7411772226355327,-0.001517319086738631,-0.08916758263191452,-0.012463721069479843,0.0,0.06217393235248842,0.06217393235248842,-0.004997101279066274,0.021539131496048955,0.0018575477975782961,0.02218908944994413,-0.002057553815447699,0.0004713488535594973,0.015949902172012864,0.016088973762859952,0.029177640037236458,0.0344221116292483,measured_min_over_explicit_pairs,0.020455516148317233,919,collision_hand_right_pinky_0,right_object_26,0,0,0.7508959682822467,-0.05502115780403851,0.747106829798428,0.7434511016699324,-0.03685749569198407,0.7528586539176126,measured_min_over_explicit_pairs,0.014408617259959344,12,collision_hand_right_pinky_floor_semantic_12,floor,0,0.0,,0,0.0,source endpoint interval; AA solve data only; object and floor separated
9,0.3,RR,left,palm,target,0.4756093271076679,-0.2886334666982293,0.7660157635144828,0.4756093271076679,-0.2886334666982293,0.7660157635144828,0.4885806879123189,-0.32321593673998666,0.7551328765511187,-0.18709219344676034,-0.24502586388765807,0.015735735904910106,0.0,0.12450413177078043,0.12450413177078043,0.012971360804651,-0.03458247004175735,-0.010882886963364036,0.03850507322380831,-0.011922701271388725,0.006397461016720063,0.043225206220182555,0.04529345168834603,0.04291293552611041,0.16097394039835322,measured_min_over_explicit_pairs,0.052550906337456724,1244,collision_hand_left_palm_0,left_object_7,17,0,0.4412363923673218,-0.2253416415232143,0.7596779794732911,0.42315346100874257,-0.17611629611598495,0.7562911343472146,measured_min_over_explicit_pairs,0.0013413790077654308,13,collision_hand_left_palm_floor_semantic_13,floor,0,0.0,,0,0.0,not_applicable_static_combination
9,0.3,AR,left,palm,target,0.4756093271076679,-0.2886334666982293,0.7660157635144828,0.4756093271076679,-0.2886334666982293,0.7660157635144828,0.4766579866409302,-0.3168184757232666,0.7983580827713013,-0.19290685823643555,-0.23178397969135953,0.05865821186052185,0.0,0.12450413177078043,0.12450413177078043,0.012971360804651,-0.03458247004175735,-0.010882886963364036,0.03850507322380831,-0.011922701271388725,0.006397461016720063,0.043225206220182555,0.04529345168834603,0.04291293552611041,0.15627695641848097,measured_min_over_explicit_pairs,0.047845371409728346,1244,collision_hand_left_palm_0,left_object_7,17,0,0.4521388853817618,-0.21285472728733698,0.7706750069921653,0.4292226862170091,-0.17313878877004335,0.7570122251060781,measured_min_over_explicit_pairs,0.04575361739100425,13,collision_hand_left_palm_floor_semantic_13,floor,0,0.0,,0,0.0,not_applicable_static_combination
9,0.3,RA,left,palm,target,0.4756093271076679,-0.2886334666982293,0.7660157635144828,0.4756093271076679,-0.2886334666982293,0.7660157635144828,0.4885806879123189,-0.32321593673998666,0.7551328765511187,-0.17571379270245513,-0.24877743449481032,0.006217994077311534,0.0,0.12530481956184755,0.12530481956184755,0.012971360804651,-0.03458247004175735,-0.010882886963364036,0.03850507322380831,-0.011922701271388725,0.006397461016720063,0.043225206220182555,0.04529345168834603,0.04291293552611041,0.1619002073892051,measured_min_over_explicit_pairs,0.053217391758584906,1244,collision_hand_left_palm_0,left_object_7,17,0,0.439410600079618,-0.2258245602623287,0.762407314454057,0.4202251610936516,-0.1763538054028628,0.7583263672432868,measured_min_over_explicit_pairs,0.0013413790077654308,13,collision_hand_left_palm_floor_semantic_13,floor,0,0.0,,0,0.0,not_applicable_static_combination
9,0.3,AA,left,palm,target,0.4756093271076679,-0.2886334666982293,0.7660157635144828,0.4756093271076679,-0.2886334666982293,0.7660157635144828,0.4766579866409302,-0.3168184757232666,0.7983580827713013,-0.18088734458366268,-0.23802142900392453,0.049910550338727794,0.0,0.12530481956184755,0.12530481956184755,0.012971360804651,-0.03458247004175735,-0.010882886963364036,0.03850507322380831,-0.011922701271388725,0.006397461016720063,0.043225206220182555,0.04529345168834603,0.04291293552611041,0.15650429313516395,measured_min_over_explicit_pairs,0.048821506717263485,1243,collision_hand_left_palm_0,left_object_6,17,0,0.4521388853817618,-0.21285472728733698,0.7706750069921653,0.425843350006873,-0.17339385931879764,0.7590593177460949,measured_min_over_explicit_pairs,0.04575361739100425,13,collision_hand_left_palm_floor_semantic_13,floor,0,0.0,,0,0.0,source endpoint interval; AA solve data only; object and floor separated
9,0.3,RR,left,thumb,target,0.5361137896776199,-0.1870496878400445,0.7495018198423026,0.5361137896776199,-0.1870496878400445,0.7495018198423026,0.5404524982622859,-0.19566621325999078,0.7476049793510213,-0.06597204141310055,-0.1794518957440386,0.0089350463586721,0.0,0.07935505202082,0.07935505202082,0.004338708584666007,-0.008616525419946286,-0.0018968404912812487,0.009831932991258592,-0.0045546391106868755,0.004644801489692624,0.03821531059011951,0.03876504716631401,0.03653563311741602,0.0887975993486821,measured_min_over_explicit_pairs,0.08273548349092805,1439,collision_hand_left_thumb_0,left_object_6,52,0,0.5424649764381277,-0.18670618638995837,0.749666357961001,0.4892223128631337,-0.12351827472481819,0.7538695499999237,measured_min_over_explicit_pairs,0.014138370783296828,16,collision_hand_left_thumb_floor_semantic_16,floor,0,0.0,,0,0.0,not_applicable_static_combination
9,0.3,AR,left,thumb,target,0.5361137896776199,-0.1870496878400445,0.7495018198423026,0.5361137896776199,-0.1870496878400445,0.7495018198423026,0.535897859151599,-0.19102141177029816,0.7858202899411408,-0.06712770605100568,-0.1723226594488866,0.047021360316564294,0.0,0.07935505202082,0.07935505202082,0.004338708584666007,-0.008616525419946286,-0.0018968404912812487,0.009831932991258592,-0.0045546391106868755,0.004644801489692624,0.03821531059011951,0.03876504716631401,0.03653563311741602,0.08740416312686063,measured_min_over_explicit_pairs,0.08186065653388129,1439,collision_hand_left_thumb_0,left_object_6,53,0,0.5381686782053687,-0.18353074447872117,0.7817130613053105,0.4877544889302773,-0.12440971934601938,0.7559394120652092,measured_min_over_explicit_pairs,0.051876937130246104,16,collision_hand_left_thumb_floor_semantic_16,floor,0,0.0,,0,0.0,not_applicable_static_combination
9,0.3,RA,left,thumb,target,0.5361137896776199,-0.1870496878400445,0.7495018198423026,0.5361137896776199,-0.1870496878400445,0.7495018198423026,0.5404524982622859,-0.19566621325999078,0.7476049793510213,-0.057410321725525425,-0.17820135157521388,-7.415814578285754e-05,0.0,0.07897240149986819,0.07897240149986819,0.004338708584666007,-0.008616525419946286,-0.0018968404912812487,0.009831932991258592,-0.0045546391106868755,0.004644801489692624,0.03821531059011951,0.03876504716631401,0.03653563311741602,0.08857935750817415,measured_min_over_explicit_pairs,0.08215746031741893,1439,collision_hand_left_thumb_0,left_object_6,51,0,0.5429322564714366,-0.1863854066059502,0.7502939160903638,0.49262093682211366,-0.12188198746880283,0.7579049817561834,measured_min_over_explicit_pairs,0.014138370783296828,16,collision_hand_left_thumb_floor_semantic_16,floor,0,0.0,,0,0.0,not_applicable_static_combination
9,0.3,AA,left,thumb,target,0.5361137896776199,-0.1870496878400445,0.7495018198423026,0.5361137896776199,-0.1870496878400445,0.7495018198423026,0.535897859151599,-0.19102141177029816,0.7858202899411408,-0.05782494828119322,-0.17310975428159023,0.038352819404181296,0.0,0.07897240149986819,0.07897240149986819,0.004338708584666007,-0.008616525419946286,-0.0018968404912812487,0.009831932991258592,-0.0045546391106868755,0.004644801489692624,0.03821531059011951,0.03876504716631401,0.03653563311741602,0.0857625049575618,measured_min_over_explicit_pairs,0.07982650294718961,1439,collision_hand_left_thumb_0,left_object_6,53,0,0.5385658340677808,-0.1829776760290723,0.7822890808384291,0.4915179567399568,-0.12238244655274941,0.7602213220841862,measured_min_over_explicit_pairs,0.051876937130246104,16,collision_hand_left_thumb_floor_semantic_16,floor,0,0.0,,0,0.0,source endpoint interval; AA solve data only; object and floor separated
9,0.3,RR,left,index,target,0.5289698414504528,-0.15165357384830713,0.7351285769872306,0.5289698414504528,-0.15165357384830713,0.7351285769872306,0.5343555349592426,-0.15580156742137125,0.7339373568191606,-0.045186548031469834,-0.1450022120838382,-0.00500587956556109,0.0,0.049841593489899604,0.049841593489899604,0.005385693508789813,-0.004147993573064113,-0.0011912201680699397,0.006901489023509237,-0.013251107329500966,0.01429014754155744,0.04693663447095109,0.050821725843157944,0.04751179802358465,0.056462879104841907,measured_min_over_explicit_pairs,0.0382945974676186,1503,collision_hand_left_index_external_semantic_rota1,left_object_6,33,0,0.5168918724216455,-0.15022325945629778,0.7559480384489061,0.49217565999105484,-0.12102994573099035,0.7541217109786441,measured_min_over_explicit_pairs,0.0024982772793920027,19,collision_hand_left_index_floor_semantic_19,floor,0,0.0,,0,0.0,not_applicable_static_combination
9,0.3,AR,left,index,target,0.5289698414504528,-0.15165357384830713,0.7351285769872306,0.5289698414504528,-0.15165357384830713,0.7351285769872306,0.5211044276297416,-0.1415114198798138,0.7808739912901117,-0.04707744366085125,-0.12475360429830694,0.04156950249560528,0.0,0.049841593489899604,0.049841593489899604,0.005385693508789813,-0.004147993573064113,-0.0011912201680699397,0.006901489023509237,-0.013251107329500966,0.01429014754155744,0.04693663447095109,0.050821725843157944,0.04751179802358465,0.04288591734045116,measured_min_over_explicit_pairs,0.02995907835911553,1570,collision_hand_left_index_0,left_object_6,30,0,0.5153888891539227,-0.1308279953652832,0.7755315807656641,0.5003340230588709,-0.11333139562311383,0.7564327226728355,measured_min_over_explicit_pairs,0.05094767432741254,19,collision_hand_left_index_floor_semantic_19,floor,0,0.0,,0,0.0,not_applicable_static_combination
9,0.3,RA,left,index,target,0.5289698414504528,-0.15165357384830713,0.7351285769872306,0.5289698414504528,-0.15165357384830713,0.7351285769872306,0.5343555349592426,-0.15580156742137125,0.7339373568191606,-0.038333701327998015,-0.14227969133232077,-0.012679067293945799,0.0,0.04711322001572,0.04711322001572,0.005385693508789813,-0.004147993573064113,-0.0011912201680699397,0.006901489023509237,-0.013251107329500966,0.01429014754155744,0.04693663447095109,0.050821725843157944,0.04751179802358465,0.05358871861777131,measured_min_over_explicit_pairs,0.037290014160867066,1503,collision_hand_left_index_external_semantic_rota1,left_object_6,30,0,0.5166004137635687,-0.1504545884458076,0.7567075460917823,0.4936833549699632,-0.1210691019061046,0.7580664990685367,measured_min_over_explicit_pairs,0.0024982772793920027,19,collision_hand_left_index_floor_semantic_19,floor,0,0.0,,0,0.0,not_applicable_static_combination
9,0.3,AA,left,index,target,0.5289698414504528,-0.15165357384830713,0.7351285769872306,0.5289698414504528,-0.15165357384830713,0.7351285769872306,0.5211044276297416,-0.1415114198798138,0.7808739912901117,-0.0397583013731918,-0.12456634659532059,0.03493454158646287,0.0,0.04711322001572,0.04711322001572,0.005385693508789813,-0.004147993573064113,-0.0011912201680699397,0.006901489023509237,-0.013251107329500966,0.01429014754155744,0.04693663447095109,0.050821725843157944,0.04751179802358465,0.0393174521940882,measured_min_over_explicit_pairs,0.02595163371936752,1570,collision_hand_left_index_0,left_object_6,26,0,0.5154464416258328,-0.1301758082463636,0.7761470149129358,0.5025547319434283,-0.11332709066296906,0.7612000476632285,measured_min_over_explicit_pairs,0.05094767432741254,19,collision_hand_left_index_floor_semantic_19,floor,0,0.0,,0,0.0,source endpoint interval; AA solve data only; object and floor separated
9,0.3,RR,left,middle,target,0.5140717387199402,-0.14739973936229944,0.7284691884450553,0.5140717387199402,-0.14739973936229944,0.7284691884450553,0.5133173885521628,-0.15097160973161527,0.7347760844741728,-0.05839500669563729,-0.1279126854883053,-0.004659094232258978,0.0,0.03704978070392212,0.03704978070392212,-0.0007543501677773623,-0.0035718703693158327,0.0063068960291174925,0.007287265579963458,-0.012419884704979234,0.01399284728841002,0.04678980953846579,0.05039186033445922,0.055690370501204955,0.03932946328466683,measured_min_over_explicit_pairs,0.023558744607163513,1764,collision_hand_left_middle_external_semantic_link2,left_object_6,31,0,0.5002650961466769,-0.1444010074515778,0.7490110378202137,0.48542259316838354,-0.12666765208113648,0.7535102222030268,measured_min_over_explicit_pairs,0.0032045556180176904,21,collision_hand_left_middle_floor_semantic_21,floor,0,0.0,,0,0.0,not_applicable_static_combination
9,0.3,AR,left,middle,target,0.5140717387199402,-0.14739973936229944,0.7284691884450553,0.5140717387199402,-0.14739973936229944,0.7284691884450553,0.5008975038471836,-0.13697876244320525,0.7815658940126385,-0.05982984207499135,-0.1084235245443008,0.04178930123088365,0.0,0.03704978070392212,0.03704978070392212,-0.0007543501677773623,-0.0035718703693158327,0.0063068960291174925,0.007287265579963458,-0.012419884704979234,0.01399284728841002,0.04678980953846579,0.05039186033445922,0.055690370501204955,0.03117777242265293,measured_min_over_explicit_pairs,0.018723301952854106,1764,collision_hand_left_middle_external_semantic_link2,left_object_6,28,0,0.5028625074564914,-0.1230386503107716,0.7730077013225758,0.4965657468871918,-0.11586411052181514,0.7569005966427351,measured_min_over_explicit_pairs,0.05158409664319008,21,collision_hand_left_middle_floor_semantic_21,floor,0,0.0,,0,0.0,not_applicable_static_combination
9,0.3,RA,left,middle,target,0.5140717387199402,-0.14739973936229944,0.7284691884450553,0.5140717387199402,-0.14739973936229944,0.7284691884450553,0.5133173885521628,-0.15097160973161527,0.7347760844741728,-0.05217141446904218,-0.12576681667135464,-0.011104829361727036,0.0,0.034448344271425034,0.034448344271425034,-0.0007543501677773623,-0.0035718703693158327,0.0063068960291174925,0.007287265579963458,-0.012419884704979234,0.01399284728841002,0.04678980953846579,0.05039186033445922,0.055690370501204955,0.03703176076854846,measured_min_over_explicit_pairs,0.022531350287979156,1785,collision_hand_left_middle_external_semantic_link2,left_object_27,27,0,0.5079443067756614,-0.1376275249780083,0.7363680562019779,0.49456487118004233,-0.1196851526846321,0.7337750414646143,measured_min_over_explicit_pairs,0.0032045556180176904,21,collision_hand_left_middle_floor_semantic_21,floor,0,0.0,,0,0.0,not_applicable_static_combination
9,0.3,AA,left,middle,target,0.5140717387199402,-0.14739973936229944,0.7284691884450553,0.5140717387199402,-0.14739973936229944,0.7284691884450553,0.5008975038471836,-0.13697876244320525,0.7815658940126385,-0.05311481383157181,-0.10878667788585117,0.03633064757732634,0.0,0.034448344271425034,0.034448344271425034,-0.0007543501677773623,-0.0035718703693158327,0.0063068960291174925,0.007287265579963458,-0.012419884704979234,0.01399284728841002,0.04678980953846579,0.05039186033445922,0.055690370501204955,0.027268707249866804,measured_min_over_explicit_pairs,0.014128155324911313,1764,collision_hand_left_middle_external_semantic_link2,left_object_6,24,0,0.5029302578585384,-0.12242897562321475,0.7732823901679379,0.49814092197649257,-0.11603539349911937,0.7616295303337077,measured_min_over_explicit_pairs,0.05158409664319008,21,collision_hand_left_middle_floor_semantic_21,floor,0,0.0,,0,0.0,source endpoint interval; AA solve data only; object and floor separated
9,0.3,RR,left,ring,target,0.49595333486795423,-0.1503857085481286,0.7301145746640799,0.49595333486795423,-0.1503857085481286,0.7301145746640799,0.49328739877172906,-0.15221611124518178,0.7287106681245566,-0.07457266008619863,-0.11627561702622982,-0.011170677641812033,0.0,0.027838547720318036,0.027838547720318036,-0.0026659360962251744,-0.001830402697053174,-0.0014039065395232697,0.0035254138585777495,-0.016124270115872752,0.016704155147577116,0.05408439720739522,0.05885696991224789,0.057875162707852264,0.027536078562910685,measured_min_over_explicit_pairs,0.012313241800975535,1828,collision_hand_left_ring_1,left_object_6,12,0,0.47141745621224695,-0.15433033132381244,0.751866573199042,0.46364686587054693,-0.1450495212117874,0.7541249826072991,measured_min_over_explicit_pairs,-0.002906633080955179,23,collision_hand_left_ring_floor_semantic_23,floor,0,0.0,,0,0.0,not_applicable_static_combination
9,0.3,AR,left,ring,target,0.49595333486795423,-0.1503857085481286,0.7301145746640799,0.49595333486795423,-0.1503857085481286,0.7301145746640799,0.4771631286558563,-0.13551195609760466,0.7827950653319519,-0.0772616053258762,-0.09221725387683942,0.04247731992865955,0.0,0.027838547720318036,0.027838547720318036,-0.0026659360962251744,-0.001830402697053174,-0.0014039065395232697,0.0035254138585777495,-0.016124270115872752,0.016704155147577116,0.05408439720739522,0.05885696991224789,0.057875162707852264,0.025583624915186124,measured_min_over_explicit_pairs,0.030726495277543477,1828,collision_hand_left_ring_1,left_object_6,14,0,0.4645896670243761,-0.1535012729933893,0.7871474735877406,0.4586838921268091,-0.14701941807316907,0.7576987912455138,measured_min_over_explicit_pairs,0.053522209186602776,23,collision_hand_left_ring_floor_semantic_23,floor,0,0.0,,0,0.0,not_applicable_static_combination
9,0.3,RA,left,ring,target,0.49595333486795423,-0.1503857085481286,0.7301145746640799,0.49595333486795423,-0.1503857085481286,0.7301145746640799,0.49328739877172906,-0.15221611124518178,0.7287106681245566,-0.06894909000908721,-0.11445621565156947,-0.01659285798409673,0.0,0.025894413857411657,0.025894413857411657,-0.0026659360962251744,-0.001830402697053174,-0.0014039065395232697,0.0035254138585777495,-0.016124270115872752,0.016704155147577116,0.05408439720739522,0.05885696991224789,0.057875162707852264,0.02572456810170878,measured_min_over_explicit_pairs,0.013265395292327824,1828,collision_hand_left_ring_1,left_object_6,12,0,0.47173887710996903,-0.15403363767658312,0.7517037623805541,0.46372272023735694,-0.14370718487540338,0.7539568300227693,measured_min_over_explicit_pairs,-0.002906633080955179,23,collision_hand_left_ring_floor_semantic_23,floor,0,0.0,,0,0.0,not_applicable_static_combination
9,0.3,AA,left,ring,target,0.49595333486795423,-0.1503857085481286,0.7301145746640799,0.49595333486795423,-0.1503857085481286,0.7301145746640799,0.4771631286558563,-0.13551195609760466,0.7827950653319519,-0.07112845076729969,-0.09333986959780023,0.03830243528658616,0.0,0.025894413857411657,0.025894413857411657,-0.0026659360962251744,-0.001830402697053174,-0.0014039065395232697,0.0035254138585777495,-0.016124270115872752,0.016704155147577116,0.05408439720739522,0.05885696991224789,0.057875162707852264,0.02161758959399167,measured_min_over_explicit_pairs,0.027632953837462105,1828,collision_hand_left_ring_1,left_object_6,14,0,0.4646802419398657,-0.15293411569814663,0.7872691289016744,0.45957763109271144,-0.14579883420751605,0.761065479186887,measured_min_over_explicit_pairs,0.053522209186602776,23,collision_hand_left_ring_floor_semantic_23,floor,7,245.7511134147644,100,0,0.0,source endpoint interval; AA solve data only; object and floor separated
9,0.3,RR,left,pinky,target,0.47263813987374304,-0.16811995301395655,0.7347938969068167,0.47263813987374304,-0.16811995301395655,0.7347938969068167,0.4665134796701382,-0.14992855653572298,0.7330273246472998,-0.09387995273431206,-0.09745478436613904,-0.007467451653081849,0.0,0.026607437984844568,0.026607437984844568,-0.006124660203604859,0.018191396478233562,-0.0017665722595169298,0.01927586952606819,-0.010668848131001996,0.012532446140120362,0.04648130564686104,0.04930921112058393,0.05679246261013125,0.008695518720384118,measured_min_over_explicit_pairs,-0.002335775927266852,1926,collision_hand_left_pinky_1,left_object_6,13,0,0.4460163003937151,-0.15667044801631097,0.7540194927883002,0.4474865163607478,-0.1584273495313486,0.7535638490029375,measured_min_over_explicit_pairs,0.002316384710242203,25,collision_hand_left_pinky_floor_semantic_25,floor,0,0.0,,0,0.0,not_applicable_static_combination
9,0.3,AR,left,pinky,target,0.47263813987374304,-0.16811995301395655,0.7347938969068167,0.47263813987374304,-0.16811995301395655,0.7347938969068167,0.4558446315391362,-0.13739611039560262,0.7795086302941608,-0.0948832211356106,-0.08021022474304575,0.03871714445054188,0.0,0.026607437984844568,0.026607437984844568,-0.006124660203604859,0.018191396478233562,-0.0017665722595169298,0.01927586952606819,-0.010668848131001996,0.012532446140120362,0.04648130564686104,0.04930921112058393,0.05679246261013125,0.023016057905311006,measured_min_over_explicit_pairs,0.02440200178521647,1926,collision_hand_left_pinky_1,left_object_6,15,0,0.44458247028525893,-0.16367974729718393,0.7821202697828274,0.44171394687925186,-0.16071497709706678,0.7580695025964072,measured_min_over_explicit_pairs,0.050423157217277526,25,collision_hand_left_pinky_floor_semantic_25,floor,0,0.0,,0,0.0,not_applicable_static_combination
9,0.3,RA,left,pinky,target,0.47263813987374304,-0.16811995301395655,0.7347938969068167,0.47263813987374304,-0.16811995301395655,0.7347938969068167,0.4665134796701382,-0.14992855653572298,0.7330273246472998,-0.08885596843525811,-0.09663106676919196,-0.011426676339074095,0.0,0.026101305462461415,0.026101305462461415,-0.006124660203604859,0.018191396478233562,-0.0017665722595169298,0.01927586952606819,-0.010668848131001996,0.012532446140120362,0.04648130564686104,0.04930921112058393,0.05679246261013125,0.007893859015554174,measured_min_over_explicit_pairs,-0.0005791951650370754,1926,collision_hand_left_pinky_1,left_object_6,13,0,0.4463704764222808,-0.15638023637887935,0.753998409300239,0.44671794659535136,-0.15682989726965552,0.7538864423348651,measured_min_over_explicit_pairs,0.002316384710242203,25,collision_hand_left_pinky_floor_semantic_25,floor,0,0.0,,0,0.0,not_applicable_static_combination
9,0.3,AA,left,pinky,target,0.47263813987374304,-0.16811995301395655,0.7347938969068167,0.47263813987374304,-0.16811995301395655,0.7347938969068167,0.4558446315391362,-0.13739611039560262,0.7795086302941608,-0.0892895403150881,-0.08185999139611091,0.03561613022135657,0.0,0.026101305462461415,0.026101305462461415,-0.006124660203604859,0.018191396478233562,-0.0017665722595169298,0.01927586952606819,-0.010668848131001996,0.012532446140120362,0.04648130564686104,0.04930921112058393,0.05679246261013125,0.019539426444765518,measured_min_over_explicit_pairs,0.021749043506971436,1926,collision_hand_left_pinky_1,left_object_6,15,0,0.44498975028938637,-0.1600500065035608,0.7825284998325602,0.4432818156120053,-0.15738306764384166,0.7610112674425791,measured_min_over_explicit_pairs,0.050423157217277526,25,collision_hand_left_pinky_floor_semantic_25,floor,21,103.43255257606506,99,0,0.0,source endpoint interval; AA solve data only; object and floor separated
10,0.3333333333333333,RR,right,palm,tool,0.7415128298103809,-0.22099864576011896,0.7609140231542227,0.7415128298103809,-0.22099864576011896,0.7609140231542227,0.7470578098701091,-0.25116745675130986,0.7591278707685621,-0.07560266970161097,-0.2564831992247561,0.009452310263936618,0.0,0.17824028798266564,0.17824028798266564,0.005544980059728144,-0.030168810991190897,-0.0017861523856605999,0.030726117568443047,-0.0005578542159647704,-0.00155301844552852,0.013057037621483025,0.013160900389686285,0.03403202522614443,0.20882011500512263,measured_min_over_explicit_pairs,0.10863706210365176,118,collision_hand_right_palm_0,right_object_9,1,0,0.7318772012904367,-0.151978729073734,0.76429480600989,0.7258953021371577,-0.04358902225132759,0.7685255978962237,measured_min_over_explicit_pairs,0.0035060634326489204,0,collision_hand_right_palm_floor_semantic_00,floor,0,0.0,,0,0.0,not_applicable_static_combination
10,0.3333333333333333,AR,right,palm,tool,0.7415128298103809,-0.22099864576011896,0.7609140231542227,0.7415128298103809,-0.22099864576011896,0.7609140231542227,0.7464999556541443,-0.2527204751968384,0.7721849083900452,-0.07675888802988501,-0.2573564348904965,0.022533209228330717,0.0,0.17824028798266564,0.17824028798266564,0.005544980059728144,-0.030168810991190897,-0.0017861523856605999,0.030726117568443047,-0.0005578542159647704,-0.00155301844552852,0.013057037621483025,0.013160900389686285,0.03403202522614443,0.2100624590389067,measured_min_over_explicit_pairs,0.10969432638872323,118,collision_hand_right_palm_0,right_object_9,2,0,0.733488380764091,-0.1528970749172598,0.7633128239899672,0.7258864725069015,-0.043572179084832754,0.7681215019739863,measured_min_over_explicit_pairs,0.018377353988676348,0,collision_hand_right_palm_floor_semantic_00,floor,0,0.0,,0,0.0,not_applicable_static_combination
10,0.3333333333333333,RA,right,palm,tool,0.7415128298103809,-0.22099864576011896,0.7609140231542227,0.7415128298103809,-0.22099864576011896,0.7609140231542227,0.7470578098701091,-0.25116745675130986,0.7591278707685621,-0.07537759776356391,-0.2570544778324187,0.00709333555577408,0.0,0.17877435470945785,0.17877435470945785,0.005544980059728144,-0.030168810991190897,-0.0017861523856605999,0.030726117568443047,-0.0005578542159647704,-0.00155301844552852,0.013057037621483025,0.013160900389686285,0.03403202522614443,0.20935622701372558,measured_min_over_explicit_pairs,0.10916642761742415,118,collision_hand_right_palm_0,right_object_9,1,0,0.7314913906923447,-0.15194508432333878,0.7628873567943569,0.7254803430048796,-0.043027217297327634,0.7671387644381237,measured_min_over_explicit_pairs,0.0035060634326489204,0,collision_hand_right_palm_floor_semantic_00,floor,0,0.0,,0,0.0,not_applicable_static_combination
10,0.3333333333333333,AA,right,palm,tool,0.7415128298103809,-0.22099864576011896,0.7609140231542227,0.7415128298103809,-0.22099864576011896,0.7609140231542227,0.7464999556541443,-0.2527204751968384,0.7721849083900452,-0.076486912287394,-0.2581592596969522,0.02016078279638929,0.0,0.17877435470945785,0.17877435470945785,0.005544980059728144,-0.030168810991190897,-0.0017861523856605999,0.030726117568443047,-0.0005578542159647704,-0.00155301844552852,0.013057037621483025,0.013160900389686285,0.03403202522614443,0.21070631218699687,measured_min_over_explicit_pairs,0.11021226787459022,118,collision_hand_right_palm_0,right_object_9,2,0,0.7335678358517836,-0.1528059748800768,0.7613672805746573,0.7259300338178805,-0.04296488189458053,0.7661986635964124,measured_min_over_explicit_pairs,0.018377353988676348,0,collision_hand_right_palm_floor_semantic_00,floor,0,0.0,,0,0.0,source endpoint interval; AA solve data only; object and floor separated
10,0.3333333333333333,RR,right,thumb,tool,0.6607026852667331,-0.13255744520574808,0.7322683288983939,0.6607026852667331,-0.13255744520574808,0.7322683288983939,0.6606808925009166,-0.13769943996573106,0.7233859778168992,-0.11376409621279439,-0.12018205311927092,-0.030286193686106293,0.0,0.10556371103741166,0.10556371103741166,-2.179276581659728e-05,-0.005141994759982976,-0.00888235108149471,0.010263369123794807,-0.0009055143902519935,-0.0023209132554556644,0.011120850388611547,0.011396486652305826,0.007846386031578926,0.11241294158239994,measured_min_over_explicit_pairs,0.12923907913891036,284,collision_hand_right_thumb_external_semantic_rota1,right_object_23,23,0,0.6681667331061449,-0.16093902964761309,0.7318909025506951,0.7054704056349084,-0.039908186541487534,0.757634068819838,measured_min_over_explicit_pairs,-0.010796212323636256,3,collision_hand_right_thumb_floor_semantic_03,floor,0,0.0,,0,0.0,not_applicable_static_combination
10,0.3333333333333333,AR,right,thumb,tool,0.6607026852667331,-0.13255744520574808,0.7322683288983939,0.6607026852667331,-0.13255744520574808,0.7322683288983939,0.6597753781106646,-0.14002035322118672,0.7345068282055107,-0.11551761123854179,-0.12169412321208894,-0.019127397285729222,0.0,0.10556371103741166,0.10556371103741166,-2.179276581659728e-05,-0.005141994759982976,-0.00888235108149471,0.010263369123794807,-0.0009055143902519935,-0.0023209132554556644,0.011120850388611547,0.011396486652305826,0.007846386031578926,0.11214271096671054,measured_min_over_explicit_pairs,0.1297120930977667,284,collision_hand_right_thumb_external_semantic_rota1,right_object_23,26,0,0.6673533945249497,-0.16303393792582893,0.7417872224925888,0.7052981223061242,-0.040422863504691146,0.7605475305580357,measured_min_over_explicit_pairs,-3.215273100054539e-05,3,collision_hand_right_thumb_floor_semantic_03,floor,0,0.0,,0,0.0,not_applicable_static_combination
10,0.3333333333333333,RA,right,thumb,tool,0.6607026852667331,-0.13255744520574808,0.7322683288983939,0.6607026852667331,-0.13255744520574808,0.7322683288983939,0.6606808925009166,-0.13769943996573106,0.7233859778168992,-0.11372306660943257,-0.12008647601165116,-0.030093182101053828,0.0,0.1054999508073859,0.1054999508073859,-2.179276581659728e-05,-0.005141994759982976,-0.00888235108149471,0.010263369123794807,-0.0009055143902519935,-0.0023209132554556644,0.011120850388611547,0.011396486652305826,0.007846386031578926,0.11226921307147314,measured_min_over_explicit_pairs,0.12927862227214637,284,collision_hand_right_thumb_external_semantic_rota1,right_object_23,23,0,0.668097977949138,-0.16088113584114677,0.7317137270576025,0.7050684905928561,-0.03947814307386367,0.7563603641221593,measured_min_over_explicit_pairs,-0.010796212323636256,3,collision_hand_right_thumb_floor_semantic_03,floor,0,0.0,,0,0.0,not_applicable_static_combination
10,0.3333333333333333,AA,right,thumb,tool,0.6607026852667331,-0.13255744520574808,0.7322683288983939,0.6607026852667331,-0.13255744520574808,0.7322683288983939,0.6597753781106646,-0.14002035322118672,0.7345068282055107,-0.11543632490029275,-0.12179623741558489,-0.018956693876007194,0.0,0.1054999508073859,0.1054999508073859,-2.179276581659728e-05,-0.005141994759982976,-0.00888235108149471,0.010263369123794807,-0.0009055143902519935,-0.0023209132554556644,0.011120850388611547,0.011396486652305826,0.007846386031578926,0.11212838809769778,measured_min_over_explicit_pairs,0.1298556721542099,284,collision_hand_right_thumb_external_semantic_rota1,right_object_23,26,0,0.6672965920275868,-0.16299247053345362,0.741625660588723,0.7049687944520555,-0.03998696306311905,0.7593159372139476,measured_min_over_explicit_pairs,-3.215273100054539e-05,3,collision_hand_right_thumb_floor_semantic_03,floor,0,0.0,,22,96.63178116083145,source endpoint interval; AA solve data only; object and floor separated
10,0.3333333333333333,RR,right,index,tool,0.6835628397762775,-0.0796357998624444,0.7226859285764334,0.6835628397762775,-0.0796357998624444,0.7226859285764334,0.686167123609035,-0.08237212607580824,0.7237853621370003,-0.06964038610468638,-0.07818668282036664,-0.030839570555127385,0.0,0.054204235745528906,0.054204235745528906,0.002604283832757459,-0.0027363262133638377,0.0010994335605668537,0.003934276246224287,-0.0010266198165403972,0.002724043951119831,0.018577473842844805,0.018804172358200956,0.019740057233059598,0.055140349625593166,measured_min_over_explicit_pairs,0.05192974280998003,389,collision_hand_right_index_1,right_object_3,1,0,0.6991876797662715,-0.09015916047989864,0.7442679376187241,0.710203866970457,-0.04091384725554681,0.7565252184439515,measured_min_over_explicit_pairs,-0.005822385167961075,6,collision_hand_right_index_floor_semantic_06,floor,0,0.0,,0,0.0,not_applicable_static_combination
10,0.3333333333333333,AR,right,index,tool,0.6835628397762775,-0.0796357998624444,0.7226859285764334,0.6835628397762775,-0.0796357998624444,0.7226859285764334,0.6851405037924946,-0.07964808212468841,0.7423628359798451,-0.06967888201268321,-0.07476013726065202,-0.012350270901836127,0.0,0.054204235745528906,0.054204235745528906,0.002604283832757459,-0.0027363262133638377,0.0010994335605668537,0.003934276246224287,-0.0010266198165403972,0.002724043951119831,0.018577473842844805,0.018804172358200956,0.019740057233059598,0.04664360108829455,measured_min_over_explicit_pairs,0.04912480996276908,395,collision_hand_right_index_1,right_object_9,1,0,0.6976575399236696,-0.08941252669586738,0.7589398445499105,0.7093779873521529,-0.04192408287197219,0.7634924008800493,measured_min_over_explicit_pairs,0.013745089417522616,6,collision_hand_right_index_floor_semantic_06,floor,0,0.0,,0,0.0,not_applicable_static_combination
10,0.3333333333333333,RA,right,index,tool,0.6835628397762775,-0.0796357998624444,0.7226859285764334,0.6835628397762775,-0.0796357998624444,0.7226859285764334,0.686167123609035,-0.08237212607580824,0.7237853621370003,-0.06961475204343391,-0.07807130378545553,-0.030061008266301193,0.0,0.053731896112980494,0.053731896112980494,0.002604283832757459,-0.0027363262133638377,0.0010994335605668537,0.003934276246224287,-0.0010266198165403972,0.002724043951119831,0.018577473842844805,0.018804172358200956,0.019740057233059598,0.054717071712475494,measured_min_over_explicit_pairs,0.051956169681693254,389,collision_hand_right_index_1,right_object_3,1,0,0.6991693876078988,-0.0901180517841283,0.744114716111002,0.710111981705546,-0.04066969025416661,0.7557148344039006,measured_min_over_explicit_pairs,-0.005822385167961075,6,collision_hand_right_index_floor_semantic_06,floor,0,0.0,,0,0.0,not_applicable_static_combination
10,0.3333333333333333,AA,right,index,tool,0.6835628397762775,-0.0796357998624444,0.7226859285764334,0.6835628397762775,-0.0796357998624444,0.7226859285764334,0.6851405037924946,-0.07964808212468841,0.7423628359798451,-0.0695884200321196,-0.07497216791066241,-0.011513998762565035,0.0,0.053731896112980494,0.053731896112980494,0.002604283832757459,-0.0027363262133638377,0.0010994335605668537,0.003934276246224287,-0.0010266198165403972,0.002724043951119831,0.018577473842844805,0.018804172358200956,0.019740057233059598,0.04652744290686149,measured_min_over_explicit_pairs,0.049407709024650914,395,collision_hand_right_index_1,right_object_9,1,0,0.6975736009715459,-0.08937223452998634,0.7587074746501025,0.7090159412892519,-0.041444419819107424,0.7623295094591601,measured_min_over_explicit_pairs,0.013745089417522616,6,collision_hand_right_index_floor_semantic_06,floor,0,0.0,,0,0.0,source endpoint interval; AA solve data only; object and floor separated
10,0.3333333333333333,RR,right,middle,tool,0.7109160669147968,-0.060866125859320164,0.720821018450701,0.7109160669147968,-0.060866125859320164,0.720821018450701,0.7123612347119006,-0.0711766167984656,0.725617182960556,-0.04117259210573171,-0.07740771870879443,-0.028889090684965008,0.0,0.033621345516322274,0.033621345516322274,0.0014451677971037968,-0.010310490939145434,0.004796164509854983,0.01146289349918154,0.0003464185218743365,0.0004984351850211705,0.01657458653688848,0.01658569752210529,0.023583791467070757,0.039148160180771024,measured_min_over_explicit_pairs,0.024184440516144094,591,collision_hand_right_middle_0,right_object_3,0,0,0.7140584560999796,-0.058128884633122394,0.7327698847987884,0.7165096141942905,-0.037488502052141506,0.7451332821468617,measured_min_over_explicit_pairs,-0.002726840775427064,8,collision_hand_right_middle_floor_semantic_08,floor,0,0.0,,0,0.0,not_applicable_static_combination
10,0.3333333333333333,AR,right,middle,tool,0.7109160669147968,-0.060866125859320164,0.720821018450701,0.7109160669147968,-0.060866125859320164,0.720821018450701,0.7127076532337749,-0.07067818161344443,0.7421917694974445,-0.04074777773309889,-0.07661130316637473,-0.012327973049751905,0.0,0.033621345516322274,0.033621345516322274,0.0014451677971037968,-0.010310490939145434,0.004796164509854983,0.01146289349918154,0.0003464185218743365,0.0004984351850211705,0.01657458653688848,0.01658569752210529,0.023583791467070757,0.03185504646251423,measured_min_over_explicit_pairs,0.016954569927051168,591,collision_hand_right_middle_0,right_object_3,0,0,0.7143363941260429,-0.05685215331331532,0.7475709886182446,0.71593832237406,-0.04073465238909467,0.7525827179861593,measured_min_over_explicit_pairs,0.01446974605537965,8,collision_hand_right_middle_floor_semantic_08,floor,0,0.0,,0,0.0,not_applicable_static_combination
10,0.3333333333333333,RA,right,middle,tool,0.7109160669147968,-0.060866125859320164,0.720821018450701,0.7109160669147968,-0.060866125859320164,0.720821018450701,0.7123612347119006,-0.0711766167984656,0.725617182960556,-0.04114043207340045,-0.07731624237835784,-0.02819836592446236,0.0,0.03296453557561568,0.03296453557561568,0.0014451677971037968,-0.010310490939145434,0.004796164509854983,0.01146289349918154,0.0003464185218743365,0.0004984351850211705,0.01657458653688848,0.01658569752210529,0.023583791467070757,0.03872846987269358,measured_min_over_explicit_pairs,0.023754458768928538,591,collision_hand_right_middle_0,right_object_3,0,0,0.7140118364689735,-0.058052853740926974,0.732650012519121,0.7163086723464656,-0.03759883486760582,0.7445088475498657,measured_min_over_explicit_pairs,-0.002726840775427064,8,collision_hand_right_middle_floor_semantic_08,floor,0,0.0,,0,0.0,not_applicable_static_combination
10,0.3333333333333333,AA,right,middle,tool,0.7109160669147968,-0.060866125859320164,0.720821018450701,0.7109160669147968,-0.060866125859320164,0.720821018450701,0.7127076532337749,-0.07067818161344443,0.7421917694974445,-0.0406568422124672,-0.07681256417836482,-0.011627372851866383,0.0,0.03296453557561568,0.03296453557561568,0.0014451677971037968,-0.010310490939145434,0.004796164509854983,0.01146289349918154,0.0003464185218743365,0.0004984351850211705,0.01657458653688848,0.01658569752210529,0.023583791467070757,0.031781969229000596,measured_min_over_explicit_pairs,0.016915365452296764,591,collision_hand_right_middle_0,right_object_3,0,0,0.7143315770004699,-0.05679036826200834,0.7473660784538663,0.7159216527259066,-0.040605624564782034,0.7520196060434723,measured_min_over_explicit_pairs,0.01446974605537965,8,collision_hand_right_middle_floor_semantic_08,floor,0,0.0,,0,0.0,source endpoint interval; AA solve data only; object and floor separated
10,0.3333333333333333,RR,right,ring,tool,0.7339830495417118,-0.0652763033285737,0.723676140540087,0.7339830495417118,-0.0652763033285737,0.723676140540087,0.7341728224740206,-0.06855442866029157,0.7248061675305834,-0.019931997554548813,-0.08304806361991707,-0.02943920863607162,0.0,0.03542739643965741,0.03542739643965741,0.0001897729323088182,-0.0032781253317178682,0.0011300269904963578,0.003472618674075477,-0.000146837014708745,-0.0002917765301831965,0.0163705623801349,0.016373820790955982,0.01786103779504642,0.03755606605569417,measured_min_over_explicit_pairs,0.022810454555953603,744,collision_hand_right_ring_0,right_object_3,0,0,0.7337405869072455,-0.05592129924132488,0.7325525921711116,0.7306393380445285,-0.036770851157683304,0.7445509016660559,measured_min_over_explicit_pairs,-0.002802393585896734,10,collision_hand_right_ring_floor_semantic_10,floor,0,0.0,,0,0.0,not_applicable_static_combination
10,0.3333333333333333,AR,right,ring,tool,0.7339830495417118,-0.0652763033285737,0.723676140540087,0.7339830495417118,-0.0652763033285737,0.723676140540087,0.7340259854593119,-0.06884620519047477,0.7411767299107183,-0.020256507577611382,-0.08280924328675933,-0.0130703459575669,0.0,0.03542739643965741,0.03542739643965741,0.0001897729323088182,-0.0032781253317178682,0.0011300269904963578,0.003472618674075477,-0.000146837014708745,-0.0002917765301831965,0.0163705623801349,0.016373820790955982,0.01786103779504642,0.030728888652206104,measured_min_over_explicit_pairs,0.01615126721225052,744,collision_hand_right_ring_0,right_object_3,0,0,0.7333398057880914,-0.05543160365476382,0.7471441698577149,0.7308343116216472,-0.04032778547638245,0.7522881574138653,measured_min_over_explicit_pairs,0.01398801842160502,10,collision_hand_right_ring_floor_semantic_10,floor,0,0.0,,0,0.0,not_applicable_static_combination
10,0.3333333333333333,RA,right,ring,tool,0.7339830495417118,-0.0652763033285737,0.723676140540087,0.7339830495417118,-0.0652763033285737,0.723676140540087,0.7341728224740206,-0.06855442866029157,0.7248061675305834,-0.019900169299788734,-0.08293799654531823,-0.028923689823479124,0.0,0.035007648052753505,0.035007648052753505,0.0001897729323088182,-0.0032781253317178682,0.0011300269904963578,0.003472618674075477,-0.000146837014708745,-0.0002917765301831965,0.0163705623801349,0.016373820790955982,0.01786103779504642,0.037195047044348235,measured_min_over_explicit_pairs,0.02245838605088961,744,collision_hand_right_ring_0,right_object_3,0,0,0.733676385225006,-0.05582858028620153,0.7323841018397649,0.7304788160453896,-0.03676547844156776,0.7438188210498498,measured_min_over_explicit_pairs,-0.002802393585896734,10,collision_hand_right_ring_floor_semantic_10,floor,0,0.0,,0,0.0,not_applicable_static_combination
10,0.3333333333333333,AA,right,ring,tool,0.7339830495417118,-0.0652763033285737,0.723676140540087,0.7339830495417118,-0.0652763033285737,0.723676140540087,0.7340259854593119,-0.06884620519047477,0.7411767299107183,-0.02016640979965562,-0.08298870928638105,-0.0125521122724773,0.0,0.035007648052753505,0.035007648052753505,0.0001897729323088182,-0.0032781253317178682,0.0011300269904963578,0.003472618674075477,-0.000146837014708745,-0.0002917765301831965,0.0163705623801349,0.016373820790955982,0.01786103779504642,0.030717952991247605,measured_min_over_explicit_pairs,0.01617798774063453,744,collision_hand_right_ring_0,right_object_3,0,0,0.7332593056702545,-0.055356036223206895,0.7468693040104881,0.7306194334422019,-0.04010497750968575,0.7515771241081988,measured_min_over_explicit_pairs,0.01398801842160502,10,collision_hand_right_ring_floor_semantic_10,floor,0,0.0,,0,0.0,source endpoint interval; AA solve data only; object and floor separated
10,0.3333333333333333,RR,right,pinky,tool,0.760516370087862,-0.0883541414514184,0.7226932599477408,0.760516370087862,-0.0883541414514184,0.7226932599477408,0.7563536378688408,-0.0667872857075579,0.7246054639960876,0.001332759442885423,-0.0896020213866602,-0.029353213664898854,0.0,0.061330331864947234,0.061330331864947234,-0.004162732219021192,0.021566855743860497,0.0019122040483467995,0.022047996065998367,-0.0015154147678664298,-0.001405259624384786,0.014170213553390765,0.01432013228567715,0.026407867524778243,0.04127748368618487,measured_min_over_explicit_pairs,0.027209726937905652,914,collision_hand_right_pinky_0,right_object_21,0,0,0.7540050491930944,-0.055056589643996595,0.7325127706217199,0.7442298612381362,-0.033376675498498154,0.7457338244043971,measured_min_over_explicit_pairs,-0.0022487094759711113,12,collision_hand_right_pinky_floor_semantic_12,floor,0,0.0,,0,0.0,not_applicable_static_combination
10,0.3333333333333333,AR,right,pinky,tool,0.760516370087862,-0.0883541414514184,0.7226932599477408,0.760516370087862,-0.0883541414514184,0.7226932599477408,0.7548382231009744,-0.06819254533194269,0.7387756775494784,-0.0006641019504583067,-0.08995345440258742,-0.015177345857586925,0.0,0.061330331864947234,0.061330331864947234,-0.004162732219021192,0.021566855743860497,0.0019122040483467995,0.022047996065998367,-0.0015154147678664298,-0.001405259624384786,0.014170213553390765,0.01432013228567715,0.026407867524778243,0.03595724256553998,measured_min_over_explicit_pairs,0.022009284882899723,919,collision_hand_right_pinky_0,right_object_26,0,0,0.7521610770543026,-0.05566703934381108,0.7450218373090979,0.7440047919096735,-0.03643483587609834,0.7519504723458592,measured_min_over_explicit_pairs,0.011974039979328888,12,collision_hand_right_pinky_floor_semantic_12,floor,0,0.0,,0,0.0,not_applicable_static_combination
10,0.3333333333333333,RA,right,pinky,tool,0.760516370087862,-0.0883541414514184,0.7226932599477408,0.760516370087862,-0.0883541414514184,0.7226932599477408,0.7563536378688408,-0.0667872857075579,0.7246054639960876,0.0013668088881301566,-0.08948445704673602,-0.029029242470091036,0.0,0.06121582982225394,0.06121582982225394,-0.004162732219021192,0.021566855743860497,0.0019122040483467995,0.022047996065998367,-0.0015154147678664298,-0.001405259624384786,0.014170213553390765,0.01432013228567715,0.026407867524778243,0.04102056528545283,measured_min_over_explicit_pairs,0.026983478617680738,914,collision_hand_right_pinky_0,right_object_21,0,0,0.7539721981094272,-0.054967229496899334,0.732337868044149,0.7441896469900267,-0.03322645863006846,0.7449770410401607,measured_min_over_explicit_pairs,-0.0022487094759711113,12,collision_hand_right_pinky_floor_semantic_12,floor,0,0.0,,0,0.0,not_applicable_static_combination
10,0.3333333333333333,AA,right,pinky,tool,0.760516370087862,-0.0883541414514184,0.7226932599477408,0.760516370087862,-0.0883541414514184,0.7226932599477408,0.7548382231009744,-0.06819254533194269,0.7387756775494784,-0.0005794038907704844,-0.09008719101102024,-0.014854788114919719,0.0,0.06121582982225394,0.06121582982225394,-0.004162732219021192,0.021566855743860497,0.0019122040483467995,0.022047996065998367,-0.0015154147678664298,-0.001405259624384786,0.014170213553390765,0.01432013228567715,0.026407867524778243,0.035985296175220956,measured_min_over_explicit_pairs,0.02208341722493875,919,collision_hand_right_pinky_0,right_object_26,0,0,0.7521340793595368,-0.05561939503624517,0.7448527919983974,0.7438907018316568,-0.03621719816424873,0.7514314544615319,measured_min_over_explicit_pairs,0.011974039979328888,12,collision_hand_right_pinky_floor_semantic_12,floor,0,0.0,,0,0.0,source endpoint interval; AA solve data only; object and floor separated
10,0.3333333333333333,RR,left,palm,target,0.4735937662422657,-0.2900170097127557,0.7683778955869315,0.4735937662422657,-0.2900170097127557,0.7683778955869315,0.4881486824770916,-0.32447182579256373,0.7600833354221453,-0.18832220028746982,-0.24563676161183337,0.02085023329172605,0.0,0.1251721086368324,0.1251721086368324,0.01455491623482591,-0.03445481607980805,-0.008294560164786136,0.038311612678448494,-0.009457730414484777,0.006237978174460701,0.030904871441257975,0.03291613760906345,0.03651571470863857,0.16201886272322177,measured_min_over_explicit_pairs,0.05422382158499707,1244,collision_hand_left_palm_0,left_object_7,17,0,0.44094794647161306,-0.2273182759701718,0.7576726219843417,0.42282058320397403,-0.17624878177915346,0.7557942473363572,measured_min_over_explicit_pairs,0.005343671275090389,13,collision_hand_left_palm_floor_semantic_13,floor,0,0.0,,0,0.0,not_applicable_static_combination
10,0.3333333333333333,AR,left,palm,target,0.4735937662422657,-0.2900170097127557,0.7683778955869315,0.4735937662422657,-0.2900170097127557,0.7683778955869315,0.4786909520626068,-0.318233847618103,0.7909882068634033,-0.19214301005393752,-0.2342783008545004,0.05150735150351161,0.0,0.1251721086368324,0.1251721086368324,0.01455491623482591,-0.03445481607980805,-0.008294560164786136,0.038311612678448494,-0.009457730414484777,0.006237978174460701,0.030904871441257975,0.03291613760906345,0.03651571470863857,0.1565077925852348,measured_min_over_explicit_pairs,0.04815377058172796,1244,collision_hand_left_palm_0,left_object_7,17,0,0.4523299258769925,-0.21473049040661543,0.7643997004116964,0.42904797452007376,-0.17334309451122362,0.7564109693954546,measured_min_over_explicit_pairs,0.03754074752898784,13,collision_hand_left_palm_floor_semantic_13,floor,0,0.0,,0,0.0,not_applicable_static_combination
10,0.3333333333333333,RA,left,palm,target,0.4735937662422657,-0.2900170097127557,0.7683778955869315,0.4735937662422657,-0.2900170097127557,0.7683778955869315,0.4881486824770916,-0.32447182579256373,0.7600833354221453,-0.17824715972321614,-0.24818745983883017,0.021651833489352307,0.0,0.1252924443202194,0.1252924443202194,0.01455491623482591,-0.03445481607980805,-0.008294560164786136,0.038311612678448494,-0.009457730414484777,0.006237978174460701,0.030904871441257975,0.03291613760906345,0.03651571470863857,0.1618885703688533,measured_min_over_explicit_pairs,0.05409763277527133,1244,collision_hand_left_palm_0,left_object_7,17,0,0.4422030189072375,-0.22693292894730513,0.7560373377638854,0.42239111017459435,-0.17670658472116318,0.7526673986049941,measured_min_over_explicit_pairs,0.005343671275090389,13,collision_hand_left_palm_floor_semantic_13,floor,0,0.0,,0,0.0,not_applicable_static_combination
10,0.3333333333333333,AA,left,palm,target,0.4735937662422657,-0.2900170097127557,0.7683778955869315,0.4735937662422657,-0.2900170097127557,0.7683778955869315,0.4786909520626068,-0.318233847618103,0.7909882068634033,-0.18183205937568714,-0.23759959576864179,0.05261177121557729,0.0,0.1252924443202194,0.1252924443202194,0.01455491623482591,-0.03445481607980805,-0.008294560164786136,0.038311612678448494,-0.009457730414484777,0.006237978174460701,0.030904871441257975,0.03291613760906345,0.03651571470863857,0.156966389185725,measured_min_over_explicit_pairs,0.04897592460706729,1243,collision_hand_left_palm_0,left_object_6,17,0,0.45292236394629143,-0.2145728205052256,0.7634899729885274,0.42686224654237515,-0.17432869507890675,0.7534938817183381,measured_min_over_explicit_pairs,0.03754074752898784,13,collision_hand_left_palm_floor_semantic_13,floor,0,0.0,,0,0.0,source endpoint interval; AA solve data only; object and floor separated
10,0.3333333333333333,RR,left,thumb,target,0.529351519793272,-0.18549673352390528,0.7575394465856192,0.529351519793272,-0.18549673352390528,0.7575394465856192,0.5338110844407897,-0.1949102776574856,0.7577804881015558,-0.07080493251527903,-0.17448103376622348,0.019087569354622174,0.0,0.07366750123015056,0.07366750123015056,0.004459564647517733,-0.00941354413358031,0.00024104151593662415,0.010419243303266282,0.0002971322596646564,0.004061877644494616,0.025046364606729377,0.025375332856768688,0.026281541204614452,0.08378342931017958,measured_min_over_explicit_pairs,0.0774758085348145,1439,collision_hand_left_thumb_0,left_object_6,52,0,0.5358302456912837,-0.18539450337501118,0.7587895796892329,0.4858403701111138,-0.12637285023831576,0.75432217455717,measured_min_over_explicit_pairs,0.02398718066434835,15,collision_hand_left_thumb_floor_semantic_15,floor,0,0.0,,0,0.0,not_applicable_static_combination
10,0.3333333333333333,AR,left,thumb,target,0.529351519793272,-0.18549673352390528,0.7575394465856192,0.529351519793272,-0.18549673352390528,0.7575394465856192,0.5341082167004544,-0.19084840001299097,0.7828268527082852,-0.06837814033033988,-0.17109291856223727,0.04411832788582615,0.0,0.07366750123015056,0.07366750123015056,0.004459564647517733,-0.00941354413358031,0.00024104151593662415,0.010419243303266282,0.0002971322596646564,0.004061877644494616,0.025046364606729377,0.025375332856768688,0.026281541204614452,0.08526366707376543,measured_min_over_explicit_pairs,0.0796482672070042,1439,collision_hand_left_thumb_0,left_object_6,53,0,0.5363982906472397,-0.18287605581409228,0.779506751210508,0.4870600066080263,-0.12499833550005529,0.7558477214672079,measured_min_over_explicit_pairs,0.04914886915609196,16,collision_hand_left_thumb_floor_semantic_16,floor,0,0.0,,0,0.0,not_applicable_static_combination
10,0.3333333333333333,RA,left,thumb,target,0.529351519793272,-0.18549673352390528,0.7575394465856192,0.529351519793272,-0.18549673352390528,0.7575394465856192,0.5338110844407897,-0.1949102776574856,0.7577804881015558,-0.06333432479975223,-0.172921582648713,0.01907483626595375,0.0,0.07223439237980556,0.07223439237980556,0.004459564647517733,-0.00941354413358031,0.00024104151593662415,0.010419243303266282,0.0002971322596646564,0.004061877644494616,0.025046364606729377,0.025375332856768688,0.026281541204614452,0.08232760387088932,measured_min_over_explicit_pairs,0.07577096031011213,1439,collision_hand_left_thumb_0,left_object_6,53,0,0.5362638227947473,-0.18506567034258503,0.758501472235435,0.4895641401806444,-0.1256817170847064,0.752677026723223,measured_min_over_explicit_pairs,0.02398718066434835,15,collision_hand_left_thumb_floor_semantic_15,floor,0,0.0,,0,0.0,not_applicable_static_combination
10,0.3333333333333333,AA,left,thumb,target,0.529351519793272,-0.18549673352390528,0.7575394465856192,0.529351519793272,-0.18549673352390528,0.7575394465856192,0.5341082167004544,-0.19084840001299097,0.7828268527082852,-0.060514893719487865,-0.16996270464051375,0.04411886483381877,0.0,0.07223439237980556,0.07223439237980556,0.004459564647517733,-0.00941354413358031,0.00024104151593662415,0.010419243303266282,0.0002971322596646564,0.004061877644494616,0.025046364606729377,0.025375332856768688,0.026281541204614452,0.08440053752245899,measured_min_over_explicit_pairs,0.07836042298094922,1439,collision_hand_left_thumb_0,left_object_6,53,0,0.5369164266149521,-0.18257834256348154,0.7792048409790348,0.491082657254255,-0.12408119297221147,0.7543511699093463,measured_min_over_explicit_pairs,0.04914886915609196,16,collision_hand_left_thumb_floor_semantic_16,floor,0,0.0,,0,0.0,source endpoint interval; AA solve data only; object and floor separated
10,0.3333333333333333,RR,left,index,target,0.5248337224125862,-0.15434971544891596,0.7422387554578421,0.5248337224125862,-0.15434971544891596,0.7422387554578421,0.5332738879802298,-0.16144515640116916,0.7398082703856319,-0.049718155489020865,-0.1485847327119098,0.0009786500960083761,0.0,0.048259106997067286,0.048259106997067286,0.008440165567643598,-0.007095440952253201,-0.00243048507221022,0.011291099804819064,-0.011642234282931985,0.01666444150158211,0.03454318995760475,0.040080883250066916,0.033660731284791294,0.059355684595193664,measured_min_over_explicit_pairs,0.03958074366924995,1503,collision_hand_left_index_external_semantic_rota1,left_object_6,39,0,0.5138757043656198,-0.15388428959761669,0.7605470325711796,0.48849984285629144,-0.12401401389513378,0.7550272905909854,measured_min_over_explicit_pairs,0.008132797339272524,19,collision_hand_left_index_floor_semantic_19,floor,0,0.0,,0,0.0,not_applicable_static_combination
10,0.3333333333333333,AR,left,index,target,0.5248337224125862,-0.15434971544891596,0.7422387554578421,0.5248337224125862,-0.15434971544891596,0.7422387554578421,0.5216316536972978,-0.14478071489958705,0.7743514603432367,-0.04866812970311926,-0.12771774732191016,0.03518308794678993,0.0,0.048259106997067286,0.048259106997067286,0.008440165567643598,-0.007095440952253201,-0.00243048507221022,0.011291099804819064,-0.011642234282931985,0.01666444150158211,0.03454318995760475,0.040080883250066916,0.033660731284791294,0.04209639001222857,measured_min_over_explicit_pairs,0.028411102491923232,1570,collision_hand_left_index_0,left_object_6,29,0,0.5153452528370623,-0.13323720977868728,0.7700911405928312,0.4992396901113796,-0.11442032033339922,0.7561725822731102,measured_min_over_explicit_pairs,0.043912744390442904,19,collision_hand_left_index_floor_semantic_19,floor,0,0.0,,0,0.0,not_applicable_static_combination
10,0.3333333333333333,RA,left,index,target,0.5248337224125862,-0.15434971544891596,0.7422387554578421,0.5248337224125862,-0.15434971544891596,0.7422387554578421,0.5332738879802298,-0.16144515640116916,0.7398082703856319,-0.04353529951020877,-0.14593485250576813,0.001104902372317388,0.0,0.045613967720744816,0.045613967720744816,0.008440165567643598,-0.007095440952253201,-0.00243048507221022,0.011291099804819064,-0.011642234282931985,0.01666444150158211,0.03454318995760475,0.040080883250066916,0.033660731284791294,0.05668278874183818,measured_min_over_explicit_pairs,0.03793183517612553,1503,collision_hand_left_index_external_semantic_rota1,left_object_6,33,0,0.5145610192648092,-0.15347480442465206,0.7597867901520122,0.4914420872684141,-0.12406588823103767,0.7535054884165613,measured_min_over_explicit_pairs,0.008132797339272524,19,collision_hand_left_index_floor_semantic_19,floor,0,0.0,,0,0.0,not_applicable_static_combination
10,0.3333333333333333,AA,left,index,target,0.5248337224125862,-0.15434971544891596,0.7422387554578421,0.5248337224125862,-0.15434971544891596,0.7422387554578421,0.5216316536972978,-0.14478071489958705,0.7743514603432367,-0.04251114793922009,-0.12574755946395402,0.0357156162526906,0.0,0.045613967720744816,0.045613967720744816,0.008440165567643598,-0.007095440952253201,-0.00243048507221022,0.011291099804819064,-0.011642234282931985,0.01666444150158211,0.03454318995760475,0.040080883250066916,0.033660731284791294,0.04072063209762145,measured_min_over_explicit_pairs,0.02702370779006849,1570,collision_hand_left_index_0,left_object_6,26,0,0.5158523549536054,-0.1332234015898474,0.7695763393204093,0.5019036504691069,-0.1152880793703937,0.7549462797575943,measured_min_over_explicit_pairs,0.043912744390442904,19,collision_hand_left_index_floor_semantic_19,floor,0,0.0,,0,0.0,source endpoint interval; AA solve data only; object and floor separated
10,0.3333333333333333,RR,left,middle,target,0.5125119559466839,-0.15498034749180079,0.732675905459368,0.5125119559466839,-0.15498034749180079,0.732675905459368,0.5115639861969994,-0.15726609663911456,0.7389752001028121,-0.06383343634920828,-0.13160143654826184,-0.0003648080106326388,0.0,0.041905134723468254,0.041905134723468254,-0.0009479697496844741,-0.002285749147313776,0.006299294643444142,0.006767895449523918,-0.01038460816061293,0.016839190167529383,0.035479486551432626,0.040622559964888665,0.04566942659757448,0.043138952635036726,measured_min_over_explicit_pairs,0.02454441809160467,1764,collision_hand_left_middle_external_semantic_link2,left_object_6,30,0,0.4962970139804893,-0.14965096690261642,0.7531806525780256,0.48049279605459627,-0.13090159039393132,0.7542370785063027,measured_min_over_explicit_pairs,0.0068794842013449875,21,collision_hand_left_middle_floor_semantic_21,floor,0,0.0,,0,0.0,not_applicable_static_combination
10,0.3333333333333333,AR,left,middle,target,0.5125119559466839,-0.15498034749180079,0.732675905459368,0.5125119559466839,-0.15498034749180079,0.732675905459368,0.5011793780363865,-0.14042690647158518,0.7744546866542448,-0.06171475869979404,-0.11138056952294437,0.03480364546493657,0.0,0.041905134723468254,0.041905134723468254,-0.0009479697496844741,-0.002285749147313776,0.006299294643444142,0.006767895449523918,-0.01038460816061293,0.016839190167529383,0.035479486551432626,0.040622559964888665,0.04566942659757448,0.028118096332374137,measured_min_over_explicit_pairs,0.014803924813278186,1764,collision_hand_left_middle_external_semantic_link2,left_object_6,28,0,0.5024359528210103,-0.12560484799626864,0.7666065488498479,0.49538213260934916,-0.1174277311087499,0.7564806133519983,measured_min_over_explicit_pairs,0.043921784731395075,21,collision_hand_left_middle_floor_semantic_21,floor,0,0.0,,0,0.0,not_applicable_static_combination
10,0.3333333333333333,RA,left,middle,target,0.5125119559466839,-0.15498034749180079,0.732675905459368,0.5125119559466839,-0.15498034749180079,0.732675905459368,0.5115639861969994,-0.15726609663911456,0.7389752001028121,-0.058256782251500494,-0.12943457287591184,0.00039984913826261064,0.0,0.039589254223056404,0.039589254223056404,-0.0009479697496844741,-0.002285749147313776,0.006299294643444142,0.006767895449523918,-0.01038460816061293,0.016839190167529383,0.035479486551432626,0.040622559964888665,0.04566942659757448,0.0408598544035844,measured_min_over_explicit_pairs,0.02292018000360859,1764,collision_hand_left_middle_external_semantic_link2,left_object_6,30,0,0.49755890265670955,-0.1485536318545143,0.7516246175891259,0.4834034067028451,-0.13053786363310863,0.7522480605219863,measured_min_over_explicit_pairs,0.0068794842013449875,21,collision_hand_left_middle_floor_semantic_21,floor,0,0.0,,0,0.0,not_applicable_static_combination
10,0.3333333333333333,AA,left,middle,target,0.5125119559466839,-0.15498034749180079,0.732675905459368,0.5125119559466839,-0.15498034749180079,0.732675905459368,0.5011793780363865,-0.14042690647158518,0.7744546866542448,-0.05612266260781616,-0.10987498983883696,0.03593941332893875,0.0,0.039589254223056404,0.039589254223056404,-0.0009479697496844741,-0.002285749147313776,0.006299294643444142,0.006767895449523918,-0.01038460816061293,0.016839190167529383,0.035479486551432626,0.040622559964888665,0.04566942659757448,0.027780073378036046,measured_min_over_explicit_pairs,0.014267290192122903,1764,collision_hand_left_middle_external_semantic_link2,left_object_6,25,0,0.50325808421771,-0.12580892281746184,0.7659555383804,0.49759163784920957,-0.11845933885911236,0.7551189996978536,measured_min_over_explicit_pairs,0.043921784731395075,21,collision_hand_left_middle_floor_semantic_21,floor,0,0.0,,0,0.0,source endpoint interval; AA solve data only; object and floor separated
10,0.3333333333333333,RR,left,ring,target,0.496575104445219,-0.159490124322474,0.7320100619725821,0.496575104445219,-0.159490124322474,0.7320100619725821,0.49183060543848944,-0.15928368828401177,0.7318210099364963,-0.08025633190291331,-0.12077184597440523,-0.007958746302219558,0.0,0.035224410589179085,0.035224410589179085,-0.0047444990067295745,0.00020643603846223768,-0.00018905203608576837,0.004752749450074354,-0.013610442944872903,0.019723730466745415,0.04137390808010222,0.047812864069214776,0.04929815207833206,0.03205776870475726,measured_min_over_explicit_pairs,0.011460631105059724,1828,collision_hand_left_ring_1,left_object_6,13,0,0.4677547619602727,-0.15661294936561215,0.7538244105425221,0.4603847275077376,-0.14786291867708562,0.7545067744077387,measured_min_over_explicit_pairs,-0.0004821570626706295,23,collision_hand_left_ring_floor_semantic_23,floor,0,0.0,,0,0.0,not_applicable_static_combination
10,0.3333333333333333,AR,left,ring,target,0.496575104445219,-0.159490124322474,0.7320100619725821,0.496575104445219,-0.159490124322474,0.7320100619725821,0.47822016249361654,-0.13955995781726635,0.7731949180165986,-0.07889026688362805,-0.0961727631068382,0.033017941691551554,0.0,0.035224410589179085,0.035224410589179085,-0.0047444990067295745,0.00020643603846223768,-0.00018905203608576837,0.004752749450074354,-0.013610442944872903,0.019723730466745415,0.04137390808010222,0.047812864069214776,0.04929815207833206,0.017375538174161483,measured_min_over_explicit_pairs,0.023445578823591256,1828,collision_hand_left_ring_1,left_object_6,14,0,0.4634276837970899,-0.15456402771333194,0.779348890993084,0.45777547524709106,-0.14824458251843414,0.7574899725086477,measured_min_over_explicit_pairs,0.04315010341234371,23,collision_hand_left_ring_floor_semantic_23,floor,0,0.0,,0,0.0,not_applicable_static_combination
10,0.3333333333333333,RA,left,ring,target,0.496575104445219,-0.159490124322474,0.7320100619725821,0.496575104445219,-0.159490124322474,0.7320100619725821,0.49183060543848944,-0.15928368828401177,0.7318210099364963,-0.07519809530995733,-0.11903626426904007,-0.006637658880440886,0.0,0.03339546263349707,0.03339546263349707,-0.0047444990067295745,0.00020643603846223768,-0.00018905203608576837,0.004752749450074354,-0.013610442944872903,0.019723730466745415,0.04137390808010222,0.047812864069214776,0.04929815207833206,0.030337415287311213,measured_min_over_explicit_pairs,0.010804228345050942,1828,collision_hand_left_ring_1,left_object_6,12,0,0.4680575090077239,-0.15634314219137854,0.7528366166424156,0.4613821691553428,-0.14785134425310842,0.7525905358369787,measured_min_over_explicit_pairs,-0.0004821570626706295,23,collision_hand_left_ring_floor_semantic_23,floor,0,0.0,,0,0.0,not_applicable_static_combination
10,0.3333333333333333,AA,left,ring,target,0.496575104445219,-0.159490124322474,0.7320100619725821,0.496575104445219,-0.159490124322474,0.7320100619725821,0.47822016249361654,-0.13955995781726635,0.7731949180165986,-0.07384923493457853,-0.09524731438455655,0.03481516261077338,0.0,0.03339546263349707,0.03339546263349707,-0.0047444990067295745,0.00020643603846223768,-0.00018905203608576837,0.004752749450074354,-0.013610442944872903,0.019723730466745415,0.04137390808010222,0.047812864069214776,0.04929815207833206,0.018754721215217644,measured_min_over_explicit_pairs,0.025454999616489563,1828,collision_hand_left_ring_1,left_object_6,14,0,0.4639341574661579,-0.15460633315736605,0.7792180076300196,0.45887187942751484,-0.1478350156277759,0.7552080179288885,measured_min_over_explicit_pairs,0.04315010341234371,23,collision_hand_left_ring_floor_semantic_23,floor,22,461.06985342502594,101,0,0.0,source endpoint interval; AA solve data only; object and floor separated
10,0.3333333333333333,RR,left,pinky,target,0.47322301045060156,-0.17380252573639154,0.7363421871595023,0.47322301045060156,-0.17380252573639154,0.7363421871595023,0.4662189590113272,-0.15521273821783907,0.732464622113137,-0.0974781331947576,-0.10137208065710519,-0.007914365190500247,0.0,0.031349805388063326,0.031349805388063326,-0.00700405143927435,0.018589787518552475,-0.003877565046365272,0.020240366776264805,-0.010443212000542268,0.014358320693577425,0.03853809452982526,0.04243120054886064,0.05090517793280348,0.012598428388869024,measured_min_over_explicit_pairs,-0.0025444526716837494,1926,collision_hand_left_pinky_1,left_object_6,14,0,0.44357713519863134,-0.15853887473587724,0.7543350107982002,0.4451785727448603,-0.16045257383937994,0.7538376247054919,measured_min_over_explicit_pairs,0.0011467883755906794,25,collision_hand_left_pinky_floor_semantic_25,floor,0,0.0,,0,0.0,not_applicable_static_combination
10,0.3333333333333333,AR,left,pinky,target,0.47322301045060156,-0.17380252573639154,0.7363421871595023,0.47322301045060156,-0.17380252573639154,0.7363421871595023,0.45577574701078494,-0.14085441752426164,0.7710027166429623,-0.09702491839954915,-0.08297846986825051,0.03032012785589916,0.0,0.031349805388063326,0.031349805388063326,-0.00700405143927435,0.018589787518552475,-0.003877565046365272,0.020240366776264805,-0.010443212000542268,0.014358320693577425,0.03853809452982526,0.04243120054886064,0.05090517793280348,0.014241790588292431,measured_min_over_explicit_pairs,0.017084361705747068,1926,collision_hand_left_pinky_1,left_object_6,15,0,0.44336518775744255,-0.16302220975962176,0.7748209637039032,0.4413907644070775,-0.16098492635767817,0.7579738113134695,measured_min_over_explicit_pairs,0.04141187507057631,25,collision_hand_left_pinky_floor_semantic_25,floor,0,0.0,,0,0.0,not_applicable_static_combination
10,0.3333333333333333,RA,left,pinky,target,0.47322301045060156,-0.17380252573639154,0.7363421871595023,0.47322301045060156,-0.17380252573639154,0.7363421871595023,0.4662189590113272,-0.15521273821783907,0.732464622113137,-0.09307913809585419,-0.10025914624576661,-0.005843019708143997,0.0,0.030602720619619186,0.030602720619619186,-0.00700405143927435,0.018589787518552475,-0.003877565046365272,0.020240366776264805,-0.010443212000542268,0.014358320693577425,0.03853809452982526,0.04243120054886064,0.05090517793280348,0.011518176037378225,measured_min_over_explicit_pairs,-0.002821505481643118,1926,collision_hand_left_pinky_1,left_object_6,13,0,0.44372003688847733,-0.15813360958643713,0.75239070459769,0.4454622471876805,-0.16035097003098592,0.7522963164880428,measured_min_over_explicit_pairs,0.0011467883755906794,25,collision_hand_left_pinky_floor_semantic_25,floor,0,0.0,,0,0.0,not_applicable_static_combination
10,0.3333333333333333,AA,left,pinky,target,0.47322301045060156,-0.17380252573639154,0.7363421871595023,0.47322301045060156,-0.17380252573639154,0.7363421871595023,0.45577574701078494,-0.14085441752426164,0.7710027166429623,-0.09248286845610117,-0.08264656871972632,0.03275553409149417,0.0,0.030602720619619186,0.030602720619619186,-0.00700405143927435,0.018589787518552475,-0.003877565046365272,0.020240366776264805,-0.010443212000542268,0.014358320693577425,0.03853809452982526,0.04243120054886064,0.05090517793280348,0.016577340748459606,measured_min_over_explicit_pairs,0.019834676424846962,1926,collision_hand_left_pinky_1,left_object_6,15,0,0.443714653058874,-0.16254770820845785,0.774843185105748,0.4420310193979189,-0.1601500772612388,0.7552260718518818,measured_min_over_explicit_pairs,0.04141187507057631,25,collision_hand_left_pinky_floor_semantic_25,floor,79,496.57296523451805,101,0,0.0,source endpoint interval; AA solve data only; object and floor separated
11,0.36666666666666664,RR,right,palm,tool,0.7438657082617283,-0.21994727943092585,0.7641937687329886,0.7438657082617283,-0.21994727943092585,0.7641937687329886,0.7482923576867079,-0.2503065777407328,0.7627957241909569,-0.07420119314552193,-0.2560377469563272,0.013296951498895114,0.0,0.17730010857947331,0.17730010857947331,0.004426649424979612,-0.030359298309806937,-0.00139804454203174,0.03071215960392599,-0.0011082599198316556,-0.0031925427331289113,0.00616332121919938,0.007029018253198153,0.03405063300569122,0.20797435669412628,measured_min_over_explicit_pairs,0.10742110927393499,118,collision_hand_right_palm_0,right_object_9,1,0,0.7274375707719389,-0.15096470456107924,0.7654002759161058,0.7239448912781112,-0.0436546009781344,0.7688116651659169,measured_min_over_explicit_pairs,0.004604233113482459,0,collision_hand_right_palm_floor_semantic_00,floor,0,0.0,,0,0.0,not_applicable_static_combination
11,0.36666666666666664,AR,right,palm,tool,0.7438657082617283,-0.21994727943092585,0.7641937687329886,0.7438657082617283,-0.21994727943092585,0.7641937687329886,0.7471840977668762,-0.2534991204738617,0.7689590454101562,-0.07643509870098303,-0.258419903690078,0.01952126614943444,0.0,0.17730010857947331,0.17730010857947331,0.004426649424979612,-0.030359298309806937,-0.00139804454203174,0.03071215960392599,-0.0011082599198316556,-0.0031925427331289113,0.00616332121919938,0.007029018253198153,0.03405063300569122,0.21092996027752411,measured_min_over_explicit_pairs,0.11059379323934888,118,collision_hand_right_palm_0,right_object_9,3,0,0.7320755701864567,-0.15390435438089145,0.7640184187242446,0.7259277720268169,-0.04357179713607926,0.7684814325799729,measured_min_over_explicit_pairs,0.013530704548568195,0,collision_hand_right_palm_floor_semantic_00,floor,0,0.0,,0,0.0,not_applicable_static_combination
11,0.36666666666666664,RA,right,palm,tool,0.7438657082617283,-0.21994727943092585,0.7641937687329886,0.7438657082617283,-0.21994727943092585,0.7641937687329886,0.7482923576867079,-0.2503065777407328,0.7627957241909569,-0.07391741409557309,-0.25667284075244823,0.010759456239860056,0.0,0.1778530778155196,0.1778530778155196,0.004426649424979612,-0.030359298309806937,-0.00139804454203174,0.03071215960392599,-0.0011082599198316556,-0.0031925427331289113,0.00616332121919938,0.007029018253198153,0.03405063300569122,0.20851826854875297,measured_min_over_explicit_pairs,0.10793356753644802,118,collision_hand_right_palm_0,right_object_9,1,0,0.7274796879456144,-0.1509015279922208,0.7634560878233094,0.7239703464337064,-0.04307949570546812,0.7668837512916566,measured_min_over_explicit_pairs,0.004604233113482459,0,collision_hand_right_palm_floor_semantic_00,floor,0,0.0,,0,0.0,not_applicable_static_combination
11,0.36666666666666664,AA,right,palm,tool,0.7438657082617283,-0.21994727943092585,0.7641937687329886,0.7438657082617283,-0.21994727943092585,0.7641937687329886,0.7471840977668762,-0.2534991204738617,0.7689590454101562,-0.07613415427406574,-0.25916815568377105,0.0169454536516253,0.0,0.1778530778155196,0.1778530778155196,0.004426649424979612,-0.030359298309806937,-0.00139804454203174,0.03071215960392599,-0.0011082599198316556,-0.0031925427331289113,0.00616332121919938,0.007029018253198153,0.03405063300569122,0.21153242727595323,measured_min_over_explicit_pairs,0.11110703097041406,118,collision_hand_right_palm_0,right_object_9,2,0,0.7321063661366081,-0.1538094615125365,0.7617149426704933,0.7259300376057234,-0.042964878866620704,0.7661986682410289,measured_min_over_explicit_pairs,0.013530704548568195,0,collision_hand_right_palm_floor_semantic_00,floor,0,0.0,,0,0.0,source endpoint interval; AA solve data only; object and floor separated
11,0.36666666666666664,RR,right,thumb,tool,0.6636505074799061,-0.1296814763918519,0.740313525431597,0.6636505074799061,-0.1296814763918519,0.740313525431597,0.6628243893983875,-0.1351963319783923,0.7313966685979362,-0.11095991786375968,-0.1184391082462904,-0.022149539965944435,0.0,0.10019889028767245,0.10019889028767245,-0.0008261180815185565,-0.005514855586540385,-0.008916856833660836,0.010516959589967604,-0.002393985880512872,-0.004790684026368924,0.002645517873291481,0.005973322915639672,0.012486108625003229,0.10737983596413,measured_min_over_explicit_pairs,0.12500612561997218,284,collision_hand_right_thumb_external_semantic_rota1,right_object_23,22,0,0.6695997717835505,-0.1583244184908151,0.7394367208249628,0.7053363114655473,-0.04040005426844943,0.7604908296121846,measured_min_over_explicit_pairs,-0.0020524818188646377,3,collision_hand_right_thumb_floor_semantic_03,floor,0,0.0,,0,0.0,not_applicable_static_combination
11,0.36666666666666664,AR,right,thumb,tool,0.6636505074799061,-0.1296814763918519,0.740313525431597,0.6636505074799061,-0.1296814763918519,0.740313525431597,0.6604304035178746,-0.1399870160047612,0.7340421864712277,-0.11496515628766843,-0.12193037688994086,-0.019420127010744352,0.0,0.10019889028767245,0.10019889028767245,-0.0008261180815185565,-0.005514855586540385,-0.008916856833660836,0.010516959589967604,-0.002393985880512872,-0.004790684026368924,0.002645517873291481,0.005973322915639672,0.012486108625003229,0.11199519589674094,measured_min_over_explicit_pairs,0.12963744920066117,284,collision_hand_right_thumb_external_semantic_rota1,right_object_23,26,0,0.6677868622745784,-0.1630133134144794,0.7414672709993133,0.7053363114655473,-0.04040005426844943,0.7604908296121846,measured_min_over_explicit_pairs,-1.51339918642579e-05,3,collision_hand_right_thumb_floor_semantic_03,floor,0,0.0,,0,0.0,not_applicable_static_combination
11,0.36666666666666664,RA,right,thumb,tool,0.6636505074799061,-0.1296814763918519,0.740313525431597,0.6636505074799061,-0.1296814763918519,0.740313525431597,0.6628243893983875,-0.1351963319783923,0.7313966685979362,-0.11081778774487533,-0.11847003278408473,-0.022094603922240295,0.0,0.10020152614698846,0.10020152614698846,-0.0008261180815185565,-0.005514855586540385,-0.008916856833660836,0.010516959589967604,-0.002393985880512872,-0.004790684026368924,0.002645517873291481,0.005973322915639672,0.012486108625003229,0.10729529627319542,measured_min_over_explicit_pairs,0.12509759939085044,284,collision_hand_right_thumb_external_semantic_rota1,right_object_23,22,0,0.6695521042817658,-0.15827251640829568,0.7392189607514659,0.705214314965525,-0.039980782764897915,0.7588322688390965,measured_min_over_explicit_pairs,-0.0020524818188646377,3,collision_hand_right_thumb_floor_semantic_03,floor,0,0.0,,0,0.0,not_applicable_static_combination
11,0.36666666666666664,AA,right,thumb,tool,0.6636505074799061,-0.1296814763918519,0.740313525431597,0.6636505074799061,-0.1296814763918519,0.740313525431597,0.6604304035178746,-0.1399870160047612,0.7340421864712277,-0.11481461914613113,-0.12201173961258627,-0.019418368105764635,0.0,0.10020152614698846,0.10020152614698846,-0.0008261180815185565,-0.005514855586540385,-0.008916856833660836,0.010516959589967604,-0.002393985880512872,-0.004790684026368924,0.002645517873291481,0.005973322915639672,0.012486108625003229,0.11195210324185038,measured_min_over_explicit_pairs,0.1297548974475394,284,collision_hand_right_thumb_external_semantic_rota1,right_object_23,26,0,0.667726989574071,-0.16297177862712187,0.7413127308630835,0.7049687960556212,-0.039986960754547995,0.7593159481994948,measured_min_over_explicit_pairs,-1.51339918642579e-05,3,collision_hand_right_thumb_floor_semantic_03,floor,0,0.0,,3,3.1226514279842377,source endpoint interval; AA solve data only; object and floor separated
11,0.36666666666666664,RR,right,index,tool,0.6865984298288822,-0.08072166237980127,0.7250845982961295,0.6865984298288822,-0.08072166237980127,0.7250845982961295,0.6886037216505116,-0.08340293524380588,0.7264288331246659,-0.06784716731956197,-0.07998841223650957,-0.028035457297878468,0.0,0.05306193932246323,0.05306193932246323,0.0020052918216294513,-0.0026812728640046024,0.0013442348285364059,0.003607961576207777,-0.002033264873217089,0.0020094555466782793,0.011899704426694524,0.012238261440312013,0.013260997247406451,0.05417788793335399,measured_min_over_explicit_pairs,0.049894126747013684,395,collision_hand_right_index_1,right_object_9,1,0,0.7024778232995098,-0.08946819684045516,0.7475843951215381,0.7118595824588213,-0.04165964370908433,0.7583430533282399,measured_min_over_explicit_pairs,-0.0037741917641477274,6,collision_hand_right_index_floor_semantic_06,floor,0,0.0,,0,0.0,not_applicable_static_combination
11,0.36666666666666664,AR,right,index,tool,0.6865984298288822,-0.08072166237980127,0.7250845982961295,0.6865984298288822,-0.08072166237980127,0.7250845982961295,0.6865704567772946,-0.0813934796971276,0.7383285375513604,-0.06904108146853025,-0.07703482517516483,-0.01621911541227876,0.0,0.05306193932246323,0.05306193932246323,0.0020052918216294513,-0.0026812728640046024,0.0013442348285364059,0.003607961576207777,-0.002033264873217089,0.0020094555466782793,0.011899704426694524,0.012238261440312013,0.013260997247406451,0.04887075961076868,measured_min_over_explicit_pairs,0.05009348383926922,395,collision_hand_right_index_1,right_object_9,1,0,0.6993353188593455,-0.09042883081522317,0.7558906867073323,0.7100534672963279,-0.041899489282534126,0.7621661490521767,measured_min_over_explicit_pairs,0.00934478495543456,6,collision_hand_right_index_floor_semantic_06,floor,0,0.0,,0,0.0,not_applicable_static_combination
11,0.36666666666666664,RA,right,index,tool,0.6865984298288822,-0.08072166237980127,0.7250845982961295,0.6865984298288822,-0.08072166237980127,0.7250845982961295,0.6886037216505116,-0.08340293524380588,0.7264288331246659,-0.06773427360490139,-0.07990175302583778,-0.027396293445535888,0.0,0.05262967491958493,0.05262967491958493,0.0020052918216294513,-0.0026812728640046024,0.0013442348285364059,0.003607961576207777,-0.002033264873217089,0.0020094555466782793,0.011899704426694524,0.012238261440312013,0.013260997247406451,0.05380111115056583,measured_min_over_explicit_pairs,0.04996559258655557,395,collision_hand_right_index_1,right_object_9,1,0,0.7024076739720957,-0.08940841559964155,0.7473693366239497,0.711510783365563,-0.04128246680599012,0.7572479445525531,measured_min_over_explicit_pairs,-0.0037741917641477274,6,collision_hand_right_index_floor_semantic_06,floor,0,0.0,,0,0.0,not_applicable_static_combination
11,0.36666666666666664,AA,right,index,tool,0.6865984298288822,-0.08072166237980127,0.7250845982961295,0.6865984298288822,-0.08072166237980127,0.7250845982961295,0.6865704567772946,-0.0813934796971276,0.7383285375513604,-0.06889826750703391,-0.07716298551486735,-0.015525349346683473,0.0,0.05262967491958493,0.05262967491958493,0.0020052918216294513,-0.0026812728640046024,0.0013442348285364059,0.003607961576207777,-0.002033264873217089,0.0020094555466782793,0.011899704426694524,0.012238261440312013,0.013260997247406451,0.04867946149884952,measured_min_over_explicit_pairs,0.050309496198986545,395,collision_hand_right_index_1,right_object_9,1,0,0.6992525322427515,-0.09038470427616908,0.7556720109970064,0.7096698199021299,-0.04146109659204485,0.761057745560416,measured_min_over_explicit_pairs,0.00934478495543456,6,collision_hand_right_index_floor_semantic_06,floor,0,0.0,,0,0.0,source endpoint interval; AA solve data only; object and floor separated
11,0.36666666666666664,RR,right,middle,tool,0.7112745739519596,-0.06254647392779589,0.7213377311162589,0.7112745739519596,-0.06254647392779589,0.7213377311162589,0.7129821085850566,-0.07245847822535992,0.7264420195315882,-0.04115028088506939,-0.07882397119041103,-0.027949465470954324,0.0,0.03455648796013798,0.03455648796013798,0.0017075346330970298,-0.009912004297564031,0.005104288415329283,0.011279063079219762,0.0005787278151155872,0.00039004250827731624,0.011450887713286395,0.011472135305362513,0.019234568072827366,0.03979131253242655,measured_min_over_explicit_pairs,0.02488655192654022,591,collision_hand_right_middle_0,right_object_3,0,0,0.7145330741407252,-0.05918565062162148,0.7330952099544701,0.7166285334425482,-0.03780709456610225,0.7456613095119226,measured_min_over_explicit_pairs,-0.00255055084766187,8,collision_hand_right_middle_floor_semantic_08,floor,0,0.0,,0,0.0,not_applicable_static_combination
11,0.36666666666666664,AR,right,middle,tool,0.7112745739519596,-0.06254647392779589,0.7213377311162589,0.7112745739519596,-0.06254647392779589,0.7213377311162589,0.7135608364001722,-0.0720684357170826,0.7378929072448746,-0.04051371442618016,-0.07835185222876484,-0.016504738506364195,0.0,0.03455648796013798,0.03455648796013798,0.0017075346330970298,-0.009912004297564031,0.005104288415329283,0.011279063079219762,0.0005787278151155872,0.00039004250827731624,0.011450887713286395,0.011472135305362513,0.019234568072827366,0.034502235305879245,measured_min_over_explicit_pairs,0.01955124288346386,591,collision_hand_right_middle_0,right_object_3,0,0,0.7152230651564695,-0.058283969417788704,0.7434759882118873,0.7169505974719863,-0.0399365507349933,0.7500058395168752,measured_min_over_explicit_pairs,0.009878900799418222,8,collision_hand_right_middle_floor_semantic_08,floor,0,0.0,,0,0.0,not_applicable_static_combination
11,0.36666666666666664,RA,right,middle,tool,0.7112745739519596,-0.06254647392779589,0.7213377311162589,0.7112745739519596,-0.06254647392779589,0.7213377311162589,0.7129821085850566,-0.07245847822535992,0.7264420195315882,-0.04103766889394403,-0.0787283092449328,-0.027359018249002425,0.0,0.03393680374215745,0.03393680374215745,0.0017075346330970298,-0.009912004297564031,0.005104288415329283,0.011279063079219762,0.0005787278151155872,0.00039004250827731624,0.011450887713286395,0.011472135305362513,0.019234568072827366,0.03939932286236577,measured_min_over_explicit_pairs,0.024472238092091633,591,collision_hand_right_middle_0,right_object_3,0,0,0.7144759614305365,-0.059031897650195723,0.7328337209701712,0.7163967677297057,-0.03763298602652197,0.7445506967625544,measured_min_over_explicit_pairs,-0.00255055084766187,8,collision_hand_right_middle_floor_semantic_08,floor,0,0.0,,0,0.0,not_applicable_static_combination
11,0.36666666666666664,AA,right,middle,tool,0.7112745739519596,-0.06254647392779589,0.7213377311162589,0.7112745739519596,-0.06254647392779589,0.7213377311162589,0.7135608364001722,-0.0720684357170826,0.7378929072448746,-0.04037128078258681,-0.07846314056495285,-0.015909323889730445,0.0,0.03393680374215745,0.03393680374215745,0.0017075346330970298,-0.009912004297564031,0.005104288415329283,0.011279063079219762,0.0005787278151155872,0.00039004250827731624,0.011450887713286395,0.011472135305362513,0.019234568072827366,0.0343429181963283,measured_min_over_explicit_pairs,0.019413469307364692,591,collision_hand_right_middle_0,right_object_3,0,0,0.7151116783360132,-0.05821047869744216,0.7432911854130441,0.7166107966255877,-0.039849679505513096,0.7494162558563542,measured_min_over_explicit_pairs,0.009878900799418222,8,collision_hand_right_middle_floor_semantic_08,floor,0,0.0,,0,0.0,source endpoint interval; AA solve data only; object and floor separated
11,0.36666666666666664,RR,right,ring,tool,0.7343979425728321,-0.06643207091838121,0.7228870942525504,0.7343979425728321,-0.06643207091838121,0.7228870942525504,0.7347190024713699,-0.06962752511601855,0.7241069825790926,-0.019896692378296825,-0.08428703333530843,-0.030046886861001453,0.0,0.03686885256998539,0.03686885256998539,0.00032105989853781214,-0.0031954541976373374,0.0012198883265421845,0.0034354234843583815,0.0002737615633492396,-0.0005251657166658874,0.012178204441424367,0.012192596435569284,0.013917820049751641,0.03889806286359065,measured_min_over_explicit_pairs,0.024217291615022646,744,collision_hand_right_ring_0,right_object_3,0,0,0.7343622564996259,-0.05681479302999977,0.7314729303669263,0.7310501181828244,-0.03650794620497222,0.7442455152643654,measured_min_over_explicit_pairs,-0.004094207039943565,10,collision_hand_right_ring_floor_semantic_10,floor,0,0.0,,0,0.0,not_applicable_static_combination
11,0.36666666666666664,AR,right,ring,tool,0.7343979425728321,-0.06643207091838121,0.7228870942525504,0.7343979425728321,-0.06643207091838121,0.7228870942525504,0.7349927640347191,-0.07015269083268444,0.7362851870205169,-0.019884568908655805,-0.08453188224382442,-0.01785675520157549,0.0,0.03686885256998539,0.03686885256998539,0.00032105989853781214,-0.0031954541976373374,0.0012198883265421845,0.0034354234843583815,0.0002737615633492396,-0.0005251657166658874,0.012178204441424367,0.012192596435569284,0.013917820049751641,0.03381164813404649,measured_min_over_explicit_pairs,0.01919673386259329,744,collision_hand_right_ring_0,right_object_3,0,0,0.7343716834643098,-0.05689644575534966,0.7426891758787394,0.7312817678135257,-0.03939263939307638,0.7499406429781832,measured_min_over_explicit_pairs,0.00888535428601811,10,collision_hand_right_ring_floor_semantic_10,floor,0,0.0,,0,0.0,not_applicable_static_combination
11,0.36666666666666664,RA,right,ring,tool,0.7343979425728321,-0.06643207091838121,0.7228870942525504,0.7343979425728321,-0.06643207091838121,0.7228870942525504,0.7347190024713699,-0.06962752511601855,0.7241069825790926,-0.019787710145993682,-0.08414395853548969,-0.029610516610927805,0.0,0.03644699021436023,0.03644699021436023,0.00032105989853781214,-0.0031954541976373374,0.0012198883265421845,0.0034354234843583815,0.0002737615633492396,-0.0005251657166658874,0.012178204441424367,0.012192596435569284,0.013917820049751641,0.038534949327727185,measured_min_over_explicit_pairs,0.023855288908042012,744,collision_hand_right_ring_0,right_object_3,0,0,0.734322341343988,-0.05672563756898194,0.7313176427832251,0.7309644944737641,-0.036509656769199615,0.7435288586762112,measured_min_over_explicit_pairs,-0.004094207039943565,10,collision_hand_right_ring_floor_semantic_10,floor,0,0.0,,0,0.0,not_applicable_static_combination
11,0.36666666666666664,AA,right,ring,tool,0.7343979425728321,-0.06643207091838121,0.7228870942525504,0.7343979425728321,-0.06643207091838121,0.7228870942525504,0.7349927640347191,-0.07015269083268444,0.7362851870205169,-0.01974355472783556,-0.08460938217966803,-0.0174268866522027,0.0,0.03644699021436023,0.03644699021436023,0.00032105989853781214,-0.0031954541976373374,0.0012198883265421845,0.0034354234843583815,0.0002737615633492396,-0.0005251657166658874,0.012178204441424367,0.012192596435569284,0.013917820049751641,0.03369946664485885,measured_min_over_explicit_pairs,0.01911430721578395,744,collision_hand_right_ring_0,right_object_3,0,0,0.7343374359485522,-0.05678814865013279,0.7424004283789628,0.731195325977307,-0.03915249745408929,0.7490688383963102,measured_min_over_explicit_pairs,0.00888535428601811,10,collision_hand_right_ring_floor_semantic_10,floor,0,0.0,,0,0.0,source endpoint interval; AA solve data only; object and floor separated
11,0.36666666666666664,RR,right,pinky,tool,0.7604525782167911,-0.08873335365206003,0.7218455030851004,0.7604525782167911,-0.08873335365206003,0.7218455030851004,0.757289638530468,-0.06732795547192383,0.7231341664394245,0.001929875480540435,-0.09051308230410947,-0.030757698821766093,0.0,0.06199204064321491,0.06199204064321491,-0.003162939686323085,0.021405398180136204,0.0012886633543240933,0.02167615999088108,-0.0011238133235311754,-0.001962036658348959,0.010860162981669919,0.011093046661007291,0.023324119275474328,0.04275993426279642,measured_min_over_explicit_pairs,0.028810035352753893,914,collision_hand_right_pinky_0,right_object_21,0,0,0.7550821155667858,-0.055576061977398956,0.7308960868281398,0.7445335520527492,-0.032908826528469944,0.7452118956393834,measured_min_over_explicit_pairs,-0.004017702083267571,12,collision_hand_right_pinky_floor_semantic_12,floor,0,0.0,,0,0.0,not_applicable_static_combination
11,0.36666666666666664,AR,right,pinky,tool,0.7604525782167911,-0.08873335365206003,0.7218455030851004,0.7604525782167911,-0.08873335365206003,0.7218455030851004,0.7561658252069369,-0.06928999213027279,0.7339943294210944,0.00011761954103427204,-0.09161378901148831,-0.01986917929993298,0.0,0.06199204064321491,0.06199204064321491,-0.003162939686323085,0.021405398180136204,0.0012886633543240933,0.02167615999088108,-0.0011238133235311754,-0.001962036658348959,0.010860162981669919,0.011093046661007291,0.023324119275474328,0.039075014251453585,measured_min_over_explicit_pairs,0.02515067426588969,919,collision_hand_right_pinky_0,right_object_26,0,0,0.7535167777356299,-0.05701316816589738,0.7406411515042706,0.7438072133925253,-0.035676749631656526,0.7497536714865642,measured_min_over_explicit_pairs,0.007114837977140964,12,collision_hand_right_pinky_floor_semantic_12,floor,0,0.0,,0,0.0,not_applicable_static_combination
11,0.36666666666666664,RA,right,pinky,tool,0.7604525782167911,-0.08873335365206003,0.7218455030851004,0.7604525782167911,-0.08873335365206003,0.7218455030851004,0.757289638530468,-0.06732795547192383,0.7231341664394245,0.002039130729984472,-0.0903473340725503,-0.03049094447442893,0.0,0.06186533883514413,0.06186533883514413,-0.003162939686323085,0.021405398180136204,0.0012886633543240933,0.02167615999088108,-0.0011238133235311754,-0.001962036658348959,0.010860162981669919,0.011093046661007291,0.023324119275474328,0.042487502702767486,measured_min_over_explicit_pairs,0.028563694677380312,914,collision_hand_right_pinky_0,right_object_21,0,0,0.7550248387781497,-0.055500763022355695,0.7307310138895592,0.7444028672574868,-0.03281226250227371,0.7444529058431882,measured_min_over_explicit_pairs,-0.004017702083267571,12,collision_hand_right_pinky_floor_semantic_12,floor,0,0.0,,0,0.0,not_applicable_static_combination
11,0.36666666666666664,AA,right,pinky,tool,0.7604525782167911,-0.08873335365206003,0.7218455030851004,0.7604525782167911,-0.08873335365206003,0.7218455030851004,0.7561658252069369,-0.06928999213027279,0.7339943294210944,0.0002558062426052064,-0.09164565300975355,-0.019619430967409868,0.0,0.06186533883514413,0.06186533883514413,-0.003162939686323085,0.021405398180136204,0.0012886633543240933,0.02167615999088108,-0.0011238133235311754,-0.001962036658348959,0.010860162981669919,0.011093046661007291,0.023324119275474328,0.039017906091608386,measured_min_over_explicit_pairs,0.02513709406485147,919,collision_hand_right_pinky_0,right_object_26,0,0,0.7535051343841221,-0.0569269327123781,0.7404189730308984,0.7437715447545468,-0.03538526398678249,0.748968080555366,measured_min_over_explicit_pairs,0.007114837977140964,12,collision_hand_right_pinky_floor_semantic_12,floor,0,0.0,,0,0.0,source endpoint interval; AA solve data only; object and floor separated
11,0.36666666666666664,RR,left,palm,target,0.470124164968729,-0.2916847476735711,0.7703501536779044,0.470124164968729,-0.2916847476735711,0.7703501536779044,0.4859569845134557,-0.3255578837584135,0.7652472903633775,-0.19085265060427498,-0.24495486805724748,0.026033905326342546,0.0,0.12554429934573705,0.12554429934573705,0.015832819544726706,-0.03387313608484238,-0.0051028633145269175,0.03773733876368173,-0.008438813441449478,0.008098956127035317,0.035513038406306374,0.037389604965752485,0.04054329078732273,0.16234773036731806,measured_min_over_explicit_pairs,0.055344409063779396,1244,collision_hand_left_palm_0,left_object_7,17,0,0.440288864033199,-0.22872016001666823,0.7532775974728353,0.4229910256460385,-0.17618852366759,0.7553307862704934,measured_min_over_explicit_pairs,0.00952584276301971,13,collision_hand_left_palm_floor_semantic_13,floor,0,0.0,,0,0.0,not_applicable_static_combination
11,0.36666666666666664,AR,left,palm,target,0.470124164968729,-0.2916847476735711,0.7703501536779044,0.470124164968729,-0.2916847476735711,0.7703501536779044,0.4775181710720062,-0.3174589276313782,0.8007603287696838,-0.1927756858362816,-0.23270941623383187,0.06130901559735221,0.0,0.12554429934573705,0.12554429934573705,0.015832819544726706,-0.03387313608484238,-0.0051028633145269175,0.03773733876368173,-0.008438813441449478,0.008098956127035317,0.035513038406306374,0.037389604965752485,0.04054329078732273,0.15782634679308594,measured_min_over_explicit_pairs,0.04880555224059505,1244,collision_hand_left_palm_0,left_object_7,17,0,0.4498542132772986,-0.21419613471862695,0.7734198635397194,0.42821358184746017,-0.1736304976346364,0.7570462845541306,measured_min_over_explicit_pairs,0.04652441554506381,13,collision_hand_left_palm_floor_semantic_13,floor,0,0.0,,0,0.0,not_applicable_static_combination
11,0.36666666666666664,RA,left,palm,target,0.470124164968729,-0.2916847476735711,0.7703501536779044,0.470124164968729,-0.2916847476735711,0.7703501536779044,0.4859569845134557,-0.3255578837584135,0.7652472903633775,-0.17851857395207973,-0.24878589554193012,0.020035444273719265,0.0,0.1256383477106417,0.1256383477106417,0.015832819544726706,-0.03387313608484238,-0.0051028633145269175,0.03773733876368173,-0.008438813441449478,0.008098956127035317,0.035513038406306374,0.037389604965752485,0.04054329078732273,0.16247108286060052,measured_min_over_explicit_pairs,0.055259596088200344,1244,collision_hand_left_palm_0,left_object_7,17,0,0.4375646210988964,-0.2297368348471173,0.7563382407418076,0.4179692622914242,-0.17806898043620648,0.7560595050060398,measured_min_over_explicit_pairs,0.00952584276301971,13,collision_hand_left_palm_floor_semantic_13,floor,0,0.0,,0,0.0,not_applicable_static_combination
11,0.36666666666666664,AA,left,palm,target,0.470124164968729,-0.2916847476735711,0.7703501536779044,0.470124164968729,-0.2916847476735711,0.7703501536779044,0.4775181710720062,-0.3174589276313782,0.8007603287696838,-0.18008839902478885,-0.23808936250977267,0.05582793496419903,0.0,0.1256383477106417,0.1256383477106417,0.015832819544726706,-0.03387313608484238,-0.0051028633145269175,0.03773733876368173,-0.008438813441449478,0.008098956127035317,0.035513038406306374,0.037389604965752485,0.04054329078732273,0.15776409601391483,measured_min_over_explicit_pairs,0.049254612474896764,1243,collision_hand_left_palm_0,left_object_6,17,0,0.4498542132772986,-0.21419613471862695,0.7734198635397195,0.4253185888409283,-0.17450027115360356,0.7576636457385879,measured_min_over_explicit_pairs,0.04652441554506381,13,collision_hand_left_palm_floor_semantic_13,floor,0,0.0,,0,0.0,source endpoint interval; AA solve data only; object and floor separated
11,0.36666666666666664,RR,left,thumb,target,0.518696753680706,-0.18359337840229273,0.7657244160108206,0.518696753680706,-0.18359337840229273,0.7657244160108206,0.5228250670518066,-0.19346891850148348,0.7687820638192833,-0.07860086695910906,-0.16618927021078095,0.029876110481364657,0.0,0.0661375813055885,0.0661375813055885,0.004128313371100645,-0.009875540099190755,0.003057647808462627,0.011131867483101352,0.004472204371974375,0.005390774461016851,0.029138334108061437,0.02996837626277531,0.03362533687336735,0.07665550870545268,measured_min_over_explicit_pairs,0.07016902679951954,1439,collision_hand_left_thumb_0,left_object_6,53,0,0.524946872815864,-0.18343317881359178,0.7684963169739039,0.4802830970392975,-0.13094591248685228,0.7553082038064262,measured_min_over_explicit_pairs,0.034263893860320804,15,collision_hand_left_thumb_floor_semantic_15,floor,0,0.0,,0,0.0,not_applicable_static_combination
11,0.36666666666666664,AR,left,thumb,target,0.518696753680706,-0.18359337840229273,0.7657244160108206,0.518696753680706,-0.18359337840229273,0.7657244160108206,0.527297271423781,-0.18807814404046663,0.7979203979273447,-0.07216840941623609,-0.16434011662803766,0.05908754140855204,0.0,0.0661375813055885,0.0661375813055885,0.004128313371100645,-0.009875540099190755,0.003057647808462627,0.011131867483101352,0.004472204371974375,0.005390774461016851,0.029138334108061437,0.02996837626277531,0.03362533687336735,0.08541736405735445,measured_min_over_explicit_pairs,0.07921247307613852,1439,collision_hand_left_thumb_0,left_object_6,53,0,0.5302718218628895,-0.18034192155047074,0.7927440628906938,0.48454303862397746,-0.12690642810870378,0.7563003759893736,measured_min_over_explicit_pairs,0.06389407719798801,15,collision_hand_left_thumb_floor_semantic_15,floor,0,0.0,,0,0.0,not_applicable_static_combination
11,0.36666666666666664,RA,left,thumb,target,0.518696753680706,-0.18359337840229273,0.7657244160108206,0.518696753680706,-0.18359337840229273,0.7657244160108206,0.5228250670518066,-0.19346891850148348,0.7687820638192833,-0.06952713753688065,-0.16560708108701547,0.024661078296443005,0.0,0.06473344780431597,0.06473344780431597,0.004128313371100645,-0.009875540099190755,0.003057647808462627,0.011131867483101352,0.004472204371974375,0.005390774461016851,0.029138334108061437,0.02996837626277531,0.03362533687336735,0.07542868658143496,measured_min_over_explicit_pairs,0.06848380315295649,1439,collision_hand_left_thumb_0,left_object_6,53,0,0.5254381049031394,-0.18297392663358247,0.7687522730042797,0.484089765333812,-0.12965047190486254,0.7570494833818587,measured_min_over_explicit_pairs,0.034263893860320804,15,collision_hand_left_thumb_floor_semantic_15,floor,0,0.0,,0,0.0,not_applicable_static_combination
11,0.36666666666666664,AA,left,thumb,target,0.518696753680706,-0.18359337840229273,0.7657244160108206,0.518696753680706,-0.18359337840229273,0.7657244160108206,0.527297271423781,-0.18807814404046663,0.7979203979273447,-0.0624716577616281,-0.16468984548836899,0.05377263029603334,0.0,0.06473344780431597,0.06473344780431597,0.004128313371100645,-0.009875540099190755,0.003057647808462627,0.011131867483101352,0.004472204371974375,0.005390774461016851,0.029138334108061437,0.02996837626277531,0.03362533687336735,0.08323496464531996,measured_min_over_explicit_pairs,0.07677066262570434,1439,collision_hand_left_thumb_0,left_object_6,53,0,0.5307541525739661,-0.17981796144824008,0.7929468245388339,0.4889035985932856,-0.12534802413521012,0.7586642969101065,measured_min_over_explicit_pairs,0.06389407719798801,15,collision_hand_left_thumb_floor_semantic_15,floor,0,0.0,,0,0.0,source endpoint interval; AA solve data only; object and floor separated
11,0.36666666666666664,RR,left,index,target,0.5163070283830166,-0.156446130014956,0.7506124331884024,0.5163070283830166,-0.156446130014956,0.7506124331884024,0.5260317772761727,-0.16514450030578795,0.7491693136389277,-0.05785092038843215,-0.14668174976885245,0.010226377919659522,0.0,0.04313738894564958,0.04313738894564958,0.00972474889315611,-0.008698370290831953,-0.0014431195494747362,0.013126880085741817,-0.008125168131353111,0.019060924658061973,0.036933103368037346,0.04234845133387055,0.0370064878510399,0.05611345166795844,measured_min_over_explicit_pairs,0.03681806811475188,1503,collision_hand_left_index_external_semantic_rota1,left_object_6,40,0,0.505360523559195,-0.1554904908242821,0.767054847067217,0.4825979153575708,-0.12880342575140588,0.7558640309505111,measured_min_over_explicit_pairs,0.017282729677368436,19,collision_hand_left_index_floor_semantic_19,floor,0,0.0,,0,0.0,not_applicable_static_combination
11,0.36666666666666664,AR,left,index,target,0.5163070283830166,-0.156446130014956,0.7506124331884024,0.5163070283830166,-0.156446130014956,0.7506124331884024,0.5179066091448196,-0.14608357564772598,0.786102417006965,-0.05259737216249086,-0.1261376938387627,0.046883346252518915,0.0,0.04313738894564958,0.04313738894564958,0.00972474889315611,-0.008698370290831953,-0.0014431195494747362,0.013126880085741817,-0.008125168131353111,0.019060924658061973,0.036933103368037346,0.04234845133387055,0.0370064878510399,0.047199130114462695,measured_min_over_explicit_pairs,0.03400696963214137,1570,collision_hand_left_index_0,left_object_6,32,0,0.5125876480917022,-0.13556325553269713,0.7795562562219387,0.496289128990026,-0.11667459593256958,0.7564467171273529,measured_min_over_explicit_pairs,0.05528319615376953,19,collision_hand_left_index_floor_semantic_19,floor,0,0.0,,0,0.0,not_applicable_static_combination
11,0.36666666666666664,RA,left,index,target,0.5163070283830166,-0.156446130014956,0.7506124331884024,0.5163070283830166,-0.156446130014956,0.7506124331884024,0.5260317772761727,-0.16514450030578795,0.7491693136389277,-0.05007462226145472,-0.14445699762305111,0.005387022025086921,0.0,0.04164511036279044,0.04164511036279044,0.00972474889315611,-0.008698370290831953,-0.0014431195494747362,0.013126880085741817,-0.008125168131353111,0.019060924658061973,0.036933103368037346,0.04234845133387055,0.0370064878510399,0.05451021289804662,measured_min_over_explicit_pairs,0.03484795318698449,1503,collision_hand_left_index_external_semantic_rota1,left_object_6,38,0,0.5054923802478456,-0.15535038359825648,0.7671410244744696,0.48492045125005123,-0.12875988490439627,0.7579692766670019,measured_min_over_explicit_pairs,0.017282729677368436,19,collision_hand_left_index_floor_semantic_19,floor,0,0.0,,0,0.0,not_applicable_static_combination
11,0.36666666666666664,AA,left,index,target,0.5163070283830166,-0.156446130014956,0.7506124331884024,0.5163070283830166,-0.156446130014956,0.7506124331884024,0.5179066091448196,-0.14608357564772598,0.786102417006965,-0.04478249107579289,-0.12523194403644175,0.042747187877006605,0.0,0.04164511036279044,0.04164511036279044,0.00972474889315611,-0.008698370290831953,-0.0014431195494747362,0.013126880085741817,-0.008125168131353111,0.019060924658061973,0.036933103368037346,0.04234845133387055,0.0370064878510399,0.04401015289383762,measured_min_over_explicit_pairs,0.0306146555946022,1570,collision_hand_left_index_0,left_object_6,29,0,0.5128921161653779,-0.13520972906007167,0.7796471031491817,0.4991515498108984,-0.11712297012972323,0.7591209460604884,measured_min_over_explicit_pairs,0.05528319615376953,19,collision_hand_left_index_floor_semantic_19,floor,0,0.0,,0,0.0,source endpoint interval; AA solve data only; object and floor separated
11,0.36666666666666664,RR,left,middle,target,0.5062383510172367,-0.16231145057827234,0.7384026601247428,0.5062383510172367,-0.16231145057827234,0.7384026601247428,0.5030031439337841,-0.1623521642535343,0.7473448726364614,-0.07384630396955039,-0.1299489140507702,0.007859187149372863,0.0,0.043609745064934216,0.043609745064934216,-0.003235207083452596,-4.071367526195524e-05,0.008942212511718672,0.009509541896480248,-0.005981673277202504,0.020115285368555058,0.03795691398792023,0.04337202370353472,0.05184078875442508,0.03945004296987897,measured_min_over_explicit_pairs,0.021098999865232896,1764,collision_hand_left_middle_external_semantic_link2,left_object_6,35,0,0.4869510848435852,-0.15263567088947352,0.7586079342834667,0.47345711307112054,-0.13676701109008516,0.7552514245950701,measured_min_over_explicit_pairs,0.014879471922301657,21,collision_hand_left_middle_floor_semantic_21,floor,0,0.0,,0,0.0,not_applicable_static_combination
11,0.36666666666666664,AR,left,middle,target,0.5062383510172367,-0.16231145057827234,0.7384026601247428,0.5062383510172367,-0.16231145057827234,0.7384026601247428,0.4970214706565816,-0.14223687888497924,0.7853017866243817,-0.06628296406562753,-0.10993135030632716,0.045584847797993266,0.0,0.043609745064934216,0.043609745064934216,-0.003235207083452596,-4.071367526195524e-05,0.008942212511718672,0.009509541896480248,-0.005981673277202504,0.020115285368555058,0.03795691398792023,0.04337202370353472,0.05184078875442508,0.035024112660270695,measured_min_over_explicit_pairs,0.02231156336660901,1764,collision_hand_left_middle_external_semantic_link2,left_object_6,31,0,0.49990871593916053,-0.1289529881245599,0.7755689354975469,0.4919112969779337,-0.11981602636358743,0.7568509473684946,measured_min_over_explicit_pairs,0.054304761331868234,21,collision_hand_left_middle_floor_semantic_21,floor,0,0.0,,0,0.0,not_applicable_static_combination
11,0.36666666666666664,RA,left,middle,target,0.5062383510172367,-0.16231145057827234,0.7384026601247428,0.5062383510172367,-0.16231145057827234,0.7384026601247428,0.5030031439337841,-0.1623521642535343,0.7473448726364614,-0.06679448808130423,-0.12832651284984833,0.004084245311268196,0.0,0.04143131972441992,0.04143131972441992,-0.003235207083452596,-4.071367526195524e-05,0.008942212511718672,0.009509541896480248,-0.005981673277202504,0.020115285368555058,0.03795691398792023,0.04337202370353472,0.05184078875442508,0.03872780938705732,measured_min_over_explicit_pairs,0.01994059274731258,1764,collision_hand_left_middle_external_semantic_link2,left_object_6,29,0,0.48720489859421656,-0.15236310300530917,0.758976499993866,0.47506530078616094,-0.1367169609875295,0.7566407679603706,measured_min_over_explicit_pairs,0.014879471922301657,21,collision_hand_left_middle_floor_semantic_21,floor,0,0.0,,0,0.0,not_applicable_static_combination
11,0.36666666666666664,AA,left,middle,target,0.5062383510172367,-0.16231145057827234,0.7384026601247428,0.5062383510172367,-0.16231145057827234,0.7384026601247428,0.4970214706565816,-0.14223687888497924,0.7853017866243817,-0.05914778377492751,-0.10957404439699181,0.0424379319699903,0.0,0.04143131972441992,0.04143131972441992,-0.003235207083452596,-4.071367526195524e-05,0.008942212511718672,0.009509541896480248,-0.005981673277202504,0.020115285368555058,0.03795691398792023,0.04337202370353472,0.05184078875442508,0.03239274056734874,measured_min_over_explicit_pairs,0.019138809406722232,1764,collision_hand_left_middle_external_semantic_link2,left_object_6,28,0,0.500253894645394,-0.1287322298440686,0.775539206313069,0.494045087157869,-0.12043602380519286,0.7594482864993912,measured_min_over_explicit_pairs,0.054304761331868234,21,collision_hand_left_middle_floor_semantic_21,floor,0,0.0,,0,0.0,source endpoint interval; AA solve data only; object and floor separated
11,0.36666666666666664,RR,left,ring,target,0.49286449179053304,-0.16903092060238123,0.7355936124257682,0.49286449179053304,-0.16903092060238123,0.7355936124257682,0.4895708692289504,-0.16897934203825252,0.7325650762601645,-0.08820590362544306,-0.1268142123156556,-0.007199478555646756,0.0,0.04023654246065961,0.04023654246065961,-0.0032936225615826653,5.1578564128712534e-05,-0.0030285361656036125,0.004474666605772207,-0.014110249098547023,0.026711965278056277,0.048320946492632744,0.05698720986838194,0.05541285465473511,0.038082313326099265,measured_min_over_explicit_pairs,0.012164501072844648,1828,collision_hand_left_ring_1,left_object_6,14,0,0.4634544558316413,-0.1611838646805352,0.7538486746818346,0.4556334181205789,-0.15190016816792648,0.7546357163167912,measured_min_over_explicit_pairs,-0.00035135723689627696,23,collision_hand_left_ring_floor_semantic_23,floor,0,0.0,,0,0.0,not_applicable_static_combination
11,0.36666666666666664,AR,left,ring,target,0.49286449179053304,-0.16903092060238123,0.7355936124257682,0.49286449179053304,-0.16903092060238123,0.7355936124257682,0.47546062013040336,-0.14226737676019624,0.7808860227527973,-0.08289586255715893,-0.09635743960542952,0.040672544051652534,0.0,0.04023654246065961,0.04023654246065961,-0.0032936225615826653,5.1578564128712534e-05,-0.0030285361656036125,0.004474666605772207,-0.014110249098547023,0.026711965278056277,0.048320946492632744,0.05698720986838194,0.05541285465473511,0.02459279973108241,measured_min_over_explicit_pairs,0.030921236759007358,1828,collision_hand_left_ring_1,left_object_6,14,0,0.4596506992071561,-0.15558682431542675,0.7877290607722987,0.4545302147798908,-0.15005240997995617,0.757741166883263,measured_min_over_explicit_pairs,0.050142911612278906,23,collision_hand_left_ring_floor_semantic_23,floor,0,0.0,,0,0.0,not_applicable_static_combination
11,0.36666666666666664,RA,left,ring,target,0.49286449179053304,-0.16903092060238123,0.7355936124257682,0.49286449179053304,-0.16903092060238123,0.7355936124257682,0.4895708692289504,-0.16897934203825252,0.7325650762601645,-0.08163020280378733,-0.12518147793977416,-0.010503358815136175,0.0,0.03857063443373834,0.03857063443373834,-0.0032936225615826653,5.1578564128712534e-05,-0.0030285361656036125,0.004474666605772207,-0.014110249098547023,0.026711965278056277,0.048320946492632744,0.05698720986838194,0.05541285465473511,0.03643448261807998,measured_min_over_explicit_pairs,0.012339032178871768,1828,collision_hand_left_ring_1,left_object_6,13,0,0.4638575090669994,-0.16091577863680165,0.7543674436200193,0.45633869899152035,-0.15122322338773792,0.7556992029466078,measured_min_over_explicit_pairs,-0.00035135723689627696,23,collision_hand_left_ring_floor_semantic_23,floor,0,0.0,,0,0.0,not_applicable_static_combination
11,0.36666666666666664,AA,left,ring,target,0.49286449179053304,-0.16903092060238123,0.7355936124257682,0.49286449179053304,-0.16903092060238123,0.7355936124257682,0.47546062013040336,-0.14226737676019624,0.7808860227527973,-0.07641659350140453,-0.09651851974020838,0.0384741379959,0.0,0.03857063443373834,0.03857063443373834,-0.0032936225615826653,5.1578564128712534e-05,-0.0030285361656036125,0.004474666605772207,-0.014110249098547023,0.026711965278056277,0.048320946492632744,0.05698720986838194,0.05541285465473511,0.02265289331860951,measured_min_over_explicit_pairs,0.029539118523486455,1828,collision_hand_left_ring_1,left_object_6,14,0,0.45993303760482585,-0.1553179492978516,0.7877370067620588,0.4557364310048266,-0.1493690514389367,0.7591090723193921,measured_min_over_explicit_pairs,0.050142911612278906,23,collision_hand_left_ring_floor_semantic_23,floor,0,0.0,,0,0.0,source endpoint interval; AA solve data only; object and floor separated
11,0.36666666666666664,RR,left,pinky,target,0.4704361133277416,-0.1801694044843316,0.7389860703878043,0.4704361133277416,-0.1801694044843316,0.7389860703878043,0.46331876045174103,-0.16156075479648518,0.7316196660921643,-0.1037700148399198,-0.10444551470642337,-0.008781332426910494,0.0,0.03443368906045288,0.03443368906045288,-0.007117352876000571,0.018608649687846424,-0.00736640429563995,0.021241526955784584,-0.011333940790763941,0.018884015989081016,0.04745509917134849,0.052316830094023575,0.05790728515805846,0.015636171509811763,measured_min_over_explicit_pairs,-0.0032574538966958933,1926,collision_hand_left_pinky_1,left_object_6,14,0,0.43862404712634684,-0.16163552131770859,0.7540603756989954,0.4406362106728967,-0.16406915411816214,0.75326060376676,measured_min_over_explicit_pairs,-0.00010383237480471319,25,collision_hand_left_pinky_floor_semantic_25,floor,0,0.0,,0,0.0,not_applicable_static_combination
11,0.36666666666666664,AR,left,pinky,target,0.4704361133277416,-0.1801694044843316,0.7389860703878043,0.4704361133277416,-0.1801694044843316,0.7389860703878043,0.4519848196609771,-0.14267673880740417,0.7790747652635128,-0.10126860995999028,-0.08181524026993778,0.03832136774667768,0.0,0.03443368906045288,0.03443368906045288,-0.007117352876000571,0.018608649687846424,-0.00736640429563995,0.021241526955784584,-0.011333940790763941,0.018884015989081016,0.04745509917134849,0.052316830094023575,0.05790728515805846,0.022238233550601536,measured_min_over_explicit_pairs,0.025343364199590743,1926,collision_hand_left_pinky_1,left_object_6,15,0,0.43861690481585197,-0.16800112921843952,0.7831320143962417,0.43606638958327565,-0.16541769723441058,0.7580500116814386,measured_min_over_explicit_pairs,0.048971024023000576,25,collision_hand_left_pinky_floor_semantic_25,floor,0,0.0,,0,0.0,not_applicable_static_combination
11,0.36666666666666664,RA,left,pinky,target,0.4704361133277416,-0.1801694044843316,0.7389860703878043,0.4704361133277416,-0.1801694044843316,0.7389860703878043,0.46331876045174103,-0.16156075479648518,0.7316196660921643,-0.0981311442350953,-0.10343897342178092,-0.010794703053949683,0.0,0.03398714271122015,0.03398714271122015,-0.007117352876000571,0.018608649687846424,-0.00736640429563995,0.021241526955784584,-0.011333940790763941,0.018884015989081016,0.04745509917134849,0.052316830094023575,0.05790728515805846,0.014658935235661124,measured_min_over_explicit_pairs,-0.0023095584933367722,1926,collision_hand_left_pinky_1,left_object_6,14,0,0.43888164210581015,-0.16128567149698245,0.7535712736647627,0.44025870313200205,-0.16307846806292242,0.7530983636971776,measured_min_over_explicit_pairs,-0.00010383237480471319,25,collision_hand_left_pinky_floor_semantic_25,floor,0,0.0,,0,0.0,not_applicable_static_combination
11,0.36666666666666664,AA,left,pinky,target,0.4704361133277416,-0.1801694044843316,0.7389860703878043,0.4704361133277416,-0.1801694044843316,0.7389860703878043,0.4519848196609771,-0.14267673880740417,0.7790747652635128,-0.09542101873899533,-0.08267523395029402,0.037148732930995486,0.0,0.03398714271122015,0.03398714271122015,-0.007117352876000571,0.018608649687846424,-0.00736640429563995,0.021241526955784584,-0.011333940790763941,0.018884015989081016,0.04745509917134849,0.052316830094023575,0.05790728515805846,0.020825146917266387,measured_min_over_explicit_pairs,0.02459387308235356,1926,collision_hand_left_pinky_1,left_object_6,15,0,0.4388808246997099,-0.16567582087794502,0.7833516831481613,0.437236960174095,-0.16311051322753162,0.7589472675790256,measured_min_over_explicit_pairs,0.048971024023000576,25,collision_hand_left_pinky_floor_semantic_25,floor,14,467.1132882833481,117,0,0.0,source endpoint interval; AA solve data only; object and floor separated
12,0.4,RR,right,palm,tool,0.7461884118616581,-0.21839369926601648,0.7691361262731192,0.7461884118616581,-0.21839369926601648,0.7691361262731192,0.7491757331860901,-0.24890954264952536,0.7686996490807995,-0.07289390696729652,-0.25489970995968664,0.01916482574800748,0.0,0.17589107701000237,0.17589107701000237,0.002987321324432024,-0.030515843383508878,-0.0004364771923197619,0.03066482183939219,-0.001528626538598643,-0.0044436656539261765,-0.0034748346658214357,0.005844428072376765,0.03520786024552411,0.20655587085076912,measured_min_over_explicit_pairs,0.0,135,collision_hand_right_palm_0,right_object_26,1,0,0.8881057708150304,-0.17934807929155888,0.9230986912523488,0.8971027074783594,-0.04745613006000602,0.9236251666785296,measured_min_over_explicit_pairs,0.0074059961065382485,0,collision_hand_right_palm_floor_semantic_00,floor,0,0.0,,0,0.0,not_applicable_static_combination
12,0.4,AR,right,palm,tool,0.7461884118616581,-0.21839369926601648,0.7691361262731192,0.7461884118616581,-0.21839369926601648,0.7691361262731192,0.7476471066474915,-0.25335320830345154,0.765224814414978,-0.075942816033887,-0.25856040011392556,0.015779439419756833,0.0,0.17589107701000237,0.17589107701000237,0.002987321324432024,-0.030515843383508878,-0.0004364771923197619,0.03066482183939219,-0.001528626538598643,-0.0044436656539261765,-0.0034748346658214357,0.005844428072376765,0.03520786024552411,0.2108849249404345,measured_min_over_explicit_pairs,0.1103605406543385,118,collision_hand_right_palm_0,right_object_9,3,0,0.7275366459431147,-0.15389141747518992,0.7650215740509956,0.7239349023316956,-0.043654228331131306,0.7687949685562854,measured_min_over_explicit_pairs,0.0075742512169835186,0,collision_hand_right_palm_floor_semantic_00,floor,0,0.0,,0,0.0,not_applicable_static_combination
12,0.4,RA,right,palm,tool,0.7461884118616581,-0.21839369926601648,0.7691361262731192,0.7461884118616581,-0.21839369926601648,0.7691361262731192,0.7491757331860901,-0.24890954264952536,0.7686996490807995,-0.07258870806867755,-0.25564060015017115,0.016655043942108406,0.0,0.17649833280930666,0.17649833280930666,0.002987321324432024,-0.030515843383508878,-0.0004364771923197619,0.03066482183939219,-0.001528626538598643,-0.0044436656539261765,-0.0034748346658214357,0.005844428072376765,0.03520786024552411,0.20716040023054563,measured_min_over_explicit_pairs,0.10556689184181894,118,collision_hand_right_palm_0,right_object_9,1,0,0.7214092688670586,-0.1486697332072556,0.7654114916247903,0.7219802303911799,-0.04312644684678667,0.7675695834468237,measured_min_over_explicit_pairs,0.0074059961065382485,0,collision_hand_right_palm_floor_semantic_00,floor,0,0.0,,0,0.0,not_applicable_static_combination
12,0.4,AA,right,palm,tool,0.7461884118616581,-0.21839369926601648,0.7691361262731192,0.7461884118616581,-0.21839369926601648,0.7691361262731192,0.7476471066474915,-0.25335320830345154,0.765224814414978,-0.07564494555235134,-0.2592413598323326,0.013212474894450274,0.0,0.17649833280930666,0.17649833280930666,0.002987321324432024,-0.030515843383508878,-0.0004364771923197619,0.03066482183939219,-0.001528626538598643,-0.0044436656539261765,-0.0034748346658214357,0.005844428072376765,0.03520786024552411,0.21145148842731024,measured_min_over_explicit_pairs,0.1108681178907544,118,collision_hand_right_palm_0,right_object_9,3,0,0.727588656593547,-0.15382370323004904,0.7630929925016177,0.7239703476132223,-0.04307950417570691,0.7668837418435505,measured_min_over_explicit_pairs,0.0075742512169835186,0,collision_hand_right_palm_floor_semantic_00,floor,0,0.0,,0,0.0,source endpoint interval; AA solve data only; object and floor separated
12,0.4,RR,right,thumb,tool,0.6687854327261448,-0.12507907394319773,0.7499773456983206,0.6687854327261448,-0.12507907394319773,0.7499773456983206,0.6672571317441904,-0.1308014966076511,0.741427223301209,-0.1052518887117662,-0.11570370863690756,-0.012162275029163394,0.0,0.09258379500802222,0.09258379500802222,-0.0015283009819543336,-0.005722422664453386,-0.008550122397111615,0.01040127002090043,-0.005470922904063147,-0.007450967195511526,-0.007418469432469932,0.011852493336479138,0.02185230560899702,0.09971965561870114,measured_min_over_explicit_pairs,0.11851857526119616,284,collision_hand_right_thumb_external_semantic_rota1,right_object_23,19,0,0.6726048493995808,-0.15378380290894217,0.74872635274858,0.7062976257560964,-0.040969757647045135,0.7623072472323865,measured_min_over_explicit_pairs,0.008723717035960754,3,collision_hand_right_thumb_floor_semantic_03,floor,0,0.0,,0,0.0,not_applicable_static_combination
12,0.4,AR,right,thumb,tool,0.6687854327261448,-0.12507907394319773,0.7499773456983206,0.6687854327261448,-0.12507907394319773,0.7499773456983206,0.6617862088401273,-0.13825246380316264,0.7340087538687391,-0.11305973155946276,-0.12081260725116856,-0.019471060380106327,0.0,0.09258379500802222,0.09258379500802222,-0.0015283009819543336,-0.005722422664453386,-0.008550122397111615,0.01040127002090043,-0.005470922904063147,-0.007450967195511526,-0.007418469432469932,0.011852493336479138,0.02185230560899702,0.10992834072833273,measured_min_over_explicit_pairs,0.12775981710812412,284,collision_hand_right_thumb_external_semantic_rota1,right_object_23,25,0,0.6686217269755083,-0.16131048882377816,0.7415909035146735,0.7053263887239016,-0.04040223591557081,0.7604729863479396,measured_min_over_explicit_pairs,0.0005794374172024552,3,collision_hand_right_thumb_floor_semantic_03,floor,0,0.0,,0,0.0,not_applicable_static_combination
12,0.4,RA,right,thumb,tool,0.6687854327261448,-0.12507907394319773,0.7499773456983206,0.6687854327261448,-0.12507907394319773,0.7499773456983206,0.6672571317441904,-0.1308014966076511,0.741427223301209,-0.10508938403892364,-0.11591995063474836,-0.012081677694066383,0.0,0.09271022034666952,0.09271022034666952,-0.0015283009819543336,-0.005722422664453386,-0.008550122397111615,0.01040127002090043,-0.005470922904063147,-0.007450967195511526,-0.007418469432469932,0.011852493336479138,0.02185230560899702,0.09975705144535323,measured_min_over_explicit_pairs,0.11870979644566589,284,collision_hand_right_thumb_external_semantic_rota1,right_object_23,19,0,0.6725434697242387,-0.15374788451112661,0.748573490335135,0.7059230596780781,-0.04052595094957141,0.7611676360889269,measured_min_over_explicit_pairs,0.008723717035960754,3,collision_hand_right_thumb_floor_semantic_03,floor,0,0.0,,0,0.0,not_applicable_static_combination
12,0.4,AA,right,thumb,tool,0.6687854327261448,-0.12507907394319773,0.7499773456983206,0.6687854327261448,-0.12507907394319773,0.7499773456983206,0.6617862088401273,-0.13825246380316264,0.7340087538687391,-0.1129142531780211,-0.12090050331730177,-0.0194605066135896,0.0,0.09271022034666952,0.09271022034666952,-0.0015283009819543336,-0.005722422664453386,-0.008550122397111615,0.01040127002090043,-0.005470922904063147,-0.007450967195511526,-0.007418469432469932,0.011852493336479138,0.02185230560899702,0.10989256143786348,measured_min_over_explicit_pairs,0.1278845844111821,284,collision_hand_right_thumb_external_semantic_rota1,right_object_23,25,0,0.6685618407733448,-0.16126920978362336,0.7414380681729066,0.7049687965127953,-0.03998696802885665,0.759315941053783,measured_min_over_explicit_pairs,0.0005794374172024552,3,collision_hand_right_thumb_floor_semantic_03,floor,0,0.0,,0,0.0,source endpoint interval; AA solve data only; object and floor separated
12,0.4,RR,right,index,tool,0.6911043174564838,-0.0804740721359849,0.7302395656041739,0.6911043174564838,-0.0804740721359849,0.7302395656041739,0.6924699608319322,-0.08314186746308508,0.7320181962040819,-0.06417262779406616,-0.0810108841542817,-0.02238768668801402,0.0,0.0493881336090386,0.0493881336090386,0.001365643375448422,-0.002667795327100181,0.0017786305999080154,0.0034850596188778274,-0.003754639366977619,0.0009870091499209477,0.0019076543844701588,0.00432558078050497,0.0047033010755204,0.050707642563816074,measured_min_over_explicit_pairs,0.046297025654825935,395,collision_hand_right_index_1,right_object_9,1,0,0.7071123065923366,-0.08753413137228834,0.7528780757247983,0.7136791328218428,-0.042280013594294764,0.7601138342814782,measured_min_over_explicit_pairs,0.0013763722500133024,6,collision_hand_right_index_floor_semantic_06,floor,0,0.0,,0,0.0,not_applicable_static_combination
12,0.4,AR,right,index,tool,0.6911043174564838,-0.0804740721359849,0.7302395656041739,0.6911043174564838,-0.0804740721359849,0.7302395656041739,0.6887153214649546,-0.08215485831316413,0.7339258505885521,-0.06730417806741948,-0.07865370309051989,-0.02055800381746583,0.0,0.0493881336090386,0.0493881336090386,0.001365643375448422,-0.002667795327100181,0.0017786305999080154,0.0034850596188778274,-0.003754639366977619,0.0009870091499209477,0.0019076543844701588,0.00432558078050497,0.0047033010755204,0.0502446289258995,measured_min_over_explicit_pairs,0.04989458767390513,395,collision_hand_right_index_1,right_object_9,1,0,0.701918351462025,-0.09026388642233124,0.7523803650933566,0.7112847857849867,-0.041815926050565486,0.7597651415313043,measured_min_over_explicit_pairs,0.004484985058349045,6,collision_hand_right_index_floor_semantic_06,floor,0,0.0,,0,0.0,not_applicable_static_combination
12,0.4,RA,right,index,tool,0.6911043174564838,-0.0804740721359849,0.7302395656041739,0.6911043174564838,-0.0804740721359849,0.7302395656041739,0.6924699608319322,-0.08314186746308508,0.7320181962040819,-0.06405223544433535,-0.08102935451150858,-0.021790206373035394,0.0,0.04907875025530775,0.04907875025530775,0.001365643375448422,-0.002667795327100181,0.0017786305999080154,0.0034850596188778274,-0.003754639366977619,0.0009870091499209477,0.0019076543844701588,0.00432558078050497,0.0047033010755204,0.05044899062475574,measured_min_over_explicit_pairs,0.04648977651577264,395,collision_hand_right_index_1,right_object_9,1,0,0.7071014485531686,-0.08750674915494339,0.752708805154585,0.7136535491472976,-0.041958139745920844,0.7593189094801764,measured_min_over_explicit_pairs,0.0013763722500133024,6,collision_hand_right_index_floor_semantic_06,floor,0,0.0,,0,0.0,not_applicable_static_combination
12,0.4,AA,right,index,tool,0.6911043174564838,-0.0804740721359849,0.7302395656041739,0.6911043174564838,-0.0804740721359849,0.7302395656041739,0.6887153214649546,-0.08215485831316413,0.7339258505885521,-0.06717997179530118,-0.07870691906531005,-0.019910257436026323,0.0,0.04907875025530775,0.04907875025530775,0.001365643375448422,-0.002667795327100181,0.0017786305999080154,0.0034850596188778274,-0.003754639366977619,0.0009870091499209477,0.0019076543844701588,0.00432558078050497,0.0047033010755204,0.050004117551404326,measured_min_over_explicit_pairs,0.050068979625511115,395,collision_hand_right_index_1,right_object_9,1,0,0.7018858931262034,-0.09023556995236257,0.7522287708935701,0.7111496354371132,-0.04150012582884331,0.7590068447512556,measured_min_over_explicit_pairs,0.004484985058349045,6,collision_hand_right_index_floor_semantic_06,floor,0,0.0,,0,0.0,source endpoint interval; AA solve data only; object and floor separated
12,0.4,RR,right,middle,tool,0.7126644648611545,-0.06423494685441256,0.7237003996305106,0.7126644648611545,-0.06423494685441256,0.7237003996305106,0.7145366471248012,-0.07367437161677046,0.7292012495463545,-0.04015828398541883,-0.0804461775984912,-0.025126246157203762,0.0,0.034340799606533,0.034340799606533,0.0018721822636467156,-0.0094394247623579,0.005500849915843875,0.011084545821510614,0.00023516895530584225,0.0008415721835780682,0.0033029229774558244,0.003416555044590625,0.012484807378700337,0.03940781732652126,measured_min_over_explicit_pairs,0.024593826195906367,591,collision_hand_right_middle_0,right_object_3,0,0,0.7160780262264375,-0.06003195364928364,0.7349260272077471,0.7181097862523242,-0.03836442341035068,0.7463823080831702,measured_min_over_explicit_pairs,-0.00047518771393262327,8,collision_hand_right_middle_floor_semantic_08,floor,0,0.0,,0,0.0,not_applicable_static_combination
12,0.4,AR,right,middle,tool,0.7126644648611545,-0.06423494685441256,0.7237003996305106,0.7126644648611545,-0.06423494685441256,0.7237003996305106,0.7147718160801071,-0.07283279943319239,0.7325041725238103,-0.03964184935907741,-0.07965846293677256,-0.021842094933348998,0.0,0.034340799606533,0.034340799606533,0.0018721822636467156,-0.0094394247623579,0.005500849915843875,0.011084545821510614,0.00023516895530584225,0.0008415721835780682,0.0033029229774558244,0.003416555044590625,0.012484807378700337,0.03718923314911667,measured_min_over_explicit_pairs,0.022220853165913393,591,collision_hand_right_middle_0,right_object_3,0,0,0.7164030358672715,-0.05928761414206349,0.7386907125571512,0.718041167497117,-0.03920945136454721,0.7480688904006314,measured_min_over_explicit_pairs,0.004092816936512422,8,collision_hand_right_middle_floor_semantic_08,floor,0,0.0,,0,0.0,not_applicable_static_combination
12,0.4,RA,right,middle,tool,0.7126644648611545,-0.06423494685441256,0.7237003996305106,0.7126644648611545,-0.06423494685441256,0.7237003996305106,0.7145366471248012,-0.07367437161677046,0.7292012495463545,-0.04004544015122229,-0.08040402612706216,-0.02458127322757868,0.0,0.03380433988922969,0.03380433988922969,0.0018721822636467156,-0.0094394247623579,0.005500849915843875,0.011084545821510614,0.00023516895530584225,0.0008415721835780682,0.0033029229774558244,0.003416555044590625,0.012484807378700337,0.039090143102411955,measured_min_over_explicit_pairs,0.024254988047021947,591,collision_hand_right_middle_0,right_object_3,0,0,0.7159816028292298,-0.059948665517812506,0.7347816221666115,0.7177514957186095,-0.03837764151353022,0.7457298114108646,measured_min_over_explicit_pairs,-0.00047518771393262327,8,collision_hand_right_middle_floor_semantic_08,floor,0,0.0,,0,0.0,not_applicable_static_combination
12,0.4,AA,right,middle,tool,0.7126644648611545,-0.06423494685441256,0.7237003996305106,0.7126644648611545,-0.06423494685441256,0.7237003996305106,0.7147718160801071,-0.07283279943319239,0.7325041725238103,-0.03952069166410715,-0.07967517558156767,-0.021284871510505895,0.0,0.03380433988922969,0.03380433988922969,0.0018721822636467156,-0.0094394247623579,0.005500849915843875,0.011084545821510614,0.00023516895530584225,0.0008415721835780682,0.0033029229774558244,0.003416555044590625,0.012484807378700337,0.03693027238014733,measured_min_over_explicit_pairs,0.02196363435059525,591,collision_hand_right_middle_0,right_object_3,0,0,0.7163540266934079,-0.05920343170365345,0.7385142291905585,0.7178655540750972,-0.03917278967106636,0.747396227762018,measured_min_over_explicit_pairs,0.004092816936512422,8,collision_hand_right_middle_floor_semantic_08,floor,0,0.0,,0,0.0,source endpoint interval; AA solve data only; object and floor separated
12,0.4,RR,right,ring,tool,0.7349715627729893,-0.06840990949422121,0.7226269795827506,0.7349715627729893,-0.06840990949422121,0.7226269795827506,0.7353791391353122,-0.07147524549943679,0.7240187179217902,-0.019958358806983878,-0.08624719166442951,-0.030067452641472033,0.0,0.038695042845819476,0.038695042845819476,0.0004075763623229145,-0.00306533600521558,0.0013917383390396054,0.0033910675192847617,0.0008003009368424685,0.0004892228430696949,0.005723023602163146,0.005799380978225915,0.007662582076167764,0.040570792634697525,measured_min_over_explicit_pairs,0.026014046725838152,744,collision_hand_right_ring_0,right_object_3,0,0,0.7350533837607045,-0.05843324963716013,0.7308003929610196,0.7314963741429364,-0.036595159983362636,0.7444816264546013,measured_min_over_explicit_pairs,-0.004942364180198111,10,collision_hand_right_ring_floor_semantic_10,floor,0,0.0,,0,0.0,not_applicable_static_combination
12,0.4,AR,right,ring,tool,0.7349715627729893,-0.06840990949422121,0.7226269795827506,0.7349715627729893,-0.06840990949422121,0.7226269795827506,0.7361794400721546,-0.0709860226563671,0.7297417415239533,-0.019056646235006705,-0.08592744806801278,-0.024347531470625586,0.0,0.038695042845819476,0.038695042845819476,0.0004075763623229145,-0.00306533600521558,0.0013917383390396054,0.0033910675192847617,0.0008003009368424685,0.0004892228430696949,0.005723023602163146,0.005799380978225915,0.007662582076167764,0.03746136709646968,measured_min_over_explicit_pairs,0.022840863466241028,744,collision_hand_right_ring_0,right_object_3,0,0,0.7356273626936513,-0.057992715134968474,0.7366655795936168,0.7317633166629978,-0.0380280358637861,0.7470668186426568,measured_min_over_explicit_pairs,0.0019790171933514733,10,collision_hand_right_ring_floor_semantic_10,floor,0,0.0,,0,0.0,not_applicable_static_combination
12,0.4,RA,right,ring,tool,0.7349715627729893,-0.06840990949422121,0.7226269795827506,0.7349715627729893,-0.06840990949422121,0.7226269795827506,0.7353791391353122,-0.07147524549943679,0.7240187179217902,-0.019856101058910943,-0.08610566124827569,-0.029678940035832425,0.0,0.038306888080964115,0.038306888080964115,0.0004075763623229145,-0.00306533600521558,0.0013917383390396054,0.0033910675192847617,0.0008003009368424685,0.0004892228430696949,0.005723023602163146,0.005799380978225915,0.007662582076167764,0.040239678214766914,measured_min_over_explicit_pairs,0.02567038941783674,744,collision_hand_right_ring_0,right_object_3,0,0,0.7349673683190634,-0.05831485193152356,0.730582492100733,0.7312365434167883,-0.03646132178550572,0.743523630326138,measured_min_over_explicit_pairs,-0.004942364180198111,10,collision_hand_right_ring_floor_semantic_10,floor,0,0.0,,0,0.0,not_applicable_static_combination
12,0.4,AA,right,ring,tool,0.7349715627729893,-0.06840990949422121,0.7226269795827506,0.7349715627729893,-0.06840990949422121,0.7226269795827506,0.7361794400721546,-0.0709860226563671,0.7297417415239533,-0.018939453130565307,-0.08588826883539488,-0.023956587648492927,0.0,0.038306888080964115,0.038306888080964115,0.0004075763623229145,-0.00306533600521558,0.0013917383390396054,0.0033910675192847617,0.0008003009368424685,0.0004892228430696949,0.005723023602163146,0.005799380978225915,0.007662582076167764,0.037235476190068596,measured_min_over_explicit_pairs,0.022628619792215907,744,collision_hand_right_ring_0,right_object_3,0,0,0.7355973011285087,-0.05791277818764695,0.736497057549305,0.7317011357185449,-0.03795273000590681,0.7464203032573118,measured_min_over_explicit_pairs,0.0019790171933514733,10,collision_hand_right_ring_floor_semantic_10,floor,0,0.0,,0,0.0,source endpoint interval; AA solve data only; object and floor separated
12,0.4,RR,right,pinky,tool,0.7601580418646335,-0.08961761835962534,0.7215556456975577,0.7601580418646335,-0.08961761835962534,0.7215556456975577,0.7580815431015169,-0.06862024437291135,0.7214566415681438,0.002201769681709402,-0.09205225260110357,-0.03237924532361899,0.0,0.06276761763916278,0.06276761763916278,-0.002076498763116663,0.020997373986713988,-9.900412941388215e-05,0.02110003230492312,-0.0003778110386446487,-0.0013404569263745086,0.00565083493452434,0.00581992280100242,0.020572818236903285,0.044904580261076694,measured_min_over_explicit_pairs,0.03107975498465016,914,collision_hand_right_pinky_0,right_object_21,0,0,0.7561015890866705,-0.056729797390294344,0.7288975457570709,0.7447859187428686,-0.03241991024412944,0.744611748298626,measured_min_over_explicit_pairs,-0.006172675620797041,12,collision_hand_right_pinky_floor_semantic_12,floor,0,0.0,,0,0.0,not_applicable_static_combination
12,0.4,AR,right,pinky,tool,0.7601580418646335,-0.08961761835962534,0.7215556456975577,0.7601580418646335,-0.08961761835962534,0.7215556456975577,0.7577037320628722,-0.06996070129928586,0.7271074765026682,0.0013328535952395388,-0.09299894396723991,-0.026702955892874226,0.0,0.06276761763916278,0.06276761763916278,-0.002076498763116663,0.020997373986713988,-9.900412941388215e-05,0.02110003230492312,-0.0003778110386446487,-0.0013404569263745086,0.00565083493452434,0.00581992280100242,0.020572818236903285,0.043080985701871626,measured_min_over_explicit_pairs,0.029180892237350667,914,collision_hand_right_pinky_0,right_object_21,0,0,0.7553613735210348,-0.05797611706861017,0.734356616182145,0.7443068199779728,-0.03419293568483887,0.747150427224914,measured_min_over_explicit_pairs,5.0436321154867514e-05,12,collision_hand_right_pinky_floor_semantic_12,floor,0,0.0,,0,0.0,not_applicable_static_combination
12,0.4,RA,right,pinky,tool,0.7601580418646335,-0.08961761835962534,0.7215556456975577,0.7601580418646335,-0.08961761835962534,0.7215556456975577,0.7580815431015169,-0.06862024437291135,0.7214566415681438,0.0023003668811885938,-0.09185762714050795,-0.03215284975792428,0.0,0.06264613247785884,0.06264613247785884,-0.002076498763116663,0.020997373986713988,-9.900412941388215e-05,0.02110003230492312,-0.0003778110386446487,-0.0013404569263745086,0.00565083493452434,0.00581992280100242,0.020572818236903285,0.044625263319455793,measured_min_over_explicit_pairs,0.03081785699233798,914,collision_hand_right_pinky_0,right_object_21,0,0,0.7560264962437139,-0.056642970057743595,0.7287041480900459,0.7445747589619462,-0.03227035041432859,0.743689922496028,measured_min_over_explicit_pairs,-0.006172675620797041,12,collision_hand_right_pinky_floor_semantic_12,floor,0,0.0,,0,0.0,not_applicable_static_combination
12,0.4,AA,right,pinky,tool,0.7601580418646335,-0.08961761835962534,0.7215556456975577,0.7601580418646335,-0.08961761835962534,0.7215556456975577,0.7577037320628722,-0.06996070129928586,0.7271074765026682,0.0014468254973995728,-0.0929065315445821,-0.026492216571883942,0.0,0.06264613247785884,0.06264613247785884,-0.002076498763116663,0.020997373986713988,-9.900412941388215e-05,0.02110003230492312,-0.0003778110386446487,-0.0013404569263745086,0.00565083493452434,0.00581992280100242,0.020572818236903285,0.042909475050067356,measured_min_over_explicit_pairs,0.02904135099644966,914,collision_hand_right_pinky_0,right_object_21,0,0,0.7553354200832572,-0.05788770185670902,0.7341646601846953,0.7442583564491277,-0.03396148047063503,0.7463398258562174,measured_min_over_explicit_pairs,5.0436321154867514e-05,12,collision_hand_right_pinky_floor_semantic_12,floor,0,0.0,,36,399.2144702076912,source endpoint interval; AA solve data only; object and floor separated
12,0.4,RR,left,palm,target,0.4664647080004215,-0.2944405684247613,0.7747307374410269,0.4664647080004215,-0.2944405684247613,0.7747307374410269,0.4828776208254723,-0.32639130663808313,0.7734243820739081,-0.1938991409597191,-0.24359355584996423,0.03385680077692937,0.0,0.12740879749309014,0.12740879749309014,0.016412912825050807,-0.03195073821332184,-0.0013063553671188721,0.035943566101934596,-0.004599162707033588,0.00873478960927454,0.026043062345952772,0.027851210808136188,0.03592282886401636,0.16267789343532932,measured_min_over_explicit_pairs,0.05571237098248229,1244,collision_hand_left_palm_0,left_object_7,17,0,0.44139433656262567,-0.2281716664256526,0.7479574427438697,0.42299975225954567,-0.17596230023276208,0.7542574134218392,measured_min_over_explicit_pairs,0.01665539528810489,13,collision_hand_left_palm_floor_semantic_13,floor,0,0.0,,0,0.0,not_applicable_static_combination
12,0.4,AR,left,palm,target,0.4664647080004215,-0.2944405684247613,0.7747307374410269,0.4664647080004215,-0.2944405684247613,0.7747307374410269,0.4782784581184387,-0.3176565170288086,0.7994674444198608,-0.19231717636870604,-0.23348310586409543,0.05975981474432838,0.0,0.12740879749309014,0.12740879749309014,0.016412912825050807,-0.03195073821332184,-0.0013063553671188721,0.035943566101934596,-0.004599162707033588,0.00873478960927454,0.026043062345952772,0.027851210808136188,0.03592282886401636,0.1579433510764187,measured_min_over_explicit_pairs,0.04815955470491045,1244,collision_hand_left_palm_0,left_object_7,17,0,0.44657707863364143,-0.21555759061474894,0.7721392215750197,0.42714462783313756,-0.17405716805876204,0.7573257988464336,measured_min_over_explicit_pairs,0.04423229953672736,13,collision_hand_left_palm_floor_semantic_13,floor,0,0.0,,0,0.0,not_applicable_static_combination
12,0.4,RA,left,palm,target,0.4664647080004215,-0.2944405684247613,0.7747307374410269,0.4664647080004215,-0.2944405684247613,0.7747307374410269,0.4828776208254723,-0.32639130663808313,0.7734243820739081,-0.1803740795671377,-0.2469057674546118,0.03508183463622244,0.0,0.1270943064065829,0.1270943064065829,0.016412912825050807,-0.03195073821332184,-0.0013063553671188721,0.035943566101934596,-0.004599162707033588,0.00873478960927454,0.026043062345952772,0.027851210808136188,0.03592282886401636,0.16228233822063085,measured_min_over_explicit_pairs,0.05450763392349019,1244,collision_hand_left_palm_0,left_object_7,17,0,0.44139457382724706,-0.22817155420981192,0.747957205546918,0.42150568724995136,-0.1775829671205613,0.751995670969079,measured_min_over_explicit_pairs,0.01665539528810489,13,collision_hand_left_palm_floor_semantic_13,floor,0,0.0,,0,0.0,not_applicable_static_combination
12,0.4,AA,left,palm,target,0.4664647080004215,-0.2944405684247613,0.7747307374410269,0.4664647080004215,-0.2944405684247613,0.7747307374410269,0.4782784581184387,-0.3176565170288086,0.7994674444198608,-0.17863441061753754,-0.23724881442459403,0.061147266794563296,0.0,0.1270943064065829,0.1270943064065829,0.016412912825050807,-0.03195073821332184,-0.0013063553671188721,0.035943566101934596,-0.004599162707033588,0.00873478960927454,0.026043062345952772,0.027851210808136188,0.03592282886401636,0.15805142529756155,measured_min_over_explicit_pairs,0.04885942083735198,1244,collision_hand_left_palm_0,left_object_7,17,0,0.44657707863364143,-0.21555759061474894,0.7721392215750197,0.42473582173604124,-0.17574872133632116,0.7540988105911328,measured_min_over_explicit_pairs,0.04423229953672736,13,collision_hand_left_palm_floor_semantic_13,floor,0,0.0,,0,0.0,source endpoint interval; AA solve data only; object and floor separated
12,0.4,RR,left,thumb,target,0.5044266156852245,-0.18225218448787928,0.7750294759206412,0.5044266156852245,-0.18225218448787928,0.7750294759206412,0.5075301835017987,-0.191366629881409,0.7814438101317254,-0.0892985778643716,-0.15473357243647481,0.04200228750392446,0.0,0.058366959832580216,0.058366959832580216,0.003103567816574171,-0.009114445393529735,0.006414334211084172,0.011569309892780778,0.011779196607100695,0.005706476501010083,0.020546938158584882,0.024361650487149354,0.030984207859076594,0.06894972715126213,measured_min_over_explicit_pairs,0.062038817187633516,1439,collision_hand_left_thumb_0,left_object_6,55,0,0.5100674724219406,-0.18101684582712124,0.7790023529546003,0.4725873630325664,-0.1371349276837339,0.7562332181827606,measured_min_over_explicit_pairs,0.046402430378918336,15,collision_hand_left_thumb_floor_semantic_15,floor,0,0.0,,0,0.0,not_applicable_static_combination
12,0.4,AR,left,thumb,target,0.5044266156852245,-0.18225218448787928,0.7750294759206412,0.5044266156852245,-0.18225218448787928,0.7750294759206412,0.5193093801088994,-0.18566015338039893,0.8019907482903103,-0.07689595748529846,-0.15744576250898237,0.0627943303857871,0.0,0.058366959832580216,0.058366959832580216,0.003103567816574171,-0.009114445393529735,0.006414334211084172,0.011569309892780778,0.011779196607100695,0.005706476501010083,0.020546938158584882,0.024361650487149354,0.030984207859076594,0.08158307852719147,measured_min_over_explicit_pairs,0.07496973562392018,1439,collision_hand_left_thumb_0,left_object_6,53,0,0.5226939989129421,-0.17764274813184402,0.7963873416393067,0.4813939512391584,-0.1294860545861336,0.7564411254429233,measured_min_over_explicit_pairs,0.06733757464545775,15,collision_hand_left_thumb_floor_semantic_15,floor,0,0.0,,0,0.0,not_applicable_static_combination
12,0.4,RA,left,thumb,target,0.5044266156852245,-0.18225218448787928,0.7750294759206412,0.5044266156852245,-0.18225218448787928,0.7750294759206412,0.5075301835017987,-0.191366629881409,0.7814438101317254,-0.07963359361863405,-0.15364935261996096,0.04271852169121483,0.0,0.05758117591909141,0.05758117591909141,0.003103567816574171,-0.009114445393529735,0.006414334211084172,0.011569309892780778,0.011779196607100695,0.005706476501010083,0.020546938158584882,0.024361650487149354,0.030984207859076594,0.06837045143954959,measured_min_over_explicit_pairs,0.06099562432068184,1439,collision_hand_left_thumb_0,left_object_6,53,0,0.5107533508569063,-0.1806814740262297,0.7785881994731106,0.47669251453244327,-0.13617369002836377,0.7545178280852987,measured_min_over_explicit_pairs,0.046402430378918336,15,collision_hand_left_thumb_floor_semantic_15,floor,0,0.0,,0,0.0,not_applicable_static_combination
12,0.4,AA,left,thumb,target,0.5044266156852245,-0.18225218448787928,0.7750294759206412,0.5044266156852245,-0.18225218448787928,0.7750294759206412,0.5193093801088994,-0.18566015338039893,0.8019907482903103,-0.0666406028219536,-0.1562163701641916,0.063165590565335,0.0,0.05758117591909141,0.05758117591909141,0.003103567816574171,-0.009114445393529735,0.006414334211084172,0.011569309892780778,0.011779196607100695,0.005706476501010083,0.020546938158584882,0.024361650487149354,0.030984207859076594,0.08073194601266347,measured_min_over_explicit_pairs,0.07379474923682598,1439,collision_hand_left_thumb_0,left_object_6,53,0,0.5234179055447064,-0.17735831597968804,0.7960277293919781,0.4863265128759017,-0.12855706649672516,0.7549384162592888,measured_min_over_explicit_pairs,0.06733757464545775,15,collision_hand_left_thumb_floor_semantic_15,floor,0,0.0,,0,0.0,source endpoint interval; AA solve data only; object and floor separated
12,0.4,RR,left,index,target,0.5032801762223243,-0.15917658898979425,0.7605485870771048,0.5032801762223243,-0.15917658898979425,0.7605485870771048,0.5144736988740752,-0.1696583183719273,0.7597515308002922,-0.06982018063311132,-0.14272763601802416,0.020404423976991742,0.0,0.03720892139968294,0.03720892139968294,0.011193522651750887,-0.010481729382133043,-0.0007970562768125911,0.015355679695276849,-0.0013344179698977499,0.02130860086824493,0.027309827365121664,0.03466502290484319,0.03028778833268614,0.05222080939114734,measured_min_over_explicit_pairs,0.034585653245428415,1503,collision_hand_left_index_external_semantic_rota1,left_object_6,41,0,0.49322101084892195,-0.15856107824253785,0.7740407171371442,0.4738160419793571,-0.13591905757667802,0.7565206288453858,measured_min_over_explicit_pairs,0.027724791838261265,19,collision_hand_left_index_floor_semantic_19,floor,0,0.0,,0,0.0,not_applicable_static_combination
12,0.4,AR,left,index,target,0.5032801762223243,-0.15917658898979425,0.7605485870771048,0.5032801762223243,-0.15917658898979425,0.7605485870771048,0.5131392809041775,-0.14834971750368237,0.7870613581654139,-0.057756854902248835,-0.12494817208845278,0.047607928304219234,0.0,0.03720892139968294,0.03720892139968294,0.011193522651750887,-0.010481729382133043,-0.0007970562768125911,0.015355679695276849,-0.0013344179698977499,0.02130860086824493,0.027309827365121664,0.03466502290484319,0.03028778833268614,0.04674895256916718,measured_min_over_explicit_pairs,0.033388505413591736,1570,collision_hand_left_index_0,left_object_6,32,0,0.5079953222633882,-0.1379593889112748,0.7799367793813675,0.492367038596502,-0.11988349647493413,0.7566170204630034,measured_min_over_explicit_pairs,0.05596557708598904,19,collision_hand_left_index_floor_semantic_19,floor,0,0.0,,0,0.0,not_applicable_static_combination
12,0.4,RA,left,index,target,0.5032801762223243,-0.15917658898979425,0.7605485870771048,0.5032801762223243,-0.15917658898979425,0.7605485870771048,0.5144736988740752,-0.1696583183719273,0.7597515308002922,-0.061214169648470165,-0.14036244360212033,0.020942363943126305,0.0,0.03524367835618309,0.03524367835618309,0.011193522651750887,-0.010481729382133043,-0.0007970562768125911,0.015355679695276849,-0.0013344179698977499,0.02130860086824493,0.027309827365121664,0.03466502290484319,0.03028778833268614,0.050158706656494745,measured_min_over_explicit_pairs,0.03389632895815057,1503,collision_hand_left_index_external_semantic_rota1,left_object_6,37,0,0.49410692806889017,-0.15838902279043374,0.7733573329470544,0.4769506273129378,-0.13582616507912848,0.7547686290355424,measured_min_over_explicit_pairs,0.027724791838261265,19,collision_hand_left_index_floor_semantic_19,floor,0,0.0,,0,0.0,not_applicable_static_combination
12,0.4,AA,left,index,target,0.5032801762223243,-0.15917658898979425,0.7605485870771048,0.5032801762223243,-0.15917658898979425,0.7605485870771048,0.5131392809041775,-0.14834971750368237,0.7870613581654139,-0.04931412321395198,-0.12260404078630835,0.04823140638292208,0.0,0.03524367835618309,0.03524367835618309,0.011193522651750887,-0.010481729382133043,-0.0007970562768125911,0.015355679695276849,-0.0013344179698977499,0.02130860086824493,0.027309827365121664,0.03466502290484319,0.03028778833268614,0.04551292812223309,measured_min_over_explicit_pairs,0.03222587980665389,1570,collision_hand_left_index_0,left_object_6,26,0,0.5086815574918625,-0.1380663173740845,0.7794457879379761,0.4958089217773084,-0.12096443438183203,0.7553557863358054,measured_min_over_explicit_pairs,0.05596557708598904,19,collision_hand_left_index_floor_semantic_19,floor,0,0.0,,0,0.0,source endpoint interval; AA solve data only; object and floor separated
12,0.4,RR,left,middle,target,0.49496416226029394,-0.16995897982269526,0.7464615657262442,0.49496416226029394,-0.16995897982269526,0.7464615657262442,0.49083498646125356,-0.16873835329711634,0.7559486343729279,-0.08744396050632144,-0.1270871659642638,0.01605986864988629,0.0,0.040413289045310885,0.040413289045310885,-0.004129175799040374,0.0012206265255789162,0.009487068646683694,0.01041846886069236,0.0008564633847175651,0.02316468608241118,0.029056921550661308,0.03717043046330378,0.04572738017719024,0.035985311373765316,measured_min_over_explicit_pairs,0.018336532118767082,1764,collision_hand_left_middle_external_semantic_link2,left_object_6,35,0,0.4753110506839242,-0.15723744346526436,0.7629678032729531,0.4642115569254468,-0.14424078053083939,0.7563257854306824,measured_min_over_explicit_pairs,0.023141383197720522,21,collision_hand_left_middle_floor_semantic_21,floor,0,0.0,,0,0.0,not_applicable_static_combination
12,0.4,AR,left,middle,target,0.49496416226029394,-0.16995897982269526,0.7464615657262442,0.49496416226029394,-0.16995897982269526,0.7464615657262442,0.49169144984597113,-0.14557366721470516,0.7850055559235892,-0.07253717343258266,-0.10923314363934197,0.04505404887259149,0.0,0.040413289045310885,0.040413289045310885,-0.004129175799040374,0.0012206265255789162,0.009487068646683694,0.01041846886069236,0.0008564633847175651,0.02316468608241118,0.029056921550661308,0.03717043046330378,0.04572738017719024,0.03423492383545471,measured_min_over_explicit_pairs,0.021449423816391863,1764,collision_hand_left_middle_external_semantic_link2,left_object_6,35,0,0.49486568129658465,-0.1328407317491078,0.7748553541360852,0.4870131950507429,-0.12387032713820503,0.7570242553777147,measured_min_over_explicit_pairs,0.05365233578651718,21,collision_hand_left_middle_floor_semantic_21,floor,0,0.0,,0,0.0,not_applicable_static_combination
12,0.4,RA,left,middle,target,0.49496416226029394,-0.16995897982269526,0.7464615657262442,0.49496416226029394,-0.16995897982269526,0.7464615657262442,0.49083498646125356,-0.16873835329711634,0.7559486343729279,-0.07960754298049011,-0.12544038724318116,0.017321157928301585,0.0,0.03826545298769758,0.03826545298769758,-0.004129175799040374,0.0012206265255789162,0.009487068646683694,0.01041846886069236,0.0008564633847175651,0.02316468608241118,0.029056921550661308,0.03717043046330378,0.04572738017719024,0.03450912159740895,measured_min_over_explicit_pairs,0.017824402080753338,1764,collision_hand_left_middle_external_semantic_link2,left_object_6,35,0,0.4775069271782958,-0.15646424325885783,0.7610057177621034,0.46746651852292,-0.14335313847450262,0.7542976304860554,measured_min_over_explicit_pairs,0.023141383197720522,21,collision_hand_left_middle_floor_semantic_21,floor,0,0.0,,0,0.0,not_applicable_static_combination
12,0.4,AA,left,middle,target,0.49496416226029394,-0.16995897982269526,0.7464615657262442,0.49496416226029394,-0.16995897982269526,0.7464615657262442,0.49169144984597113,-0.14557366721470516,0.7850055559235892,-0.06482899862465868,-0.10751614560497443,0.046337654774840455,0.0,0.03826545298769758,0.03826545298769758,-0.004129175799040374,0.0012206265255789162,0.009487068646683694,0.01041846886069236,0.0008564633847175651,0.02316468608241118,0.029056921550661308,0.03717043046330378,0.04572738017719024,0.034383623983488786,measured_min_over_explicit_pairs,0.021280472412468634,1764,collision_hand_left_middle_external_semantic_link2,left_object_6,31,0,0.4958171300989635,-0.1330762524744396,0.7743842608851856,0.4898474085686222,-0.1250069220621462,0.7556197508290916,measured_min_over_explicit_pairs,0.05365233578651718,21,collision_hand_left_middle_floor_semantic_21,floor,0,0.0,,0,0.0,source endpoint interval; AA solve data only; object and floor separated
12,0.4,RR,left,ring,target,0.48419314846396444,-0.17879438493400812,0.742300625079119,0.48419314846396444,-0.17879438493400812,0.742300625079119,0.48102145140207303,-0.17850533255103895,0.7385583029869506,-0.10095332653346091,-0.1287065812021725,-0.0015184561750345583,0.0,0.0410976613666671,0.0410976613666671,-0.0031716970618914098,0.00028905238296916824,-0.003742322092168404,0.004914080603128367,-0.008203752143197685,0.031022049660747758,0.03783438683258933,0.0496095750977463,0.047666076344447195,0.03999684764949506,measured_min_over_explicit_pairs,0.009994953658307243,1828,collision_hand_left_ring_1,left_object_6,15,0,0.45331295534605776,-0.16682616740400572,0.7563525388878638,0.44687008492181246,-0.15923029464784616,0.7555211326091241,measured_min_over_explicit_pairs,0.005026697389471035,23,collision_hand_left_ring_floor_semantic_23,floor,0,0.0,,0,0.0,not_applicable_static_combination
12,0.4,AR,left,ring,target,0.48419314846396444,-0.17879438493400812,0.742300625079119,0.48419314846396444,-0.17879438493400812,0.742300625079119,0.47281769925887535,-0.1474832828902912,0.7763926898195399,-0.08819917872343416,-0.09888371514665542,0.0360187029510049,0.0,0.0410976613666671,0.0410976613666671,-0.0031716970618914098,0.00028905238296916824,-0.003742322092168404,0.004914080603128367,-0.008203752143197685,0.031022049660747758,0.03783438683258933,0.0496095750977463,0.047666076344447195,0.02112162267886345,measured_min_over_explicit_pairs,0.02668430460449354,1828,collision_hand_left_ring_1,left_object_6,15,0,0.4549667885401143,-0.15752306091567944,0.7839041283007837,0.45077810584566824,-0.15303806712374593,0.7579350720954273,measured_min_over_explicit_pairs,0.04507044473248145,23,collision_hand_left_ring_floor_semantic_23,floor,0,0.0,,0,0.0,not_applicable_static_combination
12,0.4,RA,left,ring,target,0.48419314846396444,-0.17879438493400812,0.742300625079119,0.48419314846396444,-0.17879438493400812,0.742300625079119,0.48102145140207303,-0.17850533255103895,0.7385583029869506,-0.09343966106552325,-0.1273126823866311,2.115792841887069e-05,0.0,0.03952319610265975,0.03952319610265975,-0.0031716970618914098,0.00028905238296916824,-0.003742322092168404,0.004914080603128367,-0.008203752143197685,0.031022049660747758,0.03783438683258933,0.0496095750977463,0.047666076344447195,0.03857272698921644,measured_min_over_explicit_pairs,0.01002308021636418,1828,collision_hand_left_ring_1,left_object_6,14,0,0.45385585477232737,-0.1666087501612745,0.7550950994776353,0.44784831399670383,-0.1588099028374101,0.7532110688855416,measured_min_over_explicit_pairs,0.005026697389471035,23,collision_hand_left_ring_floor_semantic_23,floor,0,0.0,,0,0.0,not_applicable_static_combination
12,0.4,AA,left,ring,target,0.48419314846396444,-0.17879438493400812,0.742300625079119,0.48419314846396444,-0.17879438493400812,0.742300625079119,0.47281769925887535,-0.1474832828902912,0.7763926898195399,-0.08113931542870612,-0.09769866157163778,0.03787378280124514,0.0,0.03952319610265975,0.03952319610265975,-0.0031716970618914098,0.00028905238296916824,-0.003742322092168404,0.004914080603128367,-0.008203752143197685,0.031022049660747758,0.03783438683258933,0.0496095750977463,0.047666076344447195,0.02236190277770332,measured_min_over_explicit_pairs,0.02897411234381,1828,collision_hand_left_ring_1,left_object_6,14,0,0.4554700195667595,-0.15754683022376736,0.7838299565700986,0.4521369577090473,-0.15273436569907448,0.7554533804911746,measured_min_over_explicit_pairs,0.04507044473248145,23,collision_hand_left_ring_floor_semantic_23,floor,0,0.0,,0,0.0,source endpoint interval; AA solve data only; object and floor separated
12,0.4,RR,left,pinky,target,0.4632733933627605,-0.18744678888469934,0.7445213153295157,0.4632733933627605,-0.18744678888469934,0.7445213153295157,0.45642929323878606,-0.16928554221233702,0.7334000626003274,-0.11402635701742818,-0.10606939295859688,-0.007266482209606586,0.0,0.033934998498016386,0.033934998498016386,-0.0068441001239744614,0.018161246672362324,-0.011121252729188291,0.02236861304300865,-0.008089931548233953,0.022731435744505785,0.04091761722291576,0.04750175325882992,0.05275471651214156,0.01722648460093854,measured_min_over_explicit_pairs,-0.0047041912774063825,1926,collision_hand_left_pinky_1,left_object_6,14,0,0.43009938162913214,-0.16684618880390917,0.7550674062466134,0.43295370562053703,-0.1704142096996626,0.7539487119121395,measured_min_over_explicit_pairs,0.001398693127707351,25,collision_hand_left_pinky_floor_semantic_25,floor,0,0.0,,0,0.0,not_applicable_static_combination
12,0.4,AR,left,pinky,target,0.4632733933627605,-0.18744678888469934,0.7445213153295157,0.4632733933627605,-0.18744678888469934,0.7445213153295157,0.4483393616905521,-0.14655410646783124,0.7743176798232432,-0.10649289871274978,-0.08267422318124373,0.0333823750895015,0.0,0.033934998498016386,0.033934998498016386,-0.0068441001239744614,0.018161246672362324,-0.011121252729188291,0.02236861304300865,-0.008089931548233953,0.022731435744505785,0.04091761722291576,0.04750175325882992,0.05275471651214156,0.017282382770188995,measured_min_over_explicit_pairs,0.021078665195533326,1926,collision_hand_left_pinky_1,left_object_6,15,0,0.4338168058075454,-0.1694658710240789,0.7792471002116668,0.43243989788895043,-0.1682075485059119,0.7582511273728252,measured_min_over_explicit_pairs,0.04372530241595762,25,collision_hand_left_pinky_floor_semantic_25,floor,0,0.0,,0,0.0,not_applicable_static_combination
12,0.4,RA,left,pinky,target,0.4632733933627605,-0.18744678888469934,0.7445213153295157,0.4632733933627605,-0.18744678888469934,0.7445213153295157,0.45642929323878606,-0.16928554221233702,0.7334000626003274,-0.1076294412290787,-0.10517161649066793,-0.004959761746151127,0.0,0.03308833686082506,0.03308833686082506,-0.0068441001239744614,0.018161246672362324,-0.011121252729188291,0.02236861304300865,-0.008089931548233953,0.022731435744505785,0.04091761722291576,0.04750175325882992,0.05275471651214156,0.0163671547680738,measured_min_over_explicit_pairs,-0.004860898459021959,1926,collision_hand_left_pinky_1,left_object_6,14,0,0.43005607647274835,-0.16644813575439432,0.7525403590479589,0.43302302624054145,-0.17029625673132875,0.7524080418110184,measured_min_over_explicit_pairs,0.001398693127707351,25,collision_hand_left_pinky_floor_semantic_25,floor,0,0.0,,0,0.0,not_applicable_static_combination
12,0.4,AA,left,pinky,target,0.4632733933627605,-0.18744678888469934,0.7445213153295157,0.4632733933627605,-0.18744678888469934,0.7445213153295157,0.4483393616905521,-0.14655410646783124,0.7743176798232432,-0.10018695153813789,-0.08227189105323905,0.0359868923876529,0.0,0.03308833686082506,0.03308833686082506,-0.0068441001239744614,0.018161246672362324,-0.011121252729188291,0.02236861304300865,-0.008089931548233953,0.022731435744505785,0.04091761722291576,0.04750175325882992,0.05275471651214156,0.01985916678398553,measured_min_over_explicit_pairs,0.02411472103550116,1926,collision_hand_left_pinky_1,left_object_6,15,0,0.43410458952277403,-0.16835747025558376,0.7793005188874057,0.4332784548673404,-0.16685665578029113,0.7552467285818866,measured_min_over_explicit_pairs,0.04372530241595762,25,collision_hand_left_pinky_floor_semantic_25,floor,24,505.21649074554443,121,0,0.0,source endpoint interval; AA solve data only; object and floor separated
13,0.43333333333333335,RR,right,palm,tool,0.7502696759998798,-0.21519579086452723,0.7740552976064322,0.7502696759998798,-0.21519579086452723,0.7740552976064322,0.7517685708818117,-0.2456559760370844,0.7750070675033766,-0.06934045723007412,-0.25266990665000416,0.025426515599266317,0.0,0.1731485280960795,0.1731485280960795,0.0014988948819318892,-0.030460185172557164,0.0009517698969443433,0.030511890019306938,-0.00489757631394061,-0.00604111721128292,-0.005046664060993744,0.00927093140174474,0.036887182996368485,0.203587758570015,measured_min_over_explicit_pairs,0.09996267979157847,118,collision_hand_right_palm_0,right_object_9,1,0,0.7174467046825633,-0.14350359546088465,0.7786862735875533,0.720536644625348,-0.04361931904279133,0.7762122188796792,measured_min_over_explicit_pairs,0.01046225788243138,0,collision_hand_right_palm_floor_semantic_00,floor,0,0.0,,0,0.0,not_applicable_static_combination
13,0.43333333333333335,AR,right,palm,tool,0.7502696759998798,-0.21519579086452723,0.7740552976064322,0.7502696759998798,-0.21519579086452723,0.7740552976064322,0.7468709945678711,-0.2516970932483673,0.7699604034423828,-0.07610109329676629,-0.2566148058113272,0.020458443575171775,0.0,0.1731485280960795,0.1731485280960795,0.0014988948819318892,-0.030460185172557164,0.0009517698969443433,0.030511890019306938,-0.00489757631394061,-0.00604111721128292,-0.005046664060993744,0.00927093140174474,0.036887182996368485,0.20912177386455394,measured_min_over_explicit_pairs,0.10792653164542686,118,collision_hand_right_palm_0,right_object_9,1,0,0.7217277544907801,-0.15156843547200635,0.7670305195248399,0.7218121330737011,-0.04367788737622101,0.7698159718861448,measured_min_over_explicit_pairs,0.009589015562048608,0,collision_hand_right_palm_floor_semantic_00,floor,0,0.0,,0,0.0,not_applicable_static_combination
13,0.43333333333333335,RA,right,palm,tool,0.7502696759998798,-0.21519579086452723,0.7740552976064322,0.7502696759998798,-0.21519579086452723,0.7740552976064322,0.7517685708818117,-0.2456559760370844,0.7750070675033766,-0.06898652038236405,-0.2535098792906465,0.022945952367223858,0.0,0.1737927943122408,0.1737927943122408,0.0014988948819318892,-0.030460185172557164,0.0009517698969443433,0.030511890019306938,-0.00489757631394061,-0.00604111721128292,-0.005046664060993744,0.00927093140174474,0.036887182996368485,0.2042336840753337,measured_min_over_explicit_pairs,0.10060123530241138,118,collision_hand_right_palm_0,right_object_9,1,0,0.7188639232117269,-0.14357771343361966,0.7774639481774989,0.7210612833582671,-0.04306304936072118,0.7739167719667773,measured_min_over_explicit_pairs,0.01046225788243138,0,collision_hand_right_palm_floor_semantic_00,floor,0,0.0,,0,0.0,not_applicable_static_combination
13,0.43333333333333335,AA,right,palm,tool,0.7502696759998798,-0.21519579086452723,0.7740552976064322,0.7502696759998798,-0.21519579086452723,0.7740552976064322,0.7468709945678711,-0.2516970932483673,0.7699604034423828,-0.07576132777388961,-0.25736773123776957,0.017929067654808586,0.0,0.1737927943122408,0.1737927943122408,0.0014988948819318892,-0.030460185172557164,0.0009517698969443433,0.030511890019306938,-0.00489757631394061,-0.00604111721128292,-0.005046664060993744,0.00927093140174474,0.036887182996368485,0.20970934702244498,measured_min_over_explicit_pairs,0.0,132,collision_hand_right_palm_0,right_object_23,2,0,1.1141422411804907,-0.23913680180476493,1.2156729051807809,1.1171053713918513,-0.06548720331835454,1.2110916996384877,measured_min_over_explicit_pairs,0.009589015562048608,0,collision_hand_right_palm_floor_semantic_00,floor,0,0.0,,0,0.0,source endpoint interval; AA solve data only; object and floor separated
13,0.43333333333333335,RR,right,thumb,tool,0.6776450000703335,-0.11789438966661692,0.7596868231229422,0.6776450000703335,-0.11789438966661692,0.7596868231229422,0.6755508914532873,-0.12352732501975167,0.7517604781521193,-0.09490062419793117,-0.11173546752399444,-0.0019433164437162626,0.0,0.08194525728869595,0.08194525728869595,-0.0020941086170461753,-0.005632935353134749,-0.007926344970822896,0.009946969196145718,-0.012200903600949164,-0.01055022446919171,-0.008650047467403166,0.018302803233885067,0.027221660904758836,0.0886487542770264,measured_min_over_explicit_pairs,0.10882495182391606,284,collision_hand_right_thumb_external_semantic_rota1,right_object_23,18,0,0.6789142597077957,-0.14634007987283146,0.7585002672605863,0.7078295942232589,-0.041674055147521594,0.7656972692431724,measured_min_over_explicit_pairs,0.019865707197665783,3,collision_hand_right_thumb_floor_semantic_03,floor,0,0.0,,0,0.0,not_applicable_static_combination
13,0.43333333333333335,AR,right,thumb,tool,0.6776450000703335,-0.11789438966661692,0.7596868231229422,0.6776450000703335,-0.11789438966661692,0.7596868231229422,0.6633499878523381,-0.13407754948894338,0.7431104306847162,-0.11009746605757438,-0.11727264404205602,-0.010510012418194261,0.0,0.08194525728869595,0.08194525728869595,-0.0020941086170461753,-0.005632935353134749,-0.007926344970822896,0.009946969196145718,-0.012200903600949164,-0.01055022446919171,-0.008650047467403166,0.018302803233885067,0.027221660904758836,0.1038530849548382,measured_min_over_explicit_pairs,0.12248072848708803,284,collision_hand_right_thumb_external_semantic_rota1,right_object_23,23,0,0.6692703322353784,-0.1570801421501797,0.7501611528407487,0.7050373022280663,-0.04068894042775324,0.7634027867988131,measured_min_over_explicit_pairs,0.010428156610895467,3,collision_hand_right_thumb_floor_semantic_03,floor,0,0.0,,0,0.0,not_applicable_static_combination
13,0.43333333333333335,RA,right,thumb,tool,0.6776450000703335,-0.11789438966661692,0.7596868231229422,0.6776450000703335,-0.11789438966661692,0.7596868231229422,0.6755508914532873,-0.12352732501975167,0.7517604781521193,-0.09471021773721358,-0.11211598209878125,-0.0017725266422356802,0.0,0.08219837845717609,0.08219837845717609,-0.0020941086170461753,-0.005632935353134749,-0.007926344970822896,0.009946969196145718,-0.012200903600949164,-0.01055022446919171,-0.008650047467403166,0.018302803233885067,0.027221660904758836,0.08879614837221984,measured_min_over_explicit_pairs,0.10910791267760318,284,collision_hand_right_thumb_external_semantic_rota1,right_object_23,18,0,0.6788527228769335,-0.1463121917898057,0.7583258321118262,0.7074604128647922,-0.04119510589461067,0.7643702456751295,measured_min_over_explicit_pairs,0.019865707197665783,3,collision_hand_right_thumb_floor_semantic_03,floor,0,0.0,,0,0.0,not_applicable_static_combination
13,0.43333333333333335,AA,right,thumb,tool,0.6776450000703335,-0.11789438966661692,0.7596868231229422,0.6776450000703335,-0.11789438966661692,0.7596868231229422,0.6633499878523381,-0.13407754948894338,0.7431104306847162,-0.10993214062217842,-0.11750533668477968,-0.01038882091813383,0.0,0.08219837845717609,0.08219837845717609,-0.0020941086170461753,-0.005632935353134749,-0.007926344970822896,0.009946969196145718,-0.012200903600949164,-0.01055022446919171,-0.008650047467403166,0.018302803233885067,0.027221660904758836,0.10389033901786594,measured_min_over_explicit_pairs,0.12266827165286531,284,collision_hand_right_thumb_external_semantic_rota1,right_object_23,23,0,0.6692307357295593,-0.1570472154720918,0.7499683285511125,0.7049577464897646,-0.04030034286130735,0.7618533320447004,measured_min_over_explicit_pairs,0.010428156610895467,3,collision_hand_right_thumb_floor_semantic_03,floor,0,0.0,,0,0.0,source endpoint interval; AA solve data only; object and floor separated
13,0.43333333333333335,RR,right,index,tool,0.69878184273839,-0.07719846162945032,0.7370066001348136,0.69878184273839,-0.07719846162945032,0.7370066001348136,0.6997622407449828,-0.07994759200101888,0.7393130893570466,-0.05623641089918352,-0.08055441680806892,-0.01510161187146991,0.0,0.042033428199500296,0.042033428199500296,0.0009803980065928863,-0.002749130371568556,0.002306489222233088,0.003720052497410402,-0.009008140395362907,-0.0012095036392914954,-0.0008479122379084769,0.009128441685152144,0.009068785911663943,0.04359650452764412,measured_min_over_explicit_pairs,0.040434075953057314,395,collision_hand_right_index_1,right_object_9,1,0,0.7149960365497692,-0.0832682086464205,0.7593301256340921,0.7180202508991286,-0.04318608359409521,0.7637109790939209,measured_min_over_explicit_pairs,0.008404212428354318,6,collision_hand_right_index_floor_semantic_06,floor,0,0.0,,0,0.0,not_applicable_static_combination
13,0.43333333333333335,AR,right,index,tool,0.69878184273839,-0.07719846162945032,0.7370066001348136,0.69878184273839,-0.07719846162945032,0.7370066001348136,0.6907541003496199,-0.08115709564031037,0.7384651771191382,-0.06504949939459768,-0.07837403705872018,-0.01605232892709252,0.0,0.042033428199500296,0.042033428199500296,0.0009803980065928863,-0.002749130371568556,0.002306489222233088,0.003720052497410402,-0.009008140395362907,-0.0012095036392914954,-0.0008479122379084769,0.009128441685152144,0.009068785911663943,0.047311214486758964,measured_min_over_explicit_pairs,0.04678839708638831,395,collision_hand_right_index_1,right_object_9,1,0,0.7046556251245023,-0.08819777001746297,0.7569804966726118,0.7124167429603159,-0.04237635850502984,0.7623950510273512,measured_min_over_explicit_pairs,0.008605922017551282,6,collision_hand_right_index_floor_semantic_06,floor,0,0.0,,0,0.0,not_applicable_static_combination
13,0.43333333333333335,RA,right,index,tool,0.69878184273839,-0.07719846162945032,0.7370066001348136,0.69878184273839,-0.07719846162945032,0.7370066001348136,0.6997622407449828,-0.07994759200101888,0.7393130893570466,-0.05610570354879354,-0.08067820827779322,-0.014487789666675724,0.0,0.041817754454487197,0.041817754454487197,0.0009803980065928863,-0.002749130371568556,0.002306489222233088,0.003720052497410402,-0.009008140395362907,-0.0012095036392914954,-0.0008479122379084769,0.009128441685152144,0.009068785911663943,0.043446990594096235,measured_min_over_explicit_pairs,0.04074548362666808,395,collision_hand_right_index_1,right_object_9,1,0,0.7149030746383294,-0.08323790336328897,0.7590914385470545,0.7176349321513283,-0.042744180942779444,0.7626955799192084,measured_min_over_explicit_pairs,0.008404212428354318,6,collision_hand_right_index_floor_semantic_06,floor,0,0.0,,0,0.0,not_applicable_static_combination
13,0.43333333333333335,AA,right,index,tool,0.69878184273839,-0.07719846162945032,0.7370066001348136,0.69878184273839,-0.07719846162945032,0.7370066001348136,0.6907541003496199,-0.08115709564031037,0.7384651771191382,-0.06492300345731843,-0.07848605140918277,-0.015369899742434141,0.0,0.041817754454487197,0.041817754454487197,0.0009803980065928863,-0.002749130371568556,0.002306489222233088,0.003720052497410402,-0.009008140395362907,-0.0012095036392914954,-0.0008479122379084769,0.009128441685152144,0.009068785911663943,0.047123422005043374,measured_min_over_explicit_pairs,0.04702670573289135,395,collision_hand_right_index_1,right_object_9,1,0,0.7046438032124748,-0.08817771790515047,0.756818051992522,0.7123981221677929,-0.042044340855355494,0.7616235812670766,measured_min_over_explicit_pairs,0.008605922017551282,6,collision_hand_right_index_floor_semantic_06,floor,0,0.0,,0,0.0,source endpoint interval; AA solve data only; object and floor separated
13,0.43333333333333335,RR,right,middle,tool,0.7175650991499424,-0.06433646474033594,0.7268831088475821,0.7175650991499424,-0.06433646474033594,0.7268831088475821,0.7192713494852893,-0.07320730025224888,0.7330008544816319,-0.035588734033368256,-0.08167988495041276,-0.021289335792871577,0.0,0.03230551010571892,0.03230551010571892,0.0017062503353468816,-0.008870835511912936,0.006117745634049765,0.010910079034050208,-0.0038078763262181514,0.0008036030391982418,0.002287723661091756,0.004514352612490563,0.011838453684746796,0.03709817177258249,measured_min_over_explicit_pairs,0.022405419100668622,591,collision_hand_right_middle_0,right_object_3,0,0,0.7202707191467862,-0.05927275240684445,0.7378386606063649,0.7209483878717045,-0.03908630105697275,0.7475366373064369,measured_min_over_explicit_pairs,0.002729318174860329,8,collision_hand_right_middle_floor_semantic_08,floor,0,0.0,,0,0.0,not_applicable_static_combination
13,0.43333333333333335,AR,right,middle,tool,0.7175650991499424,-0.06433646474033594,0.7268831088475821,0.7175650991499424,-0.06433646474033594,0.7268831088475821,0.7154634731590711,-0.07240369721305064,0.7352885781427236,-0.038840256691566655,-0.07946191620037767,-0.019078545315012914,0.0,0.03230551010571892,0.03230551010571892,0.0017062503353468816,-0.008870835511912936,0.006117745634049765,0.010910079034050208,-0.0038078763262181514,0.0008036030391982418,0.002287723661091756,0.004514352612490563,0.011838453684746796,0.03564353871882765,measured_min_over_explicit_pairs,0.020704228176475686,591,collision_hand_right_middle_0,right_object_3,0,0,0.7171125629830364,-0.0586192529290981,0.7408578261079467,0.7184385489709038,-0.03966374649638169,0.7490794805292171,measured_min_over_explicit_pairs,0.006397430776089896,8,collision_hand_right_middle_floor_semantic_08,floor,0,0.0,,0,0.0,not_applicable_static_combination
13,0.43333333333333335,RA,right,middle,tool,0.7175650991499424,-0.06433646474033594,0.7268831088475821,0.7175650991499424,-0.06433646474033594,0.7268831088475821,0.7192713494852893,-0.07320730025224888,0.7330008544816319,-0.035477825605020503,-0.08167889699648698,-0.02076237646160658,0.0,0.031833358544441276,0.031833358544441276,0.0017062503353468816,-0.008870835511912936,0.006117745634049765,0.010910079034050208,-0.0038078763262181514,0.0008036030391982418,0.002287723661091756,0.004514352612490563,0.011838453684746796,0.03685143986113293,measured_min_over_explicit_pairs,0.02212726957219357,591,collision_hand_right_middle_0,right_object_3,0,0,0.7202130102815719,-0.05916590646470481,0.7376126900816876,0.720754572203416,-0.038993636623967376,0.7466902612809571,measured_min_over_explicit_pairs,0.002729318174860329,8,collision_hand_right_middle_floor_semantic_08,floor,0,0.0,,0,0.0,not_applicable_static_combination
13,0.43333333333333335,AA,right,middle,tool,0.7175650991499424,-0.06433646474033594,0.7268831088475821,0.7175650991499424,-0.06433646474033594,0.7268831088475821,0.7154634731590711,-0.07240369721305064,0.7352885781427236,-0.0387232503463136,-0.0795033995566219,-0.01850100328416694,0.0,0.031833358544441276,0.031833358544441276,0.0017062503353468816,-0.008870835511912936,0.006117745634049765,0.010910079034050208,-0.0038078763262181514,0.0008036030391982418,0.002287723661091756,0.004514352612490563,0.011838453684746796,0.035425350854916646,measured_min_over_explicit_pairs,0.02047613206114307,591,collision_hand_right_middle_0,right_object_3,0,0,0.717137543569976,-0.05851283124690822,0.7405984610247891,0.7185000719014936,-0.03954824502008337,0.7481984590495591,measured_min_over_explicit_pairs,0.006397430776089896,8,collision_hand_right_middle_floor_semantic_08,floor,0,0.0,,0,0.0,source endpoint interval; AA solve data only; object and floor separated
13,0.43333333333333335,RR,right,ring,tool,0.7379015929996967,-0.06971955392509699,0.72264569544121,0.7379015929996967,-0.06971955392509699,0.72264569544121,0.7382634258687361,-0.07259675396623363,0.7243377973101751,-0.017676730026122366,-0.0883744531727811,-0.029683569554117228,0.0,0.04020782674576814,0.04020782674576814,0.00036183286903934686,-0.002877200041136646,0.001692101868965068,0.00335744126334163,-0.0017650957183167337,0.0016766038479009704,0.006353370059949737,0.006803813230555504,0.008254707529787485,0.04180306681882167,measured_min_over_explicit_pairs,0.027453049605861958,744,collision_hand_right_ring_0,right_object_3,0,0,0.7375776033982061,-0.05945601782474144,0.7304908525092387,0.7329608077499268,-0.0366222920737031,0.7450158688235261,measured_min_over_explicit_pairs,-0.005451737452147443,10,collision_hand_right_ring_floor_semantic_10,floor,0,0.0,,0,0.0,not_applicable_static_combination
13,0.43333333333333335,AR,right,ring,tool,0.7379015929996967,-0.06971955392509699,0.72264569544121,0.7379015929996967,-0.06971955392509699,0.72264569544121,0.7364983301504193,-0.07092015011833266,0.7306911673701248,-0.018726214882197712,-0.08598504813682044,-0.023400162867671055,0.0,0.04020782674576814,0.04020782674576814,0.00036183286903934686,-0.002877200041136646,0.001692101868965068,0.00335744126334163,-0.0017650957183167337,0.0016766038479009704,0.006353370059949737,0.006803813230555504,0.008254707529787485,0.03704651847947103,measured_min_over_explicit_pairs,0.022494984867401972,744,collision_hand_right_ring_0,right_object_3,0,0,0.736096195179748,-0.057782699256335474,0.7372486264101783,0.7322954239828197,-0.03812049276910402,0.7474944118142709,measured_min_over_explicit_pairs,0.0024436194547740042,10,collision_hand_right_ring_floor_semantic_10,floor,0,0.0,,0,0.0,not_applicable_static_combination
13,0.43333333333333335,RA,right,ring,tool,0.7379015929996967,-0.06971955392509699,0.72264569544121,0.7379015929996967,-0.06971955392509699,0.72264569544121,0.7382634258687361,-0.07259675396623363,0.7243377973101751,-0.017589912226059306,-0.08820923691815011,-0.02933544517311748,0.0,0.03982443856045723,0.03982443856045723,0.00036183286903934686,-0.002877200041136646,0.001692101868965068,0.00335744126334163,-0.0017650957183167337,0.0016766038479009704,0.006353370059949737,0.006803813230555504,0.008254707529787485,0.041478616260581844,measured_min_over_explicit_pairs,0.027102074165004757,744,collision_hand_right_ring_0,right_object_3,0,0,0.7375078800900932,-0.05933952062701583,0.7302795944482621,0.7327611435632903,-0.03648198267729599,0.7440463615076574,measured_min_over_explicit_pairs,-0.005451737452147443,10,collision_hand_right_ring_floor_semantic_10,floor,0,0.0,,0,0.0,not_applicable_static_combination
13,0.43333333333333335,AA,right,ring,tool,0.7379015929996967,-0.06971955392509699,0.72264569544121,0.7379015929996967,-0.06971955392509699,0.72264569544121,0.7364983301504193,-0.07092015011833266,0.7306911673701248,-0.01862005606214563,-0.08593510603990645,-0.023006226666708162,0.0,0.03982443856045723,0.03982443856045723,0.00036183286903934686,-0.002877200041136646,0.001692101868965068,0.00335744126334163,-0.0017650957183167337,0.0016766038479009704,0.006353370059949737,0.006803813230555504,0.008254707529787485,0.03682025319778512,measured_min_over_explicit_pairs,0.022269916634221294,744,collision_hand_right_ring_0,right_object_3,0,0,0.7360200057423181,-0.05767171073016515,0.7369985135802305,0.7320875890176829,-0.0379590592617121,0.7465847880224876,measured_min_over_explicit_pairs,0.0024436194547740042,10,collision_hand_right_ring_floor_semantic_10,floor,0,0.0,,0,0.0,source endpoint interval; AA solve data only; object and floor separated
13,0.43333333333333335,RR,right,pinky,tool,0.7613726504147053,-0.08968741539865732,0.7214364364080069,0.7613726504147053,-0.08968741539865732,0.7214364364080069,0.7604655447180578,-0.06945582986819425,0.7192431722047474,0.004136874183149657,-0.093803473266974,-0.034525790405336994,0.0,0.06328507887454189,0.06328507887454189,-0.0009071056966474256,0.020231585530463073,-0.002193264203259493,0.020370328953814968,-0.0021486582957020994,-0.0002879476631594685,0.007996093901792456,0.008284754915789058,0.020994266299855832,0.04755359400554198,measured_min_over_explicit_pairs,0.033972550108529474,914,collision_hand_right_pinky_0,right_object_21,0,0,0.7584970795356373,-0.057576966868987736,0.7263628688876382,0.745610396069789,-0.031723379950599956,0.7442418955272779,measured_min_over_explicit_pairs,-0.008983686419035575,12,collision_hand_right_pinky_floor_semantic_12,floor,0,0.0,,0,0.0,not_applicable_static_combination
13,0.43333333333333335,AR,right,pinky,tool,0.7613726504147053,-0.08968741539865732,0.7214364364080069,0.7613726504147053,-0.08968741539865732,0.7214364364080069,0.7583168864223557,-0.06974377753135372,0.7272392661065399,0.001997156647850892,-0.09305054618033923,-0.026557611586683533,0.0,0.06328507887454189,0.06328507887454189,-0.0009071056966474256,0.020231585530463073,-0.002193264203259493,0.020370328953814968,-0.0021486582957020994,-0.0002879476631594685,0.007996093901792456,0.008284754915789058,0.020994266299855832,0.043080806355479714,measured_min_over_explicit_pairs,0.02935685578075905,914,collision_hand_right_pinky_0,right_object_21,0,0,0.756210647442966,-0.05775231662747628,0.7343306708148268,0.7450092658531509,-0.03401666192517887,0.7474825804733116,measured_min_over_explicit_pairs,-0.00011301066483260236,12,collision_hand_right_pinky_floor_semantic_12,floor,0,0.0,,0,0.0,not_applicable_static_combination
13,0.43333333333333335,RA,right,pinky,tool,0.7613726504147053,-0.08968741539865732,0.7214364364080069,0.7613726504147053,-0.08968741539865732,0.7214364364080069,0.7604655447180578,-0.06945582986819425,0.7192431722047474,0.004210554809891783,-0.09353655204095501,-0.03434683631237728,0.0,0.06314275590963613,0.06314275590963613,-0.0009071056966474256,0.020231585530463073,-0.002193264203259493,0.020370328953814968,-0.0021486582957020994,-0.0002879476631594685,0.007996093901792456,0.008284754915789058,0.020994266299855832,0.047236538086343496,measured_min_over_explicit_pairs,0.033660265965778806,914,collision_hand_right_pinky_0,right_object_21,0,0,0.7584365196717403,-0.05748683351589596,0.7261847491567484,0.7454644476976657,-0.03156750794453343,0.7432998715785165,measured_min_over_explicit_pairs,-0.008983686419035575,12,collision_hand_right_pinky_floor_semantic_12,floor,0,0.0,,0,0.0,not_applicable_static_combination
13,0.43333333333333335,AA,right,pinky,tool,0.7613726504147053,-0.08968741539865732,0.7214364364080069,0.7613726504147053,-0.08968741539865732,0.7214364364080069,0.7583168864223557,-0.06974377753135372,0.7272392661065399,0.0020965640792554707,-0.09292990340114238,-0.026359334535645828,0.0,0.06314275590963613,0.06314275590963613,-0.0009071056966474256,0.020231585530463073,-0.002193264203259493,0.020370328953814968,-0.0021486582957020994,-0.0002879476631594685,0.007996093901792456,0.008284754915789058,0.020994266299855832,0.04289001500717416,measured_min_over_explicit_pairs,0.02919169501974525,914,collision_hand_right_pinky_0,right_object_21,0,0,0.7561801157778141,-0.05766470900585629,0.7341416091249605,0.7449526257079976,-0.03380684886430202,0.7466676234281628,measured_min_over_explicit_pairs,-0.00011301066483260236,12,collision_hand_right_pinky_floor_semantic_12,floor,0,0.0,,34,257.18286103755236,source endpoint interval; AA solve data only; object and floor separated
13,0.43333333333333335,RR,left,palm,target,0.4601854108273983,-0.29663914535194635,0.7809535815648673,0.4601854108273983,-0.29663914535194635,0.7809535815648673,0.47881626428162244,-0.3270744152998695,0.7818819435441806,-0.19754737932472266,-0.24137506666419356,0.04234702587261638,0.0,0.12851897576210347,0.12851897576210347,0.01863085345422416,-0.03043526994792317,0.0009283619793133413,0.03569700566154487,0.0006212657591185278,0.012837684962726581,0.02131246010419585,0.02488801080919504,0.03427788293442705,0.1629580426677457,measured_min_over_explicit_pairs,0.05652986019518118,1244,collision_hand_left_palm_0,left_object_7,17,0,0.43360998411508384,-0.23174055724156029,0.7563437075225742,0.4223851548622488,-0.17634273238520667,0.7555015061712351,measured_min_over_explicit_pairs,0.023740326730110173,13,collision_hand_left_palm_floor_semantic_13,floor,0,0.0,,0,0.0,not_applicable_static_combination
13,0.43333333333333335,AR,left,palm,target,0.4601854108273983,-0.29663914535194635,0.7809535815648673,0.4601854108273983,-0.29663914535194635,0.7809535815648673,0.47943753004074097,-0.31423673033714294,0.8031944036483765,-0.18924633131811194,-0.23147885892682868,0.06362073632588411,0.0,0.12851897576210347,0.12851897576210347,0.01863085345422416,-0.03043526994792317,0.0009283619793133413,0.03569700566154487,0.0006212657591185278,0.012837684962726581,0.02131246010419585,0.02488801080919504,0.03427788293442705,0.15633971981863612,measured_min_over_explicit_pairs,0.046430666776984146,1244,collision_hand_left_palm_0,left_object_7,17,0,0.4415572872527954,-0.21435722911003807,0.775532653144277,0.4252480063608611,-0.17495142072506312,0.757175190365615,measured_min_over_explicit_pairs,0.04695989992159044,13,collision_hand_left_palm_floor_semantic_13,floor,0,0.0,,0,0.0,not_applicable_static_combination
13,0.43333333333333335,RA,left,palm,target,0.4601854108273983,-0.29663914535194635,0.7809535815648673,0.4601854108273983,-0.29663914535194635,0.7809535815648673,0.47881626428162244,-0.3270744152998695,0.7818819435441806,-0.18397892575817076,-0.24457545433939995,0.04333409096818381,0.0,0.12764349158580712,0.12764349158580712,0.01863085345422416,-0.03043526994792317,0.0009283619793133413,0.03569700566154487,0.0006212657591185278,0.012837684962726581,0.02131246010419585,0.02488801080919504,0.03427788293442705,0.16221075952359942,measured_min_over_explicit_pairs,0.05438396457102061,1244,collision_hand_left_palm_0,left_object_7,17,0,0.43025973505352755,-0.23247957819972298,0.7523848205773909,0.4171879207541884,-0.17969009025532984,0.7524998681953143,measured_min_over_explicit_pairs,0.023740326730110173,13,collision_hand_left_palm_floor_semantic_13,floor,0,0.0,,0,0.0,not_applicable_static_combination
13,0.43333333333333335,AA,left,palm,target,0.4601854108273983,-0.29663914535194635,0.7809535815648673,0.4601854108273983,-0.29663914535194635,0.7809535815648673,0.47943753004074097,-0.31423673033714294,0.8031944036483765,-0.1756219925142229,-0.23476713679882813,0.0646266167887181,0.0,0.12764349158580712,0.12764349158580712,0.01863085345422416,-0.03043526994792317,0.0009283619793133413,0.03569700566154487,0.0006212657591185278,0.012837684962726581,0.02131246010419585,0.02488801080919504,0.03427788293442705,0.156084341815675,measured_min_over_explicit_pairs,0.046706046558886403,1244,collision_hand_left_palm_0,left_object_7,17,0,0.4415572872527954,-0.21435722911003807,0.775532653144277,0.42371007218749374,-0.1767326595293275,0.7543826303679299,measured_min_over_explicit_pairs,0.04695989992159044,13,collision_hand_left_palm_floor_semantic_13,floor,0,0.0,,0,0.0,source endpoint interval; AA solve data only; object and floor separated
13,0.43333333333333335,RR,left,thumb,target,0.4857807032763958,-0.1807548115029931,0.7829872920446036,0.4857807032763958,-0.1807548115029931,0.7829872920446036,0.4891818054331011,-0.18960572298816444,0.7909931731280766,-0.10246610272193779,-0.14152747160478332,0.05118495064150036,0.0,0.04958055825620515,0.04958055825620515,0.0034011021567053046,-0.008850911485171337,0.008005881083472999,0.012409684199100079,0.01981585427719179,0.010050080159376334,0.01895457395374167,0.029205274621421595,0.0355995956069215,0.0614665374571593,measured_min_over_explicit_pairs,0.05390306925261923,1439,collision_hand_left_thumb_0,left_object_6,56,0,0.4925135578967878,-0.17925475218053846,0.7861075793166706,0.4631621819041743,-0.14501184328064984,0.756587064546992,measured_min_over_explicit_pairs,0.05616165174596899,15,collision_hand_left_thumb_floor_semantic_15,floor,0,0.0,,0,0.0,not_applicable_static_combination
13,0.43333333333333335,AR,left,thumb,target,0.4857807032763958,-0.1807548115029931,0.7829872920446036,0.4857807032763958,-0.1807548115029931,0.7829872920446036,0.5089976597102929,-0.1795556428287881,0.8099477470818183,-0.08106284559474924,-0.14599916808834054,0.07054606064632825,0.0,0.04958055825620515,0.04958055825620515,0.0034011021567053046,-0.008850911485171337,0.008005881083472999,0.012409684199100079,0.01981585427719179,0.010050080159376334,0.01895457395374167,0.029205274621421595,0.0355995956069215,0.07750492240863693,measured_min_over_explicit_pairs,0.07033701360070722,1439,collision_hand_left_thumb_0,left_object_6,54,0,0.513238663879122,-0.17168276295903373,0.8030325406429188,0.47868888166897805,-0.131569354318409,0.7567235514644889,measured_min_over_explicit_pairs,0.07490716151531962,15,collision_hand_left_thumb_floor_semantic_15,floor,0,0.0,,0,0.0,not_applicable_static_combination
13,0.43333333333333335,RA,left,thumb,target,0.4857807032763958,-0.1807548115029931,0.7829872920446036,0.4857807032763958,-0.1807548115029931,0.7829872920446036,0.4891818054331011,-0.18960572298816444,0.7909931731280766,-0.09308138224670673,-0.14090786123966287,0.05220917058881563,0.0,0.04966760673566589,0.04966760673566589,0.0034011021567053046,-0.008850911485171337,0.008005881083472999,0.012409684199100079,0.01981585427719179,0.010050080159376334,0.01895457395374167,0.029205274621421595,0.0355995956069215,0.061725896786397776,measured_min_over_explicit_pairs,0.053588489122712024,1439,collision_hand_left_thumb_0,left_object_6,54,0,0.49326138212821913,-0.1790329279454222,0.7856700347316333,0.4667529531351522,-0.14419738010925262,0.7547586457992594,measured_min_over_explicit_pairs,0.05616165174596899,15,collision_hand_left_thumb_floor_semantic_15,floor,0,0.0,,0,0.0,not_applicable_static_combination
13,0.43333333333333335,AA,left,thumb,target,0.4857807032763958,-0.1807548115029931,0.7829872920446036,0.4857807032763958,-0.1807548115029931,0.7829872920446036,0.5089976597102929,-0.1795556428287881,0.8099477470818183,-0.07106660050651395,-0.14484464452235163,0.07099211998526213,0.0,0.04966760673566589,0.04966760673566589,0.0034011021567053046,-0.008850911485171337,0.008005881083472999,0.012409684199100079,0.01981585427719179,0.010050080159376334,0.01895457395374167,0.029205274621421595,0.0355995956069215,0.07714358650828429,measured_min_over_explicit_pairs,0.06939760188731224,1439,collision_hand_left_thumb_0,left_object_6,53,0,0.5139889493311102,-0.17149630829322324,0.8026711564441199,0.48337181011500663,-0.13105601517673318,0.7553087174593718,measured_min_over_explicit_pairs,0.07490716151531962,15,collision_hand_left_thumb_floor_semantic_15,floor,0,0.0,,0,0.0,source endpoint interval; AA solve data only; object and floor separated
13,0.43333333333333335,RR,left,index,target,0.4844144009053707,-0.16161275003105402,0.7693877770833609,0.4844144009053707,-0.16161275003105402,0.7693877770833609,0.48761637380313455,-0.16554792538559396,0.7756146711245937,-0.08818085751052282,-0.12220237615939472,0.035686596508824234,0.0,0.029571420192620834,0.029571420192620834,0.0032019728977638606,-0.003935175354539938,0.006226894041232778,0.008031963950973206,0.01734437563515906,0.019046839085799572,0.01780590321653097,0.031315485541346944,0.03504411737789651,0.03699319166348525,measured_min_over_explicit_pairs,0.02313266090524488,1570,collision_hand_left_index_0,left_object_6,36,0,0.4824203100872768,-0.1543434192763859,0.7688474900774134,0.46968323866460493,-0.13947799367024818,0.7565224694413583,measured_min_over_explicit_pairs,0.04354334394665449,19,collision_hand_left_index_floor_semantic_19,floor,0,0.0,,0,0.0,not_applicable_static_combination
13,0.43333333333333335,AR,left,index,target,0.4844144009053707,-0.16161275003105402,0.7693877770833609,0.4844144009053707,-0.16161275003105402,0.7693877770833609,0.5049607494382936,-0.1465010862997944,0.7934205743411247,-0.06296288937893317,-0.11817194490231664,0.05381031968830385,0.0,0.029571420192620834,0.029571420192620834,0.0032019728977638606,-0.003935175354539938,0.006226894041232778,0.008031963950973206,0.01734437563515906,0.019046839085799572,0.01780590321653097,0.031315485541346944,0.03504411737789651,0.04660547790548474,measured_min_over_explicit_pairs,0.033652708607222186,1570,collision_hand_left_index_0,left_object_6,31,0,0.5008121487594354,-0.13726831515953775,0.7846828965779623,0.48824983522580745,-0.12287944264872734,0.7569763373698419,measured_min_over_explicit_pairs,0.06216437796520502,19,collision_hand_left_index_floor_semantic_19,floor,0,0.0,,0,0.0,not_applicable_static_combination
13,0.43333333333333335,RA,left,index,target,0.4844144009053707,-0.16161275003105402,0.7693877770833609,0.4844144009053707,-0.16161275003105402,0.7693877770833609,0.48761637380313455,-0.16554792538559396,0.7756146711245937,-0.0799968822203349,-0.12066907067397671,0.03681716808609875,0.0,0.028845159615188853,0.028845159615188853,0.0032019728977638606,-0.003935175354539938,0.006226894041232778,0.008031963950973206,0.01734437563515906,0.019046839085799572,0.01780590321653097,0.031315485541346944,0.03504411737789651,0.036469494407501246,measured_min_over_explicit_pairs,0.022454206009493535,1570,collision_hand_left_index_0,left_object_6,35,0,0.4830358570058974,-0.1543383408299181,0.7682829571459604,0.47205451127733794,-0.13989749816922686,0.7550518016123049,measured_min_over_explicit_pairs,0.04354334394665449,19,collision_hand_left_index_floor_semantic_19,floor,0,0.0,,0,0.0,not_applicable_static_combination
13,0.43333333333333335,AA,left,index,target,0.4844144009053707,-0.16161275003105402,0.7693877770833609,0.4844144009053707,-0.16161275003105402,0.7693877770833609,0.5049607494382936,-0.1465010862997944,0.7934205743411247,-0.054564355026117305,-0.11592300874502583,0.05446146153673755,0.0,0.028845159615188853,0.028845159615188853,0.0032019728977638606,-0.003935175354539938,0.006226894041232778,0.008031963950973206,0.01734437563515906,0.019046839085799572,0.01780590321653097,0.031315485541346944,0.03504411737789651,0.045856648230954686,measured_min_over_explicit_pairs,0.03299836002068271,1570,collision_hand_left_index_0,left_object_6,29,0,0.5015255756693835,-0.13748707519784711,0.7842890528030491,0.49156171754845407,-0.12409985444919658,0.7558216044448369,measured_min_over_explicit_pairs,0.06216437796520502,19,collision_hand_left_index_floor_semantic_19,floor,0,0.0,,0,0.0,source endpoint interval; AA solve data only; object and floor separated
13,0.43333333333333335,RR,left,middle,target,0.47752648815512655,-0.17673693690449,0.7544294550351737,0.47752648815512655,-0.17673693690449,0.7544294550351737,0.48140657327649067,-0.18040731659550197,0.7576039649129832,-0.10213370930436357,-0.13006054384435956,0.01759472553302872,0.0,0.033384492347261416,0.033384492347261416,0.0038800851213641185,-0.0036703796910119713,0.0031745098778095393,0.006213232700417286,0.0032781699348702342,0.0339594350569172,0.03059417634719841,0.04582568334319019,0.04592375920775671,0.038771042721273345,measured_min_over_explicit_pairs,0.01926532258473062,1764,collision_hand_left_middle_external_semantic_link2,left_object_6,40,0,0.4629314579931664,-0.16799510969231282,0.7650252177669891,0.4516463997313956,-0.15479251344280248,0.7566890575841119,measured_min_over_explicit_pairs,0.024100664206707534,21,collision_hand_left_middle_floor_semantic_21,floor,0,0.0,,0,0.0,not_applicable_static_combination
13,0.43333333333333335,AR,left,middle,target,0.47752648815512655,-0.17673693690449,0.7544294550351737,0.47752648815512655,-0.17673693690449,0.7544294550351737,0.4846847432113609,-0.14644788153858476,0.7881981412601816,-0.0785206173650204,-0.1053623347880298,0.0481301739879687,0.0,0.033384492347261416,0.033384492347261416,0.0038800851213641185,-0.0036703796910119713,0.0031745098778095393,0.006213232700417286,0.0032781699348702342,0.0339594350569172,0.03059417634719841,0.04582568334319019,0.04592375920775671,0.0349583982650412,measured_min_over_explicit_pairs,0.02223923088937607,1764,collision_hand_left_middle_external_semantic_link2,left_object_6,36,0,0.48899140019914655,-0.13498926814440002,0.7770558001348602,0.4824822320405329,-0.12762442601116414,0.7571065339632341,measured_min_over_explicit_pairs,0.0564914133786758,21,collision_hand_left_middle_floor_semantic_21,floor,0,0.0,,0,0.0,not_applicable_static_combination
13,0.43333333333333335,RA,left,middle,target,0.47752648815512655,-0.17673693690449,0.7544294550351737,0.47752648815512655,-0.17673693690449,0.7544294550351737,0.48140657327649067,-0.18040731659550197,0.7576039649129832,-0.09401299936638653,-0.12875151539585486,0.01887361171015463,0.0,0.03220363543784804,0.03220363543784804,0.0038800851213641185,-0.0036703796910119713,0.0031745098778095393,0.006213232700417286,0.0032781699348702342,0.0339594350569172,0.03059417634719841,0.04582568334319019,0.04592375920775671,0.0377478413136464,measured_min_over_explicit_pairs,0.019349933355720838,1764,collision_hand_left_middle_external_semantic_link2,left_object_6,37,0,0.46506894953532224,-0.16742343852299427,0.7631935057529152,0.4545582457032302,-0.1536927428113871,0.7545094386700251,measured_min_over_explicit_pairs,0.024100664206707534,21,collision_hand_left_middle_floor_semantic_21,floor,0,0.0,,0,0.0,not_applicable_static_combination
13,0.43333333333333335,AA,left,middle,target,0.47752648815512655,-0.17673693690449,0.7544294550351737,0.47752648815512655,-0.17673693690449,0.7544294550351737,0.4846847432113609,-0.14644788153858476,0.7881981412601816,-0.07078276725175629,-0.10368514413799938,0.04940272243637952,0.0,0.03220363543784804,0.03220363543784804,0.0038800851213641185,-0.0036703796910119713,0.0031745098778095393,0.006213232700417286,0.0032781699348702342,0.0339594350569172,0.03059417634719841,0.04582568334319019,0.04592375920775671,0.03535140909845054,measured_min_over_explicit_pairs,0.02237528011792896,1764,collision_hand_left_middle_external_semantic_link2,left_object_6,33,0,0.4899037823264562,-0.13525786229378767,0.7767115884286515,0.4851729494311375,-0.12876724827333855,0.75582752009631,measured_min_over_explicit_pairs,0.0564914133786758,21,collision_hand_left_middle_floor_semantic_21,floor,0,0.0,,0,0.0,source endpoint interval; AA solve data only; object and floor separated
13,0.43333333333333335,RR,left,ring,target,0.46886143311858175,-0.18716268334537745,0.7494894816808341,0.46886143311858175,-0.18716268334537745,0.7494894816808341,0.46594572933493134,-0.18709663054078854,0.7454714850673942,-0.11814253911401648,-0.12563540202636667,0.005140121096769072,0.0,0.03612262519803345,0.03612262519803345,-0.002915703783650414,6.605280458890639e-05,-0.004017996613439823,0.004964875457914456,0.002366507422530806,0.0365500231972789,0.031194591246292425,0.0481103635002458,0.045602696567812954,0.03506193166661167,measured_min_over_explicit_pairs,0.005187395180655974,1828,collision_hand_left_ring_1,left_object_6,15,0,0.43773529915288684,-0.17300715669966146,0.7583528460906217,0.43464142873286626,-0.16920871558169268,0.7566473022894432,measured_min_over_explicit_pairs,0.011427088398546004,23,collision_hand_left_ring_floor_semantic_23,floor,0,0.0,,0,0.0,not_applicable_static_combination
13,0.43333333333333335,AR,left,ring,target,0.46886143311858175,-0.18716268334537745,0.7494894816808341,0.46886143311858175,-0.18716268334537745,0.7494894816808341,0.46831223675746214,-0.15054660734350964,0.7766660763136867,-0.09359971225467031,-0.09834617872924983,0.036245667510841836,0.0,0.03612262519803345,0.03612262519803345,-0.002915703783650414,6.605280458890639e-05,-0.004017996613439823,0.004964875457914456,0.002366507422530806,0.0365500231972789,0.031194591246292425,0.0481103635002458,0.045602696567812954,0.02116355835079633,measured_min_over_explicit_pairs,0.02622901350568031,1828,collision_hand_left_ring_1,left_object_6,15,0,0.4493249911442714,-0.1579997652052781,0.7840172445302692,0.4470784326583755,-0.15580986974460265,0.7579765363539941,measured_min_over_explicit_pairs,0.04481784201480643,23,collision_hand_left_ring_floor_semantic_23,floor,0,0.0,,0,0.0,not_applicable_static_combination
13,0.43333333333333335,RA,left,ring,target,0.46886143311858175,-0.18716268334537745,0.7494894816808341,0.46886143311858175,-0.18716268334537745,0.7494894816808341,0.46594572933493134,-0.18709663054078854,0.7454714850673942,-0.11047886103664871,-0.12476923218268947,0.006873674063924474,0.0,0.03526762024871871,0.03526762024871871,-0.002915703783650414,6.605280458890639e-05,-0.004017996613439823,0.004964875457914456,0.002366507422530806,0.0365500231972789,0.031194591246292425,0.0481103635002458,0.045602696567812954,0.03391799968695346,measured_min_over_explicit_pairs,0.006202152405349926,1828,collision_hand_left_ring_1,left_object_6,15,0,0.4384145193754238,-0.1732872453015286,0.7568511409511466,0.4350664789105945,-0.16889051656233361,0.7540358086618795,measured_min_over_explicit_pairs,0.011427088398546004,23,collision_hand_left_ring_floor_semantic_23,floor,0,0.0,,0,0.0,not_applicable_static_combination
13,0.43333333333333335,AA,left,ring,target,0.46886143311858175,-0.18716268334537745,0.7494894816808341,0.46886143311858175,-0.18716268334537745,0.7494894816808341,0.46831223675746214,-0.15054660734350964,0.7766660763136867,-0.086417804964411,-0.09708625556519912,0.03800766613705732,0.0,0.03526762024871871,0.03526762024871871,-0.002915703783650414,6.605280458890639e-05,-0.004017996613439823,0.004964875457914456,0.002366507422530806,0.0365500231972789,0.031194591246292425,0.0481103635002458,0.045602696567812954,0.022278302994017753,measured_min_over_explicit_pairs,0.02849781703798718,1828,collision_hand_left_ring_1,left_object_6,14,0,0.44976494166215814,-0.1580398715106895,0.7839841534396561,0.4483688588398272,-0.15575579578443666,0.7556123447775258,measured_min_over_explicit_pairs,0.04481784201480643,23,collision_hand_left_ring_floor_semantic_23,floor,0,0.0,,0,0.0,source endpoint interval; AA solve data only; object and floor separated
13,0.43333333333333335,RR,left,pinky,target,0.44932149574160574,-0.19377866480499506,0.7506284072332022,0.44932149574160574,-0.19377866480499506,0.7506284072332022,0.4418990564352339,-0.17728277227405057,0.7375241399574636,-0.13038115187156182,-0.10293638072870359,-0.003385450779655905,0.0,0.028564732268590947,0.028564732268590947,-0.00742243930637182,0.016495892530944495,-0.013104267275738657,0.022336716331709073,0.0011367086725159181,0.029219317248957682,0.03617572645278988,0.04651605950087013,0.05159150165851154,0.013957278095636128,measured_min_over_explicit_pairs,-0.005393336761110945,1927,collision_hand_left_pinky_1,left_object_7,14,0,0.4211633247643473,-0.17106749660007534,0.7555198796360748,0.4214754122596592,-0.1764517654163856,0.7555381040079302,measured_min_over_explicit_pairs,0.005339057368872302,25,collision_hand_left_pinky_floor_semantic_25,floor,0,0.0,,0,0.0,not_applicable_static_combination
13,0.43333333333333335,AR,left,pinky,target,0.44932149574160574,-0.19377866480499506,0.7506284072332022,0.44932149574160574,-0.19377866480499506,0.7506284072332022,0.44303576510774983,-0.14806345502509288,0.7736998664102535,-0.11151482341389936,-0.08044828146720102,0.03269904497157906,0.0,0.028564732268590947,0.028564732268590947,-0.00742243930637182,0.016495892530944495,-0.013104267275738657,0.022336716331709073,0.0011367086725159181,0.029219317248957682,0.03617572645278988,0.04651605950087013,0.05159150165851154,0.017495172528567405,measured_min_over_explicit_pairs,0.02095594655493881,1927,collision_hand_left_pinky_1,left_object_7,15,0,0.42786357204155145,-0.17177656615225415,0.7792226232526523,0.42739504510692716,-0.1716783713315816,0.7582721450647404,measured_min_over_explicit_pairs,0.0427730869340458,25,collision_hand_left_pinky_floor_semantic_25,floor,0,0.0,,0,0.0,not_applicable_static_combination
13,0.43333333333333335,RA,left,pinky,target,0.44932149574160574,-0.19377866480499506,0.7506284072332022,0.44932149574160574,-0.19377866480499506,0.7506284072332022,0.4418990564352339,-0.17728277227405057,0.7375241399574636,-0.12387092100412792,-0.10245133760132054,-0.0008902744935652369,0.0,0.028197471829687213,0.028197471829687213,-0.00742243930637182,0.016495892530944495,-0.013104267275738657,0.022336716331709073,0.0011367086725159181,0.029219317248957682,0.03617572645278988,0.04651605950087013,0.05159150165851154,0.013557247083378545,measured_min_over_explicit_pairs,-0.006815821263668554,1927,collision_hand_left_pinky_1,left_object_7,14,0,0.4179253327651575,-0.1722670180150649,0.7520502305555066,0.4201588640971281,-0.17839006937984753,0.7540439705765765,measured_min_over_explicit_pairs,0.005339057368872302,25,collision_hand_left_pinky_floor_semantic_25,floor,0,0.0,,0,0.0,not_applicable_static_combination
13,0.43333333333333335,AA,left,pinky,target,0.44932149574160574,-0.19377866480499506,0.7506284072332022,0.44932149574160574,-0.19377866480499506,0.7506284072332022,0.44303576510774983,-0.14806345502509288,0.7736998664102535,-0.10515957583218298,-0.07991169297409842,0.03524272667466546,0.0,0.028197471829687213,0.028197471829687213,-0.00742243930637182,0.016495892530944495,-0.013104267275738657,0.022336716331709073,0.0011367086725159181,0.029219317248957682,0.03617572645278988,0.04651605950087013,0.05159150165851154,0.01997034436667761,measured_min_over_explicit_pairs,0.023878280224178153,1926,collision_hand_left_pinky_1,left_object_6,15,0,0.42820302782121994,-0.1713927290740796,0.7792226730452223,0.4284107793323103,-0.1712100178931983,0.7553459956717183,measured_min_over_explicit_pairs,0.0427730869340458,25,collision_hand_left_pinky_floor_semantic_25,floor,22,504.77536976337433,131,0,0.0,source endpoint interval; AA solve data only; object and floor separated
14,0.4666666666666667,RR,right,palm,tool,0.7535283960402012,-0.21200947556644678,0.7810653402738211,0.7535283960402012,-0.21200947556644678,0.7810653402738211,0.7534466562040425,-0.2420427286496776,0.7838706907477417,-0.06649977542045511,-0.24965578623561574,0.03406341611860258,0.0,0.17047188894330734,0.17047188894330734,-8.173983615866742e-05,-0.03003325308323082,0.002805350473920609,0.030164100574088654,-0.008246439433870378,-0.006848550451694163,-0.007170194074157754,0.012896437092739207,0.038061501042353514,0.20032011751170378,measured_min_over_explicit_pairs,0.09397899112406294,118,collision_hand_right_palm_0,right_object_9,0,0,0.7219772280682533,-0.13681070171317447,0.7944487623887109,0.7224154578171524,-0.043160793027398156,0.7866031693244717,measured_min_over_explicit_pairs,0.015669520296180517,0,collision_hand_right_palm_floor_semantic_00,floor,0,0.0,,0,0.0,not_applicable_static_combination
14,0.4666666666666667,AR,right,palm,tool,0.7535283960402012,-0.21200947556644678,0.7810653402738211,0.7535283960402012,-0.21200947556644678,0.7810653402738211,0.7452002167701721,-0.24889127910137177,0.776700496673584,-0.07666251505299543,-0.25316989951939645,0.02694387816470906,0.0,0.17047188894330734,0.17047188894330734,-8.173983615866742e-05,-0.03003325308323082,0.002805350473920609,0.030164100574088654,-0.008246439433870378,-0.006848550451694163,-0.007170194074157754,0.012896437092739207,0.038061501042353514,0.2061499120521419,measured_min_over_explicit_pairs,0.1036937282303827,118,collision_hand_right_palm_0,right_object_9,1,0,0.7164673663591821,-0.14730491391503622,0.774459487807622,0.7199326120139946,-0.043671816570836464,0.7737094999971317,measured_min_over_explicit_pairs,0.013234650731681619,0,collision_hand_right_palm_floor_semantic_00,floor,0,0.0,,0,0.0,not_applicable_static_combination
14,0.4666666666666667,RA,right,palm,tool,0.7535283960402012,-0.21200947556644678,0.7810653402738211,0.7535283960402012,-0.21200947556644678,0.7810653402738211,0.7534466562040425,-0.2420427286496776,0.7838706907477417,-0.06610516393160937,-0.25068128543144175,0.03178525482576352,0.0,0.17122907471643856,0.17122907471643856,-8.173983615866742e-05,-0.03003325308323082,0.002805350473920609,0.030164100574088654,-0.008246439433870378,-0.006848550451694163,-0.007170194074157754,0.012896437092739207,0.038061501042353514,0.20109461323379174,measured_min_over_explicit_pairs,0.09488337715332773,118,collision_hand_right_palm_0,right_object_9,0,0,0.7219772280682533,-0.13681070171317447,0.7944487623887109,0.7226184975057874,-0.042365580604143374,0.7853623366761675,measured_min_over_explicit_pairs,0.015669520296180517,0,collision_hand_right_palm_floor_semantic_00,floor,0,0.0,,0,0.0,not_applicable_static_combination
14,0.4666666666666667,AA,right,palm,tool,0.7535283960402012,-0.21200947556644678,0.7810653402738211,0.7535283960402012,-0.21200947556644678,0.7810653402738211,0.7452002167701721,-0.24889127910137177,0.776700496673584,-0.07628751687820445,-0.2540750541332554,0.02463542180977378,0.0,0.17122907471643856,0.17122907471643856,-8.173983615866742e-05,-0.03003325308323082,0.002805350473920609,0.030164100574088654,-0.008246439433870378,-0.006848550451694163,-0.007170194074157754,0.012896437092739207,0.038061501042353514,0.20683475098597248,measured_min_over_explicit_pairs,0.0,139,collision_hand_right_palm_0,right_object_30,1,0,1.210050094190956,-0.23950911889658086,1.2023266655540061,1.1682496308216659,-0.020382918869197676,1.1705742183859202,measured_min_over_explicit_pairs,0.013234650731681619,0,collision_hand_right_palm_floor_semantic_00,floor,0,0.0,,0,0.0,source endpoint interval; AA solve data only; object and floor separated
14,0.4666666666666667,RR,right,thumb,tool,0.6883407779037952,-0.10976906958967447,0.7705035760335562,0.6883407779037952,-0.10976906958967447,0.7705035760335562,0.6858292591263475,-0.1149427279087724,0.7634724941553813,-0.08225251895943718,-0.10718700731098546,0.009627641057409136,0.0,0.07064089081335366,0.07064089081335366,-0.0025115187774477077,-0.005173658319097926,-0.007031081878174916,0.009083533417665358,-0.019500263149543784,-0.012625635081244216,-0.009273319445200268,0.025013224055265834,0.032667520439521744,0.07649581245754035,measured_min_over_explicit_pairs,0.09792710093254704,270,collision_hand_right_thumb_external_semantic_rota1,right_object_9,16,0,0.6866100683948932,-0.13746333033890545,0.7699631910618248,0.7092542675764191,-0.04219998537118422,0.7713242369984431,measured_min_over_explicit_pairs,0.0325580397915749,3,collision_hand_right_thumb_floor_semantic_03,floor,0,0.0,,0,0.0,not_applicable_static_combination
14,0.4666666666666667,AR,right,thumb,tool,0.6883407779037952,-0.10976906958967447,0.7705035760335562,0.6883407779037952,-0.10976906958967447,0.7705035760335562,0.6663289959768037,-0.12756836299001661,0.754199174710181,-0.1049982556430992,-0.11196819435071936,0.00038463879366812436,0.0,0.07064089081335366,0.07064089081335366,-0.0025115187774477077,-0.005173658319097926,-0.007031081878174916,0.009083533417665358,-0.019500263149543784,-0.012625635081244216,-0.009273319445200268,0.025013224055265834,0.032667520439521744,0.09530882098710813,measured_min_over_explicit_pairs,0.11496854581087225,284,collision_hand_right_thumb_external_semantic_rota1,right_object_23,18,0,0.6707259377673377,-0.1504792954651411,0.7605503457626404,0.7044705206386125,-0.04071850345450813,0.76617512930593,measured_min_over_explicit_pairs,0.022385229480480273,3,collision_hand_right_thumb_floor_semantic_03,floor,0,0.0,,0,0.0,not_applicable_static_combination
14,0.4666666666666667,RA,right,thumb,tool,0.6883407779037952,-0.10976906958967447,0.7705035760335562,0.6883407779037952,-0.10976906958967447,0.7705035760335562,0.6858292591263475,-0.1149427279087724,0.7634724941553813,-0.08200474116126016,-0.10781266942665868,0.009913560677445709,0.0,0.07108187342708239,0.07108187342708239,-0.0025115187774477077,-0.005173658319097926,-0.007031081878174916,0.009083533417665358,-0.019500263149543784,-0.012625635081244216,-0.009273319445200268,0.025013224055265834,0.032667520439521744,0.07683327942876865,measured_min_over_explicit_pairs,0.09838064409869116,270,collision_hand_right_thumb_external_semantic_rota1,right_object_9,16,0,0.6865693003986612,-0.13745225253872195,0.7697748428373279,0.7091313970228982,-0.041693723265488036,0.7698585125398801,measured_min_over_explicit_pairs,0.0325580397915749,3,collision_hand_right_thumb_floor_semantic_03,floor,0,0.0,,0,0.0,not_applicable_static_combination
14,0.4666666666666667,AA,right,thumb,tool,0.6883407779037952,-0.10976906958967447,0.7705035760335562,0.6883407779037952,-0.10976906958967447,0.7705035760335562,0.6663289959768037,-0.12756836299001661,0.754199174710181,-0.10477578377504586,-0.11244300075646049,0.0006560757222140182,0.0,0.07108187342708239,0.07108187342708239,-0.0025115187774477077,-0.005173658319097926,-0.007031081878174916,0.009083533417665358,-0.019500263149543784,-0.012625635081244216,-0.009273319445200268,0.025013224055265834,0.032667520439521744,0.09547832913069111,measured_min_over_explicit_pairs,0.11527662282305244,284,collision_hand_right_thumb_external_semantic_rota1,right_object_23,19,0,0.6707068465551669,-0.1504656917578673,0.7603805349194102,0.7045860557657692,-0.04036718478241148,0.7647643362981269,measured_min_over_explicit_pairs,0.022385229480480273,3,collision_hand_right_thumb_floor_semantic_03,floor,0,0.0,,0,0.0,source endpoint interval; AA solve data only; object and floor separated
14,0.4666666666666667,RR,right,index,tool,0.708545321971178,-0.07223435584455729,0.7462428166799185,0.708545321971178,-0.07223435584455729,0.7462428166799185,0.7088937713173624,-0.07540067525920587,0.7490435872885158,-0.04614172979066601,-0.079380029622113,-0.005423003485013492,0.0,0.0327060767771872,0.0327060767771872,0.0003484493461843874,-0.00316631941464858,0.0028007706085972917,0.004241616623932354,-0.01498723616847275,-0.0030632377879694778,-0.0037945798806843234,0.01576069510478888,0.015940173130753008,0.034985209142999615,measured_min_over_explicit_pairs,0.03488241363830863,395,collision_hand_right_index_1,right_object_9,1,0,0.7241992768950363,-0.07851612585013508,0.7674317341944624,0.72374940687529,-0.04366644106163159,0.7688739090594983,measured_min_over_explicit_pairs,0.01806021854425799,6,collision_hand_right_index_floor_semantic_06,floor,0,0.0,,0,0.0,not_applicable_static_combination
14,0.4666666666666667,AR,right,index,tool,0.708545321971178,-0.07223435584455729,0.7462428166799185,0.708545321971178,-0.07223435584455729,0.7462428166799185,0.6939065351488897,-0.07846391304717534,0.7452490074078315,-0.06118304443688116,-0.07679416314468153,-0.009356406396051951,0.0,0.0327060767771872,0.0327060767771872,0.0003484493461843874,-0.00316631941464858,0.0028007706085972917,0.004241616623932354,-0.01498723616847275,-0.0030632377879694778,-0.0037945798806843234,0.01576069510478888,0.015940173130753008,0.042036639644723525,measured_min_over_explicit_pairs,0.04204013278072426,395,collision_hand_right_index_1,right_object_9,1,0,0.7084700965712947,-0.08455270862348017,0.7632030757591945,0.7141403789671004,-0.042967191609800115,0.7656249420803755,measured_min_over_explicit_pairs,0.015016523193143949,6,collision_hand_right_index_floor_semantic_06,floor,0,0.0,,0,0.0,not_applicable_static_combination
14,0.4666666666666667,RA,right,index,tool,0.708545321971178,-0.07223435584455729,0.7462428166799185,0.708545321971178,-0.07223435584455729,0.7462428166799185,0.7088937713173624,-0.07540067525920587,0.7490435872885158,-0.04595379470305694,-0.07972410861387758,-0.004752761787906981,0.0,0.032694994385174134,0.032694994385174134,0.0003484493461843874,-0.00316631941464858,0.0028007706085972917,0.004241616623932354,-0.01498723616847275,-0.0030632377879694778,-0.0037945798806843234,0.01576069510478888,0.015940173130753008,0.03504171088585255,measured_min_over_explicit_pairs,0.035406605141434525,395,collision_hand_right_index_1,right_object_9,1,0,0.7241340780167607,-0.07850929590646247,0.767176229264622,0.7234850750482333,-0.04311575935067111,0.7678861960681848,measured_min_over_explicit_pairs,0.01806021854425799,6,collision_hand_right_index_floor_semantic_06,floor,0,0.0,,0,0.0,not_applicable_static_combination
14,0.4666666666666667,AA,right,index,tool,0.708545321971178,-0.07223435584455729,0.7462428166799185,0.708545321971178,-0.07223435584455729,0.7462428166799185,0.6939065351488897,-0.07846391304717534,0.7452490074078315,-0.0610082282351852,-0.07707780475157824,-0.008594716639441297,0.0,0.032694994385174134,0.032694994385174134,0.0003484493461843874,-0.00316631941464858,0.0028007706085972917,0.004241616623932354,-0.01498723616847275,-0.0030632377879694778,-0.0037945798806843234,0.01576069510478888,0.015940173130753008,0.041974354079273316,measured_min_over_explicit_pairs,0.04242548370852421,395,collision_hand_right_index_1,right_object_9,1,0,0.7084631977644782,-0.08454339850392391,0.7630400438151324,0.7141610650272384,-0.042543782163152175,0.7649077171768847,measured_min_over_explicit_pairs,0.015016523193143949,6,collision_hand_right_index_floor_semantic_06,floor,16,90.89049106836319,148,0,0.0,source endpoint interval; AA solve data only; object and floor separated
14,0.4666666666666667,RR,right,middle,tool,0.7246308721601963,-0.06392217520624399,0.7323777034215567,0.7246308721601963,-0.06392217520624399,0.7323777034215567,0.7263378185991178,-0.07196129503511005,0.7394144196894583,-0.02862024673580339,-0.08289718074322884,-0.014881981764624611,0.0,0.02904355594795204,0.02904355594795204,0.0017069464389215527,-0.008039119828866056,0.007036716267901588,0.01081926474411109,-0.009384221474472376,0.0009175621078864188,0.00029436741936794686,0.00943356693310451,0.012782876216817797,0.033567499295328034,measured_min_over_explicit_pairs,0.01898432364897179,591,collision_hand_right_middle_0,right_object_3,0,0,0.7264461941086465,-0.057735559597086,0.7430758726914899,0.7252817339873837,-0.040121645404086415,0.7500614724392959,measured_min_over_explicit_pairs,0.008779922494533077,8,collision_hand_right_middle_floor_semantic_08,floor,0,0.0,,0,0.0,not_applicable_static_combination
14,0.4666666666666667,AR,right,middle,tool,0.7246308721601963,-0.06392217520624399,0.7323777034215567,0.7246308721601963,-0.06392217520624399,0.7323777034215567,0.7169535971246455,-0.07104373292722363,0.7397087871088263,-0.03700169612877522,-0.07856999638482953,-0.014744262184175119,0.0,0.02904355594795204,0.02904355594795204,0.0017069464389215527,-0.008039119828866056,0.007036716267901588,0.01081926474411109,-0.009384221474472376,0.0009175621078864188,0.00029436741936794686,0.00943356693310451,0.012782876216817797,0.032680505344523395,measured_min_over_explicit_pairs,0.01779115783061374,591,collision_hand_right_middle_0,right_object_3,0,0,0.7185423912641141,-0.05695191836308712,0.7443558275758613,0.7193668951327467,-0.040301177834255776,0.7505685830165615,measured_min_over_explicit_pairs,0.010298766197262998,8,collision_hand_right_middle_floor_semantic_08,floor,0,0.0,,0,0.0,not_applicable_static_combination
14,0.4666666666666667,RA,right,middle,tool,0.7246308721601963,-0.06392217520624399,0.7323777034215567,0.7246308721601963,-0.06392217520624399,0.7323777034215567,0.7263378185991178,-0.07196129503511005,0.7394144196894583,-0.028459106867851816,-0.08306395666329956,-0.01432492471486645,0.0,0.028722619937983043,0.028722619937983043,0.0017069464389215527,-0.008039119828866056,0.007036716267901588,0.01081926474411109,-0.009384221474472376,0.0009175621078864188,0.00029436741936794686,0.00943356693310451,0.012782876216817797,0.033494169527858476,measured_min_over_explicit_pairs,0.018875951642988636,591,collision_hand_right_middle_0,right_object_3,0,0,0.7263427874145053,-0.05764655594042878,0.7428229977165137,0.7249897846376862,-0.03996518789952374,0.7492913945902705,measured_min_over_explicit_pairs,0.008779922494533077,8,collision_hand_right_middle_floor_semantic_08,floor,0,0.0,,0,0.0,not_applicable_static_combination
14,0.4666666666666667,AA,right,middle,tool,0.7246308721601963,-0.06392217520624399,0.7323777034215567,0.7246308721601963,-0.06392217520624399,0.7323777034215567,0.7169535971246455,-0.07104373292722363,0.7397087871088263,-0.036842325933199235,-0.07874462787652288,-0.014085713478757839,0.0,0.028722619937983043,0.028722619937983043,0.0017069464389215527,-0.008039119828866056,0.007036716267901588,0.01081926474411109,-0.009384221474472376,0.0009175621078864188,0.00029436741936794686,0.00943356693310451,0.012782876216817797,0.03256592624252368,measured_min_over_explicit_pairs,0.01765953362771258,591,collision_hand_right_middle_0,right_object_3,0,0,0.7185410065020886,-0.05688147892758268,0.7441610865934847,0.7193569650241614,-0.04022953270202508,0.7499839747548447,measured_min_over_explicit_pairs,0.010298766197262998,8,collision_hand_right_middle_floor_semantic_08,floor,0,0.0,,0,0.0,source endpoint interval; AA solve data only; object and floor separated
14,0.4666666666666667,RR,right,ring,tool,0.7419929750263691,-0.07178029511123896,0.7249019696645377,0.7419929750263691,-0.07178029511123896,0.7249019696645377,0.7421581946990875,-0.07435954631688844,0.7270546966383478,-0.014753540739184536,-0.0913126628433237,-0.02695230855728083,0.0,0.04145852309798119,0.04145852309798119,0.00016521967271843074,-0.002579251205649488,0.002152726973810082,0.003363639062959496,-0.005156479349545329,0.0038629825547789876,0.0055664300669815425,0.008514520373538979,0.009281488283602955,0.04266637024867619,measured_min_over_explicit_pairs,0.0285575180117619,744,collision_hand_right_ring_0,right_object_3,0,0,0.741007429194098,-0.06095342541299019,0.7320829446901399,0.7351006022342449,-0.03669639146739467,0.7459479197864278,measured_min_over_explicit_pairs,-0.003359738779535215,10,collision_hand_right_ring_floor_semantic_10,floor,0,0.0,,0,0.0,not_applicable_static_combination
14,0.4666666666666667,AR,right,ring,tool,0.7419929750263691,-0.07178029511123896,0.7249019696645377,0.7419929750263691,-0.07178029511123896,0.7249019696645377,0.7370017153495422,-0.07049656376210946,0.7326211267053293,-0.018140857780924904,-0.08566493395847374,-0.021555429932244213,0.0,0.04145852309798119,0.04145852309798119,0.00016521967271843074,-0.002579251205649488,0.002152726973810082,0.003363639062959496,-0.005156479349545329,0.0038629825547789876,0.0055664300669815425,0.008514520373538979,0.009281488283602955,0.035906436284770506,measured_min_over_explicit_pairs,0.02144961583715701,744,collision_hand_right_ring_0,right_object_3,0,0,0.7365809924763886,-0.05711915863450665,0.7384601353604318,0.7326344394575914,-0.03817446968017206,0.7477126755119227,measured_min_over_explicit_pairs,0.003803022552015256,10,collision_hand_right_ring_floor_semantic_10,floor,0,0.0,,0,0.0,not_applicable_static_combination
14,0.4666666666666667,RA,right,ring,tool,0.7419929750263691,-0.07178029511123896,0.7249019696645377,0.7419929750263691,-0.07178029511123896,0.7249019696645377,0.7421581946990875,-0.07435954631688844,0.7270546966383478,-0.014624535121760597,-0.09125739174294578,-0.026583428263549463,0.0,0.041165576365246224,0.041165576365246224,0.00016521967271843074,-0.002579251205649488,0.002152726973810082,0.003363639062959496,-0.005156479349545329,0.0038629825547789876,0.0055664300669815425,0.008514520373538979,0.009281488283602955,0.04243733232121572,measured_min_over_explicit_pairs,0.028293846795984644,744,collision_hand_right_ring_0,right_object_3,0,0,0.740990547736382,-0.06084416627955923,0.7318790622731974,0.7350904943000325,-0.036501961114531495,0.7450391604364548,measured_min_over_explicit_pairs,-0.003359738779535215,10,collision_hand_right_ring_floor_semantic_10,floor,0,0.0,,0,0.0,not_applicable_static_combination
14,0.4666666666666667,AA,right,ring,tool,0.7419929750263691,-0.07178029511123896,0.7249019696645377,0.7419929750263691,-0.07178029511123896,0.7249019696645377,0.7370017153495422,-0.07049656376210946,0.7326211267053293,-0.017998466346765333,-0.08570764279618087,-0.021077619339492072,0.0,0.041165576365246224,0.041165576365246224,0.00016521967271843074,-0.002579251205649488,0.002152726973810082,0.003363639062959496,-0.005156479349545329,0.0038629825547789876,0.0055664300669815425,0.008514520373538979,0.009281488283602955,0.0357304519710021,measured_min_over_explicit_pairs,0.02127241943422014,744,collision_hand_right_ring_0,right_object_3,0,0,0.7365882915563868,-0.056996760769990405,0.7382032455773795,0.7326898681284661,-0.03794820501487388,0.746832883287402,measured_min_over_explicit_pairs,0.003803022552015256,10,collision_hand_right_ring_floor_semantic_10,floor,0,0.0,,0,0.0,source endpoint interval; AA solve data only; object and floor separated
14,0.4666666666666667,RR,right,pinky,tool,0.7626536436378956,-0.09074892941862345,0.7237500502996085,0.7626536436378956,-0.09074892941862345,0.7237500502996085,0.7630055529370608,-0.07170214652406372,0.7187559239794721,0.005635273596321297,-0.09677643488303425,-0.03501377194151523,0.0,0.06364513751771267,0.06364513751771267,0.00035190929916528724,0.01904678289455973,-0.004994126320136405,0.019693782686137556,-0.004170380046537581,0.002343979604546187,0.008944376961362632,0.010143381553803541,0.02208506099765636,0.050439496406608476,measured_min_over_explicit_pairs,0.037155635974112707,914,collision_hand_right_pinky_0,right_object_21,0,0,0.7610164536265706,-0.05968244039004345,0.7251680342689597,0.746343297641561,-0.031487985469195456,0.7444115394017732,measured_min_over_explicit_pairs,-0.010193181686409147,12,collision_hand_right_pinky_floor_semantic_12,floor,0,0.0,,0,0.0,not_applicable_static_combination
14,0.4666666666666667,AR,right,pinky,tool,0.7626536436378956,-0.09074892941862345,0.7237500502996085,0.7626536436378956,-0.09074892941862345,0.7237500502996085,0.7588351728905233,-0.06935816691951753,0.7277003009408347,0.0025879709873902258,-0.09281003429832857,-0.02618938513237715,0.0,0.06364513751771267,0.06364513751771267,0.00035190929916528724,0.01904678289455973,-0.004994126320136405,0.019693782686137556,-0.004170380046537581,0.002343979604546187,0.008944376961362632,0.010143381553803541,0.02208506099765636,0.0427220401537424,measured_min_over_explicit_pairs,0.029211051301175427,914,collision_hand_right_pinky_0,right_object_21,0,0,0.7569937569178816,-0.0572881249599951,0.7344488273651926,0.745818081385897,-0.03371989721804068,0.7475990530524984,measured_min_over_explicit_pairs,-2.9229544984632483e-05,12,collision_hand_right_pinky_floor_semantic_12,floor,0,0.0,,0,0.0,not_applicable_static_combination
14,0.4666666666666667,RA,right,pinky,tool,0.7626536436378956,-0.09074892941862345,0.7237500502996085,0.7626536436378956,-0.09074892941862345,0.7237500502996085,0.7630055529370608,-0.07170214652406372,0.7187559239794721,0.005742684963810404,-0.096566578277878,-0.03480125225340287,0.0,0.06356682037955194,0.06356682037955194,0.00035190929916528724,0.01904678289455973,-0.004994126320136405,0.019693782686137556,-0.004170380046537581,0.002343979604546187,0.008944376961362632,0.010143381553803541,0.02208506099765636,0.050158292430554155,measured_min_over_explicit_pairs,0.03687058720369751,914,collision_hand_right_pinky_0,right_object_21,0,0,0.7609731573487581,-0.05960228111214915,0.7250144991703862,0.7462529342373824,-0.031328575051530305,0.7435442800081216,measured_min_over_explicit_pairs,-0.010193181686409147,12,collision_hand_right_pinky_floor_semantic_12,floor,0,0.0,,0,0.0,not_applicable_static_combination
14,0.4666666666666667,AA,right,pinky,tool,0.7626536436378956,-0.09074892941862345,0.7237500502996085,0.7626536436378956,-0.09074892941862345,0.7237500502996085,0.7588351728905233,-0.06935816691951753,0.7277003009408347,0.0027199655124816873,-0.09275815082611118,-0.025899160543628712,0.0,0.06356682037955194,0.06356682037955194,0.00035190929916528724,0.01904678289455973,-0.004994126320136405,0.019693782686137556,-0.004170380046537581,0.002343979604546187,0.008944376961362632,0.010143381553803541,0.02208506099765636,0.04255523045559429,measured_min_over_explicit_pairs,0.02906500100435607,914,collision_hand_right_pinky_0,right_object_21,0,0,0.7569191676553936,-0.05720338164651219,0.7342266608570256,0.7455825749046598,-0.03350668459251561,0.7466654106703445,measured_min_over_explicit_pairs,-2.9229544984632483e-05,12,collision_hand_right_pinky_floor_semantic_12,floor,0,0.0,,14,219.70033288002014,source endpoint interval; AA solve data only; object and floor separated
14,0.4666666666666667,RR,left,palm,target,0.4527867682278156,-0.29522779677063227,0.7893072917394278,0.4527867682278156,-0.29522779677063227,0.7893072917394278,0.47781057826052736,-0.3235923538296092,0.7897655086384904,-0.19624323966875903,-0.23790201068674677,0.050150342964927666,0.0,0.12713395291073373,0.12713395291073373,0.025023810032711757,-0.028364557058976947,0.0004582168990625579,0.037827888236482234,0.004022700872315654,0.013107139834629356,0.01948973370922691,0.02382916190320659,0.03839803783508281,0.1608312511414374,measured_min_over_explicit_pairs,0.05818876708336153,1244,collision_hand_left_palm_0,left_object_7,17,0,0.42778176149820346,-0.23275360306258044,0.7692243722723872,0.4222730218083171,-0.17628925079416324,0.7562874744750456,measured_min_over_explicit_pairs,0.029965749501133954,13,collision_hand_left_palm_floor_semantic_13,floor,0,0.0,,0,0.0,not_applicable_static_combination
14,0.4666666666666667,AR,left,palm,target,0.4527867682278156,-0.29522779677063227,0.7893072917394278,0.4527867682278156,-0.29522779677063227,0.7893072917394278,0.481833279132843,-0.31048521399497986,0.8092552423477173,-0.18512355284938864,-0.22998502427729028,0.06968244086148846,0.0,0.12713395291073373,0.12713395291073373,0.025023810032711757,-0.028364557058976947,0.0004582168990625579,0.037827888236482234,0.004022700872315654,0.013107139834629356,0.01948973370922691,0.02382916190320659,0.03839803783508281,0.15581064124781827,measured_min_over_explicit_pairs,0.04687296955654528,1244,collision_hand_left_palm_0,left_object_7,17,0,0.4356991760474782,-0.21448424012018782,0.7804202367538139,0.42351406398634583,-0.17556349459162104,0.757316689696987,measured_min_over_explicit_pairs,0.05188051603834565,13,collision_hand_left_palm_floor_semantic_13,floor,0,0.0,,0,0.0,not_applicable_static_combination
14,0.4666666666666667,RA,left,palm,target,0.4527867682278156,-0.29522779677063227,0.7893072917394278,0.4527867682278156,-0.29522779677063227,0.7893072917394278,0.47781057826052736,-0.3235923538296092,0.7897655086384904,-0.18342155846740568,-0.24064103353749475,0.049811371180703355,0.0,0.12551582428225525,0.12551582428225525,0.025023810032711757,-0.028364557058976947,0.0004582168990625579,0.037827888236482234,0.004022700872315654,0.013107139834629356,0.01948973370922691,0.02382916190320659,0.03839803783508281,0.1596101406940664,measured_min_over_explicit_pairs,0.05560222525493787,1244,collision_hand_left_palm_0,left_object_7,17,0,0.4244460350544435,-0.23405275807865322,0.7649744895969,0.41728012894360106,-0.180002015356844,0.754076120263269,measured_min_over_explicit_pairs,0.029965749501133954,13,collision_hand_left_palm_floor_semantic_13,floor,0,0.0,,0,0.0,not_applicable_static_combination
14,0.4666666666666667,AA,left,palm,target,0.4527867682278156,-0.29522779677063227,0.7893072917394278,0.4527867682278156,-0.29522779677063227,0.7893072917394278,0.481833279132843,-0.31048521399497986,0.8092552423477173,-0.17233481554912955,-0.23269785081536323,0.06935155891562848,0.0,0.12551582428225525,0.12551582428225525,0.025023810032711757,-0.028364557058976947,0.0004582168990625579,0.037827888236482234,0.004022700872315654,0.013107139834629356,0.01948973370922691,0.02382916190320659,0.03839803783508281,0.15501448239240573,measured_min_over_explicit_pairs,0.04636491209299795,1244,collision_hand_left_palm_0,left_object_7,17,0,0.43569917604747826,-0.21448424012018785,0.7804202367538139,0.42209981467818664,-0.17803689049606602,0.7551941956629913,measured_min_over_explicit_pairs,0.05188051603834565,13,collision_hand_left_palm_floor_semantic_13,floor,0,0.0,,0,0.0,source endpoint interval; AA solve data only; object and floor separated
14,0.4666666666666667,RR,left,thumb,target,0.4655954860150814,-0.1765155354514718,0.7885144903592703,0.4655954860150814,-0.1765155354514718,0.7885144903592703,0.47050724231503205,-0.18583442066070405,0.7958125927141767,-0.11458597792334538,-0.12668132325435952,0.05555445103453023,0.0,0.04068851758982904,0.04068851758982904,0.004911756299950665,-0.009318885209232242,0.007298102354906355,0.012815196817670892,0.026926103001769786,0.012205576110307759,0.0218385838522005,0.03675479364268046,0.04325423392462188,0.052956404296502925,measured_min_over_explicit_pairs,0.04424878119351213,1439,collision_hand_left_thumb_0,left_object_6,55,0,0.47484164313611915,-0.17548279337191103,0.7886104114721374,0.4544224859802879,-0.15187917803367168,0.7572435180792428,measured_min_over_explicit_pairs,0.06235490169088043,15,collision_hand_left_thumb_floor_semantic_15,floor,0,0.0,,0,0.0,not_applicable_static_combination
14,0.4666666666666667,AR,left,thumb,target,0.4655954860150814,-0.1765155354514718,0.7885144903592703,0.4655954860150814,-0.1765155354514718,0.7885144903592703,0.49743334531680183,-0.1736288445503963,0.8176511765663772,-0.08637446816525253,-0.1339458149926188,0.07796544683279448,0.0,0.04068851758982904,0.04068851758982904,0.004911756299950665,-0.009318885209232242,0.007298102354906355,0.012815196817670892,0.026926103001769786,0.012205576110307759,0.0218385838522005,0.03675479364268046,0.04325423392462188,0.07523749625278023,measured_min_over_explicit_pairs,0.06717409308719535,1439,collision_hand_left_thumb_0,left_object_6,56,0,0.502760857373936,-0.1660607852198714,0.8093192784888021,0.4750352365451078,-0.13420969357372353,0.7570779472204288,measured_min_over_explicit_pairs,0.08281480328448743,15,collision_hand_left_thumb_floor_semantic_15,floor,0,0.0,,0,0.0,not_applicable_static_combination
14,0.4666666666666667,RA,left,thumb,target,0.4655954860150814,-0.1765155354514718,0.7885144903592703,0.4655954860150814,-0.1765155354514718,0.7885144903592703,0.47050724231503205,-0.18583442066070405,0.7958125927141767,-0.10626394070109399,-0.12632047940564653,0.05649470989235329,0.0,0.04129910145947916,0.04129910145947916,0.004911756299950665,-0.009318885209232242,0.007298102354906355,0.012815196817670892,0.026926103001769786,0.012205576110307759,0.0218385838522005,0.03675479364268046,0.04325423392462188,0.05352604349402987,measured_min_over_explicit_pairs,0.04431906482214728,1439,collision_hand_left_thumb_0,left_object_6,53,0,0.47554076332223166,-0.17543316190571784,0.7882228108990155,0.45715479642424406,-0.15164541384604252,0.7556608888091693,measured_min_over_explicit_pairs,0.06235490169088043,15,collision_hand_left_thumb_floor_semantic_15,floor,0,0.0,,0,0.0,not_applicable_static_combination
14,0.4666666666666667,AA,left,thumb,target,0.4655954860150814,-0.1765155354514718,0.7885144903592703,0.4655954860150814,-0.1765155354514718,0.7885144903592703,0.49743334531680183,-0.1736288445503963,0.8176511765663772,-0.07744243845287366,-0.13290651327065098,0.07833183474433116,0.0,0.04129910145947916,0.04129910145947916,0.004911756299950665,-0.009318885209232242,0.007298102354906355,0.012815196817670892,0.026926103001769786,0.012205576110307759,0.0218385838522005,0.03675479364268046,0.04325423392462188,0.07509914798043897,measured_min_over_explicit_pairs,0.06647413864473185,1439,collision_hand_left_thumb_0,left_object_6,53,0,0.503434930594286,-0.16602972222212203,0.8090042422750593,0.4789854400102431,-0.13437286006909072,0.7559111485870493,measured_min_over_explicit_pairs,0.08281480328448743,15,collision_hand_left_thumb_floor_semantic_15,floor,0,0.0,,0,0.0,source endpoint interval; AA solve data only; object and floor separated
14,0.4666666666666667,RR,left,index,target,0.4622217513620853,-0.16117800865322351,0.7758527948789237,0.4622217513620853,-0.16117800865322351,0.7758527948789237,0.4619916417282998,-0.1647930207244768,0.783109582785509,-0.1076195613314413,-0.10523551274706441,0.04258646439704164,0.0,0.022309697984498153,0.022309697984498153,-0.00023010963378550242,-0.003615012071253282,0.007256787906585349,0.00811062472563188,0.031708261557717166,0.02048546716326738,0.017786392238183457,0.041730372209703846,0.04361934404964304,0.02981941774658839,measured_min_over_explicit_pairs,0.016423711793589132,1570,collision_hand_left_index_0,left_object_6,40,0,0.4593443542317318,-0.15688981361060877,0.7721718375354257,0.4545186100202443,-0.15143966585065813,0.7574495282301951,measured_min_over_explicit_pairs,0.050202876440287314,19,collision_hand_left_index_floor_semantic_19,floor,0,0.0,,0,0.0,not_applicable_static_combination
14,0.4666666666666667,AR,left,index,target,0.4622217513620853,-0.16117800865322351,0.7758527948789237,0.4622217513620853,-0.16117800865322351,0.7758527948789237,0.493699903286017,-0.14430755356120942,0.8008959750236925,-0.07039600900651712,-0.10920256752430815,0.06102809104623946,0.0,0.022309697984498153,0.022309697984498153,-0.00023010963378550242,-0.003615012071253282,0.007256787906585349,0.00811062472563188,0.031708261557717166,0.02048546716326738,0.017786392238183457,0.041730372209703846,0.04361934404964304,0.048210891714616136,measured_min_over_explicit_pairs,0.03577413492086464,1570,collision_hand_left_index_0,left_object_6,35,0,0.4909490747951777,-0.13675036566430387,0.7906484652902517,0.4824283411051822,-0.12725730584744444,0.7572259034190556,measured_min_over_explicit_pairs,0.06933222275027695,19,collision_hand_left_index_floor_semantic_19,floor,0,0.0,,0,0.0,not_applicable_static_combination
14,0.4666666666666667,RA,left,index,target,0.4622217513620853,-0.16117800865322351,0.7758527948789237,0.4622217513620853,-0.16117800865322351,0.7758527948789237,0.4619916417282998,-0.1647930207244768,0.783109582785509,-0.10037081899200069,-0.10433457053251792,0.0439045012594058,0.0,0.022820105070807756,0.022820105070807756,-0.00023010963378550242,-0.003615012071253282,0.007256787906585349,0.00811062472563188,0.031708261557717166,0.02048546716326738,0.017786392238183457,0.041730372209703846,0.04361934404964304,0.030527499426281936,measured_min_over_explicit_pairs,0.01723143729419519,1570,collision_hand_left_index_0,left_object_6,40,0,0.4599663418068893,-0.1571872027259144,0.7718888461392117,0.4559750393240047,-0.15198145844777006,0.7559548522197805,measured_min_over_explicit_pairs,0.050202876440287314,19,collision_hand_left_index_floor_semantic_19,floor,0,0.0,,0,0.0,not_applicable_static_combination
14,0.4666666666666667,AA,left,index,target,0.4622217513620853,-0.16117800865322351,0.7758527948789237,0.4622217513620853,-0.16117800865322351,0.7758527948789237,0.493699903286017,-0.14430755356120942,0.8008959750236925,-0.06273990504130302,-0.10717344900938425,0.06171682982669863,0.0,0.022820105070807756,0.022820105070807756,-0.00023010963378550242,-0.003615012071253282,0.007256787906585349,0.00811062472563188,0.031708261557717166,0.02048546716326738,0.017786392238183457,0.041730372209703846,0.04361934404964304,0.04816544632423608,measured_min_over_explicit_pairs,0.03578942183354955,1570,collision_hand_left_index_0,left_object_6,31,0,0.4915488797673559,-0.1370681465153778,0.7904324472773492,0.48517117233574525,-0.12870834944122317,0.7562224873829633,measured_min_over_explicit_pairs,0.06933222275027695,19,collision_hand_left_index_floor_semantic_19,floor,0,0.0,,0,0.0,source endpoint interval; AA solve data only; object and floor separated
14,0.4666666666666667,RR,left,middle,target,0.4565814383327961,-0.17992469761520624,0.7610253646306632,0.4565814383327961,-0.17992469761520624,0.7610253646306632,0.4638227425709698,-0.18264541035452492,0.7628881246286635,-0.11721427211940033,-0.12054556430886346,0.022473981659731287,0.0,0.02288689836131246,0.02288689836131246,0.007241304238173707,-0.002720712739318676,0.0018627599980003406,0.007956672651921383,0.012661981571222003,0.034529545320195865,0.028845054382001245,0.04674026572057582,0.04848620917503656,0.02970584662555663,measured_min_over_explicit_pairs,0.012098850684478924,1764,collision_hand_left_middle_external_semantic_link2,left_object_6,42,0,0.4486079704231548,-0.16963418043439224,0.7645368731034403,0.44229114689196036,-0.16228399612306996,0.7572943100936587,measured_min_over_explicit_pairs,0.028742693680660514,21,collision_hand_left_middle_floor_semantic_21,floor,0,0.0,,0,0.0,not_applicable_static_combination
14,0.4666666666666667,AR,left,middle,target,0.4565814383327961,-0.17992469761520624,0.7610253646306632,0.4565814383327961,-0.17992469761520624,0.7610253646306632,0.4764847241421918,-0.14811586503432905,0.7917331790106648,-0.08597332557514054,-0.10138683080752915,0.05148430101808355,0.0,0.02288689836131246,0.02288689836131246,0.007241304238173707,-0.002720712739318676,0.0018627599980003406,0.007956672651921383,0.012661981571222003,0.034529545320195865,0.028845054382001245,0.04674026572057582,0.04848620917503656,0.036421321239985587,measured_min_over_explicit_pairs,0.023742706497321773,1764,collision_hand_left_middle_external_semantic_link2,left_object_6,36,0,0.48181686790133105,-0.13788935848615055,0.7797614703728617,0.47658066173756836,-0.13208859585708085,0.7573416262665855,measured_min_over_explicit_pairs,0.05962942168632901,21,collision_hand_left_middle_floor_semantic_21,floor,0,0.0,,0,0.0,not_applicable_static_combination
14,0.4666666666666667,RA,left,middle,target,0.4565814383327961,-0.17992469761520624,0.7610253646306632,0.4565814383327961,-0.17992469761520624,0.7610253646306632,0.4638227425709698,-0.18264541035452492,0.7628881246286635,-0.10964338049643918,-0.11958821319659106,0.023598982196567177,0.0,0.022347178915991892,0.022347178915991892,0.007241304238173707,-0.002720712739318676,0.0018627599980003406,0.007956672651921383,0.012661981571222003,0.034529545320195865,0.028845054382001245,0.04674026572057582,0.04848620917503656,0.029269248172691557,measured_min_over_explicit_pairs,0.012478031901970053,1764,collision_hand_left_middle_external_semantic_link2,left_object_6,40,0,0.4505973455801135,-0.16941752505842003,0.7630990598176427,0.4445418452048374,-0.16159107167102066,0.7554978215812447,measured_min_over_explicit_pairs,0.028742693680660514,21,collision_hand_left_middle_floor_semantic_21,floor,0,0.0,,0,0.0,not_applicable_static_combination
14,0.4666666666666667,AA,left,middle,target,0.4565814383327961,-0.17992469761520624,0.7610253646306632,0.4565814383327961,-0.17992469761520624,0.7610253646306632,0.4764847241421918,-0.14811586503432905,0.7917331790106648,-0.0787649433739443,-0.09979716785704615,0.052572920224909864,0.0,0.022347178915991892,0.022347178915991892,0.007241304238173707,-0.002720712739318676,0.0018627599980003406,0.007956672651921383,0.012661981571222003,0.034529545320195865,0.028845054382001245,0.04674026572057582,0.04848620917503656,0.03703633354451427,measured_min_over_explicit_pairs,0.024072971088079025,1764,collision_hand_left_middle_external_semantic_link2,left_object_6,36,0,0.4826009443353453,-0.13822498282141638,0.7795312235835572,0.4789954201286831,-0.13348553021598533,0.7562064358845548,measured_min_over_explicit_pairs,0.05962942168632901,21,collision_hand_left_middle_floor_semantic_21,floor,0,0.0,,0,0.0,source endpoint interval; AA solve data only; object and floor separated
14,0.4666666666666667,RR,left,ring,target,0.4495206572115421,-0.1914761820808053,0.7558942391805289,0.4495206572115421,-0.1914761820808053,0.7558942391805289,0.44734819426797057,-0.19055383085945127,0.7520868424144185,-0.13479477903210044,-0.1163971380095638,0.011323291543234337,0.0,0.026542319604696045,0.026542319604696045,-0.0021724629435715404,0.0009223512213540341,-0.0038073967661104158,0.004479575554816868,0.014476465982902587,0.03595282903510094,0.02685722771698129,0.047153840391034124,0.04519360703242926,0.024657250573170555,measured_min_over_explicit_pairs,0.0008451571208400871,1829,collision_hand_left_ring_1,left_object_7,15,0,0.4232888184660003,-0.17585927859648776,0.7583302067135719,0.4231291818372398,-0.17530527820135755,0.7577122340055498,measured_min_over_explicit_pairs,0.0175576906852013,23,collision_hand_left_ring_floor_semantic_23,floor,0,0.0,,0,0.0,not_applicable_static_combination
14,0.4666666666666667,AR,left,ring,target,0.4495206572115421,-0.1914761820808053,0.7558942391805289,0.4495206572115421,-0.1914761820808053,0.7558942391805289,0.46182466025087315,-0.15460100182435033,0.7789440701313998,-0.10121751802157403,-0.09732328718097251,0.038383232807449076,0.0,0.026542319604696045,0.026542319604696045,-0.0021724629435715404,0.0009223512213540341,-0.0038073967661104158,0.004479575554816868,0.014476465982902587,0.03595282903510094,0.02685722771698129,0.047153840391034124,0.04519360703242926,0.022696815804225435,measured_min_over_explicit_pairs,0.027715124091250144,1828,collision_hand_left_ring_1,left_object_6,15,0,0.44217781136198525,-0.1597162699525745,0.7857872826492546,0.44186881095999964,-0.15988301188709825,0.7580743827780352,measured_min_over_explicit_pairs,0.04655922259380274,23,collision_hand_left_ring_floor_semantic_23,floor,0,0.0,,0,0.0,not_applicable_static_combination
14,0.4666666666666667,RA,left,ring,target,0.4495206572115421,-0.1914761820808053,0.7558942391805289,0.4495206572115421,-0.1914761820808053,0.7558942391805289,0.44734819426797057,-0.19055383085945127,0.7520868424144185,-0.12754569987835632,-0.11592262828578018,0.012796574957815703,0.0,0.02604992584694308,0.02604992584694308,-0.0021724629435715404,0.0009223512213540341,-0.0038073967661104158,0.004479575554816868,0.014476465982902587,0.03595282903510094,0.02685722771698129,0.047153840391034124,0.04519360703242926,0.023938538363702615,measured_min_over_explicit_pairs,0.00142964989073153,1829,collision_hand_left_ring_1,left_object_7,15,0,0.4233591703763787,-0.17787423598507268,0.7568604095766305,0.42309751398530554,-0.17717715761429803,0.7556399520853275,measured_min_over_explicit_pairs,0.0175576906852013,23,collision_hand_left_ring_floor_semantic_23,floor,0,0.0,,0,0.0,not_applicable_static_combination
14,0.4666666666666667,AA,left,ring,target,0.4495206572115421,-0.1914761820808053,0.7558942391805289,0.4495206572115421,-0.1914761820808053,0.7558942391805289,0.46182466025087315,-0.15460100182435033,0.7789440701313998,-0.09435947692803859,-0.09607909361057118,0.03978533931464957,0.0,0.02604992584694308,0.02604992584694308,-0.0021724629435715404,0.0009223512213540341,-0.0038073967661104158,0.004479575554816868,0.014476465982902587,0.03595282903510094,0.02685722771698129,0.047153840391034124,0.04519360703242926,0.023725839766239265,measured_min_over_explicit_pairs,0.02955156010322175,1828,collision_hand_left_ring_1,left_object_6,15,0,0.4424745714741541,-0.15981727893096645,0.7857886764712266,0.44287590670757293,-0.1602438171192553,0.7562429204352292,measured_min_over_explicit_pairs,0.04655922259380274,23,collision_hand_left_ring_floor_semantic_23,floor,0,0.0,,0,0.0,source endpoint interval; AA solve data only; object and floor separated
14,0.4666666666666667,RR,left,pinky,target,0.43090338483452795,-0.19687627349048853,0.7561230018071768,0.43090338483452795,-0.19687627349048853,0.7561230018071768,0.4212865925801452,-0.1820127929159478,0.7437819564182946,-0.1493876662266155,-0.09341042186068217,0.0023909868510094134,0.0,0.022173335521541843,0.022173335521541843,-0.009616792254382722,0.014863480574540733,-0.012341045388882255,0.021580249056583133,0.014538353815951255,0.03101537464468962,0.031083228588608236,0.04625455972679788,0.049803218324958674,0.00858014745213731,measured_min_over_explicit_pairs,-0.0026324693414286554,1984,collision_hand_left_pinky_link2_external_exact_mesh,left_object_external_exact_sdf,14,0,0.41419108517126757,-0.16788207353550938,0.7414228949094961,0.4129605274909961,-0.17017789041025255,0.7418034832786446,measured_min_over_explicit_pairs,0.011212078081465515,25,collision_hand_left_pinky_floor_semantic_25,floor,0,0.0,,0,0.0,not_applicable_static_combination
14,0.4666666666666667,AR,left,pinky,target,0.43090338483452795,-0.19687627349048853,0.7561230018071768,0.43090338483452795,-0.19687627349048853,0.7561230018071768,0.4358249463960965,-0.15099741827125818,0.7748651850069028,-0.11896102677203023,-0.07811941312798558,0.033694164947764754,0.0,0.022173335521541843,0.022173335521541843,-0.009616792254382722,0.014863480574540733,-0.012341045388882255,0.021580249056583133,0.014538353815951255,0.03101537464468962,0.031083228588608236,0.04625455972679788,0.049803218324958674,0.019546920800176955,measured_min_over_explicit_pairs,0.02259567478043383,1927,collision_hand_left_pinky_1,left_object_7,15,0,0.41994382604967745,-0.17183938969838553,0.7809657334492257,0.41989299016697124,-0.17298111429645094,0.7583989791536179,measured_min_over_explicit_pairs,0.04363142241140039,25,collision_hand_left_pinky_floor_semantic_25,floor,0,0.0,,0,0.0,not_applicable_static_combination
14,0.4666666666666667,RA,left,pinky,target,0.43090338483452795,-0.19687627349048853,0.7561230018071768,0.43090338483452795,-0.19687627349048853,0.7561230018071768,0.4212865925801452,-0.1820127929159478,0.7437819564182946,-0.14319247840383872,-0.09336445525130727,0.004584711940380303,0.0,0.020656901721148403,0.020656901721148403,-0.009616792254382722,0.014863480574540733,-0.012341045388882255,0.021580249056583133,0.014538353815951255,0.03101537464468962,0.031083228588608236,0.04625455972679788,0.049803218324958674,0.005879305367962894,measured_min_over_explicit_pairs,-0.0007284442501835179,1984,collision_hand_left_pinky_link2_external_exact_mesh,left_object_external_exact_sdf,14,0,0.4048861047710498,-0.1772525648023207,0.7522792674095762,0.40559508160375535,-0.17710610577415659,0.75219844272658,measured_min_over_explicit_pairs,0.011212078081465515,25,collision_hand_left_pinky_floor_semantic_25,floor,0,0.0,,0,0.0,not_applicable_static_combination
14,0.4666666666666667,AA,left,pinky,target,0.43090338483452795,-0.19687627349048853,0.7561230018071768,0.43090338483452795,-0.19687627349048853,0.7561230018071768,0.4358249463960965,-0.15099741827125818,0.7748651850069028,-0.11293589624410766,-0.0775195035503317,0.0357770353088809,0.0,0.020656901721148403,0.020656901721148403,-0.009616792254382722,0.014863480574540733,-0.012341045388882255,0.021580249056583133,0.014538353815951255,0.03101537464468962,0.031083228588608236,0.04625455972679788,0.049803218324958674,0.021566498725516685,measured_min_over_explicit_pairs,0.024968211034668838,1927,collision_hand_left_pinky_1,left_object_7,15,0,0.42047172634724667,-0.17397109680776307,0.7810748798620899,0.42091904713602646,-0.175166135624531,0.7561392958783509,measured_min_over_explicit_pairs,0.04363142241140039,25,collision_hand_left_pinky_floor_semantic_25,floor,35,783.0652633905411,141,0,0.0,source endpoint interval; AA solve data only; object and floor separated
15,0.5,RR,right,palm,tool,0.7589479930698871,-0.20761776063591242,0.7871890022687552,0.7589479930698871,-0.20761776063591242,0.7871890022687552,0.7577152235276865,-0.2368158305593327,0.7918410325800299,-0.060573008010296754,-0.24617669424071717,0.04231402852250426,0.0,0.1671500725614478,0.1671500725614478,-0.0012327695422006402,-0.029198069923420278,0.004652030311274702,0.029592032610385788,-0.014109013772742651,-0.00830947807351795,-0.007408025339734503,0.01797193742833159,0.04061750830149718,0.19603697474613613,measured_min_over_explicit_pairs,0.08863742800319019,118,collision_hand_right_palm_0,right_object_9,0,0,0.7360894195213111,-0.12935030027607003,0.8044697459751068,0.7279379009427502,-0.04280725452220485,0.7871363210530523,measured_min_over_explicit_pairs,0.019937527207028127,0,collision_hand_right_palm_floor_semantic_00,floor,0,0.0,,0,0.0,not_applicable_static_combination
15,0.5,AR,right,palm,tool,0.7589479930698871,-0.20761776063591242,0.7871890022687552,0.7589479930698871,-0.20761776063591242,0.7871890022687552,0.7436062097549438,-0.24512530863285065,0.7844330072402954,-0.0767169677392734,-0.24890113181204365,0.034901839971408784,0.0,0.1671500725614478,0.1671500725614478,-0.0012327695422006402,-0.029198069923420278,0.004652030311274702,0.029592032610385788,-0.014109013772742651,-0.00830947807351795,-0.007408025339734503,0.01797193742833159,0.04061750830149718,0.2024576827130712,measured_min_over_explicit_pairs,0.09826716822334479,118,collision_hand_right_palm_0,right_object_9,1,0,0.714556706942438,-0.14119620862286303,0.7899662549229711,0.7197234623295504,-0.04327769992498775,0.7835081868071169,measured_min_over_explicit_pairs,0.017601571202393806,0,collision_hand_right_palm_floor_semantic_00,floor,0,0.0,,0,0.0,not_applicable_static_combination
15,0.5,RA,right,palm,tool,0.7589479930698871,-0.20761776063591242,0.7871890022687552,0.7589479930698871,-0.20761776063591242,0.7871890022687552,0.7577152235276865,-0.2368158305593327,0.7918410325800299,-0.06324648595922952,-0.24740864795790002,0.03809454432915,0.0,0.16863347023854908,0.16863347023854908,-0.0012327695422006402,-0.029198069923420278,0.004652030311274702,0.029592032610385788,-0.014109013772742651,-0.00830947807351795,-0.007408025339734503,0.01797193742833159,0.04061750830149718,0.1975610845625931,measured_min_over_explicit_pairs,0.09035221890672433,118,collision_hand_right_palm_0,right_object_9,0,0,0.736089419521311,-0.12935030027607003,0.8044697459751067,0.7284457560092783,-0.041026462277771486,0.7870342215856951,measured_min_over_explicit_pairs,0.019937527207028127,0,collision_hand_right_palm_floor_semantic_00,floor,0,0.0,,0,0.0,not_applicable_static_combination
15,0.5,AA,right,palm,tool,0.7589479930698871,-0.20761776063591242,0.7871890022687552,0.7589479930698871,-0.20761776063591242,0.7871890022687552,0.7436062097549438,-0.24512530863285065,0.7844330072402954,-0.07931110749814732,-0.24991164161230098,0.03043598751306303,0.0,0.16863347023854908,0.16863347023854908,-0.0012327695422006402,-0.029198069923420278,0.004652030311274702,0.029592032610385788,-0.014109013772742651,-0.00830947807351795,-0.007408025339734503,0.01797193742833159,0.04061750830149718,0.20395824082915737,measured_min_over_explicit_pairs,0.09998129655483694,118,collision_hand_right_palm_0,right_object_9,1,0,0.7160832685992352,-0.14137614603499224,0.7884593286694764,0.7204939213431082,-0.04176859267340566,0.7810336222062575,measured_min_over_explicit_pairs,0.017601571202393806,0,collision_hand_right_palm_floor_semantic_00,floor,0,0.0,,0,0.0,source endpoint interval; AA solve data only; object and floor separated
15,0.5,RR,right,thumb,tool,0.7017761118710041,-0.10075601283460855,0.7813730790547965,0.7017761118710041,-0.10075601283460855,0.7813730790547965,0.6989226021493118,-0.10499243477228894,0.7753460076806701,-0.06641445617469463,-0.10249883917900057,0.021610953871476556,0.0,0.05903342606287502,0.05903342606287502,-0.0028535097216922933,-0.004236421937680382,-0.0060270713741263915,0.007900340367013679,-0.02736438753356718,-0.014307500817158106,-0.009207516762685719,0.0322225487765224,0.03858874267665547,0.06354617132378987,measured_min_over_explicit_pairs,0.08579778347176101,270,collision_hand_right_thumb_external_semantic_rota1,right_object_9,15,0,0.6973224892409671,-0.12716829118973533,0.7814844490298698,0.7126204352299148,-0.04283300962815517,0.7776383105618183,measured_min_over_explicit_pairs,0.04568338995861765,3,collision_hand_right_thumb_floor_semantic_03,floor,0,0.0,,0,0.0,not_applicable_static_combination
15,0.5,AR,right,thumb,tool,0.7017761118710041,-0.10075601283460855,0.7813730790547965,0.7017761118710041,-0.10075601283460855,0.7813730790547965,0.6715582146157446,-0.11929993558944704,0.7661384909179844,-0.09708288696546007,-0.10595301007851582,0.01234765500528759,0.0,0.05903342606287502,0.05903342606287502,-0.0028535097216922933,-0.004236421937680382,-0.0060270713741263915,0.007900340367013679,-0.02736438753356718,-0.014307500817158106,-0.009207516762685719,0.0322225487765224,0.03858874267665547,0.08501951853655017,measured_min_over_explicit_pairs,0.10567241441803404,284,collision_hand_right_thumb_external_semantic_rota1,right_object_23,18,0,0.6740627168316768,-0.14210005866610237,0.7722091855464877,0.704764975108891,-0.040987524306482725,0.7727438826483091,measured_min_over_explicit_pairs,0.035362263736509525,3,collision_hand_right_thumb_floor_semantic_03,floor,0,0.0,,0,0.0,not_applicable_static_combination
15,0.5,RA,right,thumb,tool,0.7017761118710041,-0.10075601283460855,0.7813730790547965,0.7017761118710041,-0.10075601283460855,0.7813730790547965,0.6989226021493118,-0.10499243477228894,0.7753460076806701,-0.06821557416297919,-0.10332279081039063,0.02018812692393239,0.0,0.06074790068134082,0.06074790068134082,-0.0028535097216922933,-0.004236421937680382,-0.0060270713741263915,0.007900340367013679,-0.02736438753356718,-0.014307500817158106,-0.009207516762685719,0.0322225487765224,0.03858874267665547,0.06518490095123299,measured_min_over_explicit_pairs,0.08748376440023087,270,collision_hand_right_thumb_external_semantic_rota1,right_object_9,15,0,0.6972765140725167,-0.12716824208621502,0.781325321213854,0.7125987053681421,-0.041179729645040145,0.7763639488543876,measured_min_over_explicit_pairs,0.04568338995861765,3,collision_hand_right_thumb_floor_semantic_03,floor,0,0.0,,0,0.0,not_applicable_static_combination
15,0.5,AA,right,thumb,tool,0.7017761118710041,-0.10075601283460855,0.7813730790547965,0.7017761118710041,-0.10075601283460855,0.7813730790547965,0.6715582146157446,-0.11929993558944704,0.7661384909179844,-0.09878419843113803,-0.10645232645807046,0.01048978342427245,0.0,0.06074790068134082,0.06074790068134082,-0.0028535097216922933,-0.004236421937680382,-0.0060270713741263915,0.007900340367013679,-0.02736438753356718,-0.014307500817158106,-0.009207516762685719,0.0322225487765224,0.03858874267665547,0.08656368572238339,measured_min_over_explicit_pairs,0.10729475648281328,284,collision_hand_right_thumb_external_semantic_rota1,right_object_23,18,0,0.6741275580058372,-0.14212013340714105,0.772060590531471,0.7061462847208504,-0.03971644047032406,0.7713900823975912,measured_min_over_explicit_pairs,0.035362263736509525,3,collision_hand_right_thumb_floor_semantic_03,floor,0,0.0,,0,0.0,source endpoint interval; AA solve data only; object and floor separated
15,0.5,RR,right,index,tool,0.7217779703438282,-0.06484919507056475,0.756235475771868,0.7217779703438282,-0.06484919507056475,0.756235475771868,0.7210881068143501,-0.06827053788883877,0.7603296659558156,-0.032174854071612635,-0.07700769550234533,0.0060177159636227336,0.0,0.022297587177982144,0.022297587177982144,-0.0006898635294780853,-0.0034213428182740258,0.0040941901839476325,0.005379952753676594,-0.022226516475557512,-0.006010132355676601,-0.006737329086521249,0.02399023402951846,0.024921865494989343,0.025157613643843377,measured_min_over_explicit_pairs,0.02963026941777858,395,collision_hand_right_index_1,right_object_9,1,0,0.7357579563685985,-0.07231151382488199,0.7763955888278344,0.7314085492726918,-0.04300604393359912,0.7759212913100954,measured_min_over_explicit_pairs,0.029539350553292154,6,collision_hand_right_index_floor_semantic_06,floor,0,0.0,,0,0.0,not_applicable_static_combination
15,0.5,AR,right,index,tool,0.7217779703438282,-0.06484919507056475,0.756235475771868,0.7217779703438282,-0.06484919507056475,0.756235475771868,0.6988615903387926,-0.07428067024451537,0.7535923368692944,-0.05501548509683971,-0.07457975909860809,-0.0009063022324760523,0.0,0.022297587177982144,0.022297587177982144,-0.0006898635294780853,-0.0034213428182740258,0.0040941901839476325,0.005379952753676594,-0.022226516475557512,-0.006010132355676601,-0.006737329086521249,0.02399023402951846,0.024921865494989343,0.035021382216705796,measured_min_over_explicit_pairs,0.036475300292453675,395,collision_hand_right_index_1,right_object_9,1,0,0.7139749273088911,-0.07980767891343307,0.7705749125954167,0.7173137276762371,-0.043486130670447265,0.7707872254874766,measured_min_over_explicit_pairs,0.023152348877781392,6,collision_hand_right_index_floor_semantic_06,floor,0,0.0,,0,0.0,not_applicable_static_combination
15,0.5,RA,right,index,tool,0.7217779703438282,-0.06484919507056475,0.756235475771868,0.7217779703438282,-0.06484919507056475,0.756235475771868,0.7210881068143501,-0.06827053788883877,0.7603296659558156,-0.03367973331830492,-0.07768347773201664,0.005518459286503272,0.0,0.02344913274997899,0.02344913274997899,-0.0006898635294780853,-0.0034213428182740258,0.0040941901839476325,0.005379952753676594,-0.022226516475557512,-0.006010132355676601,-0.006737329086521249,0.02399023402951846,0.024921865494989343,0.026401559911641326,measured_min_over_explicit_pairs,0.03103451444716369,395,collision_hand_right_index_1,right_object_9,1,0,0.7358717220050547,-0.07230296793506476,0.7761166992139886,0.7316104085103414,-0.041586544531839506,0.7748986566922421,measured_min_over_explicit_pairs,0.029539350553292154,6,collision_hand_right_index_floor_semantic_06,floor,0,0.0,,0,0.0,not_applicable_static_combination
15,0.5,AA,right,index,tool,0.7217779703438282,-0.06484919507056475,0.756235475771868,0.7217779703438282,-0.06484919507056475,0.756235475771868,0.6988615903387926,-0.07428067024451537,0.7535923368692944,-0.05642411193866305,-0.07501430614792147,-0.0016299736200518673,0.0,0.02344913274997899,0.02344913274997899,-0.0006898635294780853,-0.0034213428182740258,0.0040941901839476325,0.005379952753676594,-0.022226516475557512,-0.006010132355676601,-0.006737329086521249,0.02399023402951846,0.024921865494989343,0.0363133916519436,measured_min_over_explicit_pairs,0.03795566645407805,395,collision_hand_right_index_1,right_object_9,1,0,0.7140346471682686,-0.0798140184150469,0.7703581536681811,0.7176978464774506,-0.042038395772621334,0.7698934809107489,measured_min_over_explicit_pairs,0.023152348877781392,6,collision_hand_right_index_floor_semantic_06,floor,13,46.5120430290699,151,0,0.0,source endpoint interval; AA solve data only; object and floor separated
15,0.5,RR,right,middle,tool,0.7342037655413151,-0.061214995570480824,0.7392662122182486,0.7342037655413151,-0.061214995570480824,0.7392662122182486,0.7352894156013071,-0.06951763621740156,0.7460026440142535,-0.019368498139917475,-0.08382520815161668,-0.008054055504297363,0.0,0.024408064807587473,0.024408064807587473,0.0010856500599920604,-0.00830264064692074,0.006736431796004916,0.010746720016213655,-0.015398940782326065,0.0005084904458498157,-0.0009100514719099229,0.015434187164623565,0.01730796857923852,0.03010777587155087,measured_min_over_explicit_pairs,0.015678712991668342,591,collision_hand_right_middle_0,right_object_3,0,0,0.7344953151466034,-0.055158791291494105,0.7485033836595222,0.7320661989101327,-0.04036614985525094,0.753096769635419,measured_min_over_explicit_pairs,0.015246901264483803,8,collision_hand_right_middle_floor_semantic_08,floor,0,0.0,,0,0.0,not_applicable_static_combination
15,0.5,AR,right,middle,tool,0.7342037655413151,-0.061214995570480824,0.7392662122182486,0.7342037655413151,-0.061214995570480824,0.7392662122182486,0.719890474818981,-0.06900914577155175,0.7450925925423436,-0.03348510049165144,-0.07769384750481145,-0.009212540762925268,0.0,0.024408064807587473,0.024408064807587473,0.0010856500599920604,-0.00830264064692074,0.006736431796004916,0.010746720016213655,-0.015398940782326065,0.0005084904458498157,-0.0009100514719099229,0.015434187164623565,0.01730796857923852,0.028933988866811852,measured_min_over_explicit_pairs,0.014129382488421082,591,collision_hand_right_middle_0,right_object_3,0,0,0.7212085322010539,-0.05468138970512419,0.7487985422741479,0.7213284755976817,-0.041216594773273406,0.7530792385409847,measured_min_over_explicit_pairs,0.015225832025065889,8,collision_hand_right_middle_floor_semantic_08,floor,0,0.0,,0,0.0,not_applicable_static_combination
15,0.5,RA,right,middle,tool,0.7342037655413151,-0.061214995570480824,0.7392662122182486,0.7342037655413151,-0.061214995570480824,0.7392662122182486,0.7352894156013071,-0.06951763621740156,0.7460026440142535,-0.020733463006239607,-0.08427853010554281,-0.008531286348738381,0.0,0.025069449620102182,0.025069449620102182,0.0010856500599920604,-0.00830264064692074,0.006736431796004916,0.010746720016213655,-0.015398940782326065,0.0005084904458498157,-0.0009100514719099229,0.015434187164623565,0.01730796857923852,0.030947339391510075,measured_min_over_explicit_pairs,0.0164784394609981,591,collision_hand_right_middle_0,right_object_3,0,0,0.734490213288378,-0.05507706519188736,0.7482229246324074,0.7319287876888467,-0.03939522141279962,0.7525884534269672,measured_min_over_explicit_pairs,0.015246901264483803,8,collision_hand_right_middle_floor_semantic_08,floor,0,0.0,,0,0.0,not_applicable_static_combination
15,0.5,AA,right,middle,tool,0.7342037655413151,-0.061214995570480824,0.7392662122182486,0.7342037655413151,-0.061214995570480824,0.7392662122182486,0.719890474818981,-0.06900914577155175,0.7450925925423436,-0.03480836017586434,-0.07806102024583485,-0.009737094891399565,0.0,0.025069449620102182,0.025069449620102182,0.0010856500599920604,-0.00830264064692074,0.006736431796004916,0.010746720016213655,-0.015398940782326065,0.0005084904458498157,-0.0009100514719099229,0.015434187164623565,0.01730796857923852,0.029911363769869338,measured_min_over_explicit_pairs,0.015071619805941598,591,collision_hand_right_middle_0,right_object_3,0,0,0.7214141270605644,-0.05461199886159921,0.7485571256410192,0.7218519338033345,-0.04014470230694795,0.7527594320590011,measured_min_over_explicit_pairs,0.015225832025065889,8,collision_hand_right_middle_floor_semantic_08,floor,0,0.0,,0,0.0,source endpoint interval; AA solve data only; object and floor separated
15,0.5,RR,right,ring,tool,0.7478377915918827,-0.0722386846318841,0.7287715628080008,0.7478377915918827,-0.0722386846318841,0.7287715628080008,0.7487094085158423,-0.07405097615004623,0.7316694235233765,-0.008502374352998858,-0.09340699705114751,-0.022061384505337244,0.0,0.0412985776549189,0.0412985776549189,0.0008716169239596505,-0.0018122915181621319,0.0028978607153756775,0.0035272812950844904,-0.010442719850655702,0.0041318491972456295,0.003578354668811179,0.01178673821732971,0.011786760571182544,0.0418512104390842,measured_min_over_explicit_pairs,0.027967895405017942,744,collision_hand_right_ring_0,right_object_3,0,0,0.746728673245769,-0.06052125680136859,0.7355362485666397,0.739057959410821,-0.03645119511269265,0.7475360591047981,measured_min_over_explicit_pairs,0.0009200534336668564,10,collision_hand_right_ring_floor_semantic_10,floor,0,0.0,,0,0.0,not_applicable_static_combination
15,0.5,AR,right,ring,tool,0.7478377915918827,-0.0722386846318841,0.7287715628080008,0.7478377915918827,-0.0722386846318841,0.7287715628080008,0.7382666886651866,-0.0699191269528006,0.7352477781921877,-0.01669699566012029,-0.08560953869927596,-0.018748527326471736,0.0,0.0412985776549189,0.0412985776549189,0.0008716169239596505,-0.0018122915181621319,0.0028978607153756775,0.0035272812950844904,-0.010442719850655702,0.0041318491972456295,0.003578354668811179,0.01178673821732971,0.011786760571182544,0.03452695953961121,measured_min_over_explicit_pairs,0.020216118546669305,744,collision_hand_right_ring_0,right_object_3,0,0,0.7378483435461405,-0.056267091994016465,0.7401640280606017,0.7339560475152348,-0.03810470551480125,0.7481433261550712,measured_min_over_explicit_pairs,0.0058115211689133695,10,collision_hand_right_ring_floor_semantic_10,floor,0,0.0,,0,0.0,not_applicable_static_combination
15,0.5,RA,right,ring,tool,0.7478377915918827,-0.0722386846318841,0.7287715628080008,0.7478377915918827,-0.0722386846318841,0.7287715628080008,0.7487094085158423,-0.07405097615004623,0.7316694235233765,-0.00973999471538329,-0.09362971134752107,-0.022594986243460048,0.0,0.04176007767324106,0.04176007767324106,0.0008716169239596505,-0.0018122915181621319,0.0028978607153756775,0.0035272812950844904,-0.010442719850655702,0.0041318491972456295,0.003578354668811179,0.01178673821732971,0.011786760571182544,0.042375363568207376,measured_min_over_explicit_pairs,0.028418936384116557,744,collision_hand_right_ring_0,right_object_3,0,0,0.7468278387326834,-0.0603920311086152,0.7353324989440841,0.7393152363134051,-0.03556654351149017,0.7469467968419045,measured_min_over_explicit_pairs,0.0009200534336668564,10,collision_hand_right_ring_floor_semantic_10,floor,0,0.0,,0,0.0,not_applicable_static_combination
15,0.5,AA,right,ring,tool,0.7478377915918827,-0.0722386846318841,0.7287715628080008,0.7478377915918827,-0.0722386846318841,0.7287715628080008,0.7382666886651866,-0.0699191269528006,0.7352477781921877,-0.017940357586980087,-0.08586227705052864,-0.019226275656320943,0.0,0.04176007767324106,0.04176007767324106,0.0008716169239596505,-0.0018122915181621319,0.0028978607153756775,0.0035272812950844904,-0.010442719850655702,0.0041318491972456295,0.003578354668811179,0.01178673821732971,0.011786760571182544,0.035149504810812124,measured_min_over_explicit_pairs,0.020809106616374536,744,collision_hand_right_ring_0,right_object_3,0,0,0.7379808521666325,-0.05617570094641726,0.7400145288032517,0.7342501241998891,-0.03729039076333112,0.7479167845760311,measured_min_over_explicit_pairs,0.0058115211689133695,10,collision_hand_right_ring_floor_semantic_10,floor,0,0.0,,0,0.0,source endpoint interval; AA solve data only; object and floor separated
15,0.5,RR,right,pinky,tool,0.7657011397182941,-0.09005621168762445,0.7277491643361685,0.7657011397182941,-0.09005621168762445,0.7277491643361685,0.7673470022684585,-0.07221832677210974,0.7199872265278949,0.009551104946561566,-0.09892491109423415,-0.03349889914203601,0.0,0.06261465769554618,0.06261465769554618,0.001645862550164412,0.017837884915514718,-0.007761937808273611,0.019522978264923836,-0.007728043115962979,0.0031668442518636014,0.008218311490736707,0.01171717528572989,0.021872353434597206,0.05186260902685282,measured_min_over_explicit_pairs,0.03896210401184112,914,collision_hand_right_pinky_0,right_object_21,0,0,0.7651910760905873,-0.06017092466070107,0.7256614884154685,0.7487233433772165,-0.03078159657846396,0.7452351115646232,measured_min_over_explicit_pairs,-0.009423151438423316,12,collision_hand_right_pinky_floor_semantic_12,floor,0,0.0,,0,0.0,not_applicable_static_combination
15,0.5,AR,right,pinky,tool,0.7657011397182941,-0.09005621168762445,0.7277491643361685,0.7657011397182941,-0.09005621168762445,0.7277491643361685,0.7596189591524956,-0.06905148252024614,0.7282055380186316,0.003499450583569332,-0.09289145376787605,-0.025482224716913575,0.0,0.06261465769554618,0.06261465769554618,0.001645862550164412,0.017837884915514718,-0.007761937808273611,0.019522978264923836,-0.007728043115962979,0.0031668442518636014,0.008218311490736707,0.01171717528572989,0.021872353434597206,0.0425229428537587,measured_min_over_explicit_pairs,0.02927372768656846,914,collision_hand_right_pinky_0,right_object_21,0,0,0.7579923151402472,-0.05687044165740473,0.734419566283462,0.7466545982402248,-0.03319683959361885,0.7473798083139112,measured_min_over_explicit_pairs,2.1688302589861763e-05,12,collision_hand_right_pinky_floor_semantic_12,floor,0,0.0,,0,0.0,not_applicable_static_combination
15,0.5,RA,right,pinky,tool,0.7657011397182941,-0.09005621168762445,0.7277491643361685,0.7657011397182941,-0.09005621168762445,0.7277491643361685,0.7673470022684585,-0.07221832677210974,0.7199872265278949,0.008426675489235902,-0.09900169652619893,-0.033922214509364924,0.0,0.0630710395854747,0.0630710395854747,0.001645862550164412,0.017837884915514718,-0.007761937808273611,0.019522978264923836,-0.007728043115962979,0.0031668442518636014,0.008218311490736707,0.01171717528572989,0.021872353434597206,0.05204575027894577,measured_min_over_explicit_pairs,0.03907818705802424,914,collision_hand_right_pinky_0,right_object_21,0,0,0.7652443384295995,-0.06007678175710399,0.7255628123707578,0.7489356815915527,-0.030231998198767762,0.7448091447547948,measured_min_over_explicit_pairs,-0.009423151438423316,12,collision_hand_right_pinky_floor_semantic_12,floor,0,0.0,,0,0.0,not_applicable_static_combination
15,0.5,AA,right,pinky,tool,0.7657011397182941,-0.09005621168762445,0.7277491643361685,0.7657011397182941,-0.09005621168762445,0.7277491643361685,0.7596189591524956,-0.06905148252024614,0.7282055380186316,0.0023045014068399177,-0.09310109784316699,-0.025860321656990874,0.0,0.0630710395854747,0.0630710395854747,0.001645862550164412,0.017837884915514718,-0.007761937808273611,0.019522978264923836,-0.007728043115962979,0.0031668442518636014,0.008218311490736707,0.01171717528572989,0.021872353434597206,0.04283857241212787,measured_min_over_explicit_pairs,0.029550143486987993,914,collision_hand_right_pinky_0,right_object_21,0,0,0.7580136817477808,-0.056806677980368425,0.7343201583631261,0.7466320476196386,-0.03272111645908032,0.7471090250400031,measured_min_over_explicit_pairs,2.1688302589861763e-05,12,collision_hand_right_pinky_floor_semantic_12,floor,0,0.0,,12,227.33696746826172,source endpoint interval; AA solve data only; object and floor separated
15,0.5,RR,left,palm,target,0.44301692619919775,-0.2918295869603753,0.7965477659635184,0.44301692619919775,-0.2918295869603753,0.7965477659635184,0.47204221297747584,-0.31712683994567004,0.7978849740791275,-0.19669999139289818,-0.22911591618078764,0.05828451473863493,0.0,0.12414879945395604,0.12414879945395604,0.029025286778278092,-0.025297252985294727,0.001337208115609112,0.03852539950094923,0.012588133320741934,0.012498288939352897,0.01866408864975433,0.025749107402747242,0.047911815716824735,0.15501130007568933,measured_min_over_explicit_pairs,0.05856521442779091,1244,collision_hand_left_palm_0,left_object_7,17,0,0.4182773609235574,-0.23002000144461493,0.7805950911456431,0.4173245626185207,-0.1763054673419897,0.7572771722311911,measured_min_over_explicit_pairs,0.03592216438483664,13,collision_hand_left_palm_floor_semantic_13,floor,0,0.0,,0,0.0,not_applicable_static_combination
15,0.5,AR,left,palm,target,0.44301692619919775,-0.2918295869603753,0.7965477659635184,0.44301692619919775,-0.2918295869603753,0.7965477659635184,0.4846303462982178,-0.30462855100631714,0.8165490627288818,-0.17933237896008453,-0.22710321237850306,0.07718773123282076,0.0,0.12414879945395604,0.12414879945395604,0.029025286778278092,-0.025297252985294727,0.001337208115609112,0.03852539950094923,0.012588133320741934,0.012498288939352897,0.01866408864975433,0.025749107402747242,0.047911815716824735,0.15450244147508937,measured_min_over_explicit_pairs,0.04819668174830402,1244,collision_hand_left_palm_0,left_object_7,16,0,0.42949709279048104,-0.2142596322813836,0.7854077254721423,0.4225815086424294,-0.17572149768055834,0.757302441112663,measured_min_over_explicit_pairs,0.05770404029696952,13,collision_hand_left_palm_floor_semantic_13,floor,0,0.0,,0,0.0,not_applicable_static_combination
15,0.5,RA,left,palm,target,0.44301692619919775,-0.2918295869603753,0.7965477659635184,0.44301692619919775,-0.2918295869603753,0.7965477659635184,0.47204221297747584,-0.31712683994567004,0.7978849740791275,-0.17922970505854863,-0.23123297877261484,0.05976982458048617,0.0,0.12050427075338994,0.12050427075338994,0.029025286778278092,-0.025297252985294727,0.001337208115609112,0.03852539950094923,0.012588133320741934,0.012498288939352897,0.01866408864975433,0.025749107402747242,0.047911815716824735,0.1522427046511983,measured_min_over_explicit_pairs,0.054129700521646534,1244,collision_hand_left_palm_0,left_object_7,17,0,0.41349034038557075,-0.2328597621024024,0.7742490979125367,0.410983772956711,-0.18282460189194155,0.7537497237513279,measured_min_over_explicit_pairs,0.03592216438483664,13,collision_hand_left_palm_floor_semantic_13,floor,0,0.0,,0,0.0,not_applicable_static_combination
15,0.5,AA,left,palm,target,0.44301692619919775,-0.2918295869603753,0.7965477659635184,0.44301692619919775,-0.2918295869603753,0.7965477659635184,0.4846303462982178,-0.30462855100631714,0.8165490627288818,-0.16157268472870476,-0.22872799653738415,0.07834322569904471,0.0,0.12050427075338994,0.12050427075338994,0.029025286778278092,-0.025297252985294727,0.001337208115609112,0.03852539950094923,0.012588133320741934,0.012498288939352897,0.01866408864975433,0.025749107402747242,0.047911815716824735,0.152823640211145,measured_min_over_explicit_pairs,0.04656791746903346,1244,collision_hand_left_palm_0,left_object_7,16,0,0.42949709279048104,-0.2142596322813836,0.7854077254721423,0.41814414020258234,-0.18141428788736014,0.7544099068944161,measured_min_over_explicit_pairs,0.05770404029696952,13,collision_hand_left_palm_floor_semantic_13,floor,0,0.0,,0,0.0,source endpoint interval; AA solve data only; object and floor separated
15,0.5,RR,left,thumb,target,0.4453036956489086,-0.17159196827560663,0.7896029307775138,0.4453036956489086,-0.17159196827560663,0.7896029307775138,0.44955699978901087,-0.18090241710293797,0.7969463177660181,-0.1276598859082663,-0.10956237380091823,0.056291124225968464,0.0,0.033326736010334396,0.033326736010334396,0.004253304140102276,-0.009310448827331341,0.007343386988504341,0.012597634140484535,0.03589335601518606,0.014103397057681238,0.026306036625851292,0.04668239901247723,0.052602380021643365,0.043866618958520544,measured_min_over_explicit_pairs,0.03376934980377582,1439,collision_hand_left_thumb_0,left_object_6,51,0,0.4556959954106514,-0.17173000628058704,0.7870871137127332,0.44494273590660127,-0.15952156472039536,0.7574950480383041,measured_min_over_explicit_pairs,0.06581660242834952,15,collision_hand_left_thumb_floor_semantic_15,floor,0,0.0,,0,0.0,not_applicable_static_combination
15,0.5,AR,left,thumb,target,0.4453036956489086,-0.17159196827560663,0.7896029307775138,0.4453036956489086,-0.17159196827560663,0.7896029307775138,0.48545035580419693,-0.16679902004525674,0.8232523543918694,-0.09137923508756045,-0.12094953220770556,0.0833705144887658,0.0,0.033326736010334396,0.033326736010334396,0.004253304140102276,-0.009310448827331341,0.007343386988504341,0.012597634140484535,0.03589335601518606,0.014103397057681238,0.026306036625851292,0.04668239901247723,0.052602380021643365,0.07340861781254363,measured_min_over_explicit_pairs,0.06419335914298079,1439,collision_hand_left_thumb_0,left_object_6,54,0,0.49208059059098874,-0.15972284696188846,0.8135368127728492,0.471840256283911,-0.13675563647111366,0.7571132054132528,measured_min_over_explicit_pairs,0.08938337899976301,15,collision_hand_left_thumb_floor_semantic_15,floor,0,0.0,,0,0.0,not_applicable_static_combination
15,0.5,RA,left,thumb,target,0.4453036956489086,-0.17159196827560663,0.7896029307775138,0.4453036956489086,-0.17159196827560663,0.7896029307775138,0.44955699978901087,-0.18090241710293797,0.7969463177660181,-0.11601700021717043,-0.10848788220237218,0.05860600275609537,0.0,0.035371744085436446,0.035371744085436446,0.004253304140102276,-0.009310448827331341,0.007343386988504341,0.012597634140484535,0.03589335601518606,0.014103397057681238,0.026306036625851292,0.04668239901247723,0.052602380021643365,0.045569108804220236,measured_min_over_explicit_pairs,0.03492117088832129,1439,collision_hand_left_thumb_0,left_object_6,49,0,0.4566764534149966,-0.1719900595665193,0.7866693233527673,0.44783899937646465,-0.15997063100973843,0.7550952688222415,measured_min_over_explicit_pairs,0.06581660242834952,15,collision_hand_left_thumb_floor_semantic_15,floor,0,0.0,,0,0.0,not_applicable_static_combination
15,0.5,AA,left,thumb,target,0.4453036956489086,-0.17159196827560663,0.7896029307775138,0.4453036956489086,-0.17159196827560663,0.7896029307775138,0.48545035580419693,-0.16679902004525674,0.8232523543918694,-0.07865818878843159,-0.11860405265427622,0.08470636063831782,0.0,0.035371744085436446,0.035371744085436446,0.004253304140102276,-0.009310448827331341,0.007343386988504341,0.012597634140484535,0.03589335601518606,0.014103397057681238,0.026306036625851292,0.04668239901247723,0.052602380021643365,0.07368327018159412,measured_min_over_explicit_pairs,0.06391594972856905,1439,collision_hand_left_thumb_0,left_object_6,52,0,0.49299477265235575,-0.15990181081423457,0.8131739314864348,0.47673729390551967,-0.1377964286470681,0.755447896686315,measured_min_over_explicit_pairs,0.08938337899976301,15,collision_hand_left_thumb_floor_semantic_15,floor,0,0.0,,0,0.0,source endpoint interval; AA solve data only; object and floor separated
15,0.5,RR,left,index,target,0.4385639227926731,-0.15973487589508295,0.7776450469426749,0.4385639227926731,-0.15973487589508295,0.7776450469426749,0.43819380516809575,-0.16325618510691955,0.7846162780220901,-0.12505877474323235,-0.08893472955472988,0.043631104901466225,0.0,0.01972767097056256,0.01972767097056256,-0.00037011762457733743,-0.003521309211836604,0.006971231079415219,0.007818866182765425,0.042331294193948266,0.022327456798827056,0.02229257700513887,0.05279595424621221,0.05450488042147422,0.026603341654730613,measured_min_over_explicit_pairs,0.014380024917375356,1570,collision_hand_left_index_0,left_object_6,42,0,0.4389574503792358,-0.1597809840259752,0.7723003774311011,0.43988473857904087,-0.1611051056644862,0.7580115022092628,measured_min_over_explicit_pairs,0.05087292397621823,19,collision_hand_left_index_floor_semantic_19,floor,0,0.0,,0,0.0,not_applicable_static_combination
15,0.5,AR,left,index,target,0.4385639227926731,-0.15973487589508295,0.7776450469426749,0.4385639227926731,-0.15973487589508295,0.7776450469426749,0.480525099362044,-0.1409287283080925,0.806908855027229,-0.07852324652338193,-0.0981173067033458,0.06681596364542568,0.0,0.01972767097056256,0.01972767097056256,-0.00037011762457733743,-0.003521309211836604,0.006971231079415219,0.007818866182765425,0.042331294193948266,0.022327456798827056,0.02229257700513887,0.05279595424621221,0.05450488042147422,0.05052945076255301,measured_min_over_explicit_pairs,0.038531086118419176,1570,collision_hand_left_index_0,left_object_6,36,0,0.4792693273028944,-0.13522630348524697,0.7956474252713077,0.47574716161720904,-0.13176406571622068,0.7574341833782368,measured_min_over_explicit_pairs,0.07489813357781272,19,collision_hand_left_index_floor_semantic_19,floor,0,0.0,,0,0.0,not_applicable_static_combination
15,0.5,RA,left,index,target,0.4385639227926731,-0.15973487589508295,0.7776450469426749,0.4385639227926731,-0.15973487589508295,0.7776450469426749,0.43819380516809575,-0.16325618510691955,0.7846162780220901,-0.11467505322394957,-0.08753584108953519,0.04628720706778575,0.0,0.022583395140740217,0.022583395140740217,-0.00037011762457733743,-0.003521309211836604,0.006971231079415219,0.007818866182765425,0.042331294193948266,0.022327456798827056,0.02229257700513887,0.05279595424621221,0.05450488042147422,0.029259866097733345,measured_min_over_explicit_pairs,0.01719396887086755,1570,collision_hand_left_index_0,left_object_6,42,0,0.43940647969769153,-0.16015711507144798,0.7723819724088786,0.4412872831775643,-0.16238706496814198,0.7554372839413767,measured_min_over_explicit_pairs,0.05087292397621823,19,collision_hand_left_index_floor_semantic_19,floor,0,0.0,,0,0.0,not_applicable_static_combination
15,0.5,AA,left,index,target,0.4385639227926731,-0.15973487589508295,0.7776450469426749,0.4385639227926731,-0.15973487589508295,0.7776450469426749,0.480525099362044,-0.1409287283080925,0.806908855027229,-0.06726456277473371,-0.09488853728376033,0.06832345082230008,0.0,0.022583395140740217,0.022583395140740217,-0.00037011762457733743,-0.003521309211836604,0.006971231079415219,0.007818866182765425,0.042331294193948266,0.022327456798827056,0.02229257700513887,0.05279595424621221,0.05450488042147422,0.051494838416345584,measured_min_over_explicit_pairs,0.03977215261880663,1570,collision_hand_left_index_0,left_object_6,35,0,0.48000383060590845,-0.13575360124505212,0.7955734431571005,0.4792894955185651,-0.13427702327299712,0.7558351295692156,measured_min_over_explicit_pairs,0.07489813357781272,19,collision_hand_left_index_floor_semantic_19,floor,0,0.0,,0,0.0,source endpoint interval; AA solve data only; object and floor separated
15,0.5,RR,left,middle,target,0.4338089473545551,-0.18110136780887842,0.7634579493932364,0.4338089473545551,-0.18110136780887842,0.7634579493932364,0.44308629280645034,-0.1824554688629542,0.7647841429398851,-0.13314709202518618,-0.1072322377803888,0.023993314031986873,0.0,0.011238417452339769,0.011238417452339769,0.009277345451895236,-0.001354101054075768,0.0013261935466486463,0.009468976587869613,0.02445084830589289,0.033564613163029056,0.02956150056869189,0.05097361626895172,0.05593887550037779,0.01757573750419767,measured_min_over_explicit_pairs,0.002442844227112342,1764,collision_hand_left_middle_external_semantic_link2,left_object_6,42,0,0.43457637464022647,-0.1706435581509037,0.7593646817763395,0.4335284844927588,-0.16943647266098544,0.7575174246808585,measured_min_over_explicit_pairs,0.030026556893657963,21,collision_hand_left_middle_floor_semantic_21,floor,0,0.0,,0,0.0,not_applicable_static_combination
15,0.5,AR,left,middle,target,0.4338089473545551,-0.18110136780887842,0.7634579493932364,0.4338089473545551,-0.18110136780887842,0.7634579493932364,0.46753714111234324,-0.14889085569992513,0.794345643508577,-0.09341739822287527,-0.09626115210271403,0.05398491727292878,0.0,0.011238417452339769,0.011238417452339769,0.009277345451895236,-0.001354101054075768,0.0013261935466486463,0.009468976587869613,0.02445084830589289,0.033564613163029056,0.02956150056869189,0.05097361626895172,0.05593887550037779,0.03759637122791347,measured_min_over_explicit_pairs,0.024584908078967568,1764,collision_hand_left_middle_external_semantic_link2,left_object_6,39,0,0.473957570834809,-0.14001250543894378,0.7815743155842301,0.4705791558825012,-0.13645062487069456,0.7574845454633088,measured_min_over_explicit_pairs,0.06163631531424896,21,collision_hand_left_middle_floor_semantic_21,floor,0,0.0,,0,0.0,not_applicable_static_combination
15,0.5,RA,left,middle,target,0.4338089473545551,-0.18110136780887842,0.7634579493932364,0.4338089473545551,-0.18110136780887842,0.7634579493932364,0.44308629280645034,-0.1824554688629542,0.7647841429398851,-0.12230632277003611,-0.10584585629321634,0.026478886030631858,0.0,0.011989363540070108,0.011989363540070108,0.009277345451895236,-0.001354101054075768,0.0013261935466486463,0.009468976587869613,0.02445084830589289,0.033564613163029056,0.02956150056869189,0.05097361626895172,0.05593887550037779,0.017897817572268417,measured_min_over_explicit_pairs,0.0035830208094529917,1764,collision_hand_left_middle_external_semantic_link2,left_object_6,42,0,0.437627748483382,-0.17093252731862574,0.757574731785915,0.43628069595721886,-0.16913298048276598,0.7547845492115521,measured_min_over_explicit_pairs,0.030026556893657963,21,collision_hand_left_middle_floor_semantic_21,floor,0,0.0,,0,0.0,not_applicable_static_combination
15,0.5,AA,left,middle,target,0.4338089473545551,-0.18110136780887842,0.7634579493932364,0.4338089473545551,-0.18110136780887842,0.7634579493932364,0.46753714111234324,-0.14889085569992513,0.794345643508577,-0.08250427003314599,-0.09351976652650097,0.05584167991212468,0.0,0.011989363540070108,0.011989363540070108,0.009277345451895236,-0.001354101054075768,0.0013261935466486463,0.009468976587869613,0.02445084830589289,0.033564613163029056,0.02956150056869189,0.05097361626895172,0.05593887550037779,0.03897918086668149,measured_min_over_explicit_pairs,0.025757959949467484,1764,collision_hand_left_middle_external_semantic_link2,left_object_6,36,0,0.4748550400220923,-0.14051116754116122,0.7814330416139399,0.47364123224526183,-0.13856693279981563,0.7557772601464066,measured_min_over_explicit_pairs,0.06163631531424896,21,collision_hand_left_middle_floor_semantic_21,floor,0,0.0,,0,0.0,source endpoint interval; AA solve data only; object and floor separated
15,0.5,RR,left,ring,target,0.4278124518692493,-0.19317472074180841,0.7586581661634085,0.4278124518692493,-0.19317472074180841,0.7586581661634085,0.426015792602249,-0.19193274573916808,0.7552992449133005,-0.15220564598485264,-0.10390415164558316,0.01415058024352334,0.0,0.017908628772289038,0.017908628772289038,-0.0017966592670003445,0.0012419750026403387,-0.00335892125010806,0.00400659935522747,0.02768746247189663,0.034368179993857606,0.026351836656297256,0.05140220490779603,0.049669819693103856,0.016018473109656435,measured_min_over_explicit_pairs,-6.151886804998023e-05,1887,collision_hand_left_ring_link2_external_exact_mesh,left_object_external_exact_sdf,14,0,0.41851318978754354,-0.17557485632263042,0.7573864703043145,0.41855139989339046,-0.1756211164026945,0.7574000557351059,measured_min_over_explicit_pairs,0.020365904945261026,23,collision_hand_left_ring_floor_semantic_23,floor,0,0.0,,0,0.0,not_applicable_static_combination
15,0.5,AR,left,ring,target,0.4278124518692493,-0.19317472074180841,0.7586581661634085,0.4278124518692493,-0.19317472074180841,0.7586581661634085,0.4537032550741456,-0.15756456574531047,0.7816510815695977,-0.10941471106680496,-0.09442108989080691,0.04100563745771595,0.0,0.017908628772289038,0.017908628772289038,-0.0017966592670003445,0.0012419750026403387,-0.00335892125010806,0.00400659935522747,0.02768746247189663,0.034368179993857606,0.026351836656297256,0.05140220490779603,0.049669819693103856,0.02446804187850287,measured_min_over_explicit_pairs,0.03005705341417361,1828,collision_hand_left_ring_1,left_object_6,15,0,0.43399648803715646,-0.16086031138447263,0.787850362130623,0.4362828515800193,-0.16405254166300481,0.7580508878476566,measured_min_over_explicit_pairs,0.04839911934252639,23,collision_hand_left_ring_floor_semantic_23,floor,0,0.0,,0,0.0,not_applicable_static_combination
15,0.5,RA,left,ring,target,0.4278124518692493,-0.19317472074180841,0.7586581661634085,0.4278124518692493,-0.19317472074180841,0.7586581661634085,0.426015792602249,-0.19193274573916808,0.7552992449133005,-0.14171014224095344,-0.10326040751415283,0.017098518802444312,0.0,0.01510086218702109,0.01510086218702109,-0.0017966592670003445,0.0012419750026403387,-0.00335892125010806,0.00400659935522747,0.02768746247189663,0.034368179993857606,0.026351836656297256,0.05140220490779603,0.049669819693103856,0.012505511412085321,measured_min_over_explicit_pairs,-0.000575653673015102,1887,collision_hand_left_ring_link2_external_exact_mesh,left_object_external_exact_sdf,14,0,0.41843974458738215,-0.17921476556323337,0.7503072251506564,0.418004796369332,-0.17886235318078,0.7501730509669833,measured_min_over_explicit_pairs,0.020365904945261026,23,collision_hand_left_ring_floor_semantic_23,floor,0,0.0,,0,0.0,not_applicable_static_combination
15,0.5,AA,left,ring,target,0.4278124518692493,-0.19317472074180841,0.7586581661634085,0.4278124518692493,-0.19317472074180841,0.7586581661634085,0.4537032550741456,-0.15756456574531047,0.7816510815695977,-0.09884807085936614,-0.0922173462378274,0.04323432381989286,0.0,0.01510086218702109,0.01510086218702109,-0.0017966592670003445,0.0012419750026403387,-0.00335892125010806,0.00400659935522747,0.02768746247189663,0.034368179993857606,0.026351836656297256,0.05140220490779603,0.049669819693103856,0.02631560448351294,measured_min_over_explicit_pairs,0.03293027886200027,1828,collision_hand_left_ring_1,left_object_6,15,0,0.4343322169976965,-0.16105854903497563,0.7879038657685855,0.4377584435109543,-0.1650999339813863,0.7554026127846792,measured_min_over_explicit_pairs,0.04839911934252639,23,collision_hand_left_ring_floor_semantic_23,floor,0,0.0,,0,0.0,source endpoint interval; AA solve data only; object and floor separated
15,0.5,RR,left,pinky,target,0.4102879412472248,-0.19903810415416956,0.7584142639569876,0.4102879412472248,-0.19903810415416956,0.7584142639569876,0.3990396525967528,-0.18593355593104077,0.7463609973213319,-0.16911266178381765,-0.08232100705494508,0.004563330151940186,0.0,0.022905031716796715,0.022905031716796715,-0.011248288650472005,0.013104548223128787,-0.012053266635655757,0.021060256842851118,0.02787566511754691,0.03239253887349766,0.03018743775876409,0.052322181518510244,0.051723328825376516,0.015982484238708593,measured_min_over_explicit_pairs,-3.3523507771464914e-05,1984,collision_hand_left_pinky_link2_external_exact_mesh,left_object_external_exact_sdf,14,0,0.4054121994629566,-0.17041445113382564,0.7415116942161575,0.4053903841474382,-0.1704399035690936,0.7415119960788192,measured_min_over_explicit_pairs,0.013193587010703278,25,collision_hand_left_pinky_floor_semantic_25,floor,0,0.0,,0,0.0,not_applicable_static_combination
15,0.5,AR,left,pinky,target,0.4102879412472248,-0.19903810415416956,0.7584142639569876,0.4102879412472248,-0.19903810415416956,0.7584142639569876,0.4269153177142997,-0.1535410170575431,0.776548435080096,-0.12748893172149312,-0.07441640871889724,0.03526500925423725,0.0,0.022905031716796715,0.022905031716796715,-0.011248288650472005,0.013104548223128787,-0.012053266635655757,0.021060256842851118,0.02787566511754691,0.03239253887349766,0.03018743775876409,0.052322181518510244,0.051723328825376516,0.022932537077692675,measured_min_over_explicit_pairs,0.024241439005035472,1939,collision_hand_left_pinky_1,left_object_19,15,0,0.4085485646686849,-0.1665380717750115,0.7826003851792185,0.4065085776493478,-0.16913351582630537,0.7585847759183149,measured_min_over_explicit_pairs,0.04489856904270173,25,collision_hand_left_pinky_floor_semantic_25,floor,0,0.0,,0,0.0,not_applicable_static_combination
15,0.5,RA,left,pinky,target,0.4102879412472248,-0.19903810415416956,0.7584142639569876,0.4102879412472248,-0.19903810415416956,0.7584142639569876,0.3990396525967528,-0.18593355593104077,0.7463609973213319,-0.15982864460942411,-0.08234519325444915,0.008274213596944377,0.0,0.01688219898705562,0.01688219898705562,-0.011248288650472005,0.013104548223128787,-0.012053266635655757,0.021060256842851118,0.02787566511754691,0.03239253887349766,0.03018743775876409,0.052322181518510244,0.051723328825376516,0.006942181902294436,measured_min_over_explicit_pairs,-0.0009633289840342759,1984,collision_hand_left_pinky_link2_external_exact_mesh,left_object_external_exact_sdf,14,0,0.40120195175136714,-0.177082306188578,0.750556173394404,0.40046173488328024,-0.17769741182776483,0.7505146189443319,measured_min_over_explicit_pairs,0.013193587010703278,25,collision_hand_left_pinky_floor_semantic_25,floor,0,0.0,,0,0.0,not_applicable_static_combination
15,0.5,AA,left,pinky,target,0.4102879412472248,-0.19903810415416956,0.7584142639569876,0.4102879412472248,-0.19903810415416956,0.7584142639569876,0.4269153177142997,-0.1535410170575431,0.776548435080096,-0.11797384190213371,-0.07300339769312089,0.03824948715499683,0.0,0.01688219898705562,0.01688219898705562,-0.011248288650472005,0.013104548223128787,-0.012053266635655757,0.021060256842851118,0.02787566511754691,0.03239253887349766,0.03018743775876409,0.052322181518510244,0.051723328825376516,0.026109512550825706,measured_min_over_explicit_pairs,0.028655360634531637,1927,collision_hand_left_pinky_1,left_object_7,15,0,0.4119260107381288,-0.17649670178369012,0.783603369165237,0.4128838395693283,-0.1792832087048336,0.7550999020743091,measured_min_over_explicit_pairs,0.04489856904270173,25,collision_hand_left_pinky_floor_semantic_25,floor,69,907.1756327748299,153,0,0.0,source endpoint interval; AA solve data only; object and floor separated
16,0.5333333333333333,RR,right,palm,tool,0.7628512479364872,-0.20109790656715631,0.7929190351895926,0.7628512479364872,-0.20109790656715631,0.7929190351895926,0.760235082402081,-0.22944305713204777,0.7996642090359365,-0.05566965877361198,-0.24006189481431572,0.04968567365232908,0.0,0.1617717921306489,0.1617717921306489,-0.002616165534406134,-0.028345150564891453,0.006745173846343877,0.029253875860596357,-0.017350267662853747,-0.011151315021234398,-0.0070222713032399575,0.0217875172732412,0.04425727094407521,0.18967017634038724,measured_min_over_explicit_pairs,0.08361442996945516,118,collision_hand_right_palm_0,right_object_9,0,0,0.7492092957093128,-0.1203321453893966,0.8118806310363815,0.7332402598371928,-0.041852204512919045,0.7878543605713997,measured_min_over_explicit_pairs,0.022968316782869924,0,collision_hand_right_palm_floor_semantic_00,floor,0,0.0,,0,0.0,not_applicable_static_combination
16,0.5333333333333333,AR,right,palm,tool,0.7628512479364872,-0.20109790656715631,0.7929190351895926,0.7628512479364872,-0.20109790656715631,0.7929190351895926,0.7428848147392273,-0.24059437215328217,0.7926419377326965,-0.07587763879600222,-0.24420421708489556,0.04267321199089239,0.0,0.1617717921306489,0.1617717921306489,-0.002616165534406134,-0.028345150564891453,0.006745173846343877,0.029253875860596357,-0.017350267662853747,-0.011151315021234398,-0.0070222713032399575,0.0217875172732412,0.04425727094407521,0.1982625809554906,measured_min_over_explicit_pairs,0.09243703242146754,118,collision_hand_right_palm_0,right_object_9,0,0,0.7193154202878171,-0.1341101975892195,0.8028394881661031,0.7212215525280439,-0.04297365140889009,0.7875064658583225,measured_min_over_explicit_pairs,0.022061442782208673,0,collision_hand_right_palm_floor_semantic_00,floor,0,0.0,,0,0.0,not_applicable_static_combination
16,0.5333333333333333,RA,right,palm,tool,0.7628512479364872,-0.20109790656715631,0.7929190351895926,0.7628512479364872,-0.20109790656715631,0.7929190351895926,0.760235082402081,-0.22944305713204777,0.7996642090359365,-0.07730794039799162,-0.241186030346788,0.045212838672729565,0.0,0.16775629528789923,0.16775629528789923,-0.002616165534406134,-0.028345150564891453,0.006745173846343877,0.029253875860596357,-0.017350267662853747,-0.011151315021234398,-0.0070222713032399575,0.0217875172732412,0.04425727094407521,0.19605352411949514,measured_min_over_explicit_pairs,0.08923819170186374,118,collision_hand_right_palm_0,right_object_9,0,0,0.7492092957093127,-0.12033214538939659,0.8118806310363814,0.7397060098425942,-0.03449767603751636,0.7893953850507324,measured_min_over_explicit_pairs,0.022968316782869924,0,collision_hand_right_palm_floor_semantic_00,floor,0,0.0,,0,0.0,not_applicable_static_combination
16,0.5333333333333333,AA,right,palm,tool,0.7628512479364872,-0.20109790656715631,0.7929190351895926,0.7628512479364872,-0.20109790656715631,0.7929190351895926,0.7428848147392273,-0.24059437215328217,0.7926419377326965,-0.09691605655676766,-0.24491799251719695,0.036478415509499734,0.0,0.16775629528789923,0.16775629528789923,-0.002616165534406134,-0.028345150564891453,0.006745173846343877,0.029253875860596357,-0.017350267662853747,-0.011151315021234398,-0.0070222713032399575,0.0217875172732412,0.04425727094407521,0.20546729751252657,measured_min_over_explicit_pairs,0.10084879197564249,118,collision_hand_right_palm_0,right_object_9,1,0,0.7209185775493885,-0.13447150460155094,0.8008912458122763,0.7290154922614253,-0.034649133535538536,0.7890416445594179,measured_min_over_explicit_pairs,0.022061442782208673,0,collision_hand_right_palm_floor_semantic_00,floor,0,0.0,,0,0.0,source endpoint interval; AA solve data only; object and floor separated
16,0.5333333333333333,RR,right,thumb,tool,0.7147365905344486,-0.08989191148430109,0.7899178221158621,0.7147365905344486,-0.08989191148430109,0.7899178221158621,0.7113503011388229,-0.09345320227503029,0.7849451423304454,-0.050714943112976515,-0.09610556327002946,0.03093363939191465,0.0,0.047210943670815665,0.047210943670815665,-0.0033862893956256856,-0.003561290790729199,-0.0049726797854167115,0.006991229664039908,-0.03188127793765194,-0.016611512269118847,-0.007180617889078533,0.036659507580897116,0.04240808806423107,0.05071076481272607,measured_min_over_explicit_pairs,0.07308764922363549,270,collision_hand_right_thumb_external_semantic_rota1,right_object_9,10,0,0.7073797275433396,-0.1151071578241536,0.7915974435753761,0.7156570555812118,-0.04270286475409746,0.7860378883219351,measured_min_over_explicit_pairs,0.056857094083257675,3,collision_hand_right_thumb_floor_semantic_03,floor,0,0.0,,0,0.0,not_applicable_static_combination
16,0.5333333333333333,AR,right,thumb,tool,0.7147365905344486,-0.08989191148430109,0.7899178221158621,0.7147365905344486,-0.08989191148430109,0.7899178221158621,0.679469023201171,-0.11006471454414914,0.7777645244413669,-0.086441992312203,-0.0999532513882333,0.02367466234725222,0.0,0.047210943670815665,0.047210943670815665,-0.0033862893956256856,-0.003561290790729199,-0.0049726797854167115,0.006991229664039908,-0.03188127793765194,-0.016611512269118847,-0.007180617889078533,0.036659507580897116,0.04240808806423107,0.07359816446866531,measured_min_over_explicit_pairs,0.0952267959849397,284,collision_hand_right_thumb_external_semantic_rota1,right_object_23,16,0,0.6797966441137546,-0.1326145151842302,0.7836779522721014,0.7062669446543943,-0.04125514330908124,0.7791029076358402,measured_min_over_explicit_pairs,0.048191386055217555,3,collision_hand_right_thumb_floor_semantic_03,floor,0,0.0,,0,0.0,not_applicable_static_combination
16,0.5333333333333333,RA,right,thumb,tool,0.7147365905344486,-0.08989191148430109,0.7899178221158621,0.7147365905344486,-0.08989191148430109,0.7899178221158621,0.7113503011388229,-0.09345320227503029,0.7849451423304454,-0.06712728517574383,-0.09760727666665532,0.025690821902542307,0.0,0.05643967079572642,0.05643967079572642,-0.0033862893956256856,-0.003561290790729199,-0.0049726797854167115,0.006991229664039908,-0.03188127793765194,-0.016611512269118847,-0.007180617889078533,0.036659507580897116,0.04240808806423107,0.060055705806563525,measured_min_over_explicit_pairs,0.08256315190183704,270,collision_hand_right_thumb_external_semantic_rota1,right_object_9,13,0,0.7078768805835365,-0.11520570615859457,0.7913399158272574,0.722868377136834,-0.03449552212835515,0.7825197527412839,measured_min_over_explicit_pairs,0.056857094083257675,3,collision_hand_right_thumb_floor_semantic_03,floor,0,0.0,,0,0.0,not_applicable_static_combination
16,0.5333333333333333,AA,right,thumb,tool,0.7147365905344486,-0.08989191148430109,0.7899178221158621,0.7147365905344486,-0.08989191148430109,0.7899178221158621,0.679469023201171,-0.11006471454414914,0.7777645244413669,-0.10216009394683204,-0.10067376284059056,0.015336186794182308,0.0,0.05643967079572642,0.05643967079572642,-0.0033862893956256856,-0.003561290790729199,-0.0049726797854167115,0.006991229664039908,-0.03188127793765194,-0.016611512269118847,-0.007180617889078533,0.036659507580897116,0.04240808806423107,0.08468677809023806,measured_min_over_explicit_pairs,0.10595500479177218,284,collision_hand_right_thumb_external_semantic_rota1,right_object_23,18,0,0.68022428633723,-0.13274856116085182,0.7836858825344468,0.714190324166545,-0.0325483952165178,0.7779676608414791,measured_min_over_explicit_pairs,0.048191386055217555,3,collision_hand_right_thumb_floor_semantic_03,floor,0,0.0,,0,0.0,source endpoint interval; AA solve data only; object and floor separated
16,0.5333333333333333,RR,right,index,tool,0.7355392523109913,-0.05568892229348421,0.7628797247342703,0.7355392523109913,-0.05568892229348421,0.7628797247342703,0.7358645790900571,-0.05825268590176131,0.7684702304801112,-0.014835529014908717,-0.07293585798158242,0.013984264839521553,0.0,0.013623501488746071,0.013623501488746071,0.0003253267790658265,-0.002563763608277099,0.005590505745840857,0.006158934635680346,-0.029408709248975762,-0.01063368862635345,-0.006034931074834771,0.03184914294876768,0.03194077950284668,0.015854545152970072,measured_min_over_explicit_pairs,-0.0002429828273152473,465,collision_hand_right_index_rota_link2_external_exact_mesh,right_object_external_exact_sdf,0,0,0.734516105903233,-0.04189786954735084,0.7708505822861815,0.734566818920046,-0.04213549237558598,0.770848524180894,measured_min_over_explicit_pairs,0.03777472595034803,6,collision_hand_right_index_floor_semantic_06,floor,0,0.0,,0,0.0,not_applicable_static_combination
16,0.5333333333333333,AR,right,index,tool,0.7355392523109913,-0.05568892229348421,0.7628797247342703,0.7355392523109913,-0.05568892229348421,0.7628797247342703,0.7064558698410813,-0.06888637452811476,0.7624352994052764,-0.046060332067014195,-0.07211308044167157,0.007763122014599365,0.0,0.013623501488746071,0.013623501488746071,0.0003253267790658265,-0.002563763608277099,0.005590505745840857,0.006158934635680346,-0.029408709248975762,-0.01063368862635345,-0.006034931074834771,0.03184914294876768,0.03194077950284668,0.027047836145121358,measured_min_over_explicit_pairs,0.03074509732383392,395,collision_hand_right_index_1,right_object_9,1,0,0.7215792945926607,-0.07432855464702194,0.7782276081030925,0.7220646652770091,-0.043600600005466304,0.7773230483774282,measured_min_over_explicit_pairs,0.03193746033228173,6,collision_hand_right_index_floor_semantic_06,floor,0,0.0,,0,0.0,not_applicable_static_combination
16,0.5333333333333333,RA,right,index,tool,0.7355392523109913,-0.05568892229348421,0.7628797247342703,0.7355392523109913,-0.05568892229348421,0.7628797247342703,0.7358645790900571,-0.05825268590176131,0.7684702304801112,-0.029326099477458664,-0.07549737111947823,0.011774237070404203,0.0,0.02015291072440745,0.02015291072440745,0.0003253267790658265,-0.002563763608277099,0.005590505745840857,0.006158934635680346,-0.029408709248975762,-0.01063368862635345,-0.006034931074834771,0.03184914294876768,0.03194077950284668,0.022413090093968004,measured_min_over_explicit_pairs,0.029451459397679552,395,collision_hand_right_index_1,right_object_9,1,0,0.7501158591574034,-0.06351588586439168,0.7827248841927086,0.7443709779046633,-0.034675223457926736,0.7811121250658074,measured_min_over_explicit_pairs,0.03777472595034803,6,collision_hand_right_index_floor_semantic_06,floor,0,0.0,,0,0.0,not_applicable_static_combination
16,0.5333333333333333,AA,right,index,tool,0.7355392523109913,-0.05568892229348421,0.7628797247342703,0.7355392523109913,-0.05568892229348421,0.7628797247342703,0.7064558698410813,-0.06888637452811476,0.7624352994052764,-0.059850516729750544,-0.07399194418194216,0.0028097768125434634,0.0,0.02015291072440745,0.02015291072440745,0.0003253267790658265,-0.002563763608277099,0.005590505745840857,0.006158934635680346,-0.029408709248975762,-0.01063368862635345,-0.006034931074834771,0.03184914294876768,0.03194077950284668,0.03701144849413799,measured_min_over_explicit_pairs,0.03913912301712999,395,collision_hand_right_index_1,right_object_9,1,0,0.7227111198354992,-0.07440055455428161,0.7782110191419944,0.7270205603629187,-0.03551808894973331,0.777005390093826,measured_min_over_explicit_pairs,0.03193746033228173,6,collision_hand_right_index_floor_semantic_06,floor,12,66.10994664207101,166,0,0.0,source endpoint interval; AA solve data only; object and floor separated
16,0.5333333333333333,RR,right,middle,tool,0.7438531763851642,-0.05636427644640207,0.7440120532445548,0.7438531763851642,-0.05636427644640207,0.7440120532445548,0.7450527209612768,-0.06425419454379219,0.7515704605581891,-0.008431876951990025,-0.08238118973990513,-0.0026236016300835515,0.0,0.020332918774225085,0.020332918774225085,0.001199544576112599,-0.00788991809739012,0.00755840731363433,0.010991780378646865,-0.020262611341899772,-0.0023177708475732306,-0.0008581288616724692,0.020412786807243663,0.022638267589367586,0.025800034586016256,measured_min_over_explicit_pairs,0.011698936882381323,591,collision_hand_right_middle_0,right_object_3,0,0,0.7427696604875785,-0.05017641684555533,0.7531679278994476,0.7392069047994676,-0.03940400003071942,0.756018705346429,measured_min_over_explicit_pairs,0.02068862964262952,8,collision_hand_right_middle_floor_semantic_08,floor,0,0.0,,0,0.0,not_applicable_static_combination
16,0.5333333333333333,AR,right,middle,tool,0.7438531763851642,-0.05636427644640207,0.7440120532445548,0.7438531763851642,-0.05636427644640207,0.7440120532445548,0.7247901096193771,-0.06657196539136542,0.7507123316965166,-0.02811018977596671,-0.07706936110246039,-0.003732811333483989,0.0,0.020332918774225085,0.020332918774225085,0.001199544576112599,-0.00788991809739012,0.00755840731363433,0.010991780378646865,-0.020262611341899772,-0.0023177708475732306,-0.0008581288616724692,0.020412786807243663,0.022638267589367586,0.025153555243610834,measured_min_over_explicit_pairs,0.010484035955860746,591,collision_hand_right_middle_0,right_object_3,0,0,0.7254224725493501,-0.05208923823342592,0.7533843765247022,0.7247061166592937,-0.041958916340080414,0.7559879169026813,measured_min_over_explicit_pairs,0.020548598247490224,8,collision_hand_right_middle_floor_semantic_08,floor,0,0.0,,0,0.0,not_applicable_static_combination
16,0.5333333333333333,RA,right,middle,tool,0.7438531763851642,-0.05636427644640207,0.7440120532445548,0.7438531763851642,-0.05636427644640207,0.7440120532445548,0.7450527209612768,-0.06425419454379219,0.7515704605581891,-0.02172093562097352,-0.08527753050874297,-0.004117655374377971,0.0,0.02546154645374781,0.02546154645374781,0.001199544576112599,-0.00788991809739012,0.00755840731363433,0.010991780378646865,-0.020262611341899772,-0.0023177708475732306,-0.0008581288616724692,0.020412786807243663,0.022638267589367586,0.031127440433204687,measured_min_over_explicit_pairs,0.016741001672296543,591,collision_hand_right_middle_0,right_object_3,0,0,0.7443273869387403,-0.04979081474835161,0.7531288806172896,0.7418369275663939,-0.03373011273893498,0.7571429309497153,measured_min_over_explicit_pairs,0.02068862964262952,8,collision_hand_right_middle_floor_semantic_08,floor,0,0.0,,0,0.0,not_applicable_static_combination
16,0.5333333333333333,AA,right,middle,tool,0.7438531763851642,-0.05636427644640207,0.7440120532445548,0.7438531763851642,-0.05636427644640207,0.7440120532445548,0.7247901096193771,-0.06657196539136542,0.7507123316965166,-0.04108607303799255,-0.07950602974298104,-0.007009557338269513,0.0,0.02546154645374781,0.02546154645374781,0.001199544576112599,-0.00788991809739012,0.00755840731363433,0.010991780378646865,-0.020262611341899772,-0.0023177708475732306,-0.0008581288616724692,0.020412786807243663,0.022638267589367586,0.0330962847065627,measured_min_over_explicit_pairs,0.018278328438046915,591,collision_hand_right_middle_0,right_object_3,0,0,0.7268742093910304,-0.05207007507286257,0.7532827649777685,0.7282788153706663,-0.034373400201924836,0.7576361626213806,measured_min_over_explicit_pairs,0.020548598247490224,8,collision_hand_right_middle_floor_semantic_08,floor,0,0.0,,0,0.0,source endpoint interval; AA solve data only; object and floor separated
16,0.5333333333333333,RR,right,ring,tool,0.7533036418259144,-0.07034744042903185,0.7322246982984183,0.7533036418259144,-0.07034744042903185,0.7322246982984183,0.7532082887081873,-0.07261032093629084,0.7347716267195867,-0.003858952044858085,-0.09362896716521324,-0.019089166080878836,0.0,0.03978960463761533,0.03978960463761533,-9.535311772701505e-05,-0.0022628805072589936,0.0025469284211684373,0.0034083082005224425,-0.012567088049971087,0.003163774136898778,0.0033522819258252623,0.013385774649053763,0.013998203755318706,0.040760563625297855,measured_min_over_explicit_pairs,0.02707476774422537,744,collision_hand_right_ring_0,right_object_3,0,0,0.7505184864719137,-0.059201268737439645,0.7378689988445842,0.7415257687390913,-0.036093399742433016,0.7487410026475243,measured_min_over_explicit_pairs,0.0038003419729766286,10,collision_hand_right_ring_floor_semantic_10,floor,0,0.0,,0,0.0,not_applicable_static_combination
16,0.5333333333333333,AR,right,ring,tool,0.7533036418259144,-0.07034744042903185,0.7322246982984183,0.7533036418259144,-0.07034744042903185,0.7322246982984183,0.7406412006582163,-0.06944654679939206,0.738123908645412,-0.014381809148282456,-0.08595166519512484,-0.016005746583593612,0.0,0.03978960463761533,0.03978960463761533,-9.535311772701505e-05,-0.0022628805072589936,0.0025469284211684373,0.0034083082005224425,-0.012567088049971087,0.003163774136898778,0.0033522819258252623,0.013385774649053763,0.013998203755318706,0.033505499590030935,measured_min_over_explicit_pairs,0.019384789160949566,744,collision_hand_right_ring_0,right_object_3,0,0,0.7399993527941201,-0.055682220394498105,0.7422361327386139,0.7357897682356521,-0.03819872836596867,0.7494733252293471,measured_min_over_explicit_pairs,0.00820303401912792,10,collision_hand_right_ring_floor_semantic_10,floor,0,0.0,,0,0.0,not_applicable_static_combination
16,0.5333333333333333,RA,right,ring,tool,0.7533036418259144,-0.07034744042903185,0.7322246982984183,0.7533036418259144,-0.07034744042903185,0.7322246982984183,0.7532082887081873,-0.07261032093629084,0.7347716267195867,-0.0159963367919018,-0.09681384502891795,-0.020013609810542614,0.0,0.04410053701676745,0.04410053701676745,-9.535311772701505e-05,-0.0022628805072589936,0.0025469284211684373,0.0034083082005224425,-0.012567088049971087,0.003163774136898778,0.0033522819258252623,0.013385774649053763,0.013998203755318706,0.04519228014958943,measured_min_over_explicit_pairs,0.03122727566676381,744,collision_hand_right_ring_0,right_object_3,0,0,0.7517616420769667,-0.058709260723070845,0.7376213193509157,0.7452717306322448,-0.030520887519297074,0.7493873471909513,measured_min_over_explicit_pairs,0.0038003419729766286,10,collision_hand_right_ring_floor_semantic_10,floor,0,0.0,,0,0.0,not_applicable_static_combination
16,0.5333333333333333,AA,right,ring,tool,0.7533036418259144,-0.07034744042903185,0.7322246982984183,0.7533036418259144,-0.07034744042903185,0.7322246982984183,0.7406412006582163,-0.06944654679939206,0.738123908645412,-0.026555129463326544,-0.08885171226714308,-0.017941098734338416,0.0,0.04410053701676745,0.04410053701676745,-9.535311772701505e-05,-0.0022628805072589936,0.0025469284211684373,0.0034083082005224425,-0.012567088049971087,0.003163774136898778,0.0033522819258252623,0.013385774649053763,0.013998203755318706,0.039348311911992985,measured_min_over_explicit_pairs,0.024932315319686413,744,collision_hand_right_ring_0,right_object_3,0,0,0.7412144574610704,-0.05541136447687006,0.7420776552219357,0.738829714044349,-0.03224915173273662,0.750990861537969,measured_min_over_explicit_pairs,0.00820303401912792,10,collision_hand_right_ring_floor_semantic_10,floor,0,0.0,,0,0.0,source endpoint interval; AA solve data only; object and floor separated
16,0.5333333333333333,RR,right,pinky,tool,0.7686859168112278,-0.08741723839193583,0.7317019655637381,0.7686859168112278,-0.08741723839193583,0.7317019655637381,0.7707219483809086,-0.07108270508659689,0.7209123103920367,0.013048791751746818,-0.09907284427410042,-0.032713957312855,0.0,0.06016849458220793,0.06016849458220793,0.0020360315696807962,0.016334533305338933,-0.010789655171701384,0.019681947606377426,-0.009668553944292446,0.0020644204726423393,0.007763864765214179,0.012570615074613177,0.020147761798949997,0.051971381638372255,measured_min_over_explicit_pairs,0.03952452443829733,914,collision_hand_right_pinky_0,right_object_21,0,0,0.7682789106541171,-0.059245492773527496,0.7259981129907449,0.7500350762643572,-0.03025413524144872,0.7457174366931378,measured_min_over_explicit_pairs,-0.008809470578143519,12,collision_hand_right_pinky_floor_semantic_12,floor,0,0.0,,0,0.0,not_applicable_static_combination
16,0.5333333333333333,AR,right,pinky,tool,0.7686859168112278,-0.08741723839193583,0.7317019655637381,0.7686859168112278,-0.08741723839193583,0.7317019655637381,0.7610533944366161,-0.06901828461395455,0.7286761751572509,0.004789609002933551,-0.0933636956564018,-0.025150103418389073,0.0,0.06016849458220793,0.06016849458220793,0.0020360315696807962,0.016334533305338933,-0.010789655171701384,0.019681947606377426,-0.009668553944292446,0.0020644204726423393,0.007763864765214179,0.012570615074613177,0.020147761798949997,0.042878293926895183,measured_min_over_explicit_pairs,0.02992617345043569,914,collision_hand_right_pinky_0,right_object_21,0,0,0.7594792328930293,-0.05681220689190171,0.7342867095634007,0.7473780670429694,-0.03273595507070413,0.7473048407924666,measured_min_over_explicit_pairs,-8.160626757347522e-06,12,collision_hand_right_pinky_floor_semantic_12,floor,0,0.0,,0,0.0,not_applicable_static_combination
16,0.5333333333333333,RA,right,pinky,tool,0.7686859168112278,-0.08741723839193583,0.7317019655637381,0.7686859168112278,-0.08741723839193583,0.7317019655637381,0.7707219483809086,-0.07108270508659689,0.7209123103920367,0.0019056126096937554,-0.10281383644451118,-0.03204119664326811,0.0,0.0635094056180047,0.0635094056180047,0.0020360315696807962,0.016334533305338933,-0.010789655171701384,0.019681947606377426,-0.009668553944292446,0.0020644204726423393,0.007763864765214179,0.012570615074613177,0.020147761798949997,0.05424763641552587,measured_min_over_explicit_pairs,0.041323971189435565,914,collision_hand_right_pinky_0,right_object_21,0,0,0.7694190780166236,-0.05856636489865667,0.7258765291769441,0.7550562745666668,-0.0254486816899075,0.7459911887765533,measured_min_over_explicit_pairs,-0.008809470578143519,12,collision_hand_right_pinky_floor_semantic_12,floor,0,0.0,,0,0.0,not_applicable_static_combination
16,0.5333333333333333,AA,right,pinky,tool,0.7686859168112278,-0.08741723839193583,0.7317019655637381,0.7686859168112278,-0.08741723839193583,0.7317019655637381,0.7610533944366161,-0.06901828461395455,0.7286761751572509,-0.006843175941476111,-0.09682404442530279,-0.02528831179250703,0.0,0.0635094056180047,0.0635094056180047,0.0020360315696807962,0.016334533305338933,-0.010789655171701384,0.019681947606377426,-0.009668553944292446,0.0020644204726423393,0.007763864765214179,0.012570615074613177,0.020147761798949997,0.046135416210020125,measured_min_over_explicit_pairs,0.03271624213830699,896,collision_hand_right_pinky_0,right_object_3,0,0,0.7605011709695746,-0.05635823346201463,0.7342532121609903,0.7506151899435567,-0.028552080755165604,0.7483754552706716,measured_min_over_explicit_pairs,-8.160626757347522e-06,12,collision_hand_right_pinky_floor_semantic_12,floor,0,0.0,,14,255.9110725224018,source endpoint interval; AA solve data only; object and floor separated
16,0.5333333333333333,RR,left,palm,target,0.4322658725082874,-0.2879967102780938,0.8016821696691153,0.4322658725082874,-0.2879967102780938,0.8016821696691153,0.4636407842304176,-0.31025258324015664,0.8041783404775751,-0.19895697187830813,-0.21838342803633282,0.06424076787198572,0.0,0.12099983370126334,0.12099983370126334,0.031374911722130194,-0.022255872962062828,0.0024961708084597634,0.03854789015730885,0.02188816169243396,0.010933613990431301,0.017378525691400748,0.030010809592088055,0.057966818946251567,0.1481193317766817,measured_min_over_explicit_pairs,0.0581869039510432,1244,collision_hand_left_palm_0,left_object_7,16,0,0.4094135385836812,-0.22399844001258232,0.7900530873333423,0.4145029187453224,-0.17605455198140935,0.7574770593152957,measured_min_over_explicit_pairs,0.03977967454941245,13,collision_hand_left_palm_floor_semantic_13,floor,0,0.0,,0,0.0,not_applicable_static_combination
16,0.5333333333333333,AR,left,palm,target,0.4322658725082874,-0.2879967102780938,0.8016821696691153,0.4322658725082874,-0.2879967102780938,0.8016821696691153,0.48552894592285156,-0.29931896924972534,0.8215568661689758,-0.17537631690666755,-0.22350761163539232,0.0820829691353987,0.0,0.12099983370126334,0.12099983370126334,0.031374911722130194,-0.022255872962062828,0.0024961708084597634,0.03854789015730885,0.02188816169243396,0.010933613990431301,0.017378525691400748,0.030010809592088055,0.057966818946251567,0.152418735780297,measured_min_over_explicit_pairs,0.049595676045439116,1244,collision_hand_left_palm_0,left_object_7,16,0,0.4219351185754229,-0.21617142052079852,0.7866525646621964,0.4187768930196632,-0.17600306665894963,0.7577344035558539,measured_min_over_explicit_pairs,0.06073587959383775,13,collision_hand_left_palm_floor_semantic_13,floor,0,0.0,,0,0.0,not_applicable_static_combination
16,0.5333333333333333,RA,left,palm,target,0.4322658725082874,-0.2879967102780938,0.8016821696691153,0.4322658725082874,-0.2879967102780938,0.8016821696691153,0.4636407842304176,-0.31025258324015664,0.8041783404775751,-0.1767157141093427,-0.22004030066182811,0.0656303510428984,0.0,0.11428123558793865,0.11428123558793865,0.031374911722130194,-0.022255872962062828,0.0024961708084597634,0.03854789015730885,0.02188816169243396,0.010933613990431301,0.017378525691400748,0.030010809592088055,0.057966818946251567,0.14323328204027644,measured_min_over_explicit_pairs,0.05091265474461868,1244,collision_hand_left_palm_0,left_object_7,16,0,0.40366833515729994,-0.22862930152119984,0.7823400220738028,0.4069173316620506,-0.1861729182732172,0.7544294872104707,measured_min_over_explicit_pairs,0.03977967454941245,13,collision_hand_left_palm_floor_semantic_13,floor,0,0.0,,0,0.0,not_applicable_static_combination
16,0.5333333333333333,AA,left,palm,target,0.4322658725082874,-0.2879967102780938,0.8016821696691153,0.4322658725082874,-0.2879967102780938,0.8016821696691153,0.48552894592285156,-0.29931896924972534,0.8215568661689758,-0.1526280657418834,-0.22428280794404742,0.08302101004302016,0.0,0.11428123558793865,0.11428123558793865,0.031374911722130194,-0.022255872962062828,0.0024961708084597634,0.03854789015730885,0.02188816169243396,0.010933613990431301,0.017378525691400748,0.030010809592088055,0.057966818946251567,0.1496639739359136,measured_min_over_explicit_pairs,0.045298825544680565,1244,collision_hand_left_palm_0,left_object_7,16,0,0.4219351185754229,-0.21617142052079852,0.7866525646621964,0.4131207663351759,-0.18553560688641138,0.7544696854673301,measured_min_over_explicit_pairs,0.06073587959383775,13,collision_hand_left_palm_floor_semantic_13,floor,0,0.0,,0,0.0,source endpoint interval; AA solve data only; object and floor separated
16,0.5333333333333333,RR,left,thumb,target,0.4270895220339298,-0.16727316472679377,0.787171538107836,0.4270895220339298,-0.16727316472679377,0.787171538107836,0.43010564432695747,-0.17664243158168116,0.7941420202473114,-0.13996694580043384,-0.09400532069288213,0.052959402914560194,0.0,0.02917529255423905,0.02917529255423905,0.0030161222930276677,-0.009369266854887398,0.006970482139475376,0.012061002294226433,0.0421434873025347,0.014689744595866056,0.02877975989839321,0.05310495926106941,0.057842697274435986,0.03627742257319181,measured_min_over_explicit_pairs,0.024828993246828093,1439,collision_hand_left_thumb_0,left_object_6,49,0,0.4386469523564299,-0.16966354580655688,0.7824401576020349,0.4353043154793311,-0.1661238413156611,0.7580931623772432,measured_min_over_explicit_pairs,0.06417385071899195,16,collision_hand_left_thumb_floor_semantic_16,floor,0,0.0,,0,0.0,not_applicable_static_combination
16,0.5333333333333333,AR,left,thumb,target,0.4270895220339298,-0.16727316472679377,0.787171538107836,0.4270895220339298,-0.16727316472679377,0.787171538107836,0.47224913162949217,-0.1619526869858151,0.8229217801457046,-0.09852685780626931,-0.10887103523851625,0.08265563729206105,0.0,0.02917529255423905,0.02917529255423905,0.0030161222930276677,-0.009369266854887398,0.006970482139475376,0.012061002294226433,0.0421434873025347,0.014689744595866056,0.02877975989839321,0.05310495926106941,0.057842697274435986,0.06836253499454642,measured_min_over_explicit_pairs,0.05824472728588252,1439,collision_hand_left_thumb_0,left_object_6,51,0,0.4799590498297069,-0.15518895352426976,0.8122071906013221,0.46672927779563445,-0.1405000080536137,0.7574198173343603,measured_min_over_explicit_pairs,0.090963934466877,15,collision_hand_left_thumb_floor_semantic_15,floor,0,0.0,,0,0.0,not_applicable_static_combination
16,0.5333333333333333,RA,left,thumb,target,0.4270895220339298,-0.16727316472679377,0.787171538107836,0.4270895220339298,-0.16727316472679377,0.787171538107836,0.43010564432695747,-0.17664243158168116,0.7941420202473114,-0.12432650622353836,-0.09261174513914855,0.05591746821588894,0.0,0.03238511939947365,0.03238511939947365,0.0030161222930276677,-0.009369266854887398,0.006970482139475376,0.012061002294226433,0.0421434873025347,0.014689744595866056,0.02877975989839321,0.05310495926106941,0.057842697274435986,0.039018151960564754,measured_min_over_explicit_pairs,0.027213332493496556,1439,collision_hand_left_thumb_0,left_object_6,48,0,0.43954533640680166,-0.17026803492636783,0.7822697769048732,0.4375115728840906,-0.1674850886018331,0.755275620480009,measured_min_over_explicit_pairs,0.06417385071899195,16,collision_hand_left_thumb_floor_semantic_16,floor,0,0.0,,0,0.0,not_applicable_static_combination
16,0.5333333333333333,AA,left,thumb,target,0.4270895220339298,-0.16727316472679377,0.787171538107836,0.4270895220339298,-0.16727316472679377,0.787171538107836,0.47224913162949217,-0.1619526869858151,0.8229217801457046,-0.08172266855583833,-0.10588814174743953,0.08470612930325917,0.0,0.03238511939947365,0.03238511939947365,0.0030161222930276677,-0.009369266854887398,0.006970482139475376,0.012061002294226433,0.0421434873025347,0.014689744595866056,0.02877975989839321,0.05310495926106941,0.057842697274435986,0.06960182163259192,measured_min_over_explicit_pairs,0.05893291821200729,1439,collision_hand_left_thumb_0,left_object_6,47,0,0.48088861081513223,-0.15564395868673342,0.8119019920535341,0.471154638431702,-0.1425691080274138,0.7552681955106725,measured_min_over_explicit_pairs,0.090963934466877,15,collision_hand_left_thumb_floor_semantic_15,floor,0,0.0,,0,0.0,source endpoint interval; AA solve data only; object and floor separated
16,0.5333333333333333,RR,left,index,target,0.41646149232983587,-0.15864972863346338,0.7749088957242606,0.41646149232983587,-0.15864972863346338,0.7749088957242606,0.41603062437792915,-0.16188221529854324,0.781809945297423,-0.14128959998078064,-0.07388469651107976,0.0402526601252337,0.0,0.022094378324164866,0.022094378324164866,-0.00043086795190672156,-0.003232486665079859,0.006901049573162399,0.007632765058820055,0.04918355841422706,0.022434551913054684,0.025222637180380314,0.0596532728704665,0.061461169755724944,0.026158682215730266,measured_min_over_explicit_pairs,0.01477180535729304,1583,collision_hand_left_index_0,left_object_19,42,0,0.41337867825897706,-0.16248084989881453,0.7706379130702079,0.4095680464636895,-0.16951683466907974,0.7582209795861673,measured_min_over_explicit_pairs,0.04724009700902443,19,collision_hand_left_index_floor_semantic_19,floor,0,0.0,,0,0.0,not_applicable_static_combination
16,0.5333333333333333,AR,left,index,target,0.41646149232983587,-0.15864972863346338,0.7749088957242606,0.41646149232983587,-0.15864972863346338,0.7749088957242606,0.4652141827921562,-0.13944766338548856,0.8070325824778033,-0.08943971883088633,-0.08728926174242993,0.06652851253497766,0.0,0.022094378324164866,0.022094378324164866,-0.00043086795190672156,-0.003232486665079859,0.006901049573162399,0.007632765058820055,0.04918355841422706,0.022434551913054684,0.025222637180380314,0.0596532728704665,0.061461169755724944,0.049428054295748786,measured_min_over_explicit_pairs,0.037766942235583204,1570,collision_hand_left_index_0,left_object_6,39,0,0.4652928910078531,-0.13551982286809702,0.7952504380122288,0.4669533071436358,-0.1382243891129082,0.757617071626675,measured_min_over_explicit_pairs,0.07430542829945552,19,collision_hand_left_index_floor_semantic_19,floor,0,0.0,,0,0.0,not_applicable_static_combination
16,0.5333333333333333,RA,left,index,target,0.41646149232983587,-0.15864972863346338,0.7749088957242606,0.41646149232983587,-0.15864972863346338,0.7749088957242606,0.41603062437792915,-0.16188221529854324,0.781809945297423,-0.1268718775388081,-0.07235045527352152,0.04362716871959261,0.0,0.02678886916090766,0.02678886916090766,-0.00043086795190672156,-0.003232486665079859,0.006901049573162399,0.007632765058820055,0.04918355841422706,0.022434551913054684,0.025222637180380314,0.0596532728704665,0.061461169755724944,0.031065035663422943,measured_min_over_explicit_pairs,0.020621342413479654,1570,collision_hand_left_index_0,left_object_6,42,0,0.41969740119642635,-0.16258697728168336,0.7711500843051385,0.4274078393870849,-0.17262801431673708,0.7548722932663431,measured_min_over_explicit_pairs,0.04724009700902443,19,collision_hand_left_index_floor_semantic_19,floor,0,0.0,,0,0.0,not_applicable_static_combination
16,0.5333333333333333,AA,left,index,target,0.41646149232983587,-0.15864972863346338,0.7749088957242606,0.41646149232983587,-0.15864972863346338,0.7749088957242606,0.4652141827921562,-0.13944766338548856,0.8070325824778033,-0.07400109036301554,-0.08357001429200996,0.0688722538452371,0.0,0.02678886916090766,0.02678886916090766,-0.00043086795190672156,-0.003232486665079859,0.006901049573162399,0.007632765058820055,0.04918355841422706,0.022434551913054684,0.025222637180380314,0.0596532728704665,0.061461169755724944,0.051941974438180744,measured_min_over_explicit_pairs,0.040571838755390166,1570,collision_hand_left_index_0,left_object_6,36,0,0.46588542917350334,-0.13612921483283213,0.7953571991086866,0.47007319832059735,-0.1415070605787504,0.7553620060888107,measured_min_over_explicit_pairs,0.07430542829945552,19,collision_hand_left_index_floor_semantic_19,floor,0,0.0,,0,0.0,source endpoint interval; AA solve data only; object and floor separated
16,0.5333333333333333,RR,left,middle,target,0.41225593760609625,-0.18157869670540094,0.761614258521044,0.41225593760609625,-0.18157869670540094,0.761614258521044,0.42362677975028956,-0.18185867500497002,0.7624325427927061,-0.1477863916875627,-0.09448186090427015,0.021126950644225737,0.0,0.007069131987499576,0.007069131987499576,0.011370842144193316,-0.00027997829956907805,0.0008182842716620842,0.011403684845945278,0.03338127395130763,0.03049737463865837,0.029668074320194804,0.05407951501568348,0.062010168494611335,0.008035880503652797,measured_min_over_explicit_pairs,-0.0067774492969689395,1765,collision_hand_left_middle_external_semantic_link2,left_object_7,42,0,0.4225848055287653,-0.1708963438157766,0.7524766654231372,0.4242286257334793,-0.17471270175275755,0.7578308307366478,measured_min_over_explicit_pairs,0.02715811707480753,21,collision_hand_left_middle_floor_semantic_21,floor,0,0.0,,0,0.0,not_applicable_static_combination
16,0.5333333333333333,AR,left,middle,target,0.41225593760609625,-0.18157869670540094,0.761614258521044,0.41225593760609625,-0.18157869670540094,0.761614258521044,0.4570080537015972,-0.15136130036631165,0.7921006171129009,-0.1031054230259911,-0.09155580149256928,0.05145256951860963,0.0,0.007069131987499576,0.007069131987499576,0.011370842144193316,-0.00027997829956907805,0.0008182842716620842,0.011403684845945278,0.03338127395130763,0.03049737463865837,0.029668074320194804,0.05407951501568348,0.062010168494611335,0.034446694557416245,measured_min_over_explicit_pairs,0.02104619678788537,1764,collision_hand_left_middle_external_semantic_link2,left_object_6,40,0,0.46429614158259297,-0.14378901755722354,0.7786543461500376,0.4628929732835397,-0.14252594949948352,0.757692996550347,measured_min_over_explicit_pairs,0.058445330519404814,21,collision_hand_left_middle_floor_semantic_21,floor,0,0.0,,0,0.0,not_applicable_static_combination
16,0.5333333333333333,RA,left,middle,target,0.41225593760609625,-0.18157869670540094,0.761614258521044,0.41225593760609625,-0.18157869670540094,0.761614258521044,0.42362677975028956,-0.18185867500497002,0.7624325427927061,-0.13260889985365648,-0.09289101766024295,0.024199968240123708,0.0,0.006623505333260575,0.006623505333260575,0.011370842144193316,-0.00027997829956907805,0.0008182842716620842,0.011403684845945278,0.03338127395130763,0.03049737463865837,0.029668074320194804,0.05407951501568348,0.062010168494611335,0.007778886897515687,measured_min_over_explicit_pairs,-0.005866338738672365,1732,collision_hand_left_middle_0,left_object_6,42,0,0.4237979195835555,-0.17651058605152506,0.7494642968099104,0.424613494901935,-0.17761330933606817,0.7551680471949312,measured_min_over_explicit_pairs,0.02715811707480753,21,collision_hand_left_middle_floor_semantic_21,floor,0,0.0,,0,0.0,not_applicable_static_combination
16,0.5333333333333333,AA,left,middle,target,0.41225593760609625,-0.18157869670540094,0.761614258521044,0.41225593760609625,-0.18157869670540094,0.761614258521044,0.4570080537015972,-0.15136130036631165,0.7921006171129009,-0.08766588794528057,-0.0882478379564264,0.053917984781830894,0.0,0.006623505333260575,0.006623505333260575,0.011370842144193316,-0.00027997829956907805,0.0008182842716620842,0.011403684845945278,0.03338127395130763,0.03049737463865837,0.029668074320194804,0.05407951501568348,0.062010168494611335,0.036793555875731826,measured_min_over_explicit_pairs,0.02326596254741172,1764,collision_hand_left_middle_external_semantic_link2,left_object_6,36,0,0.4651526132986269,-0.1444340385744935,0.7786246280391024,0.4657321630171032,-0.14511942545818532,0.7553759854937613,measured_min_over_explicit_pairs,0.058445330519404814,21,collision_hand_left_middle_floor_semantic_21,floor,0,0.0,,0,0.0,source endpoint interval; AA solve data only; object and floor separated
16,0.5333333333333333,RR,left,ring,target,0.4069725967943668,-0.19429896865040064,0.7573146178655265,0.4069725967943668,-0.19429896865040064,0.7573146178655265,0.40562005826704417,-0.19282111559205456,0.7547480585655345,-0.16853725140712805,-0.09167232073441135,0.013066136481186867,0.0,0.018795714049575665,0.018795714049575665,-0.0013525385273226442,0.0014778530583460792,-0.002566559299991944,0.003255861908977422,0.037595515093170884,0.030959559400598358,0.02572623527006701,0.05507954479269829,0.05387123228981477,0.01762596349039404,measured_min_over_explicit_pairs,0.013815917104671449,1841,collision_hand_left_ring_1,left_object_19,15,0,0.39064219145959184,-0.178264320411272,0.7631768436622652,0.399773761333362,-0.1693228930532172,0.75792852260842,measured_min_over_explicit_pairs,0.019404077933048214,23,collision_hand_left_ring_floor_semantic_23,floor,0,0.0,,0,0.0,not_applicable_static_combination
16,0.5333333333333333,AR,left,ring,target,0.4069725967943668,-0.19429896865040064,0.7573146178655265,0.4069725967943668,-0.19429896865040064,0.7573146178655265,0.44321557336021505,-0.1618615561914562,0.7804742938356015,-0.12024411763758464,-0.09112985627083525,0.0395469827213205,0.0,0.018795714049575665,0.018795714049575665,-0.0013525385273226442,0.0014778530583460792,-0.002566559299991944,0.003255861908977422,0.037595515093170884,0.030959559400598358,0.02572623527006701,0.05507954479269829,0.05387123228981477,0.02256301989010189,measured_min_over_explicit_pairs,0.02865191668115678,1829,collision_hand_left_ring_1,left_object_7,15,0,0.422440427913718,-0.16427425716124877,0.7859602621802413,0.42399847919693967,-0.17119613566528724,0.7582007160081922,measured_min_over_explicit_pairs,0.04629220204222617,23,collision_hand_left_ring_floor_semantic_23,floor,0,0.0,,0,0.0,not_applicable_static_combination
16,0.5333333333333333,RA,left,ring,target,0.4069725967943668,-0.19429896865040064,0.7573146178655265,0.4069725967943668,-0.19429896865040064,0.7573146178655265,0.40562005826704417,-0.19282111559205456,0.7547480585655345,-0.15359965227997716,-0.09099820558087254,0.01650100759291421,0.0,0.008576371626782429,0.008576371626782429,-0.0013525385273226442,0.0014778530583460792,-0.002566559299991944,0.003255861908977422,0.037595515093170884,0.030959559400598358,0.02572623527006701,0.05507954479269829,0.05387123228981477,0.006401455900767662,measured_min_over_explicit_pairs,-8.21890714641416e-05,1887,collision_hand_left_ring_link2_external_exact_mesh,left_object_external_exact_sdf,14,0,0.4111931509316519,-0.18180257824630625,0.7449376282057576,0.4111799699750588,-0.181883698424112,0.7449385351810527,measured_min_over_explicit_pairs,0.019404077933048214,23,collision_hand_left_ring_floor_semantic_23,floor,0,0.0,,0,0.0,not_applicable_static_combination
16,0.5333333333333333,AA,left,ring,target,0.4069725967943668,-0.19429896865040064,0.7573146178655265,0.4069725967943668,-0.19429896865040064,0.7573146178655265,0.44321557336021505,-0.1618615561914562,0.7804742938356015,-0.10498830259527174,-0.0884777241942178,0.04227580361502995,0.0,0.008576371626782429,0.008576371626782429,-0.0013525385273226442,0.0014778530583460792,-0.002566559299991944,0.003255861908977422,0.037595515093170884,0.030959559400598358,0.02572623527006701,0.05507954479269829,0.05387123228981477,0.025191057915613435,measured_min_over_explicit_pairs,0.032367573312993614,1828,collision_hand_left_ring_1,left_object_6,15,0,0.42391251091495674,-0.16413211335002148,0.786102374497707,0.4296432606309778,-0.1715682352515415,0.75512621590872,measured_min_over_explicit_pairs,0.04629220204222617,23,collision_hand_left_ring_floor_semantic_23,floor,0,0.0,,0,0.0,source endpoint interval; AA solve data only; object and floor separated
16,0.5333333333333333,RR,left,pinky,target,0.39091036692261694,-0.20146963093429804,0.7574789478711722,0.39091036692261694,-0.20146963093429804,0.7574789478711722,0.37840859444194264,-0.18986689322445777,0.7455644269598893,-0.1875513393822617,-0.07229381212742785,0.003244316618596881,0.0,0.03126508477221209,0.03126508477221209,-0.0125017724806743,0.011602737709840272,-0.011914520911282866,0.02080561573391404,0.037413294957336474,0.03152835025371767,0.028782300230345448,0.05676453396122883,0.05258703908932326,0.030792655441960172,measured_min_over_explicit_pairs,0.03665312441548596,1942,collision_hand_left_pinky_1,left_object_22,15,0,0.3685001108561761,-0.18926599269970487,0.7623002232290008,0.3964155912606865,-0.16605680853403693,0.7572493566135972,measured_min_over_explicit_pairs,0.011669344618129296,25,collision_hand_left_pinky_floor_semantic_25,floor,0,0.0,,0,0.0,not_applicable_static_combination
16,0.5333333333333333,AR,left,pinky,target,0.39091036692261694,-0.20146963093429804,0.7574789478711722,0.39091036692261694,-0.20146963093429804,0.7574789478711722,0.4158218893992791,-0.1583385429707401,0.7743467271902348,-0.13908613730351946,-0.07114286492067716,0.03277416294107973,0.0,0.03126508477221209,0.03126508477221209,-0.0125017724806743,0.011602737709840272,-0.011914520911282866,0.02080561573391404,0.037413294957336474,0.03152835025371767,0.028782300230345448,0.05676453396122883,0.05258703908932326,0.02177664268706206,measured_min_over_explicit_pairs,0.02194235576135842,1939,collision_hand_left_pinky_1,left_object_19,15,0,0.39873765591710914,-0.16810870198908964,0.7807258381287566,0.39961008553055516,-0.166531043622466,0.7588576686350421,measured_min_over_explicit_pairs,0.04214161623728707,25,collision_hand_left_pinky_floor_semantic_25,floor,0,0.0,,0,0.0,not_applicable_static_combination
16,0.5333333333333333,RA,left,pinky,target,0.39091036692261694,-0.20146963093429804,0.7574789478711722,0.39091036692261694,-0.20146963093429804,0.7574789478711722,0.37840859444194264,-0.18986689322445777,0.7455644269598893,-0.17372828957998057,-0.07243904652733302,0.007339901849579718,0.0,0.018588360395252895,0.018588360395252895,-0.0125017724806743,0.011602737709840272,-0.011914520911282866,0.02080561573391404,0.037413294957336474,0.03152835025371767,0.028782300230345448,0.05676453396122883,0.05258703908932326,0.01649391398276854,measured_min_over_explicit_pairs,0.024090856396490546,1942,collision_hand_left_pinky_1,left_object_22,15,0,0.3684621123298607,-0.18981243298225112,0.7605725310044046,0.3867337267089054,-0.17565484072210305,0.7537843021267654,measured_min_over_explicit_pairs,0.011669344618129296,25,collision_hand_left_pinky_floor_semantic_25,floor,0,0.0,,0,0.0,not_applicable_static_combination
16,0.5333333333333333,AA,left,pinky,target,0.39091036692261694,-0.20146963093429804,0.7574789478711722,0.39091036692261694,-0.20146963093429804,0.7574789478711722,0.4158218893992791,-0.1583385429707401,0.7743467271902348,-0.12492839944726976,-0.0693593922601867,0.036172154076308374,0.0,0.018588360395252895,0.018588360395252895,-0.0125017724806743,0.011602737709840272,-0.011914520911282866,0.02080561573391404,0.037413294957336474,0.03152835025371767,0.028782300230345448,0.05676453396122883,0.05258703908932326,0.026799736815325534,measured_min_over_explicit_pairs,0.026730807567219,1939,collision_hand_left_pinky_1,left_object_19,15,0,0.39715243851367854,-0.17211400529226295,0.781124815497125,0.3941748551406701,-0.1772823780774802,0.7550679931044099,measured_min_over_explicit_pairs,0.04214161623728707,25,collision_hand_left_pinky_floor_semantic_25,floor,57,752.0227507054806,161,0,0.0,source endpoint interval; AA solve data only; object and floor separated
17,0.5666666666666667,RR,right,palm,tool,0.7656127162277698,-0.19313035998493433,0.8004012062482474,0.7656127162277698,-0.19313035998493433,0.8004012062482474,0.762944035388072,-0.2199312058516529,0.809999598680513,-0.04956897844951803,-0.23190502013246736,0.05974960627402694,0.0,0.15499492112509355,0.15499492112509355,-0.0026686808396978456,-0.026800845866718576,0.009598392432265568,0.02859259229030396,-0.020288042880137414,-0.01461487438001366,-0.007965041814820828,0.02624197264234757,0.04738080710312922,0.18175302984209274,measured_min_over_explicit_pairs,0.07895170430999802,118,collision_hand_right_palm_0,right_object_9,0,0,0.7614984057133304,-0.10988397556590926,0.8179693704012093,0.7396110808963023,-0.040211278174017186,0.787968839340158,measured_min_over_explicit_pairs,0.026331367451882914,0,collision_hand_right_palm_floor_semantic_00,floor,0,0.0,,0,0.0,not_applicable_static_combination
17,0.5666666666666667,AR,right,palm,tool,0.7656127162277698,-0.19313035998493433,0.8004012062482474,0.7656127162277698,-0.19313035998493433,0.8004012062482474,0.7426559925079346,-0.23454608023166656,0.8020345568656921,-0.07378651019915673,-0.23820858996478608,0.051849144801046985,0.0,0.15499492112509355,0.15499492112509355,-0.0026686808396978456,-0.026800845866718576,0.009598392432265568,0.02859259229030396,-0.020288042880137414,-0.01461487438001366,-0.007965041814820828,0.02624197264234757,0.04738080710312922,0.1927879137824038,measured_min_over_explicit_pairs,0.08686003736368902,118,collision_hand_right_palm_0,right_object_9,0,0,0.7289727019209696,-0.12647598125116036,0.8112394580336049,0.7255787126133226,-0.04284724060077416,0.7880148877548792,measured_min_over_explicit_pairs,0.026521364196978814,0,collision_hand_right_palm_floor_semantic_00,floor,0,0.0,,0,0.0,not_applicable_static_combination
17,0.5666666666666667,RA,right,palm,tool,0.7656127162277698,-0.19313035998493433,0.8004012062482474,0.7656127162277698,-0.19313035998493433,0.8004012062482474,0.762944035388072,-0.2199312058516529,0.809999598680513,-0.0859975338827406,-0.2351525731374868,0.04527290341203197,0.0,0.16587381444930943,0.16587381444930943,-0.0026686808396978456,-0.026800845866718576,0.009598392432265568,0.02859259229030396,-0.020288042880137414,-0.01461487438001366,-0.007965041814820828,0.02624197264234757,0.04738080710312922,0.1931700138492696,measured_min_over_explicit_pairs,0.08696984918347214,118,collision_hand_right_palm_0,right_object_9,0,0,0.7614984057133304,-0.10988397556590926,0.8179693704012093,0.7485412938659856,-0.02787904817934808,0.7920645483810503,measured_min_over_explicit_pairs,0.026331367451882914,0,collision_hand_right_palm_floor_semantic_00,floor,0,0.0,,0,0.0,not_applicable_static_combination
17,0.5666666666666667,AA,right,palm,tool,0.7656127162277698,-0.19313035998493433,0.8004012062482474,0.7656127162277698,-0.19313035998493433,0.8004012062482474,0.7426559925079346,-0.23454608023166656,0.8020345568656921,-0.10892331129857355,-0.24048714660486686,0.03367151625520765,0.0,0.16587381444930943,0.16587381444930943,-0.0026686808396978456,-0.026800845866718576,0.009598392432265568,0.02859259229030396,-0.020288042880137414,-0.01461487438001366,-0.007965041814820828,0.02624197264234757,0.04738080710312922,0.20591283208055025,measured_min_over_explicit_pairs,0.1004449341259056,118,collision_hand_right_palm_0,right_object_9,1,0,0.7286427856549397,-0.12634970271237086,0.8117423843443721,0.7370671467747473,-0.02810602520642071,0.7926009434010303,measured_min_over_explicit_pairs,0.026521364196978814,0,collision_hand_right_palm_floor_semantic_00,floor,0,0.0,,0,0.0,source endpoint interval; AA solve data only; object and floor separated
17,0.5666666666666667,RR,right,thumb,tool,0.7253769285976887,-0.07865105662494898,0.797146554224932,0.7253769285976887,-0.07865105662494898,0.797146554224932,0.7218784135799272,-0.08121713904450957,0.7936214732155429,-0.036394549718203315,-0.08834028797287646,0.03945619044620395,0.0,0.036913177399297815,0.036913177399297815,-0.003498515017761439,-0.002566082419560592,-0.003525081009389086,0.0055902220381873775,-0.03314850679307202,-0.018629777312261134,-0.005060391124592778,0.03836013117350668,0.04319697916681378,0.03865080424280876,measured_min_over_explicit_pairs,0.060901919107489724,270,collision_hand_right_thumb_external_semantic_rota1,right_object_9,10,0,0.7162081320028024,-0.10238080388825718,0.8004190408324543,0.7193629006137612,-0.042977192611112214,0.7873690541190363,measured_min_over_explicit_pairs,0.06720240984280157,3,collision_hand_right_thumb_floor_semantic_03,floor,0,0.0,,0,0.0,not_applicable_static_combination
17,0.5666666666666667,AR,right,thumb,tool,0.7253769285976887,-0.07865105662494898,0.797146554224932,0.7253769285976887,-0.07865105662494898,0.797146554224932,0.6887299067868552,-0.0998469163567707,0.7885610820909501,-0.0740585114832273,-0.09354381366836936,0.0343720023942338,0.0,0.036913177399297815,0.036913177399297815,-0.003498515017761439,-0.002566082419560592,-0.003525081009389086,0.0055902220381873775,-0.03314850679307202,-0.018629777312261134,-0.005060391124592778,0.03836013117350668,0.04319697916681378,0.06162027852089748,measured_min_over_explicit_pairs,0.08381671424630703,284,collision_hand_right_thumb_external_semantic_rota1,right_object_23,13,0,0.6869084481374876,-0.12194240948296411,0.79492485403052,0.7081336176657559,-0.04124915913878062,0.7869666435259977,measured_min_over_explicit_pairs,0.06049998642752963,3,collision_hand_right_thumb_floor_semantic_03,floor,0,0.0,,0,0.0,not_applicable_static_combination
17,0.5666666666666667,RA,right,thumb,tool,0.7253769285976887,-0.07865105662494898,0.797146554224932,0.7253769285976887,-0.07865105662494898,0.797146554224932,0.7218784135799272,-0.08121713904450957,0.7936214732155429,-0.06424622291450856,-0.09220772183752847,0.02824731747766323,0.0,0.051684491331273306,0.051684491331273306,-0.003498515017761439,-0.002566082419560592,-0.003525081009389086,0.0055902220381873775,-0.03314850679307202,-0.018629777312261134,-0.005060391124592778,0.03836013117350668,0.04319697916681378,0.05415877536118454,measured_min_over_explicit_pairs,0.07669646145225147,270,collision_hand_right_thumb_external_semantic_rota1,right_object_9,11,0,0.7173337301162662,-0.10235515409092272,0.8012474709518875,0.7311052840118278,-0.027951144336367716,0.7887280925710564,measured_min_over_explicit_pairs,0.06720240984280157,3,collision_hand_right_thumb_floor_semantic_03,floor,0,0.0,,0,0.0,not_applicable_static_combination
17,0.5666666666666667,AA,right,thumb,tool,0.7253769285976887,-0.07865105662494898,0.797146554224932,0.7253769285976887,-0.07865105662494898,0.797146554224932,0.6887299067868552,-0.0998469163567707,0.7885610820909501,-0.10083929796611765,-0.09591284671045136,0.01735151224849402,0.0,0.051684491331273306,0.051684491331273306,-0.003498515017761439,-0.002566082419560592,-0.003525081009389086,0.0055902220381873775,-0.03314850679307202,-0.018629777312261134,-0.005060391124592778,0.03836013117350668,0.04319697916681378,0.08042172774110601,measured_min_over_explicit_pairs,0.10230378824880462,284,collision_hand_right_thumb_external_semantic_rota1,right_object_23,17,0,0.6875935854912013,-0.12216991948520103,0.7947757241131918,0.7213141801201486,-0.026349105278521127,0.7826366074774804,measured_min_over_explicit_pairs,0.06049998642752963,3,collision_hand_right_thumb_floor_semantic_03,floor,0,0.0,,0,0.0,source endpoint interval; AA solve data only; object and floor separated
17,0.5666666666666667,RR,right,index,tool,0.7471521742641926,-0.04675901401787996,0.7664045050077078,0.7471521742641926,-0.04675901401787996,0.7664045050077078,0.7480922221062734,-0.04915122198147623,0.7726979757189651,-9.490980181183251e-05,-0.06881263815758139,0.018144536904770553,0.0,0.007941692162582023,0.007941692162582023,0.0009400478420807934,-0.0023922079635962656,0.0062934707112572985,0.006798096974885515,-0.03237897519912736,-0.013086040020334477,-0.002225287412483512,0.034994204983506305,0.03527793119453193,0.0103432953960479,measured_min_over_explicit_pairs,-0.002270911251683825,465,collision_hand_right_index_rota_link2_external_exact_mesh,right_object_external_exact_sdf,0,0,0.7466349657420236,-0.03341982364795219,0.7727348208329393,0.74885926214364,-0.03308980340486764,0.7730520432626874,measured_min_over_explicit_pairs,0.04181776363771872,6,collision_hand_right_index_floor_semantic_06,floor,0,0.0,,0,0.0,not_applicable_static_combination
17,0.5666666666666667,AR,right,index,tool,0.7471521742641926,-0.04675901401787996,0.7664045050077078,0.7471521742641926,-0.04675901401787996,0.7664045050077078,0.715713246907146,-0.062237262001810706,0.7704726883064816,-0.03500763287028199,-0.06907244801436734,0.01577205946329995,0.0,0.007941692162582023,0.007941692162582023,0.0009400478420807934,-0.0023922079635962656,0.0062934707112572985,0.006798096974885515,-0.03237897519912736,-0.013086040020334477,-0.002225287412483512,0.034994204983506305,0.03527793119453193,0.018775927373534087,measured_min_over_explicit_pairs,0.024976602323575226,395,collision_hand_right_index_1,right_object_9,1,0,0.7302664681368286,-0.06796786226787278,0.7849549325178501,0.728115479510522,-0.043135989340546466,0.7833480726980026,measured_min_over_explicit_pairs,0.03988113744324273,6,collision_hand_right_index_floor_semantic_06,floor,0,0.0,,0,0.0,not_applicable_static_combination
17,0.5666666666666667,RA,right,index,tool,0.7471521742641926,-0.04675901401787996,0.7664045050077078,0.7471521742641926,-0.04675901401787996,0.7664045050077078,0.7480922221062734,-0.04915122198147623,0.7726979757189651,-0.024346247027199903,-0.07411733746200212,0.012953218636068568,0.0,0.017114890635971474,0.017114890635971474,0.0009400478420807934,-0.0023922079635962656,0.0062934707112572985,0.006798096974885515,-0.03237897519912736,-0.013086040020334477,-0.002225287412483512,0.034994204983506305,0.03527793119453193,0.019404947593132285,measured_min_over_explicit_pairs,0.028406252138236675,395,collision_hand_right_index_1,right_object_9,1,0,0.7618412995477327,-0.05523441218275669,0.7858121770207601,0.755009425116878,-0.02775229200013904,0.7835819925955908,measured_min_over_explicit_pairs,0.04181776363771872,6,collision_hand_right_index_floor_semantic_06,floor,0,0.0,,0,0.0,not_applicable_static_combination
17,0.5666666666666667,AA,right,index,tool,0.7471521742641926,-0.04675901401787996,0.7664045050077078,0.7471521742641926,-0.04675901401787996,0.7664045050077078,0.715713246907146,-0.062237262001810706,0.7704726883064816,-0.05845143647845201,-0.07299340555654368,0.005196465965411017,0.0,0.017114890635971474,0.017114890635971474,0.0009400478420807934,-0.0023922079635962656,0.0062934707112572985,0.006798096974885515,-0.03237897519912736,-0.013086040020334477,-0.002225287412483512,0.034994204983506305,0.03527793119453193,0.035139934729677136,measured_min_over_explicit_pairs,0.03873967851608816,395,collision_hand_right_index_1,right_object_9,1,0,0.7323014374612897,-0.06798885138628993,0.7846492969738117,0.7355346754956771,-0.029541413083083046,0.7811703098706515,measured_min_over_explicit_pairs,0.03988113744324273,6,collision_hand_right_index_floor_semantic_06,floor,4,68.84936547279358,171,0,0.0,source endpoint interval; AA solve data only; object and floor separated
17,0.5666666666666667,RR,right,middle,tool,0.7514765061438083,-0.05090434942394495,0.7469139649800894,0.7514765061438083,-0.05090434942394495,0.7469139649800894,0.7527154207893949,-0.05841191200782668,0.7552895870555414,0.0008552702879362876,-0.07960304951805015,0.0010316609876870153,0.0,0.01699454050191477,0.01699454050191477,0.001238914645586564,-0.00750756258388173,0.00837562207545195,0.011315893716395,-0.02222420323938823,-0.004924431674414101,0.0006644692204068603,0.02277293912270604,0.026012690542135484,0.022114062619889806,measured_min_over_explicit_pairs,0.008335388105966466,614,collision_hand_right_middle_0,right_object_26,0,0,0.7495187871250706,-0.04467631654957971,0.7559881532371641,0.7462032531776712,-0.037206110844892636,0.7576258211676037,measured_min_over_explicit_pairs,0.02417011596457641,8,collision_hand_right_middle_floor_semantic_08,floor,0,0.0,,0,0.0,not_applicable_static_combination
17,0.5666666666666667,AR,right,middle,tool,0.7514765061438083,-0.05090434942394495,0.7469139649800894,0.7514765061438083,-0.05090434942394495,0.7469139649800894,0.7304912175500067,-0.06333634368224078,0.7559540562759482,-0.021618242228930912,-0.07595178475474783,0.0014966954691563767,0.0,0.01699454050191477,0.01699454050191477,0.001238914645586564,-0.00750756258388173,0.00837562207545195,0.011315893716395,-0.02222420323938823,-0.004924431674414101,0.0006644692204068603,0.02277293912270604,0.026012690542135484,0.021253486940051577,measured_min_over_explicit_pairs,0.0067705381934036555,597,collision_hand_right_middle_0,right_object_9,0,0,0.730615743711058,-0.04875406959682756,0.757315964166867,0.7297794148575634,-0.04213183930712946,0.7584503395312658,measured_min_over_explicit_pairs,0.025539553235702228,8,collision_hand_right_middle_floor_semantic_08,floor,0,0.0,,0,0.0,not_applicable_static_combination
17,0.5666666666666667,RA,right,middle,tool,0.7514765061438083,-0.05090434942394495,0.7469139649800894,0.7514765061438083,-0.05090434942394495,0.7469139649800894,0.7527154207893949,-0.05841191200782668,0.7552895870555414,-0.021174144582992476,-0.08492499502946446,-0.0038788533003423446,0.0,0.025264052902413018,0.025264052902413018,0.001238914645586564,-0.00750756258388173,0.00837562207545195,0.011315893716395,-0.02222420323938823,-0.004924431674414101,0.0006644692204068603,0.02277293912270604,0.026012690542135484,0.03061414384352883,measured_min_over_explicit_pairs,0.01637359098503404,591,collision_hand_right_middle_0,right_object_3,0,0,0.7518108515771305,-0.044004354251789835,0.7561078603875353,0.749050926444882,-0.028230037761750305,0.7595208113513845,measured_min_over_explicit_pairs,0.02417011596457641,8,collision_hand_right_middle_floor_semantic_08,floor,0,0.0,,0,0.0,not_applicable_static_combination
17,0.5666666666666667,AA,right,middle,tool,0.7514765061438083,-0.05090434942394495,0.7469139649800894,0.7514765061438083,-0.05090434942394495,0.7469139649800894,0.7304912175500067,-0.06333634368224078,0.7559540562759482,-0.04328801903735578,-0.08038738721489032,-0.006877757804365303,0.0,0.025264052902413018,0.025264052902413018,0.001238914645586564,-0.00750756258388173,0.00837562207545195,0.011315893716395,-0.02222420323938823,-0.004924431674414101,0.0006644692204068603,0.02277293912270604,0.026012690542135484,0.03482417125368155,measured_min_over_explicit_pairs,0.020045876646739083,591,collision_hand_right_middle_0,right_object_3,0,0,0.7327618778638734,-0.048764589339789485,0.7575663710785776,0.7345878305574264,-0.02917890319057602,0.761426936498525,measured_min_over_explicit_pairs,0.025539553235702228,8,collision_hand_right_middle_floor_semantic_08,floor,0,0.0,,0,0.0,source endpoint interval; AA solve data only; object and floor separated
17,0.5666666666666667,RR,right,ring,tool,0.7570370532572269,-0.06720703188329935,0.7354532434873221,0.7570370532572269,-0.06720703188329935,0.7354532434873221,0.7562758119392208,-0.06985168506426775,0.7378167864115707,1.2905006216840015e-05,-0.0920269092802699,-0.016108399817556,0.0,0.03703794491985349,0.03703794491985349,-0.000761241318006145,-0.0026446531809684037,0.002363542924248563,0.0036276733516968527,-0.013338577573409172,0.0012423118363247831,0.003185044012618099,0.013769731142721748,0.015217038838538085,0.038211197713884586,measured_min_over_explicit_pairs,0.024776133245827267,767,collision_hand_right_ring_0,right_object_26,0,0,0.7530099591499303,-0.05663758121754221,0.7402314518779329,0.7436051786379658,-0.0357325008641501,0.749632754849063,measured_min_over_explicit_pairs,0.006508535114386649,10,collision_hand_right_ring_floor_semantic_10,floor,0,0.0,,0,0.0,not_applicable_static_combination
17,0.5666666666666667,AR,right,ring,tool,0.7570370532572269,-0.06720703188329935,0.7354532434873221,0.7570370532572269,-0.06720703188329935,0.7354532434873221,0.7429372343658116,-0.06860937322794297,0.7410018304241888,-0.011936257091890036,-0.08585911590849524,-0.013145066252278565,0.0,0.03703794491985349,0.03703794491985349,-0.000761241318006145,-0.0026446531809684037,0.002363542924248563,0.0036276733516968527,-0.013338577573409172,0.0012423118363247831,0.003185044012618099,0.013769731142721748,0.015217038838538085,0.032151661217817165,measured_min_over_explicit_pairs,0.01824930438491036,744,collision_hand_right_ring_0,right_object_3,0,0,0.7419236914222839,-0.05477369334961553,0.7441792626202446,0.7373674846407264,-0.038228886499631604,0.7503879224267989,measured_min_over_explicit_pairs,0.010696422030331054,10,collision_hand_right_ring_floor_semantic_10,floor,0,0.0,,0,0.0,not_applicable_static_combination
17,0.5666666666666667,RA,right,ring,tool,0.7570370532572269,-0.06720703188329935,0.7354532434873221,0.7570370532572269,-0.06720703188329935,0.7354532434873221,0.7562758119392208,-0.06985168506426775,0.7378167864115707,-0.019830981103955134,-0.09729385054408679,-0.021026765132211397,0.0,0.045130736000470434,0.045130736000470434,-0.000761241318006145,-0.0026446531809684037,0.002363542924248563,0.0036276733516968527,-0.013338577573409172,0.0012423118363247831,0.003185044012618099,0.013769731142721748,0.015217038838538085,0.04662010398591173,measured_min_over_explicit_pairs,0.032782405318903536,744,collision_hand_right_ring_0,right_object_3,0,0,0.7551232805947534,-0.055894664711066834,0.7400268346709654,0.7496073726686356,-0.025798762870686567,0.7517953329038609,measured_min_over_explicit_pairs,0.006508535114386649,10,collision_hand_right_ring_floor_semantic_10,floor,0,0.0,,0,0.0,not_applicable_static_combination
17,0.5666666666666667,AA,right,ring,tool,0.7570370532572269,-0.06720703188329935,0.7354532434873221,0.7570370532572269,-0.06720703188329935,0.7354532434873221,0.7429372343658116,-0.06860937322794297,0.7410018304241888,-0.031845494810580695,-0.09065999122051564,-0.019909238125282346,0.0,0.045130736000470434,0.045130736000470434,-0.000761241318006145,-0.0026446531809684037,0.002363542924248563,0.0036276733516968527,-0.013338577573409172,0.0012423118363247831,0.003185044012618099,0.013769731142721748,0.015217038838538085,0.043145278582850485,measured_min_over_explicit_pairs,0.028758031145209445,744,collision_hand_right_ring_0,right_object_3,0,0,0.7439425916886853,-0.054404564040974004,0.74405588075904,0.7425686866530717,-0.027271009495775808,0.7534849293878628,measured_min_over_explicit_pairs,0.010696422030331054,10,collision_hand_right_ring_floor_semantic_10,floor,0,0.0,,0,0.0,source endpoint interval; AA solve data only; object and floor separated
17,0.5666666666666667,RR,right,pinky,tool,0.769851366430521,-0.08458509389311075,0.7353646709851859,0.769851366430521,-0.08458509389311075,0.7353646709851859,0.7720292942067123,-0.06943316397673692,0.7218019449764187,0.014876138975990947,-0.09789811501093468,-0.03190193421850313,0.0,0.05696087440660046,0.05696087440660046,0.002177927776191302,0.015151929916373832,-0.013562726008767179,0.020451696418094505,-0.009997898718913545,0.0006447369196300318,0.007329763479261953,0.012413665741879366,0.018695893949392757,0.050809450594862755,measured_min_over_explicit_pairs,0.03878828760217371,914,collision_hand_right_pinky_0,right_object_21,0,0,0.7695260037360826,-0.057683257137799177,0.7262441135005577,0.7512513677907384,-0.02939152787589423,0.7454833180460982,measured_min_over_explicit_pairs,-0.00840731225720881,12,collision_hand_right_pinky_floor_semantic_12,floor,0,0.0,,0,0.0,not_applicable_static_combination
17,0.5666666666666667,AR,right,pinky,tool,0.769851366430521,-0.08458509389311075,0.7353646709851859,0.769851366430521,-0.08458509389311075,0.7353646709851859,0.7620313954877987,-0.06878842705710689,0.7291317084556806,0.005792101912984033,-0.09340462101597147,-0.02473340023265527,0.0,0.05696087440660046,0.05696087440660046,0.002177927776191302,0.015151929916373832,-0.013562726008767179,0.020451696418094505,-0.009997898718913545,0.0006447369196300318,0.007329763479261953,0.012413665741879366,0.018695893949392757,0.042798754457681595,measured_min_over_explicit_pairs,0.030167773860719616,914,collision_hand_right_pinky_0,right_object_21,0,0,0.7605876877559621,-0.056614071542731285,0.7342507020757779,0.7482944983016692,-0.03255186265967962,0.747666445678753,measured_min_over_explicit_pairs,-4.8640091381724204e-05,12,collision_hand_right_pinky_floor_semantic_12,floor,0,0.0,,0,0.0,not_applicable_static_combination
17,0.5666666666666667,RA,right,pinky,tool,0.769851366430521,-0.08458509389311075,0.7353646709851859,0.769851366430521,-0.08458509389311075,0.7353646709851859,0.7720292942067123,-0.06943316397673692,0.7218019449764187,-0.002937857215504019,-0.10373777182804733,-0.034365458974619685,0.0,0.06379901902295042,0.06379901902295042,0.002177927776191302,0.015151929916373832,-0.013562726008767179,0.020451696418094505,-0.009997898718913545,0.0006447369196300318,0.007329763479261953,0.012413665741879366,0.018695893949392757,0.056115447745121866,measured_min_over_explicit_pairs,0.04330601025311492,896,collision_hand_right_pinky_0,right_object_3,0,0,0.7712114219698678,-0.05682539131940895,0.7262229369117771,0.7581071891767747,-0.021523412709210373,0.7476112494481227,measured_min_over_explicit_pairs,-0.00840731225720881,12,collision_hand_right_pinky_floor_semantic_12,floor,0,0.0,,0,0.0,not_applicable_static_combination
17,0.5666666666666667,AA,right,pinky,tool,0.769851366430521,-0.08458509389311075,0.7353646709851859,0.769851366430521,-0.08458509389311075,0.7353646709851859,0.7620313954877987,-0.06878842705710689,0.7291317084556806,-0.012841831944209363,-0.09889322988716848,-0.028661005003612378,0.0,0.06379901902295042,0.06379901902295042,0.002177927776191302,0.015151929916373832,-0.013562726008767179,0.020451696418094505,-0.009997898718913545,0.0006447369196300318,0.007329763479261953,0.012413665741879366,0.018695893949392757,0.04992695848771079,measured_min_over_explicit_pairs,0.03650607694860957,896,collision_hand_right_pinky_0,right_object_3,0,0,0.7624056151704217,-0.055825625746918364,0.7340566681473888,0.7541661444966254,-0.023829597576979375,0.7495827416542973,measured_min_over_explicit_pairs,-4.8640091381724204e-05,12,collision_hand_right_pinky_floor_semantic_12,floor,0,0.0,,30,313.56879791617393,source endpoint interval; AA solve data only; object and floor separated
17,0.5666666666666667,RR,left,palm,target,0.4217686153948307,-0.2836102256551385,0.8059163644246695,0.4217686153948307,-0.2836102256551385,0.8059163644246695,0.4538642624967756,-0.3034199530148914,0.8101390633413911,-0.2022749304620638,-0.2068297479733275,0.06969863118328036,0.0,0.11779302929281404,0.11779302929281404,0.0320956471019449,-0.019809727359752893,0.004222698916721557,0.03795243137272773,0.03055544098680596,0.010513191845457792,0.0178254213502288,0.03690403532123248,0.06706492390645707,0.14154147389731445,measured_min_over_explicit_pairs,0.05711681249140015,1256,collision_hand_left_palm_0,left_object_19,14,0,0.40007101457432237,-0.2165704145447949,0.7960370663197666,0.4103046493734889,-0.17524325867194804,0.757962544977582,measured_min_over_explicit_pairs,0.04225355327780078,13,collision_hand_left_palm_floor_semantic_13,floor,0,0.0,,0,0.0,not_applicable_static_combination
17,0.5666666666666667,AR,left,palm,target,0.4217686153948307,-0.2836102256551385,0.8059163644246695,0.4217686153948307,-0.2836102256551385,0.8059163644246695,0.48441970348358154,-0.2929067611694336,0.8279644846916199,-0.17226956738034901,-0.21778906228305503,0.08817779347992799,0.0,0.11779302929281404,0.11779302929281404,0.0320956471019449,-0.019809727359752893,0.004222698916721557,0.03795243137272773,0.03055544098680596,0.010513191845457792,0.0178254213502288,0.03690403532123248,0.06706492390645707,0.14959596254704532,measured_min_over_explicit_pairs,0.0514017252078052,1244,collision_hand_left_palm_0,left_object_7,16,0,0.4143653522816167,-0.21745038652858342,0.7882816999640907,0.4165107656384791,-0.1761519932447136,0.7577533972265043,measured_min_over_explicit_pairs,0.06461162503961804,13,collision_hand_left_palm_floor_semantic_13,floor,0,0.0,,0,0.0,not_applicable_static_combination
17,0.5666666666666667,RA,left,palm,target,0.4217686153948307,-0.2836102256551385,0.8059163644246695,0.4217686153948307,-0.2836102256551385,0.8059163644246695,0.4538642624967756,-0.3034199530148914,0.8101390633413911,-0.1743995334843773,-0.20708838022457587,0.07362998112010294,0.0,0.10786879127053534,0.10786879127053534,0.0320956471019449,-0.019809727359752893,0.004222698916721557,0.03795243137272773,0.03055544098680596,0.010513191845457792,0.0178254213502288,0.03690403532123248,0.06706492390645707,0.13427075456472273,measured_min_over_explicit_pairs,0.047340043491817745,1256,collision_hand_left_palm_0,left_object_19,14,0,0.39167309907489734,-0.22512248043941654,0.7844972295714985,0.3983748801092024,-0.18993634748930538,0.7535440084662156,measured_min_over_explicit_pairs,0.04225355327780078,13,collision_hand_left_palm_floor_semantic_13,floor,0,0.0,,0,0.0,not_applicable_static_combination
17,0.5666666666666667,AA,left,palm,target,0.4217686153948307,-0.2836102256551385,0.8059163644246695,0.4217686153948307,-0.2836102256551385,0.8059163644246695,0.48441970348358154,-0.2929067611694336,0.8279644846916199,-0.14340016778135126,-0.2167935450828381,0.09114445867653548,0.0,0.10786879127053534,0.10786879127053534,0.0320956471019449,-0.019809727359752893,0.004222698916721557,0.03795243137272773,0.03055544098680596,0.010513191845457792,0.0178254213502288,0.03690403532123248,0.06706492390645707,0.14629036946573457,measured_min_over_explicit_pairs,0.04451630572933715,1244,collision_hand_left_palm_0,left_object_7,15,0,0.41436535228154653,-0.2174503865285466,0.7882816999639572,0.408262024552541,-0.1899788717949888,0.753788704375518,measured_min_over_explicit_pairs,0.06461162503961804,13,collision_hand_left_palm_floor_semantic_13,floor,0,0.0,,0,0.0,source endpoint interval; AA solve data only; object and floor separated
17,0.5666666666666667,RR,left,thumb,target,0.41195727363228796,-0.16296877060085535,0.784385676615679,0.41195727363228796,-0.16296877060085535,0.784385676615679,0.41338893604519045,-0.1727579139796588,0.790491682848105,-0.1503518372586298,-0.08048440739114338,0.04877765219532709,0.0,0.027411366494726388,0.027411366494726388,0.0014316624129024902,-0.009789143378803461,0.0061060062324259645,0.01162584609676707,0.04622397336833872,0.015501954272266583,0.031098469254732364,0.057828030315789467,0.0607278257991619,0.03189790985102424,measured_min_over_explicit_pairs,0.020195407687670704,1440,collision_hand_left_thumb_0,left_object_7,47,0,0.4238951631917283,-0.16898013880142004,0.7784449694836499,0.4242748796069574,-0.1714390136475868,0.7584034066302664,measured_min_over_explicit_pairs,0.06073700267975912,16,collision_hand_left_thumb_floor_semantic_16,floor,0,0.0,,0,0.0,not_applicable_static_combination
17,0.5666666666666667,AR,left,thumb,target,0.41195727363228796,-0.16296877060085535,0.784385676615679,0.41195727363228796,-0.16296877060085535,0.784385676615679,0.45961290941352917,-0.15725595970739223,0.8215901521028374,-0.10527978944888512,-0.09730651516932697,0.08086516201362137,0.0,0.027411366494726388,0.027411366494726388,0.0014316624129024902,-0.009789143378803461,0.0061060062324259645,0.01162584609676707,0.04622397336833872,0.015501954272266583,0.031098469254732364,0.057828030315789467,0.0607278257991619,0.06428527725817401,measured_min_over_explicit_pairs,0.053183748765984265,1439,collision_hand_left_thumb_0,left_object_6,49,0,0.46848936653330914,-0.1511482091164099,0.810069779220685,0.4616127500305658,-0.1439718598016027,0.7578230253618146,measured_min_over_explicit_pairs,0.09163632251314935,16,collision_hand_left_thumb_floor_semantic_16,floor,0,0.0,,0,0.0,not_applicable_static_combination
17,0.5666666666666667,RA,left,thumb,target,0.41195727363228796,-0.16296877060085535,0.784385676615679,0.41195727363228796,-0.16296877060085535,0.784385676615679,0.41338893604519045,-0.1727579139796588,0.790491682848105,-0.12916696593745675,-0.0781773329856155,0.052826212487405974,0.0,0.03507517019638192,0.03507517019638192,0.0014316624129024902,-0.009789143378803461,0.0061060062324259645,0.01162584609676707,0.04622397336833872,0.015501954272266583,0.031098469254732364,0.057828030315789467,0.0607278257991619,0.037351823964793376,measured_min_over_explicit_pairs,0.024491272333590747,1439,collision_hand_left_thumb_0,left_object_6,46,0,0.42571553004660284,-0.1695474309958346,0.7786729201501404,0.4291482245035388,-0.1734555923973035,0.7547404045334424,measured_min_over_explicit_pairs,0.06073700267975912,16,collision_hand_left_thumb_floor_semantic_16,floor,0,0.0,,0,0.0,not_applicable_static_combination
17,0.5666666666666667,AA,left,thumb,target,0.41195727363228796,-0.16296877060085535,0.784385676615679,0.41195727363228796,-0.16296877060085535,0.784385676615679,0.45961290941352917,-0.15725595970739223,0.8215901521028374,-0.0824634517773939,-0.09316187817281114,0.08345832408353275,0.0,0.03507517019638192,0.03507517019638192,0.0014316624129024902,-0.009789143378803461,0.0061060062324259645,0.01162584609676707,0.04622397336833872,0.015501954272266583,0.031098469254732364,0.057828030315789467,0.0607278257991619,0.06647066896282046,measured_min_over_explicit_pairs,0.05474193427981541,1439,collision_hand_left_thumb_0,left_object_6,47,0,0.4695850480064306,-0.15170275255712437,0.8099015283889455,0.46650560756638504,-0.14633993484733895,0.7555100161698184,measured_min_over_explicit_pairs,0.09163632251314935,16,collision_hand_left_thumb_floor_semantic_16,floor,0,0.0,,0,0.0,source endpoint interval; AA solve data only; object and floor separated
17,0.5666666666666667,RR,left,index,target,0.3975375987589359,-0.157158182002604,0.7706347062520621,0.3975375987589359,-0.157158182002604,0.7706347062520621,0.3971536269934561,-0.1600939555625323,0.7776602338749475,-0.1546639593338894,-0.06060981617726825,0.03554838869216118,0.0,0.011997846460506527,0.011997846460506527,-0.00038397176547982914,-0.002935773559928301,0.007025527622885441,0.007623925438498605,0.05310289750613517,0.022173729813628723,0.028392889626218665,0.06416968286287178,0.06636149766618939,0.018634574214831962,measured_min_over_explicit_pairs,0.005840043552034468,1586,collision_hand_left_index_0,left_object_22,42,0,0.3950999534654325,-0.15735766833959358,0.7648239024643163,0.39403588767859843,-0.15805730204803217,0.7591243949974412,measured_min_over_explicit_pairs,0.042451033661923265,19,collision_hand_left_index_floor_semantic_19,floor,0,0.0,,0,0.0,not_applicable_static_combination
17,0.5666666666666667,AR,left,index,target,0.3975375987589359,-0.157158182002604,0.7706347062520621,0.3975375987589359,-0.157158182002604,0.7706347062520621,0.45025652449959125,-0.13792022574890359,0.8060531235011662,-0.10000068922812595,-0.07668214302696574,0.06506711850396679,0.0,0.011997846460506527,0.011997846460506527,-0.00038397176547982914,-0.002935773559928301,0.007025527622885441,0.007623925438498605,0.05310289750613517,0.022173729813628723,0.028392889626218665,0.06416968286287178,0.06636149766618939,0.049409961138335796,measured_min_over_explicit_pairs,0.038105521344609546,1570,collision_hand_left_index_0,left_object_6,40,0,0.451660219889922,-0.13579238880760597,0.7942050475953627,0.458479160768558,-0.14457097160758692,0.7577568749901136,measured_min_over_explicit_pairs,0.07239882757609373,19,collision_hand_left_index_floor_semantic_19,floor,0,0.0,,0,0.0,not_applicable_static_combination
17,0.5666666666666667,RA,left,index,target,0.3975375987589359,-0.157158182002604,0.7706347062520621,0.3975375987589359,-0.157158182002604,0.7706347062520621,0.3971536269934561,-0.1600939555625323,0.7776602338749475,-0.1347906254383829,-0.05839091479077421,0.039962336928956343,0.0,0.02736058167035612,0.02736058167035612,-0.00038397176547982914,-0.002935773559928301,0.007025527622885441,0.007623925438498605,0.05310289750613517,0.022173729813628723,0.028392889626218665,0.06416968286287178,0.06636149766618939,0.030779145731935152,measured_min_over_explicit_pairs,0.01983018148956623,1586,collision_hand_left_index_0,left_object_22,42,0,0.39004301348547615,-0.16065160668078912,0.7685734507946148,0.3789857996421279,-0.16851969595450222,0.7541142913753235,measured_min_over_explicit_pairs,0.042451033661923265,19,collision_hand_left_index_floor_semantic_19,floor,0,0.0,,0,0.0,not_applicable_static_combination
17,0.5666666666666667,AA,left,index,target,0.3975375987589359,-0.157158182002604,0.7706347062520621,0.3975375987589359,-0.157158182002604,0.7706347062520621,0.45025652449959125,-0.13792022574890359,0.8060531235011662,-0.07861822618045809,-0.07213837465468691,0.06777271462541952,0.0,0.02736058167035612,0.02736058167035612,-0.00038397176547982914,-0.002935773559928301,0.007025527622885441,0.007623925438498605,0.05310289750613517,0.022173729813628723,0.028392889626218665,0.06416968286287178,0.06636149766618939,0.0530420170459449,measured_min_over_explicit_pairs,0.04204514044182838,1570,collision_hand_left_index_0,left_object_6,36,0,0.45215167803736395,-0.13624322995898042,0.7944315096537579,0.4617419520770766,-0.14782497287214194,0.7551672293253255,measured_min_over_explicit_pairs,0.07239882757609373,19,collision_hand_left_index_floor_semantic_19,floor,0,0.0,,0,0.0,source endpoint interval; AA solve data only; object and floor separated
17,0.5666666666666667,RR,left,middle,target,0.3940372563898563,-0.18100807163864374,0.7579936339788077,0.3940372563898563,-0.18100807163864374,0.7579936339788077,0.40689426231764947,-0.18042128021453072,0.7589347212805879,-0.1597400759598819,-0.0828081945584973,0.0171041493966171,0.0,0.01234641655276014,0.01234641655276014,0.012857005927793153,0.0005867914241130257,0.000941087301780219,0.012904749936062025,0.03990062115980281,0.027340324537551697,0.030863083485740184,0.05737667502569771,0.0676372404916986,0.005881256907028056,measured_min_over_explicit_pairs,-0.008188644211468461,1745,collision_hand_left_middle_0,left_object_19,42,0,0.4117373604765655,-0.16771361797428366,0.7555947977397741,0.40889743603177087,-0.17539331527665725,0.7554900479722795,measured_min_over_explicit_pairs,0.023280995036573215,21,collision_hand_left_middle_floor_semantic_21,floor,0,0.0,,0,0.0,not_applicable_static_combination
17,0.5666666666666667,AR,left,middle,target,0.3940372563898563,-0.18100807163864374,0.7579936339788077,0.3940372563898563,-0.18100807163864374,0.7579936339788077,0.4467948834774523,-0.15308095567697902,0.7897978047663281,-0.11204050543119266,-0.08647300681755037,0.04878068581537696,0.0,0.01234641655276014,0.01234641655276014,0.012857005927793153,0.0005867914241130257,0.000941087301780219,0.012904749936062025,0.03990062115980281,0.027340324537551697,0.030863083485740184,0.05737667502569771,0.0676372404916986,0.031832604957782555,measured_min_over_explicit_pairs,0.017958124160234578,1764,collision_hand_left_middle_external_semantic_link2,left_object_6,41,0,0.45512306518619505,-0.14703263959086735,0.7758828948688532,0.45558957200103467,-0.14793450915125414,0.7579534992838883,measured_min_over_explicit_pairs,0.05524727753903369,21,collision_hand_left_middle_floor_semantic_21,floor,0,0.0,,0,0.0,not_applicable_static_combination
17,0.5666666666666667,RA,left,middle,target,0.3940372563898563,-0.18100807163864374,0.7579936339788077,0.3940372563898563,-0.18100807163864374,0.7579936339788077,0.40689426231764947,-0.18042128021453072,0.7589347212805879,-0.1393166064522363,-0.08060683234642912,0.021396415756798758,0.0,0.005496657636066738,0.005496657636066738,0.012857005927793153,0.0005867914241130257,0.000941087301780219,0.012904749936062025,0.03990062115980281,0.027340324537551697,0.030863083485740184,0.05737667502569771,0.0676372404916986,0.008026483073806096,measured_min_over_explicit_pairs,-0.002471621320737743,1764,collision_hand_left_middle_external_semantic_link2,left_object_6,42,0,0.4182182997393621,-0.1830538644732224,0.7519245511903428,0.41671015773060066,-0.1810974031349879,0.7520062742992424,measured_min_over_explicit_pairs,0.023280995036573215,21,collision_hand_left_middle_floor_semantic_21,floor,0,0.0,,0,0.0,not_applicable_static_combination
17,0.5666666666666667,AA,left,middle,target,0.3940372563898563,-0.18100807163864374,0.7579936339788077,0.3940372563898563,-0.18100807163864374,0.7579936339788077,0.4467948834774523,-0.15308095567697902,0.7897978047663281,-0.09062857120478408,-0.08231943857311518,0.05170524352462392,0.0,0.005496657636066738,0.005496657636066738,0.012857005927793153,0.0005867914241130257,0.000941087301780219,0.012904749936062025,0.03990062115980281,0.027340324537551697,0.030863083485740184,0.05737667502569771,0.0676372404916986,0.03513076450104511,measured_min_over_explicit_pairs,0.021138209238042247,1764,collision_hand_left_middle_external_semantic_link2,left_object_6,37,0,0.45603010703786284,-0.1477630973440462,0.7760304954151989,0.458915727320792,-0.15103436398254996,0.7553472679118856,measured_min_over_explicit_pairs,0.05524727753903369,21,collision_hand_left_middle_floor_semantic_21,floor,0,0.0,,0,0.0,source endpoint interval; AA solve data only; object and floor separated
17,0.5666666666666667,RR,left,ring,target,0.3893151082098484,-0.19450804684311152,0.7541142060689566,0.3893151082098484,-0.19450804684311152,0.7541142060689566,0.3885887680748898,-0.19274136111275206,0.7525503646966181,-0.18160348042429436,-0.08082651579807312,0.010343970677256382,0.0,0.02608100285042215,0.02608100285042215,-0.0007263401349585918,0.0017666857303594574,-0.0015638413723385591,0.0024686733885520666,0.04395649734977952,0.027771879119515036,0.027125248927216683,0.058644949129942975,0.05826455923110511,0.02513301595684743,measured_min_over_explicit_pairs,0.02588986671894548,1844,collision_hand_left_ring_1,left_object_22,15,0,0.3742844631238546,-0.17909972389078033,0.7626057088400954,0.3938362904631966,-0.1629330792117119,0.7574432630788243,measured_min_over_explicit_pairs,0.016887779807283065,23,collision_hand_left_ring_floor_semantic_23,floor,0,0.0,,0,0.0,not_applicable_static_combination
17,0.5666666666666667,AR,left,ring,target,0.3893151082098484,-0.19450804684311152,0.7541142060689566,0.3893151082098484,-0.19450804684311152,0.7541142060689566,0.4325452654246693,-0.16496948199323702,0.7796756136238348,-0.13043727722602674,-0.08679160182846021,0.038373730886313955,0.0,0.02608100285042215,0.02608100285042215,-0.0007263401349585918,0.0017666857303594574,-0.0015638413723385591,0.0024686733885520666,0.04395649734977952,0.027771879119515036,0.027125248927216683,0.058644949129942975,0.05826455923110511,0.02148649771066371,measured_min_over_explicit_pairs,0.02560495031782237,1841,collision_hand_left_ring_1,left_object_19,15,0,0.4091057974992602,-0.16451202463256748,0.7838234100997444,0.406284321144336,-0.16871909081328157,0.7587245386887058,measured_min_over_explicit_pairs,0.0447234122982173,23,collision_hand_left_ring_floor_semantic_23,floor,0,0.0,,0,0.0,not_applicable_static_combination
17,0.5666666666666667,RA,left,ring,target,0.3893151082098484,-0.19450804684311152,0.7541142060689566,0.3893151082098484,-0.19450804684311152,0.7541142060689566,0.3885887680748898,-0.19274136111275206,0.7525503646966181,-0.16143029205163353,-0.07960415034613173,0.015263304000194539,0.0,0.006974176972476067,0.006974176972476067,-0.0007263401349585918,0.0017666857303594574,-0.0015638413723385591,0.0024686733885520666,0.04395649734977952,0.027771879119515036,0.027125248927216683,0.058644949129942975,0.05826455923110511,0.005544523226660661,measured_min_over_explicit_pairs,-0.0005536263894414277,1887,collision_hand_left_ring_link2_external_exact_mesh,left_object_external_exact_sdf,14,0,0.39232387163584637,-0.18341931480289103,0.7398424846836491,0.39189940405160995,-0.18377472207088075,0.7398463734981864,measured_min_over_explicit_pairs,0.016887779807283065,23,collision_hand_left_ring_floor_semantic_23,floor,0,0.0,,0,0.0,not_applicable_static_combination
17,0.5666666666666667,AA,left,ring,target,0.3893151082098484,-0.19450804684311152,0.7541142060689566,0.3893151082098484,-0.19450804684311152,0.7541142060689566,0.4325452654246693,-0.16496948199323702,0.7796756136238348,-0.10927330620720392,-0.08340841719933206,0.04180396035581639,0.0,0.006974176972476067,0.006974176972476067,-0.0007263401349585918,0.0017666857303594574,-0.0015638413723385591,0.0024686733885520666,0.04395649734977952,0.027771879119515036,0.027125248927216683,0.058644949129942975,0.05826455923110511,0.025269370258589247,measured_min_over_explicit_pairs,0.03355239837322012,1828,collision_hand_left_ring_1,left_object_6,15,0,0.413708533012568,-0.16655110313501512,0.7847625248351963,0.422880707893667,-0.1777653198653339,0.7544990817450381,measured_min_over_explicit_pairs,0.0447234122982173,23,collision_hand_left_ring_floor_semantic_23,floor,0,0.0,,0,0.0,source endpoint interval; AA solve data only; object and floor separated
17,0.5666666666666667,RR,left,pinky,target,0.3753273881971836,-0.20335444901138544,0.7552469923429129,0.3753273881971836,-0.20335444901138544,0.7552469923429129,0.3622104110679869,-0.19276146492369955,0.7429254947469295,-0.20185162438871776,-0.06427059985483606,0.00012777973484982757,0.0,0.041404719878854,0.041404719878854,-0.013116977129196683,0.010592984087685886,-0.012321497595983444,0.02088266515312787,0.04271180567224109,0.030171735797830918,0.029578682857951955,0.06007936804302038,0.05324872493311693,0.045084176844907994,measured_min_over_explicit_pairs,0.050255870946668724,1942,collision_hand_left_pinky_1,left_object_22,18,0,0.3525210720559881,-0.19172529210757944,0.7606601950719964,0.39120554417754516,-0.15987067358610504,0.7568592136018977,measured_min_over_explicit_pairs,0.008365519129893584,25,collision_hand_left_pinky_floor_semantic_25,floor,0,0.0,,0,0.0,not_applicable_static_combination
17,0.5666666666666667,AR,left,pinky,target,0.3753273881971836,-0.20335444901138544,0.7552469923429129,0.3753273881971836,-0.20335444901138544,0.7552469923429129,0.404922216740228,-0.16258972912586864,0.7725041776048814,-0.15016311287653722,-0.06755087256520811,0.03057557198731815,0.0,0.041404719878854,0.041404719878854,-0.013116977129196683,0.010592984087685886,-0.012321497595983444,0.02088266515312787,0.04271180567224109,0.030171735797830918,0.029578682857951955,0.06007936804302038,0.05324872493311693,0.014671471732365143,measured_min_over_explicit_pairs,0.022569615377823617,1942,collision_hand_left_pinky_1,left_object_22,15,0,0.3902997993276699,-0.1692189887267423,0.7800011684894341,0.39614614806424475,-0.1638056184220653,0.7588847491268225,measured_min_over_explicit_pairs,0.03952834069717692,25,collision_hand_left_pinky_floor_semantic_25,floor,0,0.0,,0,0.0,not_applicable_static_combination
17,0.5666666666666667,RA,left,pinky,target,0.3753273881971836,-0.20335444901138544,0.7552469923429129,0.3753273881971836,-0.20335444901138544,0.7552469923429129,0.3622104110679869,-0.19276146492369955,0.7429254947469295,-0.1827229797526091,-0.06393000417194467,0.005808208216745458,0.0,0.02189514075724646,0.02189514075724646,-0.013116977129196683,0.010592984087685886,-0.012321497595983444,0.02088266515312787,0.04271180567224109,0.030171735797830918,0.029578682857951955,0.06007936804302038,0.05324872493311693,0.025133061942914193,measured_min_over_explicit_pairs,0.031911292011619324,1942,collision_hand_left_pinky_1,left_object_22,15,0,0.3527055148203388,-0.19230521417723498,0.7591453938622423,0.3777597255726312,-0.17362045506143495,0.7527035883532966,measured_min_over_explicit_pairs,0.008365519129893584,25,collision_hand_left_pinky_floor_semantic_25,floor,0,0.0,,0,0.0,not_applicable_static_combination
17,0.5666666666666667,AA,left,pinky,target,0.3753273881971836,-0.20335444901138544,0.7552469923429129,0.3753273881971836,-0.20335444901138544,0.7552469923429129,0.404922216740228,-0.16258972912586864,0.7725041776048814,-0.13010484037391823,-0.06505375858163992,0.03478404381815736,0.0,0.02189514075724646,0.02189514075724646,-0.013116977129196683,0.010592984087685886,-0.012321497595983444,0.02088266515312787,0.04271180567224109,0.030171735797830918,0.029578682857951955,0.06007936804302038,0.05324872493311693,0.029114731264763254,measured_min_over_explicit_pairs,0.025252560953296418,1942,collision_hand_left_pinky_1,left_object_22,15,0,0.3857047176701286,-0.17302006939054182,0.7793567807833668,0.38257624828838027,-0.17496210730618098,0.7543741267457824,measured_min_over_explicit_pairs,0.03952834069717692,25,collision_hand_left_pinky_floor_semantic_25,floor,83,841.513656526804,171,0,0.0,source endpoint interval; AA solve data only; object and floor separated
18,0.6,RR,right,palm,tool,0.7682186014950275,-0.18386845383793116,0.8053437426023123,0.7682186014950275,-0.18386845383793116,0.8053437426023123,0.7661646952600949,-0.2089477473455636,0.8176725366284898,-0.04264106140883616,-0.2227087327545875,0.06732048122333543,0.0,0.14714872870670048,0.14714872870670048,-0.002053906234932623,-0.02507929350763244,0.012328794026177481,0.028021217957179864,-0.022084390160607592,-0.018014237884882267,-0.004795298831706374,0.028900310486644144,0.04996462098927319,0.17286402311769142,measured_min_over_explicit_pairs,0.07353754813123034,117,collision_hand_right_palm_0,right_object_8,0,0,0.7733188186315144,-0.09883836485140637,0.8185341662135726,0.7461888353250699,-0.03765465285221297,0.7880663409392801,measured_min_over_explicit_pairs,0.026020932617850212,0,collision_hand_right_palm_floor_semantic_00,floor,0,0.0,,0,0.0,not_applicable_static_combination
18,0.6,AR,right,palm,tool,0.7682186014950275,-0.18386845383793116,0.8053437426023123,0.7682186014950275,-0.18386845383793116,0.8053437426023123,0.7440803050994873,-0.22696198523044586,0.8128772377967834,-0.06979213310809901,-0.23141966019825122,0.06261229740394739,0.0,0.14714872870670048,0.14714872870670048,-0.002053906234932623,-0.02507929350763244,0.012328794026177481,0.028021217957179864,-0.022084390160607592,-0.018014237884882267,-0.004795298831706374,0.028900310486644144,0.04996462098927319,0.18665534890898047,measured_min_over_explicit_pairs,0.0822486852680231,118,collision_hand_right_palm_0,right_object_9,0,0,0.7402292227922815,-0.11812962271703378,0.8182098922025263,0.7293051694126053,-0.042283292424428125,0.7883293723405614,measured_min_over_explicit_pairs,0.031075352632592868,0,collision_hand_right_palm_floor_semantic_00,floor,0,0.0,,0,0.0,not_applicable_static_combination
18,0.6,RA,right,palm,tool,0.7682186014950275,-0.18386845383793116,0.8053437426023123,0.7682186014950275,-0.18386845383793116,0.8053437426023123,0.7661646952600949,-0.2089477473455636,0.8176725366284898,-0.10189140842761672,-0.22513006718149917,0.051348073014202994,0.0,0.16436831738861485,0.16436831738861485,-0.002053906234932623,-0.02507929350763244,0.012328794026177481,0.028021217957179864,-0.022084390160607592,-0.018014237884882267,-0.004795298831706374,0.028900310486644144,0.04996462098927319,0.1904495780638313,measured_min_over_explicit_pairs,0.08397772701273283,118,collision_hand_right_palm_0,right_object_9,0,0,0.7733188186315144,-0.09883836485140637,0.8185341662135726,0.7597162085559883,-0.019517892991551385,0.79454478570285,measured_min_over_explicit_pairs,0.026020932617850212,0,collision_hand_right_palm_floor_semantic_00,floor,0,0.0,,0,0.0,not_applicable_static_combination
18,0.6,AA,right,palm,tool,0.7682186014950275,-0.18386845383793116,0.8053437426023123,0.7682186014950275,-0.18386845383793116,0.8053437426023123,0.7440803050994873,-0.22696198523044586,0.8128772377967834,-0.1289212009696005,-0.231337842572956,0.04321900258450595,0.0,0.16436831738861485,0.16436831738861485,-0.002053906234932623,-0.02507929350763244,0.012328794026177481,0.028021217957179864,-0.022084390160607592,-0.018014237884882267,-0.004795298831706374,0.028900310486644144,0.04996462098927319,0.20735494787984754,measured_min_over_explicit_pairs,0.10076878901910506,118,collision_hand_right_palm_0,right_object_9,2,0,0.7385875807752672,-0.11708809147879143,0.8214538018726982,0.7455498508334748,-0.019992059502782124,0.7954108333297829,measured_min_over_explicit_pairs,0.031075352632592868,0,collision_hand_right_palm_floor_semantic_00,floor,0,0.0,,0,0.0,source endpoint interval; AA solve data only; object and floor separated
18,0.6,RR,right,thumb,tool,0.7343650110065937,-0.0668019587174058,0.8001096203260062,0.7343650110065937,-0.0668019587174058,0.8001096203260062,0.7308072960574746,-0.06824437878197417,0.7979673320350368,-0.023364376681363586,-0.07951520185565125,0.04365825761274472,0.0,0.02763325126797343,0.02763325126797343,-0.0035577149491190507,-0.0014424200645683782,-0.0021422882909694074,0.004396283705981592,-0.03154052700496135,-0.020813011303492446,0.0002663376906280046,0.03778964433592158,0.04160180289723699,0.02767859836131692,measured_min_over_explicit_pairs,0.049407539984687186,270,collision_hand_right_thumb_external_semantic_rota1,right_object_9,6,0,0.7241917737370612,-0.0890780658341887,0.8053863463327495,0.7237642572358169,-0.042752018909719317,0.7882160343573809,measured_min_over_explicit_pairs,0.07332899812671079,3,collision_hand_right_thumb_floor_semantic_03,floor,0,0.0,,0,0.0,not_applicable_static_combination
18,0.6,AR,right,thumb,tool,0.7343650110065937,-0.0668019587174058,0.8001096203260062,0.7343650110065937,-0.0668019587174058,0.8001096203260062,0.6992667690525133,-0.08905739008546662,0.7982336697256648,-0.060365616127531545,-0.0871893923980383,0.043927140490463944,0.0,0.02763325126797343,0.02763325126797343,-0.0035577149491190507,-0.0014424200645683782,-0.0021422882909694074,0.004396283705981592,-0.03154052700496135,-0.020813011303492446,0.0002663376906280046,0.03778964433592158,0.04160180289723699,0.04984547831880514,measured_min_over_explicit_pairs,0.07262581657314869,270,collision_hand_right_thumb_external_semantic_rota1,right_object_9,10,0,0.6953162401870082,-0.11062966897310336,0.8045470542967643,0.7099340047395558,-0.04151467081237928,0.7876963207327314,measured_min_over_explicit_pairs,0.07159859181880779,3,collision_hand_right_thumb_floor_semantic_03,floor,0,0.0,,0,0.0,not_applicable_static_combination
18,0.6,RA,right,thumb,tool,0.7343650110065937,-0.0668019587174058,0.8001096203260062,0.7343650110065937,-0.0668019587174058,0.8001096203260062,0.7308072960574746,-0.06824437878197417,0.7979673320350368,-0.06676995728083984,-0.0844247374664313,0.031239056362382868,0.0,0.04802196038065096,0.04802196038065096,-0.0035577149491190507,-0.0014424200645683782,-0.0021422882909694074,0.004396283705981592,-0.03154052700496135,-0.020813011303492446,0.0002663376906280046,0.03778964433592158,0.04160180289723699,0.04971663879342093,measured_min_over_explicit_pairs,0.07178831430528355,284,collision_hand_right_thumb_external_semantic_rota1,right_object_23,10,0,0.726221380079193,-0.08862997963292654,0.8077566623146081,0.7394380510011532,-0.019118115411719323,0.7956330319578526,measured_min_over_explicit_pairs,0.07332899812671079,3,collision_hand_right_thumb_floor_semantic_03,floor,0,0.0,,0,0.0,not_applicable_static_combination
18,0.6,AA,right,thumb,tool,0.7343650110065937,-0.0668019587174058,0.8001096203260062,0.7343650110065937,-0.0668019587174058,0.8001096203260062,0.6992667690525133,-0.08905739008546662,0.7982336697256648,-0.10405929086009037,-0.08867264197943901,0.026821123870911658,0.0,0.04802196038065096,0.04802196038065096,-0.0035577149491190507,-0.0014424200645683782,-0.0021422882909694074,0.004396283705981592,-0.03154052700496135,-0.020813011303492446,0.0002663376906280046,0.03778964433592158,0.04160180289723699,0.07828770311384091,measured_min_over_explicit_pairs,0.10034853805335811,284,collision_hand_right_thumb_external_semantic_rota1,right_object_23,19,0,0.6967190085170822,-0.11076168853748325,0.8059125821876063,0.730285332675323,-0.017272500829269476,0.7916681884269532,measured_min_over_explicit_pairs,0.07159859181880779,3,collision_hand_right_thumb_floor_semantic_03,floor,0,0.0,,0,0.0,source endpoint interval; AA solve data only; object and floor separated
18,0.6,RR,right,index,tool,0.7576188988983631,-0.03798361960798502,0.7639878346852896,0.7576188988983631,-0.03798361960798502,0.7639878346852896,0.7591281286907194,-0.04019273371136789,0.7708010263493095,0.013477617552774518,-0.0646906922483725,0.0162744322303525,0.0,0.005359869328816286,0.005359869328816286,0.001509229792356348,-0.00220911410338287,0.006813191664019835,0.007319668048386515,-0.0326013253406644,-0.01482029861662508,0.005933772377516799,0.03630010082192565,0.03767232930746006,0.0076475386982688695,measured_min_over_explicit_pairs,-0.0014796659354298586,465,collision_hand_right_index_rota_link2_external_exact_mesh,right_object_external_exact_sdf,0,0,0.7614697400450702,-0.024630361905238582,0.7711455659808463,0.7625046581880305,-0.025687306611283697,0.7711105858978534,measured_min_over_explicit_pairs,0.03934500870406121,6,collision_hand_right_index_floor_semantic_06,floor,0,0.0,,0,0.0,not_applicable_static_combination
18,0.6,AR,right,index,tool,0.7576188988983631,-0.03798361960798502,0.7639878346852896,0.7576188988983631,-0.03798361960798502,0.7639878346852896,0.726526803350055,-0.05501303232799297,0.7767347987268263,-0.02232686048853185,-0.06624607724257611,0.02204655916861226,0.0,0.005359869328816286,0.005359869328816286,0.001509229792356348,-0.00220911410338287,0.006813191664019835,0.007319668048386515,-0.0326013253406644,-0.01482029861662508,0.005933772377516799,0.03630010082192565,0.03767232930746006,0.011489267267154072,measured_min_over_explicit_pairs,-0.002716061331947037,465,collision_hand_right_index_rota_link2_external_exact_mesh,right_object_external_exact_sdf,0,0,0.733525542701561,-0.04047211644590688,0.7795432613108164,0.731525540958678,-0.039758198713817944,0.7778499498630396,measured_min_over_explicit_pairs,0.04597648953351319,6,collision_hand_right_index_floor_semantic_06,floor,0,0.0,,0,0.0,not_applicable_static_combination
18,0.6,RA,right,index,tool,0.7576188988983631,-0.03798361960798502,0.7639878346852896,0.7576188988983631,-0.03798361960798502,0.7639878346852896,0.7591281286907194,-0.04019273371136789,0.7708010263493095,-0.025585348940407242,-0.0731749173180873,0.008783720709291499,0.0,0.01728221959079451,0.01728221959079451,0.001509229792356348,-0.00220911410338287,0.006813191664019835,0.007319668048386515,-0.0326013253406644,-0.01482029861662508,0.005933772377516799,0.03630010082192565,0.03767232930746006,0.019086687155053263,measured_min_over_explicit_pairs,0.02833285400074052,395,collision_hand_right_index_1,right_object_9,1,0,0.7725302920896403,-0.04682720893398988,0.7838335453637564,0.7650690681915466,-0.01951580626241941,0.7827527873514675,measured_min_over_explicit_pairs,0.03934500870406121,6,collision_hand_right_index_floor_semantic_06,floor,0,0.0,,0,0.0,not_applicable_static_combination
18,0.6,AA,right,index,tool,0.7576188988983631,-0.03798361960798502,0.7639878346852896,0.7576188988983631,-0.03798361960798502,0.7639878346852896,0.726526803350055,-0.05501303232799297,0.7767347987268263,-0.06182169536584218,-0.07141263850506574,0.010016153589010066,0.0,0.01728221959079451,0.01728221959079451,0.001509229792356348,-0.00220911410338287,0.006813191664019835,0.007319668048386515,-0.0326013253406644,-0.01482029861662508,0.005933772377516799,0.03630010082192565,0.03767232930746006,0.03583043545033461,measured_min_over_explicit_pairs,0.040076436752523675,395,collision_hand_right_index_1,right_object_9,1,0,0.7433237265980058,-0.06107117047268876,0.7898598954365652,0.7459447676741071,-0.02132278495232885,0.7854648101152931,measured_min_over_explicit_pairs,0.04597648953351319,6,collision_hand_right_index_floor_semantic_06,floor,0,0.0,,0,0.0,source endpoint interval; AA solve data only; object and floor separated
18,0.6,RR,right,middle,tool,0.7587506122887134,-0.04438053909689188,0.7448533132009146,0.7587506122887134,-0.04438053909689188,0.7448533132009146,0.7604591440520032,-0.051520905868051484,0.7538284150833298,0.010625275551230084,-0.07618560856786565,-0.0003958906040611102,0.0,0.01545982454789709,0.01545982454789709,0.0017085317632897778,-0.007140366771159604,0.008975101882415126,0.011595532424713487,-0.023205136290694983,-0.007994209640833402,0.006494984429853634,0.02538839421458876,0.030503819103305053,0.019700554080416686,measured_min_over_explicit_pairs,0.006648376655718718,614,collision_hand_right_middle_0,right_object_26,0,0,0.7560937517716372,-0.038698756273224943,0.7544982147296384,0.7526212425965985,-0.03325050733935693,0.7560663906573273,measured_min_over_explicit_pairs,0.022040880485052705,8,collision_hand_right_middle_floor_semantic_08,floor,0,0.0,,0,0.0,not_applicable_static_combination
18,0.6,AR,right,middle,tool,0.7587506122887134,-0.04438053909689188,0.7448533132009146,0.7587506122887134,-0.04438053909689188,0.7448533132009146,0.7372540077613082,-0.059515115508884886,0.7603233995131834,-0.013928634308001436,-0.07485543365145358,0.005921284881220696,0.0,0.01545982454789709,0.01545982454789709,0.0017085317632897778,-0.007140366771159604,0.008975101882415126,0.011595532424713487,-0.023205136290694983,-0.007994209640833402,0.006494984429853634,0.02538839421458876,0.030503819103305053,0.017978950630683686,measured_min_over_explicit_pairs,0.003790534984900217,597,collision_hand_right_middle_0,right_object_9,0,0,0.7363347570459932,-0.04511472529071894,0.7606770027154267,0.7354680463692058,-0.041451942360383846,0.7611253209949351,measured_min_over_explicit_pairs,0.02961640354251316,8,collision_hand_right_middle_floor_semantic_08,floor,0,0.0,,0,0.0,not_applicable_static_combination
18,0.6,RA,right,middle,tool,0.7587506122887134,-0.04438053909689188,0.7448533132009146,0.7587506122887134,-0.04438053909689188,0.7448533132009146,0.7604591440520032,-0.051520905868051484,0.7538284150833298,-0.02736683110481536,-0.08444139803468598,-0.008188649574493329,0.0,0.02841923756485341,0.02841923756485341,0.0017085317632897778,-0.007140366771159604,0.008975101882415126,0.011595532424713487,-0.023205136290694983,-0.007994209640833402,0.006494984429853634,0.02538839421458876,0.030503819103305053,0.032747217957564724,measured_min_over_explicit_pairs,0.018844196563674753,591,collision_hand_right_middle_0,right_object_3,0,0,0.7599237658740002,-0.037335657898002514,0.7547288499155855,0.7572986199989454,-0.01932446079546647,0.7596083101519939,measured_min_over_explicit_pairs,0.022040880485052705,8,collision_hand_right_middle_floor_semantic_08,floor,0,0.0,,0,0.0,not_applicable_static_combination
18,0.6,AA,right,middle,tool,0.7587506122887134,-0.04438053909689188,0.7448533132009146,0.7587506122887134,-0.04438053909689188,0.7448533132009146,0.7372540077613082,-0.059515115508884886,0.7603233995131834,-0.05229299247529886,-0.08083461571563988,-0.004987374604891883,0.0,0.02841923756485341,0.02841923756485341,0.0017085317632897778,-0.007140366771159604,0.008975101882415126,0.011595532424713487,-0.023205136290694983,-0.007994209640833402,0.006494984429853634,0.02538839421458876,0.030503819103305053,0.039258733867323696,measured_min_over_explicit_pairs,0.02459067247549048,591,collision_hand_right_middle_0,right_object_3,0,0,0.7398042798847764,-0.04498610577799303,0.761145103194013,0.7427133811207504,-0.02090792646096721,0.7652046085299931,measured_min_over_explicit_pairs,0.02961640354251316,8,collision_hand_right_middle_floor_semantic_08,floor,0,0.0,,0,0.0,source endpoint interval; AA solve data only; object and floor separated
18,0.6,RR,right,ring,tool,0.7604555286467075,-0.06282381433993578,0.7346841051511405,0.7604555286467075,-0.06282381433993578,0.7346841051511405,0.7591220312546961,-0.06590012722091501,0.7368949049413843,0.004165741224147269,-0.08952782766449757,-0.016995687257317045,0.0,0.035027817332486604,0.035027817332486604,-0.0013334973920113846,-0.0030763128809792317,0.002210799790243856,0.004016161344956423,-0.01351378598794195,-0.0015637438723073993,0.006891552950575974,0.01524995766212705,0.018022895878761262,0.0362567792700165,measured_min_over_explicit_pairs,0.023246571385442463,767,collision_hand_right_ring_0,right_object_26,0,0,0.7557329661924169,-0.05294943932817465,0.7390592302620723,0.7466957739840232,-0.03362093812768949,0.7482864334954397,measured_min_over_explicit_pairs,0.0048935367198099655,10,collision_hand_right_ring_floor_semantic_10,floor,0,0.0,,0,0.0,not_applicable_static_combination
18,0.6,AR,right,ring,tool,0.7604555286467075,-0.06282381433993578,0.7346841051511405,0.7604555286467075,-0.06282381433993578,0.7346841051511405,0.7456082452667542,-0.06746387109322241,0.7437864578919603,-0.009008647251599385,-0.08579325941178154,-0.010283780154817273,0.0,0.035027817332486604,0.035027817332486604,-0.0013334973920113846,-0.0030763128809792317,0.002210799790243856,0.004016161344956423,-0.01351378598794195,-0.0015637438723073993,0.006891552950575974,0.01524995766212705,0.018022895878761262,0.030973947973680034,measured_min_over_explicit_pairs,0.017307890366791208,744,collision_hand_right_ring_0,right_object_3,0,0,0.7440148739629002,-0.05372904744270731,0.7461515394353654,0.7388670698209165,-0.03815193055904384,0.7516666650964294,measured_min_over_explicit_pairs,0.013088245881174743,10,collision_hand_right_ring_floor_semantic_10,floor,0,0.0,,0,0.0,not_applicable_static_combination
18,0.6,RA,right,ring,tool,0.7604555286467075,-0.06282381433993578,0.7346841051511405,0.7604555286467075,-0.06282381433993578,0.7346841051511405,0.7591220312546961,-0.06590012722091501,0.7368949049413843,-0.03288980196469306,-0.09721629820937802,-0.025555064330634914,0.0,0.049411081127916805,0.049411081127916805,-0.0013334973920113846,-0.0030763128809792317,0.002210799790243856,0.004016161344956423,-0.01351378598794195,-0.0015637438723073993,0.006891552950575974,0.01524995766212705,0.018022895878761262,0.051275220427472505,measured_min_over_explicit_pairs,0.03774797553492405,744,collision_hand_right_ring_0,right_object_3,0,0,0.7586945364012105,-0.05217297159873248,0.7391514574874264,0.7551991966737887,-0.01785618246005928,0.7544828057773509,measured_min_over_explicit_pairs,0.0048935367198099655,10,collision_hand_right_ring_floor_semantic_10,floor,0,0.0,,0,0.0,not_applicable_static_combination
18,0.6,AA,right,ring,tool,0.7604555286467075,-0.06282381433993578,0.7346841051511405,0.7604555286467075,-0.06282381433993578,0.7346841051511405,0.7456082452667542,-0.06746387109322241,0.7437864578919603,-0.04640361524746539,-0.09225670600682861,-0.020521129047037744,0.0,0.049411081127916805,0.049411081127916805,-0.0013334973920113846,-0.0030763128809792317,0.002210799790243856,0.004016161344956423,-0.01351378598794195,-0.0015637438723073993,0.006891552950575974,0.01524995766212705,0.018022895878761262,0.05006835734516916,measured_min_over_explicit_pairs,0.03577783063869393,744,collision_hand_right_ring_0,right_object_3,0,0,0.7471587362883123,-0.053226193174551184,0.7460742102745808,0.7477655623686705,-0.019227009964153483,0.757198079580945,measured_min_over_explicit_pairs,0.013088245881174743,10,collision_hand_right_ring_floor_semantic_10,floor,0,0.0,,0,0.0,source endpoint interval; AA solve data only; object and floor separated
18,0.6,RR,right,pinky,tool,0.7708354540169239,-0.08121804241091013,0.7349995329312918,0.7708354540169239,-0.08121804241091013,0.7349995329312918,0.7726186906448718,-0.0673244156145566,0.7191187273344738,0.01628290102868615,-0.09634004620925671,-0.03451564785101738,0.0,0.054663660158153306,0.054663660158153306,0.0017832366279478817,0.013893626796353531,-0.015880805596818037,0.021175759368474486,-0.009609647684745481,-0.001192311520493955,0.01049488636942042,0.014279691008347601,0.0158614074309564,0.05089412439455024,measured_min_over_explicit_pairs,0.039405652647953406,914,collision_hand_right_pinky_0,right_object_21,0,0,0.7701244868042971,-0.05596644846353554,0.7233158720484385,0.751565918978897,-0.028291136138052796,0.7443506553505825,measured_min_over_explicit_pairs,-0.011702800955695314,12,collision_hand_right_pinky_floor_semantic_12,floor,0,0.0,,0,0.0,not_applicable_static_combination
18,0.6,AR,right,pinky,tool,0.7708354540169239,-0.08121804241091013,0.7349995329312918,0.7708354540169239,-0.08121804241091013,0.7349995329312918,0.7630090429601263,-0.06851672713505055,0.7296136137038942,0.006852378290810248,-0.09360042961028077,-0.024148906941989873,0.0,0.054663660158153306,0.054663660158153306,0.0017832366279478817,0.013893626796353531,-0.015880805596818037,0.021175759368474486,-0.009609647684745481,-0.001192311520493955,0.01049488636942042,0.014279691008347601,0.0158614074309564,0.042803820636823864,measured_min_over_explicit_pairs,0.0305287103134717,914,collision_hand_right_pinky_0,right_object_21,0,0,0.7614139381037935,-0.05646437445934163,0.7340757558859707,0.7482408055376598,-0.03247808717842218,0.7476082632026562,measured_min_over_explicit_pairs,-3.2792003839543504e-05,12,collision_hand_right_pinky_floor_semantic_12,floor,0,0.0,,0,0.0,not_applicable_static_combination
18,0.6,RA,right,pinky,tool,0.7708354540169239,-0.08121804241091013,0.7349995329312918,0.7708354540169239,-0.08121804241091013,0.7349995329312918,0.7726186906448718,-0.0673244156145566,0.7191187273344738,-0.019347886022669937,-0.10519653953394524,-0.0414645949162919,0.0,0.06775260037707369,0.06775260037707369,0.0017832366279478817,0.013893626796353531,-0.015880805596818037,0.021175759368474486,-0.009609647684745481,-0.001192311520493955,0.01049488636942042,0.014279691008347601,0.0158614074309564,0.062258278798229816,measured_min_over_explicit_pairs,0.04967796895603238,896,collision_hand_right_pinky_0,right_object_3,0,0,0.7727536104692284,-0.05478330146788586,0.7233002352779996,0.7624181236501807,-0.014015919092562976,0.7497407126956639,measured_min_over_explicit_pairs,-0.011702800955695314,12,collision_hand_right_pinky_floor_semantic_12,floor,0,0.0,,0,0.0,not_applicable_static_combination
18,0.6,AA,right,pinky,tool,0.7708354540169239,-0.08121804241091013,0.7349995329312918,0.7708354540169239,-0.08121804241091013,0.7349995329312918,0.7630090429601263,-0.06851672713505055,0.7296136137038942,-0.029712305082119365,-0.101553061711677,-0.03234245359899999,0.0,0.06775260037707369,0.06775260037707369,0.0017832366279478817,0.013893626796353531,-0.015880805596818037,0.021175759368474486,-0.009609647684745481,-0.001192311520493955,0.01049488636942042,0.014279691008347601,0.0158614074309564,0.05693530058763767,measured_min_over_explicit_pairs,0.04354074773614681,896,collision_hand_right_pinky_0,right_object_3,0,0,0.7643094332053768,-0.05543349497479263,0.7340009429560048,0.7581288111994593,-0.016735174855077625,0.7529755745717912,measured_min_over_explicit_pairs,-3.2792003839543504e-05,12,collision_hand_right_pinky_floor_semantic_12,floor,0,0.0,,22,408.6371269226074,source endpoint interval; AA solve data only; object and floor separated
18,0.6,RR,left,palm,target,0.41174005940556524,-0.27948251459747553,0.8076360180310843,0.41174005940556524,-0.27948251459747553,0.8076360180310843,0.4436018745901894,-0.29771909748970504,0.8137461598812024,-0.2066626705380352,-0.19583073644107216,0.07324522568024214,0.0,0.11488674826107716,0.11488674826107716,0.031861815184624165,-0.018236582892229514,0.006110141850118045,0.03721669055508387,0.038355650424687915,0.013238108510365443,0.02445923724785648,0.04737781889428852,0.07674610192822016,0.13597775945607354,measured_min_over_explicit_pairs,0.05552946724130298,1256,collision_hand_left_palm_0,left_object_19,14,0,0.3917184199013197,-0.20872770890621112,0.7985642368094201,0.4061333687600638,-0.1734307451094025,0.7581927700509592,measured_min_over_explicit_pairs,0.04123954377798289,13,collision_hand_left_palm_floor_semantic_13,floor,0,0.0,,0,0.0,not_applicable_static_combination
18,0.6,AR,left,palm,target,0.41174005940556524,-0.27948251459747553,0.8076360180310843,0.41174005940556524,-0.27948251459747553,0.8076360180310843,0.4819575250148773,-0.2844809889793396,0.8382053971290588,-0.1690070051817345,-0.2094994630525105,0.098540966479358,0.0,0.11488674826107716,0.11488674826107716,0.031861815184624165,-0.018236582892229514,0.006110141850118045,0.03721669055508387,0.038355650424687915,0.013238108510365443,0.02445923724785648,0.04737781889428852,0.07674610192822016,0.14745104370577825,measured_min_over_explicit_pairs,0.05399131816920258,1256,collision_hand_left_palm_0,left_object_19,14,0,0.40797684384035804,-0.2160585729802565,0.7932472854938648,0.4126883908856669,-0.17567762545799925,0.7577192284221277,measured_min_over_explicit_pairs,0.0717229514064085,13,collision_hand_left_palm_floor_semantic_13,floor,0,0.0,,0,0.0,not_applicable_static_combination
18,0.6,RA,left,palm,target,0.41174005940556524,-0.27948251459747553,0.8076360180310843,0.41174005940556524,-0.27948251459747553,0.8076360180310843,0.4436018745901894,-0.29771909748970504,0.8137461598812024,-0.17610306996044914,-0.19619591236216377,0.07549501742189729,0.0,0.10184567912853573,0.10184567912853573,0.031861815184624165,-0.018236582892229514,0.006110141850118045,0.03721669055508387,0.038355650424687915,0.013238108510365443,0.02445923724785648,0.04737781889428852,0.07674610192822016,0.12624746909194842,measured_min_over_explicit_pairs,0.043073265357689516,1256,collision_hand_left_palm_0,left_object_19,14,0,0.38252045137074253,-0.219880515838303,0.7855290782991781,0.3922312937614885,-0.1916256750538484,0.7545021593274022,measured_min_over_explicit_pairs,0.04123954377798289,13,collision_hand_left_palm_floor_semantic_13,floor,0,0.0,,0,0.0,not_applicable_static_combination
18,0.6,AA,left,palm,target,0.41174005940556524,-0.27948251459747553,0.8076360180310843,0.41174005940556524,-0.27948251459747553,0.8076360180310843,0.4819575250148773,-0.2844809889793396,0.8382053971290588,-0.1374119663155216,-0.2083859717300394,0.09997069258163792,0.0,0.10184567912853573,0.10184567912853573,0.031861815184624165,-0.018236582892229514,0.006110141850118045,0.03721669055508387,0.038355650424687915,0.013238108510365443,0.02445923724785648,0.04737781889428852,0.07674610192822016,0.14385759480187185,measured_min_over_explicit_pairs,0.045213168243514186,1244,collision_hand_left_palm_0,left_object_7,14,0,0.4079768438403581,-0.21605857298025652,0.7932472854938649,0.40448718048602744,-0.19242200802773626,0.7548628403430613,measured_min_over_explicit_pairs,0.0717229514064085,13,collision_hand_left_palm_floor_semantic_13,floor,0,0.0,,0,0.0,source endpoint interval; AA solve data only; object and floor separated
18,0.6,RR,left,thumb,target,0.4002698458731174,-0.15894314739853144,0.7803745820455191,0.4002698458731174,-0.15894314739853144,0.7803745820455191,0.40000044443420324,-0.16966777870266808,0.7851162235112634,-0.15868172587607718,-0.06968333027226235,0.0432026046640774,0.0,0.021875234920069774,0.021875234920069774,-0.0002694014389141852,-0.010724631304136645,0.004741641465744295,0.011729171221131629,0.04913854514983529,0.018472878349155675,0.03800014399951801,0.06480628671609885,0.06538416294537855,0.0263688855192206,measured_min_over_explicit_pairs,0.014982198085315868,1452,collision_hand_left_thumb_0,left_object_19,46,0,0.4082311221976715,-0.16619769762356001,0.7732577958823975,0.40650378360303213,-0.16879806018214472,0.7586044455688679,measured_min_over_explicit_pairs,0.05564103595906733,16,collision_hand_left_thumb_floor_semantic_16,floor,0,0.0,,0,0.0,not_applicable_static_combination
18,0.6,AR,left,thumb,target,0.4002698458731174,-0.15894314739853144,0.7803745820455191,0.4002698458731174,-0.15894314739853144,0.7803745820455191,0.44913898958403853,-0.1511949003535124,0.8231163675107814,-0.10958545882100762,-0.08591071850644733,0.08226771992415999,0.0,0.021875234920069774,0.021875234920069774,-0.0002694014389141852,-0.010724631304136645,0.004741641465744295,0.011729171221131629,0.04913854514983529,0.018472878349155675,0.03800014399951801,0.06480628671609885,0.06538416294537855,0.0652613728120382,measured_min_over_explicit_pairs,0.05338904938507398,1439,collision_hand_left_thumb_0,left_object_6,48,0,0.4593802828546128,-0.14624566903500313,0.8111576945251363,0.4584009355539601,-0.14612853952802163,0.7577777567789648,measured_min_over_explicit_pairs,0.09349050330802977,16,collision_hand_left_thumb_floor_semantic_16,floor,0,0.0,,0,0.0,not_applicable_static_combination
18,0.6,RA,left,thumb,target,0.4002698458731174,-0.15894314739853144,0.7803745820455191,0.4002698458731174,-0.15894314739853144,0.7803745820455191,0.40000044443420324,-0.16966777870266808,0.7851162235112634,-0.13488500951044602,-0.06736746074045884,0.04682099160082775,0.0,0.03678876992360665,0.03678876992360665,-0.0002694014389141852,-0.010724631304136645,0.004741641465744295,0.011729171221131629,0.04913854514983529,0.018472878349155675,0.03800014399951801,0.06480628671609885,0.06538416294537855,0.03620124915045216,measured_min_over_explicit_pairs,0.022028586961258922,1439,collision_hand_left_thumb_0,left_object_6,46,0,0.4168570766225967,-0.17523711960335175,0.7762908483566267,0.42073456614972665,-0.1802274028060832,0.7551882231163093,measured_min_over_explicit_pairs,0.05564103595906733,16,collision_hand_left_thumb_floor_semantic_16,floor,0,0.0,,0,0.0,not_applicable_static_combination
18,0.6,AA,left,thumb,target,0.4002698458731174,-0.15894314739853144,0.7803745820455191,0.4002698458731174,-0.15894314739853144,0.7803745820455191,0.44913898958403853,-0.1511949003535124,0.8231163675107814,-0.0844177065305602,-0.08176588908056764,0.08484192516643561,0.0,0.03678876992360665,0.03678876992360665,-0.0002694014389141852,-0.010724631304136645,0.004741641465744295,0.011729171221131629,0.04913854514983529,0.018472878349155675,0.03800014399951801,0.06480628671609885,0.06538416294537855,0.06803409452030852,measured_min_over_explicit_pairs,0.05579546448061708,1439,collision_hand_left_thumb_0,left_object_6,45,0,0.460223125789452,-0.14695926805544454,0.8111813444700646,0.4623347570447158,-0.14949123173378187,0.7554833729631851,measured_min_over_explicit_pairs,0.09349050330802977,16,collision_hand_left_thumb_floor_semantic_16,floor,0,0.0,,0,0.0,source endpoint interval; AA solve data only; object and floor separated
18,0.6,RR,left,index,target,0.38190376237034795,-0.1556107709184289,0.7641630723409293,0.38190376237034795,-0.1556107709184289,0.7641630723409293,0.38170848422320025,-0.1582392535956491,0.7715446156463659,-0.16535541597867368,-0.04948203751488918,0.0291753039306278,0.0,0.007586959311796175,0.007586959311796175,-0.00019527814714770386,-0.002628482677220212,0.007381543305436611,0.007837999509392447,0.05586626223943858,0.023668264202326483,0.03625661698682603,0.07068074888034402,0.07379850886109769,0.014672507192457754,measured_min_over_explicit_pairs,-0.0007579588532893534,1618,collision_hand_left_index_external_semantic_rota2,left_object_22,42,0,0.38680043859741486,-0.15103095920948095,0.7585417040757931,0.3867411457891482,-0.15110004254704612,0.7592941756557471,measured_min_over_explicit_pairs,0.03591295311219034,19,collision_hand_left_index_floor_semantic_19,floor,0,0.0,,0,0.0,not_applicable_static_combination
18,0.6,AR,left,index,target,0.38190376237034795,-0.1556107709184289,0.7641630723409293,0.38190376237034795,-0.1556107709184289,0.7641630723409293,0.43757474646263883,-0.13457098939332263,0.8078012326331919,-0.10773614324089723,-0.06598916487531126,0.0666359822181707,0.0,0.007586959311796175,0.007586959311796175,-0.00019527814714770386,-0.002628482677220212,0.007381543305436611,0.007837999509392447,0.05586626223943858,0.023668264202326483,0.03625661698682603,0.07068074888034402,0.07379850886109769,0.05435755415399928,measured_min_over_explicit_pairs,0.04334047195373605,1570,collision_hand_left_index_0,left_object_6,42,0,0.44003661655499865,-0.13391067192973014,0.7961992010602423,0.452385571675149,-0.1492320824920192,0.7575837353114667,measured_min_over_explicit_pairs,0.0733465919082521,19,collision_hand_left_index_floor_semantic_19,floor,0,0.0,,0,0.0,not_applicable_static_combination
18,0.6,RA,left,index,target,0.38190376237034795,-0.1556107709184289,0.7641630723409293,0.38190376237034795,-0.1556107709184289,0.7641630723409293,0.38170848422320025,-0.1582392535956491,0.7715446156463659,-0.14277305377691793,-0.04730038908546467,0.03323839511249988,0.0,0.016469756954285972,0.016469756954285972,-0.00019527814714770386,-0.002628482677220212,0.007381543305436611,0.007837999509392447,0.05586626223943858,0.023668264202326483,0.03625661698682603,0.07068074888034402,0.07379850886109769,0.020466596496902627,measured_min_over_explicit_pairs,0.009075606555766577,1586,collision_hand_left_index_0,left_object_22,42,0,0.37520117597287417,-0.15873692438146966,0.7615533371873442,0.37009222833141114,-0.162398800784975,0.7550068916206788,measured_min_over_explicit_pairs,0.03591295311219034,19,collision_hand_left_index_floor_semantic_19,floor,0,0.0,,0,0.0,not_applicable_static_combination
18,0.6,AA,left,index,target,0.38190376237034795,-0.1556107709184289,0.7641630723409293,0.38190376237034795,-0.1556107709184289,0.7641630723409293,0.43757474646263883,-0.13457098939332263,0.8078012326331919,-0.08380667219111128,-0.061531047121532643,0.0695181756634319,0.0,0.016469756954285972,0.016469756954285972,-0.00019527814714770386,-0.002628482677220212,0.007381543305436611,0.007837999509392447,0.05586626223943858,0.023668264202326483,0.03625661698682603,0.07068074888034402,0.07379850886109769,0.05861138679984324,measured_min_over_explicit_pairs,0.04787870987264688,1570,collision_hand_left_index_0,left_object_6,38,0,0.44025170970244054,-0.1343392310053711,0.7964545884665453,0.4549235784230423,-0.15331685221803176,0.7550184083768785,measured_min_over_explicit_pairs,0.0733465919082521,19,collision_hand_left_index_floor_semantic_19,floor,0,0.0,,0,0.0,source endpoint interval; AA solve data only; object and floor separated
18,0.6,RR,left,middle,target,0.3793953455984592,-0.17992921266704798,0.7519187285832999,0.3793953455984592,-0.17992921266704798,0.7519187285832999,0.3930826443188754,-0.17865980666272702,0.753500689071709,-0.1692326635074574,-0.07279004168669184,0.0114649203998633,0.0,0.022189476706792704,0.022189476706792704,0.013687298720416186,0.001269406004320961,0.0015819604884090843,0.013836767572399275,0.04532634876917219,0.026533715898541116,0.03751889094779648,0.0645459770247672,0.07605590549462302,0.011255024718020132,measured_min_over_explicit_pairs,-0.0015871475503199724,1745,collision_hand_left_middle_0,left_object_19,42,0,0.4011541715365583,-0.16822488047896184,0.7509060147212939,0.40006581116430245,-0.1693685841511086,0.7507433772197518,measured_min_over_explicit_pairs,0.01759577277063684,21,collision_hand_left_middle_floor_semantic_21,floor,0,0.0,,0,0.0,not_applicable_static_combination
18,0.6,AR,left,middle,target,0.3793953455984592,-0.17992921266704798,0.7519187285832999,0.3793953455984592,-0.17992921266704798,0.7519187285832999,0.4384089930880476,-0.1521260907641859,0.7910195800195055,-0.11796192846727571,-0.08037688723490438,0.04993483920857448,0.0,0.022189476706792704,0.022189476706792704,0.013687298720416186,0.001269406004320961,0.0015819604884090843,0.013836767572399275,0.04532634876917219,0.026533715898541116,0.03751889094779648,0.0645459770247672,0.07605590549462302,0.033952494189156066,measured_min_over_explicit_pairs,0.019765512022087338,1764,collision_hand_left_middle_external_semantic_link2,left_object_6,42,0,0.44791681086218627,-0.14771467424041237,0.7770267875506562,0.4507160003794023,-0.1514065778504496,0.7578119534041906,measured_min_over_explicit_pairs,0.05579736082528608,21,collision_hand_left_middle_floor_semantic_21,floor,0,0.0,,0,0.0,not_applicable_static_combination
18,0.6,RA,left,middle,target,0.3793953455984592,-0.17992921266704798,0.7519187285832999,0.3793953455984592,-0.17992921266704798,0.7519187285832999,0.3930826443188754,-0.17865980666272702,0.753500689071709,-0.1457876932753061,-0.07048690194157506,0.015203668556569256,0.0,0.0011775509629422534,0.0011775509629422534,0.013687298720416186,0.001269406004320961,0.0015819604884090843,0.013836767572399275,0.04532634876917219,0.026533715898541116,0.03751889094779648,0.0645459770247672,0.07605590549462302,0.00796094107168284,measured_min_over_explicit_pairs,-0.0060024403396911645,1748,collision_hand_left_middle_0,left_object_22,42,0,0.37721374167164556,-0.1789895746544501,0.7504114207204567,0.3803946244214488,-0.17671376053613277,0.7549646552918822,measured_min_over_explicit_pairs,0.01759577277063684,21,collision_hand_left_middle_floor_semantic_21,floor,0,0.0,,0,0.0,not_applicable_static_combination
18,0.6,AA,left,middle,target,0.3793953455984592,-0.17992921266704798,0.7519187285832999,0.3793953455984592,-0.17992921266704798,0.7519187285832999,0.4384089930880476,-0.1521260907641859,0.7910195800195055,-0.09358374570081751,-0.07613942706968153,0.05274005047329034,0.0,0.0011775509629422534,0.0011775509629422534,0.013687298720416186,0.001269406004320961,0.0015819604884090843,0.013836767572399275,0.04532634876917219,0.026533715898541116,0.03751889094779648,0.0645459770247672,0.07605590549462302,0.03759890579179704,measured_min_over_explicit_pairs,0.0235750320030241,1764,collision_hand_left_middle_external_semantic_link2,left_object_6,39,0,0.4484447561828732,-0.1483266849860626,0.7772731624025465,0.453500971622386,-0.15485349046706742,0.7551910966118202,measured_min_over_explicit_pairs,0.05579736082528608,21,collision_hand_left_middle_floor_semantic_21,floor,0,0.0,,0,0.0,source endpoint interval; AA solve data only; object and floor separated
18,0.6,RR,left,ring,target,0.37540550008416174,-0.1945236036553979,0.7483909084729788,0.37540550008416174,-0.1945236036553979,0.7483909084729788,0.37533611171687814,-0.1922691584753752,0.7478011695853829,-0.1914916884232987,-0.0721551605731744,0.005400999696485948,0.0,0.035423629735432206,0.035423629735432206,-6.938836728359599e-05,0.002254445180022685,-0.0005897388875959475,0.0023313364773847435,0.04818614262801457,0.027263846190293123,0.03456708723578261,0.0652694811563684,0.06588635493624197,0.03401353782342509,measured_min_over_explicit_pairs,0.03574435450451789,1844,collision_hand_left_ring_1,left_object_22,15,0,0.36082987120375515,-0.17906210384308102,0.7590358148055449,0.38837811503674224,-0.15639256530603612,0.7568346416682449,measured_min_over_explicit_pairs,0.011945390069622697,23,collision_hand_left_ring_floor_semantic_23,floor,0,0.0,,0,0.0,not_applicable_static_combination
18,0.6,AR,left,ring,target,0.37540550008416174,-0.1945236036553979,0.7483909084729788,0.37540550008416174,-0.1945236036553979,0.7483909084729788,0.4235222543448927,-0.16500531228508208,0.7823682568211655,-0.13750082292160115,-0.08104162592282996,0.04098361267513756,0.0,0.035423629735432206,0.035423629735432206,-6.938836728359599e-05,0.002254445180022685,-0.0005897388875959475,0.0023313364773847435,0.04818614262801457,0.027263846190293123,0.03456708723578261,0.0652694811563684,0.06588635493624197,0.025141854893516703,measured_min_over_explicit_pairs,0.026210519260568572,1844,collision_hand_left_ring_1,left_object_22,15,0,0.3996814943287032,-0.16172545466551236,0.7850365744644013,0.39727952250437054,-0.1629227490233775,0.7589638236029297,measured_min_over_explicit_pairs,0.04694812184745656,23,collision_hand_left_ring_floor_semantic_23,floor,0,0.0,,0,0.0,not_applicable_static_combination
18,0.6,RA,left,ring,target,0.37540550008416174,-0.1945236036553979,0.7483909084729788,0.37540550008416174,-0.1945236036553979,0.7483909084729788,0.37533611171687814,-0.1922691584753752,0.7478011695853829,-0.16814714224332528,-0.07085746776801025,0.009497871386671209,0.0,0.01168938970109276,0.01168938970109276,-6.938836728359599e-05,0.002254445180022685,-0.0005897388875959475,0.0023313364773847435,0.04818614262801457,0.027263846190293123,0.03456708723578261,0.0652694811563684,0.06588635493624197,0.01037046559172742,measured_min_over_explicit_pairs,-0.00012769956971826456,1887,collision_hand_left_ring_link2_external_exact_mesh,left_object_external_exact_sdf,14,0,0.3871096573580416,-0.1836495400722112,0.7409096054182723,0.38716788368963684,-0.18353606626916544,0.7409159749109936,measured_min_over_explicit_pairs,0.011945390069622697,23,collision_hand_left_ring_floor_semantic_23,floor,0,0.0,,0,0.0,not_applicable_static_combination
18,0.6,AA,left,ring,target,0.37540550008416174,-0.1945236036553979,0.7483909084729788,0.37540550008416174,-0.1945236036553979,0.7483909084729788,0.4235222543448927,-0.16500531228508208,0.7823682568211655,-0.11320997181998249,-0.07762736077724217,0.04408372145489518,0.0,0.01168938970109276,0.01168938970109276,-6.938836728359599e-05,0.002254445180022685,-0.0005897388875959475,0.0023313364773847435,0.04818614262801457,0.027263846190293123,0.03456708723578261,0.0652694811563684,0.06588635493624197,0.02909930428632845,measured_min_over_explicit_pairs,0.03720379122908518,1844,collision_hand_left_ring_1,left_object_22,15,0,0.3956872587985999,-0.16479854011150033,0.7867295538715885,0.3798944547564441,-0.17602554200625398,0.7549700851928052,measured_min_over_explicit_pairs,0.04694812184745656,23,collision_hand_left_ring_floor_semantic_23,floor,0,0.0,,0,0.0,source endpoint interval; AA solve data only; object and floor separated
18,0.6,RR,left,pinky,target,0.36339947059750555,-0.2047811159864068,0.7506573750905631,0.36339947059750555,-0.2047811159864068,0.7506573750905631,0.3502599019687859,-0.19471191993808973,0.7377196023864316,-0.2122631315604246,-0.058315237994678804,-0.005249120918014202,0.0,0.050686530092659804,0.050686530092659804,-0.013139568628719622,0.010069196048317075,-0.012937772704131434,0.021010067476142133,0.045875338273930366,0.030658240269545056,0.036448267537293244,0.06612828868678516,0.057298325024296694,0.05658106082565222,measured_min_over_explicit_pairs,0.06030936734074385,1942,collision_hand_left_pinky_1,left_object_22,18,0,0.34025657784463975,-0.19285902953839593,0.7562584272780347,0.38686747644385844,-0.15458837500396616,0.756288797007469,measured_min_over_explicit_pairs,0.0025509539447381435,25,collision_hand_left_pinky_floor_semantic_25,floor,0,0.0,,0,0.0,not_applicable_static_combination
18,0.6,AR,left,pinky,target,0.36339947059750555,-0.2047811159864068,0.7506573750905631,0.36339947059750555,-0.2047811159864068,0.7506573750905631,0.3961352402427163,-0.16405367966854467,0.7741678699237249,-0.15793482252058097,-0.06308009961751505,0.032149829538238826,0.0,0.050686530092659804,0.050686530092659804,-0.013139568628719622,0.010069196048317075,-0.012937772704131434,0.021010067476142133,0.045875338273930366,0.030658240269545056,0.036448267537293244,0.06612828868678516,0.057298325024296694,0.015249085501633078,measured_min_over_explicit_pairs,0.027325794253442778,1942,collision_hand_left_pinky_1,left_object_22,15,0,0.3824515075026132,-0.1684880934393862,0.7826139300328857,0.3924092180675886,-0.15966922512271642,0.7587440621342377,measured_min_over_explicit_pairs,0.04035009311398707,25,collision_hand_left_pinky_floor_semantic_25,floor,0,0.0,,0,0.0,not_applicable_static_combination
18,0.6,RA,left,pinky,target,0.36339947059750555,-0.2047811159864068,0.7506573750905631,0.36339947059750555,-0.2047811159864068,0.7506573750905631,0.3502599019687859,-0.19471191993808973,0.7377196023864316,-0.18974575080789846,-0.05789427350059239,-0.0005955461980984897,0.0,0.026992189378080417,0.026992189378080417,-0.013139568628719622,0.010069196048317075,-0.012937772704131434,0.021010067476142133,0.045875338273930366,0.030658240269545056,0.036448267537293244,0.06612828868678516,0.057298325024296694,0.033955727219626655,measured_min_over_explicit_pairs,0.037982602549016545,1942,collision_hand_left_pinky_1,left_object_22,15,0,0.3405982504966867,-0.19333987431214808,0.7554538652582052,0.3710350793095573,-0.17075914447548746,0.7529263787090212,measured_min_over_explicit_pairs,0.0025509539447381435,25,collision_hand_left_pinky_floor_semantic_25,floor,0,0.0,,0,0.0,not_applicable_static_combination
18,0.6,AA,left,pinky,target,0.36339947059750555,-0.2047811159864068,0.7506573750905631,0.36339947059750555,-0.2047811159864068,0.7506573750905631,0.3961352402427163,-0.16405367966854467,0.7741678699237249,-0.13464470827402947,-0.06056033922710188,0.03586974921912643,0.0,0.026992189378080417,0.026992189378080417,-0.013139568628719622,0.010069196048317075,-0.012937772704131434,0.021010067476142133,0.045875338273930366,0.030658240269545056,0.036448267537293244,0.06612828868678516,0.057298325024296694,0.02792188106837131,measured_min_over_explicit_pairs,0.025832300721954766,1942,collision_hand_left_pinky_1,left_object_22,15,0,0.3775356058913568,-0.1726734985822093,0.7811126454356053,0.37636665623827403,-0.17334651326280537,0.7553155841972052,measured_min_over_explicit_pairs,0.04035009311398707,25,collision_hand_left_pinky_floor_semantic_25,floor,88,1010.5376257747412,181,0,0.0,source endpoint interval; AA solve data only; object and floor separated
19,0.6333333333333333,RR,right,palm,tool,0.7715698577463627,-0.1755453059449792,0.808131809466326,0.7715698577463627,-0.1755453059449792,0.808131809466326,0.7706539945186699,-0.1990841090982696,0.8224084996582384,-0.0347963465149572,-0.21500496363618,0.07205855638648881,0.0,0.14026756783029787,0.14026756783029787,-0.0009158632276927703,-0.023538803153290405,0.014276690191912356,0.02754519816913722,-0.02310553355828171,-0.018857800930188046,0.0016378737090712026,0.029869130674031175,0.05126180727909362,0.16517412206227475,measured_min_over_explicit_pairs,0.0700606593589801,117,collision_hand_right_palm_0,right_object_8,0,0,0.7848660682426722,-0.08983692707958538,0.8161578851732448,0.7523812215913179,-0.03450486753635749,0.7880226063482941,measured_min_over_explicit_pairs,0.023626963612334406,0,collision_hand_right_palm_floor_semantic_00,floor,0,0.0,,0,0.0,not_applicable_static_combination
19,0.6333333333333333,AR,right,palm,tool,0.7715698577463627,-0.1755453059449792,0.808131809466326,0.7715698577463627,-0.1755453059449792,0.808131809466326,0.7475484609603882,-0.21794191002845764,0.8240463733673096,-0.06324439103046059,-0.2239344079675141,0.07383020939988946,0.0,0.14026756783029787,0.14026756783029787,-0.0009158632276927703,-0.023538803153290405,0.014276690191912356,0.02754519816913722,-0.02310553355828171,-0.018857800930188046,0.0016378737090712026,0.029869130674031175,0.05126180727909362,0.18002809628542318,measured_min_over_explicit_pairs,0.0,116,collision_hand_right_palm_0,right_object_7,0,0,1.375035074420761,-0.20138539106512265,1.497522800054236,1.30887191846199,0.05855040486404148,1.3578979860433875,measured_min_over_explicit_pairs,0.03521563086254298,0,collision_hand_right_palm_floor_semantic_00,floor,0,0.0,,0,0.0,not_applicable_static_combination
19,0.6333333333333333,RA,right,palm,tool,0.7715698577463627,-0.1755453059449792,0.808131809466326,0.7715698577463627,-0.1755453059449792,0.808131809466326,0.7706539945186699,-0.1990841090982696,0.8224084996582384,-0.1117152124230407,-0.21787706687351105,0.05798956671308303,0.0,0.16380196047642762,0.16380196047642762,-0.0009158632276927703,-0.023538803153290405,0.014276690191912356,0.02754519816913722,-0.02310553355828171,-0.018857800930188046,0.0016378737090712026,0.029869130674031175,0.05126180727909362,0.1890306054134907,measured_min_over_explicit_pairs,0.08361366349958267,118,collision_hand_right_palm_0,right_object_9,0,0,0.7848660682426722,-0.08983692707958538,0.8161578851732448,0.7683814953788343,-0.011810408496560515,0.7910308881554726,measured_min_over_explicit_pairs,0.023626963612334406,0,collision_hand_right_palm_floor_semantic_00,floor,0,0.0,,0,0.0,not_applicable_static_combination
19,0.6333333333333333,AA,right,palm,tool,0.7715698577463627,-0.1755453059449792,0.808131809466326,0.7715698577463627,-0.1755453059449792,0.808131809466326,0.7475484609603882,-0.21794191002845764,0.8240463733673096,-0.14112509437059584,-0.22292256739436953,0.056660380666197475,0.0,0.16380196047642762,0.16380196047642762,-0.0009158632276927703,-0.023538803153290405,0.014276690191912356,0.02754519816913722,-0.02310553355828171,-0.018857800930188046,0.0016378737090712026,0.029869130674031175,0.05126180727909362,0.2076752730776327,measured_min_over_explicit_pairs,0.10136418750783217,118,collision_hand_right_palm_0,right_object_9,2,0,0.7510729691311467,-0.10770584279477352,0.8274503890848011,0.7530923414763865,-0.012662904610570173,0.7922728316686309,measured_min_over_explicit_pairs,0.03521563086254298,0,collision_hand_right_palm_floor_semantic_00,floor,0,0.0,,0,0.0,source endpoint interval; AA solve data only; object and floor separated
19,0.6333333333333333,RR,right,thumb,tool,0.7429353393614292,-0.056347147561609745,0.8016340091161368,0.7429353393614292,-0.056347147561609745,0.8016340091161368,0.7394816083811803,-0.05661212531731627,0.8008039610261817,-0.010979781595520897,-0.0717846540399662,0.046417689316673096,0.0,0.021282297630958204,0.021282297630958204,-0.0034537309802489258,-0.0002649777557065247,-0.0008300480899551266,0.0035619447955560217,-0.02893508451048843,-0.021176228883247647,0.0057590031817665865,0.03631580789397913,0.039154250207665255,0.0202625343572573,measured_min_over_explicit_pairs,0.0406769697339024,270,collision_hand_right_thumb_external_semantic_rota1,right_object_9,3,0,0.7320636168663626,-0.07767501846962055,0.8082656993117154,0.7281645495947269,-0.042469085185207506,0.7882668142748559,measured_min_over_explicit_pairs,0.07782672622119946,3,collision_hand_right_thumb_floor_semantic_03,floor,0,0.0,,0,0.0,not_applicable_static_combination
19,0.6333333333333333,AR,right,thumb,tool,0.7429353393614292,-0.056347147561609745,0.8016340091161368,0.7429353393614292,-0.056347147561609745,0.8016340091161368,0.7105465238706918,-0.07778835420056392,0.8065629642079483,-0.04571945069737746,-0.08059442575541884,0.05228123909539242,0.0,0.021282297630958204,0.021282297630958204,-0.0034537309802489258,-0.0002649777557065247,-0.0008300480899551266,0.0035619447955560217,-0.02893508451048843,-0.021176228883247647,0.0057590031817665865,0.03631580789397913,0.039154250207665255,0.040185903289471706,measured_min_over_explicit_pairs,0.062743505192701,270,collision_hand_right_thumb_external_semantic_rota1,right_object_9,10,0,0.7049457002900053,-0.0990482292660079,0.8129806506805587,0.7140161561033593,-0.042112078377763484,0.7882268833463618,measured_min_over_explicit_pairs,0.08146489862259987,3,collision_hand_right_thumb_floor_semantic_03,floor,0,0.0,,0,0.0,not_applicable_static_combination
19,0.6333333333333333,RA,right,thumb,tool,0.7429353393614292,-0.056347147561609745,0.8016340091161368,0.7429353393614292,-0.056347147561609745,0.8016340091161368,0.7394816083811803,-0.05661212531731627,0.8008039610261817,-0.06659861279796007,-0.07890752985571695,0.0382740872915947,0.0,0.04544853704669331,0.04544853704669331,-0.0034537309802489258,-0.0002649777557065247,-0.0008300480899551266,0.0035619447955560217,-0.02893508451048843,-0.021176228883247647,0.0057590031817665865,0.03631580789397913,0.039154250207665255,0.04602399816982522,measured_min_over_explicit_pairs,0.06833146645966504,284,collision_hand_right_thumb_external_semantic_rota1,right_object_23,10,0,0.7349797326341607,-0.07657598687111378,0.8111958817412938,0.7464447073582215,-0.0116870797729623,0.7931079465713403,measured_min_over_explicit_pairs,0.07782672622119946,3,collision_hand_right_thumb_floor_semantic_03,floor,0,0.0,,0,0.0,not_applicable_static_combination
19,0.6333333333333333,AA,right,thumb,tool,0.7429353393614292,-0.056347147561609745,0.8016340091161368,0.7429353393614292,-0.056347147561609745,0.8016340091161368,0.7105465238706918,-0.07778835420056392,0.8065629642079483,-0.10261818096362131,-0.083029718992402,0.040380308759787265,0.0,0.04544853704669331,0.04544853704669331,-0.0034537309802489258,-0.0002649777557065247,-0.0008300480899551266,0.0035619447955560217,-0.02893508451048843,-0.021176228883247647,0.0057590031817665865,0.03631580789397913,0.039154250207665255,0.07473789446121495,measured_min_over_explicit_pairs,0.09705635368915075,284,collision_hand_right_thumb_external_semantic_rota1,right_object_23,20,0,0.7069293474282734,-0.09880064770095313,0.8152237773244324,0.7384926857392664,-0.00976829440051828,0.7929318161750433,measured_min_over_explicit_pairs,0.08146489862259987,3,collision_hand_right_thumb_floor_semantic_03,floor,0,0.0,,0,0.0,source endpoint interval; AA solve data only; object and floor separated
19,0.6333333333333333,RR,right,index,tool,0.7672053374350071,-0.03080787230283022,0.7596359803609488,0.7672053374350071,-0.03080787230283022,0.7596359803609488,0.7694153041142561,-0.03290124600966131,0.7666978069714271,0.025748991423579667,-0.06180713082622544,0.012169945665158641,0.0,0.006303391574448929,0.006303391574448929,0.002209966679248998,-0.0020933737068310893,0.007061826610478272,0.007689964972371566,-0.031240213398457728,-0.014594851551008578,0.01417021432478649,0.03727942594766635,0.039649106536103505,0.008617362028563584,measured_min_over_explicit_pairs,-0.00010172480338731298,465,collision_hand_right_index_rota_link2_external_exact_mesh,right_object_external_exact_sdf,0,0,0.7622742444698772,-0.027647418355554936,0.7687920972941091,0.7623446159705057,-0.027720778794518387,0.7687883511602931,measured_min_over_explicit_pairs,0.034398828227969025,6,collision_hand_right_index_floor_semantic_06,floor,0,0.0,,0,0.0,not_applicable_static_combination
19,0.6333333333333333,AR,right,index,tool,0.7672053374350071,-0.03080787230283022,0.7596359803609488,0.7672053374350071,-0.03080787230283022,0.7596359803609488,0.7381750907157983,-0.047496097560669887,0.7808680212962136,-0.008735463221410222,-0.0634099624586956,0.026241509813579665,0.0,0.006303391574448929,0.006303391574448929,0.002209966679248998,-0.0020933737068310893,0.007061826610478272,0.007689964972371566,-0.031240213398457728,-0.014594851551008578,0.01417021432478649,0.03727942594766635,0.039649106536103505,0.0059129395599597035,measured_min_over_explicit_pairs,-0.002830062639705053,465,collision_hand_right_index_rota_link2_external_exact_mesh,right_object_external_exact_sdf,0,0,0.7436365492259716,-0.0333237948778556,0.7751548822326504,0.7460307801045993,-0.03480792926246157,0.7754273857609024,measured_min_over_explicit_pairs,0.04976248330341981,6,collision_hand_right_index_floor_semantic_06,floor,0,0.0,,0,0.0,not_applicable_static_combination
19,0.6333333333333333,RA,right,index,tool,0.7672053374350071,-0.03080787230283022,0.7596359803609488,0.7672053374350071,-0.03080787230283022,0.7596359803609488,0.7694153041142561,-0.03290124600966131,0.7666978069714271,-0.0255254698830146,-0.07361707541592469,0.008166451962692847,0.0,0.017712172200756986,0.017712172200756986,0.002209966679248998,-0.0020933737068310893,0.007061826610478272,0.007689964972371566,-0.031240213398457728,-0.014594851551008578,0.01417021432478649,0.03727942594766635,0.039649106536103505,0.019526787831530182,measured_min_over_explicit_pairs,0.029738515894187512,395,collision_hand_right_index_1,right_object_9,1,0,0.7822802691812223,-0.04020601692444777,0.7790762390839253,0.7733780264212851,-0.011857395113572318,0.7778576157393494,measured_min_over_explicit_pairs,0.034398828227969025,6,collision_hand_right_index_floor_semantic_06,floor,0,0.0,,0,0.0,not_applicable_static_combination
19,0.6333333333333333,AA,right,index,tool,0.7672053374350071,-0.03080787230283022,0.7596359803609488,0.7672053374350071,-0.03080787230283022,0.7596359803609488,0.7381750907157983,-0.047496097560669887,0.7808680212962136,-0.06118770923458852,-0.07071267564605181,0.01863185904485423,0.0,0.017712172200756986,0.017712172200756986,0.002209966679248998,-0.0020933737068310893,0.007061826610478272,0.007689964972371566,-0.031240213398457728,-0.014594851551008578,0.01417021432478649,0.03727942594766635,0.039649106536103505,0.034840959482626235,measured_min_over_explicit_pairs,0.040739387881339684,395,collision_hand_right_index_1,right_object_9,1,0,0.7547499640536142,-0.05387006679778413,0.7930805221644819,0.7556955007185131,-0.013458963324873044,0.7880064309686861,measured_min_over_explicit_pairs,0.04976248330341981,6,collision_hand_right_index_floor_semantic_06,floor,115,1092.9548588553444,195,0,0.0,source endpoint interval; AA solve data only; object and floor separated
19,0.6333333333333333,RR,right,middle,tool,0.7657578684389591,-0.0383538668975234,0.741306538813555,0.7657578684389591,-0.0383538668975234,0.741306538813555,0.7680430721336354,-0.045388161524551676,0.7504605209328253,0.019927555200645118,-0.07336578082424569,-0.0037663032068184507,0.0,0.01598859822928867,0.01598859822928867,0.00228520369467633,-0.007034294627028273,0.00915398211927032,0.011768553244384881,-0.023098411885513093,-0.009511779701500023,0.013134143124483355,0.02822262036624335,0.03469470763331992,0.019552011404545672,measured_min_over_explicit_pairs,0.007291582599484954,614,collision_hand_right_middle_0,right_object_26,0,0,0.7628838269331005,-0.03351432183291627,0.7512322222343811,0.7584340487087844,-0.028113594677387742,0.75328131880386,measured_min_over_explicit_pairs,0.018007351970105057,8,collision_hand_right_middle_floor_semantic_08,floor,0,0.0,,0,0.0,not_applicable_static_combination
19,0.6333333333333333,AR,right,middle,tool,0.7657578684389591,-0.0383538668975234,0.741306538813555,0.7657578684389591,-0.0383538668975234,0.741306538813555,0.7449446602481223,-0.0548999412260517,0.7635946640573087,-0.005108111833593469,-0.07328602411510667,0.00926156366981106,0.0,0.01598859822928867,0.01598859822928867,0.00228520369467633,-0.007034294627028273,0.00915398211927032,0.011768553244384881,-0.023098411885513093,-0.009511779701500023,0.013134143124483355,0.02822262036624335,0.03469470763331992,0.0150809750651408,measured_min_over_explicit_pairs,0.001293849722288255,597,collision_hand_right_middle_0,right_object_9,0,0,0.7428585021921219,-0.04095652383865419,0.7634547721206119,0.7424134364399275,-0.03975128860827001,0.7636076499134069,measured_min_over_explicit_pairs,0.032450858993980924,8,collision_hand_right_middle_floor_semantic_08,floor,0,0.0,,0,0.0,not_applicable_static_combination
19,0.6333333333333333,RA,right,middle,tool,0.7657578684389591,-0.0383538668975234,0.741306538813555,0.7657578684389591,-0.0383538668975234,0.741306538813555,0.7680430721336354,-0.045388161524551676,0.7504605209328253,-0.03114665507347626,-0.08413256047353876,-0.008545292070819895,0.0,0.029395525168430345,0.029395525168430345,0.00228520369467633,-0.007034294627028273,0.00915398211927032,0.011768553244384881,-0.023098411885513093,-0.009511779701500023,0.013134143124483355,0.02822262036624335,0.03469470763331992,0.03372062577830668,measured_min_over_explicit_pairs,0.02007008683695955,591,collision_hand_right_middle_0,right_object_3,0,0,0.767442799225582,-0.03139532156525579,0.7510442758506433,0.7643446781449426,-0.012276963886229822,0.7563072057446873,measured_min_over_explicit_pairs,0.018007351970105057,8,collision_hand_right_middle_floor_semantic_08,floor,0,0.0,,0,0.0,not_applicable_static_combination
19,0.6333333333333333,AA,right,middle,tool,0.7657578684389591,-0.0383538668975234,0.741306538813555,0.7657578684389591,-0.0383538668975234,0.741306538813555,0.7449446602481223,-0.0548999412260517,0.7635946640573087,-0.05716362507333994,-0.0808194459409197,0.0018785673131623492,0.0,0.029395525168430345,0.029395525168430345,0.00228520369467633,-0.007034294627028273,0.00915398211927032,0.011768553244384881,-0.023098411885513093,-0.009511779701500023,0.013134143124483355,0.02822262036624335,0.03469470763331992,0.040914659333487494,measured_min_over_explicit_pairs,0.02629705120400657,597,collision_hand_right_middle_0,right_object_9,0,0,0.7472875595171794,-0.04035399433320233,0.7630867784668501,0.7498888656978262,-0.01427352731484612,0.7652262523005546,measured_min_over_explicit_pairs,0.032450858993980924,8,collision_hand_right_middle_floor_semantic_08,floor,0,0.0,,0,0.0,source endpoint interval; AA solve data only; object and floor separated
19,0.6333333333333333,RR,right,ring,tool,0.7642799265682697,-0.05805006716400385,0.7327430202893851,0.7642799265682697,-0.05805006716400385,0.7327430202893851,0.7622852631582561,-0.06160377237002809,0.7348378230558303,0.008649937465340164,-0.08674926534751397,-0.019058940928170814,0.0,0.03358007173331173,0.03358007173331173,-0.0019946634100136418,-0.0035537052060242436,0.0020948027664452473,0.00458210665970116,-0.013578641145318149,-0.003961046859808276,0.011620702500533264,0.018306013060872213,0.02207066827516936,0.03465950125023781,measured_min_over_explicit_pairs,0.02223024886010784,762,collision_hand_right_ring_0,right_object_21,0,0,0.7584427574788012,-0.04936661511403625,0.7372697542358746,0.7486785862123203,-0.032152389763069354,0.747394741614992,measured_min_over_explicit_pairs,0.002243617413736465,10,collision_hand_right_ring_floor_semantic_10,floor,0,0.0,,0,0.0,not_applicable_static_combination
19,0.6333333333333333,AR,right,ring,tool,0.7642799265682697,-0.05805006716400385,0.7327430202893851,0.7642799265682697,-0.05805006716400385,0.7327430202893851,0.7487066220129379,-0.06556481922983637,0.7464585255563636,-0.005481639046110865,-0.08507552160504077,-0.007543419169676261,0.0,0.03358007173331173,0.03358007173331173,-0.0019946634100136418,-0.0035537052060242436,0.0020948027664452473,0.00458210665970116,-0.013578641145318149,-0.003961046859808276,0.011620702500533264,0.018306013060872213,0.02207066827516936,0.029312369009883828,measured_min_over_explicit_pairs,0.01590030938418021,744,collision_hand_right_ring_0,right_object_3,0,0,0.7467187586990766,-0.05196401150861257,0.7481437302152605,0.7415722439633277,-0.03772355135161497,0.7529957936015255,measured_min_over_explicit_pairs,0.015242902771174571,10,collision_hand_right_ring_floor_semantic_10,floor,0,0.0,,0,0.0,not_applicable_static_combination
19,0.6333333333333333,RA,right,ring,tool,0.7642799265682697,-0.05805006716400385,0.7327430202893851,0.7642799265682697,-0.05805006716400385,0.7327430202893851,0.7622852631582561,-0.06160377237002809,0.7348378230558303,-0.04245481996556345,-0.0957299171033545,-0.025212439823779614,0.0,0.050624503515987004,0.050624503515987004,-0.0019946634100136418,-0.0035537052060242436,0.0020948027664452473,0.00458210665970116,-0.013578641145318149,-0.003961046859808276,0.011620702500533264,0.018306013060872213,0.02207066827516936,0.05305888327922052,measured_min_over_explicit_pairs,0.039661887576406714,744,collision_hand_right_ring_0,right_object_3,0,0,0.7622049008197876,-0.04787756345666477,0.7365047428795941,0.7597056179238406,-0.01125910668752916,0.7515349636024078,measured_min_over_explicit_pairs,0.002243617413736465,10,collision_hand_right_ring_floor_semantic_10,floor,0,0.0,,0,0.0,not_applicable_static_combination
19,0.6333333333333333,AA,right,ring,tool,0.7642799265682697,-0.05805006716400385,0.7327430202893851,0.7642799265682697,-0.05805006716400385,0.7327430202893851,0.7487066220129379,-0.06556481922983637,0.7464585255563636,-0.057355183652599326,-0.09228670664209727,-0.015150949978911945,0.0,0.050624503515987004,0.050624503515987004,-0.0019946634100136418,-0.0035537052060242436,0.0020948027664452473,0.00458210665970116,-0.013578641145318149,-0.003961046859808276,0.011620702500533264,0.018306013060872213,0.02207066827516936,0.053641090836888936,measured_min_over_explicit_pairs,0.03937207082614173,744,collision_hand_right_ring_0,right_object_3,0,0,0.7503725606480762,-0.05122517976616082,0.7475076589372633,0.7520146248695057,-0.013054265291315597,0.7570179099531659,measured_min_over_explicit_pairs,0.015242902771174571,10,collision_hand_right_ring_floor_semantic_10,floor,0,0.0,,0,0.0,source endpoint interval; AA solve data only; object and floor separated
19,0.6333333333333333,RR,right,pinky,tool,0.7719787456095218,-0.0780990133062005,0.7333863332204459,0.7719787456095218,-0.0780990133062005,0.7333863332204459,0.7730583099455857,-0.06513444788522174,0.7159265182628713,0.01743636037875099,-0.09455462334349564,-0.03771468574281245,0.0,0.05300522882616597,0.05300522882616597,0.0010795643360638207,0.012964565420978763,-0.017459814957574538,0.02177362060070127,-0.009058874270897022,-0.0026550235064353167,0.014309079149679382,0.017142406452637662,0.013412053446620643,0.05117559079442291,measured_min_over_explicit_pairs,0.0402213787882703,914,collision_hand_right_pinky_0,right_object_21,0,0,0.7706232018347644,-0.05426748641564879,0.7200798543776685,0.7520543553292656,-0.027359199753737136,0.7435084983846342,measured_min_over_explicit_pairs,-0.015829401236150953,12,collision_hand_right_pinky_floor_semantic_12,floor,0,0.0,,0,0.0,not_applicable_static_combination
19,0.6333333333333333,AR,right,pinky,tool,0.7719787456095218,-0.0780990133062005,0.7333863332204459,0.7719787456095218,-0.0780990133062005,0.7333863332204459,0.7639994356746886,-0.06778947139165706,0.7302355974125507,0.007975317036073409,-0.09326051043667508,-0.023478252564526184,0.0,0.05300522882616597,0.05300522882616597,0.0010795643360638207,0.012964565420978763,-0.017459814957574538,0.02177362060070127,-0.009058874270897022,-0.0026550235064353167,0.014309079149679382,0.017142406452637662,0.013412053446620643,0.04230071780309404,measured_min_over_explicit_pairs,0.030419430330407955,914,collision_hand_right_pinky_0,right_object_21,0,0,0.7623307876953899,-0.05589005435875301,0.734133276708264,0.7489474365388864,-0.032290541675542066,0.7478915707363485,measured_min_over_explicit_pairs,-8.296253939277243e-06,12,collision_hand_right_pinky_floor_semantic_12,floor,0,0.0,,0,0.0,not_applicable_static_combination
19,0.6333333333333333,RA,right,pinky,tool,0.7719787456095218,-0.0780990133062005,0.7333863332204459,0.7719787456095218,-0.0780990133062005,0.7333863332204459,0.7730583099455857,-0.06513444788522174,0.7159265182628713,-0.03289720129553326,-0.10446117108888472,-0.043061215267664474,0.0,0.07000974052185485,0.07000974052185485,0.0010795643360638207,0.012964565420978763,-0.017459814957574538,0.02177362060070127,-0.009058874270897022,-0.0026550235064353167,0.014309079149679382,0.017142406452637662,0.013412053446620643,0.0652025141145253,measured_min_over_explicit_pairs,0.052794395642664436,896,collision_hand_right_pinky_0,right_object_3,0,0,0.7736392971198305,-0.05256927996087775,0.7194583352954775,0.7651892079156546,-0.008284009081268395,0.7469293925528034,measured_min_over_explicit_pairs,-0.015829401236150953,12,collision_hand_right_pinky_floor_semantic_12,floor,0,0.0,,0,0.0,not_applicable_static_combination
19,0.6333333333333333,AA,right,pinky,tool,0.7719787456095218,-0.0780990133062005,0.7333863332204459,0.7719787456095218,-0.0780990133062005,0.7333863332204459,0.7639994356746886,-0.06778947139165706,0.7302355974125507,-0.04352552268297209,-0.10204796722046791,-0.0298295362146417,0.0,0.07000974052185485,0.07000974052185485,0.0010795643360638207,0.012964565420978763,-0.017459814957574538,0.02177362060070127,-0.009058874270897022,-0.0026550235064353167,0.014309079149679382,0.017142406452637662,0.013412053446620643,0.0605472350104644,measured_min_over_explicit_pairs,0.04717023595084886,896,collision_hand_right_pinky_0,right_object_3,0,0,0.765830912145422,-0.05443929531086297,0.7334036926589798,0.7615880359288048,-0.01100117764108755,0.7512966827494024,measured_min_over_explicit_pairs,-8.296253939277243e-06,12,collision_hand_right_pinky_floor_semantic_12,floor,0,0.0,,9,181.68121242523193,source endpoint interval; AA solve data only; object and floor separated
19,0.6333333333333333,RR,left,palm,target,0.40403507128357885,-0.2737680682912469,0.808476801150286,0.40403507128357885,-0.2737680682912469,0.808476801150286,0.4351085929379391,-0.2909574088107322,0.8166559716275077,-0.20893528953141383,-0.18520440230147617,0.07584987846741151,0.0,0.1106407266017344,0.1106407266017344,0.031073521654360226,-0.017189340519485286,0.00817917047722172,0.036440856263187174,0.042645105887897106,0.014894503022310546,0.032012544054712766,0.0553647383568865,0.08399450126567223,0.13012054006204932,measured_min_over_explicit_pairs,0.05233866957123018,1256,collision_hand_left_palm_0,left_object_19,14,0,0.38494563315095076,-0.2003221286021915,0.7981836095964635,0.402785422722468,-0.1714575320074747,0.7583349797084151,measured_min_over_explicit_pairs,0.03914487567869018,13,collision_hand_left_palm_floor_semantic_13,floor,0,0.0,,0,0.0,not_applicable_static_combination
19,0.6333333333333333,AR,left,palm,target,0.40403507128357885,-0.2737680682912469,0.808476801150286,0.40403507128357885,-0.2737680682912469,0.808476801150286,0.4777536988258362,-0.27606290578842163,0.8486685156822205,-0.16702164104512177,-0.2001893517747945,0.10877329890296386,0.0,0.1106407266017344,0.1106407266017344,0.031073521654360226,-0.017189340519485286,0.00817917047722172,0.036440856263187174,0.042645105887897106,0.014894503022310546,0.032012544054712766,0.0553647383568865,0.08399450126567223,0.14592073690461144,measured_min_over_explicit_pairs,0.056217590458807996,1256,collision_hand_left_palm_0,left_object_19,14,0,0.40207864221770007,-0.213673114136344,0.7981037087018142,0.41028777158681223,-0.1752256220461927,0.757918910282845,measured_min_over_explicit_pairs,0.0779719862022401,13,collision_hand_left_palm_floor_semantic_13,floor,0,0.0,,0,0.0,not_applicable_static_combination
19,0.6333333333333333,RA,left,palm,target,0.40403507128357885,-0.2737680682912469,0.808476801150286,0.40403507128357885,-0.2737680682912469,0.808476801150286,0.4351085929379391,-0.2909574088107322,0.8166559716275077,-0.17559599027840403,-0.18598661141703013,0.07807334505003609,0.0,0.09583366717919328,0.09583366717919328,0.031073521654360226,-0.017189340519485286,0.00817917047722172,0.036440856263187174,0.042645105887897106,0.014894503022310546,0.032012544054712766,0.0553647383568865,0.08399450126567223,0.11896577763149199,measured_min_over_explicit_pairs,0.0,1260,collision_hand_left_palm_0,left_object_23,14,0,0.3864092214851897,-0.21957845923289665,0.8021335463011001,0.4175623553755254,-0.1939005225364932,0.7550300651198432,measured_min_over_explicit_pairs,0.03914487567869018,13,collision_hand_left_palm_floor_semantic_13,floor,0,0.0,,0,0.0,not_applicable_static_combination
19,0.6333333333333333,AA,left,palm,target,0.40403507128357885,-0.2737680682912469,0.808476801150286,0.40403507128357885,-0.2737680682912469,0.808476801150286,0.4777536988258362,-0.27606290578842163,0.8486685156822205,-0.13224075105211455,-0.1992426785691226,0.10985154777795837,0.0,0.09583366717919328,0.09583366717919328,0.031073521654360226,-0.017189340519485286,0.00817917047722172,0.036440856263187174,0.042645105887897106,0.014894503022310546,0.032012544054712766,0.0553647383568865,0.08399450126567223,0.14277391167346737,measured_min_over_explicit_pairs,0.04734693994705515,1244,collision_hand_left_palm_0,left_object_7,14,0,0.40207864221770007,-0.213673114136344,0.7981037087018142,0.40057352104721977,-0.19398730082655932,0.755069581698417,measured_min_over_explicit_pairs,0.0779719862022401,13,collision_hand_left_palm_floor_semantic_13,floor,0,0.0,,0,0.0,source endpoint interval; AA solve data only; object and floor separated
19,0.6333333333333333,RR,left,thumb,target,0.39253574088215826,-0.15358431730419397,0.7756254031591056,0.39253574088215826,-0.15358431730419397,0.7756254031591056,0.3905242515307726,-0.165524765187588,0.7790645611781515,-0.16325507287492214,-0.0605971546019132,0.03685529741402423,0.0,0.016515075463869478,0.016515075463869478,-0.0020114893513856758,-0.011940447883394018,0.003439158019045929,0.012587620622927693,0.04958318994711036,0.02019575514785424,0.045597324931066385,0.07032408756743705,0.06881710147715159,0.020875539706869967,measured_min_over_explicit_pairs,0.00829779490417307,1455,collision_hand_left_thumb_0,left_object_22,46,0,0.39793193424700823,-0.1605532109382001,0.7671605116898813,0.39664352956864785,-0.16134980169637303,0.7590021505296668,measured_min_over_explicit_pairs,0.04983772558596267,16,collision_hand_left_thumb_floor_semantic_16,floor,0,0.0,,0,0.0,not_applicable_static_combination
19,0.6333333333333333,AR,left,thumb,target,0.39253574088215826,-0.15358431730419397,0.7756254031591056,0.39253574088215826,-0.15358431730419397,0.7756254031591056,0.44010744147788294,-0.14532901003973375,0.8246618861092179,-0.11282670803362962,-0.0756538398123996,0.08350027079914224,0.0,0.016515075463869478,0.016515075463869478,-0.0020114893513856758,-0.011940447883394018,0.003439158019045929,0.012587620622927693,0.04958318994711036,0.02019575514785424,0.045597324931066385,0.07032408756743705,0.06881710147715159,0.06772020980959012,measured_min_over_explicit_pairs,0.05534714411353232,1439,collision_hand_left_thumb_0,left_object_6,46,0,0.45151442101737244,-0.14147991080928582,0.8127405908386188,0.4557942420839025,-0.14760340956512963,0.7578999831090381,measured_min_over_explicit_pairs,0.09524654968753854,16,collision_hand_left_thumb_floor_semantic_16,floor,0,0.0,,0,0.0,not_applicable_static_combination
19,0.6333333333333333,RA,left,thumb,target,0.39253574088215826,-0.15358431730419397,0.7756254031591056,0.39253574088215826,-0.15358431730419397,0.7756254031591056,0.3905242515307726,-0.165524765187588,0.7790645611781515,-0.13770061247009718,-0.058301867316106405,0.04072669608094173,0.0,0.03293660817202801,0.03293660817202801,-0.0020114893513856758,-0.011940447883394018,0.003439158019045929,0.012587620622927693,0.04958318994711036,0.02019575514785424,0.045597324931066385,0.07032408756743705,0.06881710147715159,0.029585041500905924,measured_min_over_explicit_pairs,0.020159550182166183,1439,collision_hand_left_thumb_0,left_object_6,46,0,0.4116754743302688,-0.17846566251566204,0.7742344854577378,0.4160512980530639,-0.1840246860631934,0.7553570680630756,measured_min_over_explicit_pairs,0.04983772558596267,16,collision_hand_left_thumb_floor_semantic_16,floor,0,0.0,,0,0.0,not_applicable_static_combination
19,0.6333333333333333,AA,left,thumb,target,0.39253574088215826,-0.15358431730419397,0.7756254031591056,0.39253574088215826,-0.15358431730419397,0.7756254031591056,0.44010744147788294,-0.14532901003973375,0.8246618861092179,-0.08555566988500062,-0.0714187072030324,0.08605142185363987,0.0,0.03293660817202801,0.03293660817202801,-0.0020114893513856758,-0.011940447883394018,0.003439158019045929,0.012587620622927693,0.04958318994711036,0.02019575514785424,0.045597324931066385,0.07032408756743705,0.06881710147715159,0.07093937149810796,measured_min_over_explicit_pairs,0.05830207692204929,1439,collision_hand_left_thumb_0,left_object_6,42,0,0.45231803699986084,-0.14224774731622708,0.812931832257442,0.45994985247457143,-0.1516826048769907,0.7559066533555515,measured_min_over_explicit_pairs,0.09524654968753854,16,collision_hand_left_thumb_floor_semantic_16,floor,0,0.0,,0,0.0,source endpoint interval; AA solve data only; object and floor separated
19,0.6333333333333333,RR,left,index,target,0.3705292589962482,-0.15282772574573755,0.7564821793965933,0.3705292589962482,-0.15282772574573755,0.7564821793965933,0.3704851519454309,-0.1549472632698493,0.7644760717717215,-0.17180913152032642,-0.03995964650015611,0.02178232749388505,0.0,0.011671384786549199,0.011671384786549199,-4.4107050817310256e-05,-0.0021195375241117587,0.007993892375128153,0.008270229746094218,0.05603088368170667,0.024087266010532737,0.044858532171601295,0.07570960453341238,0.08006546716804905,0.014699951258669791,measured_min_over_explicit_pairs,0.0013409940061457294,1618,collision_hand_left_index_external_semantic_rota2,left_object_22,42,0,0.37858969883648247,-0.1465779418592562,0.7559321977275596,0.37962369259516,-0.14573158065571834,0.7560453107006467,measured_min_over_explicit_pairs,0.028514224742977046,19,collision_hand_left_index_floor_semantic_19,floor,0,0.0,,0,0.0,not_applicable_static_combination
19,0.6333333333333333,AR,left,index,target,0.3705292589962482,-0.15282772574573755,0.7564821793965933,0.3705292589962482,-0.15282772574573755,0.7564821793965933,0.4265160356271376,-0.13085999725931657,0.8093346039433228,-0.11391727316571554,-0.05610849851418572,0.0678224353726068,0.0,0.011671384786549199,0.011671384786549199,-4.4107050817310256e-05,-0.0021195375241117587,0.007993892375128153,0.008270229746094218,0.05603088368170667,0.024087266010532737,0.044858532171601295,0.07570960453341238,0.08006546716804905,0.06004699904583778,measured_min_over_explicit_pairs,0.049247358860801525,1570,collision_hand_left_index_0,left_object_6,42,0,0.42975916261050207,-0.13131226142506838,0.7980915078790114,0.4475397802844595,-0.1530493638744556,0.7576359722009121,measured_min_over_explicit_pairs,0.0741955997084427,19,collision_hand_left_index_floor_semantic_19,floor,0,0.0,,0,0.0,not_applicable_static_combination
19,0.6333333333333333,RA,left,index,target,0.3705292589962482,-0.15282772574573755,0.7564821793965933,0.3705292589962482,-0.15282772574573755,0.7564821793965933,0.3704851519454309,-0.1549472632698493,0.7644760717717215,-0.14769531376395337,-0.03788730113597034,0.026248280563490906,0.0,0.008158095803428357,0.008158095803428357,-4.4107050817310256e-05,-0.0021195375241117587,0.007993892375128153,0.008270229746094218,0.05603088368170667,0.024087266010532737,0.044858532171601295,0.07570960453341238,0.08006546716804905,0.011893144464397149,measured_min_over_explicit_pairs,0.00026205369218588667,1586,collision_hand_left_index_0,left_object_22,42,0,0.3631566096837092,-0.15589461797360418,0.7550345552781187,0.363007812087752,-0.15600072880668955,0.7548467471203419,measured_min_over_explicit_pairs,0.028514224742977046,19,collision_hand_left_index_floor_semantic_19,floor,0,0.0,,0,0.0,not_applicable_static_combination
19,0.6333333333333333,AA,left,index,target,0.3705292589962482,-0.15282772574573755,0.7564821793965933,0.3705292589962482,-0.15282772574573755,0.7564821793965933,0.4265160356271376,-0.13085999725931657,0.8093346039433228,-0.08805211834844882,-0.05166696263622211,0.07079886291851872,0.0,0.008158095803428357,0.008158095803428357,-4.4107050817310256e-05,-0.0021195375241117587,0.007993892375128153,0.008270229746094218,0.05603088368170667,0.024087266010532737,0.044858532171601295,0.07570960453341238,0.08006546716804905,0.06464283982904175,measured_min_over_explicit_pairs,0.05409844924588863,1570,collision_hand_left_index_0,left_object_6,40,0,0.42986158735931895,-0.13170907877762147,0.7983644965763543,0.44994777931129487,-0.1577341057080126,0.7554007318792193,measured_min_over_explicit_pairs,0.0741955997084427,19,collision_hand_left_index_floor_semantic_19,floor,0,0.0,,0,0.0,source endpoint interval; AA solve data only; object and floor separated
19,0.6333333333333333,RR,left,middle,target,0.36899195089936254,-0.17698295507580042,0.7447905495099661,0.36899195089936254,-0.17698295507580042,0.7447905495099661,0.38328570477234875,-0.17534102908574506,0.7471069038196457,-0.1745810528846923,-0.06413522926385588,0.004773345097486289,0.0,0.03007813353096866,0.03007813353096866,0.014293753872986203,0.0016419259900553596,0.0023163543096795802,0.014573016778495061,0.047756825868663644,0.025300843578943938,0.04546075344699618,0.07062242708109531,0.08281810975816851,0.017921432132950523,measured_min_over_explicit_pairs,0.0035914178601637132,1780,collision_hand_left_middle_external_semantic_link2,left_object_22,42,0,0.39540145959663897,-0.1681066074777458,0.7380781729274867,0.39809383373995927,-0.16575098108393843,0.7383950767164851,measured_min_over_explicit_pairs,0.011009921955149937,21,collision_hand_left_middle_floor_semantic_21,floor,0,0.0,,0,0.0,not_applicable_static_combination
19,0.6333333333333333,AR,left,middle,target,0.36899195089936254,-0.17698295507580042,0.7447905495099661,0.36899195089936254,-0.17698295507580042,0.7447905495099661,0.4310425306410124,-0.15004018550680112,0.7925676572666419,-0.12232421779184266,-0.07408945189429353,0.05122400542354654,0.0,0.03007813353096866,0.03007813353096866,0.014293753872986203,0.0016419259900553596,0.0023163543096795802,0.014573016778495061,0.047756825868663644,0.025300843578943938,0.04546075344699618,0.07062242708109531,0.08281810975816851,0.03711640083482294,measured_min_over_explicit_pairs,0.022802380406761993,1764,collision_hand_left_middle_external_semantic_link2,left_object_6,42,0,0.44150803222277624,-0.14695700590820637,0.778817672412278,0.44701887905433224,-0.15386725092213316,0.7577979760952206,measured_min_over_explicit_pairs,0.05693212933412606,21,collision_hand_left_middle_floor_semantic_21,floor,0,0.0,,0,0.0,not_applicable_static_combination
19,0.6333333333333333,RA,left,middle,target,0.36899195089936254,-0.17698295507580042,0.7447905495099661,0.36899195089936254,-0.17698295507580042,0.7447905495099661,0.38328570477234875,-0.17534102908574506,0.7471069038196457,-0.14947955531707077,-0.061848599548639874,0.008809229768368535,0.0,0.006159324841650039,0.006159324841650039,0.014293753872986203,0.0016419259900553596,0.0023163543096795802,0.014573016778495061,0.047756825868663644,0.025300843578943938,0.04546075344699618,0.07062242708109531,0.08281810975816851,0.00436390396100432,measured_min_over_explicit_pairs,-0.013676676169676893,1748,collision_hand_left_middle_0,left_object_22,42,0,0.36630426735059407,-0.17597902342586494,0.7444781816997253,0.37346201975765014,-0.1708807102716441,0.7549579362059622,measured_min_over_explicit_pairs,0.011009921955149937,21,collision_hand_left_middle_floor_semantic_21,floor,0,0.0,,0,0.0,not_applicable_static_combination
19,0.6333333333333333,AA,left,middle,target,0.36899195089936254,-0.17698295507580042,0.7447905495099661,0.36899195089936254,-0.17698295507580042,0.7447905495099661,0.4310425306410124,-0.15004018550680112,0.7925676572666419,-0.09579562346713422,-0.06976623964261834,0.054007389501904327,0.0,0.006159324841650039,0.006159324841650039,0.014293753872986203,0.0016419259900553596,0.0023163543096795802,0.014573016778495061,0.047756825868663644,0.025300843578943938,0.04546075344699618,0.07062242708109531,0.08281810975816851,0.04115934604780466,measured_min_over_explicit_pairs,0.027075577675918252,1764,collision_hand_left_middle_external_semantic_link2,left_object_6,40,0,0.44187461845257914,-0.1475095243743299,0.7791395159825771,0.44996584836730075,-0.15793325196553576,0.7554970793895326,measured_min_over_explicit_pairs,0.05693212933412606,21,collision_hand_left_middle_floor_semantic_21,floor,0,0.0,,0,0.0,source endpoint interval; AA solve data only; object and floor separated
19,0.6333333333333333,RR,left,ring,target,0.3663152106106281,-0.19335632119327784,0.7416871740750907,0.3663152106106281,-0.19335632119327784,0.7416871740750907,0.3668161810578684,-0.19040796063315288,0.741893475534796,-0.1967869889226918,-0.06542866902701977,-0.0007638825818416572,0.0,0.042779179431301856,0.042779179431301856,0.0005009704472402898,0.0029483605601249574,0.0002063014597053492,0.002997726083848397,0.0488664255154212,0.026690595529696853,0.0431967630917971,0.07047180836329464,0.07210709753339459,0.04055648794099255,measured_min_over_explicit_pairs,0.04159280968864221,1844,collision_hand_left_ring_1,left_object_22,18,0,0.3519327078894029,-0.1774954654957719,0.7539363659975853,0.38404876442007113,-0.15118351800925517,0.7564267776465529,measured_min_over_explicit_pairs,0.005923106143993495,23,collision_hand_left_ring_floor_semantic_23,floor,0,0.0,,0,0.0,not_applicable_static_combination
19,0.6333333333333333,AR,left,ring,target,0.3663152106106281,-0.19335632119327784,0.7416871740750907,0.3663152106106281,-0.19335632119327784,0.7416871740750907,0.4156826065732896,-0.16371736510345603,0.7850902386265931,-0.1427559122734391,-0.07505020164632924,0.04344408774219683,0.0,0.042779179431301856,0.042779179431301856,0.0005009704472402898,0.0029483605601249574,0.0002063014597053492,0.002997726083848397,0.0488664255154212,0.026690595529696853,0.0431967630917971,0.07047180836329464,0.07210709753339459,0.028384851493726465,measured_min_over_explicit_pairs,0.02720577665994413,1844,collision_hand_left_ring_1,left_object_22,15,0,0.3923762562231934,-0.15860160830482073,0.7863793233922614,0.39241221742846205,-0.1577910732833701,0.75918564722589,measured_min_over_explicit_pairs,0.049385258160855594,23,collision_hand_left_ring_floor_semantic_23,floor,0,0.0,,0,0.0,not_applicable_static_combination
19,0.6333333333333333,RA,left,ring,target,0.3663152106106281,-0.19335632119327784,0.7416871740750907,0.3663152106106281,-0.19335632119327784,0.7416871740750907,0.3668161810578684,-0.19040796063315288,0.741893475534796,-0.17169049702903452,-0.06427063851071506,0.003686216236148107,0.0,0.017826280926203125,0.017826280926203125,0.0005009704472402898,0.0029483605601249574,0.0002063014597053492,0.002997726083848397,0.0488664255154212,0.026690595529696853,0.0431967630917971,0.07047180836329464,0.07210709753339459,0.015875076423694883,measured_min_over_explicit_pairs,0.017195280628569256,1844,collision_hand_left_ring_1,left_object_22,15,0,0.3523478097913858,-0.1779996713921336,0.7529890806616145,0.3662200315433307,-0.167844294749043,0.7526612624237357,measured_min_over_explicit_pairs,0.005923106143993495,23,collision_hand_left_ring_floor_semantic_23,floor,0,0.0,,0,0.0,not_applicable_static_combination
19,0.6333333333333333,AA,left,ring,target,0.3663152106106281,-0.19335632119327784,0.7416871740750907,0.3663152106106281,-0.19335632119327784,0.7416871740750907,0.4156826065732896,-0.16371736510345603,0.7850902386265931,-0.11630055729365227,-0.07171423796864813,0.04661433263104138,0.0,0.017826280926203125,0.017826280926203125,0.0005009704472402898,0.0029483605601249574,0.0002063014597053492,0.002997726083848397,0.0488664255154212,0.026690595529696853,0.0431967630917971,0.07047180836329464,0.07210709753339459,0.033903540802191615,measured_min_over_explicit_pairs,0.03680382364388836,1844,collision_hand_left_ring_1,left_object_22,15,0,0.3878512958208031,-0.16215817312463351,0.7877234415699905,0.3740219568859032,-0.17196961788083745,0.7550583781041091,measured_min_over_explicit_pairs,0.049385258160855594,23,collision_hand_left_ring_floor_semantic_23,floor,0,0.0,,0,0.0,source endpoint interval; AA solve data only; object and floor separated
19,0.6333333333333333,RR,left,pinky,target,0.3558849789202213,-0.20458985958248377,0.7451434686116812,0.3558849789202213,-0.20458985958248377,0.7451434686116812,0.34312514340153755,-0.19483848829418068,0.7313832698259047,-0.21774627404579153,-0.054009538626909305,-0.01179434461504379,0.0,0.05675983596440647,0.05675983596440647,-0.01275983551868376,0.009751371288303085,-0.0137601987857765,0.021148184676002112,0.045808861730379125,0.030564404390833133,0.04451322480837039,0.07081004033073202,0.06052560211760057,0.06216496927614747,measured_min_over_explicit_pairs,0.06604372014465032,1942,collision_hand_left_pinky_1,left_object_22,18,0,0.3323806830814449,-0.19190762712711798,0.7504442838111738,0.38330956765133156,-0.15021781787001387,0.7559198195035356,measured_min_over_explicit_pairs,-0.004298830769216777,25,collision_hand_left_pinky_floor_semantic_25,floor,0,0.0,,0,0.0,not_applicable_static_combination
19,0.6333333333333333,AR,left,pinky,target,0.3558849789202213,-0.20458985958248377,0.7451434686116812,0.3558849789202213,-0.20458985958248377,0.7451434686116812,0.38893400513191667,-0.16427408390334755,0.7758964946342751,-0.16364187556551987,-0.05867535490159092,0.033647992860253294,0.0,0.05675983596440647,0.05675983596440647,-0.01275983551868376,0.009751371288303085,-0.0137601987857765,0.021148184676002112,0.045808861730379125,0.030564404390833133,0.04451322480837039,0.07081004033073202,0.06052560211760057,0.017962330427815185,measured_min_over_explicit_pairs,0.031376019424088034,1942,collision_hand_left_pinky_1,left_object_22,15,0,0.37540376012565174,-0.1669303544008951,0.7848179833211503,0.3886614563010603,-0.1553627598364378,0.7588395529795449,measured_min_over_explicit_pairs,0.04135770885448842,25,collision_hand_left_pinky_floor_semantic_25,floor,0,0.0,,0,0.0,not_applicable_static_combination
19,0.6333333333333333,RA,left,pinky,target,0.3558849789202213,-0.20458985958248377,0.7451434686116812,0.3558849789202213,-0.20458985958248377,0.7451434686116812,0.34312514340153755,-0.19483848829418068,0.7313832698259047,-0.19347460346821682,-0.05382723293107519,-0.006693921102902584,0.0,0.030924636691156616,0.030924636691156616,-0.01275983551868376,0.009751371288303085,-0.0137601987857765,0.021148184676002112,0.045808861730379125,0.030564404390833133,0.04451322480837039,0.07081004033073202,0.06052560211760057,0.0378266119641602,measured_min_over_explicit_pairs,0.041525187718910686,1942,collision_hand_left_pinky_1,left_object_22,18,0,0.3327951862064372,-0.1924018643940668,0.7500739092823177,0.3662512355943486,-0.16789954601637974,0.7522350128344099,measured_min_over_explicit_pairs,-0.004298830769216777,25,collision_hand_left_pinky_floor_semantic_25,floor,0,0.0,,0,0.0,not_applicable_static_combination
19,0.6333333333333333,AA,left,pinky,target,0.3558849789202213,-0.20458985958248377,0.7451434686116812,0.3558849789202213,-0.20458985958248377,0.7451434686116812,0.38893400513191667,-0.16427408390334755,0.7758964946342751,-0.13825986874916132,-0.05634335360764408,0.0375673940411955,0.0,0.030924636691156616,0.030924636691156616,-0.01275983551868376,0.009751371288303085,-0.0137601987857765,0.021148184676002112,0.045808861730379125,0.030564404390833133,0.04451322480837039,0.07081004033073202,0.06052560211760057,0.026710646858847185,measured_min_over_explicit_pairs,0.02750807970645742,1942,collision_hand_left_pinky_1,left_object_22,15,0,0.37055939895452555,-0.17118051215104035,0.7827570261518285,0.37107780412279406,-0.17078174178042996,0.7552567227460503,measured_min_over_explicit_pairs,0.04135770885448842,25,collision_hand_left_pinky_floor_semantic_25,floor,104,981.12519569695,191,0,0.0,source endpoint interval; AA solve data only; object and floor separated
20,0.6666666666666666,RR,right,palm,tool,0.7699991561472416,-0.16664469335228205,0.8090837552480338,0.7699991561472416,-0.16664469335228205,0.8090837552480338,0.7698452554157315,-0.1890286750528582,0.8243148590079176,-0.03188811347500526,-0.2053679301927919,0.07353019455849177,0.0,0.13154906076595846,0.13154906076595846,-0.00015390073151011485,-0.02238398170057615,0.01523110375988379,0.027074948641709985,-0.019558855097585703,-0.02142292788293282,0.009287688637651281,0.03045901856652068,0.05393337788669188,0.1558914177105302,measured_min_over_explicit_pairs,0.06583606849767494,117,collision_hand_right_palm_0,right_object_8,0,0,0.7916594329755806,-0.08145289076500495,0.8130191831874699,0.7550500233091046,-0.032842076577527635,0.7878969264589584,measured_min_over_explicit_pairs,0.020963949458318476,0,collision_hand_right_palm_floor_semantic_00,floor,0,0.0,,0,0.0,not_applicable_static_combination
20,0.6666666666666666,AR,right,palm,tool,0.7699991561472416,-0.16664469335228205,0.8090837552480338,0.7699991561472416,-0.16664469335228205,0.8090837552480338,0.7502864003181458,-0.21045160293579102,0.8336025476455688,-0.05802992503071081,-0.2177749903440725,0.08303926175901863,0.0,0.13154906076595846,0.13154906076595846,-0.00015390073151011485,-0.02238398170057615,0.01523110375988379,0.027074948641709985,-0.019558855097585703,-0.02142292788293282,0.009287688637651281,0.03045901856652068,0.05393337788669188,0.17533776504488438,measured_min_over_explicit_pairs,0.07711254277453251,118,collision_hand_right_palm_0,right_object_9,0,0,0.7638910893712783,-0.10456887593331848,0.822873580172695,0.7425275272527807,-0.039255640138000675,0.7878861010307444,measured_min_over_explicit_pairs,0.038381518932629644,0,collision_hand_right_palm_floor_semantic_00,floor,0,0.0,,0,0.0,not_applicable_static_combination
20,0.6666666666666666,RA,right,palm,tool,0.7699991561472416,-0.16664469335228205,0.8090837552480338,0.7699991561472416,-0.16664469335228205,0.8090837552480338,0.7698452554157315,-0.1890286750528582,0.8243148590079176,-0.11822484606943222,-0.2095926274567128,0.054658188666788496,0.0,0.15997908946850514,0.15997908946850514,-0.00015390073151011485,-0.02238398170057615,0.01523110375988379,0.027074948641709985,-0.019558855097585703,-0.02142292788293282,0.009287688637651281,0.03045901856652068,0.05393337788669188,0.1844099738283641,measured_min_over_explicit_pairs,0.08045343799745888,118,collision_hand_right_palm_0,right_object_9,0,0,0.7916594329755805,-0.08145289076500495,0.8130191831874699,0.7731538368889871,-0.0061175179701670294,0.7916912624038207,measured_min_over_explicit_pairs,0.020963949458318476,0,collision_hand_right_palm_floor_semantic_00,floor,0,0.0,,0,0.0,not_applicable_static_combination
20,0.6666666666666666,AA,right,palm,tool,0.7699991561472416,-0.16664469335228205,0.8090837552480338,0.7699991561472416,-0.16664469335228205,0.8090837552480338,0.7502864003181458,-0.21045160293579102,0.8336025476455688,-0.14666337613868602,-0.21787259029596903,0.06176058508745777,0.0,0.15997908946850514,0.15997908946850514,-0.00015390073151011485,-0.02238398170057615,0.01523110375988379,0.027074948641709985,-0.019558855097585703,-0.02142292788293282,0.009287688637651281,0.03045901856652068,0.05393337788669188,0.20716600114458558,measured_min_over_explicit_pairs,0.10093860657294135,118,collision_hand_right_palm_0,right_object_9,2,0,0.7618840021021671,-0.1007432768295586,0.8312405959466929,0.7606887442755581,-0.007464384554233164,0.7926890471904728,measured_min_over_explicit_pairs,0.038381518932629644,0,collision_hand_right_palm_floor_semantic_00,floor,0,0.0,,0,0.0,source endpoint interval; AA solve data only; object and floor separated
20,0.6666666666666666,RR,right,thumb,tool,0.7485879607498646,-0.04521446768194437,0.8021399929456351,0.7485879607498646,-0.04521446768194437,0.8021399929456351,0.7455659328805757,-0.04437358932753716,0.8023908828237432,-0.0008336305274969641,-0.0626601026633503,0.04773610392942676,0.0,0.015726235928114965,0.015726235928114965,-0.003022027869288846,0.0008408783544072082,0.0002508898781080626,0.003146851534566913,-0.025526136274312883,-0.024199234368430182,0.010906298969383221,0.03682572381260922,0.038536908732103234,0.014858748285232332,measured_min_over_explicit_pairs,0.032245855501809535,270,collision_hand_right_thumb_external_semantic_rota1,right_object_9,2,0,0.7369777421217512,-0.0661131275218769,0.8091807334039038,0.7330254654140462,-0.04144582398373182,0.7887920394284103,measured_min_over_explicit_pairs,0.08047243617033206,3,collision_hand_right_thumb_floor_semantic_03,floor,0,0.0,,0,0.0,not_applicable_static_combination
20,0.6666666666666666,AR,right,thumb,tool,0.7485879607498646,-0.04521446768194437,0.8021399929456351,0.7485879607498646,-0.04521446768194437,0.8021399929456351,0.7200397966062628,-0.06857282369596734,0.8132971817931264,-0.03355448145806338,-0.07539477253515882,0.05884051890538464,0.0,0.015726235928114965,0.015726235928114965,-0.003022027869288846,0.0008408783544072082,0.0002508898781080626,0.003146851534566913,-0.025526136274312883,-0.024199234368430182,0.010906298969383221,0.03682572381260922,0.038536908732103234,0.03566845448202247,measured_min_over_explicit_pairs,0.05689664069591533,270,collision_hand_right_thumb_external_semantic_rota1,right_object_9,9,0,0.7130630870737656,-0.08984805478309613,0.8197976783934016,0.7175925093325606,-0.0423421903542151,0.7888153463096735,measured_min_over_explicit_pairs,0.08962940979393219,3,collision_hand_right_thumb_floor_semantic_03,floor,0,0.0,,0,0.0,not_applicable_static_combination
20,0.6666666666666666,RA,right,thumb,tool,0.7485879607498646,-0.04521446768194437,0.8021399929456351,0.7485879607498646,-0.04521446768194437,0.8021399929456351,0.7455659328805757,-0.04437358932753716,0.8023908828237432,-0.06232715242781141,-0.07305904030557342,0.03951660731343945,0.0,0.039482693253494114,0.039482693253494114,-0.003022027869288846,0.0008408783544072082,0.0002508898781080626,0.003146851534566913,-0.025526136274312883,-0.024199234368430182,0.010906298969383221,0.03682572381260922,0.038536908732103234,0.03910648722198194,measured_min_over_explicit_pairs,0.06149691400325315,284,collision_hand_right_thumb_external_semantic_rota1,right_object_23,7,0,0.7405296033752216,-0.06403624856784026,0.8129948017862885,0.7503631502686362,-0.006568186199838625,0.793434801911902,measured_min_over_explicit_pairs,0.08047243617033206,3,collision_hand_right_thumb_floor_semantic_03,floor,0,0.0,,0,0.0,not_applicable_static_combination
20,0.6666666666666666,AA,right,thumb,tool,0.7485879607498646,-0.04521446768194437,0.8021399929456351,0.7485879607498646,-0.04521446768194437,0.8021399929456351,0.7200397966062628,-0.06857282369596734,0.8132971817931264,-0.09740547748637209,-0.0806320173070329,0.047780690126667705,0.0,0.039482693253494114,0.039482693253494114,-0.003022027869288846,0.0008408783544072082,0.0002508898781080626,0.003146851534566913,-0.025526136274312883,-0.024199234368430182,0.010906298969383221,0.03682572381260922,0.038536908732103234,0.07051300564963646,measured_min_over_explicit_pairs,0.0931346496027677,284,collision_hand_right_thumb_external_semantic_rota1,right_object_23,19,0,0.7154681555493804,-0.08891082834007732,0.8227294126729267,0.7419130490745549,-0.004523987606518712,0.7935131214284598,measured_min_over_explicit_pairs,0.08962940979393219,3,collision_hand_right_thumb_floor_semantic_03,floor,0,0.0,,0,0.0,source endpoint interval; AA solve data only; object and floor separated
20,0.6666666666666666,RR,right,index,tool,0.7738127507269382,-0.022992175072431564,0.7556559398107169,0.7738127507269382,-0.022992175072431564,0.7556559398107169,0.7765846913856242,-0.02517770479528704,0.7627361397660759,0.035284554927206724,-0.0574113919723338,0.008099356778818513,0.0,0.006800130353017116,0.006800130353017116,0.002771940658686023,-0.0021855297228554754,0.007080199955359023,0.007911347963060868,-0.02851313562521951,-0.01698252544050377,0.020450660651961106,0.03898249087245696,0.04228441489284632,0.009211902843190163,measured_min_over_explicit_pairs,-0.0003593775430707552,465,collision_hand_right_index_rota_link2_external_exact_mesh,right_object_external_exact_sdf,0,0,0.7701443280872942,-0.017322009686219327,0.7649029859788877,0.7704425731291327,-0.01752173643213085,0.7648853411368676,measured_min_over_explicit_pairs,0.029847615687512152,6,collision_hand_right_index_floor_semantic_06,floor,0,0.0,,0,0.0,not_applicable_static_combination
20,0.6666666666666666,AR,right,index,tool,0.7738127507269382,-0.022992175072431564,0.7556559398107169,0.7738127507269382,-0.022992175072431564,0.7556559398107169,0.7480715557604047,-0.04216023023579081,0.783186800418037,0.002409622366633556,-0.062070854449636906,0.02852392074433712,0.0,0.006800130353017116,0.006800130353017116,0.002771940658686023,-0.0021855297228554754,0.007080199955359023,0.007911347963060868,-0.02851313562521951,-0.01698252544050377,0.020450660651961106,0.03898249087245696,0.04228441489284632,0.004308278361758585,measured_min_over_explicit_pairs,-0.0017662879308122008,465,collision_hand_right_index_rota_link2_external_exact_mesh,right_object_external_exact_sdf,0,0,0.7552723377721584,-0.029246525434673067,0.7757047645828691,0.7563283601388304,-0.030662305637024125,0.7756922652128074,measured_min_over_explicit_pairs,0.05141601077444091,6,collision_hand_right_index_floor_semantic_06,floor,0,0.0,,0,0.0,not_applicable_static_combination
20,0.6666666666666666,RA,right,index,tool,0.7738127507269382,-0.022992175072431564,0.7556559398107169,0.7738127507269382,-0.022992175072431564,0.7556559398107169,0.7765846913856242,-0.02517770479528704,0.7627361397660759,-0.023107948404669815,-0.07202196317661382,0.002585285702110753,0.0,0.016139870035808006,0.016139870035808006,0.002771940658686023,-0.0021855297228554754,0.007080199955359023,0.007911347963060868,-0.02851313562521951,-0.01698252544050377,0.020450660651961106,0.03898249087245696,0.04228441489284632,0.017779942293683636,measured_min_over_explicit_pairs,0.02883145654998984,395,collision_hand_right_index_1,right_object_9,1,0,0.7883934680895035,-0.033465945111009386,0.7747857994751277,0.7787140298719167,-0.006320079162300667,0.7739713521283905,measured_min_over_explicit_pairs,0.029847615687512152,6,collision_hand_right_index_floor_semantic_06,floor,0,0.0,,0,0.0,not_applicable_static_combination
20,0.6666666666666666,AA,right,index,tool,0.7738127507269382,-0.022992175072431564,0.7556559398107169,0.7738127507269382,-0.022992175072431564,0.7556559398107169,0.7480715557604047,-0.04216023023579081,0.783186800418037,-0.05767125166169974,-0.07207841227723978,0.02061330489676477,0.0,0.016139870035808006,0.016139870035808006,0.002771940658686023,-0.0021855297228554754,0.007080199955359023,0.007911347963060868,-0.02851313562521951,-0.01698252544050377,0.020450660651961106,0.03898249087245696,0.04228441489284632,0.03370002926228561,measured_min_over_explicit_pairs,0.041328280222709415,395,collision_hand_right_index_1,right_object_9,1,0,0.7639911293729515,-0.04901390583084983,0.7945024538247883,0.7624782541517476,-0.00812947384662215,0.7886542766678512,measured_min_over_explicit_pairs,0.05141601077444091,6,collision_hand_right_index_floor_semantic_06,floor,0,0.0,,0,0.0,source endpoint interval; AA solve data only; object and floor separated
20,0.6666666666666666,RR,right,middle,tool,0.7709059663116932,-0.03078929614275694,0.7377648308210013,0.7709059663116932,-0.03078929614275694,0.7377648308210013,0.7733310543373124,-0.037880542992940254,0.7470199885628572,0.027642622787625127,-0.06844922112372774,-0.007350978549549108,0.0,0.01577863140949892,0.01577863140949892,0.0024250880256192486,-0.007091246850183315,0.009255157741855924,0.01190902089379611,-0.021989136049163638,-0.013856536313863889,0.018769420062358932,0.03205958253445198,0.04008663811870462,0.01829253637892238,measured_min_over_explicit_pairs,0.006981826919456131,609,collision_hand_right_middle_0,right_object_21,0,0,0.7677115914826259,-0.027086299024255033,0.7482107181242716,0.7629752249911026,-0.022556794374801653,0.7506182744002072,measured_min_over_explicit_pairs,0.014162208281521593,8,collision_hand_right_middle_floor_semantic_08,floor,0,0.0,,0,0.0,not_applicable_static_combination
20,0.6666666666666666,AR,right,middle,tool,0.7709059663116932,-0.03078929614275694,0.7377648308210013,0.7709059663116932,-0.03078929614275694,0.7377648308210013,0.7513419182881488,-0.05173707930680414,0.7657894086252162,0.0019936105072362945,-0.0726638137033548,0.01141553979327501,0.0,0.01577863140949892,0.01577863140949892,0.0024250880256192486,-0.007091246850183315,0.009255157741855924,0.01190902089379611,-0.021989136049163638,-0.013856536313863889,0.018769420062358932,0.03205958253445198,0.04008663811870462,0.014239313039187993,measured_min_over_explicit_pairs,0.0008601776956806279,614,collision_hand_right_middle_0,right_object_26,0,0,0.7482842968148107,-0.03830629188700512,0.7649004003013662,0.7479053572316711,-0.03753748455972979,0.764972827879016,measured_min_over_explicit_pairs,0.0339443517065825,8,collision_hand_right_middle_floor_semantic_08,floor,0,0.0,,0,0.0,not_applicable_static_combination
20,0.6666666666666666,RA,right,middle,tool,0.7709059663116932,-0.03078929614275694,0.7377648308210013,0.7709059663116932,-0.03078929614275694,0.7377648308210013,0.7733310543373124,-0.037880542992940254,0.7470199885628572,-0.03134389437268237,-0.08083992035339828,-0.013948270666702036,0.0,0.028605839258150658,0.028605839258150658,0.0024250880256192486,-0.007091246850183315,0.009255157741855924,0.01190902089379611,-0.021989136049163638,-0.013856536313863889,0.018769420062358932,0.03205958253445198,0.04008663811870462,0.032326484570124624,measured_min_over_explicit_pairs,0.01910296707040978,591,collision_hand_right_middle_0,right_object_3,0,0,0.77267564839723,-0.024265029628740994,0.7479300456850329,0.769199304105311,-0.006482396526095278,0.7539811894772337,measured_min_over_explicit_pairs,0.014162208281521593,8,collision_hand_right_middle_floor_semantic_08,floor,0,0.0,,0,0.0,not_applicable_static_combination
20,0.6666666666666666,AA,right,middle,tool,0.7709059663116932,-0.03078929614275694,0.7377648308210013,0.7709059663116932,-0.03078929614275694,0.7377648308210013,0.7513419182881488,-0.05173707930680414,0.7657894086252162,-0.05860724274559408,-0.08159378165400427,0.0029027934219553945,0.0,0.028605839258150658,0.028605839258150658,0.0024250880256192486,-0.007091246850183315,0.009255157741855924,0.01190902089379611,-0.021989136049163638,-0.013856536313863889,0.018769420062358932,0.03205958253445198,0.04008663811870462,0.04227041340803718,measured_min_over_explicit_pairs,0.027791164405060957,611,collision_hand_right_middle_0,right_object_23,0,0,0.7532121996595299,-0.03728328774733857,0.7647724416062024,0.7546643960272207,-0.009601127304243067,0.7667568654272425,measured_min_over_explicit_pairs,0.0339443517065825,8,collision_hand_right_middle_floor_semantic_08,floor,0,0.0,,0,0.0,source endpoint interval; AA solve data only; object and floor separated
20,0.6666666666666666,RR,right,ring,tool,0.7670463122427463,-0.0504844943061471,0.7308524801663993,0.7670463122427463,-0.0504844943061471,0.7308524801663993,0.7640125102568782,-0.05462514323342055,0.7326582461278771,0.012864245038854982,-0.08096133404650044,-0.0214408021142229,0.0,0.030127575106656465,0.030127575106656465,-0.003033801985868112,-0.004140648927273449,0.0018057659614778565,0.005441481299795131,-0.01345358065558977,-0.010020247079308583,0.016336692233197225,0.02341562933403794,0.028311014666037856,0.03087360405933541,measured_min_over_explicit_pairs,0.01917120847154294,762,collision_hand_right_ring_0,right_object_21,0,0,0.7601909429449749,-0.04299895499037094,0.7354069309218225,0.7512838255276287,-0.029064119672162884,0.7451032631267023,measured_min_over_explicit_pairs,-0.00027212351140026847,10,collision_hand_right_ring_floor_semantic_10,floor,0,0.0,,0,0.0,not_applicable_static_combination
20,0.6666666666666666,AR,right,ring,tool,0.7670463122427463,-0.0504844943061471,0.7308524801663993,0.7670463122427463,-0.0504844943061471,0.7308524801663993,0.7505589296012884,-0.06464539031272913,0.7489949383610743,-0.0034234662932709245,-0.08483593134808698,-0.005070412613024896,0.0,0.030127575106656465,0.030127575106656465,-0.003033801985868112,-0.004140648927273449,0.0018057659614778565,0.005441481299795131,-0.01345358065558977,-0.010020247079308583,0.016336692233197225,0.02341562933403794,0.028311014666037856,0.028418718079044808,measured_min_over_explicit_pairs,0.015174389714454227,744,collision_hand_right_ring_0,right_object_3,0,0,0.7482870885881192,-0.0511391182040541,0.7499642369043127,0.7430990670731037,-0.037509299187160464,0.7541564403264518,measured_min_over_explicit_pairs,0.0170334187029636,10,collision_hand_right_ring_floor_semantic_10,floor,0,0.0,,0,0.0,not_applicable_static_combination
20,0.6666666666666666,RA,right,ring,tool,0.7670463122427463,-0.0504844943061471,0.7308524801663993,0.7670463122427463,-0.0504844943061471,0.7308524801663993,0.7640125102568782,-0.05462514323342055,0.7326582461278771,-0.04694017548729774,-0.08997431076403625,-0.029657996125192203,0.0,0.0488846395114492,0.0488846395114492,-0.003033801985868112,-0.004140648927273449,0.0018057659614778565,0.005441481299795131,-0.01345358065558977,-0.010020247079308583,0.016336692233197225,0.02341562933403794,0.028311014666037856,0.05179642653585304,measured_min_over_explicit_pairs,0.038763573210633805,744,collision_hand_right_ring_0,right_object_3,0,0,0.7643686372935318,-0.0411825323583973,0.7345015809644303,0.7625529655085153,-0.005965635795341147,0.7505977960627777,measured_min_over_explicit_pairs,-0.00027212351140026847,10,collision_hand_right_ring_floor_semantic_10,floor,0,0.0,,0,0.0,not_applicable_static_combination
20,0.6666666666666666,AA,right,ring,tool,0.7670463122427463,-0.0504844943061471,0.7308524801663993,0.7670463122427463,-0.0504844943061471,0.7308524801663993,0.7505589296012884,-0.06464539031272913,0.7489949383610743,-0.06476757684809455,-0.09185212767832725,-0.014593160863347445,0.0,0.0488846395114492,0.0488846395114492,-0.003033801985868112,-0.004140648927273449,0.0018057659614778565,0.005441481299795131,-0.01345358065558977,-0.010020247079308583,0.016336692233197225,0.02341562933403794,0.028311014666037856,0.05709584731770968,measured_min_over_explicit_pairs,0.04296358795221341,744,collision_hand_right_ring_0,right_object_3,0,0,0.7523830562056246,-0.05037330443204638,0.749327443847087,0.7552918417076002,-0.008492683201301216,0.7584610314203208,measured_min_over_explicit_pairs,0.0170334187029636,10,collision_hand_right_ring_floor_semantic_10,floor,0,0.0,,0,0.0,source endpoint interval; AA solve data only; object and floor separated
20,0.6666666666666666,RR,right,pinky,tool,0.7710049249231815,-0.07291482482105494,0.7318609311513541,0.7710049249231815,-0.07291482482105494,0.7318609311513541,0.7720158352393672,-0.06033809142981519,0.7135197399610911,0.018283365965600182,-0.08976382233353108,-0.04031201655590972,0.0,0.04884246110810906,0.04884246110810906,0.0010109103161857202,0.012576733391239749,-0.018341191190263006,0.02226197333435374,-0.00857365187094139,-0.007902079512177883,0.01770063051952342,0.021195817696176813,0.008913908608795287,0.04881053917060313,measured_min_over_explicit_pairs,0.03843601109121128,914,collision_hand_right_pinky_0,right_object_21,0,0,0.7696719793684494,-0.05007154980471309,0.7178270358800947,0.7521640333572491,-0.02600050791425755,0.7421454181737538,measured_min_over_explicit_pairs,-0.01894520013344292,12,collision_hand_right_pinky_floor_semantic_12,floor,0,0.0,,0,0.0,not_applicable_static_combination
20,0.6666666666666666,AR,right,pinky,tool,0.7710049249231815,-0.07291482482105494,0.7318609311513541,0.7710049249231815,-0.07291482482105494,0.7318609311513541,0.7634421833684258,-0.06824017094199307,0.7312203704806145,0.007306024230874729,-0.09343627313952771,-0.02255606652990008,0.0,0.04884246110810906,0.04884246110810906,0.0010109103161857202,0.012576733391239749,-0.018341191190263006,0.02226197333435374,-0.00857365187094139,-0.007902079512177883,0.01770063051952342,0.021195817696176813,0.008913908608795287,0.042052748019751285,measured_min_over_explicit_pairs,0.030424082765665127,914,collision_hand_right_pinky_0,right_object_21,0,0,0.7617666392838092,-0.056337538745081434,0.7343963342418683,0.7484962270901772,-0.032421383102006186,0.747720690571513,measured_min_over_explicit_pairs,0.00033279492876847616,12,collision_hand_right_pinky_floor_semantic_12,floor,0,0.0,,0,0.0,not_applicable_static_combination
20,0.6666666666666666,RA,right,pinky,tool,0.7710049249231815,-0.07291482482105494,0.7318609311513541,0.7710049249231815,-0.07291482482105494,0.7318609311513541,0.7720158352393672,-0.06033809142981519,0.7135197399610911,-0.041715270373193225,-0.09862295510004497,-0.0486546990987073,0.0,0.06967969610307438,0.06967969610307438,0.0010109103161857202,0.012576733391239749,-0.018341191190263006,0.02226197333435374,-0.00857365187094139,-0.007902079512177883,0.01770063051952342,0.021195817696176813,0.008913908608795287,0.0660694529573643,measured_min_over_explicit_pairs,0.05403253713708386,896,collision_hand_right_pinky_0,right_object_3,0,0,0.7730770370380332,-0.04804471721666759,0.7169738382784653,0.7668631247458858,-0.0032546613723400952,0.7465500662488788,measured_min_over_explicit_pairs,-0.01894520013344292,12,collision_hand_right_pinky_floor_semantic_12,floor,0,0.0,,0,0.0,not_applicable_static_combination
20,0.6666666666666666,AA,right,pinky,tool,0.7710049249231815,-0.07291482482105494,0.7318609311513541,0.7710049249231815,-0.07291482482105494,0.7318609311513541,0.7634421833684258,-0.06824017094199307,0.7312203704806145,-0.054383906718261696,-0.1012644897053817,-0.03186807835792743,0.0,0.06967969610307438,0.06967969610307438,0.0010109103161857202,0.012576733391239749,-0.018341191190263006,0.02226197333435374,-0.00857365187094139,-0.007902079512177883,0.01770063051952342,0.021195817696176813,0.008913908608795287,0.06498624078719428,measured_min_over_explicit_pairs,0.051760325266625516,896,collision_hand_right_pinky_0,right_object_3,0,0,0.765515345523528,-0.05489588391240406,0.7336342541857339,0.7623418914181723,-0.00674540708585742,0.7523583574252556,measured_min_over_explicit_pairs,0.00033279492876847616,12,collision_hand_right_pinky_floor_semantic_12,floor,0,0.0,,0,0.0,source endpoint interval; AA solve data only; object and floor separated
20,0.6666666666666666,RR,left,palm,target,0.39759292677044866,-0.2686853716149926,0.8081226899556754,0.39759292677044866,-0.2686853716149926,0.8081226899556754,0.42725191857883854,-0.28555492169721786,0.8186147567371577,-0.21155417369603527,-0.17600905998689081,0.077750534914308,0.0,0.10679154079993557,0.10679154079993557,0.02965899180838988,-0.016869550082225238,0.01049206678148229,0.03569763270041765,0.04422740790774898,0.016890502046186362,0.04001750978429619,0.06198994885420445,0.08950093757526832,0.12558900331307185,measured_min_over_explicit_pairs,0.04900630475501995,1256,collision_hand_left_palm_0,left_object_19,14,0,0.37999994812854593,-0.19309240173611483,0.7961529632770488,0.40040013432248317,-0.16945807388403344,0.7583790456092331,measured_min_over_explicit_pairs,0.03602856678094568,13,collision_hand_left_palm_floor_semantic_13,floor,0,0.0,,0,0.0,not_applicable_static_combination
20,0.6666666666666666,AR,left,palm,target,0.39759292677044866,-0.2686853716149926,0.8081226899556754,0.39759292677044866,-0.2686853716149926,0.8081226899556754,0.4714793264865875,-0.2686644196510315,0.8586322665214539,-0.16725872804270175,-0.19030873564734016,0.1186917919703073,0.0,0.10679154079993557,0.10679154079993557,0.02965899180838988,-0.016869550082225238,0.01049206678148229,0.03569763270041765,0.04422740790774898,0.016890502046186362,0.04001750978429619,0.06198994885420445,0.08950093757526832,0.14551593864293738,measured_min_over_explicit_pairs,0.05878973155120635,1256,collision_hand_left_palm_0,left_object_19,14,0,0.3960170167360729,-0.21116842309613804,0.8022793589897473,0.4081348767788772,-0.17432168397598097,0.7581012216358819,measured_min_over_explicit_pairs,0.08300358880209413,13,collision_hand_left_palm_floor_semantic_13,floor,0,0.0,,0,0.0,not_applicable_static_combination
20,0.6666666666666666,RA,left,palm,target,0.39759292677044866,-0.2686853716149926,0.8081226899556754,0.39759292677044866,-0.2686853716149926,0.8081226899556754,0.42725191857883854,-0.28555492169721786,0.8186147567371577,-0.177778137095614,-0.17692372351094757,0.0801132957943735,0.0,0.09089577741556144,0.09089577741556144,0.02965899180838988,-0.016869550082225238,0.01049206678148229,0.03569763270041765,0.04422740790774898,0.016890502046186362,0.04001750978429619,0.06198994885420445,0.08950093757526832,0.11356180497845149,measured_min_over_explicit_pairs,0.0,1264,collision_hand_left_palm_0,left_object_27,14,0,0.589554495769752,-0.31328202576125536,1.233300162660297,0.6475649544480566,-0.2856302740087413,1.1355971645833647,measured_min_over_explicit_pairs,0.03602856678094568,13,collision_hand_left_palm_floor_semantic_13,floor,0,0.0,,0,0.0,not_applicable_static_combination
20,0.6666666666666666,AA,left,palm,target,0.39759292677044866,-0.2686853716149926,0.8081226899556754,0.39759292677044866,-0.2686853716149926,0.8081226899556754,0.4714793264865875,-0.2686644196510315,0.8586322665214539,-0.13199766734929386,-0.1894227917409167,0.1199965710126367,0.0,0.09089577741556144,0.09089577741556144,0.02965899180838988,-0.016869550082225238,0.01049206678148229,0.03569763270041765,0.04422740790774898,0.016890502046186362,0.04001750978429619,0.06198994885420445,0.08950093757526832,0.14269050985756052,measured_min_over_explicit_pairs,0.05008381867276933,1244,collision_hand_left_palm_0,left_object_7,14,0,0.3960170167360729,-0.21116842309613804,0.8022793589897474,0.39702292641531034,-0.19457726288420243,0.7550341429209649,measured_min_over_explicit_pairs,0.08300358880209413,13,collision_hand_left_palm_floor_semantic_13,floor,0,0.0,,0,0.0,source endpoint interval; AA solve data only; object and floor separated
20,0.6666666666666666,RR,left,thumb,target,0.3883796580135822,-0.1489533046260476,0.7704012944631217,0.3883796580135822,-0.1489533046260476,0.7704012944631217,0.3847218083347362,-0.1620942089378135,0.7728985416632354,-0.165436956064372,-0.05437170469603485,0.03064547967730983,0.0,0.011287414713099922,0.011287414713099922,-0.0036578496788460257,-0.0131409043117659,0.0024972472001136836,0.01386720858653598,0.047107717705769936,0.02173068309350562,0.05307431383997174,0.07421753461777546,0.07106246356205413,0.01597967032948562,measured_min_over_explicit_pairs,0.001921155239505791,1455,collision_hand_left_thumb_0,left_object_22,45,0,0.39271705099764814,-0.15644179539526124,0.7609789190005269,0.3925099543675364,-0.15655581155767984,0.7590723648432095,measured_min_over_explicit_pairs,0.043989611933929584,16,collision_hand_left_thumb_floor_semantic_16,floor,0,0.0,,0,0.0,not_applicable_static_combination
20,0.6666666666666666,AR,left,thumb,target,0.3883796580135822,-0.1489533046260476,0.7704012944631217,0.3883796580135822,-0.1489533046260476,0.7704012944631217,0.4318295260405061,-0.1403635258443079,0.8259728555032071,-0.11604256481227561,-0.0665328154860112,0.0846875368358733,0.0,0.011287414713099922,0.011287414713099922,-0.0036578496788460257,-0.0131409043117659,0.0024972472001136836,0.01386720858653598,0.047107717705769936,0.02173068309350562,0.05307431383997174,0.07421753461777546,0.07106246356205413,0.0711242695391804,measured_min_over_explicit_pairs,0.058549355438884246,1439,collision_hand_left_thumb_0,left_object_6,46,0,0.4441659885596667,-0.1374708797451128,0.8144105227271944,0.45319562316340817,-0.14921875805493523,0.7577670758295229,measured_min_over_explicit_pairs,0.0968292242213844,16,collision_hand_left_thumb_floor_semantic_16,floor,0,0.0,,0,0.0,not_applicable_static_combination
20,0.6666666666666666,RA,left,thumb,target,0.3883796580135822,-0.1489533046260476,0.7704012944631217,0.3883796580135822,-0.1489533046260476,0.7704012944631217,0.3847218083347362,-0.1620942089378135,0.7728985416632354,-0.1395826148664787,-0.05194730540920437,0.034689434298209684,0.0,0.03004948207452208,0.03004948207452208,-0.0036578496788460257,-0.0131409043117659,0.0024972472001136836,0.01386720858653598,0.047107717705769936,0.02173068309350562,0.05307431383997174,0.07421753461777546,0.07106246356205413,0.02358625346602246,measured_min_over_explicit_pairs,0.016879760706451818,1371,collision_hand_left_thumb_1,left_object_6,45,0,0.4118855250389363,-0.18838274197227195,0.7722325451290272,0.41219694798223777,-0.18860356783638213,0.7553571022253521,measured_min_over_explicit_pairs,0.043989611933929584,16,collision_hand_left_thumb_floor_semantic_16,floor,0,0.0,,0,0.0,not_applicable_static_combination
20,0.6666666666666666,AA,left,thumb,target,0.3883796580135822,-0.1489533046260476,0.7704012944631217,0.3883796580135822,-0.1489533046260476,0.7704012944631217,0.4318295260405061,-0.1403635258443079,0.8259728555032071,-0.08859690517755557,-0.0622680710474709,0.08762507114993301,0.0,0.03004948207452208,0.03004948207452208,-0.0036578496788460257,-0.0131409043117659,0.0024972472001136836,0.01386720858653598,0.047107717705769936,0.02173068309350562,0.05307431383997174,0.07421753461777546,0.07106246356205413,0.07507141383287419,measured_min_over_explicit_pairs,0.06236341345160129,1439,collision_hand_left_thumb_0,left_object_6,43,0,0.44474421514654616,-0.1381990328712145,0.8146861233333264,0.4567660759914319,-0.15373953963728745,0.7554986005889572,measured_min_over_explicit_pairs,0.0968292242213844,16,collision_hand_left_thumb_floor_semantic_16,floor,0,0.0,,0,0.0,source endpoint interval; AA solve data only; object and floor separated
20,0.6666666666666666,RR,left,index,target,0.36441231742501257,-0.1506090620532632,0.7481559469632743,0.36441231742501257,-0.1506090620532632,0.7481559469632743,0.36437366517710384,-0.1520330337653833,0.7569553403346361,-0.1745440613441027,-0.03396391269067431,0.014212509668576791,0.0,0.016808284545771733,0.016808284545771733,-3.865224790872146e-05,-0.001423971712120109,0.008799393371361819,0.008913950478724514,0.052166232590042494,0.024504340382203366,0.05334382873172716,0.07853243014172638,0.08433129966759921,0.01602249246851327,measured_min_over_explicit_pairs,0.004086864059903399,1586,collision_hand_left_index_0,left_object_22,42,0,0.37171070113997756,-0.14233218368759487,0.7541861712250946,0.3748612545321759,-0.13975423940443168,0.7545476604226423,measured_min_over_explicit_pairs,0.020717916074880605,19,collision_hand_left_index_floor_semantic_19,floor,0,0.0,,0,0.0,not_applicable_static_combination
20,0.6666666666666666,AR,left,index,target,0.36441231742501257,-0.1506090620532632,0.7481559469632743,0.36441231742501257,-0.1506090620532632,0.7481559469632743,0.41653989776714634,-0.12752869338317993,0.8102991690663632,-0.11948438660518407,-0.047183147582054115,0.06862782580747422,0.0,0.016808284545771733,0.016808284545771733,-3.865224790872146e-05,-0.001423971712120109,0.008799393371361819,0.008913950478724514,0.052166232590042494,0.024504340382203366,0.05334382873172716,0.07853243014172638,0.08433129966759921,0.0628192584819307,measured_min_over_explicit_pairs,0.051255612506634296,1586,collision_hand_left_index_0,left_object_22,42,0,0.41126565439143586,-0.12754165221188093,0.7991735645902993,0.3858536854105813,-0.1468075849487591,0.7590463483683332,measured_min_over_explicit_pairs,0.07467317492229264,19,collision_hand_left_index_floor_semantic_19,floor,0,0.0,,0,0.0,not_applicable_static_combination
20,0.6666666666666666,RA,left,index,target,0.36441231742501257,-0.1506090620532632,0.7481559469632743,0.36441231742501257,-0.1506090620532632,0.7481559469632743,0.36437366517710384,-0.1520330337653833,0.7569553403346361,-0.15014337734062544,-0.03178866677421523,0.018828809191781766,0.0,0.004482230660372091,0.004482230660372091,-3.865224790872146e-05,-0.001423971712120109,0.008799393371361819,0.008913950478724514,0.052166232590042494,0.024504340382203366,0.05334382873172716,0.07853243014172638,0.08433129966759921,0.004948082369814764,measured_min_over_explicit_pairs,-0.007009017805087214,1586,collision_hand_left_index_0,left_object_22,42,0,0.3545572886041628,-0.15391158588422849,0.7497511502940702,0.35850982097012307,-0.15110741534113037,0.7548147898994615,measured_min_over_explicit_pairs,0.020717916074880605,19,collision_hand_left_index_floor_semantic_19,floor,0,0.0,,0,0.0,not_applicable_static_combination
20,0.6666666666666666,AA,left,index,target,0.36441231742501257,-0.1506090620532632,0.7481559469632743,0.36441231742501257,-0.1506090620532632,0.7481559469632743,0.41653989776714634,-0.12752869338317993,0.8102991690663632,-0.0934351424569297,-0.04284562352468487,0.07201962031324306,0.0,0.004482230660372091,0.004482230660372091,-3.865224790872146e-05,-0.001423971712120109,0.008799393371361819,0.008913950478724514,0.052166232590042494,0.024504340382203366,0.05334382873172716,0.07853243014172638,0.08433129966759921,0.07088658225830782,measured_min_over_explicit_pairs,0.060416178400140734,1570,collision_hand_left_index_0,left_object_6,40,0,0.4203107232399267,-0.12914244964076915,0.7996152744933627,0.44500389575451255,-0.16152305738407385,0.7549850371444894,measured_min_over_explicit_pairs,0.07467317492229264,19,collision_hand_left_index_floor_semantic_19,floor,0,0.0,,0,0.0,source endpoint interval; AA solve data only; object and floor separated
20,0.6666666666666666,RR,left,middle,target,0.3632118351757526,-0.17417113576084375,0.7372872188024161,0.3632118351757526,-0.17417113576084375,0.7372872188024161,0.37774159363068666,-0.1725011388710828,0.7405648973049989,-0.17694440941819561,-0.05854336943339821,-0.0017993639201577983,0.0,0.03350476375457978,0.03350476375457978,0.014529758454934039,0.0016699968897609663,0.0032776785025827593,0.01498819357817451,0.046346993488368904,0.024775885106756906,0.053355558180331664,0.07489128038008754,0.08725071403102207,0.021208895467493317,measured_min_over_explicit_pairs,0.006646518507490006,1780,collision_hand_left_middle_external_semantic_link2,left_object_22,42,0,0.390208982411931,-0.1657141752573291,0.7314744970294214,0.3953289791233262,-0.16151958324053614,0.7320805001303753,measured_min_over_explicit_pairs,0.004373812533615018,21,collision_hand_left_middle_floor_semantic_21,floor,0,0.0,,0,0.0,not_applicable_static_combination
20,0.6666666666666666,AR,left,middle,target,0.3632118351757526,-0.17417113576084375,0.7372872188024161,0.3632118351757526,-0.17417113576084375,0.7372872188024161,0.42408858711905556,-0.14772525376432588,0.7939204554853305,-0.1262109577729597,-0.06786301777891972,0.05249580083551095,0.0,0.03350476375457978,0.03350476375457978,0.014529758454934039,0.0016699968897609663,0.0032776785025827593,0.01498819357817451,0.046346993488368904,0.024775885106756906,0.053355558180331664,0.07489128038008754,0.08725071403102207,0.040980532383374,measured_min_over_explicit_pairs,0.026677539960457738,1764,collision_hand_left_middle_external_semantic_link2,left_object_6,42,0,0.43530851656144925,-0.14564812455644088,0.7805906368452267,0.4438758503782929,-0.1561815263407076,0.7576267657328946,measured_min_over_explicit_pairs,0.058034780972705424,21,collision_hand_left_middle_floor_semantic_21,floor,0,0.0,,0,0.0,not_applicable_static_combination
20,0.6666666666666666,RA,left,middle,target,0.3632118351757526,-0.17417113576084375,0.7372872188024161,0.3632118351757526,-0.17417113576084375,0.7372872188024161,0.37774159363068666,-0.1725011388710828,0.7405648973049989,-0.15141989015039264,-0.056154774953338406,0.0023681060562647342,0.0,0.008425828277957148,0.008425828277957148,0.014529758454934039,0.0016699968897609663,0.0032776785025827593,0.01498819357817451,0.046346993488368904,0.024775885106756906,0.053355558180331664,0.07489128038008754,0.08725071403102207,0.0022675263828496393,measured_min_over_explicit_pairs,-0.019137902183303458,1780,collision_hand_left_middle_external_semantic_link2,left_object_22,42,0,0.39048023406814236,-0.16608710524921563,0.7316104714681539,0.3751160970823529,-0.17730781939826445,0.7295372689587678,measured_min_over_explicit_pairs,0.004373812533615018,21,collision_hand_left_middle_floor_semantic_21,floor,0,0.0,,0,0.0,not_applicable_static_combination
20,0.6666666666666666,AA,left,middle,target,0.3632118351757526,-0.17417113576084375,0.7372872188024161,0.3632118351757526,-0.17417113576084375,0.7372872188024161,0.42408858711905556,-0.14772525376432588,0.7939204554853305,-0.09925602859234084,-0.06356686578275787,0.05559118689397769,0.0,0.008425828277957148,0.008425828277957148,0.014529758454934039,0.0016699968897609663,0.0032776785025827593,0.01498819357817451,0.046346993488368904,0.024775885106756906,0.053355558180331664,0.07489128038008754,0.08725071403102207,0.04556479950570841,measured_min_over_explicit_pairs,0.03154584036409125,1764,collision_hand_left_middle_external_semantic_link2,left_object_6,40,0,0.4354825602470135,-0.14609093483783134,0.7808861785431251,0.4465655905570488,-0.16059134614540393,0.7551559520510246,measured_min_over_explicit_pairs,0.058034780972705424,21,collision_hand_left_middle_floor_semantic_21,floor,0,0.0,,0,0.0,source endpoint interval; AA solve data only; object and floor separated
20,0.6666666666666666,RR,left,ring,target,0.36223306730389593,-0.1924367556348443,0.7349732472829459,0.36223306730389593,-0.1924367556348443,0.7349732472829459,0.3630849441122247,-0.18891714421293399,0.7355235864883685,-0.19860928111087445,-0.062028717089351995,-0.0071100237188545905,0.0,0.045775519235079484,0.045775519235079484,0.0008518768083287664,0.003519611421910318,0.0005503392054225786,0.003662817480961225,0.045541298201409286,0.026769135539730288,0.05172405255781798,0.0739322262103479,0.07617313774689362,0.042918621875843284,measured_min_over_explicit_pairs,0.04417840271357219,1844,collision_hand_left_ring_1,left_object_22,18,0,0.34774638180976186,-0.1755531824764061,0.746700700062636,0.3818034031569412,-0.14768598184399104,0.7506083454141309,measured_min_over_explicit_pairs,-0.0003984966322383432,23,collision_hand_left_ring_floor_semantic_23,floor,0,0.0,,0,0.0,not_applicable_static_combination
20,0.6666666666666666,AR,left,ring,target,0.36223306730389593,-0.1924367556348443,0.7349732472829459,0.36223306730389593,-0.1924367556348443,0.7349732472829459,0.408626242313634,-0.1621480086732037,0.7872476390461864,-0.14720980370189773,-0.06932430114867262,0.04552876661427835,0.0,0.045775519235079484,0.045775519235079484,0.0008518768083287664,0.003519611421910318,0.0005503392054225786,0.003662817480961225,0.045541298201409286,0.026769135539730288,0.05172405255781798,0.0739322262103479,0.07617313774689362,0.029776054134503776,measured_min_over_explicit_pairs,0.028302289072348673,1844,collision_hand_left_ring_1,left_object_22,15,0,0.38571505795617805,-0.15561400374144124,0.7872844159243431,0.38796695279760773,-0.15300771363329999,0.7591924991469117,measured_min_over_explicit_pairs,0.05140889532618553,23,collision_hand_left_ring_floor_semantic_23,floor,0,0.0,,0,0.0,not_applicable_static_combination
20,0.6666666666666666,RA,left,ring,target,0.36223306730389593,-0.1924367556348443,0.7349732472829459,0.36223306730389593,-0.1924367556348443,0.7349732472829459,0.3630849441122247,-0.18891714421293399,0.7355235864883685,-0.1729420149607491,-0.060782977441965924,-0.0026414155388871756,0.0,0.01997714117193759,0.01997714117193759,0.0008518768083287664,0.003519611421910318,0.0005503392054225786,0.003662817480961225,0.045541298201409286,0.026769135539730288,0.05172405255781798,0.0739322262103479,0.07617313774689362,0.017211090359002153,measured_min_over_explicit_pairs,0.019072241648963206,1844,collision_hand_left_ring_1,left_object_22,15,0,0.3481368265031872,-0.17609121481938783,0.7469065928633222,0.36346012503110653,-0.16491579966863126,0.7489207974082865,measured_min_over_explicit_pairs,-0.0003984966322383432,23,collision_hand_left_ring_floor_semantic_23,floor,0,0.0,,0,0.0,not_applicable_static_combination
20,0.6666666666666666,AA,left,ring,target,0.36223306730389593,-0.1924367556348443,0.7349732472829459,0.36223306730389593,-0.1924367556348443,0.7349732472829459,0.408626242313634,-0.1621480086732037,0.7872476390461864,-0.12025963223292985,-0.06610459641325706,0.04895529941528428,0.0,0.01997714117193759,0.01997714117193759,0.0008518768083287664,0.003519611421910318,0.0005503392054225786,0.003662817480961225,0.045541298201409286,0.026769135539730288,0.05172405255781798,0.0739322262103479,0.07617313774689362,0.03887155301219314,measured_min_over_explicit_pairs,0.03588117662562901,1844,collision_hand_left_ring_1,left_object_22,15,0,0.38098157399557364,-0.15937968867046493,0.7881208119310655,0.3696829080703898,-0.16733524410571982,0.7550072479116601,measured_min_over_explicit_pairs,0.05140889532618553,23,collision_hand_left_ring_floor_semantic_23,floor,0,0.0,,0,0.0,source endpoint interval; AA solve data only; object and floor separated
20,0.6666666666666666,RR,left,pinky,target,0.35252215936779974,-0.20413681957870722,0.739208514922106,0.35252215936779974,-0.20413681957870722,0.739208514922106,0.3407598664003954,-0.1944764460825604,0.7242882620406239,-0.21922262651857596,-0.05236407081990081,-0.01882463216950751,0.0,0.060217114297746566,0.060217114297746566,-0.01176229296740433,0.009660373496146818,-0.014920252881482132,0.02131403992638376,0.04203173437712898,0.030394700834621646,0.05279919308148362,0.07401526412593191,0.06289246515740522,0.06369157957762173,measured_min_over_explicit_pairs,0.06823067116989452,1942,collision_hand_left_pinky_1,left_object_22,18,0,0.3288062308827926,-0.18992370080767823,0.7423832830763438,0.381366200690087,-0.14686358922731935,0.7486042840277679,measured_min_over_explicit_pairs,-0.011768394048549013,25,collision_hand_left_pinky_floor_semantic_25,floor,0,0.0,,0,0.0,not_applicable_static_combination
20,0.6666666666666666,AR,left,pinky,target,0.35252215936779974,-0.20413681957870722,0.739208514922106,0.35252215936779974,-0.20413681957870722,0.739208514922106,0.3827916007775244,-0.16408174524793875,0.7770874551221075,-0.1682528540871434,-0.05461317132773172,0.034797034802203794,0.0,0.060217114297746566,0.060217114297746566,-0.01176229296740433,0.009660373496146818,-0.014920252881482132,0.02131403992638376,0.04203173437712898,0.030394700834621646,0.05279919308148362,0.07401526412593191,0.06289246515740522,0.020982302916189674,measured_min_over_explicit_pairs,0.034595185316096566,1942,collision_hand_left_pinky_1,left_object_22,15,0,0.3689880646432312,-0.16505986856621488,0.786091079345593,0.3850829320761472,-0.1511278874011702,0.7588205459773444,measured_min_over_explicit_pairs,0.041912560948039745,25,collision_hand_left_pinky_floor_semantic_25,floor,0,0.0,,0,0.0,not_applicable_static_combination
20,0.6666666666666666,RA,left,pinky,target,0.35252215936779974,-0.20413681957870722,0.739208514922106,0.35252215936779974,-0.20413681957870722,0.739208514922106,0.3407598664003954,-0.1944764460825604,0.7242882620406239,-0.19428573120308212,-0.05210226542004749,-0.013805575306743636,0.0,0.03397586545120681,0.03397586545120681,-0.01176229296740433,0.009660373496146818,-0.014920252881482132,0.02131403992638376,0.04203173437712898,0.030394700834621646,0.05279919308148362,0.07401526412593191,0.06289246515740522,0.038740210374632864,measured_min_over_explicit_pairs,0.043165930202642644,1942,collision_hand_left_pinky_1,left_object_22,18,0,0.3292035145739096,-0.1904654320819284,0.7425564814796795,0.3638845157328047,-0.16517227571038384,0.7471152016554228,measured_min_over_explicit_pairs,-0.011768394048549013,25,collision_hand_left_pinky_floor_semantic_25,floor,0,0.0,,0,0.0,not_applicable_static_combination
20,0.6666666666666666,AA,left,pinky,target,0.35252215936779974,-0.20413681957870722,0.739208514922106,0.35252215936779974,-0.20413681957870722,0.739208514922106,0.3827916007775244,-0.16408174524793875,0.7770874551221075,-0.1423040348622417,-0.052430367394239195,0.03888270534706637,0.0,0.03397586545120681,0.03397586545120681,-0.01176229296740433,0.009660373496146818,-0.014920252881482132,0.02131403992638376,0.04203173437712898,0.030394700834621646,0.05279919308148362,0.07401526412593191,0.06289246515740522,0.025487056233534637,measured_min_over_explicit_pairs,0.028638345315606373,1942,collision_hand_left_pinky_1,left_object_22,15,0,0.3645527485540304,-0.16904419086689523,0.7836355310199883,0.3672912801153759,-0.16701981509474714,0.755200391315099,measured_min_over_explicit_pairs,0.041912560948039745,25,collision_hand_left_pinky_floor_semantic_25,floor,0,0.0,,0,0.0,source endpoint interval; AA solve data only; object and floor separated
