case_id,case_kind,condition,quality,shape_source,method,model,answer_status,true_translation_mm,estimated_translation_mm,translation_error_mm,true_rotvec_rad,estimated_rotvec_rad,rotation_error_deg,checkpoint_mean_mm,checkpoint_median_mm,checkpoint_p95_mm,checkpoint_maximum_mm,preprocessing_seconds,model_sampling_seconds,solve_seconds,peak_rss_delta_kib,reason
4c28d9f666dd4c8abe85a6a76588181a,direct,translation,clean,taco,CURRENT_FIXED,WORLD_FIXED,STOPPED,,,,,,,,,,,0.20824696496129036,0.007172774523496628,16.66940218769014,27148,"calibration fit failed or reached the numerical safety boundary: success=False, translation=0.016563520036541712, rotation_deg=0.0008130331032890883"
4c28d9f666dd4c8abe85a6a76588181a,direct,translation,clean,taco,CURRENT_FIXED,CAMERA_LOCAL,OUTPUT_ALTERNATIVE_MODEL_NO_UNIQUE_TRUTH_COMPARISON,,"[3.5530828447905813, 9.101794994869199, 2.748806370190984]",,,,,,,,,0.20824696496129036,0.007172774523496628,3.2171376701444387,24296,
3ba9fd0ecf7d4c1090a3fc9ad48d8740,direct,symmetric_ambiguous,information_insufficient,artificial,CURRENT_FIXED,WORLD_FIXED,OUTPUT_WITHOUT_IDENTIFIABILITY_CERTIFICATE,,,,,,,,,,,0.002441907301545143,0.0005991067737340927,0.5334665719419718,0,the public shape has deliberately ambiguous rigid symmetries
3ba9fd0ecf7d4c1090a3fc9ad48d8740,direct,symmetric_ambiguous,information_insufficient,artificial,CURRENT_FIXED,CAMERA_LOCAL,OUTPUT_WITHOUT_IDENTIFIABILITY_CERTIFICATE,,,,,,,,,,,0.002441907301545143,0.0005991067737340927,0.32825091667473316,0,the public shape has deliberately ambiguous rigid symmetries
61b2c63680b94806b73b1cb28d85de38,direct,combined,noise,artificial,CURRENT_FIXED,WORLD_FIXED,OUTPUT_ALTERNATIVE_MODEL_NO_UNIQUE_TRUTH_COMPARISON,,"[2.1568864603411964, 1.541952233610639, 1.2299182631455088]",,,,,,,,,0.001368088647723198,0.00024193152785301208,0.3032118249684572,0,
61b2c63680b94806b73b1cb28d85de38,direct,combined,noise,artificial,CURRENT_FIXED,CAMERA_LOCAL,OUTPUT,"[-2.603638352153039, -9.960838080350529, 2.504583237099991]","[-4.747990474286626, -8.805344349373229, 3.277657603003213]",2.555593035137504,"[-0.061302204422713204, 0.0011385990044511622, 0.034872846353430645]","[-0.059778139338116425, 0.003461139341292857, 0.035774639235716436]",0.16730912689974325,2.5391399179997185,2.5727989301329943,2.8307796714084597,2.9092842955443152,0.001368088647723198,0.00024193152785301208,0.24155925959348679,0,
95a90168c3e044dc8ed518992c44c9ed,direct,translation,clean,artificial,CURRENT_FIXED,WORLD_FIXED,OUTPUT,"[11.998048343395347, -1.8859089847976456, -7.707967164562667]","[11.987884057225054, -1.8983368184086782, -7.707527190846092]",0.016061050354394143,"[0.0, 0.0, 0.0]","[-2.0510235693307e-05, 1.572596126092111e-05, -1.964416562197653e-05]",0.0018600128546769606,0.01634646485250915,0.01680672751929299,0.019545391430628285,0.02095181179848776,0.000881880521774292,0.0001781657338142395,1.1710116676986217,0,
95a90168c3e044dc8ed518992c44c9ed,direct,translation,clean,artificial,CURRENT_FIXED,CAMERA_LOCAL,OUTPUT_ALTERNATIVE_MODEL_NO_UNIQUE_TRUTH_COMPARISON,,"[9.964291557571334, -1.1550959438924429, -7.31169541827026]",,,,,,,,,0.000881880521774292,0.0001781657338142395,0.19254779256880283,0,
c331fd6ad8e54d669cb213403c65116d,direct,combined,clean,taco,CURRENT_FIXED,WORLD_FIXED,OUTPUT_ALTERNATIVE_MODEL_NO_UNIQUE_TRUTH_COMPARISON,,"[-6.735881759129796, 0.7169487322744467, -10.198997359951994]",,,,,,,,,0.20618151128292084,0.011133154854178429,3.704215569421649,0,
c331fd6ad8e54d669cb213403c65116d,direct,combined,clean,taco,CURRENT_FIXED,CAMERA_LOCAL,OUTPUT,"[-8.937920131697343, 13.732282190329528, -9.396663659275067]","[-8.937919409692634, 13.732277936195677, -9.396663969903532]",4.326134031875958e-06,"[0.004368907776155583, 0.014129971493673836, 0.016718567631763263]","[0.004368902844452224, 0.014129970646354933, 0.016718568367621103]",0.0,4.314567817242115e-06,4.276431730393767e-06,4.879856131557425e-06,4.9420981204974316e-06,0.20618151128292084,0.011133154854178429,5.684143492951989,404,
16068ca95f804ff88a0427a11f80ede8,direct,combined,random_missing,taco,CURRENT_FIXED,WORLD_FIXED,OUTPUT,"[2.2076614559807535, -3.432533763822405, -16.772247818001066]","[2.2076630569657296, -3.43254352638081, -16.772249210395675]",9.990468569721798e-06,"[0.03261872224198752, -0.023025822080971137, 0.043776369742376774]","[0.03261870889007392, -0.02302582397751245, 0.0437763700697064]",0.0,1.0123247958028663e-05,1.021915049195254e-05,1.1473569107097116e-05,1.1692142019376639e-05,0.19854833744466305,0.006735268980264664,5.974112743511796,15424,
16068ca95f804ff88a0427a11f80ede8,direct,combined,random_missing,taco,CURRENT_FIXED,CAMERA_LOCAL,OUTPUT_ALTERNATIVE_MODEL_NO_UNIQUE_TRUTH_COMPARISON,,"[5.408117319958846, 3.7661668106446253, -15.823296562627068]",,,,,,,,,0.19854833744466305,0.006735268980264664,4.723432764410973,15520,
62b3e8164a8a4b0089924f4e8908009a,direct,rotation,clean,taco,CURRENT_FIXED,WORLD_FIXED,STOPPED,,,,,,,,,,,0.19958141446113586,0.006415810436010361,17.76126280426979,14348,"calibration fit failed or reached the numerical safety boundary: success=False, translation=1.2542475256486749e-05, rotation_deg=2.24443071344518"
62b3e8164a8a4b0089924f4e8908009a,direct,rotation,clean,taco,CURRENT_FIXED,CAMERA_LOCAL,OUTPUT_ALTERNATIVE_MODEL_NO_UNIQUE_TRUTH_COMPARISON,,"[2.3094052400966634, 5.097647043035708, -0.4581916918547722]",,,,,,,,,0.19958141446113586,0.006415810436010361,4.829186849296093,15176,
a86cf6e5ba4f4b4cb6b5d3f0d2cdf7c4,direct,inconsistent_frames,information_insufficient,artificial,CURRENT_FIXED,WORLD_FIXED,STOPPED_INFORMATION_INSUFFICIENT,,,,,,,,,,,0.001499868929386139,0.0003386065363883972,0.34492451325058937,0,different frames were generated from deliberately incompatible corrections
a86cf6e5ba4f4b4cb6b5d3f0d2cdf7c4,direct,inconsistent_frames,information_insufficient,artificial,CURRENT_FIXED,CAMERA_LOCAL,STOPPED_INFORMATION_INSUFFICIENT,,,,,,,,,,,0.001499868929386139,0.0003386065363883972,0.5522486474364996,0,different frames were generated from deliberately incompatible corrections
2d510a4d4a3949b09dfa947878b1109b,direct,identity,clean,artificial,CURRENT_FIXED,WORLD_FIXED,OUTPUT_ALTERNATIVE_MODEL_NO_UNIQUE_TRUTH_COMPARISON,,"[1.0617341258187092e-07, 2.738132626119013e-06, 1.5718269051880295e-06]",,,,,,,,,0.0014081168919801712,0.00016675889492034912,0.17747661471366882,0,
2d510a4d4a3949b09dfa947878b1109b,direct,identity,clean,artificial,CURRENT_FIXED,CAMERA_LOCAL,OUTPUT,"[0.0, 0.0, 0.0]","[0.0, 0.0, 0.0]",0.0,"[0.0, 0.0, 0.0]","[0.0, 0.0, 0.0]",0.0,0.0,0.0,0.0,0.0,0.0014081168919801712,0.00016675889492034912,0.06304220110177994,0,
38966a1d743349c98959d1d60a8fe011,direct,combined,combined,artificial,CURRENT_FIXED,WORLD_FIXED,OUTPUT_ALTERNATIVE_MODEL_NO_UNIQUE_TRUTH_COMPARISON,,"[-9.96832179598667, 6.940691607902498, -2.9368794929129756]",,,,,,,,,0.0009151920676231384,0.00021523237228393555,0.2371381837874651,0,
38966a1d743349c98959d1d60a8fe011,direct,combined,combined,artificial,CURRENT_FIXED,CAMERA_LOCAL,OUTPUT,"[-7.750087294738937, -3.561082655461353, -0.5622405483236864]","[-5.663820124487959, -1.893450657686599, -1.0636656897031873]",2.7175235708410503,"[-0.041515929479051056, -0.06539029871163375, 0.005215341428442597]","[-0.03955082147019156, -0.06821203925992635, 0.005862860104044972]",0.2004365219662805,2.705828574442265,2.6992359846599556,2.9944292418455136,3.1608976445244945,0.0009151920676231384,0.00021523237228393555,0.2656801138073206,0,
d0a112c217d44081b2e4e6c8fbfc049f,direct,combined,strong_combined,taco,CURRENT_FIXED,WORLD_FIXED,OUTPUT_ALTERNATIVE_MODEL_NO_UNIQUE_TRUTH_COMPARISON,,"[14.93009583574055, 3.9483693397159256, 1.4793176237490284]",,,,,,,,,0.19879386387765408,0.006638955324888229,3.4577196426689625,0,
d0a112c217d44081b2e4e6c8fbfc049f,direct,combined,strong_combined,taco,CURRENT_FIXED,CAMERA_LOCAL,OUTPUT,"[13.437199402732924, 8.714280602998546, 1.5681983641295227]","[13.292048988198907, 7.663334961302424, 1.7900624970763226]",1.08387226098268,"[-0.014704052128639207, -0.0030995067554370113, -0.0006727627589320589]","[-0.01586274368597934, -0.0028847878687620794, -0.00028112629541060725]",0.0711493165337665,1.0798272744966604,1.076354320204659,1.2277152321880693,1.26020023268614,0.19879386387765408,0.006638955324888229,4.730910832062364,0,
d833a84a788a44c3999fc34090c9719b,direct,identity,clean,artificial,CURRENT_FIXED,WORLD_FIXED,OUTPUT_ALTERNATIVE_MODEL_NO_UNIQUE_TRUTH_COMPARISON,,"[1.4134454717104464e-08, 3.363745228852261e-08, 1.9006638511077002e-08]",,,,,,,,,0.0015154015272855759,0.00031386129558086395,0.05318443104624748,0,
d833a84a788a44c3999fc34090c9719b,direct,identity,clean,artificial,CURRENT_FIXED,CAMERA_LOCAL,OUTPUT,"[0.0, 0.0, 0.0]","[1.4889226201788981e-08, 3.889057665084547e-08, 2.1681031783650693e-08]",4.694926142472316e-08,"[0.0, 0.0, 0.0]","[5.125726333546606e-11, 1.0260779174536444e-10, 1.270564373342082e-10]",0.0,4.9379570977499935e-08,4.830359139510606e-08,5.7009263954174766e-08,6.188329293837552e-08,0.0015154015272855759,0.00031386129558086395,0.05296487361192703,0,
811fe61ae2cc47c688a2a1d3cf5d27a7,direct,combined,outliers,taco,CURRENT_FIXED,WORLD_FIXED,OUTPUT,"[-2.8899703288004757, 4.377308428763098, -1.1094411065326797]","[-2.8221947935323217, 3.753144753598605, -1.0623498022106488]",0.6295962257816362,"[-0.008520772058948667, -0.001329421353910896, 0.022501593002357816]","[-0.009422846880165472, -0.0012597005160739452, 0.022386760102335247]",0.052253889584910375,0.6377094258793593,0.6368732748074718,0.7329127749052482,0.7392959382252036,0.20148755051195621,0.006534367799758911,3.355286492034793,0,
811fe61ae2cc47c688a2a1d3cf5d27a7,direct,combined,outliers,taco,CURRENT_FIXED,CAMERA_LOCAL,OUTPUT_ALTERNATIVE_MODEL_NO_UNIQUE_TRUTH_COMPARISON,,"[-2.5440868290402063, -1.7724189901445604, -1.1431106184752595]",,,,,,,,,0.20148755051195621,0.006534367799758911,3.6901149824261665,0,
0d0eaac4669b41c3ab399a00a2af2d2b,direct,combined,clean,taco,CURRENT_FIXED,WORLD_FIXED,OUTPUT,"[8.569608261548316, -9.10851330039218, -2.2522970984439996]","[8.569610196028764, -9.10848336269465, -2.252298291257691]",3.0023836404903037e-05,"[-0.05382817839017699, -0.02100793204396155, -0.023359363898345545]","[-0.05382813909824179, -0.021007934105944284, -0.023359364730524787]",2.4148365394514667e-06,3.0157707853458353e-05,3.0463795236019393e-05,3.402257314354921e-05,3.474244791850905e-05,0.19976120442152023,0.006550950929522514,15.155096950009465,0,
0d0eaac4669b41c3ab399a00a2af2d2b,direct,combined,clean,taco,CURRENT_FIXED,CAMERA_LOCAL,OUTPUT_ALTERNATIVE_MODEL_NO_UNIQUE_TRUTH_COMPARISON,,"[11.331058817849206, 4.1438055033785, -2.3182442852022933]",,,,,,,,,0.19976120442152023,0.006550950929522514,4.984877705574036,0,
15b25d6b7521453abee0455fc66ecbb6,direct,inconsistent_frames,information_insufficient,artificial,CURRENT_FIXED,WORLD_FIXED,STOPPED_INFORMATION_INSUFFICIENT,,,,,,,,,,,0.001568719744682312,0.0002554226666688919,0.3510312642902136,0,different frames were generated from deliberately incompatible corrections
15b25d6b7521453abee0455fc66ecbb6,direct,inconsistent_frames,information_insufficient,artificial,CURRENT_FIXED,CAMERA_LOCAL,OUTPUT_WITHOUT_IDENTIFIABILITY_CERTIFICATE,,,,,,,,,,,0.001568719744682312,0.0002554226666688919,0.36870693042874336,0,different frames were generated from deliberately incompatible corrections
89011a2ead624e698e42ce0abc69dff2,direct,combined,outliers,taco,CURRENT_FIXED,WORLD_FIXED,OUTPUT_ALTERNATIVE_MODEL_NO_UNIQUE_TRUTH_COMPARISON,,"[10.73904501001922, -4.572058100356481, 4.407316754402867]",,,,,,,,,0.20164147950708866,0.006583159789443016,3.869464874267578,0,
89011a2ead624e698e42ce0abc69dff2,direct,combined,outliers,taco,CURRENT_FIXED,CAMERA_LOCAL,OUTPUT,"[12.958793016951416, -11.983930445371527, 4.196395678973105]","[13.149079344177215, -11.506430691048923, 4.24956236859984]",0.516760678257447,"[-0.030797315259276262, -0.02538479238297678, 0.0010743634252637527]","[-0.030284740046299646, -0.025575933204852165, 0.000945766223683064]",0.03219664285511072,0.5276711704752415,0.5248399247551607,0.5839412126585688,0.5939768540149657,0.20164147950708866,0.006583159789443016,4.555569499731064,0,
2ebce00c7f6d4bfaab41db93dd0e2c25,image,other_front_stress_nonzero,float32,artificial,CURRENT_FIXED,WORLD_FIXED,STOPPED,,,,,,,,,,,0.0021077487617731094,0.00018887408077716827,0.0009619425982236862,0,too few calibration surface points
2ebce00c7f6d4bfaab41db93dd0e2c25,image,other_front_stress_nonzero,float32,artificial,CURRENT_FIXED,CAMERA_LOCAL,STOPPED,,,,,,,,,,,0.0021077487617731094,0.00018887408077716827,0.0006156321614980698,0,too few calibration surface points
92c840c690094719a5435b8ac0fc5268,direct,translation,clean,artificial,CURRENT_FIXED,WORLD_FIXED,OUTPUT_ALTERNATIVE_MODEL_NO_UNIQUE_TRUTH_COMPARISON,,"[-17.463813361185036, -2.0401121487026717, -13.574432176471383]",,,,,,,,,0.0008512157946825027,0.00015995092689990997,0.21725255623459816,0,
92c840c690094719a5435b8ac0fc5268,direct,translation,clean,artificial,CURRENT_FIXED,CAMERA_LOCAL,OUTPUT,"[-19.88360467290406, 5.05949605028985, -12.36050360136579]","[-19.86931035143837, 5.069193079090543, -12.363642379216165]",0.017555965371347196,"[0.0, 0.0, 0.0]","[1.1996964875380828e-05, -1.507644773330028e-05, 7.878330464740792e-06]",0.001192653027712075,0.017356148142480265,0.017341739572376988,0.01944941159882158,0.020763848251074378,0.0008512157946825027,0.00015995092689990997,1.6724721807986498,0,
b189d7d17bec43978637e80534727d21,direct,combined,random_missing,taco,CURRENT_FIXED,WORLD_FIXED,OUTPUT_ALTERNATIVE_MODEL_NO_UNIQUE_TRUTH_COMPARISON,,"[-18.58733069751178, 0.1932915083426061, -15.751292561840508]",,,,,,,,,0.19994141533970833,0.006400665268301964,4.513515528291464,0,
b189d7d17bec43978637e80534727d21,direct,combined,random_missing,taco,CURRENT_FIXED,CAMERA_LOCAL,OUTPUT,"[-14.744044469161405, -4.709258418500419, -16.02725166452464]","[-14.74404560903138, -4.709266799508825, -16.027251044835324]",8.480838419485165e-06,"[0.018960941083840104, -0.05290938298717987, 0.018569684880648873]","[0.01896093089276805, -0.05290938161832597, 0.018569684403906325]",1.2074182697257333e-06,8.500349686218756e-06,8.543888361214627e-06,9.588700103595763e-06,9.67344504318642e-06,0.19994141533970833,0.006400665268301964,4.285609183833003,0,
4d43ec3416434c6dba1151fc64b3afa6,direct,combined,outliers,taco,CURRENT_FIXED,WORLD_FIXED,OUTPUT,"[-10.54344121259525, -1.135410128975263, -2.4864902826375834]","[-10.446864582947725, -2.266637064851725, -2.54780249317562]",1.136996311782754,"[0.0535323992245236, 0.046729498817823845, -0.01852816929964538]","[0.051998709567654754, 0.04664571451205239, -0.018977591999785257]",0.09168321361744063,1.148979807458944,1.1490099391986304,1.2958658002712216,1.3469248068050563,0.2004895657300949,0.006419224664568901,6.123162653297186,0,
4d43ec3416434c6dba1151fc64b3afa6,direct,combined,outliers,taco,CURRENT_FIXED,CAMERA_LOCAL,OUTPUT_ALTERNATIVE_MODEL_NO_UNIQUE_TRUTH_COMPARISON,,"[-10.120677768401642, -3.846832820383904, -3.085282118332591]",,,,,,,,,0.2004895657300949,0.006419224664568901,4.95200378075242,0,
7522e4f6d327441baa991f95a4a74ef2,direct,identity,clean,taco,CURRENT_FIXED,WORLD_FIXED,OUTPUT_ALTERNATIVE_MODEL_NO_UNIQUE_TRUTH_COMPARISON,,"[1.0522738880744136e-09, 1.1770645249684756e-09, 1.437614189473138e-09]",,,,,,,,,0.20313482731580734,0.006407406181097031,0.6375511065125465,0,
7522e4f6d327441baa991f95a4a74ef2,direct,identity,clean,taco,CURRENT_FIXED,CAMERA_LOCAL,OUTPUT,"[0.0, 0.0, 0.0]","[-1.7810115390970456e-06, 3.924891589110553e-06, 1.0653585682169097e-06]",4.4397933473913825e-06,"[0.0, 0.0, 0.0]","[5.35890906744965e-09, 2.0713862190261912e-09, 2.0357307623038916e-09]",0.0,4.419260959116282e-06,4.403820119107777e-06,5.099577227396619e-06,5.229383430231837e-06,0.20313482731580734,0.006407406181097031,0.8155144173651934,0,
39b31a9f2dbb475e9ff96c0bbaa16445,direct,symmetric_ambiguous,information_insufficient,artificial,CURRENT_FIXED,WORLD_FIXED,OUTPUT_WITHOUT_IDENTIFIABILITY_CERTIFICATE,,,,,,,,,,,0.0022340547293424606,0.00033931806683540344,0.5107859801501036,0,the public shape has deliberately ambiguous rigid symmetries
39b31a9f2dbb475e9ff96c0bbaa16445,direct,symmetric_ambiguous,information_insufficient,artificial,CURRENT_FIXED,CAMERA_LOCAL,OUTPUT_WITHOUT_IDENTIFIABILITY_CERTIFICATE,,,,,,,,,,,0.0022340547293424606,0.00033931806683540344,0.37825785018503666,0,the public shape has deliberately ambiguous rigid symmetries
0d739c353a2243f7add2a9694b908956,image,none_small_nonzero,float32,artificial,CURRENT_FIXED,WORLD_FIXED,OUTPUT,"[0.34175348697732993, -0.4275213378977637, -0.13838189925227457]","[0.3416283819598361, -0.42725615955582735, -0.13839699106701547]",0.0002935959490633483,"[-0.00014284504412062776, -0.0026143951372975785, 0.001477607015637269]","[-0.00014255257420630569, -0.002614245860776388, 0.0014777798446385406]",2.1258792350482307e-05,0.00029621264505869154,0.00029638067381624895,0.0003322432710016451,0.00033644588364057374,0.0013741161674261093,0.00014221109449863434,0.2346506044268608,0,
0d739c353a2243f7add2a9694b908956,image,none_small_nonzero,float32,artificial,CURRENT_FIXED,CAMERA_LOCAL,OUTPUT_ALTERNATIVE_MODEL_NO_UNIQUE_TRUTH_COMPARISON,,"[0.20102238336222614, -0.2424854745870143, -0.1709022168427641]",,,,,,,,,0.0013741161674261093,0.00014221109449863434,0.17160021513700485,0,
ba152c587fc84b70bb6ef936f6d845a4,direct,translation,clean,taco,CURRENT_FIXED,WORLD_FIXED,OUTPUT_ALTERNATIVE_MODEL_NO_UNIQUE_TRUTH_COMPARISON,,"[-3.156012400445201, 5.125603029799844, -12.193297374210022]",,,,,,,,,0.20193449780344963,0.006367186084389687,4.0190826915204525,0,
ba152c587fc84b70bb6ef936f6d845a4,direct,translation,clean,taco,CURRENT_FIXED,CAMERA_LOCAL,STOPPED,,,,,,,,,,,0.20193449780344963,0.006367186084389687,17.66706203110516,0,"calibration fit failed or reached the numerical safety boundary: success=False, translation=0.01251658330587582, rotation_deg=0.0007171593511625766"
904d992d3e1944059c7c57f9c779a8e0,direct,identity,clean,taco,CURRENT_FIXED,WORLD_FIXED,OUTPUT,"[0.0, 0.0, 0.0]","[-1.325676181670906e-06, 3.246320370149995e-06, 2.4502889673363184e-07]",3.5151176999547048e-06,"[0.0, 0.0, 0.0]","[5.641938515309676e-09, 2.335174587604675e-09, 3.373271347195869e-09]",0.0,3.486277113348418e-06,3.461505415313079e-06,4.259158051074809e-06,4.489582098888237e-06,0.19996261596679688,0.006541816517710686,0.825496319681406,0,
904d992d3e1944059c7c57f9c779a8e0,direct,identity,clean,taco,CURRENT_FIXED,CAMERA_LOCAL,OUTPUT_ALTERNATIVE_MODEL_NO_UNIQUE_TRUTH_COMPARISON,,"[1.0994855755508309e-09, 1.2108094321831828e-09, 1.4745906757290675e-09]",,,,,,,,,0.19996261596679688,0.006541816517710686,0.6341047715395689,0,
642e1208e14d41cf8d62c915b95a109f,direct,inconsistent_frames,information_insufficient,artificial,CURRENT_FIXED,WORLD_FIXED,OUTPUT_WITHOUT_IDENTIFIABILITY_CERTIFICATE,,,,,,,,,,,0.0015457551926374435,0.00024373643100261688,0.26588828302919865,0,different frames were generated from deliberately incompatible corrections
642e1208e14d41cf8d62c915b95a109f,direct,inconsistent_frames,information_insufficient,artificial,CURRENT_FIXED,CAMERA_LOCAL,OUTPUT_WITHOUT_IDENTIFIABILITY_CERTIFICATE,,,,,,,,,,,0.0015457551926374435,0.00024373643100261688,0.2701325099915266,0,different frames were generated from deliberately incompatible corrections
275076508c8b4fabbd81606e507b6e5b,direct,rotation,clean,artificial,CURRENT_FIXED,WORLD_FIXED,OUTPUT_ALTERNATIVE_MODEL_NO_UNIQUE_TRUTH_COMPARISON,,"[7.934860412458538, -3.4774358522108932, 0.2133532928743943]",,,,,,,,,0.0008648168295621872,0.0001669079065322876,0.28583453223109245,0,
275076508c8b4fabbd81606e507b6e5b,direct,rotation,clean,artificial,CURRENT_FIXED,CAMERA_LOCAL,OUTPUT,"[0.0, 0.0, 0.0]","[0.005077956942481002, -0.018955554953716074, 0.0006666708050405763]",0.019635252997487314,"[0.06621106745877797, 0.0353593305344906, 0.007906675842243329]","[0.06619025441960305, 0.035354328713106085, 0.007911058506372668]",0.0012518499577660015,0.01977118474137715,0.019949473325945717,0.021885050243781238,0.022344235339828964,0.0008648168295621872,0.0001669079065322876,1.3687502481043339,0,
07c581eb235040f8b2bcf26af0aaf020,direct,combined,clean,artificial,CURRENT_FIXED,WORLD_FIXED,OUTPUT,"[9.338161145876636, 8.49241423241021, -10.670059503247655]","[9.338123415390623, 8.492356690427188, -10.670055028191138]",6.895430019766373e-05,"[-0.0382837276574158, -0.03410749455604473, 0.04833520199696942]","[-0.03828378569003968, -0.03410745051900722, 0.04833523014066014]",4.353408482428141e-06,7.06235111715661e-05,7.038130413395321e-05,7.836150027315955e-05,7.956537906194297e-05,0.0008727274835109711,0.00020491890609264374,0.24237319082021713,0,
07c581eb235040f8b2bcf26af0aaf020,direct,combined,clean,artificial,CURRENT_FIXED,CAMERA_LOCAL,OUTPUT_ALTERNATIVE_MODEL_NO_UNIQUE_TRUTH_COMPARISON,,"[21.246813646902094, 4.864537604747999, -9.840413270176253]",,,,,,,,,0.0008727274835109711,0.00020491890609264374,0.2983627300709486,0,
0a72517e954d49879a04e98843dee22b,direct,rotation,clean,artificial,CURRENT_FIXED,WORLD_FIXED,OUTPUT,"[0.0, 0.0, 0.0]","[0.0036899824239878167, 0.021509984564511107, 0.00010884206494617559]",0.021824464548986004,"[-0.030316709787585924, 0.021816139862182036, 0.02078254874909207]","[-0.030289696867442043, 0.02181133351460514, 0.02077775721311615]",0.0015957949889986165,0.021922893073177546,0.022008671273584322,0.024836681013328574,0.025429490124992203,0.0008730795234441757,0.0001644957810640335,0.7346348222345114,0,
0a72517e954d49879a04e98843dee22b,direct,rotation,clean,artificial,CURRENT_FIXED,CAMERA_LOCAL,OUTPUT_ALTERNATIVE_MODEL_NO_UNIQUE_TRUTH_COMPARISON,,"[-2.1881268519541837, -6.402454936312872, -1.9207455033769936]",,,,,,,,,0.0008730795234441757,0.0001644957810640335,0.19969210401177406,0,
0613bd6004934d7e9a4d9bb9ee1b917f,direct,identity,clean,artificial,CURRENT_FIXED,WORLD_FIXED,OUTPUT,"[0.0, 0.0, 0.0]","[-2.5757514202869887e-06, 4.939501980751409e-06, 2.120862823538578e-06]",5.96080819295719e-06,"[0.0, 0.0, 0.0]","[5.6379352547466095e-09, 3.9123353318168495e-09, 1.0174429665574579e-09]",0.0,5.935201823405429e-06,5.793844907356666e-06,6.8384363616352295e-06,6.914575184324366e-06,0.0008930359035730362,0.0001568831503391266,0.14732485823333263,0,
0613bd6004934d7e9a4d9bb9ee1b917f,direct,identity,clean,artificial,CURRENT_FIXED,CAMERA_LOCAL,OUTPUT_ALTERNATIVE_MODEL_NO_UNIQUE_TRUTH_COMPARISON,,"[-1.8608271789600205e-06, 4.630014332402077e-06, 1.7184470886006531e-06]",,,,,,,,,0.0008930359035730362,0.0001568831503391266,0.1744672656059265,0,
b64258d87dfd4efd834c86f47193d529,image,other_front_small_nonzero,float32,artificial,CURRENT_FIXED,WORLD_FIXED,STOPPED,,,,,,,,,,,0.0012740902602672577,0.00013313814997673035,0.00020113959908485413,0,prepared frame 1 contains no target evidence
b64258d87dfd4efd834c86f47193d529,image,other_front_small_nonzero,float32,artificial,CURRENT_FIXED,CAMERA_LOCAL,STOPPED,,,,,,,,,,,0.0012740902602672577,0.00013313814997673035,0.00012197345495223999,0,prepared frame 1 contains no target evidence
97c58d07be404adfbc9ac8d302006599,direct,translation,clean,artificial,CURRENT_FIXED,WORLD_FIXED,OUTPUT,"[2.852526260383517, 7.947411546016232, -4.329475358381759]","[2.833513479626267, 7.923043680068607, -4.324123740927654]",0.031367475708761916,"[0.0, 0.0, 0.0]","[-2.0639328350417e-05, 2.0977202232174518e-05, 2.230181742448771e-05]",0.0021156001027864955,0.03156106748565084,0.031257594806715236,0.03516790394114693,0.03584089577184012,0.0008566733449697495,0.00015879608690738678,0.8644764255732298,0,
97c58d07be404adfbc9ac8d302006599,direct,translation,clean,artificial,CURRENT_FIXED,CAMERA_LOCAL,OUTPUT_ALTERNATIVE_MODEL_NO_UNIQUE_TRUTH_COMPARISON,,"[2.802519298316228, 3.967012012044797, -4.1906705437244804]",,,,,,,,,0.0008566733449697495,0.00015879608690738678,0.23551760986447334,0,
b1ab0b082ec0459a9a06d409c0577a76,direct,translation,clean,taco,CURRENT_FIXED,WORLD_FIXED,OUTPUT_ALTERNATIVE_MODEL_NO_UNIQUE_TRUTH_COMPARISON,,"[3.4697719086872914, -4.29114510601531, -3.9324194210651364]",,,,,,,,,0.2012408096343279,0.006485613062977791,3.7710284050554037,0,
b1ab0b082ec0459a9a06d409c0577a76,direct,translation,clean,taco,CURRENT_FIXED,CAMERA_LOCAL,STOPPED,,,,,,,,,,,0.2012408096343279,0.006485613062977791,17.49803962185979,0,"calibration fit failed or reached the numerical safety boundary: success=False, translation=0.006914810866911817, rotation_deg=0.0006373207092736508"
76b500a228de45b6a7759de2d90889cc,direct,combined,clean,taco,CURRENT_FIXED,WORLD_FIXED,OUTPUT_ALTERNATIVE_MODEL_NO_UNIQUE_TRUTH_COMPARISON,,"[1.0760939617882352, 21.051930273714085, -4.164729200879791]",,,,,,,,,0.19951658695936203,0.006471011787652969,3.859504507854581,0,
76b500a228de45b6a7759de2d90889cc,direct,combined,clean,taco,CURRENT_FIXED,CAMERA_LOCAL,OUTPUT,"[-1.206725322518739, 11.573918993810048, -4.358506633002597]","[-1.2067256056814444, 11.573922937776546, -4.35850646351894]",3.957749051956988e-06,"[-0.027045700479182415, 0.028786189567671656, -0.008278571285826323]","[-0.027045695612010028, 0.02878618996238428, -0.008278571267114686]",0.0,3.9337658668264365e-06,3.9205457744964835e-06,4.4685781764387e-06,4.526022083522871e-06,0.19951658695936203,0.006471011787652969,4.159581927582622,0,
55d9ad951e0b46c0a1876eba953db1d0,direct,identity,clean,artificial,CURRENT_FIXED,WORLD_FIXED,OUTPUT,"[0.0, 0.0, 0.0]","[8.184413433802376e-08, 7.525814466172509e-08, 5.6745945246235756e-08]",1.2482929530104064e-07,"[0.0, 0.0, 0.0]","[4.080829959001203e-10, 5.129500898233425e-10, 3.2359193079530715e-10]",0.0,1.4057221861594213e-07,1.3747251033914646e-07,1.6404911370725954e-07,1.6773494691891442e-07,0.0016831420361995697,0.0002424735575914383,0.051172927021980286,0,
55d9ad951e0b46c0a1876eba953db1d0,direct,identity,clean,artificial,CURRENT_FIXED,CAMERA_LOCAL,OUTPUT_ALTERNATIVE_MODEL_NO_UNIQUE_TRUTH_COMPARISON,,"[2.4010500563900215e-08, 2.038787009391664e-08, 1.2783203748293815e-08]",,,,,,,,,0.0016831420361995697,0.0002424735575914383,0.05334664136171341,0,
857cb8e146294f459f1829f0aee52e9f,direct,combined,local_missing,artificial,CURRENT_FIXED,WORLD_FIXED,OUTPUT,"[14.322226268071613, 10.422631323082499, -5.975182359383739]","[14.32223123802666, 10.422628436918865, -5.975183755650942]",5.914385494892017e-06,"[-0.049962803585826776, -0.00934724081180938, 0.0033403915973159296]","[-0.04996280896345308, -0.009347246893285508, 0.0033403872257972136]",0.0,5.937784800166664e-06,5.978790185527866e-06,6.811444265606244e-06,7.1894376705675635e-06,0.0008436143398284912,0.00016492977738380432,0.22431877069175243,0,
857cb8e146294f459f1829f0aee52e9f,direct,combined,local_missing,artificial,CURRENT_FIXED,CAMERA_LOCAL,OUTPUT_ALTERNATIVE_MODEL_NO_UNIQUE_TRUTH_COMPARISON,,"[4.323891579150258, 8.721935128155495, -2.71643012915003]",,,,,,,,,0.0008436143398284912,0.00016492977738380432,0.25429677590727806,0,
c6525673188d4350ac0bfbd905453f19,direct,combined,noise,artificial,CURRENT_FIXED,WORLD_FIXED,OUTPUT_ALTERNATIVE_MODEL_NO_UNIQUE_TRUTH_COMPARISON,,"[-10.60247719716304, -6.086174509809881, 0.8042705460472158]",,,,,,,,,0.0009200479835271835,0.00016908347606658936,0.3636032100766897,0,
c6525673188d4350ac0bfbd905453f19,direct,combined,noise,artificial,CURRENT_FIXED,CAMERA_LOCAL,OUTPUT,"[-11.299246578941574, -3.1946154590728515, 1.1189704920184464]","[-11.703892247968387, -3.0589263874386163, 1.2059519732380977]",0.4355633360353951,"[0.03286999806350467, -0.002665804553705508, -0.004957311386982891]","[0.03291781495188118, -0.002120500805350267, -0.005177724773822066]",0.03380900322263925,0.43484061457215534,0.4357715207787284,0.4933192384399878,0.5164123353384175,0.0009200479835271835,0.00016908347606658936,0.26388444006443024,0,
0aaff379548944648a7414c130a181fa,image,hand_large_stress_nonzero,float32,artificial,CURRENT_FIXED,WORLD_FIXED,STOPPED_INFORMATION_INSUFFICIENT,,,,,,,,,,,0.0011950507760047913,0.00014553777873516083,2.088211476802826e-05,0,the target is deliberately fully or almost fully occluded
0aaff379548944648a7414c130a181fa,image,hand_large_stress_nonzero,float32,artificial,CURRENT_FIXED,CAMERA_LOCAL,STOPPED_INFORMATION_INSUFFICIENT,,,,,,,,,,,0.0011950507760047913,0.00014553777873516083,7.711350917816162e-06,0,the target is deliberately fully or almost fully occluded
55da8ade46264d6b8fd1cc63e3eb03bb,direct,translation,clean,taco,CURRENT_FIXED,WORLD_FIXED,STOPPED,,,,,,,,,,,0.20175685361027718,0.006721919402480125,18.038768883794546,0,"calibration fit failed or reached the numerical safety boundary: success=False, translation=0.019832012232845506, rotation_deg=0.0007271254657401165"
55da8ade46264d6b8fd1cc63e3eb03bb,direct,translation,clean,taco,CURRENT_FIXED,CAMERA_LOCAL,OUTPUT_ALTERNATIVE_MODEL_NO_UNIQUE_TRUTH_COMPARISON,,"[-11.717596458760163, 1.4303051114176748, -15.218276442429593]",,,,,,,,,0.20175685361027718,0.006721919402480125,5.71852714009583,0,
9bcd56d2f8b94a9fb7d9128fdd743677,image,other_front_stress_nonzero,uint16,artificial,CURRENT_FIXED,WORLD_FIXED,STOPPED,,,,,,,,,,,0.0019513238221406937,0.0001827329397201538,2.170354127883911e-05,0,prepared frame 0 contains no target evidence
9bcd56d2f8b94a9fb7d9128fdd743677,image,other_front_stress_nonzero,uint16,artificial,CURRENT_FIXED,CAMERA_LOCAL,STOPPED,,,,,,,,,,,0.0019513238221406937,0.0001827329397201538,9.98564064502716e-06,0,prepared frame 0 contains no target evidence
4b8e0982b94b4b568b7bb68c1a70349b,direct,rotation,clean,artificial,CURRENT_FIXED,WORLD_FIXED,OUTPUT,"[0.0, 0.0, 0.0]","[0.00510935208058565, 0.022147840603661827, 0.0009120843697609249]",0.022747839897145364,"[-0.02674517839482567, 0.007241057886425059, 0.06884286261955508]","[-0.02671984894781058, 0.0072343330521889414, 0.0688420540042891]",0.0015019730027354449,0.02293114858696891,0.023235486135618662,0.02538690022539077,0.02586417214765618,0.0008964147418737411,0.00016135163605213165,1.1899787057191133,0,
4b8e0982b94b4b568b7bb68c1a70349b,direct,rotation,clean,artificial,CURRENT_FIXED,CAMERA_LOCAL,OUTPUT_ALTERNATIVE_MODEL_NO_UNIQUE_TRUTH_COMPARISON,,"[-0.1986982208133997, -11.338042658179253, 1.4395376291741258]",,,,,,,,,0.0008964147418737411,0.00016135163605213165,0.32892511039972305,0,
46451fd3bbb747cabbb545e992f66693,direct,combined,combined,artificial,CURRENT_FIXED,WORLD_FIXED,OUTPUT,"[20.511654668217414, -5.534762085575525, -5.757959564774236]","[5.515159608356407, -6.491783279927826, -2.516974694451721]",15.372531885689313,"[-0.07520064878191833, -0.0023619121929286738, 0.020832072830901386]","[-0.07642434604850717, 0.014678730666044694, 0.019707194830352263]",0.9807415914813615,15.469072246812969,15.519270779141241,17.33801905048851,17.551087436459838,0.0008039530366659164,0.0001561436802148819,0.25192253291606903,0,
46451fd3bbb747cabbb545e992f66693,direct,combined,combined,artificial,CURRENT_FIXED,CAMERA_LOCAL,OUTPUT_ALTERNATIVE_MODEL_NO_UNIQUE_TRUTH_COMPARISON,,"[2.172823349877569, -1.1528795685936024, 0.7282037611512449]",,,,,,,,,0.0008039530366659164,0.0001561436802148819,0.3994290754199028,0,
f0f816a3832546698dc2e94ed0eac510,image,hand_partial_stress_nonzero,float32,artificial,CURRENT_FIXED,WORLD_FIXED,STOPPED,,,,,,,,,,,0.0012037325650453568,0.00013646483421325684,0.000796416774392128,0,too few calibration surface points
f0f816a3832546698dc2e94ed0eac510,image,hand_partial_stress_nonzero,float32,artificial,CURRENT_FIXED,CAMERA_LOCAL,STOPPED,,,,,,,,,,,0.0012037325650453568,0.00013646483421325684,0.000610819086432457,0,too few calibration surface points
1c5086f5a650429cb0f97e52ddb70275,image,other_behind_small_nonzero,uint16,artificial,CURRENT_FIXED,WORLD_FIXED,OUTPUT_ALTERNATIVE_MODEL_NO_UNIQUE_TRUTH_COMPARISON,,"[0.6300834290721716, 0.17004059900417445, -0.15423367550641365]",,,,,,,,,0.001212162896990776,0.00014460831880569458,0.17724228277802467,0,
1c5086f5a650429cb0f97e52ddb70275,image,other_behind_small_nonzero,uint16,artificial,CURRENT_FIXED,CAMERA_LOCAL,OUTPUT,"[-0.13005314283670713, -0.3078341862444698, -0.18930991043197953]","[0.5705989376975449, 0.04749927353007618, -0.15826100271280102]",0.7862183159039726,"[0.00323250757178602, 0.0017474200553870673, 0.0018653191182572356]","[0.003674523683894585, 0.000637093784105736, 0.0027166523573174694]",0.08407007220200913,0.7825304664444441,0.7916958363218187,0.9429653829351604,1.001192633362404,0.001212162896990776,0.00014460831880569458,0.14739356748759747,0,
59fd65482a55445eba3ae057c7192e47,direct,translation,clean,artificial,CURRENT_FIXED,WORLD_FIXED,OUTPUT_ALTERNATIVE_MODEL_NO_UNIQUE_TRUTH_COMPARISON,,"[3.5845049764563646, -18.008745670156404, 9.454146470609206]",,,,,,,,,0.0008233450353145599,0.00014807283878326416,0.20511367544531822,0,
59fd65482a55445eba3ae057c7192e47,direct,translation,clean,artificial,CURRENT_FIXED,CAMERA_LOCAL,OUTPUT,"[0.0936127403382575, -17.112328150301604, 10.522284856142575]","[0.10584188211556969, -17.093002401902993, 10.520352620382134]",0.02295147042805632,"[0.0, 0.0, 0.0]","[1.8894675879813944e-05, -1.3163040234739766e-05, -1.0351043814596997e-05]",0.0014465546123250158,0.023138499946259185,0.02335910991459724,0.025494625111166295,0.026365878932092045,0.0008233450353145599,0.00014807283878326416,1.6964578200131655,0,
0e9d25928694496596c62b5d8361a298,direct,combined,clean,artificial,CURRENT_FIXED,WORLD_FIXED,OUTPUT_ALTERNATIVE_MODEL_NO_UNIQUE_TRUTH_COMPARISON,,"[-0.8163271959950957, 7.372558359727195, 12.976348682514846]",,,,,,,,,0.0008689127862453461,0.00015452131628990173,0.20372013561427593,0,
0e9d25928694496596c62b5d8361a298,direct,combined,clean,artificial,CURRENT_FIXED,CAMERA_LOCAL,OUTPUT,"[2.797610380673595, 9.087299378977045, 13.755705633567706]","[2.7976195409073115, 9.087345482220604, 13.75570583045722]",4.700486904501513e-05,"[0.029515060651688067, -0.03482430682647099, -0.04122335213136164]","[0.02951511819395278, -0.03482431543875079, -0.041223358018049064]",3.6222548091772e-06,4.711764379178692e-05,4.693145962817626e-05,5.315526257427634e-05,5.48477758953884e-05,0.0008689127862453461,0.00015452131628990173,0.1892922017723322,0,
63ec2f78549f40a8b5ba674733364339,direct,combined,clean,artificial,CURRENT_FIXED,WORLD_FIXED,OUTPUT,"[11.4951868888654, 18.927697495056332, -8.7178347384929]","[11.495210340728496, 18.927738575979305, -8.717845577542331]",4.8529548808145714e-05,"[0.022968689756353435, -0.00792640519821407, 0.011325286238398466]","[0.02296873807317061, -0.007926437990118254, 0.011325272006298528]",3.4150945850063763e-06,4.871400279127665e-05,4.887451882733315e-05,5.539950743101642e-05,5.6410716994048406e-05,0.0008749198168516159,0.00016133300960063934,0.19760846719145775,0,
63ec2f78549f40a8b5ba674733364339,direct,combined,clean,artificial,CURRENT_FIXED,CAMERA_LOCAL,OUTPUT_ALTERNATIVE_MODEL_NO_UNIQUE_TRUTH_COMPARISON,,"[4.176710379095154, 14.12563484101637, -6.070776037121337]",,,,,,,,,0.0008749198168516159,0.00016133300960063934,0.23124397173523903,0,
9aa73a8026fb452d95bb587681c67b39,direct,combined,clean,taco,CURRENT_FIXED,WORLD_FIXED,OUTPUT,"[-5.068705911459562, -2.1592642810594147, 0.1752118859231297]","[-5.107176311959944, -2.2839398153818107, 0.17233557766421695]",0.13050760024778285,"[0.008178104618750721, -0.02128075430016174, -0.0006854723420574641]","[0.008206368940058903, -0.021296728000526115, -2.6563058476802656e-07]",0.03930264415831825,0.13871269543873738,0.13946987149851936,0.2047780897164086,0.21440546320241413,0.201553488150239,0.006486816331744194,2.97403534501791,0,
9aa73a8026fb452d95bb587681c67b39,direct,combined,clean,taco,CURRENT_FIXED,CAMERA_LOCAL,OUTPUT_ALTERNATIVE_MODEL_NO_UNIQUE_TRUTH_COMPARISON,,"[-0.30445977627316956, -0.8658239474863701, -0.9029227393823874]",,,,,,,,,0.201553488150239,0.006486816331744194,4.322748348116875,0,
8050dc91668147cb93d568b944b49e81,direct,symmetric_ambiguous,information_insufficient,artificial,CURRENT_FIXED,WORLD_FIXED,OUTPUT_WITHOUT_IDENTIFIABILITY_CERTIFICATE,,,,,,,,,,,0.002456389367580414,0.0003402065485715866,0.5077464878559113,0,the public shape has deliberately ambiguous rigid symmetries
8050dc91668147cb93d568b944b49e81,direct,symmetric_ambiguous,information_insufficient,artificial,CURRENT_FIXED,CAMERA_LOCAL,OUTPUT_WITHOUT_IDENTIFIABILITY_CERTIFICATE,,,,,,,,,,,0.002456389367580414,0.0003402065485715866,0.4185790065675974,0,the public shape has deliberately ambiguous rigid symmetries
547f11fe6ca04525b78ab7f99b751e88,direct,combined,random_missing,taco,CURRENT_FIXED,WORLD_FIXED,OUTPUT,"[-6.93995523770624, -10.552627700575409, 13.520551123946886]","[-6.9399579349048, -10.552624753805445, 13.520551488691318]",4.011405214388459e-06,"[-0.008247825827240195, -0.05478768821525368, -0.05276921202679234]","[-0.008247822016277427, -0.05478768427549937, -0.05276921335145651]",0.0,4.050397114552752e-06,4.081779964006988e-06,4.7188699062156755e-06,4.768382487869334e-06,0.20016158372163773,0.006514636799693108,3.961765244603157,0,
547f11fe6ca04525b78ab7f99b751e88,direct,combined,random_missing,taco,CURRENT_FIXED,CAMERA_LOCAL,OUTPUT_ALTERNATIVE_MODEL_NO_UNIQUE_TRUTH_COMPARISON,,"[0.8757763379009882, -14.047973970397019, 13.899735415254028]",,,,,,,,,0.20016158372163773,0.006514636799693108,4.86709282360971,0,
29280027d82f4bf1a126a04c7a4392b4,direct,combined,clean,artificial,CURRENT_FIXED,WORLD_FIXED,OUTPUT_ALTERNATIVE_MODEL_NO_UNIQUE_TRUTH_COMPARISON,,"[10.919909267286448, -29.596096422405935, -6.4804203121210735]",,,,,,,,,0.0016787629574537277,0.0002471897751092911,0.2239773627370596,0,
29280027d82f4bf1a126a04c7a4392b4,direct,combined,clean,artificial,CURRENT_FIXED,CAMERA_LOCAL,OUTPUT,"[6.962924488204533, -20.52783836780374, -5.063736514276455]","[6.962964359572205, -20.527877332763957, -5.063745251748359]",5.642993443252117e-05,"[-0.02946906832933416, 0.04413270421767776, 0.0030692847241760753]","[-0.029469107655317052, 0.044132657858896196, 0.0030693199487849764]",4.00455336570039e-06,5.6945746794777064e-05,5.530501161102281e-05,6.479938601224157e-05,6.655628048320015e-05,0.0016787629574537277,0.0002471897751092911,0.20547006465494633,0,
0e2fd2d4713040c789338e1dd39a254a,image,other_front_small_nonzero,float32,artificial,CURRENT_FIXED,WORLD_FIXED,STOPPED,,,,,,,,,,,0.0012310147285461426,0.00014116056263446808,1.9511207938194275e-05,0,prepared frame 0 contains no target evidence
0e2fd2d4713040c789338e1dd39a254a,image,other_front_small_nonzero,float32,artificial,CURRENT_FIXED,CAMERA_LOCAL,STOPPED,,,,,,,,,,,0.0012310147285461426,0.00014116056263446808,7.722526788711548e-06,0,prepared frame 0 contains no target evidence
75a77a31743745c6a34ca8712f68ba9d,direct,identity,clean,artificial,CURRENT_FIXED,WORLD_FIXED,OUTPUT_ALTERNATIVE_MODEL_NO_UNIQUE_TRUTH_COMPARISON,,"[3.5605966147795794e-07, 8.026901390301949e-07, 5.351424776812261e-07]",,,,,,,,,0.0008436553180217743,0.00016061030328273773,0.06143391318619251,0,
75a77a31743745c6a34ca8712f68ba9d,direct,identity,clean,artificial,CURRENT_FIXED,CAMERA_LOCAL,OUTPUT,"[0.0, 0.0, 0.0]","[0.0, 0.0, 0.0]",0.0,"[0.0, 0.0, 0.0]","[0.0, 0.0, 0.0]",0.0,0.0,0.0,0.0,0.0,0.0008436553180217743,0.00016061030328273773,0.061925703659653664,0,
b382feae0447466ba9c5bd16af6b2aac,image,hand_partial_small_nonzero,float32,artificial,CURRENT_FIXED,WORLD_FIXED,OUTPUT_ALTERNATIVE_MODEL_NO_UNIQUE_TRUTH_COMPARISON,,"[-0.15025959869957572, 0.5606864233487028, 0.05958770143749172]",,,,,,,,,0.0012375228106975555,0.0001389477401971817,0.1350205335766077,0,
b382feae0447466ba9c5bd16af6b2aac,image,hand_partial_small_nonzero,float32,artificial,CURRENT_FIXED,CAMERA_LOCAL,OUTPUT,"[-0.21738208310377194, 0.4374162740411456, 0.062227219162429265]","[-0.21799885332039937, 0.43661901031446904, 0.0621910723253965]",0.0010086335032212014,"[-0.00041267961283977475, -0.002743419155898133, -0.0033519188011348253]","[-0.00041364437092924604, -0.0027426687622469025, -0.0033531563587721]",9.965407506669359e-05,0.0010101610479090351,0.0010200241490328035,0.0012141767092051603,0.001268027118149795,0.0012375228106975555,0.0001389477401971817,0.0949757769703865,0,
8439eb24aa2843e6a7b58d1f7c7c3ac0,image,hand_large_stress_nonzero,float32,artificial,CURRENT_FIXED,WORLD_FIXED,STOPPED_INFORMATION_INSUFFICIENT,,,,,,,,,,,0.0011104922741651535,0.00014390796422958374,3.6343932151794434e-05,0,the target is deliberately fully or almost fully occluded
8439eb24aa2843e6a7b58d1f7c7c3ac0,image,hand_large_stress_nonzero,float32,artificial,CURRENT_FIXED,CAMERA_LOCAL,STOPPED_INFORMATION_INSUFFICIENT,,,,,,,,,,,0.0011104922741651535,0.00014390796422958374,8.231028914451599e-06,0,the target is deliberately fully or almost fully occluded
67a32643f48b4070b4b2050dd46fdd03,direct,combined,clean,taco,CURRENT_FIXED,WORLD_FIXED,OUTPUT,"[-10.896541893462533, 1.2273711776335656, -12.289930104677293]","[-10.896540172976309, 1.2273797905858266, -12.289931185748323]",8.849391734815404e-06,"[-0.01085902610211419, -0.008328302983109647, 0.01872145279417406]","[-0.01085901534813748, -0.008328305271422028, 0.01872145243621346]",0.0,8.794283147449686e-06,8.918169535583998e-06,9.944230354782599e-06,1.0068136238703693e-05,0.20158096961677074,0.006366906687617302,4.1051198691129684,0,
67a32643f48b4070b4b2050dd46fdd03,direct,combined,clean,taco,CURRENT_FIXED,CAMERA_LOCAL,OUTPUT_ALTERNATIVE_MODEL_NO_UNIQUE_TRUTH_COMPARISON,,"[-10.820900424015393, 1.1314367292459144, -13.049568763408134]",,,,,,,,,0.20158096961677074,0.006366906687617302,3.249460231512785,0,
a80aadeb42e44765afd4094d1e1d7d36,direct,combined,noise,artificial,CURRENT_FIXED,WORLD_FIXED,OUTPUT,"[-7.127286468288735, 1.1874237227573974, -1.966839124250921]","[-7.161785862188237, -0.5183778481466514, -1.994236839442437]",1.7063703707799982,"[0.02755935801968159, 0.02364846852305918, -0.03316870394577608]","[0.025825226874973847, 0.02368111601477218, -0.031972431370095235]",0.12071713980080957,1.7285068103353565,1.736970053232993,1.9617679965110457,2.045812392722908,0.00165516696870327,0.0002445392310619354,0.21150349080562592,0,
a80aadeb42e44765afd4094d1e1d7d36,direct,combined,noise,artificial,CURRENT_FIXED,CAMERA_LOCAL,OUTPUT_ALTERNATIVE_MODEL_NO_UNIQUE_TRUTH_COMPARISON,,"[-11.382710982111947, 1.7405151869321278, -1.8063344130468502]",,,,,,,,,0.00165516696870327,0.0002445392310619354,0.22484237886965275,0,
0dc432dcac6240dbaf55b534492d5f51,direct,combined,strong_combined,taco,CURRENT_FIXED,WORLD_FIXED,OUTPUT,"[-20.55490401548943, 4.883767194578383, 0.36372788894452934]","[-22.57291217806233, 6.461848181104049, 0.9156594403203214]",2.6205581431536222,"[-0.003795388580982728, -0.015909061873097097, 0.0004455742862207558]","[-0.001698373648398906, -0.013249126059459776, 0.0007792296983214625]",0.19500782538934056,2.568338868181337,2.5301016499914084,2.922060252898948,3.0289076743360615,0.19939465634524822,0.006532864645123482,4.352512802928686,0,
0dc432dcac6240dbaf55b534492d5f51,direct,combined,strong_combined,taco,CURRENT_FIXED,CAMERA_LOCAL,OUTPUT_ALTERNATIVE_MODEL_NO_UNIQUE_TRUTH_COMPARISON,,"[-15.60037752336365, 4.1445563855475624, 1.2309794900163802]",,,,,,,,,0.19939465634524822,0.006532864645123482,4.439451327547431,0,
4900aead925b45f8a0e3c933717ecb0a,direct,combined,clean,artificial,CURRENT_FIXED,WORLD_FIXED,OUTPUT_ALTERNATIVE_MODEL_NO_UNIQUE_TRUTH_COMPARISON,,"[-5.92012135731111, -7.652391358379137, -2.71590079733023]",,,,,,,,,0.0016129054129123688,0.0002403799444437027,0.30051265843212605,0,
4900aead925b45f8a0e3c933717ecb0a,direct,combined,clean,artificial,CURRENT_FIXED,CAMERA_LOCAL,OUTPUT,"[0.47604314837995076, 3.2921974217483188, -2.817183443423231]","[0.4760838671537298, 3.2922134936132674, -2.817189637038471]",4.421181121310365e-05,"[-0.031223352218552363, -0.04987041524284332, -0.03778815968913309]","[-0.031223334053667826, -0.04987045720046219, -0.0377881632007957]",2.9575586669421963e-06,4.5046794345476584e-05,4.572916215629045e-05,4.970603830984372e-05,5.0714134979461415e-05,0.0016129054129123688,0.0002403799444437027,0.2329961620271206,0,
ec299ce9983743208e44ad4d8646b2ab,direct,identity,clean,artificial,CURRENT_FIXED,WORLD_FIXED,OUTPUT,"[0.0, 0.0, 0.0]","[1.0909342312419585e-06, 6.820200401922771e-06, 4.837166645278082e-07]",6.923817793011664e-06,"[0.0, 0.0, 0.0]","[8.94893700206475e-09, -4.529029928010135e-11, 2.367329484485207e-10]",0.0,6.746204856403783e-06,6.587137833212566e-06,7.903490228563288e-06,7.988590977212463e-06,0.0009371638298034668,0.00017254799604415894,0.15460498444736004,0,
ec299ce9983743208e44ad4d8646b2ab,direct,identity,clean,artificial,CURRENT_FIXED,CAMERA_LOCAL,OUTPUT_ALTERNATIVE_MODEL_NO_UNIQUE_TRUTH_COMPARISON,,"[7.705652471337967e-07, 7.797952059388489e-07, 4.1337036767091527e-07]",,,,,,,,,0.0009371638298034668,0.00017254799604415894,0.09877248108386993,0,
4ce9a7d20c674d7fae60ec20eae7ffc4,direct,combined,local_missing,artificial,CURRENT_FIXED,WORLD_FIXED,OUTPUT,"[-10.327960329213631, -15.459643862544759, 7.989844237889413]","[-10.32793929105618, -15.459640528852919, 7.98983711082289]",2.2461358983942016e-05,"[-0.01263902532269179, 0.002462551216942702, -0.006316734342465753]","[-0.012639018775042888, 0.002462526381497879, -0.006316728715218265]",1.2074182697257333e-06,2.2709461505258663e-05,2.2427043284796632e-05,2.55249730145679e-05,2.635457022788389e-05,0.0008474402129650116,0.00016794167459011078,0.15060144290328026,0,
4ce9a7d20c674d7fae60ec20eae7ffc4,direct,combined,local_missing,artificial,CURRENT_FIXED,CAMERA_LOCAL,OUTPUT_ALTERNATIVE_MODEL_NO_UNIQUE_TRUTH_COMPARISON,,"[-2.981555153226493, -12.198672408440915, 6.252125702229571]",,,,,,,,,0.0008474402129650116,0.00016794167459011078,0.24650681763887405,0,
f0716e0bd3cc48979b06b987939c46cb,direct,rotation,clean,taco,CURRENT_FIXED,WORLD_FIXED,OUTPUT_ALTERNATIVE_MODEL_NO_UNIQUE_TRUTH_COMPARISON,,"[-2.044844563196661, -0.34924397335206153, -1.0820729034876793]",,,,,,,,,0.20140556804835796,0.006525032222270966,5.225301776081324,0,
f0716e0bd3cc48979b06b987939c46cb,direct,rotation,clean,taco,CURRENT_FIXED,CAMERA_LOCAL,STOPPED,,,,,,,,,,,0.20140556804835796,0.006525032222270966,18.275638822466135,0,"calibration fit failed or reached the numerical safety boundary: success=False, translation=7.925469414495004e-06, rotation_deg=2.6039806650650723"
053ac6e998944173b1464f5c81fe7dde,direct,combined,noise,artificial,CURRENT_FIXED,WORLD_FIXED,OUTPUT,"[5.299388361262753, -0.5100234604107372, 7.203413783641294]","[6.12737901092743, -0.49322574227074173, 7.146670466201329]",0.8301026944546903,"[0.03683179643923857, -0.013604733906135615, 0.002261297505386418]","[0.0369936315453093, -0.014791848317456063, 0.0033127784201714304]",0.09132821076853295,0.8561031768826054,0.8547638701842659,1.0354909643312489,1.1163635163520569,0.0016760006546974182,0.0002572741359472275,0.24186289682984352,0,
053ac6e998944173b1464f5c81fe7dde,direct,combined,noise,artificial,CURRENT_FIXED,CAMERA_LOCAL,OUTPUT_ALTERNATIVE_MODEL_NO_UNIQUE_TRUTH_COMPARISON,,"[8.595129099880804, 1.1339018838906476, 8.800765757678576]",,,,,,,,,0.0016760006546974182,0.0002572741359472275,0.25165265798568726,0,
eb80abec7df24ec4be5a0228908cd6cb,image,hand_partial_stress_nonzero,uint16,artificial,CURRENT_FIXED,WORLD_FIXED,STOPPED,,,,,,,,,,,0.0012799669057130814,0.0001442059874534607,0.0002986844629049301,0,prepared frame 2 contains no target evidence
eb80abec7df24ec4be5a0228908cd6cb,image,hand_partial_stress_nonzero,uint16,artificial,CURRENT_FIXED,CAMERA_LOCAL,STOPPED,,,,,,,,,,,0.0012799669057130814,0.0001442059874534607,0.0002117753028869629,0,prepared frame 2 contains no target evidence
f123c52c42bc4603a6257a779f1aada5,direct,combined,combined,artificial,CURRENT_FIXED,WORLD_FIXED,OUTPUT,"[6.313850994024511, -4.724280178011722, 1.3964443430231452]","[1.224729323520778, -3.6001652846752195, 2.9533578395329707]",5.439372510338495,"[0.018590808937153376, 0.019160992079051403, -0.010843687414091606]","[0.019793290195999274, 0.02585469226890814, -0.011270418865983475]",0.39042135593683136,5.437757506967755,5.487880451563965,6.002250695545149,6.245908462240374,0.000837644562125206,0.00015563145279884338,0.22784288227558136,0,
f123c52c42bc4603a6257a779f1aada5,direct,combined,combined,artificial,CURRENT_FIXED,CAMERA_LOCAL,OUTPUT_ALTERNATIVE_MODEL_NO_UNIQUE_TRUTH_COMPARISON,,"[1.4659943299214784, -2.8259597693748626, 3.345992513925527]",,,,,,,,,0.000837644562125206,0.00015563145279884338,0.1601231899112463,0,
57008f8f2a224ccc837801a5a4a2d2c8,direct,rotation,clean,taco,CURRENT_FIXED,WORLD_FIXED,OUTPUT_ALTERNATIVE_MODEL_NO_UNIQUE_TRUTH_COMPARISON,,"[1.2339143417482275, 2.486259275902312, 0.48995427105150224]",,,,,,,,,0.2016266379505396,0.00659322552382946,4.347664469853044,0,
57008f8f2a224ccc837801a5a4a2d2c8,direct,rotation,clean,taco,CURRENT_FIXED,CAMERA_LOCAL,STOPPED,,,,,,,,,,,0.2016266379505396,0.00659322552382946,17.998677583411336,0,"calibration fit failed or reached the numerical safety boundary: success=False, translation=9.710943290382459e-06, rotation_deg=2.753835571657909"
a645fad4d7af49aabbd3dd175812f75c,direct,combined,local_missing,artificial,CURRENT_FIXED,WORLD_FIXED,OUTPUT_ALTERNATIVE_MODEL_NO_UNIQUE_TRUTH_COMPARISON,,"[0.10212126017238897, 12.286490192521468, -7.1934893453346325]",,,,,,,,,0.0016153883188962936,0.0002482924610376358,0.21182201616466045,0,
a645fad4d7af49aabbd3dd175812f75c,direct,combined,local_missing,artificial,CURRENT_FIXED,CAMERA_LOCAL,OUTPUT,"[10.629267843551496, 16.294520943445153, -7.811183024221876]","[10.629271357262063, 16.294530533204995, -7.811181562418249]",1.0317292554482745e-05,"[0.007699033623367348, 0.006793343770909801, -0.018533488759577624]","[0.007699040106111566, 0.006793341798507191, -0.018533499337342833]",0.0,1.0228239351641078e-05,1.024464926129085e-05,1.1792878839681821e-05,1.2282830364883937e-05,0.0016153883188962936,0.0002482924610376358,0.21399485133588314,0,
6c6e3c76105a4089a4bb88808d0b9162,direct,identity,clean,taco,CURRENT_FIXED,WORLD_FIXED,OUTPUT_ALTERNATIVE_MODEL_NO_UNIQUE_TRUTH_COMPARISON,,"[1.1860153221994474e-09, 1.2905999352532958e-09, 1.4333771605418255e-09]",,,,,,,,,0.20138906314969063,0.006538504734635353,0.6368577498942614,0,
6c6e3c76105a4089a4bb88808d0b9162,direct,identity,clean,taco,CURRENT_FIXED,CAMERA_LOCAL,OUTPUT,"[0.0, 0.0, 0.0]","[1.070955065628356e-09, 1.2128585016637553e-09, 1.3134034485174213e-09]",2.083986352217917e-09,"[0.0, 0.0, 0.0]","[-4.9362642219765965e-12, 6.308231752104823e-12, 4.743670485668939e-12]",0.0,2.2449142201625315e-09,2.2408652082878866e-09,3.0800738200179156e-09,3.3291844789433222e-09,0.20138906314969063,0.006538504734635353,0.7736083194613457,0,
e279e7b2ed1f4f43bcd60f16097c9574,direct,combined,strong_combined,taco,CURRENT_FIXED,WORLD_FIXED,OUTPUT_ALTERNATIVE_MODEL_NO_UNIQUE_TRUTH_COMPARISON,,"[9.26766285177903, 0.39150627452406206, 5.972904383568668]",,,,,,,,,0.1976767722517252,0.006495896726846695,3.3169181924313307,0,
e279e7b2ed1f4f43bcd60f16097c9574,direct,combined,strong_combined,taco,CURRENT_FIXED,CAMERA_LOCAL,OUTPUT,"[7.154246634685179, -2.6833253636473775, 6.209766322694251]","[8.274448586643295, -1.9432674686148534, 6.182039566794803]",1.3428726202300245,"[0.03175896773440158, 0.030330558776667748, -0.0012048036127108614]","[0.03268901640133115, 0.029064300787379538, -0.0008186376081045575]",0.09269016291817853,1.355542752340364,1.3524528823198239,1.5036928657603525,1.5332579607540777,0.1976767722517252,0.006495896726846695,3.521432815119624,0,
9a830b07146e49d0942d5f8bac6f9789,direct,inconsistent_frames,information_insufficient,artificial,CURRENT_FIXED,WORLD_FIXED,STOPPED_INFORMATION_INSUFFICIENT,,,,,,,,,,,0.001766955479979515,0.0002637263387441635,0.5228664539754391,0,different frames were generated from deliberately incompatible corrections
9a830b07146e49d0942d5f8bac6f9789,direct,inconsistent_frames,information_insufficient,artificial,CURRENT_FIXED,CAMERA_LOCAL,STOPPED_INFORMATION_INSUFFICIENT,,,,,,,,,,,0.001766955479979515,0.0002637263387441635,0.41783989034593105,0,different frames were generated from deliberately incompatible corrections
8830786ff99c439e9a285e1aa2cf2680,direct,translation,clean,artificial,CURRENT_FIXED,WORLD_FIXED,OUTPUT_ALTERNATIVE_MODEL_NO_UNIQUE_TRUTH_COMPARISON,,"[11.262177877552626, -10.165099621057854, -4.462911902179446]",,,,,,,,,0.0008538085967302322,0.0001605413854122162,0.19033120200037956,0,
8830786ff99c439e9a285e1aa2cf2680,direct,translation,clean,artificial,CURRENT_FIXED,CAMERA_LOCAL,OUTPUT,"[9.362631103679371, -15.339616888768203, -4.04633056257195]","[9.344109630877055, -15.316598515106666, -4.044679912404646]",0.02959079462880187,"[0.0, 0.0, 0.0]","[2.1039727595856513e-05, 1.805637027244079e-05, -1.296894197835306e-05]",0.0017537524885276306,0.029705955916433456,0.02943913777391288,0.03286284351210947,0.03434224345725632,0.0008538085967302322,0.0001605413854122162,0.7215478904545307,0,
309bb4c8570f4b17a6f218c1a02f0c71,direct,rotation,clean,taco,CURRENT_FIXED,WORLD_FIXED,STOPPED,,,,,,,,,,,0.2016298919916153,0.006537223234772682,18.054315937682986,0,"calibration fit failed or reached the numerical safety boundary: success=False, translation=1.2560209149319103e-05, rotation_deg=2.9119016128508917"
309bb4c8570f4b17a6f218c1a02f0c71,direct,rotation,clean,taco,CURRENT_FIXED,CAMERA_LOCAL,OUTPUT_ALTERNATIVE_MODEL_NO_UNIQUE_TRUTH_COMPARISON,,"[8.767599856164535, -1.0603874916052347, -0.695852701247917]",,,,,,,,,0.2016298919916153,0.006537223234772682,5.151972953230143,0,
3b95156c8de345f59c6584352f982b22,direct,rotation,clean,artificial,CURRENT_FIXED,WORLD_FIXED,OUTPUT_ALTERNATIVE_MODEL_NO_UNIQUE_TRUTH_COMPARISON,,"[1.1403686684434087, 4.384728921076955, -0.3593068201045328]",,,,,,,,,0.0016447417438030243,0.00024078041315078735,0.22017895430326462,0,
3b95156c8de345f59c6584352f982b22,direct,rotation,clean,artificial,CURRENT_FIXED,CAMERA_LOCAL,OUTPUT,"[0.0, 0.0, 0.0]","[0.01076387782855172, 0.013728820454546863, -0.004831466427207658]",0.018102061894115996,"[-0.024656092772114627, 0.032738868347775854, -0.009989518880509387]","[-0.024642243579811502, 0.032725885790048044, -0.00999690156354154]",0.0011669639798277099,0.018517484464637184,0.018687728952578014,0.020633846805682726,0.02098936708627645,0.0016447417438030243,0.00024078041315078735,1.4512645229697227,0,
0c4b83108d4a430fbed54931bdfaf7ee,image,hand_partial_small_nonzero,uint16,artificial,CURRENT_FIXED,WORLD_FIXED,STOPPED,,,,,,,,,,,0.0012426730245351791,0.00015168078243732452,0.00020627863705158234,0,prepared frame 1 contains no target evidence
0c4b83108d4a430fbed54931bdfaf7ee,image,hand_partial_small_nonzero,uint16,artificial,CURRENT_FIXED,CAMERA_LOCAL,STOPPED,,,,,,,,,,,0.0012426730245351791,0.00015168078243732452,0.00013580359518527985,0,prepared frame 1 contains no target evidence
4bcc8605bb8d48018e6afcad029782b2,direct,rotation,clean,taco,CURRENT_FIXED,WORLD_FIXED,STOPPED,,,,,,,,,,,0.20117264799773693,0.006516752764582634,18.049918081611395,0,"calibration fit failed or reached the numerical safety boundary: success=False, translation=1.4774232998592374e-05, rotation_deg=3.852493213750559"
4bcc8605bb8d48018e6afcad029782b2,direct,rotation,clean,taco,CURRENT_FIXED,CAMERA_LOCAL,OUTPUT_ALTERNATIVE_MODEL_NO_UNIQUE_TRUTH_COMPARISON,,"[-4.716549179907102, -2.1715125877489734, -1.4005222223887146]",,,,,,,,,0.20117264799773693,0.006516752764582634,5.086046546697617,0,
31d6fff68cc145e2a127e6e62647a30d,image,other_behind_small_nonzero,float32,artificial,CURRENT_FIXED,WORLD_FIXED,OUTPUT_ALTERNATIVE_MODEL_NO_UNIQUE_TRUTH_COMPARISON,,"[2.9860519156912893e-05, -0.0029050211348964784, 0.4124339501983747]",,,,,,,,,0.002100937068462372,0.00018038973212242126,0.18161138147115707,0,
31d6fff68cc145e2a127e6e62647a30d,image,other_behind_small_nonzero,float32,artificial,CURRENT_FIXED,CAMERA_LOCAL,OUTPUT,"[-0.05962526840224258, -0.36581607572677566, 0.32470162521100804]","[0.08519576077984663, -0.4057284189737396, 0.3217567181891186]",0.1502491201777587,"[-0.000812649126829758, 0.0009210668282046409, -0.0006786661542106746]","[-0.0008554991396770057, 0.0007522122358269094, -0.0004971213377607927]",0.014416068095570656,0.14831808358229065,0.14846324471222216,0.1713348457143062,0.18247317369989166,0.002100937068462372,0.00018038973212242126,0.44347515888512135,0,
11029c055efd4a12a8d4881d8cd3d6f7,direct,combined,local_missing,artificial,CURRENT_FIXED,WORLD_FIXED,OUTPUT_ALTERNATIVE_MODEL_NO_UNIQUE_TRUTH_COMPARISON,,"[-6.678309213695737, -12.480909136848114, -13.527079699287462]",,,,,,,,,0.0008552297949790955,0.0001711379736661911,0.2077417764812708,0,
11029c055efd4a12a8d4881d8cd3d6f7,direct,combined,local_missing,artificial,CURRENT_FIXED,CAMERA_LOCAL,OUTPUT,"[-1.4568418905264215, -9.376658994465606, -13.535493643548536]","[-1.4568220188543664, -9.376652311200832, -13.535497605690077]",2.133654011079369e-05,"[-0.0018389442718844279, -0.04298454462976784, 0.03812384729413155]","[-0.0018389365173070887, -0.042984567210206506, 0.038123850245490795]",1.7075472925031877e-06,2.1527790542176984e-05,2.1331839585765145e-05,2.403398902165679e-05,2.42125032650868e-05,0.0008552297949790955,0.0001711379736661911,0.23476743698120117,0,
a196ab4d5c9642558702ebef48d24a48,direct,combined,clean,taco,CURRENT_FIXED,WORLD_FIXED,OUTPUT_ALTERNATIVE_MODEL_NO_UNIQUE_TRUTH_COMPARISON,,"[-11.45459952173896, 5.769924766884524, 11.478679258264734]",,,,,,,,,0.2014817800372839,0.006522690877318382,4.593842912465334,0,
a196ab4d5c9642558702ebef48d24a48,direct,combined,clean,taco,CURRENT_FIXED,CAMERA_LOCAL,OUTPUT,"[-13.418618195612872, 10.798300797869258, 12.281877963330452]","[-13.418631454229121, 10.798285708048343, 12.281878037982711]",2.0087288843532723e-05,"[0.028447057376151448, 0.00021556432773829238, -0.024716478694494434]","[0.028447039851269684, 0.00021557921680199262, -0.024716481987748302]",1.7075472925031877e-06,1.9983690634073105e-05,1.9657061556692623e-05,2.2599462353513434e-05,2.281286780007297e-05,0.2014817800372839,0.006522690877318382,9.750219084322453,0,
6e0a31817f114b85bb98bfad70dcc3ac,direct,combined,random_missing,taco,CURRENT_FIXED,WORLD_FIXED,OUTPUT_ALTERNATIVE_MODEL_NO_UNIQUE_TRUTH_COMPARISON,,"[-13.659933160375692, -19.697969402757366, 6.299440158462454]",,,,,,,,,0.198168670758605,0.006476020440459251,4.456186518073082,0,
6e0a31817f114b85bb98bfad70dcc3ac,direct,combined,random_missing,taco,CURRENT_FIXED,CAMERA_LOCAL,OUTPUT,"[-13.74122782459638, -17.906122288752933, 7.2959749194435135]","[-13.74122179332688, -17.906089046918794, 7.295967827676772]",3.4520847383170165e-05,"[7.793721908951015e-05, 0.005044965167632558, 0.016737385837170264]","[7.797370907037187e-05, 0.005044958667860087, 0.01673738794445049]",1.7075472925031877e-06,3.48261299718871e-05,3.473811825054506e-05,3.890291987095916e-05,3.922307016001991e-05,0.198168670758605,0.006476020440459251,4.630976935848594,0,
1402930efe0d451788cb7f6592f0c85e,direct,translation,clean,taco,CURRENT_FIXED,WORLD_FIXED,OUTPUT_ALTERNATIVE_MODEL_NO_UNIQUE_TRUTH_COMPARISON,,"[-3.225558058444721, 6.133257926462795, -1.3892751061402193]",,,,,,,,,0.20018156617879868,0.0064182523638010025,3.037973979488015,0,
1402930efe0d451788cb7f6592f0c85e,direct,translation,clean,taco,CURRENT_FIXED,CAMERA_LOCAL,STOPPED,,,,,,,,,,,0.20018156617879868,0.0064182523638010025,17.417416382580996,0,"calibration fit failed or reached the numerical safety boundary: success=False, translation=0.004807443591037894, rotation_deg=0.0006169959594289596"
3d6e2524224741608f98c533d8174d12,image,none_small_nonzero,uint16,artificial,CURRENT_FIXED,WORLD_FIXED,OUTPUT,"[-0.13273611838782587, -0.5733812761867548, 0.26649089277082566]","[-0.14617407817369713, 0.04947399969675942, 0.2646136244538293]",0.6230030478219744,"[0.0004880261546432924, -0.0020674964849704334, 8.749108875805834e-06]","[0.0011627815020275295, -0.002056131332074632, -0.0005153295029844307]",0.048956287202171316,0.6226458273397644,0.6202541704366701,0.7196085456745933,0.7591007193119664,0.0018497835844755173,0.00017386116087436676,0.1407901793718338,0,
3d6e2524224741608f98c533d8174d12,image,none_small_nonzero,uint16,artificial,CURRENT_FIXED,CAMERA_LOCAL,OUTPUT_ALTERNATIVE_MODEL_NO_UNIQUE_TRUTH_COMPARISON,,"[-0.27245082454355984, -0.13579647882828577, 0.2753630998812721]",,,,,,,,,0.0018497835844755173,0.00017386116087436676,0.11349700205028057,0,
f5f8dd1091fc42b8b4d0f1bf9a515a40,direct,identity,clean,taco,CURRENT_FIXED,WORLD_FIXED,OUTPUT_ALTERNATIVE_MODEL_NO_UNIQUE_TRUTH_COMPARISON,,"[-1.7082313129075737e-06, 3.386109867821501e-06, 2.948549569636234e-07]",,,,,,,,,0.20124848373234272,0.006495008245110512,0.930247763171792,0,
f5f8dd1091fc42b8b4d0f1bf9a515a40,direct,identity,clean,taco,CURRENT_FIXED,CAMERA_LOCAL,OUTPUT,"[0.0, 0.0, 0.0]","[-1.3306683213778425e-06, 3.986024098313966e-06, 1.3394814415189262e-07]",4.204403453425934e-06,"[0.0, 0.0, 0.0]","[5.310408107720665e-09, 1.899431951362312e-09, 2.7687498216932304e-09]",0.0,4.140502684272211e-06,4.081426381874244e-06,4.894693180789185e-06,5.076531028450816e-06,0.20124848373234272,0.006495008245110512,1.1188581250607967,0,
721144c1c1e74f649918b76338082788,direct,rotation,clean,artificial,CURRENT_FIXED,WORLD_FIXED,OUTPUT_ALTERNATIVE_MODEL_NO_UNIQUE_TRUTH_COMPARISON,,"[0.9437425678246751, 6.526189436608871, 0.6841640692726344]",,,,,,,,,0.0016360711306333542,0.00024210289120674133,0.2099312413483858,0,
721144c1c1e74f649918b76338082788,direct,rotation,clean,artificial,CURRENT_FIXED,CAMERA_LOCAL,OUTPUT,"[0.0, 0.0, 0.0]","[0.023682832708147725, 0.012177386678826658, -0.0063005324954030885]",0.02736534343167297,"[-0.013011545931199757, 0.03562956882162124, 0.056265470524567665]","[-0.013000865319514682, 0.035602694364308, 0.05625694816701251]",0.0017272568856663247,0.02757729769856301,0.027652375192513796,0.030799226472873587,0.03141269039910421,0.0016360711306333542,0.00024210289120674133,0.9136664308607578,0,
ee9c8ca7131a4b439e4dc398489cdda0,direct,combined,combined,artificial,CURRENT_FIXED,WORLD_FIXED,OUTPUT_ALTERNATIVE_MODEL_NO_UNIQUE_TRUTH_COMPARISON,,"[-4.1362359781864875, -11.048406862105677, -4.111160859729171]",,,,,,,,,0.0008877981454133987,0.00016731210052967072,0.2545322608202696,0,
ee9c8ca7131a4b439e4dc398489cdda0,direct,combined,combined,artificial,CURRENT_FIXED,CAMERA_LOCAL,OUTPUT,"[-12.82502076800783, -4.613996093843284, -3.8175850466658274]","[-11.944494261043731, -5.347559633715334, -3.8697808811309873]",1.14724313100211,"[0.02139529074653619, 0.02756615948535691, 0.05101243633522681]","[0.021229191559005954, 0.027097225381231726, 0.05489528734025342]",0.22427393696436593,1.113341808553252,1.1011823466637731,1.615772041452327,1.7669249347376388,0.0008877981454133987,0.00016731210052967072,0.1946872603148222,0,
0c501fedf2d74fe48c0a81be7c81610a,direct,translation,clean,artificial,CURRENT_FIXED,WORLD_FIXED,STOPPED,,,,,,,,,,,0.0009097717702388763,0.00016561709344387054,2.0246162563562393,0,"calibration fit failed or reached the numerical safety boundary: success=False, translation=0.005096041071928284, rotation_deg=0.002010624928353528"
0c501fedf2d74fe48c0a81be7c81610a,direct,translation,clean,artificial,CURRENT_FIXED,CAMERA_LOCAL,OUTPUT_ALTERNATIVE_MODEL_NO_UNIQUE_TRUTH_COMPARISON,,"[1.3323013082225565, -0.8347979207705502, 2.1151543721119137]",,,,,,,,,0.0009097717702388763,0.00016561709344387054,0.25912301801145077,0,
92fe9925ceb449dbac7a9781a7287da4,direct,identity,clean,taco,CURRENT_FIXED,WORLD_FIXED,OUTPUT,"[0.0, 0.0, 0.0]","[-1.8945546009662438e-06, 3.5964288619342536e-06, 3.930369930848936e-07]",4.08388488732595e-06,"[0.0, 0.0, 0.0]","[5.313651349211448e-09, 2.72769207116871e-09, 2.8507943263897114e-09]",0.0,4.082173366587182e-06,4.018072741118234e-06,4.7918693099181475e-06,5.029570235812554e-06,0.20132583938539028,0.006565334275364876,1.7601269241422415,0,
92fe9925ceb449dbac7a9781a7287da4,direct,identity,clean,taco,CURRENT_FIXED,CAMERA_LOCAL,OUTPUT_ALTERNATIVE_MODEL_NO_UNIQUE_TRUTH_COMPARISON,,"[-1.3399616279481057e-06, 4.563534540967186e-06, 2.3739669995710624e-07]",,,,,,,,,0.20132583938539028,0.006565334275364876,0.9193531274795532,0,
c7139d9912ce45f4b3b5aaf6aca0b001,image,hand_complete_stress_nonzero,float32,artificial,CURRENT_FIXED,WORLD_FIXED,STOPPED_INFORMATION_INSUFFICIENT,,,,,,,,,,,0.0019627492874860764,0.0001900363713502884,2.2310763597488403e-05,0,the target is deliberately fully or almost fully occluded
c7139d9912ce45f4b3b5aaf6aca0b001,image,hand_complete_stress_nonzero,float32,artificial,CURRENT_FIXED,CAMERA_LOCAL,STOPPED_INFORMATION_INSUFFICIENT,,,,,,,,,,,0.0019627492874860764,0.0001900363713502884,9.90554690361023e-06,0,the target is deliberately fully or almost fully occluded
d94fbe974c97462fa9c9c58266a64c8e,direct,translation,clean,taco,CURRENT_FIXED,WORLD_FIXED,STOPPED,,,,,,,,,,,0.20126955397427082,0.00635930523276329,16.975488102063537,0,"calibration fit failed or reached the numerical safety boundary: success=False, translation=0.010680623512287747, rotation_deg=0.0007785808986891576"
d94fbe974c97462fa9c9c58266a64c8e,direct,translation,clean,taco,CURRENT_FIXED,CAMERA_LOCAL,OUTPUT_ALTERNATIVE_MODEL_NO_UNIQUE_TRUTH_COMPARISON,,"[-1.1072288832128807, -0.2801661058109993, 10.079358390991766]",,,,,,,,,0.20126955397427082,0.00635930523276329,2.6166792307049036,0,
f477e19765214384ac2730d7458db083,direct,symmetric_ambiguous,information_insufficient,artificial,CURRENT_FIXED,WORLD_FIXED,STOPPED_INFORMATION_INSUFFICIENT,,,,,,,,,,,0.002450680360198021,0.00034310482442379,0.706350103020668,0,the public shape has deliberately ambiguous rigid symmetries
f477e19765214384ac2730d7458db083,direct,symmetric_ambiguous,information_insufficient,artificial,CURRENT_FIXED,CAMERA_LOCAL,OUTPUT_WITHOUT_IDENTIFIABILITY_CERTIFICATE,,,,,,,,,,,0.002450680360198021,0.00034310482442379,0.4214545972645283,0,the public shape has deliberately ambiguous rigid symmetries
bdbe0fcc494c4d04a011aadc82eea575,direct,combined,clean,artificial,CURRENT_FIXED,WORLD_FIXED,OUTPUT,"[1.0650688393953367, 7.635559885730927, 14.672614990297909]","[1.0650660750549048, 7.635559080801317, 14.672615733915135]",2.9736267888007985e-06,"[0.05321886036389155, -0.008607309146713975, -0.03373784765200408]","[0.053218859009648255, -0.008607306368561978, -0.03373784605095844]",0.0,2.9688937452483765e-06,2.9697911287981667e-06,3.3162004114481537e-06,3.433104607581812e-06,0.000932866707444191,0.0001692306250333786,0.22199018858373165,0,
bdbe0fcc494c4d04a011aadc82eea575,direct,combined,clean,artificial,CURRENT_FIXED,CAMERA_LOCAL,OUTPUT_ALTERNATIVE_MODEL_NO_UNIQUE_TRUTH_COMPARISON,,"[10.150462248449116, 8.839986215262158, 12.448663811886473]",,,,,,,,,0.000932866707444191,0.0001692306250333786,0.24659187532961369,0,
d4621e2209b140778dff346e6ea69397,direct,rotation,clean,artificial,CURRENT_FIXED,WORLD_FIXED,OUTPUT,"[0.0, 0.0, 0.0]","[-0.01569096660005977, 0.019476654377101808, 0.004492990696557506]",0.025411286153373316,"[-0.017493758176827915, -0.035895595523273406, -0.04158177146007181]","[-0.017466950486344612, -0.03587653465763599, -0.041568821776863975]",0.0020253519246268103,0.02584045803256941,0.02626617803117292,0.029480886491982588,0.030321908425728742,0.000860968604683876,0.00015872716903686523,1.1795066334307194,0,
d4621e2209b140778dff346e6ea69397,direct,rotation,clean,artificial,CURRENT_FIXED,CAMERA_LOCAL,OUTPUT_ALTERNATIVE_MODEL_NO_UNIQUE_TRUTH_COMPARISON,,"[-5.16886734770473, -0.45173779444471124, -0.3017687930302159]",,,,,,,,,0.000860968604683876,0.00015872716903686523,0.23730110749602318,0,
67a60d7644c3401090d0cc3118ab7669,direct,identity,clean,taco,CURRENT_FIXED,WORLD_FIXED,OUTPUT,"[0.0, 0.0, 0.0]","[-1.5565283863424712e-06, 3.943879018997427e-06, 1.0314104614191042e-06]",4.36357306274374e-06,"[0.0, 0.0, 0.0]","[5.297643282336476e-09, 1.7105447549862516e-09, 2.2204983454527886e-09]",0.0,4.409326321165152e-06,4.486735682773799e-06,5.03260734041709e-06,5.149935537846161e-06,0.20117892883718014,0.006443839520215988,1.1105333045125008,0,
67a60d7644c3401090d0cc3118ab7669,direct,identity,clean,taco,CURRENT_FIXED,CAMERA_LOCAL,OUTPUT_ALTERNATIVE_MODEL_NO_UNIQUE_TRUTH_COMPARISON,,"[-1.462181448455934e-06, 3.530565336593763e-06, 1.1385373745956529e-06]",,,,,,,,,0.20117892883718014,0.006443839520215988,0.9060702137649059,0,
ebaf2f42d2b5495793ca2824cd70320c,image,hand_complete_stress_nonzero,uint16,artificial,CURRENT_FIXED,WORLD_FIXED,STOPPED_INFORMATION_INSUFFICIENT,,,,,,,,,,,0.0020073987543582916,0.00018278323113918304,2.2454187273979187e-05,0,the target is deliberately fully or almost fully occluded
ebaf2f42d2b5495793ca2824cd70320c,image,hand_complete_stress_nonzero,uint16,artificial,CURRENT_FIXED,CAMERA_LOCAL,STOPPED_INFORMATION_INSUFFICIENT,,,,,,,,,,,0.0020073987543582916,0.00018278323113918304,9.892508387565613e-06,0,the target is deliberately fully or almost fully occluded
0b3083ac015142c2892196535dc0dc70,direct,combined,outliers,taco,CURRENT_FIXED,WORLD_FIXED,OUTPUT_ALTERNATIVE_MODEL_NO_UNIQUE_TRUTH_COMPARISON,,"[-0.5477271088379002, 3.618870133512396, -6.968696485670892]",,,,,,,,,0.20141327008605003,0.006468147039413452,2.941155828535557,0,
0b3083ac015142c2892196535dc0dc70,direct,combined,outliers,taco,CURRENT_FIXED,CAMERA_LOCAL,OUTPUT,"[0.7730674776839919, 1.0295072503719938, -7.035288451975939]","[-0.2653575251669718, 2.4056917187523643, -6.615910544692663]",1.774285210070435,"[-0.01276377744380985, -0.007753503856421654, -0.007433569745793681]","[-0.010928002937866176, -0.0065031901080881485, -0.00665339858868174]",0.1348827992053444,1.7874709543503033,1.8183486219465461,2.0260157655025544,2.126130175236995,0.20141327008605003,0.006468147039413452,3.4748304672539234,0,
a4bcdb0f775344e08dbdceff2d252a25,direct,rotation,clean,taco,CURRENT_FIXED,WORLD_FIXED,OUTPUT_ALTERNATIVE_MODEL_NO_UNIQUE_TRUTH_COMPARISON,,"[1.4459198657000305, 2.8106668166945346, 1.5393836061860937]",,,,,,,,,0.19954916834831238,0.006515679880976677,4.085405441001058,0,
a4bcdb0f775344e08dbdceff2d252a25,direct,rotation,clean,taco,CURRENT_FIXED,CAMERA_LOCAL,STOPPED,,,,,,,,,,,0.19954916834831238,0.006515679880976677,17.57178801484406,0,"calibration fit failed or reached the numerical safety boundary: success=False, translation=9.649900465356803e-06, rotation_deg=4.152511820135088"
154f230dc3bc4de58625de0c3adcca1f,direct,combined,strong_combined,taco,CURRENT_FIXED,WORLD_FIXED,OUTPUT,"[15.074916647919489, -0.12610707566483512, 17.235900033061903]","[19.101247722068173, 0.06549436207447148, 16.574788377054197]",4.08474254406668,"[0.04749205848594967, -0.02719988740399519, 0.013691470440290829]","[0.04897378543459423, -0.031851170914400546, 0.017979685177501394]",0.37225939546768433,4.180867533683727,4.107877975856246,4.923799008092782,5.065944548016146,0.20003562793135643,0.006461735814809799,3.697032256051898,0,
154f230dc3bc4de58625de0c3adcca1f,direct,combined,strong_combined,taco,CURRENT_FIXED,CAMERA_LOCAL,OUTPUT_ALTERNATIVE_MODEL_NO_UNIQUE_TRUTH_COMPARISON,,"[19.325996596479442, 0.4170995313814114, 20.34339922366808]",,,,,,,,,0.20003562793135643,0.006461735814809799,3.747098011896014,0,
4c28d9f666dd4c8abe85a6a76588181a,direct,translation,clean,taco,OPEN3D_POINT_TO_PLANE,WORLD_FIXED,OUTPUT,"[2.5449150457852547, 16.11010027216403, 2.949223943738444]","[3.5068078272375, 12.490834996915853, 2.508004246142668]",3.7708080933897583,"[0.0, 0.0, 0.0]","[-0.004304694059333938, -0.001132133149451382, 5.3460607491308566e-05]",0.25504651329753825,3.770929850346536,3.712303771401105,4.269932130009556,4.353089476890977,0.20824696496129036,0.007172774523496628,0.5216918978840113,21504,
4c28d9f666dd4c8abe85a6a76588181a,direct,translation,clean,taco,OPEN3D_POINT_TO_PLANE,CAMERA_LOCAL,OUTPUT_ALTERNATIVE_MODEL_NO_UNIQUE_TRUTH_COMPARISON,,"[4.458372866173923, 6.271456123837523, 2.275442841622713]",,,,,,,,,0.20824696496129036,0.007172774523496628,0.5157274305820465,0,
3ba9fd0ecf7d4c1090a3fc9ad48d8740,direct,symmetric_ambiguous,information_insufficient,artificial,OPEN3D_POINT_TO_PLANE,WORLD_FIXED,OUTPUT_WITHOUT_IDENTIFIABILITY_CERTIFICATE,,,,,,,,,,,0.002441907301545143,0.0005991067737340927,0.02965911477804184,0,the public shape has deliberately ambiguous rigid symmetries
3ba9fd0ecf7d4c1090a3fc9ad48d8740,direct,symmetric_ambiguous,information_insufficient,artificial,OPEN3D_POINT_TO_PLANE,CAMERA_LOCAL,OUTPUT_WITHOUT_IDENTIFIABILITY_CERTIFICATE,,,,,,,,,,,0.002441907301545143,0.0005991067737340927,0.0404796302318573,0,the public shape has deliberately ambiguous rigid symmetries
61b2c63680b94806b73b1cb28d85de38,direct,combined,noise,artificial,OPEN3D_POINT_TO_PLANE,WORLD_FIXED,STOPPED,,,,,,,,,,,0.001368088647723198,0.00024193152785301208,0.0031765829771757126,0,"Open3D calibration reached the numerical safety boundary: translation=0.1320728925386116, rotation_deg=7.5183422852827855"
61b2c63680b94806b73b1cb28d85de38,direct,combined,noise,artificial,OPEN3D_POINT_TO_PLANE,CAMERA_LOCAL,OUTPUT,"[-2.603638352153039, -9.960838080350529, 2.504583237099991]","[-4.747538462135597, -8.815235950650948, 3.2768121202764466]",2.550499827321577,"[-0.061302204422713204, 0.0011385990044511622, 0.034872846353430645]","[-0.05978881563868941, 0.0034609282658405512, 0.03577575654698768]",0.16700092185767249,2.5340936331874016,2.5677177233063255,2.8254366797119905,2.9033054984537454,0.001368088647723198,0.00024193152785301208,0.01153167150914669,0,
95a90168c3e044dc8ed518992c44c9ed,direct,translation,clean,artificial,OPEN3D_POINT_TO_PLANE,WORLD_FIXED,OUTPUT,"[11.998048343395347, -1.8859089847976456, -7.707967164562667]","[11.998048343395174, -1.8859089847976362, -7.707967164562645]",1.733520950017143e-13,"[0.0, 0.0, 0.0]","[-3.240003304634023e-17, 3.3232264444456403e-16, -2.863950175755419e-16]",0.0,1.789961467578686e-13,1.8131039355190846e-13,2.239600518656015e-13,2.5286532809710435e-13,0.000881880521774292,0.0001781657338142395,0.021660998463630676,0,
95a90168c3e044dc8ed518992c44c9ed,direct,translation,clean,artificial,OPEN3D_POINT_TO_PLANE,CAMERA_LOCAL,OUTPUT_ALTERNATIVE_MODEL_NO_UNIQUE_TRUTH_COMPARISON,,"[10.00892913973545, -1.0536593835289303, -7.312395306503194]",,,,,,,,,0.000881880521774292,0.0001781657338142395,0.008926410228013992,0,
c331fd6ad8e54d669cb213403c65116d,direct,combined,clean,taco,OPEN3D_POINT_TO_PLANE,WORLD_FIXED,OUTPUT_ALTERNATIVE_MODEL_NO_UNIQUE_TRUTH_COMPARISON,,"[-6.276475275250758, 0.2694062325473577, -10.469704616251256]",,,,,,,,,0.20618151128292084,0.011133154854178429,0.7001980319619179,616,
c331fd6ad8e54d669cb213403c65116d,direct,combined,clean,taco,OPEN3D_POINT_TO_PLANE,CAMERA_LOCAL,OUTPUT,"[-8.937920131697343, 13.732282190329528, -9.396663659275067]","[-8.181339378257672, 10.411209606934138, -9.805106135945024]",3.430563043788026,"[0.004368907776155583, 0.014129971493673836, 0.016718567631763263]","[0.0004617611229287954, 0.013253715879679301, 0.017043561732526052]",0.23017375533116163,3.425136169968532,3.4034236897955434,3.8688111570417063,3.909347967799896,0.20618151128292084,0.011133154854178429,0.548812136054039,0,
16068ca95f804ff88a0427a11f80ede8,direct,combined,random_missing,taco,OPEN3D_POINT_TO_PLANE,WORLD_FIXED,OUTPUT,"[2.2076614559807535, -3.432533763822405, -16.772247818001066]","[3.257917107048997, -7.218600502203639, -17.52651094826254]",4.000781317411555,"[0.03261872224198752, -0.023025822080971137, 0.043776369742376774]","[0.027525891806496346, -0.02433903386127214, 0.044027313088278314]",0.3016480483421404,4.053237778007645,4.072199334185596,4.56743749690099,4.649678365877479,0.19854833744466305,0.006735268980264664,0.44428224116563797,0,
16068ca95f804ff88a0427a11f80ede8,direct,combined,random_missing,taco,OPEN3D_POINT_TO_PLANE,CAMERA_LOCAL,OUTPUT_ALTERNATIVE_MODEL_NO_UNIQUE_TRUTH_COMPARISON,,"[5.676795397707716, 3.5575286354729387, -15.999560002159324]",,,,,,,,,0.19854833744466305,0.006735268980264664,1.3851266633719206,0,
62b3e8164a8a4b0089924f4e8908009a,direct,rotation,clean,taco,OPEN3D_POINT_TO_PLANE,WORLD_FIXED,OUTPUT,"[0.0, 0.0, 0.0]","[0.8616422573370103, -3.017724692188097, -0.09303192465225966]",3.139704546048094,"[0.03197404001799173, -0.01848592004473245, -0.013100667671368181]","[0.028192881527301362, -0.01958012045848421, -0.012698190616054523]",0.22670133285199592,3.197494639059083,3.232246520118983,3.5800709296714994,3.646380726799577,0.19958141446113586,0.006415810436010361,0.6408873125910759,0,
62b3e8164a8a4b0089924f4e8908009a,direct,rotation,clean,taco,OPEN3D_POINT_TO_PLANE,CAMERA_LOCAL,OUTPUT_ALTERNATIVE_MODEL_NO_UNIQUE_TRUTH_COMPARISON,,"[2.3163701119032307, 3.9425745546211486, -0.38047939305550527]",,,,,,,,,0.19958141446113586,0.006415810436010361,0.47531711123883724,0,
a86cf6e5ba4f4b4cb6b5d3f0d2cdf7c4,direct,inconsistent_frames,information_insufficient,artificial,OPEN3D_POINT_TO_PLANE,WORLD_FIXED,STOPPED_INFORMATION_INSUFFICIENT,,,,,,,,,,,0.001499868929386139,0.0003386065363883972,0.005994310602545738,0,different frames were generated from deliberately incompatible corrections
a86cf6e5ba4f4b4cb6b5d3f0d2cdf7c4,direct,inconsistent_frames,information_insufficient,artificial,OPEN3D_POINT_TO_PLANE,CAMERA_LOCAL,STOPPED_INFORMATION_INSUFFICIENT,,,,,,,,,,,0.001499868929386139,0.0003386065363883972,0.00699772872030735,0,different frames were generated from deliberately incompatible corrections
2d510a4d4a3949b09dfa947878b1109b,direct,identity,clean,artificial,OPEN3D_POINT_TO_PLANE,WORLD_FIXED,OUTPUT_ALTERNATIVE_MODEL_NO_UNIQUE_TRUTH_COMPARISON,,"[2.7504228052304416e-13, -7.043250914785132e-13, -9.582666637625607e-14]",,,,,,,,,0.0014081168919801712,0.00016675889492034912,0.005362311378121376,0,
2d510a4d4a3949b09dfa947878b1109b,direct,identity,clean,artificial,OPEN3D_POINT_TO_PLANE,CAMERA_LOCAL,OUTPUT,"[0.0, 0.0, 0.0]","[-1.1216013920766173e-13, 5.011387180167291e-13, 2.003290634101139e-14]",5.139272602800911e-13,"[0.0, 0.0, 0.0]","[6.079506939926866e-16, 1.2287530018585454e-16, 1.1609119389837513e-16]",0.0,5.036740093846907e-13,5.010547648169036e-13,5.75708461607951e-13,5.859258055839299e-13,0.0014081168919801712,0.00016675889492034912,0.0034807678312063217,0,
38966a1d743349c98959d1d60a8fe011,direct,combined,combined,artificial,OPEN3D_POINT_TO_PLANE,WORLD_FIXED,STOPPED,,,,,,,,,,,0.0009151920676231384,0.00021523237228393555,0.002718459814786911,0,"Open3D calibration reached the numerical safety boundary: translation=0.2416029208724683, rotation_deg=15.935613995866293"
38966a1d743349c98959d1d60a8fe011,direct,combined,combined,artificial,OPEN3D_POINT_TO_PLANE,CAMERA_LOCAL,STOPPED,,,,,,,,,,,0.0009151920676231384,0.00021523237228393555,0.0023905597627162933,0,"Open3D calibration reached the numerical safety boundary: translation=0.10876767319775524, rotation_deg=6.249177830139353"
d0a112c217d44081b2e4e6c8fbfc049f,direct,combined,strong_combined,taco,OPEN3D_POINT_TO_PLANE,WORLD_FIXED,OUTPUT_ALTERNATIVE_MODEL_NO_UNIQUE_TRUTH_COMPARISON,,"[15.227231545304848, -0.9615294005888345, 1.4504781763065675]",,,,,,,,,0.19879386387765408,0.006638955324888229,0.5834119450300932,0,
d0a112c217d44081b2e4e6c8fbfc049f,direct,combined,strong_combined,taco,OPEN3D_POINT_TO_PLANE,CAMERA_LOCAL,OUTPUT,"[13.437199402732924, 8.714280602998546, 1.5681983641295227]","[11.402602679374503, 6.948846034098719, 2.1749365452041878]",2.7612450568794378,"[-0.014704052128639207, -0.0030995067554370113, -0.0006727627589320589]","[-0.016615324288216018, -0.0008286557670833072, 0.0006731191239384504]",0.186725856487136,2.760670517741554,2.7532685135873227,3.1344707965115965,3.2290280664948066,0.19879386387765408,0.006638955324888229,0.3117699362337589,0,
d833a84a788a44c3999fc34090c9719b,direct,identity,clean,artificial,OPEN3D_POINT_TO_PLANE,WORLD_FIXED,OUTPUT_ALTERNATIVE_MODEL_NO_UNIQUE_TRUTH_COMPARISON,,"[5.5858370060947127e-14, -1.956753323615199e-13, -3.0341773401143794e-14]",,,,,,,,,0.0015154015272855759,0.00031386129558086395,0.020666202530264854,0,
d833a84a788a44c3999fc34090c9719b,direct,identity,clean,artificial,OPEN3D_POINT_TO_PLANE,CAMERA_LOCAL,OUTPUT,"[0.0, 0.0, 0.0]","[-6.451732851214098e-14, -5.897484729752484e-14, 2.100274768683171e-14]",8.989790710860074e-14,"[0.0, 0.0, 0.0]","[-5.460397539575217e-17, 9.92228266616344e-17, 4.0376901580814965e-17]",0.0,9.074339582478264e-14,8.936767051553967e-14,1.0546273915330381e-13,1.1610990315520314e-13,0.0015154015272855759,0.00031386129558086395,0.005013085901737213,0,
811fe61ae2cc47c688a2a1d3cf5d27a7,direct,combined,outliers,taco,OPEN3D_POINT_TO_PLANE,WORLD_FIXED,OUTPUT,"[-2.8899703288004757, 4.377308428763098, -1.1094411065326797]","[-0.5404052930660538, -1.7009493659810142, -2.1836094639035295]",6.604506895786395,"[-0.008520772058948667, -0.001329421353910896, 0.022501593002357816]","[-0.01643474212200289, -0.004058090345476244, 0.022753538331213737]",0.4798401967770867,6.665493694390287,6.663075661150321,7.546503384226355,7.644908702683121,0.20148755051195621,0.006534367799758911,0.6158366929739714,0,
811fe61ae2cc47c688a2a1d3cf5d27a7,direct,combined,outliers,taco,OPEN3D_POINT_TO_PLANE,CAMERA_LOCAL,OUTPUT_ALTERNATIVE_MODEL_NO_UNIQUE_TRUTH_COMPARISON,,"[0.17126171554787514, -3.222013551246411, -1.6065982686096238]",,,,,,,,,0.20148755051195621,0.006534367799758911,1.7644133772701025,0,
0d0eaac4669b41c3ab399a00a2af2d2b,direct,combined,clean,taco,OPEN3D_POINT_TO_PLANE,WORLD_FIXED,OUTPUT,"[8.569608261548316, -9.10851330039218, -2.2522970984439996]","[9.454845693145051, -12.448181984872909, -2.5302969181375046]",3.466167354896593,"[-0.05382817839017699, -0.02100793204396155, -0.023359363898345545]","[-0.058044036793285333, -0.02218490333997889, -0.023099635510428984]",0.25122082559951203,3.4858786246930293,3.5269724299116563,3.9138155564885526,3.9969772702008926,0.19976120442152023,0.006550950929522514,0.7806669510900974,0,
0d0eaac4669b41c3ab399a00a2af2d2b,direct,combined,clean,taco,OPEN3D_POINT_TO_PLANE,CAMERA_LOCAL,OUTPUT_ALTERNATIVE_MODEL_NO_UNIQUE_TRUTH_COMPARISON,,"[10.466656377365778, 5.125223307813817, -2.1659927488068447]",,,,,,,,,0.19976120442152023,0.006550950929522514,0.8874062970280647,0,
15b25d6b7521453abee0455fc66ecbb6,direct,inconsistent_frames,information_insufficient,artificial,OPEN3D_POINT_TO_PLANE,WORLD_FIXED,STOPPED_INFORMATION_INSUFFICIENT,,,,,,,,,,,0.001568719744682312,0.0002554226666688919,0.004876714199781418,0,different frames were generated from deliberately incompatible corrections
15b25d6b7521453abee0455fc66ecbb6,direct,inconsistent_frames,information_insufficient,artificial,OPEN3D_POINT_TO_PLANE,CAMERA_LOCAL,STOPPED_INFORMATION_INSUFFICIENT,,,,,,,,,,,0.001568719744682312,0.0002554226666688919,0.004817433655261993,0,different frames were generated from deliberately incompatible corrections
89011a2ead624e698e42ce0abc69dff2,direct,combined,outliers,taco,OPEN3D_POINT_TO_PLANE,WORLD_FIXED,OUTPUT_ALTERNATIVE_MODEL_NO_UNIQUE_TRUTH_COMPARISON,,"[11.265728264996477, -6.966514615935209, 4.576387910703363]",,,,,,,,,0.20164147950708866,0.006583159789443016,0.6863016597926617,0,
89011a2ead624e698e42ce0abc69dff2,direct,combined,outliers,taco,OPEN3D_POINT_TO_PLANE,CAMERA_LOCAL,OUTPUT,"[12.958793016951416, -11.983930445371527, 4.196395678973105]","[14.401760306263228, -12.032139049675218, 4.127733596859989]",1.4454041473141335,"[-0.030797315259276262, -0.02538479238297678, 0.0010743634252637527]","[-0.03093327234725603, -0.027119470495807884, 0.0007010195660734565]",0.10195989650311227,1.4785359374443594,1.4690117456289797,1.6514861974962556,1.6785536842913524,0.20164147950708866,0.006583159789443016,0.6154016274958849,0,
2ebce00c7f6d4bfaab41db93dd0e2c25,image,other_front_stress_nonzero,float32,artificial,OPEN3D_POINT_TO_PLANE,WORLD_FIXED,STOPPED,,,,,,,,,,,0.0021077487617731094,0.00018887408077716827,0.000544155016541481,0,too few calibration surface points
2ebce00c7f6d4bfaab41db93dd0e2c25,image,other_front_stress_nonzero,float32,artificial,OPEN3D_POINT_TO_PLANE,CAMERA_LOCAL,STOPPED,,,,,,,,,,,0.0021077487617731094,0.00018887408077716827,0.00037373602390289307,0,too few calibration surface points
92c840c690094719a5435b8ac0fc5268,direct,translation,clean,artificial,OPEN3D_POINT_TO_PLANE,WORLD_FIXED,OUTPUT_ALTERNATIVE_MODEL_NO_UNIQUE_TRUTH_COMPARISON,,"[-17.41154641597841, -2.0294713084386973, -13.58764718083524]",,,,,,,,,0.0008512157946825027,0.00015995092689990997,0.01182284764945507,0,
92c840c690094719a5435b8ac0fc5268,direct,translation,clean,artificial,OPEN3D_POINT_TO_PLANE,CAMERA_LOCAL,OUTPUT,"[-19.88360467290406, 5.05949605028985, -12.36050360136579]","[-19.88360467290399, 5.05949605028984, -12.360503601365787]",7.012768501560697e-14,"[0.0, 0.0, 0.0]","[-6.711760432531275e-17, -7.459479047920834e-17, -2.539548345140258e-16]",0.0,7.663011515460092e-14,7.671368758466945e-14,1.1088622960516207e-13,1.1274368112207334e-13,0.0008512157946825027,0.00015995092689990997,0.011234154924750328,0,
b189d7d17bec43978637e80534727d21,direct,combined,random_missing,taco,OPEN3D_POINT_TO_PLANE,WORLD_FIXED,OUTPUT_ALTERNATIVE_MODEL_NO_UNIQUE_TRUTH_COMPARISON,,"[-18.067126338135672, -1.4195545285569238, -15.694370314728268]",,,,,,,,,0.19994141533970833,0.006400665268301964,0.7571642585098743,0,
b189d7d17bec43978637e80534727d21,direct,combined,random_missing,taco,OPEN3D_POINT_TO_PLANE,CAMERA_LOCAL,OUTPUT,"[-14.744044469161405, -4.709258418500419, -16.02725166452464]","[-13.93604437828953, -7.858965287105307, -16.061434998600085]",3.2518742296273206,"[0.018960941083840104, -0.05290938298717987, 0.018569684880648873]","[0.015192625259361001, -0.05379778607506382, 0.018464944248346393]",0.22187685028056917,3.2567945094477406,3.282129735012716,3.665269936520819,3.6946161505839354,0.19994141533970833,0.006400665268301964,0.5850910730659962,0,
4d43ec3416434c6dba1151fc64b3afa6,direct,combined,outliers,taco,OPEN3D_POINT_TO_PLANE,WORLD_FIXED,OUTPUT,"[-10.54344121259525, -1.135410128975263, -2.4864902826375834]","[-10.354449383118794, -5.848617695774628, -2.7429621005175924]",4.723962454625389,"[0.0535323992245236, 0.046729498817823845, -0.01852816929964538]","[0.047793722103835694, 0.04649501847906613, -0.01863118346258981]",0.3290968773624434,4.7606932921051435,4.735652080814594,5.342726159252948,5.378380347905359,0.2004895657300949,0.006419224664568901,0.7985243201255798,0,
4d43ec3416434c6dba1151fc64b3afa6,direct,combined,outliers,taco,OPEN3D_POINT_TO_PLANE,CAMERA_LOCAL,OUTPUT_ALTERNATIVE_MODEL_NO_UNIQUE_TRUTH_COMPARISON,,"[-11.156034711367539, -3.8815201241469457, -2.872698059515298]",,,,,,,,,0.2004895657300949,0.006419224664568901,0.9462095908820629,0,
7522e4f6d327441baa991f95a4a74ef2,direct,identity,clean,taco,OPEN3D_POINT_TO_PLANE,WORLD_FIXED,OUTPUT_ALTERNATIVE_MODEL_NO_UNIQUE_TRUTH_COMPARISON,,"[1.0910385490235823, -3.026870354070314, -0.743777523664894]",,,,,,,,,0.20313482731580734,0.006407406181097031,0.320579307153821,0,
7522e4f6d327441baa991f95a4a74ef2,direct,identity,clean,taco,OPEN3D_POINT_TO_PLANE,CAMERA_LOCAL,OUTPUT,"[0.0, 0.0, 0.0]","[1.0962038995119767, -3.6674635802795907, -0.7188831829178857]",3.8947073231071685,"[0.0, 0.0, 0.0]","[-0.004280230354079022, -0.0012657938072930535, 4.446703475793426e-05]",0.2557509494241621,3.8693681012081185,3.8549486407021893,4.319297804457639,4.463354450272879,0.20313482731580734,0.006407406181097031,0.26018305495381355,0,
39b31a9f2dbb475e9ff96c0bbaa16445,direct,symmetric_ambiguous,information_insufficient,artificial,OPEN3D_POINT_TO_PLANE,WORLD_FIXED,OUTPUT_WITHOUT_IDENTIFIABILITY_CERTIFICATE,,,,,,,,,,,0.0022340547293424606,0.00033931806683540344,0.0406427588313818,0,the public shape has deliberately ambiguous rigid symmetries
39b31a9f2dbb475e9ff96c0bbaa16445,direct,symmetric_ambiguous,information_insufficient,artificial,OPEN3D_POINT_TO_PLANE,CAMERA_LOCAL,OUTPUT_WITHOUT_IDENTIFIABILITY_CERTIFICATE,,,,,,,,,,,0.0022340547293424606,0.00033931806683540344,0.2912994269281626,0,the public shape has deliberately ambiguous rigid symmetries
0d739c353a2243f7add2a9694b908956,image,none_small_nonzero,float32,artificial,OPEN3D_POINT_TO_PLANE,WORLD_FIXED,STOPPED,,,,,,,,,,,0.0013741161674261093,0.00014221109449863434,0.007862230762839317,0,"Open3D calibration reached the numerical safety boundary: translation=0.12240875634387434, rotation_deg=6.787779780831506"
0d739c353a2243f7add2a9694b908956,image,none_small_nonzero,float32,artificial,OPEN3D_POINT_TO_PLANE,CAMERA_LOCAL,OUTPUT_ALTERNATIVE_MODEL_NO_UNIQUE_TRUTH_COMPARISON,,"[-71.6846155984938, -16.6014337068714, -4.065325105512487]",,,,,,,,,0.0013741161674261093,0.00014221109449863434,0.009994927793741226,0,
ba152c587fc84b70bb6ef936f6d845a4,direct,translation,clean,taco,OPEN3D_POINT_TO_PLANE,WORLD_FIXED,OUTPUT_ALTERNATIVE_MODEL_NO_UNIQUE_TRUTH_COMPARISON,,"[-2.4509169884901105, 1.415837156222023, -12.2162829042003]",,,,,,,,,0.20193449780344963,0.006367186084389687,1.743043253198266,0,
ba152c587fc84b70bb6ef936f6d845a4,direct,translation,clean,taco,OPEN3D_POINT_TO_PLANE,CAMERA_LOCAL,OUTPUT,"[-2.928855718855027, 2.4383516043650233, -11.920778455397642]","[-2.771399807863139, -0.9017705025522492, -12.068455994266529]",3.3470907828306866,"[0.0, 0.0, 0.0]","[-0.003285415741631466, -0.00012460534662821345, -0.00044004291297974446]",0.19005555768211516,3.3485076200054142,3.4008749770388467,3.663580897827376,3.7207141700098143,0.20193449780344963,0.006367186084389687,0.5622769333422184,0,
904d992d3e1944059c7c57f9c779a8e0,direct,identity,clean,taco,OPEN3D_POINT_TO_PLANE,WORLD_FIXED,OUTPUT,"[0.0, 0.0, 0.0]","[0.8177887500400792, -3.6837621770572833, 0.04533944156721444]",3.773716719862735,"[0.0, 0.0, 0.0]","[-0.005033414718322794, -0.0010924910696689368, -3.260906919496541e-05]",0.2951142243227687,3.7680359196558726,3.7420161935982423,4.3515048935808585,4.402679233455872,0.19996261596679688,0.006541816517710686,0.19884120672941208,0,
904d992d3e1944059c7c57f9c779a8e0,direct,identity,clean,taco,OPEN3D_POINT_TO_PLANE,CAMERA_LOCAL,OUTPUT_ALTERNATIVE_MODEL_NO_UNIQUE_TRUTH_COMPARISON,,"[1.142646227404995, -1.3613618885247234, -0.3435360857791715]",,,,,,,,,0.19996261596679688,0.006541816517710686,0.26093382202088833,0,
642e1208e14d41cf8d62c915b95a109f,direct,inconsistent_frames,information_insufficient,artificial,OPEN3D_POINT_TO_PLANE,WORLD_FIXED,STOPPED_INFORMATION_INSUFFICIENT,,,,,,,,,,,0.0015457551926374435,0.00024373643100261688,0.003147529438138008,0,different frames were generated from deliberately incompatible corrections
642e1208e14d41cf8d62c915b95a109f,direct,inconsistent_frames,information_insufficient,artificial,OPEN3D_POINT_TO_PLANE,CAMERA_LOCAL,STOPPED_INFORMATION_INSUFFICIENT,,,,,,,,,,,0.0015457551926374435,0.00024373643100261688,0.002602558583021164,0,different frames were generated from deliberately incompatible corrections
275076508c8b4fabbd81606e507b6e5b,direct,rotation,clean,artificial,OPEN3D_POINT_TO_PLANE,WORLD_FIXED,STOPPED,,,,,,,,,,,0.0008648168295621872,0.0001669079065322876,0.0031021535396575928,0,"Open3D calibration reached the numerical safety boundary: translation=0.1967028476995054, rotation_deg=12.642035921381948"
275076508c8b4fabbd81606e507b6e5b,direct,rotation,clean,artificial,OPEN3D_POINT_TO_PLANE,CAMERA_LOCAL,STOPPED,,,,,,,,,,,0.0008648168295621872,0.0001669079065322876,0.002449188381433487,0,"Open3D calibration reached the numerical safety boundary: translation=0.16133686746692613, rotation_deg=9.02653141625259"
07c581eb235040f8b2bcf26af0aaf020,direct,combined,clean,artificial,OPEN3D_POINT_TO_PLANE,WORLD_FIXED,STOPPED,,,,,,,,,,,0.0008727274835109711,0.00020491890609264374,0.0027620457112789154,0,"Open3D calibration reached the numerical safety boundary: translation=0.18125660935337762, rotation_deg=14.193365273912091"
07c581eb235040f8b2bcf26af0aaf020,direct,combined,clean,artificial,OPEN3D_POINT_TO_PLANE,CAMERA_LOCAL,STOPPED,,,,,,,,,,,0.0008727274835109711,0.00020491890609264374,0.0022151507437229156,0,"Open3D calibration reached the numerical safety boundary: translation=0.18004071784562592, rotation_deg=11.314768532470122"
0a72517e954d49879a04e98843dee22b,direct,rotation,clean,artificial,OPEN3D_POINT_TO_PLANE,WORLD_FIXED,OUTPUT,"[0.0, 0.0, 0.0]","[6.090646679299929e-13, 8.669100065608928e-14, -1.1222073701019177e-13]",6.253547738128631e-13,"[-0.030316709787585924, 0.021816139862182036, 0.02078254874909207]","[-0.030316709787585782, 0.021816139862181255, 0.020782548749092137]",0.0,6.279579685319637e-13,6.342758987389306e-13,7.088172146085182e-13,7.210108461311276e-13,0.0008730795234441757,0.0001644957810640335,0.05522633157670498,0,
0a72517e954d49879a04e98843dee22b,direct,rotation,clean,artificial,OPEN3D_POINT_TO_PLANE,CAMERA_LOCAL,OUTPUT_ALTERNATIVE_MODEL_NO_UNIQUE_TRUTH_COMPARISON,,"[-2.2305214897778045, -6.475686244482698, -1.9151956059790793]",,,,,,,,,0.0008730795234441757,0.0001644957810640335,0.01143893413245678,0,
0613bd6004934d7e9a4d9bb9ee1b917f,direct,identity,clean,artificial,OPEN3D_POINT_TO_PLANE,WORLD_FIXED,OUTPUT,"[0.0, 0.0, 0.0]","[1.8757780566226168e-13, 4.558440364788542e-13, -9.910633193069739e-14]",5.027934802671588e-13,"[0.0, 0.0, 0.0]","[4.676568172938872e-16, -2.890062549968915e-16, -3.6071744037576022e-16]",0.0,5.037913586052773e-13,4.953967393240662e-13,5.934516887567715e-13,6.112531465858672e-13,0.0008930359035730362,0.0001568831503391266,0.011490991339087486,0,
0613bd6004934d7e9a4d9bb9ee1b917f,direct,identity,clean,artificial,OPEN3D_POINT_TO_PLANE,CAMERA_LOCAL,OUTPUT_ALTERNATIVE_MODEL_NO_UNIQUE_TRUTH_COMPARISON,,"[-4.0771732290949545e-13, -1.5464695324369624e-13, 1.1492647081422076e-13]",,,,,,,,,0.0008930359035730362,0.0001568831503391266,0.019111745059490204,0,
b64258d87dfd4efd834c86f47193d529,image,other_front_small_nonzero,float32,artificial,OPEN3D_POINT_TO_PLANE,WORLD_FIXED,STOPPED,,,,,,,,,,,0.0012740902602672577,0.00013313814997673035,0.00020076148211956024,0,prepared frame 1 contains no target evidence
b64258d87dfd4efd834c86f47193d529,image,other_front_small_nonzero,float32,artificial,OPEN3D_POINT_TO_PLANE,CAMERA_LOCAL,STOPPED,,,,,,,,,,,0.0012740902602672577,0.00013313814997673035,0.00012305378913879395,0,prepared frame 1 contains no target evidence
97c58d07be404adfbc9ac8d302006599,direct,translation,clean,artificial,OPEN3D_POINT_TO_PLANE,WORLD_FIXED,OUTPUT,"[2.852526260383517, 7.947411546016232, -4.329475358381759]","[2.852526260383029, 7.947411546016223, -4.329475358381646]",5.010222940696562e-13,"[0.0, 0.0, 0.0]","[-7.416749950995446e-17, 5.657970014984979e-16, -2.483484043968017e-16]",0.0,4.965625221447641e-13,4.939613807592843e-13,5.591470100575623e-13,5.721958498152797e-13,0.0008566733449697495,0.00015879608690738678,0.0860108993947506,0,
97c58d07be404adfbc9ac8d302006599,direct,translation,clean,artificial,OPEN3D_POINT_TO_PLANE,CAMERA_LOCAL,OUTPUT_ALTERNATIVE_MODEL_NO_UNIQUE_TRUTH_COMPARISON,,"[2.9690339861522825, 3.954609416931278, -4.224084991496678]",,,,,,,,,0.0008566733449697495,0.00015879608690738678,0.0065161921083927155,0,
b1ab0b082ec0459a9a06d409c0577a76,direct,translation,clean,taco,OPEN3D_POINT_TO_PLANE,WORLD_FIXED,OUTPUT_ALTERNATIVE_MODEL_NO_UNIQUE_TRUTH_COMPARISON,,"[4.2215930802401465, -8.251184709092382, -4.582653894524568]",,,,,,,,,0.2012408096343279,0.006485613062977791,0.47271132096648216,0,
b1ab0b082ec0459a9a06d409c0577a76,direct,translation,clean,taco,OPEN3D_POINT_TO_PLANE,CAMERA_LOCAL,OUTPUT,"[3.1867741722158516, -4.761937377054314, -3.8877450348494955]","[4.476878183594061, -6.379530439853946, -4.562916155531246]",2.1764263642940676,"[0.0, 0.0, 0.0]","[-0.0016718520267225538, -0.0014559134832170593, 0.00025100614940031695]",0.1278322303485867,2.1697154999509793,2.1526530404379427,2.4108066390836167,2.5304450248400254,0.2012408096343279,0.006485613062977791,0.47355489432811737,0,
76b500a228de45b6a7759de2d90889cc,direct,combined,clean,taco,OPEN3D_POINT_TO_PLANE,WORLD_FIXED,OUTPUT_ALTERNATIVE_MODEL_NO_UNIQUE_TRUTH_COMPARISON,,"[2.4914745257267694, 18.731359007796474, -4.947259042775301]",,,,,,,,,0.19951658695936203,0.006471011787652969,0.7890447024255991,0,
76b500a228de45b6a7759de2d90889cc,direct,combined,clean,taco,OPEN3D_POINT_TO_PLANE,CAMERA_LOCAL,OUTPUT,"[-1.206725322518739, 11.573918993810048, -4.358506633002597]","[-0.7282424904333107, 10.052686759485486, -4.559913474689999]",1.6073761374448396,"[-0.027045700479182415, 0.028786189567671656, -0.008278571285826323]","[-0.028798078884667087, 0.028200851037745348, -0.008054474461867599]",0.10662664792543732,1.596515995331261,1.5876869210105262,1.7831461396858197,1.8541020823027519,0.19951658695936203,0.006471011787652969,0.6156361754983664,0,
55d9ad951e0b46c0a1876eba953db1d0,direct,identity,clean,artificial,OPEN3D_POINT_TO_PLANE,WORLD_FIXED,OUTPUT,"[0.0, 0.0, 0.0]","[-6.223681866563433e-13, 6.050284546422253e-16, 2.726922185671777e-13]",6.794877275480591e-13,"[0.0, 0.0, 0.0]","[-2.6078994370958696e-17, 7.723333824714483e-16, -6.602187646168405e-17]",0.0,6.870705377284989e-13,6.844951226109697e-13,7.75071140433057e-13,7.944654750360816e-13,0.0016831420361995697,0.0002424735575914383,0.010190529748797417,0,
55d9ad951e0b46c0a1876eba953db1d0,direct,identity,clean,artificial,OPEN3D_POINT_TO_PLANE,CAMERA_LOCAL,OUTPUT_ALTERNATIVE_MODEL_NO_UNIQUE_TRUTH_COMPARISON,,"[6.417413362652454e-13, 1.615463212281434e-13, -1.731303599713549e-13]",,,,,,,,,0.0016831420361995697,0.0002424735575914383,0.006470184773206711,0,
857cb8e146294f459f1829f0aee52e9f,direct,combined,local_missing,artificial,OPEN3D_POINT_TO_PLANE,WORLD_FIXED,OUTPUT,"[14.322226268071613, 10.422631323082499, -5.975182359383739]","[14.3222262680719, 10.422631323082513, -5.975182359383671]",2.946439441515425e-13,"[-0.049962803585826776, -0.00934724081180938, 0.0033403915973159296]","[-0.04996280358582675, -0.009347240811809713, 0.003340391597315979]",0.0,2.9717469780976364e-13,2.950456353913727e-13,3.3407215258637773e-13,3.3687597417004656e-13,0.0008436143398284912,0.00016492977738380432,0.07243935391306877,0,
857cb8e146294f459f1829f0aee52e9f,direct,combined,local_missing,artificial,OPEN3D_POINT_TO_PLANE,CAMERA_LOCAL,OUTPUT_ALTERNATIVE_MODEL_NO_UNIQUE_TRUTH_COMPARISON,,"[4.392077139867799, 8.726776749875901, -2.739421497288978]",,,,,,,,,0.0008436143398284912,0.00016492977738380432,0.009302124381065369,0,
c6525673188d4350ac0bfbd905453f19,direct,combined,noise,artificial,OPEN3D_POINT_TO_PLANE,WORLD_FIXED,STOPPED,,,,,,,,,,,0.0009200479835271835,0.00016908347606658936,0.004088325425982475,0,"Open3D calibration reached the numerical safety boundary: translation=0.11199921771161456, rotation_deg=8.390791213746567"
c6525673188d4350ac0bfbd905453f19,direct,combined,noise,artificial,OPEN3D_POINT_TO_PLANE,CAMERA_LOCAL,OUTPUT,"[-11.299246578941574, -3.1946154590728515, 1.1189704920184464]","[-11.71367691301188, -3.067153429814726, 1.2088661500244091]",0.4428095527747229,"[0.03286999806350467, -0.002665804553705508, -0.004957311386982891]","[0.032907695089778026, -0.002109696045091747, -0.005181477182629548]",0.03442015796986417,0.4420858525603629,0.44282244918411584,0.501075098720125,0.5250441331797931,0.0009200479835271835,0.00016908347606658936,0.012323545292019844,0,
0aaff379548944648a7414c130a181fa,image,hand_large_stress_nonzero,float32,artificial,OPEN3D_POINT_TO_PLANE,WORLD_FIXED,STOPPED_INFORMATION_INSUFFICIENT,,,,,,,,,,,0.0011950507760047913,0.00014553777873516083,3.156810998916626e-05,0,the target is deliberately fully or almost fully occluded
0aaff379548944648a7414c130a181fa,image,hand_large_stress_nonzero,float32,artificial,OPEN3D_POINT_TO_PLANE,CAMERA_LOCAL,STOPPED_INFORMATION_INSUFFICIENT,,,,,,,,,,,0.0011950507760047913,0.00014553777873516083,1.0656192898750305e-05,0,the target is deliberately fully or almost fully occluded
55da8ade46264d6b8fd1cc63e3eb03bb,direct,translation,clean,taco,OPEN3D_POINT_TO_PLANE,WORLD_FIXED,OUTPUT,"[-13.09349163270764, -2.393711257800257, -14.706291796956549]","[-12.173785705552703, -5.581990411835558, -15.000124117504091]",3.3312640827617273,"[0.0, 0.0, 0.0]","[-0.0036639069070470978, -0.001043573053337861, 3.639717407051596e-05]",0.21828551534773663,3.3390209671044913,3.3507707253346606,3.6920822127054906,3.771003252513124,0.20175685361027718,0.006721919402480125,0.6346657369285822,0,
55da8ade46264d6b8fd1cc63e3eb03bb,direct,translation,clean,taco,OPEN3D_POINT_TO_PLANE,CAMERA_LOCAL,OUTPUT_ALTERNATIVE_MODEL_NO_UNIQUE_TRUTH_COMPARISON,,"[-11.460658543301886, -2.7646886939508684, -15.57374319851363]",,,,,,,,,0.20175685361027718,0.006721919402480125,0.6163711175322533,0,
9bcd56d2f8b94a9fb7d9128fdd743677,image,other_front_stress_nonzero,uint16,artificial,OPEN3D_POINT_TO_PLANE,WORLD_FIXED,STOPPED,,,,,,,,,,,0.0019513238221406937,0.0001827329397201538,3.1188130378723145e-05,0,prepared frame 0 contains no target evidence
9bcd56d2f8b94a9fb7d9128fdd743677,image,other_front_stress_nonzero,uint16,artificial,OPEN3D_POINT_TO_PLANE,CAMERA_LOCAL,STOPPED,,,,,,,,,,,0.0019513238221406937,0.0001827329397201538,1.0905787348747253e-05,0,prepared frame 0 contains no target evidence
4b8e0982b94b4b568b7bb68c1a70349b,direct,rotation,clean,artificial,OPEN3D_POINT_TO_PLANE,WORLD_FIXED,OUTPUT,"[0.0, 0.0, 0.0]","[3.120924516361701e-13, -2.0965598940264498e-13, -1.6298598747979277e-13]",4.0978258183509985e-13,"[-0.02674517839482567, 0.007241057886425059, 0.06884286261955508]","[-0.026745178394825868, 0.007241057886424716, 0.06884286261955519]",0.0,4.094818327573004e-13,4.114105686855862e-13,4.806916111410018e-13,4.955361418800576e-13,0.0008964147418737411,0.00016135163605213165,0.044500844553112984,0,
4b8e0982b94b4b568b7bb68c1a70349b,direct,rotation,clean,artificial,OPEN3D_POINT_TO_PLANE,CAMERA_LOCAL,OUTPUT_ALTERNATIVE_MODEL_NO_UNIQUE_TRUTH_COMPARISON,,"[0.21047737321735718, -11.656078739960277, 1.3231664953140423]",,,,,,,,,0.0008964147418737411,0.00016135163605213165,0.011629238724708557,0,
46451fd3bbb747cabbb545e992f66693,direct,combined,combined,artificial,OPEN3D_POINT_TO_PLANE,WORLD_FIXED,STOPPED,,,,,,,,,,,0.0008039530366659164,0.0001561436802148819,0.0026832204312086105,0,"Open3D calibration reached the numerical safety boundary: translation=0.10865653140099446, rotation_deg=8.423083535805372"
46451fd3bbb747cabbb545e992f66693,direct,combined,combined,artificial,OPEN3D_POINT_TO_PLANE,CAMERA_LOCAL,STOPPED,,,,,,,,,,,0.0008039530366659164,0.0001561436802148819,0.0023041516542434692,0,"Open3D calibration reached the numerical safety boundary: translation=0.11903555142947242, rotation_deg=8.241755079956878"
f0f816a3832546698dc2e94ed0eac510,image,hand_partial_stress_nonzero,float32,artificial,OPEN3D_POINT_TO_PLANE,WORLD_FIXED,STOPPED,,,,,,,,,,,0.0012037325650453568,0.00013646483421325684,0.000599956139922142,0,too few calibration surface points
f0f816a3832546698dc2e94ed0eac510,image,hand_partial_stress_nonzero,float32,artificial,OPEN3D_POINT_TO_PLANE,CAMERA_LOCAL,STOPPED,,,,,,,,,,,0.0012037325650453568,0.00013646483421325684,0.0004883725196123123,0,too few calibration surface points
1c5086f5a650429cb0f97e52ddb70275,image,other_behind_small_nonzero,uint16,artificial,OPEN3D_POINT_TO_PLANE,WORLD_FIXED,OUTPUT_ALTERNATIVE_MODEL_NO_UNIQUE_TRUTH_COMPARISON,,"[11.239269163522845, 21.75628518514073, 0.4552360964320848]",,,,,,,,,0.001212162896990776,0.00014460831880569458,0.019240546971559525,0,
1c5086f5a650429cb0f97e52ddb70275,image,other_behind_small_nonzero,uint16,artificial,OPEN3D_POINT_TO_PLANE,CAMERA_LOCAL,OUTPUT,"[-0.13005314283670713, -0.3078341862444698, -0.18930991043197953]","[18.85094231761641, 21.415943940907482, 0.24120697637132943]",28.851101704740675,"[0.00323250757178602, 0.0017474200553870673, 0.0018653191182572356]","[0.027888220077126318, -0.023535341399795264, -0.013391321739538418]",2.2041271483245444,28.57026885244665,28.027613931333356,33.84375426814694,34.69303286573579,0.001212162896990776,0.00014460831880569458,0.002904338762164116,0,
59fd65482a55445eba3ae057c7192e47,direct,translation,clean,artificial,OPEN3D_POINT_TO_PLANE,WORLD_FIXED,OUTPUT_ALTERNATIVE_MODEL_NO_UNIQUE_TRUTH_COMPARISON,,"[3.58347641191367, -18.021160198267545, 9.454204947312617]",,,,,,,,,0.0008233450353145599,0.00014807283878326416,0.009465446695685387,0,
59fd65482a55445eba3ae057c7192e47,direct,translation,clean,artificial,OPEN3D_POINT_TO_PLANE,CAMERA_LOCAL,OUTPUT,"[0.0936127403382575, -17.112328150301604, 10.522284856142575]","[0.09361274033816, -17.11232815030154, 10.522284856142608]",1.2039367723692413e-13,"[0.0, 0.0, 0.0]","[8.212552087167992e-17, 1.6538576434155302e-16, 4.0465188648394566e-17]",0.0,1.1857321875048923e-13,1.1984657573821826e-13,1.4282055133701072e-13,1.4784892582902024e-13,0.0008233450353145599,0.00014807283878326416,0.05865215137600899,0,
0e9d25928694496596c62b5d8361a298,direct,combined,clean,artificial,OPEN3D_POINT_TO_PLANE,WORLD_FIXED,OUTPUT_ALTERNATIVE_MODEL_NO_UNIQUE_TRUTH_COMPARISON,,"[-0.8178044859050289, 7.3605091299260375, 12.975178368037666]",,,,,,,,,0.0008689127862453461,0.00015452131628990173,0.013136781752109528,0,
0e9d25928694496596c62b5d8361a298,direct,combined,clean,artificial,OPEN3D_POINT_TO_PLANE,CAMERA_LOCAL,OUTPUT,"[2.797610380673595, 9.087299378977045, 13.755705633567706]","[2.7976103806736985, 9.087299378976978, 13.755705633567766]",1.370218806298234e-13,"[0.029515060651688067, -0.03482430682647099, -0.04122335213136164]","[0.029515060651687994, -0.03482430682647116, -0.04122335213136165]",0.0,1.3878272779324352e-13,1.377778302342784e-13,1.655795475338309e-13,1.6897310858696058e-13,0.0008689127862453461,0.00015452131628990173,0.08755525015294552,0,
63ec2f78549f40a8b5ba674733364339,direct,combined,clean,artificial,OPEN3D_POINT_TO_PLANE,WORLD_FIXED,OUTPUT,"[11.4951868888654, 18.927697495056332, -8.7178347384929]","[11.49518688886548, 18.927697495056034, -8.717834738492943]",3.1165213701798803e-13,"[0.022968689756353435, -0.00792640519821407, 0.011325286238398466]","[0.022968689756352988, -0.007926405198214258, 0.011325286238398354]",0.0,3.1480454765583106e-13,3.129885689242212e-13,3.687582914894496e-13,3.927683650008203e-13,0.0008749198168516159,0.00016133300960063934,0.01844121143221855,0,
63ec2f78549f40a8b5ba674733364339,direct,combined,clean,artificial,OPEN3D_POINT_TO_PLANE,CAMERA_LOCAL,OUTPUT_ALTERNATIVE_MODEL_NO_UNIQUE_TRUTH_COMPARISON,,"[4.175964316120424, 14.107790956900638, -6.068679266048699]",,,,,,,,,0.0008749198168516159,0.00016133300960063934,0.008323272690176964,0,
9aa73a8026fb452d95bb587681c67b39,direct,combined,clean,taco,OPEN3D_POINT_TO_PLANE,WORLD_FIXED,OUTPUT,"[-5.068705911459562, -2.1592642810594147, 0.1752118859231297]","[-4.205925782660376, -5.384711127041845, -0.4208354440271283]",3.391632251062839,"[0.008178104618750721, -0.02128075430016174, -0.0006854723420574641]","[0.004139669927155843, -0.022310561879122063, -0.0008380571433686671]",0.23894467347392462,3.440539278297884,3.479494421930645,3.893377179830327,3.9493313458813093,0.201553488150239,0.006486816331744194,0.6615610048174858,0,
9aa73a8026fb452d95bb587681c67b39,direct,combined,clean,taco,OPEN3D_POINT_TO_PLANE,CAMERA_LOCAL,OUTPUT_ALTERNATIVE_MODEL_NO_UNIQUE_TRUTH_COMPARISON,,"[-0.3156607191031113, -4.628052371731974, -1.4938661072840465]",,,,,,,,,0.201553488150239,0.006486816331744194,0.7031784784048796,0,
8050dc91668147cb93d568b944b49e81,direct,symmetric_ambiguous,information_insufficient,artificial,OPEN3D_POINT_TO_PLANE,WORLD_FIXED,OUTPUT_WITHOUT_IDENTIFIABILITY_CERTIFICATE,,,,,,,,,,,0.002456389367580414,0.0003402065485715866,0.031206220388412476,0,the public shape has deliberately ambiguous rigid symmetries
8050dc91668147cb93d568b944b49e81,direct,symmetric_ambiguous,information_insufficient,artificial,OPEN3D_POINT_TO_PLANE,CAMERA_LOCAL,OUTPUT_WITHOUT_IDENTIFIABILITY_CERTIFICATE,,,,,,,,,,,0.002456389367580414,0.0003402065485715866,0.2133654896169901,0,the public shape has deliberately ambiguous rigid symmetries
547f11fe6ca04525b78ab7f99b751e88,direct,combined,random_missing,taco,OPEN3D_POINT_TO_PLANE,WORLD_FIXED,OUTPUT,"[-6.93995523770624, -10.552627700575409, 13.520551123946886]","[-6.046988470696581, -13.647962495663144, 13.594080518705422]",3.22240495787821,"[-0.008247825827240195, -0.05478768821525368, -0.05276921202679234]","[-0.012598603873445071, -0.056145704736002645, -0.05254359573306431]",0.26140335404736953,3.2640895122983893,3.280017894307165,3.729261222926554,3.779783383765075,0.20016158372163773,0.006514636799693108,0.5767451971769333,0,
547f11fe6ca04525b78ab7f99b751e88,direct,combined,random_missing,taco,OPEN3D_POINT_TO_PLANE,CAMERA_LOCAL,OUTPUT_ALTERNATIVE_MODEL_NO_UNIQUE_TRUTH_COMPARISON,,"[2.7452840333150785, -14.026853268069203, 13.563551752174252]",,,,,,,,,0.20016158372163773,0.006514636799693108,0.7113629709929228,0,
29280027d82f4bf1a126a04c7a4392b4,direct,combined,clean,artificial,OPEN3D_POINT_TO_PLANE,WORLD_FIXED,STOPPED,,,,,,,,,,,0.0016787629574537277,0.0002471897751092911,0.0032385587692260742,0,"Open3D calibration reached the numerical safety boundary: translation=0.1340526135905105, rotation_deg=8.803936955966437"
29280027d82f4bf1a126a04c7a4392b4,direct,combined,clean,artificial,OPEN3D_POINT_TO_PLANE,CAMERA_LOCAL,STOPPED,,,,,,,,,,,0.0016787629574537277,0.0002471897751092911,0.0028183385729789734,0,"Open3D calibration reached the numerical safety boundary: translation=0.16256245414082882, rotation_deg=9.332200912082131"
0e2fd2d4713040c789338e1dd39a254a,image,other_front_small_nonzero,float32,artificial,OPEN3D_POINT_TO_PLANE,WORLD_FIXED,STOPPED,,,,,,,,,,,0.0012310147285461426,0.00014116056263446808,6.059184670448303e-05,0,prepared frame 0 contains no target evidence
0e2fd2d4713040c789338e1dd39a254a,image,other_front_small_nonzero,float32,artificial,OPEN3D_POINT_TO_PLANE,CAMERA_LOCAL,STOPPED,,,,,,,,,,,0.0012310147285461426,0.00014116056263446808,1.2660399079322815e-05,0,prepared frame 0 contains no target evidence
75a77a31743745c6a34ca8712f68ba9d,direct,identity,clean,artificial,OPEN3D_POINT_TO_PLANE,WORLD_FIXED,OUTPUT_ALTERNATIVE_MODEL_NO_UNIQUE_TRUTH_COMPARISON,,"[4.27585480073453e-14, 3.677108730979673e-14, -1.0923964259461607e-14]",,,,,,,,,0.0008436553180217743,0.00016061030328273773,0.0040335338562726974,0,
75a77a31743745c6a34ca8712f68ba9d,direct,identity,clean,artificial,OPEN3D_POINT_TO_PLANE,CAMERA_LOCAL,OUTPUT,"[0.0, 0.0, 0.0]","[-3.6829397581168346e-13, -3.6447638940816806e-13, -1.1869608137830143e-15]",5.181552855381916e-13,"[0.0, 0.0, 0.0]","[-3.645159246204833e-16, 3.673738691409971e-16, -9.142602429679792e-17]",0.0,5.204542808189687e-13,5.22701564629619e-13,5.690370053790603e-13,5.856689535013502e-13,0.0008436553180217743,0.00016061030328273773,0.024078072980046272,0,
b382feae0447466ba9c5bd16af6b2aac,image,hand_partial_small_nonzero,float32,artificial,OPEN3D_POINT_TO_PLANE,WORLD_FIXED,STOPPED,,,,,,,,,,,0.0012375228106975555,0.0001389477401971817,0.0022309105843305588,0,"Open3D calibration reached the numerical safety boundary: translation=0.15405517875465305, rotation_deg=9.655838306973692"
b382feae0447466ba9c5bd16af6b2aac,image,hand_partial_small_nonzero,float32,artificial,OPEN3D_POINT_TO_PLANE,CAMERA_LOCAL,STOPPED,,,,,,,,,,,0.0012375228106975555,0.0001389477401971817,0.001727307215332985,0,"Open3D calibration reached the numerical safety boundary: translation=0.11111684289419937, rotation_deg=6.218262481106902"
8439eb24aa2843e6a7b58d1f7c7c3ac0,image,hand_large_stress_nonzero,float32,artificial,OPEN3D_POINT_TO_PLANE,WORLD_FIXED,STOPPED_INFORMATION_INSUFFICIENT,,,,,,,,,,,0.0011104922741651535,0.00014390796422958374,3.238767385482788e-05,0,the target is deliberately fully or almost fully occluded
8439eb24aa2843e6a7b58d1f7c7c3ac0,image,hand_large_stress_nonzero,float32,artificial,OPEN3D_POINT_TO_PLANE,CAMERA_LOCAL,STOPPED_INFORMATION_INSUFFICIENT,,,,,,,,,,,0.0011104922741651535,0.00014390796422958374,1.1136755347251892e-05,0,the target is deliberately fully or almost fully occluded
67a32643f48b4070b4b2050dd46fdd03,direct,combined,clean,taco,OPEN3D_POINT_TO_PLANE,WORLD_FIXED,OUTPUT,"[-10.896541893462533, 1.2273711776335656, -12.289930104677293]","[-10.265443003331304, -2.0569333495926116, -12.221281536228222]",3.345094118650975,"[-0.01085902610211419, -0.008328302983109647, 0.01872145279417406]","[-0.01492811726545093, -0.009049823827813752, 0.018786157944412133]",0.2368037872339182,3.323867759052769,3.3252087034240243,3.7663332985023588,3.832473927635149,0.20158096961677074,0.006366906687617302,0.6681054159998894,0,
67a32643f48b4070b4b2050dd46fdd03,direct,combined,clean,taco,OPEN3D_POINT_TO_PLANE,CAMERA_LOCAL,OUTPUT_ALTERNATIVE_MODEL_NO_UNIQUE_TRUTH_COMPARISON,,"[-10.539083648504604, -0.8328344214061226, -13.264479320291892]",,,,,,,,,0.20158096961677074,0.006366906687617302,0.6445823144167662,0,
a80aadeb42e44765afd4094d1e1d7d36,direct,combined,noise,artificial,OPEN3D_POINT_TO_PLANE,WORLD_FIXED,OUTPUT,"[-7.127286468288735, 1.1874237227573974, -1.966839124250921]","[-7.171345672943333, -0.5103879970010887, -1.990695156808679]",1.6985508410269796,"[0.02755935801968159, 0.02364846852305918, -0.03316870394577608]","[0.025834530758145176, 0.02369306430033895, -0.03197324488445406]",0.12026478710344012,1.720541924071007,1.7289769733144296,1.9531935768651247,2.0367807207572204,0.00165516696870327,0.0002445392310619354,0.011261539533734322,0,
a80aadeb42e44765afd4094d1e1d7d36,direct,combined,noise,artificial,OPEN3D_POINT_TO_PLANE,CAMERA_LOCAL,OUTPUT_ALTERNATIVE_MODEL_NO_UNIQUE_TRUTH_COMPARISON,,"[-11.34267980507611, 1.8917720737509776, -1.8138317624623104]",,,,,,,,,0.00165516696870327,0.0002445392310619354,0.010093845427036285,0,
0dc432dcac6240dbaf55b534492d5f51,direct,combined,strong_combined,taco,OPEN3D_POINT_TO_PLANE,WORLD_FIXED,OUTPUT,"[-20.55490401548943, 4.883767194578383, 0.36372788894452934]","[-20.367230642082447, 12.430084199307798, -0.17016323989673157]",7.56750694538232,"[-0.003795388580982728, -0.015909061873097097, 0.0004455742862207558]","[0.007030142635146197, -0.015675217868912548, 0.004522801513944892]",0.6629192469068769,7.50032964975008,7.565003726044571,8.699519248661792,8.773530947832338,0.19939465634524822,0.006532864645123482,0.3871867246925831,0,
0dc432dcac6240dbaf55b534492d5f51,direct,combined,strong_combined,taco,OPEN3D_POINT_TO_PLANE,CAMERA_LOCAL,OUTPUT_ALTERNATIVE_MODEL_NO_UNIQUE_TRUTH_COMPARISON,,"[-15.211944158019287, 11.227932188199462, 0.3067127635656516]",,,,,,,,,0.19939465634524822,0.006532864645123482,0.5044973082840443,0,
4900aead925b45f8a0e3c933717ecb0a,direct,combined,clean,artificial,OPEN3D_POINT_TO_PLANE,WORLD_FIXED,STOPPED,,,,,,,,,,,0.0016129054129123688,0.0002403799444437027,0.002888403832912445,0,"Open3D calibration reached the numerical safety boundary: translation=0.2181285134592309, rotation_deg=14.675918231791005"
4900aead925b45f8a0e3c933717ecb0a,direct,combined,clean,artificial,OPEN3D_POINT_TO_PLANE,CAMERA_LOCAL,STOPPED,,,,,,,,,,,0.0016129054129123688,0.0002403799444437027,0.0024321116507053375,0,"Open3D calibration reached the numerical safety boundary: translation=0.22561570542665488, rotation_deg=12.798492251107113"
ec299ce9983743208e44ad4d8646b2ab,direct,identity,clean,artificial,OPEN3D_POINT_TO_PLANE,WORLD_FIXED,OUTPUT,"[0.0, 0.0, 0.0]","[-3.7473627346658425e-14, -2.1949142717855135e-14, -2.1242488322682417e-15]",4.348045590453707e-14,"[0.0, 0.0, 0.0]","[-1.1139790515998351e-17, 4.602882773080827e-17, 7.702069435720563e-17]",0.0,4.585795993822032e-14,4.443059973708341e-14,5.721958498152797e-14,6.206335383118183e-14,0.0009371638298034668,0.00017254799604415894,0.00501994788646698,0,
ec299ce9983743208e44ad4d8646b2ab,direct,identity,clean,artificial,OPEN3D_POINT_TO_PLANE,CAMERA_LOCAL,OUTPUT_ALTERNATIVE_MODEL_NO_UNIQUE_TRUTH_COMPARISON,,"[-1.354983619126522e-13, 6.323832801682658e-14, 5.930315730103217e-15]",,,,,,,,,0.0009371638298034668,0.00017254799604415894,0.0088807363063097,0,
4ce9a7d20c674d7fae60ec20eae7ffc4,direct,combined,local_missing,artificial,OPEN3D_POINT_TO_PLANE,WORLD_FIXED,OUTPUT,"[-10.327960329213631, -15.459643862544759, 7.989844237889413]","[-10.327960329214216, -15.459643862544608, 7.98984423788975]",6.920720561050092e-13,"[-0.01263902532269179, 0.002462551216942702, -0.006316734342465753]","[-0.012639025322691691, 0.002462551216943382, -0.006316734342465988]",0.0,6.994107034193164e-13,6.98074457670467e-13,7.734132176494727e-13,8.192597790804524e-13,0.0008474402129650116,0.00016794167459011078,0.03771106339991093,0,
4ce9a7d20c674d7fae60ec20eae7ffc4,direct,combined,local_missing,artificial,OPEN3D_POINT_TO_PLANE,CAMERA_LOCAL,OUTPUT_ALTERNATIVE_MODEL_NO_UNIQUE_TRUTH_COMPARISON,,"[-3.011200248686453, -12.212255724602581, 6.260315848926842]",,,,,,,,,0.0008474402129650116,0.00016794167459011078,0.008721776306629181,0,
f0716e0bd3cc48979b06b987939c46cb,direct,rotation,clean,taco,OPEN3D_POINT_TO_PLANE,WORLD_FIXED,OUTPUT_ALTERNATIVE_MODEL_NO_UNIQUE_TRUTH_COMPARISON,,"[-1.9057196668689298, -2.9081415359178093, -1.4140847024768153]",,,,,,,,,0.20140556804835796,0.006525032222270966,0.587909247726202,0,
f0716e0bd3cc48979b06b987939c46cb,direct,rotation,clean,taco,OPEN3D_POINT_TO_PLANE,CAMERA_LOCAL,OUTPUT,"[0.0, 0.0, 0.0]","[0.44619681077102186, -1.215072551744709, -0.31096081166577977]",1.3312360896315387,"[0.04381033203298849, -0.01208223573448612, -0.001024689657970797]","[0.04240535370046977, -0.012598908046851735, -0.0008946287123589895]",0.08609055747794819,1.3329831126191816,1.3397122844818872,1.4855218661632108,1.5117771095617794,0.20140556804835796,0.006525032222270966,0.5950835943222046,0,
053ac6e998944173b1464f5c81fe7dde,direct,combined,noise,artificial,OPEN3D_POINT_TO_PLANE,WORLD_FIXED,OUTPUT,"[5.299388361262753, -0.5100234604107372, 7.203413783641294]","[6.117754461519128, -0.44574908211955955, 7.154294496032606]",0.8223545307035951,"[0.03683179643923857, -0.013604733906135615, 0.002261297505386418]","[0.03705229946708766, -0.014777654868946213, 0.003291710770413735]",0.09033591988341318,0.8479423810064013,0.8428740893560431,1.027243618859144,1.0999686802575583,0.0016760006546974182,0.0002572741359472275,0.012287791818380356,0,
053ac6e998944173b1464f5c81fe7dde,direct,combined,noise,artificial,OPEN3D_POINT_TO_PLANE,CAMERA_LOCAL,OUTPUT_ALTERNATIVE_MODEL_NO_UNIQUE_TRUTH_COMPARISON,,"[8.565855029943513, 1.1356980265687973, 8.80244249058233]",,,,,,,,,0.0016760006546974182,0.0002572741359472275,0.01387796737253666,0,
eb80abec7df24ec4be5a0228908cd6cb,image,hand_partial_stress_nonzero,uint16,artificial,OPEN3D_POINT_TO_PLANE,WORLD_FIXED,STOPPED,,,,,,,,,,,0.0012799669057130814,0.0001442059874534607,0.0003242325037717819,0,prepared frame 2 contains no target evidence
eb80abec7df24ec4be5a0228908cd6cb,image,hand_partial_stress_nonzero,uint16,artificial,OPEN3D_POINT_TO_PLANE,CAMERA_LOCAL,STOPPED,,,,,,,,,,,0.0012799669057130814,0.0001442059874534607,0.00022680871188640594,0,prepared frame 2 contains no target evidence
f123c52c42bc4603a6257a779f1aada5,direct,combined,combined,artificial,OPEN3D_POINT_TO_PLANE,WORLD_FIXED,OUTPUT,"[6.313850994024511, -4.724280178011722, 1.3964443430231452]","[2.196651537692581, -0.8664577615572185, 2.6904273416718234]",5.7886541752734395,"[0.018590808937153376, 0.019160992079051403, -0.010843687414091606]","[0.02072504571469109, 0.025096660130566925, -0.019419643445259108]",0.6099548443857565,5.81176488897896,5.831993458071295,6.985758232178611,7.711938757028582,0.000837644562125206,0.00015563145279884338,0.010391881689429283,0,
f123c52c42bc4603a6257a779f1aada5,direct,combined,combined,artificial,OPEN3D_POINT_TO_PLANE,CAMERA_LOCAL,OUTPUT_ALTERNATIVE_MODEL_NO_UNIQUE_TRUTH_COMPARISON,,"[1.3954243316202333, -2.9298626730223165, 3.2618087426544875]",,,,,,,,,0.000837644562125206,0.00015563145279884338,0.008708465844392776,0,
57008f8f2a224ccc837801a5a4a2d2c8,direct,rotation,clean,taco,OPEN3D_POINT_TO_PLANE,WORLD_FIXED,OUTPUT_ALTERNATIVE_MODEL_NO_UNIQUE_TRUTH_COMPARISON,,"[2.1193211117499904, 0.7800646178695748, 0.23900447887653153]",,,,,,,,,0.2016266379505396,0.00659322552382946,0.7025814075022936,0,
57008f8f2a224ccc837801a5a4a2d2c8,direct,rotation,clean,taco,OPEN3D_POINT_TO_PLANE,CAMERA_LOCAL,OUTPUT,"[0.0, 0.0, 0.0]","[0.9336948075130829, -2.321030300568664, -0.1843333505089101]",2.508574582077359,"[0.002568996348992883, 0.047717144399223824, -0.005225364350089337]","[0.00032674471459461527, 0.04680350452615621, -0.005080674986325231]",0.13896372429242482,2.499543257534385,2.496331594362655,2.7462620419657053,2.774302831682311,0.2016266379505396,0.00659322552382946,0.555505907163024,0,
a645fad4d7af49aabbd3dd175812f75c,direct,combined,local_missing,artificial,OPEN3D_POINT_TO_PLANE,WORLD_FIXED,OUTPUT_ALTERNATIVE_MODEL_NO_UNIQUE_TRUTH_COMPARISON,,"[0.1552405056142556, 12.234727782181102, -7.206926330335248]",,,,,,,,,0.0016153883188962936,0.0002482924610376358,0.008628787472844124,0,
a645fad4d7af49aabbd3dd175812f75c,direct,combined,local_missing,artificial,OPEN3D_POINT_TO_PLANE,CAMERA_LOCAL,OUTPUT,"[10.629267843551496, 16.294520943445153, -7.811183024221876]","[10.629267843551418, 16.294520943445303, -7.811183024221962]",1.9214754457710598e-13,"[0.007699033623367348, 0.006793343770909801, -0.018533488759577624]","[0.007699033623367546, 0.00679334377090986, -0.01853348875957743]",0.0,1.9072401469646802e-13,1.9342356973252036e-13,2.2815691348673347e-13,2.387624894196368e-13,0.0016153883188962936,0.0002482924610376358,0.018979068845510483,0,
6c6e3c76105a4089a4bb88808d0b9162,direct,identity,clean,taco,OPEN3D_POINT_TO_PLANE,WORLD_FIXED,OUTPUT_ALTERNATIVE_MODEL_NO_UNIQUE_TRUTH_COMPARISON,,"[0.9312192750433685, -3.6095741394751495, -0.13983626262763]",,,,,,,,,0.20138906314969063,0.006538504734635353,0.2894644923508167,0,
6c6e3c76105a4089a4bb88808d0b9162,direct,identity,clean,taco,OPEN3D_POINT_TO_PLANE,CAMERA_LOCAL,OUTPUT,"[0.0, 0.0, 0.0]","[1.0888424090053375, -1.7852272131418099, -0.2358694529064542]",2.1043403700459224,"[0.0, 0.0, 0.0]","[-0.0020268690482442204, -0.001278098755367221, 0.00032537045782715706]",0.13855157906454907,2.066350597332845,2.0667745722020365,2.318135585830586,2.3701407577759186,0.20138906314969063,0.006538504734635353,0.22314270213246346,0,
e279e7b2ed1f4f43bcd60f16097c9574,direct,combined,strong_combined,taco,OPEN3D_POINT_TO_PLANE,WORLD_FIXED,STOPPED,,,,,,,,,,,0.1976767722517252,0.006495896726846695,0.037180012091994286,0,"Open3D calibration reached the numerical safety boundary: translation=0.1134187956791787, rotation_deg=10.264491577005396"
e279e7b2ed1f4f43bcd60f16097c9574,direct,combined,strong_combined,taco,OPEN3D_POINT_TO_PLANE,CAMERA_LOCAL,OUTPUT,"[7.154246634685179, -2.6833253636473775, 6.209766322694251]","[9.642394531670362, -8.831235113505052, 5.527033730500408]",6.667368149585754,"[0.03175896773440158, 0.030330558776667748, -0.0012048036127108614]","[0.02490143577313176, 0.02761375594738171, 0.0006186066022202497]",0.4353345304403805,6.678937703469164,6.6479742314992,7.460988088388247,7.610052450467349,0.1976767722517252,0.006495896726846695,0.6752392072230577,0,
9a830b07146e49d0942d5f8bac6f9789,direct,inconsistent_frames,information_insufficient,artificial,OPEN3D_POINT_TO_PLANE,WORLD_FIXED,STOPPED_INFORMATION_INSUFFICIENT,,,,,,,,,,,0.001766955479979515,0.0002637263387441635,0.0050042252987623215,0,different frames were generated from deliberately incompatible corrections
9a830b07146e49d0942d5f8bac6f9789,direct,inconsistent_frames,information_insufficient,artificial,OPEN3D_POINT_TO_PLANE,CAMERA_LOCAL,OUTPUT_WITHOUT_IDENTIFIABILITY_CERTIFICATE,,,,,,,,,,,0.001766955479979515,0.0002637263387441635,0.10275973379611969,0,different frames were generated from deliberately incompatible corrections
8830786ff99c439e9a285e1aa2cf2680,direct,translation,clean,artificial,OPEN3D_POINT_TO_PLANE,WORLD_FIXED,OUTPUT_ALTERNATIVE_MODEL_NO_UNIQUE_TRUTH_COMPARISON,,"[11.304629257890527, -10.16473738609046, -4.470562855543854]",,,,,,,,,0.0008538085967302322,0.0001605413854122162,0.00893758051097393,0,
8830786ff99c439e9a285e1aa2cf2680,direct,translation,clean,artificial,OPEN3D_POINT_TO_PLANE,CAMERA_LOCAL,OUTPUT,"[9.362631103679371, -15.339616888768203, -4.04633056257195]","[9.36263110367894, -15.339616888768107, -4.046330562571798]",4.676753041982612e-13,"[0.0, 0.0, 0.0]","[5.903002064362352e-17, 4.33644286042465e-16, -9.35258378892953e-17]",0.0,4.696937216425473e-13,4.65323603909348e-13,5.193699206530376e-13,5.347902362062199e-13,0.0008538085967302322,0.0001605413854122162,0.03194841742515564,0,
309bb4c8570f4b17a6f218c1a02f0c71,direct,rotation,clean,taco,OPEN3D_POINT_TO_PLANE,WORLD_FIXED,OUTPUT,"[0.0, 0.0, 0.0]","[0.3006000242033686, -3.2267194746140184, -0.07478573620040901]",3.2415539250093417,"[-0.04549050091428172, 0.02254314149220389, 0.0026332314512822878]","[-0.04974062938013634, 0.022197723000222148, 0.0023241358590326187]",0.24495103974606977,3.2309647536060297,3.2143006818644593,3.6680412313120336,3.7529131260400908,0.2016298919916153,0.006537223234772682,0.7245482336729765,0,
309bb4c8570f4b17a6f218c1a02f0c71,direct,rotation,clean,taco,OPEN3D_POINT_TO_PLANE,CAMERA_LOCAL,OUTPUT_ALTERNATIVE_MODEL_NO_UNIQUE_TRUTH_COMPARISON,,"[8.675166105222209, -3.5395058750336723, -0.5718045429552444]",,,,,,,,,0.2016298919916153,0.006537223234772682,0.7803119085729122,0,
3b95156c8de345f59c6584352f982b22,direct,rotation,clean,artificial,OPEN3D_POINT_TO_PLANE,WORLD_FIXED,OUTPUT_ALTERNATIVE_MODEL_NO_UNIQUE_TRUTH_COMPARISON,,"[1.1739825559213088, 4.3607181241217825, -0.36832627128775114]",,,,,,,,,0.0016447417438030243,0.00024078041315078735,0.010225903242826462,0,
3b95156c8de345f59c6584352f982b22,direct,rotation,clean,artificial,OPEN3D_POINT_TO_PLANE,CAMERA_LOCAL,OUTPUT,"[0.0, 0.0, 0.0]","[-2.9290125116789073e-13, -3.4757672474266307e-13, 3.025341680422112e-13]",5.460106641371995e-13,"[-0.024656092772114627, 0.032738868347775854, -0.009989518880509387]","[-0.02465609277211499, 0.03273886834777619, -0.009989518880509241]",0.0,5.562750108514399e-13,5.584391803467946e-13,6.265445238358629e-13,6.385667682203542e-13,0.0016447417438030243,0.00024078041315078735,0.022974425926804543,0,
0c4b83108d4a430fbed54931bdfaf7ee,image,hand_partial_small_nonzero,uint16,artificial,OPEN3D_POINT_TO_PLANE,WORLD_FIXED,STOPPED,,,,,,,,,,,0.0012426730245351791,0.00015168078243732452,0.00021746382117271423,0,prepared frame 1 contains no target evidence
0c4b83108d4a430fbed54931bdfaf7ee,image,hand_partial_small_nonzero,uint16,artificial,OPEN3D_POINT_TO_PLANE,CAMERA_LOCAL,STOPPED,,,,,,,,,,,0.0012426730245351791,0.00015168078243732452,0.00013204850256443024,0,prepared frame 1 contains no target evidence
4bcc8605bb8d48018e6afcad029782b2,direct,rotation,clean,taco,OPEN3D_POINT_TO_PLANE,WORLD_FIXED,OUTPUT,"[0.0, 0.0, 0.0]","[1.1719218201299986, -3.738322568061953, -0.18116664912588842]",3.9218972105517538,"[-0.06115298114366162, 0.013983677683888987, -0.02424294750462997]","[-0.06567547733199229, 0.012547685452784067, -0.024564949597950577]",0.2724775883038785,3.9798742254035964,4.050181701246865,4.417166159979172,4.470178492305219,0.20117264799773693,0.006516752764582634,0.6510641239583492,0,
4bcc8605bb8d48018e6afcad029782b2,direct,rotation,clean,taco,OPEN3D_POINT_TO_PLANE,CAMERA_LOCAL,OUTPUT_ALTERNATIVE_MODEL_NO_UNIQUE_TRUTH_COMPARISON,,"[-1.0070850395178086, -6.102981168705563, -2.248337503020805]",,,,,,,,,0.20117264799773693,0.006516752764582634,0.7850701957941055,0,
31d6fff68cc145e2a127e6e62647a30d,image,other_behind_small_nonzero,float32,artificial,OPEN3D_POINT_TO_PLANE,WORLD_FIXED,OUTPUT_ALTERNATIVE_MODEL_NO_UNIQUE_TRUTH_COMPARISON,,"[-21.685960486404934, -17.648067560291697, -22.211330548136246]",,,,,,,,,0.002100937068462372,0.00018038973212242126,0.005115330219268799,0,
31d6fff68cc145e2a127e6e62647a30d,image,other_behind_small_nonzero,float32,artificial,OPEN3D_POINT_TO_PLANE,CAMERA_LOCAL,STOPPED,,,,,,,,,,,0.002100937068462372,0.00018038973212242126,0.0020388569682836533,0,"Open3D calibration reached the numerical safety boundary: translation=0.11258057991023314, rotation_deg=11.158610493192729"
11029c055efd4a12a8d4881d8cd3d6f7,direct,combined,local_missing,artificial,OPEN3D_POINT_TO_PLANE,WORLD_FIXED,STOPPED,,,,,,,,,,,0.0008552297949790955,0.0001711379736661911,0.0028047673404216766,0,"Open3D calibration reached the numerical safety boundary: translation=0.1341165247249199, rotation_deg=11.402119142691168"
11029c055efd4a12a8d4881d8cd3d6f7,direct,combined,local_missing,artificial,OPEN3D_POINT_TO_PLANE,CAMERA_LOCAL,STOPPED,,,,,,,,,,,0.0008552297949790955,0.0001711379736661911,0.002421736717224121,0,"Open3D calibration reached the numerical safety boundary: translation=0.14736687131118198, rotation_deg=9.22855105151351"
a196ab4d5c9642558702ebef48d24a48,direct,combined,clean,taco,OPEN3D_POINT_TO_PLANE,WORLD_FIXED,OUTPUT_ALTERNATIVE_MODEL_NO_UNIQUE_TRUTH_COMPARISON,,"[-11.096336000415922, 3.7064990451355864, 11.031643937153726]",,,,,,,,,0.2014817800372839,0.006522690877318382,0.6632665880024433,0,
a196ab4d5c9642558702ebef48d24a48,direct,combined,clean,taco,OPEN3D_POINT_TO_PLANE,CAMERA_LOCAL,OUTPUT,"[-13.418618195612872, 10.798300797869258, 12.281877963330452]","[-13.218740561076713, 8.883802159214834, 11.868700956051386]",1.9687486750577134,"[0.028447057376151448, 0.00021556432773829238, -0.024716478694494434]","[0.02634861170237225, 3.136772457427565e-05, -0.024938967791702345]",0.12136184964257866,1.9620906626268657,1.9229328069910268,2.2107489133213676,2.2435234253728926,0.2014817800372839,0.006522690877318382,1.7958398256450891,0,
6e0a31817f114b85bb98bfad70dcc3ac,direct,combined,random_missing,taco,OPEN3D_POINT_TO_PLANE,WORLD_FIXED,OUTPUT_ALTERNATIVE_MODEL_NO_UNIQUE_TRUTH_COMPARISON,,"[-12.18370183090985, -21.833540494546625, 6.231182911730438]",,,,,,,,,0.198168670758605,0.006476020440459251,0.5008183121681213,0,
6e0a31817f114b85bb98bfad70dcc3ac,direct,combined,random_missing,taco,OPEN3D_POINT_TO_PLANE,CAMERA_LOCAL,OUTPUT,"[-13.74122782459638, -17.906122288752933, 7.2959749194435135]","[-12.248237679648614, -19.094327585346733, 7.114198712778291]",1.9167404594974038,"[7.793721908951015e-05, 0.005044965167632558, 0.016737385837170264]","[-0.0010351442067711583, 0.003549197115555914, 0.017221132587616667]",0.11036227286965525,1.9319682315407247,1.9262856704866695,2.1271842107776635,2.1545849948105773,0.198168670758605,0.006476020440459251,0.4319013338536024,0,
1402930efe0d451788cb7f6592f0c85e,direct,translation,clean,taco,OPEN3D_POINT_TO_PLANE,WORLD_FIXED,OUTPUT_ALTERNATIVE_MODEL_NO_UNIQUE_TRUTH_COMPARISON,,"[-2.7533298679831146, 2.4616395354248053, -1.3281845408410982]",,,,,,,,,0.20018156617879868,0.0064182523638010025,0.36946388334035873,0,
1402930efe0d451788cb7f6592f0c85e,direct,translation,clean,taco,OPEN3D_POINT_TO_PLANE,CAMERA_LOCAL,OUTPUT,"[-1.7672419620433897, 4.2690065664100665, -1.350628074869329]","[-1.8213079198662292, 2.4721195757207557, -1.33186409957825]",1.797798117662968,"[0.0, 0.0, 0.0]","[-0.0017102491685488577, 8.07082294779505e-05, 8.727952448151806e-05]",0.0982264872831791,1.8291870667824144,1.8517831155693352,1.9904199074245212,2.0078230229675462,0.20018156617879868,0.0064182523638010025,0.3931812718510628,0,
3d6e2524224741608f98c533d8174d12,image,none_small_nonzero,uint16,artificial,OPEN3D_POINT_TO_PLANE,WORLD_FIXED,OUTPUT,"[-0.13273611838782587, -0.5733812761867548, 0.26649089277082566]","[-16.203442089581348, 72.99654641540033, 0.014013524234956467]",75.3051498622739,"[0.0004880261546432924, -0.0020674964849704334, 8.749108875805834e-06]","[0.07892932705885687, 0.008429681754743403, -0.006311614215288069]",4.548856628068041,75.50180851552943,75.85030664211499,83.12645858863178,84.37038457624533,0.0018497835844755173,0.00017386116087436676,0.00738326832652092,0,
3d6e2524224741608f98c533d8174d12,image,none_small_nonzero,uint16,artificial,OPEN3D_POINT_TO_PLANE,CAMERA_LOCAL,OUTPUT_ALTERNATIVE_MODEL_NO_UNIQUE_TRUTH_COMPARISON,,"[-0.2963148129111089, 52.408237316548295, -1.3729592466924074]",,,,,,,,,0.0018497835844755173,0.00017386116087436676,0.005772421136498451,0,
f5f8dd1091fc42b8b4d0f1bf9a515a40,direct,identity,clean,taco,OPEN3D_POINT_TO_PLANE,WORLD_FIXED,OUTPUT_ALTERNATIVE_MODEL_NO_UNIQUE_TRUTH_COMPARISON,,"[1.0669989137958078, -3.3788410658257217, -0.037887335883776116]",,,,,,,,,0.20124848373234272,0.006495008245110512,0.2879274860024452,0,
f5f8dd1091fc42b8b4d0f1bf9a515a40,direct,identity,clean,taco,OPEN3D_POINT_TO_PLANE,CAMERA_LOCAL,OUTPUT,"[0.0, 0.0, 0.0]","[1.0978527853256606, -2.8362069850481637, -0.09281188086999324]",3.0426903959348097,"[0.0, 0.0, 0.0]","[-0.003260687513785989, -0.0012527737169888795, -9.399791986085565e-05]",0.2002105129655065,3.008947979697213,2.9733262778232623,3.404382433516341,3.4479792154938833,0.20124848373234272,0.006495008245110512,0.3385785836726427,0,
721144c1c1e74f649918b76338082788,direct,rotation,clean,artificial,OPEN3D_POINT_TO_PLANE,WORLD_FIXED,STOPPED,,,,,,,,,,,0.0016360711306333542,0.00024210289120674133,0.0030853208154439926,0,"Open3D calibration reached the numerical safety boundary: translation=0.13956924285935216, rotation_deg=14.481316477334525"
721144c1c1e74f649918b76338082788,direct,rotation,clean,artificial,OPEN3D_POINT_TO_PLANE,CAMERA_LOCAL,STOPPED,,,,,,,,,,,0.0016360711306333542,0.00024210289120674133,0.002465521916747093,0,"Open3D calibration reached the numerical safety boundary: translation=0.14020336807605144, rotation_deg=11.82210195626383"
ee9c8ca7131a4b439e4dc398489cdda0,direct,combined,combined,artificial,OPEN3D_POINT_TO_PLANE,WORLD_FIXED,OUTPUT_ALTERNATIVE_MODEL_NO_UNIQUE_TRUTH_COMPARISON,,"[-4.9378463203260345, -16.596481025396276, -3.02385136720901]",,,,,,,,,0.0008877981454133987,0.00016731210052967072,0.010866491124033928,0,
ee9c8ca7131a4b439e4dc398489cdda0,direct,combined,combined,artificial,OPEN3D_POINT_TO_PLANE,CAMERA_LOCAL,OUTPUT,"[-12.82502076800783, -4.613996093843284, -3.8175850466658274]","[-10.92231962777056, -9.630845046464248, -3.309940468180554]",5.389503507795479,"[0.02139529074653619, 0.02756615948535691, 0.05101243633522681]","[0.016835068688044883, 0.026722188799736646, 0.05882559547265448]",0.5205204714890078,5.38936126492127,5.382640606377338,6.390273342085538,6.85309461969141,0.0008877981454133987,0.00016731210052967072,0.008619897067546844,0,
0c501fedf2d74fe48c0a81be7c81610a,direct,translation,clean,artificial,OPEN3D_POINT_TO_PLANE,WORLD_FIXED,OUTPUT,"[4.771040031039337, -1.4204651479671533, 1.1383902180681456]","[4.7710400310394085, -1.4204651479667734, 1.1383902180682548]",4.020182474400662e-13,"[0.0, 0.0, 0.0]","[4.335096630398147e-16, -7.557106716735044e-17, -9.264862017260115e-17]",0.0,4.021607265126648e-13,4.0053709487069575e-13,4.569209890594001e-13,4.58846861367797e-13,0.0009097717702388763,0.00016561709344387054,0.020698368549346924,0,
0c501fedf2d74fe48c0a81be7c81610a,direct,translation,clean,artificial,OPEN3D_POINT_TO_PLANE,CAMERA_LOCAL,OUTPUT_ALTERNATIVE_MODEL_NO_UNIQUE_TRUTH_COMPARISON,,"[1.3438645003814176, -0.7990514128456863, 2.115283311396854]",,,,,,,,,0.0009097717702388763,0.00016561709344387054,0.008660335093736649,0,
92fe9925ceb449dbac7a9781a7287da4,direct,identity,clean,taco,OPEN3D_POINT_TO_PLANE,WORLD_FIXED,OUTPUT,"[0.0, 0.0, 0.0]","[0.8294894187030258, -2.9813002628436567, -0.09076512641344285]",3.095875039652729,"[0.0, 0.0, 0.0]","[-0.003627629454928784, -0.00100151846609119, 0.00019946666645786977]",0.21592621022347647,3.0999844672047825,3.0865809525154058,3.4789002315432858,3.5788921871060277,0.20132583938539028,0.006565334275364876,0.09661943279206753,0,
92fe9925ceb449dbac7a9781a7287da4,direct,identity,clean,taco,OPEN3D_POINT_TO_PLANE,CAMERA_LOCAL,OUTPUT_ALTERNATIVE_MODEL_NO_UNIQUE_TRUTH_COMPARISON,,"[0.08186867214190732, -2.621538696932981, -0.02469892029934209]",,,,,,,,,0.20132583938539028,0.006565334275364876,0.09531174600124359,0,
c7139d9912ce45f4b3b5aaf6aca0b001,image,hand_complete_stress_nonzero,float32,artificial,OPEN3D_POINT_TO_PLANE,WORLD_FIXED,STOPPED_INFORMATION_INSUFFICIENT,,,,,,,,,,,0.0019627492874860764,0.0001900363713502884,3.202073276042938e-05,0,the target is deliberately fully or almost fully occluded
c7139d9912ce45f4b3b5aaf6aca0b001,image,hand_complete_stress_nonzero,float32,artificial,OPEN3D_POINT_TO_PLANE,CAMERA_LOCAL,STOPPED_INFORMATION_INSUFFICIENT,,,,,,,,,,,0.0019627492874860764,0.0001900363713502884,1.089833676815033e-05,0,the target is deliberately fully or almost fully occluded
d94fbe974c97462fa9c9c58266a64c8e,direct,translation,clean,taco,OPEN3D_POINT_TO_PLANE,WORLD_FIXED,OUTPUT,"[-2.067903154402144, 0.7733695744931707, 10.453734586270246]","[-0.6920021175045377, -2.886409901633105, 9.865693788663902]",3.953843883723854,"[0.0, 0.0, 0.0]","[-0.004793239018464101, -0.001726639167250606, -0.00033151278275928746]",0.292524688495764,3.9540204242076182,3.9398406643290524,4.516795697269895,4.555851667671339,0.20126955397427082,0.00635930523276329,0.4296493995934725,0,
d94fbe974c97462fa9c9c58266a64c8e,direct,translation,clean,taco,OPEN3D_POINT_TO_PLANE,CAMERA_LOCAL,OUTPUT_ALTERNATIVE_MODEL_NO_UNIQUE_TRUTH_COMPARISON,,"[-0.28167402961477145, -3.9647116312763204, 9.418226031298335]",,,,,,,,,0.20126955397427082,0.00635930523276329,0.3776354044675827,0,
f477e19765214384ac2730d7458db083,direct,symmetric_ambiguous,information_insufficient,artificial,OPEN3D_POINT_TO_PLANE,WORLD_FIXED,STOPPED_INFORMATION_INSUFFICIENT,,,,,,,,,,,0.002450680360198021,0.00034310482442379,0.011518673971295357,0,the public shape has deliberately ambiguous rigid symmetries
f477e19765214384ac2730d7458db083,direct,symmetric_ambiguous,information_insufficient,artificial,OPEN3D_POINT_TO_PLANE,CAMERA_LOCAL,OUTPUT_WITHOUT_IDENTIFIABILITY_CERTIFICATE,,,,,,,,,,,0.002450680360198021,0.00034310482442379,0.15195449627935886,0,the public shape has deliberately ambiguous rigid symmetries
bdbe0fcc494c4d04a011aadc82eea575,direct,combined,clean,artificial,OPEN3D_POINT_TO_PLANE,WORLD_FIXED,STOPPED,,,,,,,,,,,0.000932866707444191,0.0001692306250333786,0.003150615841150284,0,"Open3D calibration reached the numerical safety boundary: translation=0.17085608002542285, rotation_deg=10.862934058708396"
bdbe0fcc494c4d04a011aadc82eea575,direct,combined,clean,artificial,OPEN3D_POINT_TO_PLANE,CAMERA_LOCAL,STOPPED,,,,,,,,,,,0.000932866707444191,0.0001692306250333786,0.0028069037944078445,0,"Open3D calibration reached the numerical safety boundary: translation=0.1713835462410922, rotation_deg=9.162179894095674"
d4621e2209b140778dff346e6ea69397,direct,rotation,clean,artificial,OPEN3D_POINT_TO_PLANE,WORLD_FIXED,STOPPED,,,,,,,,,,,0.000860968604683876,0.00015872716903686523,0.00439240038394928,0,"Open3D calibration reached the numerical safety boundary: translation=0.10371522796554711, rotation_deg=5.529065331905786"
d4621e2209b140778dff346e6ea69397,direct,rotation,clean,artificial,OPEN3D_POINT_TO_PLANE,CAMERA_LOCAL,OUTPUT_ALTERNATIVE_MODEL_NO_UNIQUE_TRUTH_COMPARISON,,"[-4.934668199718265, -0.5571102496863249, -0.3796739643149952]",,,,,,,,,0.000860968604683876,0.00015872716903686523,0.012649476528167725,0,
67a60d7644c3401090d0cc3118ab7669,direct,identity,clean,taco,OPEN3D_POINT_TO_PLANE,WORLD_FIXED,OUTPUT,"[0.0, 0.0, 0.0]","[1.206458349926564, -3.973878940661231, -0.8357678591599094]",4.236244032104747,"[0.0, 0.0, 0.0]","[-0.004542357862789647, -0.0013516794018744198, -5.202627680180475e-05]",0.2715527343479684,4.269389639916789,4.338568310212754,4.741328162019104,4.873967746308957,0.20117892883718014,0.006443839520215988,0.363692469894886,0,
67a60d7644c3401090d0cc3118ab7669,direct,identity,clean,taco,OPEN3D_POINT_TO_PLANE,CAMERA_LOCAL,OUTPUT_ALTERNATIVE_MODEL_NO_UNIQUE_TRUTH_COMPARISON,,"[0.6653601398273669, -3.182963553963633, -0.6917858740823173]",,,,,,,,,0.20117892883718014,0.006443839520215988,0.35512187890708447,0,
ebaf2f42d2b5495793ca2824cd70320c,image,hand_complete_stress_nonzero,uint16,artificial,OPEN3D_POINT_TO_PLANE,WORLD_FIXED,STOPPED_INFORMATION_INSUFFICIENT,,,,,,,,,,,0.0020073987543582916,0.00018278323113918304,3.413110971450806e-05,0,the target is deliberately fully or almost fully occluded
ebaf2f42d2b5495793ca2824cd70320c,image,hand_complete_stress_nonzero,uint16,artificial,OPEN3D_POINT_TO_PLANE,CAMERA_LOCAL,STOPPED_INFORMATION_INSUFFICIENT,,,,,,,,,,,0.0020073987543582916,0.00018278323113918304,1.167692244052887e-05,0,the target is deliberately fully or almost fully occluded
0b3083ac015142c2892196535dc0dc70,direct,combined,outliers,taco,OPEN3D_POINT_TO_PLANE,WORLD_FIXED,OUTPUT_ALTERNATIVE_MODEL_NO_UNIQUE_TRUTH_COMPARISON,,"[-0.08772646757803072, 1.655425817987369, -7.32820466639821]",,,,,,,,,0.20141327008605003,0.006468147039413452,0.32999916560947895,0,
0b3083ac015142c2892196535dc0dc70,direct,combined,outliers,taco,OPEN3D_POINT_TO_PLANE,CAMERA_LOCAL,OUTPUT,"[0.7730674776839919, 1.0295072503719938, -7.035288451975939]","[0.6478047549336878, -0.1271869159684493, -7.000301489158497]",1.1639829172818739,"[-0.01276377744380985, -0.007753503856421654, -0.007433569745793681]","[-0.013311072375999412, -0.007691464490140802, -0.004537819244027817]",0.1688872084050384,1.2103008376497306,1.226221556524491,1.51410203145178,1.6075972915724348,0.20141327008605003,0.006468147039413452,1.901587463915348,0,
a4bcdb0f775344e08dbdceff2d252a25,direct,rotation,clean,taco,OPEN3D_POINT_TO_PLANE,WORLD_FIXED,OUTPUT_ALTERNATIVE_MODEL_NO_UNIQUE_TRUTH_COMPARISON,,"[4.892095204523395, 1.9003855159713425, 0.6896677493659067]",,,,,,,,,0.19954916834831238,0.006515679880976677,1.0846074856817722,0,
a4bcdb0f775344e08dbdceff2d252a25,direct,rotation,clean,taco,OPEN3D_POINT_TO_PLANE,CAMERA_LOCAL,OUTPUT,"[0.0, 0.0, 0.0]","[1.0540233428768946, -2.608419715776991, -0.4446925639059677]",2.8482573790612333,"[-0.021806913241052425, 0.03188435751434706, -0.06132707794622821]","[-0.024506625334783955, 0.03070064141131757, -0.06140480266199493]",0.1689197766136781,2.8364018573241587,2.826667900116671,3.1606369669620653,3.1833417808509177,0.19954916834831238,0.006515679880976677,0.47975505888462067,0,
154f230dc3bc4de58625de0c3adcca1f,direct,combined,strong_combined,taco,OPEN3D_POINT_TO_PLANE,WORLD_FIXED,OUTPUT,"[15.074916647919489, -0.12610707566483512, 17.235900033061903]","[17.89920716931752, -3.7293929791914744, 17.398589844718238]",4.581130234628715,"[0.04749205848594967, -0.02719988740399519, 0.013691470440290829]","[0.043529350378118364, -0.030217055854311746, 0.016862540188425916]",0.33825443821134177,4.705425160811367,4.721085506699501,5.306519582616535,5.3579286108555415,0.20003562793135643,0.006461735814809799,0.43849327601492405,0,
154f230dc3bc4de58625de0c3adcca1f,direct,combined,strong_combined,taco,OPEN3D_POINT_TO_PLANE,CAMERA_LOCAL,OUTPUT_ALTERNATIVE_MODEL_NO_UNIQUE_TRUTH_COMPARISON,,"[18.78468636869379, -3.7255726869018813, 20.760924094328843]",,,,,,,,,0.20003562793135643,0.006461735814809799,0.33149181120097637,0,
4c28d9f666dd4c8abe85a6a76588181a,direct,translation,clean,taco,OPEN3D_ROBUST_POINT_TO_PLANE,WORLD_FIXED,OUTPUT,"[2.5449150457852547, 16.11010027216403, 2.949223943738444]","[3.506807827237541, 12.490834996915867, 2.508004246142887]",3.77080809338973,"[0.0, 0.0, 0.0]","[-0.004304694059333921, -0.0011321331494514217, 5.346060749130101e-05]",0.2550465133032543,3.7709298503465085,3.7123037714010776,4.269932130009525,4.353089476890941,0.20824696496129036,0.007172774523496628,0.5239588972181082,18432,
4c28d9f666dd4c8abe85a6a76588181a,direct,translation,clean,taco,OPEN3D_ROBUST_POINT_TO_PLANE,CAMERA_LOCAL,OUTPUT_ALTERNATIVE_MODEL_NO_UNIQUE_TRUTH_COMPARISON,,"[4.458372866174322, 6.271456123837552, 2.275442841622596]",,,,,,,,,0.20824696496129036,0.007172774523496628,0.5191713403910398,0,
3ba9fd0ecf7d4c1090a3fc9ad48d8740,direct,symmetric_ambiguous,information_insufficient,artificial,OPEN3D_ROBUST_POINT_TO_PLANE,WORLD_FIXED,OUTPUT_WITHOUT_IDENTIFIABILITY_CERTIFICATE,,,,,,,,,,,0.002441907301545143,0.0005991067737340927,0.038985757157206535,0,the public shape has deliberately ambiguous rigid symmetries
3ba9fd0ecf7d4c1090a3fc9ad48d8740,direct,symmetric_ambiguous,information_insufficient,artificial,OPEN3D_ROBUST_POINT_TO_PLANE,CAMERA_LOCAL,OUTPUT_WITHOUT_IDENTIFIABILITY_CERTIFICATE,,,,,,,,,,,0.002441907301545143,0.0005991067737340927,0.038027435541152954,0,the public shape has deliberately ambiguous rigid symmetries
61b2c63680b94806b73b1cb28d85de38,direct,combined,noise,artificial,OPEN3D_ROBUST_POINT_TO_PLANE,WORLD_FIXED,STOPPED,,,,,,,,,,,0.001368088647723198,0.00024193152785301208,0.003221482038497925,0,"Open3D calibration reached the numerical safety boundary: translation=0.14239526101668168, rotation_deg=9.00072452789289"
61b2c63680b94806b73b1cb28d85de38,direct,combined,noise,artificial,OPEN3D_ROBUST_POINT_TO_PLANE,CAMERA_LOCAL,STOPPED,,,,,,,,,,,0.001368088647723198,0.00024193152785301208,0.002500675618648529,0,"Open3D calibration reached the numerical safety boundary: translation=0.10770865275815297, rotation_deg=6.648008608686448"
95a90168c3e044dc8ed518992c44c9ed,direct,translation,clean,artificial,OPEN3D_ROBUST_POINT_TO_PLANE,WORLD_FIXED,OUTPUT,"[11.998048343395347, -1.8859089847976456, -7.707967164562667]","[11.998048343395135, -1.885908984797716, -7.707967164562634]",2.2385590283679415e-13,"[0.0, 0.0, 0.0]","[-1.5564352169736396e-16, 2.9031180154003896e-16, -4.0473721734947583e-16]",0.0,2.250349509391732e-13,2.2679782120585615e-13,2.943774490948735e-13,3.1432500083045447e-13,0.000881880521774292,0.0001781657338142395,0.02302164025604725,0,
95a90168c3e044dc8ed518992c44c9ed,direct,translation,clean,artificial,OPEN3D_ROBUST_POINT_TO_PLANE,CAMERA_LOCAL,OUTPUT_ALTERNATIVE_MODEL_NO_UNIQUE_TRUTH_COMPARISON,,"[10.008929132574583, -1.0536593861132015, -7.312395305761227]",,,,,,,,,0.000881880521774292,0.0001781657338142395,0.008841287344694138,0,
c331fd6ad8e54d669cb213403c65116d,direct,combined,clean,taco,OPEN3D_ROBUST_POINT_TO_PLANE,WORLD_FIXED,OUTPUT_ALTERNATIVE_MODEL_NO_UNIQUE_TRUTH_COMPARISON,,"[-6.276474432668484, 0.26940529259957596, -10.46970487093603]",,,,,,,,,0.20618151128292084,0.011133154854178429,0.6762278582900763,452,
c331fd6ad8e54d669cb213403c65116d,direct,combined,clean,taco,OPEN3D_ROBUST_POINT_TO_PLANE,CAMERA_LOCAL,OUTPUT,"[-8.937920131697343, 13.732282190329528, -9.396663659275067]","[-8.177125854346823, 10.414246748118615, -9.80662119406572]",3.4287362553204215,"[0.004368907776155583, 0.014129971493673836, 0.016718567631763263]","[0.00046325001061548257, 0.013248519706851404, 0.017037397855257604]",0.23012763686308071,3.423399766864596,3.401896960709367,3.8668757657794575,3.9071484228357987,0.20618151128292084,0.011133154854178429,0.49917776696383953,0,
16068ca95f804ff88a0427a11f80ede8,direct,combined,random_missing,taco,OPEN3D_ROBUST_POINT_TO_PLANE,WORLD_FIXED,OUTPUT,"[2.2076614559807535, -3.432533763822405, -16.772247818001066]","[3.2579171070489736, -7.218600502203592, -17.526510948262594]",4.000781317411513,"[0.03261872224198752, -0.023025822080971137, 0.043776369742376774]","[0.027525891806496422, -0.024339033861272133, 0.044027313088278355]",0.3016480483421404,4.053237778007601,4.072199334185552,4.567437496900941,4.649678365877434,0.19854833744466305,0.006735268980264664,0.4434726759791374,0,
16068ca95f804ff88a0427a11f80ede8,direct,combined,random_missing,taco,OPEN3D_ROBUST_POINT_TO_PLANE,CAMERA_LOCAL,OUTPUT_ALTERNATIVE_MODEL_NO_UNIQUE_TRUTH_COMPARISON,,"[5.835062960634491, 3.5873004204122982, -16.044153042532958]",,,,,,,,,0.19854833744466305,0.006735268980264664,0.6694267634302378,0,
62b3e8164a8a4b0089924f4e8908009a,direct,rotation,clean,taco,OPEN3D_ROBUST_POINT_TO_PLANE,WORLD_FIXED,OUTPUT,"[0.0, 0.0, 0.0]","[0.861642295699085, -3.017724581875799, -0.0930319443610259]",3.1397044511333627,"[0.03197404001799173, -0.01848592004473245, -0.013100667671368181]","[0.028192881677062975, -0.019580120506343023, -0.012698190603125454]",0.22670132548234073,3.197494542113275,3.232246424494123,3.5800708215187242,3.6463806173585245,0.19958141446113586,0.006415810436010361,0.6374423950910568,0,
62b3e8164a8a4b0089924f4e8908009a,direct,rotation,clean,taco,OPEN3D_ROBUST_POINT_TO_PLANE,CAMERA_LOCAL,OUTPUT_ALTERNATIVE_MODEL_NO_UNIQUE_TRUTH_COMPARISON,,"[2.3325297412650494, 3.929147968618151, -0.38099782643856855]",,,,,,,,,0.19958141446113586,0.006415810436010361,0.5508684925734997,0,
a86cf6e5ba4f4b4cb6b5d3f0d2cdf7c4,direct,inconsistent_frames,information_insufficient,artificial,OPEN3D_ROBUST_POINT_TO_PLANE,WORLD_FIXED,STOPPED_INFORMATION_INSUFFICIENT,,,,,,,,,,,0.001499868929386139,0.0003386065363883972,0.007198864594101906,0,different frames were generated from deliberately incompatible corrections
a86cf6e5ba4f4b4cb6b5d3f0d2cdf7c4,direct,inconsistent_frames,information_insufficient,artificial,OPEN3D_ROBUST_POINT_TO_PLANE,CAMERA_LOCAL,STOPPED_INFORMATION_INSUFFICIENT,,,,,,,,,,,0.001499868929386139,0.0003386065363883972,0.011350136250257492,0,different frames were generated from deliberately incompatible corrections
2d510a4d4a3949b09dfa947878b1109b,direct,identity,clean,artificial,OPEN3D_ROBUST_POINT_TO_PLANE,WORLD_FIXED,OUTPUT_ALTERNATIVE_MODEL_NO_UNIQUE_TRUTH_COMPARISON,,"[2.7504228052304416e-13, -7.043250914785132e-13, -9.582666637625607e-14]",,,,,,,,,0.0014081168919801712,0.00016675889492034912,0.0051931776106357574,0,
2d510a4d4a3949b09dfa947878b1109b,direct,identity,clean,artificial,OPEN3D_ROBUST_POINT_TO_PLANE,CAMERA_LOCAL,OUTPUT,"[0.0, 0.0, 0.0]","[-1.1216013920766173e-13, 5.011387180167291e-13, 2.003290634101139e-14]",5.139272602800911e-13,"[0.0, 0.0, 0.0]","[6.079506939926866e-16, 1.2287530018585454e-16, 1.1609119389837513e-16]",0.0,5.036740093846907e-13,5.010547648169036e-13,5.75708461607951e-13,5.859258055839299e-13,0.0014081168919801712,0.00016675889492034912,0.0032803788781166077,0,
38966a1d743349c98959d1d60a8fe011,direct,combined,combined,artificial,OPEN3D_ROBUST_POINT_TO_PLANE,WORLD_FIXED,STOPPED,,,,,,,,,,,0.0009151920676231384,0.00021523237228393555,0.00277031771838665,0,"Open3D calibration reached the numerical safety boundary: translation=0.20926763264947132, rotation_deg=13.702379753855498"
38966a1d743349c98959d1d60a8fe011,direct,combined,combined,artificial,OPEN3D_ROBUST_POINT_TO_PLANE,CAMERA_LOCAL,STOPPED,,,,,,,,,,,0.0009151920676231384,0.00021523237228393555,0.003262784332036972,0,"Open3D calibration reached the numerical safety boundary: translation=0.11196768408807485, rotation_deg=6.374866304076977"
d0a112c217d44081b2e4e6c8fbfc049f,direct,combined,strong_combined,taco,OPEN3D_ROBUST_POINT_TO_PLANE,WORLD_FIXED,OUTPUT_ALTERNATIVE_MODEL_NO_UNIQUE_TRUTH_COMPARISON,,"[15.843767742423454, 0.9841639743689595, 1.269752745385989]",,,,,,,,,0.19879386387765408,0.006638955324888229,1.1223698779940605,0,
d0a112c217d44081b2e4e6c8fbfc049f,direct,combined,strong_combined,taco,OPEN3D_ROBUST_POINT_TO_PLANE,CAMERA_LOCAL,OUTPUT,"[13.437199402732924, 8.714280602998546, 1.5681983641295227]","[11.596488672199488, 6.298091033326226, 2.0155755963510043]",3.0702336096793035,"[-0.014704052128639207, -0.0030995067554370113, -0.0006727627589320589]","[-0.01739435595544097, -0.0010692007894801273, 3.71064437363222e-05]",0.1973476351168722,3.059907236534981,3.0356046042684754,3.456728414397075,3.501109340882784,0.19879386387765408,0.006638955324888229,0.37669579312205315,0,
d833a84a788a44c3999fc34090c9719b,direct,identity,clean,artificial,OPEN3D_ROBUST_POINT_TO_PLANE,WORLD_FIXED,OUTPUT_ALTERNATIVE_MODEL_NO_UNIQUE_TRUTH_COMPARISON,,"[5.5858370061044554e-14, -1.9567533236154443e-13, -3.0341773401174326e-14]",,,,,,,,,0.0015154015272855759,0.00031386129558086395,0.019922904670238495,0,
d833a84a788a44c3999fc34090c9719b,direct,identity,clean,artificial,OPEN3D_ROBUST_POINT_TO_PLANE,CAMERA_LOCAL,OUTPUT,"[0.0, 0.0, 0.0]","[-6.451732851214098e-14, -5.897484729752484e-14, 2.100274768683171e-14]",8.989790710860074e-14,"[0.0, 0.0, 0.0]","[-5.460397539575217e-17, 9.92228266616344e-17, 4.0376901580814965e-17]",0.0,9.074339582478264e-14,8.936767051553967e-14,1.0546273915330381e-13,1.1610990315520314e-13,0.0015154015272855759,0.00031386129558086395,0.003692377358675003,0,
811fe61ae2cc47c688a2a1d3cf5d27a7,direct,combined,outliers,taco,OPEN3D_ROBUST_POINT_TO_PLANE,WORLD_FIXED,OUTPUT,"[-2.8899703288004757, 4.377308428763098, -1.1094411065326797]","[-1.0440565183068407, -0.45193004113472723, -1.991689629035281]",5.244740646625936,"[-0.008520772058948667, -0.001329421353910896, 0.022501593002357816]","[-0.014998534476103383, -0.0034422185926618588, 0.022062049269506664]",0.39119405755470016,5.3004775157405835,5.30938338031612,6.030770458506498,6.092362824140386,0.20148755051195621,0.006534367799758911,1.788814190775156,0,
811fe61ae2cc47c688a2a1d3cf5d27a7,direct,combined,outliers,taco,OPEN3D_ROBUST_POINT_TO_PLANE,CAMERA_LOCAL,OUTPUT_ALTERNATIVE_MODEL_NO_UNIQUE_TRUTH_COMPARISON,,"[-0.25483528991347343, -2.3972149959480067, -1.595912014239272]",,,,,,,,,0.20148755051195621,0.006534367799758911,0.483635101467371,0,
0d0eaac4669b41c3ab399a00a2af2d2b,direct,combined,clean,taco,OPEN3D_ROBUST_POINT_TO_PLANE,WORLD_FIXED,OUTPUT,"[8.569608261548316, -9.10851330039218, -2.2522970984439996]","[9.454845693145103, -12.448181984872923, -2.5302969181373047]",3.466167354896603,"[-0.05382817839017699, -0.02100793204396155, -0.023359363898345545]","[-0.058044036793285354, -0.022184903339978905, -0.023099635510428977]",0.25122082559951203,3.4858786246930324,3.5269724299116527,3.91381555648853,3.9969772702008655,0.19976120442152023,0.006550950929522514,0.7720502112060785,0,
0d0eaac4669b41c3ab399a00a2af2d2b,direct,combined,clean,taco,OPEN3D_ROBUST_POINT_TO_PLANE,CAMERA_LOCAL,OUTPUT_ALTERNATIVE_MODEL_NO_UNIQUE_TRUTH_COMPARISON,,"[10.466904799463965, 5.128301375727722, -2.165984484937888]",,,,,,,,,0.19976120442152023,0.006550950929522514,1.7956989854574203,0,
15b25d6b7521453abee0455fc66ecbb6,direct,inconsistent_frames,information_insufficient,artificial,OPEN3D_ROBUST_POINT_TO_PLANE,WORLD_FIXED,STOPPED_INFORMATION_INSUFFICIENT,,,,,,,,,,,0.001568719744682312,0.0002554226666688919,0.004624009132385254,0,different frames were generated from deliberately incompatible corrections
15b25d6b7521453abee0455fc66ecbb6,direct,inconsistent_frames,information_insufficient,artificial,OPEN3D_ROBUST_POINT_TO_PLANE,CAMERA_LOCAL,STOPPED_INFORMATION_INSUFFICIENT,,,,,,,,,,,0.001568719744682312,0.0002554226666688919,0.005800154060125351,0,different frames were generated from deliberately incompatible corrections
89011a2ead624e698e42ce0abc69dff2,direct,combined,outliers,taco,OPEN3D_ROBUST_POINT_TO_PLANE,WORLD_FIXED,OUTPUT_ALTERNATIVE_MODEL_NO_UNIQUE_TRUTH_COMPARISON,,"[10.65172413300867, -7.190824866687368, 4.641572537392021]",,,,,,,,,0.20164147950708866,0.006583159789443016,0.6605632044374943,0,
89011a2ead624e698e42ce0abc69dff2,direct,combined,outliers,taco,OPEN3D_ROBUST_POINT_TO_PLANE,CAMERA_LOCAL,OUTPUT,"[12.958793016951416, -11.983930445371527, 4.196395678973105]","[14.654801711374644, -12.908986557323342, 4.093845838528893]",1.9346035179317036,"[-0.030797315259276262, -0.02538479238297678, 0.0010743634252637527]","[-0.031950156305771214, -0.027411824282128815, 0.0008321275422495]",0.13432745069328006,1.9776509660812929,1.9673433533510285,2.205344801486696,2.2302861025348033,0.20164147950708866,0.006583159789443016,0.5546757224947214,0,
2ebce00c7f6d4bfaab41db93dd0e2c25,image,other_front_stress_nonzero,float32,artificial,OPEN3D_ROBUST_POINT_TO_PLANE,WORLD_FIXED,STOPPED,,,,,,,,,,,0.0021077487617731094,0.00018887408077716827,0.0004997383803129196,0,too few calibration surface points
2ebce00c7f6d4bfaab41db93dd0e2c25,image,other_front_stress_nonzero,float32,artificial,OPEN3D_ROBUST_POINT_TO_PLANE,CAMERA_LOCAL,STOPPED,,,,,,,,,,,0.0021077487617731094,0.00018887408077716827,0.0003865044564008713,0,too few calibration surface points
92c840c690094719a5435b8ac0fc5268,direct,translation,clean,artificial,OPEN3D_ROBUST_POINT_TO_PLANE,WORLD_FIXED,OUTPUT_ALTERNATIVE_MODEL_NO_UNIQUE_TRUTH_COMPARISON,,"[-17.411546420877333, -2.029471313421092, -13.587647179539914]",,,,,,,,,0.0008512157946825027,0.00015995092689990997,0.011394033208489418,0,
92c840c690094719a5435b8ac0fc5268,direct,translation,clean,artificial,OPEN3D_ROBUST_POINT_TO_PLANE,CAMERA_LOCAL,OUTPUT,"[-19.88360467290406, 5.05949605028985, -12.36050360136579]","[-19.88360467290421, 5.059496050289935, -12.360503601365735]",1.8086312149132692e-13,"[0.0, 0.0, 0.0]","[4.3890252740819353e-17, 1.4367442227239432e-16, -2.1309130153614942e-16]",0.0,1.7997606676009275e-13,1.7914315501027476e-13,2.118352371637509e-13,2.342840229615247e-13,0.0008512157946825027,0.00015995092689990997,0.029846899211406708,0,
b189d7d17bec43978637e80534727d21,direct,combined,random_missing,taco,OPEN3D_ROBUST_POINT_TO_PLANE,WORLD_FIXED,OUTPUT_ALTERNATIVE_MODEL_NO_UNIQUE_TRUTH_COMPARISON,,"[-18.067126338135658, -1.419554528556838, -15.694370314728413]",,,,,,,,,0.19994141533970833,0.006400665268301964,0.744644720107317,0,
b189d7d17bec43978637e80534727d21,direct,combined,random_missing,taco,OPEN3D_ROBUST_POINT_TO_PLANE,CAMERA_LOCAL,OUTPUT,"[-14.744044469161405, -4.709258418500419, -16.02725166452464]","[-13.936044378287813, -7.858965287043606, -16.06143499860322]",3.2518742295680183,"[0.018960941083840104, -0.05290938298717987, 0.018569684880648873]","[0.015192625259436052, -0.05379778607506618, 0.018464944248348644]",0.22187685028056917,3.256794509388298,3.2821297349525222,3.6652699364533214,3.69461615051617,0.19994141533970833,0.006400665268301964,0.607091162353754,0,
4d43ec3416434c6dba1151fc64b3afa6,direct,combined,outliers,taco,OPEN3D_ROBUST_POINT_TO_PLANE,WORLD_FIXED,STOPPED,,,,,,,,,,,0.2004895657300949,0.006419224664568901,0.0746536273509264,0,"Open3D calibration reached the numerical safety boundary: translation=0.1007146854570744, rotation_deg=8.12930516203683"
4d43ec3416434c6dba1151fc64b3afa6,direct,combined,outliers,taco,OPEN3D_ROBUST_POINT_TO_PLANE,CAMERA_LOCAL,OUTPUT_ALTERNATIVE_MODEL_NO_UNIQUE_TRUTH_COMPARISON,,"[-11.470469937496086, -3.4842631861897226, -2.8300495215338826]",,,,,,,,,0.2004895657300949,0.006419224664568901,0.6660453863441944,0,
7522e4f6d327441baa991f95a4a74ef2,direct,identity,clean,taco,OPEN3D_ROBUST_POINT_TO_PLANE,WORLD_FIXED,OUTPUT_ALTERNATIVE_MODEL_NO_UNIQUE_TRUTH_COMPARISON,,"[1.091038549023545, -3.0268703540702973, -0.7437775236648432]",,,,,,,,,0.20313482731580734,0.006407406181097031,0.2963922768831253,0,
7522e4f6d327441baa991f95a4a74ef2,direct,identity,clean,taco,OPEN3D_ROBUST_POINT_TO_PLANE,CAMERA_LOCAL,OUTPUT,"[0.0, 0.0, 0.0]","[1.0962038995119665, -3.6674635802795517, -0.718883182917954]",3.8947073231071414,"[0.0, 0.0, 0.0]","[-0.004280230354078971, -0.0012657938072930504, 4.446703475794962e-05]",0.2557509494241621,3.869368101208096,3.85494864070217,4.319297804457625,4.463354450272854,0.20313482731580734,0.006407406181097031,0.2932799272239208,0,
39b31a9f2dbb475e9ff96c0bbaa16445,direct,symmetric_ambiguous,information_insufficient,artificial,OPEN3D_ROBUST_POINT_TO_PLANE,WORLD_FIXED,OUTPUT_WITHOUT_IDENTIFIABILITY_CERTIFICATE,,,,,,,,,,,0.0022340547293424606,0.00033931806683540344,0.0409376360476017,0,the public shape has deliberately ambiguous rigid symmetries
39b31a9f2dbb475e9ff96c0bbaa16445,direct,symmetric_ambiguous,information_insufficient,artificial,OPEN3D_ROBUST_POINT_TO_PLANE,CAMERA_LOCAL,OUTPUT_WITHOUT_IDENTIFIABILITY_CERTIFICATE,,,,,,,,,,,0.0022340547293424606,0.00033931806683540344,0.1686170231550932,0,the public shape has deliberately ambiguous rigid symmetries
0d739c353a2243f7add2a9694b908956,image,none_small_nonzero,float32,artificial,OPEN3D_ROBUST_POINT_TO_PLANE,WORLD_FIXED,OUTPUT,"[0.34175348697732993, -0.4275213378977637, -0.13838189925227457]","[-61.04826219441688, -45.78200638771935, -3.8661610264196864]",76.41766599888577,"[-0.00014284504412062776, -0.0026143951372975785, 0.001477607015637269]","[-0.053874086717105515, 0.02748595707676779, 0.0011603297908948853]",3.528776204249155,76.75728181607894,76.7066528137182,82.81892436574746,83.43767559081223,0.0013741161674261093,0.00014221109449863434,0.011294813826680183,0,
0d739c353a2243f7add2a9694b908956,image,none_small_nonzero,float32,artificial,OPEN3D_ROBUST_POINT_TO_PLANE,CAMERA_LOCAL,OUTPUT_ALTERNATIVE_MODEL_NO_UNIQUE_TRUTH_COMPARISON,,"[-79.86478601336671, -11.113163388209848, -3.1157167951206826]",,,,,,,,,0.0013741161674261093,0.00014221109449863434,0.03615324944257736,0,
ba152c587fc84b70bb6ef936f6d845a4,direct,translation,clean,taco,OPEN3D_ROBUST_POINT_TO_PLANE,WORLD_FIXED,OUTPUT_ALTERNATIVE_MODEL_NO_UNIQUE_TRUTH_COMPARISON,,"[-2.4509169884899986, 1.4158371562223635, -12.216282904200293]",,,,,,,,,0.20193449780344963,0.006367186084389687,1.7546375188976526,0,
ba152c587fc84b70bb6ef936f6d845a4,direct,translation,clean,taco,OPEN3D_ROBUST_POINT_TO_PLANE,CAMERA_LOCAL,OUTPUT,"[-2.928855718855027, 2.4383516043650233, -11.920778455397642]","[-2.771399807863276, -0.9017705025514217, -12.068455994266433]",3.34709078282985,"[0.0, 0.0, 0.0]","[-0.003285415741630613, -0.00012460534662807668, -0.0004400429129795213]",0.19005555768978585,3.3485076200045834,3.400874977038009,3.663580897826454,3.72071417000887,0.20193449780344963,0.006367186084389687,0.5588004067540169,0,
904d992d3e1944059c7c57f9c779a8e0,direct,identity,clean,taco,OPEN3D_ROBUST_POINT_TO_PLANE,WORLD_FIXED,OUTPUT,"[0.0, 0.0, 0.0]","[0.8177887500400849, -3.6837621770573388, 0.04533944156723169]",3.77371671986279,"[0.0, 0.0, 0.0]","[-0.005033414718322879, -0.0010924910696689404, -3.2609069194970675e-05]",0.2951142243227687,3.768035919655928,3.7420161935983005,4.351504893580906,4.40267923345594,0.19996261596679688,0.006541816517710686,0.19872353225946426,0,
904d992d3e1944059c7c57f9c779a8e0,direct,identity,clean,taco,OPEN3D_ROBUST_POINT_TO_PLANE,CAMERA_LOCAL,OUTPUT_ALTERNATIVE_MODEL_NO_UNIQUE_TRUTH_COMPARISON,,"[1.1426462274050049, -1.3613618885247252, -0.34353608577913225]",,,,,,,,,0.19996261596679688,0.006541816517710686,0.2570366691797972,0,
642e1208e14d41cf8d62c915b95a109f,direct,inconsistent_frames,information_insufficient,artificial,OPEN3D_ROBUST_POINT_TO_PLANE,WORLD_FIXED,STOPPED_INFORMATION_INSUFFICIENT,,,,,,,,,,,0.0015457551926374435,0.00024373643100261688,0.00467240996658802,0,different frames were generated from deliberately incompatible corrections
642e1208e14d41cf8d62c915b95a109f,direct,inconsistent_frames,information_insufficient,artificial,OPEN3D_ROBUST_POINT_TO_PLANE,CAMERA_LOCAL,STOPPED_INFORMATION_INSUFFICIENT,,,,,,,,,,,0.0015457551926374435,0.00024373643100261688,0.004010442644357681,0,different frames were generated from deliberately incompatible corrections
275076508c8b4fabbd81606e507b6e5b,direct,rotation,clean,artificial,OPEN3D_ROBUST_POINT_TO_PLANE,WORLD_FIXED,STOPPED,,,,,,,,,,,0.0008648168295621872,0.0001669079065322876,0.002892501652240753,0,"Open3D calibration reached the numerical safety boundary: translation=0.20097885421539513, rotation_deg=12.474464988428368"
275076508c8b4fabbd81606e507b6e5b,direct,rotation,clean,artificial,OPEN3D_ROBUST_POINT_TO_PLANE,CAMERA_LOCAL,STOPPED,,,,,,,,,,,0.0008648168295621872,0.0001669079065322876,0.0022573545575141907,0,"Open3D calibration reached the numerical safety boundary: translation=0.15973031124060966, rotation_deg=9.178955583575998"
07c581eb235040f8b2bcf26af0aaf020,direct,combined,clean,artificial,OPEN3D_ROBUST_POINT_TO_PLANE,WORLD_FIXED,STOPPED,,,,,,,,,,,0.0008727274835109711,0.00020491890609264374,0.0028221458196640015,0,"Open3D calibration reached the numerical safety boundary: translation=0.15726169021872566, rotation_deg=11.864725435085786"
07c581eb235040f8b2bcf26af0aaf020,direct,combined,clean,artificial,OPEN3D_ROBUST_POINT_TO_PLANE,CAMERA_LOCAL,STOPPED,,,,,,,,,,,0.0008727274835109711,0.00020491890609264374,0.0023279674351215363,0,"Open3D calibration reached the numerical safety boundary: translation=0.1580370886348589, rotation_deg=9.875265030743861"
0a72517e954d49879a04e98843dee22b,direct,rotation,clean,artificial,OPEN3D_ROBUST_POINT_TO_PLANE,WORLD_FIXED,OUTPUT,"[0.0, 0.0, 0.0]","[6.493232827196476e-13, 1.651048479916827e-13, -1.3563502444718738e-13]",6.835767668440504e-13,"[-0.030316709787585924, 0.021816139862182036, 0.02078254874909207]","[-0.0303167097875857, 0.0218161398621812, 0.02078254874909203]",0.0,6.899018780147536e-13,6.922109340358775e-13,7.783862498430204e-13,7.923794538807725e-13,0.0008730795234441757,0.0001644957810640335,0.01967451348900795,0,
0a72517e954d49879a04e98843dee22b,direct,rotation,clean,artificial,OPEN3D_ROBUST_POINT_TO_PLANE,CAMERA_LOCAL,STOPPED,,,,,,,,,,,0.0008730795234441757,0.0001644957810640335,0.0036597270518541336,0,"Open3D calibration reached the numerical safety boundary: translation=0.10086621095028128, rotation_deg=4.942442425772831"
0613bd6004934d7e9a4d9bb9ee1b917f,direct,identity,clean,artificial,OPEN3D_ROBUST_POINT_TO_PLANE,WORLD_FIXED,OUTPUT,"[0.0, 0.0, 0.0]","[1.8757780566225924e-13, 4.558440364788888e-13, -9.910633193069916e-14]",5.027934802671896e-13,"[0.0, 0.0, 0.0]","[4.676568172939219e-16, -2.8900625499689053e-16, -3.6071744037578724e-16]",0.0,5.037913586052773e-13,4.953967393240662e-13,5.934516887567715e-13,6.112531465858672e-13,0.0008930359035730362,0.0001568831503391266,0.010576542466878891,0,
0613bd6004934d7e9a4d9bb9ee1b917f,direct,identity,clean,artificial,OPEN3D_ROBUST_POINT_TO_PLANE,CAMERA_LOCAL,OUTPUT_ALTERNATIVE_MODEL_NO_UNIQUE_TRUTH_COMPARISON,,"[-4.077173229096197e-13, -1.5464695324396445e-13, 1.1492647081427264e-13]",,,,,,,,,0.0008930359035730362,0.0001568831503391266,0.017263000831007957,0,
b64258d87dfd4efd834c86f47193d529,image,other_front_small_nonzero,float32,artificial,OPEN3D_ROBUST_POINT_TO_PLANE,WORLD_FIXED,STOPPED,,,,,,,,,,,0.0012740902602672577,0.00013313814997673035,0.00023266859352588654,0,prepared frame 1 contains no target evidence
b64258d87dfd4efd834c86f47193d529,image,other_front_small_nonzero,float32,artificial,OPEN3D_ROBUST_POINT_TO_PLANE,CAMERA_LOCAL,STOPPED,,,,,,,,,,,0.0012740902602672577,0.00013313814997673035,0.00012755952775478363,0,prepared frame 1 contains no target evidence
97c58d07be404adfbc9ac8d302006599,direct,translation,clean,artificial,OPEN3D_ROBUST_POINT_TO_PLANE,WORLD_FIXED,OUTPUT,"[2.852526260383517, 7.947411546016232, -4.329475358381759]","[2.852526260383029, 7.947411546016223, -4.329475358381646]",5.010222940696562e-13,"[0.0, 0.0, 0.0]","[-7.416749950966209e-17, 5.657970014986075e-16, -2.48348404397056e-16]",0.0,4.965625221447641e-13,4.939613807592843e-13,5.591470100575623e-13,5.721958498152797e-13,0.0008566733449697495,0.00015879608690738678,0.07728822343051434,0,
97c58d07be404adfbc9ac8d302006599,direct,translation,clean,artificial,OPEN3D_ROBUST_POINT_TO_PLANE,CAMERA_LOCAL,OUTPUT_ALTERNATIVE_MODEL_NO_UNIQUE_TRUTH_COMPARISON,,"[2.9690339861522776, 3.954609416931304, -4.2240849914966745]",,,,,,,,,0.0008566733449697495,0.00015879608690738678,0.006008535623550415,0,
b1ab0b082ec0459a9a06d409c0577a76,direct,translation,clean,taco,OPEN3D_ROBUST_POINT_TO_PLANE,WORLD_FIXED,OUTPUT_ALTERNATIVE_MODEL_NO_UNIQUE_TRUTH_COMPARISON,,"[4.221593080240171, -8.25118470909243, -4.582653894524546]",,,,,,,,,0.2012408096343279,0.006485613062977791,0.46857160329818726,0,
b1ab0b082ec0459a9a06d409c0577a76,direct,translation,clean,taco,OPEN3D_ROBUST_POINT_TO_PLANE,CAMERA_LOCAL,OUTPUT,"[3.1867741722158516, -4.761937377054314, -3.8877450348494955]","[4.476878183593992, -6.379530439853975, -4.562916155531247]",2.1764263642940485,"[0.0, 0.0, 0.0]","[-0.00167185202672259, -0.0014559134832170645, 0.0002510061494003253]",0.12783223034288446,2.169715499950961,2.1526530404379263,2.4108066390835954,2.530445024840006,0.2012408096343279,0.006485613062977791,0.4690764993429184,0,
76b500a228de45b6a7759de2d90889cc,direct,combined,clean,taco,OPEN3D_ROBUST_POINT_TO_PLANE,WORLD_FIXED,OUTPUT_ALTERNATIVE_MODEL_NO_UNIQUE_TRUTH_COMPARISON,,"[2.4914745256628286, 18.73135900693315, -4.947259042861444]",,,,,,,,,0.19951658695936203,0.006471011787652969,0.7727251555770636,0,
76b500a228de45b6a7759de2d90889cc,direct,combined,clean,taco,OPEN3D_ROBUST_POINT_TO_PLANE,CAMERA_LOCAL,OUTPUT,"[-1.206725322518739, 11.573918993810048, -4.358506633002597]","[-0.7282424904521796, 10.052686759470118, -4.559913474685959]",1.6073761374532591,"[-0.027045700479182415, 0.028786189567671656, -0.008278571285826323]","[-0.02879807888468829, 0.028200851037768794, -0.008054474461876222]",0.10662664791176475,1.5965159953396655,1.5876869210196882,1.7831461396957813,1.8541020823114154,0.19951658695936203,0.006471011787652969,0.6393418237566948,0,
55d9ad951e0b46c0a1876eba953db1d0,direct,identity,clean,artificial,OPEN3D_ROBUST_POINT_TO_PLANE,WORLD_FIXED,OUTPUT,"[0.0, 0.0, 0.0]","[-6.223681866562183e-13, 6.050284545232059e-16, 2.726922185671183e-13]",6.794877275479207e-13,"[0.0, 0.0, 0.0]","[-2.6078994371111143e-17, 7.723333824712943e-16, -6.602187646169744e-17]",0.0,6.870705377284989e-13,6.844951226109697e-13,7.75071140433057e-13,7.944654750360816e-13,0.0016831420361995697,0.0002424735575914383,0.009976644068956375,0,
55d9ad951e0b46c0a1876eba953db1d0,direct,identity,clean,artificial,OPEN3D_ROBUST_POINT_TO_PLANE,CAMERA_LOCAL,OUTPUT_ALTERNATIVE_MODEL_NO_UNIQUE_TRUTH_COMPARISON,,"[6.417413362648169e-13, 1.6154632122833757e-13, -1.7313035997122326e-13]",,,,,,,,,0.0016831420361995697,0.0002424735575914383,0.006708761677145958,0,
857cb8e146294f459f1829f0aee52e9f,direct,combined,local_missing,artificial,OPEN3D_ROBUST_POINT_TO_PLANE,WORLD_FIXED,OUTPUT,"[14.322226268071613, 10.422631323082499, -5.975182359383739]","[14.322226268071804, 10.422631323082404, -5.975182359383647]",2.3017629996130706e-13,"[-0.049962803585826776, -0.00934724081180938, 0.0033403915973159296]","[-0.04996280358582686, -0.009347240811809562, 0.003340391597316079]",0.0,2.3440416196816343e-13,2.3280208766723566e-13,2.659310490475463e-13,2.9447410029752244e-13,0.0008436143398284912,0.00016492977738380432,0.017256582155823708,0,
857cb8e146294f459f1829f0aee52e9f,direct,combined,local_missing,artificial,OPEN3D_ROBUST_POINT_TO_PLANE,CAMERA_LOCAL,OUTPUT_ALTERNATIVE_MODEL_NO_UNIQUE_TRUTH_COMPARISON,,"[4.392077176493857, 8.726776758736255, -2.7394215093575545]",,,,,,,,,0.0008436143398284912,0.00016492977738380432,0.009918347001075745,0,
c6525673188d4350ac0bfbd905453f19,direct,combined,noise,artificial,OPEN3D_ROBUST_POINT_TO_PLANE,WORLD_FIXED,STOPPED,,,,,,,,,,,0.0009200479835271835,0.00016908347606658936,0.00472085177898407,0,"Open3D calibration reached the numerical safety boundary: translation=0.10976991952197787, rotation_deg=8.589102775912353"
c6525673188d4350ac0bfbd905453f19,direct,combined,noise,artificial,OPEN3D_ROBUST_POINT_TO_PLANE,CAMERA_LOCAL,OUTPUT,"[-11.299246578941574, -3.1946154590728515, 1.1189704920184464]","[-11.713676909016497, -3.067153427031918, 1.208866148928212]",0.4428095496138848,"[0.03286999806350467, -0.002665804553705508, -0.004957311386982891]","[0.03290769509260774, -0.002109696049766484, -0.005181477184223217]",0.03442015773691276,0.4420858493761176,0.4428224458528113,0.5010750952030013,0.5250441295509806,0.0009200479835271835,0.00016908347606658936,0.01216273196041584,0,
0aaff379548944648a7414c130a181fa,image,hand_large_stress_nonzero,float32,artificial,OPEN3D_ROBUST_POINT_TO_PLANE,WORLD_FIXED,STOPPED_INFORMATION_INSUFFICIENT,,,,,,,,,,,0.0011950507760047913,0.00014553777873516083,4.933401942253113e-05,0,the target is deliberately fully or almost fully occluded
0aaff379548944648a7414c130a181fa,image,hand_large_stress_nonzero,float32,artificial,OPEN3D_ROBUST_POINT_TO_PLANE,CAMERA_LOCAL,STOPPED_INFORMATION_INSUFFICIENT,,,,,,,,,,,0.0011950507760047913,0.00014553777873516083,1.1118128895759583e-05,0,the target is deliberately fully or almost fully occluded
55da8ade46264d6b8fd1cc63e3eb03bb,direct,translation,clean,taco,OPEN3D_ROBUST_POINT_TO_PLANE,WORLD_FIXED,OUTPUT,"[-13.09349163270764, -2.393711257800257, -14.706291796956549]","[-12.17378570010399, -5.581990393705334, -15.000124119570755]",3.331264067096278,"[0.0, 0.0, 0.0]","[-0.0036639068868682223, -0.0010435730597497257, 3.639717071938915e-05]",0.21828551433257495,3.3390209514536453,3.350770709875154,3.6920821954616385,3.7710032351902916,0.20175685361027718,0.006721919402480125,0.6244519017636776,0,
55da8ade46264d6b8fd1cc63e3eb03bb,direct,translation,clean,taco,OPEN3D_ROBUST_POINT_TO_PLANE,CAMERA_LOCAL,OUTPUT_ALTERNATIVE_MODEL_NO_UNIQUE_TRUTH_COMPARISON,,"[-11.460658543301859, -2.7646886939502933, -15.573743198513286]",,,,,,,,,0.20175685361027718,0.006721919402480125,0.6045524645596743,0,
9bcd56d2f8b94a9fb7d9128fdd743677,image,other_front_stress_nonzero,uint16,artificial,OPEN3D_ROBUST_POINT_TO_PLANE,WORLD_FIXED,STOPPED,,,,,,,,,,,0.0019513238221406937,0.0001827329397201538,3.10651957988739e-05,0,prepared frame 0 contains no target evidence
9bcd56d2f8b94a9fb7d9128fdd743677,image,other_front_stress_nonzero,uint16,artificial,OPEN3D_ROBUST_POINT_TO_PLANE,CAMERA_LOCAL,STOPPED,,,,,,,,,,,0.0019513238221406937,0.0001827329397201538,1.1106953024864197e-05,0,prepared frame 0 contains no target evidence
4b8e0982b94b4b568b7bb68c1a70349b,direct,rotation,clean,artificial,OPEN3D_ROBUST_POINT_TO_PLANE,WORLD_FIXED,OUTPUT,"[0.0, 0.0, 0.0]","[2.7973111565197354e-13, -2.056686295554646e-13, -2.2462758488536319e-13]",4.1352948400150595e-13,"[-0.02674517839482567, 0.007241057886425059, 0.06884286261955508]","[-0.026745178394825875, 0.007241057886424679, 0.06884286261955527]",0.0,4.1687762492701977e-13,4.186478467282238e-13,4.779259447008488e-13,4.859703277263796e-13,0.0008964147418737411,0.00016135163605213165,0.019823916256427765,0,
4b8e0982b94b4b568b7bb68c1a70349b,direct,rotation,clean,artificial,OPEN3D_ROBUST_POINT_TO_PLANE,CAMERA_LOCAL,OUTPUT_ALTERNATIVE_MODEL_NO_UNIQUE_TRUTH_COMPARISON,,"[0.21047681439515997, -11.656078816727822, 1.3231666122454078]",,,,,,,,,0.0008964147418737411,0.00016135163605213165,0.013040764257311821,0,
46451fd3bbb747cabbb545e992f66693,direct,combined,combined,artificial,OPEN3D_ROBUST_POINT_TO_PLANE,WORLD_FIXED,STOPPED,,,,,,,,,,,0.0008039530366659164,0.0001561436802148819,0.003788679838180542,0,"Open3D calibration reached the numerical safety boundary: translation=0.13242981829740963, rotation_deg=10.322435379040709"
46451fd3bbb747cabbb545e992f66693,direct,combined,combined,artificial,OPEN3D_ROBUST_POINT_TO_PLANE,CAMERA_LOCAL,STOPPED,,,,,,,,,,,0.0008039530366659164,0.0001561436802148819,0.0021631810814142227,0,"Open3D calibration reached the numerical safety boundary: translation=0.10377231194637006, rotation_deg=6.9686731149763865"
f0f816a3832546698dc2e94ed0eac510,image,hand_partial_stress_nonzero,float32,artificial,OPEN3D_ROBUST_POINT_TO_PLANE,WORLD_FIXED,STOPPED,,,,,,,,,,,0.0012037325650453568,0.00013646483421325684,0.0004933178424835205,0,too few calibration surface points
f0f816a3832546698dc2e94ed0eac510,image,hand_partial_stress_nonzero,float32,artificial,OPEN3D_ROBUST_POINT_TO_PLANE,CAMERA_LOCAL,STOPPED,,,,,,,,,,,0.0012037325650453568,0.00013646483421325684,0.0003704633563756943,0,too few calibration surface points
1c5086f5a650429cb0f97e52ddb70275,image,other_behind_small_nonzero,uint16,artificial,OPEN3D_ROBUST_POINT_TO_PLANE,WORLD_FIXED,OUTPUT_ALTERNATIVE_MODEL_NO_UNIQUE_TRUTH_COMPARISON,,"[11.239269163522845, 21.75628518514073, 0.4552360964320848]",,,,,,,,,0.001212162896990776,0.00014460831880569458,0.01971776783466339,0,
1c5086f5a650429cb0f97e52ddb70275,image,other_behind_small_nonzero,uint16,artificial,OPEN3D_ROBUST_POINT_TO_PLANE,CAMERA_LOCAL,OUTPUT,"[-0.13005314283670713, -0.3078341862444698, -0.18930991043197953]","[18.85094231761641, 21.415943940907482, 0.24120697637132943]",28.851101704740675,"[0.00323250757178602, 0.0017474200553870673, 0.0018653191182572356]","[0.027888220077126318, -0.023535341399795264, -0.013391321739538418]",2.2041271483245444,28.57026885244665,28.027613931333356,33.84375426814694,34.69303286573579,0.001212162896990776,0.00014460831880569458,0.002964381128549576,0,
59fd65482a55445eba3ae057c7192e47,direct,translation,clean,artificial,OPEN3D_ROBUST_POINT_TO_PLANE,WORLD_FIXED,OUTPUT_ALTERNATIVE_MODEL_NO_UNIQUE_TRUTH_COMPARISON,,"[3.583476418762413, -18.021160192281794, 9.454204945560614]",,,,,,,,,0.0008233450353145599,0.00014807283878326416,0.00899374671280384,0,
59fd65482a55445eba3ae057c7192e47,direct,translation,clean,artificial,OPEN3D_ROBUST_POINT_TO_PLANE,CAMERA_LOCAL,OUTPUT,"[0.0936127403382575, -17.112328150301604, 10.522284856142575]","[0.09361274033819728, -17.112328150301394, 10.522284856142644]",2.275425059547868e-13,"[0.0, 0.0, 0.0]","[2.2367315056572624e-16, 7.461382429667619e-17, -6.35592116142165e-17]",0.0,2.281252963347411e-13,2.267247797793167e-13,2.5200213368404035e-13,2.6440736937774004e-13,0.0008233450353145599,0.00014807283878326416,0.016214603558182716,0,
0e9d25928694496596c62b5d8361a298,direct,combined,clean,artificial,OPEN3D_ROBUST_POINT_TO_PLANE,WORLD_FIXED,OUTPUT_ALTERNATIVE_MODEL_NO_UNIQUE_TRUTH_COMPARISON,,"[-0.8178045251416631, 7.360509377353204, 12.975178401157997]",,,,,,,,,0.0008689127862453461,0.00015452131628990173,0.014474835246801376,0,
0e9d25928694496596c62b5d8361a298,direct,combined,clean,artificial,OPEN3D_ROBUST_POINT_TO_PLANE,CAMERA_LOCAL,OUTPUT,"[2.797610380673595, 9.087299378977045, 13.755705633567706]","[2.7976103806738077, 9.087299378976978, 13.755705633567693]",2.2323783286639591e-13,"[0.029515060651688067, -0.03482430682647099, -0.04122335213136164]","[0.029515060651687988, -0.03482430682647123, -0.04122335213136166]",0.0,2.2168356847487476e-13,2.22695888174913e-13,2.536577520981734e-13,2.58514543247062e-13,0.0008689127862453461,0.00015452131628990173,0.016154224053025246,0,
63ec2f78549f40a8b5ba674733364339,direct,combined,clean,artificial,OPEN3D_ROBUST_POINT_TO_PLANE,WORLD_FIXED,OUTPUT,"[11.4951868888654, 18.927697495056332, -8.7178347384929]","[11.49518688886548, 18.927697495056034, -8.717834738492943]",3.1165213701798803e-13,"[0.022968689756353435, -0.00792640519821407, 0.011325286238398466]","[0.022968689756352988, -0.007926405198214258, 0.011325286238398354]",0.0,3.1480454765583106e-13,3.129885689242212e-13,3.687582914894496e-13,3.927683650008203e-13,0.0008749198168516159,0.00016133300960063934,0.01778399758040905,0,
63ec2f78549f40a8b5ba674733364339,direct,combined,clean,artificial,OPEN3D_ROBUST_POINT_TO_PLANE,CAMERA_LOCAL,OUTPUT_ALTERNATIVE_MODEL_NO_UNIQUE_TRUTH_COMPARISON,,"[4.175964316120424, 14.107790956900638, -6.068679266048699]",,,,,,,,,0.0008749198168516159,0.00016133300960063934,0.008574109524488449,0,
9aa73a8026fb452d95bb587681c67b39,direct,combined,clean,taco,OPEN3D_ROBUST_POINT_TO_PLANE,WORLD_FIXED,OUTPUT,"[-5.068705911459562, -2.1592642810594147, 0.1752118859231297]","[-4.205925785303289, -5.384711134272445, -0.42083544410065865]",3.3916322572797544,"[0.008178104618750721, -0.02128075430016174, -0.0006854723420574641]","[0.004139669917733243, -0.02231056187570757, -0.0008380571445306866]",0.23894467395592398,3.4405392846188643,3.4794944282244744,3.8933771871922747,3.9493313529449816,0.201553488150239,0.006486816331744194,0.691199004650116,0,
9aa73a8026fb452d95bb587681c67b39,direct,combined,clean,taco,OPEN3D_ROBUST_POINT_TO_PLANE,CAMERA_LOCAL,OUTPUT_ALTERNATIVE_MODEL_NO_UNIQUE_TRUTH_COMPARISON,,"[-0.31566071910304433, -4.628052371730542, -1.493866107283835]",,,,,,,,,0.201553488150239,0.006486816331744194,0.6826432570815086,0,
8050dc91668147cb93d568b944b49e81,direct,symmetric_ambiguous,information_insufficient,artificial,OPEN3D_ROBUST_POINT_TO_PLANE,WORLD_FIXED,OUTPUT_WITHOUT_IDENTIFIABILITY_CERTIFICATE,,,,,,,,,,,0.002456389367580414,0.0003402065485715866,0.032148489728569984,0,the public shape has deliberately ambiguous rigid symmetries
8050dc91668147cb93d568b944b49e81,direct,symmetric_ambiguous,information_insufficient,artificial,OPEN3D_ROBUST_POINT_TO_PLANE,CAMERA_LOCAL,OUTPUT_WITHOUT_IDENTIFIABILITY_CERTIFICATE,,,,,,,,,,,0.002456389367580414,0.0003402065485715866,0.10660453327000141,0,the public shape has deliberately ambiguous rigid symmetries
547f11fe6ca04525b78ab7f99b751e88,direct,combined,random_missing,taco,OPEN3D_ROBUST_POINT_TO_PLANE,WORLD_FIXED,OUTPUT,"[-6.93995523770624, -10.552627700575409, 13.520551123946886]","[-6.038802909951241, -13.648476655830725, 13.592797841697656]",3.2251474167546905,"[-0.008247825827240195, -0.05478768821525368, -0.05276921202679234]","[-0.012596102583269419, -0.05615659412770855, -0.0525309139458853]",0.26149005953263876,3.266705893479652,3.282504835964871,3.7333240081255745,3.7832453374396025,0.20016158372163773,0.006514636799693108,0.5996174104511738,0,
547f11fe6ca04525b78ab7f99b751e88,direct,combined,random_missing,taco,OPEN3D_ROBUST_POINT_TO_PLANE,CAMERA_LOCAL,OUTPUT_ALTERNATIVE_MODEL_NO_UNIQUE_TRUTH_COMPARISON,,"[2.74528403331529, -14.026853268069946, 13.563551752174293]",,,,,,,,,0.20016158372163773,0.006514636799693108,0.7288150433450937,0,
29280027d82f4bf1a126a04c7a4392b4,direct,combined,clean,artificial,OPEN3D_ROBUST_POINT_TO_PLANE,WORLD_FIXED,STOPPED,,,,,,,,,,,0.0016787629574537277,0.0002471897751092911,0.003336763009428978,0,"Open3D calibration reached the numerical safety boundary: translation=0.12511255484744715, rotation_deg=8.738275623321867"
29280027d82f4bf1a126a04c7a4392b4,direct,combined,clean,artificial,OPEN3D_ROBUST_POINT_TO_PLANE,CAMERA_LOCAL,STOPPED,,,,,,,,,,,0.0016787629574537277,0.0002471897751092911,0.0030086059123277664,0,"Open3D calibration reached the numerical safety boundary: translation=0.14046546889393688, rotation_deg=8.411206801261255"
0e2fd2d4713040c789338e1dd39a254a,image,other_front_small_nonzero,float32,artificial,OPEN3D_ROBUST_POINT_TO_PLANE,WORLD_FIXED,STOPPED,,,,,,,,,,,0.0012310147285461426,0.00014116056263446808,6.539560854434967e-05,0,prepared frame 0 contains no target evidence
0e2fd2d4713040c789338e1dd39a254a,image,other_front_small_nonzero,float32,artificial,OPEN3D_ROBUST_POINT_TO_PLANE,CAMERA_LOCAL,STOPPED,,,,,,,,,,,0.0012310147285461426,0.00014116056263446808,1.3360753655433655e-05,0,prepared frame 0 contains no target evidence
75a77a31743745c6a34ca8712f68ba9d,direct,identity,clean,artificial,OPEN3D_ROBUST_POINT_TO_PLANE,WORLD_FIXED,OUTPUT_ALTERNATIVE_MODEL_NO_UNIQUE_TRUTH_COMPARISON,,"[4.27585480073453e-14, 3.677108730979673e-14, -1.0923964259461607e-14]",,,,,,,,,0.0008436553180217743,0.00016061030328273773,0.004160244017839432,0,
75a77a31743745c6a34ca8712f68ba9d,direct,identity,clean,artificial,OPEN3D_ROBUST_POINT_TO_PLANE,CAMERA_LOCAL,OUTPUT,"[0.0, 0.0, 0.0]","[-3.6829397581242017e-13, -3.6447638940810985e-13, -1.1869608136957105e-15]",5.181552855386742e-13,"[0.0, 0.0, 0.0]","[-3.645159246204304e-16, 3.673738691417405e-16, -9.142602429685163e-17]",0.0,5.204542808189687e-13,5.22701564629619e-13,5.690370053790603e-13,5.856689535013502e-13,0.0008436553180217743,0.00016061030328273773,0.025139767676591873,0,
b382feae0447466ba9c5bd16af6b2aac,image,hand_partial_small_nonzero,float32,artificial,OPEN3D_ROBUST_POINT_TO_PLANE,WORLD_FIXED,STOPPED,,,,,,,,,,,0.0012375228106975555,0.0001389477401971817,0.0022714342921972275,0,"Open3D calibration reached the numerical safety boundary: translation=0.15384583589583964, rotation_deg=9.635852375019066"
b382feae0447466ba9c5bd16af6b2aac,image,hand_partial_small_nonzero,float32,artificial,OPEN3D_ROBUST_POINT_TO_PLANE,CAMERA_LOCAL,STOPPED,,,,,,,,,,,0.0012375228106975555,0.0001389477401971817,0.001747090369462967,0,"Open3D calibration reached the numerical safety boundary: translation=0.10368744412097722, rotation_deg=5.728890227579922"
8439eb24aa2843e6a7b58d1f7c7c3ac0,image,hand_large_stress_nonzero,float32,artificial,OPEN3D_ROBUST_POINT_TO_PLANE,WORLD_FIXED,STOPPED_INFORMATION_INSUFFICIENT,,,,,,,,,,,0.0011104922741651535,0.00014390796422958374,3.0836090445518494e-05,0,the target is deliberately fully or almost fully occluded
8439eb24aa2843e6a7b58d1f7c7c3ac0,image,hand_large_stress_nonzero,float32,artificial,OPEN3D_ROBUST_POINT_TO_PLANE,CAMERA_LOCAL,STOPPED_INFORMATION_INSUFFICIENT,,,,,,,,,,,0.0011104922741651535,0.00014390796422958374,1.1166557669639587e-05,0,the target is deliberately fully or almost fully occluded
67a32643f48b4070b4b2050dd46fdd03,direct,combined,clean,taco,OPEN3D_ROBUST_POINT_TO_PLANE,WORLD_FIXED,OUTPUT,"[-10.896541893462533, 1.2273711776335656, -12.289930104677293]","[-10.265443003599389, -2.0569333498463536, -12.22128153614667]",3.345094118851201,"[-0.01085902610211419, -0.008328302983109647, 0.01872145279417406]","[-0.014928117265785183, -0.00904982382748043, 0.018786157944343473]",0.2368037872585439,3.323867759251781,3.3252087036259748,3.7663332987354865,3.832473927869719,0.20158096961677074,0.006366906687617302,0.7046012431383133,0,
67a32643f48b4070b4b2050dd46fdd03,direct,combined,clean,taco,OPEN3D_ROBUST_POINT_TO_PLANE,CAMERA_LOCAL,OUTPUT_ALTERNATIVE_MODEL_NO_UNIQUE_TRUTH_COMPARISON,,"[-10.539073619361645, -0.832828481210618, -13.26448183912755]",,,,,,,,,0.20158096961677074,0.006366906687617302,0.5851187612861395,0,
a80aadeb42e44765afd4094d1e1d7d36,direct,combined,noise,artificial,OPEN3D_ROBUST_POINT_TO_PLANE,WORLD_FIXED,OUTPUT,"[-7.127286468288735, 1.1874237227573974, -1.966839124250921]","[-7.171345641432322, -0.5103879160671784, -1.9906951712866892]",1.6985507595142575,"[0.02755935801968159, 0.02364846852305918, -0.03316870394577608]","[0.02583453079152542, 0.0236930642553571, -0.03197324507103225]",0.12026477938773289,1.720541842079801,1.728976889717846,1.953193473837904,2.036780614033309,0.00165516696870327,0.0002445392310619354,0.01235184445977211,0,
a80aadeb42e44765afd4094d1e1d7d36,direct,combined,noise,artificial,OPEN3D_ROBUST_POINT_TO_PLANE,CAMERA_LOCAL,OUTPUT_ALTERNATIVE_MODEL_NO_UNIQUE_TRUTH_COMPARISON,,"[-11.342681963810175, 1.8917726770001149, -1.8138310093957675]",,,,,,,,,0.00165516696870327,0.0002445392310619354,0.013334643095731735,0,
0dc432dcac6240dbaf55b534492d5f51,direct,combined,strong_combined,taco,OPEN3D_ROBUST_POINT_TO_PLANE,WORLD_FIXED,OUTPUT,"[-20.55490401548943, 4.883767194578383, 0.36372788894452934]","[-19.84470590627036, 10.58753596107376, -0.28875110497609574]",5.784728890232818,"[-0.003795388580982728, -0.015909061873097097, 0.0004455742862207558]","[0.004412266762494712, -0.016546000746125004, 0.003314585574627739]",0.4994958520459926,5.745471070549334,5.800174577643535,6.655444018372563,6.758516502013509,0.19939465634524822,0.006532864645123482,0.5936133321374655,0,
0dc432dcac6240dbaf55b534492d5f51,direct,combined,strong_combined,taco,OPEN3D_ROBUST_POINT_TO_PLANE,CAMERA_LOCAL,OUTPUT_ALTERNATIVE_MODEL_NO_UNIQUE_TRUTH_COMPARISON,,"[-12.547807930132956, 8.785014556835293, 0.04593235479344099]",,,,,,,,,0.19939465634524822,0.006532864645123482,0.5445481687784195,0,
4900aead925b45f8a0e3c933717ecb0a,direct,combined,clean,artificial,OPEN3D_ROBUST_POINT_TO_PLANE,WORLD_FIXED,STOPPED,,,,,,,,,,,0.0016129054129123688,0.0002403799444437027,0.002967553213238716,0,"Open3D calibration reached the numerical safety boundary: translation=0.15088975083911355, rotation_deg=10.215080234378531"
4900aead925b45f8a0e3c933717ecb0a,direct,combined,clean,artificial,OPEN3D_ROBUST_POINT_TO_PLANE,CAMERA_LOCAL,STOPPED,,,,,,,,,,,0.0016129054129123688,0.0002403799444437027,0.002575268968939781,0,"Open3D calibration reached the numerical safety boundary: translation=0.15067519401602208, rotation_deg=8.63947738676535"
ec299ce9983743208e44ad4d8646b2ab,direct,identity,clean,artificial,OPEN3D_ROBUST_POINT_TO_PLANE,WORLD_FIXED,OUTPUT,"[0.0, 0.0, 0.0]","[-3.7473627346658425e-14, -2.1949142717855135e-14, -2.1242488322682417e-15]",4.348045590453707e-14,"[0.0, 0.0, 0.0]","[-1.1139790515998351e-17, 4.602882773080827e-17, 7.702069435720563e-17]",0.0,4.585795993822032e-14,4.443059973708341e-14,5.721958498152797e-14,6.206335383118183e-14,0.0009371638298034668,0.00017254799604415894,0.00491703674197197,0,
ec299ce9983743208e44ad4d8646b2ab,direct,identity,clean,artificial,OPEN3D_ROBUST_POINT_TO_PLANE,CAMERA_LOCAL,OUTPUT_ALTERNATIVE_MODEL_NO_UNIQUE_TRUTH_COMPARISON,,"[-1.354983619126522e-13, 6.323832801682658e-14, 5.930315730103217e-15]",,,,,,,,,0.0009371638298034668,0.00017254799604415894,0.009084634482860565,0,
4ce9a7d20c674d7fae60ec20eae7ffc4,direct,combined,local_missing,artificial,OPEN3D_ROBUST_POINT_TO_PLANE,WORLD_FIXED,OUTPUT,"[-10.327960329213631, -15.459643862544759, 7.989844237889413]","[-10.327960329214235, -15.459643862544286, 7.989844237889766]",8.452234308226899e-13,"[-0.01263902532269179, 0.002462551216942702, -0.006316734342465753]","[-0.012639025322691223, 0.002462551216943496, -0.006316734342465765]",0.0,8.510419024995931e-13,8.589497520557657e-13,9.428502561817613e-13,9.5484827887624e-13,0.0008474402129650116,0.00016794167459011078,0.05186809226870537,0,
4ce9a7d20c674d7fae60ec20eae7ffc4,direct,combined,local_missing,artificial,OPEN3D_ROBUST_POINT_TO_PLANE,CAMERA_LOCAL,OUTPUT_ALTERNATIVE_MODEL_NO_UNIQUE_TRUTH_COMPARISON,,"[-3.0112002486801663, -12.212255724618165, 6.260315848925868]",,,,,,,,,0.0008474402129650116,0.00016794167459011078,0.008530864492058754,0,
f0716e0bd3cc48979b06b987939c46cb,direct,rotation,clean,taco,OPEN3D_ROBUST_POINT_TO_PLANE,WORLD_FIXED,OUTPUT_ALTERNATIVE_MODEL_NO_UNIQUE_TRUTH_COMPARISON,,"[-1.9065817197448334, -2.9070727425274954, -1.4136351775966869]",,,,,,,,,0.20140556804835796,0.006525032222270966,0.6158382296562195,0,
f0716e0bd3cc48979b06b987939c46cb,direct,rotation,clean,taco,OPEN3D_ROBUST_POINT_TO_PLANE,CAMERA_LOCAL,OUTPUT,"[0.0, 0.0, 0.0]","[0.44619681499507435, -1.2150725490811694, -0.31096081219461136]",1.331236088739744,"[0.04381033203298849, -0.01208223573448612, -0.001024689657970797]","[0.04240535370460232, -0.012598908052427653, -0.0008946287083775252]",0.08609055737634407,1.3329831117458657,1.3397122836384345,1.485521865655125,1.5117771088984957,0.20140556804835796,0.006525032222270966,0.6207142900675535,0,
053ac6e998944173b1464f5c81fe7dde,direct,combined,noise,artificial,OPEN3D_ROBUST_POINT_TO_PLANE,WORLD_FIXED,OUTPUT,"[5.299388361262753, -0.5100234604107372, 7.203413783641294]","[6.117754481858891, -0.44574884339622717, 7.154294523164793]",0.8223545679825055,"[0.03683179643923857, -0.013604733906135615, 0.002261297505386418]","[0.03705229971971135, -0.014777654863126318, 0.003291710424595548]",0.0903359087157755,0.8479424130883888,0.842874117129498,1.0272436378086605,1.0999686555484094,0.0016760006546974182,0.0002572741359472275,0.013661568984389305,0,
053ac6e998944173b1464f5c81fe7dde,direct,combined,noise,artificial,OPEN3D_ROBUST_POINT_TO_PLANE,CAMERA_LOCAL,STOPPED,,,,,,,,,,,0.0016760006546974182,0.0002572741359472275,0.002491625025868416,0,"Open3D calibration reached the numerical safety boundary: translation=0.10914016856432775, rotation_deg=7.002047296971115"
eb80abec7df24ec4be5a0228908cd6cb,image,hand_partial_stress_nonzero,uint16,artificial,OPEN3D_ROBUST_POINT_TO_PLANE,WORLD_FIXED,STOPPED,,,,,,,,,,,0.0012799669057130814,0.0001442059874534607,0.00035483017563819885,0,prepared frame 2 contains no target evidence
eb80abec7df24ec4be5a0228908cd6cb,image,hand_partial_stress_nonzero,uint16,artificial,OPEN3D_ROBUST_POINT_TO_PLANE,CAMERA_LOCAL,STOPPED,,,,,,,,,,,0.0012799669057130814,0.0001442059874534607,0.00022653676569461823,0,prepared frame 2 contains no target evidence
f123c52c42bc4603a6257a779f1aada5,direct,combined,combined,artificial,OPEN3D_ROBUST_POINT_TO_PLANE,WORLD_FIXED,OUTPUT,"[6.313850994024511, -4.724280178011722, 1.3964443430231452]","[3.3111048340031193, -2.5259238697340907, 2.345085627423098]",3.8404654986258193,"[0.018590808937153376, 0.019160992079051403, -0.010843687414091606]","[0.019880373831144268, 0.023461884125254132, -0.015067589552460892]",0.35320094598267987,3.8508757888928287,3.8557566023457976,4.48355149894735,4.926990022242326,0.000837644562125206,0.00015563145279884338,0.010370995849370956,0,
f123c52c42bc4603a6257a779f1aada5,direct,combined,combined,artificial,OPEN3D_ROBUST_POINT_TO_PLANE,CAMERA_LOCAL,OUTPUT_ALTERNATIVE_MODEL_NO_UNIQUE_TRUTH_COMPARISON,,"[1.7530450512958344, -3.5464994410515973, 3.159869925064156]",,,,,,,,,0.000837644562125206,0.00015563145279884338,0.009594032540917397,0,
57008f8f2a224ccc837801a5a4a2d2c8,direct,rotation,clean,taco,OPEN3D_ROBUST_POINT_TO_PLANE,WORLD_FIXED,OUTPUT_ALTERNATIVE_MODEL_NO_UNIQUE_TRUTH_COMPARISON,,"[2.1144702459731137, 0.7738566919308631, 0.2401003697475552]",,,,,,,,,0.2016266379505396,0.00659322552382946,0.5922010838985443,0,
57008f8f2a224ccc837801a5a4a2d2c8,direct,rotation,clean,taco,OPEN3D_ROBUST_POINT_TO_PLANE,CAMERA_LOCAL,OUTPUT,"[0.0, 0.0, 0.0]","[0.9224798812439963, -2.290823573413051, -0.1829069301090389]",2.476347455606097,"[0.002568996348992883, 0.047717144399223824, -0.005225364350089337]","[0.0003424215922531532, 0.04681117441371774, -0.0051472384339615014]",0.13779140137713233,2.4669648682109147,2.4594047431954476,2.7074134934364538,2.734239865691583,0.2016266379505396,0.00659322552382946,0.6188548058271408,0,
a645fad4d7af49aabbd3dd175812f75c,direct,combined,local_missing,artificial,OPEN3D_ROBUST_POINT_TO_PLANE,WORLD_FIXED,OUTPUT_ALTERNATIVE_MODEL_NO_UNIQUE_TRUTH_COMPARISON,,"[0.15524051955379314, 12.234727754542716, -7.206926334422964]",,,,,,,,,0.0016153883188962936,0.0002482924610376358,0.008814960718154907,0,
a645fad4d7af49aabbd3dd175812f75c,direct,combined,local_missing,artificial,OPEN3D_ROBUST_POINT_TO_PLANE,CAMERA_LOCAL,OUTPUT,"[10.629267843551496, 16.294520943445153, -7.811183024221876]","[10.629267843551496, 16.29452094344536, -7.811183024221927]",2.1457344368072987e-13,"[0.007699033623367348, 0.006793343770909801, -0.018533488759577624]","[0.007699033623367601, 0.006793343770909741, -0.018533488759577582]",0.0,2.14376728144281e-13,2.0829639927639672e-13,2.525586758208461e-13,2.766000127273731e-13,0.0016153883188962936,0.0002482924610376358,0.040097715333104134,0,
6c6e3c76105a4089a4bb88808d0b9162,direct,identity,clean,taco,OPEN3D_ROBUST_POINT_TO_PLANE,WORLD_FIXED,OUTPUT_ALTERNATIVE_MODEL_NO_UNIQUE_TRUTH_COMPARISON,,"[0.9312192750433926, -3.609574139475092, -0.13983626262761198]",,,,,,,,,0.20138906314969063,0.006538504734635353,0.25397568941116333,0,
6c6e3c76105a4089a4bb88808d0b9162,direct,identity,clean,taco,OPEN3D_ROBUST_POINT_TO_PLANE,CAMERA_LOCAL,OUTPUT,"[0.0, 0.0, 0.0]","[1.088842409005367, -1.7852272131418039, -0.23586945290642217]",2.104340370045929,"[0.0, 0.0, 0.0]","[-0.002026869048244215, -0.0012780987553672326, 0.00032537045782715055]",0.13855157906454907,2.0663505973328538,2.0667745722020454,2.3181355858305945,2.3701407577759337,0.20138906314969063,0.006538504734635353,0.2636299319565296,0,
e279e7b2ed1f4f43bcd60f16097c9574,direct,combined,strong_combined,taco,OPEN3D_ROBUST_POINT_TO_PLANE,WORLD_FIXED,STOPPED,,,,,,,,,,,0.1976767722517252,0.006495896726846695,0.055596524849534035,0,"Open3D calibration reached the numerical safety boundary: translation=0.12349139329362835, rotation_deg=11.677024983574382"
e279e7b2ed1f4f43bcd60f16097c9574,direct,combined,strong_combined,taco,OPEN3D_ROBUST_POINT_TO_PLANE,CAMERA_LOCAL,OUTPUT,"[7.154246634685179, -2.6833253636473775, 6.209766322694251]","[9.507140103259381, -7.818473023689536, 5.498380412726103]",5.693146676293945,"[0.03175896773440158, 0.030330558776667748, -0.0012048036127108614]","[0.026034739013253365, 0.027623324589215233, 0.0004166467462548001]",0.3745059691069198,5.701757015915503,5.666468955429503,6.3859692897722855,6.5057108235099275,0.1976767722517252,0.006495896726846695,0.522339291870594,0,
9a830b07146e49d0942d5f8bac6f9789,direct,inconsistent_frames,information_insufficient,artificial,OPEN3D_ROBUST_POINT_TO_PLANE,WORLD_FIXED,STOPPED_INFORMATION_INSUFFICIENT,,,,,,,,,,,0.001766955479979515,0.0002637263387441635,0.00685415044426918,0,different frames were generated from deliberately incompatible corrections
9a830b07146e49d0942d5f8bac6f9789,direct,inconsistent_frames,information_insufficient,artificial,OPEN3D_ROBUST_POINT_TO_PLANE,CAMERA_LOCAL,OUTPUT_WITHOUT_IDENTIFIABILITY_CERTIFICATE,,,,,,,,,,,0.001766955479979515,0.0002637263387441635,0.11218789219856262,0,different frames were generated from deliberately incompatible corrections
8830786ff99c439e9a285e1aa2cf2680,direct,translation,clean,artificial,OPEN3D_ROBUST_POINT_TO_PLANE,WORLD_FIXED,OUTPUT_ALTERNATIVE_MODEL_NO_UNIQUE_TRUTH_COMPARISON,,"[11.30462924579487, -10.164737380155989, -4.470562853589244]",,,,,,,,,0.0008538085967302322,0.0001605413854122162,0.009700573980808258,0,
8830786ff99c439e9a285e1aa2cf2680,direct,translation,clean,artificial,OPEN3D_ROBUST_POINT_TO_PLANE,CAMERA_LOCAL,OUTPUT,"[9.362631103679371, -15.339616888768203, -4.04633056257195]","[9.362631103679025, -15.33961688876795, -4.046330562571937]",4.297503890876284e-13,"[0.0, 0.0, 0.0]","[2.0562636265953436e-16, 3.2362897483547767e-16, -1.48776425729273e-16]",0.0,4.310884148437227e-13,4.265156209312232e-13,4.720998229338927e-13,5.053496914273793e-13,0.0008538085967302322,0.0001605413854122162,0.08445515111088753,0,
309bb4c8570f4b17a6f218c1a02f0c71,direct,rotation,clean,taco,OPEN3D_ROBUST_POINT_TO_PLANE,WORLD_FIXED,OUTPUT,"[0.0, 0.0, 0.0]","[0.3006000242033026, -3.2267194746140175, -0.0747857362003695]",3.241553925009334,"[-0.04549050091428172, 0.02254314149220389, 0.0026332314512822878]","[-0.049740629380136334, 0.022197723000222106, 0.002324135859032571]",0.24495103974309396,3.230964753606023,3.2143006818644597,3.6680412313120216,3.752913126040094,0.2016298919916153,0.006537223234772682,0.7502756919711828,0,
309bb4c8570f4b17a6f218c1a02f0c71,direct,rotation,clean,taco,OPEN3D_ROBUST_POINT_TO_PLANE,CAMERA_LOCAL,OUTPUT_ALTERNATIVE_MODEL_NO_UNIQUE_TRUTH_COMPARISON,,"[8.723604421866513, -3.538714267080537, -0.5901747010730662]",,,,,,,,,0.2016298919916153,0.006537223234772682,0.5670136362314224,0,
3b95156c8de345f59c6584352f982b22,direct,rotation,clean,artificial,OPEN3D_ROBUST_POINT_TO_PLANE,WORLD_FIXED,OUTPUT_ALTERNATIVE_MODEL_NO_UNIQUE_TRUTH_COMPARISON,,"[1.1739825362423544, 4.360717656108009, -0.36832622848201235]",,,,,,,,,0.0016447417438030243,0.00024078041315078735,0.011565089225769043,0,
3b95156c8de345f59c6584352f982b22,direct,rotation,clean,artificial,OPEN3D_ROBUST_POINT_TO_PLANE,CAMERA_LOCAL,OUTPUT,"[0.0, 0.0, 0.0]","[-3.4144337178823043e-13, -3.3603381367111514e-13, 2.2043195598114857e-13]",5.273448087220964e-13,"[-0.024656092772114627, 0.032738868347775854, -0.009989518880509387]","[-0.02465609277211498, 0.032738868347776215, -0.009989518880509286]",0.0,5.373206877304362e-13,5.369080803364568e-13,5.993372928790479e-13,6.200514213743098e-13,0.0016447417438030243,0.00024078041315078735,0.023527609184384346,0,
0c4b83108d4a430fbed54931bdfaf7ee,image,hand_partial_small_nonzero,uint16,artificial,OPEN3D_ROBUST_POINT_TO_PLANE,WORLD_FIXED,STOPPED,,,,,,,,,,,0.0012426730245351791,0.00015168078243732452,0.0002263188362121582,0,prepared frame 1 contains no target evidence
0c4b83108d4a430fbed54931bdfaf7ee,image,hand_partial_small_nonzero,uint16,artificial,OPEN3D_ROBUST_POINT_TO_PLANE,CAMERA_LOCAL,STOPPED,,,,,,,,,,,0.0012426730245351791,0.00015168078243732452,0.00012804381549358368,0,prepared frame 1 contains no target evidence
4bcc8605bb8d48018e6afcad029782b2,direct,rotation,clean,taco,OPEN3D_ROBUST_POINT_TO_PLANE,WORLD_FIXED,STOPPED,,,,,,,,,,,0.20117264799773693,0.006516752764582634,0.13201960176229477,0,"Open3D calibration reached the numerical safety boundary: translation=0.10475253417680966, rotation_deg=10.354636044720296"
4bcc8605bb8d48018e6afcad029782b2,direct,rotation,clean,taco,OPEN3D_ROBUST_POINT_TO_PLANE,CAMERA_LOCAL,STOPPED,,,,,,,,,,,0.20117264799773693,0.006516752764582634,0.13293843530118465,0,"Open3D calibration reached the numerical safety boundary: translation=0.10521059165242515, rotation_deg=9.018951620189277"
31d6fff68cc145e2a127e6e62647a30d,image,other_behind_small_nonzero,float32,artificial,OPEN3D_ROBUST_POINT_TO_PLANE,WORLD_FIXED,STOPPED,,,,,,,,,,,0.002100937068462372,0.00018038973212242126,0.0031179003417491913,0,"Open3D calibration reached the numerical safety boundary: translation=0.0993067802569002, rotation_deg=10.650463822863227"
31d6fff68cc145e2a127e6e62647a30d,image,other_behind_small_nonzero,float32,artificial,OPEN3D_ROBUST_POINT_TO_PLANE,CAMERA_LOCAL,OUTPUT,"[-0.05962526840224258, -0.36581607572677566, 0.32470162521100804]","[-4.705813659579568, 33.17258278111666, 2.581320334318689]",33.93381193507919,"[-0.000812649126829758, 0.0009210668282046409, -0.0006786661542106746]","[0.05424310390550173, 0.05648712697083999, -0.011552063136050943]",4.524898677997604,33.76319473690772,33.1023787497719,40.169906175848986,42.53004052156987,0.002100937068462372,0.00018038973212242126,0.025816161185503006,0,
11029c055efd4a12a8d4881d8cd3d6f7,direct,combined,local_missing,artificial,OPEN3D_ROBUST_POINT_TO_PLANE,WORLD_FIXED,STOPPED,,,,,,,,,,,0.0008552297949790955,0.0001711379736661911,0.002862757071852684,0,"Open3D calibration reached the numerical safety boundary: translation=0.08722787977389063, rotation_deg=10.573061498343879"
11029c055efd4a12a8d4881d8cd3d6f7,direct,combined,local_missing,artificial,OPEN3D_ROBUST_POINT_TO_PLANE,CAMERA_LOCAL,OUTPUT,"[-1.4568418905264215, -9.376658994465606, -13.535493643548536]","[-1.4568418905265084, -9.37665899446578, -13.535493643548568]",1.9654130380065046e-13,"[-0.0018389442718844279, -0.04298454462976784, 0.03812384729413155]","[-0.0018389442718846098, -0.042984544629767786, 0.03812384729413165]",0.0,2.0276106554601452e-13,2.0331055998085854e-13,2.307232098864039e-13,2.5172027167143306e-13,0.0008552297949790955,0.0001711379736661911,0.0260459054261446,0,
a196ab4d5c9642558702ebef48d24a48,direct,combined,clean,taco,OPEN3D_ROBUST_POINT_TO_PLANE,WORLD_FIXED,OUTPUT_ALTERNATIVE_MODEL_NO_UNIQUE_TRUTH_COMPARISON,,"[-10.995665991961108, 3.4722254576295533, 10.978052356620443]",,,,,,,,,0.2014817800372839,0.006522690877318382,0.4858407638967037,0,
a196ab4d5c9642558702ebef48d24a48,direct,combined,clean,taco,OPEN3D_ROBUST_POINT_TO_PLANE,CAMERA_LOCAL,OUTPUT,"[-13.418618195612872, 10.798300797869258, 12.281877963330452]","[-13.213099252654564, 8.887441898615206, 11.86806638140218]",1.965924666438439,"[0.028447057376151448, 0.00021556432773829238, -0.024716478694494434]","[0.026353373750303017, 2.5079629330582535e-05, -0.02493610120182124]",0.12110632877447296,1.9593000724083587,1.9198233108371796,2.2071428506722546,2.2403929976523607,0.2014817800372839,0.006522690877318382,1.7823491413146257,0,
6e0a31817f114b85bb98bfad70dcc3ac,direct,combined,random_missing,taco,OPEN3D_ROBUST_POINT_TO_PLANE,WORLD_FIXED,OUTPUT_ALTERNATIVE_MODEL_NO_UNIQUE_TRUTH_COMPARISON,,"[-12.183701856029458, -21.83354041054056, 6.231182905284667]",,,,,,,,,0.198168670758605,0.006476020440459251,0.5629451554268599,0,
6e0a31817f114b85bb98bfad70dcc3ac,direct,combined,random_missing,taco,OPEN3D_ROBUST_POINT_TO_PLANE,CAMERA_LOCAL,OUTPUT,"[-13.74122782459638, -17.906122288752933, 7.2959749194435135]","[-12.248237668977923, -19.09432758232114, 7.114198709832576]",1.9167404662127967,"[7.793721908951015e-05, 0.005044965167632558, 0.016737385837170264]","[-0.0010351442018626505, 0.003549197105263271, 0.01722113259505657]",0.1103622732725531,1.9319682382482788,1.9262856769134005,2.1271842177504814,2.1545850029428535,0.198168670758605,0.006476020440459251,0.4668996836990118,0,
1402930efe0d451788cb7f6592f0c85e,direct,translation,clean,taco,OPEN3D_ROBUST_POINT_TO_PLANE,WORLD_FIXED,OUTPUT_ALTERNATIVE_MODEL_NO_UNIQUE_TRUTH_COMPARISON,,"[-2.7533298679830858, 2.4616395354248257, -1.3281845408412076]",,,,,,,,,0.20018156617879868,0.0064182523638010025,0.3695890437811613,0,
1402930efe0d451788cb7f6592f0c85e,direct,translation,clean,taco,OPEN3D_ROBUST_POINT_TO_PLANE,CAMERA_LOCAL,OUTPUT,"[-1.7672419620433897, 4.2690065664100665, -1.350628074869329]","[-1.8213079198662363, 2.4721195757207495, -1.331864099578342]",1.7977981176629738,"[0.0, 0.0, 0.0]","[-0.0017102491685488733, 8.070822947795925e-05, 8.727952448148618e-05]",0.0982264872831791,1.8291870667824242,1.8517831155693372,1.9904199074245275,2.007823022967567,0.20018156617879868,0.0064182523638010025,0.39497996121644974,0,
3d6e2524224741608f98c533d8174d12,image,none_small_nonzero,uint16,artificial,OPEN3D_ROBUST_POINT_TO_PLANE,WORLD_FIXED,OUTPUT,"[-0.13273611838782587, -0.5733812761867548, 0.26649089277082566]","[-16.203442089581348, 72.99654641540033, 0.014013524234956467]",75.3051498622739,"[0.0004880261546432924, -0.0020674964849704334, 8.749108875805834e-06]","[0.07892932705885687, 0.008429681754743403, -0.006311614215288069]",4.548856628068041,75.50180851552943,75.85030664211499,83.12645858863178,84.37038457624533,0.0018497835844755173,0.00017386116087436676,0.0077124424278736115,0,
3d6e2524224741608f98c533d8174d12,image,none_small_nonzero,uint16,artificial,OPEN3D_ROBUST_POINT_TO_PLANE,CAMERA_LOCAL,OUTPUT_ALTERNATIVE_MODEL_NO_UNIQUE_TRUTH_COMPARISON,,"[-0.2963148129111577, 52.40823731654843, -1.372959246692431]",,,,,,,,,0.0018497835844755173,0.00017386116087436676,0.0057712122797966,0,
f5f8dd1091fc42b8b4d0f1bf9a515a40,direct,identity,clean,taco,OPEN3D_ROBUST_POINT_TO_PLANE,WORLD_FIXED,OUTPUT_ALTERNATIVE_MODEL_NO_UNIQUE_TRUTH_COMPARISON,,"[1.0669989137958003, -3.3788410658257395, -0.03788733588376077]",,,,,,,,,0.20124848373234272,0.006495008245110512,0.25725903548300266,0,
f5f8dd1091fc42b8b4d0f1bf9a515a40,direct,identity,clean,taco,OPEN3D_ROBUST_POINT_TO_PLANE,CAMERA_LOCAL,OUTPUT,"[0.0, 0.0, 0.0]","[1.0978527853256597, -2.836206985048166, -0.09281188086994424]",3.0426903959348097,"[0.0, 0.0, 0.0]","[-0.0032606875137859963, -0.001252773716988876, -9.399791986088038e-05]",0.2002105129655065,3.008947979697213,2.973326277823266,3.40438243351634,3.4479792154938815,0.20124848373234272,0.006495008245110512,0.33718104660511017,0,
721144c1c1e74f649918b76338082788,direct,rotation,clean,artificial,OPEN3D_ROBUST_POINT_TO_PLANE,WORLD_FIXED,STOPPED,,,,,,,,,,,0.0016360711306333542,0.00024210289120674133,0.003179449588060379,0,"Open3D calibration reached the numerical safety boundary: translation=0.1288437601305583, rotation_deg=11.284400566026918"
721144c1c1e74f649918b76338082788,direct,rotation,clean,artificial,OPEN3D_ROBUST_POINT_TO_PLANE,CAMERA_LOCAL,STOPPED,,,,,,,,,,,0.0016360711306333542,0.00024210289120674133,0.002518860623240471,0,"Open3D calibration reached the numerical safety boundary: translation=0.12997289417039562, rotation_deg=9.756867570457796"
ee9c8ca7131a4b439e4dc398489cdda0,direct,combined,combined,artificial,OPEN3D_ROBUST_POINT_TO_PLANE,WORLD_FIXED,OUTPUT_ALTERNATIVE_MODEL_NO_UNIQUE_TRUTH_COMPARISON,,"[-4.217140272967161, -12.320669810244542, -4.025376595509931]",,,,,,,,,0.0008877981454133987,0.00016731210052967072,0.012369411066174507,0,
ee9c8ca7131a4b439e4dc398489cdda0,direct,combined,combined,artificial,OPEN3D_ROBUST_POINT_TO_PLANE,CAMERA_LOCAL,OUTPUT,"[-12.82502076800783, -4.613996093843284, -3.8175850466658274]","[-11.778196274717027, -5.845221178710352, -3.871935374518513]",1.617006706076743,"[0.02139529074653619, 0.02756615948535691, 0.05101243633522681]","[0.02076966835008082, 0.026991466266133243, 0.055087041834677754]",0.23845805683672175,1.5868955681808505,1.6149159303252292,2.116880916646182,2.2890187985989288,0.0008877981454133987,0.00016731210052967072,0.009716777130961418,0,
0c501fedf2d74fe48c0a81be7c81610a,direct,translation,clean,artificial,OPEN3D_ROBUST_POINT_TO_PLANE,WORLD_FIXED,OUTPUT,"[4.771040031039337, -1.4204651479671533, 1.1383902180681456]","[4.7710400310394085, -1.4204651479667734, 1.1383902180682548]",4.020182474400662e-13,"[0.0, 0.0, 0.0]","[4.3350966303963138e-16, -7.557106716325467e-17, -9.264862017336881e-17]",0.0,4.021607265126648e-13,4.0053709487069575e-13,4.569209890594001e-13,4.58846861367797e-13,0.0009097717702388763,0.00016561709344387054,0.020956840366125107,0,
0c501fedf2d74fe48c0a81be7c81610a,direct,translation,clean,artificial,OPEN3D_ROBUST_POINT_TO_PLANE,CAMERA_LOCAL,OUTPUT_ALTERNATIVE_MODEL_NO_UNIQUE_TRUTH_COMPARISON,,"[1.3438645003814176, -0.7990514128456863, 2.115283311396854]",,,,,,,,,0.0009097717702388763,0.00016561709344387054,0.00903685949742794,0,
92fe9925ceb449dbac7a9781a7287da4,direct,identity,clean,taco,OPEN3D_ROBUST_POINT_TO_PLANE,WORLD_FIXED,OUTPUT,"[0.0, 0.0, 0.0]","[0.8294894187031407, -2.981300262842946, -0.09076512641347918]",3.0958750396520767,"[0.0, 0.0, 0.0]","[-0.0036276294549279046, -0.0010015184660913294, 0.00019946666645782673]",0.2159262102268523,3.0999844672041323,3.086580952514751,3.478900231542564,3.5788921871052937,0.20132583938539028,0.006565334275364876,0.13072882033884525,0,
92fe9925ceb449dbac7a9781a7287da4,direct,identity,clean,taco,OPEN3D_ROBUST_POINT_TO_PLANE,CAMERA_LOCAL,OUTPUT_ALTERNATIVE_MODEL_NO_UNIQUE_TRUTH_COMPARISON,,"[0.08186867214202401, -2.6215386969322942, -0.024698920299344982]",,,,,,,,,0.20132583938539028,0.006565334275364876,0.09543262422084808,0,
c7139d9912ce45f4b3b5aaf6aca0b001,image,hand_complete_stress_nonzero,float32,artificial,OPEN3D_ROBUST_POINT_TO_PLANE,WORLD_FIXED,STOPPED_INFORMATION_INSUFFICIENT,,,,,,,,,,,0.0019627492874860764,0.0001900363713502884,3.13781201839447e-05,0,the target is deliberately fully or almost fully occluded
c7139d9912ce45f4b3b5aaf6aca0b001,image,hand_complete_stress_nonzero,float32,artificial,OPEN3D_ROBUST_POINT_TO_PLANE,CAMERA_LOCAL,STOPPED_INFORMATION_INSUFFICIENT,,,,,,,,,,,0.0019627492874860764,0.0001900363713502884,1.101568341255188e-05,0,the target is deliberately fully or almost fully occluded
d94fbe974c97462fa9c9c58266a64c8e,direct,translation,clean,taco,OPEN3D_ROBUST_POINT_TO_PLANE,WORLD_FIXED,OUTPUT,"[-2.067903154402144, 0.7733695744931707, 10.453734586270246]","[-0.6920021175043022, -2.8864099016330753, 9.865693788663759]",3.9538438837239296,"[0.0, 0.0, 0.0]","[-0.004793239018464085, -0.0017266391672506177, -0.00033151278275935804]",0.29252468849825586,3.9540204242076946,3.9398406643291297,4.516795697270006,4.555851667671383,0.20126955397427082,0.00635930523276329,0.42203558795154095,0,
d94fbe974c97462fa9c9c58266a64c8e,direct,translation,clean,taco,OPEN3D_ROBUST_POINT_TO_PLANE,CAMERA_LOCAL,OUTPUT_ALTERNATIVE_MODEL_NO_UNIQUE_TRUTH_COMPARISON,,"[-0.28167402961482935, -3.964711631276263, 9.418226031298245]",,,,,,,,,0.20126955397427082,0.00635930523276329,0.3690851964056492,0,
f477e19765214384ac2730d7458db083,direct,symmetric_ambiguous,information_insufficient,artificial,OPEN3D_ROBUST_POINT_TO_PLANE,WORLD_FIXED,STOPPED_INFORMATION_INSUFFICIENT,,,,,,,,,,,0.002450680360198021,0.00034310482442379,0.014945359900593758,0,the public shape has deliberately ambiguous rigid symmetries
f477e19765214384ac2730d7458db083,direct,symmetric_ambiguous,information_insufficient,artificial,OPEN3D_ROBUST_POINT_TO_PLANE,CAMERA_LOCAL,OUTPUT_WITHOUT_IDENTIFIABILITY_CERTIFICATE,,,,,,,,,,,0.002450680360198021,0.00034310482442379,0.09288115240633488,0,the public shape has deliberately ambiguous rigid symmetries
bdbe0fcc494c4d04a011aadc82eea575,direct,combined,clean,artificial,OPEN3D_ROBUST_POINT_TO_PLANE,WORLD_FIXED,STOPPED,,,,,,,,,,,0.000932866707444191,0.0001692306250333786,0.0031948648393154144,0,"Open3D calibration reached the numerical safety boundary: translation=0.13868745105565458, rotation_deg=8.488211836936392"
bdbe0fcc494c4d04a011aadc82eea575,direct,combined,clean,artificial,OPEN3D_ROBUST_POINT_TO_PLANE,CAMERA_LOCAL,STOPPED,,,,,,,,,,,0.000932866707444191,0.0001692306250333786,0.0025996845215559006,0,"Open3D calibration reached the numerical safety boundary: translation=0.13169934473897094, rotation_deg=7.024845634491226"
d4621e2209b140778dff346e6ea69397,direct,rotation,clean,artificial,OPEN3D_ROBUST_POINT_TO_PLANE,WORLD_FIXED,STOPPED,,,,,,,,,,,0.000860968604683876,0.00015872716903686523,0.004555325955152512,0,"Open3D calibration reached the numerical safety boundary: translation=0.10904605065767983, rotation_deg=8.208273537329823"
d4621e2209b140778dff346e6ea69397,direct,rotation,clean,artificial,OPEN3D_ROBUST_POINT_TO_PLANE,CAMERA_LOCAL,STOPPED,,,,,,,,,,,0.000860968604683876,0.00015872716903686523,0.0039111655205488205,0,"Open3D calibration reached the numerical safety boundary: translation=0.1065367064196549, rotation_deg=5.748302379185663"
67a60d7644c3401090d0cc3118ab7669,direct,identity,clean,taco,OPEN3D_ROBUST_POINT_TO_PLANE,WORLD_FIXED,OUTPUT,"[0.0, 0.0, 0.0]","[1.2064583499265695, -3.9738789406611907, -0.8357678591598956]",4.236244032104708,"[0.0, 0.0, 0.0]","[-0.004542357862789604, -0.001351679401874415, -5.20262768018192e-05]",0.2715527343479684,4.269389639916749,4.338568310212713,4.741328162019057,4.873967746308913,0.20117892883718014,0.006443839520215988,0.34168236516416073,0,
67a60d7644c3401090d0cc3118ab7669,direct,identity,clean,taco,OPEN3D_ROBUST_POINT_TO_PLANE,CAMERA_LOCAL,OUTPUT_ALTERNATIVE_MODEL_NO_UNIQUE_TRUTH_COMPARISON,,"[0.665360139827349, -3.18296355396376, -0.6917858740824098]",,,,,,,,,0.20117892883718014,0.006443839520215988,0.3062004242092371,0,
ebaf2f42d2b5495793ca2824cd70320c,image,hand_complete_stress_nonzero,uint16,artificial,OPEN3D_ROBUST_POINT_TO_PLANE,WORLD_FIXED,STOPPED_INFORMATION_INSUFFICIENT,,,,,,,,,,,0.0020073987543582916,0.00018278323113918304,3.075599670410156e-05,0,the target is deliberately fully or almost fully occluded
ebaf2f42d2b5495793ca2824cd70320c,image,hand_complete_stress_nonzero,uint16,artificial,OPEN3D_ROBUST_POINT_TO_PLANE,CAMERA_LOCAL,STOPPED_INFORMATION_INSUFFICIENT,,,,,,,,,,,0.0020073987543582916,0.00018278323113918304,1.1105090379714966e-05,0,the target is deliberately fully or almost fully occluded
0b3083ac015142c2892196535dc0dc70,direct,combined,outliers,taco,OPEN3D_ROBUST_POINT_TO_PLANE,WORLD_FIXED,OUTPUT_ALTERNATIVE_MODEL_NO_UNIQUE_TRUTH_COMPARISON,,"[0.3610908591209853, -0.05571165298778684, -7.725773305584765]",,,,,,,,,0.20141327008605003,0.006468147039413452,0.5443859957158566,0,
0b3083ac015142c2892196535dc0dc70,direct,combined,outliers,taco,OPEN3D_ROBUST_POINT_TO_PLANE,CAMERA_LOCAL,OUTPUT,"[0.7730674776839919, 1.0295072503719938, -7.035288451975939]","[1.1600956638028401, -1.071289639270259, -7.232542093217335]",2.1452383054952193,"[-0.01276377744380985, -0.007753503856421654, -0.007433569745793681]","[-0.014744471920914756, -0.008284116699167832, -0.005514033056233006]",0.1609303494194563,2.193913160570011,2.2077140041082144,2.504802918437506,2.601241659150274,0.20141327008605003,0.006468147039413452,0.5589990802109241,0,
a4bcdb0f775344e08dbdceff2d252a25,direct,rotation,clean,taco,OPEN3D_ROBUST_POINT_TO_PLANE,WORLD_FIXED,OUTPUT_ALTERNATIVE_MODEL_NO_UNIQUE_TRUTH_COMPARISON,,"[4.892095204523106, 1.9003855159719367, 0.6896677493662877]",,,,,,,,,0.19954916834831238,0.006515679880976677,1.0781295914202929,0,
a4bcdb0f775344e08dbdceff2d252a25,direct,rotation,clean,taco,OPEN3D_ROBUST_POINT_TO_PLANE,CAMERA_LOCAL,OUTPUT,"[0.0, 0.0, 0.0]","[1.0841207917917526, -2.6310598814893376, -0.448904525463532]",2.8808521767281814,"[-0.021806913241052425, 0.03188435751434706, -0.06132707794622821]","[-0.024532632616187676, 0.030666721090427056, -0.061426825219561436]",0.17110527239200982,2.86885711906113,2.8608150990308583,3.1957033033112032,3.2191671613918738,0.19954916834831238,0.006515679880976677,0.6318837180733681,0,
154f230dc3bc4de58625de0c3adcca1f,direct,combined,strong_combined,taco,OPEN3D_ROBUST_POINT_TO_PLANE,WORLD_FIXED,OUTPUT,"[15.074916647919489, -0.12610707566483512, 17.235900033061903]","[16.733761730313713, -1.6047269321358792, 17.297183631297823]",2.2230248236910657,"[0.04749205848594967, -0.02719988740399519, 0.013691470440290829]","[0.04638532002354357, -0.028832109429082042, 0.01629450127093007]",0.18708649397146465,2.2884250520232845,2.3005933671209924,2.646884549947057,2.6863264494149193,0.20003562793135643,0.006461735814809799,0.5057807173579931,0,
154f230dc3bc4de58625de0c3adcca1f,direct,combined,strong_combined,taco,OPEN3D_ROBUST_POINT_TO_PLANE,CAMERA_LOCAL,OUTPUT_ALTERNATIVE_MODEL_NO_UNIQUE_TRUTH_COMPARISON,,"[18.239613797804626, -1.1657361079964792, 20.52655891593499]",,,,,,,,,0.20003562793135643,0.006461735814809799,0.6444497462362051,0,
