case_id,case_kind,condition,quality,shape_source,method,model,answer_status,true_translation_mm,estimated_translation_mm,translation_error_mm,true_rotvec_rad,estimated_rotvec_rad,rotation_error_deg,checkpoint_mean_mm,checkpoint_median_mm,checkpoint_p95_mm,checkpoint_maximum_mm,preprocessing_seconds,model_sampling_seconds,solve_seconds,peak_rss_delta_kib,reason
4c28d9f666dd4c8abe85a6a76588181a,direct,translation,clean,taco,CURRENT_FIXED,WORLD_FIXED,STOPPED,,,,,,,,,,,0.20824696496129036,0.007172774523496628,16.66940218769014,27148,"calibration fit failed or reached the numerical safety boundary: success=False, translation=0.016563520036541712, rotation_deg=0.0008130331032890883"
4c28d9f666dd4c8abe85a6a76588181a,direct,translation,clean,taco,CURRENT_FIXED,CAMERA_LOCAL,OUTPUT_ALTERNATIVE_MODEL_NO_UNIQUE_TRUTH_COMPARISON,,"[3.5530828447905813, 9.101794994869199, 2.748806370190984]",,,,,,,,,0.20824696496129036,0.007172774523496628,3.2171376701444387,24296,
3ba9fd0ecf7d4c1090a3fc9ad48d8740,direct,symmetric_ambiguous,information_insufficient,artificial,CURRENT_FIXED,WORLD_FIXED,OUTPUT_WITHOUT_IDENTIFIABILITY_CERTIFICATE,,,,,,,,,,,0.002441907301545143,0.0005991067737340927,0.5334665719419718,0,the public shape has deliberately ambiguous rigid symmetries
3ba9fd0ecf7d4c1090a3fc9ad48d8740,direct,symmetric_ambiguous,information_insufficient,artificial,CURRENT_FIXED,CAMERA_LOCAL,OUTPUT_WITHOUT_IDENTIFIABILITY_CERTIFICATE,,,,,,,,,,,0.002441907301545143,0.0005991067737340927,0.32825091667473316,0,the public shape has deliberately ambiguous rigid symmetries
61b2c63680b94806b73b1cb28d85de38,direct,combined,noise,artificial,CURRENT_FIXED,WORLD_FIXED,OUTPUT_ALTERNATIVE_MODEL_NO_UNIQUE_TRUTH_COMPARISON,,"[2.1568864603411964, 1.541952233610639, 1.2299182631455088]",,,,,,,,,0.001368088647723198,0.00024193152785301208,0.3032118249684572,0,
95a90168c3e044dc8ed518992c44c9ed,direct,translation,clean,artificial,CURRENT_FIXED,CAMERA_LOCAL,OUTPUT_ALTERNATIVE_MODEL_NO_UNIQUE_TRUTH_COMPARISON,,"[9.964291557571334, -1.1550959438924429, -7.31169541827026]",,,,,,,,,0.000881880521774292,0.0001781657338142395,0.19254779256880283,0,
c331fd6ad8e54d669cb213403c65116d,direct,combined,clean,taco,CURRENT_FIXED,WORLD_FIXED,OUTPUT_ALTERNATIVE_MODEL_NO_UNIQUE_TRUTH_COMPARISON,,"[-6.735881759129796, 0.7169487322744467, -10.198997359951994]",,,,,,,,,0.20618151128292084,0.011133154854178429,3.704215569421649,0,
16068ca95f804ff88a0427a11f80ede8,direct,combined,random_missing,taco,CURRENT_FIXED,CAMERA_LOCAL,OUTPUT_ALTERNATIVE_MODEL_NO_UNIQUE_TRUTH_COMPARISON,,"[5.408117319958846, 3.7661668106446253, -15.823296562627068]",,,,,,,,,0.19854833744466305,0.006735268980264664,4.723432764410973,15520,
62b3e8164a8a4b0089924f4e8908009a,direct,rotation,clean,taco,CURRENT_FIXED,WORLD_FIXED,STOPPED,,,,,,,,,,,0.19958141446113586,0.006415810436010361,17.76126280426979,14348,"calibration fit failed or reached the numerical safety boundary: success=False, translation=1.2542475256486749e-05, rotation_deg=2.24443071344518"
62b3e8164a8a4b0089924f4e8908009a,direct,rotation,clean,taco,CURRENT_FIXED,CAMERA_LOCAL,OUTPUT_ALTERNATIVE_MODEL_NO_UNIQUE_TRUTH_COMPARISON,,"[2.3094052400966634, 5.097647043035708, -0.4581916918547722]",,,,,,,,,0.19958141446113586,0.006415810436010361,4.829186849296093,15176,
a86cf6e5ba4f4b4cb6b5d3f0d2cdf7c4,direct,inconsistent_frames,information_insufficient,artificial,CURRENT_FIXED,WORLD_FIXED,STOPPED_INFORMATION_INSUFFICIENT,,,,,,,,,,,0.001499868929386139,0.0003386065363883972,0.34492451325058937,0,different frames were generated from deliberately incompatible corrections
a86cf6e5ba4f4b4cb6b5d3f0d2cdf7c4,direct,inconsistent_frames,information_insufficient,artificial,CURRENT_FIXED,CAMERA_LOCAL,STOPPED_INFORMATION_INSUFFICIENT,,,,,,,,,,,0.001499868929386139,0.0003386065363883972,0.5522486474364996,0,different frames were generated from deliberately incompatible corrections
2d510a4d4a3949b09dfa947878b1109b,direct,identity,clean,artificial,CURRENT_FIXED,WORLD_FIXED,OUTPUT_ALTERNATIVE_MODEL_NO_UNIQUE_TRUTH_COMPARISON,,"[1.0617341258187092e-07, 2.738132626119013e-06, 1.5718269051880295e-06]",,,,,,,,,0.0014081168919801712,0.00016675889492034912,0.17747661471366882,0,
2d510a4d4a3949b09dfa947878b1109b,direct,identity,clean,artificial,CURRENT_FIXED,CAMERA_LOCAL,OUTPUT,"[0.0, 0.0, 0.0]","[0.0, 0.0, 0.0]",0.0,"[0.0, 0.0, 0.0]","[0.0, 0.0, 0.0]",0.0,0.0,0.0,0.0,0.0,0.0014081168919801712,0.00016675889492034912,0.06304220110177994,0,
38966a1d743349c98959d1d60a8fe011,direct,combined,combined,artificial,CURRENT_FIXED,WORLD_FIXED,OUTPUT_ALTERNATIVE_MODEL_NO_UNIQUE_TRUTH_COMPARISON,,"[-9.96832179598667, 6.940691607902498, -2.9368794929129756]",,,,,,,,,0.0009151920676231384,0.00021523237228393555,0.2371381837874651,0,
d0a112c217d44081b2e4e6c8fbfc049f,direct,combined,strong_combined,taco,CURRENT_FIXED,WORLD_FIXED,OUTPUT_ALTERNATIVE_MODEL_NO_UNIQUE_TRUTH_COMPARISON,,"[14.93009583574055, 3.9483693397159256, 1.4793176237490284]",,,,,,,,,0.19879386387765408,0.006638955324888229,3.4577196426689625,0,
d833a84a788a44c3999fc34090c9719b,direct,identity,clean,artificial,CURRENT_FIXED,WORLD_FIXED,OUTPUT_ALTERNATIVE_MODEL_NO_UNIQUE_TRUTH_COMPARISON,,"[1.4134454717104464e-08, 3.363745228852261e-08, 1.9006638511077002e-08]",,,,,,,,,0.0015154015272855759,0.00031386129558086395,0.05318443104624748,0,
811fe61ae2cc47c688a2a1d3cf5d27a7,direct,combined,outliers,taco,CURRENT_FIXED,CAMERA_LOCAL,OUTPUT_ALTERNATIVE_MODEL_NO_UNIQUE_TRUTH_COMPARISON,,"[-2.5440868290402063, -1.7724189901445604, -1.1431106184752595]",,,,,,,,,0.20148755051195621,0.006534367799758911,3.6901149824261665,0,
0d0eaac4669b41c3ab399a00a2af2d2b,direct,combined,clean,taco,CURRENT_FIXED,CAMERA_LOCAL,OUTPUT_ALTERNATIVE_MODEL_NO_UNIQUE_TRUTH_COMPARISON,,"[11.331058817849206, 4.1438055033785, -2.3182442852022933]",,,,,,,,,0.19976120442152023,0.006550950929522514,4.984877705574036,0,
15b25d6b7521453abee0455fc66ecbb6,direct,inconsistent_frames,information_insufficient,artificial,CURRENT_FIXED,WORLD_FIXED,STOPPED_INFORMATION_INSUFFICIENT,,,,,,,,,,,0.001568719744682312,0.0002554226666688919,0.3510312642902136,0,different frames were generated from deliberately incompatible corrections
15b25d6b7521453abee0455fc66ecbb6,direct,inconsistent_frames,information_insufficient,artificial,CURRENT_FIXED,CAMERA_LOCAL,OUTPUT_WITHOUT_IDENTIFIABILITY_CERTIFICATE,,,,,,,,,,,0.001568719744682312,0.0002554226666688919,0.36870693042874336,0,different frames were generated from deliberately incompatible corrections
89011a2ead624e698e42ce0abc69dff2,direct,combined,outliers,taco,CURRENT_FIXED,WORLD_FIXED,OUTPUT_ALTERNATIVE_MODEL_NO_UNIQUE_TRUTH_COMPARISON,,"[10.73904501001922, -4.572058100356481, 4.407316754402867]",,,,,,,,,0.20164147950708866,0.006583159789443016,3.869464874267578,0,
2ebce00c7f6d4bfaab41db93dd0e2c25,image,other_front_stress_nonzero,float32,artificial,CURRENT_FIXED,WORLD_FIXED,STOPPED,,,,,,,,,,,0.0021077487617731094,0.00018887408077716827,0.0009619425982236862,0,too few calibration surface points
2ebce00c7f6d4bfaab41db93dd0e2c25,image,other_front_stress_nonzero,float32,artificial,CURRENT_FIXED,CAMERA_LOCAL,STOPPED,,,,,,,,,,,0.0021077487617731094,0.00018887408077716827,0.0006156321614980698,0,too few calibration surface points
92c840c690094719a5435b8ac0fc5268,direct,translation,clean,artificial,CURRENT_FIXED,WORLD_FIXED,OUTPUT_ALTERNATIVE_MODEL_NO_UNIQUE_TRUTH_COMPARISON,,"[-17.463813361185036, -2.0401121487026717, -13.574432176471383]",,,,,,,,,0.0008512157946825027,0.00015995092689990997,0.21725255623459816,0,
b189d7d17bec43978637e80534727d21,direct,combined,random_missing,taco,CURRENT_FIXED,WORLD_FIXED,OUTPUT_ALTERNATIVE_MODEL_NO_UNIQUE_TRUTH_COMPARISON,,"[-18.58733069751178, 0.1932915083426061, -15.751292561840508]",,,,,,,,,0.19994141533970833,0.006400665268301964,4.513515528291464,0,
4d43ec3416434c6dba1151fc64b3afa6,direct,combined,outliers,taco,CURRENT_FIXED,CAMERA_LOCAL,OUTPUT_ALTERNATIVE_MODEL_NO_UNIQUE_TRUTH_COMPARISON,,"[-10.120677768401642, -3.846832820383904, -3.085282118332591]",,,,,,,,,0.2004895657300949,0.006419224664568901,4.95200378075242,0,
7522e4f6d327441baa991f95a4a74ef2,direct,identity,clean,taco,CURRENT_FIXED,WORLD_FIXED,OUTPUT_ALTERNATIVE_MODEL_NO_UNIQUE_TRUTH_COMPARISON,,"[1.0522738880744136e-09, 1.1770645249684756e-09, 1.437614189473138e-09]",,,,,,,,,0.20313482731580734,0.006407406181097031,0.6375511065125465,0,
39b31a9f2dbb475e9ff96c0bbaa16445,direct,symmetric_ambiguous,information_insufficient,artificial,CURRENT_FIXED,WORLD_FIXED,OUTPUT_WITHOUT_IDENTIFIABILITY_CERTIFICATE,,,,,,,,,,,0.0022340547293424606,0.00033931806683540344,0.5107859801501036,0,the public shape has deliberately ambiguous rigid symmetries
39b31a9f2dbb475e9ff96c0bbaa16445,direct,symmetric_ambiguous,information_insufficient,artificial,CURRENT_FIXED,CAMERA_LOCAL,OUTPUT_WITHOUT_IDENTIFIABILITY_CERTIFICATE,,,,,,,,,,,0.0022340547293424606,0.00033931806683540344,0.37825785018503666,0,the public shape has deliberately ambiguous rigid symmetries
0d739c353a2243f7add2a9694b908956,image,none_small_nonzero,float32,artificial,CURRENT_FIXED,CAMERA_LOCAL,OUTPUT_ALTERNATIVE_MODEL_NO_UNIQUE_TRUTH_COMPARISON,,"[0.20102238336222614, -0.2424854745870143, -0.1709022168427641]",,,,,,,,,0.0013741161674261093,0.00014221109449863434,0.17160021513700485,0,
ba152c587fc84b70bb6ef936f6d845a4,direct,translation,clean,taco,CURRENT_FIXED,WORLD_FIXED,OUTPUT_ALTERNATIVE_MODEL_NO_UNIQUE_TRUTH_COMPARISON,,"[-3.156012400445201, 5.125603029799844, -12.193297374210022]",,,,,,,,,0.20193449780344963,0.006367186084389687,4.0190826915204525,0,
ba152c587fc84b70bb6ef936f6d845a4,direct,translation,clean,taco,CURRENT_FIXED,CAMERA_LOCAL,STOPPED,,,,,,,,,,,0.20193449780344963,0.006367186084389687,17.66706203110516,0,"calibration fit failed or reached the numerical safety boundary: success=False, translation=0.01251658330587582, rotation_deg=0.0007171593511625766"
904d992d3e1944059c7c57f9c779a8e0,direct,identity,clean,taco,CURRENT_FIXED,CAMERA_LOCAL,OUTPUT_ALTERNATIVE_MODEL_NO_UNIQUE_TRUTH_COMPARISON,,"[1.0994855755508309e-09, 1.2108094321831828e-09, 1.4745906757290675e-09]",,,,,,,,,0.19996261596679688,0.006541816517710686,0.6341047715395689,0,
642e1208e14d41cf8d62c915b95a109f,direct,inconsistent_frames,information_insufficient,artificial,CURRENT_FIXED,WORLD_FIXED,OUTPUT_WITHOUT_IDENTIFIABILITY_CERTIFICATE,,,,,,,,,,,0.0015457551926374435,0.00024373643100261688,0.26588828302919865,0,different frames were generated from deliberately incompatible corrections
642e1208e14d41cf8d62c915b95a109f,direct,inconsistent_frames,information_insufficient,artificial,CURRENT_FIXED,CAMERA_LOCAL,OUTPUT_WITHOUT_IDENTIFIABILITY_CERTIFICATE,,,,,,,,,,,0.0015457551926374435,0.00024373643100261688,0.2701325099915266,0,different frames were generated from deliberately incompatible corrections
275076508c8b4fabbd81606e507b6e5b,direct,rotation,clean,artificial,CURRENT_FIXED,WORLD_FIXED,OUTPUT_ALTERNATIVE_MODEL_NO_UNIQUE_TRUTH_COMPARISON,,"[7.934860412458538, -3.4774358522108932, 0.2133532928743943]",,,,,,,,,0.0008648168295621872,0.0001669079065322876,0.28583453223109245,0,
07c581eb235040f8b2bcf26af0aaf020,direct,combined,clean,artificial,CURRENT_FIXED,CAMERA_LOCAL,OUTPUT_ALTERNATIVE_MODEL_NO_UNIQUE_TRUTH_COMPARISON,,"[21.246813646902094, 4.864537604747999, -9.840413270176253]",,,,,,,,,0.0008727274835109711,0.00020491890609264374,0.2983627300709486,0,
0a72517e954d49879a04e98843dee22b,direct,rotation,clean,artificial,CURRENT_FIXED,CAMERA_LOCAL,OUTPUT_ALTERNATIVE_MODEL_NO_UNIQUE_TRUTH_COMPARISON,,"[-2.1881268519541837, -6.402454936312872, -1.9207455033769936]",,,,,,,,,0.0008730795234441757,0.0001644957810640335,0.19969210401177406,0,
0613bd6004934d7e9a4d9bb9ee1b917f,direct,identity,clean,artificial,CURRENT_FIXED,CAMERA_LOCAL,OUTPUT_ALTERNATIVE_MODEL_NO_UNIQUE_TRUTH_COMPARISON,,"[-1.8608271789600205e-06, 4.630014332402077e-06, 1.7184470886006531e-06]",,,,,,,,,0.0008930359035730362,0.0001568831503391266,0.1744672656059265,0,
b64258d87dfd4efd834c86f47193d529,image,other_front_small_nonzero,float32,artificial,CURRENT_FIXED,WORLD_FIXED,STOPPED,,,,,,,,,,,0.0012740902602672577,0.00013313814997673035,0.00020113959908485413,0,prepared frame 1 contains no target evidence
b64258d87dfd4efd834c86f47193d529,image,other_front_small_nonzero,float32,artificial,CURRENT_FIXED,CAMERA_LOCAL,STOPPED,,,,,,,,,,,0.0012740902602672577,0.00013313814997673035,0.00012197345495223999,0,prepared frame 1 contains no target evidence
97c58d07be404adfbc9ac8d302006599,direct,translation,clean,artificial,CURRENT_FIXED,CAMERA_LOCAL,OUTPUT_ALTERNATIVE_MODEL_NO_UNIQUE_TRUTH_COMPARISON,,"[2.802519298316228, 3.967012012044797, -4.1906705437244804]",,,,,,,,,0.0008566733449697495,0.00015879608690738678,0.23551760986447334,0,
b1ab0b082ec0459a9a06d409c0577a76,direct,translation,clean,taco,CURRENT_FIXED,WORLD_FIXED,OUTPUT_ALTERNATIVE_MODEL_NO_UNIQUE_TRUTH_COMPARISON,,"[3.4697719086872914, -4.29114510601531, -3.9324194210651364]",,,,,,,,,0.2012408096343279,0.006485613062977791,3.7710284050554037,0,
b1ab0b082ec0459a9a06d409c0577a76,direct,translation,clean,taco,CURRENT_FIXED,CAMERA_LOCAL,STOPPED,,,,,,,,,,,0.2012408096343279,0.006485613062977791,17.49803962185979,0,"calibration fit failed or reached the numerical safety boundary: success=False, translation=0.006914810866911817, rotation_deg=0.0006373207092736508"
76b500a228de45b6a7759de2d90889cc,direct,combined,clean,taco,CURRENT_FIXED,WORLD_FIXED,OUTPUT_ALTERNATIVE_MODEL_NO_UNIQUE_TRUTH_COMPARISON,,"[1.0760939617882352, 21.051930273714085, -4.164729200879791]",,,,,,,,,0.19951658695936203,0.006471011787652969,3.859504507854581,0,
55d9ad951e0b46c0a1876eba953db1d0,direct,identity,clean,artificial,CURRENT_FIXED,CAMERA_LOCAL,OUTPUT_ALTERNATIVE_MODEL_NO_UNIQUE_TRUTH_COMPARISON,,"[2.4010500563900215e-08, 2.038787009391664e-08, 1.2783203748293815e-08]",,,,,,,,,0.0016831420361995697,0.0002424735575914383,0.05334664136171341,0,
857cb8e146294f459f1829f0aee52e9f,direct,combined,local_missing,artificial,CURRENT_FIXED,CAMERA_LOCAL,OUTPUT_ALTERNATIVE_MODEL_NO_UNIQUE_TRUTH_COMPARISON,,"[4.323891579150258, 8.721935128155495, -2.71643012915003]",,,,,,,,,0.0008436143398284912,0.00016492977738380432,0.25429677590727806,0,
c6525673188d4350ac0bfbd905453f19,direct,combined,noise,artificial,CURRENT_FIXED,WORLD_FIXED,OUTPUT_ALTERNATIVE_MODEL_NO_UNIQUE_TRUTH_COMPARISON,,"[-10.60247719716304, -6.086174509809881, 0.8042705460472158]",,,,,,,,,0.0009200479835271835,0.00016908347606658936,0.3636032100766897,0,
0aaff379548944648a7414c130a181fa,image,hand_large_stress_nonzero,float32,artificial,CURRENT_FIXED,WORLD_FIXED,STOPPED_INFORMATION_INSUFFICIENT,,,,,,,,,,,0.0011950507760047913,0.00014553777873516083,2.088211476802826e-05,0,the target is deliberately fully or almost fully occluded
0aaff379548944648a7414c130a181fa,image,hand_large_stress_nonzero,float32,artificial,CURRENT_FIXED,CAMERA_LOCAL,STOPPED_INFORMATION_INSUFFICIENT,,,,,,,,,,,0.0011950507760047913,0.00014553777873516083,7.711350917816162e-06,0,the target is deliberately fully or almost fully occluded
55da8ade46264d6b8fd1cc63e3eb03bb,direct,translation,clean,taco,CURRENT_FIXED,WORLD_FIXED,STOPPED,,,,,,,,,,,0.20175685361027718,0.006721919402480125,18.038768883794546,0,"calibration fit failed or reached the numerical safety boundary: success=False, translation=0.019832012232845506, rotation_deg=0.0007271254657401165"
55da8ade46264d6b8fd1cc63e3eb03bb,direct,translation,clean,taco,CURRENT_FIXED,CAMERA_LOCAL,OUTPUT_ALTERNATIVE_MODEL_NO_UNIQUE_TRUTH_COMPARISON,,"[-11.717596458760163, 1.4303051114176748, -15.218276442429593]",,,,,,,,,0.20175685361027718,0.006721919402480125,5.71852714009583,0,
9bcd56d2f8b94a9fb7d9128fdd743677,image,other_front_stress_nonzero,uint16,artificial,CURRENT_FIXED,WORLD_FIXED,STOPPED,,,,,,,,,,,0.0019513238221406937,0.0001827329397201538,2.170354127883911e-05,0,prepared frame 0 contains no target evidence
9bcd56d2f8b94a9fb7d9128fdd743677,image,other_front_stress_nonzero,uint16,artificial,CURRENT_FIXED,CAMERA_LOCAL,STOPPED,,,,,,,,,,,0.0019513238221406937,0.0001827329397201538,9.98564064502716e-06,0,prepared frame 0 contains no target evidence
4b8e0982b94b4b568b7bb68c1a70349b,direct,rotation,clean,artificial,CURRENT_FIXED,CAMERA_LOCAL,OUTPUT_ALTERNATIVE_MODEL_NO_UNIQUE_TRUTH_COMPARISON,,"[-0.1986982208133997, -11.338042658179253, 1.4395376291741258]",,,,,,,,,0.0008964147418737411,0.00016135163605213165,0.32892511039972305,0,
46451fd3bbb747cabbb545e992f66693,direct,combined,combined,artificial,CURRENT_FIXED,CAMERA_LOCAL,OUTPUT_ALTERNATIVE_MODEL_NO_UNIQUE_TRUTH_COMPARISON,,"[2.172823349877569, -1.1528795685936024, 0.7282037611512449]",,,,,,,,,0.0008039530366659164,0.0001561436802148819,0.3994290754199028,0,
f0f816a3832546698dc2e94ed0eac510,image,hand_partial_stress_nonzero,float32,artificial,CURRENT_FIXED,WORLD_FIXED,STOPPED,,,,,,,,,,,0.0012037325650453568,0.00013646483421325684,0.000796416774392128,0,too few calibration surface points
f0f816a3832546698dc2e94ed0eac510,image,hand_partial_stress_nonzero,float32,artificial,CURRENT_FIXED,CAMERA_LOCAL,STOPPED,,,,,,,,,,,0.0012037325650453568,0.00013646483421325684,0.000610819086432457,0,too few calibration surface points
1c5086f5a650429cb0f97e52ddb70275,image,other_behind_small_nonzero,uint16,artificial,CURRENT_FIXED,WORLD_FIXED,OUTPUT_ALTERNATIVE_MODEL_NO_UNIQUE_TRUTH_COMPARISON,,"[0.6300834290721716, 0.17004059900417445, -0.15423367550641365]",,,,,,,,,0.001212162896990776,0.00014460831880569458,0.17724228277802467,0,
59fd65482a55445eba3ae057c7192e47,direct,translation,clean,artificial,CURRENT_FIXED,WORLD_FIXED,OUTPUT_ALTERNATIVE_MODEL_NO_UNIQUE_TRUTH_COMPARISON,,"[3.5845049764563646, -18.008745670156404, 9.454146470609206]",,,,,,,,,0.0008233450353145599,0.00014807283878326416,0.20511367544531822,0,
0e9d25928694496596c62b5d8361a298,direct,combined,clean,artificial,CURRENT_FIXED,WORLD_FIXED,OUTPUT_ALTERNATIVE_MODEL_NO_UNIQUE_TRUTH_COMPARISON,,"[-0.8163271959950957, 7.372558359727195, 12.976348682514846]",,,,,,,,,0.0008689127862453461,0.00015452131628990173,0.20372013561427593,0,
63ec2f78549f40a8b5ba674733364339,direct,combined,clean,artificial,CURRENT_FIXED,CAMERA_LOCAL,OUTPUT_ALTERNATIVE_MODEL_NO_UNIQUE_TRUTH_COMPARISON,,"[4.176710379095154, 14.12563484101637, -6.070776037121337]",,,,,,,,,0.0008749198168516159,0.00016133300960063934,0.23124397173523903,0,
9aa73a8026fb452d95bb587681c67b39,direct,combined,clean,taco,CURRENT_FIXED,CAMERA_LOCAL,OUTPUT_ALTERNATIVE_MODEL_NO_UNIQUE_TRUTH_COMPARISON,,"[-0.30445977627316956, -0.8658239474863701, -0.9029227393823874]",,,,,,,,,0.201553488150239,0.006486816331744194,4.322748348116875,0,
8050dc91668147cb93d568b944b49e81,direct,symmetric_ambiguous,information_insufficient,artificial,CURRENT_FIXED,WORLD_FIXED,OUTPUT_WITHOUT_IDENTIFIABILITY_CERTIFICATE,,,,,,,,,,,0.002456389367580414,0.0003402065485715866,0.5077464878559113,0,the public shape has deliberately ambiguous rigid symmetries
8050dc91668147cb93d568b944b49e81,direct,symmetric_ambiguous,information_insufficient,artificial,CURRENT_FIXED,CAMERA_LOCAL,OUTPUT_WITHOUT_IDENTIFIABILITY_CERTIFICATE,,,,,,,,,,,0.002456389367580414,0.0003402065485715866,0.4185790065675974,0,the public shape has deliberately ambiguous rigid symmetries
547f11fe6ca04525b78ab7f99b751e88,direct,combined,random_missing,taco,CURRENT_FIXED,CAMERA_LOCAL,OUTPUT_ALTERNATIVE_MODEL_NO_UNIQUE_TRUTH_COMPARISON,,"[0.8757763379009882, -14.047973970397019, 13.899735415254028]",,,,,,,,,0.20016158372163773,0.006514636799693108,4.86709282360971,0,
29280027d82f4bf1a126a04c7a4392b4,direct,combined,clean,artificial,CURRENT_FIXED,WORLD_FIXED,OUTPUT_ALTERNATIVE_MODEL_NO_UNIQUE_TRUTH_COMPARISON,,"[10.919909267286448, -29.596096422405935, -6.4804203121210735]",,,,,,,,,0.0016787629574537277,0.0002471897751092911,0.2239773627370596,0,
0e2fd2d4713040c789338e1dd39a254a,image,other_front_small_nonzero,float32,artificial,CURRENT_FIXED,WORLD_FIXED,STOPPED,,,,,,,,,,,0.0012310147285461426,0.00014116056263446808,1.9511207938194275e-05,0,prepared frame 0 contains no target evidence
0e2fd2d4713040c789338e1dd39a254a,image,other_front_small_nonzero,float32,artificial,CURRENT_FIXED,CAMERA_LOCAL,STOPPED,,,,,,,,,,,0.0012310147285461426,0.00014116056263446808,7.722526788711548e-06,0,prepared frame 0 contains no target evidence
75a77a31743745c6a34ca8712f68ba9d,direct,identity,clean,artificial,CURRENT_FIXED,WORLD_FIXED,OUTPUT_ALTERNATIVE_MODEL_NO_UNIQUE_TRUTH_COMPARISON,,"[3.5605966147795794e-07, 8.026901390301949e-07, 5.351424776812261e-07]",,,,,,,,,0.0008436553180217743,0.00016061030328273773,0.06143391318619251,0,
75a77a31743745c6a34ca8712f68ba9d,direct,identity,clean,artificial,CURRENT_FIXED,CAMERA_LOCAL,OUTPUT,"[0.0, 0.0, 0.0]","[0.0, 0.0, 0.0]",0.0,"[0.0, 0.0, 0.0]","[0.0, 0.0, 0.0]",0.0,0.0,0.0,0.0,0.0,0.0008436553180217743,0.00016061030328273773,0.061925703659653664,0,
b382feae0447466ba9c5bd16af6b2aac,image,hand_partial_small_nonzero,float32,artificial,CURRENT_FIXED,WORLD_FIXED,OUTPUT_ALTERNATIVE_MODEL_NO_UNIQUE_TRUTH_COMPARISON,,"[-0.15025959869957572, 0.5606864233487028, 0.05958770143749172]",,,,,,,,,0.0012375228106975555,0.0001389477401971817,0.1350205335766077,0,
8439eb24aa2843e6a7b58d1f7c7c3ac0,image,hand_large_stress_nonzero,float32,artificial,CURRENT_FIXED,WORLD_FIXED,STOPPED_INFORMATION_INSUFFICIENT,,,,,,,,,,,0.0011104922741651535,0.00014390796422958374,3.6343932151794434e-05,0,the target is deliberately fully or almost fully occluded
8439eb24aa2843e6a7b58d1f7c7c3ac0,image,hand_large_stress_nonzero,float32,artificial,CURRENT_FIXED,CAMERA_LOCAL,STOPPED_INFORMATION_INSUFFICIENT,,,,,,,,,,,0.0011104922741651535,0.00014390796422958374,8.231028914451599e-06,0,the target is deliberately fully or almost fully occluded
67a32643f48b4070b4b2050dd46fdd03,direct,combined,clean,taco,CURRENT_FIXED,CAMERA_LOCAL,OUTPUT_ALTERNATIVE_MODEL_NO_UNIQUE_TRUTH_COMPARISON,,"[-10.820900424015393, 1.1314367292459144, -13.049568763408134]",,,,,,,,,0.20158096961677074,0.006366906687617302,3.249460231512785,0,
a80aadeb42e44765afd4094d1e1d7d36,direct,combined,noise,artificial,CURRENT_FIXED,CAMERA_LOCAL,OUTPUT_ALTERNATIVE_MODEL_NO_UNIQUE_TRUTH_COMPARISON,,"[-11.382710982111947, 1.7405151869321278, -1.8063344130468502]",,,,,,,,,0.00165516696870327,0.0002445392310619354,0.22484237886965275,0,
0dc432dcac6240dbaf55b534492d5f51,direct,combined,strong_combined,taco,CURRENT_FIXED,CAMERA_LOCAL,OUTPUT_ALTERNATIVE_MODEL_NO_UNIQUE_TRUTH_COMPARISON,,"[-15.60037752336365, 4.1445563855475624, 1.2309794900163802]",,,,,,,,,0.19939465634524822,0.006532864645123482,4.439451327547431,0,
4900aead925b45f8a0e3c933717ecb0a,direct,combined,clean,artificial,CURRENT_FIXED,WORLD_FIXED,OUTPUT_ALTERNATIVE_MODEL_NO_UNIQUE_TRUTH_COMPARISON,,"[-5.92012135731111, -7.652391358379137, -2.71590079733023]",,,,,,,,,0.0016129054129123688,0.0002403799444437027,0.30051265843212605,0,
ec299ce9983743208e44ad4d8646b2ab,direct,identity,clean,artificial,CURRENT_FIXED,CAMERA_LOCAL,OUTPUT_ALTERNATIVE_MODEL_NO_UNIQUE_TRUTH_COMPARISON,,"[7.705652471337967e-07, 7.797952059388489e-07, 4.1337036767091527e-07]",,,,,,,,,0.0009371638298034668,0.00017254799604415894,0.09877248108386993,0,
4ce9a7d20c674d7fae60ec20eae7ffc4,direct,combined,local_missing,artificial,CURRENT_FIXED,CAMERA_LOCAL,OUTPUT_ALTERNATIVE_MODEL_NO_UNIQUE_TRUTH_COMPARISON,,"[-2.981555153226493, -12.198672408440915, 6.252125702229571]",,,,,,,,,0.0008474402129650116,0.00016794167459011078,0.24650681763887405,0,
f0716e0bd3cc48979b06b987939c46cb,direct,rotation,clean,taco,CURRENT_FIXED,WORLD_FIXED,OUTPUT_ALTERNATIVE_MODEL_NO_UNIQUE_TRUTH_COMPARISON,,"[-2.044844563196661, -0.34924397335206153, -1.0820729034876793]",,,,,,,,,0.20140556804835796,0.006525032222270966,5.225301776081324,0,
f0716e0bd3cc48979b06b987939c46cb,direct,rotation,clean,taco,CURRENT_FIXED,CAMERA_LOCAL,STOPPED,,,,,,,,,,,0.20140556804835796,0.006525032222270966,18.275638822466135,0,"calibration fit failed or reached the numerical safety boundary: success=False, translation=7.925469414495004e-06, rotation_deg=2.6039806650650723"
053ac6e998944173b1464f5c81fe7dde,direct,combined,noise,artificial,CURRENT_FIXED,CAMERA_LOCAL,OUTPUT_ALTERNATIVE_MODEL_NO_UNIQUE_TRUTH_COMPARISON,,"[8.595129099880804, 1.1339018838906476, 8.800765757678576]",,,,,,,,,0.0016760006546974182,0.0002572741359472275,0.25165265798568726,0,
eb80abec7df24ec4be5a0228908cd6cb,image,hand_partial_stress_nonzero,uint16,artificial,CURRENT_FIXED,WORLD_FIXED,STOPPED,,,,,,,,,,,0.0012799669057130814,0.0001442059874534607,0.0002986844629049301,0,prepared frame 2 contains no target evidence
eb80abec7df24ec4be5a0228908cd6cb,image,hand_partial_stress_nonzero,uint16,artificial,CURRENT_FIXED,CAMERA_LOCAL,STOPPED,,,,,,,,,,,0.0012799669057130814,0.0001442059874534607,0.0002117753028869629,0,prepared frame 2 contains no target evidence
f123c52c42bc4603a6257a779f1aada5,direct,combined,combined,artificial,CURRENT_FIXED,CAMERA_LOCAL,OUTPUT_ALTERNATIVE_MODEL_NO_UNIQUE_TRUTH_COMPARISON,,"[1.4659943299214784, -2.8259597693748626, 3.345992513925527]",,,,,,,,,0.000837644562125206,0.00015563145279884338,0.1601231899112463,0,
57008f8f2a224ccc837801a5a4a2d2c8,direct,rotation,clean,taco,CURRENT_FIXED,WORLD_FIXED,OUTPUT_ALTERNATIVE_MODEL_NO_UNIQUE_TRUTH_COMPARISON,,"[1.2339143417482275, 2.486259275902312, 0.48995427105150224]",,,,,,,,,0.2016266379505396,0.00659322552382946,4.347664469853044,0,
57008f8f2a224ccc837801a5a4a2d2c8,direct,rotation,clean,taco,CURRENT_FIXED,CAMERA_LOCAL,STOPPED,,,,,,,,,,,0.2016266379505396,0.00659322552382946,17.998677583411336,0,"calibration fit failed or reached the numerical safety boundary: success=False, translation=9.710943290382459e-06, rotation_deg=2.753835571657909"
a645fad4d7af49aabbd3dd175812f75c,direct,combined,local_missing,artificial,CURRENT_FIXED,WORLD_FIXED,OUTPUT_ALTERNATIVE_MODEL_NO_UNIQUE_TRUTH_COMPARISON,,"[0.10212126017238897, 12.286490192521468, -7.1934893453346325]",,,,,,,,,0.0016153883188962936,0.0002482924610376358,0.21182201616466045,0,
6c6e3c76105a4089a4bb88808d0b9162,direct,identity,clean,taco,CURRENT_FIXED,WORLD_FIXED,OUTPUT_ALTERNATIVE_MODEL_NO_UNIQUE_TRUTH_COMPARISON,,"[1.1860153221994474e-09, 1.2905999352532958e-09, 1.4333771605418255e-09]",,,,,,,,,0.20138906314969063,0.006538504734635353,0.6368577498942614,0,
e279e7b2ed1f4f43bcd60f16097c9574,direct,combined,strong_combined,taco,CURRENT_FIXED,WORLD_FIXED,OUTPUT_ALTERNATIVE_MODEL_NO_UNIQUE_TRUTH_COMPARISON,,"[9.26766285177903, 0.39150627452406206, 5.972904383568668]",,,,,,,,,0.1976767722517252,0.006495896726846695,3.3169181924313307,0,
9a830b07146e49d0942d5f8bac6f9789,direct,inconsistent_frames,information_insufficient,artificial,CURRENT_FIXED,WORLD_FIXED,STOPPED_INFORMATION_INSUFFICIENT,,,,,,,,,,,0.001766955479979515,0.0002637263387441635,0.5228664539754391,0,different frames were generated from deliberately incompatible corrections
9a830b07146e49d0942d5f8bac6f9789,direct,inconsistent_frames,information_insufficient,artificial,CURRENT_FIXED,CAMERA_LOCAL,STOPPED_INFORMATION_INSUFFICIENT,,,,,,,,,,,0.001766955479979515,0.0002637263387441635,0.41783989034593105,0,different frames were generated from deliberately incompatible corrections
8830786ff99c439e9a285e1aa2cf2680,direct,translation,clean,artificial,CURRENT_FIXED,WORLD_FIXED,OUTPUT_ALTERNATIVE_MODEL_NO_UNIQUE_TRUTH_COMPARISON,,"[11.262177877552626, -10.165099621057854, -4.462911902179446]",,,,,,,,,0.0008538085967302322,0.0001605413854122162,0.19033120200037956,0,
309bb4c8570f4b17a6f218c1a02f0c71,direct,rotation,clean,taco,CURRENT_FIXED,WORLD_FIXED,STOPPED,,,,,,,,,,,0.2016298919916153,0.006537223234772682,18.054315937682986,0,"calibration fit failed or reached the numerical safety boundary: success=False, translation=1.2560209149319103e-05, rotation_deg=2.9119016128508917"
309bb4c8570f4b17a6f218c1a02f0c71,direct,rotation,clean,taco,CURRENT_FIXED,CAMERA_LOCAL,OUTPUT_ALTERNATIVE_MODEL_NO_UNIQUE_TRUTH_COMPARISON,,"[8.767599856164535, -1.0603874916052347, -0.695852701247917]",,,,,,,,,0.2016298919916153,0.006537223234772682,5.151972953230143,0,
3b95156c8de345f59c6584352f982b22,direct,rotation,clean,artificial,CURRENT_FIXED,WORLD_FIXED,OUTPUT_ALTERNATIVE_MODEL_NO_UNIQUE_TRUTH_COMPARISON,,"[1.1403686684434087, 4.384728921076955, -0.3593068201045328]",,,,,,,,,0.0016447417438030243,0.00024078041315078735,0.22017895430326462,0,
0c4b83108d4a430fbed54931bdfaf7ee,image,hand_partial_small_nonzero,uint16,artificial,CURRENT_FIXED,WORLD_FIXED,STOPPED,,,,,,,,,,,0.0012426730245351791,0.00015168078243732452,0.00020627863705158234,0,prepared frame 1 contains no target evidence
0c4b83108d4a430fbed54931bdfaf7ee,image,hand_partial_small_nonzero,uint16,artificial,CURRENT_FIXED,CAMERA_LOCAL,STOPPED,,,,,,,,,,,0.0012426730245351791,0.00015168078243732452,0.00013580359518527985,0,prepared frame 1 contains no target evidence
4bcc8605bb8d48018e6afcad029782b2,direct,rotation,clean,taco,CURRENT_FIXED,WORLD_FIXED,STOPPED,,,,,,,,,,,0.20117264799773693,0.006516752764582634,18.049918081611395,0,"calibration fit failed or reached the numerical safety boundary: success=False, translation=1.4774232998592374e-05, rotation_deg=3.852493213750559"
4bcc8605bb8d48018e6afcad029782b2,direct,rotation,clean,taco,CURRENT_FIXED,CAMERA_LOCAL,OUTPUT_ALTERNATIVE_MODEL_NO_UNIQUE_TRUTH_COMPARISON,,"[-4.716549179907102, -2.1715125877489734, -1.4005222223887146]",,,,,,,,,0.20117264799773693,0.006516752764582634,5.086046546697617,0,
31d6fff68cc145e2a127e6e62647a30d,image,other_behind_small_nonzero,float32,artificial,CURRENT_FIXED,WORLD_FIXED,OUTPUT_ALTERNATIVE_MODEL_NO_UNIQUE_TRUTH_COMPARISON,,"[2.9860519156912893e-05, -0.0029050211348964784, 0.4124339501983747]",,,,,,,,,0.002100937068462372,0.00018038973212242126,0.18161138147115707,0,
11029c055efd4a12a8d4881d8cd3d6f7,direct,combined,local_missing,artificial,CURRENT_FIXED,WORLD_FIXED,OUTPUT_ALTERNATIVE_MODEL_NO_UNIQUE_TRUTH_COMPARISON,,"[-6.678309213695737, -12.480909136848114, -13.527079699287462]",,,,,,,,,0.0008552297949790955,0.0001711379736661911,0.2077417764812708,0,
a196ab4d5c9642558702ebef48d24a48,direct,combined,clean,taco,CURRENT_FIXED,WORLD_FIXED,OUTPUT_ALTERNATIVE_MODEL_NO_UNIQUE_TRUTH_COMPARISON,,"[-11.45459952173896, 5.769924766884524, 11.478679258264734]",,,,,,,,,0.2014817800372839,0.006522690877318382,4.593842912465334,0,
6e0a31817f114b85bb98bfad70dcc3ac,direct,combined,random_missing,taco,CURRENT_FIXED,WORLD_FIXED,OUTPUT_ALTERNATIVE_MODEL_NO_UNIQUE_TRUTH_COMPARISON,,"[-13.659933160375692, -19.697969402757366, 6.299440158462454]",,,,,,,,,0.198168670758605,0.006476020440459251,4.456186518073082,0,
1402930efe0d451788cb7f6592f0c85e,direct,translation,clean,taco,CURRENT_FIXED,WORLD_FIXED,OUTPUT_ALTERNATIVE_MODEL_NO_UNIQUE_TRUTH_COMPARISON,,"[-3.225558058444721, 6.133257926462795, -1.3892751061402193]",,,,,,,,,0.20018156617879868,0.0064182523638010025,3.037973979488015,0,
1402930efe0d451788cb7f6592f0c85e,direct,translation,clean,taco,CURRENT_FIXED,CAMERA_LOCAL,STOPPED,,,,,,,,,,,0.20018156617879868,0.0064182523638010025,17.417416382580996,0,"calibration fit failed or reached the numerical safety boundary: success=False, translation=0.004807443591037894, rotation_deg=0.0006169959594289596"
3d6e2524224741608f98c533d8174d12,image,none_small_nonzero,uint16,artificial,CURRENT_FIXED,CAMERA_LOCAL,OUTPUT_ALTERNATIVE_MODEL_NO_UNIQUE_TRUTH_COMPARISON,,"[-0.27245082454355984, -0.13579647882828577, 0.2753630998812721]",,,,,,,,,0.0018497835844755173,0.00017386116087436676,0.11349700205028057,0,
f5f8dd1091fc42b8b4d0f1bf9a515a40,direct,identity,clean,taco,CURRENT_FIXED,WORLD_FIXED,OUTPUT_ALTERNATIVE_MODEL_NO_UNIQUE_TRUTH_COMPARISON,,"[-1.7082313129075737e-06, 3.386109867821501e-06, 2.948549569636234e-07]",,,,,,,,,0.20124848373234272,0.006495008245110512,0.930247763171792,0,
721144c1c1e74f649918b76338082788,direct,rotation,clean,artificial,CURRENT_FIXED,WORLD_FIXED,OUTPUT_ALTERNATIVE_MODEL_NO_UNIQUE_TRUTH_COMPARISON,,"[0.9437425678246751, 6.526189436608871, 0.6841640692726344]",,,,,,,,,0.0016360711306333542,0.00024210289120674133,0.2099312413483858,0,
ee9c8ca7131a4b439e4dc398489cdda0,direct,combined,combined,artificial,CURRENT_FIXED,WORLD_FIXED,OUTPUT_ALTERNATIVE_MODEL_NO_UNIQUE_TRUTH_COMPARISON,,"[-4.1362359781864875, -11.048406862105677, -4.111160859729171]",,,,,,,,,0.0008877981454133987,0.00016731210052967072,0.2545322608202696,0,
0c501fedf2d74fe48c0a81be7c81610a,direct,translation,clean,artificial,CURRENT_FIXED,WORLD_FIXED,STOPPED,,,,,,,,,,,0.0009097717702388763,0.00016561709344387054,2.0246162563562393,0,"calibration fit failed or reached the numerical safety boundary: success=False, translation=0.005096041071928284, rotation_deg=0.002010624928353528"
0c501fedf2d74fe48c0a81be7c81610a,direct,translation,clean,artificial,CURRENT_FIXED,CAMERA_LOCAL,OUTPUT_ALTERNATIVE_MODEL_NO_UNIQUE_TRUTH_COMPARISON,,"[1.3323013082225565, -0.8347979207705502, 2.1151543721119137]",,,,,,,,,0.0009097717702388763,0.00016561709344387054,0.25912301801145077,0,
92fe9925ceb449dbac7a9781a7287da4,direct,identity,clean,taco,CURRENT_FIXED,CAMERA_LOCAL,OUTPUT_ALTERNATIVE_MODEL_NO_UNIQUE_TRUTH_COMPARISON,,"[-1.3399616279481057e-06, 4.563534540967186e-06, 2.3739669995710624e-07]",,,,,,,,,0.20132583938539028,0.006565334275364876,0.9193531274795532,0,
c7139d9912ce45f4b3b5aaf6aca0b001,image,hand_complete_stress_nonzero,float32,artificial,CURRENT_FIXED,WORLD_FIXED,STOPPED_INFORMATION_INSUFFICIENT,,,,,,,,,,,0.0019627492874860764,0.0001900363713502884,2.2310763597488403e-05,0,the target is deliberately fully or almost fully occluded
c7139d9912ce45f4b3b5aaf6aca0b001,image,hand_complete_stress_nonzero,float32,artificial,CURRENT_FIXED,CAMERA_LOCAL,STOPPED_INFORMATION_INSUFFICIENT,,,,,,,,,,,0.0019627492874860764,0.0001900363713502884,9.90554690361023e-06,0,the target is deliberately fully or almost fully occluded
d94fbe974c97462fa9c9c58266a64c8e,direct,translation,clean,taco,CURRENT_FIXED,WORLD_FIXED,STOPPED,,,,,,,,,,,0.20126955397427082,0.00635930523276329,16.975488102063537,0,"calibration fit failed or reached the numerical safety boundary: success=False, translation=0.010680623512287747, rotation_deg=0.0007785808986891576"
d94fbe974c97462fa9c9c58266a64c8e,direct,translation,clean,taco,CURRENT_FIXED,CAMERA_LOCAL,OUTPUT_ALTERNATIVE_MODEL_NO_UNIQUE_TRUTH_COMPARISON,,"[-1.1072288832128807, -0.2801661058109993, 10.079358390991766]",,,,,,,,,0.20126955397427082,0.00635930523276329,2.6166792307049036,0,
f477e19765214384ac2730d7458db083,direct,symmetric_ambiguous,information_insufficient,artificial,CURRENT_FIXED,WORLD_FIXED,STOPPED_INFORMATION_INSUFFICIENT,,,,,,,,,,,0.002450680360198021,0.00034310482442379,0.706350103020668,0,the public shape has deliberately ambiguous rigid symmetries
f477e19765214384ac2730d7458db083,direct,symmetric_ambiguous,information_insufficient,artificial,CURRENT_FIXED,CAMERA_LOCAL,OUTPUT_WITHOUT_IDENTIFIABILITY_CERTIFICATE,,,,,,,,,,,0.002450680360198021,0.00034310482442379,0.4214545972645283,0,the public shape has deliberately ambiguous rigid symmetries
bdbe0fcc494c4d04a011aadc82eea575,direct,combined,clean,artificial,CURRENT_FIXED,CAMERA_LOCAL,OUTPUT_ALTERNATIVE_MODEL_NO_UNIQUE_TRUTH_COMPARISON,,"[10.150462248449116, 8.839986215262158, 12.448663811886473]",,,,,,,,,0.000932866707444191,0.0001692306250333786,0.24659187532961369,0,
d4621e2209b140778dff346e6ea69397,direct,rotation,clean,artificial,CURRENT_FIXED,CAMERA_LOCAL,OUTPUT_ALTERNATIVE_MODEL_NO_UNIQUE_TRUTH_COMPARISON,,"[-5.16886734770473, -0.45173779444471124, -0.3017687930302159]",,,,,,,,,0.000860968604683876,0.00015872716903686523,0.23730110749602318,0,
67a60d7644c3401090d0cc3118ab7669,direct,identity,clean,taco,CURRENT_FIXED,CAMERA_LOCAL,OUTPUT_ALTERNATIVE_MODEL_NO_UNIQUE_TRUTH_COMPARISON,,"[-1.462181448455934e-06, 3.530565336593763e-06, 1.1385373745956529e-06]",,,,,,,,,0.20117892883718014,0.006443839520215988,0.9060702137649059,0,
ebaf2f42d2b5495793ca2824cd70320c,image,hand_complete_stress_nonzero,uint16,artificial,CURRENT_FIXED,WORLD_FIXED,STOPPED_INFORMATION_INSUFFICIENT,,,,,,,,,,,0.0020073987543582916,0.00018278323113918304,2.2454187273979187e-05,0,the target is deliberately fully or almost fully occluded
ebaf2f42d2b5495793ca2824cd70320c,image,hand_complete_stress_nonzero,uint16,artificial,CURRENT_FIXED,CAMERA_LOCAL,STOPPED_INFORMATION_INSUFFICIENT,,,,,,,,,,,0.0020073987543582916,0.00018278323113918304,9.892508387565613e-06,0,the target is deliberately fully or almost fully occluded
0b3083ac015142c2892196535dc0dc70,direct,combined,outliers,taco,CURRENT_FIXED,WORLD_FIXED,OUTPUT_ALTERNATIVE_MODEL_NO_UNIQUE_TRUTH_COMPARISON,,"[-0.5477271088379002, 3.618870133512396, -6.968696485670892]",,,,,,,,,0.20141327008605003,0.006468147039413452,2.941155828535557,0,
a4bcdb0f775344e08dbdceff2d252a25,direct,rotation,clean,taco,CURRENT_FIXED,WORLD_FIXED,OUTPUT_ALTERNATIVE_MODEL_NO_UNIQUE_TRUTH_COMPARISON,,"[1.4459198657000305, 2.8106668166945346, 1.5393836061860937]",,,,,,,,,0.19954916834831238,0.006515679880976677,4.085405441001058,0,
a4bcdb0f775344e08dbdceff2d252a25,direct,rotation,clean,taco,CURRENT_FIXED,CAMERA_LOCAL,STOPPED,,,,,,,,,,,0.19954916834831238,0.006515679880976677,17.57178801484406,0,"calibration fit failed or reached the numerical safety boundary: success=False, translation=9.649900465356803e-06, rotation_deg=4.152511820135088"
154f230dc3bc4de58625de0c3adcca1f,direct,combined,strong_combined,taco,CURRENT_FIXED,CAMERA_LOCAL,OUTPUT_ALTERNATIVE_MODEL_NO_UNIQUE_TRUTH_COMPARISON,,"[19.325996596479442, 0.4170995313814114, 20.34339922366808]",,,,,,,,,0.20003562793135643,0.006461735814809799,3.747098011896014,0,
4c28d9f666dd4c8abe85a6a76588181a,direct,translation,clean,taco,OPEN3D_POINT_TO_PLANE,CAMERA_LOCAL,OUTPUT_ALTERNATIVE_MODEL_NO_UNIQUE_TRUTH_COMPARISON,,"[4.458372866173923, 6.271456123837523, 2.275442841622713]",,,,,,,,,0.20824696496129036,0.007172774523496628,0.5157274305820465,0,
3ba9fd0ecf7d4c1090a3fc9ad48d8740,direct,symmetric_ambiguous,information_insufficient,artificial,OPEN3D_POINT_TO_PLANE,WORLD_FIXED,OUTPUT_WITHOUT_IDENTIFIABILITY_CERTIFICATE,,,,,,,,,,,0.002441907301545143,0.0005991067737340927,0.02965911477804184,0,the public shape has deliberately ambiguous rigid symmetries
3ba9fd0ecf7d4c1090a3fc9ad48d8740,direct,symmetric_ambiguous,information_insufficient,artificial,OPEN3D_POINT_TO_PLANE,CAMERA_LOCAL,OUTPUT_WITHOUT_IDENTIFIABILITY_CERTIFICATE,,,,,,,,,,,0.002441907301545143,0.0005991067737340927,0.0404796302318573,0,the public shape has deliberately ambiguous rigid symmetries
61b2c63680b94806b73b1cb28d85de38,direct,combined,noise,artificial,OPEN3D_POINT_TO_PLANE,WORLD_FIXED,STOPPED,,,,,,,,,,,0.001368088647723198,0.00024193152785301208,0.0031765829771757126,0,"Open3D calibration reached the numerical safety boundary: translation=0.1320728925386116, rotation_deg=7.5183422852827855"
95a90168c3e044dc8ed518992c44c9ed,direct,translation,clean,artificial,OPEN3D_POINT_TO_PLANE,CAMERA_LOCAL,OUTPUT_ALTERNATIVE_MODEL_NO_UNIQUE_TRUTH_COMPARISON,,"[10.00892913973545, -1.0536593835289303, -7.312395306503194]",,,,,,,,,0.000881880521774292,0.0001781657338142395,0.008926410228013992,0,
c331fd6ad8e54d669cb213403c65116d,direct,combined,clean,taco,OPEN3D_POINT_TO_PLANE,WORLD_FIXED,OUTPUT_ALTERNATIVE_MODEL_NO_UNIQUE_TRUTH_COMPARISON,,"[-6.276475275250758, 0.2694062325473577, -10.469704616251256]",,,,,,,,,0.20618151128292084,0.011133154854178429,0.7001980319619179,616,
16068ca95f804ff88a0427a11f80ede8,direct,combined,random_missing,taco,OPEN3D_POINT_TO_PLANE,CAMERA_LOCAL,OUTPUT_ALTERNATIVE_MODEL_NO_UNIQUE_TRUTH_COMPARISON,,"[5.676795397707716, 3.5575286354729387, -15.999560002159324]",,,,,,,,,0.19854833744466305,0.006735268980264664,1.3851266633719206,0,
62b3e8164a8a4b0089924f4e8908009a,direct,rotation,clean,taco,OPEN3D_POINT_TO_PLANE,CAMERA_LOCAL,OUTPUT_ALTERNATIVE_MODEL_NO_UNIQUE_TRUTH_COMPARISON,,"[2.3163701119032307, 3.9425745546211486, -0.38047939305550527]",,,,,,,,,0.19958141446113586,0.006415810436010361,0.47531711123883724,0,
a86cf6e5ba4f4b4cb6b5d3f0d2cdf7c4,direct,inconsistent_frames,information_insufficient,artificial,OPEN3D_POINT_TO_PLANE,WORLD_FIXED,STOPPED_INFORMATION_INSUFFICIENT,,,,,,,,,,,0.001499868929386139,0.0003386065363883972,0.005994310602545738,0,different frames were generated from deliberately incompatible corrections
a86cf6e5ba4f4b4cb6b5d3f0d2cdf7c4,direct,inconsistent_frames,information_insufficient,artificial,OPEN3D_POINT_TO_PLANE,CAMERA_LOCAL,STOPPED_INFORMATION_INSUFFICIENT,,,,,,,,,,,0.001499868929386139,0.0003386065363883972,0.00699772872030735,0,different frames were generated from deliberately incompatible corrections
2d510a4d4a3949b09dfa947878b1109b,direct,identity,clean,artificial,OPEN3D_POINT_TO_PLANE,WORLD_FIXED,OUTPUT_ALTERNATIVE_MODEL_NO_UNIQUE_TRUTH_COMPARISON,,"[2.7504228052304416e-13, -7.043250914785132e-13, -9.582666637625607e-14]",,,,,,,,,0.0014081168919801712,0.00016675889492034912,0.005362311378121376,0,
38966a1d743349c98959d1d60a8fe011,direct,combined,combined,artificial,OPEN3D_POINT_TO_PLANE,WORLD_FIXED,STOPPED,,,,,,,,,,,0.0009151920676231384,0.00021523237228393555,0.002718459814786911,0,"Open3D calibration reached the numerical safety boundary: translation=0.2416029208724683, rotation_deg=15.935613995866293"
38966a1d743349c98959d1d60a8fe011,direct,combined,combined,artificial,OPEN3D_POINT_TO_PLANE,CAMERA_LOCAL,STOPPED,,,,,,,,,,,0.0009151920676231384,0.00021523237228393555,0.0023905597627162933,0,"Open3D calibration reached the numerical safety boundary: translation=0.10876767319775524, rotation_deg=6.249177830139353"
d0a112c217d44081b2e4e6c8fbfc049f,direct,combined,strong_combined,taco,OPEN3D_POINT_TO_PLANE,WORLD_FIXED,OUTPUT_ALTERNATIVE_MODEL_NO_UNIQUE_TRUTH_COMPARISON,,"[15.227231545304848, -0.9615294005888345, 1.4504781763065675]",,,,,,,,,0.19879386387765408,0.006638955324888229,0.5834119450300932,0,
d833a84a788a44c3999fc34090c9719b,direct,identity,clean,artificial,OPEN3D_POINT_TO_PLANE,WORLD_FIXED,OUTPUT_ALTERNATIVE_MODEL_NO_UNIQUE_TRUTH_COMPARISON,,"[5.5858370060947127e-14, -1.956753323615199e-13, -3.0341773401143794e-14]",,,,,,,,,0.0015154015272855759,0.00031386129558086395,0.020666202530264854,0,
811fe61ae2cc47c688a2a1d3cf5d27a7,direct,combined,outliers,taco,OPEN3D_POINT_TO_PLANE,CAMERA_LOCAL,OUTPUT_ALTERNATIVE_MODEL_NO_UNIQUE_TRUTH_COMPARISON,,"[0.17126171554787514, -3.222013551246411, -1.6065982686096238]",,,,,,,,,0.20148755051195621,0.006534367799758911,1.7644133772701025,0,
0d0eaac4669b41c3ab399a00a2af2d2b,direct,combined,clean,taco,OPEN3D_POINT_TO_PLANE,CAMERA_LOCAL,OUTPUT_ALTERNATIVE_MODEL_NO_UNIQUE_TRUTH_COMPARISON,,"[10.466656377365778, 5.125223307813817, -2.1659927488068447]",,,,,,,,,0.19976120442152023,0.006550950929522514,0.8874062970280647,0,
15b25d6b7521453abee0455fc66ecbb6,direct,inconsistent_frames,information_insufficient,artificial,OPEN3D_POINT_TO_PLANE,WORLD_FIXED,STOPPED_INFORMATION_INSUFFICIENT,,,,,,,,,,,0.001568719744682312,0.0002554226666688919,0.004876714199781418,0,different frames were generated from deliberately incompatible corrections
15b25d6b7521453abee0455fc66ecbb6,direct,inconsistent_frames,information_insufficient,artificial,OPEN3D_POINT_TO_PLANE,CAMERA_LOCAL,STOPPED_INFORMATION_INSUFFICIENT,,,,,,,,,,,0.001568719744682312,0.0002554226666688919,0.004817433655261993,0,different frames were generated from deliberately incompatible corrections
89011a2ead624e698e42ce0abc69dff2,direct,combined,outliers,taco,OPEN3D_POINT_TO_PLANE,WORLD_FIXED,OUTPUT_ALTERNATIVE_MODEL_NO_UNIQUE_TRUTH_COMPARISON,,"[11.265728264996477, -6.966514615935209, 4.576387910703363]",,,,,,,,,0.20164147950708866,0.006583159789443016,0.6863016597926617,0,
2ebce00c7f6d4bfaab41db93dd0e2c25,image,other_front_stress_nonzero,float32,artificial,OPEN3D_POINT_TO_PLANE,WORLD_FIXED,STOPPED,,,,,,,,,,,0.0021077487617731094,0.00018887408077716827,0.000544155016541481,0,too few calibration surface points
2ebce00c7f6d4bfaab41db93dd0e2c25,image,other_front_stress_nonzero,float32,artificial,OPEN3D_POINT_TO_PLANE,CAMERA_LOCAL,STOPPED,,,,,,,,,,,0.0021077487617731094,0.00018887408077716827,0.00037373602390289307,0,too few calibration surface points
92c840c690094719a5435b8ac0fc5268,direct,translation,clean,artificial,OPEN3D_POINT_TO_PLANE,WORLD_FIXED,OUTPUT_ALTERNATIVE_MODEL_NO_UNIQUE_TRUTH_COMPARISON,,"[-17.41154641597841, -2.0294713084386973, -13.58764718083524]",,,,,,,,,0.0008512157946825027,0.00015995092689990997,0.01182284764945507,0,
b189d7d17bec43978637e80534727d21,direct,combined,random_missing,taco,OPEN3D_POINT_TO_PLANE,WORLD_FIXED,OUTPUT_ALTERNATIVE_MODEL_NO_UNIQUE_TRUTH_COMPARISON,,"[-18.067126338135672, -1.4195545285569238, -15.694370314728268]",,,,,,,,,0.19994141533970833,0.006400665268301964,0.7571642585098743,0,
4d43ec3416434c6dba1151fc64b3afa6,direct,combined,outliers,taco,OPEN3D_POINT_TO_PLANE,CAMERA_LOCAL,OUTPUT_ALTERNATIVE_MODEL_NO_UNIQUE_TRUTH_COMPARISON,,"[-11.156034711367539, -3.8815201241469457, -2.872698059515298]",,,,,,,,,0.2004895657300949,0.006419224664568901,0.9462095908820629,0,
7522e4f6d327441baa991f95a4a74ef2,direct,identity,clean,taco,OPEN3D_POINT_TO_PLANE,WORLD_FIXED,OUTPUT_ALTERNATIVE_MODEL_NO_UNIQUE_TRUTH_COMPARISON,,"[1.0910385490235823, -3.026870354070314, -0.743777523664894]",,,,,,,,,0.20313482731580734,0.006407406181097031,0.320579307153821,0,
39b31a9f2dbb475e9ff96c0bbaa16445,direct,symmetric_ambiguous,information_insufficient,artificial,OPEN3D_POINT_TO_PLANE,WORLD_FIXED,OUTPUT_WITHOUT_IDENTIFIABILITY_CERTIFICATE,,,,,,,,,,,0.0022340547293424606,0.00033931806683540344,0.0406427588313818,0,the public shape has deliberately ambiguous rigid symmetries
39b31a9f2dbb475e9ff96c0bbaa16445,direct,symmetric_ambiguous,information_insufficient,artificial,OPEN3D_POINT_TO_PLANE,CAMERA_LOCAL,OUTPUT_WITHOUT_IDENTIFIABILITY_CERTIFICATE,,,,,,,,,,,0.0022340547293424606,0.00033931806683540344,0.2912994269281626,0,the public shape has deliberately ambiguous rigid symmetries
0d739c353a2243f7add2a9694b908956,image,none_small_nonzero,float32,artificial,OPEN3D_POINT_TO_PLANE,WORLD_FIXED,STOPPED,,,,,,,,,,,0.0013741161674261093,0.00014221109449863434,0.007862230762839317,0,"Open3D calibration reached the numerical safety boundary: translation=0.12240875634387434, rotation_deg=6.787779780831506"
0d739c353a2243f7add2a9694b908956,image,none_small_nonzero,float32,artificial,OPEN3D_POINT_TO_PLANE,CAMERA_LOCAL,OUTPUT_ALTERNATIVE_MODEL_NO_UNIQUE_TRUTH_COMPARISON,,"[-71.6846155984938, -16.6014337068714, -4.065325105512487]",,,,,,,,,0.0013741161674261093,0.00014221109449863434,0.009994927793741226,0,
ba152c587fc84b70bb6ef936f6d845a4,direct,translation,clean,taco,OPEN3D_POINT_TO_PLANE,WORLD_FIXED,OUTPUT_ALTERNATIVE_MODEL_NO_UNIQUE_TRUTH_COMPARISON,,"[-2.4509169884901105, 1.415837156222023, -12.2162829042003]",,,,,,,,,0.20193449780344963,0.006367186084389687,1.743043253198266,0,
904d992d3e1944059c7c57f9c779a8e0,direct,identity,clean,taco,OPEN3D_POINT_TO_PLANE,CAMERA_LOCAL,OUTPUT_ALTERNATIVE_MODEL_NO_UNIQUE_TRUTH_COMPARISON,,"[1.142646227404995, -1.3613618885247234, -0.3435360857791715]",,,,,,,,,0.19996261596679688,0.006541816517710686,0.26093382202088833,0,
642e1208e14d41cf8d62c915b95a109f,direct,inconsistent_frames,information_insufficient,artificial,OPEN3D_POINT_TO_PLANE,WORLD_FIXED,STOPPED_INFORMATION_INSUFFICIENT,,,,,,,,,,,0.0015457551926374435,0.00024373643100261688,0.003147529438138008,0,different frames were generated from deliberately incompatible corrections
642e1208e14d41cf8d62c915b95a109f,direct,inconsistent_frames,information_insufficient,artificial,OPEN3D_POINT_TO_PLANE,CAMERA_LOCAL,STOPPED_INFORMATION_INSUFFICIENT,,,,,,,,,,,0.0015457551926374435,0.00024373643100261688,0.002602558583021164,0,different frames were generated from deliberately incompatible corrections
275076508c8b4fabbd81606e507b6e5b,direct,rotation,clean,artificial,OPEN3D_POINT_TO_PLANE,WORLD_FIXED,STOPPED,,,,,,,,,,,0.0008648168295621872,0.0001669079065322876,0.0031021535396575928,0,"Open3D calibration reached the numerical safety boundary: translation=0.1967028476995054, rotation_deg=12.642035921381948"
275076508c8b4fabbd81606e507b6e5b,direct,rotation,clean,artificial,OPEN3D_POINT_TO_PLANE,CAMERA_LOCAL,STOPPED,,,,,,,,,,,0.0008648168295621872,0.0001669079065322876,0.002449188381433487,0,"Open3D calibration reached the numerical safety boundary: translation=0.16133686746692613, rotation_deg=9.02653141625259"
07c581eb235040f8b2bcf26af0aaf020,direct,combined,clean,artificial,OPEN3D_POINT_TO_PLANE,WORLD_FIXED,STOPPED,,,,,,,,,,,0.0008727274835109711,0.00020491890609264374,0.0027620457112789154,0,"Open3D calibration reached the numerical safety boundary: translation=0.18125660935337762, rotation_deg=14.193365273912091"
07c581eb235040f8b2bcf26af0aaf020,direct,combined,clean,artificial,OPEN3D_POINT_TO_PLANE,CAMERA_LOCAL,STOPPED,,,,,,,,,,,0.0008727274835109711,0.00020491890609264374,0.0022151507437229156,0,"Open3D calibration reached the numerical safety boundary: translation=0.18004071784562592, rotation_deg=11.314768532470122"
0a72517e954d49879a04e98843dee22b,direct,rotation,clean,artificial,OPEN3D_POINT_TO_PLANE,CAMERA_LOCAL,OUTPUT_ALTERNATIVE_MODEL_NO_UNIQUE_TRUTH_COMPARISON,,"[-2.2305214897778045, -6.475686244482698, -1.9151956059790793]",,,,,,,,,0.0008730795234441757,0.0001644957810640335,0.01143893413245678,0,
0613bd6004934d7e9a4d9bb9ee1b917f,direct,identity,clean,artificial,OPEN3D_POINT_TO_PLANE,CAMERA_LOCAL,OUTPUT_ALTERNATIVE_MODEL_NO_UNIQUE_TRUTH_COMPARISON,,"[-4.0771732290949545e-13, -1.5464695324369624e-13, 1.1492647081422076e-13]",,,,,,,,,0.0008930359035730362,0.0001568831503391266,0.019111745059490204,0,
b64258d87dfd4efd834c86f47193d529,image,other_front_small_nonzero,float32,artificial,OPEN3D_POINT_TO_PLANE,WORLD_FIXED,STOPPED,,,,,,,,,,,0.0012740902602672577,0.00013313814997673035,0.00020076148211956024,0,prepared frame 1 contains no target evidence
b64258d87dfd4efd834c86f47193d529,image,other_front_small_nonzero,float32,artificial,OPEN3D_POINT_TO_PLANE,CAMERA_LOCAL,STOPPED,,,,,,,,,,,0.0012740902602672577,0.00013313814997673035,0.00012305378913879395,0,prepared frame 1 contains no target evidence
97c58d07be404adfbc9ac8d302006599,direct,translation,clean,artificial,OPEN3D_POINT_TO_PLANE,CAMERA_LOCAL,OUTPUT_ALTERNATIVE_MODEL_NO_UNIQUE_TRUTH_COMPARISON,,"[2.9690339861522825, 3.954609416931278, -4.224084991496678]",,,,,,,,,0.0008566733449697495,0.00015879608690738678,0.0065161921083927155,0,
b1ab0b082ec0459a9a06d409c0577a76,direct,translation,clean,taco,OPEN3D_POINT_TO_PLANE,WORLD_FIXED,OUTPUT_ALTERNATIVE_MODEL_NO_UNIQUE_TRUTH_COMPARISON,,"[4.2215930802401465, -8.251184709092382, -4.582653894524568]",,,,,,,,,0.2012408096343279,0.006485613062977791,0.47271132096648216,0,
76b500a228de45b6a7759de2d90889cc,direct,combined,clean,taco,OPEN3D_POINT_TO_PLANE,WORLD_FIXED,OUTPUT_ALTERNATIVE_MODEL_NO_UNIQUE_TRUTH_COMPARISON,,"[2.4914745257267694, 18.731359007796474, -4.947259042775301]",,,,,,,,,0.19951658695936203,0.006471011787652969,0.7890447024255991,0,
55d9ad951e0b46c0a1876eba953db1d0,direct,identity,clean,artificial,OPEN3D_POINT_TO_PLANE,CAMERA_LOCAL,OUTPUT_ALTERNATIVE_MODEL_NO_UNIQUE_TRUTH_COMPARISON,,"[6.417413362652454e-13, 1.615463212281434e-13, -1.731303599713549e-13]",,,,,,,,,0.0016831420361995697,0.0002424735575914383,0.006470184773206711,0,
857cb8e146294f459f1829f0aee52e9f,direct,combined,local_missing,artificial,OPEN3D_POINT_TO_PLANE,CAMERA_LOCAL,OUTPUT_ALTERNATIVE_MODEL_NO_UNIQUE_TRUTH_COMPARISON,,"[4.392077139867799, 8.726776749875901, -2.739421497288978]",,,,,,,,,0.0008436143398284912,0.00016492977738380432,0.009302124381065369,0,
c6525673188d4350ac0bfbd905453f19,direct,combined,noise,artificial,OPEN3D_POINT_TO_PLANE,WORLD_FIXED,STOPPED,,,,,,,,,,,0.0009200479835271835,0.00016908347606658936,0.004088325425982475,0,"Open3D calibration reached the numerical safety boundary: translation=0.11199921771161456, rotation_deg=8.390791213746567"
0aaff379548944648a7414c130a181fa,image,hand_large_stress_nonzero,float32,artificial,OPEN3D_POINT_TO_PLANE,WORLD_FIXED,STOPPED_INFORMATION_INSUFFICIENT,,,,,,,,,,,0.0011950507760047913,0.00014553777873516083,3.156810998916626e-05,0,the target is deliberately fully or almost fully occluded
0aaff379548944648a7414c130a181fa,image,hand_large_stress_nonzero,float32,artificial,OPEN3D_POINT_TO_PLANE,CAMERA_LOCAL,STOPPED_INFORMATION_INSUFFICIENT,,,,,,,,,,,0.0011950507760047913,0.00014553777873516083,1.0656192898750305e-05,0,the target is deliberately fully or almost fully occluded
55da8ade46264d6b8fd1cc63e3eb03bb,direct,translation,clean,taco,OPEN3D_POINT_TO_PLANE,CAMERA_LOCAL,OUTPUT_ALTERNATIVE_MODEL_NO_UNIQUE_TRUTH_COMPARISON,,"[-11.460658543301886, -2.7646886939508684, -15.57374319851363]",,,,,,,,,0.20175685361027718,0.006721919402480125,0.6163711175322533,0,
9bcd56d2f8b94a9fb7d9128fdd743677,image,other_front_stress_nonzero,uint16,artificial,OPEN3D_POINT_TO_PLANE,WORLD_FIXED,STOPPED,,,,,,,,,,,0.0019513238221406937,0.0001827329397201538,3.1188130378723145e-05,0,prepared frame 0 contains no target evidence
9bcd56d2f8b94a9fb7d9128fdd743677,image,other_front_stress_nonzero,uint16,artificial,OPEN3D_POINT_TO_PLANE,CAMERA_LOCAL,STOPPED,,,,,,,,,,,0.0019513238221406937,0.0001827329397201538,1.0905787348747253e-05,0,prepared frame 0 contains no target evidence
4b8e0982b94b4b568b7bb68c1a70349b,direct,rotation,clean,artificial,OPEN3D_POINT_TO_PLANE,CAMERA_LOCAL,OUTPUT_ALTERNATIVE_MODEL_NO_UNIQUE_TRUTH_COMPARISON,,"[0.21047737321735718, -11.656078739960277, 1.3231664953140423]",,,,,,,,,0.0008964147418737411,0.00016135163605213165,0.011629238724708557,0,
46451fd3bbb747cabbb545e992f66693,direct,combined,combined,artificial,OPEN3D_POINT_TO_PLANE,WORLD_FIXED,STOPPED,,,,,,,,,,,0.0008039530366659164,0.0001561436802148819,0.0026832204312086105,0,"Open3D calibration reached the numerical safety boundary: translation=0.10865653140099446, rotation_deg=8.423083535805372"
46451fd3bbb747cabbb545e992f66693,direct,combined,combined,artificial,OPEN3D_POINT_TO_PLANE,CAMERA_LOCAL,STOPPED,,,,,,,,,,,0.0008039530366659164,0.0001561436802148819,0.0023041516542434692,0,"Open3D calibration reached the numerical safety boundary: translation=0.11903555142947242, rotation_deg=8.241755079956878"
f0f816a3832546698dc2e94ed0eac510,image,hand_partial_stress_nonzero,float32,artificial,OPEN3D_POINT_TO_PLANE,WORLD_FIXED,STOPPED,,,,,,,,,,,0.0012037325650453568,0.00013646483421325684,0.000599956139922142,0,too few calibration surface points
f0f816a3832546698dc2e94ed0eac510,image,hand_partial_stress_nonzero,float32,artificial,OPEN3D_POINT_TO_PLANE,CAMERA_LOCAL,STOPPED,,,,,,,,,,,0.0012037325650453568,0.00013646483421325684,0.0004883725196123123,0,too few calibration surface points
1c5086f5a650429cb0f97e52ddb70275,image,other_behind_small_nonzero,uint16,artificial,OPEN3D_POINT_TO_PLANE,WORLD_FIXED,OUTPUT_ALTERNATIVE_MODEL_NO_UNIQUE_TRUTH_COMPARISON,,"[11.239269163522845, 21.75628518514073, 0.4552360964320848]",,,,,,,,,0.001212162896990776,0.00014460831880569458,0.019240546971559525,0,
59fd65482a55445eba3ae057c7192e47,direct,translation,clean,artificial,OPEN3D_POINT_TO_PLANE,WORLD_FIXED,OUTPUT_ALTERNATIVE_MODEL_NO_UNIQUE_TRUTH_COMPARISON,,"[3.58347641191367, -18.021160198267545, 9.454204947312617]",,,,,,,,,0.0008233450353145599,0.00014807283878326416,0.009465446695685387,0,
0e9d25928694496596c62b5d8361a298,direct,combined,clean,artificial,OPEN3D_POINT_TO_PLANE,WORLD_FIXED,OUTPUT_ALTERNATIVE_MODEL_NO_UNIQUE_TRUTH_COMPARISON,,"[-0.8178044859050289, 7.3605091299260375, 12.975178368037666]",,,,,,,,,0.0008689127862453461,0.00015452131628990173,0.013136781752109528,0,
63ec2f78549f40a8b5ba674733364339,direct,combined,clean,artificial,OPEN3D_POINT_TO_PLANE,CAMERA_LOCAL,OUTPUT_ALTERNATIVE_MODEL_NO_UNIQUE_TRUTH_COMPARISON,,"[4.175964316120424, 14.107790956900638, -6.068679266048699]",,,,,,,,,0.0008749198168516159,0.00016133300960063934,0.008323272690176964,0,
9aa73a8026fb452d95bb587681c67b39,direct,combined,clean,taco,OPEN3D_POINT_TO_PLANE,CAMERA_LOCAL,OUTPUT_ALTERNATIVE_MODEL_NO_UNIQUE_TRUTH_COMPARISON,,"[-0.3156607191031113, -4.628052371731974, -1.4938661072840465]",,,,,,,,,0.201553488150239,0.006486816331744194,0.7031784784048796,0,
8050dc91668147cb93d568b944b49e81,direct,symmetric_ambiguous,information_insufficient,artificial,OPEN3D_POINT_TO_PLANE,WORLD_FIXED,OUTPUT_WITHOUT_IDENTIFIABILITY_CERTIFICATE,,,,,,,,,,,0.002456389367580414,0.0003402065485715866,0.031206220388412476,0,the public shape has deliberately ambiguous rigid symmetries
8050dc91668147cb93d568b944b49e81,direct,symmetric_ambiguous,information_insufficient,artificial,OPEN3D_POINT_TO_PLANE,CAMERA_LOCAL,OUTPUT_WITHOUT_IDENTIFIABILITY_CERTIFICATE,,,,,,,,,,,0.002456389367580414,0.0003402065485715866,0.2133654896169901,0,the public shape has deliberately ambiguous rigid symmetries
547f11fe6ca04525b78ab7f99b751e88,direct,combined,random_missing,taco,OPEN3D_POINT_TO_PLANE,CAMERA_LOCAL,OUTPUT_ALTERNATIVE_MODEL_NO_UNIQUE_TRUTH_COMPARISON,,"[2.7452840333150785, -14.026853268069203, 13.563551752174252]",,,,,,,,,0.20016158372163773,0.006514636799693108,0.7113629709929228,0,
29280027d82f4bf1a126a04c7a4392b4,direct,combined,clean,artificial,OPEN3D_POINT_TO_PLANE,WORLD_FIXED,STOPPED,,,,,,,,,,,0.0016787629574537277,0.0002471897751092911,0.0032385587692260742,0,"Open3D calibration reached the numerical safety boundary: translation=0.1340526135905105, rotation_deg=8.803936955966437"
29280027d82f4bf1a126a04c7a4392b4,direct,combined,clean,artificial,OPEN3D_POINT_TO_PLANE,CAMERA_LOCAL,STOPPED,,,,,,,,,,,0.0016787629574537277,0.0002471897751092911,0.0028183385729789734,0,"Open3D calibration reached the numerical safety boundary: translation=0.16256245414082882, rotation_deg=9.332200912082131"
0e2fd2d4713040c789338e1dd39a254a,image,other_front_small_nonzero,float32,artificial,OPEN3D_POINT_TO_PLANE,WORLD_FIXED,STOPPED,,,,,,,,,,,0.0012310147285461426,0.00014116056263446808,6.059184670448303e-05,0,prepared frame 0 contains no target evidence
0e2fd2d4713040c789338e1dd39a254a,image,other_front_small_nonzero,float32,artificial,OPEN3D_POINT_TO_PLANE,CAMERA_LOCAL,STOPPED,,,,,,,,,,,0.0012310147285461426,0.00014116056263446808,1.2660399079322815e-05,0,prepared frame 0 contains no target evidence
75a77a31743745c6a34ca8712f68ba9d,direct,identity,clean,artificial,OPEN3D_POINT_TO_PLANE,WORLD_FIXED,OUTPUT_ALTERNATIVE_MODEL_NO_UNIQUE_TRUTH_COMPARISON,,"[4.27585480073453e-14, 3.677108730979673e-14, -1.0923964259461607e-14]",,,,,,,,,0.0008436553180217743,0.00016061030328273773,0.0040335338562726974,0,
b382feae0447466ba9c5bd16af6b2aac,image,hand_partial_small_nonzero,float32,artificial,OPEN3D_POINT_TO_PLANE,WORLD_FIXED,STOPPED,,,,,,,,,,,0.0012375228106975555,0.0001389477401971817,0.0022309105843305588,0,"Open3D calibration reached the numerical safety boundary: translation=0.15405517875465305, rotation_deg=9.655838306973692"
b382feae0447466ba9c5bd16af6b2aac,image,hand_partial_small_nonzero,float32,artificial,OPEN3D_POINT_TO_PLANE,CAMERA_LOCAL,STOPPED,,,,,,,,,,,0.0012375228106975555,0.0001389477401971817,0.001727307215332985,0,"Open3D calibration reached the numerical safety boundary: translation=0.11111684289419937, rotation_deg=6.218262481106902"
8439eb24aa2843e6a7b58d1f7c7c3ac0,image,hand_large_stress_nonzero,float32,artificial,OPEN3D_POINT_TO_PLANE,WORLD_FIXED,STOPPED_INFORMATION_INSUFFICIENT,,,,,,,,,,,0.0011104922741651535,0.00014390796422958374,3.238767385482788e-05,0,the target is deliberately fully or almost fully occluded
8439eb24aa2843e6a7b58d1f7c7c3ac0,image,hand_large_stress_nonzero,float32,artificial,OPEN3D_POINT_TO_PLANE,CAMERA_LOCAL,STOPPED_INFORMATION_INSUFFICIENT,,,,,,,,,,,0.0011104922741651535,0.00014390796422958374,1.1136755347251892e-05,0,the target is deliberately fully or almost fully occluded
67a32643f48b4070b4b2050dd46fdd03,direct,combined,clean,taco,OPEN3D_POINT_TO_PLANE,CAMERA_LOCAL,OUTPUT_ALTERNATIVE_MODEL_NO_UNIQUE_TRUTH_COMPARISON,,"[-10.539083648504604, -0.8328344214061226, -13.264479320291892]",,,,,,,,,0.20158096961677074,0.006366906687617302,0.6445823144167662,0,
a80aadeb42e44765afd4094d1e1d7d36,direct,combined,noise,artificial,OPEN3D_POINT_TO_PLANE,CAMERA_LOCAL,OUTPUT_ALTERNATIVE_MODEL_NO_UNIQUE_TRUTH_COMPARISON,,"[-11.34267980507611, 1.8917720737509776, -1.8138317624623104]",,,,,,,,,0.00165516696870327,0.0002445392310619354,0.010093845427036285,0,
0dc432dcac6240dbaf55b534492d5f51,direct,combined,strong_combined,taco,OPEN3D_POINT_TO_PLANE,CAMERA_LOCAL,OUTPUT_ALTERNATIVE_MODEL_NO_UNIQUE_TRUTH_COMPARISON,,"[-15.211944158019287, 11.227932188199462, 0.3067127635656516]",,,,,,,,,0.19939465634524822,0.006532864645123482,0.5044973082840443,0,
4900aead925b45f8a0e3c933717ecb0a,direct,combined,clean,artificial,OPEN3D_POINT_TO_PLANE,WORLD_FIXED,STOPPED,,,,,,,,,,,0.0016129054129123688,0.0002403799444437027,0.002888403832912445,0,"Open3D calibration reached the numerical safety boundary: translation=0.2181285134592309, rotation_deg=14.675918231791005"
4900aead925b45f8a0e3c933717ecb0a,direct,combined,clean,artificial,OPEN3D_POINT_TO_PLANE,CAMERA_LOCAL,STOPPED,,,,,,,,,,,0.0016129054129123688,0.0002403799444437027,0.0024321116507053375,0,"Open3D calibration reached the numerical safety boundary: translation=0.22561570542665488, rotation_deg=12.798492251107113"
ec299ce9983743208e44ad4d8646b2ab,direct,identity,clean,artificial,OPEN3D_POINT_TO_PLANE,CAMERA_LOCAL,OUTPUT_ALTERNATIVE_MODEL_NO_UNIQUE_TRUTH_COMPARISON,,"[-1.354983619126522e-13, 6.323832801682658e-14, 5.930315730103217e-15]",,,,,,,,,0.0009371638298034668,0.00017254799604415894,0.0088807363063097,0,
4ce9a7d20c674d7fae60ec20eae7ffc4,direct,combined,local_missing,artificial,OPEN3D_POINT_TO_PLANE,CAMERA_LOCAL,OUTPUT_ALTERNATIVE_MODEL_NO_UNIQUE_TRUTH_COMPARISON,,"[-3.011200248686453, -12.212255724602581, 6.260315848926842]",,,,,,,,,0.0008474402129650116,0.00016794167459011078,0.008721776306629181,0,
f0716e0bd3cc48979b06b987939c46cb,direct,rotation,clean,taco,OPEN3D_POINT_TO_PLANE,WORLD_FIXED,OUTPUT_ALTERNATIVE_MODEL_NO_UNIQUE_TRUTH_COMPARISON,,"[-1.9057196668689298, -2.9081415359178093, -1.4140847024768153]",,,,,,,,,0.20140556804835796,0.006525032222270966,0.587909247726202,0,
053ac6e998944173b1464f5c81fe7dde,direct,combined,noise,artificial,OPEN3D_POINT_TO_PLANE,CAMERA_LOCAL,OUTPUT_ALTERNATIVE_MODEL_NO_UNIQUE_TRUTH_COMPARISON,,"[8.565855029943513, 1.1356980265687973, 8.80244249058233]",,,,,,,,,0.0016760006546974182,0.0002572741359472275,0.01387796737253666,0,
eb80abec7df24ec4be5a0228908cd6cb,image,hand_partial_stress_nonzero,uint16,artificial,OPEN3D_POINT_TO_PLANE,WORLD_FIXED,STOPPED,,,,,,,,,,,0.0012799669057130814,0.0001442059874534607,0.0003242325037717819,0,prepared frame 2 contains no target evidence
eb80abec7df24ec4be5a0228908cd6cb,image,hand_partial_stress_nonzero,uint16,artificial,OPEN3D_POINT_TO_PLANE,CAMERA_LOCAL,STOPPED,,,,,,,,,,,0.0012799669057130814,0.0001442059874534607,0.00022680871188640594,0,prepared frame 2 contains no target evidence
f123c52c42bc4603a6257a779f1aada5,direct,combined,combined,artificial,OPEN3D_POINT_TO_PLANE,CAMERA_LOCAL,OUTPUT_ALTERNATIVE_MODEL_NO_UNIQUE_TRUTH_COMPARISON,,"[1.3954243316202333, -2.9298626730223165, 3.2618087426544875]",,,,,,,,,0.000837644562125206,0.00015563145279884338,0.008708465844392776,0,
57008f8f2a224ccc837801a5a4a2d2c8,direct,rotation,clean,taco,OPEN3D_POINT_TO_PLANE,WORLD_FIXED,OUTPUT_ALTERNATIVE_MODEL_NO_UNIQUE_TRUTH_COMPARISON,,"[2.1193211117499904, 0.7800646178695748, 0.23900447887653153]",,,,,,,,,0.2016266379505396,0.00659322552382946,0.7025814075022936,0,
a645fad4d7af49aabbd3dd175812f75c,direct,combined,local_missing,artificial,OPEN3D_POINT_TO_PLANE,WORLD_FIXED,OUTPUT_ALTERNATIVE_MODEL_NO_UNIQUE_TRUTH_COMPARISON,,"[0.1552405056142556, 12.234727782181102, -7.206926330335248]",,,,,,,,,0.0016153883188962936,0.0002482924610376358,0.008628787472844124,0,
6c6e3c76105a4089a4bb88808d0b9162,direct,identity,clean,taco,OPEN3D_POINT_TO_PLANE,WORLD_FIXED,OUTPUT_ALTERNATIVE_MODEL_NO_UNIQUE_TRUTH_COMPARISON,,"[0.9312192750433685, -3.6095741394751495, -0.13983626262763]",,,,,,,,,0.20138906314969063,0.006538504734635353,0.2894644923508167,0,
e279e7b2ed1f4f43bcd60f16097c9574,direct,combined,strong_combined,taco,OPEN3D_POINT_TO_PLANE,WORLD_FIXED,STOPPED,,,,,,,,,,,0.1976767722517252,0.006495896726846695,0.037180012091994286,0,"Open3D calibration reached the numerical safety boundary: translation=0.1134187956791787, rotation_deg=10.264491577005396"
9a830b07146e49d0942d5f8bac6f9789,direct,inconsistent_frames,information_insufficient,artificial,OPEN3D_POINT_TO_PLANE,WORLD_FIXED,STOPPED_INFORMATION_INSUFFICIENT,,,,,,,,,,,0.001766955479979515,0.0002637263387441635,0.0050042252987623215,0,different frames were generated from deliberately incompatible corrections
9a830b07146e49d0942d5f8bac6f9789,direct,inconsistent_frames,information_insufficient,artificial,OPEN3D_POINT_TO_PLANE,CAMERA_LOCAL,OUTPUT_WITHOUT_IDENTIFIABILITY_CERTIFICATE,,,,,,,,,,,0.001766955479979515,0.0002637263387441635,0.10275973379611969,0,different frames were generated from deliberately incompatible corrections
8830786ff99c439e9a285e1aa2cf2680,direct,translation,clean,artificial,OPEN3D_POINT_TO_PLANE,WORLD_FIXED,OUTPUT_ALTERNATIVE_MODEL_NO_UNIQUE_TRUTH_COMPARISON,,"[11.304629257890527, -10.16473738609046, -4.470562855543854]",,,,,,,,,0.0008538085967302322,0.0001605413854122162,0.00893758051097393,0,
309bb4c8570f4b17a6f218c1a02f0c71,direct,rotation,clean,taco,OPEN3D_POINT_TO_PLANE,CAMERA_LOCAL,OUTPUT_ALTERNATIVE_MODEL_NO_UNIQUE_TRUTH_COMPARISON,,"[8.675166105222209, -3.5395058750336723, -0.5718045429552444]",,,,,,,,,0.2016298919916153,0.006537223234772682,0.7803119085729122,0,
3b95156c8de345f59c6584352f982b22,direct,rotation,clean,artificial,OPEN3D_POINT_TO_PLANE,WORLD_FIXED,OUTPUT_ALTERNATIVE_MODEL_NO_UNIQUE_TRUTH_COMPARISON,,"[1.1739825559213088, 4.3607181241217825, -0.36832627128775114]",,,,,,,,,0.0016447417438030243,0.00024078041315078735,0.010225903242826462,0,
0c4b83108d4a430fbed54931bdfaf7ee,image,hand_partial_small_nonzero,uint16,artificial,OPEN3D_POINT_TO_PLANE,WORLD_FIXED,STOPPED,,,,,,,,,,,0.0012426730245351791,0.00015168078243732452,0.00021746382117271423,0,prepared frame 1 contains no target evidence
0c4b83108d4a430fbed54931bdfaf7ee,image,hand_partial_small_nonzero,uint16,artificial,OPEN3D_POINT_TO_PLANE,CAMERA_LOCAL,STOPPED,,,,,,,,,,,0.0012426730245351791,0.00015168078243732452,0.00013204850256443024,0,prepared frame 1 contains no target evidence
4bcc8605bb8d48018e6afcad029782b2,direct,rotation,clean,taco,OPEN3D_POINT_TO_PLANE,CAMERA_LOCAL,OUTPUT_ALTERNATIVE_MODEL_NO_UNIQUE_TRUTH_COMPARISON,,"[-1.0070850395178086, -6.102981168705563, -2.248337503020805]",,,,,,,,,0.20117264799773693,0.006516752764582634,0.7850701957941055,0,
31d6fff68cc145e2a127e6e62647a30d,image,other_behind_small_nonzero,float32,artificial,OPEN3D_POINT_TO_PLANE,WORLD_FIXED,OUTPUT_ALTERNATIVE_MODEL_NO_UNIQUE_TRUTH_COMPARISON,,"[-21.685960486404934, -17.648067560291697, -22.211330548136246]",,,,,,,,,0.002100937068462372,0.00018038973212242126,0.005115330219268799,0,
31d6fff68cc145e2a127e6e62647a30d,image,other_behind_small_nonzero,float32,artificial,OPEN3D_POINT_TO_PLANE,CAMERA_LOCAL,STOPPED,,,,,,,,,,,0.002100937068462372,0.00018038973212242126,0.0020388569682836533,0,"Open3D calibration reached the numerical safety boundary: translation=0.11258057991023314, rotation_deg=11.158610493192729"
11029c055efd4a12a8d4881d8cd3d6f7,direct,combined,local_missing,artificial,OPEN3D_POINT_TO_PLANE,WORLD_FIXED,STOPPED,,,,,,,,,,,0.0008552297949790955,0.0001711379736661911,0.0028047673404216766,0,"Open3D calibration reached the numerical safety boundary: translation=0.1341165247249199, rotation_deg=11.402119142691168"
11029c055efd4a12a8d4881d8cd3d6f7,direct,combined,local_missing,artificial,OPEN3D_POINT_TO_PLANE,CAMERA_LOCAL,STOPPED,,,,,,,,,,,0.0008552297949790955,0.0001711379736661911,0.002421736717224121,0,"Open3D calibration reached the numerical safety boundary: translation=0.14736687131118198, rotation_deg=9.22855105151351"
a196ab4d5c9642558702ebef48d24a48,direct,combined,clean,taco,OPEN3D_POINT_TO_PLANE,WORLD_FIXED,OUTPUT_ALTERNATIVE_MODEL_NO_UNIQUE_TRUTH_COMPARISON,,"[-11.096336000415922, 3.7064990451355864, 11.031643937153726]",,,,,,,,,0.2014817800372839,0.006522690877318382,0.6632665880024433,0,
6e0a31817f114b85bb98bfad70dcc3ac,direct,combined,random_missing,taco,OPEN3D_POINT_TO_PLANE,WORLD_FIXED,OUTPUT_ALTERNATIVE_MODEL_NO_UNIQUE_TRUTH_COMPARISON,,"[-12.18370183090985, -21.833540494546625, 6.231182911730438]",,,,,,,,,0.198168670758605,0.006476020440459251,0.5008183121681213,0,
1402930efe0d451788cb7f6592f0c85e,direct,translation,clean,taco,OPEN3D_POINT_TO_PLANE,WORLD_FIXED,OUTPUT_ALTERNATIVE_MODEL_NO_UNIQUE_TRUTH_COMPARISON,,"[-2.7533298679831146, 2.4616395354248053, -1.3281845408410982]",,,,,,,,,0.20018156617879868,0.0064182523638010025,0.36946388334035873,0,
3d6e2524224741608f98c533d8174d12,image,none_small_nonzero,uint16,artificial,OPEN3D_POINT_TO_PLANE,CAMERA_LOCAL,OUTPUT_ALTERNATIVE_MODEL_NO_UNIQUE_TRUTH_COMPARISON,,"[-0.2963148129111089, 52.408237316548295, -1.3729592466924074]",,,,,,,,,0.0018497835844755173,0.00017386116087436676,0.005772421136498451,0,
f5f8dd1091fc42b8b4d0f1bf9a515a40,direct,identity,clean,taco,OPEN3D_POINT_TO_PLANE,WORLD_FIXED,OUTPUT_ALTERNATIVE_MODEL_NO_UNIQUE_TRUTH_COMPARISON,,"[1.0669989137958078, -3.3788410658257217, -0.037887335883776116]",,,,,,,,,0.20124848373234272,0.006495008245110512,0.2879274860024452,0,
721144c1c1e74f649918b76338082788,direct,rotation,clean,artificial,OPEN3D_POINT_TO_PLANE,WORLD_FIXED,STOPPED,,,,,,,,,,,0.0016360711306333542,0.00024210289120674133,0.0030853208154439926,0,"Open3D calibration reached the numerical safety boundary: translation=0.13956924285935216, rotation_deg=14.481316477334525"
721144c1c1e74f649918b76338082788,direct,rotation,clean,artificial,OPEN3D_POINT_TO_PLANE,CAMERA_LOCAL,STOPPED,,,,,,,,,,,0.0016360711306333542,0.00024210289120674133,0.002465521916747093,0,"Open3D calibration reached the numerical safety boundary: translation=0.14020336807605144, rotation_deg=11.82210195626383"
ee9c8ca7131a4b439e4dc398489cdda0,direct,combined,combined,artificial,OPEN3D_POINT_TO_PLANE,WORLD_FIXED,OUTPUT_ALTERNATIVE_MODEL_NO_UNIQUE_TRUTH_COMPARISON,,"[-4.9378463203260345, -16.596481025396276, -3.02385136720901]",,,,,,,,,0.0008877981454133987,0.00016731210052967072,0.010866491124033928,0,
0c501fedf2d74fe48c0a81be7c81610a,direct,translation,clean,artificial,OPEN3D_POINT_TO_PLANE,CAMERA_LOCAL,OUTPUT_ALTERNATIVE_MODEL_NO_UNIQUE_TRUTH_COMPARISON,,"[1.3438645003814176, -0.7990514128456863, 2.115283311396854]",,,,,,,,,0.0009097717702388763,0.00016561709344387054,0.008660335093736649,0,
92fe9925ceb449dbac7a9781a7287da4,direct,identity,clean,taco,OPEN3D_POINT_TO_PLANE,CAMERA_LOCAL,OUTPUT_ALTERNATIVE_MODEL_NO_UNIQUE_TRUTH_COMPARISON,,"[0.08186867214190732, -2.621538696932981, -0.02469892029934209]",,,,,,,,,0.20132583938539028,0.006565334275364876,0.09531174600124359,0,
c7139d9912ce45f4b3b5aaf6aca0b001,image,hand_complete_stress_nonzero,float32,artificial,OPEN3D_POINT_TO_PLANE,WORLD_FIXED,STOPPED_INFORMATION_INSUFFICIENT,,,,,,,,,,,0.0019627492874860764,0.0001900363713502884,3.202073276042938e-05,0,the target is deliberately fully or almost fully occluded
c7139d9912ce45f4b3b5aaf6aca0b001,image,hand_complete_stress_nonzero,float32,artificial,OPEN3D_POINT_TO_PLANE,CAMERA_LOCAL,STOPPED_INFORMATION_INSUFFICIENT,,,,,,,,,,,0.0019627492874860764,0.0001900363713502884,1.089833676815033e-05,0,the target is deliberately fully or almost fully occluded
d94fbe974c97462fa9c9c58266a64c8e,direct,translation,clean,taco,OPEN3D_POINT_TO_PLANE,CAMERA_LOCAL,OUTPUT_ALTERNATIVE_MODEL_NO_UNIQUE_TRUTH_COMPARISON,,"[-0.28167402961477145, -3.9647116312763204, 9.418226031298335]",,,,,,,,,0.20126955397427082,0.00635930523276329,0.3776354044675827,0,
f477e19765214384ac2730d7458db083,direct,symmetric_ambiguous,information_insufficient,artificial,OPEN3D_POINT_TO_PLANE,WORLD_FIXED,STOPPED_INFORMATION_INSUFFICIENT,,,,,,,,,,,0.002450680360198021,0.00034310482442379,0.011518673971295357,0,the public shape has deliberately ambiguous rigid symmetries
f477e19765214384ac2730d7458db083,direct,symmetric_ambiguous,information_insufficient,artificial,OPEN3D_POINT_TO_PLANE,CAMERA_LOCAL,OUTPUT_WITHOUT_IDENTIFIABILITY_CERTIFICATE,,,,,,,,,,,0.002450680360198021,0.00034310482442379,0.15195449627935886,0,the public shape has deliberately ambiguous rigid symmetries
bdbe0fcc494c4d04a011aadc82eea575,direct,combined,clean,artificial,OPEN3D_POINT_TO_PLANE,WORLD_FIXED,STOPPED,,,,,,,,,,,0.000932866707444191,0.0001692306250333786,0.003150615841150284,0,"Open3D calibration reached the numerical safety boundary: translation=0.17085608002542285, rotation_deg=10.862934058708396"
bdbe0fcc494c4d04a011aadc82eea575,direct,combined,clean,artificial,OPEN3D_POINT_TO_PLANE,CAMERA_LOCAL,STOPPED,,,,,,,,,,,0.000932866707444191,0.0001692306250333786,0.0028069037944078445,0,"Open3D calibration reached the numerical safety boundary: translation=0.1713835462410922, rotation_deg=9.162179894095674"
d4621e2209b140778dff346e6ea69397,direct,rotation,clean,artificial,OPEN3D_POINT_TO_PLANE,WORLD_FIXED,STOPPED,,,,,,,,,,,0.000860968604683876,0.00015872716903686523,0.00439240038394928,0,"Open3D calibration reached the numerical safety boundary: translation=0.10371522796554711, rotation_deg=5.529065331905786"
d4621e2209b140778dff346e6ea69397,direct,rotation,clean,artificial,OPEN3D_POINT_TO_PLANE,CAMERA_LOCAL,OUTPUT_ALTERNATIVE_MODEL_NO_UNIQUE_TRUTH_COMPARISON,,"[-4.934668199718265, -0.5571102496863249, -0.3796739643149952]",,,,,,,,,0.000860968604683876,0.00015872716903686523,0.012649476528167725,0,
67a60d7644c3401090d0cc3118ab7669,direct,identity,clean,taco,OPEN3D_POINT_TO_PLANE,CAMERA_LOCAL,OUTPUT_ALTERNATIVE_MODEL_NO_UNIQUE_TRUTH_COMPARISON,,"[0.6653601398273669, -3.182963553963633, -0.6917858740823173]",,,,,,,,,0.20117892883718014,0.006443839520215988,0.35512187890708447,0,
ebaf2f42d2b5495793ca2824cd70320c,image,hand_complete_stress_nonzero,uint16,artificial,OPEN3D_POINT_TO_PLANE,WORLD_FIXED,STOPPED_INFORMATION_INSUFFICIENT,,,,,,,,,,,0.0020073987543582916,0.00018278323113918304,3.413110971450806e-05,0,the target is deliberately fully or almost fully occluded
ebaf2f42d2b5495793ca2824cd70320c,image,hand_complete_stress_nonzero,uint16,artificial,OPEN3D_POINT_TO_PLANE,CAMERA_LOCAL,STOPPED_INFORMATION_INSUFFICIENT,,,,,,,,,,,0.0020073987543582916,0.00018278323113918304,1.167692244052887e-05,0,the target is deliberately fully or almost fully occluded
0b3083ac015142c2892196535dc0dc70,direct,combined,outliers,taco,OPEN3D_POINT_TO_PLANE,WORLD_FIXED,OUTPUT_ALTERNATIVE_MODEL_NO_UNIQUE_TRUTH_COMPARISON,,"[-0.08772646757803072, 1.655425817987369, -7.32820466639821]",,,,,,,,,0.20141327008605003,0.006468147039413452,0.32999916560947895,0,
a4bcdb0f775344e08dbdceff2d252a25,direct,rotation,clean,taco,OPEN3D_POINT_TO_PLANE,WORLD_FIXED,OUTPUT_ALTERNATIVE_MODEL_NO_UNIQUE_TRUTH_COMPARISON,,"[4.892095204523395, 1.9003855159713425, 0.6896677493659067]",,,,,,,,,0.19954916834831238,0.006515679880976677,1.0846074856817722,0,
154f230dc3bc4de58625de0c3adcca1f,direct,combined,strong_combined,taco,OPEN3D_POINT_TO_PLANE,CAMERA_LOCAL,OUTPUT_ALTERNATIVE_MODEL_NO_UNIQUE_TRUTH_COMPARISON,,"[18.78468636869379, -3.7255726869018813, 20.760924094328843]",,,,,,,,,0.20003562793135643,0.006461735814809799,0.33149181120097637,0,
4c28d9f666dd4c8abe85a6a76588181a,direct,translation,clean,taco,OPEN3D_ROBUST_POINT_TO_PLANE,CAMERA_LOCAL,OUTPUT_ALTERNATIVE_MODEL_NO_UNIQUE_TRUTH_COMPARISON,,"[4.458372866174322, 6.271456123837552, 2.275442841622596]",,,,,,,,,0.20824696496129036,0.007172774523496628,0.5191713403910398,0,
3ba9fd0ecf7d4c1090a3fc9ad48d8740,direct,symmetric_ambiguous,information_insufficient,artificial,OPEN3D_ROBUST_POINT_TO_PLANE,WORLD_FIXED,OUTPUT_WITHOUT_IDENTIFIABILITY_CERTIFICATE,,,,,,,,,,,0.002441907301545143,0.0005991067737340927,0.038985757157206535,0,the public shape has deliberately ambiguous rigid symmetries
3ba9fd0ecf7d4c1090a3fc9ad48d8740,direct,symmetric_ambiguous,information_insufficient,artificial,OPEN3D_ROBUST_POINT_TO_PLANE,CAMERA_LOCAL,OUTPUT_WITHOUT_IDENTIFIABILITY_CERTIFICATE,,,,,,,,,,,0.002441907301545143,0.0005991067737340927,0.038027435541152954,0,the public shape has deliberately ambiguous rigid symmetries
61b2c63680b94806b73b1cb28d85de38,direct,combined,noise,artificial,OPEN3D_ROBUST_POINT_TO_PLANE,WORLD_FIXED,STOPPED,,,,,,,,,,,0.001368088647723198,0.00024193152785301208,0.003221482038497925,0,"Open3D calibration reached the numerical safety boundary: translation=0.14239526101668168, rotation_deg=9.00072452789289"
61b2c63680b94806b73b1cb28d85de38,direct,combined,noise,artificial,OPEN3D_ROBUST_POINT_TO_PLANE,CAMERA_LOCAL,STOPPED,,,,,,,,,,,0.001368088647723198,0.00024193152785301208,0.002500675618648529,0,"Open3D calibration reached the numerical safety boundary: translation=0.10770865275815297, rotation_deg=6.648008608686448"
95a90168c3e044dc8ed518992c44c9ed,direct,translation,clean,artificial,OPEN3D_ROBUST_POINT_TO_PLANE,CAMERA_LOCAL,OUTPUT_ALTERNATIVE_MODEL_NO_UNIQUE_TRUTH_COMPARISON,,"[10.008929132574583, -1.0536593861132015, -7.312395305761227]",,,,,,,,,0.000881880521774292,0.0001781657338142395,0.008841287344694138,0,
c331fd6ad8e54d669cb213403c65116d,direct,combined,clean,taco,OPEN3D_ROBUST_POINT_TO_PLANE,WORLD_FIXED,OUTPUT_ALTERNATIVE_MODEL_NO_UNIQUE_TRUTH_COMPARISON,,"[-6.276474432668484, 0.26940529259957596, -10.46970487093603]",,,,,,,,,0.20618151128292084,0.011133154854178429,0.6762278582900763,452,
16068ca95f804ff88a0427a11f80ede8,direct,combined,random_missing,taco,OPEN3D_ROBUST_POINT_TO_PLANE,CAMERA_LOCAL,OUTPUT_ALTERNATIVE_MODEL_NO_UNIQUE_TRUTH_COMPARISON,,"[5.835062960634491, 3.5873004204122982, -16.044153042532958]",,,,,,,,,0.19854833744466305,0.006735268980264664,0.6694267634302378,0,
62b3e8164a8a4b0089924f4e8908009a,direct,rotation,clean,taco,OPEN3D_ROBUST_POINT_TO_PLANE,CAMERA_LOCAL,OUTPUT_ALTERNATIVE_MODEL_NO_UNIQUE_TRUTH_COMPARISON,,"[2.3325297412650494, 3.929147968618151, -0.38099782643856855]",,,,,,,,,0.19958141446113586,0.006415810436010361,0.5508684925734997,0,
a86cf6e5ba4f4b4cb6b5d3f0d2cdf7c4,direct,inconsistent_frames,information_insufficient,artificial,OPEN3D_ROBUST_POINT_TO_PLANE,WORLD_FIXED,STOPPED_INFORMATION_INSUFFICIENT,,,,,,,,,,,0.001499868929386139,0.0003386065363883972,0.007198864594101906,0,different frames were generated from deliberately incompatible corrections
a86cf6e5ba4f4b4cb6b5d3f0d2cdf7c4,direct,inconsistent_frames,information_insufficient,artificial,OPEN3D_ROBUST_POINT_TO_PLANE,CAMERA_LOCAL,STOPPED_INFORMATION_INSUFFICIENT,,,,,,,,,,,0.001499868929386139,0.0003386065363883972,0.011350136250257492,0,different frames were generated from deliberately incompatible corrections
2d510a4d4a3949b09dfa947878b1109b,direct,identity,clean,artificial,OPEN3D_ROBUST_POINT_TO_PLANE,WORLD_FIXED,OUTPUT_ALTERNATIVE_MODEL_NO_UNIQUE_TRUTH_COMPARISON,,"[2.7504228052304416e-13, -7.043250914785132e-13, -9.582666637625607e-14]",,,,,,,,,0.0014081168919801712,0.00016675889492034912,0.0051931776106357574,0,
38966a1d743349c98959d1d60a8fe011,direct,combined,combined,artificial,OPEN3D_ROBUST_POINT_TO_PLANE,WORLD_FIXED,STOPPED,,,,,,,,,,,0.0009151920676231384,0.00021523237228393555,0.00277031771838665,0,"Open3D calibration reached the numerical safety boundary: translation=0.20926763264947132, rotation_deg=13.702379753855498"
38966a1d743349c98959d1d60a8fe011,direct,combined,combined,artificial,OPEN3D_ROBUST_POINT_TO_PLANE,CAMERA_LOCAL,STOPPED,,,,,,,,,,,0.0009151920676231384,0.00021523237228393555,0.003262784332036972,0,"Open3D calibration reached the numerical safety boundary: translation=0.11196768408807485, rotation_deg=6.374866304076977"
d0a112c217d44081b2e4e6c8fbfc049f,direct,combined,strong_combined,taco,OPEN3D_ROBUST_POINT_TO_PLANE,WORLD_FIXED,OUTPUT_ALTERNATIVE_MODEL_NO_UNIQUE_TRUTH_COMPARISON,,"[15.843767742423454, 0.9841639743689595, 1.269752745385989]",,,,,,,,,0.19879386387765408,0.006638955324888229,1.1223698779940605,0,
d833a84a788a44c3999fc34090c9719b,direct,identity,clean,artificial,OPEN3D_ROBUST_POINT_TO_PLANE,WORLD_FIXED,OUTPUT_ALTERNATIVE_MODEL_NO_UNIQUE_TRUTH_COMPARISON,,"[5.5858370061044554e-14, -1.9567533236154443e-13, -3.0341773401174326e-14]",,,,,,,,,0.0015154015272855759,0.00031386129558086395,0.019922904670238495,0,
811fe61ae2cc47c688a2a1d3cf5d27a7,direct,combined,outliers,taco,OPEN3D_ROBUST_POINT_TO_PLANE,CAMERA_LOCAL,OUTPUT_ALTERNATIVE_MODEL_NO_UNIQUE_TRUTH_COMPARISON,,"[-0.25483528991347343, -2.3972149959480067, -1.595912014239272]",,,,,,,,,0.20148755051195621,0.006534367799758911,0.483635101467371,0,
0d0eaac4669b41c3ab399a00a2af2d2b,direct,combined,clean,taco,OPEN3D_ROBUST_POINT_TO_PLANE,CAMERA_LOCAL,OUTPUT_ALTERNATIVE_MODEL_NO_UNIQUE_TRUTH_COMPARISON,,"[10.466904799463965, 5.128301375727722, -2.165984484937888]",,,,,,,,,0.19976120442152023,0.006550950929522514,1.7956989854574203,0,
15b25d6b7521453abee0455fc66ecbb6,direct,inconsistent_frames,information_insufficient,artificial,OPEN3D_ROBUST_POINT_TO_PLANE,WORLD_FIXED,STOPPED_INFORMATION_INSUFFICIENT,,,,,,,,,,,0.001568719744682312,0.0002554226666688919,0.004624009132385254,0,different frames were generated from deliberately incompatible corrections
15b25d6b7521453abee0455fc66ecbb6,direct,inconsistent_frames,information_insufficient,artificial,OPEN3D_ROBUST_POINT_TO_PLANE,CAMERA_LOCAL,STOPPED_INFORMATION_INSUFFICIENT,,,,,,,,,,,0.001568719744682312,0.0002554226666688919,0.005800154060125351,0,different frames were generated from deliberately incompatible corrections
89011a2ead624e698e42ce0abc69dff2,direct,combined,outliers,taco,OPEN3D_ROBUST_POINT_TO_PLANE,WORLD_FIXED,OUTPUT_ALTERNATIVE_MODEL_NO_UNIQUE_TRUTH_COMPARISON,,"[10.65172413300867, -7.190824866687368, 4.641572537392021]",,,,,,,,,0.20164147950708866,0.006583159789443016,0.6605632044374943,0,
2ebce00c7f6d4bfaab41db93dd0e2c25,image,other_front_stress_nonzero,float32,artificial,OPEN3D_ROBUST_POINT_TO_PLANE,WORLD_FIXED,STOPPED,,,,,,,,,,,0.0021077487617731094,0.00018887408077716827,0.0004997383803129196,0,too few calibration surface points
2ebce00c7f6d4bfaab41db93dd0e2c25,image,other_front_stress_nonzero,float32,artificial,OPEN3D_ROBUST_POINT_TO_PLANE,CAMERA_LOCAL,STOPPED,,,,,,,,,,,0.0021077487617731094,0.00018887408077716827,0.0003865044564008713,0,too few calibration surface points
92c840c690094719a5435b8ac0fc5268,direct,translation,clean,artificial,OPEN3D_ROBUST_POINT_TO_PLANE,WORLD_FIXED,OUTPUT_ALTERNATIVE_MODEL_NO_UNIQUE_TRUTH_COMPARISON,,"[-17.411546420877333, -2.029471313421092, -13.587647179539914]",,,,,,,,,0.0008512157946825027,0.00015995092689990997,0.011394033208489418,0,
b189d7d17bec43978637e80534727d21,direct,combined,random_missing,taco,OPEN3D_ROBUST_POINT_TO_PLANE,WORLD_FIXED,OUTPUT_ALTERNATIVE_MODEL_NO_UNIQUE_TRUTH_COMPARISON,,"[-18.067126338135658, -1.419554528556838, -15.694370314728413]",,,,,,,,,0.19994141533970833,0.006400665268301964,0.744644720107317,0,
4d43ec3416434c6dba1151fc64b3afa6,direct,combined,outliers,taco,OPEN3D_ROBUST_POINT_TO_PLANE,WORLD_FIXED,STOPPED,,,,,,,,,,,0.2004895657300949,0.006419224664568901,0.0746536273509264,0,"Open3D calibration reached the numerical safety boundary: translation=0.1007146854570744, rotation_deg=8.12930516203683"
4d43ec3416434c6dba1151fc64b3afa6,direct,combined,outliers,taco,OPEN3D_ROBUST_POINT_TO_PLANE,CAMERA_LOCAL,OUTPUT_ALTERNATIVE_MODEL_NO_UNIQUE_TRUTH_COMPARISON,,"[-11.470469937496086, -3.4842631861897226, -2.8300495215338826]",,,,,,,,,0.2004895657300949,0.006419224664568901,0.6660453863441944,0,
7522e4f6d327441baa991f95a4a74ef2,direct,identity,clean,taco,OPEN3D_ROBUST_POINT_TO_PLANE,WORLD_FIXED,OUTPUT_ALTERNATIVE_MODEL_NO_UNIQUE_TRUTH_COMPARISON,,"[1.091038549023545, -3.0268703540702973, -0.7437775236648432]",,,,,,,,,0.20313482731580734,0.006407406181097031,0.2963922768831253,0,
39b31a9f2dbb475e9ff96c0bbaa16445,direct,symmetric_ambiguous,information_insufficient,artificial,OPEN3D_ROBUST_POINT_TO_PLANE,WORLD_FIXED,OUTPUT_WITHOUT_IDENTIFIABILITY_CERTIFICATE,,,,,,,,,,,0.0022340547293424606,0.00033931806683540344,0.0409376360476017,0,the public shape has deliberately ambiguous rigid symmetries
39b31a9f2dbb475e9ff96c0bbaa16445,direct,symmetric_ambiguous,information_insufficient,artificial,OPEN3D_ROBUST_POINT_TO_PLANE,CAMERA_LOCAL,OUTPUT_WITHOUT_IDENTIFIABILITY_CERTIFICATE,,,,,,,,,,,0.0022340547293424606,0.00033931806683540344,0.1686170231550932,0,the public shape has deliberately ambiguous rigid symmetries
0d739c353a2243f7add2a9694b908956,image,none_small_nonzero,float32,artificial,OPEN3D_ROBUST_POINT_TO_PLANE,CAMERA_LOCAL,OUTPUT_ALTERNATIVE_MODEL_NO_UNIQUE_TRUTH_COMPARISON,,"[-79.86478601336671, -11.113163388209848, -3.1157167951206826]",,,,,,,,,0.0013741161674261093,0.00014221109449863434,0.03615324944257736,0,
ba152c587fc84b70bb6ef936f6d845a4,direct,translation,clean,taco,OPEN3D_ROBUST_POINT_TO_PLANE,WORLD_FIXED,OUTPUT_ALTERNATIVE_MODEL_NO_UNIQUE_TRUTH_COMPARISON,,"[-2.4509169884899986, 1.4158371562223635, -12.216282904200293]",,,,,,,,,0.20193449780344963,0.006367186084389687,1.7546375188976526,0,
904d992d3e1944059c7c57f9c779a8e0,direct,identity,clean,taco,OPEN3D_ROBUST_POINT_TO_PLANE,CAMERA_LOCAL,OUTPUT_ALTERNATIVE_MODEL_NO_UNIQUE_TRUTH_COMPARISON,,"[1.1426462274050049, -1.3613618885247252, -0.34353608577913225]",,,,,,,,,0.19996261596679688,0.006541816517710686,0.2570366691797972,0,
642e1208e14d41cf8d62c915b95a109f,direct,inconsistent_frames,information_insufficient,artificial,OPEN3D_ROBUST_POINT_TO_PLANE,WORLD_FIXED,STOPPED_INFORMATION_INSUFFICIENT,,,,,,,,,,,0.0015457551926374435,0.00024373643100261688,0.00467240996658802,0,different frames were generated from deliberately incompatible corrections
642e1208e14d41cf8d62c915b95a109f,direct,inconsistent_frames,information_insufficient,artificial,OPEN3D_ROBUST_POINT_TO_PLANE,CAMERA_LOCAL,STOPPED_INFORMATION_INSUFFICIENT,,,,,,,,,,,0.0015457551926374435,0.00024373643100261688,0.004010442644357681,0,different frames were generated from deliberately incompatible corrections
275076508c8b4fabbd81606e507b6e5b,direct,rotation,clean,artificial,OPEN3D_ROBUST_POINT_TO_PLANE,WORLD_FIXED,STOPPED,,,,,,,,,,,0.0008648168295621872,0.0001669079065322876,0.002892501652240753,0,"Open3D calibration reached the numerical safety boundary: translation=0.20097885421539513, rotation_deg=12.474464988428368"
275076508c8b4fabbd81606e507b6e5b,direct,rotation,clean,artificial,OPEN3D_ROBUST_POINT_TO_PLANE,CAMERA_LOCAL,STOPPED,,,,,,,,,,,0.0008648168295621872,0.0001669079065322876,0.0022573545575141907,0,"Open3D calibration reached the numerical safety boundary: translation=0.15973031124060966, rotation_deg=9.178955583575998"
07c581eb235040f8b2bcf26af0aaf020,direct,combined,clean,artificial,OPEN3D_ROBUST_POINT_TO_PLANE,WORLD_FIXED,STOPPED,,,,,,,,,,,0.0008727274835109711,0.00020491890609264374,0.0028221458196640015,0,"Open3D calibration reached the numerical safety boundary: translation=0.15726169021872566, rotation_deg=11.864725435085786"
07c581eb235040f8b2bcf26af0aaf020,direct,combined,clean,artificial,OPEN3D_ROBUST_POINT_TO_PLANE,CAMERA_LOCAL,STOPPED,,,,,,,,,,,0.0008727274835109711,0.00020491890609264374,0.0023279674351215363,0,"Open3D calibration reached the numerical safety boundary: translation=0.1580370886348589, rotation_deg=9.875265030743861"
0a72517e954d49879a04e98843dee22b,direct,rotation,clean,artificial,OPEN3D_ROBUST_POINT_TO_PLANE,CAMERA_LOCAL,STOPPED,,,,,,,,,,,0.0008730795234441757,0.0001644957810640335,0.0036597270518541336,0,"Open3D calibration reached the numerical safety boundary: translation=0.10086621095028128, rotation_deg=4.942442425772831"
0613bd6004934d7e9a4d9bb9ee1b917f,direct,identity,clean,artificial,OPEN3D_ROBUST_POINT_TO_PLANE,CAMERA_LOCAL,OUTPUT_ALTERNATIVE_MODEL_NO_UNIQUE_TRUTH_COMPARISON,,"[-4.077173229096197e-13, -1.5464695324396445e-13, 1.1492647081427264e-13]",,,,,,,,,0.0008930359035730362,0.0001568831503391266,0.017263000831007957,0,
b64258d87dfd4efd834c86f47193d529,image,other_front_small_nonzero,float32,artificial,OPEN3D_ROBUST_POINT_TO_PLANE,WORLD_FIXED,STOPPED,,,,,,,,,,,0.0012740902602672577,0.00013313814997673035,0.00023266859352588654,0,prepared frame 1 contains no target evidence
b64258d87dfd4efd834c86f47193d529,image,other_front_small_nonzero,float32,artificial,OPEN3D_ROBUST_POINT_TO_PLANE,CAMERA_LOCAL,STOPPED,,,,,,,,,,,0.0012740902602672577,0.00013313814997673035,0.00012755952775478363,0,prepared frame 1 contains no target evidence
97c58d07be404adfbc9ac8d302006599,direct,translation,clean,artificial,OPEN3D_ROBUST_POINT_TO_PLANE,CAMERA_LOCAL,OUTPUT_ALTERNATIVE_MODEL_NO_UNIQUE_TRUTH_COMPARISON,,"[2.9690339861522776, 3.954609416931304, -4.2240849914966745]",,,,,,,,,0.0008566733449697495,0.00015879608690738678,0.006008535623550415,0,
b1ab0b082ec0459a9a06d409c0577a76,direct,translation,clean,taco,OPEN3D_ROBUST_POINT_TO_PLANE,WORLD_FIXED,OUTPUT_ALTERNATIVE_MODEL_NO_UNIQUE_TRUTH_COMPARISON,,"[4.221593080240171, -8.25118470909243, -4.582653894524546]",,,,,,,,,0.2012408096343279,0.006485613062977791,0.46857160329818726,0,
76b500a228de45b6a7759de2d90889cc,direct,combined,clean,taco,OPEN3D_ROBUST_POINT_TO_PLANE,WORLD_FIXED,OUTPUT_ALTERNATIVE_MODEL_NO_UNIQUE_TRUTH_COMPARISON,,"[2.4914745256628286, 18.73135900693315, -4.947259042861444]",,,,,,,,,0.19951658695936203,0.006471011787652969,0.7727251555770636,0,
55d9ad951e0b46c0a1876eba953db1d0,direct,identity,clean,artificial,OPEN3D_ROBUST_POINT_TO_PLANE,CAMERA_LOCAL,OUTPUT_ALTERNATIVE_MODEL_NO_UNIQUE_TRUTH_COMPARISON,,"[6.417413362648169e-13, 1.6154632122833757e-13, -1.7313035997122326e-13]",,,,,,,,,0.0016831420361995697,0.0002424735575914383,0.006708761677145958,0,
857cb8e146294f459f1829f0aee52e9f,direct,combined,local_missing,artificial,OPEN3D_ROBUST_POINT_TO_PLANE,CAMERA_LOCAL,OUTPUT_ALTERNATIVE_MODEL_NO_UNIQUE_TRUTH_COMPARISON,,"[4.392077176493857, 8.726776758736255, -2.7394215093575545]",,,,,,,,,0.0008436143398284912,0.00016492977738380432,0.009918347001075745,0,
c6525673188d4350ac0bfbd905453f19,direct,combined,noise,artificial,OPEN3D_ROBUST_POINT_TO_PLANE,WORLD_FIXED,STOPPED,,,,,,,,,,,0.0009200479835271835,0.00016908347606658936,0.00472085177898407,0,"Open3D calibration reached the numerical safety boundary: translation=0.10976991952197787, rotation_deg=8.589102775912353"
0aaff379548944648a7414c130a181fa,image,hand_large_stress_nonzero,float32,artificial,OPEN3D_ROBUST_POINT_TO_PLANE,WORLD_FIXED,STOPPED_INFORMATION_INSUFFICIENT,,,,,,,,,,,0.0011950507760047913,0.00014553777873516083,4.933401942253113e-05,0,the target is deliberately fully or almost fully occluded
0aaff379548944648a7414c130a181fa,image,hand_large_stress_nonzero,float32,artificial,OPEN3D_ROBUST_POINT_TO_PLANE,CAMERA_LOCAL,STOPPED_INFORMATION_INSUFFICIENT,,,,,,,,,,,0.0011950507760047913,0.00014553777873516083,1.1118128895759583e-05,0,the target is deliberately fully or almost fully occluded
55da8ade46264d6b8fd1cc63e3eb03bb,direct,translation,clean,taco,OPEN3D_ROBUST_POINT_TO_PLANE,CAMERA_LOCAL,OUTPUT_ALTERNATIVE_MODEL_NO_UNIQUE_TRUTH_COMPARISON,,"[-11.460658543301859, -2.7646886939502933, -15.573743198513286]",,,,,,,,,0.20175685361027718,0.006721919402480125,0.6045524645596743,0,
9bcd56d2f8b94a9fb7d9128fdd743677,image,other_front_stress_nonzero,uint16,artificial,OPEN3D_ROBUST_POINT_TO_PLANE,WORLD_FIXED,STOPPED,,,,,,,,,,,0.0019513238221406937,0.0001827329397201538,3.10651957988739e-05,0,prepared frame 0 contains no target evidence
9bcd56d2f8b94a9fb7d9128fdd743677,image,other_front_stress_nonzero,uint16,artificial,OPEN3D_ROBUST_POINT_TO_PLANE,CAMERA_LOCAL,STOPPED,,,,,,,,,,,0.0019513238221406937,0.0001827329397201538,1.1106953024864197e-05,0,prepared frame 0 contains no target evidence
4b8e0982b94b4b568b7bb68c1a70349b,direct,rotation,clean,artificial,OPEN3D_ROBUST_POINT_TO_PLANE,CAMERA_LOCAL,OUTPUT_ALTERNATIVE_MODEL_NO_UNIQUE_TRUTH_COMPARISON,,"[0.21047681439515997, -11.656078816727822, 1.3231666122454078]",,,,,,,,,0.0008964147418737411,0.00016135163605213165,0.013040764257311821,0,
46451fd3bbb747cabbb545e992f66693,direct,combined,combined,artificial,OPEN3D_ROBUST_POINT_TO_PLANE,WORLD_FIXED,STOPPED,,,,,,,,,,,0.0008039530366659164,0.0001561436802148819,0.003788679838180542,0,"Open3D calibration reached the numerical safety boundary: translation=0.13242981829740963, rotation_deg=10.322435379040709"
46451fd3bbb747cabbb545e992f66693,direct,combined,combined,artificial,OPEN3D_ROBUST_POINT_TO_PLANE,CAMERA_LOCAL,STOPPED,,,,,,,,,,,0.0008039530366659164,0.0001561436802148819,0.0021631810814142227,0,"Open3D calibration reached the numerical safety boundary: translation=0.10377231194637006, rotation_deg=6.9686731149763865"
f0f816a3832546698dc2e94ed0eac510,image,hand_partial_stress_nonzero,float32,artificial,OPEN3D_ROBUST_POINT_TO_PLANE,WORLD_FIXED,STOPPED,,,,,,,,,,,0.0012037325650453568,0.00013646483421325684,0.0004933178424835205,0,too few calibration surface points
f0f816a3832546698dc2e94ed0eac510,image,hand_partial_stress_nonzero,float32,artificial,OPEN3D_ROBUST_POINT_TO_PLANE,CAMERA_LOCAL,STOPPED,,,,,,,,,,,0.0012037325650453568,0.00013646483421325684,0.0003704633563756943,0,too few calibration surface points
1c5086f5a650429cb0f97e52ddb70275,image,other_behind_small_nonzero,uint16,artificial,OPEN3D_ROBUST_POINT_TO_PLANE,WORLD_FIXED,OUTPUT_ALTERNATIVE_MODEL_NO_UNIQUE_TRUTH_COMPARISON,,"[11.239269163522845, 21.75628518514073, 0.4552360964320848]",,,,,,,,,0.001212162896990776,0.00014460831880569458,0.01971776783466339,0,
59fd65482a55445eba3ae057c7192e47,direct,translation,clean,artificial,OPEN3D_ROBUST_POINT_TO_PLANE,WORLD_FIXED,OUTPUT_ALTERNATIVE_MODEL_NO_UNIQUE_TRUTH_COMPARISON,,"[3.583476418762413, -18.021160192281794, 9.454204945560614]",,,,,,,,,0.0008233450353145599,0.00014807283878326416,0.00899374671280384,0,
0e9d25928694496596c62b5d8361a298,direct,combined,clean,artificial,OPEN3D_ROBUST_POINT_TO_PLANE,WORLD_FIXED,OUTPUT_ALTERNATIVE_MODEL_NO_UNIQUE_TRUTH_COMPARISON,,"[-0.8178045251416631, 7.360509377353204, 12.975178401157997]",,,,,,,,,0.0008689127862453461,0.00015452131628990173,0.014474835246801376,0,
63ec2f78549f40a8b5ba674733364339,direct,combined,clean,artificial,OPEN3D_ROBUST_POINT_TO_PLANE,CAMERA_LOCAL,OUTPUT_ALTERNATIVE_MODEL_NO_UNIQUE_TRUTH_COMPARISON,,"[4.175964316120424, 14.107790956900638, -6.068679266048699]",,,,,,,,,0.0008749198168516159,0.00016133300960063934,0.008574109524488449,0,
9aa73a8026fb452d95bb587681c67b39,direct,combined,clean,taco,OPEN3D_ROBUST_POINT_TO_PLANE,CAMERA_LOCAL,OUTPUT_ALTERNATIVE_MODEL_NO_UNIQUE_TRUTH_COMPARISON,,"[-0.31566071910304433, -4.628052371730542, -1.493866107283835]",,,,,,,,,0.201553488150239,0.006486816331744194,0.6826432570815086,0,
8050dc91668147cb93d568b944b49e81,direct,symmetric_ambiguous,information_insufficient,artificial,OPEN3D_ROBUST_POINT_TO_PLANE,WORLD_FIXED,OUTPUT_WITHOUT_IDENTIFIABILITY_CERTIFICATE,,,,,,,,,,,0.002456389367580414,0.0003402065485715866,0.032148489728569984,0,the public shape has deliberately ambiguous rigid symmetries
8050dc91668147cb93d568b944b49e81,direct,symmetric_ambiguous,information_insufficient,artificial,OPEN3D_ROBUST_POINT_TO_PLANE,CAMERA_LOCAL,OUTPUT_WITHOUT_IDENTIFIABILITY_CERTIFICATE,,,,,,,,,,,0.002456389367580414,0.0003402065485715866,0.10660453327000141,0,the public shape has deliberately ambiguous rigid symmetries
547f11fe6ca04525b78ab7f99b751e88,direct,combined,random_missing,taco,OPEN3D_ROBUST_POINT_TO_PLANE,CAMERA_LOCAL,OUTPUT_ALTERNATIVE_MODEL_NO_UNIQUE_TRUTH_COMPARISON,,"[2.74528403331529, -14.026853268069946, 13.563551752174293]",,,,,,,,,0.20016158372163773,0.006514636799693108,0.7288150433450937,0,
29280027d82f4bf1a126a04c7a4392b4,direct,combined,clean,artificial,OPEN3D_ROBUST_POINT_TO_PLANE,WORLD_FIXED,STOPPED,,,,,,,,,,,0.0016787629574537277,0.0002471897751092911,0.003336763009428978,0,"Open3D calibration reached the numerical safety boundary: translation=0.12511255484744715, rotation_deg=8.738275623321867"
29280027d82f4bf1a126a04c7a4392b4,direct,combined,clean,artificial,OPEN3D_ROBUST_POINT_TO_PLANE,CAMERA_LOCAL,STOPPED,,,,,,,,,,,0.0016787629574537277,0.0002471897751092911,0.0030086059123277664,0,"Open3D calibration reached the numerical safety boundary: translation=0.14046546889393688, rotation_deg=8.411206801261255"
0e2fd2d4713040c789338e1dd39a254a,image,other_front_small_nonzero,float32,artificial,OPEN3D_ROBUST_POINT_TO_PLANE,WORLD_FIXED,STOPPED,,,,,,,,,,,0.0012310147285461426,0.00014116056263446808,6.539560854434967e-05,0,prepared frame 0 contains no target evidence
0e2fd2d4713040c789338e1dd39a254a,image,other_front_small_nonzero,float32,artificial,OPEN3D_ROBUST_POINT_TO_PLANE,CAMERA_LOCAL,STOPPED,,,,,,,,,,,0.0012310147285461426,0.00014116056263446808,1.3360753655433655e-05,0,prepared frame 0 contains no target evidence
75a77a31743745c6a34ca8712f68ba9d,direct,identity,clean,artificial,OPEN3D_ROBUST_POINT_TO_PLANE,WORLD_FIXED,OUTPUT_ALTERNATIVE_MODEL_NO_UNIQUE_TRUTH_COMPARISON,,"[4.27585480073453e-14, 3.677108730979673e-14, -1.0923964259461607e-14]",,,,,,,,,0.0008436553180217743,0.00016061030328273773,0.004160244017839432,0,
b382feae0447466ba9c5bd16af6b2aac,image,hand_partial_small_nonzero,float32,artificial,OPEN3D_ROBUST_POINT_TO_PLANE,WORLD_FIXED,STOPPED,,,,,,,,,,,0.0012375228106975555,0.0001389477401971817,0.0022714342921972275,0,"Open3D calibration reached the numerical safety boundary: translation=0.15384583589583964, rotation_deg=9.635852375019066"
b382feae0447466ba9c5bd16af6b2aac,image,hand_partial_small_nonzero,float32,artificial,OPEN3D_ROBUST_POINT_TO_PLANE,CAMERA_LOCAL,STOPPED,,,,,,,,,,,0.0012375228106975555,0.0001389477401971817,0.001747090369462967,0,"Open3D calibration reached the numerical safety boundary: translation=0.10368744412097722, rotation_deg=5.728890227579922"
8439eb24aa2843e6a7b58d1f7c7c3ac0,image,hand_large_stress_nonzero,float32,artificial,OPEN3D_ROBUST_POINT_TO_PLANE,WORLD_FIXED,STOPPED_INFORMATION_INSUFFICIENT,,,,,,,,,,,0.0011104922741651535,0.00014390796422958374,3.0836090445518494e-05,0,the target is deliberately fully or almost fully occluded
8439eb24aa2843e6a7b58d1f7c7c3ac0,image,hand_large_stress_nonzero,float32,artificial,OPEN3D_ROBUST_POINT_TO_PLANE,CAMERA_LOCAL,STOPPED_INFORMATION_INSUFFICIENT,,,,,,,,,,,0.0011104922741651535,0.00014390796422958374,1.1166557669639587e-05,0,the target is deliberately fully or almost fully occluded
67a32643f48b4070b4b2050dd46fdd03,direct,combined,clean,taco,OPEN3D_ROBUST_POINT_TO_PLANE,CAMERA_LOCAL,OUTPUT_ALTERNATIVE_MODEL_NO_UNIQUE_TRUTH_COMPARISON,,"[-10.539073619361645, -0.832828481210618, -13.26448183912755]",,,,,,,,,0.20158096961677074,0.006366906687617302,0.5851187612861395,0,
a80aadeb42e44765afd4094d1e1d7d36,direct,combined,noise,artificial,OPEN3D_ROBUST_POINT_TO_PLANE,CAMERA_LOCAL,OUTPUT_ALTERNATIVE_MODEL_NO_UNIQUE_TRUTH_COMPARISON,,"[-11.342681963810175, 1.8917726770001149, -1.8138310093957675]",,,,,,,,,0.00165516696870327,0.0002445392310619354,0.013334643095731735,0,
0dc432dcac6240dbaf55b534492d5f51,direct,combined,strong_combined,taco,OPEN3D_ROBUST_POINT_TO_PLANE,CAMERA_LOCAL,OUTPUT_ALTERNATIVE_MODEL_NO_UNIQUE_TRUTH_COMPARISON,,"[-12.547807930132956, 8.785014556835293, 0.04593235479344099]",,,,,,,,,0.19939465634524822,0.006532864645123482,0.5445481687784195,0,
4900aead925b45f8a0e3c933717ecb0a,direct,combined,clean,artificial,OPEN3D_ROBUST_POINT_TO_PLANE,WORLD_FIXED,STOPPED,,,,,,,,,,,0.0016129054129123688,0.0002403799444437027,0.002967553213238716,0,"Open3D calibration reached the numerical safety boundary: translation=0.15088975083911355, rotation_deg=10.215080234378531"
4900aead925b45f8a0e3c933717ecb0a,direct,combined,clean,artificial,OPEN3D_ROBUST_POINT_TO_PLANE,CAMERA_LOCAL,STOPPED,,,,,,,,,,,0.0016129054129123688,0.0002403799444437027,0.002575268968939781,0,"Open3D calibration reached the numerical safety boundary: translation=0.15067519401602208, rotation_deg=8.63947738676535"
ec299ce9983743208e44ad4d8646b2ab,direct,identity,clean,artificial,OPEN3D_ROBUST_POINT_TO_PLANE,CAMERA_LOCAL,OUTPUT_ALTERNATIVE_MODEL_NO_UNIQUE_TRUTH_COMPARISON,,"[-1.354983619126522e-13, 6.323832801682658e-14, 5.930315730103217e-15]",,,,,,,,,0.0009371638298034668,0.00017254799604415894,0.009084634482860565,0,
4ce9a7d20c674d7fae60ec20eae7ffc4,direct,combined,local_missing,artificial,OPEN3D_ROBUST_POINT_TO_PLANE,CAMERA_LOCAL,OUTPUT_ALTERNATIVE_MODEL_NO_UNIQUE_TRUTH_COMPARISON,,"[-3.0112002486801663, -12.212255724618165, 6.260315848925868]",,,,,,,,,0.0008474402129650116,0.00016794167459011078,0.008530864492058754,0,
f0716e0bd3cc48979b06b987939c46cb,direct,rotation,clean,taco,OPEN3D_ROBUST_POINT_TO_PLANE,WORLD_FIXED,OUTPUT_ALTERNATIVE_MODEL_NO_UNIQUE_TRUTH_COMPARISON,,"[-1.9065817197448334, -2.9070727425274954, -1.4136351775966869]",,,,,,,,,0.20140556804835796,0.006525032222270966,0.6158382296562195,0,
053ac6e998944173b1464f5c81fe7dde,direct,combined,noise,artificial,OPEN3D_ROBUST_POINT_TO_PLANE,CAMERA_LOCAL,STOPPED,,,,,,,,,,,0.0016760006546974182,0.0002572741359472275,0.002491625025868416,0,"Open3D calibration reached the numerical safety boundary: translation=0.10914016856432775, rotation_deg=7.002047296971115"
eb80abec7df24ec4be5a0228908cd6cb,image,hand_partial_stress_nonzero,uint16,artificial,OPEN3D_ROBUST_POINT_TO_PLANE,WORLD_FIXED,STOPPED,,,,,,,,,,,0.0012799669057130814,0.0001442059874534607,0.00035483017563819885,0,prepared frame 2 contains no target evidence
eb80abec7df24ec4be5a0228908cd6cb,image,hand_partial_stress_nonzero,uint16,artificial,OPEN3D_ROBUST_POINT_TO_PLANE,CAMERA_LOCAL,STOPPED,,,,,,,,,,,0.0012799669057130814,0.0001442059874534607,0.00022653676569461823,0,prepared frame 2 contains no target evidence
f123c52c42bc4603a6257a779f1aada5,direct,combined,combined,artificial,OPEN3D_ROBUST_POINT_TO_PLANE,CAMERA_LOCAL,OUTPUT_ALTERNATIVE_MODEL_NO_UNIQUE_TRUTH_COMPARISON,,"[1.7530450512958344, -3.5464994410515973, 3.159869925064156]",,,,,,,,,0.000837644562125206,0.00015563145279884338,0.009594032540917397,0,
57008f8f2a224ccc837801a5a4a2d2c8,direct,rotation,clean,taco,OPEN3D_ROBUST_POINT_TO_PLANE,WORLD_FIXED,OUTPUT_ALTERNATIVE_MODEL_NO_UNIQUE_TRUTH_COMPARISON,,"[2.1144702459731137, 0.7738566919308631, 0.2401003697475552]",,,,,,,,,0.2016266379505396,0.00659322552382946,0.5922010838985443,0,
a645fad4d7af49aabbd3dd175812f75c,direct,combined,local_missing,artificial,OPEN3D_ROBUST_POINT_TO_PLANE,WORLD_FIXED,OUTPUT_ALTERNATIVE_MODEL_NO_UNIQUE_TRUTH_COMPARISON,,"[0.15524051955379314, 12.234727754542716, -7.206926334422964]",,,,,,,,,0.0016153883188962936,0.0002482924610376358,0.008814960718154907,0,
6c6e3c76105a4089a4bb88808d0b9162,direct,identity,clean,taco,OPEN3D_ROBUST_POINT_TO_PLANE,WORLD_FIXED,OUTPUT_ALTERNATIVE_MODEL_NO_UNIQUE_TRUTH_COMPARISON,,"[0.9312192750433926, -3.609574139475092, -0.13983626262761198]",,,,,,,,,0.20138906314969063,0.006538504734635353,0.25397568941116333,0,
e279e7b2ed1f4f43bcd60f16097c9574,direct,combined,strong_combined,taco,OPEN3D_ROBUST_POINT_TO_PLANE,WORLD_FIXED,STOPPED,,,,,,,,,,,0.1976767722517252,0.006495896726846695,0.055596524849534035,0,"Open3D calibration reached the numerical safety boundary: translation=0.12349139329362835, rotation_deg=11.677024983574382"
9a830b07146e49d0942d5f8bac6f9789,direct,inconsistent_frames,information_insufficient,artificial,OPEN3D_ROBUST_POINT_TO_PLANE,WORLD_FIXED,STOPPED_INFORMATION_INSUFFICIENT,,,,,,,,,,,0.001766955479979515,0.0002637263387441635,0.00685415044426918,0,different frames were generated from deliberately incompatible corrections
9a830b07146e49d0942d5f8bac6f9789,direct,inconsistent_frames,information_insufficient,artificial,OPEN3D_ROBUST_POINT_TO_PLANE,CAMERA_LOCAL,OUTPUT_WITHOUT_IDENTIFIABILITY_CERTIFICATE,,,,,,,,,,,0.001766955479979515,0.0002637263387441635,0.11218789219856262,0,different frames were generated from deliberately incompatible corrections
8830786ff99c439e9a285e1aa2cf2680,direct,translation,clean,artificial,OPEN3D_ROBUST_POINT_TO_PLANE,WORLD_FIXED,OUTPUT_ALTERNATIVE_MODEL_NO_UNIQUE_TRUTH_COMPARISON,,"[11.30462924579487, -10.164737380155989, -4.470562853589244]",,,,,,,,,0.0008538085967302322,0.0001605413854122162,0.009700573980808258,0,
309bb4c8570f4b17a6f218c1a02f0c71,direct,rotation,clean,taco,OPEN3D_ROBUST_POINT_TO_PLANE,CAMERA_LOCAL,OUTPUT_ALTERNATIVE_MODEL_NO_UNIQUE_TRUTH_COMPARISON,,"[8.723604421866513, -3.538714267080537, -0.5901747010730662]",,,,,,,,,0.2016298919916153,0.006537223234772682,0.5670136362314224,0,
3b95156c8de345f59c6584352f982b22,direct,rotation,clean,artificial,OPEN3D_ROBUST_POINT_TO_PLANE,WORLD_FIXED,OUTPUT_ALTERNATIVE_MODEL_NO_UNIQUE_TRUTH_COMPARISON,,"[1.1739825362423544, 4.360717656108009, -0.36832622848201235]",,,,,,,,,0.0016447417438030243,0.00024078041315078735,0.011565089225769043,0,
0c4b83108d4a430fbed54931bdfaf7ee,image,hand_partial_small_nonzero,uint16,artificial,OPEN3D_ROBUST_POINT_TO_PLANE,WORLD_FIXED,STOPPED,,,,,,,,,,,0.0012426730245351791,0.00015168078243732452,0.0002263188362121582,0,prepared frame 1 contains no target evidence
0c4b83108d4a430fbed54931bdfaf7ee,image,hand_partial_small_nonzero,uint16,artificial,OPEN3D_ROBUST_POINT_TO_PLANE,CAMERA_LOCAL,STOPPED,,,,,,,,,,,0.0012426730245351791,0.00015168078243732452,0.00012804381549358368,0,prepared frame 1 contains no target evidence
4bcc8605bb8d48018e6afcad029782b2,direct,rotation,clean,taco,OPEN3D_ROBUST_POINT_TO_PLANE,WORLD_FIXED,STOPPED,,,,,,,,,,,0.20117264799773693,0.006516752764582634,0.13201960176229477,0,"Open3D calibration reached the numerical safety boundary: translation=0.10475253417680966, rotation_deg=10.354636044720296"
4bcc8605bb8d48018e6afcad029782b2,direct,rotation,clean,taco,OPEN3D_ROBUST_POINT_TO_PLANE,CAMERA_LOCAL,STOPPED,,,,,,,,,,,0.20117264799773693,0.006516752764582634,0.13293843530118465,0,"Open3D calibration reached the numerical safety boundary: translation=0.10521059165242515, rotation_deg=9.018951620189277"
31d6fff68cc145e2a127e6e62647a30d,image,other_behind_small_nonzero,float32,artificial,OPEN3D_ROBUST_POINT_TO_PLANE,WORLD_FIXED,STOPPED,,,,,,,,,,,0.002100937068462372,0.00018038973212242126,0.0031179003417491913,0,"Open3D calibration reached the numerical safety boundary: translation=0.0993067802569002, rotation_deg=10.650463822863227"
11029c055efd4a12a8d4881d8cd3d6f7,direct,combined,local_missing,artificial,OPEN3D_ROBUST_POINT_TO_PLANE,WORLD_FIXED,STOPPED,,,,,,,,,,,0.0008552297949790955,0.0001711379736661911,0.002862757071852684,0,"Open3D calibration reached the numerical safety boundary: translation=0.08722787977389063, rotation_deg=10.573061498343879"
a196ab4d5c9642558702ebef48d24a48,direct,combined,clean,taco,OPEN3D_ROBUST_POINT_TO_PLANE,WORLD_FIXED,OUTPUT_ALTERNATIVE_MODEL_NO_UNIQUE_TRUTH_COMPARISON,,"[-10.995665991961108, 3.4722254576295533, 10.978052356620443]",,,,,,,,,0.2014817800372839,0.006522690877318382,0.4858407638967037,0,
6e0a31817f114b85bb98bfad70dcc3ac,direct,combined,random_missing,taco,OPEN3D_ROBUST_POINT_TO_PLANE,WORLD_FIXED,OUTPUT_ALTERNATIVE_MODEL_NO_UNIQUE_TRUTH_COMPARISON,,"[-12.183701856029458, -21.83354041054056, 6.231182905284667]",,,,,,,,,0.198168670758605,0.006476020440459251,0.5629451554268599,0,
1402930efe0d451788cb7f6592f0c85e,direct,translation,clean,taco,OPEN3D_ROBUST_POINT_TO_PLANE,WORLD_FIXED,OUTPUT_ALTERNATIVE_MODEL_NO_UNIQUE_TRUTH_COMPARISON,,"[-2.7533298679830858, 2.4616395354248257, -1.3281845408412076]",,,,,,,,,0.20018156617879868,0.0064182523638010025,0.3695890437811613,0,
3d6e2524224741608f98c533d8174d12,image,none_small_nonzero,uint16,artificial,OPEN3D_ROBUST_POINT_TO_PLANE,CAMERA_LOCAL,OUTPUT_ALTERNATIVE_MODEL_NO_UNIQUE_TRUTH_COMPARISON,,"[-0.2963148129111577, 52.40823731654843, -1.372959246692431]",,,,,,,,,0.0018497835844755173,0.00017386116087436676,0.0057712122797966,0,
f5f8dd1091fc42b8b4d0f1bf9a515a40,direct,identity,clean,taco,OPEN3D_ROBUST_POINT_TO_PLANE,WORLD_FIXED,OUTPUT_ALTERNATIVE_MODEL_NO_UNIQUE_TRUTH_COMPARISON,,"[1.0669989137958003, -3.3788410658257395, -0.03788733588376077]",,,,,,,,,0.20124848373234272,0.006495008245110512,0.25725903548300266,0,
721144c1c1e74f649918b76338082788,direct,rotation,clean,artificial,OPEN3D_ROBUST_POINT_TO_PLANE,WORLD_FIXED,STOPPED,,,,,,,,,,,0.0016360711306333542,0.00024210289120674133,0.003179449588060379,0,"Open3D calibration reached the numerical safety boundary: translation=0.1288437601305583, rotation_deg=11.284400566026918"
721144c1c1e74f649918b76338082788,direct,rotation,clean,artificial,OPEN3D_ROBUST_POINT_TO_PLANE,CAMERA_LOCAL,STOPPED,,,,,,,,,,,0.0016360711306333542,0.00024210289120674133,0.002518860623240471,0,"Open3D calibration reached the numerical safety boundary: translation=0.12997289417039562, rotation_deg=9.756867570457796"
ee9c8ca7131a4b439e4dc398489cdda0,direct,combined,combined,artificial,OPEN3D_ROBUST_POINT_TO_PLANE,WORLD_FIXED,OUTPUT_ALTERNATIVE_MODEL_NO_UNIQUE_TRUTH_COMPARISON,,"[-4.217140272967161, -12.320669810244542, -4.025376595509931]",,,,,,,,,0.0008877981454133987,0.00016731210052967072,0.012369411066174507,0,
0c501fedf2d74fe48c0a81be7c81610a,direct,translation,clean,artificial,OPEN3D_ROBUST_POINT_TO_PLANE,CAMERA_LOCAL,OUTPUT_ALTERNATIVE_MODEL_NO_UNIQUE_TRUTH_COMPARISON,,"[1.3438645003814176, -0.7990514128456863, 2.115283311396854]",,,,,,,,,0.0009097717702388763,0.00016561709344387054,0.00903685949742794,0,
92fe9925ceb449dbac7a9781a7287da4,direct,identity,clean,taco,OPEN3D_ROBUST_POINT_TO_PLANE,CAMERA_LOCAL,OUTPUT_ALTERNATIVE_MODEL_NO_UNIQUE_TRUTH_COMPARISON,,"[0.08186867214202401, -2.6215386969322942, -0.024698920299344982]",,,,,,,,,0.20132583938539028,0.006565334275364876,0.09543262422084808,0,
c7139d9912ce45f4b3b5aaf6aca0b001,image,hand_complete_stress_nonzero,float32,artificial,OPEN3D_ROBUST_POINT_TO_PLANE,WORLD_FIXED,STOPPED_INFORMATION_INSUFFICIENT,,,,,,,,,,,0.0019627492874860764,0.0001900363713502884,3.13781201839447e-05,0,the target is deliberately fully or almost fully occluded
c7139d9912ce45f4b3b5aaf6aca0b001,image,hand_complete_stress_nonzero,float32,artificial,OPEN3D_ROBUST_POINT_TO_PLANE,CAMERA_LOCAL,STOPPED_INFORMATION_INSUFFICIENT,,,,,,,,,,,0.0019627492874860764,0.0001900363713502884,1.101568341255188e-05,0,the target is deliberately fully or almost fully occluded
d94fbe974c97462fa9c9c58266a64c8e,direct,translation,clean,taco,OPEN3D_ROBUST_POINT_TO_PLANE,CAMERA_LOCAL,OUTPUT_ALTERNATIVE_MODEL_NO_UNIQUE_TRUTH_COMPARISON,,"[-0.28167402961482935, -3.964711631276263, 9.418226031298245]",,,,,,,,,0.20126955397427082,0.00635930523276329,0.3690851964056492,0,
f477e19765214384ac2730d7458db083,direct,symmetric_ambiguous,information_insufficient,artificial,OPEN3D_ROBUST_POINT_TO_PLANE,WORLD_FIXED,STOPPED_INFORMATION_INSUFFICIENT,,,,,,,,,,,0.002450680360198021,0.00034310482442379,0.014945359900593758,0,the public shape has deliberately ambiguous rigid symmetries
f477e19765214384ac2730d7458db083,direct,symmetric_ambiguous,information_insufficient,artificial,OPEN3D_ROBUST_POINT_TO_PLANE,CAMERA_LOCAL,OUTPUT_WITHOUT_IDENTIFIABILITY_CERTIFICATE,,,,,,,,,,,0.002450680360198021,0.00034310482442379,0.09288115240633488,0,the public shape has deliberately ambiguous rigid symmetries
bdbe0fcc494c4d04a011aadc82eea575,direct,combined,clean,artificial,OPEN3D_ROBUST_POINT_TO_PLANE,WORLD_FIXED,STOPPED,,,,,,,,,,,0.000932866707444191,0.0001692306250333786,0.0031948648393154144,0,"Open3D calibration reached the numerical safety boundary: translation=0.13868745105565458, rotation_deg=8.488211836936392"
bdbe0fcc494c4d04a011aadc82eea575,direct,combined,clean,artificial,OPEN3D_ROBUST_POINT_TO_PLANE,CAMERA_LOCAL,STOPPED,,,,,,,,,,,0.000932866707444191,0.0001692306250333786,0.0025996845215559006,0,"Open3D calibration reached the numerical safety boundary: translation=0.13169934473897094, rotation_deg=7.024845634491226"
d4621e2209b140778dff346e6ea69397,direct,rotation,clean,artificial,OPEN3D_ROBUST_POINT_TO_PLANE,WORLD_FIXED,STOPPED,,,,,,,,,,,0.000860968604683876,0.00015872716903686523,0.004555325955152512,0,"Open3D calibration reached the numerical safety boundary: translation=0.10904605065767983, rotation_deg=8.208273537329823"
d4621e2209b140778dff346e6ea69397,direct,rotation,clean,artificial,OPEN3D_ROBUST_POINT_TO_PLANE,CAMERA_LOCAL,STOPPED,,,,,,,,,,,0.000860968604683876,0.00015872716903686523,0.0039111655205488205,0,"Open3D calibration reached the numerical safety boundary: translation=0.1065367064196549, rotation_deg=5.748302379185663"
67a60d7644c3401090d0cc3118ab7669,direct,identity,clean,taco,OPEN3D_ROBUST_POINT_TO_PLANE,CAMERA_LOCAL,OUTPUT_ALTERNATIVE_MODEL_NO_UNIQUE_TRUTH_COMPARISON,,"[0.665360139827349, -3.18296355396376, -0.6917858740824098]",,,,,,,,,0.20117892883718014,0.006443839520215988,0.3062004242092371,0,
ebaf2f42d2b5495793ca2824cd70320c,image,hand_complete_stress_nonzero,uint16,artificial,OPEN3D_ROBUST_POINT_TO_PLANE,WORLD_FIXED,STOPPED_INFORMATION_INSUFFICIENT,,,,,,,,,,,0.0020073987543582916,0.00018278323113918304,3.075599670410156e-05,0,the target is deliberately fully or almost fully occluded
ebaf2f42d2b5495793ca2824cd70320c,image,hand_complete_stress_nonzero,uint16,artificial,OPEN3D_ROBUST_POINT_TO_PLANE,CAMERA_LOCAL,STOPPED_INFORMATION_INSUFFICIENT,,,,,,,,,,,0.0020073987543582916,0.00018278323113918304,1.1105090379714966e-05,0,the target is deliberately fully or almost fully occluded
0b3083ac015142c2892196535dc0dc70,direct,combined,outliers,taco,OPEN3D_ROBUST_POINT_TO_PLANE,WORLD_FIXED,OUTPUT_ALTERNATIVE_MODEL_NO_UNIQUE_TRUTH_COMPARISON,,"[0.3610908591209853, -0.05571165298778684, -7.725773305584765]",,,,,,,,,0.20141327008605003,0.006468147039413452,0.5443859957158566,0,
a4bcdb0f775344e08dbdceff2d252a25,direct,rotation,clean,taco,OPEN3D_ROBUST_POINT_TO_PLANE,WORLD_FIXED,OUTPUT_ALTERNATIVE_MODEL_NO_UNIQUE_TRUTH_COMPARISON,,"[4.892095204523106, 1.9003855159719367, 0.6896677493662877]",,,,,,,,,0.19954916834831238,0.006515679880976677,1.0781295914202929,0,
154f230dc3bc4de58625de0c3adcca1f,direct,combined,strong_combined,taco,OPEN3D_ROBUST_POINT_TO_PLANE,CAMERA_LOCAL,OUTPUT_ALTERNATIVE_MODEL_NO_UNIQUE_TRUTH_COMPARISON,,"[18.239613797804626, -1.1657361079964792, 20.52655891593499]",,,,,,,,,0.20003562793135643,0.006461735814809799,0.6444497462362051,0,
