frame,coordinate_model,fit_status,fit_reason,tool_projected_pixels,tool_visible_pixels,tool_selected_depth_pixels,tool_sampled_point_count,tool_valid_depth_fraction,baseline_table_status,baseline_table_reason,corrected_table_status,corrected_table_reason,effective_comparison,table_sampled_candidate_points,translation_x_mm,translation_y_mm,translation_z_mm,translation_norm_mm,rotation_rotvec_x_deg,rotation_rotvec_y_deg,rotation_rotvec_z_deg,rotation_angle_deg,before_plane_offset_m,before_plane_tilt_deg,before_plane_inlier_count,before_plane_inlier_fraction,after_plane_offset_m,after_plane_tilt_deg,after_plane_inlier_count,after_plane_inlier_fraction,brush_before_mm,brush_after_mm,brush_before_penetrating,brush_after_penetrating,bowl_before_mm,bowl_after_mm,bowl_before_penetrating,bowl_after_penetrating,left_hand_before_mm,left_hand_after_mm,left_hand_before_penetrating,left_hand_after_penetrating,right_hand_before_mm,right_hand_after_mm,right_hand_before_penetrating,right_hand_after_penetrating,hand_before_mm,hand_after_mm,hand_before_penetrating,hand_after_penetrating
0,WORLD_FIXED,OUTPUT,,28869,28869,23371,367,0.9981634919279064,OUTPUT,,OUTPUT,,True,10262,37.55369853575911,-12.419195124485874,-13.486880192377182,41.79010192112799,-1.3057528187111502,-3.3465815871925098,-0.25590563424060536,3.601400621556027,0.5677597907764453,1.7810500831549425,7446,0.7255895536932372,0.5527635224438588,2.4020544805811532,7445,0.725492106801793,-20.12307556692594,-8.446150547642194,True,True,-19.13612375763918,-0.44172276425635815,True,True,-17.63400515159319,1.4847124230136233,True,False,-16.13799515559833,-12.593656102317109,True,True,-17.63400515159319,-12.593656102317109,True,True
0,CAMERA_LOCAL,OUTPUT,,28869,28869,23371,367,0.9981634919279064,OUTPUT,,OUTPUT,,True,10262,-33.70364238203605,-17.791196295839196,10.9679160183151,39.658004957865344,-1.582621376687655,2.732405552441173,-0.581611835017467,3.210763593227079,0.5677597907764453,1.7810500831549425,7446,0.7255895536932372,0.5536178962268758,2.0299694778779336,7445,0.725492106801793,-20.12307556692594,-8.598043716698701,True,True,-19.13612375763918,-1.5627717073148917,True,True,-17.63400515159319,0.14366379996511025,True,False,-16.13799515559833,-12.089856804229914,True,True,-17.63400515159319,-12.089856804229914,True,True
1,WORLD_FIXED,OUTPUT,,28838,28838,23282,359,0.9957232058848687,OUTPUT,,OUTPUT,,True,10228,45.60896888889126,1.8480939443696744,-16.082100225048528,48.39656436136322,-0.5056732703811343,-4.424259480708473,-2.370607472239338,5.0447554149288285,0.5681744092560536,1.7744331772310191,7380,0.7215486898709426,0.5491184313330596,3.894838982934778,7379,0.7214509190457568,-21.084421175712407,-8.491019773593123,True,True,-19.408511987085042,3.4482771643318255,True,False,-17.207304755052945,8.811372039934874,True,False,-8.831002845741786,-4.220785255807269,True,True,-17.207304755052945,-4.220785255807269,True,True
1,CAMERA_LOCAL,OUTPUT,,28838,28838,23282,359,0.9957232058848687,OUTPUT,,OUTPUT,,True,10228,-67.20310362991032,-13.414670289695565,16.19729788204611,70.41706451673089,-0.9361177707599526,5.009251804804276,1.539896850710873,5.323551674915604,0.5681744092560536,1.7744331772310191,7380,0.7215486898709426,0.549020897973616,3.9259643456280764,7379,0.7214509190457568,-21.084421175712407,-8.67111237560625,True,True,-19.408511987085042,3.5264130671771587,True,False,-17.207304755052945,9.572931214095416,True,False,-8.831002845741786,-3.685255534934706,True,True,-17.207304755052945,-3.685255534934706,True,True
2,WORLD_FIXED,OUTPUT,,28817,28817,23294,363,0.9969612668521293,OUTPUT,,OUTPUT,,True,10232,29.158760244928455,-15.41444061216711,-11.829449465111887,35.03960834619706,-2.434017285916615,-2.802671603760832,-3.0318373127376703,4.792853613201281,0.5688352738523144,1.9633420515186537,7411,0.7242963252541048,0.5558851332740369,1.994654642360261,7414,0.7245895230648944,-21.616555826084905,-10.087301325307664,True,True,-20.429413084155023,-4.087057398979299,True,True,-18.08431277435707,-4.986780008413794,True,True,-9.023016602458188,-8.176624020743596,True,True,-18.08431277435707,-8.176624020743596,True,True
2,CAMERA_LOCAL,OUTPUT,,28817,28817,23294,363,0.9969612668521293,OUTPUT,,OUTPUT,,True,10232,-40.056533911724664,-42.47800680873598,13.460514603635925,59.91737998994002,-2.922980399081208,3.184677404186788,1.5874313634456012,4.604988915926031,0.5688352738523144,1.9633420515186537,7411,0.7242963252541048,0.5557593897859707,2.090354771836944,7414,0.7245895230648944,-21.616555826084905,-10.153149031129626,True,True,-20.429413084155023,-3.9367097671040296,True,True,-18.08431277435707,-4.83294998429229,True,True,-9.023016602458188,-8.403589251902543,True,True,-18.08431277435707,-8.403589251902543,True,True
3,WORLD_FIXED,OUTPUT,,28785,28785,23297,365,0.9992708243973578,OUTPUT,,OUTPUT,,True,9919,24.246883467197378,-18.886702189927643,-11.750464586042293,32.904289925034114,-2.487131764370484,-2.2215318385240725,-2.4949071176623874,4.164803674686146,0.568102486466815,1.8420424670569968,7159,0.7217461437644924,0.5555915144765943,1.4939472344067946,7162,0.7220485936082266,-19.56323405415472,-7.701808281771472,True,True,-19.972449497306144,-4.564492305553336,True,True,-19.169029287077755,-7.8667991781318225,True,True,30.811190139047874,27.01174664031447,False,False,-19.169029287077755,-7.8667991781318225,True,True
3,CAMERA_LOCAL,OUTPUT,,28785,28785,23297,365,0.9992708243973578,OUTPUT,,OUTPUT,,True,9919,-25.529835653986808,-39.29129720550571,12.256557796794326,48.43347761246467,-2.8883317349913824,2.166171142281824,1.3377794697469616,3.8502482437745926,0.568102486466815,1.8420424670569968,7159,0.7217461437644924,0.5563645338720924,1.4577525890393603,7161,0.7219477769936485,-19.56323405415472,-8.046075145198838,True,True,-19.972449497306144,-5.569065517713523,True,True,-19.169029287077755,-9.447023409950406,True,True,30.811190139047874,26.723351587346844,False,False,-19.169029287077755,-9.447023409950406,True,True
4,WORLD_FIXED,OUTPUT,,28810,28810,23309,363,0.9967926787547041,OUTPUT,,OUTPUT,,True,9679,3.735260101398641,-1.028184676319456,-8.70862451573831,9.531498974969102,-1.2389850210644313,-0.4316707960793724,-4.54277272472536,4.728446635748204,0.5679918070107853,2.002144420852752,6962,0.7192891827668147,0.559337226379975,0.7689023346189449,6961,0.7191858663085029,-20.540989328360904,-10.546947363642367,True,True,-19.66575197978826,-10.013897713321175,True,True,-17.435484368369835,-10.316796946066686,True,True,36.8701111238201,42.25193054374732,False,False,-17.435484368369835,-10.316796946066686,True,True
4,CAMERA_LOCAL,OUTPUT,,28810,28810,23309,363,0.9967926787547041,OUTPUT,,OUTPUT,,True,9679,-21.838839286996986,-24.46105906323266,11.127309333964886,34.62795582924268,-1.4340321720820193,1.7478103861178416,4.2602816368748595,4.8229958575434,0.5679918070107853,2.002144420852752,6962,0.7192891827668147,0.5592454477149644,0.7145987044819604,6961,0.7191858663085029,-20.540989328360904,-10.506337806071574,True,True,-19.66575197978826,-9.844035468865808,True,True,-17.435484368369835,-10.125359427415326,True,True,36.8701111238201,42.13220221818248,False,False,-17.435484368369835,-10.125359427415326,True,True
5,WORLD_FIXED,OUTPUT,,28952,28952,23474,369,0.9988936170212765,OUTPUT,,OUTPUT,,True,9470,33.40039630548591,4.214817410240769,-12.150002503049107,35.79069320353107,0.17892610391144928,-2.9639615842250278,-0.27863844562057644,2.982402086708048,0.566382550560644,1.9000496504305342,6910,0.7296726504751848,0.5531911015050521,2.2168022646434014,6912,0.7298838437170011,-17.920736512264888,-9.280353722525113,True,True,-18.30575977979876,-1.773586587747067,True,True,-16.713647535564256,3.373511474209945,True,False,42.555750522570655,47.65776144628542,False,False,-16.713647535564256,3.373511474209945,True,False
5,CAMERA_LOCAL,OUTPUT,,28952,28952,23474,369,0.9988936170212765,OUTPUT,,OUTPUT,,True,9470,-37.71192702765143,-2.5407082122955096,11.571874548084505,39.529140123654834,-0.2766408045049561,3.0157771506965,-0.7115924608694543,3.110917193971337,0.566382550560644,1.9000496504305342,6910,0.7296726504751848,0.5529651870190746,2.3029708232957806,6912,0.7298838437170011,-17.920736512264888,-9.245772369601779,True,True,-18.30575977979876,-1.4338592962155339,True,True,-16.713647535564256,3.7907464066968544,True,False,42.555750522570655,47.43252169556422,False,False,-16.713647535564256,3.7907464066968544,True,False
6,WORLD_FIXED,OUTPUT,,29190,29190,23508,361,0.9916895169795402,OUTPUT,,OUTPUT,,True,9495,30.24766172364869,0.6407864602812805,-10.137526660906314,31.907696467099413,-0.062772551206272,-2.693532650503132,0.2604380002441696,2.706822211465421,0.5660332111160558,2.0711804332428976,6891,0.7257503949447077,0.5553215517687426,1.6492754229757032,6891,0.7257503949447077,-17.296420370468745,-10.133042417335702,True,True,-18.294738452366953,-4.283204591436163,True,True,-17.205267151855665,-0.5023790174168985,True,True,46.35170987942017,49.79458093509726,False,False,-17.205267151855665,-0.5023790174168985,True,True
6,CAMERA_LOCAL,OUTPUT,,29190,29190,23508,361,0.9916895169795402,OUTPUT,,OUTPUT,,True,9495,-32.332580002991136,-5.9177297384696415,9.267308140376185,34.15110913390768,-0.5056962385187641,2.57222370924364,-0.6734969963264394,2.7065959617401103,0.5660332111160558,2.0711804332428976,6891,0.7257503949447077,0.5553973136995095,1.6125071293440543,6891,0.7257503949447077,-17.296420370468745,-10.123820829731622,True,True,-18.294738452366953,-4.327538932294539,True,True,-17.205267151855665,-0.6882173818730797,True,True,46.35170987942017,49.571533785743526,False,False,-17.205267151855665,-0.6882173818730797,True,True
7,WORLD_FIXED,OUTPUT,,29436,29436,23774,372,0.995102758360889,OUTPUT,,OUTPUT,,True,9486,26.47257018456175,2.5259503142141972,-9.894127015208191,28.37377568388633,-0.38952543951852014,-2.418890895418932,-2.6252469153753366,3.590916957917632,0.5666515344819556,2.041777627909439,6737,0.7102045119122918,0.5562130350991487,1.541825897728515,6737,0.7102045119122918,-18.44768743621106,-10.760455075600085,True,True,-18.730131034110475,-5.200501660206358,True,True,-16.722439312970792,-1.4531693122815659,True,True,47.91868054325099,52.212894240622035,False,False,-16.722439312970792,-1.4531693122815659,True,True
7,CAMERA_LOCAL,OUTPUT,,29436,29436,23774,372,0.995102758360889,OUTPUT,,OUTPUT,,True,9486,-24.924786379123944,-8.776561729828732,8.469780292594784,27.74905746232264,-0.5761641771386901,2.057385437308589,1.4708503493030116,2.5938775504468494,0.5666515344819556,2.041777627909439,6737,0.7102045119122918,0.5579843345437927,1.216437508458474,6737,0.7102045119122918,-18.44768743621106,-11.40883370186041,True,True,-18.730131034110475,-7.859819242112098,True,True,-16.722439312970792,-4.820992562288962,True,True,47.91868054325099,52.631561180133346,False,False,-16.722439312970792,-4.820992562288962,True,True
8,WORLD_FIXED,OUTPUT,,29571,29571,23950,377,0.9986656659161037,OUTPUT,,OUTPUT,,True,9625,46.02871790132045,2.673059066722624,-14.601211331375113,48.36303845662514,0.03880794019508387,-4.2411476601687035,-0.1843328846685618,4.245328979472249,0.5668280920868763,1.9298873421968166,6749,0.7011948051948051,0.5499928729073171,3.0165453587944904,6747,0.7009870129870129,-18.063962330329698,-7.700773151938067,True,True,-18.92451324796407,2.330438759710063,True,False,-18.16364869616749,7.754588134890272,True,False,52.164702217985635,60.26750364971423,False,False,-18.16364869616749,7.754588134890272,True,False
8,CAMERA_LOCAL,OUTPUT,,29571,29571,23950,377,0.9986656659161037,OUTPUT,,OUTPUT,,True,9625,-50.38241920401602,-2.8244628661180853,14.387578799826011,52.47254690838329,-0.5598253153155307,4.043884106984561,-2.614878338395208,4.848091560500785,0.5668280920868763,1.9298873421968166,6749,0.7011948051948051,0.5490742511398051,3.3849283829841013,6747,0.7009870129870129,-18.063962330329698,-7.56906822344805,True,True,-18.92451324796407,3.400082537164062,True,False,-18.16364869616749,9.32527045713638,True,False,52.164702217985635,60.21999308410386,False,False,-18.16364869616749,9.32527045713638,True,False
9,WORLD_FIXED,OUTPUT,,29688,29666,23956,375,0.9947678764222241,OUTPUT,,OUTPUT,,True,9725,13.528494820917146,26.12073882309162,-10.873644032959977,31.36158961754448,2.0816774706408627,-1.0765049931556954,-2.0600671231025744,3.120275732006869,0.5668109268394526,1.847059895118999,6520,0.6704370179948587,0.5544015482321446,3.45617449372266,6521,0.6705398457583548,-18.54936690972364,-11.709458415794295,True,True,-18.61720077732332,-5.701279410670557,True,True,-17.1330091233709,2.5869535961368095,True,False,52.43664740861498,64.00614421619399,False,False,-17.1330091233709,2.5869535961368095,True,False
9,CAMERA_LOCAL,OUTPUT,,29688,29666,23956,375,0.9947678764222241,OUTPUT,,OUTPUT,,True,9725,-21.918825971233485,20.81086802170364,11.79495869996636,32.44454053470166,1.6580097523276742,1.7449832051026282,2.0081669253865937,3.1347563103247054,0.5668109268394526,1.847059895118999,6520,0.6704370179948587,0.5552261244696293,3.2213032091351073,6521,0.6705398457583548,-18.54936690972364,-11.741531160251895,True,True,-18.61720077732332,-6.614979853334368,True,True,-17.1330091233709,0.8020609054023575,True,False,52.43664740861498,63.45091943959347,False,False,-17.1330091233709,0.8020609054023575,True,False
10,WORLD_FIXED,OUTPUT,,29746,29250,23533,367,0.9961479850998984,OUTPUT,,OUTPUT,,True,9760,20.163413042185915,6.5736355648512435,-11.59896253111315,24.17254313984023,-0.47891759673168094,-2.1585150090009764,-4.371292387002832,4.898647388944283,0.567907537560088,2.052910224082075,6433,0.6591188524590164,0.5559243350690909,1.2616430692202216,6435,0.6593237704918032,-19.25766703311782,-9.521412331019551,True,True,-20.036914561998188,-5.1366748277081875,True,True,-18.59539058539772,-2.3617356474164852,True,True,46.30320915504782,54.56556296508974,False,False,-18.59539058539772,-2.3617356474164852,True,True
10,CAMERA_LOCAL,OUTPUT,,29746,29250,23533,367,0.9961479850998984,OUTPUT,,OUTPUT,,True,9760,-45.57727192253493,-19.142477551208863,13.730334838872931,51.30540183535058,-0.7780217472509142,3.2884694805973633,4.198584168758053,5.389569406377602,0.567907537560088,2.052910224082075,6433,0.6591188524590164,0.5562752118493888,1.2202964192367767,6435,0.6593237704918032,-19.25766703311782,-9.752224874191139,True,True,-20.036914561998188,-5.60822338028788,True,True,-18.59539058539772,-2.8858948853714983,True,True,46.30320915504782,54.43047107028287,False,False,-18.59539058539772,-2.8858948853714983,True,True
11,WORLD_FIXED,OUTPUT,,29776,28180,22475,347,0.9978245427099982,OUTPUT,,OUTPUT,,True,9862,30.93860263846164,-11.97847928211434,-11.753655965555994,35.19701020952374,-1.9990410807077277,-3.158985274096626,-3.597990531806659,5.1885343856706605,0.569116359409045,2.00381305501681,6524,0.6615291016021091,0.5562239013317603,2.0114141005712005,6524,0.6615291016021091,-21.023968400442183,-10.245846280155014,True,True,-20.945224934319164,-4.2744063127080345,True,True,-19.186838908947013,-4.065091836979451,True,True,41.647438341946284,48.13105554794905,False,False,-19.186838908947013,-4.065091836979451,True,True
11,CAMERA_LOCAL,OUTPUT,,29776,28180,22475,347,0.9978245427099982,OUTPUT,,OUTPUT,,True,9862,-49.2345898280281,-34.2614094036871,13.309942840130645,61.441383352499244,-2.3788943868742622,3.7243805023458143,1.947406688058199,4.829341718997459,0.569116359409045,2.00381305501681,6524,0.6615291016021091,0.5558470261015924,2.1173915083964636,6524,0.6615291016021091,-21.023968400442183,-10.123235201711434,True,True,-20.945224934319164,-3.8357815783096605,True,True,-19.186838908947013,-3.3532567632996724,True,True,41.647438341946284,48.3034321251411,False,False,-19.186838908947013,-3.3532567632996724,True,True
12,WORLD_FIXED,OUTPUT,,29804,26235,20527,313,0.9977155633323612,OUTPUT,,OUTPUT,,True,9902,8.717023095099904,-17.80094371612521,-7.757008868022536,21.284531364437953,-2.181446833185816,-0.6508253729539415,-2.2628677368990773,3.2098059671568646,0.5693560836502901,1.9037778760638007,6093,0.6153302363158958,0.5615110636572204,0.7811923682983685,6092,0.6152292466168451,-21.231726046888056,-11.106397012744074,True,True,-21.032741713260194,-11.969453623819625,True,True,-19.18949163422834,-15.012406908498699,True,True,41.447662749043104,47.60978320540876,False,False,-19.18949163422834,-15.012406908498699,True,True
12,CAMERA_LOCAL,OUTPUT,,29804,26235,20527,313,0.9977155633323612,OUTPUT,,OUTPUT,,True,9902,-11.332065440558472,-33.18241003951196,8.264749552388679,36.02490983115867,-2.3585580053252904,1.020357069360994,2.453441860860444,3.552928563607961,0.5693560836502901,1.9037778760638007,6093,0.6153302363158958,0.5618799590370892,0.9159038322468461,6093,0.6153302363158958,-21.231726046888056,-11.2704699855094,True,True,-21.032741713260194,-12.46744384316223,True,True,-19.18949163422834,-15.86641598152383,True,True,41.447662749043104,47.331048159159785,False,False,-19.18949163422834,-15.86641598152383,True,True
13,WORLD_FIXED,OUTPUT,,29776,24274,18684,295,0.9969585400992477,OUTPUT,,OUTPUT,,True,9907,58.65495873778239,-4.496633392028847,-18.406801004724784,61.63955077400224,-0.75367729976746,-5.590263130044643,-0.9832950776924775,5.725900850096476,0.5704306921844202,2.09834263419708,6167,0.6224891490865045,0.5474752816281381,4.706350659839703,6169,0.622691026546886,-22.996611915510833,-8.949312500641792,True,True,-22.066233951389513,5.222788146200696,True,False,-19.39959176802397,11.14602303454959,True,False,37.924158849021005,51.47996366025076,False,False,-19.39959176802397,11.14602303454959,True,False
13,CAMERA_LOCAL,OUTPUT,,29776,24274,18684,295,0.9969585400992477,OUTPUT,,OUTPUT,,True,9907,-79.56433646519689,-20.820153035462315,22.752893716214103,85.33262319903488,-1.657378151104281,6.086790304868605,-0.2918933550608726,6.315150060127549,0.5704306921844202,2.09834263419708,6167,0.6224891490865045,0.5462825945531483,5.1351348988927,6168,0.6225900878166952,-22.996611915510833,-8.585709429352772,True,True,-22.066233951389513,6.374540396050121,True,False,-19.39959176802397,11.622306172125008,True,False,37.924158849021005,51.671835312142036,False,False,-19.39959176802397,11.622306172125008,True,False
14,WORLD_FIXED,OUTPUT,,29724,22711,17847,277,0.9987688175051765,OUTPUT,,OUTPUT,,True,9860,11.492149442882692,-40.1329124916098,-6.008074803122327,42.176025496917944,-4.803776349596745,-0.6895108089451353,-0.9610820685265113,4.947258949664997,0.5719673514050942,2.4353358695168144,5948,0.6032454361054767,0.5642662198483794,2.5288133016038477,5942,0.6026369168356998,-25.584165551229,-14.296374939953171,True,True,-23.609577751552035,-14.752543451314715,True,True,-19.70352240629092,-23.228599593070108,True,True,34.47801638306436,43.997305103760986,False,False,-19.70352240629092,-23.228599593070108,True,True
14,CAMERA_LOCAL,OUTPUT,,29724,22711,17847,277,0.9987688175051765,OUTPUT,,OUTPUT,,True,9860,-14.118851136623434,-65.84124426278547,12.798349672098226,68.54348370063495,-4.59216402003406,1.4487508797795399,0.6159113898859725,4.854502687067815,0.5719673514050942,2.4353358695168144,5948,0.6032454361054767,0.5619689148263584,2.2912905901668763,5943,0.6027383367139959,-25.584165551229,-13.85408490674811,True,True,-23.609577751552035,-11.251484419425362,True,True,-19.70352240629092,-17.04086780885694,True,True,34.47801638306436,44.662807062258445,False,False,-19.70352240629092,-17.04086780885694,True,True
15,WORLD_FIXED,OUTPUT,,29719,21376,16532,260,0.9961436490720655,OUTPUT,,OUTPUT,,True,9745,5.8773740333783895,-28.907315720792816,-7.259738411701674,30.378943851229636,-3.9011251613174385,-0.12959978424310187,-4.155810318415462,5.701432542001027,0.5703052587445765,2.2370339418562373,5898,0.6052334530528476,0.5621577963297886,2.443308083014103,5908,0.6062596203181119,-22.32627294345868,-10.031812551568041,True,True,-22.43822714321031,-14.214929570285362,True,True,-20.16464007191976,-22.081922853524727,True,True,36.98660195155146,47.64184774985913,False,False,-20.16464007191976,-22.081922853524727,True,True
15,CAMERA_LOCAL,OUTPUT,,29719,21376,16532,260,0.9961436490720655,OUTPUT,,OUTPUT,,True,9745,-24.964997652441212,-49.71223907800864,13.698884088717001,57.29063839067941,-3.2441755667595142,2.376651341708144,5.2773067183796805,6.63499155296055,0.5703052587445765,2.2370339418562373,5898,0.6052334530528476,0.5599036848895137,1.3390778796934675,5900,0.6054386865059005,-22.32627294345868,-9.499379335962455,True,True,-22.43822714321031,-10.21749515697923,True,True,-20.16464007191976,-14.62066699511,True,True,36.98660195155146,48.1961217817094,False,False,-20.16464007191976,-14.62066699511,True,True
16,WORLD_FIXED,OUTPUT,,29760,19384,14491,227,0.9902282356156895,OUTPUT,,OUTPUT,,True,9795,58.36812609221353,4.954226802332915,-26.332066288047702,64.22429619484848,-0.7226092319483054,-5.590889358680109,-3.697377204518925,6.74172130213016,0.5695674393123652,1.9386292544798684,5838,0.5960183767228178,0.5389922084320581,4.228332492061527,5838,0.5960183767228178,-20.90317397614183,1.2925363596404393,True,False,-21.631697855822306,13.663177047481657,True,False,-20.834523251153982,17.47810174439568,True,False,39.28627729390366,59.746340228251206,False,False,-20.834523251153982,17.47810174439568,True,False
16,CAMERA_LOCAL,OUTPUT,,29760,19384,14491,227,0.9902282356156895,OUTPUT,,OUTPUT,,True,9795,-130.1717316446389,-101.63889218768075,43.064494239608145,170.6742358665072,-6.156637616605117,10.148026457396998,6.960953778133849,13.760141904193523,0.5695674393123652,1.9386292544798684,5838,0.5960183767228178,0.5397709427992962,7.909187710195929,5838,0.5960183767228178,-20.90317397614183,-9.726853868461394,True,True,-21.631697855822306,8.553183831505384,True,False,-20.834523251153982,-2.8608235869465037,True,True,39.28627729390366,54.49363458478174,False,False,-20.834523251153982,-2.8608235869465037,True,True
17,WORLD_FIXED,OUTPUT,,29835,17231,12270,194,0.9967506092607636,OUTPUT,,FAILED,ValueError: refined plane exceeds maximum tilt,False,9843,112.44235786889047,-27.484264820759773,-23.95183870168036,118.20473439352843,-3.4984885329264763,-11.5796572824922,-7.302137941789136,14.129724106149743,,,,,,,,,,,,,,,,,,,,,,,,,,,,
17,CAMERA_LOCAL,OUTPUT,,29835,17231,12270,194,0.9967506092607636,OUTPUT,,OUTPUT,,True,9843,-105.08644672055533,-36.650024063851156,31.994443461131095,115.80168375555036,-2.6728181154774977,7.945688351248667,0.8092691085049158,8.422163412305284,0.569186815147852,1.9985992598499094,5727,0.5818348064614447,0.5405761049321357,6.200207440184543,5724,0.5815300213349589,-20.514906216121286,-6.584838999189602,True,True,-21.23454850213491,11.415760977688594,True,False,-20.096339200040838,12.570535260448601,True,False,41.35812936074401,54.92705173336421,False,False,-20.096339200040838,12.570535260448601,True,False
18,WORLD_FIXED,OUTPUT,,29904,16652,11586,183,0.9948480164863472,OUTPUT,,FAILED,ValueError: refined plane exceeds maximum tilt,False,9861,154.5947827262238,9.257046973429858,-34.4609525843935,158.65937418841798,-0.1515428122406792,-15.287058852947556,-6.819604003695716,16.73989642634167,,,,,,,,,,,,,,,,,,,,,,,,,,,,
18,CAMERA_LOCAL,OUTPUT,,29904,16652,11586,183,0.9948480164863472,OUTPUT,,FAILED,ValueError: no valid near-horizontal plane,False,9861,-543.2115085238028,394.8715978424734,796.8384543350907,1042.0910920272327,9.29582648343048,84.62373987411226,-36.470111390291336,92.61565075683333,,,,,,,,,,,,,,,,,,,,,,,,,,,,
19,WORLD_FIXED,OUTPUT,,29915,16638,11565,181,0.9930448222565688,OUTPUT,,FAILED,ValueError: refined plane exceeds maximum tilt,False,9753,460.5375676295144,142.34873253635988,44.201733693707375,484.0576475114788,13.111253742460836,-45.23233873066105,1.8425566807663127,47.130292348618944,,,,,,,,,,,,,,,,,,,,,,,,,,,,
19,CAMERA_LOCAL,FAILED,ValueError: 0 correspondences < 24,29915,16638,11565,181,0.9930448222565688,OUTPUT,,FAILED,correction unavailable,False,9753,,,,,,,,,,,,,,,,,,,,,,,,,,,,,,,,,,,,
20,WORLD_FIXED,OUTPUT,,29919,16566,11472,183,0.9945383615084525,OUTPUT,,FAILED,ValueError: no valid near-horizontal plane,False,9824,399.1270595292687,160.16000288241355,14.757223888878988,430.31547942025236,12.655624538103552,-38.816960249726925,12.125896529769395,42.59059288304171,,,,,,,,,,,,,,,,,,,,,,,,,,,,
20,CAMERA_LOCAL,FAILED,ValueError: 0 correspondences < 24,29919,16566,11472,183,0.9945383615084525,OUTPUT,,FAILED,correction unavailable,False,9824,,,,,,,,,,,,,,,,,,,,,,,,,,,,,,,,,,,,
21,WORLD_FIXED,OUTPUT,,29970,15785,10507,166,0.9927248677248677,OUTPUT,,OUTPUT,,True,9831,405.152284710579,154.11515541744066,18.186659437342627,433.8555168682701,13.52762174425509,-39.16696255224432,4.334560790461926,41.66336427691314,0.5673434169169809,1.9907823915261291,5676,0.5773573390296003,0.5993902282912639,8.394592518090331,1182,0.12023191943851083,-17.534499577284258,-62.275775081494956,True,True,-19.851242416289438,-56.937425788542214,True,True,-20.532093023713394,-77.01846732205408,True,True,45.60305895227068,1.506983437072451,False,False,-20.532093023713394,-77.01846732205408,True,True
21,CAMERA_LOCAL,FAILED,ValueError: 0 correspondences < 24,29970,15785,10507,166,0.9927248677248677,OUTPUT,,FAILED,correction unavailable,False,9831,,,,,,,,,,,,,,,,,,,,,,,,,,,,,,,,,,,,
22,WORLD_FIXED,OUTPUT,,30037,15507,10091,163,0.9837200233963735,OUTPUT,,OUTPUT,,True,9857,416.44453348093083,138.86687741660774,15.947187245982965,439.2771014868038,11.925875383355773,-40.37898760019818,4.399472733377156,42.332546623230904,0.5680484593648929,1.4303141899019118,5822,0.5906462412498732,0.6242367433570397,6.835883229069242,874,0.08866795170944507,-19.5060334746765,-76.0143427992792,True,True,-19.362926406353065,-86.4606294797553,True,True,-18.60499382018088,-83.61232249026484,True,True,43.49431431347528,-8.978923751182922,False,True,-18.60499382018088,-83.61232249026484,True,True
22,CAMERA_LOCAL,FAILED,ValueError: 0 correspondences < 24,30037,15507,10091,163,0.9837200233963735,OUTPUT,,FAILED,correction unavailable,False,9857,,,,,,,,,,,,,,,,,,,,,,,,,,,,,,,,,,,,
23,WORLD_FIXED,OUTPUT,,30122,15611,10229,161,0.9902226524685382,OUTPUT,,FAILED,ValueError: no valid near-horizontal plane,False,9880,449.21249503351703,-5.854165896832978,51.30201075131705,452.17035866995246,1.6338631598553068,-46.97515451539525,-14.343409142161951,49.14334172998257,,,,,,,,,,,,,,,,,,,,,,,,,,,,
23,CAMERA_LOCAL,FAILED,ValueError: 0 correspondences < 24,30122,15611,10229,161,0.9902226524685382,OUTPUT,,FAILED,correction unavailable,False,9880,,,,,,,,,,,,,,,,,,,,,,,,,,,,,,,,,,,,
24,WORLD_FIXED,OUTPUT,,30264,15965,10557,171,0.9916400526019162,OUTPUT,,FAILED,ValueError: refined plane exceeds maximum tilt,False,9951,367.7909718300983,167.5650131330065,5.091846421414655,404.195694541607,14.398795929167205,-35.678608600503466,8.714630006841368,39.44912181574974,,,,,,,,,,,,,,,,,,,,,,,,,,,,
24,CAMERA_LOCAL,FAILED,ValueError: 0 correspondences < 24,30264,15965,10557,171,0.9916400526019162,OUTPUT,,FAILED,correction unavailable,False,9951,,,,,,,,,,,,,,,,,,,,,,,,,,,,,,,,,,,,
25,WORLD_FIXED,OUTPUT,,30329,16410,11002,168,0.9943063714414822,OUTPUT,,OUTPUT,,True,10062,106.19903621885722,31.861114645831815,-33.90979836644605,115.94498844513296,2.0636316718144094,-10.102602902609219,-2.7941333756250626,10.683086745201765,0.567792358824353,1.6432512472195628,5824,0.5788113695090439,0.516667645268616,9.150934114062572,5821,0.5785132180481017,-18.507127022218462,3.0084507914474035,True,False,-19.619067727155937,34.320847741728834,True,False,-19.937656352824185,46.28205691302001,True,False,38.37618722006542,60.735637902021075,False,False,-19.937656352824185,46.28205691302001,True,False
25,CAMERA_LOCAL,OUTPUT,,30329,16410,11002,168,0.9943063714414822,OUTPUT,,FAILED,ValueError: no valid near-horizontal plane,False,10062,-564.1425580952107,323.0615706670732,715.4639095136758,966.7027516836176,5.768764964592032,78.14873600842847,-32.01250553893839,84.64811929282487,,,,,,,,,,,,,,,,,,,,,,,,,,,,
26,WORLD_FIXED,OUTPUT,,30408,17451,11947,183,0.9919461972766522,OUTPUT,,OUTPUT,,True,10045,477.2648832658898,305.6150254626801,102.31657571503831,575.8914778440546,27.619690093915214,-50.16637608390974,10.240374343252018,58.17540577397053,0.567824433930019,2.191679228810122,5694,0.5668491786958686,0.571449519828534,3.3557596720236176,1104,0.1099054255848681,-18.44549870407086,-29.494303009456324,True,True,-20.402770890363797,-22.025782189270426,True,True,-20.106864413003798,-13.69255742085873,True,True,35.16647116720739,24.897344979229352,False,False,-20.106864413003798,-13.69255742085873,True,True
26,CAMERA_LOCAL,FAILED,ValueError: 0 correspondences < 24,30408,17451,11947,183,0.9919461972766522,OUTPUT,,FAILED,correction unavailable,False,10045,,,,,,,,,,,,,,,,,,,,,,,,,,,,,,,,,,,,
27,WORLD_FIXED,OUTPUT,,30377,17643,12029,191,0.9889829811724081,OUTPUT,,FAILED,ValueError: no valid near-horizontal plane,False,10002,276.6714897250306,310.2254618923685,5.764258839468926,415.7164624031258,26.483940657125657,-30.919568159754053,26.851213542867214,48.76890891377913,,,,,,,,,,,,,,,,,,,,,,,,,,,,
27,CAMERA_LOCAL,FAILED,ValueError: 0 correspondences < 24,30377,17643,12029,191,0.9889829811724081,OUTPUT,,FAILED,correction unavailable,False,10002,,,,,,,,,,,,,,,,,,,,,,,,,,,,,,,,,,,,
28,WORLD_FIXED,OUTPUT,,30421,18113,12432,196,0.9844789356984479,OUTPUT,,OUTPUT,,True,9953,234.95518566298767,341.220381041043,21.86958846163513,414.8657211763885,31.184933215899967,-28.436807102949107,29.374527435558637,51.41998560825221,0.5702517944032106,1.8612690922411117,5813,0.5840450115543052,0.598305712242162,8.212421213726149,1142,0.1147392745905757,-22.016465127276508,-43.39089695166187,True,True,-21.822194431182385,-64.96320886684003,True,True,-20.351261586358028,-87.28938913883488,True,True,26.814071996916987,5.26401509931429,False,False,-20.351261586358028,-87.28938913883488,True,True
28,CAMERA_LOCAL,FAILED,ValueError: 0 correspondences < 24,30421,18113,12432,196,0.9844789356984479,OUTPUT,,FAILED,correction unavailable,False,9953,,,,,,,,,,,,,,,,,,,,,,,,,,,,,,,,,,,,
29,WORLD_FIXED,OUTPUT,,30508,18405,12865,197,0.9919808774770607,OUTPUT,,OUTPUT,,True,9902,85.79866775797092,21.629104824060796,-32.683969785812714,94.32640905649279,0.947344160120234,-8.16085937076732,-0.42483131530373125,8.226637725925299,0.568620274452732,1.5728299440841054,5693,0.5749343566956171,0.5249156244912809,7.333598153590353,5694,0.5750353463946677,-20.25810647503201,3.790597392044015,True,False,-20.06540384626254,27.26313534539415,True,False,-19.368081605187438,36.44809525558912,True,False,27.10596539561361,50.88123106834741,False,False,-19.368081605187438,36.44809525558912,True,False
29,CAMERA_LOCAL,OUTPUT,,30508,18405,12865,197,0.9919808774770607,OUTPUT,,FAILED,ValueError: no valid near-horizontal plane,False,9902,-487.69780823165985,380.60246985762046,1012.9806468663891,1186.9444734870851,34.36632248948629,92.86720698778869,-18.188475073828638,100.67861183327591,,,,,,,,,,,,,,,,,,,,,,,,,,,,
30,WORLD_FIXED,OUTPUT,,30530,18202,12586,195,0.988688138256088,OUTPUT,,OUTPUT,,True,9995,68.70605757328734,8.84700008170006,-28.305433761592695,74.83307649790558,0.06504442574612568,-7.0794185955949365,-2.916421734817362,7.65688671486598,0.5684521728068707,1.298543882708135,5849,0.5851925962981491,0.5325985393822349,6.4070957644425155,5849,0.5851925962981491,-20.047540842646484,0.13556987305507473,True,False,-19.439560633135677,19.856514826714466,True,False,-18.320883949639043,25.63775530122614,True,False,26.551194397980595,46.1121930220193,False,False,-18.320883949639043,25.63775530122614,True,False
30,CAMERA_LOCAL,OUTPUT,,30530,18202,12586,195,0.988688138256088,OUTPUT,,OUTPUT,,True,9995,-78.76447890238668,13.163136072534149,28.28308956726202,84.71743883934603,0.6344065568159347,6.171322700637301,-1.3128167701627642,6.341228857780872,0.5684521728068707,1.298543882708135,5849,0.5851925962981491,0.5399101402803979,5.871097753990367,5850,0.5852926463231616,-20.047540842646484,-6.749116412538281,True,True,-19.439560633135677,12.685570785214706,True,False,-18.320883949639043,22.415779376282362,True,False,26.551194397980595,39.882541048969486,False,False,-18.320883949639043,22.415779376282362,True,False
31,WORLD_FIXED,OUTPUT,,30619,18246,12639,197,0.9899741521109109,OUTPUT,,FAILED,ValueError: no valid near-horizontal plane,False,10055,299.3161970341211,280.34447512430546,13.525231017806158,410.3244355553007,24.822529631400926,-31.78754740144683,19.518311897012605,44.80592200156214,,,,,,,,,,,,,,,,,,,,,,,,,,,,
31,CAMERA_LOCAL,FAILED,ValueError: 0 correspondences < 24,30619,18246,12639,197,0.9899741521109109,OUTPUT,,FAILED,correction unavailable,False,10055,,,,,,,,,,,,,,,,,,,,,,,,,,,,,,,,,,,,
32,WORLD_FIXED,OUTPUT,,30575,18231,12575,198,0.995487650411653,OUTPUT,,OUTPUT,,True,10167,65.5136619175358,41.157135067773815,-28.07466498488005,82.30514248116826,4.160297835215002,-6.238033836101934,7.3332193352609965,10.487957381544462,0.5687710156929444,1.7279614169911595,5893,0.579620340316711,0.5315543860105006,7.3311580393778835,5892,0.579521982885807,-19.97352295725974,-6.374235907819492,True,True,-20.315691895700596,18.879324054634218,True,False,-18.121451385346155,37.534093393773894,True,False,23.079029686078666,40.98322892126194,False,False,-18.121451385346155,37.534093393773894,True,False
32,CAMERA_LOCAL,OUTPUT,,30575,18231,12575,198,0.995487650411653,OUTPUT,,OUTPUT,,True,10167,-54.99348774532103,-1.0344114276572303,21.996953708676184,59.23866704997746,-1.0350222694193645,4.691284059675362,-7.109614742756542,8.580561695901926,0.5687710156929444,1.7279614169911595,5893,0.579620340316711,0.5430166289856178,5.379089800084075,5890,0.5793252680239992,-19.97352295725974,-7.132744816179204,True,True,-20.315691895700596,9.758065418548178,True,False,-18.121451385346155,15.852948990898842,True,False,23.079029686078666,34.745408828905425,False,False,-18.121451385346155,15.852948990898842,True,False
33,WORLD_FIXED,OUTPUT,,30698,18179,12437,196,0.9868285328889946,OUTPUT,,OUTPUT,,True,10291,378.42145320327086,130.39517521038567,10.710940572984873,400.400327435656,13.15794647129288,-36.04080911785056,-7.378650053602622,39.070653358042,0.5681254792828281,1.6391588738167113,5948,0.5779807598872801,0.6240418505925681,6.292573063269658,1173,0.11398309202215529,-18.802761610764662,-67.22326125764077,True,True,-19.776145099158924,-85.81322081030007,True,True,-18.477190730840974,-102.07406963296806,True,True,24.293592534882503,-24.670248514903736,False,True,-18.477190730840974,-102.07406963296806,True,True
33,CAMERA_LOCAL,FAILED,ValueError: 0 correspondences < 24,30698,18179,12437,196,0.9868285328889946,OUTPUT,,FAILED,correction unavailable,False,10291,,,,,,,,,,,,,,,,,,,,,,,,,,,,,,,,,,,,
34,WORLD_FIXED,OUTPUT,,30817,18310,12781,195,0.9971134342331097,OUTPUT,,FAILED,ValueError: no valid near-horizontal plane,False,10514,356.3691661201488,90.56427241612724,-14.560326892966835,367.984881644155,8.907222025907334,-33.718974557814455,-6.691763914088596,35.51179457210302,,,,,,,,,,,,,,,,,,,,,,,,,,,,
34,CAMERA_LOCAL,FAILED,ValueError: 0 correspondences < 24,30817,18310,12781,195,0.9971134342331097,OUTPUT,,FAILED,correction unavailable,False,10514,,,,,,,,,,,,,,,,,,,,,,,,,,,,,,,,,,,,
35,WORLD_FIXED,OUTPUT,,31008,18448,12631,199,0.9874912047533422,OUTPUT,,OUTPUT,,True,10764,342.8875335325069,64.97457199727211,-19.101080494092017,349.51166923906345,6.510991586821,-32.460043940042894,-11.086398201419735,34.913545925809544,0.5675993462357818,1.4282993794168053,6292,0.5845410628019324,0.5441058020882429,6.329073146365948,945,0.08779264214046822,-18.019132518381497,-14.495381935454077,True,True,-19.02881133752232,7.76227211173719,True,False,-18.232228109206105,23.03596587385359,True,False,24.67017923065462,29.68919079703014,False,False,-18.232228109206105,23.03596587385359,True,False
35,CAMERA_LOCAL,OUTPUT,,31008,18448,12631,199,0.9874912047533422,OUTPUT,,OUTPUT,,True,10764,-131.26015293271158,-111.23514327250625,54.75091188132639,180.55510848106897,-6.736022829376156,10.668126952783622,7.402729755312181,14.628169539240702,0.5675993462357818,1.4282993794168053,6292,0.5845410628019324,0.5277667781791245,8.948635728288624,6394,0.594017094017094,-18.019132518381497,-3.512548632013557,True,True,-19.02881133752232,19.861384735514463,True,False,-18.232228109206105,18.510122007187935,True,False,24.67017923065462,43.329460112423334,False,False,-18.232228109206105,18.510122007187935,True,False
36,WORLD_FIXED,OUTPUT,,31199,18553,12677,194,0.9947426239799121,OUTPUT,,OUTPUT,,True,11139,103.39031273140503,-5.834729393471129,-29.470185777143172,107.66658108964036,-1.1390821279599181,-10.256680995361595,-4.03416363482196,11.080229662212304,0.568982374986843,2.077021034353509,6604,0.592871891552204,0.5236728520379067,9.040021053508646,6607,0.593141215548972,-18.653189881441268,-5.174580311750332,True,True,-20.817849632826512,26.91899674553433,True,False,-18.36189306565894,41.5967942415133,True,False,24.21195762260686,40.79068791404084,False,False,-18.36189306565894,40.79068791404084,True,False
36,CAMERA_LOCAL,OUTPUT,,31199,18553,12677,194,0.9947426239799121,OUTPUT,,OUTPUT,,True,11139,-88.63034952203935,-60.11886521805429,28.56210556787234,110.83957184135873,-3.3459372150984237,6.646014140720253,7.489132000062044,10.557078095779508,0.568982374986843,2.077021034353509,6604,0.592871891552204,0.5477221655799197,3.7016030099690096,6602,0.5926923422210252,-18.653189881441268,-4.909656071396151,True,True,-20.817849632826512,4.561196399362477,True,False,-18.36189306565894,5.893848934450663,True,False,24.21195762260686,36.039887898634774,False,False,-18.36189306565894,5.893848934450663,True,False
37,WORLD_FIXED,OUTPUT,,31238,18657,12670,197,0.9972451790633609,OUTPUT,,FAILED,ValueError: refined plane exceeds maximum tilt,False,11458,334.39499286651443,-17.775227496904485,-13.786691669143254,335.15077626934266,-0.7690465893409882,-33.02577214310216,-18.846512774043045,38.03267150815004,,,,,,,,,,,,,,,,,,,,,,,,,,,,
37,CAMERA_LOCAL,OUTPUT,,31238,18657,12670,197,0.9972451790633609,OUTPUT,,FAILED,ValueError: refined plane exceeds maximum tilt,False,11458,-417.4682757610581,-146.65814958837342,254.37310057371647,510.3861757562431,-10.622575513168828,36.898827664856626,5.277559348359777,38.75842135909591,,,,,,,,,,,,,,,,,,,,,,,,,,,,
38,WORLD_FIXED,OUTPUT,,32027,19839,13944,220,0.9962846527579309,OUTPUT,,FAILED,ValueError: no valid near-horizontal plane,False,11758,258.83244358211863,34.43691950143513,-39.92168356701817,264.14745142488897,3.3560553744744643,-25.676148244184063,-22.762598181893956,34.47700062830607,,,,,,,,,,,,,,,,,,,,,,,,,,,,
38,CAMERA_LOCAL,OUTPUT,,32027,19839,13944,220,0.9962846527579309,OUTPUT,,OUTPUT,,True,11758,-146.7564098967105,-161.62965006071587,61.87958450652292,226.91555831017996,-8.864819383553757,12.425327546581068,14.956527352940046,21.369873602857375,0.5687972594472355,1.9803772223852931,6961,0.592022452798095,0.5322267425296252,9.500341209423919,6744,0.5735669331518966,-9.047831078365709,0.5369405256349102,True,False,-20.199259676993652,11.572294683840912,True,False,-15.508469154844938,4.320529377602966,True,False,28.12216242101584,46.54136490037419,False,False,-15.508469154844938,4.320529377602966,True,False
39,WORLD_FIXED,OUTPUT,,32988,21435,15669,243,0.9989799171182658,OUTPUT,,FAILED,ValueError: no valid near-horizontal plane,False,12042,267.15564111897237,50.008121392098865,-27.911227222330687,273.22515512286316,4.656199010215961,-25.876285074048337,-26.61216089204648,37.40948309988152,,,,,,,,,,,,,,,,,,,,,,,,,,,,
39,CAMERA_LOCAL,OUTPUT,,32988,21435,15669,243,0.9989799171182658,OUTPUT,,OUTPUT,,True,12042,-124.28780129796083,-200.7433183651848,63.09748375099559,244.39032279420246,-10.058345764025077,11.568152971005413,22.697367689933134,27.389103357380705,0.5667577623496599,1.749810135557565,7127,0.5918452084371367,0.5392561483336922,9.033793926697674,7132,0.5922604218568344,-1.440615037818893,3.5587025465694255,True,False,-18.793039836443093,2.2680681595594887,True,False,-14.353443973195157,-7.739424023695762,True,True,34.96606061976526,48.705887027031714,False,False,-14.353443973195157,-7.739424023695762,True,True
40,WORLD_FIXED,OUTPUT,,33754,22638,16871,261,0.9976346756548992,OUTPUT,,FAILED,ValueError: refined plane exceeds maximum tilt,False,12218,-1.1478920559584334,-109.64506564564127,7.805049660986323,109.9285080259874,-13.180124772921111,-0.9894707659695708,-9.923514789696819,16.527882115014272,,,,,,,,,,,,,,,,,,,,,,,,,,,,
40,CAMERA_LOCAL,OUTPUT,,33754,22638,16871,261,0.9976346756548992,OUTPUT,,OUTPUT,,True,12218,-37.96443044098611,-176.47979627339964,29.14332271160536,182.8544495769296,-11.331885963418602,4.0079702605389445,12.793411915991236,17.554112154977098,0.5678546120084627,1.9106718408617391,7359,0.6023080700605664,0.5542003465550001,9.225973970444104,7367,0.602962841708954,-2.4870545112400944,1.433371733208566,True,False,-19.794097605537964,-17.86226350622244,True,True,-9.811314184647756,-33.20126801310974,True,True,40.88291385105669,49.7257576322927,False,False,-9.811314184647756,-33.20126801310974,True,True
41,WORLD_FIXED,OUTPUT,,34932,24555,18673,293,0.9949381926683717,OUTPUT,,OUTPUT,,True,12227,15.18247079191241,-11.699759171944415,-10.020286765108535,21.628636824445966,-6.007111849253684,-3.356221529966024,-24.656207110346156,25.598401606270965,0.5676106184013167,1.9144184291216577,7381,0.6036640222458494,0.5563248870086626,4.907540037771232,7381,0.6036640222458494,2.244684805012498,4.619737352681508,False,False,-19.586230164338026,-8.87869809619113,True,True,-9.501174607139173,-10.679550404494753,True,True,48.93945519344356,55.363777513100956,False,False,-9.501174607139173,-10.679550404494753,True,True
41,CAMERA_LOCAL,OUTPUT,,34932,24555,18673,293,0.9949381926683717,OUTPUT,,OUTPUT,,True,12227,-98.6739544449307,-151.39845325899574,35.89187967000802,184.2451300883226,-6.448093390435902,8.382518694049958,22.92309671109873,25.245056760765376,0.5676106184013167,1.9144184291216577,7381,0.6036640222458494,0.555228330804442,4.41562557064684,7380,0.6035822360350045,2.244684805012498,4.423077083457905,False,False,-19.586230164338026,-6.382665122772302,True,True,-9.501174607139173,-5.653255030382054,True,True,48.93945519344356,55.399810256387184,False,False,-9.501174607139173,-5.653255030382054,True,True
42,WORLD_FIXED,OUTPUT,,36344,25294,19051,298,0.9974345549738219,OUTPUT,,OUTPUT,,True,12390,45.125387826144376,100.90729947605968,-8.296208688216936,110.84859400375623,5.678962812340198,-3.501660634614895,-21.768914698594962,22.768352882425603,0.566659656066497,1.5981648651075628,7394,0.596771589991929,0.5446642710573831,7.17361076447277,7388,0.5962873284907183,9.113321204709536,11.272123562379054,False,False,-18.390883358429534,4.752221420927905,True,False,-10.325658140978412,32.89773889915637,True,False,53.1433751211936,57.111631693332555,False,False,-10.325658140978412,32.89773889915637,True,False
42,CAMERA_LOCAL,OUTPUT,,36344,25294,19051,298,0.9974345549738219,OUTPUT,,OUTPUT,,True,12390,-115.54854841035831,27.100809685780497,31.592385687857153,122.81693596086873,4.962851233374664,7.83901979270897,11.072090351620018,14.445459786020258,0.566659656066497,1.5981648651075628,7394,0.596771589991929,0.5456073651251552,7.7892283244801535,7389,0.5963680387409201,9.113321204709536,8.243688792147985,False,False,-18.390883358429534,3.4079802820861094,True,False,-10.325658140978412,33.21195226589224,True,False,53.1433751211936,54.24084080158531,False,False,-10.325658140978412,33.21195226589224,True,False
43,WORLD_FIXED,OUTPUT,,37474,29670,23469,364,0.9988083585138529,OUTPUT,,OUTPUT,,True,12201,49.42392701910817,74.0866945161811,-11.357114253106207,89.78054861985515,3.9924329837889987,-4.45051820574671,-17.011877419402712,18.031932973547594,0.5675370728796331,1.9520325202624516,7371,0.6041308089500861,0.5465136437611937,6.283880715163326,7374,0.6043766904352103,14.71707088091545,17.814479161919362,False,False,-19.633970006088575,4.287705944023834,True,False,-10.245376949106323,28.95897756403376,True,False,59.523693429530454,65.14351760437565,False,False,-10.245376949106323,28.95897756403376,True,False
43,CAMERA_LOCAL,OUTPUT,,37474,29670,23469,364,0.9988083585138529,OUTPUT,,OUTPUT,,True,12201,-106.290629605894,-67.94923591457238,28.593048527821466,129.35362007885948,-0.475032039142307,7.869589450162425,20.53377475244101,21.99527219964107,0.5675370728796331,1.9520325202624516,7371,0.6041308089500861,0.5537200055140729,3.076594197242408,7371,0.6041308089500861,14.71707088091545,17.80762918994927,False,False,-19.633970006088575,-1.7352462627823195,True,True,-10.245376949106323,13.764680075896486,True,False,59.523693429530454,64.55684002625073,False,False,-10.245376949106323,13.764680075896486,True,False
44,WORLD_FIXED,OUTPUT,,38484,31654,25790,401,0.9990315707921751,OUTPUT,,OUTPUT,,True,11517,45.630415030226686,115.55550652109231,-10.780772407255753,124.70539249316363,8.351717712968684,-3.8087488424159477,-9.835632583701916,13.453528341044905,0.5666096238023077,1.9855817148356822,7086,0.6152643917686897,0.5354182253320736,9.534797109238504,7082,0.6149170791004602,21.107643713127345,33.520547803917225,False,False,-19.091448463574913,9.682023061295286,True,False,-8.480690982807015,41.31571822700519,True,False,62.94964565863703,75.76075799670056,False,False,-8.480690982807015,41.31571822700519,True,False
44,CAMERA_LOCAL,OUTPUT,,38484,31654,25790,401,0.9990315707921751,OUTPUT,,FAILED,ValueError: refined plane exceeds maximum tilt,False,11517,-116.19592974681,45.3869015754015,47.239878610666594,133.39067079631658,7.557797681249678,8.425497238938085,12.625225231094387,16.955990730414978,,,,,,,,,,,,,,,,,,,,,,,,,,,,
45,WORLD_FIXED,OUTPUT,,39128,33341,27684,431,0.9989896073903002,OUTPUT,,FAILED,ValueError: refined plane exceeds maximum tilt,False,10837,-30.957263443525566,136.96431644491588,2.9064561570072924,140.4493632115415,10.060034058400607,3.4141594267760547,-7.384201312401862,12.937820483748466,,,,,,,,,,,,,,,,,,,,,,,,,,,,
45,CAMERA_LOCAL,OUTPUT,,39128,33341,27684,431,0.9989896073903002,OUTPUT,,OUTPUT,,True,10837,-68.09038874786901,140.6129070575708,57.82525635054922,166.5894682836334,14.905349317757102,4.417654645241347,8.710627665218402,17.820217315483355,0.5680708735759407,2.1190383106032327,6833,0.6305250530589647,0.5830613952953447,5.9696853015438425,1594,0.14708867767832426,17.653502735521908,4.212284346470585,False,False,-20.428063614348236,-44.83723896282299,True,True,-7.5093046936962615,-37.013088209347345,True,True,61.45597711754347,51.39162839993505,False,False,-7.5093046936962615,-37.013088209347345,True,True
46,WORLD_FIXED,OUTPUT,,39847,34025,27725,437,0.9993872107274169,OUTPUT,,FAILED,ValueError: no valid near-horizontal plane,False,10190,-192.28872891044492,-56.57384243985881,52.16972035174305,207.11647601285517,-6.582309655529141,18.81981907000128,-0.6837672281602427,19.949434273962805,,,,,,,,,,,,,,,,,,,,,,,,,,,,
46,CAMERA_LOCAL,OUTPUT,,39847,34025,27725,437,0.9993872107274169,OUTPUT,,FAILED,ValueError: refined plane exceeds maximum tilt,False,10190,122.99837048082571,-13.187446094783406,6.677427227363726,123.88339642509811,-0.5527361253851243,-10.77948666895971,5.00722138439339,11.898534198081387,,,,,,,,,,,,,,,,,,,,,,,,,,,,
47,WORLD_FIXED,OUTPUT,,40429,34423,28042,436,0.9997504367357125,OUTPUT,,OUTPUT,,True,9692,-223.49607382435315,-42.5836267758733,63.45658862002239,236.20033641715742,-5.971596982487721,21.836759102612344,-2.1567275672963273,22.741053019293446,0.5680049032141467,2.322298996052892,6378,0.6580685101114321,0.6945841832019897,5.149162087264147,1524,0.15724308708212958,17.80312272317941,-121.16754734096058,False,True,-20.90805225111758,-144.7216831124535,True,True,-12.261320249151053,-132.96568911391148,True,True,63.56202093482865,-80.79830729893777,False,True,-12.261320249151053,-132.96568911391148,True,True
47,CAMERA_LOCAL,OUTPUT,,40429,34423,28042,436,0.9997504367357125,OUTPUT,,OUTPUT,,True,9692,262.0229084009851,-30.171636064831752,34.52247840442513,266.00401061811766,-2.27713828342177,-22.134875091820177,5.8448762489818735,23.00653455995098,0.5680049032141467,2.322298996052892,6378,0.6580685101114321,0.6955738683763725,4.690287538759068,1528,0.15765579859678086,17.80312272317941,-121.10339245658608,False,True,-20.90805225111758,-145.38038544388576,True,True,-12.261320249151053,-134.08378817309784,True,True,63.56202093482865,-80.37198837400783,False,True,-12.261320249151053,-134.08378817309784,True,True
48,WORLD_FIXED,OUTPUT,,40720,33456,26195,405,0.9994658323476668,OUTPUT,,OUTPUT,,True,9645,-12.20914979543166,-46.22868736791977,-4.25888655963901,48.003051873980134,-3.91385664806204,0.9887045429629157,2.334352533750513,4.663154756887485,0.568822276962934,2.219854934658874,6376,0.6610679108346293,0.5619282417282468,3.7225487388366756,6373,0.6607568688439606,17.627623745830267,20.436505061774525,False,False,-21.308053417908756,-17.152652190052464,True,True,-11.99041562715719,-13.129950839542047,True,True,56.19375213780098,59.96114010636455,False,False,-11.99041562715719,-13.129950839542047,True,True
48,CAMERA_LOCAL,OUTPUT,,40720,33456,26195,405,0.9994658323476668,OUTPUT,,OUTPUT,,True,9645,22.07789490345738,-47.993783174650936,2.728857120703097,52.89880270827241,-4.285333787458147,-1.9665743429216762,-1.6843795846771288,5.006858785850198,0.568822276962934,2.219854934658874,6376,0.6610679108346293,0.5614165113922802,4.155947890147823,6373,0.6607568688439606,17.627623745830267,19.934074888202314,False,False,-21.308053417908756,-17.200029709325328,True,True,-11.99041562715719,-13.593972857941061,True,True,56.19375213780098,59.423290194557055,False,False,-11.99041562715719,-13.593972857941061,True,True
49,WORLD_FIXED,OUTPUT,,41012,33514,25854,404,0.9996133622022889,OUTPUT,,OUTPUT,,True,9746,-34.69714952473306,-7.149378187539299,-0.7454098371259662,35.43390226090587,-0.5741530844027887,3.044755882243335,2.0136286276293864,3.6952524131367843,0.5700722741435098,2.335916517272982,6374,0.6540119023189,0.5667270739645854,4.690267156831383,6373,0.6539092961214857,15.25568771821506,20.424757578232366,False,False,-22.422328727694342,-25.040415838452624,True,True,-13.260449804909701,-19.42856996012732,True,True,54.47991773341154,61.57431077334563,False,False,-13.260449804909701,-19.42856996012732,True,True
49,CAMERA_LOCAL,OUTPUT,,41012,33514,25854,404,0.9996133622022889,OUTPUT,,OUTPUT,,True,9746,40.80085362540514,2.9680372245946676,3.3564971210774837,41.0461322715322,0.3103535889829014,-3.4990536299062778,-1.258764962399958,3.7315124126445878,0.5700722741435098,2.335916517272982,6374,0.6540119023189,0.5669556110984829,4.973849203918221,6372,0.6538066899240714,15.25568771821506,20.5959260306825,False,False,-22.422328727694342,-25.788639057247043,True,True,-13.260449804909701,-19.957086450821393,True,True,54.47991773341154,61.7318708882072,False,False,-13.260449804909701,-19.957086450821393,True,True
50,WORLD_FIXED,OUTPUT,,41070,33190,25631,403,0.9980530353179393,OUTPUT,,OUTPUT,,True,9792,-57.765738697739955,-29.565538420712326,4.373301380733733,65.03942953600465,-2.3808812466655174,5.000723400439018,3.350996709412861,6.4734078339710495,0.5685379695427869,2.310327060454445,6508,0.6646241830065359,0.5651774641200319,7.087237677636004,6512,0.6650326797385621,16.63810528932941,19.310827940256626,False,False,-21.446716638867326,-30.60390527848822,True,True,-12.226335297231273,-27.113683422417377,True,True,55.68222984139049,61.98758881936983,False,False,-12.226335297231273,-27.113683422417377,True,True
50,CAMERA_LOCAL,OUTPUT,,41070,33190,25631,403,0.9980530353179393,OUTPUT,,OUTPUT,,True,9792,75.50208050765261,-10.490981235288285,1.6586292035577856,76.24549756607351,-0.7373694076202597,-6.645671063667096,-1.5030131697787275,6.853298922291709,0.5685379695427869,2.310327060454445,6508,0.6646241830065359,0.565658347127826,8.1126690483151,6513,0.6651348039215687,16.63810528932941,19.582946903128008,False,False,-21.446716638867326,-34.13862974171644,True,True,-12.226335297231273,-30.644462232986225,True,True,55.68222984139049,62.67648515239777,False,False,-12.226335297231273,-30.644462232986225,True,True
51,WORLD_FIXED,OUTPUT,,41068,33164,25557,401,0.9981643493204186,OUTPUT,,FAILED,ValueError: refined plane exceeds maximum tilt,False,9600,-97.35698851723329,-103.6519512984231,21.04053199350958,143.75261461164897,-8.818124306111208,8.843736120884762,5.134070866746664,13.502950363481602,,,,,,,,,,,,,,,,,,,,,,,,,,,,
51,CAMERA_LOCAL,OUTPUT,,41068,33164,25557,401,0.9981643493204186,OUTPUT,,OUTPUT,,True,9600,84.37285378574023,-82.75637500751519,0.4476195969782744,118.18458623542236,-6.989153139683654,-7.567400621383343,-4.054254022019934,11.070266006267767,0.5695192031907679,2.4093769361753177,6502,0.6772916666666666,0.5646919760833689,9.437347047580044,6477,0.6746875,18.0746683704619,12.358095136365655,False,False,-22.217299596805407,-36.31130064703258,True,True,-10.991408699559724,-35.65126169887278,True,True,55.358687121319974,55.52097846559534,False,False,-10.991408699559724,-35.65126169887278,True,True
52,WORLD_FIXED,OUTPUT,,41409,33126,25581,399,0.9989066343863485,OUTPUT,,OUTPUT,,True,9663,-238.39893874861258,-186.71316118528657,93.77466786792927,317.0008626013626,-16.043447605390952,23.762836048589698,7.743613041515862,29.698958417355534,0.5701825774844268,2.6199037313389715,6550,0.6778433198799545,0.6893760992230803,5.147913382231611,775,0.08020283555831523,21.68665603364961,-114.96220619246455,False,True,-23.22338861492723,-136.66555885790265,True,True,-8.044001149988823,-115.16947107860587,True,True,58.16632254260479,-78.53034580609652,False,True,-8.044001149988823,-115.16947107860587,True,True
52,CAMERA_LOCAL,OUTPUT,,41409,33126,25581,399,0.9989066343863485,OUTPUT,,FAILED,ValueError: refined plane exceeds maximum tilt,False,9663,251.68790286246957,-106.60316709407748,36.9865455529733,275.8242923198352,-8.321829312482597,-22.426272459894967,-6.099314476914812,24.68586997939997,,,,,,,,,,,,,,,,,,,,,,,,,,,,
53,WORLD_FIXED,OUTPUT,,41971,33221,25552,401,0.9993351323868748,OUTPUT,,FAILED,ValueError: no valid near-horizontal plane,False,9519,-223.40564190712453,-90.21833046156017,68.7997306969168,250.56502335955417,-6.80295281871043,21.139122966272886,6.7341736635833325,23.205425696765516,,,,,,,,,,,,,,,,,,,,,,,,,,,,
53,CAMERA_LOCAL,OUTPUT,,41971,33221,25552,401,0.9993351323868748,OUTPUT,,FAILED,ValueError: refined plane exceeds maximum tilt,False,9519,103.88015384771401,-55.402412297282055,-0.06519393904260183,117.73070076251331,-4.420762795311656,-9.131040324773808,-1.0992821403297615,10.204286468396754,,,,,,,,,,,,,,,,,,,,,,,,,,,,
54,WORLD_FIXED,OUTPUT,,42501,33395,25565,404,0.9995308284787113,OUTPUT,,FAILED,ValueError: no valid near-horizontal plane,False,9483,227.72912076662826,-227.44871567427896,39.62195701488373,324.28902260901435,-21.297682025134336,-20.102911841241188,2.1998396352614926,29.369331258326476,,,,,,,,,,,,,,,,,,,,,,,,,,,,
54,CAMERA_LOCAL,OUTPUT,,42501,33395,25565,404,0.9995308284787113,OUTPUT,,FAILED,ValueError: no valid near-horizontal plane,False,9483,-240.82471130450833,-272.56428894307544,123.49812392924815,384.10886451107586,-27.31396019438696,21.588208254159944,-7.832557661497905,35.685460857977226,,,,,,,,,,,,,,,,,,,,,,,,,,,,
55,WORLD_FIXED,OUTPUT,,42902,34693,26543,418,0.9990214159358651,OUTPUT,,FAILED,ValueError: no valid near-horizontal plane,False,9471,-512.8665382645676,-173.96773813043438,473.5828159403586,719.4286229610968,5.1523591905704915,68.95198204767259,31.300965310526916,75.89909790571971,,,,,,,,,,,,,,,,,,,,,,,,,,,,
55,CAMERA_LOCAL,OUTPUT,,42902,34693,26543,418,0.9990214159358651,OUTPUT,,FAILED,ValueError: no valid near-horizontal plane,False,9471,584.5919085241082,-32.72693227802266,247.78786310787157,635.7810760881099,7.868999591005847,-55.931568350875196,-25.80732990032636,62.098951435077815,,,,,,,,,,,,,,,,,,,,,,,,,,,,
56,WORLD_FIXED,OUTPUT,,43464,36615,27823,446,0.9978839394591493,OUTPUT,,FAILED,ValueError: no valid near-horizontal plane,False,9159,404.1185444638021,-330.8192890813214,175.0679855016282,550.8193892333595,-32.23265173370109,-38.23350706243028,-1.9334520851431554,50.044811289928084,,,,,,,,,,,,,,,,,,,,,,,,,,,,
56,CAMERA_LOCAL,OUTPUT,,43464,36615,27823,446,0.9978839394591493,OUTPUT,,OUTPUT,,True,9159,635.7761682260957,-106.81785731467008,354.7773403863141,735.8589212458735,1.7696167578474533,-67.5288556820199,-22.30656254559562,71.13972607336422,0.5701610582584783,2.405615265164749,6171,0.6737635113003603,0.530918193199093,8.570416895465426,330,0.036030134294136915,38.41330073227789,78.91384896827758,False,False,-22.1475468645691,12.660333120545154,True,False,8.341873500589347,59.34032156705382,False,False,73.86593765351168,113.16844255882464,False,False,8.341873500589347,59.34032156705382,False,False
57,WORLD_FIXED,OUTPUT,,45294,39716,30192,471,0.9953515972702996,OUTPUT,,FAILED,ValueError: refined plane exceeds maximum tilt,False,9028,145.17821399046528,-340.9636714918504,80.14728361076243,379.1523785562314,-31.63925200209241,-11.230217759746461,6.952458834934487,34.28551796363433,,,,,,,,,,,,,,,,,,,,,,,,,,,,
57,CAMERA_LOCAL,OUTPUT,,45294,39716,30192,471,0.9953515972702996,OUTPUT,,FAILED,ValueError: refined plane exceeds maximum tilt,False,9028,-66.70649939135754,-332.20281559732535,80.18110338062063,348.19172461615665,-31.65156927681828,4.577376553325037,-9.389516084948724,33.33072495619721,,,,,,,,,,,,,,,,,,,,,,,,,,,,
58,WORLD_FIXED,OUTPUT,,46594,41911,32410,508,0.9969853574504737,OUTPUT,,FAILED,ValueError: refined plane exceeds maximum tilt,False,8769,115.99254704215187,-407.8690527121622,120.72429258362449,440.8920388819228,-38.19353931930894,-8.87800716390494,5.370053258789068,39.57780854140584,,,,,,,,,,,,,,,,,,,,,,,,,,,,
58,CAMERA_LOCAL,OUTPUT,,46594,41911,32410,508,0.9969853574504737,OUTPUT,,FAILED,ValueError: refined plane exceeds maximum tilt,False,8769,-37.799518841631176,-400.70341340237326,113.6775767370168,418.22795290340457,-38.34851540168571,2.23787281933321,-6.177769577537623,38.90734564606002,,,,,,,,,,,,,,,,,,,,,,,,,,,,
59,WORLD_FIXED,OUTPUT,,47840,44621,35578,550,0.9959131116336356,OUTPUT,,FAILED,ValueError: no valid near-horizontal plane,False,8704,107.22637307043911,-453.3172189358131,156.26272153122804,491.33698640127534,-42.84285494026848,-8.21697131701442,4.85361617498543,43.89289722758804,,,,,,,,,,,,,,,,,,,,,,,,,,,,
59,CAMERA_LOCAL,OUTPUT,,47840,44621,35578,550,0.9959131116336356,OUTPUT,,FAILED,ValueError: no valid near-horizontal plane,False,8704,3.1502469739834327,-448.37326054651305,144.12044979674548,470.97686660676294,-43.76841658297639,-1.8770469196128818,-5.561430013110076,44.16024342222439,,,,,,,,,,,,,,,,,,,,,,,,,,,,
60,WORLD_FIXED,OUTPUT,,48705,45933,37807,582,0.9968885959129862,OUTPUT,,FAILED,ValueError: refined plane exceeds maximum tilt,False,8677,179.19977096092674,-287.93853594904954,67.21736821990864,345.7446065918332,-26.324067961365213,-14.89101751341557,4.639717587139627,30.597809331843294,,,,,,,,,,,,,,,,,,,,,,,,,,,,
60,CAMERA_LOCAL,OUTPUT,,48705,45933,37807,582,0.9968885959129862,OUTPUT,,FAILED,ValueError: no valid near-horizontal plane,False,8677,-23.859410369070716,-449.21239355861934,152.3634881657235,474.94807981067805,-44.12141428547872,3.500916241416559,2.1979719401169886,44.31463295266927,,,,,,,,,,,,,,,,,,,,,,,,,,,,
61,WORLD_FIXED,OUTPUT,,49045,46484,38340,600,0.9962581852198317,OUTPUT,,FAILED,ValueError: refined plane exceeds maximum tilt,False,8674,108.20923182014816,-408.12596462250457,116.43126756269625,437.98662184638994,-37.311340724252055,-9.620593835991324,0.4200079957942901,38.53398991948375,,,,,,,,,,,,,,,,,,,,,,,,,,,,
61,CAMERA_LOCAL,OUTPUT,,49045,46484,38340,600,0.9962581852198317,OUTPUT,,FAILED,ValueError: refined plane exceeds maximum tilt,False,8674,-13.656564977136524,-382.9881753615597,101.0850240726566,396.33902952588596,-36.775804123429744,1.2390806896754878,-0.9123986606828522,36.80798230270731,,,,,,,,,,,,,,,,,,,,,,,,,,,,
62,WORLD_FIXED,OUTPUT,,49326,48073,41043,645,0.9964553642962927,OUTPUT,,FAILED,ValueError: no valid near-horizontal plane,False,8912,115.64297416292466,-423.20097199983286,128.988719568511,457.28596080655495,-39.06552793189668,-8.686494499453376,5.937455207426662,40.45768201005875,,,,,,,,,,,,,,,,,,,,,,,,,,,,
62,CAMERA_LOCAL,OUTPUT,,49326,48073,41043,645,0.9964553642962927,OUTPUT,,FAILED,ValueError: no valid near-horizontal plane,False,8912,-33.578107497865815,-418.2791709259511,128.1439571976152,438.75486082766486,-41.22637584376869,2.26987178410296,-3.9725737870015863,41.47948559976502,,,,,,,,,,,,,,,,,,,,,,,,,,,,
63,WORLD_FIXED,OUTPUT,,49421,46868,39479,618,0.9964914937654601,OUTPUT,,FAILED,ValueError: no valid near-horizontal plane,False,8904,191.54171145251928,-378.05573472647035,111.06914226189761,438.12180971566016,-34.08956323470046,-17.07415850020475,-0.7575303123840481,38.13396205742246,,,,,,,,,,,,,,,,,,,,,,,,,,,,
63,CAMERA_LOCAL,OUTPUT,,49421,46868,39479,618,0.9964914937654601,OUTPUT,,FAILED,ValueError: refined plane exceeds maximum tilt,False,8904,-45.743282453648085,-375.01241471684693,100.8510609870917,391.021349268319,-36.380137593544646,4.451410997259911,-1.2681872238900684,36.673393216698734,,,,,,,,,,,,,,,,,,,,,,,,,,,,
64,WORLD_FIXED,OUTPUT,,49202,46486,39142,618,0.9965628739465845,OUTPUT,,FAILED,ValueError: no valid near-horizontal plane,False,9176,178.6961426640929,-380.46431998298874,109.95586855187956,434.4832599906953,-33.72484648034747,-17.026319376549477,-6.0261149259877405,38.25669722723698,,,,,,,,,,,,,,,,,,,,,,,,,,,,
64,CAMERA_LOCAL,OUTPUT,,49202,46486,39142,618,0.9965628739465845,OUTPUT,,FAILED,ValueError: no valid near-horizontal plane,False,9176,-96.80557577079111,-381.55419051078087,115.57010816916488,410.2576869467337,-36.940283800096715,11.345293183791945,4.857366682473285,38.94732668291735,,,,,,,,,,,,,,,,,,,,,,,,,,,,
65,WORLD_FIXED,OUTPUT,,49229,46433,38959,601,0.9949180244139129,OUTPUT,,FAILED,ValueError: no valid near-horizontal plane,False,9123,195.75636190314611,-354.9037537015263,98.28306216837983,417.0572957354693,-31.47568370777331,-17.703627406127865,-3.1690273491612246,36.251618205902474,,,,,,,,,,,,,,,,,,,,,,,,,,,,
65,CAMERA_LOCAL,OUTPUT,,49229,46433,38959,601,0.9949180244139129,OUTPUT,,FAILED,ValueError: no valid near-horizontal plane,False,9123,-122.80028625965555,-353.71493235235664,105.08894096611323,388.89310766310166,-34.498435508736755,12.714424548466111,0.7987317771320203,36.775489345498954,,,,,,,,,,,,,,,,,,,,,,,,,,,,
66,WORLD_FIXED,OUTPUT,,48920,46476,38912,613,0.9969255995080959,OUTPUT,,FAILED,ValueError: refined plane exceeds maximum tilt,False,9151,171.78726640419924,-314.33972493727896,67.89467236155105,364.5956858046374,-27.69316519031241,-14.971606573540258,-0.8742028060489613,31.49324740633948,,,,,,,,,,,,,,,,,,,,,,,,,,,,
66,CAMERA_LOCAL,OUTPUT,,48920,46476,38912,613,0.9969255995080959,OUTPUT,,FAILED,ValueError: refined plane exceeds maximum tilt,False,9151,-111.18401736865484,-298.082888068285,75.7846138558308,327.04525921444025,-28.490368451817417,11.798516793484227,2.722014804349503,30.956670648529705,,,,,,,,,,,,,,,,,,,,,,,,,,,,
67,WORLD_FIXED,OUTPUT,,48294,46398,38288,597,0.9938739487072994,OUTPUT,,OUTPUT,,True,9422,51.03330935717706,-94.60952278325226,-4.993330314625041,107.61177357915358,-7.991764510678426,-3.963417599063867,-2.790400039830265,9.346834300499454,0.5706554837359352,2.491380983723758,6310,0.6697091912545107,0.5534357462504836,6.720660393642032,6312,0.6699214604118021,51.51797956703796,50.04958444566843,False,False,10.431662250366625,25.305187700710107,False,False,34.01836706401862,38.01356180843174,False,False,72.02167574238683,68.44100174986012,False,False,34.01836706401862,38.01356180843174,False,False
67,CAMERA_LOCAL,OUTPUT,,48294,46398,38288,597,0.9938739487072994,OUTPUT,,OUTPUT,,True,9422,-24.29735599597369,-90.64319620697,7.687367365242023,94.15756020638241,-8.625915948510274,2.749364747693627,2.766835281202133,9.466826814721458,0.5706554837359352,2.491380983723758,6310,0.6697091912545107,0.5531620495618117,6.825574285444334,6311,0.6698153258331564,51.51797956703796,50.0370815434561,False,False,10.431662250366625,25.25712672733693,False,False,34.01836706401862,37.57659058652163,False,False,72.02167574238683,68.63398379300445,False,False,34.01836706401862,37.57659058652163,False,False
68,WORLD_FIXED,OUTPUT,,47874,46400,38608,603,0.9937709137709138,OUTPUT,,FAILED,ValueError: no valid near-horizontal plane,False,9483,97.93633311649918,-424.4284940592314,113.49958122634258,450.1257900323509,-38.56000668828737,-9.335978165898124,-2.862919791311468,39.77726629428393,,,,,,,,,,,,,,,,,,,,,,,,,,,,
68,CAMERA_LOCAL,OUTPUT,,47874,46400,38608,603,0.9937709137709138,OUTPUT,,FAILED,ValueError: no valid near-horizontal plane,False,9483,-88.67807206265051,-386.16885728886155,117.90270025525506,413.38992916133583,-38.2298617485325,8.3816739792112,-4.103495706435401,39.35242641843611,,,,,,,,,,,,,,,,,,,,,,,,,,,,
69,WORLD_FIXED,OUTPUT,,47906,46708,39563,621,0.9916532985762984,OUTPUT,,FAILED,ValueError: refined plane exceeds maximum tilt,False,9554,99.08460246127159,-234.20398046724372,23.412605712174706,255.37700174025667,-20.72205969416556,-7.561185836888458,2.8639744271028116,22.243597702431643,,,,,,,,,,,,,,,,,,,,,,,,,,,,
69,CAMERA_LOCAL,OUTPUT,,47906,46708,39563,621,0.9916532985762984,OUTPUT,,FAILED,ValueError: refined plane exceeds maximum tilt,False,9554,-5.78631253795534,-208.3162278368955,29.243457989987114,210.43838059677327,-19.510890326294806,1.3903549942202564,0.32793393262574716,19.56311501266669,,,,,,,,,,,,,,,,,,,,,,,,,,,,
70,WORLD_FIXED,OUTPUT,,47682,46444,38916,606,0.993794529993105,OUTPUT,,OUTPUT,,True,9638,35.77042379413309,-39.69696045101294,-7.839630755019318,54.00770035685849,-3.465615065078726,-2.3761435504414314,2.0919002345720474,4.693888850730024,0.5695474518204098,2.256723398035502,6287,0.6523137580410874,0.5598664829064058,2.2755179111421397,6286,0.6522100020751194,44.02916329794271,47.13700689550826,False,False,14.60026842819795,25.63400566461793,False,False,36.481035119770965,43.34887115185238,False,False,60.59169886674254,61.24161605681011,False,False,36.481035119770965,43.34887115185238,False,False
70,CAMERA_LOCAL,OUTPUT,,47682,46444,38916,606,0.993794529993105,OUTPUT,,OUTPUT,,True,9638,1.1011439861356698,-52.7376594974342,3.791164594777449,52.885216992371404,-5.05532152465616,0.8137949823309568,-2.203521596520715,5.5744098716592525,0.5695474518204098,2.256723398035502,6287,0.6523137580410874,0.5594954896554132,3.4379350590192357,6286,0.6522100020751194,44.02916329794271,45.9034585756517,False,False,14.60026842819795,24.552637226477824,False,False,36.481035119770965,39.55354535981448,False,False,60.59169886674254,60.467237622798045,False,False,36.481035119770965,39.55354535981448,False,False
71,WORLD_FIXED,OUTPUT,,47947,46031,38403,599,0.9958251218753241,OUTPUT,,OUTPUT,,True,9493,17.001593475981853,-113.84344257456246,5.870712747604969,115.25558062894456,-9.913342556448672,-0.8589352056994578,0.06639837975675829,9.95070545609308,0.5708232574760094,2.442840519871286,6288,0.6623828083851259,0.5608334176979355,8.166280734295082,6281,0.6616454229432214,44.70165628394807,37.55199152216171,False,False,13.27340502354668,14.520260598391733,False,False,36.80296297742436,19.63132073417462,False,False,59.759706668932154,51.65571478301389,False,False,36.80296297742436,19.63132073417462,False,False
71,CAMERA_LOCAL,OUTPUT,,47947,46031,38403,599,0.9958251218753241,OUTPUT,,OUTPUT,,True,9493,30.465757504238315,-88.34750016183274,-4.101853585313131,93.54286914558178,-8.257650980057894,-2.1971470883494675,0.4386478206118987,8.556206340827762,0.5708232574760094,2.442840519871286,6288,0.6623828083851259,0.5649731186815341,7.142550609069442,6277,0.6612240598335616,44.70165628394807,38.154806475587996,False,False,13.27340502354668,10.717507446050378,False,False,36.80296297742436,17.14395698825266,False,False,59.759706668932154,54.24117558149688,False,False,36.80296297742436,17.14395698825266,False,False
72,WORLD_FIXED,OUTPUT,,48489,45598,38049,585,0.9995534072400567,OUTPUT,,FAILED,ValueError: refined plane exceeds maximum tilt,False,9775,7.928783941995782,-237.0450346578936,39.655269274899766,240.46986183724906,-20.82203390498449,0.19942767017734256,5.320392137859032,21.49193895014008,,,,,,,,,,,,,,,,,,,,,,,,,,,,
72,CAMERA_LOCAL,OUTPUT,,48489,45598,38049,585,0.9995534072400567,OUTPUT,,FAILED,ValueError: refined plane exceeds maximum tilt,False,9775,-1.9581469918812746,-233.5424092621474,20.91952572033481,234.4856452322272,-21.666396293600073,0.09691236939941035,-3.3407530618897066,21.922653839788534,,,,,,,,,,,,,,,,,,,,,,,,,,,,
73,WORLD_FIXED,OUTPUT,,49190,45569,37954,593,0.9996312684365781,OUTPUT,,FAILED,ValueError: no valid near-horizontal plane,False,9650,-16.828742235889507,-374.2353400109528,109.49514815588435,390.28769356467615,-34.10845421006909,1.4456767418403251,-0.42850254082198624,34.14176685922638,,,,,,,,,,,,,,,,,,,,,,,,,,,,
73,CAMERA_LOCAL,OUTPUT,,49190,45569,37954,593,0.9996312684365781,OUTPUT,,FAILED,ValueError: no valid near-horizontal plane,False,9650,81.82155501140926,-348.6037500388266,66.12619931957853,364.1318657328282,-33.156556109258354,-7.3012629113928345,2.3912627639253046,34.03503769255755,,,,,,,,,,,,,,,,,,,,,,,,,,,,
74,WORLD_FIXED,OUTPUT,,49253,45020,37318,587,0.9989292788693185,OUTPUT,,OUTPUT,,True,9394,-52.96450454031391,-400.3043955949667,129.2367058185187,423.97048718593004,-35.92737944504924,6.01638734726395,4.617525847480448,36.71913745518833,0.5711107096240384,2.542545939728601,6255,0.6658505428997232,0.7389370682712256,7.035205893466609,583,0.06206088992974239,64.2221343728746,-117.26995330417778,False,True,15.364450293629762,-147.93115902208476,False,True,40.05575871385958,-113.25285026832921,False,True,72.4999682855516,-121.10270067152985,False,True,40.05575871385958,-121.10270067152985,False,True
74,CAMERA_LOCAL,OUTPUT,,49253,45020,37318,587,0.9989292788693185,OUTPUT,,OUTPUT,,True,9394,137.97307189692992,-380.792415716225,92.90327026861756,415.53634024267654,-36.7734267107379,-15.113859826767063,-4.110558253384048,39.97011833942499,0.5711107096240384,2.542545939728601,6255,0.6658505428997232,0.7464836765430133,4.836224852512572,584,0.06216734085586545,64.2221343728746,-122.43400669586579,False,True,15.364450293629762,-155.40971894208988,False,True,40.05575871385958,-127.69423107108902,False,True,72.4999682855516,-124.0584566889057,False,True,40.05575871385958,-127.69423107108902,False,True
75,WORLD_FIXED,OUTPUT,,49419,44967,37204,574,0.9964912280701754,OUTPUT,,OUTPUT,,True,9640,-24.236615690781303,-138.38782846242896,9.303724341037352,140.80186040426915,-10.82530508933881,1.7436575391074063,0.4922401756030126,10.975876834286566,0.5700781685331989,2.1285934217345064,6511,0.6754149377593361,0.5565596527450605,9.697239157748525,6463,0.6704356846473029,68.91081685571865,59.986247582135775,False,False,19.091085461210632,18.037933341085942,False,False,41.57996489319271,18.11678314721865,False,False,74.96583170869486,68.28210039171168,False,False,41.57996489319271,18.11678314721865,False,False
75,CAMERA_LOCAL,OUTPUT,,49419,44967,37204,574,0.9964912280701754,OUTPUT,,FAILED,ValueError: refined plane exceeds maximum tilt,False,9640,49.98339832682056,-110.1046547093149,-1.4857301778163217,120.92800540452299,-11.080600535893407,-5.291275777542454,0.8526330774934933,12.308707923859627,,,,,,,,,,,,,,,,,,,,,,,,,,,,
76,WORLD_FIXED,OUTPUT,,49393,45102,37423,584,0.9946312292358804,OUTPUT,,FAILED,ValueError: refined plane exceeds maximum tilt,False,9731,165.9883717154158,-211.77154365201622,27.84222194549948,270.50788448464,-17.402782267873455,-13.864900460686403,-3.784707952413897,22.570252761828293,,,,,,,,,,,,,,,,,,,,,,,,,,,,
76,CAMERA_LOCAL,OUTPUT,,49393,45102,37423,584,0.9946312292358804,OUTPUT,,FAILED,ValueError: refined plane exceeds maximum tilt,False,9731,-103.03645397816778,-205.14700346145227,37.47234122666585,232.60692215541627,-20.0675620960432,11.047470082365773,3.4554646595249188,23.16665447820514,,,,,,,,,,,,,,,,,,,,,,,,,,,,
77,WORLD_FIXED,OUTPUT,,48770,45383,38199,597,0.9990323255570667,OUTPUT,,OUTPUT,,True,9648,8.236854423736679,-194.64735572500678,3.756356787497947,194.8577662754301,-15.60298197824038,-0.7269182753892477,3.533506867696824,16.014591083647733,0.5703056607256569,2.0806334610363475,6435,0.6669776119402985,0.5502749888702381,5.7272857755528594,2370,0.24564676616915423,62.53614381718098,69.21186519473798,False,False,25.57369797362885,40.25707293851488,False,False,45.90525683987978,47.987511250167756,False,False,72.44364871359232,80.28528368272825,False,False,45.90525683987978,47.987511250167756,False,False
77,CAMERA_LOCAL,OUTPUT,,48770,45383,38199,597,0.9990323255570667,OUTPUT,,FAILED,ValueError: refined plane exceeds maximum tilt,False,9648,19.01161655952378,-118.9155557829199,12.347145367126428,121.05702362970949,-12.225624064983183,-2.1411553261485015,-0.8605738481306314,12.44150381815142,,,,,,,,,,,,,,,,,,,,,,,,,,,,
78,WORLD_FIXED,OUTPUT,,47615,45110,38079,598,0.9999474803707886,OUTPUT,,OUTPUT,,True,9667,-36.91419597725299,-102.174992054489,-8.993437594923577,109.01040677731514,-8.12011269997053,2.9908476682976524,4.862527214322574,9.926004782651066,0.5718671252743073,2.66594022755018,6407,0.6627702493017482,0.5477721136546838,8.37608327197674,6409,0.6629771387193545,52.46275711994164,59.90464435704668,False,False,27.34220012935662,38.97394350476835,False,False,47.21203410427255,39.07356090235625,False,False,65.50779272387408,78.53716123797005,False,False,47.21203410427255,39.07356090235625,False,False
78,CAMERA_LOCAL,OUTPUT,,47615,45110,38079,598,0.9999474803707886,OUTPUT,,OUTPUT,,True,9667,64.25196244083577,-56.85204660386542,12.95617592728571,86.76596322986009,-5.619221335895918,-6.181032523334027,-2.762866469238356,8.798536389828852,0.5718671252743073,2.66594022755018,6407,0.6627702493017482,0.5513004408302358,8.40016936165909,6409,0.6629771387193545,52.46275711994164,60.17612379584292,False,False,27.34220012935662,34.39995877440993,False,False,47.21203410427255,36.08947145852248,False,False,65.50779272387408,80.5884696946355,False,False,47.21203410427255,36.08947145852248,False,False
79,WORLD_FIXED,OUTPUT,,46142,43968,36993,571,0.9940613747514376,OUTPUT,,FAILED,ValueError: refined plane exceeds maximum tilt,False,9948,-117.36120739270905,-7.85761116930468,8.22127246822945,117.91091711524983,0.3575534199339203,9.651221490574194,9.588344273294608,13.609197868039436,,,,,,,,,,,,,,,,,,,,,,,,,,,,
79,CAMERA_LOCAL,OUTPUT,,46142,43968,36993,571,0.9940613747514376,OUTPUT,,FAILED,ValueError: refined plane exceeds maximum tilt,False,9948,126.6295838427568,21.0367558400496,21.26749229963119,130.11496005140418,3.016343744110027,-11.064118519881507,-9.484539165902909,14.881852418101817,,,,,,,,,,,,,,,,,,,,,,,,,,,,
80,WORLD_FIXED,OUTPUT,,45236,42926,36052,561,0.995224292615597,OUTPUT,,FAILED,ValueError: refined plane exceeds maximum tilt,False,9863,-137.50954601325097,58.999665060478556,20.759321345771955,151.06549951844087,5.800963272692117,11.52461536245313,8.46446311935496,15.430977611367785,,,,,,,,,,,,,,,,,,,,,,,,,,,,
80,CAMERA_LOCAL,OUTPUT,,45236,42926,36052,561,0.995224292615597,OUTPUT,,FAILED,ValueError: refined plane exceeds maximum tilt,False,9863,141.25412432618535,40.507020821202346,24.08034876004197,148.90738588589892,4.935704434271625,-12.143870978623593,-6.414945187521794,14.594050238602508,,,,,,,,,,,,,,,,,,,,,,,,,,,,
81,WORLD_FIXED,OUTPUT,,45830,43630,36754,578,0.9947224552761915,OUTPUT,,OUTPUT,,True,10013,-81.44083903729023,-6.887459539713445,5.113020026008351,81.89133248271986,-0.6696131968784277,7.552014377862505,3.3259082702142906,8.27906811294336,0.5719016145113565,2.2328942107538507,6319,0.6310795965245182,0.5642552886926412,9.062655632681464,6317,0.630879856186957,38.54114319716218,47.56865039091907,False,False,31.530646985783672,23.66015580451297,False,False,51.61009574064035,33.820781316647896,False,False,58.75183620770119,77.67238108374275,False,False,51.61009574064035,33.820781316647896,False,False
81,CAMERA_LOCAL,OUTPUT,,45830,43630,36754,578,0.9947224552761915,OUTPUT,,OUTPUT,,True,10013,93.56334855377119,0.31945113637063277,10.162844614610655,94.11421599462925,0.4072218210142212,-7.797748865146953,-1.832915743970041,8.020617002444636,0.5719016145113565,2.2328942107538507,6319,0.6310795965245182,0.5643282925452163,8.916975253864056,6317,0.630879856186957,38.54114319716218,47.55698575092715,False,False,31.530646985783672,23.98544714117945,False,False,51.61009574064035,34.295232049531776,False,False,58.75183620770119,77.47707235387225,False,False,51.61009574064035,34.295232049531776,False,False
82,WORLD_FIXED,OUTPUT,,46030,41770,34760,542,0.9973602662687937,OUTPUT,,OUTPUT,,True,9952,20.107708001815176,-103.83292146190996,4.230521878886951,105.84655315960538,-8.924090450986313,-1.0910403691399952,1.3654004120167365,9.093628414973514,0.57238773219181,2.5295761114915427,6421,0.6451969453376206,0.5640351664105547,7.100379615015776,6421,0.6451969453376206,40.87695463299013,36.47729623330554,False,False,31.767191310064003,33.69435057713355,False,False,49.556360644832154,35.30064901194729,False,False,58.944404042293506,53.490255415400426,False,False,49.556360644832154,35.30064901194729,False,False
82,CAMERA_LOCAL,OUTPUT,,46030,41770,34760,542,0.9973602662687937,OUTPUT,,OUTPUT,,True,9952,35.671035053214176,-85.35306930732888,-5.015773551651817,92.64300926821609,-7.928200102051178,-2.707055062481001,-1.0701322183656659,8.44569043561582,0.57238773219181,2.5295761114915427,6421,0.6451969453376206,0.5691056209916479,6.9650908983626545,6424,0.6454983922829582,40.87695463299013,35.08026389243468,False,False,31.767191310064003,26.607991525065543,False,False,49.556360644832154,27.321369918450134,False,False,58.944404042293506,55.1432443143205,False,False,49.556360644832154,27.321369918450134,False,False
83,WORLD_FIXED,OUTPUT,,46799,42924,35963,562,0.9997220137325216,OUTPUT,,FAILED,ValueError: refined plane exceeds maximum tilt,False,9796,23.011654424053624,-270.90541664427116,54.85321446254714,277.3592546561452,-24.185189693985198,-2.121367714071996,-1.2034884933845318,24.307858524889923,,,,,,,,,,,,,,,,,,,,,,,,,,,,
83,CAMERA_LOCAL,OUTPUT,,46799,42924,35963,562,0.9997220137325216,OUTPUT,,FAILED,ValueError: refined plane exceeds maximum tilt,False,9796,51.4146064952413,-262.22497506614724,24.26192591919549,268.3170519344802,-24.038854646917134,-4.399898507417354,2.825812720589494,24.60103366005234,,,,,,,,,,,,,,,,,,,,,,,,,,,,
84,WORLD_FIXED,OUTPUT,,47369,42714,35653,559,0.9999439068854298,OUTPUT,,FAILED,ValueError: refined plane exceeds maximum tilt,False,9520,56.93876280224558,-292.630639937615,63.48556768400118,304.80343082699767,-25.956017727342257,-5.250952555089039,-2.194617678907121,26.572611948291296,,,,,,,,,,,,,,,,,,,,,,,,,,,,
84,CAMERA_LOCAL,OUTPUT,,47369,42714,35653,559,0.9999439068854298,OUTPUT,,FAILED,ValueError: refined plane exceeds maximum tilt,False,9520,-23.204126499851114,-257.50911419826315,24.338246834746894,259.69544786303885,-23.619008457173386,2.7874928812879416,3.8854967752136917,24.098231517135336,,,,,,,,,,,,,,,,,,,,,,,,,,,,
85,WORLD_FIXED,OUTPUT,,48121,43042,35891,557,0.9991092058012973,OUTPUT,,OUTPUT,,True,9454,-104.48378552017161,-170.961495783383,34.272689389088114,203.2715221448342,-12.709965540862683,9.01546719601217,7.951717379596207,17.494332856592756,0.5703655539620722,2.3460346955345095,6234,0.6594034271207955,0.6468504254059575,5.030452523668954,719,0.07605246456526338,63.27326913876718,-25.927619056034025,False,True,37.02495897099689,-38.466485948749906,False,True,55.48651766441781,-24.570413679923185,False,True,80.60913734792796,-16.29670385214188,False,True,55.48651766441781,-24.570413679923185,False,True
85,CAMERA_LOCAL,OUTPUT,,48121,43042,35891,557,0.9991092058012973,OUTPUT,,FAILED,ValueError: refined plane exceeds maximum tilt,False,9454,105.80024641734335,-104.0994293872748,-1.0324752940121205,148.42994760478604,-10.207404950148426,-10.683571973062456,-3.7710909867083484,15.249621410053209,,,,,,,,,,,,,,,,,,,,,,,,,,,,
86,WORLD_FIXED,OUTPUT,,48462,43141,36024,562,0.9969557757236951,OUTPUT,,FAILED,ValueError: refined plane exceeds maximum tilt,False,9470,-15.386286721962549,-254.51645732231404,38.537838151436134,257.8769664711799,-20.710100846769176,1.3679400875512182,3.250973884378805,21.008292847430322,,,,,,,,,,,,,,,,,,,,,,,,,,,,
86,CAMERA_LOCAL,OUTPUT,,48462,43141,36024,562,0.9969557757236951,OUTPUT,,OUTPUT,,True,9470,25.416194490170383,-81.7740932382809,-5.301687413627317,85.79681320851631,-8.431445535152513,-2.678903446222451,-4.849529170383039,10.088792329155247,0.5694380704297476,2.177752490718717,6213,0.6560718057022176,0.5618976551031272,7.699737770102705,6214,0.6561774023231257,68.7553689254603,60.67088793098818,False,False,38.85265533115667,37.12496903335549,False,False,55.336820490314295,37.902622364618054,False,False,84.39654400462382,75.60808205729319,False,False,55.336820490314295,37.902622364618054,False,False
87,WORLD_FIXED,OUTPUT,,47354,42430,35565,559,0.9985680592991913,OUTPUT,,FAILED,ValueError: refined plane exceeds maximum tilt,False,9564,77.5774687883955,-221.15273165776443,18.076619794143042,235.06075505385337,-18.035635033777282,-6.283375201012994,1.0272796848407348,19.126427751653107,,,,,,,,,,,,,,,,,,,,,,,,,,,,
87,CAMERA_LOCAL,OUTPUT,,47354,42430,35565,559,0.9985680592991913,OUTPUT,,OUTPUT,,True,9564,23.42257034388699,-186.3296168892418,16.490694484714492,188.51866203692975,-18.882214456344148,-3.2092537881024716,-5.368744083758337,19.89122283040216,0.5717998020457707,2.5181410203739776,6326,0.6614387285654538,0.5548966361530174,9.575816949001561,2418,0.25282308657465496,68.00975782961949,60.62676716827098,False,False,37.54008611149629,41.6286523844811,False,False,55.04808166478092,40.22813222125776,False,False,81.44241698047804,72.07600476243859,False,False,55.04808166478092,40.22813222125776,False,False
88,WORLD_FIXED,OUTPUT,,46569,42086,35487,551,0.9999436445095663,OUTPUT,,FAILED,ValueError: refined plane exceeds maximum tilt,False,9582,32.485230944358676,-181.04158650000704,0.9013998317135691,183.93520270357294,-14.399829202015917,-2.423630229414409,3.52860851956905,15.02265431342068,,,,,,,,,,,,,,,,,,,,,,,,,,,,
88,CAMERA_LOCAL,OUTPUT,,46569,42086,35487,551,0.9999436445095663,OUTPUT,,FAILED,ValueError: refined plane exceeds maximum tilt,False,9582,37.910096250226836,-105.78442432904836,9.90285852457396,112.80774102554908,-10.901348977122419,-3.7207848945488755,-2.4617523331818734,11.778958965139386,,,,,,,,,,,,,,,,,,,,,,,,,,,,
89,WORLD_FIXED,OUTPUT,,46411,42177,35437,549,0.993523606594146,OUTPUT,,FAILED,ValueError: refined plane exceeds maximum tilt,False,9603,-128.332475876247,-49.71571012393305,9.7961244297373,137.97405644358417,-3.1688154202679724,10.533974216141557,8.72139428653422,14.038116763129409,,,,,,,,,,,,,,,,,,,,,,,,,,,,
89,CAMERA_LOCAL,OUTPUT,,46411,42177,35437,549,0.993523606594146,OUTPUT,,FAILED,ValueError: refined plane exceeds maximum tilt,False,9603,134.22257748721532,-92.58035359252528,22.53118516970483,164.60399899085093,-8.525893796054731,-12.953335291784036,-4.492197542195376,16.14495583645519,,,,,,,,,,,,,,,,,,,,,,,,,,,,
90,WORLD_FIXED,OUTPUT,,46259,42194,35366,550,0.9920893177737882,OUTPUT,,FAILED,ValueError: no valid near-horizontal plane,False,9739,-150.16398310421374,-71.22690335485012,19.922207329689712,167.38992779773488,-4.3035238356582965,12.907736000707274,12.392319575840794,18.403791743491357,,,,,,,,,,,,,,,,,,,,,,,,,,,,
90,CAMERA_LOCAL,OUTPUT,,46259,42194,35366,550,0.9920893177737882,OUTPUT,,FAILED,ValueError: no valid near-horizontal plane,False,9739,156.2226055430401,-38.04791536174817,21.615542055737546,162.23556331579834,-2.4915316098436096,-14.240040769826772,-7.882753910208391,16.4658525469556,,,,,,,,,,,,,,,,,,,,,,,,,,,,
91,WORLD_FIXED,OUTPUT,,46364,41991,35125,546,0.9947606910223733,OUTPUT,,FAILED,ValueError: refined plane exceeds maximum tilt,False,9748,-116.03329868762245,-16.438926535310628,14.505591264473635,118.08631117913845,-0.21798059062422911,9.94896751602549,8.948622152078203,13.383097869831335,,,,,,,,,,,,,,,,,,,,,,,,,,,,
91,CAMERA_LOCAL,OUTPUT,,46364,41991,35125,546,0.9947606910223733,OUTPUT,,FAILED,ValueError: refined plane exceeds maximum tilt,False,9748,131.18993396428417,-6.609738904853786,12.067115363308632,131.90944884705937,-0.005640658598989857,-11.507088791441227,-6.5105285166827835,13.221199107406312,,,,,,,,,,,,,,,,,,,,,,,,,,,,
92,WORLD_FIXED,OUTPUT,,46731,41925,35036,553,0.9981482009059571,OUTPUT,,OUTPUT,,True,9638,-105.08971536737513,-303.20353285702606,85.42788802592153,332.0755255443361,-24.071658982945685,12.43338538821715,17.250473155963395,32.11872759789489,0.5709336843673997,2.100060444690221,6260,0.6495123469599502,0.6118314353598744,9.432202443775825,1307,0.13560904752023242,52.42715342829896,-2.6524870838722236,False,True,36.22736164104834,-20.756003597013795,False,True,53.1716882905936,-23.246989956240192,False,True,73.97876112399948,22.454844778892703,False,False,53.1716882905936,-23.246989956240192,False,True
92,CAMERA_LOCAL,OUTPUT,,46731,41925,35036,553,0.9981482009059571,OUTPUT,,FAILED,ValueError: refined plane exceeds maximum tilt,False,9638,0.21418383642001285,-248.80144253750686,22.170215143035698,249.7873538090922,-23.163575581674227,-0.2521777465909711,-2.263783479969282,23.275298988154635,,,,,,,,,,,,,,,,,,,,,,,,,,,,
93,WORLD_FIXED,OUTPUT,,47097,41625,34559,537,0.9997107234805751,OUTPUT,,FAILED,ValueError: refined plane exceeds maximum tilt,False,9607,58.55469778288875,-299.29416201892434,61.853665733546634,311.17764061020335,-26.535987512055677,-5.859281825008402,-5.441916409956588,27.71469413430001,,,,,,,,,,,,,,,,,,,,,,,,,,,,
93,CAMERA_LOCAL,OUTPUT,,47097,41625,34559,537,0.9997107234805751,OUTPUT,,FAILED,ValueError: no valid near-horizontal plane,False,9607,83.21076080318187,-270.07823601617747,25.058663310851806,283.71503465622163,-25.387594110155042,-8.481936400923093,-1.6480798340829068,26.817705848017535,,,,,,,,,,,,,,,,,,,,,,,,,,,,
94,WORLD_FIXED,OUTPUT,,47567,41577,34339,539,0.9950737488771045,OUTPUT,,FAILED,ValueError: refined plane exceeds maximum tilt,False,9836,-102.23853864375744,-255.06182587994374,50.246428634188035,279.3455877505717,-18.62190928970951,10.311012572606733,17.696736802768804,27.68152776371086,,,,,,,,,,,,,,,,,,,,,,,,,,,,
94,CAMERA_LOCAL,OUTPUT,,47567,41577,34339,539,0.9950737488771045,OUTPUT,,FAILED,ValueError: refined plane exceeds maximum tilt,False,9836,41.88726008148238,-190.60872025066922,-8.092337698087498,195.32463419177702,-17.46401549294539,-3.719192175473138,-1.5165410206957766,17.919936502214235,,,,,,,,,,,,,,,,,,,,,,,,,,,,
95,WORLD_FIXED,OUTPUT,,47598,41707,34578,534,0.9986425992779784,OUTPUT,,FAILED,ValueError: refined plane exceeds maximum tilt,False,9629,-129.99252167728736,-303.0959276895813,65.98639127693849,336.3322775289061,-21.002070441454748,14.23074379906176,26.193251667547905,36.464879882180654,,,,,,,,,,,,,,,,,,,,,,,,,,,,
95,CAMERA_LOCAL,OUTPUT,,47598,41707,34578,534,0.9986425992779784,OUTPUT,,FAILED,ValueError: refined plane exceeds maximum tilt,False,9629,144.39695584957767,-204.77006073367872,41.194613714348336,253.9256876146518,-18.28444903861124,-17.33307423117719,-18.730480728115534,31.39406707095112,,,,,,,,,,,,,,,,,,,,,,,,,,,,
96,WORLD_FIXED,OUTPUT,,46757,41369,34540,537,0.9995369834471582,OUTPUT,,FAILED,ValueError: refined plane exceeds maximum tilt,False,9620,-28.731347452308363,-212.379129985501,12.627503621175583,214.6854420484221,-16.02816192807893,3.0031873724670124,15.28103042241523,22.347952925439145,,,,,,,,,,,,,,,,,,,,,,,,,,,,
96,CAMERA_LOCAL,OUTPUT,,46757,41369,34540,537,0.9995369834471582,OUTPUT,,FAILED,ValueError: refined plane exceeds maximum tilt,False,9620,71.39531208345748,-155.39534612624374,21.275751941838116,172.33009547342567,-14.774987276673906,-8.841907925995164,-14.5301786752924,22.530106016918204,,,,,,,,,,,,,,,,,,,,,,,,,,,,
97,WORLD_FIXED,OUTPUT,,45858,41333,34711,544,0.9981021939787791,OUTPUT,,FAILED,ValueError: refined plane exceeds maximum tilt,False,9947,35.238334768498014,-158.16228225971554,-6.388516612096667,162.166152175359,-13.07310299191882,-2.4625076892013036,1.8851375624156688,13.43591119299033,,,,,,,,,,,,,,,,,,,,,,,,,,,,
97,CAMERA_LOCAL,OUTPUT,,45858,41333,34711,544,0.9981021939787791,OUTPUT,,OUTPUT,,True,9947,35.51419744723236,-110.7161744777209,10.704142637881477,116.76432751878568,-10.827680034094472,-3.1517992431641817,-1.7707331711129892,11.415252487493136,0.5717552495453758,2.545721242364168,6460,0.649442042826983,0.5472010694496535,9.955803825482489,6461,0.6495425756509501,51.65578943538485,52.25496660591822,False,False,31.696647910767204,40.76295372172556,False,False,47.299612627098476,35.83339121341433,False,False,72.30881593839,74.52359117676089,False,False,47.299612627098476,35.83339121341433,False,False
98,WORLD_FIXED,OUTPUT,,45321,41304,34684,543,0.9932985852568875,OUTPUT,,FAILED,ValueError: refined plane exceeds maximum tilt,False,10072,-131.90584295328355,59.04514209312293,16.388653022194934,145.444381664935,6.597689516705446,9.930274279132664,14.258367172379035,18.58604015491263,,,,,,,,,,,,,,,,,,,,,,,,,,,,
98,CAMERA_LOCAL,OUTPUT,,45321,41304,34684,543,0.9932985852568875,OUTPUT,,FAILED,ValueError: refined plane exceeds maximum tilt,False,10072,135.5443339163463,57.53546318336281,32.97290288904683,150.89668089617012,7.540091892589044,-11.055683851144307,-13.339853465674208,18.89531216071331,,,,,,,,,,,,,,,,,,,,,,,,,,,,
99,WORLD_FIXED,OUTPUT,,44620,40653,33865,529,0.9890478971962616,OUTPUT,,FAILED,ValueError: no valid near-horizontal plane,False,10279,-66.91403608823218,199.7463892320813,29.899749878542732,212.76772142331828,18.532578108914056,3.4818161134751078,15.186180730196114,24.21155880940414,,,,,,,,,,,,,,,,,,,,,,,,,,,,
99,CAMERA_LOCAL,OUTPUT,,44620,40653,33865,529,0.9890478971962616,OUTPUT,,FAILED,ValueError: refined plane exceeds maximum tilt,False,10279,86.12758340235277,109.97909479144877,39.71287322932483,145.2255976541468,11.408393719382184,-5.693167482893168,-9.30263056344766,15.78298256492421,,,,,,,,,,,,,,,,,,,,,,,,,,,,
100,WORLD_FIXED,OUTPUT,,44561,40234,33537,524,0.9969381688466111,OUTPUT,,FAILED,ValueError: refined plane exceeds maximum tilt,False,10231,-101.96342479660741,-2.483339083910672,10.966575738131821,102.58154196871519,2.209301058461701,8.803511694941214,16.027002897272453,18.418676695112122,,,,,,,,,,,,,,,,,,,,,,,,,,,,
100,CAMERA_LOCAL,OUTPUT,,44561,40234,33537,524,0.9969381688466111,OUTPUT,,FAILED,ValueError: refined plane exceeds maximum tilt,False,10231,158.57445578177544,21.931995736777218,20.190965302074407,161.35224058969197,2.956998976474194,-13.267876008090472,-9.209967874722516,16.41961890441897,,,,,,,,,,,,,,,,,,,,,,,,,,,,
101,WORLD_FIXED,OUTPUT,,45190,40273,33327,521,0.9995800965777871,OUTPUT,,FAILED,ValueError: refined plane exceeds maximum tilt,False,10037,99.3314725258687,-240.284963734132,40.991939980602815,263.21843471581525,-21.585262298512053,-9.09365310205828,-3.746833935796261,23.72038869366551,,,,,,,,,,,,,,,,,,,,,,,,,,,,
101,CAMERA_LOCAL,OUTPUT,,45190,40273,33327,521,0.9995800965777871,OUTPUT,,FAILED,ValueError: refined plane exceeds maximum tilt,False,10037,-32.49081190823861,-244.02055781623693,20.714921195537602,247.04411236769297,-22.115843859521583,3.162144486195894,1.1376133218023463,22.369708792030796,,,,,,,,,,,,,,,,,,,,,,,,,,,,
102,WORLD_FIXED,OUTPUT,,45570,41906,35500,547,0.9998591747641177,OUTPUT,,FAILED,ValueError: refined plane exceeds maximum tilt,False,10144,55.27273759276934,-297.99482746487604,70.07176038908038,311.0724100926424,-26.683087404323246,-5.302364505285156,-1.9393423529538234,27.273856924454638,,,,,,,,,,,,,,,,,,,,,,,,,,,,
102,CAMERA_LOCAL,OUTPUT,,45570,41906,35500,547,0.9998591747641177,OUTPUT,,FAILED,ValueError: refined plane exceeds maximum tilt,False,10144,-20.456556916957673,-288.5198416036155,31.981582414076975,291.00685788067005,-26.62732555209256,2.0003526196177814,1.6250020481125969,26.75175710708183,,,,,,,,,,,,,,,,,,,,,,,,,,,,
103,WORLD_FIXED,OUTPUT,,46107,39767,32273,505,0.9869720786568397,OUTPUT,,FAILED,ValueError: no valid near-horizontal plane,False,10009,5.1216139021521,-530.1250447325605,180.20705833843766,559.9405127838627,-48.91961614009371,-6.897794311771025,-19.32460702253405,53.04855178265463,,,,,,,,,,,,,,,,,,,,,,,,,,,,
103,CAMERA_LOCAL,OUTPUT,,46107,39767,32273,505,0.9869720786568397,OUTPUT,,FAILED,ValueError: refined plane exceeds maximum tilt,False,10009,-117.3007706368622,-441.98948817534074,96.37733267472102,467.3358200512724,-38.09855708861668,17.515503214489957,19.72853309101836,46.34121192863646,,,,,,,,,,,,,,,,,,,,,,,,,,,,
104,WORLD_FIXED,OUTPUT,,45877,39517,32150,499,0.9853802065773746,OUTPUT,,FAILED,ValueError: refined plane exceeds maximum tilt,False,9852,-93.63607865178086,-170.78460902173998,10.435998855072462,195.04873231091287,-7.446579982017954,9.325746398827274,46.06810008174751,47.588769100132595,,,,,,,,,,,,,,,,,,,,,,,,,,,,
104,CAMERA_LOCAL,OUTPUT,,45877,39517,32150,499,0.9853802065773746,OUTPUT,,FAILED,ValueError: no valid near-horizontal plane,False,9852,-107.76099601729042,-221.55218452818752,22.439378422209707,247.38902246426713,-19.54504387567808,11.704374573309032,7.591675978577921,24.013218618465565,,,,,,,,,,,,,,,,,,,,,,,,,,,,
105,WORLD_FIXED,OUTPUT,,45154,39404,32711,514,0.9992668397739423,OUTPUT,,FAILED,ValueError: refined plane exceeds maximum tilt,False,9946,70.11073004661598,-165.41510743551305,1.8500314314932833,179.66940432880972,-13.28922480218189,-5.761738141736243,5.0445103246452385,15.337803189254872,,,,,,,,,,,,,,,,,,,,,,,,,,,,
105,CAMERA_LOCAL,OUTPUT,,45154,39404,32711,514,0.9992668397739423,OUTPUT,,FAILED,ValueError: refined plane exceeds maximum tilt,False,9946,26.548047819315638,-121.45078118906203,10.77466100651381,124.78455198563395,-12.184546002409258,-3.588981289844168,-8.36071870306656,15.206760510229849,,,,,,,,,,,,,,,,,,,,,,,,,,,,
106,WORLD_FIXED,OUTPUT,,43637,39343,32786,504,0.9920121028744326,OUTPUT,,OUTPUT,,True,10215,147.9651542739028,-48.20852968934788,-11.906167600573367,156.075321691296,-3.740028095553908,-11.323889618640267,-12.469009431589257,17.253825154317035,0.5715293864531087,2.6056012408509854,6680,0.653940283896231,0.5336216864904113,9.695300043760447,6676,0.6535487028879099,54.662116452719786,67.31674560306911,False,False,30.437048531427923,64.51896319275596,False,False,46.386484467699994,87.08286725907688,False,False,71.05182926950448,65.23089049705433,False,False,46.386484467699994,65.23089049705433,False,False
106,CAMERA_LOCAL,OUTPUT,,43637,39343,32786,504,0.9920121028744326,OUTPUT,,OUTPUT,,True,10215,-124.05706804452588,-40.27019337322383,28.714586100482567,133.55288114092855,-2.7594681461802315,12.506886180000361,10.233281332545621,16.39380716003132,0.5715293864531087,2.6056012408509854,6680,0.653940283896231,0.5372445155225215,9.35046475291883,6680,0.653940283896231,54.662116452719786,67.41108021419873,False,False,30.437048531427923,62.39186439179445,False,False,46.386484467699994,88.83365948414878,False,False,71.05182926950448,65.26692780637245,False,False,46.386484467699994,65.26692780637245,False,False
107,WORLD_FIXED,OUTPUT,,43556,39903,32960,517,0.9765347238682153,OUTPUT,,FAILED,ValueError: refined plane exceeds maximum tilt,False,10302,-100.40589454641022,148.96442551675008,18.05575666842084,180.54848123999673,13.185732525141246,6.846284689372288,12.913308064105056,19.68473219098959,,,,,,,,,,,,,,,,,,,,,,,,,,,,
107,CAMERA_LOCAL,OUTPUT,,43556,39903,32960,517,0.9765347238682153,OUTPUT,,OUTPUT,,True,10302,-157.19952058269274,30.015652415402542,56.00684205072294,169.55646557370005,4.914321478198601,15.089219637490938,7.836591443633854,17.698792905561714,0.5703924308255891,2.2142988556140115,6577,0.6384197243253737,0.5675658733252649,7.18853504865407,1377,0.13366336633663367,46.30882659947322,31.192071692793142,False,False,32.70228222025562,30.118216855815504,False,False,46.80794793517051,33.48728127960832,False,False,63.75445883989139,42.98350238799442,False,False,46.80794793517051,33.48728127960832,False,False
108,WORLD_FIXED,OUTPUT,,45018,40465,33332,528,0.9837671920193614,OUTPUT,,FAILED,ValueError: no valid near-horizontal plane,False,10631,18.930788923301765,257.1422780330076,27.7391301092208,259.32602117890036,21.79853998039929,-2.776557476747671,9.200934973690284,23.82315724434582,,,,,,,,,,,,,,,,,,,,,,,,,,,,
108,CAMERA_LOCAL,OUTPUT,,45018,40465,33332,528,0.9837671920193614,OUTPUT,,FAILED,ValueError: no valid near-horizontal plane,False,10631,3.419964910645692,215.09764931553767,95.07226398574014,235.1965779522192,21.619517152776883,4.204903519240962,-10.53105821709594,24.412863877415177,,,,,,,,,,,,,,,,,,,,,,,,,,,,
109,WORLD_FIXED,OUTPUT,,45476,40251,33232,524,0.9963123969419877,OUTPUT,,OUTPUT,,True,11101,-50.76477972753664,34.729861291205765,1.063442203770791,61.51712798410267,4.0022332651827845,4.753071727521762,9.173890315609457,11.080154578287043,0.5708597493117129,2.129426679654706,7004,0.6309341500765697,0.562995591939068,8.318461115048219,7004,0.6309341500765697,33.047220977960535,45.64903364548534,False,False,31.58764377212431,29.743179852356082,False,False,44.9578526413682,44.524075533933896,False,False,63.88428154037351,80.67527309238397,False,False,44.9578526413682,44.524075533933896,False,False
109,CAMERA_LOCAL,OUTPUT,,45476,40251,33232,524,0.9963123969419877,OUTPUT,,OUTPUT,,True,11101,77.9153619469033,43.941102618686024,17.23664557677992,91.09734396458752,4.24621831363284,-5.148911769822618,-8.124170907768253,10.51398189645944,0.5708597493117129,2.129426679654706,7004,0.6309341500765697,0.5620095732799562,8.162652906028358,7004,0.6309341500765697,33.047220977960535,46.49962933721752,False,False,31.58764377212431,31.238127545366034,False,False,44.9578526413682,46.47985243435859,False,False,63.88428154037351,81.26116126267146,False,False,44.9578526413682,46.47985243435859,False,False
110,WORLD_FIXED,OUTPUT,,46756,40872,33723,530,0.9986673773987207,OUTPUT,,OUTPUT,,True,10924,34.21044904197031,-298.3927742177256,77.31819037027986,310.1398153916047,-27.039821639123716,-3.6442801665742373,-2.386044101304361,27.38842709360066,0.5721181101889956,2.2863906483416114,6999,0.6406993775173929,0.6692350568457058,4.819917448240875,1293,0.11836323690955694,43.81435153960389,-66.56406462704368,False,True,28.56536930738962,-67.07259619997951,False,True,45.906544166233964,-54.00698334618759,False,True,72.14992304912948,-46.6069913985061,False,True,45.906544166233964,-54.00698334618759,False,True
110,CAMERA_LOCAL,OUTPUT,,46756,40872,33723,530,0.9986673773987207,OUTPUT,,FAILED,ValueError: refined plane exceeds maximum tilt,False,10924,-44.50571483452018,-254.2506814403019,13.876385880334974,258.48930684051413,-23.309803129226495,4.065280802183005,0.2693582820234811,23.66317780451285,,,,,,,,,,,,,,,,,,,,,,,,,,,,
111,WORLD_FIXED,OUTPUT,,47851,41130,33777,526,0.9987580945622283,OUTPUT,,FAILED,ValueError: refined plane exceeds maximum tilt,False,10646,247.44053074625594,-301.49309451979434,105.62041987130038,404.07991213731503,-24.347948838636622,-27.21699009189279,-27.45196693672331,45.68585832624803,,,,,,,,,,,,,,,,,,,,,,,,,,,,
111,CAMERA_LOCAL,OUTPUT,,47851,41130,33777,526,0.9987580945622283,OUTPUT,,FAILED,ValueError: no valid near-horizontal plane,False,10646,-18.242897750326858,-297.0621850374696,11.89551985387587,297.8594441849354,-27.81150210203247,-1.2093473670397141,-14.752677207037614,31.505295665976053,,,,,,,,,,,,,,,,,,,,,,,,,,,,
112,WORLD_FIXED,OUTPUT,,48577,41766,33538,527,0.9735833720390153,OUTPUT,,FAILED,ValueError: no valid near-horizontal plane,False,9974,-3.1987890428161747,-261.1279895112251,36.810269196730694,263.7291320196741,-19.87638793245266,2.654972335961188,18.051625367873687,26.981120320848976,,,,,,,,,,,,,,,,,,,,,,,,,,,,
112,CAMERA_LOCAL,OUTPUT,,48577,41766,33538,527,0.9735833720390153,OUTPUT,,FAILED,ValueError: no valid near-horizontal plane,False,9974,-198.98297624191585,-481.729937804351,177.5999531523224,550.6357245682319,-42.20230379819697,28.959931430695626,22.520446227187445,55.918535143702975,,,,,,,,,,,,,,,,,,,,,,,,,,,,
113,WORLD_FIXED,OUTPUT,,48808,41947,33617,524,0.9706918456918457,OUTPUT,,OUTPUT,,True,10077,28.359555327640525,-211.59215231077664,14.134290972979247,213.95158676485025,-16.089177405552984,-1.0299997792602908,19.738129924981703,25.485609705637632,0.5705314475315059,2.283580316731817,6449,0.6399722139525652,0.5832508769978286,6.532890965401072,2694,0.2673414706757964,64.49826717453777,35.355902794083406,False,False,23.336576236216988,5.569264820014519,False,False,43.372696176132266,11.297249323553359,False,False,89.21927968810994,59.78585873132525,False,False,43.372696176132266,11.297249323553359,False,False
113,CAMERA_LOCAL,FAILED,ValueError: 0 correspondences < 24,48808,41947,33617,524,0.9706918456918457,OUTPUT,,FAILED,correction unavailable,False,10077,,,,,,,,,,,,,,,,,,,,,,,,,,,,,,,,,,,,
114,WORLD_FIXED,OUTPUT,,48159,41823,34448,544,0.994600837303306,OUTPUT,,OUTPUT,,True,10198,-33.096858956447264,-115.1467278105544,-2.104703087075643,119.82737906399193,-7.8454379104811025,2.151437919020819,18.082538948678216,19.82820707873204,0.5715271131699046,2.500683693292666,6590,0.6462051382624044,0.554277390894307,7.355883074334254,6586,0.6458129044910766,61.630086058292235,61.30635469523193,False,False,22.181191113429087,30.315381434191877,False,False,41.3213869431569,31.064940866151524,False,False,84.24663425446022,88.85725104468023,False,False,41.3213869431569,31.064940866151524,False,False
114,CAMERA_LOCAL,OUTPUT,,48159,41823,34448,544,0.994600837303306,OUTPUT,,FAILED,ValueError: refined plane exceeds maximum tilt,False,10198,93.9014678165433,-237.24349535574757,52.917114185681726,260.5804726384048,-22.967109059350296,-13.3379190176884,-16.119546630371143,31.068118157288094,,,,,,,,,,,,,,,,,,,,,,,,,,,,
115,WORLD_FIXED,OUTPUT,,46898,41562,34725,544,0.9997408878908274,OUTPUT,,FAILED,ValueError: refined plane exceeds maximum tilt,False,10444,-160.33667633267584,-112.65143499790696,11.398819152690123,196.2858340853273,-6.120201793196795,12.772528333440022,16.98455389660477,22.11491399677262,,,,,,,,,,,,,,,,,,,,,,,,,,,,
115,CAMERA_LOCAL,OUTPUT,,46898,41562,34725,544,0.9997408878908274,OUTPUT,,OUTPUT,,True,10444,160.519003793307,-93.70786248326154,43.90080787421463,190.98375585893754,-8.307756204024038,-16.967417660160873,-9.983830829778448,21.367942185373714,0.5719585872087649,2.4475062710136957,6749,0.6462083492914592,0.6364753727023068,8.455419353177536,1552,0.14860206817311375,52.97988403646381,-38.2889754272886,False,True,22.20552851504698,-45.410801333496956,False,True,39.61190036438455,-35.712505377271,False,True,73.8620017370194,-24.794354042697698,False,True,39.61190036438455,-35.712505377271,False,True
116,WORLD_FIXED,OUTPUT,,45519,41133,34307,542,0.9863718696989736,OUTPUT,,FAILED,ValueError: refined plane exceeds maximum tilt,False,10802,-107.59097300745056,45.70600674135056,-5.280203876679688,117.01596932859054,4.707452849908687,7.579023831511634,12.546379424799333,15.39523794047246,,,,,,,,,,,,,,,,,,,,,,,,,,,,
116,CAMERA_LOCAL,OUTPUT,,45519,41133,34307,542,0.9863718696989736,OUTPUT,,FAILED,ValueError: refined plane exceeds maximum tilt,False,10802,156.7173579102187,84.88501643636265,56.59065614040531,186.99812471830495,11.077651251445149,-13.530369675840863,-13.713501854091499,22.222632470428188,,,,,,,,,,,,,,,,,,,,,,,,,,,,
117,WORLD_FIXED,OUTPUT,,44616,40684,33740,538,0.9838168829275404,OUTPUT,,OUTPUT,,True,10818,-94.58024124775824,228.09042958568347,38.030869547665,249.83397115207788,20.932650064481976,6.0620228904661175,12.859965165860219,25.30420250301777,0.5712331937921873,2.505616631733585,6799,0.6284895544462932,0.6099178044184786,4.572423023413572,1841,0.17017933074505454,25.54413350785878,-15.47117239214002,False,True,23.139903846506105,-20.42930812783905,False,True,34.673307889396376,-19.12919764180343,False,True,49.40042594694716,11.942223399216246,False,False,34.673307889396376,-19.12919764180343,False,True
117,CAMERA_LOCAL,OUTPUT,,44616,40684,33740,538,0.9838168829275404,OUTPUT,,OUTPUT,,True,10818,105.50055630668636,166.05714891789643,74.45091424745009,210.35275781420577,18.1155814609492,-6.935516777517279,-10.857440369117562,22.22970301215142,0.5712331937921873,2.505616631733585,6799,0.6284895544462932,0.6084338065022149,7.986248225777825,1843,0.1703642078018118,25.54413350785878,-19.15534548444753,False,True,23.139903846506105,-26.523240307177787,False,True,34.673307889396376,-32.29921705419181,False,True,49.40042594694716,11.669455007881746,False,False,34.673307889396376,-32.29921705419181,False,True
118,WORLD_FIXED,OUTPUT,,43501,39564,32913,518,0.9906392968938117,OUTPUT,,OUTPUT,,True,11401,-35.79854382584867,243.66972140549504,25.988333827574756,247.6527051437481,22.029819579563497,1.923689536780108,10.271047202522478,24.382533559465912,0.5715177018287256,2.337389225037499,7080,0.6209981580563109,0.6036266937720078,3.7100454525886475,2146,0.18822910271028856,10.968503025625797,-32.636387544505816,False,True,21.82724423004412,-7.156411908468829,False,True,34.245208923912585,5.517663073572376,False,False,39.827866990000956,-8.145774986617948,False,True,34.245208923912585,-8.145774986617948,False,True
118,CAMERA_LOCAL,FAILED,ValueError: 0 correspondences < 24,43501,39564,32913,518,0.9906392968938117,OUTPUT,,FAILED,correction unavailable,False,11401,,,,,,,,,,,,,,,,,,,,,,,,,,,,,,,,,,,,
119,WORLD_FIXED,OUTPUT,,42939,38637,31322,483,0.9976430118486431,OUTPUT,,OUTPUT,,True,11720,84.1557226805875,253.27053772193597,19.776179204841124,267.61772774200244,23.037501669377924,-8.438992672672232,10.700097602332697,26.766306603553883,0.5715857837106556,2.452840398155733,7326,0.625085324232082,0.6112061289096657,7.976108435780115,1377,0.11749146757679181,4.462177924978494,-50.33752196052876,False,True,18.476866832509266,-29.311907553245643,False,True,30.589513528111347,-31.09754111907559,False,True,35.53549818843871,-19.50413620319913,False,True,30.589513528111347,-31.09754111907559,False,True
119,CAMERA_LOCAL,OUTPUT,,42939,38637,31322,483,0.9976430118486431,OUTPUT,,OUTPUT,,True,11720,-34.04263013786481,234.95470605537318,106.82694896599854,260.33557495980904,21.035588858716206,8.918121719312769,-12.89265560220421,26.23450899312719,0.5715857837106556,2.452840398155733,7326,0.625085324232082,0.6108606873949559,8.410857501016245,1377,0.11749146757679181,4.462177924978494,-49.954244629679565,False,True,18.476866832509266,-30.513568231560484,False,True,30.589513528111347,-33.42040305120753,False,True,35.53549818843871,-18.517488062332667,False,True,30.589513528111347,-33.42040305120753,False,True
120,WORLD_FIXED,OUTPUT,,42498,38099,31000,488,0.9980361224686907,OUTPUT,,OUTPUT,,True,12036,13.25391424892265,170.54508040915306,-1.6041576005590314,171.06684078537754,17.499318015544265,-2.053779637868194,14.918782407585242,23.087100518145384,0.5715403545819833,2.406159977106306,7600,0.6314390162844798,0.5742624330753272,9.725678824771283,2090,0.17364572947823198,-0.23743342267934509,-34.90572094848232,True,True,14.451752376768766,6.715728733036608,False,False,28.591419470618828,20.384990816611158,False,False,32.499813181866784,-10.01957516770069,False,True,28.591419470618828,-10.01957516770069,False,True
120,CAMERA_LOCAL,OUTPUT,,42498,38099,31000,488,0.9980361224686907,OUTPUT,,FAILED,ValueError: refined plane exceeds maximum tilt,False,12036,71.32419408597958,145.63668917853687,49.026163192561434,169.41295869644657,12.16434286482608,-2.3661145187590327,-12.977729998509595,17.944113551890585,,,,,,,,,,,,,,,,,,,,,,,,,,,,
121,WORLD_FIXED,OUTPUT,,42107,37578,30480,478,0.9988530231033917,OUTPUT,,FAILED,ValueError: refined plane exceeds maximum tilt,False,12015,4.76156866439969,86.45153150729323,-11.092051913573252,87.29016812766321,9.688856610204407,-0.03336644181015554,11.002334633234598,14.660369132945261,,,,,,,,,,,,,,,,,,,,,,,,,,,,
121,CAMERA_LOCAL,OUTPUT,,42107,37578,30480,478,0.9988530231033917,OUTPUT,,FAILED,ValueError: refined plane exceeds maximum tilt,False,12015,58.08038770616549,136.7573852698351,42.63138324639776,154.57473499715877,10.785576614810953,-1.0729264366807187,-13.493585072398213,17.30770557175425,,,,,,,,,,,,,,,,,,,,,,,,,,,,
122,WORLD_FIXED,OUTPUT,,41594,35607,27900,436,0.9998566513761468,OUTPUT,,OUTPUT,,True,12130,55.12648046525327,-84.28471366616316,-6.422794676985065,100.91627271028082,-8.132917940121901,-4.868736494914792,-1.8534612261296783,9.658378114074742,0.5701129941584319,2.2034103283424975,7701,0.6348722176422094,0.5510102011005699,7.3323636955171105,7704,0.6351195383347074,-4.76218026238584,-3.8275123854283333,True,True,5.143256395304774,20.859585271765347,False,False,23.59741636340429,29.111406594595767,False,False,33.21748316289352,31.359756767064816,False,False,23.59741636340429,29.111406594595767,False,False
122,CAMERA_LOCAL,OUTPUT,,41594,35607,27900,436,0.9998566513761468,OUTPUT,,OUTPUT,,True,12130,-48.46437748474293,-103.7313244028758,10.926363905533469,115.01464678706995,-8.706039297649495,4.50196488919709,2.2744428342921243,10.061605156347742,0.5701129941584319,2.2034103283424975,7701,0.6348722176422094,0.5500917535254853,7.589392877431414,7704,0.6351195383347074,-4.76218026238584,-4.020640490644434,True,True,5.143256395304774,21.47572047830204,False,False,23.59741636340429,29.95553895912051,False,False,33.21748316289352,30.94549949168057,False,False,23.59741636340429,29.95553895912051,False,False
123,WORLD_FIXED,OUTPUT,,40895,35650,27655,435,0.9996746674378253,OUTPUT,,OUTPUT,,True,12127,-22.799496456504045,-72.93384374046094,1.2947064818829777,76.42538103472134,-7.051087629012898,2.673381589488504,-0.07324840545121672,7.541231411641998,0.57122351249648,2.435897844691396,7641,0.6300816360188011,0.5643929812758383,6.580514393351297,7640,0.6299991753937495,-9.081163985426688,0.8473727412552368,True,False,-1.1784703014781073,-3.0025817426854173,True,True,12.259352717553739,-6.4610251147402264,False,True,28.191075789675722,41.53101186284091,False,False,12.259352717553739,-6.4610251147402264,False,True
123,CAMERA_LOCAL,OUTPUT,,40895,35650,27655,435,0.9996746674378253,OUTPUT,,OUTPUT,,True,12127,55.036728065832996,-72.07347535838326,2.1558463212601726,90.7098393769321,-6.252755275899701,-4.193412294326712,0.2693404646724545,7.533538311869923,0.57122351249648,2.435897844691396,7641,0.6300816360188011,0.5655555416887819,6.82668766128609,7642,0.6301640966438525,-9.081163985426688,1.4553640513625954,True,False,-1.1784703014781073,-5.289745672999224,True,True,12.259352717553739,-8.71619699545323,False,True,28.191075789675722,42.62612315877556,False,False,12.259352717553739,-8.71619699545323,False,True
124,WORLD_FIXED,OUTPUT,,40196,34311,26005,412,0.9996540324440686,OUTPUT,,OUTPUT,,True,12036,16.89143594529862,-79.69278979258794,-2.578076769248954,81.50403568565102,-7.55047062249455,-1.434925978153149,0.15870978885404718,7.687249702007221,0.5709194842569338,2.5153329440073082,7566,0.6286141575274178,0.5604455804263468,5.795394740421039,7566,0.6286141575274178,-11.01127669112245,-8.061136585464478,True,True,-6.409457918020167,1.4990855926885205,True,False,7.216743059356712,1.0685026577865742,False,False,28.27689649477916,31.451820329803425,False,False,7.216743059356712,1.0685026577865742,False,False
124,CAMERA_LOCAL,OUTPUT,,40196,34311,26005,412,0.9996540324440686,OUTPUT,,OUTPUT,,True,12036,-11.872656332641203,-96.33151665548093,4.469218015252438,97.1632388262457,-8.135730400425253,1.1256843512303256,0.5810076556271953,8.233762463352091,0.5709194842569338,2.5153329440073082,7566,0.6286141575274178,0.5593186358631603,6.207359532444629,7567,0.6286972416085078,-11.01127669112245,-8.927559399232843,True,True,-6.409457918020167,2.409918893257368,True,False,7.216743059356712,1.9444673734452245,False,False,28.27689649477916,30.25471118847578,False,False,7.216743059356712,1.9444673734452245,False,False
125,WORLD_FIXED,OUTPUT,,39480,33262,25328,388,0.9996447882543316,OUTPUT,,OUTPUT,,True,12088,-15.751349445077517,-75.86641255129018,4.225224856759825,77.59942066686894,-7.0756933429545,1.5778568374418391,0.9867197779339485,7.31632998183916,0.570785286031977,2.456381951383017,7492,0.6197882197220383,0.5670667351711068,6.252092401540888,7493,0.6198709463931171,-13.576461060575639,-9.221081310572089,True,True,-11.12337989582901,-13.099454480471673,True,True,3.564331533255083,-15.274898995588316,False,True,25.381268672845625,32.23974512405559,False,False,3.564331533255083,-15.274898995588316,False,True
125,CAMERA_LOCAL,OUTPUT,,39480,33262,25328,388,0.9996447882543316,OUTPUT,,OUTPUT,,True,12088,33.89892268328398,-80.68628519743424,-1.3245396123083255,87.52809824983939,-6.804738851619646,-2.8265169433562467,-0.20325055295633201,7.371226468987291,0.570785286031977,2.456381951383017,7492,0.6197882197220383,0.567847515257927,6.450465593866047,7493,0.6198709463931171,-13.576461060575639,-8.993834045977533,True,True,-11.12337989582901,-14.680252313564846,True,True,3.564331533255083,-17.130649261995256,False,True,25.381268672845625,32.52882571087967,False,False,3.564331533255083,-17.130649261995256,False,True
126,WORLD_FIXED,OUTPUT,,38622,31864,24190,382,0.9997933457325894,OUTPUT,,FAILED,ValueError: refined plane exceeds maximum tilt,False,11719,-83.21520725524394,-138.496920233993,37.260253014928146,165.81463773615008,-12.065481520438054,8.661820012857103,5.361022678241961,15.790615390534612,,,,,,,,,,,,,,,,,,,,,,,,,,,,
126,CAMERA_LOCAL,OUTPUT,,38622,31864,24190,382,0.9997933457325894,OUTPUT,,FAILED,ValueError: refined plane exceeds maximum tilt,False,11719,157.68627993800447,-89.97815770749938,1.4778487383423597,181.5577477884537,-7.648189815089399,-13.17493819954031,-2.449511520116152,15.429643894028322,,,,,,,,,,,,,,,,,,,,,,,,,,,,
127,WORLD_FIXED,OUTPUT,,37745,30563,22855,364,0.9999124994531216,OUTPUT,,FAILED,ValueError: refined plane exceeds maximum tilt,False,11664,-126.88295355752285,-123.491402570594,52.200657438459636,184.59230495700632,-10.448379251578837,13.384093730404711,5.4254261708003,17.82520247020736,,,,,,,,,,,,,,,,,,,,,,,,,,,,
127,CAMERA_LOCAL,OUTPUT,,37745,30563,22855,364,0.9999124994531216,OUTPUT,,FAILED,ValueError: refined plane exceeds maximum tilt,False,11664,161.41956150942013,-76.20538237478303,2.4978500506049115,178.52107549433953,-6.52555582804376,-13.260527206930615,-2.6474844645341524,15.01444753098204,,,,,,,,,,,,,,,,,,,,,,,,,,,,
128,WORLD_FIXED,OUTPUT,,37104,29644,22018,343,0.9998637664047955,OUTPUT,,FAILED,ValueError: refined plane exceeds maximum tilt,False,11683,-134.11420277159235,-130.30409704136994,57.437443820186935,195.61400012121746,-9.391506861360272,14.8751248670644,10.919953064104574,20.7054368671608,,,,,,,,,,,,,,,,,,,,,,,,,,,,
128,CAMERA_LOCAL,OUTPUT,,37104,29644,22018,343,0.9998637664047955,OUTPUT,,FAILED,ValueError: refined plane exceeds maximum tilt,False,11683,199.58756950039066,-102.41848800165491,10.182767599922371,224.56276035801758,-8.289472834396086,-16.467932649870406,-6.536575253379648,19.561057785200514,,,,,,,,,,,,,,,,,,,,,,,,,,,,
129,WORLD_FIXED,OUTPUT,,36594,28915,21433,335,1.0,OUTPUT,,OUTPUT,,True,11545,-59.17236851516322,-60.72691584820933,14.11553547843548,85.9556620937373,-6.358030015625763,5.5911119329491745,0.3435073840953633,8.473669550395085,0.5713818187577778,2.5487732392602513,7366,0.6380251190991771,0.5735891508955836,8.24858059000418,7359,0.6374187960155911,-18.84437431114705,-10.397186119919244,True,True,-22.734695378200943,-38.196764592758335,True,True,-4.410777816052036,-39.27767067435506,True,True,18.328605345395268,30.27942159215524,False,False,-4.410777816052036,-39.27767067435506,True,True
129,CAMERA_LOCAL,OUTPUT,,36594,28915,21433,335,1.0,OUTPUT,,OUTPUT,,True,11545,65.69150812417803,-72.71047871048532,-0.30977431178703013,97.99124406834075,-5.605716256197812,-5.519751330905548,0.4431059056747096,7.879597219634884,0.5713818187577778,2.5487732392602513,7366,0.6380251190991771,0.5729805869847685,7.555549560180228,7360,0.6375054135989606,-18.84437431114705,-10.919473111865585,True,True,-22.734695378200943,-35.40543840513377,True,True,-4.410777816052036,-35.64189942086982,True,True,18.328605345395268,29.73212927562563,False,False,-4.410777816052036,-35.64189942086982,True,True
130,WORLD_FIXED,OUTPUT,,36326,28321,20915,328,0.9998565828473085,OUTPUT,,OUTPUT,,True,11537,-147.63519199446046,-101.07404454335784,56.211002526911216,187.5414332905513,-7.849062250665458,15.512378278461691,7.1025450967289,18.779984156542287,0.571509499852791,2.59928499134525,7417,0.6428880991592268,0.6489133480811664,9.070039847984377,1701,0.14743867556557164,-19.34097519612066,-120.10198716138798,True,True,-23.665212304534002,-104.80016980828277,True,True,-3.9848537697344533,-99.15971470859863,True,True,17.668796228173633,-78.31772705569318,False,True,-3.9848537697344533,-99.15971470859863,True,True
130,CAMERA_LOCAL,OUTPUT,,36326,28321,20915,328,0.9998565828473085,OUTPUT,,FAILED,ValueError: refined plane exceeds maximum tilt,False,11537,196.8922195878378,-87.85784013257864,10.473244320520395,215.85929457307228,-7.067605689089796,-16.217819741584563,-3.6272837613409794,18.058956637421563,,,,,,,,,,,,,,,,,,,,,,,,,,,,
131,WORLD_FIXED,OUTPUT,,36337,27717,20479,322,0.9998535299287179,OUTPUT,,FAILED,ValueError: no valid near-horizontal plane,False,11140,-149.07924061819978,-120.73878347617443,61.543972824887575,201.46993425738773,-10.307578082806966,15.691071896995032,6.152621822564096,19.75628149478848,,,,,,,,,,,,,,,,,,,,,,,,,,,,
131,CAMERA_LOCAL,OUTPUT,,36337,27717,20479,322,0.9998535299287179,OUTPUT,,FAILED,ValueError: no valid near-horizontal plane,False,11140,749.2329935820345,-194.53357235672667,455.1207062111912,897.9578200939843,-9.632738414729182,-76.1990695524408,-17.792849529698174,78.83954175672758,,,,,,,,,,,,,,,,,,,,,,,,,,,,
132,WORLD_FIXED,OUTPUT,,36370,26949,19959,311,0.9998497144574692,OUTPUT,,FAILED,ValueError: refined plane exceeds maximum tilt,False,11215,-147.40737483664753,-125.8125985068517,61.032308624324806,203.1814135084531,-10.148849178713673,16.031308813068335,7.721691287909351,20.484787483838215,,,,,,,,,,,,,,,,,,,,,,,,,,,,
132,CAMERA_LOCAL,OUTPUT,,36370,26949,19959,311,0.9998497144574692,OUTPUT,,FAILED,ValueError: refined plane exceeds maximum tilt,False,11215,218.99412713991833,-104.02706372323742,17.036201621426525,243.04380237796457,-8.42239266405963,-17.862114835285244,-2.1242085634085934,19.862127443891332,,,,,,,,,,,,,,,,,,,,,,,,,,,,
133,WORLD_FIXED,OUTPUT,,36292,26033,19318,306,0.9999482374864124,OUTPUT,,FAILED,ValueError: refined plane exceeds maximum tilt,False,10870,-112.91315820846421,-119.65733453417934,40.58479960025922,169.45319401837008,-9.231930176716691,12.359613616415272,8.363437275748465,17.548095811233452,,,,,,,,,,,,,,,,,,,,,,,,,,,,
133,CAMERA_LOCAL,OUTPUT,,36292,26033,19318,306,0.9999482374864124,OUTPUT,,FAILED,ValueError: refined plane exceeds maximum tilt,False,10870,168.522487860214,-84.00207197884231,9.322110767720684,188.5287213145526,-7.0903041709925025,-13.553365173203025,-6.2404864573874255,16.5199815974541,,,,,,,,,,,,,,,,,,,,,,,,,,,,
134,WORLD_FIXED,OUTPUT,,36030,25485,18908,296,1.0,OUTPUT,,FAILED,ValueError: no valid near-horizontal plane,False,10839,-112.42419812099624,-114.49069550164224,38.92502596369681,165.11352859736613,-11.753811331760748,11.233635438360375,0.8024994890485778,16.278533454047288,,,,,,,,,,,,,,,,,,,,,,,,,,,,
134,CAMERA_LOCAL,OUTPUT,,36030,25485,18908,296,1.0,OUTPUT,,OUTPUT,,True,10839,89.02277117677606,-81.56080935888723,4.922997347976536,120.83648171871589,-6.381346268605691,-7.395780636918666,-0.25015199732206994,9.771475193185164,0.5703641627502097,2.2455600665633266,6922,0.6386197988744349,0.5685067348269183,9.286799096660435,6924,0.638804317741489,-21.197515705779992,-8.059844999436127,True,True,-22.634253213433485,-38.37173288375473,True,True,-6.360176916145988,-43.08684471881463,True,True,13.799105892802533,30.62704012340123,False,False,-6.360176916145988,-43.08684471881463,True,True
135,WORLD_FIXED,OUTPUT,,35857,25528,18981,301,1.0,OUTPUT,,FAILED,ValueError: no valid near-horizontal plane,False,10870,-163.06651686046027,-41.58264457096665,50.290174606053945,175.63856897739035,-4.633935180123334,16.22116761773588,0.7327830933034509,16.885988428223538,,,,,,,,,,,,,,,,,,,,,,,,,,,,
135,CAMERA_LOCAL,OUTPUT,,35857,25528,18981,301,1.0,OUTPUT,,FAILED,ValueError: no valid near-horizontal plane,False,10870,222.92539758838043,-53.7171349210471,19.02872994759406,230.0942329513757,-4.040764076097802,-18.24339921535674,1.179475295570059,18.722728199234787,,,,,,,,,,,,,,,,,,,,,,,,,,,,
136,WORLD_FIXED,OUTPUT,,35701,25529,18985,295,0.9999473296112925,OUTPUT,,FAILED,ValueError: refined plane exceeds maximum tilt,False,10815,-119.10755955831547,-61.96848955243476,26.69144192794217,136.89096943750744,-7.8952669445053605,11.280999743075977,-2.56847523011513,14.006900454275893,,,,,,,,,,,,,,,,,,,,,,,,,,,,
136,CAMERA_LOCAL,OUTPUT,,35701,25529,18985,295,0.9999473296112925,OUTPUT,,FAILED,ValueError: no valid near-horizontal plane,False,10815,768.2345346660755,6.666993051804371,487.6516995202493,909.9631471081353,-0.9087620579335401,-79.01721526304212,1.9108911097620245,79.04554169108617,,,,,,,,,,,,,,,,,,,,,,,,,,,,
137,WORLD_FIXED,OUTPUT,,35553,25278,18712,295,0.9999465612141292,OUTPUT,,FAILED,ValueError: refined plane exceeds maximum tilt,False,10792,-105.91468267735861,-59.074089802521996,20.758487267862,123.03894865566753,-7.5056012092471605,10.030795273443115,-3.0127258024771546,12.88516278868423,,,,,,,,,,,,,,,,,,,,,,,,,,,,
137,CAMERA_LOCAL,OUTPUT,,35553,25278,18712,295,0.9999465612141292,OUTPUT,,OUTPUT,,True,10792,206.67495398088423,-103.76441828042444,17.748411518178823,231.94093475601522,-7.951541857865124,-16.922278225647176,-0.10579935418958106,18.697639203036854,0.5708978705776842,2.5317534038942067,6927,0.6418643439584878,0.6974939815434077,2.817708132983756,825,0.07644551519644181,-19.601662846508773,-149.53599307002418,True,True,-24.291138642919098,-150.40996566323406,True,True,-9.947918674933721,-134.15922875799313,True,True,15.487305421597597,-113.70047107813319,False,True,-9.947918674933721,-134.15922875799313,True,True
138,WORLD_FIXED,OUTPUT,,35442,25251,18724,293,1.0,OUTPUT,,OUTPUT,,True,10789,-208.57925993844603,-12.441093259372503,75.69062350014569,222.2367183068519,-3.6200399399887675,21.092982657346855,-2.6907739027775786,21.569860239373785,0.5709384549747706,2.3699119026636755,6936,0.6428770043562888,0.6884365864478921,4.0106006078437275,1364,0.12642506256372232,-21.059865731216654,-131.46047954130557,True,True,-23.738507432646607,-145.54097849835225,True,True,-8.626108129040855,-133.03566270018274,True,True,14.578017752155725,-96.33297986958445,False,True,-8.626108129040855,-133.03566270018274,True,True
138,CAMERA_LOCAL,OUTPUT,,35442,25251,18724,293,1.0,OUTPUT,,OUTPUT,,True,10789,243.40241395964134,-18.961579022922667,27.231463474235216,245.65388090435647,-1.1450672590807396,-20.29553513891532,6.782493879171265,21.429469168034956,0.5709384549747706,2.3699119026636755,6936,0.6428770043562888,0.6881326558689299,3.873630830025631,1364,0.12642506256372232,-21.059865731216654,-131.63865159070576,True,True,-23.738507432646607,-144.895634911289,True,True,-8.626108129040855,-132.20439475253076,True,True,14.578017752155725,-96.45795113710453,False,True,-8.626108129040855,-132.20439475253076,True,True
139,WORLD_FIXED,OUTPUT,,35300,25714,19261,302,0.9998961740123553,OUTPUT,,OUTPUT,,True,10716,-254.1890229147745,-55.0164253863998,94.03273966482055,276.5520250541243,-13.21185261618875,24.839112940424474,-12.414996987134607,30.751694772965237,0.5715355228469396,2.7202169186070115,6893,0.64324374766704,0.680225608099716,6.778830330877096,1135,0.1059163867114595,-20.522013021169293,-152.77874662267575,True,True,-25.148780505086286,-132.01743364342434,True,True,-8.945765037406183,-105.18637445423562,True,True,18.026590970399713,-112.45737913302212,False,True,-8.945765037406183,-112.45737913302212,True,True
139,CAMERA_LOCAL,OUTPUT,,35300,25714,19261,302,0.9998961740123553,OUTPUT,,OUTPUT,,True,10716,254.58798846502322,-96.22755252157002,45.00465230919588,275.8626550739152,-7.925237765577357,-20.99919849744064,18.537081216974183,29.11012042607423,0.5715355228469396,2.7202169186070115,6893,0.64324374766704,0.672802003907806,9.411776734977865,1137,0.1061030235162374,-20.522013021169293,-157.80516754225337,True,True,-25.148780505086286,-126.15420184271808,True,True,-8.945765037406183,-94.5411654297117,True,True,18.026590970399713,-116.98242145851079,False,True,-8.945765037406183,-116.98242145851079,True,True
140,WORLD_FIXED,OUTPUT,,35216,27231,20448,324,1.0,OUTPUT,,FAILED,ValueError: refined plane exceeds maximum tilt,False,10852,-255.36697489049064,-4.511667751829555,84.87319633366349,269.13956689144754,-9.451045249323412,24.940221653657915,-15.061826376418642,30.629977574783272,,,,,,,,,,,,,,,,,,,,,,,,,,,,
140,CAMERA_LOCAL,OUTPUT,,35216,27231,20448,324,1.0,OUTPUT,,FAILED,ValueError: refined plane exceeds maximum tilt,False,10852,294.12018353258645,-42.034054334198714,58.25512423095533,302.76592209853595,-4.2087440567554975,-25.37721567582147,21.159157218450787,33.30805512466243,,,,,,,,,,,,,,,,,,,,,,,,,,,,
141,WORLD_FIXED,OUTPUT,,35139,29821,22563,347,0.9999113671615334,OUTPUT,,OUTPUT,,True,11084,-224.7557447695311,-101.77260087966451,73.42206248754309,257.4171834913955,-11.414857804091072,22.001830841970165,-0.12306851078092555,24.78698620132416,0.5705726090974412,2.4371003129468445,7080,0.6387585709130278,0.6692181869167069,2.3953332714324493,1217,0.10979790689281847,-20.12876450769163,-127.29530308111336,True,True,-23.630854805763434,-117.4197651568838,True,True,-7.658097590426127,-104.86809926329576,True,True,26.112954242860532,-80.5801937865267,False,True,-7.658097590426127,-104.86809926329576,True,True
141,CAMERA_LOCAL,OUTPUT,,35139,29821,22563,347,0.9999113671615334,OUTPUT,,OUTPUT,,True,11084,283.34628899716444,-40.7918183103045,59.078334521073074,292.30008816165173,-3.8549675841065927,-24.64128906176007,16.709749226644412,30.02115289120444,0.5705726090974412,2.4371003129468445,7080,0.6387585709130278,0.6779971501080695,2.1205921495206015,1215,0.10961746661854926,-20.12876450769163,-124.14897365498912,True,True,-23.630854805763434,-131.24317292705146,True,True,-7.658097590426127,-117.94393161786377,True,True,26.112954242860532,-78.63507417132209,False,True,-7.658097590426127,-117.94393161786377,True,True
142,WORLD_FIXED,OUTPUT,,35065,29335,22118,349,0.9998643822611998,OUTPUT,,FAILED,ValueError: refined plane exceeds maximum tilt,False,11150,-87.59358773860184,-129.21490358189112,31.741456274714135,159.3004958154153,-11.748286044589124,9.007470100467902,4.322087331059508,15.421970739617421,,,,,,,,,,,,,,,,,,,,,,,,,,,,
142,CAMERA_LOCAL,OUTPUT,,35065,29335,22118,349,0.9998643822611998,OUTPUT,,FAILED,ValueError: refined plane exceeds maximum tilt,False,11150,152.78587987190966,-131.60845959197025,12.237984964810355,202.02494895533027,-10.845401764669068,-12.453507822504795,-3.8487295135906128,16.956571451536377,,,,,,,,,,,,,,,,,,,,,,,,,,,,
143,WORLD_FIXED,OUTPUT,,34877,34170,27718,433,0.999675406643344,OUTPUT,,FAILED,ValueError: refined plane exceeds maximum tilt,False,11914,-159.35553563906046,-132.9024536718732,41.47166457677283,211.60611497209769,-12.965630844779898,15.61273786941402,1.611858997660587,20.358370671801858,,,,,,,,,,,,,,,,,,,,,,,,,,,,
143,CAMERA_LOCAL,OUTPUT,,34877,34170,27718,433,0.999675406643344,OUTPUT,,FAILED,ValueError: refined plane exceeds maximum tilt,False,11914,202.4699979664288,-133.46562398922546,43.51875147401181,246.3758401167123,-11.250645805135967,-16.8626456302686,1.824152647898067,20.353215509286827,,,,,,,,,,,,,,,,,,,,,,,,,,,,
144,WORLD_FIXED,OUTPUT,,34765,34765,28406,448,0.9999647974090893,OUTPUT,,OUTPUT,,True,12304,-41.459185122251725,-40.81362500350053,3.8538114405977364,58.30495587466974,-3.4765494125533785,3.7118573087591593,1.5470433173947575,5.31579001884102,0.5720277596945453,2.872644857857648,7634,0.6204486345903771,0.5710822158940556,5.557048746509826,7639,0.6208550065019506,-21.729427212580532,-8.985875752327566,True,True,-25.543614138421212,-31.960305292551674,True,True,-13.74718108426054,-32.01166545658918,True,True,48.36161619627344,61.019124387745926,False,False,-13.74718108426054,-32.01166545658918,True,True
144,CAMERA_LOCAL,OUTPUT,,34765,34765,28406,448,0.9999647974090893,OUTPUT,,OUTPUT,,True,12304,49.174225888143795,-37.63439306897325,1.8337143997940921,61.95009719014318,-3.2439007293896136,-4.236268348426505,-0.8246419948295615,5.398971742994324,0.5720277596945453,2.872644857857648,7634,0.6204486345903771,0.5710846187189614,5.542353823855839,7639,0.6208550065019506,-21.729427212580532,-9.162197480759415,True,True,-25.543614138421212,-31.886894852427794,True,True,-13.74718108426054,-32.19539067393518,True,True,48.36161619627344,60.87269960653807,False,False,-13.74718108426054,-32.19539067393518,True,True
145,WORLD_FIXED,OUTPUT,,34512,34492,28150,440,1.0,OUTPUT,,OUTPUT,,True,13060,-40.83729080790267,-25.03954063451447,2.431857895342002,47.964328917851546,-2.6397072453355523,3.688964187430781,-1.7588040678503616,4.865172439524712,0.5711308654885929,2.391330757311429,8107,0.620750382848392,0.5694984774520048,5.310138219081371,8108,0.6208269525267994,-20.465316899527906,-7.341671593043664,True,True,-24.0887381589876,-29.853507187232896,True,True,-17.252693571284674,-31.94966973837876,True,True,53.11555790819389,65.81965129908728,False,False,-17.252693571284674,-31.94966973837876,True,True
145,CAMERA_LOCAL,OUTPUT,,34512,34492,28150,440,1.0,OUTPUT,,OUTPUT,,True,13060,44.057508202168684,-28.949184124578473,2.62078359738213,52.782457285799175,-2.4580580126448033,-3.7893393095937618,2.3857749404492674,5.108137005135586,0.5711308654885929,2.391330757311429,8107,0.620750382848392,0.5699715260371162,5.599141619038636,8108,0.6208269525267994,-20.465316899527906,-7.45079199750065,True,True,-24.0887381589876,-31.032556792216504,True,True,-17.252693571284674,-33.848976232426665,True,True,53.11555790819389,65.93499078912035,False,False,-17.252693571284674,-33.848976232426665,True,True
146,WORLD_FIXED,OUTPUT,,34369,33666,27395,421,0.9998905029564201,OUTPUT,,OUTPUT,,True,13023,-52.8232940848857,-40.262544334373914,8.83898882384123,67.00373569946481,-3.2682550803931663,5.3302632686310565,1.2905341582039223,6.384252203424007,0.571216191767723,2.540327694911681,8204,0.6299623742609229,0.5728159604550921,6.940532193867929,8204,0.6299623742609229,-21.277709458044747,-8.404589089991754,True,True,-24.198090444580988,-37.60695801873404,True,True,-16.676136491642126,-42.07009788621663,True,True,51.590701649579465,63.485349374494795,False,False,-16.676136491642126,-42.07009788621663,True,True
146,CAMERA_LOCAL,OUTPUT,,34369,33666,27395,421,0.9998905029564201,OUTPUT,,OUTPUT,,True,13023,73.38051012070099,-34.96065915038809,1.6251911890197834,81.299373922588,-2.949219315158807,-5.808465831359878,0.5302771229548799,6.535852179334405,0.571216191767723,2.540327694911681,8204,0.6299623742609229,0.5730295177731969,7.13767688751538,8204,0.6299623742609229,-21.277709458044747,-8.48107240152407,True,True,-24.198090444580988,-38.375341342694156,True,True,-16.676136491642126,-43.25745049700458,True,True,51.590701649579465,63.56537712033139,False,False,-16.676136491642126,-43.25745049700458,True,True
147,WORLD_FIXED,OUTPUT,,34280,33399,26906,426,0.9988862488862489,OUTPUT,,OUTPUT,,True,12726,-38.223268279044994,-15.020501076661672,1.543974281811798,41.09765865726097,-1.9683631629271077,3.3731631715526484,-2.0976205698030856,4.433136065805848,0.570576547372599,2.3395427594484945,8194,0.6438786735816439,0.5692161163758123,4.433397519945811,8193,0.6438000942951438,-21.678292519826226,-9.566548654725949,True,True,-23.013996884759358,-27.429326654875407,True,True,-13.109889806701247,-24.23642203000853,True,True,43.01066276038301,52.835604428106976,False,False,-13.109889806701247,-24.23642203000853,True,True
147,CAMERA_LOCAL,OUTPUT,,34280,33399,26906,426,0.9988862488862489,OUTPUT,,OUTPUT,,True,12726,34.166368082411964,-22.119780671489146,3.6245431211046815,40.86273017964403,-1.662822010332807,-3.0849219186256267,2.7708397971242817,4.467580269384288,0.570576547372599,2.3395427594484945,8194,0.6438786735816439,0.5693535326087553,4.480019119295947,8192,0.6437215150086437,-21.678292519826226,-9.559646004839163,True,True,-23.013996884759358,-27.685761119967566,True,True,-13.109889806701247,-24.641523232871275,True,True,43.01066276038301,52.782612893856886,False,False,-13.109889806701247,-24.641523232871275,True,True
148,WORLD_FIXED,OUTPUT,,34235,33361,26951,421,0.9998516045260619,OUTPUT,,OUTPUT,,True,12574,-26.79647215073568,45.9676243432367,-7.967449687140786,53.80105632794955,1.420815118313247,2.123250068218209,-7.060456558362731,7.508458780944556,0.570210121512483,2.289787976525461,8347,0.6638301256561158,0.5579550729489752,4.727962526290248,8347,0.6638301256561158,-20.541005876502428,-6.808047794309768,True,True,-22.842723023220437,-14.992900560535261,True,True,-12.10558021022512,-0.09557025489581594,True,True,33.241675842008654,51.568868909697144,False,False,-12.10558021022512,-0.09557025489581594,True,True
148,CAMERA_LOCAL,OUTPUT,,34235,33361,26951,421,0.9998516045260619,OUTPUT,,OUTPUT,,True,12574,31.862772006417725,-40.51214031464372,7.186604827249249,52.03957188284105,-1.963333368983131,-3.155992451324458,8.017987079440712,8.83759486945729,0.570210121512483,2.289787976525461,8347,0.6638301256561158,0.5684415102387568,5.735558460159197,8347,0.6638301256561158,-20.541005876502428,-5.746553655550435,True,True,-22.842723023220437,-30.02152391285584,True,True,-12.10558021022512,-26.733318213692737,True,True,33.241675842008654,44.432975840869915,False,False,-12.10558021022512,-26.733318213692737,True,True
149,WORLD_FIXED,OUTPUT,,34273,33789,27466,431,1.0,OUTPUT,,OUTPUT,,True,12299,-81.05274699434138,-10.785150890380804,14.286332763528266,83.00582256015092,-3.946743407621079,7.275353553573265,-4.807885866073384,9.57200707042571,0.5693295811019885,2.1986476446350762,8327,0.6770469143832832,0.5712226492641779,8.62292086432282,8337,0.6778599886169607,-19.902748654864077,-5.740504670723623,True,True,-21.761115510411045,-41.19340885056455,True,True,-6.914416695918857,-38.50340156403076,True,True,21.04115895728409,30.574947270525676,False,False,-6.914416695918857,-38.50340156403076,True,True
149,CAMERA_LOCAL,OUTPUT,,34273,33789,27466,431,1.0,OUTPUT,,OUTPUT,,True,12299,67.27679557930011,-54.671399888166405,6.178002951258495,86.90970549723716,-2.992527507042777,-5.896708448883356,5.6969261109284615,8.728193313906292,0.5693295811019885,2.1986476446350762,8327,0.6770469143832832,0.5708957529876791,7.940765868623895,8333,0.6775347589234897,-19.902748654864077,-5.712934378218626,True,True,-21.761115510411045,-38.727917493375564,True,True,-6.914416695918857,-35.392483799832064,True,True,21.04115895728409,30.177774163624438,False,False,-6.914416695918857,-35.392483799832064,True,True
150,WORLD_FIXED,OUTPUT,,34343,34343,28001,434,0.9996073111523632,OUTPUT,,OUTPUT,,True,12017,-48.858018087795415,-7.457256637665106,5.937504236934529,49.779218199876944,-1.3369489206248433,4.6596872435072765,0.5140321632188525,4.87486888936388,0.5690356864135605,2.0445245505101783,8192,0.6817009236914371,0.5701475995606956,5.7133961497045425,8188,0.6813680619122909,-19.90109773452342,-8.182987962894073,True,True,-21.183528662724548,-31.648418397094424,True,True,-5.826819222106372,-22.313092014936586,True,True,11.670774723812283,19.908560716046964,False,False,-5.826819222106372,-22.313092014936586,True,True
150,CAMERA_LOCAL,OUTPUT,,34343,34343,28001,434,0.9996073111523632,OUTPUT,,OUTPUT,,True,12017,57.0071522233925,-18.27918183644645,4.093292680052895,60.00582420228467,-0.9640423439573468,-4.620868822836895,0.3346688847148558,4.732209798942254,0.5690356864135605,2.0445245505101783,8192,0.6817009236914371,0.5699355062437361,5.547511594961534,8188,0.6813680619122909,-19.90109773452342,-8.258572786123853,True,True,-21.183528662724548,-30.994184379967372,True,True,-5.826819222106372,-21.668319778438637,True,True,11.670774723812283,19.782857026260814,False,False,-5.826819222106372,-21.668319778438637,True,True
151,WORLD_FIXED,OUTPUT,,34418,34418,28121,442,0.9998933295406058,OUTPUT,,OUTPUT,,True,11722,-41.70640517274968,-20.64843701352413,4.764116401191926,46.78118199253991,-1.6043092481801495,4.146864180494488,1.3725699877864095,4.653411551392866,0.5688805833781444,2.1696552632025363,7983,0.6810271284763693,0.5693139465455878,5.806548376495418,7977,0.6805152704316669,-17.44881704943935,-6.300800263956852,True,True,-21.710397516618627,-31.08086281974476,True,True,-9.639974691695974,-25.467602892690344,True,True,5.810319071055892,12.40706982620432,False,False,-9.639974691695974,-25.467602892690344,True,True
151,CAMERA_LOCAL,OUTPUT,,34418,34418,28121,442,0.9998933295406058,OUTPUT,,OUTPUT,,True,11722,56.832183790371005,-13.442904892115541,1.8777227228601547,58.43059685597024,-1.2563223235463004,-4.462481588976051,-0.5167304386672319,4.664664838853509,0.5688805833781444,2.1696552632025363,7983,0.6810271284763693,0.5693154536044517,5.807259727710062,7977,0.6805152704316669,-17.44881704943935,-6.300328903149577,True,True,-21.710397516618627,-31.084205423024702,True,True,-9.639974691695974,-25.473893952409842,True,True,5.810319071055892,12.405423041727204,False,False,-9.639974691695974,-25.473893952409842,True,True
152,WORLD_FIXED,OUTPUT,,34401,34401,28062,435,0.9999287343215507,OUTPUT,,OUTPUT,,True,11433,-35.53640764958266,-30.067580599887638,2.236175663111098,46.60360665618431,-2.027604985011155,3.6766374235394683,3.172310160855029,5.262356551591415,0.5705368493734243,2.4541772143618856,7891,0.6901950494183504,0.5693692021995331,5.248253237430475,7890,0.6901075833114668,-20.25116476020161,-7.534866620024561,True,True,-23.49612014473912,-29.65265528059058,True,True,-12.20805972920136,-26.562742365485057,True,True,2.8564847789159797,10.299101028873103,False,False,-12.20805972920136,-26.562742365485057,True,True
152,CAMERA_LOCAL,OUTPUT,,34401,34401,28062,435,0.9999287343215507,OUTPUT,,OUTPUT,,True,11433,62.525394420481675,-13.984672742369932,2.54940707098762,64.12094428158078,-1.5591837233515067,-4.700134265208952,-2.5616416102701067,5.575331715119988,0.5705368493734243,2.4541772143618856,7891,0.6901950494183504,0.5697621625397746,5.525759853483265,7893,0.6903699816321176,-20.25116476020161,-7.4161630614606455,True,True,-23.49612014473912,-30.789351318705194,True,True,-12.20805972920136,-27.367016654899935,True,True,2.8564847789159797,10.648500647516546,False,False,-12.20805972920136,-27.367016654899935,True,True
153,WORLD_FIXED,OUTPUT,,34248,34248,27966,438,0.9999284897025171,OUTPUT,,OUTPUT,,True,11142,-42.44401685786501,-28.078909752986494,4.055104269496531,51.05255733637227,-2.1486382211800827,4.2322218326767596,1.7892679360886903,5.07245774685377,0.5720219062371065,2.6236635611877204,7671,0.6884760366182014,0.5720084249545051,5.511842216254176,7671,0.6884760366182014,-23.333387859741595,-10.060212180587724,True,True,-24.813278890782776,-32.98635297538044,True,True,-16.460155169096158,-33.88685648489576,True,True,2.7469696007398348,5.328508026472778,False,False,-16.460155169096158,-33.88685648489576,True,True
153,CAMERA_LOCAL,OUTPUT,,34248,34248,27966,438,0.9999284897025171,OUTPUT,,OUTPUT,,True,11142,57.907544857923625,-18.523947983515512,2.2681364457073667,60.840486875967486,-1.7345972807518342,-4.574911932961114,-0.15752803621647857,4.895248921447802,0.5720219062371065,2.6236635611877204,7671,0.6884760366182014,0.5720549371756762,5.538231573851948,7671,0.6884760366182014,-23.333387859741595,-10.158510980731172,True,True,-24.813278890782776,-33.10108901608966,True,True,-16.460155169096158,-33.81042181395411,True,True,2.7469696007398348,5.476694029979079,False,False,-16.460155169096158,-33.81042181395411,True,True
154,WORLD_FIXED,OUTPUT,,34126,34126,27852,438,0.999748734699738,OUTPUT,,OUTPUT,,True,11227,-32.26297232915863,-37.257313079578694,1.5325673073449608,49.30877735224575,-2.5201451397935615,3.532671526368808,3.7180761891402145,5.714454496020897,0.5708852099211096,2.3062641830559065,7782,0.6931504409013984,0.5691396377287216,4.947539393224828,7786,0.6935067248597132,-21.099303637607147,-7.997664851079667,True,True,-23.505137018577706,-28.51774002327656,True,True,-22.039863159441065,-35.17454444482004,True,True,-2.2757759737007666,-1.4545337161721017,True,True,-22.039863159441065,-35.17454444482004,True,True
154,CAMERA_LOCAL,OUTPUT,,34126,34126,27852,438,0.999748734699738,OUTPUT,,OUTPUT,,True,11227,60.523971179837666,-23.19377079406838,2.4778855937853286,64.86325622447188,-2.338497144833003,-4.447624236081132,-2.8195180487762874,5.761910470420694,0.5708852099211096,2.3062641830559065,7782,0.6931504409013984,0.5691655109291065,4.9698562949468075,7786,0.6935067248597132,-21.099303637607147,-8.005273880211995,True,True,-23.505137018577706,-28.588449616470335,True,True,-22.039863159441065,-35.37417210648475,True,True,-2.2757759737007666,-1.567497487245717,True,True,-22.039863159441065,-35.37417210648475,True,True
155,WORLD_FIXED,OUTPUT,,33964,33964,27703,432,0.9999639041293676,OUTPUT,,OUTPUT,,True,11536,-53.43299336118052,-34.519992759647266,7.969520629289569,64.11105941039139,-2.8041439731276565,5.533826523256997,2.0398356078881665,6.530496820207423,0.5726015404785758,2.761085515449058,8059,0.6985957004160888,0.5737602719313498,6.943461510082812,8058,0.698509015256588,-23.51832907660334,-8.971284896281183,True,True,-25.70264355033469,-38.75926868745305,True,True,-23.41567912787179,-47.27691319731242,True,True,-9.528837349015662,-8.67288003979838,True,True,-23.41567912787179,-47.27691319731242,True,True
155,CAMERA_LOCAL,OUTPUT,,33964,33964,27703,432,0.9999639041293676,OUTPUT,,OUTPUT,,True,11536,71.79620733926318,-28.377028873957848,2.4246764753697674,77.23878696630415,-2.304561966259803,-5.586337964502576,0.9004691345390096,6.109748143109621,0.5726015404785758,2.761085515449058,8059,0.6985957004160888,0.5735362909076909,6.775213245766732,8058,0.698509015256588,-23.51832907660334,-8.993528880985924,True,True,-25.70264355033469,-38.050671501234426,True,True,-23.41567912787179,-46.28878089702803,True,True,-9.528837349015662,-8.403198550366087,True,True,-23.41567912787179,-46.28878089702803,True,True
156,WORLD_FIXED,OUTPUT,,33840,33840,27604,432,1.0,OUTPUT,,OUTPUT,,True,11794,-43.39641555774464,-37.66476828987577,4.407650133057994,57.63081669806474,-2.365667915489766,4.466071225138007,4.4324414856345244,6.722255157159491,0.5705414438774766,2.1956465184580938,8107,0.6873834152959132,0.5704574419026145,5.4291512957970545,8110,0.6876377819230117,-22.213240041700665,-8.17134817340115,True,True,-22.587761172340738,-31.12729714487783,True,True,-20.623061037804426,-39.576519587460446,True,True,-15.433508239606763,-12.282143712031846,True,True,-20.623061037804426,-39.576519587460446,True,True
156,CAMERA_LOCAL,OUTPUT,,33840,33840,27604,432,1.0,OUTPUT,,OUTPUT,,True,11794,77.01033427973397,-14.745720845433564,2.025886541842335,78.43552820889421,-1.8592112274653612,-5.705513603713064,-4.67338655026706,7.605924908826352,0.5705414438774766,2.1956465184580938,8107,0.6873834152959132,0.5703874042928165,5.36296152614579,8109,0.6875529930473122,-22.213240041700665,-8.313817515994026,True,True,-22.587761172340738,-30.915005798749952,True,True,-20.623061037804426,-38.8140200071293,True,True,-15.433508239606763,-11.818065324216697,True,True,-20.623061037804426,-38.8140200071293,True,True
157,WORLD_FIXED,OUTPUT,,33732,33732,27502,435,1.0,OUTPUT,,OUTPUT,,True,11763,-56.08338916024084,-43.57981676412313,10.250414344448556,71.76083864564603,-4.12378590839095,5.446281036414005,0.11902729217522086,6.832404762755874,0.5702422816879205,2.290297705940296,8281,0.7039870781263283,0.5723783686445975,6.919941713365443,8286,0.7044121397602653,-21.074832783247622,-9.538090341333238,True,True,-22.57630682070444,-36.767268788174825,True,True,-21.872498019094632,-50.66589889476369,True,True,-15.619082684470209,-16.46408096336205,True,True,-21.872498019094632,-50.66589889476369,True,True
157,CAMERA_LOCAL,OUTPUT,,33732,33732,27502,435,1.0,OUTPUT,,OUTPUT,,True,11763,76.00398421926653,-43.82918183123091,0.1121034340330204,87.73605509924377,-3.5844830983441596,-6.036161241015842,1.5275627577063025,7.184511784984985,0.5702422816879205,2.290297705940296,8281,0.7039870781263283,0.572884260141948,7.301922803961926,8285,0.7043271274334778,-21.074832783247622,-9.541578478287626,True,True,-22.57630682070444,-38.41480297155964,True,True,-21.872498019094632,-52.70352345314833,True,True,-15.619082684470209,-16.677805361550945,True,True,-21.872498019094632,-52.70352345314833,True,True
158,WORLD_FIXED,OUTPUT,,33723,33723,27527,430,1.0,OUTPUT,,OUTPUT,,True,11746,-56.69940113254949,-23.298554971973758,9.95763384852887,62.10313377304889,-3.425579175063455,5.594813798231102,-4.5355149534133625,7.9754266352428935,0.5687561943294888,1.771877170714357,8409,0.7159032862250979,0.5714951012584201,6.777421279351243,8414,0.7163289630512515,-19.2193341819884,-8.001109084744051,True,True,-20.653937767329268,-35.73420654191884,True,True,-21.311496328407674,-48.73159234283497,True,True,-18.43507209400752,-14.295919246475442,True,True,-21.311496328407674,-48.73159234283497,True,True
158,CAMERA_LOCAL,OUTPUT,,33723,33723,27527,430,1.0,OUTPUT,,OUTPUT,,True,11746,60.70432947770071,-39.884035701473294,0.44649653307640824,72.63574382029616,-2.8307330683039718,-4.862196472688945,7.1656037632884875,9.110427077556384,0.5687561943294888,1.771877170714357,8409,0.7159032862250979,0.5718130492639253,7.182081141886306,8414,0.7163289630512515,-19.2193341819884,-7.956059648688951,True,True,-20.653937767329268,-37.19769572919596,True,True,-21.311496328407674,-50.881389647015716,True,True,-18.43507209400752,-14.625929428106478,True,True,-21.311496328407674,-50.881389647015716,True,True
159,WORLD_FIXED,OUTPUT,,33780,33780,27538,428,1.0,OUTPUT,,OUTPUT,,True,11821,-46.99052009856966,-26.183043815761263,6.407771710391002,54.17305881048845,-2.3063423696041854,4.671321692852523,0.6244252296838801,5.246938950608419,0.5689472278207287,1.9571663077099217,8342,0.7056932577616107,0.57035687715678,5.736561603227209,8342,0.7056932577616107,-19.805358740619173,-7.515612724183995,True,True,-21.04021801571698,-31.89415974629184,True,True,-20.99280627646316,-41.86927007332597,True,True,-20.514736429581127,-12.369742404614414,True,True,-20.99280627646316,-41.86927007332597,True,True
159,CAMERA_LOCAL,OUTPUT,,33780,33780,27538,428,1.0,OUTPUT,,OUTPUT,,True,11821,52.68733398317655,-27.51409906996887,1.2539497506623791,59.45210845600044,-2.0487556735779857,-4.341744241129568,2.4429840368149542,5.386679298931063,0.5689472278207287,1.9571663077099217,8342,0.7056932577616107,0.5701567803616037,5.598380444739523,8343,0.7057778529735217,-19.805358740619173,-7.615036765018068,True,True,-21.04021801571698,-31.28098982905858,True,True,-20.99280627646316,-41.564302815523924,True,True,-20.514736429581127,-12.750513431955547,True,True,-20.99280627646316,-41.564302815523924,True,True
160,WORLD_FIXED,OUTPUT,,33807,33807,27575,433,0.9999637365825356,OUTPUT,,OUTPUT,,True,11892,-47.399689523451855,-28.569264016985088,7.154945316603681,55.804360545350036,-2.001382378545555,4.811811086462118,2.4484682122656314,5.757955708706665,0.5696027708715085,1.9309680834388836,8198,0.6893710057181298,0.5718908460676874,5.640589449438646,8194,0.6890346451395897,-20.92166267118367,-9.121328973111243,True,True,-21.400200693259762,-33.181591313005576,True,True,-20.661334575944323,-42.223423267851004,True,True,-22.3298281369283,-13.517015295567036,True,True,-22.3298281369283,-42.223423267851004,True,True
160,CAMERA_LOCAL,OUTPUT,,33807,33807,27575,433,0.9999637365825356,OUTPUT,,OUTPUT,,True,11892,69.75013997905626,-16.747575055640237,0.23765653365573514,71.73297552709099,-1.633626324850072,-5.348648540693352,-1.2131987886768876,5.722641652414674,0.5696027708715085,1.9309680834388836,8198,0.6893710057181298,0.5718659717969123,5.616337984869749,8194,0.6890346451395897,-20.92166267118367,-9.146783854831808,True,True,-21.400200693259762,-33.091454857967385,True,True,-20.661334575944323,-42.12284227829721,True,True,-22.3298281369283,-13.530630249792841,True,True,-22.3298281369283,-42.12284227829721,True,True
161,WORLD_FIXED,OUTPUT,,33734,33734,27563,434,0.9998548989734103,OUTPUT,,OUTPUT,,True,11792,-54.76431559412654,-35.23430931844977,9.769101572530417,65.84847880684644,-3.853701271578021,5.709849542800309,-1.5030085821586927,7.050704226530967,0.5709375362721604,2.194520072702891,8163,0.6922489823609227,0.5733419654687794,6.775644584862376,8149,0.691061736770692,-22.271410788428312,-10.026865748335222,True,True,-22.990235265644145,-37.50980910611623,True,True,-21.614971439841145,-50.376722369916195,True,True,-22.60424111462789,-16.60754110944429,True,True,-22.60424111462789,-50.376722369916195,True,True
161,CAMERA_LOCAL,OUTPUT,,33734,33734,27563,434,0.9998548989734103,OUTPUT,,OUTPUT,,True,11792,75.35554579700468,-38.410954487015154,0.76352533334687,84.58393865210274,-3.0432686202056067,-5.704384705676914,2.72450406068985,7.016011056277229,0.5709375362721604,2.194520072702891,8163,0.6922489823609227,0.5734566870091107,6.849912883524937,8151,0.691231343283582,-22.271410788428312,-9.845404888436992,True,True,-22.990235265644145,-37.88834271779162,True,True,-21.614971439841145,-50.532462953844394,True,True,-22.60424111462789,-16.31455061386877,True,True,-22.60424111462789,-50.532462953844394,True,True
162,WORLD_FIXED,OUTPUT,,33595,33595,27444,425,0.9997814207650273,OUTPUT,,OUTPUT,,True,11778,-32.00571182663478,-29.888073947695787,0.14379831318016145,43.79136024134663,-2.0654635617780563,3.16232503259573,2.7668230281402124,4.682066745130984,0.5706508793529617,2.10053099788551,8267,0.7019018509084735,0.5683505168713909,4.123317754568194,8265,0.7017320427916455,-21.68669759241304,-8.860983196495642,True,True,-22.72199792025331,-25.79419917057968,True,True,-21.39367174553197,-33.18954988175904,True,True,-22.10336584842787,-12.186588934215536,True,True,-22.10336584842787,-33.18954988175904,True,True
162,CAMERA_LOCAL,OUTPUT,,33595,33595,27444,425,0.9997814207650273,OUTPUT,,OUTPUT,,True,11778,48.88010767889387,-17.554653538915748,2.970906834860361,52.02169811716114,-1.8313098631718643,-3.7780635066254775,-1.9607747370039401,4.6337994393713915,0.5706508793529617,2.10053099788551,8267,0.7019018509084735,0.568238905795561,4.034820560609411,8266,0.7018169468500595,-21.68669759241304,-8.992837478236094,True,True,-22.72199792025331,-25.47635905189538,True,True,-21.39367174553197,-32.62898575366058,True,True,-22.10336584842787,-12.058936618451476,True,True,-22.10336584842787,-32.62898575366058,True,True
163,WORLD_FIXED,OUTPUT,,33471,33471,27349,432,1.0,OUTPUT,,OUTPUT,,True,11645,-37.676265960237714,-32.68112916972042,2.7857210593395703,49.9531526766326,-2.666571841924696,3.631253481235921,1.3916122126636856,4.715208562043505,0.569817728979882,2.034166638345307,8137,0.698754830399313,0.569084416937505,4.645159705923257,8129,0.6980678402747961,-20.85347737615606,-8.63658960190028,True,True,-21.8249630190831,-27.668580827209354,True,True,-20.76032544160311,-36.97006194393815,True,True,-21.077561922107858,-13.407514213096604,True,True,-21.077561922107858,-36.97006194393815,True,True
163,CAMERA_LOCAL,OUTPUT,,33471,33471,27349,432,1.0,OUTPUT,,OUTPUT,,True,11645,50.76909611372407,-22.428891002114625,1.836432174302571,55.533132046734984,-2.0679929126175116,-4.02459747862775,-0.27792037415769233,4.533345264369905,0.569817728979882,2.034166638345307,8137,0.698754830399313,0.5691367517921694,4.615476106435546,8130,0.6981537140403606,-20.85347737615606,-8.534578212508027,True,True,-21.8249630190831,-27.73278910173371,True,True,-20.76032544160311,-36.30745690383408,True,True,-21.077561922107858,-12.801448601928445,True,True,-21.077561922107858,-36.30745690383408,True,True
164,WORLD_FIXED,OUTPUT,,33440,33440,27249,433,0.9999633027522936,OUTPUT,,OUTPUT,,True,11629,-35.03357449719567,-22.053800818797818,1.898374926641909,41.440623788353726,-1.4363917126774166,3.4305429679597985,2.634866004691052,4.557890418816952,0.5692414042374048,1.8904217938595933,8117,0.6979963883394961,0.5685905298553778,4.273294958886129,8119,0.6981683721730157,-20.50892952855332,-9.17261880037401,True,True,-21.035650995424703,-26.405322136413,True,True,-20.24873279120698,-32.997300599178494,True,True,-20.805022752686142,-11.040573062642501,True,True,-20.805022752686142,-32.997300599178494,True,True
164,CAMERA_LOCAL,OUTPUT,,33440,33440,27249,433,0.9999633027522936,OUTPUT,,OUTPUT,,True,11629,52.57632858490837,-13.3250926374137,2.2621782501434238,54.28577964531164,-1.3261302008246916,-4.069787874170729,-1.5335901062420743,4.546833322681844,0.5692414042374048,1.8904217938595933,8117,0.6979963883394961,0.5686827315286176,4.32625251651357,8119,0.6981683721730157,-20.50892952855332,-9.073660285997654,True,True,-21.035650995424703,-26.632432245240146,True,True,-20.24873279120698,-33.49771675550572,True,True,-20.805022752686142,-11.230358261600571,True,True,-20.805022752686142,-33.49771675550572,True,True
165,WORLD_FIXED,OUTPUT,,33340,33340,27223,423,0.9999265381083563,OUTPUT,,OUTPUT,,True,11619,-31.54969802800901,-30.441592767468062,0.5706812404215608,43.845178674024,-2.6631018360043104,2.8459806841898723,0.8868252928274385,3.9972711371271603,0.5700357581762956,2.153247742577494,8040,0.6919700490575781,0.5682209440170253,3.751528346938362,8037,0.691711851278079,-21.58955857742273,-9.860879311739733,True,True,-22.01454626809629,-24.648732242031013,True,True,-20.680955856295814,-33.08289684624954,True,True,-21.35330725023199,-13.633954387680557,True,True,-21.35330725023199,-33.08289684624954,True,True
165,CAMERA_LOCAL,OUTPUT,,33340,33340,27223,423,0.9999265381083563,OUTPUT,,OUTPUT,,True,11619,35.40888960827864,-28.691649212920538,2.466153477673864,45.64079437108857,-1.9545079077444334,-3.1148691909117963,5.152140587897537,6.329854964798815,0.5700357581762956,2.153247742577494,8040,0.6919700490575781,0.5703048939438272,4.73780778890645,8040,0.6919700490575781,-21.58955857742273,-9.475966174105954,True,True,-22.01454626809629,-29.231269906658696,True,True,-20.680955856295814,-37.610310081208745,True,True,-21.35330725023199,-13.428557226127014,True,True,-21.35330725023199,-37.610310081208745,True,True
166,WORLD_FIXED,OUTPUT,,33263,33263,27112,426,0.9999631173237931,OUTPUT,,OUTPUT,,True,11679,-45.85904892479962,-25.910552539065105,5.548597820358601,52.96410141727043,-3.284246780822988,4.417364906232774,-2.7188632842164373,6.139349085238861,0.569171021909258,1.73280302129276,7962,0.6817364500385307,0.5699885830442198,5.266155643705155,7964,0.6819076975768473,-20.807826761640058,-9.089587093809026,True,True,-20.644103433010265,-29.92870483273402,True,True,-20.165044490507043,-41.305592977213365,True,True,-21.518636241695035,-14.931227722038475,True,True,-21.518636241695035,-41.305592977213365,True,True
166,CAMERA_LOCAL,OUTPUT,,33263,33263,27112,426,0.9999631173237931,OUTPUT,,OUTPUT,,True,11679,48.88701691733514,-36.89933077980594,2.0953484835967733,61.28532875281863,-2.6998130531176576,-3.9447986795315466,3.9471759961569375,6.199243944906171,0.569171021909258,1.73280302129276,7962,0.6817364500385307,0.5699874831924044,5.275919810144411,7965,0.6819933213460057,-20.807826761640058,-9.080902245369838,True,True,-20.644103433010265,-29.951192668086545,True,True,-20.165044490507043,-41.34989656494869,True,True,-21.518636241695035,-14.934321412581886,True,True,-21.518636241695035,-41.34989656494869,True,True
167,WORLD_FIXED,OUTPUT,,33138,33138,27001,421,1.0,OUTPUT,,OUTPUT,,True,11680,-42.818505400270105,-8.410088018621956,2.3933093505809238,43.70219576682054,-1.047269856654371,3.9833930761373497,-1.1597461425037674,4.278925760833928,0.5705364168159439,2.218520586496318,8068,0.6907534246575342,0.5695500698277484,4.842078842528517,8064,0.6904109589041096,-22.63742768684085,-10.52823804956815,True,True,-22.52081991004895,-28.61761383361694,True,True,-20.844665301069874,-33.30641748602703,True,True,-21.74352214658759,-9.980641719107396,True,True,-21.74352214658759,-33.30641748602703,True,True
167,CAMERA_LOCAL,OUTPUT,,33138,33138,27001,421,1.0,OUTPUT,,OUTPUT,,True,11680,44.14557029449743,-11.91757555075604,4.080300182655238,45.907611931083586,-0.8501612106227983,-3.765674866540211,2.5281706168843976,4.614621106073378,0.5705364168159439,2.218520586496318,8068,0.6907534246575342,0.5698066317153072,4.923576331974378,8063,0.6903253424657534,-22.63742768684085,-10.106414532157771,True,True,-22.52081991004895,-29.104708173406046,True,True,-20.844665301069874,-34.588772679628455,True,True,-21.74352214658759,-10.505413610030544,True,True,-21.74352214658759,-34.588772679628455,True,True
168,WORLD_FIXED,OUTPUT,,33051,33051,26997,423,1.0,OUTPUT,,OUTPUT,,True,11609,-50.22846184021174,-18.45051314422895,6.218937966428399,53.87016802971063,-1.7311003232945463,4.907502824097051,-0.04576306801895793,5.204074034468141,0.5700023033215577,1.9547467902992592,8063,0.6945473339650271,0.5710427892800373,5.875340001300308,8063,0.6945473339650271,-20.735591953587097,-8.058195996952012,True,True,-22.004027039088104,-32.988126030370154,True,True,-21.60579039582766,-41.15329900361675,True,True,-20.445358292047633,-11.85364590605975,True,True,-21.60579039582766,-41.15329900361675,True,True
168,CAMERA_LOCAL,OUTPUT,,33051,33051,26997,423,1.0,OUTPUT,,OUTPUT,,True,11609,62.82921908787908,-13.407011443332793,2.0604388744650843,64.27677757471801,-1.2638423713144897,-4.9708683997091345,1.5706090890607425,5.364106924493294,0.5700023033215577,1.9547467902992592,8063,0.6945473339650271,0.571265554309251,6.013195880187626,8063,0.6945473339650271,-20.735591953587097,-8.078336239223717,True,True,-22.004027039088104,-33.58620743135188,True,True,-21.60579039582766,-41.91457551455602,True,True,-20.445358292047633,-11.954628642637966,True,True,-21.60579039582766,-41.91457551455602,True,True
169,WORLD_FIXED,OUTPUT,,32919,32919,26844,419,1.0,OUTPUT,,OUTPUT,,True,11531,-27.30823425599468,-39.8566120679682,0.24685563972244412,48.3151127642651,-1.8596528904584888,3.1323811177504925,7.022695514884311,7.9112813522593575,0.5706419717300042,2.2249471461437857,8046,0.6977712253924204,0.5687872418137215,4.1958065452007025,8044,0.6975977798976671,-21.96989956911033,-9.318519058721385,True,True,-22.812796620270028,-26.392061449026173,True,True,-21.624589484713795,-33.85385956038933,True,True,-20.836305433850065,-12.32586961924509,True,True,-21.624589484713795,-33.85385956038933,True,True
169,CAMERA_LOCAL,OUTPUT,,32919,32919,26844,419,1.0,OUTPUT,,OUTPUT,,True,11531,68.7176091625728,-10.967577039836595,2.504254116067003,69.63238358567584,-1.5848068235765533,-4.8932902461056536,-4.990580251511329,7.16671426439358,0.5706419717300042,2.2249471461437857,8046,0.6977712253924204,0.5693909949424598,4.532661262798922,8044,0.6975977798976671,-21.96989956911033,-9.28871153834887,True,True,-22.812796620270028,-27.828648961463422,True,True,-21.624589484713795,-34.90475390405112,True,True,-20.836305433850065,-11.892982405196427,True,True,-21.624589484713795,-34.90475390405112,True,True
170,WORLD_FIXED,OUTPUT,,32795,32795,26727,421,1.0,OUTPUT,,OUTPUT,,True,11511,-53.203955731179306,-33.66077978380231,8.597496069143666,63.54231613466622,-2.5168274483770583,5.345461124262948,2.2806980466122364,6.333242346202421,0.5698996324706415,1.9391599090214127,7991,0.6942055425245417,0.5723503789059462,6.1047097441451,7988,0.6939449222482843,-21.605161407872387,-9.03545667080763,True,True,-21.563980843616548,-34.78915125582949,True,True,-20.454467322676862,-44.94894147707884,True,True,-21.586826217623646,-14.654718572185477,True,True,-21.586826217623646,-44.94894147707884,True,True
170,CAMERA_LOCAL,OUTPUT,,32795,32795,26727,421,1.0,OUTPUT,,OUTPUT,,True,11511,78.69830184491514,-22.930820155864648,1.3735186548933993,81.98250898691332,-2.0581421836511375,-6.029636709951347,-0.33052961326181907,6.379789802756842,0.5698996324706415,1.9391599090214127,7991,0.6942055425245417,0.5727389423260655,6.322503381226548,7987,0.6938580488228651,-21.605161407872387,-9.036507419622474,True,True,-21.563980843616548,-35.790549088097535,True,True,-20.454467322676862,-46.045848511597434,True,True,-21.586826217623646,-14.713489958823933,True,True,-21.586826217623646,-46.045848511597434,True,True
171,WORLD_FIXED,OUTPUT,,32711,32711,26653,417,1.0,OUTPUT,,OUTPUT,,True,11405,-46.92889854791077,-45.582503461664295,7.587363294552344,65.86087019252221,-3.6439526296866855,4.856147215812972,1.7998769319943344,6.332465042886057,0.5713082718009856,2.3250450908551215,8038,0.7047786058746164,0.5727501593719442,6.102469421832401,8037,0.7046909250328803,-22.505999100748685,-10.482291433671854,True,True,-23.647271638679634,-34.99019447075635,True,True,-22.14750965628609,-46.86314734967078,True,True,-21.325108685796955,-17.044644991088155,True,True,-22.14750965628609,-46.86314734967078,True,True
171,CAMERA_LOCAL,OUTPUT,,32711,32711,26653,417,1.0,OUTPUT,,OUTPUT,,True,11405,72.07851300022025,-36.8235738026737,0.7836398430884794,80.94381826506303,-3.300653776136354,-5.438218967068553,-0.5641154060982045,6.386451837687706,0.5713082718009856,2.3250450908551215,8038,0.7047786058746164,0.5727064158207392,6.08440371312822,8037,0.7046909250328803,-22.505999100748685,-10.540041711397885,True,True,-23.647271638679634,-34.87606778327523,True,True,-22.14750965628609,-46.83668907239191,True,True,-21.325108685796955,-17.146068173919172,True,True,-22.14750965628609,-46.83668907239191,True,True
172,WORLD_FIXED,OUTPUT,,32667,32667,26656,418,1.0,OUTPUT,,OUTPUT,,True,11341,-43.42013797594336,-27.33869570991112,3.6838943058185283,51.44204255495221,-2.4451053500424855,4.035529209157001,0.422928034288832,4.73739425137418,0.5698509929501957,1.911210902267183,7991,0.7046115862798695,0.5694961988541271,4.9227863319975995,7996,0.7050524645093025,-20.78839227758078,-8.23982583499594,True,True,-21.681842280040996,-28.826748519536814,True,True,-21.067593968783772,-38.02760802408034,True,True,-20.94275045935867,-13.20092362894365,True,True,-21.067593968783772,-38.02760802408034,True,True
172,CAMERA_LOCAL,OUTPUT,,32667,32667,26656,418,1.0,OUTPUT,,OUTPUT,,True,11341,67.75482689716239,-19.585228923621816,1.8957352620257348,70.55417473147001,-1.903930182780068,-5.19932479856237,-0.8049785455423771,5.595169252188007,0.5698509929501957,1.911210902267183,7991,0.7046115862798695,0.5707338734624707,5.551343679587747,7995,0.7049642888634159,-20.78839227758078,-8.226051084344821,True,True,-21.681842280040996,-31.73499974432248,True,True,-21.067593968783772,-41.15906168554962,True,True,-20.94275045935867,-13.327029654733646,True,True,-21.067593968783772,-41.15906168554962,True,True
173,WORLD_FIXED,OUTPUT,,32597,32597,26545,417,1.0,OUTPUT,,OUTPUT,,True,11374,-35.07427199291274,-27.990444068718055,2.794495927181058,44.96085767068827,-1.9330665021300273,3.617095846379066,2.496556817644981,4.8013461036754626,0.5693597443508653,1.9210296078207258,7924,0.6966766309126077,0.56924981242172,4.495695317675563,7925,0.6967645507297345,-20.275744657667573,-8.864742049415453,True,True,-21.208498156385367,-27.581133176236673,True,True,-20.618389005587655,-35.54989658783836,True,True,-20.377747421179038,-12.666789993836968,True,True,-20.618389005587655,-35.54989658783836,True,True
173,CAMERA_LOCAL,OUTPUT,,32597,32597,26545,417,1.0,OUTPUT,,OUTPUT,,True,11374,56.09048973779585,-20.119917041013746,2.0508882353345395,59.6251645139608,-1.8047420781389227,-4.216755633995078,-0.5856391914868503,4.623969648261091,0.5693597443508653,1.9210296078207258,7924,0.6966766309126077,0.5695789447750221,4.649761579401253,7925,0.6967645507297345,-20.275744657667573,-8.795126409386956,True,True,-21.208498156385367,-28.2789608205829,True,True,-20.618389005587655,-36.63786025447424,True,True,-20.377747421179038,-13.020814968627171,True,True,-20.618389005587655,-36.63786025447424,True,True
174,WORLD_FIXED,OUTPUT,,32529,32529,26503,414,1.0,OUTPUT,,OUTPUT,,True,11374,-43.525930450626234,-44.68978393073476,6.6653331078461395,62.73842582347011,-2.2795005808528392,4.954984837020364,6.848448125710075,8.754955132023921,0.5691500431714245,1.806748720309067,8000,0.703358537014243,0.5701156104384258,6.25335936060115,8001,0.7034464568313697,-18.87720377137503,-7.169408610174788,True,True,-21.22974970305569,-32.877418870562835,True,True,-21.887630451288832,-44.25255126457939,True,True,-19.337254671958682,-13.420626404335056,True,True,-21.887630451288832,-44.25255126457939,True,True
174,CAMERA_LOCAL,OUTPUT,,32529,32529,26503,414,1.0,OUTPUT,,OUTPUT,,True,11374,90.7145014327018,-19.270373123433068,1.5637122121934657,92.7518907968056,-2.139833651968576,-6.493293395993826,-4.983664449100244,8.460417160269335,0.5691500431714245,1.806748720309067,8000,0.703358537014243,0.5700679988469406,6.219621339479274,8001,0.7034464568313697,-18.87720377137503,-7.163739218779108,True,True,-21.22974970305569,-32.73666141955977,True,True,-21.887630451288832,-44.06519412236787,True,True,-19.337254671958682,-13.388665054746118,True,True,-21.887630451288832,-44.06519412236787,True,True
175,WORLD_FIXED,OUTPUT,,32541,32541,26495,411,0.999584999622727,OUTPUT,,OUTPUT,,True,11412,-36.36171135374919,-36.01346987626042,3.3809617151399505,51.28913108272484,-2.950354775507137,3.577289932403042,1.286373714945465,4.8121049340525115,0.5694750205849558,1.8665311245179532,7838,0.6868208902909219,0.5690040280808877,4.844252336534461,7838,0.6868208902909219,-19.76084813040313,-8.849695963706106,True,True,-21.47308424377492,-27.847549147578476,True,True,-21.514485200937905,-38.492692410749044,True,True,-19.91521679914232,-14.604803396037314,True,True,-21.514485200937905,-38.492692410749044,True,True
175,CAMERA_LOCAL,OUTPUT,,32541,32541,26495,411,0.999584999622727,OUTPUT,,OUTPUT,,True,11412,53.37974612508078,-22.491604314748923,1.1237957878277498,57.935589045094275,-2.2328213017748273,-4.1207163955806445,-0.787757990759982,4.752510623920032,0.5694750205849558,1.8665311245179532,7838,0.6868208902909219,0.5691244295040495,4.750334449856335,7839,0.6869085173501577,-19.76084813040313,-8.582672171450145,True,True,-21.47308424377492,-27.91745129863954,True,True,-21.514485200937905,-37.58071174407029,True,True,-19.91521679914232,-13.809854962591572,True,True,-21.514485200937905,-37.58071174407029,True,True
176,WORLD_FIXED,OUTPUT,,32550,32550,26529,410,1.0,OUTPUT,,OUTPUT,,True,11297,-36.9582294753139,-26.12857128349932,3.5292163299463297,45.398990420167124,-2.3543641845175514,3.6989725462679655,0.0008451836117201073,4.384681211413031,0.5695427453887636,1.935093553184269,7995,0.7077100115074798,0.5697218136197315,4.755777065819952,7998,0.7079755687350624,-19.93025774367596,-8.784475027815763,True,True,-21.56816794603489,-28.623428880221734,True,True,-21.3063808542866,-37.56833665730574,True,True,-19.94977534746678,-13.491994882885772,True,True,-21.3063808542866,-37.56833665730574,True,True
176,CAMERA_LOCAL,OUTPUT,,32550,32550,26529,410,1.0,OUTPUT,,OUTPUT,,True,11297,49.386060822912086,-22.52318907983792,1.5450593169408686,54.30160456398474,-1.9581997898424606,-3.79348732321202,1.0648588474019285,4.399888277354269,0.5695427453887636,1.935093553184269,7995,0.7077100115074798,0.5697554986820534,4.775718640189796,7998,0.7079755687350624,-19.93025774367596,-8.764532034767015,True,True,-21.56816794603489,-28.709814280938552,True,True,-21.3063808542866,-37.651862750238685,True,True,-19.94977534746678,-13.478544692737904,True,True,-21.3063808542866,-37.651862750238685,True,True
177,WORLD_FIXED,OUTPUT,,32537,32537,26503,412,1.0,OUTPUT,,OUTPUT,,True,11326,-28.097842191934152,-16.075759535499177,-0.95618784836987,32.38569245341834,-2.1358315980875866,2.5224837122897568,-2.416949235705819,4.094672673381284,0.5704454534531352,2.213556325255254,7787,0.6875331096591912,0.5678142439023878,3.421570899197129,7781,0.6870033551121314,-21.700955484056706,-10.273024663520536,True,True,-22.606954934524246,-23.62109269306778,True,True,-21.368346520841406,-30.14902837442124,True,True,-20.879366013874744,-12.474586392640209,True,True,-21.368346520841406,-30.14902837442124,True,True
177,CAMERA_LOCAL,OUTPUT,,32537,32537,26503,412,1.0,OUTPUT,,OUTPUT,,True,11326,24.520667994576023,-23.777503447056173,4.2018135395369605,34.41348668902977,-1.7241402812646045,-2.133262613147148,3.1553201584614894,4.1808509168019885,0.5704454534531352,2.213556325255254,7787,0.6875331096591912,0.5680230512726939,3.5150689866584743,7781,0.6870033551121314,-21.700955484056706,-10.25466271655251,True,True,-22.606954934524246,-24.034156411448016,True,True,-21.368346520841406,-30.61725357525169,True,True,-20.879366013874744,-12.504447391821994,True,True,-21.368346520841406,-30.61725357525169,True,True
178,WORLD_FIXED,OUTPUT,,32587,32587,26563,417,0.9997741729082765,OUTPUT,,OUTPUT,,True,11358,-44.05617409618836,-29.631378381037035,5.503795669341529,53.37843035837331,-2.2335190496991895,4.349844186715446,1.4916863680124244,5.112228478323854,0.5692173023154348,1.8771941629986582,7882,0.6939602042613137,0.5701439648851013,5.458519347830604,7883,0.6940482479309737,-19.35043230408562,-7.961529330323458,True,True,-21.2737392063036,-30.907157812162687,True,True,-21.358532991774037,-40.47689920383502,True,True,-19.639298596193733,-13.200400611801832,True,True,-21.358532991774037,-40.47689920383502,True,True
178,CAMERA_LOCAL,OUTPUT,,32587,32587,26563,417,0.9997741729082765,OUTPUT,,OUTPUT,,True,11358,59.677257920383234,-15.556551056086638,1.0497749396133713,61.68049465658016,-1.5742747648750857,-4.616366086665091,0.014825256043820878,4.8774375105838965,0.5692173023154348,1.8771941629986582,7882,0.6939602042613137,0.5701170404734497,5.381893394245257,7883,0.6940482479309737,-19.35043230408562,-7.788982459383087,True,True,-21.2737392063036,-30.730715765342698,True,True,-21.358532991774037,-39.62796202101349,True,True,-19.639298596193733,-12.68177576664109,True,True,-21.358532991774037,-39.62796202101349,True,True
179,WORLD_FIXED,OUTPUT,,32605,32605,26551,417,0.9994729907773386,OUTPUT,,OUTPUT,,True,11339,-57.06097026143777,-25.17455099931539,9.842526451668205,63.13943040719963,-2.633576070758932,5.5922205200575075,-1.3394350137287518,6.324771886908559,0.5691585394777692,1.820617981601174,7767,0.6849810388923185,0.5720465566037326,6.5868872188257255,7766,0.6848928476938002,-19.643960802445683,-8.173038225261497,True,True,-21.011035884109354,-35.84577800883804,True,True,-20.653529222669608,-46.4033363451889,True,True,-19.909113700454228,-14.034207124537733,True,True,-20.653529222669608,-46.4033363451889,True,True
179,CAMERA_LOCAL,OUTPUT,,32605,32605,26551,417,0.9994729907773386,OUTPUT,,OUTPUT,,True,11339,67.45555893011917,-23.677193287224313,0.6287738326858628,71.49305748859835,-1.9464942263947964,-5.320437233313068,2.7921004365641053,6.315988994201443,0.5691585394777692,1.820617981601174,7767,0.6849810388923185,0.5720339265604776,6.5764502877075,7766,0.6848928476938002,-19.643960802445683,-8.167684790285733,True,True,-21.011035884109354,-35.804309836245054,True,True,-20.653529222669608,-46.337031252144946,True,True,-19.909113700454228,-14.01525124458891,True,True,-20.653529222669608,-46.337031252144946,True,True
180,WORLD_FIXED,OUTPUT,,32629,32629,26615,418,1.0,OUTPUT,,OUTPUT,,True,11423,-33.00780187883832,-30.461967782752414,1.5765345511010924,44.94365280282528,-2.3514798170018034,3.2120146458423076,2.011496190346978,4.460113489436421,0.5698100858642721,2.0715421844234414,7882,0.6900113805480171,0.5686512433789553,4.243696042306552,7880,0.689836295193907,-20.579810803040942,-8.919392409780457,True,True,-21.869602376816122,-26.274030667122528,True,True,-21.05239613236254,-34.62943370072769,True,True,-20.031236795946207,-13.173044021424163,True,True,-21.05239613236254,-34.62943370072769,True,True
180,CAMERA_LOCAL,OUTPUT,,32629,32629,26615,418,1.0,OUTPUT,,OUTPUT,,True,11423,50.355244730651904,-22.255116949587322,2.147723331953001,55.09585844538836,-2.0511241609979396,-3.881985466621198,-0.9753104304696083,4.497571780713512,0.5698100858642721,2.0715421844234414,7882,0.6900113805480171,0.5688602975217435,4.336802517147071,7879,0.689748752516852,-20.579810803040942,-8.878443334213282,True,True,-21.869602376816122,-26.718991050774466,True,True,-21.05239613236254,-35.08169139099904,True,True,-20.031236795946207,-13.175763861404622,True,True,-21.05239613236254,-35.08169139099904,True,True
181,WORLD_FIXED,OUTPUT,,32597,32597,26549,415,0.9999623352165725,OUTPUT,,OUTPUT,,True,11357,-41.664300962688195,-23.794397929781933,3.4464793444856023,48.10369598505127,-2.307805142047495,3.9879852385843333,0.2407164784915133,4.613885050566903,0.5701466934925474,2.0785736876807754,7804,0.687153297525755,0.5698932259832156,4.851537550848881,7805,0.6872413489477855,-21.38905522692969,-8.713165903006303,True,True,-22.128190172433836,-29.128384141055676,True,True,-20.87961270136274,-37.33955974086578,True,True,-20.843138649837666,-13.16764476366583,True,True,-20.87961270136274,-37.33955974086578,True,True
181,CAMERA_LOCAL,OUTPUT,,32597,32597,26549,415,0.9999623352165725,OUTPUT,,OUTPUT,,True,11357,52.82752930112989,-23.81331706809557,2.9014467507351758,58.01930984676344,-1.8952590652746122,-4.165832953766752,0.7560192381987743,4.638721398372753,0.5701466934925474,2.0785736876807754,7804,0.687153297525755,0.5699383864645255,4.863625576524448,7805,0.6872413489477855,-21.38905522692969,-8.72195445174906,True,True,-22.128190172433836,-29.200284954728374,True,True,-20.87961270136274,-37.48269483006106,True,True,-20.843138649837666,-13.25328536530046,True,True,-20.87961270136274,-37.48269483006106,True,True
182,WORLD_FIXED,OUTPUT,,32580,32580,26511,420,0.999698329499604,OUTPUT,,OUTPUT,,True,11399,-38.20277594873855,-38.883213740521306,3.8448793496681932,54.64558077460689,-3.0666770350057746,3.867776715107769,2.4649414744122216,5.517258488347193,0.5708976533915205,2.1887765706593694,7891,0.6922537064654795,0.5707055388060701,4.980032907783418,7888,0.6919905254846916,-22.017742054438514,-9.934648212026943,True,True,-23.01396549098844,-29.98642772493443,True,True,-22.020662180888607,-40.350526430352865,True,True,-21.097807406811775,-15.6714116787372,True,True,-22.020662180888607,-40.350526430352865,True,True
182,CAMERA_LOCAL,OUTPUT,,32580,32580,26511,420,0.999698329499604,OUTPUT,,OUTPUT,,True,11399,61.05089156385127,-31.40454960068507,1.8358887813058362,68.67916411824143,-2.7396897738662185,-4.6411414162642854,-1.279887924995637,5.539332703795686,0.5708976533915205,2.1887765706593694,7891,0.6922537064654795,0.5707416369099649,5.002807560978303,7888,0.6919905254846916,-22.017742054438514,-9.935163336888708,True,True,-23.01396549098844,-30.079657142204397,True,True,-22.020662180888607,-40.4728094379272,True,True,-21.097807406811775,-15.687443846434945,True,True,-22.020662180888607,-40.4728094379272,True,True
183,WORLD_FIXED,OUTPUT,,32577,32577,26517,414,0.9999622897654423,OUTPUT,,OUTPUT,,True,11326,-37.53988123185286,-44.094342901106295,4.446938744356723,58.080366932191666,-3.5428380562730286,3.8643076140801966,2.3787056820753203,5.756979724747347,0.5708246096651599,2.1901321178802764,7840,0.69221260815822,0.5707629365388373,5.163466017256826,7836,0.6918594384601802,-21.890228314620728,-10.331359885644819,True,True,-23.0420993678051,-30.351468462523012,True,True,-21.797417715984867,-41.41396397598274,True,True,-20.823828292495406,-16.736947749178444,True,True,-21.797417715984867,-41.41396397598274,True,True
183,CAMERA_LOCAL,OUTPUT,,32577,32577,26517,414,0.9999622897654423,OUTPUT,,OUTPUT,,True,11326,61.499254859321674,-36.897235057511814,1.4885320674352944,71.73409252828715,-3.0598299099128385,-4.640375814303202,-0.6620439148395649,5.597673527524039,0.5708246096651599,2.1901321178802764,7840,0.69221260815822,0.5711627684451765,5.236650399479396,7836,0.6918594384601802,-21.890228314620728,-10.390004879895498,True,True,-23.0420993678051,-31.011492030466382,True,True,-21.797417715984867,-41.870784864360246,True,True,-20.823828292495406,-16.692547359723143,True,True,-21.797417715984867,-41.870784864360246,True,True
184,WORLD_FIXED,OUTPUT,,32520,32520,26456,415,0.9996977025392987,OUTPUT,,OUTPUT,,True,11339,-60.20309038154521,-36.707883328999095,11.332663355164957,71.41645502757336,-3.3035719821370684,6.254265588415135,0.020732607061903805,7.073178615911685,0.5700820894910423,1.9514413811555962,7792,0.6871858188552783,0.5729760854401329,7.203796828477578,7788,0.6868330540612047,-21.398466587364773,-8.76482739802853,True,True,-21.918905846345815,-38.52471408789526,True,True,-20.88989712903322,-50.40896467046308,True,True,-21.189038919612546,-15.70033699755502,True,True,-21.189038919612546,-50.40896467046308,True,True
184,CAMERA_LOCAL,OUTPUT,,32520,32520,26456,415,0.9996977025392987,OUTPUT,,OUTPUT,,True,11339,77.98333835008313,-36.41547347469741,1.0482087118857812,86.0731462775331,-2.812780770249619,-5.933572635001422,5.3193476117718745,8.450708780403387,0.5700820894910423,1.9514413811555962,7792,0.6871858188552783,0.5735188862522507,7.635849189517316,7788,0.6868330540612047,-21.398466587364773,-9.10567065284129,True,True,-21.918905846345815,-40.3249675847458,True,True,-20.88989712903322,-53.06878658250535,True,True,-21.189038919612546,-16.3160577571253,True,True,-21.189038919612546,-53.06878658250535,True,True
185,WORLD_FIXED,OUTPUT,,32467,32467,26426,411,1.0,OUTPUT,,OUTPUT,,True,11331,-63.758104637,-26.401942067858254,11.448809725308601,69.9516525607759,-2.924920258216204,6.16034846973082,-1.1447357153359428,6.914873219619004,0.5704104856483346,2.0690559954659373,7909,0.69799664636837,0.5735898137648541,7.042531313551981,7911,0.6981731532962668,-21.702162211462372,-8.98058707465288,True,True,-22.33086409881524,-38.712503917453176,True,True,-21.103936539334622,-49.34285243584458,True,True,-21.21651373483402,-15.155459357726109,True,True,-21.21651373483402,-49.34285243584458,True,True
185,CAMERA_LOCAL,OUTPUT,,32467,32467,26426,411,1.0,OUTPUT,,OUTPUT,,True,11331,76.11923312645598,-28.755427129175857,1.0737172372928434,81.3766865253603,-2.2400772330868484,-5.9986133114208515,2.783985596153344,6.982254898651205,0.5704104856483346,2.0690559954659373,7909,0.69799664636837,0.5737595126209114,7.078334582273775,7911,0.6981731532962668,-21.702162211462372,-9.235611929841681,True,True,-22.33086409881524,-38.969844106165,True,True,-21.103936539334622,-49.88850313027182,True,True,-21.21651373483402,-15.563045707717492,True,True,-21.21651373483402,-49.88850313027182,True,True
186,WORLD_FIXED,OUTPUT,,32431,32431,26388,412,0.9998863248834831,OUTPUT,,OUTPUT,,True,11226,-41.78417854191723,-36.492916328780254,4.892456551613157,55.691890340619565,-2.7229100772910617,4.354465305937452,2.327260954205042,5.63841741436314,0.5699252742334355,1.8883517119650433,7871,0.7011402102262605,0.5702231893390662,5.386286119229895,7871,0.7011402102262605,-20.681132559472793,-8.612816051228545,True,True,-21.786359019533407,-30.60549313183469,True,True,-20.83744666203402,-40.44176709718006,True,True,-20.607713444788068,-14.495185892206774,True,True,-20.83744666203402,-40.44176709718006,True,True
186,CAMERA_LOCAL,OUTPUT,,32431,32431,26388,412,0.9998863248834831,OUTPUT,,OUTPUT,,True,11226,67.69751723651297,-24.168090027304146,1.5192681515991167,71.89825165657585,-2.284387053461001,-5.059876969279101,-1.0483109728889117,5.649755308873171,0.5699252742334355,1.8883517119650433,7871,0.7011402102262605,0.5702181862237851,5.386046785260589,7871,0.7011402102262605,-20.681132559472793,-8.609339934495196,True,True,-21.786359019533407,-30.599534750449187,True,True,-20.83744666203402,-40.43743607737038,True,True,-20.607713444788068,-14.49253712849352,True,True,-20.83744666203402,-40.43743607737038,True,True
187,WORLD_FIXED,OUTPUT,,32414,32414,26412,410,0.999924282577421,OUTPUT,,OUTPUT,,True,11220,-41.414951126105215,-33.78070190845112,5.08074802791413,53.685640526387225,-2.12520086677423,4.437619153818901,4.3611133753816675,6.574819567973801,0.5694394499484681,1.8757740688711722,7883,0.7025846702317291,0.5700152802966811,5.591525711978299,7880,0.7023172905525846,-19.693022217965094,-7.585356465559578,True,True,-21.509527694416274,-31.105014889598603,True,True,-21.022454232080268,-40.29502223995296,True,True,-19.65297887382622,-13.247982682726533,True,True,-21.022454232080268,-40.29502223995296,True,True
187,CAMERA_LOCAL,OUTPUT,,32414,32414,26412,410,0.999924282577421,OUTPUT,,OUTPUT,,True,11220,76.00444281177757,-18.08127137163218,1.7864962805673157,78.14601250546218,-1.7730079751894685,-5.564042689929834,-2.9882902972656353,6.559878599195188,0.5694394499484681,1.8757740688711722,7883,0.7025846702317291,0.5700213365725171,5.594391399712259,7880,0.7023172905525846,-19.693022217965094,-7.58883073900618,True,True,-21.509527694416274,-31.118203706254953,True,True,-21.022454232080268,-40.31512874651011,True,True,-19.65297887382622,-13.255082384633244,True,True,-21.022454232080268,-40.31512874651011,True,True
188,WORLD_FIXED,OUTPUT,,32414,32414,26368,414,0.9991663508904888,OUTPUT,,OUTPUT,,True,11252,-47.88974511652404,-34.18199538850424,7.455179745066113,59.30780893859262,-2.6512646259191777,5.007274159114842,2.2816734875504454,6.108030167327288,0.5700876742160714,1.9751061596240806,7874,0.6997867045858513,0.571713888157135,6.222893175606254,7878,0.7001421969427657,-20.308560608153,-8.568408882670298,True,True,-22.23578266759818,-34.4318590990359,True,True,-21.678429595042736,-44.87615428234592,True,True,-19.964171815910813,-14.77930275560302,True,True,-21.678429595042736,-44.87615428234592,True,True
188,CAMERA_LOCAL,OUTPUT,,32414,32414,26368,414,0.9991663508904888,OUTPUT,,OUTPUT,,True,11252,76.29289596165302,-23.80155831884541,1.252814319708477,79.9292793433087,-2.1239073076823125,-5.677069029316722,-0.9139933911938425,6.129884088169976,0.5700876742160714,1.9751061596240806,7874,0.6997867045858513,0.5716868756426837,6.208987051021521,7878,0.7001421969427657,-20.308560608153,-8.574706029969459,True,True,-22.23578266759818,-34.36344918734824,True,True,-21.678429595042736,-44.81596479886596,True,True,-19.964171815910813,-14.789476913754429,True,True,-21.678429595042736,-44.81596479886596,True,True
189,WORLD_FIXED,OUTPUT,,32401,32401,26387,410,1.0,OUTPUT,,OUTPUT,,True,11213,-60.70375186120831,-30.979929800080843,11.74980173314424,69.15749692703812,-2.4516486153296553,6.223742780299136,0.6732772598599778,6.723009549079787,0.5688018693424317,1.7313100767902483,7869,0.7017747257647373,0.5722202244477803,7.324453894965162,7867,0.7015963613662712,-18.74825552441328,-7.396265858114592,True,True,-20.70805489562155,-38.18381490009004,True,True,-20.68729241876177,-49.186346914689594,True,True,-19.447116155404842,-13.936905517566434,True,True,-20.68729241876177,-49.186346914689594,True,True
189,CAMERA_LOCAL,OUTPUT,,32401,32401,26387,410,1.0,OUTPUT,,OUTPUT,,True,11213,72.94874266747239,-24.61567911180025,0.4929873223053549,76.9915173989978,-2.0258961267396054,-5.655994736972644,3.1239760777365646,6.771540305962235,0.5688018693424317,1.7313100767902483,7869,0.7017747257647373,0.571750976323839,7.085278037090143,7868,0.7016855435655043,-18.74825552441328,-7.462112802787857,True,True,-20.70805489562155,-36.94752750135866,True,True,-20.68729241876177,-48.41858587005443,True,True,-19.447116155404842,-14.314898084764716,True,True,-20.68729241876177,-48.41858587005443,True,True
190,WORLD_FIXED,OUTPUT,,32397,32397,26350,416,0.9995827168923789,OUTPUT,,OUTPUT,,True,11201,-39.97257725844466,-27.572645233659102,3.5708087582220402,48.69094754727357,-2.2965093233103615,3.893553540206378,0.6155797104884143,4.562088625012674,0.5690315374829303,1.7315442208508136,7820,0.6981519507186859,0.5685794992889528,5.150900439087053,7827,0.6987768949200964,-18.868960849715123,-7.18636275109652,True,True,-21.031622018749086,-28.387747132747833,True,True,-21.28103235926826,-37.6809862196299,True,True,-19.203261200865462,-12.897303521112402,True,True,-21.28103235926826,-37.6809862196299,True,True
190,CAMERA_LOCAL,OUTPUT,,32397,32397,26350,416,0.9995827168923789,OUTPUT,,OUTPUT,,True,11201,53.714275428043784,-18.646989668748272,1.6233923878719085,56.88206229833051,-1.7286531163213328,-4.194794315809717,0.5386013904126203,4.56887649277931,0.5690315374829303,1.7315442208508136,7820,0.6981519507186859,0.5687465079571047,5.193899612941593,7827,0.6987768949200964,-18.868960849715123,-7.16939283542728,True,True,-21.031622018749086,-28.69569298304253,True,True,-21.28103235926826,-37.83446395724022,True,True,-19.203261200865462,-12.80237794298178,True,True,-21.28103235926826,-37.83446395724022,True,True
191,WORLD_FIXED,OUTPUT,,32410,32410,26368,412,1.0,OUTPUT,,OUTPUT,,True,11231,-34.0071495362726,-37.62915277394051,2.8228463328175533,50.79771470731397,-2.690419084627049,3.533707844680338,2.3389877596015674,5.019592585264941,0.5689238007853085,1.7726680013077898,7868,0.7005609473777936,0.5681090703529255,4.796739242095691,7867,0.7004719081114772,-18.948480073532448,-7.9326652539361,True,True,-20.870400117643186,-26.830621537704435,True,True,-20.686248650026773,-36.6656741025585,True,True,-19.268384287338346,-13.880883874446969,True,True,-20.686248650026773,-36.6656741025585,True,True
191,CAMERA_LOCAL,OUTPUT,,32410,32410,26368,412,1.0,OUTPUT,,OUTPUT,,True,11231,60.75037453124222,-21.910920082361827,0.7939531366977408,64.58580947952207,-2.2821038098765603,-4.557344201682557,-1.6059088639491477,5.343812052362357,0.5689238007853085,1.7726680013077898,7868,0.7005609473777936,0.5684620769543496,4.972954362641741,7867,0.7004719081114772,-18.948480073532448,-7.9216617553571345,True,True,-20.870400117643186,-27.65117363740277,True,True,-20.686248650026773,-37.5878530973045,True,True,-19.268384287338346,-13.926834646702746,True,True,-20.686248650026773,-37.5878530973045,True,True
192,WORLD_FIXED,OUTPUT,,32402,32402,26358,414,0.9996586642393901,OUTPUT,,OUTPUT,,True,11247,-55.952225997384794,-13.717923634546432,8.463126160903148,58.2276354261534,-2.257551551950592,5.487752706051752,-2.897444732893908,6.603571363487148,0.5708501054516861,2.3001236256074784,7836,0.6967191251000266,0.5724892787042795,6.902970795735803,7833,0.6964523873032809,-20.247112763135288,-7.9654118277027175,True,True,-23.60849816740096,-37.294329280955886,True,True,-22.9960720349216,-46.06984914465362,True,True,-18.908642386123997,-12.6563479337507,True,True,-22.9960720349216,-46.06984914465362,True,True
192,CAMERA_LOCAL,OUTPUT,,32402,32402,26358,414,0.9996586642393901,OUTPUT,,OUTPUT,,True,11247,62.49434860734904,-22.981895547864227,2.3654907153530056,66.6281222694609,-1.4865670254323116,-4.914057213124026,4.3158396361785725,6.707034484790498,0.5708501054516861,2.3001236256074784,7836,0.6967191251000266,0.57257397638663,6.989505912381249,7833,0.6964523873032809,-20.247112763135288,-7.949630483302994,True,True,-23.60849816740096,-37.62355089223923,True,True,-22.9960720349216,-46.63961030927544,True,True,-18.908642386123997,-12.802564018530415,True,True,-22.9960720349216,-46.63961030927544,True,True
193,WORLD_FIXED,OUTPUT,,32409,32409,26366,414,1.0,OUTPUT,,OUTPUT,,True,11155,-38.96395435674377,-50.5453725263139,5.957536332004198,64.09771183190091,-3.2647804401583596,4.220138796263374,5.39975718670986,7.591161996532064,0.5709705895988181,2.3204303136542976,7837,0.7025549081129538,0.5721392346960138,5.371493410013453,7834,0.7022859704168535,-22.331975716644912,-10.895563679852781,True,True,-23.180310000953554,-32.42935965886551,True,True,-20.995736094456486,-42.815159631229946,True,True,-21.13611367260837,-17.029025049525526,True,True,-21.13611367260837,-42.815159631229946,True,True
193,CAMERA_LOCAL,OUTPUT,,32409,32409,26366,414,1.0,OUTPUT,,OUTPUT,,True,11155,82.89310030514095,-24.714711855488797,0.0010403225041290508,86.49903503149771,-2.602931139849233,-6.123845349901709,-4.110561685010387,7.821345776436753,0.5709705895988181,2.3204303136542976,7837,0.7025549081129538,0.5727735795496747,5.676715047856032,7834,0.7022859704168535,-22.331975716644912,-10.634288679289172,True,True,-23.180310000953554,-33.98231097555981,True,True,-20.995736094456486,-44.01991455799359,True,True,-21.13611367260837,-16.61109013582962,True,True,-21.13611367260837,-44.01991455799359,True,True
194,WORLD_FIXED,OUTPUT,,32349,32349,26325,412,0.9998480762657146,OUTPUT,,OUTPUT,,True,11229,-54.17485009086868,-21.775785228950337,8.38798231887337,58.986926111530835,-2.190836111286175,5.409041558675107,-0.12388974097533953,5.837194713037154,0.5698242015855873,1.9949087555394336,7931,0.7062961973461572,0.571763470229729,6.58543172385632,7927,0.7059399768456674,-19.967316906033815,-7.322945442780782,True,True,-22.038845182025256,-35.60346005751758,True,True,-21.325082521529424,-44.70126019859089,True,True,-19.58338187555775,-12.790487306624687,True,True,-21.325082521529424,-44.70126019859089,True,True
194,CAMERA_LOCAL,OUTPUT,,32349,32349,26325,412,0.9998480762657146,OUTPUT,,OUTPUT,,True,11229,70.0404126001642,-13.03271779739561,1.8326764391286712,71.26618997335504,-1.0608279363780881,-5.338733164039339,2.314781427299867,5.914866081627385,0.5698242015855873,1.9949087555394336,7931,0.7062961973461572,0.5717495745828407,6.694762341862903,7927,0.7059399768456674,-19.967316906033815,-7.664092652435173,True,True,-22.038845182025256,-35.93614080912499,True,True,-21.325082521529424,-44.172526589038476,True,True,-19.58338187555775,-11.814035107789444,True,True,-21.325082521529424,-44.172526589038476,True,True
195,WORLD_FIXED,OUTPUT,,32342,32342,26287,410,0.9996957596501236,OUTPUT,,OUTPUT,,True,11205,-41.18845125809791,-35.92007062541635,5.0774459874498135,54.886432280947865,-3.378065733239808,4.126940296547614,0.7990111030209928,5.392715739968901,0.5686440798255059,1.738749560975711,7868,0.7021865238732709,0.5688763382723511,5.406018271148454,7870,0.7023650156180277,-19.13721698342663,-8.424070787618533,True,True,-20.448129833640415,-29.021855111256766,True,True,-19.83382505501663,-40.53498190813387,True,True,-19.518582859834876,-15.012330264582152,True,True,-19.83382505501663,-40.53498190813387,True,True
195,CAMERA_LOCAL,OUTPUT,,32342,32342,26287,410,0.9996957596501236,OUTPUT,,OUTPUT,,True,11205,59.16345936351818,-39.222411458549914,2.0505293586199325,71.01349980907163,-3.0304351001088956,-4.522747956824492,0.728080863736458,5.4926212067710765,0.5686440798255059,1.738749560975711,7868,0.7021865238732709,0.5689948420006553,5.475162284147762,7870,0.7023650156180277,-19.13721698342663,-8.770395000083253,True,True,-20.448129833640415,-29.212481387774545,True,True,-19.83382505501663,-41.2953292286461,True,True,-19.518582859834876,-15.600400278451332,True,True,-19.83382505501663,-41.2953292286461,True,True
196,WORLD_FIXED,OUTPUT,,32323,32323,26275,407,0.9992013994523882,OUTPUT,,OUTPUT,,True,11060,-50.195366792077486,-24.0487951491802,7.118850813046467,56.11236434527457,-2.778880109214282,4.8507618319349195,-1.4961946255408167,5.7871118331202664,0.5694507033009583,1.856789721808761,7792,0.7045207956600361,0.5711539750974987,5.762362212340878,7797,0.7049728752260398,-20.58456877317405,-8.706353844959436,True,True,-21.27049488099464,-32.679521465027285,True,True,-20.08231305355157,-42.27488795087875,True,True,-20.438769995543502,-14.435029664828235,True,True,-20.438769995543502,-42.27488795087875,True,True
196,CAMERA_LOCAL,OUTPUT,,32323,32323,26275,407,0.9992013994523882,OUTPUT,,OUTPUT,,True,11060,60.63682787009181,-26.641421085204648,1.5733721782444017,66.25002423846804,-1.9929286888982194,-4.7444662461995195,2.5201897423082653,5.73001579907036,0.5694507033009583,1.856789721808761,7792,0.7045207956600361,0.5712375221722606,5.8043513442842345,7797,0.7049728752260398,-20.58456877317405,-8.675912151468568,True,True,-21.27049488099464,-32.88765083013223,True,True,-20.08231305355157,-42.43673874036058,True,True,-20.438769995543502,-14.381788793990324,True,True,-20.438769995543502,-42.43673874036058,True,True
197,WORLD_FIXED,OUTPUT,,32371,32371,26325,412,0.9997341637551268,OUTPUT,,OUTPUT,,True,11126,-41.64207748733678,-22.276920452151487,5.238753894062028,47.51597988735364,-2.9654448795914146,4.218724234375978,-2.5377523844319376,5.747319780932335,0.5709431433070462,2.2748845460770024,7868,0.7071723889987417,0.5721172125191252,5.22703127060151,7863,0.7067229911918029,-22.16166579420209,-10.296542294372713,True,True,-23.19971341724758,-32.2330088949555,True,True,-21.058085171080542,-40.82772307401073,True,True,-20.911477580450644,-15.598346520797723,True,True,-21.058085171080542,-40.82772307401073,True,True
197,CAMERA_LOCAL,OUTPUT,,32371,32371,26325,412,0.9997341637551268,OUTPUT,,OUTPUT,,True,11126,51.18280555189073,-33.14547718680278,2.121962082519658,61.0147930028708,-2.317968815839341,-3.8258567109306245,3.6588637715137127,5.779052093749639,0.5709431433070462,2.2748845460770024,7868,0.7071723889987417,0.5721969764626964,5.262309229059286,7864,0.7068128707531908,-22.16166579420209,-10.378821200963785,True,True,-23.19971341724758,-32.39005628564007,True,True,-21.058085171080542,-41.14097434491304,True,True,-20.911477580450644,-15.762189019435379,True,True,-21.058085171080542,-41.14097434491304,True,True
198,WORLD_FIXED,OUTPUT,,32350,32350,26310,421,0.999809994299829,OUTPUT,,OUTPUT,,True,10991,-42.290689467249415,-20.664001079712616,3.9361513713421563,47.23342718727706,-1.4374838366534661,4.24539853147489,1.441067934503572,4.70812545112633,0.5700864093761,2.1741667300866525,7822,0.7116731871531253,0.5698993092658012,5.65424257860208,7818,0.7113092530252024,-19.598742849931348,-7.398967852853655,True,True,-22.70572022310191,-31.26390237432819,True,True,-22.106700327260253,-38.052812173380744,True,True,-18.73373472670803,-10.839951949566107,True,True,-22.106700327260253,-38.052812173380744,True,True
198,CAMERA_LOCAL,OUTPUT,,32350,32350,26310,421,0.999809994299829,OUTPUT,,OUTPUT,,True,10991,63.735765644745676,-6.253949074930448,1.801158241959477,64.06718249124387,-0.7994140373540414,-4.860100615832372,-0.15700133196599955,4.927909315051565,0.5700864093761,2.1741667300866525,7822,0.7116731871531253,0.570415066444114,5.931904779867274,7817,0.7112182694932218,-19.598742849931348,-7.655270873344389,True,True,-22.70572022310191,-32.52591990295039,True,True,-22.106700327260253,-39.34527457857673,True,True,-18.73373472670803,-10.86084919326835,True,True,-22.106700327260253,-39.34527457857673,True,True
199,WORLD_FIXED,OUTPUT,,32343,32343,26302,409,1.0,OUTPUT,,OUTPUT,,True,11074,-44.05664265680833,-26.871733142144294,6.140908716360703,51.96911163484512,-3.2445878117114906,4.421109113026979,-2.231374553875864,5.920522633761455,0.5700458039277727,2.022006792836405,7859,0.7096803323099151,0.5713204502190424,5.643372990419949,7861,0.7098609355246523,-20.416533264076996,-9.538185036346626,True,True,-22.173352939345413,-32.346328289723836,True,True,-21.166477566747723,-42.657997532082106,True,True,-20.01398911931318,-15.71949266534256,True,True,-21.166477566747723,-42.657997532082106,True,True
199,CAMERA_LOCAL,OUTPUT,,32343,32343,26302,409,1.0,OUTPUT,,OUTPUT,,True,11074,55.46863018074204,-34.102724846733146,1.831163974037713,65.13921965758978,-2.509376675683423,-4.170993030222932,2.9944243038372873,5.714956786367128,0.5700458039277727,2.022006792836405,7859,0.7096803323099151,0.5713019727069666,5.6121926372805655,7861,0.7098609355246523,-20.416533264076996,-9.565884119164592,True,True,-22.173352939345413,-32.24402783284308,True,True,-21.166477566747723,-42.51010536138822,True,True,-20.01398911931318,-15.726684161690763,True,True,-21.166477566747723,-42.51010536138822,True,True
200,WORLD_FIXED,OUTPUT,,32303,32303,26252,413,1.0,OUTPUT,,OUTPUT,,True,11050,-42.806781837360305,-23.759051142498816,5.095941253157456,49.22277622929111,-2.7353559912695764,4.3101204784671365,-2.2604718492315747,5.582924316077065,0.5703004160952666,2.1456902045102826,7921,0.7168325791855203,0.571060063661189,5.427091391016757,7919,0.7166515837104073,-21.074108126154954,-8.811277391720829,True,True,-22.560819299687672,-31.711956242347462,True,True,-21.036222377666782,-40.34271985207949,True,True,-20.148504696889447,-14.416879826626094,True,True,-21.036222377666782,-40.34271985207949,True,True
200,CAMERA_LOCAL,OUTPUT,,32303,32303,26252,413,1.0,OUTPUT,,OUTPUT,,True,11050,51.902320460729996,-25.946595296171633,1.8678891129545918,58.056573154208145,-2.0142595046953504,-3.934771289086978,3.278469525776378,5.503456085145328,0.5703004160952666,2.1456902045102826,7921,0.7168325791855203,0.5710712518809249,5.415244414986968,7919,0.7166515837104073,-21.074108126154954,-8.8244333133487,True,True,-22.560819299687672,-31.695843090353893,True,True,-21.036222377666782,-40.2790242444605,True,True,-20.148504696889447,-14.405073422930737,True,True,-21.036222377666782,-40.2790242444605,True,True
201,WORLD_FIXED,OUTPUT,,32377,32377,26330,415,1.0,OUTPUT,,OUTPUT,,True,10995,-34.468081282093024,-21.431081698348837,2.4045982550676372,40.65860281414683,-2.2782465391959286,3.3719280426987615,-0.8043398972917352,4.148164496361229,0.5695014949687714,2.0012488073536043,7828,0.7119599818099136,0.5691061981375698,4.369159823354489,7828,0.7119599818099136,-20.2061937858129,-9.054485931737855,True,True,-21.590318690924537,-27.132344804073895,True,True,-20.173788819162986,-34.43616484705514,True,True,-19.97912338872787,-13.525852941113637,True,True,-20.173788819162986,-34.43616484705514,True,True
201,CAMERA_LOCAL,OUTPUT,,32377,32377,26330,415,1.0,OUTPUT,,OUTPUT,,True,10995,43.50573562743265,-23.211196552174737,2.3736859155163126,49.36742916836233,-1.7681819444940774,-3.35774676057991,1.952252375147767,4.267577771205796,0.5695014949687714,2.0012488073536043,7828,0.7119599818099136,0.5693021786301076,4.45421671556996,7828,0.7119599818099136,-20.2061937858129,-9.047463400162936,True,True,-21.590318690924537,-27.53689571852236,True,True,-20.173788819162986,-34.930811638619105,True,True,-19.97912338872787,-13.61797430516165,True,True,-20.173788819162986,-34.930811638619105,True,True
202,WORLD_FIXED,OUTPUT,,32371,32371,26292,413,0.9993918199787137,OUTPUT,,OUTPUT,,True,10952,-32.01790136350083,-19.743538842596607,1.1620678333468881,37.633811066663036,-1.7299571865185694,3.153435789051374,0.21351740242300482,3.60312348164683,0.570303059568772,2.212926287611698,7751,0.7077246165084002,0.5691587298452848,4.247408126458368,7749,0.7075420014609204,-21.049468783828075,-9.770113387025713,True,True,-22.624504625634255,-26.870350650244234,True,True,-21.289502588866526,-32.97539811449657,True,True,-20.0207536692496,-12.094163193506645,True,True,-21.289502588866526,-32.97539811449657,True,True
202,CAMERA_LOCAL,OUTPUT,,32371,32371,26292,413,0.9993918199787137,OUTPUT,,OUTPUT,,True,10952,43.80338150534029,-13.876404882026371,2.5812906943940788,46.021233201656806,-1.2861706740280192,-3.3588669948524323,0.4946839603310815,3.630555702980956,0.570303059568772,2.212926287611698,7751,0.7077246165084002,0.5691958683680002,4.266181570623245,7749,0.7075420014609204,-21.049468783828075,-9.761025666050083,True,True,-22.624504625634255,-26.953699592764945,True,True,-21.289502588866526,-33.078118633143696,True,True,-20.0207536692496,-12.106343148631016,True,True,-21.289502588866526,-33.078118633143696,True,True
203,WORLD_FIXED,OUTPUT,,32384,32384,26324,416,0.9999240294765631,OUTPUT,,OUTPUT,,True,10948,-39.42263288007644,-17.44077505131711,2.819970683745631,43.20042652850912,-1.7821362528086588,3.8496951564640147,-0.6769793175417586,4.29586585191585,0.5698840195935725,2.100322119742305,7902,0.7217756667884545,0.5693380810200687,4.911836883115523,7898,0.7214103032517355,-20.586593290683908,-8.42214365511207,True,True,-22.10193933566085,-28.715021763552006,True,True,-20.394461209156447,-34.85692866272638,True,True,-19.71451760566678,-11.438058179525811,True,True,-20.394461209156447,-34.85692866272638,True,True
203,CAMERA_LOCAL,OUTPUT,,32384,32384,26324,416,0.9999240294765631,OUTPUT,,OUTPUT,,True,10948,57.34652462775841,-12.17839413576676,2.170598393451375,58.66556628887029,-1.1733618453446555,-4.379626797919676,0.666436313224478,4.582798955742113,0.5698840195935725,2.100322119742305,7902,0.7217756667884545,0.5699998660586844,5.284746977488876,7897,0.7213189623675558,-20.586593290683908,-8.240670687024497,True,True,-22.10193933566085,-30.34198253559317,True,True,-20.394461209156447,-36.8147308611877,True,True,-19.71451760566678,-11.620270157748912,True,True,-20.394461209156447,-36.8147308611877,True,True
204,WORLD_FIXED,OUTPUT,,32441,32441,26373,414,0.9998483527315464,OUTPUT,,OUTPUT,,True,11003,-33.77960150616661,-26.86251639621432,1.9639568929367863,43.20316414025263,-2.006847747459346,3.31377556314797,1.6461462536906013,4.209316316569581,0.5692354019000087,1.8616996620482473,7757,0.7049895483050077,0.5685090347455195,4.241850122897119,7755,0.7048077796964465,-20.030722652095044,-8.79474340722064,True,True,-21.113631258203647,-26.20690677746962,True,True,-20.10612685775792,-33.531655552770715,True,True,-20.089347649318245,-12.4139537773571,True,True,-20.10612685775792,-33.531655552770715,True,True
204,CAMERA_LOCAL,OUTPUT,,32441,32441,26373,414,0.9998483527315464,OUTPUT,,OUTPUT,,True,11003,48.250998336449534,-15.473726309449624,2.0018020532802336,50.71096782575073,-1.5423128105979191,-3.743888696478342,-0.6262307301224381,4.097266931102053,0.5692354019000087,1.8616996620482473,7757,0.7049895483050077,0.5683669856965045,4.152286044633983,7755,0.7048077796964465,-20.030722652095044,-8.883437571702624,True,True,-21.113631258203647,-25.855763756297723,True,True,-20.10612685775792,-32.98304356027359,True,True,-20.089347649318245,-12.28673122039936,True,True,-20.10612685775792,-32.98304356027359,True,True
205,WORLD_FIXED,OUTPUT,,32437,32437,26365,414,0.9999620723659258,OUTPUT,,OUTPUT,,True,10954,-49.23523019094476,-59.511804328105,9.538706727160298,77.82512237297638,-4.373926482402347,5.235199309711825,4.669760823590882,8.267116234541033,0.5698382000371253,2.119480682652041,7844,0.7160854482380865,0.5711119060656387,6.80376733688732,7838,0.7155377031221472,-20.768640130470306,-9.579677444988777,True,True,-22.01745379403164,-34.87453503527216,True,True,-20.528876609970602,-49.822166095598305,True,True,-19.857020258649882,-17.584564499548037,True,True,-20.528876609970602,-49.822166095598305,True,True
205,CAMERA_LOCAL,OUTPUT,,32437,32437,26365,414,0.9999620723659258,OUTPUT,,OUTPUT,,True,10954,88.01753358627897,-37.88849107719667,0.8797864638109492,95.83004747437238,-3.3949881221644485,-6.668877925895952,-1.2706556655256742,7.590417838332254,0.5698382000371253,2.119480682652041,7844,0.7160854482380865,0.5718657016777458,7.040557123455704,7838,0.7155377031221472,-20.768640130470306,-9.27439679845099,True,True,-22.01745379403164,-36.55655217967868,True,True,-20.528876609970602,-50.82502690728718,True,True,-19.857020258649882,-16.995491671962682,True,True,-20.528876609970602,-50.82502690728718,True,True
206,WORLD_FIXED,OUTPUT,,32447,32447,26397,413,1.0,OUTPUT,,OUTPUT,,True,10993,-49.98913114781485,-26.35311513953578,8.020868798370648,57.07656477707587,-1.5844504611413128,5.303723418430361,2.909799412904652,6.253550830236994,0.5691485533178039,1.9340306692547826,7884,0.717183662330574,0.571561395745202,6.324669998869768,7881,0.7169107613936141,-19.79115343677751,-7.956209743963161,True,True,-21.15550916328801,-34.731840506177946,True,True,-20.015780518096605,-42.51165792523448,True,True,-19.70991761921126,-12.362656106609471,True,True,-20.015780518096605,-42.51165792523448,True,True
206,CAMERA_LOCAL,OUTPUT,,32447,32447,26397,413,1.0,OUTPUT,,OUTPUT,,True,10993,82.07592156483922,-5.0337920266718825,0.7688477374371322,82.23373449946675,-0.8304325075284797,-6.073121717937221,-1.2611333464384358,6.258025476772988,0.5691485533178039,1.9340306692547826,7884,0.717183662330574,0.5716826162688222,6.424374327281321,7881,0.7169107613936141,-19.79115343677751,-8.079726296040812,True,True,-21.15550916328801,-35.13299321736518,True,True,-20.015780518096605,-42.785843956655526,True,True,-19.70991761921126,-12.19691710693549,True,True,-20.015780518096605,-42.785843956655526,True,True
207,WORLD_FIXED,OUTPUT,,32468,32468,26409,417,0.9997350090854028,OUTPUT,,OUTPUT,,True,10982,-47.99766589825883,-28.121555484216856,7.0297565517621114,56.071519434645325,-2.4545317566797253,4.686151095913577,0.7335133484703171,5.340672248946327,0.5700017094095429,2.178163370674057,7872,0.7168093243489346,0.571624976941975,6.046310667755023,7876,0.7171735567291933,-19.88594278764022,-8.313798067947854,True,True,-22.523379576914195,-33.94257820337909,True,True,-21.429467480786222,-42.99698248386863,True,True,-19.01978010596672,-13.89703853876767,True,True,-21.429467480786222,-42.99698248386863,True,True
207,CAMERA_LOCAL,OUTPUT,,32468,32468,26409,417,0.9997350090854028,OUTPUT,,OUTPUT,,True,10982,64.67519058353191,-21.523981446538677,0.8569311877137605,68.16814787998565,-1.8202313476421943,-5.036379006150225,0.5931031434387263,5.387961301947792,0.5700017094095429,2.178163370674057,7872,0.7168093243489346,0.5716943203581668,6.082937984185001,7876,0.7171735567291933,-19.88594278764022,-8.360352011931415,True,True,-22.523379576914195,-34.10501176660641,True,True,-21.429467480786222,-43.293231251386175,True,True,-19.01978010596672,-13.999579361602454,True,True,-21.429467480786222,-43.293231251386175,True,True
208,WORLD_FIXED,OUTPUT,,32452,32452,26401,416,0.9998106490949027,OUTPUT,,OUTPUT,,True,10898,-27.793381652680214,-41.14440715377824,1.7118627697411273,49.68163421094202,-2.536049209215922,3.046598356525535,4.474216912596691,5.977618599284757,0.5692835588781465,1.9666113895183965,7770,0.7129748577720683,0.5682176942729338,4.261196339948551,7769,0.712883097816113,-19.6505805292313,-8.869328906171203,True,True,-21.36221186930143,-25.73555779035064,True,True,-20.36244111794239,-34.364906945662966,True,True,-19.49548989393335,-13.98630014037916,True,True,-20.36244111794239,-34.364906945662966,True,True
208,CAMERA_LOCAL,OUTPUT,,32452,32452,26401,416,0.9998106490949027,OUTPUT,,OUTPUT,,True,10898,61.776614263517814,-12.549071877028892,0.6910258519299086,63.042103324416026,-1.605754902479934,-4.601163327095431,-2.0160610838769,5.273865286805223,0.5692835588781465,1.9666113895183965,7770,0.7129748577720683,0.5694044085699497,4.804309509131163,7768,0.7127913378601578,-19.6505805292313,-8.324991940011351,True,True,-21.36221186930143,-28.46179544777183,True,True,-20.36244111794239,-36.26703308201951,True,True,-19.49548989393335,-13.033773347798983,True,True,-20.36244111794239,-36.26703308201951,True,True
