frame,coordinate_model,fit_status,fit_reason,tool_projected_pixels,tool_visible_pixels,tool_selected_depth_pixels,tool_sampled_point_count,tool_valid_depth_fraction,baseline_table_status,baseline_table_reason,corrected_table_status,corrected_table_reason,effective_comparison,table_sampled_candidate_points,translation_x_mm,translation_y_mm,translation_z_mm,translation_norm_mm,rotation_rotvec_x_deg,rotation_rotvec_y_deg,rotation_rotvec_z_deg,rotation_angle_deg,before_plane_offset_m,before_plane_tilt_deg,before_plane_inlier_count,before_plane_inlier_fraction,after_plane_offset_m,after_plane_tilt_deg,after_plane_inlier_count,after_plane_inlier_fraction,brush_before_mm,brush_after_mm,brush_before_penetrating,brush_after_penetrating,bowl_before_mm,bowl_after_mm,bowl_before_penetrating,bowl_after_penetrating,left_hand_before_mm,left_hand_after_mm,left_hand_before_penetrating,left_hand_after_penetrating,right_hand_before_mm,right_hand_after_mm,right_hand_before_penetrating,right_hand_after_penetrating,hand_before_mm,hand_after_mm,hand_before_penetrating,hand_after_penetrating
0,WORLD_FIXED,OUTPUT,,28869,28869,23371,367,0.9981634919279064,OUTPUT,,OUTPUT,,True,10262,35.86162500438858,-12.292075442678328,-13.255473366393455,40.160413852586856,-1.2564112201425577,-3.1191599318029346,0.025214821420150125,3.362791046360783,0.5677597907764453,1.7810500831549425,7446,0.7255895536932372,0.5532187653861375,2.1770353113410192,7445,0.725492106801793,-20.12307556692594,-8.471200540569935,True,True,-19.13612375763918,-1.0381899755166346,True,True,-17.63400515159319,0.7185530759175052,True,False,-16.13799515559833,-12.246945546188769,True,True,-17.63400515159319,-12.246945546188769,True,True
0,CAMERA_LOCAL,OUTPUT,,28869,28869,23371,367,0.9981634919279064,OUTPUT,,OUTPUT,,True,10262,-27.91486307800977,-20.09037742997508,10.387730388693592,35.92725690295703,-1.8410156486508582,2.3877675454961125,-1.678856764105437,3.450990075946966,0.5677597907764453,1.7810500831549425,7446,0.7255895536932372,0.5537600684426588,2.03652611031284,7445,0.725492106801793,-20.12307556692594,-8.600647898487024,True,True,-19.13612375763918,-1.6548605730739574,True,True,-17.63400515159319,-0.6615265058789177,True,True,-16.13799515559833,-12.777099333403319,True,True,-17.63400515159319,-12.777099333403319,True,True
1,WORLD_FIXED,OUTPUT,,28838,28838,23282,359,0.9957232058848687,OUTPUT,,OUTPUT,,True,10228,42.56823756504443,-2.1079638918815795,-15.233125752887831,45.26087141634406,-0.5628320865102258,-3.9589542082266735,-1.3870091421900888,4.2324806840622475,0.5681744092560536,1.7744331772310191,7380,0.7215486898709426,0.5505902304747292,3.419383302668269,7382,0.7217442315213141,-21.084421175712407,-8.922977820005729,True,True,-19.408511987085042,1.8787715132148053,True,False,-17.207304755052945,7.142397208580009,True,False,-8.831002845741786,-4.079347219310692,True,True,-17.207304755052945,-4.079347219310692,True,True
1,CAMERA_LOCAL,OUTPUT,,28838,28838,23282,359,0.9957232058848687,OUTPUT,,OUTPUT,,True,10228,-51.610463735922906,-14.70680661706708,13.781502330743448,55.406316737364065,-1.266468117773362,4.011371801224783,-0.3350313427835128,4.219868626112084,0.5681744092560536,1.7744331772310191,7380,0.7215486898709426,0.5505188463812063,3.4530778509332,7382,0.7217442315213141,-21.084421175712407,-8.820042961964925,True,True,-19.408511987085042,1.9762008165624678,True,False,-17.207304755052945,6.77322622541654,True,False,-8.831002845741786,-4.490592185284581,True,True,-17.207304755052945,-4.490592185284581,True,True
2,WORLD_FIXED,OUTPUT,,28817,28817,23294,363,0.9969612668521293,OUTPUT,,OUTPUT,,True,10232,28.88518093424321,-16.52665802624666,-11.593404011651502,35.240475588417475,-2.3601880410580884,-2.6631882551151906,-2.0270268248912138,4.095350658999259,0.5688352738523144,1.9633420515186537,7411,0.7242963252541048,0.5562123362687154,1.8272214213704028,7414,0.7245895230648944,-21.616555826084905,-10.097668434144058,True,True,-20.429413084155023,-4.4730886212360765,True,True,-18.08431277435707,-5.379938804943474,True,True,-9.023016602458188,-7.891258335404716,True,True,-18.08431277435707,-7.891258335404716,True,True
2,CAMERA_LOCAL,OUTPUT,,28817,28817,23294,363,0.9969612668521293,OUTPUT,,OUTPUT,,True,10232,-32.079544162020426,-39.77183119652822,12.46184512083886,52.59461278670972,-2.7827354244166713,2.6086450805686567,0.9726935104510476,3.936340720002788,0.5688352738523144,1.9633420515186537,7411,0.7242963252541048,0.5566298710724012,1.7142388471340084,7414,0.7245895230648944,-21.616555826084905,-10.207034560033357,True,True,-20.429413084155023,-5.0165501769442455,True,True,-18.08431277435707,-6.23620673400882,True,True,-9.023016602458188,-7.942901689320658,True,True,-18.08431277435707,-7.942901689320658,True,True
3,WORLD_FIXED,OUTPUT,,28785,28785,23297,365,0.9992708243973578,OUTPUT,,OUTPUT,,True,9919,13.401820144567541,-13.51712547564686,-9.985383501575955,21.49486794528552,-2.106434601530053,-1.2043883305771828,-3.3115230581541697,4.1053383473278195,0.568102486466815,1.8420424670569968,7159,0.7217461437644924,0.5579639655704697,0.7959598141976463,7158,0.7216453271499143,-19.56323405415472,-8.435530222187682,True,True,-19.972449497306144,-7.986264670125975,True,True,-19.169029287077755,-11.342045498541676,True,True,30.811190139047874,29.805150792040603,False,False,-19.169029287077755,-11.342045498541676,True,True
3,CAMERA_LOCAL,OUTPUT,,28785,28785,23297,365,0.9992708243973578,OUTPUT,,OUTPUT,,True,9919,-13.403888143515948,-26.885165207046356,10.231110646203895,31.73565740029549,-2.075430434090521,1.3171243248480384,1.6226115755906365,2.9453516426899347,0.568102486466815,1.8420424670569968,7159,0.7217461437644924,0.5582043313912983,0.672352133451868,7159,0.7217461437644924,-19.56323405415472,-8.461744695962391,True,True,-19.972449497306144,-8.466509400558708,True,True,-19.169029287077755,-11.525849219224614,True,True,30.811190139047874,30.96234588258129,False,False,-19.169029287077755,-11.525849219224614,True,True
4,WORLD_FIXED,OUTPUT,,28810,28810,23309,363,0.9967926787547041,OUTPUT,,OUTPUT,,True,9679,1.1713377831426517,-6.691025624062041,-7.354453906301605,10.011485821994022,-1.297038367606199,0.11154874052417285,-2.040951636267606,2.4207922732317413,0.5679918070107853,2.002144420852752,6962,0.7192891827668147,0.5607188198219246,1.244960881180627,6960,0.7190825498501912,-20.540989328360904,-11.045472886282992,True,True,-19.66575197978826,-12.177404880100994,True,True,-17.435484368369835,-13.355791905431014,True,True,36.8701111238201,42.596678246639264,False,False,-17.435484368369835,-13.355791905431014,True,True
4,CAMERA_LOCAL,OUTPUT,,28810,28810,23309,363,0.9967926787547041,OUTPUT,,OUTPUT,,True,9679,-0.26013059099461405,-18.84295868784533,8.906244239811995,20.843366966385286,-1.2765833518924248,0.2782969501341529,2.10306782441367,2.4758854014002583,0.5679918070107853,2.002144420852752,6962,0.7192891827668147,0.560908163174479,1.3656193954446054,6960,0.7190825498501912,-20.540989328360904,-11.155596558257152,True,True,-19.66575197978826,-12.533440889584524,True,True,-17.435484368369835,-13.740188864186376,True,True,36.8701111238201,42.81623452169991,False,False,-17.435484368369835,-13.740188864186376,True,True
5,WORLD_FIXED,OUTPUT,,28952,28952,23474,369,0.9988936170212765,OUTPUT,,OUTPUT,,True,9470,-0.26366962169704267,13.88202429108861,-8.094738663064987,16.07186716318609,1.116393340470654,0.22070403993892587,-0.7699462872507549,1.373994777698886,0.566382550560644,1.9000496504305342,6910,0.7296726504751848,0.5576905092259721,2.915082480318942,6911,0.729778247096093,-17.920736512264888,-11.096126248349547,True,True,-18.30575977979876,-10.345899884763643,True,True,-16.713647535564256,-5.98116641501556,True,True,42.555750522570655,53.316598960484015,False,False,-16.713647535564256,-5.98116641501556,True,True
5,CAMERA_LOCAL,OUTPUT,,28952,28952,23474,369,0.9988936170212765,OUTPUT,,OUTPUT,,True,9470,-22.818777556743704,-2.9089023938083933,9.328169071078511,24.822833451068398,-0.4153898450592643,1.9423300887811932,-1.0833429056859032,2.2624824305313607,0.566382550560644,1.9000496504305342,6910,0.7296726504751848,0.5552770457012187,1.4925553457532155,6913,0.7299894403379091,-17.920736512264888,-9.623475125547621,True,True,-18.30575977979876,-4.463150167548724,True,True,-16.713647535564256,-0.7155211009920448,True,True,42.555750522570655,47.45919132806753,False,False,-16.713647535564256,-0.7155211009920448,True,True
6,WORLD_FIXED,OUTPUT,,29190,29190,23508,361,0.9916895169795402,OUTPUT,,OUTPUT,,True,9495,24.924964822145583,-0.8685813861952734,-9.207392690820262,26.585416776357107,-0.11287244685751369,-2.1253763000199024,0.372010415414005,2.160637950958557,0.5660332111160558,2.0711804332428976,6891,0.7257503949447077,0.5566300266075912,1.2987287395504505,6890,0.7256450763559769,-17.296420370468745,-10.471505841474492,True,True,-18.294738452366953,-6.146750906726006,True,True,-17.205267151855665,-3.037840503486655,True,True,46.35170987942017,50.032642492556455,False,False,-17.205267151855665,-3.037840503486655,True,True
6,CAMERA_LOCAL,OUTPUT,,29190,29190,23508,361,0.9916895169795402,OUTPUT,,OUTPUT,,True,9495,-15.565493645850992,-3.4818952437852264,6.795558685142042,17.33746823417223,-0.53716530989816,1.465071482145997,-1.7430653358535328,2.339499472752589,0.5660332111160558,2.0711804332428976,6891,0.7257503949447077,0.5573512887111765,1.0669103389493408,6889,0.7255397577672459,-17.296420370468745,-10.639420103086605,True,True,-18.294738452366953,-6.988726460639083,True,True,-17.205267151855665,-4.554021606332337,True,True,46.35170987942017,49.4321493003852,False,False,-17.205267151855665,-4.554021606332337,True,True
7,WORLD_FIXED,OUTPUT,,29436,29436,23774,372,0.995102758360889,OUTPUT,,OUTPUT,,True,9486,2.4436840146455028,-2.665217058650125,-5.123056246363221,6.270620291211612,-0.584319872758372,0.13749583016915073,-1.0098380661984194,1.1747798674465046,0.5666515344819556,2.041777627909439,6737,0.7102045119122918,0.5616420969666245,1.7769732981767499,6737,0.7102045119122918,-18.44768743621106,-12.33668404676791,True,True,-18.730131034110475,-13.73022492827669,True,True,-16.722439312970792,-13.314333047118044,True,True,47.91868054325099,52.218257746699635,False,False,-16.722439312970792,-13.314333047118044,True,True
7,CAMERA_LOCAL,OUTPUT,,29436,29436,23774,372,0.995102758360889,OUTPUT,,OUTPUT,,True,9486,-4.709189395985383,-9.025228313758504,6.120636316132899,11.878274276892846,-0.8383236387066197,0.7250089031284479,-0.8040501936478432,1.369277600318853,0.5666515344819556,2.041777627909439,6737,0.7102045119122918,0.5597539239959807,0.8540171764727792,6737,0.7102045119122918,-18.44768743621106,-11.601218011661807,True,True,-18.730131034110475,-10.263626636783375,True,True,-16.722439312970792,-9.018981812682236,True,True,47.91868054325099,51.424310403825444,False,False,-16.722439312970792,-9.018981812682236,True,True
8,WORLD_FIXED,OUTPUT,,29571,29571,23950,377,0.9986656659161037,OUTPUT,,OUTPUT,,True,9625,46.22137598697446,0.5271511114746713,-14.256146064913555,48.37283521820628,-0.23961359219668213,-4.2539218199267355,-0.15684584168134413,4.2635508841418694,0.5668280920868763,1.9298873421968166,6749,0.7011948051948051,0.5503675652165122,2.922598817349653,6748,0.7010909090909091,-18.063962330329698,-7.621689034282286,True,True,-18.92451324796407,2.0061190199168744,True,False,-18.16364869616749,6.7900847896247285,True,False,52.164702217985635,59.3196314181913,False,False,-18.16364869616749,6.7900847896247285,True,False
8,CAMERA_LOCAL,OUTPUT,,29571,29571,23950,377,0.9986656659161037,OUTPUT,,OUTPUT,,True,9625,-50.10333384600015,-6.879902171811599,14.187145637588642,52.52572910221801,-0.7319126478053872,4.008467581517019,-1.4899971267059797,4.338617281310079,0.5668280920868763,1.9298873421968166,6749,0.7011948051948051,0.5500674191804643,3.016588945476909,6747,0.7009870129870129,-18.063962330329698,-7.601037301964264,True,True,-18.92451324796407,2.3211398267782846,True,False,-18.16364869616749,7.394426972751833,True,False,52.164702217985635,59.627799162039416,False,False,-18.16364869616749,7.394426972751833,True,False
9,WORLD_FIXED,OUTPUT,,29688,29666,23956,375,0.9947678764222241,OUTPUT,,OUTPUT,,True,9725,3.676509576854733,17.457674982913485,-8.923822649840433,19.947976066848312,1.2211725512004048,-0.13693556178213842,-2.0843644985520067,2.4196258203924534,0.5668109268394526,1.847059895118999,6520,0.6704370179948587,0.5571676741759651,2.81618656611799,6520,0.6704370179948587,-18.54936690972364,-11.510410896510725,True,True,-18.61720077732332,-9.202363277699854,True,True,-17.1330091233709,-4.177397478406841,True,True,52.43664740861498,62.52324876491322,False,False,-17.1330091233709,-4.177397478406841,True,True
9,CAMERA_LOCAL,OUTPUT,,29688,29666,23956,375,0.9947678764222241,OUTPUT,,OUTPUT,,True,9725,-13.349082687418036,15.737668257827915,10.46979630211001,23.14063191437617,1.2998580444659726,1.0584712856388954,2.5664636692151865,3.065408319243366,0.5668109268394526,1.847059895118999,6520,0.6704370179948587,0.5569795790016644,2.970075158028705,6520,0.6704370179948587,-18.54936690972364,-11.63221618483401,True,True,-18.61720077732332,-9.111998055596814,True,True,-17.1330091233709,-3.6723922429188205,True,True,52.43664740861498,62.80389500233896,False,False,-17.1330091233709,-3.6723922429188205,True,True
10,WORLD_FIXED,OUTPUT,,29746,29250,23533,367,0.9961479850998984,OUTPUT,,OUTPUT,,True,9760,15.964197870087414,4.82811434601362,-10.784941365937403,19.86155235726034,-0.6542139173241212,-1.7563298877379385,-4.279924290236409,4.672305903334858,0.567907537560088,2.052910224082075,6433,0.6591188524590164,0.5569517497880314,0.9090721905105438,6435,0.6593237704918032,-19.25766703311782,-9.666384482764467,True,True,-20.036914561998188,-6.555892364176752,True,True,-18.59539058539772,-4.672891093082776,True,True,46.30320915504782,54.13345419540671,False,False,-18.59539058539772,-4.672891093082776,True,True
10,CAMERA_LOCAL,OUTPUT,,29746,29250,23533,367,0.9961479850998984,OUTPUT,,OUTPUT,,True,9760,-36.885743149961215,-19.54162907807323,12.3093467313434,43.51957412133467,-0.9310442737663013,2.657375610267816,3.693335862613899,4.64426725844123,0.567907537560088,2.052910224082075,6433,0.6591188524590164,0.5573344196297033,0.8405250821072108,6434,0.6592213114754099,-19.25766703311782,-9.788618098695135,True,True,-20.036914561998188,-7.11611656709521,True,True,-18.59539058539772,-5.456777573863869,True,True,46.30320915504782,54.00948990607335,False,False,-18.59539058539772,-5.456777573863869,True,True
11,WORLD_FIXED,OUTPUT,,29776,28180,22475,347,0.9978245427099982,OUTPUT,,OUTPUT,,True,9862,27.70831641088488,-16.149660431905115,-10.784039873116972,33.83574805404088,-2.2483621040642556,-2.7356490033718903,-2.9545045661169387,4.611724715531891,0.569116359409045,2.00381305501681,6524,0.6615291016021091,0.5574155483066062,1.6669694282065806,6522,0.6613263029811397,-21.023968400442183,-10.462451697880738,True,True,-20.945224934319164,-5.766946327744771,True,True,-19.186838908947013,-6.750205097119988,True,True,41.647438341946284,47.62103767773051,False,False,-19.186838908947013,-6.750205097119988,True,True
11,CAMERA_LOCAL,OUTPUT,,29776,28180,22475,347,0.9978245427099982,OUTPUT,,OUTPUT,,True,9862,-39.03207250486325,-33.76476812515087,11.725232255103872,52.92488376941639,-2.475174205269249,3.040283895322515,0.9090020380548611,4.024437627268634,0.569116359409045,2.00381305501681,6524,0.6615291016021091,0.5568642309331344,1.8002891729829902,6523,0.6614277022916244,-21.023968400442183,-10.35344926896531,True,True,-20.945224934319164,-5.056667803243875,True,True,-19.186838908947013,-5.45183675074612,True,True,41.647438341946284,47.90084978239495,False,False,-19.186838908947013,-5.45183675074612,True,True
12,WORLD_FIXED,OUTPUT,,29804,26235,20527,313,0.9977155633323612,OUTPUT,,OUTPUT,,True,9902,8.133542191204183,-19.421179412591037,-7.633616932974733,22.396625322390584,-2.3141775128734103,-0.6043262264260503,-2.1909205096964968,3.2435721710552503,0.5693560836502901,1.9037778760638007,6093,0.6153302363158958,0.5615746715855315,0.9173376779392549,6093,0.6153302363158958,-21.231726046888056,-11.019012375995896,True,True,-21.032741713260194,-12.10129675989091,True,True,-19.18949163422834,-15.54795930649744,True,True,41.447662749043104,47.54407589022303,False,False,-19.18949163422834,-15.54795930649744,True,True
12,CAMERA_LOCAL,OUTPUT,,29804,26235,20527,313,0.9977155633323612,OUTPUT,,OUTPUT,,True,9902,-10.362638241150256,-30.401538350626392,8.209142862210781,33.15158867888149,-2.2689665342100787,0.9758880110255427,1.8848086348321345,3.106939029554082,0.5693560836502901,1.9037778760638007,6093,0.6153302363158958,0.5613997143004991,0.782062908104625,6092,0.6152292466168451,-21.231726046888056,-11.003088569916164,True,True,-21.032741713260194,-11.848445848404388,True,True,-19.18949163422834,-14.901283599534022,True,True,41.447662749043104,47.706007481481016,False,False,-19.18949163422834,-14.901283599534022,True,True
13,WORLD_FIXED,OUTPUT,,29776,24274,18684,295,0.9969585400992477,OUTPUT,,OUTPUT,,True,9907,48.443833783127864,-9.424533195942681,-16.295212096286477,51.97269278026402,-1.0726858501119698,-4.420594448784477,-0.018519974620000868,4.548917805710992,0.5704306921844202,2.09834263419708,6167,0.6224891490865045,0.551420424286214,3.480876223924285,6171,0.6228929040072676,-22.996611915510833,-9.287214450075965,True,True,-22.066233951389513,1.1508973373471898,True,False,-19.39959176802397,6.043944769704712,True,False,37.924158849021005,50.35865575297515,False,False,-19.39959176802397,6.043944769704712,True,False
13,CAMERA_LOCAL,OUTPUT,,29776,24274,18684,295,0.9969585400992477,OUTPUT,,OUTPUT,,True,9907,-53.898428710896376,-16.718538190325532,17.301796303991733,59.02459057096265,-1.5506788597089116,4.299549339590207,-1.24619941214421,4.7374827096620935,0.5704306921844202,2.09834263419708,6167,0.6224891490865045,0.5507782307647777,3.687084630340856,6170,0.6227919652770768,-22.996611915510833,-9.222048918091419,True,True,-22.066233951389513,1.832469052412189,True,False,-19.39959176802397,6.873982926351885,True,False,37.924158849021005,50.545798265956286,False,False,-19.39959176802397,6.873982926351885,True,False
14,WORLD_FIXED,OUTPUT,,29724,22711,17847,277,0.9987688175051765,OUTPUT,,OUTPUT,,True,9860,25.156408571397716,-32.981562586571975,-9.683197179157757,42.595688402390046,-3.8642106039758857,-2.0574492698146245,-0.5586097425010543,4.413305556400724,0.5719673514050942,2.4353358695168144,5948,0.6032454361054767,0.5608880745942053,1.9625845992919262,5944,0.602839756592292,-25.584165551229,-13.303003640339316,True,True,-23.609577751552035,-9.67578721070761,True,True,-19.70352240629092,-13.51830129032583,True,True,34.47801638306436,45.007188696654985,False,False,-19.70352240629092,-13.51830129032583,True,True
14,CAMERA_LOCAL,OUTPUT,,29724,22711,17847,277,0.9987688175051765,OUTPUT,,OUTPUT,,True,9860,-22.910911756594714,-51.130711828077494,13.569431816399154,57.64884256760303,-3.698018886321768,2.0964172612913226,-0.2672635245955358,4.2593120111834875,0.5719673514050942,2.4353358695168144,5948,0.6032454361054767,0.5594773446228765,1.9608838230725336,5944,0.602839756592292,-25.584165551229,-12.700944619571164,True,True,-23.609577751552035,-7.8680679806015785,True,True,-19.70352240629092,-10.044523569734176,True,True,34.47801638306436,45.50493279241352,False,False,-19.70352240629092,-10.044523569734176,True,True
15,WORLD_FIXED,OUTPUT,,29719,21376,16532,260,0.9961436490720655,OUTPUT,,OUTPUT,,True,9745,2.062351356071691,-24.036185523854616,-5.595104150949504,24.76482784339559,-3.3258643187395256,0.1177977335986816,-3.9607794702862242,5.173299119995531,0.5703052587445765,2.2370339418562373,5898,0.6052334530528476,0.5641582131020303,2.1352946899726644,5908,0.6062596203181119,-22.32627294345868,-11.88177024332493,True,True,-22.43822714321031,-16.354975506356674,True,True,-20.16464007191976,-22.783173983366822,True,True,36.98660195155146,45.70887374361155,False,False,-20.16464007191976,-22.783173983366822,True,True
15,CAMERA_LOCAL,OUTPUT,,29719,21376,16532,260,0.9961436490720655,OUTPUT,,OUTPUT,,True,9745,-3.263300263390454,-48.98150864225065,9.255937122126047,49.95507671387034,-3.238139199499799,0.6936522904846533,4.2245573669370495,5.367828604004965,0.5703052587445765,2.2370339418562373,5898,0.6052334530528476,0.5642307137518883,2.15377542456537,5908,0.6062596203181119,-22.32627294345868,-11.859982232691912,True,True,-22.43822714321031,-16.573096875351023,True,True,-20.16464007191976,-22.878500726111973,True,True,36.98660195155146,45.718386848702885,False,False,-20.16464007191976,-22.878500726111973,True,True
16,WORLD_FIXED,OUTPUT,,29760,19384,14491,227,0.9902282356156895,OUTPUT,,OUTPUT,,True,9795,56.5662126818698,-23.18946258409403,-16.367192132267324,63.28801284922903,-2.7481528132365405,-5.297491152669892,-2.9544014077411047,6.659147398547227,0.5695674393123652,1.9386292544798684,5838,0.5960183767228178,0.5488495814591341,4.124327193809641,5840,0.5962225625319041,-20.90317397614183,-7.67626471198013,True,True,-21.631697855822306,2.9900619708757015,True,False,-20.834523251153982,0.5996546337541098,True,False,39.28627729390366,52.230919175616286,False,False,-20.834523251153982,0.5996546337541098,True,False
16,CAMERA_LOCAL,OUTPUT,,29760,19384,14491,227,0.9902282356156895,OUTPUT,,OUTPUT,,True,9795,-67.12502271220752,-42.122836005147796,21.27277683373207,82.05262348912873,-3.236383184740404,5.352912482360843,0.8000402017032663,6.306180499052209,0.5695674393123652,1.9386292544798684,5838,0.5960183767228178,0.5491269060376911,4.01158361406605,5839,0.5961204696273609,-20.90317397614183,-7.719006552382668,True,True,-21.631697855822306,2.775301946139508,True,False,-20.834523251153982,0.6752044268548696,True,False,39.28627729390366,52.09263265475561,False,False,-20.834523251153982,0.6752044268548696,True,False
17,WORLD_FIXED,OUTPUT,,29835,17231,12270,194,0.9967506092607636,OUTPUT,,OUTPUT,,True,9843,54.65680277812672,-16.650765487147297,-16.658666231464718,59.515756248630154,-1.9697456971761493,-5.297231944681857,-1.1207039389408429,5.761644010702103,0.569186815147852,1.9985992598499094,5727,0.5818348064614447,0.5487162838287984,3.901414002658906,5727,0.5818348064614447,-20.514906216121286,-7.060739759100376,True,True,-21.23454850213491,3.70590959528061,True,False,-20.096339200040838,4.215088250128729,True,False,41.35812936074401,53.14357264266756,False,False,-20.096339200040838,4.215088250128729,True,False
17,CAMERA_LOCAL,OUTPUT,,29835,17231,12270,194,0.9967506092607636,OUTPUT,,OUTPUT,,True,9843,-52.742387763426606,-35.44069739237046,17.751536474430385,65.97665909886814,-2.9058577559668235,4.092074860804432,-0.9226935069226795,5.102984349579903,0.569186815147852,1.9985992598499094,5727,0.5818348064614447,0.5515449590673831,3.204503806148275,5728,0.5819364015036066,-20.514906216121286,-7.9210885111933305,True,True,-21.23454850213491,0.6211662987898325,True,False,-20.096339200040838,-0.3382939841324317,True,True,41.35812936074401,52.64114402572251,False,False,-20.096339200040838,-0.3382939841324317,True,True
18,WORLD_FIXED,FAILED,"ValueError: calibration fit failed or reached the numerical safety boundary: success=True, translation=0.10441689653175863, rotation_deg=10.01841997771087",29904,16652,11586,183,0.9948480164863472,OUTPUT,,FAILED,correction unavailable,False,9861,,,,,,,,,,,,,,,,,,,,,,,,,,,,,,,,,,,,
18,CAMERA_LOCAL,FAILED,"ValueError: calibration fit failed or reached the numerical safety boundary: success=True, translation=0.10359403970418116, rotation_deg=7.977521718172452",29904,16652,11586,183,0.9948480164863472,OUTPUT,,FAILED,correction unavailable,False,9861,,,,,,,,,,,,,,,,,,,,,,,,,,,,,,,,,,,,
19,WORLD_FIXED,FAILED,"ValueError: calibration fit failed or reached the numerical safety boundary: success=True, translation=0.10423985236659737, rotation_deg=10.112870169931407",29915,16638,11565,181,0.9930448222565688,OUTPUT,,FAILED,correction unavailable,False,9753,,,,,,,,,,,,,,,,,,,,,,,,,,,,,,,,,,,,
19,CAMERA_LOCAL,FAILED,"ValueError: calibration fit failed or reached the numerical safety boundary: success=True, translation=0.10549799238376295, rotation_deg=7.857240799644433",29915,16638,11565,181,0.9930448222565688,OUTPUT,,FAILED,correction unavailable,False,9753,,,,,,,,,,,,,,,,,,,,,,,,,,,,,,,,,,,,
20,WORLD_FIXED,FAILED,"ValueError: calibration fit failed or reached the numerical safety boundary: success=True, translation=0.10476112431702864, rotation_deg=10.595555184640942",29919,16566,11472,183,0.9945383615084525,OUTPUT,,FAILED,correction unavailable,False,9824,,,,,,,,,,,,,,,,,,,,,,,,,,,,,,,,,,,,
20,CAMERA_LOCAL,OUTPUT,,29919,16566,11472,183,0.9945383615084525,OUTPUT,,OUTPUT,,True,9824,-46.54613555925263,21.807385396070334,34.7890200249813,62.06754955378546,0.48152555224097904,4.2999850526030015,-8.202941668217038,9.274157121929818,0.5697256410257918,2.147551438032804,5666,0.5767508143322475,0.5305619666717332,5.880659668641626,5664,0.5765472312703583,-22.600532064001367,1.2944838943057535,True,False,-21.503762962668983,21.783292818140175,True,False,-19.24249427684055,34.44227477378647,True,False,40.95196859978378,63.88247801930014,False,False,-19.24249427684055,34.44227477378647,True,False
21,WORLD_FIXED,FAILED,"ValueError: calibration fit failed or reached the numerical safety boundary: success=True, translation=0.11036343671626307, rotation_deg=9.903592682415221",29970,15785,10507,166,0.9927248677248677,OUTPUT,,FAILED,correction unavailable,False,9831,,,,,,,,,,,,,,,,,,,,,,,,,,,,,,,,,,,,
21,CAMERA_LOCAL,FAILED,"ValueError: calibration fit failed or reached the numerical safety boundary: success=True, translation=0.11063688915663725, rotation_deg=11.217052509475359",29970,15785,10507,166,0.9927248677248677,OUTPUT,,FAILED,correction unavailable,False,9831,,,,,,,,,,,,,,,,,,,,,,,,,,,,,,,,,,,,
22,WORLD_FIXED,FAILED,"ValueError: calibration fit failed or reached the numerical safety boundary: success=True, translation=0.10205978454504631, rotation_deg=10.104363132925965",30037,15507,10091,163,0.9837200233963735,OUTPUT,,FAILED,correction unavailable,False,9857,,,,,,,,,,,,,,,,,,,,,,,,,,,,,,,,,,,,
22,CAMERA_LOCAL,OUTPUT,,30037,15507,10091,163,0.9837200233963735,OUTPUT,,OUTPUT,,True,9857,-57.373035632047205,27.530691633990585,41.79640767325346,76.13503722906319,0.7256777122739715,5.319969177774527,-8.121781978703593,9.736119489003645,0.5680484593648929,1.4303141899019118,5822,0.5906462412498732,0.5212204435542402,6.723141730583122,5824,0.5908491427411992,-19.5060334746765,8.272137791467182,True,False,-19.362926406353065,31.07206189663403,True,False,-18.60499382018088,43.72032762623368,True,False,43.49431431347528,70.60770235137647,False,False,-18.60499382018088,43.72032762623368,True,False
23,WORLD_FIXED,FAILED,"ValueError: calibration fit failed or reached the numerical safety boundary: success=True, translation=0.10161430344980064, rotation_deg=10.269614716414138",30122,15611,10229,161,0.9902226524685382,OUTPUT,,FAILED,correction unavailable,False,9880,,,,,,,,,,,,,,,,,,,,,,,,,,,,,,,,,,,,
23,CAMERA_LOCAL,OUTPUT,,30122,15611,10229,161,0.9902226524685382,OUTPUT,,OUTPUT,,True,9880,-52.74412439581821,54.95908056074477,42.83449768188562,87.39128895961797,2.764910337505864,5.129855921124306,-7.889627680008353,9.80848489192367,0.5676146046151817,1.4964534230111626,5609,0.5677125506072874,0.520325555818399,7.0393931653416875,5608,0.5676113360323887,-18.637426125084566,6.600188199823109,True,False,-19.177797189583124,31.13068898302562,True,False,-19.06825718920191,47.308905811518585,True,False,41.90593280159904,68.37914371147357,False,False,-19.06825718920191,47.308905811518585,True,False
24,WORLD_FIXED,FAILED,"ValueError: calibration fit failed or reached the numerical safety boundary: success=True, translation=0.08859376315848438, rotation_deg=10.332347495691145",30264,15965,10557,171,0.9916400526019162,OUTPUT,,FAILED,correction unavailable,False,9951,,,,,,,,,,,,,,,,,,,,,,,,,,,,,,,,,,,,
24,CAMERA_LOCAL,FAILED,"ValueError: calibration fit failed or reached the numerical safety boundary: success=True, translation=0.0925445018758892, rotation_deg=10.563694651683893",30264,15965,10557,171,0.9916400526019162,OUTPUT,,FAILED,correction unavailable,False,9951,,,,,,,,,,,,,,,,,,,,,,,,,,,,,,,,,,,,
25,WORLD_FIXED,OUTPUT,,30329,16410,11002,168,0.9943063714414822,OUTPUT,,OUTPUT,,True,10062,63.87632639447523,49.9317952426134,-37.441461971005324,89.30415625451057,3.8809713860952186,-5.501406991959847,3.1654465859498524,7.43958801812144,0.567792358824353,1.6432512472195628,5824,0.5788113695090439,0.5220634666750966,6.161684843373261,5819,0.5783144504074736,-18.507127022218462,8.243114250806038,True,False,-19.619067727155937,28.975926613038162,True,False,-19.937656352824185,44.11743261720391,True,False,38.37618722006542,67.10631059568072,False,False,-19.937656352824185,44.11743261720391,True,False
25,CAMERA_LOCAL,FAILED,"ValueError: calibration fit failed or reached the numerical safety boundary: success=True, translation=0.12057757755225977, rotation_deg=12.904256330481918",30329,16410,11002,168,0.9943063714414822,OUTPUT,,FAILED,correction unavailable,False,10062,,,,,,,,,,,,,,,,,,,,,,,,,,,,,,,,,,,,
26,WORLD_FIXED,FAILED,"ValueError: calibration fit failed or reached the numerical safety boundary: success=True, translation=0.13877098481967584, rotation_deg=15.433796209400144",30408,17451,11947,183,0.9919461972766522,OUTPUT,,FAILED,correction unavailable,False,10045,,,,,,,,,,,,,,,,,,,,,,,,,,,,,,,,,,,,
26,CAMERA_LOCAL,FAILED,"ValueError: calibration fit failed or reached the numerical safety boundary: success=True, translation=0.14990543442132756, rotation_deg=14.368856579996187",30408,17451,11947,183,0.9919461972766522,OUTPUT,,FAILED,correction unavailable,False,10045,,,,,,,,,,,,,,,,,,,,,,,,,,,,,,,,,,,,
27,WORLD_FIXED,FAILED,"ValueError: calibration fit failed or reached the numerical safety boundary: success=True, translation=0.12747994873140414, rotation_deg=14.128734265382208",30377,17643,12029,191,0.9889829811724081,OUTPUT,,FAILED,correction unavailable,False,10002,,,,,,,,,,,,,,,,,,,,,,,,,,,,,,,,,,,,
27,CAMERA_LOCAL,FAILED,"ValueError: calibration fit failed or reached the numerical safety boundary: success=True, translation=0.11528765672142935, rotation_deg=12.582107147237771",30377,17643,12029,191,0.9889829811724081,OUTPUT,,FAILED,correction unavailable,False,10002,,,,,,,,,,,,,,,,,,,,,,,,,,,,,,,,,,,,
28,WORLD_FIXED,FAILED,"ValueError: calibration fit failed or reached the numerical safety boundary: success=True, translation=0.1410359114570529, rotation_deg=15.23079343572135",30421,18113,12432,196,0.9844789356984479,OUTPUT,,FAILED,correction unavailable,False,9953,,,,,,,,,,,,,,,,,,,,,,,,,,,,,,,,,,,,
28,CAMERA_LOCAL,FAILED,"ValueError: calibration fit failed or reached the numerical safety boundary: success=True, translation=0.14327199062330537, rotation_deg=13.88949275462891",30421,18113,12432,196,0.9844789356984479,OUTPUT,,FAILED,correction unavailable,False,9953,,,,,,,,,,,,,,,,,,,,,,,,,,,,,,,,,,,,
29,WORLD_FIXED,FAILED,"ValueError: calibration fit failed or reached the numerical safety boundary: success=True, translation=0.14958442663021465, rotation_deg=16.01385460587822",30508,18405,12865,197,0.9919808774770607,OUTPUT,,FAILED,correction unavailable,False,9902,,,,,,,,,,,,,,,,,,,,,,,,,,,,,,,,,,,,
29,CAMERA_LOCAL,FAILED,"ValueError: calibration fit failed or reached the numerical safety boundary: success=True, translation=0.14150128255432382, rotation_deg=13.862778760370805",30508,18405,12865,197,0.9919808774770607,OUTPUT,,FAILED,correction unavailable,False,9902,,,,,,,,,,,,,,,,,,,,,,,,,,,,,,,,,,,,
30,WORLD_FIXED,FAILED,"ValueError: calibration fit failed or reached the numerical safety boundary: success=True, translation=0.12077666360160062, rotation_deg=14.59503192385426",30530,18202,12586,195,0.988688138256088,OUTPUT,,FAILED,correction unavailable,False,9995,,,,,,,,,,,,,,,,,,,,,,,,,,,,,,,,,,,,
30,CAMERA_LOCAL,FAILED,"ValueError: calibration fit failed or reached the numerical safety boundary: success=True, translation=0.11040230575809835, rotation_deg=12.14989497824295",30530,18202,12586,195,0.988688138256088,OUTPUT,,FAILED,correction unavailable,False,9995,,,,,,,,,,,,,,,,,,,,,,,,,,,,,,,,,,,,
31,WORLD_FIXED,FAILED,"ValueError: calibration fit failed or reached the numerical safety boundary: success=True, translation=0.11961692369647074, rotation_deg=14.67922514855893",30619,18246,12639,197,0.9899741521109109,OUTPUT,,FAILED,correction unavailable,False,10055,,,,,,,,,,,,,,,,,,,,,,,,,,,,,,,,,,,,
31,CAMERA_LOCAL,FAILED,"ValueError: calibration fit failed or reached the numerical safety boundary: success=True, translation=0.10981728864775048, rotation_deg=12.212766012435209",30619,18246,12639,197,0.9899741521109109,OUTPUT,,FAILED,correction unavailable,False,10055,,,,,,,,,,,,,,,,,,,,,,,,,,,,,,,,,,,,
32,WORLD_FIXED,OUTPUT,,30575,18231,12575,198,0.995487650411653,OUTPUT,,OUTPUT,,True,10167,64.50854558259492,28.03104146447167,-29.35498712777755,76.2155299662519,2.695651788916867,-5.912078335860594,6.526256688327714,9.209301557576724,0.5687710156929444,1.7279614169911595,5893,0.579620340316711,0.5325327804636499,6.102865719355015,5892,0.579521982885807,-19.97352295725974,-2.4091209187171447,True,True,-20.315691895700596,19.13732898602749,True,False,-18.121451385346155,34.0803805116846,True,False,23.079029686078666,43.17650755251656,False,False,-18.121451385346155,34.0803805116846,True,False
32,CAMERA_LOCAL,FAILED,"ValueError: calibration fit failed or reached the numerical safety boundary: success=True, translation=0.06712412123559625, rotation_deg=10.074260163461664",30575,18231,12575,198,0.995487650411653,OUTPUT,,FAILED,correction unavailable,False,10167,,,,,,,,,,,,,,,,,,,,,,,,,,,,,,,,,,,,
33,WORLD_FIXED,OUTPUT,,30698,18179,12437,196,0.9868285328889946,OUTPUT,,OUTPUT,,True,10291,40.0134562955348,21.376687178822877,-23.10677838356276,50.91132140028392,1.1660752406656538,-3.773646362997843,-0.15465909783141207,3.9527278905083176,0.5681254792828281,1.6391588738167113,5948,0.5779807598872801,0.542526070217335,3.262301244248385,5949,0.578077932173744,-18.802761610764662,-1.7755365471040507,True,True,-19.776145099158924,9.436693130355112,True,False,-18.477190730840974,17.075316813426554,True,False,24.293592534882503,41.10911150262575,False,False,-18.477190730840974,17.075316813426554,True,False
33,CAMERA_LOCAL,OUTPUT,,30698,18179,12437,196,0.9868285328889946,OUTPUT,,OUTPUT,,True,10291,-48.36619218834086,3.677987526111335,26.620139908171378,55.330353222913494,0.6367735785649642,3.7575239116696943,0.01511879201786466,3.8111278009271783,0.5681254792828281,1.6391588738167113,5948,0.5779807598872801,0.5434554270341153,2.9838752110526228,5948,0.5779807598872801,-18.802761610764662,-1.767222412167313,True,True,-19.776145099158924,8.420195534328712,True,False,-18.477190730840974,15.442174058708403,True,False,24.293592534882503,40.91836902191615,False,False,-18.477190730840974,15.442174058708403,True,False
34,WORLD_FIXED,OUTPUT,,30817,18310,12781,195,0.9971134342331097,OUTPUT,,OUTPUT,,True,10514,21.195597094675797,14.455309196777835,-19.192198530365072,32.039815614376224,0.5430652130424948,-1.7241094877578766,-0.7114312094259936,1.942577596169314,0.5687025024153433,1.919350311784677,6191,0.5888339357047746,0.5487890263306832,2.1429454957670075,6194,0.5891192695453681,-20.338994987986414,-4.013432744808032,True,True,-20.3765998582921,1.4991448707333266,True,False,-17.243129800633028,7.427124404258523,True,False,22.32458560183259,38.316785899576765,False,False,-17.243129800633028,7.427124404258523,True,False
34,CAMERA_LOCAL,OUTPUT,,30817,18310,12781,195,0.9971134342331097,OUTPUT,,OUTPUT,,True,10514,-23.095846641326304,1.0171229142836395,21.276389292629496,31.418743011679247,0.3483048923769166,2.0049754217439606,0.6281729528167606,2.1297520978981557,0.5687025024153433,1.919350311784677,6191,0.5888339357047746,0.5487648220685718,2.148200139046104,6194,0.5891192695453681,-20.338994987986414,-4.006422577844004,True,True,-20.3765998582921,1.528468270498018,True,False,-17.243129800633028,7.470906183433379,True,False,22.32458560183259,38.32361192538725,False,False,-17.243129800633028,7.470906183433379,True,False
35,WORLD_FIXED,OUTPUT,,31008,18448,12631,199,0.9874912047533422,OUTPUT,,OUTPUT,,True,10764,31.19424685854237,-24.367865134836936,-11.20523407180286,41.13916818441002,-3.83809225984366,-3.1583254785701556,-6.028680693938065,7.813511562231079,0.5675993462357818,1.4282993794168053,6292,0.5845410628019324,0.5541091801364745,3.563297510223688,6299,0.5851913786696396,-18.019132518381497,-8.716440700538675,True,True,-19.02881133752232,-3.5563945246341877,True,True,-18.232228109206105,-9.823090077606956,True,True,24.67017923065462,33.72646175550609,False,False,-18.232228109206105,-9.823090077606956,True,True
35,CAMERA_LOCAL,OUTPUT,,31008,18448,12631,199,0.9874912047533422,OUTPUT,,OUTPUT,,True,10764,-47.554496237997355,-66.74366717517832,17.742518572682034,83.85072561249932,-4.200126567312603,3.916073464996768,4.768723301992837,7.464409989789306,0.5675993462357818,1.4282993794168053,6292,0.5845410628019324,0.5548803919365316,3.338050368529565,6299,0.5851913786696396,-18.019132518381497,-8.755845436629105,True,True,-19.02881133752232,-4.310768606813675,True,True,-18.232228109206105,-10.844150374456074,True,True,24.67017923065462,33.58442374444992,False,False,-18.232228109206105,-10.844150374456074,True,True
36,WORLD_FIXED,FAILED,"ValueError: calibration fit failed or reached the numerical safety boundary: success=True, translation=0.07244351976275457, rotation_deg=11.414959910078213",31199,18553,12677,194,0.9947426239799121,OUTPUT,,FAILED,correction unavailable,False,11139,,,,,,,,,,,,,,,,,,,,,,,,,,,,,,,,,,,,
36,CAMERA_LOCAL,FAILED,"ValueError: calibration fit failed or reached the numerical safety boundary: success=True, translation=0.10759976552480745, rotation_deg=9.207897040332409",31199,18553,12677,194,0.9947426239799121,OUTPUT,,FAILED,correction unavailable,False,11139,,,,,,,,,,,,,,,,,,,,,,,,,,,,,,,,,,,,
37,WORLD_FIXED,FAILED,"ValueError: calibration fit failed or reached the numerical safety boundary: success=True, translation=0.12425002633840149, rotation_deg=17.1314895676698",31238,18657,12670,197,0.9972451790633609,OUTPUT,,FAILED,correction unavailable,False,11458,,,,,,,,,,,,,,,,,,,,,,,,,,,,,,,,,,,,
37,CAMERA_LOCAL,FAILED,"ValueError: calibration fit failed or reached the numerical safety boundary: success=True, translation=0.1478312407342779, rotation_deg=11.332310683566181",31238,18657,12670,197,0.9972451790633609,OUTPUT,,FAILED,correction unavailable,False,11458,,,,,,,,,,,,,,,,,,,,,,,,,,,,,,,,,,,,
38,WORLD_FIXED,FAILED,"ValueError: calibration fit failed or reached the numerical safety boundary: success=True, translation=0.10065155976445561, rotation_deg=14.695836244880134",32027,19839,13944,220,0.9962846527579309,OUTPUT,,FAILED,correction unavailable,False,11758,,,,,,,,,,,,,,,,,,,,,,,,,,,,,,,,,,,,
38,CAMERA_LOCAL,FAILED,"ValueError: calibration fit failed or reached the numerical safety boundary: success=True, translation=0.10564226285909072, rotation_deg=9.30758873544246",32027,19839,13944,220,0.9962846527579309,OUTPUT,,FAILED,correction unavailable,False,11758,,,,,,,,,,,,,,,,,,,,,,,,,,,,,,,,,,,,
39,WORLD_FIXED,FAILED,"ValueError: calibration fit failed or reached the numerical safety boundary: success=True, translation=0.07155789487756327, rotation_deg=12.318934976815143",32988,21435,15669,243,0.9989799171182658,OUTPUT,,FAILED,correction unavailable,False,12042,,,,,,,,,,,,,,,,,,,,,,,,,,,,,,,,,,,,
39,CAMERA_LOCAL,FAILED,"ValueError: calibration fit failed or reached the numerical safety boundary: success=True, translation=0.12106987100472957, rotation_deg=12.460876232290202",32988,21435,15669,243,0.9989799171182658,OUTPUT,,FAILED,correction unavailable,False,12042,,,,,,,,,,,,,,,,,,,,,,,,,,,,,,,,,,,,
40,WORLD_FIXED,FAILED,"ValueError: calibration fit failed or reached the numerical safety boundary: success=True, translation=0.06396293306130793, rotation_deg=13.093643716981283",33754,22638,16871,261,0.9976346756548992,OUTPUT,,FAILED,correction unavailable,False,12218,,,,,,,,,,,,,,,,,,,,,,,,,,,,,,,,,,,,
40,CAMERA_LOCAL,OUTPUT,,33754,22638,16871,261,0.9976346756548992,OUTPUT,,OUTPUT,,True,12218,-27.56199882564073,-35.52206940083987,9.01344538721127,45.85546195962859,-1.6499689996441063,2.1504639717204435,5.731071197242158,6.3397216075560365,0.5678546120084627,1.9106718408617391,7359,0.6023080700605664,0.562426492852803,0.4027654055355038,7362,0.6025536094287117,-2.4870545112400944,0.27901777445937803,True,False,-19.794097605537964,-12.781970944419019,True,True,-9.811314184647756,-5.326400704480649,True,True,40.88291385105669,45.021165111696185,False,False,-9.811314184647756,-5.326400704480649,True,True
41,WORLD_FIXED,OUTPUT,,34932,24555,18673,293,0.9949381926683717,OUTPUT,,OUTPUT,,True,12227,12.55526842181552,-10.548361610568502,-4.034596700205714,16.887293102935832,-2.893974643000588,-2.156441732733688,-9.083417588404767,9.774139617702774,0.5676106184013167,1.9144184291216577,7381,0.6036640222458494,0.56313846321361,1.6949267015844762,7381,0.6036640222458494,2.244684805012498,0.67742967020612,False,False,-19.586230164338026,-12.303190636951955,True,True,-9.501174607139173,-6.7278457943512615,True,True,48.93945519344356,50.122981849314186,False,False,-9.501174607139173,-6.7278457943512615,True,True
41,CAMERA_LOCAL,FAILED,"ValueError: calibration fit failed or reached the numerical safety boundary: success=True, translation=0.08429677770429114, rotation_deg=11.025739576875873",34932,24555,18673,293,0.9949381926683717,OUTPUT,,FAILED,correction unavailable,False,12227,,,,,,,,,,,,,,,,,,,,,,,,,,,,,,,,,,,,
42,WORLD_FIXED,FAILED,"ValueError: calibration fit failed or reached the numerical safety boundary: success=True, translation=0.05306606599367755, rotation_deg=10.77912820402025",36344,25294,19051,298,0.9974345549738219,OUTPUT,,FAILED,correction unavailable,False,12390,,,,,,,,,,,,,,,,,,,,,,,,,,,,,,,,,,,,
42,CAMERA_LOCAL,FAILED,"ValueError: calibration fit failed or reached the numerical safety boundary: success=True, translation=0.0928810716032372, rotation_deg=12.003684085049661",36344,25294,19051,298,0.9974345549738219,OUTPUT,,FAILED,correction unavailable,False,12390,,,,,,,,,,,,,,,,,,,,,,,,,,,,,,,,,,,,
43,WORLD_FIXED,OUTPUT,,37474,29670,23469,364,0.9988083585138529,OUTPUT,,OUTPUT,,True,12201,39.23170491288608,24.807688000811815,-9.123039772831309,47.305157319409204,1.0490225119246852,-4.22993797214225,-6.475878592381769,7.805756018603461,0.5675370728796331,1.9520325202624516,7371,0.6041308089500861,0.5554504231734535,3.69234704624843,7371,0.6041308089500861,14.71707088091545,14.449158259180805,False,False,-19.633970006088575,-3.3502341861532114,True,True,-10.245376949106323,13.73448287908008,True,False,59.523693429530454,61.389435621677755,False,False,-10.245376949106323,13.73448287908008,True,False
43,CAMERA_LOCAL,OUTPUT,,37474,29670,23469,364,0.9988083585138529,OUTPUT,,OUTPUT,,True,12201,-58.55580956077533,-45.150498954134605,11.332301591348878,74.80488920172522,-2.6494996574323317,4.186376309090542,4.617335678283641,6.772398674177388,0.5675370728796331,1.9520325202624516,7371,0.6041308089500861,0.5593435767287562,2.132162384837369,7369,0.6039668879600033,14.71707088091545,13.674067843280957,False,False,-19.633970006088575,-7.428060954076332,True,True,-10.245376949106323,1.4521748334798135,True,False,59.523693429530454,61.1192619198031,False,False,-10.245376949106323,1.4521748334798135,True,False
44,WORLD_FIXED,OUTPUT,,38484,31654,25790,401,0.9990315707921751,OUTPUT,,OUTPUT,,True,11517,34.63960153545292,9.923728200137697,-11.263482298689143,37.75246229609459,0.3390356522584288,-3.3813314217784347,-2.7813947771452536,4.391412559045137,0.5666096238023077,1.9855817148356822,7086,0.6152643917686897,0.5541689032509143,2.003136436159274,7086,0.6152643917686897,21.107643713127345,24.988078098024058,False,False,-19.091448463574913,-2.6114762923746815,True,True,-8.480690982807015,12.688695158018959,True,False,62.94964565863703,68.79143982353119,False,False,-8.480690982807015,12.688695158018959,True,False
44,CAMERA_LOCAL,OUTPUT,,38484,31654,25790,401,0.9990315707921751,OUTPUT,,OUTPUT,,True,11517,-48.67105216711464,5.843391520926786,15.853456587777329,51.520371012846695,0.38422261846992317,4.053316370663259,-0.37216691474626734,4.088460447853497,0.5666096238023077,1.9855817148356822,7086,0.6152643917686897,0.5524654115211144,2.815700134418264,7086,0.6152643917686897,21.107643713127345,25.043307342321963,False,False,-19.091448463574913,-0.7023291800166698,True,True,-8.480690982807015,16.759809999480346,True,False,62.94964565863703,69.0121080282603,False,False,-8.480690982807015,16.759809999480346,True,False
45,WORLD_FIXED,OUTPUT,,39128,33341,27684,431,0.9989896073903002,OUTPUT,,OUTPUT,,True,10837,-63.02943607650516,68.61790995659834,4.2876786350230525,93.27117221849053,4.6813082757862,5.796861005046749,-3.8204415457149694,8.373411388974088,0.5680708735759407,2.1190383106032327,6833,0.6305250530589647,0.5560092935292149,9.333669228536872,6864,0.6333856233274892,17.653502735521908,29.249226622197313,False,False,-20.428063614348236,-23.65209871137641,True,True,-7.5093046936962615,-10.185670512863565,True,True,61.45597711754347,76.05016414365784,False,False,-7.5093046936962615,-10.185670512863565,True,True
45,CAMERA_LOCAL,OUTPUT,,39128,33341,27684,431,0.9989896073903002,OUTPUT,,OUTPUT,,True,10837,39.936723205619344,61.079597249668545,15.977493222099081,74.70568485895964,6.32436255558102,-3.993109028930848,4.848591336238857,8.91354695938799,0.5680708735759407,2.1190383106032327,6833,0.6305250530589647,0.5548415618625876,9.926313664729804,6865,0.6334778997877641,17.653502735521908,29.48265890798951,False,False,-20.428063614348236,-23.33844233057136,True,True,-7.5093046936962615,-8.472766819420885,True,True,61.45597711754347,76.06337737753155,False,False,-7.5093046936962615,-8.472766819420885,True,True
46,WORLD_FIXED,OUTPUT,,39847,34025,27725,437,0.9993872107274169,OUTPUT,,FAILED,ValueError: refined plane exceeds maximum tilt,False,10190,-78.35322642217909,-57.085375480633324,10.638597291909061,97.52511439044596,-5.445873227721385,7.296277862019131,1.5349502089373785,9.233053557524721,,,,,,,,,,,,,,,,,,,,,,,,,,,,
46,CAMERA_LOCAL,FAILED,"ValueError: calibration fit failed or reached the numerical safety boundary: success=True, translation=0.10434335903770665, rotation_deg=8.673859587904111",39847,34025,27725,437,0.9993872107274169,OUTPUT,,FAILED,correction unavailable,False,10190,,,,,,,,,,,,,,,,,,,,,,,,,,,,,,,,,,,,
47,WORLD_FIXED,OUTPUT,,40429,34423,28042,436,0.9997504367357125,OUTPUT,,OUTPUT,,True,9692,-22.05725472255208,11.512276143999316,-3.258529633765335,25.09328602007654,1.3530467221318687,1.6858744441233597,3.8617121037744417,4.42557662300158,0.5680049032141467,2.322298996052892,6378,0.6580685101114321,0.5628233476536699,4.47186874428153,6379,0.658171687990095,17.80312272317941,24.727033705410626,False,False,-20.90805225111758,-19.676940806008126,True,True,-12.261320249151053,-11.321471390996042,True,True,63.56202093482865,72.02702396618466,False,False,-12.261320249151053,-11.321471390996042,True,True
47,CAMERA_LOCAL,OUTPUT,,40429,34423,28042,436,0.9997504367357125,OUTPUT,,OUTPUT,,True,9692,26.432266701990315,42.4601267431442,9.439719110324216,50.89828467572199,3.8299044030224465,-2.27381467619582,-1.6876658979167172,4.76304703954992,0.5680049032141467,2.322298996052892,6378,0.6580685101114321,0.5617225814214782,6.445415426427825,6376,0.6578621543541064,17.80312272317941,26.338021199101334,False,False,-20.90805225111758,-21.553694170553307,True,True,-12.261320249151053,-11.307599892830478,True,True,63.56202093482865,74.19585061351309,False,False,-12.261320249151053,-11.307599892830478,True,True
48,WORLD_FIXED,OUTPUT,,40720,33456,26195,405,0.9994658323476668,OUTPUT,,OUTPUT,,True,9645,-6.295223051225804,-33.66912134866459,-5.535517805647215,34.696995879073214,-2.6658718163251254,0.3568950249100744,2.483976749329164,3.6612002254848157,0.568822276962934,2.219854934658874,6376,0.6610679108346293,0.5622902552149327,2.4640194272807707,6374,0.6608605495075168,17.627623745830267,21.490218646460725,False,False,-21.308053417908756,-15.507237999096258,True,True,-11.99041562715719,-9.806093737603106,True,True,56.19375213780098,60.41316428362731,False,False,-11.99041562715719,-9.806093737603106,True,True
48,CAMERA_LOCAL,OUTPUT,,40720,33456,26195,405,0.9994658323476668,OUTPUT,,OUTPUT,,True,9645,11.288894586939533,-25.777069547260265,3.259998553308653,28.328855359984097,-2.5635790064611186,-1.0872846130264942,-2.39117869058894,3.6704033405634027,0.568822276962934,2.219854934658874,6376,0.6610679108346293,0.5621525823232639,2.40315422539971,6374,0.6608605495075168,17.627623745830267,21.483959448185818,False,False,-21.308053417908756,-15.175207508402844,True,True,-11.99041562715719,-9.44298692165102,True,True,56.19375213780098,60.30265319873329,False,False,-11.99041562715719,-9.44298692165102,True,True
49,WORLD_FIXED,OUTPUT,,41012,33514,25854,404,0.9996133622022889,OUTPUT,,OUTPUT,,True,9746,-37.10077422800983,-3.498793340919742,-0.16834149752058541,37.26576635492701,0.17301005392941873,3.1200113597536583,3.6520911593387124,4.806472011764191,0.5700722741435098,2.335916517272982,6374,0.6540119023189,0.5669830789902258,5.021526629524977,6373,0.6539092961214857,15.25568771821506,20.85057830942705,False,False,-22.422328727694342,-25.75486489228784,True,True,-13.260449804909701,-19.50189756826348,True,True,54.47991773341154,61.79871254593039,False,False,-13.260449804909701,-19.50189756826348,True,True
49,CAMERA_LOCAL,OUTPUT,,41012,33514,25854,404,0.9996133622022889,OUTPUT,,OUTPUT,,True,9746,41.776230660044426,9.697948062908543,3.3065331596816403,43.014379064775326,0.6394131572979475,-3.5264816132759402,-3.052407469465037,4.707665357068721,0.5700722741435098,2.335916517272982,6374,0.6540119023189,0.5669577114660819,4.886005343015203,6373,0.6539092961214857,15.25568771821506,20.779710938005124,False,False,-22.422328727694342,-25.458674809157312,True,True,-13.260449804909701,-19.239765334724378,True,True,54.47991773341154,61.668552645195994,False,False,-13.260449804909701,-19.239765334724378,True,True
50,WORLD_FIXED,OUTPUT,,41070,33190,25631,403,0.9980530353179393,OUTPUT,,OUTPUT,,True,9792,-54.326925920043216,-27.2550758428433,3.580010871429183,60.885716855109415,-2.0925019461158785,4.624145673583909,3.2254691857201605,6.013729215142115,0.5685379695427869,2.310327060454445,6508,0.6646241830065359,0.5653571482535193,6.669736291807615,6512,0.6650326797385621,16.63810528932941,19.687986365805934,False,False,-21.446716638867326,-29.552595432626227,True,True,-12.226335297231273,-25.607652188630148,True,True,55.68222984139049,61.94396975850669,False,False,-12.226335297231273,-25.607652188630148,True,True
50,CAMERA_LOCAL,OUTPUT,,41070,33190,25631,403,0.9980530353179393,OUTPUT,,OUTPUT,,True,9792,55.72128390312465,-17.021249635424923,1.0502593642893112,58.27252752109135,-1.483798607092886,-4.9471297185774405,-2.596255340932028,5.780682706580683,0.5685379695427869,2.310327060454445,6508,0.6646241830065359,0.5651997901332022,6.24993157416357,6512,0.6650326797385621,16.63810528932941,19.637852184403172,False,False,-21.446716638867326,-28.196771078783932,True,True,-12.226335297231273,-24.15004970522283,True,True,55.68222984139049,61.65557355749196,False,False,-12.226335297231273,-24.15004970522283,True,True
51,WORLD_FIXED,FAILED,"ValueError: calibration fit failed or reached the numerical safety boundary: success=True, translation=0.10526191760192403, rotation_deg=10.410296020910753",41068,33164,25557,401,0.9981643493204186,OUTPUT,,FAILED,correction unavailable,False,9600,,,,,,,,,,,,,,,,,,,,,,,,,,,,,,,,,,,,
51,CAMERA_LOCAL,FAILED,"ValueError: calibration fit failed or reached the numerical safety boundary: success=True, translation=0.10428102972178528, rotation_deg=10.468378946763107",41068,33164,25557,401,0.9981643493204186,OUTPUT,,FAILED,correction unavailable,False,9600,,,,,,,,,,,,,,,,,,,,,,,,,,,,,,,,,,,,
52,WORLD_FIXED,FAILED,"ValueError: calibration fit failed or reached the numerical safety boundary: success=True, translation=0.10025396785510553, rotation_deg=9.569500148546735",41409,33126,25581,399,0.9989066343863485,OUTPUT,,FAILED,correction unavailable,False,9663,,,,,,,,,,,,,,,,,,,,,,,,,,,,,,,,,,,,
52,CAMERA_LOCAL,FAILED,"ValueError: calibration fit failed or reached the numerical safety boundary: success=True, translation=0.10013948377559256, rotation_deg=9.545938223581054",41409,33126,25581,399,0.9989066343863485,OUTPUT,,FAILED,correction unavailable,False,9663,,,,,,,,,,,,,,,,,,,,,,,,,,,,,,,,,,,,
53,WORLD_FIXED,OUTPUT,,41971,33221,25552,401,0.9993351323868748,OUTPUT,,OUTPUT,,True,9519,-49.411614781085014,-53.98735796530338,5.409699600334902,73.385334673312,-4.9225136159566825,4.203241471378271,0.9475903641510188,6.5418886160057,0.569943490819409,2.3556729327441546,6514,0.6843155793675806,0.5669249489621665,6.918870517057677,6513,0.6842105263157895,25.975903296044713,24.22358253620127,False,False,-22.569069711041113,-30.36686796086052,True,True,-2.8736025199032067,-19.504058938866088,True,True,62.49985148440085,65.12526983101164,False,False,-2.8736025199032067,-19.504058938866088,True,True
53,CAMERA_LOCAL,OUTPUT,,41971,33221,25552,401,0.9993351323868748,OUTPUT,,OUTPUT,,True,9519,55.90773768671644,-50.79623559975853,-1.027337071532596,75.54461003811863,-4.219177733620848,-5.093862718002866,0.4537947586155193,6.629843725208643,0.569943490819409,2.3556729327441546,6514,0.6843155793675806,0.5670481661258686,7.108980836905648,6513,0.6842105263157895,25.975903296044713,24.29246469852975,False,False,-22.569069711041113,-31.12881049114724,True,True,-2.8736025199032067,-20.298048266395362,True,True,62.49985148440085,65.25289248647836,False,False,-2.8736025199032067,-20.298048266395362,True,True
54,WORLD_FIXED,FAILED,"ValueError: calibration fit failed or reached the numerical safety boundary: success=True, translation=0.10371367983939596, rotation_deg=9.470804744822555",42501,33395,25565,404,0.9995308284787113,OUTPUT,,FAILED,correction unavailable,False,9483,,,,,,,,,,,,,,,,,,,,,,,,,,,,,,,,,,,,
54,CAMERA_LOCAL,FAILED,"ValueError: calibration fit failed or reached the numerical safety boundary: success=True, translation=0.10009198369506903, rotation_deg=8.923366103495958",42501,33395,25565,404,0.9995308284787113,OUTPUT,,FAILED,correction unavailable,False,9483,,,,,,,,,,,,,,,,,,,,,,,,,,,,,,,,,,,,
55,WORLD_FIXED,FAILED,"ValueError: calibration fit failed or reached the numerical safety boundary: success=True, translation=0.13140954302840946, rotation_deg=12.62796402565167",42902,34693,26543,418,0.9990214159358651,OUTPUT,,FAILED,correction unavailable,False,9471,,,,,,,,,,,,,,,,,,,,,,,,,,,,,,,,,,,,
55,CAMERA_LOCAL,FAILED,"ValueError: calibration fit failed or reached the numerical safety boundary: success=True, translation=0.12235844685605889, rotation_deg=13.39635477386829",42902,34693,26543,418,0.9990214159358651,OUTPUT,,FAILED,correction unavailable,False,9471,,,,,,,,,,,,,,,,,,,,,,,,,,,,,,,,,,,,
56,WORLD_FIXED,FAILED,"ValueError: calibration fit failed or reached the numerical safety boundary: success=True, translation=0.10085727519776225, rotation_deg=12.422847628077085",43464,36615,27823,446,0.9978839394591493,OUTPUT,,FAILED,correction unavailable,False,9159,,,,,,,,,,,,,,,,,,,,,,,,,,,,,,,,,,,,
56,CAMERA_LOCAL,FAILED,"ValueError: calibration fit failed or reached the numerical safety boundary: success=True, translation=0.1124788650686345, rotation_deg=14.365579558241743",43464,36615,27823,446,0.9978839394591493,OUTPUT,,FAILED,correction unavailable,False,9159,,,,,,,,,,,,,,,,,,,,,,,,,,,,,,,,,,,,
57,WORLD_FIXED,FAILED,"ValueError: calibration fit failed or reached the numerical safety boundary: success=True, translation=0.13848753298046662, rotation_deg=12.845370381376512",45294,39716,30192,471,0.9953515972702996,OUTPUT,,FAILED,correction unavailable,False,9028,,,,,,,,,,,,,,,,,,,,,,,,,,,,,,,,,,,,
57,CAMERA_LOCAL,FAILED,"ValueError: calibration fit failed or reached the numerical safety boundary: success=True, translation=0.11238552281788787, rotation_deg=13.227605063716464",45294,39716,30192,471,0.9953515972702996,OUTPUT,,FAILED,correction unavailable,False,9028,,,,,,,,,,,,,,,,,,,,,,,,,,,,,,,,,,,,
58,WORLD_FIXED,FAILED,"ValueError: calibration fit failed or reached the numerical safety boundary: success=True, translation=0.14159311086443296, rotation_deg=12.214713610925216",46594,41911,32410,508,0.9969853574504737,OUTPUT,,FAILED,correction unavailable,False,8769,,,,,,,,,,,,,,,,,,,,,,,,,,,,,,,,,,,,
58,CAMERA_LOCAL,FAILED,"ValueError: calibration fit failed or reached the numerical safety boundary: success=True, translation=0.14066541300068444, rotation_deg=14.155325617469233",46594,41911,32410,508,0.9969853574504737,OUTPUT,,FAILED,correction unavailable,False,8769,,,,,,,,,,,,,,,,,,,,,,,,,,,,,,,,,,,,
59,WORLD_FIXED,FAILED,"ValueError: calibration fit failed or reached the numerical safety boundary: success=True, translation=0.14170750090773504, rotation_deg=12.15611806933275",47840,44621,35578,550,0.9959131116336356,OUTPUT,,FAILED,correction unavailable,False,8704,,,,,,,,,,,,,,,,,,,,,,,,,,,,,,,,,,,,
59,CAMERA_LOCAL,FAILED,"ValueError: calibration fit failed or reached the numerical safety boundary: success=True, translation=0.14170321938367264, rotation_deg=13.858075755849395",47840,44621,35578,550,0.9959131116336356,OUTPUT,,FAILED,correction unavailable,False,8704,,,,,,,,,,,,,,,,,,,,,,,,,,,,,,,,,,,,
60,WORLD_FIXED,FAILED,"ValueError: calibration fit failed or reached the numerical safety boundary: success=True, translation=0.1415633152426975, rotation_deg=12.017510204380022",48705,45933,37807,582,0.9968885959129862,OUTPUT,,FAILED,correction unavailable,False,8677,,,,,,,,,,,,,,,,,,,,,,,,,,,,,,,,,,,,
60,CAMERA_LOCAL,FAILED,"ValueError: calibration fit failed or reached the numerical safety boundary: success=True, translation=0.14081836052164898, rotation_deg=13.41458726412884",48705,45933,37807,582,0.9968885959129862,OUTPUT,,FAILED,correction unavailable,False,8677,,,,,,,,,,,,,,,,,,,,,,,,,,,,,,,,,,,,
61,WORLD_FIXED,FAILED,"ValueError: calibration fit failed or reached the numerical safety boundary: success=True, translation=0.14157875015108942, rotation_deg=11.911452784508471",49045,46484,38340,600,0.9962581852198317,OUTPUT,,FAILED,correction unavailable,False,8674,,,,,,,,,,,,,,,,,,,,,,,,,,,,,,,,,,,,
61,CAMERA_LOCAL,FAILED,"ValueError: calibration fit failed or reached the numerical safety boundary: success=True, translation=0.13169501137714248, rotation_deg=12.603169043480769",49045,46484,38340,600,0.9962581852198317,OUTPUT,,FAILED,correction unavailable,False,8674,,,,,,,,,,,,,,,,,,,,,,,,,,,,,,,,,,,,
62,WORLD_FIXED,FAILED,"ValueError: calibration fit failed or reached the numerical safety boundary: success=True, translation=0.14161937873748848, rotation_deg=11.8506233287719",49326,48073,41043,645,0.9964553642962927,OUTPUT,,FAILED,correction unavailable,False,8912,,,,,,,,,,,,,,,,,,,,,,,,,,,,,,,,,,,,
62,CAMERA_LOCAL,FAILED,"ValueError: calibration fit failed or reached the numerical safety boundary: success=True, translation=0.13133421754682711, rotation_deg=12.781435684183363",49326,48073,41043,645,0.9964553642962927,OUTPUT,,FAILED,correction unavailable,False,8912,,,,,,,,,,,,,,,,,,,,,,,,,,,,,,,,,,,,
63,WORLD_FIXED,FAILED,"ValueError: calibration fit failed or reached the numerical safety boundary: success=True, translation=0.14149708656043744, rotation_deg=11.961848073738446",49421,46868,39479,618,0.9964914937654601,OUTPUT,,FAILED,correction unavailable,False,8904,,,,,,,,,,,,,,,,,,,,,,,,,,,,,,,,,,,,
63,CAMERA_LOCAL,FAILED,"ValueError: calibration fit failed or reached the numerical safety boundary: success=True, translation=0.12787870711240815, rotation_deg=12.419541982183029",49421,46868,39479,618,0.9964914937654601,OUTPUT,,FAILED,correction unavailable,False,8904,,,,,,,,,,,,,,,,,,,,,,,,,,,,,,,,,,,,
64,WORLD_FIXED,FAILED,"ValueError: calibration fit failed or reached the numerical safety boundary: success=True, translation=0.14153281751051805, rotation_deg=11.803504872881913",49202,46486,39142,618,0.9965628739465845,OUTPUT,,FAILED,correction unavailable,False,9176,,,,,,,,,,,,,,,,,,,,,,,,,,,,,,,,,,,,
64,CAMERA_LOCAL,FAILED,"ValueError: calibration fit failed or reached the numerical safety boundary: success=True, translation=0.11722723722052474, rotation_deg=11.34196204953633",49202,46486,39142,618,0.9965628739465845,OUTPUT,,FAILED,correction unavailable,False,9176,,,,,,,,,,,,,,,,,,,,,,,,,,,,,,,,,,,,
65,WORLD_FIXED,FAILED,"ValueError: calibration fit failed or reached the numerical safety boundary: success=True, translation=0.14147817963388912, rotation_deg=11.729961562491852",49229,46433,38959,601,0.9949180244139129,OUTPUT,,FAILED,correction unavailable,False,9123,,,,,,,,,,,,,,,,,,,,,,,,,,,,,,,,,,,,
65,CAMERA_LOCAL,FAILED,"ValueError: calibration fit failed or reached the numerical safety boundary: success=True, translation=0.13020498278243556, rotation_deg=12.654731280427171",49229,46433,38959,601,0.9949180244139129,OUTPUT,,FAILED,correction unavailable,False,9123,,,,,,,,,,,,,,,,,,,,,,,,,,,,,,,,,,,,
66,WORLD_FIXED,FAILED,"ValueError: calibration fit failed or reached the numerical safety boundary: success=True, translation=0.12459699875299363, rotation_deg=10.301388008613358",48920,46476,38912,613,0.9969255995080959,OUTPUT,,FAILED,correction unavailable,False,9151,,,,,,,,,,,,,,,,,,,,,,,,,,,,,,,,,,,,
66,CAMERA_LOCAL,FAILED,"ValueError: calibration fit failed or reached the numerical safety boundary: success=True, translation=0.10897867642526803, rotation_deg=10.807743765300009",48920,46476,38912,613,0.9969255995080959,OUTPUT,,FAILED,correction unavailable,False,9151,,,,,,,,,,,,,,,,,,,,,,,,,,,,,,,,,,,,
67,WORLD_FIXED,FAILED,"ValueError: calibration fit failed or reached the numerical safety boundary: success=True, translation=0.11537324592227023, rotation_deg=10.23004256842577",48294,46398,38288,597,0.9938739487072994,OUTPUT,,FAILED,correction unavailable,False,9422,,,,,,,,,,,,,,,,,,,,,,,,,,,,,,,,,,,,
67,CAMERA_LOCAL,FAILED,"ValueError: calibration fit failed or reached the numerical safety boundary: success=True, translation=0.10498169512410144, rotation_deg=11.010347011244612",48294,46398,38288,597,0.9938739487072994,OUTPUT,,FAILED,correction unavailable,False,9422,,,,,,,,,,,,,,,,,,,,,,,,,,,,,,,,,,,,
68,WORLD_FIXED,FAILED,"ValueError: calibration fit failed or reached the numerical safety boundary: success=True, translation=0.11599654376750872, rotation_deg=10.310581030682009",47874,46400,38608,603,0.9937709137709138,OUTPUT,,FAILED,correction unavailable,False,9483,,,,,,,,,,,,,,,,,,,,,,,,,,,,,,,,,,,,
68,CAMERA_LOCAL,FAILED,"ValueError: calibration fit failed or reached the numerical safety boundary: success=True, translation=0.10195705724905382, rotation_deg=10.149990914371681",47874,46400,38608,603,0.9937709137709138,OUTPUT,,FAILED,correction unavailable,False,9483,,,,,,,,,,,,,,,,,,,,,,,,,,,,,,,,,,,,
69,WORLD_FIXED,OUTPUT,,47906,46708,39563,621,0.9916532985762984,OUTPUT,,OUTPUT,,True,9554,9.135063583778079,3.8688143117930514,-4.085923104746002,10.729020387561036,0.26557517196028774,-0.22005522930642574,1.408177665399553,1.44979957691985,0.5697045949191589,2.2144984019848235,6241,0.6532342474356291,0.5657482533426097,2.238993070914668,6241,0.6532342474356291,46.72834835353257,50.777024194199385,False,False,14.976781914685656,19.20623281451195,False,False,36.54178316408863,41.4190739505621,False,False,63.730544047717274,67.51148359851311,False,False,36.54178316408863,41.4190739505621,False,False
69,CAMERA_LOCAL,OUTPUT,,47906,46708,39563,621,0.9916532985762984,OUTPUT,,OUTPUT,,True,9554,7.355410367539583,5.393244216117827,4.278154332055248,10.074311358027419,0.4029006601973232,0.1671725466490607,-1.7019172779697724,1.75692857663384,0.5697045949191589,2.2144984019848235,6241,0.6532342474356291,0.5657282346055108,2.3765883319493426,6240,0.6531295792338287,46.72834835353257,50.96359038554632,False,False,14.976781914685656,19.368183884612478,False,False,36.54178316408863,42.163943557988134,False,False,63.730544047717274,67.52765978169595,False,False,36.54178316408863,42.163943557988134,False,False
70,WORLD_FIXED,OUTPUT,,47682,46444,38916,606,0.993794529993105,OUTPUT,,OUTPUT,,True,9638,19.00367145158137,21.992301252003084,-4.614747330236389,29.42952150342287,2.297669064698771,-1.2097640442994082,4.584294260636445,5.268639866403628,0.5695474518204098,2.256723398035502,6287,0.6523137580410874,0.5638974132043172,3.5550143874848574,6287,0.6523137580410874,44.02916329794271,50.2264193095946,False,False,14.60026842819795,21.268622544888373,False,False,36.481035119770965,48.58026380461611,False,False,60.59169886674254,65.29724022298711,False,False,36.481035119770965,48.58026380461611,False,False
70,CAMERA_LOCAL,OUTPUT,,47682,46444,38916,606,0.993794529993105,OUTPUT,,OUTPUT,,True,9638,3.106567570721444,28.39752178290395,7.379321846746251,29.50465041988854,2.0006387673098263,0.9433235188994191,-4.942061711341665,5.414461071730138,0.5695474518204098,2.256723398035502,6287,0.6523137580410874,0.5638669810557336,3.6912086425654707,6287,0.6523137580410874,44.02916329794271,50.316390554862146,False,False,14.60026842819795,21.245304328686544,False,False,36.481035119770965,48.82450433824248,False,False,60.59169886674254,65.37233706851298,False,False,36.481035119770965,48.82450433824248,False,False
71,WORLD_FIXED,OUTPUT,,47947,46031,38403,599,0.9958251218753241,OUTPUT,,OUTPUT,,True,9493,-25.479198642038995,-58.11554385357701,4.412306239428582,63.60876077387464,-4.767049706269564,2.743536280826229,2.094372581740321,5.8854184844750135,0.5708232574760094,2.442840519871286,6288,0.6623828083851259,0.5701356589318539,5.388457936732534,6279,0.6614347413883914,44.70165628394807,41.44465129961017,False,False,13.27340502354668,6.865108666120556,False,False,36.80296297742436,17.933708500833422,False,False,59.759706668932154,60.02037973941776,False,False,36.80296297742436,17.933708500833422,False,False
71,CAMERA_LOCAL,OUTPUT,,47947,46031,38403,599,0.9958251218753241,OUTPUT,,OUTPUT,,True,9493,48.04158123054477,-43.606642979045354,-4.825821851338648,65.06013676264303,-4.22324091120812,-3.8380692522436273,-1.463027357449523,5.89126373775319,0.5708232574760094,2.442840519871286,6288,0.6623828083851259,0.5701368440990271,5.37754497177813,6279,0.6614347413883914,44.70165628394807,41.47236476700389,False,False,13.27340502354668,6.883311116636204,False,False,36.80296297742436,17.986594531054777,False,False,59.759706668932154,60.04594974574484,False,False,36.80296297742436,17.986594531054777,False,False
72,WORLD_FIXED,FAILED,"ValueError: calibration fit failed or reached the numerical safety boundary: success=True, translation=0.11181460261642978, rotation_deg=9.61118944339118",48489,45598,38049,585,0.9995534072400567,OUTPUT,,FAILED,correction unavailable,False,9775,,,,,,,,,,,,,,,,,,,,,,,,,,,,,,,,,,,,
72,CAMERA_LOCAL,FAILED,"ValueError: calibration fit failed or reached the numerical safety boundary: success=True, translation=0.11408573230462526, rotation_deg=10.598639901395401",48489,45598,38049,585,0.9995534072400567,OUTPUT,,FAILED,correction unavailable,False,9775,,,,,,,,,,,,,,,,,,,,,,,,,,,,,,,,,,,,
73,WORLD_FIXED,FAILED,"ValueError: calibration fit failed or reached the numerical safety boundary: success=True, translation=0.10687876408454494, rotation_deg=8.845206821376488",49190,45569,37954,593,0.9996312684365781,OUTPUT,,FAILED,correction unavailable,False,9650,,,,,,,,,,,,,,,,,,,,,,,,,,,,,,,,,,,,
73,CAMERA_LOCAL,FAILED,"ValueError: calibration fit failed or reached the numerical safety boundary: success=True, translation=0.13110808946801045, rotation_deg=12.356772353057588",49190,45569,37954,593,0.9996312684365781,OUTPUT,,FAILED,correction unavailable,False,9650,,,,,,,,,,,,,,,,,,,,,,,,,,,,,,,,,,,,
74,WORLD_FIXED,FAILED,"ValueError: calibration fit failed or reached the numerical safety boundary: success=True, translation=0.1037703802037984, rotation_deg=8.726437838096823",49253,45020,37318,587,0.9989292788693185,OUTPUT,,FAILED,correction unavailable,False,9394,,,,,,,,,,,,,,,,,,,,,,,,,,,,,,,,,,,,
74,CAMERA_LOCAL,FAILED,"ValueError: calibration fit failed or reached the numerical safety boundary: success=True, translation=0.10262638442286819, rotation_deg=9.99407769816436",49253,45020,37318,587,0.9989292788693185,OUTPUT,,FAILED,correction unavailable,False,9394,,,,,,,,,,,,,,,,,,,,,,,,,,,,,,,,,,,,
75,WORLD_FIXED,FAILED,"ValueError: calibration fit failed or reached the numerical safety boundary: success=True, translation=0.10486526546827629, rotation_deg=8.756685567021032",49419,44967,37204,574,0.9964912280701754,OUTPUT,,FAILED,correction unavailable,False,9640,,,,,,,,,,,,,,,,,,,,,,,,,,,,,,,,,,,,
75,CAMERA_LOCAL,FAILED,"ValueError: calibration fit failed or reached the numerical safety boundary: success=True, translation=0.10030055168258163, rotation_deg=9.67380549460894",49419,44967,37204,574,0.9964912280701754,OUTPUT,,FAILED,correction unavailable,False,9640,,,,,,,,,,,,,,,,,,,,,,,,,,,,,,,,,,,,
76,WORLD_FIXED,FAILED,"ValueError: calibration fit failed or reached the numerical safety boundary: success=True, translation=0.11444679652748559, rotation_deg=9.572751598857788",49393,45102,37423,584,0.9946312292358804,OUTPUT,,FAILED,correction unavailable,False,9731,,,,,,,,,,,,,,,,,,,,,,,,,,,,,,,,,,,,
76,CAMERA_LOCAL,FAILED,"ValueError: calibration fit failed or reached the numerical safety boundary: success=True, translation=0.10106359490428121, rotation_deg=9.928943016018389",49393,45102,37423,584,0.9946312292358804,OUTPUT,,FAILED,correction unavailable,False,9731,,,,,,,,,,,,,,,,,,,,,,,,,,,,,,,,,,,,
77,WORLD_FIXED,FAILED,"ValueError: calibration fit failed or reached the numerical safety boundary: success=True, translation=0.10121780280214954, rotation_deg=8.350130797461135",48770,45383,38199,597,0.9990323255570667,OUTPUT,,FAILED,correction unavailable,False,9648,,,,,,,,,,,,,,,,,,,,,,,,,,,,,,,,,,,,
77,CAMERA_LOCAL,FAILED,"ValueError: calibration fit failed or reached the numerical safety boundary: success=True, translation=0.1005065631801449, rotation_deg=10.048619258458219",48770,45383,38199,597,0.9990323255570667,OUTPUT,,FAILED,correction unavailable,False,9648,,,,,,,,,,,,,,,,,,,,,,,,,,,,,,,,,,,,
78,WORLD_FIXED,FAILED,"ValueError: calibration fit failed or reached the numerical safety boundary: success=True, translation=0.1002635061503507, rotation_deg=8.619988793924698",47615,45110,38079,598,0.9999474803707886,OUTPUT,,FAILED,correction unavailable,False,9667,,,,,,,,,,,,,,,,,,,,,,,,,,,,,,,,,,,,
78,CAMERA_LOCAL,OUTPUT,,47615,45110,38079,598,0.9999474803707886,OUTPUT,,OUTPUT,,True,9667,55.804670996338935,-67.27579580102822,12.442102578476721,88.28929675925966,-6.6695973008587615,-5.329825960255561,-2.0160359596217066,8.772398412790222,0.5718671252743073,2.66594022755018,6407,0.6627702493017482,0.5505123474293437,8.27822937894107,6407,0.6627702493017482,52.46275711994164,59.25946523028336,False,False,27.34220012935662,35.894387282552564,False,False,47.21203410427255,36.83509391675521,False,False,65.50779272387408,78.77350953687545,False,False,47.21203410427255,36.83509391675521,False,False
79,WORLD_FIXED,OUTPUT,,46142,43968,36993,571,0.9940613747514376,OUTPUT,,OUTPUT,,True,9948,-69.51435548839403,-42.713733176725874,-2.019960154848706,81.61365608699641,-3.2186061246665965,6.136335092315005,5.175329922664155,8.648587951760732,0.5722743161966259,2.5553015750805903,6502,0.6535987133092079,0.5594326737422637,8.076774809639854,6505,0.6539002814636108,46.437530771312076,53.72093068492079,False,False,29.814340780618842,29.492888492303916,False,False,49.5824935375021,35.27064658236889,False,False,58.673793063524826,74.99175974184557,False,False,49.5824935375021,35.27064658236889,False,False
79,CAMERA_LOCAL,OUTPUT,,46142,43968,36993,571,0.9940613747514376,OUTPUT,,OUTPUT,,True,9948,75.95473110211798,-22.02815937931886,10.384898657693062,79.7634446508316,-1.9570172369802938,-6.520185186147403,-3.930681999976211,7.860851882107372,0.5722743161966259,2.5553015750805903,6502,0.6535987133092079,0.5606863517693329,7.372098569288763,6505,0.6539002814636108,46.437530771312076,53.699716494088776,False,False,29.814340780618842,30.151871187748757,False,False,49.5824935375021,37.78144812636541,False,False,58.673793063524826,74.04060803316936,False,False,49.5824935375021,37.78144812636541,False,False
80,WORLD_FIXED,OUTPUT,,45236,42926,36052,561,0.995224292615597,OUTPUT,,OUTPUT,,True,9863,-59.36018604411923,23.56259020988522,3.0460573479361996,63.93829689597888,2.406696304741576,5.383221484851901,5.317026990922262,7.939901553572545,0.5719867152452482,2.5589956427840956,6318,0.6405758896887357,0.5656964332639208,8.380262759177723,6321,0.6408800567778566,42.709225172022244,50.52918151947816,False,False,30.431996791551175,25.611538169530547,False,False,50.811983496677705,43.36525427627191,False,False,57.18508070517514,72.2952501600026,False,False,50.811983496677705,43.36525427627191,False,False
80,CAMERA_LOCAL,OUTPUT,,45236,42926,36052,561,0.995224292615597,OUTPUT,,OUTPUT,,True,9863,75.51206561402826,30.965161573454946,10.91377624142942,82.34089990044723,3.110280266191131,-5.879659962325346,-4.687738572739259,8.137514210935498,0.5719867152452482,2.5589956427840956,6318,0.6405758896887357,0.5656015288112674,8.575194235576726,6322,0.6409814458075637,42.709225172022244,50.5182062740539,False,False,30.431996791551175,25.175137104303523,False,False,50.811983496677705,42.680359984576754,False,False,57.18508070517514,72.57884960443283,False,False,50.811983496677705,42.680359984576754,False,False
81,WORLD_FIXED,OUTPUT,,45830,43630,36754,578,0.9947224552761915,OUTPUT,,OUTPUT,,True,10013,-10.833280866197345,60.39742207715634,-1.1351001801153489,61.371793360720595,5.292900323810444,1.3403381311131572,3.8502677311766473,6.681007539679085,0.5719016145113565,2.2328942107538507,6319,0.6310795965245182,0.5629867068573103,7.505801731626718,6319,0.6310795965245182,38.54114319716218,49.14610337853287,False,False,31.530646985783672,35.00662672436472,False,False,51.61009574064035,62.99169026100904,False,False,58.75183620770119,70.74818621434609,False,False,51.61009574064035,62.99169026100904,False,False
81,CAMERA_LOCAL,OUTPUT,,45830,43630,36754,578,0.9947224552761915,OUTPUT,,OUTPUT,,True,10013,21.39697397721731,58.77643827590528,14.848345086127669,64.28820687793174,5.422639865952797,-0.6500316954240132,-3.7775024598712683,6.640563918464295,0.5719016145113565,2.2328942107538507,6319,0.6310795965245182,0.5625563172084305,7.555404724690451,6321,0.6312793368620793,38.54114319716218,49.23426759481486,False,False,31.530646985783672,35.72769205405779,False,False,51.61009574064035,64.56285507752746,False,False,58.75183620770119,70.33093420774993,False,False,51.61009574064035,64.56285507752746,False,False
82,WORLD_FIXED,OUTPUT,,46030,41770,34760,542,0.9973602662687937,OUTPUT,,OUTPUT,,True,9952,-17.114951772462668,-54.64091429470647,-1.054855388077291,57.26834910336543,-4.972814257309616,1.7251741905208255,-1.2436921042834022,5.408500501580623,0.57238773219181,2.5295761114915427,6421,0.6451969453376206,0.5674189042940913,4.612396179445889,6424,0.6454983922829582,40.87695463299013,43.03745290572814,False,False,31.767191310064003,31.756821744331365,False,False,49.556360644832154,38.411075503042014,False,False,58.944404042293506,63.403811430371434,False,False,49.556360644832154,38.411075503042014,False,False
82,CAMERA_LOCAL,OUTPUT,,46030,41770,34760,542,0.9973602662687937,OUTPUT,,OUTPUT,,True,9952,24.356532672485397,-45.604974277661675,0.7362966725525361,51.706832193454325,-4.07177483558787,-1.9933563864978503,1.5971704324483984,4.806638470449571,0.57238773219181,2.5295761114915427,6421,0.6451969453376206,0.5679047583336218,4.096547601366476,6424,0.6454983922829582,40.87695463299013,43.07763647522256,False,False,31.767191310064003,32.186932386994215,False,False,49.556360644832154,40.02859023465422,False,False,58.944404042293506,63.14889371583554,False,False,49.556360644832154,40.02859023465422,False,False
83,WORLD_FIXED,FAILED,"ValueError: calibration fit failed or reached the numerical safety boundary: success=True, translation=0.1203666028886788, rotation_deg=10.235397739233619",46799,42924,35963,562,0.9997220137325216,OUTPUT,,FAILED,correction unavailable,False,9796,,,,,,,,,,,,,,,,,,,,,,,,,,,,,,,,,,,,
83,CAMERA_LOCAL,FAILED,"ValueError: calibration fit failed or reached the numerical safety boundary: success=True, translation=0.12119140180606615, rotation_deg=11.330178827494374",46799,42924,35963,562,0.9997220137325216,OUTPUT,,FAILED,correction unavailable,False,9796,,,,,,,,,,,,,,,,,,,,,,,,,,,,,,,,,,,,
84,WORLD_FIXED,FAILED,"ValueError: calibration fit failed or reached the numerical safety boundary: success=True, translation=0.10933043596772414, rotation_deg=10.11974532254344",47369,42714,35653,559,0.9999439068854298,OUTPUT,,FAILED,correction unavailable,False,9520,,,,,,,,,,,,,,,,,,,,,,,,,,,,,,,,,,,,
84,CAMERA_LOCAL,FAILED,"ValueError: calibration fit failed or reached the numerical safety boundary: success=True, translation=0.12213906363456421, rotation_deg=11.932197740521337",47369,42714,35653,559,0.9999439068854298,OUTPUT,,FAILED,correction unavailable,False,9520,,,,,,,,,,,,,,,,,,,,,,,,,,,,,,,,,,,,
85,WORLD_FIXED,FAILED,"ValueError: calibration fit failed or reached the numerical safety boundary: success=True, translation=0.10087318846395764, rotation_deg=8.237890203466348",48121,43042,35891,557,0.9991092058012973,OUTPUT,,FAILED,correction unavailable,False,9454,,,,,,,,,,,,,,,,,,,,,,,,,,,,,,,,,,,,
85,CAMERA_LOCAL,FAILED,"ValueError: calibration fit failed or reached the numerical safety boundary: success=True, translation=0.10710515550071266, rotation_deg=10.807155367235017",48121,43042,35891,557,0.9991092058012973,OUTPUT,,FAILED,correction unavailable,False,9454,,,,,,,,,,,,,,,,,,,,,,,,,,,,,,,,,,,,
86,WORLD_FIXED,FAILED,"ValueError: calibration fit failed or reached the numerical safety boundary: success=True, translation=0.10440985857177945, rotation_deg=9.316225286172715",48462,43141,36024,562,0.9969557757236951,OUTPUT,,FAILED,correction unavailable,False,9470,,,,,,,,,,,,,,,,,,,,,,,,,,,,,,,,,,,,
86,CAMERA_LOCAL,FAILED,"ValueError: calibration fit failed or reached the numerical safety boundary: success=True, translation=0.10497760208907685, rotation_deg=11.53917954700052",48462,43141,36024,562,0.9969557757236951,OUTPUT,,FAILED,correction unavailable,False,9470,,,,,,,,,,,,,,,,,,,,,,,,,,,,,,,,,,,,
87,WORLD_FIXED,FAILED,"ValueError: calibration fit failed or reached the numerical safety boundary: success=True, translation=0.10068865963250374, rotation_deg=9.831049315067398",47354,42430,35565,559,0.9985680592991913,OUTPUT,,FAILED,correction unavailable,False,9564,,,,,,,,,,,,,,,,,,,,,,,,,,,,,,,,,,,,
87,CAMERA_LOCAL,FAILED,"ValueError: calibration fit failed or reached the numerical safety boundary: success=True, translation=0.10943430842490089, rotation_deg=11.653095424222178",47354,42430,35565,559,0.9985680592991913,OUTPUT,,FAILED,correction unavailable,False,9564,,,,,,,,,,,,,,,,,,,,,,,,,,,,,,,,,,,,
88,WORLD_FIXED,FAILED,"ValueError: calibration fit failed or reached the numerical safety boundary: success=True, translation=0.10156081312493545, rotation_deg=9.275544433420103",46569,42086,35487,551,0.9999436445095663,OUTPUT,,FAILED,correction unavailable,False,9582,,,,,,,,,,,,,,,,,,,,,,,,,,,,,,,,,,,,
88,CAMERA_LOCAL,FAILED,"ValueError: calibration fit failed or reached the numerical safety boundary: success=True, translation=0.11260953017697385, rotation_deg=11.565791082776286",46569,42086,35487,551,0.9999436445095663,OUTPUT,,FAILED,correction unavailable,False,9582,,,,,,,,,,,,,,,,,,,,,,,,,,,,,,,,,,,,
89,WORLD_FIXED,FAILED,"ValueError: calibration fit failed or reached the numerical safety boundary: success=True, translation=0.13472363424540312, rotation_deg=12.058454091976358",46411,42177,35437,549,0.993523606594146,OUTPUT,,FAILED,correction unavailable,False,9603,,,,,,,,,,,,,,,,,,,,,,,,,,,,,,,,,,,,
89,CAMERA_LOCAL,FAILED,"ValueError: calibration fit failed or reached the numerical safety boundary: success=True, translation=0.1351330382898329, rotation_deg=12.924709034986941",46411,42177,35437,549,0.993523606594146,OUTPUT,,FAILED,correction unavailable,False,9603,,,,,,,,,,,,,,,,,,,,,,,,,,,,,,,,,,,,
90,WORLD_FIXED,FAILED,"ValueError: calibration fit failed or reached the numerical safety boundary: success=True, translation=0.12016543766395041, rotation_deg=10.898201763829855",46259,42194,35366,550,0.9920893177737882,OUTPUT,,FAILED,correction unavailable,False,9739,,,,,,,,,,,,,,,,,,,,,,,,,,,,,,,,,,,,
90,CAMERA_LOCAL,FAILED,"ValueError: calibration fit failed or reached the numerical safety boundary: success=True, translation=0.141934565973133, rotation_deg=13.233499063012056",46259,42194,35366,550,0.9920893177737882,OUTPUT,,FAILED,correction unavailable,False,9739,,,,,,,,,,,,,,,,,,,,,,,,,,,,,,,,,,,,
91,WORLD_FIXED,FAILED,"ValueError: calibration fit failed or reached the numerical safety boundary: success=True, translation=0.12103853517954966, rotation_deg=10.349721939036835",46364,41991,35125,546,0.9947606910223733,OUTPUT,,FAILED,correction unavailable,False,9748,,,,,,,,,,,,,,,,,,,,,,,,,,,,,,,,,,,,
91,CAMERA_LOCAL,FAILED,"ValueError: calibration fit failed or reached the numerical safety boundary: success=True, translation=0.14101130781347446, rotation_deg=13.436453274864848",46364,41991,35125,546,0.9947606910223733,OUTPUT,,FAILED,correction unavailable,False,9748,,,,,,,,,,,,,,,,,,,,,,,,,,,,,,,,,,,,
92,WORLD_FIXED,FAILED,"ValueError: calibration fit failed or reached the numerical safety boundary: success=True, translation=0.12036458708947753, rotation_deg=10.842255039761085",46731,41925,35036,553,0.9981482009059571,OUTPUT,,FAILED,correction unavailable,False,9638,,,,,,,,,,,,,,,,,,,,,,,,,,,,,,,,,,,,
92,CAMERA_LOCAL,FAILED,"ValueError: calibration fit failed or reached the numerical safety boundary: success=True, translation=0.12854647345705783, rotation_deg=12.380074037372697",46731,41925,35036,553,0.9981482009059571,OUTPUT,,FAILED,correction unavailable,False,9638,,,,,,,,,,,,,,,,,,,,,,,,,,,,,,,,,,,,
93,WORLD_FIXED,FAILED,"ValueError: calibration fit failed or reached the numerical safety boundary: success=True, translation=0.10582522152181412, rotation_deg=10.434600236370969",47097,41625,34559,537,0.9997107234805751,OUTPUT,,FAILED,correction unavailable,False,9607,,,,,,,,,,,,,,,,,,,,,,,,,,,,,,,,,,,,
93,CAMERA_LOCAL,FAILED,"ValueError: calibration fit failed or reached the numerical safety boundary: success=True, translation=0.12198318156634506, rotation_deg=13.194315569186909",47097,41625,34559,537,0.9997107234805751,OUTPUT,,FAILED,correction unavailable,False,9607,,,,,,,,,,,,,,,,,,,,,,,,,,,,,,,,,,,,
94,WORLD_FIXED,FAILED,"ValueError: calibration fit failed or reached the numerical safety boundary: success=True, translation=0.10271220257301612, rotation_deg=10.612538643413336",47567,41577,34339,539,0.9950737488771045,OUTPUT,,FAILED,correction unavailable,False,9836,,,,,,,,,,,,,,,,,,,,,,,,,,,,,,,,,,,,
94,CAMERA_LOCAL,FAILED,"ValueError: calibration fit failed or reached the numerical safety boundary: success=True, translation=0.11001662684843759, rotation_deg=12.923517106331548",47567,41577,34339,539,0.9950737488771045,OUTPUT,,FAILED,correction unavailable,False,9836,,,,,,,,,,,,,,,,,,,,,,,,,,,,,,,,,,,,
95,WORLD_FIXED,FAILED,"ValueError: calibration fit failed or reached the numerical safety boundary: success=True, translation=0.10068821853591572, rotation_deg=11.764087452472902",47598,41707,34578,534,0.9986425992779784,OUTPUT,,FAILED,correction unavailable,False,9629,,,,,,,,,,,,,,,,,,,,,,,,,,,,,,,,,,,,
95,CAMERA_LOCAL,FAILED,"ValueError: calibration fit failed or reached the numerical safety boundary: success=True, translation=0.10825644143307488, rotation_deg=14.162575250816216",47598,41707,34578,534,0.9986425992779784,OUTPUT,,FAILED,correction unavailable,False,9629,,,,,,,,,,,,,,,,,,,,,,,,,,,,,,,,,,,,
96,WORLD_FIXED,FAILED,"ValueError: calibration fit failed or reached the numerical safety boundary: success=True, translation=0.10023044319959647, rotation_deg=12.523089407323342",46757,41369,34540,537,0.9995369834471582,OUTPUT,,FAILED,correction unavailable,False,9620,,,,,,,,,,,,,,,,,,,,,,,,,,,,,,,,,,,,
96,CAMERA_LOCAL,FAILED,"ValueError: calibration fit failed or reached the numerical safety boundary: success=True, translation=0.11418544957632482, rotation_deg=14.636639162771846",46757,41369,34540,537,0.9995369834471582,OUTPUT,,FAILED,correction unavailable,False,9620,,,,,,,,,,,,,,,,,,,,,,,,,,,,,,,,,,,,
97,WORLD_FIXED,FAILED,"ValueError: calibration fit failed or reached the numerical safety boundary: success=True, translation=0.1025136363944699, rotation_deg=8.774370962090284",45858,41333,34711,544,0.9981021939787791,OUTPUT,,FAILED,correction unavailable,False,9947,,,,,,,,,,,,,,,,,,,,,,,,,,,,,,,,,,,,
97,CAMERA_LOCAL,OUTPUT,,45858,41333,34711,544,0.9981021939787791,OUTPUT,,OUTPUT,,True,9947,52.584147511717795,-82.83252040891855,11.34990275377778,98.7681087160639,-8.270266300309599,-4.757915686298274,-1.8621497854065137,9.721248282975253,0.5717552495453758,2.545721242364168,6460,0.649442042826983,0.550011338975707,8.795101243721145,6463,0.6497436412988841,51.65578943538485,56.64994482332519,False,False,31.696647910767204,39.69885777316495,False,False,47.299612627098476,36.791418918976085,False,False,72.30881593839,82.33205497754969,False,False,47.299612627098476,36.791418918976085,False,False
98,WORLD_FIXED,FAILED,"ValueError: calibration fit failed or reached the numerical safety boundary: success=True, translation=0.13576661060272405, rotation_deg=12.670220078199645",45321,41304,34684,543,0.9932985852568875,OUTPUT,,FAILED,correction unavailable,False,10072,,,,,,,,,,,,,,,,,,,,,,,,,,,,,,,,,,,,
98,CAMERA_LOCAL,FAILED,"ValueError: calibration fit failed or reached the numerical safety boundary: success=True, translation=0.1425507789144286, rotation_deg=13.10818744754209",45321,41304,34684,543,0.9932985852568875,OUTPUT,,FAILED,correction unavailable,False,10072,,,,,,,,,,,,,,,,,,,,,,,,,,,,,,,,,,,,
99,WORLD_FIXED,OUTPUT,,44620,40653,33865,529,0.9890478971962616,OUTPUT,,OUTPUT,,True,10279,-58.33620416772903,-2.9395706580844636,-2.1817667643114733,58.4509529312114,0.3099208495457292,5.366321841314726,6.439624404486954,8.388219328821735,0.5713706736549812,2.3893193867736233,6664,0.6483120926160132,0.5619009086721158,7.409912196233717,6666,0.6485066640723806,37.01983540406872,48.68469303861023,False,False,32.959278967337305,32.176188721921406,False,False,47.20992477815855,40.77285416262444,False,False,59.57916952872522,77.5356378683707,False,False,47.20992477815855,40.77285416262444,False,False
99,CAMERA_LOCAL,FAILED,"ValueError: calibration fit failed or reached the numerical safety boundary: success=True, translation=0.11295158147051751, rotation_deg=12.987448794192467",44620,40653,33865,529,0.9890478971962616,OUTPUT,,FAILED,correction unavailable,False,10279,,,,,,,,,,,,,,,,,,,,,,,,,,,,,,,,,,,,
100,WORLD_FIXED,OUTPUT,,44561,40234,33537,524,0.9969381688466111,OUTPUT,,OUTPUT,,True,10231,-64.4903269966397,-22.509020841536348,4.474417913777813,68.4520175819922,-0.9745660789026102,6.0538562521363435,6.584934420258929,8.99779505672299,0.5720029009025341,2.7260518391398785,6502,0.6355194995601603,0.56735741508808,8.186725910138303,6498,0.6351285309353925,33.59792835827968,40.27392548897901,False,False,31.63640368151599,23.834207880868984,False,False,45.67769743551165,29.184083299949926,False,False,60.29400395569851,73.9273685914128,False,False,45.67769743551165,29.184083299949926,False,False
100,CAMERA_LOCAL,FAILED,"ValueError: calibration fit failed or reached the numerical safety boundary: success=True, translation=0.1409630196417286, rotation_deg=13.302308217878453",44561,40234,33537,524,0.9969381688466111,OUTPUT,,FAILED,correction unavailable,False,10231,,,,,,,,,,,,,,,,,,,,,,,,,,,,,,,,,,,,
101,WORLD_FIXED,FAILED,"ValueError: calibration fit failed or reached the numerical safety boundary: success=False, translation=0.133403815013688, rotation_deg=11.401664124715559",45190,40273,33327,521,0.9995800965777871,OUTPUT,,FAILED,correction unavailable,False,10037,,,,,,,,,,,,,,,,,,,,,,,,,,,,,,,,,,,,
101,CAMERA_LOCAL,FAILED,"ValueError: calibration fit failed or reached the numerical safety boundary: success=True, translation=0.1355025518326669, rotation_deg=12.636816677227825",45190,40273,33327,521,0.9995800965777871,OUTPUT,,FAILED,correction unavailable,False,10037,,,,,,,,,,,,,,,,,,,,,,,,,,,,,,,,,,,,
102,WORLD_FIXED,FAILED,"ValueError: calibration fit failed or reached the numerical safety boundary: success=True, translation=0.1100361752488844, rotation_deg=11.68343895272553",45570,41906,35500,547,0.9998591747641177,OUTPUT,,FAILED,correction unavailable,False,10144,,,,,,,,,,,,,,,,,,,,,,,,,,,,,,,,,,,,
102,CAMERA_LOCAL,FAILED,"ValueError: calibration fit failed or reached the numerical safety boundary: success=True, translation=0.13423600561410215, rotation_deg=14.784804227387081",45570,41906,35500,547,0.9998591747641177,OUTPUT,,FAILED,correction unavailable,False,10144,,,,,,,,,,,,,,,,,,,,,,,,,,,,,,,,,,,,
103,WORLD_FIXED,FAILED,"ValueError: calibration fit failed or reached the numerical safety boundary: success=True, translation=0.1384680567766573, rotation_deg=12.126636543150365",46107,39767,32273,505,0.9869720786568397,OUTPUT,,FAILED,correction unavailable,False,10009,,,,,,,,,,,,,,,,,,,,,,,,,,,,,,,,,,,,
103,CAMERA_LOCAL,FAILED,"ValueError: calibration fit failed or reached the numerical safety boundary: success=True, translation=0.1084675387171298, rotation_deg=12.621558792414298",46107,39767,32273,505,0.9869720786568397,OUTPUT,,FAILED,correction unavailable,False,10009,,,,,,,,,,,,,,,,,,,,,,,,,,,,,,,,,,,,
104,WORLD_FIXED,FAILED,"ValueError: calibration fit failed or reached the numerical safety boundary: success=True, translation=0.11046934561882342, rotation_deg=10.922449588436294",45877,39517,32150,499,0.9853802065773746,OUTPUT,,FAILED,correction unavailable,False,9852,,,,,,,,,,,,,,,,,,,,,,,,,,,,,,,,,,,,
104,CAMERA_LOCAL,FAILED,"ValueError: calibration fit failed or reached the numerical safety boundary: success=True, translation=0.10060504992038156, rotation_deg=12.500106691874803",45877,39517,32150,499,0.9853802065773746,OUTPUT,,FAILED,correction unavailable,False,9852,,,,,,,,,,,,,,,,,,,,,,,,,,,,,,,,,,,,
105,WORLD_FIXED,FAILED,"ValueError: calibration fit failed or reached the numerical safety boundary: success=True, translation=0.10033856225963655, rotation_deg=9.601074660711657",45154,39404,32711,514,0.9992668397739423,OUTPUT,,FAILED,correction unavailable,False,9946,,,,,,,,,,,,,,,,,,,,,,,,,,,,,,,,,,,,
105,CAMERA_LOCAL,FAILED,"ValueError: calibration fit failed or reached the numerical safety boundary: success=True, translation=0.10815963426327728, rotation_deg=11.97606211138859",45154,39404,32711,514,0.9992668397739423,OUTPUT,,FAILED,correction unavailable,False,9946,,,,,,,,,,,,,,,,,,,,,,,,,,,,,,,,,,,,
106,WORLD_FIXED,FAILED,"ValueError: calibration fit failed or reached the numerical safety boundary: success=True, translation=0.1020322992272317, rotation_deg=12.45768948502588",43637,39343,32786,504,0.9920121028744326,OUTPUT,,FAILED,correction unavailable,False,10215,,,,,,,,,,,,,,,,,,,,,,,,,,,,,,,,,,,,
106,CAMERA_LOCAL,FAILED,"ValueError: calibration fit failed or reached the numerical safety boundary: success=True, translation=0.10824730873936679, rotation_deg=14.384086818793914",43637,39343,32786,504,0.9920121028744326,OUTPUT,,FAILED,correction unavailable,False,10215,,,,,,,,,,,,,,,,,,,,,,,,,,,,,,,,,,,,
107,WORLD_FIXED,FAILED,"ValueError: calibration fit failed or reached the numerical safety boundary: success=True, translation=0.12778592964153998, rotation_deg=11.63253983173754",43556,39903,32960,517,0.9765347238682153,OUTPUT,,FAILED,correction unavailable,False,10302,,,,,,,,,,,,,,,,,,,,,,,,,,,,,,,,,,,,
107,CAMERA_LOCAL,FAILED,"ValueError: calibration fit failed or reached the numerical safety boundary: success=True, translation=0.1431257316818113, rotation_deg=13.075035966081018",43556,39903,32960,517,0.9765347238682153,OUTPUT,,FAILED,correction unavailable,False,10302,,,,,,,,,,,,,,,,,,,,,,,,,,,,,,,,,,,,
108,WORLD_FIXED,FAILED,"ValueError: calibration fit failed or reached the numerical safety boundary: success=True, translation=0.10854514735273778, rotation_deg=11.454275371376363",45018,40465,33332,528,0.9837671920193614,OUTPUT,,FAILED,correction unavailable,False,10631,,,,,,,,,,,,,,,,,,,,,,,,,,,,,,,,,,,,
108,CAMERA_LOCAL,FAILED,"ValueError: calibration fit failed or reached the numerical safety boundary: success=True, translation=0.10932090815071173, rotation_deg=13.975884101144894",45018,40465,33332,528,0.9837671920193614,OUTPUT,,FAILED,correction unavailable,False,10631,,,,,,,,,,,,,,,,,,,,,,,,,,,,,,,,,,,,
109,WORLD_FIXED,FAILED,"ValueError: calibration fit failed or reached the numerical safety boundary: success=True, translation=0.019776319047703696, rotation_deg=10.120427563536545",45476,40251,33232,524,0.9963123969419877,OUTPUT,,FAILED,correction unavailable,False,11101,,,,,,,,,,,,,,,,,,,,,,,,,,,,,,,,,,,,
109,CAMERA_LOCAL,FAILED,"ValueError: calibration fit failed or reached the numerical safety boundary: success=True, translation=0.05160270286561091, rotation_deg=10.254930858033678",45476,40251,33232,524,0.9963123969419877,OUTPUT,,FAILED,correction unavailable,False,11101,,,,,,,,,,,,,,,,,,,,,,,,,,,,,,,,,,,,
110,WORLD_FIXED,FAILED,"ValueError: calibration fit failed or reached the numerical safety boundary: success=True, translation=0.10688010778239378, rotation_deg=8.620229162326346",46756,40872,33723,530,0.9986673773987207,OUTPUT,,FAILED,correction unavailable,False,10924,,,,,,,,,,,,,,,,,,,,,,,,,,,,,,,,,,,,
110,CAMERA_LOCAL,FAILED,"ValueError: calibration fit failed or reached the numerical safety boundary: success=True, translation=0.11493381936546877, rotation_deg=10.970032760881974",46756,40872,33723,530,0.9986673773987207,OUTPUT,,FAILED,correction unavailable,False,10924,,,,,,,,,,,,,,,,,,,,,,,,,,,,,,,,,,,,
111,WORLD_FIXED,FAILED,"ValueError: calibration fit failed or reached the numerical safety boundary: success=True, translation=0.12696013355310318, rotation_deg=10.535277734690288",47851,41130,33777,526,0.9987580945622283,OUTPUT,,FAILED,correction unavailable,False,10646,,,,,,,,,,,,,,,,,,,,,,,,,,,,,,,,,,,,
111,CAMERA_LOCAL,FAILED,"ValueError: calibration fit failed or reached the numerical safety boundary: success=True, translation=0.10200735410200118, rotation_deg=13.208596472059302",47851,41130,33777,526,0.9987580945622283,OUTPUT,,FAILED,correction unavailable,False,10646,,,,,,,,,,,,,,,,,,,,,,,,,,,,,,,,,,,,
112,WORLD_FIXED,FAILED,"ValueError: calibration fit failed or reached the numerical safety boundary: success=True, translation=0.14278993574207097, rotation_deg=12.734510202463973",48577,41766,33538,527,0.9735833720390153,OUTPUT,,FAILED,correction unavailable,False,9974,,,,,,,,,,,,,,,,,,,,,,,,,,,,,,,,,,,,
112,CAMERA_LOCAL,FAILED,"ValueError: calibration fit failed or reached the numerical safety boundary: success=True, translation=0.1318329739254762, rotation_deg=13.802154441819013",48577,41766,33538,527,0.9735833720390153,OUTPUT,,FAILED,correction unavailable,False,9974,,,,,,,,,,,,,,,,,,,,,,,,,,,,,,,,,,,,
113,WORLD_FIXED,FAILED,"ValueError: calibration fit failed or reached the numerical safety boundary: success=True, translation=0.142363970396577, rotation_deg=13.645754248420879",48808,41947,33617,524,0.9706918456918457,OUTPUT,,FAILED,correction unavailable,False,10077,,,,,,,,,,,,,,,,,,,,,,,,,,,,,,,,,,,,
113,CAMERA_LOCAL,FAILED,"ValueError: calibration fit failed or reached the numerical safety boundary: success=True, translation=0.1414736348743972, rotation_deg=14.673565525556544",48808,41947,33617,524,0.9706918456918457,OUTPUT,,FAILED,correction unavailable,False,10077,,,,,,,,,,,,,,,,,,,,,,,,,,,,,,,,,,,,
114,WORLD_FIXED,FAILED,"ValueError: calibration fit failed or reached the numerical safety boundary: success=True, translation=0.14154155279828637, rotation_deg=13.036225054503904",48159,41823,34448,544,0.994600837303306,OUTPUT,,FAILED,correction unavailable,False,10198,,,,,,,,,,,,,,,,,,,,,,,,,,,,,,,,,,,,
114,CAMERA_LOCAL,FAILED,"ValueError: calibration fit failed or reached the numerical safety boundary: success=True, translation=0.12365222513145571, rotation_deg=12.899385866794834",48159,41823,34448,544,0.994600837303306,OUTPUT,,FAILED,correction unavailable,False,10198,,,,,,,,,,,,,,,,,,,,,,,,,,,,,,,,,,,,
115,WORLD_FIXED,FAILED,"ValueError: calibration fit failed or reached the numerical safety boundary: success=True, translation=0.10061793894849362, rotation_deg=10.189645731044804",46898,41562,34725,544,0.9997408878908274,OUTPUT,,FAILED,correction unavailable,False,10444,,,,,,,,,,,,,,,,,,,,,,,,,,,,,,,,,,,,
115,CAMERA_LOCAL,FAILED,"ValueError: calibration fit failed or reached the numerical safety boundary: success=True, translation=0.10428310680660725, rotation_deg=11.820662837604136",46898,41562,34725,544,0.9997408878908274,OUTPUT,,FAILED,correction unavailable,False,10444,,,,,,,,,,,,,,,,,,,,,,,,,,,,,,,,,,,,
116,WORLD_FIXED,FAILED,"ValueError: calibration fit failed or reached the numerical safety boundary: success=True, translation=0.11508861690032476, rotation_deg=13.53416331919638",45519,41133,34307,542,0.9863718696989736,OUTPUT,,FAILED,correction unavailable,False,10802,,,,,,,,,,,,,,,,,,,,,,,,,,,,,,,,,,,,
116,CAMERA_LOCAL,FAILED,"ValueError: calibration fit failed or reached the numerical safety boundary: success=True, translation=0.11137559127712984, rotation_deg=12.80737851636499",45519,41133,34307,542,0.9863718696989736,OUTPUT,,FAILED,correction unavailable,False,10802,,,,,,,,,,,,,,,,,,,,,,,,,,,,,,,,,,,,
117,WORLD_FIXED,FAILED,"ValueError: calibration fit failed or reached the numerical safety boundary: success=True, translation=0.11964946056044364, rotation_deg=14.488357452770318",44616,40684,33740,538,0.9838168829275404,OUTPUT,,FAILED,correction unavailable,False,10818,,,,,,,,,,,,,,,,,,,,,,,,,,,,,,,,,,,,
117,CAMERA_LOCAL,FAILED,"ValueError: calibration fit failed or reached the numerical safety boundary: success=True, translation=0.11827903904196103, rotation_deg=14.493998692301089",44616,40684,33740,538,0.9838168829275404,OUTPUT,,FAILED,correction unavailable,False,10818,,,,,,,,,,,,,,,,,,,,,,,,,,,,,,,,,,,,
118,WORLD_FIXED,FAILED,"ValueError: calibration fit failed or reached the numerical safety boundary: success=True, translation=0.10155488081066072, rotation_deg=13.774024396644995",43501,39564,32913,518,0.9906392968938117,OUTPUT,,FAILED,correction unavailable,False,11401,,,,,,,,,,,,,,,,,,,,,,,,,,,,,,,,,,,,
118,CAMERA_LOCAL,FAILED,"ValueError: calibration fit failed or reached the numerical safety boundary: success=True, translation=0.1135719354162952, rotation_deg=13.661300522014116",43501,39564,32913,518,0.9906392968938117,OUTPUT,,FAILED,correction unavailable,False,11401,,,,,,,,,,,,,,,,,,,,,,,,,,,,,,,,,,,,
119,WORLD_FIXED,FAILED,"ValueError: calibration fit failed or reached the numerical safety boundary: success=True, translation=0.10822276273417616, rotation_deg=14.190892005642862",42939,38637,31322,483,0.9976430118486431,OUTPUT,,FAILED,correction unavailable,False,11720,,,,,,,,,,,,,,,,,,,,,,,,,,,,,,,,,,,,
119,CAMERA_LOCAL,FAILED,"ValueError: calibration fit failed or reached the numerical safety boundary: success=True, translation=0.1080681455672147, rotation_deg=13.028509275540376",42939,38637,31322,483,0.9976430118486431,OUTPUT,,FAILED,correction unavailable,False,11720,,,,,,,,,,,,,,,,,,,,,,,,,,,,,,,,,,,,
120,WORLD_FIXED,FAILED,"ValueError: calibration fit failed or reached the numerical safety boundary: success=True, translation=0.06955863823234866, rotation_deg=12.74754163160568",42498,38099,31000,488,0.9980361224686907,OUTPUT,,FAILED,correction unavailable,False,12036,,,,,,,,,,,,,,,,,,,,,,,,,,,,,,,,,,,,
120,CAMERA_LOCAL,FAILED,"ValueError: calibration fit failed or reached the numerical safety boundary: success=True, translation=0.12470849017434717, rotation_deg=13.285319703262502",42498,38099,31000,488,0.9980361224686907,OUTPUT,,FAILED,correction unavailable,False,12036,,,,,,,,,,,,,,,,,,,,,,,,,,,,,,,,,,,,
121,WORLD_FIXED,OUTPUT,,42107,37578,30480,478,0.9988530231033917,OUTPUT,,OUTPUT,,True,12015,11.420230815869354,38.77091119332743,-13.885316234494638,42.73648597604318,4.82087195542307,-0.14222730034174894,8.64113025361361,9.89596721273184,0.5713443271065013,2.511058690377703,7602,0.63270911360799,0.5534729550482784,6.906203298482741,7603,0.6327923429047024,-3.209304836096716,13.18642151850069,True,False,9.267319845198907,22.947049088604455,False,False,24.086501023630635,47.77515141888444,False,False,30.151644577034563,46.032631031774244,False,False,24.086501023630635,46.032631031774244,False,False
121,CAMERA_LOCAL,FAILED,"ValueError: calibration fit failed or reached the numerical safety boundary: success=True, translation=0.0779092315122737, rotation_deg=10.50833616184524",42107,37578,30480,478,0.9988530231033917,OUTPUT,,FAILED,correction unavailable,False,12015,,,,,,,,,,,,,,,,,,,,,,,,,,,,,,,,,,,,
122,WORLD_FIXED,OUTPUT,,41594,35607,27900,436,0.9998566513761468,OUTPUT,,OUTPUT,,True,12130,35.090652059366434,-79.31422690694248,-5.1289379616059465,86.88156568807608,-7.575265943862038,-2.916072192012784,-0.9086342431097193,8.16784839091776,0.5701129941584319,2.2034103283424975,7701,0.6348722176422094,0.5559333208817123,6.143131434838958,7702,0.6349546578730421,-4.76218026238584,-2.2731039954494436,True,True,5.143256395304774,16.710239755100996,False,False,23.59741636340429,23.02735305742054,False,False,33.21748316289352,34.3776522016277,False,False,23.59741636340429,23.02735305742054,False,False
122,CAMERA_LOCAL,OUTPUT,,41594,35607,27900,436,0.9998566513761468,OUTPUT,,OUTPUT,,True,12130,-21.069027869135635,-91.98444189340199,6.008170068783489,94.5575993422342,-7.8869097709714975,2.198914126986079,0.9110939757307958,8.238243824136159,0.5701129941584319,2.2034103283424975,7701,0.6348722176422094,0.5557170624636456,6.211530011572205,7704,0.6351195383347074,-4.76218026238584,-2.3737816652426025,True,True,5.143256395304774,16.874293937671148,False,False,23.59741636340429,23.237690035465164,False,False,33.21748316289352,34.21119477623158,False,False,23.59741636340429,23.237690035465164,False,False
123,WORLD_FIXED,FAILED,"ValueError: calibration fit failed or reached the numerical safety boundary: success=True, translation=0.10216306013122636, rotation_deg=10.598712667522319",40895,35650,27655,435,0.9996746674378253,OUTPUT,,FAILED,correction unavailable,False,12127,,,,,,,,,,,,,,,,,,,,,,,,,,,,,,,,,,,,
123,CAMERA_LOCAL,OUTPUT,,40895,35650,27655,435,0.9996746674378253,OUTPUT,,OUTPUT,,True,12127,23.59082245688367,-80.35008926307596,4.0705870141609655,83.84052377828003,-6.91182263308957,-1.590803417537289,0.485405403251624,7.109118512870877,0.57122351249648,2.435897844691396,7641,0.6300816360188011,0.5618015741105056,5.607381027143844,7640,0.6299991753937495,-9.081163985426688,-0.7391317443803391,True,True,-1.1784703014781073,3.116003086978014,True,False,12.259352717553739,1.1891463486835008,False,False,28.191075789675722,38.49233998464208,False,False,12.259352717553739,1.1891463486835008,False,False
124,WORLD_FIXED,OUTPUT,,40196,34311,26005,412,0.9996540324440686,OUTPUT,,OUTPUT,,True,12036,8.180293714637727,-74.23294608142479,-2.5946525567182523,74.7273692235686,-6.922537355848094,-0.5402456076385881,0.5505060913900313,6.965374772138441,0.5709194842569338,2.5153329440073082,7566,0.6286141575274178,0.5618416563146141,5.316430044102551,7566,0.6286141575274178,-11.01127669112245,-6.366053282842121,True,True,-6.409457918020167,0.04861757573204617,True,False,7.216743059356712,-0.39638394880825434,False,True,28.27689649477916,33.725710549220466,False,False,7.216743059356712,-0.39638394880825434,False,True
124,CAMERA_LOCAL,OUTPUT,,40196,34311,26005,412,0.9996540324440686,OUTPUT,,OUTPUT,,True,12036,5.808079452939723,-74.44474209157764,2.9679159534860076,74.72992665003846,-6.530801551878843,-0.24543041028963516,-0.8854648865666936,6.595123430358268,0.5709194842569338,2.5153329440073082,7566,0.6286141575274178,0.5618194433579533,4.852493103368327,7566,0.6286141575274178,-11.01127669112245,-6.222949743613926,True,True,-6.409457918020167,1.0266866598969138,True,False,7.216743059356712,1.3366584172863627,False,False,28.27689649477916,33.7176061476564,False,False,7.216743059356712,1.3366584172863627,False,False
125,WORLD_FIXED,OUTPUT,,39480,33262,25328,388,0.9996447882543316,OUTPUT,,OUTPUT,,True,12088,-18.55092628647948,-71.37148043619433,3.435916476797576,73.82296802334619,-6.644835387047397,1.7724654196959966,0.42714445456985956,6.8904225828351935,0.570785286031977,2.456381951383017,7492,0.6197882197220383,0.5670339232100723,5.9907812103203915,7494,0.6199536730641959,-13.576461060575639,-8.223386368912845,True,True,-11.12337989582901,-12.801913703960555,True,True,3.564331533255083,-14.410231734991452,False,True,25.381268672845625,33.17583129001,False,False,3.564331533255083,-14.410231734991452,False,True
125,CAMERA_LOCAL,OUTPUT,,39480,33262,25328,388,0.9996447882543316,OUTPUT,,OUTPUT,,True,12088,27.704682193619483,-73.19769786920367,-0.42836374478455386,78.26644162282149,-6.283355215009056,-2.3493741173093463,0.10891086876511422,6.709096293719427,0.570785286031977,2.456381951383017,7492,0.6197882197220383,0.5668342128674294,5.782421144697503,7494,0.6199536730641959,-13.576461060575639,-8.23453716329614,True,True,-11.12337989582901,-12.06225728843302,True,True,3.564331533255083,-13.319925113822851,False,True,25.381268672845625,33.10705222512378,False,False,3.564331533255083,-13.319925113822851,False,True
126,WORLD_FIXED,FAILED,"ValueError: calibration fit failed or reached the numerical safety boundary: success=True, translation=0.11466904905220478, rotation_deg=10.797825804463043",38622,31864,24190,382,0.9997933457325894,OUTPUT,,FAILED,correction unavailable,False,11719,,,,,,,,,,,,,,,,,,,,,,,,,,,,,,,,,,,,
126,CAMERA_LOCAL,FAILED,"ValueError: calibration fit failed or reached the numerical safety boundary: success=True, translation=0.12026465076200842, rotation_deg=10.376103993903332",38622,31864,24190,382,0.9997933457325894,OUTPUT,,FAILED,correction unavailable,False,11719,,,,,,,,,,,,,,,,,,,,,,,,,,,,,,,,,,,,
127,WORLD_FIXED,FAILED,"ValueError: calibration fit failed or reached the numerical safety boundary: success=True, translation=0.10948735929434757, rotation_deg=10.431009009555801",37745,30563,22855,364,0.9999124994531216,OUTPUT,,FAILED,correction unavailable,False,11664,,,,,,,,,,,,,,,,,,,,,,,,,,,,,,,,,,,,
127,CAMERA_LOCAL,FAILED,"ValueError: calibration fit failed or reached the numerical safety boundary: success=True, translation=0.11622692773310384, rotation_deg=9.777192638327254",37745,30563,22855,364,0.9999124994531216,OUTPUT,,FAILED,correction unavailable,False,11664,,,,,,,,,,,,,,,,,,,,,,,,,,,,,,,,,,,,
128,WORLD_FIXED,FAILED,"ValueError: calibration fit failed or reached the numerical safety boundary: success=True, translation=0.13763963161035345, rotation_deg=14.120896624129442",37104,29644,22018,343,0.9998637664047955,OUTPUT,,FAILED,correction unavailable,False,11683,,,,,,,,,,,,,,,,,,,,,,,,,,,,,,,,,,,,
128,CAMERA_LOCAL,FAILED,"ValueError: calibration fit failed or reached the numerical safety boundary: success=True, translation=0.12417535229357297, rotation_deg=10.926413220839171",37104,29644,22018,343,0.9998637664047955,OUTPUT,,FAILED,correction unavailable,False,11683,,,,,,,,,,,,,,,,,,,,,,,,,,,,,,,,,,,,
129,WORLD_FIXED,OUTPUT,,36594,28915,21433,335,1.0,OUTPUT,,OUTPUT,,True,11545,-48.55782533237519,-60.80644394419583,9.877218329668516,78.44007565065212,-4.783628904134781,5.030250295856177,4.9260786208018965,8.511919531442741,0.5713818187577778,2.5487732392602513,7366,0.6380251190991771,0.5725310811392597,7.133166061359235,7359,0.6374187960155911,-18.84437431114705,-9.458836728393095,True,True,-22.734695378200943,-34.42135370058463,True,True,-4.410777816052036,-32.58255459321957,True,True,18.328605345395268,30.832741664498343,False,False,-4.410777816052036,-32.58255459321957,True,True
129,CAMERA_LOCAL,OUTPUT,,36594,28915,21433,335,1.0,OUTPUT,,OUTPUT,,True,11545,56.2155204808061,-46.97286089561232,0.5362141657163196,73.25927879305112,-4.107564138581216,-4.424707080106095,-2.9357343901371813,6.713319023160867,0.5713818187577778,2.5487732392602513,7366,0.6380251190991771,0.5705849396780341,5.514919515698976,7362,0.6376786487656995,-18.84437431114705,-10.37177621622265,True,True,-22.734695378200943,-28.024307623848554,True,True,-4.410777816052036,-24.028615022087752,True,True,18.328605345395268,29.857519559091106,False,False,-4.410777816052036,-24.028615022087752,True,True
130,WORLD_FIXED,FAILED,"ValueError: calibration fit failed or reached the numerical safety boundary: success=True, translation=0.13168493092772998, rotation_deg=13.217025210075164",36326,28321,20915,328,0.9998565828473085,OUTPUT,,FAILED,correction unavailable,False,11537,,,,,,,,,,,,,,,,,,,,,,,,,,,,,,,,,,,,
130,CAMERA_LOCAL,OUTPUT,,36326,28321,20915,328,0.9998565828473085,OUTPUT,,OUTPUT,,True,11537,83.1622766072444,-54.281261888623725,-0.4835957810853298,99.31089319707412,-4.674947405180389,-6.874751875983121,-2.1828069934429726,8.595463510955058,0.571509499852791,2.59928499134525,7417,0.6428880991592268,0.5734900317284922,8.01512845653387,7414,0.6426280662217214,-19.34097519612066,-9.208431827221752,True,True,-23.665212304534002,-38.90370204617499,True,True,-3.9848537697344533,-37.33163815119245,True,True,17.668796228173633,30.774591278694196,False,False,-3.9848537697344533,-37.33163815119245,True,True
131,WORLD_FIXED,FAILED,"ValueError: calibration fit failed or reached the numerical safety boundary: success=True, translation=0.13508032412782012, rotation_deg=13.658388471884638",36337,27717,20479,322,0.9998535299287179,OUTPUT,,FAILED,correction unavailable,False,11140,,,,,,,,,,,,,,,,,,,,,,,,,,,,,,,,,,,,
131,CAMERA_LOCAL,FAILED,"ValueError: calibration fit failed or reached the numerical safety boundary: success=True, translation=0.10662120136842963, rotation_deg=9.338756141890906",36337,27717,20479,322,0.9998535299287179,OUTPUT,,FAILED,correction unavailable,False,11140,,,,,,,,,,,,,,,,,,,,,,,,,,,,,,,,,,,,
132,WORLD_FIXED,OUTPUT,,36370,26949,19959,311,0.9998497144574692,OUTPUT,,OUTPUT,,True,11215,-71.7213541270104,-64.2004033213211,16.559822362794275,97.67226904868971,-5.828186612370746,7.1425387572059105,1.8467035308355357,9.401804774489129,0.5708010091842873,2.632769431883069,7162,0.6386090057958091,0.5720629921002934,9.476105603230371,7164,0.63878733838609,-18.607032387134236,-6.9105801602625805,True,True,-23.642249937050998,-43.060966204340524,True,True,-5.712858599275283,-44.71359037374623,True,True,16.832526441809105,31.931279534170965,False,False,-5.712858599275283,-44.71359037374623,True,True
132,CAMERA_LOCAL,FAILED,"ValueError: calibration fit failed or reached the numerical safety boundary: success=True, translation=0.10718052168492287, rotation_deg=8.823422499262481",36370,26949,19959,311,0.9998497144574692,OUTPUT,,FAILED,correction unavailable,False,11215,,,,,,,,,,,,,,,,,,,,,,,,,,,,,,,,,,,,
133,WORLD_FIXED,FAILED,"ValueError: calibration fit failed or reached the numerical safety boundary: success=True, translation=0.10063160773342603, rotation_deg=11.216139728514499",36292,26033,19318,306,0.9999482374864124,OUTPUT,,FAILED,correction unavailable,False,10870,,,,,,,,,,,,,,,,,,,,,,,,,,,,,,,,,,,,
133,CAMERA_LOCAL,OUTPUT,,36292,26033,19318,306,0.9999482374864124,OUTPUT,,OUTPUT,,True,10870,65.27039652878811,-50.53420667565247,2.7298933765840183,82.59166438091869,-4.847297797876346,-5.061967817822311,-5.184571837711863,8.717774903629973,0.5707183281881485,2.3632488228143917,7038,0.6474701011959522,0.5664666142269632,6.128668029654648,7043,0.6479300827966882,-18.426182041644033,-7.5302985670080425,True,True,-23.294804452679287,-26.608886773319853,True,True,-7.10953085738808,-25.97564375143191,True,True,15.62822550230425,30.031229528160395,False,False,-7.10953085738808,-25.97564375143191,True,True
134,WORLD_FIXED,OUTPUT,,36030,25485,18908,296,1.0,OUTPUT,,OUTPUT,,True,10839,-55.163479743866986,-73.94631783231608,9.93221653615895,92.78855718099663,-6.99559772353274,5.324732208201008,2.425141385366934,9.119894261315153,0.5703641627502097,2.2455600665633266,6922,0.6386197988744349,0.5673298801903076,8.289743588059574,6925,0.6388965771750161,-21.197515705779992,-8.63771349691589,True,True,-22.634253213433485,-33.6096422048523,True,True,-6.360176916145988,-37.35126186606641,True,True,13.799105892802533,29.88119805806011,False,False,-6.360176916145988,-37.35126186606641,True,True
134,CAMERA_LOCAL,FAILED,"ValueError: calibration fit failed or reached the numerical safety boundary: success=True, translation=0.10893351213370836, rotation_deg=8.95970312791166",36030,25485,18908,296,1.0,OUTPUT,,FAILED,correction unavailable,False,10839,,,,,,,,,,,,,,,,,,,,,,,,,,,,,,,,,,,,
135,WORLD_FIXED,FAILED,"ValueError: calibration fit failed or reached the numerical safety boundary: success=True, translation=0.10533650583834155, rotation_deg=10.646539409040498",35857,25528,18981,301,1.0,OUTPUT,,FAILED,correction unavailable,False,10870,,,,,,,,,,,,,,,,,,,,,,,,,,,,,,,,,,,,
135,CAMERA_LOCAL,FAILED,"ValueError: calibration fit failed or reached the numerical safety boundary: success=True, translation=0.11654013391913022, rotation_deg=9.527061008408259",35857,25528,18981,301,1.0,OUTPUT,,FAILED,correction unavailable,False,10870,,,,,,,,,,,,,,,,,,,,,,,,,,,,,,,,,,,,
136,WORLD_FIXED,FAILED,"ValueError: calibration fit failed or reached the numerical safety boundary: success=True, translation=0.10220814145287953, rotation_deg=10.823595693786952",35701,25529,18985,295,0.9999473296112925,OUTPUT,,FAILED,correction unavailable,False,10815,,,,,,,,,,,,,,,,,,,,,,,,,,,,,,,,,,,,
136,CAMERA_LOCAL,FAILED,"ValueError: calibration fit failed or reached the numerical safety boundary: success=True, translation=0.10044486359259919, rotation_deg=8.6285827370133",35701,25529,18985,295,0.9999473296112925,OUTPUT,,FAILED,correction unavailable,False,10815,,,,,,,,,,,,,,,,,,,,,,,,,,,,,,,,,,,,
137,WORLD_FIXED,FAILED,"ValueError: calibration fit failed or reached the numerical safety boundary: success=True, translation=0.12506266210954486, rotation_deg=12.330837808728171",35553,25278,18712,295,0.9999465612141292,OUTPUT,,FAILED,correction unavailable,False,10792,,,,,,,,,,,,,,,,,,,,,,,,,,,,,,,,,,,,
137,CAMERA_LOCAL,FAILED,"ValueError: calibration fit failed or reached the numerical safety boundary: success=True, translation=0.12628261058604384, rotation_deg=10.03543481149374",35553,25278,18712,295,0.9999465612141292,OUTPUT,,FAILED,correction unavailable,False,10792,,,,,,,,,,,,,,,,,,,,,,,,,,,,,,,,,,,,
138,WORLD_FIXED,OUTPUT,,35442,25251,18724,293,1.0,OUTPUT,,OUTPUT,,True,10789,-58.39808743291567,-30.284437184206286,9.228793009713488,66.4278132396569,-2.874658133708785,5.742050846589841,1.936511892899279,6.707077278655848,0.5709384549747706,2.3699119026636755,6936,0.6428770043562888,0.5723089459050459,7.204236042092325,6931,0.6424135693762165,-21.059865731216654,-7.716232538397705,True,True,-23.738507432646607,-37.98681634617507,True,True,-8.626108129040855,-31.264750865344194,True,True,14.578017752155725,27.4317364836929,False,False,-8.626108129040855,-31.264750865344194,True,True
138,CAMERA_LOCAL,OUTPUT,,35442,25251,18724,293,1.0,OUTPUT,,OUTPUT,,True,10789,75.50057899703442,-29.832794570522346,2.40981366826327,81.21662553129237,-2.2217219140105064,-6.071031368069379,-0.6780269756465026,6.500245434980221,0.5709384549747706,2.3699119026636755,6936,0.6428770043562888,0.5721082982326159,7.02822996210173,6934,0.6426916303642599,-21.059865731216654,-7.671232422166496,True,True,-23.738507432646607,-37.27464378461853,True,True,-8.626108129040855,-30.248136949141745,True,True,14.578017752155725,27.32976096527684,False,False,-8.626108129040855,-30.248136949141745,True,True
139,WORLD_FIXED,FAILED,"ValueError: calibration fit failed or reached the numerical safety boundary: success=True, translation=0.12294150192080967, rotation_deg=14.944795613616677",35300,25714,19261,302,0.9998961740123553,OUTPUT,,FAILED,correction unavailable,False,10716,,,,,,,,,,,,,,,,,,,,,,,,,,,,,,,,,,,,
139,CAMERA_LOCAL,FAILED,"ValueError: calibration fit failed or reached the numerical safety boundary: success=True, translation=0.10960521267989555, rotation_deg=12.328720977208038",35300,25714,19261,302,0.9998961740123553,OUTPUT,,FAILED,correction unavailable,False,10716,,,,,,,,,,,,,,,,,,,,,,,,,,,,,,,,,,,,
140,WORLD_FIXED,FAILED,"ValueError: calibration fit failed or reached the numerical safety boundary: success=True, translation=0.1245670816314431, rotation_deg=14.368694653075142",35216,27231,20448,324,1.0,OUTPUT,,FAILED,correction unavailable,False,10852,,,,,,,,,,,,,,,,,,,,,,,,,,,,,,,,,,,,
140,CAMERA_LOCAL,FAILED,"ValueError: calibration fit failed or reached the numerical safety boundary: success=True, translation=0.10373304077439792, rotation_deg=13.12410175507866",35216,27231,20448,324,1.0,OUTPUT,,FAILED,correction unavailable,False,10852,,,,,,,,,,,,,,,,,,,,,,,,,,,,,,,,,,,,
141,WORLD_FIXED,FAILED,"ValueError: calibration fit failed or reached the numerical safety boundary: success=True, translation=0.13183577104267305, rotation_deg=13.810403098744564",35139,29821,22563,347,0.9999113671615334,OUTPUT,,FAILED,correction unavailable,False,11084,,,,,,,,,,,,,,,,,,,,,,,,,,,,,,,,,,,,
141,CAMERA_LOCAL,FAILED,"ValueError: calibration fit failed or reached the numerical safety boundary: success=True, translation=0.1439274864725858, rotation_deg=13.352027301134008",35139,29821,22563,347,0.9999113671615334,OUTPUT,,FAILED,correction unavailable,False,11084,,,,,,,,,,,,,,,,,,,,,,,,,,,,,,,,,,,,
142,WORLD_FIXED,OUTPUT,,35065,29335,22118,349,0.9998643822611998,OUTPUT,,OUTPUT,,True,11150,-62.29135472364221,-54.18961106930723,11.33874108635011,83.338429734263,-5.14560363902718,5.849586873660982,0.9982718464112096,7.854390497155961,0.5707850323048201,2.394773304248712,7074,0.634439461883408,0.5710540335206804,7.993942565428515,7074,0.634439461883408,-20.510310812271058,-8.324210226683615,True,True,-23.689613281572374,-38.3932737462277,True,True,-6.329925764766098,-36.91121945480735,True,True,25.347966264975263,41.06661488512131,False,False,-6.329925764766098,-36.91121945480735,True,True
142,CAMERA_LOCAL,OUTPUT,,35065,29335,22118,349,0.9998643822611998,OUTPUT,,OUTPUT,,True,11150,61.98496373473987,-55.22835393060969,2.334882743741344,83.05274519550049,-4.434073811593176,-5.282483269472975,0.7484356195446543,6.937275829568947,0.5707850323048201,2.394773304248712,7074,0.634439461883408,0.5699479720152448,6.991023480307694,7072,0.6342600896860987,-20.510310812271058,-8.323783618983448,True,True,-23.689613281572374,-34.209098906726744,True,True,-6.329925764766098,-31.543934627518034,True,True,25.347966264975263,40.31825037224146,False,False,-6.329925764766098,-31.543934627518034,True,True
143,WORLD_FIXED,FAILED,"ValueError: calibration fit failed or reached the numerical safety boundary: success=False, translation=0.09400331125330966, rotation_deg=9.669501090703314",34877,34170,27718,433,0.999675406643344,OUTPUT,,FAILED,correction unavailable,False,11914,,,,,,,,,,,,,,,,,,,,,,,,,,,,,,,,,,,,
143,CAMERA_LOCAL,OUTPUT,,34877,34170,27718,433,0.999675406643344,OUTPUT,,OUTPUT,,True,11914,55.40633266653095,-29.269991461829246,10.93928020851196,63.61023464199919,-2.3342014530417687,-4.926567194382021,2.462723159412302,5.982020236011339,0.5707015834016914,2.330757849059541,7533,0.632281349672654,0.5623405275393752,6.463232311811204,7529,0.6319456102064798,-20.55460455074232,1.7962463183375244,True,False,-23.395317510020107,-25.82748473597929,True,True,-7.8106083486356725,-20.93200614771029,True,True,42.031547262318725,65.7606102156506,False,False,-7.8106083486356725,-20.93200614771029,True,True
144,WORLD_FIXED,OUTPUT,,34765,34765,28406,448,0.9999647974090893,OUTPUT,,OUTPUT,,True,12304,-40.342033234108285,-36.123867649071244,3.367736246255088,54.25638309741863,-3.2633132636406206,3.6039038605326708,0.3687025439849226,4.875784865901698,0.5720277596945453,2.872644857857648,7634,0.6204486345903771,0.5710651793581328,5.384813435295493,7639,0.6208550065019506,-21.729427212580532,-8.916671856108893,True,True,-25.543614138421212,-31.568616621795332,True,True,-13.74718108426054,-30.815462760305113,True,True,48.36161619627344,60.786439896534986,False,False,-13.74718108426054,-30.815462760305113,True,True
144,CAMERA_LOCAL,OUTPUT,,34765,34765,28406,448,0.9999647974090893,OUTPUT,,OUTPUT,,True,12304,43.510670607337055,-33.999631729616624,1.9913366487349193,55.25503448644597,-2.916908352182539,-3.7914881495200405,0.42933110729471324,4.802922227423016,0.5720277596945453,2.872644857857648,7634,0.6204486345903771,0.5709235624262338,5.289550499564318,7639,0.6208550065019506,-21.729427212580532,-8.944904075064098,True,True,-25.543614138421212,-31.17506397554093,True,True,-13.74718108426054,-30.365702318492115,True,True,48.36161619627344,60.6615493936915,False,False,-13.74718108426054,-30.365702318492115,True,True
145,WORLD_FIXED,OUTPUT,,34512,34492,28150,440,1.0,OUTPUT,,OUTPUT,,True,13060,-38.91968153857243,-34.372392996712755,2.902036108128444,52.00600758525158,-2.2380571438118357,3.9451446824523084,2.6501825994150883,5.253240348079596,0.5711308654885929,2.391330757311429,8107,0.620750382848392,0.5698924926555128,5.591332875956144,8108,0.6208269525267994,-20.465316899527906,-7.156037834913698,True,True,-24.0887381589876,-31.024349861629386,True,True,-17.252693571284674,-32.851846279960405,True,True,53.11555790819389,66.29375730856646,False,False,-17.252693571284674,-32.851846279960405,True,True
145,CAMERA_LOCAL,OUTPUT,,34512,34492,28150,440,1.0,OUTPUT,,OUTPUT,,True,13060,56.2677450935436,-15.341821057954265,2.473720213227319,58.37422293255491,-1.8211378255468071,-4.431228806139111,-1.3121568154601335,4.967301804838607,0.5711308654885929,2.391330757311429,8107,0.620750382848392,0.5698039782695836,5.535838662642419,8108,0.6208269525267994,-20.465316899527906,-7.2225268505712314,True,True,-24.0887381589876,-30.809108605179937,True,True,-17.252693571284674,-32.28567733174581,True,True,53.11555790819389,66.3137046562905,False,False,-17.252693571284674,-32.28567733174581,True,True
146,WORLD_FIXED,OUTPUT,,34369,33666,27395,421,0.9998905029564201,OUTPUT,,OUTPUT,,True,13023,-56.99534835249932,-38.550070655242145,10.444169558902077,69.59639616475846,-3.4598133939916123,5.786403366987405,0.7320031996364648,6.781489610034432,0.571216191767723,2.540327694911681,8204,0.6299623742609229,0.5733950431748068,7.412268045062465,8204,0.6299623742609229,-21.277709458044747,-8.539816112538624,True,True,-24.198090444580988,-39.565748487498055,True,True,-16.676136491642126,-44.58929804378498,True,True,51.590701649579465,63.80974686331098,False,False,-16.676136491642126,-44.58929804378498,True,True
146,CAMERA_LOCAL,OUTPUT,,34369,33666,27395,421,0.9998905029564201,OUTPUT,,OUTPUT,,True,13023,68.66066081293465,-32.56516482384153,1.5275987890470124,76.00730136857328,-2.7416818788437256,-5.446073217209142,2.3288433495379626,6.526870946990602,0.571216191767723,2.540327694911681,8204,0.6299623742609229,0.5730662291392025,7.092079215407276,8204,0.6299623742609229,-21.277709458044747,-8.217797630643453,True,True,-24.198090444580988,-38.34399263277965,True,True,-16.676136491642126,-42.3942121929034,True,True,51.590701649579465,63.79923553460576,False,False,-16.676136491642126,-42.3942121929034,True,True
147,WORLD_FIXED,OUTPUT,,34280,33399,26906,426,0.9988862488862489,OUTPUT,,OUTPUT,,True,12726,-39.12998894454114,-12.057322461796097,1.8300776612573324,40.986390960828416,-1.5032742068997222,3.5808569323541763,-2.2620828340852044,4.494372977333089,0.570576547372599,2.3395427594484945,8194,0.6438786735816439,0.5693872841053701,4.672817933557043,8193,0.6438000942951438,-21.678292519826226,-9.890985854322798,True,True,-23.013996884759358,-28.123088952523133,True,True,-13.109889806701247,-23.639879969370668,True,True,43.01066276038301,53.55276812481735,False,False,-13.109889806701247,-23.639879969370668,True,True
147,CAMERA_LOCAL,OUTPUT,,34280,33399,26906,426,0.9988862488862489,OUTPUT,,OUTPUT,,True,12726,34.54878050159285,-13.179528892221823,3.5413980144728274,37.14646303304077,-1.1295446087188001,-3.0737768024297205,3.032442850213549,4.463147375345347,0.570576547372599,2.3395427594484945,8194,0.6438786735816439,0.5692672484877279,4.601354426347077,8193,0.6438000942951438,-21.678292519826226,-9.9401699006616,True,True,-23.013996884759358,-27.819655358320873,True,True,-13.109889806701247,-23.300461064304614,True,True,43.01066276038301,53.48982990918272,False,False,-13.109889806701247,-23.300461064304614,True,True
148,WORLD_FIXED,OUTPUT,,34235,33361,26951,421,0.9998516045260619,OUTPUT,,OUTPUT,,True,12574,-52.60691254862392,-14.96191686476483,6.050863145681177,55.02689477859405,-3.753306360705208,4.7278130136771335,-6.1822830909912865,8.640610438317529,0.570210121512483,2.289787976525461,8347,0.6638301256561158,0.5703381697787275,6.198348593852342,8346,0.6637505964689041,-20.541005876502428,-7.631491253940914,True,True,-22.842723023220437,-32.93739235946058,True,True,-12.10558021022512,-33.13213928065129,True,True,33.241675842008654,41.54409997450048,False,False,-12.10558021022512,-33.13213928065129,True,True
148,CAMERA_LOCAL,OUTPUT,,34235,33361,26951,421,0.9998516045260619,OUTPUT,,OUTPUT,,True,12574,43.014601568484046,-50.596770580624856,4.619193455424407,66.57045958578362,-3.1502445623816775,-3.7851533928701775,7.027488150596016,8.581201356286854,0.570210121512483,2.289787976525461,8347,0.6638301256561158,0.5704704964750726,6.2894474923497885,8346,0.6637505964689041,-20.541005876502428,-7.554568300553788,True,True,-22.842723023220437,-33.344143120520584,True,True,-12.10558021022512,-33.44924590386111,True,True,33.241675842008654,41.68295785536491,False,False,-12.10558021022512,-33.44924590386111,True,True
149,WORLD_FIXED,OUTPUT,,34273,33789,27466,431,1.0,OUTPUT,,OUTPUT,,True,12299,-45.21418658540408,-20.000167410168586,4.444914622981186,49.63956719211093,-2.678505153284616,4.037229366664336,0.5341087172701428,4.874308457319163,0.5693295811019885,2.1986476446350762,8327,0.6770469143832832,0.5693325447450721,5.30179797063448,8330,0.6772908366533864,-19.902748654864077,-7.402000382265683,True,True,-21.761115510411045,-29.650596479211643,True,True,-6.914416695918857,-24.096077564600638,True,True,21.04115895728409,27.868722667709346,False,False,-6.914416695918857,-24.096077564600638,True,True
149,CAMERA_LOCAL,OUTPUT,,34273,33789,27466,431,1.0,OUTPUT,,OUTPUT,,True,12299,50.975925311567806,-36.61450191719788,4.204236130889046,62.9034364201138,-2.2987943785488594,-4.330094040031061,0.3678030648932923,4.916243391544529,0.5693295811019885,2.1986476446350762,8327,0.6770469143832832,0.5694122775688305,5.358455748767665,8332,0.6774534515001219,-19.902748654864077,-7.357018472286536,True,True,-21.761115510411045,-29.88572999296335,True,True,-6.914416695918857,-24.29857072579067,True,True,21.04115895728409,27.940917156033084,False,False,-6.914416695918857,-24.29857072579067,True,True
150,WORLD_FIXED,OUTPUT,,34343,34343,28001,434,0.9996073111523632,OUTPUT,,OUTPUT,,True,12017,-45.38436374844461,-1.1286420478584582,4.918397938522484,45.66404432378926,-0.2867632333110848,4.421012549898152,0.11445163173069801,4.431781164987934,0.5690356864135605,2.0445245505101783,8192,0.6817009236914371,0.5696484748934544,5.649107883254887,8188,0.6813680619122909,-19.90109773452342,-9.744332588828563,True,True,-21.183528662724548,-30.68896582231084,True,True,-5.826819222106372,-18.457054877100255,True,True,11.670774723812283,21.04563556093142,False,False,-5.826819222106372,-18.457054877100255,True,True
150,CAMERA_LOCAL,OUTPUT,,34343,34343,28001,434,0.9996073111523632,OUTPUT,,OUTPUT,,True,12017,38.300265271647,1.0985192073379753,4.770611984879626,38.61186091135335,0.3994430826537916,-3.2836424971694025,3.6023012517724244,4.890647925788366,0.5690356864135605,2.0445245505101783,8192,0.6817009236914371,0.5685150719530211,5.242675721991401,8188,0.6813680619122909,-19.90109773452342,-10.43561051762476,True,True,-21.183528662724548,-28.37624763106128,True,True,-5.826819222106372,-14.688578224050675,True,True,11.670774723812283,21.44051937503777,False,False,-5.826819222106372,-14.688578224050675,True,True
151,WORLD_FIXED,OUTPUT,,34418,34418,28121,442,0.9998933295406058,OUTPUT,,OUTPUT,,True,11722,-40.71709688826496,-20.16552689769704,4.394796705921151,45.649147770319594,-1.5342515358046847,4.0536123276227,1.4081162287640285,4.5572460973138575,0.5688805833781444,2.1696552632025363,7983,0.6810271284763693,0.569138587784301,5.711806607041018,7977,0.6805152704316669,-17.44881704943935,-6.356882343002246,True,True,-21.710397516618627,-30.65500109942343,True,True,-9.639974691695974,-24.833007325877787,True,True,5.810319071055892,12.503835830348088,False,False,-9.639974691695974,-24.833007325877787,True,True
151,CAMERA_LOCAL,OUTPUT,,34418,34418,28121,442,0.9998933295406058,OUTPUT,,OUTPUT,,True,11722,55.197797839809986,-11.935337676094598,1.9327602348601096,56.50650169610919,-1.1595122698440037,-4.327524073972626,-0.3546003413029143,4.494182319041315,0.5688805833781444,2.1696552632025363,7983,0.6810271284763693,0.5691794429637793,5.710503606988224,7977,0.6805152704316669,-17.44881704943935,-6.423425698102392,True,True,-21.710397516618627,-30.694963597326485,True,True,-9.639974691695974,-24.758952994694216,True,True,5.810319071055892,12.517513458988216,False,False,-9.639974691695974,-24.758952994694216,True,True
152,WORLD_FIXED,OUTPUT,,34401,34401,28062,435,0.9999287343215507,OUTPUT,,OUTPUT,,True,11433,-33.09303310186154,-30.61755450486558,1.533667134552816,45.1102606800152,-1.9189515612225985,3.4965491024052553,3.8042306528050136,5.51184194073006,0.5705368493734243,2.4541772143618856,7891,0.6901950494183504,0.569024991109001,5.0771053377617905,7891,0.6901950494183504,-20.25116476020161,-7.6004984728426095,True,True,-23.49612014473912,-28.86990718231175,True,True,-12.20805972920136,-25.51288563516607,True,True,2.8564847789159797,10.40992491051873,False,False,-12.20805972920136,-25.51288563516607,True,True
152,CAMERA_LOCAL,OUTPUT,,34401,34401,28062,435,0.9999287343215507,OUTPUT,,OUTPUT,,True,11433,58.718504860932796,-16.157464289644395,2.829836360241488,60.96666662365811,-1.7042517416753593,-4.367631523517235,-2.974046855278033,5.552083736905824,0.5705368493734243,2.4541772143618856,7891,0.6901950494183504,0.5690899061983141,5.1159627212644745,7891,0.6901950494183504,-20.25116476020161,-7.575002513658058,True,True,-23.49612014473912,-29.034668892702896,True,True,-12.20805972920136,-25.71993677550999,True,True,2.8564847789159797,10.407726890385938,False,False,-12.20805972920136,-25.71993677550999,True,True
153,WORLD_FIXED,OUTPUT,,34248,34248,27966,438,0.9999284897025171,OUTPUT,,OUTPUT,,True,11142,-41.17008230098044,-33.069369752106965,4.513467152741272,52.99934224318208,-2.022881252272956,4.4521193597667486,4.240644063877031,6.472748831130618,0.5720219062371065,2.6236635611877204,7671,0.6884760366182014,0.5723788905569139,5.782489832457046,7671,0.6884760366182014,-23.333387859741595,-9.869589776958954,True,True,-24.813278890782776,-34.08199044128668,True,True,-16.460155169096158,-35.19086063435273,True,True,2.7469696007398348,5.125680339207017,False,False,-16.460155169096158,-35.19086063435273,True,True
153,CAMERA_LOCAL,OUTPUT,,34248,34248,27966,438,0.9999284897025171,OUTPUT,,OUTPUT,,True,11142,75.10725330388843,-10.223726806879876,2.4167730183293026,75.83841296136343,-1.3481494988196274,-5.46129013828172,-3.2021075234993432,6.4727652234351805,0.5720219062371065,2.6236635611877204,7671,0.6884760366182014,0.572491033447998,5.929797559323969,7671,0.6884760366182014,-23.333387859741595,-10.215019550432247,True,True,-24.813278890782776,-34.57331654193885,True,True,-16.460155169096158,-34.775244003040775,True,True,2.7469696007398348,5.942642099815654,False,False,-16.460155169096158,-34.775244003040775,True,True
154,WORLD_FIXED,OUTPUT,,34126,34126,27852,438,0.999748734699738,OUTPUT,,OUTPUT,,True,11227,-31.008251783317938,-36.612508106573685,1.079070750126962,47.99116400125489,-2.4486530808555664,3.4204671458909166,3.7462870895494276,5.632953431711231,0.5708852099211096,2.3062641830559065,7782,0.6931504409013984,0.5689096941891328,4.827710773774378,7785,0.6934176538701345,-21.099303637607147,-7.997087067618924,True,True,-23.505137018577706,-28.0000108991445,True,True,-22.039863159441065,-34.38582227461606,True,True,-2.2757759737007666,-1.16923825386972,True,True,-22.039863159441065,-34.38582227461606,True,True
154,CAMERA_LOCAL,OUTPUT,,34126,34126,27852,438,0.999748734699738,OUTPUT,,OUTPUT,,True,11227,55.36687228982886,-20.277618947361884,2.939649901220049,59.036547314984226,-2.1089120089081383,-4.037402802143005,-2.697555535174504,5.293858433450951,0.5708852099211096,2.3062641830559065,7782,0.6931504409013984,0.568492775481269,4.585166552919014,7786,0.6935067248597132,-21.099303637607147,-8.094297974291065,True,True,-23.505137018577706,-27.007708903424856,True,True,-22.039863159441065,-32.803619015376206,True,True,-2.2757759737007666,-0.6144288469701609,True,True,-22.039863159441065,-32.803619015376206,True,True
155,WORLD_FIXED,OUTPUT,,33964,33964,27703,432,0.9999639041293676,OUTPUT,,OUTPUT,,True,11536,-55.26539958793259,-33.067646164947824,8.616184982551907,64.97670550403122,-2.86760128278931,5.697215886002732,1.452591264711523,6.541515676897291,0.5726015404785758,2.761085515449058,8059,0.6985957004160888,0.5740327823749404,7.097837539231841,8058,0.698509015256588,-23.51832907660334,-9.140156466911243,True,True,-25.70264355033469,-39.4867489048315,True,True,-23.41567912787179,-48.122148979871326,True,True,-9.528837349015662,-8.851852438391482,True,True,-23.41567912787179,-48.122148979871326,True,True
155,CAMERA_LOCAL,OUTPUT,,33964,33964,27703,432,0.9999639041293676,OUTPUT,,OUTPUT,,True,11536,72.52262732783944,-29.09649715540528,2.3864384582198537,78.17821122129914,-2.343463436173827,-5.641309439972104,0.9665752199296215,6.184695686125876,0.5726015404785758,2.761085515449058,8059,0.6985957004160888,0.5736611082642262,6.840262467448901,8058,0.698509015256588,-23.51832907660334,-8.997611955555485,True,True,-25.70264355033469,-38.35910484731841,True,True,-23.41567912787179,-46.72853542372335,True,True,-9.528837349015662,-8.56580257137396,True,True,-23.41567912787179,-46.72853542372335,True,True
156,WORLD_FIXED,OUTPUT,,33840,33840,27604,432,1.0,OUTPUT,,OUTPUT,,True,11794,-41.486800838456006,-39.696599728560074,4.095063488065114,57.5651302334192,-2.082651686129805,4.426104880177643,5.6433658279492045,7.468294338343694,0.5705414438774766,2.1956465184580938,8107,0.6873834152959132,0.5704634840796066,5.396881932580625,8109,0.6875529930473122,-22.213240041700665,-8.317484882657267,True,True,-22.587761172340738,-31.08080705354077,True,True,-20.623061037804426,-38.99526304067547,True,True,-15.433508239606763,-11.840689734064934,True,True,-20.623061037804426,-38.99526304067547,True,True
156,CAMERA_LOCAL,OUTPUT,,33840,33840,27604,432,1.0,OUTPUT,,OUTPUT,,True,11794,68.15671637631192,-8.625052159139731,2.2997227474881865,68.73876807642264,-1.3266744598780131,-5.112539416826359,-2.7446875134221487,5.952430928404905,0.5705414438774766,2.1956465184580938,8107,0.6873834152959132,0.5701443189187091,5.221303991729081,8109,0.6875529930473122,-22.213240041700665,-8.81797775789872,True,True,-22.587761172340738,-30.315009927985635,True,True,-20.623061037804426,-36.71928053524487,True,True,-15.433508239606763,-10.553793350812413,True,True,-20.623061037804426,-36.71928053524487,True,True
157,WORLD_FIXED,OUTPUT,,33732,33732,27502,435,1.0,OUTPUT,,OUTPUT,,True,11763,-51.75374877093859,-44.022842444490685,8.815073180722303,68.5139889651695,-3.9017925755309797,5.0899104123094885,1.0099849595523287,6.492398857612426,0.5702422816879205,2.290297705940296,8281,0.7039870781263283,0.5718809867708093,6.531598652043972,8287,0.7044971520870527,-21.074832783247622,-9.43509640778828,True,True,-22.57630682070444,-35.16816342021034,True,True,-21.872498019094632,-48.48737306000306,True,True,-15.619082684470209,-16.04521882073895,True,True,-21.872498019094632,-48.48737306000306,True,True
157,CAMERA_LOCAL,OUTPUT,,33732,33732,27502,435,1.0,OUTPUT,,OUTPUT,,True,11763,73.56592929652132,-46.37941664369546,0.24674995632615362,86.96583885073045,-3.7193459199953023,-5.858045123824893,2.2548305033283658,7.296196772572295,0.5702422816879205,2.290297705940296,8281,0.7039870781263283,0.572781693139899,7.307112437918011,8284,0.7042421151066904,-21.074832783247622,-9.607220278570194,True,True,-22.57630682070444,-38.28476666959391,True,True,-21.872498019094632,-52.800845588306885,True,True,-15.619082684470209,-16.87040361994341,True,True,-21.872498019094632,-52.800845588306885,True,True
158,WORLD_FIXED,OUTPUT,,33723,33723,27527,430,1.0,OUTPUT,,OUTPUT,,True,11746,-57.43450664152519,-20.70904074250847,10.00776564843091,61.86875055231188,-3.6622083073809346,5.630447265745632,-6.496434432392405,9.34437619284273,0.5687561943294888,1.771877170714357,8409,0.7159032862250979,0.5714483064422322,6.849834631010035,8414,0.7163289630512515,-19.2193341819884,-7.989106088006626,True,True,-20.653937767329268,-35.865284815332245,True,True,-21.311496328407674,-49.139158826802756,True,True,-18.43507209400752,-14.429824311507522,True,True,-21.311496328407674,-49.139158826802756,True,True
158,CAMERA_LOCAL,OUTPUT,,33723,33723,27527,430,1.0,OUTPUT,,OUTPUT,,True,11746,47.76185183206809,-31.47986479863464,0.6604134198230321,57.20675243407743,-2.2536999989213995,-3.9654223286169747,7.242415790491214,8.558990852418809,0.5687561943294888,1.771877170714357,8409,0.7159032862250979,0.5708251175244069,6.234454889552008,8415,0.7164140984164822,-19.2193341819884,-7.655119078057382,True,True,-20.653937767329268,-33.61194627970021,True,True,-21.311496328407674,-45.326651533054154,True,True,-18.43507209400752,-13.261947859912858,True,True,-21.311496328407674,-45.326651533054154,True,True
159,WORLD_FIXED,OUTPUT,,33780,33780,27538,428,1.0,OUTPUT,,OUTPUT,,True,11821,-41.596159428795836,-27.681022381645274,4.5416834135873225,50.17077204456995,-2.2313159546705235,4.136440087331221,1.5470810622750606,4.947965975923649,0.5689472278207287,1.9571663077099217,8342,0.7056932577616107,0.569415191096395,5.211287068014308,8342,0.7056932577616107,-19.805358740619173,-7.716454916845139,True,True,-21.04021801571698,-29.560175216303275,True,True,-20.99280627646316,-39.10721531544014,True,True,-20.514736429581127,-12.100444190197512,True,True,-20.99280627646316,-39.10721531544014,True,True
159,CAMERA_LOCAL,OUTPUT,,33780,33780,27538,428,1.0,OUTPUT,,OUTPUT,,True,11821,42.106618305023254,-28.443964756032834,1.7633151626379244,50.84422992326805,-2.1705618333077177,-3.560824077349635,2.507490798878721,4.8660370825248025,0.5689472278207287,1.9571663077099217,8342,0.7056932577616107,0.5688291505046741,4.8593358717887165,8342,0.7056932577616107,-19.805358740619173,-7.954261411319052,True,True,-21.04021801571698,-27.991465779843793,True,True,-20.99280627646316,-37.88231907087114,True,True,-20.514736429581127,-12.622930058755921,True,True,-20.99280627646316,-37.88231907087114,True,True
160,WORLD_FIXED,OUTPUT,,33807,33807,27575,433,0.9999637365825356,OUTPUT,,OUTPUT,,True,11892,-45.848088715471235,-25.789474238245596,6.552762942353522,53.01021526579132,-1.860349135905882,4.681782226798654,2.069520708003181,5.44636573207194,0.5696027708715085,1.9309680834388836,8198,0.6893710057181298,0.5716419467256771,5.500452107781913,8194,0.6890346451395897,-20.92166267118367,-9.244266536304945,True,True,-21.400200693259762,-32.57349746288129,True,True,-20.661334575944323,-41.12637795448637,True,True,-22.3298281369283,-13.120027986174732,True,True,-22.3298281369283,-41.12637795448637,True,True
160,CAMERA_LOCAL,OUTPUT,,33807,33807,27575,433,0.9999637365825356,OUTPUT,,OUTPUT,,True,11892,69.3694223907769,-16.444938650985275,0.31493217388963485,71.29272019174778,-1.5620893549669,-5.32733661855734,-0.6767150833129982,5.592725802710712,0.5696027708715085,1.9309680834388836,8198,0.6893710057181298,0.5719867739474643,5.704303017263631,8194,0.6890346451395897,-20.92166267118367,-9.108321638917838,True,True,-21.400200693259762,-33.45485349505451,True,True,-20.661334575944323,-42.39692330519163,True,True,-22.3298281369283,-13.401120105464681,True,True,-22.3298281369283,-42.39692330519163,True,True
161,WORLD_FIXED,OUTPUT,,33734,33734,27563,434,0.9998548989734103,OUTPUT,,OUTPUT,,True,11792,-56.046268969562995,-34.877700524629105,10.18485248293853,66.7934838093772,-3.668026964215529,5.882419358955148,-1.0695963844415333,7.014364957031598,0.5709375362721604,2.194520072702891,8163,0.6922489823609227,0.5735426325427643,6.904749152716308,8151,0.691231343283582,-22.271410788428312,-9.799669951994105,True,True,-22.990235265644145,-38.14753195150866,True,True,-21.614971439841145,-50.757476556510525,True,True,-22.60424111462789,-16.254070272822997,True,True,-22.60424111462789,-50.757476556510525,True,True
161,CAMERA_LOCAL,OUTPUT,,33734,33734,27563,434,0.9998548989734103,OUTPUT,,OUTPUT,,True,11792,62.193900454287665,-36.66412906307216,0.8334265950738455,72.20134495673078,-2.717189087485907,-4.92246546324295,5.838139613002535,8.105409114590177,0.5709375362721604,2.194520072702891,8163,0.6922489823609227,0.5733536740371433,6.676840924383102,8151,0.691231343283582,-22.271410788428312,-9.548855819001556,True,True,-22.990235265644145,-37.37719959450692,True,True,-21.614971439841145,-49.112576934558504,True,True,-22.60424111462789,-15.536158417692958,True,True,-22.60424111462789,-49.112576934558504,True,True
162,WORLD_FIXED,OUTPUT,,33595,33595,27444,425,0.9997814207650273,OUTPUT,,OUTPUT,,True,11778,-32.823582270374125,-29.46328690158412,0.2996226576744536,44.10853207534874,-1.9916006012324554,3.231473417841281,2.825209945747828,4.731881723225627,0.5706508793529617,2.10053099788551,8267,0.7019018509084735,0.5684419708622156,4.18990755505731,8266,0.7018169468500595,-21.68669759241304,-8.823526580401975,True,True,-22.72199792025331,-26.055271046713347,True,True,-21.39367174553197,-33.332045676049525,True,True,-22.10336584842787,-12.02717446436019,True,True,-22.10336584842787,-33.332045676049525,True,True
162,CAMERA_LOCAL,OUTPUT,,33595,33595,27444,425,0.9997814207650273,OUTPUT,,OUTPUT,,True,11778,43.52206132156865,-18.40612654431183,3.4687520172066058,47.381299650816636,-1.8132743232622093,-3.394657200334072,-1.2903487754501832,4.059145383142586,0.5706508793529617,2.10053099788551,8267,0.7019018509084735,0.5677210067418518,3.795181618137431,8266,0.7018169468500595,-21.68669759241304,-9.069522377491701,True,True,-22.72199792025331,-24.38764879586475,True,True,-21.39367174553197,-31.2902139706811,True,True,-22.10336584842787,-11.861810519320004,True,True,-22.10336584842787,-31.2902139706811,True,True
163,WORLD_FIXED,OUTPUT,,33471,33471,27349,432,1.0,OUTPUT,,OUTPUT,,True,11645,-39.31891869247244,-26.030690794873994,2.9101576686732087,47.24450495094782,-2.1489816499462453,3.8087946171460407,0.7061809651932658,4.429867957739558,0.569817728979882,2.034166638345307,8137,0.698754830399313,0.5693123683611664,4.743220559614386,8129,0.6980678402747961,-20.85347737615606,-8.468771592953228,True,True,-21.8249630190831,-28.275001374233998,True,True,-20.76032544160311,-36.35840076454389,True,True,-21.077561922107858,-12.249964274223647,True,True,-21.077561922107858,-36.35840076454389,True,True
163,CAMERA_LOCAL,OUTPUT,,33471,33471,27349,432,1.0,OUTPUT,,OUTPUT,,True,11645,47.01703753298819,-17.48831752590241,2.117445170730627,50.208830322128165,-1.6919598612082791,-3.7345098513270316,0.2806481645397625,4.109507926000159,0.569817728979882,2.034166638345307,8137,0.698754830399313,0.5688495561595077,4.451200314495641,8129,0.6980678402747961,-20.85347737615606,-8.734333250759118,True,True,-21.8249630190831,-27.095289831180924,True,True,-20.76032544160311,-34.64030847351829,True,True,-21.077561922107858,-11.939905365114022,True,True,-21.077561922107858,-34.64030847351829,True,True
164,WORLD_FIXED,OUTPUT,,33440,33440,27249,433,0.9999633027522936,OUTPUT,,OUTPUT,,True,11629,-37.049387802229596,-24.249634922539542,2.6538217476531174,44.35926848207447,-1.5958148874628275,3.664325705593161,2.8171374234500544,4.8898027868536404,0.5692414042374048,1.8904217938595933,8117,0.6979963883394961,0.5689777857170957,4.5019819908514656,8119,0.6981683721730157,-20.50892952855332,-8.913238682592194,True,True,-21.035650995424703,-27.363368865124027,True,True,-20.24873279120698,-34.533078946951235,True,True,-20.805022752686142,-11.397335641733397,True,True,-20.805022752686142,-34.533078946951235,True,True
164,CAMERA_LOCAL,OUTPUT,,33440,33440,27249,433,0.9999633027522936,OUTPUT,,OUTPUT,,True,11629,53.938711816080186,-13.14520965084825,2.2353079863333902,55.56237729738234,-1.3289960257954176,-4.1500583804468825,-1.6949860927974347,4.675702391349788,0.5692414042374048,1.8904217938595933,8117,0.6979963883394961,0.5687265439105186,4.371475241932207,8119,0.6981683721730157,-20.50892952855332,-9.0079801989984,True,True,-21.035650995424703,-26.78782130894275,True,True,-20.24873279120698,-33.69903397868346,True,True,-20.805022752686142,-11.215052864837482,True,True,-20.805022752686142,-33.69903397868346,True,True
165,WORLD_FIXED,OUTPUT,,33340,33340,27223,423,0.9999265381083563,OUTPUT,,OUTPUT,,True,11619,-42.095335840290595,-15.181031664440175,3.542247534760218,44.8890692652577,-2.4876558656706176,3.8609823965467562,-4.056507174928695,6.127876241627057,0.5700357581762956,2.153247742577494,8040,0.6919700490575781,0.5701049562668405,4.638933352115252,8038,0.6917979172045787,-21.58955857742273,-9.53539930080749,True,True,-22.01454626809629,-28.7929580242694,True,True,-20.680955856295814,-36.894534289386606,True,True,-21.35330725023199,-13.192073072602838,True,True,-21.35330725023199,-36.894534289386606,True,True
165,CAMERA_LOCAL,OUTPUT,,33340,33340,27223,423,0.9999265381083563,OUTPUT,,OUTPUT,,True,11619,34.67658337985622,-27.472740059141966,2.5920363579702057,44.31631227593677,-1.8748754640939538,-3.0558804136393487,4.987766329518154,6.142587082508567,0.5700357581762956,2.153247742577494,8040,0.6919700490575781,0.5701161392908883,4.645361870105746,8038,0.6917979172045787,-21.58955857742273,-9.530930194233346,True,True,-22.01454626809629,-28.82005196750348,True,True,-20.680955856295814,-36.9314639517122,True,True,-21.35330725023199,-13.198249461331635,True,True,-21.35330725023199,-36.9314639517122,True,True
166,WORLD_FIXED,OUTPUT,,33263,33263,27112,426,0.9999631173237931,OUTPUT,,OUTPUT,,True,11679,-47.38744621726134,-21.68601476587658,5.74309640838074,52.4293472377409,-3.392182420059273,4.489918382333466,-4.566452594169426,7.246982678727183,0.569171021909258,1.73280302129276,7962,0.6817364500385307,0.5700942575586141,5.3403366072749385,7965,0.6819933213460057,-20.807826761640058,-9.075470111904348,True,True,-20.644103433010265,-30.23157810183119,True,True,-20.165044490507043,-41.688041417981324,True,True,-21.518636241695035,-14.962766925262105,True,True,-21.518636241695035,-41.688041417981324,True,True
166,CAMERA_LOCAL,OUTPUT,,33263,33263,27112,426,0.9999631173237931,OUTPUT,,OUTPUT,,True,11679,43.588217149754236,-40.56853558825146,2.2785895089016686,59.5896863913499,-2.795156666366052,-3.6324409465424283,5.910717317492866,7.479579348262756,0.569171021909258,1.73280302129276,7962,0.6817364500385307,0.5701787711841341,5.420804886344844,7965,0.6819933213460057,-20.807826761640058,-9.163362297557875,True,True,-20.644103433010265,-30.493323737732283,True,True,-20.165044490507043,-42.216080339923856,True,True,-21.518636241695035,-15.19169756760208,True,True,-21.518636241695035,-42.216080339923856,True,True
167,WORLD_FIXED,OUTPUT,,33138,33138,27001,421,1.0,OUTPUT,,OUTPUT,,True,11680,-40.845775792362474,-7.431247633837685,1.735567009339458,41.55253342841168,-0.49037398290690226,3.8743687183307682,0.03803996973735267,3.905463691802754,0.5705364168159439,2.218520586496318,8068,0.6907534246575342,0.5691557769584032,4.906600396384132,8064,0.6904109589041096,-22.63742768684085,-11.064649670398108,True,True,-22.52081991004895,-28.256543875106676,True,True,-20.844665301069874,-31.602220081499265,True,True,-21.74352214658759,-8.848027893123888,True,True,-21.74352214658759,-31.602220081499265,True,True
167,CAMERA_LOCAL,OUTPUT,,33138,33138,27001,421,1.0,OUTPUT,,OUTPUT,,True,11680,37.529218344069655,-0.9689308415557785,4.88341112044709,37.85800788028708,-0.1322846129806622,-3.1953121307075016,2.2421041152302057,3.905707323265554,0.5705364168159439,2.218520586496318,8068,0.6907534246575342,0.5685348758928191,4.585611922533752,8065,0.6904965753424658,-22.63742768684085,-11.173758093493635,True,True,-22.52081991004895,-26.841125787562703,True,True,-20.844665301069874,-29.896526475582384,True,True,-21.74352214658759,-8.752566408918305,True,True,-21.74352214658759,-29.896526475582384,True,True
168,WORLD_FIXED,OUTPUT,,33051,33051,26997,423,1.0,OUTPUT,,OUTPUT,,True,11609,-48.79014312015665,-24.523073197276947,6.117131345119998,54.94796156926862,-1.7081833094413246,4.867696310968171,1.8651394336146705,5.485535771580704,0.5700023033215577,1.9547467902992592,8063,0.6945473339650271,0.5710577011557062,5.863503830104834,8063,0.6945473339650271,-20.735591953587097,-7.963099067910262,True,True,-22.004027039088104,-32.96919276788402,True,True,-21.60579039582766,-41.34086051104768,True,True,-20.445358292047633,-12.063767180991004,True,True,-21.60579039582766,-41.34086051104768,True,True
168,CAMERA_LOCAL,OUTPUT,,33051,33051,26997,423,1.0,OUTPUT,,OUTPUT,,True,11609,56.03125855465706,-13.511929988145408,2.3932012192905585,57.68710080511402,-1.093200972695298,-4.521714462594511,3.526356629603777,5.837480717491821,0.5700023033215577,1.9547467902992592,8063,0.6945473339650271,0.5712219321457334,5.9956544206296405,8063,0.6945473339650271,-20.735591953587097,-8.322836011806057,True,True,-22.004027039088104,-33.4919733300586,True,True,-21.60579039582766,-41.35680345697945,True,True,-20.445358292047633,-11.565951816292275,True,True,-21.60579039582766,-41.35680345697945,True,True
169,WORLD_FIXED,OUTPUT,,32919,32919,26844,419,1.0,OUTPUT,,OUTPUT,,True,11531,-25.448431633150545,-36.63195069635483,-0.8005453233831724,44.611246981250126,-1.9445215056796297,2.8789948908311347,5.249802271762706,6.2952521283970215,0.5706419717300042,2.2249471461437857,8046,0.6977712253924204,0.5680187632648214,3.912195614897697,8044,0.6975977798976671,-21.96989956911033,-9.231223658717314,True,True,-22.812796620270028,-24.939037361206616,True,True,-21.624589484713795,-32.18702413398089,True,True,-20.836305433850065,-12.000050884045542,True,True,-21.624589484713795,-32.18702413398089,True,True
169,CAMERA_LOCAL,OUTPUT,,32919,32919,26844,419,1.0,OUTPUT,,OUTPUT,,True,11531,30.99674746450442,-1.217989125859941,5.249658210497169,31.461734888845758,-0.6500426063543422,-2.4070850139073885,-0.760845246455696,2.6068178193551823,0.5706419717300042,2.2249471461437857,8046,0.6977712253924204,0.5656925573132171,3.299702332304292,8044,0.6975977798976671,-21.96989956911033,-10.251402367333684,True,True,-22.812796620270028,-21.135602420636946,True,True,-21.624589484713795,-24.33059600616627,True,True,-20.836305433850065,-8.630162489723258,True,True,-21.624589484713795,-24.33059600616627,True,True
170,WORLD_FIXED,OUTPUT,,32795,32795,26727,421,1.0,OUTPUT,,OUTPUT,,True,11511,-56.02305153470038,-32.62590771363956,9.648868594569779,65.54489165872421,-2.5060663744049654,5.645357404973135,1.9452782930909531,6.475688113272528,0.5698996324706415,1.9391599090214127,7991,0.6942055425245417,0.5728328389139392,6.395135310710261,7986,0.6937711753974459,-21.605161407872387,-9.008753246559698,True,True,-21.563980843616548,-36.091817419835024,True,True,-20.454467322676862,-46.388012569036576,True,True,-21.586826217623646,-14.710877918417964,True,True,-21.586826217623646,-46.388012569036576,True,True
170,CAMERA_LOCAL,OUTPUT,,32795,32795,26727,421,1.0,OUTPUT,,OUTPUT,,True,11511,71.673156467851,-29.226046099034523,1.7051823093810405,77.42164280972193,-2.238516084018879,-5.562343895758009,2.8717629229238004,6.648131027481893,0.5698996324706415,1.9391599090214127,7991,0.6942055425245417,0.5730358565677487,6.571751515826991,7988,0.6939449222482843,-21.605161407872387,-9.112662329204158,True,True,-21.563980843616548,-36.778292085668404,True,True,-20.454467322676862,-47.55510278230324,True,True,-21.586826217623646,-15.078214637698984,True,True,-21.586826217623646,-47.55510278230324,True,True
171,WORLD_FIXED,OUTPUT,,32711,32711,26653,417,1.0,OUTPUT,,OUTPUT,,True,11405,-41.64991769719355,-50.04511715670133,6.402377353590697,65.42338902249509,-3.582693226068865,4.496771418700846,3.701314392859001,6.837863129585861,0.5713082718009856,2.3250450908551215,8038,0.7047786058746164,0.5721966325955353,5.780091656134954,8038,0.7047786058746164,-22.505999100748685,-10.579241409318097,True,True,-23.647271638679634,-33.50100797939359,True,True,-22.14750965628609,-45.26234366167736,True,True,-21.325108685796955,-17.063385446376977,True,True,-22.14750965628609,-45.26234366167736,True,True
171,CAMERA_LOCAL,OUTPUT,,32711,32711,26653,417,1.0,OUTPUT,,OUTPUT,,True,11405,69.4876150577185,-38.31346397701544,0.955060700119558,79.35592170259659,-3.316183325898446,-5.244796864919344,0.30609031011971444,6.212781766904729,0.5713082718009856,2.3250450908551215,8038,0.7047786058746164,0.5727531335023992,6.09357228199588,8037,0.7046909250328803,-22.505999100748685,-10.58523353817986,True,True,-23.647271638679634,-34.945055280449886,True,True,-22.14750965628609,-46.93246141742402,True,True,-21.325108685796955,-17.205558828381264,True,True,-22.14750965628609,-46.93246141742402,True,True
172,WORLD_FIXED,OUTPUT,,32667,32667,26656,418,1.0,OUTPUT,,OUTPUT,,True,11341,-40.3793127863765,-23.684981332275353,2.5369214169305994,46.88180043562685,-2.222412179664929,3.7484754007114485,0.05027153739774214,4.35806275236305,0.5698509929501957,1.911210902267183,7991,0.7046115862798695,0.5689623967834041,4.6040881283250386,7996,0.7050524645093025,-20.78839227758078,-8.257101886518958,True,True,-21.681842280040996,-27.535293683801143,True,True,-21.067593968783772,-35.969930736057364,True,True,-20.94275045935867,-12.61214613767958,True,True,-21.067593968783772,-35.969930736057364,True,True
172,CAMERA_LOCAL,OUTPUT,,32667,32667,26656,418,1.0,OUTPUT,,OUTPUT,,True,11341,46.72455051250065,-21.47770415151932,3.2688704148653307,51.528253512074286,-1.7857842073880241,-3.8070873427967973,1.014392637429962,4.325729036117747,0.5698509929501957,1.911210902267183,7991,0.7046115862798695,0.5689433341017232,4.596829738219002,7996,0.7050524645093025,-20.78839227758078,-8.268092808449978,True,True,-21.681842280040996,-27.509263382133774,True,True,-21.067593968783772,-35.78922848811694,True,True,-20.94275045935867,-12.462335414256454,True,True,-21.067593968783772,-35.78922848811694,True,True
173,WORLD_FIXED,OUTPUT,,32597,32597,26545,417,1.0,OUTPUT,,OUTPUT,,True,11374,-34.318540110041056,-27.246171310608972,2.4615463626192744,43.888213188359266,-1.7718362218314885,3.557557839125012,2.653468667989213,4.778756883093589,0.5693597443508653,1.9210296078207258,7924,0.6966766309126077,0.5690877202064916,4.4341925057831855,7925,0.6967645507297345,-20.275744657667573,-8.91332374581233,True,True,-21.208498156385367,-27.280152396215062,True,True,-20.618389005587655,-34.845790551978006,True,True,-20.377747421179038,-12.28127055621242,True,True,-20.618389005587655,-34.845790551978006,True,True
173,CAMERA_LOCAL,OUTPUT,,32597,32597,26545,417,1.0,OUTPUT,,OUTPUT,,True,11374,52.556782968713954,-13.851080506941067,2.3008803858672295,54.40001762665461,-1.443262945335288,-3.929078919329924,-1.0678594160954935,4.319837128439509,0.5693597443508653,1.9210296078207258,7924,0.6966766309126077,0.5687979226764538,4.286078810573348,7926,0.6968524705468613,-20.275744657667573,-9.037029367259919,True,True,-21.208498156385367,-26.6297912050264,True,True,-20.618389005587655,-33.79675791687353,True,True,-20.377747421179038,-11.972244927808795,True,True,-20.618389005587655,-33.79675791687353,True,True
174,WORLD_FIXED,OUTPUT,,32529,32529,26503,414,1.0,OUTPUT,,OUTPUT,,True,11374,-45.30097015378271,-44.67897497613615,7.268114845749693,64.0407229441011,-2.3849429864962963,5.108081153613838,6.265806549843802,8.428569145519793,0.5691500431714245,1.806748720309067,8000,0.703358537014243,0.5703490975525622,6.413862502385369,8000,0.703358537014243,-18.87720377137503,-7.233096623018076,True,True,-21.22974970305569,-33.55063693497928,True,True,-21.887630451288832,-45.19294320725686,True,True,-19.337254671958682,-13.632028006863695,True,True,-21.887630451288832,-45.19294320725686,True,True
174,CAMERA_LOCAL,OUTPUT,,32529,32529,26503,414,1.0,OUTPUT,,OUTPUT,,True,11374,70.27933259978457,-21.636404612174047,1.3342771946477123,73.54657633666577,-2.0752256932558155,-5.215348836079297,-0.23065699617558527,5.617795636175056,0.5691500431714245,1.806748720309067,8000,0.703358537014243,0.5701490460765177,6.0594151605315085,8000,0.703358537014243,-18.87720377137503,-7.341733619322444,True,True,-21.22974970305569,-32.39904148716188,True,True,-21.887630451288832,-43.33154360303215,True,True,-19.337254671958682,-13.349605376418271,True,True,-21.887630451288832,-43.33154360303215,True,True
175,WORLD_FIXED,OUTPUT,,32541,32541,26495,411,0.999584999622727,OUTPUT,,OUTPUT,,True,11412,-33.22051262729825,-33.81921171467814,1.9925835857357281,47.44799183915847,-2.9279606316593694,3.1860038211980806,0.5624079719512274,4.363470698440658,0.5694750205849558,1.8665311245179532,7838,0.6868208902909219,0.5681939169165653,4.45397216683985,7837,0.6867332632316859,-19.76084813040313,-8.811454880018221,True,True,-21.47308424377492,-26.056050060582315,True,True,-21.514485200937905,-36.2932266639564,True,True,-19.91521679914232,-14.273797702830105,True,True,-21.514485200937905,-36.2932266639564,True,True
175,CAMERA_LOCAL,OUTPUT,,32541,32541,26495,411,0.999584999622727,OUTPUT,,OUTPUT,,True,11412,43.08070164250879,-29.25530990087781,2.040194647959905,52.11508808021746,-2.545598825998153,-3.4234134024013647,0.591789900078331,4.306976664958748,0.5694750205849558,1.8665311245179532,7838,0.6868208902909219,0.5682114135042354,4.443234585965201,7837,0.6867332632316859,-19.76084813040313,-8.756348043034045,True,True,-21.47308424377492,-26.088989744486813,True,True,-21.514485200937905,-36.14664137197898,True,True,-19.91521679914232,-14.101470012849227,True,True,-21.514485200937905,-36.14664137197898,True,True
176,WORLD_FIXED,OUTPUT,,32550,32550,26529,410,1.0,OUTPUT,,OUTPUT,,True,11297,-33.242962279692755,-24.864431556431956,2.2403779216279562,41.57347460803923,-2.1839291950740427,3.3561590759537396,0.38192558992023107,4.0223398201096,0.5695427453887636,1.935093553184269,7995,0.7077100115074798,0.5690195689045955,4.400893484502281,7998,0.7079755687350624,-19.93025774367596,-8.846674708647972,True,True,-21.56816794603489,-27.063473340432243,True,True,-21.3063808542866,-35.41985119748947,True,True,-19.94977534746678,-13.001056871566274,True,True,-21.3063808542866,-35.41985119748947,True,True
176,CAMERA_LOCAL,OUTPUT,,32550,32550,26529,410,1.0,OUTPUT,,OUTPUT,,True,11297,42.93068531561267,-24.042069763469417,1.8005025078991568,49.237248800685876,-1.982429044179501,-3.3326902561950624,2.360577235107406,4.539732827144268,0.5695427453887636,1.935093553184269,7995,0.7077100115074798,0.5694863315813928,4.621545567448442,7997,0.7078870496592016,-19.93025774367596,-8.880034048171392,True,True,-21.56816794603489,-28.045649226310033,True,True,-21.3063808542866,-36.91162109162938,True,True,-19.94977534746678,-13.477274322391208,True,True,-21.3063808542866,-36.91162109162938,True,True
177,WORLD_FIXED,OUTPUT,,32537,32537,26503,412,1.0,OUTPUT,,OUTPUT,,True,11326,-27.14734476063005,-18.36698820987199,-1.1889735298624775,32.798448766806004,-2.189405616650303,2.443127670939376,-1.8723491218341468,3.7773086986322224,0.5704454534531352,2.213556325255254,7787,0.6875331096591912,0.567645670765189,3.354385518682655,7781,0.6870033551121314,-21.700955484056706,-10.231823834811248,True,True,-22.606954934524246,-23.29024161902138,True,True,-21.368346520841406,-29.955052859251264,True,True,-20.879366013874744,-12.573434544225549,True,True,-21.368346520841406,-29.955052859251264,True,True
177,CAMERA_LOCAL,OUTPUT,,32537,32537,26503,412,1.0,OUTPUT,,OUTPUT,,True,11326,22.56938266974306,-22.48912756663786,4.449353048269129,32.17039998741002,-1.633802237828034,-2.0007025330460877,3.2100866309787817,4.120288406951342,0.5704454534531352,2.213556325255254,7787,0.6875331096591912,0.567686798230506,3.4058528458074533,7781,0.6870033551121314,-21.700955484056706,-10.251212582806367,True,True,-22.606954934524246,-23.480444077600747,True,True,-21.368346520841406,-29.71850208947957,True,True,-20.879366013874744,-12.167178077671759,True,True,-21.368346520841406,-29.71850208947957,True,True
178,WORLD_FIXED,OUTPUT,,32587,32587,26563,417,0.9997741729082765,OUTPUT,,OUTPUT,,True,11358,-41.79953351502996,-27.68984323713523,4.6726961926107204,50.356355212422535,-2.0688249692028884,4.13028837957948,1.496768946746899,4.855886750289018,0.5692173023154348,1.8771941629986582,7882,0.6939602042613137,0.5697946686513257,5.221969462254604,7883,0.6940482479309737,-19.35043230408562,-7.861607780460855,True,True,-21.2737392063036,-29.969714694133785,True,True,-21.358532991774037,-38.9988694033212,True,True,-19.639298596193733,-12.816210547241136,True,True,-21.358532991774037,-38.9988694033212,True,True
178,CAMERA_LOCAL,OUTPUT,,32587,32587,26563,417,0.9997741729082765,OUTPUT,,OUTPUT,,True,11358,58.323191607336014,-12.212111012511675,1.1498056828788288,59.59909720588324,-1.352974492160081,-4.511448089548399,-0.06918842029094398,4.710466099934068,0.5692173023154348,1.8771941629986582,7882,0.6939602042613137,0.5699365044419983,5.271287058364997,7883,0.6940482479309737,-19.35043230408562,-7.883132708865537,True,True,-21.2737392063036,-30.28692751233808,True,True,-21.358532991774037,-38.57012725936404,True,True,-19.639298596193733,-12.1684489066195,True,True,-21.358532991774037,-38.57012725936404,True,True
179,WORLD_FIXED,OUTPUT,,32605,32605,26551,417,0.9994729907773386,OUTPUT,,OUTPUT,,True,11339,-56.14760501442431,-23.79686401636791,9.434953045186235,61.70788138345198,-2.6424492315628743,5.472142513014442,-1.7188498919203192,6.315166393301268,0.5691585394777692,1.820617981601174,7767,0.6849810388923185,0.5718955373314781,6.464210729090894,7766,0.6848928476938002,-19.643960802445683,-8.204603486984375,True,True,-21.011035884109354,-35.34329408342507,True,True,-20.653529222669608,-45.792521329040326,True,True,-19.909113700454228,-14.003436396499701,True,True,-20.653529222669608,-45.792521329040326,True,True
179,CAMERA_LOCAL,OUTPUT,,32605,32605,26551,417,0.9994729907773386,OUTPUT,,OUTPUT,,True,11339,64.60908611517131,-24.59689604405845,0.7779013145353758,69.13715668217053,-1.9514111851986475,-5.126487178515529,3.2069959369154972,6.354030165540214,0.5691585394777692,1.820617981601174,7767,0.6849810388923185,0.5719191439970638,6.481464976006377,7766,0.6848928476938002,-19.643960802445683,-8.194882238485413,True,True,-21.011035884109354,-35.417255089877806,True,True,-20.653529222669608,-45.86739586165989,True,True,-19.909113700454228,-13.994872985010343,True,True,-20.653529222669608,-45.86739586165989,True,True
180,WORLD_FIXED,OUTPUT,,32629,32629,26615,418,1.0,OUTPUT,,OUTPUT,,True,11423,-31.294194150925367,-30.07952048748497,1.0068182315298593,43.417943563280154,-2.259438287326508,3.065600095041628,2.129561737147516,4.363255494384775,0.5698100858642721,2.0715421844234414,7882,0.6900113805480171,0.5683375264533264,4.089652504691397,7880,0.689836295193907,-20.579810803040942,-8.930192138511096,True,True,-21.869602376816122,-25.603959388924235,True,True,-21.05239613236254,-33.65080994309544,True,True,-20.031236795946207,-12.909700029336113,True,True,-21.05239613236254,-33.65080994309544,True,True
180,CAMERA_LOCAL,OUTPUT,,32629,32629,26615,418,1.0,OUTPUT,,OUTPUT,,True,11423,48.23903144352533,-22.13642435338949,2.398730653528888,53.12983480598203,-2.0615598283671077,-3.714781218806172,-1.3095681983204397,4.445739229372808,0.5698100858642721,2.0715421844234414,7882,0.6900113805480171,0.5683488154393075,4.1002046338881994,7880,0.689836295193907,-20.579810803040942,-8.945224029215936,True,True,-21.869602376816122,-25.63096535719611,True,True,-21.05239613236254,-33.784954245070665,True,True,-20.031236795946207,-13.002161377100641,True,True,-21.05239613236254,-33.784954245070665,True,True
181,WORLD_FIXED,OUTPUT,,32597,32597,26549,415,0.9999623352165725,OUTPUT,,OUTPUT,,True,11357,-41.2810559201157,-21.78527710222906,3.0470720112099317,46.776153370516944,-2.290168172748944,3.8913088433159952,-0.6441334859884358,4.560927835573933,0.5701466934925474,2.0785736876807754,7804,0.687153297525755,0.5696439117904244,4.739363168106593,7805,0.6872413489477855,-21.38905522692969,-8.739904298785905,True,True,-22.128190172433836,-28.602188622620872,True,True,-20.87961270136274,-36.598134848140006,True,True,-20.843138649837666,-12.95938991340362,True,True,-20.87961270136274,-36.598134848140006,True,True
181,CAMERA_LOCAL,OUTPUT,,32597,32597,26549,415,0.9999623352165725,OUTPUT,,OUTPUT,,True,11357,42.52488310369774,-14.709028639057312,2.976166857804076,45.095218988860196,-1.0963594273901418,-3.5183325688607283,4.004382759535515,5.442035404515358,0.5701466934925474,2.0785736876807754,7804,0.687153297525755,0.5701769050238424,5.00194077414673,7806,0.6873294003698159,-21.38905522692969,-9.148150851729152,True,True,-22.128190172433836,-29.8049128550546,True,True,-20.87961270136274,-36.31030060231599,True,True,-20.843138649837666,-11.731214733867512,True,True,-20.87961270136274,-36.31030060231599,True,True
182,WORLD_FIXED,OUTPUT,,32580,32580,26511,420,0.999698329499604,OUTPUT,,OUTPUT,,True,11399,-40.147597796581756,-36.29645387060358,4.112164428250033,54.278652053103855,-3.0775827135141065,4.009223452268692,1.373190585935051,5.237465077119158,0.5708976533915205,2.1887765706593694,7891,0.6922537064654795,0.570795515029186,5.1002031771223955,7888,0.6919905254846916,-22.017742054438514,-9.734348980010687,True,True,-23.01396549098844,-30.41017581947969,True,True,-22.020662180888607,-40.76249036342472,True,True,-21.097807406811775,-15.468878740188764,True,True,-22.020662180888607,-40.76249036342472,True,True
182,CAMERA_LOCAL,OUTPUT,,32580,32580,26511,420,0.999698329499604,OUTPUT,,OUTPUT,,True,11399,56.00957566973927,-31.548842033940748,2.1170359617557453,64.31861193814868,-2.6745322560195235,-4.301208426351911,-0.033321398242541364,5.065039687010399,0.5708976533915205,2.1887765706593694,7891,0.6922537064654795,0.5705351643588272,4.944329672872811,7888,0.6919905254846916,-22.017742054438514,-9.740376469544621,True,True,-23.01396549098844,-29.75090088906429,True,True,-22.020662180888607,-39.942391329529706,True,True,-21.097807406811775,-15.38807980570789,True,True,-22.020662180888607,-39.942391329529706,True,True
183,WORLD_FIXED,OUTPUT,,32577,32577,26517,414,0.9999622897654423,OUTPUT,,OUTPUT,,True,11326,-39.965239493378554,-39.334119487975705,5.082963659242041,56.30479414062918,-3.200888856090494,4.137956539997237,1.812486296090325,5.536558531205594,0.5708246096651599,2.1901321178802764,7840,0.69221260815822,0.5713880377606038,5.321370866252244,7836,0.6918594384601802,-21.890228314620728,-10.081963921664716,True,True,-23.0420993678051,-31.56907275571841,True,True,-21.797417715984867,-41.9687839536943,True,True,-20.823828292495406,-16.1456487747903,True,True,-21.797417715984867,-41.9687839536943,True,True
183,CAMERA_LOCAL,OUTPUT,,32577,32577,26517,414,0.9999622897654423,OUTPUT,,OUTPUT,,True,11326,63.09460949061223,-18.84429723289484,0.6627356495101654,65.85192862411606,-1.9290703921340808,-4.78888942348218,0.5325291346276051,5.190217892090374,0.5708246096651599,2.1901321178802764,7840,0.69221260815822,0.5719206781974695,5.5636182223596125,7840,0.69221260815822,-21.890228314620728,-9.260734813918091,True,True,-23.0420993678051,-32.98877082740559,True,True,-21.797417715984867,-41.68561639772261,True,True,-20.823828292495406,-14.380262665761645,True,True,-21.797417715984867,-41.68561639772261,True,True
184,WORLD_FIXED,OUTPUT,,32520,32520,26456,415,0.9996977025392987,OUTPUT,,OUTPUT,,True,11339,-67.40167109720484,-35.474283910025854,14.180367702088665,77.47575694235802,-3.9930154411977137,6.968327152197973,-2.389167806248323,8.379133512489002,0.5700820894910423,1.9514413811555962,7792,0.6871858188552783,0.5737740380594074,8.021714013344711,7788,0.6868330540612047,-21.398466587364773,-9.31417217924646,True,True,-21.918905846345815,-41.713474877112745,True,True,-20.88989712903322,-55.50457697786171,True,True,-21.189038919612546,-16.868888127431923,True,True,-21.189038919612546,-55.50457697786171,True,True
184,CAMERA_LOCAL,OUTPUT,,32520,32520,26456,415,0.9996977025392987,OUTPUT,,OUTPUT,,True,11339,71.47253375060843,-32.15257741221336,0.9687974062200417,78.37761085536184,-2.4666628837833096,-5.510715209150949,6.250247357891047,8.690109316540603,0.5700820894910423,1.9514413811555962,7792,0.6871858188552783,0.5733495491536846,7.3961914830289475,7788,0.6868330540612047,-21.398466587364773,-8.743350217233381,True,True,-21.918905846345815,-39.5194289493197,True,True,-20.88989712903322,-51.19466165135789,True,True,-21.189038919612546,-15.480799398342683,True,True,-21.189038919612546,-51.19466165135789,True,True
185,WORLD_FIXED,OUTPUT,,32467,32467,26426,411,1.0,OUTPUT,,OUTPUT,,True,11331,-61.848059724701955,-33.01800678921828,11.765152976753685,71.09001398656201,-2.8800294233852233,6.257244329082805,0.29620358643369205,6.894593000171926,0.5704104856483346,2.0690559954659373,7909,0.69799664636837,0.5738769094119858,7.157246331893569,7911,0.6981731532962668,-21.702162211462372,-9.19311864967165,True,True,-22.33086409881524,-39.3331866264468,True,True,-21.103936539334622,-50.15191631966742,True,True,-21.21651373483402,-15.43312571114075,True,True,-21.21651373483402,-50.15191631966742,True,True
185,CAMERA_LOCAL,OUTPUT,,32467,32467,26426,411,1.0,OUTPUT,,OUTPUT,,True,11331,74.3685934305586,-29.4886658527563,1.0983567830392482,80.00922128253772,-2.262003113501334,-5.877181870053497,3.5902286270184165,7.2489769218447515,0.5704104856483346,2.0690559954659373,7909,0.69799664636837,0.573760741944805,7.144143747028171,7911,0.6981731532962668,-21.702162211462372,-9.175304030296871,True,True,-22.33086409881524,-39.16515853316815,True,True,-21.103936539334622,-50.15118269685315,True,True,-21.21651373483402,-15.51671106038155,True,True,-21.21651373483402,-50.15118269685315,True,True
186,WORLD_FIXED,OUTPUT,,32431,32431,26388,412,0.9998863248834831,OUTPUT,,OUTPUT,,True,11226,-41.27039485078186,-34.193871676572265,4.553279767357839,53.78846259202026,-2.6187061055487084,4.296019752691106,1.9772138904516865,5.405810036557456,0.5699252742334355,1.8883517119650433,7871,0.7011402102262605,0.5700956183243581,5.303713590386164,7871,0.7011402102262605,-20.681132559472793,-8.47595759281694,True,True,-21.786359019533407,-30.303426625788443,True,True,-20.83744666203402,-39.80893704420541,True,True,-20.607713444788068,-14.186246495205278,True,True,-20.83744666203402,-39.80893704420541,True,True
186,CAMERA_LOCAL,OUTPUT,,32431,32431,26388,412,0.9998863248834831,OUTPUT,,OUTPUT,,True,11226,65.61646892563108,-23.685536799501218,1.7050521894597122,69.78132164639486,-2.202493329278702,-4.901511211083313,-0.6838662601115683,5.4169605942457775,0.5699252742334355,1.8883517119650433,7871,0.7011402102262605,0.5701105486590394,5.310906968987322,7871,0.7011402102262605,-20.681132559472793,-8.518487312057733,True,True,-21.786359019533407,-30.32616983481895,True,True,-20.83744666203402,-39.907159611407565,True,True,-20.607713444788068,-14.267708564146497,True,True,-20.83744666203402,-39.907159611407565,True,True
187,WORLD_FIXED,OUTPUT,,32414,32414,26412,410,0.999924282577421,OUTPUT,,OUTPUT,,True,11220,-40.70201125572081,-33.78992570254238,4.852358581710591,53.122106349895965,-2.07132428285974,4.388295947102975,4.450282254904978,6.58426440480992,0.5694394499484681,1.8757740688711722,7883,0.7025846702317291,0.5699195881280236,5.5380057411423875,7880,0.7023172905525846,-19.693022217965094,-7.528091770406031,True,True,-21.509527694416274,-30.878446155144566,True,True,-21.022454232080268,-39.91828420179411,True,True,-19.65297887382622,-13.11222381774968,True,True,-21.022454232080268,-39.91828420179411,True,True
187,CAMERA_LOCAL,OUTPUT,,32414,32414,26412,410,0.999924282577421,OUTPUT,,OUTPUT,,True,11220,74.63865873710618,-17.293681015775814,1.789797625573492,76.63683289835319,-1.749151474632155,-5.4432034931815965,-3.085249958359356,6.496673183633958,0.5694394499484681,1.8757740688711722,7883,0.7025846702317291,0.5697866585560283,5.454917235926242,7880,0.7023172905525846,-19.693022217965094,-7.552341647561356,True,True,-21.509527694416274,-30.521802289041332,True,True,-21.022454232080268,-39.52214672581977,True,True,-19.65297887382622,-13.11415176687225,True,True,-21.022454232080268,-39.52214672581977,True,True
188,WORLD_FIXED,OUTPUT,,32414,32414,26368,414,0.9991663508904888,OUTPUT,,OUTPUT,,True,11252,-50.11987982261999,-34.083620661250606,8.302552190599718,61.17702120642629,-2.595076682536188,5.309024539745681,1.8401737629374255,6.1892167541352245,0.5700876742160714,1.9751061596240806,7874,0.6997867045858513,0.5721014743258593,6.503743548081985,7877,0.7000533238535371,-20.308560608153,-8.393780558786034,True,True,-22.23578266759818,-35.64096943424466,True,True,-21.678429595042736,-46.089875963646996,True,True,-19.964171815910813,-14.617442555532767,True,True,-21.678429595042736,-46.089875963646996,True,True
188,CAMERA_LOCAL,OUTPUT,,32414,32414,26368,414,0.9991663508904888,OUTPUT,,OUTPUT,,True,11252,64.26965731782128,-17.934097914230865,1.267178300139446,66.73699469253724,-1.7115092821855908,-4.803034577345567,0.6113917183083181,5.135387522612149,0.5700876742160714,1.9751061596240806,7874,0.6997867045858513,0.5710170525770517,5.7046364103638965,7877,0.7000533238535371,-20.308560608153,-8.196350525088159,True,True,-22.23578266759818,-32.40990044714409,True,True,-21.678429595042736,-41.41883827209436,True,True,-19.964171815910813,-13.641860095084834,True,True,-21.678429595042736,-41.41883827209436,True,True
189,WORLD_FIXED,OUTPUT,,32401,32401,26387,410,1.0,OUTPUT,,OUTPUT,,True,11213,-59.55282750484474,-27.118140014884485,10.822830562899746,66.32545848376706,-2.751044973577756,5.928179534453486,-1.2457335458678767,6.653075462270148,0.5688018693424317,1.7313100767902483,7869,0.7017747257647373,0.5717583586278211,7.057827261224184,7867,0.7015963613662712,-18.74825552441328,-7.408488534987545,True,True,-20.70805489562155,-36.891754472924475,True,True,-20.68729241876177,-48.11621980076086,True,True,-19.447116155404842,-14.158970339227416,True,True,-20.68729241876177,-48.11621980076086,True,True
189,CAMERA_LOCAL,OUTPUT,,32401,32401,26387,410,1.0,OUTPUT,,OUTPUT,,True,11213,78.40168680675747,-16.76188328863074,0.20273499304786438,80.1737259144414,-1.4662197477223264,-6.017781694034399,3.5550683149877935,7.141568986567069,0.5688018693424317,1.7313100767902483,7869,0.7017747257647373,0.5725925305673011,7.513131098589789,7867,0.7015963613662712,-18.74825552441328,-7.5330076751030095,True,True,-20.70805489562155,-39.1615127434416,True,True,-20.68729241876177,-49.692490470542914,True,True,-19.447116155404842,-13.494998561004113,True,True,-20.68729241876177,-49.692490470542914,True,True
190,WORLD_FIXED,OUTPUT,,32397,32397,26350,416,0.9995827168923789,OUTPUT,,OUTPUT,,True,11201,-33.56435054819475,-24.360479744236475,1.2364502977311602,41.49129318821259,-2.1049673171007326,3.267472282810389,0.5546376225829149,3.9261794937802854,0.5690315374829303,1.7315442208508136,7820,0.6981519507186859,0.5673254662137822,4.499765724283273,7827,0.6987768949200964,-18.868960849715123,-7.303611358027373,True,True,-21.031622018749086,-25.524186619132138,True,True,-21.28103235926826,-33.93192742397177,True,True,-19.203261200865462,-12.178669749245753,True,True,-21.28103235926826,-33.93192742397177,True,True
190,CAMERA_LOCAL,OUTPUT,,32397,32397,26350,416,0.9995827168923789,OUTPUT,,OUTPUT,,True,11201,45.62713929540554,-16.31323328254208,2.0475204313201667,48.49896659032699,-1.4405185210262632,-3.611810839408112,2.2302097048856364,4.482645031323772,0.5690315374829303,1.7315442208508136,7820,0.6981519507186859,0.568492717244477,5.012715493218749,7826,0.6986876171770378,-18.868960849715123,-7.190461891556588,True,True,-21.031622018749086,-28.056052326654203,True,True,-21.28103235926826,-36.34581045161911,True,True,-19.203261200865462,-12.07491756847745,True,True,-21.28103235926826,-36.34581045161911,True,True
191,WORLD_FIXED,OUTPUT,,32410,32410,26368,412,1.0,OUTPUT,,OUTPUT,,True,11231,-23.205572439330137,-31.410406101213734,-1.184083611719023,39.07063165191606,-2.951178431537299,2.1994981978347634,-0.6405752495487396,3.7359848912145983,0.5689238007853085,1.7726680013077898,7868,0.7005609473777936,0.5656024616911486,3.5890736515420496,7866,0.7003828688451608,-18.948480073532448,-8.726890325174374,True,True,-20.870400117643186,-21.161268633370756,True,True,-20.686248650026773,-30.387421173259767,True,True,-19.268384287338346,-13.85386751319162,True,True,-20.686248650026773,-30.387421173259767,True,True
191,CAMERA_LOCAL,OUTPUT,,32410,32410,26368,412,1.0,OUTPUT,,OUTPUT,,True,11231,51.258096897072484,-24.117461935884265,1.458259614122405,56.66719499711167,-2.37102570690494,-3.8739634127850375,-0.8375338887777125,4.618529900439346,0.5689238007853085,1.7726680013077898,7868,0.7005609473777936,0.5674997988825758,4.510221163331172,7867,0.7004719081114772,-18.948480073532448,-7.9295881171930205,True,True,-20.870400117643186,-25.475663978720252,True,True,-20.686248650026773,-35.11752659430645,True,True,-19.268384287338346,-13.75316716702435,True,True,-20.686248650026773,-35.11752659430645,True,True
192,WORLD_FIXED,OUTPUT,,32402,32402,26358,414,0.9996586642393901,OUTPUT,,OUTPUT,,True,11247,-45.24123044526434,-22.711148765886843,4.612102115257625,50.83145380951956,-1.7285324110635476,4.466522605373223,1.1787588367482895,4.9322531236362295,0.5708501054516861,2.3001236256074784,7836,0.6967191251000266,0.5707692014903645,5.934039137900652,7836,0.6967191251000266,-20.247112763135288,-7.611433846755888,True,True,-23.60849816740096,-32.866430738850426,True,True,-22.9960720349216,-40.435784845675,True,True,-18.908642386123997,-11.654732336812245,True,True,-22.9960720349216,-40.435784845675,True,True
192,CAMERA_LOCAL,OUTPUT,,32402,32402,26358,414,0.9996586642393901,OUTPUT,,OUTPUT,,True,11247,64.92032614071448,-12.45695187912865,2.067709071792533,66.13697768375296,-1.2322262583313952,-5.011805543020401,0.23135688670897014,5.166246448031595,0.5708501054516861,2.3001236256074784,7836,0.6967191251000266,0.5711793279068675,6.189187346845423,7835,0.6966302125011115,-20.247112763135288,-7.629729404921792,True,True,-23.60849816740096,-33.97586795241037,True,True,-22.9960720349216,-41.880848441130716,True,True,-18.908642386123997,-11.872958190921823,True,True,-22.9960720349216,-41.880848441130716,True,True
193,WORLD_FIXED,OUTPUT,,32409,32409,26366,414,1.0,OUTPUT,,OUTPUT,,True,11155,-39.44416926202343,-51.30951410616417,6.347707370320366,65.02924046489422,-3.113017532762422,4.397055249270165,6.113348240222199,8.14849677736013,0.5709705895988181,2.3204303136542976,7837,0.7025549081129538,0.5724269137832773,5.527268652007801,7834,0.7022859704168535,-22.331975716644912,-10.74589879966803,True,True,-23.180310000953554,-33.18156012921947,True,True,-20.995736094456486,-43.417962723367395,True,True,-21.13611367260837,-16.82340166572549,True,True,-21.13611367260837,-43.417962723367395,True,True
193,CAMERA_LOCAL,OUTPUT,,32409,32409,26366,414,1.0,OUTPUT,,OUTPUT,,True,11155,69.8647915022401,-27.90230995214181,0.5751067518094938,75.23269728045679,-2.818508800672852,-5.184647908312992,-3.8707311212854516,7.057416326527175,0.5709705895988181,2.3204303136542976,7837,0.7025549081129538,0.5712139637531123,4.832208666812894,7834,0.7022859704168535,-22.331975716644912,-10.741078839640593,True,True,-23.180310000953554,-30.14145324462969,True,True,-20.995736094456486,-39.73721141883901,True,True,-21.13611367260837,-16.459390023889075,True,True,-21.13611367260837,-39.73721141883901,True,True
194,WORLD_FIXED,OUTPUT,,32349,32349,26325,412,0.9998480762657146,OUTPUT,,OUTPUT,,True,11229,-58.93209125422965,-21.538011516688883,9.984862713748113,63.53404444156117,-1.9099236295738835,5.980333189748105,0.7313643446461856,6.320370806829863,0.5698242015855873,1.9949087555394336,7931,0.7062961973461572,0.5722838871637301,7.1494668812727,7927,0.7059399768456674,-19.967316906033815,-7.50063318967753,True,True,-22.038845182025256,-37.7722325576697,True,True,-21.325082521529424,-46.737904449279725,True,True,-19.58338187555775,-12.196248167821832,True,True,-21.325082521529424,-46.737904449279725,True,True
194,CAMERA_LOCAL,OUTPUT,,32349,32349,26325,412,0.9998480762657146,OUTPUT,,OUTPUT,,True,11229,61.058500793455416,-22.50683012676105,2.158555782196886,65.11034698543797,-1.5191342277626898,-4.705285629121837,4.132328527287709,6.443882425294275,0.5698242015855873,1.9949087555394336,7931,0.7062961973461572,0.5716095510822043,6.46678633683228,7926,0.705850921720545,-19.967316906033815,-7.342752729705082,True,True,-22.038845182025256,-35.11646917287459,True,True,-21.325082521529424,-44.09814531120249,True,True,-19.58338187555775,-12.747424946835118,True,True,-21.325082521529424,-44.09814531120249,True,True
195,WORLD_FIXED,OUTPUT,,32342,32342,26287,410,0.9996957596501236,OUTPUT,,OUTPUT,,True,11205,-36.31352150873707,-36.65945679068119,3.174438975290237,51.69782083764433,-3.0609511993297454,3.7091717541016975,1.3315138350857014,4.990020685240564,0.5686440798255059,1.738749560975711,7868,0.7021865238732709,0.5678299965750246,4.916763329063119,7870,0.7023650156180277,-19.13721698342663,-7.851866591321421,True,True,-20.448129833640415,-26.787872996150707,True,True,-19.83382505501663,-37.13813290921342,True,True,-19.518582859834876,-13.932226537115898,True,True,-19.83382505501663,-37.13813290921342,True,True
195,CAMERA_LOCAL,OUTPUT,,32342,32342,26287,410,0.9996957596501236,OUTPUT,,OUTPUT,,True,11205,63.30892138730181,-33.750680230235915,1.5309340921588939,71.75981955399368,-2.8880724668582354,-4.761489186818696,-0.24793615577965178,5.574425009573522,0.5686440798255059,1.738749560975711,7868,0.7021865238732709,0.5687355972325808,5.4356075793896235,7870,0.7023650156180277,-19.13721698342663,-8.351660479000046,True,True,-20.448129833640415,-28.92238156121074,True,True,-19.83382505501663,-40.64226093457934,True,True,-19.518582859834876,-15.027866065479012,True,True,-19.83382505501663,-40.64226093457934,True,True
196,WORLD_FIXED,OUTPUT,,32323,32323,26275,407,0.9992013994523882,OUTPUT,,OUTPUT,,True,11060,-46.365894906389855,-34.00545888241248,6.71484011414623,57.89003819339198,-2.2269486524088857,4.873818721094766,3.524357582797867,6.4136187599501415,0.5694507033009583,1.856789721808761,7792,0.7045207956600361,0.5710508757505081,5.780645072136937,7794,0.7047016274864376,-20.58456877317405,-8.269031685809836,True,True,-21.27049488099464,-32.696497383328364,True,True,-20.08231305355157,-41.71425836010012,True,True,-20.438769995543502,-13.700341827405872,True,True,-20.438769995543502,-41.71425836010012,True,True
196,CAMERA_LOCAL,OUTPUT,,32323,32323,26275,407,0.9992013994523882,OUTPUT,,OUTPUT,,True,11060,58.797873417129324,-25.16353078243573,1.6223746502987388,63.97675592995698,-1.89964310501493,-4.595176276635489,2.5071446525446626,5.568667995900605,0.5694507033009583,1.856789721808761,7792,0.7045207956600361,0.5710312692552154,5.652677636470303,7797,0.7049728752260398,-20.58456877317405,-8.605241488140125,True,True,-21.27049488099464,-32.301478130142726,True,True,-20.08231305355157,-41.49781879658831,True,True,-20.438769995543502,-14.12549292498122,True,True,-20.438769995543502,-41.49781879658831,True,True
197,WORLD_FIXED,OUTPUT,,32371,32371,26325,412,0.9997341637551268,OUTPUT,,OUTPUT,,True,11126,-42.26414641742708,-21.525077648237648,5.392955996482933,47.7354272478667,-2.6457314484848746,4.3639256225854135,-1.855425568931211,5.430133127171292,0.5709431433070462,2.2748845460770024,7868,0.7071723889987417,0.5722200191717768,5.339537983652145,7863,0.7067229911918029,-22.16166579420209,-10.011143518902532,True,True,-23.19971341724758,-32.69000338005657,True,True,-21.058085171080542,-40.71348531524133,True,True,-20.911477580450644,-14.903605574393076,True,True,-21.058085171080542,-40.71348531524133,True,True
197,CAMERA_LOCAL,OUTPUT,,32371,32371,26325,412,0.9997341637551268,OUTPUT,,OUTPUT,,True,11126,54.18938780154372,-27.319418528338755,1.966534492143012,60.71826444276403,-1.9863065820728596,-4.01674116482097,3.08202873530787,5.438614212133153,0.5709431433070462,2.2748845460770024,7868,0.7071723889987417,0.5721776914763765,5.311878840376755,7863,0.7067229911918029,-22.16166579420209,-10.020132613420829,True,True,-23.19971341724758,-32.570290660808965,True,True,-21.058085171080542,-40.64065824983953,True,True,-20.911477580450644,-14.962992251939976,True,True,-21.058085171080542,-40.64065824983953,True,True
198,WORLD_FIXED,OUTPUT,,32350,32350,26310,421,0.999809994299829,OUTPUT,,OUTPUT,,True,10991,-38.45796158646676,-17.671672533729748,2.5418561466554643,42.40004542681318,-1.1671378494133473,3.8776917087337615,1.221264939580512,4.229679869702241,0.5700864093761,2.1741667300866525,7822,0.7116731871531253,0.5692167479775347,5.302967218358993,7821,0.7115822036211445,-19.598742849931348,-7.830511339086521,True,True,-22.70572022310191,-29.62198087135537,True,True,-22.106700327260253,-35.48755681005134,True,True,-18.73373472670803,-10.124398412301616,True,True,-22.106700327260253,-35.48755681005134,True,True
198,CAMERA_LOCAL,OUTPUT,,32350,32350,26310,421,0.999809994299829,OUTPUT,,OUTPUT,,True,10991,58.43547509063326,-3.6163358055258072,2.09501325773228,58.584739602360806,-0.5939553763209838,-4.44775692403457,0.3269010260776884,4.499132019090872,0.5700864093761,2.1741667300866525,7822,0.7116731871531253,0.569933772232637,5.689632244451561,7818,0.7113092530252024,-19.598742849931348,-7.854785473527914,True,True,-22.70572022310191,-31.36153200577518,True,True,-22.106700327260253,-37.40232031789792,True,True,-18.73373472670803,-10.239099200748836,True,True,-22.106700327260253,-37.40232031789792,True,True
199,WORLD_FIXED,OUTPUT,,32343,32343,26302,409,1.0,OUTPUT,,OUTPUT,,True,11074,-45.536305121654486,-26.497345651893614,6.58955667523731,53.095071973814164,-3.2307510310926233,4.580189182118003,-2.2565043343244926,6.042159959792694,0.5700458039277727,2.022006792836405,7859,0.7096803323099151,0.5715163120194781,5.792784311129399,7861,0.7098609355246523,-20.416533264076996,-9.43804180928931,True,True,-22.173352939345413,-32.964616034800166,True,True,-21.166477566747723,-43.34758290779672,True,True,-20.01398911931318,-15.65545426489512,True,True,-21.166477566747723,-43.34758290779672,True,True
199,CAMERA_LOCAL,OUTPUT,,32343,32343,26302,409,1.0,OUTPUT,,OUTPUT,,True,11074,46.605956889074484,-40.897241994774326,2.5472979998349046,62.05794346758008,-2.7169827497221264,-3.555310293910682,5.883284628903153,7.3915671256481845,0.5700458039277727,2.022006792836405,7859,0.7096803323099151,0.5713013309383128,5.733511924571509,7861,0.7098609355246523,-20.416533264076996,-9.583547359297008,True,True,-22.173352939345413,-32.520184004013686,True,True,-21.166477566747723,-43.325132426274,True,True,-20.01398911931318,-15.97670171029919,True,True,-21.166477566747723,-43.325132426274,True,True
200,WORLD_FIXED,OUTPUT,,32303,32303,26252,413,1.0,OUTPUT,,OUTPUT,,True,11050,-37.70588564284131,-20.45710998313569,3.3223974431263983,43.02633479327782,-2.298210776264962,3.8920658626410862,-1.6204769299617163,4.8016554365983675,0.5703004160952666,2.1456902045102826,7921,0.7168325791855203,0.5702313460389365,4.970065962112912,7920,0.7167420814479638,-21.074108126154954,-8.988721783616093,True,True,-22.560819299687672,-29.761396993913003,True,True,-21.036222377666782,-37.18355010766516,True,True,-20.148504696889447,-13.383086509122787,True,True,-21.036222377666782,-37.18355010766516,True,True
200,CAMERA_LOCAL,OUTPUT,,32303,32303,26252,413,1.0,OUTPUT,,OUTPUT,,True,11050,49.75389909735544,-25.99090341289395,1.9401393813924153,56.16708712784951,-1.9577701557033662,-3.7715951846188083,4.080035295643556,5.891051029561684,0.5703004160952666,2.1456902045102826,7921,0.7168325791855203,0.5711357352845229,5.442628941712709,7919,0.7166515837104073,-21.074108126154954,-8.768018837079673,True,True,-22.560819299687672,-31.847836428728126,True,True,-21.036222377666782,-40.29947567679637,True,True,-20.148504696889447,-14.280884406814742,True,True,-21.036222377666782,-40.29947567679637,True,True
201,WORLD_FIXED,OUTPUT,,32377,32377,26330,415,1.0,OUTPUT,,OUTPUT,,True,10995,-33.02576119254504,-16.50111919311899,1.464501406259711,36.9477008938509,-1.862000100737085,3.184307325141455,-1.2148834118774148,3.883657969047912,0.5695014949687714,2.0012488073536043,7828,0.7119599818099136,0.568557453270102,4.145253501711527,7828,0.7119599818099136,-20.2061937858129,-9.209336054392448,True,True,-21.590318690924537,-26.0817345045653,True,True,-20.173788819162986,-32.233153505835446,True,True,-19.97912338872787,-12.425414855763762,True,True,-20.173788819162986,-32.233153505835446,True,True
201,CAMERA_LOCAL,OUTPUT,,32377,32377,26330,415,1.0,OUTPUT,,OUTPUT,,True,10995,37.23331973193777,-17.462083617151304,2.94965772658085,41.2303885892077,-1.3384294096033198,-2.931036183750046,2.113992855122777,3.853742620681002,0.5695014949687714,2.0012488073536043,7828,0.7119599818099136,0.5684822693198698,4.105381669773961,7828,0.7119599818099136,-20.2061937858129,-9.244772492028485,True,True,-21.590318690924537,-25.910268568173798,True,True,-20.173788819162986,-31.968821629299484,True,True,-19.97912338872787,-12.35936432379281,True,True,-20.173788819162986,-31.968821629299484,True,True
202,WORLD_FIXED,OUTPUT,,32371,32371,26292,413,0.9993918199787137,OUTPUT,,OUTPUT,,True,10952,-23.763434473915293,-10.733141890404196,-2.206544244005857,26.168110178925236,-1.0933724972481782,2.187109122142313,-1.311074482385481,2.7744956349324457,0.570303059568772,2.212926287611698,7751,0.7077246165084002,0.5669230382373325,3.3606479456325316,7750,0.7076333089846604,-21.049468783828075,-10.610406941731876,True,True,-22.624504625634255,-22.587710199208132,True,True,-21.289502588866526,-26.115081378677353,True,True,-20.0207536692496,-10.25454980036644,True,True,-21.289502588866526,-26.115081378677353,True,True
202,CAMERA_LOCAL,OUTPUT,,32371,32371,26292,413,0.9993918199787137,OUTPUT,,OUTPUT,,True,10952,21.554921311085202,-7.722785260983428,4.32313266543479,23.301191406391375,-0.7358181213710177,-1.821612359040279,2.103615594248387,2.878349954871933,0.570303059568772,2.212926287611698,7751,0.7077246165084002,0.5668727693922653,3.327571018312844,7750,0.7076333089846604,-21.049468783828075,-10.635764617225153,True,True,-22.624504625634255,-22.46511745623181,True,True,-21.289502588866526,-25.97053250372705,True,True,-20.0207536692496,-10.2683079633602,True,True,-21.289502588866526,-25.97053250372705,True,True
203,WORLD_FIXED,OUTPUT,,32384,32384,26324,416,0.9999240294765631,OUTPUT,,OUTPUT,,True,10948,-35.97614716377307,-15.6571858318478,1.663828453585739,39.27084106618337,-1.6506943064830073,3.5165249534021625,-0.8073581416511938,3.96769033699027,0.5698840195935725,2.100322119742305,7902,0.7217756667884545,0.5687282041741978,4.579952962934353,7898,0.7214103032517355,-20.586593290683908,-8.658645971040603,True,True,-22.10193933566085,-27.258902354652783,True,True,-20.394461209156447,-32.85536039389436,True,True,-19.71451760566678,-11.077371976208061,True,True,-20.394461209156447,-32.85536039389436,True,True
203,CAMERA_LOCAL,OUTPUT,,32384,32384,26324,416,0.9999240294765631,OUTPUT,,OUTPUT,,True,10948,43.18597023319593,-13.305509647980491,3.259542394153872,45.30661351937787,-1.0891365873102647,-3.3636435935539173,1.8419003927684479,3.9865917507508493,0.5698840195935725,2.100322119742305,7902,0.7217756667884545,0.5687322168272256,4.5895245269328795,7898,0.7214103032517355,-20.586593290683908,-8.661567049229046,True,True,-22.10193933566085,-27.284599292057955,True,True,-20.394461209156447,-32.821727846639504,True,True,-19.71451760566678,-11.015682917759563,True,True,-20.394461209156447,-32.821727846639504,True,True
204,WORLD_FIXED,OUTPUT,,32441,32441,26373,414,0.9998483527315464,OUTPUT,,OUTPUT,,True,11003,-33.61696075374798,-26.16394809869029,1.8959433200919718,42.64090561307291,-1.9389968779542825,3.3203577370777757,1.6390462717585619,4.179827397854407,0.5692354019000087,1.8616996620482473,7757,0.7049895483050077,0.5684850639757809,4.24274170402059,7755,0.7048077796964465,-20.030722652095044,-8.789562918187332,True,True,-21.113631258203647,-26.196325459849845,True,True,-20.10612685775792,-33.36621553862318,True,True,-20.089347649318245,-12.240455989392608,True,True,-20.10612685775792,-33.36621553862318,True,True
204,CAMERA_LOCAL,OUTPUT,,32441,32441,26373,414,0.9998483527315464,OUTPUT,,OUTPUT,,True,11003,50.75861125196424,-15.659236694315538,1.8580818098643443,53.151677095730264,-1.5920217990751842,-3.9108138536552595,-0.8371481319892744,4.304627208198826,0.5692354019000087,1.8616996620482473,7757,0.7049895483050077,0.5685037990152482,4.262408463605062,7755,0.7048077796964465,-20.030722652095044,-8.738647481848162,True,True,-21.113631258203647,-26.250787420852852,True,True,-20.10612685775792,-33.60723289177481,True,True,-20.089347649318245,-12.392604596123235,True,True,-20.10612685775792,-33.60723289177481,True,True
205,WORLD_FIXED,OUTPUT,,32437,32437,26365,414,0.9999620723659258,OUTPUT,,OUTPUT,,True,10954,-55.97031663656131,-62.33674561184978,12.280512064782114,84.67205663290967,-4.671580385716541,6.0088736049940605,4.515129404103763,8.849667724655443,0.5698382000371253,2.119480682652041,7844,0.7160854482380865,0.571869038574996,7.627621633006032,7837,0.7154464122694906,-20.768640130470306,-9.526550680800995,True,True,-22.01745379403164,-38.0434939653933,True,True,-20.528876609970602,-54.453622319555976,True,True,-19.857020258649882,-18.194607500808036,True,True,-20.528876609970602,-54.453622319555976,True,True
205,CAMERA_LOCAL,OUTPUT,,32437,32437,26365,414,0.9999620723659258,OUTPUT,,OUTPUT,,True,10954,52.384391927299994,1.4820121544734959,1.2650903520848238,52.420619332643504,-0.25199371553466754,-4.0053615873896256,2.3726391297707616,4.662171030595582,0.5698382000371253,2.119480682652041,7844,0.7160854482380865,0.5706276504980966,5.45194124263473,7842,0.7159028665327735,-20.768640130470306,-10.008843117273125,True,True,-22.01745379403164,-31.276118238825703,True,True,-20.528876609970602,-35.90863348459183,True,True,-19.857020258649882,-10.231928229629927,True,True,-20.528876609970602,-35.90863348459183,True,True
206,WORLD_FIXED,OUTPUT,,32447,32447,26397,413,1.0,OUTPUT,,OUTPUT,,True,10993,-50.811130588956466,-23.54598759361034,8.086919863425255,56.582530840922104,-1.5012542238852506,5.348423055144571,2.0992438646816267,5.938536707383289,0.5691485533178039,1.9340306692547826,7884,0.717183662330574,0.5715647059145988,6.359404605977917,7881,0.7169107613936141,-19.79115343677751,-8.105749898281168,True,True,-21.15550916328801,-34.83303865053278,True,True,-20.015780518096605,-42.31873765092764,True,True,-19.70991761921126,-12.057246522056086,True,True,-20.015780518096605,-42.31873765092764,True,True
206,CAMERA_LOCAL,OUTPUT,,32447,32447,26397,413,1.0,OUTPUT,,OUTPUT,,True,10993,79.00607656824329,-5.694314768853449,0.8480542012463066,79.21555750811929,-0.8311140450876864,-5.864431575324163,-0.626625145284634,5.956086578476177,0.5691485533178039,1.9340306692547826,7884,0.717183662330574,0.5715865481141426,6.368687224309669,7881,0.7169107613936141,-19.79115343677751,-8.08016967859948,True,True,-21.15550916328801,-34.881020426788865,True,True,-20.015780518096605,-42.43613241535793,True,True,-19.70991761921126,-12.119701291680274,True,True,-20.015780518096605,-42.43613241535793,True,True
207,WORLD_FIXED,OUTPUT,,32468,32468,26409,417,0.9997350090854028,OUTPUT,,OUTPUT,,True,10982,-46.26438539073122,-25.013492500656398,6.132725818766909,52.94977326326024,-2.376176417410986,4.468190893361742,0.12924986004897834,5.0623758999607675,0.5700017094095429,2.178163370674057,7872,0.7168093243489346,0.5711873152449106,5.811224881043475,7876,0.7171735567291933,-19.88594278764022,-8.154557738992985,True,True,-22.523379576914195,-32.88561919348398,True,True,-21.429467480786222,-41.42870726193104,True,True,-19.01978010596672,-13.513390833598926,True,True,-21.429467480786222,-41.42870726193104,True,True
207,CAMERA_LOCAL,OUTPUT,,32468,32468,26409,417,0.9997350090854028,OUTPUT,,OUTPUT,,True,10982,58.078193764975964,-18.56476950028508,0.7451651086556703,60.97772157632627,-1.5342585763902912,-4.587830948385722,2.8569842713887335,5.6182293756267745,0.5700017094095429,2.178163370674057,7872,0.7168093243489346,0.5717854553694919,6.18505103163715,7876,0.7171735567291933,-19.88594278764022,-7.949238968602446,True,True,-22.523379576914195,-34.53664506492227,True,True,-21.429467480786222,-42.92565570905549,True,True,-19.01978010596672,-13.236338338197928,True,True,-21.429467480786222,-42.92565570905549,True,True
208,WORLD_FIXED,OUTPUT,,32452,32452,26401,416,0.9998106490949027,OUTPUT,,OUTPUT,,True,10898,-32.791651696554226,-32.54383233776177,2.658472640285694,46.27592161152087,-2.14432823813178,3.5124844042926937,2.448281693650324,4.7885043108169,0.5692835588781465,1.9666113895183965,7770,0.7129748577720683,0.5689640478170921,4.625943974508373,7768,0.7127913378601578,-19.6505805292313,-8.298773738723341,True,True,-21.36221186930143,-27.556517450277873,True,True,-20.36244111794239,-35.37753329436555,True,True,-19.49548989393335,-13.003023789041613,True,True,-20.36244111794239,-35.37753329436555,True,True
208,CAMERA_LOCAL,OUTPUT,,32452,32452,26401,416,0.9998106490949027,OUTPUT,,OUTPUT,,True,10898,50.22265175689032,-14.960181519618558,1.4432127291264214,52.423321561832836,-1.7053078424579893,-3.7468240788465232,-1.0624476981033948,4.251536266642685,0.5692835588781465,1.9666113895183965,7770,0.7129748577720683,0.5682716813183784,4.196200018031584,7769,0.712883097816113,-19.6505805292313,-8.624757388233872,True,True,-21.36221186930143,-25.811933837728283,True,True,-20.36244111794239,-33.17175870073174,True,True,-19.49548989393335,-12.829803320696499,True,True,-20.36244111794239,-33.17175870073174,True,True
