case_id,frame_id,task_id,case_kind,condition,quality,shape_source,generation_model,method,coordinate_model,raw_solver_status,raw_solver_reason,input_evidence_status,frame_truth_status,truth_status_reason,score_category,included_in_accuracy_summary,true_transform,estimated_transform,true_translation_mm,estimated_translation_mm,translation_error_mm,true_rotvec_rad,estimated_rotvec_rad,rotation_error_deg,checkpoint_mean_mm,checkpoint_median_mm,checkpoint_p95_mm,checkpoint_maximum_mm,fitness,inlier_rmse_m,correspondence_count,safety_advisory_within_bounds,preprocessing_seconds,open3d_reference_sampling_seconds_amortized,solve_seconds,peak_rss_delta_kib
public_sf_001,0,public_sf_001_f000,direct,identity,clean,artificial,WORLD_FIXED,CURRENT_FIXED_SINGLE_FRAME,WORLD_FIXED,OUTPUT,,TARGET_POINTS_PRESENT,UNIQUE_COMPARABLE,full asymmetric surface points define the injected rigid recovery,COMPARABLE_OUTPUT,True,"[[1.0, 0.0, 0.0, 0.0], [0.0, 1.0, 0.0, 0.0], [0.0, 0.0, 1.0, 0.0], [0.0, 0.0, 0.0, 1.0]]","[[1.0, 0.0, 0.0, 0.0], [0.0, 1.0, 0.0, 0.0], [0.0, 0.0, 1.0, 0.0], [0.0, 0.0, 0.0, 1.0]]","[0.0, 0.0, 0.0]","[0.0, 0.0, 0.0]",0.0,"[0.0, 0.0, 0.0]","[0.0, 0.0, 0.0]",0.0,0.0,0.0,0.0,0.0,,,,,0.00041450001299381256,,0.02192603424191475,3072
public_sf_001,0,public_sf_001_f000,direct,identity,clean,artificial,WORLD_FIXED,CURRENT_FIXED_SINGLE_FRAME,CAMERA_LOCAL,OUTPUT,,TARGET_POINTS_PRESENT,UNIQUE_COMPARABLE,full asymmetric surface points define the injected rigid recovery,COMPARABLE_OUTPUT,True,"[[1.0, 1.0224366559662491e-17, 1.6532129282668964e-17, 1.734723475976807e-18], [1.0224366559662491e-17, 1.0, -1.7499427886883672e-17, 0.0], [1.6532129282668964e-17, -1.7499427886883672e-17, 1.0, -6.938893903907228e-18], [0.0, 0.0, 0.0, 1.0]]","[[1.0, 1.3829178129363385e-11, 1.9312176693843444e-09, 2.149585736121355e-10], [-1.3829174203068836e-11, 1.0, -2.0330668103999364e-09, 8.171967745085876e-10], [-1.9312176694124603e-09, 2.0330668103732292e-09, 1.0, 7.189302575552682e-10], [0.0, 0.0, 0.0, 1.0]]","[1.734723475976807e-15, 0.0, -6.938893903907228e-15]","[2.149585736121355e-07, 8.171967745085876e-07, 7.189302575552682e-07]",1.1094496298149194e-06,"[0.0, 0.0, 0.0]","[2.033066810386583e-09, 1.9312176693984023e-09, -1.382917616621611e-11]",0.0,2.0668929005984213e-06,2.0577551810425257e-06,2.3399356408483695e-06,2.3862263527010273e-06,,,,,0.00041450001299381256,,0.010824674740433693,0
public_sf_001,1,public_sf_001_f001,direct,identity,clean,artificial,WORLD_FIXED,CURRENT_FIXED_SINGLE_FRAME,WORLD_FIXED,OUTPUT,,TARGET_POINTS_PRESENT,UNIQUE_COMPARABLE,full asymmetric surface points define the injected rigid recovery,COMPARABLE_OUTPUT,True,"[[1.0, 0.0, 0.0, 0.0], [0.0, 1.0, 0.0, 0.0], [0.0, 0.0, 1.0, 0.0], [0.0, 0.0, 0.0, 1.0]]","[[1.0, 0.0, 0.0, 0.0], [0.0, 1.0, 0.0, 0.0], [0.0, 0.0, 1.0, 0.0], [0.0, 0.0, 0.0, 1.0]]","[0.0, 0.0, 0.0]","[0.0, 0.0, 0.0]",0.0,"[0.0, 0.0, 0.0]","[0.0, 0.0, 0.0]",0.0,0.0,0.0,0.0,0.0,,,,,0.000299304723739624,,0.021498534828424454,3072
public_sf_001,1,public_sf_001_f001,direct,identity,clean,artificial,WORLD_FIXED,CURRENT_FIXED_SINGLE_FRAME,CAMERA_LOCAL,OUTPUT,,TARGET_POINTS_PRESENT,UNIQUE_COMPARABLE,full asymmetric surface points define the injected rigid recovery,COMPARABLE_OUTPUT,True,"[[1.0, 5.853257835685178e-18, -9.816830385681772e-18, 0.0], [5.853257835685178e-18, 1.0, -5.152157773305099e-18, -1.734723475976807e-18], [-9.816830385681772e-18, -5.152157773305099e-18, 1.0, 0.0], [0.0, 0.0, 0.0, 1.0]]","[[1.0, 0.0, 0.0, 0.0], [0.0, 1.0, 0.0, 0.0], [0.0, 0.0, 1.0, 0.0], [0.0, 0.0, 0.0, 1.0]]","[0.0, -1.734723475976807e-15, 0.0]","[0.0, 0.0, 0.0]",1.734723475976807e-15,"[0.0, 0.0, 0.0]","[0.0, 0.0, 0.0]",0.0,2.9341221292888964e-15,1.734723475976807e-15,6.938893903907228e-15,6.938893903907228e-15,,,,,0.000299304723739624,,0.015264742076396942,0
public_sf_002,0,public_sf_002_f000,direct,identity,clean,taco,WORLD_FIXED,CURRENT_FIXED_SINGLE_FRAME,WORLD_FIXED,OUTPUT,,TARGET_POINTS_PRESENT,UNIQUE_COMPARABLE,full asymmetric surface points define the injected rigid recovery,COMPARABLE_OUTPUT,True,"[[1.0, 0.0, 0.0, 0.0], [0.0, 1.0, 0.0, 0.0], [0.0, 0.0, 1.0, 0.0], [0.0, 0.0, 0.0, 1.0]]","[[1.0, -2.288770373082163e-09, 1.8333137717414658e-09, -1.5872914712227216e-09], [2.288770383278457e-09, 1.0, -5.561674301344039e-09, 4.272357301856963e-09], [-1.8333137590120702e-09, 5.561674305540073e-09, 1.0, 7.578967963702762e-10], [0.0, 0.0, 0.0, 1.0]]","[0.0, 0.0, 0.0]","[-1.5872914712227215e-06, 4.2723573018569635e-06, 7.578967963702762e-07]",4.620274741105255e-06,"[0.0, 0.0, 0.0]","[5.561674303442056e-09, 1.833313765376768e-09, 2.28877037818031e-09]",0.0,5.509888756976897e-07,5.534146635822649e-07,9.058763388335458e-07,9.933283290035527e-07,,,,,0.0014402475208044052,,0.22986282221972942,5076
public_sf_002,0,public_sf_002_f000,direct,identity,clean,taco,WORLD_FIXED,CURRENT_FIXED_SINGLE_FRAME,CAMERA_LOCAL,OUTPUT,,TARGET_POINTS_PRESENT,UNIQUE_COMPARABLE,full asymmetric surface points define the injected rigid recovery,COMPARABLE_OUTPUT,True,"[[1.0, -2.5040358173375942e-17, 1.7401161241545038e-17, -6.938893903907228e-18], [-2.5040358173375942e-17, 1.0, 1.41656734352946e-17, -3.469446951953614e-18], [1.7401161241545038e-17, 1.41656734352946e-17, 1.0, 1.3877787807814457e-17], [0.0, 0.0, 0.0, 1.0]]","[[1.0, -2.923627996058611e-09, 3.6706751980172504e-10, -1.8528492755658576e-10], [2.9236279980364063e-09, 1.0, -5.388097797482722e-09, 4.516008650782913e-09], [-3.6706750404893147e-10, 5.388097798555891e-09, 1.0, 7.417683978012227e-11], [0.0, 0.0, 0.0, 1.0]]","[-6.938893903907228e-15, -3.469446951953614e-15, 1.3877787807814457e-14]","[-1.8528492755658575e-07, 4.516008650782913e-06, 7.417683978012227e-08]",4.520416669798423e-06,"[0.0, 0.0, 0.0]","[5.388097798019307e-09, 3.6706751192532825e-10, 2.9236279970475086e-09]",0.0,5.586899147575749e-07,5.43254023127648e-07,9.283708934293099e-07,1.0707367482923984e-06,,,,,0.0014402475208044052,,0.1439574733376503,0
public_sf_002,1,public_sf_002_f001,direct,identity,clean,taco,WORLD_FIXED,CURRENT_FIXED_SINGLE_FRAME,WORLD_FIXED,OUTPUT,,TARGET_POINTS_PRESENT,UNIQUE_COMPARABLE,full asymmetric surface points define the injected rigid recovery,COMPARABLE_OUTPUT,True,"[[1.0, 0.0, 0.0, 0.0], [0.0, 1.0, 0.0, 0.0], [0.0, 0.0, 1.0, 0.0], [0.0, 0.0, 0.0, 1.0]]","[[1.0, -2.091223089949082e-09, 9.53746226719338e-10, -8.064787485179168e-10], [2.0912230950937758e-09, 1.0, -5.3941959821307835e-09, 4.158886487140747e-09], [-9.53746215438871e-10, 5.39419598412528e-09, 1.0, 5.344252923517279e-10], [0.0, 0.0, 0.0, 1.0]]","[0.0, 0.0, 0.0]","[-8.064787485179168e-07, 4.158886487140747e-06, 5.34425292351728e-07]",4.269936203017343e-06,"[0.0, 0.0, 0.0]","[5.394195983128032e-09, 9.537462210791045e-10, 2.091223092521429e-09]",0.0,6.04566190047367e-07,5.892248435061751e-07,9.345468734025372e-07,1.1788117521845095e-06,,,,,0.0012991279363632202,,0.2304291818290949,1536
public_sf_002,1,public_sf_002_f001,direct,identity,clean,taco,WORLD_FIXED,CURRENT_FIXED_SINGLE_FRAME,CAMERA_LOCAL,OUTPUT,,TARGET_POINTS_PRESENT,UNIQUE_COMPARABLE,full asymmetric surface points define the injected rigid recovery,COMPARABLE_OUTPUT,True,"[[1.0000000000000002, 2.1966066433114216e-17, -3.283772956508857e-17, 6.938893903907228e-18], [2.1966066433114216e-17, 1.0, 3.204475077084575e-17, 0.0], [-3.283772956508857e-17, 3.204475077084575e-17, 1.0, 0.0], [0.0, 0.0, 0.0, 1.0]]","[[1.0, -2.375017821093325e-09, 1.004368332802397e-09, -8.75906755665304e-10], [2.3750178262422702e-09, 1.0, -5.126551087294093e-09, 4.211225104110288e-09], [-1.0043683206267468e-09, 5.126551089679485e-09, 1.0, 3.7448509952761877e-10], [0.0, 0.0, 0.0, 1.0]]","[6.938893903907228e-15, 0.0, 0.0]","[-8.75906755665304e-07, 4.211225104110288e-06, 3.7448509952761875e-07]",4.317623029403179e-06,"[0.0, 0.0, 0.0]","[5.126551088486789e-09, 1.004368326714572e-09, 2.3750178236677976e-09]",0.0,5.820365788730237e-07,5.705405596885215e-07,9.059954231574444e-07,1.1661608671584246e-06,,,,,0.0012991279363632202,,0.22208193503320217,0
public_sf_003,0,public_sf_003_f000,direct,identity,clean,artificial,CAMERA_LOCAL,CURRENT_FIXED_SINGLE_FRAME,WORLD_FIXED,OUTPUT,,TARGET_POINTS_PRESENT,UNIQUE_COMPARABLE,full asymmetric surface points define the injected rigid recovery,COMPARABLE_OUTPUT,True,"[[1.0, -5.0175903550753835e-18, 2.13683772751382e-18, 0.0], [-5.0175903550753835e-18, 1.0, -8.122839554353481e-19, 0.0], [2.13683772751382e-18, -8.122839554353481e-19, 1.0, 0.0], [0.0, 0.0, 0.0, 1.0]]","[[1.0, -4.074125327607142e-09, 2.3480521410306286e-09, -1.5461205346082498e-09], [4.074125336983238e-09, 1.0, -3.9931377074491715e-09, 3.395659916400055e-09], [-2.3480521247620853e-09, 3.993137717015431e-09, 1.0, 6.528521229553234e-10], [0.0, 0.0, 0.0, 1.0]]","[0.0, 0.0, 0.0]","[-1.5461205346082498e-06, 3.3956599164000547e-06, 6.528521229553234e-07]",3.7877712272298863e-06,"[0.0, 0.0, 0.0]","[3.993137712232301e-09, 2.348052132896357e-09, 4.07412533229519e-09]",0.0,1.4866584015881817e-06,1.483810363067945e-06,2.0217906968424056e-06,2.2294498426795165e-06,,,,,0.000398857519030571,,0.029714539647102356,3072
public_sf_003,0,public_sf_003_f000,direct,identity,clean,artificial,CAMERA_LOCAL,CURRENT_FIXED_SINGLE_FRAME,CAMERA_LOCAL,OUTPUT,,TARGET_POINTS_PRESENT,UNIQUE_COMPARABLE,full asymmetric surface points define the injected rigid recovery,COMPARABLE_OUTPUT,True,"[[1.0, 0.0, 0.0, 0.0], [0.0, 1.0, 0.0, 0.0], [0.0, 0.0, 1.0, 0.0], [0.0, 0.0, 0.0, 1.0]]","[[1.0, -5.656565785347139e-10, 1.91279978466135e-10, 2.8054273260965383e-11], [5.656565785816064e-10, 1.0, -2.4515104959413685e-10, 7.84151328522632e-11], [-1.912799783274637e-10, 2.451510497023356e-10, 1.0, 1.076802758488949e-10], [0.0, 0.0, 0.0, 1.0]]","[0.0, 0.0, 0.0]","[2.8054273260965384e-08, 7.841513285226321e-08, 1.076802758488949e-07]",1.3612867851901413e-07,"[0.0, 0.0, 0.0]","[2.451510496482362e-10, 1.9127997839679935e-10, 5.656565785581601e-10]",0.0,2.193264494979475e-07,2.203016257871693e-07,2.785135114865998e-07,2.917289796880372e-07,,,,,0.000398857519030571,,0.011507639661431313,0
public_sf_003,1,public_sf_003_f001,direct,identity,clean,artificial,CAMERA_LOCAL,CURRENT_FIXED_SINGLE_FRAME,WORLD_FIXED,OUTPUT,,TARGET_POINTS_PRESENT,UNIQUE_COMPARABLE,full asymmetric surface points define the injected rigid recovery,COMPARABLE_OUTPUT,True,"[[0.9999999999999999, 1.5722076924284022e-17, -7.206145127360005e-18, 0.0], [1.5722076924284022e-17, 0.9999999999999999, -1.0375957290134023e-17, 0.0], [-7.206145127360005e-18, -1.0375957290134023e-17, 0.9999999999999999, 0.0], [0.0, 0.0, 0.0, 1.0]]","[[1.0, -5.1921983969542315e-09, 6.703316104746767e-10, -2.889706608342312e-10], [5.192198402187315e-09, 1.0, -7.806709535366491e-09, 4.174072475733027e-09], [-6.703315699406919e-10, 7.806709538846986e-09, 1.0, 3.3754880853244233e-10], [0.0, 0.0, 0.0, 1.0]]","[0.0, 0.0, 0.0]","[-2.889706608342312e-07, 4.174072475733027e-06, 3.3754880853244234e-07]",4.197656998092708e-06,"[0.0, 0.0, 0.0]","[7.806709537106738e-09, 6.703315902076843e-10, 5.192198399570773e-09]",1.2074182697257333e-06,1.0162296753802177e-06,1.0458697145228606e-06,1.7116728304782947e-06,1.920552479796879e-06,,,,,0.000310434028506279,,0.016451280564069748,3072
public_sf_003,1,public_sf_003_f001,direct,identity,clean,artificial,CAMERA_LOCAL,CURRENT_FIXED_SINGLE_FRAME,CAMERA_LOCAL,OUTPUT,,TARGET_POINTS_PRESENT,UNIQUE_COMPARABLE,full asymmetric surface points define the injected rigid recovery,COMPARABLE_OUTPUT,True,"[[1.0, 0.0, 0.0, 0.0], [0.0, 1.0, 0.0, 0.0], [0.0, 0.0, 1.0, 0.0], [0.0, 0.0, 0.0, 1.0]]","[[1.0, 0.0, 0.0, 0.0], [0.0, 1.0, 0.0, 0.0], [0.0, 0.0, 1.0, 0.0], [0.0, 0.0, 0.0, 1.0]]","[0.0, 0.0, 0.0]","[0.0, 0.0, 0.0]",0.0,"[0.0, 0.0, 0.0]","[0.0, 0.0, 0.0]",0.0,0.0,0.0,0.0,0.0,,,,,0.000310434028506279,,0.015757521614432335,0
public_sf_004,0,public_sf_004_f000,direct,identity,clean,taco,CAMERA_LOCAL,CURRENT_FIXED_SINGLE_FRAME,WORLD_FIXED,OUTPUT,,TARGET_POINTS_PRESENT,UNIQUE_COMPARABLE,full asymmetric surface points define the injected rigid recovery,COMPARABLE_OUTPUT,True,"[[1.0, 9.006308152311891e-18, -8.984224121176151e-18, 0.0], [9.006308152311891e-18, 1.0, 5.538840873439757e-18, 0.0], [-8.984224121176151e-18, 5.538840873439757e-18, 1.0, 0.0], [0.0, 0.0, 0.0, 1.0]]","[[1.0, -4.238685231721154e-12, 7.181044926625448e-12, 1.2112649261602723e-12], [4.2386852317677204e-12, 1.0, -6.484506874113699e-12, 1.3268937821168033e-12], [-7.181044926597962e-12, 6.484506874144137e-12, 1.0, 1.2770767258537326e-12], [0.0, 0.0, 0.0, 1.0]]","[0.0, 0.0, 0.0]","[1.2112649261602723e-09, 1.3268937821168032e-09, 1.2770767258537326e-09]",2.204253795297532e-09,"[0.0, 0.0, 0.0]","[6.484506874128918e-12, 7.181044926611705e-12, 4.238685231744437e-12]",0.0,8.45025692402396e-09,8.356441824648365e-09,9.69206757170723e-09,9.835142390682642e-09,,,,,0.0014539267867803574,,0.14450399577617645,3508
public_sf_004,0,public_sf_004_f000,direct,identity,clean,taco,CAMERA_LOCAL,CURRENT_FIXED_SINGLE_FRAME,CAMERA_LOCAL,OUTPUT,,TARGET_POINTS_PRESENT,UNIQUE_COMPARABLE,full asymmetric surface points define the injected rigid recovery,COMPARABLE_OUTPUT,True,"[[1.0, 0.0, 0.0, 0.0], [0.0, 1.0, 0.0, 0.0], [0.0, 0.0, 1.0, 0.0], [0.0, 0.0, 0.0, 1.0]]","[[1.0, -2.3138917963886592e-09, 1.1129681220637931e-09, -1.106797321069549e-09], [2.313891802253316e-09, 1.0, -5.269384250462262e-09, 4.728359024811405e-09], [-1.1129681098710082e-09, 5.26938425303755e-09, 1.0, 5.831588898849565e-10], [0.0, 0.0, 0.0, 1.0]]","[0.0, 0.0, 0.0]","[-1.106797321069549e-06, 4.728359024811406e-06, 5.831588898849566e-07]",4.891058542717931e-06,"[0.0, 0.0, 0.0]","[5.269384251749906e-09, 1.1129681159674007e-09, 2.3138917993209876e-09]",0.0,5.91327260877943e-07,6.031205122009749e-07,9.780938889581567e-07,1.0146435035699087e-06,,,,,0.0014539267867803574,,0.14195837266743183,0
public_sf_004,1,public_sf_004_f001,direct,identity,clean,taco,CAMERA_LOCAL,CURRENT_FIXED_SINGLE_FRAME,WORLD_FIXED,OUTPUT,,TARGET_POINTS_PRESENT,UNIQUE_COMPARABLE,full asymmetric surface points define the injected rigid recovery,COMPARABLE_OUTPUT,True,"[[1.0, 2.0536302293284907e-17, 1.5415084316630524e-18, 0.0], [2.0536302293284907e-17, 1.0, -1.8715393627765278e-17, 0.0], [1.5415084316630524e-18, -1.8715393627765278e-17, 1.0, 0.0], [0.0, 0.0, 0.0, 1.0]]","[[1.0, -2.387199452370253e-09, 2.4851916093524914e-09, -2.024934065729267e-09], [2.38719946588988e-09, 1.0, -5.440074367886875e-09, 4.083420151357399e-09], [-2.4851915963659485e-09, 5.4400743738195235e-09, 1.0, 7.051160165882741e-10], [0.0, 0.0, 0.0, 1.0]]","[0.0, 0.0, 0.0]","[-2.024934065729267e-06, 4.083420151357399e-06, 7.051160165882741e-07]",4.612143395419516e-06,"[0.0, 0.0, 0.0]","[5.440074370853199e-09, 2.48519160285922e-09, 2.3871994591300664e-09]",0.0,5.858306858996219e-07,6.115988766509994e-07,9.350645863185616e-07,1.2346274566354971e-06,,,,,0.0012919120490550995,,0.2812154535204172,4096
public_sf_004,1,public_sf_004_f001,direct,identity,clean,taco,CAMERA_LOCAL,CURRENT_FIXED_SINGLE_FRAME,CAMERA_LOCAL,OUTPUT,,TARGET_POINTS_PRESENT,UNIQUE_COMPARABLE,full asymmetric surface points define the injected rigid recovery,COMPARABLE_OUTPUT,True,"[[1.0, 0.0, 0.0, 0.0], [0.0, 1.0, 0.0, 0.0], [0.0, 0.0, 1.0, 0.0], [0.0, 0.0, 0.0, 1.0]]","[[1.0, -2.669810540863006e-09, 9.249984825784157e-10, -9.125693524807046e-10], [2.6698105459475174e-09, 1.0, -5.496777628016742e-09, 4.8657127822825695e-09], [-9.249984679030608e-10, 5.496777630486313e-09, 1.0, 4.927587987695782e-10], [0.0, 0.0, 0.0, 1.0]]","[0.0, 0.0, 0.0]","[-9.125693524807046e-07, 4.865712782282569e-06, 4.927587987695783e-07]",4.975013058929582e-06,"[0.0, 0.0, 0.0]","[5.496777629251527e-09, 9.249984752407382e-10, 2.6698105434052617e-09]",0.0,5.696266531275494e-07,5.946932709783862e-07,8.824622236027967e-07,1.2188335270762896e-06,,,,,0.0012919120490550995,,0.19217567518353462,0
public_sf_005,0,public_sf_005_f000,direct,translation,clean,artificial,WORLD_FIXED,CURRENT_FIXED_SINGLE_FRAME,WORLD_FIXED,OUTPUT,,TARGET_POINTS_PRESENT,UNIQUE_COMPARABLE,full asymmetric surface points define the injected rigid recovery,COMPARABLE_OUTPUT,True,"[[1.0, 0.0, 0.0, -0.001787129360676402], [0.0, 1.0, 0.0, -0.0022447699249147053], [0.0, 0.0, 1.0, 0.005800499030678125], [0.0, 0.0, 0.0, 1.0]]","[[0.9999999993139388, 2.2842429816753155e-05, -2.916068873398494e-05, -0.0017660528067739887], [-2.2841647367626695e-05, 0.9999999993791413, 2.683237774118075e-05, -0.002260475536358716], [2.916130163258564e-05, -2.683171164460304e-05, 0.9999999992148388, 0.005795629653015794], [0.0, 0.0, 0.0, 1.0]]","[-1.787129360676402, -2.2447699249147055, 5.800499030678124]","[-1.7660528067739887, -2.260475536358716, 5.795629653015794]",0.02673196951311265,"[0.0, 0.0, 0.0]","[-2.6832044702247695e-05, -2.916099519345315e-05, -2.284203860015449e-05]",0.002620667351479696,0.004065218311452647,0.0039988122710083885,0.007510147425368783,0.008164461881171892,,,,,0.00038196146488189697,,0.0852553304284811,3072
public_sf_005,0,public_sf_005_f000,direct,translation,clean,artificial,WORLD_FIXED,CURRENT_FIXED_SINGLE_FRAME,CAMERA_LOCAL,OUTPUT,,TARGET_POINTS_PRESENT,UNIQUE_COMPARABLE,full asymmetric surface points define the injected rigid recovery,COMPARABLE_OUTPUT,True,"[[1.0, -1.090611582018608e-17, 1.803449221078146e-17, -0.0017625767229011227], [-1.090611582018608e-17, 1.0, -1.9873338959925143e-17, -0.0021037723857111005], [1.803449221078146e-17, -1.9873338959925143e-17, 0.9999999999999999, 0.005860552654613521], [0.0, 0.0, 0.0, 1.0]]","[[0.9999999993240362, 9.842394219117065e-06, -3.542675719647922e-05, -0.0017333418683590032], [-9.841125527873211e-06, 0.9999999993103386, 3.581166351587934e-05, -0.0021317283655337073], [3.542710964455671e-05, -3.5811314852507334e-05, 0.9999999987312348, 0.005854940510832455], [0.0, 0.0, 0.0, 1.0]]","[-1.7625767229011227, -2.1037723857111006, 5.860552654613521]","[-1.7333418683590032, -2.131728365533707, 5.854940510832455]",0.04083760137128829,"[0.0, 0.0, 0.0]","[-3.581148919991691e-05, -3.5426933436072695e-05, -9.84175987781631e-06]",0.0029407811563698922,0.004806578110113929,0.004611816958385043,0.008514239567287198,0.0092196656939476,,,,,0.00038196146488189697,,0.14602075517177582,0
public_sf_005,1,public_sf_005_f001,direct,translation,clean,artificial,WORLD_FIXED,CURRENT_FIXED_SINGLE_FRAME,WORLD_FIXED,OUTPUT,,TARGET_POINTS_PRESENT,UNIQUE_COMPARABLE,full asymmetric surface points define the injected rigid recovery,COMPARABLE_OUTPUT,True,"[[1.0, 0.0, 0.0, -0.001787129360676402], [0.0, 1.0, 0.0, -0.0022447699249147053], [0.0, 0.0, 1.0, 0.005800499030678125], [0.0, 0.0, 0.0, 1.0]]","[[0.9999999991966935, 2.7565982863915622e-05, -2.9098615173590638e-05, -0.0017664730227513643], [-2.756690997273089e-05, 0.9999999991124708, -3.186100543537424e-05, -0.00221531639308614], [2.909773686783491e-05, 3.186180756868492e-05, 0.9999999990690733, 0.005793245251288627], [0.0, 0.0, 0.0, 1.0]]","[-1.787129360676402, -2.2447699249147055, 5.800499030678124]","[-1.7664730227513643, -2.21531639308614, 5.793245251288627]",0.0366989393454519,"[0.0, 0.0, 0.0]","[3.186140651595176e-05, -2.909817603342753e-05, -2.756644643036871e-05]",0.0029337242771919373,0.004221599560926775,0.004415681331464516,0.007197900086559313,0.0078785190797597,,,,,0.0002927985042333603,,0.1207720935344696,3072
public_sf_005,1,public_sf_005_f001,direct,translation,clean,artificial,WORLD_FIXED,CURRENT_FIXED_SINGLE_FRAME,CAMERA_LOCAL,OUTPUT,,TARGET_POINTS_PRESENT,UNIQUE_COMPARABLE,full asymmetric surface points define the injected rigid recovery,COMPARABLE_OUTPUT,True,"[[1.0, 3.646001632404555e-19, -3.53607390856834e-19, -0.0017906155632838872], [3.646001632404555e-19, 1.0, 3.2020645199506086e-18, -0.002472863001376245], [-3.53607390856834e-19, 3.2020645199506086e-18, 1.0, 0.005705896673919103], [0.0, 0.0, 0.0, 1.0]]","[[0.9999999991748761, 1.9864053343399855e-05, -3.5435393787254475e-05, -0.001760588797248676], [-1.9862934391307774e-05, 0.9999999993041684, 3.1577316909386245e-05, -0.0024957917234091367], [3.5436021016104944e-05, -3.157661303242912e-05, 0.9999999988736029, 0.005698895917051201], [0.0, 0.0, 0.0, 1.0]]","[-1.7906155632838872, -2.472863001376245, 5.705896673919103]","[-1.760588797248676, -2.4957917234091367, 5.6988959170512015]",0.03842321654050315,"[0.0, 0.0, 0.0]","[-3.157696498484024e-05, -3.543570741731485e-05, -1.9863493876118095e-05]",0.0029480070886298768,0.0043934042126344275,0.004701910876352543,0.007723263751554926,0.00903525911906407,,,,,0.0002927985042333603,,0.10987710393965244,0
public_sf_006,0,public_sf_006_f000,direct,translation,clean,taco,WORLD_FIXED,CURRENT_FIXED_SINGLE_FRAME,WORLD_FIXED,NUMERICAL_FAILURE,"calibration fit failed or reached the numerical safety boundary: success=False, translation=0.008642290232628295, rotation_deg=0.0008149203889623882",TARGET_POINTS_PRESENT,UNIQUE_COMPARABLE,full asymmetric surface points define the injected rigid recovery,STOPPED_OR_FAILED,False,"[[1.0, 0.0, 0.0, -0.00044459737486033307], [0.0, 1.0, 0.0, 0.0070617711503909745], [0.0, 0.0, 1.0, -0.004976929023001777], [0.0, 0.0, 0.0, 1.0]]",,"[-0.44459737486033307, 7.061771150390975, -4.9769290230017775]",,,"[0.0, 0.0, 0.0]",,,,,,,,,,,0.0014968905597925186,,3.4865692704916,1184
public_sf_006,0,public_sf_006_f000,direct,translation,clean,taco,WORLD_FIXED,CURRENT_FIXED_SINGLE_FRAME,CAMERA_LOCAL,NUMERICAL_FAILURE,"calibration fit failed or reached the numerical safety boundary: success=False, translation=0.008641931723065835, rotation_deg=0.0007636006362530325",TARGET_POINTS_PRESENT,UNIQUE_COMPARABLE,full asymmetric surface points define the injected rigid recovery,STOPPED_OR_FAILED,False,"[[0.9999999999999999, -1.826084715076968e-17, -4.743565766273242e-17, -0.000653326722693766], [-1.826084715076968e-17, 0.9999999999999999, 2.231597203442914e-17, 0.00696861653034541], [-4.743565766273242e-17, 2.231597203442914e-17, 0.9999999999999999, -0.005084058315227638], [0.0, 0.0, 0.0, 1.0]]",,"[-0.653326722693766, 6.96861653034541, -5.084058315227638]",,,"[0.0, 0.0, 0.0]",,,,,,,,,,,0.0014968905597925186,,3.3323396798223257,0
public_sf_006,1,public_sf_006_f001,direct,translation,clean,taco,WORLD_FIXED,CURRENT_FIXED_SINGLE_FRAME,WORLD_FIXED,NUMERICAL_FAILURE,"calibration fit failed or reached the numerical safety boundary: success=False, translation=0.008642333650431017, rotation_deg=0.0008014689283088125",TARGET_POINTS_PRESENT,UNIQUE_COMPARABLE,full asymmetric surface points define the injected rigid recovery,STOPPED_OR_FAILED,False,"[[1.0, 0.0, 0.0, -0.00044459737486033307], [0.0, 1.0, 0.0, 0.0070617711503909745], [0.0, 0.0, 1.0, -0.004976929023001777], [0.0, 0.0, 0.0, 1.0]]",,"[-0.44459737486033307, 7.061771150390975, -4.9769290230017775]",,,"[0.0, 0.0, 0.0]",,,,,,,,,,,0.001347055658698082,,3.4888214133679867,4096
public_sf_006,1,public_sf_006_f001,direct,translation,clean,taco,WORLD_FIXED,CURRENT_FIXED_SINGLE_FRAME,CAMERA_LOCAL,NUMERICAL_FAILURE,"calibration fit failed or reached the numerical safety boundary: success=False, translation=0.00864090956598385, rotation_deg=0.0008112856698617146",TARGET_POINTS_PRESENT,UNIQUE_COMPARABLE,full asymmetric surface points define the injected rigid recovery,STOPPED_OR_FAILED,False,"[[1.0, 3.514269917736791e-18, -1.1940771097178475e-17, -0.0004805843861083346], [3.514269917736791e-18, 0.9999999999999999, 3.352844495234529e-17, 0.00706001982117626], [-1.1940771097178475e-17, 3.352844495234529e-17, 1.0000000000000002, -0.0049760687172357015], [0.0, 0.0, 0.0, 1.0]]",,"[-0.4805843861083346, 7.06001982117626, -4.976068717235702]",,,"[0.0, 0.0, 0.0]",,,,,,,,,,,0.001347055658698082,,3.3744742646813393,0
public_sf_007,0,public_sf_007_f000,direct,translation,clean,artificial,CAMERA_LOCAL,CURRENT_FIXED_SINGLE_FRAME,WORLD_FIXED,OUTPUT,,TARGET_POINTS_PRESENT,UNIQUE_COMPARABLE,full asymmetric surface points define the injected rigid recovery,COMPARABLE_OUTPUT,True,"[[1.0, 3.8905038217655126e-18, 4.521653943574636e-17, 0.0024991178049834986], [3.8905038217655126e-18, 1.0, -4.5234702793681946e-18, 0.011882531068917582], [4.521653943574636e-17, -4.5234702793681946e-18, 1.0, 0.0019529912039692732], [0.0, 0.0, 0.0, 1.0]]","[[0.9999999986292629, -3.408931810620965e-05, -3.9741574830983416e-05, 0.0025329988920923105], [3.409023144619992e-05, 0.9999999991548528, 2.2981526924638002e-05, 0.011853761591185445], [3.9740791372814036e-05, -2.298288169262039e-05, 0.9999999989462285, 0.0019416984517496886], [0.0, 0.0, 0.0, 1.0]]","[2.4991178049834986, 11.882531068917581, 1.9529912039692732]","[2.5329988920923103, 11.853761591185446, 1.9416984517496887]",0.04585997345559335,"[0.0, 0.0, 0.0]","[-2.2982204321153178e-05, -3.974118312355539e-05, 3.408977479478176e-05]",0.0032762244058020576,0.005517056453702888,0.005717411516927417,0.008823111964287143,0.009692420012813669,,,,,0.0004260260611772537,,0.10505261644721031,3072
public_sf_007,0,public_sf_007_f000,direct,translation,clean,artificial,CAMERA_LOCAL,CURRENT_FIXED_SINGLE_FRAME,CAMERA_LOCAL,OUTPUT,,TARGET_POINTS_PRESENT,UNIQUE_COMPARABLE,full asymmetric surface points define the injected rigid recovery,COMPARABLE_OUTPUT,True,"[[1.0, 0.0, 0.0, 0.002722095098193868], [0.0, 1.0, 0.0, 0.011790384613783792], [0.0, 0.0, 1.0, 0.0021980304786781107], [0.0, 0.0, 0.0, 1.0]]","[[0.999999996764522, 5.0900146785884924e-05, 6.229069873631387e-05, 0.002664792949631996], [-5.0903215176104186e-05, 0.999999997491226, 4.925860974802086e-05, 0.011759141001987326], [-6.228819130957395e-05, -4.926178038548695e-05, 0.9999999968467291, 0.002215348213467409], [0.0, 0.0, 0.0, 1.0]]","[2.722095098193868, 11.790384613783791, 2.1980304786781106]","[2.664792949631996, 11.759141001987325, 2.2153482134674087]",0.0675248357726814,"[0.0, 0.0, 0.0]","[-4.926019513980286e-05, 6.22894451153142e-05, -5.090168105647769e-05]",0.005404520709706419,0.009066168466091994,0.009899139520774735,0.014617090328200882,0.015546743352043778,,,,,0.0004260260611772537,,0.09808295965194702,0
public_sf_007,1,public_sf_007_f001,direct,translation,clean,artificial,CAMERA_LOCAL,CURRENT_FIXED_SINGLE_FRAME,WORLD_FIXED,OUTPUT,,TARGET_POINTS_PRESENT,UNIQUE_COMPARABLE,full asymmetric surface points define the injected rigid recovery,COMPARABLE_OUTPUT,True,"[[0.9999999999999999, 1.887790650037257e-17, 1.783456328367187e-17, 0.0030381398447366717], [1.887790650037257e-17, 1.0, 2.8248353331195875e-17, 0.01173870881059793], [1.783456328367187e-17, 2.8248353331195875e-17, 1.0, 0.002055901455219236], [0.0, 0.0, 0.0, 1.0]]","[[0.9999999985041454, 3.587197638108563e-05, 4.129056065095485e-05, 0.003002948224284348], [-3.587336836992948e-05, 0.9999999987883085, 3.371178851392912e-05, 0.011719126210300222], [-4.1289351292442087e-05, -3.3713269694993626e-05, 0.9999999985793026, 0.0020663853587074453], [0.0, 0.0, 0.0, 1.0]]","[3.038139844736672, 11.73870881059793, 2.055901455219236]","[3.002948224284348, 11.719126210300221, 2.0663853587074454]",0.041615389182732346,"[0.0, 0.0, 0.0]","[-3.371252912765696e-05, 4.128995600010763e-05, -3.587267240018941e-05]",0.0036813345490843744,0.005725075829357435,0.005803244854320399,0.00994266589095252,0.010712845703119768,,,,,0.000372396782040596,,0.1544101033359766,3072
public_sf_007,1,public_sf_007_f001,direct,translation,clean,artificial,CAMERA_LOCAL,CURRENT_FIXED_SINGLE_FRAME,CAMERA_LOCAL,OUTPUT,,TARGET_POINTS_PRESENT,UNIQUE_COMPARABLE,full asymmetric surface points define the injected rigid recovery,COMPARABLE_OUTPUT,True,"[[1.0, 0.0, 0.0, 0.002722095098193868], [0.0, 1.0, 0.0, 0.011790384613783792], [0.0, 0.0, 1.0, 0.0021980304786781107], [0.0, 0.0, 0.0, 1.0]]","[[0.9999999982160527, 4.4352647509471874e-05, 4.00092175889499e-05, 0.00268554816045752], [-4.435438315802891e-05, 0.9999999980753727, 4.33813730451255e-05, 0.011763348516730006], [-4.000729343319991e-05, -4.338314755190221e-05, 0.9999999982586595, 0.002209521769927119], [0.0, 0.0, 0.0, 1.0]]","[2.722095098193868, 11.790384613783791, 2.1980304786781106]","[2.68554816045752, 11.763348516730005, 2.209521769927119]",0.046890073324487073,"[0.0, 0.0, 0.0]","[-4.33822603379188e-05, 4.000825554741518e-05, -4.435351537403754e-05]",0.004229777321221195,0.006400235187847414,0.0060828151923537025,0.011534948820423224,0.012097392056193835,,,,,0.000372396782040596,,0.10381014458835125,0
public_sf_008,0,public_sf_008_f000,direct,translation,clean,taco,CAMERA_LOCAL,CURRENT_FIXED_SINGLE_FRAME,WORLD_FIXED,NUMERICAL_FAILURE,"calibration fit failed or reached the numerical safety boundary: success=False, translation=0.006184954557738919, rotation_deg=0.0007067940169625224",TARGET_POINTS_PRESENT,UNIQUE_COMPARABLE,full asymmetric surface points define the injected rigid recovery,STOPPED_OR_FAILED,False,"[[1.0, -1.1487335726139242e-17, 1.5369758854358265e-17, 0.0018691184365356855], [-1.1487335726139242e-17, 1.0000000000000002, 1.6674990285238594e-17, 0.005095337571105939], [1.5369758854358265e-17, 1.6674990285238594e-17, 1.0, -0.002981596504147463], [0.0, 0.0, 0.0, 1.0]]",,"[1.8691184365356857, 5.095337571105938, -2.981596504147463]",,,"[0.0, 0.0, 0.0]",,,,,,,,,,,0.0014447234570980072,,3.3447957411408424,4076
public_sf_008,0,public_sf_008_f000,direct,translation,clean,taco,CAMERA_LOCAL,CURRENT_FIXED_SINGLE_FRAME,CAMERA_LOCAL,NUMERICAL_FAILURE,"calibration fit failed or reached the numerical safety boundary: success=False, translation=0.006183332651989079, rotation_deg=0.0007487809494370305",TARGET_POINTS_PRESENT,UNIQUE_COMPARABLE,full asymmetric surface points define the injected rigid recovery,STOPPED_OR_FAILED,False,"[[1.0, 0.0, 0.0, 0.0017481859409986871], [0.0, 1.0, 0.0, 0.005111372548055519], [0.0, 0.0, 1.0, -0.0030271608806841984], [0.0, 0.0, 0.0, 1.0]]",,"[1.748185940998687, 5.1113725480555185, -3.0271608806841983]",,,"[0.0, 0.0, 0.0]",,,,,,,,,,,0.0014447234570980072,,3.2632509488612413,0
public_sf_008,1,public_sf_008_f001,direct,translation,clean,taco,CAMERA_LOCAL,CURRENT_FIXED_SINGLE_FRAME,WORLD_FIXED,NUMERICAL_FAILURE,"calibration fit failed or reached the numerical safety boundary: success=False, translation=0.0061841734247927525, rotation_deg=0.0007707608366835059",TARGET_POINTS_PRESENT,UNIQUE_COMPARABLE,full asymmetric surface points define the injected rigid recovery,STOPPED_OR_FAILED,False,"[[1.0000000000000002, 9.345800464289882e-18, -5.1490063257863885e-18, 0.0016342309755905476], [9.345800464289882e-18, 1.0, 2.118974482569087e-18, 0.005221556862595296], [-5.1490063257863885e-18, 2.118974482569087e-18, 1.0, -0.002900106800786839], [0.0, 0.0, 0.0, 1.0]]",,"[1.6342309755905475, 5.221556862595296, -2.900106800786839]",,,"[0.0, 0.0, 0.0]",,,,,,,,,,,0.0013101212680339813,,3.520915864035487,1988
public_sf_008,1,public_sf_008_f001,direct,translation,clean,taco,CAMERA_LOCAL,CURRENT_FIXED_SINGLE_FRAME,CAMERA_LOCAL,NUMERICAL_FAILURE,"calibration fit failed or reached the numerical safety boundary: success=False, translation=0.006182728502349633, rotation_deg=0.0007919021545037796",TARGET_POINTS_PRESENT,UNIQUE_COMPARABLE,full asymmetric surface points define the injected rigid recovery,STOPPED_OR_FAILED,False,"[[1.0, 0.0, 0.0, 0.0017481859409986871], [0.0, 1.0, 0.0, 0.005111372548055519], [0.0, 0.0, 1.0, -0.0030271608806841984], [0.0, 0.0, 0.0, 1.0]]",,"[1.748185940998687, 5.1113725480555185, -3.0271608806841983]",,,"[0.0, 0.0, 0.0]",,,,,,,,,,,0.0013101212680339813,,3.3345423247665167,0
public_sf_009,0,public_sf_009_f000,direct,combined,noise,artificial,WORLD_FIXED,CURRENT_FIXED_SINGLE_FRAME,WORLD_FIXED,OUTPUT,,TARGET_POINTS_PRESENT,UNIQUE_COMPARABLE,full asymmetric surface points define the injected rigid recovery,COMPARABLE_OUTPUT,True,"[[0.999275440218153, 0.028190605484872004, -0.02557116225776597, -0.012505910803124753], [-0.02661670469231721, 0.9978475894254322, 0.05993112137425932, 0.009456336717715135], [0.02720561721664607, -0.05920707761957626, 0.9978749302150098, -0.009827637762582605], [0.0, 0.0, 0.0, 1.0]]","[[0.9991987150643765, 0.02947659449185421, -0.027075047384292877, -0.011177344137375799], [-0.027336171693586816, 0.9967113471412836, 0.07628383968407848, -0.002985516750241007], [0.02923459476096184, -0.07548258644859909, 0.9967184746016259, -0.011689123076192978], [0.0, 0.0, 0.0, 1.0]]","[-12.505910803124753, 9.456336717715136, -9.827637762582604]","[-11.1773441373758, -2.985516750241007, -11.689123076192978]",12.650293857306979,"[-0.05961881040280834, -0.026410411066551398, -0.027426523665267256]","[-0.07597657911507062, -0.02818946252084865, -0.028441334060674537]",0.9445118758759381,1.6072442965240255,1.5802615859729663,2.8059942131278834,3.0736251572631725,,,,,0.0008556153625249863,,0.061117447912693024,3072
public_sf_009,0,public_sf_009_f000,direct,combined,noise,artificial,WORLD_FIXED,CURRENT_FIXED_SINGLE_FRAME,CAMERA_LOCAL,OUTPUT,,TARGET_POINTS_PRESENT,UNIQUE_COMPARABLE,full asymmetric surface points define the injected rigid recovery,COMPARABLE_OUTPUT,True,"[[0.9992435906168338, 0.03011298722736629, -0.02460598730841563, -0.010703099674811072], [-0.028607324806015497, 0.9978238402753998, 0.059407110226777485, 0.004284561603117777], [0.026341366301324717, -0.058658262660070536, 0.9979305289663611, -0.008244246114836692], [0.0, 0.0, 0.0, 1.0]]","[[0.9991556602129227, 0.03193042798112076, -0.025853712178734018, -0.009432058089761594], [-0.029887755508795084, 0.9966695567383776, 0.07587171239382923, -0.00957330431299572], [0.028190224105615908, -0.07503494145974868, 0.9967823578018458, -0.009520274406659007], [0.0, 0.0, 0.0, 1.0]]","[-10.703099674811073, 4.284561603117777, -8.244246114836692]","[-9.432058089761593, -9.57330431299572, -9.520274406659007]",13.974413857526772,"[-0.05908194970818777, -0.025494934798713082, -0.029384657309559237]","[-0.07554642843701963, -0.027055310423369304, -0.030947230329941806]",0.9517547374675861,1.6211965442176,1.5901592310032715,2.832357561856287,3.1040277166670425,,,,,0.0008556153625249863,,0.06339109316468239,0
public_sf_009,1,public_sf_009_f001,direct,combined,noise,artificial,WORLD_FIXED,CURRENT_FIXED_SINGLE_FRAME,WORLD_FIXED,OUTPUT,,TARGET_POINTS_PRESENT,UNIQUE_COMPARABLE,full asymmetric surface points define the injected rigid recovery,COMPARABLE_OUTPUT,True,"[[0.999275440218153, 0.028190605484872004, -0.02557116225776597, -0.012505910803124753], [-0.02661670469231721, 0.9978475894254322, 0.05993112137425932, 0.009456336717715135], [0.02720561721664607, -0.05920707761957626, 0.9978749302150098, -0.009827637762582605], [0.0, 0.0, 0.0, 1.0]]","[[0.9994269892420677, 0.026198584950913685, -0.02143192294464908, -0.016084835611953043], [-0.025002216644797758, 0.9982113912184906, 0.05430384520908313, 0.01311814165183586], [0.022816273520937083, -0.05373688294100451, 0.9982944280493619, -0.007804236406977157], [0.0, 0.0, 0.0, 1.0]]","[-12.505910803124753, 9.456336717715136, -9.827637762582604]","[-16.084835611953043, 13.11814165183586, -7.804236406977157]",5.50560361891986,"[-0.05961881040280834, -0.026410411066551398, -0.027426523665267256]","[-0.054057012415450016, -0.022139107600040016, -0.025617768548315004]",0.41494048990925325,0.9159244708298389,0.8975374193203265,1.5437430592896193,1.6804369577035008,,,,,0.0003172140568494797,,0.0737621933221817,3072
public_sf_009,1,public_sf_009_f001,direct,combined,noise,artificial,WORLD_FIXED,CURRENT_FIXED_SINGLE_FRAME,CAMERA_LOCAL,OUTPUT,,TARGET_POINTS_PRESENT,UNIQUE_COMPARABLE,full asymmetric surface points define the injected rigid recovery,COMPARABLE_OUTPUT,True,"[[0.9992370649496449, 0.030073053388462664, -0.024917854857783233, -0.011220224014967223], [-0.02855198935008532, 0.9978317651184223, 0.05930052634510561, 0.004888780098121302], [0.026647174990446786, -0.05854382956852602, 0.9979291297905276, -0.007835100520390367], [0.0, 0.0, 0.0, 1.0]]","[[0.9993949832311908, 0.02783823962973256, -0.020849458185896414, -0.01509372911160923], [-0.02668155848723352, 0.9981930742771203, 0.053839399159756496, 0.008778627386535974], [0.022310578858922337, -0.05325052938242811, 0.9983319183475359, -0.005934964350321183], [0.0, 0.0, 0.0, 1.0]]","[-11.220224014967222, 4.888780098121302, -7.835100520390367]","[-15.09372911160923, 8.778627386535973, -5.934964350321183]",5.809085222795735,"[-0.058971349001334106, -0.02580403064592109, -0.02933698291063535]","[-0.053581404799644336, -0.021594705006784225, -0.02727845103892581]",0.40919760318715237,0.9049619574785543,0.8847603636763399,1.5265238373999388,1.6583256512170952,,,,,0.0003172140568494797,,0.0633333083242178,0
public_sf_010,0,public_sf_010_f000,direct,combined,random_missing,artificial,WORLD_FIXED,CURRENT_FIXED_SINGLE_FRAME,WORLD_FIXED,OUTPUT,,TARGET_POINTS_PRESENT,UNIQUE_COMPARABLE,full asymmetric surface points define the injected rigid recovery,COMPARABLE_OUTPUT,True,"[[0.9975657611066476, -0.05411691680092928, 0.04397626159277387, 0.0027596723371310396], [0.054961951363386066, 0.9983218630208758, -0.018238468051252177, 0.004723216453531947], [-0.042915453743885355, 0.020611092413772257, 0.9988660804629754, -0.001352726186693384], [0.0, 0.0, 0.0, 1.0]]","[[0.9975658056464609, -0.054116600681365666, 0.043975640252542754, 0.0027601892519187763], [0.05496164156810516, 0.9983218718292435, -0.018238919471690394, 0.004723642457088267], [-0.04291481516989885, 0.020611495774185945, 0.9988660995753557, -0.0013528516433627105], [0.0, 0.0, 0.0, 1.0]]","[2.7596723371310397, 4.723216453531947, -1.352726186693384]","[2.7601892519187765, 4.723642457088267, -1.3528516433627105]",0.0006814831646170878,"[0.019441782763137287, 0.04348388587336958, 0.054587172506333194]","[0.019442210292571822, 0.04348325483907814, 0.05458685861493854]",4.722842452849106e-05,7.311384445146606e-05,7.229123637360803e-05,0.00013069779662429936,0.00014068875807334323,,,,,0.0003825817257165909,,0.05234094709157944,3072
public_sf_010,0,public_sf_010_f000,direct,combined,random_missing,artificial,WORLD_FIXED,CURRENT_FIXED_SINGLE_FRAME,CAMERA_LOCAL,OUTPUT,,TARGET_POINTS_PRESENT,UNIQUE_COMPARABLE,full asymmetric surface points define the injected rigid recovery,COMPARABLE_OUTPUT,True,"[[0.9975327185438355, -0.05580749525700155, 0.04259106605480543, -0.001890685015245662], [0.05655120656485797, 0.9982640015569578, -0.01646038369993617, 0.005230185215091339], [-0.041598515245184146, 0.0188283474747548, 0.9989569844897056, -3.151186855578081e-05], [0.0, 0.0, 0.0, 1.0]]","[[0.9975331090198298, -0.0558053823734816, 0.04258468864958455, -0.0018848148924620813], [0.056548931814203014, 0.9982641462708017, -0.0164594222529295, 0.005229676799688826], [-0.041592243506514096, 0.01882693730740936, 0.9989572722152424, -3.2810480845196084e-05], [0.0, 0.0, 0.0, 1.0]]","[-1.890685015245662, 5.230185215091339, -0.03151186855578081]","[-1.8848148924620813, 5.229676799688827, -0.03281048084519608]",0.006033508232698876,"[0.017659809719153815, 0.042131636264648616, 0.056228524756035146]","[0.017658620449145984, 0.042125300372124384, 0.05622632129766144]",0.000390311845888496,0.0006487121560214703,0.0006342061894558511,0.0010748581404303004,0.0013287427416852945,,,,,0.0003825817257165909,,0.053909847512841225,0
public_sf_010,1,public_sf_010_f001,direct,combined,random_missing,artificial,WORLD_FIXED,CURRENT_FIXED_SINGLE_FRAME,WORLD_FIXED,OUTPUT,,TARGET_POINTS_PRESENT,UNIQUE_COMPARABLE,full asymmetric surface points define the injected rigid recovery,COMPARABLE_OUTPUT,True,"[[0.9975657611066476, -0.05411691680092928, 0.04397626159277387, 0.0027596723371310396], [0.054961951363386066, 0.9983218630208758, -0.018238468051252177, 0.004723216453531947], [-0.042915453743885355, 0.020611092413772257, 0.9988660804629754, -0.001352726186693384], [0.0, 0.0, 0.0, 1.0]]","[[0.9975657580843313, -0.054116838711319455, 0.043976426247780816, 0.00275953849606781], [0.05496186279908948, 0.9983218737713024, -0.01823814649052769, 0.0047229622251945885], [-0.042915637421428725, 0.02061077673570115, 0.9988660790852113, -0.0013527016872726225], [0.0, 0.0, 0.0, 1.0]]","[2.7596723371310397, 4.723216453531947, -1.352726186693384]","[2.75953849606781, 4.722962225194588, -1.3527016872726225]",0.0002883499598407303,"[0.019441782763137287, 0.04348388587336958, 0.054587172506333194]","[0.019441463844249704, 0.0434840601460131, 0.05458708904859851]",2.1361409804484527e-05,3.6679791325303196e-05,3.5386620592500704e-05,5.920615909478191e-05,6.452216746198437e-05,,,,,0.0003033056855201721,,0.057453252375125885,3072
public_sf_010,1,public_sf_010_f001,direct,combined,random_missing,artificial,WORLD_FIXED,CURRENT_FIXED_SINGLE_FRAME,CAMERA_LOCAL,OUTPUT,,TARGET_POINTS_PRESENT,UNIQUE_COMPARABLE,full asymmetric surface points define the injected rigid recovery,COMPARABLE_OUTPUT,True,"[[0.9975936392956581, -0.05460069512356246, 0.04272815147965492, -0.0018561723374720882], [0.05547903592069351, 0.998266530359952, -0.01964716102681319, 0.005127914018977333], [-0.04158133487702092, 0.02197039952133109, 0.9988935349348887, 0.00013612100045322373], [0.0, 0.0, 0.0, 1.0]]","[[0.9976227508095074, -0.05446021277204516, 0.042224782913534556, -0.0014092701808277662], [0.055322694393484986, 0.9982774472447044, -0.01953299279786564, 0.005060784890533999], [-0.0410882775535385, 0.021822546767505738, 0.9989171786991469, -9.750338791199391e-08], [0.0, 0.0, 0.0, 1.0]]","[-1.8561723374720882, 5.127914018977332, 0.13612100045322373]","[-1.4092701808277661, 5.0607848905339985, -9.750338791199391e-05]",0.4719992990329808,"[0.02082699422139331, 0.04219164126950304, 0.055088041974470724]","[0.020695649164873153, 0.0416925492545662, 0.054938916403356755]",0.030777059381176104,0.05241350435199495,0.05156088189783823,0.08819417080432983,0.10774451187040056,,,,,0.0003033056855201721,,0.05217544175684452,0
public_sf_011,0,public_sf_011_f000,direct,combined,local_missing,artificial,WORLD_FIXED,CURRENT_FIXED_SINGLE_FRAME,WORLD_FIXED,OUTPUT,,TARGET_POINTS_PRESENT,UNIQUE_COMPARABLE,full asymmetric surface points define the injected rigid recovery,COMPARABLE_OUTPUT,True,"[[0.9997124173749586, -0.020322561913565917, 0.012730908199564519, -0.0060310220728591055], [0.020087617041653256, 0.9996303929216787, 0.018318438493446824, -0.002685012795454726], [-0.013098480366223431, -0.018057436820312918, 0.9997511484302362, -0.009870136794634653], [0.0, 0.0, 0.0, 1.0]]","[[0.9997124175173413, -0.02032255174159761, 0.012730913256448184, -0.006031024947288213], [0.020087606532047143, 0.9996303927871947, 0.018318457356796436, -0.002685026682490542], [-0.013098485616542746, -0.018057455713062137, 0.9997511480202081, -0.009870136944543148], [0.0, 0.0, 0.0, 1.0]]","[-6.0310220728591055, -2.685012795454726, -9.870136794634654]","[-6.031024947288214, -2.685026682490542, -9.870136944543148]",1.4182192320232743e-05,"[-0.018190684658364025, 0.012916644844031348, 0.020208141138101807]","[-0.018190703540484097, 0.012916649999277087, 0.02020813079710745]",0.0,2.1534309063802035e-06,2.21826438038372e-06,3.878261003796421e-06,4.322706392117603e-06,,,,,0.00040696747601032257,,0.05860587954521179,3072
public_sf_011,0,public_sf_011_f000,direct,combined,local_missing,artificial,WORLD_FIXED,CURRENT_FIXED_SINGLE_FRAME,CAMERA_LOCAL,OUTPUT,,TARGET_POINTS_PRESENT,UNIQUE_COMPARABLE,full asymmetric surface points define the injected rigid recovery,COMPARABLE_OUTPUT,True,"[[0.9997001752385818, -0.02119949991131797, 0.012253196785270317, -0.008098158271368193], [0.020981763322822363, 0.9996243463648735, 0.017633257284600426, -0.004540916904139845], [-0.012622410063597139, -0.017370876722545513, 0.999769437123418, -0.009941226212652393], [0.0, 0.0, 0.0, 1.0]]","[[0.9997001747001343, -0.021199499361531045, 0.012253241666670472, -0.008098200403531729], [0.020981761714847183, 0.9996243460095379, 0.017633279341782382, -0.0045409370422000985], [-0.012622455381690103, -0.017370897841631594, 0.99976943618432, -0.009941218238923964], [0.0, 0.0, 0.0, 1.0]]","[-8.098158271368193, -4.540916904139845, -9.941226212652394]","[-8.09820040353173, -4.540937042200099, -9.941218238923964]",4.737342102941908e-05,"[-0.01750471041509887, 0.012439681958718984, 0.021093817024753367]","[-0.017504732011841915, 0.012439727069078043, 0.02109381595215447]",2.6998693283819165e-06,4.359058216599819e-06,4.266461587968539e-06,7.743748578328336e-06,9.29366214522856e-06,,,,,0.00040696747601032257,,0.05567317083477974,0
public_sf_011,1,public_sf_011_f001,direct,combined,local_missing,artificial,WORLD_FIXED,CURRENT_FIXED_SINGLE_FRAME,WORLD_FIXED,OUTPUT,,TARGET_POINTS_PRESENT,UNIQUE_COMPARABLE,full asymmetric surface points define the injected rigid recovery,COMPARABLE_OUTPUT,True,"[[0.9997124173749586, -0.020322561913565917, 0.012730908199564519, -0.0060310220728591055], [0.020087617041653256, 0.9996303929216787, 0.018318438493446824, -0.002685012795454726], [-0.013098480366223431, -0.018057436820312918, 0.9997511484302362, -0.009870136794634653], [0.0, 0.0, 0.0, 1.0]]","[[0.9997124181666786, -0.020322484730560746, 0.012730969236801948, -0.006031067898466413], [0.020087538340528864, 0.9996303939128066, 0.018318470709779242, -0.002685025038926358], [-0.013098540634362867, -0.018057468817732524, 0.9997511470626812, -0.009870127340454409], [0.0, 0.0, 0.0, 1.0]]","[-6.0310220728591055, -2.685012795454726, -9.870136794634654]","[-6.031067898466413, -2.685025038926358, -9.87012734045441]",4.836600465983236e-05,"[-0.018190684658364025, 0.012916644844031348, 0.020208141138101807]","[-0.01819071676882993, 0.01291670550498619, 0.020208063182866096]",5.915117333884394e-06,9.120839766847817e-06,9.453715964262758e-06,1.5080568962757052e-05,1.9380890747801705e-05,,,,,0.00036920420825481415,,0.04462451487779617,6144
public_sf_011,1,public_sf_011_f001,direct,combined,local_missing,artificial,WORLD_FIXED,CURRENT_FIXED_SINGLE_FRAME,CAMERA_LOCAL,OUTPUT,,TARGET_POINTS_PRESENT,UNIQUE_COMPARABLE,full asymmetric surface points define the injected rigid recovery,COMPARABLE_OUTPUT,True,"[[0.9997239793131655, -0.01987514346237297, 0.012527723600046708, -0.007346210925587057], [0.01963591156364795, 0.9996278154052763, 0.018938364373392223, -0.005182783205533302], [-0.012899463683179707, -0.018687143720346074, 0.9997421640084313, -0.009957816747974801], [0.0, 0.0, 0.0, 1.0]]","[[0.9997239771553581, -0.01987528443205869, 0.012527672146806905, -0.007346180147296273], [0.019636053827614987, 0.9996278131190358, 0.018938337544071752, -0.005182783525303029], [-0.012899414356943603, -0.018687116085660635, 0.9997421651614226, -0.009957824108827174], [0.0, 0.0, 0.0, 1.0]]","[-7.346210925587057, -5.182783205533302, -9.957816747974801]","[-7.346180147296273, -5.182783525303029, -9.957824108827174]",3.164786855241307e-05,"[-0.018815595417026817, 0.012715513829666483, 0.01975851127424949]","[-0.018815568191233596, 0.01271546343929398, 0.01975865292330496]",8.790137685928292e-06,1.5304700617317635e-05,1.4665277849451538e-05,2.5815601716809336e-05,3.1949639269187155e-05,,,,,0.00036920420825481415,,0.06074930913746357,0
public_sf_012,0,public_sf_012_f000,direct,combined,outliers,artificial,WORLD_FIXED,CURRENT_FIXED_SINGLE_FRAME,WORLD_FIXED,OUTPUT,,TARGET_POINTS_PRESENT,UNIQUE_COMPARABLE,full asymmetric surface points define the injected rigid recovery,COMPARABLE_OUTPUT,True,"[[0.9985532635544723, 0.03396516154546404, 0.04168630045834215, 0.01575025084518706], [-0.03462164410897643, 0.9992859821343875, 0.015128372976103832, 0.0003658800615592353], [-0.0411426980630102, -0.01654973446624635, 0.9990162084196595, -0.00017874716616300053], [0.0, 0.0, 0.0, 1.0]]","[[0.9986848452083987, 0.04293263076238164, 0.02802443874366517, 0.025949481026466763], [-0.04427864672504973, 0.9978010060384438, 0.04932092652077332, -0.024426002487082814], [-0.025845336044916935, -0.05049694609073186, 0.9983897420547924, -0.0007817225654640825], [0.0, 0.0, 0.0, 1.0]]","[15.75025084518706, 0.3658800615592353, -0.17874716616300054]","[25.949481026466763, -24.426002487082815, -0.7817225654640825]",26.814647413839907,"[-0.01584736005055395, 0.04143621788591576, -0.034311387001301555]","[-0.049951605654561096, 0.026957915216368925, -0.04364291912569327]",2.1888347923749367,3.594060306679907,3.6890177997611557,5.633776269046028,7.456913323469762,,,,,0.0004294831305742264,,0.06657647341489792,3072
public_sf_012,0,public_sf_012_f000,direct,combined,outliers,artificial,WORLD_FIXED,CURRENT_FIXED_SINGLE_FRAME,CAMERA_LOCAL,OUTPUT,,TARGET_POINTS_PRESENT,UNIQUE_COMPARABLE,full asymmetric surface points define the injected rigid recovery,COMPARABLE_OUTPUT,True,"[[0.9985816422557262, 0.032956714053157976, 0.04181577153031258, 0.011924919258213642], [-0.033685531676988185, 0.9992904994181073, 0.016845851962663493, -0.0006980644069052196], [-0.04123091928996412, -0.018230545014555344, 0.9989833124346856, -0.0002983419643865781], [0.0, 0.0, 0.0, 1.0]]","[[0.997986607527583, 0.050934548326269424, 0.03779421890163871, 0.014329777144223484], [-0.05305816509187933, 0.996934993547909, 0.057493040941607766, -0.031463855854953204], [-0.03474999730458894, -0.059382576791761336, 0.997630265810386, 0.0022148816964456773], [0.0, 0.0, 0.0, 1.0]]","[11.924919258213642, -0.6980644069052195, -0.2983419643865781]","[14.329777144223485, -31.463855854953206, 2.2148816964456772]",30.961808055183944,"[-0.01754739588486318, 0.04154512111656378, -0.03333859715530929]","[-0.05851045919663279, 0.036317201864716375, -0.052060998976542656]",2.597590482156319,4.248104188882279,4.121376088593972,7.5974767342256335,8.477358235577158,,,,,0.0004294831305742264,,0.07047461159527302,0
public_sf_012,1,public_sf_012_f001,direct,combined,outliers,artificial,WORLD_FIXED,CURRENT_FIXED_SINGLE_FRAME,WORLD_FIXED,OUTPUT,,TARGET_POINTS_PRESENT,UNIQUE_COMPARABLE,full asymmetric surface points define the injected rigid recovery,COMPARABLE_OUTPUT,True,"[[0.9985532635544723, 0.03396516154546404, 0.04168630045834215, 0.01575025084518706], [-0.03462164410897643, 0.9992859821343875, 0.015128372976103832, 0.0003658800615592353], [-0.0411426980630102, -0.01654973446624635, 0.9990162084196595, -0.00017874716616300053], [0.0, 0.0, 0.0, 1.0]]","[[0.9977994407661693, 0.043812190504844695, 0.049767137449192346, 0.008715488038036113], [-0.044384504416551854, 0.9989598344703288, 0.010452984392520803, 0.006180363972489031], [-0.049257403244758004, -0.012638871713107576, 0.9987061465453203, 0.0017542645000482757], [0.0, 0.0, 0.0, 1.0]]","[15.75025084518706, 0.3658800615592353, -0.17874716616300054]","[8.715488038036113, 6.1803639724890305, 1.7542645000482757]",9.329128844916047,"[-0.01584736005055395, 0.04143621788591576, -0.034311387001301555]","[-0.0115546619598874, 0.04954972386012856, -0.04413170561666825]",0.7701500107647253,1.3101346925656427,1.3164093247637716,2.274940218457354,2.4821477658114723,,,,,0.00030432455241680145,,0.08685663156211376,3072
public_sf_012,1,public_sf_012_f001,direct,combined,outliers,artificial,WORLD_FIXED,CURRENT_FIXED_SINGLE_FRAME,CAMERA_LOCAL,OUTPUT,,TARGET_POINTS_PRESENT,UNIQUE_COMPARABLE,full asymmetric surface points define the injected rigid recovery,COMPARABLE_OUTPUT,True,"[[0.9985702841371881, 0.03528885416635782, 0.04015077097393029, 0.01194573645285943], [-0.03596199693111704, 0.9992223581810329, 0.01616829266997453, -0.0006399051200020739], [-0.03954898753320749, -0.017589078508016234, 0.9990628117902982, 2.969816212924914e-05], [0.0, 0.0, 0.0, 1.0]]","[[0.9978170976559493, 0.04505025838711418, 0.04828575198453262, 0.003723892960461598], [-0.04566001491177272, 0.9988896874487259, 0.011599799431165878, 0.0049686540142671355], [-0.047709565746443756, -0.013779206357436988, 0.9987662042782809, 0.0014015723723009212], [0.0, 0.0, 0.0, 1.0]]","[11.94573645285943, -0.6399051200020739, 0.02969816212924914]","[3.723892960461598, 4.968654014267136, 1.4015723723009212]",10.04672507957759,"[-0.01688753712296026, 0.03987077735951733, -0.03564410826325304]","[-0.012699085823655398, 0.048033906004394646, -0.04538938819372941]",0.7668511501823596,1.3042081238197996,1.3074734259319531,2.260068382379337,2.472924410679129,,,,,0.00030432455241680145,,0.052148010581731796,0
public_sf_013,0,public_sf_013_f000,direct,combined,combined,artificial,WORLD_FIXED,CURRENT_FIXED_SINGLE_FRAME,WORLD_FIXED,OUTPUT,,TARGET_POINTS_PRESENT,UNIQUE_COMPARABLE,full asymmetric surface points define the injected rigid recovery,COMPARABLE_OUTPUT,True,"[[0.9998532468524598, -0.01340192913541959, 0.010671131807042399, 0.00031978501309564523], [0.013812247959617814, 0.9991298573952719, -0.03935415947019386, 0.004997232263382643], [-0.010134424744212864, 0.03949577644195145, 0.9991683427122535, -0.002093817048322959], [0.0, 0.0, 0.0, 1.0]]","[[0.9996440755285833, -0.013056382674812472, 0.02326484756135132, -0.009128981999503497], [0.013669742996960006, 0.9995579061170314, -0.026403227933958974, -0.003323211070567483], [-0.022909831666800187, 0.02671185486604001, 0.999380616393281, 0.0018681789428971476], [0.0, 0.0, 0.0, 1.0]]","[0.3197850130956452, 4.997232263382643, -2.093817048322959]","[-9.128981999503496, -3.3232110705674827, 1.8681789428971476]",13.198726740345105,"[0.0394371189726123, 0.01040598447559275, 0.013611282335530949]","[0.026563816964245347, 0.023092795167390417, 0.013366220536295511]",1.0356103292578271,2.0653913876208003,2.085345450650619,3.1091080584093023,3.5859131150495744,,,,,0.00037608295679092407,,0.058953313156962395,3072
public_sf_013,0,public_sf_013_f000,direct,combined,combined,artificial,WORLD_FIXED,CURRENT_FIXED_SINGLE_FRAME,CAMERA_LOCAL,OUTPUT,,TARGET_POINTS_PRESENT,UNIQUE_COMPARABLE,full asymmetric surface points define the injected rigid recovery,COMPARABLE_OUTPUT,True,"[[0.9998177333738004, -0.014512712492730399, 0.01240488643153755, -0.001010311778050145], [0.014979749204210293, 0.9991492141745542, -0.03842466562183425, 0.009466946475767254], [-0.011836686405196375, 0.03860348417531959, 0.9991844994116306, -0.002694502347167241], [0.0, 0.0, 0.0, 1.0]]","[[0.9996566276309173, -0.014364487549723248, 0.021915481537386036, -0.00929997319526933], [0.01493276314244623, 0.9995506421258599, -0.02599089091802834, 0.00010171752945186901], [-0.021532287814193408, 0.026309225059189683, 0.9994219255440976, -0.00011532034851583074], [0.0, 0.0, 0.0, 1.0]]","[-1.010311778050145, 9.466946475767253, -2.6945023471672407]","[-9.29997319526933, 0.10171752945186902, -0.11532034851583074]",12.770206709807146,"[0.038525945172298466, 0.012124522118961756, 0.014750775727115192]","[0.02615603406410977, 0.02172884923743807, 0.014651972997974792]",0.8972611813336714,1.8828505929901205,1.8439596525242328,2.8695121242217048,3.279192118479823,,,,,0.00037608295679092407,,0.05819888226687908,0
public_sf_013,1,public_sf_013_f001,direct,combined,combined,artificial,WORLD_FIXED,CURRENT_FIXED_SINGLE_FRAME,WORLD_FIXED,OUTPUT,,TARGET_POINTS_PRESENT,UNIQUE_COMPARABLE,full asymmetric surface points define the injected rigid recovery,COMPARABLE_OUTPUT,True,"[[0.9998532468524598, -0.01340192913541959, 0.010671131807042399, 0.00031978501309564523], [0.013812247959617814, 0.9991298573952719, -0.03935415947019386, 0.004997232263382643], [-0.010134424744212864, 0.03949577644195145, 0.9991683427122535, -0.002093817048322959], [0.0, 0.0, 0.0, 1.0]]","[[0.9997412602009037, -0.02199159077778014, 0.00581227898258842, 0.004410898520486753], [0.02224541686732157, 0.9986008212978237, -0.04797437995129355, 0.008640857735868587], [-0.004749113633918288, 0.04809126363878003, 0.998831655626371, -0.0038624385638312466], [0.0, 0.0, 0.0, 1.0]]","[0.3197850130956452, 4.997232263382643, -2.093817048322959]","[4.410898520486754, 8.640857735868586, -3.8624385638312466]",5.756842744006928,"[0.0394371189726123, 0.01040598447559275, 0.013611282335530949]","[0.048055460155447836, 0.00528318515445851, 0.022128928499731484]",0.7537303050178991,1.2742718658024899,1.2668734300658457,2.1918115590013367,2.6881222712865,,,,,0.0003931596875190735,,0.05892881564795971,3072
public_sf_013,1,public_sf_013_f001,direct,combined,combined,artificial,WORLD_FIXED,CURRENT_FIXED_SINGLE_FRAME,CAMERA_LOCAL,OUTPUT,,TARGET_POINTS_PRESENT,UNIQUE_COMPARABLE,full asymmetric surface points define the injected rigid recovery,COMPARABLE_OUTPUT,True,"[[0.999846581467136, -0.014344942387647112, 0.010051674307150102, -0.00045505273416047987], [0.014728498576211372, 0.9991234350404355, -0.0391846000705771, 0.009539204643267095], [-0.009480762531172048, 0.039326634497444786, 0.9991814304524138, -0.0026963936618734224], [0.0, 0.0, 0.0, 1.0]]","[[0.9997201516282865, -0.023134581451444106, 0.004940604151534795, 0.004367765021877109], [0.02334276189634852, 0.9986059460457712, -0.04734215868631719, 0.014161965200490104], [-0.003838475656565272, 0.047444237406628814, 0.9988665128241797, -0.004160333717543113], [0.0, 0.0, 0.0, 1.0]]","[-0.45505273416047987, 9.539204643267094, -2.6963936618734223]","[4.3677650218771085, 14.161965200490105, -4.160333717543113]",6.839050136090713,"[0.039267716105636466, 0.009769228427480504, 0.0145412007881962]","[0.04741538569929132, 0.004391594915980811, 0.023249551116523368]",0.7495142085172195,1.2645965076809054,1.2577553959883279,2.1799141926782792,2.6645330309276245,,,,,0.0003931596875190735,,0.0977857057005167,0
public_sf_014,0,public_sf_014_f000,direct,combined,strong_combined,artificial,WORLD_FIXED,CURRENT_FIXED_SINGLE_FRAME,WORLD_FIXED,OUTPUT,,TARGET_POINTS_PRESENT,UNIQUE_COMPARABLE,full asymmetric surface points define the injected rigid recovery,COMPARABLE_OUTPUT,True,"[[0.9999106296300612, 0.01250399419866007, -0.004731055050893568, 0.007498995810620518], [-0.012634932887742202, 0.9995070465254124, -0.028740605716812, -0.01050675903819206], [0.004369350493718802, 0.02879781372130307, 0.9995757073384368, -0.008826929816974305], [0.0, 0.0, 0.0, 1.0]]","[[0.9993933008733272, -0.030338162484232222, 0.01710631657007174, -0.00798984962932093], [0.03165357395005318, 0.9960677170210166, -0.08274753388910475, 0.021793929512487625], [-0.014528641564292972, 0.08323880708912368, 0.9964237148766963, -0.0035425336602960427], [0.0, 0.0, 0.0, 1.0]]","[7.498995810620518, -10.50675903819206, -8.826929816974305]","[-7.989849629320931, 21.793929512487626, -3.542533660296043]",36.20999387808732,"[0.02877403728453466, -0.004550966310895948, -0.012571572739416802]","[0.0831056049568933, 0.015838907695948364, 0.031037859671690184]",4.159009673477007,7.356710529465594,6.947949795099376,12.496882794522252,13.549508248625848,,,,,0.0004261154681444168,,0.05783086270093918,3072
public_sf_014,0,public_sf_014_f000,direct,combined,strong_combined,artificial,WORLD_FIXED,CURRENT_FIXED_SINGLE_FRAME,CAMERA_LOCAL,OUTPUT,,TARGET_POINTS_PRESENT,UNIQUE_COMPARABLE,full asymmetric surface points define the injected rigid recovery,COMPARABLE_OUTPUT,True,"[[0.9998951087501692, 0.013505004776966489, -0.005233196294942105, 0.006996710282066415], [-0.013647336994113373, 0.9995094035915015, -0.028190465145683293, -0.007467786039334477], [0.004849916541177498, 0.028258927405954246, 0.9995888711522396, -0.010265674592117816], [0.0, 0.0, 0.0, 1.0]]","[[0.9995137511537574, -0.027900818284932648, 0.013921407744050322, -0.00819978809777563], [0.028943085731555213, 0.9962660377903079, -0.08134051717278855, 0.026944941268832078], [-0.011599958744787905, 0.08170389393800047, 0.996589140354483, -0.004341920662198217], [0.0, 0.0, 0.0, 1.0]]","[6.996710282066415, -7.467786039334477, -10.265674592117815]","[-8.199788097775631, 26.94494126883208, -4.341920662198217]",38.08228229002316,"[0.02822943247019721, -0.005042402407364078, -0.013578449010469973]","[0.08162604767705912, 0.012776937667529515, 0.028458155589566082]",4.025186197740519,7.108223297310166,6.692436102036179,12.058092268604902,13.124224782994059,,,,,0.0004261154681444168,,0.06219427287578583,0
public_sf_014,1,public_sf_014_f001,direct,combined,strong_combined,artificial,WORLD_FIXED,CURRENT_FIXED_SINGLE_FRAME,WORLD_FIXED,OUTPUT,,TARGET_POINTS_PRESENT,UNIQUE_COMPARABLE,full asymmetric surface points define the injected rigid recovery,COMPARABLE_OUTPUT,True,"[[0.9999106296300612, 0.01250399419866007, -0.004731055050893568, 0.007498995810620518], [-0.012634932887742202, 0.9995070465254124, -0.028740605716812, -0.01050675903819206], [0.004369350493718802, 0.02879781372130307, 0.9995757073384368, -0.008826929816974305], [0.0, 0.0, 0.0, 1.0]]","[[0.999377626110626, 0.0351355736385729, -0.003138772782234497, 0.004929473701726027], [-0.035150102385080546, 0.9993709914496782, -0.004700186294774548, -0.023864538719230714], [0.0029716547256418923, 0.004807589206208533, 0.9999840280495564, -0.007781630513006197], [0.0, 0.0, 0.0, 1.0]]","[7.498995810620518, -10.50675903819206, -8.826929816974305]","[4.929473701726027, -23.864538719230715, -7.7816305130061965]",13.64277730193317,"[0.02877403728453466, -0.004550966310895948, -0.012571572739416802]","[0.004754892148500266, -0.003055859257318111, -0.03515026296554306]",1.8906520890713452,2.6905458220942857,2.503309283321494,4.904325054106107,5.9203486049225456,,,,,0.000319628044962883,,0.0612216480076313,3072
public_sf_014,1,public_sf_014_f001,direct,combined,strong_combined,artificial,WORLD_FIXED,CURRENT_FIXED_SINGLE_FRAME,CAMERA_LOCAL,OUTPUT,,TARGET_POINTS_PRESENT,UNIQUE_COMPARABLE,full asymmetric surface points define the injected rigid recovery,COMPARABLE_OUTPUT,True,"[[0.9999207753747532, 0.011982291873042521, -0.003855859880973729, 0.008068357498014163], [-0.012089495902424753, 0.999503466769122, -0.029097491392416703, -0.007309523324257926], [0.003505290683771959, 0.029141801556796958, 0.9995691413500352, -0.009359244273760198], [0.0, 0.0, 0.0, 1.0]]","[[0.9993916835799213, 0.034731051049253635, -0.003164946177240237, 0.0054877615815345565], [-0.03474973174687226, 0.9993777210816325, -0.006052003734569676, -0.022184928294824397], [0.0029527842473007593, 0.006158303231975946, 0.9999766779112861, -0.007979016856945085], [0.0, 0.0, 0.0, 1.0]]","[8.068357498014162, -7.309523324257926, -9.359244273760197]","[5.487761581534556, -22.1849282948244, -7.979016856945084]",15.160546693461717,"[0.029124532844493234, -0.0036811928946862394, -0.012037913549253232]","[0.006106429696389746, -0.0030595046333624547, -0.03474765348300662]",1.852947101317438,2.6388796728477164,2.458579198121534,4.795829418759415,5.806129298693626,,,,,0.000319628044962883,,0.0557864997535944,0
public_sf_015,0,public_sf_015_f000,image,none_nonzero,uint16,artificial,WORLD_FIXED,CURRENT_FIXED_SINGLE_FRAME,WORLD_FIXED,NUMERICAL_FAILURE,too few calibration surface points,TARGET_POINTS_PRESENT,UNIQUENESS_UNPROVEN,"the generator knows the injected recovery, but partial image evidence has not been proven globally unique",STOPPED_OR_FAILED,False,"[[0.9999991909128747, -0.0011754614592636204, 0.0004862755944930476, 0.0004642615627415697], [0.0011760702617922018, 0.9999985226913408, -0.001253584410899263, -0.00022333830195133076], [-0.0004848013359529328, 0.001254155290905983, 0.9999990960306768, -0.00010698784907329031], [0.0, 0.0, 0.0, 1.0]]",,"[0.4642615627415697, -0.22333830195133075, -0.10698784907329031]",,,"[0.001253870517620152, 0.00048553872339731794, 0.0011757664857153728]",,,,,,,,,,,0.001386146992444992,,0.0004364941269159317,0
public_sf_015,0,public_sf_015_f000,image,none_nonzero,uint16,artificial,WORLD_FIXED,CURRENT_FIXED_SINGLE_FRAME,CAMERA_LOCAL,NUMERICAL_FAILURE,too few calibration surface points,TARGET_POINTS_PRESENT,UNIQUENESS_UNPROVEN,"the generator knows the injected recovery, but partial image evidence has not been proven globally unique",STOPPED_OR_FAILED,False,"[[0.9999991752122223, -0.0011878502561921368, 0.0004884533184974739, 0.0004591941853477619], [0.001188455651080414, 0.9999985237509406, -0.0012409952075438933, -0.0002231862123295448], [-0.00048697848094352204, 0.0012415746890929163, 0.9999991106717298, -9.5314148116588e-05], [0.0, 0.0, 0.0, 1.0]]",,"[0.4591941853477619, -0.22318621232954478, -0.09531414811658799]",,,"[0.0012412856083441905, 0.00048771615905262824, 0.0011881535854102996]",,,,,,,,,,,0.001386146992444992,,0.00016306526958942413,0
public_sf_015,1,public_sf_015_f001,image,none_nonzero,uint16,artificial,WORLD_FIXED,CURRENT_FIXED_SINGLE_FRAME,WORLD_FIXED,NUMERICAL_FAILURE,too few calibration surface points,TARGET_POINTS_PRESENT,UNIQUENESS_UNPROVEN,"the generator knows the injected recovery, but partial image evidence has not been proven globally unique",STOPPED_OR_FAILED,False,"[[0.9999969022361446, -0.0022558040979310527, 0.0010520769869598952, -9.20374307799994e-05], [0.002256606259167729, 0.9999971636203049, -0.0007618920765725499, 0.00022637937399993074], [-0.001050355323601575, 0.0007642638399247177, 0.9999991563268827, 0.0004092426270775578], [0.0, 0.0, 0.0, 1.0]]",,"[-0.0920374307799994, 0.22637937399993074, 0.40924262707755776]",,,"[0.0007630788202502196, 0.0010512173427740744, 0.00225620772724369]",,,,,,,,,,,0.00048132985830307007,,0.0004069283604621887,0
public_sf_015,1,public_sf_015_f001,image,none_nonzero,uint16,artificial,WORLD_FIXED,CURRENT_FIXED_SINGLE_FRAME,CAMERA_LOCAL,NUMERICAL_FAILURE,too few calibration surface points,TARGET_POINTS_PRESENT,UNIQUENESS_UNPROVEN,"the generator knows the injected recovery, but partial image evidence has not been proven globally unique",STOPPED_OR_FAILED,False,"[[0.9999968911724246, -0.0022510068383130126, 0.0010726666303289259, -9.427370391810502e-05], [0.0022518090343721037, 0.9999971854960992, -0.0007472321949573417, 0.00023324859755314534], [-0.0010709815865238752, 0.0007496453123503146, 0.9999991455148084, 0.00040491723580499], [0.0, 0.0, 0.0, 1.0]]",,"[-0.09427370391810502, 0.23324859755314534, 0.40491723580499]",,,"[0.0007484395991184175, 0.0010718253191992597, 0.002251410479617712]",,,,,,,,,,,0.00048132985830307007,,0.00015113502740859985,0
public_sf_016,0,public_sf_016_f000,image,hand_partial_nonzero,float32,taco,WORLD_FIXED,CURRENT_FIXED_SINGLE_FRAME,WORLD_FIXED,NUMERICAL_FAILURE,too few calibration surface points,TARGET_POINTS_PRESENT,UNIQUENESS_UNPROVEN,"the generator knows the injected recovery, but partial image evidence has not been proven globally unique",STOPPED_OR_FAILED,False,"[[0.9999981770380851, -0.0016524438556614564, -0.0009567391548410219, -4.739393216725672e-05], [0.0016520219322410407, 0.9999985378948321, -0.00044162397310392473, -0.0006171583272707369], [0.0009574675148086182, 0.0004400426139730305, 0.9999994448090739, 0.00031378016539609894], [0.0, 0.0, 0.0, 1.0]]",,"[-0.04739393216725672, -0.6171583272707369, 0.31378016539609893]",,,"[0.0004408335756909586, -0.0009571039474125817, 0.0016522339514521613]",,,,,,,,,,,0.0008231606334447861,,0.0003973059356212616,0
public_sf_016,0,public_sf_016_f000,image,hand_partial_nonzero,float32,taco,WORLD_FIXED,CURRENT_FIXED_SINGLE_FRAME,CAMERA_LOCAL,NUMERICAL_FAILURE,too few calibration surface points,TARGET_POINTS_PRESENT,UNIQUENESS_UNPROVEN,"the generator knows the injected recovery, but partial image evidence has not been proven globally unique",STOPPED_OR_FAILED,False,"[[0.9999981869562776, -0.001638514560565708, -0.0009702340915943232, -3.529235918406869e-05], [0.001638065374491938, 0.9999985509164206, -0.00046358050836093647, -0.0006208058646635334], [0.0009709922690570261, 0.00046199036099867297, 0.9999994218692927, 0.0003064169504430154], [0.0, 0.0, 0.0, 1.0]]",,"[-0.03529235918406869, -0.6208058646635334, 0.3064169504430154]",,,"[0.0004627857308826108, -0.000970613801560325, 0.0016382910161056564]",,,,,,,,,,,0.0008231606334447861,,0.00014348700642585754,0
public_sf_016,1,public_sf_016_f001,image,hand_partial_nonzero,float32,taco,WORLD_FIXED,CURRENT_FIXED_SINGLE_FRAME,WORLD_FIXED,NUMERICAL_FAILURE,too few calibration surface points,TARGET_POINTS_PRESENT,UNIQUENESS_UNPROVEN,"the generator knows the injected recovery, but partial image evidence has not been proven globally unique",STOPPED_OR_FAILED,False,"[[0.9999985273194235, -0.0003715428256011615, -0.0016755043756803848, 0.0003013667532935458], [0.0003737299768255933, 0.9999990783306072, 0.001305244743574447, -0.00013960432911544856], [0.0016750178770991529, -0.001305869007577363, 0.9999977445080795, -0.00012802771345301296], [0.0, 0.0, 0.0, 1.0]]",,"[0.3013667532935458, -0.13960432911544857, -0.12802771345301298]",,,"[-0.001305557887349021, -0.0016752624246742032, 0.0003726366899970373]",,,,,,,,,,,0.0004153735935688019,,0.00037528201937675476,0
public_sf_016,1,public_sf_016_f001,image,hand_partial_nonzero,float32,taco,WORLD_FIXED,CURRENT_FIXED_SINGLE_FRAME,CAMERA_LOCAL,NUMERICAL_FAILURE,too few calibration surface points,TARGET_POINTS_PRESENT,UNIQUENESS_UNPROVEN,"the generator knows the injected recovery, but partial image evidence has not been proven globally unique",STOPPED_OR_FAILED,False,"[[0.9999985432992192, -0.00036101544767291524, -0.0016682527643624317, 0.00030634496228523463], [0.0003632134589789801, 0.9999990662163208, 0.0013174378427411638, -0.00014598610958261454], [0.0016677755911626154, -0.0013180418554854451, 0.9999977406425699, -0.00013009548035266237], [0.0, 0.0, 0.0, 1.0]]",,"[0.3063449622852346, -0.14598610958261454, -0.13009548035266238]",,,"[-0.0013177408703279128, -0.0016680154704307587, 0.00036211473395536764]",,,,,,,,,,,0.0004153735935688019,,0.00015788525342941284,0
public_sf_017,0,public_sf_017_f000,image,other_front_nonzero,float32,artificial,CAMERA_LOCAL,CURRENT_FIXED_SINGLE_FRAME,WORLD_FIXED,NUMERICAL_FAILURE,too few calibration surface points,TARGET_POINTS_PRESENT,UNIQUENESS_UNPROVEN,"the generator knows the injected recovery, but partial image evidence has not been proven globally unique",STOPPED_OR_FAILED,False,"[[0.9999916267060238, 0.0005242285422241078, 0.004058534498548039, 9.144513360161271e-06], [-0.0005199059436569979, 0.9999992966219635, -0.0010660456780964428, 3.4715598240032865e-05], [-0.00405909049543578, 0.0010639266955742516, 0.999991195883412, 0.0004641276490306265], [0.0, 0.0, 0.0, 1.0]]",,"[0.00914451336016127, 0.03471559824003287, 0.4641276490306265]",,,"[0.0010649893606455088, 0.004058824592829871, -0.0005220687987751179]",,,,,,,,,,,0.0008725281804800034,,0.0006141494959592819,0
public_sf_017,0,public_sf_017_f000,image,other_front_nonzero,float32,artificial,CAMERA_LOCAL,CURRENT_FIXED_SINGLE_FRAME,CAMERA_LOCAL,NUMERICAL_FAILURE,too few calibration surface points,TARGET_POINTS_PRESENT,UNIQUENESS_UNPROVEN,"the generator knows the injected recovery, but partial image evidence has not been proven globally unique",STOPPED_OR_FAILED,False,"[[0.9999916104285037, 0.0005370791814727854, 0.004060864262757371, 1.9620995529964555e-05], [-0.0005328166223037315, 0.9999993060919274, -0.0010506769772532605, 3.328374702831283e-05], [-0.004061425741621812, 0.0010485044665435282, 0.9999912026909682, 0.0004625255928629106], [0.0, 0.0, 0.0, 1.0]]",,"[0.019620995529964554, 0.033283747028312834, 0.4625255928629106]",,,"[0.0010495938498278831, 0.004061157104978751, -0.0005349494961090173]",,,,,,,,,,,0.0008725281804800034,,0.00014463625848293304,0
public_sf_017,1,public_sf_017_f001,image,other_front_nonzero,float32,artificial,CAMERA_LOCAL,CURRENT_FIXED_SINGLE_FRAME,WORLD_FIXED,NUMERICAL_FAILURE,too few calibration surface points,TARGET_POINTS_PRESENT,UNIQUENESS_UNPROVEN,"the generator knows the injected recovery, but partial image evidence has not been proven globally unique",STOPPED_OR_FAILED,False,"[[0.9999978958208273, -0.0012275859789401197, 0.0016435895419210937, -0.00040360762171531795], [0.0012300186505741805, 0.9999981484659495, -0.0014799049943160448, 0.0004330965680586123], [-0.001641769788137928, 0.0014819235261212098, 0.999997554244322, -0.0001671328193562163], [0.0, 0.0, 0.0, 1.0]]",,"[-0.40360762171531794, 0.4330965680586123, -0.1671328193562163]",,,"[0.0014809158402250807, 0.001642681417625553, 0.0012288036257821293]",,,,,,,,,,,0.0004491228610277176,,0.0003567840903997421,0
public_sf_017,1,public_sf_017_f001,image,other_front_nonzero,float32,artificial,CAMERA_LOCAL,CURRENT_FIXED_SINGLE_FRAME,CAMERA_LOCAL,NUMERICAL_FAILURE,too few calibration surface points,TARGET_POINTS_PRESENT,UNIQUENESS_UNPROVEN,"the generator knows the injected recovery, but partial image evidence has not been proven globally unique",STOPPED_OR_FAILED,False,"[[0.9999978537162106, -0.0012623055671357338, 0.0016429082833180988, -0.0004018538083016442], [0.001264690077479239, 0.9999981473346877, -0.0014511671854505258, 0.00043900835960865607], [-0.0016410734231418912, 0.0014532418406380193, 0.9999975974802002, -0.0001811766869808895], [0.0, 0.0, 0.0, 1.0]]",,"[-0.4018538083016442, 0.4390083596086561, -0.1811766869808895]",,,"[0.0014522060624199277, 0.001641992605091135, 0.0012634991703495482]",,,,,,,,,,,0.0004491228610277176,,0.00014449656009674072,0
public_sf_018,0,public_sf_018_f000,image,other_behind_nonzero,uint16,taco,CAMERA_LOCAL,CURRENT_FIXED_SINGLE_FRAME,WORLD_FIXED,NUMERICAL_FAILURE,too few calibration surface points,TARGET_POINTS_PRESENT,UNIQUENESS_UNPROVEN,"the generator knows the injected recovery, but partial image evidence has not been proven globally unique",STOPPED_OR_FAILED,False,"[[0.9999986835093853, 0.001162232805438724, -0.0011323402322986629, -0.0002394810908358247], [-0.0011589974423378536, 0.9999952565076681, 0.002853714612926667, 0.0007186589433272929], [0.0011356515417919723, -0.002852398476605069, 0.9999952870481472, -4.64887696815788e-05], [0.0, 0.0, 0.0, 1.0]]",,"[-0.2394810908358247, 0.7186589433272929, -0.0464887696815788]",,,"[-0.002853061667408928, -0.0011339979231269968, -0.0011606172077646216]",,,,,,,,,,,0.0008155684918165207,,0.00048497505486011505,0
public_sf_018,0,public_sf_018_f000,image,other_behind_nonzero,uint16,taco,CAMERA_LOCAL,CURRENT_FIXED_SINGLE_FRAME,CAMERA_LOCAL,NUMERICAL_FAILURE,too few calibration surface points,TARGET_POINTS_PRESENT,UNIQUENESS_UNPROVEN,"the generator knows the injected recovery, but partial image evidence has not been proven globally unique",STOPPED_OR_FAILED,False,"[[0.9999987105980411, 0.001142588438476154, -0.0011284032591900577, -0.00023658828805972647], [-0.0011393536608765278, 0.999995252025338, 0.0028631800530412835, 0.0007280814094927699], [0.0011316693379858688, -0.002861890710867006, 0.9999952644418215, -5.939541793365389e-05], [0.0, 0.0, 0.0, 1.0]]",,"[-0.23658828805972648, 0.7280814094927699, -0.05939541793365389]",,,"[-0.0028625405216163905, -0.0011300383275602293, -0.001140973098281876]",,,,,,,,,,,0.0008155684918165207,,0.000149555504322052,0
public_sf_018,1,public_sf_018_f001,image,other_behind_nonzero,uint16,taco,CAMERA_LOCAL,CURRENT_FIXED_SINGLE_FRAME,WORLD_FIXED,NUMERICAL_FAILURE,too few calibration surface points,TARGET_POINTS_PRESENT,UNIQUENESS_UNPROVEN,"the generator knows the injected recovery, but partial image evidence has not been proven globally unique",STOPPED_OR_FAILED,False,"[[0.9999986534855424, 0.0009113457287412029, -0.001364725637263374, -2.917702977680344e-05], [-0.0009108662026472714, 0.999999523226119, 0.00035195212097656085, 0.00028589999598681174], [0.0013650457366600004, -0.00035070856460906277, 0.9999990068263266, -0.0005244067892825224], [0.0, 0.0, 0.0, 1.0]]",,"[-0.02917702977680344, 0.28589999598681176, -0.5244067892825224]",,,"[-0.0003513305077109987, -0.0013648863276534962, -0.0009111063933770349]",,,,,,,,,,,0.0005529690533876419,,0.0004443451762199402,0
public_sf_018,1,public_sf_018_f001,image,other_behind_nonzero,uint16,taco,CAMERA_LOCAL,CURRENT_FIXED_SINGLE_FRAME,CAMERA_LOCAL,NUMERICAL_FAILURE,too few calibration surface points,TARGET_POINTS_PRESENT,UNIQUENESS_UNPROVEN,"the generator knows the injected recovery, but partial image evidence has not been proven globally unique",STOPPED_OR_FAILED,False,"[[0.9999986465162606, 0.0009251402648748495, -0.0013605444267668326, -2.6369878393714513e-05], [-0.0009246900104978544, 0.9999995175184262, 0.00033152873062201513, 0.00029305070521691356], [0.0013608504809068751, -0.00033027020006300893, 0.9999990195033011, -0.0005274512952687562], [0.0, 0.0, 0.0, 1.0]]",,"[-0.026369878393714512, 0.29305070521691357, -0.5274512952687562]",,,"[-0.0003308996206702285, -0.0013606980925626616, -0.0009249155718513213]",,,,,,,,,,,0.0005529690533876419,,0.00015286915004253387,0
public_sf_019,0,public_sf_019_f000,direct,per_frame_varying,clean,artificial,WORLD_FIXED,CURRENT_FIXED_SINGLE_FRAME,WORLD_FIXED,OUTPUT,,TARGET_POINTS_PRESENT,UNIQUE_COMPARABLE,full asymmetric surface points define the injected rigid recovery,COMPARABLE_OUTPUT,True,"[[0.999792511135475, 0.018905997274888117, 0.007582739904756526, -0.01820349285224628], [-0.01886635988279863, 0.9998081505222232, -0.005265226880617781, -0.010527097216415237], [-0.007680829525122292, 0.0051210757047300826, 0.9999573888128596, 0.008361875028081197], [0.0, 0.0, 0.0, 1.0]]","[[0.999792511673457, 0.01890596896861862, 0.007582739547026619, -0.018203492450912438], [-0.018866331035137, 0.9998081506944415, -0.005265297544635649, -0.010527047629121695], [-0.007680830355699717, 0.005121146582411932, 0.9999573884434918, 0.00836187141950386], [0.0, 0.0, 0.0, 1.0]]","[-18.203492852246278, -10.527097216415237, 8.361875028081197]","[-18.20349245091244, -10.527047629121695, 8.36187141950386]",4.972004203617866e-05,"[0.005193533844949591, 0.007632346908575894, -0.018887569824772226]","[0.0051936046207177134, 0.007632347144583467, -0.018887541244628527]",4.353408482428141e-06,6.815859521764682e-06,6.746773740399862e-06,1.2114518932137539e-05,1.652311651574677e-05,,,,,0.0004318561404943466,,0.05874286778271198,3072
public_sf_019,0,public_sf_019_f000,direct,per_frame_varying,clean,artificial,WORLD_FIXED,CURRENT_FIXED_SINGLE_FRAME,CAMERA_LOCAL,OUTPUT,,TARGET_POINTS_PRESENT,UNIQUE_COMPARABLE,full asymmetric surface points define the injected rigid recovery,COMPARABLE_OUTPUT,True,"[[0.9997958589112688, 0.01893162444413959, 0.0070593271481394606, -0.01946333418713941], [-0.018890343065108433, 0.9998043339120013, -0.005869312537445697, -0.008577691495035185], [-0.00716906149791663, 0.005734761257957058, 0.9999578576472876, 0.008399750743610795], [0.0, 0.0, 0.0, 1.0]]","[[0.9997958589526481, 0.018931620183684827, 0.007059332713308264, -0.01946333796594604], [-0.018890338910792275, 0.9998043341035653, -0.005869293276165534, -0.00857770964853584], [-0.007169066673695704, 0.005734741925050487, 0.9999578577210547, 0.008399753290632944], [0.0, 0.0, 0.0, 1.0]]","[-19.46333418713941, -8.577691495035184, 8.399750743610795]","[-19.46333796594604, -8.57770964853584, 8.399753290632944]",1.871673816199398e-05,"[0.005802464303392756, 0.007114718388489338, -0.018912376827820335]","[0.00580244500458123, 0.00711472375899516, -0.01891237261915807]",1.2074182697257333e-06,2.381190514829129e-06,2.271242117293723e-06,3.824104984911496e-06,4.230308059034263e-06,,,,,0.0004318561404943466,,0.03980186767876148,0
public_sf_019,1,public_sf_019_f001,direct,per_frame_varying,clean,artificial,WORLD_FIXED,CURRENT_FIXED_SINGLE_FRAME,WORLD_FIXED,OUTPUT,,TARGET_POINTS_PRESENT,UNIQUE_COMPARABLE,full asymmetric surface points define the injected rigid recovery,COMPARABLE_OUTPUT,True,"[[0.9999907330397391, -0.0006244483536047062, -0.004259565576332964, 0.0013644017368644528], [0.00029467084841668437, 0.9970321296602048, -0.0769860090817007, 0.004490477489721527], [0.004294997524620217, 0.07698404048561161, 0.9970230742098065, -0.012284595715035351], [0.0, 0.0, 0.0, 1.0]]","[[0.9999907331087073, -0.0006245108065646696, -0.004259540229028664, 0.0013643848385229804], [0.0002947349775126257, 0.9970321280197549, -0.0769860300813866, 0.004490482628496024], [0.004294977066674542, 0.07698406122472115, 0.9970230726965877, -0.012284590910164653], [0.0, 0.0, 0.0, 1.0]]","[1.3644017368644528, 4.490477489721527, -12.284595715035351]","[1.3643848385229804, 4.490482628496024, -12.284590910164653]",1.8304309062899716e-05,"[0.0770615114885038, -0.004281531145413021, 0.00046001618590705906]","[0.07706153241830958, -0.0042815082222379145, 0.0004600795400532237]",4.00455336570039e-06,7.776571540010277e-06,7.36419184697046e-06,1.373306046603518e-05,1.5762865423344914e-05,,,,,0.00036665983498096466,,0.062444550916552544,3072
public_sf_019,1,public_sf_019_f001,direct,per_frame_varying,clean,artificial,WORLD_FIXED,CURRENT_FIXED_SINGLE_FRAME,CAMERA_LOCAL,OUTPUT,,TARGET_POINTS_PRESENT,UNIQUE_COMPARABLE,full asymmetric surface points define the injected rigid recovery,COMPARABLE_OUTPUT,True,"[[0.9999947366623009, -0.0029623395055088857, -0.0013233262445869164, 0.0017462343301413094], [0.002851590829693592, 0.9970240002706442, -0.07703902461780206, 0.014442760983543223], [0.001547603772132409, 0.07703484555041573, 0.9970271999768051, -0.01156068259397583], [0.0, 0.0, 0.0, 1.0]]","[[0.9999947364057624, -0.0029623717599262726, -0.0013234478930674281, 0.0017463514925839323], [0.0028516137089028754, 0.9970240047747604, -0.07703896547951433, 0.014442698503714138], [0.0015477273742072544, 0.07703478601550467, 0.9970272043848756, -0.011560709092957309], [0.0, 0.0, 0.0, 1.0]]","[1.7462343301413095, 14.442760983543224, -11.56068259397583]","[1.7463514925839323, 14.442698503714139, -11.560709092957309]",0.0001353992726099064,"[0.07711347336324441, -0.0014368911816800207, 0.0029098533161392376]","[0.07711341385629332, -0.0014370139267132983, 0.0029098809061372907]",8.009106731400786e-06,1.4026611273122464e-05,1.3369555687194064e-05,2.3284961491764573e-05,2.5812139371051e-05,,,,,0.00036665983498096466,,0.05920266732573509,0
public_sf_019,2,public_sf_019_f002,direct,per_frame_varying,clean,artificial,WORLD_FIXED,CURRENT_FIXED_SINGLE_FRAME,WORLD_FIXED,OUTPUT,,TARGET_POINTS_PRESENT,UNIQUE_COMPARABLE,full asymmetric surface points define the injected rigid recovery,COMPARABLE_OUTPUT,True,"[[0.998936643430347, -0.027766514082196127, 0.036804933199706125, 0.0015394566089719614], [0.029383423072098774, 0.9985929520378107, -0.044144428742217315, 0.008580568401705197], [-0.03552740999112769, 0.045178942397248, 0.9983469668923668, 0.00013573454631025047], [0.0, 0.0, 0.0, 1.0]]","[[0.9989366443363848, -0.027766509491597965, 0.03680491207184355, 0.0015394736746795479], [0.029383416966769597, 0.9985929529137649, -0.04414441299104939, 0.008580557366361503], [-0.03552738956523673, 0.04517892585731066, 0.9983469683677413, 0.00013572927494732873], [0.0, 0.0, 0.0, 1.0]]","[1.5394566089719615, 8.580568401705197, 0.13573454631025048]","[1.5394736746795479, 8.580557366361504, 0.13572927494732873]",2.0995343601199293e-05,"[0.04469240418370369, 0.036191046936548295, 0.02859462263672353]","[0.04469238800275942, 0.03619102612571421, 0.028594617269542686]",1.7075472925031877e-06,2.5167885183985e-06,2.5919241294522964e-06,3.912214233906397e-06,4.989651082299511e-06,,,,,0.0003083422780036926,,0.06247767060995102,3072
public_sf_019,2,public_sf_019_f002,direct,per_frame_varying,clean,artificial,WORLD_FIXED,CURRENT_FIXED_SINGLE_FRAME,CAMERA_LOCAL,OUTPUT,,TARGET_POINTS_PRESENT,UNIQUE_COMPARABLE,full asymmetric surface points define the injected rigid recovery,COMPARABLE_OUTPUT,True,"[[0.9989391964987951, -0.02621036923904959, 0.037861566828301656, -0.0038232492291876245], [0.027878141591795597, 0.9986330114359299, -0.04421445116467954, 0.013920756353200637], [-0.03665093340870142, 0.045223058441006846, 0.9983043544257997, 0.0013050982683957824], [0.0, 0.0, 0.0, 1.0]]","[[0.9989391961883165, -0.026210368255376433, 0.037861575700934305, -0.0038232562972505433], [0.02787814124497763, 0.9986330111625131, -0.04421445755877734, 0.013920763197943858], [-0.0366509421347542, 0.04522306504881554, 0.9983043538061053, 0.0013051013660379605], [0.0, 0.0, 0.0, 1.0]]","[-3.8232492291876246, 13.920756353200636, 1.3050982683957824]","[-3.8232562972505435, 13.920763197943858, 1.3051013660379605]",1.031520287057712e-05,"[0.04474951266942458, 0.03728187522312531, 0.027062856639976544]","[0.044749519183834546, 0.03728188403600616, 0.027062855979707406]",0.0,1.8322667133404158e-06,1.824788533783683e-06,2.593570556237191e-06,2.9217154264180978e-06,,,,,0.0003083422780036926,,0.04330221936106682,0
public_sf_020,0,public_sf_020_f000,direct,per_frame_varying,clean,taco,WORLD_FIXED,CURRENT_FIXED_SINGLE_FRAME,WORLD_FIXED,OUTPUT,,TARGET_POINTS_PRESENT,UNIQUE_COMPARABLE,full asymmetric surface points define the injected rigid recovery,COMPARABLE_OUTPUT,True,"[[0.9983152848493966, 0.02109948749039032, -0.05405001076513362, -0.006985360685539111], [-0.022302079264622805, 0.9995147928398856, -0.0217438762578131, -0.01650192589829765], [0.05356500066781181, 0.022912671644386415, 0.9983014575675896, -0.009164091706107944], [0.0, 0.0, 0.0, 1.0]]","[[0.9983152869066192, 0.02109949788151696, -0.05404996871139435, -0.006985398824568259], [-0.022302087691795834, 0.999514793061378, -0.02174385743280877, -0.016501940247552103], [0.05356495881770372, 0.022912652413431444, 0.9983014602544861, -0.009164082889060426], [0.0, 0.0, 0.0, 1.0]]","[-6.985360685539111, -16.50192589829765, -9.164091706107945]","[-6.985398824568259, -16.501940247552103, -9.164082889060426]",4.169204929777678e-05,"[0.022342681121868314, -0.05384222465288423, -0.021714785664141697]","[0.022342662063103445, -0.05384218262929119, -0.02171479506137528]",2.4148365394514667e-06,5.143357223376272e-06,5.141410863633147e-06,8.805053244536656e-06,1.0368630485090532e-05,,,,,0.0014390721917152405,,0.8228326309472322,1640
public_sf_020,0,public_sf_020_f000,direct,per_frame_varying,clean,taco,WORLD_FIXED,CURRENT_FIXED_SINGLE_FRAME,CAMERA_LOCAL,OUTPUT,,TARGET_POINTS_PRESENT,UNIQUE_COMPARABLE,full asymmetric surface points define the injected rigid recovery,COMPARABLE_OUTPUT,True,"[[0.9982921410100303, 0.020894728630761698, -0.05455466536471941, -0.0014564074643036162], [-0.02205123054890527, 0.9995428590130866, -0.020683718892500893, -0.013009489973237937], [0.05409754549782009, 0.021851391520720187, 0.9982965352337548, -0.011877424612992807], [0.0, 0.0, 0.0, 1.0]]","[[0.9982921454721618, 0.020894753014637384, -0.05455457437324232, -0.001456498490591841], [-0.02205124173349504, 0.9995428630568232, -0.020683511553407793, -0.01300968770407703], [0.05409745859649316, 0.021851183231722013, 0.9982965445020706, -0.011877395547228206], [0.0, 0.0, 0.0, 1.0]]","[-1.4564074643036162, -13.009489973237937, -11.877424612992806]","[-1.456498490591841, -13.00968770407703, -11.877395547228206]",0.0002196089445995979,"[0.02128127795563997, -0.054361158990709806, -0.021486834887584575]","[0.021281069944404464, -0.05436106982573295, -0.021486852619583073]",1.2948118433879161e-05,2.3211484903752285e-05,2.2616794346537686e-05,3.8199148135142016e-05,4.5756886351912046e-05,,,,,0.0014390721917152405,,1.123083297163248,0
public_sf_020,1,public_sf_020_f001,direct,per_frame_varying,clean,taco,WORLD_FIXED,CURRENT_FIXED_SINGLE_FRAME,WORLD_FIXED,OUTPUT,,TARGET_POINTS_PRESENT,UNIQUE_COMPARABLE,full asymmetric surface points define the injected rigid recovery,COMPARABLE_OUTPUT,True,"[[0.9999137119152586, -0.0048580987213680165, 0.012205228415014539, 0.00042421875269268154], [0.004406437804024028, 0.9993142703889939, 0.03676373624636346, 0.005121752868189239], [-0.012375460788532432, -0.036706782394080165, 0.9992494483844088, -3.268630726995465e-05], [0.0, 0.0, 0.0, 1.0]]","[[0.9999137125567028, -0.004858110137476654, 0.01220517132053888, 0.0004242687490295134], [0.0044064555525830836, 0.9993142829152413, 0.036763393628176225, 0.0051220509212323295], [-0.012375402641315066, -0.036706439863997506, 0.9992494616871085, -3.2720576481711426e-05], [0.0, 0.0, 0.0, 1.0]]","[0.42421875269268156, 5.121752868189239, -0.03268630726995465]","[0.4242687490295134, 5.122050921232329, -0.03272057648171143]",0.0003041539561912268,"[-0.036744584156239594, 0.012293464368725844, 0.004633444112349444]","[-0.036744241332982666, 0.012293406678998432, 0.00463345867793601]",1.9913252241518953e-05,3.3074100632561334e-05,3.38384366198659e-05,5.390610250826025e-05,6.84872840369216e-05,,,,,0.0012536272406578064,,2.344111207872629,4072
public_sf_020,1,public_sf_020_f001,direct,per_frame_varying,clean,taco,WORLD_FIXED,CURRENT_FIXED_SINGLE_FRAME,CAMERA_LOCAL,OUTPUT,,TARGET_POINTS_PRESENT,UNIQUE_COMPARABLE,full asymmetric surface points define the injected rigid recovery,COMPARABLE_OUTPUT,True,"[[0.9999009810647134, -0.006489019352038688, 0.012486820799252878, -0.0008658743619130022], [0.006030338923310477, 0.999318135027859, 0.0364266388363177, 0.0011144034126841576], [-0.012714679637875075, -0.03634773214782996, 0.9992583145960886, 0.00026580595912466254], [0.0, 0.0, 0.0, 1.0]]","[[0.9999009811677835, -0.006489020529007314, 0.012486811934116436, -0.0008658662889965805], [0.006030346001767435, 0.9993181509701021, 0.03642620030685436, 0.0011148283050997508], [-0.012714668175097551, -0.036347293630616166, 0.9992583306927828, 0.0002657926061617236], [0.0, 0.0, 0.0, 1.0]]","[-0.8658743619130022, 1.1144034126841575, 0.26580595912466254]","[-0.8658662889965806, 1.1148283050997507, 0.2657926061617236]",0.0004251788311139482,"[-0.036396421973431, 0.01260394877852145, 0.006261268087434646]","[-0.03639598314373556, 0.012603938544441152, 0.006261272182641648]",2.5153742327560286e-05,4.207114175684035e-05,4.3697391502383665e-05,7.064450964029968e-05,8.27216097850345e-05,,,,,0.0012536272406578064,,2.811739293858409,0
public_sf_020,2,public_sf_020_f002,direct,per_frame_varying,clean,taco,WORLD_FIXED,CURRENT_FIXED_SINGLE_FRAME,WORLD_FIXED,NUMERICAL_FAILURE,"calibration fit failed or reached the numerical safety boundary: success=False, translation=0.016288055058661616, rotation_deg=3.158259422647745",TARGET_POINTS_PRESENT,UNIQUE_COMPARABLE,full asymmetric surface points define the injected rigid recovery,STOPPED_OR_FAILED,False,"[[0.9997352676055682, 0.022795461094480465, 0.0031243653936269067, 0.004553515587816553], [-0.02292330643143149, 0.9984843910483994, 0.05003441670448119, -0.011141182000527914], [-0.0019790724780961964, -0.05009279175886488, 0.998742607224669, 0.010975165819781734], [0.0, 0.0, 0.0, 1.0]]",,"[4.553515587816554, -11.141182000527914, 10.975165819781735]",,,"[-0.05008896629411797, 0.002553011628546916, -0.0228709642539603]",,,,,,,,,,,0.0012572519481182098,,3.515195067971945,1024
public_sf_020,2,public_sf_020_f002,direct,per_frame_varying,clean,taco,WORLD_FIXED,CURRENT_FIXED_SINGLE_FRAME,CAMERA_LOCAL,NUMERICAL_FAILURE,"calibration fit failed or reached the numerical safety boundary: success=False, translation=0.01841474687955612, rotation_deg=3.1578440453627876",TARGET_POINTS_PRESENT,UNIQUE_COMPARABLE,full asymmetric surface points define the injected rigid recovery,STOPPED_OR_FAILED,False,"[[0.9997225472784741, 0.02314731733748958, 0.0043623575182404175, 0.004174433216975984], [-0.023335893043263792, 0.9984882942865992, 0.04976507076766958, -0.014539612304922811], [-0.0032038350320742876, -0.04985306282181033, 0.9987514243135637, 0.010513504406311325], [0.0, 0.0, 0.0, 1.0]]",,"[4.174433216975984, -14.53961230492281, 10.513504406311325]",,,"[-0.04983429990933007, 0.0037850127796807127, -0.023253379313538713]",,,,,,,,,,,0.0012572519481182098,,3.322053652256727,0
public_sf_021,0,public_sf_021_f000,direct,symmetric_ambiguous,information_insufficient,artificial,WORLD_FIXED,CURRENT_FIXED_SINGLE_FRAME,WORLD_FIXED,OUTPUT,,TARGET_POINTS_PRESENT,MULTIPLE_SOLUTIONS,the spherical surface admits multiple rotational explanations,OUTPUT_WITHOUT_UNIQUE_TRUTH,False,"[[0.9996826806243115, 0.015584771158843873, 0.019790224044139205, 0.002205807159204541], [-0.014257575581131266, 0.9977494273192391, -0.06551947666670388, -0.0032065322078867107], [-0.02076679075685713, 0.06521652545219572, 0.9976550231465804, -0.0018181451328401295], [0.0, 0.0, 0.0, 1.0]]","[[0.9996826886939905, 0.015584754015576947, 0.019789829909030245, 0.0022061443959082287], [-0.014257586854429459, 0.9977494355772729, -0.06551934845770192, -0.0032066404415148995], [-0.02076639455087932, 0.06521640320891152, 0.9976550393847815, -0.0018182252843304935], [0.0, 0.0, 0.0, 1.0]]","[2.205807159204541, -3.2065322078867107, -1.8181451328401295]","[2.2061443959082285, -3.2066404415148995, -1.8182252843304936]",0.00036313547608637106,"[0.06542157777624169, 0.020295128007375388, -0.014933403015485212]","[0.06542145209196874, 0.020294732402664387, -0.014933399996948957]",2.3783381691639052e-05,3.921588209331011e-05,4.007325827999902e-05,6.650024805693146e-05,7.839138864552725e-05,,,,,0.0008849557489156723,,0.28625149093568325,3072
public_sf_021,0,public_sf_021_f000,direct,symmetric_ambiguous,information_insufficient,artificial,WORLD_FIXED,CURRENT_FIXED_SINGLE_FRAME,CAMERA_LOCAL,OUTPUT,,TARGET_POINTS_PRESENT,MULTIPLE_SOLUTIONS,the spherical surface admits multiple rotational explanations,OUTPUT_WITHOUT_UNIQUE_TRUTH,False,"[[0.9996765600978672, 0.01578055758134598, 0.019943650451131407, 0.0017235604804100753], [-0.014444871570336833, 0.9977526679449829, -0.06542904014262531, -0.0001768326848487281], [-0.02093133718164138, 0.06511979431087465, 0.997657903047281, 0.0001717767279003149], [0.0, 0.0, 0.0, 1.0]]","[[0.9996968301556352, 0.015703285862199875, 0.01896456142137927, 0.0026138557087602814], [-0.014436364138285153, 0.9977685822512858, -0.06518778768086911, -0.0003982243892215339], [-0.019945906027104103, 0.0648942453950215, 0.9976927872583669, -6.588552550548303e-06], [0.0, 0.0, 0.0, 1.0]]","[1.7235604804100753, -0.1768326848487281, 0.1717767279003149]","[2.613855708760281, -0.39822438922153386, -0.006588552550548303]",0.934587638297531,"[0.06532791724065332, 0.020454244731213066, -0.015125101211743737]","[0.06509355335195981, 0.019470948669213107, -0.015081997635840956]",0.0579606987032611,0.09469973617740779,0.09606842852813852,0.16232406571486177,0.1818816087008274,,,,,0.0008849557489156723,,0.541723970323801,0
public_sf_021,1,public_sf_021_f001,direct,symmetric_ambiguous,information_insufficient,artificial,WORLD_FIXED,CURRENT_FIXED_SINGLE_FRAME,WORLD_FIXED,OUTPUT,,TARGET_POINTS_PRESENT,MULTIPLE_SOLUTIONS,the spherical surface admits multiple rotational explanations,OUTPUT_WITHOUT_UNIQUE_TRUTH,False,"[[0.9996826806243115, 0.015584771158843873, 0.019790224044139205, 0.002205807159204541], [-0.014257575581131266, 0.9977494273192391, -0.06551947666670388, -0.0032065322078867107], [-0.02076679075685713, 0.06521652545219572, 0.9976550231465804, -0.0018181451328401295], [0.0, 0.0, 0.0, 1.0]]","[[0.9996827184444946, 0.015584558272290574, 0.019788481166658007, 0.002207307444853065], [-0.014257487015391236, 0.997749460758688, -0.06551898671189617, -0.0032069709372116034], [-0.020765030879619454, 0.06521606473258913, 0.9976550898949814, -0.001818502983166803], [0.0, 0.0, 0.0, 1.0]]","[2.205807159204541, -3.2065322078867107, -1.8181451328401295]","[2.2073074448530647, -3.2069709372116035, -1.818502983166803]",0.0016035577021072161,"[0.06542157777624169, 0.020295128007375388, -0.014933403015485212]","[0.06542110054294023, 0.02029337472724701, -0.014933251821921853]",0.00010444691467239231,0.00017799865702269058,0.00016644643661344654,0.0003196562964677507,0.00036115522664410024,,,,,0.0007800087332725525,,0.23338835313916206,3072
public_sf_021,1,public_sf_021_f001,direct,symmetric_ambiguous,information_insufficient,artificial,WORLD_FIXED,CURRENT_FIXED_SINGLE_FRAME,CAMERA_LOCAL,OUTPUT,,TARGET_POINTS_PRESENT,MULTIPLE_SOLUTIONS,the spherical surface admits multiple rotational explanations,OUTPUT_WITHOUT_UNIQUE_TRUTH,False,"[[0.9997414445253218, 0.011649292416965822, 0.019527879675142988, 0.0015514048582313152], [-0.010329604980802721, 0.9977416627725302, -0.06636922199971253, 0.00045056490325427745], [-0.02025693361206023, 0.06615034659085751, 0.997604023792279, 0.0004972219566686739], [0.0, 0.0, 0.0, 1.0]]","[[0.9997423186676089, 0.01156617944809097, 0.019532530765058054, 0.0015477915484349899], [-0.010257842214611144, 0.9977798955852162, -0.06580316587410907, -8.285709434466742e-05], [-0.02025025773202709, 0.06558584800801108, 0.997641430376093, 0.0004672001902791235], [0.0, 0.0, 0.0, 1.0]]","[1.5514048582313151, 0.45056490325427745, 0.4972219566686739]","[1.5477915484349898, -0.08285709434466743, 0.46720019027912346]",0.5342783824817188,"[0.0663140919326664, 0.019908710795782804, -0.010998455836491308]","[0.06574751187832975, 0.01990744341541274, -0.010920815075062342]",0.032765568008678254,0.05997883990908256,0.0564847060760309,0.1016519284359748,0.11184316938165365,,,,,0.0007800087332725525,,0.44091799296438694,0
public_sf_022,0,public_sf_022_f000,direct,no_target,information_insufficient,artificial,WORLD_FIXED,CURRENT_FIXED_SINGLE_FRAME,WORLD_FIXED,STOPPED_NO_TARGET_EVIDENCE,common preprocessing produced zero target points,NO_TARGET_POINTS,NO_TARGET_EVIDENCE,the public frame deliberately contains no target measurements,NO_TARGET_EVIDENCE,False,"[[0.9972190745315, 0.03607639912154031, -0.06521204502974774, 0.006950304284150504], [-0.03459851372959164, 0.9991213738609662, 0.023652127639572446, -0.004659030999687877], [0.06600803161920359, -0.02133011300013888, 0.9975910815765945, 0.004394380400206343], [0.0, 0.0, 0.0, 1.0]]",,"[6.950304284150504, -4.659030999687878, 4.394380400206343]",,,"[-0.02251389574625639, -0.06567647772712687, -0.0353732405762247]",,,,,,,,,,,0.000345597043633461,,1.3299286365509033e-05,0
public_sf_022,0,public_sf_022_f000,direct,no_target,information_insufficient,artificial,WORLD_FIXED,CURRENT_FIXED_SINGLE_FRAME,CAMERA_LOCAL,STOPPED_NO_TARGET_EVIDENCE,common preprocessing produced zero target points,NO_TARGET_POINTS,NO_TARGET_EVIDENCE,the public frame deliberately contains no target measurements,NO_TARGET_EVIDENCE,False,"[[0.9972360743179423, 0.03294277930868649, -0.06659568582392501, 0.013275704424628294], [-0.03138446592435015, 0.9992116554363618, 0.02431219732497398, -0.0054983294127410876], [0.06734409682802982, -0.02215493018595051, 0.9974838002147566, 0.0020429213543665253], [0.0, 0.0, 0.0, 1.0]]",,"[13.275704424628294, -5.4983294127410876, 2.042921354366525]",,,"[-0.023257091010388357, -0.06703770777127972, -0.03219619281352343]",,,,,,,,,,,0.000345597043633461,,1.6801059246063232e-06,0
public_sf_022,1,public_sf_022_f001,direct,no_target,information_insufficient,artificial,WORLD_FIXED,CURRENT_FIXED_SINGLE_FRAME,WORLD_FIXED,STOPPED_NO_TARGET_EVIDENCE,common preprocessing produced zero target points,NO_TARGET_POINTS,NO_TARGET_EVIDENCE,the public frame deliberately contains no target measurements,NO_TARGET_EVIDENCE,False,"[[0.9972190745315, 0.03607639912154031, -0.06521204502974774, 0.006950304284150504], [-0.03459851372959164, 0.9991213738609662, 0.023652127639572446, -0.004659030999687877], [0.06600803161920359, -0.02133011300013888, 0.9975910815765945, 0.004394380400206343], [0.0, 0.0, 0.0, 1.0]]",,"[6.950304284150504, -4.659030999687878, 4.394380400206343]",,,"[-0.02251389574625639, -0.06567647772712687, -0.0353732405762247]",,,,,,,,,,,0.0002743806689977646,,1.1507421731948853e-05,0
public_sf_022,1,public_sf_022_f001,direct,no_target,information_insufficient,artificial,WORLD_FIXED,CURRENT_FIXED_SINGLE_FRAME,CAMERA_LOCAL,STOPPED_NO_TARGET_EVIDENCE,common preprocessing produced zero target points,NO_TARGET_POINTS,NO_TARGET_EVIDENCE,the public frame deliberately contains no target measurements,NO_TARGET_EVIDENCE,False,"[[0.9972970455559611, 0.03799062207878788, -0.06289129955262375, 0.013076371035881093], [-0.036358220224928, 0.9989767007609449, 0.026900393284354295, -0.006047537192665497], [0.06384890560868497, -0.0245410670274138, 0.9976577836521546, 0.001421041489557337], [0.0, 0.0, 0.0, 1.0]]",,"[13.076371035881094, -6.047537192665497, 1.4210414895573371]",,,"[-0.025746776017019787, -0.06343427373294942, -0.037212065487973386]",,,,,,,,,,,0.0002743806689977646,,1.5832483768463135e-06,0
public_sf_001,0,public_sf_001_f000,direct,identity,clean,artificial,WORLD_FIXED,OPEN3D_OFFICIAL_SINGLE_FRAME,WORLD_FIXED,OUTPUT,,TARGET_POINTS_PRESENT,UNIQUE_COMPARABLE,full asymmetric surface points define the injected rigid recovery,COMPARABLE_OUTPUT,True,"[[1.0, 0.0, 0.0, 0.0], [0.0, 1.0, 0.0, 0.0], [0.0, 0.0, 1.0, 0.0], [0.0, 0.0, 0.0, 1.0]]","[[1.0, -1.7292319204486502e-17, 1.266805141435979e-16, -1.2959859121101024e-16], [1.7292319204486546e-17, 1.0, -3.4658572523034537e-16, 2.8011808425291624e-16], [-1.266805141435979e-16, 3.4658572523034537e-16, 1.0, -1.1626124810255337e-16], [0.0, 0.0, 0.0, 1.0]]","[0.0, 0.0, 0.0]","[-1.2959859121101023e-13, 2.801180842529162e-13, -1.1626124810255336e-13]",3.298160302043639e-13,"[0.0, 0.0, 0.0]","[3.4658572523034537e-16, 1.266805141435979e-16, 1.7292319204486524e-17]",0.0,1.6915088803526704e-13,1.309641061670002e-13,2.2591401799415136e-13,2.305551267378102e-13,1.0,0.0004868461381999221,66,True,0.00041450001299381256,0.004977110773324966,0.020715270191431046,6144
public_sf_001,0,public_sf_001_f000,direct,identity,clean,artificial,WORLD_FIXED,OPEN3D_OFFICIAL_SINGLE_FRAME,CAMERA_LOCAL,OUTPUT,,TARGET_POINTS_PRESENT,UNIQUE_COMPARABLE,full asymmetric surface points define the injected rigid recovery,COMPARABLE_OUTPUT,True,"[[1.0, 1.0224366559662491e-17, 1.6532129282668964e-17, 1.734723475976807e-18], [1.0224366559662491e-17, 1.0, -1.7499427886883672e-17, 0.0], [1.6532129282668964e-17, -1.7499427886883672e-17, 1.0, -6.938893903907228e-18], [0.0, 0.0, 0.0, 1.0]]","[[1.0, -6.391133545050024e-17, 3.568975614802234e-16, -2.966999885667568e-16], [6.391133545050034e-17, 1.0, -2.9408691169100616e-16, 2.1753021940800492e-16], [-3.568975614802234e-16, 2.9408691169100616e-16, 1.0, 5.841844558715098e-17], [0.0, 0.0, 0.0, 1.0]]","[1.734723475976807e-15, 0.0, -6.938893903907228e-15]","[-2.966999885667568e-13, 2.1753021940800492e-13, 5.841844558715098e-14]",3.7503900534887504e-13,"[0.0, 0.0, 0.0]","[2.9408691169100616e-16, 3.568975614802234e-16, 6.391133545050029e-17]",0.0,3.587047893151473e-14,2.8609792490763985e-14,6.206335383118183e-14,1.2719202621569003e-13,1.0,0.0004868461381999184,66,True,0.00041450001299381256,0.004977110773324966,0.018847953528165817,0
public_sf_001,1,public_sf_001_f001,direct,identity,clean,artificial,WORLD_FIXED,OPEN3D_OFFICIAL_SINGLE_FRAME,WORLD_FIXED,OUTPUT,,TARGET_POINTS_PRESENT,UNIQUE_COMPARABLE,full asymmetric surface points define the injected rigid recovery,COMPARABLE_OUTPUT,True,"[[1.0, 0.0, 0.0, 0.0], [0.0, 1.0, 0.0, 0.0], [0.0, 0.0, 1.0, 0.0], [0.0, 0.0, 0.0, 1.0]]","[[1.0, 2.254321291896872e-17, 6.388864397632227e-16, -4.773996584168473e-16], [-2.2543212918968812e-17, 1.0, 1.413816142718784e-16, -9.727657243732653e-17], [-6.388864397632227e-16, -1.413816142718784e-16, 1.0, 1.6962787352706305e-16], [0.0, 0.0, 0.0, 1.0]]","[0.0, 0.0, 0.0]","[-4.773996584168472e-13, -9.727657243732653e-14, 1.6962787352706304e-13]",5.158941566629633e-13,"[0.0, 0.0, 0.0]","[-1.413816142718784e-16, 6.388864397632227e-16, -2.2543212918968766e-17]",0.0,8.887493156795681e-14,1.1188630228279524e-13,1.4066954376756217e-13,1.594436429147036e-13,1.0,0.0004868461381999167,66,True,0.000299304723739624,0.004977110773324966,0.020105836912989616,6144
public_sf_001,1,public_sf_001_f001,direct,identity,clean,artificial,WORLD_FIXED,OPEN3D_OFFICIAL_SINGLE_FRAME,CAMERA_LOCAL,OUTPUT,,TARGET_POINTS_PRESENT,UNIQUE_COMPARABLE,full asymmetric surface points define the injected rigid recovery,COMPARABLE_OUTPUT,True,"[[1.0, 5.853257835685178e-18, -9.816830385681772e-18, 0.0], [5.853257835685178e-18, 1.0, -5.152157773305099e-18, -1.734723475976807e-18], [-9.816830385681772e-18, -5.152157773305099e-18, 1.0, 0.0], [0.0, 0.0, 0.0, 1.0]]","[[1.0, 7.138915660255464e-18, 6.438230213643225e-16, -5.598345934826674e-16], [-7.138915660255377e-18, 1.0, -1.3229400124908534e-16, 1.1625886409987389e-16], [-6.438230213643225e-16, 1.3229400124908534e-16, 1.0, 1.794956666544371e-16], [0.0, 0.0, 0.0, 1.0]]","[0.0, -1.734723475976807e-15, 0.0]","[-5.598345934826674e-13, 1.1625886409987388e-13, 1.794956666544371e-13]",5.996298467526814e-13,"[0.0, 0.0, 0.0]","[1.3229400124908534e-16, 6.438230213643225e-16, -7.13891566025542e-18]",0.0,7.238417919670353e-14,5.899262295037206e-14,1.3684021674178028e-13,1.4152622167509189e-13,1.0,0.0004868461381999166,66,True,0.000299304723739624,0.004977110773324966,0.021526753902435303,0
public_sf_002,0,public_sf_002_f000,direct,identity,clean,taco,WORLD_FIXED,OPEN3D_OFFICIAL_SINGLE_FRAME,WORLD_FIXED,OUTPUT,,TARGET_POINTS_PRESENT,UNIQUE_COMPARABLE,full asymmetric surface points define the injected rigid recovery,COMPARABLE_OUTPUT,True,"[[1.0, 0.0, 0.0, 0.0], [0.0, 1.0, 0.0, 0.0], [0.0, 0.0, 1.0, 0.0], [0.0, 0.0, 0.0, 1.0]]","[[0.9999999988370414, 2.316894327400893e-05, -4.229795884937088e-05, 3.343607047712931e-05], [-2.3176524903466426e-05, 0.9999999836658385, -0.00017925169808822086, 0.00015901990774560434], [4.229380508604442e-05, 0.00017925267819945517, 0.9999999830398556, -1.1812638896954359e-05], [0.0, 0.0, 0.0, 1.0]]","[0.0, 0.0, 0.0]","[0.03343607047712931, 0.15901990774560434, -0.011812638896954358]",0.16292587365449943,"[0.0, 0.0, 0.0]","[0.00017925218917326136, -4.2295882210607715e-05, -2.317273422181585e-05]",0.010635625385863124,0.01829483103187762,0.01764399486745313,0.032850064311981314,0.037251992372167766,1.0,0.0005984216108008252,1536,True,0.0014402475208044052,0.008925803005695343,0.02097667008638382,3072
public_sf_002,0,public_sf_002_f000,direct,identity,clean,taco,WORLD_FIXED,OPEN3D_OFFICIAL_SINGLE_FRAME,CAMERA_LOCAL,OUTPUT,,TARGET_POINTS_PRESENT,UNIQUE_COMPARABLE,full asymmetric surface points define the injected rigid recovery,COMPARABLE_OUTPUT,True,"[[1.0, -2.5040358173375942e-17, 1.7401161241545038e-17, -6.938893903907228e-18], [-2.5040358173375942e-17, 1.0, 1.41656734352946e-17, -3.469446951953614e-18], [1.7401161241545038e-17, 1.41656734352946e-17, 1.0, 1.3877787807814457e-17], [0.0, 0.0, 0.0, 1.0]]","[[0.9999999990748157, 1.6548828121056183e-05, -3.970522387771794e-05, 3.34273020451859e-05], [-1.6555997580508867e-05, 0.9999999835595323, -0.00018057362496918337, 0.0001706641372385676], [3.970223494306267e-05, 0.00018057428216170995, 0.9999999829083305, -1.6994489036239835e-05], [0.0, 0.0, 0.0, 1.0]]","[-6.938893903907228e-15, -3.469446951953614e-15, 1.3877787807814457e-14]","[0.033427302045185896, 0.1706641372385676, -0.016994489036239836]",0.17473535680854554,"[0.0, 0.0, 0.0]","[0.0001805739546024625, -3.970372963840434e-05, -1.655241294584116e-05]",0.010635634158542384,0.0182953431137192,0.01764523258584936,0.03285105948553365,0.03725323044888073,1.0,0.0005984215946136655,1536,True,0.0014402475208044052,0.008925803005695343,0.020173728466033936,0
public_sf_002,1,public_sf_002_f001,direct,identity,clean,taco,WORLD_FIXED,OPEN3D_OFFICIAL_SINGLE_FRAME,WORLD_FIXED,OUTPUT,,TARGET_POINTS_PRESENT,UNIQUE_COMPARABLE,full asymmetric surface points define the injected rigid recovery,COMPARABLE_OUTPUT,True,"[[1.0, 0.0, 0.0, 0.0], [0.0, 1.0, 0.0, 0.0], [0.0, 0.0, 1.0, 0.0], [0.0, 0.0, 0.0, 1.0]]","[[0.9999999976936911, 3.0397692505305328e-05, -6.073382961138418e-05, 4.962656293527951e-05], [-3.0408184161911037e-05, 0.9999999846155789, -0.0001727546936045625, 0.00015753777358054876], [6.0728577332974334e-05, 0.00017275654001161248, 0.9999999832336087, -1.760893244011319e-05], [0.0, 0.0, 0.0, 1.0]]","[0.0, 0.0, 0.0]","[0.049626562935279506, 0.15753777358054877, -0.01760893244011319]",0.16610544950472267,"[0.0, 0.0, 0.0]","[0.0001727556178001977, -6.073120382094966e-05, -3.0402938508207805e-05]",0.010635603248523131,0.01982724922381909,0.019117907141083745,0.0322800595369102,0.03840068328948122,1.0,0.0005984216137616785,1536,True,0.0012991279363632202,0.008925803005695343,0.021712113171815872,6144
public_sf_002,1,public_sf_002_f001,direct,identity,clean,taco,WORLD_FIXED,OPEN3D_OFFICIAL_SINGLE_FRAME,CAMERA_LOCAL,OUTPUT,,TARGET_POINTS_PRESENT,UNIQUE_COMPARABLE,full asymmetric surface points define the injected rigid recovery,COMPARABLE_OUTPUT,True,"[[1.0000000000000002, 2.1966066433114216e-17, -3.283772956508857e-17, 6.938893903907228e-18], [2.1966066433114216e-17, 1.0, 3.204475077084575e-17, 0.0], [-3.283772956508857e-17, 3.204475077084575e-17, 1.0, 0.0], [0.0, 0.0, 0.0, 1.0]]","[[0.999999997197396, 3.272796847483665e-05, -6.733563729202317e-05, 5.8617986262356145e-05], [-3.273940552266422e-05, 0.999999985038324, -0.00016985724346302983, 0.00016582930590290724], [6.733007720205988e-05, 0.00016985944751572268, 0.9999999833072143, -2.291444471178724e-05], [0.0, 0.0, 0.0, 1.0]]","[6.938893903907228e-15, 0.0, 0.0]","[0.05861798626235615, 0.16582930590290723, -0.02291444471178724]",0.17737107652078593,"[0.0, 0.0, 0.0]","[0.00016985834646484629, -6.733285763372364e-05, -3.2733687186734904e-05]",0.010635594681428726,0.01982741751450978,0.019117078894203526,0.032280695590674244,0.0384014286527115,1.0,0.0005984216039700117,1536,True,0.0012991279363632202,0.008925803005695343,0.020136002451181412,0
public_sf_003,0,public_sf_003_f000,direct,identity,clean,artificial,CAMERA_LOCAL,OPEN3D_OFFICIAL_SINGLE_FRAME,WORLD_FIXED,OUTPUT,,TARGET_POINTS_PRESENT,UNIQUE_COMPARABLE,full asymmetric surface points define the injected rigid recovery,COMPARABLE_OUTPUT,True,"[[1.0, -5.0175903550753835e-18, 2.13683772751382e-18, 0.0], [-5.0175903550753835e-18, 1.0, -8.122839554353481e-19, 0.0], [2.13683772751382e-18, -8.122839554353481e-19, 1.0, 0.0], [0.0, 0.0, 0.0, 1.0]]","[[1.0, -1.093357444228054e-16, 2.3856054086362064e-16, -2.1836878776578243e-16], [1.093357444228054e-16, 1.0, 3.3503098785252405e-17, -5.056326719801779e-17], [-2.3856054086362064e-16, -3.350309878525238e-17, 1.0, -2.1996059301145678e-17], [0.0, 0.0, 0.0, 1.0]]","[0.0, 0.0, 0.0]","[-2.1836878776578242e-13, -5.056326719801779e-14, -2.199605930114568e-14]",2.2522299634987318e-13,"[0.0, 0.0, 0.0]","[-3.350309878525239e-17, 2.3856054086362064e-16, 1.093357444228054e-16]",0.0,9.04161248431814e-14,1.1188630228279524e-13,1.2512065440781925e-13,1.2586013583571653e-13,1.0,0.000572888462061968,60,True,0.000398857519030571,0.004820722155272961,0.019682234153151512,6144
public_sf_003,0,public_sf_003_f000,direct,identity,clean,artificial,CAMERA_LOCAL,OPEN3D_OFFICIAL_SINGLE_FRAME,CAMERA_LOCAL,OUTPUT,,TARGET_POINTS_PRESENT,UNIQUE_COMPARABLE,full asymmetric surface points define the injected rigid recovery,COMPARABLE_OUTPUT,True,"[[1.0, 0.0, 0.0, 0.0], [0.0, 1.0, 0.0, 0.0], [0.0, 0.0, 1.0, 0.0], [0.0, 0.0, 0.0, 1.0]]","[[1.0, -1.8367475829567138e-16, 5.492329832208999e-16, -5.108738622773672e-16], [1.8367475829567143e-16, 1.0, -8.345736446819589e-17, 2.451965002640699e-17], [-5.492329832208999e-16, 8.345736446819599e-17, 1.0, 1.0464831664652191e-16], [0.0, 0.0, 0.0, 1.0]]","[0.0, 0.0, 0.0]","[-5.108738622773673e-13, 2.451965002640699e-14, 1.0464831664652191e-13]",5.220580298899372e-13,"[0.0, 0.0, 0.0]","[8.345736446819594e-17, 5.492329832208999e-16, 1.836747582956714e-16]",0.0,8.287820079097416e-14,5.721958498152797e-14,2.288783399261119e-13,2.301632258480955e-13,1.0,0.0005728884620619798,60,True,0.000398857519030571,0.004820722155272961,0.018833613023161888,0
public_sf_003,1,public_sf_003_f001,direct,identity,clean,artificial,CAMERA_LOCAL,OPEN3D_OFFICIAL_SINGLE_FRAME,WORLD_FIXED,OUTPUT,,TARGET_POINTS_PRESENT,UNIQUE_COMPARABLE,full asymmetric surface points define the injected rigid recovery,COMPARABLE_OUTPUT,True,"[[0.9999999999999999, 1.5722076924284022e-17, -7.206145127360005e-18, 0.0], [1.5722076924284022e-17, 0.9999999999999999, -1.0375957290134023e-17, 0.0], [-7.206145127360005e-18, -1.0375957290134023e-17, 0.9999999999999999, 0.0], [0.0, 0.0, 0.0, 1.0]]","[[1.0, 5.1095146189028466e-17, -4.85551185387376e-16, 4.531351435146242e-16], [-5.109514618902827e-17, 1.0, 4.0424447434178843e-16, -3.2264916408584193e-16], [4.85551185387376e-16, -4.0424447434178843e-16, 1.0, -9.960363881277468e-17], [0.0, 0.0, 0.0, 1.0]]","[0.0, 0.0, 0.0]","[4.531351435146242e-13, -3.226491640858419e-13, -9.960363881277469e-14]",5.651148787972736e-13,"[0.0, 0.0, 0.0]","[-4.0424447434178843e-16, -4.85551185387376e-16, -5.109514618902837e-17]",1.2074182697257333e-06,1.7888989312149058e-13,1.5842053765818487e-13,2.8040276822779224e-13,2.897767167584095e-13,1.0,0.0005728884620619447,60,True,0.000310434028506279,0.004820722155272961,0.020364442840218544,6144
public_sf_003,1,public_sf_003_f001,direct,identity,clean,artificial,CAMERA_LOCAL,OPEN3D_OFFICIAL_SINGLE_FRAME,CAMERA_LOCAL,OUTPUT,,TARGET_POINTS_PRESENT,UNIQUE_COMPARABLE,full asymmetric surface points define the injected rigid recovery,COMPARABLE_OUTPUT,True,"[[1.0, 0.0, 0.0, 0.0], [0.0, 1.0, 0.0, 0.0], [0.0, 0.0, 1.0, 0.0], [0.0, 0.0, 0.0, 1.0]]","[[1.0, -9.19943166560539e-17, -1.9230834015830732e-16, 2.1482100878303996e-16], [9.19943166560539e-17, 1.0, 3.1680508675392295e-17, -6.618598520206931e-17], [1.9230834015830732e-16, -3.168050867539231e-17, 1.0, 1.740301862703725e-17], [0.0, 0.0, 0.0, 1.0]]","[0.0, 0.0, 0.0]","[2.1482100878303995e-13, -6.618598520206931e-14, 1.740301862703725e-14]",2.2545845628200438e-13,"[0.0, 0.0, 0.0]","[-3.16805086753923e-17, -1.9230834015830732e-16, 9.19943166560539e-17]",0.0,6.557619955160014e-14,5.721958498152797e-14,1.249000902703301e-13,1.249000902703301e-13,1.0,0.0005728884620619524,60,True,0.000310434028506279,0.004820722155272961,0.018598051741719246,0
public_sf_004,0,public_sf_004_f000,direct,identity,clean,taco,CAMERA_LOCAL,OPEN3D_OFFICIAL_SINGLE_FRAME,WORLD_FIXED,OUTPUT,,TARGET_POINTS_PRESENT,UNIQUE_COMPARABLE,full asymmetric surface points define the injected rigid recovery,COMPARABLE_OUTPUT,True,"[[1.0, 9.006308152311891e-18, -8.984224121176151e-18, 0.0], [9.006308152311891e-18, 1.0, 5.538840873439757e-18, 0.0], [-8.984224121176151e-18, 5.538840873439757e-18, 1.0, 0.0], [0.0, 0.0, 0.0, 1.0]]","[[0.9999999991040579, 1.819591609401827e-05, -3.822031987872529e-05, 2.95085377152591e-05], [-1.8202823576982287e-05, 0.9999999835016763, -0.00018073545379462531, 0.00015894758638989177], [3.8217030601001615e-05, 0.0001807361493504366, 0.9999999829369512, -1.5545358351522577e-05], [0.0, 0.0, 0.0, 1.0]]","[0.0, 0.0, 0.0]","[0.029508537715259103, 0.15894758638989176, -0.015545358351522577]",0.1624091967332584,"[0.0, 0.0, 0.0]","[0.00018073580261047603, -3.821867545934894e-05, -1.819936994001718e-05]",0.010635633061957871,0.021164040740010902,0.021487295997819462,0.035094391689171785,0.038214624257847385,1.0,0.0005984216110814529,1536,True,0.0014539267867803574,0.009083133190870285,0.021851420402526855,3072
public_sf_004,0,public_sf_004_f000,direct,identity,clean,taco,CAMERA_LOCAL,OPEN3D_OFFICIAL_SINGLE_FRAME,CAMERA_LOCAL,OUTPUT,,TARGET_POINTS_PRESENT,UNIQUE_COMPARABLE,full asymmetric surface points define the injected rigid recovery,COMPARABLE_OUTPUT,True,"[[1.0, 0.0, 0.0, 0.0], [0.0, 1.0, 0.0, 0.0], [0.0, 0.0, 1.0, 0.0], [0.0, 0.0, 0.0, 1.0]]","[[0.9999999992300233, 1.6778249176104945e-05, -3.547455266822183e-05, 3.259492503608288e-05], [-1.678468510020291e-05, 0.9999999834005019, -0.00018143117250442277, 0.00018194319085972348], [3.547150798194147e-05, 0.00018143176779392058, 0.9999999829121428, -4.871619269123727e-06], [0.0, 0.0, 0.0, 1.0]]","[0.0, 0.0, 0.0]","[0.032594925036082883, 0.1819431908597235, -0.004871619269123727]",0.18490399268979812,"[0.0, 0.0, 0.0]","[0.0001814314711911124, -3.5473030528799314e-05, -1.6781467234528026e-05]",0.01063563580341894,0.02116457378701809,0.021489461929752866,0.035093275866640704,0.03821572645295932,1.0,0.0005984215845287727,1536,True,0.0014539267867803574,0.009083133190870285,0.02182294800877571,0
public_sf_004,1,public_sf_004_f001,direct,identity,clean,taco,CAMERA_LOCAL,OPEN3D_OFFICIAL_SINGLE_FRAME,WORLD_FIXED,OUTPUT,,TARGET_POINTS_PRESENT,UNIQUE_COMPARABLE,full asymmetric surface points define the injected rigid recovery,COMPARABLE_OUTPUT,True,"[[1.0, 2.0536302293284907e-17, 1.5415084316630524e-18, 0.0], [2.0536302293284907e-17, 1.0, -1.8715393627765278e-17, 0.0], [1.5415084316630524e-18, -1.8715393627765278e-17, 1.0, 0.0], [0.0, 0.0, 0.0, 1.0]]","[[0.9999999985668796, 1.939892050224097e-05, -4.989912411225761e-05, 3.917895876404939e-05], [-1.9407789198702526e-05, 0.9999999840162412, -0.00017773816421255985, 0.0001565563381043038], [4.989567538616428e-05, 0.00017773913238952163, 0.999999982959611, -2.0073084793415747e-05], [0.0, 0.0, 0.0, 1.0]]","[0.0, 0.0, 0.0]","[0.03917895876404939, 0.1565563381043038, -0.020073084793415748]",0.16262781602046997,"[0.0, 0.0, 0.0]","[0.00017773864932177214, -4.989740003576563e-05, -1.9403354961902848e-05]",0.01063562593415579,0.018076562304627918,0.018663959008891187,0.029983109786204623,0.0342538325143011,1.0,0.0005984216140873584,1536,True,0.0012919120490550995,0.009083133190870285,0.021186577156186104,3072
public_sf_004,1,public_sf_004_f001,direct,identity,clean,taco,CAMERA_LOCAL,OPEN3D_OFFICIAL_SINGLE_FRAME,CAMERA_LOCAL,OUTPUT,,TARGET_POINTS_PRESENT,UNIQUE_COMPARABLE,full asymmetric surface points define the injected rigid recovery,COMPARABLE_OUTPUT,True,"[[1.0, 0.0, 0.0, 0.0], [0.0, 1.0, 0.0, 0.0], [0.0, 0.0, 1.0, 0.0], [0.0, 0.0, 0.0, 1.0]]","[[0.9999999985912901, 1.62769433937827e-05, -5.0522083241175124e-05, 4.7133215413048263e-05], [-1.6285929802710273e-05, 0.9999999840475203, -0.00017787559551201026, 0.0001787259647330423], [5.051918716422333e-05, 0.0001778764180605363, 0.9999999829038957, -1.1477824038775313e-05], [0.0, 0.0, 0.0, 1.0]]","[0.0, 0.0, 0.0]","[0.04713321541304826, 0.1787259647330423, -0.011477824038775312]",0.18519246990521668,"[0.0, 0.0, 0.0]","[0.00017787600780779428, -5.0520635492833294e-05, -1.6281436691748865e-05]",0.010635629909276773,0.018076845181525598,0.01866210621455762,0.02998407538983523,0.034254679571175894,1.0,0.0005984215864809434,1536,True,0.0012919120490550995,0.009083133190870285,0.021021056920289993,0
public_sf_005,0,public_sf_005_f000,direct,translation,clean,artificial,WORLD_FIXED,OPEN3D_OFFICIAL_SINGLE_FRAME,WORLD_FIXED,OUTPUT,,TARGET_POINTS_PRESENT,UNIQUE_COMPARABLE,full asymmetric surface points define the injected rigid recovery,COMPARABLE_OUTPUT,True,"[[1.0, 0.0, 0.0, -0.001787129360676402], [0.0, 1.0, 0.0, -0.0022447699249147053], [0.0, 0.0, 1.0, 0.005800499030678125], [0.0, 0.0, 0.0, 1.0]]","[[1.0, -6.324849013682411e-14, -4.9224136742293705e-14, -0.001787129360633153], [6.324860309971274e-14, 1.0, 3.058043007120553e-14, -0.0022447699249625946], [4.922414979189505e-14, -3.058054717351049e-14, 0.9999999999999999, 0.005800499030534602], [0.0, 0.0, 0.0, 1.0]]","[-1.787129360676402, -2.2447699249147055, 5.800499030678124]","[-1.787129360633153, -2.2447699249625948, 5.800499030534603]",1.5736111351877516e-10,"[0.0, 0.0, 0.0]","[-3.058048862235801e-14, -4.922414326709438e-14, 6.324854661826843e-14]",0.0,1.3805834139740526e-10,1.3866698842502429e-10,1.4484843344546632e-10,1.4596961474151963e-10,1.0,0.0004931270666843107,54,True,0.00038196146488189697,0.004847581498324871,0.02045917697250843,6144
public_sf_005,0,public_sf_005_f000,direct,translation,clean,artificial,WORLD_FIXED,OPEN3D_OFFICIAL_SINGLE_FRAME,CAMERA_LOCAL,OUTPUT,,TARGET_POINTS_PRESENT,UNIQUE_COMPARABLE,full asymmetric surface points define the injected rigid recovery,COMPARABLE_OUTPUT,True,"[[1.0, -1.090611582018608e-17, 1.803449221078146e-17, -0.0017625767229011227], [-1.090611582018608e-17, 1.0, -1.9873338959925143e-17, -0.0021037723857111005], [1.803449221078146e-17, -1.9873338959925143e-17, 0.9999999999999999, 0.005860552654613521], [0.0, 0.0, 0.0, 1.0]]","[[1.0, -6.315657430972202e-14, -4.361524380776981e-14, -0.0017625767228521922], [6.31563360888806e-14, 0.9999999999999999, 3.105435665189734e-14, -0.0021037723857632064], [4.361521069407553e-14, -3.105445469596098e-14, 1.0, 0.005860552654467473], [0.0, 0.0, 0.0, 1.0]]","[-1.7625767229011227, -2.1037723857111006, 5.860552654613521]","[-1.7625767228521922, -2.1037723857632065, 5.860552654467473]",1.626015499752575e-10,"[0.0, 0.0, 0.0]","[-3.105440567392916e-14, -4.361522725092267e-14, 6.315645519930131e-14]",0.0,1.4182459409456177e-10,1.4256100758534396e-10,1.4780639921820864e-10,1.490900794349444e-10,1.0,0.0004931270666852175,54,True,0.00038196146488189697,0.004847581498324871,0.019098548218607903,0
public_sf_005,1,public_sf_005_f001,direct,translation,clean,artificial,WORLD_FIXED,OPEN3D_OFFICIAL_SINGLE_FRAME,WORLD_FIXED,OUTPUT,,TARGET_POINTS_PRESENT,UNIQUE_COMPARABLE,full asymmetric surface points define the injected rigid recovery,COMPARABLE_OUTPUT,True,"[[1.0, 0.0, 0.0, -0.001787129360676402], [0.0, 1.0, 0.0, -0.0022447699249147053], [0.0, 0.0, 1.0, 0.005800499030678125], [0.0, 0.0, 0.0, 1.0]]","[[1.0, 8.264593285736218e-15, -9.496150799111512e-15, -0.001787129360669536], [-8.264450800967081e-15, 1.0, -6.0900514560495764e-15, -0.0022447699249256267], [9.496164722215582e-15, 6.090181687365217e-15, 1.0, 0.0058004990306392175], [0.0, 0.0, 0.0, 1.0]]","[-1.787129360676402, -2.2447699249147055, 5.800499030678124]","[-1.787129360669536, -2.2447699249256265, 5.800499030639218]",4.099015555033365e-11,"[0.0, 0.0, 0.0]","[6.090116571707397e-15, -9.496157760663547e-15, -8.26452204335165e-15]",0.0,4.064636345966394e-11,4.067874350817832e-11,4.144051268148209e-11,4.185848394357792e-11,1.0,0.0004931270666912587,54,True,0.0002927985042333603,0.004847581498324871,0.020152928307652473,6144
public_sf_005,1,public_sf_005_f001,direct,translation,clean,artificial,WORLD_FIXED,OPEN3D_OFFICIAL_SINGLE_FRAME,CAMERA_LOCAL,OUTPUT,,TARGET_POINTS_PRESENT,UNIQUE_COMPARABLE,full asymmetric surface points define the injected rigid recovery,COMPARABLE_OUTPUT,True,"[[1.0, 3.646001632404555e-19, -3.53607390856834e-19, -0.0017906155632838872], [3.646001632404555e-19, 1.0, 3.2020645199506086e-18, -0.002472863001376245], [-3.53607390856834e-19, 3.2020645199506086e-18, 1.0, 0.005705896673919103], [0.0, 0.0, 0.0, 1.0]]","[[1.0, 7.779526617505154e-15, -9.146116233603685e-15, -0.0017906155632731484], [-7.779637804523507e-15, 1.0000000000000002, -4.176005652364436e-15, -0.0024728630013875898], [9.146198078162213e-15, 4.176134004325725e-15, 1.0, 0.0057058966738749795], [0.0, 0.0, 0.0, 1.0]]","[-1.7906155632838872, -2.472863001376245, 5.705896673919103]","[-1.7906155632731484, -2.47286300138759, 5.70589667387498]",4.680717536481067e-11,"[0.0, 0.0, 0.0]","[4.17606982834508e-15, -9.146157155882949e-15, -7.77958221101433e-15]",0.0,4.561017557704238e-11,4.5668758874513415e-11,4.630869272871667e-11,4.658911440137883e-11,1.0,0.0004931270666914655,54,True,0.0002927985042333603,0.004847581498324871,0.019163677468895912,0
public_sf_006,0,public_sf_006_f000,direct,translation,clean,taco,WORLD_FIXED,OPEN3D_OFFICIAL_SINGLE_FRAME,WORLD_FIXED,OUTPUT,,TARGET_POINTS_PRESENT,UNIQUE_COMPARABLE,full asymmetric surface points define the injected rigid recovery,COMPARABLE_OUTPUT,True,"[[1.0, 0.0, 0.0, -0.00044459737486033307], [0.0, 1.0, 0.0, 0.0070617711503909745], [0.0, 0.0, 1.0, -0.004976929023001777], [0.0, 0.0, 0.0, 1.0]]","[[0.9999999930345318, 0.00011570585713520797, 2.330431140304087e-05, -0.000474115732351875], [-0.0001156962306726163, 0.9999999081650769, -0.0004126550863259163, 0.0073862892506313844], [-2.3352055873354787e-05, 0.0004126523872305923, 0.9999999145863411, -0.004998785338478351], [0.0, 0.0, 0.0, 1.0]]","[-0.44459737486033307, 7.061771150390975, -4.9769290230017775]","[-0.474115732351875, 7.386289250631385, -4.998785338478351]",0.3265900018966513,"[0.0, 0.0, 0.0]","[0.0004126537494476908, 2.3328184354427717e-05, -0.00011570104745620525]",0.024591442884875945,0.04182965769794286,0.03920887446137242,0.07016031443735486,0.07938976328327443,1.0,0.0005984661567740654,1536,True,0.0014968905597925186,0.008964565582573414,0.02382393553853035,3072
public_sf_006,0,public_sf_006_f000,direct,translation,clean,taco,WORLD_FIXED,OPEN3D_OFFICIAL_SINGLE_FRAME,CAMERA_LOCAL,OUTPUT,,TARGET_POINTS_PRESENT,UNIQUE_COMPARABLE,full asymmetric surface points define the injected rigid recovery,COMPARABLE_OUTPUT,True,"[[0.9999999999999999, -1.826084715076968e-17, -4.743565766273242e-17, -0.000653326722693766], [-1.826084715076968e-17, 0.9999999999999999, 2.231597203442914e-17, 0.00696861653034541], [-4.743565766273242e-17, 2.231597203442914e-17, 0.9999999999999999, -0.005084058315227638], [0.0, 0.0, 0.0, 1.0]]","[[0.999999999626999, 1.9761271296812448e-05, -1.8854543230312092e-05, -0.0006435194147521049], [-1.9765585313877533e-05, 0.9999999736225199, -0.00022883242987774513, 0.007164585692346926], [1.885002071324853e-05, 0.00022883280246347595, 0.9999999736401122, -0.005115650549823128], [0.0, 0.0, 0.0, 1.0]]","[-0.653326722693766, 6.96861653034541, -5.084058315227638]","[-0.643519414752105, 7.164585692346925, -5.115650549823128]",0.19874145272533159,"[0.0, 0.0, 0.0]","[0.00022883261819617466, -1.8852282138655587e-05, -1.9763428480285483e-05]",0.0132042061028502,0.023954048831084766,0.022364568508709562,0.04012975856973748,0.044394588539202536,1.0,0.0005984335375695219,1536,True,0.0014968905597925186,0.008964565582573414,0.022719213739037514,0
public_sf_006,1,public_sf_006_f001,direct,translation,clean,taco,WORLD_FIXED,OPEN3D_OFFICIAL_SINGLE_FRAME,WORLD_FIXED,OUTPUT,,TARGET_POINTS_PRESENT,UNIQUE_COMPARABLE,full asymmetric surface points define the injected rigid recovery,COMPARABLE_OUTPUT,True,"[[1.0, 0.0, 0.0, -0.00044459737486033307], [0.0, 1.0, 0.0, 0.0070617711503909745], [0.0, 0.0, 1.0, -0.004976929023001777], [0.0, 0.0, 0.0, 1.0]]","[[0.9999999991911063, 3.933511405149988e-05, 8.398569202992692e-06, -0.0004578874830987632], [-3.933323823566213e-05, 0.9999999743099801, -0.00022323292047150663, 0.007233349329409314], [-8.407349879620342e-06, 0.00022323258994800727, 0.9999999750482633, -0.004993205265278246], [0.0, 0.0, 0.0, 1.0]]","[-0.44459737486033307, 7.061771150390975, -4.9769290230017775]","[-0.4578874830987632, 7.2333493294093145, -4.993205265278246]",0.17286010110745884,"[0.0, 0.0, 0.0]","[0.00022323275712400205, 8.402959613362809e-06, -3.933417648087583e-05]",0.012996250328145853,0.023406049035874336,0.021615450642894777,0.03993505863110828,0.046258768919525316,1.0,0.00059843010433703,1536,True,0.001347055658698082,0.008964565582573414,0.024820568040013313,3072
public_sf_006,1,public_sf_006_f001,direct,translation,clean,taco,WORLD_FIXED,OPEN3D_OFFICIAL_SINGLE_FRAME,CAMERA_LOCAL,OUTPUT,,TARGET_POINTS_PRESENT,UNIQUE_COMPARABLE,full asymmetric surface points define the injected rigid recovery,COMPARABLE_OUTPUT,True,"[[1.0, 3.514269917736791e-18, -1.1940771097178475e-17, -0.0004805843861083346], [3.514269917736791e-18, 0.9999999999999999, 3.352844495234529e-17, 0.00706001982117626], [-1.1940771097178475e-17, 3.352844495234529e-17, 1.0000000000000002, -0.0049760687172357015], [0.0, 0.0, 0.0, 1.0]]","[[0.9999999989183721, 4.646948425778158e-05, 1.9602673220528552e-06, -0.0004917887307175513], [-4.646903397928804e-05, 0.9999999726813464, -0.00022908063089899946, 0.007263292573740459], [-1.9709125272710415e-06, 0.0002290805395595116, 0.9999999737591108, -0.0050016336623928655], [0.0, 0.0, 0.0, 1.0]]","[-0.4805843861083346, 7.06001982117626, -4.976068717235702]","[-0.4917887307175513, 7.263292573740459, -5.001633662392866]",0.20518020297786307,"[0.0, 0.0, 0.0]","[0.00022908058731546075, 1.965589942562304e-06, -4.646925954172393e-05]",0.01339314686547504,0.024164039365609086,0.022542826246271262,0.040846992101591054,0.04745251899645794,1.0,0.0005984346650615088,1536,True,0.001347055658698082,0.008964565582573414,0.023551899939775467,0
public_sf_007,0,public_sf_007_f000,direct,translation,clean,artificial,CAMERA_LOCAL,OPEN3D_OFFICIAL_SINGLE_FRAME,WORLD_FIXED,OUTPUT,,TARGET_POINTS_PRESENT,UNIQUE_COMPARABLE,full asymmetric surface points define the injected rigid recovery,COMPARABLE_OUTPUT,True,"[[1.0, 3.8905038217655126e-18, 4.521653943574636e-17, 0.0024991178049834986], [3.8905038217655126e-18, 1.0, -4.5234702793681946e-18, 0.011882531068917582], [4.521653943574636e-17, -4.5234702793681946e-18, 1.0, 0.0019529912039692732], [0.0, 0.0, 0.0, 1.0]]","[[1.0, 1.6410272367940572e-16, 3.3549926589316425e-16, 0.002499117804983129], [-1.6030909304632298e-16, 1.0, 2.714859034772065e-16, 0.01188253106891738], [-3.3697304138963595e-16, -2.717728756961559e-16, 1.0, 0.001952991203969188], [0.0, 0.0, 0.0, 1.0]]","[2.4991178049834986, 11.882531068917581, 1.9529912039692732]","[2.499117804983129, 11.88253106891738, 1.952991203969188]",4.29281029581597e-13,"[0.0, 0.0, 0.0]","[-2.716293895866812e-16, 3.362361536414001e-16, -1.6220590836286437e-16]",0.0,2.480177471373541e-13,2.5076022610604667e-13,2.8168718352737274e-13,2.8449465006019636e-13,1.0,0.0005994448663516043,54,True,0.0004260260611772537,0.004804551601409912,0.020291196182370186,6144
public_sf_007,0,public_sf_007_f000,direct,translation,clean,artificial,CAMERA_LOCAL,OPEN3D_OFFICIAL_SINGLE_FRAME,CAMERA_LOCAL,OUTPUT,,TARGET_POINTS_PRESENT,UNIQUE_COMPARABLE,full asymmetric surface points define the injected rigid recovery,COMPARABLE_OUTPUT,True,"[[1.0, 0.0, 0.0, 0.002722095098193868], [0.0, 1.0, 0.0, 0.011790384613783792], [0.0, 0.0, 1.0, 0.0021980304786781107], [0.0, 0.0, 0.0, 1.0]]","[[0.9999999999999999, -6.584247846107158e-16, -1.0057460805474278e-15, 0.0027220950981947734], [6.574286182259036e-16, 0.9999999999999999, -8.485610134578072e-16, 0.011790384613784398], [1.0069828218559033e-15, 8.483977030860733e-16, 0.9999999999999999, 0.0021980304786779104], [0.0, 0.0, 0.0, 1.0]]","[2.722095098193868, 11.790384613783791, 2.1980304786781106]","[2.7220950981947736, 11.790384613784397, 2.1980304786779103]",1.1075435058210844e-12,"[0.0, 0.0, 0.0]","[8.484793582719404e-16, -1.0063644512016657e-15, 6.579267014183097e-16]",1.2074182697257333e-06,1.8484631753947839e-13,1.8747419154401104e-13,3.0823370541003096e-13,3.3306690738754696e-13,1.0,0.0005994448663516037,54,True,0.0004260260611772537,0.004804551601409912,0.01991259679198265,0
public_sf_007,1,public_sf_007_f001,direct,translation,clean,artificial,CAMERA_LOCAL,OPEN3D_OFFICIAL_SINGLE_FRAME,WORLD_FIXED,OUTPUT,,TARGET_POINTS_PRESENT,UNIQUE_COMPARABLE,full asymmetric surface points define the injected rigid recovery,COMPARABLE_OUTPUT,True,"[[0.9999999999999999, 1.887790650037257e-17, 1.783456328367187e-17, 0.0030381398447366717], [1.887790650037257e-17, 1.0, 2.8248353331195875e-17, 0.01173870881059793], [1.783456328367187e-17, 2.8248353331195875e-17, 1.0, 0.002055901455219236], [0.0, 0.0, 0.0, 1.0]]","[[0.9999999999999999, -6.321438130483586e-16, -8.403625179201245e-16, 0.0030381398447373964], [6.337070874755664e-16, 0.9999999999999999, 2.0721983676372838e-16, 0.011738708810597574], [8.404325160115103e-16, -2.092040267455129e-16, 1.0, 0.0020559014552189317], [0.0, 0.0, 0.0, 1.0]]","[3.038139844736672, 11.73870881059793, 2.055901455219236]","[3.038139844737396, 11.738708810597574, 2.055901455218932]",8.627355786046992e-13,"[0.0, 0.0, 0.0]","[-2.0821193175462065e-16, -8.403975169658174e-16, 6.329254502619625e-16]",1.2074182697257333e-06,1.46395774417531e-13,1.356953755040667e-13,2.618455766672135e-13,2.8305244335018377e-13,1.0,0.0005994448663515815,54,True,0.000372396782040596,0.004804551601409912,0.02039365842938423,9216
public_sf_007,1,public_sf_007_f001,direct,translation,clean,artificial,CAMERA_LOCAL,OPEN3D_OFFICIAL_SINGLE_FRAME,CAMERA_LOCAL,OUTPUT,,TARGET_POINTS_PRESENT,UNIQUE_COMPARABLE,full asymmetric surface points define the injected rigid recovery,COMPARABLE_OUTPUT,True,"[[1.0, 0.0, 0.0, 0.002722095098193868], [0.0, 1.0, 0.0, 0.011790384613783792], [0.0, 0.0, 1.0, 0.0021980304786781107], [0.0, 0.0, 0.0, 1.0]]","[[0.9999999999999999, -1.8958732623119538e-16, -2.0136656736936994e-16, 0.002722095098194119], [1.896680047628194e-16, 0.9999999999999999, -1.3475109006434252e-16, 0.011790384613783853], [2.0134919781727725e-16, 1.3896434154541658e-16, 1.0, 0.002198030478677967], [0.0, 0.0, 0.0, 1.0]]","[2.722095098193868, 11.790384613783791, 2.1980304786781106]","[2.722095098194119, 11.790384613783853, 2.198030478677967]",2.955407051519156e-13,"[0.0, 0.0, 0.0]","[1.3685771580487955e-16, -2.013578825933236e-16, 1.8962766549700738e-16]",0.0,1.3259444268316727e-13,1.1188630228279524e-13,2.305551267378102e-13,2.326341149472307e-13,1.0,0.0005994448663516013,54,True,0.000372396782040596,0.004804551601409912,0.01874019205570221,0
public_sf_008,0,public_sf_008_f000,direct,translation,clean,taco,CAMERA_LOCAL,OPEN3D_OFFICIAL_SINGLE_FRAME,WORLD_FIXED,OUTPUT,,TARGET_POINTS_PRESENT,UNIQUE_COMPARABLE,full asymmetric surface points define the injected rigid recovery,COMPARABLE_OUTPUT,True,"[[1.0, -1.1487335726139242e-17, 1.5369758854358265e-17, 0.0018691184365356855], [-1.1487335726139242e-17, 1.0000000000000002, 1.6674990285238594e-17, 0.005095337571105939], [1.5369758854358265e-17, 1.6674990285238594e-17, 1.0, -0.002981596504147463], [0.0, 0.0, 0.0, 1.0]]","[[0.9999999993622676, 3.536355404773653e-05, 4.988421958969393e-06, 0.0018607879330885826], [-3.536227100725208e-05, 0.999999966358039, -0.0002569697080979619, 0.005300815394424807], [-4.997509153310421e-06, 0.0002569695315321504, 0.9999999669708418, -0.0029888544544237785], [0.0, 0.0, 0.0, 1.0]]","[1.8691184365356857, 5.095337571105938, -2.981596504147463]","[1.8607879330885826, 5.300815394424807, -2.9888544544237785]",0.20577466074751657,"[0.0, 0.0, 0.0]","[0.00025696962269777785, 4.992965612151704e-06, -3.5362912924200474e-05]",0.014864788123826089,0.02644911679161989,0.026085982025473645,0.04585321829929597,0.04994339462713907,1.0,0.0005984437067120659,1536,True,0.0014447234570980072,0.008955968543887138,0.023136628791689873,3072
public_sf_008,0,public_sf_008_f000,direct,translation,clean,taco,CAMERA_LOCAL,OPEN3D_OFFICIAL_SINGLE_FRAME,CAMERA_LOCAL,OUTPUT,,TARGET_POINTS_PRESENT,UNIQUE_COMPARABLE,full asymmetric surface points define the injected rigid recovery,COMPARABLE_OUTPUT,True,"[[1.0, 0.0, 0.0, 0.0017481859409986871], [0.0, 1.0, 0.0, 0.005111372548055519], [0.0, 0.0, 1.0, -0.0030271608806841984], [0.0, 0.0, 0.0, 1.0]]","[[0.999999999456367, 2.9933906829425173e-05, 1.3828486628782616e-05, 0.0017314826411248376], [-2.9930347299973766e-05, 0.9999999664416666, -0.0002573341021147998, 0.0053362927842087555], [-1.3836189179758536e-05, 0.00025733368808349974, 0.9999999667939659, -0.0030381467727311246], [0.0, 0.0, 0.0, 1.0]]","[1.748185940998687, 5.1113725480555185, -3.0271608806841983]","[1.7314826411248376, 5.336292784208755, -3.0381467727311247]",0.22580700317299776,"[0.0, 0.0, 0.0]","[0.00025733389798592146, 1.3832338059441747e-05, -2.9932127400478084e-05]",0.014864694217051973,0.026449501460075808,0.026085599601895673,0.045854556510493825,0.04994502227811712,1.0,0.0005984436997920762,1536,True,0.0014447234570980072,0.008955968543887138,0.023285280913114548,0
public_sf_008,1,public_sf_008_f001,direct,translation,clean,taco,CAMERA_LOCAL,OPEN3D_OFFICIAL_SINGLE_FRAME,WORLD_FIXED,OUTPUT,,TARGET_POINTS_PRESENT,UNIQUE_COMPARABLE,full asymmetric surface points define the injected rigid recovery,COMPARABLE_OUTPUT,True,"[[1.0000000000000002, 9.345800464289882e-18, -5.1490063257863885e-18, 0.0016342309755905476], [9.345800464289882e-18, 1.0, 2.118974482569087e-18, 0.005221556862595296], [-5.1490063257863885e-18, 2.118974482569087e-18, 1.0, -0.002900106800786839], [0.0, 0.0, 0.0, 1.0]]","[[0.9999999984038502, 5.6466664740253264e-05, 1.9532490309869395e-06, 0.0016267846976535266], [-5.646617286022822e-05, 0.9999999669262172, -0.0002509165920678174, 0.00542807931212412], [-1.9674173894679216e-06, 0.000250916481374821, 0.9999999685185238, -0.0029108597167032454], [0.0, 0.0, 0.0, 1.0]]","[1.6342309755905475, 5.221556862595296, -2.900106800786839]","[1.6267846976535265, 5.42807931212412, -2.9108597167032455]",0.2069362085648768,"[0.0, 0.0, 0.0]","[0.000250916539487733, 1.960333231840565e-06, -5.646641942279627e-05]",0.014736426452648176,0.025659137997488667,0.025909573533357814,0.04200716092419385,0.04744046128640834,1.0,0.0005984303081872401,1536,True,0.0013101212680339813,0.008955968543887138,0.023871205747127533,3072
public_sf_008,1,public_sf_008_f001,direct,translation,clean,taco,CAMERA_LOCAL,OPEN3D_OFFICIAL_SINGLE_FRAME,CAMERA_LOCAL,OUTPUT,,TARGET_POINTS_PRESENT,UNIQUE_COMPARABLE,full asymmetric surface points define the injected rigid recovery,COMPARABLE_OUTPUT,True,"[[1.0, 0.0, 0.0, 0.0017481859409986871], [0.0, 1.0, 0.0, 0.005111372548055519], [0.0, 0.0, 1.0, -0.0030271608806841984], [0.0, 0.0, 0.0, 1.0]]","[[0.9999999992218582, 3.61982353211738e-05, -1.568347386466423e-05, 0.0017553137605032364], [-3.62017046105349e-05, 0.9999999748660814, -0.00022126290534577904, 0.005308440434419941], [1.5675464143761282e-05, 0.00022126347294209515, 0.9999999753983775, -0.0030446574700745974], [0.0, 0.0, 0.0, 1.0]]","[1.748185940998687, 5.1113725480555185, -3.0271608806841983]","[1.7553137605032365, 5.308440434419941, -3.0446574700745974]",0.197971433008216,"[0.0, 0.0, 0.0]","[0.00022126319100674018, -1.567946913621738e-05, -3.619997027061999e-05]",0.012877369298876198,0.022698267496867323,0.02240842086224489,0.0366824840113014,0.04215816694682961,1.0,0.0005984298490058212,1536,True,0.0013101212680339813,0.008955968543887138,0.022365963086485863,0
public_sf_009,0,public_sf_009_f000,direct,combined,noise,artificial,WORLD_FIXED,OPEN3D_OFFICIAL_SINGLE_FRAME,WORLD_FIXED,OUTPUT,,TARGET_POINTS_PRESENT,UNIQUE_COMPARABLE,full asymmetric surface points define the injected rigid recovery,COMPARABLE_OUTPUT,True,"[[0.999275440218153, 0.028190605484872004, -0.02557116225776597, -0.012505910803124753], [-0.02661670469231721, 0.9978475894254322, 0.05993112137425932, 0.009456336717715135], [0.02720561721664607, -0.05920707761957626, 0.9978749302150098, -0.009827637762582605], [0.0, 0.0, 0.0, 1.0]]","[[0.9991973830061013, 0.029484907847042652, -0.027115124986068957, -0.01114624521192647], [-0.027338460386637002, 0.9967035236984192, 0.07638517153769499, -0.003063401354191158], [0.029277950362807482, -0.0755825777306267, 0.9967096244976, -0.011709964103525265], [0.0, 0.0, 0.0, 1.0]]","[-12.505910803124753, 9.456336717715136, -9.827637762582604]","[-11.14624521192647, -3.063401354191158, -11.709964103525264]",12.73325113091056,"[-0.05961881040280834, -0.026410411066551398, -0.027426523665267256]","[-0.07607759323338797, -0.028231315316755445, -0.028446727121028997]",0.950534087693225,1.6182532141215569,1.5882188284449095,2.8259961955821433,3.0978570276586153,1.0,0.0006982490934239835,60,True,0.0008556153625249863,0.00483863428235054,0.02099212445318699,6144
public_sf_009,0,public_sf_009_f000,direct,combined,noise,artificial,WORLD_FIXED,OPEN3D_OFFICIAL_SINGLE_FRAME,CAMERA_LOCAL,OUTPUT,,TARGET_POINTS_PRESENT,UNIQUE_COMPARABLE,full asymmetric surface points define the injected rigid recovery,COMPARABLE_OUTPUT,True,"[[0.9992435906168338, 0.03011298722736629, -0.02460598730841563, -0.010703099674811072], [-0.028607324806015497, 0.9978238402753998, 0.059407110226777485, 0.004284561603117777], [0.026341366301324717, -0.058658262660070536, 0.9979305289663611, -0.008244246114836692], [0.0, 0.0, 0.0, 1.0]]","[[0.9991555154727428, 0.03197363325706822, -0.025805865161631632, -0.009467976038937684], [-0.02993505493272983, 0.9966697784588553, 0.07585014959082355, -0.009544242653082305], [0.028145130779093246, -0.07501359532190383, 0.9967852387201116, -0.009509628659676344], [0.0, 0.0, 0.0, 1.0]]","[-10.703099674811073, 4.284561603117777, -8.244246114836692]","[-9.467976038937683, -9.544242653082305, -9.509628659676343]",13.941397008082637,"[-0.05908194970818777, -0.025494934798713082, -0.029384657309559237]","[-0.07552491019718538, -0.027008769574353903, -0.0309925232113577]",0.95053380870559,1.6182527754119262,1.5882193106118048,2.8259955402524013,3.0978548430011075,1.0,0.0006982490463949282,60,True,0.0008556153625249863,0.00483863428235054,0.02008504793047905,0
public_sf_009,1,public_sf_009_f001,direct,combined,noise,artificial,WORLD_FIXED,OPEN3D_OFFICIAL_SINGLE_FRAME,WORLD_FIXED,OUTPUT,,TARGET_POINTS_PRESENT,UNIQUE_COMPARABLE,full asymmetric surface points define the injected rigid recovery,COMPARABLE_OUTPUT,True,"[[0.999275440218153, 0.028190605484872004, -0.02557116225776597, -0.012505910803124753], [-0.02661670469231721, 0.9978475894254322, 0.05993112137425932, 0.009456336717715135], [0.02720561721664607, -0.05920707761957626, 0.9978749302150098, -0.009827637762582605], [0.0, 0.0, 0.0, 1.0]]","[[0.9994250985111872, 0.026247060079103615, -0.02146076194145408, -0.016055787477361846], [-0.025047410115937595, 0.9982062807890026, 0.0543769090687456, 0.013076034853064846], [0.022849501359720345, -0.05380811119701679, 0.9982898313901737, -0.007821674246230611], [0.0, 0.0, 0.0, 1.0]]","[-12.505910803124753, 9.456336717715136, -9.827637762582604]","[-16.055787477361847, 13.076034853064847, -7.821674246230611]",5.452314061229603,"[-0.05961881040280834, -0.026410411066551398, -0.027426523665267256]","[-0.054129312148175, -0.022170204966501707, -0.025664684277379037]",0.4100411607955502,0.9068798037793685,0.8883331815742956,1.5282554850109036,1.6621778708393502,1.0,0.0006482051980965795,60,True,0.0003172140568494797,0.00483863428235054,0.0208514966070652,3072
public_sf_009,1,public_sf_009_f001,direct,combined,noise,artificial,WORLD_FIXED,OPEN3D_OFFICIAL_SINGLE_FRAME,CAMERA_LOCAL,OUTPUT,,TARGET_POINTS_PRESENT,UNIQUE_COMPARABLE,full asymmetric surface points define the injected rigid recovery,COMPARABLE_OUTPUT,True,"[[0.9992370649496449, 0.030073053388462664, -0.024917854857783233, -0.011220224014967223], [-0.02855198935008532, 0.9978317651184223, 0.05930052634510561, 0.004888780098121302], [0.026647174990446786, -0.05854382956852602, 0.9979291297905276, -0.007835100520390367], [0.0, 0.0, 0.0, 1.0]]","[[0.9993939606711987, 0.027880026660616196, -0.02084263628568973, -0.015092924508478496], [-0.026724333004743743, 0.9981935573618468, 0.05380921916133676, 0.008815733831858677], [0.02230518772361668, -0.05321960310547738, 0.9983336879249891, -0.005929972280467875], [0.0, 0.0, 0.0, 1.0]]","[-11.220224014967222, 4.888780098121302, -7.835100520390367]","[-15.092924508478497, 8.815733831858676, -5.929972280467875]",5.835091117532489,"[-0.058971349001334106, -0.02580403064592109, -0.02933698291063535]","[-0.05355081987944229, -0.021588589902933827, -0.027320754981143395]",0.41003809803815705,0.9068740557620345,0.8883277260448583,1.528245728161644,1.6621676570320605,1.0,0.0006482051970009282,60,True,0.0003172140568494797,0.00483863428235054,0.01989615149796009,0
public_sf_010,0,public_sf_010_f000,direct,combined,random_missing,artificial,WORLD_FIXED,OPEN3D_OFFICIAL_SINGLE_FRAME,WORLD_FIXED,OUTPUT,,TARGET_POINTS_PRESENT,UNIQUE_COMPARABLE,full asymmetric surface points define the injected rigid recovery,COMPARABLE_OUTPUT,True,"[[0.9975657611066476, -0.05411691680092928, 0.04397626159277387, 0.0027596723371310396], [0.054961951363386066, 0.9983218630208758, -0.018238468051252177, 0.004723216453531947], [-0.042915453743885355, 0.020611092413772257, 0.9988660804629754, -0.001352726186693384], [0.0, 0.0, 0.0, 1.0]]","[[0.9975657610962426, -0.054116916883633216, 0.04397626172703231, 0.002759671931088538], [0.05496195143533433, 0.9983218630226937, -0.018238467734923908, 0.004723216561835337], [-0.04291545389360878, 0.02061109210856734, 0.9988660804628405, -0.0013527265552623951], [0.0, 0.0, 0.0, 1.0]]","[2.7596723371310397, 4.723216453531947, -1.352726186693384]","[2.759671931088538, 4.723216561835336, -1.352726555262395]",5.589662364245866e-07,"[0.019441782763137287, 0.04348388587336958, 0.054587172506333194]","[0.01944178245212698, 0.04348388601554809, 0.05458717258380642]",0.0,6.203138361735359e-07,6.157324174898682e-07,6.588863853326544e-07,6.66894114427694e-07,1.0,0.00048461071376408805,45,True,0.0003825817257165909,0.005134758539497852,0.020136674866080284,6144
public_sf_010,0,public_sf_010_f000,direct,combined,random_missing,artificial,WORLD_FIXED,OPEN3D_OFFICIAL_SINGLE_FRAME,CAMERA_LOCAL,OUTPUT,,TARGET_POINTS_PRESENT,UNIQUE_COMPARABLE,full asymmetric surface points define the injected rigid recovery,COMPARABLE_OUTPUT,True,"[[0.9975327185438355, -0.05580749525700155, 0.04259106605480543, -0.001890685015245662], [0.05655120656485797, 0.9982640015569578, -0.01646038369993617, 0.005230185215091339], [-0.041598515245184146, 0.0188283474747548, 0.9989569844897056, -3.151186855578081e-05], [0.0, 0.0, 0.0, 1.0]]","[[0.9975327185437779, -0.05580749525735106, 0.04259106605569589, -0.0018906850178525808], [0.056551206565168294, 0.9982640015569625, -0.016460383698586586, 0.005230185215395596], [-0.041598515246142845, 0.018828347473471174, 0.9989569844896897, -3.15118707285332e-05], [0.0, 0.0, 0.0, 1.0]]","[-1.890685015245662, 5.230185215091339, -0.03151186855578081]","[-1.8906850178525807, 5.230185215395596, -0.031511870728533196]",3.4072644764242303e-09,"[0.017659809719153815, 0.042131636264648616, 0.056228524756035146]","[0.017659809717836265, 0.04213163626557449, 0.05622852475636601]",1.2074182697257333e-06,3.297279087700745e-09,3.2844311458965348e-09,3.4716798323599856e-09,3.5286800511492755e-09,1.0,0.00048461071540148047,45,True,0.0003825817257165909,0.005134758539497852,0.018811149522662163,0
public_sf_010,1,public_sf_010_f001,direct,combined,random_missing,artificial,WORLD_FIXED,OPEN3D_OFFICIAL_SINGLE_FRAME,WORLD_FIXED,OUTPUT,,TARGET_POINTS_PRESENT,UNIQUE_COMPARABLE,full asymmetric surface points define the injected rigid recovery,COMPARABLE_OUTPUT,True,"[[0.9975657611066476, -0.05411691680092928, 0.04397626159277387, 0.0027596723371310396], [0.054961951363386066, 0.9983218630208758, -0.018238468051252177, 0.004723216453531947], [-0.042915453743885355, 0.020611092413772257, 0.9988660804629754, -0.001352726186693384], [0.0, 0.0, 0.0, 1.0]]","[[0.9975657611066476, -0.05411691680092902, 0.043976261592774124, 0.0027596723371296848], [0.05496195136338577, 0.9983218630208758, -0.018238468051251684, 0.004723216453531953], [-0.042915453743885626, 0.02061109241377175, 0.9988660804629754, -0.0013527261866962323], [0.0, 0.0, 0.0, 1.0]]","[2.7596723371310397, 4.723216453531947, -1.352726186693384]","[2.7596723371296847, 4.723216453531953, -1.3527261866962323]",3.1542106604775815e-12,"[0.019441782763137287, 0.04348388587336958, 0.054587172506333194]","[0.019441782763136788, 0.04348388587336984, 0.05458717250633291]",0.0,3.1643475256944328e-12,3.139418147681847e-12,3.2301649423977066e-12,3.2487068343022357e-12,1.0,0.00048531333459762697,47,True,0.0003033056855201721,0.005134758539497852,0.0204218327999115,6144
public_sf_010,1,public_sf_010_f001,direct,combined,random_missing,artificial,WORLD_FIXED,OPEN3D_OFFICIAL_SINGLE_FRAME,CAMERA_LOCAL,OUTPUT,,TARGET_POINTS_PRESENT,UNIQUE_COMPARABLE,full asymmetric surface points define the injected rigid recovery,COMPARABLE_OUTPUT,True,"[[0.9975936392956581, -0.05460069512356246, 0.04272815147965492, -0.0018561723374720882], [0.05547903592069351, 0.998266530359952, -0.01964716102681319, 0.005127914018977333], [-0.04158133487702092, 0.02197039952133109, 0.9988935349348887, 0.00013612100045322373], [0.0, 0.0, 0.0, 1.0]]","[[0.9975936392956911, -0.05460069512314179, 0.042728151479425915, -0.0018561723367815286], [0.055479035920340945, 0.998266530359937, -0.019647161028579052, 0.005127914018928871], [-0.041581334876703624, 0.021970399523065492, 0.998893534934864, 0.0001361209984565531], [0.0, 0.0, 0.0, 1.0]]","[-1.8561723374720882, 5.127914018977332, 0.13612100045322373]","[-1.8561723367815286, 5.127914018928871, 0.1361209984565531]",2.1132710705135014e-09,"[0.02082699422139331, 0.04219164126950304, 0.055088041974470724]","[0.020826994223144997, 0.042191641269229696, 0.055088041974083825]",0.0,2.692159072806027e-09,2.6891414326956915e-09,2.9181190933192265e-09,2.9517537957491294e-09,1.0,0.00048531333467074134,47,True,0.0003033056855201721,0.005134758539497852,0.01953616552054882,0
public_sf_011,0,public_sf_011_f000,direct,combined,local_missing,artificial,WORLD_FIXED,OPEN3D_OFFICIAL_SINGLE_FRAME,WORLD_FIXED,OUTPUT,,TARGET_POINTS_PRESENT,UNIQUE_COMPARABLE,full asymmetric surface points define the injected rigid recovery,COMPARABLE_OUTPUT,True,"[[0.9997124173749586, -0.020322561913565917, 0.012730908199564519, -0.0060310220728591055], [0.020087617041653256, 0.9996303929216787, 0.018318438493446824, -0.002685012795454726], [-0.013098480366223431, -0.018057436820312918, 0.9997511484302362, -0.009870136794634653], [0.0, 0.0, 0.0, 1.0]]","[[0.9997124173749585, -0.020322561913566572, 0.012730908199564924, -0.006031022072859502], [0.020087617041653898, 0.9996303929216785, 0.01831843849344687, -0.002685012795454869], [-0.01309848036622384, -0.018057436820312956, 0.9997511484302363, -0.00987013679463445], [0.0, 0.0, 0.0, 1.0]]","[-6.0310220728591055, -2.685012795454726, -9.870136794634654]","[-6.031022072859502, -2.685012795454869, -9.87013679463445]",4.677565329439807e-13,"[-0.018190684658364025, 0.012916644844031348, 0.020208141138101807]","[-0.018190684658364067, 0.012916644844031756, 0.020208141138102455]",0.0,2.631274363986994e-13,2.384090656316458e-13,3.4450715967876505e-13,3.5448709203479756e-13,1.0,0.0006612636467825429,53,True,0.00040696747601032257,0.004745233803987503,0.02015133760869503,6144
public_sf_011,0,public_sf_011_f000,direct,combined,local_missing,artificial,WORLD_FIXED,OPEN3D_OFFICIAL_SINGLE_FRAME,CAMERA_LOCAL,OUTPUT,,TARGET_POINTS_PRESENT,UNIQUE_COMPARABLE,full asymmetric surface points define the injected rigid recovery,COMPARABLE_OUTPUT,True,"[[0.9997001752385818, -0.02119949991131797, 0.012253196785270317, -0.008098158271368193], [0.020981763322822363, 0.9996243463648735, 0.017633257284600426, -0.004540916904139845], [-0.012622410063597139, -0.017370876722545513, 0.999769437123418, -0.009941226212652393], [0.0, 0.0, 0.0, 1.0]]","[[0.9997001744128804, -0.021199515383044324, 0.012253237383673097, -0.008098152772507736], [0.02098177738826755, 0.9996243450919413, 0.017633312710222917, -0.004541064600111441], [-0.012622452078964704, -0.01737093109281688, 0.9997694356482814, -0.00994127587898833], [0.0, 0.0, 0.0, 1.0]]","[-8.098158271368193, -4.540916904139845, -9.941226212652394]","[-8.098152772507735, -4.541064600111441, -9.94127587898833]",0.00015592011549874006,"[-0.01750471041509887, 0.012439681958718984, 0.021093817024753367]","[-0.017504765331765808, 0.01243972327925393, 0.02109383180813644]",4.182619578303746e-06,0.00011652102374314813,0.00011626059804093725,0.00012093752354259836,0.0001223752925269201,1.0,0.0006612532124358545,53,True,0.00040696747601032257,0.004745233803987503,0.01968545839190483,0
public_sf_011,1,public_sf_011_f001,direct,combined,local_missing,artificial,WORLD_FIXED,OPEN3D_OFFICIAL_SINGLE_FRAME,WORLD_FIXED,OUTPUT,,TARGET_POINTS_PRESENT,UNIQUE_COMPARABLE,full asymmetric surface points define the injected rigid recovery,COMPARABLE_OUTPUT,True,"[[0.9997124173749586, -0.020322561913565917, 0.012730908199564519, -0.0060310220728591055], [0.020087617041653256, 0.9996303929216787, 0.018318438493446824, -0.002685012795454726], [-0.013098480366223431, -0.018057436820312918, 0.9997511484302362, -0.009870136794634653], [0.0, 0.0, 0.0, 1.0]]","[[0.9997124173749486, -0.02032256191377769, 0.012730908200004047, -0.006031022073349786], [0.020087617041848846, 0.9996303929216633, 0.018318438494074576, -0.002685012794849936], [-0.01309848036667923, -0.018057436820928977, 0.9997511484302192, -0.009870136795174622], [0.0, 0.0, 0.0, 1.0]]","[-6.0310220728591055, -2.685012795454726, -9.870136794634654]","[-6.031022073349786, -2.685012794849936, -9.870136795174622]",9.47683998495443e-10,"[-0.018190684658364025, 0.012916644844031348, 0.020208141138101807]","[-0.01819068465898615, 0.012916644844479172, 0.020208141138305658]",0.0,1.3298916078351172e-09,1.3282846774000444e-09,1.4005275488635967e-09,1.4592230043867265e-09,1.0,0.0006323228203976137,53,True,0.00036920420825481415,0.004745233803987503,0.019996564835309982,6144
public_sf_011,1,public_sf_011_f001,direct,combined,local_missing,artificial,WORLD_FIXED,OPEN3D_OFFICIAL_SINGLE_FRAME,CAMERA_LOCAL,OUTPUT,,TARGET_POINTS_PRESENT,UNIQUE_COMPARABLE,full asymmetric surface points define the injected rigid recovery,COMPARABLE_OUTPUT,True,"[[0.9997239793131655, -0.01987514346237297, 0.012527723600046708, -0.007346210925587057], [0.01963591156364795, 0.9996278154052763, 0.018938364373392223, -0.005182783205533302], [-0.012899463683179707, -0.018687143720346074, 0.9997421640084313, -0.009957816747974801], [0.0, 0.0, 0.0, 1.0]]","[[0.9997239793131564, -0.019875143462545354, 0.012527723600511059, -0.007346210926125016], [0.01963591156380471, 0.9996278154052632, 0.018938364373928374, -0.005182783204790843], [-0.012899463683657611, -0.01868714372087078, 0.9997421640084156, -0.009957816748489135], [0.0, 0.0, 0.0, 1.0]]","[-7.346210925587057, -5.182783205533302, -9.957816747974801]","[-7.346210926125016, -5.182783204790843, -9.957816748489135]",1.0512771598344686e-09,"[-0.018815595417026817, 0.012715513829666483, 0.01975851127424949]","[-0.018815595417557444, 0.01271551383013776, 0.01975851127441421]",0.0,1.4130129395758616e-09,1.4122517879348866e-09,1.4729102911230218e-09,1.5253741360645603e-09,1.0,0.0006323228203929057,53,True,0.00036920420825481415,0.004745233803987503,0.019048787653446198,0
public_sf_012,0,public_sf_012_f000,direct,combined,outliers,artificial,WORLD_FIXED,OPEN3D_OFFICIAL_SINGLE_FRAME,WORLD_FIXED,OUTPUT,,TARGET_POINTS_PRESENT,UNIQUE_COMPARABLE,full asymmetric surface points define the injected rigid recovery,COMPARABLE_OUTPUT,True,"[[0.9985532635544723, 0.03396516154546404, 0.04168630045834215, 0.01575025084518706], [-0.03462164410897643, 0.9992859821343875, 0.015128372976103832, 0.0003658800615592353], [-0.0411426980630102, -0.01654973446624635, 0.9990162084196595, -0.00017874716616300053], [0.0, 0.0, 0.0, 1.0]]","[[0.997363330187376, 0.06274817309514419, 0.03645619797468597, 0.01868743229025001], [-0.06521823958831423, 0.9953374738698048, 0.07106260856088331, -0.03736559057064128], [-0.03182717113645062, -0.07325284898007652, 0.9968054229857265, 0.0025169140886917604], [0.0, 0.0, 0.0, 1.0]]","[15.75025084518706, 0.3658800615592353, -0.17874716616300054]","[18.68743229025001, -37.36559057064128, 2.5169140886917605]",37.9415010313345,"[-0.01584736005055395, 0.04143621788591576, -0.034311387001301555]","[-0.07228419536981757, 0.03420152267429756, -0.06409534593728797]",3.679298411489784,6.016024188257394,5.788177904697417,10.948081823243035,12.210830034007154,1.0,0.002533707600945722,48,True,0.0004294831305742264,0.004740176722407341,0.020596943795681,6144
public_sf_012,0,public_sf_012_f000,direct,combined,outliers,artificial,WORLD_FIXED,OPEN3D_OFFICIAL_SINGLE_FRAME,CAMERA_LOCAL,OUTPUT,,TARGET_POINTS_PRESENT,UNIQUE_COMPARABLE,full asymmetric surface points define the injected rigid recovery,COMPARABLE_OUTPUT,True,"[[0.9985816422557262, 0.032956714053157976, 0.04181577153031258, 0.011924919258213642], [-0.033685531676988185, 0.9992904994181073, 0.016845851962663493, -0.0006980644069052196], [-0.04123091928996412, -0.018230545014555344, 0.9989833124346856, -0.0002983419643865781], [0.0, 0.0, 0.0, 1.0]]","[[0.9975027995694334, 0.06109009077405919, 0.03544242740501887, 0.015803027374418244], [-0.0635500641976209, 0.9953033109082147, 0.0730253971959341, -0.04264398187723868], [-0.030814837199327975, -0.07509540667952251, 0.9967001182422003, 0.0032427951636902503], [0.0, 0.0, 0.0, 1.0]]","[11.924919258213642, -0.6980644069052195, -0.2983419643865781]","[15.803027374418244, -42.64398187723868, 3.2427951636902503]",42.27338840392195,"[-0.01754739588486318, 0.04154512111656378, -0.03333859715530929]","[-0.07419020321942531, 0.03318669489461393, -0.06242930219596138]",3.679297798598803,6.0160231365398715,5.788177114274843,10.94807986942051,12.210827785222428,1.0,0.0025337075896653535,48,True,0.0004294831305742264,0.004740176722407341,0.019990969449281693,0
public_sf_012,1,public_sf_012_f001,direct,combined,outliers,artificial,WORLD_FIXED,OPEN3D_OFFICIAL_SINGLE_FRAME,WORLD_FIXED,OUTPUT,,TARGET_POINTS_PRESENT,UNIQUE_COMPARABLE,full asymmetric surface points define the injected rigid recovery,COMPARABLE_OUTPUT,True,"[[0.9985532635544723, 0.03396516154546404, 0.04168630045834215, 0.01575025084518706], [-0.03462164410897643, 0.9992859821343875, 0.015128372976103832, 0.0003658800615592353], [-0.0411426980630102, -0.01654973446624635, 0.9990162084196595, -0.00017874716616300053], [0.0, 0.0, 0.0, 1.0]]","[[0.9976422519720669, 0.045583058031265375, 0.05130420938501194, 0.007385011636627212], [-0.046131241632949974, 0.9988897231930941, 0.009551410609234454, 0.00727532975882446], [-0.050811865007153956, -0.011895617669634007, 0.998637395982522, 0.0021308455918116085], [0.0, 0.0, 0.0, 1.0]]","[15.75025084518706, 0.3658800615592353, -0.17874716616300054]","[7.385011636627212, 7.27532975882446, 2.1308455918116085]",11.092877933302713,"[-0.01584736005055395, 0.04143621788591576, -0.034311387001301555]","[-0.010732156041975551, 0.051099184023108334, -0.04589410535009542]",0.9125581155524902,1.5518331265057608,1.5564981730346164,2.688967957110555,2.943025886057892,1.0,0.001176849351224919,48,True,0.00030432455241680145,0.004740176722407341,0.020863905549049377,3072
public_sf_012,1,public_sf_012_f001,direct,combined,outliers,artificial,WORLD_FIXED,OPEN3D_OFFICIAL_SINGLE_FRAME,CAMERA_LOCAL,OUTPUT,,TARGET_POINTS_PRESENT,UNIQUE_COMPARABLE,full asymmetric surface points define the injected rigid recovery,COMPARABLE_OUTPUT,True,"[[0.9985702841371881, 0.03528885416635782, 0.04015077097393029, 0.01194573645285943], [-0.03596199693111704, 0.9992223581810329, 0.01616829266997453, -0.0006399051200020739], [-0.03954898753320749, -0.017589078508016234, 0.9990628117902982, 2.969816212924914e-05], [0.0, 0.0, 0.0, 1.0]]","[[0.9976555926897467, 0.04689798296436407, 0.04983871556074061, 0.0021590392115879323], [-0.047488359807427605, 0.9988141824594052, 0.010727749099896116, 0.006037029109919693], [-0.049276506143095096, -0.013069357743372246, 0.9986996634777171, 0.001674163659640982], [0.0, 0.0, 0.0, 1.0]]","[11.94573645285943, -0.6399051200020739, 0.02969816212924914]","[2.1590392115879324, 6.037029109919693, 1.6741636596409821]",11.960984924976648,"[-0.01688753712296026, 0.03987077735951733, -0.03564410826325304]","[-0.011908142134806473, 0.04959754795175885, -0.04723120304975234]",0.9124998752313372,1.5517438540372743,1.5564187488461685,2.6888754569594533,2.9428595121572276,1.0,0.0011768494360809975,48,True,0.00030432455241680145,0.004740176722407341,0.019775064662098885,0
public_sf_013,0,public_sf_013_f000,direct,combined,combined,artificial,WORLD_FIXED,OPEN3D_OFFICIAL_SINGLE_FRAME,WORLD_FIXED,OUTPUT,,TARGET_POINTS_PRESENT,UNIQUE_COMPARABLE,full asymmetric surface points define the injected rigid recovery,COMPARABLE_OUTPUT,True,"[[0.9998532468524598, -0.01340192913541959, 0.010671131807042399, 0.00031978501309564523], [0.013812247959617814, 0.9991298573952719, -0.03935415947019386, 0.004997232263382643], [-0.010134424744212864, 0.03949577644195145, 0.9991683427122535, -0.002093817048322959], [0.0, 0.0, 0.0, 1.0]]","[[0.9985165154057302, -0.01099087359626923, 0.05332887735166936, -0.03155029255867211], [0.011599439448251047, 0.9998709410881732, -0.011115492428905815, -0.01275687871827695], [-0.05319982581254302, 0.0117175878508137, 0.998515135923574, 0.010633328162336824], [0.0, 0.0, 0.0, 1.0]]","[0.3197850130956452, 4.997232263382643, -2.093817048322959]","[-31.55029255867211, -12.75687871827695, 10.633328162336824]",38.63794153927976,"[0.0394371189726123, 0.01040598447559275, 0.013611282335530949]","[0.011422437406268245, 0.05329186552831991, 0.011300991087401705]",2.9377671008894963,5.668592584767801,5.665126348992576,8.215015652256477,9.713069832400297,1.0,0.004025504769898853,55,True,0.00037608295679092407,0.004716956987977028,0.020422261208295822,6144
public_sf_013,0,public_sf_013_f000,direct,combined,combined,artificial,WORLD_FIXED,OPEN3D_OFFICIAL_SINGLE_FRAME,CAMERA_LOCAL,OUTPUT,,TARGET_POINTS_PRESENT,UNIQUE_COMPARABLE,full asymmetric surface points define the injected rigid recovery,COMPARABLE_OUTPUT,True,"[[0.9998177333738004, -0.014512712492730399, 0.01240488643153755, -0.001010311778050145], [0.014979749204210293, 0.9991492141745542, -0.03842466562183425, 0.009466946475767254], [-0.011836686405196375, 0.03860348417531959, 0.9991844994116306, -0.002694502347167241], [0.0, 0.0, 0.0, 1.0]]","[[0.9984789539580089, -0.010349681715414744, 0.054154063479210646, -0.037051332872790214], [0.010840964410538844, 0.9999026345900243, -0.008786058876303515, -0.012339626167908744], [-0.05405785783371549, 0.009359777151089195, 0.9984939371764416, 0.007610871194162273], [0.0, 0.0, 0.0, 1.0]]","[-1.010311778050145, 9.466946475767253, -2.6945023471672407]","[-37.05133287279021, -12.339626167908744, 7.610871194162273]",43.366836820798355,"[0.038525945172298466, 0.012124522118961756, 0.014750775727115192]","[0.009077645651260955, 0.05413415372198864, 0.01060084398218338]",2.9488488023844717,5.682004209483008,5.686662524366268,8.224108071130383,9.729019582242179,1.0,0.0040254034006572195,55,True,0.00037608295679092407,0.004716956987977028,0.019468912854790688,0
public_sf_013,1,public_sf_013_f001,direct,combined,combined,artificial,WORLD_FIXED,OPEN3D_OFFICIAL_SINGLE_FRAME,WORLD_FIXED,OUTPUT,,TARGET_POINTS_PRESENT,UNIQUE_COMPARABLE,full asymmetric surface points define the injected rigid recovery,COMPARABLE_OUTPUT,True,"[[0.9998532468524598, -0.01340192913541959, 0.010671131807042399, 0.00031978501309564523], [0.013812247959617814, 0.9991298573952719, -0.03935415947019386, 0.004997232263382643], [-0.010134424744212864, 0.03949577644195145, 0.9991683427122535, -0.002093817048322959], [0.0, 0.0, 0.0, 1.0]]","[[0.9997566082437126, -0.020453421105112328, 0.0082693311775974, 0.0025538249019469317], [0.020815355989204212, 0.9987083431864024, -0.04635047146377402, 0.007782489729402686], [-0.0073106243283688815, 0.04651131921337403, 0.9988910110502353, -0.0030277876935766055], [0.0, 0.0, 0.0, 1.0]]","[0.3197850130956452, 4.997232263382643, -2.093817048322959]","[2.553824901946932, 7.782489729402686, -3.0277876935766055]",3.690649609918906,"[0.0394371189726123, 0.01040598447559275, 0.013611282335530949]","[0.04645136700277708, 0.007793412401562399, 0.020643486374591756]",0.5884217392662294,1.0615465468553635,1.0735587349472295,1.8707483440687853,2.210730488076613,1.0,0.0018065022158067314,54,True,0.0003931596875190735,0.004716956987977028,0.02084794081747532,6144
public_sf_013,1,public_sf_013_f001,direct,combined,combined,artificial,WORLD_FIXED,OPEN3D_OFFICIAL_SINGLE_FRAME,CAMERA_LOCAL,OUTPUT,,TARGET_POINTS_PRESENT,UNIQUE_COMPARABLE,full asymmetric surface points define the injected rigid recovery,COMPARABLE_OUTPUT,True,"[[0.999846581467136, -0.014344942387647112, 0.010051674307150102, -0.00045505273416047987], [0.014728498576211372, 0.9991234350404355, -0.0391846000705771, 0.009539204643267095], [-0.009480762531172048, 0.039326634497444786, 0.9991814304524138, -0.0026963936618734224], [0.0, 0.0, 0.0, 1.0]]","[[0.9997397053326553, -0.021543524403354553, 0.007509869350276136, 0.0021492599486727013], [0.021866625694385522, 0.998702667815485, -0.045987302366787615, 0.013281175499759155], [-0.006509397984283134, 0.046139547619312146, 0.9989137950210555, -0.0034670607692104823], [0.0, 0.0, 0.0, 1.0]]","[-0.45505273416047987, 9.539204643267094, -2.6963936618734223]","[2.149259948672701, 13.281175499759156, -3.4670607692104825]",4.623712602566573,"[0.039267716105636466, 0.009769228427480504, 0.0145412007881962]","[0.04608373305654862, 0.007012724016849592, 0.021714644203625764]",0.5885265576228494,1.0616406617826353,1.0734457851199477,1.8708877100286418,2.2109263353402984,1.0,0.0018064960321843545,54,True,0.0003931596875190735,0.004716956987977028,0.019485021010041237,0
public_sf_014,0,public_sf_014_f000,direct,combined,strong_combined,artificial,WORLD_FIXED,OPEN3D_OFFICIAL_SINGLE_FRAME,WORLD_FIXED,OUTPUT,,TARGET_POINTS_PRESENT,UNIQUE_COMPARABLE,full asymmetric surface points define the injected rigid recovery,COMPARABLE_OUTPUT,True,"[[0.9999106296300612, 0.01250399419866007, -0.004731055050893568, 0.007498995810620518], [-0.012634932887742202, 0.9995070465254124, -0.028740605716812, -0.01050675903819206], [0.004369350493718802, 0.02879781372130307, 0.9995757073384368, -0.008826929816974305], [0.0, 0.0, 0.0, 1.0]]","[[0.9993736775940423, -0.011332870934175444, 0.03352340329604259, -0.015161113296588556], [0.012858886986277011, 0.9988742157900886, -0.045661253325013806, -0.0011527209466938027], [-0.03296819008732435, 0.04606372831335129, 0.9983943265945776, -0.005227452015911287], [0.0, 0.0, 0.0, 1.0]]","[7.498995810620518, -10.50675903819206, -8.826929816974305]","[-15.161113296588557, -1.1527209466938027, -5.227452015911287]",24.777708001511467,"[0.02877403728453466, -0.004550966310895948, -0.012571572739416802]","[0.04588817409366733, 0.0332644145405322, 0.01210265272619317]",2.7665725648870874,11.474974309523889,11.604670555944583,15.697027432891357,18.533178687566494,1.0,0.00729812926102597,35,True,0.0004261154681444168,0.004693802446126938,0.023803625255823135,6144
public_sf_014,0,public_sf_014_f000,direct,combined,strong_combined,artificial,WORLD_FIXED,OPEN3D_OFFICIAL_SINGLE_FRAME,CAMERA_LOCAL,OUTPUT,,TARGET_POINTS_PRESENT,UNIQUE_COMPARABLE,full asymmetric surface points define the injected rigid recovery,COMPARABLE_OUTPUT,True,"[[0.9998951087501692, 0.013505004776966489, -0.005233196294942105, 0.006996710282066415], [-0.013647336994113373, 0.9995094035915015, -0.028190465145683293, -0.007467786039334477], [0.004849916541177498, 0.028258927405954246, 0.9995888711522396, -0.010265674592117816], [0.0, 0.0, 0.0, 1.0]]","[[0.9767313193016365, -0.05340687713628777, 0.2077104604246857, -0.15893027078144728], [0.09346401763965204, 0.9776893247316356, -0.18811714890581654, 0.11611730705982758], [-0.1930295503334664, 0.20315336517111315, 0.9599314053190013, 0.05345783007588885], [0.0, 0.0, 0.0, 1.0]]","[6.996710282066415, -7.467786039334477, -10.265674592117815]","[-158.9302707814473, 116.11730705982758, 53.45783007588885]",216.4849263305731,"[0.02822943247019721, -0.005042402407364078, -0.013578449010469973]","[0.1984766150508578, 0.20328012970352297, 0.07450200563512904]",16.219296948584518,48.13352253212361,47.67457325186693,75.74158947942028,84.4434643209449,1.0,0.01772057119072954,35,False,0.0004261154681444168,0.004693802446126938,0.023618018254637718,0
public_sf_014,1,public_sf_014_f001,direct,combined,strong_combined,artificial,WORLD_FIXED,OPEN3D_OFFICIAL_SINGLE_FRAME,WORLD_FIXED,OUTPUT,,TARGET_POINTS_PRESENT,UNIQUE_COMPARABLE,full asymmetric surface points define the injected rigid recovery,COMPARABLE_OUTPUT,True,"[[0.9999106296300612, 0.01250399419866007, -0.004731055050893568, 0.007498995810620518], [-0.012634932887742202, 0.9995070465254124, -0.028740605716812, -0.01050675903819206], [0.004369350493718802, 0.02879781372130307, 0.9995757073384368, -0.008826929816974305], [0.0, 0.0, 0.0, 1.0]]","[[0.9989582481280269, 0.04543530888690734, -0.004248670772735777, 0.005586040487228609], [-0.04540210904799881, 0.9989398145583765, 0.007608901633585911, -0.031023367883661862], [0.004589879189848227, -0.007408076432332643, 0.9999620259852847, -0.007785248481246281], [0.0, 0.0, 0.0, 1.0]]","[7.498995810620518, -10.50675903819206, -8.826929816974305]","[5.586040487228608, -31.023367883661862, -7.785248481246281]",20.63191063843839,"[0.02877403728453466, -0.004550966310895948, -0.012571572739416802]","[-0.007511168096375992, -0.004420851798928521, -0.04543491457168251]",2.804840240352671,3.9599705156184744,3.7980557601533507,7.066991060556919,8.513621399035339,1.0,0.002769827001404574,36,True,0.000319628044962883,0.004693802446126938,0.020262520760297775,3072
public_sf_014,1,public_sf_014_f001,direct,combined,strong_combined,artificial,WORLD_FIXED,OPEN3D_OFFICIAL_SINGLE_FRAME,CAMERA_LOCAL,OUTPUT,,TARGET_POINTS_PRESENT,UNIQUE_COMPARABLE,full asymmetric surface points define the injected rigid recovery,COMPARABLE_OUTPUT,True,"[[0.9999207753747532, 0.011982291873042521, -0.003855859880973729, 0.008068357498014163], [-0.012089495902424753, 0.999503466769122, -0.029097491392416703, -0.007309523324257926], [0.003505290683771959, 0.029141801556796958, 0.9995691413500352, -0.009359244273760198], [0.0, 0.0, 0.0, 1.0]]","[[0.9989516585693827, 0.045563624281296095, -0.004420405392325774, 0.006054953567827016], [-0.04553384964370052, 0.9989408774962035, 0.006617537588859726, -0.030737522715507486], [0.004717242637864991, -0.0064093220755383, 0.9999683336048334, -0.007629970784870156], [0.0, 0.0, 0.0, 1.0]]","[8.068357498014162, -7.309523324257926, -9.359244273760197]","[6.054953567827017, -30.737522715507485, -7.629970784870156]",23.577856935308194,"[0.029124532844493234, -0.0036811928946862394, -0.012037913549253232]","[-0.006515753005360704, -0.004570453597297971, -0.04556498302731919]",2.8039347497609377,3.958815744370492,3.7962096754219994,7.064415846336953,8.511075691093737,1.0,0.0027697971878639436,36,True,0.000319628044962883,0.004693802446126938,0.01939389295876026,0
public_sf_015,0,public_sf_015_f000,image,none_nonzero,uint16,artificial,WORLD_FIXED,OPEN3D_OFFICIAL_SINGLE_FRAME,WORLD_FIXED,STOPPED_INSUFFICIENT_CORRESPONDENCES,16 correspondences < 24,TARGET_POINTS_PRESENT,UNIQUENESS_UNPROVEN,"the generator knows the injected recovery, but partial image evidence has not been proven globally unique",STOPPED_OR_FAILED,False,"[[0.9999991909128747, -0.0011754614592636204, 0.0004862755944930476, 0.0004642615627415697], [0.0011760702617922018, 0.9999985226913408, -0.001253584410899263, -0.00022333830195133076], [-0.0004848013359529328, 0.001254155290905983, 0.9999990960306768, -0.00010698784907329031], [0.0, 0.0, 0.0, 1.0]]","[[0.9999951772809996, -0.00310454687942647, 8.487293796060195e-05, -0.0003273405894476526], [0.003104581684240318, 0.9999950954598746, -0.00041307234501712, 2.1675217057227866e-06], [-8.359011923817186e-05, 0.00041333384785395327, 0.9999999110839071, 0.00028630395650757357], [0.0, 0.0, 0.0, 1.0]]","[0.4642615627415697, -0.22333830195133075, -0.10698784907329031]","[-0.3273405894476526, 0.0021675217057227866, 0.28630395650757356]",0.9122309401631316,"[0.001253870517620152, 0.00048553872339731794, 0.0011757664857153728]","[0.0004132037724491964, 8.423166640489808e-05, 0.003104569361001194]",0.12272599930326357,1.5994429331702713,1.588069284206469,1.8270631815845322,1.8679917083981696,1.0,0.0005008041624786846,16,True,0.001386146992444992,0.004652003757655621,0.019837886095046997,6144
public_sf_015,0,public_sf_015_f000,image,none_nonzero,uint16,artificial,WORLD_FIXED,OPEN3D_OFFICIAL_SINGLE_FRAME,CAMERA_LOCAL,STOPPED_INSUFFICIENT_CORRESPONDENCES,16 correspondences < 24,TARGET_POINTS_PRESENT,UNIQUENESS_UNPROVEN,"the generator knows the injected recovery, but partial image evidence has not been proven globally unique",STOPPED_OR_FAILED,False,"[[0.9999991752122223, -0.0011878502561921368, 0.0004884533184974739, 0.0004591941853477619], [0.001188455651080414, 0.9999985237509406, -0.0012409952075438933, -0.0002231862123295448], [-0.00048697848094352204, 0.0012415746890929163, 0.9999991106717298, -9.5314148116588e-05], [0.0, 0.0, 0.0, 1.0]]","[[0.9999931227361193, -0.0036926461451149708, -0.0003447389033022329, 0.00011316206578723829], [0.0036925637222965713, 0.9999931538024665, -0.00023941878271429193, -0.00025554892558804764], [0.00034562063199666137, 0.00023814416580014713, 0.9999999119168637, 0.00024182889698740206], [0.0, 0.0, 0.0, 1.0]]","[0.4591941853477619, -0.22318621232954478, -0.09531414811658799]","[0.11316206578723828, -0.25554892558804765, 0.24182889698740206]",0.48420141040582654,"[0.0012412856083441905, 0.00048771615905262824, 0.0011881535854102996]","[0.0002387820239155661, -0.0003451805622292652, 0.0036926134338255098]",0.16176342446371905,1.4733007963123055,1.4594973625937355,1.7858460287835818,1.8420437207382419,1.0,0.00047215842826058794,16,True,0.001386146992444992,0.004652003757655621,0.019265148788690567,0
public_sf_015,1,public_sf_015_f001,image,none_nonzero,uint16,artificial,WORLD_FIXED,OPEN3D_OFFICIAL_SINGLE_FRAME,WORLD_FIXED,STOPPED_INSUFFICIENT_CORRESPONDENCES,14 correspondences < 24,TARGET_POINTS_PRESENT,UNIQUENESS_UNPROVEN,"the generator knows the injected recovery, but partial image evidence has not been proven globally unique",STOPPED_OR_FAILED,False,"[[0.9999969022361446, -0.0022558040979310527, 0.0010520769869598952, -9.20374307799994e-05], [0.002256606259167729, 0.9999971636203049, -0.0007618920765725499, 0.00022637937399993074], [-0.001050355323601575, 0.0007642638399247177, 0.9999991563268827, 0.0004092426270775578], [0.0, 0.0, 0.0, 1.0]]","[[0.9999967614483161, -0.001924065599432574, 0.001665852469134758, -0.00025823089195390085], [0.0019247528597773139, 0.9999980631790916, -0.00041105290912248126, -0.000350285370941006], [-0.0016650583499148764, 0.0004142579322103245, 0.9999985279844451, 0.00028075820930244786], [0.0, 0.0, 0.0, 1.0]]","[-0.0920374307799994, 0.22637937399993074, 0.40924262707755776]","[-0.25823089195390087, -0.350285370941006, 0.2807582093024479]",0.6137350733058732,"[0.0007630788202502196, 0.0010512173427740744, 0.00225620772724369]","[0.000412655877847136, 0.001665457254682028, 0.001924411361656962]",0.0447558676179939,0.49464279907287845,0.49123795401408765,0.5534198078675509,0.5776118692324504,1.0,0.0006378428844461978,14,True,0.00048132985830307007,0.004652003757655621,0.019956694915890694,6144
public_sf_015,1,public_sf_015_f001,image,none_nonzero,uint16,artificial,WORLD_FIXED,OPEN3D_OFFICIAL_SINGLE_FRAME,CAMERA_LOCAL,STOPPED_INSUFFICIENT_CORRESPONDENCES,14 correspondences < 24,TARGET_POINTS_PRESENT,UNIQUENESS_UNPROVEN,"the generator knows the injected recovery, but partial image evidence has not been proven globally unique",STOPPED_OR_FAILED,False,"[[0.9999968911724246, -0.0022510068383130126, 0.0010726666303289259, -9.427370391810502e-05], [0.0022518090343721037, 0.9999971854960992, -0.0007472321949573417, 0.00023324859755314534], [-0.0010709815865238752, 0.0007496453123503146, 0.9999991455148084, 0.00040491723580499], [0.0, 0.0, 0.0, 1.0]]","[[0.9999967582882902, -0.0019091514152229235, 0.0016848008145472983, -0.0004011808939261733], [0.001909833478196498, 0.9999980949339045, -0.0004033170555175122, -0.0002388597837468508], [-0.001684027611563064, 0.0004065334370796057, 0.9999984993896581, 0.00032732302563402845], [0.0, 0.0, 0.0, 1.0]]","[-0.09427370391810502, 0.23324859755314534, 0.40491723580499]","[-0.40118089392617334, -0.2388597837468508, 0.32732302563402843]",0.5684181633484335,"[0.0007484395991184175, 0.0010718253191992597, 0.002251410479617712]","[0.0004049256949150357, 0.001684416079216841, 0.0019094945622354326]",0.04475586763428069,0.3193246057630819,0.319080727016848,0.37775389927459974,0.4028496899391196,1.0,0.0006072778697192058,14,True,0.00048132985830307007,0.004652003757655621,0.01853089965879917,0
public_sf_016,0,public_sf_016_f000,image,hand_partial_nonzero,float32,taco,WORLD_FIXED,OPEN3D_OFFICIAL_SINGLE_FRAME,WORLD_FIXED,STOPPED_INSUFFICIENT_CORRESPONDENCES,14 correspondences < 24,TARGET_POINTS_PRESENT,UNIQUENESS_UNPROVEN,"the generator knows the injected recovery, but partial image evidence has not been proven globally unique",STOPPED_OR_FAILED,False,"[[0.9999981770380851, -0.0016524438556614564, -0.0009567391548410219, -4.739393216725672e-05], [0.0016520219322410407, 0.9999985378948321, -0.00044162397310392473, -0.0006171583272707369], [0.0009574675148086182, 0.0004400426139730305, 0.9999994448090739, 0.00031378016539609894], [0.0, 0.0, 0.0, 1.0]]","[[0.9999906279902075, 0.0017762143576626453, -0.003948290048385081, 0.00264976336362411], [-0.0017674885630958447, 0.9999959906041771, 0.0022124103937269405, -0.0029755923142830627], [0.003952203933233833, -0.0022054111014907594, 0.9999897580705231, 0.0003329539386632713], [0.0, 0.0, 0.0, 1.0]]","[-0.04739393216725672, -0.6171583272707369, 0.31378016539609893]","[2.64976336362411, -2.9755923142830625, 0.3329539386632713]",3.5829088717014215,"[0.0004408335756909586, -0.0009571039474125817, 0.0016522339514521613]","[-0.00220891944462307, -0.003950262543884332, -0.0017718584365856685]",0.3015771971898267,0.5344423873499933,0.5386651678875187,0.8435083439384384,0.9513124973192195,1.0,0.0005533268533167404,14,True,0.0008231606334447861,0.009013134054839611,0.02220037579536438,3072
public_sf_016,0,public_sf_016_f000,image,hand_partial_nonzero,float32,taco,WORLD_FIXED,OPEN3D_OFFICIAL_SINGLE_FRAME,CAMERA_LOCAL,STOPPED_INSUFFICIENT_CORRESPONDENCES,14 correspondences < 24,TARGET_POINTS_PRESENT,UNIQUENESS_UNPROVEN,"the generator knows the injected recovery, but partial image evidence has not been proven globally unique",STOPPED_OR_FAILED,False,"[[0.9999981869562776, -0.001638514560565708, -0.0009702340915943232, -3.529235918406869e-05], [0.001638065374491938, 0.9999985509164206, -0.00046358050836093647, -0.0006208058646635334], [0.0009709922690570261, 0.00046199036099867297, 0.9999994218692927, 0.0003064169504430154], [0.0, 0.0, 0.0, 1.0]]","[[0.9999905618570716, 0.0018049381977461895, -0.003952011498043721, 0.0026687573198107208], [-0.0017963233648241727, 0.9999960053302062, 0.002182325823407092, -0.002946660251209768], [0.003955934674301362, -0.0021752061357120643, 0.9999898094776366, 0.00029163601572407467], [0.0, 0.0, 0.0, 1.0]]","[-0.03529235918406869, -0.6208058646635334, 0.3064169504430154]","[2.668757319810721, -2.946660251209768, 0.29163601572407466]",3.5667494683421976,"[0.0004627857308826108, -0.000970613801560325, 0.0016382910161056564]","[-0.0021787745578865756, -0.003953988653917949, -0.0018006378708027287]",0.3015771973203484,0.5344423875813293,0.5386651679364545,0.8435083442237112,0.9513124973894848,1.0,0.000553326853305423,14,True,0.0008231606334447861,0.009013134054839611,0.019396984949707985,0
public_sf_016,1,public_sf_016_f001,image,hand_partial_nonzero,float32,taco,WORLD_FIXED,OPEN3D_OFFICIAL_SINGLE_FRAME,WORLD_FIXED,STOPPED_INSUFFICIENT_CORRESPONDENCES,6 correspondences < 24,TARGET_POINTS_PRESENT,UNIQUENESS_UNPROVEN,"the generator knows the injected recovery, but partial image evidence has not been proven globally unique",STOPPED_OR_FAILED,False,"[[0.9999985273194235, -0.0003715428256011615, -0.0016755043756803848, 0.0003013667532935458], [0.0003737299768255933, 0.9999990783306072, 0.001305244743574447, -0.00013960432911544856], [0.0016750178770991529, -0.001305869007577363, 0.9999977445080795, -0.00012802771345301296], [0.0, 0.0, 0.0, 1.0]]","[[0.9983315219405234, 0.05663972914530791, -0.011230021472119414, 0.010439601290060638], [-0.056631894190692776, 0.9983946108243976, 0.0010147103893135274, -0.0012219678028030647], [0.011269465838817943, -0.0003770399795239614, 0.9999364264694839, 0.0001973556583606986], [0.0, 0.0, 0.0, 1.0]]","[0.3013667532935458, -0.13960432911544857, -0.12802771345301298]","[10.439601290060638, -1.2219678028030647, 0.1973556583606986]",10.201038405492014,"[-0.001305557887349021, -0.0016752624246742032, 0.0003726366899970373]","[-0.0006962625166721412, -0.011256005394150807, -0.05666733582211232]",3.314113415998981,5.311134154077881,5.300818393594223,9.101323710483866,10.671881216397038,1.0,0.0007160310346455656,6,True,0.0004153735935688019,0.009013134054839611,0.01961291953921318,3072
public_sf_016,1,public_sf_016_f001,image,hand_partial_nonzero,float32,taco,WORLD_FIXED,OPEN3D_OFFICIAL_SINGLE_FRAME,CAMERA_LOCAL,STOPPED_INSUFFICIENT_CORRESPONDENCES,6 correspondences < 24,TARGET_POINTS_PRESENT,UNIQUENESS_UNPROVEN,"the generator knows the injected recovery, but partial image evidence has not been proven globally unique",STOPPED_OR_FAILED,False,"[[0.9999985432992192, -0.00036101544767291524, -0.0016682527643624317, 0.00030634496228523463], [0.0003632134589789801, 0.9999990662163208, 0.0013174378427411638, -0.00014598610958261454], [0.0016677755911626154, -0.0013180418554854451, 0.9999977406425699, -0.00013009548035266237], [0.0, 0.0, 0.0, 1.0]]","[[0.9983319738523339, 0.0567627010556377, -0.01054825829088963, 0.01018113858543959], [-0.05675022706384703, 0.998387312675723, 0.0014783830187843725, -0.0011398898161317055], [0.010615164261791701, -0.0008773009841166791, 0.9999432727063462, 8.396303725014274e-05], [0.0, 0.0, 0.0, 1.0]]","[0.3063449622852346, -0.14598610958261454, -0.13009548035266238]","[10.18113858543959, -1.1398898161317055, 0.08396303725014274]",9.926994244318884,"[-0.0013177408703279128, -0.0016680154704307587, 0.00036211473395536764]","[-0.0011784976020622192, -0.010587601180399947, -0.05678805537038447]",3.314113416000301,5.311134154104585,5.300818393625011,9.101323710607799,10.671881216512677,1.0,0.0007160310346721844,6,True,0.0004153735935688019,0.009013134054839611,0.018050892278552055,0
public_sf_017,0,public_sf_017_f000,image,other_front_nonzero,float32,artificial,CAMERA_LOCAL,OPEN3D_OFFICIAL_SINGLE_FRAME,WORLD_FIXED,STOPPED_INSUFFICIENT_CORRESPONDENCES,9 correspondences < 24,TARGET_POINTS_PRESENT,UNIQUENESS_UNPROVEN,"the generator knows the injected recovery, but partial image evidence has not been proven globally unique",STOPPED_OR_FAILED,False,"[[0.9999916267060238, 0.0005242285422241078, 0.004058534498548039, 9.144513360161271e-06], [-0.0005199059436569979, 0.9999992966219635, -0.0010660456780964428, 3.4715598240032865e-05], [-0.00405909049543578, 0.0010639266955742516, 0.999991195883412, 0.0004641276490306265], [0.0, 0.0, 0.0, 1.0]]","[[0.9999916362276681, 0.0005259069053283315, 0.004055970492776337, 1.1662513000090625e-05], [-0.0005215756737818613, 0.9999992927595548, -0.0010688494780094666, 3.746164359339356e-05], [-0.004056529739551203, 0.001066725042853166, 0.9999912032933865, 0.0004641374713182269], [0.0, 0.0, 0.0, 1.0]]","[0.00914451336016127, 0.03471559824003287, 0.4641276490306265]","[0.011662513000090625, 0.03746164359339356, 0.4641374713182269]",0.0037257460657876174,"[0.0010649893606455088, 0.004058824592829871, -0.0005220687987751179]","[0.0010677904402632027, 0.004056262195530079, -0.0005237428492377358]",0.00023772038972416924,0.00036524908726099866,0.00038506150847320876,0.0005795695455420656,0.0008234622322735068,1.0,0.0006035562217310158,9,True,0.0008725281804800034,0.006229270249605179,0.019684938713908195,6144
public_sf_017,0,public_sf_017_f000,image,other_front_nonzero,float32,artificial,CAMERA_LOCAL,OPEN3D_OFFICIAL_SINGLE_FRAME,CAMERA_LOCAL,STOPPED_INSUFFICIENT_CORRESPONDENCES,9 correspondences < 24,TARGET_POINTS_PRESENT,UNIQUENESS_UNPROVEN,"the generator knows the injected recovery, but partial image evidence has not been proven globally unique",STOPPED_OR_FAILED,False,"[[0.9999916104285037, 0.0005370791814727854, 0.004060864262757371, 1.9620995529964555e-05], [-0.0005328166223037315, 0.9999993060919274, -0.0010506769772532605, 3.328374702831283e-05], [-0.004061425741621812, 0.0010485044665435282, 0.9999912026909682, 0.0004625255928629106], [0.0, 0.0, 0.0, 1.0]]","[[0.9999916198890904, 0.0005387950805781678, 0.004058306476116274, 2.212865108881312e-05], [-0.0005345239050422271, 0.9999993022488654, -0.001053463799698351, 3.6031433996309865e-05], [-0.004058871245541172, 0.0010512857097293988, 0.9999912101426536, 0.0004625008828479275], [0.0, 0.0, 0.0, 1.0]]","[0.019620995529964554, 0.033283747028312834, 0.4625255928629106]","[0.02212865108881312, 0.03603143399630986, 0.4625008828479275]",0.0037200444433857643,"[0.0010495938498278831, 0.004061157104978751, -0.0005349494961090173]","[0.0010523778886478762, 0.004058600947159728, -0.0005366610909627795]",0.00023772038972416924,0.00036524908714748617,0.0003850615083796777,0.0005795695453276169,0.0008234622324347585,1.0,0.0006035562217305681,9,True,0.0008725281804800034,0.006229270249605179,0.018431570380926132,0
public_sf_017,1,public_sf_017_f001,image,other_front_nonzero,float32,artificial,CAMERA_LOCAL,OPEN3D_OFFICIAL_SINGLE_FRAME,WORLD_FIXED,STOPPED_INSUFFICIENT_CORRESPONDENCES,4 correspondences < 24,TARGET_POINTS_PRESENT,UNIQUENESS_UNPROVEN,"the generator knows the injected recovery, but partial image evidence has not been proven globally unique",STOPPED_OR_FAILED,False,"[[0.9999978958208273, -0.0012275859789401197, 0.0016435895419210937, -0.00040360762171531795], [0.0012300186505741805, 0.9999981484659495, -0.0014799049943160448, 0.0004330965680586123], [-0.001641769788137928, 0.0014819235261212098, 0.999997554244322, -0.0001671328193562163], [0.0, 0.0, 0.0, 1.0]]","[[0.9999975362511064, -0.001344111508196983, 0.0017665944555735917, -0.0004897809747030544], [0.001344734993233893, 0.999999033965302, -0.000351790080599688, -0.0005738818710834099], [-0.0017661199038862465, 0.000354164815260529, 0.9999983776925684, -0.00017632012250348673], [0.0, 0.0, 0.0, 1.0]]","[-0.40360762171531794, 0.4330965680586123, -0.1671328193562163]","[-0.4897809747030544, -0.5738818710834098, -0.17632012250348672]",1.0107006630061999,"[0.0014809158402250807, 0.001642681417625553, 0.0012288036257821293]","[0.0003529777451427748, 0.0017663586670309637, 0.0013444243827413545]",0.06535005057065006,0.11942586165826996,0.12242419665612467,0.18943644923855307,0.21068995564510853,1.0,0.0008746141012321556,4,True,0.0004491228610277176,0.006229270249605179,0.019874954596161842,6144
public_sf_017,1,public_sf_017_f001,image,other_front_nonzero,float32,artificial,CAMERA_LOCAL,OPEN3D_OFFICIAL_SINGLE_FRAME,CAMERA_LOCAL,STOPPED_INSUFFICIENT_CORRESPONDENCES,4 correspondences < 24,TARGET_POINTS_PRESENT,UNIQUENESS_UNPROVEN,"the generator knows the injected recovery, but partial image evidence has not been proven globally unique",STOPPED_OR_FAILED,False,"[[0.9999978537162106, -0.0012623055671357338, 0.0016429082833180988, -0.0004018538083016442], [0.001264690077479239, 0.9999981473346877, -0.0014511671854505258, 0.00043900835960865607], [-0.0016410734231418912, 0.0014532418406380193, 0.9999975974802002, -0.0001811766869808895], [0.0, 0.0, 0.0, 1.0]]","[[0.9999981279804936, 0.0006859126620308897, -0.001809298020939478, 0.0030810495048446806], [-0.0006722249588915778, 0.9999712346952092, 0.007554991445614215, -0.007450683949874348], [0.0018144280402245304, -0.00755376104723511, 0.9999698238171632, -0.00043059543208328406], [0.0, 0.0, 0.0, 1.0]]","[-0.4018538083016442, 0.4390083596086561, -0.1811766869808895]","[3.0810495048446804, -7.450683949874348, -0.43059543208328405]",8.627865897048316,"[0.0014522060624199277, 0.001641992605091135, 0.0012634991703495482]","[-0.007554452815374907, -0.0018118813950962558, -0.0006790756933042727]",0.5637821224907703,1.1245677361538435,1.2072223086091398,1.7524981798073556,2.134822399724343,1.0,0.0005853512185831487,4,True,0.0004491228610277176,0.006229270249605179,0.018450729548931122,0
public_sf_018,0,public_sf_018_f000,image,other_behind_nonzero,uint16,taco,CAMERA_LOCAL,OPEN3D_OFFICIAL_SINGLE_FRAME,WORLD_FIXED,STOPPED_INSUFFICIENT_CORRESPONDENCES,20 correspondences < 24,TARGET_POINTS_PRESENT,UNIQUENESS_UNPROVEN,"the generator knows the injected recovery, but partial image evidence has not been proven globally unique",STOPPED_OR_FAILED,False,"[[0.9999986835093853, 0.001162232805438724, -0.0011323402322986629, -0.0002394810908358247], [-0.0011589974423378536, 0.9999952565076681, 0.002853714612926667, 0.0007186589433272929], [0.0011356515417919723, -0.002852398476605069, 0.9999952870481472, -4.64887696815788e-05], [0.0, 0.0, 0.0, 1.0]]","[[0.9996752114596169, 0.02545806413958969, 0.0011655742938311685, -0.0029669012357801026], [-0.025455407640952648, 0.9996734492122646, -0.0022399022047797507, 0.004720077047068188], [-0.0012222172486230454, 0.0022095045414267734, 0.9999968121322582, -0.0002227849049139601], [0.0, 0.0, 0.0, 1.0]]","[-0.2394810908358247, 0.7186589433272929, -0.0464887696815788]","[-2.9669012357801026, 4.720077047068188, -0.2227849049139601]",4.845745331245868,"[-0.002853061667408928, -0.0011339979231269968, -0.0011606172077646216]","[0.0022249460930203195, 0.0011940260278204449, -0.025459513274842326]",1.428540930696524,2.443414544076565,2.5532552769095425,3.682498683215767,4.496516623951848,1.0,0.0006958820602092294,20,True,0.0008155684918165207,0.010390955954790115,0.020396383479237556,3072
public_sf_018,0,public_sf_018_f000,image,other_behind_nonzero,uint16,taco,CAMERA_LOCAL,OPEN3D_OFFICIAL_SINGLE_FRAME,CAMERA_LOCAL,STOPPED_INSUFFICIENT_CORRESPONDENCES,20 correspondences < 24,TARGET_POINTS_PRESENT,UNIQUENESS_UNPROVEN,"the generator knows the injected recovery, but partial image evidence has not been proven globally unique",STOPPED_OR_FAILED,False,"[[0.9999987105980411, 0.001142588438476154, -0.0011284032591900577, -0.00023658828805972647], [-0.0011393536608765278, 0.999995252025338, 0.0028631800530412835, 0.0007280814094927699], [0.0011316693379858688, -0.002861890710867006, 0.9999952644418215, -5.939541793365389e-05], [0.0, 0.0, 0.0, 1.0]]","[[0.9996749970944492, 0.025474443310003755, 0.0009761773701567809, -0.0029169867571638775], [-0.02547230984409504, 0.9996732397526186, -0.002138960894902382, 0.0048541071634664095], [-0.0010303472322573286, 0.0021134002339612506, 0.9999972359581961, -0.00023704275020872064], [0.0, 0.0, 0.0, 1.0]]","[-0.23658828805972648, 0.7280814094927699, -0.05939541793365389]","[-2.9169867571638775, 4.854107163466409, -0.23704275020872065]",4.923432039776123,"[-0.0028625405216163905, -0.0011300383275602293, -0.001140973098281876]","[0.0021264125352984053, 0.0010033717592791112, -0.02547615577715045]",1.4285409293263298,2.443414544362821,2.5532552897901017,3.682498714555408,4.496516600895421,1.0,0.0006958820655793064,20,True,0.0008155684918165207,0.010390955954790115,0.018469467759132385,0
public_sf_018,1,public_sf_018_f001,image,other_behind_nonzero,uint16,taco,CAMERA_LOCAL,OPEN3D_OFFICIAL_SINGLE_FRAME,WORLD_FIXED,STOPPED_INSUFFICIENT_CORRESPONDENCES,21 correspondences < 24,TARGET_POINTS_PRESENT,UNIQUENESS_UNPROVEN,"the generator knows the injected recovery, but partial image evidence has not been proven globally unique",STOPPED_OR_FAILED,False,"[[0.9999986534855424, 0.0009113457287412029, -0.001364725637263374, -2.917702977680344e-05], [-0.0009108662026472714, 0.999999523226119, 0.00035195212097656085, 0.00028589999598681174], [0.0013650457366600004, -0.00035070856460906277, 0.9999990068263266, -0.0005244067892825224], [0.0, 0.0, 0.0, 1.0]]","[[0.9999984953294749, -0.0002165954228272209, -0.0017211697211438942, 0.00020700840671871492], [0.0002205360983134263, 0.99999735437607, 0.002289673489871269, -0.001484788814665967], [0.0017206692347784178, -0.0022900496247218933, 0.9999958974766349, -0.0005357587969055071], [0.0, 0.0, 0.0, 1.0]]","[-0.02917702977680344, 0.28589999598681176, -0.5244067892825224]","[0.20700840671871493, -1.484788814665967, -0.5357587969055071]",1.7864073702995638,"[-0.0003513305077109987, -0.0013648863276534962, -0.0009111063933770349]","[-0.0022898647069368237, -0.001720921845037552, 0.00021856606120138706]",0.13016151956418043,0.22016023240384855,0.2206288037773685,0.3733431989280739,0.4358451373199887,1.0,0.0005058531550778572,21,True,0.0005529690533876419,0.010390955954790115,0.020025167614221573,3072
public_sf_018,1,public_sf_018_f001,image,other_behind_nonzero,uint16,taco,CAMERA_LOCAL,OPEN3D_OFFICIAL_SINGLE_FRAME,CAMERA_LOCAL,STOPPED_INSUFFICIENT_CORRESPONDENCES,21 correspondences < 24,TARGET_POINTS_PRESENT,UNIQUENESS_UNPROVEN,"the generator knows the injected recovery, but partial image evidence has not been proven globally unique",STOPPED_OR_FAILED,False,"[[0.9999986465162606, 0.0009251402648748495, -0.0013605444267668326, -2.6369878393714513e-05], [-0.0009246900104978544, 0.9999995175184262, 0.00033152873062201513, 0.00029305070521691356], [0.0013608504809068751, -0.00033027020006300893, 0.9999990195033011, -0.0005274512952687562], [0.0, 0.0, 0.0, 1.0]]","[[0.9999984801944377, -0.00017279907310603317, -0.0017348629038415968, 0.00022446593709886525], [0.00017675973820653124, 0.9999973781227822, 0.002283090790198151, -0.0014821707793586738], [0.001734463839271711, -0.0022833939742567763, 0.9999958888651235, -0.0005405344497786079], [0.0, 0.0, 0.0, 1.0]]","[-0.026369878393714512, 0.29305070521691357, -0.5274512952687562]","[0.22446593709886525, -1.4821707793586738, -0.5405344497786079]",1.7929029796853226,"[-0.0003308996206702285, -0.0013606980925626616, -0.0009249155718513213]","[-0.0022832455227631554, -0.0017346657575373426, 0.00017477964606043983]",0.13016151858974628,0.22016023858200373,0.22062880025580628,0.3733431876824405,0.43584511336313375,1.0,0.0005058531612466546,21,True,0.0005529690533876419,0.010390955954790115,0.018526524305343628,0
public_sf_019,0,public_sf_019_f000,direct,per_frame_varying,clean,artificial,WORLD_FIXED,OPEN3D_OFFICIAL_SINGLE_FRAME,WORLD_FIXED,OUTPUT,,TARGET_POINTS_PRESENT,UNIQUE_COMPARABLE,full asymmetric surface points define the injected rigid recovery,COMPARABLE_OUTPUT,True,"[[0.999792511135475, 0.018905997274888117, 0.007582739904756526, -0.01820349285224628], [-0.01886635988279863, 0.9998081505222232, -0.005265226880617781, -0.010527097216415237], [-0.007680829525122292, 0.0051210757047300826, 0.9999573888128596, 0.008361875028081197], [0.0, 0.0, 0.0, 1.0]]","[[0.9997925111088413, 0.018905998990167365, 0.007582739139745145, -0.01820348879579838], [-0.018866361597772628, 0.9998081504869477, -0.005265227433917797, -0.010527092693358199], [-0.00768082877948223, 0.0051210762592038125, 0.9999573888157474, 0.008361872341423755], [0.0, 0.0, 0.0, 1.0]]","[-18.203492852246278, -10.527097216415237, 8.361875028081197]","[-18.20348879579838, -10.527092693358199, 8.361872341423755]",6.643112428989617e-06,"[0.005193533844949591, 0.007632346908575894, -0.018887569824772226]","[0.00519353439892836, 0.007632346153269619, -0.01888757154021101]",0.0,5.654272090990289e-06,5.677739296229131e-06,5.829802993549715e-06,5.914171261390042e-06,1.0,0.0005025607658448611,66,True,0.0004318561404943466,0.0031074161330858865,0.02100164070725441,6144
public_sf_019,0,public_sf_019_f000,direct,per_frame_varying,clean,artificial,WORLD_FIXED,OPEN3D_OFFICIAL_SINGLE_FRAME,CAMERA_LOCAL,OUTPUT,,TARGET_POINTS_PRESENT,UNIQUE_COMPARABLE,full asymmetric surface points define the injected rigid recovery,COMPARABLE_OUTPUT,True,"[[0.9997958589112688, 0.01893162444413959, 0.0070593271481394606, -0.01946333418713941], [-0.018890343065108433, 0.9998043339120013, -0.005869312537445697, -0.008577691495035185], [-0.00716906149791663, 0.005734761257957058, 0.9999578576472876, 0.008399750743610795], [0.0, 0.0, 0.0, 1.0]]","[[0.9997958589112688, 0.018931624444139452, 0.007059327148139954, -0.019463334187139872], [-0.01889034306510831, 0.9998043339120013, -0.005869312537445073, -0.008577691495035808], [-0.00716906149791716, 0.005734761257956377, 0.999957857647288, 0.008399750743610795], [0.0, 0.0, 0.0, 1.0]]","[-19.46333418713941, -8.577691495035184, 8.399750743610795]","[-19.46333418713987, -8.577691495035808, 8.399750743610795]",7.750875719753731e-13,"[0.005802464303392756, 0.007114718388489338, -0.018912376827820335]","[0.0058024643033921025, 0.00711471838848985, -0.018912376827820206]",0.0,1.8006003492445388e-13,1.942890293094024e-13,2.541227790706069e-13,3.353718961872246e-13,1.0,0.0005025610157791707,66,True,0.0004318561404943466,0.0031074161330858865,0.02100030705332756,0
public_sf_019,1,public_sf_019_f001,direct,per_frame_varying,clean,artificial,WORLD_FIXED,OPEN3D_OFFICIAL_SINGLE_FRAME,WORLD_FIXED,OUTPUT,,TARGET_POINTS_PRESENT,UNIQUE_COMPARABLE,full asymmetric surface points define the injected rigid recovery,COMPARABLE_OUTPUT,True,"[[0.9999907330397391, -0.0006244483536047062, -0.004259565576332964, 0.0013644017368644528], [0.00029467084841668437, 0.9970321296602048, -0.0769860090817007, 0.004490477489721527], [0.004294997524620217, 0.07698404048561161, 0.9970230742098065, -0.012284595715035351], [0.0, 0.0, 0.0, 1.0]]","[[0.9999907330397374, -0.0006244483525212509, -0.004259565576871086, 0.001364401738127983], [0.000294670847296708, 0.9970321296602365, -0.07698600908129634, 0.0044904774904265116], [0.00429499752507324, 0.07698404048521174, 0.9970230742098354, -0.012284595716381566], [0.0, 0.0, 0.0, 1.0]]","[1.3644017368644528, 4.490477489721527, -12.284595715035351]","[1.364401738127983, 4.490477490426511, -12.284595716381565]",1.976311202004669e-09,"[0.0770615114885038, -0.004281531145413021, 0.00046001618590705906]","[0.07706151148810052, -0.004281531145909044, 0.00046001618480424417]",0.0,1.6624213914572122e-09,1.6601305732401165e-09,1.7891046774769175e-09,1.8177711991076518e-09,1.0,0.0005025610156714386,66,True,0.00036665983498096466,0.0031074161330858865,0.021788831800222397,9216
public_sf_019,1,public_sf_019_f001,direct,per_frame_varying,clean,artificial,WORLD_FIXED,OPEN3D_OFFICIAL_SINGLE_FRAME,CAMERA_LOCAL,OUTPUT,,TARGET_POINTS_PRESENT,UNIQUE_COMPARABLE,full asymmetric surface points define the injected rigid recovery,COMPARABLE_OUTPUT,True,"[[0.9999947366623009, -0.0029623395055088857, -0.0013233262445869164, 0.0017462343301413094], [0.002851590829693592, 0.9970240002706442, -0.07703902461780206, 0.014442760983543223], [0.001547603772132409, 0.07703484555041573, 0.9970271999768051, -0.01156068259397583], [0.0, 0.0, 0.0, 1.0]]","[[0.999994736662301, -0.0029623395055086194, -0.0013233262445863738, 0.0017462343301406968], [0.0028515908296934196, 0.997024000270644, -0.07703902461780278, 0.014442760983543962], [0.0015476037721318318, 0.07703484555041645, 0.997027199976805, -0.011560682593975701], [0.0, 0.0, 0.0, 1.0]]","[1.7462343301413095, 14.442760983543224, -11.56068259397583]","[1.7462343301406968, 14.442760983543963, -11.5606825939757]",9.684190183082224e-13,"[0.07711347336324441, -0.0014368911816800207, 0.0029098533161392376]","[0.07711347336324513, -0.0014368911816794604, 0.002909853316139018]",0.0,1.7377738748757931e-13,1.9940060119084512e-13,2.602942366785953e-13,3.152427400121712e-13,1.0,0.0005025610157791804,66,True,0.00036665983498096466,0.0031074161330858865,0.02668740414083004,0
public_sf_019,2,public_sf_019_f002,direct,per_frame_varying,clean,artificial,WORLD_FIXED,OPEN3D_OFFICIAL_SINGLE_FRAME,WORLD_FIXED,OUTPUT,,TARGET_POINTS_PRESENT,UNIQUE_COMPARABLE,full asymmetric surface points define the injected rigid recovery,COMPARABLE_OUTPUT,True,"[[0.998936643430347, -0.027766514082196127, 0.036804933199706125, 0.0015394566089719614], [0.029383423072098774, 0.9985929520378107, -0.044144428742217315, 0.008580568401705197], [-0.03552740999112769, 0.045178942397248, 0.9983469668923668, 0.00013573454631025047], [0.0, 0.0, 0.0, 1.0]]","[[0.9989366434303473, -0.027766514082195066, 0.03680493319970556, 0.001539456608972452], [0.02938342307209764, 0.998592952037811, -0.04414442874221564, 0.008580568401704078], [-0.03552740999112718, 0.04517894239724626, 0.9983469668923667, 0.00013573454631016726], [0.0, 0.0, 0.0, 1.0]]","[1.5394566089719615, 8.580568401705197, 0.13573454631025048]","[1.539456608972452, 8.580568401704078, 0.13573454631016726]",1.2245151951359451e-12,"[0.04469240418370369, 0.036191046936548295, 0.02859462263672353]","[0.04469240418370198, 0.036191046936547754, 0.02859462263672243]",0.0,2.1264830490935736e-13,2.0955000055363632e-13,3.5068101506754384e-13,4.177767360805209e-13,1.0,0.0005025610157791833,66,True,0.0003083422780036926,0.0031074161330858865,0.02070220187306404,3072
public_sf_019,2,public_sf_019_f002,direct,per_frame_varying,clean,artificial,WORLD_FIXED,OPEN3D_OFFICIAL_SINGLE_FRAME,CAMERA_LOCAL,OUTPUT,,TARGET_POINTS_PRESENT,UNIQUE_COMPARABLE,full asymmetric surface points define the injected rigid recovery,COMPARABLE_OUTPUT,True,"[[0.9989391964987951, -0.02621036923904959, 0.037861566828301656, -0.0038232492291876245], [0.027878141591795597, 0.9986330114359299, -0.04421445116467954, 0.013920756353200637], [-0.03665093340870142, 0.045223058441006846, 0.9983043544257997, 0.0013050982683957824], [0.0, 0.0, 0.0, 1.0]]","[[0.9989391964987955, -0.026210369239049215, 0.03786156682830182, -0.0038232492291876926], [0.027878141591795143, 0.99863301143593, -0.0442144511646775, 0.013920756353198777], [-0.03665093340870164, 0.0452230584410048, 0.9983043544257995, 0.0013050982683957665], [0.0, 0.0, 0.0, 1.0]]","[-3.8232492291876246, 13.920756353200636, 1.3050982683957824]","[-3.8232492291876925, 13.920756353198778, 1.3050982683957666]",1.8609369516880707e-12,"[0.04474951266942458, 0.03728187522312531, 0.027062856639976544]","[0.044749512669422536, 0.037281875223125496, 0.027062856639976124]",0.0,4.100158303819931e-13,4.041190928079683e-13,6.16953364728928e-13,6.269627593800408e-13,1.0,0.0005025610157791722,66,True,0.0003083422780036926,0.0031074161330858865,0.02154732681810856,0
public_sf_020,0,public_sf_020_f000,direct,per_frame_varying,clean,taco,WORLD_FIXED,OPEN3D_OFFICIAL_SINGLE_FRAME,WORLD_FIXED,OUTPUT,,TARGET_POINTS_PRESENT,UNIQUE_COMPARABLE,full asymmetric surface points define the injected rigid recovery,COMPARABLE_OUTPUT,True,"[[0.9983152848493966, 0.02109948749039032, -0.05405001076513362, -0.006985360685539111], [-0.022302079264622805, 0.9995147928398856, -0.0217438762578131, -0.01650192589829765], [0.05356500066781181, 0.022912671644386415, 0.9983014575675896, -0.009164091706107944], [0.0, 0.0, 0.0, 1.0]]","[[0.9983138421852403, 0.021093157165887673, -0.054079120019822714, -0.006956333907397685], [-0.022310942338499305, 0.999508669355438, -0.022014580061633298, -0.016269679189082054], [0.05358819229374497, 0.023184016133902766, 0.9982939482149491, -0.009199220072623858], [0.0, 0.0, 0.0, 1.0]]","[-6.985360685539111, -16.50192589829765, -9.164091706107945]","[-6.956333907397685, -16.269679189082055, -9.199220072623858]",0.23667507246184757,"[0.022342681121868314, -0.05384222465288423, -0.021714785664141697]","[0.02261393701584087, -0.05386852743812326, -0.021716107468807547]",0.015612872695419286,0.029578584115490428,0.029512705842826246,0.05005121871386797,0.054429285530695155,1.0,0.000598435268706317,1536,True,0.0014390721917152405,0.00606406790514787,0.025169478729367256,3072
public_sf_020,0,public_sf_020_f000,direct,per_frame_varying,clean,taco,WORLD_FIXED,OPEN3D_OFFICIAL_SINGLE_FRAME,CAMERA_LOCAL,OUTPUT,,TARGET_POINTS_PRESENT,UNIQUE_COMPARABLE,full asymmetric surface points define the injected rigid recovery,COMPARABLE_OUTPUT,True,"[[0.9982921410100303, 0.020894728630761698, -0.05455466536471941, -0.0014564074643036162], [-0.02205123054890527, 0.9995428590130866, -0.020683718892500893, -0.013009489973237937], [0.05409754549782009, 0.021851391520720187, 0.9982965352337548, -0.011877424612992807], [0.0, 0.0, 0.0, 1.0]]","[[0.9982869635197809, 0.0208403228827848, -0.05467009610927121, -0.0013368671191367643], [-0.022014055790988175, 0.9995380133358507, -0.020955697178845045, -0.01275855101972259], [0.05420811575849997, 0.022123309850957444, 0.9982845482862844, -0.011922071781628945], [0.0, 0.0, 0.0, 1.0]]","[-1.4564074643036162, -13.009489973237937, -11.877424612992806]","[-1.3368671191367643, -12.75855101972259, -11.922071781628945]",0.2815201985314936,"[0.02128127795563997, -0.054361158990709806, -0.021486834887584575]","[0.02155348087403226, -0.05447443241826268, -0.02144109381339045]",0.01709286514787379,0.03382731505925768,0.031780749817403,0.05743156443379306,0.06537528969446961,1.0,0.0005984185946187607,1536,True,0.0014390721917152405,0.00606406790514787,0.02605043165385723,0
public_sf_020,1,public_sf_020_f001,direct,per_frame_varying,clean,taco,WORLD_FIXED,OPEN3D_OFFICIAL_SINGLE_FRAME,WORLD_FIXED,OUTPUT,,TARGET_POINTS_PRESENT,UNIQUE_COMPARABLE,full asymmetric surface points define the injected rigid recovery,COMPARABLE_OUTPUT,True,"[[0.9999137119152586, -0.0048580987213680165, 0.012205228415014539, 0.00042421875269268154], [0.004406437804024028, 0.9993142703889939, 0.03676373624636346, 0.005121752868189239], [-0.012375460788532432, -0.036706782394080165, 0.9992494483844088, -3.268630726995465e-05], [0.0, 0.0, 0.0, 1.0]]","[[0.99991425548455, -0.00480930679210067, 0.012179993717471383, 0.0004387274644277777], [0.004361715469025857, 0.9993237053214772, 0.03651174360011953, 0.005344804501474149], [-0.012347352629023312, -0.036455487251346175, 0.9992589956224167, -6.301946913605615e-05], [0.0, 0.0, 0.0, 1.0]]","[0.42421875269268156, 5.121752868189239, -0.03268630726995465]","[0.43872746442777766, 5.344804501474149, -0.06301946913605615]",0.22557179463770188,"[-0.036744584156239594, 0.012293464368725844, 0.004633444112349444]","[-0.036492757584609965, 0.01226674623624449, 0.0045866601798227515]",0.014755059659394715,0.02506527640289374,0.025957782224240944,0.03940442984581284,0.05018728128917191,1.0,0.0005984204427762417,1536,True,0.0012536272406578064,0.00606406790514787,0.025753598660230637,3072
public_sf_020,1,public_sf_020_f001,direct,per_frame_varying,clean,taco,WORLD_FIXED,OPEN3D_OFFICIAL_SINGLE_FRAME,CAMERA_LOCAL,OUTPUT,,TARGET_POINTS_PRESENT,UNIQUE_COMPARABLE,full asymmetric surface points define the injected rigid recovery,COMPARABLE_OUTPUT,True,"[[0.9999009810647134, -0.006489019352038688, 0.012486820799252878, -0.0008658743619130022], [0.006030338923310477, 0.999318135027859, 0.0364266388363177, 0.0011144034126841576], [-0.012714679637875075, -0.03634773214782996, 0.9992583145960886, 0.00026580595912466254], [0.0, 0.0, 0.0, 1.0]]","[[0.999901688114494, -0.006431380504654247, 0.012459994004411926, -0.0008453647844356336], [0.0059768938891893225, 0.9993275700359723, 0.036175744711566045, 0.0013671505820613036], [-0.012684275510371058, -0.03609771614386954, 0.9992677639371609, 0.0002441433842864278], [0.0, 0.0, 0.0, 1.0]]","[-0.8658743619130022, 1.1144034126841575, 0.26580595912466254]","[-0.8453647844356336, 1.3671505820613037, 0.24414338428642782]",0.25450155509364186,"[-0.036396421973431, 0.01260394877852145, 0.006261268087434646]","[-0.03614578526756415, 0.012575284977829464, 0.00620569177776067]",0.014800586184585442,0.025168906679643797,0.026020201391635737,0.0396195535082829,0.050418664235802116,1.0,0.0005984215518549467,1536,True,0.0012536272406578064,0.00606406790514787,0.032950833439826965,0
public_sf_020,2,public_sf_020_f002,direct,per_frame_varying,clean,taco,WORLD_FIXED,OPEN3D_OFFICIAL_SINGLE_FRAME,WORLD_FIXED,OUTPUT,,TARGET_POINTS_PRESENT,UNIQUE_COMPARABLE,full asymmetric surface points define the injected rigid recovery,COMPARABLE_OUTPUT,True,"[[0.9997352676055682, 0.022795461094480465, 0.0031243653936269067, 0.004553515587816553], [-0.02292330643143149, 0.9984843910483994, 0.05003441670448119, -0.011141182000527914], [-0.0019790724780961964, -0.05009279175886488, 0.998742607224669, 0.010975165819781734], [0.0, 0.0, 0.0, 1.0]]","[[0.9997346801198818, 0.022822409900299323, 0.0031156013771019503, 0.004555395457357654], [-0.022949251783782102, 0.9984972275765021, 0.049765634373566264, -0.010909384375072334], [-0.0019751476306478772, -0.049823931281881256, 0.9987560636428975, 0.010939802125304548], [0.0, 0.0, 0.0, 1.0]]","[4.553515587816554, -11.141182000527914, 10.975165819781735]","[4.555395457357654, -10.909384375072333, 10.939802125304547]",0.23448723624839962,"[-0.05008896629411797, 0.002553011628546916, -0.0228709642539603]","[-0.049819795114756, 0.0025466530642798404, -0.022897326563830943]",0.015499948967975666,0.030205716269957023,0.03322029200283782,0.047466116115386724,0.05275008383556458,1.0,0.0005984431697676675,1536,True,0.0012572519481182098,0.00606406790514787,0.023771708831191063,3072
public_sf_020,2,public_sf_020_f002,direct,per_frame_varying,clean,taco,WORLD_FIXED,OPEN3D_OFFICIAL_SINGLE_FRAME,CAMERA_LOCAL,OUTPUT,,TARGET_POINTS_PRESENT,UNIQUE_COMPARABLE,full asymmetric surface points define the injected rigid recovery,COMPARABLE_OUTPUT,True,"[[0.9997225472784741, 0.02314731733748958, 0.0043623575182404175, 0.004174433216975984], [-0.023335893043263792, 0.9984882942865992, 0.04976507076766958, -0.014539612304922811], [-0.0032038350320742876, -0.04985306282181033, 0.9987514243135637, 0.010513504406311325], [0.0, 0.0, 0.0, 1.0]]","[[0.9997220303317965, 0.023172532379183406, 0.004346931378217092, 0.004184290978330571], [-0.02335944966890041, 0.9985010982901464, 0.04949639203555865, -0.014278551498118165], [-0.0031934590082449287, -0.049584175464630856, 0.998764842874966, 0.010480783801492002], [0.0, 0.0, 0.0, 1.0]]","[4.174433216975984, -14.53961230492281, 10.513504406311325]","[4.184290978330571, -14.278551498118166, 10.480783801492002]",0.2632879759657837,"[-0.04983429990933007, 0.0037850127796807127, -0.023253379313538713]","[-0.04956516819905837, 0.003772088990011467, -0.023277677702486187]",0.015500032254094005,0.03020677470880649,0.03322128988688204,0.047466922643510885,0.05275225217278104,1.0,0.0005984431768267051,1536,True,0.0012572519481182098,0.00606406790514787,0.024610845372080803,3072
public_sf_021,0,public_sf_021_f000,direct,symmetric_ambiguous,information_insufficient,artificial,WORLD_FIXED,OPEN3D_OFFICIAL_SINGLE_FRAME,WORLD_FIXED,OUTPUT,,TARGET_POINTS_PRESENT,MULTIPLE_SOLUTIONS,the spherical surface admits multiple rotational explanations,OUTPUT_WITHOUT_UNIQUE_TRUTH,False,"[[0.9996826806243115, 0.015584771158843873, 0.019790224044139205, 0.002205807159204541], [-0.014257575581131266, 0.9977494273192391, -0.06551947666670388, -0.0032065322078867107], [-0.02076679075685713, 0.06521652545219572, 0.9976550231465804, -0.0018181451328401295], [0.0, 0.0, 0.0, 1.0]]","[[0.9839792462764857, 0.1501986045533938, 0.09604801969521207, -0.06809938439480497], [-0.14362361363553974, 0.9870033605972391, -0.07208761180692026, 0.027134482762292886], [-0.10562717691687032, 0.05713795026048146, 0.9927628891818046, 0.018644302985375217], [0.0, 0.0, 0.0, 1.0]]","[2.205807159204541, -3.2065322078867107, -1.8181451328401295]","[-68.09938439480497, 27.134482762292887, 18.644302985375216]",79.25975606735922,"[0.06542157777624169, 0.020295128007375388, -0.014933403015485212]","[0.06500605147016146, 0.10145135375292053, -0.14780529434806786]",8.919132596921095,14.84704566860757,14.75387431655199,23.494995977605708,34.88436936886639,1.0,0.000691195016350909,960,False,0.0008849557489156723,0.005416489206254482,0.025370914489030838,6144
public_sf_021,0,public_sf_021_f000,direct,symmetric_ambiguous,information_insufficient,artificial,WORLD_FIXED,OPEN3D_OFFICIAL_SINGLE_FRAME,CAMERA_LOCAL,OUTPUT,,TARGET_POINTS_PRESENT,MULTIPLE_SOLUTIONS,the spherical surface admits multiple rotational explanations,OUTPUT_WITHOUT_UNIQUE_TRUTH,False,"[[0.9996765600978672, 0.01578055758134598, 0.019943650451131407, 0.0017235604804100753], [-0.014444871570336833, 0.9977526679449829, -0.06542904014262531, -0.0001768326848487281], [-0.02093133718164138, 0.06511979431087465, 0.997657903047281, 0.0001717767279003149], [0.0, 0.0, 0.0, 1.0]]","[[0.9839144221103907, 0.15161611033068312, 0.09447203317050827, -0.06808249896928786], [-0.14510811026709644, 0.9867664727379108, -0.07235720154272023, 0.026887277601986354], [-0.10419235239636188, 0.05748463593496776, 0.9928944910379633, 0.017754645236192686], [0.0, 0.0, 0.0, 1.0]]","[1.7235604804100753, -0.1768326848487281, 0.1717767279003149]","[-68.08249896928787, 26.887277601986355, 17.754645236192687]",76.90584676403111,"[0.06532791724065332, 0.020454244731213066, -0.015125101211743737]","[0.06531793236696648, 0.09993964312474884, -0.14926939535938955]",8.932221679506048,14.878992940763474,14.765950840226793,23.535927982408936,34.965530977984336,1.0,0.0006902818053234877,960,False,0.0008849557489156723,0.005416489206254482,0.02683880366384983,0
public_sf_021,1,public_sf_021_f001,direct,symmetric_ambiguous,information_insufficient,artificial,WORLD_FIXED,OPEN3D_OFFICIAL_SINGLE_FRAME,WORLD_FIXED,OUTPUT,,TARGET_POINTS_PRESENT,MULTIPLE_SOLUTIONS,the spherical surface admits multiple rotational explanations,OUTPUT_WITHOUT_UNIQUE_TRUTH,False,"[[0.9996826806243115, 0.015584771158843873, 0.019790224044139205, 0.002205807159204541], [-0.014257575581131266, 0.9977494273192391, -0.06551947666670388, -0.0032065322078867107], [-0.02076679075685713, 0.06521652545219572, 0.9976550231465804, -0.0018181451328401295], [0.0, 0.0, 0.0, 1.0]]","[[0.9995002946169916, 0.012472599282418046, 0.029044712559903246, -0.005472668518790781], [-0.0179447116799819, 0.9803314804548463, 0.19654051936415348, -0.22578076854717335], [-0.026022074922448, -0.19696350600136336, 0.9800654207349535, 0.03238689447051522], [0.0, 0.0, 0.0, 1.0]]","[2.205807159204541, -3.2065322078867107, -1.8181451328401295]","[-5.4726685187907815, -225.78076854717335, 32.38689447051522]",225.31807385343348,"[0.06542157777624169, 0.020295128007375388, -0.014933403015485212]","[-0.19807770282534443, 0.027718910261067438, -0.015311129475638457]",15.102951902832574,27.92202719598594,27.575539772078137,46.75312157871699,49.11617922538407,1.0,0.0006969891557359726,960,False,0.0007800087332725525,0.005416489206254482,0.027543678879737854,3072
public_sf_021,1,public_sf_021_f001,direct,symmetric_ambiguous,information_insufficient,artificial,WORLD_FIXED,OPEN3D_OFFICIAL_SINGLE_FRAME,CAMERA_LOCAL,OUTPUT,,TARGET_POINTS_PRESENT,MULTIPLE_SOLUTIONS,the spherical surface admits multiple rotational explanations,OUTPUT_WITHOUT_UNIQUE_TRUTH,False,"[[0.9997414445253218, 0.011649292416965822, 0.019527879675142988, 0.0015514048582313152], [-0.010329604980802721, 0.9977416627725302, -0.06636922199971253, 0.00045056490325427745], [-0.02025693361206023, 0.06615034659085751, 0.997604023792279, 0.0004972219566686739], [0.0, 0.0, 0.0, 1.0]]","[[0.9930123001354929, 0.037355781705761086, 0.11194247340830198, -0.08342522434786381], [-0.0565977834034827, 0.9831192377576394, 0.1739921126506903, -0.21621318954842972], [-0.10355318775117137, -0.17911200385230913, 0.9783637500350169, 0.03102361823837439], [0.0, 0.0, 0.0, 1.0]]","[1.5514048582313151, 0.45056490325427745, 0.4972219566686739]","[-83.42522434786382, -216.2131895484297, 31.02361823837439]",234.7255224177327,"[0.0663140919326664, 0.019908710795782804, -0.010998455836491308]","[-0.17790335614196845, 0.1085725132121961, -0.047336334449942424]",15.029860463260613,26.488155511562205,26.34501208087385,42.98718830332389,46.24015972152232,1.0,0.0007062107652799336,960,False,0.0007800087332725525,0.005416489206254482,0.03390352427959442,0
public_sf_022,0,public_sf_022_f000,direct,no_target,information_insufficient,artificial,WORLD_FIXED,OPEN3D_OFFICIAL_SINGLE_FRAME,WORLD_FIXED,STOPPED_NO_TARGET_EVIDENCE,common preprocessing produced zero target points,NO_TARGET_POINTS,NO_TARGET_EVIDENCE,the public frame deliberately contains no target measurements,NO_TARGET_EVIDENCE,False,"[[0.9972190745315, 0.03607639912154031, -0.06521204502974774, 0.006950304284150504], [-0.03459851372959164, 0.9991213738609662, 0.023652127639572446, -0.004659030999687877], [0.06600803161920359, -0.02133011300013888, 0.9975910815765945, 0.004394380400206343], [0.0, 0.0, 0.0, 1.0]]",,"[6.950304284150504, -4.659030999687878, 4.394380400206343]",,,"[-0.02251389574625639, -0.06567647772712687, -0.0353732405762247]",,,,,,,,,,,0.000345597043633461,0.004848717711865902,1.0227784514427185e-05,0
public_sf_022,0,public_sf_022_f000,direct,no_target,information_insufficient,artificial,WORLD_FIXED,OPEN3D_OFFICIAL_SINGLE_FRAME,CAMERA_LOCAL,STOPPED_NO_TARGET_EVIDENCE,common preprocessing produced zero target points,NO_TARGET_POINTS,NO_TARGET_EVIDENCE,the public frame deliberately contains no target measurements,NO_TARGET_EVIDENCE,False,"[[0.9972360743179423, 0.03294277930868649, -0.06659568582392501, 0.013275704424628294], [-0.03138446592435015, 0.9992116554363618, 0.02431219732497398, -0.0054983294127410876], [0.06734409682802982, -0.02215493018595051, 0.9974838002147566, 0.0020429213543665253], [0.0, 0.0, 0.0, 1.0]]",,"[13.275704424628294, -5.4983294127410876, 2.042921354366525]",,,"[-0.023257091010388357, -0.06703770777127972, -0.03219619281352343]",,,,,,,,,,,0.000345597043633461,0.004848717711865902,1.562759280204773e-06,0
public_sf_022,1,public_sf_022_f001,direct,no_target,information_insufficient,artificial,WORLD_FIXED,OPEN3D_OFFICIAL_SINGLE_FRAME,WORLD_FIXED,STOPPED_NO_TARGET_EVIDENCE,common preprocessing produced zero target points,NO_TARGET_POINTS,NO_TARGET_EVIDENCE,the public frame deliberately contains no target measurements,NO_TARGET_EVIDENCE,False,"[[0.9972190745315, 0.03607639912154031, -0.06521204502974774, 0.006950304284150504], [-0.03459851372959164, 0.9991213738609662, 0.023652127639572446, -0.004659030999687877], [0.06600803161920359, -0.02133011300013888, 0.9975910815765945, 0.004394380400206343], [0.0, 0.0, 0.0, 1.0]]",,"[6.950304284150504, -4.659030999687878, 4.394380400206343]",,,"[-0.02251389574625639, -0.06567647772712687, -0.0353732405762247]",,,,,,,,,,,0.0002743806689977646,0.004848717711865902,9.875744581222534e-06,0
public_sf_022,1,public_sf_022_f001,direct,no_target,information_insufficient,artificial,WORLD_FIXED,OPEN3D_OFFICIAL_SINGLE_FRAME,CAMERA_LOCAL,STOPPED_NO_TARGET_EVIDENCE,common preprocessing produced zero target points,NO_TARGET_POINTS,NO_TARGET_EVIDENCE,the public frame deliberately contains no target measurements,NO_TARGET_EVIDENCE,False,"[[0.9972970455559611, 0.03799062207878788, -0.06289129955262375, 0.013076371035881093], [-0.036358220224928, 0.9989767007609449, 0.026900393284354295, -0.006047537192665497], [0.06384890560868497, -0.0245410670274138, 0.9976577836521546, 0.001421041489557337], [0.0, 0.0, 0.0, 1.0]]",,"[13.076371035881094, -6.047537192665497, 1.4210414895573371]",,,"[-0.025746776017019787, -0.06343427373294942, -0.037212065487973386]",,,,,,,,,,,0.0002743806689977646,0.004848717711865902,1.5925616025924683e-06,0
public_sf_001,0,public_sf_001_f000,direct,identity,clean,artificial,WORLD_FIXED,OPEN3D_HUBER_SINGLE_FRAME,WORLD_FIXED,OUTPUT,,TARGET_POINTS_PRESENT,UNIQUE_COMPARABLE,full asymmetric surface points define the injected rigid recovery,COMPARABLE_OUTPUT,True,"[[1.0, 0.0, 0.0, 0.0], [0.0, 1.0, 0.0, 0.0], [0.0, 0.0, 1.0, 0.0], [0.0, 0.0, 0.0, 1.0]]","[[1.0, -1.7292319204486502e-17, 1.266805141435979e-16, -1.2959859121101024e-16], [1.7292319204486546e-17, 1.0, -3.4658572523034537e-16, 2.8011808425291624e-16], [-1.266805141435979e-16, 3.4658572523034537e-16, 1.0, -1.1626124810255337e-16], [0.0, 0.0, 0.0, 1.0]]","[0.0, 0.0, 0.0]","[-1.2959859121101023e-13, 2.801180842529162e-13, -1.1626124810255336e-13]",3.298160302043639e-13,"[0.0, 0.0, 0.0]","[3.4658572523034537e-16, 1.266805141435979e-16, 1.7292319204486524e-17]",0.0,1.6915088803526704e-13,1.309641061670002e-13,2.2591401799415136e-13,2.305551267378102e-13,1.0,0.0004868461381999221,66,True,0.00041450001299381256,0.004977110773324966,0.019843025133013725,6144
public_sf_001,0,public_sf_001_f000,direct,identity,clean,artificial,WORLD_FIXED,OPEN3D_HUBER_SINGLE_FRAME,CAMERA_LOCAL,OUTPUT,,TARGET_POINTS_PRESENT,UNIQUE_COMPARABLE,full asymmetric surface points define the injected rigid recovery,COMPARABLE_OUTPUT,True,"[[1.0, 1.0224366559662491e-17, 1.6532129282668964e-17, 1.734723475976807e-18], [1.0224366559662491e-17, 1.0, -1.7499427886883672e-17, 0.0], [1.6532129282668964e-17, -1.7499427886883672e-17, 1.0, -6.938893903907228e-18], [0.0, 0.0, 0.0, 1.0]]","[[1.0, -6.391133545050024e-17, 3.568975614802234e-16, -2.966999885667568e-16], [6.391133545050034e-17, 1.0, -2.9408691169100616e-16, 2.1753021940800492e-16], [-3.568975614802234e-16, 2.9408691169100616e-16, 1.0, 5.841844558715098e-17], [0.0, 0.0, 0.0, 1.0]]","[1.734723475976807e-15, 0.0, -6.938893903907228e-15]","[-2.966999885667568e-13, 2.1753021940800492e-13, 5.841844558715098e-14]",3.7503900534887504e-13,"[0.0, 0.0, 0.0]","[2.9408691169100616e-16, 3.568975614802234e-16, 6.391133545050029e-17]",0.0,3.587047893151473e-14,2.8609792490763985e-14,6.206335383118183e-14,1.2719202621569003e-13,1.0,0.0004868461381999184,66,True,0.00041450001299381256,0.004977110773324966,0.01921824924647808,0
public_sf_001,1,public_sf_001_f001,direct,identity,clean,artificial,WORLD_FIXED,OPEN3D_HUBER_SINGLE_FRAME,WORLD_FIXED,OUTPUT,,TARGET_POINTS_PRESENT,UNIQUE_COMPARABLE,full asymmetric surface points define the injected rigid recovery,COMPARABLE_OUTPUT,True,"[[1.0, 0.0, 0.0, 0.0], [0.0, 1.0, 0.0, 0.0], [0.0, 0.0, 1.0, 0.0], [0.0, 0.0, 0.0, 1.0]]","[[1.0, 2.254321291896872e-17, 6.388864397632227e-16, -4.773996584168473e-16], [-2.2543212918968812e-17, 1.0, 1.413816142718784e-16, -9.727657243732653e-17], [-6.388864397632227e-16, -1.413816142718784e-16, 1.0, 1.6962787352706305e-16], [0.0, 0.0, 0.0, 1.0]]","[0.0, 0.0, 0.0]","[-4.773996584168472e-13, -9.727657243732653e-14, 1.6962787352706304e-13]",5.158941566629633e-13,"[0.0, 0.0, 0.0]","[-1.413816142718784e-16, 6.388864397632227e-16, -2.2543212918968766e-17]",0.0,8.887493156795681e-14,1.1188630228279524e-13,1.4066954376756217e-13,1.594436429147036e-13,1.0,0.0004868461381999167,66,True,0.000299304723739624,0.004977110773324966,0.01961117796599865,6144
public_sf_001,1,public_sf_001_f001,direct,identity,clean,artificial,WORLD_FIXED,OPEN3D_HUBER_SINGLE_FRAME,CAMERA_LOCAL,OUTPUT,,TARGET_POINTS_PRESENT,UNIQUE_COMPARABLE,full asymmetric surface points define the injected rigid recovery,COMPARABLE_OUTPUT,True,"[[1.0, 5.853257835685178e-18, -9.816830385681772e-18, 0.0], [5.853257835685178e-18, 1.0, -5.152157773305099e-18, -1.734723475976807e-18], [-9.816830385681772e-18, -5.152157773305099e-18, 1.0, 0.0], [0.0, 0.0, 0.0, 1.0]]","[[1.0, 7.138915660204135e-18, 6.438230213641782e-16, -5.59834593482548e-16], [-7.138915660204049e-18, 1.0, -1.322940012489304e-16, 1.1625886409972947e-16], [-6.438230213641782e-16, 1.322940012489304e-16, 1.0, 1.7949566665439157e-16], [0.0, 0.0, 0.0, 1.0]]","[0.0, -1.734723475976807e-15, 0.0]","[-5.59834593482548e-13, 1.1625886409972947e-13, 1.7949566665439158e-13]",5.996298467525279e-13,"[0.0, 0.0, 0.0]","[1.322940012489304e-16, 6.438230213641782e-16, -7.138915660204092e-18]",0.0,7.238417919670353e-14,5.899262295037206e-14,1.3684021674178028e-13,1.4152622167509189e-13,1.0,0.0004868461381999166,66,True,0.000299304723739624,0.004977110773324966,0.018892424181103706,0
public_sf_002,0,public_sf_002_f000,direct,identity,clean,taco,WORLD_FIXED,OPEN3D_HUBER_SINGLE_FRAME,WORLD_FIXED,OUTPUT,,TARGET_POINTS_PRESENT,UNIQUE_COMPARABLE,full asymmetric surface points define the injected rigid recovery,COMPARABLE_OUTPUT,True,"[[1.0, 0.0, 0.0, 0.0], [0.0, 1.0, 0.0, 0.0], [0.0, 0.0, 1.0, 0.0], [0.0, 0.0, 0.0, 1.0]]","[[0.9999999988370414, 2.3168943274033958e-05, -4.229795884939356e-05, 3.343607047714996e-05], [-2.317652490349146e-05, 0.9999999836658385, -0.00017925169808825147, 0.0001590199077456382], [4.2293805086067084e-05, 0.00017925267819948577, 0.9999999830398556, -1.1812638896959578e-05], [0.0, 0.0, 0.0, 1.0]]","[0.0, 0.0, 0.0]","[0.03343607047714996, 0.1590199077456382, -0.011812638896959578]",0.1629258736545371,"[0.0, 0.0, 0.0]","[0.00017925218917329196, -4.229588221063039e-05, -2.3172734221840882e-05]",0.010635625385863124,0.01829483103187335,0.01764399486744775,0.03285006431199974,0.03725199237217542,1.0,0.0005984216108008253,1536,True,0.0014402475208044052,0.008925803005695343,0.021822771057486534,3072
public_sf_002,0,public_sf_002_f000,direct,identity,clean,taco,WORLD_FIXED,OPEN3D_HUBER_SINGLE_FRAME,CAMERA_LOCAL,OUTPUT,,TARGET_POINTS_PRESENT,UNIQUE_COMPARABLE,full asymmetric surface points define the injected rigid recovery,COMPARABLE_OUTPUT,True,"[[1.0, -2.5040358173375942e-17, 1.7401161241545038e-17, -6.938893903907228e-18], [-2.5040358173375942e-17, 1.0, 1.41656734352946e-17, -3.469446951953614e-18], [1.7401161241545038e-17, 1.41656734352946e-17, 1.0, 1.3877787807814457e-17], [0.0, 0.0, 0.0, 1.0]]","[[0.9999999990748157, 1.6548828121058118e-05, -3.9705223877719335e-05, 3.3427302045187185e-05], [-1.6555997580510802e-05, 0.9999999835595323, -0.00018057362496918248, 0.00017066413723856709], [3.970223494306407e-05, 0.00018057428216170906, 0.9999999829083305, -1.6994489036240082e-05], [0.0, 0.0, 0.0, 1.0]]","[-6.938893903907228e-15, -3.469446951953614e-15, 1.3877787807814457e-14]","[0.033427302045187186, 0.17066413723856708, -0.016994489036240082]",0.1747353568085453,"[0.0, 0.0, 0.0]","[0.0001805739546024616, -3.9703729638405734e-05, -1.6552412945843095e-05]",0.010635634158542384,0.018295343113719338,0.01764523258584936,0.03285105948553365,0.03725323044888073,1.0,0.0005984215946136652,1536,True,0.0014402475208044052,0.008925803005695343,0.020860780030488968,0
public_sf_002,1,public_sf_002_f001,direct,identity,clean,taco,WORLD_FIXED,OPEN3D_HUBER_SINGLE_FRAME,WORLD_FIXED,OUTPUT,,TARGET_POINTS_PRESENT,UNIQUE_COMPARABLE,full asymmetric surface points define the injected rigid recovery,COMPARABLE_OUTPUT,True,"[[1.0, 0.0, 0.0, 0.0], [0.0, 1.0, 0.0, 0.0], [0.0, 0.0, 1.0, 0.0], [0.0, 0.0, 0.0, 1.0]]","[[0.9999999976936911, 3.0397692505282753e-05, -6.073382961134414e-05, 4.962656293524328e-05], [-3.040818416188844e-05, 0.9999999846155789, -0.0001727546936043415, 0.00015753777358034574], [6.072857733293431e-05, 0.0001727565400113915, 0.9999999832336087, -1.76089324401077e-05], [0.0, 0.0, 0.0, 1.0]]","[0.0, 0.0, 0.0]","[0.049626562935243285, 0.15753777358034574, -0.017608932440107698]",0.16610544950451872,"[0.0, 0.0, 0.0]","[0.0001727556177999767, -6.073120382090963e-05, -3.040293850818522e-05]",0.010635603248523131,0.01982724922380104,0.01911790714107901,0.03228005953687322,0.038400683289441594,1.0,0.0005984216137616794,1536,True,0.0012991279363632202,0.008925803005695343,0.021984020248055458,3072
public_sf_002,1,public_sf_002_f001,direct,identity,clean,taco,WORLD_FIXED,OPEN3D_HUBER_SINGLE_FRAME,CAMERA_LOCAL,OUTPUT,,TARGET_POINTS_PRESENT,UNIQUE_COMPARABLE,full asymmetric surface points define the injected rigid recovery,COMPARABLE_OUTPUT,True,"[[1.0000000000000002, 2.1966066433114216e-17, -3.283772956508857e-17, 6.938893903907228e-18], [2.1966066433114216e-17, 1.0, 3.204475077084575e-17, 0.0], [-3.283772956508857e-17, 3.204475077084575e-17, 1.0, 0.0], [0.0, 0.0, 0.0, 1.0]]","[[0.999999997197396, 3.272796847483871e-05, -6.733563729201987e-05, 5.8617986262353014e-05], [-3.273940552266628e-05, 0.999999985038324, -0.00016985724346297543, 0.0001658293059028559], [6.733007720205662e-05, 0.00016985944751566828, 0.9999999833072143, -2.291444471178622e-05], [0.0, 0.0, 0.0, 1.0]]","[6.938893903907228e-15, 0.0, 0.0]","[0.05861798626235301, 0.1658293059028559, -0.02291444471178622]",0.17737107652073678,"[0.0, 0.0, 0.0]","[0.0001698583464647919, -6.733285763372036e-05, -3.2733687186736964e-05]",0.010635594681428726,0.019827417514501344,0.019117078894206017,0.032280695590668325,0.0384014286527115,1.0,0.0005984216039700118,1536,True,0.0012991279363632202,0.008925803005695343,0.0218051765114069,0
public_sf_003,0,public_sf_003_f000,direct,identity,clean,artificial,CAMERA_LOCAL,OPEN3D_HUBER_SINGLE_FRAME,WORLD_FIXED,OUTPUT,,TARGET_POINTS_PRESENT,UNIQUE_COMPARABLE,full asymmetric surface points define the injected rigid recovery,COMPARABLE_OUTPUT,True,"[[1.0, -5.0175903550753835e-18, 2.13683772751382e-18, 0.0], [-5.0175903550753835e-18, 1.0, -8.122839554353481e-19, 0.0], [2.13683772751382e-18, -8.122839554353481e-19, 1.0, 0.0], [0.0, 0.0, 0.0, 1.0]]","[[1.0, -1.093357444228054e-16, 2.3856054086362064e-16, -2.1836878776578243e-16], [1.093357444228054e-16, 1.0, 3.3503098785252405e-17, -5.056326719801779e-17], [-2.3856054086362064e-16, -3.350309878525238e-17, 1.0, -2.1996059301145678e-17], [0.0, 0.0, 0.0, 1.0]]","[0.0, 0.0, 0.0]","[-2.1836878776578242e-13, -5.056326719801779e-14, -2.199605930114568e-14]",2.2522299634987318e-13,"[0.0, 0.0, 0.0]","[-3.350309878525239e-17, 2.3856054086362064e-16, 1.093357444228054e-16]",0.0,9.04161248431814e-14,1.1188630228279524e-13,1.2512065440781925e-13,1.2586013583571653e-13,1.0,0.000572888462061968,60,True,0.000398857519030571,0.004820722155272961,0.020615000277757645,6144
public_sf_003,0,public_sf_003_f000,direct,identity,clean,artificial,CAMERA_LOCAL,OPEN3D_HUBER_SINGLE_FRAME,CAMERA_LOCAL,OUTPUT,,TARGET_POINTS_PRESENT,UNIQUE_COMPARABLE,full asymmetric surface points define the injected rigid recovery,COMPARABLE_OUTPUT,True,"[[1.0, 0.0, 0.0, 0.0], [0.0, 1.0, 0.0, 0.0], [0.0, 0.0, 1.0, 0.0], [0.0, 0.0, 0.0, 1.0]]","[[1.0, -1.8367475829567138e-16, 5.492329832208999e-16, -5.108738622773672e-16], [1.8367475829567143e-16, 1.0, -8.345736446819589e-17, 2.451965002640699e-17], [-5.492329832208999e-16, 8.345736446819599e-17, 1.0, 1.0464831664652191e-16], [0.0, 0.0, 0.0, 1.0]]","[0.0, 0.0, 0.0]","[-5.108738622773673e-13, 2.451965002640699e-14, 1.0464831664652191e-13]",5.220580298899372e-13,"[0.0, 0.0, 0.0]","[8.345736446819594e-17, 5.492329832208999e-16, 1.836747582956714e-16]",0.0,8.287820079097416e-14,5.721958498152797e-14,2.288783399261119e-13,2.301632258480955e-13,1.0,0.0005728884620619798,60,True,0.000398857519030571,0.004820722155272961,0.019539251923561096,0
public_sf_003,1,public_sf_003_f001,direct,identity,clean,artificial,CAMERA_LOCAL,OPEN3D_HUBER_SINGLE_FRAME,WORLD_FIXED,OUTPUT,,TARGET_POINTS_PRESENT,UNIQUE_COMPARABLE,full asymmetric surface points define the injected rigid recovery,COMPARABLE_OUTPUT,True,"[[0.9999999999999999, 1.5722076924284022e-17, -7.206145127360005e-18, 0.0], [1.5722076924284022e-17, 0.9999999999999999, -1.0375957290134023e-17, 0.0], [-7.206145127360005e-18, -1.0375957290134023e-17, 0.9999999999999999, 0.0], [0.0, 0.0, 0.0, 1.0]]","[[1.0, 5.1095146189028466e-17, -4.85551185387376e-16, 4.531351435146242e-16], [-5.109514618902827e-17, 1.0, 4.0424447434178843e-16, -3.2264916408584193e-16], [4.85551185387376e-16, -4.0424447434178843e-16, 1.0, -9.960363881277468e-17], [0.0, 0.0, 0.0, 1.0]]","[0.0, 0.0, 0.0]","[4.531351435146242e-13, -3.226491640858419e-13, -9.960363881277469e-14]",5.651148787972736e-13,"[0.0, 0.0, 0.0]","[-4.0424447434178843e-16, -4.85551185387376e-16, -5.109514618902837e-17]",1.2074182697257333e-06,1.7888989312149058e-13,1.5842053765818487e-13,2.8040276822779224e-13,2.897767167584095e-13,1.0,0.0005728884620619447,60,True,0.000310434028506279,0.004820722155272961,0.019822556525468826,6144
public_sf_003,1,public_sf_003_f001,direct,identity,clean,artificial,CAMERA_LOCAL,OPEN3D_HUBER_SINGLE_FRAME,CAMERA_LOCAL,OUTPUT,,TARGET_POINTS_PRESENT,UNIQUE_COMPARABLE,full asymmetric surface points define the injected rigid recovery,COMPARABLE_OUTPUT,True,"[[1.0, 0.0, 0.0, 0.0], [0.0, 1.0, 0.0, 0.0], [0.0, 0.0, 1.0, 0.0], [0.0, 0.0, 0.0, 1.0]]","[[1.0, -9.19943166560539e-17, -1.9230834015830732e-16, 2.1482100878303996e-16], [9.19943166560539e-17, 1.0, 3.1680508675392295e-17, -6.618598520206931e-17], [1.9230834015830732e-16, -3.168050867539231e-17, 1.0, 1.740301862703725e-17], [0.0, 0.0, 0.0, 1.0]]","[0.0, 0.0, 0.0]","[2.1482100878303995e-13, -6.618598520206931e-14, 1.740301862703725e-14]",2.2545845628200438e-13,"[0.0, 0.0, 0.0]","[-3.16805086753923e-17, -1.9230834015830732e-16, 9.19943166560539e-17]",0.0,6.557619955160014e-14,5.721958498152797e-14,1.249000902703301e-13,1.249000902703301e-13,1.0,0.0005728884620619524,60,True,0.000310434028506279,0.004820722155272961,0.01864597387611866,0
public_sf_004,0,public_sf_004_f000,direct,identity,clean,taco,CAMERA_LOCAL,OPEN3D_HUBER_SINGLE_FRAME,WORLD_FIXED,OUTPUT,,TARGET_POINTS_PRESENT,UNIQUE_COMPARABLE,full asymmetric surface points define the injected rigid recovery,COMPARABLE_OUTPUT,True,"[[1.0, 9.006308152311891e-18, -8.984224121176151e-18, 0.0], [9.006308152311891e-18, 1.0, 5.538840873439757e-18, 0.0], [-8.984224121176151e-18, 5.538840873439757e-18, 1.0, 0.0], [0.0, 0.0, 0.0, 1.0]]","[[0.9999999991040579, 1.8195916094019404e-05, -3.822031987872259e-05, 2.950853771525673e-05], [-1.820282357698343e-05, 0.9999999835016763, -0.00018073545379469094, 0.00015894758638994983], [3.821703060099891e-05, 0.00018073614935050223, 0.9999999829369512, -1.554535835152175e-05], [0.0, 0.0, 0.0, 1.0]]","[0.0, 0.0, 0.0]","[0.02950853771525673, 0.15894758638994982, -0.01554535835152175]",0.1624091967333147,"[0.0, 0.0, 0.0]","[0.00018073580261054165, -3.821867545934624e-05, -1.819936994001832e-05]",0.010635633061957871,0.02116404074001791,0.021487295997819462,0.03509439168917445,0.0382146242578577,1.0,0.0005984216110814526,1536,True,0.0014539267867803574,0.009083133190870285,0.02130170166492462,3072
public_sf_004,0,public_sf_004_f000,direct,identity,clean,taco,CAMERA_LOCAL,OPEN3D_HUBER_SINGLE_FRAME,CAMERA_LOCAL,OUTPUT,,TARGET_POINTS_PRESENT,UNIQUE_COMPARABLE,full asymmetric surface points define the injected rigid recovery,COMPARABLE_OUTPUT,True,"[[1.0, 0.0, 0.0, 0.0], [0.0, 1.0, 0.0, 0.0], [0.0, 0.0, 1.0, 0.0], [0.0, 0.0, 0.0, 1.0]]","[[0.9999999992300233, 1.6778249176116302e-05, -3.547455266823525e-05, 3.259492503609695e-05], [-1.6784685100214268e-05, 0.9999999834005019, -0.00018143117250436384, 0.00018194319085966634], [3.5471507981954894e-05, 0.00018143176779386166, 0.9999999829121428, -4.8716192691291975e-06], [0.0, 0.0, 0.0, 1.0]]","[0.0, 0.0, 0.0]","[0.03259492503609695, 0.18194319085966634, -0.004871619269129198]",0.18490399268974456,"[0.0, 0.0, 0.0]","[0.00018143147119105348, -3.547303052881274e-05, -1.6781467234539383e-05]",0.01063563580341894,0.021164573787013204,0.02148946192975043,0.035093275866615564,0.03821572645295932,1.0,0.0005984215845287715,1536,True,0.0014539267867803574,0.009083133190870285,0.02058163285255432,0
public_sf_004,1,public_sf_004_f001,direct,identity,clean,taco,CAMERA_LOCAL,OPEN3D_HUBER_SINGLE_FRAME,WORLD_FIXED,OUTPUT,,TARGET_POINTS_PRESENT,UNIQUE_COMPARABLE,full asymmetric surface points define the injected rigid recovery,COMPARABLE_OUTPUT,True,"[[1.0, 2.0536302293284907e-17, 1.5415084316630524e-18, 0.0], [2.0536302293284907e-17, 1.0, -1.8715393627765278e-17, 0.0], [1.5415084316630524e-18, -1.8715393627765278e-17, 1.0, 0.0], [0.0, 0.0, 0.0, 1.0]]","[[0.9999999985668796, 1.9398920502251035e-05, -4.989912411218007e-05, 3.917895876398132e-05], [-1.9407789198712578e-05, 0.9999999840162412, -0.00017773816421256944, 0.00015655633810431505], [4.989567538608673e-05, 0.00017773913238953122, 0.999999982959611, -2.007308479339504e-05], [0.0, 0.0, 0.0, 1.0]]","[0.0, 0.0, 0.0]","[0.03917895876398132, 0.15655633810431505, -0.02007308479339504]",0.16262781602046184,"[0.0, 0.0, 0.0]","[0.00017773864932178174, -4.989740003568808e-05, -1.9403354961912908e-05]",0.01063562593415579,0.018076562304612888,0.018663959008982475,0.029983109786150004,0.0342538325142923,1.0,0.0005984216140873597,1536,True,0.0012919120490550995,0.009083133190870285,0.02124384418129921,6144
public_sf_004,1,public_sf_004_f001,direct,identity,clean,taco,CAMERA_LOCAL,OPEN3D_HUBER_SINGLE_FRAME,CAMERA_LOCAL,OUTPUT,,TARGET_POINTS_PRESENT,UNIQUE_COMPARABLE,full asymmetric surface points define the injected rigid recovery,COMPARABLE_OUTPUT,True,"[[1.0, 0.0, 0.0, 0.0], [0.0, 1.0, 0.0, 0.0], [0.0, 0.0, 1.0, 0.0], [0.0, 0.0, 0.0, 1.0]]","[[0.9999999985912901, 1.6276943393786062e-05, -5.052208324118017e-05, 4.7133215413053474e-05], [-1.628592980271364e-05, 0.9999999840475203, -0.00017787559551206284, 0.0001787259647330962], [5.051918716422838e-05, 0.00017787641806058888, 0.9999999829038957, -1.14778240387748e-05], [0.0, 0.0, 0.0, 1.0]]","[0.0, 0.0, 0.0]","[0.04713321541305347, 0.17872596473309618, -0.011477824038774799]",0.18519246990526994,"[0.0, 0.0, 0.0]","[0.00017787600780784686, -5.052063549283834e-05, -1.628143669175223e-05]",0.010635629909276773,0.018076845181534625,0.01866210621460849,0.02998407538984384,0.034254679571175894,1.0,0.0005984215864809434,1536,True,0.0012919120490550995,0.009083133190870285,0.02025296911597252,0
public_sf_005,0,public_sf_005_f000,direct,translation,clean,artificial,WORLD_FIXED,OPEN3D_HUBER_SINGLE_FRAME,WORLD_FIXED,OUTPUT,,TARGET_POINTS_PRESENT,UNIQUE_COMPARABLE,full asymmetric surface points define the injected rigid recovery,COMPARABLE_OUTPUT,True,"[[1.0, 0.0, 0.0, -0.001787129360676402], [0.0, 1.0, 0.0, -0.0022447699249147053], [0.0, 0.0, 1.0, 0.005800499030678125], [0.0, 0.0, 0.0, 1.0]]","[[1.0, -6.324849013682411e-14, -4.9224136742293705e-14, -0.001787129360633153], [6.324860309971274e-14, 1.0, 3.058043007120553e-14, -0.0022447699249625946], [4.922414979189505e-14, -3.058054717351049e-14, 0.9999999999999999, 0.005800499030534602], [0.0, 0.0, 0.0, 1.0]]","[-1.787129360676402, -2.2447699249147055, 5.800499030678124]","[-1.787129360633153, -2.2447699249625948, 5.800499030534603]",1.5736111351877516e-10,"[0.0, 0.0, 0.0]","[-3.058048862235801e-14, -4.922414326709438e-14, 6.324854661826843e-14]",0.0,1.3805834139740526e-10,1.3866698842502429e-10,1.4484843344546632e-10,1.4596961474151963e-10,1.0,0.0004931270666843107,54,True,0.00038196146488189697,0.004847581498324871,0.020132308825850487,6144
public_sf_005,0,public_sf_005_f000,direct,translation,clean,artificial,WORLD_FIXED,OPEN3D_HUBER_SINGLE_FRAME,CAMERA_LOCAL,OUTPUT,,TARGET_POINTS_PRESENT,UNIQUE_COMPARABLE,full asymmetric surface points define the injected rigid recovery,COMPARABLE_OUTPUT,True,"[[1.0, -1.090611582018608e-17, 1.803449221078146e-17, -0.0017625767229011227], [-1.090611582018608e-17, 1.0, -1.9873338959925143e-17, -0.0021037723857111005], [1.803449221078146e-17, -1.9873338959925143e-17, 0.9999999999999999, 0.005860552654613521], [0.0, 0.0, 0.0, 1.0]]","[[1.0, -6.315657430972202e-14, -4.361524380776981e-14, -0.0017625767228521922], [6.31563360888806e-14, 0.9999999999999999, 3.105435665189734e-14, -0.0021037723857632064], [4.361521069407553e-14, -3.105445469596098e-14, 1.0, 0.005860552654467473], [0.0, 0.0, 0.0, 1.0]]","[-1.7625767229011227, -2.1037723857111006, 5.860552654613521]","[-1.7625767228521922, -2.1037723857632065, 5.860552654467473]",1.626015499752575e-10,"[0.0, 0.0, 0.0]","[-3.105440567392916e-14, -4.361522725092267e-14, 6.315645519930131e-14]",0.0,1.4182459409456177e-10,1.4256100758534396e-10,1.4780639921820864e-10,1.490900794349444e-10,1.0,0.0004931270666852175,54,True,0.00038196146488189697,0.004847581498324871,0.019141243770718575,0
public_sf_005,1,public_sf_005_f001,direct,translation,clean,artificial,WORLD_FIXED,OPEN3D_HUBER_SINGLE_FRAME,WORLD_FIXED,OUTPUT,,TARGET_POINTS_PRESENT,UNIQUE_COMPARABLE,full asymmetric surface points define the injected rigid recovery,COMPARABLE_OUTPUT,True,"[[1.0, 0.0, 0.0, -0.001787129360676402], [0.0, 1.0, 0.0, -0.0022447699249147053], [0.0, 0.0, 1.0, 0.005800499030678125], [0.0, 0.0, 0.0, 1.0]]","[[1.0, 8.264593285736218e-15, -9.496150799111512e-15, -0.001787129360669536], [-8.264450800967081e-15, 1.0, -6.0900514560495764e-15, -0.0022447699249256267], [9.496164722215582e-15, 6.090181687365217e-15, 1.0, 0.0058004990306392175], [0.0, 0.0, 0.0, 1.0]]","[-1.787129360676402, -2.2447699249147055, 5.800499030678124]","[-1.787129360669536, -2.2447699249256265, 5.800499030639218]",4.099015555033365e-11,"[0.0, 0.0, 0.0]","[6.090116571707397e-15, -9.496157760663547e-15, -8.26452204335165e-15]",0.0,4.064636345966394e-11,4.067874350817832e-11,4.144051268148209e-11,4.185848394357792e-11,1.0,0.0004931270666912587,54,True,0.0002927985042333603,0.004847581498324871,0.0203210711479187,6144
public_sf_005,1,public_sf_005_f001,direct,translation,clean,artificial,WORLD_FIXED,OPEN3D_HUBER_SINGLE_FRAME,CAMERA_LOCAL,OUTPUT,,TARGET_POINTS_PRESENT,UNIQUE_COMPARABLE,full asymmetric surface points define the injected rigid recovery,COMPARABLE_OUTPUT,True,"[[1.0, 3.646001632404555e-19, -3.53607390856834e-19, -0.0017906155632838872], [3.646001632404555e-19, 1.0, 3.2020645199506086e-18, -0.002472863001376245], [-3.53607390856834e-19, 3.2020645199506086e-18, 1.0, 0.005705896673919103], [0.0, 0.0, 0.0, 1.0]]","[[1.0, 7.779526617505154e-15, -9.146116233603685e-15, -0.0017906155632731484], [-7.779637804523507e-15, 1.0000000000000002, -4.176005652364436e-15, -0.0024728630013875898], [9.146198078162213e-15, 4.176134004325725e-15, 1.0, 0.0057058966738749795], [0.0, 0.0, 0.0, 1.0]]","[-1.7906155632838872, -2.472863001376245, 5.705896673919103]","[-1.7906155632731484, -2.47286300138759, 5.70589667387498]",4.680717536481067e-11,"[0.0, 0.0, 0.0]","[4.17606982834508e-15, -9.146157155882949e-15, -7.77958221101433e-15]",0.0,4.561017557704238e-11,4.5668758874513415e-11,4.630869272871667e-11,4.658911440137883e-11,1.0,0.0004931270666914655,54,True,0.0002927985042333603,0.004847581498324871,0.019068436697125435,0
public_sf_006,0,public_sf_006_f000,direct,translation,clean,taco,WORLD_FIXED,OPEN3D_HUBER_SINGLE_FRAME,WORLD_FIXED,OUTPUT,,TARGET_POINTS_PRESENT,UNIQUE_COMPARABLE,full asymmetric surface points define the injected rigid recovery,COMPARABLE_OUTPUT,True,"[[1.0, 0.0, 0.0, -0.00044459737486033307], [0.0, 1.0, 0.0, 0.0070617711503909745], [0.0, 0.0, 1.0, -0.004976929023001777], [0.0, 0.0, 0.0, 1.0]]","[[0.9999999930345319, 0.00011570585713525999, 2.330431140306761e-05, -0.0004741157323519024], [-0.00011569623067266794, 0.999999908165077, -0.0004126550863257331, 0.007386289250631257], [-2.3352055873380974e-05, 0.00041265238723040714, 0.9999999145863412, -0.004998785338478186], [0.0, 0.0, 0.0, 1.0]]","[-0.44459737486033307, 7.061771150390975, -4.9769290230017775]","[-0.4741157323519024, 7.386289250631257, -4.998785338478186]",0.32659000189651605,"[0.0, 0.0, 0.0]","[0.0004126537494475065, 2.3328184354454182e-05, -0.00011570104745625706]",0.024591442855234357,0.04182965769790345,0.03920887446148814,0.07016031443725754,0.0793897632831404,1.0,0.0005984661567740628,1536,True,0.0014968905597925186,0.008964565582573414,0.02371007576584816,3072
public_sf_006,0,public_sf_006_f000,direct,translation,clean,taco,WORLD_FIXED,OPEN3D_HUBER_SINGLE_FRAME,CAMERA_LOCAL,OUTPUT,,TARGET_POINTS_PRESENT,UNIQUE_COMPARABLE,full asymmetric surface points define the injected rigid recovery,COMPARABLE_OUTPUT,True,"[[0.9999999999999999, -1.826084715076968e-17, -4.743565766273242e-17, -0.000653326722693766], [-1.826084715076968e-17, 0.9999999999999999, 2.231597203442914e-17, 0.00696861653034541], [-4.743565766273242e-17, 2.231597203442914e-17, 0.9999999999999999, -0.005084058315227638], [0.0, 0.0, 0.0, 1.0]]","[[0.9999999996269989, 1.9761271296808443e-05, -1.8854543230351814e-05, -0.0006435194147520694], [-1.9765585313869453e-05, 0.9999999736225202, -0.00022883242987774334, 0.007164585692346906], [1.8850020713289242e-05, 0.0002288328024634787, 0.9999999736401125, -0.005115650549823558], [0.0, 0.0, 0.0, 1.0]]","[-0.653326722693766, 6.96861653034541, -5.084058315227638]","[-0.6435194147520694, 7.164585692346906, -5.115650549823558]",0.19874145272538193,"[0.0, 0.0, 0.0]","[0.00022883261819617513, -1.8852282138695804e-05, -1.9763428480279442e-05]",0.013204205992441525,0.023954048831107126,0.02236456850861019,0.040129758569784166,0.04439458853930858,1.0,0.0005984335375695175,1536,True,0.0014968905597925186,0.008964565582573414,0.021682992577552795,0
public_sf_006,1,public_sf_006_f001,direct,translation,clean,taco,WORLD_FIXED,OPEN3D_HUBER_SINGLE_FRAME,WORLD_FIXED,OUTPUT,,TARGET_POINTS_PRESENT,UNIQUE_COMPARABLE,full asymmetric surface points define the injected rigid recovery,COMPARABLE_OUTPUT,True,"[[1.0, 0.0, 0.0, -0.00044459737486033307], [0.0, 1.0, 0.0, 0.0070617711503909745], [0.0, 0.0, 1.0, -0.004976929023001777], [0.0, 0.0, 0.0, 1.0]]","[[0.9999999991911063, 3.93351140515307e-05, 8.398569203046198e-06, -0.0004578874830987792], [-3.933323823569576e-05, 0.9999999743099796, -0.0002232329204711683, 0.007233349329409079], [-8.407349879674742e-06, 0.0002232325899476727, 0.9999999750482631, -0.004993205265277921], [0.0, 0.0, 0.0, 1.0]]","[-0.44459737486033307, 7.061771150390975, -4.9769290230017775]","[-0.4578874830987792, 7.233349329409079, -4.993205265277921]",0.1728601011071961,"[0.0, 0.0, 0.0]","[0.00022323275712366565, 8.402959613416761e-06, -3.9334176480908066e-05]",0.012996250384233526,0.023406049035833237,0.0216154506428499,0.03993505863096934,0.0462587689193793,1.0,0.0005984301043370264,1536,True,0.001347055658698082,0.008964565582573414,0.025742892175912857,3072
public_sf_006,1,public_sf_006_f001,direct,translation,clean,taco,WORLD_FIXED,OPEN3D_HUBER_SINGLE_FRAME,CAMERA_LOCAL,OUTPUT,,TARGET_POINTS_PRESENT,UNIQUE_COMPARABLE,full asymmetric surface points define the injected rigid recovery,COMPARABLE_OUTPUT,True,"[[1.0, 3.514269917736791e-18, -1.1940771097178475e-17, -0.0004805843861083346], [3.514269917736791e-18, 0.9999999999999999, 3.352844495234529e-17, 0.00706001982117626], [-1.1940771097178475e-17, 3.352844495234529e-17, 1.0000000000000002, -0.0049760687172357015], [0.0, 0.0, 0.0, 1.0]]","[[0.9999999989183721, 4.646948425783526e-05, 1.960267322086601e-06, -0.0004917887307175945], [-4.646903397933778e-05, 0.9999999726813465, -0.00022908063089928073, 0.007263292573740728], [-1.9709125273069015e-06, 0.00022908053955975942, 0.9999999737591106, -0.005001633662392962], [0.0, 0.0, 0.0, 1.0]]","[-0.4805843861083346, 7.06001982117626, -4.976068717235702]","[-0.49178873071759444, 7.263292573740728, -5.001633662392962]",0.2051802029781438,"[0.0, 0.0, 0.0]","[0.0002290805873157253, 1.965589942597107e-06, -4.646925954177565e-05]",0.01339314686547504,0.024164039365644367,0.022542826246290226,0.040846992101767995,0.047452518996636765,1.0,0.0005984346650615117,1536,True,0.001347055658698082,0.008964565582573414,0.026701975613832474,0
public_sf_007,0,public_sf_007_f000,direct,translation,clean,artificial,CAMERA_LOCAL,OPEN3D_HUBER_SINGLE_FRAME,WORLD_FIXED,OUTPUT,,TARGET_POINTS_PRESENT,UNIQUE_COMPARABLE,full asymmetric surface points define the injected rigid recovery,COMPARABLE_OUTPUT,True,"[[1.0, 3.8905038217655126e-18, 4.521653943574636e-17, 0.0024991178049834986], [3.8905038217655126e-18, 1.0, -4.5234702793681946e-18, 0.011882531068917582], [4.521653943574636e-17, -4.5234702793681946e-18, 1.0, 0.0019529912039692732], [0.0, 0.0, 0.0, 1.0]]","[[1.0, -7.790355812196177e-16, -2.276246300932839e-16, 0.0024991178049835823], [7.769048678132e-16, 1.0, -2.390015244315025e-16, 0.011882531068917556], [2.2363625427917727e-16, 2.386210351016058e-16, 0.9999999999999999, 0.0019529912039690422], [0.0, 0.0, 0.0, 1.0]]","[2.4991178049834986, 11.882531068917581, 1.9529912039692732]","[2.4991178049835825, 11.882531068917556, 1.9529912039690422]",2.47009809927328e-13,"[0.0, 0.0, 0.0]","[2.3881127976655416e-16, -2.2563044218623057e-16, 7.779702245164088e-16]",0.0,3.181573581892435e-13,3.2071393316573324e-13,3.856659317655713e-13,4.0487494570199907e-13,1.0,0.0005994448663515847,54,True,0.0004260260611772537,0.004804551601409912,0.019846921786665916,3072
public_sf_007,0,public_sf_007_f000,direct,translation,clean,artificial,CAMERA_LOCAL,OPEN3D_HUBER_SINGLE_FRAME,CAMERA_LOCAL,OUTPUT,,TARGET_POINTS_PRESENT,UNIQUE_COMPARABLE,full asymmetric surface points define the injected rigid recovery,COMPARABLE_OUTPUT,True,"[[1.0, 0.0, 0.0, 0.002722095098193868], [0.0, 1.0, 0.0, 0.011790384613783792], [0.0, 0.0, 1.0, 0.0021980304786781107], [0.0, 0.0, 0.0, 1.0]]","[[0.9999999999999999, -4.743848871978455e-18, -5.600209789677714e-16, 0.0027220950981944273], [4.801073436784451e-18, 1.0, -3.7759350170613737e-16, 0.011790384613784123], [5.560205693301133e-16, 3.774405173143333e-16, 1.0, 0.002198030478677826], [0.0, 0.0, 0.0, 1.0]]","[2.722095098193868, 11.790384613783791, 2.1980304786781106]","[2.722095098194427, 11.790384613784124, 2.198030478677826]",7.098926635303705e-13,"[0.0, 0.0, 0.0]","[3.7751700951023533e-16, -5.580207741489423e-16, 4.772461154381452e-18]",0.0,1.5268849424488566e-13,1.1813442160191286e-13,2.618455766672135e-13,4.611102534756204e-13,1.0,0.0005994448663516056,54,True,0.0004260260611772537,0.004804551601409912,0.018718291074037552,0
public_sf_007,1,public_sf_007_f001,direct,translation,clean,artificial,CAMERA_LOCAL,OPEN3D_HUBER_SINGLE_FRAME,WORLD_FIXED,OUTPUT,,TARGET_POINTS_PRESENT,UNIQUE_COMPARABLE,full asymmetric surface points define the injected rigid recovery,COMPARABLE_OUTPUT,True,"[[0.9999999999999999, 1.887790650037257e-17, 1.783456328367187e-17, 0.0030381398447366717], [1.887790650037257e-17, 1.0, 2.8248353331195875e-17, 0.01173870881059793], [1.783456328367187e-17, 2.8248353331195875e-17, 1.0, 0.002055901455219236], [0.0, 0.0, 0.0, 1.0]]","[[1.0, -7.288756354058895e-16, -4.619196915886951e-16, 0.0030381398447370594], [7.300860593904153e-16, 1.0, 2.997803795070955e-16, 0.011738708810597456], [4.616921881757168e-16, -3.0516218573080076e-16, 0.9999999999999999, 0.002055901455219193], [0.0, 0.0, 0.0, 1.0]]","[3.038139844736672, 11.73870881059793, 2.055901455219236]","[3.0381398447370596, 11.738708810597457, 2.055901455219193]",6.135779711874895e-13,"[0.0, 0.0, 0.0]","[-3.024712826189481e-16, -4.61805939882206e-16, 7.294808473981524e-16]",0.0,1.3653353094797913e-13,1.3743582344793844e-13,1.9854050428205578e-13,2.172217384091364e-13,1.0,0.000599444866351594,54,True,0.000372396782040596,0.004804551601409912,0.02460375614464283,6144
public_sf_007,1,public_sf_007_f001,direct,translation,clean,artificial,CAMERA_LOCAL,OPEN3D_HUBER_SINGLE_FRAME,CAMERA_LOCAL,OUTPUT,,TARGET_POINTS_PRESENT,UNIQUE_COMPARABLE,full asymmetric surface points define the injected rigid recovery,COMPARABLE_OUTPUT,True,"[[1.0, 0.0, 0.0, 0.002722095098193868], [0.0, 1.0, 0.0, 0.011790384613783792], [0.0, 0.0, 1.0, 0.0021980304786781107], [0.0, 0.0, 0.0, 1.0]]","[[1.0, -4.73735726795759e-16, -2.5874243723218004e-16, 0.002722095098194119], [4.738499834331288e-16, 1.0, -2.827216839565497e-16, 0.01179038461378391], [2.588755880817924e-16, 2.786539306500916e-16, 0.9999999999999998, 0.002198030478678196], [0.0, 0.0, 0.0, 1.0]]","[2.722095098193868, 11.790384613783791, 2.1980304786781106]","[2.722095098194119, 11.79038461378391, 2.1980304786781963]",2.902857725693942e-13,"[0.0, 0.0, 0.0]","[2.8068780730332064e-16, -2.588090126569862e-16, 4.737928551144438e-16]",0.0,1.2803358478329192e-13,1.0554822676234184e-13,2.326341149472307e-13,2.3587774488922093e-13,1.0,0.0005994448663515752,54,True,0.000372396782040596,0.004804551601409912,0.023594334721565247,0
public_sf_008,0,public_sf_008_f000,direct,translation,clean,taco,CAMERA_LOCAL,OPEN3D_HUBER_SINGLE_FRAME,WORLD_FIXED,OUTPUT,,TARGET_POINTS_PRESENT,UNIQUE_COMPARABLE,full asymmetric surface points define the injected rigid recovery,COMPARABLE_OUTPUT,True,"[[1.0, -1.1487335726139242e-17, 1.5369758854358265e-17, 0.0018691184365356855], [-1.1487335726139242e-17, 1.0000000000000002, 1.6674990285238594e-17, 0.005095337571105939], [1.5369758854358265e-17, 1.6674990285238594e-17, 1.0, -0.002981596504147463], [0.0, 0.0, 0.0, 1.0]]","[[0.9999999993622676, 3.536355404772581e-05, 4.988421958933845e-06, 0.0018607879330886379], [-3.5362271007244936e-05, 0.9999999663580391, -0.0002569697080980172, 0.005300815394424844], [-4.997509153274385e-06, 0.000256969531532204, 0.9999999669708419, -0.002988854454423753], [0.0, 0.0, 0.0, 1.0]]","[1.8691184365356857, 5.095337571105938, -2.981596504147463]","[1.8607879330886379, 5.300815394424844, -2.9888544544237527]",0.2057746607475507,"[0.0, 0.0, 0.0]","[0.0002569696226978323, 4.992965612115912e-06, -3.536291292419154e-05]",0.014864788074788762,0.02644911679161048,0.026085982025445945,0.04585321829925254,0.049943394627079564,1.0,0.0005984437067120667,1536,True,0.0014447234570980072,0.008955968543887138,0.02493642456829548,3072
public_sf_008,0,public_sf_008_f000,direct,translation,clean,taco,CAMERA_LOCAL,OPEN3D_HUBER_SINGLE_FRAME,CAMERA_LOCAL,OUTPUT,,TARGET_POINTS_PRESENT,UNIQUE_COMPARABLE,full asymmetric surface points define the injected rigid recovery,COMPARABLE_OUTPUT,True,"[[1.0, 0.0, 0.0, 0.0017481859409986871], [0.0, 1.0, 0.0, 0.005111372548055519], [0.0, 0.0, 1.0, -0.0030271608806841984], [0.0, 0.0, 0.0, 1.0]]","[[0.999999999456367, 2.993390682930591e-05, 1.3828486628581537e-05, 0.0017314826411250314], [-2.9930347299856245e-05, 0.9999999664416666, -0.0002573341021147849, 0.005336292784208726], [-1.383618917955804e-05, 0.0002573336880834855, 0.9999999667939659, -0.0030381467727311753], [0.0, 0.0, 0.0, 1.0]]","[1.748185940998687, 5.1113725480555185, -3.0271608806841983]","[1.7314826411250315, 5.336292784208726, -3.0381467727311753]",0.22580700317295652,"[0.0, 0.0, 0.0]","[0.00025733389798590693, 1.383233805924096e-05, -2.993212740035969e-05]",0.014864694217051973,0.026449501460063918,0.026085599601846525,0.045854556510421474,0.04994502227810783,1.0,0.0005984436997920782,1536,True,0.0014447234570980072,0.008955968543887138,0.022601116448640823,0
public_sf_008,1,public_sf_008_f001,direct,translation,clean,taco,CAMERA_LOCAL,OPEN3D_HUBER_SINGLE_FRAME,WORLD_FIXED,OUTPUT,,TARGET_POINTS_PRESENT,UNIQUE_COMPARABLE,full asymmetric surface points define the injected rigid recovery,COMPARABLE_OUTPUT,True,"[[1.0000000000000002, 9.345800464289882e-18, -5.1490063257863885e-18, 0.0016342309755905476], [9.345800464289882e-18, 1.0, 2.118974482569087e-18, 0.005221556862595296], [-5.1490063257863885e-18, 2.118974482569087e-18, 1.0, -0.002900106800786839], [0.0, 0.0, 0.0, 1.0]]","[[0.9999999984038502, 5.646666474024018e-05, 1.9532490310827694e-06, 0.00162678469765344], [-5.646617286021343e-05, 0.9999999669262172, -0.0002509165920680371, 0.005428079312124292], [-1.9674173895636702e-06, 0.0002509164813750425, 0.9999999685185238, -0.0029108597167032584], [0.0, 0.0, 0.0, 1.0]]","[1.6342309755905475, 5.221556862595296, -2.900106800786839]","[1.6267846976534401, 5.428079312124292, -2.9108597167032584]",0.20693620856505285,"[0.0, 0.0, 0.0]","[0.00025091653948795356, 1.9603332319363543e-06, -5.646641942278234e-05]",0.014736426452648176,0.02565913799752446,0.02590957353337855,0.042007160924215595,0.047440461286440985,1.0,0.0005984303081872424,1536,True,0.0013101212680339813,0.008955968543887138,0.025083424523472786,3072
public_sf_008,1,public_sf_008_f001,direct,translation,clean,taco,CAMERA_LOCAL,OPEN3D_HUBER_SINGLE_FRAME,CAMERA_LOCAL,OUTPUT,,TARGET_POINTS_PRESENT,UNIQUE_COMPARABLE,full asymmetric surface points define the injected rigid recovery,COMPARABLE_OUTPUT,True,"[[1.0, 0.0, 0.0, 0.0017481859409986871], [0.0, 1.0, 0.0, 0.005111372548055519], [0.0, 0.0, 1.0, -0.0030271608806841984], [0.0, 0.0, 0.0, 1.0]]","[[0.9999999992218582, 3.6198235321060525e-05, -1.5683473864663483e-05, 0.0017553137605032393], [-3.620170461041854e-05, 0.9999999748660814, -0.00022126290534581552, 0.005308440434419952], [1.5675464143760482e-05, 0.00022126347294213142, 0.9999999753983776, -0.0030446574700746807], [0.0, 0.0, 0.0, 1.0]]","[1.748185940998687, 5.1113725480555185, -3.0271608806841983]","[1.7553137605032392, 5.308440434419952, -3.0446574700746805]",0.1979714330082338,"[0.0, 0.0, 0.0]","[0.00022126319100677656, -1.5679469136216606e-05, -3.619997027050517e-05]",0.012877369298876198,0.02269826749684871,0.02240842086215113,0.036682484011210104,0.042158166946707876,1.0,0.0005984298490058187,1536,True,0.0013101212680339813,0.008955968543887138,0.02126382291316986,2864
public_sf_009,0,public_sf_009_f000,direct,combined,noise,artificial,WORLD_FIXED,OPEN3D_HUBER_SINGLE_FRAME,WORLD_FIXED,OUTPUT,,TARGET_POINTS_PRESENT,UNIQUE_COMPARABLE,full asymmetric surface points define the injected rigid recovery,COMPARABLE_OUTPUT,True,"[[0.999275440218153, 0.028190605484872004, -0.02557116225776597, -0.012505910803124753], [-0.02661670469231721, 0.9978475894254322, 0.05993112137425932, 0.009456336717715135], [0.02720561721664607, -0.05920707761957626, 0.9978749302150098, -0.009827637762582605], [0.0, 0.0, 0.0, 1.0]]","[[0.9991973829950497, 0.02948490825429054, -0.027115124950477246, -0.011146245193614226], [-0.027338460258153365, 0.9967035222998576, 0.07638518983265755, -0.0030634154474885517], [0.02927795085994387, -0.07558259601451783, 0.9967096230964909, -0.011709965707063414], [0.0, 0.0, 0.0, 1.0]]","[-12.505910803124753, 9.456336717715136, -9.827637762582604]","[-11.146245193614225, -3.0634154474885515, -11.709965707063414]",12.733265226892172,"[-0.05961881040280834, -0.026410411066551398, -0.027426523665267256]","[-0.07607761158107341, -0.028231315561060327, -0.028446727273932024]",0.9505351326006453,1.6182550201423722,1.5882207529772927,2.8259992792785185,3.097860337357306,1.0,0.0006982491412919307,60,True,0.0008556153625249863,0.00483863428235054,0.02185286581516266,3072
public_sf_009,0,public_sf_009_f000,direct,combined,noise,artificial,WORLD_FIXED,OPEN3D_HUBER_SINGLE_FRAME,CAMERA_LOCAL,OUTPUT,,TARGET_POINTS_PRESENT,UNIQUE_COMPARABLE,full asymmetric surface points define the injected rigid recovery,COMPARABLE_OUTPUT,True,"[[0.9992435906168338, 0.03011298722736629, -0.02460598730841563, -0.010703099674811072], [-0.028607324806015497, 0.9978238402753998, 0.059407110226777485, 0.004284561603117777], [0.026341366301324717, -0.058658262660070536, 0.9979305289663611, -0.008244246114836692], [0.0, 0.0, 0.0, 1.0]]","[[0.9991555193020747, 0.031973502423829285, -0.025805878999839535, -0.009467980807040994], [-0.02993492440362037, 0.9966697851216033, 0.07585011355697492, -0.00954424285534104], [0.028145133667305797, -0.07501356256311151, 0.9967852411038398, -0.009509627638867072], [0.0, 0.0, 0.0, 1.0]]","[-10.703099674811073, 4.284561603117777, -8.244246114836692]","[-9.467980807040995, -9.544242855341041, -9.509627638867071]",13.941396693630432,"[-0.05908194970818777, -0.025494934798713082, -0.029384657309559237]","[-0.07552487559608657, -0.02700877788981924, -0.030992392302377658]",0.9505311597166514,1.618249587541758,1.5882209188254832,2.8259926755062117,3.0978389355051448,1.0,0.0006982488516055199,60,True,0.0008556153625249863,0.00483863428235054,0.0207278523594141,0
public_sf_009,1,public_sf_009_f001,direct,combined,noise,artificial,WORLD_FIXED,OPEN3D_HUBER_SINGLE_FRAME,WORLD_FIXED,STOPPED_INSUFFICIENT_CORRESPONDENCES,0 correspondences < 24,TARGET_POINTS_PRESENT,UNIQUE_COMPARABLE,full asymmetric surface points define the injected rigid recovery,STOPPED_OR_FAILED,False,"[[0.999275440218153, 0.028190605484872004, -0.02557116225776597, -0.012505910803124753], [-0.02661670469231721, 0.9978475894254322, 0.05993112137425932, 0.009456336717715135], [0.02720561721664607, -0.05920707761957626, 0.9978749302150098, -0.009827637762582605], [0.0, 0.0, 0.0, 1.0]]","[[0.9545718866278704, 0.24673434700598026, 0.1670768543731917, -0.15148430138531693], [-0.2834163872538314, 0.9249229431765935, 0.25336278460250333, -0.1588718362591598], [-0.09201991466902412, -0.28920530975948683, 0.9528339960933514, -0.07129692672694583], [0.0, 0.0, 0.0, 1.0]]","[-12.505910803124753, 9.456336717715136, -9.827637762582604]","[-151.48430138531694, -158.8718362591598, -71.29692672694583]",226.77707192821208,"[-0.05961881040280834, -0.026410411066551398, -0.027426523665267256]","[-0.2791288469307331, 0.1332945728614496, -0.27274062867156595]",20.96068353051283,142.5214281775324,142.2447875110777,181.1476765763918,194.1051777164428,0.0,0.0,0,False,0.0003172140568494797,0.00483863428235054,0.021409112960100174,6144
public_sf_009,1,public_sf_009_f001,direct,combined,noise,artificial,WORLD_FIXED,OPEN3D_HUBER_SINGLE_FRAME,CAMERA_LOCAL,STOPPED_INSUFFICIENT_CORRESPONDENCES,0 correspondences < 24,TARGET_POINTS_PRESENT,UNIQUE_COMPARABLE,full asymmetric surface points define the injected rigid recovery,STOPPED_OR_FAILED,False,"[[0.9992370649496449, 0.030073053388462664, -0.024917854857783233, -0.011220224014967223], [-0.02855198935008532, 0.9978317651184223, 0.05930052634510561, 0.004888780098121302], [0.026647174990446786, -0.05854382956852602, 0.9979291297905276, -0.007835100520390367], [0.0, 0.0, 0.0, 1.0]]","[[0.8433231518424753, 0.5372650936630722, -0.012340206549480093, -0.1066638074149609], [-0.5373115564059445, 0.8433836605368181, -0.0005408254231311083, 0.18781548872403694], [0.010116961949867082, 0.007086626187903511, 0.9999237104950447, -0.13462094830991764], [0.0, 0.0, 0.0, 1.0]]","[-11.220224014967222, 4.888780098121302, -7.835100520390367]","[-106.6638074149609, 187.81548872403695, -134.62094830991765]",242.17000132273068,"[-0.058971349001334106, -0.02580403064592109, -0.02933698291063535]","[0.004026294808931846, -0.011854441766817641, -0.5672356389272958]",31.034368856901796,227.4945890911332,223.92722463653598,273.90943546471897,284.3853485049923,0.0,0.0,0,False,0.0003172140568494797,0.00483863428235054,0.020015375688672066,0
public_sf_010,0,public_sf_010_f000,direct,combined,random_missing,artificial,WORLD_FIXED,OPEN3D_HUBER_SINGLE_FRAME,WORLD_FIXED,OUTPUT,,TARGET_POINTS_PRESENT,UNIQUE_COMPARABLE,full asymmetric surface points define the injected rigid recovery,COMPARABLE_OUTPUT,True,"[[0.9975657611066476, -0.05411691680092928, 0.04397626159277387, 0.0027596723371310396], [0.054961951363386066, 0.9983218630208758, -0.018238468051252177, 0.004723216453531947], [-0.042915453743885355, 0.020611092413772257, 0.9988660804629754, -0.001352726186693384], [0.0, 0.0, 0.0, 1.0]]","[[0.9975657611065909, -0.05411691680122583, 0.043976261593699564, 0.002759672334671919], [0.05496195136364489, 0.9983218630208859, -0.01823846804992361, 0.0047232164537733285], [-0.04291545374487644, 0.02061109241250813, 0.998866080462959, -0.0013527261887615856], [0.0, 0.0, 0.0, 1.0]]","[2.7596723371310397, 4.723216453531947, -1.352726186693384]","[2.759672334671919, 4.723216453773328, -1.3527261887615856]",3.2222658932098574e-09,"[0.019441782763137287, 0.04348388587336958, 0.054587172506333194]","[0.019441782761840005, 0.04348388587432926, 0.054587172506611686]",0.0,3.136298340709918e-09,3.123714330979658e-09,3.3095187286494398e-09,3.366756734194058e-09,1.0,0.00048461071539962117,45,True,0.0003825817257165909,0.005134758539497852,0.020281314849853516,6144
public_sf_010,0,public_sf_010_f000,direct,combined,random_missing,artificial,WORLD_FIXED,OPEN3D_HUBER_SINGLE_FRAME,CAMERA_LOCAL,OUTPUT,,TARGET_POINTS_PRESENT,UNIQUE_COMPARABLE,full asymmetric surface points define the injected rigid recovery,COMPARABLE_OUTPUT,True,"[[0.9975327185438355, -0.05580749525700155, 0.04259106605480543, -0.001890685015245662], [0.05655120656485797, 0.9982640015569578, -0.01646038369993617, 0.005230185215091339], [-0.041598515245184146, 0.0188283474747548, 0.9989569844897056, -3.151186855578081e-05], [0.0, 0.0, 0.0, 1.0]]","[[0.9975327185437819, -0.05580749525732928, 0.042591066055630025, -0.0018906850176558217], [0.05655120656514868, 0.9982640015569619, -0.016460383698669145, 0.005230185215410456], [-0.04159851524607282, 0.018828347473549015, 0.9989569844896914, -3.1511870614931036e-05], [0.0, 0.0, 0.0, 1.0]]","[-1.890685015245662, 5.230185215091339, -0.03151186855578081]","[-1.8906850176558216, 5.230185215410456, -0.031511870614931034]",3.1860328620583152e-09,"[0.017659809719153815, 0.042131636264648616, 0.056228524756035146]","[0.017659809717916516, 0.04213163626550644, 0.05622852475634522]",0.0,3.108589772617597e-09,3.0958049264789538e-09,3.272932042975146e-09,3.325678542732163e-09,1.0,0.00048461071539242614,45,True,0.0003825817257165909,0.005134758539497852,0.019211390987038612,0
public_sf_010,1,public_sf_010_f001,direct,combined,random_missing,artificial,WORLD_FIXED,OPEN3D_HUBER_SINGLE_FRAME,WORLD_FIXED,OUTPUT,,TARGET_POINTS_PRESENT,UNIQUE_COMPARABLE,full asymmetric surface points define the injected rigid recovery,COMPARABLE_OUTPUT,True,"[[0.9975657611066476, -0.05411691680092928, 0.04397626159277387, 0.0027596723371310396], [0.054961951363386066, 0.9983218630208758, -0.018238468051252177, 0.004723216453531947], [-0.042915453743885355, 0.020611092413772257, 0.9988660804629754, -0.001352726186693384], [0.0, 0.0, 0.0, 1.0]]","[[0.9975657611066708, -0.054116916800561514, 0.04397626159270104, 0.002759672336588429], [0.05496195136300078, 0.9983218630209034, -0.018238468050885026, 0.004723216453601953], [-0.04291545374384046, 0.020611092413385396, 0.9988660804629856, -0.001352726188707228], [0.0, 0.0, 0.0, 1.0]]","[2.7596723371310397, 4.723216453531947, -1.352726186693384]","[2.759672336588429, 4.723216453601952, -1.3527261887072282]",2.086838627596228e-09,"[0.019441782763137287, 0.04348388587336958, 0.054587172506333194]","[0.01944178276275975, 0.043483885873310216, 0.05458717250595578]",0.0,2.1018799793250646e-09,2.102606565924073e-09,2.1335022007366147e-09,2.150294806000279e-09,1.0,0.0004853133346311595,47,True,0.0003033056855201721,0.005134758539497852,0.02541431225836277,3072
public_sf_010,1,public_sf_010_f001,direct,combined,random_missing,artificial,WORLD_FIXED,OPEN3D_HUBER_SINGLE_FRAME,CAMERA_LOCAL,OUTPUT,,TARGET_POINTS_PRESENT,UNIQUE_COMPARABLE,full asymmetric surface points define the injected rigid recovery,COMPARABLE_OUTPUT,True,"[[0.9975936392956581, -0.05460069512356246, 0.04272815147965492, -0.0018561723374720882], [0.05547903592069351, 0.998266530359952, -0.01964716102681319, 0.005127914018977333], [-0.04158133487702092, 0.02197039952133109, 0.9988935349348887, 0.00013612100045322373], [0.0, 0.0, 0.0, 1.0]]","[[0.9975936392944155, -0.054600695135951276, 0.04272815149283174, -0.0018561723490306964], [0.05547903593249831, 0.9982665303597127, -0.01964716100561784, 0.005127914019876696], [-0.041581334891078646, 0.021970399501397692, 0.9988935349347423, 0.0001361208874077926], [0.0, 0.0, 0.0, 1.0]]","[-1.8561723374720882, 5.127914018977332, 0.13612100045322373]","[-1.8561723490306963, 5.1279140198766955, 0.1361208874077926]",1.1363837280817621e-07,"[0.02082699422139331, 0.04219164126950304, 0.055088041974470724]","[0.020826994200816594, 0.0421916412831437, 0.05508804198659309]",0.0,1.179492834343981e-07,1.1804913890154699e-07,1.2072975802019103e-07,1.218736624387105e-07,1.0,0.0004853133335191413,47,True,0.0003033056855201721,0.005134758539497852,0.024822531268000603,2280
public_sf_011,0,public_sf_011_f000,direct,combined,local_missing,artificial,WORLD_FIXED,OPEN3D_HUBER_SINGLE_FRAME,WORLD_FIXED,OUTPUT,,TARGET_POINTS_PRESENT,UNIQUE_COMPARABLE,full asymmetric surface points define the injected rigid recovery,COMPARABLE_OUTPUT,True,"[[0.9997124173749586, -0.020322561913565917, 0.012730908199564519, -0.0060310220728591055], [0.020087617041653256, 0.9996303929216787, 0.018318438493446824, -0.002685012795454726], [-0.013098480366223431, -0.018057436820312918, 0.9997511484302362, -0.009870136794634653], [0.0, 0.0, 0.0, 1.0]]","[[0.9997124173749585, -0.020322561913565854, 0.012730908199564966, -0.006031022072859473], [0.020087617041653193, 0.9996303929216788, 0.01831843849344733, -0.002685012795455134], [-0.01309848036622387, -0.018057436820313418, 0.999751148430236, -0.00987013679463445], [0.0, 0.0, 0.0, 1.0]]","[-6.0310220728591055, -2.685012795454726, -9.870136794634654]","[-6.031022072859473, -2.685012795455134, -9.87013679463445]",5.856472764534886e-13,"[-0.018190684658364025, 0.012916644844031348, 0.020208141138101807]","[-0.018190684658364528, 0.01291664484403179, 0.020208141138101744]",0.0,1.0385106754366569e-13,1.1443916996305594e-13,2.2357839334615969e-13,2.2929868617541514e-13,1.0,0.0006612636467825534,53,True,0.00040696747601032257,0.004745233803987503,0.019535835832357407,3072
public_sf_011,0,public_sf_011_f000,direct,combined,local_missing,artificial,WORLD_FIXED,OPEN3D_HUBER_SINGLE_FRAME,CAMERA_LOCAL,OUTPUT,,TARGET_POINTS_PRESENT,UNIQUE_COMPARABLE,full asymmetric surface points define the injected rigid recovery,COMPARABLE_OUTPUT,True,"[[0.9997001752385818, -0.02119949991131797, 0.012253196785270317, -0.008098158271368193], [0.020981763322822363, 0.9996243463648735, 0.017633257284600426, -0.004540916904139845], [-0.012622410063597139, -0.017370876722545513, 0.999769437123418, -0.009941226212652393], [0.0, 0.0, 0.0, 1.0]]","[[0.999700175238582, -0.021199499911317313, 0.012253196785269526, -0.008098158271367275], [0.020981763322821655, 0.9996243463648735, 0.017633257284600322, -0.004540916904139614], [-0.01262241006359633, -0.017370876722545454, 0.9997694371234183, -0.009941226212652721], [0.0, 0.0, 0.0, 1.0]]","[-8.098158271368193, -4.540916904139845, -9.941226212652394]","[-8.098158271367275, -4.540916904139614, -9.94122621265272]",1.0016195557555775e-12,"[-0.01750471041509887, 0.012439681958718984, 0.021093817024753367]","[-0.017504710415098785, 0.012439681958718179, 0.021093817024752683]",0.0,1.8889434070065474e-13,1.7799290550853683e-13,3.0559111319790693e-13,3.608224830031759e-13,1.0,0.0006612636467825409,53,True,0.00040696747601032257,0.004745233803987503,0.019026635214686394,0
public_sf_011,1,public_sf_011_f001,direct,combined,local_missing,artificial,WORLD_FIXED,OPEN3D_HUBER_SINGLE_FRAME,WORLD_FIXED,OUTPUT,,TARGET_POINTS_PRESENT,UNIQUE_COMPARABLE,full asymmetric surface points define the injected rigid recovery,COMPARABLE_OUTPUT,True,"[[0.9997124173749586, -0.020322561913565917, 0.012730908199564519, -0.0060310220728591055], [0.020087617041653256, 0.9996303929216787, 0.018318438493446824, -0.002685012795454726], [-0.013098480366223431, -0.018057436820312918, 0.9997511484302362, -0.009870136794634653], [0.0, 0.0, 0.0, 1.0]]","[[0.9997124173749589, -0.020322561913566226, 0.012730908199565556, -0.006031022072860038], [0.020087617041653558, 0.9996303929216788, 0.018318438493446405, -0.002685012795454375], [-0.013098480366224458, -0.01805743682031248, 0.9997511484302364, -0.009870136794634514], [0.0, 0.0, 0.0, 1.0]]","[-6.0310220728591055, -2.685012795454726, -9.870136794634654]","[-6.031022072860038, -2.685012795454375, -9.870136794634515]",1.0058574035256288e-12,"[-0.018190684658364025, 0.012916644844031348, 0.020208141138101807]","[-0.018190684658363588, 0.012916644844032378, 0.02020814113810211]",0.0,1.4197968055878754e-13,1.2472986424325995e-13,2.434724532054195e-13,2.6766507790745725e-13,1.0,0.0006323228204874333,53,True,0.00036920420825481415,0.004745233803987503,0.01968947798013687,6144
public_sf_011,1,public_sf_011_f001,direct,combined,local_missing,artificial,WORLD_FIXED,OPEN3D_HUBER_SINGLE_FRAME,CAMERA_LOCAL,OUTPUT,,TARGET_POINTS_PRESENT,UNIQUE_COMPARABLE,full asymmetric surface points define the injected rigid recovery,COMPARABLE_OUTPUT,True,"[[0.9997239793131655, -0.01987514346237297, 0.012527723600046708, -0.007346210925587057], [0.01963591156364795, 0.9996278154052763, 0.018938364373392223, -0.005182783205533302], [-0.012899463683179707, -0.018687143720346074, 0.9997421640084313, -0.009957816747974801], [0.0, 0.0, 0.0, 1.0]]","[[0.9997239793131655, -0.019875143462372808, 0.012527723600048633, -0.0073462109255889455], [0.01963591156364775, 0.9996278154052763, 0.018938364373392007, -0.0051827832055330175], [-0.0128994636831816, -0.018687143720345762, 0.9997421640084313, -0.009957816747974288], [0.0, 0.0, 0.0, 1.0]]","[-7.346210925587057, -5.182783205533302, -9.957816747974801]","[-7.346210925588945, -5.182783205533018, -9.957816747974288]",1.977390167281096e-12,"[-0.018815595417026817, 0.012715513829666483, 0.01975851127424949]","[-0.018815595417026553, 0.012715513829668392, 0.019758511274249307]",1.7075472925031877e-06,2.2060122800690623e-13,2.371381791111015e-13,3.7629457069664847e-13,4.39073555834512e-13,1.0,0.0006323228204874678,53,True,0.00036920420825481415,0.004745233803987503,0.018917540088295937,0
public_sf_012,0,public_sf_012_f000,direct,combined,outliers,artificial,WORLD_FIXED,OPEN3D_HUBER_SINGLE_FRAME,WORLD_FIXED,OUTPUT,,TARGET_POINTS_PRESENT,UNIQUE_COMPARABLE,full asymmetric surface points define the injected rigid recovery,COMPARABLE_OUTPUT,True,"[[0.9985532635544723, 0.03396516154546404, 0.04168630045834215, 0.01575025084518706], [-0.03462164410897643, 0.9992859821343875, 0.015128372976103832, 0.0003658800615592353], [-0.0411426980630102, -0.01654973446624635, 0.9990162084196595, -0.00017874716616300053], [0.0, 0.0, 0.0, 1.0]]","[[0.9976560006243317, 0.05713731064360726, 0.03765411200227014, 0.017955794015835753], [-0.0594673031689057, 0.996178018803096, 0.06397651684294543, -0.0329233177599208], [-0.03385475257745999, -0.06606574442140305, 0.9972407799232665, 0.0022248683434811676], [0.0, 0.0, 0.0, 1.0]]","[15.75025084518706, 0.3658800615592353, -0.17874716616300054]","[17.955794015835753, -32.9233177599208, 2.224868343481168]",33.44865437941306,"[-0.01584736005055395, 0.04143621788591576, -0.034311387001301555]","[-0.06511802472031188, 0.035807713324505996, -0.0583891886446864]",3.1582293027163653,5.164142854367326,4.969722029585395,9.28606140239321,10.37051432458034,1.0,0.0025340150672829784,48,True,0.0004294831305742264,0.004740176722407341,0.020790426060557365,6144
public_sf_012,0,public_sf_012_f000,direct,combined,outliers,artificial,WORLD_FIXED,OPEN3D_HUBER_SINGLE_FRAME,CAMERA_LOCAL,OUTPUT,,TARGET_POINTS_PRESENT,UNIQUE_COMPARABLE,full asymmetric surface points define the injected rigid recovery,COMPARABLE_OUTPUT,True,"[[0.9985816422557262, 0.032956714053157976, 0.04181577153031258, 0.011924919258213642], [-0.033685531676988185, 0.9992904994181073, 0.016845851962663493, -0.0006980644069052196], [-0.04123091928996412, -0.018230545014555344, 0.9989833124346856, -0.0002983419643865781], [0.0, 0.0, 0.0, 1.0]]","[[0.9977800310243938, 0.055535223638890685, 0.03675389264198444, 0.014970880909850916], [-0.05787127998252215, 0.9961476275663884, 0.06588489240365104, -0.037658692141442934], [-0.03295337072508149, -0.06786562479808564, 0.9971501052141655, 0.0028225342327815824], [0.0, 0.0, 0.0, 1.0]]","[11.924919258213642, -0.6980644069052195, -0.2983419643865781]","[14.970880909850916, -37.658692141442934, 2.8225342327815826]",37.21700892270058,"[-0.01754739588486318, 0.04154512111656378, -0.03333859715530929]","[-0.0669748825393568, 0.03490555306868472, -0.056787722531099434]",3.157191350780776,5.162465039975474,4.967982526870186,9.2828060607511,10.36685638101478,1.0,0.0025340450116407283,48,True,0.0004294831305742264,0.004740176722407341,0.01967758871614933,0
public_sf_012,1,public_sf_012_f001,direct,combined,outliers,artificial,WORLD_FIXED,OPEN3D_HUBER_SINGLE_FRAME,WORLD_FIXED,OUTPUT,,TARGET_POINTS_PRESENT,UNIQUE_COMPARABLE,full asymmetric surface points define the injected rigid recovery,COMPARABLE_OUTPUT,True,"[[0.9985532635544723, 0.03396516154546404, 0.04168630045834215, 0.01575025084518706], [-0.03462164410897643, 0.9992859821343875, 0.015128372976103832, 0.0003658800615592353], [-0.0411426980630102, -0.01654973446624635, 0.9990162084196595, -0.00017874716616300053], [0.0, 0.0, 0.0, 1.0]]","[[0.9976422457054593, 0.04558348226581672, 0.05130395431435798, 0.00738520056147316], [-0.04613169850936523, 0.998889695486656, 0.00955210150789767, 0.007274861922481922], [-0.050811573252643794, -0.011896318552313745, 0.9986374024782434, 0.00213081705482501], [0.0, 0.0, 0.0, 1.0]]","[15.75025084518706, 0.3658800615592353, -0.17874716616300054]","[7.385200561473161, 7.274861922481922, 2.1308170548250103]",11.09243812218435,"[-0.01584736005055395, 0.04143621788591576, -0.034311387001301555]","[-0.010732852542660943, 0.051098910624461896, -0.04589454647102883]",0.9125541812665331,1.5518317284839076,1.5565053055911013,2.6890223098531694,2.9430155491988526,1.0,0.0011768505830139044,48,True,0.00030432455241680145,0.004740176722407341,0.02206226997077465,6144
public_sf_012,1,public_sf_012_f001,direct,combined,outliers,artificial,WORLD_FIXED,OPEN3D_HUBER_SINGLE_FRAME,CAMERA_LOCAL,OUTPUT,,TARGET_POINTS_PRESENT,UNIQUE_COMPARABLE,full asymmetric surface points define the injected rigid recovery,COMPARABLE_OUTPUT,True,"[[0.9985702841371881, 0.03528885416635782, 0.04015077097393029, 0.01194573645285943], [-0.03596199693111704, 0.9992223581810329, 0.01616829266997453, -0.0006399051200020739], [-0.03954898753320749, -0.017589078508016234, 0.9990628117902982, 2.969816212924914e-05], [0.0, 0.0, 0.0, 1.0]]","[[0.9976555354056281, 0.046898429418292614, 0.049839442137797466, 0.002158363756096335], [-0.04748877644538226, 0.998814171325296, 0.010726941385260178, 0.006037807557308018], [-0.049277264394748464, -0.013068606576820976, 0.998699635894552, 0.001674229105509434], [0.0, 0.0, 0.0, 1.0]]","[11.94573645285943, -0.6399051200020739, 0.02969816212924914]","[2.158363756096335, 6.037807557308018, 1.674229105509434]",11.96198114568764,"[-0.01688753712296026, 0.03987077735951733, -0.03564410826325304]","[-0.011907362256818934, 0.04959829175888472, -0.04723163570003473]",0.912557901443512,1.5518369645433325,1.5565091644751305,2.6890219686975114,2.9430261292487585,1.0,0.0011768504502237844,48,True,0.00030432455241680145,0.004740176722407341,0.02025613561272621,0
public_sf_013,0,public_sf_013_f000,direct,combined,combined,artificial,WORLD_FIXED,OPEN3D_HUBER_SINGLE_FRAME,WORLD_FIXED,OUTPUT,,TARGET_POINTS_PRESENT,UNIQUE_COMPARABLE,full asymmetric surface points define the injected rigid recovery,COMPARABLE_OUTPUT,True,"[[0.9998532468524598, -0.01340192913541959, 0.010671131807042399, 0.00031978501309564523], [0.013812247959617814, 0.9991298573952719, -0.03935415947019386, 0.004997232263382643], [-0.010134424744212864, 0.03949577644195145, 0.9991683427122535, -0.002093817048322959], [0.0, 0.0, 0.0, 1.0]]","[[0.9995684907823387, -0.011891002030055524, 0.02685956637474694, -0.01180516678275166], [0.012451378304513816, 0.9997062599277498, -0.0207931969545062, -0.006866895763490138], [-0.026604424696582026, 0.021118663120382845, 0.9994229368263328, 0.003293853512495957], [0.0, 0.0, 0.0, 1.0]]","[0.3197850130956452, 4.997232263382643, -2.093817048322959]","[-11.805166782751659, -6.866895763490138, 3.293853512495957]",17.79884782679946,"[0.0394371189726123, 0.01040598447559275, 0.013611282335530949]","[0.020960479750641817, 0.026737799282511382, 0.012173832637670473]",1.4152341611503365,2.653639441475635,2.6949482804467992,4.142283063294591,4.692454230188694,1.0,0.004115488451198987,55,True,0.00037608295679092407,0.004716956987977028,0.020278390496969223,6144
public_sf_013,0,public_sf_013_f000,direct,combined,combined,artificial,WORLD_FIXED,OPEN3D_HUBER_SINGLE_FRAME,CAMERA_LOCAL,OUTPUT,,TARGET_POINTS_PRESENT,UNIQUE_COMPARABLE,full asymmetric surface points define the injected rigid recovery,COMPARABLE_OUTPUT,True,"[[0.9998177333738004, -0.014512712492730399, 0.01240488643153755, -0.001010311778050145], [0.014979749204210293, 0.9991492141745542, -0.03842466562183425, 0.009466946475767254], [-0.011836686405196375, 0.03860348417531959, 0.9991844994116306, -0.002694502347167241], [0.0, 0.0, 0.0, 1.0]]","[[0.9995390359280213, -0.012142688515387233, 0.027825721404840693, -0.014412168670076482], [0.012683118154599639, 0.9997327387874793, -0.0193284637351681, -0.004776000510420978], [-0.027583585154181665, 0.019672470920134206, 0.9994259050664727, 0.0018121147045302218], [0.0, 0.0, 0.0, 1.0]]","[-1.010311778050145, 9.466946475767253, -2.6945023471672407]","[-14.41216867007648, -4.776000510420978, 1.8121147045302217]",20.069402189810553,"[0.038525945172298466, 0.012124522118961756, 0.014750775727115192]","[0.01950470107255362, 0.02771066823456974, 0.012415598299444098]",1.4152435518338193,2.653655693835683,2.6949590435834536,4.142306585522786,4.69248485712071,1.0,0.004115487385448988,55,True,0.00037608295679092407,0.004716956987977028,0.019240593537688255,0
public_sf_013,1,public_sf_013_f001,direct,combined,combined,artificial,WORLD_FIXED,OPEN3D_HUBER_SINGLE_FRAME,WORLD_FIXED,OUTPUT,,TARGET_POINTS_PRESENT,UNIQUE_COMPARABLE,full asymmetric surface points define the injected rigid recovery,COMPARABLE_OUTPUT,True,"[[0.9998532468524598, -0.01340192913541959, 0.010671131807042399, 0.00031978501309564523], [0.013812247959617814, 0.9991298573952719, -0.03935415947019386, 0.004997232263382643], [-0.010134424744212864, 0.03949577644195145, 0.9991683427122535, -0.002093817048322959], [0.0, 0.0, 0.0, 1.0]]","[[0.9997566208965772, -0.02045559216487487, 0.008262428374395106, 0.002558965051078135], [0.020817190202643804, 0.9987083905951145, -0.046348626160687564, 0.007780621593079803], [-0.007303667950054236, 0.04650934641661321, 0.9988911537952343, -0.0030297056541074598], [0.0, 0.0, 0.0, 1.0]]","[0.3197850130956452, 4.997232263382643, -2.093817048322959]","[2.558965051078135, 7.780621593079803, -3.0297056541074596]",3.692840490138794,"[0.0394371189726123, 0.01040598447559275, 0.013611282335530949]","[0.04644945554012997, 0.007786479492151191, 0.020645489195896524]",0.5885266765719278,1.0616413294703677,1.073447742505519,1.870888954647788,2.21092783454197,1.0,0.0018064960799366316,54,True,0.0003931596875190735,0.004716956987977028,0.02064831368625164,6144
public_sf_013,1,public_sf_013_f001,direct,combined,combined,artificial,WORLD_FIXED,OPEN3D_HUBER_SINGLE_FRAME,CAMERA_LOCAL,OUTPUT,,TARGET_POINTS_PRESENT,UNIQUE_COMPARABLE,full asymmetric surface points define the injected rigid recovery,COMPARABLE_OUTPUT,True,"[[0.999846581467136, -0.014344942387647112, 0.010051674307150102, -0.00045505273416047987], [0.014728498576211372, 0.9991234350404355, -0.0391846000705771, 0.009539204643267095], [-0.009480762531172048, 0.039326634497444786, 0.9991814304524138, -0.0026963936618734224], [0.0, 0.0, 0.0, 1.0]]","[[0.9997397056408052, -0.0215434992841923, 0.007509900387406535, 0.0021492325410103785], [0.021866601934892087, 0.998702669031699, -0.04598728725182456, 0.013281168276399318], [-0.00650943047107343, 0.046139533022700345, 0.9989137954835687, -0.003467052641417446], [0.0, 0.0, 0.0, 1.0]]","[-0.45505273416047987, 9.539204643267094, -2.6963936618734223]","[2.1492325410103783, 13.281168276399319, -3.467052641417446]",4.623689964617836,"[0.039267716105636466, 0.009769228427480504, 0.0145412007881962]","[0.046083718178941815, 0.007012755790489209, 0.021714619746328153]",0.5885245250249251,1.0616377539788817,1.0734439832537972,1.8708828246422184,2.2109198196307225,1.0,0.0018064960462632034,54,True,0.0003931596875190735,0.004716956987977028,0.01963544450700283,0
public_sf_014,0,public_sf_014_f000,direct,combined,strong_combined,artificial,WORLD_FIXED,OPEN3D_HUBER_SINGLE_FRAME,WORLD_FIXED,OUTPUT,,TARGET_POINTS_PRESENT,UNIQUE_COMPARABLE,full asymmetric surface points define the injected rigid recovery,COMPARABLE_OUTPUT,True,"[[0.9999106296300612, 0.01250399419866007, -0.004731055050893568, 0.007498995810620518], [-0.012634932887742202, 0.9995070465254124, -0.028740605716812, -0.01050675903819206], [0.004369350493718802, 0.02879781372130307, 0.9995757073384368, -0.008826929816974305], [0.0, 0.0, 0.0, 1.0]]","[[0.9972352634319591, -0.049632793602385046, 0.05530293994910338, -0.03668093157561842], [0.05677064275406521, 0.9890762897456851, -0.13603377221925578, 0.057269034806527695], [-0.04794709051737544, 0.13879725812181265, 0.9891594399533301, 0.008467394680811632], [0.0, 0.0, 0.0, 1.0]]","[7.498995810620518, -10.50675903819206, -8.826929816974305]","[-36.68093157561842, 57.26903480652769, 8.467394680811632]",82.73160142877698,"[0.02877403728453466, -0.004550966310895948, -0.012571572739416802]","[0.13798006339157476, 0.0518371078086298, 0.05342028836890951]",7.992548935708442,14.060579832567436,13.57680990448033,23.88191104762303,24.965931493068705,1.0,0.005016510759653226,35,True,0.0004261154681444168,0.004693802446126938,0.02094775252044201,6144
public_sf_014,0,public_sf_014_f000,direct,combined,strong_combined,artificial,WORLD_FIXED,OPEN3D_HUBER_SINGLE_FRAME,CAMERA_LOCAL,OUTPUT,,TARGET_POINTS_PRESENT,UNIQUE_COMPARABLE,full asymmetric surface points define the injected rigid recovery,COMPARABLE_OUTPUT,True,"[[0.9998951087501692, 0.013505004776966489, -0.005233196294942105, 0.006996710282066415], [-0.013647336994113373, 0.9995094035915015, -0.028190465145683293, -0.007467786039334477], [0.004849916541177498, 0.028258927405954246, 0.9995888711522396, -0.010265674592117816], [0.0, 0.0, 0.0, 1.0]]","[[0.9976663347968353, -0.04725065331455046, 0.049287525545491255, -0.037730887863912765], [0.05371378974214757, 0.9887870681805011, -0.1393375849889224, 0.06988589099078976], [-0.042151075959999514, 0.14165983749940206, 0.9890175818634656, 0.009358030955807974], [0.0, 0.0, 0.0, 1.0]]","[6.996710282066415, -7.467786039334477, -10.265674592117815]","[-37.73088786391276, 69.88589099078976, 9.358030955807974]",91.48354609119973,"[0.02822943247019721, -0.005042402407364078, -0.013578449010469973]","[0.14107592644677416, 0.04590713077064078, 0.0506896192010376]",7.992564119377272,14.060552012131275,13.576703592580891,23.881809817502663,24.965802158188545,1.0,0.005016516363463367,35,True,0.0004261154681444168,0.004693802446126938,0.020733272656798363,0
public_sf_014,1,public_sf_014_f001,direct,combined,strong_combined,artificial,WORLD_FIXED,OPEN3D_HUBER_SINGLE_FRAME,WORLD_FIXED,OUTPUT,,TARGET_POINTS_PRESENT,UNIQUE_COMPARABLE,full asymmetric surface points define the injected rigid recovery,COMPARABLE_OUTPUT,True,"[[0.9999106296300612, 0.01250399419866007, -0.004731055050893568, 0.007498995810620518], [-0.012634932887742202, 0.9995070465254124, -0.028740605716812, -0.01050675903819206], [0.004369350493718802, 0.02879781372130307, 0.9995757073384368, -0.008826929816974305], [0.0, 0.0, 0.0, 1.0]]","[[0.9991669003530915, 0.03945029335548418, -0.01044890391197844, 0.010810116095065346], [-0.03940310627792511, 0.9992124171989278, 0.00468407206675447, -0.030279285936502493], [0.010625462552099042, -0.004268450496638095, 0.9999344377887542, -0.009474232569370444], [0.0, 0.0, 0.0, 1.0]]","[7.498995810620518, -10.50675903819206, -8.826929816974305]","[10.810116095065347, -30.279285936502493, -9.474232569370445]",20.05829849054329,"[0.02877403728453466, -0.004550966310895948, -0.012571572739416802]","[-0.004477519718059422, -0.010540145609279425, -0.03943778406527851]",2.4731625404276785,3.4479409317942205,3.4044064387905895,6.139551342116542,7.402082512305741,1.0,0.002786403592755904,36,True,0.000319628044962883,0.004693802446126938,0.020677275955677032,6144
public_sf_014,1,public_sf_014_f001,direct,combined,strong_combined,artificial,WORLD_FIXED,OPEN3D_HUBER_SINGLE_FRAME,CAMERA_LOCAL,OUTPUT,,TARGET_POINTS_PRESENT,UNIQUE_COMPARABLE,full asymmetric surface points define the injected rigid recovery,COMPARABLE_OUTPUT,True,"[[0.9999207753747532, 0.011982291873042521, -0.003855859880973729, 0.008068357498014163], [-0.012089495902424753, 0.999503466769122, -0.029097491392416703, -0.007309523324257926], [0.003505290683771959, 0.029141801556796958, 0.9995691413500352, -0.009359244273760198], [0.0, 0.0, 0.0, 1.0]]","[[0.9991631811949501, 0.03951559722754715, -0.010557221231804243, 0.012018586914600032], [-0.03947924153477082, 0.9992137963267558, 0.003630250420011764, -0.029658760723630682], [0.010692372619124908, -0.0032104214712468933, 0.9999376812390612, -0.009384654184107897], [0.0, 0.0, 0.0, 1.0]]","[8.068357498014162, -7.309523324257926, -9.359244273760197]","[12.018586914600032, -29.65876072363068, -9.384654184107896]",22.695668539188844,"[0.029124532844493234, -0.0036811928946862394, -0.012037913549253232]","[-0.0034212970084510907, -0.010627782333177783, -0.039508517560380624]",2.4723598107787033,3.446668489257048,3.402459784171804,6.1365729966990585,7.399307316423563,1.0,0.002786478682178193,36,True,0.000319628044962883,0.004693802446126938,0.021302243694663048,0
public_sf_015,0,public_sf_015_f000,image,none_nonzero,uint16,artificial,WORLD_FIXED,OPEN3D_HUBER_SINGLE_FRAME,WORLD_FIXED,STOPPED_INSUFFICIENT_CORRESPONDENCES,16 correspondences < 24,TARGET_POINTS_PRESENT,UNIQUENESS_UNPROVEN,"the generator knows the injected recovery, but partial image evidence has not been proven globally unique",STOPPED_OR_FAILED,False,"[[0.9999991909128747, -0.0011754614592636204, 0.0004862755944930476, 0.0004642615627415697], [0.0011760702617922018, 0.9999985226913408, -0.001253584410899263, -0.00022333830195133076], [-0.0004848013359529328, 0.001254155290905983, 0.9999990960306768, -0.00010698784907329031], [0.0, 0.0, 0.0, 1.0]]","[[0.9999951772809996, -0.00310454687942647, 8.487293796060195e-05, -0.0003273405894476526], [0.003104581684240318, 0.9999950954598746, -0.00041307234501712, 2.1675217057227866e-06], [-8.359011923817186e-05, 0.00041333384785395327, 0.9999999110839071, 0.00028630395650757357], [0.0, 0.0, 0.0, 1.0]]","[0.4642615627415697, -0.22333830195133075, -0.10698784907329031]","[-0.3273405894476526, 0.0021675217057227866, 0.28630395650757356]",0.9122309401631316,"[0.001253870517620152, 0.00048553872339731794, 0.0011757664857153728]","[0.0004132037724491964, 8.423166640489808e-05, 0.003104569361001194]",0.12272599930326357,1.5994429331702713,1.588069284206469,1.8270631815845322,1.8679917083981696,1.0,0.0005008041624786846,16,True,0.001386146992444992,0.004652003757655621,0.020306700840592384,6144
public_sf_015,0,public_sf_015_f000,image,none_nonzero,uint16,artificial,WORLD_FIXED,OPEN3D_HUBER_SINGLE_FRAME,CAMERA_LOCAL,STOPPED_INSUFFICIENT_CORRESPONDENCES,16 correspondences < 24,TARGET_POINTS_PRESENT,UNIQUENESS_UNPROVEN,"the generator knows the injected recovery, but partial image evidence has not been proven globally unique",STOPPED_OR_FAILED,False,"[[0.9999991752122223, -0.0011878502561921368, 0.0004884533184974739, 0.0004591941853477619], [0.001188455651080414, 0.9999985237509406, -0.0012409952075438933, -0.0002231862123295448], [-0.00048697848094352204, 0.0012415746890929163, 0.9999991106717298, -9.5314148116588e-05], [0.0, 0.0, 0.0, 1.0]]","[[0.9999931227361193, -0.0036926461451149708, -0.0003447389033022329, 0.00011316206578723829], [0.0036925637222965713, 0.9999931538024665, -0.00023941878271429193, -0.00025554892558804764], [0.00034562063199666137, 0.00023814416580014713, 0.9999999119168637, 0.00024182889698740206], [0.0, 0.0, 0.0, 1.0]]","[0.4591941853477619, -0.22318621232954478, -0.09531414811658799]","[0.11316206578723828, -0.25554892558804765, 0.24182889698740206]",0.48420141040582654,"[0.0012412856083441905, 0.00048771615905262824, 0.0011881535854102996]","[0.0002387820239155661, -0.0003451805622292652, 0.0036926134338255098]",0.16176342446371905,1.4733007963123055,1.4594973625937355,1.7858460287835818,1.8420437207382419,1.0,0.00047215842826058794,16,True,0.001386146992444992,0.004652003757655621,0.019190041348338127,0
public_sf_015,1,public_sf_015_f001,image,none_nonzero,uint16,artificial,WORLD_FIXED,OPEN3D_HUBER_SINGLE_FRAME,WORLD_FIXED,STOPPED_INSUFFICIENT_CORRESPONDENCES,14 correspondences < 24,TARGET_POINTS_PRESENT,UNIQUENESS_UNPROVEN,"the generator knows the injected recovery, but partial image evidence has not been proven globally unique",STOPPED_OR_FAILED,False,"[[0.9999969022361446, -0.0022558040979310527, 0.0010520769869598952, -9.20374307799994e-05], [0.002256606259167729, 0.9999971636203049, -0.0007618920765725499, 0.00022637937399993074], [-0.001050355323601575, 0.0007642638399247177, 0.9999991563268827, 0.0004092426270775578], [0.0, 0.0, 0.0, 1.0]]","[[0.9999967614483161, -0.001924065599432574, 0.001665852469134758, -0.00025823089195390085], [0.0019247528597773139, 0.9999980631790916, -0.00041105290912248126, -0.000350285370941006], [-0.0016650583499148764, 0.0004142579322103245, 0.9999985279844451, 0.00028075820930244786], [0.0, 0.0, 0.0, 1.0]]","[-0.0920374307799994, 0.22637937399993074, 0.40924262707755776]","[-0.25823089195390087, -0.350285370941006, 0.2807582093024479]",0.6137350733058732,"[0.0007630788202502196, 0.0010512173427740744, 0.00225620772724369]","[0.000412655877847136, 0.001665457254682028, 0.001924411361656962]",0.0447558676179939,0.49464279907287845,0.49123795401408765,0.5534198078675509,0.5776118692324504,1.0,0.0006378428844461978,14,True,0.00048132985830307007,0.004652003757655621,0.01966932788491249,6144
public_sf_015,1,public_sf_015_f001,image,none_nonzero,uint16,artificial,WORLD_FIXED,OPEN3D_HUBER_SINGLE_FRAME,CAMERA_LOCAL,STOPPED_INSUFFICIENT_CORRESPONDENCES,14 correspondences < 24,TARGET_POINTS_PRESENT,UNIQUENESS_UNPROVEN,"the generator knows the injected recovery, but partial image evidence has not been proven globally unique",STOPPED_OR_FAILED,False,"[[0.9999968911724246, -0.0022510068383130126, 0.0010726666303289259, -9.427370391810502e-05], [0.0022518090343721037, 0.9999971854960992, -0.0007472321949573417, 0.00023324859755314534], [-0.0010709815865238752, 0.0007496453123503146, 0.9999991455148084, 0.00040491723580499], [0.0, 0.0, 0.0, 1.0]]","[[0.9999967582882902, -0.0019091514152229235, 0.0016848008145472983, -0.0004011808939261733], [0.001909833478196498, 0.9999980949339045, -0.0004033170555175122, -0.0002388597837468508], [-0.001684027611563064, 0.0004065334370796057, 0.9999984993896581, 0.00032732302563402845], [0.0, 0.0, 0.0, 1.0]]","[-0.09427370391810502, 0.23324859755314534, 0.40491723580499]","[-0.40118089392617334, -0.2388597837468508, 0.32732302563402843]",0.5684181633484335,"[0.0007484395991184175, 0.0010718253191992597, 0.002251410479617712]","[0.0004049256949150357, 0.001684416079216841, 0.0019094945622354326]",0.04475586763428069,0.3193246057630819,0.319080727016848,0.37775389927459974,0.4028496899391196,1.0,0.0006072778697192058,14,True,0.00048132985830307007,0.004652003757655621,0.018577391281723976,0
public_sf_016,0,public_sf_016_f000,image,hand_partial_nonzero,float32,taco,WORLD_FIXED,OPEN3D_HUBER_SINGLE_FRAME,WORLD_FIXED,STOPPED_INSUFFICIENT_CORRESPONDENCES,14 correspondences < 24,TARGET_POINTS_PRESENT,UNIQUENESS_UNPROVEN,"the generator knows the injected recovery, but partial image evidence has not been proven globally unique",STOPPED_OR_FAILED,False,"[[0.9999981770380851, -0.0016524438556614564, -0.0009567391548410219, -4.739393216725672e-05], [0.0016520219322410407, 0.9999985378948321, -0.00044162397310392473, -0.0006171583272707369], [0.0009574675148086182, 0.0004400426139730305, 0.9999994448090739, 0.00031378016539609894], [0.0, 0.0, 0.0, 1.0]]","[[0.9999906279902075, 0.0017762143576626453, -0.003948290048385081, 0.00264976336362411], [-0.0017674885630958447, 0.9999959906041771, 0.0022124103937269405, -0.0029755923142830627], [0.003952203933233833, -0.0022054111014907594, 0.9999897580705231, 0.0003329539386632713], [0.0, 0.0, 0.0, 1.0]]","[-0.04739393216725672, -0.6171583272707369, 0.31378016539609893]","[2.64976336362411, -2.9755923142830625, 0.3329539386632713]",3.5829088717014215,"[0.0004408335756909586, -0.0009571039474125817, 0.0016522339514521613]","[-0.00220891944462307, -0.003950262543884332, -0.0017718584365856685]",0.3015771971898267,0.5344423873499933,0.5386651678875187,0.8435083439384384,0.9513124973192195,1.0,0.0005533268533167404,14,True,0.0008231606334447861,0.009013134054839611,0.020428523421287537,3072
public_sf_016,0,public_sf_016_f000,image,hand_partial_nonzero,float32,taco,WORLD_FIXED,OPEN3D_HUBER_SINGLE_FRAME,CAMERA_LOCAL,STOPPED_INSUFFICIENT_CORRESPONDENCES,14 correspondences < 24,TARGET_POINTS_PRESENT,UNIQUENESS_UNPROVEN,"the generator knows the injected recovery, but partial image evidence has not been proven globally unique",STOPPED_OR_FAILED,False,"[[0.9999981869562776, -0.001638514560565708, -0.0009702340915943232, -3.529235918406869e-05], [0.001638065374491938, 0.9999985509164206, -0.00046358050836093647, -0.0006208058646635334], [0.0009709922690570261, 0.00046199036099867297, 0.9999994218692927, 0.0003064169504430154], [0.0, 0.0, 0.0, 1.0]]","[[0.9999905618570716, 0.0018049381977461895, -0.003952011498043721, 0.0026687573198107208], [-0.0017963233648241727, 0.9999960053302062, 0.002182325823407092, -0.002946660251209768], [0.003955934674301362, -0.0021752061357120643, 0.9999898094776366, 0.00029163601572407467], [0.0, 0.0, 0.0, 1.0]]","[-0.03529235918406869, -0.6208058646635334, 0.3064169504430154]","[2.668757319810721, -2.946660251209768, 0.29163601572407466]",3.5667494683421976,"[0.0004627857308826108, -0.000970613801560325, 0.0016382910161056564]","[-0.0021787745578865756, -0.003953988653917949, -0.0018006378708027287]",0.3015771973203484,0.5344423875813293,0.5386651679364545,0.8435083442237112,0.9513124973894848,1.0,0.000553326853305423,14,True,0.0008231606334447861,0.009013134054839611,0.018596520647406578,0
public_sf_016,1,public_sf_016_f001,image,hand_partial_nonzero,float32,taco,WORLD_FIXED,OPEN3D_HUBER_SINGLE_FRAME,WORLD_FIXED,STOPPED_INSUFFICIENT_CORRESPONDENCES,6 correspondences < 24,TARGET_POINTS_PRESENT,UNIQUENESS_UNPROVEN,"the generator knows the injected recovery, but partial image evidence has not been proven globally unique",STOPPED_OR_FAILED,False,"[[0.9999985273194235, -0.0003715428256011615, -0.0016755043756803848, 0.0003013667532935458], [0.0003737299768255933, 0.9999990783306072, 0.001305244743574447, -0.00013960432911544856], [0.0016750178770991529, -0.001305869007577363, 0.9999977445080795, -0.00012802771345301296], [0.0, 0.0, 0.0, 1.0]]","[[0.9983315219405234, 0.05663972914530791, -0.011230021472119414, 0.010439601290060638], [-0.056631894190692776, 0.9983946108243976, 0.0010147103893135274, -0.0012219678028030647], [0.011269465838817943, -0.0003770399795239614, 0.9999364264694839, 0.0001973556583606986], [0.0, 0.0, 0.0, 1.0]]","[0.3013667532935458, -0.13960432911544857, -0.12802771345301298]","[10.439601290060638, -1.2219678028030647, 0.1973556583606986]",10.201038405492014,"[-0.001305557887349021, -0.0016752624246742032, 0.0003726366899970373]","[-0.0006962625166721412, -0.011256005394150807, -0.05666733582211232]",3.314113415998981,5.311134154077881,5.300818393594223,9.101323710483866,10.671881216397038,1.0,0.0007160310346455656,6,True,0.0004153735935688019,0.009013134054839611,0.020203646272420883,3072
public_sf_016,1,public_sf_016_f001,image,hand_partial_nonzero,float32,taco,WORLD_FIXED,OPEN3D_HUBER_SINGLE_FRAME,CAMERA_LOCAL,STOPPED_INSUFFICIENT_CORRESPONDENCES,6 correspondences < 24,TARGET_POINTS_PRESENT,UNIQUENESS_UNPROVEN,"the generator knows the injected recovery, but partial image evidence has not been proven globally unique",STOPPED_OR_FAILED,False,"[[0.9999985432992192, -0.00036101544767291524, -0.0016682527643624317, 0.00030634496228523463], [0.0003632134589789801, 0.9999990662163208, 0.0013174378427411638, -0.00014598610958261454], [0.0016677755911626154, -0.0013180418554854451, 0.9999977406425699, -0.00013009548035266237], [0.0, 0.0, 0.0, 1.0]]","[[0.9983319738523339, 0.0567627010556377, -0.01054825829088963, 0.01018113858543959], [-0.05675022706384703, 0.998387312675723, 0.0014783830187843725, -0.0011398898161317055], [0.010615164261791701, -0.0008773009841166791, 0.9999432727063462, 8.396303725014274e-05], [0.0, 0.0, 0.0, 1.0]]","[0.3063449622852346, -0.14598610958261454, -0.13009548035266238]","[10.18113858543959, -1.1398898161317055, 0.08396303725014274]",9.926994244318884,"[-0.0013177408703279128, -0.0016680154704307587, 0.00036211473395536764]","[-0.0011784976020622192, -0.010587601180399947, -0.05678805537038447]",3.314113416000301,5.311134154104585,5.300818393625011,9.101323710607799,10.671881216512677,1.0,0.0007160310346721844,6,True,0.0004153735935688019,0.009013134054839611,0.01853501796722412,0
public_sf_017,0,public_sf_017_f000,image,other_front_nonzero,float32,artificial,CAMERA_LOCAL,OPEN3D_HUBER_SINGLE_FRAME,WORLD_FIXED,STOPPED_INSUFFICIENT_CORRESPONDENCES,9 correspondences < 24,TARGET_POINTS_PRESENT,UNIQUENESS_UNPROVEN,"the generator knows the injected recovery, but partial image evidence has not been proven globally unique",STOPPED_OR_FAILED,False,"[[0.9999916267060238, 0.0005242285422241078, 0.004058534498548039, 9.144513360161271e-06], [-0.0005199059436569979, 0.9999992966219635, -0.0010660456780964428, 3.4715598240032865e-05], [-0.00405909049543578, 0.0010639266955742516, 0.999991195883412, 0.0004641276490306265], [0.0, 0.0, 0.0, 1.0]]","[[0.9999916362276681, 0.0005259069053283315, 0.004055970492776337, 1.1662513000090625e-05], [-0.0005215756737818613, 0.9999992927595548, -0.0010688494780094666, 3.746164359339356e-05], [-0.004056529739551203, 0.001066725042853166, 0.9999912032933865, 0.0004641374713182269], [0.0, 0.0, 0.0, 1.0]]","[0.00914451336016127, 0.03471559824003287, 0.4641276490306265]","[0.011662513000090625, 0.03746164359339356, 0.4641374713182269]",0.0037257460657876174,"[0.0010649893606455088, 0.004058824592829871, -0.0005220687987751179]","[0.0010677904402632027, 0.004056262195530079, -0.0005237428492377358]",0.00023772038972416924,0.00036524908726099866,0.00038506150847320876,0.0005795695455420656,0.0008234622322735068,1.0,0.0006035562217310158,9,True,0.0008725281804800034,0.006229270249605179,0.019998639822006226,6144
public_sf_017,0,public_sf_017_f000,image,other_front_nonzero,float32,artificial,CAMERA_LOCAL,OPEN3D_HUBER_SINGLE_FRAME,CAMERA_LOCAL,STOPPED_INSUFFICIENT_CORRESPONDENCES,9 correspondences < 24,TARGET_POINTS_PRESENT,UNIQUENESS_UNPROVEN,"the generator knows the injected recovery, but partial image evidence has not been proven globally unique",STOPPED_OR_FAILED,False,"[[0.9999916104285037, 0.0005370791814727854, 0.004060864262757371, 1.9620995529964555e-05], [-0.0005328166223037315, 0.9999993060919274, -0.0010506769772532605, 3.328374702831283e-05], [-0.004061425741621812, 0.0010485044665435282, 0.9999912026909682, 0.0004625255928629106], [0.0, 0.0, 0.0, 1.0]]","[[0.9999916198890904, 0.0005387950805781678, 0.004058306476116274, 2.212865108881312e-05], [-0.0005345239050422271, 0.9999993022488654, -0.001053463799698351, 3.6031433996309865e-05], [-0.004058871245541172, 0.0010512857097293988, 0.9999912101426536, 0.0004625008828479275], [0.0, 0.0, 0.0, 1.0]]","[0.019620995529964554, 0.033283747028312834, 0.4625255928629106]","[0.02212865108881312, 0.03603143399630986, 0.4625008828479275]",0.0037200444433857643,"[0.0010495938498278831, 0.004061157104978751, -0.0005349494961090173]","[0.0010523778886478762, 0.004058600947159728, -0.0005366610909627795]",0.00023772038972416924,0.00036524908714748617,0.0003850615083796777,0.0005795695453276169,0.0008234622324347585,1.0,0.0006035562217305681,9,True,0.0008725281804800034,0.006229270249605179,0.018966572359204292,0
public_sf_017,1,public_sf_017_f001,image,other_front_nonzero,float32,artificial,CAMERA_LOCAL,OPEN3D_HUBER_SINGLE_FRAME,WORLD_FIXED,STOPPED_INSUFFICIENT_CORRESPONDENCES,4 correspondences < 24,TARGET_POINTS_PRESENT,UNIQUENESS_UNPROVEN,"the generator knows the injected recovery, but partial image evidence has not been proven globally unique",STOPPED_OR_FAILED,False,"[[0.9999978958208273, -0.0012275859789401197, 0.0016435895419210937, -0.00040360762171531795], [0.0012300186505741805, 0.9999981484659495, -0.0014799049943160448, 0.0004330965680586123], [-0.001641769788137928, 0.0014819235261212098, 0.999997554244322, -0.0001671328193562163], [0.0, 0.0, 0.0, 1.0]]","[[0.9999975362511064, -0.001344111508196983, 0.0017665944555735917, -0.0004897809747030544], [0.001344734993233893, 0.999999033965302, -0.000351790080599688, -0.0005738818710834099], [-0.0017661199038862465, 0.000354164815260529, 0.9999983776925684, -0.00017632012250348673], [0.0, 0.0, 0.0, 1.0]]","[-0.40360762171531794, 0.4330965680586123, -0.1671328193562163]","[-0.4897809747030544, -0.5738818710834098, -0.17632012250348672]",1.0107006630061999,"[0.0014809158402250807, 0.001642681417625553, 0.0012288036257821293]","[0.0003529777451427748, 0.0017663586670309637, 0.0013444243827413545]",0.06535005057065006,0.11942586165826996,0.12242419665612467,0.18943644923855307,0.21068995564510853,1.0,0.0008746141012321556,4,True,0.0004491228610277176,0.006229270249605179,0.019689438864588737,6144
public_sf_017,1,public_sf_017_f001,image,other_front_nonzero,float32,artificial,CAMERA_LOCAL,OPEN3D_HUBER_SINGLE_FRAME,CAMERA_LOCAL,STOPPED_INSUFFICIENT_CORRESPONDENCES,4 correspondences < 24,TARGET_POINTS_PRESENT,UNIQUENESS_UNPROVEN,"the generator knows the injected recovery, but partial image evidence has not been proven globally unique",STOPPED_OR_FAILED,False,"[[0.9999978537162106, -0.0012623055671357338, 0.0016429082833180988, -0.0004018538083016442], [0.001264690077479239, 0.9999981473346877, -0.0014511671854505258, 0.00043900835960865607], [-0.0016410734231418912, 0.0014532418406380193, 0.9999975974802002, -0.0001811766869808895], [0.0, 0.0, 0.0, 1.0]]","[[0.9999981279804936, 0.0006859126620308897, -0.001809298020939478, 0.0030810495048446806], [-0.0006722249588915778, 0.9999712346952092, 0.007554991445614215, -0.007450683949874348], [0.0018144280402245304, -0.00755376104723511, 0.9999698238171632, -0.00043059543208328406], [0.0, 0.0, 0.0, 1.0]]","[-0.4018538083016442, 0.4390083596086561, -0.1811766869808895]","[3.0810495048446804, -7.450683949874348, -0.43059543208328405]",8.627865897048316,"[0.0014522060624199277, 0.001641992605091135, 0.0012634991703495482]","[-0.007554452815374907, -0.0018118813950962558, -0.0006790756933042727]",0.5637821224907703,1.1245677361538435,1.2072223086091398,1.7524981798073556,2.134822399724343,1.0,0.0005853512185831487,4,True,0.0004491228610277176,0.006229270249605179,0.01899714209139347,0
public_sf_018,0,public_sf_018_f000,image,other_behind_nonzero,uint16,taco,CAMERA_LOCAL,OPEN3D_HUBER_SINGLE_FRAME,WORLD_FIXED,STOPPED_INSUFFICIENT_CORRESPONDENCES,20 correspondences < 24,TARGET_POINTS_PRESENT,UNIQUENESS_UNPROVEN,"the generator knows the injected recovery, but partial image evidence has not been proven globally unique",STOPPED_OR_FAILED,False,"[[0.9999986835093853, 0.001162232805438724, -0.0011323402322986629, -0.0002394810908358247], [-0.0011589974423378536, 0.9999952565076681, 0.002853714612926667, 0.0007186589433272929], [0.0011356515417919723, -0.002852398476605069, 0.9999952870481472, -4.64887696815788e-05], [0.0, 0.0, 0.0, 1.0]]","[[0.9996752114596169, 0.02545806413958969, 0.0011655742938311685, -0.0029669012357801026], [-0.025455407640952648, 0.9996734492122646, -0.0022399022047797507, 0.004720077047068188], [-0.0012222172486230454, 0.0022095045414267734, 0.9999968121322582, -0.0002227849049139601], [0.0, 0.0, 0.0, 1.0]]","[-0.2394810908358247, 0.7186589433272929, -0.0464887696815788]","[-2.9669012357801026, 4.720077047068188, -0.2227849049139601]",4.845745331245868,"[-0.002853061667408928, -0.0011339979231269968, -0.0011606172077646216]","[0.0022249460930203195, 0.0011940260278204449, -0.025459513274842326]",1.428540930696524,2.443414544076565,2.5532552769095425,3.682498683215767,4.496516623951848,1.0,0.0006958820602092294,20,True,0.0008155684918165207,0.010390955954790115,0.020145801827311516,3072
public_sf_018,0,public_sf_018_f000,image,other_behind_nonzero,uint16,taco,CAMERA_LOCAL,OPEN3D_HUBER_SINGLE_FRAME,CAMERA_LOCAL,STOPPED_INSUFFICIENT_CORRESPONDENCES,20 correspondences < 24,TARGET_POINTS_PRESENT,UNIQUENESS_UNPROVEN,"the generator knows the injected recovery, but partial image evidence has not been proven globally unique",STOPPED_OR_FAILED,False,"[[0.9999987105980411, 0.001142588438476154, -0.0011284032591900577, -0.00023658828805972647], [-0.0011393536608765278, 0.999995252025338, 0.0028631800530412835, 0.0007280814094927699], [0.0011316693379858688, -0.002861890710867006, 0.9999952644418215, -5.939541793365389e-05], [0.0, 0.0, 0.0, 1.0]]","[[0.9996749970944492, 0.025474443310003755, 0.0009761773701567809, -0.0029169867571638775], [-0.02547230984409504, 0.9996732397526186, -0.002138960894902382, 0.0048541071634664095], [-0.0010303472322573286, 0.0021134002339612506, 0.9999972359581961, -0.00023704275020872064], [0.0, 0.0, 0.0, 1.0]]","[-0.23658828805972648, 0.7280814094927699, -0.05939541793365389]","[-2.9169867571638775, 4.854107163466409, -0.23704275020872065]",4.923432039776123,"[-0.0028625405216163905, -0.0011300383275602293, -0.001140973098281876]","[0.0021264125352984053, 0.0010033717592791112, -0.02547615577715045]",1.4285409293263298,2.443414544362821,2.5532552897901017,3.682498714555408,4.496516600895421,1.0,0.0006958820655793064,20,True,0.0008155684918165207,0.010390955954790115,0.019090332090854645,0
public_sf_018,1,public_sf_018_f001,image,other_behind_nonzero,uint16,taco,CAMERA_LOCAL,OPEN3D_HUBER_SINGLE_FRAME,WORLD_FIXED,STOPPED_INSUFFICIENT_CORRESPONDENCES,21 correspondences < 24,TARGET_POINTS_PRESENT,UNIQUENESS_UNPROVEN,"the generator knows the injected recovery, but partial image evidence has not been proven globally unique",STOPPED_OR_FAILED,False,"[[0.9999986534855424, 0.0009113457287412029, -0.001364725637263374, -2.917702977680344e-05], [-0.0009108662026472714, 0.999999523226119, 0.00035195212097656085, 0.00028589999598681174], [0.0013650457366600004, -0.00035070856460906277, 0.9999990068263266, -0.0005244067892825224], [0.0, 0.0, 0.0, 1.0]]","[[0.9999984953294749, -0.0002165954228272209, -0.0017211697211438942, 0.00020700840671871492], [0.0002205360983134263, 0.99999735437607, 0.002289673489871269, -0.001484788814665967], [0.0017206692347784178, -0.0022900496247218933, 0.9999958974766349, -0.0005357587969055071], [0.0, 0.0, 0.0, 1.0]]","[-0.02917702977680344, 0.28589999598681176, -0.5244067892825224]","[0.20700840671871493, -1.484788814665967, -0.5357587969055071]",1.7864073702995638,"[-0.0003513305077109987, -0.0013648863276534962, -0.0009111063933770349]","[-0.0022898647069368237, -0.001720921845037552, 0.00021856606120138706]",0.13016151956418043,0.22016023240384855,0.2206288037773685,0.3733431989280739,0.4358451373199887,1.0,0.0005058531550778572,21,True,0.0005529690533876419,0.010390955954790115,0.02012326568365097,3072
public_sf_018,1,public_sf_018_f001,image,other_behind_nonzero,uint16,taco,CAMERA_LOCAL,OPEN3D_HUBER_SINGLE_FRAME,CAMERA_LOCAL,STOPPED_INSUFFICIENT_CORRESPONDENCES,21 correspondences < 24,TARGET_POINTS_PRESENT,UNIQUENESS_UNPROVEN,"the generator knows the injected recovery, but partial image evidence has not been proven globally unique",STOPPED_OR_FAILED,False,"[[0.9999986465162606, 0.0009251402648748495, -0.0013605444267668326, -2.6369878393714513e-05], [-0.0009246900104978544, 0.9999995175184262, 0.00033152873062201513, 0.00029305070521691356], [0.0013608504809068751, -0.00033027020006300893, 0.9999990195033011, -0.0005274512952687562], [0.0, 0.0, 0.0, 1.0]]","[[0.9999984801944377, -0.00017279907310603317, -0.0017348629038415968, 0.00022446593709886525], [0.00017675973820653124, 0.9999973781227822, 0.002283090790198151, -0.0014821707793586738], [0.001734463839271711, -0.0022833939742567763, 0.9999958888651235, -0.0005405344497786079], [0.0, 0.0, 0.0, 1.0]]","[-0.026369878393714512, 0.29305070521691357, -0.5274512952687562]","[0.22446593709886525, -1.4821707793586738, -0.5405344497786079]",1.7929029796853226,"[-0.0003308996206702285, -0.0013606980925626616, -0.0009249155718513213]","[-0.0022832455227631554, -0.0017346657575373426, 0.00017477964606043983]",0.13016151858974628,0.22016023858200373,0.22062880025580628,0.3733431876824405,0.43584511336313375,1.0,0.0005058531612466546,21,True,0.0005529690533876419,0.010390955954790115,0.018569231033325195,0
public_sf_019,0,public_sf_019_f000,direct,per_frame_varying,clean,artificial,WORLD_FIXED,OPEN3D_HUBER_SINGLE_FRAME,WORLD_FIXED,OUTPUT,,TARGET_POINTS_PRESENT,UNIQUE_COMPARABLE,full asymmetric surface points define the injected rigid recovery,COMPARABLE_OUTPUT,True,"[[0.999792511135475, 0.018905997274888117, 0.007582739904756526, -0.01820349285224628], [-0.01886635988279863, 0.9998081505222232, -0.005265226880617781, -0.010527097216415237], [-0.007680829525122292, 0.0051210757047300826, 0.9999573888128596, 0.008361875028081197], [0.0, 0.0, 0.0, 1.0]]","[[0.9997925111094235, 0.01890599895416588, 0.007582739152743144, -0.018203488880650813], [-0.01886636156183548, 0.9998081504877161, -0.005265227416802107, -0.010527092791258099], [-0.007680828791970426, 0.0051210762421220095, 0.9999573888157388, 0.00836187239556269], [0.0, 0.0, 0.0, 1.0]]","[-18.203492852246278, -10.527097216415237, 8.361875028081197]","[-18.203488880650813, -10.527092791258099, 8.36187239556269]",6.502748644336506e-06,"[0.005193533844949591, 0.007632346908575894, -0.018887569824772226]","[0.005193534381827191, 0.007632346166011945, -0.018887571504234812]",0.0,5.535849330332515e-06,5.558885557628636e-06,5.707864216238274e-06,5.79049323471386e-06,1.0,0.0005025607710662717,66,True,0.0004318561404943466,0.0031074161330858865,0.021142151206731796,3072
public_sf_019,0,public_sf_019_f000,direct,per_frame_varying,clean,artificial,WORLD_FIXED,OPEN3D_HUBER_SINGLE_FRAME,CAMERA_LOCAL,OUTPUT,,TARGET_POINTS_PRESENT,UNIQUE_COMPARABLE,full asymmetric surface points define the injected rigid recovery,COMPARABLE_OUTPUT,True,"[[0.9997958589112688, 0.01893162444413959, 0.0070593271481394606, -0.01946333418713941], [-0.018890343065108433, 0.9998043339120013, -0.005869312537445697, -0.008577691495035185], [-0.00716906149791663, 0.005734761257957058, 0.9999578576472876, 0.008399750743610795], [0.0, 0.0, 0.0, 1.0]]","[[0.9997958589112685, 0.018931624444139494, 0.007059327148139385, -0.019463334187139306], [-0.018890343065108353, 0.9998043339120012, -0.005869312537445603, -0.008577691495035334], [-0.007169061497916594, 0.0057347612579569185, 0.9999578576472877, 0.008399750743610662], [0.0, 0.0, 0.0, 1.0]]","[-19.46333418713941, -8.577691495035184, 8.399750743610795]","[-19.463334187139306, -8.577691495035333, 8.399750743610662]",2.2568079057028328e-13,"[0.005802464303392756, 0.007114718388489338, -0.018912376827820335]","[0.0058024643033926385, 0.007114718388489283, -0.01891237682782025]",0.0,6.715998662825542e-14,5.594315114139762e-14,1.2429143485324455e-13,2.486410087150353e-13,1.0,0.0005025610157791886,66,True,0.0004318561404943466,0.0031074161330858865,0.022122232243418694,0
public_sf_019,1,public_sf_019_f001,direct,per_frame_varying,clean,artificial,WORLD_FIXED,OPEN3D_HUBER_SINGLE_FRAME,WORLD_FIXED,OUTPUT,,TARGET_POINTS_PRESENT,UNIQUE_COMPARABLE,full asymmetric surface points define the injected rigid recovery,COMPARABLE_OUTPUT,True,"[[0.9999907330397391, -0.0006244483536047062, -0.004259565576332964, 0.0013644017368644528], [0.00029467084841668437, 0.9970321296602048, -0.0769860090817007, 0.004490477489721527], [0.004294997524620217, 0.07698404048561161, 0.9970230742098065, -0.012284595715035351], [0.0, 0.0, 0.0, 1.0]]","[[0.9999907330397304, -0.0006244483449035478, -0.004259565579697582, 0.0013644017582320807], [0.000294670839447218, 0.9970321296595788, -0.0769860090898374, 0.0044904775230387856], [0.004294997527307403, 0.07698404049378474, 0.9970230742091638, -0.012284595728409078], [0.0, 0.0, 0.0, 1.0]]","[1.3644017368644528, 4.490477489721527, -12.284595715035351]","[1.3644017582320807, 4.490477523038786, -12.284595728409078]",4.177884435562809e-08,"[0.0770615114885038, -0.004281531145413021, 0.00046001618590705906]","[0.07706151149668328, -0.004281531148442844, 0.0004600161770630667]",0.0,3.360775937756036e-08,3.364964217846976e-08,3.479905349368582e-08,3.536801800324256e-08,1.0,0.0005025610144332831,66,True,0.00036665983498096466,0.0031074161330858865,0.021602453663945198,6144
public_sf_019,1,public_sf_019_f001,direct,per_frame_varying,clean,artificial,WORLD_FIXED,OPEN3D_HUBER_SINGLE_FRAME,CAMERA_LOCAL,OUTPUT,,TARGET_POINTS_PRESENT,UNIQUE_COMPARABLE,full asymmetric surface points define the injected rigid recovery,COMPARABLE_OUTPUT,True,"[[0.9999947366623009, -0.0029623395055088857, -0.0013233262445869164, 0.0017462343301413094], [0.002851590829693592, 0.9970240002706442, -0.07703902461780206, 0.014442760983543223], [0.001547603772132409, 0.07703484555041573, 0.9970271999768051, -0.01156068259397583], [0.0, 0.0, 0.0, 1.0]]","[[0.9999947366623095, -0.002962339501533021, -0.0013233262469982468, 0.0017462343287851833], [0.0028515908255476313, 0.9970240002708415, -0.07703902461539999, 0.014442760979505444], [0.0015476037742233847, 0.07703484554801278, 0.9970271999769875, -0.011560682600374031], [0.0, 0.0, 0.0, 1.0]]","[1.7462343301413095, 14.442760983543224, -11.56068259397583]","[1.7462343287851834, 14.442760979505444, -11.560682600374031]",7.686333132693154e-09,"[0.07711347336324441, -0.0014368911816800207, 0.0029098533161392376]","[0.07711347336083452, -0.001436891183933317, 0.002909853312074102]",0.0,7.336586266874467e-09,7.334872247038655e-09,7.3782062562606384e-09,7.389937523510105e-09,1.0,0.0005025610155452259,66,True,0.00036665983498096466,0.0031074161330858865,0.02122410759329796,0
public_sf_019,2,public_sf_019_f002,direct,per_frame_varying,clean,artificial,WORLD_FIXED,OPEN3D_HUBER_SINGLE_FRAME,WORLD_FIXED,OUTPUT,,TARGET_POINTS_PRESENT,UNIQUE_COMPARABLE,full asymmetric surface points define the injected rigid recovery,COMPARABLE_OUTPUT,True,"[[0.998936643430347, -0.027766514082196127, 0.036804933199706125, 0.0015394566089719614], [0.029383423072098774, 0.9985929520378107, -0.044144428742217315, 0.008580568401705197], [-0.03552740999112769, 0.045178942397248, 0.9983469668923668, 0.00013573454631025047], [0.0, 0.0, 0.0, 1.0]]","[[0.9989366434303791, -0.027766514081556788, 0.03680493319931378, 0.0015394566105328522], [0.029383423071445012, 0.9985929520378262, -0.04414442874230439, 0.008580568403345132], [-0.03552740999076226, 0.045178942397300824, 0.9983469668923772, 0.00013573454526119485], [0.0, 0.0, 0.0, 1.0]]","[1.5394566089719615, 8.580568401705197, 0.13573454631025048]","[1.5394566105328522, 8.580568403345131, 0.13573454526119486]",2.495252184079975e-09,"[0.04469240418370369, 0.036191046936548295, 0.02859462263672353]","[0.04469240418377326, 0.036191046936168786, 0.02859462263607626]",0.0,2.1154933569165083e-09,2.1092624001184843e-09,2.1984154978784684e-09,2.2080010359403807e-09,1.0,0.0005025610156813538,66,True,0.0003083422780036926,0.0031074161330858865,0.02829531952738762,6144
public_sf_019,2,public_sf_019_f002,direct,per_frame_varying,clean,artificial,WORLD_FIXED,OPEN3D_HUBER_SINGLE_FRAME,CAMERA_LOCAL,OUTPUT,,TARGET_POINTS_PRESENT,UNIQUE_COMPARABLE,full asymmetric surface points define the injected rigid recovery,COMPARABLE_OUTPUT,True,"[[0.9989391964987951, -0.02621036923904959, 0.037861566828301656, -0.0038232492291876245], [0.027878141591795597, 0.9986330114359299, -0.04421445116467954, 0.013920756353200637], [-0.03665093340870142, 0.045223058441006846, 0.9983043544257997, 0.0013050982683957824], [0.0, 0.0, 0.0, 1.0]]","[[0.9989391964989396, -0.02621036923600082, 0.03786156682660163, -0.0038232492287697635], [0.027878141588605358, 0.9986330114360981, -0.0442144511628976, 0.013920756351790171], [-0.036650933407191576, 0.045223058439064975, 0.9983043544259427, 0.0013050982642365103], [0.0, 0.0, 0.0, 1.0]]","[-3.8232492291876246, 13.920756353200636, 1.3050982683957824]","[-3.8232492287697633, 13.920756351790171, 1.3050982642365103]",4.41175307491766e-09,"[0.04474951266942458, 0.03728187522312531, 0.027062856639976544]","[0.044749512667558, 0.03728187522151644, 0.02706285663685284]",0.0,3.890242452892754e-09,3.883431199879836e-09,4.05146332727334e-09,4.1066519568817166e-09,1.0,0.0005025610155695127,66,True,0.0003083422780036926,0.0031074161330858865,0.022182893007993698,0
public_sf_020,0,public_sf_020_f000,direct,per_frame_varying,clean,taco,WORLD_FIXED,OPEN3D_HUBER_SINGLE_FRAME,WORLD_FIXED,OUTPUT,,TARGET_POINTS_PRESENT,UNIQUE_COMPARABLE,full asymmetric surface points define the injected rigid recovery,COMPARABLE_OUTPUT,True,"[[0.9983152848493966, 0.02109948749039032, -0.05405001076513362, -0.006985360685539111], [-0.022302079264622805, 0.9995147928398856, -0.0217438762578131, -0.01650192589829765], [0.05356500066781181, 0.022912671644386415, 0.9983014575675896, -0.009164091706107944], [0.0, 0.0, 0.0, 1.0]]","[[0.9983142408896687, 0.02112906940096653, -0.05405773638558415, -0.006985224734303463], [-0.02234581979107268, 0.9995081284521667, -0.022003760949250845, -0.016271491896971076], [0.05356622793093689, 0.023174632344354715, 0.9982953448959656, -0.009195591766963449], [0.0, 0.0, 0.0, 1.0]]","[-6.985360685539111, -16.50192589829765, -9.164091706107945]","[-6.985224734303463, -16.271491896971078, -9.19559176696345]",0.23257708675622746,"[0.022342681121868314, -0.05384222465288423, -0.021714785664141697]","[0.022603824291259077, -0.0538468281315285, -0.021751520688052032]",0.015110008704224973,0.028356375274992685,0.02731832195177308,0.046469260182815456,0.05264409726704606,1.0,0.0005984289984895547,1536,True,0.0014390721917152405,0.00606406790514787,0.026516301557421684,3072
public_sf_020,0,public_sf_020_f000,direct,per_frame_varying,clean,taco,WORLD_FIXED,OPEN3D_HUBER_SINGLE_FRAME,CAMERA_LOCAL,OUTPUT,,TARGET_POINTS_PRESENT,UNIQUE_COMPARABLE,full asymmetric surface points define the injected rigid recovery,COMPARABLE_OUTPUT,True,"[[0.9982921410100303, 0.020894728630761698, -0.05455466536471941, -0.0014564074643036162], [-0.02205123054890527, 0.9995428590130866, -0.020683718892500893, -0.013009489973237937], [0.05409754549782009, 0.021851391520720187, 0.9982965352337548, -0.011877424612992807], [0.0, 0.0, 0.0, 1.0]]","[[0.9982909468863166, 0.021000611329850715, -0.05453585690713169, -0.0014850691467997608], [-0.022171858842355945, 0.9995344118204118, -0.020961113097767558, -0.012712017098467239], [0.054070269467584794, 0.022134450763353353, 0.9982917770116648, -0.011895069983880263], [0.0, 0.0, 0.0, 1.0]]","[-1.4564074643036162, -13.009489973237937, -11.877424612992806]","[-1.4850691467997608, -12.71201709846724, -11.895069983880264]",0.29937094445120993,"[0.02128127795563997, -0.054361158990709806, -0.021486834887584575]","[0.02156173728731417, -0.054338232404405315, -0.021600215346928634]",0.017379878018491703,0.030444797421653753,0.028484204449687155,0.052861608662234334,0.06268347257719786,1.0,0.0005983991196574348,1536,True,0.0014390721917152405,0.00606406790514787,0.025378938764333725,0
public_sf_020,1,public_sf_020_f001,direct,per_frame_varying,clean,taco,WORLD_FIXED,OPEN3D_HUBER_SINGLE_FRAME,WORLD_FIXED,OUTPUT,,TARGET_POINTS_PRESENT,UNIQUE_COMPARABLE,full asymmetric surface points define the injected rigid recovery,COMPARABLE_OUTPUT,True,"[[0.9999137119152586, -0.0048580987213680165, 0.012205228415014539, 0.00042421875269268154], [0.004406437804024028, 0.9993142703889939, 0.03676373624636346, 0.005121752868189239], [-0.012375460788532432, -0.036706782394080165, 0.9992494483844088, -3.268630726995465e-05], [0.0, 0.0, 0.0, 1.0]]","[[0.999913510826537, -0.004808052997134347, 0.012241466126498705, 0.00038546815668250587], [0.004358169166310641, 0.9993235680541349, 0.036515923828800124, 0.005342338370710494], [-0.012408756104754707, -0.036459415216506974, 0.9992580916930335, -5.365368123308904e-05], [0.0, 0.0, 0.0, 1.0]]","[0.42421875269268156, 5.121752868189239, -0.03268630726995465]","[0.3854681566825059, 5.342338370710494, -0.05365368123308904]",0.22494266688338266,"[-0.036744584156239594, 0.012293464368725844, 0.004633444112349444]","[-0.036496823564232776, 0.012328203244586902, 0.0045842608945209865]",0.014608676382273941,0.02524979832503374,0.02640760989084244,0.03658102271129747,0.04613855678603859,1.0,0.0005984390094208379,1536,True,0.0012536272406578064,0.00606406790514787,0.027645563706755638,3072
public_sf_020,1,public_sf_020_f001,direct,per_frame_varying,clean,taco,WORLD_FIXED,OPEN3D_HUBER_SINGLE_FRAME,CAMERA_LOCAL,OUTPUT,,TARGET_POINTS_PRESENT,UNIQUE_COMPARABLE,full asymmetric surface points define the injected rigid recovery,COMPARABLE_OUTPUT,True,"[[0.9999009810647134, -0.006489019352038688, 0.012486820799252878, -0.0008658743619130022], [0.006030338923310477, 0.999318135027859, 0.0364266388363177, 0.0011144034126841576], [-0.012714679637875075, -0.03634773214782996, 0.9992583145960886, 0.00026580595912466254], [0.0, 0.0, 0.0, 1.0]]","[[0.9999011222888644, -0.006438768852711459, 0.012501515953286075, -0.00088575240766003], [0.005982734327874327, 0.9993274083329325, 0.036179246047228865, 0.0013628899033496559], [-0.012726057340393667, -0.03610087547754491, 0.9992671185695665, 0.0002535305542398675], [0.0, 0.0, 0.0, 1.0]]","[-0.8658743619130022, 1.1144034126841575, 0.26580595912466254]","[-0.88575240766003, 1.3628899033496558, 0.25353055423986753]",0.249582367788795,"[-0.036396421973431, 0.01260394877852145, 0.006261268087434646]","[-0.036149124711122575, 0.012616950192033708, 0.006212309250485957]",0.01446316419687644,0.025131552781805958,0.02587472365249388,0.03802152534247657,0.04592553587191066,1.0,0.0005984336221963633,1536,True,0.0012536272406578064,0.00606406790514787,0.02680307999253273,0
public_sf_020,2,public_sf_020_f002,direct,per_frame_varying,clean,taco,WORLD_FIXED,OPEN3D_HUBER_SINGLE_FRAME,WORLD_FIXED,OUTPUT,,TARGET_POINTS_PRESENT,UNIQUE_COMPARABLE,full asymmetric surface points define the injected rigid recovery,COMPARABLE_OUTPUT,True,"[[0.9997352676055682, 0.022795461094480465, 0.0031243653936269067, 0.004553515587816553], [-0.02292330643143149, 0.9984843910483994, 0.05003441670448119, -0.011141182000527914], [-0.0019790724780961964, -0.05009279175886488, 0.998742607224669, 0.010975165819781734], [0.0, 0.0, 0.0, 1.0]]","[[0.9997346176769187, 0.02282506582811867, 0.0031161816903802647, 0.004554987203615074], [-0.02295194900525344, 0.9984967707626466, 0.04977355536252957, -0.010915639980436988], [-0.0019754126773051323, -0.049831868784028156, 0.998755667116961, 0.010940783248850228], [0.0, 0.0, 0.0, 1.0]]","[4.553515587816554, -11.141182000527914, 10.975165819781735]","[4.554987203615075, -10.915639980436987, 10.940783248850227]",0.2281524263811677,"[-0.05008896629411797, 0.002553011628546916, -0.0228709642539603]","[-0.04982773595380905, 0.0025470763455977615, -0.0229000079806366]",0.015062954974982633,0.02930273107836218,0.03232897929163964,0.046315238105593154,0.05149588736654193,1.0,0.000598438696500559,1536,True,0.0012572519481182098,0.00606406790514787,0.024947384372353554,3072
public_sf_020,2,public_sf_020_f002,direct,per_frame_varying,clean,taco,WORLD_FIXED,OPEN3D_HUBER_SINGLE_FRAME,CAMERA_LOCAL,OUTPUT,,TARGET_POINTS_PRESENT,UNIQUE_COMPARABLE,full asymmetric surface points define the injected rigid recovery,COMPARABLE_OUTPUT,True,"[[0.9997225472784741, 0.02314731733748958, 0.0043623575182404175, 0.004174433216975984], [-0.023335893043263792, 0.9984882942865992, 0.04976507076766958, -0.014539612304922811], [-0.0032038350320742876, -0.04985306282181033, 0.9987514243135637, 0.010513504406311325], [0.0, 0.0, 0.0, 1.0]]","[[0.9997222575574879, 0.02316588178134867, 0.0043300883885163495, 0.004200410748343689], [-0.023352148727622864, 0.9984985134760777, 0.04955194986947598, -0.014333345312117357], [-0.0031756722064420003, -0.04963930405794039, 0.998762161176864, 0.010482312149785655], [0.0, 0.0, 0.0, 1.0]]","[4.174433216975984, -14.53961230492281, 10.513504406311325]","[4.200410748343689, -14.333345312117357, 10.482312149785654]",0.21022336055759505,"[-0.04983429990933007, 0.0037850127796807127, -0.023253379313538713]","[-0.049620580916680285, 0.0037547685526376734, -0.02327071798733482]",0.012406649946988705,0.024496921878272016,0.026425742403350497,0.03809149252001626,0.04213115495158709,1.0,0.0005984312561389365,1536,True,0.0012572519481182098,0.00606406790514787,0.024521753191947937,0
public_sf_021,0,public_sf_021_f000,direct,symmetric_ambiguous,information_insufficient,artificial,WORLD_FIXED,OPEN3D_HUBER_SINGLE_FRAME,WORLD_FIXED,OUTPUT,,TARGET_POINTS_PRESENT,MULTIPLE_SOLUTIONS,the spherical surface admits multiple rotational explanations,OUTPUT_WITHOUT_UNIQUE_TRUTH,False,"[[0.9996826806243115, 0.015584771158843873, 0.019790224044139205, 0.002205807159204541], [-0.014257575581131266, 0.9977494273192391, -0.06551947666670388, -0.0032065322078867107], [-0.02076679075685713, 0.06521652545219572, 0.9976550231465804, -0.0018181451328401295], [0.0, 0.0, 0.0, 1.0]]","[[0.9828023047266342, 0.1638115014061935, 0.08523744383230049, -0.05942369207107222], [-0.16604381778524213, 0.9859206579360001, 0.019746058602817945, -0.047281067293438485], [-0.08080272519734226, -0.03355962249628697, 0.9961649819877176, 0.016445297233915333], [0.0, 0.0, 0.0, 1.0]]","[2.205807159204541, -3.2065322078867107, -1.8181451328401295]","[-59.42369207107222, -47.28106729343848, 16.445297233915333]",77.93788004215932,"[0.06542157777624169, 0.020295128007375388, -0.014933403015485212]","[-0.02680991682841669, 0.08350935641521554, -0.1658996469155278]",10.761781191151156,17.82486665886004,17.406005365994545,31.139644084751897,40.14723211816939,1.0,0.0006970156641047483,960,False,0.0008849557489156723,0.005416489206254482,0.027557112276554108,6144
public_sf_021,0,public_sf_021_f000,direct,symmetric_ambiguous,information_insufficient,artificial,WORLD_FIXED,OPEN3D_HUBER_SINGLE_FRAME,CAMERA_LOCAL,OUTPUT,,TARGET_POINTS_PRESENT,MULTIPLE_SOLUTIONS,the spherical surface admits multiple rotational explanations,OUTPUT_WITHOUT_UNIQUE_TRUTH,False,"[[0.9996765600978672, 0.01578055758134598, 0.019943650451131407, 0.0017235604804100753], [-0.014444871570336833, 0.9977526679449829, -0.06542904014262531, -0.0001768326848487281], [-0.02093133718164138, 0.06511979431087465, 0.997657903047281, 0.0001717767279003149], [0.0, 0.0, 0.0, 1.0]]","[[0.9835501753675344, 0.16309726211010303, 0.07764235716849621, -0.05310035664250511], [-0.1649802176217045, 0.9861243833680589, 0.01844527908329156, -0.05262834366302199], [-0.0735566470686843, -0.03095131045939515, 0.9968106319922854, 0.012292257975253695], [0.0, 0.0, 0.0, 1.0]]","[1.7235604804100753, -0.1768326848487281, 0.1717767279003149]","[-53.10035664250511, -52.628343663021994, 12.292257975253694]",76.83572709528524,"[0.06532791724065332, 0.020454244731213066, -0.015125101211743737]","[-0.024837185974623397, 0.07602463696752752, -0.16496121399520897]",10.511143732173311,17.49601047967289,17.040244451369816,30.426870523176788,39.53199357394472,1.0,0.0006949612958275148,960,False,0.0008849557489156723,0.005416489206254482,0.027547316625714302,0
public_sf_021,1,public_sf_021_f001,direct,symmetric_ambiguous,information_insufficient,artificial,WORLD_FIXED,OPEN3D_HUBER_SINGLE_FRAME,WORLD_FIXED,OUTPUT,,TARGET_POINTS_PRESENT,MULTIPLE_SOLUTIONS,the spherical surface admits multiple rotational explanations,OUTPUT_WITHOUT_UNIQUE_TRUTH,False,"[[0.9996826806243115, 0.015584771158843873, 0.019790224044139205, 0.002205807159204541], [-0.014257575581131266, 0.9977494273192391, -0.06551947666670388, -0.0032065322078867107], [-0.02076679075685713, 0.06521652545219572, 0.9976550231465804, -0.0018181451328401295], [0.0, 0.0, 0.0, 1.0]]","[[0.993771191783885, -0.07094536322615952, -0.08593936127959878, 0.09987463440300032], [0.08514166308240514, 0.9809214118761418, 0.17476864973581302, -0.2266416949903606], [0.07190073426606516, -0.1809970694780038, 0.9808518467395447, 0.012092175243124548], [0.0, 0.0, 0.0, 1.0]]","[2.205807159204541, -3.2065322078867107, -1.8181451328401295]","[99.87463440300031, -226.6416949903606, 12.092175243124549]",244.2457139762559,"[0.06542157777624169, 0.020295128007375388, -0.014933403015485212]","[-0.1792126707052963, -0.0795100357887967, 0.07862694840025874]",16.059159597377025,30.016101415765405,27.49994063745924,57.0049893188823,62.16312957173659,1.0,0.0007121988103873132,960,False,0.0007800087332725525,0.005416489206254482,0.025072447955608368,6144
public_sf_021,1,public_sf_021_f001,direct,symmetric_ambiguous,information_insufficient,artificial,WORLD_FIXED,OPEN3D_HUBER_SINGLE_FRAME,CAMERA_LOCAL,OUTPUT,,TARGET_POINTS_PRESENT,MULTIPLE_SOLUTIONS,the spherical surface admits multiple rotational explanations,OUTPUT_WITHOUT_UNIQUE_TRUTH,False,"[[0.9997414445253218, 0.011649292416965822, 0.019527879675142988, 0.0015514048582313152], [-0.010329604980802721, 0.9977416627725302, -0.06636922199971253, 0.00045056490325427745], [-0.02025693361206023, 0.06615034659085751, 0.997604023792279, 0.0004972219566686739], [0.0, 0.0, 0.0, 1.0]]","[[0.9994513429933971, 0.013280600449465059, 0.0303420276250043, -0.008442263826746746], [-0.01963254245540844, 0.9753523764304775, 0.21977785390743126, -0.2631253564324077], [-0.02667538688438165, -0.22025296239351985, 0.9750779744673999, 0.02490928993734045], [0.0, 0.0, 0.0, 1.0]]","[1.5514048582313151, 0.45056490325427745, 0.4972219566686739]","[-8.442263826746746, -263.12535643240767, 24.90928993734045]",264.8925985844473,"[0.0663140919326664, 0.019908710795782804, -0.010998455836491308]","[-0.22187182963227756, 0.028749254846386286, -0.01659542687632697]",16.52228106850562,30.471391086177576,29.79252667541226,51.463202305523396,53.705648475706596,1.0,0.0007116107310363073,960,False,0.0007800087332725525,0.005416489206254482,0.02626531571149826,0
public_sf_022,0,public_sf_022_f000,direct,no_target,information_insufficient,artificial,WORLD_FIXED,OPEN3D_HUBER_SINGLE_FRAME,WORLD_FIXED,STOPPED_NO_TARGET_EVIDENCE,common preprocessing produced zero target points,NO_TARGET_POINTS,NO_TARGET_EVIDENCE,the public frame deliberately contains no target measurements,NO_TARGET_EVIDENCE,False,"[[0.9972190745315, 0.03607639912154031, -0.06521204502974774, 0.006950304284150504], [-0.03459851372959164, 0.9991213738609662, 0.023652127639572446, -0.004659030999687877], [0.06600803161920359, -0.02133011300013888, 0.9975910815765945, 0.004394380400206343], [0.0, 0.0, 0.0, 1.0]]",,"[6.950304284150504, -4.659030999687878, 4.394380400206343]",,,"[-0.02251389574625639, -0.06567647772712687, -0.0353732405762247]",,,,,,,,,,,0.000345597043633461,0.004848717711865902,1.0889023542404175e-05,0
public_sf_022,0,public_sf_022_f000,direct,no_target,information_insufficient,artificial,WORLD_FIXED,OPEN3D_HUBER_SINGLE_FRAME,CAMERA_LOCAL,STOPPED_NO_TARGET_EVIDENCE,common preprocessing produced zero target points,NO_TARGET_POINTS,NO_TARGET_EVIDENCE,the public frame deliberately contains no target measurements,NO_TARGET_EVIDENCE,False,"[[0.9972360743179423, 0.03294277930868649, -0.06659568582392501, 0.013275704424628294], [-0.03138446592435015, 0.9992116554363618, 0.02431219732497398, -0.0054983294127410876], [0.06734409682802982, -0.02215493018595051, 0.9974838002147566, 0.0020429213543665253], [0.0, 0.0, 0.0, 1.0]]",,"[13.275704424628294, -5.4983294127410876, 2.042921354366525]",,,"[-0.023257091010388357, -0.06703770777127972, -0.03219619281352343]",,,,,,,,,,,0.000345597043633461,0.004848717711865902,1.7210841178894043e-06,0
public_sf_022,1,public_sf_022_f001,direct,no_target,information_insufficient,artificial,WORLD_FIXED,OPEN3D_HUBER_SINGLE_FRAME,WORLD_FIXED,STOPPED_NO_TARGET_EVIDENCE,common preprocessing produced zero target points,NO_TARGET_POINTS,NO_TARGET_EVIDENCE,the public frame deliberately contains no target measurements,NO_TARGET_EVIDENCE,False,"[[0.9972190745315, 0.03607639912154031, -0.06521204502974774, 0.006950304284150504], [-0.03459851372959164, 0.9991213738609662, 0.023652127639572446, -0.004659030999687877], [0.06600803161920359, -0.02133011300013888, 0.9975910815765945, 0.004394380400206343], [0.0, 0.0, 0.0, 1.0]]",,"[6.950304284150504, -4.659030999687878, 4.394380400206343]",,,"[-0.02251389574625639, -0.06567647772712687, -0.0353732405762247]",,,,,,,,,,,0.0002743806689977646,0.004848717711865902,1.1056661605834961e-05,0
public_sf_022,1,public_sf_022_f001,direct,no_target,information_insufficient,artificial,WORLD_FIXED,OPEN3D_HUBER_SINGLE_FRAME,CAMERA_LOCAL,STOPPED_NO_TARGET_EVIDENCE,common preprocessing produced zero target points,NO_TARGET_POINTS,NO_TARGET_EVIDENCE,the public frame deliberately contains no target measurements,NO_TARGET_EVIDENCE,False,"[[0.9972970455559611, 0.03799062207878788, -0.06289129955262375, 0.013076371035881093], [-0.036358220224928, 0.9989767007609449, 0.026900393284354295, -0.006047537192665497], [0.06384890560868497, -0.0245410670274138, 0.9976577836521546, 0.001421041489557337], [0.0, 0.0, 0.0, 1.0]]",,"[13.076371035881094, -6.047537192665497, 1.4210414895573371]",,,"[-0.025746776017019787, -0.06343427373294942, -0.037212065487973386]",,,,,,,,,,,0.0002743806689977646,0.004848717711865902,1.560896635055542e-06,0
